param;value
filename;./inputData/BrasilMG30n.car
base_seed;1
nRuns;51
iterations;150
antsN;50
stagnation;30
favorites;20
gbPeriod;0
rhoNodes;0.1
rhoCars;0.1
rhoPass;0.1
alphaNodes;1.5
alphaCars;1.5
alphaPass;1.5
betaNodes;1.2
betaCars;1.2
betaPass;1.1
maxMinCars;0
maxMinNodes;0
pBestCars;0
useTBAS;0
sampleCars;1
enforceNoRerent;1
returnFactorCars;0
epsilonEtaCars;1e-06
smGammaCars;0.7
restartTargetCars;mid
exploreCars;0
exploreItersCars;20
exploreRhoMultCars;2
policyQ0;0.1
adaptiveQ0;1
q0Start;0.2
q0End;0.9
eliteKAnts;7
lsTopW;0
lsQuality;High
useReinsertion;1
reinsertionMaxPasses;5
dpCacheCapacity;5000
dpMaxSegmentLenOffset;5
intensifierEnabled;1
intensifierMaxStagnationIterations;3
intensifierResetPheromonesCount;2
intensifierPheromoneReductionGamma;0.3
intensifierArchiveAndResetBest;1
ablationDisableAntDepositsDuringIntensification;0
ablationResetPheromonesOnIntensifierActivation;0
ablationIntensifierOnlyNoAnts;0
ablationIntensifierOnlyRandomInitialTour;0
runSeeds;run0=9176377229071207081,run1=76241568449944305,run2=11569656429252920891,run3=8006770736520076435,run4=10222608011239175760,run5=83674907983555125,run6=16633518659454552880,run7=3348662810425028053,run8=1625020296661546126,run9=8722260422266777814,run10=18422523289718600251,run11=12120595211417451604,run12=11180516292616150398,run13=13235578871255005297,run14=17784125318686945540,run15=15956506419893335137,run16=2899130862535483918,run17=11850605890185619915,run18=13353388233111958045,run19=6644193456908987648,run20=9748498986499756733,run21=9610614758425770644,run22=16467222360164019310,run23=11726302834367551336,run24=8896860786397106362,run25=6737285527070588895,run26=11634350522773239934,run27=7808547232002136844,run28=3287009989320200796,run29=8484872300069380217,run30=8138020970177873692,run31=16735953543485209995,run32=957827445528146549,run33=9178821638437730898,run34=2354512119315649564,run35=10160966691791677292,run36=27474500062045820,run37=7844575079918988844,run38=15524044195614787644,run39=4980590106503615414,run40=3943098024137922559,run41=141425323448007506,run42=16001952662412044218,run43=6069959457317431616,run44=2033442876187297925,run45=7223543130371895193,run46=4350234967155519396,run47=10524526614539617298,run48=3004527168784687515,run49=3975454624479931874,run50=1666912681748276242
stagnationEvents;run0=4,run1=4,run2=3,run3=4,run4=4,run5=4,run6=4,run7=4,run8=4,run9=4,run10=4,run11=4,run12=3,run13=4,run14=3,run15=4,run16=4,run17=4,run18=4,run19=4,run20=4,run21=3,run22=4,run23=4,run24=4,run25=4,run26=3,run27=4,run28=3,run29=4,run30=3,run31=4,run32=4,run33=3,run34=3,run35=4,run36=4,run37=3,run38=4,run39=4,run40=4,run41=3,run42=4,run43=4,run44=4,run45=4,run46=3,run47=3,run48=3,run49=4,run50=4
lkCalls;run0=4,run1=4,run2=3,run3=4,run4=4,run5=4,run6=4,run7=4,run8=4,run9=4,run10=4,run11=4,run12=3,run13=4,run14=3,run15=4,run16=4,run17=4,run18=4,run19=4,run20=4,run21=3,run22=4,run23=4,run24=4,run25=4,run26=3,run27=4,run28=3,run29=4,run30=3,run31=4,run32=4,run33=3,run34=3,run35=4,run36=4,run37=3,run38=4,run39=4,run40=4,run41=3,run42=4,run43=4,run44=4,run45=4,run46=3,run47=3,run48=3,run49=4,run50=4
lkSuccess;run0=0,run1=0,run2=0,run3=0,run4=0,run5=0,run6=0,run7=0,run8=0,run9=0,run10=0,run11=0,run12=0,run13=0,run14=0,run15=0,run16=0,run17=0,run18=0,run19=0,run20=0,run21=0,run22=0,run23=0,run24=0,run25=0,run26=0,run27=0,run28=0,run29=0,run30=0,run31=0,run32=0,run33=0,run34=0,run35=0,run36=0,run37=0,run38=0,run39=0,run40=0,run41=0,run42=0,run43=0,run44=0,run45=0,run46=0,run47=0,run48=0,run49=0,run50=0
tOptCalls;run0=0,run1=0,run2=0,run3=0,run4=0,run5=0,run6=0,run7=0,run8=0,run9=0,run10=0,run11=0,run12=0,run13=0,run14=0,run15=0,run16=0,run17=0,run18=0,run19=0,run20=0,run21=0,run22=0,run23=0,run24=0,run25=0,run26=0,run27=0,run28=0,run29=0,run30=0,run31=0,run32=0,run33=0,run34=0,run35=0,run36=0,run37=0,run38=0,run39=0,run40=0,run41=0,run42=0,run43=0,run44=0,run45=0,run46=0,run47=0,run48=0,run49=0,run50=0
tOptSuccess;run0=0,run1=0,run2=0,run3=0,run4=0,run5=0,run6=0,run7=0,run8=0,run9=0,run10=0,run11=0,run12=0,run13=0,run14=0,run15=0,run16=0,run17=0,run18=0,run19=0,run20=0,run21=0,run22=0,run23=0,run24=0,run25=0,run26=0,run27=0,run28=0,run29=0,run30=0,run31=0,run32=0,run33=0,run34=0,run35=0,run36=0,run37=0,run38=0,run39=0,run40=0,run41=0,run42=0,run43=0,run44=0,run45=0,run46=0,run47=0,run48=0,run49=0,run50=0
kickCalls;run0=4,run1=4,run2=3,run3=4,run4=4,run5=4,run6=4,run7=4,run8=4,run9=4,run10=4,run11=4,run12=3,run13=4,run14=3,run15=4,run16=4,run17=4,run18=4,run19=4,run20=4,run21=3,run22=4,run23=4,run24=4,run25=4,run26=3,run27=4,run28=3,run29=4,run30=3,run31=4,run32=4,run33=3,run34=3,run35=4,run36=4,run37=3,run38=4,run39=4,run40=4,run41=3,run42=4,run43=4,run44=4,run45=4,run46=3,run47=3,run48=3,run49=4,run50=4
kickSuccess;run0=0,run1=0,run2=0,run3=0,run4=1,run5=0,run6=0,run7=0,run8=0,run9=0,run10=0,run11=0,run12=0,run13=0,run14=0,run15=0,run16=0,run17=0,run18=0,run19=0,run20=0,run21=0,run22=0,run23=0,run24=0,run25=0,run26=0,run27=0,run28=0,run29=0,run30=0,run31=0,run32=0,run33=0,run34=0,run35=0,run36=0,run37=0,run38=0,run39=0,run40=0,run41=0,run42=0,run43=0,run44=0,run45=0,run46=0,run47=0,run48=0,run49=0,run50=0
cacheEvalHitRate;run0=67.00%,run1=66.58%,run2=68.02%,run3=67.75%,run4=67.91%,run5=66.03%,run6=67.14%,run7=65.09%,run8=61.52%,run9=67.02%,run10=69.42%,run11=67.39%,run12=67.43%,run13=56.53%,run14=68.10%,run15=69.54%,run16=65.79%,run17=67.06%,run18=68.19%,run19=64.56%,run20=66.58%,run21=69.77%,run22=66.76%,run23=66.32%,run24=67.65%,run25=67.37%,run26=66.61%,run27=71.36%,run28=68.87%,run29=66.48%,run30=65.58%,run31=68.46%,run32=65.85%,run33=67.13%,run34=66.34%,run35=68.43%,run36=66.32%,run37=69.90%,run38=68.09%,run39=69.08%,run40=65.51%,run41=64.14%,run42=65.27%,run43=67.99%,run44=65.11%,run45=67.57%,run46=66.59%,run47=64.43%,run48=69.09%,run49=68.01%,run50=65.55%
cacheReasHitRate;run0=83.49%,run1=82.49%,run2=83.19%,run3=83.29%,run4=82.71%,run5=81.54%,run6=83.29%,run7=82.35%,run8=78.12%,run9=82.20%,run10=85.40%,run11=83.19%,run12=82.68%,run13=74.15%,run14=83.72%,run15=85.30%,run16=81.59%,run17=82.67%,run18=83.59%,run19=81.42%,run20=82.49%,run21=84.06%,run22=82.61%,run23=81.88%,run24=83.18%,run25=82.53%,run26=82.31%,run27=85.50%,run28=83.70%,run29=81.77%,run30=82.36%,run31=83.88%,run32=82.51%,run33=83.15%,run34=84.20%,run35=83.50%,run36=81.79%,run37=85.08%,run38=83.98%,run39=85.01%,run40=81.78%,run41=79.27%,run42=80.95%,run43=84.55%,run44=81.83%,run45=83.79%,run46=81.97%,run47=77.77%,run48=83.80%,run49=82.34%,run50=82.89%
lkSuccessRate;run0=0.00% (cache:67.0%),run1=0.00% (cache:66.6%),run2=0.00% (cache:68.0%),run3=0.00% (cache:67.7%),run4=0.00% (cache:67.9%),run5=0.00% (cache:66.0%),run6=0.00% (cache:67.1%),run7=0.00% (cache:65.1%),run8=0.00% (cache:61.5%),run9=0.00% (cache:67.0%),run10=0.00% (cache:69.4%),run11=0.00% (cache:67.4%),run12=0.00% (cache:67.4%),run13=0.00% (cache:56.5%),run14=0.00% (cache:68.1%),run15=0.00% (cache:69.5%),run16=0.00% (cache:65.8%),run17=0.00% (cache:67.1%),run18=0.00% (cache:68.2%),run19=0.00% (cache:64.6%),run20=0.00% (cache:66.6%),run21=0.00% (cache:69.8%),run22=0.00% (cache:66.8%),run23=0.00% (cache:66.3%),run24=0.00% (cache:67.6%),run25=0.00% (cache:67.4%),run26=0.00% (cache:66.6%),run27=0.00% (cache:71.4%),run28=0.00% (cache:68.9%),run29=0.00% (cache:66.5%),run30=0.00% (cache:65.6%),run31=0.00% (cache:68.5%),run32=0.00% (cache:65.9%),run33=0.00% (cache:67.1%),run34=0.00% (cache:66.3%),run35=0.00% (cache:68.4%),run36=0.00% (cache:66.3%),run37=0.00% (cache:69.9%),run38=0.00% (cache:68.1%),run39=0.00% (cache:69.1%),run40=0.00% (cache:65.5%),run41=0.00% (cache:64.1%),run42=0.00% (cache:65.3%),run43=0.00% (cache:68.0%),run44=0.00% (cache:65.1%),run45=0.00% (cache:67.6%),run46=0.00% (cache:66.6%),run47=0.00% (cache:64.4%),run48=0.00% (cache:69.1%),run49=0.00% (cache:68.0%),run50=0.00% (cache:65.6%)
tOptSuccessRate;run0=N/A,run1=N/A,run2=N/A,run3=N/A,run4=N/A,run5=N/A,run6=N/A,run7=N/A,run8=N/A,run9=N/A,run10=N/A,run11=N/A,run12=N/A,run13=N/A,run14=N/A,run15=N/A,run16=N/A,run17=N/A,run18=N/A,run19=N/A,run20=N/A,run21=N/A,run22=N/A,run23=N/A,run24=N/A,run25=N/A,run26=N/A,run27=N/A,run28=N/A,run29=N/A,run30=N/A,run31=N/A,run32=N/A,run33=N/A,run34=N/A,run35=N/A,run36=N/A,run37=N/A,run38=N/A,run39=N/A,run40=N/A,run41=N/A,run42=N/A,run43=N/A,run44=N/A,run45=N/A,run46=N/A,run47=N/A,run48=N/A,run49=N/A,run50=N/A

run;iter;weibull_k;cost_std;cost_range;cost_mean;cost_cv;global_best;improved;cumul_improvements
0;0;6.0;78.8;184.0;405.4;0.2;277.0;1;1
0;1;6.5;69.7;172.0;388.9;0.2;277.0;0;1
0;2;6.9;66.6;160.0;392.6;0.2;277.0;0;1
0;3;6.2;75.7;191.0;401.0;0.2;277.0;0;1
0;4;6.1;75.7;178.0;398.0;0.2;277.0;0;1
0;5;6.3;74.2;175.0;399.3;0.2;277.0;0;1
0;6;7.1;63.3;158.0;381.4;0.2;277.0;0;1
0;7;6.8;66.6;168.0;387.7;0.2;277.0;0;1
0;8;6.7;66.6;176.0;382.4;0.2;272.0;1;2
0;9;7.9;55.5;135.0;368.0;0.2;272.0;0;2
0;10;6.8;65.6;155.0;381.9;0.2;272.0;0;2
0;11;7.4;59.2;142.0;371.7;0.2;272.0;0;2
0;12;8.3;52.6;136.0;366.7;0.1;272.0;0;2
0;13;8.1;53.9;128.0;367.3;0.1;272.0;0;2
0;14;8.1;53.8;136.0;366.3;0.1;272.0;0;2
0;15;7.6;56.8;140.0;365.7;0.2;272.0;0;2
0;16;9.3;45.2;117.0;352.3;0.1;272.0;0;2
0;17;8.9;47.2;120.0;352.0;0.1;272.0;0;2
0;18;12.3;32.9;82.0;333.6;0.1;272.0;0;2
0;19;9.2;45.5;111.0;347.9;0.1;272.0;0;2
0;20;8.9;43.8;98.0;327.7;0.1;272.0;0;2
0;21;10.2;38.8;86.0;328.1;0.1;272.0;0;2
0;22;12.5;30.0;78.0;308.4;0.1;271.0;1;3
0;23;15.8;24.0;56.0;308.1;0.1;271.0;0;3
0;24;22.1;16.6;44.0;294.9;0.1;271.0;0;3
0;25;14.0;26.7;58.0;306.3;0.1;271.0;0;3
0;26;25.8;14.1;38.0;290.0;0.0;271.0;0;3
0;27;21.8;16.8;42.0;293.7;0.1;271.0;0;3
0;28;28.2;12.9;30.0;291.4;0.0;271.0;0;3
0;29;59.9;6.0;17.0;283.9;0.0;271.0;0;3
0;30;58.5;6.1;14.0;281.4;0.0;271.0;0;3
0;31;60.3;5.9;17.0;280.6;0.0;271.0;0;3
0;32;100.0;1.4;4.0;274.4;0.0;271.0;0;3
0;33;nan;0.0;0.0;275.0;0.0;271.0;0;3
0;34;nan;0.0;0.0;275.0;0.0;271.0;0;3
0;35;nan;0.0;0.0;275.0;0.0;271.0;0;3
0;36;nan;0.0;0.0;275.0;0.0;271.0;0;3
0;37;nan;0.0;0.0;275.0;0.0;271.0;0;3
0;38;nan;0.0;0.0;275.0;0.0;271.0;0;3
0;39;nan;0.0;0.0;275.0;0.0;271.0;0;3
0;40;nan;0.0;0.0;275.0;0.0;271.0;0;3
0;41;nan;0.0;0.0;275.0;0.0;271.0;0;3
0;42;nan;0.0;0.0;275.0;0.0;271.0;0;3
0;43;nan;0.0;0.0;275.0;0.0;271.0;0;3
0;44;nan;0.0;0.0;275.0;0.0;271.0;0;3
0;45;nan;0.0;0.0;275.0;0.0;271.0;0;3
0;46;nan;0.0;0.0;275.0;0.0;271.0;0;3
0;47;nan;0.0;0.0;275.0;0.0;271.0;0;3
0;48;nan;0.0;0.0;275.0;0.0;271.0;0;3
0;49;nan;0.0;0.0;275.0;0.0;271.0;0;3
0;50;nan;0.0;0.0;275.0;0.0;271.0;0;3
0;51;nan;0.0;0.0;275.0;0.0;271.0;0;3
0;52;100.0;0.3;1.0;274.9;0.0;271.0;0;3
0;53;nan;0.0;0.0;275.0;0.0;271.0;0;3
0;54;nan;0.0;0.0;275.0;0.0;271.0;0;3
0;55;nan;0.0;0.0;275.0;0.0;271.0;0;3
0;56;nan;0.0;0.0;275.0;0.0;271.0;0;3
0;57;nan;0.0;0.0;275.0;0.0;271.0;0;3
0;58;nan;0.0;0.0;275.0;0.0;271.0;0;3
0;59;nan;0.0;0.0;275.0;0.0;271.0;0;3
0;60;nan;0.0;0.0;275.0;0.0;271.0;0;3
0;61;nan;0.0;0.0;275.0;0.0;271.0;0;3
0;62;nan;0.0;0.0;275.0;0.0;271.0;0;3
0;63;nan;0.0;0.0;275.0;0.0;271.0;0;3
0;64;nan;0.0;0.0;275.0;0.0;271.0;0;3
0;65;nan;0.0;0.0;275.0;0.0;271.0;0;3
0;66;nan;0.0;0.0;275.0;0.0;271.0;0;3
0;67;nan;0.0;0.0;275.0;0.0;271.0;0;3
0;68;9.2;41.2;93.0;315.7;0.1;271.0;0;3
0;69;9.0;41.4;94.0;312.9;0.1;271.0;0;3
0;70;11.7;31.8;80.0;306.7;0.1;271.0;0;3
0;71;14.3;25.8;57.0;301.1;0.1;271.0;0;3
0;72;23.9;15.3;39.0;293.1;0.1;271.0;0;3
0;73;25.4;14.1;35.0;286.7;0.0;271.0;0;3
0;74;100.0;1.4;4.0;275.7;0.0;271.0;0;3
0;75;nan;0.0;0.0;275.0;0.0;271.0;0;3
0;76;nan;0.0;0.0;275.0;0.0;271.0;0;3
0;77;nan;0.0;0.0;275.0;0.0;271.0;0;3
0;78;nan;0.0;0.0;275.0;0.0;271.0;0;3
0;79;nan;0.0;0.0;275.0;0.0;271.0;0;3
0;80;nan;0.0;0.0;275.0;0.0;271.0;0;3
0;81;nan;0.0;0.0;275.0;0.0;271.0;0;3
0;82;nan;0.0;0.0;275.0;0.0;271.0;0;3
0;83;nan;0.0;0.0;275.0;0.0;271.0;0;3
0;84;nan;0.0;0.0;275.0;0.0;271.0;0;3
0;85;nan;0.0;0.0;275.0;0.0;271.0;0;3
0;86;nan;0.0;0.0;275.0;0.0;271.0;0;3
0;87;nan;0.0;0.0;275.0;0.0;271.0;0;3
0;88;nan;0.0;0.0;275.0;0.0;271.0;0;3
0;89;nan;0.0;0.0;275.0;0.0;271.0;0;3
0;90;nan;0.0;0.0;275.0;0.0;271.0;0;3
0;91;nan;0.0;0.0;275.0;0.0;271.0;0;3
0;92;nan;0.0;0.0;275.0;0.0;271.0;0;3
0;93;nan;0.0;0.0;275.0;0.0;271.0;0;3
0;94;nan;0.0;0.0;275.0;0.0;271.0;0;3
0;95;nan;0.0;0.0;275.0;0.0;271.0;0;3
0;96;nan;0.0;0.0;275.0;0.0;271.0;0;3
0;97;nan;0.0;0.0;275.0;0.0;271.0;0;3
0;98;nan;0.0;0.0;275.0;0.0;271.0;0;3
0;99;nan;0.0;0.0;275.0;0.0;271.0;0;3
0;100;nan;0.0;0.0;275.0;0.0;271.0;0;3
0;101;nan;0.0;0.0;275.0;0.0;271.0;0;3
0;102;nan;0.0;0.0;275.0;0.0;271.0;0;3
0;103;nan;0.0;0.0;275.0;0.0;271.0;0;3
0;104;nan;0.0;0.0;275.0;0.0;271.0;0;3
0;105;nan;0.0;0.0;275.0;0.0;271.0;0;3
0;106;nan;0.0;0.0;275.0;0.0;271.0;0;3
0;107;nan;0.0;0.0;275.0;0.0;271.0;0;3
0;108;nan;0.0;0.0;275.0;0.0;271.0;0;3
0;109;nan;0.0;0.0;275.0;0.0;271.0;0;3
0;110;nan;0.0;0.0;275.0;0.0;271.0;0;3
0;111;nan;0.0;0.0;275.0;0.0;271.0;0;3
0;112;nan;0.0;0.0;275.0;0.0;271.0;0;3
0;113;8.9;41.0;102.0;305.1;0.1;271.0;0;3
0;114;13.8;25.8;66.0;291.3;0.1;271.0;0;3
0;115;23.2;15.3;35.0;284.9;0.1;271.0;0;3
0;116;23.0;15.4;40.0;284.4;0.1;271.0;0;3
0;117;nan;0.0;0.0;275.0;0.0;271.0;0;3
0;118;nan;0.0;0.0;275.0;0.0;271.0;0;3
0;119;nan;0.0;0.0;275.0;0.0;271.0;0;3
0;120;nan;0.0;0.0;275.0;0.0;271.0;0;3
0;121;nan;0.0;0.0;275.0;0.0;271.0;0;3
0;122;nan;0.0;0.0;275.0;0.0;271.0;0;3
0;123;nan;0.0;0.0;275.0;0.0;271.0;0;3
0;124;nan;0.0;0.0;275.0;0.0;271.0;0;3
0;125;nan;0.0;0.0;275.0;0.0;271.0;0;3
0;126;nan;0.0;0.0;275.0;0.0;271.0;0;3
0;127;nan;0.0;0.0;275.0;0.0;271.0;0;3
0;128;nan;0.0;0.0;275.0;0.0;271.0;0;3
0;129;nan;0.0;0.0;275.0;0.0;271.0;0;3
0;130;nan;0.0;0.0;275.0;0.0;271.0;0;3
0;131;nan;0.0;0.0;275.0;0.0;271.0;0;3
0;132;nan;0.0;0.0;275.0;0.0;271.0;0;3
0;133;nan;0.0;0.0;275.0;0.0;271.0;0;3
0;134;nan;0.0;0.0;275.0;0.0;271.0;0;3
0;135;nan;0.0;0.0;275.0;0.0;271.0;0;3
0;136;nan;0.0;0.0;275.0;0.0;271.0;0;3
0;137;nan;0.0;0.0;275.0;0.0;271.0;0;3
0;138;nan;0.0;0.0;275.0;0.0;271.0;0;3
0;139;nan;0.0;0.0;275.0;0.0;271.0;0;3
0;140;nan;0.0;0.0;275.0;0.0;271.0;0;3
0;141;nan;0.0;0.0;275.0;0.0;271.0;0;3
0;142;100.0;1.4;4.0;274.3;0.0;271.0;0;3
0;143;nan;0.0;0.0;275.0;0.0;271.0;0;3
0;144;nan;0.0;0.0;275.0;0.0;271.0;0;3
0;145;nan;0.0;0.0;275.0;0.0;271.0;0;3
0;146;nan;0.0;0.0;275.0;0.0;271.0;0;3
0;147;nan;0.0;0.0;275.0;0.0;271.0;0;3
0;148;nan;0.0;0.0;275.0;0.0;271.0;0;3
0;149;nan;0.0;0.0;275.0;0.0;271.0;0;3
1;0;5.8;82.6;196.0;414.6;0.2;284.0;1;1
1;1;6.2;75.5;173.0;400.7;0.2;281.0;1;2
1;2;6.1;78.4;183.0;409.6;0.2;281.0;0;2
1;3;7.1;63.5;154.0;382.9;0.2;281.0;0;2
1;4;6.6;70.2;166.0;394.4;0.2;281.0;0;2
1;5;6.6;70.3;160.0;394.6;0.2;281.0;0;2
1;6;6.7;69.5;176.0;394.9;0.2;281.0;0;2
1;7;7.0;62.4;160.0;373.7;0.2;273.0;1;3
1;8;7.2;62.8;157.0;384.1;0.2;273.0;0;3
1;9;7.0;63.5;155.0;379.4;0.2;273.0;0;3
1;10;6.7;68.2;166.0;388.3;0.2;273.0;0;3
1;11;8.9;48.5;120.0;360.4;0.1;273.0;0;3
1;12;7.3;59.4;144.0;368.9;0.2;273.0;0;3
1;13;8.8;48.6;131.0;357.4;0.1;273.0;0;3
1;14;9.9;41.7;110.0;343.7;0.1;273.0;0;3
1;15;11.2;36.5;95.0;336.6;0.1;273.0;0;3
1;16;12.9;31.6;76.0;335.4;0.1;273.0;0;3
1;17;9.1;46.5;116.0;352.0;0.1;273.0;0;3
1;18;11.4;35.9;86.0;337.4;0.1;273.0;0;3
1;19;11.1;36.2;98.0;333.0;0.1;273.0;0;3
1;20;12.1;31.3;74.0;311.0;0.1;272.0;1;4
1;21;15.2;25.0;64.0;309.3;0.1;272.0;0;4
1;22;13.1;28.8;68.0;310.7;0.1;272.0;0;4
1;23;26.8;13.6;34.0;291.1;0.0;272.0;0;4
1;24;27.1;13.6;35.0;293.4;0.0;272.0;0;4
1;25;66.8;5.4;14.0;283.0;0.0;272.0;0;4
1;26;46.3;7.7;22.0;282.9;0.0;272.0;0;4
1;27;nan;0.0;0.0;275.0;0.0;272.0;0;4
1;28;nan;0.0;0.0;275.0;0.0;272.0;0;4
1;29;nan;0.0;0.0;275.0;0.0;272.0;0;4
1;30;nan;0.0;0.0;275.0;0.0;272.0;0;4
1;31;nan;0.0;0.0;275.0;0.0;272.0;0;4
1;32;nan;0.0;0.0;275.0;0.0;272.0;0;4
1;33;nan;0.0;0.0;275.0;0.0;272.0;0;4
1;34;nan;0.0;0.0;275.0;0.0;272.0;0;4
1;35;nan;0.0;0.0;275.0;0.0;272.0;0;4
1;36;nan;0.0;0.0;275.0;0.0;272.0;0;4
1;37;nan;0.0;0.0;275.0;0.0;272.0;0;4
1;38;nan;0.0;0.0;275.0;0.0;272.0;0;4
1;39;nan;0.0;0.0;275.0;0.0;272.0;0;4
1;40;nan;0.0;0.0;275.0;0.0;272.0;0;4
1;41;nan;0.0;0.0;275.0;0.0;272.0;0;4
1;42;nan;0.0;0.0;275.0;0.0;272.0;0;4
1;43;nan;0.0;0.0;275.0;0.0;272.0;0;4
1;44;nan;0.0;0.0;275.0;0.0;272.0;0;4
1;45;nan;0.0;0.0;275.0;0.0;272.0;0;4
1;46;nan;0.0;0.0;275.0;0.0;272.0;0;4
1;47;nan;0.0;0.0;275.0;0.0;272.0;0;4
1;48;nan;0.0;0.0;275.0;0.0;272.0;0;4
1;49;nan;0.0;0.0;275.0;0.0;272.0;0;4
1;50;nan;0.0;0.0;275.0;0.0;272.0;0;4
1;51;nan;0.0;0.0;275.0;0.0;272.0;0;4
1;52;nan;0.0;0.0;275.0;0.0;272.0;0;4
1;53;nan;0.0;0.0;275.0;0.0;272.0;0;4
1;54;nan;0.0;0.0;275.0;0.0;272.0;0;4
1;55;nan;0.0;0.0;275.0;0.0;272.0;0;4
1;56;nan;0.0;0.0;275.0;0.0;272.0;0;4
1;57;nan;0.0;0.0;275.0;0.0;272.0;0;4
1;58;nan;0.0;0.0;275.0;0.0;272.0;0;4
1;59;nan;0.0;0.0;275.0;0.0;272.0;0;4
1;60;nan;0.0;0.0;275.0;0.0;272.0;0;4
1;61;nan;0.0;0.0;275.0;0.0;272.0;0;4
1;62;nan;0.0;0.0;275.0;0.0;272.0;0;4
1;63;nan;0.0;0.0;275.0;0.0;272.0;0;4
1;64;nan;0.0;0.0;275.0;0.0;272.0;0;4
1;65;nan;0.0;0.0;275.0;0.0;272.0;0;4
1;66;7.4;51.7;110.0;325.9;0.2;272.0;0;4
1;67;6.6;58.3;123.0;329.7;0.2;272.0;0;4
1;68;12.1;30.6;73.0;304.0;0.1;272.0;0;4
1;69;13.5;27.6;69.0;305.0;0.1;272.0;0;4
1;70;14.6;24.7;62.0;294.6;0.1;272.0;0;4
1;71;21.6;16.8;39.0;290.9;0.1;272.0;0;4
1;72;26.9;13.2;33.0;283.4;0.0;272.0;0;4
1;73;67.8;5.2;15.0;277.7;0.0;272.0;0;4
1;74;nan;0.0;0.0;275.0;0.0;272.0;0;4
1;75;nan;0.0;0.0;275.0;0.0;272.0;0;4
1;76;nan;0.0;0.0;275.0;0.0;272.0;0;4
1;77;nan;0.0;0.0;275.0;0.0;272.0;0;4
1;78;nan;0.0;0.0;275.0;0.0;272.0;0;4
1;79;nan;0.0;0.0;275.0;0.0;272.0;0;4
1;80;nan;0.0;0.0;275.0;0.0;272.0;0;4
1;81;nan;0.0;0.0;275.0;0.0;272.0;0;4
1;82;nan;0.0;0.0;275.0;0.0;272.0;0;4
1;83;nan;0.0;0.0;275.0;0.0;272.0;0;4
1;84;nan;0.0;0.0;275.0;0.0;272.0;0;4
1;85;nan;0.0;0.0;275.0;0.0;272.0;0;4
1;86;nan;0.0;0.0;275.0;0.0;272.0;0;4
1;87;nan;0.0;0.0;275.0;0.0;272.0;0;4
1;88;nan;0.0;0.0;275.0;0.0;272.0;0;4
1;89;nan;0.0;0.0;275.0;0.0;272.0;0;4
1;90;nan;0.0;0.0;275.0;0.0;272.0;0;4
1;91;nan;0.0;0.0;275.0;0.0;272.0;0;4
1;92;nan;0.0;0.0;275.0;0.0;272.0;0;4
1;93;nan;0.0;0.0;275.0;0.0;272.0;0;4
1;94;nan;0.0;0.0;275.0;0.0;272.0;0;4
1;95;nan;0.0;0.0;275.0;0.0;272.0;0;4
1;96;nan;0.0;0.0;275.0;0.0;272.0;0;4
1;97;nan;0.0;0.0;275.0;0.0;272.0;0;4
1;98;nan;0.0;0.0;275.0;0.0;272.0;0;4
1;99;nan;0.0;0.0;275.0;0.0;272.0;0;4
1;100;nan;0.0;0.0;275.0;0.0;272.0;0;4
1;101;nan;0.0;0.0;275.0;0.0;272.0;0;4
1;102;nan;0.0;0.0;275.0;0.0;272.0;0;4
1;103;nan;0.0;0.0;275.0;0.0;272.0;0;4
1;104;nan;0.0;0.0;275.0;0.0;272.0;0;4
1;105;nan;0.0;0.0;275.0;0.0;272.0;0;4
1;106;nan;0.0;0.0;275.0;0.0;272.0;0;4
1;107;nan;0.0;0.0;275.0;0.0;272.0;0;4
1;108;nan;0.0;0.0;275.0;0.0;272.0;0;4
1;109;nan;0.0;0.0;275.0;0.0;272.0;0;4
1;110;nan;0.0;0.0;275.0;0.0;272.0;0;4
1;111;7.2;52.0;118.0;316.4;0.2;272.0;0;4
1;112;10.2;35.3;92.0;298.6;0.1;271.0;1;5
1;113;9.5;38.6;95.0;306.1;0.1;271.0;0;5
1;114;9.9;36.4;87.0;300.1;0.1;271.0;0;5
1;115;8.0;45.4;109.0;306.9;0.1;271.0;0;5
1;116;46.5;7.6;19.0;280.1;0.0;271.0;0;5
1;117;14.2;25.4;61.0;295.0;0.1;271.0;0;5
1;118;15.2;23.5;59.0;291.3;0.1;271.0;0;5
1;119;38.5;9.2;25.0;282.1;0.0;271.0;0;5
1;120;41.8;8.6;22.0;284.7;0.0;271.0;0;5
1;121;43.8;8.1;19.0;281.3;0.0;271.0;0;5
1;122;45.2;7.9;19.0;281.7;0.0;271.0;0;5
1;123;45.5;7.8;18.0;281.7;0.0;271.0;0;5
1;124;70.0;5.1;13.0;280.1;0.0;271.0;0;5
1;125;72.8;4.9;12.0;280.4;0.0;271.0;0;5
1;126;69.3;5.1;12.0;280.0;0.0;271.0;0;5
1;127;69.3;5.1;12.0;280.0;0.0;271.0;0;5
1;128;65.4;5.4;12.0;279.4;0.0;271.0;0;5
1;129;nan;0.0;0.0;276.0;0.0;271.0;0;5
1;130;nan;0.0;0.0;276.0;0.0;271.0;0;5
1;131;nan;0.0;0.0;276.0;0.0;271.0;0;5
1;132;nan;0.0;0.0;276.0;0.0;271.0;0;5
1;133;nan;0.0;0.0;276.0;0.0;271.0;0;5
1;134;nan;0.0;0.0;276.0;0.0;271.0;0;5
1;135;nan;0.0;0.0;276.0;0.0;271.0;0;5
1;136;nan;0.0;0.0;276.0;0.0;271.0;0;5
1;137;nan;0.0;0.0;276.0;0.0;271.0;0;5
1;138;nan;0.0;0.0;276.0;0.0;271.0;0;5
1;139;nan;0.0;0.0;276.0;0.0;271.0;0;5
1;140;nan;0.0;0.0;276.0;0.0;271.0;0;5
1;141;nan;0.0;0.0;276.0;0.0;271.0;0;5
1;142;nan;0.0;0.0;276.0;0.0;271.0;0;5
1;143;nan;0.0;0.0;276.0;0.0;271.0;0;5
1;144;nan;0.0;0.0;276.0;0.0;271.0;0;5
1;145;nan;0.0;0.0;276.0;0.0;271.0;0;5
1;146;nan;0.0;0.0;276.0;0.0;271.0;0;5
1;147;nan;0.0;0.0;276.0;0.0;271.0;0;5
1;148;nan;0.0;0.0;276.0;0.0;271.0;0;5
1;149;nan;0.0;0.0;276.0;0.0;271.0;0;5
2;0;6.2;75.0;184.0;400.0;0.2;278.0;1;1
2;1;6.7;69.1;170.0;394.7;0.2;278.0;0;1
2;2;6.7;68.6;163.0;394.6;0.2;278.0;0;1
2;3;7.0;65.0;157.0;385.1;0.2;278.0;0;1
2;4;6.7;68.8;159.0;392.4;0.2;278.0;0;1
2;5;6.6;69.6;163.0;391.4;0.2;276.0;1;2
2;6;6.4;72.1;166.0;393.1;0.2;276.0;0;2
2;7;6.9;65.5;156.0;383.9;0.2;276.0;0;2
2;8;6.5;69.9;172.0;389.3;0.2;276.0;0;2
2;9;7.3;59.9;143.0;371.6;0.2;276.0;0;2
2;10;7.0;63.6;161.0;377.7;0.2;276.0;0;2
2;11;7.2;62.4;146.0;380.1;0.2;276.0;0;2
2;12;8.4;51.3;128.0;363.3;0.1;276.0;0;2
2;13;9.1;46.3;120.0;350.6;0.1;276.0;1;3
2;14;9.0;46.1;119.0;346.4;0.1;276.0;0;3
2;15;7.9;55.4;132.0;368.6;0.2;276.0;0;3
2;16;9.5;44.9;115.0;354.7;0.1;276.0;0;3
2;17;8.4;51.3;119.0;361.0;0.1;276.0;0;3
2;18;12.2;33.2;97.0;333.7;0.1;276.0;0;3
2;19;12.9;30.7;77.0;325.1;0.1;276.0;0;3
2;20;10.7;36.3;81.0;320.7;0.1;274.0;0;3
2;21;13.9;27.1;71.0;309.6;0.1;274.0;0;3
2;22;22.7;16.5;41.0;300.0;0.1;274.0;0;3
2;23;27.5;13.2;35.0;289.6;0.0;273.0;0;3
2;24;35.6;10.1;27.0;286.0;0.0;273.0;0;3
2;25;80.9;4.4;10.0;277.7;0.0;273.0;0;3
2;26;100.0;0.5;1.0;273.6;0.0;273.0;0;3
2;27;100.0;0.5;1.0;273.6;0.0;273.0;0;3
2;28;100.0;0.5;1.0;273.6;0.0;273.0;0;3
2;29;100.0;0.5;1.0;273.6;0.0;273.0;0;3
2;30;100.0;0.5;1.0;273.6;0.0;273.0;0;3
2;31;100.0;0.5;1.0;273.6;0.0;273.0;0;3
2;32;100.0;0.5;1.0;273.6;0.0;273.0;0;3
2;33;100.0;0.5;1.0;273.6;0.0;273.0;0;3
2;34;100.0;0.5;1.0;273.6;0.0;273.0;0;3
2;35;100.0;0.5;1.0;273.6;0.0;273.0;0;3
2;36;100.0;0.5;1.0;273.6;0.0;273.0;0;3
2;37;100.0;0.5;1.0;273.6;0.0;273.0;0;3
2;38;100.0;0.5;1.0;273.6;0.0;273.0;0;3
2;39;100.0;0.5;1.0;273.6;0.0;273.0;0;3
2;40;100.0;0.5;1.0;273.6;0.0;273.0;0;3
2;41;100.0;0.5;1.0;273.6;0.0;273.0;0;3
2;42;61.5;5.7;13.0;277.0;0.0;273.0;0;3
2;43;100.0;0.5;1.0;273.6;0.0;273.0;0;3
2;44;100.0;0.5;1.0;273.6;0.0;273.0;0;3
2;45;100.0;0.5;1.0;273.6;0.0;273.0;0;3
2;46;100.0;0.5;1.0;273.6;0.0;273.0;0;3
2;47;100.0;0.5;1.0;273.6;0.0;273.0;0;3
2;48;100.0;0.5;1.0;273.6;0.0;273.0;0;3
2;49;100.0;0.5;1.0;273.4;0.0;273.0;0;3
2;50;100.0;0.5;1.0;273.4;0.0;273.0;0;3
2;51;100.0;0.5;1.0;273.4;0.0;273.0;0;3
2;52;100.0;0.5;1.0;273.4;0.0;273.0;0;3
2;53;100.0;0.5;1.0;273.4;0.0;273.0;0;3
2;54;79.5;4.4;13.0;275.3;0.0;273.0;0;3
2;55;100.0;0.5;1.0;273.6;0.0;273.0;0;3
2;56;100.0;0.5;1.0;273.6;0.0;273.0;0;3
2;57;100.0;0.5;1.0;273.6;0.0;273.0;0;3
2;58;100.0;0.5;1.0;273.4;0.0;273.0;0;3
2;59;100.0;0.5;1.0;273.4;0.0;273.0;0;3
2;60;100.0;0.5;1.0;273.4;0.0;273.0;0;3
2;61;100.0;0.5;1.0;273.4;0.0;273.0;0;3
2;62;100.0;0.5;1.0;273.4;0.0;273.0;0;3
2;63;100.0;0.5;1.0;273.4;0.0;273.0;0;3
2;64;78.5;4.5;13.0;275.1;0.0;273.0;0;3
2;65;54.8;6.4;13.0;278.6;0.0;273.0;0;3
2;66;60.6;5.8;13.0;276.9;0.0;273.0;0;3
2;67;78.5;4.5;13.0;275.1;0.0;273.0;0;3
2;68;61.9;5.7;13.0;277.3;0.0;273.0;0;3
2;69;7.6;50.4;110.0;324.3;0.2;273.0;0;3
2;70;8.2;45.6;99.0;316.4;0.1;271.0;0;3
2;71;10.5;35.7;79.0;309.6;0.1;271.0;0;3
2;72;10.1;37.1;79.0;310.3;0.1;271.0;0;3
2;73;11.3;32.5;80.0;303.3;0.1;271.0;0;3
2;74;12.2;30.3;68.0;303.3;0.1;271.0;0;3
2;75;12.8;28.3;59.0;297.7;0.1;271.0;0;3
2;76;26.7;13.4;35.0;287.6;0.0;271.0;0;3
2;77;100.0;2.5;5.0;275.1;0.0;271.0;0;3
2;78;100.0;2.5;5.0;275.1;0.0;271.0;0;3
2;79;100.0;2.4;5.0;275.3;0.0;271.0;0;3
2;80;100.0;2.4;5.0;275.3;0.0;271.0;0;3
2;81;100.0;2.5;5.0;275.1;0.0;271.0;0;3
2;82;100.0;2.5;5.0;275.1;0.0;271.0;0;3
2;83;100.0;2.5;5.0;275.1;0.0;271.0;0;3
2;84;100.0;3.4;9.0;275.7;0.0;271.0;0;3
2;85;100.0;2.3;5.0;275.4;0.0;271.0;0;3
2;86;100.0;2.5;5.0;275.1;0.0;271.0;0;3
2;87;77.6;4.5;13.0;276.3;0.0;271.0;0;3
2;88;100.0;2.3;5.0;275.4;0.0;271.0;0;3
2;89;79.2;4.4;13.0;276.4;0.0;271.0;0;3
2;90;100.0;2.5;5.0;275.1;0.0;271.0;0;3
2;91;100.0;2.5;5.0;275.1;0.0;271.0;0;3
2;92;100.0;2.4;5.0;275.3;0.0;271.0;0;3
2;93;59.7;5.9;13.0;276.7;0.0;271.0;0;3
2;94;100.0;2.3;5.0;274.4;0.0;271.0;0;3
2;95;100.0;2.3;5.0;274.4;0.0;271.0;0;3
2;96;59.7;5.9;13.0;276.7;0.0;271.0;0;3
2;97;100.0;2.3;5.0;274.4;0.0;271.0;0;3
2;98;71.1;5.0;11.0;278.1;0.0;271.0;0;3
2;99;100.0;2.3;5.0;274.4;0.0;271.0;0;3
2;100;100.0;2.3;5.0;274.4;0.0;271.0;0;3
2;101;100.0;2.3;5.0;274.4;0.0;271.0;0;3
2;102;100.0;2.3;5.0;274.4;0.0;271.0;0;3
2;103;61.3;5.7;13.0;277.0;0.0;271.0;0;3
2;104;65.3;5.4;13.0;277.6;0.0;271.0;0;3
2;105;76.2;4.6;13.0;275.6;0.0;271.0;0;3
2;106;61.3;5.7;13.0;277.0;0.0;271.0;0;3
2;107;76.2;4.6;13.0;275.6;0.0;271.0;0;3
2;108;65.3;5.4;13.0;277.6;0.0;271.0;0;3
2;109;76.2;4.6;13.0;275.6;0.0;271.0;0;3
2;110;63.1;5.6;13.0;277.3;0.0;271.0;0;3
2;111;100.0;2.3;5.0;274.4;0.0;271.0;0;3
2;112;85.5;4.1;10.0;275.6;0.0;271.0;0;3
2;113;61.3;5.7;13.0;277.0;0.0;271.0;0;3
2;114;59.7;5.9;13.0;276.7;0.0;271.0;0;3
2;115;65.3;5.4;13.0;277.6;0.0;271.0;0;3
2;116;10.4;34.9;85.0;299.4;0.1;271.0;0;3
2;117;8.6;42.6;98.0;305.7;0.1;271.0;0;3
2;118;7.8;46.4;106.0;306.3;0.2;271.0;0;3
2;119;8.7;42.0;98.0;305.9;0.1;271.0;0;3
2;120;10.7;33.9;81.0;301.1;0.1;271.0;0;3
2;121;35.1;10.0;23.0;279.7;0.0;271.0;0;3
2;122;100.0;2.2;5.0;274.6;0.0;271.0;0;3
2;123;100.0;2.3;5.0;274.4;0.0;271.0;0;3
2;124;100.0;2.2;5.0;274.6;0.0;271.0;0;3
2;125;87.3;4.0;13.0;276.3;0.0;271.0;0;3
2;126;100.0;1.7;5.0;273.9;0.0;271.0;0;3
2;127;87.3;4.0;13.0;276.3;0.0;271.0;0;3
2;128;100.0;0.3;1.0;273.1;0.0;271.0;0;3
2;129;81.5;4.3;13.0;275.7;0.0;271.0;0;3
2;130;100.0;0.3;1.0;273.1;0.0;271.0;0;3
2;131;100.0;2.3;5.0;274.4;0.0;271.0;0;3
2;132;63.1;5.6;13.0;277.3;0.0;271.0;0;3
2;133;79.5;4.4;13.0;275.4;0.0;271.0;0;3
2;134;100.0;0.3;1.0;273.1;0.0;271.0;0;3
2;135;77.9;4.5;13.0;275.1;0.0;271.0;0;3
2;136;87.3;4.0;13.0;276.3;0.0;271.0;0;3
2;137;79.5;4.4;13.0;275.4;0.0;271.0;0;3
2;138;100.0;2.1;6.0;273.9;0.0;271.0;0;3
2;139;84.1;4.2;13.0;276.0;0.0;271.0;0;3
2;140;84.1;4.2;13.0;276.0;0.0;271.0;0;3
2;141;100.0;0.3;1.0;273.1;0.0;271.0;0;3
2;142;81.5;4.3;13.0;275.7;0.0;271.0;0;3
2;143;79.5;4.4;13.0;275.4;0.0;271.0;0;3
2;144;84.1;4.2;13.0;276.0;0.0;271.0;0;3
2;145;79.5;4.4;13.0;275.4;0.0;271.0;0;3
2;146;84.1;4.2;13.0;276.0;0.0;271.0;0;3
2;147;81.5;4.3;13.0;275.7;0.0;271.0;0;3
2;148;84.1;4.2;13.0;276.0;0.0;271.0;0;3
2;149;84.1;4.2;13.0;276.0;0.0;271.0;0;3
3;0;5.7;83.9;193.0;410.7;0.2;278.0;1;1
3;1;6.3;74.4;180.0;400.3;0.2;278.0;0;1
3;2;6.4;71.9;173.0;394.6;0.2;278.0;0;1
3;3;5.9;79.6;182.0;401.9;0.2;271.0;1;2
3;4;7.0;64.1;161.0;382.7;0.2;271.0;0;2
3;5;6.6;68.9;165.0;390.6;0.2;271.0;0;2
3;6;7.4;59.7;144.0;374.4;0.2;271.0;0;2
3;7;6.9;65.2;161.0;384.1;0.2;271.0;0;2
3;8;7.0;63.1;159.0;376.7;0.2;271.0;0;2
3;9;6.9;64.5;158.0;377.1;0.2;271.0;0;2
3;10;8.6;49.8;117.0;357.0;0.1;271.0;0;2
3;11;7.0;64.0;154.0;380.3;0.2;271.0;0;2
3;12;9.1;46.1;117.0;351.4;0.1;271.0;0;2
3;13;7.7;56.3;142.0;365.6;0.2;271.0;0;2
3;14;7.7;56.6;135.0;369.4;0.2;271.0;0;2
3;15;12.4;33.1;85.0;336.1;0.1;271.0;0;2
3;16;8.3;51.0;128.0;355.7;0.1;271.0;0;2
3;17;12.3;33.4;81.0;336.6;0.1;271.0;0;2
3;18;13.0;30.6;75.0;326.0;0.1;271.0;0;2
3;19;11.1;37.3;91.0;341.7;0.1;271.0;0;2
3;20;14.4;26.2;61.0;309.3;0.1;271.0;0;2
3;21;10.7;35.6;81.0;316.7;0.1;271.0;0;2
3;22;13.3;28.6;65.0;311.1;0.1;271.0;0;2
3;23;22.8;16.3;35.0;298.4;0.1;271.0;0;2
3;24;14.2;26.3;66.0;305.6;0.1;271.0;0;2
3;25;22.0;16.7;49.0;296.7;0.1;271.0;0;2
3;26;19.5;18.9;44.0;297.4;0.1;271.0;0;2
3;27;26.2;13.8;35.0;289.1;0.0;271.0;0;2
3;28;26.5;13.5;38.0;285.6;0.0;271.0;0;2
3;29;53.7;6.6;20.0;278.6;0.0;271.0;0;2
3;30;100.0;1.9;4.0;275.9;0.0;271.0;0;2
3;31;100.0;2.0;4.0;276.3;0.0;271.0;0;2
3;32;100.0;1.7;4.0;275.3;0.0;271.0;0;2
3;33;100.0;1.4;4.0;274.6;0.0;271.0;0;2
3;34;nan;0.0;0.0;274.0;0.0;271.0;0;2
3;35;nan;0.0;0.0;274.0;0.0;271.0;0;2
3;36;nan;0.0;0.0;274.0;0.0;271.0;0;2
3;37;nan;0.0;0.0;274.0;0.0;271.0;0;2
3;38;nan;0.0;0.0;274.0;0.0;271.0;0;2
3;39;nan;0.0;0.0;274.0;0.0;271.0;0;2
3;40;nan;0.0;0.0;274.0;0.0;271.0;0;2
3;41;nan;0.0;0.0;274.0;0.0;271.0;0;2
3;42;nan;0.0;0.0;274.0;0.0;271.0;0;2
3;43;nan;0.0;0.0;274.0;0.0;271.0;0;2
3;44;nan;0.0;0.0;274.0;0.0;271.0;0;2
3;45;nan;0.0;0.0;274.0;0.0;271.0;0;2
3;46;nan;0.0;0.0;274.0;0.0;271.0;0;2
3;47;nan;0.0;0.0;274.0;0.0;271.0;0;2
3;48;nan;0.0;0.0;274.0;0.0;271.0;0;2
3;49;nan;0.0;0.0;274.0;0.0;271.0;0;2
3;50;nan;0.0;0.0;274.0;0.0;271.0;0;2
3;51;nan;0.0;0.0;274.0;0.0;271.0;0;2
3;52;nan;0.0;0.0;274.0;0.0;271.0;0;2
3;53;nan;0.0;0.0;274.0;0.0;271.0;0;2
3;54;nan;0.0;0.0;274.0;0.0;271.0;0;2
3;55;nan;0.0;0.0;274.0;0.0;271.0;0;2
3;56;nan;0.0;0.0;274.0;0.0;271.0;0;2
3;57;nan;0.0;0.0;274.0;0.0;271.0;0;2
3;58;nan;0.0;0.0;274.0;0.0;271.0;0;2
3;59;nan;0.0;0.0;274.0;0.0;271.0;0;2
3;60;nan;0.0;0.0;274.0;0.0;271.0;0;2
3;61;nan;0.0;0.0;274.0;0.0;271.0;0;2
3;62;nan;0.0;0.0;274.0;0.0;271.0;0;2
3;63;nan;0.0;0.0;274.0;0.0;271.0;0;2
3;64;nan;0.0;0.0;274.0;0.0;271.0;0;2
3;65;nan;0.0;0.0;274.0;0.0;271.0;0;2
3;66;nan;0.0;0.0;274.0;0.0;271.0;0;2
3;67;nan;0.0;0.0;274.0;0.0;271.0;0;2
3;68;nan;0.0;0.0;274.0;0.0;271.0;0;2
3;69;nan;0.0;0.0;274.0;0.0;271.0;0;2
3;70;nan;0.0;0.0;274.0;0.0;271.0;0;2
3;71;nan;0.0;0.0;274.0;0.0;271.0;0;2
3;72;nan;0.0;0.0;274.0;0.0;271.0;0;2
3;73;nan;0.0;0.0;274.0;0.0;271.0;0;2
3;74;11.5;32.5;74.0;308.3;0.1;271.0;0;2
3;75;8.4;45.1;101.0;319.1;0.1;271.0;0;2
3;76;10.7;34.8;85.0;309.1;0.1;271.0;0;2
3;77;13.6;27.0;63.0;299.1;0.1;271.0;0;2
3;78;10.8;33.8;76.0;302.9;0.1;271.0;0;2
3;79;16.6;22.1;55.0;298.9;0.1;271.0;0;2
3;80;100.0;1.0;3.0;274.4;0.0;271.0;0;2
3;81;33.5;10.5;31.0;279.9;0.0;271.0;0;2
3;82;100.0;2.2;5.0;275.6;0.0;271.0;0;2
3;83;nan;0.0;0.0;274.0;0.0;271.0;0;2
3;84;nan;0.0;0.0;274.0;0.0;271.0;0;2
3;85;nan;0.0;0.0;274.0;0.0;271.0;0;2
3;86;nan;0.0;0.0;274.0;0.0;271.0;0;2
3;87;nan;0.0;0.0;274.0;0.0;271.0;0;2
3;88;nan;0.0;0.0;274.0;0.0;271.0;0;2
3;89;nan;0.0;0.0;274.0;0.0;271.0;0;2
3;90;nan;0.0;0.0;274.0;0.0;271.0;0;2
3;91;nan;0.0;0.0;274.0;0.0;271.0;0;2
3;92;nan;0.0;0.0;274.0;0.0;271.0;0;2
3;93;nan;0.0;0.0;274.0;0.0;271.0;0;2
3;94;nan;0.0;0.0;274.0;0.0;271.0;0;2
3;95;nan;0.0;0.0;274.0;0.0;271.0;0;2
3;96;nan;0.0;0.0;274.0;0.0;271.0;0;2
3;97;nan;0.0;0.0;274.0;0.0;271.0;0;2
3;98;nan;0.0;0.0;274.0;0.0;271.0;0;2
3;99;nan;0.0;0.0;274.0;0.0;271.0;0;2
3;100;nan;0.0;0.0;274.0;0.0;271.0;0;2
3;101;nan;0.0;0.0;274.0;0.0;271.0;0;2
3;102;nan;0.0;0.0;274.0;0.0;271.0;0;2
3;103;nan;0.0;0.0;274.0;0.0;271.0;0;2
3;104;nan;0.0;0.0;274.0;0.0;271.0;0;2
3;105;nan;0.0;0.0;274.0;0.0;271.0;0;2
3;106;nan;0.0;0.0;274.0;0.0;271.0;0;2
3;107;nan;0.0;0.0;274.0;0.0;271.0;0;2
3;108;nan;0.0;0.0;274.0;0.0;271.0;0;2
3;109;nan;0.0;0.0;274.0;0.0;271.0;0;2
3;110;nan;0.0;0.0;274.0;0.0;271.0;0;2
3;111;nan;0.0;0.0;274.0;0.0;271.0;0;2
3;112;nan;0.0;0.0;274.0;0.0;271.0;0;2
3;113;nan;0.0;0.0;274.0;0.0;271.0;0;2
3;114;nan;0.0;0.0;274.0;0.0;271.0;0;2
3;115;nan;0.0;0.0;274.0;0.0;271.0;0;2
3;116;nan;0.0;0.0;274.0;0.0;271.0;0;2
3;117;nan;0.0;0.0;274.0;0.0;271.0;0;2
3;118;nan;0.0;0.0;274.0;0.0;271.0;0;2
3;119;10.4;34.7;83.0;300.0;0.1;271.0;0;2
3;120;11.4;31.5;75.0;296.4;0.1;271.0;0;2
3;121;11.3;32.0;77.0;298.1;0.1;271.0;0;2
3;122;nan;0.0;0.0;274.0;0.0;271.0;0;2
3;123;nan;0.0;0.0;274.0;0.0;271.0;0;2
3;124;nan;0.0;0.0;274.0;0.0;271.0;0;2
3;125;nan;0.0;0.0;274.0;0.0;271.0;0;2
3;126;nan;0.0;0.0;274.0;0.0;271.0;0;2
3;127;nan;0.0;0.0;274.0;0.0;271.0;0;2
3;128;nan;0.0;0.0;274.0;0.0;271.0;0;2
3;129;nan;0.0;0.0;274.0;0.0;271.0;0;2
3;130;nan;0.0;0.0;274.0;0.0;271.0;0;2
3;131;nan;0.0;0.0;274.0;0.0;271.0;0;2
3;132;nan;0.0;0.0;274.0;0.0;271.0;0;2
3;133;nan;0.0;0.0;274.0;0.0;271.0;0;2
3;134;nan;0.0;0.0;274.0;0.0;271.0;0;2
3;135;nan;0.0;0.0;274.0;0.0;271.0;0;2
3;136;nan;0.0;0.0;274.0;0.0;271.0;0;2
3;137;nan;0.0;0.0;274.0;0.0;271.0;0;2
3;138;nan;0.0;0.0;274.0;0.0;271.0;0;2
3;139;nan;0.0;0.0;274.0;0.0;271.0;0;2
3;140;nan;0.0;0.0;274.0;0.0;271.0;0;2
3;141;nan;0.0;0.0;274.0;0.0;271.0;0;2
3;142;nan;0.0;0.0;274.0;0.0;271.0;0;2
3;143;nan;0.0;0.0;274.0;0.0;271.0;0;2
3;144;nan;0.0;0.0;274.0;0.0;271.0;0;2
3;145;nan;0.0;0.0;274.0;0.0;271.0;0;2
3;146;nan;0.0;0.0;274.0;0.0;271.0;0;2
3;147;nan;0.0;0.0;274.0;0.0;271.0;0;2
3;148;nan;0.0;0.0;274.0;0.0;271.0;0;2
3;149;nan;0.0;0.0;274.0;0.0;271.0;0;2
4;0;5.9;80.7;196.0;407.6;0.2;280.0;1;1
4;1;6.7;67.3;166.0;385.7;0.2;280.0;0;1
4;2;5.8;81.2;196.0;407.9;0.2;279.0;1;2
4;3;7.6;58.7;142.0;378.1;0.2;279.0;0;2
4;4;6.4;72.0;178.0;393.3;0.2;276.0;1;3
4;5;6.3;73.9;170.0;400.7;0.2;276.0;0;3
4;6;6.6;70.2;167.0;394.0;0.2;276.0;0;3
4;7;7.2;62.0;151.0;377.0;0.2;276.0;0;3
4;8;7.2;62.1;158.0;380.0;0.2;276.0;0;3
4;9;6.5;70.1;165.0;391.9;0.2;276.0;0;3
4;10;6.3;71.2;167.0;386.6;0.2;276.0;0;3
4;11;7.7;55.6;151.0;360.7;0.2;273.0;1;4
4;12;7.3;60.3;155.0;373.1;0.2;273.0;0;4
4;13;8.3;52.2;130.0;364.0;0.1;273.0;0;4
4;14;7.9;55.0;135.0;367.0;0.1;273.0;0;4
4;15;10.3;39.9;109.0;340.1;0.1;273.0;0;4
4;16;11.4;36.2;93.0;340.0;0.1;273.0;0;4
4;17;10.7;38.1;94.0;336.6;0.1;273.0;0;4
4;18;9.5;43.3;113.0;342.7;0.1;273.0;0;4
4;19;14.9;25.9;75.0;315.0;0.1;273.0;0;4
4;20;15.7;23.7;56.0;302.4;0.1;273.0;0;4
4;21;28.0;13.3;35.0;298.7;0.0;273.0;0;4
4;22;17.9;20.8;46.0;301.7;0.1;273.0;0;4
4;23;27.2;13.7;37.0;297.0;0.0;273.0;0;4
4;24;26.1;13.9;33.0;291.6;0.0;273.0;0;4
4;25;26.7;13.7;30.0;291.7;0.0;273.0;0;4
4;26;27.3;13.4;31.0;292.9;0.0;273.0;0;4
4;27;34.3;10.5;28.0;287.3;0.0;273.0;0;4
4;28;57.8;6.2;17.0;281.9;0.0;273.0;0;4
4;29;48.9;7.4;18.0;285.1;0.0;273.0;0;4
4;30;100.0;1.3;4.0;276.0;0.0;273.0;0;4
4;31;100.0;2.3;6.0;276.4;0.0;273.0;0;4
4;32;100.0;0.3;1.0;274.9;0.0;273.0;0;4
4;33;nan;0.0;0.0;275.0;0.0;273.0;0;4
4;34;nan;0.0;0.0;275.0;0.0;273.0;0;4
4;35;nan;0.0;0.0;275.0;0.0;273.0;0;4
4;36;nan;0.0;0.0;275.0;0.0;273.0;0;4
4;37;nan;0.0;0.0;275.0;0.0;273.0;0;4
4;38;nan;0.0;0.0;275.0;0.0;273.0;0;4
4;39;nan;0.0;0.0;275.0;0.0;273.0;0;4
4;40;nan;0.0;0.0;275.0;0.0;273.0;0;4
4;41;nan;0.0;0.0;275.0;0.0;273.0;0;4
4;42;nan;0.0;0.0;275.0;0.0;273.0;0;4
4;43;nan;0.0;0.0;275.0;0.0;273.0;0;4
4;44;nan;0.0;0.0;275.0;0.0;273.0;0;4
4;45;nan;0.0;0.0;275.0;0.0;273.0;0;4
4;46;nan;0.0;0.0;275.0;0.0;273.0;0;4
4;47;nan;0.0;0.0;275.0;0.0;273.0;0;4
4;48;nan;0.0;0.0;275.0;0.0;273.0;0;4
4;49;nan;0.0;0.0;275.0;0.0;273.0;0;4
4;50;100.0;1.4;4.0;274.4;0.0;271.0;1;5
4;51;nan;0.0;0.0;275.0;0.0;271.0;0;5
4;52;nan;0.0;0.0;275.0;0.0;271.0;0;5
4;53;nan;0.0;0.0;275.0;0.0;271.0;0;5
4;54;nan;0.0;0.0;275.0;0.0;271.0;0;5
4;55;nan;0.0;0.0;275.0;0.0;271.0;0;5
4;56;nan;0.0;0.0;275.0;0.0;271.0;0;5
4;57;nan;0.0;0.0;275.0;0.0;271.0;0;5
4;58;nan;0.0;0.0;275.0;0.0;271.0;0;5
4;59;nan;0.0;0.0;275.0;0.0;271.0;0;5
4;60;nan;0.0;0.0;275.0;0.0;271.0;0;5
4;61;nan;0.0;0.0;275.0;0.0;271.0;0;5
4;62;nan;0.0;0.0;275.0;0.0;271.0;0;5
4;63;nan;0.0;0.0;275.0;0.0;271.0;0;5
4;64;nan;0.0;0.0;275.0;0.0;271.0;0;5
4;65;nan;0.0;0.0;275.0;0.0;271.0;0;5
4;66;nan;0.0;0.0;275.0;0.0;271.0;0;5
4;67;nan;0.0;0.0;275.0;0.0;271.0;0;5
4;68;nan;0.0;0.0;275.0;0.0;271.0;0;5
4;69;nan;0.0;0.0;275.0;0.0;271.0;0;5
4;70;nan;0.0;0.0;275.0;0.0;271.0;0;5
4;71;nan;0.0;0.0;275.0;0.0;271.0;0;5
4;72;nan;0.0;0.0;275.0;0.0;271.0;0;5
4;73;nan;0.0;0.0;275.0;0.0;271.0;0;5
4;74;nan;0.0;0.0;275.0;0.0;271.0;0;5
4;75;nan;0.0;0.0;275.0;0.0;271.0;0;5
4;76;nan;0.0;0.0;275.0;0.0;271.0;0;5
4;77;nan;0.0;0.0;275.0;0.0;271.0;0;5
4;78;nan;0.0;0.0;275.0;0.0;271.0;0;5
4;79;nan;0.0;0.0;275.0;0.0;271.0;0;5
4;80;nan;0.0;0.0;275.0;0.0;271.0;0;5
4;81;nan;0.0;0.0;275.0;0.0;271.0;0;5
4;82;nan;0.0;0.0;275.0;0.0;271.0;0;5
4;83;nan;0.0;0.0;275.0;0.0;271.0;0;5
4;84;nan;0.0;0.0;275.0;0.0;271.0;0;5
4;85;nan;0.0;0.0;275.0;0.0;271.0;0;5
4;86;nan;0.0;0.0;275.0;0.0;271.0;0;5
4;87;nan;0.0;0.0;275.0;0.0;271.0;0;5
4;88;nan;0.0;0.0;275.0;0.0;271.0;0;5
4;89;nan;0.0;0.0;275.0;0.0;271.0;0;5
4;90;nan;0.0;0.0;275.0;0.0;271.0;0;5
4;91;nan;0.0;0.0;275.0;0.0;271.0;0;5
4;92;nan;0.0;0.0;275.0;0.0;271.0;0;5
4;93;nan;0.0;0.0;275.0;0.0;271.0;0;5
4;94;nan;0.0;0.0;275.0;0.0;271.0;0;5
4;95;nan;0.0;0.0;275.0;0.0;271.0;0;5
4;96;8.3;43.8;106.0;305.0;0.1;271.0;0;5
4;97;9.0;40.3;99.0;303.7;0.1;271.0;0;5
4;98;10.6;33.9;83.0;297.9;0.1;271.0;0;5
4;99;10.5;34.5;88.0;299.3;0.1;271.0;0;5
4;100;12.6;28.3;66.0;292.6;0.1;271.0;0;5
4;101;24.6;14.5;41.0;286.1;0.1;271.0;0;5
4;102;19.4;18.5;49.0;290.4;0.1;271.0;0;5
4;103;99.5;3.5;10.0;277.0;0.0;271.0;0;5
4;104;100.0;1.4;3.0;275.9;0.0;271.0;0;5
4;105;100.0;1.4;3.0;275.9;0.0;271.0;0;5
4;106;nan;0.0;0.0;275.0;0.0;271.0;0;5
4;107;nan;0.0;0.0;275.0;0.0;271.0;0;5
4;108;nan;0.0;0.0;275.0;0.0;271.0;0;5
4;109;nan;0.0;0.0;275.0;0.0;271.0;0;5
4;110;nan;0.0;0.0;275.0;0.0;271.0;0;5
4;111;nan;0.0;0.0;275.0;0.0;271.0;0;5
4;112;nan;0.0;0.0;275.0;0.0;271.0;0;5
4;113;nan;0.0;0.0;275.0;0.0;271.0;0;5
4;114;nan;0.0;0.0;275.0;0.0;271.0;0;5
4;115;nan;0.0;0.0;275.0;0.0;271.0;0;5
4;116;nan;0.0;0.0;275.0;0.0;271.0;0;5
4;117;nan;0.0;0.0;275.0;0.0;271.0;0;5
4;118;nan;0.0;0.0;275.0;0.0;271.0;0;5
4;119;nan;0.0;0.0;275.0;0.0;271.0;0;5
4;120;nan;0.0;0.0;275.0;0.0;271.0;0;5
4;121;nan;0.0;0.0;275.0;0.0;271.0;0;5
4;122;nan;0.0;0.0;275.0;0.0;271.0;0;5
4;123;nan;0.0;0.0;275.0;0.0;271.0;0;5
4;124;nan;0.0;0.0;275.0;0.0;271.0;0;5
4;125;nan;0.0;0.0;275.0;0.0;271.0;0;5
4;126;nan;0.0;0.0;275.0;0.0;271.0;0;5
4;127;nan;0.0;0.0;275.0;0.0;271.0;0;5
4;128;nan;0.0;0.0;275.0;0.0;271.0;0;5
4;129;nan;0.0;0.0;275.0;0.0;271.0;0;5
4;130;nan;0.0;0.0;275.0;0.0;271.0;0;5
4;131;nan;0.0;0.0;275.0;0.0;271.0;0;5
4;132;nan;0.0;0.0;275.0;0.0;271.0;0;5
4;133;nan;0.0;0.0;275.0;0.0;271.0;0;5
4;134;nan;0.0;0.0;275.0;0.0;271.0;0;5
4;135;nan;0.0;0.0;275.0;0.0;271.0;0;5
4;136;nan;0.0;0.0;275.0;0.0;271.0;0;5
4;137;nan;0.0;0.0;275.0;0.0;271.0;0;5
4;138;nan;0.0;0.0;275.0;0.0;271.0;0;5
4;139;nan;0.0;0.0;275.0;0.0;271.0;0;5
4;140;100.0;0.7;2.0;274.7;0.0;271.0;0;5
4;141;12.5;28.2;82.0;289.1;0.1;271.0;0;5
4;142;10.9;32.8;99.0;295.3;0.1;271.0;0;5
4;143;11.4;31.0;95.0;291.1;0.1;271.0;0;5
4;144;83.8;4.2;12.0;276.7;0.0;271.0;0;5
4;145;nan;0.0;0.0;275.0;0.0;271.0;0;5
4;146;nan;0.0;0.0;275.0;0.0;271.0;0;5
4;147;nan;0.0;0.0;275.0;0.0;271.0;0;5
4;148;nan;0.0;0.0;275.0;0.0;271.0;0;5
4;149;nan;0.0;0.0;275.0;0.0;271.0;0;5
5;0;6.2;75.5;172.0;399.3;0.2;278.0;1;1
5;1;6.1;76.4;176.0;403.1;0.2;278.0;0;1
5;2;6.7;68.4;170.0;388.7;0.2;278.0;0;1
5;3;6.5;70.9;169.0;394.9;0.2;278.0;0;1
5;4;6.7;65.7;157.0;377.7;0.2;271.0;1;2
5;5;7.4;61.1;152.0;385.0;0.2;271.0;0;2
5;6;7.0;64.2;152.0;383.7;0.2;271.0;0;2
5;7;7.3;60.5;151.0;375.7;0.2;271.0;0;2
5;8;8.0;55.1;139.0;370.3;0.1;271.0;0;2
5;9;8.0;55.1;130.0;370.7;0.1;271.0;0;2
5;10;7.9;55.0;142.0;364.4;0.2;271.0;0;2
5;11;8.2;53.1;139.0;364.0;0.1;271.0;0;2
5;12;8.3;52.0;137.0;363.4;0.1;271.0;0;2
5;13;9.4;44.9;107.0;350.7;0.1;271.0;0;2
5;14;8.2;50.8;129.0;352.4;0.1;271.0;0;2
5;15;9.9;41.3;102.0;340.9;0.1;271.0;0;2
5;16;11.7;34.9;85.0;335.6;0.1;271.0;0;2
5;17;10.4;39.9;101.0;343.9;0.1;271.0;0;2
5;18;12.9;30.9;81.0;327.9;0.1;271.0;0;2
5;19;13.0;30.9;75.0;329.1;0.1;271.0;0;2
5;20;13.4;28.4;69.0;311.1;0.1;271.0;0;2
5;21;9.5;40.7;95.0;321.9;0.1;271.0;0;2
5;22;16.0;23.1;58.0;301.1;0.1;271.0;0;2
5;23;12.4;30.5;72.0;311.4;0.1;271.0;0;2
5;24;12.9;29.5;70.0;311.4;0.1;271.0;0;2
5;25;10.6;36.8;79.0;322.7;0.1;271.0;0;2
5;26;16.7;22.5;58.0;304.7;0.1;271.0;0;2
5;27;23.4;15.7;37.0;295.3;0.1;271.0;0;2
5;28;23.7;15.3;35.0;291.6;0.1;271.0;0;2
5;29;40.2;8.8;22.0;280.1;0.0;271.0;0;2
5;30;nan;0.0;0.0;271.0;0.0;271.0;0;2
5;31;nan;0.0;0.0;271.0;0.0;271.0;0;2
5;32;nan;0.0;0.0;271.0;0.0;271.0;0;2
5;33;nan;0.0;0.0;271.0;0.0;271.0;0;2
5;34;nan;0.0;0.0;271.0;0.0;271.0;0;2
5;35;nan;0.0;0.0;271.0;0.0;271.0;0;2
5;36;nan;0.0;0.0;271.0;0.0;271.0;0;2
5;37;nan;0.0;0.0;271.0;0.0;271.0;0;2
5;38;nan;0.0;0.0;271.0;0.0;271.0;0;2
5;39;nan;0.0;0.0;271.0;0.0;271.0;0;2
5;40;nan;0.0;0.0;271.0;0.0;271.0;0;2
5;41;nan;0.0;0.0;271.0;0.0;271.0;0;2
5;42;nan;0.0;0.0;271.0;0.0;271.0;0;2
5;43;nan;0.0;0.0;271.0;0.0;271.0;0;2
5;44;nan;0.0;0.0;271.0;0.0;271.0;0;2
5;45;nan;0.0;0.0;271.0;0.0;271.0;0;2
5;46;nan;0.0;0.0;271.0;0.0;271.0;0;2
5;47;nan;0.0;0.0;271.0;0.0;271.0;0;2
5;48;nan;0.0;0.0;271.0;0.0;271.0;0;2
5;49;nan;0.0;0.0;271.0;0.0;271.0;0;2
5;50;nan;0.0;0.0;271.0;0.0;271.0;0;2
5;51;nan;0.0;0.0;271.0;0.0;271.0;0;2
5;52;nan;0.0;0.0;271.0;0.0;271.0;0;2
5;53;nan;0.0;0.0;271.0;0.0;271.0;0;2
5;54;nan;0.0;0.0;271.0;0.0;271.0;0;2
5;55;nan;0.0;0.0;271.0;0.0;271.0;0;2
5;56;nan;0.0;0.0;271.0;0.0;271.0;0;2
5;57;nan;0.0;0.0;271.0;0.0;271.0;0;2
5;58;nan;0.0;0.0;271.0;0.0;271.0;0;2
5;59;nan;0.0;0.0;271.0;0.0;271.0;0;2
5;60;nan;0.0;0.0;271.0;0.0;271.0;0;2
5;61;nan;0.0;0.0;271.0;0.0;271.0;0;2
5;62;nan;0.0;0.0;271.0;0.0;271.0;0;2
5;63;nan;0.0;0.0;271.0;0.0;271.0;0;2
5;64;nan;0.0;0.0;271.0;0.0;271.0;0;2
5;65;nan;0.0;0.0;271.0;0.0;271.0;0;2
5;66;nan;0.0;0.0;271.0;0.0;271.0;0;2
5;67;nan;0.0;0.0;271.0;0.0;271.0;0;2
5;68;nan;0.0;0.0;271.0;0.0;271.0;0;2
5;69;9.1;41.7;96.0;315.4;0.1;271.0;0;2
5;70;9.2;40.4;88.0;310.4;0.1;271.0;0;2
5;71;9.0;41.2;88.0;309.1;0.1;271.0;0;2
5;72;19.3;18.8;43.0;293.4;0.1;271.0;0;2
5;73;23.1;15.5;36.0;288.7;0.1;271.0;0;2
5;74;16.5;21.7;49.0;290.7;0.1;271.0;0;2
5;75;17.9;20.0;44.0;289.1;0.1;271.0;0;2
5;76;22.9;15.6;35.0;287.6;0.1;271.0;0;2
5;77;22.1;16.2;36.0;287.9;0.1;271.0;0;2
5;78;25.3;14.2;33.0;287.3;0.0;271.0;0;2
5;79;31.0;11.5;33.0;284.4;0.0;271.0;0;2
5;80;33.8;10.4;25.0;280.9;0.0;271.0;0;2
5;81;24.2;14.8;33.0;287.3;0.1;271.0;0;2
5;82;nan;0.0;0.0;271.0;0.0;271.0;0;2
5;83;nan;0.0;0.0;271.0;0.0;271.0;0;2
5;84;nan;0.0;0.0;271.0;0.0;271.0;0;2
5;85;nan;0.0;0.0;271.0;0.0;271.0;0;2
5;86;nan;0.0;0.0;271.0;0.0;271.0;0;2
5;87;nan;0.0;0.0;271.0;0.0;271.0;0;2
5;88;nan;0.0;0.0;271.0;0.0;271.0;0;2
5;89;nan;0.0;0.0;271.0;0.0;271.0;0;2
5;90;nan;0.0;0.0;271.0;0.0;271.0;0;2
5;91;nan;0.0;0.0;271.0;0.0;271.0;0;2
5;92;nan;0.0;0.0;271.0;0.0;271.0;0;2
5;93;nan;0.0;0.0;271.0;0.0;271.0;0;2
5;94;nan;0.0;0.0;271.0;0.0;271.0;0;2
5;95;nan;0.0;0.0;271.0;0.0;271.0;0;2
5;96;nan;0.0;0.0;271.0;0.0;271.0;0;2
5;97;nan;0.0;0.0;271.0;0.0;271.0;0;2
5;98;nan;0.0;0.0;271.0;0.0;271.0;0;2
5;99;nan;0.0;0.0;271.0;0.0;271.0;0;2
5;100;nan;0.0;0.0;271.0;0.0;271.0;0;2
5;101;nan;0.0;0.0;271.0;0.0;271.0;0;2
5;102;nan;0.0;0.0;271.0;0.0;271.0;0;2
5;103;nan;0.0;0.0;271.0;0.0;271.0;0;2
5;104;nan;0.0;0.0;271.0;0.0;271.0;0;2
5;105;nan;0.0;0.0;271.0;0.0;271.0;0;2
5;106;nan;0.0;0.0;271.0;0.0;271.0;0;2
5;107;nan;0.0;0.0;271.0;0.0;271.0;0;2
5;108;nan;0.0;0.0;271.0;0.0;271.0;0;2
5;109;nan;0.0;0.0;271.0;0.0;271.0;0;2
5;110;nan;0.0;0.0;271.0;0.0;271.0;0;2
5;111;nan;0.0;0.0;271.0;0.0;271.0;0;2
5;112;nan;0.0;0.0;271.0;0.0;271.0;0;2
5;113;nan;0.0;0.0;271.0;0.0;271.0;0;2
5;114;11.9;30.1;72.0;295.1;0.1;271.0;0;2
5;115;14.4;24.9;63.0;292.4;0.1;271.0;0;2
5;116;23.8;14.8;36.0;283.1;0.1;271.0;0;2
5;117;22.4;15.6;35.0;280.9;0.1;271.0;0;2
5;118;24.0;14.6;33.0;281.0;0.1;271.0;0;2
5;119;24.4;14.4;33.0;281.7;0.1;271.0;0;2
5;120;28.3;12.6;33.0;284.9;0.0;271.0;0;2
5;121;24.0;14.6;33.0;281.0;0.1;271.0;0;2
5;122;24.6;14.2;33.0;281.1;0.1;271.0;0;2
5;123;25.8;13.7;33.0;282.7;0.0;271.0;0;2
5;124;24.0;14.6;33.0;281.0;0.1;271.0;0;2
5;125;24.3;14.4;33.0;281.6;0.1;271.0;0;2
5;126;24.8;14.2;33.0;281.9;0.1;271.0;0;2
5;127;29.9;11.5;33.0;275.7;0.0;271.0;0;2
5;128;24.4;14.4;33.0;282.1;0.1;271.0;0;2
5;129;23.4;14.9;33.0;280.4;0.1;271.0;0;2
5;130;23.4;14.9;33.0;280.4;0.1;271.0;0;2
5;131;23.4;14.9;33.0;280.4;0.1;271.0;0;2
5;132;23.4;14.9;33.0;280.4;0.1;271.0;0;2
5;133;29.9;11.5;33.0;275.7;0.0;271.0;0;2
5;134;29.9;11.5;33.0;275.7;0.0;271.0;0;2
5;135;29.9;11.5;33.0;275.7;0.0;271.0;0;2
5;136;29.9;11.5;33.0;275.7;0.0;271.0;0;2
5;137;30.4;11.4;33.0;276.4;0.0;271.0;0;2
5;138;29.9;11.5;33.0;275.7;0.0;271.0;0;2
5;139;29.9;11.5;33.0;275.7;0.0;271.0;0;2
5;140;29.9;11.5;33.0;275.7;0.0;271.0;0;2
5;141;nan;0.0;0.0;271.0;0.0;271.0;0;2
5;142;nan;0.0;0.0;271.0;0.0;271.0;0;2
5;143;nan;0.0;0.0;271.0;0.0;271.0;0;2
5;144;nan;0.0;0.0;271.0;0.0;271.0;0;2
5;145;nan;0.0;0.0;271.0;0.0;271.0;0;2
5;146;nan;0.0;0.0;271.0;0.0;271.0;0;2
5;147;nan;0.0;0.0;271.0;0.0;271.0;0;2
5;148;nan;0.0;0.0;271.0;0.0;271.0;0;2
5;149;nan;0.0;0.0;271.0;0.0;271.0;0;2
6;0;7.4;59.4;148.0;373.7;0.2;279.0;1;1
6;1;6.2;75.3;182.0;402.3;0.2;279.0;0;1
6;2;6.2;74.8;176.0;395.9;0.2;277.0;1;2
6;3;6.8;66.2;152.0;384.0;0.2;277.0;0;2
6;4;6.4;71.7;172.0;391.6;0.2;272.0;1;3
6;5;6.5;71.8;166.0;396.7;0.2;272.0;0;3
6;6;6.1;77.6;180.0;404.1;0.2;272.0;0;3
6;7;6.9;65.6;154.0;387.7;0.2;272.0;0;3
6;8;7.8;56.9;137.0;374.6;0.2;272.0;0;3
6;9;7.0;63.7;154.0;380.9;0.2;272.0;0;3
6;10;8.2;53.2;130.0;368.0;0.1;272.0;0;3
6;11;7.7;57.2;142.0;372.1;0.2;272.0;0;3
6;12;8.7;49.5;126.0;362.0;0.1;272.0;0;3
6;13;9.4;45.2;106.0;354.3;0.1;272.0;0;3
6;14;9.6;43.8;113.0;351.0;0.1;272.0;0;3
6;15;9.6;44.4;109.0;354.9;0.1;272.0;0;3
6;16;9.8;42.9;108.0;349.1;0.1;272.0;0;3
6;17;9.8;41.5;110.0;339.0;0.1;272.0;0;3
6;18;12.4;32.3;87.0;328.9;0.1;272.0;0;3
6;19;10.9;37.5;95.0;338.9;0.1;272.0;0;3
6;20;12.8;29.9;73.0;314.4;0.1;271.0;1;4
6;21;16.6;22.7;55.0;306.7;0.1;271.0;0;4
6;22;15.7;23.7;63.0;303.3;0.1;271.0;0;4
6;23;17.0;21.8;60.0;301.4;0.1;271.0;0;4
6;24;17.1;21.7;55.0;302.0;0.1;271.0;0;4
6;25;22.2;16.3;38.0;291.4;0.1;271.0;0;4
6;26;25.5;14.2;36.0;290.0;0.0;271.0;0;4
6;27;48.9;7.3;20.0;283.1;0.0;271.0;0;4
6;28;79.4;4.5;10.0;280.1;0.0;271.0;0;4
6;29;56.4;6.3;16.0;279.3;0.0;271.0;0;4
6;30;87.6;4.0;12.0;278.0;0.0;271.0;0;4
6;31;88.6;4.0;8.0;275.6;0.0;271.0;0;4
6;32;99.8;3.5;8.0;276.1;0.0;271.0;0;4
6;33;88.6;4.0;8.0;275.6;0.0;271.0;0;4
6;34;nan;0.0;0.0;271.0;0.0;271.0;0;4
6;35;nan;0.0;0.0;271.0;0.0;271.0;0;4
6;36;nan;0.0;0.0;271.0;0.0;271.0;0;4
6;37;nan;0.0;0.0;271.0;0.0;271.0;0;4
6;38;nan;0.0;0.0;271.0;0.0;271.0;0;4
6;39;nan;0.0;0.0;271.0;0.0;271.0;0;4
6;40;nan;0.0;0.0;271.0;0.0;271.0;0;4
6;41;nan;0.0;0.0;271.0;0.0;271.0;0;4
6;42;nan;0.0;0.0;271.0;0.0;271.0;0;4
6;43;nan;0.0;0.0;271.0;0.0;271.0;0;4
6;44;nan;0.0;0.0;271.0;0.0;271.0;0;4
6;45;nan;0.0;0.0;271.0;0.0;271.0;0;4
6;46;nan;0.0;0.0;271.0;0.0;271.0;0;4
6;47;nan;0.0;0.0;271.0;0.0;271.0;0;4
6;48;nan;0.0;0.0;271.0;0.0;271.0;0;4
6;49;nan;0.0;0.0;271.0;0.0;271.0;0;4
6;50;nan;0.0;0.0;271.0;0.0;271.0;0;4
6;51;nan;0.0;0.0;271.0;0.0;271.0;0;4
6;52;nan;0.0;0.0;271.0;0.0;271.0;0;4
6;53;nan;0.0;0.0;271.0;0.0;271.0;0;4
6;54;nan;0.0;0.0;271.0;0.0;271.0;0;4
6;55;nan;0.0;0.0;271.0;0.0;271.0;0;4
6;56;nan;0.0;0.0;271.0;0.0;271.0;0;4
6;57;nan;0.0;0.0;271.0;0.0;271.0;0;4
6;58;nan;0.0;0.0;271.0;0.0;271.0;0;4
6;59;nan;0.0;0.0;271.0;0.0;271.0;0;4
6;60;nan;0.0;0.0;271.0;0.0;271.0;0;4
6;61;nan;0.0;0.0;271.0;0.0;271.0;0;4
6;62;nan;0.0;0.0;271.0;0.0;271.0;0;4
6;63;nan;0.0;0.0;271.0;0.0;271.0;0;4
6;64;nan;0.0;0.0;271.0;0.0;271.0;0;4
6;65;nan;0.0;0.0;271.0;0.0;271.0;0;4
6;66;7.0;55.3;133.0;330.7;0.2;271.0;0;4
6;67;8.4;45.5;98.0;321.3;0.1;271.0;0;4
6;68;8.2;46.6;99.0;322.0;0.1;271.0;0;4
6;69;8.1;46.6;101.0;319.3;0.1;271.0;0;4
6;70;9.2;41.0;100.0;313.9;0.1;271.0;0;4
6;71;10.3;35.7;84.0;305.4;0.1;271.0;0;4
6;72;12.4;30.2;73.0;308.6;0.1;271.0;0;4
6;73;18.6;19.1;41.0;287.4;0.1;271.0;0;4
6;74;35.2;10.0;26.0;279.0;0.0;271.0;0;4
6;75;nan;0.0;0.0;271.0;0.0;271.0;0;4
6;76;nan;0.0;0.0;271.0;0.0;271.0;0;4
6;77;nan;0.0;0.0;271.0;0.0;271.0;0;4
6;78;nan;0.0;0.0;271.0;0.0;271.0;0;4
6;79;nan;0.0;0.0;271.0;0.0;271.0;0;4
6;80;nan;0.0;0.0;271.0;0.0;271.0;0;4
6;81;nan;0.0;0.0;271.0;0.0;271.0;0;4
6;82;nan;0.0;0.0;271.0;0.0;271.0;0;4
6;83;nan;0.0;0.0;271.0;0.0;271.0;0;4
6;84;nan;0.0;0.0;271.0;0.0;271.0;0;4
6;85;nan;0.0;0.0;271.0;0.0;271.0;0;4
6;86;nan;0.0;0.0;271.0;0.0;271.0;0;4
6;87;nan;0.0;0.0;271.0;0.0;271.0;0;4
6;88;nan;0.0;0.0;271.0;0.0;271.0;0;4
6;89;nan;0.0;0.0;271.0;0.0;271.0;0;4
6;90;nan;0.0;0.0;271.0;0.0;271.0;0;4
6;91;nan;0.0;0.0;271.0;0.0;271.0;0;4
6;92;nan;0.0;0.0;271.0;0.0;271.0;0;4
6;93;nan;0.0;0.0;271.0;0.0;271.0;0;4
6;94;nan;0.0;0.0;271.0;0.0;271.0;0;4
6;95;nan;0.0;0.0;271.0;0.0;271.0;0;4
6;96;nan;0.0;0.0;271.0;0.0;271.0;0;4
6;97;nan;0.0;0.0;271.0;0.0;271.0;0;4
6;98;nan;0.0;0.0;271.0;0.0;271.0;0;4
6;99;nan;0.0;0.0;271.0;0.0;271.0;0;4
6;100;nan;0.0;0.0;271.0;0.0;271.0;0;4
6;101;nan;0.0;0.0;271.0;0.0;271.0;0;4
6;102;nan;0.0;0.0;271.0;0.0;271.0;0;4
6;103;nan;0.0;0.0;271.0;0.0;271.0;0;4
6;104;nan;0.0;0.0;271.0;0.0;271.0;0;4
6;105;nan;0.0;0.0;271.0;0.0;271.0;0;4
6;106;nan;0.0;0.0;271.0;0.0;271.0;0;4
6;107;nan;0.0;0.0;271.0;0.0;271.0;0;4
6;108;nan;0.0;0.0;271.0;0.0;271.0;0;4
6;109;nan;0.0;0.0;271.0;0.0;271.0;0;4
6;110;nan;0.0;0.0;271.0;0.0;271.0;0;4
6;111;8.9;41.1;100.0;306.9;0.1;271.0;0;4
6;112;10.2;35.1;83.0;298.3;0.1;271.0;0;4
6;113;17.9;19.6;45.0;284.0;0.1;271.0;0;4
6;114;45.0;7.8;19.0;278.4;0.0;271.0;0;4
6;115;83.9;4.2;10.0;274.7;0.0;271.0;0;4
6;116;nan;0.0;0.0;271.0;0.0;271.0;0;4
6;117;nan;0.0;0.0;271.0;0.0;271.0;0;4
6;118;nan;0.0;0.0;271.0;0.0;271.0;0;4
6;119;nan;0.0;0.0;271.0;0.0;271.0;0;4
6;120;nan;0.0;0.0;271.0;0.0;271.0;0;4
6;121;nan;0.0;0.0;271.0;0.0;271.0;0;4
6;122;nan;0.0;0.0;271.0;0.0;271.0;0;4
6;123;nan;0.0;0.0;271.0;0.0;271.0;0;4
6;124;nan;0.0;0.0;271.0;0.0;271.0;0;4
6;125;nan;0.0;0.0;271.0;0.0;271.0;0;4
6;126;nan;0.0;0.0;271.0;0.0;271.0;0;4
6;127;nan;0.0;0.0;271.0;0.0;271.0;0;4
6;128;nan;0.0;0.0;271.0;0.0;271.0;0;4
6;129;nan;0.0;0.0;271.0;0.0;271.0;0;4
6;130;nan;0.0;0.0;271.0;0.0;271.0;0;4
6;131;nan;0.0;0.0;271.0;0.0;271.0;0;4
6;132;nan;0.0;0.0;271.0;0.0;271.0;0;4
6;133;nan;0.0;0.0;271.0;0.0;271.0;0;4
6;134;nan;0.0;0.0;271.0;0.0;271.0;0;4
6;135;nan;0.0;0.0;271.0;0.0;271.0;0;4
6;136;nan;0.0;0.0;271.0;0.0;271.0;0;4
6;137;nan;0.0;0.0;271.0;0.0;271.0;0;4
6;138;nan;0.0;0.0;271.0;0.0;271.0;0;4
6;139;nan;0.0;0.0;271.0;0.0;271.0;0;4
6;140;nan;0.0;0.0;271.0;0.0;271.0;0;4
6;141;nan;0.0;0.0;271.0;0.0;271.0;0;4
6;142;nan;0.0;0.0;271.0;0.0;271.0;0;4
6;143;nan;0.0;0.0;271.0;0.0;271.0;0;4
6;144;nan;0.0;0.0;271.0;0.0;271.0;0;4
6;145;nan;0.0;0.0;271.0;0.0;271.0;0;4
6;146;nan;0.0;0.0;271.0;0.0;271.0;0;4
6;147;nan;0.0;0.0;271.0;0.0;271.0;0;4
6;148;nan;0.0;0.0;271.0;0.0;271.0;0;4
6;149;nan;0.0;0.0;271.0;0.0;271.0;0;4
7;0;6.6;69.6;165.0;391.9;0.2;278.0;1;1
7;1;6.9;64.9;157.0;381.1;0.2;278.0;0;1
7;2;6.9;66.1;161.0;387.7;0.2;278.0;0;1
7;3;6.0;77.4;179.0;399.3;0.2;278.0;0;1
7;4;6.8;67.1;168.0;386.6;0.2;278.0;0;1
7;5;6.9;64.8;159.0;382.9;0.2;278.0;0;1
7;6;6.8;68.1;160.0;392.7;0.2;278.0;0;1
7;7;7.2;61.7;139.0;376.0;0.2;277.0;1;2
7;8;6.9;63.8;159.0;375.6;0.2;277.0;0;2
7;9;7.0;64.1;158.0;382.1;0.2;277.0;0;2
7;10;8.1;54.2;127.0;369.9;0.1;277.0;0;2
7;11;8.6;49.4;123.0;357.9;0.1;277.0;0;2
7;12;9.4;45.3;115.0;356.3;0.1;277.0;0;2
7;13;8.2;51.7;142.0;356.3;0.1;277.0;0;2
7;14;9.2;45.1;124.0;345.1;0.1;277.0;0;2
7;15;10.6;39.1;98.0;342.4;0.1;277.0;0;2
7;16;9.8;42.7;105.0;347.7;0.1;277.0;0;2
7;17;10.0;41.2;108.0;343.9;0.1;274.0;1;3
7;18;11.5;35.2;94.0;334.7;0.1;274.0;0;3
7;19;12.1;33.0;88.0;327.0;0.1;274.0;0;3
7;20;8.7;45.2;93.0;329.6;0.1;274.0;0;3
7;21;12.5;30.4;75.0;313.3;0.1;271.0;1;4
7;22;10.6;36.4;79.0;320.1;0.1;271.0;0;4
7;23;16.4;23.1;56.0;307.6;0.1;271.0;0;4
7;24;21.3;17.2;45.0;295.1;0.1;271.0;0;4
7;25;14.8;25.2;62.0;304.1;0.1;271.0;0;4
7;26;15.4;23.8;56.0;299.0;0.1;271.0;0;4
7;27;22.3;16.6;39.0;297.6;0.1;271.0;0;4
7;28;43.5;8.2;21.0;281.7;0.0;271.0;0;4
7;29;54.8;6.4;13.0;278.4;0.0;271.0;0;4
7;30;77.1;4.5;11.0;276.1;0.0;271.0;0;4
7;31;100.0;3.3;8.0;273.3;0.0;271.0;0;4
7;32;nan;0.0;0.0;271.0;0.0;271.0;0;4
7;33;nan;0.0;0.0;271.0;0.0;271.0;0;4
7;34;nan;0.0;0.0;271.0;0.0;271.0;0;4
7;35;nan;0.0;0.0;271.0;0.0;271.0;0;4
7;36;nan;0.0;0.0;271.0;0.0;271.0;0;4
7;37;nan;0.0;0.0;271.0;0.0;271.0;0;4
7;38;nan;0.0;0.0;271.0;0.0;271.0;0;4
7;39;nan;0.0;0.0;271.0;0.0;271.0;0;4
7;40;nan;0.0;0.0;271.0;0.0;271.0;0;4
7;41;nan;0.0;0.0;271.0;0.0;271.0;0;4
7;42;nan;0.0;0.0;271.0;0.0;271.0;0;4
7;43;nan;0.0;0.0;271.0;0.0;271.0;0;4
7;44;nan;0.0;0.0;271.0;0.0;271.0;0;4
7;45;nan;0.0;0.0;271.0;0.0;271.0;0;4
7;46;nan;0.0;0.0;271.0;0.0;271.0;0;4
7;47;nan;0.0;0.0;271.0;0.0;271.0;0;4
7;48;nan;0.0;0.0;271.0;0.0;271.0;0;4
7;49;nan;0.0;0.0;271.0;0.0;271.0;0;4
7;50;nan;0.0;0.0;271.0;0.0;271.0;0;4
7;51;nan;0.0;0.0;271.0;0.0;271.0;0;4
7;52;nan;0.0;0.0;271.0;0.0;271.0;0;4
7;53;nan;0.0;0.0;271.0;0.0;271.0;0;4
7;54;nan;0.0;0.0;271.0;0.0;271.0;0;4
7;55;nan;0.0;0.0;271.0;0.0;271.0;0;4
7;56;nan;0.0;0.0;271.0;0.0;271.0;0;4
7;57;nan;0.0;0.0;271.0;0.0;271.0;0;4
7;58;nan;0.0;0.0;271.0;0.0;271.0;0;4
7;59;nan;0.0;0.0;271.0;0.0;271.0;0;4
7;60;nan;0.0;0.0;271.0;0.0;271.0;0;4
7;61;nan;0.0;0.0;271.0;0.0;271.0;0;4
7;62;nan;0.0;0.0;271.0;0.0;271.0;0;4
7;63;nan;0.0;0.0;271.0;0.0;271.0;0;4
7;64;nan;0.0;0.0;271.0;0.0;271.0;0;4
7;65;nan;0.0;0.0;271.0;0.0;271.0;0;4
7;66;nan;0.0;0.0;271.0;0.0;271.0;0;4
7;67;10.7;35.3;85.0;311.4;0.1;271.0;0;4
7;68;9.6;38.8;84.0;311.7;0.1;271.0;0;4
7;69;13.0;28.2;65.0;300.7;0.1;271.0;0;4
7;70;8.7;43.3;95.0;316.4;0.1;271.0;0;4
7;71;11.4;32.3;71.0;303.9;0.1;271.0;0;4
7;72;15.0;24.4;59.0;299.6;0.1;271.0;0;4
7;73;13.8;26.7;63.0;302.0;0.1;271.0;0;4
7;74;42.3;8.3;22.0;278.0;0.0;271.0;0;4
7;75;83.6;4.2;12.0;273.1;0.0;271.0;0;4
7;76;nan;0.0;0.0;271.0;0.0;271.0;0;4
7;77;nan;0.0;0.0;271.0;0.0;271.0;0;4
7;78;nan;0.0;0.0;271.0;0.0;271.0;0;4
7;79;nan;0.0;0.0;271.0;0.0;271.0;0;4
7;80;nan;0.0;0.0;271.0;0.0;271.0;0;4
7;81;nan;0.0;0.0;271.0;0.0;271.0;0;4
7;82;nan;0.0;0.0;271.0;0.0;271.0;0;4
7;83;nan;0.0;0.0;271.0;0.0;271.0;0;4
7;84;nan;0.0;0.0;271.0;0.0;271.0;0;4
7;85;nan;0.0;0.0;271.0;0.0;271.0;0;4
7;86;nan;0.0;0.0;271.0;0.0;271.0;0;4
7;87;nan;0.0;0.0;271.0;0.0;271.0;0;4
7;88;nan;0.0;0.0;271.0;0.0;271.0;0;4
7;89;nan;0.0;0.0;271.0;0.0;271.0;0;4
7;90;nan;0.0;0.0;271.0;0.0;271.0;0;4
7;91;nan;0.0;0.0;271.0;0.0;271.0;0;4
7;92;nan;0.0;0.0;271.0;0.0;271.0;0;4
7;93;nan;0.0;0.0;271.0;0.0;271.0;0;4
7;94;nan;0.0;0.0;271.0;0.0;271.0;0;4
7;95;nan;0.0;0.0;271.0;0.0;271.0;0;4
7;96;nan;0.0;0.0;271.0;0.0;271.0;0;4
7;97;nan;0.0;0.0;271.0;0.0;271.0;0;4
7;98;nan;0.0;0.0;271.0;0.0;271.0;0;4
7;99;nan;0.0;0.0;271.0;0.0;271.0;0;4
7;100;nan;0.0;0.0;271.0;0.0;271.0;0;4
7;101;nan;0.0;0.0;271.0;0.0;271.0;0;4
7;102;nan;0.0;0.0;271.0;0.0;271.0;0;4
7;103;nan;0.0;0.0;271.0;0.0;271.0;0;4
7;104;nan;0.0;0.0;271.0;0.0;271.0;0;4
7;105;nan;0.0;0.0;271.0;0.0;271.0;0;4
7;106;nan;0.0;0.0;271.0;0.0;271.0;0;4
7;107;nan;0.0;0.0;271.0;0.0;271.0;0;4
7;108;nan;0.0;0.0;271.0;0.0;271.0;0;4
7;109;nan;0.0;0.0;271.0;0.0;271.0;0;4
7;110;nan;0.0;0.0;271.0;0.0;271.0;0;4
7;111;nan;0.0;0.0;271.0;0.0;271.0;0;4
7;112;8.3;43.9;115.0;306.4;0.1;271.0;0;4
7;113;15.4;23.2;54.0;291.4;0.1;271.0;0;4
7;114;13.1;27.1;68.0;291.6;0.1;271.0;0;4
7;115;63.9;5.5;15.0;278.3;0.0;271.0;0;4
7;116;100.0;1.4;3.0;275.9;0.0;271.0;0;4
7;117;100.0;1.4;3.0;275.9;0.0;271.0;0;4
7;118;20.5;17.4;46.0;287.3;0.1;271.0;0;4
7;119;59.9;5.9;14.0;278.7;0.0;271.0;0;4
7;120;nan;0.0;0.0;275.0;0.0;271.0;0;4
7;121;nan;0.0;0.0;275.0;0.0;271.0;0;4
7;122;nan;0.0;0.0;275.0;0.0;271.0;0;4
7;123;nan;0.0;0.0;275.0;0.0;271.0;0;4
7;124;nan;0.0;0.0;275.0;0.0;271.0;0;4
7;125;nan;0.0;0.0;275.0;0.0;271.0;0;4
7;126;nan;0.0;0.0;275.0;0.0;271.0;0;4
7;127;nan;0.0;0.0;275.0;0.0;271.0;0;4
7;128;nan;0.0;0.0;275.0;0.0;271.0;0;4
7;129;nan;0.0;0.0;275.0;0.0;271.0;0;4
7;130;nan;0.0;0.0;275.0;0.0;271.0;0;4
7;131;nan;0.0;0.0;275.0;0.0;271.0;0;4
7;132;nan;0.0;0.0;275.0;0.0;271.0;0;4
7;133;nan;0.0;0.0;275.0;0.0;271.0;0;4
7;134;nan;0.0;0.0;275.0;0.0;271.0;0;4
7;135;nan;0.0;0.0;275.0;0.0;271.0;0;4
7;136;nan;0.0;0.0;275.0;0.0;271.0;0;4
7;137;nan;0.0;0.0;275.0;0.0;271.0;0;4
7;138;nan;0.0;0.0;275.0;0.0;271.0;0;4
7;139;nan;0.0;0.0;275.0;0.0;271.0;0;4
7;140;nan;0.0;0.0;275.0;0.0;271.0;0;4
7;141;nan;0.0;0.0;275.0;0.0;271.0;0;4
7;142;nan;0.0;0.0;275.0;0.0;271.0;0;4
7;143;nan;0.0;0.0;275.0;0.0;271.0;0;4
7;144;nan;0.0;0.0;275.0;0.0;271.0;0;4
7;145;nan;0.0;0.0;275.0;0.0;271.0;0;4
7;146;nan;0.0;0.0;275.0;0.0;271.0;0;4
7;147;nan;0.0;0.0;275.0;0.0;271.0;0;4
7;148;nan;0.0;0.0;275.0;0.0;271.0;0;4
7;149;nan;0.0;0.0;275.0;0.0;271.0;0;4
8;0;6.3;74.1;176.0;398.0;0.2;278.0;1;1
8;1;6.4;70.3;179.0;385.6;0.2;273.0;1;2
8;2;6.2;75.5;194.0;403.4;0.2;273.0;0;2
8;3;7.4;59.5;140.0;375.0;0.2;273.0;0;2
8;4;6.3;73.8;169.0;399.0;0.2;273.0;0;2
8;5;6.2;76.0;183.0;403.1;0.2;273.0;0;2
8;6;7.1;61.4;149.0;371.9;0.2;273.0;0;2
8;7;6.4;71.8;170.0;392.9;0.2;273.0;0;2
8;8;7.3;61.0;146.0;377.0;0.2;273.0;0;2
8;9;7.2;62.3;144.0;381.9;0.2;273.0;0;2
8;10;8.1;54.0;129.0;370.4;0.1;273.0;0;2
8;11;7.4;60.4;145.0;378.1;0.2;273.0;0;2
8;12;7.2;61.8;152.0;379.3;0.2;273.0;0;2
8;13;7.8;55.8;131.0;367.0;0.2;273.0;0;2
8;14;10.2;39.9;119.0;339.0;0.1;273.0;0;2
8;15;8.7;48.9;115.0;357.4;0.1;273.0;0;2
8;16;7.7;56.7;138.0;366.7;0.2;273.0;0;2
8;17;9.9;42.1;104.0;347.6;0.1;273.0;0;2
8;18;10.8;38.6;91.0;345.1;0.1;273.0;0;2
8;19;9.2;46.1;119.0;353.6;0.1;273.0;0;2
8;20;8.0;49.7;114.0;334.7;0.1;273.0;0;2
8;21;10.0;38.6;82.0;319.9;0.1;273.0;0;2
8;22;12.9;29.6;75.0;313.9;0.1;273.0;0;2
8;23;10.6;36.3;85.0;319.1;0.1;273.0;0;2
8;24;13.0;29.1;83.0;310.3;0.1;273.0;0;2
8;25;20.5;18.0;43.0;297.1;0.1;273.0;0;2
8;26;17.6;21.2;49.0;301.6;0.1;273.0;0;2
8;27;22.3;16.5;36.0;296.3;0.1;273.0;0;2
8;28;26.0;14.0;32.0;292.4;0.0;273.0;0;2
8;29;24.2;15.1;33.0;293.0;0.1;273.0;0;2
8;30;27.4;13.4;30.0;294.0;0.0;273.0;0;2
8;31;21.4;17.2;38.0;297.1;0.1;273.0;0;2
8;32;29.8;12.2;29.0;290.9;0.0;273.0;0;2
8;33;24.9;14.7;31.0;292.6;0.1;273.0;0;2
8;34;28.6;12.8;30.0;293.0;0.0;273.0;0;2
8;35;86.1;4.2;11.0;282.4;0.0;273.0;0;2
8;36;78.5;4.6;12.0;281.7;0.0;273.0;0;2
8;37;92.5;3.9;9.0;282.6;0.0;273.0;0;2
8;38;87.8;4.1;9.0;280.3;0.0;273.0;0;2
8;39;100.0;3.4;8.0;279.9;0.0;273.0;0;2
8;40;73.5;4.9;11.0;280.9;0.0;273.0;0;2
8;41;100.0;2.3;6.0;279.1;0.0;273.0;0;2
8;42;100.0;2.0;4.0;279.3;0.0;273.0;0;2
8;43;nan;0.0;0.0;277.0;0.0;273.0;0;2
8;44;nan;0.0;0.0;277.0;0.0;273.0;0;2
8;45;nan;0.0;0.0;277.0;0.0;273.0;0;2
8;46;nan;0.0;0.0;277.0;0.0;273.0;0;2
8;47;nan;0.0;0.0;277.0;0.0;273.0;0;2
8;48;nan;0.0;0.0;277.0;0.0;273.0;0;2
8;49;nan;0.0;0.0;277.0;0.0;273.0;0;2
8;50;nan;0.0;0.0;277.0;0.0;273.0;0;2
8;51;100.0;1.0;3.0;276.6;0.0;273.0;0;2
8;52;nan;0.0;0.0;277.0;0.0;273.0;0;2
8;53;nan;0.0;0.0;277.0;0.0;273.0;0;2
8;54;nan;0.0;0.0;277.0;0.0;273.0;0;2
8;55;nan;0.0;0.0;277.0;0.0;273.0;0;2
8;56;nan;0.0;0.0;277.0;0.0;273.0;0;2
8;57;nan;0.0;0.0;277.0;0.0;273.0;0;2
8;58;nan;0.0;0.0;277.0;0.0;273.0;0;2
8;59;nan;0.0;0.0;277.0;0.0;273.0;0;2
8;60;nan;0.0;0.0;277.0;0.0;273.0;0;2
8;61;nan;0.0;0.0;277.0;0.0;273.0;0;2
8;62;nan;0.0;0.0;277.0;0.0;273.0;0;2
8;63;nan;0.0;0.0;277.0;0.0;273.0;0;2
8;64;nan;0.0;0.0;277.0;0.0;273.0;0;2
8;65;nan;0.0;0.0;277.0;0.0;273.0;0;2
8;66;nan;0.0;0.0;277.0;0.0;273.0;0;2
8;67;9.1;41.6;94.0;315.6;0.1;273.0;0;2
8;68;7.1;54.1;119.0;325.7;0.2;273.0;0;2
8;69;10.1;37.2;84.0;311.4;0.1;273.0;0;2
8;70;7.3;51.9;115.0;320.9;0.2;273.0;0;2
8;71;14.8;24.8;57.0;299.6;0.1;273.0;0;2
8;72;19.8;18.3;45.0;291.4;0.1;273.0;0;2
8;73;28.4;12.8;33.0;290.1;0.0;273.0;0;2
8;74;54.1;6.6;19.0;281.4;0.0;273.0;0;2
8;75;100.0;2.1;6.0;277.9;0.0;273.0;0;2
8;76;nan;0.0;0.0;277.0;0.0;273.0;0;2
8;77;nan;0.0;0.0;277.0;0.0;273.0;0;2
8;78;nan;0.0;0.0;277.0;0.0;273.0;0;2
8;79;nan;0.0;0.0;277.0;0.0;273.0;0;2
8;80;nan;0.0;0.0;277.0;0.0;273.0;0;2
8;81;100.0;0.7;2.0;276.7;0.0;273.0;0;2
8;82;nan;0.0;0.0;277.0;0.0;273.0;0;2
8;83;nan;0.0;0.0;277.0;0.0;273.0;0;2
8;84;nan;0.0;0.0;277.0;0.0;273.0;0;2
8;85;nan;0.0;0.0;277.0;0.0;273.0;0;2
8;86;nan;0.0;0.0;277.0;0.0;273.0;0;2
8;87;nan;0.0;0.0;277.0;0.0;273.0;0;2
8;88;nan;0.0;0.0;277.0;0.0;273.0;0;2
8;89;nan;0.0;0.0;277.0;0.0;273.0;0;2
8;90;nan;0.0;0.0;277.0;0.0;273.0;0;2
8;91;nan;0.0;0.0;277.0;0.0;273.0;0;2
8;92;nan;0.0;0.0;277.0;0.0;273.0;0;2
8;93;nan;0.0;0.0;277.0;0.0;273.0;0;2
8;94;nan;0.0;0.0;277.0;0.0;273.0;0;2
8;95;nan;0.0;0.0;277.0;0.0;273.0;0;2
8;96;nan;0.0;0.0;277.0;0.0;273.0;0;2
8;97;nan;0.0;0.0;277.0;0.0;273.0;0;2
8;98;nan;0.0;0.0;277.0;0.0;273.0;0;2
8;99;nan;0.0;0.0;277.0;0.0;273.0;0;2
8;100;nan;0.0;0.0;277.0;0.0;273.0;0;2
8;101;nan;0.0;0.0;277.0;0.0;273.0;0;2
8;102;nan;0.0;0.0;277.0;0.0;273.0;0;2
8;103;nan;0.0;0.0;277.0;0.0;273.0;0;2
8;104;nan;0.0;0.0;277.0;0.0;273.0;0;2
8;105;nan;0.0;0.0;277.0;0.0;273.0;0;2
8;106;nan;0.0;0.0;277.0;0.0;273.0;0;2
8;107;nan;0.0;0.0;277.0;0.0;273.0;0;2
8;108;nan;0.0;0.0;277.0;0.0;273.0;0;2
8;109;nan;0.0;0.0;277.0;0.0;273.0;0;2
8;110;nan;0.0;0.0;277.0;0.0;273.0;0;2
8;111;nan;0.0;0.0;277.0;0.0;273.0;0;2
8;112;10.5;34.4;84.0;299.4;0.1;273.0;0;2
8;113;11.0;32.7;82.0;296.9;0.1;273.0;0;2
8;114;8.1;44.9;112.0;306.1;0.1;273.0;0;2
8;115;31.9;11.1;29.0;281.4;0.0;273.0;0;2
8;116;88.3;4.0;10.0;276.1;0.0;273.0;0;2
8;117;70.6;5.0;11.0;276.1;0.0;273.0;0;2
8;118;27.9;12.7;29.0;282.6;0.0;273.0;0;2
8;119;14.0;25.3;58.0;289.0;0.1;273.0;0;2
8;120;8.8;40.7;96.0;301.0;0.1;273.0;0;2
8;121;10.8;33.4;82.0;297.4;0.1;273.0;0;2
8;122;nan;0.0;0.0;273.0;0.0;273.0;0;2
8;123;nan;0.0;0.0;273.0;0.0;273.0;0;2
8;124;nan;0.0;0.0;273.0;0.0;273.0;0;2
8;125;nan;0.0;0.0;273.0;0.0;273.0;0;2
8;126;nan;0.0;0.0;273.0;0.0;273.0;0;2
8;127;nan;0.0;0.0;273.0;0.0;273.0;0;2
8;128;nan;0.0;0.0;273.0;0.0;273.0;0;2
8;129;nan;0.0;0.0;273.0;0.0;273.0;0;2
8;130;nan;0.0;0.0;273.0;0.0;273.0;0;2
8;131;nan;0.0;0.0;273.0;0.0;273.0;0;2
8;132;nan;0.0;0.0;273.0;0.0;273.0;0;2
8;133;nan;0.0;0.0;273.0;0.0;273.0;0;2
8;134;nan;0.0;0.0;273.0;0.0;273.0;0;2
8;135;nan;0.0;0.0;273.0;0.0;273.0;0;2
8;136;nan;0.0;0.0;273.0;0.0;273.0;0;2
8;137;nan;0.0;0.0;273.0;0.0;273.0;0;2
8;138;nan;0.0;0.0;273.0;0.0;273.0;0;2
8;139;nan;0.0;0.0;273.0;0.0;273.0;0;2
8;140;nan;0.0;0.0;273.0;0.0;273.0;0;2
8;141;nan;0.0;0.0;273.0;0.0;273.0;0;2
8;142;nan;0.0;0.0;273.0;0.0;273.0;0;2
8;143;nan;0.0;0.0;273.0;0.0;273.0;0;2
8;144;nan;0.0;0.0;273.0;0.0;273.0;0;2
8;145;nan;0.0;0.0;273.0;0.0;273.0;0;2
8;146;nan;0.0;0.0;273.0;0.0;273.0;0;2
8;147;nan;0.0;0.0;273.0;0.0;273.0;0;2
8;148;nan;0.0;0.0;273.0;0.0;273.0;0;2
8;149;nan;0.0;0.0;273.0;0.0;273.0;0;2
9;0;6.2;74.0;176.0;394.6;0.2;276.0;1;1
9;1;6.5;70.8;184.0;395.3;0.2;276.0;0;1
9;2;6.5;70.8;162.0;392.9;0.2;276.0;0;1
9;3;6.5;72.0;177.0;397.9;0.2;276.0;0;1
9;4;7.0;64.5;154.0;386.0;0.2;276.0;0;1
9;5;7.4;58.8;150.0;368.9;0.2;276.0;0;1
9;6;7.7;56.8;139.0;367.7;0.2;273.0;1;2
9;7;7.3;60.0;157.0;372.9;0.2;273.0;0;2
9;8;6.9;65.6;161.0;384.4;0.2;273.0;0;2
9;9;6.7;67.2;164.0;383.0;0.2;273.0;0;2
9;10;8.6;50.1;130.0;361.1;0.1;273.0;0;2
9;11;7.0;63.2;157.0;377.0;0.2;273.0;0;2
9;12;7.7;56.1;139.0;364.9;0.2;273.0;0;2
9;13;8.1;53.8;128.0;367.7;0.1;273.0;0;2
9;14;7.5;57.0;143.0;363.0;0.2;273.0;0;2
9;15;7.8;55.8;137.0;366.7;0.2;273.0;0;2
9;16;10.1;40.5;102.0;340.3;0.1;272.0;1;3
9;17;8.6;49.5;123.0;357.6;0.1;272.0;0;3
9;18;9.0;46.6;106.0;352.7;0.1;272.0;0;3
9;19;14.1;27.8;71.0;321.6;0.1;272.0;0;3
9;20;12.8;29.6;68.0;311.0;0.1;272.0;0;3
9;21;12.9;29.8;75.0;314.3;0.1;272.0;0;3
9;22;11.2;34.0;81.0;315.3;0.1;272.0;0;3
9;23;12.9;29.5;77.0;311.6;0.1;272.0;0;3
9;24;17.5;21.3;51.0;302.9;0.1;272.0;0;3
9;25;27.8;13.1;34.0;292.4;0.0;272.0;0;3
9;26;30.4;11.9;32.0;289.6;0.0;272.0;0;3
9;27;40.9;8.8;24.0;284.4;0.0;272.0;0;3
9;28;55.1;6.4;15.0;279.0;0.0;272.0;0;3
9;29;56.6;6.3;14.0;281.1;0.0;272.0;0;3
9;30;100.0;1.1;3.0;274.0;0.0;272.0;0;3
9;31;56.6;6.3;14.0;280.9;0.0;272.0;0;3
9;32;65.3;5.4;11.0;280.3;0.0;272.0;0;3
9;33;59.7;5.9;12.0;279.9;0.0;272.0;0;3
9;34;70.8;5.0;12.0;280.7;0.0;272.0;0;3
9;35;81.2;4.3;12.0;276.7;0.0;272.0;0;3
9;36;100.0;1.6;5.0;274.1;0.0;272.0;0;3
9;37;nan;0.0;0.0;273.0;0.0;272.0;0;3
9;38;100.0;0.3;1.0;273.1;0.0;272.0;0;3
9;39;nan;0.0;0.0;273.0;0.0;272.0;0;3
9;40;nan;0.0;0.0;273.0;0.0;272.0;0;3
9;41;nan;0.0;0.0;273.0;0.0;272.0;0;3
9;42;nan;0.0;0.0;273.0;0.0;272.0;0;3
9;43;nan;0.0;0.0;273.0;0.0;272.0;0;3
9;44;nan;0.0;0.0;273.0;0.0;272.0;0;3
9;45;nan;0.0;0.0;273.0;0.0;272.0;0;3
9;46;nan;0.0;0.0;273.0;0.0;272.0;0;3
9;47;nan;0.0;0.0;273.0;0.0;272.0;0;3
9;48;nan;0.0;0.0;273.0;0.0;272.0;0;3
9;49;nan;0.0;0.0;273.0;0.0;272.0;0;3
9;50;nan;0.0;0.0;273.0;0.0;272.0;0;3
9;51;nan;0.0;0.0;273.0;0.0;272.0;0;3
9;52;nan;0.0;0.0;273.0;0.0;272.0;0;3
9;53;nan;0.0;0.0;273.0;0.0;272.0;0;3
9;54;nan;0.0;0.0;273.0;0.0;272.0;0;3
9;55;nan;0.0;0.0;273.0;0.0;272.0;0;3
9;56;nan;0.0;0.0;273.0;0.0;272.0;0;3
9;57;nan;0.0;0.0;273.0;0.0;272.0;0;3
9;58;nan;0.0;0.0;273.0;0.0;272.0;0;3
9;59;nan;0.0;0.0;273.0;0.0;272.0;0;3
9;60;nan;0.0;0.0;273.0;0.0;272.0;0;3
9;61;nan;0.0;0.0;273.0;0.0;272.0;0;3
9;62;9.2;40.8;94.0;313.4;0.1;272.0;0;3
9;63;11.3;32.7;70.0;305.7;0.1;272.0;0;3
9;64;11.3;32.5;82.0;304.7;0.1;272.0;0;3
9;65;15.6;23.5;55.0;298.4;0.1;272.0;0;3
9;66;13.4;27.5;65.0;302.1;0.1;272.0;0;3
9;67;16.9;21.4;50.0;293.4;0.1;272.0;0;3
9;68;17.1;21.3;49.0;295.6;0.1;272.0;0;3
9;69;60.6;5.8;13.0;279.0;0.0;272.0;0;3
9;70;67.0;5.2;15.0;277.1;0.0;272.0;0;3
9;71;65.3;5.4;13.0;279.9;0.0;272.0;0;3
9;72;100.0;3.5;10.0;276.3;0.0;272.0;0;3
9;73;100.0;1.4;4.0;274.6;0.0;272.0;0;3
9;74;nan;0.0;0.0;274.0;0.0;272.0;0;3
9;75;nan;0.0;0.0;274.0;0.0;272.0;0;3
9;76;nan;0.0;0.0;274.0;0.0;272.0;0;3
9;77;nan;0.0;0.0;274.0;0.0;272.0;0;3
9;78;nan;0.0;0.0;274.0;0.0;272.0;0;3
9;79;nan;0.0;0.0;274.0;0.0;272.0;0;3
9;80;nan;0.0;0.0;274.0;0.0;272.0;0;3
9;81;nan;0.0;0.0;274.0;0.0;272.0;0;3
9;82;nan;0.0;0.0;274.0;0.0;272.0;0;3
9;83;nan;0.0;0.0;274.0;0.0;272.0;0;3
9;84;nan;0.0;0.0;274.0;0.0;272.0;0;3
9;85;nan;0.0;0.0;274.0;0.0;272.0;0;3
9;86;nan;0.0;0.0;274.0;0.0;272.0;0;3
9;87;nan;0.0;0.0;274.0;0.0;272.0;0;3
9;88;nan;0.0;0.0;274.0;0.0;272.0;0;3
9;89;nan;0.0;0.0;274.0;0.0;272.0;0;3
9;90;nan;0.0;0.0;274.0;0.0;272.0;0;3
9;91;nan;0.0;0.0;274.0;0.0;272.0;0;3
9;92;nan;0.0;0.0;274.0;0.0;272.0;0;3
9;93;nan;0.0;0.0;274.0;0.0;272.0;0;3
9;94;nan;0.0;0.0;274.0;0.0;272.0;0;3
9;95;nan;0.0;0.0;274.0;0.0;272.0;0;3
9;96;nan;0.0;0.0;274.0;0.0;272.0;0;3
9;97;nan;0.0;0.0;274.0;0.0;272.0;0;3
9;98;nan;0.0;0.0;274.0;0.0;272.0;0;3
9;99;nan;0.0;0.0;274.0;0.0;272.0;0;3
9;100;nan;0.0;0.0;274.0;0.0;272.0;0;3
9;101;nan;0.0;0.0;274.0;0.0;272.0;0;3
9;102;nan;0.0;0.0;274.0;0.0;272.0;0;3
9;103;nan;0.0;0.0;274.0;0.0;272.0;0;3
9;104;nan;0.0;0.0;274.0;0.0;272.0;0;3
9;105;nan;0.0;0.0;274.0;0.0;272.0;0;3
9;106;nan;0.0;0.0;274.0;0.0;272.0;0;3
9;107;13.7;26.4;63.0;295.0;0.1;272.0;0;3
9;108;22.6;15.8;38.0;287.4;0.1;272.0;0;3
9;109;52.1;6.8;17.0;279.3;0.0;272.0;0;3
9;110;50.1;7.0;19.0;278.4;0.0;272.0;0;3
9;111;nan;0.0;0.0;274.0;0.0;272.0;0;3
9;112;nan;0.0;0.0;274.0;0.0;272.0;0;3
9;113;nan;0.0;0.0;274.0;0.0;272.0;0;3
9;114;nan;0.0;0.0;274.0;0.0;272.0;0;3
9;115;nan;0.0;0.0;274.0;0.0;272.0;0;3
9;116;nan;0.0;0.0;274.0;0.0;272.0;0;3
9;117;nan;0.0;0.0;274.0;0.0;272.0;0;3
9;118;nan;0.0;0.0;274.0;0.0;272.0;0;3
9;119;nan;0.0;0.0;274.0;0.0;272.0;0;3
9;120;nan;0.0;0.0;274.0;0.0;272.0;0;3
9;121;nan;0.0;0.0;274.0;0.0;272.0;0;3
9;122;nan;0.0;0.0;274.0;0.0;272.0;0;3
9;123;nan;0.0;0.0;274.0;0.0;272.0;0;3
9;124;nan;0.0;0.0;274.0;0.0;272.0;0;3
9;125;nan;0.0;0.0;274.0;0.0;272.0;0;3
9;126;nan;0.0;0.0;274.0;0.0;272.0;0;3
9;127;nan;0.0;0.0;274.0;0.0;272.0;0;3
9;128;nan;0.0;0.0;274.0;0.0;272.0;0;3
9;129;nan;0.0;0.0;274.0;0.0;272.0;0;3
9;130;nan;0.0;0.0;274.0;0.0;272.0;0;3
9;131;nan;0.0;0.0;274.0;0.0;272.0;0;3
9;132;nan;0.0;0.0;274.0;0.0;272.0;0;3
9;133;nan;0.0;0.0;274.0;0.0;272.0;0;3
9;134;nan;0.0;0.0;274.0;0.0;272.0;0;3
9;135;nan;0.0;0.0;274.0;0.0;272.0;0;3
9;136;nan;0.0;0.0;274.0;0.0;272.0;0;3
9;137;nan;0.0;0.0;274.0;0.0;272.0;0;3
9;138;nan;0.0;0.0;274.0;0.0;272.0;0;3
9;139;nan;0.0;0.0;274.0;0.0;272.0;0;3
9;140;nan;0.0;0.0;274.0;0.0;272.0;0;3
9;141;nan;0.0;0.0;274.0;0.0;272.0;0;3
9;142;nan;0.0;0.0;274.0;0.0;272.0;0;3
9;143;nan;0.0;0.0;274.0;0.0;272.0;0;3
9;144;nan;0.0;0.0;274.0;0.0;272.0;0;3
9;145;nan;0.0;0.0;274.0;0.0;272.0;0;3
9;146;nan;0.0;0.0;274.0;0.0;272.0;0;3
9;147;nan;0.0;0.0;274.0;0.0;272.0;0;3
9;148;nan;0.0;0.0;274.0;0.0;272.0;0;3
9;149;nan;0.0;0.0;274.0;0.0;272.0;0;3
10;0;7.0;63.8;153.0;382.3;0.2;277.0;1;1
10;1;7.6;58.9;156.0;376.6;0.2;277.0;0;1
10;2;6.7;69.9;164.0;400.1;0.2;277.0;0;1
10;3;6.8;66.7;164.0;386.9;0.2;277.0;0;1
10;4;6.0;78.0;179.0;402.3;0.2;274.0;1;2
10;5;7.0;64.8;151.0;385.0;0.2;274.0;0;2
10;6;7.5;58.3;159.0;370.0;0.2;274.0;0;2
10;7;7.3;60.2;145.0;374.6;0.2;274.0;0;2
10;8;6.8;66.5;163.0;383.9;0.2;274.0;0;2
10;9;7.6;58.1;139.0;373.7;0.2;274.0;0;2
10;10;7.7;56.7;134.0;369.7;0.2;274.0;0;2
10;11;6.7;68.1;164.0;387.1;0.2;274.0;0;2
10;12;8.0;54.0;131.0;365.1;0.1;274.0;0;2
10;13;7.9;53.0;139.0;353.7;0.1;272.0;1;3
10;14;11.1;37.4;97.0;343.4;0.1;272.0;0;3
10;15;9.6;43.1;110.0;345.4;0.1;272.0;0;3
10;16;11.5;35.5;88.0;336.3;0.1;272.0;0;3
10;17;12.4;32.7;79.0;333.7;0.1;272.0;0;3
10;18;13.0;31.0;77.0;329.6;0.1;272.0;0;3
10;19;10.6;38.4;96.0;336.9;0.1;272.0;0;3
10;20;14.5;26.4;65.0;312.3;0.1;272.0;0;3
10;21;13.5;27.8;71.0;307.0;0.1;271.0;1;4
10;22;16.1;22.6;48.0;297.0;0.1;271.0;0;4
10;23;21.6;17.1;41.0;297.1;0.1;271.0;0;4
10;24;19.2;18.9;42.0;292.4;0.1;271.0;0;4
10;25;100.0;2.9;8.0;276.0;0.0;271.0;0;4
10;26;100.0;2.9;7.0;274.7;0.0;271.0;0;4
10;27;nan;0.0;0.0;271.0;0.0;271.0;0;4
10;28;nan;0.0;0.0;271.0;0.0;271.0;0;4
10;29;nan;0.0;0.0;271.0;0.0;271.0;0;4
10;30;nan;0.0;0.0;271.0;0.0;271.0;0;4
10;31;nan;0.0;0.0;271.0;0.0;271.0;0;4
10;32;nan;0.0;0.0;271.0;0.0;271.0;0;4
10;33;nan;0.0;0.0;271.0;0.0;271.0;0;4
10;34;nan;0.0;0.0;271.0;0.0;271.0;0;4
10;35;nan;0.0;0.0;271.0;0.0;271.0;0;4
10;36;nan;0.0;0.0;271.0;0.0;271.0;0;4
10;37;nan;0.0;0.0;271.0;0.0;271.0;0;4
10;38;nan;0.0;0.0;271.0;0.0;271.0;0;4
10;39;nan;0.0;0.0;271.0;0.0;271.0;0;4
10;40;nan;0.0;0.0;271.0;0.0;271.0;0;4
10;41;nan;0.0;0.0;271.0;0.0;271.0;0;4
10;42;nan;0.0;0.0;271.0;0.0;271.0;0;4
10;43;nan;0.0;0.0;271.0;0.0;271.0;0;4
10;44;nan;0.0;0.0;271.0;0.0;271.0;0;4
10;45;nan;0.0;0.0;271.0;0.0;271.0;0;4
10;46;nan;0.0;0.0;271.0;0.0;271.0;0;4
10;47;nan;0.0;0.0;271.0;0.0;271.0;0;4
10;48;nan;0.0;0.0;271.0;0.0;271.0;0;4
10;49;nan;0.0;0.0;271.0;0.0;271.0;0;4
10;50;nan;0.0;0.0;271.0;0.0;271.0;0;4
10;51;nan;0.0;0.0;271.0;0.0;271.0;0;4
10;52;nan;0.0;0.0;271.0;0.0;271.0;0;4
10;53;nan;0.0;0.0;271.0;0.0;271.0;0;4
10;54;nan;0.0;0.0;271.0;0.0;271.0;0;4
10;55;nan;0.0;0.0;271.0;0.0;271.0;0;4
10;56;nan;0.0;0.0;271.0;0.0;271.0;0;4
10;57;nan;0.0;0.0;271.0;0.0;271.0;0;4
10;58;nan;0.0;0.0;271.0;0.0;271.0;0;4
10;59;nan;0.0;0.0;271.0;0.0;271.0;0;4
10;60;nan;0.0;0.0;271.0;0.0;271.0;0;4
10;61;nan;0.0;0.0;271.0;0.0;271.0;0;4
10;62;nan;0.0;0.0;271.0;0.0;271.0;0;4
10;63;nan;0.0;0.0;271.0;0.0;271.0;0;4
10;64;nan;0.0;0.0;271.0;0.0;271.0;0;4
10;65;nan;0.0;0.0;271.0;0.0;271.0;0;4
10;66;nan;0.0;0.0;271.0;0.0;271.0;0;4
10;67;8.8;43.2;99.0;318.1;0.1;271.0;0;4
10;68;9.6;38.9;85.0;309.6;0.1;271.0;0;4
10;69;13.3;28.0;64.0;306.1;0.1;271.0;0;4
10;70;10.0;36.7;82.0;305.6;0.1;271.0;0;4
10;71;13.6;26.7;61.0;296.7;0.1;271.0;0;4
10;72;12.6;28.8;65.0;298.0;0.1;271.0;0;4
10;73;34.1;10.2;26.0;278.1;0.0;271.0;0;4
10;74;96.3;3.6;8.0;273.3;0.0;271.0;0;4
10;75;89.8;3.9;11.0;273.1;0.0;271.0;0;4
10;76;100.0;2.6;7.0;272.6;0.0;271.0;0;4
10;77;nan;0.0;0.0;271.0;0.0;271.0;0;4
10;78;nan;0.0;0.0;271.0;0.0;271.0;0;4
10;79;nan;0.0;0.0;271.0;0.0;271.0;0;4
10;80;nan;0.0;0.0;271.0;0.0;271.0;0;4
10;81;nan;0.0;0.0;271.0;0.0;271.0;0;4
10;82;nan;0.0;0.0;271.0;0.0;271.0;0;4
10;83;nan;0.0;0.0;271.0;0.0;271.0;0;4
10;84;nan;0.0;0.0;271.0;0.0;271.0;0;4
10;85;nan;0.0;0.0;271.0;0.0;271.0;0;4
10;86;nan;0.0;0.0;271.0;0.0;271.0;0;4
10;87;nan;0.0;0.0;271.0;0.0;271.0;0;4
10;88;nan;0.0;0.0;271.0;0.0;271.0;0;4
10;89;nan;0.0;0.0;271.0;0.0;271.0;0;4
10;90;nan;0.0;0.0;271.0;0.0;271.0;0;4
10;91;nan;0.0;0.0;271.0;0.0;271.0;0;4
10;92;nan;0.0;0.0;271.0;0.0;271.0;0;4
10;93;nan;0.0;0.0;271.0;0.0;271.0;0;4
10;94;nan;0.0;0.0;271.0;0.0;271.0;0;4
10;95;nan;0.0;0.0;271.0;0.0;271.0;0;4
10;96;nan;0.0;0.0;271.0;0.0;271.0;0;4
10;97;nan;0.0;0.0;271.0;0.0;271.0;0;4
10;98;nan;0.0;0.0;271.0;0.0;271.0;0;4
10;99;nan;0.0;0.0;271.0;0.0;271.0;0;4
10;100;nan;0.0;0.0;271.0;0.0;271.0;0;4
10;101;nan;0.0;0.0;271.0;0.0;271.0;0;4
10;102;nan;0.0;0.0;271.0;0.0;271.0;0;4
10;103;nan;0.0;0.0;271.0;0.0;271.0;0;4
10;104;nan;0.0;0.0;271.0;0.0;271.0;0;4
10;105;nan;0.0;0.0;271.0;0.0;271.0;0;4
10;106;nan;0.0;0.0;271.0;0.0;271.0;0;4
10;107;nan;0.0;0.0;271.0;0.0;271.0;0;4
10;108;nan;0.0;0.0;271.0;0.0;271.0;0;4
10;109;nan;0.0;0.0;271.0;0.0;271.0;0;4
10;110;nan;0.0;0.0;271.0;0.0;271.0;0;4
10;111;nan;0.0;0.0;271.0;0.0;271.0;0;4
10;112;15.5;22.7;52.0;286.9;0.1;271.0;0;4
10;113;21.3;16.5;40.0;283.0;0.1;271.0;0;4
10;114;51.2;6.8;16.0;275.3;0.0;271.0;0;4
10;115;35.4;9.9;24.0;278.1;0.0;271.0;0;4
10;116;nan;0.0;0.0;271.0;0.0;271.0;0;4
10;117;nan;0.0;0.0;271.0;0.0;271.0;0;4
10;118;nan;0.0;0.0;271.0;0.0;271.0;0;4
10;119;nan;0.0;0.0;271.0;0.0;271.0;0;4
10;120;nan;0.0;0.0;271.0;0.0;271.0;0;4
10;121;nan;0.0;0.0;271.0;0.0;271.0;0;4
10;122;nan;0.0;0.0;271.0;0.0;271.0;0;4
10;123;nan;0.0;0.0;271.0;0.0;271.0;0;4
10;124;nan;0.0;0.0;271.0;0.0;271.0;0;4
10;125;nan;0.0;0.0;271.0;0.0;271.0;0;4
10;126;nan;0.0;0.0;271.0;0.0;271.0;0;4
10;127;nan;0.0;0.0;271.0;0.0;271.0;0;4
10;128;nan;0.0;0.0;271.0;0.0;271.0;0;4
10;129;nan;0.0;0.0;271.0;0.0;271.0;0;4
10;130;nan;0.0;0.0;271.0;0.0;271.0;0;4
10;131;nan;0.0;0.0;271.0;0.0;271.0;0;4
10;132;nan;0.0;0.0;271.0;0.0;271.0;0;4
10;133;nan;0.0;0.0;271.0;0.0;271.0;0;4
10;134;nan;0.0;0.0;271.0;0.0;271.0;0;4
10;135;nan;0.0;0.0;271.0;0.0;271.0;0;4
10;136;nan;0.0;0.0;271.0;0.0;271.0;0;4
10;137;nan;0.0;0.0;271.0;0.0;271.0;0;4
10;138;nan;0.0;0.0;271.0;0.0;271.0;0;4
10;139;nan;0.0;0.0;271.0;0.0;271.0;0;4
10;140;nan;0.0;0.0;271.0;0.0;271.0;0;4
10;141;nan;0.0;0.0;271.0;0.0;271.0;0;4
10;142;nan;0.0;0.0;271.0;0.0;271.0;0;4
10;143;nan;0.0;0.0;271.0;0.0;271.0;0;4
10;144;nan;0.0;0.0;271.0;0.0;271.0;0;4
10;145;nan;0.0;0.0;271.0;0.0;271.0;0;4
10;146;nan;0.0;0.0;271.0;0.0;271.0;0;4
10;147;nan;0.0;0.0;271.0;0.0;271.0;0;4
10;148;nan;0.0;0.0;271.0;0.0;271.0;0;4
10;149;nan;0.0;0.0;271.0;0.0;271.0;0;4
11;0;6.5;70.4;177.0;393.6;0.2;284.0;1;1
11;1;6.1;76.7;185.0;404.3;0.2;284.0;0;1
11;2;6.4;72.7;178.0;396.9;0.2;281.0;1;2
11;3;6.4;72.2;166.0;397.1;0.2;281.0;0;2
11;4;7.0;64.3;151.0;382.7;0.2;279.0;1;3
11;5;7.4;60.2;154.0;374.7;0.2;279.0;0;3
11;6;7.7;57.7;151.0;375.0;0.2;279.0;0;3
11;7;6.8;66.8;160.0;388.3;0.2;279.0;0;3
11;8;7.1;63.0;162.0;379.0;0.2;279.0;0;3
11;9;6.8;64.4;169.0;374.9;0.2;271.0;1;4
11;10;7.2;62.6;158.0;380.3;0.2;271.0;0;4
11;11;7.4;59.6;143.0;371.7;0.2;271.0;0;4
11;12;7.3;61.3;146.0;377.7;0.2;271.0;0;4
11;13;6.6;67.9;163.0;382.3;0.2;271.0;0;4
11;14;9.1;47.5;113.0;362.1;0.1;271.0;0;4
11;15;9.8;42.9;106.0;348.6;0.1;271.0;0;4
11;16;8.7;47.4;133.0;346.1;0.1;271.0;0;4
11;17;9.8;42.3;103.0;346.3;0.1;271.0;0;4
11;18;11.0;36.5;102.0;333.4;0.1;271.0;0;4
11;19;12.8;31.5;82.0;331.6;0.1;271.0;0;4
11;20;8.4;46.5;110.0;328.9;0.1;271.0;0;4
11;21;14.1;27.2;63.0;314.0;0.1;271.0;0;4
11;22;11.4;33.9;82.0;319.9;0.1;271.0;0;4
11;23;14.7;25.9;59.0;310.6;0.1;271.0;0;4
11;24;20.2;18.2;44.0;296.9;0.1;271.0;0;4
11;25;44.4;8.0;18.0;282.3;0.0;271.0;0;4
11;26;47.8;7.5;18.0;283.4;0.0;271.0;0;4
11;27;100.0;0.5;1.0;273.7;0.0;271.0;0;4
11;28;100.0;0.5;1.0;273.6;0.0;271.0;0;4
11;29;100.0;0.5;1.0;273.6;0.0;271.0;0;4
11;30;100.0;0.5;1.0;273.6;0.0;271.0;0;4
11;31;100.0;0.5;1.0;273.6;0.0;271.0;0;4
11;32;100.0;0.5;1.0;273.6;0.0;271.0;0;4
11;33;100.0;0.5;1.0;273.6;0.0;271.0;0;4
11;34;100.0;0.5;1.0;273.6;0.0;271.0;0;4
11;35;100.0;0.5;1.0;273.6;0.0;271.0;0;4
11;36;100.0;0.5;1.0;273.6;0.0;271.0;0;4
11;37;100.0;0.5;1.0;273.6;0.0;271.0;0;4
11;38;100.0;0.5;1.0;273.6;0.0;271.0;0;4
11;39;100.0;0.5;1.0;273.6;0.0;271.0;0;4
11;40;100.0;0.5;1.0;273.6;0.0;271.0;0;4
11;41;100.0;0.5;1.0;273.6;0.0;271.0;0;4
11;42;100.0;0.5;1.0;273.6;0.0;271.0;0;4
11;43;100.0;0.5;1.0;273.6;0.0;271.0;0;4
11;44;100.0;0.5;1.0;273.6;0.0;271.0;0;4
11;45;100.0;0.5;1.0;273.4;0.0;271.0;0;4
11;46;100.0;0.5;1.0;273.4;0.0;271.0;0;4
11;47;100.0;0.5;1.0;273.6;0.0;271.0;0;4
11;48;100.0;0.5;1.0;273.6;0.0;271.0;0;4
11;49;100.0;0.5;1.0;273.6;0.0;271.0;0;4
11;50;100.0;0.5;1.0;273.6;0.0;271.0;0;4
11;51;100.0;0.5;1.0;273.6;0.0;271.0;0;4
11;52;100.0;0.5;1.0;273.6;0.0;271.0;0;4
11;53;100.0;0.5;1.0;273.6;0.0;271.0;0;4
11;54;100.0;0.5;1.0;273.6;0.0;271.0;0;4
11;55;100.0;0.5;1.0;273.6;0.0;271.0;0;4
11;56;100.0;0.5;1.0;273.6;0.0;271.0;0;4
11;57;100.0;0.5;1.0;273.6;0.0;271.0;0;4
11;58;100.0;0.5;1.0;273.4;0.0;271.0;0;4
11;59;100.0;0.5;1.0;273.4;0.0;271.0;0;4
11;60;100.0;0.5;1.0;273.4;0.0;271.0;0;4
11;61;100.0;0.5;1.0;273.4;0.0;271.0;0;4
11;62;8.2;47.0;107.0;322.7;0.1;271.0;0;4
11;63;9.3;40.6;97.0;314.0;0.1;271.0;0;4
11;64;10.0;37.5;81.0;312.1;0.1;271.0;0;4
11;65;7.3;51.8;107.0;322.1;0.2;271.0;0;4
11;66;12.5;29.5;65.0;302.6;0.1;271.0;0;4
11;67;14.6;24.9;59.0;296.9;0.1;271.0;0;4
11;68;20.2;17.7;43.0;288.1;0.1;271.0;0;4
11;69;48.0;7.3;19.0;278.7;0.0;271.0;0;4
11;70;100.0;1.4;4.0;273.9;0.0;271.0;0;4
11;71;100.0;0.5;1.0;273.4;0.0;271.0;0;4
11;72;100.0;0.5;1.0;273.4;0.0;271.0;0;4
11;73;100.0;0.5;1.0;273.4;0.0;271.0;0;4
11;74;100.0;0.5;1.0;273.6;0.0;271.0;0;4
11;75;100.0;0.5;1.0;273.4;0.0;271.0;0;4
11;76;100.0;0.5;1.0;273.4;0.0;271.0;0;4
11;77;100.0;2.4;6.0;274.7;0.0;271.0;0;4
11;78;100.0;0.5;1.0;273.4;0.0;271.0;0;4
11;79;100.0;0.5;1.0;273.4;0.0;271.0;0;4
11;80;100.0;0.5;1.0;273.4;0.0;271.0;0;4
11;81;100.0;0.5;1.0;273.4;0.0;271.0;0;4
11;82;100.0;0.5;1.0;273.4;0.0;271.0;0;4
11;83;100.0;0.5;1.0;273.4;0.0;271.0;0;4
11;84;100.0;0.5;1.0;273.4;0.0;271.0;0;4
11;85;100.0;0.5;1.0;273.4;0.0;271.0;0;4
11;86;100.0;0.5;1.0;273.4;0.0;271.0;0;4
11;87;100.0;0.5;1.0;273.4;0.0;271.0;0;4
11;88;85.2;4.1;12.0;275.0;0.0;271.0;0;4
11;89;100.0;0.7;2.0;273.6;0.0;271.0;0;4
11;90;56.8;6.2;13.0;278.9;0.0;271.0;0;4
11;91;100.0;0.5;1.0;273.4;0.0;271.0;0;4
11;92;100.0;0.5;1.0;273.4;0.0;271.0;0;4
11;93;100.0;0.5;1.0;273.4;0.0;271.0;0;4
11;94;100.0;0.5;1.0;273.4;0.0;271.0;0;4
11;95;59.7;5.9;13.0;276.7;0.0;271.0;0;4
11;96;100.0;0.5;1.0;273.3;0.0;271.0;0;4
11;97;76.2;4.6;13.0;275.6;0.0;271.0;0;4
11;98;65.3;5.4;13.0;277.6;0.0;271.0;0;4
11;99;100.0;0.5;1.0;273.3;0.0;271.0;0;4
11;100;63.1;5.6;13.0;277.3;0.0;271.0;0;4
11;101;77.6;4.5;13.0;275.0;0.0;271.0;0;4
11;102;61.3;5.7;13.0;277.0;0.0;271.0;0;4
11;103;100.0;1.7;5.0;273.9;0.0;271.0;0;4
11;104;67.9;5.2;13.0;277.9;0.0;271.0;0;4
11;105;59.7;5.9;13.0;276.7;0.0;271.0;0;4
11;106;100.0;0.5;1.0;273.3;0.0;271.0;0;4
11;107;8.4;43.5;103.0;305.9;0.1;271.0;0;4
11;108;10.8;33.3;82.0;297.0;0.1;271.0;0;4
11;109;16.1;22.2;56.0;290.9;0.1;271.0;0;4
11;110;11.7;30.5;71.0;295.0;0.1;271.0;0;4
11;111;60.4;5.8;15.0;276.6;0.0;271.0;0;4
11;112;46.8;7.6;19.0;280.6;0.0;271.0;0;4
11;113;100.0;0.5;1.0;273.3;0.0;271.0;0;4
11;114;100.0;0.5;1.0;273.3;0.0;271.0;0;4
11;115;100.0;0.5;1.0;273.4;0.0;271.0;0;4
11;116;100.0;0.5;1.0;273.3;0.0;271.0;0;4
11;117;100.0;0.5;1.0;273.3;0.0;271.0;0;4
11;118;100.0;0.5;1.0;273.3;0.0;271.0;0;4
11;119;64.4;5.4;13.0;276.4;0.0;271.0;0;4
11;120;63.1;5.6;13.0;277.3;0.0;271.0;0;4
11;121;100.0;0.5;1.0;273.3;0.0;271.0;0;4
11;122;59.7;5.9;13.0;276.7;0.0;271.0;0;4
11;123;65.3;5.4;13.0;277.6;0.0;271.0;0;4
11;124;63.1;5.6;13.0;277.3;0.0;271.0;0;4
11;125;100.0;0.5;1.0;273.3;0.0;271.0;0;4
11;126;100.0;0.5;1.0;273.3;0.0;271.0;0;4
11;127;100.0;0.5;1.0;273.3;0.0;271.0;0;4
11;128;59.7;5.9;13.0;276.7;0.0;271.0;0;4
11;129;77.9;4.5;13.0;275.1;0.0;271.0;0;4
11;130;84.1;4.2;13.0;276.0;0.0;271.0;0;4
11;131;81.5;4.3;13.0;275.7;0.0;271.0;0;4
11;132;76.8;4.5;13.0;274.9;0.0;271.0;0;4
11;133;87.3;4.0;13.0;276.3;0.0;271.0;0;4
11;134;84.1;4.2;13.0;276.0;0.0;271.0;0;4
11;135;77.9;4.5;13.0;275.1;0.0;271.0;0;4
11;136;84.1;4.2;13.0;276.0;0.0;271.0;0;4
11;137;100.0;0.3;1.0;273.1;0.0;271.0;0;4
11;138;81.5;4.3;13.0;275.7;0.0;271.0;0;4
11;139;84.1;4.2;13.0;276.0;0.0;271.0;0;4
11;140;84.1;4.2;13.0;276.0;0.0;271.0;0;4
11;141;100.0;0.3;1.0;273.1;0.0;271.0;0;4
11;142;84.1;4.2;13.0;276.0;0.0;271.0;0;4
11;143;79.5;4.4;13.0;275.4;0.0;271.0;0;4
11;144;87.3;4.0;13.0;276.3;0.0;271.0;0;4
11;145;100.0;0.3;1.0;273.1;0.0;271.0;0;4
11;146;100.0;0.3;1.0;273.1;0.0;271.0;0;4
11;147;77.9;4.5;13.0;275.1;0.0;271.0;0;4
11;148;84.1;4.2;13.0;276.0;0.0;271.0;0;4
11;149;79.5;4.4;13.0;275.4;0.0;271.0;0;4
12;0;5.7;84.0;199.0;414.3;0.2;281.0;1;1
12;1;6.0;79.6;187.0;408.7;0.2;278.0;1;2
12;2;6.7;68.1;166.0;390.1;0.2;277.0;1;3
12;3;7.0;63.9;156.0;380.7;0.2;276.0;1;4
12;4;6.1;76.5;183.0;401.1;0.2;276.0;0;4
12;5;6.6;68.9;156.0;389.4;0.2;276.0;0;4
12;6;7.0;64.7;163.0;384.0;0.2;276.0;0;4
12;7;7.2;61.3;153.0;372.0;0.2;275.0;1;5
12;8;7.5;58.8;136.0;374.3;0.2;275.0;0;5
12;9;6.7;67.1;164.0;385.3;0.2;275.0;0;5
12;10;8.8;49.5;125.0;363.9;0.1;275.0;0;5
12;11;7.7;56.3;134.0;367.9;0.2;275.0;0;5
12;12;7.6;58.1;143.0;372.1;0.2;275.0;0;5
12;13;7.2;60.4;148.0;369.3;0.2;275.0;0;5
12;14;9.7;43.2;105.0;348.0;0.1;275.0;0;5
12;15;9.5;43.5;110.0;346.6;0.1;274.0;1;6
12;16;10.1;40.1;115.0;337.9;0.1;274.0;0;6
12;17;9.5;44.4;110.0;350.9;0.1;274.0;0;6
12;18;10.6;38.5;99.0;339.0;0.1;274.0;0;6
12;19;10.4;38.6;98.0;333.1;0.1;274.0;0;6
12;20;11.5;33.7;76.0;318.1;0.1;274.0;0;6
12;21;11.2;34.7;78.0;321.3;0.1;274.0;0;6
12;22;11.7;33.0;73.0;316.9;0.1;274.0;0;6
12;23;11.8;32.2;71.0;313.7;0.1;274.0;0;6
12;24;16.0;23.3;61.0;302.9;0.1;274.0;0;6
12;25;11.9;31.9;75.0;313.7;0.1;274.0;0;6
12;26;21.0;17.8;44.0;302.0;0.1;274.0;0;6
12;27;36.0;10.0;24.0;287.3;0.0;274.0;0;6
12;28;19.0;19.3;48.0;296.4;0.1;274.0;0;6
12;29;49.5;7.3;21.0;284.0;0.0;274.0;0;6
12;30;65.7;5.4;12.0;280.7;0.0;274.0;0;6
12;31;63.4;5.6;12.0;282.1;0.0;274.0;0;6
12;32;60.2;5.9;12.0;281.9;0.0;274.0;0;6
12;33;77.0;4.6;12.0;278.4;0.0;274.0;0;6
12;34;100.0;0.8;2.0;275.9;0.0;274.0;0;6
12;35;100.0;0.5;1.0;275.3;0.0;274.0;0;6
12;36;nan;0.0;0.0;275.0;0.0;274.0;0;6
12;37;nan;0.0;0.0;275.0;0.0;274.0;0;6
12;38;nan;0.0;0.0;275.0;0.0;274.0;0;6
12;39;nan;0.0;0.0;275.0;0.0;274.0;0;6
12;40;nan;0.0;0.0;275.0;0.0;274.0;0;6
12;41;nan;0.0;0.0;275.0;0.0;274.0;0;6
12;42;nan;0.0;0.0;275.0;0.0;274.0;0;6
12;43;nan;0.0;0.0;275.0;0.0;274.0;0;6
12;44;nan;0.0;0.0;275.0;0.0;274.0;0;6
12;45;nan;0.0;0.0;275.0;0.0;274.0;0;6
12;46;nan;0.0;0.0;275.0;0.0;274.0;0;6
12;47;nan;0.0;0.0;275.0;0.0;274.0;0;6
12;48;nan;0.0;0.0;275.0;0.0;274.0;0;6
12;49;nan;0.0;0.0;275.0;0.0;274.0;0;6
12;50;nan;0.0;0.0;275.0;0.0;274.0;0;6
12;51;nan;0.0;0.0;275.0;0.0;274.0;0;6
12;52;nan;0.0;0.0;275.0;0.0;274.0;0;6
12;53;nan;0.0;0.0;275.0;0.0;274.0;0;6
12;54;nan;0.0;0.0;275.0;0.0;274.0;0;6
12;55;nan;0.0;0.0;275.0;0.0;274.0;0;6
12;56;nan;0.0;0.0;275.0;0.0;274.0;0;6
12;57;nan;0.0;0.0;275.0;0.0;274.0;0;6
12;58;nan;0.0;0.0;275.0;0.0;274.0;0;6
12;59;nan;0.0;0.0;275.0;0.0;274.0;0;6
12;60;nan;0.0;0.0;275.0;0.0;274.0;0;6
12;61;nan;0.0;0.0;275.0;0.0;274.0;0;6
12;62;nan;0.0;0.0;275.0;0.0;274.0;0;6
12;63;nan;0.0;0.0;275.0;0.0;274.0;0;6
12;64;nan;0.0;0.0;275.0;0.0;274.0;0;6
12;65;nan;0.0;0.0;275.0;0.0;274.0;0;6
12;66;nan;0.0;0.0;275.0;0.0;274.0;0;6
12;67;nan;0.0;0.0;275.0;0.0;274.0;0;6
12;68;nan;0.0;0.0;275.0;0.0;274.0;0;6
12;69;nan;0.0;0.0;275.0;0.0;274.0;0;6
12;70;nan;0.0;0.0;275.0;0.0;274.0;0;6
12;71;nan;0.0;0.0;275.0;0.0;274.0;0;6
12;72;nan;0.0;0.0;275.0;0.0;274.0;0;6
12;73;nan;0.0;0.0;275.0;0.0;274.0;0;6
12;74;9.9;38.3;89.0;313.9;0.1;274.0;0;6
12;75;9.8;38.4;82.0;314.1;0.1;274.0;0;6
12;76;13.7;27.0;67.0;302.7;0.1;274.0;0;6
12;77;19.5;18.8;48.0;295.4;0.1;274.0;0;6
12;78;12.0;30.6;70.0;301.9;0.1;271.0;1;7
12;79;17.5;20.7;44.0;293.4;0.1;271.0;0;7
12;80;16.7;21.7;50.0;293.9;0.1;271.0;0;7
12;81;42.2;8.4;21.0;281.7;0.0;271.0;0;7
12;82;nan;0.0;0.0;275.0;0.0;271.0;0;7
12;83;nan;0.0;0.0;275.0;0.0;271.0;0;7
12;84;nan;0.0;0.0;275.0;0.0;271.0;0;7
12;85;nan;0.0;0.0;275.0;0.0;271.0;0;7
12;86;nan;0.0;0.0;275.0;0.0;271.0;0;7
12;87;nan;0.0;0.0;275.0;0.0;271.0;0;7
12;88;nan;0.0;0.0;275.0;0.0;271.0;0;7
12;89;nan;0.0;0.0;275.0;0.0;271.0;0;7
12;90;nan;0.0;0.0;275.0;0.0;271.0;0;7
12;91;nan;0.0;0.0;275.0;0.0;271.0;0;7
12;92;nan;0.0;0.0;275.0;0.0;271.0;0;7
12;93;nan;0.0;0.0;275.0;0.0;271.0;0;7
12;94;nan;0.0;0.0;275.0;0.0;271.0;0;7
12;95;nan;0.0;0.0;275.0;0.0;271.0;0;7
12;96;nan;0.0;0.0;275.0;0.0;271.0;0;7
12;97;nan;0.0;0.0;275.0;0.0;271.0;0;7
12;98;nan;0.0;0.0;275.0;0.0;271.0;0;7
12;99;nan;0.0;0.0;275.0;0.0;271.0;0;7
12;100;nan;0.0;0.0;275.0;0.0;271.0;0;7
12;101;nan;0.0;0.0;275.0;0.0;271.0;0;7
12;102;nan;0.0;0.0;275.0;0.0;271.0;0;7
12;103;nan;0.0;0.0;275.0;0.0;271.0;0;7
12;104;nan;0.0;0.0;275.0;0.0;271.0;0;7
12;105;nan;0.0;0.0;275.0;0.0;271.0;0;7
12;106;nan;0.0;0.0;275.0;0.0;271.0;0;7
12;107;nan;0.0;0.0;275.0;0.0;271.0;0;7
12;108;nan;0.0;0.0;275.0;0.0;271.0;0;7
12;109;nan;0.0;0.0;275.0;0.0;271.0;0;7
12;110;nan;0.0;0.0;275.0;0.0;271.0;0;7
12;111;nan;0.0;0.0;275.0;0.0;271.0;0;7
12;112;nan;0.0;0.0;275.0;0.0;271.0;0;7
12;113;nan;0.0;0.0;275.0;0.0;271.0;0;7
12;114;nan;0.0;0.0;275.0;0.0;271.0;0;7
12;115;nan;0.0;0.0;275.0;0.0;271.0;0;7
12;116;nan;0.0;0.0;275.0;0.0;271.0;0;7
12;117;nan;0.0;0.0;275.0;0.0;271.0;0;7
12;118;nan;0.0;0.0;275.0;0.0;271.0;0;7
12;119;nan;0.0;0.0;275.0;0.0;271.0;0;7
12;120;nan;0.0;0.0;275.0;0.0;271.0;0;7
12;121;nan;0.0;0.0;275.0;0.0;271.0;0;7
12;122;nan;0.0;0.0;275.0;0.0;271.0;0;7
12;123;nan;0.0;0.0;275.0;0.0;271.0;0;7
12;124;10.1;35.9;96.0;300.3;0.1;271.0;0;7
12;125;20.7;17.4;42.0;289.0;0.1;271.0;0;7
12;126;42.6;8.3;21.0;280.1;0.0;271.0;0;7
12;127;nan;0.0;0.0;275.0;0.0;271.0;0;7
12;128;nan;0.0;0.0;275.0;0.0;271.0;0;7
12;129;nan;0.0;0.0;275.0;0.0;271.0;0;7
12;130;nan;0.0;0.0;275.0;0.0;271.0;0;7
12;131;nan;0.0;0.0;275.0;0.0;271.0;0;7
12;132;nan;0.0;0.0;275.0;0.0;271.0;0;7
12;133;nan;0.0;0.0;275.0;0.0;271.0;0;7
12;134;nan;0.0;0.0;275.0;0.0;271.0;0;7
12;135;nan;0.0;0.0;275.0;0.0;271.0;0;7
12;136;nan;0.0;0.0;275.0;0.0;271.0;0;7
12;137;nan;0.0;0.0;275.0;0.0;271.0;0;7
12;138;nan;0.0;0.0;275.0;0.0;271.0;0;7
12;139;nan;0.0;0.0;275.0;0.0;271.0;0;7
12;140;nan;0.0;0.0;275.0;0.0;271.0;0;7
12;141;nan;0.0;0.0;275.0;0.0;271.0;0;7
12;142;nan;0.0;0.0;275.0;0.0;271.0;0;7
12;143;nan;0.0;0.0;275.0;0.0;271.0;0;7
12;144;nan;0.0;0.0;275.0;0.0;271.0;0;7
12;145;nan;0.0;0.0;275.0;0.0;271.0;0;7
12;146;nan;0.0;0.0;275.0;0.0;271.0;0;7
12;147;nan;0.0;0.0;275.0;0.0;271.0;0;7
12;148;nan;0.0;0.0;275.0;0.0;271.0;0;7
12;149;nan;0.0;0.0;275.0;0.0;271.0;0;7
13;0;6.8;68.6;162.0;395.6;0.2;285.0;1;1
13;1;6.4;72.5;175.0;394.7;0.2;279.0;1;2
13;2;6.0;79.5;181.0;408.1;0.2;279.0;0;2
13;3;6.4;72.8;171.0;397.3;0.2;279.0;0;2
13;4;6.8;65.1;160.0;378.3;0.2;273.0;1;3
13;5;6.9;65.4;160.0;385.4;0.2;273.0;0;3
13;6;7.1;62.7;149.0;380.1;0.2;273.0;0;3
13;7;7.2;61.7;151.0;376.3;0.2;273.0;0;3
13;8;7.0;64.7;164.0;384.1;0.2;273.0;0;3
13;9;7.2;61.8;142.0;379.6;0.2;273.0;0;3
13;10;7.2;60.7;149.0;372.4;0.2;271.0;1;4
13;11;8.1;53.2;134.0;361.3;0.1;271.0;0;4
13;12;9.4;44.3;111.0;346.1;0.1;271.0;0;4
13;13;8.5;51.2;123.0;365.6;0.1;271.0;0;4
13;14;9.0;46.6;119.0;352.4;0.1;271.0;0;4
13;15;10.6;39.0;107.0;340.9;0.1;271.0;0;4
13;16;9.3;45.6;107.0;353.1;0.1;271.0;0;4
13;17;9.9;42.1;108.0;345.6;0.1;271.0;0;4
13;18;10.6;38.9;99.0;341.3;0.1;271.0;0;4
13;19;9.8;42.6;102.0;346.3;0.1;271.0;0;4
13;20;10.2;38.0;88.0;320.4;0.1;271.0;0;4
13;21;11.0;35.3;82.0;320.1;0.1;271.0;0;4
13;22;11.1;34.4;83.0;314.7;0.1;271.0;0;4
13;23;12.6;29.9;70.0;309.3;0.1;271.0;0;4
13;24;12.0;32.2;76.0;318.3;0.1;271.0;0;4
13;25;16.0;23.5;54.0;306.0;0.1;271.0;0;4
13;26;15.4;24.4;59.0;305.7;0.1;271.0;0;4
13;27;13.1;28.7;68.0;308.4;0.1;271.0;0;4
13;28;15.9;23.1;60.0;299.4;0.1;271.0;0;4
13;29;54.0;6.7;21.0;285.7;0.0;271.0;0;4
13;30;75.3;4.8;15.0;285.9;0.0;271.0;0;4
13;31;24.9;14.8;38.0;296.1;0.1;271.0;0;4
13;32;100.0;2.6;7.0;284.0;0.0;271.0;0;4
13;33;100.0;1.6;4.0;284.9;0.0;271.0;0;4
13;34;100.0;1.5;3.0;284.7;0.0;271.0;0;4
13;35;100.0;1.5;3.0;284.7;0.0;271.0;0;4
13;36;100.0;1.5;3.0;284.7;0.0;271.0;0;4
13;37;100.0;1.5;3.0;284.7;0.0;271.0;0;4
13;38;100.0;1.5;3.0;284.7;0.0;271.0;0;4
13;39;100.0;1.5;3.0;284.7;0.0;271.0;0;4
13;40;100.0;1.5;3.0;284.7;0.0;271.0;0;4
13;41;100.0;1.5;3.0;284.7;0.0;271.0;0;4
13;42;100.0;1.5;3.0;284.7;0.0;271.0;0;4
13;43;100.0;1.5;3.0;284.7;0.0;271.0;0;4
13;44;100.0;1.5;3.0;284.7;0.0;271.0;0;4
13;45;100.0;1.5;3.0;284.7;0.0;271.0;0;4
13;46;100.0;1.5;3.0;284.7;0.0;271.0;0;4
13;47;100.0;1.5;3.0;284.3;0.0;271.0;0;4
13;48;100.0;1.5;3.0;284.3;0.0;271.0;0;4
13;49;20.2;17.9;52.0;291.3;0.1;271.0;0;4
13;50;19.0;18.9;58.0;291.0;0.1;271.0;0;4
13;51;100.0;1.5;3.0;284.7;0.0;271.0;0;4
13;52;100.0;1.5;3.0;284.7;0.0;271.0;0;4
13;53;100.0;1.5;3.0;284.7;0.0;271.0;0;4
13;54;100.0;1.5;3.0;284.7;0.0;271.0;0;4
13;55;100.0;1.5;3.0;284.7;0.0;271.0;0;4
13;56;15.1;24.3;55.0;299.6;0.1;271.0;0;4
13;57;14.6;26.6;58.0;317.0;0.1;271.0;0;4
13;58;100.0;1.5;3.0;284.3;0.0;271.0;0;4
13;59;14.6;25.9;56.0;309.1;0.1;271.0;0;4
13;60;14.0;26.9;59.0;308.7;0.1;271.0;0;4
13;61;100.0;1.5;3.0;284.3;0.0;271.0;0;4
13;62;15.1;24.4;55.0;299.0;0.1;271.0;0;4
13;63;30.3;11.9;35.0;289.0;0.0;271.0;0;4
13;64;13.7;27.4;56.0;306.7;0.1;271.0;0;4
13;65;14.5;26.0;55.0;308.0;0.1;271.0;0;4
13;66;6.3;62.4;136.0;339.1;0.2;271.0;0;4
13;67;7.5;51.5;106.0;327.9;0.2;271.0;0;4
13;68;6.7;58.2;131.0;330.4;0.2;271.0;0;4
13;69;9.6;39.3;92.0;313.4;0.1;271.0;0;4
13;70;8.4;45.5;100.0;320.6;0.1;271.0;0;4
13;71;9.2;41.0;94.0;314.0;0.1;271.0;0;4
13;72;9.2;41.1;92.0;315.9;0.1;271.0;0;4
13;73;10.6;35.3;76.0;311.0;0.1;271.0;0;4
13;74;10.0;37.8;84.0;314.6;0.1;271.0;0;4
13;75;9.8;38.2;84.0;311.4;0.1;271.0;0;4
13;76;13.0;28.5;63.0;305.1;0.1;271.0;0;4
13;77;12.7;29.1;71.0;302.7;0.1;271.0;0;4
13;78;13.7;27.0;65.0;302.1;0.1;271.0;0;4
13;79;34.3;10.7;23.0;292.0;0.0;271.0;0;4
13;80;13.6;26.6;75.0;295.6;0.1;271.0;0;4
13;81;29.0;12.5;29.0;289.4;0.0;271.0;0;4
13;82;16.7;22.1;55.0;299.6;0.1;271.0;0;4
13;83;100.0;1.6;4.0;284.1;0.0;271.0;0;4
13;84;32.3;11.2;30.0;287.4;0.0;271.0;0;4
13;85;9.2;41.0;86.0;316.0;0.1;271.0;0;4
13;86;16.4;22.3;61.0;297.4;0.1;271.0;0;4
13;87;18.7;19.4;59.0;292.9;0.1;271.0;0;4
13;88;18.5;19.6;61.0;293.6;0.1;271.0;0;4
13;89;35.0;10.3;27.0;288.4;0.0;271.0;0;4
13;90;90.3;4.0;12.0;283.4;0.0;271.0;0;4
13;91;100.0;1.5;3.0;284.3;0.0;271.0;0;4
13;92;100.0;1.5;3.0;284.3;0.0;271.0;0;4
13;93;100.0;1.6;4.0;284.1;0.0;271.0;0;4
13;94;100.0;1.5;3.0;284.3;0.0;271.0;0;4
13;95;100.0;1.4;3.0;283.9;0.0;271.0;0;4
13;96;100.0;1.4;3.0;283.9;0.0;271.0;0;4
13;97;100.0;1.5;4.0;283.7;0.0;271.0;0;4
13;98;100.0;1.4;3.0;283.9;0.0;271.0;0;4
13;99;18.9;19.1;55.0;291.3;0.1;271.0;0;4
13;100;13.5;27.2;66.0;302.1;0.1;271.0;0;4
13;101;14.7;25.0;57.0;299.6;0.1;271.0;0;4
13;102;15.3;24.2;58.0;302.3;0.1;271.0;0;4
13;103;14.3;25.6;61.0;299.1;0.1;271.0;0;4
13;104;15.4;24.0;56.0;301.1;0.1;271.0;0;4
13;105;15.4;24.0;56.0;301.1;0.1;271.0;0;4
13;106;15.3;24.1;56.0;300.0;0.1;271.0;0;4
13;107;16.1;23.1;55.0;301.6;0.1;271.0;0;4
13;108;15.1;24.5;56.0;300.4;0.1;271.0;0;4
13;109;14.5;25.5;61.0;302.4;0.1;271.0;0;4
13;110;15.2;24.3;56.0;300.3;0.1;271.0;0;4
13;111;6.9;53.0;120.0;309.7;0.2;271.0;0;4
13;112;9.7;37.7;92.0;304.1;0.1;271.0;0;4
13;113;9.4;39.0;91.0;306.0;0.1;271.0;0;4
13;114;8.8;41.0;97.0;302.9;0.1;271.0;0;4
13;115;10.4;34.5;77.0;297.0;0.1;271.0;0;4
13;116;17.1;20.8;52.0;288.4;0.1;271.0;0;4
13;117;35.5;10.0;23.0;281.3;0.0;271.0;0;4
13;118;57.9;6.1;14.0;279.6;0.0;271.0;0;4
13;119;66.4;5.3;12.0;279.4;0.0;271.0;0;4
13;120;65.2;5.4;12.0;278.4;0.0;271.0;0;4
13;121;100.0;2.9;7.0;276.9;0.0;271.0;0;4
13;122;100.0;1.0;3.0;275.6;0.0;271.0;0;4
13;123;nan;0.0;0.0;275.0;0.0;271.0;0;4
13;124;nan;0.0;0.0;275.0;0.0;271.0;0;4
13;125;nan;0.0;0.0;275.0;0.0;271.0;0;4
13;126;nan;0.0;0.0;275.0;0.0;271.0;0;4
13;127;nan;0.0;0.0;275.0;0.0;271.0;0;4
13;128;nan;0.0;0.0;275.0;0.0;271.0;0;4
13;129;nan;0.0;0.0;275.0;0.0;271.0;0;4
13;130;nan;0.0;0.0;275.0;0.0;271.0;0;4
13;131;nan;0.0;0.0;275.0;0.0;271.0;0;4
13;132;nan;0.0;0.0;275.0;0.0;271.0;0;4
13;133;nan;0.0;0.0;275.0;0.0;271.0;0;4
13;134;nan;0.0;0.0;275.0;0.0;271.0;0;4
13;135;nan;0.0;0.0;275.0;0.0;271.0;0;4
13;136;nan;0.0;0.0;275.0;0.0;271.0;0;4
13;137;nan;0.0;0.0;275.0;0.0;271.0;0;4
13;138;nan;0.0;0.0;275.0;0.0;271.0;0;4
13;139;nan;0.0;0.0;275.0;0.0;271.0;0;4
13;140;nan;0.0;0.0;275.0;0.0;271.0;0;4
13;141;nan;0.0;0.0;275.0;0.0;271.0;0;4
13;142;nan;0.0;0.0;275.0;0.0;271.0;0;4
13;143;nan;0.0;0.0;275.0;0.0;271.0;0;4
13;144;nan;0.0;0.0;275.0;0.0;271.0;0;4
13;145;nan;0.0;0.0;275.0;0.0;271.0;0;4
13;146;nan;0.0;0.0;275.0;0.0;271.0;0;4
13;147;nan;0.0;0.0;275.0;0.0;271.0;0;4
13;148;nan;0.0;0.0;275.0;0.0;271.0;0;4
13;149;nan;0.0;0.0;275.0;0.0;271.0;0;4
14;0;6.3;73.1;169.0;393.4;0.2;274.0;1;1
14;1;6.0;78.0;191.0;401.0;0.2;274.0;0;1
14;2;6.4;72.5;169.0;395.4;0.2;274.0;0;1
14;3;6.9;64.4;166.0;377.0;0.2;274.0;0;1
14;4;7.0;63.9;160.0;378.3;0.2;274.0;0;1
14;5;6.4;70.4;164.0;386.0;0.2;273.0;1;2
14;6;7.0;63.4;158.0;378.0;0.2;273.0;0;2
14;7;6.5;71.7;177.0;396.6;0.2;273.0;0;2
14;8;6.6;69.0;158.0;390.4;0.2;273.0;0;2
14;9;7.0;63.5;164.0;377.4;0.2;273.0;0;2
14;10;7.9;55.2;136.0;368.9;0.1;273.0;0;2
14;11;8.8;48.5;118.0;358.1;0.1;273.0;0;2
14;12;8.7;50.2;119.0;365.6;0.1;273.0;0;2
14;13;8.1;53.3;136.0;362.0;0.1;273.0;0;2
14;14;8.0;55.4;145.0;373.0;0.1;273.0;0;2
14;15;9.8;42.4;111.0;346.7;0.1;273.0;0;2
14;16;9.0;46.4;111.0;349.7;0.1;273.0;0;2
14;17;13.1;30.2;87.0;323.3;0.1;272.0;1;3
14;18;12.3;33.3;87.0;335.6;0.1;272.0;0;3
14;19;11.5;33.6;88.0;320.1;0.1;272.0;0;3
14;20;10.3;38.5;86.0;328.4;0.1;272.0;0;3
14;21;8.8;44.7;97.0;328.0;0.1;272.0;0;3
14;22;10.1;37.9;84.0;319.0;0.1;272.0;0;3
14;23;9.5;41.1;92.0;325.3;0.1;272.0;0;3
14;24;14.0;27.3;64.0;312.7;0.1;272.0;0;3
14;25;10.7;36.1;85.0;318.9;0.1;272.0;0;3
14;26;10.0;38.6;85.0;320.7;0.1;272.0;0;3
14;27;9.4;41.5;88.0;324.9;0.1;272.0;0;3
14;28;10.2;37.9;81.0;321.3;0.1;272.0;0;3
14;29;10.1;38.1;89.0;317.9;0.1;272.0;0;3
14;30;24.4;14.9;38.0;291.1;0.1;271.0;1;4
14;31;32.6;10.9;33.0;282.3;0.0;271.0;0;4
14;32;65.7;5.3;12.0;277.0;0.0;271.0;0;4
14;33;88.6;4.0;8.0;275.6;0.0;271.0;0;4
14;34;88.6;4.0;8.0;275.6;0.0;271.0;0;4
14;35;nan;0.0;0.0;271.0;0.0;271.0;0;4
14;36;nan;0.0;0.0;271.0;0.0;271.0;0;4
14;37;nan;0.0;0.0;271.0;0.0;271.0;0;4
14;38;nan;0.0;0.0;271.0;0.0;271.0;0;4
14;39;nan;0.0;0.0;271.0;0.0;271.0;0;4
14;40;nan;0.0;0.0;271.0;0.0;271.0;0;4
14;41;nan;0.0;0.0;271.0;0.0;271.0;0;4
14;42;nan;0.0;0.0;271.0;0.0;271.0;0;4
14;43;nan;0.0;0.0;271.0;0.0;271.0;0;4
14;44;nan;0.0;0.0;271.0;0.0;271.0;0;4
14;45;nan;0.0;0.0;271.0;0.0;271.0;0;4
14;46;nan;0.0;0.0;271.0;0.0;271.0;0;4
14;47;nan;0.0;0.0;271.0;0.0;271.0;0;4
14;48;nan;0.0;0.0;271.0;0.0;271.0;0;4
14;49;nan;0.0;0.0;271.0;0.0;271.0;0;4
14;50;nan;0.0;0.0;271.0;0.0;271.0;0;4
14;51;nan;0.0;0.0;271.0;0.0;271.0;0;4
14;52;nan;0.0;0.0;271.0;0.0;271.0;0;4
14;53;nan;0.0;0.0;271.0;0.0;271.0;0;4
14;54;nan;0.0;0.0;271.0;0.0;271.0;0;4
14;55;nan;0.0;0.0;271.0;0.0;271.0;0;4
14;56;nan;0.0;0.0;271.0;0.0;271.0;0;4
14;57;nan;0.0;0.0;271.0;0.0;271.0;0;4
14;58;nan;0.0;0.0;271.0;0.0;271.0;0;4
14;59;nan;0.0;0.0;271.0;0.0;271.0;0;4
14;60;nan;0.0;0.0;271.0;0.0;271.0;0;4
14;61;nan;0.0;0.0;271.0;0.0;271.0;0;4
14;62;nan;0.0;0.0;271.0;0.0;271.0;0;4
14;63;nan;0.0;0.0;271.0;0.0;271.0;0;4
14;64;nan;0.0;0.0;271.0;0.0;271.0;0;4
14;65;nan;0.0;0.0;271.0;0.0;271.0;0;4
14;66;nan;0.0;0.0;271.0;0.0;271.0;0;4
14;67;nan;0.0;0.0;271.0;0.0;271.0;0;4
14;68;nan;0.0;0.0;271.0;0.0;271.0;0;4
14;69;nan;0.0;0.0;271.0;0.0;271.0;0;4
14;70;nan;0.0;0.0;271.0;0.0;271.0;0;4
14;71;nan;0.0;0.0;271.0;0.0;271.0;0;4
14;72;nan;0.0;0.0;271.0;0.0;271.0;0;4
14;73;nan;0.0;0.0;271.0;0.0;271.0;0;4
14;74;nan;0.0;0.0;271.0;0.0;271.0;0;4
14;75;nan;0.0;0.0;271.0;0.0;271.0;0;4
14;76;8.5;43.9;102.0;313.6;0.1;271.0;0;4
14;77;10.8;33.9;82.0;302.4;0.1;271.0;0;4
14;78;11.5;31.6;70.0;299.7;0.1;271.0;0;4
14;79;15.2;23.7;50.0;293.9;0.1;271.0;0;4
14;80;21.1;16.7;39.0;283.4;0.1;271.0;0;4
14;81;25.8;13.6;32.0;282.0;0.0;271.0;0;4
14;82;100.0;2.4;7.0;272.0;0.0;271.0;0;4
14;83;74.9;4.6;12.0;273.9;0.0;271.0;0;4
14;84;nan;0.0;0.0;271.0;0.0;271.0;0;4
14;85;nan;0.0;0.0;271.0;0.0;271.0;0;4
14;86;nan;0.0;0.0;271.0;0.0;271.0;0;4
14;87;nan;0.0;0.0;271.0;0.0;271.0;0;4
14;88;nan;0.0;0.0;271.0;0.0;271.0;0;4
14;89;nan;0.0;0.0;271.0;0.0;271.0;0;4
14;90;nan;0.0;0.0;271.0;0.0;271.0;0;4
14;91;nan;0.0;0.0;271.0;0.0;271.0;0;4
14;92;nan;0.0;0.0;271.0;0.0;271.0;0;4
14;93;nan;0.0;0.0;271.0;0.0;271.0;0;4
14;94;nan;0.0;0.0;271.0;0.0;271.0;0;4
14;95;nan;0.0;0.0;271.0;0.0;271.0;0;4
14;96;nan;0.0;0.0;271.0;0.0;271.0;0;4
14;97;nan;0.0;0.0;271.0;0.0;271.0;0;4
14;98;nan;0.0;0.0;271.0;0.0;271.0;0;4
14;99;nan;0.0;0.0;271.0;0.0;271.0;0;4
14;100;nan;0.0;0.0;271.0;0.0;271.0;0;4
14;101;nan;0.0;0.0;271.0;0.0;271.0;0;4
14;102;nan;0.0;0.0;271.0;0.0;271.0;0;4
14;103;nan;0.0;0.0;271.0;0.0;271.0;0;4
14;104;nan;0.0;0.0;271.0;0.0;271.0;0;4
14;105;nan;0.0;0.0;271.0;0.0;271.0;0;4
14;106;nan;0.0;0.0;271.0;0.0;271.0;0;4
14;107;nan;0.0;0.0;271.0;0.0;271.0;0;4
14;108;nan;0.0;0.0;271.0;0.0;271.0;0;4
14;109;nan;0.0;0.0;271.0;0.0;271.0;0;4
14;110;nan;0.0;0.0;271.0;0.0;271.0;0;4
14;111;nan;0.0;0.0;271.0;0.0;271.0;0;4
14;112;nan;0.0;0.0;271.0;0.0;271.0;0;4
14;113;nan;0.0;0.0;271.0;0.0;271.0;0;4
14;114;nan;0.0;0.0;271.0;0.0;271.0;0;4
14;115;nan;0.0;0.0;271.0;0.0;271.0;0;4
14;116;nan;0.0;0.0;271.0;0.0;271.0;0;4
14;117;nan;0.0;0.0;271.0;0.0;271.0;0;4
14;118;nan;0.0;0.0;271.0;0.0;271.0;0;4
14;119;nan;0.0;0.0;271.0;0.0;271.0;0;4
14;120;nan;0.0;0.0;271.0;0.0;271.0;0;4
14;121;11.5;31.4;76.0;297.9;0.1;271.0;0;4
14;122;25.1;14.1;32.0;282.3;0.0;271.0;0;4
14;123;22.0;15.9;38.0;281.4;0.1;271.0;0;4
14;124;100.0;3.1;9.0;272.3;0.0;271.0;0;4
14;125;nan;0.0;0.0;271.0;0.0;271.0;0;4
14;126;nan;0.0;0.0;271.0;0.0;271.0;0;4
14;127;nan;0.0;0.0;271.0;0.0;271.0;0;4
14;128;nan;0.0;0.0;271.0;0.0;271.0;0;4
14;129;nan;0.0;0.0;271.0;0.0;271.0;0;4
14;130;nan;0.0;0.0;271.0;0.0;271.0;0;4
14;131;nan;0.0;0.0;271.0;0.0;271.0;0;4
14;132;nan;0.0;0.0;271.0;0.0;271.0;0;4
14;133;nan;0.0;0.0;271.0;0.0;271.0;0;4
14;134;nan;0.0;0.0;271.0;0.0;271.0;0;4
14;135;nan;0.0;0.0;271.0;0.0;271.0;0;4
14;136;nan;0.0;0.0;271.0;0.0;271.0;0;4
14;137;nan;0.0;0.0;271.0;0.0;271.0;0;4
14;138;nan;0.0;0.0;271.0;0.0;271.0;0;4
14;139;nan;0.0;0.0;271.0;0.0;271.0;0;4
14;140;nan;0.0;0.0;271.0;0.0;271.0;0;4
14;141;nan;0.0;0.0;271.0;0.0;271.0;0;4
14;142;nan;0.0;0.0;271.0;0.0;271.0;0;4
14;143;nan;0.0;0.0;271.0;0.0;271.0;0;4
14;144;nan;0.0;0.0;271.0;0.0;271.0;0;4
14;145;nan;0.0;0.0;271.0;0.0;271.0;0;4
14;146;nan;0.0;0.0;271.0;0.0;271.0;0;4
14;147;nan;0.0;0.0;271.0;0.0;271.0;0;4
14;148;nan;0.0;0.0;271.0;0.0;271.0;0;4
14;149;nan;0.0;0.0;271.0;0.0;271.0;0;4
15;0;6.1;79.8;183.0;415.4;0.2;287.0;1;1
15;1;5.9;80.0;186.0;408.7;0.2;280.0;1;2
15;2;6.1;75.0;182.0;393.6;0.2;273.0;1;3
15;3;6.0;76.3;190.0;395.9;0.2;273.0;0;3
15;4;6.5;69.2;162.0;385.6;0.2;273.0;0;3
15;5;7.2;61.3;146.0;374.7;0.2;273.0;0;3
15;6;7.6;55.8;155.0;360.6;0.2;273.0;0;3
15;7;6.8;66.4;160.0;383.9;0.2;273.0;0;3
15;8;6.8;67.2;161.0;387.1;0.2;273.0;0;3
15;9;7.4;60.1;145.0;378.0;0.2;273.0;0;3
15;10;8.3;52.4;127.0;365.1;0.1;273.0;0;3
15;11;7.7;56.5;138.0;368.3;0.2;273.0;0;3
15;12;7.8;57.1;134.0;374.7;0.2;273.0;0;3
15;13;8.9;48.7;118.0;362.0;0.1;273.0;0;3
15;14;8.4;50.9;121.0;359.0;0.1;273.0;0;3
15;15;9.0;46.4;113.0;350.9;0.1;273.0;0;3
15;16;10.1;40.1;105.0;337.4;0.1;273.0;0;3
15;17;11.3;35.7;92.0;334.3;0.1;273.0;0;3
15;18;10.7;37.5;99.0;333.4;0.1;271.0;1;4
15;19;17.0;22.5;63.0;311.0;0.1;271.0;0;4
15;20;22.9;16.1;42.0;296.4;0.1;271.0;0;4
15;21;16.6;22.4;56.0;302.1;0.1;271.0;0;4
15;22;14.1;26.4;67.0;304.7;0.1;271.0;0;4
15;23;32.8;11.2;30.0;291.7;0.0;271.0;0;4
15;24;50.8;6.9;17.0;278.7;0.0;271.0;0;4
15;25;23.7;15.2;34.0;289.7;0.1;271.0;0;4
15;26;27.3;12.9;34.0;282.0;0.0;271.0;0;4
15;27;59.9;5.9;13.0;277.7;0.0;271.0;0;4
15;28;91.7;3.8;8.0;274.3;0.0;271.0;0;4
15;29;96.3;3.6;8.0;273.3;0.0;271.0;0;4
15;30;nan;0.0;0.0;271.0;0.0;271.0;0;4
15;31;31.0;11.2;32.0;277.1;0.0;271.0;0;4
15;32;nan;0.0;0.0;271.0;0.0;271.0;0;4
15;33;nan;0.0;0.0;271.0;0.0;271.0;0;4
15;34;nan;0.0;0.0;271.0;0.0;271.0;0;4
15;35;nan;0.0;0.0;271.0;0.0;271.0;0;4
15;36;nan;0.0;0.0;271.0;0.0;271.0;0;4
15;37;nan;0.0;0.0;271.0;0.0;271.0;0;4
15;38;nan;0.0;0.0;271.0;0.0;271.0;0;4
15;39;nan;0.0;0.0;271.0;0.0;271.0;0;4
15;40;nan;0.0;0.0;271.0;0.0;271.0;0;4
15;41;nan;0.0;0.0;271.0;0.0;271.0;0;4
15;42;nan;0.0;0.0;271.0;0.0;271.0;0;4
15;43;nan;0.0;0.0;271.0;0.0;271.0;0;4
15;44;nan;0.0;0.0;271.0;0.0;271.0;0;4
15;45;nan;0.0;0.0;271.0;0.0;271.0;0;4
15;46;nan;0.0;0.0;271.0;0.0;271.0;0;4
15;47;nan;0.0;0.0;271.0;0.0;271.0;0;4
15;48;nan;0.0;0.0;271.0;0.0;271.0;0;4
15;49;nan;0.0;0.0;271.0;0.0;271.0;0;4
15;50;nan;0.0;0.0;271.0;0.0;271.0;0;4
15;51;nan;0.0;0.0;271.0;0.0;271.0;0;4
15;52;nan;0.0;0.0;271.0;0.0;271.0;0;4
15;53;nan;0.0;0.0;271.0;0.0;271.0;0;4
15;54;nan;0.0;0.0;271.0;0.0;271.0;0;4
15;55;nan;0.0;0.0;271.0;0.0;271.0;0;4
15;56;nan;0.0;0.0;271.0;0.0;271.0;0;4
15;57;nan;0.0;0.0;271.0;0.0;271.0;0;4
15;58;nan;0.0;0.0;271.0;0.0;271.0;0;4
15;59;nan;0.0;0.0;271.0;0.0;271.0;0;4
15;60;nan;0.0;0.0;271.0;0.0;271.0;0;4
15;61;nan;0.0;0.0;271.0;0.0;271.0;0;4
15;62;nan;0.0;0.0;271.0;0.0;271.0;0;4
15;63;nan;0.0;0.0;271.0;0.0;271.0;0;4
15;64;10.1;36.8;91.0;310.0;0.1;271.0;0;4
15;65;7.2;52.7;112.0;321.7;0.2;271.0;0;4
15;66;7.9;48.4;107.0;322.0;0.2;271.0;0;4
15;67;11.8;31.7;78.0;306.9;0.1;271.0;0;4
15;68;13.2;27.4;59.0;297.1;0.1;271.0;0;4
15;69;29.2;12.0;28.0;280.0;0.0;271.0;0;4
15;70;35.8;9.8;24.0;279.0;0.0;271.0;0;4
15;71;100.0;2.9;8.0;272.7;0.0;271.0;0;4
15;72;nan;0.0;0.0;271.0;0.0;271.0;0;4
15;73;nan;0.0;0.0;271.0;0.0;271.0;0;4
15;74;nan;0.0;0.0;271.0;0.0;271.0;0;4
15;75;nan;0.0;0.0;271.0;0.0;271.0;0;4
15;76;nan;0.0;0.0;271.0;0.0;271.0;0;4
15;77;nan;0.0;0.0;271.0;0.0;271.0;0;4
15;78;nan;0.0;0.0;271.0;0.0;271.0;0;4
15;79;nan;0.0;0.0;271.0;0.0;271.0;0;4
15;80;nan;0.0;0.0;271.0;0.0;271.0;0;4
15;81;nan;0.0;0.0;271.0;0.0;271.0;0;4
15;82;nan;0.0;0.0;271.0;0.0;271.0;0;4
15;83;nan;0.0;0.0;271.0;0.0;271.0;0;4
15;84;nan;0.0;0.0;271.0;0.0;271.0;0;4
15;85;nan;0.0;0.0;271.0;0.0;271.0;0;4
15;86;nan;0.0;0.0;271.0;0.0;271.0;0;4
15;87;nan;0.0;0.0;271.0;0.0;271.0;0;4
15;88;nan;0.0;0.0;271.0;0.0;271.0;0;4
15;89;nan;0.0;0.0;271.0;0.0;271.0;0;4
15;90;nan;0.0;0.0;271.0;0.0;271.0;0;4
15;91;nan;0.0;0.0;271.0;0.0;271.0;0;4
15;92;nan;0.0;0.0;271.0;0.0;271.0;0;4
15;93;nan;0.0;0.0;271.0;0.0;271.0;0;4
15;94;nan;0.0;0.0;271.0;0.0;271.0;0;4
15;95;nan;0.0;0.0;271.0;0.0;271.0;0;4
15;96;nan;0.0;0.0;271.0;0.0;271.0;0;4
15;97;nan;0.0;0.0;271.0;0.0;271.0;0;4
15;98;nan;0.0;0.0;271.0;0.0;271.0;0;4
15;99;nan;0.0;0.0;271.0;0.0;271.0;0;4
15;100;nan;0.0;0.0;271.0;0.0;271.0;0;4
15;101;nan;0.0;0.0;271.0;0.0;271.0;0;4
15;102;nan;0.0;0.0;271.0;0.0;271.0;0;4
15;103;nan;0.0;0.0;271.0;0.0;271.0;0;4
15;104;nan;0.0;0.0;271.0;0.0;271.0;0;4
15;105;nan;0.0;0.0;271.0;0.0;271.0;0;4
15;106;nan;0.0;0.0;271.0;0.0;271.0;0;4
15;107;nan;0.0;0.0;271.0;0.0;271.0;0;4
15;108;nan;0.0;0.0;271.0;0.0;271.0;0;4
15;109;10.8;33.3;80.0;298.3;0.1;271.0;0;4
15;110;50.9;6.9;17.0;275.9;0.0;271.0;0;4
15;111;50.1;7.0;18.0;277.9;0.0;271.0;0;4
15;112;69.6;5.0;12.0;274.1;0.0;271.0;0;4
15;113;84.8;4.1;10.0;273.6;0.0;271.0;0;4
15;114;nan;0.0;0.0;271.0;0.0;271.0;0;4
15;115;nan;0.0;0.0;271.0;0.0;271.0;0;4
15;116;nan;0.0;0.0;271.0;0.0;271.0;0;4
15;117;nan;0.0;0.0;271.0;0.0;271.0;0;4
15;118;nan;0.0;0.0;271.0;0.0;271.0;0;4
15;119;nan;0.0;0.0;271.0;0.0;271.0;0;4
15;120;nan;0.0;0.0;271.0;0.0;271.0;0;4
15;121;nan;0.0;0.0;271.0;0.0;271.0;0;4
15;122;nan;0.0;0.0;271.0;0.0;271.0;0;4
15;123;nan;0.0;0.0;271.0;0.0;271.0;0;4
15;124;nan;0.0;0.0;271.0;0.0;271.0;0;4
15;125;nan;0.0;0.0;271.0;0.0;271.0;0;4
15;126;nan;0.0;0.0;271.0;0.0;271.0;0;4
15;127;nan;0.0;0.0;271.0;0.0;271.0;0;4
15;128;nan;0.0;0.0;271.0;0.0;271.0;0;4
15;129;nan;0.0;0.0;271.0;0.0;271.0;0;4
15;130;nan;0.0;0.0;271.0;0.0;271.0;0;4
15;131;nan;0.0;0.0;271.0;0.0;271.0;0;4
15;132;nan;0.0;0.0;271.0;0.0;271.0;0;4
15;133;nan;0.0;0.0;271.0;0.0;271.0;0;4
15;134;nan;0.0;0.0;271.0;0.0;271.0;0;4
15;135;nan;0.0;0.0;271.0;0.0;271.0;0;4
15;136;nan;0.0;0.0;271.0;0.0;271.0;0;4
15;137;nan;0.0;0.0;271.0;0.0;271.0;0;4
15;138;nan;0.0;0.0;271.0;0.0;271.0;0;4
15;139;nan;0.0;0.0;271.0;0.0;271.0;0;4
15;140;nan;0.0;0.0;271.0;0.0;271.0;0;4
15;141;nan;0.0;0.0;271.0;0.0;271.0;0;4
15;142;nan;0.0;0.0;271.0;0.0;271.0;0;4
15;143;nan;0.0;0.0;271.0;0.0;271.0;0;4
15;144;nan;0.0;0.0;271.0;0.0;271.0;0;4
15;145;nan;0.0;0.0;271.0;0.0;271.0;0;4
15;146;nan;0.0;0.0;271.0;0.0;271.0;0;4
15;147;nan;0.0;0.0;271.0;0.0;271.0;0;4
15;148;nan;0.0;0.0;271.0;0.0;271.0;0;4
15;149;nan;0.0;0.0;271.0;0.0;271.0;0;4
16;0;5.3;92.7;213.0;427.0;0.2;276.0;1;1
16;1;5.6;85.4;213.0;416.7;0.2;276.0;0;1
16;2;6.6;69.8;169.0;394.4;0.2;276.0;0;1
16;3;6.4;72.0;169.0;396.9;0.2;276.0;0;1
16;4;6.8;66.6;157.0;387.7;0.2;276.0;0;1
16;5;6.0;78.0;182.0;405.4;0.2;276.0;0;1
16;6;6.6;68.5;166.0;388.3;0.2;276.0;0;1
16;7;5.7;83.9;199.0;412.9;0.2;273.0;1;2
16;8;7.1;62.8;161.0;376.6;0.2;271.0;1;3
16;9;7.8;56.2;132.0;371.1;0.2;271.0;0;3
16;10;8.2;53.5;128.0;367.6;0.1;271.0;0;3
16;11;7.3;61.1;153.0;377.9;0.2;271.0;0;3
16;12;8.6;49.6;132.0;355.6;0.1;271.0;0;3
16;13;8.5;50.6;128.0;361.1;0.1;271.0;0;3
16;14;8.1;53.7;138.0;366.1;0.1;271.0;0;3
16;15;9.4;44.8;102.0;351.7;0.1;271.0;0;3
16;16;10.3;40.0;107.0;341.1;0.1;271.0;0;3
16;17;10.5;38.8;98.0;337.4;0.1;271.0;0;3
16;18;13.4;29.1;76.0;320.4;0.1;271.0;0;3
16;19;14.4;27.7;78.0;326.1;0.1;271.0;0;3
16;20;10.3;36.9;83.0;316.6;0.1;271.0;0;3
16;21;10.2;38.2;86.0;322.6;0.1;271.0;0;3
16;22;12.8;29.7;68.0;310.7;0.1;271.0;0;3
16;23;9.9;39.9;92.0;328.6;0.1;271.0;0;3
16;24;14.0;26.8;59.0;306.0;0.1;271.0;0;3
16;25;13.7;27.6;65.0;308.4;0.1;271.0;0;3
16;26;15.2;24.3;60.0;300.9;0.1;271.0;0;3
16;27;17.0;21.6;50.0;297.7;0.1;271.0;0;3
16;28;18.6;19.7;46.0;296.7;0.1;271.0;0;3
16;29;23.0;15.7;46.0;290.3;0.1;271.0;0;3
16;30;39.7;9.1;25.0;286.4;0.0;271.0;0;3
16;31;51.4;7.0;15.0;284.0;0.0;271.0;0;3
16;32;25.7;14.1;32.0;291.6;0.0;271.0;0;3
16;33;23.1;15.8;32.0;293.3;0.1;271.0;0;3
16;34;23.1;15.8;32.0;293.3;0.1;271.0;0;3
16;35;31.1;11.4;32.0;281.4;0.0;271.0;0;3
16;36;nan;0.0;0.0;275.0;0.0;271.0;0;3
16;37;nan;0.0;0.0;275.0;0.0;271.0;0;3
16;38;nan;0.0;0.0;275.0;0.0;271.0;0;3
16;39;nan;0.0;0.0;275.0;0.0;271.0;0;3
16;40;nan;0.0;0.0;275.0;0.0;271.0;0;3
16;41;nan;0.0;0.0;275.0;0.0;271.0;0;3
16;42;nan;0.0;0.0;275.0;0.0;271.0;0;3
16;43;nan;0.0;0.0;275.0;0.0;271.0;0;3
16;44;nan;0.0;0.0;275.0;0.0;271.0;0;3
16;45;nan;0.0;0.0;275.0;0.0;271.0;0;3
16;46;nan;0.0;0.0;275.0;0.0;271.0;0;3
16;47;nan;0.0;0.0;275.0;0.0;271.0;0;3
16;48;nan;0.0;0.0;275.0;0.0;271.0;0;3
16;49;nan;0.0;0.0;275.0;0.0;271.0;0;3
16;50;nan;0.0;0.0;275.0;0.0;271.0;0;3
16;51;nan;0.0;0.0;275.0;0.0;271.0;0;3
16;52;nan;0.0;0.0;275.0;0.0;271.0;0;3
16;53;nan;0.0;0.0;275.0;0.0;271.0;0;3
16;54;nan;0.0;0.0;275.0;0.0;271.0;0;3
16;55;nan;0.0;0.0;275.0;0.0;271.0;0;3
16;56;nan;0.0;0.0;275.0;0.0;271.0;0;3
16;57;nan;0.0;0.0;275.0;0.0;271.0;0;3
16;58;nan;0.0;0.0;275.0;0.0;271.0;0;3
16;59;nan;0.0;0.0;275.0;0.0;271.0;0;3
16;60;nan;0.0;0.0;275.0;0.0;271.0;0;3
16;61;nan;0.0;0.0;275.0;0.0;271.0;0;3
16;62;nan;0.0;0.0;275.0;0.0;271.0;0;3
16;63;nan;0.0;0.0;275.0;0.0;271.0;0;3
16;64;nan;0.0;0.0;275.0;0.0;271.0;0;3
16;65;nan;0.0;0.0;275.0;0.0;271.0;0;3
16;66;nan;0.0;0.0;275.0;0.0;271.0;0;3
16;67;9.8;39.2;84.0;318.4;0.1;271.0;0;3
16;68;8.7;43.3;103.0;316.3;0.1;271.0;0;3
16;69;9.8;38.5;90.0;314.1;0.1;271.0;0;3
16;70;13.9;26.5;63.0;300.6;0.1;271.0;0;3
16;71;13.3;27.9;63.0;303.6;0.1;271.0;0;3
16;72;11.9;31.2;67.0;304.9;0.1;271.0;0;3
16;73;40.1;8.7;25.0;278.6;0.0;271.0;0;3
16;74;62.8;5.6;16.0;277.3;0.0;271.0;0;3
16;75;nan;0.0;0.0;275.0;0.0;271.0;0;3
16;76;nan;0.0;0.0;275.0;0.0;271.0;0;3
16;77;nan;0.0;0.0;275.0;0.0;271.0;0;3
16;78;nan;0.0;0.0;275.0;0.0;271.0;0;3
16;79;nan;0.0;0.0;275.0;0.0;271.0;0;3
16;80;nan;0.0;0.0;275.0;0.0;271.0;0;3
16;81;nan;0.0;0.0;275.0;0.0;271.0;0;3
16;82;nan;0.0;0.0;275.0;0.0;271.0;0;3
16;83;nan;0.0;0.0;275.0;0.0;271.0;0;3
16;84;nan;0.0;0.0;275.0;0.0;271.0;0;3
16;85;nan;0.0;0.0;275.0;0.0;271.0;0;3
16;86;nan;0.0;0.0;275.0;0.0;271.0;0;3
16;87;nan;0.0;0.0;275.0;0.0;271.0;0;3
16;88;nan;0.0;0.0;275.0;0.0;271.0;0;3
16;89;nan;0.0;0.0;275.0;0.0;271.0;0;3
16;90;nan;0.0;0.0;275.0;0.0;271.0;0;3
16;91;nan;0.0;0.0;275.0;0.0;271.0;0;3
16;92;nan;0.0;0.0;275.0;0.0;271.0;0;3
16;93;nan;0.0;0.0;275.0;0.0;271.0;0;3
16;94;nan;0.0;0.0;275.0;0.0;271.0;0;3
16;95;nan;0.0;0.0;275.0;0.0;271.0;0;3
16;96;nan;0.0;0.0;275.0;0.0;271.0;0;3
16;97;nan;0.0;0.0;275.0;0.0;271.0;0;3
16;98;nan;0.0;0.0;275.0;0.0;271.0;0;3
16;99;nan;0.0;0.0;275.0;0.0;271.0;0;3
16;100;nan;0.0;0.0;275.0;0.0;271.0;0;3
16;101;nan;0.0;0.0;275.0;0.0;271.0;0;3
16;102;nan;0.0;0.0;275.0;0.0;271.0;0;3
16;103;nan;0.0;0.0;275.0;0.0;271.0;0;3
16;104;nan;0.0;0.0;275.0;0.0;271.0;0;3
16;105;nan;0.0;0.0;275.0;0.0;271.0;0;3
16;106;nan;0.0;0.0;275.0;0.0;271.0;0;3
16;107;nan;0.0;0.0;275.0;0.0;271.0;0;3
16;108;nan;0.0;0.0;275.0;0.0;271.0;0;3
16;109;nan;0.0;0.0;275.0;0.0;271.0;0;3
16;110;nan;0.0;0.0;275.0;0.0;271.0;0;3
16;111;nan;0.0;0.0;275.0;0.0;271.0;0;3
16;112;11.9;30.3;70.0;297.3;0.1;271.0;0;3
16;113;20.8;17.3;43.0;290.4;0.1;271.0;0;3
16;114;15.7;22.9;64.0;292.6;0.1;271.0;0;3
16;115;15.5;23.3;59.0;293.3;0.1;271.0;0;3
16;116;8.6;42.3;100.0;304.3;0.1;271.0;0;3
16;117;28.0;12.7;31.0;283.1;0.0;271.0;0;3
16;118;nan;0.0;0.0;275.0;0.0;271.0;0;3
16;119;nan;0.0;0.0;275.0;0.0;271.0;0;3
16;120;nan;0.0;0.0;275.0;0.0;271.0;0;3
16;121;nan;0.0;0.0;275.0;0.0;271.0;0;3
16;122;nan;0.0;0.0;275.0;0.0;271.0;0;3
16;123;nan;0.0;0.0;275.0;0.0;271.0;0;3
16;124;nan;0.0;0.0;275.0;0.0;271.0;0;3
16;125;nan;0.0;0.0;275.0;0.0;271.0;0;3
16;126;nan;0.0;0.0;275.0;0.0;271.0;0;3
16;127;nan;0.0;0.0;275.0;0.0;271.0;0;3
16;128;nan;0.0;0.0;275.0;0.0;271.0;0;3
16;129;nan;0.0;0.0;275.0;0.0;271.0;0;3
16;130;nan;0.0;0.0;275.0;0.0;271.0;0;3
16;131;nan;0.0;0.0;275.0;0.0;271.0;0;3
16;132;nan;0.0;0.0;275.0;0.0;271.0;0;3
16;133;nan;0.0;0.0;275.0;0.0;271.0;0;3
16;134;nan;0.0;0.0;275.0;0.0;271.0;0;3
16;135;nan;0.0;0.0;275.0;0.0;271.0;0;3
16;136;nan;0.0;0.0;275.0;0.0;271.0;0;3
16;137;nan;0.0;0.0;275.0;0.0;271.0;0;3
16;138;nan;0.0;0.0;275.0;0.0;271.0;0;3
16;139;nan;0.0;0.0;275.0;0.0;271.0;0;3
16;140;nan;0.0;0.0;275.0;0.0;271.0;0;3
16;141;nan;0.0;0.0;275.0;0.0;271.0;0;3
16;142;nan;0.0;0.0;275.0;0.0;271.0;0;3
16;143;nan;0.0;0.0;275.0;0.0;271.0;0;3
16;144;100.0;0.7;2.0;274.7;0.0;271.0;0;3
16;145;nan;0.0;0.0;275.0;0.0;271.0;0;3
16;146;nan;0.0;0.0;275.0;0.0;271.0;0;3
16;147;nan;0.0;0.0;275.0;0.0;271.0;0;3
16;148;nan;0.0;0.0;275.0;0.0;271.0;0;3
16;149;nan;0.0;0.0;275.0;0.0;271.0;0;3
17;0;6.5;69.7;165.0;388.9;0.2;278.0;1;1
17;1;6.1;77.3;184.0;404.0;0.2;278.0;0;1
17;2;6.2;74.7;177.0;397.3;0.2;278.0;0;1
17;3;7.2;62.4;154.0;379.1;0.2;274.0;1;2
17;4;5.7;84.0;194.0;416.6;0.2;274.0;0;2
17;5;7.2;63.2;150.0;386.0;0.2;274.0;0;2
17;6;7.0;64.5;151.0;382.6;0.2;274.0;0;2
17;7;6.5;71.5;175.0;394.9;0.2;274.0;0;2
17;8;7.7;57.4;136.0;374.1;0.2;274.0;0;2
17;9;7.3;61.6;143.0;380.1;0.2;274.0;0;2
17;10;7.3;61.3;148.0;377.0;0.2;274.0;0;2
17;11;7.3;60.9;152.0;377.3;0.2;274.0;0;2
17;12;6.8;66.2;160.0;385.7;0.2;274.0;0;2
17;13;8.1;53.4;134.0;363.6;0.1;274.0;0;2
17;14;7.9;53.8;134.0;356.9;0.2;274.0;0;2
17;15;10.9;37.9;101.0;343.0;0.1;274.0;0;2
17;16;9.2;47.5;121.0;363.4;0.1;274.0;0;2
17;17;11.6;34.7;86.0;331.9;0.1;274.0;0;2
17;18;10.7;37.9;96.0;335.1;0.1;274.0;0;2
17;19;10.7;38.3;92.0;340.3;0.1;274.0;0;2
17;20;11.8;31.9;75.0;311.9;0.1;274.0;0;2
17;21;14.4;26.1;59.0;308.0;0.1;274.0;0;2
17;22;9.8;40.1;92.0;327.6;0.1;274.0;0;2
17;23;15.0;25.1;56.0;307.0;0.1;274.0;0;2
17;24;10.9;35.5;85.0;320.1;0.1;273.0;1;3
17;25;18.4;20.2;48.0;301.1;0.1;273.0;0;3
17;26;16.8;22.5;53.0;306.9;0.1;273.0;0;3
17;27;21.0;17.9;41.0;302.6;0.1;273.0;0;3
17;28;16.0;23.2;59.0;300.9;0.1;273.0;0;3
17;29;24.3;15.2;35.0;297.0;0.1;273.0;0;3
17;30;25.2;14.7;35.0;296.6;0.0;273.0;0;3
17;31;50.0;7.1;18.0;282.3;0.0;273.0;0;3
17;32;20.9;17.6;43.0;296.3;0.1;273.0;0;3
17;33;20.0;18.5;42.0;298.1;0.1;273.0;0;3
17;34;22.9;15.6;39.0;288.0;0.1;273.0;0;3
17;35;81.4;4.3;9.0;278.0;0.0;273.0;0;3
17;36;nan;0.0;0.0;274.0;0.0;273.0;0;3
17;37;nan;0.0;0.0;274.0;0.0;273.0;0;3
17;38;nan;0.0;0.0;274.0;0.0;273.0;0;3
17;39;nan;0.0;0.0;274.0;0.0;273.0;0;3
17;40;nan;0.0;0.0;274.0;0.0;273.0;0;3
17;41;nan;0.0;0.0;274.0;0.0;273.0;0;3
17;42;nan;0.0;0.0;274.0;0.0;273.0;0;3
17;43;nan;0.0;0.0;274.0;0.0;273.0;0;3
17;44;nan;0.0;0.0;274.0;0.0;273.0;0;3
17;45;nan;0.0;0.0;274.0;0.0;273.0;0;3
17;46;nan;0.0;0.0;274.0;0.0;273.0;0;3
17;47;nan;0.0;0.0;274.0;0.0;273.0;0;3
17;48;nan;0.0;0.0;274.0;0.0;273.0;0;3
17;49;nan;0.0;0.0;274.0;0.0;273.0;0;3
17;50;nan;0.0;0.0;274.0;0.0;273.0;0;3
17;51;nan;0.0;0.0;274.0;0.0;273.0;0;3
17;52;nan;0.0;0.0;274.0;0.0;273.0;0;3
17;53;nan;0.0;0.0;274.0;0.0;273.0;0;3
17;54;nan;0.0;0.0;274.0;0.0;273.0;0;3
17;55;nan;0.0;0.0;274.0;0.0;273.0;0;3
17;56;nan;0.0;0.0;274.0;0.0;273.0;0;3
17;57;nan;0.0;0.0;274.0;0.0;273.0;0;3
17;58;nan;0.0;0.0;274.0;0.0;273.0;0;3
17;59;nan;0.0;0.0;274.0;0.0;273.0;0;3
17;60;nan;0.0;0.0;274.0;0.0;273.0;0;3
17;61;nan;0.0;0.0;274.0;0.0;273.0;0;3
17;62;nan;0.0;0.0;274.0;0.0;273.0;0;3
17;63;nan;0.0;0.0;274.0;0.0;273.0;0;3
17;64;nan;0.0;0.0;274.0;0.0;273.0;0;3
17;65;nan;0.0;0.0;274.0;0.0;273.0;0;3
17;66;nan;0.0;0.0;274.0;0.0;273.0;0;3
17;67;nan;0.0;0.0;274.0;0.0;273.0;0;3
17;68;nan;0.0;0.0;274.0;0.0;273.0;0;3
17;69;nan;0.0;0.0;274.0;0.0;273.0;0;3
17;70;8.6;44.1;97.0;317.4;0.1;273.0;0;3
17;71;11.6;32.5;70.0;309.6;0.1;273.0;0;3
17;72;12.0;30.6;67.0;302.4;0.1;273.0;0;3
17;73;11.1;33.4;72.0;306.3;0.1;273.0;0;3
17;74;20.4;17.6;45.0;289.1;0.1;273.0;0;3
17;75;55.2;6.4;18.0;278.3;0.0;273.0;0;3
17;76;nan;0.0;0.0;274.0;0.0;273.0;0;3
17;77;nan;0.0;0.0;274.0;0.0;273.0;0;3
17;78;nan;0.0;0.0;274.0;0.0;273.0;0;3
17;79;nan;0.0;0.0;274.0;0.0;273.0;0;3
17;80;nan;0.0;0.0;274.0;0.0;273.0;0;3
17;81;nan;0.0;0.0;274.0;0.0;273.0;0;3
17;82;nan;0.0;0.0;274.0;0.0;273.0;0;3
17;83;nan;0.0;0.0;274.0;0.0;273.0;0;3
17;84;nan;0.0;0.0;274.0;0.0;273.0;0;3
17;85;nan;0.0;0.0;274.0;0.0;273.0;0;3
17;86;nan;0.0;0.0;274.0;0.0;273.0;0;3
17;87;nan;0.0;0.0;274.0;0.0;273.0;0;3
17;88;nan;0.0;0.0;274.0;0.0;273.0;0;3
17;89;nan;0.0;0.0;274.0;0.0;273.0;0;3
17;90;nan;0.0;0.0;274.0;0.0;273.0;0;3
17;91;nan;0.0;0.0;274.0;0.0;273.0;0;3
17;92;nan;0.0;0.0;274.0;0.0;273.0;0;3
17;93;nan;0.0;0.0;274.0;0.0;273.0;0;3
17;94;nan;0.0;0.0;274.0;0.0;273.0;0;3
17;95;nan;0.0;0.0;274.0;0.0;273.0;0;3
17;96;nan;0.0;0.0;274.0;0.0;273.0;0;3
17;97;nan;0.0;0.0;274.0;0.0;273.0;0;3
17;98;nan;0.0;0.0;274.0;0.0;273.0;0;3
17;99;nan;0.0;0.0;274.0;0.0;273.0;0;3
17;100;nan;0.0;0.0;274.0;0.0;273.0;0;3
17;101;nan;0.0;0.0;274.0;0.0;273.0;0;3
17;102;nan;0.0;0.0;274.0;0.0;273.0;0;3
17;103;nan;0.0;0.0;274.0;0.0;273.0;0;3
17;104;nan;0.0;0.0;274.0;0.0;273.0;0;3
17;105;nan;0.0;0.0;274.0;0.0;273.0;0;3
17;106;nan;0.0;0.0;274.0;0.0;273.0;0;3
17;107;nan;0.0;0.0;274.0;0.0;273.0;0;3
17;108;nan;0.0;0.0;274.0;0.0;273.0;0;3
17;109;nan;0.0;0.0;274.0;0.0;273.0;0;3
17;110;nan;0.0;0.0;274.0;0.0;273.0;0;3
17;111;nan;0.0;0.0;274.0;0.0;273.0;0;3
17;112;nan;0.0;0.0;274.0;0.0;273.0;0;3
17;113;nan;0.0;0.0;274.0;0.0;273.0;0;3
17;114;nan;0.0;0.0;274.0;0.0;273.0;0;3
17;115;18.4;19.5;50.0;289.9;0.1;273.0;0;3
17;116;20.7;17.1;39.0;285.0;0.1;273.0;0;3
17;117;100.0;2.8;8.0;275.7;0.0;273.0;0;3
17;118;nan;0.0;0.0;274.0;0.0;273.0;0;3
17;119;100.0;1.0;3.0;274.4;0.0;273.0;0;3
17;120;nan;0.0;0.0;274.0;0.0;273.0;0;3
17;121;nan;0.0;0.0;274.0;0.0;273.0;0;3
17;122;nan;0.0;0.0;274.0;0.0;273.0;0;3
17;123;nan;0.0;0.0;274.0;0.0;273.0;0;3
17;124;nan;0.0;0.0;274.0;0.0;273.0;0;3
17;125;nan;0.0;0.0;274.0;0.0;273.0;0;3
17;126;nan;0.0;0.0;274.0;0.0;273.0;0;3
17;127;nan;0.0;0.0;274.0;0.0;273.0;0;3
17;128;nan;0.0;0.0;274.0;0.0;273.0;0;3
17;129;nan;0.0;0.0;274.0;0.0;273.0;0;3
17;130;nan;0.0;0.0;274.0;0.0;273.0;0;3
17;131;nan;0.0;0.0;274.0;0.0;273.0;0;3
17;132;nan;0.0;0.0;274.0;0.0;273.0;0;3
17;133;nan;0.0;0.0;274.0;0.0;273.0;0;3
17;134;nan;0.0;0.0;274.0;0.0;273.0;0;3
17;135;nan;0.0;0.0;274.0;0.0;273.0;0;3
17;136;nan;0.0;0.0;274.0;0.0;273.0;0;3
17;137;nan;0.0;0.0;274.0;0.0;273.0;0;3
17;138;nan;0.0;0.0;274.0;0.0;273.0;0;3
17;139;nan;0.0;0.0;274.0;0.0;273.0;0;3
17;140;nan;0.0;0.0;274.0;0.0;273.0;0;3
17;141;nan;0.0;0.0;274.0;0.0;273.0;0;3
17;142;nan;0.0;0.0;274.0;0.0;273.0;0;3
17;143;nan;0.0;0.0;274.0;0.0;273.0;0;3
17;144;nan;0.0;0.0;274.0;0.0;273.0;0;3
17;145;nan;0.0;0.0;274.0;0.0;273.0;0;3
17;146;nan;0.0;0.0;274.0;0.0;273.0;0;3
17;147;nan;0.0;0.0;274.0;0.0;273.0;0;3
17;148;nan;0.0;0.0;274.0;0.0;273.0;0;3
17;149;nan;0.0;0.0;274.0;0.0;273.0;0;3
18;0;6.4;71.8;174.0;392.4;0.2;277.0;1;1
18;1;5.7;84.1;195.0;414.9;0.2;277.0;0;1
18;2;6.4;72.1;166.0;397.4;0.2;277.0;0;1
18;3;6.2;74.5;193.0;399.1;0.2;277.0;0;1
18;4;6.4;73.9;173.0;402.1;0.2;277.0;0;1
18;5;6.6;69.2;169.0;389.9;0.2;277.0;0;1
18;6;6.6;68.1;163.0;386.3;0.2;276.0;1;2
18;7;6.3;73.1;177.0;394.7;0.2;276.0;0;2
18;8;6.8;66.0;153.0;381.7;0.2;274.0;1;3
18;9;6.5;68.6;172.0;382.7;0.2;271.0;1;4
18;10;9.3;45.1;119.0;348.9;0.1;271.0;0;4
18;11;8.7;49.3;125.0;360.3;0.1;271.0;0;4
18;12;7.6;56.8;140.0;365.9;0.2;271.0;0;4
18;13;8.2;51.7;132.0;357.1;0.1;271.0;0;4
18;14;6.9;64.8;150.0;378.7;0.2;271.0;0;4
18;15;10.2;40.7;97.0;343.9;0.1;271.0;0;4
18;16;8.8;47.3;123.0;348.7;0.1;271.0;0;4
18;17;11.1;37.0;94.0;339.7;0.1;271.0;0;4
18;18;13.4;29.7;87.0;325.3;0.1;271.0;0;4
18;19;11.2;36.0;89.0;334.3;0.1;271.0;0;4
18;20;12.3;31.1;77.0;313.6;0.1;271.0;0;4
18;21;20.7;18.1;40.0;301.9;0.1;271.0;0;4
18;22;16.0;23.3;55.0;303.0;0.1;271.0;0;4
18;23;13.7;27.9;69.0;311.7;0.1;271.0;0;4
18;24;23.2;15.5;38.0;289.7;0.1;271.0;0;4
18;25;23.4;15.7;40.0;294.9;0.1;271.0;0;4
18;26;21.9;16.6;41.0;292.3;0.1;271.0;0;4
18;27;22.2;16.3;36.0;291.4;0.1;271.0;0;4
18;28;nan;0.0;0.0;271.0;0.0;271.0;0;4
18;29;nan;0.0;0.0;271.0;0.0;271.0;0;4
18;30;nan;0.0;0.0;271.0;0.0;271.0;0;4
18;31;nan;0.0;0.0;271.0;0.0;271.0;0;4
18;32;nan;0.0;0.0;271.0;0.0;271.0;0;4
18;33;nan;0.0;0.0;271.0;0.0;271.0;0;4
18;34;nan;0.0;0.0;271.0;0.0;271.0;0;4
18;35;nan;0.0;0.0;271.0;0.0;271.0;0;4
18;36;nan;0.0;0.0;271.0;0.0;271.0;0;4
18;37;nan;0.0;0.0;271.0;0.0;271.0;0;4
18;38;nan;0.0;0.0;271.0;0.0;271.0;0;4
18;39;nan;0.0;0.0;271.0;0.0;271.0;0;4
18;40;nan;0.0;0.0;271.0;0.0;271.0;0;4
18;41;nan;0.0;0.0;271.0;0.0;271.0;0;4
18;42;nan;0.0;0.0;271.0;0.0;271.0;0;4
18;43;nan;0.0;0.0;271.0;0.0;271.0;0;4
18;44;nan;0.0;0.0;271.0;0.0;271.0;0;4
18;45;nan;0.0;0.0;271.0;0.0;271.0;0;4
18;46;nan;0.0;0.0;271.0;0.0;271.0;0;4
18;47;nan;0.0;0.0;271.0;0.0;271.0;0;4
18;48;nan;0.0;0.0;271.0;0.0;271.0;0;4
18;49;nan;0.0;0.0;271.0;0.0;271.0;0;4
18;50;nan;0.0;0.0;271.0;0.0;271.0;0;4
18;51;nan;0.0;0.0;271.0;0.0;271.0;0;4
18;52;nan;0.0;0.0;271.0;0.0;271.0;0;4
18;53;nan;0.0;0.0;271.0;0.0;271.0;0;4
18;54;nan;0.0;0.0;271.0;0.0;271.0;0;4
18;55;nan;0.0;0.0;271.0;0.0;271.0;0;4
18;56;nan;0.0;0.0;271.0;0.0;271.0;0;4
18;57;nan;0.0;0.0;271.0;0.0;271.0;0;4
18;58;nan;0.0;0.0;271.0;0.0;271.0;0;4
18;59;nan;0.0;0.0;271.0;0.0;271.0;0;4
18;60;nan;0.0;0.0;271.0;0.0;271.0;0;4
18;61;nan;0.0;0.0;271.0;0.0;271.0;0;4
18;62;nan;0.0;0.0;271.0;0.0;271.0;0;4
18;63;nan;0.0;0.0;271.0;0.0;271.0;0;4
18;64;nan;0.0;0.0;271.0;0.0;271.0;0;4
18;65;nan;0.0;0.0;271.0;0.0;271.0;0;4
18;66;11.2;33.5;74.0;309.4;0.1;271.0;0;4
18;67;10.1;36.8;88.0;309.3;0.1;271.0;0;4
18;68;14.1;26.0;69.0;299.1;0.1;271.0;0;4
18;69;10.4;35.7;78.0;307.4;0.1;271.0;0;4
18;70;17.0;21.4;52.0;294.0;0.1;271.0;0;4
18;71;29.3;12.0;29.0;281.6;0.0;271.0;0;4
18;72;42.1;8.3;22.0;276.0;0.0;271.0;0;4
18;73;32.4;10.8;29.0;279.6;0.0;271.0;0;4
18;74;100.0;1.7;5.0;271.7;0.0;271.0;0;4
18;75;nan;0.0;0.0;271.0;0.0;271.0;0;4
18;76;nan;0.0;0.0;271.0;0.0;271.0;0;4
18;77;nan;0.0;0.0;271.0;0.0;271.0;0;4
18;78;nan;0.0;0.0;271.0;0.0;271.0;0;4
18;79;nan;0.0;0.0;271.0;0.0;271.0;0;4
18;80;nan;0.0;0.0;271.0;0.0;271.0;0;4
18;81;nan;0.0;0.0;271.0;0.0;271.0;0;4
18;82;nan;0.0;0.0;271.0;0.0;271.0;0;4
18;83;nan;0.0;0.0;271.0;0.0;271.0;0;4
18;84;nan;0.0;0.0;271.0;0.0;271.0;0;4
18;85;nan;0.0;0.0;271.0;0.0;271.0;0;4
18;86;nan;0.0;0.0;271.0;0.0;271.0;0;4
18;87;nan;0.0;0.0;271.0;0.0;271.0;0;4
18;88;nan;0.0;0.0;271.0;0.0;271.0;0;4
18;89;nan;0.0;0.0;271.0;0.0;271.0;0;4
18;90;nan;0.0;0.0;271.0;0.0;271.0;0;4
18;91;nan;0.0;0.0;271.0;0.0;271.0;0;4
18;92;nan;0.0;0.0;271.0;0.0;271.0;0;4
18;93;nan;0.0;0.0;271.0;0.0;271.0;0;4
18;94;nan;0.0;0.0;271.0;0.0;271.0;0;4
18;95;nan;0.0;0.0;271.0;0.0;271.0;0;4
18;96;nan;0.0;0.0;271.0;0.0;271.0;0;4
18;97;nan;0.0;0.0;271.0;0.0;271.0;0;4
18;98;nan;0.0;0.0;271.0;0.0;271.0;0;4
18;99;nan;0.0;0.0;271.0;0.0;271.0;0;4
18;100;nan;0.0;0.0;271.0;0.0;271.0;0;4
18;101;nan;0.0;0.0;271.0;0.0;271.0;0;4
18;102;nan;0.0;0.0;271.0;0.0;271.0;0;4
18;103;nan;0.0;0.0;271.0;0.0;271.0;0;4
18;104;nan;0.0;0.0;271.0;0.0;271.0;0;4
18;105;nan;0.0;0.0;271.0;0.0;271.0;0;4
18;106;nan;0.0;0.0;271.0;0.0;271.0;0;4
18;107;nan;0.0;0.0;271.0;0.0;271.0;0;4
18;108;nan;0.0;0.0;271.0;0.0;271.0;0;4
18;109;nan;0.0;0.0;271.0;0.0;271.0;0;4
18;110;nan;0.0;0.0;271.0;0.0;271.0;0;4
18;111;7.0;52.4;121.0;312.7;0.2;271.0;0;4
18;112;6.3;58.4;136.0;314.3;0.2;271.0;0;4
18;113;7.4;49.2;119.0;310.0;0.2;271.0;0;4
18;114;10.3;35.1;85.0;299.0;0.1;271.0;0;4
18;115;16.5;21.7;54.0;290.3;0.1;271.0;0;4
18;116;39.9;8.8;24.0;278.6;0.0;271.0;0;4
18;117;nan;0.0;0.0;271.0;0.0;271.0;0;4
18;118;nan;0.0;0.0;271.0;0.0;271.0;0;4
18;119;nan;0.0;0.0;271.0;0.0;271.0;0;4
18;120;nan;0.0;0.0;271.0;0.0;271.0;0;4
18;121;nan;0.0;0.0;271.0;0.0;271.0;0;4
18;122;nan;0.0;0.0;271.0;0.0;271.0;0;4
18;123;nan;0.0;0.0;271.0;0.0;271.0;0;4
18;124;nan;0.0;0.0;271.0;0.0;271.0;0;4
18;125;nan;0.0;0.0;271.0;0.0;271.0;0;4
18;126;nan;0.0;0.0;271.0;0.0;271.0;0;4
18;127;nan;0.0;0.0;271.0;0.0;271.0;0;4
18;128;nan;0.0;0.0;271.0;0.0;271.0;0;4
18;129;nan;0.0;0.0;271.0;0.0;271.0;0;4
18;130;nan;0.0;0.0;271.0;0.0;271.0;0;4
18;131;nan;0.0;0.0;271.0;0.0;271.0;0;4
18;132;nan;0.0;0.0;271.0;0.0;271.0;0;4
18;133;nan;0.0;0.0;271.0;0.0;271.0;0;4
18;134;nan;0.0;0.0;271.0;0.0;271.0;0;4
18;135;nan;0.0;0.0;271.0;0.0;271.0;0;4
18;136;nan;0.0;0.0;271.0;0.0;271.0;0;4
18;137;nan;0.0;0.0;271.0;0.0;271.0;0;4
18;138;nan;0.0;0.0;271.0;0.0;271.0;0;4
18;139;nan;0.0;0.0;271.0;0.0;271.0;0;4
18;140;nan;0.0;0.0;271.0;0.0;271.0;0;4
18;141;nan;0.0;0.0;271.0;0.0;271.0;0;4
18;142;nan;0.0;0.0;271.0;0.0;271.0;0;4
18;143;nan;0.0;0.0;271.0;0.0;271.0;0;4
18;144;nan;0.0;0.0;271.0;0.0;271.0;0;4
18;145;nan;0.0;0.0;271.0;0.0;271.0;0;4
18;146;nan;0.0;0.0;271.0;0.0;271.0;0;4
18;147;nan;0.0;0.0;271.0;0.0;271.0;0;4
18;148;nan;0.0;0.0;271.0;0.0;271.0;0;4
18;149;nan;0.0;0.0;271.0;0.0;271.0;0;4
19;0;5.8;81.7;191.0;411.3;0.2;278.0;1;1
19;1;6.0;77.2;187.0;399.1;0.2;271.0;1;2
19;2;6.1;76.2;188.0;399.4;0.2;271.0;0;2
19;3;5.9;79.8;185.0;402.6;0.2;271.0;0;2
19;4;6.6;68.2;170.0;383.6;0.2;271.0;0;2
19;5;6.6;69.0;170.0;390.9;0.2;271.0;0;2
19;6;8.5;50.2;125.0;359.1;0.1;271.0;0;2
19;7;7.1;63.4;152.0;381.9;0.2;271.0;0;2
19;8;7.8;54.1;140.0;358.0;0.2;271.0;0;2
19;9;7.5;58.8;139.0;373.9;0.2;271.0;0;2
19;10;7.4;60.4;138.0;377.3;0.2;271.0;0;2
19;11;9.2;45.5;122.0;350.4;0.1;271.0;0;2
19;12;7.2;61.4;149.0;373.9;0.2;271.0;0;2
19;13;8.7;48.4;124.0;354.4;0.1;271.0;0;2
19;14;8.3;51.4;128.0;357.1;0.1;271.0;0;2
19;15;7.6;56.0;137.0;359.9;0.2;271.0;0;2
19;16;12.9;31.3;82.0;330.3;0.1;271.0;0;2
19;17;9.6;43.0;106.0;345.1;0.1;271.0;0;2
19;18;10.3;39.9;100.0;339.7;0.1;271.0;0;2
19;19;9.4;44.2;115.0;345.6;0.1;271.0;0;2
19;20;10.9;35.5;80.0;320.4;0.1;271.0;0;2
19;21;15.1;25.0;65.0;307.0;0.1;271.0;0;2
19;22;15.8;24.0;61.0;307.4;0.1;271.0;0;2
19;23;16.0;23.6;56.0;306.1;0.1;271.0;0;2
19;24;20.5;18.0;40.0;296.6;0.1;271.0;0;2
19;25;28.9;12.9;34.0;298.4;0.0;271.0;0;2
19;26;18.6;20.0;50.0;300.4;0.1;271.0;0;2
19;27;22.5;16.2;41.0;292.4;0.1;271.0;0;2
19;28;23.6;15.4;38.0;292.4;0.1;271.0;0;2
19;29;81.3;4.4;11.0;283.3;0.0;271.0;0;2
19;30;100.0;3.5;7.0;283.0;0.0;271.0;0;2
19;31;100.0;3.3;7.0;282.7;0.0;271.0;0;2
19;32;100.0;3.0;7.0;283.4;0.0;271.0;0;2
19;33;80.4;4.5;10.0;282.3;0.0;271.0;0;2
19;34;100.0;3.2;7.0;282.6;0.0;271.0;0;2
19;35;100.0;3.4;7.0;282.9;0.0;271.0;0;2
19;36;88.4;4.1;10.0;282.6;0.0;271.0;0;2
19;37;100.0;3.3;7.0;282.7;0.0;271.0;0;2
19;38;78.8;4.5;10.0;282.1;0.0;271.0;0;2
19;39;85.4;4.2;10.0;282.4;0.0;271.0;0;2
19;40;100.0;3.0;9.0;281.6;0.0;271.0;0;2
19;41;98.9;3.6;8.0;282.9;0.0;271.0;0;2
19;42;88.4;4.1;10.0;282.6;0.0;271.0;0;2
19;43;72.3;4.9;10.0;281.7;0.0;271.0;0;2
19;44;100.0;3.1;7.0;281.6;0.0;271.0;0;2
19;45;90.5;4.0;10.0;281.6;0.0;271.0;0;2
19;46;100.0;3.2;7.0;282.6;0.0;271.0;0;2
19;47;95.6;3.8;9.0;282.1;0.0;271.0;0;2
19;48;100.0;2.7;8.0;281.6;0.0;271.0;0;2
19;49;98.9;3.6;8.0;282.9;0.0;271.0;0;2
19;50;100.0;3.2;7.0;282.6;0.0;271.0;0;2
19;51;100.0;3.1;9.0;281.3;0.0;271.0;0;2
19;52;100.0;2.3;5.0;279.4;0.0;271.0;0;2
19;53;nan;0.0;0.0;278.0;0.0;271.0;0;2
19;54;nan;0.0;0.0;278.0;0.0;271.0;0;2
19;55;100.0;0.3;1.0;277.9;0.0;271.0;0;2
19;56;100.0;0.3;1.0;277.9;0.0;271.0;0;2
19;57;nan;0.0;0.0;278.0;0.0;271.0;0;2
19;58;100.0;0.3;1.0;277.9;0.0;271.0;0;2
19;59;nan;0.0;0.0;278.0;0.0;271.0;0;2
19;60;nan;0.0;0.0;278.0;0.0;271.0;0;2
19;61;7.2;53.4;125.0;327.1;0.2;271.0;0;2
19;62;7.7;49.9;113.0;324.3;0.2;271.0;0;2
19;63;9.0;42.2;91.0;318.7;0.1;271.0;0;2
19;64;10.9;34.2;76.0;307.6;0.1;271.0;0;2
19;65;10.7;35.3;85.0;312.4;0.1;271.0;0;2
19;66;21.5;17.0;46.0;294.6;0.1;271.0;0;2
19;67;30.0;12.0;31.0;288.1;0.0;271.0;0;2
19;68;29.0;12.5;31.0;288.6;0.0;271.0;0;2
19;69;52.7;6.8;14.0;281.9;0.0;271.0;0;2
19;70;76.3;4.7;11.0;281.6;0.0;271.0;0;2
19;71;65.9;5.4;12.0;281.1;0.0;271.0;0;2
19;72;100.0;3.0;8.0;280.4;0.0;271.0;0;2
19;73;88.1;4.1;10.0;281.4;0.0;271.0;0;2
19;74;99.9;3.6;10.0;280.3;0.0;271.0;0;2
19;75;93.0;3.8;11.0;280.1;0.0;271.0;0;2
19;76;100.0;2.3;5.0;279.4;0.0;271.0;0;2
19;77;100.0;2.7;6.0;280.6;0.0;271.0;0;2
19;78;100.0;2.5;6.0;279.6;0.0;271.0;0;2
19;79;nan;0.0;0.0;278.0;0.0;271.0;0;2
19;80;nan;0.0;0.0;278.0;0.0;271.0;0;2
19;81;nan;0.0;0.0;278.0;0.0;271.0;0;2
19;82;nan;0.0;0.0;278.0;0.0;271.0;0;2
19;83;nan;0.0;0.0;278.0;0.0;271.0;0;2
19;84;nan;0.0;0.0;278.0;0.0;271.0;0;2
19;85;nan;0.0;0.0;278.0;0.0;271.0;0;2
19;86;nan;0.0;0.0;278.0;0.0;271.0;0;2
19;87;nan;0.0;0.0;278.0;0.0;271.0;0;2
19;88;nan;0.0;0.0;278.0;0.0;271.0;0;2
19;89;nan;0.0;0.0;278.0;0.0;271.0;0;2
19;90;nan;0.0;0.0;278.0;0.0;271.0;0;2
19;91;nan;0.0;0.0;278.0;0.0;271.0;0;2
19;92;nan;0.0;0.0;278.0;0.0;271.0;0;2
19;93;nan;0.0;0.0;278.0;0.0;271.0;0;2
19;94;nan;0.0;0.0;278.0;0.0;271.0;0;2
19;95;nan;0.0;0.0;278.0;0.0;271.0;0;2
19;96;nan;0.0;0.0;278.0;0.0;271.0;0;2
19;97;nan;0.0;0.0;278.0;0.0;271.0;0;2
19;98;nan;0.0;0.0;278.0;0.0;271.0;0;2
19;99;nan;0.0;0.0;278.0;0.0;271.0;0;2
19;100;nan;0.0;0.0;278.0;0.0;271.0;0;2
19;101;nan;0.0;0.0;278.0;0.0;271.0;0;2
19;102;nan;0.0;0.0;278.0;0.0;271.0;0;2
19;103;nan;0.0;0.0;278.0;0.0;271.0;0;2
19;104;nan;0.0;0.0;278.0;0.0;271.0;0;2
19;105;nan;0.0;0.0;278.0;0.0;271.0;0;2
19;106;29.6;12.1;33.0;285.6;0.0;271.0;0;2
19;107;12.8;28.3;67.0;298.6;0.1;271.0;0;2
19;108;31.6;11.3;30.0;285.7;0.0;271.0;0;2
19;109;44.0;8.2;19.0;284.3;0.0;271.0;0;2
19;110;79.4;4.5;12.0;280.7;0.0;271.0;0;2
19;111;nan;0.0;0.0;278.0;0.0;271.0;0;2
19;112;nan;0.0;0.0;278.0;0.0;271.0;0;2
19;113;nan;0.0;0.0;278.0;0.0;271.0;0;2
19;114;nan;0.0;0.0;278.0;0.0;271.0;0;2
19;115;nan;0.0;0.0;278.0;0.0;271.0;0;2
19;116;nan;0.0;0.0;278.0;0.0;271.0;0;2
19;117;nan;0.0;0.0;278.0;0.0;271.0;0;2
19;118;nan;0.0;0.0;278.0;0.0;271.0;0;2
19;119;nan;0.0;0.0;278.0;0.0;271.0;0;2
19;120;nan;0.0;0.0;278.0;0.0;271.0;0;2
19;121;nan;0.0;0.0;278.0;0.0;271.0;0;2
19;122;nan;0.0;0.0;278.0;0.0;271.0;0;2
19;123;nan;0.0;0.0;278.0;0.0;271.0;0;2
19;124;nan;0.0;0.0;278.0;0.0;271.0;0;2
19;125;nan;0.0;0.0;278.0;0.0;271.0;0;2
19;126;nan;0.0;0.0;278.0;0.0;271.0;0;2
19;127;nan;0.0;0.0;278.0;0.0;271.0;0;2
19;128;nan;0.0;0.0;278.0;0.0;271.0;0;2
19;129;nan;0.0;0.0;278.0;0.0;271.0;0;2
19;130;nan;0.0;0.0;278.0;0.0;271.0;0;2
19;131;nan;0.0;0.0;278.0;0.0;271.0;0;2
19;132;nan;0.0;0.0;278.0;0.0;271.0;0;2
19;133;nan;0.0;0.0;278.0;0.0;271.0;0;2
19;134;nan;0.0;0.0;278.0;0.0;271.0;0;2
19;135;nan;0.0;0.0;278.0;0.0;271.0;0;2
19;136;nan;0.0;0.0;278.0;0.0;271.0;0;2
19;137;nan;0.0;0.0;278.0;0.0;271.0;0;2
19;138;nan;0.0;0.0;278.0;0.0;271.0;0;2
19;139;nan;0.0;0.0;278.0;0.0;271.0;0;2
19;140;nan;0.0;0.0;278.0;0.0;271.0;0;2
19;141;nan;0.0;0.0;278.0;0.0;271.0;0;2
19;142;nan;0.0;0.0;278.0;0.0;271.0;0;2
19;143;nan;0.0;0.0;278.0;0.0;271.0;0;2
19;144;nan;0.0;0.0;278.0;0.0;271.0;0;2
19;145;nan;0.0;0.0;278.0;0.0;271.0;0;2
19;146;nan;0.0;0.0;278.0;0.0;271.0;0;2
19;147;nan;0.0;0.0;278.0;0.0;271.0;0;2
19;148;nan;0.0;0.0;278.0;0.0;271.0;0;2
19;149;nan;0.0;0.0;278.0;0.0;271.0;0;2
20;0;6.9;66.0;156.0;388.6;0.2;282.0;1;1
20;1;5.7;83.7;201.0;412.1;0.2;279.0;1;2
20;2;6.0;79.1;190.0;408.1;0.2;279.0;0;2
20;3;7.8;57.9;139.0;379.3;0.2;279.0;0;2
20;4;6.5;70.2;172.0;390.9;0.2;275.0;1;3
20;5;6.4;73.3;172.0;399.9;0.2;275.0;0;3
20;6;5.9;80.4;187.0;409.3;0.2;275.0;0;3
20;7;6.8;67.4;158.0;389.3;0.2;275.0;0;3
20;8;7.8;57.1;133.0;373.9;0.2;275.0;0;3
20;9;8.7;48.2;126.0;350.4;0.1;271.0;1;4
20;10;7.4;58.9;146.0;369.0;0.2;271.0;0;4
20;11;7.4;58.4;156.0;367.7;0.2;271.0;0;4
20;12;8.4;51.2;125.0;360.0;0.1;271.0;0;4
20;13;9.3;45.2;113.0;351.7;0.1;271.0;0;4
20;14;10.0;41.1;108.0;340.0;0.1;271.0;0;4
20;15;8.4;51.0;132.0;361.3;0.1;271.0;0;4
20;16;7.2;60.3;145.0;367.3;0.2;271.0;0;4
20;17;10.6;38.9;101.0;340.9;0.1;271.0;0;4
20;18;10.3;40.4;106.0;345.9;0.1;271.0;0;4
20;19;12.5;33.0;85.0;338.0;0.1;271.0;0;4
20;20;8.8;44.7;94.0;330.6;0.1;271.0;0;4
20;21;10.0;38.9;95.0;323.4;0.1;271.0;0;4
20;22;9.6;40.7;99.0;327.3;0.1;271.0;0;4
20;23;11.2;34.2;78.0;316.9;0.1;271.0;0;4
20;24;10.5;36.7;86.0;318.4;0.1;271.0;0;4
20;25;17.6;21.2;55.0;302.4;0.1;271.0;0;4
20;26;17.9;21.0;50.0;304.9;0.1;271.0;0;4
20;27;25.5;14.5;34.0;295.6;0.0;271.0;0;4
20;28;50.6;7.0;17.0;281.9;0.0;271.0;0;4
20;29;40.1;9.0;21.0;284.7;0.0;271.0;0;4
20;30;85.3;4.2;9.0;279.6;0.0;271.0;0;4
20;31;76.9;4.6;10.0;280.0;0.0;271.0;0;4
20;32;79.9;4.5;9.0;280.1;0.0;271.0;0;4
20;33;74.2;4.8;10.0;279.9;0.0;271.0;0;4
20;34;76.9;4.6;10.0;280.0;0.0;271.0;0;4
20;35;76.8;4.6;10.0;279.3;0.0;271.0;0;4
20;36;87.9;4.0;10.0;278.4;0.0;271.0;0;4
20;37;nan;0.0;0.0;275.0;0.0;271.0;0;4
20;38;100.0;1.4;4.0;275.6;0.0;271.0;0;4
20;39;nan;0.0;0.0;275.0;0.0;271.0;0;4
20;40;nan;0.0;0.0;275.0;0.0;271.0;0;4
20;41;nan;0.0;0.0;275.0;0.0;271.0;0;4
20;42;nan;0.0;0.0;275.0;0.0;271.0;0;4
20;43;nan;0.0;0.0;275.0;0.0;271.0;0;4
20;44;100.0;0.3;1.0;274.9;0.0;271.0;0;4
20;45;nan;0.0;0.0;275.0;0.0;271.0;0;4
20;46;nan;0.0;0.0;275.0;0.0;271.0;0;4
20;47;nan;0.0;0.0;275.0;0.0;271.0;0;4
20;48;100.0;0.3;1.0;274.9;0.0;271.0;0;4
20;49;100.0;0.3;1.0;274.9;0.0;271.0;0;4
20;50;100.0;0.5;1.0;274.7;0.0;271.0;0;4
20;51;100.0;0.5;1.0;274.6;0.0;271.0;0;4
20;52;100.0;0.5;1.0;274.4;0.0;271.0;0;4
20;53;100.0;0.5;1.0;274.7;0.0;271.0;0;4
20;54;nan;0.0;0.0;274.0;0.0;271.0;0;4
20;55;nan;0.0;0.0;274.0;0.0;271.0;0;4
20;56;nan;0.0;0.0;274.0;0.0;271.0;0;4
20;57;nan;0.0;0.0;274.0;0.0;271.0;0;4
20;58;nan;0.0;0.0;274.0;0.0;271.0;0;4
20;59;nan;0.0;0.0;274.0;0.0;271.0;0;4
20;60;nan;0.0;0.0;274.0;0.0;271.0;0;4
20;61;nan;0.0;0.0;274.0;0.0;271.0;0;4
20;62;9.5;39.8;100.0;315.9;0.1;271.0;0;4
20;63;8.1;46.9;100.0;319.0;0.1;271.0;0;4
20;64;13.3;27.6;64.0;299.9;0.1;271.0;0;4
20;65;15.7;23.4;59.0;297.9;0.1;271.0;0;4
20;66;30.6;11.7;30.0;285.3;0.0;271.0;0;4
20;67;52.6;6.7;16.0;280.0;0.0;271.0;0;4
20;68;52.6;6.7;17.0;278.1;0.0;271.0;0;4
20;69;100.0;1.0;3.0;274.4;0.0;271.0;0;4
20;70;nan;0.0;0.0;274.0;0.0;271.0;0;4
20;71;nan;0.0;0.0;274.0;0.0;271.0;0;4
20;72;nan;0.0;0.0;274.0;0.0;271.0;0;4
20;73;nan;0.0;0.0;274.0;0.0;271.0;0;4
20;74;nan;0.0;0.0;274.0;0.0;271.0;0;4
20;75;nan;0.0;0.0;274.0;0.0;271.0;0;4
20;76;nan;0.0;0.0;274.0;0.0;271.0;0;4
20;77;nan;0.0;0.0;274.0;0.0;271.0;0;4
20;78;nan;0.0;0.0;274.0;0.0;271.0;0;4
20;79;nan;0.0;0.0;274.0;0.0;271.0;0;4
20;80;nan;0.0;0.0;274.0;0.0;271.0;0;4
20;81;nan;0.0;0.0;274.0;0.0;271.0;0;4
20;82;nan;0.0;0.0;274.0;0.0;271.0;0;4
20;83;nan;0.0;0.0;274.0;0.0;271.0;0;4
20;84;nan;0.0;0.0;274.0;0.0;271.0;0;4
20;85;nan;0.0;0.0;274.0;0.0;271.0;0;4
20;86;nan;0.0;0.0;274.0;0.0;271.0;0;4
20;87;nan;0.0;0.0;274.0;0.0;271.0;0;4
20;88;nan;0.0;0.0;274.0;0.0;271.0;0;4
20;89;nan;0.0;0.0;274.0;0.0;271.0;0;4
20;90;nan;0.0;0.0;274.0;0.0;271.0;0;4
20;91;nan;0.0;0.0;274.0;0.0;271.0;0;4
20;92;nan;0.0;0.0;274.0;0.0;271.0;0;4
20;93;nan;0.0;0.0;274.0;0.0;271.0;0;4
20;94;nan;0.0;0.0;274.0;0.0;271.0;0;4
20;95;nan;0.0;0.0;274.0;0.0;271.0;0;4
20;96;nan;0.0;0.0;274.0;0.0;271.0;0;4
20;97;nan;0.0;0.0;274.0;0.0;271.0;0;4
20;98;nan;0.0;0.0;274.0;0.0;271.0;0;4
20;99;nan;0.0;0.0;274.0;0.0;271.0;0;4
20;100;nan;0.0;0.0;274.0;0.0;271.0;0;4
20;101;nan;0.0;0.0;274.0;0.0;271.0;0;4
20;102;nan;0.0;0.0;274.0;0.0;271.0;0;4
20;103;nan;0.0;0.0;274.0;0.0;271.0;0;4
20;104;nan;0.0;0.0;274.0;0.0;271.0;0;4
20;105;nan;0.0;0.0;274.0;0.0;271.0;0;4
20;106;nan;0.0;0.0;274.0;0.0;271.0;0;4
20;107;21.6;16.6;41.0;288.9;0.1;271.0;0;4
20;108;25.1;14.1;32.0;283.7;0.0;271.0;0;4
20;109;71.0;5.0;12.0;278.3;0.0;271.0;0;4
20;110;32.7;10.8;27.0;280.7;0.0;271.0;0;4
20;111;nan;0.0;0.0;274.0;0.0;271.0;0;4
20;112;nan;0.0;0.0;274.0;0.0;271.0;0;4
20;113;nan;0.0;0.0;274.0;0.0;271.0;0;4
20;114;nan;0.0;0.0;274.0;0.0;271.0;0;4
20;115;nan;0.0;0.0;274.0;0.0;271.0;0;4
20;116;nan;0.0;0.0;274.0;0.0;271.0;0;4
20;117;nan;0.0;0.0;274.0;0.0;271.0;0;4
20;118;nan;0.0;0.0;274.0;0.0;271.0;0;4
20;119;nan;0.0;0.0;274.0;0.0;271.0;0;4
20;120;nan;0.0;0.0;274.0;0.0;271.0;0;4
20;121;nan;0.0;0.0;274.0;0.0;271.0;0;4
20;122;nan;0.0;0.0;274.0;0.0;271.0;0;4
20;123;nan;0.0;0.0;274.0;0.0;271.0;0;4
20;124;nan;0.0;0.0;274.0;0.0;271.0;0;4
20;125;nan;0.0;0.0;274.0;0.0;271.0;0;4
20;126;nan;0.0;0.0;274.0;0.0;271.0;0;4
20;127;nan;0.0;0.0;274.0;0.0;271.0;0;4
20;128;nan;0.0;0.0;274.0;0.0;271.0;0;4
20;129;nan;0.0;0.0;274.0;0.0;271.0;0;4
20;130;nan;0.0;0.0;274.0;0.0;271.0;0;4
20;131;nan;0.0;0.0;274.0;0.0;271.0;0;4
20;132;nan;0.0;0.0;274.0;0.0;271.0;0;4
20;133;nan;0.0;0.0;274.0;0.0;271.0;0;4
20;134;nan;0.0;0.0;274.0;0.0;271.0;0;4
20;135;nan;0.0;0.0;274.0;0.0;271.0;0;4
20;136;nan;0.0;0.0;274.0;0.0;271.0;0;4
20;137;nan;0.0;0.0;274.0;0.0;271.0;0;4
20;138;nan;0.0;0.0;274.0;0.0;271.0;0;4
20;139;nan;0.0;0.0;274.0;0.0;271.0;0;4
20;140;nan;0.0;0.0;274.0;0.0;271.0;0;4
20;141;nan;0.0;0.0;274.0;0.0;271.0;0;4
20;142;nan;0.0;0.0;274.0;0.0;271.0;0;4
20;143;nan;0.0;0.0;274.0;0.0;271.0;0;4
20;144;nan;0.0;0.0;274.0;0.0;271.0;0;4
20;145;nan;0.0;0.0;274.0;0.0;271.0;0;4
20;146;nan;0.0;0.0;274.0;0.0;271.0;0;4
20;147;nan;0.0;0.0;274.0;0.0;271.0;0;4
20;148;nan;0.0;0.0;274.0;0.0;271.0;0;4
20;149;nan;0.0;0.0;274.0;0.0;271.0;0;4
21;0;5.9;79.0;187.0;401.0;0.2;273.0;1;1
21;1;6.2;74.7;183.0;397.4;0.2;273.0;0;1
21;2;6.0;78.1;189.0;401.6;0.2;273.0;0;1
21;3;7.4;60.7;143.0;380.1;0.2;273.0;0;1
21;4;6.9;64.8;152.0;381.0;0.2;273.0;0;1
21;5;6.7;67.0;166.0;383.6;0.2;273.0;0;1
21;6;7.4;60.6;160.0;378.1;0.2;273.0;0;1
21;7;7.0;65.1;155.0;385.4;0.2;273.0;0;1
21;8;7.5;58.5;142.0;371.4;0.2;273.0;0;1
21;9;7.6;58.0;144.0;374.7;0.2;273.0;0;1
21;10;6.3;71.1;166.0;383.6;0.2;271.0;1;2
21;11;7.5;57.9;139.0;366.7;0.2;271.0;0;2
21;12;8.4;51.2;123.0;362.7;0.1;271.0;0;2
21;13;9.8;43.1;104.0;350.9;0.1;271.0;0;2
21;14;9.3;44.8;110.0;348.9;0.1;271.0;0;2
21;15;10.0;41.0;108.0;341.3;0.1;271.0;0;2
21;16;9.6;43.3;107.0;347.3;0.1;271.0;0;2
21;17;8.7;47.7;125.0;347.3;0.1;271.0;0;2
21;18;10.2;40.7;95.0;345.4;0.1;271.0;0;2
21;19;11.4;35.5;93.0;334.4;0.1;271.0;0;2
21;20;16.6;22.6;49.0;305.0;0.1;271.0;0;2
21;21;9.1;43.0;102.0;326.9;0.1;271.0;0;2
21;22;15.0;25.1;54.0;307.9;0.1;271.0;0;2
21;23;17.0;22.0;48.0;304.3;0.1;271.0;0;2
21;24;17.4;21.4;50.0;302.1;0.1;271.0;0;2
21;25;34.6;10.5;27.0;289.7;0.0;271.0;0;2
21;26;36.5;10.0;28.0;289.1;0.0;271.0;0;2
21;27;78.2;4.6;13.0;282.3;0.0;271.0;0;2
21;28;73.0;4.9;13.0;282.7;0.0;271.0;0;2
21;29;76.7;4.7;11.0;280.7;0.0;271.0;0;2
21;30;100.0;3.4;7.0;282.9;0.0;271.0;0;2
21;31;91.3;3.9;11.0;281.4;0.0;271.0;0;2
21;32;100.0;3.2;9.0;280.6;0.0;271.0;0;2
21;33;79.7;4.5;9.0;279.1;0.0;271.0;0;2
21;34;79.7;4.5;9.0;279.1;0.0;271.0;0;2
21;35;79.7;4.5;9.0;279.1;0.0;271.0;0;2
21;36;79.7;4.5;9.0;279.1;0.0;271.0;0;2
21;37;79.7;4.5;9.0;279.1;0.0;271.0;0;2
21;38;79.7;4.5;9.0;279.1;0.0;271.0;0;2
21;39;44.7;8.0;23.0;281.9;0.0;271.0;0;2
21;40;nan;0.0;0.0;274.0;0.0;271.0;0;2
21;41;nan;0.0;0.0;274.0;0.0;271.0;0;2
21;42;nan;0.0;0.0;274.0;0.0;271.0;0;2
21;43;nan;0.0;0.0;274.0;0.0;271.0;0;2
21;44;nan;0.0;0.0;274.0;0.0;271.0;0;2
21;45;nan;0.0;0.0;274.0;0.0;271.0;0;2
21;46;nan;0.0;0.0;274.0;0.0;271.0;0;2
21;47;nan;0.0;0.0;274.0;0.0;271.0;0;2
21;48;nan;0.0;0.0;274.0;0.0;271.0;0;2
21;49;nan;0.0;0.0;274.0;0.0;271.0;0;2
21;50;nan;0.0;0.0;274.0;0.0;271.0;0;2
21;51;nan;0.0;0.0;274.0;0.0;271.0;0;2
21;52;nan;0.0;0.0;274.0;0.0;271.0;0;2
21;53;nan;0.0;0.0;274.0;0.0;271.0;0;2
21;54;nan;0.0;0.0;274.0;0.0;271.0;0;2
21;55;nan;0.0;0.0;274.0;0.0;271.0;0;2
21;56;nan;0.0;0.0;274.0;0.0;271.0;0;2
21;57;nan;0.0;0.0;274.0;0.0;271.0;0;2
21;58;nan;0.0;0.0;274.0;0.0;271.0;0;2
21;59;nan;0.0;0.0;274.0;0.0;271.0;0;2
21;60;nan;0.0;0.0;274.0;0.0;271.0;0;2
21;61;nan;0.0;0.0;274.0;0.0;271.0;0;2
21;62;nan;0.0;0.0;274.0;0.0;271.0;0;2
21;63;8.9;42.2;103.0;314.9;0.1;271.0;0;2
21;64;8.7;43.6;99.0;318.3;0.1;271.0;0;2
21;65;11.2;32.9;82.0;304.3;0.1;271.0;0;2
21;66;17.2;21.4;56.0;298.1;0.1;271.0;0;2
21;67;19.4;18.6;43.0;291.1;0.1;271.0;0;2
21;68;19.6;18.4;47.0;291.1;0.1;271.0;0;2
21;69;100.0;3.1;7.0;276.4;0.0;271.0;0;2
21;70;nan;0.0;0.0;274.0;0.0;271.0;0;2
21;71;100.0;1.0;3.0;274.4;0.0;271.0;0;2
21;72;nan;0.0;0.0;274.0;0.0;271.0;0;2
21;73;nan;0.0;0.0;274.0;0.0;271.0;0;2
21;74;nan;0.0;0.0;274.0;0.0;271.0;0;2
21;75;nan;0.0;0.0;274.0;0.0;271.0;0;2
21;76;nan;0.0;0.0;274.0;0.0;271.0;0;2
21;77;nan;0.0;0.0;274.0;0.0;271.0;0;2
21;78;nan;0.0;0.0;274.0;0.0;271.0;0;2
21;79;nan;0.0;0.0;274.0;0.0;271.0;0;2
21;80;nan;0.0;0.0;274.0;0.0;271.0;0;2
21;81;nan;0.0;0.0;274.0;0.0;271.0;0;2
21;82;nan;0.0;0.0;274.0;0.0;271.0;0;2
21;83;nan;0.0;0.0;274.0;0.0;271.0;0;2
21;84;nan;0.0;0.0;274.0;0.0;271.0;0;2
21;85;nan;0.0;0.0;274.0;0.0;271.0;0;2
21;86;nan;0.0;0.0;274.0;0.0;271.0;0;2
21;87;nan;0.0;0.0;274.0;0.0;271.0;0;2
21;88;nan;0.0;0.0;274.0;0.0;271.0;0;2
21;89;nan;0.0;0.0;274.0;0.0;271.0;0;2
21;90;nan;0.0;0.0;274.0;0.0;271.0;0;2
21;91;nan;0.0;0.0;274.0;0.0;271.0;0;2
21;92;nan;0.0;0.0;274.0;0.0;271.0;0;2
21;93;nan;0.0;0.0;274.0;0.0;271.0;0;2
21;94;nan;0.0;0.0;274.0;0.0;271.0;0;2
21;95;100.0;1.0;3.0;273.6;0.0;271.0;0;2
21;96;nan;0.0;0.0;274.0;0.0;271.0;0;2
21;97;nan;0.0;0.0;274.0;0.0;271.0;0;2
21;98;nan;0.0;0.0;274.0;0.0;271.0;0;2
21;99;nan;0.0;0.0;274.0;0.0;271.0;0;2
21;100;nan;0.0;0.0;274.0;0.0;271.0;0;2
21;101;nan;0.0;0.0;274.0;0.0;271.0;0;2
21;102;nan;0.0;0.0;274.0;0.0;271.0;0;2
21;103;nan;0.0;0.0;274.0;0.0;271.0;0;2
21;104;nan;0.0;0.0;274.0;0.0;271.0;0;2
21;105;nan;0.0;0.0;274.0;0.0;271.0;0;2
21;106;nan;0.0;0.0;274.0;0.0;271.0;0;2
21;107;nan;0.0;0.0;274.0;0.0;271.0;0;2
21;108;nan;0.0;0.0;274.0;0.0;271.0;0;2
21;109;nan;0.0;0.0;274.0;0.0;271.0;0;2
21;110;nan;0.0;0.0;274.0;0.0;271.0;0;2
21;111;nan;0.0;0.0;274.0;0.0;271.0;0;2
21;112;nan;0.0;0.0;274.0;0.0;271.0;0;2
21;113;nan;0.0;0.0;274.0;0.0;271.0;0;2
21;114;nan;0.0;0.0;274.0;0.0;271.0;0;2
21;115;nan;0.0;0.0;274.0;0.0;271.0;0;2
21;116;nan;0.0;0.0;274.0;0.0;271.0;0;2
21;117;nan;0.0;0.0;274.0;0.0;271.0;0;2
21;118;nan;0.0;0.0;274.0;0.0;271.0;0;2
21;119;nan;0.0;0.0;274.0;0.0;271.0;0;2
21;120;nan;0.0;0.0;274.0;0.0;271.0;0;2
21;121;nan;0.0;0.0;274.0;0.0;271.0;0;2
21;122;nan;0.0;0.0;274.0;0.0;271.0;0;2
21;123;nan;0.0;0.0;274.0;0.0;271.0;0;2
21;124;nan;0.0;0.0;274.0;0.0;271.0;0;2
21;125;nan;0.0;0.0;274.0;0.0;271.0;0;2
21;126;nan;0.0;0.0;274.0;0.0;271.0;0;2
21;127;nan;0.0;0.0;274.0;0.0;271.0;0;2
21;128;nan;0.0;0.0;274.0;0.0;271.0;0;2
21;129;nan;0.0;0.0;274.0;0.0;271.0;0;2
21;130;nan;0.0;0.0;274.0;0.0;271.0;0;2
21;131;nan;0.0;0.0;274.0;0.0;271.0;0;2
21;132;nan;0.0;0.0;274.0;0.0;271.0;0;2
21;133;nan;0.0;0.0;274.0;0.0;271.0;0;2
21;134;nan;0.0;0.0;274.0;0.0;271.0;0;2
21;135;nan;0.0;0.0;274.0;0.0;271.0;0;2
21;136;nan;0.0;0.0;274.0;0.0;271.0;0;2
21;137;nan;0.0;0.0;274.0;0.0;271.0;0;2
21;138;nan;0.0;0.0;274.0;0.0;271.0;0;2
21;139;nan;0.0;0.0;274.0;0.0;271.0;0;2
21;140;nan;0.0;0.0;274.0;0.0;271.0;0;2
21;141;45.5;7.8;25.0;281.9;0.0;271.0;0;2
21;142;10.2;34.8;103.0;293.1;0.1;271.0;0;2
21;143;12.7;28.0;85.0;291.3;0.1;271.0;0;2
21;144;nan;0.0;0.0;274.0;0.0;271.0;0;2
21;145;nan;0.0;0.0;274.0;0.0;271.0;0;2
21;146;nan;0.0;0.0;274.0;0.0;271.0;0;2
21;147;nan;0.0;0.0;274.0;0.0;271.0;0;2
21;148;nan;0.0;0.0;274.0;0.0;271.0;0;2
21;149;nan;0.0;0.0;274.0;0.0;271.0;0;2
22;0;6.0;77.7;190.0;401.6;0.2;274.0;1;1
22;1;6.7;67.0;167.0;381.0;0.2;274.0;0;1
22;2;6.1;75.8;188.0;397.3;0.2;274.0;0;1
22;3;6.9;65.8;156.0;387.3;0.2;274.0;0;1
22;4;7.1;63.1;149.0;383.0;0.2;274.0;0;1
22;5;7.3;61.2;156.0;376.3;0.2;274.0;0;1
22;6;6.2;75.7;180.0;400.9;0.2;274.0;0;1
22;7;6.7;67.2;160.0;381.9;0.2;273.0;1;2
22;8;7.0;62.3;157.0;371.7;0.2;273.0;0;2
22;9;8.4;51.6;123.0;366.0;0.1;273.0;0;2
22;10;7.9;55.5;140.0;371.9;0.1;273.0;0;2
22;11;7.9;55.2;133.0;366.9;0.2;273.0;0;2
22;12;7.5;58.4;137.0;371.1;0.2;273.0;0;2
22;13;9.2;44.8;128.0;344.9;0.1;273.0;0;2
22;14;9.1;46.0;122.0;347.9;0.1;273.0;0;2
22;15;10.9;37.8;95.0;340.3;0.1;273.0;0;2
22;16;10.5;39.6;94.0;344.3;0.1;273.0;0;2
22;17;10.5;39.1;101.0;340.1;0.1;273.0;0;2
22;18;9.9;40.8;100.0;334.6;0.1;273.0;0;2
22;19;10.7;38.9;104.0;343.4;0.1;273.0;0;2
22;20;10.5;36.9;88.0;321.4;0.1;273.0;0;2
22;21;19.8;18.6;47.0;297.1;0.1;273.0;0;2
22;22;21.3;17.5;44.0;299.3;0.1;273.0;0;2
22;23;24.1;15.3;36.0;295.4;0.1;273.0;0;2
22;24;17.1;21.4;52.0;297.1;0.1;273.0;0;2
22;25;38.4;9.3;21.0;283.6;0.0;273.0;0;2
22;26;28.4;13.1;32.0;296.1;0.0;273.0;0;2
22;27;27.5;13.4;32.0;296.0;0.0;273.0;0;2
22;28;46.4;7.8;19.0;284.9;0.0;273.0;0;2
22;29;100.0;3.2;8.0;276.6;0.0;273.0;0;2
22;30;94.6;3.7;8.0;277.3;0.0;273.0;0;2
22;31;50.8;6.9;20.0;276.9;0.0;273.0;0;2
22;32;nan;0.0;0.0;273.0;0.0;273.0;0;2
22;33;nan;0.0;0.0;273.0;0.0;273.0;0;2
22;34;nan;0.0;0.0;273.0;0.0;273.0;0;2
22;35;nan;0.0;0.0;273.0;0.0;273.0;0;2
22;36;nan;0.0;0.0;273.0;0.0;273.0;0;2
22;37;nan;0.0;0.0;273.0;0.0;273.0;0;2
22;38;nan;0.0;0.0;273.0;0.0;273.0;0;2
22;39;nan;0.0;0.0;273.0;0.0;273.0;0;2
22;40;nan;0.0;0.0;273.0;0.0;273.0;0;2
22;41;nan;0.0;0.0;273.0;0.0;273.0;0;2
22;42;nan;0.0;0.0;273.0;0.0;273.0;0;2
22;43;nan;0.0;0.0;273.0;0.0;273.0;0;2
22;44;nan;0.0;0.0;273.0;0.0;273.0;0;2
22;45;nan;0.0;0.0;273.0;0.0;273.0;0;2
22;46;nan;0.0;0.0;273.0;0.0;273.0;0;2
22;47;nan;0.0;0.0;273.0;0.0;273.0;0;2
22;48;nan;0.0;0.0;273.0;0.0;273.0;0;2
22;49;nan;0.0;0.0;273.0;0.0;273.0;0;2
22;50;nan;0.0;0.0;273.0;0.0;273.0;0;2
22;51;nan;0.0;0.0;273.0;0.0;273.0;0;2
22;52;nan;0.0;0.0;273.0;0.0;273.0;0;2
22;53;nan;0.0;0.0;273.0;0.0;273.0;0;2
22;54;nan;0.0;0.0;273.0;0.0;273.0;0;2
22;55;nan;0.0;0.0;273.0;0.0;273.0;0;2
22;56;nan;0.0;0.0;273.0;0.0;273.0;0;2
22;57;nan;0.0;0.0;273.0;0.0;273.0;0;2
22;58;nan;0.0;0.0;273.0;0.0;273.0;0;2
22;59;nan;0.0;0.0;273.0;0.0;273.0;0;2
22;60;nan;0.0;0.0;273.0;0.0;273.0;0;2
22;61;nan;0.0;0.0;273.0;0.0;273.0;0;2
22;62;nan;0.0;0.0;273.0;0.0;273.0;0;2
22;63;nan;0.0;0.0;273.0;0.0;273.0;0;2
22;64;7.4;51.1;114.0;319.6;0.2;273.0;0;2
22;65;7.8;49.0;110.0;321.7;0.2;273.0;0;2
22;66;10.9;34.4;84.0;311.4;0.1;273.0;0;2
22;67;13.1;28.1;64.0;302.4;0.1;273.0;0;2
22;68;12.9;28.7;68.0;303.1;0.1;273.0;0;2
22;69;26.2;13.7;34.0;287.6;0.0;273.0;0;2
22;70;10.4;35.6;81.0;307.9;0.1;273.0;0;2
22;71;59.3;6.0;18.0;280.6;0.0;273.0;0;2
22;72;90.1;4.0;8.0;280.4;0.0;273.0;0;2
22;73;90.1;4.0;8.0;280.4;0.0;273.0;0;2
22;74;76.6;4.6;12.0;279.9;0.0;273.0;0;2
22;75;100.0;3.5;8.0;279.9;0.0;273.0;0;2
22;76;100.0;2.6;8.0;277.7;0.0;273.0;0;2
22;77;nan;0.0;0.0;273.0;0.0;273.0;0;2
22;78;nan;0.0;0.0;273.0;0.0;273.0;0;2
22;79;nan;0.0;0.0;273.0;0.0;273.0;0;2
22;80;nan;0.0;0.0;273.0;0.0;273.0;0;2
22;81;nan;0.0;0.0;273.0;0.0;273.0;0;2
22;82;nan;0.0;0.0;273.0;0.0;273.0;0;2
22;83;nan;0.0;0.0;273.0;0.0;273.0;0;2
22;84;nan;0.0;0.0;273.0;0.0;273.0;0;2
22;85;nan;0.0;0.0;273.0;0.0;273.0;0;2
22;86;nan;0.0;0.0;273.0;0.0;273.0;0;2
22;87;nan;0.0;0.0;273.0;0.0;273.0;0;2
22;88;nan;0.0;0.0;273.0;0.0;273.0;0;2
22;89;nan;0.0;0.0;273.0;0.0;273.0;0;2
22;90;nan;0.0;0.0;273.0;0.0;273.0;0;2
22;91;nan;0.0;0.0;273.0;0.0;273.0;0;2
22;92;nan;0.0;0.0;273.0;0.0;273.0;0;2
22;93;nan;0.0;0.0;273.0;0.0;273.0;0;2
22;94;nan;0.0;0.0;273.0;0.0;273.0;0;2
22;95;nan;0.0;0.0;273.0;0.0;273.0;0;2
22;96;nan;0.0;0.0;273.0;0.0;273.0;0;2
22;97;nan;0.0;0.0;273.0;0.0;273.0;0;2
22;98;nan;0.0;0.0;273.0;0.0;273.0;0;2
22;99;nan;0.0;0.0;273.0;0.0;273.0;0;2
22;100;nan;0.0;0.0;273.0;0.0;273.0;0;2
22;101;nan;0.0;0.0;273.0;0.0;273.0;0;2
22;102;nan;0.0;0.0;273.0;0.0;273.0;0;2
22;103;nan;0.0;0.0;273.0;0.0;273.0;0;2
22;104;nan;0.0;0.0;273.0;0.0;273.0;0;2
22;105;nan;0.0;0.0;273.0;0.0;273.0;0;2
22;106;nan;0.0;0.0;273.0;0.0;273.0;0;2
22;107;nan;0.0;0.0;273.0;0.0;273.0;0;2
22;108;nan;0.0;0.0;273.0;0.0;273.0;0;2
22;109;14.8;24.3;59.0;292.9;0.1;273.0;0;2
22;110;46.6;7.6;20.0;280.6;0.0;273.0;0;2
22;111;26.3;13.4;33.0;282.0;0.0;273.0;0;2
22;112;66.7;5.3;13.0;276.3;0.0;273.0;0;2
22;113;100.0;2.3;5.0;274.4;0.0;273.0;0;2
22;114;nan;0.0;0.0;273.0;0.0;273.0;0;2
22;115;nan;0.0;0.0;273.0;0.0;273.0;0;2
22;116;nan;0.0;0.0;273.0;0.0;273.0;0;2
22;117;nan;0.0;0.0;273.0;0.0;273.0;0;2
22;118;nan;0.0;0.0;273.0;0.0;273.0;0;2
22;119;nan;0.0;0.0;273.0;0.0;273.0;0;2
22;120;nan;0.0;0.0;273.0;0.0;273.0;0;2
22;121;nan;0.0;0.0;273.0;0.0;273.0;0;2
22;122;nan;0.0;0.0;273.0;0.0;273.0;0;2
22;123;nan;0.0;0.0;273.0;0.0;273.0;0;2
22;124;nan;0.0;0.0;273.0;0.0;273.0;0;2
22;125;nan;0.0;0.0;273.0;0.0;273.0;0;2
22;126;nan;0.0;0.0;273.0;0.0;273.0;0;2
22;127;nan;0.0;0.0;273.0;0.0;273.0;0;2
22;128;nan;0.0;0.0;273.0;0.0;273.0;0;2
22;129;nan;0.0;0.0;273.0;0.0;273.0;0;2
22;130;nan;0.0;0.0;273.0;0.0;273.0;0;2
22;131;nan;0.0;0.0;273.0;0.0;273.0;0;2
22;132;nan;0.0;0.0;273.0;0.0;273.0;0;2
22;133;nan;0.0;0.0;273.0;0.0;273.0;0;2
22;134;nan;0.0;0.0;273.0;0.0;273.0;0;2
22;135;nan;0.0;0.0;273.0;0.0;273.0;0;2
22;136;nan;0.0;0.0;273.0;0.0;273.0;0;2
22;137;nan;0.0;0.0;273.0;0.0;273.0;0;2
22;138;nan;0.0;0.0;273.0;0.0;273.0;0;2
22;139;nan;0.0;0.0;273.0;0.0;273.0;0;2
22;140;nan;0.0;0.0;273.0;0.0;273.0;0;2
22;141;nan;0.0;0.0;273.0;0.0;273.0;0;2
22;142;nan;0.0;0.0;273.0;0.0;273.0;0;2
22;143;nan;0.0;0.0;273.0;0.0;273.0;0;2
22;144;nan;0.0;0.0;273.0;0.0;273.0;0;2
22;145;nan;0.0;0.0;273.0;0.0;273.0;0;2
22;146;nan;0.0;0.0;273.0;0.0;273.0;0;2
22;147;nan;0.0;0.0;273.0;0.0;273.0;0;2
22;148;nan;0.0;0.0;273.0;0.0;273.0;0;2
22;149;nan;0.0;0.0;273.0;0.0;273.0;0;2
23;0;6.5;72.0;167.0;398.7;0.2;283.0;1;1
23;1;6.8;67.2;174.0;387.3;0.2;276.0;1;2
23;2;6.5;69.8;177.0;388.0;0.2;276.0;0;2
23;3;6.3;72.9;176.0;392.3;0.2;276.0;0;2
23;4;6.7;67.3;164.0;387.3;0.2;276.0;0;2
23;5;6.0;77.1;194.0;398.9;0.2;275.0;1;3
23;6;7.0;63.4;156.0;375.9;0.2;275.0;0;3
23;7;7.4;59.1;142.0;372.1;0.2;273.0;1;4
23;8;6.5;69.5;166.0;386.6;0.2;273.0;0;4
23;9;7.1;62.0;150.0;375.6;0.2;273.0;0;4
23;10;7.8;55.8;141.0;366.4;0.2;273.0;0;4
23;11;8.2;52.4;132.0;363.0;0.1;273.0;0;4
23;12;10.2;41.2;110.0;349.7;0.1;273.0;0;4
23;13;8.1;52.7;136.0;357.7;0.1;273.0;0;4
23;14;8.0;53.7;134.0;360.3;0.1;271.0;1;5
23;15;11.3;36.0;95.0;336.6;0.1;271.0;0;5
23;16;10.7;38.4;96.0;339.7;0.1;271.0;0;5
23;17;13.8;28.5;71.0;321.3;0.1;271.0;0;5
23;18;12.6;31.4;87.0;324.1;0.1;271.0;0;5
23;19;13.7;28.7;73.0;322.9;0.1;271.0;0;5
23;20;12.9;29.6;68.0;314.1;0.1;271.0;0;5
23;21;10.3;37.8;78.0;323.0;0.1;271.0;0;5
23;22;12.4;30.4;73.0;311.0;0.1;271.0;0;5
23;23;11.2;34.4;85.0;318.3;0.1;271.0;0;5
23;24;10.2;37.3;87.0;317.0;0.1;271.0;0;5
23;25;23.6;15.7;34.0;297.0;0.1;271.0;0;5
23;26;11.0;35.1;77.0;319.7;0.1;271.0;0;5
23;27;73.1;4.9;12.0;282.9;0.0;271.0;0;5
23;28;27.8;13.1;39.0;290.0;0.0;271.0;0;5
23;29;100.0;3.5;8.0;283.0;0.0;271.0;0;5
23;30;100.0;3.1;8.0;282.3;0.0;271.0;0;5
23;31;100.0;2.9;6.0;282.3;0.0;271.0;0;5
23;32;95.7;3.8;8.0;283.3;0.0;271.0;0;5
23;33;100.0;3.0;6.0;282.4;0.0;271.0;0;5
23;34;87.2;4.1;9.0;283.4;0.0;271.0;0;5
23;35;83.8;4.3;9.0;283.3;0.0;271.0;0;5
23;36;100.0;3.5;8.0;283.0;0.0;271.0;0;5
23;37;83.8;4.3;9.0;283.3;0.0;271.0;0;5
23;38;95.7;3.8;8.0;283.3;0.0;271.0;0;5
23;39;100.0;3.5;8.0;283.0;0.0;271.0;0;5
23;40;99.7;3.6;8.0;283.4;0.0;271.0;0;5
23;41;87.2;4.1;9.0;283.4;0.0;271.0;0;5
23;42;87.2;4.1;9.0;283.4;0.0;271.0;0;5
23;43;87.2;4.1;9.0;283.4;0.0;271.0;0;5
23;44;83.8;4.3;9.0;283.3;0.0;271.0;0;5
23;45;100.0;3.1;8.0;282.4;0.0;271.0;0;5
23;46;85.0;4.2;9.0;282.1;0.0;271.0;0;5
23;47;80.4;4.5;9.0;281.9;0.0;271.0;0;5
23;48;100.0;2.8;7.0;280.6;0.0;271.0;0;5
23;49;100.0;0.8;3.0;277.9;0.0;271.0;0;5
23;50;100.0;2.1;6.0;278.9;0.0;271.0;0;5
23;51;100.0;2.4;7.0;279.0;0.0;271.0;0;5
23;52;nan;0.0;0.0;278.0;0.0;271.0;0;5
23;53;nan;0.0;0.0;278.0;0.0;271.0;0;5
23;54;nan;0.0;0.0;278.0;0.0;271.0;0;5
23;55;nan;0.0;0.0;278.0;0.0;271.0;0;5
23;56;nan;0.0;0.0;278.0;0.0;271.0;0;5
23;57;nan;0.0;0.0;278.0;0.0;271.0;0;5
23;58;nan;0.0;0.0;278.0;0.0;271.0;0;5
23;59;nan;0.0;0.0;278.0;0.0;271.0;0;5
23;60;nan;0.0;0.0;278.0;0.0;271.0;0;5
23;61;nan;0.0;0.0;278.0;0.0;271.0;0;5
23;62;nan;0.0;0.0;278.0;0.0;271.0;0;5
23;63;nan;0.0;0.0;278.0;0.0;271.0;0;5
23;64;nan;0.0;0.0;278.0;0.0;271.0;0;5
23;65;12.6;29.3;69.0;302.6;0.1;271.0;0;5
23;66;8.1;47.6;98.0;324.4;0.1;271.0;0;5
23;67;8.5;44.1;94.0;315.9;0.1;271.0;0;5
23;68;18.4;20.0;55.0;297.7;0.1;271.0;0;5
23;69;16.7;22.2;48.0;300.6;0.1;271.0;0;5
23;70;25.6;14.3;33.0;292.4;0.0;271.0;0;5
23;71;26.6;13.6;33.0;289.6;0.0;271.0;0;5
23;72;34.9;10.3;27.0;284.9;0.0;271.0;0;5
23;73;23.7;15.3;35.0;291.4;0.1;271.0;0;5
23;74;61.6;5.8;13.0;279.6;0.0;271.0;0;5
23;75;44.3;8.1;21.0;282.4;0.0;271.0;0;5
23;76;89.2;4.0;8.0;277.4;0.0;271.0;0;5
23;77;89.2;4.0;8.0;277.4;0.0;271.0;0;5
23;78;34.2;10.4;26.0;282.1;0.0;271.0;0;5
23;79;nan;0.0;0.0;274.0;0.0;271.0;0;5
23;80;nan;0.0;0.0;274.0;0.0;271.0;0;5
23;81;nan;0.0;0.0;274.0;0.0;271.0;0;5
23;82;nan;0.0;0.0;274.0;0.0;271.0;0;5
23;83;nan;0.0;0.0;274.0;0.0;271.0;0;5
23;84;nan;0.0;0.0;274.0;0.0;271.0;0;5
23;85;nan;0.0;0.0;274.0;0.0;271.0;0;5
23;86;nan;0.0;0.0;274.0;0.0;271.0;0;5
23;87;nan;0.0;0.0;274.0;0.0;271.0;0;5
23;88;nan;0.0;0.0;274.0;0.0;271.0;0;5
23;89;nan;0.0;0.0;274.0;0.0;271.0;0;5
23;90;nan;0.0;0.0;274.0;0.0;271.0;0;5
23;91;nan;0.0;0.0;274.0;0.0;271.0;0;5
23;92;nan;0.0;0.0;274.0;0.0;271.0;0;5
23;93;nan;0.0;0.0;274.0;0.0;271.0;0;5
23;94;nan;0.0;0.0;274.0;0.0;271.0;0;5
23;95;nan;0.0;0.0;274.0;0.0;271.0;0;5
23;96;nan;0.0;0.0;274.0;0.0;271.0;0;5
23;97;nan;0.0;0.0;274.0;0.0;271.0;0;5
23;98;nan;0.0;0.0;274.0;0.0;271.0;0;5
23;99;nan;0.0;0.0;274.0;0.0;271.0;0;5
23;100;nan;0.0;0.0;274.0;0.0;271.0;0;5
23;101;nan;0.0;0.0;274.0;0.0;271.0;0;5
23;102;nan;0.0;0.0;274.0;0.0;271.0;0;5
23;103;nan;0.0;0.0;274.0;0.0;271.0;0;5
23;104;nan;0.0;0.0;274.0;0.0;271.0;0;5
23;105;nan;0.0;0.0;274.0;0.0;271.0;0;5
23;106;nan;0.0;0.0;274.0;0.0;271.0;0;5
23;107;nan;0.0;0.0;274.0;0.0;271.0;0;5
23;108;nan;0.0;0.0;274.0;0.0;271.0;0;5
23;109;nan;0.0;0.0;274.0;0.0;271.0;0;5
23;110;13.1;27.4;64.0;294.6;0.1;271.0;0;5
23;111;14.5;24.5;59.0;291.0;0.1;271.0;0;5
23;112;23.8;15.0;39.0;286.9;0.1;271.0;0;5
23;113;21.6;16.4;38.0;285.9;0.1;271.0;0;5
23;114;nan;0.0;0.0;274.0;0.0;271.0;0;5
23;115;nan;0.0;0.0;274.0;0.0;271.0;0;5
23;116;nan;0.0;0.0;274.0;0.0;271.0;0;5
23;117;nan;0.0;0.0;274.0;0.0;271.0;0;5
23;118;nan;0.0;0.0;274.0;0.0;271.0;0;5
23;119;nan;0.0;0.0;274.0;0.0;271.0;0;5
23;120;nan;0.0;0.0;274.0;0.0;271.0;0;5
23;121;nan;0.0;0.0;274.0;0.0;271.0;0;5
23;122;nan;0.0;0.0;274.0;0.0;271.0;0;5
23;123;nan;0.0;0.0;274.0;0.0;271.0;0;5
23;124;nan;0.0;0.0;274.0;0.0;271.0;0;5
23;125;nan;0.0;0.0;274.0;0.0;271.0;0;5
23;126;nan;0.0;0.0;274.0;0.0;271.0;0;5
23;127;nan;0.0;0.0;274.0;0.0;271.0;0;5
23;128;nan;0.0;0.0;274.0;0.0;271.0;0;5
23;129;nan;0.0;0.0;274.0;0.0;271.0;0;5
23;130;nan;0.0;0.0;274.0;0.0;271.0;0;5
23;131;nan;0.0;0.0;274.0;0.0;271.0;0;5
23;132;nan;0.0;0.0;274.0;0.0;271.0;0;5
23;133;nan;0.0;0.0;274.0;0.0;271.0;0;5
23;134;nan;0.0;0.0;274.0;0.0;271.0;0;5
23;135;nan;0.0;0.0;274.0;0.0;271.0;0;5
23;136;nan;0.0;0.0;274.0;0.0;271.0;0;5
23;137;nan;0.0;0.0;274.0;0.0;271.0;0;5
23;138;nan;0.0;0.0;274.0;0.0;271.0;0;5
23;139;100.0;0.7;2.0;273.7;0.0;271.0;0;5
23;140;nan;0.0;0.0;274.0;0.0;271.0;0;5
23;141;nan;0.0;0.0;274.0;0.0;271.0;0;5
23;142;nan;0.0;0.0;274.0;0.0;271.0;0;5
23;143;nan;0.0;0.0;274.0;0.0;271.0;0;5
23;144;nan;0.0;0.0;274.0;0.0;271.0;0;5
23;145;nan;0.0;0.0;274.0;0.0;271.0;0;5
23;146;nan;0.0;0.0;274.0;0.0;271.0;0;5
23;147;nan;0.0;0.0;274.0;0.0;271.0;0;5
23;148;nan;0.0;0.0;274.0;0.0;271.0;0;5
23;149;nan;0.0;0.0;274.0;0.0;271.0;0;5
24;0;6.6;69.0;171.0;390.6;0.2;281.0;1;1
24;1;5.8;81.5;203.0;409.9;0.2;281.0;0;1
24;2;6.1;76.2;176.0;399.1;0.2;279.0;1;2
24;3;6.7;68.9;161.0;391.3;0.2;279.0;0;2
24;4;6.5;71.0;171.0;394.4;0.2;275.0;1;3
24;5;7.8;57.7;134.0;379.1;0.2;275.0;0;3
24;6;7.4;60.5;142.0;378.0;0.2;275.0;0;3
24;7;7.2;61.6;148.0;378.4;0.2;275.0;0;3
24;8;6.4;72.5;172.0;399.9;0.2;275.0;0;3
24;9;7.0;62.9;161.0;372.7;0.2;271.0;1;4
24;10;8.4;51.4;124.0;363.3;0.1;271.0;0;4
24;11;6.7;67.5;155.0;386.6;0.2;271.0;0;4
24;12;10.0;41.7;109.0;345.7;0.1;271.0;0;4
24;13;8.1;53.8;132.0;368.0;0.1;271.0;0;4
24;14;9.2;46.5;107.0;357.3;0.1;271.0;0;4
24;15;9.6;43.4;107.0;346.9;0.1;271.0;0;4
24;16;9.1;45.7;118.0;348.4;0.1;271.0;0;4
24;17;8.4;51.3;126.0;360.6;0.1;271.0;0;4
24;18;9.9;41.4;103.0;342.6;0.1;271.0;0;4
24;19;11.0;36.1;97.0;326.9;0.1;271.0;0;4
24;20;10.5;37.3;86.0;323.4;0.1;271.0;0;4
24;21;13.0;29.0;66.0;308.3;0.1;271.0;0;4
24;22;12.3;30.9;69.0;311.7;0.1;271.0;0;4
24;23;13.7;27.8;73.0;310.6;0.1;271.0;0;4
24;24;17.5;21.1;55.0;298.4;0.1;271.0;0;4
24;25;12.2;30.9;70.0;309.4;0.1;271.0;0;4
24;26;23.0;15.7;42.0;290.7;0.1;271.0;0;4
24;27;60.4;5.9;16.0;279.0;0.0;271.0;0;4
24;28;79.7;4.5;9.0;279.1;0.0;271.0;0;4
24;29;100.0;3.4;10.0;276.1;0.0;271.0;0;4
24;30;75.4;4.7;10.0;277.7;0.0;271.0;0;4
24;31;89.8;4.0;8.0;279.6;0.0;271.0;0;4
24;32;77.1;4.6;10.0;278.6;0.0;271.0;0;4
24;33;100.0;1.0;3.0;273.9;0.0;271.0;0;4
24;34;100.0;0.5;1.0;273.6;0.0;271.0;0;4
24;35;100.0;0.5;1.0;273.6;0.0;271.0;0;4
24;36;100.0;0.5;1.0;273.6;0.0;271.0;0;4
24;37;100.0;0.5;1.0;273.6;0.0;271.0;0;4
24;38;100.0;0.5;1.0;273.6;0.0;271.0;0;4
24;39;100.0;0.5;1.0;273.6;0.0;271.0;0;4
24;40;100.0;0.5;1.0;273.6;0.0;271.0;0;4
24;41;100.0;0.5;1.0;273.6;0.0;271.0;0;4
24;42;100.0;0.5;1.0;273.6;0.0;271.0;0;4
24;43;100.0;0.5;1.0;273.6;0.0;271.0;0;4
24;44;100.0;0.5;1.0;273.6;0.0;271.0;0;4
24;45;100.0;0.5;1.0;273.6;0.0;271.0;0;4
24;46;100.0;0.5;1.0;273.6;0.0;271.0;0;4
24;47;100.0;0.5;1.0;273.6;0.0;271.0;0;4
24;48;100.0;0.5;1.0;273.4;0.0;271.0;0;4
24;49;100.0;0.5;1.0;273.4;0.0;271.0;0;4
24;50;100.0;0.5;1.0;273.4;0.0;271.0;0;4
24;51;100.0;0.5;1.0;273.4;0.0;271.0;0;4
24;52;100.0;0.5;1.0;273.6;0.0;271.0;0;4
24;53;100.0;0.5;1.0;273.6;0.0;271.0;0;4
24;54;100.0;0.5;1.0;273.6;0.0;271.0;0;4
24;55;100.0;0.5;1.0;273.6;0.0;271.0;0;4
24;56;100.0;0.5;1.0;273.6;0.0;271.0;0;4
24;57;100.0;0.5;1.0;273.6;0.0;271.0;0;4
24;58;100.0;0.5;1.0;273.4;0.0;271.0;0;4
24;59;100.0;0.5;1.0;273.4;0.0;271.0;0;4
24;60;100.0;0.5;1.0;273.4;0.0;271.0;0;4
24;61;100.0;0.5;1.0;273.4;0.0;271.0;0;4
24;62;100.0;0.5;1.0;273.4;0.0;271.0;0;4
24;63;100.0;0.5;1.0;273.4;0.0;271.0;0;4
24;64;100.0;0.5;1.0;273.4;0.0;271.0;0;4
24;65;100.0;0.5;1.0;273.4;0.0;271.0;0;4
24;66;100.0;0.5;1.0;273.4;0.0;271.0;0;4
24;67;8.9;43.0;96.0;320.3;0.1;271.0;0;4
24;68;10.5;35.7;77.0;309.9;0.1;271.0;0;4
24;69;9.1;42.0;95.0;317.9;0.1;271.0;0;4
24;70;10.7;35.2;83.0;312.3;0.1;271.0;0;4
24;71;17.3;20.9;50.0;293.6;0.1;271.0;0;4
24;72;73.2;4.8;14.0;275.4;0.0;271.0;0;4
24;73;53.4;6.6;17.0;280.0;0.0;271.0;0;4
24;74;51.2;6.9;15.0;279.4;0.0;271.0;0;4
24;75;56.8;6.2;13.0;278.9;0.0;271.0;0;4
24;76;61.8;5.7;13.0;279.4;0.0;271.0;0;4
24;77;61.8;5.7;13.0;279.4;0.0;271.0;0;4
24;78;56.2;6.3;13.0;278.4;0.0;271.0;0;4
24;79;81.7;4.3;11.0;275.9;0.0;271.0;0;4
24;80;59.7;5.9;13.0;276.7;0.0;271.0;0;4
24;81;59.7;5.9;13.0;276.7;0.0;271.0;0;4
24;82;99.1;3.5;8.0;275.4;0.0;271.0;0;4
24;83;55.9;6.3;13.0;278.7;0.0;271.0;0;4
24;84;61.3;5.7;13.0;277.0;0.0;271.0;0;4
24;85;78.5;4.5;13.0;275.1;0.0;271.0;0;4
24;86;56.8;6.2;13.0;278.9;0.0;271.0;0;4
24;87;60.5;5.8;13.0;277.9;0.0;271.0;0;4
24;88;61.2;5.7;13.0;277.7;0.0;271.0;0;4
24;89;60.6;5.8;13.0;276.9;0.0;271.0;0;4
24;90;60.6;5.8;13.0;276.9;0.0;271.0;0;4
24;91;78.5;4.5;13.0;275.1;0.0;271.0;0;4
24;92;54.8;6.4;13.0;278.6;0.0;271.0;0;4
24;93;100.0;0.5;1.0;273.4;0.0;271.0;0;4
24;94;59.1;6.0;13.0;279.1;0.0;271.0;0;4
24;95;61.3;5.7;13.0;277.0;0.0;271.0;0;4
24;96;61.3;5.7;13.0;277.0;0.0;271.0;0;4
24;97;59.7;5.9;13.0;276.7;0.0;271.0;0;4
24;98;63.1;5.6;13.0;277.3;0.0;271.0;0;4
24;99;67.9;5.2;13.0;277.9;0.0;271.0;0;4
24;100;71.1;5.0;11.0;278.1;0.0;271.0;0;4
24;101;77.6;4.5;13.0;275.0;0.0;271.0;0;4
24;102;61.3;5.7;13.0;277.0;0.0;271.0;0;4
24;103;65.3;5.4;13.0;277.6;0.0;271.0;0;4
24;104;77.6;4.5;13.0;275.0;0.0;271.0;0;4
24;105;63.1;5.6;13.0;277.3;0.0;271.0;0;4
24;106;59.7;5.9;13.0;276.7;0.0;271.0;0;4
24;107;67.9;5.2;13.0;277.9;0.0;271.0;0;4
24;108;77.8;4.5;13.0;275.3;0.0;271.0;0;4
24;109;61.3;5.7;13.0;277.0;0.0;271.0;0;4
24;110;67.9;5.2;13.0;277.9;0.0;271.0;0;4
24;111;100.0;0.5;1.0;273.3;0.0;271.0;0;4
24;112;13.1;27.4;68.0;294.0;0.1;271.0;0;4
24;113;23.3;15.4;39.0;288.1;0.1;271.0;0;4
24;114;17.9;20.0;51.0;290.1;0.1;271.0;0;4
24;115;59.7;5.9;13.0;276.7;0.0;271.0;0;4
24;116;100.0;0.5;1.0;273.3;0.0;271.0;0;4
24;117;100.0;0.5;1.0;273.3;0.0;271.0;0;4
24;118;100.0;0.5;1.0;273.3;0.0;271.0;0;4
24;119;65.3;5.4;13.0;277.6;0.0;271.0;0;4
24;120;65.3;5.4;13.0;277.6;0.0;271.0;0;4
24;121;100.0;0.5;1.0;273.3;0.0;271.0;0;4
24;122;100.0;0.5;1.0;273.3;0.0;271.0;0;4
24;123;100.0;0.5;1.0;273.3;0.0;271.0;0;4
24;124;64.3;5.5;13.0;277.4;0.0;271.0;0;4
24;125;100.0;0.5;1.0;273.3;0.0;271.0;0;4
24;126;61.3;5.7;13.0;277.0;0.0;271.0;0;4
24;127;77.6;4.5;13.0;275.0;0.0;271.0;0;4
24;128;77.6;4.5;13.0;275.0;0.0;271.0;0;4
24;129;61.3;5.7;13.0;277.0;0.0;271.0;0;4
24;130;65.3;5.4;13.0;277.6;0.0;271.0;0;4
24;131;67.9;5.2;13.0;277.9;0.0;271.0;0;4
24;132;61.3;5.7;13.0;277.0;0.0;271.0;0;4
24;133;80.8;4.3;13.0;275.6;0.0;271.0;0;4
24;134;87.3;4.0;13.0;276.3;0.0;271.0;0;4
24;135;81.5;4.3;13.0;275.7;0.0;271.0;0;4
24;136;84.1;4.2;13.0;276.0;0.0;271.0;0;4
24;137;81.5;4.3;13.0;275.7;0.0;271.0;0;4
24;138;81.5;4.3;13.0;275.7;0.0;271.0;0;4
24;139;87.3;4.0;13.0;276.3;0.0;271.0;0;4
24;140;87.3;4.0;13.0;276.3;0.0;271.0;0;4
24;141;100.0;0.3;1.0;273.1;0.0;271.0;0;4
24;142;81.5;4.3;13.0;275.7;0.0;271.0;0;4
24;143;77.9;4.5;13.0;275.1;0.0;271.0;0;4
24;144;76.8;4.5;13.0;274.9;0.0;271.0;0;4
24;145;79.5;4.4;13.0;275.4;0.0;271.0;0;4
24;146;81.5;4.3;13.0;275.7;0.0;271.0;0;4
24;147;91.4;3.8;11.0;276.6;0.0;271.0;0;4
24;148;91.8;3.8;11.0;274.7;0.0;271.0;0;4
24;149;100.0;1.0;3.0;273.4;0.0;271.0;0;4
25;0;6.1;77.2;200.0;402.7;0.2;275.0;1;1
25;1;6.3;72.6;172.0;394.4;0.2;275.0;0;1
25;2;5.7;81.5;186.0;403.7;0.2;273.0;1;2
25;3;6.1;77.0;182.0;402.3;0.2;273.0;0;2
25;4;6.4;71.2;165.0;391.1;0.2;273.0;0;2
25;5;7.0;65.2;157.0;386.0;0.2;273.0;0;2
25;6;6.3;74.9;175.0;404.1;0.2;273.0;0;2
25;7;7.6;58.5;141.0;373.7;0.2;273.0;0;2
25;8;7.8;56.5;142.0;372.9;0.2;273.0;0;2
25;9;7.6;57.7;140.0;372.3;0.2;273.0;0;2
25;10;7.6;58.2;141.0;373.1;0.2;273.0;0;2
25;11;7.6;58.5;145.0;374.0;0.2;273.0;0;2
25;12;9.2;46.9;111.0;359.7;0.1;273.0;0;2
25;13;8.7;47.8;125.0;348.7;0.1;273.0;0;2
25;14;8.5;49.9;128.0;357.4;0.1;273.0;0;2
25;15;9.1;46.5;117.0;354.6;0.1;273.0;0;2
25;16;10.8;38.0;97.0;338.0;0.1;273.0;0;2
25;17;9.3;44.5;117.0;345.0;0.1;273.0;0;2
25;18;9.2;44.7;114.0;344.6;0.1;273.0;0;2
25;19;14.1;28.7;71.0;330.9;0.1;273.0;0;2
25;20;11.1;34.3;81.0;315.9;0.1;273.0;0;2
25;21;14.6;25.4;71.0;302.6;0.1;271.0;1;3
25;22;12.8;29.6;71.0;310.9;0.1;271.0;0;3
25;23;12.1;31.2;73.0;310.9;0.1;271.0;0;3
25;24;11.9;32.1;81.0;314.9;0.1;271.0;0;3
25;25;13.8;27.5;65.0;310.9;0.1;271.0;0;3
25;26;52.6;6.8;17.0;283.3;0.0;271.0;0;3
25;27;100.0;3.5;7.0;284.0;0.0;271.0;0;3
25;28;99.7;3.6;8.0;283.4;0.0;271.0;0;3
25;29;88.4;4.1;11.0;283.0;0.0;271.0;0;3
25;30;100.0;3.0;9.0;281.9;0.0;271.0;0;3
25;31;100.0;3.1;7.0;283.4;0.0;271.0;0;3
25;32;100.0;3.0;7.0;283.3;0.0;271.0;0;3
25;33;100.0;1.9;4.0;282.1;0.0;271.0;0;3
25;34;100.0;1.9;4.0;282.1;0.0;271.0;0;3
25;35;69.2;5.2;12.0;283.1;0.0;271.0;0;3
25;36;100.0;2.1;5.0;282.3;0.0;271.0;0;3
25;37;100.0;2.4;7.0;282.4;0.0;271.0;0;3
25;38;97.1;3.7;8.0;283.9;0.0;271.0;0;3
25;39;100.0;3.3;8.0;283.3;0.0;271.0;0;3
25;40;100.0;1.8;4.0;282.0;0.0;271.0;0;3
25;41;100.0;3.1;8.0;283.1;0.0;271.0;0;3
25;42;79.4;4.5;11.0;284.1;0.0;271.0;0;3
25;43;97.6;3.7;8.0;284.0;0.0;271.0;0;3
25;44;91.5;4.0;8.0;284.6;0.0;271.0;0;3
25;45;71.6;5.0;11.0;283.7;0.0;271.0;0;3
25;46;66.0;5.4;11.0;283.3;0.0;271.0;0;3
25;47;66.0;5.4;11.0;283.3;0.0;271.0;0;3
25;48;74.2;4.8;11.0;282.6;0.0;271.0;0;3
25;49;69.3;5.2;11.0;282.1;0.0;271.0;0;3
25;50;65.7;5.4;11.0;281.7;0.0;271.0;0;3
25;51;100.0;2.5;9.0;277.4;0.0;271.0;0;3
25;52;94.3;3.8;10.0;279.3;0.0;271.0;0;3
25;53;100.0;2.1;6.0;277.9;0.0;271.0;0;3
25;54;nan;0.0;0.0;277.0;0.0;271.0;0;3
25;55;nan;0.0;0.0;277.0;0.0;271.0;0;3
25;56;nan;0.0;0.0;277.0;0.0;271.0;0;3
25;57;nan;0.0;0.0;277.0;0.0;271.0;0;3
25;58;nan;0.0;0.0;277.0;0.0;271.0;0;3
25;59;nan;0.0;0.0;277.0;0.0;271.0;0;3
25;60;nan;0.0;0.0;277.0;0.0;271.0;0;3
25;61;nan;0.0;0.0;277.0;0.0;271.0;0;3
25;62;nan;0.0;0.0;277.0;0.0;271.0;0;3
25;63;nan;0.0;0.0;277.0;0.0;271.0;0;3
25;64;nan;0.0;0.0;277.0;0.0;271.0;0;3
25;65;nan;0.0;0.0;277.0;0.0;271.0;0;3
25;66;nan;0.0;0.0;277.0;0.0;271.0;0;3
25;67;5.9;65.9;140.0;335.4;0.2;271.0;0;3
25;68;8.7;43.4;100.0;317.9;0.1;271.0;0;3
25;69;12.2;30.3;71.0;304.0;0.1;271.0;0;3
25;70;11.6;32.0;75.0;305.3;0.1;271.0;0;3
25;71;12.1;30.7;68.0;304.9;0.1;271.0;0;3
25;72;14.4;25.5;54.0;299.3;0.1;271.0;0;3
25;73;70.1;5.1;11.0;282.1;0.0;271.0;0;3
25;74;47.1;7.6;16.0;283.6;0.0;271.0;0;3
25;75;nan;0.0;0.0;277.0;0.0;271.0;0;3
25;76;nan;0.0;0.0;277.0;0.0;271.0;0;3
25;77;nan;0.0;0.0;277.0;0.0;271.0;0;3
25;78;nan;0.0;0.0;277.0;0.0;271.0;0;3
25;79;nan;0.0;0.0;277.0;0.0;271.0;0;3
25;80;nan;0.0;0.0;277.0;0.0;271.0;0;3
25;81;nan;0.0;0.0;277.0;0.0;271.0;0;3
25;82;nan;0.0;0.0;277.0;0.0;271.0;0;3
25;83;nan;0.0;0.0;277.0;0.0;271.0;0;3
25;84;nan;0.0;0.0;277.0;0.0;271.0;0;3
25;85;nan;0.0;0.0;277.0;0.0;271.0;0;3
25;86;nan;0.0;0.0;277.0;0.0;271.0;0;3
25;87;nan;0.0;0.0;277.0;0.0;271.0;0;3
25;88;nan;0.0;0.0;277.0;0.0;271.0;0;3
25;89;nan;0.0;0.0;277.0;0.0;271.0;0;3
25;90;nan;0.0;0.0;277.0;0.0;271.0;0;3
25;91;nan;0.0;0.0;277.0;0.0;271.0;0;3
25;92;nan;0.0;0.0;277.0;0.0;271.0;0;3
25;93;nan;0.0;0.0;277.0;0.0;271.0;0;3
25;94;nan;0.0;0.0;277.0;0.0;271.0;0;3
25;95;nan;0.0;0.0;277.0;0.0;271.0;0;3
25;96;nan;0.0;0.0;277.0;0.0;271.0;0;3
25;97;nan;0.0;0.0;277.0;0.0;271.0;0;3
25;98;nan;0.0;0.0;277.0;0.0;271.0;0;3
25;99;nan;0.0;0.0;277.0;0.0;271.0;0;3
25;100;nan;0.0;0.0;277.0;0.0;271.0;0;3
25;101;nan;0.0;0.0;277.0;0.0;271.0;0;3
25;102;nan;0.0;0.0;277.0;0.0;271.0;0;3
25;103;nan;0.0;0.0;277.0;0.0;271.0;0;3
25;104;nan;0.0;0.0;277.0;0.0;271.0;0;3
25;105;nan;0.0;0.0;277.0;0.0;271.0;0;3
25;106;nan;0.0;0.0;277.0;0.0;271.0;0;3
25;107;nan;0.0;0.0;277.0;0.0;271.0;0;3
25;108;nan;0.0;0.0;277.0;0.0;271.0;0;3
25;109;nan;0.0;0.0;277.0;0.0;271.0;0;3
25;110;nan;0.0;0.0;277.0;0.0;271.0;0;3
25;111;100.0;1.4;4.0;276.4;0.0;271.0;0;3
25;112;16.9;21.4;56.0;292.6;0.1;271.0;0;3
25;113;11.8;30.1;72.0;294.0;0.1;271.0;0;3
25;114;16.9;21.2;54.0;290.3;0.1;271.0;0;3
25;115;21.8;16.4;47.0;287.4;0.1;271.0;0;3
25;116;56.9;6.2;16.0;280.7;0.0;271.0;0;3
25;117;30.6;11.6;28.0;284.1;0.0;271.0;0;3
25;118;75.4;4.7;14.0;279.7;0.0;271.0;0;3
25;119;75.7;4.7;11.0;280.7;0.0;271.0;0;3
25;120;100.0;2.7;6.0;278.7;0.0;271.0;0;3
25;121;89.0;4.0;10.0;280.9;0.0;271.0;0;3
25;122;88.6;4.0;10.0;280.3;0.0;271.0;0;3
25;123;82.7;4.3;10.0;279.7;0.0;271.0;0;3
25;124;100.0;2.7;6.0;278.7;0.0;271.0;0;3
25;125;100.0;2.7;6.0;278.7;0.0;271.0;0;3
25;126;100.0;2.3;5.0;278.4;0.0;271.0;0;3
25;127;66.8;5.3;15.0;280.0;0.0;271.0;0;3
25;128;11.3;31.9;71.0;297.6;0.1;271.0;0;3
25;129;nan;0.0;0.0;277.0;0.0;271.0;0;3
25;130;nan;0.0;0.0;277.0;0.0;271.0;0;3
25;131;nan;0.0;0.0;277.0;0.0;271.0;0;3
25;132;nan;0.0;0.0;277.0;0.0;271.0;0;3
25;133;nan;0.0;0.0;277.0;0.0;271.0;0;3
25;134;nan;0.0;0.0;277.0;0.0;271.0;0;3
25;135;nan;0.0;0.0;277.0;0.0;271.0;0;3
25;136;nan;0.0;0.0;277.0;0.0;271.0;0;3
25;137;nan;0.0;0.0;277.0;0.0;271.0;0;3
25;138;nan;0.0;0.0;277.0;0.0;271.0;0;3
25;139;nan;0.0;0.0;277.0;0.0;271.0;0;3
25;140;nan;0.0;0.0;277.0;0.0;271.0;0;3
25;141;nan;0.0;0.0;277.0;0.0;271.0;0;3
25;142;nan;0.0;0.0;277.0;0.0;271.0;0;3
25;143;nan;0.0;0.0;277.0;0.0;271.0;0;3
25;144;nan;0.0;0.0;277.0;0.0;271.0;0;3
25;145;nan;0.0;0.0;277.0;0.0;271.0;0;3
25;146;nan;0.0;0.0;277.0;0.0;271.0;0;3
25;147;nan;0.0;0.0;277.0;0.0;271.0;0;3
25;148;nan;0.0;0.0;277.0;0.0;271.0;0;3
25;149;nan;0.0;0.0;277.0;0.0;271.0;0;3
26;0;6.1;78.3;177.0;410.7;0.2;286.0;1;1
26;1;6.8;68.9;170.0;396.3;0.2;286.0;0;1
26;2;7.2;62.6;160.0;381.6;0.2;283.0;1;2
26;3;7.3;60.8;146.0;376.3;0.2;279.0;1;3
26;4;7.0;63.4;155.0;378.0;0.2;279.0;0;3
26;5;6.4;72.5;171.0;397.0;0.2;279.0;0;3
26;6;7.1;63.2;155.0;379.1;0.2;274.0;1;4
26;7;7.7;56.7;141.0;370.7;0.2;274.0;0;4
26;8;7.0;64.5;155.0;382.1;0.2;274.0;0;4
26;9;6.7;67.3;155.0;384.7;0.2;274.0;0;4
26;10;7.8;57.1;151.0;375.0;0.2;274.0;0;4
26;11;7.4;59.7;141.0;375.4;0.2;274.0;0;4
26;12;6.6;67.7;166.0;383.7;0.2;273.0;1;5
26;13;8.6;50.3;124.0;361.3;0.1;273.0;0;5
26;14;7.2;61.8;144.0;379.0;0.2;273.0;0;5
26;15;8.3;52.1;126.0;363.6;0.1;273.0;0;5
26;16;10.1;41.3;104.0;348.1;0.1;273.0;0;5
26;17;8.4;52.1;127.0;368.1;0.1;273.0;0;5
26;18;12.1;32.9;94.0;327.4;0.1;273.0;0;5
26;19;12.6;32.4;81.0;335.0;0.1;273.0;0;5
26;20;11.2;34.2;85.0;317.0;0.1;273.0;0;5
26;21;14.5;26.6;59.0;314.0;0.1;273.0;0;5
26;22;10.4;37.0;84.0;320.4;0.1;273.0;0;5
26;23;9.3;42.2;95.0;326.0;0.1;273.0;0;5
26;24;11.6;32.7;75.0;313.0;0.1;273.0;0;5
26;25;14.3;26.4;60.0;308.9;0.1;273.0;0;5
26;26;16.0;23.3;58.0;303.7;0.1;273.0;0;5
26;27;17.6;21.2;49.0;301.3;0.1;273.0;0;5
26;28;14.9;24.8;62.0;301.0;0.1;273.0;0;5
26;29;25.8;14.1;37.0;291.3;0.0;273.0;0;5
26;30;19.1;19.3;45.0;297.6;0.1;273.0;0;5
26;31;22.5;16.2;37.0;293.4;0.1;273.0;0;5
26;32;23.2;15.8;37.0;294.4;0.1;273.0;0;5
26;33;87.1;4.1;9.0;278.4;0.0;273.0;0;5
26;34;nan;0.0;0.0;275.0;0.0;273.0;0;5
26;35;nan;0.0;0.0;275.0;0.0;273.0;0;5
26;36;nan;0.0;0.0;275.0;0.0;273.0;0;5
26;37;nan;0.0;0.0;275.0;0.0;273.0;0;5
26;38;nan;0.0;0.0;275.0;0.0;273.0;0;5
26;39;nan;0.0;0.0;275.0;0.0;273.0;0;5
26;40;nan;0.0;0.0;275.0;0.0;273.0;0;5
26;41;nan;0.0;0.0;275.0;0.0;273.0;0;5
26;42;nan;0.0;0.0;275.0;0.0;273.0;0;5
26;43;nan;0.0;0.0;275.0;0.0;273.0;0;5
26;44;nan;0.0;0.0;275.0;0.0;273.0;0;5
26;45;nan;0.0;0.0;275.0;0.0;273.0;0;5
26;46;nan;0.0;0.0;275.0;0.0;273.0;0;5
26;47;nan;0.0;0.0;275.0;0.0;273.0;0;5
26;48;nan;0.0;0.0;275.0;0.0;273.0;0;5
26;49;nan;0.0;0.0;275.0;0.0;273.0;0;5
26;50;nan;0.0;0.0;275.0;0.0;273.0;0;5
26;51;nan;0.0;0.0;275.0;0.0;273.0;0;5
26;52;nan;0.0;0.0;275.0;0.0;273.0;0;5
26;53;nan;0.0;0.0;275.0;0.0;273.0;0;5
26;54;nan;0.0;0.0;275.0;0.0;273.0;0;5
26;55;nan;0.0;0.0;275.0;0.0;273.0;0;5
26;56;nan;0.0;0.0;275.0;0.0;273.0;0;5
26;57;nan;0.0;0.0;275.0;0.0;273.0;0;5
26;58;nan;0.0;0.0;275.0;0.0;273.0;0;5
26;59;nan;0.0;0.0;275.0;0.0;273.0;0;5
26;60;nan;0.0;0.0;275.0;0.0;273.0;0;5
26;61;nan;0.0;0.0;275.0;0.0;273.0;0;5
26;62;nan;0.0;0.0;275.0;0.0;273.0;0;5
26;63;nan;0.0;0.0;275.0;0.0;273.0;0;5
26;64;nan;0.0;0.0;275.0;0.0;273.0;0;5
26;65;nan;0.0;0.0;275.0;0.0;273.0;0;5
26;66;nan;0.0;0.0;275.0;0.0;273.0;0;5
26;67;nan;0.0;0.0;275.0;0.0;273.0;0;5
26;68;nan;0.0;0.0;275.0;0.0;273.0;0;5
26;69;7.3;52.8;112.0;325.4;0.2;273.0;0;5
26;70;9.6;39.1;86.0;313.0;0.1;273.0;0;5
26;71;8.7;43.6;105.0;317.6;0.1;273.0;0;5
26;72;8.9;42.9;100.0;318.4;0.1;273.0;0;5
26;73;11.8;31.6;77.0;306.6;0.1;273.0;0;5
26;74;17.9;20.4;49.0;295.0;0.1;273.0;0;5
26;75;23.4;15.4;32.0;288.3;0.1;273.0;0;5
26;76;37.4;9.5;25.0;281.6;0.0;273.0;0;5
26;77;nan;0.0;0.0;275.0;0.0;273.0;0;5
26;78;nan;0.0;0.0;275.0;0.0;273.0;0;5
26;79;nan;0.0;0.0;275.0;0.0;273.0;0;5
26;80;nan;0.0;0.0;275.0;0.0;273.0;0;5
26;81;nan;0.0;0.0;275.0;0.0;273.0;0;5
26;82;nan;0.0;0.0;275.0;0.0;273.0;0;5
26;83;nan;0.0;0.0;275.0;0.0;273.0;0;5
26;84;nan;0.0;0.0;275.0;0.0;273.0;0;5
26;85;nan;0.0;0.0;275.0;0.0;273.0;0;5
26;86;nan;0.0;0.0;275.0;0.0;273.0;0;5
26;87;nan;0.0;0.0;275.0;0.0;273.0;0;5
26;88;nan;0.0;0.0;275.0;0.0;273.0;0;5
26;89;nan;0.0;0.0;275.0;0.0;273.0;0;5
26;90;nan;0.0;0.0;275.0;0.0;273.0;0;5
26;91;nan;0.0;0.0;275.0;0.0;273.0;0;5
26;92;nan;0.0;0.0;275.0;0.0;273.0;0;5
26;93;nan;0.0;0.0;275.0;0.0;273.0;0;5
26;94;nan;0.0;0.0;275.0;0.0;273.0;0;5
26;95;nan;0.0;0.0;275.0;0.0;273.0;0;5
26;96;nan;0.0;0.0;275.0;0.0;273.0;0;5
26;97;nan;0.0;0.0;275.0;0.0;273.0;0;5
26;98;nan;0.0;0.0;275.0;0.0;273.0;0;5
26;99;nan;0.0;0.0;275.0;0.0;273.0;0;5
26;100;nan;0.0;0.0;275.0;0.0;273.0;0;5
26;101;nan;0.0;0.0;275.0;0.0;273.0;0;5
26;102;nan;0.0;0.0;275.0;0.0;273.0;0;5
26;103;nan;0.0;0.0;275.0;0.0;273.0;0;5
26;104;nan;0.0;0.0;275.0;0.0;273.0;0;5
26;105;nan;0.0;0.0;275.0;0.0;273.0;0;5
26;106;nan;0.0;0.0;275.0;0.0;273.0;0;5
26;107;nan;0.0;0.0;275.0;0.0;273.0;0;5
26;108;nan;0.0;0.0;275.0;0.0;273.0;0;5
26;109;nan;0.0;0.0;275.0;0.0;273.0;0;5
26;110;nan;0.0;0.0;275.0;0.0;273.0;0;5
26;111;nan;0.0;0.0;275.0;0.0;273.0;0;5
26;112;nan;0.0;0.0;275.0;0.0;273.0;0;5
26;113;nan;0.0;0.0;275.0;0.0;273.0;0;5
26;114;nan;0.0;0.0;275.0;0.0;273.0;0;5
26;115;nan;0.0;0.0;275.0;0.0;273.0;0;5
26;116;nan;0.0;0.0;275.0;0.0;273.0;0;5
26;117;10.7;33.8;81.0;299.3;0.1;273.0;0;5
26;118;17.6;20.3;52.0;290.6;0.1;271.0;1;6
26;119;20.4;17.7;44.0;291.3;0.1;271.0;0;6
26;120;nan;0.0;0.0;275.0;0.0;271.0;0;6
26;121;100.0;3.1;9.0;276.6;0.0;271.0;0;6
26;122;48.4;7.3;21.0;278.3;0.0;271.0;0;6
26;123;nan;0.0;0.0;275.0;0.0;271.0;0;6
26;124;nan;0.0;0.0;275.0;0.0;271.0;0;6
26;125;nan;0.0;0.0;275.0;0.0;271.0;0;6
26;126;nan;0.0;0.0;275.0;0.0;271.0;0;6
26;127;nan;0.0;0.0;275.0;0.0;271.0;0;6
26;128;nan;0.0;0.0;275.0;0.0;271.0;0;6
26;129;nan;0.0;0.0;275.0;0.0;271.0;0;6
26;130;nan;0.0;0.0;275.0;0.0;271.0;0;6
26;131;nan;0.0;0.0;275.0;0.0;271.0;0;6
26;132;nan;0.0;0.0;275.0;0.0;271.0;0;6
26;133;nan;0.0;0.0;275.0;0.0;271.0;0;6
26;134;nan;0.0;0.0;275.0;0.0;271.0;0;6
26;135;nan;0.0;0.0;275.0;0.0;271.0;0;6
26;136;nan;0.0;0.0;275.0;0.0;271.0;0;6
26;137;nan;0.0;0.0;275.0;0.0;271.0;0;6
26;138;nan;0.0;0.0;275.0;0.0;271.0;0;6
26;139;nan;0.0;0.0;275.0;0.0;271.0;0;6
26;140;nan;0.0;0.0;275.0;0.0;271.0;0;6
26;141;nan;0.0;0.0;275.0;0.0;271.0;0;6
26;142;nan;0.0;0.0;275.0;0.0;271.0;0;6
26;143;nan;0.0;0.0;275.0;0.0;271.0;0;6
26;144;nan;0.0;0.0;275.0;0.0;271.0;0;6
26;145;nan;0.0;0.0;275.0;0.0;271.0;0;6
26;146;nan;0.0;0.0;275.0;0.0;271.0;0;6
26;147;nan;0.0;0.0;275.0;0.0;271.0;0;6
26;148;100.0;0.7;2.0;274.7;0.0;271.0;0;6
26;149;nan;0.0;0.0;275.0;0.0;271.0;0;6
27;0;6.3;74.0;181.0;400.6;0.2;283.0;1;1
27;1;6.1;75.9;180.0;399.6;0.2;280.0;1;2
27;2;6.3;74.5;171.0;402.7;0.2;280.0;0;2
27;3;6.7;67.2;169.0;383.9;0.2;278.0;1;3
27;4;6.6;68.4;162.0;384.1;0.2;274.0;1;4
27;5;7.4;60.4;154.0;379.9;0.2;274.0;0;4
27;6;6.7;66.1;161.0;379.6;0.2;273.0;1;5
27;7;6.4;72.2;182.0;393.3;0.2;271.0;1;6
27;8;7.5;58.8;145.0;372.7;0.2;271.0;0;6
27;9;7.8;55.0;135.0;363.4;0.2;271.0;0;6
27;10;8.8;48.8;113.0;359.4;0.1;271.0;0;6
27;11;8.1;53.1;135.0;362.9;0.1;271.0;0;6
27;12;9.6;43.9;104.0;349.9;0.1;271.0;0;6
27;13;7.6;57.2;147.0;366.1;0.2;271.0;0;6
27;14;9.2;46.6;120.0;357.7;0.1;271.0;0;6
27;15;11.2;35.8;88.0;332.1;0.1;271.0;0;6
27;16;14.4;27.5;76.0;323.3;0.1;271.0;0;6
27;17;15.4;25.6;68.0;321.3;0.1;271.0;0;6
27;18;12.9;30.5;84.0;323.1;0.1;271.0;0;6
27;19;26.4;14.3;40.0;301.9;0.0;271.0;0;6
27;20;14.7;25.3;67.0;303.6;0.1;271.0;0;6
27;21;17.5;21.1;51.0;299.1;0.1;271.0;0;6
27;22;20.7;17.8;42.0;297.6;0.1;271.0;0;6
27;23;38.7;9.2;23.0;283.7;0.0;271.0;0;6
27;24;100.0;1.0;3.0;273.6;0.0;271.0;0;6
27;25;100.0;1.0;3.0;273.6;0.0;271.0;0;6
27;26;100.0;1.0;3.0;273.6;0.0;271.0;0;6
27;27;nan;0.0;0.0;274.0;0.0;271.0;0;6
27;28;nan;0.0;0.0;274.0;0.0;271.0;0;6
27;29;nan;0.0;0.0;274.0;0.0;271.0;0;6
27;30;nan;0.0;0.0;274.0;0.0;271.0;0;6
27;31;nan;0.0;0.0;274.0;0.0;271.0;0;6
27;32;nan;0.0;0.0;274.0;0.0;271.0;0;6
27;33;nan;0.0;0.0;274.0;0.0;271.0;0;6
27;34;nan;0.0;0.0;274.0;0.0;271.0;0;6
27;35;nan;0.0;0.0;274.0;0.0;271.0;0;6
27;36;nan;0.0;0.0;274.0;0.0;271.0;0;6
27;37;nan;0.0;0.0;274.0;0.0;271.0;0;6
27;38;nan;0.0;0.0;274.0;0.0;271.0;0;6
27;39;nan;0.0;0.0;274.0;0.0;271.0;0;6
27;40;nan;0.0;0.0;274.0;0.0;271.0;0;6
27;41;nan;0.0;0.0;274.0;0.0;271.0;0;6
27;42;nan;0.0;0.0;274.0;0.0;271.0;0;6
27;43;nan;0.0;0.0;274.0;0.0;271.0;0;6
27;44;nan;0.0;0.0;274.0;0.0;271.0;0;6
27;45;nan;0.0;0.0;274.0;0.0;271.0;0;6
27;46;nan;0.0;0.0;274.0;0.0;271.0;0;6
27;47;nan;0.0;0.0;274.0;0.0;271.0;0;6
27;48;nan;0.0;0.0;274.0;0.0;271.0;0;6
27;49;nan;0.0;0.0;274.0;0.0;271.0;0;6
27;50;nan;0.0;0.0;274.0;0.0;271.0;0;6
27;51;nan;0.0;0.0;274.0;0.0;271.0;0;6
27;52;nan;0.0;0.0;274.0;0.0;271.0;0;6
27;53;nan;0.0;0.0;274.0;0.0;271.0;0;6
27;54;nan;0.0;0.0;274.0;0.0;271.0;0;6
27;55;nan;0.0;0.0;274.0;0.0;271.0;0;6
27;56;nan;0.0;0.0;274.0;0.0;271.0;0;6
27;57;nan;0.0;0.0;274.0;0.0;271.0;0;6
27;58;nan;0.0;0.0;274.0;0.0;271.0;0;6
27;59;nan;0.0;0.0;274.0;0.0;271.0;0;6
27;60;nan;0.0;0.0;274.0;0.0;271.0;0;6
27;61;nan;0.0;0.0;274.0;0.0;271.0;0;6
27;62;nan;0.0;0.0;274.0;0.0;271.0;0;6
27;63;nan;0.0;0.0;274.0;0.0;271.0;0;6
27;64;8.5;45.0;100.0;322.3;0.1;271.0;0;6
27;65;11.0;34.2;78.0;311.7;0.1;271.0;0;6
27;66;12.0;30.7;69.0;303.6;0.1;271.0;0;6
27;67;12.5;30.0;68.0;308.6;0.1;271.0;0;6
27;68;18.5;19.6;47.0;294.0;0.1;271.0;0;6
27;69;24.5;14.9;36.0;291.9;0.1;271.0;0;6
27;70;33.5;10.6;23.0;283.4;0.0;271.0;0;6
27;71;30.3;11.8;27.0;284.9;0.0;271.0;0;6
27;72;100.0;1.4;4.0;274.6;0.0;271.0;0;6
27;73;nan;0.0;0.0;274.0;0.0;271.0;0;6
27;74;nan;0.0;0.0;274.0;0.0;271.0;0;6
27;75;nan;0.0;0.0;274.0;0.0;271.0;0;6
27;76;nan;0.0;0.0;274.0;0.0;271.0;0;6
27;77;nan;0.0;0.0;274.0;0.0;271.0;0;6
27;78;nan;0.0;0.0;274.0;0.0;271.0;0;6
27;79;nan;0.0;0.0;274.0;0.0;271.0;0;6
27;80;nan;0.0;0.0;274.0;0.0;271.0;0;6
27;81;nan;0.0;0.0;274.0;0.0;271.0;0;6
27;82;nan;0.0;0.0;274.0;0.0;271.0;0;6
27;83;nan;0.0;0.0;274.0;0.0;271.0;0;6
27;84;nan;0.0;0.0;274.0;0.0;271.0;0;6
27;85;nan;0.0;0.0;274.0;0.0;271.0;0;6
27;86;nan;0.0;0.0;274.0;0.0;271.0;0;6
27;87;nan;0.0;0.0;274.0;0.0;271.0;0;6
27;88;nan;0.0;0.0;274.0;0.0;271.0;0;6
27;89;nan;0.0;0.0;274.0;0.0;271.0;0;6
27;90;nan;0.0;0.0;274.0;0.0;271.0;0;6
27;91;nan;0.0;0.0;274.0;0.0;271.0;0;6
27;92;nan;0.0;0.0;274.0;0.0;271.0;0;6
27;93;nan;0.0;0.0;274.0;0.0;271.0;0;6
27;94;nan;0.0;0.0;274.0;0.0;271.0;0;6
27;95;nan;0.0;0.0;274.0;0.0;271.0;0;6
27;96;nan;0.0;0.0;274.0;0.0;271.0;0;6
27;97;nan;0.0;0.0;274.0;0.0;271.0;0;6
27;98;nan;0.0;0.0;274.0;0.0;271.0;0;6
27;99;nan;0.0;0.0;274.0;0.0;271.0;0;6
27;100;nan;0.0;0.0;274.0;0.0;271.0;0;6
27;101;nan;0.0;0.0;274.0;0.0;271.0;0;6
27;102;nan;0.0;0.0;274.0;0.0;271.0;0;6
27;103;nan;0.0;0.0;274.0;0.0;271.0;0;6
27;104;nan;0.0;0.0;274.0;0.0;271.0;0;6
27;105;nan;0.0;0.0;274.0;0.0;271.0;0;6
27;106;nan;0.0;0.0;274.0;0.0;271.0;0;6
27;107;nan;0.0;0.0;274.0;0.0;271.0;0;6
27;108;nan;0.0;0.0;274.0;0.0;271.0;0;6
27;109;23.9;14.9;35.0;286.1;0.1;271.0;0;6
27;110;37.4;9.5;27.0;280.6;0.0;271.0;0;6
27;111;28.7;12.3;29.0;282.7;0.0;271.0;0;6
27;112;83.7;4.2;11.0;276.6;0.0;271.0;0;6
27;113;nan;0.0;0.0;274.0;0.0;271.0;0;6
27;114;nan;0.0;0.0;274.0;0.0;271.0;0;6
27;115;nan;0.0;0.0;274.0;0.0;271.0;0;6
27;116;nan;0.0;0.0;274.0;0.0;271.0;0;6
27;117;nan;0.0;0.0;274.0;0.0;271.0;0;6
27;118;nan;0.0;0.0;274.0;0.0;271.0;0;6
27;119;nan;0.0;0.0;274.0;0.0;271.0;0;6
27;120;nan;0.0;0.0;274.0;0.0;271.0;0;6
27;121;nan;0.0;0.0;274.0;0.0;271.0;0;6
27;122;nan;0.0;0.0;274.0;0.0;271.0;0;6
27;123;nan;0.0;0.0;274.0;0.0;271.0;0;6
27;124;nan;0.0;0.0;274.0;0.0;271.0;0;6
27;125;nan;0.0;0.0;274.0;0.0;271.0;0;6
27;126;nan;0.0;0.0;274.0;0.0;271.0;0;6
27;127;nan;0.0;0.0;274.0;0.0;271.0;0;6
27;128;nan;0.0;0.0;274.0;0.0;271.0;0;6
27;129;nan;0.0;0.0;274.0;0.0;271.0;0;6
27;130;nan;0.0;0.0;274.0;0.0;271.0;0;6
27;131;nan;0.0;0.0;274.0;0.0;271.0;0;6
27;132;nan;0.0;0.0;274.0;0.0;271.0;0;6
27;133;nan;0.0;0.0;274.0;0.0;271.0;0;6
27;134;nan;0.0;0.0;274.0;0.0;271.0;0;6
27;135;nan;0.0;0.0;274.0;0.0;271.0;0;6
27;136;nan;0.0;0.0;274.0;0.0;271.0;0;6
27;137;nan;0.0;0.0;274.0;0.0;271.0;0;6
27;138;nan;0.0;0.0;274.0;0.0;271.0;0;6
27;139;nan;0.0;0.0;274.0;0.0;271.0;0;6
27;140;nan;0.0;0.0;274.0;0.0;271.0;0;6
27;141;nan;0.0;0.0;274.0;0.0;271.0;0;6
27;142;nan;0.0;0.0;274.0;0.0;271.0;0;6
27;143;nan;0.0;0.0;274.0;0.0;271.0;0;6
27;144;nan;0.0;0.0;274.0;0.0;271.0;0;6
27;145;nan;0.0;0.0;274.0;0.0;271.0;0;6
27;146;nan;0.0;0.0;274.0;0.0;271.0;0;6
27;147;nan;0.0;0.0;274.0;0.0;271.0;0;6
27;148;nan;0.0;0.0;274.0;0.0;271.0;0;6
27;149;nan;0.0;0.0;274.0;0.0;271.0;0;6
28;0;7.3;61.1;151.0;376.1;0.2;280.0;1;1
28;1;6.0;79.6;190.0;408.6;0.2;280.0;0;1
28;2;6.4;71.7;169.0;395.1;0.2;280.0;0;1
28;3;6.8;66.9;167.0;387.3;0.2;280.0;0;1
28;4;6.3;73.7;173.0;397.9;0.2;278.0;1;2
28;5;7.5;59.6;139.0;380.0;0.2;278.0;0;2
28;6;6.9;64.6;161.0;381.0;0.2;278.0;0;2
28;7;6.7;66.0;156.0;376.0;0.2;271.0;1;3
28;8;7.4;60.4;146.0;379.4;0.2;271.0;0;3
28;9;8.3;51.6;130.0;358.1;0.1;271.0;0;3
28;10;6.9;64.8;160.0;382.7;0.2;271.0;0;3
28;11;7.9;55.3;141.0;368.3;0.2;271.0;0;3
28;12;9.1;47.5;114.0;359.3;0.1;271.0;0;3
28;13;9.3;45.2;118.0;350.1;0.1;271.0;0;3
28;14;8.7;48.8;122.0;357.0;0.1;271.0;0;3
28;15;8.7;49.3;118.0;360.1;0.1;271.0;0;3
28;16;10.2;40.7;109.0;343.3;0.1;271.0;0;3
28;17;10.1;41.4;103.0;346.7;0.1;271.0;0;3
28;18;12.4;32.4;82.0;331.0;0.1;271.0;0;3
28;19;12.5;32.0;82.0;328.6;0.1;271.0;0;3
28;20;13.9;27.9;67.0;316.0;0.1;271.0;0;3
28;21;30.3;12.2;32.0;295.6;0.0;271.0;0;3
28;22;26.5;14.0;37.0;297.0;0.0;271.0;0;3
28;23;53.5;6.8;18.0;288.1;0.0;271.0;0;3
28;24;65.1;5.6;14.0;288.1;0.0;271.0;0;3
28;25;91.1;4.0;9.0;284.9;0.0;271.0;0;3
28;26;100.0;0.5;1.0;281.4;0.0;271.0;0;3
28;27;nan;0.0;0.0;281.0;0.0;271.0;0;3
28;28;nan;0.0;0.0;281.0;0.0;271.0;0;3
28;29;nan;0.0;0.0;281.0;0.0;271.0;0;3
28;30;nan;0.0;0.0;281.0;0.0;271.0;0;3
28;31;nan;0.0;0.0;281.0;0.0;271.0;0;3
28;32;nan;0.0;0.0;281.0;0.0;271.0;0;3
28;33;nan;0.0;0.0;281.0;0.0;271.0;0;3
28;34;nan;0.0;0.0;281.0;0.0;271.0;0;3
28;35;nan;0.0;0.0;281.0;0.0;271.0;0;3
28;36;nan;0.0;0.0;281.0;0.0;271.0;0;3
28;37;nan;0.0;0.0;281.0;0.0;271.0;0;3
28;38;nan;0.0;0.0;281.0;0.0;271.0;0;3
28;39;nan;0.0;0.0;281.0;0.0;271.0;0;3
28;40;nan;0.0;0.0;281.0;0.0;271.0;0;3
28;41;nan;0.0;0.0;281.0;0.0;271.0;0;3
28;42;nan;0.0;0.0;281.0;0.0;271.0;0;3
28;43;nan;0.0;0.0;281.0;0.0;271.0;0;3
28;44;nan;0.0;0.0;281.0;0.0;271.0;0;3
28;45;nan;0.0;0.0;281.0;0.0;271.0;0;3
28;46;nan;0.0;0.0;281.0;0.0;271.0;0;3
28;47;nan;0.0;0.0;281.0;0.0;271.0;0;3
28;48;nan;0.0;0.0;281.0;0.0;271.0;0;3
28;49;nan;0.0;0.0;281.0;0.0;271.0;0;3
28;50;nan;0.0;0.0;281.0;0.0;271.0;0;3
28;51;nan;0.0;0.0;281.0;0.0;271.0;0;3
28;52;nan;0.0;0.0;281.0;0.0;271.0;0;3
28;53;nan;0.0;0.0;281.0;0.0;271.0;0;3
28;54;nan;0.0;0.0;281.0;0.0;271.0;0;3
28;55;nan;0.0;0.0;281.0;0.0;271.0;0;3
28;56;nan;0.0;0.0;281.0;0.0;271.0;0;3
28;57;nan;0.0;0.0;281.0;0.0;271.0;0;3
28;58;nan;0.0;0.0;281.0;0.0;271.0;0;3
28;59;nan;0.0;0.0;281.0;0.0;271.0;0;3
28;60;nan;0.0;0.0;281.0;0.0;271.0;0;3
28;61;nan;0.0;0.0;281.0;0.0;271.0;0;3
28;62;nan;0.0;0.0;281.0;0.0;271.0;0;3
28;63;nan;0.0;0.0;281.0;0.0;271.0;0;3
28;64;nan;0.0;0.0;281.0;0.0;271.0;0;3
28;65;8.0;47.8;109.0;321.4;0.1;271.0;0;3
28;66;6.9;56.7;122.0;333.4;0.2;271.0;0;3
28;67;8.4;44.9;107.0;316.9;0.1;271.0;0;3
28;68;7.1;54.3;113.0;329.3;0.2;271.0;0;3
28;69;8.7;44.2;95.0;320.4;0.1;271.0;0;3
28;70;10.0;37.9;86.0;313.9;0.1;271.0;0;3
28;71;9.9;37.7;87.0;311.9;0.1;271.0;0;3
28;72;8.7;43.7;110.0;318.4;0.1;271.0;0;3
28;73;13.7;27.2;60.0;304.4;0.1;271.0;0;3
28;74;100.0;0.3;1.0;281.1;0.0;271.0;0;3
28;75;nan;0.0;0.0;281.0;0.0;271.0;0;3
28;76;nan;0.0;0.0;281.0;0.0;271.0;0;3
28;77;nan;0.0;0.0;281.0;0.0;271.0;0;3
28;78;nan;0.0;0.0;281.0;0.0;271.0;0;3
28;79;nan;0.0;0.0;281.0;0.0;271.0;0;3
28;80;nan;0.0;0.0;281.0;0.0;271.0;0;3
28;81;nan;0.0;0.0;281.0;0.0;271.0;0;3
28;82;nan;0.0;0.0;281.0;0.0;271.0;0;3
28;83;nan;0.0;0.0;281.0;0.0;271.0;0;3
28;84;nan;0.0;0.0;281.0;0.0;271.0;0;3
28;85;nan;0.0;0.0;281.0;0.0;271.0;0;3
28;86;nan;0.0;0.0;281.0;0.0;271.0;0;3
28;87;nan;0.0;0.0;281.0;0.0;271.0;0;3
28;88;nan;0.0;0.0;281.0;0.0;271.0;0;3
28;89;nan;0.0;0.0;281.0;0.0;271.0;0;3
28;90;nan;0.0;0.0;281.0;0.0;271.0;0;3
28;91;nan;0.0;0.0;281.0;0.0;271.0;0;3
28;92;nan;0.0;0.0;281.0;0.0;271.0;0;3
28;93;nan;0.0;0.0;281.0;0.0;271.0;0;3
28;94;nan;0.0;0.0;281.0;0.0;271.0;0;3
28;95;nan;0.0;0.0;281.0;0.0;271.0;0;3
28;96;nan;0.0;0.0;281.0;0.0;271.0;0;3
28;97;nan;0.0;0.0;281.0;0.0;271.0;0;3
28;98;nan;0.0;0.0;281.0;0.0;271.0;0;3
28;99;nan;0.0;0.0;281.0;0.0;271.0;0;3
28;100;nan;0.0;0.0;281.0;0.0;271.0;0;3
28;101;nan;0.0;0.0;281.0;0.0;271.0;0;3
28;102;nan;0.0;0.0;281.0;0.0;271.0;0;3
28;103;nan;0.0;0.0;281.0;0.0;271.0;0;3
28;104;nan;0.0;0.0;281.0;0.0;271.0;0;3
28;105;nan;0.0;0.0;281.0;0.0;271.0;0;3
28;106;nan;0.0;0.0;281.0;0.0;271.0;0;3
28;107;nan;0.0;0.0;281.0;0.0;271.0;0;3
28;108;nan;0.0;0.0;281.0;0.0;271.0;0;3
28;109;nan;0.0;0.0;281.0;0.0;271.0;0;3
28;110;nan;0.0;0.0;281.0;0.0;271.0;0;3
28;111;nan;0.0;0.0;281.0;0.0;271.0;0;3
28;112;nan;0.0;0.0;281.0;0.0;271.0;0;3
28;113;9.7;37.8;94.0;306.7;0.1;271.0;0;3
28;114;10.8;33.7;83.0;302.1;0.1;271.0;0;3
28;115;9.1;40.3;95.0;305.4;0.1;271.0;0;3
28;116;12.3;29.7;72.0;299.3;0.1;271.0;0;3
28;117;100.0;2.5;6.0;282.6;0.0;271.0;0;3
28;118;nan;0.0;0.0;281.0;0.0;271.0;0;3
28;119;nan;0.0;0.0;281.0;0.0;271.0;0;3
28;120;nan;0.0;0.0;281.0;0.0;271.0;0;3
28;121;nan;0.0;0.0;281.0;0.0;271.0;0;3
28;122;nan;0.0;0.0;281.0;0.0;271.0;0;3
28;123;nan;0.0;0.0;281.0;0.0;271.0;0;3
28;124;nan;0.0;0.0;281.0;0.0;271.0;0;3
28;125;nan;0.0;0.0;281.0;0.0;271.0;0;3
28;126;nan;0.0;0.0;281.0;0.0;271.0;0;3
28;127;nan;0.0;0.0;281.0;0.0;271.0;0;3
28;128;nan;0.0;0.0;281.0;0.0;271.0;0;3
28;129;nan;0.0;0.0;281.0;0.0;271.0;0;3
28;130;nan;0.0;0.0;281.0;0.0;271.0;0;3
28;131;nan;0.0;0.0;281.0;0.0;271.0;0;3
28;132;nan;0.0;0.0;281.0;0.0;271.0;0;3
28;133;nan;0.0;0.0;281.0;0.0;271.0;0;3
28;134;nan;0.0;0.0;281.0;0.0;271.0;0;3
28;135;nan;0.0;0.0;281.0;0.0;271.0;0;3
28;136;nan;0.0;0.0;281.0;0.0;271.0;0;3
28;137;nan;0.0;0.0;281.0;0.0;271.0;0;3
28;138;nan;0.0;0.0;281.0;0.0;271.0;0;3
28;139;nan;0.0;0.0;281.0;0.0;271.0;0;3
28;140;nan;0.0;0.0;281.0;0.0;271.0;0;3
28;141;nan;0.0;0.0;281.0;0.0;271.0;0;3
28;142;nan;0.0;0.0;281.0;0.0;271.0;0;3
28;143;nan;0.0;0.0;281.0;0.0;271.0;0;3
28;144;nan;0.0;0.0;281.0;0.0;271.0;0;3
28;145;nan;0.0;0.0;281.0;0.0;271.0;0;3
28;146;nan;0.0;0.0;281.0;0.0;271.0;0;3
28;147;nan;0.0;0.0;281.0;0.0;271.0;0;3
28;148;nan;0.0;0.0;281.0;0.0;271.0;0;3
28;149;nan;0.0;0.0;281.0;0.0;271.0;0;3
29;0;6.4;71.6;169.0;391.3;0.2;278.0;1;1
29;1;6.3;73.6;175.0;399.1;0.2;278.0;0;1
29;2;6.7;67.2;163.0;383.7;0.2;278.0;0;1
29;3;6.8;67.1;163.0;387.3;0.2;278.0;0;1
29;4;5.9;80.3;198.0;409.7;0.2;278.0;0;1
29;5;7.3;61.9;143.0;381.1;0.2;278.0;0;1
29;6;6.5;69.5;161.0;387.9;0.2;275.0;1;2
29;7;5.8;80.8;194.0;403.9;0.2;275.0;0;2
29;8;7.4;61.2;142.0;383.1;0.2;275.0;0;2
29;9;7.1;62.8;151.0;379.9;0.2;275.0;0;2
29;10;7.4;60.1;145.0;374.9;0.2;275.0;0;2
29;11;9.1;46.9;113.0;357.9;0.1;275.0;0;2
29;12;7.3;60.9;154.0;376.6;0.2;275.0;0;2
29;13;8.3;51.8;134.0;360.4;0.1;275.0;0;2
29;14;7.7;56.2;130.0;365.1;0.2;274.0;1;3
29;15;10.0;41.3;117.0;343.6;0.1;274.0;0;3
29;16;9.9;41.7;105.0;343.9;0.1;274.0;0;3
29;17;9.4;45.0;106.0;352.1;0.1;274.0;0;3
29;18;13.9;28.9;75.0;327.9;0.1;274.0;0;3
29;19;13.8;28.5;71.0;323.1;0.1;274.0;0;3
29;20;9.3;41.4;88.0;322.9;0.1;274.0;0;3
29;21;14.9;25.3;68.0;306.6;0.1;274.0;0;3
29;22;21.8;17.0;44.0;298.4;0.1;274.0;0;3
29;23;19.0;19.6;51.0;301.6;0.1;274.0;0;3
29;24;19.0;19.3;48.0;295.9;0.1;274.0;0;3
29;25;20.6;17.5;43.0;291.9;0.1;271.0;1;4
29;26;49.6;7.2;24.0;284.3;0.0;271.0;0;4
29;27;61.2;5.9;14.0;285.0;0.0;271.0;0;4
29;28;94.0;3.8;11.0;282.0;0.0;271.0;0;4
29;29;78.8;4.5;11.0;282.1;0.0;271.0;0;4
29;30;100.0;3.5;8.0;283.0;0.0;271.0;0;4
29;31;82.8;4.3;11.0;282.4;0.0;271.0;0;4
29;32;100.0;2.7;7.0;282.3;0.0;271.0;0;4
29;33;100.0;3.4;8.0;283.1;0.0;271.0;0;4
29;34;100.0;2.8;7.0;282.7;0.0;271.0;0;4
29;35;100.0;3.5;8.0;282.6;0.0;271.0;0;4
29;36;90.4;4.0;8.0;281.4;0.0;271.0;0;4
29;37;nan;0.0;0.0;278.0;0.0;271.0;0;4
29;38;100.0;2.8;8.0;279.1;0.0;271.0;0;4
29;39;nan;0.0;0.0;278.0;0.0;271.0;0;4
29;40;nan;0.0;0.0;278.0;0.0;271.0;0;4
29;41;nan;0.0;0.0;278.0;0.0;271.0;0;4
29;42;nan;0.0;0.0;278.0;0.0;271.0;0;4
29;43;nan;0.0;0.0;278.0;0.0;271.0;0;4
29;44;nan;0.0;0.0;278.0;0.0;271.0;0;4
29;45;nan;0.0;0.0;278.0;0.0;271.0;0;4
29;46;nan;0.0;0.0;278.0;0.0;271.0;0;4
29;47;nan;0.0;0.0;278.0;0.0;271.0;0;4
29;48;nan;0.0;0.0;278.0;0.0;271.0;0;4
29;49;nan;0.0;0.0;278.0;0.0;271.0;0;4
29;50;nan;0.0;0.0;278.0;0.0;271.0;0;4
29;51;nan;0.0;0.0;278.0;0.0;271.0;0;4
29;52;nan;0.0;0.0;278.0;0.0;271.0;0;4
29;53;nan;0.0;0.0;278.0;0.0;271.0;0;4
29;54;nan;0.0;0.0;278.0;0.0;271.0;0;4
29;55;100.0;0.3;1.0;277.9;0.0;271.0;0;4
29;56;nan;0.0;0.0;278.0;0.0;271.0;0;4
29;57;nan;0.0;0.0;278.0;0.0;271.0;0;4
29;58;nan;0.0;0.0;278.0;0.0;271.0;0;4
29;59;nan;0.0;0.0;278.0;0.0;271.0;0;4
29;60;nan;0.0;0.0;278.0;0.0;271.0;0;4
29;61;nan;0.0;0.0;278.0;0.0;271.0;0;4
29;62;nan;0.0;0.0;278.0;0.0;271.0;0;4
29;63;nan;0.0;0.0;278.0;0.0;271.0;0;4
29;64;nan;0.0;0.0;278.0;0.0;271.0;0;4
29;65;nan;0.0;0.0;278.0;0.0;271.0;0;4
29;66;nan;0.0;0.0;278.0;0.0;271.0;0;4
29;67;nan;0.0;0.0;278.0;0.0;271.0;0;4
29;68;nan;0.0;0.0;278.0;0.0;271.0;0;4
29;69;nan;0.0;0.0;278.0;0.0;271.0;0;4
29;70;nan;0.0;0.0;278.0;0.0;271.0;0;4
29;71;7.2;54.0;116.0;328.1;0.2;271.0;0;4
29;72;7.3;52.1;111.0;323.7;0.2;271.0;0;4
29;73;9.4;39.9;102.0;312.9;0.1;271.0;0;4
29;74;8.1;46.9;107.0;321.9;0.1;271.0;0;4
29;75;11.8;31.7;70.0;307.0;0.1;271.0;0;4
29;76;12.6;29.4;66.0;304.0;0.1;271.0;0;4
29;77;15.1;24.4;57.0;301.1;0.1;271.0;0;4
29;78;58.3;6.2;16.0;282.9;0.0;271.0;0;4
29;79;49.4;7.3;18.0;285.4;0.0;271.0;0;4
29;80;98.5;3.6;8.0;281.9;0.0;271.0;0;4
29;81;100.0;2.8;7.0;282.0;0.0;271.0;0;4
29;82;100.0;2.2;5.0;280.9;0.0;271.0;0;4
29;83;100.0;3.4;8.0;280.9;0.0;271.0;0;4
29;84;100.0;3.4;8.0;280.7;0.0;271.0;0;4
29;85;100.0;3.4;9.0;280.7;0.0;271.0;0;4
29;86;100.0;3.4;7.0;282.1;0.0;271.0;0;4
29;87;93.1;3.8;8.0;281.6;0.0;271.0;0;4
29;88;93.1;3.8;8.0;281.6;0.0;271.0;0;4
29;89;90.4;4.0;8.0;281.4;0.0;271.0;0;4
29;90;100.0;3.5;8.0;282.0;0.0;271.0;0;4
29;91;87.4;4.1;9.0;281.3;0.0;271.0;0;4
29;92;91.3;3.9;9.0;281.6;0.0;271.0;0;4
29;93;99.0;3.6;9.0;281.4;0.0;271.0;0;4
29;94;90.5;4.0;9.0;281.6;0.0;271.0;0;4
29;95;95.5;3.7;9.0;280.4;0.0;271.0;0;4
29;96;nan;0.0;0.0;277.0;0.0;271.0;0;4
29;97;nan;0.0;0.0;277.0;0.0;271.0;0;4
29;98;nan;0.0;0.0;277.0;0.0;271.0;0;4
29;99;nan;0.0;0.0;277.0;0.0;271.0;0;4
29;100;nan;0.0;0.0;277.0;0.0;271.0;0;4
29;101;nan;0.0;0.0;277.0;0.0;271.0;0;4
29;102;nan;0.0;0.0;277.0;0.0;271.0;0;4
29;103;nan;0.0;0.0;277.0;0.0;271.0;0;4
29;104;nan;0.0;0.0;277.0;0.0;271.0;0;4
29;105;nan;0.0;0.0;277.0;0.0;271.0;0;4
29;106;nan;0.0;0.0;277.0;0.0;271.0;0;4
29;107;nan;0.0;0.0;277.0;0.0;271.0;0;4
29;108;nan;0.0;0.0;277.0;0.0;271.0;0;4
29;109;nan;0.0;0.0;277.0;0.0;271.0;0;4
29;110;nan;0.0;0.0;277.0;0.0;271.0;0;4
29;111;nan;0.0;0.0;277.0;0.0;271.0;0;4
29;112;nan;0.0;0.0;277.0;0.0;271.0;0;4
29;113;nan;0.0;0.0;277.0;0.0;271.0;0;4
29;114;nan;0.0;0.0;277.0;0.0;271.0;0;4
29;115;nan;0.0;0.0;277.0;0.0;271.0;0;4
29;116;11.3;32.3;80.0;300.9;0.1;271.0;0;4
29;117;9.7;37.8;89.0;303.9;0.1;271.0;0;4
29;118;10.6;34.5;88.0;302.1;0.1;271.0;0;4
29;119;12.1;30.1;76.0;299.6;0.1;271.0;0;4
29;120;nan;0.0;0.0;277.0;0.0;271.0;0;4
29;121;nan;0.0;0.0;277.0;0.0;271.0;0;4
29;122;nan;0.0;0.0;277.0;0.0;271.0;0;4
29;123;nan;0.0;0.0;277.0;0.0;271.0;0;4
29;124;nan;0.0;0.0;277.0;0.0;271.0;0;4
29;125;nan;0.0;0.0;277.0;0.0;271.0;0;4
29;126;nan;0.0;0.0;277.0;0.0;271.0;0;4
29;127;nan;0.0;0.0;277.0;0.0;271.0;0;4
29;128;nan;0.0;0.0;277.0;0.0;271.0;0;4
29;129;nan;0.0;0.0;277.0;0.0;271.0;0;4
29;130;nan;0.0;0.0;277.0;0.0;271.0;0;4
29;131;nan;0.0;0.0;277.0;0.0;271.0;0;4
29;132;nan;0.0;0.0;277.0;0.0;271.0;0;4
29;133;nan;0.0;0.0;277.0;0.0;271.0;0;4
29;134;nan;0.0;0.0;277.0;0.0;271.0;0;4
29;135;nan;0.0;0.0;277.0;0.0;271.0;0;4
29;136;nan;0.0;0.0;277.0;0.0;271.0;0;4
29;137;nan;0.0;0.0;277.0;0.0;271.0;0;4
29;138;nan;0.0;0.0;277.0;0.0;271.0;0;4
29;139;nan;0.0;0.0;277.0;0.0;271.0;0;4
29;140;nan;0.0;0.0;277.0;0.0;271.0;0;4
29;141;nan;0.0;0.0;277.0;0.0;271.0;0;4
29;142;nan;0.0;0.0;277.0;0.0;271.0;0;4
29;143;nan;0.0;0.0;277.0;0.0;271.0;0;4
29;144;nan;0.0;0.0;277.0;0.0;271.0;0;4
29;145;nan;0.0;0.0;277.0;0.0;271.0;0;4
29;146;nan;0.0;0.0;277.0;0.0;271.0;0;4
29;147;nan;0.0;0.0;277.0;0.0;271.0;0;4
29;148;nan;0.0;0.0;277.0;0.0;271.0;0;4
29;149;nan;0.0;0.0;277.0;0.0;271.0;0;4
30;0;5.7;85.1;198.0;418.4;0.2;283.0;1;1
30;1;6.0;77.2;189.0;401.0;0.2;277.0;1;2
30;2;6.7;67.7;162.0;386.6;0.2;277.0;0;2
30;3;7.4;61.3;154.0;382.1;0.2;277.0;0;2
30;4;6.1;75.1;197.0;395.7;0.2;274.0;1;3
30;5;6.4;72.5;164.0;396.6;0.2;274.0;0;3
30;6;7.5;59.5;147.0;377.1;0.2;274.0;0;3
30;7;6.7;68.0;155.0;390.4;0.2;274.0;0;3
30;8;6.5;70.7;169.0;390.4;0.2;273.0;1;4
30;9;7.2;60.0;166.0;368.7;0.2;273.0;0;4
30;10;9.8;43.3;105.0;353.6;0.1;273.0;0;4
30;11;7.6;59.3;142.0;378.9;0.2;273.0;0;4
30;12;7.9;55.6;137.0;369.9;0.2;273.0;0;4
30;13;8.4;51.9;129.0;365.1;0.1;273.0;0;4
30;14;9.2;46.1;112.0;352.7;0.1;273.0;0;4
30;15;8.5;49.6;124.0;354.6;0.1;273.0;0;4
30;16;10.8;38.6;94.0;343.1;0.1;273.0;0;4
30;17;8.9;46.8;121.0;348.4;0.1;273.0;0;4
30;18;8.2;53.1;127.0;368.0;0.1;273.0;0;4
30;19;10.6;38.8;95.0;342.0;0.1;273.0;0;4
30;20;9.7;40.2;94.0;324.7;0.1;273.0;0;4
30;21;10.3;37.2;97.0;318.3;0.1;271.0;1;5
30;22;13.2;28.9;77.0;312.3;0.1;271.0;0;5
30;23;17.3;21.5;52.0;300.9;0.1;271.0;0;5
30;24;20.8;18.0;46.0;302.6;0.1;271.0;0;5
30;25;13.9;27.5;60.0;311.9;0.1;271.0;0;5
30;26;13.9;27.4;65.0;312.1;0.1;271.0;0;5
30;27;11.6;32.8;78.0;314.7;0.1;271.0;0;5
30;28;17.5;21.6;52.0;306.6;0.1;271.0;0;5
30;29;15.3;24.3;58.0;302.6;0.1;271.0;0;5
30;30;10.4;36.9;90.0;316.9;0.1;271.0;0;5
30;31;11.3;33.7;82.0;314.4;0.1;271.0;0;5
30;32;14.0;26.8;66.0;306.4;0.1;271.0;0;5
30;33;22.9;15.6;42.0;287.1;0.1;271.0;0;5
30;34;83.1;4.2;9.0;275.9;0.0;271.0;0;5
30;35;77.9;4.5;10.0;274.9;0.0;271.0;0;5
30;36;nan;0.0;0.0;271.0;0.0;271.0;0;5
30;37;nan;0.0;0.0;271.0;0.0;271.0;0;5
30;38;nan;0.0;0.0;271.0;0.0;271.0;0;5
30;39;nan;0.0;0.0;271.0;0.0;271.0;0;5
30;40;nan;0.0;0.0;271.0;0.0;271.0;0;5
30;41;nan;0.0;0.0;271.0;0.0;271.0;0;5
30;42;nan;0.0;0.0;271.0;0.0;271.0;0;5
30;43;nan;0.0;0.0;271.0;0.0;271.0;0;5
30;44;nan;0.0;0.0;271.0;0.0;271.0;0;5
30;45;nan;0.0;0.0;271.0;0.0;271.0;0;5
30;46;nan;0.0;0.0;271.0;0.0;271.0;0;5
30;47;nan;0.0;0.0;271.0;0.0;271.0;0;5
30;48;nan;0.0;0.0;271.0;0.0;271.0;0;5
30;49;nan;0.0;0.0;271.0;0.0;271.0;0;5
30;50;nan;0.0;0.0;271.0;0.0;271.0;0;5
30;51;nan;0.0;0.0;271.0;0.0;271.0;0;5
30;52;nan;0.0;0.0;271.0;0.0;271.0;0;5
30;53;nan;0.0;0.0;271.0;0.0;271.0;0;5
30;54;nan;0.0;0.0;271.0;0.0;271.0;0;5
30;55;nan;0.0;0.0;271.0;0.0;271.0;0;5
30;56;nan;0.0;0.0;271.0;0.0;271.0;0;5
30;57;nan;0.0;0.0;271.0;0.0;271.0;0;5
30;58;nan;0.0;0.0;271.0;0.0;271.0;0;5
30;59;nan;0.0;0.0;271.0;0.0;271.0;0;5
30;60;nan;0.0;0.0;271.0;0.0;271.0;0;5
30;61;nan;0.0;0.0;271.0;0.0;271.0;0;5
30;62;nan;0.0;0.0;271.0;0.0;271.0;0;5
30;63;nan;0.0;0.0;271.0;0.0;271.0;0;5
30;64;nan;0.0;0.0;271.0;0.0;271.0;0;5
30;65;nan;0.0;0.0;271.0;0.0;271.0;0;5
30;66;nan;0.0;0.0;271.0;0.0;271.0;0;5
30;67;nan;0.0;0.0;271.0;0.0;271.0;0;5
30;68;nan;0.0;0.0;271.0;0.0;271.0;0;5
30;69;nan;0.0;0.0;271.0;0.0;271.0;0;5
30;70;nan;0.0;0.0;271.0;0.0;271.0;0;5
30;71;nan;0.0;0.0;271.0;0.0;271.0;0;5
30;72;nan;0.0;0.0;271.0;0.0;271.0;0;5
30;73;nan;0.0;0.0;271.0;0.0;271.0;0;5
30;74;nan;0.0;0.0;271.0;0.0;271.0;0;5
30;75;nan;0.0;0.0;271.0;0.0;271.0;0;5
30;76;nan;0.0;0.0;271.0;0.0;271.0;0;5
30;77;7.2;52.4;117.0;322.0;0.2;271.0;0;5
30;78;7.7;49.2;114.0;319.9;0.2;271.0;0;5
30;79;11.9;30.6;71.0;301.3;0.1;271.0;0;5
30;80;11.6;32.0;72.0;307.0;0.1;271.0;0;5
30;81;14.4;25.3;69.0;297.3;0.1;271.0;0;5
30;82;21.3;16.9;40.0;290.6;0.1;271.0;0;5
30;83;34.3;10.2;29.0;278.6;0.0;271.0;0;5
30;84;23.8;14.9;32.0;284.6;0.1;271.0;0;5
30;85;nan;0.0;0.0;271.0;0.0;271.0;0;5
30;86;nan;0.0;0.0;271.0;0.0;271.0;0;5
30;87;nan;0.0;0.0;271.0;0.0;271.0;0;5
30;88;nan;0.0;0.0;271.0;0.0;271.0;0;5
30;89;nan;0.0;0.0;271.0;0.0;271.0;0;5
30;90;nan;0.0;0.0;271.0;0.0;271.0;0;5
30;91;nan;0.0;0.0;271.0;0.0;271.0;0;5
30;92;nan;0.0;0.0;271.0;0.0;271.0;0;5
30;93;nan;0.0;0.0;271.0;0.0;271.0;0;5
30;94;nan;0.0;0.0;271.0;0.0;271.0;0;5
30;95;nan;0.0;0.0;271.0;0.0;271.0;0;5
30;96;nan;0.0;0.0;271.0;0.0;271.0;0;5
30;97;nan;0.0;0.0;271.0;0.0;271.0;0;5
30;98;nan;0.0;0.0;271.0;0.0;271.0;0;5
30;99;nan;0.0;0.0;271.0;0.0;271.0;0;5
30;100;nan;0.0;0.0;271.0;0.0;271.0;0;5
30;101;nan;0.0;0.0;271.0;0.0;271.0;0;5
30;102;nan;0.0;0.0;271.0;0.0;271.0;0;5
30;103;nan;0.0;0.0;271.0;0.0;271.0;0;5
30;104;nan;0.0;0.0;271.0;0.0;271.0;0;5
30;105;nan;0.0;0.0;271.0;0.0;271.0;0;5
30;106;nan;0.0;0.0;271.0;0.0;271.0;0;5
30;107;nan;0.0;0.0;271.0;0.0;271.0;0;5
30;108;nan;0.0;0.0;271.0;0.0;271.0;0;5
30;109;nan;0.0;0.0;271.0;0.0;271.0;0;5
30;110;nan;0.0;0.0;271.0;0.0;271.0;0;5
30;111;nan;0.0;0.0;271.0;0.0;271.0;0;5
30;112;nan;0.0;0.0;271.0;0.0;271.0;0;5
30;113;nan;0.0;0.0;271.0;0.0;271.0;0;5
30;114;nan;0.0;0.0;271.0;0.0;271.0;0;5
30;115;nan;0.0;0.0;271.0;0.0;271.0;0;5
30;116;nan;0.0;0.0;271.0;0.0;271.0;0;5
30;117;nan;0.0;0.0;271.0;0.0;271.0;0;5
30;118;nan;0.0;0.0;271.0;0.0;271.0;0;5
30;119;nan;0.0;0.0;271.0;0.0;271.0;0;5
30;120;nan;0.0;0.0;271.0;0.0;271.0;0;5
30;121;nan;0.0;0.0;271.0;0.0;271.0;0;5
30;122;31.9;10.9;26.0;278.3;0.0;271.0;0;5
30;123;21.4;16.3;40.0;281.4;0.1;271.0;0;5
30;124;nan;0.0;0.0;271.0;0.0;271.0;0;5
30;125;nan;0.0;0.0;271.0;0.0;271.0;0;5
30;126;nan;0.0;0.0;271.0;0.0;271.0;0;5
30;127;nan;0.0;0.0;271.0;0.0;271.0;0;5
30;128;nan;0.0;0.0;271.0;0.0;271.0;0;5
30;129;nan;0.0;0.0;271.0;0.0;271.0;0;5
30;130;nan;0.0;0.0;271.0;0.0;271.0;0;5
30;131;nan;0.0;0.0;271.0;0.0;271.0;0;5
30;132;nan;0.0;0.0;271.0;0.0;271.0;0;5
30;133;nan;0.0;0.0;271.0;0.0;271.0;0;5
30;134;nan;0.0;0.0;271.0;0.0;271.0;0;5
30;135;nan;0.0;0.0;271.0;0.0;271.0;0;5
30;136;nan;0.0;0.0;271.0;0.0;271.0;0;5
30;137;nan;0.0;0.0;271.0;0.0;271.0;0;5
30;138;nan;0.0;0.0;271.0;0.0;271.0;0;5
30;139;nan;0.0;0.0;271.0;0.0;271.0;0;5
30;140;nan;0.0;0.0;271.0;0.0;271.0;0;5
30;141;nan;0.0;0.0;271.0;0.0;271.0;0;5
30;142;nan;0.0;0.0;271.0;0.0;271.0;0;5
30;143;nan;0.0;0.0;271.0;0.0;271.0;0;5
30;144;nan;0.0;0.0;271.0;0.0;271.0;0;5
30;145;nan;0.0;0.0;271.0;0.0;271.0;0;5
30;146;nan;0.0;0.0;271.0;0.0;271.0;0;5
30;147;nan;0.0;0.0;271.0;0.0;271.0;0;5
30;148;nan;0.0;0.0;271.0;0.0;271.0;0;5
30;149;nan;0.0;0.0;271.0;0.0;271.0;0;5
31;0;6.3;74.8;179.0;403.9;0.2;286.0;1;1
31;1;6.1;76.9;189.0;401.0;0.2;280.0;1;2
31;2;5.8;80.1;184.0;401.6;0.2;271.0;1;3
31;3;6.1;76.5;178.0;400.6;0.2;271.0;0;3
31;4;6.9;63.6;155.0;376.0;0.2;271.0;0;3
31;5;6.1;76.2;176.0;397.3;0.2;271.0;0;3
31;6;7.4;59.4;149.0;372.6;0.2;271.0;0;3
31;7;6.8;66.5;163.0;383.6;0.2;271.0;0;3
31;8;7.4;59.6;142.0;374.6;0.2;271.0;0;3
31;9;6.9;64.6;153.0;379.4;0.2;271.0;0;3
31;10;8.0;53.7;133.0;362.7;0.1;271.0;0;3
31;11;7.8;55.7;132.0;366.3;0.2;271.0;0;3
31;12;10.8;38.6;96.0;344.0;0.1;271.0;0;3
31;13;8.4;50.3;133.0;356.9;0.1;271.0;0;3
31;14;7.7;55.8;132.0;364.3;0.2;271.0;0;3
31;15;11.4;35.6;97.0;333.4;0.1;271.0;0;3
31;16;11.2;37.1;101.0;342.0;0.1;271.0;0;3
31;17;10.3;38.7;107.0;331.4;0.1;271.0;0;3
31;18;10.5;39.3;97.0;342.7;0.1;271.0;0;3
31;19;13.9;28.4;74.0;322.7;0.1;271.0;0;3
31;20;11.0;34.8;82.0;316.4;0.1;271.0;0;3
31;21;14.3;26.7;67.0;311.9;0.1;271.0;0;3
31;22;11.8;32.9;81.0;318.4;0.1;271.0;0;3
31;23;12.3;31.2;76.0;314.7;0.1;271.0;0;3
31;24;20.0;18.6;44.0;300.0;0.1;271.0;0;3
31;25;30.9;11.7;32.0;288.1;0.0;271.0;0;3
31;26;21.6;17.3;43.0;300.3;0.1;271.0;0;3
31;27;64.3;5.6;16.0;282.7;0.0;271.0;0;3
31;28;66.7;5.3;13.0;278.0;0.0;271.0;0;3
31;29;100.0;0.5;1.0;273.6;0.0;271.0;0;3
31;30;100.0;0.5;1.0;273.4;0.0;271.0;0;3
31;31;100.0;0.5;1.0;273.6;0.0;271.0;0;3
31;32;100.0;0.5;1.0;273.6;0.0;271.0;0;3
31;33;nan;0.0;0.0;273.0;0.0;271.0;0;3
31;34;nan;0.0;0.0;273.0;0.0;271.0;0;3
31;35;nan;0.0;0.0;273.0;0.0;271.0;0;3
31;36;nan;0.0;0.0;273.0;0.0;271.0;0;3
31;37;nan;0.0;0.0;273.0;0.0;271.0;0;3
31;38;nan;0.0;0.0;273.0;0.0;271.0;0;3
31;39;nan;0.0;0.0;273.0;0.0;271.0;0;3
31;40;nan;0.0;0.0;273.0;0.0;271.0;0;3
31;41;nan;0.0;0.0;273.0;0.0;271.0;0;3
31;42;nan;0.0;0.0;273.0;0.0;271.0;0;3
31;43;nan;0.0;0.0;273.0;0.0;271.0;0;3
31;44;nan;0.0;0.0;273.0;0.0;271.0;0;3
31;45;nan;0.0;0.0;273.0;0.0;271.0;0;3
31;46;nan;0.0;0.0;273.0;0.0;271.0;0;3
31;47;nan;0.0;0.0;273.0;0.0;271.0;0;3
31;48;nan;0.0;0.0;273.0;0.0;271.0;0;3
31;49;nan;0.0;0.0;273.0;0.0;271.0;0;3
31;50;nan;0.0;0.0;273.0;0.0;271.0;0;3
31;51;nan;0.0;0.0;273.0;0.0;271.0;0;3
31;52;nan;0.0;0.0;273.0;0.0;271.0;0;3
31;53;nan;0.0;0.0;273.0;0.0;271.0;0;3
31;54;nan;0.0;0.0;273.0;0.0;271.0;0;3
31;55;nan;0.0;0.0;273.0;0.0;271.0;0;3
31;56;nan;0.0;0.0;273.0;0.0;271.0;0;3
31;57;nan;0.0;0.0;273.0;0.0;271.0;0;3
31;58;nan;0.0;0.0;273.0;0.0;271.0;0;3
31;59;nan;0.0;0.0;273.0;0.0;271.0;0;3
31;60;nan;0.0;0.0;273.0;0.0;271.0;0;3
31;61;nan;0.0;0.0;273.0;0.0;271.0;0;3
31;62;nan;0.0;0.0;273.0;0.0;271.0;0;3
31;63;10.4;36.0;89.0;310.0;0.1;271.0;0;3
31;64;8.5;44.7;97.0;317.4;0.1;271.0;0;3
31;65;12.9;28.8;66.0;304.1;0.1;271.0;0;3
31;66;16.6;21.7;54.0;292.0;0.1;271.0;0;3
31;67;32.0;11.1;28.0;283.6;0.0;271.0;0;3
31;68;16.0;22.8;51.0;296.1;0.1;271.0;0;3
31;69;nan;0.0;0.0;273.0;0.0;271.0;0;3
31;70;32.9;10.8;29.0;283.9;0.0;271.0;0;3
31;71;nan;0.0;0.0;273.0;0.0;271.0;0;3
31;72;nan;0.0;0.0;273.0;0.0;271.0;0;3
31;73;nan;0.0;0.0;273.0;0.0;271.0;0;3
31;74;nan;0.0;0.0;273.0;0.0;271.0;0;3
31;75;nan;0.0;0.0;273.0;0.0;271.0;0;3
31;76;nan;0.0;0.0;273.0;0.0;271.0;0;3
31;77;nan;0.0;0.0;273.0;0.0;271.0;0;3
31;78;nan;0.0;0.0;273.0;0.0;271.0;0;3
31;79;nan;0.0;0.0;273.0;0.0;271.0;0;3
31;80;nan;0.0;0.0;273.0;0.0;271.0;0;3
31;81;nan;0.0;0.0;273.0;0.0;271.0;0;3
31;82;nan;0.0;0.0;273.0;0.0;271.0;0;3
31;83;nan;0.0;0.0;273.0;0.0;271.0;0;3
31;84;nan;0.0;0.0;273.0;0.0;271.0;0;3
31;85;nan;0.0;0.0;273.0;0.0;271.0;0;3
31;86;nan;0.0;0.0;273.0;0.0;271.0;0;3
31;87;nan;0.0;0.0;273.0;0.0;271.0;0;3
31;88;nan;0.0;0.0;273.0;0.0;271.0;0;3
31;89;nan;0.0;0.0;273.0;0.0;271.0;0;3
31;90;nan;0.0;0.0;273.0;0.0;271.0;0;3
31;91;nan;0.0;0.0;273.0;0.0;271.0;0;3
31;92;nan;0.0;0.0;273.0;0.0;271.0;0;3
31;93;nan;0.0;0.0;273.0;0.0;271.0;0;3
31;94;nan;0.0;0.0;273.0;0.0;271.0;0;3
31;95;nan;0.0;0.0;273.0;0.0;271.0;0;3
31;96;nan;0.0;0.0;273.0;0.0;271.0;0;3
31;97;nan;0.0;0.0;273.0;0.0;271.0;0;3
31;98;nan;0.0;0.0;273.0;0.0;271.0;0;3
31;99;nan;0.0;0.0;273.0;0.0;271.0;0;3
31;100;nan;0.0;0.0;273.0;0.0;271.0;0;3
31;101;nan;0.0;0.0;273.0;0.0;271.0;0;3
31;102;nan;0.0;0.0;273.0;0.0;271.0;0;3
31;103;nan;0.0;0.0;273.0;0.0;271.0;0;3
31;104;nan;0.0;0.0;273.0;0.0;271.0;0;3
31;105;nan;0.0;0.0;273.0;0.0;271.0;0;3
31;106;nan;0.0;0.0;273.0;0.0;271.0;0;3
31;107;nan;0.0;0.0;273.0;0.0;271.0;0;3
31;108;13.7;26.1;62.0;292.4;0.1;271.0;0;3
31;109;21.5;16.5;39.0;285.6;0.1;271.0;0;3
31;110;89.3;3.9;10.0;275.4;0.0;271.0;0;3
31;111;36.5;9.6;22.0;279.3;0.0;271.0;0;3
31;112;nan;0.0;0.0;273.0;0.0;271.0;0;3
31;113;nan;0.0;0.0;273.0;0.0;271.0;0;3
31;114;nan;0.0;0.0;273.0;0.0;271.0;0;3
31;115;nan;0.0;0.0;273.0;0.0;271.0;0;3
31;116;nan;0.0;0.0;273.0;0.0;271.0;0;3
31;117;nan;0.0;0.0;273.0;0.0;271.0;0;3
31;118;nan;0.0;0.0;273.0;0.0;271.0;0;3
31;119;nan;0.0;0.0;273.0;0.0;271.0;0;3
31;120;nan;0.0;0.0;273.0;0.0;271.0;0;3
31;121;nan;0.0;0.0;273.0;0.0;271.0;0;3
31;122;nan;0.0;0.0;273.0;0.0;271.0;0;3
31;123;nan;0.0;0.0;273.0;0.0;271.0;0;3
31;124;nan;0.0;0.0;273.0;0.0;271.0;0;3
31;125;nan;0.0;0.0;273.0;0.0;271.0;0;3
31;126;nan;0.0;0.0;273.0;0.0;271.0;0;3
31;127;nan;0.0;0.0;273.0;0.0;271.0;0;3
31;128;nan;0.0;0.0;273.0;0.0;271.0;0;3
31;129;nan;0.0;0.0;273.0;0.0;271.0;0;3
31;130;nan;0.0;0.0;273.0;0.0;271.0;0;3
31;131;nan;0.0;0.0;273.0;0.0;271.0;0;3
31;132;nan;0.0;0.0;273.0;0.0;271.0;0;3
31;133;nan;0.0;0.0;273.0;0.0;271.0;0;3
31;134;nan;0.0;0.0;273.0;0.0;271.0;0;3
31;135;nan;0.0;0.0;273.0;0.0;271.0;0;3
31;136;nan;0.0;0.0;273.0;0.0;271.0;0;3
31;137;nan;0.0;0.0;273.0;0.0;271.0;0;3
31;138;nan;0.0;0.0;273.0;0.0;271.0;0;3
31;139;nan;0.0;0.0;273.0;0.0;271.0;0;3
31;140;nan;0.0;0.0;273.0;0.0;271.0;0;3
31;141;nan;0.0;0.0;273.0;0.0;271.0;0;3
31;142;nan;0.0;0.0;273.0;0.0;271.0;0;3
31;143;nan;0.0;0.0;273.0;0.0;271.0;0;3
31;144;nan;0.0;0.0;273.0;0.0;271.0;0;3
31;145;nan;0.0;0.0;273.0;0.0;271.0;0;3
31;146;nan;0.0;0.0;273.0;0.0;271.0;0;3
31;147;nan;0.0;0.0;273.0;0.0;271.0;0;3
31;148;nan;0.0;0.0;273.0;0.0;271.0;0;3
31;149;nan;0.0;0.0;273.0;0.0;271.0;0;3
32;0;6.4;72.6;179.0;398.4;0.2;283.0;1;1
32;1;6.1;76.7;184.0;404.3;0.2;282.0;1;2
32;2;6.5;70.4;169.0;392.6;0.2;282.0;0;2
32;3;5.8;83.1;189.0;414.7;0.2;282.0;0;2
32;4;6.7;69.5;164.0;394.7;0.2;282.0;0;2
32;5;7.1;63.3;153.0;381.0;0.2;278.0;1;3
32;6;7.7;57.2;147.0;369.9;0.2;273.0;1;4
32;7;6.9;64.5;154.0;380.4;0.2;273.0;0;4
32;8;7.3;60.7;154.0;375.7;0.2;273.0;0;4
32;9;7.0;62.4;158.0;369.4;0.2;273.0;0;4
32;10;8.0;53.4;133.0;360.9;0.1;273.0;0;4
32;11;7.3;59.5;162.0;367.4;0.2;273.0;0;4
32;12;8.3;52.8;134.0;366.4;0.1;273.0;0;4
32;13;9.0;48.4;119.0;362.6;0.1;273.0;0;4
32;14;8.7;48.9;123.0;358.3;0.1;273.0;0;4
32;15;10.5;39.3;98.0;341.6;0.1;273.0;0;4
32;16;8.1;51.9;135.0;354.3;0.1;273.0;0;4
32;17;10.0;41.4;104.0;344.6;0.1;273.0;0;4
32;18;10.6;37.2;96.0;327.7;0.1;271.0;1;5
32;19;13.5;29.5;71.0;325.7;0.1;271.0;0;5
32;20;9.4;41.8;99.0;327.7;0.1;271.0;0;5
32;21;10.0;38.8;94.0;323.0;0.1;271.0;0;5
32;22;10.8;35.5;86.0;318.4;0.1;271.0;0;5
32;23;9.9;38.8;90.0;320.1;0.1;271.0;0;5
32;24;11.3;33.8;77.0;315.1;0.1;271.0;0;5
32;25;19.9;18.6;45.0;299.0;0.1;271.0;0;5
32;26;25.5;14.5;38.0;296.3;0.0;271.0;0;5
32;27;20.6;18.0;45.0;298.7;0.1;271.0;0;5
32;28;31.2;11.7;27.0;291.0;0.0;271.0;0;5
32;29;23.3;15.6;36.0;291.1;0.1;271.0;0;5
32;30;20.2;18.2;46.0;295.6;0.1;271.0;0;5
32;31;30.2;11.9;30.0;286.7;0.0;271.0;0;5
32;32;100.0;2.5;7.0;273.6;0.0;271.0;0;5
32;33;nan;0.0;0.0;271.0;0.0;271.0;0;5
32;34;nan;0.0;0.0;271.0;0.0;271.0;0;5
32;35;nan;0.0;0.0;271.0;0.0;271.0;0;5
32;36;nan;0.0;0.0;271.0;0.0;271.0;0;5
32;37;nan;0.0;0.0;271.0;0.0;271.0;0;5
32;38;nan;0.0;0.0;271.0;0.0;271.0;0;5
32;39;nan;0.0;0.0;271.0;0.0;271.0;0;5
32;40;nan;0.0;0.0;271.0;0.0;271.0;0;5
32;41;nan;0.0;0.0;271.0;0.0;271.0;0;5
32;42;nan;0.0;0.0;271.0;0.0;271.0;0;5
32;43;nan;0.0;0.0;271.0;0.0;271.0;0;5
32;44;nan;0.0;0.0;271.0;0.0;271.0;0;5
32;45;nan;0.0;0.0;271.0;0.0;271.0;0;5
32;46;nan;0.0;0.0;271.0;0.0;271.0;0;5
32;47;nan;0.0;0.0;271.0;0.0;271.0;0;5
32;48;nan;0.0;0.0;271.0;0.0;271.0;0;5
32;49;nan;0.0;0.0;271.0;0.0;271.0;0;5
32;50;nan;0.0;0.0;271.0;0.0;271.0;0;5
32;51;nan;0.0;0.0;271.0;0.0;271.0;0;5
32;52;nan;0.0;0.0;271.0;0.0;271.0;0;5
32;53;nan;0.0;0.0;271.0;0.0;271.0;0;5
32;54;nan;0.0;0.0;271.0;0.0;271.0;0;5
32;55;nan;0.0;0.0;271.0;0.0;271.0;0;5
32;56;nan;0.0;0.0;271.0;0.0;271.0;0;5
32;57;nan;0.0;0.0;271.0;0.0;271.0;0;5
32;58;nan;0.0;0.0;271.0;0.0;271.0;0;5
32;59;nan;0.0;0.0;271.0;0.0;271.0;0;5
32;60;nan;0.0;0.0;271.0;0.0;271.0;0;5
32;61;nan;0.0;0.0;271.0;0.0;271.0;0;5
32;62;nan;0.0;0.0;271.0;0.0;271.0;0;5
32;63;nan;0.0;0.0;271.0;0.0;271.0;0;5
32;64;nan;0.0;0.0;271.0;0.0;271.0;0;5
32;65;nan;0.0;0.0;271.0;0.0;271.0;0;5
32;66;nan;0.0;0.0;271.0;0.0;271.0;0;5
32;67;nan;0.0;0.0;271.0;0.0;271.0;0;5
32;68;nan;0.0;0.0;271.0;0.0;271.0;0;5
32;69;7.1;53.7;118.0;324.9;0.2;271.0;0;5
32;70;8.7;43.4;99.0;316.6;0.1;271.0;0;5
32;71;9.5;38.9;89.0;309.1;0.1;271.0;0;5
32;72;11.1;33.0;85.0;303.0;0.1;271.0;0;5
32;73;13.5;27.4;59.0;302.4;0.1;271.0;0;5
32;74;9.8;37.8;81.0;308.1;0.1;271.0;0;5
32;75;29.1;12.3;32.0;286.6;0.0;271.0;0;5
32;76;53.7;6.5;17.0;277.1;0.0;271.0;0;5
32;77;70.0;5.0;11.0;274.1;0.0;271.0;0;5
32;78;nan;0.0;0.0;271.0;0.0;271.0;0;5
32;79;nan;0.0;0.0;271.0;0.0;271.0;0;5
32;80;nan;0.0;0.0;271.0;0.0;271.0;0;5
32;81;nan;0.0;0.0;271.0;0.0;271.0;0;5
32;82;nan;0.0;0.0;271.0;0.0;271.0;0;5
32;83;nan;0.0;0.0;271.0;0.0;271.0;0;5
32;84;nan;0.0;0.0;271.0;0.0;271.0;0;5
32;85;nan;0.0;0.0;271.0;0.0;271.0;0;5
32;86;nan;0.0;0.0;271.0;0.0;271.0;0;5
32;87;nan;0.0;0.0;271.0;0.0;271.0;0;5
32;88;nan;0.0;0.0;271.0;0.0;271.0;0;5
32;89;nan;0.0;0.0;271.0;0.0;271.0;0;5
32;90;nan;0.0;0.0;271.0;0.0;271.0;0;5
32;91;nan;0.0;0.0;271.0;0.0;271.0;0;5
32;92;nan;0.0;0.0;271.0;0.0;271.0;0;5
32;93;nan;0.0;0.0;271.0;0.0;271.0;0;5
32;94;nan;0.0;0.0;271.0;0.0;271.0;0;5
32;95;nan;0.0;0.0;271.0;0.0;271.0;0;5
32;96;nan;0.0;0.0;271.0;0.0;271.0;0;5
32;97;nan;0.0;0.0;271.0;0.0;271.0;0;5
32;98;nan;0.0;0.0;271.0;0.0;271.0;0;5
32;99;nan;0.0;0.0;271.0;0.0;271.0;0;5
32;100;nan;0.0;0.0;271.0;0.0;271.0;0;5
32;101;nan;0.0;0.0;271.0;0.0;271.0;0;5
32;102;nan;0.0;0.0;271.0;0.0;271.0;0;5
32;103;nan;0.0;0.0;271.0;0.0;271.0;0;5
32;104;nan;0.0;0.0;271.0;0.0;271.0;0;5
32;105;nan;0.0;0.0;271.0;0.0;271.0;0;5
32;106;nan;0.0;0.0;271.0;0.0;271.0;0;5
32;107;nan;0.0;0.0;271.0;0.0;271.0;0;5
32;108;nan;0.0;0.0;271.0;0.0;271.0;0;5
32;109;nan;0.0;0.0;271.0;0.0;271.0;0;5
32;110;nan;0.0;0.0;271.0;0.0;271.0;0;5
32;111;nan;0.0;0.0;271.0;0.0;271.0;0;5
32;112;nan;0.0;0.0;271.0;0.0;271.0;0;5
32;113;nan;0.0;0.0;271.0;0.0;271.0;0;5
32;114;12.6;28.1;67.0;290.9;0.1;271.0;0;5
32;115;27.0;13.0;34.0;281.4;0.0;271.0;0;5
32;116;35.3;9.9;26.0;277.9;0.0;271.0;0;5
32;117;35.1;10.0;26.0;278.9;0.0;271.0;0;5
32;118;nan;0.0;0.0;271.0;0.0;271.0;0;5
32;119;nan;0.0;0.0;271.0;0.0;271.0;0;5
32;120;nan;0.0;0.0;271.0;0.0;271.0;0;5
32;121;nan;0.0;0.0;271.0;0.0;271.0;0;5
32;122;nan;0.0;0.0;271.0;0.0;271.0;0;5
32;123;nan;0.0;0.0;271.0;0.0;271.0;0;5
32;124;nan;0.0;0.0;271.0;0.0;271.0;0;5
32;125;nan;0.0;0.0;271.0;0.0;271.0;0;5
32;126;nan;0.0;0.0;271.0;0.0;271.0;0;5
32;127;nan;0.0;0.0;271.0;0.0;271.0;0;5
32;128;nan;0.0;0.0;271.0;0.0;271.0;0;5
32;129;nan;0.0;0.0;271.0;0.0;271.0;0;5
32;130;nan;0.0;0.0;271.0;0.0;271.0;0;5
32;131;nan;0.0;0.0;271.0;0.0;271.0;0;5
32;132;nan;0.0;0.0;271.0;0.0;271.0;0;5
32;133;nan;0.0;0.0;271.0;0.0;271.0;0;5
32;134;nan;0.0;0.0;271.0;0.0;271.0;0;5
32;135;nan;0.0;0.0;271.0;0.0;271.0;0;5
32;136;nan;0.0;0.0;271.0;0.0;271.0;0;5
32;137;nan;0.0;0.0;271.0;0.0;271.0;0;5
32;138;nan;0.0;0.0;271.0;0.0;271.0;0;5
32;139;nan;0.0;0.0;271.0;0.0;271.0;0;5
32;140;nan;0.0;0.0;271.0;0.0;271.0;0;5
32;141;nan;0.0;0.0;271.0;0.0;271.0;0;5
32;142;nan;0.0;0.0;271.0;0.0;271.0;0;5
32;143;nan;0.0;0.0;271.0;0.0;271.0;0;5
32;144;nan;0.0;0.0;271.0;0.0;271.0;0;5
32;145;nan;0.0;0.0;271.0;0.0;271.0;0;5
32;146;nan;0.0;0.0;271.0;0.0;271.0;0;5
32;147;nan;0.0;0.0;271.0;0.0;271.0;0;5
32;148;nan;0.0;0.0;271.0;0.0;271.0;0;5
32;149;nan;0.0;0.0;271.0;0.0;271.0;0;5
33;0;6.3;73.9;168.0;400.7;0.2;283.0;1;1
33;1;6.8;67.1;170.0;390.1;0.2;283.0;0;1
33;2;6.3;72.6;200.0;390.7;0.2;279.0;1;2
33;3;6.5;70.6;163.0;393.9;0.2;279.0;0;2
33;4;6.4;72.7;166.0;398.9;0.2;279.0;0;2
33;5;6.3;73.3;183.0;393.4;0.2;276.0;1;3
33;6;6.1;75.7;187.0;398.7;0.2;276.0;0;3
33;7;7.6;58.5;139.0;376.6;0.2;276.0;0;3
33;8;7.1;62.9;153.0;378.4;0.2;276.0;0;3
33;9;8.1;54.3;132.0;372.3;0.1;276.0;0;3
33;10;7.6;57.7;137.0;370.3;0.2;276.0;0;3
33;11;7.4;58.9;143.0;370.9;0.2;276.0;0;3
33;12;8.6;50.1;126.0;363.0;0.1;276.0;0;3
33;13;10.1;42.0;111.0;351.1;0.1;276.0;0;3
33;14;7.8;55.8;139.0;365.9;0.2;276.0;0;3
33;15;11.3;36.2;96.0;338.9;0.1;276.0;0;3
33;16;10.3;40.2;107.0;343.3;0.1;276.0;0;3
33;17;11.8;34.2;91.0;333.7;0.1;276.0;0;3
33;18;12.7;31.8;82.0;332.0;0.1;276.0;0;3
33;19;12.3;32.8;82.0;331.9;0.1;276.0;0;3
33;20;12.0;32.1;73.0;317.6;0.1;276.0;0;3
33;21;14.3;26.6;64.0;309.6;0.1;273.0;1;4
33;22;35.4;10.5;30.0;295.0;0.0;273.0;0;4
33;23;15.3;24.3;68.0;302.9;0.1;273.0;0;4
33;24;30.2;12.1;28.0;291.7;0.0;273.0;0;4
33;25;64.0;5.6;13.0;283.7;0.0;273.0;0;4
33;26;66.5;5.4;14.0;282.6;0.0;273.0;0;4
33;27;93.7;3.8;8.0;283.4;0.0;273.0;0;4
33;28;77.2;4.7;10.0;283.0;0.0;273.0;0;4
33;29;53.1;6.7;14.0;280.7;0.0;273.0;0;4
33;30;54.2;6.6;14.0;280.9;0.0;273.0;0;4
33;31;83.3;4.3;12.0;281.7;0.0;273.0;0;4
33;32;63.4;5.6;14.0;281.3;0.0;273.0;0;4
33;33;81.9;4.4;12.0;281.6;0.0;273.0;0;4
33;34;69.2;5.1;12.0;280.7;0.0;273.0;0;4
33;35;67.4;5.3;12.0;280.7;0.0;273.0;0;4
33;36;63.8;5.5;12.0;278.0;0.0;273.0;0;4
33;37;63.8;5.5;12.0;278.0;0.0;273.0;0;4
33;38;100.0;0.5;1.0;273.6;0.0;273.0;0;4
33;39;100.0;0.5;1.0;273.6;0.0;273.0;0;4
33;40;100.0;0.5;1.0;273.6;0.0;273.0;0;4
33;41;100.0;0.5;1.0;273.6;0.0;273.0;0;4
33;42;100.0;0.5;1.0;273.6;0.0;273.0;0;4
33;43;100.0;0.5;1.0;273.6;0.0;273.0;0;4
33;44;100.0;0.5;1.0;273.6;0.0;273.0;0;4
33;45;100.0;0.5;1.0;273.6;0.0;273.0;0;4
33;46;100.0;0.5;1.0;273.6;0.0;273.0;0;4
33;47;100.0;0.5;1.0;273.6;0.0;273.0;0;4
33;48;100.0;0.5;1.0;273.4;0.0;273.0;0;4
33;49;100.0;0.5;1.0;273.4;0.0;273.0;0;4
33;50;100.0;0.5;1.0;273.4;0.0;273.0;0;4
33;51;100.0;0.5;1.0;273.4;0.0;273.0;0;4
33;52;100.0;0.5;1.0;273.6;0.0;273.0;0;4
33;53;100.0;0.5;1.0;273.6;0.0;273.0;0;4
33;54;79.5;4.4;13.0;275.3;0.0;273.0;0;4
33;55;61.5;5.7;13.0;277.0;0.0;273.0;0;4
33;56;100.0;0.5;1.0;273.6;0.0;273.0;0;4
33;57;100.0;0.5;1.0;273.6;0.0;273.0;0;4
33;58;100.0;0.5;1.0;273.4;0.0;273.0;0;4
33;59;100.0;0.5;1.0;273.4;0.0;273.0;0;4
33;60;100.0;0.5;1.0;273.4;0.0;273.0;0;4
33;61;100.0;0.5;1.0;273.4;0.0;273.0;0;4
33;62;100.0;0.5;1.0;273.4;0.0;273.0;0;4
33;63;60.6;5.8;13.0;276.9;0.0;273.0;0;4
33;64;100.0;0.5;1.0;273.4;0.0;273.0;0;4
33;65;100.0;0.5;1.0;273.4;0.0;273.0;0;4
33;66;78.5;4.5;13.0;275.1;0.0;273.0;0;4
33;67;9.0;41.8;92.0;314.9;0.1;273.0;0;4
33;68;10.2;36.4;93.0;307.9;0.1;271.0;1;5
33;69;13.4;27.7;66.0;304.3;0.1;271.0;0;5
33;70;20.5;17.7;45.0;292.1;0.1;271.0;0;5
33;71;19.2;18.9;46.0;293.9;0.1;271.0;0;5
33;72;17.7;20.3;52.0;291.4;0.1;271.0;0;5
33;73;69.0;5.1;13.0;277.0;0.0;271.0;0;5
33;74;33.5;10.6;25.0;282.6;0.0;271.0;0;5
33;75;56.8;6.2;13.0;278.9;0.0;271.0;0;5
33;76;65.2;5.4;11.0;279.7;0.0;271.0;0;5
33;77;100.0;0.5;1.0;273.4;0.0;271.0;0;5
33;78;87.3;4.0;10.0;276.3;0.0;271.0;0;5
33;79;56.8;6.2;13.0;278.9;0.0;271.0;0;5
33;80;59.1;6.0;13.0;279.1;0.0;271.0;0;5
33;81;100.0;0.5;1.0;273.4;0.0;271.0;0;5
33;82;78.5;4.5;13.0;275.1;0.0;271.0;0;5
33;83;100.0;0.5;1.0;273.4;0.0;271.0;0;5
33;84;61.8;5.7;13.0;279.4;0.0;271.0;0;5
33;85;100.0;0.5;1.0;273.4;0.0;271.0;0;5
33;86;100.0;0.5;1.0;273.4;0.0;271.0;0;5
33;87;100.0;0.5;1.0;273.4;0.0;271.0;0;5
33;88;60.6;5.8;13.0;276.9;0.0;271.0;0;5
33;89;100.0;0.5;1.0;273.4;0.0;271.0;0;5
33;90;54.8;6.4;13.0;278.6;0.0;271.0;0;5
33;91;100.0;0.5;1.0;273.3;0.0;271.0;0;5
33;92;61.3;5.7;13.0;277.0;0.0;271.0;0;5
33;93;77.6;4.5;13.0;275.0;0.0;271.0;0;5
33;94;59.7;5.9;13.0;276.7;0.0;271.0;0;5
33;95;61.3;5.7;13.0;277.0;0.0;271.0;0;5
33;96;61.3;5.7;13.0;277.0;0.0;271.0;0;5
33;97;63.1;5.6;13.0;277.3;0.0;271.0;0;5
33;98;65.3;5.4;13.0;277.6;0.0;271.0;0;5
33;99;100.0;0.5;1.0;273.3;0.0;271.0;0;5
33;100;63.1;5.6;13.0;277.3;0.0;271.0;0;5
33;101;77.6;4.5;13.0;275.0;0.0;271.0;0;5
33;102;63.1;5.6;13.0;277.3;0.0;271.0;0;5
33;103;61.3;5.7;13.0;277.0;0.0;271.0;0;5
33;104;100.0;0.5;1.0;273.3;0.0;271.0;0;5
33;105;100.0;1.7;5.0;273.9;0.0;271.0;0;5
33;106;65.3;5.4;13.0;277.6;0.0;271.0;0;5
33;107;100.0;0.5;1.0;273.3;0.0;271.0;0;5
33;108;65.3;5.4;13.0;277.6;0.0;271.0;0;5
33;109;61.3;5.7;13.0;277.0;0.0;271.0;0;5
33;110;63.1;5.6;13.0;277.3;0.0;271.0;0;5
33;111;100.0;0.5;1.0;273.3;0.0;271.0;0;5
33;112;63.1;5.6;13.0;277.3;0.0;271.0;0;5
33;113;67.9;5.2;13.0;277.9;0.0;271.0;0;5
33;114;8.2;44.6;110.0;308.1;0.1;271.0;0;5
33;115;9.2;39.0;95.0;300.7;0.1;271.0;0;5
33;116;15.6;23.0;55.0;291.7;0.1;271.0;0;5
33;117;35.7;9.9;22.0;279.4;0.0;271.0;0;5
33;118;100.0;0.5;1.0;273.3;0.0;271.0;0;5
33;119;100.0;1.7;5.0;273.9;0.0;271.0;0;5
33;120;100.0;0.5;1.0;273.3;0.0;271.0;0;5
33;121;100.0;0.5;1.0;273.3;0.0;271.0;0;5
33;122;100.0;0.5;1.0;273.3;0.0;271.0;0;5
33;123;61.3;5.7;13.0;277.0;0.0;271.0;0;5
33;124;91.4;3.8;11.0;276.6;0.0;271.0;0;5
33;125;100.0;0.3;1.0;273.1;0.0;271.0;0;5
33;126;92.1;3.8;11.0;274.9;0.0;271.0;0;5
33;127;100.0;2.1;6.0;274.0;0.0;271.0;0;5
33;128;81.5;4.3;13.0;275.7;0.0;271.0;0;5
33;129;77.6;4.5;13.0;275.0;0.0;271.0;0;5
33;130;62.3;5.6;13.0;277.1;0.0;271.0;0;5
33;131;100.0;0.5;1.0;273.3;0.0;271.0;0;5
33;132;65.3;5.4;13.0;277.6;0.0;271.0;0;5
33;133;81.5;4.3;13.0;275.7;0.0;271.0;0;5
33;134;81.5;4.3;13.0;275.7;0.0;271.0;0;5
33;135;84.1;4.2;13.0;276.0;0.0;271.0;0;5
33;136;84.1;4.2;13.0;276.0;0.0;271.0;0;5
33;137;100.0;0.3;1.0;273.1;0.0;271.0;0;5
33;138;81.5;4.3;13.0;275.7;0.0;271.0;0;5
33;139;84.1;4.2;13.0;276.0;0.0;271.0;0;5
33;140;100.0;0.3;1.0;273.1;0.0;271.0;0;5
33;141;100.0;0.3;1.0;273.1;0.0;271.0;0;5
33;142;100.0;0.3;1.0;273.1;0.0;271.0;0;5
33;143;100.0;0.3;1.0;273.1;0.0;271.0;0;5
33;144;87.3;4.0;13.0;276.3;0.0;271.0;0;5
33;145;100.0;0.3;1.0;273.1;0.0;271.0;0;5
33;146;84.1;4.2;13.0;276.0;0.0;271.0;0;5
33;147;81.5;4.3;13.0;275.7;0.0;271.0;0;5
33;148;81.5;4.3;13.0;275.7;0.0;271.0;0;5
33;149;84.1;4.2;13.0;276.0;0.0;271.0;0;5
34;0;6.8;68.2;157.0;394.0;0.2;286.0;1;1
34;1;5.8;82.3;191.0;413.4;0.2;282.0;1;2
34;2;6.1;75.4;185.0;395.9;0.2;274.0;1;3
34;3;5.9;79.5;186.0;404.9;0.2;274.0;0;3
34;4;6.6;68.8;170.0;388.1;0.2;274.0;0;3
34;5;6.6;67.8;159.0;383.9;0.2;271.0;1;4
34;6;7.7;57.6;147.0;372.6;0.2;271.0;0;4
34;7;6.1;76.8;178.0;400.0;0.2;271.0;0;4
34;8;7.2;59.9;145.0;367.0;0.2;271.0;0;4
34;9;6.7;66.7;159.0;381.1;0.2;271.0;0;4
34;10;7.7;57.1;138.0;370.9;0.2;271.0;0;4
34;11;7.8;55.5;152.0;367.0;0.2;271.0;0;4
34;12;8.5;49.5;122.0;355.0;0.1;271.0;0;4
34;13;8.6;49.9;122.0;361.7;0.1;271.0;0;4
34;14;7.4;59.0;147.0;369.9;0.2;271.0;0;4
34;15;11.8;34.2;83.0;332.4;0.1;271.0;0;4
34;16;9.7;42.3;108.0;341.7;0.1;271.0;0;4
34;17;9.3;44.4;117.0;344.7;0.1;271.0;0;4
34;18;11.6;34.2;85.0;327.3;0.1;271.0;0;4
34;19;17.1;22.5;58.0;313.1;0.1;271.0;0;4
34;20;10.8;35.9;80.0;320.3;0.1;271.0;0;4
34;21;14.1;27.0;60.0;310.4;0.1;271.0;0;4
34;22;9.4;41.2;95.0;323.4;0.1;271.0;0;4
34;23;14.4;26.4;62.0;311.0;0.1;271.0;0;4
34;24;16.8;22.0;52.0;300.9;0.1;271.0;0;4
34;25;12.6;30.4;70.0;314.0;0.1;271.0;0;4
34;26;16.9;21.9;62.0;301.4;0.1;271.0;0;4
34;27;42.8;8.4;26.0;286.1;0.0;271.0;0;4
34;28;73.7;4.9;12.0;282.4;0.0;271.0;0;4
34;29;98.9;3.6;8.0;282.9;0.0;271.0;0;4
34;30;100.0;3.4;7.0;282.9;0.0;271.0;0;4
34;31;63.2;5.7;16.0;281.6;0.0;271.0;0;4
34;32;78.8;4.5;13.0;280.7;0.0;271.0;0;4
34;33;78.8;4.5;13.0;280.7;0.0;271.0;0;4
34;34;62.4;5.7;13.0;279.6;0.0;271.0;0;4
34;35;63.5;5.5;13.0;277.0;0.0;271.0;0;4
34;36;88.6;4.0;8.0;275.6;0.0;271.0;0;4
34;37;14.9;23.5;71.0;285.0;0.1;271.0;0;4
34;38;100.0;1.8;4.0;272.1;0.0;271.0;0;4
34;39;nan;0.0;0.0;271.0;0.0;271.0;0;4
34;40;nan;0.0;0.0;271.0;0.0;271.0;0;4
34;41;nan;0.0;0.0;271.0;0.0;271.0;0;4
34;42;nan;0.0;0.0;271.0;0.0;271.0;0;4
34;43;nan;0.0;0.0;271.0;0.0;271.0;0;4
34;44;nan;0.0;0.0;271.0;0.0;271.0;0;4
34;45;nan;0.0;0.0;271.0;0.0;271.0;0;4
34;46;nan;0.0;0.0;271.0;0.0;271.0;0;4
34;47;nan;0.0;0.0;271.0;0.0;271.0;0;4
34;48;nan;0.0;0.0;271.0;0.0;271.0;0;4
34;49;nan;0.0;0.0;271.0;0.0;271.0;0;4
34;50;nan;0.0;0.0;271.0;0.0;271.0;0;4
34;51;nan;0.0;0.0;271.0;0.0;271.0;0;4
34;52;nan;0.0;0.0;271.0;0.0;271.0;0;4
34;53;nan;0.0;0.0;271.0;0.0;271.0;0;4
34;54;nan;0.0;0.0;271.0;0.0;271.0;0;4
34;55;nan;0.0;0.0;271.0;0.0;271.0;0;4
34;56;nan;0.0;0.0;271.0;0.0;271.0;0;4
34;57;nan;0.0;0.0;271.0;0.0;271.0;0;4
34;58;nan;0.0;0.0;271.0;0.0;271.0;0;4
34;59;nan;0.0;0.0;271.0;0.0;271.0;0;4
34;60;nan;0.0;0.0;271.0;0.0;271.0;0;4
34;61;nan;0.0;0.0;271.0;0.0;271.0;0;4
34;62;nan;0.0;0.0;271.0;0.0;271.0;0;4
34;63;nan;0.0;0.0;271.0;0.0;271.0;0;4
34;64;nan;0.0;0.0;271.0;0.0;271.0;0;4
34;65;nan;0.0;0.0;271.0;0.0;271.0;0;4
34;66;nan;0.0;0.0;271.0;0.0;271.0;0;4
34;67;nan;0.0;0.0;271.0;0.0;271.0;0;4
34;68;nan;0.0;0.0;271.0;0.0;271.0;0;4
34;69;nan;0.0;0.0;271.0;0.0;271.0;0;4
34;70;nan;0.0;0.0;271.0;0.0;271.0;0;4
34;71;nan;0.0;0.0;271.0;0.0;271.0;0;4
34;72;nan;0.0;0.0;271.0;0.0;271.0;0;4
34;73;nan;0.0;0.0;271.0;0.0;271.0;0;4
34;74;nan;0.0;0.0;271.0;0.0;271.0;0;4
34;75;nan;0.0;0.0;271.0;0.0;271.0;0;4
34;76;nan;0.0;0.0;271.0;0.0;271.0;0;4
34;77;6.8;56.8;121.0;329.9;0.2;271.0;0;4
34;78;10.1;37.0;90.0;310.4;0.1;271.0;0;4
34;79;11.3;32.3;71.0;300.9;0.1;271.0;0;4
34;80;14.9;24.6;63.0;299.9;0.1;271.0;0;4
34;81;16.1;22.6;52.0;295.0;0.1;271.0;0;4
34;82;53.7;6.5;17.0;276.1;0.0;271.0;0;4
34;83;34.4;10.2;27.0;279.0;0.0;271.0;0;4
34;84;28.3;12.5;30.0;282.7;0.0;271.0;0;4
34;85;nan;0.0;0.0;271.0;0.0;271.0;0;4
34;86;nan;0.0;0.0;271.0;0.0;271.0;0;4
34;87;nan;0.0;0.0;271.0;0.0;271.0;0;4
34;88;nan;0.0;0.0;271.0;0.0;271.0;0;4
34;89;nan;0.0;0.0;271.0;0.0;271.0;0;4
34;90;nan;0.0;0.0;271.0;0.0;271.0;0;4
34;91;nan;0.0;0.0;271.0;0.0;271.0;0;4
34;92;nan;0.0;0.0;271.0;0.0;271.0;0;4
34;93;nan;0.0;0.0;271.0;0.0;271.0;0;4
34;94;nan;0.0;0.0;271.0;0.0;271.0;0;4
34;95;nan;0.0;0.0;271.0;0.0;271.0;0;4
34;96;nan;0.0;0.0;271.0;0.0;271.0;0;4
34;97;nan;0.0;0.0;271.0;0.0;271.0;0;4
34;98;nan;0.0;0.0;271.0;0.0;271.0;0;4
34;99;nan;0.0;0.0;271.0;0.0;271.0;0;4
34;100;nan;0.0;0.0;271.0;0.0;271.0;0;4
34;101;nan;0.0;0.0;271.0;0.0;271.0;0;4
34;102;nan;0.0;0.0;271.0;0.0;271.0;0;4
34;103;nan;0.0;0.0;271.0;0.0;271.0;0;4
34;104;nan;0.0;0.0;271.0;0.0;271.0;0;4
34;105;nan;0.0;0.0;271.0;0.0;271.0;0;4
34;106;nan;0.0;0.0;271.0;0.0;271.0;0;4
34;107;nan;0.0;0.0;271.0;0.0;271.0;0;4
34;108;nan;0.0;0.0;271.0;0.0;271.0;0;4
34;109;nan;0.0;0.0;271.0;0.0;271.0;0;4
34;110;nan;0.0;0.0;271.0;0.0;271.0;0;4
34;111;nan;0.0;0.0;271.0;0.0;271.0;0;4
34;112;nan;0.0;0.0;271.0;0.0;271.0;0;4
34;113;nan;0.0;0.0;271.0;0.0;271.0;0;4
34;114;nan;0.0;0.0;271.0;0.0;271.0;0;4
34;115;nan;0.0;0.0;271.0;0.0;271.0;0;4
34;116;nan;0.0;0.0;271.0;0.0;271.0;0;4
34;117;nan;0.0;0.0;271.0;0.0;271.0;0;4
34;118;nan;0.0;0.0;271.0;0.0;271.0;0;4
34;119;nan;0.0;0.0;271.0;0.0;271.0;0;4
34;120;nan;0.0;0.0;271.0;0.0;271.0;0;4
34;121;nan;0.0;0.0;271.0;0.0;271.0;0;4
34;122;23.8;15.0;38.0;286.1;0.1;271.0;0;4
34;123;100.0;3.2;9.0;273.7;0.0;271.0;0;4
34;124;nan;0.0;0.0;271.0;0.0;271.0;0;4
34;125;nan;0.0;0.0;271.0;0.0;271.0;0;4
34;126;nan;0.0;0.0;271.0;0.0;271.0;0;4
34;127;nan;0.0;0.0;271.0;0.0;271.0;0;4
34;128;nan;0.0;0.0;271.0;0.0;271.0;0;4
34;129;nan;0.0;0.0;271.0;0.0;271.0;0;4
34;130;nan;0.0;0.0;271.0;0.0;271.0;0;4
34;131;nan;0.0;0.0;271.0;0.0;271.0;0;4
34;132;nan;0.0;0.0;271.0;0.0;271.0;0;4
34;133;nan;0.0;0.0;271.0;0.0;271.0;0;4
34;134;nan;0.0;0.0;271.0;0.0;271.0;0;4
34;135;nan;0.0;0.0;271.0;0.0;271.0;0;4
34;136;nan;0.0;0.0;271.0;0.0;271.0;0;4
34;137;nan;0.0;0.0;271.0;0.0;271.0;0;4
34;138;nan;0.0;0.0;271.0;0.0;271.0;0;4
34;139;nan;0.0;0.0;271.0;0.0;271.0;0;4
34;140;nan;0.0;0.0;271.0;0.0;271.0;0;4
34;141;nan;0.0;0.0;271.0;0.0;271.0;0;4
34;142;nan;0.0;0.0;271.0;0.0;271.0;0;4
34;143;nan;0.0;0.0;271.0;0.0;271.0;0;4
34;144;nan;0.0;0.0;271.0;0.0;271.0;0;4
34;145;nan;0.0;0.0;271.0;0.0;271.0;0;4
34;146;nan;0.0;0.0;271.0;0.0;271.0;0;4
34;147;nan;0.0;0.0;271.0;0.0;271.0;0;4
34;148;nan;0.0;0.0;271.0;0.0;271.0;0;4
34;149;nan;0.0;0.0;271.0;0.0;271.0;0;4
35;0;6.6;70.8;168.0;397.1;0.2;280.0;1;1
35;1;6.4;73.8;172.0;403.9;0.2;280.0;0;1
35;2;5.9;81.3;196.0;411.0;0.2;280.0;0;1
35;3;6.1;76.7;184.0;403.9;0.2;280.0;0;1
35;4;6.8;65.8;159.0;383.4;0.2;277.0;1;2
35;5;6.4;69.9;168.0;384.0;0.2;274.0;1;3
35;6;6.1;74.5;187.0;392.4;0.2;271.0;1;4
35;7;6.9;65.4;157.0;384.1;0.2;271.0;0;4
35;8;6.6;69.1;166.0;387.3;0.2;271.0;0;4
35;9;8.1;53.3;130.0;361.7;0.1;271.0;0;4
35;10;8.0;54.5;142.0;367.3;0.1;271.0;0;4
35;11;7.8;56.1;142.0;368.6;0.2;271.0;0;4
35;12;7.6;57.7;139.0;369.7;0.2;271.0;0;4
35;13;7.0;62.7;145.0;375.6;0.2;271.0;0;4
35;14;10.0;41.7;111.0;345.3;0.1;271.0;0;4
35;15;10.3;39.4;108.0;338.0;0.1;271.0;0;4
35;16;8.8;47.0;123.0;348.1;0.1;271.0;0;4
35;17;11.0;37.3;94.0;339.1;0.1;271.0;0;4
35;18;13.9;28.9;68.0;327.6;0.1;271.0;0;4
35;19;14.9;25.9;71.0;315.1;0.1;271.0;0;4
35;20;21.1;17.6;45.0;299.7;0.1;271.0;0;4
35;21;17.8;21.3;47.0;307.1;0.1;271.0;0;4
35;22;18.3;20.2;45.0;298.9;0.1;271.0;0;4
35;23;27.6;13.1;36.0;288.6;0.0;271.0;0;4
35;24;39.0;9.1;23.0;283.6;0.0;271.0;0;4
35;25;100.0;2.2;5.0;276.3;0.0;271.0;0;4
35;26;100.0;2.3;5.0;276.0;0.0;271.0;0;4
35;27;100.0;2.5;5.0;275.9;0.0;271.0;0;4
35;28;100.0;2.5;5.0;275.9;0.0;271.0;0;4
35;29;100.0;2.5;5.0;275.9;0.0;271.0;0;4
35;30;100.0;2.5;5.0;275.9;0.0;271.0;0;4
35;31;100.0;2.3;5.0;276.0;0.0;271.0;0;4
35;32;100.0;2.5;5.0;275.9;0.0;271.0;0;4
35;33;100.0;2.5;5.0;275.9;0.0;271.0;0;4
35;34;100.0;2.5;5.0;275.9;0.0;271.0;0;4
35;35;100.0;2.5;5.0;275.9;0.0;271.0;0;4
35;36;100.0;2.5;5.0;275.9;0.0;271.0;0;4
35;37;100.0;2.5;5.0;275.9;0.0;271.0;0;4
35;38;100.0;2.5;5.0;275.9;0.0;271.0;0;4
35;39;100.0;2.5;5.0;275.9;0.0;271.0;0;4
35;40;100.0;2.5;5.0;275.9;0.0;271.0;0;4
35;41;100.0;2.5;5.0;275.9;0.0;271.0;0;4
35;42;100.0;2.5;5.0;275.9;0.0;271.0;0;4
35;43;100.0;2.5;5.0;275.9;0.0;271.0;0;4
35;44;100.0;2.5;5.0;275.9;0.0;271.0;0;4
35;45;100.0;2.5;5.0;275.1;0.0;271.0;0;4
35;46;100.0;2.5;5.0;275.1;0.0;271.0;0;4
35;47;100.0;2.5;5.0;275.9;0.0;271.0;0;4
35;48;100.0;2.5;5.0;275.9;0.0;271.0;0;4
35;49;100.0;2.5;5.0;275.9;0.0;271.0;0;4
35;50;100.0;2.5;5.0;275.9;0.0;271.0;0;4
35;51;58.6;6.0;13.0;279.3;0.0;271.0;0;4
35;52;100.0;2.5;5.0;275.9;0.0;271.0;0;4
35;53;100.0;2.5;5.0;275.9;0.0;271.0;0;4
35;54;100.0;2.5;5.0;275.9;0.0;271.0;0;4
35;55;65.5;5.4;13.0;278.1;0.0;271.0;0;4
35;56;100.0;2.5;5.0;275.9;0.0;271.0;0;4
35;57;100.0;2.5;5.0;275.9;0.0;271.0;0;4
35;58;100.0;2.5;5.0;275.1;0.0;271.0;0;4
35;59;100.0;2.5;5.0;275.1;0.0;271.0;0;4
35;60;100.0;2.5;5.0;275.1;0.0;271.0;0;4
35;61;100.0;2.5;5.0;275.1;0.0;271.0;0;4
35;62;5.9;66.2;148.0;337.0;0.2;271.0;0;4
35;63;6.9;56.3;129.0;330.1;0.2;271.0;0;4
35;64;9.4;40.8;89.0;318.4;0.1;271.0;0;4
35;65;8.9;42.4;92.0;314.9;0.1;271.0;0;4
35;66;10.2;37.1;83.0;314.0;0.1;271.0;0;4
35;67;14.1;26.0;60.0;300.3;0.1;271.0;0;4
35;68;12.6;29.1;68.0;301.6;0.1;271.0;0;4
35;69;10.7;34.5;78.0;305.7;0.1;271.0;0;4
35;70;100.0;1.4;4.0;273.9;0.0;271.0;0;4
35;71;100.0;1.8;5.0;274.3;0.0;271.0;0;4
35;72;100.0;0.5;1.0;273.4;0.0;271.0;0;4
35;73;100.0;0.5;1.0;273.4;0.0;271.0;0;4
35;74;100.0;0.5;1.0;273.4;0.0;271.0;0;4
35;75;83.3;4.2;12.0;275.6;0.0;271.0;0;4
35;76;100.0;1.0;3.0;273.7;0.0;271.0;0;4
35;77;56.8;6.2;13.0;278.9;0.0;271.0;0;4
35;78;67.3;5.2;13.0;276.9;0.0;271.0;0;4
35;79;100.0;2.0;5.0;274.4;0.0;271.0;0;4
35;80;55.9;6.3;13.0;278.7;0.0;271.0;0;4
35;81;100.0;0.7;2.0;273.6;0.0;271.0;0;4
35;82;63.1;5.6;13.0;277.6;0.0;271.0;0;4
35;83;100.0;0.7;2.0;273.6;0.0;271.0;0;4
35;84;100.0;3.1;8.0;275.6;0.0;271.0;0;4
35;85;100.0;2.2;5.0;274.6;0.0;271.0;0;4
35;86;73.5;4.8;13.0;276.6;0.0;271.0;0;4
35;87;78.2;4.5;13.0;275.9;0.0;271.0;0;4
35;88;59.1;6.0;13.0;279.1;0.0;271.0;0;4
35;89;61.9;5.7;13.0;277.4;0.0;271.0;0;4
35;90;100.0;0.5;1.0;273.4;0.0;271.0;0;4
35;91;77.6;4.5;13.0;276.3;0.0;271.0;0;4
35;92;100.0;2.5;5.0;275.1;0.0;271.0;0;4
35;93;100.0;2.5;5.0;275.1;0.0;271.0;0;4
35;94;100.0;2.4;5.0;275.3;0.0;271.0;0;4
35;95;63.1;5.6;13.0;277.3;0.0;271.0;0;4
35;96;59.7;5.9;13.0;276.7;0.0;271.0;0;4
35;97;61.3;5.7;13.0;277.0;0.0;271.0;0;4
35;98;59.7;5.9;13.0;276.7;0.0;271.0;0;4
35;99;76.2;4.6;13.0;275.6;0.0;271.0;0;4
35;100;63.1;5.6;13.0;277.3;0.0;271.0;0;4
35;101;71.1;5.0;11.0;278.1;0.0;271.0;0;4
35;102;100.0;0.5;1.0;273.3;0.0;271.0;0;4
35;103;59.7;5.9;13.0;276.7;0.0;271.0;0;4
35;104;65.3;5.4;13.0;277.6;0.0;271.0;0;4
35;105;100.0;0.5;1.0;273.3;0.0;271.0;0;4
35;106;65.3;5.4;13.0;277.6;0.0;271.0;0;4
35;107;7.8;47.2;110.0;312.0;0.2;271.0;0;4
35;108;12.9;27.7;64.0;293.4;0.1;271.0;0;4
35;109;17.4;20.6;51.0;291.3;0.1;271.0;0;4
35;110;39.0;9.0;25.0;278.7;0.0;271.0;0;4
35;111;87.7;4.0;11.0;275.6;0.0;271.0;0;4
35;112;100.0;2.5;6.0;274.6;0.0;271.0;0;4
35;113;67.9;5.2;13.0;277.9;0.0;271.0;0;4
35;114;100.0;0.5;1.0;273.3;0.0;271.0;0;4
35;115;67.9;5.2;13.0;277.9;0.0;271.0;0;4
35;116;100.0;0.5;1.0;273.3;0.0;271.0;0;4
35;117;62.3;5.6;13.0;277.1;0.0;271.0;0;4
35;118;62.3;5.6;13.0;277.1;0.0;271.0;0;4
35;119;64.3;5.5;13.0;277.4;0.0;271.0;0;4
35;120;71.1;4.9;13.0;276.0;0.0;271.0;0;4
35;121;64.1;5.5;13.0;277.7;0.0;271.0;0;4
35;122;67.9;5.2;13.0;277.9;0.0;271.0;0;4
35;123;59.7;5.9;13.0;276.7;0.0;271.0;0;4
35;124;61.3;5.7;13.0;277.0;0.0;271.0;0;4
35;125;67.9;5.2;13.0;277.9;0.0;271.0;0;4
35;126;61.3;5.7;13.0;277.0;0.0;271.0;0;4
35;127;71.1;5.0;11.0;278.1;0.0;271.0;0;4
35;128;100.0;0.5;1.0;273.3;0.0;271.0;0;4
35;129;86.0;4.1;13.0;276.1;0.0;271.0;0;4
35;130;100.0;0.3;1.0;273.1;0.0;271.0;0;4
35;131;100.0;0.3;1.0;273.1;0.0;271.0;0;4
35;132;80.8;4.3;13.0;275.6;0.0;271.0;0;4
35;133;87.3;4.0;13.0;276.3;0.0;271.0;0;4
35;134;100.0;0.3;1.0;273.1;0.0;271.0;0;4
35;135;76.8;4.5;13.0;274.9;0.0;271.0;0;4
35;136;79.5;4.4;13.0;275.4;0.0;271.0;0;4
35;137;79.5;4.4;13.0;275.4;0.0;271.0;0;4
35;138;87.3;4.0;13.0;276.3;0.0;271.0;0;4
35;139;84.1;4.2;13.0;276.0;0.0;271.0;0;4
35;140;79.5;4.4;13.0;275.4;0.0;271.0;0;4
35;141;100.0;0.3;1.0;273.1;0.0;271.0;0;4
35;142;87.3;4.0;13.0;276.3;0.0;271.0;0;4
35;143;87.3;4.0;13.0;276.3;0.0;271.0;0;4
35;144;77.9;4.5;13.0;275.1;0.0;271.0;0;4
35;145;79.5;4.4;13.0;275.4;0.0;271.0;0;4
35;146;79.5;4.4;13.0;275.4;0.0;271.0;0;4
35;147;87.3;4.0;13.0;276.3;0.0;271.0;0;4
35;148;84.1;4.2;13.0;276.0;0.0;271.0;0;4
35;149;100.0;0.3;1.0;273.1;0.0;271.0;0;4
36;0;6.2;76.8;188.0;405.7;0.2;282.0;1;1
36;1;6.5;70.3;168.0;390.9;0.2;278.0;1;2
36;2;6.3;74.0;171.0;399.7;0.2;278.0;0;2
36;3;7.0;64.0;151.0;381.9;0.2;278.0;0;2
36;4;6.4;73.2;171.0;401.3;0.2;278.0;0;2
36;5;6.6;69.3;159.0;391.4;0.2;278.0;0;2
36;6;6.5;69.4;166.0;388.1;0.2;278.0;0;2
36;7;6.8;65.8;163.0;383.0;0.2;276.0;1;3
36;8;7.4;58.2;146.0;366.7;0.2;274.0;1;4
36;9;7.6;57.6;139.0;368.9;0.2;274.0;0;4
36;10;7.4;59.6;149.0;374.0;0.2;274.0;0;4
36;11;6.7;68.1;164.0;387.4;0.2;274.0;0;4
36;12;8.4;51.6;127.0;362.1;0.1;274.0;0;4
36;13;7.2;61.2;148.0;373.9;0.2;274.0;0;4
36;14;8.8;48.5;113.0;357.9;0.1;274.0;0;4
36;15;9.2;45.1;117.0;348.3;0.1;274.0;0;4
36;16;11.6;35.4;89.0;340.1;0.1;274.0;0;4
36;17;11.3;36.1;90.0;336.1;0.1;274.0;0;4
36;18;14.3;27.5;72.0;320.7;0.1;274.0;0;4
36;19;16.0;24.0;60.0;312.4;0.1;274.0;0;4
36;20;11.1;34.7;78.0;318.6;0.1;273.0;1;5
36;21;15.7;23.8;55.0;304.6;0.1;273.0;0;5
36;22;18.9;19.7;45.0;301.0;0.1;273.0;0;5
36;23;17.8;20.9;49.0;300.9;0.1;271.0;1;6
36;24;18.8;19.8;40.0;300.9;0.1;271.0;0;6
36;25;23.8;15.3;45.0;293.3;0.1;271.0;0;6
36;26;20.8;17.4;43.0;292.4;0.1;271.0;0;6
36;27;47.4;7.6;21.0;285.4;0.0;271.0;0;6
36;28;69.0;5.2;12.0;284.3;0.0;271.0;0;6
36;29;61.4;5.8;16.0;282.4;0.0;271.0;0;6
36;30;67.5;5.3;12.0;282.3;0.0;271.0;0;6
36;31;61.2;5.9;14.0;284.0;0.0;271.0;0;6
36;32;69.9;5.1;14.0;283.3;0.0;271.0;0;6
36;33;73.1;4.9;10.0;284.7;0.0;271.0;0;6
36;34;73.1;4.9;10.0;284.7;0.0;271.0;0;6
36;35;79.7;4.5;11.0;283.7;0.0;271.0;0;6
36;36;56.2;6.4;14.0;283.6;0.0;271.0;0;6
36;37;51.7;6.9;14.0;283.0;0.0;271.0;0;6
36;38;51.7;6.9;14.0;283.0;0.0;271.0;0;6
36;39;51.7;6.9;14.0;283.0;0.0;271.0;0;6
36;40;57.8;6.2;14.0;283.9;0.0;271.0;0;6
36;41;61.2;5.9;14.0;284.0;0.0;271.0;0;6
36;42;62.7;5.7;14.0;284.1;0.0;271.0;0;6
36;43;51.7;6.9;14.0;283.0;0.0;271.0;0;6
36;44;62.7;5.7;14.0;284.1;0.0;271.0;0;6
36;45;66.4;5.4;14.0;282.3;0.0;271.0;0;6
36;46;77.6;4.5;11.0;277.9;0.0;271.0;0;6
36;47;nan;0.0;0.0;275.0;0.0;271.0;0;6
36;48;nan;0.0;0.0;275.0;0.0;271.0;0;6
36;49;nan;0.0;0.0;275.0;0.0;271.0;0;6
36;50;nan;0.0;0.0;275.0;0.0;271.0;0;6
36;51;nan;0.0;0.0;275.0;0.0;271.0;0;6
36;52;nan;0.0;0.0;275.0;0.0;271.0;0;6
36;53;nan;0.0;0.0;275.0;0.0;271.0;0;6
36;54;nan;0.0;0.0;275.0;0.0;271.0;0;6
36;55;nan;0.0;0.0;275.0;0.0;271.0;0;6
36;56;nan;0.0;0.0;275.0;0.0;271.0;0;6
36;57;nan;0.0;0.0;275.0;0.0;271.0;0;6
36;58;nan;0.0;0.0;275.0;0.0;271.0;0;6
36;59;nan;0.0;0.0;275.0;0.0;271.0;0;6
36;60;nan;0.0;0.0;275.0;0.0;271.0;0;6
36;61;nan;0.0;0.0;275.0;0.0;271.0;0;6
36;62;nan;0.0;0.0;275.0;0.0;271.0;0;6
36;63;nan;0.0;0.0;275.0;0.0;271.0;0;6
36;64;nan;0.0;0.0;275.0;0.0;271.0;0;6
36;65;nan;0.0;0.0;275.0;0.0;271.0;0;6
36;66;nan;0.0;0.0;275.0;0.0;271.0;0;6
36;67;nan;0.0;0.0;275.0;0.0;271.0;0;6
36;68;nan;0.0;0.0;275.0;0.0;271.0;0;6
36;69;9.5;39.9;90.0;314.9;0.1;271.0;0;6
36;70;7.9;48.3;119.0;319.9;0.2;271.0;0;6
36;71;9.6;38.7;84.0;310.6;0.1;271.0;0;6
36;72;9.9;37.3;87.0;308.7;0.1;271.0;0;6
36;73;11.8;31.4;72.0;305.7;0.1;271.0;0;6
36;74;18.0;20.2;45.0;294.9;0.1;271.0;0;6
36;75;17.5;20.8;52.0;294.3;0.1;271.0;0;6
36;76;23.8;15.1;32.0;288.3;0.1;271.0;0;6
36;77;22.2;16.1;44.0;287.1;0.1;271.0;0;6
36;78;57.7;6.2;14.0;281.0;0.0;271.0;0;6
36;79;51.3;6.9;14.0;281.0;0.0;271.0;0;6
36;80;27.3;13.1;32.0;285.6;0.0;271.0;0;6
36;81;51.3;6.9;14.0;281.0;0.0;271.0;0;6
36;82;31.0;11.5;29.0;283.4;0.0;271.0;0;6
36;83;41.5;8.5;23.0;280.0;0.0;271.0;0;6
36;84;nan;0.0;0.0;275.0;0.0;271.0;0;6
36;85;nan;0.0;0.0;275.0;0.0;271.0;0;6
36;86;nan;0.0;0.0;275.0;0.0;271.0;0;6
36;87;nan;0.0;0.0;275.0;0.0;271.0;0;6
36;88;nan;0.0;0.0;275.0;0.0;271.0;0;6
36;89;nan;0.0;0.0;275.0;0.0;271.0;0;6
36;90;nan;0.0;0.0;275.0;0.0;271.0;0;6
36;91;nan;0.0;0.0;275.0;0.0;271.0;0;6
36;92;nan;0.0;0.0;275.0;0.0;271.0;0;6
36;93;nan;0.0;0.0;275.0;0.0;271.0;0;6
36;94;nan;0.0;0.0;275.0;0.0;271.0;0;6
36;95;nan;0.0;0.0;275.0;0.0;271.0;0;6
36;96;nan;0.0;0.0;275.0;0.0;271.0;0;6
36;97;nan;0.0;0.0;275.0;0.0;271.0;0;6
36;98;nan;0.0;0.0;275.0;0.0;271.0;0;6
36;99;nan;0.0;0.0;275.0;0.0;271.0;0;6
36;100;nan;0.0;0.0;275.0;0.0;271.0;0;6
36;101;nan;0.0;0.0;275.0;0.0;271.0;0;6
36;102;nan;0.0;0.0;275.0;0.0;271.0;0;6
36;103;nan;0.0;0.0;275.0;0.0;271.0;0;6
36;104;nan;0.0;0.0;275.0;0.0;271.0;0;6
36;105;nan;0.0;0.0;275.0;0.0;271.0;0;6
36;106;nan;0.0;0.0;275.0;0.0;271.0;0;6
36;107;nan;0.0;0.0;275.0;0.0;271.0;0;6
36;108;nan;0.0;0.0;275.0;0.0;271.0;0;6
36;109;nan;0.0;0.0;275.0;0.0;271.0;0;6
36;110;nan;0.0;0.0;275.0;0.0;271.0;0;6
36;111;nan;0.0;0.0;275.0;0.0;271.0;0;6
36;112;nan;0.0;0.0;275.0;0.0;271.0;0;6
36;113;nan;0.0;0.0;275.0;0.0;271.0;0;6
36;114;12.2;29.7;74.0;298.1;0.1;271.0;0;6
36;115;16.6;21.5;56.0;290.6;0.1;271.0;0;6
36;116;12.9;27.8;69.0;294.7;0.1;271.0;0;6
36;117;14.6;24.7;58.0;294.4;0.1;271.0;0;6
36;118;25.2;14.1;36.0;284.6;0.0;271.0;0;6
36;119;nan;0.0;0.0;275.0;0.0;271.0;0;6
36;120;nan;0.0;0.0;275.0;0.0;271.0;0;6
36;121;nan;0.0;0.0;275.0;0.0;271.0;0;6
36;122;nan;0.0;0.0;275.0;0.0;271.0;0;6
36;123;nan;0.0;0.0;275.0;0.0;271.0;0;6
36;124;nan;0.0;0.0;275.0;0.0;271.0;0;6
36;125;nan;0.0;0.0;275.0;0.0;271.0;0;6
36;126;nan;0.0;0.0;275.0;0.0;271.0;0;6
36;127;nan;0.0;0.0;275.0;0.0;271.0;0;6
36;128;nan;0.0;0.0;275.0;0.0;271.0;0;6
36;129;nan;0.0;0.0;275.0;0.0;271.0;0;6
36;130;nan;0.0;0.0;275.0;0.0;271.0;0;6
36;131;nan;0.0;0.0;275.0;0.0;271.0;0;6
36;132;nan;0.0;0.0;275.0;0.0;271.0;0;6
36;133;nan;0.0;0.0;275.0;0.0;271.0;0;6
36;134;nan;0.0;0.0;275.0;0.0;271.0;0;6
36;135;nan;0.0;0.0;275.0;0.0;271.0;0;6
36;136;nan;0.0;0.0;275.0;0.0;271.0;0;6
36;137;nan;0.0;0.0;275.0;0.0;271.0;0;6
36;138;nan;0.0;0.0;275.0;0.0;271.0;0;6
36;139;nan;0.0;0.0;275.0;0.0;271.0;0;6
36;140;nan;0.0;0.0;275.0;0.0;271.0;0;6
36;141;nan;0.0;0.0;275.0;0.0;271.0;0;6
36;142;nan;0.0;0.0;275.0;0.0;271.0;0;6
36;143;nan;0.0;0.0;275.0;0.0;271.0;0;6
36;144;nan;0.0;0.0;275.0;0.0;271.0;0;6
36;145;nan;0.0;0.0;275.0;0.0;271.0;0;6
36;146;nan;0.0;0.0;275.0;0.0;271.0;0;6
36;147;nan;0.0;0.0;275.0;0.0;271.0;0;6
36;148;nan;0.0;0.0;275.0;0.0;271.0;0;6
36;149;nan;0.0;0.0;275.0;0.0;271.0;0;6
37;0;7.3;61.7;152.0;381.6;0.2;284.0;1;1
37;1;6.6;69.5;171.0;392.7;0.2;283.0;1;2
37;2;6.4;72.8;179.0;396.9;0.2;282.0;1;3
37;3;5.9;80.1;182.0;409.0;0.2;281.0;1;4
37;4;6.4;72.5;171.0;395.9;0.2;281.0;0;4
37;5;6.9;66.5;163.0;388.4;0.2;281.0;0;4
37;6;7.0;63.7;167.0;381.6;0.2;281.0;0;4
37;7;6.7;67.2;165.0;386.0;0.2;278.0;1;5
37;8;7.3;61.5;140.0;380.6;0.2;278.0;0;5
37;9;6.8;68.1;161.0;392.7;0.2;278.0;0;5
37;10;7.2;61.8;157.0;375.6;0.2;277.0;1;6
37;11;8.2;52.7;125.0;362.0;0.1;277.0;0;6
37;12;6.9;64.2;165.0;377.0;0.2;276.0;1;7
37;13;8.7;50.2;124.0;367.6;0.1;276.0;0;7
37;14;10.3;40.4;96.0;345.6;0.1;276.0;0;7
37;15;9.8;42.5;104.0;346.3;0.1;276.0;0;7
37;16;13.4;30.0;81.0;329.6;0.1;276.0;0;7
37;17;8.9;47.3;117.0;353.4;0.1;276.0;0;7
37;18;11.4;35.4;85.0;332.3;0.1;276.0;1;8
37;19;11.0;37.2;92.0;336.9;0.1;276.0;0;8
37;20;7.7;52.9;114.0;345.7;0.2;276.0;0;8
37;21;12.6;30.4;67.0;314.1;0.1;276.0;0;8
37;22;14.0;27.2;63.0;310.3;0.1;276.0;0;8
37;23;14.0;27.0;71.0;309.4;0.1;273.0;0;8
37;24;12.1;31.6;72.0;314.6;0.1;273.0;0;8
37;25;25.1;14.5;39.0;292.1;0.0;273.0;0;8
37;26;48.2;7.5;18.0;284.7;0.0;273.0;0;8
37;27;60.5;5.9;13.0;282.0;0.0;273.0;0;8
37;28;60.5;5.9;13.0;282.0;0.0;273.0;0;8
37;29;79.7;4.5;9.0;279.1;0.0;273.0;0;8
37;30;89.5;4.0;8.0;278.6;0.0;273.0;0;8
37;31;97.3;3.6;8.0;276.3;0.0;273.0;0;8
37;32;nan;0.0;0.0;274.0;0.0;273.0;0;8
37;33;nan;0.0;0.0;274.0;0.0;273.0;0;8
37;34;nan;0.0;0.0;274.0;0.0;273.0;0;8
37;35;nan;0.0;0.0;274.0;0.0;273.0;0;8
37;36;nan;0.0;0.0;274.0;0.0;273.0;0;8
37;37;nan;0.0;0.0;274.0;0.0;273.0;0;8
37;38;nan;0.0;0.0;274.0;0.0;273.0;0;8
37;39;nan;0.0;0.0;274.0;0.0;273.0;0;8
37;40;nan;0.0;0.0;274.0;0.0;273.0;0;8
37;41;nan;0.0;0.0;274.0;0.0;273.0;0;8
37;42;nan;0.0;0.0;274.0;0.0;273.0;0;8
37;43;nan;0.0;0.0;274.0;0.0;273.0;0;8
37;44;nan;0.0;0.0;274.0;0.0;273.0;0;8
37;45;nan;0.0;0.0;274.0;0.0;273.0;0;8
37;46;nan;0.0;0.0;274.0;0.0;273.0;0;8
37;47;nan;0.0;0.0;274.0;0.0;273.0;0;8
37;48;nan;0.0;0.0;274.0;0.0;273.0;0;8
37;49;nan;0.0;0.0;274.0;0.0;273.0;0;8
37;50;nan;0.0;0.0;274.0;0.0;273.0;0;8
37;51;nan;0.0;0.0;274.0;0.0;273.0;0;8
37;52;nan;0.0;0.0;274.0;0.0;273.0;0;8
37;53;nan;0.0;0.0;274.0;0.0;273.0;0;8
37;54;nan;0.0;0.0;274.0;0.0;273.0;0;8
37;55;nan;0.0;0.0;274.0;0.0;273.0;0;8
37;56;nan;0.0;0.0;274.0;0.0;273.0;0;8
37;57;nan;0.0;0.0;274.0;0.0;273.0;0;8
37;58;nan;0.0;0.0;274.0;0.0;273.0;0;8
37;59;nan;0.0;0.0;274.0;0.0;273.0;0;8
37;60;nan;0.0;0.0;274.0;0.0;273.0;0;8
37;61;nan;0.0;0.0;274.0;0.0;273.0;0;8
37;62;nan;0.0;0.0;274.0;0.0;273.0;0;8
37;63;nan;0.0;0.0;274.0;0.0;273.0;0;8
37;64;nan;0.0;0.0;274.0;0.0;273.0;0;8
37;65;nan;0.0;0.0;274.0;0.0;273.0;0;8
37;66;nan;0.0;0.0;274.0;0.0;273.0;0;8
37;67;nan;0.0;0.0;274.0;0.0;273.0;0;8
37;68;nan;0.0;0.0;274.0;0.0;273.0;0;8
37;69;6.2;63.1;131.0;336.9;0.2;273.0;0;8
37;70;12.4;30.0;72.0;305.9;0.1;273.0;0;8
37;71;8.9;42.0;92.0;314.0;0.1;273.0;0;8
37;72;9.8;38.0;95.0;311.3;0.1;273.0;0;8
37;73;24.2;14.9;44.0;289.1;0.1;273.0;0;8
37;74;44.8;7.9;18.0;280.6;0.0;273.0;0;8
37;75;39.3;9.0;24.0;281.6;0.0;273.0;0;8
37;76;100.0;2.4;7.0;275.0;0.0;273.0;0;8
37;77;nan;0.0;0.0;274.0;0.0;273.0;0;8
37;78;nan;0.0;0.0;274.0;0.0;273.0;0;8
37;79;nan;0.0;0.0;274.0;0.0;273.0;0;8
37;80;nan;0.0;0.0;274.0;0.0;273.0;0;8
37;81;nan;0.0;0.0;274.0;0.0;273.0;0;8
37;82;nan;0.0;0.0;274.0;0.0;273.0;0;8
37;83;nan;0.0;0.0;274.0;0.0;273.0;0;8
37;84;nan;0.0;0.0;274.0;0.0;273.0;0;8
37;85;nan;0.0;0.0;274.0;0.0;273.0;0;8
37;86;nan;0.0;0.0;274.0;0.0;273.0;0;8
37;87;nan;0.0;0.0;274.0;0.0;273.0;0;8
37;88;nan;0.0;0.0;274.0;0.0;273.0;0;8
37;89;nan;0.0;0.0;274.0;0.0;273.0;0;8
37;90;nan;0.0;0.0;274.0;0.0;273.0;0;8
37;91;nan;0.0;0.0;274.0;0.0;273.0;0;8
37;92;nan;0.0;0.0;274.0;0.0;273.0;0;8
37;93;nan;0.0;0.0;274.0;0.0;273.0;0;8
37;94;nan;0.0;0.0;274.0;0.0;273.0;0;8
37;95;nan;0.0;0.0;274.0;0.0;273.0;0;8
37;96;nan;0.0;0.0;274.0;0.0;273.0;0;8
37;97;nan;0.0;0.0;274.0;0.0;273.0;0;8
37;98;nan;0.0;0.0;274.0;0.0;273.0;0;8
37;99;nan;0.0;0.0;274.0;0.0;273.0;0;8
37;100;nan;0.0;0.0;274.0;0.0;273.0;0;8
37;101;nan;0.0;0.0;274.0;0.0;273.0;0;8
37;102;nan;0.0;0.0;274.0;0.0;273.0;0;8
37;103;nan;0.0;0.0;274.0;0.0;273.0;0;8
37;104;100.0;0.3;1.0;273.9;0.0;273.0;0;8
37;105;nan;0.0;0.0;274.0;0.0;273.0;0;8
37;106;nan;0.0;0.0;274.0;0.0;273.0;0;8
37;107;nan;0.0;0.0;274.0;0.0;273.0;0;8
37;108;nan;0.0;0.0;274.0;0.0;273.0;0;8
37;109;nan;0.0;0.0;274.0;0.0;273.0;0;8
37;110;nan;0.0;0.0;274.0;0.0;273.0;0;8
37;111;nan;0.0;0.0;274.0;0.0;273.0;0;8
37;112;nan;0.0;0.0;274.0;0.0;273.0;0;8
37;113;nan;0.0;0.0;274.0;0.0;273.0;0;8
37;114;nan;0.0;0.0;274.0;0.0;273.0;0;8
37;115;nan;0.0;0.0;274.0;0.0;273.0;0;8
37;116;nan;0.0;0.0;274.0;0.0;273.0;0;8
37;117;nan;0.0;0.0;274.0;0.0;273.0;0;8
37;118;nan;0.0;0.0;274.0;0.0;273.0;0;8
37;119;nan;0.0;0.0;274.0;0.0;273.0;0;8
37;120;9.1;40.3;109.0;307.0;0.1;273.0;0;8
37;121;30.6;11.6;27.0;282.9;0.0;273.0;0;8
37;122;100.0;1.7;5.0;274.7;0.0;273.0;0;8
37;123;nan;0.0;0.0;274.0;0.0;273.0;0;8
37;124;nan;0.0;0.0;274.0;0.0;273.0;0;8
37;125;nan;0.0;0.0;274.0;0.0;273.0;0;8
37;126;nan;0.0;0.0;274.0;0.0;273.0;0;8
37;127;nan;0.0;0.0;274.0;0.0;273.0;0;8
37;128;nan;0.0;0.0;274.0;0.0;273.0;0;8
37;129;nan;0.0;0.0;274.0;0.0;273.0;0;8
37;130;nan;0.0;0.0;274.0;0.0;273.0;0;8
37;131;nan;0.0;0.0;274.0;0.0;273.0;0;8
37;132;nan;0.0;0.0;274.0;0.0;273.0;0;8
37;133;nan;0.0;0.0;274.0;0.0;273.0;0;8
37;134;nan;0.0;0.0;274.0;0.0;273.0;0;8
37;135;nan;0.0;0.0;274.0;0.0;273.0;0;8
37;136;nan;0.0;0.0;274.0;0.0;273.0;0;8
37;137;nan;0.0;0.0;274.0;0.0;273.0;0;8
37;138;nan;0.0;0.0;274.0;0.0;273.0;0;8
37;139;nan;0.0;0.0;274.0;0.0;273.0;0;8
37;140;nan;0.0;0.0;274.0;0.0;273.0;0;8
37;141;nan;0.0;0.0;274.0;0.0;273.0;0;8
37;142;nan;0.0;0.0;274.0;0.0;273.0;0;8
37;143;nan;0.0;0.0;274.0;0.0;273.0;0;8
37;144;nan;0.0;0.0;274.0;0.0;273.0;0;8
37;145;nan;0.0;0.0;274.0;0.0;273.0;0;8
37;146;nan;0.0;0.0;274.0;0.0;273.0;0;8
37;147;nan;0.0;0.0;274.0;0.0;273.0;0;8
37;148;nan;0.0;0.0;274.0;0.0;273.0;0;8
37;149;nan;0.0;0.0;274.0;0.0;273.0;0;8
38;0;5.7;83.7;193.0;410.7;0.2;275.0;1;1
38;1;7.4;61.3;143.0;385.0;0.2;275.0;0;1
38;2;6.8;68.6;165.0;395.1;0.2;275.0;0;1
38;3;6.1;76.5;181.0;401.4;0.2;275.0;0;1
38;4;6.6;69.4;162.0;390.6;0.2;275.0;0;1
38;5;6.3;72.9;175.0;394.0;0.2;275.0;1;2
38;6;6.8;66.4;159.0;386.7;0.2;275.0;0;2
38;7;7.0;64.6;150.0;384.3;0.2;275.0;0;2
38;8;6.4;70.5;174.0;388.4;0.2;275.0;0;2
38;9;7.1;63.2;148.0;381.3;0.2;275.0;0;2
38;10;7.4;60.9;148.0;381.3;0.2;275.0;0;2
38;11;7.5;59.3;139.0;376.1;0.2;275.0;0;2
38;12;8.2;52.0;125.0;358.7;0.1;275.0;0;2
38;13;9.7;43.5;108.0;351.1;0.1;275.0;0;2
38;14;7.9;54.3;134.0;363.6;0.1;275.0;0;2
38;15;8.2;52.4;122.0;363.3;0.1;275.0;0;2
38;16;12.0;33.9;84.0;333.6;0.1;275.0;0;2
38;17;9.1;46.3;119.0;351.7;0.1;275.0;0;2
38;18;10.9;37.8;91.0;340.3;0.1;275.0;0;2
38;19;10.8;38.2;107.0;340.1;0.1;275.0;0;2
38;20;13.9;27.5;64.0;312.7;0.1;275.0;0;2
38;21;21.1;17.7;51.0;301.4;0.1;275.0;0;2
38;22;11.5;33.7;80.0;319.7;0.1;275.0;0;2
38;23;16.0;23.2;56.0;301.6;0.1;271.0;1;3
38;24;31.9;11.4;30.0;290.7;0.0;271.0;0;3
38;25;40.0;9.0;24.0;286.0;0.0;271.0;0;3
38;26;57.0;6.3;17.0;282.4;0.0;271.0;0;3
38;27;73.0;4.9;16.0;281.3;0.0;271.0;0;3
38;28;84.3;4.2;13.0;279.0;0.0;271.0;0;3
38;29;100.0;3.1;9.0;278.4;0.0;271.0;0;3
38;30;100.0;0.5;1.0;279.6;0.0;271.0;0;3
38;31;88.8;4.0;9.0;276.4;0.0;271.0;0;3
38;32;99.8;3.5;8.0;276.1;0.0;271.0;0;3
38;33;88.6;4.0;8.0;275.6;0.0;271.0;0;3
38;34;29.6;12.0;29.0;284.3;0.0;271.0;0;3
38;35;nan;0.0;0.0;271.0;0.0;271.0;0;3
38;36;nan;0.0;0.0;271.0;0.0;271.0;0;3
38;37;nan;0.0;0.0;271.0;0.0;271.0;0;3
38;38;nan;0.0;0.0;271.0;0.0;271.0;0;3
38;39;nan;0.0;0.0;271.0;0.0;271.0;0;3
38;40;nan;0.0;0.0;271.0;0.0;271.0;0;3
38;41;nan;0.0;0.0;271.0;0.0;271.0;0;3
38;42;nan;0.0;0.0;271.0;0.0;271.0;0;3
38;43;nan;0.0;0.0;271.0;0.0;271.0;0;3
38;44;nan;0.0;0.0;271.0;0.0;271.0;0;3
38;45;nan;0.0;0.0;271.0;0.0;271.0;0;3
38;46;nan;0.0;0.0;271.0;0.0;271.0;0;3
38;47;nan;0.0;0.0;271.0;0.0;271.0;0;3
38;48;nan;0.0;0.0;271.0;0.0;271.0;0;3
38;49;nan;0.0;0.0;271.0;0.0;271.0;0;3
38;50;nan;0.0;0.0;271.0;0.0;271.0;0;3
38;51;nan;0.0;0.0;271.0;0.0;271.0;0;3
38;52;nan;0.0;0.0;271.0;0.0;271.0;0;3
38;53;nan;0.0;0.0;271.0;0.0;271.0;0;3
38;54;nan;0.0;0.0;271.0;0.0;271.0;0;3
38;55;nan;0.0;0.0;271.0;0.0;271.0;0;3
38;56;nan;0.0;0.0;271.0;0.0;271.0;0;3
38;57;nan;0.0;0.0;271.0;0.0;271.0;0;3
38;58;nan;0.0;0.0;271.0;0.0;271.0;0;3
38;59;nan;0.0;0.0;271.0;0.0;271.0;0;3
38;60;nan;0.0;0.0;271.0;0.0;271.0;0;3
38;61;nan;0.0;0.0;271.0;0.0;271.0;0;3
38;62;nan;0.0;0.0;271.0;0.0;271.0;0;3
38;63;nan;0.0;0.0;271.0;0.0;271.0;0;3
38;64;nan;0.0;0.0;271.0;0.0;271.0;0;3
38;65;nan;0.0;0.0;271.0;0.0;271.0;0;3
38;66;nan;0.0;0.0;271.0;0.0;271.0;0;3
38;67;nan;0.0;0.0;271.0;0.0;271.0;0;3
38;68;nan;0.0;0.0;271.0;0.0;271.0;0;3
38;69;6.9;54.8;122.0;323.6;0.2;271.0;0;3
38;70;9.3;40.5;89.0;312.7;0.1;271.0;0;3
38;71;10.9;33.5;77.0;302.0;0.1;271.0;0;3
38;72;22.9;15.7;40.0;290.0;0.1;271.0;0;3
38;73;19.5;18.7;47.0;294.3;0.1;271.0;0;3
38;74;20.2;17.6;39.0;286.7;0.1;271.0;0;3
38;75;38.2;9.2;21.0;279.9;0.0;271.0;0;3
38;76;34.3;10.2;22.0;279.9;0.0;271.0;0;3
38;77;100.0;3.4;8.0;273.1;0.0;271.0;0;3
38;78;nan;0.0;0.0;271.0;0.0;271.0;0;3
38;79;nan;0.0;0.0;271.0;0.0;271.0;0;3
38;80;nan;0.0;0.0;271.0;0.0;271.0;0;3
38;81;nan;0.0;0.0;271.0;0.0;271.0;0;3
38;82;nan;0.0;0.0;271.0;0.0;271.0;0;3
38;83;nan;0.0;0.0;271.0;0.0;271.0;0;3
38;84;nan;0.0;0.0;271.0;0.0;271.0;0;3
38;85;nan;0.0;0.0;271.0;0.0;271.0;0;3
38;86;nan;0.0;0.0;271.0;0.0;271.0;0;3
38;87;nan;0.0;0.0;271.0;0.0;271.0;0;3
38;88;nan;0.0;0.0;271.0;0.0;271.0;0;3
38;89;nan;0.0;0.0;271.0;0.0;271.0;0;3
38;90;nan;0.0;0.0;271.0;0.0;271.0;0;3
38;91;nan;0.0;0.0;271.0;0.0;271.0;0;3
38;92;nan;0.0;0.0;271.0;0.0;271.0;0;3
38;93;nan;0.0;0.0;271.0;0.0;271.0;0;3
38;94;nan;0.0;0.0;271.0;0.0;271.0;0;3
38;95;nan;0.0;0.0;271.0;0.0;271.0;0;3
38;96;nan;0.0;0.0;271.0;0.0;271.0;0;3
38;97;nan;0.0;0.0;271.0;0.0;271.0;0;3
38;98;nan;0.0;0.0;271.0;0.0;271.0;0;3
38;99;nan;0.0;0.0;271.0;0.0;271.0;0;3
38;100;nan;0.0;0.0;271.0;0.0;271.0;0;3
38;101;nan;0.0;0.0;271.0;0.0;271.0;0;3
38;102;nan;0.0;0.0;271.0;0.0;271.0;0;3
38;103;nan;0.0;0.0;271.0;0.0;271.0;0;3
38;104;nan;0.0;0.0;271.0;0.0;271.0;0;3
38;105;nan;0.0;0.0;271.0;0.0;271.0;0;3
38;106;nan;0.0;0.0;271.0;0.0;271.0;0;3
38;107;nan;0.0;0.0;271.0;0.0;271.0;0;3
38;108;nan;0.0;0.0;271.0;0.0;271.0;0;3
38;109;nan;0.0;0.0;271.0;0.0;271.0;0;3
38;110;nan;0.0;0.0;271.0;0.0;271.0;0;3
38;111;nan;0.0;0.0;271.0;0.0;271.0;0;3
38;112;nan;0.0;0.0;271.0;0.0;271.0;0;3
38;113;nan;0.0;0.0;271.0;0.0;271.0;0;3
38;114;10.0;36.6;84.0;303.4;0.1;271.0;0;3
38;115;19.2;18.3;53.0;284.9;0.1;271.0;0;3
38;116;88.3;3.9;9.0;273.9;0.0;271.0;0;3
38;117;100.0;2.8;8.0;272.1;0.0;271.0;0;3
38;118;nan;0.0;0.0;271.0;0.0;271.0;0;3
38;119;100.0;3.2;9.0;272.9;0.0;271.0;0;3
38;120;nan;0.0;0.0;271.0;0.0;271.0;0;3
38;121;nan;0.0;0.0;271.0;0.0;271.0;0;3
38;122;nan;0.0;0.0;271.0;0.0;271.0;0;3
38;123;nan;0.0;0.0;271.0;0.0;271.0;0;3
38;124;nan;0.0;0.0;271.0;0.0;271.0;0;3
38;125;nan;0.0;0.0;271.0;0.0;271.0;0;3
38;126;nan;0.0;0.0;271.0;0.0;271.0;0;3
38;127;nan;0.0;0.0;271.0;0.0;271.0;0;3
38;128;nan;0.0;0.0;271.0;0.0;271.0;0;3
38;129;nan;0.0;0.0;271.0;0.0;271.0;0;3
38;130;nan;0.0;0.0;271.0;0.0;271.0;0;3
38;131;nan;0.0;0.0;271.0;0.0;271.0;0;3
38;132;nan;0.0;0.0;271.0;0.0;271.0;0;3
38;133;nan;0.0;0.0;271.0;0.0;271.0;0;3
38;134;nan;0.0;0.0;271.0;0.0;271.0;0;3
38;135;nan;0.0;0.0;271.0;0.0;271.0;0;3
38;136;nan;0.0;0.0;271.0;0.0;271.0;0;3
38;137;nan;0.0;0.0;271.0;0.0;271.0;0;3
38;138;nan;0.0;0.0;271.0;0.0;271.0;0;3
38;139;nan;0.0;0.0;271.0;0.0;271.0;0;3
38;140;nan;0.0;0.0;271.0;0.0;271.0;0;3
38;141;nan;0.0;0.0;271.0;0.0;271.0;0;3
38;142;nan;0.0;0.0;271.0;0.0;271.0;0;3
38;143;nan;0.0;0.0;271.0;0.0;271.0;0;3
38;144;nan;0.0;0.0;271.0;0.0;271.0;0;3
38;145;nan;0.0;0.0;271.0;0.0;271.0;0;3
38;146;nan;0.0;0.0;271.0;0.0;271.0;0;3
38;147;nan;0.0;0.0;271.0;0.0;271.0;0;3
38;148;nan;0.0;0.0;271.0;0.0;271.0;0;3
38;149;nan;0.0;0.0;271.0;0.0;271.0;0;3
39;0;6.6;70.3;164.0;394.9;0.2;284.0;1;1
39;1;6.4;72.3;175.0;396.0;0.2;282.0;1;2
39;2;6.3;73.3;174.0;398.0;0.2;277.0;1;3
39;3;6.8;67.3;171.0;389.6;0.2;277.0;0;3
39;4;6.8;67.1;159.0;387.7;0.2;277.0;0;3
39;5;7.0;64.3;164.0;381.7;0.2;274.0;1;4
39;6;6.8;65.7;158.0;380.6;0.2;274.0;0;4
39;7;6.2;74.1;176.0;391.7;0.2;274.0;0;4
39;8;7.6;59.8;141.0;382.1;0.2;274.0;0;4
39;9;7.4;59.4;138.0;374.7;0.2;274.0;0;4
39;10;8.4;50.2;122.0;354.3;0.1;274.0;0;4
39;11;7.7;57.2;140.0;373.0;0.2;274.0;0;4
39;12;8.9;46.9;118.0;350.6;0.1;274.0;0;4
39;13;7.5;57.2;141.0;364.4;0.2;274.0;0;4
39;14;7.5;58.4;143.0;369.0;0.2;274.0;0;4
39;15;12.7;31.0;89.0;323.1;0.1;274.0;0;4
39;16;11.3;36.1;94.0;336.1;0.1;274.0;0;4
39;17;9.2;44.9;112.0;346.6;0.1;274.0;0;4
39;18;10.4;38.4;101.0;332.1;0.1;271.0;1;5
39;19;11.1;37.0;88.0;340.7;0.1;271.0;0;5
39;20;14.5;26.1;72.0;309.0;0.1;271.0;0;5
39;21;12.9;29.3;65.0;310.0;0.1;271.0;0;5
39;22;15.0;24.2;61.0;296.3;0.1;271.0;0;5
39;23;26.0;14.0;35.0;292.1;0.0;271.0;0;5
39;24;37.6;9.7;26.0;289.7;0.0;271.0;0;5
39;25;41.8;8.7;23.0;287.0;0.0;271.0;0;5
39;26;44.6;8.1;21.0;287.3;0.0;271.0;0;5
39;27;49.3;7.3;19.0;284.4;0.0;271.0;0;5
39;28;42.4;8.5;19.0;284.6;0.0;271.0;0;5
39;29;38.9;9.3;20.0;286.0;0.0;271.0;0;5
39;30;35.6;10.1;21.0;285.3;0.0;271.0;0;5
39;31;100.0;2.1;6.0;271.9;0.0;271.0;0;5
39;32;nan;0.0;0.0;271.0;0.0;271.0;0;5
39;33;nan;0.0;0.0;271.0;0.0;271.0;0;5
39;34;nan;0.0;0.0;271.0;0.0;271.0;0;5
39;35;nan;0.0;0.0;271.0;0.0;271.0;0;5
39;36;nan;0.0;0.0;271.0;0.0;271.0;0;5
39;37;nan;0.0;0.0;271.0;0.0;271.0;0;5
39;38;nan;0.0;0.0;271.0;0.0;271.0;0;5
39;39;nan;0.0;0.0;271.0;0.0;271.0;0;5
39;40;nan;0.0;0.0;271.0;0.0;271.0;0;5
39;41;nan;0.0;0.0;271.0;0.0;271.0;0;5
39;42;nan;0.0;0.0;271.0;0.0;271.0;0;5
39;43;nan;0.0;0.0;271.0;0.0;271.0;0;5
39;44;nan;0.0;0.0;271.0;0.0;271.0;0;5
39;45;nan;0.0;0.0;271.0;0.0;271.0;0;5
39;46;nan;0.0;0.0;271.0;0.0;271.0;0;5
39;47;nan;0.0;0.0;271.0;0.0;271.0;0;5
39;48;nan;0.0;0.0;271.0;0.0;271.0;0;5
39;49;nan;0.0;0.0;271.0;0.0;271.0;0;5
39;50;nan;0.0;0.0;271.0;0.0;271.0;0;5
39;51;nan;0.0;0.0;271.0;0.0;271.0;0;5
39;52;nan;0.0;0.0;271.0;0.0;271.0;0;5
39;53;nan;0.0;0.0;271.0;0.0;271.0;0;5
39;54;nan;0.0;0.0;271.0;0.0;271.0;0;5
39;55;nan;0.0;0.0;271.0;0.0;271.0;0;5
39;56;nan;0.0;0.0;271.0;0.0;271.0;0;5
39;57;nan;0.0;0.0;271.0;0.0;271.0;0;5
39;58;nan;0.0;0.0;271.0;0.0;271.0;0;5
39;59;nan;0.0;0.0;271.0;0.0;271.0;0;5
39;60;nan;0.0;0.0;271.0;0.0;271.0;0;5
39;61;nan;0.0;0.0;271.0;0.0;271.0;0;5
39;62;nan;0.0;0.0;271.0;0.0;271.0;0;5
39;63;nan;0.0;0.0;271.0;0.0;271.0;0;5
39;64;8.0;47.7;105.0;321.1;0.1;271.0;0;5
39;65;9.6;39.3;100.0;312.7;0.1;271.0;0;5
39;66;17.5;20.7;56.0;294.1;0.1;271.0;0;5
39;67;12.4;29.5;67.0;302.1;0.1;271.0;0;5
39;68;9.5;38.7;86.0;305.3;0.1;271.0;0;5
39;69;18.6;19.2;46.0;289.3;0.1;271.0;0;5
39;70;26.6;13.3;30.0;282.4;0.0;271.0;0;5
39;71;74.9;4.7;13.0;274.4;0.0;271.0;0;5
39;72;nan;0.0;0.0;271.0;0.0;271.0;0;5
39;73;nan;0.0;0.0;271.0;0.0;271.0;0;5
39;74;nan;0.0;0.0;271.0;0.0;271.0;0;5
39;75;nan;0.0;0.0;271.0;0.0;271.0;0;5
39;76;nan;0.0;0.0;271.0;0.0;271.0;0;5
39;77;nan;0.0;0.0;271.0;0.0;271.0;0;5
39;78;nan;0.0;0.0;271.0;0.0;271.0;0;5
39;79;nan;0.0;0.0;271.0;0.0;271.0;0;5
39;80;nan;0.0;0.0;271.0;0.0;271.0;0;5
39;81;nan;0.0;0.0;271.0;0.0;271.0;0;5
39;82;nan;0.0;0.0;271.0;0.0;271.0;0;5
39;83;nan;0.0;0.0;271.0;0.0;271.0;0;5
39;84;nan;0.0;0.0;271.0;0.0;271.0;0;5
39;85;nan;0.0;0.0;271.0;0.0;271.0;0;5
39;86;nan;0.0;0.0;271.0;0.0;271.0;0;5
39;87;nan;0.0;0.0;271.0;0.0;271.0;0;5
39;88;nan;0.0;0.0;271.0;0.0;271.0;0;5
39;89;nan;0.0;0.0;271.0;0.0;271.0;0;5
39;90;nan;0.0;0.0;271.0;0.0;271.0;0;5
39;91;nan;0.0;0.0;271.0;0.0;271.0;0;5
39;92;nan;0.0;0.0;271.0;0.0;271.0;0;5
39;93;nan;0.0;0.0;271.0;0.0;271.0;0;5
39;94;nan;0.0;0.0;271.0;0.0;271.0;0;5
39;95;nan;0.0;0.0;271.0;0.0;271.0;0;5
39;96;nan;0.0;0.0;271.0;0.0;271.0;0;5
39;97;nan;0.0;0.0;271.0;0.0;271.0;0;5
39;98;nan;0.0;0.0;271.0;0.0;271.0;0;5
39;99;nan;0.0;0.0;271.0;0.0;271.0;0;5
39;100;nan;0.0;0.0;271.0;0.0;271.0;0;5
39;101;nan;0.0;0.0;271.0;0.0;271.0;0;5
39;102;nan;0.0;0.0;271.0;0.0;271.0;0;5
39;103;nan;0.0;0.0;271.0;0.0;271.0;0;5
39;104;nan;0.0;0.0;271.0;0.0;271.0;0;5
39;105;nan;0.0;0.0;271.0;0.0;271.0;0;5
39;106;nan;0.0;0.0;271.0;0.0;271.0;0;5
39;107;nan;0.0;0.0;271.0;0.0;271.0;0;5
39;108;nan;0.0;0.0;271.0;0.0;271.0;0;5
39;109;12.4;28.9;73.0;294.6;0.1;271.0;0;5
39;110;41.2;8.5;21.0;276.3;0.0;271.0;0;5
39;111;17.3;20.4;48.0;287.1;0.1;271.0;0;5
39;112;27.9;12.5;30.0;278.9;0.0;271.0;0;5
39;113;23.5;14.9;37.0;280.3;0.1;271.0;0;5
39;114;nan;0.0;0.0;271.0;0.0;271.0;0;5
39;115;nan;0.0;0.0;271.0;0.0;271.0;0;5
39;116;nan;0.0;0.0;271.0;0.0;271.0;0;5
39;117;nan;0.0;0.0;271.0;0.0;271.0;0;5
39;118;nan;0.0;0.0;271.0;0.0;271.0;0;5
39;119;nan;0.0;0.0;271.0;0.0;271.0;0;5
39;120;nan;0.0;0.0;271.0;0.0;271.0;0;5
39;121;nan;0.0;0.0;271.0;0.0;271.0;0;5
39;122;nan;0.0;0.0;271.0;0.0;271.0;0;5
39;123;nan;0.0;0.0;271.0;0.0;271.0;0;5
39;124;nan;0.0;0.0;271.0;0.0;271.0;0;5
39;125;nan;0.0;0.0;271.0;0.0;271.0;0;5
39;126;nan;0.0;0.0;271.0;0.0;271.0;0;5
39;127;nan;0.0;0.0;271.0;0.0;271.0;0;5
39;128;nan;0.0;0.0;271.0;0.0;271.0;0;5
39;129;nan;0.0;0.0;271.0;0.0;271.0;0;5
39;130;nan;0.0;0.0;271.0;0.0;271.0;0;5
39;131;nan;0.0;0.0;271.0;0.0;271.0;0;5
39;132;nan;0.0;0.0;271.0;0.0;271.0;0;5
39;133;nan;0.0;0.0;271.0;0.0;271.0;0;5
39;134;nan;0.0;0.0;271.0;0.0;271.0;0;5
39;135;nan;0.0;0.0;271.0;0.0;271.0;0;5
39;136;nan;0.0;0.0;271.0;0.0;271.0;0;5
39;137;nan;0.0;0.0;271.0;0.0;271.0;0;5
39;138;nan;0.0;0.0;271.0;0.0;271.0;0;5
39;139;nan;0.0;0.0;271.0;0.0;271.0;0;5
39;140;nan;0.0;0.0;271.0;0.0;271.0;0;5
39;141;nan;0.0;0.0;271.0;0.0;271.0;0;5
39;142;nan;0.0;0.0;271.0;0.0;271.0;0;5
39;143;nan;0.0;0.0;271.0;0.0;271.0;0;5
39;144;nan;0.0;0.0;271.0;0.0;271.0;0;5
39;145;nan;0.0;0.0;271.0;0.0;271.0;0;5
39;146;nan;0.0;0.0;271.0;0.0;271.0;0;5
39;147;nan;0.0;0.0;271.0;0.0;271.0;0;5
39;148;nan;0.0;0.0;271.0;0.0;271.0;0;5
39;149;nan;0.0;0.0;271.0;0.0;271.0;0;5
40;0;6.7;69.8;165.0;397.9;0.2;284.0;1;1
40;1;6.7;69.5;168.0;395.7;0.2;282.0;1;2
40;2;5.9;79.1;191.0;402.3;0.2;274.0;1;3
40;3;5.9;79.5;184.0;406.1;0.2;274.0;0;3
40;4;6.1;76.3;196.0;400.6;0.2;274.0;0;3
40;5;7.4;59.2;146.0;371.0;0.2;274.0;0;3
40;6;6.5;71.0;166.0;394.1;0.2;274.0;0;3
40;7;7.2;62.5;150.0;381.1;0.2;274.0;0;3
40;8;7.3;61.0;154.0;376.7;0.2;274.0;0;3
40;9;7.7;59.0;150.0;384.1;0.2;274.0;0;3
40;10;7.0;64.2;150.0;382.0;0.2;274.0;0;3
40;11;8.6;50.4;122.0;361.9;0.1;274.0;0;3
40;12;8.6;50.5;132.0;362.4;0.1;274.0;0;3
40;13;8.0;54.8;127.0;368.3;0.1;274.0;0;3
40;14;12.1;33.9;80.0;336.4;0.1;274.0;0;3
40;15;9.9;42.5;103.0;349.4;0.1;274.0;0;3
40;16;9.7;41.5;113.0;334.4;0.1;271.0;1;4
40;17;10.7;38.8;91.0;344.6;0.1;271.0;0;4
40;18;10.4;39.8;103.0;343.6;0.1;271.0;0;4
40;19;14.5;27.3;70.0;323.4;0.1;271.0;0;4
40;20;11.3;34.4;78.0;321.6;0.1;271.0;0;4
40;21;14.6;26.2;56.0;312.9;0.1;271.0;0;4
40;22;11.2;34.3;78.0;317.4;0.1;271.0;0;4
40;23;18.8;19.9;48.0;302.6;0.1;271.0;0;4
40;24;21.0;17.6;49.0;298.1;0.1;271.0;0;4
40;25;23.3;15.7;43.0;293.4;0.1;271.0;0;4
40;26;43.4;8.3;25.0;286.0;0.0;271.0;0;4
40;27;100.0;3.4;9.0;283.3;0.0;271.0;0;4
40;28;100.0;2.6;6.0;282.6;0.0;271.0;0;4
40;29;100.0;3.1;7.0;282.4;0.0;271.0;0;4
40;30;100.0;2.5;5.0;281.9;0.0;271.0;0;4
40;31;100.0;2.5;5.0;281.9;0.0;271.0;0;4
40;32;100.0;2.5;5.0;281.9;0.0;271.0;0;4
40;33;100.0;2.5;5.0;281.9;0.0;271.0;0;4
40;34;100.0;2.5;5.0;281.9;0.0;271.0;0;4
40;35;100.0;2.5;5.0;281.9;0.0;271.0;0;4
40;36;100.0;2.5;5.0;281.9;0.0;271.0;0;4
40;37;100.0;2.5;5.0;281.9;0.0;271.0;0;4
40;38;100.0;2.5;5.0;281.9;0.0;271.0;0;4
40;39;100.0;2.5;5.0;281.9;0.0;271.0;0;4
40;40;100.0;2.5;5.0;281.9;0.0;271.0;0;4
40;41;100.0;2.5;5.0;281.9;0.0;271.0;0;4
40;42;100.0;2.5;5.0;281.9;0.0;271.0;0;4
40;43;100.0;2.5;5.0;281.9;0.0;271.0;0;4
40;44;100.0;2.5;5.0;281.9;0.0;271.0;0;4
40;45;100.0;2.5;5.0;281.1;0.0;271.0;0;4
40;46;84.7;4.2;11.0;279.7;0.0;271.0;0;4
40;47;100.0;2.5;5.0;281.9;0.0;271.0;0;4
40;48;100.0;2.5;5.0;281.9;0.0;271.0;0;4
40;49;100.0;2.5;5.0;281.9;0.0;271.0;0;4
40;50;100.0;2.5;5.0;281.9;0.0;271.0;0;4
40;51;100.0;2.5;5.0;281.9;0.0;271.0;0;4
40;52;100.0;2.5;5.0;281.9;0.0;271.0;0;4
40;53;100.0;2.5;5.0;281.9;0.0;271.0;0;4
40;54;100.0;2.5;5.0;281.9;0.0;271.0;0;4
40;55;100.0;2.5;5.0;281.9;0.0;271.0;0;4
40;56;100.0;2.5;5.0;281.9;0.0;271.0;0;4
40;57;100.0;2.5;5.0;281.9;0.0;271.0;0;4
40;58;100.0;2.5;5.0;281.1;0.0;271.0;0;4
40;59;100.0;2.5;5.0;281.1;0.0;271.0;0;4
40;60;100.0;2.5;5.0;281.1;0.0;271.0;0;4
40;61;100.0;2.5;5.0;281.1;0.0;271.0;0;4
40;62;7.3;52.9;119.0;326.6;0.2;271.0;0;4
40;63;8.3;46.0;102.0;319.4;0.1;271.0;0;4
40;64;7.6;50.5;108.0;323.6;0.2;271.0;0;4
40;65;14.1;26.3;59.0;304.4;0.1;271.0;0;4
40;66;9.4;39.9;88.0;312.7;0.1;271.0;0;4
40;67;10.4;36.0;84.0;310.7;0.1;271.0;0;4
40;68;17.6;20.6;48.0;293.9;0.1;271.0;0;4
40;69;56.4;6.4;19.0;284.6;0.0;271.0;0;4
40;70;69.2;5.2;12.0;282.4;0.0;271.0;0;4
40;71;100.0;3.5;9.0;283.6;0.0;271.0;0;4
40;72;90.8;4.0;10.0;283.0;0.0;271.0;0;4
40;73;90.0;4.0;11.0;282.3;0.0;271.0;0;4
40;74;64.5;5.5;13.0;280.7;0.0;271.0;0;4
40;75;100.0;3.4;10.0;282.9;0.0;271.0;0;4
40;76;90.2;4.0;11.0;282.1;0.0;271.0;0;4
40;77;90.2;4.0;11.0;282.1;0.0;271.0;0;4
40;78;91.8;3.9;11.0;282.7;0.0;271.0;0;4
40;79;69.1;5.2;13.0;283.3;0.0;271.0;0;4
40;80;71.9;4.9;10.0;280.3;0.0;271.0;0;4
40;81;82.0;4.4;10.0;281.1;0.0;271.0;0;4
40;82;36.6;9.8;25.0;285.4;0.0;271.0;0;4
40;83;76.2;4.7;10.0;280.7;0.0;271.0;0;4
40;84;100.0;3.1;10.0;280.7;0.0;271.0;0;4
40;85;100.0;3.2;7.0;279.4;0.0;271.0;0;4
40;86;100.0;2.0;4.0;280.7;0.0;271.0;0;4
40;87;100.0;2.0;4.0;280.7;0.0;271.0;0;4
40;88;100.0;2.8;7.0;281.3;0.0;271.0;0;4
40;89;100.0;3.5;7.0;282.0;0.0;271.0;0;4
40;90;100.0;2.8;8.0;281.0;0.0;271.0;0;4
40;91;82.0;4.4;10.0;281.1;0.0;271.0;0;4
40;92;99.6;3.6;8.0;281.9;0.0;271.0;0;4
40;93;100.0;2.6;7.0;281.1;0.0;271.0;0;4
40;94;82.0;4.4;10.0;281.1;0.0;271.0;0;4
40;95;91.2;3.9;10.0;280.1;0.0;271.0;0;4
40;96;100.0;3.2;7.0;281.0;0.0;271.0;0;4
40;97;99.8;3.6;10.0;280.6;0.0;271.0;0;4
40;98;85.4;4.2;10.0;279.7;0.0;271.0;0;4
40;99;100.0;3.2;7.0;281.0;0.0;271.0;0;4
40;100;99.8;3.6;10.0;280.6;0.0;271.0;0;4
40;101;81.3;4.4;10.0;279.3;0.0;271.0;0;4
40;102;100.0;1.8;4.0;280.1;0.0;271.0;0;4
40;103;100.0;3.2;7.0;281.0;0.0;271.0;0;4
40;104;100.0;3.3;8.0;280.9;0.0;271.0;0;4
40;105;85.4;4.2;10.0;279.7;0.0;271.0;0;4
40;106;100.0;1.8;4.0;280.1;0.0;271.0;0;4
40;107;16.1;22.2;59.0;291.0;0.1;271.0;0;4
40;108;22.2;16.0;40.0;286.0;0.1;271.0;0;4
40;109;11.5;30.8;90.0;293.4;0.1;271.0;0;4
40;110;11.1;32.7;80.0;299.4;0.1;271.0;0;4
40;111;31.2;11.5;33.0;285.0;0.0;271.0;0;4
40;112;82.2;4.3;11.0;280.4;0.0;271.0;0;4
40;113;89.0;4.0;11.0;280.9;0.0;271.0;0;4
40;114;77.4;4.6;11.0;280.0;0.0;271.0;0;4
40;115;100.0;1.8;4.0;280.1;0.0;271.0;0;4
40;116;77.4;4.6;11.0;280.0;0.0;271.0;0;4
40;117;100.0;2.3;5.0;280.4;0.0;271.0;0;4
40;118;100.0;2.3;5.0;280.4;0.0;271.0;0;4
40;119;100.0;2.3;5.0;280.4;0.0;271.0;0;4
40;120;100.0;2.3;5.0;280.4;0.0;271.0;0;4
40;121;100.0;2.3;5.0;280.4;0.0;271.0;0;4
40;122;100.0;2.2;5.0;280.6;0.0;271.0;0;4
40;123;100.0;2.3;5.0;280.4;0.0;271.0;0;4
40;124;100.0;2.3;5.0;280.4;0.0;271.0;0;4
40;125;100.0;2.3;5.0;280.4;0.0;271.0;0;4
40;126;100.0;2.3;5.0;280.4;0.0;271.0;0;4
40;127;100.0;2.3;5.0;280.4;0.0;271.0;0;4
40;128;100.0;2.3;5.0;280.4;0.0;271.0;0;4
40;129;100.0;1.7;5.0;279.7;0.0;271.0;0;4
40;130;100.0;1.7;5.0;279.7;0.0;271.0;0;4
40;131;100.0;1.7;5.0;279.7;0.0;271.0;0;4
40;132;100.0;1.7;5.0;279.7;0.0;271.0;0;4
40;133;100.0;1.7;5.0;279.7;0.0;271.0;0;4
40;134;100.0;1.7;5.0;279.7;0.0;271.0;0;4
40;135;100.0;1.7;5.0;279.7;0.0;271.0;0;4
40;136;100.0;1.7;5.0;279.7;0.0;271.0;0;4
40;137;100.0;1.7;5.0;279.7;0.0;271.0;0;4
40;138;100.0;1.7;5.0;279.7;0.0;271.0;0;4
40;139;100.0;1.7;5.0;279.7;0.0;271.0;0;4
40;140;100.0;1.7;5.0;279.7;0.0;271.0;0;4
40;141;100.0;1.7;5.0;279.7;0.0;271.0;0;4
40;142;100.0;1.7;5.0;279.7;0.0;271.0;0;4
40;143;100.0;1.7;5.0;279.7;0.0;271.0;0;4
40;144;100.0;1.7;5.0;279.7;0.0;271.0;0;4
40;145;100.0;1.7;5.0;279.7;0.0;271.0;0;4
40;146;100.0;1.7;5.0;279.7;0.0;271.0;0;4
40;147;100.0;1.7;5.0;279.7;0.0;271.0;0;4
40;148;100.0;1.7;5.0;279.7;0.0;271.0;0;4
40;149;100.0;1.7;5.0;279.7;0.0;271.0;0;4
41;0;6.1;77.4;187.0;404.3;0.2;283.0;1;1
41;1;5.8;83.3;196.0;414.6;0.2;280.0;1;2
41;2;6.4;71.4;167.0;389.9;0.2;278.0;1;3
41;3;6.0;78.6;194.0;403.3;0.2;278.0;0;3
41;4;6.3;73.9;173.0;400.1;0.2;278.0;0;3
41;5;5.9;78.6;188.0;401.7;0.2;278.0;0;3
41;6;6.8;66.0;163.0;382.3;0.2;275.0;1;4
41;7;8.5;49.3;129.0;353.1;0.1;275.0;0;4
41;8;8.2;51.8;137.0;359.4;0.1;273.0;1;5
41;9;6.8;66.6;159.0;383.4;0.2;273.0;0;5
41;10;7.6;56.6;145.0;362.0;0.2;273.0;0;5
41;11;7.7;56.9;129.0;370.9;0.2;273.0;0;5
41;12;9.7;42.5;110.0;343.6;0.1;273.0;0;5
41;13;8.5;48.7;125.0;345.6;0.1;273.0;0;5
41;14;8.2;52.7;130.0;361.7;0.1;273.0;0;5
41;15;8.0;52.4;139.0;351.9;0.1;273.0;0;5
41;16;10.1;40.7;107.0;341.9;0.1;273.0;0;5
41;17;12.7;32.1;80.0;333.9;0.1;273.0;0;5
41;18;13.7;28.8;73.0;323.4;0.1;273.0;0;5
41;19;11.5;35.4;93.0;335.1;0.1;273.0;0;5
41;20;13.5;28.1;67.0;309.6;0.1;273.0;0;5
41;21;13.1;28.7;66.0;308.9;0.1;273.0;0;5
41;22;21.7;17.1;39.0;298.7;0.1;273.0;0;5
41;23;21.5;16.9;42.0;293.4;0.1;273.0;0;5
41;24;27.7;13.1;31.0;289.6;0.0;273.0;0;5
41;25;14.7;25.4;62.0;304.9;0.1;273.0;0;5
41;26;49.1;7.3;16.0;283.7;0.0;273.0;0;5
41;27;67.2;5.4;13.0;284.4;0.0;273.0;0;5
41;28;60.4;5.9;13.0;282.4;0.0;273.0;0;5
41;29;100.0;3.1;9.0;276.3;0.0;273.0;0;5
41;30;67.9;5.2;12.0;278.3;0.0;273.0;0;5
41;31;69.9;5.1;13.0;283.3;0.0;273.0;0;5
41;32;58.6;6.1;13.0;282.0;0.0;273.0;0;5
41;33;82.4;4.3;9.0;278.7;0.0;273.0;0;5
41;34;nan;0.0;0.0;275.0;0.0;273.0;0;5
41;35;nan;0.0;0.0;275.0;0.0;273.0;0;5
41;36;nan;0.0;0.0;275.0;0.0;273.0;0;5
41;37;nan;0.0;0.0;275.0;0.0;273.0;0;5
41;38;nan;0.0;0.0;275.0;0.0;273.0;0;5
41;39;nan;0.0;0.0;275.0;0.0;273.0;0;5
41;40;nan;0.0;0.0;275.0;0.0;273.0;0;5
41;41;nan;0.0;0.0;275.0;0.0;273.0;0;5
41;42;nan;0.0;0.0;275.0;0.0;273.0;0;5
41;43;nan;0.0;0.0;275.0;0.0;273.0;0;5
41;44;nan;0.0;0.0;275.0;0.0;273.0;0;5
41;45;nan;0.0;0.0;275.0;0.0;273.0;0;5
41;46;nan;0.0;0.0;275.0;0.0;273.0;0;5
41;47;nan;0.0;0.0;275.0;0.0;273.0;0;5
41;48;nan;0.0;0.0;275.0;0.0;273.0;0;5
41;49;nan;0.0;0.0;275.0;0.0;273.0;0;5
41;50;nan;0.0;0.0;275.0;0.0;273.0;0;5
41;51;nan;0.0;0.0;275.0;0.0;273.0;0;5
41;52;nan;0.0;0.0;275.0;0.0;273.0;0;5
41;53;nan;0.0;0.0;275.0;0.0;273.0;0;5
41;54;nan;0.0;0.0;275.0;0.0;273.0;0;5
41;55;nan;0.0;0.0;275.0;0.0;273.0;0;5
41;56;nan;0.0;0.0;275.0;0.0;273.0;0;5
41;57;nan;0.0;0.0;275.0;0.0;273.0;0;5
41;58;nan;0.0;0.0;275.0;0.0;273.0;0;5
41;59;nan;0.0;0.0;275.0;0.0;273.0;0;5
41;60;nan;0.0;0.0;275.0;0.0;273.0;0;5
41;61;nan;0.0;0.0;275.0;0.0;273.0;0;5
41;62;nan;0.0;0.0;275.0;0.0;273.0;0;5
41;63;nan;0.0;0.0;275.0;0.0;273.0;0;5
41;64;nan;0.0;0.0;275.0;0.0;273.0;0;5
41;65;nan;0.0;0.0;275.0;0.0;273.0;0;5
41;66;6.6;58.0;128.0;329.1;0.2;273.0;0;5
41;67;7.4;51.7;110.0;326.0;0.2;273.0;0;5
41;68;7.1;53.8;120.0;322.4;0.2;271.0;1;6
41;69;7.1;53.9;117.0;326.9;0.2;271.0;0;6
41;70;6.9;56.1;127.0;330.3;0.2;271.0;0;6
41;71;8.9;41.9;91.0;311.7;0.1;271.0;0;6
41;72;6.8;55.6;142.0;321.1;0.2;271.0;0;6
41;73;9.3;40.6;89.0;314.1;0.1;271.0;0;6
41;74;9.7;38.3;83.0;310.9;0.1;271.0;0;6
41;75;14.1;26.1;61.0;301.3;0.1;271.0;0;6
41;76;12.7;29.2;69.0;305.9;0.1;271.0;0;6
41;77;13.6;27.2;64.0;303.1;0.1;271.0;0;6
41;78;15.5;23.4;62.0;294.1;0.1;271.0;0;6
41;79;14.6;25.2;61.0;300.0;0.1;271.0;0;6
41;80;46.9;7.6;21.0;281.9;0.0;271.0;0;6
41;81;11.2;33.1;73.0;306.3;0.1;271.0;0;6
41;82;14.6;25.2;58.0;300.0;0.1;271.0;0;6
41;83;53.6;6.7;19.0;282.3;0.0;271.0;0;6
41;84;35.8;9.9;28.0;280.9;0.0;271.0;0;6
41;85;54.4;6.4;13.0;276.6;0.0;271.0;0;6
41;86;60.1;5.8;13.0;275.9;0.0;271.0;0;6
41;87;88.2;4.0;8.0;274.4;0.0;271.0;0;6
41;88;88.2;4.0;8.0;274.4;0.0;271.0;0;6
41;89;nan;0.0;0.0;271.0;0.0;271.0;0;6
41;90;nan;0.0;0.0;271.0;0.0;271.0;0;6
41;91;24.7;14.3;34.0;283.0;0.1;271.0;0;6
41;92;nan;0.0;0.0;271.0;0.0;271.0;0;6
41;93;nan;0.0;0.0;271.0;0.0;271.0;0;6
41;94;nan;0.0;0.0;271.0;0.0;271.0;0;6
41;95;nan;0.0;0.0;271.0;0.0;271.0;0;6
41;96;nan;0.0;0.0;271.0;0.0;271.0;0;6
41;97;nan;0.0;0.0;271.0;0.0;271.0;0;6
41;98;nan;0.0;0.0;271.0;0.0;271.0;0;6
41;99;nan;0.0;0.0;271.0;0.0;271.0;0;6
41;100;nan;0.0;0.0;271.0;0.0;271.0;0;6
41;101;nan;0.0;0.0;271.0;0.0;271.0;0;6
41;102;nan;0.0;0.0;271.0;0.0;271.0;0;6
41;103;nan;0.0;0.0;271.0;0.0;271.0;0;6
41;104;nan;0.0;0.0;271.0;0.0;271.0;0;6
41;105;nan;0.0;0.0;271.0;0.0;271.0;0;6
41;106;nan;0.0;0.0;271.0;0.0;271.0;0;6
41;107;nan;0.0;0.0;271.0;0.0;271.0;0;6
41;108;nan;0.0;0.0;271.0;0.0;271.0;0;6
41;109;nan;0.0;0.0;271.0;0.0;271.0;0;6
41;110;nan;0.0;0.0;271.0;0.0;271.0;0;6
41;111;nan;0.0;0.0;271.0;0.0;271.0;0;6
41;112;nan;0.0;0.0;271.0;0.0;271.0;0;6
41;113;nan;0.0;0.0;271.0;0.0;271.0;0;6
41;114;10.6;34.4;81.0;303.3;0.1;271.0;0;6
41;115;14.7;24.3;61.0;290.9;0.1;271.0;0;6
41;116;30.7;11.4;26.0;278.6;0.0;271.0;0;6
41;117;90.4;3.8;9.0;273.4;0.0;271.0;0;6
41;118;66.4;5.2;12.0;274.9;0.0;271.0;0;6
41;119;nan;0.0;0.0;271.0;0.0;271.0;0;6
41;120;nan;0.0;0.0;271.0;0.0;271.0;0;6
41;121;nan;0.0;0.0;271.0;0.0;271.0;0;6
41;122;nan;0.0;0.0;271.0;0.0;271.0;0;6
41;123;nan;0.0;0.0;271.0;0.0;271.0;0;6
41;124;nan;0.0;0.0;271.0;0.0;271.0;0;6
41;125;nan;0.0;0.0;271.0;0.0;271.0;0;6
41;126;nan;0.0;0.0;271.0;0.0;271.0;0;6
41;127;nan;0.0;0.0;271.0;0.0;271.0;0;6
41;128;nan;0.0;0.0;271.0;0.0;271.0;0;6
41;129;nan;0.0;0.0;271.0;0.0;271.0;0;6
41;130;nan;0.0;0.0;271.0;0.0;271.0;0;6
41;131;nan;0.0;0.0;271.0;0.0;271.0;0;6
41;132;nan;0.0;0.0;271.0;0.0;271.0;0;6
41;133;nan;0.0;0.0;271.0;0.0;271.0;0;6
41;134;nan;0.0;0.0;271.0;0.0;271.0;0;6
41;135;nan;0.0;0.0;271.0;0.0;271.0;0;6
41;136;nan;0.0;0.0;271.0;0.0;271.0;0;6
41;137;nan;0.0;0.0;271.0;0.0;271.0;0;6
41;138;nan;0.0;0.0;271.0;0.0;271.0;0;6
41;139;nan;0.0;0.0;271.0;0.0;271.0;0;6
41;140;nan;0.0;0.0;271.0;0.0;271.0;0;6
41;141;nan;0.0;0.0;271.0;0.0;271.0;0;6
41;142;nan;0.0;0.0;271.0;0.0;271.0;0;6
41;143;nan;0.0;0.0;271.0;0.0;271.0;0;6
41;144;nan;0.0;0.0;271.0;0.0;271.0;0;6
41;145;nan;0.0;0.0;271.0;0.0;271.0;0;6
41;146;nan;0.0;0.0;271.0;0.0;271.0;0;6
41;147;nan;0.0;0.0;271.0;0.0;271.0;0;6
41;148;nan;0.0;0.0;271.0;0.0;271.0;0;6
41;149;nan;0.0;0.0;271.0;0.0;271.0;0;6
42;0;6.1;76.2;178.0;402.1;0.2;278.0;1;1
42;1;6.5;70.4;178.0;392.0;0.2;278.0;0;1
42;2;6.2;75.2;179.0;399.6;0.2;277.0;1;2
42;3;6.6;67.7;160.0;382.0;0.2;274.0;1;3
42;4;6.3;74.1;173.0;399.3;0.2;274.0;0;3
42;5;6.5;70.6;172.0;391.0;0.2;274.0;0;3
42;6;6.1;76.3;189.0;399.7;0.2;274.0;0;3
42;7;8.0;54.5;135.0;367.7;0.1;274.0;0;3
42;8;7.6;57.4;146.0;370.3;0.2;274.0;0;3
42;9;6.7;67.9;157.0;388.6;0.2;274.0;0;3
42;10;8.5;50.2;124.0;360.0;0.1;274.0;0;3
42;11;7.9;55.5;142.0;369.0;0.2;274.0;0;3
42;12;8.9;47.6;114.0;354.6;0.1;274.0;0;3
42;13;7.6;57.5;135.0;369.1;0.2;274.0;0;3
42;14;8.3;52.6;126.0;367.7;0.1;274.0;0;3
42;15;8.6;50.5;134.0;362.6;0.1;274.0;0;3
42;16;9.9;41.7;113.0;342.6;0.1;274.0;0;3
42;17;11.2;36.9;94.0;340.6;0.1;274.0;0;3
42;18;11.7;34.7;88.0;333.6;0.1;274.0;0;3
42;19;10.1;41.1;103.0;343.6;0.1;274.0;0;3
42;20;9.0;44.0;98.0;329.7;0.1;274.0;0;3
42;21;9.8;39.9;93.0;324.3;0.1;274.0;0;3
42;22;12.0;32.7;78.0;322.1;0.1;274.0;0;3
42;23;11.0;35.8;84.0;325.1;0.1;274.0;0;3
42;24;12.9;29.3;81.0;311.1;0.1;273.0;1;4
42;25;12.4;30.9;77.0;316.4;0.1;273.0;0;4
42;26;11.5;33.7;76.0;321.1;0.1;273.0;0;4
42;27;12.5;30.7;67.0;316.7;0.1;273.0;0;4
42;28;16.3;23.4;54.0;309.1;0.1;273.0;0;4
42;29;15.1;24.9;62.0;306.3;0.1;271.0;1;5
42;30;20.3;18.3;41.0;300.0;0.1;271.0;0;5
42;31;26.8;13.8;31.0;295.4;0.0;271.0;0;5
42;32;19.8;18.6;57.0;298.3;0.1;271.0;0;5
42;33;32.6;11.3;27.0;294.6;0.0;271.0;0;5
42;34;17.0;21.6;53.0;298.4;0.1;271.0;0;5
42;35;32.5;11.4;29.0;294.3;0.0;271.0;0;5
42;36;18.3;20.2;50.0;299.3;0.1;271.0;0;5
42;37;nan;0.0;0.0;283.0;0.0;271.0;0;5
42;38;nan;0.0;0.0;283.0;0.0;271.0;0;5
42;39;nan;0.0;0.0;283.0;0.0;271.0;0;5
42;40;nan;0.0;0.0;283.0;0.0;271.0;0;5
42;41;nan;0.0;0.0;283.0;0.0;271.0;0;5
42;42;nan;0.0;0.0;283.0;0.0;271.0;0;5
42;43;nan;0.0;0.0;283.0;0.0;271.0;0;5
42;44;nan;0.0;0.0;283.0;0.0;271.0;0;5
42;45;nan;0.0;0.0;283.0;0.0;271.0;0;5
42;46;nan;0.0;0.0;283.0;0.0;271.0;0;5
42;47;nan;0.0;0.0;283.0;0.0;271.0;0;5
42;48;nan;0.0;0.0;283.0;0.0;271.0;0;5
42;49;nan;0.0;0.0;283.0;0.0;271.0;0;5
42;50;nan;0.0;0.0;283.0;0.0;271.0;0;5
42;51;nan;0.0;0.0;283.0;0.0;271.0;0;5
42;52;nan;0.0;0.0;283.0;0.0;271.0;0;5
42;53;nan;0.0;0.0;283.0;0.0;271.0;0;5
42;54;nan;0.0;0.0;283.0;0.0;271.0;0;5
42;55;nan;0.0;0.0;283.0;0.0;271.0;0;5
42;56;nan;0.0;0.0;283.0;0.0;271.0;0;5
42;57;nan;0.0;0.0;283.0;0.0;271.0;0;5
42;58;nan;0.0;0.0;283.0;0.0;271.0;0;5
42;59;100.0;0.3;1.0;282.9;0.0;271.0;0;5
42;60;nan;0.0;0.0;283.0;0.0;271.0;0;5
42;61;nan;0.0;0.0;283.0;0.0;271.0;0;5
42;62;nan;0.0;0.0;283.0;0.0;271.0;0;5
42;63;nan;0.0;0.0;283.0;0.0;271.0;0;5
42;64;nan;0.0;0.0;283.0;0.0;271.0;0;5
42;65;nan;0.0;0.0;283.0;0.0;271.0;0;5
42;66;nan;0.0;0.0;283.0;0.0;271.0;0;5
42;67;nan;0.0;0.0;283.0;0.0;271.0;0;5
42;68;nan;0.0;0.0;283.0;0.0;271.0;0;5
42;69;nan;0.0;0.0;283.0;0.0;271.0;0;5
42;70;nan;0.0;0.0;283.0;0.0;271.0;0;5
42;71;nan;0.0;0.0;283.0;0.0;271.0;0;5
42;72;nan;0.0;0.0;283.0;0.0;271.0;0;5
42;73;nan;0.0;0.0;283.0;0.0;271.0;0;5
42;74;nan;0.0;0.0;283.0;0.0;271.0;0;5
42;75;6.9;56.3;124.0;328.3;0.2;271.0;0;5
42;76;9.0;42.1;100.0;315.7;0.1;271.0;0;5
42;77;9.6;39.5;88.0;314.9;0.1;271.0;0;5
42;78;12.3;30.4;68.0;307.0;0.1;271.0;0;5
42;79;15.5;24.0;60.0;302.6;0.1;271.0;0;5
42;80;20.6;17.8;44.0;296.0;0.1;271.0;0;5
42;81;100.0;2.9;10.0;283.7;0.0;271.0;0;5
42;82;81.0;4.5;15.0;284.6;0.0;271.0;0;5
42;83;nan;0.0;0.0;283.0;0.0;271.0;0;5
42;84;nan;0.0;0.0;283.0;0.0;271.0;0;5
42;85;nan;0.0;0.0;283.0;0.0;271.0;0;5
42;86;nan;0.0;0.0;283.0;0.0;271.0;0;5
42;87;nan;0.0;0.0;283.0;0.0;271.0;0;5
42;88;nan;0.0;0.0;283.0;0.0;271.0;0;5
42;89;100.0;1.4;4.0;282.4;0.0;271.0;0;5
42;90;nan;0.0;0.0;283.0;0.0;271.0;0;5
42;91;nan;0.0;0.0;283.0;0.0;271.0;0;5
42;92;nan;0.0;0.0;283.0;0.0;271.0;0;5
42;93;nan;0.0;0.0;283.0;0.0;271.0;0;5
42;94;nan;0.0;0.0;283.0;0.0;271.0;0;5
42;95;nan;0.0;0.0;283.0;0.0;271.0;0;5
42;96;nan;0.0;0.0;283.0;0.0;271.0;0;5
42;97;nan;0.0;0.0;283.0;0.0;271.0;0;5
42;98;nan;0.0;0.0;283.0;0.0;271.0;0;5
42;99;nan;0.0;0.0;283.0;0.0;271.0;0;5
42;100;nan;0.0;0.0;283.0;0.0;271.0;0;5
42;101;nan;0.0;0.0;283.0;0.0;271.0;0;5
42;102;nan;0.0;0.0;283.0;0.0;271.0;0;5
42;103;nan;0.0;0.0;283.0;0.0;271.0;0;5
42;104;nan;0.0;0.0;283.0;0.0;271.0;0;5
42;105;nan;0.0;0.0;283.0;0.0;271.0;0;5
42;106;nan;0.0;0.0;283.0;0.0;271.0;0;5
42;107;nan;0.0;0.0;283.0;0.0;271.0;0;5
42;108;nan;0.0;0.0;283.0;0.0;271.0;0;5
42;109;nan;0.0;0.0;283.0;0.0;271.0;0;5
42;110;nan;0.0;0.0;283.0;0.0;271.0;0;5
42;111;nan;0.0;0.0;283.0;0.0;271.0;0;5
42;112;nan;0.0;0.0;283.0;0.0;271.0;0;5
42;113;nan;0.0;0.0;283.0;0.0;271.0;0;5
42;114;nan;0.0;0.0;283.0;0.0;271.0;0;5
42;115;nan;0.0;0.0;283.0;0.0;271.0;0;5
42;116;nan;0.0;0.0;283.0;0.0;271.0;0;5
42;117;nan;0.0;0.0;283.0;0.0;271.0;0;5
42;118;nan;0.0;0.0;283.0;0.0;271.0;0;5
42;119;nan;0.0;0.0;283.0;0.0;271.0;0;5
42;120;9.2;39.5;94.0;304.7;0.1;271.0;0;5
42;121;10.7;33.8;83.0;301.0;0.1;271.0;0;5
42;122;31.2;11.6;30.0;289.3;0.0;271.0;0;5
42;123;100.0;1.0;3.0;283.4;0.0;271.0;0;5
42;124;nan;0.0;0.0;283.0;0.0;271.0;0;5
42;125;nan;0.0;0.0;283.0;0.0;271.0;0;5
42;126;nan;0.0;0.0;283.0;0.0;271.0;0;5
42;127;nan;0.0;0.0;283.0;0.0;271.0;0;5
42;128;nan;0.0;0.0;283.0;0.0;271.0;0;5
42;129;nan;0.0;0.0;283.0;0.0;271.0;0;5
42;130;nan;0.0;0.0;283.0;0.0;271.0;0;5
42;131;nan;0.0;0.0;283.0;0.0;271.0;0;5
42;132;100.0;0.3;1.0;282.9;0.0;271.0;0;5
42;133;nan;0.0;0.0;283.0;0.0;271.0;0;5
42;134;nan;0.0;0.0;283.0;0.0;271.0;0;5
42;135;nan;0.0;0.0;283.0;0.0;271.0;0;5
42;136;nan;0.0;0.0;283.0;0.0;271.0;0;5
42;137;nan;0.0;0.0;283.0;0.0;271.0;0;5
42;138;nan;0.0;0.0;283.0;0.0;271.0;0;5
42;139;nan;0.0;0.0;283.0;0.0;271.0;0;5
42;140;nan;0.0;0.0;283.0;0.0;271.0;0;5
42;141;nan;0.0;0.0;283.0;0.0;271.0;0;5
42;142;nan;0.0;0.0;283.0;0.0;271.0;0;5
42;143;nan;0.0;0.0;283.0;0.0;271.0;0;5
42;144;nan;0.0;0.0;283.0;0.0;271.0;0;5
42;145;nan;0.0;0.0;283.0;0.0;271.0;0;5
42;146;nan;0.0;0.0;283.0;0.0;271.0;0;5
42;147;nan;0.0;0.0;283.0;0.0;271.0;0;5
42;148;nan;0.0;0.0;283.0;0.0;271.0;0;5
42;149;100.0;0.3;1.0;282.9;0.0;271.0;0;5
43;0;5.7;84.0;196.0;415.3;0.2;280.0;1;1
43;1;6.3;73.7;174.0;400.7;0.2;280.0;0;1
43;2;7.0;63.7;164.0;378.6;0.2;280.0;0;1
43;3;6.4;72.6;182.0;395.4;0.2;280.0;0;1
43;4;6.4;73.3;174.0;398.9;0.2;280.0;0;1
43;5;6.5;71.9;179.0;397.9;0.2;280.0;0;1
43;6;7.3;60.4;152.0;373.7;0.2;277.0;1;2
43;7;6.5;69.8;177.0;386.9;0.2;277.0;1;3
43;8;6.1;76.8;180.0;405.3;0.2;277.0;0;3
43;9;6.8;64.8;153.0;378.0;0.2;274.0;0;3
43;10;7.3;59.4;155.0;367.9;0.2;272.0;0;3
43;11;7.6;58.2;143.0;375.3;0.2;272.0;0;3
43;12;7.2;60.7;158.0;370.7;0.2;271.0;1;4
43;13;7.6;58.0;140.0;370.4;0.2;271.0;0;4
43;14;8.9;48.5;117.0;359.3;0.1;271.0;0;4
43;15;9.8;41.7;106.0;340.7;0.1;271.0;0;4
43;16;11.8;34.3;92.0;333.9;0.1;271.0;0;4
43;17;11.0;36.7;90.0;334.1;0.1;271.0;0;4
43;18;13.6;29.7;74.0;331.7;0.1;271.0;0;4
43;19;12.7;31.7;75.0;330.6;0.1;271.0;0;4
43;20;12.6;30.8;71.0;318.6;0.1;271.0;0;4
43;21;11.2;34.7;81.0;320.6;0.1;271.0;0;4
43;22;18.8;19.8;50.0;299.9;0.1;271.0;0;4
43;23;11.8;32.6;77.0;315.9;0.1;271.0;0;4
43;24;11.1;34.6;76.0;317.1;0.1;271.0;0;4
43;25;22.9;16.0;41.0;294.0;0.1;271.0;0;4
43;26;31.0;11.4;30.0;282.3;0.0;271.0;0;4
43;27;70.9;5.0;12.0;276.4;0.0;271.0;0;4
43;28;nan;0.0;0.0;271.0;0.0;271.0;0;4
43;29;nan;0.0;0.0;271.0;0.0;271.0;0;4
43;30;nan;0.0;0.0;271.0;0.0;271.0;0;4
43;31;nan;0.0;0.0;271.0;0.0;271.0;0;4
43;32;nan;0.0;0.0;271.0;0.0;271.0;0;4
43;33;nan;0.0;0.0;271.0;0.0;271.0;0;4
43;34;nan;0.0;0.0;271.0;0.0;271.0;0;4
43;35;nan;0.0;0.0;271.0;0.0;271.0;0;4
43;36;nan;0.0;0.0;271.0;0.0;271.0;0;4
43;37;nan;0.0;0.0;271.0;0.0;271.0;0;4
43;38;nan;0.0;0.0;271.0;0.0;271.0;0;4
43;39;nan;0.0;0.0;271.0;0.0;271.0;0;4
43;40;nan;0.0;0.0;271.0;0.0;271.0;0;4
43;41;nan;0.0;0.0;271.0;0.0;271.0;0;4
43;42;nan;0.0;0.0;271.0;0.0;271.0;0;4
43;43;nan;0.0;0.0;271.0;0.0;271.0;0;4
43;44;nan;0.0;0.0;271.0;0.0;271.0;0;4
43;45;nan;0.0;0.0;271.0;0.0;271.0;0;4
43;46;nan;0.0;0.0;271.0;0.0;271.0;0;4
43;47;nan;0.0;0.0;271.0;0.0;271.0;0;4
43;48;nan;0.0;0.0;271.0;0.0;271.0;0;4
43;49;nan;0.0;0.0;271.0;0.0;271.0;0;4
43;50;nan;0.0;0.0;271.0;0.0;271.0;0;4
43;51;nan;0.0;0.0;271.0;0.0;271.0;0;4
43;52;nan;0.0;0.0;271.0;0.0;271.0;0;4
43;53;nan;0.0;0.0;271.0;0.0;271.0;0;4
43;54;nan;0.0;0.0;271.0;0.0;271.0;0;4
43;55;nan;0.0;0.0;271.0;0.0;271.0;0;4
43;56;nan;0.0;0.0;271.0;0.0;271.0;0;4
43;57;nan;0.0;0.0;271.0;0.0;271.0;0;4
43;58;nan;0.0;0.0;271.0;0.0;271.0;0;4
43;59;nan;0.0;0.0;271.0;0.0;271.0;0;4
43;60;nan;0.0;0.0;271.0;0.0;271.0;0;4
43;61;nan;0.0;0.0;271.0;0.0;271.0;0;4
43;62;nan;0.0;0.0;271.0;0.0;271.0;0;4
43;63;8.7;43.1;92.0;315.4;0.1;271.0;0;4
43;64;10.3;36.1;80.0;309.4;0.1;271.0;0;4
43;65;8.3;44.8;101.0;313.3;0.1;271.0;0;4
43;66;11.6;31.8;73.0;305.6;0.1;271.0;0;4
43;67;11.3;32.4;76.0;302.7;0.1;271.0;0;4
43;68;14.2;25.8;65.0;297.9;0.1;271.0;0;4
43;69;32.3;11.0;28.0;282.7;0.0;271.0;0;4
43;70;38.7;9.1;21.0;279.4;0.0;271.0;0;4
43;71;nan;0.0;0.0;271.0;0.0;271.0;0;4
43;72;nan;0.0;0.0;271.0;0.0;271.0;0;4
43;73;nan;0.0;0.0;271.0;0.0;271.0;0;4
43;74;nan;0.0;0.0;271.0;0.0;271.0;0;4
43;75;nan;0.0;0.0;271.0;0.0;271.0;0;4
43;76;nan;0.0;0.0;271.0;0.0;271.0;0;4
43;77;nan;0.0;0.0;271.0;0.0;271.0;0;4
43;78;nan;0.0;0.0;271.0;0.0;271.0;0;4
43;79;nan;0.0;0.0;271.0;0.0;271.0;0;4
43;80;nan;0.0;0.0;271.0;0.0;271.0;0;4
43;81;nan;0.0;0.0;271.0;0.0;271.0;0;4
43;82;nan;0.0;0.0;271.0;0.0;271.0;0;4
43;83;nan;0.0;0.0;271.0;0.0;271.0;0;4
43;84;nan;0.0;0.0;271.0;0.0;271.0;0;4
43;85;nan;0.0;0.0;271.0;0.0;271.0;0;4
43;86;nan;0.0;0.0;271.0;0.0;271.0;0;4
43;87;nan;0.0;0.0;271.0;0.0;271.0;0;4
43;88;nan;0.0;0.0;271.0;0.0;271.0;0;4
43;89;nan;0.0;0.0;271.0;0.0;271.0;0;4
43;90;nan;0.0;0.0;271.0;0.0;271.0;0;4
43;91;nan;0.0;0.0;271.0;0.0;271.0;0;4
43;92;nan;0.0;0.0;271.0;0.0;271.0;0;4
43;93;nan;0.0;0.0;271.0;0.0;271.0;0;4
43;94;nan;0.0;0.0;271.0;0.0;271.0;0;4
43;95;nan;0.0;0.0;271.0;0.0;271.0;0;4
43;96;nan;0.0;0.0;271.0;0.0;271.0;0;4
43;97;nan;0.0;0.0;271.0;0.0;271.0;0;4
43;98;nan;0.0;0.0;271.0;0.0;271.0;0;4
43;99;nan;0.0;0.0;271.0;0.0;271.0;0;4
43;100;nan;0.0;0.0;271.0;0.0;271.0;0;4
43;101;nan;0.0;0.0;271.0;0.0;271.0;0;4
43;102;nan;0.0;0.0;271.0;0.0;271.0;0;4
43;103;nan;0.0;0.0;271.0;0.0;271.0;0;4
43;104;nan;0.0;0.0;271.0;0.0;271.0;0;4
43;105;nan;0.0;0.0;271.0;0.0;271.0;0;4
43;106;nan;0.0;0.0;271.0;0.0;271.0;0;4
43;107;nan;0.0;0.0;271.0;0.0;271.0;0;4
43;108;18.5;19.3;46.0;288.9;0.1;271.0;0;4
43;109;15.7;22.4;54.0;286.7;0.1;271.0;0;4
43;110;59.8;5.8;15.0;275.0;0.0;271.0;0;4
43;111;36.7;9.5;25.0;277.4;0.0;271.0;0;4
43;112;100.0;1.7;5.0;271.7;0.0;271.0;0;4
43;113;58.7;5.9;15.0;275.6;0.0;271.0;0;4
43;114;nan;0.0;0.0;271.0;0.0;271.0;0;4
43;115;nan;0.0;0.0;271.0;0.0;271.0;0;4
43;116;nan;0.0;0.0;271.0;0.0;271.0;0;4
43;117;nan;0.0;0.0;271.0;0.0;271.0;0;4
43;118;nan;0.0;0.0;271.0;0.0;271.0;0;4
43;119;nan;0.0;0.0;271.0;0.0;271.0;0;4
43;120;nan;0.0;0.0;271.0;0.0;271.0;0;4
43;121;nan;0.0;0.0;271.0;0.0;271.0;0;4
43;122;nan;0.0;0.0;271.0;0.0;271.0;0;4
43;123;nan;0.0;0.0;271.0;0.0;271.0;0;4
43;124;nan;0.0;0.0;271.0;0.0;271.0;0;4
43;125;nan;0.0;0.0;271.0;0.0;271.0;0;4
43;126;nan;0.0;0.0;271.0;0.0;271.0;0;4
43;127;nan;0.0;0.0;271.0;0.0;271.0;0;4
43;128;nan;0.0;0.0;271.0;0.0;271.0;0;4
43;129;nan;0.0;0.0;271.0;0.0;271.0;0;4
43;130;nan;0.0;0.0;271.0;0.0;271.0;0;4
43;131;nan;0.0;0.0;271.0;0.0;271.0;0;4
43;132;nan;0.0;0.0;271.0;0.0;271.0;0;4
43;133;nan;0.0;0.0;271.0;0.0;271.0;0;4
43;134;nan;0.0;0.0;271.0;0.0;271.0;0;4
43;135;nan;0.0;0.0;271.0;0.0;271.0;0;4
43;136;nan;0.0;0.0;271.0;0.0;271.0;0;4
43;137;nan;0.0;0.0;271.0;0.0;271.0;0;4
43;138;nan;0.0;0.0;271.0;0.0;271.0;0;4
43;139;nan;0.0;0.0;271.0;0.0;271.0;0;4
43;140;nan;0.0;0.0;271.0;0.0;271.0;0;4
43;141;nan;0.0;0.0;271.0;0.0;271.0;0;4
43;142;nan;0.0;0.0;271.0;0.0;271.0;0;4
43;143;nan;0.0;0.0;271.0;0.0;271.0;0;4
43;144;nan;0.0;0.0;271.0;0.0;271.0;0;4
43;145;nan;0.0;0.0;271.0;0.0;271.0;0;4
43;146;nan;0.0;0.0;271.0;0.0;271.0;0;4
43;147;nan;0.0;0.0;271.0;0.0;271.0;0;4
43;148;nan;0.0;0.0;271.0;0.0;271.0;0;4
43;149;nan;0.0;0.0;271.0;0.0;271.0;0;4
44;0;6.0;78.1;183.0;405.9;0.2;282.0;1;1
44;1;6.5;70.1;171.0;390.0;0.2;274.0;1;2
44;2;6.0;77.0;184.0;399.4;0.2;274.0;0;2
44;3;6.3;72.5;171.0;393.3;0.2;274.0;0;2
44;4;6.7;66.7;162.0;383.3;0.2;274.0;0;2
44;5;7.1;63.5;156.0;381.3;0.2;274.0;0;2
44;6;6.9;65.8;151.0;384.6;0.2;274.0;0;2
44;7;7.2;62.8;155.0;385.7;0.2;274.0;0;2
44;8;7.1;63.3;162.0;383.6;0.2;274.0;0;2
44;9;6.5;69.6;167.0;387.1;0.2;273.0;1;3
44;10;7.5;58.8;143.0;372.9;0.2;273.0;0;3
44;11;8.0;53.9;137.0;365.0;0.1;273.0;0;3
44;12;8.1;54.7;131.0;372.1;0.1;273.0;0;3
44;13;8.6;48.5;133.0;348.3;0.1;273.0;0;3
44;14;8.1;54.3;130.0;369.6;0.1;273.0;0;3
44;15;8.1;52.9;123.0;359.6;0.1;273.0;0;3
44;16;9.0;47.2;119.0;357.3;0.1;273.0;0;3
44;17;9.4;44.8;114.0;349.3;0.1;273.0;0;3
44;18;9.0;45.7;124.0;344.0;0.1;273.0;0;3
44;19;11.2;36.1;90.0;334.9;0.1;273.0;0;3
44;20;13.9;26.8;78.0;304.7;0.1;273.0;0;3
44;21;13.4;28.3;72.0;311.9;0.1;273.0;0;3
44;22;18.5;20.4;59.0;304.1;0.1;273.0;0;3
44;23;12.1;31.9;77.0;316.7;0.1;273.0;0;3
44;24;16.2;23.2;53.0;306.1;0.1;273.0;0;3
44;25;18.6;19.7;55.0;295.9;0.1;273.0;0;3
44;26;15.9;23.7;56.0;306.7;0.1;273.0;0;3
44;27;53.0;6.8;17.0;285.6;0.0;273.0;0;3
44;28;72.7;5.0;14.0;283.6;0.0;273.0;0;3
44;29;90.8;4.0;8.0;282.6;0.0;273.0;0;3
44;30;100.0;3.6;8.0;281.3;0.0;273.0;0;3
44;31;90.8;4.0;8.0;282.6;0.0;273.0;0;3
44;32;93.4;3.8;8.0;282.4;0.0;273.0;0;3
44;33;100.0;0.3;1.0;278.1;0.0;273.0;0;3
44;34;nan;0.0;0.0;278.0;0.0;273.0;0;3
44;35;nan;0.0;0.0;278.0;0.0;273.0;0;3
44;36;nan;0.0;0.0;278.0;0.0;273.0;0;3
44;37;nan;0.0;0.0;278.0;0.0;273.0;0;3
44;38;nan;0.0;0.0;278.0;0.0;273.0;0;3
44;39;nan;0.0;0.0;278.0;0.0;273.0;0;3
44;40;nan;0.0;0.0;278.0;0.0;273.0;0;3
44;41;nan;0.0;0.0;278.0;0.0;273.0;0;3
44;42;nan;0.0;0.0;278.0;0.0;273.0;0;3
44;43;nan;0.0;0.0;278.0;0.0;273.0;0;3
44;44;nan;0.0;0.0;278.0;0.0;273.0;0;3
44;45;nan;0.0;0.0;278.0;0.0;273.0;0;3
44;46;nan;0.0;0.0;278.0;0.0;273.0;0;3
44;47;nan;0.0;0.0;278.0;0.0;273.0;0;3
44;48;nan;0.0;0.0;278.0;0.0;273.0;0;3
44;49;nan;0.0;0.0;278.0;0.0;273.0;0;3
44;50;nan;0.0;0.0;278.0;0.0;273.0;0;3
44;51;nan;0.0;0.0;278.0;0.0;273.0;0;3
44;52;nan;0.0;0.0;278.0;0.0;273.0;0;3
44;53;nan;0.0;0.0;278.0;0.0;273.0;0;3
44;54;nan;0.0;0.0;278.0;0.0;273.0;0;3
44;55;6.7;61.4;140.0;352.4;0.2;273.0;0;3
44;56;7.7;52.2;118.0;339.9;0.2;273.0;0;3
44;57;8.0;50.6;113.0;340.0;0.1;273.0;0;3
44;58;9.7;38.7;83.0;313.1;0.1;273.0;0;3
44;59;12.5;29.7;69.0;306.1;0.1;273.0;0;3
44;60;10.5;35.5;78.0;308.7;0.1;273.0;0;3
44;61;12.9;28.2;70.0;299.6;0.1;273.0;0;3
44;62;27.5;13.1;32.0;287.6;0.0;273.0;0;3
44;63;62.6;5.7;14.0;280.3;0.0;273.0;0;3
44;64;82.1;4.3;9.0;277.7;0.0;273.0;0;3
44;65;59.8;5.9;15.0;278.9;0.0;273.0;0;3
44;66;89.2;4.0;8.0;277.4;0.0;273.0;0;3
44;67;nan;0.0;0.0;274.0;0.0;273.0;0;3
44;68;nan;0.0;0.0;274.0;0.0;273.0;0;3
44;69;nan;0.0;0.0;274.0;0.0;273.0;0;3
44;70;nan;0.0;0.0;274.0;0.0;273.0;0;3
44;71;nan;0.0;0.0;274.0;0.0;273.0;0;3
44;72;nan;0.0;0.0;274.0;0.0;273.0;0;3
44;73;nan;0.0;0.0;274.0;0.0;273.0;0;3
44;74;nan;0.0;0.0;274.0;0.0;273.0;0;3
44;75;nan;0.0;0.0;274.0;0.0;273.0;0;3
44;76;nan;0.0;0.0;274.0;0.0;273.0;0;3
44;77;nan;0.0;0.0;274.0;0.0;273.0;0;3
44;78;nan;0.0;0.0;274.0;0.0;273.0;0;3
44;79;nan;0.0;0.0;274.0;0.0;273.0;0;3
44;80;nan;0.0;0.0;274.0;0.0;273.0;0;3
44;81;nan;0.0;0.0;274.0;0.0;273.0;0;3
44;82;nan;0.0;0.0;274.0;0.0;273.0;0;3
44;83;nan;0.0;0.0;274.0;0.0;273.0;0;3
44;84;nan;0.0;0.0;274.0;0.0;273.0;0;3
44;85;nan;0.0;0.0;274.0;0.0;273.0;0;3
44;86;nan;0.0;0.0;274.0;0.0;273.0;0;3
44;87;nan;0.0;0.0;274.0;0.0;273.0;0;3
44;88;nan;0.0;0.0;274.0;0.0;273.0;0;3
44;89;nan;0.0;0.0;274.0;0.0;273.0;0;3
44;90;nan;0.0;0.0;274.0;0.0;273.0;0;3
44;91;nan;0.0;0.0;274.0;0.0;273.0;0;3
44;92;nan;0.0;0.0;274.0;0.0;273.0;0;3
44;93;nan;0.0;0.0;274.0;0.0;273.0;0;3
44;94;nan;0.0;0.0;274.0;0.0;273.0;0;3
44;95;nan;0.0;0.0;274.0;0.0;273.0;0;3
44;96;nan;0.0;0.0;274.0;0.0;273.0;0;3
44;97;nan;0.0;0.0;274.0;0.0;273.0;0;3
44;98;nan;0.0;0.0;274.0;0.0;273.0;0;3
44;99;nan;0.0;0.0;274.0;0.0;273.0;0;3
44;100;10.1;36.4;87.0;304.1;0.1;273.0;0;3
44;101;16.7;21.6;53.0;291.9;0.1;273.0;0;3
44;102;28.2;12.5;34.0;281.6;0.0;273.0;0;3
44;103;23.0;15.3;36.0;282.9;0.1;271.0;1;4
44;104;62.5;5.6;15.0;277.3;0.0;271.0;0;4
44;105;nan;0.0;0.0;274.0;0.0;271.0;0;4
44;106;nan;0.0;0.0;274.0;0.0;271.0;0;4
44;107;nan;0.0;0.0;274.0;0.0;271.0;0;4
44;108;nan;0.0;0.0;274.0;0.0;271.0;0;4
44;109;nan;0.0;0.0;274.0;0.0;271.0;0;4
44;110;nan;0.0;0.0;274.0;0.0;271.0;0;4
44;111;nan;0.0;0.0;274.0;0.0;271.0;0;4
44;112;nan;0.0;0.0;274.0;0.0;271.0;0;4
44;113;nan;0.0;0.0;274.0;0.0;271.0;0;4
44;114;nan;0.0;0.0;274.0;0.0;271.0;0;4
44;115;nan;0.0;0.0;274.0;0.0;271.0;0;4
44;116;nan;0.0;0.0;274.0;0.0;271.0;0;4
44;117;nan;0.0;0.0;274.0;0.0;271.0;0;4
44;118;nan;0.0;0.0;274.0;0.0;271.0;0;4
44;119;nan;0.0;0.0;274.0;0.0;271.0;0;4
44;120;nan;0.0;0.0;274.0;0.0;271.0;0;4
44;121;nan;0.0;0.0;274.0;0.0;271.0;0;4
44;122;nan;0.0;0.0;274.0;0.0;271.0;0;4
44;123;nan;0.0;0.0;274.0;0.0;271.0;0;4
44;124;nan;0.0;0.0;274.0;0.0;271.0;0;4
44;125;nan;0.0;0.0;274.0;0.0;271.0;0;4
44;126;nan;0.0;0.0;274.0;0.0;271.0;0;4
44;127;nan;0.0;0.0;274.0;0.0;271.0;0;4
44;128;nan;0.0;0.0;274.0;0.0;271.0;0;4
44;129;nan;0.0;0.0;274.0;0.0;271.0;0;4
44;130;nan;0.0;0.0;274.0;0.0;271.0;0;4
44;131;nan;0.0;0.0;274.0;0.0;271.0;0;4
44;132;nan;0.0;0.0;274.0;0.0;271.0;0;4
44;133;nan;0.0;0.0;274.0;0.0;271.0;0;4
44;134;nan;0.0;0.0;274.0;0.0;271.0;0;4
44;135;nan;0.0;0.0;274.0;0.0;271.0;0;4
44;136;nan;0.0;0.0;274.0;0.0;271.0;0;4
44;137;nan;0.0;0.0;274.0;0.0;271.0;0;4
44;138;nan;0.0;0.0;274.0;0.0;271.0;0;4
44;139;nan;0.0;0.0;274.0;0.0;271.0;0;4
44;140;nan;0.0;0.0;274.0;0.0;271.0;0;4
44;141;nan;0.0;0.0;274.0;0.0;271.0;0;4
44;142;nan;0.0;0.0;274.0;0.0;271.0;0;4
44;143;nan;0.0;0.0;274.0;0.0;271.0;0;4
44;144;nan;0.0;0.0;274.0;0.0;271.0;0;4
44;145;nan;0.0;0.0;274.0;0.0;271.0;0;4
44;146;nan;0.0;0.0;274.0;0.0;271.0;0;4
44;147;nan;0.0;0.0;274.0;0.0;271.0;0;4
44;148;nan;0.0;0.0;274.0;0.0;271.0;0;4
44;149;8.0;43.8;130.0;297.0;0.1;271.0;0;4
45;0;6.1;77.2;175.0;406.0;0.2;283.0;1;1
45;1;6.7;66.3;154.0;381.0;0.2;274.0;1;2
45;2;6.3;73.2;173.0;395.3;0.2;274.0;0;2
45;3;6.0;79.5;186.0;410.0;0.2;274.0;0;2
45;4;6.8;67.4;158.0;390.6;0.2;274.0;0;2
45;5;6.6;69.8;169.0;392.9;0.2;274.0;0;2
45;6;7.9;55.5;138.0;367.7;0.2;274.0;0;2
45;7;7.5;59.2;147.0;375.0;0.2;274.0;0;2
45;8;6.6;67.5;164.0;383.0;0.2;274.0;0;2
45;9;7.2;61.3;148.0;376.4;0.2;274.0;0;2
45;10;6.9;64.3;154.0;378.6;0.2;274.0;0;2
45;11;6.9;63.8;157.0;377.1;0.2;274.0;0;2
45;12;11.8;34.5;85.0;334.1;0.1;274.0;0;2
45;13;8.2;53.4;121.0;368.9;0.1;274.0;0;2
45;14;11.3;35.9;103.0;336.1;0.1;274.0;0;2
45;15;8.1;53.2;139.0;364.1;0.1;274.0;0;2
45;16;10.2;40.9;101.0;345.7;0.1;274.0;0;2
45;17;10.4;39.7;94.0;341.9;0.1;274.0;0;2
45;18;11.0;37.7;89.0;342.1;0.1;274.0;0;2
45;19;11.3;35.6;89.0;331.1;0.1;271.0;1;3
45;20;11.3;34.6;85.0;323.6;0.1;271.0;0;3
45;21;11.9;32.0;79.0;314.1;0.1;271.0;0;3
45;22;19.1;19.4;45.0;298.7;0.1;271.0;0;3
45;23;21.2;17.4;45.0;297.1;0.1;271.0;0;3
45;24;18.7;19.6;46.0;296.1;0.1;271.0;0;3
45;25;64.5;5.5;13.0;281.0;0.0;271.0;0;3
45;26;42.9;8.4;19.0;285.0;0.0;271.0;0;3
45;27;56.0;6.4;15.0;282.1;0.0;271.0;0;3
45;28;100.0;3.0;6.0;278.4;0.0;271.0;0;3
45;29;100.0;3.0;6.0;278.4;0.0;271.0;0;3
45;30;100.0;2.8;6.0;278.0;0.0;271.0;0;3
45;31;100.0;2.8;6.0;278.0;0.0;271.0;0;3
45;32;100.0;1.4;3.0;275.9;0.0;271.0;0;3
45;33;nan;0.0;0.0;275.0;0.0;271.0;0;3
45;34;nan;0.0;0.0;275.0;0.0;271.0;0;3
45;35;nan;0.0;0.0;275.0;0.0;271.0;0;3
45;36;nan;0.0;0.0;275.0;0.0;271.0;0;3
45;37;nan;0.0;0.0;275.0;0.0;271.0;0;3
45;38;nan;0.0;0.0;275.0;0.0;271.0;0;3
45;39;nan;0.0;0.0;275.0;0.0;271.0;0;3
45;40;nan;0.0;0.0;275.0;0.0;271.0;0;3
45;41;nan;0.0;0.0;275.0;0.0;271.0;0;3
45;42;nan;0.0;0.0;275.0;0.0;271.0;0;3
45;43;nan;0.0;0.0;275.0;0.0;271.0;0;3
45;44;nan;0.0;0.0;275.0;0.0;271.0;0;3
45;45;nan;0.0;0.0;275.0;0.0;271.0;0;3
45;46;nan;0.0;0.0;275.0;0.0;271.0;0;3
45;47;nan;0.0;0.0;275.0;0.0;271.0;0;3
45;48;nan;0.0;0.0;275.0;0.0;271.0;0;3
45;49;nan;0.0;0.0;275.0;0.0;271.0;0;3
45;50;nan;0.0;0.0;275.0;0.0;271.0;0;3
45;51;nan;0.0;0.0;275.0;0.0;271.0;0;3
45;52;nan;0.0;0.0;275.0;0.0;271.0;0;3
45;53;nan;0.0;0.0;275.0;0.0;271.0;0;3
45;54;nan;0.0;0.0;275.0;0.0;271.0;0;3
45;55;nan;0.0;0.0;275.0;0.0;271.0;0;3
45;56;nan;0.0;0.0;275.0;0.0;271.0;0;3
45;57;nan;0.0;0.0;275.0;0.0;271.0;0;3
45;58;nan;0.0;0.0;275.0;0.0;271.0;0;3
45;59;nan;0.0;0.0;275.0;0.0;271.0;0;3
45;60;nan;0.0;0.0;275.0;0.0;271.0;0;3
45;61;nan;0.0;0.0;275.0;0.0;271.0;0;3
45;62;nan;0.0;0.0;275.0;0.0;271.0;0;3
45;63;nan;0.0;0.0;275.0;0.0;271.0;0;3
45;64;nan;0.0;0.0;275.0;0.0;271.0;0;3
45;65;6.6;59.3;137.0;332.6;0.2;271.0;0;3
45;66;8.3;44.8;105.0;313.1;0.1;271.0;0;3
45;67;6.7;57.9;128.0;329.7;0.2;271.0;0;3
45;68;11.6;32.1;79.0;305.9;0.1;271.0;0;3
45;69;12.5;29.7;72.0;306.3;0.1;271.0;0;3
45;70;12.0;30.8;70.0;304.0;0.1;271.0;0;3
45;71;15.6;23.3;49.0;296.4;0.1;271.0;0;3
45;72;18.1;20.1;45.0;293.4;0.1;271.0;0;3
45;73;nan;0.0;0.0;275.0;0.0;271.0;0;3
45;74;nan;0.0;0.0;275.0;0.0;271.0;0;3
45;75;nan;0.0;0.0;275.0;0.0;271.0;0;3
45;76;nan;0.0;0.0;275.0;0.0;271.0;0;3
45;77;nan;0.0;0.0;275.0;0.0;271.0;0;3
45;78;nan;0.0;0.0;275.0;0.0;271.0;0;3
45;79;nan;0.0;0.0;275.0;0.0;271.0;0;3
45;80;nan;0.0;0.0;275.0;0.0;271.0;0;3
45;81;nan;0.0;0.0;275.0;0.0;271.0;0;3
45;82;nan;0.0;0.0;275.0;0.0;271.0;0;3
45;83;nan;0.0;0.0;275.0;0.0;271.0;0;3
45;84;nan;0.0;0.0;275.0;0.0;271.0;0;3
45;85;nan;0.0;0.0;275.0;0.0;271.0;0;3
45;86;nan;0.0;0.0;275.0;0.0;271.0;0;3
45;87;nan;0.0;0.0;275.0;0.0;271.0;0;3
45;88;nan;0.0;0.0;275.0;0.0;271.0;0;3
45;89;nan;0.0;0.0;275.0;0.0;271.0;0;3
45;90;nan;0.0;0.0;275.0;0.0;271.0;0;3
45;91;nan;0.0;0.0;275.0;0.0;271.0;0;3
45;92;nan;0.0;0.0;275.0;0.0;271.0;0;3
45;93;nan;0.0;0.0;275.0;0.0;271.0;0;3
45;94;nan;0.0;0.0;275.0;0.0;271.0;0;3
45;95;nan;0.0;0.0;275.0;0.0;271.0;0;3
45;96;nan;0.0;0.0;275.0;0.0;271.0;0;3
45;97;nan;0.0;0.0;275.0;0.0;271.0;0;3
45;98;nan;0.0;0.0;275.0;0.0;271.0;0;3
45;99;nan;0.0;0.0;275.0;0.0;271.0;0;3
45;100;nan;0.0;0.0;275.0;0.0;271.0;0;3
45;101;nan;0.0;0.0;275.0;0.0;271.0;0;3
45;102;nan;0.0;0.0;275.0;0.0;271.0;0;3
45;103;nan;0.0;0.0;275.0;0.0;271.0;0;3
45;104;nan;0.0;0.0;275.0;0.0;271.0;0;3
45;105;nan;0.0;0.0;275.0;0.0;271.0;0;3
45;106;nan;0.0;0.0;275.0;0.0;271.0;0;3
45;107;nan;0.0;0.0;275.0;0.0;271.0;0;3
45;108;nan;0.0;0.0;275.0;0.0;271.0;0;3
45;109;nan;0.0;0.0;275.0;0.0;271.0;0;3
45;110;8.6;42.5;104.0;305.3;0.1;271.0;0;3
45;111;9.7;37.0;85.0;299.6;0.1;271.0;0;3
45;112;15.8;22.6;59.0;291.3;0.1;271.0;0;3
45;113;24.8;14.3;40.0;283.1;0.1;271.0;0;3
45;114;100.0;1.4;4.0;275.6;0.0;271.0;0;3
45;115;nan;0.0;0.0;275.0;0.0;271.0;0;3
45;116;nan;0.0;0.0;275.0;0.0;271.0;0;3
45;117;nan;0.0;0.0;275.0;0.0;271.0;0;3
45;118;nan;0.0;0.0;275.0;0.0;271.0;0;3
45;119;nan;0.0;0.0;275.0;0.0;271.0;0;3
45;120;nan;0.0;0.0;275.0;0.0;271.0;0;3
45;121;nan;0.0;0.0;275.0;0.0;271.0;0;3
45;122;nan;0.0;0.0;275.0;0.0;271.0;0;3
45;123;nan;0.0;0.0;275.0;0.0;271.0;0;3
45;124;nan;0.0;0.0;275.0;0.0;271.0;0;3
45;125;nan;0.0;0.0;275.0;0.0;271.0;0;3
45;126;nan;0.0;0.0;275.0;0.0;271.0;0;3
45;127;nan;0.0;0.0;275.0;0.0;271.0;0;3
45;128;nan;0.0;0.0;275.0;0.0;271.0;0;3
45;129;nan;0.0;0.0;275.0;0.0;271.0;0;3
45;130;nan;0.0;0.0;275.0;0.0;271.0;0;3
45;131;nan;0.0;0.0;275.0;0.0;271.0;0;3
45;132;nan;0.0;0.0;275.0;0.0;271.0;0;3
45;133;nan;0.0;0.0;275.0;0.0;271.0;0;3
45;134;nan;0.0;0.0;275.0;0.0;271.0;0;3
45;135;nan;0.0;0.0;275.0;0.0;271.0;0;3
45;136;nan;0.0;0.0;275.0;0.0;271.0;0;3
45;137;nan;0.0;0.0;275.0;0.0;271.0;0;3
45;138;nan;0.0;0.0;275.0;0.0;271.0;0;3
45;139;nan;0.0;0.0;275.0;0.0;271.0;0;3
45;140;nan;0.0;0.0;275.0;0.0;271.0;0;3
45;141;nan;0.0;0.0;275.0;0.0;271.0;0;3
45;142;nan;0.0;0.0;275.0;0.0;271.0;0;3
45;143;nan;0.0;0.0;275.0;0.0;271.0;0;3
45;144;nan;0.0;0.0;275.0;0.0;271.0;0;3
45;145;nan;0.0;0.0;275.0;0.0;271.0;0;3
45;146;nan;0.0;0.0;275.0;0.0;271.0;0;3
45;147;nan;0.0;0.0;275.0;0.0;271.0;0;3
45;148;nan;0.0;0.0;275.0;0.0;271.0;0;3
45;149;nan;0.0;0.0;275.0;0.0;271.0;0;3
46;0;5.9;81.4;189.0;412.0;0.2;283.0;1;1
46;1;6.5;71.0;162.0;393.7;0.2;280.0;1;2
46;2;6.3;73.0;180.0;397.0;0.2;280.0;0;2
46;3;6.1;75.8;186.0;394.7;0.2;276.0;1;3
46;4;6.1;75.4;186.0;396.9;0.2;276.0;0;3
46;5;6.5;70.4;169.0;389.4;0.2;272.0;1;4
46;6;7.7;57.2;147.0;370.7;0.2;272.0;0;4
46;7;6.7;67.6;163.0;385.7;0.2;272.0;0;4
46;8;7.7;56.9;142.0;369.9;0.2;272.0;0;4
46;9;7.2;62.3;151.0;379.4;0.2;272.0;0;4
46;10;7.0;64.5;149.0;381.6;0.2;272.0;0;4
46;11;7.0;63.8;152.0;378.0;0.2;272.0;0;4
46;12;8.7;49.1;123.0;357.9;0.1;272.0;0;4
46;13;8.2;53.0;132.0;366.4;0.1;272.0;0;4
46;14;7.4;58.4;141.0;365.0;0.2;272.0;0;4
46;15;8.4;50.8;128.0;356.7;0.1;272.0;0;4
46;16;8.8;47.2;113.0;348.3;0.1;272.0;0;4
46;17;9.8;41.8;105.0;341.6;0.1;272.0;0;4
46;18;10.6;38.8;92.0;340.1;0.1;272.0;0;4
46;19;12.8;31.5;74.0;331.7;0.1;272.0;0;4
46;20;10.1;38.4;88.0;321.1;0.1;272.0;0;4
46;21;12.3;30.7;73.0;312.0;0.1;272.0;0;4
46;22;12.9;29.4;69.0;311.6;0.1;272.0;0;4
46;23;19.9;18.9;49.0;303.0;0.1;272.0;0;4
46;24;16.0;23.8;60.0;310.0;0.1;272.0;0;4
46;25;31.3;11.7;32.0;293.3;0.0;272.0;0;4
46;26;15.3;24.6;57.0;306.4;0.1;272.0;0;4
46;27;22.4;16.2;39.0;290.7;0.1;272.0;0;4
46;28;100.0;0.3;1.0;277.1;0.0;272.0;0;4
46;29;nan;0.0;0.0;277.0;0.0;272.0;0;4
46;30;nan;0.0;0.0;277.0;0.0;272.0;0;4
46;31;nan;0.0;0.0;277.0;0.0;272.0;0;4
46;32;nan;0.0;0.0;277.0;0.0;272.0;0;4
46;33;nan;0.0;0.0;277.0;0.0;272.0;0;4
46;34;nan;0.0;0.0;277.0;0.0;272.0;0;4
46;35;nan;0.0;0.0;277.0;0.0;272.0;0;4
46;36;nan;0.0;0.0;277.0;0.0;272.0;0;4
46;37;nan;0.0;0.0;277.0;0.0;272.0;0;4
46;38;nan;0.0;0.0;277.0;0.0;272.0;0;4
46;39;nan;0.0;0.0;277.0;0.0;272.0;0;4
46;40;nan;0.0;0.0;277.0;0.0;272.0;0;4
46;41;nan;0.0;0.0;277.0;0.0;272.0;0;4
46;42;nan;0.0;0.0;277.0;0.0;272.0;0;4
46;43;nan;0.0;0.0;277.0;0.0;272.0;0;4
46;44;nan;0.0;0.0;277.0;0.0;272.0;0;4
46;45;nan;0.0;0.0;277.0;0.0;272.0;0;4
46;46;nan;0.0;0.0;277.0;0.0;272.0;0;4
46;47;nan;0.0;0.0;277.0;0.0;272.0;0;4
46;48;nan;0.0;0.0;277.0;0.0;272.0;0;4
46;49;nan;0.0;0.0;277.0;0.0;272.0;0;4
46;50;nan;0.0;0.0;277.0;0.0;272.0;0;4
46;51;nan;0.0;0.0;277.0;0.0;272.0;0;4
46;52;nan;0.0;0.0;277.0;0.0;272.0;0;4
46;53;nan;0.0;0.0;277.0;0.0;272.0;0;4
46;54;nan;0.0;0.0;277.0;0.0;272.0;0;4
46;55;nan;0.0;0.0;277.0;0.0;272.0;0;4
46;56;nan;0.0;0.0;277.0;0.0;272.0;0;4
46;57;nan;0.0;0.0;277.0;0.0;272.0;0;4
46;58;nan;0.0;0.0;277.0;0.0;272.0;0;4
46;59;nan;0.0;0.0;277.0;0.0;272.0;0;4
46;60;nan;0.0;0.0;277.0;0.0;272.0;0;4
46;61;nan;0.0;0.0;277.0;0.0;272.0;0;4
46;62;nan;0.0;0.0;277.0;0.0;272.0;0;4
46;63;nan;0.0;0.0;277.0;0.0;272.0;0;4
46;64;nan;0.0;0.0;277.0;0.0;272.0;0;4
46;65;nan;0.0;0.0;277.0;0.0;272.0;0;4
46;66;nan;0.0;0.0;277.0;0.0;272.0;0;4
46;67;6.0;65.8;136.0;340.0;0.2;272.0;0;4
46;68;7.7;49.6;112.0;322.6;0.2;271.0;1;5
46;69;8.6;44.5;98.0;321.9;0.1;271.0;0;5
46;70;7.3;52.6;114.0;325.4;0.2;271.0;0;5
46;71;8.3;46.1;98.0;320.6;0.1;271.0;0;5
46;72;12.0;31.2;72.0;309.3;0.1;271.0;0;5
46;73;15.8;23.2;50.0;298.3;0.1;271.0;0;5
46;74;22.8;15.9;39.0;291.3;0.1;271.0;0;5
46;75;21.4;16.9;36.0;291.1;0.1;271.0;0;5
46;76;100.0;0.3;1.0;277.1;0.0;271.0;0;5
46;77;nan;0.0;0.0;277.0;0.0;271.0;0;5
46;78;nan;0.0;0.0;277.0;0.0;271.0;0;5
46;79;nan;0.0;0.0;277.0;0.0;271.0;0;5
46;80;nan;0.0;0.0;277.0;0.0;271.0;0;5
46;81;nan;0.0;0.0;277.0;0.0;271.0;0;5
46;82;nan;0.0;0.0;277.0;0.0;271.0;0;5
46;83;nan;0.0;0.0;277.0;0.0;271.0;0;5
46;84;nan;0.0;0.0;277.0;0.0;271.0;0;5
46;85;nan;0.0;0.0;277.0;0.0;271.0;0;5
46;86;nan;0.0;0.0;277.0;0.0;271.0;0;5
46;87;nan;0.0;0.0;277.0;0.0;271.0;0;5
46;88;nan;0.0;0.0;277.0;0.0;271.0;0;5
46;89;nan;0.0;0.0;277.0;0.0;271.0;0;5
46;90;nan;0.0;0.0;277.0;0.0;271.0;0;5
46;91;nan;0.0;0.0;277.0;0.0;271.0;0;5
46;92;nan;0.0;0.0;277.0;0.0;271.0;0;5
46;93;nan;0.0;0.0;277.0;0.0;271.0;0;5
46;94;nan;0.0;0.0;277.0;0.0;271.0;0;5
46;95;nan;0.0;0.0;277.0;0.0;271.0;0;5
46;96;nan;0.0;0.0;277.0;0.0;271.0;0;5
46;97;nan;0.0;0.0;277.0;0.0;271.0;0;5
46;98;100.0;0.3;1.0;276.9;0.0;271.0;0;5
46;99;nan;0.0;0.0;277.0;0.0;271.0;0;5
46;100;nan;0.0;0.0;277.0;0.0;271.0;0;5
46;101;nan;0.0;0.0;277.0;0.0;271.0;0;5
46;102;nan;0.0;0.0;277.0;0.0;271.0;0;5
46;103;nan;0.0;0.0;277.0;0.0;271.0;0;5
46;104;nan;0.0;0.0;277.0;0.0;271.0;0;5
46;105;nan;0.0;0.0;277.0;0.0;271.0;0;5
46;106;nan;0.0;0.0;277.0;0.0;271.0;0;5
46;107;nan;0.0;0.0;277.0;0.0;271.0;0;5
46;108;nan;0.0;0.0;277.0;0.0;271.0;0;5
46;109;nan;0.0;0.0;277.0;0.0;271.0;0;5
46;110;nan;0.0;0.0;277.0;0.0;271.0;0;5
46;111;nan;0.0;0.0;277.0;0.0;271.0;0;5
46;112;nan;0.0;0.0;277.0;0.0;271.0;0;5
46;113;nan;0.0;0.0;277.0;0.0;271.0;0;5
46;114;7.6;48.4;114.0;311.4;0.2;271.0;0;5
46;115;11.7;31.1;73.0;299.9;0.1;271.0;0;5
46;116;14.3;25.1;60.0;293.0;0.1;271.0;0;5
46;117;28.7;12.5;34.0;287.0;0.0;271.0;0;5
46;118;16.8;21.5;54.0;292.9;0.1;271.0;0;5
46;119;100.0;3.5;8.0;281.1;0.0;271.0;0;5
46;120;97.7;3.7;9.0;280.3;0.0;271.0;0;5
46;121;84.5;4.2;13.0;281.3;0.0;271.0;0;5
46;122;55.0;6.5;17.0;281.4;0.0;271.0;0;5
46;123;99.7;3.6;9.0;280.4;0.0;271.0;0;5
46;124;100.0;2.8;9.0;279.6;0.0;271.0;0;5
46;125;100.0;3.0;10.0;279.0;0.0;271.0;0;5
46;126;100.0;2.9;9.0;279.0;0.0;271.0;0;5
46;127;nan;0.0;0.0;277.0;0.0;271.0;0;5
46;128;100.0;0.3;1.0;276.9;0.0;271.0;0;5
46;129;nan;0.0;0.0;277.0;0.0;271.0;0;5
46;130;nan;0.0;0.0;277.0;0.0;271.0;0;5
46;131;nan;0.0;0.0;277.0;0.0;271.0;0;5
46;132;nan;0.0;0.0;277.0;0.0;271.0;0;5
46;133;nan;0.0;0.0;277.0;0.0;271.0;0;5
46;134;nan;0.0;0.0;277.0;0.0;271.0;0;5
46;135;nan;0.0;0.0;277.0;0.0;271.0;0;5
46;136;nan;0.0;0.0;277.0;0.0;271.0;0;5
46;137;nan;0.0;0.0;277.0;0.0;271.0;0;5
46;138;nan;0.0;0.0;277.0;0.0;271.0;0;5
46;139;nan;0.0;0.0;277.0;0.0;271.0;0;5
46;140;nan;0.0;0.0;277.0;0.0;271.0;0;5
46;141;nan;0.0;0.0;277.0;0.0;271.0;0;5
46;142;nan;0.0;0.0;277.0;0.0;271.0;0;5
46;143;nan;0.0;0.0;277.0;0.0;271.0;0;5
46;144;nan;0.0;0.0;277.0;0.0;271.0;0;5
46;145;nan;0.0;0.0;277.0;0.0;271.0;0;5
46;146;nan;0.0;0.0;277.0;0.0;271.0;0;5
46;147;nan;0.0;0.0;277.0;0.0;271.0;0;5
46;148;nan;0.0;0.0;277.0;0.0;271.0;0;5
46;149;nan;0.0;0.0;277.0;0.0;271.0;0;5
47;0;6.5;71.3;175.0;395.7;0.2;286.0;1;1
47;1;6.3;73.5;169.0;398.0;0.2;281.0;1;2
47;2;6.1;76.3;175.0;401.9;0.2;281.0;0;2
47;3;6.5;70.3;175.0;391.6;0.2;277.0;1;3
47;4;6.9;65.6;150.0;387.6;0.2;277.0;0;3
47;5;6.6;68.4;166.0;384.7;0.2;274.0;1;4
47;6;6.3;73.9;172.0;398.0;0.2;274.0;0;4
47;7;7.4;60.6;143.0;379.6;0.2;274.0;0;4
47;8;7.9;54.9;140.0;366.9;0.1;274.0;0;4
47;9;7.7;58.6;143.0;379.0;0.2;274.0;0;4
47;10;8.9;47.8;119.0;355.3;0.1;274.0;0;4
47;11;7.4;59.2;147.0;370.0;0.2;274.0;0;4
47;12;6.9;64.4;149.0;380.0;0.2;274.0;0;4
47;13;7.9;56.0;127.0;371.0;0.2;274.0;0;4
47;14;7.3;59.9;144.0;372.3;0.2;274.0;0;4
47;15;7.3;59.1;139.0;364.4;0.2;273.0;1;5
47;16;10.9;37.8;95.0;341.4;0.1;273.0;0;5
47;17;7.7;55.8;131.0;364.6;0.2;273.0;0;5
47;18;12.3;32.8;83.0;332.0;0.1;273.0;0;5
47;19;17.2;22.3;65.0;311.6;0.1;273.0;0;5
47;20;10.2;38.0;85.0;321.9;0.1;273.0;0;5
47;21;11.6;32.9;79.0;315.4;0.1;273.0;0;5
47;22;10.7;35.6;79.0;314.6;0.1;272.0;1;6
47;23;10.5;37.1;88.0;322.3;0.1;272.0;0;6
47;24;12.1;30.9;79.0;308.3;0.1;272.0;0;6
47;25;14.9;25.3;69.0;307.6;0.1;272.0;0;6
47;26;19.7;19.1;51.0;302.7;0.1;272.0;0;6
47;27;16.8;21.8;49.0;297.4;0.1;272.0;0;6
47;28;26.0;14.1;31.0;292.0;0.0;272.0;0;6
47;29;25.0;14.2;31.0;285.1;0.0;272.0;0;6
47;30;nan;0.0;0.0;273.0;0.0;272.0;0;6
47;31;nan;0.0;0.0;273.0;0.0;272.0;0;6
47;32;nan;0.0;0.0;273.0;0.0;272.0;0;6
47;33;nan;0.0;0.0;273.0;0.0;272.0;0;6
47;34;nan;0.0;0.0;273.0;0.0;272.0;0;6
47;35;nan;0.0;0.0;273.0;0.0;272.0;0;6
47;36;nan;0.0;0.0;273.0;0.0;272.0;0;6
47;37;nan;0.0;0.0;273.0;0.0;272.0;0;6
47;38;nan;0.0;0.0;273.0;0.0;272.0;0;6
47;39;nan;0.0;0.0;273.0;0.0;272.0;0;6
47;40;nan;0.0;0.0;273.0;0.0;272.0;0;6
47;41;nan;0.0;0.0;273.0;0.0;272.0;0;6
47;42;nan;0.0;0.0;273.0;0.0;272.0;0;6
47;43;nan;0.0;0.0;273.0;0.0;272.0;0;6
47;44;nan;0.0;0.0;273.0;0.0;272.0;0;6
47;45;nan;0.0;0.0;273.0;0.0;272.0;0;6
47;46;nan;0.0;0.0;273.0;0.0;272.0;0;6
47;47;nan;0.0;0.0;273.0;0.0;272.0;0;6
47;48;nan;0.0;0.0;273.0;0.0;272.0;0;6
47;49;nan;0.0;0.0;273.0;0.0;272.0;0;6
47;50;nan;0.0;0.0;273.0;0.0;272.0;0;6
47;51;nan;0.0;0.0;273.0;0.0;272.0;0;6
47;52;nan;0.0;0.0;273.0;0.0;272.0;0;6
47;53;nan;0.0;0.0;273.0;0.0;272.0;0;6
47;54;nan;0.0;0.0;273.0;0.0;272.0;0;6
47;55;nan;0.0;0.0;273.0;0.0;272.0;0;6
47;56;nan;0.0;0.0;273.0;0.0;272.0;0;6
47;57;nan;0.0;0.0;273.0;0.0;272.0;0;6
47;58;nan;0.0;0.0;273.0;0.0;272.0;0;6
47;59;nan;0.0;0.0;273.0;0.0;272.0;0;6
47;60;nan;0.0;0.0;273.0;0.0;272.0;0;6
47;61;nan;0.0;0.0;273.0;0.0;272.0;0;6
47;62;nan;0.0;0.0;273.0;0.0;272.0;0;6
47;63;nan;0.0;0.0;273.0;0.0;272.0;0;6
47;64;nan;0.0;0.0;273.0;0.0;272.0;0;6
47;65;nan;0.0;0.0;273.0;0.0;272.0;0;6
47;66;nan;0.0;0.0;273.0;0.0;272.0;0;6
47;67;nan;0.0;0.0;273.0;0.0;272.0;0;6
47;68;6.9;55.7;116.0;328.0;0.2;272.0;0;6
47;69;10.2;36.3;83.0;306.4;0.1;272.0;0;6
47;70;12.1;30.4;71.0;304.1;0.1;272.0;0;6
47;71;9.3;40.0;90.0;311.3;0.1;272.0;0;6
47;72;8.9;41.8;89.0;310.9;0.1;272.0;0;6
47;73;15.5;23.6;57.0;297.6;0.1;272.0;0;6
47;74;14.5;25.2;61.0;297.7;0.1;272.0;0;6
47;75;16.6;22.1;60.0;297.4;0.1;271.0;1;7
47;76;21.9;16.7;44.0;294.6;0.1;271.0;0;7
47;77;35.7;10.1;23.0;287.9;0.0;271.0;0;7
47;78;20.6;17.7;45.0;294.0;0.1;271.0;0;7
47;79;60.6;5.8;12.0;278.3;0.0;271.0;0;7
47;80;78.7;4.5;12.0;276.6;0.0;271.0;0;7
47;81;69.4;5.1;12.0;278.3;0.0;271.0;0;7
47;82;84.5;4.1;12.0;275.0;0.0;271.0;0;7
47;83;65.7;5.3;12.0;276.6;0.0;271.0;0;7
47;84;nan;0.0;0.0;273.0;0.0;271.0;0;7
47;85;nan;0.0;0.0;273.0;0.0;271.0;0;7
47;86;nan;0.0;0.0;273.0;0.0;271.0;0;7
47;87;nan;0.0;0.0;273.0;0.0;271.0;0;7
47;88;nan;0.0;0.0;273.0;0.0;271.0;0;7
47;89;nan;0.0;0.0;273.0;0.0;271.0;0;7
47;90;nan;0.0;0.0;273.0;0.0;271.0;0;7
47;91;nan;0.0;0.0;273.0;0.0;271.0;0;7
47;92;nan;0.0;0.0;273.0;0.0;271.0;0;7
47;93;nan;0.0;0.0;273.0;0.0;271.0;0;7
47;94;nan;0.0;0.0;273.0;0.0;271.0;0;7
47;95;nan;0.0;0.0;273.0;0.0;271.0;0;7
47;96;nan;0.0;0.0;273.0;0.0;271.0;0;7
47;97;nan;0.0;0.0;273.0;0.0;271.0;0;7
47;98;nan;0.0;0.0;273.0;0.0;271.0;0;7
47;99;nan;0.0;0.0;273.0;0.0;271.0;0;7
47;100;nan;0.0;0.0;273.0;0.0;271.0;0;7
47;101;nan;0.0;0.0;273.0;0.0;271.0;0;7
47;102;nan;0.0;0.0;273.0;0.0;271.0;0;7
47;103;nan;0.0;0.0;273.0;0.0;271.0;0;7
47;104;nan;0.0;0.0;273.0;0.0;271.0;0;7
47;105;nan;0.0;0.0;273.0;0.0;271.0;0;7
47;106;nan;0.0;0.0;273.0;0.0;271.0;0;7
47;107;nan;0.0;0.0;273.0;0.0;271.0;0;7
47;108;nan;0.0;0.0;273.0;0.0;271.0;0;7
47;109;nan;0.0;0.0;273.0;0.0;271.0;0;7
47;110;nan;0.0;0.0;273.0;0.0;271.0;0;7
47;111;nan;0.0;0.0;273.0;0.0;271.0;0;7
47;112;nan;0.0;0.0;273.0;0.0;271.0;0;7
47;113;nan;0.0;0.0;273.0;0.0;271.0;0;7
47;114;nan;0.0;0.0;273.0;0.0;271.0;0;7
47;115;nan;0.0;0.0;273.0;0.0;271.0;0;7
47;116;nan;0.0;0.0;273.0;0.0;271.0;0;7
47;117;nan;0.0;0.0;273.0;0.0;271.0;0;7
47;118;nan;0.0;0.0;273.0;0.0;271.0;0;7
47;119;nan;0.0;0.0;273.0;0.0;271.0;0;7
47;120;nan;0.0;0.0;273.0;0.0;271.0;0;7
47;121;6.7;55.1;127.0;313.0;0.2;271.0;0;7
47;122;14.5;25.0;60.0;295.9;0.1;271.0;0;7
47;123;10.5;34.5;86.0;300.9;0.1;271.0;0;7
47;124;16.3;22.1;53.0;291.6;0.1;271.0;0;7
47;125;13.8;25.9;68.0;291.7;0.1;271.0;0;7
47;126;22.3;16.0;46.0;287.7;0.1;271.0;0;7
47;127;12.4;29.0;71.0;296.9;0.1;271.0;0;7
47;128;20.0;18.0;42.0;290.7;0.1;271.0;0;7
47;129;16.3;21.7;63.0;287.9;0.1;271.0;0;7
47;130;16.6;21.3;66.0;287.4;0.1;271.0;0;7
47;131;26.0;13.7;42.0;285.6;0.0;271.0;0;7
47;132;15.1;23.1;68.0;284.9;0.1;271.0;0;7
47;133;15.2;23.1;68.0;284.9;0.1;271.0;0;7
47;134;14.7;23.6;69.0;283.3;0.1;271.0;0;7
47;135;32.7;10.8;33.0;280.7;0.0;271.0;0;7
47;136;18.7;18.8;57.0;284.0;0.1;271.0;0;7
47;137;17.6;19.8;57.0;281.7;0.1;271.0;0;7
47;138;17.8;19.6;57.0;282.3;0.1;271.0;0;7
47;139;18.0;19.4;57.0;283.0;0.1;271.0;0;7
47;140;17.7;19.7;57.0;282.1;0.1;271.0;0;7
47;141;17.8;19.6;57.0;282.3;0.1;271.0;0;7
47;142;17.4;19.9;57.0;281.1;0.1;271.0;0;7
47;143;81.8;4.3;13.0;276.7;0.0;271.0;0;7
47;144;79.0;4.4;13.0;276.0;0.0;271.0;0;7
47;145;99.1;3.6;13.0;278.3;0.0;271.0;0;7
47;146;87.8;4.0;13.0;277.7;0.0;271.0;0;7
47;147;83.7;4.2;13.0;277.0;0.0;271.0;0;7
47;148;100.0;3.5;13.0;278.4;0.0;271.0;0;7
47;149;100.0;3.5;13.0;278.4;0.0;271.0;0;7
48;0;6.3;75.2;176.0;403.4;0.2;283.0;1;1
48;1;6.3;72.6;176.0;394.1;0.2;279.0;1;2
48;2;6.2;74.0;176.0;394.6;0.2;274.0;1;3
48;3;6.7;68.3;163.0;389.4;0.2;274.0;0;3
48;4;6.0;79.1;181.0;408.0;0.2;274.0;0;3
48;5;7.7;57.6;134.0;373.9;0.2;274.0;0;3
48;6;5.9;80.2;185.0;409.3;0.2;274.0;0;3
48;7;6.4;69.9;165.0;381.9;0.2;273.0;1;4
48;8;7.0;64.2;159.0;383.9;0.2;273.0;0;4
48;9;9.1;46.9;119.0;357.1;0.1;273.0;0;4
48;10;7.2;62.6;152.0;380.3;0.2;273.0;0;4
48;11;8.1;52.9;130.0;362.4;0.1;273.0;0;4
48;12;7.4;60.0;143.0;375.7;0.2;273.0;0;4
48;13;8.6;49.2;130.0;356.6;0.1;273.0;0;4
48;14;10.7;38.4;100.0;341.4;0.1;273.0;0;4
48;15;8.4;49.8;134.0;352.1;0.1;273.0;0;4
48;16;9.8;41.6;101.0;340.4;0.1;273.0;0;4
48;17;10.6;38.8;99.0;339.7;0.1;273.0;0;4
48;18;11.3;35.9;88.0;333.7;0.1;273.0;0;4
48;19;17.5;22.6;58.0;319.7;0.1;273.0;0;4
48;20;16.2;23.1;63.0;303.7;0.1;273.0;0;4
48;21;12.8;30.2;67.0;318.4;0.1;273.0;0;4
48;22;16.8;22.2;58.0;303.4;0.1;273.0;0;4
48;23;19.0;19.8;48.0;303.7;0.1;273.0;0;4
48;24;18.6;19.9;49.0;299.1;0.1;273.0;0;4
48;25;30.4;11.9;29.0;289.4;0.0;273.0;0;4
48;26;36.5;9.8;25.0;285.3;0.0;273.0;0;4
48;27;100.0;2.3;6.0;279.9;0.0;273.0;0;4
48;28;100.0;3.4;9.0;281.1;0.0;273.0;0;4
48;29;100.0;1.8;6.0;279.3;0.0;273.0;0;4
48;30;100.0;1.7;5.0;277.9;0.0;273.0;0;4
48;31;100.0;2.0;5.0;278.9;0.0;273.0;0;4
48;32;100.0;3.0;8.0;279.6;0.0;273.0;0;4
48;33;100.0;2.4;6.0;277.4;0.0;273.0;0;4
48;34;nan;0.0;0.0;275.0;0.0;273.0;0;4
48;35;nan;0.0;0.0;275.0;0.0;273.0;0;4
48;36;nan;0.0;0.0;275.0;0.0;273.0;0;4
48;37;nan;0.0;0.0;275.0;0.0;273.0;0;4
48;38;nan;0.0;0.0;275.0;0.0;273.0;0;4
48;39;nan;0.0;0.0;275.0;0.0;273.0;0;4
48;40;nan;0.0;0.0;275.0;0.0;273.0;0;4
48;41;nan;0.0;0.0;275.0;0.0;273.0;0;4
48;42;nan;0.0;0.0;275.0;0.0;273.0;0;4
48;43;100.0;1.0;3.0;274.6;0.0;272.0;1;5
48;44;nan;0.0;0.0;275.0;0.0;272.0;0;5
48;45;nan;0.0;0.0;275.0;0.0;272.0;0;5
48;46;nan;0.0;0.0;275.0;0.0;272.0;0;5
48;47;nan;0.0;0.0;275.0;0.0;272.0;0;5
48;48;nan;0.0;0.0;275.0;0.0;272.0;0;5
48;49;nan;0.0;0.0;275.0;0.0;272.0;0;5
48;50;nan;0.0;0.0;275.0;0.0;272.0;0;5
48;51;nan;0.0;0.0;275.0;0.0;272.0;0;5
48;52;nan;0.0;0.0;275.0;0.0;272.0;0;5
48;53;nan;0.0;0.0;275.0;0.0;272.0;0;5
48;54;nan;0.0;0.0;275.0;0.0;272.0;0;5
48;55;nan;0.0;0.0;275.0;0.0;272.0;0;5
48;56;nan;0.0;0.0;275.0;0.0;272.0;0;5
48;57;nan;0.0;0.0;275.0;0.0;272.0;0;5
48;58;nan;0.0;0.0;275.0;0.0;272.0;0;5
48;59;nan;0.0;0.0;275.0;0.0;272.0;0;5
48;60;nan;0.0;0.0;275.0;0.0;272.0;0;5
48;61;nan;0.0;0.0;275.0;0.0;272.0;0;5
48;62;nan;0.0;0.0;275.0;0.0;272.0;0;5
48;63;nan;0.0;0.0;275.0;0.0;272.0;0;5
48;64;nan;0.0;0.0;275.0;0.0;272.0;0;5
48;65;nan;0.0;0.0;275.0;0.0;272.0;0;5
48;66;nan;0.0;0.0;275.0;0.0;272.0;0;5
48;67;nan;0.0;0.0;275.0;0.0;272.0;0;5
48;68;nan;0.0;0.0;275.0;0.0;272.0;0;5
48;69;nan;0.0;0.0;275.0;0.0;272.0;0;5
48;70;nan;0.0;0.0;275.0;0.0;272.0;0;5
48;71;nan;0.0;0.0;275.0;0.0;272.0;0;5
48;72;nan;0.0;0.0;275.0;0.0;272.0;0;5
48;73;nan;0.0;0.0;275.0;0.0;272.0;0;5
48;74;nan;0.0;0.0;275.0;0.0;272.0;0;5
48;75;nan;0.0;0.0;275.0;0.0;272.0;0;5
48;76;nan;0.0;0.0;275.0;0.0;272.0;0;5
48;77;nan;0.0;0.0;275.0;0.0;272.0;0;5
48;78;nan;0.0;0.0;275.0;0.0;272.0;0;5
48;79;nan;0.0;0.0;275.0;0.0;272.0;0;5
48;80;nan;0.0;0.0;275.0;0.0;272.0;0;5
48;81;nan;0.0;0.0;275.0;0.0;272.0;0;5
48;82;nan;0.0;0.0;275.0;0.0;272.0;0;5
48;83;nan;0.0;0.0;275.0;0.0;272.0;0;5
48;84;nan;0.0;0.0;275.0;0.0;272.0;0;5
48;85;nan;0.0;0.0;275.0;0.0;272.0;0;5
48;86;nan;0.0;0.0;275.0;0.0;272.0;0;5
48;87;nan;0.0;0.0;275.0;0.0;272.0;0;5
48;88;nan;0.0;0.0;275.0;0.0;272.0;0;5
48;89;6.3;60.4;127.0;327.0;0.2;272.0;0;5
48;90;11.2;33.4;79.0;307.7;0.1;272.0;0;5
48;91;9.7;38.2;88.0;309.6;0.1;271.0;1;6
48;92;11.3;33.3;80.0;309.9;0.1;271.0;0;6
48;93;14.8;25.0;65.0;301.0;0.1;271.0;0;6
48;94;17.9;20.7;54.0;299.1;0.1;271.0;0;6
48;95;26.4;13.6;34.0;286.4;0.0;271.0;0;6
48;96;37.1;9.4;27.0;278.9;0.0;271.0;0;6
48;97;nan;0.0;0.0;275.0;0.0;271.0;0;6
48;98;nan;0.0;0.0;275.0;0.0;271.0;0;6
48;99;nan;0.0;0.0;275.0;0.0;271.0;0;6
48;100;nan;0.0;0.0;275.0;0.0;271.0;0;6
48;101;nan;0.0;0.0;275.0;0.0;271.0;0;6
48;102;nan;0.0;0.0;275.0;0.0;271.0;0;6
48;103;nan;0.0;0.0;275.0;0.0;271.0;0;6
48;104;nan;0.0;0.0;275.0;0.0;271.0;0;6
48;105;nan;0.0;0.0;275.0;0.0;271.0;0;6
48;106;nan;0.0;0.0;275.0;0.0;271.0;0;6
48;107;nan;0.0;0.0;275.0;0.0;271.0;0;6
48;108;nan;0.0;0.0;275.0;0.0;271.0;0;6
48;109;nan;0.0;0.0;275.0;0.0;271.0;0;6
48;110;nan;0.0;0.0;275.0;0.0;271.0;0;6
48;111;nan;0.0;0.0;275.0;0.0;271.0;0;6
48;112;nan;0.0;0.0;275.0;0.0;271.0;0;6
48;113;nan;0.0;0.0;275.0;0.0;271.0;0;6
48;114;nan;0.0;0.0;275.0;0.0;271.0;0;6
48;115;nan;0.0;0.0;275.0;0.0;271.0;0;6
48;116;nan;0.0;0.0;275.0;0.0;271.0;0;6
48;117;nan;0.0;0.0;275.0;0.0;271.0;0;6
48;118;nan;0.0;0.0;275.0;0.0;271.0;0;6
48;119;nan;0.0;0.0;275.0;0.0;271.0;0;6
48;120;nan;0.0;0.0;275.0;0.0;271.0;0;6
48;121;100.0;0.3;1.0;274.9;0.0;271.0;0;6
48;122;nan;0.0;0.0;275.0;0.0;271.0;0;6
48;123;nan;0.0;0.0;275.0;0.0;271.0;0;6
48;124;nan;0.0;0.0;275.0;0.0;271.0;0;6
48;125;nan;0.0;0.0;275.0;0.0;271.0;0;6
48;126;nan;0.0;0.0;275.0;0.0;271.0;0;6
48;127;nan;0.0;0.0;275.0;0.0;271.0;0;6
48;128;nan;0.0;0.0;275.0;0.0;271.0;0;6
48;129;nan;0.0;0.0;275.0;0.0;271.0;0;6
48;130;nan;0.0;0.0;275.0;0.0;271.0;0;6
48;131;nan;0.0;0.0;275.0;0.0;271.0;0;6
48;132;nan;0.0;0.0;275.0;0.0;271.0;0;6
48;133;nan;0.0;0.0;275.0;0.0;271.0;0;6
48;134;nan;0.0;0.0;275.0;0.0;271.0;0;6
48;135;nan;0.0;0.0;275.0;0.0;271.0;0;6
48;136;nan;0.0;0.0;275.0;0.0;271.0;0;6
48;137;9.8;36.1;109.0;293.3;0.1;271.0;0;6
48;138;22.6;15.4;45.0;279.7;0.1;271.0;0;6
48;139;25.3;13.9;42.0;283.0;0.0;271.0;0;6
48;140;nan;0.0;0.0;275.0;0.0;271.0;0;6
48;141;nan;0.0;0.0;275.0;0.0;271.0;0;6
48;142;nan;0.0;0.0;275.0;0.0;271.0;0;6
48;143;nan;0.0;0.0;275.0;0.0;271.0;0;6
48;144;nan;0.0;0.0;275.0;0.0;271.0;0;6
48;145;nan;0.0;0.0;275.0;0.0;271.0;0;6
48;146;nan;0.0;0.0;275.0;0.0;271.0;0;6
48;147;nan;0.0;0.0;275.0;0.0;271.0;0;6
48;148;nan;0.0;0.0;275.0;0.0;271.0;0;6
48;149;nan;0.0;0.0;275.0;0.0;271.0;0;6
49;0;5.9;81.9;195.0;417.1;0.2;283.0;1;1
49;1;7.0;64.7;156.0;383.7;0.2;278.0;1;2
49;2;6.1;76.4;187.0;402.9;0.2;274.0;1;3
49;3;6.4;71.6;172.0;389.4;0.2;273.0;1;4
49;4;7.1;63.9;156.0;383.6;0.2;273.0;0;4
49;5;6.6;70.4;170.0;394.4;0.2;273.0;0;4
49;6;8.1;54.9;129.0;372.6;0.1;273.0;0;4
49;7;6.6;69.8;162.0;391.7;0.2;273.0;0;4
49;8;8.5;50.9;127.0;361.6;0.1;273.0;0;4
49;9;8.7;48.7;127.0;355.1;0.1;273.0;0;4
49;10;7.4;59.5;146.0;373.6;0.2;273.0;0;4
49;11;8.3;52.1;129.0;362.0;0.1;273.0;0;4
49;12;7.9;55.6;134.0;369.1;0.2;273.0;0;4
49;13;8.9;48.0;116.0;355.4;0.1;273.0;0;4
49;14;9.5;43.9;112.0;348.1;0.1;273.0;0;4
49;15;8.9;47.9;114.0;357.9;0.1;273.0;0;4
49;16;10.6;38.4;97.0;339.0;0.1;273.0;0;4
49;17;9.9;42.1;104.0;346.3;0.1;273.0;0;4
49;18;10.9;37.5;95.0;337.7;0.1;273.0;0;4
49;19;12.3;32.3;92.0;326.9;0.1;273.0;0;4
49;20;12.3;31.2;72.0;316.1;0.1;273.0;0;4
49;21;13.0;29.2;68.0;311.0;0.1;273.0;0;4
49;22;13.1;28.9;70.0;311.1;0.1;273.0;0;4
49;23;11.1;34.8;83.0;319.6;0.1;273.0;0;4
49;24;15.0;25.1;68.0;306.9;0.1;273.0;0;4
49;25;16.1;23.3;53.0;304.6;0.1;273.0;0;4
49;26;23.6;15.7;41.0;296.9;0.1;273.0;0;4
49;27;52.6;6.8;18.0;283.4;0.0;273.0;0;4
49;28;59.0;6.1;14.0;285.0;0.0;273.0;0;4
49;29;100.0;1.6;4.0;279.3;0.0;273.0;0;4
49;30;nan;0.0;0.0;278.0;0.0;273.0;0;4
49;31;nan;0.0;0.0;278.0;0.0;273.0;0;4
49;32;nan;0.0;0.0;278.0;0.0;273.0;0;4
49;33;100.0;0.9;2.0;277.4;0.0;273.0;0;4
49;34;nan;0.0;0.0;278.0;0.0;273.0;0;4
49;35;nan;0.0;0.0;278.0;0.0;273.0;0;4
49;36;nan;0.0;0.0;278.0;0.0;273.0;0;4
49;37;nan;0.0;0.0;278.0;0.0;273.0;0;4
49;38;nan;0.0;0.0;278.0;0.0;273.0;0;4
49;39;nan;0.0;0.0;278.0;0.0;273.0;0;4
49;40;nan;0.0;0.0;278.0;0.0;273.0;0;4
49;41;100.0;0.7;2.0;277.7;0.0;273.0;0;4
49;42;nan;0.0;0.0;278.0;0.0;273.0;0;4
49;43;nan;0.0;0.0;278.0;0.0;273.0;0;4
49;44;nan;0.0;0.0;278.0;0.0;273.0;0;4
49;45;nan;0.0;0.0;278.0;0.0;273.0;0;4
49;46;nan;0.0;0.0;278.0;0.0;273.0;0;4
49;47;nan;0.0;0.0;278.0;0.0;273.0;0;4
49;48;nan;0.0;0.0;278.0;0.0;273.0;0;4
49;49;nan;0.0;0.0;278.0;0.0;273.0;0;4
49;50;nan;0.0;0.0;278.0;0.0;273.0;0;4
49;51;100.0;0.3;1.0;277.9;0.0;273.0;0;4
49;52;nan;0.0;0.0;278.0;0.0;273.0;0;4
49;53;nan;0.0;0.0;278.0;0.0;273.0;0;4
49;54;nan;0.0;0.0;278.0;0.0;273.0;0;4
49;55;nan;0.0;0.0;278.0;0.0;273.0;0;4
49;56;nan;0.0;0.0;278.0;0.0;273.0;0;4
49;57;nan;0.0;0.0;278.0;0.0;273.0;0;4
49;58;nan;0.0;0.0;278.0;0.0;273.0;0;4
49;59;nan;0.0;0.0;278.0;0.0;273.0;0;4
49;60;nan;0.0;0.0;278.0;0.0;273.0;0;4
49;61;nan;0.0;0.0;278.0;0.0;273.0;0;4
49;62;nan;0.0;0.0;278.0;0.0;273.0;0;4
49;63;nan;0.0;0.0;278.0;0.0;273.0;0;4
49;64;nan;0.0;0.0;278.0;0.0;273.0;0;4
49;65;nan;0.0;0.0;278.0;0.0;273.0;0;4
49;66;nan;0.0;0.0;278.0;0.0;273.0;0;4
49;67;7.4;51.9;111.0;326.9;0.2;273.0;0;4
49;68;7.5;51.3;110.0;324.1;0.2;273.0;0;4
49;69;8.6;44.1;100.0;318.7;0.1;273.0;0;4
49;70;15.5;23.6;59.0;298.1;0.1;273.0;0;4
49;71;14.8;25.0;60.0;300.9;0.1;273.0;0;4
49;72;16.9;21.8;49.0;300.0;0.1;273.0;0;4
49;73;28.3;12.8;32.0;289.9;0.0;273.0;0;4
49;74;nan;0.0;0.0;278.0;0.0;273.0;0;4
49;75;nan;0.0;0.0;278.0;0.0;273.0;0;4
49;76;nan;0.0;0.0;278.0;0.0;273.0;0;4
49;77;nan;0.0;0.0;278.0;0.0;273.0;0;4
49;78;nan;0.0;0.0;278.0;0.0;273.0;0;4
49;79;nan;0.0;0.0;278.0;0.0;273.0;0;4
49;80;nan;0.0;0.0;278.0;0.0;273.0;0;4
49;81;nan;0.0;0.0;278.0;0.0;273.0;0;4
49;82;nan;0.0;0.0;278.0;0.0;273.0;0;4
49;83;nan;0.0;0.0;278.0;0.0;273.0;0;4
49;84;nan;0.0;0.0;278.0;0.0;273.0;0;4
49;85;nan;0.0;0.0;278.0;0.0;273.0;0;4
49;86;nan;0.0;0.0;278.0;0.0;273.0;0;4
49;87;nan;0.0;0.0;278.0;0.0;273.0;0;4
49;88;nan;0.0;0.0;278.0;0.0;273.0;0;4
49;89;nan;0.0;0.0;278.0;0.0;273.0;0;4
49;90;nan;0.0;0.0;278.0;0.0;273.0;0;4
49;91;nan;0.0;0.0;278.0;0.0;273.0;0;4
49;92;nan;0.0;0.0;278.0;0.0;273.0;0;4
49;93;nan;0.0;0.0;278.0;0.0;273.0;0;4
49;94;nan;0.0;0.0;278.0;0.0;273.0;0;4
49;95;nan;0.0;0.0;278.0;0.0;273.0;0;4
49;96;nan;0.0;0.0;278.0;0.0;273.0;0;4
49;97;nan;0.0;0.0;278.0;0.0;273.0;0;4
49;98;nan;0.0;0.0;278.0;0.0;273.0;0;4
49;99;nan;0.0;0.0;278.0;0.0;273.0;0;4
49;100;nan;0.0;0.0;278.0;0.0;273.0;0;4
49;101;nan;0.0;0.0;278.0;0.0;273.0;0;4
49;102;nan;0.0;0.0;278.0;0.0;273.0;0;4
49;103;nan;0.0;0.0;278.0;0.0;273.0;0;4
49;104;nan;0.0;0.0;278.0;0.0;273.0;0;4
49;105;nan;0.0;0.0;278.0;0.0;273.0;0;4
49;106;nan;0.0;0.0;278.0;0.0;273.0;0;4
49;107;nan;0.0;0.0;278.0;0.0;273.0;0;4
49;108;nan;0.0;0.0;278.0;0.0;273.0;0;4
49;109;nan;0.0;0.0;278.0;0.0;273.0;0;4
49;110;nan;0.0;0.0;278.0;0.0;273.0;0;4
49;111;nan;0.0;0.0;278.0;0.0;273.0;0;4
49;112;10.7;34.0;77.0;300.3;0.1;273.0;0;4
49;113;26.0;13.8;35.0;286.4;0.0;273.0;0;4
49;114;13.1;27.4;64.0;294.7;0.1;273.0;0;4
49;115;14.4;25.1;59.0;294.4;0.1;273.0;0;4
49;116;18.9;19.1;44.0;291.9;0.1;273.0;0;4
49;117;18.8;19.1;44.0;290.9;0.1;273.0;0;4
49;118;18.7;19.2;45.0;290.9;0.1;273.0;0;4
49;119;18.7;19.2;43.0;290.7;0.1;273.0;0;4
49;120;nan;0.0;0.0;278.0;0.0;273.0;0;4
49;121;nan;0.0;0.0;278.0;0.0;273.0;0;4
49;122;nan;0.0;0.0;278.0;0.0;273.0;0;4
49;123;nan;0.0;0.0;278.0;0.0;273.0;0;4
49;124;nan;0.0;0.0;278.0;0.0;273.0;0;4
49;125;nan;0.0;0.0;278.0;0.0;273.0;0;4
49;126;nan;0.0;0.0;278.0;0.0;273.0;0;4
49;127;nan;0.0;0.0;278.0;0.0;273.0;0;4
49;128;nan;0.0;0.0;278.0;0.0;273.0;0;4
49;129;nan;0.0;0.0;278.0;0.0;273.0;0;4
49;130;nan;0.0;0.0;278.0;0.0;273.0;0;4
49;131;nan;0.0;0.0;278.0;0.0;273.0;0;4
49;132;nan;0.0;0.0;278.0;0.0;273.0;0;4
49;133;nan;0.0;0.0;278.0;0.0;273.0;0;4
49;134;nan;0.0;0.0;278.0;0.0;273.0;0;4
49;135;nan;0.0;0.0;278.0;0.0;273.0;0;4
49;136;nan;0.0;0.0;278.0;0.0;273.0;0;4
49;137;nan;0.0;0.0;278.0;0.0;273.0;0;4
49;138;nan;0.0;0.0;278.0;0.0;273.0;0;4
49;139;nan;0.0;0.0;278.0;0.0;273.0;0;4
49;140;nan;0.0;0.0;278.0;0.0;273.0;0;4
49;141;nan;0.0;0.0;278.0;0.0;273.0;0;4
49;142;nan;0.0;0.0;278.0;0.0;273.0;0;4
49;143;nan;0.0;0.0;278.0;0.0;273.0;0;4
49;144;nan;0.0;0.0;278.0;0.0;273.0;0;4
49;145;nan;0.0;0.0;278.0;0.0;273.0;0;4
49;146;nan;0.0;0.0;278.0;0.0;273.0;0;4
49;147;nan;0.0;0.0;278.0;0.0;273.0;0;4
49;148;nan;0.0;0.0;278.0;0.0;273.0;0;4
49;149;nan;0.0;0.0;278.0;0.0;273.0;0;4
50;0;6.7;68.4;156.0;391.6;0.2;283.0;1;1
50;1;6.0;78.9;188.0;405.6;0.2;281.0;1;2
50;2;5.9;79.2;191.0;405.0;0.2;275.0;1;3
50;3;5.9;79.8;189.0;406.3;0.2;275.0;0;3
50;4;8.1;54.8;131.0;372.0;0.1;275.0;0;3
50;5;6.7;67.9;158.0;388.1;0.2;275.0;0;3
50;6;6.4;72.2;165.0;397.0;0.2;275.0;0;3
50;7;7.0;64.8;156.0;386.0;0.2;275.0;0;3
50;8;6.8;67.3;157.0;388.3;0.2;275.0;0;3
50;9;7.3;60.4;147.0;375.0;0.2;275.0;0;3
50;10;6.6;67.7;173.0;381.4;0.2;275.0;0;3
50;11;8.6;49.7;116.0;360.4;0.1;275.0;0;3
50;12;8.1;54.2;134.0;367.7;0.1;275.0;0;3
50;13;9.1;46.7;113.0;356.7;0.1;275.0;0;3
50;14;9.1;46.7;114.0;353.9;0.1;275.0;0;3
50;15;8.4;51.8;130.0;366.9;0.1;275.0;0;3
50;16;10.9;37.5;108.0;338.0;0.1;275.0;0;3
50;17;8.6;48.8;115.0;352.1;0.1;274.0;1;4
50;18;9.6;43.3;110.0;347.7;0.1;274.0;0;4
50;19;17.3;22.0;57.0;309.0;0.1;274.0;0;4
50;20;19.7;18.8;49.0;298.9;0.1;274.0;0;4
50;21;16.2;23.2;58.0;306.0;0.1;274.0;0;4
50;22;16.3;22.6;55.0;298.6;0.1;271.0;1;5
50;23;23.5;15.7;39.0;296.4;0.1;271.0;0;5
50;24;29.1;12.6;29.0;293.3;0.0;271.0;0;5
50;25;21.6;17.2;43.0;298.0;0.1;271.0;0;5
50;26;19.7;18.6;44.0;296.1;0.1;271.0;0;5
50;27;24.3;15.1;32.0;293.7;0.1;271.0;0;5
50;28;31.4;11.5;28.0;288.4;0.0;271.0;0;5
50;29;35.0;10.3;28.0;287.9;0.0;271.0;0;5
50;30;32.3;11.3;28.0;291.0;0.0;271.0;0;5
50;31;29.6;12.2;33.0;288.3;0.0;271.0;0;5
50;32;24.8;14.7;33.0;291.1;0.1;271.0;0;5
50;33;24.3;14.7;34.0;287.3;0.1;271.0;0;5
50;34;33.2;10.7;32.0;283.9;0.0;271.0;0;5
50;35;nan;0.0;0.0;271.0;0.0;271.0;0;5
50;36;nan;0.0;0.0;271.0;0.0;271.0;0;5
50;37;nan;0.0;0.0;271.0;0.0;271.0;0;5
50;38;nan;0.0;0.0;271.0;0.0;271.0;0;5
50;39;nan;0.0;0.0;271.0;0.0;271.0;0;5
50;40;nan;0.0;0.0;271.0;0.0;271.0;0;5
50;41;nan;0.0;0.0;271.0;0.0;271.0;0;5
50;42;nan;0.0;0.0;271.0;0.0;271.0;0;5
50;43;nan;0.0;0.0;271.0;0.0;271.0;0;5
50;44;nan;0.0;0.0;271.0;0.0;271.0;0;5
50;45;nan;0.0;0.0;271.0;0.0;271.0;0;5
50;46;nan;0.0;0.0;271.0;0.0;271.0;0;5
50;47;nan;0.0;0.0;271.0;0.0;271.0;0;5
50;48;nan;0.0;0.0;271.0;0.0;271.0;0;5
50;49;nan;0.0;0.0;271.0;0.0;271.0;0;5
50;50;nan;0.0;0.0;271.0;0.0;271.0;0;5
50;51;nan;0.0;0.0;271.0;0.0;271.0;0;5
50;52;nan;0.0;0.0;271.0;0.0;271.0;0;5
50;53;nan;0.0;0.0;271.0;0.0;271.0;0;5
50;54;nan;0.0;0.0;271.0;0.0;271.0;0;5
50;55;nan;0.0;0.0;271.0;0.0;271.0;0;5
50;56;nan;0.0;0.0;271.0;0.0;271.0;0;5
50;57;nan;0.0;0.0;271.0;0.0;271.0;0;5
50;58;nan;0.0;0.0;271.0;0.0;271.0;0;5
50;59;nan;0.0;0.0;271.0;0.0;271.0;0;5
50;60;nan;0.0;0.0;271.0;0.0;271.0;0;5
50;61;nan;0.0;0.0;271.0;0.0;271.0;0;5
50;62;nan;0.0;0.0;271.0;0.0;271.0;0;5
50;63;nan;0.0;0.0;271.0;0.0;271.0;0;5
50;64;nan;0.0;0.0;271.0;0.0;271.0;0;5
50;65;nan;0.0;0.0;271.0;0.0;271.0;0;5
50;66;nan;0.0;0.0;271.0;0.0;271.0;0;5
50;67;nan;0.0;0.0;271.0;0.0;271.0;0;5
50;68;8.6;43.7;103.0;316.1;0.1;271.0;0;5
50;69;11.6;31.9;79.0;305.4;0.1;271.0;0;5
50;70;13.1;27.9;69.0;299.7;0.1;271.0;0;5
50;71;14.6;24.6;56.0;293.6;0.1;271.0;0;5
50;72;15.4;23.6;55.0;295.4;0.1;271.0;0;5
50;73;19.7;18.0;42.0;286.1;0.1;271.0;0;5
50;74;35.0;10.1;22.0;279.9;0.0;271.0;0;5
50;75;100.0;2.8;8.0;272.1;0.0;271.0;0;5
50;76;nan;0.0;0.0;271.0;0.0;271.0;0;5
50;77;nan;0.0;0.0;271.0;0.0;271.0;0;5
50;78;nan;0.0;0.0;271.0;0.0;271.0;0;5
50;79;nan;0.0;0.0;271.0;0.0;271.0;0;5
50;80;nan;0.0;0.0;271.0;0.0;271.0;0;5
50;81;nan;0.0;0.0;271.0;0.0;271.0;0;5
50;82;nan;0.0;0.0;271.0;0.0;271.0;0;5
50;83;nan;0.0;0.0;271.0;0.0;271.0;0;5
50;84;nan;0.0;0.0;271.0;0.0;271.0;0;5
50;85;nan;0.0;0.0;271.0;0.0;271.0;0;5
50;86;nan;0.0;0.0;271.0;0.0;271.0;0;5
50;87;nan;0.0;0.0;271.0;0.0;271.0;0;5
50;88;nan;0.0;0.0;271.0;0.0;271.0;0;5
50;89;nan;0.0;0.0;271.0;0.0;271.0;0;5
50;90;nan;0.0;0.0;271.0;0.0;271.0;0;5
50;91;nan;0.0;0.0;271.0;0.0;271.0;0;5
50;92;nan;0.0;0.0;271.0;0.0;271.0;0;5
50;93;nan;0.0;0.0;271.0;0.0;271.0;0;5
50;94;nan;0.0;0.0;271.0;0.0;271.0;0;5
50;95;nan;0.0;0.0;271.0;0.0;271.0;0;5
50;96;nan;0.0;0.0;271.0;0.0;271.0;0;5
50;97;nan;0.0;0.0;271.0;0.0;271.0;0;5
50;98;nan;0.0;0.0;271.0;0.0;271.0;0;5
50;99;nan;0.0;0.0;271.0;0.0;271.0;0;5
50;100;nan;0.0;0.0;271.0;0.0;271.0;0;5
50;101;nan;0.0;0.0;271.0;0.0;271.0;0;5
50;102;nan;0.0;0.0;271.0;0.0;271.0;0;5
50;103;nan;0.0;0.0;271.0;0.0;271.0;0;5
50;104;nan;0.0;0.0;271.0;0.0;271.0;0;5
50;105;nan;0.0;0.0;271.0;0.0;271.0;0;5
50;106;nan;0.0;0.0;271.0;0.0;271.0;0;5
50;107;nan;0.0;0.0;271.0;0.0;271.0;0;5
50;108;nan;0.0;0.0;271.0;0.0;271.0;0;5
50;109;nan;0.0;0.0;271.0;0.0;271.0;0;5
50;110;nan;0.0;0.0;271.0;0.0;271.0;0;5
50;111;nan;0.0;0.0;271.0;0.0;271.0;0;5
50;112;nan;0.0;0.0;271.0;0.0;271.0;0;5
50;113;11.2;32.0;76.0;295.9;0.1;271.0;0;5
50;114;35.1;9.9;28.0;276.6;0.0;271.0;0;5
50;115;38.4;9.1;25.0;276.3;0.0;271.0;0;5
50;116;66.9;5.2;12.0;274.3;0.0;271.0;0;5
50;117;nan;0.0;0.0;271.0;0.0;271.0;0;5
50;118;nan;0.0;0.0;271.0;0.0;271.0;0;5
50;119;nan;0.0;0.0;271.0;0.0;271.0;0;5
50;120;nan;0.0;0.0;271.0;0.0;271.0;0;5
50;121;nan;0.0;0.0;271.0;0.0;271.0;0;5
50;122;nan;0.0;0.0;271.0;0.0;271.0;0;5
50;123;nan;0.0;0.0;271.0;0.0;271.0;0;5
50;124;nan;0.0;0.0;271.0;0.0;271.0;0;5
50;125;nan;0.0;0.0;271.0;0.0;271.0;0;5
50;126;nan;0.0;0.0;271.0;0.0;271.0;0;5
50;127;nan;0.0;0.0;271.0;0.0;271.0;0;5
50;128;nan;0.0;0.0;271.0;0.0;271.0;0;5
50;129;nan;0.0;0.0;271.0;0.0;271.0;0;5
50;130;nan;0.0;0.0;271.0;0.0;271.0;0;5
50;131;nan;0.0;0.0;271.0;0.0;271.0;0;5
50;132;nan;0.0;0.0;271.0;0.0;271.0;0;5
50;133;nan;0.0;0.0;271.0;0.0;271.0;0;5
50;134;nan;0.0;0.0;271.0;0.0;271.0;0;5
50;135;nan;0.0;0.0;271.0;0.0;271.0;0;5
50;136;nan;0.0;0.0;271.0;0.0;271.0;0;5
50;137;nan;0.0;0.0;271.0;0.0;271.0;0;5
50;138;nan;0.0;0.0;271.0;0.0;271.0;0;5
50;139;nan;0.0;0.0;271.0;0.0;271.0;0;5
50;140;nan;0.0;0.0;271.0;0.0;271.0;0;5
50;141;nan;0.0;0.0;271.0;0.0;271.0;0;5
50;142;nan;0.0;0.0;271.0;0.0;271.0;0;5
50;143;nan;0.0;0.0;271.0;0.0;271.0;0;5
50;144;nan;0.0;0.0;271.0;0.0;271.0;0;5
50;145;nan;0.0;0.0;271.0;0.0;271.0;0;5
50;146;nan;0.0;0.0;271.0;0.0;271.0;0;5
50;147;nan;0.0;0.0;271.0;0.0;271.0;0;5
50;148;nan;0.0;0.0;271.0;0.0;271.0;0;5
50;149;nan;0.0;0.0;271.0;0.0;271.0;0;5
