param;value
filename;./inputData/Teresina200n.car
base_seed;1
nRuns;51
iterations;100
antsN;120
stagnation;30
favorites;60
gbPeriod;0
rhoNodes;0.1
rhoCars;0.1
rhoPass;0.1
alphaNodes;1.5
alphaCars;1.5
alphaPass;1.5
betaNodes;1.1
betaCars;1.1
betaPass;1.1
maxMinCars;0
maxMinNodes;0
pBestCars;0
useTBAS;0
sampleCars;1
enforceNoRerent;1
returnFactorCars;0
epsilonEtaCars;1e-06
smGammaCars;0.7
restartTargetCars;mid
exploreCars;0
exploreItersCars;20
exploreRhoMultCars;2
policyQ0;0.1
adaptiveQ0;0
q0Start;0.2
q0End;0.9
eliteKAnts;6
lsTopW;0
lsQuality;High
useReinsertion;0
reinsertionMaxPasses;5
dpCacheCapacity;5000
dpMaxSegmentLenOffset;5
intensifierEnabled;0
intensifierMaxStagnationIterations;3
intensifierResetPheromonesCount;2
intensifierPheromoneReductionGamma;0.3
intensifierArchiveAndResetBest;1
ablationDisableAntDepositsDuringIntensification;0
ablationResetPheromonesOnIntensifierActivation;0
ablationIntensifierOnlyNoAnts;0
ablationIntensifierOnlyRandomInitialTour;0
runSeeds;run0=9176377229071207081,run1=76241568449944305,run2=11569656429252920891,run3=8006770736520076435,run4=10222608011239175760,run5=83674907983555125,run6=16633518659454552880,run7=3348662810425028053,run8=1625020296661546126,run9=8722260422266777814,run10=18422523289718600251,run11=12120595211417451604,run12=11180516292616150398,run13=13235578871255005297,run14=17784125318686945540,run15=15956506419893335137,run16=2899130862535483918,run17=11850605890185619915,run18=13353388233111958045,run19=6644193456908987648,run20=9748498986499756733,run21=9610614758425770644,run22=16467222360164019310,run23=11726302834367551336,run24=8896860786397106362,run25=6737285527070588895,run26=11634350522773239934,run27=7808547232002136844,run28=3287009989320200796,run29=8484872300069380217,run30=8138020970177873692,run31=16735953543485209995,run32=957827445528146549,run33=9178821638437730898,run34=2354512119315649564,run35=10160966691791677292,run36=27474500062045820,run37=7844575079918988844,run38=15524044195614787644,run39=4980590106503615414,run40=3943098024137922559,run41=141425323448007506,run42=16001952662412044218,run43=6069959457317431616,run44=2033442876187297925,run45=7223543130371895193,run46=4350234967155519396,run47=10524526614539617298,run48=3004527168784687515,run49=3975454624479931874,run50=1666912681748276242
stagnationEvents;run0=0,run1=0,run2=0,run3=0,run4=0,run5=0,run6=0,run7=0,run8=0,run9=0,run10=0,run11=0,run12=0,run13=0,run14=0,run15=0,run16=0,run17=0,run18=0,run19=0,run20=0,run21=0,run22=0,run23=0,run24=1,run25=0,run26=0,run27=0,run28=0,run29=0,run30=0,run31=0,run32=0,run33=0,run34=0,run35=0,run36=0,run37=0,run38=0,run39=0,run40=0,run41=0,run42=0,run43=0,run44=0,run45=0,run46=0,run47=0,run48=0,run49=0,run50=0
lkCalls;run0=0,run1=0,run2=0,run3=0,run4=0,run5=0,run6=0,run7=0,run8=0,run9=0,run10=0,run11=0,run12=0,run13=0,run14=0,run15=0,run16=0,run17=0,run18=0,run19=0,run20=0,run21=0,run22=0,run23=0,run24=1,run25=0,run26=0,run27=0,run28=0,run29=0,run30=0,run31=0,run32=0,run33=0,run34=0,run35=0,run36=0,run37=0,run38=0,run39=0,run40=0,run41=0,run42=0,run43=0,run44=0,run45=0,run46=0,run47=0,run48=0,run49=0,run50=0
lkSuccess;run0=0,run1=0,run2=0,run3=0,run4=0,run5=0,run6=0,run7=0,run8=0,run9=0,run10=0,run11=0,run12=0,run13=0,run14=0,run15=0,run16=0,run17=0,run18=0,run19=0,run20=0,run21=0,run22=0,run23=0,run24=0,run25=0,run26=0,run27=0,run28=0,run29=0,run30=0,run31=0,run32=0,run33=0,run34=0,run35=0,run36=0,run37=0,run38=0,run39=0,run40=0,run41=0,run42=0,run43=0,run44=0,run45=0,run46=0,run47=0,run48=0,run49=0,run50=0
tOptCalls;run0=0,run1=0,run2=0,run3=0,run4=0,run5=0,run6=0,run7=0,run8=0,run9=0,run10=0,run11=0,run12=0,run13=0,run14=0,run15=0,run16=0,run17=0,run18=0,run19=0,run20=0,run21=0,run22=0,run23=0,run24=0,run25=0,run26=0,run27=0,run28=0,run29=0,run30=0,run31=0,run32=0,run33=0,run34=0,run35=0,run36=0,run37=0,run38=0,run39=0,run40=0,run41=0,run42=0,run43=0,run44=0,run45=0,run46=0,run47=0,run48=0,run49=0,run50=0
tOptSuccess;run0=0,run1=0,run2=0,run3=0,run4=0,run5=0,run6=0,run7=0,run8=0,run9=0,run10=0,run11=0,run12=0,run13=0,run14=0,run15=0,run16=0,run17=0,run18=0,run19=0,run20=0,run21=0,run22=0,run23=0,run24=0,run25=0,run26=0,run27=0,run28=0,run29=0,run30=0,run31=0,run32=0,run33=0,run34=0,run35=0,run36=0,run37=0,run38=0,run39=0,run40=0,run41=0,run42=0,run43=0,run44=0,run45=0,run46=0,run47=0,run48=0,run49=0,run50=0
kickCalls;run0=0,run1=0,run2=0,run3=0,run4=0,run5=0,run6=0,run7=0,run8=0,run9=0,run10=0,run11=0,run12=0,run13=0,run14=0,run15=0,run16=0,run17=0,run18=0,run19=0,run20=0,run21=0,run22=0,run23=0,run24=1,run25=0,run26=0,run27=0,run28=0,run29=0,run30=0,run31=0,run32=0,run33=0,run34=0,run35=0,run36=0,run37=0,run38=0,run39=0,run40=0,run41=0,run42=0,run43=0,run44=0,run45=0,run46=0,run47=0,run48=0,run49=0,run50=0
kickSuccess;run0=0,run1=0,run2=0,run3=0,run4=0,run5=0,run6=0,run7=0,run8=0,run9=0,run10=0,run11=0,run12=0,run13=0,run14=0,run15=0,run16=0,run17=0,run18=0,run19=0,run20=0,run21=0,run22=0,run23=0,run24=0,run25=0,run26=0,run27=0,run28=0,run29=0,run30=0,run31=0,run32=0,run33=0,run34=0,run35=0,run36=0,run37=0,run38=0,run39=0,run40=0,run41=0,run42=0,run43=0,run44=0,run45=0,run46=0,run47=0,run48=0,run49=0,run50=0
cacheEvalHitRate;run0=0.00%,run1=0.00%,run2=0.00%,run3=0.00%,run4=0.00%,run5=0.00%,run6=0.00%,run7=0.00%,run8=0.00%,run9=0.00%,run10=0.00%,run11=0.00%,run12=0.00%,run13=0.00%,run14=0.00%,run15=0.00%,run16=0.00%,run17=0.00%,run18=0.00%,run19=0.00%,run20=0.00%,run21=0.00%,run22=0.00%,run23=0.00%,run24=0.00%,run25=0.00%,run26=0.00%,run27=0.00%,run28=0.00%,run29=0.00%,run30=0.00%,run31=0.00%,run32=0.00%,run33=0.00%,run34=0.00%,run35=0.00%,run36=0.00%,run37=0.00%,run38=0.00%,run39=0.00%,run40=0.00%,run41=0.00%,run42=0.00%,run43=0.00%,run44=0.00%,run45=0.00%,run46=0.00%,run47=0.00%,run48=0.00%,run49=0.00%,run50=0.00%
cacheReasHitRate;run0=37.30%,run1=37.30%,run2=37.30%,run3=37.30%,run4=37.30%,run5=37.30%,run6=37.30%,run7=37.30%,run8=37.30%,run9=37.30%,run10=37.30%,run11=37.30%,run12=37.30%,run13=37.30%,run14=37.30%,run15=37.30%,run16=37.30%,run17=37.30%,run18=37.30%,run19=37.30%,run20=37.30%,run21=37.30%,run22=37.30%,run23=37.30%,run24=37.45%,run25=37.30%,run26=37.30%,run27=37.30%,run28=37.30%,run29=37.30%,run30=37.30%,run31=37.30%,run32=37.30%,run33=37.30%,run34=37.30%,run35=37.30%,run36=37.30%,run37=37.30%,run38=37.30%,run39=37.43%,run40=37.30%,run41=37.30%,run42=37.30%,run43=37.57%,run44=37.30%,run45=37.30%,run46=37.43%,run47=37.30%,run48=37.30%,run49=37.30%,run50=37.30%
lkSuccessRate;run0=N/A,run1=N/A,run2=N/A,run3=N/A,run4=N/A,run5=N/A,run6=N/A,run7=N/A,run8=N/A,run9=N/A,run10=N/A,run11=N/A,run12=N/A,run13=N/A,run14=N/A,run15=N/A,run16=N/A,run17=N/A,run18=N/A,run19=N/A,run20=N/A,run21=N/A,run22=N/A,run23=N/A,run24=0.00% (cache:0.0%),run25=N/A,run26=N/A,run27=N/A,run28=N/A,run29=N/A,run30=N/A,run31=N/A,run32=N/A,run33=N/A,run34=N/A,run35=N/A,run36=N/A,run37=N/A,run38=N/A,run39=N/A,run40=N/A,run41=N/A,run42=N/A,run43=N/A,run44=N/A,run45=N/A,run46=N/A,run47=N/A,run48=N/A,run49=N/A,run50=N/A
tOptSuccessRate;run0=N/A,run1=N/A,run2=N/A,run3=N/A,run4=N/A,run5=N/A,run6=N/A,run7=N/A,run8=N/A,run9=N/A,run10=N/A,run11=N/A,run12=N/A,run13=N/A,run14=N/A,run15=N/A,run16=N/A,run17=N/A,run18=N/A,run19=N/A,run20=N/A,run21=N/A,run22=N/A,run23=N/A,run24=N/A,run25=N/A,run26=N/A,run27=N/A,run28=N/A,run29=N/A,run30=N/A,run31=N/A,run32=N/A,run33=N/A,run34=N/A,run35=N/A,run36=N/A,run37=N/A,run38=N/A,run39=N/A,run40=N/A,run41=N/A,run42=N/A,run43=N/A,run44=N/A,run45=N/A,run46=N/A,run47=N/A,run48=N/A,run49=N/A,run50=N/A

run;iter;n_ants;ant_cost_min;ant_cost_q1;ant_cost_median;ant_cost_q3;ant_cost_max;ant_cost_mean;ant_cost_std
0;0;6;3670.0;3889.8;4386.0;4445.0;4464.0;4182.5;340.6
0;1;6;3277.0;3848.2;4437.5;4466.5;4477.0;4126.2;478.4
0;2;6;3216.0;3511.2;4288.0;4443.0;4496.0;4005.8;544.6
0;3;6;3137.0;3767.5;4477.5;4511.8;4549.0;4115.8;562.1
0;4;6;3711.0;3919.2;4415.0;4457.8;4510.0;4212.8;338.4
0;5;6;3316.0;3759.8;4247.0;4383.2;4505.0;4056.8;438.5
0;6;6;3385.0;4044.5;4462.5;4488.2;4522.0;4205.7;423.5
0;7;6;3004.0;3409.8;4276.5;4295.8;4388.0;3894.7;589.6
0;8;6;3298.0;3752.0;4481.0;4514.8;4538.0;4138.8;522.1
0;9;6;3181.0;3756.2;4260.0;4313.8;4432.0;4008.8;459.2
0;10;6;3368.0;3665.2;4213.0;4318.2;4367.0;3999.5;411.3
0;11;6;3243.0;3744.8;4326.0;4348.5;4421.0;4037.2;461.0
0;12;6;3142.0;3677.0;4363.5;4429.0;4468.0;4039.3;532.3
0;13;6;3089.0;3588.8;4327.5;4343.2;4379.0;3969.0;537.1
0;14;6;3047.0;3804.2;4218.0;4235.8;4354.0;3957.5;463.1
0;15;6;3288.0;3714.0;4319.5;4339.2;4350.0;4022.5;444.1
0;16;6;3378.0;3885.2;4309.5;4355.0;4366.0;4079.5;380.2
0;17;6;2821.0;3633.5;4038.0;4360.0;4449.0;3885.3;574.5
0;18;6;3127.0;3273.0;3802.0;4271.8;4289.0;3757.5;522.7
0;19;6;3559.0;3562.2;3939.0;4345.0;4407.0;3960.2;399.7
0;20;6;3030.0;3120.0;3717.0;4263.8;4290.0;3686.8;581.8
0;21;6;3258.0;3367.5;3857.5;4245.5;4293.0;3807.5;451.1
0;22;6;2941.0;3190.5;3893.0;4230.2;4258.0;3714.0;557.8
0;23;6;3010.0;3083.5;3690.0;4148.8;4199.0;3628.7;539.6
0;24;6;3219.0;3357.2;3792.5;4201.5;4221.0;3762.5;446.9
0;25;6;2992.0;3180.0;3674.5;4174.2;4237.0;3655.7;541.2
0;26;6;3099.0;3518.8;3889.0;4321.5;4372.0;3851.7;486.5
0;27;6;3034.0;3155.0;3654.5;4073.8;4123.0;3611.3;481.4
0;28;6;3231.0;3275.0;3710.0;4107.5;4124.0;3690.8;415.8
0;29;6;3159.0;3258.2;3786.5;4086.0;4087.0;3681.2;418.7
0;30;6;2896.0;3131.2;3614.0;4024.8;4038.0;3549.0;483.6
0;31;6;2981.0;3252.8;3667.5;4049.2;4084.0;3615.2;454.9
0;32;6;2877.0;3028.8;3583.0;4089.2;4169.0;3552.3;559.8
0;33;6;2979.0;3044.5;3650.5;4115.5;4147.0;3590.0;531.6
0;34;6;2894.0;3225.5;3540.0;3804.2;3872.0;3476.5;365.6
0;35;6;2712.0;3130.2;3593.5;3972.8;4115.0;3514.8;525.7
0;36;6;2962.0;3172.5;3895.0;4228.2;4283.0;3717.7;560.9
0;37;6;2872.0;2979.0;3520.5;3890.2;3902.0;3437.8;461.9
0;38;6;2687.0;2732.5;3200.5;3622.8;3644.0;3178.7;441.7
0;39;6;2592.0;2845.2;3462.0;3811.8;3900.0;3330.7;529.0
0;40;6;2640.0;2970.5;3318.0;3649.8;3696.0;3264.5;415.2
0;41;6;2423.0;2767.0;3206.5;3402.2;3537.0;3076.8;407.8
0;42;6;2493.0;2627.0;3073.0;3457.5;3475.0;3029.7;431.5
0;43;6;2571.0;2697.8;3107.0;3469.0;3479.0;3069.2;401.6
0;44;6;2495.0;2690.8;3227.5;3495.8;3575.0;3103.7;439.3
0;45;6;2353.0;2485.2;2919.5;3220.2;3266.0;2853.2;384.4
0;46;6;2487.0;2519.0;2846.0;3159.5;3221.0;2845.7;322.2
0;47;6;2487.0;2617.5;2996.5;3411.5;3440.0;2993.5;417.0
0;48;6;2092.0;2276.8;2385.0;2921.5;3210.0;2568.8;424.4
0;49;6;2179.0;2641.8;2681.5;2987.5;3149.0;2734.8;321.5
0;50;6;2298.0;2360.2;2389.0;2910.5;3083.0;2599.0;342.0
0;51;6;2449.0;2599.0;2695.0;3049.0;3206.0;2796.5;285.5
0;52;6;2355.0;2451.8;2640.0;2986.5;3177.0;2717.2;312.8
0;53;6;2414.0;2502.0;2556.5;2929.0;3040.0;2684.0;256.7
0;54;6;2406.0;2519.2;2677.5;2985.8;3259.0;2762.5;309.2
0;55;6;2270.0;2547.0;2617.0;2987.8;3235.0;2729.0;333.8
0;56;6;2430.0;2602.5;2676.0;3028.5;3206.0;2785.3;287.5
0;57;6;2255.0;2527.2;2532.0;3070.8;3295.0;2731.7;394.5
0;58;6;2079.0;2302.5;2575.5;3148.5;3284.0;2677.5;473.6
0;59;6;2302.0;2352.0;2530.0;2845.2;2909.0;2585.7;256.7
0;60;6;2335.0;2459.5;2568.0;2967.5;3163.0;2693.0;315.8
0;61;6;2147.0;2308.2;2436.5;2843.0;2942.0;2534.3;311.0
0;62;6;2217.0;2404.2;2576.0;2836.2;2922.0;2593.5;259.7
0;63;6;2291.0;2344.5;2490.5;2785.0;2930.0;2563.5;251.0
0;64;6;2140.0;2236.2;2330.0;2738.8;2854.0;2455.7;290.6
0;65;6;2440.0;2465.0;2538.0;2788.8;2939.0;2628.0;198.9
0;66;6;2173.0;2301.8;2449.0;2792.8;2923.0;2525.7;288.0
0;67;6;2127.0;2319.2;2344.0;2668.0;2826.0;2454.7;254.6
0;68;6;2150.0;2318.2;2485.0;2784.5;2864.0;2521.8;270.6
0;69;6;2266.0;2343.0;2372.5;2695.2;2895.0;2507.0;243.3
0;70;6;2224.0;2338.8;2490.5;2769.0;2857.0;2535.3;246.7
0;71;6;2470.0;2480.2;2591.0;2816.5;2871.0;2643.0;173.1
0;72;6;2350.0;2424.0;2488.0;2835.5;2950.0;2605.0;246.5
0;73;6;2270.0;2371.8;2547.5;2874.8;3083.0;2624.2;308.6
0;74;6;2023.0;2304.8;2374.0;2816.0;2945.0;2493.5;341.7
0;75;6;2254.0;2561.5;2592.0;2961.5;3175.0;2708.2;319.4
0;76;6;2205.0;2233.5;2280.0;2807.2;3008.0;2495.7;353.9
0;77;6;2032.0;2244.0;2388.0;2758.5;2870.0;2459.3;312.6
0;78;6;1951.0;2329.8;2397.0;2799.5;2935.0;2486.8;349.8
0;79;6;2440.0;2476.2;2583.0;2801.5;2845.0;2627.7;170.6
0;80;6;1934.0;2126.2;2335.5;2515.5;2854.0;2348.5;304.0
0;81;6;2169.0;2382.2;2456.5;2594.5;3289.0;2561.5;353.6
0;82;6;2176.0;2317.2;2361.0;2466.2;3093.0;2465.8;296.0
0;83;6;2160.0;2276.2;2322.0;2410.5;2968.0;2412.2;261.8
0;84;6;2083.0;2162.2;2180.5;2325.5;2858.0;2305.3;261.9
0;85;6;2060.0;2137.2;2203.0;2284.5;2979.0;2312.0;307.9
0;86;6;2160.0;2374.8;2519.5;2668.8;3014.0;2543.0;272.4
0;87;6;2232.0;2333.8;2367.5;2410.2;2832.0;2424.3;191.3
0;88;6;2100.0;2173.8;2267.0;2307.0;2815.0;2318.7;234.2
0;89;6;2046.0;2244.0;2338.5;2419.5;2996.0;2396.3;295.3
0;90;6;2144.0;2370.2;2417.0;2598.0;2964.0;2492.5;258.7
0;91;6;2169.0;2265.5;2410.5;2609.5;2900.0;2463.8;251.0
0;92;6;2110.0;2149.5;2269.5;2399.2;2919.0;2353.3;277.6
0;93;6;2205.0;2295.8;2420.0;2542.0;2902.0;2464.0;231.2
0;94;6;2270.0;2374.8;2448.5;2497.5;2881.0;2485.3;193.0
0;95;6;2310.0;2352.5;2491.0;2587.5;2872.0;2515.0;192.1
0;96;6;2157.0;2219.5;2311.5;2404.2;2962.0;2394.3;268.7
0;97;6;2068.0;2268.8;2476.0;2571.5;2863.0;2447.7;257.0
0;98;6;1945.0;2288.0;2339.5;2460.0;2872.0;2377.8;276.4
0;99;6;2118.0;2193.5;2361.0;2426.5;2806.0;2372.0;228.6
1;0;6;3070.0;3776.5;4433.5;4537.8;4586.0;4108.8;579.2
1;1;6;3313.0;3605.2;4390.0;4409.0;4465.0;4052.8;511.2
1;2;6;3522.0;3744.0;4463.0;4615.8;4650.0;4211.5;491.4
1;3;6;3437.0;3762.8;4399.0;4450.2;4529.0;4130.3;452.3
1;4;6;3537.0;3873.5;4431.5;4439.0;4459.0;4164.7;393.0
1;5;6;3504.0;3835.5;4317.0;4344.0;4468.0;4105.7;370.9
1;6;6;3452.0;3790.2;4302.5;4386.5;4414.0;4084.2;390.6
1;7;6;3411.0;3662.0;4269.0;4417.0;4464.0;4056.5;440.3
1;8;6;3483.0;3814.8;4405.5;4414.2;4417.0;4124.3;407.3
1;9;6;3447.0;3762.2;4405.5;4547.8;4559.0;4160.0;465.1
1;10;6;3325.0;3835.8;4275.5;4410.0;4469.0;4081.5;421.7
1;11;6;3468.0;4039.2;4247.5;4321.5;4423.0;4117.0;321.7
1;12;6;3262.0;3595.2;4405.0;4437.0;4484.0;4054.8;537.0
1;13;6;3523.0;3763.8;4401.5;4500.0;4531.0;4156.8;437.9
1;14;6;3411.0;3744.5;4292.5;4373.2;4411.0;4061.5;410.5
1;15;6;3393.0;3639.2;4125.5;4173.0;4287.0;3932.8;353.8
1;16;6;3162.0;3486.5;4411.5;4440.2;4442.0;4009.2;590.9
1;17;6;3382.0;3454.5;3874.0;4232.8;4266.0;3843.8;397.7
1;18;6;3083.0;3295.5;3931.5;4235.2;4326.0;3782.0;509.5
1;19;6;3146.0;3381.2;3834.0;4191.5;4373.0;3788.0;466.3
1;20;6;3002.0;3301.5;3766.0;4255.2;4434.0;3755.5;552.5
1;21;6;3009.0;3279.2;4003.0;4240.0;4383.0;3792.5;550.3
1;22;6;3065.0;3221.5;3763.0;4241.5;4252.0;3714.2;530.6
1;23;6;2994.0;3206.2;3740.5;4260.5;4310.0;3707.8;557.4
1;24;6;2872.0;3107.0;3787.5;4214.5;4280.0;3660.7;590.5
1;25;6;3200.0;3279.2;3751.0;4219.8;4232.0;3738.7;480.2
1;26;6;3005.0;3367.5;4046.0;4267.8;4329.0;3818.2;530.7
1;27;6;2679.0;3140.8;3704.0;4061.8;4287.0;3584.7;589.9
1;28;6;2904.0;3102.8;3764.0;4019.5;4089.0;3584.7;495.8
1;29;6;3129.0;3196.2;3665.0;4120.2;4221.0;3665.3;477.5
1;30;6;3361.0;3493.5;3925.0;4307.8;4326.0;3887.0;423.3
1;31;6;2895.0;3192.0;3652.5;4031.2;4090.0;3581.0;474.5
1;32;6;2902.0;3439.5;3868.5;4221.8;4304.0;3763.2;518.2
1;33;6;2837.0;3209.2;3863.0;4081.8;4167.0;3646.0;522.8
1;34;6;3188.0;3268.5;3698.5;4076.0;4137.0;3674.8;421.0
1;35;6;2978.0;3348.8;3784.0;4114.2;4125.0;3683.2;456.3
1;36;6;3080.0;3234.8;3694.5;4114.5;4246.0;3675.2;485.1
1;37;6;2886.0;3102.8;3826.0;4063.2;4087.0;3604.8;517.4
1;38;6;2810.0;3070.0;3556.5;3858.5;3871.0;3443.5;434.7
1;39;6;2536.0;3218.0;3702.0;3929.5;3947.0;3491.5;520.4
1;40;6;2794.0;2942.8;3531.0;4115.5;4140.0;3508.8;608.8
1;41;6;2890.0;2963.2;3551.5;4001.0;4056.0;3494.5;527.9
1;42;6;2693.0;2838.0;3550.0;3895.2;3917.0;3386.8;540.8
1;43;6;2736.0;3069.5;3459.0;3739.0;3765.0;3365.2;403.0
1;44;6;2910.0;3078.2;3513.0;3863.8;3934.0;3464.0;424.1
1;45;6;2731.0;2881.5;3396.0;3912.0;3944.0;3376.8;545.1
1;46;6;2732.0;2847.2;3495.0;3884.0;3952.0;3386.5;526.1
1;47;6;2682.0;3024.5;3447.0;3790.8;3818.0;3363.8;448.9
1;48;6;2442.0;2611.2;3001.0;3552.0;3870.0;3088.5;540.7
1;49;6;2557.0;2849.0;2884.0;3534.8;3759.0;3112.2;467.0
1;50;6;2471.0;2591.2;2784.5;3535.8;3782.0;3022.5;542.2
1;51;6;2593.0;2720.8;2857.5;3559.8;3793.0;3095.0;496.9
1;52;6;2680.0;2724.2;2783.5;3502.8;3783.0;3079.5;481.4
1;53;6;2756.0;3053.0;3211.0;3670.5;3818.0;3303.3;389.5
1;54;6;2511.0;2826.0;2935.0;3518.8;3756.0;3106.7;464.8
1;55;6;2449.0;2698.8;2841.5;3480.8;3686.0;3027.2;484.4
1;56;6;2664.0;2787.2;2902.0;3480.2;3694.0;3097.3;422.1
1;57;6;2397.0;2783.8;2922.0;3704.5;3951.0;3149.2;590.9
1;58;6;2327.0;2748.0;2954.5;3640.2;3839.0;3103.8;562.4
1;59;6;2363.0;2486.5;2779.0;3411.2;3622.0;2925.7;512.3
1;60;6;2707.0;2764.0;2858.0;3466.5;3666.0;3081.8;413.6
1;61;6;2365.0;2484.8;2719.0;3251.0;3476.0;2852.3;436.1
1;62;6;2346.0;2411.5;2706.0;3112.2;3535.0;2809.0;439.2
1;63;6;2329.0;2505.8;2743.0;3428.8;3778.0;2946.2;558.3
1;64;6;2364.0;2460.2;2599.0;3256.8;3494.0;2824.3;470.9
1;65;6;2249.0;2441.5;2728.0;3303.2;3472.0;2836.3;481.6
1;66;6;2384.0;2514.5;2823.5;3356.0;3544.0;2920.0;464.4
1;67;6;2489.0;2636.8;2805.0;3257.5;3458.0;2924.3;371.5
1;68;6;2555.0;2640.5;2860.0;3416.2;3550.0;2999.0;415.4
1;69;6;2363.0;2420.2;2541.0;3135.0;3368.0;2754.3;424.6
1;70;6;2522.0;2669.2;2739.5;3205.8;3377.0;2897.5;339.4
1;71;6;2421.0;2520.8;2791.0;3265.2;3412.0;2878.2;399.7
1;72;6;2420.0;2685.2;2833.0;3352.8;3618.0;2977.7;438.0
1;73;6;2202.0;2500.8;2868.5;3309.8;3394.0;2861.3;457.0
1;74;6;1991.0;2456.5;2541.0;3060.5;3277.0;2668.7;453.6
1;75;6;2138.0;2291.5;2545.5;3035.0;3222.0;2642.7;420.3
1;76;6;2395.0;2477.2;2652.5;2962.0;3122.0;2717.7;279.8
1;77;6;2116.0;2474.5;2543.5;3058.0;3232.0;2686.0;407.4
1;78;6;2322.0;2407.8;2624.0;3073.5;3304.0;2738.8;385.4
1;79;6;2150.0;2346.5;2497.5;3013.8;3260.0;2647.8;416.8
1;80;6;2187.0;2327.8;2356.5;2451.2;3286.0;2497.8;362.7
1;81;6;2117.0;2291.5;2483.5;2638.0;3363.0;2560.7;402.6
1;82;6;2189.0;2351.5;2442.5;2609.2;3255.0;2552.5;344.3
1;83;6;2372.0;2478.2;2680.0;2845.8;3354.0;2733.0;327.3
1;84;6;2218.0;2314.5;2511.0;2587.5;3309.0;2568.5;360.4
1;85;6;2316.0;2468.5;2515.5;2549.0;3258.0;2603.0;303.0
1;86;6;2315.0;2334.8;2460.0;2574.8;3334.0;2579.2;354.9
1;87;6;2204.0;2379.0;2517.0;2597.2;3489.0;2614.0;414.5
1;88;6;2031.0;2110.5;2133.5;2470.0;3292.0;2379.2;444.9
1;89;6;2225.0;2284.5;2472.5;2618.5;3167.0;2537.7;318.8
1;90;6;2338.0;2425.5;2447.0;2571.2;3081.0;2557.3;247.9
1;91;6;2276.0;2290.8;2319.0;2396.0;3058.0;2445.8;277.7
1;92;6;2165.0;2185.8;2275.5;2375.0;2975.0;2375.8;279.9
1;93;6;1895.0;2300.2;2433.5;2499.2;3031.0;2428.3;337.3
1;94;6;2090.0;2127.5;2259.5;2394.5;3124.0;2376.0;354.1
1;95;6;2210.0;2263.8;2343.0;2421.5;3212.0;2465.5;342.3
1;96;6;2119.0;2220.0;2400.5;2614.0;3100.0;2477.5;331.2
1;97;6;2304.0;2377.0;2437.0;2490.2;3098.0;2523.5;264.9
1;98;6;2120.0;2142.2;2346.5;2582.2;3144.0;2448.7;365.5
1;99;6;2176.0;2354.0;2410.5;2477.5;3145.0;2496.2;306.5
2;0;6;3394.0;4054.8;4298.5;4338.2;4374.0;4115.0;348.8
2;1;6;3426.0;3781.8;4328.5;4387.8;4393.0;4080.5;400.9
2;2;6;3578.0;4014.0;4481.5;4526.8;4574.0;4252.5;385.3
2;3;6;3535.0;4004.5;4371.5;4394.2;4448.0;4168.3;340.0
2;4;6;3188.0;3638.0;4551.0;4575.2;4603.0;4135.0;618.1
2;5;6;3428.0;3726.5;4401.0;4413.2;4418.0;4094.5;444.7
2;6;6;3721.0;3975.2;4307.0;4314.8;4375.0;4148.7;255.7
2;7;6;3312.0;3761.8;4394.5;4476.0;4510.0;4110.8;485.6
2;8;6;3615.0;3854.5;4469.0;4549.5;4556.0;4222.5;413.3
2;9;6;3203.0;3578.8;4451.0;4562.0;4608.0;4100.0;603.7
2;10;6;3194.0;3578.5;4285.0;4373.5;4482.0;3998.7;520.4
2;11;6;3037.0;3634.5;4153.0;4163.8;4217.0;3864.8;452.1
2;12;6;3235.0;3666.5;4491.5;4576.2;4618.0;4138.7;581.8
2;13;6;3436.0;3653.2;4284.0;4362.0;4425.0;4043.3;428.3
2;14;6;3341.0;3623.5;4375.5;4419.5;4502.0;4066.8;503.1
2;15;6;3207.0;3637.8;4362.0;4375.2;4413.0;4020.0;510.6
2;16;6;3394.0;3748.0;4422.0;4466.8;4556.0;4133.2;477.4
2;17;6;3356.0;3519.2;4001.5;4294.0;4310.0;3903.2;409.2
2;18;6;2855.0;3483.2;3986.5;4327.8;4362.0;3824.5;563.6
2;19;6;2800.0;3302.5;3924.5;4371.0;4444.0;3784.7;637.9
2;20;6;3347.0;3510.8;4066.5;4424.2;4485.0;3972.3;478.2
2;21;6;3208.0;3295.0;3938.0;4338.0;4364.0;3833.3;524.1
2;22;6;3266.0;3308.5;3779.0;4137.0;4239.0;3745.2;429.2
2;23;6;3200.0;3453.8;3891.5;4252.8;4326.0;3831.7;453.8
2;24;6;3014.0;3355.2;3819.5;4231.2;4266.0;3748.0;499.1
2;25;6;3116.0;3333.0;3986.0;4189.8;4268.0;3788.2;477.7
2;26;6;2933.0;3176.8;3785.5;4258.5;4310.0;3700.7;579.5
2;27;6;3167.0;3572.0;3952.5;4243.8;4263.0;3853.5;423.2
2;28;6;2893.0;3479.2;3783.5;4119.2;4176.0;3707.5;463.0
2;29;6;3022.0;3237.8;3729.0;4170.0;4225.0;3682.7;512.3
2;30;6;2804.0;2842.8;3446.0;3990.8;4074.0;3430.7;582.9
2;31;6;2912.0;3304.8;3879.5;4273.5;4301.0;3748.3;551.2
2;32;6;2811.0;3042.0;3750.5;4186.0;4195.0;3607.3;600.8
2;33;6;2833.0;3155.0;3736.5;4062.2;4086.0;3587.3;508.7
2;34;6;2906.0;3230.2;3685.5;4160.2;4182.0;3642.7;524.8
2;35;6;2774.0;3140.0;3512.5;3837.8;3934.0;3449.2;437.8
2;36;6;2632.0;3027.0;3538.0;4039.2;4089.0;3476.7;575.7
2;37;6;2749.0;2874.2;3493.0;4025.5;4061.0;3444.5;595.8
2;38;6;2793.0;2978.8;3573.5;4064.8;4178.0;3521.2;588.4
2;39;6;2975.0;3160.2;3658.0;3888.8;3943.0;3532.3;397.7
2;40;6;2690.0;2870.2;3475.0;3960.5;4032.0;3410.5;577.1
2;41;6;2802.0;3218.2;3499.0;3807.5;3852.0;3447.8;392.7
2;42;6;2668.0;2947.2;3656.5;3976.5;3997.0;3462.0;559.2
2;43;6;2780.0;2915.8;3471.5;3854.8;3910.0;3391.0;482.5
2;44;6;2606.0;2684.8;3262.0;3806.2;3919.0;3254.8;590.0
2;45;6;2582.0;2912.8;3337.0;3645.0;3677.0;3242.0;432.5
2;46;6;2678.0;3139.0;3592.5;3767.0;3889.0;3427.5;437.5
2;47;6;2545.0;2902.0;3218.0;3577.5;3625.0;3183.3;416.6
2;48;6;2421.0;2720.5;2825.5;3422.5;3622.0;3000.2;458.3
2;49;6;2432.0;2624.0;2827.5;3525.2;3786.0;3031.2;535.8
2;50;6;2372.0;2500.8;2702.5;3316.0;3556.0;2881.2;473.7
2;51;6;2440.0;2524.2;2703.0;3435.2;3642.0;2938.7;509.4
2;52;6;2197.0;2419.2;2550.0;3265.0;3509.0;2780.8;518.6
2;53;6;2470.0;2621.0;2795.5;3405.8;3660.0;2982.2;467.3
2;54;6;2223.0;2391.8;2587.5;3374.2;3654.0;2835.8;579.1
2;55;6;2507.0;2818.5;2977.0;3536.8;3717.0;3111.2;456.3
2;56;6;2250.0;2730.8;2883.0;3472.5;3687.0;3008.7;512.8
2;57;6;2267.0;2663.8;2793.0;3326.5;3533.0;2918.5;455.4
2;58;6;2362.0;2577.8;2696.5;3242.8;3541.0;2876.5;439.3
2;59;6;2328.0;2499.2;2758.5;3413.0;3606.0;2915.8;513.3
2;60;6;2118.0;2373.2;2651.0;3167.2;3371.0;2735.2;468.8
2;61;6;2351.0;2498.2;2630.5;3180.5;3358.0;2798.0;404.5
2;62;6;2351.0;2558.8;2930.5;3453.0;3720.0;2999.0;517.5
2;63;6;2556.0;2670.5;2698.5;3315.2;3597.0;2955.3;428.8
2;64;6;2369.0;2461.0;2712.5;3466.5;3655.0;2924.0;543.4
2;65;6;2430.0;2483.0;2617.0;3361.5;3613.0;2887.5;514.2
2;66;6;2477.0;2869.0;2919.0;3377.0;3514.0;3035.2;371.7
2;67;6;2345.0;2862.2;2882.0;3388.5;3553.0;3012.5;425.3
2;68;6;2058.0;2365.2;2457.0;3218.5;3488.0;2711.2;553.9
2;69;6;2520.0;2559.5;2593.5;3235.0;3473.0;2862.8;423.4
2;70;6;2203.0;2437.2;2787.0;3349.0;3607.0;2873.5;534.6
2;71;6;2410.0;2589.2;2617.0;3197.5;3505.0;2853.3;425.5
2;72;6;2456.0;2662.0;2905.0;3277.8;3421.0;2945.0;360.4
2;73;6;2427.0;2462.5;2506.5;3185.8;3447.0;2791.2;449.2
2;74;6;2222.0;2483.8;3033.0;3344.5;3468.0;2917.5;494.7
2;75;6;2400.0;2422.8;2564.0;3182.2;3364.0;2776.0;422.3
2;76;6;2336.0;2416.8;2553.0;3058.2;3473.0;2752.2;431.9
2;77;6;2471.0;2634.2;2793.0;3144.5;3305.0;2867.5;309.4
2;78;6;1905.0;2130.5;2392.5;3030.2;3221.0;2532.8;516.4
2;79;6;1948.0;2505.0;2566.0;2873.0;3123.0;2610.5;376.5
2;80;6;2229.0;2277.0;2472.0;2685.0;3215.0;2559.3;346.2
2;81;6;2016.0;2394.0;2480.0;2527.8;3174.0;2509.8;343.3
2;82;6;2163.0;2283.8;2313.5;2374.0;3388.0;2474.3;414.2
2;83;6;2188.0;2408.5;2502.5;2614.5;3260.0;2580.3;334.4
2;84;6;2098.0;2152.8;2339.0;2423.2;3235.0;2425.5;384.2
2;85;6;2017.0;2160.0;2274.5;2608.8;3079.0;2414.5;365.5
2;86;6;1991.0;2321.5;2415.0;2558.0;3368.0;2514.2;423.6
2;87;6;1885.0;2120.2;2504.0;2646.2;3368.0;2491.2;483.5
2;88;6;2056.0;2301.0;2504.5;2571.5;3358.0;2541.7;407.5
2;89;6;1995.0;2079.0;2267.5;2485.2;3170.0;2379.0;397.4
2;90;6;1885.0;2046.5;2266.0;2322.8;3012.0;2290.7;361.9
2;91;6;2029.0;2325.8;2436.5;2613.2;3312.0;2529.2;399.5
2;92;6;1853.0;1945.8;2232.0;2306.0;3023.0;2253.5;389.8
2;93;6;2131.0;2226.0;2315.5;2351.8;3073.0;2399.2;311.2
2;94;6;1900.0;2012.2;2150.0;2286.2;3163.0;2276.8;421.1
2;95;6;1844.0;2298.0;2481.5;2692.0;3124.0;2488.3;397.7
2;96;6;1876.0;2142.0;2173.0;2280.5;2977.0;2274.5;339.9
2;97;6;2049.0;2302.2;2398.0;2496.8;2990.0;2439.2;287.2
2;98;6;2127.0;2218.8;2277.5;2444.2;3005.0;2397.7;293.4
2;99;6;2056.0;2124.2;2262.5;2464.5;2958.0;2358.2;308.1
3;0;6;3188.0;3524.2;4266.5;4353.2;4373.0;3958.8;509.1
3;1;6;3345.0;3766.8;4434.5;4453.5;4472.0;4115.0;476.3
3;2;6;3429.0;3703.0;4328.0;4383.0;4434.0;4069.2;430.7
3;3;6;3264.0;3733.5;4421.0;4438.8;4483.0;4089.7;503.9
3;4;6;3281.0;3832.0;4420.0;4449.2;4476.0;4115.3;474.0
3;5;6;3347.0;3963.0;4483.0;4513.2;4542.0;4194.7;460.3
3;6;6;3429.0;3754.0;4366.5;4403.8;4424.0;4092.0;426.7
3;7;6;3597.0;3852.5;4295.0;4420.2;4460.0;4135.7;349.7
3;8;6;3151.0;3780.8;4372.0;4427.0;4472.0;4066.0;510.8
3;9;6;3566.0;3923.8;4501.0;4557.0;4565.0;4240.0;418.4
3;10;6;3376.0;3665.2;4285.0;4316.0;4337.0;4011.3;420.0
3;11;6;3312.0;3736.2;4295.0;4386.5;4427.0;4049.3;443.3
3;12;6;3629.0;3786.0;4252.5;4305.8;4341.0;4071.5;311.6
3;13;6;3491.0;3729.0;4362.0;4418.2;4470.0;4106.7;426.9
3;14;6;3233.0;3499.0;4249.0;4342.0;4449.0;3967.0;517.7
3;15;6;3239.0;3724.2;4397.0;4427.0;4441.0;4068.5;499.1
3;16;6;3205.0;3686.0;4295.5;4346.2;4387.0;4004.8;474.4
3;17;6;3274.0;3500.5;4081.5;4394.0;4426.0;3944.7;479.2
3;18;6;3288.0;3530.8;4055.5;4356.8;4374.0;3931.0;452.5
3;19;6;3029.0;3508.5;3921.5;4294.8;4332.0;3832.3;501.3
3;20;6;3077.0;3275.8;3951.5;4558.2;4586.0;3896.2;662.7
3;21;6;3102.0;3262.0;3882.5;4323.0;4339.0;3788.5;545.3
3;22;6;3166.0;3403.5;4106.5;4439.0;4454.0;3925.3;549.8
3;23;6;3020.0;3389.2;3824.5;4201.2;4223.0;3743.8;482.1
3;24;6;3157.0;3315.0;3876.0;4273.5;4330.0;3795.5;501.7
3;25;6;3181.0;3462.2;3962.5;4261.0;4296.0;3843.0;446.4
3;26;6;3209.0;3333.5;3834.5;4262.0;4306.0;3792.5;483.5
3;27;6;2892.0;3418.5;3855.0;4230.8;4268.0;3749.8;516.3
3;28;6;3250.0;3481.2;3843.5;4174.2;4181.0;3793.8;388.7
3;29;6;3166.0;3371.8;3874.0;4130.2;4200.0;3755.7;419.7
3;30;6;2914.0;3132.8;3826.0;4175.0;4198.0;3659.5;550.0
3;31;6;2786.0;3082.5;3631.0;4227.5;4244.0;3603.0;627.3
3;32;6;3257.0;3480.8;3846.5;4069.8;4101.0;3759.0;337.2
3;33;6;2659.0;3108.5;3633.0;4101.2;4226.0;3557.0;599.7
3;34;6;3010.0;3207.2;3796.0;4006.8;4110.0;3633.3;446.8
3;35;6;2711.0;2950.8;3636.0;4097.0;4163.0;3519.8;614.8
3;36;6;3024.0;3055.5;3535.5;4048.5;4113.0;3553.8;497.9
3;37;6;2945.0;3361.0;3892.5;4243.2;4263.0;3756.2;518.7
3;38;6;2851.0;3052.8;3720.5;4084.5;4129.0;3576.2;544.3
3;39;6;2962.0;3391.8;3958.0;4149.2;4188.0;3747.0;476.7
3;40;6;2594.0;3018.0;3581.0;3928.0;3983.0;3435.5;539.5
3;41;6;2753.0;2978.0;3413.0;3819.5;3831.0;3366.3;462.4
3;42;6;2945.0;3150.2;3541.5;3882.5;3917.0;3493.5;399.0
3;43;6;2525.0;2806.2;3480.5;3713.0;3767.0;3270.8;510.9
3;44;6;2872.0;2886.8;3302.0;3706.0;3752.0;3302.8;415.8
3;45;6;2373.0;2787.8;3343.5;3808.5;3824.0;3241.7;588.0
3;46;6;2394.0;2609.8;3138.5;3676.2;3820.0;3130.0;596.9
3;47;6;2439.0;2860.5;3237.5;3532.0;3573.0;3142.0;430.3
3;48;6;2459.0;2723.0;3098.5;3551.2;3694.0;3108.3;475.7
3;49;6;2601.0;2741.8;2938.0;3453.8;3621.0;3066.7;409.4
3;50;6;2240.0;2627.0;2799.5;3343.2;3541.0;2912.3;469.9
3;51;6;2178.0;2563.0;2699.0;3320.2;3605.0;2871.0;515.1
3;52;6;2273.0;2457.5;2804.5;3219.0;3399.0;2830.0;428.2
3;53;6;2288.0;2542.0;2800.0;3207.2;3358.0;2840.8;398.5
3;54;6;2396.0;2694.2;2825.0;3283.5;3461.0;2932.3;389.1
3;55;6;2397.0;2471.8;2570.0;3118.2;3318.0;2765.8;387.6
3;56;6;2348.0;2410.0;2549.5;3104.5;3297.0;2732.8;398.7
3;57;6;2195.0;2378.2;2729.5;3192.5;3358.0;2770.0;457.4
3;58;6;2225.0;2277.5;2362.5;2971.0;3232.0;2600.8;428.9
3;59;6;2293.0;2381.5;2517.5;3083.2;3236.0;2695.3;394.9
3;60;6;2271.0;2420.5;2652.5;3181.5;3395.0;2778.7;438.5
3;61;6;2019.0;2270.0;2527.0;3152.2;3411.0;2671.5;532.6
3;62;6;2292.0;2419.0;2447.5;3004.8;3184.0;2661.8;372.8
3;63;6;1921.0;2337.2;2534.0;2960.2;3114.0;2579.5;420.7
3;64;6;2330.0;2414.2;2616.5;2980.8;3081.0;2682.2;304.1
3;65;6;2177.0;2334.0;2475.0;2889.0;3129.0;2595.0;356.7
3;66;6;2083.0;2408.0;2533.5;2869.8;3028.0;2587.7;330.5
3;67;6;2086.0;2212.2;2323.5;2710.8;2892.0;2440.0;306.8
3;68;6;1977.0;2227.0;2354.0;2719.5;2885.0;2432.7;325.8
3;69;6;2113.0;2286.2;2374.0;2768.5;3007.0;2504.2;328.8
3;70;6;2224.0;2279.0;2436.5;2707.2;2799.0;2486.7;235.6
3;71;6;1898.0;2086.2;2345.5;2730.0;2864.0;2385.2;368.7
3;72;6;2146.0;2332.8;2410.5;2771.0;2889.0;2509.0;281.7
3;73;6;1856.0;2413.8;2448.0;2828.8;3052.0;2527.0;394.7
3;74;6;2208.0;2349.8;2646.5;2941.8;3020.0;2635.3;319.2
3;75;6;2082.0;2299.0;2448.0;2829.5;2986.0;2528.3;333.7
3;76;6;2116.0;2239.5;2358.5;2780.5;2935.0;2481.5;321.1
3;77;6;2054.0;2310.5;2521.0;2910.0;3040.0;2569.3;364.9
3;78;6;2360.0;2396.2;2479.0;2829.5;2945.0;2596.3;247.5
3;79;6;2311.0;2478.8;2544.0;2900.2;3083.0;2659.7;284.4
3;80;6;1880.0;2209.0;2316.0;2459.8;3034.0;2371.2;351.0
3;81;6;2005.0;2175.2;2498.0;2527.5;3023.0;2438.2;336.3
3;82;6;2211.0;2281.5;2348.5;2397.5;3149.0;2455.0;317.0
3;83;6;2119.0;2283.0;2365.5;2479.5;3172.0;2465.8;337.8
3;84;6;1846.0;2007.2;2283.5;2473.5;3104.0;2328.2;415.3
3;85;6;2345.0;2390.2;2438.0;2467.0;3017.0;2514.8;228.6
3;86;6;2035.0;2369.8;2422.5;2548.0;3070.0;2482.0;310.7
3;87;6;2259.0;2306.5;2355.5;2535.0;2817.0;2445.3;196.9
3;88;6;2072.0;2222.5;2301.5;2406.0;3057.0;2394.8;316.2
3;89;6;2214.0;2272.2;2312.0;2411.0;2915.0;2409.3;236.4
3;90;6;1941.0;2135.0;2274.5;2378.0;3080.0;2345.2;360.9
3;91;6;1831.0;2110.2;2221.5;2341.0;3021.0;2291.5;366.3
3;92;6;2024.0;2228.8;2409.0;2458.8;3133.0;2436.5;347.9
3;93;6;2052.0;2143.2;2199.5;2300.0;2927.0;2306.0;290.0
3;94;6;2105.0;2157.5;2351.0;2522.8;3051.0;2421.8;324.2
3;95;6;2029.0;2210.0;2280.5;2310.5;2998.0;2349.2;305.4
3;96;6;2067.0;2111.8;2202.0;2376.2;2932.0;2319.8;297.2
3;97;6;1943.0;2100.8;2369.5;2535.5;3063.0;2391.2;369.9
3;98;6;2008.0;2148.2;2275.0;2347.0;2925.0;2326.7;292.8
3;99;6;2316.0;2369.0;2412.0;2464.8;2954.0;2488.5;214.3
4;0;6;3489.0;3840.2;4515.0;4555.2;4587.0;4215.0;467.6
4;1;6;3361.0;3639.2;4330.5;4449.5;4458.0;4063.0;474.7
4;2;6;3454.0;3798.0;4401.0;4410.8;4532.0;4133.2;433.4
4;3;6;3192.0;3966.8;4476.5;4543.0;4579.0;4181.0;514.6
4;4;6;3242.0;3603.5;4189.5;4315.0;4356.0;3957.0;449.9
4;5;6;3459.0;3784.0;4461.0;4484.0;4501.0;4155.3;457.2
4;6;6;3395.0;3729.5;4425.0;4521.2;4545.0;4140.2;490.8
4;7;6;3171.0;3672.2;4273.0;4359.2;4382.0;3993.2;481.2
4;8;6;3528.0;3716.5;4177.0;4322.5;4364.0;4030.0;344.4
4;9;6;3306.0;3822.2;4425.5;4552.5;4582.0;4159.2;497.9
4;10;6;3251.0;3766.0;4427.0;4528.5;4567.0;4130.0;526.9
4;11;6;3196.0;3522.5;4287.5;4362.5;4414.0;3973.3;526.7
4;12;6;3461.0;3789.5;4504.0;4512.8;4517.0;4175.5;473.8
4;13;6;3247.0;3608.2;4297.5;4347.0;4389.0;3995.5;481.7
4;14;6;3181.0;3760.5;4438.0;4471.2;4542.0;4102.7;535.6
4;15;6;3125.0;3667.0;4344.5;4394.2;4403.0;4011.5;520.3
4;16;6;3251.0;3757.2;4269.5;4334.0;4370.0;4017.0;431.8
4;17;6;3363.0;3554.5;3961.5;4336.2;4354.0;3920.0;423.6
4;18;6;3627.0;3799.2;4148.5;4374.8;4439.0;4082.7;325.2
4;19;6;3180.0;3352.8;3917.0;4329.0;4424.0;3844.8;523.6
4;20;6;3221.0;3476.5;4001.5;4415.5;4464.0;3923.8;518.9
4;21;6;3039.0;3424.2;3915.5;4356.5;4431.0;3844.2;554.3
4;22;6;3164.0;3772.5;4091.0;4387.0;4427.0;3987.5;460.5
4;23;6;3272.0;3312.5;3843.5;4333.2;4358.0;3824.8;514.4
4;24;6;2961.0;3169.5;3962.5;4316.8;4355.0;3763.5;600.4
4;25;6;3226.0;3421.0;3908.0;4315.5;4369.0;3853.5;482.6
4;26;6;3392.0;3567.0;3940.0;4296.5;4365.0;3915.8;407.2
4;27;6;3043.0;3272.2;3815.5;4328.8;4346.0;3768.5;570.4
4;28;6;3405.0;3429.0;3862.0;4290.5;4350.0;3866.2;440.1
4;29;6;3163.0;3465.5;3867.0;4298.5;4329.0;3833.3;473.4
4;30;6;3066.0;3235.5;3730.0;4133.8;4169.0;3672.3;473.4
4;31;6;2917.0;3098.5;3576.0;4103.0;4280.0;3594.5;559.4
4;32;6;2955.0;3095.5;3603.5;4141.5;4172.0;3596.8;547.2
4;33;6;2861.0;2968.8;3651.0;4142.8;4176.0;3564.5;590.0
4;34;6;2745.0;3173.0;3671.0;4072.2;4099.0;3566.5;537.6
4;35;6;2988.0;3096.2;3701.0;4115.2;4129.0;3611.2;512.2
4;36;6;2856.0;3155.5;3610.5;4126.2;4211.0;3598.3;542.2
4;37;6;2763.0;2892.2;3267.0;3734.8;3853.0;3301.3;451.9
4;38;6;2565.0;2934.8;3497.5;3978.5;3997.0;3407.2;585.6
4;39;6;2785.0;3190.2;3554.0;3885.5;3916.0;3479.0;437.3
4;40;6;2725.0;2881.8;3470.5;4006.0;4029.0;3427.5;589.5
4;41;6;3024.0;3087.8;3490.5;3897.0;3969.0;3493.3;421.7
4;42;6;2676.0;3087.8;3495.5;3778.8;3807.0;3383.2;432.5
4;43;6;2843.0;3039.0;3529.5;3834.8;3904.0;3436.3;435.5
4;44;6;2854.0;2891.0;3347.5;3798.8;3854.0;3348.5;468.4
4;45;6;2938.0;2960.0;3375.0;3844.8;3910.0;3403.5;442.4
4;46;6;2787.0;2883.8;3438.0;3944.2;3967.0;3407.0;541.5
4;47;6;2674.0;2914.8;3497.0;3954.8;3966.0;3410.3;556.2
4;48;6;2739.0;2782.8;2925.0;3518.0;3697.0;3122.8;410.1
4;49;6;2547.0;2705.0;2880.5;3597.5;3864.0;3109.2;531.7
4;50;6;2817.0;2857.5;3055.0;3589.2;3752.0;3206.3;395.1
4;51;6;2467.0;2685.2;2745.5;3345.0;3531.0;2949.8;421.6
4;52;6;2647.0;2742.8;3107.0;3517.8;3669.0;3134.3;411.0
4;53;6;2497.0;2617.8;2709.0;3215.0;3411.0;2882.8;368.9
4;54;6;2413.0;2623.8;2715.0;3329.8;3639.0;2935.0;470.7
4;55;6;2487.0;2693.0;2846.5;3389.2;3605.0;2999.5;425.6
4;56;6;2354.0;2610.5;2911.0;3342.0;3458.0;2938.3;418.4
4;57;6;2339.0;2420.5;2527.0;3194.5;3463.0;2776.3;473.8
4;58;6;2618.0;2636.8;2886.0;3431.5;3533.0;3015.0;406.4
4;59;6;2342.0;2543.0;2758.0;3333.0;3501.0;2892.5;453.3
4;60;6;2344.0;2559.5;2861.5;3236.2;3336.0;2870.5;380.0
4;61;6;2126.0;2500.2;2754.5;3329.0;3497.0;2844.7;506.8
4;62;6;2397.0;2437.2;2503.0;2984.2;3232.0;2699.2;345.7
4;63;6;2230.0;2330.5;2515.5;3002.8;3118.0;2635.5;366.3
4;64;6;2460.0;2578.8;2685.5;3018.8;3164.0;2778.0;270.8
4;65;6;2150.0;2225.8;2419.5;2988.2;3173.0;2583.5;422.6
4;66;6;2166.0;2226.0;2406.0;2861.2;2985.0;2523.7;342.5
4;67;6;2214.0;2257.2;2431.5;2913.2;3084.0;2572.3;361.1
4;68;6;2079.0;2212.0;2410.5;2814.5;3025.0;2503.3;356.8
4;69;6;2343.0;2388.5;2576.0;3169.2;3345.0;2755.5;426.1
4;70;6;2163.0;2274.5;2372.5;2940.0;3109.0;2564.7;391.8
4;71;6;2144.0;2542.8;2624.5;3121.8;3288.0;2747.3;411.7
4;72;6;2431.0;2483.8;2511.0;2992.0;3186.0;2711.0;324.8
4;73;6;2221.0;2380.0;2538.5;3000.0;3175.0;2659.0;367.6
4;74;6;2424.0;2496.5;2596.0;3087.0;3297.0;2771.2;355.5
4;75;6;2181.0;2547.2;2613.0;3032.8;3250.0;2725.8;372.5
4;76;6;2307.0;2469.5;2628.0;3040.8;3217.0;2729.2;349.4
4;77;6;2161.0;2264.8;2406.5;2817.5;2965.0;2518.5;323.5
4;78;6;2379.0;2453.2;2516.5;3040.2;3241.0;2716.7;361.9
4;79;6;2264.0;2362.8;2506.5;2962.2;3068.0;2629.0;331.4
4;80;6;2329.0;2376.8;2406.5;2444.5;3018.0;2497.3;236.1
4;81;6;2268.0;2308.2;2370.5;2555.8;3221.0;2522.5;331.3
4;82;6;2173.0;2217.2;2274.5;2305.5;3011.0;2374.5;288.6
4;83;6;2147.0;2181.5;2330.5;2553.0;3120.0;2447.8;339.7
4;84;6;2224.0;2444.0;2679.0;2712.2;3391.0;2677.0;368.0
4;85;6;2261.0;2322.0;2404.0;2479.2;3140.0;2501.3;296.6
4;86;6;2262.0;2380.5;2471.0;2558.5;3345.0;2581.2;356.3
4;87;6;2163.0;2360.0;2450.0;2707.2;3088.0;2545.7;305.5
4;88;6;2139.0;2339.8;2381.5;2560.5;3243.0;2515.2;353.7
4;89;6;2114.0;2230.8;2373.5;2455.5;3286.0;2468.8;385.5
4;90;6;2161.0;2386.5;2413.5;2547.0;3308.0;2544.2;363.7
4;91;6;2356.0;2401.8;2558.0;2878.5;3262.0;2678.2;331.0
4;92;6;2120.0;2238.0;2362.5;2456.2;3297.0;2471.0;388.0
4;93;6;2261.0;2338.8;2402.5;2506.8;3294.0;2536.5;349.2
4;94;6;2147.0;2399.0;2418.5;2638.2;3417.0;2584.2;406.1
4;95;6;2228.0;2298.0;2468.5;2699.0;3463.0;2607.5;421.3
4;96;6;2170.0;2232.5;2485.0;2627.2;3119.0;2513.7;324.5
4;97;6;1806.0;2149.5;2442.0;2602.5;3083.0;2413.5;407.4
4;98;6;2228.0;2269.8;2336.5;2575.8;3231.0;2505.8;351.7
4;99;6;2297.0;2387.5;2472.0;2656.2;3214.0;2588.7;308.3
5;0;6;3184.0;3732.5;4405.0;4425.8;4518.0;4075.5;525.3
5;1;6;3719.0;3979.5;4523.5;4533.5;4549.0;4275.0;365.1
5;2;6;3085.0;3908.2;4503.0;4535.2;4607.0;4159.0;568.2
5;3;6;3229.0;3882.0;4308.0;4312.5;4341.0;4040.0;419.7
5;4;6;3453.0;3910.5;4436.5;4467.5;4574.0;4185.5;426.3
5;5;6;3259.0;3661.2;4132.5;4195.8;4407.0;3942.0;411.8
5;6;6;3271.0;3801.2;4364.5;4414.8;4416.0;4076.8;456.2
5;7;6;3061.0;3646.5;4373.5;4401.5;4493.0;4019.3;566.2
5;8;6;2864.0;3938.2;4407.0;4497.8;4571.0;4093.2;608.4
5;9;6;3023.0;3731.5;4401.5;4444.5;4482.0;4045.8;569.2
5;10;6;3537.0;3809.2;4311.5;4410.2;4501.0;4124.3;382.9
5;11;6;3615.0;3880.5;4361.0;4385.5;4423.0;4145.7;339.5
5;12;6;3305.0;3845.5;4279.0;4447.8;4549.0;4102.8;447.1
5;13;6;3142.0;3698.0;4328.5;4389.8;4417.0;4019.0;507.0
5;14;6;3206.0;3727.2;4336.0;4413.0;4443.0;4047.3;491.0
5;15;6;3080.0;3643.0;4330.5;4476.5;4560.0;4040.0;572.7
5;16;6;3284.0;3669.2;4288.0;4362.2;4419.0;4021.5;460.1
5;17;6;3179.0;3253.2;3852.0;4353.2;4365.0;3803.7;553.3
5;18;6;3439.0;3457.8;3917.5;4377.2;4403.0;3918.7;459.4
5;19;6;3024.0;3291.8;3880.0;4279.2;4288.0;3763.3;533.9
5;20;6;3070.0;3478.0;3877.5;4199.8;4352.0;3804.8;463.8
5;21;6;3092.0;3156.2;3747.5;4238.2;4270.0;3703.0;544.6
5;22;6;3012.0;3428.8;3859.0;4260.0;4370.0;3796.5;517.1
5;23;6;3354.0;3448.5;3827.0;4197.2;4244.0;3815.8;393.0
5;24;6;3275.0;3682.0;4105.5;4343.0;4399.0;3974.7;420.2
5;25;6;3097.0;3235.8;3791.0;4333.5;4364.0;3768.0;576.2
5;26;6;2804.0;3283.8;3813.5;4302.0;4351.0;3725.7;610.6
5;27;6;3250.0;3419.0;3817.5;4274.5;4320.0;3819.7;454.1
5;28;6;3092.0;3184.0;3738.0;4117.2;4182.0;3665.5;478.7
5;29;6;3110.0;3342.5;3657.0;4100.5;4163.0;3678.8;424.0
5;30;6;3095.0;3245.8;3685.0;4122.0;4174.0;3667.7;470.0
5;31;6;3059.0;3162.8;3645.0;4101.8;4160.0;3627.5;493.1
5;32;6;3006.0;3448.8;3775.0;4083.2;4114.0;3699.3;420.5
5;33;6;3184.0;3316.0;3907.0;4284.2;4325.0;3808.7;495.5
5;34;6;3067.0;3403.0;3772.5;4043.8;4078.0;3684.0;392.1
5;35;6;2725.0;3013.5;3618.0;4031.2;4055.0;3499.5;551.7
5;36;6;3000.0;3245.2;3852.5;4062.2;4088.0;3661.3;454.3
5;37;6;2368.0;2729.5;3596.5;3996.2;4006.0;3356.2;689.0
5;38;6;2820.0;2886.2;3593.5;4153.8;4177.0;3529.2;634.4
5;39;6;2835.0;3119.2;3566.0;3883.0;3954.0;3480.0;441.5
5;40;6;2984.0;3067.8;3525.0;3929.0;3966.0;3496.5;436.2
5;41;6;2746.0;3226.2;3524.5;3841.5;3870.0;3456.5;421.5
5;42;6;2709.0;2871.2;3351.5;3810.8;3850.0;3322.8;489.9
5;43;6;2464.0;2805.5;3433.0;3716.2;3756.0;3248.8;519.3
5;44;6;2642.0;2798.8;3278.0;3760.2;3814.0;3262.0;508.0
5;45;6;2577.0;2858.8;3474.0;3852.2;3907.0;3344.0;538.5
5;46;6;2640.0;2869.5;3349.0;3721.2;3798.0;3281.8;474.5
5;47;6;2607.0;2739.0;3488.0;3847.0;3927.0;3327.7;573.1
5;48;6;2805.0;2944.0;3003.0;3623.8;3848.0;3235.7;430.7
5;49;6;2450.0;2720.2;2963.5;3482.0;3688.0;3059.8;464.8
5;50;6;2335.0;2642.8;2856.0;3531.2;3740.0;3019.2;538.8
5;51;6;2831.0;3019.5;3040.5;3480.0;3692.0;3207.2;326.5
5;52;6;2620.0;2749.5;2773.5;3510.0;3761.0;3070.8;486.7
5;53;6;2577.0;2690.8;2913.0;3475.8;3695.0;3063.0;448.8
5;54;6;2528.0;2787.2;2867.5;3335.5;3526.0;3006.8;370.4
5;55;6;2630.0;2685.2;2813.5;3340.8;3530.0;2991.0;377.1
5;56;6;2333.0;2571.8;2873.0;3289.0;3468.0;2907.7;424.0
5;57;6;2854.0;2900.5;2931.5;3349.5;3611.0;3117.8;308.4
5;58;6;2578.0;2666.0;2884.5;3352.0;3555.0;3000.5;386.1
5;59;6;2573.0;2838.2;3028.5;3332.8;3452.0;3048.5;316.1
5;60;6;2666.0;2720.8;2811.0;3454.0;3677.0;3054.0;439.7
5;61;6;2401.0;2617.8;2764.0;3344.5;3527.0;2927.2;439.4
5;62;6;2477.0;2584.0;2882.0;3258.0;3366.0;2912.5;359.6
5;63;6;2411.0;2608.8;2695.0;3153.2;3337.0;2837.3;351.5
5;64;6;2537.0;2584.8;2789.0;3267.0;3398.0;2909.3;362.5
5;65;6;2426.0;2681.0;2784.0;3292.0;3477.0;2929.8;398.9
5;66;6;2552.0;2572.0;2680.5;3225.5;3592.0;2908.0;418.7
5;67;6;2466.0;2603.8;2799.5;3164.0;3241.0;2855.0;308.2
5;68;6;2275.0;2670.8;2727.0;3213.8;3469.0;2871.0;416.9
5;69;6;2302.0;2546.0;2650.0;3207.0;3388.0;2815.7;417.7
5;70;6;2559.0;2578.5;2699.5;3218.8;3372.0;2876.7;354.8
5;71;6;2010.0;2382.0;2548.0;3047.0;3220.0;2644.3;441.8
5;72;6;2260.0;2499.2;2589.5;3085.5;3302.0;2743.5;389.9
5;73;6;2402.0;2613.0;2812.5;3387.0;3545.0;2949.5;447.8
5;74;6;2217.0;2540.8;2631.5;3130.2;3391.0;2779.7;420.9
5;75;6;2101.0;2382.5;2464.5;3071.5;3274.0;2655.5;448.3
5;76;6;2113.0;2389.0;2536.5;2906.0;3158.0;2618.8;361.2
5;77;6;2318.0;2365.0;2446.0;2965.8;3145.0;2638.7;358.8
5;78;6;2263.0;2351.0;2528.0;3038.0;3210.0;2671.5;386.9
5;79;6;2247.0;2351.2;2627.0;2935.0;3061.0;2643.2;322.6
5;80;6;2087.0;2279.8;2431.0;2506.5;3165.0;2479.2;339.9
5;81;6;2204.0;2293.2;2377.5;2743.8;3165.0;2542.5;346.5
5;82;6;2154.0;2250.0;2391.5;2484.2;3264.0;2486.5;367.4
5;83;6;2151.0;2201.0;2274.0;2454.2;3345.0;2455.8;413.4
5;84;6;2348.0;2422.5;2501.0;2632.8;3289.0;2618.7;316.6
5;85;6;2090.0;2190.0;2211.5;2327.5;3026.0;2348.0;313.6
5;86;6;2299.0;2360.0;2515.0;2559.0;3167.0;2563.0;289.2
5;87;6;2259.0;2310.8;2435.0;2522.5;3255.0;2534.2;337.2
5;88;6;2269.0;2287.5;2325.5;2392.8;3258.0;2478.0;352.0
5;89;6;2282.0;2453.8;2694.5;2834.0;3380.0;2717.5;358.9
5;90;6;2065.0;2363.8;2446.5;2573.5;3248.0;2526.3;362.2
5;91;6;2250.0;2390.5;2515.0;2574.2;3291.0;2585.7;335.3
5;92;6;2173.0;2377.5;2445.0;2508.0;3167.0;2519.0;309.9
5;93;6;2204.0;2302.8;2393.0;2732.2;3251.0;2559.8;367.8
5;94;6;2342.0;2441.5;2551.5;2657.8;3359.0;2650.3;336.2
5;95;6;2182.0;2219.5;2399.5;2671.0;3268.0;2528.3;383.2
5;96;6;2089.0;2207.0;2296.0;2439.0;3285.0;2438.3;397.2
5;97;6;2062.0;2289.0;2371.0;2541.5;3239.0;2483.8;372.2
5;98;6;2051.0;2127.5;2285.0;2534.0;3268.0;2430.2;415.2
5;99;6;2019.0;2146.2;2223.0;2510.5;3255.0;2407.8;419.2
6;0;6;3840.0;4063.0;4536.0;4561.2;4575.0;4327.0;320.7
6;1;6;3083.0;3712.2;4297.5;4372.8;4416.0;4001.5;511.0
6;2;6;3368.0;3879.2;4264.5;4316.0;4358.0;4056.5;368.6
6;3;6;3470.0;3719.5;4313.5;4404.2;4434.0;4081.2;416.6
6;4;6;3487.0;3691.8;4314.0;4424.8;4474.0;4089.2;428.0
6;5;6;3067.0;3445.0;4383.0;4433.0;4497.0;3985.3;624.0
6;6;6;3536.0;3877.2;4461.0;4531.0;4538.0;4205.5;420.6
6;7;6;3771.0;4035.0;4527.0;4548.0;4572.0;4303.8;342.7
6;8;6;3524.0;3902.0;4436.0;4446.5;4469.0;4173.2;392.7
6;9;6;3374.0;3645.5;4310.0;4440.5;4527.0;4071.5;481.5
6;10;6;3184.0;3780.5;4165.0;4296.0;4370.0;3979.3;426.2
6;11;6;3309.0;3681.8;4329.0;4368.8;4442.0;4042.8;465.9
6;12;6;2910.0;3594.8;4174.5;4282.5;4296.0;3879.2;528.6
6;13;6;3318.0;3815.5;4247.0;4270.5;4276.0;4006.3;375.2
6;14;6;3335.0;3601.8;4323.5;4329.0;4408.0;4013.7;471.0
6;15;6;3285.0;3669.2;4259.0;4321.5;4435.0;4008.8;448.6
6;16;6;3039.0;3594.0;4228.0;4250.0;4290.0;3904.2;499.2
6;17;6;3274.0;3509.8;4046.0;4331.0;4358.0;3913.5;446.7
6;18;6;3168.0;3243.8;3807.5;4257.2;4313.0;3759.8;509.9
6;19;6;3150.0;3681.2;4139.0;4387.5;4423.0;3975.0;472.6
6;20;6;3291.0;3382.5;3855.0;4224.0;4230.0;3800.5;427.9
6;21;6;3241.0;3289.2;3835.5;4326.2;4329.0;3806.3;520.7
6;22;6;2810.0;3363.5;3845.5;4215.0;4228.0;3711.7;545.1
6;23;6;3304.0;3330.5;3808.0;4221.8;4246.0;3782.8;446.7
6;24;6;3049.0;3284.0;3766.0;4189.5;4270.0;3717.5;502.9
6;25;6;3065.0;3171.5;3687.5;4181.8;4266.0;3675.3;522.7
6;26;6;2984.0;3342.8;3888.5;4266.2;4299.0;3768.8;525.9
6;27;6;3428.0;3532.2;3941.0;4200.5;4259.0;3875.3;352.4
6;28;6;3019.0;3245.8;3642.0;3975.2;4104.0;3601.2;424.0
6;29;6;2857.0;2980.0;3505.0;4017.2;4044.0;3484.0;539.8
6;30;6;2828.0;3174.0;3685.0;4112.8;4145.0;3600.3;534.1
6;31;6;2943.0;3031.8;3553.5;4036.2;4070.0;3529.2;510.0
6;32;6;3083.0;3258.5;3650.0;4036.2;4088.0;3627.3;421.6
6;33;6;2770.0;2986.8;3534.5;3940.5;4000.0;3453.2;516.0
6;34;6;2761.0;2848.0;3413.0;3953.2;4018.0;3399.7;574.9
6;35;6;2844.0;3167.5;3705.5;4084.5;4109.0;3593.8;514.7
6;36;6;2876.0;2980.0;3508.5;3893.0;3912.0;3438.3;463.9
6;37;6;2621.0;2694.0;3319.0;3851.0;3866.0;3273.2;583.3
6;38;6;2868.0;2973.0;3412.5;3774.8;3815.0;3371.7;418.3
6;39;6;2726.0;2921.0;3430.5;3850.8;3885.0;3369.0;498.0
6;40;6;2766.0;2933.0;3351.5;3774.5;3846.0;3337.3;454.8
6;41;6;2500.0;2801.8;3229.0;3734.2;3763.0;3213.8;523.2
6;42;6;2381.0;2618.0;3273.5;3742.2;3779.0;3167.5;588.5
6;43;6;2667.0;2744.2;3182.0;3552.2;3655.0;3160.0;426.5
6;44;6;2554.0;2668.2;3116.0;3516.5;3589.0;3090.7;439.4
6;45;6;2459.0;2683.5;3025.5;3296.2;3388.0;2975.7;362.3
6;46;6;2551.0;2628.8;3017.5;3382.2;3471.0;3010.0;389.9
6;47;6;2450.0;2597.2;3092.5;3335.0;3386.0;2978.2;390.7
6;48;6;2548.0;2779.8;2859.0;3245.8;3391.0;2964.2;310.2
6;49;6;2669.0;2725.8;2818.0;3325.8;3509.0;3000.7;357.5
6;50;6;2386.0;2532.5;2610.0;3201.2;3423.0;2822.3;422.0
6;51;6;2351.0;2638.2;2683.5;3253.8;3497.0;2880.3;430.6
6;52;6;2615.0;2647.2;2779.5;3157.8;3254.0;2885.8;273.4
6;53;6;2215.0;2439.8;2521.5;3120.0;3310.0;2716.7;432.1
6;54;6;2256.0;2389.0;2504.5;2995.8;3288.0;2677.2;397.3
6;55;6;2388.0;2560.2;2580.0;3109.8;3469.0;2809.5;409.0
6;56;6;2377.0;2563.2;2776.5;3193.8;3307.0;2843.7;358.9
6;57;6;2332.0;2471.2;2501.5;2882.0;3157.0;2660.3;305.2
6;58;6;2277.0;2435.2;2610.0;3046.5;3249.0;2719.2;369.0
6;59;6;2272.0;2476.8;2494.0;2930.5;3141.0;2658.0;326.7
6;60;6;2419.0;2447.5;2603.0;3145.5;3351.0;2783.0;392.1
6;61;6;2141.0;2523.2;2699.0;3078.8;3221.0;2738.3;378.7
6;62;6;2289.0;2482.2;2589.0;3126.2;3375.0;2765.7;412.2
6;63;6;2308.0;2366.0;2481.0;2849.5;3084.0;2609.0;302.7
6;64;6;2031.0;2309.2;2368.0;2932.2;3173.0;2558.3;430.3
6;65;6;2101.0;2166.2;2657.0;3226.5;3316.0;2691.7;528.7
6;66;6;2136.0;2305.8;2530.5;2977.2;3107.0;2610.2;378.7
6;67;6;2320.0;2429.8;2636.5;2980.5;3072.0;2686.8;299.3
6;68;6;2007.0;2263.5;2366.5;2859.5;3037.0;2505.0;389.2
6;69;6;2258.0;2269.2;2338.5;2852.5;3002.0;2534.5;334.0
6;70;6;2150.0;2311.8;2451.5;2943.8;3150.0;2596.0;387.7
6;71;6;2188.0;2349.2;2450.0;2847.8;3004.0;2564.7;309.9
6;72;6;2051.0;2270.5;2503.5;3011.0;3141.0;2595.3;421.6
6;73;6;1944.0;2252.8;2366.0;2797.2;3041.0;2478.8;383.9
6;74;6;2186.0;2246.5;2310.5;2786.2;3019.0;2499.3;343.8
6;75;6;2067.0;2182.0;2345.0;2922.8;3095.0;2515.8;422.3
6;76;6;2102.0;2281.8;2467.5;2907.5;3040.0;2558.5;363.7
6;77;6;1896.0;2085.0;2165.5;2690.8;2850.0;2333.5;376.0
6;78;6;2064.0;2244.0;2345.0;2814.2;2982.0;2486.2;353.7
6;79;6;2031.0;2154.8;2273.5;2718.5;2888.0;2408.0;336.6
6;80;6;2060.0;2348.0;2521.0;2611.5;3242.0;2546.0;363.0
6;81;6;1975.0;2120.8;2311.5;2422.0;3036.0;2358.3;342.7
6;82;6;2136.0;2434.5;2492.0;2711.5;3278.0;2599.7;355.9
6;83;6;1904.0;2259.5;2375.5;2421.8;2932.0;2374.2;304.9
6;84;6;1954.0;2190.5;2322.0;2349.2;3060.0;2360.5;342.2
6;85;6;2039.0;2115.5;2280.5;2326.2;2844.0;2307.7;264.5
6;86;6;1948.0;2056.8;2239.0;2333.5;2682.0;2244.8;241.1
6;87;6;2255.0;2268.2;2307.0;2519.8;3067.0;2463.7;291.9
6;88;6;2080.0;2143.5;2258.5;2327.8;2845.0;2316.3;253.3
6;89;6;1986.0;2108.8;2213.0;2300.8;3043.0;2309.8;344.9
6;90;6;1922.0;2165.5;2216.5;2309.5;2835.0;2279.8;277.9
6;91;6;1941.0;2082.8;2130.0;2172.0;3050.0;2250.7;365.4
6;92;6;1834.0;2086.0;2219.0;2393.2;2874.0;2273.2;327.4
6;93;6;1990.0;2031.5;2161.5;2224.0;2947.0;2248.8;325.3
6;94;6;1769.0;2043.5;2178.5;2327.0;2814.0;2219.2;326.1
6;95;6;1983.0;2049.8;2160.0;2174.2;2996.0;2248.5;342.7
6;96;6;2117.0;2275.5;2436.5;2614.0;2951.0;2472.7;275.4
6;97;6;1903.0;2035.2;2103.5;2220.5;2889.0;2211.8;321.0
6;98;6;2114.0;2163.8;2312.0;2384.5;2856.0;2352.8;248.1
6;99;6;2064.0;2087.5;2250.5;2365.5;3156.0;2359.7;376.9
7;0;6;3305.0;3788.5;4459.0;4474.0;4521.0;4131.3;497.9
7;1;6;3088.0;3725.8;4378.0;4430.2;4552.0;4058.7;553.1
7;2;6;3513.0;3723.2;4400.5;4469.5;4517.0;4136.8;443.3
7;3;6;3371.0;3672.2;4271.0;4283.2;4440.0;4018.8;426.4
7;4;6;3237.0;3533.8;4462.0;4604.2;4675.0;4118.7;623.4
7;5;6;3433.0;3779.5;4463.5;4473.2;4477.0;4144.2;461.5
7;6;6;3356.0;3728.8;4294.5;4336.0;4400.0;4039.2;419.4
7;7;6;3240.0;3739.0;4392.0;4434.5;4460.0;4075.7;495.4
7;8;6;3342.0;3663.8;4281.5;4367.5;4412.0;4028.5;444.3
7;9;6;3078.0;3740.0;4207.5;4258.8;4344.0;3949.5;462.2
7;10;6;3335.0;3927.2;4285.0;4347.2;4423.0;4084.0;389.3
7;11;6;3484.0;3714.5;4353.0;4450.8;4502.0;4112.8;435.2
7;12;6;3476.0;3667.5;4278.0;4414.5;4436.0;4065.3;418.6
7;13;6;3224.0;3512.8;4302.0;4394.5;4512.0;4002.5;543.5
7;14;6;3021.0;3591.5;4194.0;4338.2;4409.0;3932.5;529.5
7;15;6;3210.0;3686.8;4296.5;4328.8;4339.0;3994.2;464.1
7;16;6;3212.0;3846.8;4243.0;4317.5;4413.0;4028.0;427.3
7;17;6;3324.0;3525.5;3993.5;4434.5;4465.0;3954.5;487.1
7;18;6;3179.0;3272.8;3743.5;4206.0;4290.0;3738.7;476.8
7;19;6;3220.0;3499.8;4000.0;4324.8;4362.0;3891.3;463.1
7;20;6;3042.0;3199.2;3999.5;4388.8;4428.0;3820.0;609.6
7;21;6;3454.0;3621.2;3973.0;4358.5;4375.0;3961.0;399.6
7;22;6;3228.0;3453.0;3828.0;4217.2;4243.0;3800.3;428.0
7;23;6;3239.0;3270.5;3787.0;4230.8;4261.0;3758.5;481.2
7;24;6;2993.0;3365.8;3829.5;4197.2;4422.0;3767.5;522.5
7;25;6;3071.0;3143.8;3704.0;4220.8;4294.0;3687.2;559.4
7;26;6;3119.0;3305.0;3855.5;4247.8;4255.0;3764.2;496.1
7;27;6;3068.0;3441.0;3890.5;4224.5;4269.0;3790.8;471.1
7;28;6;2800.0;3548.0;3869.0;4173.5;4218.0;3745.3;501.6
7;29;6;3062.0;3252.8;3887.5;4229.0;4260.0;3746.8;514.1
7;30;6;3246.0;3341.5;3783.0;4208.0;4242.0;3766.3;450.9
7;31;6;2905.0;3061.2;3494.5;3846.0;3972.0;3457.7;437.8
7;32;6;2797.0;3224.5;3797.5;4216.0;4262.0;3673.8;579.6
7;33;6;2985.0;3267.0;3577.5;3998.2;4048.0;3581.7;421.6
7;34;6;3028.0;3101.2;3624.0;4180.5;4210.0;3629.8;550.7
7;35;6;3024.0;3241.5;3749.0;4053.2;4086.0;3639.2;438.4
7;36;6;2953.0;3056.2;3651.5;4065.2;4097.0;3569.0;508.9
7;37;6;3028.0;3083.8;3562.5;4021.0;4060.0;3551.8;469.2
7;38;6;2810.0;3006.8;3430.0;3815.0;3975.0;3409.0;457.8
7;39;6;2693.0;2806.8;3265.0;3635.5;3649.0;3214.2;427.5
7;40;6;2759.0;2893.5;3291.0;3749.2;3783.0;3297.8;445.5
7;41;6;2810.0;3015.0;3411.0;3799.5;3875.0;3386.5;436.2
7;42;6;2748.0;2882.5;3377.0;3799.5;3862.0;3337.0;485.6
7;43;6;2732.0;2901.8;3268.5;3595.5;3631.0;3230.7;378.2
7;44;6;2833.0;2998.5;3409.0;3791.0;3804.0;3372.5;423.1
7;45;6;2193.0;2636.5;3270.5;3828.0;3845.0;3169.7;678.8
7;46;6;2682.0;2748.5;3293.0;3788.0;3817.0;3267.5;529.0
7;47;6;2744.0;2855.2;3281.5;3753.5;3785.0;3286.0;464.3
7;48;6;2508.0;2650.8;2849.5;3542.5;3767.0;3055.3;515.2
7;49;6;2445.0;2630.5;2712.0;3399.5;3673.0;2962.3;492.1
7;50;6;2387.0;2577.8;2684.5;3231.5;3605.0;2886.2;453.6
7;51;6;2619.0;2695.8;2791.0;3351.2;3545.0;2991.3;391.0
7;52;6;2563.0;2680.0;3064.0;3676.0;3880.0;3167.2;536.8
7;53;6;2496.0;2547.5;2728.0;3225.0;3455.0;2880.8;390.4
7;54;6;2535.0;2844.2;2874.5;3371.2;3527.0;3030.3;370.5
7;55;6;2412.0;2589.0;2663.5;3260.8;3525.0;2881.3;437.4
7;56;6;2327.0;2579.5;2631.0;3230.0;3438.0;2836.5;433.1
7;57;6;2457.0;2603.2;2898.5;3350.5;3506.0;2961.0;411.7
7;58;6;2430.0;2450.8;2651.5;3143.2;3258.0;2780.3;360.5
7;59;6;2423.0;2645.8;2787.5;3264.5;3471.0;2915.2;389.1
7;60;6;2111.0;2370.8;2560.5;3131.2;3326.0;2697.8;459.8
7;61;6;2282.0;2730.0;2981.0;3507.2;3634.0;3034.5;493.0
7;62;6;2335.0;2552.5;2675.5;3281.5;3529.0;2868.3;458.8
7;63;6;2432.0;2591.8;2636.5;3129.8;3285.0;2810.2;342.1
7;64;6;2345.0;2431.8;2500.0;2989.8;3318.0;2704.2;379.4
7;65;6;2382.0;2491.8;2570.0;3108.0;3277.0;2758.7;371.4
7;66;6;2480.0;2666.5;2722.5;3158.8;3294.0;2861.8;315.4
7;67;6;2379.0;2623.0;2742.0;3191.8;3368.0;2859.3;368.9
7;68;6;2351.0;2581.2;2707.0;3162.8;3337.0;2826.0;372.7
7;69;6;2323.0;2539.0;2656.5;3149.8;3345.0;2799.2;388.5
7;70;6;2300.0;2427.0;2570.0;3245.5;3467.0;2792.8;485.7
7;71;6;2298.0;2389.0;2556.0;3039.5;3264.0;2701.3;386.3
7;72;6;2321.0;2427.0;2577.5;3079.0;3281.0;2730.0;381.6
7;73;6;2491.0;2705.5;2864.0;3212.2;3342.0;2923.7;316.2
7;74;6;2426.0;2710.0;2890.5;3320.8;3491.0;2968.7;389.4
7;75;6;2076.0;2272.5;2712.0;3273.0;3468.0;2759.0;549.5
7;76;6;2108.0;2217.2;2450.5;3022.0;3267.0;2604.7;468.3
7;77;6;2468.0;2635.8;2667.0;3047.0;3253.0;2809.0;292.5
7;78;6;2239.0;2370.8;2445.0;2892.8;3049.0;2594.3;323.5
7;79;6;2061.0;2208.5;2396.0;3119.8;3339.0;2616.5;521.3
7;80;6;2216.0;2321.5;2508.5;2615.2;3305.0;2574.7;357.9
7;81;6;2227.0;2293.0;2469.0;2759.0;3239.0;2582.3;356.2
7;82;6;2012.0;2389.2;2403.0;2485.8;3046.0;2460.3;305.1
7;83;6;2119.0;2605.5;2719.5;2857.5;3228.0;2709.5;334.2
7;84;6;2320.0;2508.0;2695.5;2821.5;3478.0;2749.7;370.7
7;85;6;2196.0;2396.0;2561.0;2789.8;3191.0;2619.3;327.5
7;86;6;2126.0;2223.8;2326.0;2420.0;3167.0;2431.0;344.5
7;87;6;2455.0;2476.8;2525.0;2677.5;3255.0;2658.2;280.9
7;88;6;2060.0;2231.0;2284.0;2411.2;3066.0;2393.5;321.9
7;89;6;2224.0;2245.5;2319.5;2489.5;3094.0;2454.0;305.4
7;90;6;1895.0;2134.5;2223.5;2303.5;3104.0;2313.5;378.3
7;91;6;1951.0;2368.2;2476.5;2622.2;3053.0;2493.3;332.1
7;92;6;2133.0;2225.2;2263.0;2311.2;3089.0;2381.3;321.9
7;93;6;2025.0;2095.0;2323.0;2425.8;3149.0;2383.2;376.7
7;94;6;2030.0;2264.5;2326.0;2432.5;2982.0;2396.0;292.7
7;95;6;2208.0;2247.0;2284.0;2357.8;2963.0;2392.7;260.5
7;96;6;2217.0;2321.2;2412.0;2661.0;3112.0;2531.3;304.8
7;97;6;2213.0;2313.8;2470.5;2574.0;3112.0;2522.7;293.9
7;98;6;2043.0;2187.0;2357.5;2440.2;3117.0;2412.2;346.4
7;99;6;2049.0;2194.8;2358.5;2445.8;2995.0;2396.0;302.6
8;0;6;3463.0;3851.2;4455.0;4531.5;4543.0;4187.2;446.5
8;1;6;3163.0;3616.0;4454.0;4497.8;4571.0;4081.8;588.4
8;2;6;3198.0;3790.0;4554.5;4592.2;4619.0;4177.7;580.0
8;3;6;3209.0;3793.5;4441.0;4489.2;4521.0;4115.8;521.8
8;4;6;3284.0;3774.0;4314.5;4425.2;4551.0;4086.7;468.3
8;5;6;3432.0;3647.8;4219.5;4319.5;4348.0;4004.8;394.4
8;6;6;3621.0;3900.0;4436.5;4464.5;4524.0;4202.2;376.3
8;7;6;3353.0;3726.8;4218.0;4371.0;4416.0;4031.7;411.4
8;8;6;3687.0;3972.2;4357.5;4448.8;4495.0;4203.3;315.3
8;9;6;3288.0;3821.8;4366.0;4402.5;4505.0;4096.7;458.8
8;10;6;3241.0;4005.5;4403.5;4432.5;4454.0;4136.2;448.5
8;11;6;3013.0;3801.2;4384.0;4394.5;4479.0;4044.2;547.0
8;12;6;3215.0;3664.2;4340.0;4409.8;4464.0;4038.5;503.7
8;13;6;2876.0;3790.2;4328.0;4359.5;4466.0;3996.5;573.8
8;14;6;3316.0;3619.8;4306.0;4373.5;4434.0;4024.8;474.0
8;15;6;3072.0;3440.2;4357.5;4394.2;4427.0;3959.2;603.2
8;16;6;3092.0;3500.2;4125.5;4322.5;4413.0;3906.0;517.0
8;17;6;3434.0;3561.2;3898.5;4232.8;4414.0;3906.3;393.7
8;18;6;3437.0;3489.5;3906.5;4337.0;4396.0;3912.8;430.4
8;19;6;3711.0;3736.8;4055.5;4318.0;4324.0;4030.3;290.9
8;20;6;3282.0;3735.5;4063.0;4324.5;4435.0;3980.2;414.7
8;21;6;3582.0;3677.2;4227.5;4519.8;4540.0;4114.7;427.9
8;22;6;2880.0;3174.0;3752.5;4297.2;4472.0;3719.5;633.0
8;23;6;2993.0;3365.8;3897.0;4331.5;4349.0;3800.2;554.4
8;24;6;3422.0;3544.8;4017.0;4369.2;4439.0;3961.5;435.3
8;25;6;3197.0;3401.2;3851.0;4211.5;4260.0;3790.3;436.9
8;26;6;3325.0;3497.8;4078.5;4312.8;4410.0;3931.2;445.1
8;27;6;2961.0;3264.8;3742.0;4229.8;4255.0;3699.7;543.6
8;28;6;3242.0;3439.8;3861.0;4293.5;4322.0;3837.2;467.1
8;29;6;2704.0;3282.5;3832.5;4191.2;4198.0;3662.8;576.4
8;30;6;3249.0;3312.0;3820.5;4306.5;4322.0;3803.8;501.1
8;31;6;3166.0;3454.0;3797.0;4097.2;4130.0;3737.8;383.4
8;32;6;2914.0;3084.0;3591.5;4155.2;4229.0;3597.3;561.5
8;33;6;2757.0;3190.5;3640.5;4077.0;4099.0;3566.7;532.4
8;34;6;2810.0;3028.8;3465.0;3863.0;3953.0;3428.7;457.2
8;35;6;2658.0;3330.8;3773.5;4132.2;4143.0;3630.5;556.6
8;36;6;2806.0;2885.5;3406.0;3941.5;4025.0;3412.5;535.2
8;37;6;2576.0;2741.8;3319.0;3846.0;3884.0;3278.2;571.2
8;38;6;2726.0;2735.5;3169.5;3608.0;3676.0;3181.0;444.1
8;39;6;2401.0;2978.0;3386.0;3627.5;3701.0;3237.3;467.8
8;40;6;2514.0;2659.0;3227.5;3719.5;3728.0;3175.0;547.0
8;41;6;2461.0;2629.2;3092.0;3476.8;3572.0;3049.5;454.8
8;42;6;2344.0;2589.8;2874.0;3221.2;3371.0;2882.5;385.6
8;43;6;2447.0;2841.5;3090.5;3389.8;3443.0;3053.2;360.7
8;44;6;2381.0;2650.2;3002.5;3364.5;3451.0;2975.8;424.3
8;45;6;2495.0;2540.0;2891.5;3214.5;3240.0;2877.2;342.9
8;46;6;2312.0;2498.8;2865.5;3281.0;3336.0;2862.5;417.2
8;47;6;2355.0;2484.5;2862.0;3235.0;3322.0;2853.2;410.7
8;48;6;2296.0;2470.8;2745.5;3258.0;3498.0;2848.8;456.6
8;49;6;2573.0;2625.0;2693.5;3205.2;3371.0;2884.8;342.6
8;50;6;2310.0;2626.8;2816.0;3176.2;3301.0;2850.5;357.4
8;51;6;2424.0;2550.5;2740.0;3192.8;3373.0;2851.3;369.3
8;52;6;2420.0;2466.8;2684.0;3200.5;3372.0;2821.2;396.6
8;53;6;2239.0;2470.5;2762.0;3031.8;3124.0;2730.3;333.8
8;54;6;2189.0;2560.8;2632.0;3047.5;3211.0;2731.2;361.4
8;55;6;2137.0;2483.0;2718.5;3221.0;3412.0;2796.5;470.3
8;56;6;2269.0;2469.8;2483.0;3084.2;3285.0;2711.7;410.8
8;57;6;2120.0;2360.8;2618.5;3039.8;3145.0;2659.5;389.1
8;58;6;2137.0;2539.0;2668.5;2943.5;3035.0;2673.3;307.5
8;59;6;2158.0;2475.2;2828.5;3091.0;3192.0;2757.2;384.5
8;60;6;2071.0;2222.0;2597.0;3073.2;3174.0;2628.0;447.1
8;61;6;2116.0;2430.8;2560.0;3019.2;3159.0;2659.2;381.5
8;62;6;2271.0;2400.5;2497.0;2823.0;3029.0;2599.0;280.3
8;63;6;2256.0;2293.5;2309.5;2831.0;3034.0;2533.7;342.8
8;64;6;2181.0;2331.5;2537.0;2978.8;3124.0;2628.0;369.9
8;65;6;2092.0;2400.8;2460.0;2950.5;3159.0;2611.0;390.1
8;66;6;2131.0;2202.5;2383.0;2898.8;3091.0;2533.5;393.5
8;67;6;2095.0;2237.0;2301.5;2867.0;3059.0;2504.7;396.3
8;68;6;2232.0;2260.5;2379.0;2796.8;2937.0;2514.0;298.3
8;69;6;2155.0;2405.8;2444.5;2861.2;3025.0;2577.0;321.3
8;70;6;1974.0;2115.0;2233.0;2743.2;2903.0;2388.7;374.0
8;71;6;2112.0;2163.0;2383.0;2679.5;2746.0;2415.3;264.0
8;72;6;1940.0;2285.8;2388.5;2750.0;2862.0;2450.2;326.6
8;73;6;1925.0;2145.0;2351.0;2632.0;2795.0;2370.7;311.3
8;74;6;1979.0;2090.5;2218.0;2550.2;2640.0;2294.0;260.9
8;75;6;2308.0;2602.8;2658.0;2887.2;3008.0;2696.7;235.8
8;76;6;2066.0;2302.2;2316.0;2719.8;3039.0;2481.5;343.2
8;77;6;1861.0;2007.5;2289.0;2768.5;3012.0;2382.2;440.7
8;78;6;2219.0;2329.8;2524.5;2843.8;2973.0;2576.0;292.3
8;79;6;2170.0;2266.8;2496.0;2858.8;2982.0;2552.3;328.3
8;80;6;2094.0;2113.8;2305.0;2459.5;2829.0;2349.0;263.6
8;81;6;2039.0;2128.8;2290.0;2320.8;2919.0;2324.0;287.7
8;82;6;1918.0;2233.2;2505.0;2566.0;2919.0;2429.3;318.9
8;83;6;2104.0;2134.8;2186.5;2269.8;3003.0;2315.8;313.3
8;84;6;2082.0;2138.8;2276.5;2472.8;2917.0;2363.8;288.4
8;85;6;2057.0;2098.2;2248.0;2497.5;2981.0;2360.5;325.4
8;86;6;2113.0;2168.0;2233.0;2431.5;3055.0;2379.7;324.9
8;87;6;2294.0;2347.2;2478.5;2589.5;3102.0;2547.2;271.4
8;88;6;2020.0;2066.0;2134.5;2164.8;2832.0;2223.2;277.6
8;89;6;2162.0;2287.0;2344.5;2389.2;3090.0;2435.5;302.3
8;90;6;2366.0;2439.2;2511.5;2709.8;3157.0;2622.8;269.7
8;91;6;1918.0;2130.0;2330.5;2434.2;3038.0;2358.2;353.3
8;92;6;2224.0;2276.0;2420.0;2558.8;3205.0;2517.0;333.0
8;93;6;1898.0;2389.0;2457.5;2509.5;3094.0;2466.7;348.7
8;94;6;2011.0;2091.2;2270.0;2416.5;3128.0;2362.7;373.9
8;95;6;2130.0;2183.8;2269.0;2378.2;3037.0;2379.2;308.0
8;96;6;2133.0;2228.0;2255.0;2302.2;3038.0;2369.7;303.9
8;97;6;2001.0;2237.0;2275.0;2432.2;3050.0;2385.0;328.2
8;98;6;1981.0;2222.0;2311.0;2492.2;2907.0;2375.8;290.3
8;99;6;2032.0;2057.8;2176.0;2398.5;2811.0;2281.0;277.2
9;0;6;3655.0;3906.2;4367.5;4445.5;4492.0;4184.3;340.6
9;1;6;3507.0;3870.8;4423.5;4432.5;4463.0;4156.5;399.2
9;2;6;2957.0;3512.2;4433.5;4471.2;4533.0;4007.7;659.7
9;3;6;3370.0;3737.0;4443.0;4467.2;4514.0;4124.5;488.3
9;4;6;3419.0;3719.2;4402.5;4525.5;4582.0;4144.0;491.3
9;5;6;3683.0;3868.8;4417.0;4456.0;4508.0;4196.7;360.6
9;6;6;3491.0;3638.5;4176.0;4327.2;4353.0;4005.5;374.1
9;7;6;3221.0;3589.5;4295.0;4405.8;4535.0;4023.8;521.0
9;8;6;3492.0;3949.0;4473.0;4578.5;4674.0;4250.0;445.1
9;9;6;3425.0;3909.8;4444.0;4502.0;4532.0;4183.0;435.7
9;10;6;3548.0;3901.8;4304.5;4348.8;4439.0;4121.2;336.1
9;11;6;3385.0;3709.5;4541.5;4556.0;4574.0;4172.5;539.8
9;12;6;3557.0;3845.0;4372.0;4397.2;4431.0;4134.5;368.6
9;13;6;3136.0;3541.2;4268.5;4278.8;4297.0;3925.2;502.1
9;14;6;3188.0;3651.0;4397.0;4530.2;4567.0;4087.7;559.4
9;15;6;3602.0;3990.2;4325.5;4333.8;4478.0;4157.7;310.2
9;16;6;3258.0;3713.2;4101.0;4167.8;4191.0;3904.2;355.0
9;17;6;3394.0;3491.8;3932.5;4293.0;4421.0;3906.3;432.5
9;18;6;3307.0;3488.8;3992.5;4350.0;4363.0;3907.5;455.6
9;19;6;3486.0;3579.5;3987.0;4387.8;4437.0;3977.0;424.9
9;20;6;3353.0;3632.2;4065.0;4326.8;4352.0;3956.2;398.5
9;21;6;3453.0;3868.0;4037.5;4270.0;4324.0;4001.8;306.4
9;22;6;2817.0;3598.2;4051.0;4357.5;4379.0;3867.5;568.2
9;23;6;3239.0;3325.8;3811.5;4230.5;4279.0;3779.2;453.2
9;24;6;3181.0;3336.0;3832.0;4264.2;4296.0;3786.7;490.4
9;25;6;3169.0;3590.5;3979.5;4228.2;4254.0;3859.0;411.6
9;26;6;2895.0;3158.2;3735.5;4159.0;4202.0;3639.0;541.4
9;27;6;3158.0;3285.5;3751.0;4251.8;4300.0;3751.5;501.9
9;28;6;3027.0;3415.0;3855.0;4044.5;4120.0;3705.5;408.4
9;29;6;2975.0;3300.0;3763.0;4071.5;4132.0;3658.8;454.8
9;30;6;2874.0;3111.0;3745.0;4064.0;4217.0;3608.5;535.1
9;31;6;2698.0;2976.5;3661.5;4071.2;4156.0;3522.2;596.1
9;32;6;2882.0;3101.2;3685.5;4086.8;4155.0;3589.2;533.3
9;33;6;2942.0;2977.2;3438.0;3925.8;3981.0;3451.8;482.7
9;34;6;2640.0;3386.0;3729.0;4190.5;4254.0;3661.3;579.6
9;35;6;2813.0;3049.2;3531.5;3888.5;3992.0;3460.7;473.7
9;36;6;2979.0;3363.8;3755.5;4082.8;4116.0;3671.8;443.9
9;37;6;2567.0;2788.2;3380.0;3734.8;3815.0;3264.3;511.5
9;38;6;2691.0;2930.2;3540.5;3993.2;4002.0;3440.8;564.9
9;39;6;2905.0;3050.8;3517.0;3936.8;4027.0;3489.7;480.2
9;40;6;2892.0;3019.0;3500.5;3887.5;3925.0;3448.8;449.5
9;41;6;2676.0;2932.0;3345.0;3672.5;3873.0;3302.5;452.1
9;42;6;2846.0;3021.5;3340.0;3711.8;3824.0;3350.2;383.3
9;43;6;2573.0;2612.5;3172.5;3708.5;3742.0;3162.2;544.6
9;44;6;2608.0;2685.0;3051.0;3538.5;3708.0;3113.7;461.9
9;45;6;2373.0;2540.0;3090.0;3424.0;3443.0;2981.3;461.1
9;46;6;2653.0;2795.8;3226.0;3536.2;3622.0;3169.8;398.3
9;47;6;2248.0;2367.8;2895.0;3413.2;3536.0;2892.0;539.6
9;48;6;2432.0;2630.8;2671.5;3134.5;3424.0;2850.8;366.6
9;49;6;2371.0;2669.2;2945.5;3409.2;3504.0;2984.5;432.7
9;50;6;2402.0;2585.5;2749.0;3163.0;3305.0;2839.5;344.3
9;51;6;2259.0;2458.0;3046.5;3710.0;3844.0;3064.8;649.2
9;52;6;2396.0;2649.0;2961.0;3519.0;3742.0;3051.7;515.3
9;53;6;2266.0;2396.0;2461.5;3166.0;3435.0;2733.2;488.1
9;54;6;2096.0;2334.2;2611.0;3299.5;3617.0;2784.3;577.4
9;55;6;2368.0;2489.0;2645.0;3180.5;3439.0;2815.5;417.7
9;56;6;2605.0;2653.5;2723.5;3241.2;3411.0;2917.8;349.5
9;57;6;2326.0;2405.8;2524.0;3093.0;3347.0;2728.3;416.9
9;58;6;2385.0;2429.0;2508.5;3125.0;3360.0;2749.2;419.7
9;59;6;2423.0;2495.2;2604.5;3124.0;3302.0;2781.7;368.0
9;60;6;2311.0;2486.8;2523.0;3061.8;3233.0;2717.7;371.6
9;61;6;2162.0;2360.0;2480.5;3104.2;3337.0;2682.0;462.0
9;62;6;2283.0;2346.5;2439.0;3025.0;3285.0;2663.7;415.6
9;63;6;2148.0;2205.8;2371.0;2852.8;3051.0;2517.5;374.7
9;64;6;2373.0;2466.8;2588.5;3220.2;3428.0;2805.8;442.9
9;65;6;2142.0;2162.2;2307.5;3061.0;3271.0;2575.7;500.6
9;66;6;2057.0;2194.0;2452.5;2946.5;3126.0;2551.2;428.9
9;67;6;2250.0;2362.5;2555.0;2951.5;3090.0;2638.7;331.7
9;68;6;2340.0;2475.2;2487.0;3026.8;3231.0;2703.8;367.2
9;69;6;2147.0;2296.0;2476.0;2899.8;3028.0;2567.3;346.0
9;70;6;2095.0;2379.0;2404.5;2982.8;3180.0;2605.0;417.0
9;71;6;2114.0;2299.8;2432.5;2966.5;3153.0;2588.7;404.7
9;72;6;2102.0;2149.5;2260.0;2818.2;3040.0;2463.2;398.4
9;73;6;2143.0;2187.5;2248.5;3038.5;3295.0;2567.3;513.2
9;74;6;2204.0;2290.5;2477.5;2978.0;3128.0;2610.0;378.7
9;75;6;2148.0;2240.2;2388.5;2842.8;3055.0;2527.5;359.2
9;76;6;2014.0;2101.2;2290.5;2911.8;3123.0;2479.2;461.5
9;77;6;2344.0;2430.2;2472.0;2781.5;3040.0;2604.8;259.8
9;78;6;2335.0;2485.8;2548.0;2935.8;3147.0;2684.7;306.0
9;79;6;1945.0;2063.5;2321.5;2712.2;2868.0;2379.3;361.7
9;80;6;2206.0;2285.5;2369.0;2495.2;3181.0;2486.7;326.5
9;81;6;2059.0;2239.2;2444.0;2549.0;2990.0;2448.7;297.7
9;82;6;2075.0;2158.0;2222.5;2311.0;2913.0;2318.3;278.1
9;83;6;2256.0;2314.8;2376.0;2485.2;3026.0;2475.0;259.4
9;84;6;1992.0;2181.0;2209.0;2303.0;2980.0;2316.0;313.3
9;85;6;1913.0;2156.2;2301.5;2351.5;2901.0;2315.5;302.2
9;86;6;2078.0;2156.8;2261.5;2508.8;3072.0;2397.7;341.0
9;87;6;2156.0;2278.0;2339.0;2479.5;2973.0;2431.8;265.2
9;88;6;1912.0;2059.0;2085.0;2189.8;2953.0;2218.3;340.9
9;89;6;1954.0;2112.5;2257.0;2456.2;3010.0;2344.2;344.6
9;90;6;2093.0;2142.8;2280.5;2300.5;2936.0;2332.3;283.6
9;91;6;2051.0;2100.0;2267.0;2370.2;2879.0;2318.8;279.0
9;92;6;2001.0;2018.0;2118.5;2441.8;2925.0;2282.8;339.2
9;93;6;2048.0;2204.5;2239.0;2390.5;2777.0;2322.8;233.2
9;94;6;1890.0;2235.5;2324.5;2498.2;2981.0;2380.3;332.9
9;95;6;1827.0;2172.5;2270.5;2405.2;2860.0;2303.0;311.6
9;96;6;2063.0;2082.5;2233.5;2347.0;2855.0;2300.3;274.8
9;97;6;1796.0;2023.8;2098.0;2103.2;2694.0;2131.7;273.7
9;98;6;1996.0;2048.8;2212.0;2268.0;2900.0;2266.8;303.3
9;99;6;1931.0;2042.5;2121.0;2200.2;2858.0;2212.3;302.5
10;0;6;3365.0;3683.8;4315.5;4383.2;4410.0;4047.5;446.1
10;1;6;3131.0;3803.5;4402.0;4469.5;4509.0;4090.0;526.3
10;2;6;3323.0;3784.8;4241.5;4290.2;4309.0;4009.0;386.7
10;3;6;3285.0;3753.8;4236.0;4294.5;4354.0;4003.0;410.4
10;4;6;3482.0;3872.5;4427.0;4466.2;4510.0;4168.8;416.4
10;5;6;3459.0;3740.0;4418.5;4489.5;4580.0;4150.5;467.4
10;6;6;3436.0;3909.2;4229.0;4242.0;4286.0;4038.2;314.6
10;7;6;3092.0;3676.8;4462.5;4505.8;4550.0;4083.7;593.4
10;8;6;3373.0;3853.2;4403.0;4453.2;4493.0;4135.3;440.4
10;9;6;3507.0;3760.5;4352.0;4403.5;4437.0;4105.3;400.9
10;10;6;3471.0;3849.2;4396.5;4457.0;4470.0;4146.3;408.4
10;11;6;3672.0;3936.2;4339.5;4344.5;4366.0;4144.2;290.2
10;12;6;3109.0;3680.0;4324.0;4339.5;4418.0;3997.5;512.7
10;13;6;3438.0;3834.2;4293.0;4310.0;4416.0;4072.8;371.7
10;14;6;3322.0;3966.5;4404.0;4425.2;4463.0;4141.0;426.9
10;15;6;3236.0;3816.2;4377.0;4418.8;4452.0;4084.0;474.9
10;16;6;3232.0;3550.0;4153.5;4193.0;4194.0;3881.3;415.8
10;17;6;3352.0;3480.5;3951.5;4368.5;4416.0;3917.0;466.5
10;18;6;3263.0;3384.8;3886.0;4253.8;4279.0;3818.0;448.7
10;19;6;3156.0;3460.2;3838.5;4233.2;4266.0;3799.7;452.4
10;20;6;3164.0;3404.2;3935.5;4406.0;4435.0;3876.7;543.9
10;21;6;3159.0;3343.5;3783.0;4149.0;4200.0;3732.2;432.1
10;22;6;3022.0;3288.2;3795.5;4296.0;4316.0;3751.8;554.6
10;23;6;3344.0;3607.0;4136.0;4353.8;4412.0;3980.8;428.4
10;24;6;3016.0;3236.5;3726.0;4190.0;4260.0;3691.0;518.2
10;25;6;3002.0;3305.5;3695.5;4156.0;4281.0;3693.2;498.5
10;26;6;3055.0;3160.2;3763.5;4203.2;4240.0;3688.5;531.3
10;27;6;3152.0;3528.2;3887.5;4220.5;4294.0;3826.8;436.1
10;28;6;3208.0;3384.8;3989.5;4328.0;4380.0;3865.2;494.7
10;29;6;3329.0;3547.2;3902.0;4226.0;4263.0;3859.8;385.4
10;30;6;3010.0;3112.8;3667.0;4195.8;4242.0;3647.7;564.9
10;31;6;3233.0;3393.5;3797.5;4168.5;4205.0;3764.0;418.4
10;32;6;2661.0;3110.0;3852.0;4264.0;4283.0;3652.0;653.7
10;33;6;3114.0;3279.2;3751.0;4233.2;4273.0;3734.2;497.9
10;34;6;3013.0;3196.8;3754.0;4210.0;4249.0;3690.5;535.5
10;35;6;2543.0;3178.0;3708.5;4102.5;4209.0;3567.3;614.7
10;36;6;2925.0;3009.8;3451.5;3903.8;3931.0;3446.0;465.0
10;37;6;2984.0;3104.8;3587.0;4064.8;4136.0;3577.0;512.9
10;38;6;3009.0;3029.5;3490.5;3956.0;4012.0;3498.2;466.2
10;39;6;2859.0;2909.5;3462.0;4047.5;4078.0;3471.5;573.1
10;40;6;2746.0;3007.8;3449.0;3763.5;3770.0;3357.2;423.5
10;41;6;3032.0;3105.0;3487.5;3872.2;3891.0;3479.3;395.2
10;42;6;2888.0;2957.8;3395.5;3686.2;3887.0;3360.2;402.1
10;43;6;2957.0;3142.8;3495.5;3807.0;3831.0;3452.5;366.4
10;44;6;2716.0;2787.0;3295.0;3784.2;3851.0;3287.0;516.6
10;45;6;2584.0;2704.0;3301.0;3627.2;3656.0;3180.5;472.5
10;46;6;2546.0;2751.8;3245.5;3806.0;3839.0;3242.7;560.4
10;47;6;2569.0;2668.0;3192.5;3624.8;3641.0;3142.8;485.8
10;48;6;2549.0;2672.0;2751.0;3192.2;3576.0;2935.3;378.2
10;49;6;2282.0;2633.2;2702.5;3317.8;3730.0;2925.0;516.6
10;50;6;2600.0;2793.5;3050.5;3546.0;3707.0;3137.8;431.9
10;51;6;2637.0;2710.0;2862.5;3427.5;3608.0;3040.8;410.1
10;52;6;2399.0;2497.2;2750.5;3390.0;3622.0;2923.0;496.0
10;53;6;2438.0;2512.0;2644.0;3264.2;3568.0;2872.2;457.4
10;54;6;2626.0;2726.2;2747.0;3352.0;3595.0;2998.0;408.8
10;55;6;2476.0;2764.2;2896.5;3321.2;3581.0;3005.5;386.9
10;56;6;2588.0;2639.8;2782.0;3338.2;3503.0;2961.8;389.3
10;57;6;2586.0;2692.0;2842.5;3388.2;3575.0;3009.7;406.0
10;58;6;2414.0;2440.8;2533.5;3180.5;3568.0;2809.2;474.4
10;59;6;2427.0;2547.0;2716.0;3259.2;3400.0;2865.0;397.7
10;60;6;2425.0;2598.0;2831.5;3302.0;3471.0;2923.0;410.5
10;61;6;2493.0;2600.2;2830.5;3385.5;3594.0;2973.7;441.0
10;62;6;2354.0;2437.5;2600.0;3053.5;3267.0;2734.8;366.9
10;63;6;2109.0;2357.2;2606.5;3240.5;3457.0;2750.8;526.0
10;64;6;2381.0;2469.8;2506.0;3177.5;3426.0;2779.7;449.5
10;65;6;2282.0;2444.2;2588.5;3203.8;3487.0;2791.8;475.7
10;66;6;2271.0;2488.0;2582.5;3122.5;3274.0;2744.8;391.2
10;67;6;2300.0;2367.5;2534.5;3250.5;3495.0;2777.5;505.0
10;68;6;2280.0;2507.0;2677.0;3207.0;3436.0;2817.3;432.7
10;69;6;2327.0;2361.0;2395.0;2936.8;3221.0;2634.2;378.6
10;70;6;2133.0;2208.0;2444.5;2892.5;3079.0;2545.3;379.2
10;71;6;2249.0;2267.0;2318.0;2848.2;3097.0;2542.8;367.0
10;72;6;2211.0;2314.0;2404.0;3135.2;3386.0;2678.0;495.6
10;73;6;2348.0;2382.5;2465.0;2879.0;3229.0;2646.5;342.9
10;74;6;2150.0;2351.5;2459.5;2830.8;2961.0;2550.0;305.1
10;75;6;2104.0;2139.5;2258.0;2759.0;2931.0;2429.5;354.9
10;76;6;2084.0;2262.0;2410.5;2823.0;2983.0;2510.2;342.3
10;77;6;2350.0;2388.2;2467.0;2967.2;3121.0;2650.2;334.3
10;78;6;2124.0;2246.5;2482.5;2879.0;2994.0;2543.7;344.9
10;79;6;2029.0;2089.0;2295.5;2846.2;3018.0;2448.0;414.7
10;80;6;2227.0;2357.0;2404.0;2423.2;2974.0;2463.3;237.8
10;81;6;2024.0;2387.2;2416.5;2512.5;3082.0;2476.8;314.0
10;82;6;2062.0;2261.5;2384.0;2554.5;3084.0;2457.7;324.8
10;83;6;2111.0;2200.2;2418.0;2515.8;3246.0;2478.2;376.5
10;84;6;2191.0;2370.2;2546.5;2608.8;3071.0;2549.3;276.5
10;85;6;2226.0;2316.0;2370.0;2484.0;3000.0;2464.3;255.3
10;86;6;1998.0;2102.8;2303.0;2465.8;3011.0;2361.8;337.1
10;87;6;2150.0;2316.0;2410.5;2459.2;2915.0;2441.0;236.9
10;88;6;1995.0;2117.8;2150.5;2316.0;2878.0;2275.3;291.0
10;89;6;2029.0;2141.2;2244.0;2375.2;3059.0;2350.3;338.4
10;90;6;2129.0;2263.8;2304.5;2429.2;2986.0;2407.5;277.3
10;91;6;2110.0;2164.5;2269.0;2295.5;2998.0;2346.7;300.1
10;92;6;1869.0;1990.8;2383.0;2518.8;3064.0;2353.8;411.7
10;93;6;1866.0;1979.2;2181.5;2413.0;2904.0;2255.8;353.2
10;94;6;2143.0;2207.5;2401.0;2478.2;2841.0;2405.5;234.8
10;95;6;1939.0;2009.5;2104.5;2376.5;2987.0;2263.3;363.9
10;96;6;2094.0;2202.5;2288.0;2506.2;3088.0;2418.5;333.0
10;97;6;2090.0;2240.8;2338.5;2509.0;2936.0;2412.8;275.0
10;98;6;2137.0;2177.8;2248.0;2313.0;2847.0;2328.2;240.7
10;99;6;2284.0;2301.0;2390.0;2553.2;3225.0;2528.0;329.6
11;0;6;3410.0;3776.2;4429.5;4461.0;4513.0;4135.3;461.3
11;1;6;3218.0;3928.5;4462.0;4509.5;4514.0;4155.3;496.8
11;2;6;3503.0;3911.0;4291.5;4324.0;4340.0;4090.8;326.3
11;3;6;3211.0;3838.8;4311.0;4360.2;4445.0;4056.0;454.2
11;4;6;3242.0;3708.8;4287.5;4384.8;4574.0;4054.0;487.5
11;5;6;3202.0;3593.0;4219.5;4392.2;4501.0;3996.0;509.5
11;6;6;3810.0;3983.8;4360.0;4443.8;4470.0;4221.7;273.0
11;7;6;3403.0;3687.8;4311.5;4402.0;4435.0;4062.2;440.9
11;8;6;3220.0;3484.5;4182.5;4298.5;4386.0;3926.7;493.4
11;9;6;3294.0;3864.5;4440.5;4502.8;4560.0;4155.2;488.4
11;10;6;3397.0;3700.5;4304.5;4320.5;4344.0;4029.2;410.9
11;11;6;3433.0;3742.5;4328.0;4330.8;4357.0;4054.2;400.1
11;12;6;3429.0;3916.8;4413.5;4424.2;4452.0;4147.8;404.9
11;13;6;3278.0;3572.8;4196.5;4308.0;4335.0;3952.7;445.5
11;14;6;3641.0;3913.5;4455.0;4517.2;4547.0;4228.2;383.9
11;15;6;3178.0;3778.0;4189.5;4269.5;4313.0;3967.8;416.3
11;16;6;3057.0;3651.0;4401.5;4428.2;4440.0;4023.0;569.5
11;17;6;3140.0;3332.5;3989.0;4266.8;4280.0;3811.8;492.2
11;18;6;3338.0;3662.8;4074.0;4370.5;4459.0;3990.0;430.2
11;19;6;3183.0;3449.5;3882.5;4236.8;4321.0;3821.5;455.7
11;20;6;3013.0;3297.5;3652.0;4101.8;4241.0;3664.8;471.5
11;21;6;3101.0;3437.0;3895.5;4302.2;4401.0;3835.8;507.3
11;22;6;3554.0;3601.0;3994.5;4291.2;4333.0;3956.0;350.6
11;23;6;3131.0;3256.2;3763.5;4300.0;4348.0;3762.0;544.2
11;24;6;3125.0;3232.5;3772.5;4175.2;4230.0;3710.3;487.3
11;25;6;2835.0;3203.8;3749.5;4134.0;4138.0;3626.0;532.1
11;26;6;2926.0;3070.8;3677.5;4207.0;4317.0;3641.7;598.8
11;27;6;3079.0;3339.8;3764.0;4198.8;4217.0;3727.7;475.4
11;28;6;3077.0;3271.5;3755.0;4072.8;4203.0;3679.8;448.2
11;29;6;2826.0;3194.2;3678.0;4110.0;4140.0;3601.5;525.5
11;30;6;3320.0;3408.2;3945.0;4356.5;4438.0;3895.2;491.8
11;31;6;3107.0;3156.0;3682.0;4141.2;4227.0;3662.2;503.4
11;32;6;3092.0;3211.8;3639.0;4025.8;4123.0;3619.5;441.7
11;33;6;2906.0;3262.5;3656.5;4036.2;4170.0;3613.8;465.1
11;34;6;2733.0;2921.8;3397.5;3928.0;3962.0;3393.0;534.9
11;35;6;2896.0;3237.5;3674.5;4074.8;4091.0;3606.0;485.2
11;36;6;2612.0;3078.5;3715.0;4073.2;4167.0;3544.7;600.0
11;37;6;2814.0;3186.8;3668.5;4152.5;4183.0;3612.3;554.6
11;38;6;2849.0;3092.5;3504.0;3909.5;3968.0;3470.8;459.6
11;39;6;2777.0;3077.8;3699.5;4107.5;4140.0;3571.7;564.9
11;40;6;2932.0;3024.5;3635.0;4100.8;4117.0;3566.0;538.8
11;41;6;2633.0;3078.2;3525.0;3914.0;3931.0;3431.2;513.0
11;42;6;2959.0;3034.0;3532.5;3958.2;3993.0;3497.5;462.5
11;43;6;3101.0;3233.5;3649.5;3911.8;3931.0;3570.8;352.0
11;44;6;2848.0;2947.0;3425.5;3805.8;3825.0;3374.0;437.0
11;45;6;2750.0;2967.8;3510.0;3915.0;4078.0;3447.5;521.7
11;46;6;2753.0;2785.0;3274.0;3783.2;3830.0;3284.3;509.9
11;47;6;2693.0;2907.5;3563.5;3880.5;3892.0;3397.8;512.8
11;48;6;2423.0;2542.8;2896.0;3523.0;3781.0;3025.5;539.0
11;49;6;2531.0;2627.0;2941.5;3716.5;3913.0;3137.3;580.6
11;50;6;2332.0;2443.8;2667.5;3424.5;3728.0;2906.8;566.8
11;51;6;2584.0;2708.5;2937.5;3471.8;3671.0;3068.7;432.9
11;52;6;2556.0;2647.8;2680.0;3388.0;3738.0;2985.8;494.4
11;53;6;2733.0;2742.2;2824.0;3394.0;3561.0;3040.2;371.8
11;54;6;2545.0;2882.2;3087.0;3486.0;3734.0;3147.7;411.4
11;55;6;2511.0;2915.8;2974.0;3389.2;3559.0;3073.7;364.4
11;56;6;2395.0;2496.8;2653.0;3324.5;3555.0;2874.8;478.9
11;57;6;2385.0;2485.2;2581.0;3130.5;3523.0;2806.2;439.2
11;58;6;2017.0;2612.5;2825.5;3277.0;3429.0;2844.3;492.1
11;59;6;2438.0;2705.2;2886.0;3360.0;3486.0;2976.5;394.1
11;60;6;2282.0;2426.5;2640.5;3192.0;3408.0;2783.7;448.6
11;61;6;2374.0;2463.2;2680.0;3170.5;3338.0;2799.5;389.1
11;62;6;2505.0;2540.0;2625.0;3198.2;3381.0;2839.5;382.9
11;63;6;2318.0;2479.5;2689.0;3236.0;3480.0;2834.0;448.2
11;64;6;2520.0;2572.2;2691.5;3197.0;3391.0;2865.3;368.8
11;65;6;2111.0;2356.0;2582.5;3174.2;3415.0;2723.8;500.0
11;66;6;2265.0;2403.0;2612.0;3059.5;3203.0;2705.7;373.2
11;67;6;2450.0;2467.0;2546.0;2974.5;3119.0;2703.2;293.0
11;68;6;1934.0;2401.8;2484.5;3107.2;3311.0;2650.5;500.3
11;69;6;2155.0;2548.2;2566.5;3067.0;3319.0;2730.5;410.8
11;70;6;2488.0;2579.2;2622.5;3006.2;3159.0;2765.2;271.1
11;71;6;2403.0;2493.8;2565.5;3080.5;3268.0;2754.0;360.8
11;72;6;2173.0;2263.5;2363.0;2958.2;3274.0;2593.3;440.2
11;73;6;2348.0;2396.0;2455.5;2953.8;3110.0;2644.2;330.1
11;74;6;1969.0;2152.0;2403.0;2968.2;3253.0;2542.2;490.8
11;75;6;2192.0;2463.5;2525.0;2937.5;3198.0;2659.7;353.5
11;76;6;2168.0;2267.8;2610.0;3240.2;3433.0;2737.5;517.4
11;77;6;1858.0;2276.5;2538.5;2891.2;3158.0;2548.5;440.2
11;78;6;2330.0;2498.2;2626.5;3063.8;3303.0;2758.5;361.0
11;79;6;2505.0;2560.0;2644.0;3107.5;3277.0;2810.7;324.6
11;80;6;1974.0;2085.5;2322.0;2617.8;3165.0;2417.7;412.3
11;81;6;2097.0;2230.0;2388.5;2505.0;3117.0;2452.0;330.3
11;82;6;2258.0;2344.8;2468.0;2685.0;3153.0;2568.0;303.8
11;83;6;2135.0;2177.5;2356.0;2500.8;2996.0;2418.3;294.8
11;84;6;1919.0;2169.0;2306.0;2338.8;3129.0;2355.5;375.3
11;85;6;2141.0;2180.8;2300.5;2743.5;3255.0;2504.8;415.1
11;86;6;2204.0;2263.2;2342.5;2532.8;2938.0;2443.3;252.5
11;87;6;2183.0;2401.2;2493.5;2651.0;3102.0;2557.7;288.7
11;88;6;2194.0;2236.5;2344.5;2547.0;2982.0;2446.7;275.9
11;89;6;2067.0;2340.2;2419.0;2434.0;3094.0;2458.7;311.1
11;90;6;2241.0;2351.0;2533.0;2646.8;3257.0;2589.8;334.5
11;91;6;2385.0;2439.8;2507.5;2573.8;3163.0;2596.0;262.5
11;92;6;2111.0;2303.2;2370.0;2433.8;3001.0;2431.3;275.9
11;93;6;2137.0;2374.2;2469.0;2523.2;2995.0;2492.3;259.3
11;94;6;1972.0;2111.0;2203.5;2326.0;2821.0;2274.5;271.6
11;95;6;2183.0;2213.8;2228.0;2502.5;2851.0;2382.2;251.8
11;96;6;1873.0;2131.5;2184.5;2266.8;2862.0;2252.0;301.3
11;97;6;2034.0;2277.2;2513.0;2516.2;3000.0;2462.7;302.8
11;98;6;1944.0;2022.5;2199.0;2265.2;2883.0;2246.0;310.4
11;99;6;1882.0;2252.2;2342.0;2416.0;3070.0;2383.2;354.3
12;0;6;3580.0;3914.8;4345.5;4449.2;4489.0;4169.2;352.3
12;1;6;3210.0;3805.8;4301.5;4372.0;4384.0;4038.8;450.0
12;2;6;3389.0;4063.0;4448.0;4531.5;4622.0;4233.5;436.6
12;3;6;3250.0;3809.8;4495.5;4537.8;4602.0;4162.7;535.7
12;4;6;3218.0;4035.5;4412.5;4430.2;4453.0;4140.3;453.2
12;5;6;3230.0;3712.0;4189.5;4213.2;4266.0;3941.5;400.7
12;6;6;3149.0;3812.5;4428.5;4509.8;4563.0;4118.8;540.0
12;7;6;3499.0;3935.2;4504.5;4535.2;4541.0;4223.3;429.7
12;8;6;3237.0;3851.0;4367.5;4390.5;4394.0;4073.8;452.5
12;9;6;3399.0;3780.5;4405.5;4428.2;4449.0;4111.2;445.2
12;10;6;2794.0;3775.2;4367.0;4444.2;4518.0;4015.7;630.9
12;11;6;3267.0;3610.2;4455.5;4484.0;4498.0;4083.0;554.3
12;12;6;3426.0;3847.2;4374.5;4403.0;4468.0;4121.2;409.8
12;13;6;3689.0;3912.5;4467.0;4478.5;4505.0;4223.0;364.2
12;14;6;3022.0;3439.8;4128.5;4278.0;4402.0;3869.8;539.6
12;15;6;2969.0;3293.5;4135.5;4222.2;4264.0;3794.7;563.6
12;16;6;3022.0;3730.2;4216.5;4222.0;4396.0;3940.5;486.7
12;17;6;3142.0;3265.0;3819.5;4350.8;4423.0;3802.0;564.4
12;18;6;3405.0;3621.0;4005.0;4255.5;4283.0;3921.7;355.7
12;19;6;2958.0;3231.5;3987.5;4341.5;4382.0;3792.3;595.3
12;20;6;3350.0;3427.0;3927.5;4251.8;4276.0;3850.2;415.3
12;21;6;3198.0;3504.8;3953.5;4239.5;4324.0;3853.2;433.7
12;22;6;2866.0;3335.0;3890.5;4266.8;4330.0;3753.2;562.0
12;23;6;3186.0;3274.0;3855.5;4225.5;4260.0;3764.3;477.7
12;24;6;3341.0;3551.8;3998.5;4360.5;4381.0;3933.8;437.6
12;25;6;3167.0;3318.8;3823.5;4236.0;4260.0;3766.3;476.1
12;26;6;3208.0;3231.8;3719.0;4185.2;4196.0;3708.7;474.4
12;27;6;3127.0;3136.0;3673.5;4212.5;4310.0;3688.8;552.4
12;28;6;2948.0;3067.2;3778.5;4189.8;4314.0;3662.7;586.1
12;29;6;3014.0;3091.5;3638.5;4137.5;4163.0;3611.2;535.2
12;30;6;2989.0;3135.2;3699.0;4078.2;4184.0;3620.5;494.9
12;31;6;2939.0;3249.8;3724.0;4159.2;4185.0;3661.3;514.6
12;32;6;2688.0;2968.5;3414.0;3897.8;3994.0;3398.2;528.5
12;33;6;3275.0;3622.8;3929.0;4263.8;4279.0;3884.7;395.1
12;34;6;2870.0;3114.5;3583.0;4035.8;4112.0;3548.8;505.5
12;35;6;3023.0;3082.2;3522.5;3944.8;3972.0;3510.2;442.4
12;36;6;2717.0;3015.8;3391.5;3783.0;3817.0;3353.5;447.8
12;37;6;2833.0;2894.0;3439.5;3947.5;3972.0;3418.8;530.4
12;38;6;2728.0;3034.8;3565.0;3891.2;3978.0;3449.0;491.5
12;39;6;2999.0;3085.5;3428.0;3845.5;3932.0;3457.2;398.8
12;40;6;2621.0;3077.8;3532.0;3747.8;3779.0;3368.3;437.1
12;41;6;2775.0;3099.5;3494.0;3784.2;3887.0;3416.5;419.5
12;42;6;2608.0;2901.5;3354.0;3690.2;3746.0;3269.2;451.7
12;43;6;2670.0;2849.8;3376.0;3736.5;3797.0;3291.7;474.8
12;44;6;2811.0;2903.2;3331.0;3674.8;3837.0;3310.0;420.8
12;45;6;2431.0;2534.2;2903.5;3338.8;3388.0;2920.2;423.0
12;46;6;2610.0;2664.5;3093.5;3576.5;3756.0;3135.3;480.2
12;47;6;2769.0;2813.8;3201.5;3525.5;3595.0;3180.8;367.7
12;48;6;2414.0;2518.0;2858.0;3411.0;3611.0;2956.8;480.2
12;49;6;2656.0;2734.0;2792.0;3552.0;3863.0;3103.8;515.0
12;50;6;2618.0;2745.2;2931.5;3394.5;3556.0;3044.8;369.6
12;51;6;2420.0;2767.8;2961.5;3546.0;3721.0;3084.7;484.2
12;52;6;2408.0;2609.0;2728.5;3391.8;3622.0;2944.8;487.2
12;53;6;2568.0;2649.5;2889.5;3338.0;3439.0;2973.8;362.8
12;54;6;2660.0;2891.8;2979.5;3453.5;3611.0;3117.3;364.3
12;55;6;2225.0;2504.2;2737.0;3189.5;3402.0;2811.3;429.8
12;56;6;2468.0;2489.2;2526.5;2995.0;3210.0;2726.5;319.8
12;57;6;2590.0;2633.8;2715.5;3146.8;3301.0;2869.8;304.1
12;58;6;2439.0;2471.5;2585.5;2990.5;3195.0;2727.3;306.8
12;59;6;2598.0;2728.5;2774.5;3336.5;3545.0;2988.2;387.8
12;60;6;2178.0;2276.2;2572.5;3075.0;3193.0;2656.0;418.4
12;61;6;2067.0;2479.0;2653.0;2969.5;3143.0;2668.7;364.9
12;62;6;2217.0;2671.0;2812.0;3182.5;3329.0;2850.0;385.0
12;63;6;2187.0;2257.2;2490.0;3029.5;3231.0;2631.2;426.1
12;64;6;2498.0;2553.0;2802.0;3278.2;3422.0;2905.2;384.4
12;65;6;2179.0;2432.8;2480.0;2897.8;3104.0;2616.2;336.5
12;66;6;2312.0;2357.8;2461.0;2965.5;3147.0;2639.7;355.9
12;67;6;2284.0;2329.8;2424.0;2927.8;3118.0;2607.3;350.6
12;68;6;2174.0;2482.0;2553.0;2972.8;3147.0;2666.3;346.9
12;69;6;2194.0;2220.0;2356.5;2824.5;2985.0;2507.8;335.2
12;70;6;2243.0;2362.8;2384.5;2893.0;3092.0;2587.0;349.2
12;71;6;2408.0;2534.2;2617.5;2952.8;3053.0;2711.2;251.0
12;72;6;2043.0;2245.8;2319.5;2853.8;3035.0;2495.0;386.9
12;73;6;2327.0;2480.0;2584.0;3062.2;3213.0;2729.2;349.4
12;74;6;2030.0;2335.5;2427.0;2931.8;3117.0;2567.7;404.4
12;75;6;1938.0;2203.2;2448.0;2792.5;3022.0;2480.8;385.7
12;76;6;2022.0;2138.8;2389.5;2857.0;3008.0;2479.5;395.6
12;77;6;2219.0;2309.8;2422.0;3006.8;3206.0;2623.8;414.4
12;78;6;2065.0;2187.2;2267.5;2947.0;3181.0;2519.2;465.9
12;79;6;1864.0;2255.8;2334.5;2854.2;3040.0;2471.7;422.5
12;80;6;2151.0;2199.8;2312.5;2544.5;3156.0;2452.7;348.2
12;81;6;2155.0;2249.2;2335.0;2435.8;2841.0;2392.7;222.7
12;82;6;2047.0;2165.8;2398.0;2552.2;3108.0;2440.5;351.6
12;83;6;2001.0;2157.5;2348.5;2403.0;3200.0;2402.2;385.9
12;84;6;1940.0;2227.0;2359.0;2605.0;3099.0;2437.8;367.9
12;85;6;2192.0;2333.8;2409.0;2500.8;2964.0;2469.0;243.8
12;86;6;1996.0;2244.0;2359.5;2473.5;3213.0;2440.8;380.0
12;87;6;1971.0;2228.2;2395.0;2433.5;2993.0;2395.5;312.5
12;88;6;2045.0;2344.0;2476.0;2703.2;3185.0;2543.5;360.1
12;89;6;2236.0;2322.5;2379.5;2438.8;3176.0;2488.8;315.2
12;90;6;1837.0;2082.0;2338.5;2608.5;3028.0;2372.8;404.0
12;91;6;2055.0;2169.5;2293.0;2555.2;3138.0;2425.0;365.8
12;92;6;2066.0;2192.5;2286.0;2342.8;3096.0;2376.2;335.6
12;93;6;1971.0;2053.2;2201.5;2418.0;3091.0;2326.5;380.6
12;94;6;2188.0;2197.2;2212.0;2243.2;2944.0;2333.7;273.7
12;95;6;1980.0;2014.8;2093.5;2388.2;2887.0;2254.8;326.5
12;96;6;1871.0;2223.5;2268.5;2402.8;2853.0;2319.5;293.5
12;97;6;2048.0;2146.5;2310.0;2456.2;3006.0;2378.5;317.6
12;98;6;2007.0;2169.8;2319.0;2354.2;2866.0;2332.8;269.1
12;99;6;2139.0;2204.0;2376.0;2389.0;3011.0;2407.0;290.0
13;0;6;3205.0;3711.2;4390.5;4422.5;4430.0;4055.7;506.5
13;1;6;3311.0;3872.8;4360.0;4408.5;4484.0;4108.3;438.9
13;2;6;3322.0;3695.0;4349.5;4432.5;4505.0;4077.2;483.8
13;3;6;3533.0;3731.5;4278.5;4323.0;4444.0;4070.2;374.2
13;4;6;3795.0;4071.0;4515.5;4567.8;4693.0;4337.8;345.4
13;5;6;3399.0;3760.0;4354.5;4423.2;4460.0;4096.0;436.4
13;6;6;3247.0;3878.5;4471.5;4511.8;4523.0;4153.2;502.6
13;7;6;3400.0;3762.5;4419.0;4438.8;4452.0;4113.2;454.8
13;8;6;2925.0;3736.5;4313.5;4356.5;4377.0;3974.0;551.5
13;9;6;3328.0;3575.5;4226.5;4294.0;4329.0;3964.2;439.4
13;10;6;3475.0;3972.2;4477.5;4543.2;4573.0;4228.7;426.4
13;11;6;3127.0;3530.8;4196.5;4399.5;4472.0;3961.3;534.4
13;12;6;3456.0;3688.0;4321.0;4383.2;4438.0;4069.5;426.5
13;13;6;3509.0;3970.8;4414.0;4441.0;4472.0;4180.3;373.6
13;14;6;3514.0;3764.0;4165.5;4302.2;4388.0;4035.2;333.4
13;15;6;3730.0;3924.5;4349.0;4397.0;4415.0;4173.2;292.5
13;16;6;3320.0;3817.2;4158.5;4271.8;4384.0;4005.7;371.8
13;17;6;3197.0;3475.0;3932.5;4258.0;4277.0;3838.0;442.2
13;18;6;3248.0;3636.8;3941.5;4290.5;4402.0;3912.5;423.2
13;19;6;3154.0;3431.0;3926.5;4440.0;4474.0;3893.0;550.7
13;20;6;3614.0;3729.2;4119.5;4395.8;4420.0;4060.0;344.3
13;21;6;3073.0;3477.2;3997.0;4332.2;4334.0;3858.2;504.2
13;22;6;3351.0;3478.8;3867.5;4196.2;4269.0;3835.0;386.7
13;23;6;3034.0;3604.2;3954.0;4264.8;4380.0;3863.0;479.8
13;24;6;3026.0;3187.5;3754.0;4368.5;4430.0;3756.0;620.7
13;25;6;3070.0;3169.0;3704.0;4236.8;4361.0;3707.3;566.1
13;26;6;3093.0;3425.2;3852.5;4304.5;4321.0;3809.5;505.1
13;27;6;3087.0;3135.0;3731.0;4247.5;4250.0;3692.5;556.4
13;28;6;3276.0;3353.5;3756.5;4119.8;4140.0;3731.5;394.1
13;29;6;3002.0;3094.5;3638.0;4089.2;4255.0;3614.3;531.4
13;30;6;2872.0;2929.8;3645.0;4254.5;4279.0;3598.3;665.5
13;31;6;3072.0;3377.2;3770.5;4100.8;4124.0;3699.0;419.5
13;32;6;3191.0;3282.0;3744.0;4088.2;4148.0;3693.0;417.7
13;33;6;3029.0;3204.8;3636.0;4116.8;4149.0;3631.3;484.1
13;34;6;2872.0;3306.2;3768.0;4165.2;4178.0;3672.7;517.5
13;35;6;3058.0;3155.5;3631.0;3919.8;4007.0;3556.7;401.8
13;36;6;2719.0;2927.0;3564.0;4063.8;4102.0;3482.3;602.0
13;37;6;2842.0;3191.5;3658.0;4105.8;4109.0;3593.0;526.7
13;38;6;2893.0;3259.5;3652.0;4025.8;4072.0;3591.3;452.4
13;39;6;2916.0;3124.2;3592.0;4036.5;4071.0;3554.0;489.7
13;40;6;3047.0;3310.8;3654.0;3929.0;3972.0;3590.7;363.6
13;41;6;2755.0;3151.5;3438.5;3751.8;3823.0;3394.5;391.9
13;42;6;2882.0;3039.2;3332.5;3790.0;3859.0;3381.7;401.5
13;43;6;2614.0;2807.5;3364.5;3658.2;3827.0;3258.0;474.3
13;44;6;2664.0;2959.5;3389.5;3749.8;3776.0;3317.5;452.5
13;45;6;2876.0;2998.8;3492.0;3800.8;3827.0;3404.2;413.2
13;46;6;2806.0;3037.8;3506.5;3738.2;3763.0;3379.8;391.2
13;47;6;2489.0;2603.2;3229.5;3855.0;3903.0;3218.2;650.4
13;48;6;2737.0;2783.0;2984.5;3469.5;3622.0;3112.5;370.9
13;49;6;2720.0;2836.0;3018.5;3634.5;3837.0;3201.5;460.3
13;50;6;2382.0;2650.0;2843.5;3501.2;3693.0;3011.3;506.3
13;51;6;2532.0;2601.0;2785.0;3448.2;3699.0;3001.7;486.4
13;52;6;2556.0;2885.0;3198.5;3650.0;3795.0;3221.5;460.1
13;53;6;2578.0;2786.2;3040.5;3568.5;3797.0;3150.3;461.1
13;54;6;2579.0;2654.0;2767.0;3357.0;3555.0;2973.0;410.3
13;55;6;2452.0;2603.0;2714.5;3297.0;3669.0;2934.5;461.3
13;56;6;2383.0;2835.8;2927.5;3425.0;3623.0;3042.8;434.9
13;57;6;2400.0;2562.5;2771.0;3247.2;3446.0;2881.2;401.1
13;58;6;2374.0;2693.5;2742.0;3242.0;3481.0;2904.2;401.8
13;59;6;2301.0;2685.2;2796.5;3311.2;3511.0;2922.7;437.6
13;60;6;2298.0;2462.8;2714.5;3192.8;3401.0;2809.8;425.7
13;61;6;2363.0;2471.2;2591.0;3112.0;3249.0;2751.8;365.6
13;62;6;2450.0;2566.8;2699.5;3172.0;3360.0;2843.5;361.3
13;63;6;2360.0;2394.2;2714.5;3313.0;3433.0;2837.0;468.5
13;64;6;2132.0;2392.2;2495.5;3180.8;3510.0;2733.3;527.1
13;65;6;2777.0;2787.0;2847.5;3321.2;3467.0;3030.8;309.5
13;66;6;2388.0;2792.2;2887.5;3330.8;3483.0;2980.8;390.5
13;67;6;2424.0;2508.2;2814.0;3171.5;3313.0;2843.7;354.7
13;68;6;2310.0;2444.0;2602.0;3364.5;3575.0;2849.8;527.2
13;69;6;2202.0;2314.8;2507.0;3028.5;3216.0;2647.5;404.4
13;70;6;2135.0;2298.5;2473.0;2993.2;3204.0;2615.3;412.2
13;71;6;2391.0;2428.8;2532.5;3153.8;3348.0;2759.8;418.3
13;72;6;2402.0;2442.5;2597.5;3212.2;3453.0;2809.7;445.0
13;73;6;2263.0;2314.5;2576.0;3227.5;3520.0;2767.8;512.2
13;74;6;2137.0;2534.2;2671.0;3102.5;3245.0;2743.2;395.6
13;75;6;2049.0;2125.8;2382.5;2816.2;2960.0;2462.5;371.8
13;76;6;2085.0;2234.0;2437.0;3080.2;3267.0;2614.5;479.2
13;77;6;2265.0;2346.5;2477.5;2911.5;3143.0;2620.3;346.1
13;78;6;2238.0;2306.2;2525.5;3056.8;3273.0;2671.5;418.5
13;79;6;2329.0;2432.8;2562.0;2976.2;3122.0;2679.8;317.9
13;80;6;2116.0;2296.2;2308.5;2342.5;3029.0;2401.3;290.6
13;81;6;2324.0;2508.8;2573.0;2608.8;3282.0;2643.3;301.1
13;82;6;2225.0;2266.8;2403.5;2498.2;3064.0;2474.5;283.6
13;83;6;2209.0;2409.2;2537.0;2619.0;3129.0;2570.8;285.9
13;84;6;2221.0;2278.5;2548.0;2711.8;3235.0;2584.5;349.4
13;85;6;2262.0;2367.2;2626.5;2632.2;3228.0;2609.7;319.5
13;86;6;2331.0;2414.8;2548.0;2667.0;3119.0;2603.8;260.0
13;87;6;2224.0;2436.8;2473.0;2537.8;3015.0;2528.2;240.3
13;88;6;2204.0;2390.8;2423.0;2602.2;3081.0;2528.8;279.6
13;89;6;2229.0;2273.5;2337.0;2417.8;3062.0;2443.7;285.3
13;90;6;2027.0;2290.5;2329.0;2583.5;3044.0;2445.8;326.1
13;91;6;2055.0;2216.8;2350.0;2487.0;2980.0;2406.7;295.4
13;92;6;2289.0;2295.5;2341.0;2606.2;3094.0;2506.7;296.1
13;93;6;2127.0;2209.2;2358.0;2458.8;3218.0;2452.2;363.3
13;94;6;2259.0;2410.5;2483.5;2760.5;3197.0;2610.3;318.3
13;95;6;2248.0;2342.8;2432.0;2643.5;3177.0;2552.7;314.6
13;96;6;2090.0;2231.0;2390.0;2526.5;3282.0;2483.7;388.3
13;97;6;2204.0;2312.5;2333.0;2432.2;3103.0;2457.3;298.5
13;98;6;2217.0;2290.8;2385.0;2525.8;3038.0;2476.2;275.5
13;99;6;2027.0;2060.8;2142.5;2447.0;3024.0;2319.7;357.2
14;0;6;3363.0;3595.5;4404.5;4540.8;4568.0;4108.7;534.5
14;1;6;3514.0;3885.8;4449.5;4463.5;4470.0;4174.8;405.5
14;2;6;3145.0;3528.8;4360.0;4433.0;4463.0;4006.2;570.5
14;3;6;3403.0;3810.5;4380.0;4480.8;4508.0;4134.3;445.3
14;4;6;3219.0;3618.2;4048.5;4230.5;4378.0;3910.0;420.4
14;5;6;2878.0;3717.8;4311.0;4383.8;4415.0;3973.8;577.2
14;6;6;3258.0;3966.8;4355.0;4397.5;4453.0;4111.7;431.6
14;7;6;3414.0;3756.5;4292.0;4382.0;4428.0;4069.3;405.9
14;8;6;3094.0;3610.5;4252.0;4283.0;4327.0;3935.8;495.7
14;9;6;3483.0;3734.0;4348.0;4381.5;4394.0;4082.5;405.4
14;10;6;3189.0;3724.0;4472.0;4486.5;4498.0;4099.5;547.9
14;11;6;3075.0;3516.8;4236.0;4335.8;4426.0;3936.5;543.6
14;12;6;3301.0;3562.8;4314.5;4341.8;4370.0;3993.8;485.7
14;13;6;3443.0;3801.5;4353.0;4378.0;4392.0;4090.8;399.7
14;14;6;3425.0;3815.2;4315.0;4334.8;4374.0;4069.8;381.7
14;15;6;2928.0;3511.2;4153.0;4186.5;4306.0;3839.2;525.1
14;16;6;3491.0;3703.2;4153.5;4256.5;4409.0;4008.5;349.4
14;17;6;3143.0;3355.8;3900.0;4261.2;4292.0;3798.5;482.9
14;18;6;3217.0;3429.8;3992.0;4296.2;4317.0;3859.7;461.5
14;19;6;3138.0;3320.2;3809.5;4175.0;4178.0;3731.5;453.2
14;20;6;2942.0;3410.8;3942.0;4356.2;4407.0;3826.8;572.8
14;21;6;3185.0;3460.0;4107.0;4346.0;4416.0;3914.2;500.4
14;22;6;2928.0;3314.8;3835.0;4200.8;4329.0;3731.8;534.8
14;23;6;2952.0;3364.8;3854.0;4256.2;4299.0;3758.5;528.1
14;24;6;3130.0;3256.2;3783.0;4243.0;4260.0;3738.8;507.0
14;25;6;3074.0;3230.0;3710.5;4215.0;4305.0;3708.8;529.4
14;26;6;3001.0;3331.5;3834.0;4196.2;4269.0;3736.5;499.4
14;27;6;2954.0;3093.8;3739.5;4308.0;4312.0;3686.8;623.4
14;28;6;2939.0;3152.0;3673.5;4006.8;4041.0;3570.5;458.0
14;29;6;2871.0;3183.5;3554.5;3840.0;3932.0;3484.5;404.2
14;30;6;2906.0;3006.8;3579.0;3991.5;4060.0;3511.5;500.4
14;31;6;2932.0;3138.8;3665.5;4103.0;4223.0;3616.3;528.6
14;32;6;3170.0;3344.0;3819.5;4157.0;4176.0;3740.0;431.2
14;33;6;2973.0;3197.0;3568.5;3991.0;4073.0;3564.7;434.9
14;34;6;2880.0;3078.5;3589.5;4001.5;4052.0;3526.3;496.6
14;35;6;2845.0;3041.2;3442.5;3876.8;3938.0;3432.8;460.1
14;36;6;2772.0;3095.0;3436.5;3814.0;3860.0;3404.3;427.5
14;37;6;2974.0;3102.0;3562.0;3974.0;4006.0;3527.3;448.9
14;38;6;2901.0;3152.5;3536.5;3888.2;3930.0;3489.0;420.8
14;39;6;2735.0;3004.0;3503.0;3902.2;3965.0;3429.8;502.3
14;40;6;2421.0;2635.5;3350.5;3865.2;3929.0;3247.5;638.7
14;41;6;2931.0;3091.5;3577.5;3906.0;3936.0;3494.5;425.4
14;42;6;2922.0;3226.2;3559.5;3849.2;3878.0;3496.7;369.7
14;43;6;2687.0;2854.2;3342.0;3850.8;3897.0;3330.0;534.0
14;44;6;2610.0;3010.8;3414.0;3783.5;3796.0;3336.2;467.6
14;45;6;2916.0;3049.2;3574.0;3811.5;3822.0;3441.8;396.1
14;46;6;2700.0;2971.8;3570.5;3843.0;3876.0;3403.8;482.8
14;47;6;2663.0;2878.5;3241.5;3696.0;3774.0;3254.2;447.2
14;48;6;2700.0;2820.2;3057.5;3567.8;3752.0;3174.3;416.9
14;49;6;2469.0;2628.2;2870.5;3412.0;3607.0;2992.8;447.7
14;50;6;2421.0;2565.8;2931.5;3517.8;3748.0;3031.5;534.3
14;51;6;2518.0;2715.0;2954.5;3491.8;3656.0;3064.8;445.4
14;52;6;2374.0;2832.0;3149.0;3668.5;3832.0;3178.7;530.8
14;53;6;2368.0;2541.5;2695.5;3270.2;3501.0;2868.7;439.4
14;54;6;2399.0;2454.5;2722.0;3495.0;3705.0;2944.3;558.9
14;55;6;2462.0;2596.8;3037.5;3559.2;3797.0;3086.2;523.8
14;56;6;2668.0;2704.5;2798.0;3447.2;3693.0;3049.0;444.9
14;57;6;2439.0;2691.0;2839.5;3460.5;3680.0;3017.8;482.3
14;58;6;2418.0;2548.8;2746.0;3179.5;3385.0;2850.3;375.5
14;59;6;2264.0;2679.2;2864.0;3378.0;3559.0;2953.0;469.3
14;60;6;2193.0;2624.2;2768.5;3230.0;3467.0;2859.5;439.3
14;61;6;2821.0;2973.0;3040.0;3379.2;3575.0;3153.2;277.6
14;62;6;2444.0;2599.8;2843.5;3383.5;3588.0;2966.8;450.5
14;63;6;2316.0;2392.0;2517.5;3130.5;3485.0;2753.5;468.7
14;64;6;2248.0;2593.2;2632.0;3237.8;3494.0;2837.7;462.4
14;65;6;2364.0;2446.8;2634.0;3073.2;3240.0;2746.0;350.9
14;66;6;2514.0;2593.0;2745.0;3224.8;3391.0;2887.0;360.2
14;67;6;2455.0;2558.8;2742.5;3134.8;3248.0;2825.2;317.2
14;68;6;2466.0;2615.2;2648.5;2987.8;3192.0;2776.7;269.2
14;69;6;2284.0;2457.8;2532.5;3031.0;3307.0;2714.3;388.1
14;70;6;2164.0;2331.0;2683.5;3024.8;3189.0;2678.7;395.9
14;71;6;2327.0;2341.5;2388.5;2897.5;3162.0;2609.8;354.9
14;72;6;2244.0;2502.2;2665.5;3122.0;3245.0;2757.0;375.9
14;73;6;2264.0;2475.5;2603.0;3082.2;3303.0;2741.3;391.8
14;74;6;1968.0;2187.8;2584.5;3188.2;3399.0;2663.5;566.4
14;75;6;2382.0;2425.8;2449.5;3040.2;3247.0;2697.2;385.2
14;76;6;2357.0;2395.2;2604.5;3058.2;3229.0;2721.7;359.2
14;77;6;2258.0;2387.2;2555.5;2873.0;3080.0;2626.5;301.0
14;78;6;2075.0;2206.5;2555.5;3020.8;3168.0;2603.3;435.0
14;79;6;2212.0;2247.2;2403.5;3031.5;3245.0;2616.7;440.5
14;80;6;2162.0;2315.2;2618.0;2755.0;3332.0;2624.2;386.9
14;81;6;2094.0;2211.2;2239.5;2405.8;3464.0;2450.0;465.9
14;82;6;2157.0;2334.5;2399.0;2540.0;3250.0;2517.5;350.8
14;83;6;2174.0;2258.0;2414.0;2525.8;3324.0;2515.8;383.7
14;84;6;2134.0;2198.8;2380.0;2532.0;3145.0;2460.0;341.6
14;85;6;2302.0;2435.8;2478.0;2718.2;3338.0;2636.0;347.2
14;86;6;2307.0;2469.5;2591.0;2757.5;3278.0;2668.2;314.0
14;87;6;2150.0;2166.2;2226.0;2336.0;3261.0;2397.0;393.2
14;88;6;2188.0;2277.8;2316.5;2378.5;3195.0;2446.7;340.6
14;89;6;2259.0;2412.2;2527.0;2593.8;3069.0;2562.0;254.0
14;90;6;2531.0;2622.8;2726.5;2854.2;3282.0;2791.8;247.7
14;91;6;2177.0;2275.0;2384.5;2565.2;3268.0;2513.0;364.5
14;92;6;2142.0;2220.0;2334.0;2500.5;3123.0;2445.2;329.3
14;93;6;2136.0;2421.0;2504.0;2701.8;3113.0;2569.7;304.4
14;94;6;2040.0;2208.8;2289.5;2398.0;3124.0;2393.2;347.3
14;95;6;2203.0;2364.2;2593.5;2636.8;3302.0;2605.2;353.3
14;96;6;2251.0;2324.0;2537.0;2641.2;3198.0;2575.3;316.5
14;97;6;2257.0;2447.0;2512.0;2718.8;3281.0;2629.2;329.4
14;98;6;2133.0;2256.5;2325.5;2405.0;3126.0;2429.2;324.3
14;99;6;2056.0;2348.2;2407.5;2550.8;3029.0;2471.2;295.8
15;0;6;3477.0;3749.2;4313.0;4357.0;4436.0;4078.7;398.0
15;1;6;3643.0;3854.0;4377.5;4413.5;4450.0;4158.8;351.8
15;2;6;3308.0;3641.2;4208.5;4367.0;4427.0;4004.0;449.5
15;3;6;2969.0;3657.8;4459.0;4496.8;4542.0;4054.8;630.6
15;4;6;3848.0;4081.2;4481.0;4514.0;4525.0;4301.3;284.7
15;5;6;3295.0;3635.5;4470.0;4481.8;4588.0;4111.0;556.2
15;6;6;3507.0;3730.0;4265.0;4321.5;4432.0;4060.2;378.0
15;7;6;3117.0;3942.2;4353.0;4414.2;4431.0;4082.3;482.1
15;8;6;3378.0;3821.8;4354.5;4372.0;4410.0;4086.5;413.2
15;9;6;3393.0;3831.0;4318.5;4333.5;4426.0;4077.2;395.5
15;10;6;3486.0;3944.8;4301.0;4406.8;4455.0;4135.2;356.6
15;11;6;3406.0;3685.8;4357.5;4367.8;4412.0;4061.0;443.7
15;12;6;3362.0;3812.2;4296.5;4340.5;4353.0;4052.3;393.2
15;13;6;3469.0;3771.2;4307.5;4343.5;4427.0;4076.5;386.9
15;14;6;3221.0;3516.0;4242.5;4334.5;4441.0;3964.3;511.8
15;15;6;3128.0;3595.0;4248.0;4284.5;4305.0;3933.8;486.1
15;16;6;3222.0;3916.5;4343.0;4379.5;4455.0;4088.2;447.4
15;17;6;3303.0;3397.8;3954.5;4472.2;4490.0;3926.5;547.4
15;18;6;3749.0;3751.8;4042.5;4330.2;4343.0;4043.0;291.0
15;19;6;3295.0;3418.0;3879.5;4293.0;4316.0;3844.2;457.0
15;20;6;3264.0;3357.8;3749.0;4156.0;4227.0;3751.3;424.0
15;21;6;2908.0;3155.5;3814.0;4285.0;4326.0;3706.7;602.4
15;22;6;3015.0;3596.2;3971.5;4294.2;4341.0;3862.0;480.2
15;23;6;3073.0;3311.5;3804.5;4206.8;4301.0;3745.2;499.9
15;24;6;3064.0;3232.2;3755.0;4246.2;4329.0;3728.5;545.6
15;25;6;3173.0;3260.5;3759.0;4205.0;4338.0;3746.2;492.6
15;26;6;2849.0;3234.2;3814.5;4262.0;4394.0;3720.7;606.3
15;27;6;2844.0;3130.2;3811.5;4219.8;4236.0;3660.3;584.5
15;28;6;2938.0;3167.0;3767.0;4136.0;4149.0;3641.2;516.5
15;29;6;3012.0;3194.2;3696.5;4090.0;4161.0;3635.7;477.0
15;30;6;3180.0;3203.2;3552.0;3896.2;3938.0;3553.3;352.5
15;31;6;2840.0;3002.0;3518.0;3939.5;3965.0;3458.5;486.1
15;32;6;2919.0;3390.8;3757.5;4086.8;4198.0;3682.8;470.3
15;33;6;2978.0;3226.8;3623.5;4011.2;4090.0;3591.7;435.9
15;34;6;2739.0;3091.2;3527.5;3881.2;3976.0;3452.5;477.0
15;35;6;2801.0;2892.0;3430.5;3863.2;3883.0;3377.5;490.0
15;36;6;2531.0;2895.0;3535.5;3924.0;3931.0;3378.0;574.8
15;37;6;2605.0;2739.8;3371.0;3780.2;3857.0;3275.0;537.3
15;38;6;2804.0;2885.2;3459.0;3843.8;3857.0;3374.2;481.9
15;39;6;2781.0;2913.2;3388.0;3719.5;3790.0;3322.0;422.3
15;40;6;2686.0;2738.2;3183.0;3560.2;3630.0;3159.7;424.5
15;41;6;2473.0;2777.2;3211.5;3654.8;3797.0;3188.0;519.0
15;42;6;2750.0;2929.0;3332.0;3730.5;3742.0;3302.3;435.9
15;43;6;2647.0;2735.8;3133.5;3532.0;3608.0;3131.7;412.8
15;44;6;2414.0;2528.2;3166.0;3587.0;3620.0;3068.2;536.4
15;45;6;2466.0;2688.2;3067.0;3379.0;3504.0;3024.8;401.2
15;46;6;2446.0;2569.0;3099.5;3534.0;3617.0;3055.5;495.7
15;47;6;2743.0;2818.0;3166.0;3364.0;3407.0;3102.3;284.1
15;48;6;2231.0;2424.5;2639.5;3330.0;3586.0;2834.8;534.9
15;49;6;2340.0;2416.5;2604.0;3222.8;3421.0;2792.0;452.0
15;50;6;2457.0;2565.0;2630.5;3188.8;3457.0;2848.8;402.5
15;51;6;2282.0;2432.2;2613.0;3130.5;3257.0;2740.0;391.2
15;52;6;2172.0;2358.5;2552.5;3198.0;3421.0;2734.2;490.9
15;53;6;2441.0;2494.2;2634.0;3019.0;3168.0;2745.3;297.1
15;54;6;2540.0;2615.5;2681.0;3066.0;3188.0;2813.0;268.7
15;55;6;2510.0;2573.0;2647.5;3146.5;3334.0;2833.3;345.7
15;56;6;2321.0;2464.8;2599.0;3049.0;3209.0;2724.5;346.3
15;57;6;2238.0;2592.0;2666.0;3019.0;3203.0;2746.2;328.9
15;58;6;2495.0;2585.0;2674.5;3310.0;3512.0;2905.5;433.7
15;59;6;2244.0;2437.0;2649.5;3117.0;3273.0;2742.5;393.5
15;60;6;2512.0;2572.2;2671.0;3132.8;3299.0;2829.8;332.6
15;61;6;2535.0;2588.2;2751.5;3225.2;3362.0;2886.2;347.3
15;62;6;2252.0;2373.5;2623.5;3197.5;3454.0;2772.0;480.7
15;63;6;2537.0;2634.2;2799.5;3193.5;3346.0;2897.7;318.0
15;64;6;2177.0;2351.8;2440.5;3092.5;3355.0;2674.2;468.9
15;65;6;2184.0;2273.2;2511.0;3152.2;3402.0;2694.7;505.0
15;66;6;2063.0;2261.0;2544.0;3035.5;3183.0;2616.7;434.8
15;67;6;2214.0;2303.0;2340.0;2798.5;3051.0;2531.2;335.5
15;68;6;2229.0;2310.8;2502.0;2975.2;3190.0;2633.8;384.8
15;69;6;2195.0;2356.2;2441.0;2862.5;3013.0;2570.2;316.6
15;70;6;2012.0;2609.0;2651.5;3015.8;3159.0;2701.0;383.0
15;71;6;2248.0;2323.8;2553.5;2943.0;3085.0;2626.7;337.9
15;72;6;2171.0;2323.2;2491.5;3067.8;3256.0;2656.2;431.4
15;73;6;1984.0;2353.2;2498.5;2846.2;2948.0;2532.7;340.1
15;74;6;2239.0;2346.2;2462.0;2811.8;3168.0;2594.5;333.4
15;75;6;2020.0;2124.2;2309.5;2946.2;3141.0;2500.2;462.2
15;76;6;2238.0;2343.5;2524.5;2950.0;3089.0;2625.2;340.5
15;77;6;1888.0;2372.5;2484.5;2949.8;3096.0;2565.5;422.8
15;78;6;2011.0;2279.0;2554.5;2861.5;2993.0;2544.0;357.6
15;79;6;2078.0;2401.2;2514.5;2868.5;3008.0;2577.5;326.9
15;80;6;2060.0;2232.2;2306.5;2351.5;2950.0;2366.2;278.6
15;81;6;2406.0;2554.0;2689.0;2769.2;3283.0;2728.7;277.9
15;82;6;2243.0;2391.8;2663.5;2738.0;3388.0;2670.3;373.9
15;83;6;2115.0;2324.8;2420.0;2513.0;3182.0;2495.7;333.6
15;84;6;2100.0;2176.5;2444.0;2668.0;3100.0;2486.3;355.6
15;85;6;2073.0;2161.5;2227.5;2319.0;3079.0;2349.3;336.7
15;86;6;2337.0;2356.8;2461.0;2547.2;3311.0;2578.0;338.4
15;87;6;2123.0;2388.8;2405.0;2513.5;2987.0;2475.5;261.0
15;88;6;1989.0;2149.8;2461.0;2577.2;3366.0;2489.8;450.3
15;89;6;2241.0;2359.8;2515.0;2523.2;3029.0;2522.3;252.3
15;90;6;2195.0;2323.8;2361.0;2389.2;2963.0;2431.7;246.2
15;91;6;2258.0;2328.5;2358.0;2380.8;3021.0;2450.3;258.4
15;92;6;2379.0;2460.5;2558.0;2684.8;3085.0;2622.5;233.4
15;93;6;2312.0;2406.2;2522.5;2601.2;3094.0;2574.3;254.5
15;94;6;2023.0;2250.2;2514.0;2544.5;2958.0;2454.3;299.3
15;95;6;1913.0;2166.0;2330.5;2543.0;2894.0;2365.5;318.7
15;96;6;2273.0;2287.8;2362.0;2461.8;2868.0;2437.2;206.1
15;97;6;2165.0;2258.8;2431.5;2511.2;2815.0;2430.3;216.5
15;98;6;1978.0;2023.8;2117.0;2294.2;2827.0;2230.8;292.2
15;99;6;2006.0;2178.0;2379.0;2490.0;2963.0;2394.2;306.6
16;0;6;3427.0;3679.5;4361.5;4467.5;4493.0;4099.7;464.8
16;1;6;3335.0;3716.2;4490.5;4520.0;4558.0;4143.7;528.4
16;2;6;3213.0;3814.5;4286.5;4367.0;4416.0;4042.2;450.2
16;3;6;3509.0;3896.0;4370.5;4393.5;4417.0;4134.3;367.3
16;4;6;3478.0;3879.0;4373.5;4406.8;4447.0;4134.0;385.2
16;5;6;3204.0;4021.0;4445.5;4462.8;4501.0;4157.3;476.5
16;6;6;3403.0;3960.0;4393.0;4457.0;4477.0;4160.0;406.7
16;7;6;3461.0;3810.5;4279.5;4356.2;4455.0;4085.2;379.8
16;8;6;3345.0;3676.2;4395.0;4419.2;4463.0;4077.0;484.7
16;9;6;3360.0;3809.0;4318.0;4358.2;4412.0;4069.8;410.4
16;10;6;3632.0;3967.0;4314.5;4411.5;4480.0;4172.7;312.6
16;11;6;3545.0;3889.0;4352.0;4414.5;4440.0;4143.2;361.7
16;12;6;3149.0;3615.5;4281.5;4390.2;4417.0;3991.5;512.5
16;13;6;3376.0;3921.8;4424.0;4453.0;4471.0;4152.0;428.0
16;14;6;3276.0;3573.0;4264.0;4417.2;4494.0;4018.2;504.0
16;15;6;3344.0;3621.0;4241.0;4312.0;4320.0;3982.7;423.6
16;16;6;3104.0;3802.5;4309.5;4343.2;4351.0;4010.3;476.8
16;17;6;3263.0;3371.8;4027.5;4432.0;4481.0;3919.8;535.8
16;18;6;3170.0;3627.2;4178.5;4477.0;4505.0;4008.7;519.1
16;19;6;3020.0;3321.5;3952.5;4259.5;4281.0;3779.8;518.9
16;20;6;3355.0;3586.0;3991.5;4348.2;4383.0;3939.8;427.1
16;21;6;3068.0;3461.8;4071.0;4266.2;4493.0;3882.2;522.9
16;22;6;3102.0;3174.8;3663.5;4140.2;4160.0;3650.0;486.7
16;23;6;3078.0;3320.8;3826.0;4273.5;4274.0;3763.2;518.1
16;24;6;3178.0;3396.0;3837.0;4241.2;4287.0;3794.0;457.9
16;25;6;3150.0;3201.5;3606.0;4030.8;4056.0;3609.5;425.4
16;26;6;3034.0;3421.0;3917.5;4233.2;4311.0;3795.7;486.4
16;27;6;3126.0;3382.2;3941.5;4235.2;4267.0;3800.8;469.1
16;28;6;2982.0;3451.5;3728.5;4010.0;4055.0;3659.5;391.8
16;29;6;3014.0;3047.5;3614.5;4178.5;4247.0;3619.2;575.1
16;30;6;2671.0;3053.8;3638.5;4191.0;4225.0;3567.8;648.1
16;31;6;3019.0;3122.0;3649.5;3982.0;4146.0;3583.8;461.0
16;32;6;3070.0;3185.0;3642.0;4045.0;4077.0;3607.2;443.1
16;33;6;2925.0;3151.0;3653.5;4153.8;4212.0;3624.7;548.7
16;34;6;2768.0;2877.0;3430.5;3816.8;3838.0;3350.8;477.4
16;35;6;2854.0;2914.8;3442.5;3947.0;3965.0;3426.3;523.0
16;36;6;2775.0;2939.5;3441.0;3856.2;3964.0;3398.0;485.6
16;37;6;2839.0;2912.8;3436.0;3839.2;4005.0;3404.7;493.0
16;38;6;2725.0;2899.8;3370.0;3784.0;3912.0;3340.3;484.7
16;39;6;3090.0;3224.5;3576.5;3819.8;3846.0;3516.2;318.6
16;40;6;2761.0;2879.5;3364.0;3769.0;3830.0;3323.5;464.7
16;41;6;2780.0;2900.8;3477.5;3773.8;3808.0;3354.0;446.1
16;42;6;2735.0;2788.2;3295.0;3783.8;3807.0;3283.0;508.8
16;43;6;2674.0;2916.8;3533.5;3765.5;3782.0;3346.2;465.2
16;44;6;2538.0;2681.2;3185.0;3550.8;3669.0;3127.2;462.1
16;45;6;2776.0;3014.8;3407.5;3697.5;3724.0;3332.2;386.1
16;46;6;2580.0;2718.5;3150.5;3572.8;3647.0;3136.0;459.3
16;47;6;2727.0;2883.2;3481.5;3719.8;3733.0;3317.7;438.4
16;48;6;2228.0;2724.2;2950.5;3566.8;3725.0;3045.8;543.2
16;49;6;2562.0;2964.8;3153.0;3765.0;3966.0;3284.2;515.1
16;50;6;2278.0;2719.0;2868.5;3330.0;3489.0;2942.8;430.4
16;51;6;2372.0;2475.2;2861.0;3529.5;3637.0;2971.7;543.2
16;52;6;2484.0;2583.2;2676.0;3426.5;3652.0;2952.8;499.9
16;53;6;2404.0;2749.5;2913.5;3573.2;3799.0;3086.3;528.4
16;54;6;2498.0;2781.2;2937.5;3341.2;3491.0;3011.5;358.8
16;55;6;2419.0;2519.8;2633.5;3192.0;3605.0;2858.5;454.0
16;56;6;2407.0;2445.2;2604.0;3198.5;3412.0;2802.7;424.5
16;57;6;2268.0;2580.0;2749.0;3322.2;3507.0;2885.0;465.1
16;58;6;2315.0;2413.5;2527.0;3171.5;3429.0;2760.0;463.6
16;59;6;2456.0;2626.8;2707.0;3118.0;3300.0;2837.5;320.4
16;60;6;2247.0;2443.2;2747.5;3240.8;3352.0;2806.8;435.0
16;61;6;2298.0;2533.5;2562.0;3070.5;3288.0;2745.7;377.3
16;62;6;2448.0;2519.5;2746.0;3237.2;3382.0;2861.2;385.6
16;63;6;2181.0;2392.8;2417.0;3102.8;3401.0;2688.7;486.1
16;64;6;2167.0;2404.0;2582.0;3105.0;3308.0;2710.5;434.6
16;65;6;2218.0;2292.0;2575.0;3257.0;3420.0;2745.0;509.1
16;66;6;2404.0;2418.8;2468.5;2928.5;3294.0;2686.5;357.0
16;67;6;2106.0;2122.2;2286.5;2751.5;2945.0;2433.0;349.9
16;68;6;2200.0;2403.0;2557.0;2981.8;3235.0;2670.7;380.0
16;69;6;2028.0;2474.5;2722.5;3104.0;3212.0;2718.0;419.7
16;70;6;2134.0;2373.8;2424.0;2963.2;3160.0;2607.0;394.5
16;71;6;2266.0;2340.8;2479.5;3039.8;3215.0;2660.2;398.6
16;72;6;2101.0;2238.0;2390.5;3059.8;3288.0;2606.7;489.6
16;73;6;2099.0;2146.8;2342.0;2808.0;3211.0;2506.5;423.3
16;74;6;2096.0;2377.2;2483.5;2985.0;3173.0;2621.7;400.3
16;75;6;2269.0;2434.5;2498.0;3100.8;3307.0;2714.5;421.3
16;76;6;2084.0;2221.2;2543.5;2859.8;3012.0;2543.7;363.1
16;77;6;2055.0;2269.8;2411.0;2828.2;2963.0;2505.0;340.7
16;78;6;2121.0;2257.5;2407.0;2810.8;2981.0;2511.5;333.7
16;79;6;2016.0;2047.2;2316.0;2825.5;2933.0;2422.3;396.3
16;80;6;2044.0;2247.8;2291.5;2298.5;2928.0;2348.2;274.0
16;81;6;2103.0;2219.0;2375.5;2534.2;2965.0;2428.8;285.6
16;82;6;1971.0;2232.8;2309.5;2414.0;2896.0;2357.0;280.5
16;83;6;2085.0;2150.8;2300.5;2375.2;2836.0;2337.2;248.6
16;84;6;2099.0;2146.0;2198.0;2478.0;2841.0;2339.3;271.3
16;85;6;2107.0;2235.0;2247.0;2324.2;2826.0;2334.7;230.6
16;86;6;2214.0;2344.8;2412.0;2456.0;3150.0;2496.8;303.1
16;87;6;2079.0;2198.5;2306.5;2498.5;3004.0;2403.5;306.4
16;88;6;2111.0;2127.8;2172.0;2331.8;2710.0;2277.2;212.9
16;89;6;2021.0;2107.2;2290.0;2390.2;2924.0;2332.5;298.2
16;90;6;1933.0;2148.0;2223.5;2290.8;2984.0;2300.0;327.6
16;91;6;2212.0;2316.0;2417.0;2572.8;3016.0;2494.8;266.0
16;92;6;2096.0;2194.2;2267.0;2366.8;3139.0;2389.8;347.9
16;93;6;2083.0;2183.0;2349.5;2447.8;3003.0;2398.8;302.1
16;94;6;2101.0;2260.0;2425.0;2566.8;3078.0;2474.7;314.7
16;95;6;1962.0;2103.8;2199.5;2244.2;2907.0;2266.5;302.5
16;96;6;2102.0;2194.8;2252.5;2430.2;3233.0;2417.5;382.5
16;97;6;2192.0;2330.0;2394.5;2441.0;3142.0;2481.3;306.8
16;98;6;2183.0;2232.5;2361.5;2587.2;2933.0;2448.5;266.7
16;99;6;1722.0;2244.0;2331.5;2572.0;3009.0;2376.8;392.7
17;0;6;3453.0;3774.2;4484.0;4527.0;4583.0;4180.5;484.6
17;1;6;3211.0;3638.2;4368.0;4390.5;4414.0;4025.7;512.8
17;2;6;3374.0;3830.2;4537.0;4611.5;4645.0;4220.7;526.1
17;3;6;3497.0;3764.2;4396.5;4420.5;4509.0;4130.2;428.9
17;4;6;3492.0;3765.5;4386.0;4408.0;4440.0;4113.0;415.0
17;5;6;3418.0;3625.8;4258.0;4324.8;4364.0;4010.0;416.4
17;6;6;3561.0;3927.5;4387.0;4421.2;4442.0;4164.0;354.4
17;7;6;3455.0;3725.0;4288.0;4378.5;4425.0;4067.0;404.7
17;8;6;3359.0;3726.2;4300.0;4369.0;4388.0;4045.7;426.1
17;9;6;3600.0;3961.5;4360.0;4434.5;4492.0;4183.3;341.4
17;10;6;3321.0;4017.2;4370.0;4440.0;4468.0;4148.7;414.7
17;11;6;3382.0;3972.8;4526.5;4569.5;4597.0;4234.0;472.8
17;12;6;3454.0;4031.0;4333.5;4475.5;4503.0;4179.5;374.4
17;13;6;3537.0;3847.5;4394.0;4465.0;4531.0;4168.3;401.6
17;14;6;3253.0;3793.2;4190.5;4285.5;4314.0;3987.7;395.3
17;15;6;3166.0;3772.5;4303.5;4452.0;4489.0;4059.8;495.2
17;16;6;3017.0;3523.0;4270.5;4349.8;4373.0;3930.2;557.4
17;17;6;3306.0;3625.0;4154.0;4375.5;4399.0;3985.2;436.4
17;18;6;3173.0;3613.8;3963.5;4230.8;4365.0;3880.3;427.6
17;19;6;3007.0;3082.5;3828.0;4387.5;4400.0;3745.2;646.5
17;20;6;3463.0;3500.8;3980.0;4377.5;4406.0;3946.7;441.3
17;21;6;3180.0;3492.0;3873.5;4276.8;4325.0;3838.0;456.8
17;22;6;3114.0;3309.2;3848.0;4324.5;4371.0;3799.0;527.8
17;23;6;3141.0;3339.0;3795.0;4218.0;4285.0;3760.3;478.9
17;24;6;3165.0;3510.5;3857.5;4203.8;4297.0;3815.2;431.3
17;25;6;3122.0;3348.5;3820.5;4230.2;4376.0;3782.8;494.2
17;26;6;3259.0;3512.5;3994.0;4357.8;4474.0;3925.3;483.4
17;27;6;2993.0;3084.2;3703.0;4299.2;4308.0;3680.5;621.5
17;28;6;3145.0;3520.8;4072.0;4402.8;4433.0;3928.7;512.3
17;29;6;3224.0;3365.5;3693.0;4120.2;4174.0;3717.2;401.1
17;30;6;3246.0;3252.2;3693.0;4166.0;4205.0;3711.0;461.1
17;31;6;3121.0;3316.5;3745.5;4179.0;4214.0;3720.5;460.2
17;32;6;3098.0;3146.2;3708.5;4195.8;4214.0;3674.3;522.7
17;33;6;3143.0;3375.2;3775.0;4120.0;4298.0;3744.7;446.1
17;34;6;2951.0;3076.0;3610.0;3920.5;4178.0;3545.2;479.5
17;35;6;2906.0;3189.0;3714.0;4255.5;4287.0;3678.5;580.9
17;36;6;2994.0;3159.2;3693.5;4162.5;4170.0;3641.8;526.6
17;37;6;2770.0;3239.2;3768.0;4163.2;4187.0;3641.8;555.3
17;38;6;2753.0;3057.5;3506.5;3885.0;3897.0;3430.3;469.9
17;39;6;2935.0;3092.5;3516.5;3900.8;3991.0;3489.8;444.7
17;40;6;2703.0;2903.8;3420.5;3974.0;4052.0;3414.3;580.2
17;41;6;3075.0;3113.2;3634.5;4048.5;4084.0;3592.3;470.3
17;42;6;2687.0;3228.2;3512.0;3822.8;3953.0;3454.0;441.3
17;43;6;2440.0;2865.2;3436.5;3946.2;3971.0;3345.8;621.3
17;44;6;2940.0;2974.8;3359.0;3681.8;3822.0;3352.7;379.3
17;45;6;2973.0;3024.5;3463.0;3831.0;3858.0;3431.5;410.3
17;46;6;2307.0;2655.0;3253.5;3713.2;3761.0;3149.5;585.6
17;47;6;2750.0;2813.5;3225.5;3558.0;3588.0;3189.0;378.5
17;48;6;2398.0;2740.0;3034.0;3612.2;3793.0;3117.7;520.1
17;49;6;2215.0;2719.5;2838.5;3569.5;3785.0;3028.3;575.8
17;50;6;2768.0;2826.0;2880.0;3359.2;3547.0;3067.0;329.1
17;51;6;2308.0;2696.5;2863.5;3295.2;3399.0;2919.0;393.1
17;52;6;2166.0;2536.2;2798.0;3153.5;3276.0;2793.2;400.5
17;53;6;2378.0;2544.2;2835.5;3323.2;3468.0;2908.3;427.9
17;54;6;2529.0;2578.5;2708.5;3334.2;3511.0;2922.5;423.9
17;55;6;2361.0;2571.0;2947.5;3348.0;3549.0;2955.3;448.3
17;56;6;2258.0;2616.2;2739.5;3081.8;3223.0;2788.5;333.5
17;57;6;2145.0;2265.2;2548.0;3233.5;3421.0;2715.8;524.7
17;58;6;2337.0;2373.5;2431.0;2946.8;3233.0;2650.8;373.2
17;59;6;2311.0;2509.2;2591.0;3118.2;3281.0;2758.3;380.6
17;60;6;2420.0;2494.0;2656.5;3093.5;3226.0;2773.0;333.3
17;61;6;2129.0;2262.0;2371.0;2992.2;3209.0;2584.2;442.7
17;62;6;2173.0;2262.5;2346.5;2870.8;3262.0;2568.0;422.8
17;63;6;2182.0;2342.5;2561.0;3059.2;3224.0;2670.5;408.6
17;64;6;2431.0;2468.2;2522.5;2958.5;3106.0;2689.3;292.7
17;65;6;2206.0;2510.5;2560.0;3082.8;3252.0;2721.5;392.3
17;66;6;2197.0;2419.8;2582.0;3057.0;3241.0;2697.2;396.6
17;67;6;2252.0;2497.0;2611.5;2979.5;3092.0;2688.0;309.7
17;68;6;2345.0;2582.2;2698.5;3016.5;3209.0;2769.5;304.2
17;69;6;2269.0;2375.8;2506.5;3043.8;3224.0;2676.8;393.0
17;70;6;1961.0;2087.0;2182.0;2767.5;2976.0;2386.5;417.5
17;71;6;2121.0;2236.5;2425.5;3022.5;3205.0;2595.3;445.8
17;72;6;2215.0;2368.5;2524.0;3016.2;3171.0;2655.2;376.6
17;73;6;2041.0;2266.0;2301.0;2924.0;3228.0;2542.8;459.5
17;74;6;1937.0;2231.2;2444.0;2927.5;3040.0;2519.0;414.7
17;75;6;1912.0;2229.5;2438.0;2953.2;3197.0;2545.0;463.8
17;76;6;2090.0;2280.5;2462.5;2976.8;3223.0;2601.0;425.9
17;77;6;2165.0;2273.8;2371.5;2843.5;3181.0;2555.2;384.5
17;78;6;2233.0;2320.0;2571.0;2921.0;3034.0;2613.8;320.3
17;79;6;2119.0;2203.5;2359.0;2978.0;3260.0;2572.2;465.8
17;80;6;1951.0;2026.5;2265.0;2435.2;3032.0;2325.3;366.9
17;81;6;2188.0;2265.5;2377.5;2422.0;3190.0;2466.3;335.2
17;82;6;2210.0;2364.2;2442.5;2539.5;3150.0;2525.8;299.4
17;83;6;1980.0;2050.8;2101.5;2276.0;3227.0;2296.3;429.7
17;84;6;1963.0;2128.2;2158.0;2462.2;2950.0;2318.5;334.9
17;85;6;1942.0;2088.8;2405.5;2561.0;3088.0;2406.2;383.6
17;86;6;1963.0;2075.2;2167.5;2506.5;3042.0;2334.0;375.6
17;87;6;2007.0;2202.0;2203.0;2414.8;2949.0;2341.5;305.3
17;88;6;2074.0;2167.0;2309.0;2536.5;3045.0;2411.5;329.1
17;89;6;1792.0;2072.2;2266.0;2422.2;3055.0;2310.2;397.8
17;90;6;2094.0;2165.0;2276.5;2364.8;2994.0;2360.5;299.6
17;91;6;2052.0;2168.8;2266.0;2442.0;2967.0;2364.7;301.3
17;92;6;1940.0;2194.2;2346.5;2451.5;2913.0;2362.7;299.9
17;93;6;2191.0;2308.2;2365.0;2429.2;3103.0;2460.7;297.9
17;94;6;1873.0;2162.5;2216.5;2269.8;2968.0;2284.3;332.9
17;95;6;2042.0;2073.8;2152.5;2385.8;3114.0;2328.7;376.4
17;96;6;2059.0;2070.5;2236.5;2410.8;2762.0;2296.3;258.0
17;97;6;1976.0;2311.8;2373.5;2413.5;3033.0;2412.3;314.5
17;98;6;1925.0;1985.8;2041.0;2271.0;2773.0;2182.5;296.7
17;99;6;1810.0;2145.5;2165.0;2267.0;2843.0;2237.2;308.9
18;0;6;3606.0;3928.5;4394.5;4406.8;4471.0;4175.0;347.3
18;1;6;3318.0;3782.8;4393.5;4458.2;4520.0;4114.0;476.1
18;2;6;3835.0;4021.5;4432.5;4466.2;4495.0;4259.5;283.7
18;3;6;3149.0;3667.2;4337.5;4407.0;4477.0;4029.2;522.9
18;4;6;3434.0;3859.0;4456.5;4485.5;4561.0;4177.2;450.0
18;5;6;3491.0;3868.5;4472.0;4530.2;4570.0;4203.7;445.5
18;6;6;3443.0;3862.8;4390.0;4413.2;4495.0;4137.7;412.2
18;7;6;3266.0;3812.0;4301.0;4376.8;4456.0;4062.5;444.9
18;8;6;3636.0;3943.5;4462.5;4592.2;4602.0;4261.5;394.3
18;9;6;3520.0;3772.5;4331.5;4393.2;4412.0;4099.2;384.7
18;10;6;3130.0;3742.0;4301.5;4381.0;4482.0;4029.7;501.7
18;11;6;3148.0;3801.0;4288.5;4382.2;4420.0;4032.8;476.1
18;12;6;3309.0;3581.0;4197.5;4231.2;4291.0;3935.5;418.5
18;13;6;3015.0;3655.5;4445.5;4469.8;4515.0;4048.5;606.6
18;14;6;3273.0;3523.0;4286.5;4378.0;4397.0;3986.7;503.7
18;15;6;3129.0;3576.2;4262.0;4337.2;4369.0;3955.3;511.0
18;16;6;2830.0;3668.2;4297.0;4308.5;4366.0;3926.8;582.0
18;17;6;3281.0;3621.2;4119.5;4515.8;4533.0;4026.0;506.4
18;18;6;3345.0;3402.8;3990.0;4482.0;4492.0;3945.0;541.8
18;19;6;3116.0;3182.2;3807.5;4359.2;4408.0;3776.0;599.0
18;20;6;3168.0;3280.8;3754.0;4159.8;4297.0;3731.8;475.0
18;21;6;3219.0;3286.8;3704.5;4182.2;4265.0;3730.3;462.3
18;22;6;2927.0;3561.8;3996.0;4185.0;4192.0;3796.0;467.7
18;23;6;3166.0;3228.5;3760.5;4201.8;4265.0;3725.3;489.9
18;24;6;3139.0;3330.2;3912.5;4344.0;4388.0;3829.3;538.8
18;25;6;3076.0;3089.5;3597.0;4137.5;4180.0;3614.7;525.0
18;26;6;3115.0;3305.0;3822.0;4270.0;4345.0;3776.0;517.2
18;27;6;3116.0;3248.5;3880.5;4313.0;4359.0;3788.5;548.2
18;28;6;3174.0;3234.2;3755.5;4178.5;4276.0;3723.5;482.3
18;29;6;3127.0;3163.0;3643.5;4104.5;4123.0;3633.0;468.4
18;30;6;2916.0;3148.2;3621.5;4075.2;4155.0;3588.5;506.6
18;31;6;3065.0;3203.5;3638.0;3923.2;4148.0;3594.3;414.5
18;32;6;2982.0;3209.2;3691.5;4107.0;4128.0;3631.2;484.3
18;33;6;2926.0;3149.2;3561.0;3876.8;3959.0;3500.2;409.0
18;34;6;2934.0;3173.2;3574.0;3983.8;4009.0;3541.8;447.9
18;35;6;2847.0;3100.0;3591.5;4061.2;4085.0;3544.8;530.6
18;36;6;2880.0;2996.2;3463.0;3845.8;3862.0;3413.7;438.6
18;37;6;2924.0;3001.0;3457.5;3974.8;4063.0;3483.0;508.5
18;38;6;2678.0;2815.8;3388.0;4128.2;4228.0;3447.0;679.5
18;39;6;2644.0;2847.2;3638.5;4092.2;4114.0;3477.0;643.0
18;40;6;2883.0;3083.5;3582.5;4048.5;4092.0;3543.5;509.7
18;41;6;2930.0;3090.5;3752.0;4097.0;4115.0;3605.2;516.7
18;42;6;2831.0;3150.8;3604.0;3893.0;3901.0;3488.2;429.8
18;43;6;2775.0;2810.5;3375.0;3965.8;3978.0;3381.3;581.3
18;44;6;2450.0;2770.2;3294.5;3762.5;3799.0;3225.3;555.1
18;45;6;2974.0;3163.0;3522.0;3790.2;3864.0;3467.5;357.2
18;46;6;2748.0;2874.5;3457.5;3689.5;3810.0;3320.0;440.5
18;47;6;2408.0;2958.2;3597.0;3876.5;3892.0;3368.2;574.9
18;48;6;2531.0;2821.0;3159.5;3668.2;3862.0;3209.7;495.9
18;49;6;2769.0;2787.0;3045.0;3568.5;3880.0;3197.2;447.9
18;50;6;2417.0;2675.0;2996.0;3556.2;3920.0;3106.7;546.3
18;51;6;2304.0;2624.2;3018.5;3526.8;3681.0;3035.2;520.0
18;52;6;2432.0;2651.5;2766.5;3381.0;3573.0;2956.2;448.8
18;53;6;2506.0;2798.2;3000.0;3639.0;3826.0;3152.5;503.9
18;54;6;2631.0;2771.5;2987.0;3443.2;3685.0;3097.5;402.4
18;55;6;2314.0;2579.0;2989.0;3637.5;3843.0;3071.8;599.7
18;56;6;2298.0;2422.0;2805.5;3311.2;3482.0;2860.8;479.7
18;57;6;2454.0;2499.0;2657.0;3328.8;3610.0;2896.2;485.7
18;58;6;2480.0;2773.5;3018.0;3462.8;3593.0;3068.7;413.5
18;59;6;2454.0;2647.0;2816.5;3357.2;3551.0;2961.0;422.7
18;60;6;2284.0;2434.8;2718.5;3282.8;3449.0;2830.2;467.6
18;61;6;2489.0;2507.8;2560.0;3226.5;3442.0;2831.7;430.0
18;62;6;2645.0;2696.0;2849.5;3381.0;3527.0;3012.3;375.3
18;63;6;2372.0;2704.5;2822.5;3287.0;3454.0;2929.7;393.7
18;64;6;2105.0;2531.0;2796.0;3320.5;3492.0;2854.5;500.1
18;65;6;2692.0;2714.5;2742.5;3254.2;3421.0;2954.7;330.0
18;66;6;2564.0;2645.8;2677.5;3194.5;3515.0;2906.0;380.3
18;67;6;2260.0;2516.8;2753.5;3093.0;3173.0;2764.0;340.3
18;68;6;2435.0;2767.0;2867.5;3190.8;3275.0;2912.8;296.8
18;69;6;2515.0;2617.8;2797.5;3252.5;3425.0;2916.2;360.3
18;70;6;2358.0;2543.2;2759.0;3250.8;3452.0;2869.0;416.5
18;71;6;2300.0;2374.0;2589.5;3145.5;3398.0;2751.7;446.6
18;72;6;2438.0;2510.5;2744.5;3292.0;3539.0;2895.5;447.0
18;73;6;2381.0;2472.0;2495.0;3214.0;3455.0;2790.7;469.6
18;74;6;2579.0;2750.2;2951.5;3395.0;3551.0;3043.2;375.1
18;75;6;2368.0;2622.8;2668.0;3074.8;3287.0;2801.5;332.6
18;76;6;2225.0;2380.5;2733.0;3267.8;3405.0;2800.8;474.0
18;77;6;2358.0;2412.0;2671.0;3204.5;3353.0;2793.5;417.9
18;78;6;2150.0;2345.8;2623.0;3134.2;3292.0;2707.7;444.2
18;79;6;2223.0;2289.8;2702.5;3251.0;3415.0;2771.5;494.3
18;80;6;2320.0;2379.8;2492.5;2579.0;3263.0;2586.3;317.8
18;81;6;2442.0;2461.5;2536.5;2865.0;3455.0;2730.2;368.8
18;82;6;2392.0;2527.0;2602.0;2749.0;3406.0;2717.0;330.7
18;83;6;2021.0;2275.5;2399.0;2490.2;3375.0;2491.5;424.7
18;84;6;2300.0;2589.2;2693.0;2764.5;3220.0;2708.2;276.5
18;85;6;2334.0;2413.8;2487.5;2668.5;3258.0;2614.2;312.8
18;86;6;2322.0;2378.2;2468.5;2494.2;3304.0;2569.0;335.0
18;87;6;2423.0;2494.0;2552.5;2611.8;3348.0;2663.7;313.0
18;88;6;2085.0;2278.8;2425.5;2556.5;3130.0;2482.7;331.7
18;89;6;2016.0;2090.2;2175.0;2261.2;3145.0;2310.5;383.1
18;90;6;1848.0;2373.2;2439.5;2517.8;3167.0;2464.8;385.6
18;91;6;2241.0;2433.0;2490.5;2655.2;3081.0;2571.2;265.7
18;92;6;2179.0;2220.5;2248.5;2401.0;2989.0;2388.0;281.9
18;93;6;2012.0;2217.0;2426.0;2464.0;3068.0;2426.0;331.4
18;94;6;2021.0;2138.5;2203.5;2509.2;3048.0;2367.3;353.0
18;95;6;1967.0;2056.8;2345.0;2444.2;2805.0;2316.7;291.3
18;96;6;2259.0;2285.2;2310.0;2366.2;2883.0;2404.0;217.7
18;97;6;2252.0;2291.5;2380.0;2502.2;3015.0;2472.0;260.0
18;98;6;1783.0;2013.5;2255.0;2510.0;2793.0;2269.0;351.3
18;99;6;2094.0;2238.8;2283.0;2421.8;2769.0;2353.5;214.8
19;0;6;3284.0;3578.8;4412.5;4427.2;4432.0;4045.7;531.3
19;1;6;3143.0;3609.5;4307.0;4373.8;4390.0;3986.7;517.3
19;2;6;3172.0;3737.8;4236.5;4260.5;4335.0;3970.0;439.3
19;3;6;3390.0;3680.0;4443.5;4469.8;4524.0;4117.5;501.2
19;4;6;3324.0;3595.8;4248.5;4278.0;4344.0;3971.8;439.4
19;5;6;3544.0;3826.0;4270.5;4310.8;4369.0;4076.0;329.6
19;6;6;3504.0;3693.5;4315.5;4404.2;4481.0;4089.3;418.5
19;7;6;3337.0;3852.0;4357.0;4386.5;4541.0;4112.0;440.8
19;8;6;3170.0;3535.0;4326.0;4401.5;4427.0;3991.2;544.3
19;9;6;2996.0;3695.2;4265.0;4313.5;4453.0;3969.0;529.5
19;10;6;3203.0;3721.2;4297.5;4372.8;4422.0;4024.5;472.3
19;11;6;3326.0;3684.8;4421.0;4448.5;4482.0;4091.2;500.7
19;12;6;3156.0;3593.0;4348.0;4441.5;4477.0;4023.8;551.3
19;13;6;3182.0;3805.0;4197.5;4266.0;4416.0;3992.7;426.8
19;14;6;3153.0;3633.8;4329.5;4420.0;4493.0;4026.2;536.6
19;15;6;3269.0;3673.8;4249.5;4378.2;4387.0;4009.7;449.6
19;16;6;3202.0;3666.2;4384.5;4423.2;4488.0;4053.7;526.3
19;17;6;3181.0;3306.2;3943.0;4327.0;4375.0;3831.8;520.5
19;18;6;3143.0;3242.5;3818.0;4218.0;4320.0;3750.2;507.7
19;19;6;2926.0;3396.5;3883.5;4260.2;4332.0;3774.2;532.1
19;20;6;3190.0;3475.5;4002.5;4343.5;4373.0;3887.5;483.8
19;21;6;3204.0;3420.2;3963.0;4388.0;4422.0;3886.8;511.2
19;22;6;3072.0;3430.8;3893.5;4228.8;4322.0;3799.7;480.7
19;23;6;3008.0;3259.5;3981.5;4355.5;4390.0;3810.0;583.2
19;24;6;3247.0;3276.8;3789.5;4339.8;4365.0;3803.3;532.9
19;25;6;3062.0;3246.8;3711.5;4182.2;4233.0;3691.5;495.1
19;26;6;2931.0;3192.0;3669.5;4192.8;4250.0;3653.3;552.8
19;27;6;2995.0;3196.0;3743.0;4211.2;4230.0;3682.0;534.3
19;28;6;3066.0;3380.5;3735.0;4122.5;4141.0;3698.5;435.7
19;29;6;3013.0;3234.2;3862.0;4187.5;4223.0;3713.5;509.6
19;30;6;2942.0;3044.5;3680.0;4151.2;4173.0;3602.7;559.6
19;31;6;3067.0;3114.8;3664.0;4133.0;4252.0;3644.7;529.3
19;32;6;2972.0;3020.8;3521.0;3913.2;4068.0;3496.7;472.8
19;33;6;2777.0;2874.8;3440.0;3976.8;4085.0;3430.7;575.9
19;34;6;2912.0;3118.5;3748.0;4121.0;4129.0;3615.2;525.3
19;35;6;2971.0;3165.8;3623.0;4005.2;4021.0;3564.0;447.7
19;36;6;2734.0;3166.8;3667.0;4029.2;4061.0;3546.5;516.7
19;37;6;3165.0;3241.2;3706.0;4026.0;4044.0;3640.0;396.4
19;38;6;2746.0;2882.8;3467.5;4080.0;4128.0;3463.5;621.0
19;39;6;3024.0;3141.8;3549.5;3824.5;3891.0;3489.3;361.4
19;40;6;2674.0;2965.2;3551.0;3862.2;3898.0;3401.7;500.3
19;41;6;2763.0;3105.0;3472.5;3716.2;3732.0;3370.0;374.2
19;42;6;3091.0;3291.5;3632.5;3924.0;3972.0;3587.8;360.4
19;43;6;2700.0;2819.2;3321.5;3679.8;3695.0;3248.2;440.1
19;44;6;2454.0;2954.8;3393.0;3640.8;3676.0;3241.3;456.0
19;45;6;2673.0;3069.2;3509.0;3811.5;3839.0;3394.2;450.3
19;46;6;2401.0;2651.8;3279.5;3674.0;3783.0;3165.2;562.3
19;47;6;2551.0;2758.2;3090.5;3419.8;3428.0;3056.2;369.9
19;48;6;2481.0;2575.8;2914.0;3389.5;3608.0;2988.0;448.6
19;49;6;2558.0;2603.2;2787.0;3414.0;3650.0;2991.2;458.7
19;50;6;2449.0;2657.5;2693.0;3300.0;3737.0;2953.3;480.4
19;51;6;2312.0;2618.5;2729.5;3299.5;3510.0;2892.0;449.5
19;52;6;2504.0;2575.0;2654.5;3145.0;3310.0;2830.0;338.3
19;53;6;2706.0;2822.5;3062.0;3460.5;3565.0;3121.8;343.2
19;54;6;2488.0;2545.0;2647.5;3185.8;3415.0;2845.7;384.1
19;55;6;2265.0;2605.8;2734.5;3199.2;3396.0;2841.2;404.2
19;56;6;2441.0;2665.0;2803.5;3215.8;3379.0;2899.8;345.6
19;57;6;2373.0;2497.2;2724.0;3249.2;3460.0;2854.5;431.2
19;58;6;2358.0;2385.0;2537.5;2925.5;3040.0;2643.7;289.2
19;59;6;2179.0;2321.8;2492.5;2924.2;3049.0;2591.0;341.8
19;60;6;2356.0;2554.8;2638.0;3039.2;3200.0;2755.3;318.9
19;61;6;2541.0;2575.0;2616.0;3311.8;3536.0;2902.3;447.9
19;62;6;2256.0;2367.0;2457.0;3288.8;3546.0;2769.8;553.2
19;63;6;2312.0;2434.0;2466.5;3190.5;3430.0;2755.0;477.9
19;64;6;2613.0;2756.0;2890.5;3355.0;3507.0;3020.3;352.7
19;65;6;2275.0;2538.8;2822.5;3270.5;3486.0;2878.3;448.5
19;66;6;2285.0;2540.2;2769.0;3178.5;3315.0;2819.5;387.7
19;67;6;2128.0;2370.5;2462.5;2898.8;3034.0;2578.5;338.8
19;68;6;2120.0;2225.2;2313.5;2868.2;3254.0;2541.7;437.4
19;69;6;2358.0;2416.8;2477.5;3013.8;3229.0;2688.5;371.7
19;70;6;2381.0;2451.8;2515.5;2879.2;3040.0;2647.2;264.5
19;71;6;2091.0;2155.0;2390.0;2804.2;3101.0;2498.5;386.1
19;72;6;2293.0;2367.2;2446.0;2795.5;2907.0;2557.5;252.2
19;73;6;2231.0;2313.5;2390.0;2881.2;3052.0;2566.0;342.5
19;74;6;2108.0;2238.5;2514.5;3000.5;3164.0;2601.7;427.0
19;75;6;2255.0;2460.0;2602.5;3061.5;3238.0;2720.8;371.2
19;76;6;2165.0;2291.2;2437.5;2898.8;3051.0;2564.3;353.3
19;77;6;2157.0;2163.0;2408.5;2993.0;3170.0;2568.8;438.1
19;78;6;2304.0;2475.5;2501.0;2865.5;3174.0;2655.7;310.9
19;79;6;2347.0;2450.2;2517.5;2911.0;3085.0;2656.2;292.5
19;80;6;2147.0;2233.5;2368.0;2491.2;3234.0;2473.0;362.7
19;81;6;1935.0;2204.8;2376.0;2424.2;2917.0;2365.3;299.9
19;82;6;2259.0;2442.0;2569.5;2750.2;3185.0;2632.2;297.6
19;83;6;1970.0;2258.0;2399.5;2576.2;3051.0;2444.3;339.5
19;84;6;2075.0;2291.5;2366.0;2583.0;2977.0;2451.0;289.2
19;85;6;1982.0;2207.8;2382.0;2471.5;3065.0;2410.3;337.9
19;86;6;2126.0;2261.5;2442.0;2577.5;3089.0;2487.2;313.1
19;87;6;2082.0;2403.8;2477.0;2551.8;3040.0;2505.3;285.5
19;88;6;2213.0;2331.2;2393.5;2429.5;2876.0;2438.0;209.2
19;89;6;2072.0;2217.8;2316.5;2473.8;3013.0;2404.8;303.7
19;90;6;2133.0;2271.0;2361.0;2632.5;3088.0;2484.5;322.2
19;91;6;2213.0;2346.0;2531.5;2609.8;3058.0;2542.3;272.2
19;92;6;2118.0;2172.0;2333.0;2452.0;3084.0;2413.0;326.8
19;93;6;2140.0;2367.0;2496.5;2618.5;3226.0;2557.0;340.3
19;94;6;1881.0;2349.8;2538.5;2639.5;3090.0;2501.3;365.8
19;95;6;2099.0;2142.2;2300.0;2414.2;3015.0;2376.0;310.5
19;96;6;2008.0;2397.5;2432.0;2498.8;3242.0;2503.5;368.5
19;97;6;2052.0;2339.8;2394.0;2513.5;3206.0;2486.8;354.5
19;98;6;2196.0;2281.5;2436.0;2572.5;3247.0;2527.2;350.0
19;99;6;2156.0;2181.2;2303.5;2602.0;3214.0;2469.8;377.5
20;0;6;3493.0;3835.0;4590.5;4647.0;4659.0;4263.7;510.1
20;1;6;3521.0;3821.2;4356.0;4395.0;4437.0;4120.2;382.6
20;2;6;3340.0;3969.2;4396.0;4452.2;4497.0;4154.5;426.2
20;3;6;3600.0;3775.2;4250.0;4256.8;4281.0;4042.8;307.0
20;4;6;3188.0;3707.8;4343.0;4400.0;4436.0;4037.5;497.8
20;5;6;3370.0;3696.5;4398.5;4424.0;4464.0;4087.7;474.3
20;6;6;3561.0;3834.0;4517.5;4551.5;4604.0;4228.2;454.1
20;7;6;3305.0;3675.0;4442.0;4501.8;4506.0;4106.0;523.1
20;8;6;3328.0;3608.0;4354.5;4416.2;4454.0;4047.8;496.5
20;9;6;3368.0;3726.5;4320.0;4414.8;4454.0;4072.8;443.5
20;10;6;3500.0;3776.2;4299.5;4348.0;4369.0;4072.3;370.2
20;11;6;3184.0;3748.5;4440.0;4544.2;4573.0;4122.3;552.8
20;12;6;3240.0;3519.2;4311.5;4387.5;4406.0;3989.5;520.6
20;13;6;3506.0;3944.5;4426.5;4535.8;4562.0;4212.8;407.8
20;14;6;3096.0;3810.2;4367.0;4416.0;4440.0;4054.5;512.1
20;15;6;3233.0;3671.5;4291.5;4334.8;4416.0;4007.7;472.1
20;16;6;3035.0;3412.5;4281.0;4312.5;4392.0;3905.8;585.1
20;17;6;3137.0;3509.5;4002.0;4327.2;4407.0;3888.2;490.0
20;18;6;3169.0;3489.2;3915.0;4302.5;4307.0;3847.5;469.8
20;19;6;3065.0;3366.8;4117.5;4477.5;4533.0;3924.5;608.2
20;20;6;3530.0;3571.0;3961.0;4372.8;4403.0;3967.7;404.4
20;21;6;3144.0;3357.8;3930.0;4272.8;4304.0;3810.3;488.6
20;22;6;3116.0;3160.2;3674.0;4174.2;4202.0;3666.0;514.3
20;23;6;3135.0;3299.2;3745.5;4222.5;4291.0;3741.5;494.2
20;24;6;3071.0;3173.8;3730.0;4325.2;4348.0;3731.8;590.8
20;25;6;3076.0;3175.2;3710.5;4251.0;4285.0;3701.7;556.1
20;26;6;3049.0;3152.0;3668.5;4065.8;4158.0;3620.3;479.2
20;27;6;2736.0;3278.2;3767.5;4173.5;4234.0;3654.8;561.3
20;28;6;2966.0;3035.8;3573.5;4100.8;4232.0;3579.7;562.7
20;29;6;2894.0;3115.5;3791.5;4124.8;4225.0;3638.0;547.4
20;30;6;3070.0;3274.2;3683.0;3999.5;4124.0;3633.8;412.8
20;31;6;3100.0;3238.5;3764.0;4092.2;4126.0;3669.8;439.5
20;32;6;3074.0;3183.5;3610.5;4072.0;4111.0;3612.2;459.7
20;33;6;2905.0;3074.5;3630.0;4135.2;4267.0;3604.2;576.7
20;34;6;2606.0;3042.0;3553.0;4009.2;4113.0;3476.3;583.7
20;35;6;2920.0;3031.5;3654.5;4152.2;4181.0;3592.0;567.9
20;36;6;2615.0;2844.5;3543.5;3828.5;3994.0;3371.8;552.1
20;37;6;2801.0;2994.8;3473.5;3869.0;3889.0;3412.2;462.6
20;38;6;2781.0;2844.8;3361.5;3941.2;4011.0;3387.0;550.2
20;39;6;2714.0;3035.0;3477.5;3911.8;3953.0;3427.7;501.7
20;40;6;2968.0;3062.5;3440.5;3781.8;3879.0;3426.7;389.5
20;41;6;2776.0;2917.0;3449.0;3726.8;3747.0;3330.0;417.9
20;42;6;2616.0;2711.5;3211.5;3767.8;3826.0;3227.2;533.0
20;43;6;2700.0;2743.5;3283.5;3810.8;3849.0;3277.7;531.4
20;44;6;2608.0;2847.8;3341.0;3765.2;3904.0;3297.3;520.5
20;45;6;2514.0;2649.5;3319.5;3715.8;3841.0;3211.3;554.4
20;46;6;2815.0;2916.8;3350.0;3666.2;3690.0;3291.5;386.1
20;47;6;2599.0;2695.5;3351.5;3737.5;3774.0;3236.5;525.4
20;48;6;2498.0;2613.2;2839.5;3359.0;3618.0;2977.5;434.8
20;49;6;2546.0;2699.2;2815.0;3418.2;3733.0;3031.5;458.4
20;50;6;2572.0;2631.8;2810.5;3416.0;3639.0;3003.7;447.2
20;51;6;2655.0;3142.5;3188.5;3516.5;3713.0;3249.7;347.2
20;52;6;2724.0;2803.8;2875.0;3577.8;3852.0;3153.0;479.1
20;53;6;2603.0;2677.8;2784.5;3389.2;3661.0;3011.0;434.2
20;54;6;2223.0;2684.5;2821.0;3391.8;3560.0;2941.0;482.5
20;55;6;2692.0;2716.0;2900.0;3425.2;3585.0;3055.3;382.0
20;56;6;2480.0;2590.8;2631.0;3224.0;3432.0;2862.2;399.2
20;57;6;2490.0;2533.2;2652.5;3238.2;3550.0;2878.7;437.9
20;58;6;2623.0;2888.8;3217.5;3588.2;3739.0;3214.7;413.0
20;59;6;2362.0;2433.0;2795.0;3475.0;3686.0;2942.0;549.8
20;60;6;2453.0;2527.5;2605.0;3079.2;3327.0;2788.2;350.8
20;61;6;2606.0;2662.2;2785.5;3409.8;3612.0;3004.7;432.9
20;62;6;2110.0;2200.0;2601.0;3030.5;3196.0;2624.7;436.7
20;63;6;2165.0;2431.8;2716.0;3255.2;3496.0;2810.8;494.3
20;64;6;2361.0;2389.5;2420.0;3077.5;3314.0;2698.5;428.1
20;65;6;2105.0;2390.0;2622.0;3042.2;3194.0;2673.0;401.8
20;66;6;2354.0;2415.2;2552.5;3029.5;3266.0;2713.8;370.1
20;67;6;2298.0;2463.2;2726.5;3199.0;3329.0;2802.0;406.6
20;68;6;2247.0;2282.2;2512.5;3175.5;3338.0;2702.0;473.2
20;69;6;2308.0;2440.5;2619.5;3310.0;3627.0;2849.2;529.9
20;70;6;2112.0;2214.0;2343.0;2991.0;3380.0;2592.7;500.7
20;71;6;2251.0;2260.8;2490.5;3145.5;3426.0;2701.0;492.6
20;72;6;2256.0;2323.8;2587.5;3020.8;3180.0;2668.7;374.0
20;73;6;2082.0;2407.5;2452.5;3012.0;3222.0;2633.3;426.7
20;74;6;2302.0;2422.5;2477.5;3234.5;3540.0;2781.3;518.1
20;75;6;2323.0;2387.8;2579.0;3046.2;3198.0;2700.8;360.4
20;76;6;2123.0;2351.2;2403.0;3042.0;3258.0;2629.3;452.3
20;77;6;2180.0;2198.8;2394.0;3038.5;3207.0;2593.7;449.3
20;78;6;2136.0;2432.8;2508.0;3034.0;3249.0;2669.7;414.7
20;79;6;2027.0;2229.0;2434.0;2971.2;3195.0;2566.8;446.7
20;80;6;2197.0;2295.2;2415.5;2616.0;3077.0;2507.2;295.7
20;81;6;2126.0;2162.5;2324.0;2538.8;2987.0;2413.3;302.0
20;82;6;2174.0;2468.8;2564.5;2619.0;3104.0;2580.2;277.5
20;83;6;2201.0;2278.0;2360.5;2572.8;3225.0;2506.8;348.7
20;84;6;1998.0;2222.2;2366.5;2607.5;3249.0;2473.7;402.7
20;85;6;2215.0;2303.5;2515.5;2624.8;3194.0;2555.7;325.7
20;86;6;1810.0;2319.0;2461.0;2707.2;3282.0;2512.5;449.5
20;87;6;2295.0;2482.0;2526.5;2625.8;3332.0;2634.3;329.7
20;88;6;2027.0;2083.8;2177.5;2320.0;3206.0;2334.7;404.1
20;89;6;2124.0;2274.2;2603.5;2794.8;3309.0;2610.5;400.4
20;90;6;2129.0;2446.5;2533.5;2602.5;3280.0;2586.5;347.3
20;91;6;1949.0;2192.8;2291.5;2532.8;3363.0;2444.7;453.7
20;92;6;2238.0;2295.0;2358.5;2547.2;3105.0;2490.7;298.9
20;93;6;1867.0;2087.5;2317.5;2323.2;3002.0;2306.7;357.0
20;94;6;2037.0;2271.5;2471.0;2525.0;3182.0;2484.8;357.1
20;95;6;2243.0;2290.8;2357.0;2417.2;3110.0;2462.2;296.2
20;96;6;2085.0;2321.5;2381.0;2436.8;3223.0;2471.2;355.6
20;97;6;2217.0;2366.5;2510.5;2549.5;3201.0;2553.3;313.2
20;98;6;2381.0;2493.5;2611.5;2826.2;3261.0;2702.8;295.3
20;99;6;2239.0;2328.2;2434.0;2821.0;3344.0;2615.7;397.8
21;0;6;3394.0;3635.5;4411.5;4481.8;4496.0;4099.2;499.6
21;1;6;3206.0;3713.2;4488.0;4596.8;4621.0;4148.5;581.2
21;2;6;3485.0;3915.8;4296.0;4314.0;4499.0;4114.2;355.0
21;3;6;3443.0;3954.8;4336.5;4434.0;4487.0;4149.5;381.1
21;4;6;3263.0;3839.5;4406.0;4463.2;4492.0;4116.7;477.3
21;5;6;3258.0;3536.5;4224.5;4434.8;4492.0;4001.8;511.2
21;6;6;3167.0;3823.8;4496.0;4542.0;4563.0;4146.5;554.1
21;7;6;3675.0;4034.0;4460.5;4497.8;4532.0;4255.0;338.6
21;8;6;3257.0;3606.0;4369.0;4469.0;4475.0;4054.0;525.5
21;9;6;3441.0;3909.5;4486.5;4511.5;4527.0;4196.3;442.8
21;10;6;3362.0;3707.8;4353.0;4405.0;4415.0;4066.3;451.1
21;11;6;3365.0;4105.2;4480.5;4485.2;4584.0;4229.5;433.3
21;12;6;3469.0;3974.2;4306.0;4374.5;4406.0;4124.7;344.7
21;13;6;3485.0;3754.8;4473.0;4525.2;4546.0;4172.5;473.2
21;14;6;3256.0;3699.5;4196.0;4266.5;4312.0;3964.0;410.1
21;15;6;3272.0;3911.0;4288.5;4339.0;4351.0;4056.8;400.0
21;16;6;3401.0;3668.5;4352.0;4404.8;4424.0;4065.3;456.7
21;17;6;3276.0;3399.5;3909.0;4397.5;4421.0;3884.2;515.9
21;18;6;3438.0;3564.2;4013.5;4353.2;4432.0;3963.0;419.9
21;19;6;3094.0;3566.2;3990.0;4302.8;4409.0;3885.8;485.5
21;20;6;3185.0;3487.5;4086.5;4333.8;4371.0;3905.5;480.8
21;21;6;3076.0;3116.8;3640.0;4132.5;4201.0;3632.7;514.2
21;22;6;3171.0;3516.2;3977.5;4318.8;4329.0;3875.0;465.4
21;23;6;3062.0;3129.0;3786.0;4330.5;4366.0;3737.0;594.6
21;24;6;3122.0;3293.5;3849.0;4262.0;4277.0;3767.5;506.4
21;25;6;3214.0;3477.2;3847.5;4204.2;4245.0;3805.2;421.0
21;26;6;3079.0;3178.5;3725.5;4243.2;4259.0;3700.2;543.4
21;27;6;2989.0;3403.8;3846.0;4157.0;4224.0;3737.0;466.6
21;28;6;2998.0;3220.5;3918.5;4287.2;4317.0;3758.3;562.9
21;29;6;3191.0;3510.8;3924.0;4225.5;4279.0;3836.2;426.5
21;30;6;3105.0;3385.8;3756.5;4038.0;4158.0;3695.0;391.7
21;31;6;2793.0;3220.8;3760.5;4001.0;4065.0;3583.5;485.5
21;32;6;3139.0;3165.2;3702.0;4236.5;4288.0;3705.3;540.4
21;33;6;2791.0;3042.5;3633.5;4055.0;4107.0;3534.3;545.9
21;34;6;3159.0;3232.0;3649.0;3903.2;3965.0;3583.8;346.2
21;35;6;3161.0;3234.2;3587.5;3925.8;3946.0;3572.8;358.8
21;36;6;2943.0;3252.8;3705.5;4126.0;4187.0;3651.5;505.2
21;37;6;2695.0;3143.2;3617.0;4118.5;4238.0;3573.0;579.4
21;38;6;2739.0;2814.2;3392.5;3937.8;4017.0;3380.3;569.3
21;39;6;2819.0;3105.8;3538.0;4007.0;4043.0;3510.5;501.9
21;40;6;2852.0;3070.8;3446.0;3841.5;3898.0;3426.8;423.2
21;41;6;2908.0;3075.0;3582.0;3996.8;4027.0;3523.3;479.7
21;42;6;2834.0;3354.0;3756.5;3946.0;3993.0;3594.8;422.8
21;43;6;2546.0;3072.0;3565.0;4045.2;4094.0;3480.5;598.6
21;44;6;3115.0;3201.5;3683.5;3990.0;4000.0;3602.5;399.2
21;45;6;2862.0;3120.0;3494.0;3875.5;3886.0;3455.7;427.1
21;46;6;2943.0;3045.8;3540.0;3870.0;3879.0;3460.5;420.2
21;47;6;2361.0;2874.8;3296.0;3697.0;3714.0;3205.3;524.4
21;48;6;2708.0;2826.2;2956.5;3642.5;3848.0;3187.2;474.1
21;49;6;2727.0;2823.8;2999.5;3600.5;3786.0;3179.7;440.3
21;50;6;2548.0;2742.0;2891.0;3552.2;3761.0;3092.7;483.9
21;51;6;2693.0;2815.2;3020.0;3437.0;3565.0;3103.5;345.1
21;52;6;2459.0;2529.0;2765.5;3537.5;3901.0;3022.7;592.7
21;53;6;2717.0;2818.2;2903.0;3452.8;3767.0;3119.3;414.4
21;54;6;2527.0;2620.2;2890.5;3495.2;3682.0;3036.2;473.7
21;55;6;2555.0;2835.2;3136.0;3662.5;3828.0;3204.7;482.5
21;56;6;2502.0;2547.5;2626.5;3513.2;3813.0;2983.0;583.7
21;57;6;2488.0;2674.8;2743.0;3422.5;3711.0;2997.7;485.0
21;58;6;2544.0;3038.0;3264.0;3622.0;3758.0;3255.7;424.0
21;59;6;2805.0;2948.2;3226.0;3701.0;3894.0;3311.0;425.0
21;60;6;2497.0;2590.8;2666.5;3356.5;3791.0;2962.2;518.8
21;61;6;2517.0;2653.2;2796.0;3490.8;3690.0;3021.2;485.3
21;62;6;2524.0;2779.0;3014.5;3589.0;3796.0;3138.3;484.1
21;63;6;2469.0;2563.2;2641.5;3405.2;3701.0;2941.7;523.3
21;64;6;2432.0;2561.2;3000.5;3400.0;3631.0;3002.0;467.9
21;65;6;2573.0;2593.0;2720.0;3384.8;3580.0;2958.3;444.5
21;66;6;2242.0;2590.8;2779.0;3356.5;3528.0;2900.8;477.8
21;67;6;2673.0;2785.8;3010.5;3456.5;3637.0;3107.8;378.7
21;68;6;2444.0;2556.2;2681.0;3219.8;3528.0;2874.7;420.4
21;69;6;2241.0;2392.8;2584.5;3131.8;3386.0;2739.8;444.7
21;70;6;2118.0;2314.8;2469.5;3121.5;3326.0;2664.2;481.0
21;71;6;2211.0;2580.8;2619.0;3146.2;3353.0;2782.0;414.7
21;72;6;2342.0;2572.5;2607.5;3160.8;3353.0;2802.7;395.1
21;73;6;2176.0;2386.0;2809.0;3233.5;3375.0;2798.2;465.9
21;74;6;2294.0;2347.0;2561.5;2995.0;3470.0;2717.0;435.0
21;75;6;2268.0;2370.5;2582.0;3075.5;3269.0;2706.8;398.6
21;76;6;2260.0;2525.5;2564.0;3043.5;3223.0;2721.2;361.5
21;77;6;1930.0;2188.8;2430.5;3012.8;3169.0;2545.8;476.5
21;78;6;2145.0;2287.5;2477.5;2930.0;3079.0;2580.7;365.9
21;79;6;2300.0;2328.2;2475.5;3048.8;3300.0;2678.3;416.4
21;80;6;2216.0;2390.8;2443.0;2616.8;3118.0;2544.7;288.6
21;81;6;2061.0;2447.0;2544.0;2666.5;3244.0;2585.8;354.0
21;82;6;2351.0;2563.5;2623.0;2722.2;3357.0;2708.8;313.6
21;83;6;1979.0;2216.2;2367.0;2593.5;3237.0;2464.2;402.1
21;84;6;2032.0;2216.2;2362.5;2428.5;3094.0;2411.5;334.6
21;85;6;2079.0;2249.2;2316.5;2425.8;2928.0;2388.2;266.8
21;86;6;2031.0;2120.5;2197.0;2484.2;3125.0;2370.8;379.2
21;87;6;2167.0;2245.8;2486.5;2610.2;3081.0;2506.3;308.7
21;88;6;2147.0;2283.2;2373.0;2550.5;3161.0;2486.2;331.5
21;89;6;2121.0;2333.2;2427.0;2556.0;3196.0;2512.0;337.3
21;90;6;2304.0;2355.0;2462.5;2597.8;3153.0;2557.3;288.0
21;91;6;2184.0;2213.2;2281.0;2553.5;3061.0;2440.3;315.7
21;92;6;1874.0;2047.5;2215.5;2316.8;2966.0;2268.8;348.6
21;93;6;2200.0;2291.0;2351.0;2406.5;3210.0;2468.0;338.9
21;94;6;1988.0;2234.5;2391.0;2517.5;3030.0;2423.7;325.0
21;95;6;1823.0;2174.2;2283.5;2401.0;3297.0;2377.5;452.3
21;96;6;2116.0;2286.8;2378.0;2420.5;3054.0;2436.2;294.9
21;97;6;2304.0;2479.8;2505.0;2513.8;3124.0;2571.0;257.7
21;98;6;2129.0;2308.2;2356.5;2408.5;2894.0;2409.0;235.5
21;99;6;1971.0;2194.5;2269.0;2531.8;3055.0;2392.2;350.9
22;0;6;3361.0;3893.8;4404.5;4449.5;4525.0;4147.2;440.1
22;1;6;3616.0;3875.2;4366.5;4392.0;4422.0;4147.2;343.3
22;2;6;3169.0;3831.0;4317.5;4371.2;4403.0;4044.2;464.7
22;3;6;3077.0;3838.5;4444.0;4481.0;4519.0;4102.3;549.6
22;4;6;3160.0;3691.2;4426.5;4463.5;4527.0;4077.0;551.5
22;5;6;3431.0;3671.0;4398.5;4485.5;4511.0;4113.7;478.0
22;6;6;3357.0;3741.0;4331.0;4373.5;4424.0;4062.5;437.0
22;7;6;3315.0;3598.5;4277.5;4290.5;4420.0;3992.8;460.7
22;8;6;3626.0;3853.5;4478.0;4561.0;4591.0;4234.5;422.4
22;9;6;3602.0;4118.5;4329.5;4337.2;4467.0;4186.0;289.5
22;10;6;3738.0;4097.2;4490.5;4540.2;4607.0;4308.2;330.0
22;11;6;3250.0;3822.5;4194.0;4238.5;4295.0;3980.8;381.3
22;12;6;3319.0;3603.0;4239.5;4267.0;4278.0;3957.2;426.2
22;13;6;3261.0;3550.0;4223.5;4297.8;4345.0;3950.2;464.9
22;14;6;3618.0;3826.2;4360.0;4401.0;4425.0;4137.7;354.4
22;15;6;3259.0;3752.5;4259.0;4404.0;4455.0;4044.7;457.5
22;16;6;3224.0;3868.8;4341.5;4401.0;4462.0;4083.5;456.3
22;17;6;3403.0;3621.2;4129.5;4667.0;4706.0;4111.0;554.5
22;18;6;3011.0;3788.8;4221.5;4419.5;4422.0;4001.0;515.1
22;19;6;3235.0;3391.2;3926.0;4278.5;4357.0;3842.2;473.9
22;20;6;3066.0;3196.5;3771.5;4315.0;4369.0;3746.5;578.2
22;21;6;3326.0;3494.0;4045.0;4487.2;4525.0;3981.0;519.9
22;22;6;3031.0;3222.8;3729.0;4200.0;4289.0;3698.2;515.1
22;23;6;3004.0;3115.8;3664.0;4316.5;4378.0;3696.2;614.8
22;24;6;3034.0;3257.8;3843.5;4436.0;4509.0;3821.0;615.5
22;25;6;2889.0;3525.2;3915.0;4311.5;4335.0;3815.5;538.0
22;26;6;3090.0;3321.5;3775.5;4219.0;4231.0;3734.8;493.9
22;27;6;3107.0;3336.2;3903.5;4351.5;4387.0;3824.8;540.2
22;28;6;2931.0;3206.5;3728.0;4239.8;4334.0;3694.0;564.7
22;29;6;2995.0;3180.8;3690.0;4188.0;4245.0;3664.2;532.6
22;30;6;3098.0;3135.5;3621.0;4026.2;4095.0;3595.0;454.8
22;31;6;3152.0;3157.0;3641.0;4203.0;4303.0;3687.2;533.8
22;32;6;3051.0;3119.8;3615.5;3968.8;4065.0;3564.7;438.1
22;33;6;2810.0;3264.8;3839.5;4144.2;4172.0;3663.3;532.6
22;34;6;2780.0;3066.2;3681.0;4085.8;4100.0;3554.0;553.8
22;35;6;2778.0;3281.2;3660.5;3913.0;3947.0;3533.0;433.5
22;36;6;2747.0;2954.8;3598.0;4036.5;4069.0;3489.2;567.0
22;37;6;2967.0;3091.5;3623.5;4018.2;4040.0;3553.0;476.2
22;38;6;2862.0;2996.0;3546.0;3833.5;3882.0;3429.7;437.0
22;39;6;2869.0;3146.8;3677.5;3948.8;4001.0;3539.0;454.2
22;40;6;2488.0;3012.2;3569.5;4052.5;4104.0;3461.8;630.0
22;41;6;2560.0;3127.5;3471.5;3808.0;3958.0;3399.0;496.3
22;42;6;2789.0;2965.2;3545.0;3930.5;4012.0;3453.7;509.1
22;43;6;2657.0;2704.5;3223.5;3705.0;3802.0;3217.2;506.8
22;44;6;2612.0;2896.5;3463.0;3895.2;3949.0;3372.3;538.9
22;45;6;2734.0;2887.0;3367.5;3735.5;3749.0;3300.5;444.5
22;46;6;2883.0;3211.5;3531.0;3856.5;3913.0;3488.0;400.4
22;47;6;2294.0;2817.0;3150.5;3460.8;3608.0;3078.8;464.1
22;48;6;2455.0;2643.0;2809.0;3379.2;3563.0;2965.5;433.2
22;49;6;2606.0;2667.2;2843.5;3493.8;3686.0;3049.7;459.6
22;50;6;2623.0;2699.8;2835.0;3245.5;3411.0;2956.8;314.5
22;51;6;2499.0;2701.8;2787.5;3453.8;3674.0;3016.2;468.7
22;52;6;2531.0;2586.0;2737.5;3441.0;3783.0;3000.0;516.7
22;53;6;2551.0;2800.2;2957.0;3598.2;3819.0;3140.7;496.0
22;54;6;2604.0;2853.5;2872.0;3456.8;3728.0;3095.8;429.2
22;55;6;2502.0;2781.0;2832.0;3422.2;3647.0;3032.7;434.8
22;56;6;2450.0;2600.8;2750.0;3361.2;3552.0;2936.3;447.5
22;57;6;2455.0;2517.5;2667.5;3272.0;3507.0;2873.0;442.7
22;58;6;2491.0;2683.8;2894.0;3277.5;3426.0;2954.0;349.4
22;59;6;2148.0;2420.8;2589.0;3274.8;3568.0;2793.7;536.1
22;60;6;2375.0;2716.8;3036.0;3449.0;3556.0;3033.3;439.2
22;61;6;2445.0;2504.0;2675.0;3293.0;3489.0;2871.7;442.8
22;62;6;2347.0;2492.8;2691.0;3169.0;3506.0;2831.7;434.4
22;63;6;2249.0;2367.5;2493.0;2970.2;3135.0;2637.5;353.9
22;64;6;2522.0;2619.5;2735.5;3251.2;3532.0;2921.5;395.2
22;65;6;2389.0;2533.0;2587.0;3016.0;3162.0;2733.2;305.7
22;66;6;2315.0;2442.2;2703.0;3267.5;3483.0;2835.8;466.6
22;67;6;2122.0;2650.2;2676.0;3076.8;3211.0;2756.2;372.6
22;68;6;2173.0;2320.0;2509.5;2877.5;3067.0;2586.0;335.1
22;69;6;2171.0;2253.5;2396.0;2810.8;3006.0;2520.7;334.1
22;70;6;2212.0;2325.8;2673.5;3124.8;3219.0;2710.5;413.0
22;71;6;2190.0;2448.8;2565.5;2893.0;3049.0;2630.3;302.5
22;72;6;2367.0;2446.8;2492.0;2849.2;2965.0;2619.3;246.4
22;73;6;2223.0;2369.5;2437.5;2825.8;2973.0;2562.2;292.5
22;74;6;2230.0;2273.8;2413.0;2826.0;3012.0;2543.2;317.3
22;75;6;2107.0;2460.2;2569.5;2939.8;3065.0;2633.0;339.4
22;76;6;2372.0;2451.5;2730.5;3112.2;3228.0;2776.5;346.9
22;77;6;2137.0;2391.8;2514.5;2887.8;3012.0;2590.2;321.6
22;78;6;2121.0;2293.5;2304.0;2839.5;3081.0;2519.7;380.1
22;79;6;2066.0;2224.8;2472.0;2963.8;3065.0;2557.5;402.8
22;80;6;2098.0;2258.0;2271.5;2452.2;3031.0;2406.3;304.3
22;81;6;2086.0;2194.2;2310.0;2413.8;3044.0;2392.3;313.7
22;82;6;2258.0;2404.5;2423.0;2496.2;3280.0;2550.5;335.1
22;83;6;2283.0;2374.2;2523.0;2694.2;3083.0;2581.3;268.7
22;84;6;2110.0;2203.0;2470.0;2564.5;3031.0;2465.2;311.2
22;85;6;2307.0;2341.8;2452.0;2584.8;2890.0;2505.8;201.3
22;86;6;2202.0;2373.2;2451.5;2549.2;2919.0;2492.2;222.1
22;87;6;2164.0;2315.8;2351.5;2481.8;3040.0;2456.0;281.7
22;88;6;2253.0;2346.5;2421.0;2506.8;2971.0;2487.2;233.3
22;89;6;2191.0;2416.5;2504.5;2576.8;2977.0;2527.5;238.8
22;90;6;2304.0;2320.2;2422.0;2477.2;2840.0;2461.7;183.4
22;91;6;2174.0;2268.8;2452.0;2659.2;3198.0;2535.3;346.0
22;92;6;2156.0;2228.2;2344.0;2468.8;2855.0;2399.8;232.4
22;93;6;2011.0;2136.5;2332.5;2569.0;2909.0;2384.0;308.8
22;94;6;2011.0;2316.2;2345.5;2358.2;3008.0;2396.5;299.1
22;95;6;2383.0;2433.0;2473.5;2491.5;3190.0;2572.8;278.6
22;96;6;2271.0;2371.0;2448.5;2554.5;2925.0;2504.7;211.3
22;97;6;2190.0;2228.5;2309.5;2414.5;3036.0;2416.0;289.7
22;98;6;1823.0;2301.5;2521.5;2611.8;3095.0;2471.8;386.4
22;99;6;2072.0;2200.8;2348.0;2492.2;2870.0;2388.3;261.0
23;0;6;3211.0;3506.5;4336.5;4466.8;4563.0;4031.2;577.8
23;1;6;3309.0;3917.5;4406.0;4498.5;4507.0;4152.0;454.4
23;2;6;3275.0;4024.0;4473.0;4481.8;4501.0;4180.2;461.3
23;3;6;3458.0;3872.0;4346.0;4415.8;4488.0;4131.8;392.9
23;4;6;3345.0;3735.5;4342.0;4458.8;4520.0;4096.7;466.6
23;5;6;3528.0;3872.0;4448.0;4499.8;4524.0;4190.8;415.4
23;6;6;3211.0;3655.5;4249.5;4356.8;4442.0;4000.3;475.3
23;7;6;3405.0;3743.0;4243.5;4270.0;4468.0;4035.8;394.3
23;8;6;3523.0;3858.8;4455.5;4469.5;4488.0;4176.0;414.4
23;9;6;3458.0;3686.8;4336.5;4391.5;4457.0;4078.0;433.8
23;10;6;3087.0;3401.5;4130.5;4190.5;4227.0;3824.0;495.5
23;11;6;3561.0;3801.8;4312.5;4347.0;4399.0;4095.8;352.5
23;12;6;3037.0;3548.5;4250.5;4299.2;4327.0;3915.8;527.8
23;13;6;3260.0;3756.2;4372.5;4436.0;4457.0;4078.3;483.5
23;14;6;3086.0;3426.0;4301.0;4377.2;4462.0;3947.8;594.2
23;15;6;2978.0;3549.8;4342.5;4387.5;4403.0;3959.0;591.1
23;16;6;3307.0;3740.2;4344.0;4403.2;4427.0;4064.0;457.6
23;17;6;3084.0;3442.8;3824.0;4208.2;4246.0;3771.7;458.4
23;18;6;3327.0;3442.8;3820.0;4138.8;4201.0;3788.3;373.5
23;19;6;3139.0;3458.5;3919.0;4178.5;4200.0;3791.2;419.7
23;20;6;3540.0;3694.2;4109.5;4364.2;4425.0;4031.5;364.9
23;21;6;3051.0;3327.2;4020.5;4376.2;4400.0;3847.2;566.2
23;22;6;3319.0;3375.5;3896.0;4442.0;4468.0;3900.8;541.9
23;23;6;3002.0;3192.5;3647.0;4089.5;4174.0;3624.7;492.2
23;24;6;3485.0;3609.2;3991.0;4288.0;4330.0;3944.3;362.5
23;25;6;3068.0;3242.2;3743.5;4175.8;4194.0;3690.7;487.7
23;26;6;2994.0;3163.0;3739.5;4217.8;4222.0;3673.8;550.1
23;27;6;3223.0;3356.5;3768.0;4098.5;4139.0;3721.0;391.2
23;28;6;3109.0;3136.5;3586.0;4049.0;4079.0;3591.7;458.2
23;29;6;2973.0;3225.8;3754.5;4190.2;4203.0;3678.3;521.7
23;30;6;2858.0;3044.8;3658.5;3972.2;4032.0;3520.7;493.4
23;31;6;2975.0;3035.2;3569.5;4131.5;4198.0;3581.3;558.4
23;32;6;3103.0;3215.2;3673.0;4054.2;4100.0;3632.2;437.0
23;33;6;3072.0;3094.5;3515.0;3949.8;4034.0;3530.8;436.6
23;34;6;2999.0;3045.8;3473.5;3818.8;3988.0;3461.8;419.0
23;35;6;2856.0;2931.5;3484.5;3889.8;3934.0;3421.8;483.8
23;36;6;2954.0;3021.0;3599.5;4004.8;4044.0;3527.5;495.7
23;37;6;2889.0;3120.0;3619.0;4062.5;4098.0;3564.8;509.0
23;38;6;2939.0;3318.5;3736.5;3977.5;3991.0;3606.7;408.4
23;39;6;2357.0;2704.2;3476.0;3850.2;3925.0;3276.0;637.4
23;40;6;2878.0;2983.2;3453.0;3860.5;3927.0;3422.3;456.0
23;41;6;2854.0;2898.8;3417.5;3856.8;3892.0;3385.0;481.8
23;42;6;2488.0;3056.5;3352.0;3698.5;3747.0;3285.2;456.5
23;43;6;2821.0;3234.8;3548.0;3898.0;4034.0;3516.0;436.1
23;44;6;2620.0;2857.5;3486.5;3954.2;4009.0;3393.3;577.0
23;45;6;2849.0;2897.5;3427.0;3883.8;3927.0;3397.8;489.8
23;46;6;2624.0;2812.0;3416.0;3837.8;3853.0;3316.3;537.5
23;47;6;2534.0;2787.0;3345.0;3822.8;3849.0;3276.0;557.1
23;48;6;2485.0;2619.0;2802.5;3410.5;3600.0;2976.8;452.6
23;49;6;2750.0;2783.0;2947.5;3448.0;3587.0;3095.8;359.2
23;50;6;2668.0;2765.5;3026.5;3568.8;3743.0;3148.7;440.3
23;51;6;2239.0;2655.5;2798.5;3324.8;3651.0;2932.5;489.4
23;52;6;2495.0;2623.8;2762.5;3401.5;3592.0;2967.3;451.0
23;53;6;2669.0;2693.8;2740.0;3463.5;3760.0;3048.7;482.2
23;54;6;2705.0;2830.2;2981.0;3560.0;3782.0;3163.7;434.6
23;55;6;2216.0;2627.2;2665.0;3394.2;3681.0;2913.2;547.5
23;56;6;2416.0;2662.5;2793.0;3370.5;3599.0;2963.8;448.3
23;57;6;2321.0;2650.2;2817.5;3373.2;3627.0;2956.0;477.7
23;58;6;2127.0;2516.8;2635.0;3237.8;3534.0;2807.8;507.9
23;59;6;2379.0;2496.8;2514.0;3329.2;3608.0;2851.2;534.0
23;60;6;2473.0;2506.0;2670.0;3390.5;3608.0;2917.2;494.7
23;61;6;2207.0;2682.5;2924.5;3510.0;3649.0;3002.0;526.3
23;62;6;2223.0;2489.2;2783.0;3356.5;3600.0;2888.0;514.6
23;63;6;2206.0;2603.8;2752.5;3409.0;3593.0;2914.3;515.9
23;64;6;2351.0;2481.5;2635.5;3298.0;3499.0;2845.0;470.4
23;65;6;2452.0;2542.0;2722.0;3396.2;3623.0;2937.0;488.0
23;66;6;2364.0;2441.5;2690.5;3095.5;3204.0;2756.3;344.8
23;67;6;2110.0;2426.8;2589.5;3191.0;3388.0;2740.2;483.2
23;68;6;2411.0;2472.2;2584.0;3148.0;3345.0;2782.5;392.6
23;69;6;2200.0;2259.2;2473.5;3033.5;3208.0;2627.2;420.6
23;70;6;2478.0;2632.0;2709.5;3022.5;3135.0;2794.2;249.3
23;71;6;2115.0;2231.5;2292.0;2999.8;3345.0;2581.8;502.0
23;72;6;2176.0;2382.0;2529.0;3093.8;3283.0;2688.7;428.8
23;73;6;1980.0;2513.2;2558.0;3169.0;3383.0;2725.0;500.4
23;74;6;2127.0;2353.5;2579.5;3240.5;3449.0;2745.7;517.5
23;75;6;2232.0;2323.8;2458.5;2882.0;3105.0;2592.7;338.0
23;76;6;2246.0;2323.8;2581.5;3000.5;3148.0;2655.8;364.3
23;77;6;2095.0;2133.2;2343.0;2917.2;3159.0;2518.7;438.3
23;78;6;2178.0;2422.8;2498.0;2913.0;3038.0;2610.2;321.1
23;79;6;2154.0;2420.0;2464.0;2989.5;3185.0;2639.5;389.6
23;80;6;2140.0;2279.5;2449.0;2659.8;3159.0;2525.0;337.2
23;81;6;2008.0;2260.0;2327.0;2405.2;2845.0;2362.7;252.0
23;82;6;2085.0;2180.5;2302.0;2347.8;2921.0;2352.2;271.7
23;83;6;2281.0;2406.5;2463.5;2590.2;3245.0;2578.8;315.2
23;84;6;2101.0;2165.0;2218.5;2411.5;2939.0;2350.0;288.7
23;85;6;2221.0;2307.8;2372.0;2480.5;3051.0;2469.8;275.0
23;86;6;2087.0;2124.5;2220.0;2438.5;3042.0;2362.2;333.6
23;87;6;2090.0;2148.0;2354.5;2627.0;3046.0;2440.3;339.8
23;88;6;2142.0;2218.8;2380.5;2494.2;3062.0;2443.7;306.1
23;89;6;1965.0;2031.5;2299.5;2443.8;2953.0;2325.2;338.7
23;90;6;2017.0;2229.2;2277.0;2396.8;3143.0;2394.0;357.0
23;91;6;2104.0;2236.8;2385.5;2421.8;2889.0;2397.5;248.6
23;92;6;2181.0;2277.5;2373.5;2600.0;3056.0;2484.2;298.2
23;93;6;1902.0;2065.2;2236.5;2381.5;2944.0;2292.8;335.3
23;94;6;2052.0;2135.8;2305.5;2537.5;2888.0;2374.2;290.9
23;95;6;2125.0;2193.0;2286.0;2337.0;2928.0;2356.8;266.5
23;96;6;1982.0;2186.8;2307.5;2352.5;2947.0;2343.0;298.5
23;97;6;1953.0;2046.5;2244.0;2356.0;3331.0;2357.7;460.4
23;98;6;2064.0;2154.2;2460.5;2739.8;3215.0;2514.2;407.3
23;99;6;1966.0;2153.2;2280.5;2427.2;3153.0;2377.8;379.9
24;0;6;3508.0;4013.5;4456.5;4500.5;4522.0;4220.7;391.0
24;1;6;3646.0;3860.2;4401.0;4424.2;4473.0;4172.2;360.3
24;2;6;3016.0;3802.0;4574.0;4588.5;4594.0;4149.3;632.6
24;3;6;3122.0;3982.8;4413.0;4428.5;4480.0;4116.8;495.6
24;4;6;3481.0;3751.0;4326.0;4419.5;4486.0;4104.8;411.4
24;5;6;3589.0;3842.0;4377.0;4434.2;4483.0;4157.2;376.2
24;6;6;3419.0;4004.0;4490.5;4507.5;4565.0;4220.0;434.8
24;7;6;3581.0;4057.2;4400.5;4436.2;4542.0;4219.2;340.9
24;8;6;3458.0;3789.5;4348.0;4397.2;4410.0;4096.8;401.6
24;9;6;3708.0;3908.8;4408.5;4453.8;4475.0;4201.8;335.2
24;10;6;3220.0;3675.2;4309.0;4381.8;4410.0;4019.7;483.4
24;11;6;3249.0;3626.8;4383.5;4403.8;4469.0;4045.0;518.5
24;12;6;3160.0;3644.5;4308.0;4361.0;4391.0;3994.8;499.4
24;13;6;3485.0;3688.5;4277.0;4365.2;4528.0;4075.7;416.9
24;14;6;3429.0;3686.0;4417.5;4453.8;4484.0;4109.3;474.4
24;15;6;3128.0;3532.0;4304.0;4326.0;4430.0;3962.3;539.5
24;16;6;3444.0;3762.8;4382.0;4397.5;4430.0;4099.5;424.2
24;17;6;3480.0;3598.0;4102.5;4348.2;4360.0;3984.2;386.3
24;18;6;3273.0;3573.8;3915.5;4298.5;4331.0;3886.8;424.0
24;19;6;3013.0;3234.2;3844.0;4335.2;4374.0;3767.5;580.0
24;20;6;3027.0;3296.0;3938.0;4418.0;4462.0;3837.5;594.3
24;21;6;3233.0;3700.2;4004.0;4300.2;4365.0;3934.0;417.1
24;22;6;3366.0;3476.2;4006.0;4337.8;4342.0;3911.3;438.4
24;23;6;3273.0;3403.5;3840.5;4066.8;4088.0;3740.3;346.2
24;24;6;3225.0;3586.0;4011.5;4325.2;4358.0;3913.3;440.4
24;25;6;3254.0;3312.0;3743.0;4120.0;4131.0;3714.2;409.7
24;26;6;3266.0;3455.0;3888.5;4202.8;4306.0;3827.8;418.9
24;27;6;3095.0;3286.2;3741.5;4091.0;4180.0;3683.3;444.8
24;28;6;3030.0;3328.8;3727.0;4121.5;4147.0;3680.0;459.1
24;29;6;3207.0;3249.0;3649.0;4108.2;4146.0;3671.3;432.6
24;30;6;3019.0;3088.0;3627.0;4067.8;4111.0;3584.5;492.4
24;31;6;3171.0;3234.8;3700.5;4067.2;4096.0;3656.2;421.8
24;32;6;3037.0;3301.2;3589.5;3902.5;4121.0;3591.5;392.6
24;33;6;2941.0;2985.2;3572.0;4118.2;4159.0;3555.7;571.7
24;34;6;2771.0;2984.2;3549.5;4122.2;4151.0;3521.7;610.8
24;35;6;2794.0;3001.0;3769.5;4127.0;4139.0;3577.2;586.1
24;36;6;3151.0;3198.0;3540.0;3888.8;3976.0;3549.3;365.6
24;37;6;2773.0;2971.8;3540.5;3934.5;4045.0;3457.8;523.2
24;38;6;2884.0;3328.2;3660.0;3993.2;4032.0;3593.0;432.7
24;39;6;2668.0;2942.0;3603.5;4075.2;4095.0;3487.3;606.2
24;40;6;2771.0;2903.5;3405.0;3794.0;3902.0;3357.2;478.1
24;41;6;2798.0;3237.5;3776.5;4002.0;4095.0;3596.8;487.9
24;42;6;2904.0;2946.2;3381.5;3917.2;3989.0;3425.5;487.1
24;43;6;2661.0;2894.0;3397.0;3854.2;3858.0;3341.0;519.9
24;44;6;2716.0;2951.5;3526.5;3858.5;3891.0;3398.2;489.9
24;45;6;2678.0;2752.8;3321.0;3763.2;3789.0;3263.8;509.5
24;46;6;2547.0;2712.2;3317.0;3923.2;3967.0;3297.3;628.9
24;47;6;2677.0;3158.2;3526.0;3849.5;3874.0;3432.7;451.3
24;48;6;2516.0;2659.8;2920.5;3374.0;3555.0;3001.7;407.1
24;49;6;2604.0;2718.0;2922.0;3362.2;3548.0;3025.8;368.4
24;50;6;2691.0;2840.8;2999.0;3446.0;3672.0;3124.0;376.2
24;51;6;2535.0;2598.0;2770.5;3399.8;3628.0;2975.7;458.9
24;52;6;2115.0;2375.2;2750.5;3350.0;3550.0;2827.7;553.1
24;53;6;2543.0;2630.8;2680.5;3232.0;3430.0;2894.0;375.3
24;54;6;2558.0;2726.5;2753.0;3086.2;3220.0;2866.5;248.6
24;55;6;2493.0;2594.2;2685.5;3272.5;3576.0;2912.0;436.7
24;56;6;2164.0;2482.8;2744.0;3223.5;3371.0;2800.3;449.3
24;57;6;2292.0;2544.5;2741.0;3128.0;3273.0;2797.2;364.3
24;58;6;2348.0;2484.5;2575.5;2906.5;3069.0;2673.2;271.3
24;59;6;2413.0;2530.0;2550.0;2941.2;3093.0;2700.2;273.4
24;60;6;2437.0;2555.0;2770.5;3048.2;3132.0;2789.0;271.6
24;61;6;2323.0;2443.2;2563.0;2964.8;3149.0;2683.3;319.0
24;62;6;2204.0;2341.5;2460.5;3112.8;3354.0;2685.2;472.0
24;63;6;2287.0;2506.2;2615.0;3152.0;3366.0;2780.7;409.9
24;64;6;2493.0;2529.2;2666.5;3016.8;3202.0;2774.2;283.3
24;65;6;2314.0;2454.2;2587.0;3035.5;3193.0;2712.7;345.3
24;66;6;2219.0;2315.2;2418.0;2959.5;3154.0;2605.0;386.8
24;67;6;2388.0;2472.5;2578.5;2915.5;3037.0;2674.5;257.0
24;68;6;2282.0;2486.2;2668.0;3053.0;3202.0;2737.8;345.7
24;69;6;1828.0;2329.5;2554.0;2968.2;3082.0;2563.2;441.1
24;70;6;2253.0;2306.0;2452.5;2899.0;3024.0;2581.2;323.7
24;71;6;2227.0;2405.2;2479.5;2847.0;2966.0;2583.7;282.1
24;72;6;1920.0;2325.5;2345.5;2766.0;2977.0;2468.8;365.7
24;73;6;2187.0;2254.2;2530.5;2851.0;3011.0;2563.2;324.1
24;74;6;2096.0;2330.0;2377.5;2769.2;2969.0;2505.7;315.7
24;75;6;2332.0;2403.0;2602.5;2877.0;2966.0;2634.7;255.3
24;76;6;1859.0;2290.5;2454.5;2908.0;3049.0;2518.7;422.3
24;77;6;2095.0;2262.5;2435.0;2771.0;2879.0;2488.7;296.7
24;78;6;1967.0;2144.8;2431.5;2687.5;2829.0;2413.5;319.8
24;79;6;2075.0;2210.0;2312.5;2796.8;2939.0;2462.2;347.1
24;80;6;2250.0;2327.8;2422.5;2545.8;2857.0;2472.5;201.3
24;81;6;2022.0;2144.8;2197.0;2400.0;2852.0;2310.5;275.3
24;82;6;2077.0;2347.2;2359.5;2492.5;2828.0;2417.3;227.5
24;83;6;1829.0;2236.8;2356.0;2416.0;3157.0;2388.5;396.3
24;84;6;1966.0;2376.0;2544.0;2580.0;3170.0;2522.7;359.4
24;85;6;2252.0;2273.8;2324.0;2624.0;3028.0;2484.8;288.9
24;86;6;2088.0;2269.2;2277.5;2524.2;3081.0;2432.8;327.5
24;87;6;2186.0;2323.8;2436.0;2549.8;3052.0;2497.3;277.8
24;88;6;2092.0;2166.8;2206.5;2349.0;2946.0;2333.5;289.2
24;89;6;2185.0;2358.8;2397.5;2456.5;2974.0;2462.7;245.2
24;90;6;2308.0;2402.0;2538.0;2655.2;3008.0;2573.8;230.1
24;91;6;2006.0;2306.5;2391.0;2474.0;2975.0;2423.8;290.2
24;92;6;1996.0;2130.0;2321.0;2467.0;2972.0;2365.3;321.4
24;93;6;2068.0;2116.8;2195.0;2289.0;2841.0;2285.0;261.2
24;94;6;2049.0;2166.8;2290.0;2573.0;3032.0;2409.0;336.8
24;95;6;2217.0;2410.2;2464.0;2592.0;3098.0;2545.0;275.4
24;96;6;2214.0;2274.5;2438.0;2690.0;3011.0;2515.8;285.0
24;97;6;1985.0;2158.0;2202.0;2494.2;2874.0;2333.0;302.0
24;98;6;2062.0;2151.5;2249.5;2318.2;2724.0;2290.8;213.7
24;99;6;2049.0;2264.0;2422.5;2471.5;2921.0;2419.0;269.0
25;0;6;3648.0;3973.0;4455.5;4482.8;4538.0;4233.5;358.8
25;1;6;3543.0;3814.8;4464.0;4494.5;4500.0;4179.0;428.3
25;2;6;3372.0;3795.5;4335.5;4337.8;4354.0;4058.5;405.4
25;3;6;3488.0;4067.0;4372.0;4413.0;4437.0;4176.8;347.4
25;4;6;3435.0;3819.0;4428.0;4482.8;4498.0;4151.0;444.5
25;5;6;3473.0;3843.5;4444.5;4463.5;4529.0;4167.3;433.6
25;6;6;3259.0;3524.0;4325.0;4428.5;4517.0;4024.3;538.3
25;7;6;3020.0;3710.2;4301.5;4306.2;4382.0;3971.0;518.6
25;8;6;3363.0;3783.8;4555.0;4592.0;4598.0;4200.3;533.8
25;9;6;3244.0;3651.2;4241.5;4324.0;4347.0;3980.0;450.3
25;10;6;3148.0;3638.5;4359.5;4431.8;4510.0;4038.5;542.8
25;11;6;3336.0;3834.5;4204.0;4311.8;4351.0;4025.7;374.6
25;12;6;3383.0;3621.8;4273.5;4326.8;4371.0;4008.3;433.0
25;13;6;3308.0;3628.5;4206.0;4235.2;4267.0;3944.7;406.2
25;14;6;3466.0;3824.2;4284.5;4348.0;4359.0;4072.3;358.7
25;15;6;3313.0;3634.2;4283.5;4317.8;4335.0;3993.7;442.9
25;16;6;3302.0;3857.5;4327.5;4376.8;4427.0;4079.7;426.2
25;17;6;3347.0;3391.0;3812.0;4320.8;4409.0;3853.5;476.5
25;18;6;3289.0;3556.8;4070.0;4431.8;4457.0;3970.7;480.9
25;19;6;3413.0;3602.0;4014.0;4219.0;4241.0;3905.7;341.5
25;20;6;3201.0;3256.2;3853.5;4388.5;4416.0;3824.7;565.5
25;21;6;3094.0;3230.0;3812.5;4259.2;4324.0;3747.8;533.1
25;22;6;3180.0;3350.0;3882.5;4285.2;4342.0;3813.2;494.6
25;23;6;3359.0;3582.2;3907.5;4255.2;4279.0;3883.0;379.4
25;24;6;3074.0;3218.8;3729.0;4216.0;4245.0;3700.7;520.8
25;25;6;2794.0;3254.0;3776.0;4201.2;4246.0;3669.2;570.4
25;26;6;3294.0;3407.8;3867.5;4295.8;4323.0;3840.8;460.3
25;27;6;3330.0;3454.8;3836.0;4213.5;4277.0;3824.3;401.7
25;28;6;2854.0;3043.5;3561.5;4157.5;4272.0;3579.3;602.5
25;29;6;2878.0;3093.8;3707.5;4239.5;4304.0;3650.5;596.0
25;30;6;2917.0;3452.5;3816.0;4190.0;4210.0;3734.2;491.1
25;31;6;2946.0;3177.8;3678.0;4059.8;4097.0;3599.5;480.3
25;32;6;2753.0;3014.0;3641.5;4071.8;4103.0;3526.5;566.3
25;33;6;2849.0;2893.8;3515.5;4085.5;4105.0;3491.2;598.3
25;34;6;3118.0;3239.2;3584.5;3992.0;4067.0;3601.0;398.5
25;35;6;2849.0;3146.8;3618.5;3950.8;3998.0;3522.5;453.4
25;36;6;3079.0;3218.8;3692.5;3903.0;3924.0;3570.3;360.2
25;37;6;2949.0;3095.5;3524.0;3935.2;3944.0;3494.3;444.6
25;38;6;2772.0;2854.8;3413.0;3925.5;3937.0;3383.3;542.9
25;39;6;2721.0;2822.5;3233.0;3586.5;3758.0;3222.5;413.9
25;40;6;2720.0;2881.2;3405.5;3911.0;3919.0;3372.7;540.4
25;41;6;3021.0;3112.2;3565.0;3807.0;3849.0;3474.8;359.0
25;42;6;2763.0;2805.2;3218.0;3632.2;3698.0;3222.5;424.3
25;43;6;2953.0;3073.5;3388.0;3746.8;3807.0;3395.2;360.5
25;44;6;2600.0;2920.8;3412.0;3760.8;3807.0;3310.8;480.0
25;45;6;2441.0;2655.5;3268.0;3726.8;3772.0;3180.0;565.4
25;46;6;2259.0;2642.8;3118.5;3651.2;3717.0;3087.7;576.5
25;47;6;2439.0;2489.5;2905.5;3335.8;3385.0;2910.8;433.8
25;48;6;2641.0;2786.2;3033.5;3447.2;3595.0;3098.7;374.4
25;49;6;2451.0;2582.5;2673.5;3234.0;3460.0;2871.8;404.3
25;50;6;2400.0;2596.0;2742.5;3354.8;3530.0;2920.2;449.1
25;51;6;2467.0;2528.0;2635.0;3225.0;3423.0;2845.7;406.7
25;52;6;2224.0;2343.5;2509.0;3038.2;3297.0;2673.7;423.9
25;53;6;2610.0;2647.5;2813.0;3268.0;3406.0;2942.3;337.7
25;54;6;2483.0;2722.0;2885.0;3255.0;3595.0;2982.3;381.8
25;55;6;2356.0;2471.0;2526.0;3154.8;3392.0;2769.5;429.1
25;56;6;2568.0;2626.8;2740.5;3195.5;3350.0;2889.2;324.6
25;57;6;2717.0;2795.5;2872.5;3353.0;3544.0;3048.2;340.8
25;58;6;2016.0;2568.8;2768.0;3157.0;3281.0;2770.3;435.8
25;59;6;2164.0;2663.0;2778.0;3041.5;3179.0;2775.5;337.0
25;60;6;2294.0;2501.2;2634.0;3040.5;3164.0;2726.5;327.8
25;61;6;2271.0;2320.8;2486.0;3009.8;3223.0;2652.7;396.0
25;62;6;2261.0;2378.5;2633.5;3242.5;3564.0;2805.2;509.4
25;63;6;1977.0;2212.2;2308.0;2965.5;3191.0;2524.8;478.9
25;64;6;2188.0;2403.0;2508.0;3005.2;3175.0;2653.0;379.0
25;65;6;2005.0;2147.5;2426.5;2906.5;3101.0;2513.3;428.9
25;66;6;1946.0;2111.2;2444.0;2973.2;3142.0;2521.0;473.9
25;67;6;2105.0;2346.2;2422.0;2796.2;3076.0;2544.5;337.9
25;68;6;2019.0;2130.2;2211.5;2643.8;2974.0;2384.5;360.9
25;69;6;2030.0;2182.8;2348.0;2826.0;3086.0;2487.5;397.7
25;70;6;1966.0;2141.8;2456.5;2657.2;2794.0;2405.7;311.9
25;71;6;2159.0;2391.0;2461.5;2743.5;2834.0;2520.2;241.7
25;72;6;1941.0;2154.2;2411.5;2794.0;2968.0;2453.7;382.0
25;73;6;1972.0;2018.0;2199.5;2707.2;2915.0;2353.3;388.5
25;74;6;2032.0;2105.8;2330.5;2868.8;3044.0;2469.3;422.7
25;75;6;2134.0;2433.5;2560.0;2763.0;2831.0;2551.2;241.0
25;76;6;2081.0;2102.0;2155.5;2704.0;2881.0;2374.0;359.5
25;77;6;1866.0;2047.2;2147.5;2658.8;2822.0;2304.3;377.7
25;78;6;2332.0;2533.8;2760.0;3038.0;3124.0;2760.8;297.8
25;79;6;1986.0;2221.0;2395.5;2894.0;3120.0;2520.0;427.2
25;80;6;2167.0;2244.5;2398.5;2558.5;3056.0;2470.8;298.2
25;81;6;2536.0;2632.2;2701.0;2797.5;3229.0;2767.7;224.7
25;82;6;2049.0;2319.2;2363.0;2480.2;3153.0;2458.7;340.3
25;83;6;1906.0;2216.2;2317.5;2406.8;3066.0;2371.0;351.7
25;84;6;2021.0;2084.8;2165.0;2258.0;2988.0;2281.0;327.0
25;85;6;2103.0;2252.5;2381.0;2460.0;3153.0;2452.3;336.6
25;86;6;2099.0;2237.8;2311.5;2491.0;3226.0;2452.0;370.8
25;87;6;2073.0;2306.8;2550.0;2734.0;3176.0;2561.7;357.8
25;88;6;2092.0;2288.5;2544.0;2626.2;3125.0;2527.0;331.2
25;89;6;2051.0;2229.8;2365.0;2474.0;3036.0;2418.7;312.4
25;90;6;1986.0;2248.8;2403.5;2454.0;2973.0;2405.7;300.6
25;91;6;2030.0;2159.0;2397.5;2624.8;3185.0;2465.0;387.8
25;92;6;2229.0;2248.0;2319.5;2444.2;3047.0;2437.5;285.4
25;93;6;2189.0;2454.2;2557.5;2753.8;3309.0;2642.0;350.5
25;94;6;2029.0;2227.0;2400.0;2555.8;2904.0;2418.3;281.8
25;95;6;1919.0;2229.2;2381.0;2489.2;2913.0;2383.0;303.5
25;96;6;1942.0;2061.8;2373.5;2671.0;3005.0;2403.7;382.8
25;97;6;1985.0;2115.8;2197.5;2478.8;3017.0;2343.0;351.4
25;98;6;2108.0;2152.0;2215.5;2501.8;3017.0;2380.7;325.8
25;99;6;2041.0;2157.2;2298.5;2411.2;2901.0;2349.7;279.0
26;0;6;3526.0;3706.0;4265.0;4389.8;4495.0;4083.7;401.7
26;1;6;3417.0;3711.5;4402.0;4443.8;4466.0;4104.3;460.4
26;2;6;3397.0;3689.5;4304.0;4400.2;4533.0;4075.8;454.5
26;3;6;3589.0;4085.8;4409.5;4444.5;4480.0;4220.3;328.7
26;4;6;3121.0;3589.0;4373.0;4422.8;4502.0;4022.7;566.8
26;5;6;3497.0;3680.5;4285.5;4408.2;4413.0;4068.2;405.7
26;6;6;3429.0;3793.0;4280.0;4380.0;4451.0;4080.7;396.1
26;7;6;3298.0;4090.2;4397.0;4416.5;4494.0;4166.2;420.9
26;8;6;3316.0;3721.8;4613.5;4625.5;4648.0;4207.5;592.1
26;9;6;3467.0;3815.5;4521.5;4542.8;4553.0;4198.8;478.1
26;10;6;3254.0;4074.0;4559.5;4588.2;4601.0;4247.3;505.9
26;11;6;3275.0;3585.2;4391.5;4435.8;4463.0;4048.0;530.6
26;12;6;3418.0;3954.8;4529.5;4565.0;4567.0;4230.7;461.0
26;13;6;3448.0;3753.2;4395.0;4419.5;4456.0;4110.2;436.7
26;14;6;3328.0;3824.0;4427.0;4442.0;4450.0;4117.0;460.2
26;15;6;3308.0;3717.0;4292.0;4399.0;4430.0;4047.0;449.0
26;16;6;3423.0;3613.2;4176.5;4285.2;4303.0;3971.0;382.6
26;17;6;3479.0;3585.8;4048.5;4313.2;4328.0;3956.2;371.9
26;18;6;2850.0;3287.5;3962.0;4414.5;4434.0;3806.0;640.1
26;19;6;3229.0;3384.0;3967.5;4461.8;4475.0;3909.2;556.1
26;20;6;3207.0;3404.0;3779.0;4283.8;4372.0;3811.3;480.4
26;21;6;3105.0;3250.5;3917.0;4357.0;4409.0;3813.3;563.9
26;22;6;3196.0;3350.5;3843.0;4307.0;4338.0;3811.3;501.9
26;23;6;3144.0;3280.2;3780.0;4287.2;4305.0;3763.2;524.8
26;24;6;3104.0;3413.0;3811.5;4226.5;4257.0;3771.5;468.3
26;25;6;3213.0;3366.2;3889.0;4291.8;4308.0;3819.5;484.1
26;26;6;2969.0;3490.0;3843.5;4164.8;4252.0;3758.7;463.4
26;27;6;2793.0;3002.8;3604.5;4264.8;4367.0;3609.3;677.4
26;28;6;2941.0;3135.2;3936.5;4173.8;4213.0;3691.3;555.7
26;29;6;3094.0;3353.2;3730.0;4125.5;4187.0;3704.3;438.1
26;30;6;3140.0;3205.8;3672.5;4065.0;4096.0;3637.8;439.6
26;31;6;2959.0;3211.2;3595.0;3898.5;4025.0;3542.8;411.7
26;32;6;3052.0;3300.5;3726.5;3951.5;4051.0;3623.5;382.3
26;33;6;2669.0;2987.0;3588.0;3982.8;3994.0;3456.7;551.0
26;34;6;2962.0;3108.8;3796.5;4197.0;4244.0;3668.2;558.3
26;35;6;2904.0;3160.8;3708.5;4029.8;4039.0;3579.2;474.0
26;36;6;3120.0;3171.2;3571.5;3929.8;4018.0;3561.3;399.7
26;37;6;2797.0;2924.0;3460.0;3791.2;4096.0;3410.0;497.1
26;38;6;2864.0;2998.2;3550.5;4036.8;4063.0;3506.8;540.6
26;39;6;2749.0;2860.8;3382.0;3631.8;3692.0;3267.8;401.4
26;40;6;2812.0;2844.8;3375.0;3859.5;3880.0;3355.2;510.9
26;41;6;2661.0;2791.5;3184.0;3491.8;3603.0;3147.8;381.4
26;42;6;2714.0;2993.0;3470.5;3761.2;3821.0;3361.3;440.1
26;43;6;2547.0;2634.0;3176.5;3678.5;3739.0;3156.3;541.9
26;44;6;2525.0;2721.2;3263.5;3721.0;3742.0;3201.3;524.7
26;45;6;2731.0;2834.8;3420.0;3766.8;3806.0;3316.5;471.3
26;46;6;2519.0;2548.2;3092.0;3588.5;3626.0;3075.0;525.8
26;47;6;2742.0;2770.8;3145.5;3464.0;3496.0;3124.2;346.9
26;48;6;2583.0;2761.2;2823.0;3361.8;3549.0;3010.0;386.3
26;49;6;2659.0;2745.0;2964.0;3508.5;3658.0;3101.2;413.6
26;50;6;2565.0;2643.5;2786.0;3373.2;3605.0;2984.5;431.7
26;51;6;2368.0;2446.5;2594.0;3259.8;3464.0;2816.5;465.0
26;52;6;2819.0;2904.2;2947.5;3497.0;3726.0;3168.3;380.4
26;53;6;2537.0;2580.0;2679.0;3171.0;3339.0;2852.7;339.8
26;54;6;2552.0;2568.0;2652.5;3276.2;3501.0;2897.0;416.0
26;55;6;2390.0;2542.0;2788.0;3391.0;3599.0;2936.2;485.8
26;56;6;2391.0;2565.5;2711.0;3250.2;3401.0;2860.2;399.7
26;57;6;2124.0;2478.5;2720.0;3329.8;3486.0;2830.2;512.6
26;58;6;2348.0;2532.5;2672.5;3363.0;3628.0;2900.0;505.8
26;59;6;2434.0;2462.0;2482.0;3121.5;3436.0;2770.7;434.7
26;60;6;2160.0;2411.5;2492.0;3013.5;3212.0;2654.7;400.3
26;61;6;2108.0;2225.5;2337.5;2994.0;3362.0;2591.0;495.4
26;62;6;2521.0;2636.8;2722.5;3152.5;3294.0;2860.7;308.7
26;63;6;2370.0;2381.5;2433.5;2997.0;3181.0;2661.2;365.9
26;64;6;2114.0;2246.2;2518.0;3021.5;3257.0;2625.3;441.4
26;65;6;1901.0;2369.5;2649.0;3017.0;3233.0;2641.3;458.5
26;66;6;2370.0;2448.5;2490.5;3130.2;3345.0;2745.7;422.2
26;67;6;2220.0;2353.0;2516.0;2997.0;3159.0;2644.5;376.5
26;68;6;2241.0;2478.0;2523.5;2983.0;3227.0;2685.7;362.8
26;69;6;2256.0;2296.8;2377.5;2902.2;3061.0;2569.8;350.0
26;70;6;2370.0;2412.2;2548.0;3147.2;3367.0;2757.8;426.0
26;71;6;1908.0;2224.5;2473.5;3072.0;3273.0;2590.2;513.1
26;72;6;2385.0;2544.8;2557.5;3060.0;3237.0;2750.8;344.4
26;73;6;2377.0;2440.0;2548.0;3053.5;3244.0;2723.8;358.3
26;74;6;2116.0;2352.8;2539.5;2930.2;3115.0;2610.2;363.1
26;75;6;2286.0;2332.8;2424.0;3036.5;3259.0;2656.0;420.4
26;76;6;2213.0;2332.5;2439.5;2908.0;3165.0;2603.0;367.0
26;77;6;2453.0;2471.2;2499.5;2951.5;3115.0;2688.5;296.5
26;78;6;2048.0;2276.0;2535.5;2921.8;3125.0;2580.7;391.8
26;79;6;2373.0;2493.8;2707.0;3085.2;3220.0;2773.5;335.2
26;80;6;2208.0;2310.8;2377.0;2498.0;3035.0;2470.7;271.2
26;81;6;1875.0;2335.8;2447.5;2609.5;3093.0;2470.8;365.9
26;82;6;2093.0;2381.2;2532.5;2672.5;3214.0;2570.3;347.0
26;83;6;2445.0;2540.0;2562.5;2717.8;3118.0;2665.0;224.7
26;84;6;2205.0;2331.0;2486.5;2597.0;3184.0;2545.8;317.1
26;85;6;2353.0;2453.0;2550.5;2622.5;3173.0;2615.7;266.0
26;86;6;2210.0;2382.5;2469.5;2637.5;3138.0;2555.7;297.9
26;87;6;2183.0;2550.0;2620.0;2723.8;3186.0;2649.0;297.9
26;88;6;2182.0;2299.0;2370.0;2504.0;3054.0;2466.7;284.3
26;89;6;2144.0;2192.5;2316.0;2566.2;3236.0;2468.8;379.7
26;90;6;2102.0;2373.8;2451.0;2533.5;3129.0;2507.0;311.8
26;91;6;2099.0;2407.5;2481.0;2517.0;3135.0;2518.0;310.0
26;92;6;2148.0;2249.8;2425.5;2650.8;3256.0;2528.7;375.5
26;93;6;2161.0;2364.8;2467.0;2537.8;3184.0;2528.5;319.1
26;94;6;2222.0;2307.0;2438.0;2638.8;3299.0;2561.0;363.0
26;95;6;2031.0;2257.2;2485.0;2634.8;3117.0;2497.3;350.0
26;96;6;2144.0;2243.0;2531.5;2538.0;3142.0;2506.0;333.2
26;97;6;2034.0;2161.0;2317.5;2539.2;2982.0;2395.5;318.2
26;98;6;2102.0;2418.2;2514.0;2588.0;3159.0;2548.0;316.9
26;99;6;2221.0;2332.5;2376.5;2510.5;3078.0;2487.5;281.3
27;0;6;3463.0;3813.2;4386.0;4433.0;4456.0;4127.0;416.4
27;1;6;3369.0;3726.8;4457.5;4478.8;4488.0;4123.5;494.1
27;2;6;3256.0;3937.2;4304.0;4341.5;4404.0;4072.8;413.0
27;3;6;3285.0;3740.8;4381.0;4470.0;4509.0;4097.2;494.1
27;4;6;3439.0;3766.5;4552.0;4591.2;4614.0;4211.0;522.4
27;5;6;2944.0;3721.5;4371.0;4433.2;4528.0;4028.8;592.5
27;6;6;3262.0;3888.8;4370.0;4387.8;4443.0;4094.5;444.5
27;7;6;3243.0;3905.8;4119.5;4187.8;4325.0;3975.3;359.2
27;8;6;3299.0;3713.0;4477.0;4491.8;4582.0;4131.7;534.8
27;9;6;3401.0;3707.8;4294.5;4376.5;4407.0;4052.2;421.4
27;10;6;3059.0;3437.5;4308.5;4320.0;4325.0;3912.0;572.3
27;11;6;3623.0;3881.2;4268.5;4280.8;4289.0;4081.0;280.2
27;12;6;3547.0;3842.2;4390.5;4442.2;4459.0;4151.0;388.5
27;13;6;3465.0;3856.8;4455.0;4480.2;4522.0;4173.8;435.7
27;14;6;3091.0;3946.0;4407.0;4424.0;4427.0;4092.3;502.2
27;15;6;3446.0;3775.2;4355.0;4387.2;4441.0;4096.2;413.0
27;16;6;3557.0;3770.0;4295.5;4407.8;4495.0;4113.8;383.3
27;17;6;3235.0;3390.2;4067.5;4498.8;4531.0;3951.3;566.8
27;18;6;3235.0;3534.8;3956.5;4366.2;4370.0;3902.5;473.8
27;19;6;3348.0;3397.2;3836.0;4283.8;4314.0;3836.3;451.5
27;20;6;3083.0;3186.5;3757.5;4239.2;4431.0;3737.5;571.6
27;21;6;2962.0;3537.0;3936.0;4262.2;4397.0;3834.3;511.5
27;22;6;2948.0;3272.8;3706.0;4158.8;4309.0;3684.5;530.8
27;23;6;3178.0;3223.8;3721.5;4242.5;4282.0;3729.5;516.9
27;24;6;2814.0;3214.8;3756.0;4113.5;4155.0;3624.7;530.1
27;25;6;2979.0;3096.2;3798.0;4202.8;4217.0;3665.3;556.9
27;26;6;2937.0;3411.2;3874.5;4304.0;4313.0;3783.8;545.8
27;27;6;3158.0;3346.8;3825.5;4293.8;4399.0;3807.5;516.2
27;28;6;3326.0;3373.8;3748.0;4123.0;4173.0;3748.7;388.0
27;29;6;3037.0;3427.8;3774.0;4027.2;4082.0;3681.8;391.3
27;30;6;3063.0;3137.2;3715.0;4297.2;4324.0;3708.8;590.0
27;31;6;3126.0;3198.5;3583.0;4024.5;4077.0;3601.8;418.9
27;32;6;2783.0;2981.0;3485.0;3935.8;4137.0;3464.8;526.2
27;33;6;2849.0;3176.0;3677.5;4091.2;4124.0;3594.3;513.1
27;34;6;2905.0;3082.5;3535.5;3963.8;4007.0;3503.5;462.4
27;35;6;2708.0;3162.2;3606.0;3984.5;3999.0;3507.3;503.5
27;36;6;2659.0;2970.8;3468.0;3890.2;3956.0;3397.8;521.8
27;37;6;2758.0;2868.8;3277.0;3726.5;3809.0;3288.3;456.7
27;38;6;2861.0;2997.8;3460.0;3910.2;3982.0;3444.5;486.4
27;39;6;2543.0;3008.5;3456.5;3730.5;3803.0;3323.3;470.3
27;40;6;2744.0;2907.0;3500.5;3794.8;3839.0;3364.3;467.0
27;41;6;2893.0;3161.5;3593.0;3741.8;3756.0;3440.7;346.4
27;42;6;2666.0;2755.8;3284.5;3772.8;3802.0;3258.7;522.2
27;43;6;2547.0;2686.8;3149.0;3650.2;3679.0;3145.7;505.9
27;44;6;2550.0;2925.8;3354.5;3709.8;3797.0;3277.8;478.5
27;45;6;2676.0;2759.2;3236.0;3544.0;3670.0;3177.5;416.4
27;46;6;2696.0;2834.2;3256.5;3579.8;3638.0;3204.7;394.5
27;47;6;2504.0;2671.8;3171.5;3557.2;3603.0;3106.8;471.2
27;48;6;2612.0;2802.8;3054.5;3545.5;3796.0;3157.5;450.1
27;49;6;2646.0;2716.5;2862.0;3392.2;3665.0;3045.3;406.5
27;50;6;2420.0;2515.5;2760.0;3420.0;3748.0;2960.3;534.7
27;51;6;2502.0;2761.5;2972.0;3648.2;3835.0;3141.0;519.2
27;52;6;2566.0;2593.0;2628.0;3383.8;3680.0;2953.2;497.7
27;53;6;2527.0;2690.2;2849.0;3373.0;3524.0;2989.0;396.0
27;54;6;2585.0;2649.0;2792.5;3431.8;3649.0;3010.8;453.1
27;55;6;2569.0;2619.8;2698.5;3246.0;3473.0;2910.2;380.1
27;56;6;2200.0;2668.2;2792.0;3347.8;3563.0;2917.8;486.4
27;57;6;2543.0;2726.5;2836.5;3374.0;3543.0;3000.3;392.5
27;58;6;2429.0;2596.5;2723.5;3357.5;3596.0;2932.5;462.4
27;59;6;2411.0;2492.5;2629.5;3254.8;3546.0;2854.3;464.4
27;60;6;2529.0;2850.2;3079.5;3569.8;3709.0;3150.7;437.5
27;61;6;2577.0;2643.2;2837.0;3252.8;3407.0;2938.0;341.6
27;62;6;2617.0;2773.5;2902.0;3330.5;3523.0;3024.7;343.9
27;63;6;2588.0;2622.0;2667.0;3350.2;3572.0;2946.5;442.7
27;64;6;2522.0;2635.5;2676.5;3250.0;3456.0;2899.0;389.8
27;65;6;2336.0;2535.5;2690.5;3291.8;3510.0;2867.2;457.2
27;66;6;2582.0;2790.8;3004.0;3452.0;3579.0;3081.7;382.6
27;67;6;2450.0;2493.5;2660.5;3157.5;3349.0;2813.5;372.2
27;68;6;2390.0;2450.5;2582.5;3141.2;3341.0;2771.7;397.1
27;69;6;2392.0;2490.8;2591.5;3068.0;3219.0;2746.3;337.3
27;70;6;2346.0;2392.5;2606.5;2988.5;3149.0;2690.8;323.9
27;71;6;2428.0;2546.2;2594.0;3041.5;3224.0;2760.2;317.0
27;72;6;2069.0;2243.2;2335.0;2964.5;3195.0;2553.5;452.2
27;73;6;2391.0;2520.2;2582.0;2964.0;3111.0;2709.5;282.1
27;74;6;2495.0;2533.0;2560.0;3097.8;3273.0;2781.5;347.1
27;75;6;2206.0;2286.8;2531.0;3064.0;3240.0;2659.2;428.1
27;76;6;2295.0;2404.0;2600.0;2988.8;3196.0;2691.3;342.8
27;77;6;2178.0;2268.5;2445.5;2927.0;3128.0;2582.3;380.0
27;78;6;2177.0;2323.0;2425.0;2845.0;3011.0;2552.0;324.4
27;79;6;2286.0;2391.8;2456.0;2975.5;3200.0;2652.8;371.7
27;80;6;2192.0;2263.0;2511.0;2672.8;3024.0;2524.2;290.9
27;81;6;2146.0;2232.8;2359.5;2568.0;3138.0;2471.8;335.6
27;82;6;2166.0;2368.5;2495.5;2698.2;3151.0;2566.7;316.4
27;83;6;2168.0;2254.5;2341.0;2494.2;3219.0;2473.3;353.0
27;84;6;2434.0;2471.8;2601.0;2666.5;3152.0;2650.8;242.0
27;85;6;2150.0;2430.2;2490.5;2583.8;3011.0;2527.8;257.7
27;86;6;2265.0;2368.0;2486.0;2662.5;3089.0;2562.7;274.1
27;87;6;2291.0;2351.0;2429.5;2595.8;3261.0;2564.5;330.9
27;88;6;2169.0;2220.0;2329.5;2474.2;3096.0;2438.3;316.0
27;89;6;2310.0;2361.5;2419.0;2466.8;2889.0;2477.0;192.5
27;90;6;2268.0;2312.5;2442.5;2544.8;3084.0;2514.2;275.4
27;91;6;2306.0;2416.2;2441.0;2656.2;3040.0;2560.7;248.7
27;92;6;2162.0;2338.5;2388.0;2455.5;3179.0;2486.2;324.3
27;93;6;2241.0;2388.0;2574.5;2674.0;3286.0;2618.2;336.4
27;94;6;2128.0;2365.2;2455.0;2619.8;2973.0;2503.5;264.9
27;95;6;2249.0;2311.0;2417.5;2537.5;3045.0;2497.0;266.5
27;96;6;2142.0;2268.8;2412.5;2678.5;3046.0;2500.2;313.5
27;97;6;2205.0;2399.2;2468.5;2621.0;3046.0;2539.3;264.0
27;98;6;2214.0;2418.0;2475.0;2640.8;3076.0;2555.8;271.6
27;99;6;2205.0;2299.5;2529.5;2699.5;3271.0;2585.7;359.1
28;0;6;3410.0;3696.5;4364.5;4369.5;4407.0;4065.2;441.3
28;1;6;3212.0;3756.2;4429.5;4496.0;4524.0;4107.5;525.2
28;2;6;3433.0;3778.5;4396.5;4441.5;4458.0;4118.8;434.8
28;3;6;3320.0;3753.0;4398.0;4473.0;4519.0;4111.8;488.7
28;4;6;2935.0;3791.2;4304.5;4405.2;4472.0;4012.5;559.3
28;5;6;3611.0;3930.0;4346.5;4378.2;4476.0;4160.0;329.6
28;6;6;3319.0;3673.0;4372.5;4462.2;4524.0;4086.7;502.1
28;7;6;3559.0;3833.0;4398.0;4459.0;4522.0;4166.8;398.8
28;8;6;3524.0;3850.0;4312.0;4360.0;4435.0;4109.2;357.7
28;9;6;3512.0;3775.2;4436.0;4476.5;4507.0;4156.0;440.8
28;10;6;3342.0;3688.2;4353.5;4428.5;4462.0;4071.8;473.2
28;11;6;3375.0;3607.8;4315.0;4416.2;4473.0;4050.0;479.4
28;12;6;3142.0;3429.0;4321.0;4421.8;4453.0;3970.7;585.4
28;13;6;3525.0;3850.2;4367.0;4372.2;4458.0;4128.2;376.3
28;14;6;3756.0;3990.0;4540.0;4556.0;4562.0;4294.3;362.4
28;15;6;3379.0;3704.0;4255.0;4338.0;4444.0;4036.5;421.8
28;16;6;3671.0;3906.2;4325.0;4326.8;4394.0;4134.8;296.3
28;17;6;3311.0;3565.5;4032.5;4351.0;4398.0;3940.2;436.8
28;18;6;3110.0;3281.8;3905.0;4395.5;4398.0;3825.2;577.2
28;19;6;3048.0;3359.0;3989.5;4306.5;4331.0;3819.8;527.0
28;20;6;3539.0;3618.5;3993.0;4364.5;4468.0;3995.8;402.9
28;21;6;3396.0;3674.0;4139.5;4491.8;4539.0;4057.0;464.8
28;22;6;3204.0;3483.0;3979.0;4358.8;4378.0;3890.5;481.4
28;23;6;3024.0;3244.0;3729.5;4215.8;4263.0;3701.0;520.1
28;24;6;3273.0;3335.2;3861.5;4290.2;4304.0;3815.5;480.9
28;25;6;3153.0;3301.5;3888.0;4331.2;4408.0;3820.3;534.4
28;26;6;3036.0;3164.2;3787.0;4255.2;4295.0;3712.2;561.5
28;27;6;3064.0;3227.2;3634.5;4036.5;4218.0;3635.5;466.2
28;28;6;2781.0;3007.0;3617.0;4104.0;4117.0;3533.7;582.4
28;29;6;3080.0;3419.0;3808.0;4025.2;4118.0;3700.2;383.4
28;30;6;3041.0;3291.2;3903.5;4210.5;4299.0;3757.8;509.2
28;31;6;2876.0;3255.0;3566.5;3927.5;4042.0;3541.7;429.6
28;32;6;2888.0;3236.2;3666.0;4050.0;4082.0;3595.5;475.5
28;33;6;3178.0;3241.0;3669.5;4041.8;4122.0;3650.5;415.9
28;34;6;3074.0;3171.0;3642.0;4008.8;4057.0;3593.3;431.0
28;35;6;2872.0;3055.0;3501.5;3997.5;4042.0;3497.7;502.8
28;36;6;3142.0;3417.5;3781.0;4039.5;4056.0;3697.0;365.1
28;37;6;2776.0;3187.0;3612.5;3960.8;3973.0;3516.0;470.9
28;38;6;2912.0;3095.0;3469.0;3846.0;3958.0;3458.3;429.2
28;39;6;2551.0;2886.2;3427.0;3853.0;3860.0;3327.7;542.6
28;40;6;2594.0;2829.2;3520.5;4016.8;4063.0;3413.2;630.7
28;41;6;2636.0;2880.8;3381.5;3879.2;3911.0;3344.8;545.6
28;42;6;3128.0;3166.0;3591.0;3955.2;3996.0;3567.8;397.2
28;43;6;2657.0;2936.0;3482.5;3888.0;4063.0;3410.3;548.3
28;44;6;2524.0;2971.2;3454.5;3900.2;3973.0;3377.5;562.3
28;45;6;2735.0;2858.2;3355.0;3813.5;3853.0;3326.2;499.2
28;46;6;2621.0;2906.5;3454.0;3941.5;3968.0;3387.5;569.1
28;47;6;2660.0;2779.0;3209.0;3744.0;3784.0;3236.7;499.1
28;48;6;2953.0;2970.2;3134.5;3715.8;3866.0;3318.8;400.7
28;49;6;2741.0;2824.2;3054.5;3572.8;3719.0;3177.0;402.6
28;50;6;2703.0;2770.5;2863.5;3484.5;3728.0;3098.2;430.7
28;51;6;2642.0;2764.0;3014.0;3588.8;3755.0;3147.7;451.4
28;52;6;2453.0;3082.0;3221.0;3825.0;4009.0;3327.7;545.8
28;53;6;2571.0;2668.2;2839.5;3568.8;3811.0;3080.7;520.9
28;54;6;2434.0;2669.0;2867.0;3482.0;3701.0;3026.5;493.3
28;55;6;2363.0;2552.8;2855.0;3615.5;3844.0;3039.7;595.6
28;56;6;2619.0;2797.2;2873.5;3529.5;3763.0;3108.2;463.6
28;57;6;2732.0;2912.2;3083.5;3578.8;3725.0;3203.8;387.2
28;58;6;2453.0;2574.2;2803.0;3403.0;3615.0;2962.5;466.9
28;59;6;2880.0;2974.8;3161.0;3669.8;3820.0;3295.7;384.9
28;60;6;2550.0;2829.8;2880.0;3443.2;3663.0;3069.5;419.7
28;61;6;2761.0;2883.8;3021.5;3532.0;3701.0;3174.2;382.0
28;62;6;2283.0;2583.2;2759.5;3477.2;3709.0;2958.7;548.7
28;63;6;2387.0;2832.5;2960.5;3487.5;3683.0;3074.0;463.0
28;64;6;2580.0;2606.0;2781.5;3527.8;3734.0;3033.5;506.3
28;65;6;2496.0;2592.5;2659.5;3353.5;3577.0;2924.5;464.9
28;66;6;2331.0;2466.0;2838.5;3475.0;3707.0;2957.3;559.5
28;67;6;2637.0;2776.0;3059.5;3503.5;3635.0;3120.7;397.8
28;68;6;2365.0;2626.0;2703.0;3333.5;3559.0;2912.3;460.2
28;69;6;2317.0;2713.5;2737.5;3382.5;3604.0;2949.8;482.2
28;70;6;2314.0;2558.5;2665.0;3111.2;3385.0;2802.0;386.5
28;71;6;2340.0;2776.8;3065.0;3471.8;3591.0;3058.2;449.2
28;72;6;2361.0;2568.5;2649.0;3304.0;3549.0;2878.7;469.8
28;73;6;2523.0;2570.0;2796.0;3493.8;3661.0;2999.5;492.5
28;74;6;2239.0;2606.0;2784.5;3374.8;3564.0;2915.0;488.2
28;75;6;2521.0;2623.5;2766.5;3304.0;3453.0;2927.7;384.1
28;76;6;2389.0;2477.2;2661.5;3294.2;3470.0;2850.5;452.1
28;77;6;1903.0;2380.0;2507.5;3123.2;3328.0;2652.0;512.0
28;78;6;2295.0;2420.5;2687.0;3229.5;3522.0;2822.2;479.9
28;79;6;2296.0;2409.5;2674.5;3187.0;3439.0;2793.8;453.2
28;80;6;2342.0;2492.8;2628.5;2706.5;3372.0;2691.8;329.6
28;81;6;2421.0;2443.5;2545.0;2799.5;3343.0;2691.3;328.3
28;82;6;2395.0;2640.2;2705.5;2830.8;3412.0;2784.8;313.9
28;83;6;1980.0;2384.2;2523.5;2590.8;3321.0;2549.8;401.3
28;84;6;2385.0;2421.5;2606.0;2746.2;3285.0;2672.5;308.2
28;85;6;2139.0;2404.0;2492.0;2646.0;3116.0;2551.8;302.3
28;86;6;2066.0;2250.0;2389.0;2570.0;3206.0;2480.7;368.7
28;87;6;2275.0;2342.2;2431.0;2641.2;3033.0;2532.3;261.6
28;88;6;2277.0;2338.2;2459.0;2504.8;3254.0;2544.5;328.8
28;89;6;2045.0;2357.5;2413.5;2459.0;2993.0;2446.3;281.0
28;90;6;2179.0;2279.8;2363.5;2511.0;2843.0;2426.8;218.5
28;91;6;2128.0;2295.2;2446.5;2609.0;3177.0;2517.7;337.6
28;92;6;2075.0;2181.8;2427.0;2559.8;3120.0;2458.8;347.4
28;93;6;2058.0;2199.5;2362.5;2582.5;2962.0;2424.3;303.0
28;94;6;1931.0;2127.2;2194.5;2302.2;2865.0;2271.3;291.4
28;95;6;2093.0;2173.2;2326.5;2395.0;2706.0;2332.0;201.9
28;96;6;2285.0;2298.2;2318.5;2390.5;2721.0;2391.5;152.9
28;97;6;2294.0;2351.2;2375.0;2468.5;2765.0;2442.0;156.6
28;98;6;2005.0;2244.0;2386.0;2481.5;2867.0;2392.3;265.7
28;99;6;2187.0;2303.2;2308.0;2397.5;2796.0;2388.0;195.1
29;0;6;3490.0;3847.0;4368.5;4430.2;4537.0;4148.0;404.8
29;1;6;3155.0;3700.5;4386.5;4499.5;4556.0;4082.2;552.2
29;2;6;3563.0;3810.5;4409.0;4418.8;4461.0;4145.8;395.4
29;3;6;3339.0;3779.0;4376.5;4520.2;4561.0;4133.5;484.4
29;4;6;3264.0;3585.2;4370.0;4438.5;4471.0;4043.3;525.5
29;5;6;3326.0;3914.5;4440.0;4454.0;4457.0;4143.5;447.7
29;6;6;3454.0;3714.5;4293.5;4302.5;4355.0;4037.2;389.0
29;7;6;3514.0;3695.0;4229.5;4250.2;4430.0;4029.5;368.3
29;8;6;3207.0;3461.2;4182.0;4212.8;4231.0;3874.3;466.6
29;9;6;3296.0;3804.0;4402.0;4406.8;4438.0;4091.8;462.3
29;10;6;3304.0;3687.2;4428.5;4476.0;4492.0;4097.5;510.5
29;11;6;3439.0;3702.2;4393.0;4426.0;4450.0;4097.3;454.1
29;12;6;3018.0;3484.8;4150.0;4260.2;4404.0;3880.3;532.2
29;13;6;3485.0;3839.5;4260.0;4334.8;4366.0;4071.7;347.0
29;14;6;3439.0;3930.2;4349.5;4416.2;4441.0;4134.7;382.2
29;15;6;3085.0;3694.5;4162.0;4322.8;4373.0;3949.5;476.3
29;16;6;3280.0;3618.2;4316.0;4354.5;4391.0;4009.3;478.0
29;17;6;2862.0;3249.5;3804.0;4377.2;4391.0;3749.0;639.4
29;18;6;3459.0;3538.2;3937.0;4244.2;4313.0;3899.7;371.3
29;19;6;2996.0;3368.2;3888.5;4364.5;4376.0;3811.2;571.4
29;20;6;3329.0;3477.5;3907.0;4270.5;4329.0;3866.3;417.8
29;21;6;2977.0;3223.0;3821.5;4209.2;4268.0;3708.3;533.4
29;22;6;3122.0;3289.8;3849.5;4290.0;4339.0;3783.3;520.1
29;23;6;3159.0;3424.8;3843.0;4162.2;4290.0;3781.5;437.9
29;24;6;3033.0;3119.8;3680.5;4219.5;4266.0;3665.3;561.8
29;25;6;2849.0;3113.0;3765.0;4231.0;4238.0;3649.8;596.9
29;26;6;3056.0;3370.8;3949.5;4151.0;4232.0;3763.8;463.2
29;27;6;3348.0;3448.2;3894.0;4264.8;4300.0;3854.0;422.5
29;28;6;2955.0;3522.8;3826.0;4118.8;4210.0;3742.5;446.1
29;29;6;3244.0;3379.0;3837.5;4179.8;4218.0;3776.2;421.9
29;30;6;3102.0;3301.8;3870.5;4077.8;4082.0;3697.3;419.9
29;31;6;2922.0;3213.0;3650.5;4139.8;4193.0;3631.0;513.1
29;32;6;2959.0;3237.8;3839.0;4203.2;4370.0;3728.2;549.1
29;33;6;3054.0;3283.5;3743.0;4177.8;4209.0;3700.3;494.3
29;34;6;2719.0;3116.0;3564.5;3949.2;4003.0;3482.5;500.0
29;35;6;3015.0;3197.8;3664.5;4056.2;4125.0;3616.3;466.1
29;36;6;2509.0;3011.0;3555.5;4056.5;4079.0;3458.7;622.7
29;37;6;2769.0;2833.5;3369.5;3813.2;3962.0;3347.7;515.3
29;38;6;2647.0;2778.0;3326.5;3828.5;3901.0;3298.7;553.3
29;39;6;2680.0;2844.5;3635.5;4030.5;4076.0;3461.7;608.0
29;40;6;2530.0;2925.2;3507.5;3910.5;4021.0;3390.3;578.4
29;41;6;2831.0;3073.5;3496.0;3905.0;3942.0;3456.5;467.2
29;42;6;2817.0;2938.5;3316.0;3728.0;3780.0;3317.8;415.4
29;43;6;3043.0;3211.8;3599.5;3835.8;3851.0;3515.0;336.9
29;44;6;2619.0;2748.8;3423.0;3945.8;3957.0;3344.3;609.3
29;45;6;2500.0;2821.5;3299.5;3788.0;3900.0;3268.7;565.1
29;46;6;2644.0;2843.5;3291.0;3541.2;3637.0;3197.0;392.2
29;47;6;2848.0;2963.2;3241.0;3569.8;3636.0;3252.7;329.2
29;48;6;2715.0;2864.0;3022.5;3440.5;3600.0;3125.2;346.1
29;49;6;2394.0;2774.5;2927.5;3409.0;3595.0;3022.8;427.4
29;50;6;2356.0;2598.0;2913.0;3535.5;3714.0;3022.0;528.1
29;51;6;2458.0;2747.5;2885.5;3397.8;3624.0;3020.5;428.8
29;52;6;2410.0;2590.0;2754.0;3443.0;3673.0;2966.5;509.3
29;53;6;2726.0;2755.8;2849.0;3383.2;3550.0;3043.3;361.5
29;54;6;2301.0;2521.2;2624.5;3233.2;3530.0;2833.8;472.1
29;55;6;2268.0;2432.0;2586.5;3240.5;3443.0;2787.2;474.2
29;56;6;2419.0;2511.8;2797.5;3285.0;3450.0;2888.0;415.9
29;57;6;2581.0;2669.0;2783.0;3503.8;3759.0;3046.8;494.5
29;58;6;1981.0;2537.8;2732.0;3122.8;3351.0;2753.7;459.3
29;59;6;2309.0;2369.0;2459.5;3158.2;3446.0;2734.0;480.1
29;60;6;2139.0;2624.2;2807.5;3116.0;3231.0;2794.5;376.5
29;61;6;2484.0;2596.2;2623.5;3236.5;3463.0;2870.3;412.1
29;62;6;2296.0;2434.2;2600.5;3114.8;3319.0;2746.8;402.6
29;63;6;2388.0;2470.5;2615.0;3310.0;3555.0;2856.2;492.8
29;64;6;2176.0;2430.0;2565.5;3109.8;3332.0;2719.2;433.5
29;65;6;2382.0;2433.8;2589.5;3217.0;3429.0;2799.7;445.7
29;66;6;2300.0;2377.0;2419.0;2918.5;3138.0;2620.7;346.0
29;67;6;2404.0;2483.8;2595.5;3104.0;3250.0;2760.8;353.9
29;68;6;2280.0;2322.0;2451.5;3198.2;3439.0;2724.7;508.7
29;69;6;2280.0;2481.5;2683.0;3194.2;3382.0;2801.2;423.6
29;70;6;2176.0;2339.0;2396.0;3075.5;3374.0;2660.7;481.2
29;71;6;2390.0;2474.2;2515.5;3235.5;3503.0;2810.0;481.4
29;72;6;2193.0;2434.5;2809.5;3156.8;3289.0;2780.5;419.2
29;73;6;2332.0;2484.2;2811.0;3290.0;3434.0;2868.8;440.1
29;74;6;2298.0;2393.0;2459.5;3287.2;3547.0;2783.0;542.9
29;75;6;2414.0;2483.2;2672.0;3148.0;3427.0;2818.7;397.0
29;76;6;2079.0;2303.2;2407.5;3021.8;3289.0;2613.0;463.8
29;77;6;2318.0;2379.2;2491.0;3091.8;3335.0;2711.5;423.2
29;78;6;2134.0;2550.2;2695.0;3285.2;3489.0;2832.8;496.4
29;79;6;2383.0;2544.5;2659.0;3227.2;3405.0;2838.2;410.2
29;80;6;2311.0;2422.2;2445.5;2476.2;3279.0;2563.7;324.5
29;81;6;1989.0;2223.2;2325.0;2457.5;3287.0;2436.2;410.1
29;82;6;2079.0;2124.5;2205.5;2527.2;3331.0;2425.5;444.5
29;83;6;2189.0;2420.2;2485.5;2499.8;3142.0;2534.2;292.2
29;84;6;2280.0;2489.2;2598.5;2696.5;3317.0;2662.7;324.0
29;85;6;2161.0;2250.8;2351.0;2673.2;3136.0;2499.5;343.2
29;86;6;1830.0;2025.0;2242.5;2520.8;3186.0;2344.5;447.2
29;87;6;1886.0;2362.0;2547.0;2704.2;3325.0;2560.3;436.9
29;88;6;1937.0;2185.0;2448.0;2499.5;3115.0;2427.0;371.9
29;89;6;1865.0;2148.0;2195.0;2482.8;2951.0;2319.5;349.1
29;90;6;1882.0;2023.5;2147.0;2263.8;3010.0;2245.2;366.2
29;91;6;2145.0;2203.8;2327.0;2457.0;3072.0;2422.3;312.2
29;92;6;2280.0;2473.8;2499.0;2522.8;3079.0;2558.8;246.6
29;93;6;2315.0;2465.8;2522.5;2650.5;3078.0;2596.3;241.9
29;94;6;2157.0;2307.2;2420.5;2477.5;3078.0;2473.7;291.9
29;95;6;2134.0;2244.8;2314.0;2507.8;3040.0;2432.7;301.1
29;96;6;2180.0;2266.0;2458.5;2605.2;3340.0;2548.8;388.4
29;97;6;2082.0;2260.8;2313.5;2344.5;3256.0;2427.2;380.9
29;98;6;1971.0;2005.2;2158.0;2346.0;3043.0;2282.2;370.2
29;99;6;2017.0;2276.2;2410.0;2548.2;3271.0;2489.0;391.2
30;0;6;3297.0;3755.0;4426.0;4473.8;4507.0;4112.8;496.3
30;1;6;3561.0;3864.8;4480.0;4496.0;4508.0;4198.3;416.4
30;2;6;3197.0;3680.0;4406.5;4417.5;4451.0;4053.3;524.8
30;3;6;3113.0;3773.0;4462.5;4499.5;4524.0;4102.8;560.4
30;4;6;3594.0;3813.5;4355.0;4484.8;4525.0;4165.0;387.9
30;5;6;3381.0;3780.0;4339.5;4477.5;4561.0;4123.0;460.2
30;6;6;3477.0;3786.2;4416.0;4483.2;4567.0;4159.7;447.8
30;7;6;3355.0;3811.2;4347.5;4355.0;4501.0;4090.2;432.4
30;8;6;3497.0;3921.5;4378.0;4429.5;4434.0;4150.5;371.2
30;9;6;3532.0;3780.0;4406.0;4532.5;4607.0;4182.8;446.0
30;10;6;3411.0;3766.0;4205.5;4222.8;4286.0;3992.7;343.8
30;11;6;3409.0;3707.5;4211.5;4316.5;4407.0;4021.7;393.2
30;12;6;3298.0;3782.8;4241.5;4298.2;4400.0;4021.3;407.3
30;13;6;3412.0;3668.5;4253.5;4369.8;4407.0;4034.7;415.3
30;14;6;3439.0;3701.5;4390.5;4465.2;4581.0;4127.2;479.1
30;15;6;3274.0;3946.5;4295.0;4318.8;4328.0;4058.2;391.9
30;16;6;3278.0;3659.5;4316.5;4407.2;4427.0;4036.0;476.1
30;17;6;3213.0;3344.2;3897.0;4268.2;4306.0;3810.8;476.8
30;18;6;3217.0;3398.2;3953.5;4240.2;4258.0;3821.8;444.2
30;19;6;3345.0;3406.2;3867.0;4219.0;4351.0;3836.5;427.9
30;20;6;3121.0;3452.2;3853.0;4156.2;4233.0;3772.7;425.4
30;21;6;2984.0;3233.2;3727.0;4173.5;4248.0;3679.5;525.9
30;22;6;2780.0;3009.8;3737.5;4240.2;4253.0;3613.8;644.3
30;23;6;3042.0;3315.2;3924.5;4269.0;4294.0;3780.2;516.0
30;24;6;3093.0;3363.0;3897.5;4217.5;4293.0;3781.7;481.5
30;25;6;2892.0;3188.2;3769.5;4273.5;4322.0;3698.2;599.8
30;26;6;2947.0;3246.8;3820.5;4089.8;4197.0;3670.0;488.8
30;27;6;3184.0;3395.0;3845.5;4305.8;4346.0;3820.8;500.8
30;28;6;2866.0;3022.2;3624.0;4014.2;4020.0;3516.7;511.0
30;29;6;2929.0;3038.8;3621.5;4145.8;4218.0;3592.5;567.4
30;30;6;2782.0;2895.5;3607.5;4216.0;4286.0;3560.0;671.4
30;31;6;2935.0;3173.0;3699.5;4194.5;4246.0;3656.2;550.9
30;32;6;3132.0;3324.0;3794.5;4193.8;4208.0;3737.2;460.8
30;33;6;3099.0;3164.8;3649.0;4079.2;4106.0;3621.5;463.7
30;34;6;2630.0;3381.0;3779.5;4227.5;4256.0;3678.3;600.2
30;35;6;2675.0;3069.8;3573.5;4075.0;4116.0;3513.7;583.2
30;36;6;2761.0;2891.8;3578.5;4034.2;4071.0;3473.0;572.4
30;37;6;2965.0;3142.0;3666.5;3999.8;4094.0;3578.3;460.0
30;38;6;3121.0;3324.8;3721.0;4108.2;4132.0;3687.5;425.8
30;39;6;2687.0;2951.5;3538.5;4026.5;4054.0;3460.5;580.3
30;40;6;2833.0;3025.5;3463.0;3932.0;3949.0;3446.0;487.1
30;41;6;2963.0;3051.8;3518.0;3937.0;3990.0;3493.7;453.2
30;42;6;2866.0;2969.0;3311.5;3714.0;3814.0;3334.3;397.1
30;43;6;3023.0;3259.8;3652.5;3835.2;3920.0;3545.5;343.6
30;44;6;2677.0;2847.0;3305.5;3855.5;3930.0;3325.2;536.6
30;45;6;2616.0;2852.5;3347.0;3816.8;3925.0;3316.0;542.5
30;46;6;2516.0;2984.2;3345.5;3695.5;3833.0;3286.0;478.9
30;47;6;2550.0;2969.0;3434.0;3827.8;3840.0;3338.5;510.7
30;48;6;2381.0;3044.5;3209.5;3639.2;3777.0;3224.8;475.5
30;49;6;2563.0;3024.2;3177.5;3643.5;3857.0;3257.8;450.6
30;50;6;2435.0;2917.5;2994.0;3390.0;3525.0;3060.3;375.6
30;51;6;2620.0;2684.8;2769.5;3794.8;4140.0;3182.0;673.3
30;52;6;2424.0;2516.0;2757.0;3384.2;3713.0;2946.7;508.3
30;53;6;2433.0;2802.2;3000.0;3570.5;3764.0;3115.7;489.8
30;54;6;2587.0;2903.0;2989.0;3554.2;3743.0;3154.2;434.5
30;55;6;2490.0;2863.5;3008.0;3565.8;3723.0;3132.7;453.8
30;56;6;2362.0;2827.2;2900.5;3421.5;3690.0;3041.8;459.5
30;57;6;2607.0;2655.8;2774.5;3289.2;3497.0;2955.0;370.8
30;58;6;2670.0;2775.2;2853.0;3599.0;3838.0;3135.2;501.1
30;59;6;2822.0;3083.5;3189.5;3685.5;3846.0;3324.3;383.7
30;60;6;2353.0;2482.2;2669.5;3321.0;3672.0;2887.0;522.5
30;61;6;2362.0;2466.5;2813.0;3473.8;3814.0;2974.5;570.0
30;62;6;2582.0;2775.8;2803.5;3456.0;3699.0;3054.7;450.9
30;63;6;2645.0;2711.5;2979.0;3476.8;3663.0;3088.5;414.9
30;64;6;2497.0;2716.2;2948.0;3479.0;3712.0;3066.7;464.0
30;65;6;2461.0;2667.5;2814.0;3336.2;3502.0;2953.3;406.4
30;66;6;2028.0;2600.2;2749.0;3306.5;3482.0;2841.8;510.0
30;67;6;2361.0;2425.8;2635.5;3253.2;3440.0;2814.5;452.9
30;68;6;2232.0;2359.0;2606.0;3298.5;3577.0;2804.5;541.8
30;69;6;2230.0;2420.2;2553.0;3159.8;3351.0;2737.5;447.0
30;70;6;2249.0;2323.8;2432.5;3025.8;3338.0;2660.5;440.0
30;71;6;2108.0;2286.0;2399.5;2866.2;3034.0;2535.2;357.7
30;72;6;2235.0;2313.0;2526.5;3082.8;3231.0;2671.5;416.5
30;73;6;2364.0;2394.8;2530.5;3248.2;3459.0;2786.8;480.1
30;74;6;2103.0;2420.5;2672.0;3145.5;3380.0;2744.5;463.4
30;75;6;2259.0;2528.5;2668.5;3142.2;3281.0;2776.5;381.5
30;76;6;2128.0;2204.8;2312.5;3114.0;3401.0;2617.3;545.4
30;77;6;2181.0;2319.5;2397.5;3010.2;3219.0;2617.2;425.6
30;78;6;2322.0;2354.2;2424.5;2954.5;3129.0;2627.0;355.9
30;79;6;2095.0;2180.8;2363.5;3105.0;3416.0;2618.3;551.4
30;80;6;2199.0;2275.2;2394.5;2501.8;3054.0;2469.2;283.1
30;81;6;2282.0;2388.5;2557.5;2716.8;3210.0;2618.2;309.3
30;82;6;1968.0;2133.2;2349.5;2396.2;3352.0;2415.3;448.5
30;83;6;1937.0;2118.8;2341.0;2466.5;3150.0;2387.0;389.5
30;84;6;1904.0;2097.5;2192.5;2356.5;2860.0;2271.0;304.3
30;85;6;2031.0;2133.0;2161.0;2238.5;2993.0;2289.0;322.2
30;86;6;2069.0;2219.0;2272.0;2333.2;2780.0;2324.7;221.0
30;87;6;2053.0;2157.5;2298.0;2523.2;2892.0;2375.0;286.1
30;88;6;2243.0;2263.0;2317.0;2411.5;2865.0;2405.0;215.9
30;89;6;2007.0;2121.5;2193.0;2230.0;3003.0;2289.3;328.0
30;90;6;1802.0;2153.8;2243.5;2337.0;2778.0;2259.8;290.4
30;91;6;2071.0;2184.5;2327.5;2438.2;2821.0;2359.8;244.0
30;92;6;1877.0;2057.5;2155.0;2227.0;2834.0;2216.2;299.9
30;93;6;1980.0;2007.5;2105.5;2311.5;3011.0;2259.5;360.8
30;94;6;1948.0;2011.2;2077.5;2104.0;2770.0;2162.5;277.3
30;95;6;1947.0;2056.0;2196.0;2343.5;2885.0;2271.0;311.5
30;96;6;2151.0;2174.8;2250.5;2293.2;2905.0;2335.7;260.5
30;97;6;1857.0;2217.2;2318.5;2415.2;2999.0;2354.0;342.1
30;98;6;2178.0;2226.0;2332.5;2532.0;2944.0;2429.3;266.5
30;99;6;1918.0;2085.2;2199.0;2357.0;2760.0;2255.5;269.4
31;0;6;3527.0;3856.8;4312.5;4418.8;4524.0;4139.2;379.7
31;1;6;3446.0;3745.2;4313.0;4372.2;4437.0;4076.2;408.1
31;2;6;3231.0;3956.0;4472.5;4538.2;4564.0;4180.7;499.6
31;3;6;3580.0;3781.0;4173.5;4326.0;4371.0;4054.2;314.8
31;4;6;3032.0;3753.0;4420.0;4472.8;4528.0;4070.2;576.7
31;5;6;3205.0;3563.8;4383.5;4421.0;4436.0;4022.0;545.1
31;6;6;3114.0;3922.0;4351.5;4465.2;4512.0;4101.8;501.8
31;7;6;3220.0;4131.5;4356.5;4406.8;4500.0;4152.2;437.8
31;8;6;3399.0;3845.2;4452.5;4483.0;4490.0;4155.0;451.3
31;9;6;3156.0;3835.8;4468.5;4495.2;4558.0;4130.0;540.7
31;10;6;3250.0;3699.5;4395.5;4430.0;4458.0;4068.0;504.3
31;11;6;3369.0;3809.0;4450.0;4476.0;4506.0;4142.5;469.7
31;12;6;3066.0;3718.2;4359.0;4391.5;4400.0;4015.2;530.8
31;13;6;3408.0;3684.8;4502.5;4524.5;4553.0;4151.7;523.0
31;14;6;3432.0;3704.0;4387.0;4449.0;4476.0;4104.7;456.2
31;15;6;3213.0;3692.2;4379.5;4430.0;4526.0;4068.0;522.6
31;16;6;3477.0;3693.5;4280.0;4298.0;4376.0;4035.8;389.1
31;17;6;2854.0;3554.8;4072.5;4353.2;4376.0;3867.3;563.0
31;18;6;3104.0;3255.0;3824.5;4340.0;4431.0;3793.5;570.4
31;19;6;2965.0;3123.0;3927.5;4431.2;4442.0;3786.0;662.4
31;20;6;3019.0;3256.8;3842.5;4222.0;4254.0;3728.0;516.8
31;21;6;3044.0;3254.0;3804.0;4266.2;4300.0;3740.5;543.7
31;22;6;3319.0;3447.5;3905.0;4280.0;4424.0;3875.5;454.0
31;23;6;3388.0;3597.5;4010.0;4406.8;4504.0;3985.2;455.8
31;24;6;2889.0;3083.8;3769.5;4262.5;4291.0;3666.8;613.4
31;25;6;2973.0;3450.8;3873.0;4266.8;4301.0;3788.0;513.6
31;26;6;3019.0;3209.8;3792.5;4153.2;4172.0;3677.5;492.8
31;27;6;3157.0;3353.2;3846.0;4152.0;4182.0;3745.7;429.5
31;28;6;3048.0;3271.5;3623.0;4048.0;4101.0;3623.2;429.9
31;29;6;2790.0;3062.0;3776.0;4172.8;4183.0;3609.0;590.9
31;30;6;2831.0;3444.2;3810.0;4079.8;4120.0;3677.2;469.5
31;31;6;3022.0;3077.8;3697.5;4180.0;4271.0;3650.0;563.1
31;32;6;2759.0;3228.8;3583.5;3915.8;3937.0;3500.0;450.8
31;33;6;2949.0;2996.8;3506.5;4110.8;4160.0;3543.5;563.2
31;34;6;2988.0;3150.5;3639.0;3944.5;3969.0;3544.8;420.0
31;35;6;2754.0;2908.8;3440.5;3881.5;4026.0;3403.5;527.6
31;36;6;2874.0;3099.8;3468.0;3830.2;3881.0;3436.5;410.3
31;37;6;2691.0;2993.8;3574.0;3792.8;3904.0;3401.5;472.4
31;38;6;2976.0;2996.8;3454.5;3928.8;3940.0;3459.3;466.6
31;39;6;3004.0;3194.2;3564.0;3864.8;3929.0;3516.2;374.1
31;40;6;2521.0;2946.5;3564.5;3932.0;3965.0;3401.7;575.5
31;41;6;2711.0;3097.2;3581.5;3801.8;3892.0;3429.5;443.0
31;42;6;2867.0;3091.2;3542.5;3819.8;3856.0;3443.5;402.3
31;43;6;2562.0;2877.2;3406.0;3838.8;3853.0;3318.5;532.8
31;44;6;2874.0;3001.5;3537.5;4001.5;4050.0;3496.3;513.2
31;45;6;3030.0;3138.5;3554.5;3872.2;3876.0;3498.8;378.2
31;46;6;2644.0;2710.0;3330.5;3792.0;3870.0;3270.7;547.3
31;47;6;2689.0;2791.8;3330.5;3638.2;3681.0;3230.7;435.2
31;48;6;2604.0;2760.5;3075.0;3540.2;3776.0;3146.8;449.4
31;49;6;2528.0;2755.8;3022.5;3496.2;3634.0;3088.0;423.1
31;50;6;2574.0;2720.5;2910.0;3498.5;3681.0;3071.2;443.6
31;51;6;2428.0;2556.2;2686.5;3496.2;3758.0;2973.0;559.7
31;52;6;2426.0;2516.0;2655.5;3437.8;3695.0;2933.3;539.9
31;53;6;2522.0;2709.5;2929.5;3525.2;3709.0;3075.0;466.5
31;54;6;2488.0;2914.5;2997.5;3532.8;3758.0;3139.8;450.1
31;55;6;2498.0;2668.0;2866.0;3484.8;3671.0;3032.3;467.0
31;56;6;2401.0;2453.0;2480.0;3217.2;3485.0;2792.2;481.9
31;57;6;2551.0;2731.0;2822.5;3381.2;3572.0;3006.0;404.4
31;58;6;2793.0;2859.5;2945.5;3636.0;3885.0;3211.0;465.9
31;59;6;2589.0;2718.8;3039.5;3568.8;3733.0;3126.3;461.2
31;60;6;2414.0;2542.8;2728.5;3388.2;3567.0;2921.2;474.8
31;61;6;2637.0;2644.2;2868.0;3502.8;3647.0;3050.7;448.1
31;62;6;2548.0;2621.2;2830.0;3417.5;3585.0;2993.0;433.4
31;63;6;2172.0;2402.5;2638.0;3323.5;3589.0;2818.8;545.3
31;64;6;2412.0;2501.2;2593.0;3301.2;3525.0;2855.2;476.7
31;65;6;2437.0;2515.2;2643.5;3250.2;3453.0;2850.3;425.0
31;66;6;2489.0;2670.5;2743.5;3147.2;3375.0;2879.8;325.5
31;67;6;2316.0;2382.2;2564.0;3144.8;3412.0;2752.7;449.0
31;68;6;2125.0;2494.0;2634.0;3218.0;3396.0;2774.8;470.2
31;69;6;2355.0;2567.8;2680.0;3195.8;3375.0;2831.3;390.0
31;70;6;2165.0;2451.8;2632.5;3123.0;3287.0;2732.5;420.7
31;71;6;2323.0;2422.2;2531.0;3061.2;3302.0;2718.5;393.7
31;72;6;2307.0;2552.2;2603.0;3195.2;3434.0;2812.5;433.6
31;73;6;2341.0;2460.8;2742.0;3132.0;3224.0;2779.7;355.2
31;74;6;2263.0;2540.8;2684.0;3118.2;3224.0;2768.5;358.1
31;75;6;2140.0;2220.2;2494.5;2972.8;3093.0;2580.5;393.6
31;76;6;2364.0;2498.8;2660.0;3087.5;3251.0;2768.3;349.9
31;77;6;2248.0;2430.0;2501.5;3075.5;3330.0;2709.0;424.4
31;78;6;2283.0;2408.5;2489.0;2988.8;3288.0;2681.0;385.6
31;79;6;2168.0;2268.0;2428.0;2932.2;3178.0;2586.2;401.8
31;80;6;2384.0;2594.0;2694.5;2791.2;3181.0;2723.0;244.8
31;81;6;2102.0;2411.2;2665.0;2732.0;3072.0;2597.5;308.6
31;82;6;2247.0;2330.0;2453.0;2566.2;3165.0;2535.2;304.0
31;83;6;2182.0;2210.0;2354.0;2474.8;3122.0;2448.2;323.9
31;84;6;2267.0;2385.0;2478.5;2566.0;3155.0;2554.7;286.9
31;85;6;2334.0;2432.5;2489.0;2562.0;3363.0;2612.5;344.0
31;86;6;2187.0;2521.2;2672.5;2784.0;3323.0;2691.2;344.8
31;87;6;2273.0;2357.2;2501.5;2567.0;3156.0;2555.0;289.9
31;88;6;2246.0;2391.5;2534.5;2660.2;3246.0;2601.2;324.0
31;89;6;2086.0;2155.5;2359.5;2545.5;3171.0;2445.2;373.1
31;90;6;2187.0;2303.8;2465.0;2567.0;3162.0;2521.7;318.3
31;91;6;2190.0;2257.8;2308.0;2479.0;2985.0;2428.0;271.0
31;92;6;2067.0;2163.0;2351.5;2632.2;3103.0;2449.8;358.6
31;93;6;2025.0;2202.8;2263.0;2433.5;3083.0;2384.5;340.1
31;94;6;2022.0;2116.8;2421.0;2582.8;2970.0;2414.3;330.9
31;95;6;2157.0;2186.8;2311.0;2446.5;3004.0;2403.3;290.7
31;96;6;1980.0;2177.2;2385.0;2443.5;2934.0;2375.8;300.9
31;97;6;2054.0;2134.0;2269.0;2422.8;2966.0;2353.5;305.1
31;98;6;2066.0;2161.0;2227.5;2281.2;3023.0;2330.3;318.1
31;99;6;1898.0;2165.5;2342.5;2376.2;2920.0;2332.8;312.9
32;0;6;3359.0;3859.8;4506.5;4534.5;4542.0;4183.7;488.4
32;1;6;3250.0;3676.8;4453.5;4504.2;4543.0;4106.5;546.9
32;2;6;3678.0;3845.5;4253.0;4354.5;4377.0;4109.8;292.9
32;3;6;3157.0;3669.8;4368.0;4417.5;4540.0;4050.7;540.6
32;4;6;3170.0;3521.2;4137.0;4176.0;4216.0;3860.8;438.2
32;5;6;3627.0;3889.5;4499.5;4506.5;4539.0;4226.7;403.1
32;6;6;3417.0;3711.0;4253.0;4412.5;4478.0;4066.2;429.0
32;7;6;3512.0;4072.2;4457.5;4587.8;4632.0;4272.3;407.0
32;8;6;3274.0;3846.8;4400.0;4440.2;4543.0;4122.2;478.0
32;9;6;3071.0;3656.2;4242.5;4274.5;4439.0;3956.8;504.8
32;10;6;3232.0;3719.5;4461.0;4519.2;4554.0;4119.8;544.5
32;11;6;3499.0;3764.8;4378.0;4439.2;4469.0;4124.0;419.0
32;12;6;3087.0;3851.5;4416.0;4469.8;4481.0;4091.8;531.5
32;13;6;3408.0;3678.2;4294.0;4321.8;4353.0;4025.5;413.6
32;14;6;3338.0;3898.0;4246.5;4268.8;4323.0;4035.3;360.2
32;15;6;3548.0;3926.5;4278.0;4311.5;4348.0;4097.3;304.3
32;16;6;3433.0;3649.0;4211.5;4226.5;4302.0;3975.2;373.2
32;17;6;3302.0;3492.8;3946.5;4356.8;4403.0;3905.5;469.9
32;18;6;2968.0;3246.8;3792.0;4291.5;4316.0;3731.8;573.0
32;19;6;3306.0;3623.5;4089.5;4503.8;4534.0;4021.5;500.3
32;20;6;3312.0;3373.0;3944.5;4363.0;4383.0;3878.2;493.2
32;21;6;3012.0;3127.5;3727.5;4270.5;4278.0;3687.3;585.7
32;22;6;3081.0;3182.5;3819.5;4338.0;4355.0;3759.3;585.9
32;23;6;2933.0;3220.5;3864.5;4208.5;4281.0;3712.0;549.1
32;24;6;2906.0;3154.8;3820.0;4291.8;4305.0;3705.5;602.2
32;25;6;3059.0;3290.8;3874.5;4195.8;4263.0;3745.0;490.9
32;26;6;3313.0;3441.2;3882.5;4128.0;4155.0;3789.5;360.2
32;27;6;3042.0;3374.8;3792.0;4206.2;4248.0;3742.3;489.8
32;28;6;3003.0;3214.8;3704.5;4130.5;4143.0;3646.5;491.0
32;29;6;3048.0;3202.2;3723.0;4261.8;4272.0;3706.0;556.8
32;30;6;3176.0;3440.5;3879.0;4262.0;4292.0;3818.3;456.9
32;31;6;3180.0;3198.0;3690.5;4164.2;4174.0;3681.8;484.7
32;32;6;3152.0;3282.8;3794.5;4108.2;4190.0;3709.3;437.4
32;33;6;3136.0;3330.5;3748.0;4130.2;4163.0;3707.3;430.3
32;34;6;3074.0;3275.0;3701.5;4041.0;4084.0;3641.3;419.8
32;35;6;2936.0;3032.0;3558.5;3977.0;4020.0;3507.7;486.6
32;36;6;3106.0;3319.5;3822.0;4116.8;4208.0;3720.8;442.1
32;37;6;2860.0;3147.8;3665.0;4010.5;4173.0;3577.3;507.0
32;38;6;2833.0;3231.2;3812.0;4143.0;4171.0;3653.2;528.4
32;39;6;2714.0;2983.5;3457.0;3965.8;4005.0;3432.3;537.5
32;40;6;2616.0;3075.2;3501.0;3785.0;3878.0;3384.8;462.8
32;41;6;2872.0;3081.2;3494.5;3792.2;3882.0;3429.7;403.9
32;42;6;2857.0;2980.5;3502.0;3863.0;3879.0;3421.7;453.5
32;43;6;2905.0;2988.8;3439.5;3837.8;3853.0;3407.7;434.0
32;44;6;2564.0;2699.5;3432.0;3809.8;3838.0;3276.2;563.8
32;45;6;2620.0;2961.0;3404.0;3685.0;3726.0;3291.0;432.8
32;46;6;2563.0;2767.8;3345.5;3726.8;3787.0;3245.0;508.0
32;47;6;2710.0;3020.8;3425.5;3730.5;3791.0;3345.0;422.3
32;48;6;2896.0;3061.8;3116.0;3608.2;3795.0;3289.8;353.1
32;49;6;2615.0;2847.0;2954.5;3404.0;3567.0;3076.0;355.2
32;50;6;2790.0;2905.0;3034.0;3520.0;3686.0;3181.3;362.2
32;51;6;2532.0;2726.0;2881.0;3336.0;3550.0;3001.0;379.1
32;52;6;2490.0;2667.8;2833.5;3410.2;3640.0;3002.0;445.2
32;53;6;2405.0;2553.5;2818.0;3483.8;3664.0;2979.3;511.5
32;54;6;2522.0;2783.5;3065.0;3528.8;3639.0;3110.7;425.4
32;55;6;2432.0;2912.5;3040.5;3366.5;3503.0;3060.2;362.0
32;56;6;2392.0;2613.2;2825.5;3412.0;3662.0;2975.8;480.8
32;57;6;2386.0;2590.2;2885.0;3407.8;3594.0;2970.7;463.9
32;58;6;2309.0;2478.5;2663.5;3111.0;3272.0;2764.2;368.9
32;59;6;2357.0;2565.5;2606.0;3344.0;3599.0;2885.0;506.7
32;60;6;2637.0;2682.8;2864.5;3432.5;3622.0;3038.7;413.5
32;61;6;2733.0;2831.2;2898.0;3257.2;3401.0;3019.3;265.3
32;62;6;2523.0;2619.5;2884.0;3383.2;3520.0;2982.0;407.0
32;63;6;2192.0;2348.5;2825.5;3217.8;3353.0;2789.0;463.3
32;64;6;2665.0;2756.5;2857.5;3285.5;3430.0;2993.5;314.5
32;65;6;2220.0;2389.2;2478.5;3063.5;3286.0;2680.2;423.6
32;66;6;2056.0;2330.5;2812.5;3267.5;3413.0;2780.5;529.2
32;67;6;2324.0;2647.0;2826.0;3175.2;3349.0;2867.3;358.2
32;68;6;2346.0;2675.2;2804.5;3171.5;3295.0;2862.7;340.0
32;69;6;2035.0;2210.0;2469.5;3098.0;3339.0;2624.0;516.9
32;70;6;2216.0;2438.0;2546.5;3109.5;3328.0;2722.7;430.0
32;71;6;2445.0;2619.2;2688.5;3306.8;3514.0;2907.5;430.2
32;72;6;2012.0;2353.2;2542.0;3123.0;3309.0;2668.7;480.2
32;73;6;2195.0;2456.8;2661.0;3236.5;3463.0;2799.5;481.1
32;74;6;2422.0;2522.0;2576.5;3027.0;3240.0;2749.3;328.7
32;75;6;2449.0;2495.5;2537.0;3054.8;3267.0;2749.8;352.7
32;76;6;2406.0;2456.0;2625.0;3139.0;3310.0;2779.3;380.4
32;77;6;2347.0;2593.5;2623.0;3113.0;3273.0;2787.7;355.1
32;78;6;2302.0;2369.5;2386.0;3018.2;3341.0;2668.0;438.1
32;79;6;2315.0;2481.0;2609.0;3090.2;3341.0;2760.5;390.6
32;80;6;2286.0;2356.0;2447.5;2567.5;3336.0;2575.0;354.7
32;81;6;2461.0;2528.2;2684.0;2752.0;3371.0;2741.8;302.5
32;82;6;2068.0;2363.5;2396.5;2728.8;3214.0;2544.5;374.7
32;83;6;2503.0;2583.5;2724.5;2827.2;3403.0;2792.2;299.1
32;84;6;2227.0;2283.0;2403.5;2527.8;3319.0;2527.5;371.0
32;85;6;2191.0;2438.5;2567.0;2665.5;3160.0;2596.5;297.6
32;86;6;2355.0;2475.2;2551.0;2572.8;3170.0;2609.5;261.8
32;87;6;2148.0;2361.5;2473.5;2578.8;3093.0;2521.0;294.6
32;88;6;2242.0;2506.0;2513.0;2630.2;3211.0;2608.7;297.3
32;89;6;2321.0;2410.2;2570.0;2601.5;3231.0;2610.2;298.5
32;90;6;2132.0;2404.0;2422.5;2599.2;3281.0;2552.3;359.3
32;91;6;2385.0;2435.5;2465.0;2643.0;3238.0;2613.5;296.4
32;92;6;2507.0;2595.0;2668.0;2732.0;3167.0;2722.3;213.1
32;93;6;2429.0;2496.2;2554.0;2689.0;3318.0;2677.7;300.7
32;94;6;2393.0;2527.2;2683.0;2820.8;3467.0;2761.3;350.1
32;95;6;2232.0;2428.8;2459.0;2658.0;3365.0;2609.7;366.4
32;96;6;2243.0;2483.2;2747.0;2874.2;3295.0;2724.0;339.2
32;97;6;2160.0;2333.5;2399.5;2570.5;3094.0;2498.7;298.8
32;98;6;2186.0;2333.5;2553.5;2785.5;3342.0;2626.3;386.0
32;99;6;2178.0;2314.2;2459.5;2638.5;3128.0;2531.5;311.2
33;0;6;3339.0;3769.0;4471.0;4514.5;4547.0;4148.7;506.5
33;1;6;3154.0;3510.0;4310.0;4439.5;4481.0;3996.8;565.5
33;2;6;3221.0;3725.8;4321.0;4380.0;4408.0;4033.0;474.9
33;3;6;3257.0;3485.8;4198.5;4306.0;4392.0;3939.3;485.9
33;4;6;3389.0;3650.0;4427.0;4453.2;4533.0;4104.8;505.0
33;5;6;3283.0;3558.0;4385.0;4450.8;4500.0;4051.3;542.2
33;6;6;3357.0;4003.2;4370.5;4484.2;4535.0;4172.7;424.7
33;7;6;3398.0;3637.2;4322.5;4408.5;4463.0;4058.7;464.8
33;8;6;3376.0;3702.8;4445.0;4537.8;4569.0;4143.2;510.7
33;9;6;3169.0;3574.2;4226.0;4330.2;4365.0;3951.3;488.4
33;10;6;3367.0;3673.0;4408.0;4442.5;4476.0;4090.2;489.4
33;11;6;3535.0;3821.2;4430.0;4444.8;4488.0;4158.5;411.1
33;12;6;3269.0;3748.0;4339.5;4374.5;4391.0;4046.0;457.2
33;13;6;3310.0;3665.2;4316.0;4337.5;4381.0;4019.3;453.2
33;14;6;3419.0;3708.2;4288.5;4325.0;4378.0;4037.7;402.4
33;15;6;3184.0;3757.5;4312.5;4386.0;4427.0;4036.5;478.5
33;16;6;3332.0;3715.0;4230.0;4277.8;4312.0;3990.2;394.4
33;17;6;3511.0;3597.2;4072.0;4382.5;4418.0;3999.7;400.0
33;18;6;3260.0;3387.2;3860.5;4267.8;4302.0;3819.3;460.5
33;19;6;3162.0;3549.0;4040.0;4444.8;4459.0;3944.3;523.8
33;20;6;3317.0;3445.2;3901.5;4331.5;4352.0;3873.3;464.8
33;21;6;3261.0;3369.8;3824.5;4211.8;4236.0;3784.2;432.9
33;22;6;3268.0;3415.0;3826.0;4235.5;4264.0;3805.7;431.9
33;23;6;3404.0;3790.5;4147.5;4377.8;4415.0;4040.0;381.1
33;24;6;3406.0;3735.8;4050.0;4275.8;4287.0;3962.5;340.1
33;25;6;3027.0;3160.8;3673.5;4133.8;4212.0;3643.8;513.0
33;26;6;3188.0;3342.8;3751.5;4104.0;4272.0;3731.8;430.6
33;27;6;3445.0;3452.0;3835.0;4203.0;4249.0;3835.7;382.4
33;28;6;3368.0;3458.5;3896.5;4240.8;4296.0;3854.2;404.2
33;29;6;3190.0;3318.0;3790.0;4135.2;4345.0;3754.3;459.5
33;30;6;3099.0;3394.0;3834.5;4096.5;4100.0;3716.5;404.4
33;31;6;3190.0;3307.8;3926.5;4267.0;4279.0;3800.7;485.0
33;32;6;2973.0;2991.8;3518.5;4109.8;4196.0;3554.8;565.0
33;33;6;2997.0;3341.2;3788.5;4203.5;4255.0;3727.2;503.2
33;34;6;2952.0;3287.5;3635.5;3964.0;4058.0;3587.7;419.4
33;35;6;2806.0;3021.8;3547.5;4017.0;4024.0;3490.8;534.1
33;36;6;3029.0;3247.0;3747.0;4204.2;4230.0;3698.3;514.4
33;37;6;2926.0;2997.2;3476.0;3943.5;3954.0;3461.5;483.4
33;38;6;2593.0;2950.5;3440.5;3952.2;3984.0;3394.7;572.5
33;39;6;2859.0;3000.5;3568.0;3948.8;3965.0;3474.5;488.8
33;40;6;2787.0;2996.8;3455.0;3879.5;3984.0;3424.3;477.8
33;41;6;2893.0;2969.8;3464.0;3806.8;3816.0;3393.8;419.5
33;42;6;2482.0;2980.2;3358.5;3630.2;3727.0;3250.2;451.2
33;43;6;2770.0;2858.0;3351.0;3776.5;3845.0;3321.5;479.1
33;44;6;2877.0;3063.8;3541.0;3772.2;3849.0;3427.0;392.0
33;45;6;2798.0;2826.2;3273.0;3691.2;3733.0;3264.2;432.2
33;46;6;2763.0;3058.5;3343.5;3618.8;3706.0;3305.0;355.7
33;47;6;2678.0;2866.2;3247.5;3581.5;3645.0;3208.3;394.7
33;48;6;2598.0;2664.0;2784.0;3484.5;3716.0;3037.3;484.4
33;49;6;2764.0;2887.8;3000.5;3456.0;3606.0;3138.2;337.2
33;50;6;2441.0;2513.5;2681.5;3457.8;3702.0;2946.7;538.6
33;51;6;2580.0;2922.0;2946.0;3405.8;3645.0;3098.3;378.6
33;52;6;2606.0;2691.2;2845.5;3452.0;3722.0;3052.2;457.8
33;53;6;2260.0;2495.2;2601.5;3197.5;3436.0;2792.5;454.3
33;54;6;2416.0;2625.8;2904.0;3358.5;3531.0;2966.3;422.4
33;55;6;2349.0;2551.2;2668.5;3163.8;3334.0;2810.2;378.9
33;56;6;2359.0;2614.5;2797.5;3159.8;3257.0;2840.8;331.3
33;57;6;2343.0;2457.8;2657.0;3026.5;3322.0;2753.3;359.0
33;58;6;2247.0;2344.8;2620.0;3220.0;3424.0;2764.0;480.4
33;59;6;2339.0;2553.8;2653.5;3231.0;3435.0;2837.5;427.2
33;60;6;2331.0;2466.5;2513.0;3176.0;3436.0;2773.5;455.5
33;61;6;2399.0;2505.0;2651.0;3219.2;3451.0;2836.2;428.1
33;62;6;2710.0;2904.0;2933.5;3455.0;3654.0;3125.7;371.9
33;63;6;2330.0;2434.2;2688.0;3226.0;3539.0;2833.3;472.0
33;64;6;2089.0;2590.8;2742.5;3203.2;3346.0;2802.8;439.6
33;65;6;2147.0;2391.0;2501.5;3176.8;3434.0;2723.3;505.1
33;66;6;2262.0;2509.2;2580.5;3088.2;3267.0;2738.8;380.5
33;67;6;2283.0;2406.8;2542.0;3192.5;3394.0;2755.3;459.3
33;68;6;2304.0;2474.2;2613.5;3112.8;3381.0;2769.8;411.1
33;69;6;2335.0;2559.0;2646.0;3270.8;3498.0;2855.7;456.9
33;70;6;2205.0;2241.2;2452.5;3068.8;3384.0;2656.5;478.9
33;71;6;2283.0;2515.5;2658.5;3230.5;3488.0;2829.5;459.0
33;72;6;2278.0;2603.8;2666.5;3177.8;3369.0;2818.5;401.1
33;73;6;2089.0;2324.8;2504.0;3145.2;3363.0;2680.7;492.4
33;74;6;2320.0;2367.8;2550.5;3253.0;3484.0;2783.2;497.8
33;75;6;2190.0;2324.5;2543.5;3121.8;3346.0;2698.2;459.0
33;76;6;2234.0;2500.8;2625.5;3141.0;3376.0;2772.2;419.6
33;77;6;2281.0;2527.0;2787.0;3308.8;3489.0;2877.8;456.3
33;78;6;2345.0;2639.2;2910.5;3403.8;3598.0;2980.2;461.3
33;79;6;2122.0;2331.0;2584.0;3084.5;3378.0;2694.3;470.3
33;80;6;2376.0;2440.0;2514.5;2617.5;3176.0;2608.0;267.8
33;81;6;2302.0;2495.0;2564.0;2642.0;3509.0;2679.8;387.3
33;82;6;2233.0;2350.5;2461.5;2627.2;3118.0;2545.0;291.3
33;83;6;2309.0;2424.8;2466.5;2603.5;3359.0;2610.2;349.1
33;84;6;2226.0;2534.8;2560.5;2605.8;3317.0;2635.2;330.4
33;85;6;2189.0;2500.0;2529.5;2777.2;3432.0;2671.7;390.6
33;86;6;2265.0;2405.0;2449.5;2604.2;3227.0;2572.8;314.1
33;87;6;2339.0;2351.8;2409.5;2444.8;3218.0;2527.5;311.7
33;88;6;2261.0;2302.8;2412.0;2651.0;3315.0;2566.2;367.0
33;89;6;2170.0;2418.8;2604.5;2643.2;3329.0;2620.2;359.3
33;90;6;2309.0;2380.2;2400.0;2461.8;3281.0;2541.0;334.7
33;91;6;2344.0;2550.0;2606.5;2852.8;3407.0;2738.3;344.8
33;92;6;2415.0;2527.5;2660.5;2801.0;3377.0;2740.7;315.1
33;93;6;1945.0;2349.2;2471.5;2722.8;3403.0;2567.7;450.4
33;94;6;2205.0;2269.8;2355.0;2659.2;3328.0;2540.8;394.6
33;95;6;2249.0;2330.8;2501.0;2627.8;3105.0;2550.0;287.5
33;96;6;2128.0;2212.5;2299.5;2450.2;3132.0;2423.8;336.3
33;97;6;2140.0;2426.8;2476.0;2531.2;3311.0;2560.5;359.8
33;98;6;1990.0;2121.0;2323.0;2575.2;3108.0;2409.5;378.4
33;99;6;1952.0;1968.2;2077.0;2562.2;3179.0;2323.5;460.9
34;0;6;3580.0;3909.8;4336.0;4376.0;4468.0;4146.2;340.5
34;1;6;3378.0;3803.5;4500.5;4594.5;4619.0;4199.2;511.1
34;2;6;3255.0;3769.8;4374.0;4400.8;4412.0;4065.5;470.0
34;3;6;3390.0;3630.8;4375.5;4473.8;4485.0;4085.8;488.4
34;4;6;3252.0;3870.0;4374.5;4453.0;4478.0;4110.0;463.8
34;5;6;3449.0;3692.5;4375.5;4383.5;4397.0;4074.7;436.5
34;6;6;3504.0;3842.2;4377.0;4463.2;4505.0;4153.2;404.7
34;7;6;3158.0;3693.2;4296.5;4424.2;4432.0;4023.7;499.6
34;8;6;3288.0;3832.0;4360.5;4433.0;4457.0;4096.5;451.5
34;9;6;3172.0;3905.8;4387.0;4442.2;4476.0;4104.7;485.0
34;10;6;3002.0;3554.0;4405.5;4489.8;4544.0;4024.2;632.1
34;11;6;3215.0;3718.5;4316.0;4375.8;4415.0;4029.5;474.2
34;12;6;3260.0;3561.2;4280.0;4326.0;4378.0;3976.8;483.6
34;13;6;3303.0;3866.8;4402.5;4430.5;4471.0;4117.8;452.7
34;14;6;3336.0;3750.0;4293.5;4357.0;4411.0;4046.8;426.2
34;15;6;3252.0;3699.0;4335.5;4360.8;4391.0;4028.3;469.4
34;16;6;3083.0;3590.2;4398.5;4414.8;4420.0;4006.8;572.7
34;17;6;3388.0;3537.5;3980.5;4420.5;4463.0;3961.5;465.3
34;18;6;3581.0;3810.2;4067.5;4358.5;4390.0;4047.7;323.5
34;19;6;3084.0;3466.5;3935.5;4351.2;4376.0;3855.2;517.5
34;20;6;3211.0;3618.5;4009.0;4357.5;4363.0;3925.7;455.9
34;21;6;3158.0;3262.2;3733.5;4186.0;4226.0;3715.5;479.7
34;22;6;3111.0;3625.0;4192.5;4427.8;4440.0;3979.7;512.9
34;23;6;3072.0;3411.5;3937.0;4323.0;4378.0;3835.3;521.2
34;24;6;3188.0;3401.0;3787.5;4105.0;4161.0;3734.5;396.9
34;25;6;3090.0;3321.0;3876.0;4248.0;4278.0;3771.3;495.0
34;26;6;3166.0;3268.0;3886.5;4354.2;4408.0;3819.8;555.2
34;27;6;3117.0;3223.5;3712.0;4172.0;4189.0;3686.0;493.3
34;28;6;3199.0;3370.5;3803.5;4193.0;4292.0;3774.5;456.2
34;29;6;2835.0;3031.5;3422.0;3833.5;4025.0;3429.3;472.4
34;30;6;2849.0;3061.0;3719.5;3978.2;4092.0;3547.7;506.9
34;31;6;3018.0;3185.2;3750.5;4222.8;4237.0;3688.8;542.2
34;32;6;3031.0;3231.5;3585.0;3947.5;3953.0;3556.0;396.2
34;33;6;2882.0;2939.0;3483.0;4063.8;4101.0;3494.0;562.9
34;34;6;2862.0;2955.8;3621.0;4038.8;4120.0;3522.7;552.1
34;35;6;2884.0;2926.2;3400.5;3888.2;3929.0;3405.5;489.9
34;36;6;2806.0;3073.5;3596.0;3870.2;3989.0;3474.7;459.0
34;37;6;2677.0;2826.8;3379.5;3768.0;3791.0;3294.5;488.8
34;38;6;2726.0;2865.2;3246.0;3713.0;3800.0;3270.8;448.6
34;39;6;2514.0;2737.0;3200.0;3690.8;3785.0;3189.3;532.0
34;40;6;2559.0;2768.5;3388.5;3777.5;3863.0;3278.0;544.4
34;41;6;2720.0;2917.0;3324.0;3596.0;3609.0;3240.8;367.9
34;42;6;2596.0;2791.0;3192.0;3524.0;3581.0;3142.2;406.2
34;43;6;2363.0;2556.8;3167.0;3552.2;3620.0;3058.5;522.2
34;44;6;2539.0;2711.8;3093.0;3481.0;3486.0;3067.7;417.1
34;45;6;2618.0;2808.5;3198.0;3658.8;3703.0;3201.3;458.3
34;46;6;2497.0;2676.2;3117.5;3425.2;3474.0;3043.8;397.2
34;47;6;2384.0;2533.0;2977.5;3349.2;3403.0;2933.3;430.7
34;48;6;2373.0;2451.2;2600.5;2959.8;3076.0;2688.5;284.3
34;49;6;2254.0;2296.2;2453.0;2914.2;3042.0;2585.7;334.0
34;50;6;2290.0;2473.2;2699.5;2926.5;3000.0;2681.5;268.3
34;51;6;2175.0;2346.0;2555.0;3011.5;3172.0;2649.5;384.9
34;52;6;2055.0;2604.5;2707.0;2969.2;3154.0;2708.3;357.1
34;53;6;2240.0;2272.2;2374.5;2797.0;2939.0;2517.3;296.7
34;54;6;2180.0;2231.8;2451.5;2888.8;3032.0;2551.3;354.4
34;55;6;1898.0;2226.0;2292.0;2616.8;2734.0;2357.5;291.7
34;56;6;2263.0;2311.8;2393.5;2767.0;2899.0;2520.8;267.1
34;57;6;2108.0;2218.0;2351.5;2795.5;2931.0;2476.5;331.9
34;58;6;2332.0;2364.5;2449.5;2738.5;2833.0;2539.2;212.3
34;59;6;2275.0;2343.0;2402.5;2750.8;2867.0;2522.8;245.1
34;60;6;2171.0;2292.2;2401.5;2735.8;2886.0;2493.8;275.8
34;61;6;1963.0;2033.2;2188.5;2688.0;2864.0;2340.0;374.7
34;62;6;2006.0;2263.8;2311.0;2726.5;2867.0;2434.7;318.5
34;63;6;2088.0;2112.0;2172.5;2709.2;2905.0;2386.3;358.6
34;64;6;2220.0;2253.2;2395.5;2786.8;2930.0;2510.7;294.3
34;65;6;2039.0;2284.2;2431.5;2858.5;2989.0;2521.2;354.7
34;66;6;2096.0;2155.5;2187.5;2566.8;2773.0;2347.0;274.7
34;67;6;1982.0;2123.5;2373.5;2635.5;2794.0;2381.0;300.1
34;68;6;2041.0;2107.2;2205.5;2753.0;2924.0;2397.7;373.5
34;69;6;1814.0;2086.2;2281.5;2737.8;2835.0;2353.8;387.1
34;70;6;1839.0;1960.5;2208.5;2630.5;2799.0;2284.0;379.4
34;71;6;2083.0;2274.8;2408.0;2671.8;2770.0;2443.2;249.1
34;72;6;1909.0;2088.5;2220.0;2539.0;2713.0;2292.0;289.8
34;73;6;1952.0;2117.0;2293.5;2643.2;2831.0;2364.7;324.9
34;74;6;1961.0;2278.8;2421.5;2777.2;2868.0;2466.5;326.2
34;75;6;1890.0;2306.8;2319.5;2695.2;2841.0;2415.5;329.6
34;76;6;2080.0;2176.0;2215.0;2639.5;2794.0;2374.7;293.8
34;77;6;2053.0;2251.0;2333.0;2664.0;2790.0;2417.8;273.7
34;78;6;1865.0;2029.8;2155.5;2573.0;2710.0;2264.3;324.7
34;79;6;1993.0;2033.0;2295.5;2753.0;2910.0;2390.8;381.1
34;80;6;1898.0;2055.8;2283.0;2430.8;2743.0;2277.8;284.8
34;81;6;1837.0;2045.5;2200.0;2287.0;2621.0;2194.7;244.9
34;82;6;1898.0;2005.5;2070.5;2207.5;2642.0;2153.0;243.2
34;83;6;2017.0;2114.0;2226.5;2325.5;2808.0;2285.5;257.4
34;84;6;2077.0;2234.5;2275.5;2382.5;2758.0;2337.5;212.6
34;85;6;2232.0;2276.0;2295.5;2480.8;2792.0;2404.5;199.7
34;86;6;2022.0;2084.2;2299.5;2424.8;2738.0;2306.3;248.1
34;87;6;2128.0;2225.0;2309.5;2350.5;2926.0;2372.3;259.8
34;88;6;2098.0;2208.8;2374.5;2563.5;2922.0;2424.8;278.7
34;89;6;1890.0;2087.5;2232.0;2343.5;2726.0;2250.0;262.9
34;90;6;2106.0;2300.5;2491.0;2593.8;2979.0;2488.7;277.8
34;91;6;2028.0;2077.8;2160.5;2193.0;3088.0;2281.8;365.7
34;92;6;1842.0;1967.0;2061.5;2180.0;2697.0;2136.2;276.6
34;93;6;2130.0;2167.2;2212.5;2259.2;2789.0;2295.2;225.5
34;94;6;2024.0;2028.8;2203.5;2443.5;2955.0;2313.3;336.8
34;95;6;1872.0;2050.0;2370.0;2557.2;2956.0;2355.2;369.9
34;96;6;2159.0;2261.8;2435.0;2486.8;2974.0;2451.8;264.3
34;97;6;1961.0;2177.8;2227.5;2312.5;2838.0;2292.7;268.9
34;98;6;1810.0;2052.0;2264.5;2301.5;2710.0;2224.0;280.7
34;99;6;2273.0;2326.0;2492.0;2562.8;3032.0;2524.3;253.7
35;0;6;3212.0;3691.8;4373.0;4407.8;4469.0;4051.8;509.5
35;1;6;3582.0;3892.0;4436.0;4470.0;4488.0;4189.0;385.0
35;2;6;3553.0;4008.2;4332.0;4406.8;4458.0;4167.8;328.5
35;3;6;3397.0;3822.0;4331.0;4462.8;4488.0;4117.7;424.8
35;4;6;3177.0;3628.5;4554.0;4605.8;4614.0;4140.3;628.8
35;5;6;3503.0;3832.0;4444.5;4495.2;4560.0;4182.0;437.1
35;6;6;3108.0;3791.5;4383.0;4432.2;4474.0;4065.2;522.5
35;7;6;3438.0;3874.8;4481.0;4509.0;4519.0;4185.0;450.2
35;8;6;3231.0;3708.2;4250.5;4354.8;4410.0;4009.8;458.0
35;9;6;3226.0;3870.2;4333.0;4359.2;4487.0;4077.2;453.6
35;10;6;3291.0;3686.8;4432.0;4533.8;4554.0;4119.2;533.1
35;11;6;3350.0;3748.2;4340.5;4411.5;4470.0;4081.2;452.1
35;12;6;3254.0;3850.5;4312.5;4326.8;4465.0;4062.0;437.1
35;13;6;3325.0;3962.2;4326.5;4363.0;4384.0;4096.3;391.3
35;14;6;3122.0;3696.8;4422.5;4463.5;4484.0;4063.8;555.9
35;15;6;3425.0;3716.2;4258.0;4293.5;4392.0;4029.0;391.1
35;16;6;3346.0;3617.5;4242.0;4333.2;4474.0;4012.8;453.6
35;17;6;2976.0;3303.5;3801.0;4243.8;4303.0;3735.0;538.5
35;18;6;3081.0;3442.5;3886.0;4344.5;4395.0;3840.0;530.8
35;19;6;3295.0;3839.8;4198.5;4460.5;4508.0;4078.0;439.5
35;20;6;3061.0;3228.0;3901.5;4302.0;4343.0;3774.3;553.7
35;21;6;3193.0;3566.2;3980.5;4427.8;4452.0;3935.2;505.9
35;22;6;3145.0;3387.8;4107.5;4387.0;4464.0;3908.7;546.8
35;23;6;3290.0;3383.8;3930.0;4342.8;4364.0;3866.0;484.9
35;24;6;3414.0;3439.5;3789.0;4125.0;4169.0;3786.8;352.1
35;25;6;2960.0;3121.2;3797.0;4320.5;4373.0;3719.7;607.4
35;26;6;3308.0;3335.0;3814.5;4336.8;4355.0;3829.7;501.7
35;27;6;3102.0;3341.5;3825.0;4182.5;4197.0;3738.5;455.6
35;28;6;3286.0;3324.8;3879.5;4379.5;4387.0;3853.0;528.9
35;29;6;2810.0;2923.5;3618.5;4176.2;4275.0;3562.7;646.3
35;30;6;2927.0;3362.0;3713.5;4120.5;4331.0;3697.7;502.8
35;31;6;3123.0;3185.2;3686.0;4174.8;4310.0;3693.5;522.8
35;32;6;2994.0;3199.8;3613.0;4012.0;4064.0;3581.8;448.9
35;33;6;3079.0;3137.5;3640.0;4109.5;4157.0;3625.3;487.8
35;34;6;2868.0;3041.5;3455.0;3963.0;4007.0;3470.2;490.6
35;35;6;2794.0;3100.0;3704.0;4017.8;4126.0;3558.2;523.0
35;36;6;3093.0;3361.0;3638.5;3882.2;3908.0;3585.0;315.8
35;37;6;3198.0;3423.2;3727.5;4046.8;4153.0;3713.5;370.3
35;38;6;3099.0;3286.8;3708.5;4065.0;4099.0;3657.5;416.5
35;39;6;2570.0;2967.2;3636.5;3946.5;3963.0;3433.3;562.6
35;40;6;2933.0;3029.8;3429.5;3848.0;3963.0;3439.8;439.0
35;41;6;2793.0;2964.8;3439.5;3846.8;4011.0;3412.0;494.4
35;42;6;2976.0;3217.0;3620.0;4068.0;4135.0;3608.5;476.1
35;43;6;2707.0;2951.5;3505.0;3906.2;3990.0;3419.0;527.3
35;44;6;2838.0;3005.2;3481.5;3848.2;3908.0;3421.0;444.5
35;45;6;2669.0;2930.2;3476.5;3953.8;4020.0;3417.2;557.6
35;46;6;2631.0;3245.0;3787.5;4082.5;4104.0;3592.5;554.8
35;47;6;2909.0;2979.2;3414.0;3880.2;3912.0;3419.8;459.1
35;48;6;2742.0;2818.5;2948.0;3668.5;3888.0;3201.7;491.9
35;49;6;2637.0;2986.2;3167.5;3699.8;3867.0;3273.7;453.9
35;50;6;2604.0;2748.0;2824.5;3596.2;3834.0;3110.5;517.3
35;51;6;2545.0;2867.0;3132.0;3753.2;3961.0;3251.5;535.5
35;52;6;2593.0;2949.0;3052.5;3707.2;3901.0;3239.8;493.7
35;53;6;2608.0;2665.0;2801.0;3413.2;3625.0;3012.0;428.5
35;54;6;2587.0;2842.5;2935.5;3439.5;3612.0;3081.5;387.6
35;55;6;2640.0;2778.5;3055.5;3556.0;3765.0;3154.2;437.2
35;56;6;2419.0;2720.5;3013.5;3460.2;3570.0;3041.3;432.4
35;57;6;2190.0;2373.5;2580.5;3250.2;3475.0;2767.3;514.3
35;58;6;2325.0;2727.2;2829.0;3492.5;3744.0;3022.3;521.9
35;59;6;2449.0;2632.0;2743.0;3379.8;3574.0;2949.3;452.2
35;60;6;2426.0;2458.0;2708.5;3445.0;3654.0;2927.0;529.0
35;61;6;2421.0;2682.0;2806.0;3389.8;3558.0;2969.3;437.8
35;62;6;2519.0;2721.8;2782.0;3569.0;3859.0;3079.2;545.8
35;63;6;2369.0;2465.0;2714.0;3274.2;3457.0;2849.5;444.5
35;64;6;2440.0;2560.5;2727.5;3256.0;3429.0;2876.8;397.4
35;65;6;2474.0;2578.8;2707.0;3313.8;3582.0;2920.3;444.4
35;66;6;2206.0;2722.8;2818.0;3297.2;3486.0;2912.7;440.6
35;67;6;2567.0;2693.8;2846.5;3290.2;3432.0;2962.2;341.8
35;68;6;2421.0;2622.2;2721.5;3177.8;3345.0;2854.7;351.4
35;69;6;2463.0;2625.0;2753.0;3230.5;3423.0;2894.0;370.6
35;70;6;2364.0;2542.5;2708.0;3202.8;3368.0;2833.8;391.1
35;71;6;2496.0;2541.0;2681.5;3344.8;3529.0;2908.0;448.5
35;72;6;2544.0;2567.0;2734.0;3138.0;3288.0;2847.3;310.6
35;73;6;2229.0;2257.5;2365.0;3095.8;3347.0;2644.5;491.3
35;74;6;2174.0;2482.8;2816.5;3219.2;3438.0;2828.3;456.3
35;75;6;2109.0;2431.5;2450.5;3028.2;3241.0;2649.5;427.2
35;76;6;2316.0;2437.5;2549.0;3097.0;3270.0;2727.3;387.7
35;77;6;2262.0;2487.8;2561.5;3122.8;3387.0;2757.5;424.8
35;78;6;2331.0;2354.0;2491.5;2929.8;3189.0;2647.8;345.2
35;79;6;2368.0;2456.5;2684.5;3038.5;3154.0;2738.0;313.3
35;80;6;2154.0;2316.2;2535.5;2653.5;3248.0;2568.2;352.8
35;81;6;2098.0;2308.5;2606.0;2703.2;3300.0;2592.5;388.9
35;82;6;2141.0;2225.0;2455.0;2521.5;3324.0;2511.2;393.6
35;83;6;2238.0;2364.0;2453.0;2600.5;3220.0;2558.0;321.0
35;84;6;2339.0;2368.5;2445.5;2450.5;3450.0;2579.2;392.4
35;85;6;2263.0;2412.2;2461.0;2482.8;3466.0;2589.5;399.0
35;86;6;2189.0;2544.0;2559.0;2766.0;3363.0;2674.0;360.2
35;87;6;2227.0;2499.2;2621.5;2741.5;3347.0;2676.2;345.4
35;88;6;2400.0;2467.2;2627.5;2731.5;3473.0;2718.0;360.4
35;89;6;2059.0;2564.5;2578.5;2606.8;3129.0;2586.8;309.3
35;90;6;2116.0;2267.2;2335.5;2433.8;3073.0;2428.5;306.4
35;91;6;2230.0;2279.0;2365.5;2648.5;3160.0;2519.0;330.5
35;92;6;2085.0;2257.8;2306.0;2501.2;3100.0;2434.2;328.8
35;93;6;2107.0;2271.8;2370.5;2414.5;2891.0;2401.2;242.8
35;94;6;2119.0;2175.0;2198.5;2477.0;2983.0;2372.7;310.4
35;95;6;2010.0;2402.0;2437.0;2508.0;3091.0;2482.8;318.2
35;96;6;2023.0;2283.2;2402.0;2544.8;3026.0;2448.2;310.0
35;97;6;2220.0;2370.2;2403.0;2426.8;3120.0;2490.0;290.1
35;98;6;2187.0;2354.2;2495.5;2553.5;3001.0;2509.8;254.5
35;99;6;1991.0;2214.5;2376.5;2576.0;2894.0;2406.8;295.6
36;0;6;3414.0;3668.5;4252.0;4424.5;4462.0;4056.0;433.2
36;1;6;3319.0;3896.5;4333.5;4337.0;4338.0;4068.8;397.3
36;2;6;3297.0;3644.8;4330.5;4364.5;4469.0;4036.5;481.8
36;3;6;3153.0;3597.0;4363.0;4461.5;4504.0;4036.5;559.4
36;4;6;3388.0;3845.8;4449.0;4456.8;4471.0;4143.5;449.3
36;5;6;3154.0;3672.0;4438.0;4468.2;4499.0;4070.7;558.5
36;6;6;3509.0;3734.8;4411.0;4521.8;4537.0;4156.0;453.0
36;7;6;3573.0;3913.0;4396.5;4429.2;4459.0;4169.5;362.3
36;8;6;3184.0;3880.8;4345.5;4451.8;4590.0;4113.0;495.7
36;9;6;3050.0;3523.0;4382.5;4456.8;4499.0;4005.3;611.8
36;10;6;3123.0;3744.5;4224.5;4343.0;4451.0;3998.3;478.2
36;11;6;3234.0;3734.5;4226.5;4303.0;4376.0;3993.7;427.7
36;12;6;3365.0;3592.2;4215.0;4386.2;4506.0;4021.5;466.6
36;13;6;3275.0;3797.8;4263.5;4324.2;4356.0;4024.2;412.9
36;14;6;3446.0;3740.5;4258.0;4443.2;4493.0;4088.0;415.9
36;15;6;2993.0;3628.2;4118.5;4241.2;4283.0;3876.7;480.0
36;16;6;3278.0;3708.8;4466.5;4508.8;4520.0;4118.3;532.6
36;17;6;3204.0;3450.2;3881.0;4378.5;4457.0;3879.0;516.9
36;18;6;3151.0;3476.8;3881.5;4296.8;4326.0;3836.2;477.5
36;19;6;3316.0;3380.0;3846.5;4256.0;4341.0;3827.8;456.5
36;20;6;3129.0;3274.0;3892.5;4358.0;4375.0;3811.7;555.2
36;21;6;2943.0;3255.2;3860.5;4214.5;4296.0;3724.3;539.1
36;22;6;2822.0;3111.2;3629.0;4096.5;4110.0;3563.5;546.6
36;23;6;3170.0;3235.0;3778.5;4214.0;4270.0;3735.0;500.4
36;24;6;3226.0;3304.5;3829.0;4267.2;4324.0;3791.8;494.0
36;25;6;3273.0;3499.0;3904.0;4216.0;4255.0;3836.7;401.6
36;26;6;3090.0;3347.8;3743.5;4193.2;4229.0;3727.5;469.5
36;27;6;3181.0;3193.5;3660.0;4116.0;4163.0;3661.7;469.7
36;28;6;3085.0;3327.5;3735.0;4092.2;4110.0;3678.0;429.0
36;29;6;3062.0;3237.2;3795.0;4174.2;4207.0;3701.8;492.6
36;30;6;3112.0;3181.2;3620.0;4028.0;4117.0;3611.3;443.2
36;31;6;3011.0;3105.8;3633.5;4120.8;4135.0;3604.3;515.2
36;32;6;2965.0;3270.0;3762.0;4049.2;4059.0;3633.2;444.2
36;33;6;2778.0;2897.0;3482.0;3901.2;3938.0;3403.8;509.0
36;34;6;3108.0;3364.2;3799.0;4005.8;4022.0;3670.3;368.1
36;35;6;2536.0;3082.0;3556.0;3983.5;4002.0;3450.0;569.9
36;36;6;2906.0;2954.5;3484.5;4044.5;4080.0;3494.0;549.4
36;37;6;2831.0;3115.2;3622.5;3961.0;3991.0;3514.5;472.7
36;38;6;2983.0;3052.0;3587.0;3968.2;3987.0;3518.8;455.4
36;39;6;2772.0;2999.5;3463.5;3776.0;4062.0;3414.3;476.5
36;40;6;2803.0;3056.0;3565.5;3973.0;4000.0;3488.2;493.9
36;41;6;2725.0;2871.8;3433.5;3704.2;3713.0;3297.3;431.6
36;42;6;2896.0;3106.5;3534.5;3941.5;4039.0;3507.5;469.2
36;43;6;2509.0;3160.2;3522.5;3705.5;3779.0;3356.5;448.1
36;44;6;2775.0;2896.0;3305.5;3685.8;3899.0;3309.5;445.2
36;45;6;2712.0;2787.8;3195.5;3490.0;3641.0;3164.0;377.4
36;46;6;2654.0;2743.5;3320.5;3749.0;3786.0;3254.0;506.1
36;47;6;2326.0;3000.0;3615.5;3937.8;3977.0;3395.7;622.0
36;48;6;2665.0;2930.2;3041.0;3671.5;3869.0;3231.8;464.4
36;49;6;2413.0;2641.0;2954.0;3417.0;3663.0;3015.3;464.4
36;50;6;2468.0;2774.2;2989.5;3540.8;3750.0;3104.0;474.3
36;51;6;2632.0;2950.8;3181.0;3515.5;3635.0;3188.3;362.8
36;52;6;2346.0;2596.8;2818.5;3602.8;3857.0;3037.8;599.1
36;53;6;2675.0;2817.2;3008.0;3583.5;3800.0;3170.0;444.2
36;54;6;2814.0;2881.5;2993.0;3451.0;3654.0;3150.3;342.5
36;55;6;2483.0;2619.2;2890.5;3389.8;3565.0;2985.7;435.5
36;56;6;2317.0;2548.5;2696.5;3179.0;3460.0;2834.8;414.3
36;57;6;2488.0;2687.2;3007.5;3432.8;3587.0;3040.8;421.0
36;58;6;2450.0;2634.2;2766.0;3217.2;3341.0;2880.2;345.2
36;59;6;2427.0;2606.2;2922.5;3323.5;3451.0;2946.8;396.1
36;60;6;2453.0;2485.5;2529.0;3058.5;3263.0;2746.7;355.4
36;61;6;2608.0;2640.0;2724.5;3251.5;3531.0;2937.8;381.0
36;62;6;2523.0;2556.0;2745.5;3406.8;3691.0;2970.8;486.0
36;63;6;2303.0;2566.0;2756.0;3472.5;3713.0;2957.0;548.4
36;64;6;2483.0;2636.5;2831.0;3313.5;3607.0;2966.3;426.3
36;65;6;2312.0;2448.8;2638.0;3277.2;3533.0;2832.8;491.7
36;66;6;2166.0;2514.0;2739.5;3190.0;3314.0;2789.7;420.5
36;67;6;2462.0;2518.5;2575.5;3195.8;3402.0;2819.5;409.8
36;68;6;2251.0;2384.0;2550.0;2950.0;3085.0;2641.3;324.6
36;69;6;2349.0;2484.5;2589.5;3158.0;3353.0;2779.7;409.1
36;70;6;2326.0;2485.8;2665.0;3213.2;3390.0;2811.3;422.6
36;71;6;2390.0;2422.5;2590.0;3272.0;3501.0;2822.8;476.1
36;72;6;2191.0;2465.8;2590.5;3096.2;3254.0;2719.2;399.5
36;73;6;2524.0;2696.5;2771.0;3326.2;3542.0;2965.2;402.8
36;74;6;2377.0;2492.5;2810.5;3370.8;3598.0;2923.3;492.8
36;75;6;2333.0;2344.8;2460.5;3180.8;3426.0;2734.5;481.6
36;76;6;1926.0;2456.5;2572.5;3062.8;3299.0;2669.0;468.4
36;77;6;2018.0;2390.5;2707.5;3238.2;3422.0;2759.2;523.2
36;78;6;2206.0;2362.0;2428.5;3047.8;3287.0;2657.3;434.2
36;79;6;2237.0;2334.8;2622.0;3188.2;3301.0;2733.0;450.2
36;80;6;1999.0;2371.2;2754.5;2893.2;3251.0;2657.0;415.0
36;81;6;2127.0;2385.0;2601.0;2826.0;3303.0;2641.0;379.4
36;82;6;2305.0;2395.8;2597.0;2652.8;3325.0;2637.3;337.0
36;83;6;2313.0;2460.0;2593.0;2663.8;3288.0;2648.3;310.9
36;84;6;2068.0;2520.2;2574.5;2644.5;3477.0;2644.0;419.5
36;85;6;2144.0;2231.2;2349.0;2430.0;3118.0;2434.8;322.0
36;86;6;1872.0;2259.2;2386.0;2503.0;3368.0;2461.8;455.2
36;87;6;2194.0;2315.2;2548.5;2751.0;3159.0;2584.3;329.0
36;88;6;2141.0;2160.5;2353.5;2563.0;3262.0;2473.2;393.1
36;89;6;2462.0;2603.8;2695.0;2943.0;3272.0;2787.2;274.5
36;90;6;2098.0;2262.0;2457.5;2574.2;3096.0;2486.5;320.4
36;91;6;2162.0;2423.2;2489.5;2551.2;3355.0;2578.2;370.8
36;92;6;2060.0;2149.2;2280.0;2626.0;3183.0;2441.7;394.1
36;93;6;2220.0;2357.0;2431.0;2508.8;3218.0;2527.8;323.5
36;94;6;2241.0;2469.2;2484.0;2501.8;3169.0;2558.3;287.5
36;95;6;2290.0;2424.2;2473.0;2499.2;3241.0;2565.5;310.1
36;96;6;2174.0;2405.8;2651.5;2698.5;3458.0;2662.2;405.4
36;97;6;2290.0;2368.8;2549.0;2618.2;3244.0;2597.0;315.4
36;98;6;2433.0;2478.2;2576.0;2781.8;3305.0;2697.7;302.5
36;99;6;2207.0;2342.2;2553.5;2676.2;3154.0;2576.2;309.8
37;0;6;3158.0;3766.2;4339.5;4396.8;4479.0;4051.2;500.9
37;1;6;3587.0;3847.2;4417.5;4456.0;4487.0;4172.5;387.5
37;2;6;3472.0;3826.0;4436.5;4477.8;4551.0;4168.3;441.0
37;3;6;3387.0;3672.2;4279.5;4373.8;4431.0;4042.0;436.5
37;4;6;3138.0;3560.8;4332.5;4456.2;4484.0;4014.7;559.6
37;5;6;3224.0;3840.5;4438.5;4468.8;4503.0;4120.7;499.5
37;6;6;3248.0;3815.0;4251.5;4328.8;4439.0;4035.7;430.4
37;7;6;3215.0;3766.0;4352.5;4368.2;4408.0;4045.3;471.9
37;8;6;3389.0;3696.8;4479.0;4512.0;4523.0;4138.2;511.6
37;9;6;3389.0;3810.5;4314.0;4353.2;4393.0;4069.8;397.0
37;10;6;3443.0;3702.5;4386.0;4437.2;4450.0;4099.0;449.4
37;11;6;3341.0;3851.0;4386.0;4459.8;4510.0;4130.0;448.4
37;12;6;3352.0;3685.2;4343.5;4446.0;4497.0;4080.3;477.5
37;13;6;3635.0;3971.8;4352.0;4355.8;4426.0;4161.2;304.7
37;14;6;3203.0;3715.8;4228.5;4236.5;4353.0;3966.2;432.1
37;15;6;3440.0;3859.0;4449.0;4486.2;4497.0;4166.0;438.0
37;16;6;3201.0;3654.5;4169.5;4325.2;4359.0;3959.8;445.4
37;17;6;3022.0;3365.5;3864.5;4322.2;4433.0;3809.7;560.8
37;18;6;3437.0;3561.8;4072.0;4464.5;4533.0;4016.8;474.2
37;19;6;3023.0;3188.5;4006.0;4391.5;4481.0;3825.3;626.9
37;20;6;3309.0;3511.2;3994.5;4393.0;4402.0;3929.3;470.1
37;21;6;3165.0;3270.8;3776.0;4279.8;4409.0;3779.3;529.0
37;22;6;3107.0;3161.0;3775.5;4345.8;4465.0;3769.2;611.3
37;23;6;2995.0;3268.0;3915.0;4372.2;4398.0;3800.0;594.1
37;24;6;3261.0;3402.8;3926.0;4304.5;4354.0;3854.3;470.8
37;25;6;3479.0;3514.8;3864.5;4179.0;4348.0;3873.0;364.6
37;26;6;3440.0;3575.0;3924.0;4315.8;4390.0;3930.5;393.4
37;27;6;3285.0;3312.8;3690.0;4053.8;4114.0;3690.2;377.3
37;28;6;3056.0;3181.8;3725.0;4068.0;4150.0;3639.8;466.4
37;29;6;2915.0;3141.5;3762.5;4322.8;4412.0;3716.0;633.5
37;30;6;3086.0;3224.5;3903.5;4275.8;4301.0;3765.3;536.5
37;31;6;3215.0;3304.5;3812.5;4302.5;4316.0;3792.8;510.1
37;32;6;3168.0;3345.8;3812.5;4189.2;4209.0;3751.2;446.7
37;33;6;3099.0;3252.8;3729.5;4182.2;4204.0;3698.2;487.8
37;34;6;2910.0;3135.5;3925.5;4238.5;4310.0;3714.3;590.8
37;35;6;3089.0;3154.0;3625.0;4138.0;4198.0;3640.5;504.9
37;36;6;2828.0;3262.0;3634.0;3967.8;4015.0;3554.7;450.4
37;37;6;3205.0;3408.2;3730.0;4038.2;4063.0;3695.0;349.7
37;38;6;2598.0;3234.8;3803.0;4272.2;4320.0;3666.3;660.0
37;39;6;2874.0;3020.8;3605.5;4054.5;4113.0;3538.0;538.7
37;40;6;3123.0;3265.5;3742.5;4061.2;4142.0;3670.7;424.8
37;41;6;3010.0;3099.8;3576.0;3904.5;3989.0;3517.7;414.9
37;42;6;2623.0;2712.0;3390.5;3817.8;3895.0;3290.8;562.5
37;43;6;2928.0;2988.5;3414.5;3779.0;3971.0;3412.5;429.6
37;44;6;2641.0;2742.5;3245.5;3639.8;3841.0;3219.8;494.0
37;45;6;2545.0;2898.2;3515.5;3868.0;3978.0;3372.0;558.2
37;46;6;2760.0;2806.8;3379.5;3852.5;3891.0;3339.3;524.7
37;47;6;2732.0;2776.8;3291.5;3787.5;3823.0;3282.7;503.9
37;48;6;2275.0;2581.5;2719.5;3560.2;3912.0;3000.3;631.1
37;49;6;2803.0;2972.0;3294.5;3659.8;3773.0;3301.8;376.4
37;50;6;2796.0;3013.2;3405.0;3838.0;3967.0;3406.3;454.8
37;51;6;2833.0;3010.2;3247.5;3734.5;3954.0;3351.7;427.6
37;52;6;2689.0;2754.2;3006.0;3752.8;3958.0;3221.8;539.2
37;53;6;2478.0;2606.5;2959.5;3347.0;3589.0;2991.8;428.3
37;54;6;2646.0;2850.0;3056.5;3606.5;3745.0;3179.2;431.1
37;55;6;2589.0;3000.8;3086.5;3503.0;3631.0;3167.8;367.3
37;56;6;2415.0;2677.5;2922.0;3414.0;3631.0;3010.7;453.9
37;57;6;2539.0;2601.0;2736.0;3341.2;3592.0;2950.3;435.9
37;58;6;2813.0;2834.8;2906.5;3401.2;3620.0;3103.8;346.4
37;59;6;2337.0;2444.5;2664.0;3188.8;3479.0;2813.2;440.4
37;60;6;2512.0;2559.5;2707.0;3213.8;3401.0;2870.0;372.9
37;61;6;2581.0;2617.5;2653.5;3283.5;3650.0;2939.5;449.0
37;62;6;2600.0;2705.2;2832.5;3257.5;3444.0;2961.8;333.7
37;63;6;2273.0;2373.8;2492.0;3034.0;3200.0;2667.7;382.3
37;64;6;2355.0;2642.2;2707.0;3245.8;3454.0;2878.2;411.1
37;65;6;2307.0;2372.8;2515.5;3155.5;3414.0;2741.0;463.6
37;66;6;2333.0;2510.8;2670.5;3161.0;3332.0;2798.0;385.4
37;67;6;2134.0;2354.8;2566.5;3179.5;3494.0;2738.2;515.9
37;68;6;2457.0;2468.0;2573.0;3158.0;3339.0;2788.0;391.0
37;69;6;2330.0;2554.0;2621.0;3105.8;3418.0;2798.2;398.7
37;70;6;2432.0;2514.8;2749.0;3404.8;3594.0;2930.7;486.9
37;71;6;2627.0;2708.2;2817.0;3404.2;3687.0;3036.7;428.4
37;72;6;2650.0;2720.0;2757.5;3264.5;3453.0;2959.8;340.6
37;73;6;2440.0;2497.5;2709.5;3304.8;3486.0;2879.2;442.7
37;74;6;2288.0;2490.5;2622.0;3018.2;3136.0;2710.8;320.9
37;75;6;2266.0;2439.8;2512.5;3032.2;3220.0;2688.7;378.5
37;76;6;2290.0;2681.2;2733.0;3110.2;3261.0;2819.5;336.9
37;77;6;2295.0;2341.8;2453.0;2980.5;3161.0;2637.2;366.9
37;78;6;2254.0;2330.8;2351.5;2956.5;3204.0;2607.2;406.6
37;79;6;2344.0;2464.5;2577.5;3082.0;3289.0;2744.2;373.6
37;80;6;1924.0;2271.2;2379.5;2552.2;3084.0;2435.3;354.1
37;81;6;2115.0;2374.2;2463.5;2608.2;3164.0;2534.5;323.7
37;82;6;2040.0;2082.5;2141.0;2204.0;2957.0;2261.2;316.8
37;83;6;1989.0;2078.0;2339.0;2470.2;3099.0;2378.5;372.4
37;84;6;2025.0;2367.5;2441.0;2529.5;3172.0;2496.8;344.0
37;85;6;1911.0;2085.5;2343.0;2377.8;2852.0;2306.3;304.0
37;86;6;1975.0;2077.2;2216.0;2516.8;3032.0;2347.8;365.5
37;87;6;1802.0;2285.2;2328.0;2466.0;3039.0;2380.0;365.6
37;88;6;1993.0;2147.5;2306.0;2525.2;3208.0;2417.7;401.0
37;89;6;2142.0;2374.5;2472.5;2598.2;3262.0;2555.2;350.3
37;90;6;2179.0;2370.5;2439.0;2498.5;2923.0;2474.3;226.9
37;91;6;2298.0;2364.2;2490.0;2599.2;3126.0;2560.3;276.3
37;92;6;2152.0;2312.0;2358.5;2476.2;3082.0;2460.5;297.2
37;93;6;2257.0;2341.2;2545.5;2686.0;3277.0;2605.2;340.7
37;94;6;2255.0;2352.5;2406.0;2506.8;2946.0;2481.3;224.4
37;95;6;2084.0;2171.8;2224.5;2276.5;3013.0;2332.3;311.1
37;96;6;2031.0;2223.5;2271.5;2558.0;3061.0;2416.0;341.8
37;97;6;1885.0;1981.2;2091.0;2125.8;2985.0;2189.0;366.5
37;98;6;1902.0;2263.0;2374.0;2452.0;2954.0;2384.7;313.2
37;99;6;2170.0;2188.5;2264.5;2327.8;3110.0;2386.8;329.2
38;0;6;3331.0;3672.0;4591.5;4599.0;4602.0;4180.5;588.4
38;1;6;3173.0;3757.5;4506.0;4527.8;4567.0;4132.5;568.1
38;2;6;3491.0;3707.0;4187.0;4289.0;4382.0;4019.5;360.0
38;3;6;3501.0;3852.0;4417.5;4456.5;4522.0;4165.2;415.0
38;4;6;3689.0;4038.0;4556.0;4578.2;4582.0;4305.7;376.2
38;5;6;2975.0;3842.5;4276.5;4369.2;4426.0;4008.7;520.4
38;6;6;3345.0;3570.2;4299.0;4397.8;4420.0;4020.2;478.5
38;7;6;3222.0;3638.0;4411.5;4464.2;4497.0;4067.3;543.8
38;8;6;3540.0;4030.0;4514.5;4579.8;4616.0;4275.8;413.3
38;9;6;3309.0;3780.8;4355.5;4446.5;4458.0;4090.7;457.4
38;10;6;3286.0;3795.0;4234.0;4337.0;4354.0;4021.3;404.9
38;11;6;3236.0;3511.2;4277.0;4310.8;4336.0;3950.7;495.5
38;12;6;3192.0;3831.2;4193.0;4272.0;4325.0;3985.3;407.3
38;13;6;3234.0;3590.5;4290.0;4335.5;4508.0;4005.0;506.9
38;14;6;3154.0;3458.8;4304.0;4309.2;4319.0;3928.2;539.0
38;15;6;3154.0;3736.5;4426.0;4432.2;4441.0;4064.7;529.1
38;16;6;3236.0;3686.0;4341.5;4370.8;4391.0;4026.3;479.6
38;17;6;3046.0;3362.8;3921.0;4331.5;4402.0;3822.5;545.5
38;18;6;2907.0;3500.2;3911.0;4252.8;4322.0;3796.8;519.2
38;19;6;3123.0;3346.2;4045.0;4326.0;4354.0;3850.0;524.0
38;20;6;3186.0;3394.2;3989.0;4376.8;4408.0;3879.0;522.2
38;21;6;3273.0;3402.5;3966.0;4333.8;4420.0;3882.7;486.7
38;22;6;2980.0;3086.8;3667.5;4304.5;4372.0;3682.8;621.0
38;23;6;2958.0;3273.8;3799.0;4271.8;4313.0;3732.8;563.6
38;24;6;3014.0;3326.0;3763.5;4183.8;4273.0;3719.7;495.4
38;25;6;2985.0;3044.5;3666.0;4236.5;4239.0;3636.7;600.6
38;26;6;2936.0;3046.5;3580.0;3939.5;3996.0;3503.3;461.4
38;27;6;3173.0;3212.8;3770.5;4236.0;4274.0;3734.3;514.0
38;28;6;2856.0;3295.8;3791.0;4139.2;4269.0;3682.2;523.3
38;29;6;3161.0;3233.2;3729.5;4165.0;4206.0;3700.7;472.3
38;30;6;2860.0;3158.0;3727.5;4046.5;4179.0;3602.5;514.5
38;31;6;2731.0;2930.5;3386.0;3954.8;4109.0;3422.5;556.0
38;32;6;2708.0;2812.0;3453.5;4002.0;4018.0;3402.7;603.0
38;33;6;2813.0;3295.5;3695.0;4006.8;4034.0;3585.0;459.6
38;34;6;2917.0;3122.8;3619.0;3978.8;4033.0;3540.7;466.1
38;35;6;2992.0;3188.0;3763.5;4113.2;4129.0;3645.7;487.2
38;36;6;2780.0;3078.5;3658.5;3858.2;3869.0;3462.7;448.0
38;37;6;2974.0;3266.8;3612.0;3918.2;3965.0;3555.8;384.9
38;38;6;3095.0;3355.2;3584.5;3847.5;3967.0;3574.2;319.1
38;39;6;2752.0;3043.2;3389.0;3772.2;3826.0;3364.0;426.7
38;40;6;2712.0;2743.8;3297.0;3839.0;3869.0;3292.3;547.8
38;41;6;2548.0;3065.8;3737.5;4000.5;4011.0;3494.0;575.7
38;42;6;2671.0;3204.2;3401.0;3625.5;3678.0;3331.7;352.8
38;43;6;2657.0;2823.2;3440.5;3757.8;3825.0;3307.3;489.3
38;44;6;2713.0;2840.8;3414.0;3711.2;3729.0;3288.3;443.8
38;45;6;2955.0;2974.8;3303.0;3688.2;3729.0;3328.7;355.7
38;46;6;2409.0;2590.2;3076.0;3607.5;3640.0;3069.0;541.2
38;47;6;2413.0;2556.2;3160.0;3514.0;3607.0;3054.5;504.4
38;48;6;2567.0;2643.0;2742.0;3327.8;3522.0;2951.0;403.5
38;49;6;2502.0;2570.8;2657.5;3213.8;3449.0;2867.8;397.2
38;50;6;2168.0;2336.0;2628.5;3281.8;3490.0;2775.5;526.0
38;51;6;2539.0;2587.8;2701.5;3268.2;3507.0;2909.3;406.7
38;52;6;2494.0;2674.0;2739.0;3317.0;3510.0;2940.7;406.0
38;53;6;2361.0;2386.5;2603.0;3243.2;3403.0;2790.2;453.7
38;54;6;2497.0;2586.0;2712.0;3133.5;3301.0;2840.0;325.6
38;55;6;2457.0;2603.5;2715.0;3195.5;3381.0;2865.0;362.6
38;56;6;2148.0;2512.8;2622.5;2955.0;3199.0;2689.0;351.8
38;57;6;2221.0;2393.8;2522.0;3094.2;3291.0;2698.7;424.5
38;58;6;2458.0;2520.8;2643.0;3045.0;3154.0;2759.5;289.9
38;59;6;2191.0;2291.5;2554.5;2982.5;3199.0;2638.0;396.6
38;60;6;2201.0;2397.5;2584.5;3012.2;3346.0;2701.0;414.7
38;61;6;2289.0;2372.2;2488.0;2892.5;3088.0;2619.0;317.7
38;62;6;2186.0;2357.0;2439.5;2944.2;3133.0;2606.7;371.6
38;63;6;2249.0;2360.2;2512.0;2968.2;3174.0;2646.2;364.2
38;64;6;1965.0;2451.8;2524.5;2880.0;3067.0;2584.5;366.9
38;65;6;2042.0;2088.2;2213.5;2768.5;2918.0;2397.8;377.8
38;66;6;2008.0;2109.8;2325.5;2775.2;2881.0;2417.2;357.4
38;67;6;2332.0;2361.5;2443.0;2754.0;2934.0;2557.3;239.9
38;68;6;2299.0;2345.5;2392.5;2828.8;2975.0;2560.5;292.6
38;69;6;1941.0;2309.2;2472.0;2846.2;2939.0;2508.3;357.1
38;70;6;2259.0;2305.5;2410.5;2840.2;3037.0;2561.8;321.4
38;71;6;2172.0;2366.8;2517.0;2830.8;2939.0;2566.2;283.7
38;72;6;1974.0;2062.8;2332.0;2746.0;2935.0;2405.0;377.3
38;73;6;2181.0;2216.2;2482.5;2845.5;3049.0;2548.2;345.0
38;74;6;1880.0;2159.0;2242.5;2617.8;2812.0;2341.8;327.7
38;75;6;1965.0;2174.2;2303.5;2661.5;2743.0;2371.2;293.8
38;76;6;2040.0;2237.2;2332.0;2669.8;2902.0;2432.3;305.2
38;77;6;1886.0;2030.0;2205.0;2765.5;2942.0;2360.3;421.5
38;78;6;2193.0;2293.0;2347.5;2819.0;3025.0;2527.3;334.6
38;79;6;1825.0;2135.0;2192.5;2716.5;2909.0;2354.3;402.2
38;80;6;2185.0;2239.8;2470.0;2563.0;2881.0;2460.5;241.6
38;81;6;1830.0;1926.2;2315.0;2472.0;2769.0;2258.3;343.6
38;82;6;1864.0;1886.8;1933.0;2158.5;2855.0;2115.0;353.1
38;83;6;1883.0;1976.8;2191.0;2316.8;2898.0;2237.8;337.1
38;84;6;2058.0;2166.8;2235.5;2386.0;2934.0;2340.5;288.9
38;85;6;1974.0;2231.5;2339.0;2478.0;2846.0;2369.7;269.3
38;86;6;1965.0;2198.5;2315.0;2511.0;2866.0;2366.2;287.0
38;87;6;2054.0;2313.2;2367.0;2451.5;3077.0;2440.0;312.6
38;88;6;2036.0;2049.2;2103.5;2373.8;2818.0;2259.3;287.3
38;89;6;1916.0;2086.0;2181.0;2279.0;2956.0;2266.7;331.1
38;90;6;1836.0;2082.5;2529.5;2732.8;3100.0;2454.8;441.1
38;91;6;1970.0;2051.0;2146.0;2255.2;3012.0;2264.2;349.4
38;92;6;1928.0;1984.8;2074.5;2252.0;2560.0;2150.5;220.1
38;93;6;2078.0;2098.8;2196.0;2375.8;2932.0;2317.3;298.7
38;94;6;1849.0;2065.2;2133.5;2295.5;2806.0;2219.0;300.9
38;95;6;1835.0;2031.5;2202.0;2346.2;2755.0;2227.2;295.1
38;96;6;1778.0;1952.8;2058.5;2318.0;2790.0;2167.8;334.4
38;97;6;2051.0;2075.5;2109.5;2157.0;2710.0;2202.8;230.1
38;98;6;1776.0;1903.0;1987.5;2163.5;2705.0;2092.2;304.5
38;99;6;1945.0;1981.2;2013.5;2319.5;2875.0;2206.5;338.8
39;0;6;3610.0;3944.0;4450.5;4504.0;4584.0;4232.0;384.6
39;1;6;3507.0;3899.5;4420.5;4471.2;4497.0;4176.5;401.2
39;2;6;3234.0;3691.2;4275.0;4309.0;4344.0;3990.8;447.9
39;3;6;3256.0;3881.0;4417.0;4476.0;4514.0;4133.7;480.3
39;4;6;3167.0;3522.8;4266.0;4395.0;4465.0;3979.5;535.2
39;5;6;3247.0;3724.5;4414.0;4433.0;4458.0;4077.8;503.9
39;6;6;3200.0;3872.2;4261.5;4349.2;4386.0;4038.3;432.9
39;7;6;3320.0;4025.0;4466.5;4491.0;4532.0;4193.7;449.8
39;8;6;3085.0;3429.5;4261.5;4360.0;4473.0;3937.7;583.2
39;9;6;3265.0;3614.2;4278.5;4291.0;4311.0;3970.2;454.4
39;10;6;3378.0;3578.8;4190.5;4310.2;4346.0;3971.7;421.4
39;11;6;3603.0;3798.8;4344.5;4440.2;4510.0;4148.5;379.9
39;12;6;3109.0;3440.8;4275.0;4352.5;4395.0;3932.5;563.9
39;13;6;3255.0;3821.2;4455.0;4467.8;4480.0;4121.2;496.9
39;14;6;3517.0;3762.5;4279.0;4299.0;4333.0;4050.7;351.4
39;15;6;3473.0;3611.2;4127.5;4257.5;4272.0;3956.7;351.5
39;16;6;3454.0;3847.8;4439.0;4470.8;4506.0;4161.7;434.8
39;17;6;3144.0;3272.0;3915.0;4276.0;4301.0;3788.2;510.2
39;18;6;3193.0;3523.2;3932.0;4252.2;4385.0;3864.7;447.8
39;19;6;3231.0;3334.5;3815.0;4178.5;4340.0;3779.2;455.3
39;20;6;3157.0;3341.5;3774.0;4201.2;4283.0;3754.8;469.9
39;21;6;3289.0;3391.0;3838.0;4114.0;4148.0;3760.2;371.5
39;22;6;3144.0;3235.2;3794.0;4213.2;4315.0;3741.5;500.3
39;23;6;3131.0;3328.0;3945.5;4380.0;4424.0;3848.8;549.1
39;24;6;3058.0;3507.2;3835.5;4115.0;4129.0;3744.0;401.6
39;25;6;3077.0;3448.8;3950.0;4264.5;4275.0;3817.2;478.7
39;26;6;2968.0;3177.0;3907.0;4308.5;4318.0;3746.0;588.5
39;27;6;2955.0;3336.2;3935.5;4213.0;4280.0;3758.0;518.6
39;28;6;2911.0;3321.0;3856.0;4121.8;4133.0;3684.8;480.4
39;29;6;3202.0;3546.5;3921.0;4220.5;4237.0;3837.2;408.3
39;30;6;3096.0;3312.0;3899.5;4402.2;4422.0;3833.8;581.3
39;31;6;3065.0;3214.2;3740.0;4110.5;4120.0;3656.3;463.7
39;32;6;3187.0;3331.8;3804.5;4206.8;4251.0;3760.3;457.2
39;33;6;2846.0;3141.8;3822.5;4090.0;4175.0;3626.7;535.5
39;34;6;2976.0;3312.5;3755.0;4124.8;4139.0;3673.0;467.9
39;35;6;2617.0;2947.2;3529.5;4122.2;4172.0;3486.8;645.4
39;36;6;2951.0;3067.5;3813.0;4256.2;4270.0;3678.3;595.0
39;37;6;3008.0;3274.5;3700.5;4125.8;4143.0;3658.7;472.9
39;38;6;2910.0;3044.5;3722.0;4113.0;4164.0;3596.7;543.6
39;39;6;2778.0;3053.0;3668.0;4154.0;4175.0;3575.5;595.7
39;40;6;2997.0;3091.8;3512.0;3892.5;3908.0;3483.3;411.5
39;41;6;2980.0;3035.8;3473.5;3843.8;3904.0;3448.0;410.8
39;42;6;2763.0;3000.2;3797.5;4002.2;4019.0;3530.3;548.7
39;43;6;2661.0;2943.2;3545.5;3889.8;4005.0;3417.3;530.6
39;44;6;2512.0;3025.2;3616.0;3972.0;3978.0;3440.2;575.6
39;45;6;2950.0;3056.5;3431.0;3754.5;3832.0;3406.3;366.9
39;46;6;2547.0;2832.8;3485.5;3931.2;3949.0;3360.3;592.3
39;47;6;2335.0;3087.2;3464.5;3860.5;3895.0;3352.2;567.3
39;48;6;2466.0;2853.0;2956.0;3622.2;3879.0;3153.3;523.0
39;49;6;2762.0;2844.2;3037.0;3504.2;3702.0;3163.0;375.2
39;50;6;2599.0;2899.5;2955.5;3576.2;3850.0;3170.7;470.0
39;51;6;2632.0;2844.8;3171.5;3610.8;3744.0;3202.0;431.7
39;52;6;2661.0;2704.0;2766.5;3479.2;3733.0;3054.5;473.7
39;53;6;2487.0;2714.0;2988.5;3592.2;3836.0;3119.3;515.1
39;54;6;2683.0;2776.8;2967.5;3552.8;3741.0;3136.7;440.9
39;55;6;2132.0;2537.2;2682.0;3338.2;3736.0;2879.7;568.1
39;56;6;2530.0;2649.0;2765.5;3489.5;3736.0;3023.0;500.1
39;57;6;2542.0;2634.2;2677.5;3281.0;3482.0;2913.5;401.4
39;58;6;2532.0;2592.5;2761.5;3358.0;3540.0;2948.0;426.8
39;59;6;2857.0;2892.8;2950.5;3423.0;3590.0;3133.7;320.0
39;60;6;2663.0;2685.5;2881.5;3468.2;3659.0;3061.5;425.1
39;61;6;2318.0;2511.8;2585.5;3295.2;3525.0;2838.8;489.8
39;62;6;2563.0;2778.0;2987.5;3416.8;3549.0;3059.2;373.0
39;63;6;2157.0;2415.0;2536.0;3159.5;3374.0;2724.2;473.3
39;64;6;2397.0;2578.0;2609.0;3094.5;3256.0;2782.5;340.8
39;65;6;2405.0;2520.5;2734.5;3165.2;3422.0;2842.3;389.5
39;66;6;2533.0;2642.8;2775.5;3188.0;3346.0;2892.3;322.3
39;67;6;2507.0;2605.2;2647.0;3106.5;3408.0;2843.3;349.5
39;68;6;2218.0;2293.8;2544.0;3202.2;3386.0;2720.7;490.2
39;69;6;2541.0;2567.2;2709.5;3214.0;3443.0;2884.2;373.1
39;70;6;2391.0;2481.8;2584.0;3127.2;3367.0;2780.3;400.4
39;71;6;2384.0;2428.0;2689.0;3370.8;3538.0;2873.2;496.5
39;72;6;2258.0;2354.8;2590.0;3096.8;3300.0;2713.3;420.1
39;73;6;2516.0;2572.2;2730.0;3338.5;3514.0;2925.2;424.8
39;74;6;2213.0;2296.5;2644.0;3107.8;3242.0;2697.7;421.2
39;75;6;2438.0;2495.5;2579.0;3125.2;3327.0;2783.0;376.3
39;76;6;2153.0;2312.0;2475.5;2957.0;3192.0;2611.8;393.7
39;77;6;2236.0;2360.0;2622.0;3084.2;3306.0;2716.2;416.7
39;78;6;2433.0;2517.2;2628.5;2724.8;3321.0;2708.0;294.3
39;79;6;2475.0;2476.0;2519.0;2604.8;3303.0;2651.8;296.1
39;80;6;2298.0;2452.8;2502.0;2617.2;3121.0;2585.8;260.9
39;81;6;1950.0;2231.2;2383.0;2521.2;2977.0;2406.8;320.6
39;82;6;2231.0;2346.5;2401.0;2679.8;3231.0;2560.8;341.4
39;83;6;2460.0;2515.5;2543.0;2617.0;3089.0;2630.5;212.0
39;84;6;2201.0;2465.2;2593.5;2662.5;3067.0;2593.8;262.2
39;85;6;2024.0;2281.2;2320.0;2544.0;3143.0;2449.0;354.9
39;86;6;2250.0;2295.2;2418.5;2479.5;2994.0;2472.5;249.5
39;87;6;2095.0;2214.8;2446.5;2550.0;3049.0;2459.8;314.0
39;88;6;2344.0;2353.5;2388.0;2436.8;3097.0;2502.0;268.4
39;89;6;2310.0;2344.8;2438.0;2512.5;3050.0;2514.5;251.3
39;90;6;2123.0;2200.0;2291.5;2414.5;3144.0;2412.5;342.8
39;91;6;1997.0;2129.5;2266.0;2470.8;3157.0;2384.8;384.4
39;92;6;2124.0;2320.8;2404.5;2486.0;3144.0;2480.5;319.6
39;93;6;2356.0;2414.0;2508.5;2621.0;3066.0;2580.0;238.6
39;94;6;2237.0;2267.8;2342.5;2371.5;2926.0;2412.0;235.6
39;95;6;1950.0;2277.5;2405.5;2451.0;3055.0;2419.5;331.6
39;96;6;2015.0;2155.8;2310.0;2534.0;3031.0;2396.5;339.8
39;97;6;2169.0;2364.2;2404.5;2549.0;2982.0;2484.7;254.6
39;98;6;2003.0;2086.2;2179.0;2436.8;2972.0;2318.5;334.8
39;99;6;2149.0;2289.2;2344.5;2466.5;2975.0;2431.8;264.3
40;0;6;3258.0;3706.5;4452.5;4504.0;4528.0;4111.7;536.2
40;1;6;3412.0;3711.5;4390.5;4441.0;4506.0;4107.0;466.5
40;2;6;3408.0;3681.0;4338.5;4369.8;4454.0;4063.5;444.4
40;3;6;3505.0;3835.0;4446.0;4454.8;4507.0;4165.5;423.6
40;4;6;3271.0;3685.2;4336.0;4430.2;4473.0;4057.7;491.0
40;5;6;3633.0;3812.0;4387.0;4506.0;4542.0;4185.8;393.9
40;6;6;3349.0;3906.2;4469.5;4518.2;4577.0;4186.3;474.1
40;7;6;3421.0;3863.8;4377.0;4430.5;4458.0;4129.0;411.3
40;8;6;3136.0;3666.8;4221.0;4329.8;4378.0;3967.3;475.2
40;9;6;3481.0;3833.2;4213.0;4308.5;4331.0;4047.5;326.7
40;10;6;3286.0;3764.5;4225.0;4318.0;4403.0;4016.5;415.2
40;11;6;3497.0;3709.5;4321.0;4448.8;4475.0;4101.8;424.3
40;12;6;3849.0;3975.8;4335.5;4360.0;4374.0;4186.3;235.5
40;13;6;3557.0;3939.2;4459.5;4506.5;4523.0;4214.5;395.9
40;14;6;3371.0;3686.2;4319.5;4372.2;4394.0;4044.8;438.6
40;15;6;3357.0;3618.5;4222.5;4259.5;4356.0;3974.5;417.2
40;16;6;3105.0;3771.2;4114.0;4149.2;4202.0;3892.2;395.2
40;17;6;2992.0;3308.5;3960.5;4406.2;4445.0;3834.0;601.8
40;18;6;3336.0;3374.0;3876.5;4388.0;4439.0;3882.2;518.8
40;19;6;2933.0;3479.8;3915.0;4343.5;4470.0;3842.3;571.3
40;20;6;3018.0;3293.2;3792.0;4098.8;4169.0;3683.2;459.8
40;21;6;2931.0;3312.5;3857.5;4330.5;4342.0;3767.8;581.3
40;22;6;3143.0;3393.0;3884.0;4341.2;4424.0;3843.0;513.5
40;23;6;3012.0;3128.2;3761.5;4300.2;4373.0;3717.5;606.4
40;24;6;3247.0;3316.5;3748.0;4119.5;4218.0;3729.5;414.5
40;25;6;3130.0;3302.8;3830.0;4338.5;4377.0;3800.3;547.3
40;26;6;3150.0;3219.0;3752.5;4231.2;4253.0;3723.3;504.9
40;27;6;3295.0;3362.5;3836.5;4314.2;4356.0;3833.7;485.2
40;28;6;2948.0;3488.5;3935.5;4321.0;4339.0;3824.5;535.4
40;29;6;2627.0;3055.2;3663.0;4156.8;4241.0;3561.3;641.4
40;30;6;3052.0;3144.5;3762.0;4147.0;4189.0;3663.2;509.2
40;31;6;3188.0;3473.5;3734.0;4017.8;4160.0;3719.2;356.8
40;32;6;2927.0;3422.5;3772.5;4118.8;4177.0;3698.2;462.7
40;33;6;2805.0;3011.0;3512.0;3972.5;4111.0;3485.0;526.0
40;34;6;2799.0;3323.8;3676.5;3986.5;4089.0;3589.5;464.3
40;35;6;2848.0;2962.8;3482.0;3973.5;4087.0;3471.0;522.7
40;36;6;3245.0;3332.8;3840.5;4178.0;4189.0;3761.5;427.5
40;37;6;2870.0;3003.0;3468.0;3905.2;4002.0;3451.2;482.9
40;38;6;2553.0;2674.0;3317.0;3810.0;3890.0;3251.8;578.4
40;39;6;2837.0;3080.2;3482.5;3905.0;4021.0;3469.2;459.3
40;40;6;2543.0;2940.0;3568.0;4030.2;4047.0;3440.2;614.5
40;41;6;2327.0;3036.0;3550.0;3896.0;3940.0;3373.8;596.5
40;42;6;2946.0;3059.8;3468.0;3837.2;3897.0;3443.8;404.4
40;43;6;2689.0;2848.0;3511.0;3865.8;3922.0;3374.0;524.2
40;44;6;2701.0;2841.2;3318.0;3641.8;3772.0;3256.8;438.3
40;45;6;2581.0;2644.2;3113.5;3586.5;3635.0;3112.5;486.8
40;46;6;2711.0;2897.2;3321.5;3683.5;3715.0;3271.5;423.3
40;47;6;2498.0;2690.0;3239.5;3722.2;3741.0;3184.7;542.0
40;48;6;2664.0;2725.8;2903.5;3476.5;3712.0;3086.2;428.5
40;49;6;2724.0;2740.5;2785.0;3345.5;3541.0;3015.5;367.9
40;50;6;2593.0;2669.5;2812.5;3539.8;3793.0;3069.2;507.3
40;51;6;2541.0;2677.0;2768.5;3263.5;3468.0;2936.8;368.5
40;52;6;2348.0;2486.8;2703.5;3117.5;3372.0;2799.5;384.8
40;53;6;2388.0;2491.5;2809.5;3269.2;3425.0;2873.3;416.0
40;54;6;2311.0;2516.0;2571.5;3153.5;3360.0;2776.5;416.9
40;55;6;2433.0;2764.2;2890.0;3366.0;3528.0;2998.0;402.3
40;56;6;2471.0;2503.5;2566.0;3021.5;3215.0;2745.7;316.3
40;57;6;2271.0;2551.8;2637.5;3024.0;3187.0;2734.8;326.7
40;58;6;2369.0;2585.5;2870.0;3216.0;3342.0;2878.8;366.5
40;59;6;2443.0;2525.2;2623.0;3093.5;3250.0;2780.3;335.2
40;60;6;2325.0;2386.0;2512.5;2905.2;3045.0;2629.2;294.5
40;61;6;2232.0;2440.5;2590.5;3063.0;3209.0;2705.5;375.9
40;62;6;2045.0;2349.8;2392.0;2895.5;3053.0;2546.8;376.9
40;63;6;2216.0;2286.2;2415.0;3035.8;3287.0;2636.5;444.2
40;64;6;2314.0;2535.8;2576.5;3014.8;3154.0;2717.3;320.1
40;65;6;2201.0;2448.0;2575.0;3135.5;3335.0;2735.7;436.6
40;66;6;2378.0;2507.0;2555.5;3175.5;3386.0;2791.3;421.6
40;67;6;2245.0;2281.8;2407.5;2899.2;3106.0;2578.2;361.2
40;68;6;2048.0;2296.2;2368.5;2711.5;2834.0;2452.8;283.9
40;69;6;2121.0;2215.5;2334.0;2922.0;3105.0;2531.3;413.0
40;70;6;2110.0;2128.8;2189.5;2860.0;3082.0;2460.5;435.9
40;71;6;2059.0;2182.0;2326.0;2821.8;3052.0;2480.7;385.6
40;72;6;2168.0;2414.8;2589.0;3067.8;3261.0;2698.5;406.8
40;73;6;2194.0;2235.0;2397.5;2972.5;3151.0;2580.8;410.7
40;74;6;2129.0;2141.0;2224.5;2683.0;2959.0;2414.3;340.7
40;75;6;2095.0;2191.2;2394.0;2728.8;2851.0;2449.7;296.2
40;76;6;2051.0;2076.8;2221.5;2583.8;2694.0;2320.2;271.5
40;77;6;1913.0;2116.5;2259.0;2506.5;2622.0;2285.2;252.8
40;78;6;2034.0;2045.2;2072.5;2542.2;2729.0;2273.8;310.7
40;79;6;1812.0;2095.8;2273.5;2547.2;2625.0;2276.5;290.9
40;80;6;1974.0;2046.2;2070.0;2130.5;2809.0;2185.3;283.7
40;81;6;1902.0;1974.5;1992.5;2162.0;2901.0;2162.5;344.1
40;82;6;1821.0;2158.2;2364.5;2391.5;2792.0;2305.3;297.7
40;83;6;2083.0;2144.2;2214.5;2325.2;2789.0;2297.3;235.9
40;84;6;1791.0;2010.0;2112.0;2250.8;2676.0;2160.7;275.6
40;85;6;2051.0;2079.0;2172.0;2256.0;2953.0;2280.0;311.2
40;86;6;2079.0;2142.8;2274.5;2428.8;3015.0;2370.3;315.7
40;87;6;2135.0;2225.0;2241.5;2342.0;2827.0;2340.0;228.6
40;88;6;2051.0;2251.8;2296.0;2333.5;2724.0;2325.0;201.5
40;89;6;1954.0;1972.0;2118.0;2328.5;2921.0;2238.8;339.2
40;90;6;1950.0;2085.8;2210.5;2389.2;2858.0;2287.0;297.2
40;91;6;2062.0;2235.8;2277.0;2306.2;3014.0;2361.3;303.0
40;92;6;2005.0;2037.5;2183.0;2335.2;2788.0;2255.7;270.5
40;93;6;1977.0;2242.5;2392.0;2475.5;3046.0;2417.2;328.1
40;94;6;1996.0;2049.5;2159.0;2273.8;2898.0;2256.2;304.8
40;95;6;1988.0;2208.2;2246.0;2386.5;2882.0;2331.8;277.7
40;96;6;1969.0;2057.2;2323.0;2510.8;3016.0;2362.2;357.9
40;97;6;2042.0;2096.0;2224.0;2369.2;2727.0;2281.3;233.2
40;98;6;2000.0;2153.2;2254.0;2363.8;2917.0;2324.2;291.7
40;99;6;1977.0;2085.0;2178.0;2320.5;2935.0;2281.7;315.0
41;0;6;3644.0;3827.2;4380.5;4443.2;4459.0;4161.8;365.0
41;1;6;3460.0;3665.0;4320.0;4433.5;4482.0;4083.3;443.6
41;2;6;3509.0;4002.2;4456.5;4484.8;4515.0;4213.7;389.8
41;3;6;3615.0;3822.8;4415.0;4477.8;4606.0;4195.8;407.7
41;4;6;3465.0;3929.0;4457.5;4495.5;4533.0;4195.7;422.3
41;5;6;3288.0;3946.0;4346.5;4381.0;4408.0;4099.0;416.6
41;6;6;3383.0;3868.8;4334.0;4380.0;4418.0;4096.3;399.1
41;7;6;3668.0;3948.0;4408.5;4460.2;4485.0;4207.0;337.4
41;8;6;3261.0;3572.5;4398.5;4438.5;4459.0;4044.3;540.7
41;9;6;3545.0;3795.5;4349.0;4427.8;4510.0;4136.3;396.2
41;10;6;3074.0;3712.0;4265.0;4372.5;4533.0;4012.2;522.6
41;11;6;3549.0;3849.8;4344.5;4417.0;4455.0;4136.5;367.8
41;12;6;3167.0;3844.2;4437.5;4494.5;4506.0;4118.0;520.6
41;13;6;3162.0;3965.8;4415.5;4464.0;4556.0;4140.8;498.9
41;14;6;3298.0;3786.0;4066.0;4155.5;4305.0;3935.5;339.8
41;15;6;2997.0;3717.0;4357.5;4413.0;4468.0;4019.2;564.2
41;16;6;3264.0;3617.2;4228.0;4323.5;4404.0;3982.2;456.1
41;17;6;3330.0;3411.5;3939.0;4379.5;4424.0;3899.0;497.8
41;18;6;2992.0;3185.2;3851.5;4158.5;4236.0;3692.5;521.1
41;19;6;3310.0;3401.0;3931.0;4302.8;4330.0;3858.8;459.1
41;20;6;3177.0;3368.8;4033.5;4224.2;4255.0;3822.3;465.6
41;21;6;3394.0;3412.2;3898.0;4366.5;4419.0;3897.0;481.7
41;22;6;3318.0;3529.5;3975.0;4354.5;4396.0;3921.0;445.7
41;23;6;2975.0;3081.0;3763.0;4331.8;4462.0;3723.0;643.5
41;24;6;3227.0;3334.2;3900.0;4195.0;4239.0;3784.2;442.1
41;25;6;3165.0;3395.2;3816.0;4260.0;4275.0;3789.2;475.2
41;26;6;3264.0;3409.0;3829.5;4292.0;4333.0;3828.5;466.6
41;27;6;3009.0;3185.0;3753.0;4288.0;4297.0;3712.3;579.2
41;28;6;3017.0;3356.5;3700.0;4081.0;4177.0;3674.0;443.5
41;29;6;2852.0;3042.5;3526.0;4029.8;4125.0;3518.0;540.7
41;30;6;3079.0;3348.8;3818.0;4135.0;4201.0;3724.8;449.2
41;31;6;3053.0;3082.0;3592.5;4148.0;4223.0;3617.7;545.3
41;32;6;3007.0;3160.8;3869.5;4246.8;4317.0;3726.7;561.1
41;33;6;2939.0;3127.0;3587.5;3996.2;4080.0;3550.0;471.2
41;34;6;2758.0;3196.8;3779.5;4081.0;4097.0;3599.7;526.7
41;35;6;3066.0;3256.2;3751.0;4074.8;4102.0;3657.3;437.4
41;36;6;2936.0;3077.5;3493.0;3794.5;3848.0;3434.0;383.2
41;37;6;2573.0;3195.2;3895.0;4151.5;4164.0;3621.0;617.1
41;38;6;2732.0;2923.5;3478.5;3990.8;4013.0;3433.7;568.8
41;39;6;2995.0;3160.0;3679.0;4121.5;4157.0;3627.7;502.0
41;40;6;2913.0;3033.2;3503.0;3855.0;3900.0;3444.7;422.8
41;41;6;2454.0;2896.8;3470.5;3994.8;4017.0;3381.2;631.5
41;42;6;2622.0;2923.8;3485.0;3910.5;3982.0;3393.8;548.3
41;43;6;2611.0;2943.8;3420.5;3924.2;4027.0;3392.7;567.0
41;44;6;2765.0;2965.0;3418.0;3676.8;3896.0;3345.7;424.2
41;45;6;2550.0;2834.8;3337.0;3819.0;3869.0;3290.0;542.0
41;46;6;2584.0;2926.2;3393.0;3811.0;3831.0;3320.3;509.8
41;47;6;2538.0;2639.0;3136.5;3509.5;3572.0;3081.7;440.5
41;48;6;2296.0;2693.0;2936.0;3507.5;3665.0;3023.8;503.7
41;49;6;2704.0;2870.5;3127.5;3527.8;3664.0;3178.2;375.4
41;50;6;2337.0;2690.5;2970.5;3495.8;3683.0;3038.2;495.0
41;51;6;2405.0;2527.8;2675.0;3379.5;3610.0;2909.7;496.5
41;52;6;2263.0;2389.8;2647.0;3315.2;3591.0;2831.7;527.7
41;53;6;2350.0;2686.5;2834.5;3227.0;3418.0;2905.3;373.9
41;54;6;2217.0;2557.2;2838.5;3287.0;3438.0;2872.0;450.7
41;55;6;2169.0;2540.5;2646.0;3304.2;3684.0;2862.3;543.4
41;56;6;2373.0;2558.0;2616.5;3122.0;3457.0;2815.3;404.1
41;57;6;2054.0;2160.8;2371.5;3042.8;3231.0;2564.2;489.5
41;58;6;2118.0;2374.0;2530.0;3057.2;3409.0;2690.3;467.4
41;59;6;2106.0;2324.0;2383.0;3002.2;3213.0;2599.7;441.1
41;60;6;2259.0;2399.2;2587.5;3045.0;3227.0;2699.2;374.2
41;61;6;2333.0;2389.5;2538.5;3038.5;3205.0;2693.3;365.1
41;62;6;2073.0;2438.8;2491.0;2973.8;3232.0;2640.5;409.3
41;63;6;2156.0;2225.0;2419.0;2956.5;3266.0;2592.7;436.1
41;64;6;2157.0;2266.5;2446.5;3109.5;3384.0;2661.8;496.3
41;65;6;2240.0;2297.2;2330.0;2884.0;3105.0;2560.0;371.5
41;66;6;2046.0;2176.8;2323.0;2965.8;3184.0;2530.7;462.6
41;67;6;2250.0;2271.5;2313.5;2841.5;3070.0;2537.0;359.0
41;68;6;2058.0;2166.2;2334.0;2768.8;2924.0;2445.7;346.0
41;69;6;2090.0;2145.8;2276.5;2769.5;2986.0;2444.2;371.7
41;70;6;2059.0;2188.2;2351.0;2767.2;2978.0;2463.2;348.5
41;71;6;1865.0;2192.8;2381.0;2840.0;3079.0;2471.5;429.1
41;72;6;1953.0;2166.5;2360.5;2861.2;3031.0;2472.5;410.5
41;73;6;1757.0;2045.2;2184.0;2761.5;2940.0;2336.3;448.1
41;74;6;2051.0;2202.2;2264.0;2711.2;2885.0;2417.7;327.1
41;75;6;1972.0;2043.8;2118.5;2581.8;2866.0;2305.0;355.9
41;76;6;1833.0;2030.8;2244.0;2838.2;3038.0;2392.5;471.1
41;77;6;2097.0;2169.0;2199.0;2791.5;3001.0;2440.7;393.1
41;78;6;2010.0;2122.8;2230.5;2721.5;2861.0;2384.0;347.1
41;79;6;1884.0;1908.5;2203.5;2720.5;2906.0;2316.7;428.6
41;80;6;1926.0;1967.2;2103.0;2190.8;2631.0;2150.8;237.6
41;81;6;1788.0;2029.0;2159.0;2361.0;2755.0;2212.5;309.5
41;82;6;1934.0;2001.5;2102.5;2166.0;2759.0;2175.5;274.0
41;83;6;2099.0;2172.8;2249.0;2279.5;3031.0;2344.2;313.8
41;84;6;1889.0;1920.0;2073.5;2251.8;2668.0;2147.3;271.9
41;85;6;1905.0;2053.8;2084.0;2124.0;2847.0;2183.5;305.2
41;86;6;2025.0;2090.0;2188.5;2251.8;2730.0;2243.7;232.3
41;87;6;1937.0;2017.0;2056.5;2088.5;2835.0;2164.7;304.0
41;88;6;2035.0;2219.0;2297.5;2431.5;3062.0;2393.5;325.8
41;89;6;2027.0;2081.0;2144.0;2179.2;2879.0;2240.8;290.5
41;90;6;1975.0;2051.2;2149.5;2266.5;2781.0;2229.8;267.7
41;91;6;1819.0;2011.2;2103.5;2218.2;2821.0;2180.7;315.0
41;92;6;1890.0;1954.2;1994.5;2094.0;2891.0;2139.7;343.7
41;93;6;2034.0;2071.8;2086.0;2125.8;2941.0;2225.5;321.4
41;94;6;2044.0;2090.2;2173.5;2243.2;2805.0;2254.2;256.7
41;95;6;1955.0;2006.8;2026.0;2100.0;2781.0;2152.2;285.7
41;96;6;1977.0;2080.8;2176.5;2282.8;2843.0;2256.7;282.3
41;97;6;1862.0;1961.8;2098.5;2227.0;2825.0;2178.3;316.9
41;98;6;2106.0;2156.8;2231.5;2406.8;3122.0;2381.3;349.9
41;99;6;1682.0;2186.5;2324.0;2416.5;3095.0;2335.5;418.8
42;0;6;3335.0;3821.0;4224.5;4265.8;4420.0;4028.3;383.5
42;1;6;3464.0;3717.5;4395.0;4419.2;4477.0;4108.3;446.6
42;2;6;3422.0;3700.8;4222.0;4278.2;4349.0;4006.5;375.6
42;3;6;3524.0;3749.0;4328.0;4394.0;4474.0;4104.3;396.7
42;4;6;3219.0;3730.2;4273.5;4330.8;4336.0;4000.2;442.5
42;5;6;3420.0;3613.5;4164.0;4209.8;4237.0;3940.0;365.2
42;6;6;3600.0;3833.2;4403.5;4445.0;4452.0;4160.2;378.0
42;7;6;3142.0;3641.8;4431.5;4484.8;4519.0;4067.5;573.8
42;8;6;3468.0;3681.2;4205.0;4303.5;4395.0;4019.3;380.6
42;9;6;3344.0;3858.0;4427.0;4459.8;4522.0;4143.2;460.1
42;10;6;3207.0;3870.2;4377.5;4423.5;4439.0;4090.2;470.9
42;11;6;3579.0;3814.5;4347.5;4390.8;4427.0;4123.8;364.6
42;12;6;3337.0;3586.0;4312.0;4329.2;4392.0;4005.3;469.2
42;13;6;3391.0;3787.2;4493.5;4511.2;4526.0;4162.2;490.7
42;14;6;3264.0;3640.8;4358.0;4382.2;4390.0;4027.0;490.9
42;15;6;3201.0;3592.5;4464.0;4516.5;4538.0;4083.8;586.2
42;16;6;3712.0;3969.0;4423.0;4436.8;4455.0;4212.0;317.7
42;17;6;3400.0;3425.0;3912.5;4423.2;4447.0;3921.3;499.5
42;18;6;3341.0;3557.0;4078.5;4477.8;4484.0;3996.0;493.0
42;19;6;3335.0;3415.0;3917.5;4261.8;4359.0;3858.8;442.9
42;20;6;3103.0;3159.2;3807.0;4380.5;4428.0;3776.7;609.1
42;21;6;2961.0;3440.5;4010.5;4362.2;4423.0;3855.8;561.4
42;22;6;3051.0;3397.8;3871.5;4304.8;4409.0;3815.3;539.0
42;23;6;3119.0;3153.2;3683.5;4269.2;4367.0;3715.7;561.9
42;24;6;3162.0;3445.5;4050.0;4407.8;4419.0;3908.7;525.6
42;25;6;3269.0;3376.2;3916.5;4242.2;4260.0;3818.2;440.2
42;26;6;3138.0;3343.2;3820.0;4211.2;4236.0;3756.7;469.2
42;27;6;3014.0;3091.2;3710.0;4269.5;4319.0;3682.3;588.5
42;28;6;2707.0;3067.0;3635.0;4149.8;4191.0;3561.2;611.1
42;29;6;3090.0;3210.8;3815.5;4262.0;4340.0;3746.8;538.8
42;30;6;3087.0;3256.2;3827.0;4203.5;4302.0;3739.7;508.0
42;31;6;3043.0;3086.2;3535.0;3994.2;4028.0;3537.5;453.5
42;32;6;2762.0;3011.5;3695.5;4141.8;4163.0;3565.0;596.5
42;33;6;2994.0;3375.2;3801.0;4120.2;4160.0;3702.7;453.6
42;34;6;2939.0;3092.2;3574.0;4010.8;4027.0;3533.7;481.5
42;35;6;3001.0;3371.2;3584.0;3818.5;3937.0;3550.5;328.0
42;36;6;2908.0;3385.5;3758.5;3984.5;4019.0;3627.5;410.8
42;37;6;2830.0;2994.0;3579.5;3940.8;3987.0;3472.7;493.9
42;38;6;2713.0;2850.5;3443.0;3788.8;3822.0;3329.7;478.4
42;39;6;3081.0;3155.8;3521.0;3751.2;3767.0;3458.7;301.0
42;40;6;2480.0;3172.2;3606.5;3869.0;3922.0;3433.2;521.0
42;41;6;2705.0;2869.8;3475.5;3984.5;4012.0;3415.0;576.3
42;42;6;2768.0;2898.2;3428.0;3702.8;3727.0;3311.2;414.3
42;43;6;2780.0;2828.2;3235.0;3693.5;3765.0;3259.0;444.0
42;44;6;2697.0;2874.8;3156.5;3513.2;3695.0;3186.3;381.3
42;45;6;2904.0;2972.0;3313.5;3721.8;3768.0;3335.8;386.0
42;46;6;2590.0;2724.5;3144.0;3525.2;3576.0;3115.2;418.9
42;47;6;2504.0;2579.8;2991.5;3479.0;3632.0;3033.8;472.3
42;48;6;2349.0;2756.5;2766.0;3286.2;3481.0;2929.2;409.4
42;49;6;2561.0;2693.5;2740.0;3269.5;3459.0;2937.3;365.9
42;50;6;2473.0;2701.8;2949.0;3366.5;3518.0;3002.3;394.2
42;51;6;2422.0;2602.5;2797.5;3422.2;3639.0;2970.7;485.4
42;52;6;2592.0;2667.0;2820.0;3486.0;3874.0;3071.7;508.9
42;53;6;2473.0;2483.5;2681.0;3168.8;3363.0;2824.5;374.4
42;54;6;2256.0;2458.0;2704.5;3390.5;3615.0;2879.2;542.6
42;55;6;2444.0;2495.2;2638.0;3330.5;3610.0;2889.8;491.5
42;56;6;2436.0;2552.0;2657.0;3225.5;3392.0;2845.7;394.3
42;57;6;2383.0;2477.5;2640.5;3186.0;3317.0;2795.3;390.0
42;58;6;2377.0;2434.8;2567.5;3151.8;3373.0;2770.3;414.8
42;59;6;2539.0;2569.2;2649.5;3224.8;3424.0;2870.2;388.9
42;60;6;2332.0;2469.5;2648.0;3127.2;3324.0;2774.8;388.0
42;61;6;2331.0;2481.5;2594.5;3116.2;3318.0;2762.0;392.2
42;62;6;2430.0;2505.0;2621.0;3098.5;3327.0;2787.2;359.4
42;63;6;2179.0;2535.5;2684.0;3076.2;3193.0;2738.8;363.2
42;64;6;2484.0;2521.0;2636.0;3064.5;3215.0;2776.8;311.2
42;65;6;2329.0;2710.0;2787.0;3167.8;3345.0;2871.2;350.5
42;66;6;2270.0;2279.2;2321.0;2821.8;3211.0;2562.8;384.1
42;67;6;2106.0;2384.2;2481.0;3018.0;3259.0;2646.0;428.1
42;68;6;2245.0;2458.0;2546.5;3053.5;3212.0;2700.2;373.3
42;69;6;2372.0;2429.0;2662.0;3048.8;3157.0;2730.3;324.3
42;70;6;2285.0;2365.5;2607.0;3024.0;3143.0;2681.7;352.2
42;71;6;2444.0;2518.5;2745.0;3197.2;3334.0;2843.2;365.6
42;72;6;2285.0;2366.2;2570.0;3159.2;3365.0;2740.7;451.7
42;73;6;2151.0;2245.0;2388.5;2808.0;2940.0;2502.2;320.1
42;74;6;2350.0;2474.2;2525.0;3208.8;3530.0;2804.0;482.0
42;75;6;2079.0;2259.0;2628.5;3182.5;3423.0;2710.3;517.6
42;76;6;2249.0;2530.5;2622.0;3081.8;3327.0;2759.2;385.4
42;77;6;2232.0;2324.0;2453.5;3068.2;3277.0;2661.7;439.5
42;78;6;2023.0;2269.2;2365.0;2866.5;3174.0;2533.0;417.2
42;79;6;2089.0;2279.0;2428.5;2821.0;3005.0;2522.0;337.8
42;80;6;2268.0;2345.0;2370.0;2452.0;3088.0;2485.3;276.6
42;81;6;2331.0;2408.8;2453.0;2522.8;3203.0;2563.3;293.1
42;82;6;2136.0;2227.8;2274.5;2392.5;2945.0;2379.0;267.6
42;83;6;2245.0;2253.2;2292.5;2384.2;2926.0;2401.8;240.9
42;84;6;1963.0;2075.8;2286.0;2505.2;2950.0;2344.8;334.8
42;85;6;1992.0;2125.5;2302.5;2522.2;3088.0;2391.2;367.8
42;86;6;2049.0;2280.8;2467.5;2578.5;3025.0;2473.8;306.6
42;87;6;2140.0;2245.5;2269.5;2296.5;2903.0;2354.2;250.7
42;88;6;1867.0;2040.0;2179.0;2274.5;2771.0;2216.0;284.6
42;89;6;2134.0;2246.2;2296.0;2478.5;2944.0;2406.5;268.3
42;90;6;1852.0;2113.2;2212.5;2252.5;2683.0;2217.7;248.3
42;91;6;1946.0;2024.8;2083.0;2220.8;2653.0;2172.8;235.1
42;92;6;1938.0;2226.0;2256.5;2276.5;2771.0;2286.8;245.9
42;93;6;1987.0;2064.2;2069.5;2143.0;2719.0;2179.2;246.9
42;94;6;2069.0;2188.0;2196.5;2220.0;2651.0;2254.3;184.3
42;95;6;1829.0;1946.8;2086.5;2220.2;2902.0;2178.2;352.0
42;96;6;2036.0;2137.5;2272.5;2290.5;2622.0;2265.3;186.7
42;97;6;2018.0;2076.5;2093.0;2114.0;2766.0;2193.7;257.8
42;98;6;2016.0;2142.5;2231.5;2279.2;2723.0;2268.3;222.4
42;99;6;1998.0;2044.8;2165.0;2226.8;2604.0;2197.3;201.8
43;0;6;3553.0;3738.0;4308.5;4399.0;4434.0;4096.8;385.1
43;1;6;3196.0;3796.8;4401.0;4478.8;4551.0;4108.2;514.8
43;2;6;3401.0;3687.2;4321.5;4355.8;4387.0;4045.7;428.3
43;3;6;3298.0;3661.2;4395.5;4449.5;4491.0;4077.3;509.7
43;4;6;3420.0;3800.0;4250.0;4350.5;4394.0;4058.0;379.1
43;5;6;3629.0;4059.2;4409.0;4450.5;4487.0;4223.5;321.0
43;6;6;3478.0;3927.0;4445.5;4487.0;4521.0;4190.8;412.7
43;7;6;3237.0;3550.0;4272.0;4312.2;4438.0;3975.7;498.4
43;8;6;3376.0;3633.8;4285.5;4319.2;4425.0;4019.8;442.7
43;9;6;3273.0;3975.0;4447.5;4493.2;4505.0;4166.5;464.5
43;10;6;3506.0;3998.0;4245.5;4346.0;4491.0;4130.5;327.6
43;11;6;3506.0;3730.8;4420.0;4468.0;4525.0;4142.7;450.8
43;12;6;3332.0;3833.2;4310.5;4395.5;4430.0;4080.2;419.8
43;13;6;3320.0;3703.8;4249.0;4354.8;4385.0;4019.2;427.0
43;14;6;3280.0;3745.2;4375.0;4474.5;4529.0;4100.3;494.7
43;15;6;3106.0;3550.0;4384.0;4398.2;4483.0;4005.3;579.2
43;16;6;3270.0;3915.5;4287.5;4377.5;4396.0;4073.3;412.3
43;17;6;3212.0;3347.0;3963.0;4360.0;4376.0;3858.0;514.1
43;18;6;3351.0;3465.0;3930.0;4340.2;4401.0;3899.8;457.0
43;19;6;3310.0;3533.2;3973.0;4377.5;4411.0;3927.7;463.9
43;20;6;3134.0;3494.8;3953.5;4321.5;4333.0;3860.0;480.0
43;21;6;3401.0;3690.2;4080.0;4453.2;4468.0;4027.8;436.4
43;22;6;3378.0;3505.5;4021.0;4412.0;4420.0;3952.7;465.5
43;23;6;3037.0;3381.8;3861.5;4205.5;4233.0;3755.8;472.2
43;24;6;3381.0;3742.8;4098.0;4367.0;4398.0;4009.3;391.1
43;25;6;3167.0;3449.5;3972.5;4259.2;4269.0;3835.2;452.7
43;26;6;3058.0;3269.5;3690.5;4150.5;4239.0;3685.2;488.7
43;27;6;3066.0;3503.5;3894.0;4157.0;4205.0;3779.5;427.2
43;28;6;2907.0;3293.8;3790.5;4198.8;4380.0;3721.8;549.7
43;29;6;2951.0;3128.8;3634.5;4165.8;4211.0;3622.3;554.2
43;30;6;2884.0;3155.2;3616.5;4126.5;4196.0;3601.8;529.1
43;31;6;3009.0;3375.5;3972.0;4171.8;4212.0;3763.3;478.2
43;32;6;2994.0;3277.2;3719.0;4076.8;4147.0;3650.8;455.0
43;33;6;2838.0;2951.8;3595.0;4043.2;4069.0;3504.5;551.9
43;34;6;2847.0;2991.5;3445.5;3934.0;3958.0;3438.8;496.1
43;35;6;2844.0;2939.8;3392.5;3969.0;4069.0;3441.3;536.8
43;36;6;2760.0;2931.2;3441.5;3927.0;4010.0;3417.2;536.0
43;37;6;2889.0;3105.2;3575.5;3964.0;3985.0;3511.2;464.6
43;38;6;2594.0;3126.0;3626.5;3867.5;3882.0;3439.3;488.8
43;39;6;2986.0;3026.2;3427.5;3815.2;3823.0;3416.8;397.8
43;40;6;2763.0;2924.2;3653.0;4029.2;4039.0;3490.7;564.6
43;41;6;2638.0;2944.0;3543.0;3893.8;3940.0;3403.2;531.1
43;42;6;2825.0;3171.5;3673.0;3819.0;3839.0;3480.3;402.4
43;43;6;2616.0;2792.2;3359.5;3731.0;3805.0;3266.3;501.0
43;44;6;2578.0;2773.0;3293.0;3709.5;3743.0;3225.8;491.2
43;45;6;2954.0;3147.5;3531.0;3751.0;3764.0;3437.3;333.9
43;46;6;2696.0;2950.0;3478.5;3723.5;3782.0;3335.7;435.2
43;47;6;2678.0;2779.2;3323.5;3819.0;3873.0;3296.7;540.6
43;48;6;2593.0;2827.2;2989.5;3520.0;3762.0;3134.0;437.9
43;49;6;2485.0;2895.5;2911.5;3571.8;3799.0;3131.5;491.3
43;50;6;2191.0;2476.5;2906.0;3599.5;3767.0;2989.0;616.8
43;51;6;2679.0;2699.5;2868.0;3509.8;3691.0;3078.8;442.5
43;52;6;2196.0;2646.0;2753.5;3552.5;3828.0;2993.3;609.2
43;53;6;2576.0;2636.0;2791.5;3529.8;3774.0;3048.8;513.8
43;54;6;2391.0;2517.0;2893.0;3427.2;3626.0;2966.7;491.9
43;55;6;2315.0;2347.2;2593.0;3358.5;3554.0;2822.3;539.7
43;56;6;2426.0;2500.8;2548.5;3386.8;3704.0;2896.3;557.3
43;57;6;2446.0;2589.0;2705.5;3500.8;3768.0;2990.2;548.5
43;58;6;2567.0;2586.8;2724.5;3462.2;3684.0;2991.5;492.8
43;59;6;2439.0;2549.0;2649.5;3404.8;3686.0;2932.7;527.0
43;60;6;2579.0;2817.5;2918.5;3415.5;3630.0;3068.5;391.4
43;61;6;2613.0;2692.2;2724.5;3350.8;3583.0;2981.0;415.8
43;62;6;2604.0;2693.0;2820.0;3515.5;3777.0;3069.8;493.2
43;63;6;2456.0;2486.5;2671.0;3268.8;3464.0;2859.2;429.0
43;64;6;2501.0;2598.5;2687.0;3349.2;3632.0;2941.0;467.5
43;65;6;2379.0;2542.5;2665.0;3293.0;3505.0;2869.7;454.0
43;66;6;2398.0;2482.0;2626.0;3307.8;3601.0;2870.0;500.7
43;67;6;2506.0;2661.5;2786.0;3290.8;3434.0;2931.8;369.8
43;68;6;2246.0;2626.2;2821.0;3387.8;3585.0;2935.2;491.4
43;69;6;2577.0;2816.0;2940.5;3359.8;3544.0;3046.0;352.7
43;70;6;2248.0;2420.0;2625.5;3397.2;3655.0;2860.0;569.0
43;71;6;2590.0;2616.8;2894.5;3544.2;3758.0;3070.3;496.4
43;72;6;2317.0;2557.5;2668.5;3366.8;3602.0;2896.0;506.0
43;73;6;2210.0;2434.5;2542.5;3204.0;3470.0;2764.7;491.7
43;74;6;2334.0;2488.5;2690.5;3371.8;3636.0;2895.2;516.1
43;75;6;2253.0;2412.8;2569.0;2642.0;3281.0;2616.5;327.0
43;76;6;2414.0;2559.8;2678.0;2732.5;3379.0;2736.7;307.7
43;77;6;2303.0;2456.5;2568.5;2681.2;3294.0;2645.3;318.8
43;78;6;2175.0;2393.8;2439.5;2669.0;3364.0;2590.3;384.1
43;79;6;2506.0;2561.8;2736.5;3117.5;3331.0;2843.0;325.7
43;80;6;2145.0;2272.2;2457.0;2773.8;3209.0;2559.7;370.3
43;81;6;1894.0;2328.2;2452.0;2529.2;3131.0;2461.8;366.5
43;82;6;2252.0;2274.8;2353.5;2479.5;3035.0;2460.7;271.5
43;83;6;2406.0;2418.5;2467.0;2533.5;3087.0;2564.2;239.3
43;84;6;2292.0;2457.2;2570.0;2745.0;3296.0;2658.5;323.3
43;85;6;2309.0;2411.2;2519.0;2611.0;3155.0;2586.5;275.0
43;86;6;1929.0;2309.5;2386.5;2477.0;3099.0;2432.0;348.8
43;87;6;2049.0;2169.5;2303.0;2366.8;2935.0;2350.5;284.7
43;88;6;2113.0;2382.5;2476.0;2701.5;3151.0;2557.3;327.8
43;89;6;2051.0;2078.5;2213.0;2467.5;3018.0;2346.8;341.7
43;90;6;2206.0;2373.0;2443.0;2549.0;3139.0;2527.5;295.8
43;91;6;1929.0;2301.2;2440.0;2572.8;3219.0;2483.3;391.7
43;92;6;2101.0;2307.5;2387.5;2702.2;3278.0;2540.3;389.9
43;93;6;2255.0;2425.2;2492.5;2646.0;3205.0;2590.8;304.1
43;94;6;2060.0;2218.5;2336.5;2576.0;3100.0;2444.7;343.3
43;95;6;2114.0;2140.5;2238.5;2297.5;3011.0;2337.8;309.3
43;96;6;2029.0;2311.8;2359.5;2498.0;2972.0;2426.7;287.0
43;97;6;1983.0;2172.2;2360.5;2521.8;2991.0;2396.7;324.3
43;98;6;1853.0;2194.0;2260.5;2304.5;2880.0;2290.8;304.3
43;99;6;2136.0;2227.8;2361.0;2491.2;2930.0;2417.7;261.6
44;0;6;3289.0;3841.2;4424.5;4479.0;4518.0;4133.3;478.9
44;1;6;3433.0;3673.5;4360.5;4377.8;4408.0;4065.0;441.3
44;2;6;3202.0;3566.5;4285.0;4420.8;4481.0;4007.7;531.6
44;3;6;2943.0;3738.8;4261.0;4285.2;4391.0;3952.3;526.4
44;4;6;3359.0;3716.8;4365.5;4478.8;4495.0;4100.3;472.3
44;5;6;3352.0;3688.8;4328.0;4373.2;4514.0;4064.3;464.2
44;6;6;3141.0;3601.2;4205.5;4276.5;4511.0;3960.5;500.5
44;7;6;3215.0;3716.0;4295.0;4319.0;4424.0;4013.2;466.1
44;8;6;3151.0;3483.0;4294.0;4363.2;4424.0;3960.3;551.3
44;9;6;3278.0;3675.8;4175.0;4278.2;4314.0;3960.7;406.2
44;10;6;3214.0;3849.0;4188.5;4301.5;4352.0;4003.0;407.0
44;11;6;3672.0;4010.8;4373.0;4441.2;4475.0;4207.8;309.7
44;12;6;3456.0;3987.2;4476.5;4512.0;4537.0;4215.7;419.5
44;13;6;3255.0;3737.2;4348.5;4380.8;4390.0;4044.5;464.7
44;14;6;3064.0;3437.2;4216.5;4286.2;4293.0;3879.5;532.5
44;15;6;3451.0;3773.0;4446.0;4469.5;4536.0;4150.8;461.4
44;16;6;3547.0;3767.8;4272.5;4307.0;4339.0;4058.2;341.4
44;17;6;3269.0;3485.5;3994.0;4448.5;4485.0;3943.0;517.6
44;18;6;3127.0;3205.0;3777.0;4244.8;4352.0;3741.3;538.9
44;19;6;3293.0;3544.5;3917.0;4236.2;4318.0;3868.0;403.8
44;20;6;3303.0;3411.5;3972.5;4304.8;4425.0;3885.5;469.5
44;21;6;3187.0;3397.8;3932.0;4389.8;4395.0;3868.0;528.5
44;22;6;3033.0;3367.8;3787.0;4265.5;4347.0;3767.8;522.5
44;23;6;3305.0;3515.5;3924.0;4267.2;4389.0;3883.8;431.8
44;24;6;2922.0;3273.5;3855.0;4237.8;4257.0;3722.3;545.4
44;25;6;3146.0;3283.5;3898.0;4247.0;4279.0;3777.2;492.6
44;26;6;3270.0;3639.0;4095.5;4401.2;4421.0;3978.7;451.8
44;27;6;3058.0;3286.0;3818.0;4143.8;4244.0;3716.5;477.2
44;28;6;3166.0;3323.0;3729.5;4025.0;4053.0;3664.8;376.8
44;29;6;3366.0;3513.0;3852.0;4203.8;4240.0;3838.5;375.7
44;30;6;3078.0;3218.5;3654.0;4021.2;4117.0;3620.0;431.2
44;31;6;2940.0;3073.8;3750.0;4145.8;4195.0;3626.8;547.8
44;32;6;2840.0;3007.5;3691.5;4167.0;4176.0;3584.0;595.8
44;33;6;2908.0;3129.8;3612.5;4074.2;4120.0;3575.0;517.2
44;34;6;2993.0;3160.2;3715.0;4146.8;4184.0;3645.5;518.6
44;35;6;2915.0;3084.8;3631.0;4059.5;4103.0;3564.2;510.5
44;36;6;2857.0;3072.0;3464.5;3857.8;4011.0;3454.5;458.3
44;37;6;2684.0;2787.0;3172.0;3598.2;3746.0;3195.5;436.8
44;38;6;2971.0;3103.2;3603.5;3961.2;3981.0;3529.3;438.9
44;39;6;2593.0;3087.5;3550.0;3885.8;3930.0;3425.7;508.8
44;40;6;2662.0;2926.5;3514.0;4020.5;4082.0;3448.7;595.2
44;41;6;2785.0;3182.5;3660.5;3997.5;4052.0;3548.5;491.0
44;42;6;2640.0;3029.0;3404.5;3849.0;3892.0;3373.7;488.5
44;43;6;2540.0;2896.2;3390.0;3865.0;3901.0;3329.3;554.2
44;44;6;2771.0;2887.2;3502.5;3931.8;3947.0;3413.3;526.9
44;45;6;2307.0;2697.5;3213.5;3561.5;3591.0;3088.0;506.0
44;46;6;2776.0;2880.8;3347.5;3713.8;3754.0;3297.7;431.8
44;47;6;2562.0;2778.2;3288.0;3602.0;3669.0;3187.0;447.6
44;48;6;2782.0;2979.0;3017.5;3494.0;3686.0;3187.0;347.8
44;49;6;2491.0;2598.8;3004.5;3489.0;3759.0;3062.2;492.9
44;50;6;2706.0;2860.5;2925.0;3471.8;3677.0;3121.0;389.5
44;51;6;2396.0;2556.0;2770.0;3341.8;3603.0;2926.0;468.3
44;52;6;2295.0;2636.0;2727.0;3295.0;3524.0;2893.8;451.5
44;53;6;2481.0;2531.5;2659.0;3328.0;3511.0;2891.7;447.9
44;54;6;2486.0;2642.5;2811.0;3332.8;3533.0;2955.7;407.1
44;55;6;2521.0;2616.5;2729.0;3269.8;3498.0;2917.7;393.2
44;56;6;2466.0;2567.0;2627.0;3229.2;3554.0;2875.2;436.4
44;57;6;2307.0;2551.5;2670.0;3184.5;3409.0;2820.7;408.9
44;58;6;2340.0;2512.8;2864.0;3334.5;3457.0;2902.0;442.3
44;59;6;2108.0;2319.8;2432.0;3114.2;3358.0;2659.0;495.1
44;60;6;2273.0;2594.5;2771.0;3241.5;3493.0;2873.7;431.7
44;61;6;2352.0;2429.8;2620.5;3275.5;3581.0;2839.0;504.9
44;62;6;2468.0;2572.2;2649.0;3160.0;3339.0;2830.3;356.0
44;63;6;2115.0;2378.2;2453.0;3098.5;3387.0;2679.2;483.7
44;64;6;2612.0;2728.8;2831.0;3352.5;3572.0;3011.2;387.4
44;65;6;2139.0;2577.0;2759.0;3196.8;3329.0;2807.5;420.8
44;66;6;2254.0;2497.2;2597.0;3164.0;3428.0;2782.2;441.1
44;67;6;2177.0;2543.8;2608.5;3231.2;3533.0;2814.7;492.7
44;68;6;2355.0;2428.0;2531.0;3198.0;3433.0;2777.3;459.4
44;69;6;2214.0;2462.5;2609.5;3084.2;3240.0;2721.5;383.7
44;70;6;2451.0;2517.8;2778.0;3214.5;3311.0;2851.5;359.9
44;71;6;2314.0;2399.5;2522.0;3072.0;3257.0;2704.8;391.8
44;72;6;2270.0;2438.5;2566.0;3094.0;3294.0;2727.0;398.1
44;73;6;2154.0;2371.8;2585.5;2989.8;3247.0;2666.2;392.4
44;74;6;2204.0;2343.0;2504.5;3125.0;3424.0;2709.7;477.6
44;75;6;2431.0;2485.5;2552.0;3175.0;3458.0;2806.5;435.6
44;76;6;2072.0;2440.5;2620.0;3131.0;3363.0;2726.2;459.1
44;77;6;2115.0;2418.5;2543.5;3121.5;3321.0;2702.3;451.8
44;78;6;2175.0;2217.8;2435.5;3134.8;3323.0;2647.0;494.7
44;79;6;2196.0;2489.5;2654.0;3174.0;3354.0;2773.3;433.0
44;80;6;2152.0;2522.2;2591.5;2672.8;3255.0;2631.5;327.3
44;81;6;2434.0;2468.5;2671.5;2815.2;3299.0;2723.3;298.8
44;82;6;2254.0;2407.8;2501.5;2693.5;3283.0;2612.3;335.8
44;83;6;2414.0;2435.8;2497.5;2749.8;3293.0;2658.5;315.3
44;84;6;2229.0;2258.2;2377.5;2683.5;3287.0;2545.8;378.7
44;85;6;2173.0;2344.5;2588.5;2840.0;3260.0;2632.8;374.5
44;86;6;2067.0;2233.0;2341.0;2674.8;3319.0;2508.5;421.3
44;87;6;2185.0;2211.8;2283.5;2488.8;3363.0;2476.7;414.1
44;88;6;2222.0;2353.0;2529.5;2658.0;3272.0;2591.3;342.9
44;89;6;2187.0;2285.8;2416.0;2472.8;3331.0;2514.0;379.7
44;90;6;2397.0;2463.5;2645.0;2809.2;3468.0;2737.0;361.5
44;91;6;2126.0;2294.2;2416.0;2690.0;3364.0;2559.5;410.0
44;92;6;2354.0;2365.5;2388.5;2420.5;3213.0;2522.2;309.9
44;93;6;2441.0;2500.2;2723.0;2816.0;3449.0;2768.2;339.1
44;94;6;2405.0;2605.8;2695.0;3016.0;3354.0;2808.0;326.1
44;95;6;2364.0;2491.5;2532.0;2655.8;3274.0;2646.2;297.2
44;96;6;2034.0;2540.5;2590.5;2901.5;3320.0;2677.3;401.8
44;97;6;2158.0;2270.8;2458.0;2525.2;3229.0;2509.8;349.5
44;98;6;2505.0;2521.5;2570.0;2768.5;3173.0;2693.0;240.6
44;99;6;1987.0;2123.2;2191.5;2409.0;3079.0;2338.5;361.7
45;0;6;3697.0;3911.8;4250.5;4334.2;4417.0;4129.3;276.3
45;1;6;3133.0;3747.0;4412.5;4480.2;4490.0;4079.3;538.6
45;2;6;3430.0;3760.0;4385.5;4447.0;4590.0;4135.0;460.3
45;3;6;3356.0;3902.5;4319.0;4355.2;4441.0;4094.3;397.9
45;4;6;3604.0;3840.8;4307.0;4379.5;4403.0;4118.3;334.3
45;5;6;3110.0;3844.8;4391.0;4479.8;4521.0;4097.5;529.4
45;6;6;3607.0;3782.2;4311.0;4335.0;4425.0;4100.5;349.4
45;7;6;3436.0;3824.8;4405.5;4490.5;4529.0;4154.3;440.4
45;8;6;3413.0;3715.5;4358.0;4455.2;4533.0;4108.5;459.2
45;9;6;3303.0;3783.2;4460.5;4470.2;4473.0;4121.3;493.4
45;10;6;3356.0;3677.5;4330.0;4369.8;4501.0;4060.0;463.9
45;11;6;2976.0;3969.5;4374.5;4448.0;4499.0;4088.5;544.3
45;12;6;3401.0;3644.5;4313.5;4393.0;4409.0;4046.3;445.4
45;13;6;3174.0;3460.2;4242.5;4268.0;4330.0;3910.8;512.0
45;14;6;3265.0;3555.8;4381.0;4443.5;4472.0;4040.7;542.0
45;15;6;3225.0;3778.8;4209.5;4269.8;4293.0;3977.0;404.9
45;16;6;3266.0;3476.8;4020.5;4058.8;4080.0;3792.3;358.8
45;17;6;2837.0;3043.0;3597.0;4080.5;4283.0;3569.0;584.3
45;18;6;3051.0;3290.8;3825.5;4352.8;4387.0;3788.3;575.7
45;19;6;3303.0;3566.2;4017.0;4285.5;4296.0;3904.0;404.2
45;20;6;3237.0;3494.5;3958.5;4377.5;4428.0;3906.5;478.0
45;21;6;3126.0;3447.8;3835.0;4184.8;4242.0;3776.3;436.7
45;22;6;3121.0;3295.0;3799.5;4257.5;4306.0;3760.5;515.6
45;23;6;2870.0;3130.8;3789.0;4286.0;4349.0;3693.3;624.6
45;24;6;3077.0;3541.2;3882.0;4201.8;4313.0;3815.0;439.3
45;25;6;3271.0;3332.0;3816.5;4176.5;4216.0;3764.5;428.7
45;26;6;3098.0;3555.8;3857.5;4148.0;4161.0;3779.0;402.4
45;27;6;3136.0;3282.0;3792.0;4177.5;4198.0;3722.7;466.7
45;28;6;2978.0;3439.0;3739.5;4076.8;4285.0;3711.7;456.6
45;29;6;2764.0;2990.8;3643.5;4120.0;4265.0;3561.3;611.1
45;30;6;2595.0;3193.0;3845.5;4165.8;4197.0;3621.8;615.8
45;31;6;2765.0;3193.8;3662.5;3952.0;3987.0;3527.2;466.8
45;32;6;2745.0;3234.5;3684.0;4127.5;4141.0;3602.3;552.6
45;33;6;2611.0;3021.0;3500.0;4000.0;4077.0;3452.7;578.7
45;34;6;2909.0;3067.8;3499.5;3839.8;3902.0;3447.8;414.4
45;35;6;2712.0;3040.8;3424.0;3876.2;4069.0;3428.2;513.0
45;36;6;2573.0;2827.5;3410.5;3936.5;3994.0;3355.5;597.4
45;37;6;2942.0;3145.2;3520.5;3865.8;3884.0;3478.0;398.6
45;38;6;2880.0;3257.0;3688.5;3979.8;4006.0;3575.5;435.1
45;39;6;2731.0;2828.5;3283.5;3724.2;3853.0;3283.2;483.2
45;40;6;2697.0;2825.8;3395.0;3755.8;3769.0;3294.7;474.2
45;41;6;2761.0;3040.0;3479.0;3739.5;3750.0;3364.8;399.8
45;42;6;2670.0;3008.0;3598.5;3971.5;4030.0;3467.3;542.3
45;43;6;2774.0;2978.5;3353.5;3770.5;3805.0;3341.5;431.3
45;44;6;2540.0;2735.2;3247.5;3635.2;3695.0;3176.5;485.3
45;45;6;2233.0;2520.0;3321.0;3716.2;3753.0;3121.5;640.1
45;46;6;2682.0;2773.5;3309.5;3757.0;3771.0;3262.2;498.6
45;47;6;2588.0;2713.0;3117.0;3619.2;3697.0;3147.3;471.7
45;48;6;2442.0;2576.0;2811.5;3301.2;3444.0;2911.8;399.2
45;49;6;2520.0;3037.5;3087.5;3397.8;3573.0;3131.7;345.1
45;50;6;2506.0;2683.5;2763.5;3362.5;3671.0;2987.2;453.7
45;51;6;2657.0;2685.0;2734.0;3365.0;3583.0;2992.0;413.5
45;52;6;2236.0;2394.8;2673.5;3283.8;3536.0;2818.0;507.3
45;53;6;2504.0;2552.2;2741.5;3337.2;3572.0;2930.7;446.8
45;54;6;2207.0;2662.0;2700.5;3264.0;3448.0;2859.5;448.6
45;55;6;2383.0;2676.2;2935.0;3334.8;3482.0;2965.5;408.2
45;56;6;2559.0;2725.5;2827.0;3248.0;3409.0;2950.3;328.1
45;57;6;2454.0;2515.5;2556.5;3178.0;3400.0;2809.0;412.7
45;58;6;2318.0;2387.0;2649.5;3037.2;3198.0;2713.5;351.6
45;59;6;2340.0;2447.8;2559.0;3086.5;3268.0;2733.2;380.5
45;60;6;2278.0;2532.5;2714.0;3155.8;3363.0;2807.3;397.9
45;61;6;2262.0;2407.5;2844.5;3214.8;3396.0;2824.5;446.2
45;62;6;2130.0;2282.2;2329.5;2968.5;3205.0;2573.7;439.7
45;63;6;2142.0;2285.0;2415.0;3023.5;3279.0;2619.8;450.4
45;64;6;2076.0;2377.2;2619.0;3099.2;3347.0;2702.8;462.5
45;65;6;2437.0;2482.5;2666.0;3103.0;3236.0;2779.2;333.8
45;66;6;2230.0;2495.5;2560.5;3028.2;3203.0;2702.0;359.9
45;67;6;2130.0;2288.2;2573.0;3047.5;3224.0;2649.8;424.7
45;68;6;2203.0;2239.0;2467.0;3030.2;3239.0;2626.2;431.0
45;69;6;2239.0;2312.2;2324.0;2794.8;3008.0;2525.8;322.5
45;70;6;2190.0;2213.0;2490.5;3092.0;3258.0;2640.3;458.6
45;71;6;2236.0;2618.5;2662.5;2968.2;3082.0;2719.5;290.4
45;72;6;2328.0;2425.5;2459.5;3004.2;3196.0;2673.8;365.5
45;73;6;2287.0;2310.5;2348.0;3107.8;3389.0;2671.8;497.5
45;74;6;2180.0;2336.8;2536.0;3018.8;3250.0;2658.7;413.3
45;75;6;2124.0;2280.2;2401.0;2979.2;3197.0;2589.2;428.8
45;76;6;2293.0;2431.0;2494.0;3060.2;3245.0;2697.5;390.4
45;77;6;2151.0;2187.5;2293.5;2830.0;3007.0;2484.3;373.0
45;78;6;2173.0;2373.8;2487.5;2894.5;3039.0;2592.2;329.6
45;79;6;2142.0;2183.2;2309.0;2957.5;3152.0;2537.8;440.4
45;80;6;2264.0;2362.8;2441.0;2499.8;3025.0;2504.5;246.5
45;81;6;2132.0;2258.8;2393.0;2612.0;3323.0;2523.3;396.0
45;82;6;2135.0;2366.8;2400.0;2539.0;3042.0;2486.3;280.7
45;83;6;2294.0;2372.2;2456.0;2586.2;3122.0;2550.3;275.5
45;84;6;2028.0;2094.2;2251.5;2469.5;3097.0;2368.7;364.8
45;85;6;1981.0;2299.5;2443.0;2473.2;3014.0;2436.0;310.0
45;86;6;2042.0;2210.2;2345.5;2597.8;3124.0;2450.7;356.9
45;87;6;1971.0;2053.8;2282.5;2514.2;3170.0;2379.2;413.7
45;88;6;1926.0;2086.5;2315.0;2435.5;3019.0;2343.5;353.5
45;89;6;2081.0;2141.2;2363.5;2430.5;2909.0;2372.8;278.6
45;90;6;1822.0;2313.5;2349.0;2479.8;2968.0;2385.5;337.8
45;91;6;2076.0;2157.2;2208.0;2254.2;2706.0;2268.0;204.9
45;92;6;2151.0;2255.5;2354.5;2494.8;3056.0;2446.7;298.0
45;93;6;1974.0;2136.5;2199.0;2264.5;2850.0;2270.7;275.9
45;94;6;1988.0;2057.2;2258.5;2417.8;2957.0;2320.5;328.4
45;95;6;1883.0;2116.5;2149.0;2308.2;2833.0;2246.8;296.3
45;96;6;1883.0;1937.2;2116.0;2227.2;2802.0;2176.5;309.8
45;97;6;1886.0;1979.0;2092.5;2178.2;2725.0;2157.3;273.9
45;98;6;1961.0;2097.5;2209.5;2293.8;2709.0;2245.2;237.9
45;99;6;1993.0;2097.5;2166.5;2229.5;2733.0;2230.7;238.2
46;0;6;3185.0;3579.0;4183.0;4403.8;4431.0;3972.8;494.7
46;1;6;3250.0;3762.8;4420.0;4461.5;4559.0;4111.3;512.3
46;2;6;3383.0;3845.5;4429.0;4498.8;4500.0;4152.3;451.7
46;3;6;3395.0;3838.0;4374.5;4461.0;4474.0;4127.8;428.7
46;4;6;3230.0;3694.0;4355.5;4409.5;4453.0;4049.2;497.7
46;5;6;3257.0;3759.2;4291.0;4390.8;4465.0;4051.7;460.6
46;6;6;3344.0;3709.8;4382.5;4433.5;4490.0;4089.2;478.4
46;7;6;3367.0;3624.5;4420.5;4480.8;4492.0;4093.3;511.7
46;8;6;3609.0;3989.8;4260.0;4351.0;4463.0;4145.5;297.4
46;9;6;3101.0;3604.5;4369.0;4393.2;4417.0;4001.2;551.9
46;10;6;3418.0;3690.0;4366.0;4379.0;4410.0;4068.0;442.8
46;11;6;3389.0;3838.8;4320.0;4379.0;4416.0;4087.0;398.4
46;12;6;3090.0;3555.8;4211.0;4300.8;4374.0;3925.7;508.6
46;13;6;3246.0;3632.2;4455.0;4467.0;4492.0;4079.5;550.2
46;14;6;3447.0;3821.5;4333.5;4421.0;4511.0;4121.0;413.5
46;15;6;3131.0;3600.0;4294.5;4380.8;4422.0;3986.7;525.1
46;16;6;3549.0;3840.8;4365.0;4370.2;4404.0;4120.2;364.0
46;17;6;3131.0;3293.2;3884.0;4282.8;4334.0;3790.8;519.6
46;18;6;3303.0;3368.2;3801.5;4291.0;4443.0;3837.8;493.3
46;19;6;3040.0;3433.5;3953.5;4364.0;4382.0;3848.3;539.2
46;20;6;3208.0;3272.2;3718.5;4264.5;4360.0;3762.5;511.6
46;21;6;3459.0;3527.8;3995.5;4388.2;4398.0;3956.5;435.0
46;22;6;3375.0;3442.0;3880.5;4214.0;4282.0;3839.8;394.8
46;23;6;3390.0;3459.8;3955.5;4364.2;4386.0;3913.7;459.9
46;24;6;3099.0;3340.2;3781.5;4126.8;4273.0;3728.3;458.6
46;25;6;3043.0;3153.2;3777.0;4174.2;4310.0;3693.2;537.5
46;26;6;3086.0;3161.8;3815.5;4287.8;4296.0;3733.7;561.5
46;27;6;2992.0;3129.8;3755.5;4183.2;4193.0;3657.2;535.8
46;28;6;2893.0;3041.5;3735.5;4218.8;4256.0;3635.0;606.1
46;29;6;2820.0;3489.8;3948.0;4163.2;4174.0;3743.7;500.2
46;30;6;3307.0;3379.8;3853.0;4288.8;4297.0;3827.7;461.8
46;31;6;3143.0;3222.5;3673.0;4179.0;4289.0;3699.7;496.3
46;32;6;2961.0;3005.0;3504.5;3986.8;4029.0;3497.5;496.6
46;33;6;2927.0;3075.2;3632.0;4089.0;4184.0;3584.3;541.0
46;34;6;2875.0;3002.0;3621.0;4115.5;4162.0;3559.2;576.5
46;35;6;3292.0;3635.2;3883.5;4129.5;4138.0;3826.8;324.2
46;36;6;2908.0;3049.0;3626.0;4041.0;4111.0;3551.2;511.9
46;37;6;2897.0;2985.8;3597.0;4047.0;4083.0;3525.5;537.0
46;38;6;2937.0;3176.0;3589.5;3911.5;3987.0;3526.7;416.8
46;39;6;2817.0;3002.8;3659.5;4023.8;4028.0;3515.5;529.4
46;40;6;2775.0;2921.8;3449.0;4031.8;4061.0;3451.0;579.8
46;41;6;2835.0;2909.0;3510.0;3937.8;3976.0;3436.7;515.6
46;42;6;2958.0;3077.5;3479.0;3931.5;3970.0;3485.3;443.7
46;43;6;2742.0;2876.8;3384.0;3677.5;3866.0;3309.8;443.6
46;44;6;2875.0;2971.8;3402.5;3735.8;3766.0;3353.5;396.0
46;45;6;2467.0;2729.2;3263.5;3593.8;3630.0;3146.5;478.9
46;46;6;2430.0;2842.2;3290.5;3693.8;3725.0;3209.5;511.2
46;47;6;2551.0;2665.2;3137.5;3489.8;3759.0;3116.7;469.6
46;48;6;2508.0;2543.5;2657.5;3574.8;3870.0;3013.2;607.0
46;49;6;2538.0;2906.5;2944.5;3349.2;3495.0;3050.0;339.8
46;50;6;2248.0;2644.2;2764.5;3443.5;3670.0;2953.5;529.5
46;51;6;2491.0;2728.5;2820.0;3363.0;3566.0;2989.8;414.1
46;52;6;2215.0;2359.2;2676.0;3350.5;3522.0;2819.7;533.0
46;53;6;2693.0;2852.5;2910.0;3324.5;3509.0;3053.0;312.8
46;54;6;2695.0;2830.0;2965.0;3477.2;3655.0;3118.8;388.2
46;55;6;2577.0;2779.0;2879.0;3312.8;3490.0;3004.7;341.9
46;56;6;2379.0;2582.5;2687.5;3169.8;3400.0;2838.7;385.6
46;57;6;2516.0;2654.8;2723.5;3207.0;3377.0;2890.0;346.0
46;58;6;2435.0;2648.2;2796.0;3171.8;3466.0;2898.2;365.7
46;59;6;2442.0;2469.5;2718.0;3286.8;3406.0;2857.8;422.7
46;60;6;2500.0;2558.5;2717.0;3277.5;3454.0;2893.0;405.6
46;61;6;2453.0;2536.0;2574.5;3360.8;3620.0;2894.7;512.9
46;62;6;2409.0;2598.8;2650.5;3213.8;3488.0;2863.5;415.9
46;63;6;2654.0;2737.0;2881.0;3256.0;3408.0;2982.3;299.3
46;64;6;2579.0;2702.2;2813.5;3262.2;3465.0;2958.0;345.8
46;65;6;2361.0;2527.0;2599.0;3178.8;3494.0;2821.3;440.2
46;66;6;2218.0;2285.2;2627.0;3357.2;3564.0;2801.3;565.2
46;67;6;2247.0;2482.8;2522.0;3302.2;3595.0;2819.7;542.4
46;68;6;2321.0;2445.5;2802.0;3356.5;3565.0;2893.0;504.0
46;69;6;2384.0;2469.5;2681.5;3363.8;3581.0;2886.3;499.4
46;70;6;2375.0;2412.2;2509.5;3125.8;3354.0;2743.2;424.5
46;71;6;2393.0;2514.5;2630.0;3043.2;3193.0;2750.5;313.2
46;72;6;2576.0;2724.2;2924.5;3202.0;3339.0;2952.7;287.2
46;73;6;2248.0;2486.5;2619.5;3015.8;3206.0;2713.8;345.0
46;74;6;2508.0;2515.5;2579.0;3229.0;3453.0;2843.2;424.7
46;75;6;2619.0;2638.8;2739.0;3070.2;3291.0;2862.3;266.1
46;76;6;2309.0;2629.2;2705.5;2809.5;3414.0;2763.7;333.8
46;77;6;2195.0;2369.8;2553.0;2731.0;3424.0;2637.3;397.9
46;78;6;2358.0;2434.8;2615.0;3220.5;3389.0;2795.7;432.9
46;79;6;2396.0;2499.0;2723.5;3356.8;3523.0;2893.0;467.5
46;80;6;2289.0;2399.2;2422.5;2436.0;3225.0;2531.8;313.9
46;81;6;2400.0;2509.0;2669.0;2817.0;3302.0;2727.0;297.2
46;82;6;2362.0;2383.0;2434.0;2522.5;3195.0;2557.2;291.8
46;83;6;2414.0;2449.2;2578.0;2865.0;3436.0;2728.8;362.8
46;84;6;2258.0;2338.0;2371.5;2504.0;3136.0;2502.0;296.3
46;85;6;2515.0;2616.2;2723.0;2730.0;3388.0;2777.0;285.1
46;86;6;2273.0;2474.2;2568.0;2704.5;3135.0;2622.8;269.3
46;87;6;1964.0;2176.2;2339.0;2492.0;3460.0;2461.2;481.9
46;88;6;2228.0;2297.2;2460.5;2548.0;3208.0;2529.5;327.2
46;89;6;2042.0;2371.0;2416.5;2568.5;3208.0;2509.7;355.1
46;90;6;1980.0;2214.5;2416.5;2598.2;3152.0;2461.8;374.7
46;91;6;2383.0;2440.8;2596.0;2631.2;3118.0;2620.8;243.7
46;92;6;2153.0;2278.5;2398.5;2603.2;3188.0;2508.0;342.4
46;93;6;2201.0;2287.2;2492.0;2584.2;3245.0;2544.0;346.5
46;94;6;2338.0;2356.5;2392.5;2537.2;3008.0;2510.2;236.5
46;95;6;2307.0;2320.0;2349.5;2365.5;2936.0;2437.2;224.2
46;96;6;2035.0;2172.2;2187.0;2401.2;3049.0;2349.7;338.6
46;97;6;2073.0;2164.5;2183.0;2407.8;3181.0;2376.8;381.0
46;98;6;1903.0;2111.5;2194.5;2244.5;3022.0;2276.5;352.5
46;99;6;1985.0;2093.2;2254.0;2450.0;3015.0;2343.8;343.3
47;0;6;3132.0;3830.0;4296.5;4412.0;4548.0;4066.3;501.1
47;1;6;3397.0;3632.2;4183.0;4262.0;4300.0;3966.7;380.9
47;2;6;3456.0;3732.5;4293.0;4380.2;4467.0;4077.3;406.7
47;3;6;3649.0;3892.8;4538.5;4554.2;4576.0;4256.5;419.3
47;4;6;3587.0;3918.0;4450.0;4511.0;4524.0;4213.8;389.0
47;5;6;3173.0;3653.8;4167.0;4200.2;4334.0;3922.5;432.4
47;6;6;3357.0;3609.8;4351.0;4410.5;4423.0;4045.8;481.8
47;7;6;3345.0;3624.5;4306.5;4428.2;4504.0;4054.7;481.5
47;8;6;3190.0;3813.0;4401.5;4500.2;4559.0;4117.0;518.2
47;9;6;3546.0;3887.5;4372.5;4425.5;4443.0;4150.5;367.4
47;10;6;3279.0;3583.0;4244.0;4254.8;4277.0;3944.2;441.1
47;11;6;3398.0;3949.5;4256.5;4277.0;4355.0;4066.2;340.8
47;12;6;3412.0;3918.5;4437.0;4450.0;4498.0;4164.0;425.0
47;13;6;3562.0;3872.8;4387.5;4455.2;4519.0;4172.5;385.9
47;14;6;3409.0;3707.8;4438.5;4459.0;4465.0;4113.5;478.4
47;15;6;3294.0;3647.2;4216.0;4365.5;4444.0;4007.2;451.8
47;16;6;3283.0;3816.5;4278.5;4307.0;4322.0;4023.5;402.7
47;17;6;2995.0;3433.5;3914.0;4380.2;4483.0;3852.5;579.2
47;18;6;3309.0;3629.0;4036.0;4401.8;4432.0;3971.7;444.3
47;19;6;3195.0;3306.5;3799.0;4261.5;4341.0;3782.0;499.0
47;20;6;3250.0;3285.5;3810.0;4253.5;4312.0;3782.3;491.1
47;21;6;3225.0;3321.8;3846.0;4287.8;4332.0;3805.2;491.2
47;22;6;3176.0;3383.0;3720.5;4091.0;4178.0;3713.3;402.3
47;23;6;3315.0;3442.2;3877.0;4287.0;4341.0;3855.2;448.6
47;24;6;2831.0;3351.8;3918.0;4300.5;4362.0;3770.0;586.9
47;25;6;3122.0;3202.5;3692.0;4182.2;4206.0;3682.8;507.6
47;26;6;3066.0;3083.0;3703.0;4344.8;4368.0;3712.5;634.7
47;27;6;3014.0;3239.2;3776.0;4264.8;4325.0;3729.8;547.0
47;28;6;3260.0;3295.5;3692.5;4126.2;4154.0;3705.5;418.1
47;29;6;3017.0;3099.0;3764.5;4347.5;4362.0;3721.2;632.7
47;30;6;3179.0;3293.5;3824.0;4179.0;4234.0;3745.8;459.7
47;31;6;3079.0;3159.2;3680.5;4072.8;4173.0;3633.7;477.0
47;32;6;2741.0;3131.5;3607.5;4042.2;4060.0;3529.3;534.9
47;33;6;2933.0;3146.0;3568.5;3969.2;3979.0;3526.2;447.6
47;34;6;2844.0;3039.0;3572.5;4085.0;4146.0;3542.0;561.0
47;35;6;3027.0;3123.8;3671.5;4070.0;4092.0;3601.0;474.3
47;36;6;2715.0;3022.5;3490.0;3919.2;4035.0;3443.2;512.9
47;37;6;2785.0;2923.0;3388.0;3896.5;3964.0;3393.2;509.3
47;38;6;2746.0;2999.0;3432.5;3905.8;3973.0;3417.0;509.2
47;39;6;2673.0;2899.8;3511.5;4016.0;4039.0;3435.8;589.9
47;40;6;2912.0;2941.2;3429.0;3915.2;3979.0;3434.2;495.7
47;41;6;2509.0;2917.2;3463.0;3907.5;3946.0;3362.0;578.7
47;42;6;2590.0;2668.5;3346.0;3805.2;3836.0;3253.2;570.6
47;43;6;2667.0;2965.2;3373.0;3800.2;3842.0;3337.8;479.9
47;44;6;2651.0;2915.0;3368.5;3825.8;3876.0;3334.3;505.1
47;45;6;2662.0;2834.2;3270.5;3684.2;3695.0;3234.8;456.0
47;46;6;2789.0;2891.0;3351.0;3816.2;3870.0;3345.0;481.4
47;47;6;2471.0;2587.8;3143.0;3561.8;3608.0;3078.2;494.5
47;48;6;2561.0;2844.2;3152.0;3537.8;3694.0;3161.2;420.6
47;49;6;2605.0;2698.8;2719.5;3433.2;3692.0;3016.5;471.2
47;50;6;2773.0;2882.8;3029.0;3512.0;3646.0;3164.0;355.4
47;51;6;2535.0;2653.8;2796.5;3444.0;3710.0;3017.3;478.7
47;52;6;2505.0;2610.5;2852.5;3413.2;3751.0;3015.2;484.1
47;53;6;2700.0;2759.5;2832.0;3551.8;3811.0;3117.0;481.4
47;54;6;2554.0;2704.8;2846.0;3330.8;3531.0;2987.8;380.4
47;55;6;2212.0;2451.2;2670.0;3522.5;3765.0;2917.0;622.0
47;56;6;2514.0;2688.0;2912.5;3525.5;3720.0;3067.0;476.7
47;57;6;2409.0;2620.8;2733.0;3293.8;3641.0;2930.0;457.1
47;58;6;2661.0;2713.0;2836.5;3469.2;3693.0;3063.2;440.2
47;59;6;2376.0;2506.8;2729.5;3336.2;3574.0;2896.7;484.7
47;60;6;2300.0;2379.8;2412.5;3166.8;3489.0;2733.5;510.2
47;61;6;2253.0;2308.0;2706.5;3406.5;3608.0;2848.2;572.0
47;62;6;2490.0;2556.2;2696.0;3275.2;3538.0;2899.7;431.6
47;63;6;2237.0;2297.0;2445.0;2983.8;3154.0;2615.3;388.9
47;64;6;2180.0;2553.8;2665.0;3257.8;3520.0;2833.7;488.7
47;65;6;2149.0;2259.2;2337.5;3049.5;3377.0;2620.2;507.1
47;66;6;2285.0;2421.8;2649.5;3209.5;3359.0;2780.8;433.9
47;67;6;2323.0;2356.2;2607.5;3251.8;3538.0;2802.5;500.5
47;68;6;2075.0;2364.8;2578.0;2936.8;3166.0;2624.5;380.7
47;69;6;2177.0;2267.5;2587.5;2978.8;3218.0;2640.0;400.6
47;70;6;2063.0;2146.5;2483.0;2950.0;3075.0;2540.7;416.5
47;71;6;2397.0;2505.5;2559.5;3111.5;3288.0;2764.5;373.5
47;72;6;2160.0;2268.2;2447.5;2881.0;3111.0;2566.7;364.1
47;73;6;2186.0;2386.5;2513.0;2893.0;3062.0;2606.3;321.7
47;74;6;2070.0;2319.5;2447.5;2915.2;3234.0;2591.2;413.9
47;75;6;2149.0;2260.0;2328.5;2989.5;3232.0;2580.8;454.2
47;76;6;2306.0;2347.0;2409.5;2786.2;2951.0;2552.3;267.9
47;77;6;2042.0;2316.0;2336.0;2698.8;2908.0;2458.5;304.8
47;78;6;2111.0;2234.5;2332.0;2746.8;3032.0;2482.3;346.9
47;79;6;2033.0;2064.2;2234.0;2902.5;3094.0;2454.7;460.6
47;80;6;2252.0;2314.5;2330.0;2384.5;2897.0;2420.2;217.6
47;81;6;2024.0;2225.8;2315.0;2403.5;2810.0;2348.8;240.9
47;82;6;2115.0;2142.0;2217.0;2299.5;2838.0;2305.2;248.1
47;83;6;1773.0;2123.0;2145.0;2254.8;2777.0;2207.8;298.9
47;84;6;2096.0;2210.5;2323.0;2427.2;2890.0;2377.8;256.0
47;85;6;2262.0;2264.5;2337.5;2414.2;3069.0;2447.7;285.5
47;86;6;2020.0;2129.5;2254.5;2413.2;2941.0;2337.3;303.9
47;87;6;2140.0;2198.8;2322.5;2402.0;2928.0;2383.2;262.5
47;88;6;2166.0;2265.0;2283.5;2345.5;2918.0;2379.3;247.8
47;89;6;2281.0;2298.0;2371.0;2416.2;3122.0;2475.0;294.2
47;90;6;2001.0;2077.2;2128.5;2167.8;2990.0;2248.2;336.6
47;91;6;2024.0;2124.2;2218.0;2251.8;2767.0;2263.8;239.0
47;92;6;2168.0;2230.0;2265.0;2396.0;2889.0;2374.2;244.1
47;93;6;2084.0;2193.2;2233.0;2296.8;2801.0;2308.2;231.1
47;94;6;2022.0;2111.2;2348.5;2540.0;3017.0;2395.3;339.9
47;95;6;1889.0;2162.5;2235.0;2293.2;2854.0;2277.3;290.4
47;96;6;2024.0;2108.2;2199.0;2229.8;2758.0;2249.7;239.0
47;97;6;1952.0;2075.8;2102.5;2172.8;2720.0;2190.0;247.4
47;98;6;1898.0;1945.2;2073.0;2142.2;2662.0;2129.0;256.0
47;99;6;1952.0;2011.0;2026.5;2174.8;2767.0;2167.0;281.1
48;0;6;3612.0;3919.5;4346.5;4479.5;4514.0;4186.7;354.7
48;1;6;3368.0;3642.0;4349.5;4380.5;4385.0;4041.5;460.3
48;2;6;3486.0;3820.2;4410.5;4576.2;4668.0;4205.0;471.3
48;3;6;3539.0;4041.2;4345.0;4371.2;4466.0;4169.2;327.4
48;4;6;3176.0;3452.5;4278.0;4288.2;4370.0;3928.5;531.6
48;5;6;3621.0;3879.2;4321.5;4367.0;4410.0;4131.3;321.3
48;6;6;3257.0;3798.8;4397.5;4420.2;4432.0;4085.2;473.6
48;7;6;3549.0;3775.5;4416.0;4473.0;4507.0;4157.0;425.0
48;8;6;3234.0;3728.8;4323.5;4406.8;4523.0;4061.5;491.3
48;9;6;3352.0;4003.0;4357.5;4384.2;4414.0;4126.5;390.9
48;10;6;3234.0;3574.5;4463.0;4507.8;4521.0;4080.3;582.8
48;11;6;3413.0;3759.0;4336.5;4375.5;4391.0;4072.0;414.5
48;12;6;3233.0;3686.5;4399.0;4472.5;4568.0;4090.8;532.6
48;13;6;3121.0;3415.0;4236.0;4283.0;4304.0;3889.5;536.7
48;14;6;3354.0;3593.0;4201.0;4204.5;4215.0;3927.8;392.9
48;15;6;3474.0;3605.5;4049.0;4128.8;4141.0;3887.7;295.6
48;16;6;3265.0;3576.5;4387.5;4412.5;4419.0;4031.0;526.4
48;17;6;3471.0;3661.0;4003.0;4336.0;4348.0;3969.8;370.8
48;18;6;3236.0;3283.2;3808.5;4310.5;4448.0;3814.5;532.9
48;19;6;3208.0;3528.0;3935.5;4336.2;4434.0;3895.8;476.6
48;20;6;3228.0;3803.2;4193.0;4396.0;4441.0;4032.0;440.1
48;21;6;3079.0;3392.8;3875.0;4226.0;4256.0;3776.7;473.4
48;22;6;3063.0;3344.0;4001.0;4304.0;4421.0;3836.0;542.5
48;23;6;3104.0;3247.0;3893.0;4309.5;4367.0;3789.5;547.2
48;24;6;3122.0;3233.0;3830.0;4313.8;4361.0;3775.3;557.1
48;25;6;3186.0;3271.2;3793.5;4306.0;4333.0;3780.0;526.5
48;26;6;3355.0;3517.5;4070.0;4243.8;4262.0;3898.7;392.0
48;27;6;3388.0;3402.5;3701.5;4008.8;4019.0;3704.0;304.8
48;28;6;2857.0;3340.2;3871.5;4281.2;4305.0;3747.7;565.5
48;29;6;3019.0;3155.2;3817.5;4150.5;4155.0;3667.5;507.0
48;30;6;3057.0;3131.0;3674.0;4257.5;4325.0;3688.7;565.3
48;31;6;2902.0;3319.0;3747.5;4027.5;4038.0;3622.0;441.1
48;32;6;3088.0;3206.2;3620.5;4029.5;4068.0;3605.2;422.8
48;33;6;3084.0;3202.2;3648.0;4024.8;4032.0;3602.7;424.1
48;34;6;2610.0;2859.0;3550.5;4083.8;4139.0;3456.7;648.7
48;35;6;2921.0;3267.2;3686.5;4006.0;4036.0;3595.0;435.7
48;36;6;2978.0;3157.8;3646.0;4003.8;4067.0;3575.8;447.5
48;37;6;2917.0;3120.2;3666.5;3985.5;4040.0;3553.3;467.9
48;38;6;2792.0;3160.8;3618.5;3898.5;3956.0;3497.5;447.1
48;39;6;2663.0;2878.2;3330.0;3781.8;3812.0;3299.2;496.0
48;40;6;2640.0;2706.8;3298.5;3825.0;3827.0;3262.3;564.1
48;41;6;2709.0;2852.8;3235.0;3617.2;3771.0;3236.7;434.8
48;42;6;2722.0;2843.8;3354.0;3861.2;3920.0;3342.3;538.7
48;43;6;2596.0;2720.5;3290.5;3782.5;3838.0;3248.7;535.3
48;44;6;3003.0;3072.0;3460.5;3771.8;3812.0;3425.7;354.6
48;45;6;2610.0;2906.2;3424.5;3788.2;3833.0;3322.5;495.9
48;46;6;3182.0;3203.8;3470.5;3836.2;3886.0;3513.7;317.2
48;47;6;2721.0;2904.5;3273.0;3653.5;3798.0;3271.2;427.2
48;48;6;2473.0;2592.0;3042.5;3645.2;3849.0;3115.8;556.5
48;49;6;2419.0;2716.8;2922.5;3372.8;3639.0;3012.3;433.8
48;50;6;2534.0;2582.0;2793.5;3341.8;3625.0;2963.7;440.3
48;51;6;2784.0;3012.2;3160.0;3577.0;3744.0;3254.5;353.3
48;52;6;2385.0;2633.0;2885.0;3395.8;3565.0;2972.5;445.6
48;53;6;2541.0;2788.5;2856.5;3327.2;3504.0;3001.3;359.7
48;54;6;2407.0;2561.8;2778.0;3247.8;3358.0;2869.2;378.3
48;55;6;2427.0;2589.2;2818.5;3320.8;3514.0;2929.8;425.6
48;56;6;2491.0;2612.8;2789.5;3217.5;3441.0;2904.2;367.6
48;57;6;2355.0;2619.2;2789.5;3361.8;3501.0;2925.0;441.5
48;58;6;2691.0;2763.2;2826.0;3320.8;3527.0;3016.3;344.5
48;59;6;2248.0;2397.5;2615.0;3212.0;3433.0;2774.5;467.2
48;60;6;2257.0;2526.2;2817.5;3123.0;3285.0;2805.2;371.1
48;61;6;2364.0;2591.5;2739.5;3271.5;3418.0;2875.3;407.3
48;62;6;2348.0;2504.0;2665.5;3252.2;3495.0;2845.3;448.6
48;63;6;2260.0;2332.5;2596.0;3240.5;3452.0;2767.3;493.8
48;64;6;2263.0;2391.8;2484.0;3087.0;3294.0;2695.7;427.4
48;65;6;2393.0;2596.0;2678.5;3114.2;3316.0;2815.7;345.3
48;66;6;2201.0;2622.8;2752.5;3113.2;3302.0;2803.5;373.1
48;67;6;2216.0;2286.2;2380.0;2895.2;3100.0;2566.3;364.2
48;68;6;2460.0;2506.0;2637.0;2958.5;3077.0;2723.2;251.1
48;69;6;2278.0;2408.5;2536.5;2938.2;3208.0;2666.2;347.9
48;70;6;2424.0;2465.0;2579.5;3014.2;3192.0;2726.8;322.5
48;71;6;2329.0;2627.0;2690.0;3038.8;3179.0;2774.8;299.3
48;72;6;2081.0;2164.5;2428.0;2950.2;3193.0;2555.2;448.0
48;73;6;2351.0;2397.0;2473.0;2953.2;3168.0;2658.3;341.3
48;74;6;2140.0;2429.8;2527.5;3058.8;3221.0;2674.8;406.9
48;75;6;2102.0;2279.2;2379.0;2935.5;3201.0;2571.3;421.4
48;76;6;1986.0;2201.8;2385.5;2876.0;3045.0;2497.0;406.7
48;77;6;2138.0;2419.0;2625.5;2958.0;3035.0;2640.5;331.1
48;78;6;2228.0;2330.8;2405.0;2788.2;2975.0;2539.2;289.4
48;79;6;2243.0;2343.8;2431.5;2895.8;3119.0;2598.3;347.6
48;80;6;1983.0;2106.0;2126.5;2156.0;2914.0;2235.8;308.5
48;81;6;2044.0;2123.0;2189.5;2281.5;2938.0;2295.7;298.9
48;82;6;2137.0;2170.0;2310.5;2391.0;2851.0;2358.3;242.4
48;83;6;1975.0;2060.2;2137.0;2219.0;2862.0;2232.0;293.8
48;84;6;1974.0;2273.5;2329.5;2373.5;2925.0;2366.8;283.2
48;85;6;2035.0;2188.8;2418.5;2652.8;3033.0;2458.0;340.0
48;86;6;1937.0;2037.8;2291.5;2569.2;3034.0;2361.5;381.8
48;87;6;1918.0;2001.8;2127.0;2266.5;2965.0;2235.0;349.3
48;88;6;2148.0;2244.8;2295.0;2450.2;2959.0;2404.5;269.5
48;89;6;2124.0;2248.5;2294.0;2358.2;3269.0;2432.3;381.9
48;90;6;2133.0;2226.5;2264.5;2460.8;3070.0;2412.0;316.8
48;91;6;1848.0;2147.2;2430.5;2607.2;3055.0;2413.8;390.1
48;92;6;2347.0;2399.8;2438.0;2459.8;3118.0;2532.5;264.7
48;93;6;1998.0;2113.2;2222.5;2352.8;3084.0;2333.3;358.3
48;94;6;2190.0;2251.0;2322.0;2409.5;3092.0;2432.0;305.2
48;95;6;2066.0;2303.2;2397.5;2533.0;3121.0;2472.0;327.7
48;96;6;2035.0;2135.2;2468.5;2573.8;3077.0;2447.0;354.9
48;97;6;1830.0;2125.5;2291.5;2485.2;3006.0;2339.8;372.0
48;98;6;2185.0;2339.2;2427.0;2546.2;3165.0;2516.7;313.6
48;99;6;1887.0;2053.0;2436.0;2521.2;2918.0;2358.7;354.4
49;0;6;3674.0;3936.5;4402.5;4496.5;4529.0;4219.5;349.2
49;1;6;3227.0;3749.8;4287.0;4366.8;4391.0;4026.0;455.0
49;2;6;3417.0;3754.2;4294.5;4380.2;4434.0;4070.5;406.3
49;3;6;3358.0;3803.8;4385.0;4421.8;4430.0;4100.3;439.8
49;4;6;3467.0;3738.5;4493.5;4547.2;4561.0;4177.8;494.0
49;5;6;3518.0;4043.8;4596.5;4619.0;4627.0;4304.0;445.0
49;6;6;3239.0;3636.5;4374.5;4418.0;4458.0;4044.8;515.0
49;7;6;3366.0;3942.8;4529.0;4560.2;4579.0;4220.2;480.8
49;8;6;3099.0;3714.8;4589.5;4635.5;4655.0;4167.8;644.6
49;9;6;3425.0;3932.2;4120.5;4326.0;4486.0;4069.3;350.1
49;10;6;3475.0;3745.5;4428.0;4435.5;4459.0;4124.3;444.2
49;11;6;3086.0;3675.8;4345.0;4469.8;4485.0;4037.5;549.0
49;12;6;3175.0;3567.0;4264.0;4366.2;4420.0;3976.3;513.1
49;13;6;3337.0;3760.2;4210.0;4249.5;4339.0;3994.8;377.6
49;14;6;3321.0;3617.5;4111.5;4249.2;4327.0;3936.5;395.1
49;15;6;3003.0;3351.8;4186.0;4257.5;4315.0;3840.8;567.3
49;16;6;3187.0;3510.0;4237.5;4265.2;4361.0;3927.5;495.3
49;17;6;3401.0;3616.2;3976.0;4354.5;4404.0;3955.7;414.5
49;18;6;3279.0;3424.5;3986.0;4376.5;4408.0;3900.5;495.0
49;19;6;3127.0;3248.2;3706.0;4118.8;4225.0;3686.0;466.1
49;20;6;2874.0;3128.0;3745.5;4285.8;4297.0;3675.0;617.9
49;21;6;2980.0;3220.5;3777.0;4314.8;4340.0;3733.8;584.1
49;22;6;3485.0;3674.2;3969.0;4098.0;4146.0;3881.0;255.5
49;23;6;3106.0;3141.8;3692.5;4157.8;4185.0;3657.8;509.3
49;24;6;2919.0;3011.0;3499.0;4062.8;4230.0;3541.0;561.2
49;25;6;2801.0;2903.5;3618.0;4094.8;4168.0;3520.7;600.6
49;26;6;3098.0;3166.8;3696.0;4087.2;4171.0;3644.8;474.4
49;27;6;2932.0;3220.5;3681.0;4098.8;4132.0;3621.8;496.0
49;28;6;3057.0;3123.0;3656.0;4168.8;4205.0;3643.2;536.4
49;29;6;2933.0;3041.0;3617.5;3981.8;4034.0;3525.7;482.8
49;30;6;2707.0;3058.2;3475.5;3868.8;3890.0;3411.2;474.8
49;31;6;2697.0;2804.8;3487.0;4143.0;4194.0;3467.3;670.1
49;32;6;2983.0;3115.0;3574.0;3922.8;4084.0;3536.0;447.0
49;33;6;2845.0;3005.8;3577.0;3980.2;4089.0;3503.0;521.0
49;34;6;2715.0;3069.8;3603.0;3968.2;4074.0;3496.2;526.2
49;35;6;2798.0;3059.2;3609.0;4151.2;4177.0;3566.8;595.6
49;36;6;2769.0;3072.8;3645.5;3869.5;3941.0;3471.2;464.1
49;37;6;2752.0;2857.2;3340.0;3764.2;3882.0;3319.3;483.5
49;38;6;2714.0;2835.2;3294.0;3692.0;3825.0;3272.3;463.1
49;39;6;2617.0;2946.8;3354.0;3725.2;3768.0;3292.2;458.2
49;40;6;2988.0;3062.0;3532.5;3900.2;3926.0;3484.5;424.4
49;41;6;2929.0;3126.0;3452.5;3716.8;3740.0;3399.3;327.8
49;42;6;2554.0;2790.2;3188.0;3537.8;3621.0;3143.8;429.1
49;43;6;2609.0;2669.0;3039.0;3445.8;3475.0;3048.2;399.6
49;44;6;2634.0;2840.2;3266.0;3710.5;3797.0;3253.3;472.2
49;45;6;2339.0;2494.8;2930.0;3274.5;3369.0;2884.5;426.0
49;46;6;2447.0;2593.8;3059.0;3327.8;3332.0;2958.8;384.5
49;47;6;2660.0;2678.0;2959.0;3280.5;3556.0;3017.7;356.9
49;48;6;2357.0;2492.8;2706.5;3251.8;3514.0;2856.5;447.5
49;49;6;2476.0;2535.0;2570.5;3213.5;3429.0;2832.8;420.1
49;50;6;2373.0;2442.2;2629.0;3232.0;3505.0;2824.8;466.0
49;51;6;2556.0;2661.2;2782.0;3185.5;3386.0;2907.8;324.0
49;52;6;2351.0;2537.5;2722.0;3186.2;3357.0;2828.2;390.2
49;53;6;2361.0;2636.2;2707.5;3117.8;3403.0;2841.0;364.4
49;54;6;2186.0;2463.5;2666.0;3200.8;3359.0;2775.3;443.0
49;55;6;2252.0;2358.0;2544.5;3098.5;3347.0;2711.2;433.5
49;56;6;2409.0;2471.0;2560.5;2965.0;3111.0;2697.0;293.5
49;57;6;2613.0;2628.8;2651.0;3188.5;3397.0;2883.5;352.5
49;58;6;2430.0;2538.8;2589.5;3108.2;3429.0;2806.8;392.1
49;59;6;2468.0;2519.2;2641.5;3122.2;3255.0;2794.5;334.5
49;60;6;2257.0;2613.2;2681.0;3229.5;3481.0;2850.5;440.7
49;61;6;2361.0;2551.8;2638.5;3110.0;3367.0;2799.2;377.1
49;62;6;2288.0;2428.5;2564.0;3142.8;3323.0;2743.0;419.2
49;63;6;2297.0;2366.5;2545.5;3115.2;3248.0;2708.0;404.6
49;64;6;2271.0;2556.0;2709.0;3138.8;3315.0;2798.5;376.6
49;65;6;2474.0;2535.2;2645.0;3136.5;3309.0;2812.0;347.8
49;66;6;2271.0;2511.2;2563.0;3077.5;3246.0;2731.0;374.5
49;67;6;2351.0;2451.5;2597.0;3101.0;3240.0;2742.8;365.1
49;68;6;1992.0;2106.5;2312.0;2927.8;3099.0;2481.0;455.0
49;69;6;1922.0;2278.2;2420.5;2879.2;3138.0;2527.3;426.1
49;70;6;1991.0;2444.0;2508.5;2925.5;3103.0;2599.7;381.9
49;71;6;2195.0;2329.5;2594.5;3291.5;3456.0;2767.5;521.1
49;72;6;2204.0;2418.5;2681.0;3232.2;3402.0;2785.8;464.3
49;73;6;2528.0;2542.5;2653.0;3135.5;3373.0;2834.8;351.3
49;74;6;2340.0;2377.2;2453.0;3055.2;3318.0;2695.3;420.7
49;75;6;2419.0;2540.8;2569.0;3094.5;3275.0;2772.2;355.1
49;76;6;2083.0;2343.0;2557.0;3194.0;3442.0;2719.5;516.4
49;77;6;1902.0;2239.5;2477.5;3169.2;3424.0;2640.2;569.8
49;78;6;2539.0;2606.2;2763.5;3240.2;3383.0;2900.3;349.9
49;79;6;2326.0;2432.5;2496.0;2918.8;3065.0;2642.3;299.8
49;80;6;2099.0;2527.8;2585.0;2639.2;3228.0;2610.5;330.7
49;81;6;2057.0;2137.0;2291.0;2545.5;3163.0;2419.7;378.8
49;82;6;2154.0;2370.5;2437.5;2525.5;3417.0;2558.2;403.0
49;83;6;2160.0;2205.5;2531.0;2847.5;3319.0;2598.5;423.4
49;84;6;1922.0;2035.8;2262.5;2386.5;3298.0;2355.5;455.8
49;85;6;2175.0;2328.5;2458.5;2533.8;3469.0;2567.5;421.8
49;86;6;2119.0;2258.2;2307.5;2505.2;3156.0;2450.5;341.9
49;87;6;2149.0;2309.5;2334.5;2484.0;3561.0;2535.7;471.6
49;88;6;1970.0;2179.2;2303.0;2411.8;3215.0;2396.2;394.7
49;89;6;2072.0;2229.2;2249.0;2271.8;3186.0;2376.3;368.2
49;90;6;2048.0;2079.8;2182.5;2199.8;3145.0;2301.5;382.5
49;91;6;1923.0;2089.2;2359.0;2499.0;3301.0;2414.5;448.9
49;92;6;2138.0;2326.5;2621.0;2740.8;3385.0;2629.0;404.6
49;93;6;1994.0;2292.5;2323.0;2426.2;3110.0;2415.5;340.7
49;94;6;2065.0;2091.5;2112.0;2252.5;2824.0;2249.5;268.0
49;95;6;1870.0;1944.0;2151.0;2230.5;2910.0;2202.3;346.3
49;96;6;1894.0;1902.5;2010.5;2109.5;2820.0;2124.0;324.4
49;97;6;1892.0;1958.5;2170.0;2226.2;2736.0;2183.5;281.7
49;98;6;1798.0;1934.2;2029.5;2078.2;2676.0;2088.3;279.8
49;99;6;1870.0;1934.2;2039.5;2324.0;2673.0;2156.7;288.4
50;0;6;3686.0;3926.2;4416.0;4456.5;4487.0;4206.3;341.1
50;1;6;3679.0;3853.5;4363.0;4436.8;4461.0;4168.5;342.9
50;2;6;3697.0;3909.5;4281.5;4346.8;4371.0;4130.8;277.8
50;3;6;3109.0;3716.0;4205.0;4310.0;4356.0;3962.2;462.9
50;4;6;3410.0;4031.8;4487.0;4538.0;4581.0;4233.3;437.9
50;5;6;3491.0;3744.0;4484.5;4517.8;4525.0;4168.5;474.0
50;6;6;3370.0;3668.0;4341.5;4408.2;4472.0;4066.5;468.4
50;7;6;3396.0;3832.8;4376.5;4462.8;4652.0;4157.3;458.4
50;8;6;3485.0;4029.5;4421.0;4441.2;4492.0;4194.3;375.3
50;9;6;3359.0;3768.8;4412.0;4462.8;4489.0;4117.7;467.4
50;10;6;3230.0;3766.2;4186.5;4315.0;4363.0;3991.7;420.4
50;11;6;3207.0;3968.0;4318.5;4409.5;4454.0;4098.2;446.0
50;12;6;3136.0;3847.2;4220.5;4316.2;4343.0;3998.5;437.3
50;13;6;3341.0;4021.2;4286.5;4356.0;4420.0;4107.7;375.2
50;14;6;3303.0;3613.2;4315.0;4341.8;4417.0;4013.3;474.6
50;15;6;3480.0;3720.0;4255.0;4343.0;4385.0;4048.2;381.3
50;16;6;3351.0;3586.5;4285.5;4367.2;4403.0;4012.2;461.7
50;17;6;3218.0;3469.8;4104.0;4375.2;4411.0;3926.8;496.7
50;18;6;3112.0;3310.5;3903.5;4280.5;4320.0;3793.0;515.4
50;19;6;3146.0;3509.8;3968.0;4337.0;4391.0;3881.7;488.4
50;20;6;2764.0;3227.8;3759.5;4303.2;4359.0;3696.2;633.2
50;21;6;2867.0;3088.5;3948.5;4166.5;4220.0;3670.8;588.4
50;22;6;3085.0;3486.2;3835.5;4227.5;4261.0;3790.8;457.8
50;23;6;3371.0;3576.0;3929.5;4288.2;4351.0;3907.8;404.8
50;24;6;3149.0;3208.0;3655.5;4009.2;4019.0;3610.8;401.5
50;25;6;3279.0;3525.0;3973.5;4281.0;4298.0;3880.5;419.7
50;26;6;3219.0;3436.2;3811.0;4174.5;4300.0;3791.3;425.2
50;27;6;3158.0;3429.5;3815.5;4150.5;4201.0;3758.8;418.7
50;28;6;3046.0;3065.2;3536.5;4046.0;4151.0;3565.7;505.0
50;29;6;3036.0;3210.5;3770.5;4173.8;4218.0;3687.8;498.1
50;30;6;2991.0;3085.2;3556.5;4045.0;4137.0;3562.8;510.3
50;31;6;2787.0;3184.8;3653.5;3915.2;3921.0;3507.7;444.8
50;32;6;2741.0;2987.2;3748.5;4254.8;4269.0;3610.7;665.4
50;33;6;2895.0;3113.8;3690.5;4144.2;4154.0;3607.8;547.8
50;34;6;2813.0;2933.0;3547.5;4004.5;4041.0;3472.3;548.7
50;35;6;3098.0;3177.8;3564.5;3902.5;3997.0;3548.0;387.7
50;36;6;2804.0;2911.5;3446.0;3844.8;3922.0;3388.2;479.4
50;37;6;2739.0;3065.5;3637.5;3983.8;4056.0;3507.3;524.8
50;38;6;2927.0;3022.8;3407.5;3770.5;3809.0;3389.5;382.5
50;39;6;2932.0;2967.0;3351.5;3751.0;3851.0;3368.2;410.4
50;40;6;2674.0;2860.8;3323.5;3631.8;3705.0;3244.5;421.1
50;41;6;2748.0;2835.8;3227.5;3668.8;3758.0;3247.0;435.7
50;42;6;2473.0;2750.2;3078.5;3385.0;3512.0;3045.0;388.1
50;43;6;2713.0;2974.2;3294.0;3556.0;3593.0;3234.2;342.7
50;44;6;2576.0;2685.5;3186.0;3601.8;3690.0;3149.5;469.0
50;45;6;2420.0;2621.0;3158.0;3527.8;3577.0;3067.7;481.9
50;46;6;2492.0;2874.8;3171.5;3465.2;3526.0;3116.7;385.6
50;47;6;2337.0;2759.2;3065.5;3481.2;3594.0;3056.5;463.8
50;48;6;2703.0;2853.2;3013.5;3346.2;3472.0;3076.5;294.4
50;49;6;2335.0;2464.8;2758.0;3178.8;3498.0;2839.2;433.8
50;50;6;2402.0;2754.0;2777.0;3304.8;3509.0;2948.7;406.1
50;51;6;2292.0;2608.0;2727.5;3301.5;3490.0;2883.0;446.6
50;52;6;2406.0;2481.8;2659.0;3352.2;3597.0;2887.8;495.9
50;53;6;2477.0;2712.0;2782.0;3395.8;3603.0;2988.8;442.2
50;54;6;2439.0;2465.0;2594.0;3208.2;3466.0;2821.3;434.1
50;55;6;2348.0;2444.5;2610.5;3107.2;3520.0;2791.8;442.0
50;56;6;2148.0;2507.5;2634.5;3317.2;3590.0;2836.2;535.0
50;57;6;2415.0;2530.2;2694.5;3235.2;3368.0;2843.8;391.9
50;58;6;2046.0;2390.8;2623.5;3032.5;3343.0;2686.3;448.4
50;59;6;2206.0;2417.0;2459.5;2895.8;3079.0;2608.0;329.7
50;60;6;2417.0;2505.0;2659.0;3030.5;3164.0;2751.2;297.9
50;61;6;2297.0;2338.0;2476.0;3139.8;3334.0;2706.0;450.3
50;62;6;2194.0;2266.8;2312.5;2899.8;3136.0;2550.3;397.8
50;63;6;2274.0;2375.8;2589.0;2992.8;3090.0;2662.3;330.4
50;64;6;2234.0;2294.5;2457.5;2847.0;2978.0;2557.3;310.1
50;65;6;2316.0;2335.2;2396.5;2898.0;3076.0;2594.2;338.1
50;66;6;2207.0;2320.2;2419.5;2743.8;2918.0;2517.2;269.5
50;67;6;2238.0;2302.0;2450.5;2877.2;3035.0;2574.3;323.7
50;68;6;2252.0;2402.8;2491.5;2822.5;3002.0;2590.5;275.9
50;69;6;2308.0;2518.8;2557.0;2902.8;3172.0;2686.3;303.1
50;70;6;2101.0;2395.8;2511.0;2975.0;3127.0;2622.8;380.7
50;71;6;2163.0;2386.5;2568.5;2946.2;3118.0;2636.0;349.5
50;72;6;2101.0;2317.5;2414.5;2891.0;3037.0;2550.3;360.4
50;73;6;2212.0;2261.5;2410.0;2889.2;3043.0;2556.0;350.4
50;74;6;2104.0;2188.0;2321.5;2851.8;3089.0;2501.3;401.0
50;75;6;2114.0;2238.5;2328.5;2723.8;2861.0;2449.3;294.1
50;76;6;2124.0;2241.8;2344.5;2685.8;2858.0;2446.3;278.6
50;77;6;2092.0;2183.0;2258.5;2564.2;2839.0;2378.7;273.8
50;78;6;2178.0;2246.8;2297.5;2758.5;2927.0;2473.7;316.9
50;79;6;1902.0;2175.2;2274.0;2614.2;2711.0;2338.5;292.1
50;80;6;2190.0;2236.2;2245.5;2254.0;2861.0;2338.7;234.6
50;81;6;2064.0;2281.0;2545.0;2719.8;3355.0;2580.0;417.8
50;82;6;2198.0;2239.5;2286.0;2442.0;2995.0;2413.8;276.3
50;83;6;2118.0;2192.0;2421.0;2513.5;3007.0;2437.8;298.9
50;84;6;1998.0;2070.0;2221.0;2326.2;2865.0;2281.0;288.0
50;85;6;2085.0;2202.2;2301.0;2414.8;2851.0;2360.0;248.6
50;86;6;2034.0;2084.8;2218.0;2391.8;2797.0;2292.8;265.6
50;87;6;2120.0;2179.2;2217.5;2263.2;2740.0;2290.0;207.0
50;88;6;2064.0;2116.5;2255.0;2302.8;2779.0;2290.3;237.6
50;89;6;2041.0;2095.2;2231.0;2352.5;2746.0;2282.0;237.7
50;90;6;2035.0;2115.2;2359.5;2432.0;2709.0;2325.5;233.5
50;91;6;2043.0;2135.2;2235.5;2382.2;3156.0;2367.2;372.3
50;92;6;2129.0;2236.8;2397.0;2495.0;2765.0;2399.8;210.5
50;93;6;2085.0;2134.2;2225.0;2327.0;2681.0;2280.2;200.4
50;94;6;1996.0;2121.0;2213.5;2268.5;2651.0;2241.8;205.3
50;95;6;1921.0;2051.8;2310.0;2357.5;2735.0;2269.2;270.8
50;96;6;2006.0;2041.2;2175.0;2364.2;2920.0;2283.3;316.1
50;97;6;1962.0;2115.2;2226.5;2314.5;2639.0;2246.0;213.4
50;98;6;2149.0;2277.0;2409.5;2671.0;2934.0;2482.2;274.0
50;99;6;2115.0;2180.8;2193.0;2432.5;2970.0;2360.0;301.2
