param;value
filename;./inputData/Teresina200n.car
base_seed;1
nRuns;51
iterations;100
antsN;120
stagnation;30
favorites;60
gbPeriod;0
rhoNodes;0.1
rhoCars;0.1
rhoPass;0.1
alphaNodes;1.5
alphaCars;1.5
alphaPass;1.5
betaNodes;1.1
betaCars;1.1
betaPass;1.1
maxMinCars;0
maxMinNodes;0
pBestCars;0
useTBAS;0
sampleCars;1
enforceNoRerent;1
returnFactorCars;0
epsilonEtaCars;1e-06
smGammaCars;0.7
restartTargetCars;mid
exploreCars;0
exploreItersCars;20
exploreRhoMultCars;2
policyQ0;0.1
adaptiveQ0;0
q0Start;0.2
q0End;0.9
eliteKAnts;6
lsTopW;0
lsQuality;High
useReinsertion;0
reinsertionMaxPasses;5
dpCacheCapacity;5000
dpMaxSegmentLenOffset;5
intensifierEnabled;0
intensifierMaxStagnationIterations;3
intensifierResetPheromonesCount;2
intensifierPheromoneReductionGamma;0.3
intensifierArchiveAndResetBest;1
ablationDisableAntDepositsDuringIntensification;0
ablationResetPheromonesOnIntensifierActivation;0
ablationIntensifierOnlyNoAnts;0
ablationIntensifierOnlyRandomInitialTour;0
runSeeds;run0=9176377229071207081,run1=76241568449944305,run2=11569656429252920891,run3=8006770736520076435,run4=10222608011239175760,run5=83674907983555125,run6=16633518659454552880,run7=3348662810425028053,run8=1625020296661546126,run9=8722260422266777814,run10=18422523289718600251,run11=12120595211417451604,run12=11180516292616150398,run13=13235578871255005297,run14=17784125318686945540,run15=15956506419893335137,run16=2899130862535483918,run17=11850605890185619915,run18=13353388233111958045,run19=6644193456908987648,run20=9748498986499756733,run21=9610614758425770644,run22=16467222360164019310,run23=11726302834367551336,run24=8896860786397106362,run25=6737285527070588895,run26=11634350522773239934,run27=7808547232002136844,run28=3287009989320200796,run29=8484872300069380217,run30=8138020970177873692,run31=16735953543485209995,run32=957827445528146549,run33=9178821638437730898,run34=2354512119315649564,run35=10160966691791677292,run36=27474500062045820,run37=7844575079918988844,run38=15524044195614787644,run39=4980590106503615414,run40=3943098024137922559,run41=141425323448007506,run42=16001952662412044218,run43=6069959457317431616,run44=2033442876187297925,run45=7223543130371895193,run46=4350234967155519396,run47=10524526614539617298,run48=3004527168784687515,run49=3975454624479931874,run50=1666912681748276242
stagnationEvents;run0=0,run1=0,run2=0,run3=0,run4=0,run5=0,run6=0,run7=0,run8=0,run9=0,run10=0,run11=0,run12=0,run13=0,run14=0,run15=0,run16=0,run17=0,run18=0,run19=0,run20=0,run21=0,run22=0,run23=0,run24=1,run25=0,run26=0,run27=0,run28=0,run29=0,run30=0,run31=0,run32=0,run33=0,run34=0,run35=0,run36=0,run37=0,run38=0,run39=0,run40=0,run41=0,run42=0,run43=0,run44=0,run45=0,run46=0,run47=0,run48=0,run49=0,run50=0
lkCalls;run0=0,run1=0,run2=0,run3=0,run4=0,run5=0,run6=0,run7=0,run8=0,run9=0,run10=0,run11=0,run12=0,run13=0,run14=0,run15=0,run16=0,run17=0,run18=0,run19=0,run20=0,run21=0,run22=0,run23=0,run24=1,run25=0,run26=0,run27=0,run28=0,run29=0,run30=0,run31=0,run32=0,run33=0,run34=0,run35=0,run36=0,run37=0,run38=0,run39=0,run40=0,run41=0,run42=0,run43=0,run44=0,run45=0,run46=0,run47=0,run48=0,run49=0,run50=0
lkSuccess;run0=0,run1=0,run2=0,run3=0,run4=0,run5=0,run6=0,run7=0,run8=0,run9=0,run10=0,run11=0,run12=0,run13=0,run14=0,run15=0,run16=0,run17=0,run18=0,run19=0,run20=0,run21=0,run22=0,run23=0,run24=0,run25=0,run26=0,run27=0,run28=0,run29=0,run30=0,run31=0,run32=0,run33=0,run34=0,run35=0,run36=0,run37=0,run38=0,run39=0,run40=0,run41=0,run42=0,run43=0,run44=0,run45=0,run46=0,run47=0,run48=0,run49=0,run50=0
tOptCalls;run0=0,run1=0,run2=0,run3=0,run4=0,run5=0,run6=0,run7=0,run8=0,run9=0,run10=0,run11=0,run12=0,run13=0,run14=0,run15=0,run16=0,run17=0,run18=0,run19=0,run20=0,run21=0,run22=0,run23=0,run24=0,run25=0,run26=0,run27=0,run28=0,run29=0,run30=0,run31=0,run32=0,run33=0,run34=0,run35=0,run36=0,run37=0,run38=0,run39=0,run40=0,run41=0,run42=0,run43=0,run44=0,run45=0,run46=0,run47=0,run48=0,run49=0,run50=0
tOptSuccess;run0=0,run1=0,run2=0,run3=0,run4=0,run5=0,run6=0,run7=0,run8=0,run9=0,run10=0,run11=0,run12=0,run13=0,run14=0,run15=0,run16=0,run17=0,run18=0,run19=0,run20=0,run21=0,run22=0,run23=0,run24=0,run25=0,run26=0,run27=0,run28=0,run29=0,run30=0,run31=0,run32=0,run33=0,run34=0,run35=0,run36=0,run37=0,run38=0,run39=0,run40=0,run41=0,run42=0,run43=0,run44=0,run45=0,run46=0,run47=0,run48=0,run49=0,run50=0
kickCalls;run0=0,run1=0,run2=0,run3=0,run4=0,run5=0,run6=0,run7=0,run8=0,run9=0,run10=0,run11=0,run12=0,run13=0,run14=0,run15=0,run16=0,run17=0,run18=0,run19=0,run20=0,run21=0,run22=0,run23=0,run24=1,run25=0,run26=0,run27=0,run28=0,run29=0,run30=0,run31=0,run32=0,run33=0,run34=0,run35=0,run36=0,run37=0,run38=0,run39=0,run40=0,run41=0,run42=0,run43=0,run44=0,run45=0,run46=0,run47=0,run48=0,run49=0,run50=0
kickSuccess;run0=0,run1=0,run2=0,run3=0,run4=0,run5=0,run6=0,run7=0,run8=0,run9=0,run10=0,run11=0,run12=0,run13=0,run14=0,run15=0,run16=0,run17=0,run18=0,run19=0,run20=0,run21=0,run22=0,run23=0,run24=0,run25=0,run26=0,run27=0,run28=0,run29=0,run30=0,run31=0,run32=0,run33=0,run34=0,run35=0,run36=0,run37=0,run38=0,run39=0,run40=0,run41=0,run42=0,run43=0,run44=0,run45=0,run46=0,run47=0,run48=0,run49=0,run50=0
cacheEvalHitRate;run0=0.00%,run1=0.00%,run2=0.00%,run3=0.00%,run4=0.00%,run5=0.00%,run6=0.00%,run7=0.00%,run8=0.00%,run9=0.00%,run10=0.00%,run11=0.00%,run12=0.00%,run13=0.00%,run14=0.00%,run15=0.00%,run16=0.00%,run17=0.00%,run18=0.00%,run19=0.00%,run20=0.00%,run21=0.00%,run22=0.00%,run23=0.00%,run24=0.00%,run25=0.00%,run26=0.00%,run27=0.00%,run28=0.00%,run29=0.00%,run30=0.00%,run31=0.00%,run32=0.00%,run33=0.00%,run34=0.00%,run35=0.00%,run36=0.00%,run37=0.00%,run38=0.00%,run39=0.00%,run40=0.00%,run41=0.00%,run42=0.00%,run43=0.00%,run44=0.00%,run45=0.00%,run46=0.00%,run47=0.00%,run48=0.00%,run49=0.00%,run50=0.00%
cacheReasHitRate;run0=37.30%,run1=37.30%,run2=37.30%,run3=37.30%,run4=37.30%,run5=37.30%,run6=37.30%,run7=37.30%,run8=37.30%,run9=37.30%,run10=37.30%,run11=37.30%,run12=37.30%,run13=37.30%,run14=37.30%,run15=37.30%,run16=37.30%,run17=37.30%,run18=37.30%,run19=37.30%,run20=37.30%,run21=37.30%,run22=37.30%,run23=37.30%,run24=37.45%,run25=37.30%,run26=37.30%,run27=37.30%,run28=37.30%,run29=37.30%,run30=37.30%,run31=37.30%,run32=37.30%,run33=37.30%,run34=37.30%,run35=37.30%,run36=37.30%,run37=37.30%,run38=37.30%,run39=37.43%,run40=37.30%,run41=37.30%,run42=37.30%,run43=37.57%,run44=37.30%,run45=37.30%,run46=37.43%,run47=37.30%,run48=37.30%,run49=37.30%,run50=37.30%
lkSuccessRate;run0=N/A,run1=N/A,run2=N/A,run3=N/A,run4=N/A,run5=N/A,run6=N/A,run7=N/A,run8=N/A,run9=N/A,run10=N/A,run11=N/A,run12=N/A,run13=N/A,run14=N/A,run15=N/A,run16=N/A,run17=N/A,run18=N/A,run19=N/A,run20=N/A,run21=N/A,run22=N/A,run23=N/A,run24=0.00% (cache:0.0%),run25=N/A,run26=N/A,run27=N/A,run28=N/A,run29=N/A,run30=N/A,run31=N/A,run32=N/A,run33=N/A,run34=N/A,run35=N/A,run36=N/A,run37=N/A,run38=N/A,run39=N/A,run40=N/A,run41=N/A,run42=N/A,run43=N/A,run44=N/A,run45=N/A,run46=N/A,run47=N/A,run48=N/A,run49=N/A,run50=N/A
tOptSuccessRate;run0=N/A,run1=N/A,run2=N/A,run3=N/A,run4=N/A,run5=N/A,run6=N/A,run7=N/A,run8=N/A,run9=N/A,run10=N/A,run11=N/A,run12=N/A,run13=N/A,run14=N/A,run15=N/A,run16=N/A,run17=N/A,run18=N/A,run19=N/A,run20=N/A,run21=N/A,run22=N/A,run23=N/A,run24=N/A,run25=N/A,run26=N/A,run27=N/A,run28=N/A,run29=N/A,run30=N/A,run31=N/A,run32=N/A,run33=N/A,run34=N/A,run35=N/A,run36=N/A,run37=N/A,run38=N/A,run39=N/A,run40=N/A,run41=N/A,run42=N/A,run43=N/A,run44=N/A,run45=N/A,run46=N/A,run47=N/A,run48=N/A,run49=N/A,run50=N/A

run;iter;weibull_k;cost_std;cost_range;cost_mean;cost_cv;global_best;improved;cumul_improvements
0;0;15.1;340.6;794.0;4182.5;0.1;3670.0;1;1
0;1;10.4;478.4;1200.0;4126.2;0.1;3277.0;1;2
0;2;8.8;544.6;1280.0;4005.8;0.1;3216.0;1;3
0;3;8.7;562.1;1412.0;4115.8;0.1;3137.0;1;4
0;4;15.3;338.4;799.0;4212.8;0.1;3137.0;0;4
0;5;11.2;438.5;1189.0;4056.8;0.1;3137.0;0;4
0;6;12.1;423.5;1137.0;4205.7;0.1;3137.0;0;4
0;7;7.8;589.6;1384.0;3894.7;0.2;3004.0;1;5
0;8;9.5;522.1;1240.0;4138.8;0.1;3004.0;0;5
0;9;10.5;459.2;1251.0;4008.8;0.1;3004.0;0;5
0;10;11.8;411.3;999.0;3999.5;0.1;3004.0;0;5
0;11;10.6;461.0;1178.0;4037.2;0.1;3004.0;0;5
0;12;9.1;532.3;1326.0;4039.3;0.1;3004.0;0;5
0;13;8.8;537.1;1290.0;3969.0;0.1;3004.0;0;5
0;14;10.3;463.1;1307.0;3957.5;0.1;3004.0;0;5
0;15;10.9;444.1;1062.0;4022.5;0.1;3004.0;0;5
0;16;13.1;380.2;988.0;4079.5;0.1;3004.0;0;5
0;17;8.0;574.5;1628.0;3885.3;0.1;2821.0;1;6
0;18;8.6;522.7;1162.0;3757.5;0.1;2821.0;0;6
0;19;12.0;399.7;848.0;3960.2;0.1;2821.0;0;6
0;20;7.5;581.8;1260.0;3686.8;0.2;2821.0;0;6
0;21;10.2;451.1;1035.0;3807.5;0.1;2821.0;0;6
0;22;7.9;557.8;1317.0;3714.0;0.2;2821.0;0;6
0;23;8.0;539.6;1189.0;3628.7;0.1;2821.0;0;6
0;24;10.1;446.9;1002.0;3762.5;0.1;2821.0;0;6
0;25;8.0;541.2;1245.0;3655.7;0.1;2821.0;0;6
0;26;9.5;486.5;1273.0;3851.7;0.1;2821.0;0;6
0;27;9.0;481.4;1089.0;3611.3;0.1;2821.0;0;6
0;28;10.7;415.8;893.0;3690.8;0.1;2821.0;0;6
0;29;10.6;418.7;928.0;3681.2;0.1;2821.0;0;6
0;30;8.8;483.6;1142.0;3549.0;0.1;2821.0;0;6
0;31;9.5;454.9;1103.0;3615.2;0.1;2821.0;0;6
0;32;7.5;559.8;1292.0;3552.3;0.2;2821.0;0;6
0;33;8.0;531.6;1168.0;3590.0;0.1;2821.0;0;6
0;34;11.5;365.6;978.0;3476.5;0.1;2821.0;0;6
0;35;7.9;525.7;1403.0;3514.8;0.1;2712.0;1;7
0;36;7.9;560.9;1321.0;3717.7;0.2;2712.0;0;7
0;37;8.9;461.9;1030.0;3437.8;0.1;2712.0;0;7
0;38;8.6;441.7;957.0;3178.7;0.1;2687.0;1;8
0;39;7.4;529.0;1308.0;3330.7;0.2;2592.0;1;9
0;40;9.4;415.2;1056.0;3264.5;0.1;2592.0;0;9
0;41;9.0;407.8;1114.0;3076.8;0.1;2423.0;1;10
0;42;8.4;431.5;982.0;3029.7;0.1;2423.0;0;10
0;43;9.1;401.6;908.0;3069.2;0.1;2423.0;0;10
0;44;8.4;439.3;1080.0;3103.7;0.1;2423.0;0;10
0;45;8.9;384.4;913.0;2853.2;0.1;2353.0;1;11
0;46;10.7;322.2;734.0;2845.7;0.1;2353.0;0;11
0;47;8.6;417.0;953.0;2993.5;0.1;2353.0;0;11
0;48;7.1;424.4;1118.0;2568.8;0.2;2092.0;1;12
0;49;10.2;321.5;970.0;2734.8;0.1;2092.0;0;12
0;50;9.1;342.0;785.0;2599.0;0.1;2092.0;0;12
0;51;11.9;285.5;757.0;2796.5;0.1;2092.0;0;12
0;52;10.5;312.8;822.0;2717.2;0.1;2092.0;0;12
0;53;12.7;256.7;626.0;2684.0;0.1;2092.0;0;12
0;54;10.8;309.2;853.0;2762.5;0.1;2092.0;0;12
0;55;9.8;333.8;965.0;2729.0;0.1;2092.0;0;12
0;56;11.8;287.5;776.0;2785.3;0.1;2092.0;0;12
0;57;8.2;394.5;1040.0;2731.7;0.1;2092.0;0;12
0;58;6.6;473.6;1205.0;2677.5;0.2;2079.0;1;13
0;59;12.2;256.7;607.0;2585.7;0.1;2079.0;0;13
0;60;10.3;315.8;828.0;2693.0;0.1;2079.0;0;13
0;61;9.8;311.0;795.0;2534.3;0.1;2079.0;0;13
0;62;12.1;259.7;705.0;2593.5;0.1;2079.0;0;13
0;63;12.4;251.0;639.0;2563.5;0.1;2079.0;0;13
0;64;10.2;290.6;714.0;2455.7;0.1;2079.0;0;13
0;65;16.3;198.9;499.0;2628.0;0.1;2079.0;0;13
0;66;10.6;288.0;750.0;2525.7;0.1;2079.0;0;13
0;67;11.7;254.6;699.0;2454.7;0.1;2079.0;0;13
0;68;11.3;270.6;714.0;2521.8;0.1;2079.0;0;13
0;69;12.5;243.3;629.0;2507.0;0.1;2079.0;0;13
0;70;12.5;246.7;633.0;2535.3;0.1;2079.0;0;13
0;71;18.9;173.1;401.0;2643.0;0.1;2079.0;0;13
0;72;12.9;246.5;600.0;2605.0;0.1;2079.0;0;13
0;73;10.2;308.6;813.0;2624.2;0.1;2079.0;0;13
0;74;8.7;341.7;922.0;2493.5;0.1;2023.0;1;14
0;75;10.2;319.4;921.0;2708.2;0.1;2023.0;0;14
0;76;8.4;353.9;803.0;2495.7;0.1;2023.0;0;14
0;77;9.4;312.6;838.0;2459.3;0.1;2023.0;0;14
0;78;8.5;349.8;984.0;2486.8;0.1;1951.0;1;15
0;79;19.1;170.6;405.0;2627.7;0.1;1951.0;0;15
0;80;9.3;304.0;920.0;2348.5;0.1;1934.0;1;16
0;81;8.6;353.6;1120.0;2561.5;0.1;1934.0;0;16
0;82;10.0;296.0;917.0;2465.8;0.1;1934.0;0;16
0;83;11.1;261.8;808.0;2412.2;0.1;1934.0;0;16
0;84;10.6;261.9;775.0;2305.3;0.1;1934.0;0;16
0;85;9.0;307.9;919.0;2312.0;0.1;1934.0;0;16
0;86;11.3;272.4;854.0;2543.0;0.1;1934.0;0;16
0;87;15.6;191.3;600.0;2424.3;0.1;1934.0;0;16
0;88;12.0;234.2;715.0;2318.7;0.1;1934.0;0;16
0;89;9.7;295.3;950.0;2396.3;0.1;1934.0;0;16
0;90;11.7;258.7;820.0;2492.5;0.1;1934.0;0;16
0;91;11.9;251.0;731.0;2463.8;0.1;1934.0;0;16
0;92;10.2;277.6;809.0;2353.3;0.1;1934.0;0;16
0;93;13.0;231.2;697.0;2464.0;0.1;1934.0;0;16
0;94;15.8;193.0;611.0;2485.3;0.1;1934.0;0;16
0;95;16.1;192.1;562.0;2515.0;0.1;1934.0;0;16
0;96;10.8;268.7;805.0;2394.3;0.1;1934.0;0;16
0;97;11.5;257.0;795.0;2447.7;0.1;1934.0;0;16
0;98;10.4;276.4;927.0;2377.8;0.1;1934.0;0;16
0;99;12.6;228.6;688.0;2372.0;0.1;1934.0;0;16
1;0;8.4;579.2;1516.0;4108.8;0.1;3070.0;1;1
1;1;9.5;511.2;1152.0;4052.8;0.1;3070.0;0;1
1;2;10.3;491.4;1128.0;4211.5;0.1;3070.0;0;1
1;3;11.0;452.3;1092.0;4130.3;0.1;3070.0;0;1
1;4;12.9;393.0;922.0;4164.7;0.1;3070.0;0;1
1;5;13.5;370.9;964.0;4105.7;0.1;3070.0;0;1
1;6;12.7;390.6;962.0;4084.2;0.1;3070.0;0;1
1;7;11.1;440.3;1053.0;4056.5;0.1;3070.0;0;1
1;8;12.3;407.3;934.0;4124.3;0.1;3070.0;0;1
1;9;10.8;465.1;1112.0;4160.0;0.1;3070.0;0;1
1;10;11.7;421.7;1144.0;4081.5;0.1;3070.0;0;1
1;11;15.7;321.7;955.0;4117.0;0.1;3070.0;0;1
1;12;9.0;537.0;1222.0;4054.8;0.1;3070.0;0;1
1;13;11.5;437.9;1008.0;4156.8;0.1;3070.0;0;1
1;14;12.0;410.5;1000.0;4061.5;0.1;3070.0;0;1
1;15;13.6;353.8;894.0;3932.8;0.1;3070.0;0;1
1;16;8.1;590.9;1280.0;4009.2;0.1;3070.0;0;1
1;17;11.7;397.7;884.0;3843.8;0.1;3070.0;0;1
1;18;8.9;509.5;1243.0;3782.0;0.1;3070.0;0;1
1;19;9.8;466.3;1227.0;3788.0;0.1;3070.0;0;1
1;20;8.1;552.5;1432.0;3755.5;0.1;3002.0;1;2
1;21;8.2;550.3;1374.0;3792.5;0.1;3002.0;0;2
1;22;8.3;530.6;1187.0;3714.2;0.1;3002.0;0;2
1;23;7.9;557.4;1316.0;3707.8;0.2;2994.0;1;3
1;24;7.3;590.5;1408.0;3660.7;0.2;2872.0;1;4
1;25;9.3;480.2;1032.0;3738.7;0.1;2872.0;0;4
1;26;8.6;530.7;1324.0;3818.2;0.1;2872.0;0;4
1;27;7.2;589.9;1608.0;3584.7;0.2;2679.0;1;5
1;28;8.6;495.8;1185.0;3584.7;0.1;2679.0;0;5
1;29;9.2;477.5;1092.0;3665.3;0.1;2679.0;0;5
1;30;11.1;423.3;965.0;3887.0;0.1;2679.0;0;5
1;31;9.0;474.5;1195.0;3581.0;0.1;2679.0;0;5
1;32;8.7;518.2;1402.0;3763.2;0.1;2679.0;0;5
1;33;8.3;522.8;1330.0;3646.0;0.1;2679.0;0;5
1;34;10.5;421.0;949.0;3674.8;0.1;2679.0;0;5
1;35;9.7;456.3;1147.0;3683.2;0.1;2679.0;0;5
1;36;9.1;485.1;1166.0;3675.2;0.1;2679.0;0;5
1;37;8.3;517.4;1201.0;3604.8;0.1;2679.0;0;5
1;38;9.5;434.7;1061.0;3443.5;0.1;2679.0;0;5
1;39;8.0;520.4;1411.0;3491.5;0.1;2536.0;1;6
1;40;6.8;608.8;1346.0;3508.8;0.2;2536.0;0;6
1;41;7.8;527.9;1166.0;3494.5;0.2;2536.0;0;6
1;42;7.4;540.8;1224.0;3386.8;0.2;2536.0;0;6
1;43;10.0;403.0;1029.0;3365.2;0.1;2536.0;0;6
1;44;9.8;424.1;1024.0;3464.0;0.1;2536.0;0;6
1;45;7.3;545.1;1213.0;3376.8;0.2;2536.0;0;6
1;46;7.6;526.1;1220.0;3386.5;0.2;2536.0;0;6
1;47;9.0;448.9;1136.0;3363.8;0.1;2536.0;0;6
1;48;6.7;540.7;1428.0;3088.5;0.2;2442.0;1;7
1;49;7.9;467.0;1202.0;3112.2;0.2;2442.0;0;7
1;50;6.5;542.2;1311.0;3022.5;0.2;2442.0;0;7
1;51;7.4;496.9;1200.0;3095.0;0.2;2442.0;0;7
1;52;7.6;481.4;1103.0;3079.5;0.2;2442.0;0;7
1;53;10.2;389.5;1062.0;3303.3;0.1;2442.0;0;7
1;54;7.9;464.8;1245.0;3106.7;0.1;2442.0;0;7
1;55;7.4;484.4;1237.0;3027.2;0.2;2442.0;0;7
1;56;8.8;422.1;1030.0;3097.3;0.1;2442.0;0;7
1;57;6.2;590.9;1554.0;3149.2;0.2;2397.0;1;8
1;58;6.5;562.4;1512.0;3103.8;0.2;2327.0;1;9
1;59;6.7;512.3;1259.0;2925.7;0.2;2327.0;0;9
1;60;8.9;413.6;959.0;3081.8;0.1;2327.0;0;9
1;61;7.7;436.1;1111.0;2852.3;0.2;2327.0;0;9
1;62;7.6;439.2;1189.0;2809.0;0.2;2327.0;0;9
1;63;6.1;558.3;1449.0;2946.2;0.2;2327.0;0;9
1;64;7.1;470.9;1130.0;2824.3;0.2;2327.0;0;9
1;65;6.9;481.6;1223.0;2836.3;0.2;2249.0;1;10
1;66;7.4;464.4;1160.0;2920.0;0.2;2249.0;0;10
1;67;9.4;371.5;969.0;2924.3;0.1;2249.0;0;10
1;68;8.6;415.4;995.0;2999.0;0.1;2249.0;0;10
1;69;7.7;424.6;1005.0;2754.3;0.2;2249.0;0;10
1;70;10.3;339.4;855.0;2897.5;0.1;2249.0;0;10
1;71;8.6;399.7;991.0;2878.2;0.1;2249.0;0;10
1;72;8.1;438.0;1198.0;2977.7;0.1;2249.0;0;10
1;73;7.4;457.0;1192.0;2861.3;0.2;2202.0;1;11
1;74;6.9;453.6;1286.0;2668.7;0.2;1991.0;1;12
1;75;7.4;420.3;1084.0;2642.7;0.2;1991.0;0;12
1;76;11.8;279.8;727.0;2717.7;0.1;1991.0;0;12
1;77;7.8;407.4;1116.0;2686.0;0.2;1991.0;0;12
1;78;8.5;385.4;982.0;2738.8;0.1;1991.0;0;12
1;79;7.5;416.8;1110.0;2647.8;0.2;1991.0;0;12
1;80;8.2;362.7;1099.0;2497.8;0.1;1991.0;0;12
1;81;7.5;402.6;1246.0;2560.7;0.2;1991.0;0;12
1;82;8.9;344.3;1066.0;2552.5;0.1;1991.0;0;12
1;83;10.0;327.3;982.0;2733.0;0.1;1991.0;0;12
1;84;8.5;360.4;1091.0;2568.5;0.1;1991.0;0;12
1;85;10.4;303.0;942.0;2603.0;0.1;1991.0;0;12
1;86;8.7;354.9;1019.0;2579.2;0.1;1991.0;0;12
1;87;7.4;414.5;1285.0;2614.0;0.2;1991.0;0;12
1;88;6.2;444.9;1261.0;2379.2;0.2;1991.0;0;12
1;89;9.6;318.8;942.0;2537.7;0.1;1991.0;0;12
1;90;12.6;247.9;743.0;2557.3;0.1;1991.0;0;12
1;91;10.6;277.7;782.0;2445.8;0.1;1991.0;0;12
1;92;10.2;279.9;810.0;2375.8;0.1;1991.0;0;12
1;93;8.6;337.3;1136.0;2428.3;0.1;1895.0;1;13
1;94;8.0;354.1;1034.0;2376.0;0.1;1895.0;0;13
1;95;8.6;342.3;1002.0;2465.5;0.1;1895.0;0;13
1;96;8.9;331.2;981.0;2477.5;0.1;1895.0;0;13
1;97;11.5;264.9;794.0;2523.5;0.1;1895.0;0;13
1;98;7.9;365.5;1024.0;2448.7;0.1;1895.0;0;13
1;99;9.8;306.5;969.0;2496.2;0.1;1895.0;0;13
2;0;14.5;348.8;980.0;4115.0;0.1;3394.0;1;1
2;1;12.4;400.9;967.0;4080.5;0.1;3394.0;0;1
2;2;13.5;385.3;996.0;4252.5;0.1;3394.0;0;1
2;3;15.0;340.0;913.0;4168.3;0.1;3394.0;0;1
2;4;7.9;618.1;1415.0;4135.0;0.1;3188.0;1;2
2;5;11.1;444.7;990.0;4094.5;0.1;3188.0;0;2
2;6;20.1;255.7;654.0;4148.7;0.1;3188.0;0;2
2;7;10.2;485.6;1198.0;4110.8;0.1;3188.0;0;2
2;8;12.4;413.3;941.0;4222.5;0.1;3188.0;0;2
2;9;8.1;603.7;1405.0;4100.0;0.1;3188.0;0;2
2;10;9.2;520.4;1288.0;3998.7;0.1;3188.0;0;2
2;11;10.3;452.1;1180.0;3864.8;0.1;3037.0;1;3
2;12;8.5;581.8;1383.0;4138.7;0.1;3037.0;0;3
2;13;11.4;428.3;989.0;4043.3;0.1;3037.0;0;3
2;14;9.7;503.1;1161.0;4066.8;0.1;3037.0;0;3
2;15;9.4;510.6;1206.0;4020.0;0.1;3037.0;0;3
2;16;10.4;477.4;1162.0;4133.2;0.1;3037.0;0;3
2;17;11.6;409.2;954.0;3903.2;0.1;3037.0;0;3
2;18;8.1;563.6;1507.0;3824.5;0.1;2855.0;1;4
2;19;7.0;637.9;1644.0;3784.7;0.2;2800.0;1;5
2;20;10.0;478.2;1138.0;3972.3;0.1;2800.0;0;5
2;21;8.7;524.1;1156.0;3833.3;0.1;2800.0;0;5
2;22;10.5;429.2;973.0;3745.2;0.1;2800.0;0;5
2;23;10.2;453.8;1126.0;3831.7;0.1;2800.0;0;5
2;24;9.0;499.1;1252.0;3748.0;0.1;2800.0;0;5
2;25;9.5;477.7;1152.0;3788.2;0.1;2800.0;0;5
2;26;7.6;579.5;1377.0;3700.7;0.2;2800.0;0;5
2;27;11.0;423.2;1096.0;3853.5;0.1;2800.0;0;5
2;28;9.6;463.0;1283.0;3707.5;0.1;2800.0;0;5
2;29;8.6;512.3;1203.0;3682.7;0.1;2800.0;0;5
2;30;6.9;582.9;1270.0;3430.7;0.2;2800.0;0;5
2;31;8.1;551.2;1389.0;3748.3;0.1;2800.0;0;5
2;32;7.1;600.8;1384.0;3607.3;0.2;2800.0;0;5
2;33;8.4;508.7;1253.0;3587.3;0.1;2800.0;0;5
2;34;8.3;524.8;1276.0;3642.7;0.1;2800.0;0;5
2;35;9.4;437.8;1160.0;3449.2;0.1;2774.0;1;6
2;36;7.1;575.7;1457.0;3476.7;0.2;2632.0;1;7
2;37;6.8;595.8;1312.0;3444.5;0.2;2632.0;0;7
2;38;7.0;588.4;1385.0;3521.2;0.2;2632.0;0;7
2;39;10.7;397.7;968.0;3532.3;0.1;2632.0;0;7
2;40;6.9;577.1;1342.0;3410.5;0.2;2632.0;0;7
2;41;10.6;392.7;1050.0;3447.8;0.1;2632.0;0;7
2;42;7.3;559.2;1329.0;3462.0;0.2;2632.0;0;7
2;43;8.4;482.5;1130.0;3391.0;0.1;2632.0;0;7
2;44;6.4;590.0;1313.0;3254.8;0.2;2606.0;1;8
2;45;9.0;432.5;1095.0;3242.0;0.1;2582.0;1;9
2;46;9.4;437.5;1211.0;3427.5;0.1;2582.0;0;9
2;47;9.1;416.6;1080.0;3183.3;0.1;2545.0;1;10
2;48;7.8;458.3;1201.0;3000.2;0.2;2421.0;1;11
2;49;6.6;535.8;1354.0;3031.2;0.2;2421.0;0;11
2;50;7.2;473.7;1184.0;2881.2;0.2;2372.0;1;12
2;51;6.8;509.4;1202.0;2938.7;0.2;2372.0;0;12
2;52;6.3;518.6;1312.0;2780.8;0.2;2197.0;1;13
2;53;7.5;467.3;1190.0;2982.2;0.2;2197.0;0;13
2;54;5.7;579.1;1431.0;2835.8;0.2;2197.0;0;13
2;55;8.1;456.3;1210.0;3111.2;0.1;2197.0;0;13
2;56;6.9;512.8;1437.0;3008.7;0.2;2197.0;0;13
2;57;7.6;455.4;1266.0;2918.5;0.2;2197.0;0;13
2;58;7.8;439.3;1179.0;2876.5;0.2;2197.0;0;13
2;59;6.7;513.3;1278.0;2915.8;0.2;2197.0;0;13
2;60;6.9;468.8;1253.0;2735.2;0.2;2118.0;1;14
2;61;8.2;404.5;1007.0;2798.0;0.1;2118.0;0;14
2;62;6.8;517.5;1369.0;2999.0;0.2;2118.0;0;14
2;63;8.2;428.8;1041.0;2955.3;0.1;2118.0;0;14
2;64;6.3;543.4;1286.0;2924.0;0.2;2118.0;0;14
2;65;6.6;514.2;1183.0;2887.5;0.2;2118.0;0;14
2;66;9.8;371.7;1037.0;3035.2;0.1;2118.0;0;14
2;67;8.4;425.3;1208.0;3012.5;0.1;2118.0;0;14
2;68;5.7;553.9;1430.0;2711.2;0.2;2058.0;1;15
2;69;8.0;423.4;953.0;2862.8;0.1;2058.0;0;15
2;70;6.3;534.6;1404.0;2873.5;0.2;2058.0;0;15
2;71;8.0;425.5;1095.0;2853.3;0.1;2058.0;0;15
2;72;9.8;360.4;965.0;2945.0;0.1;2058.0;0;15
2;73;7.3;449.2;1020.0;2791.2;0.2;2058.0;0;15
2;74;6.9;494.7;1246.0;2917.5;0.2;2058.0;0;15
2;75;7.8;422.3;964.0;2776.0;0.2;2058.0;0;15
2;76;7.5;431.9;1137.0;2752.2;0.2;2058.0;0;15
2;77;11.2;309.4;834.0;2867.5;0.1;2058.0;0;15
2;78;5.7;516.4;1316.0;2532.8;0.2;1905.0;1;16
2;79;8.2;376.5;1175.0;2610.5;0.1;1905.0;0;16
2;80;8.8;346.2;986.0;2559.3;0.1;1905.0;0;16
2;81;8.7;343.3;1158.0;2509.8;0.1;1905.0;0;16
2;82;7.0;414.2;1225.0;2474.3;0.2;1905.0;0;16
2;83;9.2;334.4;1072.0;2580.3;0.1;1905.0;0;16
2;84;7.5;384.2;1137.0;2425.5;0.2;1905.0;0;16
2;85;7.8;365.5;1062.0;2414.5;0.2;1905.0;0;16
2;86;7.0;423.6;1377.0;2514.2;0.2;1905.0;0;16
2;87;6.0;483.5;1483.0;2491.2;0.2;1885.0;1;17
2;88;7.4;407.5;1302.0;2541.7;0.2;1885.0;0;17
2;89;7.0;397.4;1175.0;2379.0;0.2;1885.0;0;17
2;90;7.5;361.9;1127.0;2290.7;0.2;1885.0;0;17
2;91;7.5;399.5;1283.0;2529.2;0.2;1885.0;0;17
2;92;6.8;389.8;1170.0;2253.5;0.2;1853.0;1;18
2;93;9.2;311.2;942.0;2399.2;0.1;1853.0;0;18
2;94;6.3;421.1;1263.0;2276.8;0.2;1853.0;0;18
2;95;7.4;397.7;1280.0;2488.3;0.2;1844.0;1;19
2;96;7.9;339.9;1101.0;2274.5;0.1;1844.0;0;19
2;97;10.2;287.2;941.0;2439.2;0.1;1844.0;0;19
2;98;9.8;293.4;878.0;2397.7;0.1;1844.0;0;19
2;99;9.2;308.1;902.0;2358.2;0.1;1844.0;0;19
3;0;9.3;509.1;1185.0;3958.8;0.1;3188.0;1;1
3;1;10.4;476.3;1127.0;4115.0;0.1;3188.0;0;1
3;2;11.4;430.7;1005.0;4069.2;0.1;3188.0;0;1
3;3;9.8;503.9;1219.0;4089.7;0.1;3188.0;0;1
3;4;10.5;474.0;1195.0;4115.3;0.1;3188.0;0;1
3;5;11.0;460.3;1195.0;4194.7;0.1;3188.0;0;1
3;6;11.6;426.7;995.0;4092.0;0.1;3188.0;0;1
3;7;14.5;349.7;863.0;4135.7;0.1;3188.0;0;1
3;8;9.6;510.8;1321.0;4066.0;0.1;3151.0;1;2
3;9;12.3;418.4;999.0;4240.0;0.1;3151.0;0;2
3;10;11.6;420.0;961.0;4011.3;0.1;3151.0;0;2
3;11;11.0;443.3;1115.0;4049.3;0.1;3151.0;0;2
3;12;16.1;311.6;712.0;4071.5;0.1;3151.0;0;2
3;13;11.7;426.9;979.0;4106.7;0.1;3151.0;0;2
3;14;9.2;517.7;1216.0;3967.0;0.1;3151.0;0;2
3;15;9.8;499.1;1202.0;4068.5;0.1;3151.0;0;2
3;16;10.2;474.4;1182.0;4004.8;0.1;3151.0;0;2
3;17;9.9;479.2;1152.0;3944.7;0.1;3151.0;0;2
3;18;10.5;452.5;1086.0;3931.0;0.1;3151.0;0;2
3;19;9.2;501.3;1303.0;3832.3;0.1;3029.0;1;3
3;20;6.9;662.7;1509.0;3896.2;0.2;3029.0;0;3
3;21;8.3;545.3;1237.0;3788.5;0.1;3029.0;0;3
3;22;8.5;549.8;1288.0;3925.3;0.1;3029.0;0;3
3;23;9.3;482.1;1203.0;3743.8;0.1;3020.0;1;4
3;24;9.0;501.7;1173.0;3795.5;0.1;3020.0;0;4
3;25;10.4;446.4;1115.0;3843.0;0.1;3020.0;0;4
3;26;9.4;483.5;1097.0;3792.5;0.1;3020.0;0;4
3;27;8.7;516.3;1376.0;3749.8;0.1;2892.0;1;5
3;28;11.8;388.7;931.0;3793.8;0.1;2892.0;0;5
3;29;10.8;419.7;1034.0;3755.7;0.1;2892.0;0;5
3;30;7.9;550.0;1284.0;3659.5;0.2;2892.0;0;5
3;31;6.7;627.3;1458.0;3603.0;0.2;2786.0;1;6
3;32;13.6;337.2;844.0;3759.0;0.1;2786.0;0;6
3;33;7.0;599.7;1567.0;3557.0;0.2;2659.0;1;7
3;34;9.8;446.8;1100.0;3633.3;0.1;2659.0;0;7
3;35;6.7;614.8;1452.0;3519.8;0.2;2659.0;0;7
3;36;8.5;497.9;1089.0;3553.8;0.1;2659.0;0;7
3;37;8.6;518.7;1318.0;3756.2;0.1;2659.0;0;7
3;38;7.8;544.3;1278.0;3576.2;0.2;2659.0;0;7
3;39;9.4;476.7;1226.0;3747.0;0.1;2659.0;0;7
3;40;7.5;539.5;1389.0;3435.5;0.2;2594.0;1;8
3;41;8.7;462.4;1078.0;3366.3;0.1;2594.0;0;8
3;42;10.6;399.0;972.0;3493.5;0.1;2594.0;0;8
3;43;7.6;510.9;1242.0;3270.8;0.2;2525.0;1;9
3;44;9.5;415.8;880.0;3302.8;0.1;2525.0;0;9
3;45;6.4;588.0;1451.0;3241.7;0.2;2373.0;1;10
3;46;6.1;596.9;1426.0;3130.0;0.2;2373.0;0;10
3;47;8.7;430.3;1134.0;3142.0;0.1;2373.0;0;10
3;48;7.7;475.7;1235.0;3108.3;0.2;2373.0;0;10
3;49;9.0;409.4;1020.0;3066.7;0.1;2373.0;0;10
3;50;7.3;469.9;1301.0;2912.3;0.2;2240.0;1;11
3;51;6.5;515.1;1427.0;2871.0;0.2;2178.0;1;12
3;52;7.8;428.2;1126.0;2830.0;0.2;2178.0;0;12
3;53;8.5;398.5;1070.0;2840.8;0.1;2178.0;0;12
3;54;9.0;389.1;1065.0;2932.3;0.1;2178.0;0;12
3;55;8.5;387.6;921.0;2765.8;0.1;2178.0;0;12
3;56;8.1;398.7;949.0;2732.8;0.1;2178.0;0;12
3;57;7.1;457.4;1163.0;2770.0;0.2;2178.0;0;12
3;58;7.1;428.9;1007.0;2600.8;0.2;2178.0;0;12
3;59;8.1;394.9;943.0;2695.3;0.1;2178.0;0;12
3;60;7.5;438.5;1124.0;2778.7;0.2;2178.0;0;12
3;61;5.8;532.6;1392.0;2671.5;0.2;2019.0;1;13
3;62;8.5;372.8;892.0;2661.8;0.1;2019.0;0;13
3;63;7.2;420.7;1193.0;2579.5;0.2;1921.0;1;14
3;64;10.6;304.1;751.0;2682.2;0.1;1921.0;0;14
3;65;8.7;356.7;952.0;2595.0;0.1;1921.0;0;14
3;66;9.4;330.5;945.0;2587.7;0.1;1921.0;0;14
3;67;9.5;306.8;806.0;2440.0;0.1;1921.0;0;14
3;68;8.9;325.8;908.0;2432.7;0.1;1921.0;0;14
3;69;9.1;328.8;894.0;2504.2;0.1;1921.0;0;14
3;70;12.9;235.6;575.0;2486.7;0.1;1921.0;0;14
3;71;7.7;368.7;966.0;2385.2;0.2;1898.0;1;15
3;72;10.8;281.7;743.0;2509.0;0.1;1898.0;0;15
3;73;7.6;394.7;1196.0;2527.0;0.2;1856.0;1;16
3;74;9.9;319.2;812.0;2635.3;0.1;1856.0;0;16
3;75;9.1;333.7;904.0;2528.3;0.1;1856.0;0;16
3;76;9.3;321.1;819.0;2481.5;0.1;1856.0;0;16
3;77;8.4;364.9;986.0;2569.3;0.1;1856.0;0;16
3;78;12.8;247.5;585.0;2596.3;0.1;1856.0;0;16
3;79;11.3;284.4;772.0;2659.7;0.1;1856.0;0;16
3;80;8.0;351.0;1154.0;2371.2;0.1;1856.0;0;16
3;81;8.6;336.3;1018.0;2438.2;0.1;1856.0;0;16
3;82;9.3;317.0;938.0;2455.0;0.1;1856.0;0;16
3;83;8.7;337.8;1053.0;2465.8;0.1;1856.0;0;16
3;84;6.6;415.3;1258.0;2328.2;0.2;1846.0;1;17
3;85;13.4;228.6;672.0;2514.8;0.1;1846.0;0;17
3;86;9.6;310.7;1035.0;2482.0;0.1;1846.0;0;17
3;87;15.2;196.9;558.0;2445.3;0.1;1846.0;0;17
3;88;9.1;316.2;985.0;2394.8;0.1;1846.0;0;17
3;89;12.4;236.4;701.0;2409.3;0.1;1846.0;0;17
3;90;7.7;360.9;1139.0;2345.2;0.2;1846.0;0;17
3;91;7.4;366.3;1190.0;2291.5;0.2;1831.0;1;18
3;92;8.3;347.9;1109.0;2436.5;0.1;1831.0;0;18
3;93;9.5;290.0;875.0;2306.0;0.1;1831.0;0;18
3;94;8.9;324.2;946.0;2421.8;0.1;1831.0;0;18
3;95;9.2;305.4;969.0;2349.2;0.1;1831.0;0;18
3;96;9.4;297.2;865.0;2319.8;0.1;1831.0;0;18
3;97;7.7;369.9;1120.0;2391.2;0.2;1831.0;0;18
3;98;9.5;292.8;917.0;2326.7;0.1;1831.0;0;18
3;99;14.2;214.3;638.0;2488.5;0.1;1831.0;0;18
4;0;10.9;467.6;1098.0;4215.0;0.1;3489.0;1;1
4;1;10.3;474.7;1097.0;4063.0;0.1;3361.0;1;2
4;2;11.6;433.4;1078.0;4133.2;0.1;3361.0;0;2
4;3;9.8;514.6;1387.0;4181.0;0.1;3192.0;1;3
4;4;10.6;449.9;1114.0;3957.0;0.1;3192.0;0;3
4;5;11.0;457.2;1042.0;4155.3;0.1;3192.0;0;3
4;6;10.2;490.8;1150.0;4140.2;0.1;3192.0;0;3
4;7;10.0;481.2;1211.0;3993.2;0.1;3171.0;1;4
4;8;14.3;344.4;836.0;4030.0;0.1;3171.0;0;4
4;9;10.1;497.9;1276.0;4159.2;0.1;3171.0;0;4
4;10;9.4;526.9;1316.0;4130.0;0.1;3171.0;0;4
4;11;9.0;526.7;1218.0;3973.3;0.1;3171.0;0;4
4;12;10.6;473.8;1056.0;4175.5;0.1;3171.0;0;4
4;13;10.0;481.7;1142.0;3995.5;0.1;3171.0;0;4
4;14;9.2;535.6;1361.0;4102.7;0.1;3171.0;0;4
4;15;9.2;520.3;1278.0;4011.5;0.1;3125.0;1;5
4;16;11.3;431.8;1119.0;4017.0;0.1;3125.0;0;5
4;17;11.2;423.6;991.0;3920.0;0.1;3125.0;0;5
4;18;15.4;325.2;812.0;4082.7;0.1;3125.0;0;5
4;19;8.8;523.6;1244.0;3844.8;0.1;3125.0;0;5
4;20;9.0;518.9;1243.0;3923.8;0.1;3125.0;0;5
4;21;8.2;554.3;1392.0;3844.2;0.1;3039.0;1;6
4;22;10.4;460.5;1263.0;3987.5;0.1;3039.0;0;6
4;23;8.9;514.4;1086.0;3824.8;0.1;3039.0;0;6
4;24;7.4;600.4;1394.0;3763.5;0.2;2961.0;1;7
4;25;9.6;482.6;1143.0;3853.5;0.1;2961.0;0;7
4;26;11.7;407.2;973.0;3915.8;0.1;2961.0;0;7
4;27;7.8;570.4;1303.0;3768.5;0.2;2961.0;0;7
4;28;10.6;440.1;945.0;3866.2;0.1;2961.0;0;7
4;29;9.7;473.4;1166.0;3833.3;0.1;2961.0;0;7
4;30;9.3;473.4;1103.0;3672.3;0.1;2961.0;0;7
4;31;7.6;559.4;1363.0;3594.5;0.2;2917.0;1;8
4;32;7.8;547.2;1217.0;3596.8;0.2;2917.0;0;8
4;33;7.1;590.0;1315.0;3564.5;0.2;2861.0;1;9
4;34;7.9;537.6;1354.0;3566.5;0.2;2745.0;1;10
4;35;8.4;512.2;1141.0;3611.2;0.1;2745.0;0;10
4;36;7.9;542.2;1355.0;3598.3;0.2;2745.0;0;10
4;37;8.7;451.9;1090.0;3301.3;0.1;2745.0;0;10
4;38;6.8;585.6;1432.0;3407.2;0.2;2565.0;1;11
4;39;9.5;437.3;1131.0;3479.0;0.1;2565.0;0;11
4;40;6.8;589.5;1304.0;3427.5;0.2;2565.0;0;11
4;41;10.0;421.7;945.0;3493.3;0.1;2565.0;0;11
4;42;9.4;432.5;1131.0;3383.2;0.1;2565.0;0;11
4;43;9.5;435.5;1061.0;3436.3;0.1;2565.0;0;11
4;44;8.5;468.4;1000.0;3348.5;0.1;2565.0;0;11
4;45;9.2;442.4;972.0;3403.5;0.1;2565.0;0;11
4;46;7.4;541.5;1180.0;3407.0;0.2;2565.0;0;11
4;47;7.2;556.2;1292.0;3410.3;0.2;2565.0;0;11
4;48;9.1;410.1;958.0;3122.8;0.1;2565.0;0;11
4;49;6.9;531.7;1317.0;3109.2;0.2;2547.0;1;12
4;50;9.7;395.1;935.0;3206.3;0.1;2547.0;0;12
4;51;8.3;421.6;1064.0;2949.8;0.1;2467.0;1;13
4;52;9.1;411.0;1022.0;3134.3;0.1;2467.0;0;13
4;53;9.4;368.9;914.0;2882.8;0.1;2467.0;0;13
4;54;7.4;470.7;1226.0;2935.0;0.2;2413.0;1;14
4;55;8.4;425.6;1118.0;2999.5;0.1;2413.0;0;14
4;56;8.4;418.4;1104.0;2938.3;0.1;2354.0;1;15
4;57;6.9;473.8;1124.0;2776.3;0.2;2339.0;1;16
4;58;8.9;406.4;915.0;3015.0;0.1;2339.0;0;16
4;59;7.5;453.3;1159.0;2892.5;0.2;2339.0;0;16
4;60;9.0;380.0;992.0;2870.5;0.1;2339.0;0;16
4;61;6.6;506.8;1371.0;2844.7;0.2;2126.0;1;17
4;62;9.4;345.7;835.0;2699.2;0.1;2126.0;0;17
4;63;8.6;366.3;888.0;2635.5;0.1;2126.0;0;17
4;64;12.5;270.8;704.0;2778.0;0.1;2126.0;0;17
4;65;7.2;422.6;1023.0;2583.5;0.2;2126.0;0;17
4;66;8.8;342.5;819.0;2523.7;0.1;2126.0;0;17
4;67;8.5;361.1;870.0;2572.3;0.1;2126.0;0;17
4;68;8.4;356.8;946.0;2503.3;0.1;2079.0;1;18
4;69;7.7;426.1;1002.0;2755.5;0.2;2079.0;0;18
4;70;7.8;391.8;946.0;2564.7;0.2;2079.0;0;18
4;71;7.9;411.7;1144.0;2747.3;0.1;2079.0;0;18
4;72;10.0;324.8;755.0;2711.0;0.1;2079.0;0;18
4;73;8.6;367.6;954.0;2659.0;0.1;2079.0;0;18
4;74;9.3;355.5;873.0;2771.2;0.1;2079.0;0;18
4;75;8.7;372.5;1069.0;2725.8;0.1;2079.0;0;18
4;76;9.4;349.4;910.0;2729.2;0.1;2079.0;0;18
4;77;9.3;323.5;804.0;2518.5;0.1;2079.0;0;18
4;78;9.0;361.9;862.0;2716.7;0.1;2079.0;0;18
4;79;9.5;331.4;804.0;2629.0;0.1;2079.0;0;18
4;80;12.9;236.1;689.0;2497.3;0.1;2079.0;0;18
4;81;9.1;331.3;953.0;2522.5;0.1;2079.0;0;18
4;82;9.9;288.6;838.0;2374.5;0.1;2079.0;0;18
4;83;8.6;339.7;973.0;2447.8;0.1;2079.0;0;18
4;84;8.7;368.0;1167.0;2677.0;0.1;2079.0;0;18
4;85;10.2;296.6;879.0;2501.3;0.1;2079.0;0;18
4;86;8.6;356.3;1083.0;2581.2;0.1;2079.0;0;18
4;87;10.0;305.5;925.0;2545.7;0.1;2079.0;0;18
4;88;8.5;353.7;1104.0;2515.2;0.1;2079.0;0;18
4;89;7.6;385.5;1172.0;2468.8;0.2;2079.0;0;18
4;90;8.3;363.7;1147.0;2544.2;0.1;2079.0;0;18
4;91;9.7;331.0;906.0;2678.2;0.1;2079.0;0;18
4;92;7.5;388.0;1177.0;2471.0;0.2;2079.0;0;18
4;93;8.7;349.2;1033.0;2536.5;0.1;2079.0;0;18
4;94;7.5;406.1;1270.0;2584.2;0.2;2079.0;0;18
4;95;7.3;421.3;1235.0;2607.5;0.2;2079.0;0;18
4;96;9.3;324.5;949.0;2513.7;0.1;2079.0;0;18
4;97;7.0;407.4;1277.0;2413.5;0.2;1806.0;1;19
4;98;8.5;351.7;1003.0;2505.8;0.1;1806.0;0;19
4;99;10.1;308.3;917.0;2588.7;0.1;1806.0;0;19
5;0;9.3;525.3;1334.0;4075.5;0.1;3184.0;1;1
5;1;14.3;365.1;830.0;4275.0;0.1;3184.0;0;1
5;2;8.7;568.2;1522.0;4159.0;0.1;3085.0;1;2
5;3;11.7;419.7;1112.0;4040.0;0.1;3085.0;0;2
5;4;11.9;426.3;1121.0;4185.5;0.1;3085.0;0;2
5;5;11.6;411.8;1148.0;3942.0;0.1;3085.0;0;2
5;6;10.8;456.2;1145.0;4076.8;0.1;3085.0;0;2
5;7;8.5;566.2;1432.0;4019.3;0.1;3061.0;1;3
5;8;8.0;608.4;1707.0;4093.2;0.1;2864.0;1;4
5;9;8.5;569.2;1459.0;4045.8;0.1;2864.0;0;4
5;10;13.1;382.9;964.0;4124.3;0.1;2864.0;0;4
5;11;15.0;339.5;808.0;4145.7;0.1;2864.0;0;4
5;12;11.1;447.1;1244.0;4102.8;0.1;2864.0;0;4
5;13;9.5;507.0;1275.0;4019.0;0.1;2864.0;0;4
5;14;9.9;491.0;1237.0;4047.3;0.1;2864.0;0;4
5;15;8.4;572.7;1480.0;4040.0;0.1;2864.0;0;4
5;16;10.5;460.1;1135.0;4021.5;0.1;2864.0;0;4
5;17;8.2;553.3;1186.0;3803.7;0.1;2864.0;0;4
5;18;10.3;459.4;964.0;3918.7;0.1;2864.0;0;4
5;19;8.4;533.9;1264.0;3763.3;0.1;2864.0;0;4
5;20;9.9;463.8;1282.0;3804.8;0.1;2864.0;0;4
5;21;8.1;544.6;1178.0;3703.0;0.1;2864.0;0;4
5;22;8.8;517.1;1358.0;3796.5;0.1;2864.0;0;4
5;23;11.8;393.0;890.0;3815.8;0.1;2864.0;0;4
5;24;11.5;420.2;1124.0;3974.7;0.1;2864.0;0;4
5;25;7.7;576.2;1267.0;3768.0;0.2;2864.0;0;4
5;26;7.2;610.6;1547.0;3725.7;0.2;2804.0;1;5
5;27;10.1;454.1;1070.0;3819.7;0.1;2804.0;0;5
5;28;9.2;478.7;1090.0;3665.5;0.1;2804.0;0;5
5;29;10.5;424.0;1053.0;3678.8;0.1;2804.0;0;5
5;30;9.4;470.0;1079.0;3667.7;0.1;2804.0;0;5
5;31;8.8;493.1;1101.0;3627.5;0.1;2804.0;0;5
5;32;10.6;420.5;1108.0;3699.3;0.1;2804.0;0;5
5;33;9.2;495.5;1141.0;3808.7;0.1;2804.0;0;5
5;34;11.4;392.1;1011.0;3684.0;0.1;2804.0;0;5
5;35;7.5;551.7;1330.0;3499.5;0.2;2725.0;1;6
5;36;9.7;454.3;1088.0;3661.3;0.1;2725.0;0;6
5;37;5.6;689.0;1638.0;3356.2;0.2;2368.0;1;7
5;38;6.5;634.4;1357.0;3529.2;0.2;2368.0;0;7
5;39;9.5;441.5;1119.0;3480.0;0.1;2368.0;0;7
5;40;9.6;436.2;982.0;3496.5;0.1;2368.0;0;7
5;41;9.9;421.5;1124.0;3456.5;0.1;2368.0;0;7
5;42;8.1;489.9;1141.0;3322.8;0.1;2368.0;0;7
5;43;7.4;519.3;1292.0;3248.8;0.2;2368.0;0;7
5;44;7.6;508.0;1172.0;3262.0;0.2;2368.0;0;7
5;45;7.3;538.5;1330.0;3344.0;0.2;2368.0;0;7
5;46;8.2;474.5;1158.0;3281.8;0.1;2368.0;0;7
5;47;6.8;573.1;1320.0;3327.7;0.2;2368.0;0;7
5;48;9.0;430.7;1043.0;3235.7;0.1;2368.0;0;7
5;49;7.8;464.8;1238.0;3059.8;0.2;2368.0;0;7
5;50;6.6;538.8;1405.0;3019.2;0.2;2335.0;1;8
5;51;11.9;326.5;861.0;3207.2;0.1;2335.0;0;8
5;52;7.5;486.7;1141.0;3070.8;0.2;2335.0;0;8
5;53;8.1;448.8;1118.0;3063.0;0.1;2335.0;0;8
5;54;9.8;370.4;998.0;3006.8;0.1;2335.0;0;8
5;55;9.5;377.1;900.0;2991.0;0.1;2335.0;0;8
5;56;8.1;424.0;1135.0;2907.7;0.1;2333.0;1;9
5;57;12.3;308.4;757.0;3117.8;0.1;2333.0;0;9
5;58;9.3;386.1;977.0;3000.5;0.1;2333.0;0;9
5;59;11.7;316.1;879.0;3048.5;0.1;2333.0;0;9
5;60;8.3;439.7;1011.0;3054.0;0.1;2333.0;0;9
5;61;7.9;439.4;1126.0;2927.2;0.2;2333.0;0;9
5;62;9.7;359.6;889.0;2912.5;0.1;2333.0;0;9
5;63;9.7;351.5;926.0;2837.3;0.1;2333.0;0;9
5;64;9.6;362.5;861.0;2909.3;0.1;2333.0;0;9
5;65;8.8;398.9;1051.0;2929.8;0.1;2333.0;0;9
5;66;8.3;418.7;1040.0;2908.0;0.1;2333.0;0;9
5;67;11.2;308.2;775.0;2855.0;0.1;2333.0;0;9
5;68;8.2;416.9;1194.0;2871.0;0.1;2275.0;1;10
5;69;8.0;417.7;1086.0;2815.7;0.1;2275.0;0;10
5;70;9.7;354.8;813.0;2876.7;0.1;2275.0;0;10
5;71;7.0;441.8;1210.0;2644.3;0.2;2010.0;1;11
5;72;8.4;389.9;1042.0;2743.5;0.1;2010.0;0;11
5;73;7.8;447.8;1143.0;2949.5;0.2;2010.0;0;11
5;74;7.8;420.9;1174.0;2779.7;0.2;2010.0;0;11
5;75;7.0;448.3;1173.0;2655.5;0.2;2010.0;0;11
5;76;8.6;361.2;1045.0;2618.8;0.1;2010.0;0;11
5;77;8.8;358.8;827.0;2638.7;0.1;2010.0;0;11
5;78;8.2;386.9;947.0;2671.5;0.1;2010.0;0;11
5;79;9.9;322.6;814.0;2643.2;0.1;2010.0;0;11
5;80;8.7;339.9;1078.0;2479.2;0.1;2010.0;0;11
5;81;8.8;346.5;961.0;2542.5;0.1;2010.0;0;11
5;82;8.0;367.4;1110.0;2486.5;0.1;2010.0;0;11
5;83;7.0;413.4;1194.0;2455.8;0.2;2010.0;0;11
5;84;9.9;316.6;941.0;2618.7;0.1;2010.0;0;11
5;85;9.0;313.6;936.0;2348.0;0.1;2010.0;0;11
5;86;10.7;289.2;868.0;2563.0;0.1;2010.0;0;11
5;87;9.0;337.2;996.0;2534.2;0.1;2010.0;0;11
5;88;8.4;352.0;989.0;2478.0;0.1;2010.0;0;11
5;89;9.1;358.9;1098.0;2717.5;0.1;2010.0;0;11
5;90;8.3;362.2;1183.0;2526.3;0.1;2010.0;0;11
5;91;9.2;335.3;1041.0;2585.7;0.1;2010.0;0;11
5;92;9.8;309.9;994.0;2519.0;0.1;2010.0;0;11
5;93;8.3;367.8;1047.0;2559.8;0.1;2010.0;0;11
5;94;9.5;336.2;1017.0;2650.3;0.1;2010.0;0;11
5;95;7.8;383.2;1086.0;2528.3;0.2;2010.0;0;11
5;96;7.2;397.2;1196.0;2438.3;0.2;2010.0;0;11
5;97;7.9;372.2;1177.0;2483.8;0.1;2010.0;0;11
5;98;6.9;415.2;1217.0;2430.2;0.2;2010.0;0;11
5;99;6.7;419.2;1236.0;2407.8;0.2;2010.0;0;11
6;0;16.6;320.7;735.0;4327.0;0.1;3840.0;1;1
6;1;9.4;511.0;1333.0;4001.5;0.1;3083.0;1;2
6;2;13.4;368.6;990.0;4056.5;0.1;3083.0;0;2
6;3;11.9;416.6;964.0;4081.2;0.1;3083.0;0;2
6;4;11.6;428.0;987.0;4089.2;0.1;3083.0;0;2
6;5;7.6;624.0;1430.0;3985.3;0.2;3067.0;1;3
6;6;12.2;420.6;1002.0;4205.5;0.1;3067.0;0;3
6;7;15.4;342.7;801.0;4303.8;0.1;3067.0;0;3
6;8;13.0;392.7;945.0;4173.2;0.1;3067.0;0;3
6;9;10.2;481.5;1153.0;4071.5;0.1;3067.0;0;3
6;10;11.3;426.2;1186.0;3979.3;0.1;3067.0;0;3
6;11;10.5;465.9;1133.0;4042.8;0.1;3067.0;0;3
6;12;8.8;528.6;1386.0;3879.2;0.1;2910.0;1;4
6;13;13.0;375.2;958.0;4006.3;0.1;2910.0;0;4
6;14;10.3;471.0;1073.0;4013.7;0.1;2910.0;0;4
6;15;10.8;448.6;1150.0;4008.8;0.1;2910.0;0;4
6;16;9.4;499.2;1251.0;3904.2;0.1;2910.0;0;4
6;17;10.6;446.7;1084.0;3913.5;0.1;2910.0;0;4
6;18;8.8;509.9;1145.0;3759.8;0.1;2910.0;0;4
6;19;10.1;472.6;1273.0;3975.0;0.1;2910.0;0;4
6;20;10.7;427.9;939.0;3800.5;0.1;2910.0;0;4
6;21;8.7;520.7;1088.0;3806.3;0.1;2910.0;0;4
6;22;8.1;545.1;1418.0;3711.7;0.1;2810.0;1;5
6;23;10.2;446.7;942.0;3782.8;0.1;2810.0;0;5
6;24;8.8;502.9;1221.0;3717.5;0.1;2810.0;0;5
6;25;8.4;522.7;1201.0;3675.3;0.1;2810.0;0;5
6;26;8.5;525.9;1315.0;3768.8;0.1;2810.0;0;5
6;27;13.4;352.4;831.0;3875.3;0.1;2810.0;0;5
6;28;10.2;424.0;1085.0;3601.2;0.1;2810.0;0;5
6;29;7.6;539.8;1187.0;3484.0;0.2;2810.0;0;5
6;30;8.0;534.1;1317.0;3600.3;0.1;2810.0;0;5
6;31;8.2;510.0;1127.0;3529.2;0.1;2810.0;0;5
6;32;10.4;421.6;1005.0;3627.3;0.1;2810.0;0;5
6;33;7.9;516.0;1230.0;3453.2;0.1;2770.0;1;6
6;34;7.0;574.9;1257.0;3399.7;0.2;2761.0;1;7
6;35;8.3;514.7;1265.0;3593.8;0.1;2761.0;0;7
6;36;8.9;463.9;1036.0;3438.3;0.1;2761.0;0;7
6;37;6.6;583.3;1245.0;3273.2;0.2;2621.0;1;8
6;38;9.7;418.3;947.0;3371.7;0.1;2621.0;0;8
6;39;8.0;498.0;1159.0;3369.0;0.1;2621.0;0;8
6;40;8.8;454.8;1080.0;3337.3;0.1;2621.0;0;8
6;41;7.2;523.2;1263.0;3213.8;0.2;2500.0;1;9
6;42;6.3;588.5;1398.0;3167.5;0.2;2381.0;1;10
6;43;8.9;426.5;988.0;3160.0;0.1;2381.0;0;10
6;44;8.4;439.4;1035.0;3090.7;0.1;2381.0;0;10
6;45;9.9;362.3;929.0;2975.7;0.1;2381.0;0;10
6;46;9.2;389.9;920.0;3010.0;0.1;2381.0;0;10
6;47;9.1;390.7;936.0;2978.2;0.1;2381.0;0;10
6;48;11.6;310.2;843.0;2964.2;0.1;2381.0;0;10
6;49;10.1;357.5;840.0;3000.7;0.1;2381.0;0;10
6;50;7.9;422.0;1037.0;2822.3;0.1;2381.0;0;10
6;51;7.9;430.6;1146.0;2880.3;0.1;2351.0;1;11
6;52;12.9;273.4;639.0;2885.8;0.1;2351.0;0;11
6;53;7.4;432.1;1095.0;2716.7;0.2;2215.0;1;12
6;54;8.0;397.3;1032.0;2677.2;0.1;2215.0;0;12
6;55;8.2;409.0;1081.0;2809.5;0.1;2215.0;0;12
6;56;9.5;358.9;930.0;2843.7;0.1;2215.0;0;12
6;57;10.5;305.2;825.0;2660.3;0.1;2215.0;0;12
6;58;8.8;369.0;972.0;2719.2;0.1;2215.0;0;12
6;59;9.8;326.7;869.0;2658.0;0.1;2215.0;0;12
6;60;8.5;392.1;932.0;2783.0;0.1;2215.0;0;12
6;61;8.6;378.7;1080.0;2738.3;0.1;2141.0;1;13
6;62;8.0;412.2;1086.0;2765.7;0.1;2141.0;0;13
6;63;10.4;302.7;776.0;2609.0;0.1;2141.0;0;13
6;64;7.0;430.3;1142.0;2558.3;0.2;2031.0;1;14
6;65;5.9;528.7;1215.0;2691.7;0.2;2031.0;0;14
6;66;8.2;378.7;971.0;2610.2;0.1;2031.0;0;14
6;67;10.8;299.3;752.0;2686.8;0.1;2031.0;0;14
6;68;7.6;389.2;1030.0;2505.0;0.2;2007.0;1;15
6;69;9.1;334.0;744.0;2534.5;0.1;2007.0;0;15
6;70;7.9;387.7;1000.0;2596.0;0.1;2007.0;0;15
6;71;10.0;309.9;816.0;2564.7;0.1;2007.0;0;15
6;72;7.3;421.6;1090.0;2595.3;0.2;2007.0;0;15
6;73;7.6;383.9;1097.0;2478.8;0.2;1944.0;1;16
6;74;8.7;343.8;833.0;2499.3;0.1;1944.0;0;16
6;75;7.0;422.3;1028.0;2515.8;0.2;1944.0;0;16
6;76;8.4;363.7;938.0;2558.5;0.1;1944.0;0;16
6;77;7.3;376.0;954.0;2333.5;0.2;1896.0;1;17
6;78;8.4;353.7;918.0;2486.2;0.1;1896.0;0;17
6;79;8.5;336.6;857.0;2408.0;0.1;1896.0;0;17
6;80;8.3;363.0;1182.0;2546.0;0.1;1896.0;0;17
6;81;8.2;342.7;1061.0;2358.3;0.1;1896.0;0;17
6;82;8.7;355.9;1142.0;2599.7;0.1;1896.0;0;17
6;83;9.3;304.9;1028.0;2374.2;0.1;1896.0;0;17
6;84;8.2;342.2;1106.0;2360.5;0.1;1896.0;0;17
6;85;10.5;264.5;805.0;2307.7;0.1;1896.0;0;17
6;86;11.3;241.1;734.0;2244.8;0.1;1896.0;0;17
6;87;10.2;291.9;812.0;2463.7;0.1;1896.0;0;17
6;88;11.1;253.3;765.0;2316.3;0.1;1896.0;0;17
6;89;7.9;344.9;1057.0;2309.8;0.1;1896.0;0;17
6;90;9.9;277.9;913.0;2279.8;0.1;1896.0;0;17
6;91;7.3;365.4;1109.0;2250.7;0.2;1896.0;0;17
6;92;8.3;327.4;1040.0;2273.2;0.1;1834.0;1;18
6;93;8.2;325.3;957.0;2248.8;0.1;1834.0;0;18
6;94;8.1;326.1;1045.0;2219.2;0.1;1769.0;1;19
6;95;7.8;342.7;1013.0;2248.5;0.2;1769.0;0;19
6;96;10.8;275.4;834.0;2472.7;0.1;1769.0;0;19
6;97;8.2;321.0;986.0;2211.8;0.1;1769.0;0;19
6;98;11.5;248.1;742.0;2352.8;0.1;1769.0;0;19
6;99;7.4;376.9;1092.0;2359.7;0.2;1769.0;0;19
7;0;10.0;497.9;1216.0;4131.3;0.1;3305.0;1;1
7;1;8.8;553.1;1464.0;4058.7;0.1;3088.0;1;2
7;2;11.3;443.3;1004.0;4136.8;0.1;3088.0;0;2
7;3;11.4;426.4;1069.0;4018.8;0.1;3088.0;0;2
7;4;7.8;623.4;1438.0;4118.7;0.2;3088.0;0;2
7;5;10.9;461.5;1044.0;4144.2;0.1;3088.0;0;2
7;6;11.7;419.4;1044.0;4039.2;0.1;3088.0;0;2
7;7;9.9;495.4;1220.0;4075.7;0.1;3088.0;0;2
7;8;11.0;444.3;1070.0;4028.5;0.1;3088.0;0;2
7;9;10.3;462.2;1266.0;3949.5;0.1;3078.0;1;3
7;10;12.8;389.3;1088.0;4084.0;0.1;3078.0;0;3
7;11;11.5;435.2;1018.0;4112.8;0.1;3078.0;0;3
7;12;11.8;418.6;960.0;4065.3;0.1;3078.0;0;3
7;13;8.8;543.5;1288.0;4002.5;0.1;3078.0;0;3
7;14;8.9;529.5;1388.0;3932.5;0.1;3021.0;1;4
7;15;10.4;464.1;1129.0;3994.2;0.1;3021.0;0;4
7;16;11.4;427.3;1201.0;4028.0;0.1;3021.0;0;4
7;17;9.8;487.1;1141.0;3954.5;0.1;3021.0;0;4
7;18;9.4;476.8;1111.0;3738.7;0.1;3021.0;0;4
7;19;10.1;463.1;1142.0;3891.3;0.1;3021.0;0;4
7;20;7.4;609.6;1386.0;3820.0;0.2;3021.0;0;4
7;21;12.0;399.6;921.0;3961.0;0.1;3021.0;0;4
7;22;10.7;428.0;1015.0;3800.3;0.1;3021.0;0;4
7;23;9.4;481.2;1022.0;3758.5;0.1;3021.0;0;4
7;24;8.6;522.5;1429.0;3767.5;0.1;2993.0;1;5
7;25;7.8;559.4;1223.0;3687.2;0.2;2993.0;0;5
7;26;9.1;496.1;1136.0;3764.2;0.1;2993.0;0;5
7;27;9.7;471.1;1201.0;3790.8;0.1;2993.0;0;5
7;28;8.9;501.6;1418.0;3745.3;0.1;2800.0;1;6
7;29;8.7;514.1;1198.0;3746.8;0.1;2800.0;0;6
7;30;10.1;450.9;996.0;3766.3;0.1;2800.0;0;6
7;31;9.5;437.8;1067.0;3457.7;0.1;2800.0;0;6
7;32;7.5;579.6;1465.0;3673.8;0.2;2797.0;1;7
7;33;10.2;421.6;1063.0;3581.7;0.1;2797.0;0;7
7;34;7.8;550.7;1182.0;3629.8;0.2;2797.0;0;7
7;35;10.0;438.4;1062.0;3639.2;0.1;2797.0;0;7
7;36;8.3;508.9;1144.0;3569.0;0.1;2797.0;0;7
7;37;9.1;469.2;1032.0;3551.8;0.1;2797.0;0;7
7;38;8.9;457.8;1165.0;3409.0;0.1;2797.0;0;7
7;39;9.0;427.5;956.0;3214.2;0.1;2693.0;1;8
7;40;8.8;445.5;1024.0;3297.8;0.1;2693.0;0;8
7;41;9.3;436.2;1065.0;3386.5;0.1;2693.0;0;8
7;42;8.2;485.6;1114.0;3337.0;0.1;2693.0;0;8
7;43;10.3;378.2;899.0;3230.7;0.1;2693.0;0;8
7;44;9.6;423.1;971.0;3372.5;0.1;2693.0;0;8
7;45;5.4;678.8;1652.0;3169.7;0.2;2193.0;1;9
7;46;7.3;529.0;1135.0;3267.5;0.2;2193.0;0;9
7;47;8.4;464.3;1041.0;3286.0;0.1;2193.0;0;9
7;48;7.0;515.2;1259.0;3055.3;0.2;2193.0;0;9
7;49;7.1;492.1;1228.0;2962.3;0.2;2193.0;0;9
7;50;7.5;453.6;1218.0;2886.2;0.2;2193.0;0;9
7;51;9.2;391.0;926.0;2991.3;0.1;2193.0;0;9
7;52;6.9;536.8;1317.0;3167.2;0.2;2193.0;0;9
7;53;8.8;390.4;959.0;2880.8;0.1;2193.0;0;9
7;54;9.8;370.5;992.0;3030.3;0.1;2193.0;0;9
7;55;7.8;437.4;1113.0;2881.3;0.2;2193.0;0;9
7;56;7.8;433.1;1111.0;2836.5;0.2;2193.0;0;9
7;57;8.6;411.7;1049.0;2961.0;0.1;2193.0;0;9
7;58;9.2;360.5;828.0;2780.3;0.1;2193.0;0;9
7;59;9.0;389.1;1048.0;2915.2;0.1;2193.0;0;9
7;60;6.9;459.8;1215.0;2697.8;0.2;2111.0;1;10
7;61;7.3;493.0;1352.0;3034.5;0.2;2111.0;0;10
7;62;7.4;458.8;1194.0;2868.3;0.2;2111.0;0;10
7;63;9.9;342.1;853.0;2810.2;0.1;2111.0;0;10
7;64;8.5;379.4;973.0;2704.2;0.1;2111.0;0;10
7;65;8.9;371.4;895.0;2758.7;0.1;2111.0;0;10
7;66;11.0;315.4;814.0;2861.8;0.1;2111.0;0;10
7;67;9.3;368.9;989.0;2859.3;0.1;2111.0;0;10
7;68;9.1;372.7;986.0;2826.0;0.1;2111.0;0;10
7;69;8.6;388.5;1022.0;2799.2;0.1;2111.0;0;10
7;70;6.7;485.7;1167.0;2792.8;0.2;2111.0;0;10
7;71;8.3;386.3;966.0;2701.3;0.1;2111.0;0;10
7;72;8.5;381.6;960.0;2730.0;0.1;2111.0;0;10
7;73;11.2;316.2;851.0;2923.7;0.1;2111.0;0;10
7;74;9.1;389.4;1065.0;2968.7;0.1;2111.0;0;10
7;75;5.8;549.5;1392.0;2759.0;0.2;2076.0;1;11
7;76;6.5;468.3;1159.0;2604.7;0.2;2076.0;0;11
7;77;11.6;292.5;785.0;2809.0;0.1;2076.0;0;11
7;78;9.6;323.5;810.0;2594.3;0.1;2076.0;0;11
7;79;5.8;521.3;1278.0;2616.5;0.2;2061.0;1;12
7;80;8.6;357.9;1089.0;2574.7;0.1;2061.0;0;12
7;81;8.6;356.2;1012.0;2582.3;0.1;2061.0;0;12
7;82;9.7;305.1;1034.0;2460.3;0.1;2012.0;1;13
7;83;9.7;334.2;1109.0;2709.5;0.1;2012.0;0;13
7;84;8.9;370.7;1158.0;2749.7;0.1;2012.0;0;13
7;85;9.6;327.5;995.0;2619.3;0.1;2012.0;0;13
7;86;8.4;344.5;1041.0;2431.0;0.1;2012.0;0;13
7;87;11.5;280.9;800.0;2658.2;0.1;2012.0;0;13
7;88;8.9;321.9;1006.0;2393.5;0.1;2012.0;0;13
7;89;9.6;305.4;870.0;2454.0;0.1;2012.0;0;13
7;90;7.2;378.3;1209.0;2313.5;0.2;1895.0;1;14
7;91;9.0;332.1;1102.0;2493.3;0.1;1895.0;0;14
7;92;8.8;321.9;956.0;2381.3;0.1;1895.0;0;14
7;93;7.5;376.7;1124.0;2383.2;0.2;1895.0;0;14
7;94;9.8;292.7;952.0;2396.0;0.1;1895.0;0;14
7;95;11.1;260.5;755.0;2392.7;0.1;1895.0;0;14
7;96;10.0;304.8;895.0;2531.3;0.1;1895.0;0;14
7;97;10.3;293.9;899.0;2522.7;0.1;1895.0;0;14
7;98;8.3;346.4;1074.0;2412.2;0.1;1895.0;0;14
7;99;9.5;302.6;946.0;2396.0;0.1;1895.0;0;14
8;0;11.4;446.5;1080.0;4187.2;0.1;3463.0;1;1
8;1;8.3;588.4;1408.0;4081.8;0.1;3163.0;1;2
8;2;8.6;580.0;1421.0;4177.7;0.1;3163.0;0;2
8;3;9.5;521.8;1312.0;4115.8;0.1;3163.0;0;2
8;4;10.5;468.3;1267.0;4086.7;0.1;3163.0;0;2
8;5;12.3;394.4;916.0;4004.8;0.1;3163.0;0;2
8;6;13.6;376.3;903.0;4202.2;0.1;3163.0;0;2
8;7;11.9;411.4;1063.0;4031.7;0.1;3163.0;0;2
8;8;16.4;315.3;808.0;4203.3;0.1;3163.0;0;2
8;9;10.8;458.8;1217.0;4096.7;0.1;3163.0;0;2
8;10;11.2;448.5;1213.0;4136.2;0.1;3163.0;0;2
8;11;8.8;547.0;1466.0;4044.2;0.1;3013.0;1;3
8;12;9.6;503.7;1249.0;4038.5;0.1;3013.0;0;3
8;13;8.3;573.8;1590.0;3996.5;0.1;2876.0;1;4
8;14;10.2;474.0;1118.0;4024.8;0.1;2876.0;0;4
8;15;7.8;603.2;1355.0;3959.2;0.2;2876.0;0;4
8;16;9.0;517.0;1321.0;3906.0;0.1;2876.0;0;4
8;17;12.1;393.7;980.0;3906.3;0.1;2876.0;0;4
8;18;11.0;430.4;959.0;3912.8;0.1;2876.0;0;4
8;19;17.1;290.9;613.0;4030.3;0.1;2876.0;0;4
8;20;11.6;414.7;1153.0;3980.2;0.1;2876.0;0;4
8;21;11.7;427.9;958.0;4114.7;0.1;2876.0;0;4
8;22;6.9;633.0;1592.0;3719.5;0.2;2876.0;0;4
8;23;8.1;554.4;1356.0;3800.2;0.1;2876.0;0;4
8;24;11.0;435.3;1017.0;3961.5;0.1;2876.0;0;4
8;25;10.5;436.9;1063.0;3790.3;0.1;2876.0;0;4
8;26;10.7;445.1;1085.0;3931.2;0.1;2876.0;0;4
8;27;8.1;543.6;1294.0;3699.7;0.1;2876.0;0;4
8;28;9.9;467.1;1080.0;3837.2;0.1;2876.0;0;4
8;29;7.5;576.4;1494.0;3662.8;0.2;2704.0;1;5
8;30;9.1;501.1;1073.0;3803.8;0.1;2704.0;0;5
8;31;11.8;383.4;964.0;3737.8;0.1;2704.0;0;5
8;32;7.6;561.5;1315.0;3597.3;0.2;2704.0;0;5
8;33;7.9;532.4;1342.0;3566.7;0.1;2704.0;0;5
8;34;9.0;457.2;1143.0;3428.7;0.1;2704.0;0;5
8;35;7.7;556.6;1485.0;3630.5;0.2;2658.0;1;6
8;36;7.5;535.2;1219.0;3412.5;0.2;2658.0;0;6
8;37;6.7;571.2;1308.0;3278.2;0.2;2576.0;1;7
8;38;8.5;444.1;950.0;3181.0;0.1;2576.0;0;7
8;39;8.2;467.8;1300.0;3237.3;0.1;2401.0;1;8
8;40;6.8;547.0;1214.0;3175.0;0.2;2401.0;0;8
8;41;8.0;454.8;1111.0;3049.5;0.1;2401.0;0;8
8;42;8.9;385.6;1027.0;2882.5;0.1;2344.0;1;9
8;43;10.2;360.7;996.0;3053.2;0.1;2344.0;0;9
8;44;8.3;424.3;1070.0;2975.8;0.1;2344.0;0;9
8;45;10.1;342.9;745.0;2877.2;0.1;2344.0;0;9
8;46;8.2;417.2;1024.0;2862.5;0.1;2312.0;1;10
8;47;8.3;410.7;967.0;2853.2;0.1;2312.0;0;10
8;48;7.4;456.6;1202.0;2848.8;0.2;2296.0;1;11
8;49;10.1;342.6;798.0;2884.8;0.1;2296.0;0;11
8;50;9.6;357.4;991.0;2850.5;0.1;2296.0;0;11
8;51;9.2;369.3;949.0;2851.3;0.1;2296.0;0;11
8;52;8.5;396.6;952.0;2821.2;0.1;2296.0;0;11
8;53;9.8;333.8;885.0;2730.3;0.1;2239.0;1;12
8;54;9.0;361.4;1022.0;2731.2;0.1;2189.0;1;13
8;55;7.0;470.3;1275.0;2796.5;0.2;2137.0;1;14
8;56;7.8;410.8;1016.0;2711.7;0.2;2137.0;0;14
8;57;8.1;389.1;1025.0;2659.5;0.1;2120.0;1;15
8;58;10.5;307.5;898.0;2673.3;0.1;2120.0;0;15
8;59;8.5;384.5;1034.0;2757.2;0.1;2120.0;0;15
8;60;6.9;447.1;1103.0;2628.0;0.2;2071.0;1;16
8;61;8.3;381.5;1043.0;2659.2;0.1;2071.0;0;16
8;62;11.2;280.3;758.0;2599.0;0.1;2071.0;0;16
8;63;8.8;342.8;778.0;2533.7;0.1;2071.0;0;16
8;64;8.5;369.9;943.0;2628.0;0.1;2071.0;0;16
8;65;7.9;390.1;1067.0;2611.0;0.1;2071.0;0;16
8;66;7.6;393.5;960.0;2533.5;0.2;2071.0;0;16
8;67;7.5;396.3;964.0;2504.7;0.2;2071.0;0;16
8;68;10.1;298.3;705.0;2514.0;0.1;2071.0;0;16
8;69;9.6;321.3;870.0;2577.0;0.1;2071.0;0;16
8;70;7.6;374.0;929.0;2388.7;0.2;1974.0;1;17
8;71;11.1;264.0;634.0;2415.3;0.1;1974.0;0;17
8;72;9.0;326.6;922.0;2450.2;0.1;1940.0;1;18
8;73;9.1;311.3;870.0;2370.7;0.1;1925.0;1;19
8;74;10.6;260.9;661.0;2294.0;0.1;1925.0;0;19
8;75;14.0;235.8;700.0;2696.7;0.1;1925.0;0;19
8;76;8.6;343.2;973.0;2481.5;0.1;1925.0;0;19
8;77;6.3;440.7;1151.0;2382.2;0.2;1861.0;1;20
8;78;10.6;292.3;754.0;2576.0;0.1;1861.0;0;20
8;79;9.3;328.3;812.0;2552.3;0.1;1861.0;0;20
8;80;10.8;263.6;735.0;2349.0;0.1;1861.0;0;20
8;81;9.7;287.7;880.0;2324.0;0.1;1861.0;0;20
8;82;9.1;318.9;1001.0;2429.3;0.1;1861.0;0;20
8;83;8.8;313.3;899.0;2315.8;0.1;1861.0;0;20
8;84;9.9;288.4;835.0;2363.8;0.1;1861.0;0;20
8;85;8.7;325.4;924.0;2360.5;0.1;1861.0;0;20
8;86;8.7;324.9;942.0;2379.7;0.1;1861.0;0;20
8;87;11.4;271.4;808.0;2547.2;0.1;1861.0;0;20
8;88;9.6;277.6;812.0;2223.2;0.1;1861.0;0;20
8;89;9.7;302.3;928.0;2435.5;0.1;1861.0;0;20
8;90;11.8;269.7;791.0;2622.8;0.1;1861.0;0;20
8;91;7.9;353.3;1120.0;2358.2;0.1;1861.0;0;20
8;92;9.0;333.0;981.0;2517.0;0.1;1861.0;0;20
8;93;8.4;348.7;1196.0;2466.7;0.1;1861.0;0;20
8;94;7.5;373.9;1117.0;2362.7;0.2;1861.0;0;20
8;95;9.3;308.0;907.0;2379.2;0.1;1861.0;0;20
8;96;9.3;303.9;905.0;2369.7;0.1;1861.0;0;20
8;97;8.7;328.2;1049.0;2385.0;0.1;1861.0;0;20
8;98;9.8;290.3;926.0;2375.8;0.1;1861.0;0;20
8;99;9.9;277.2;779.0;2281.0;0.1;1861.0;0;20
9;0;15.1;340.6;837.0;4184.3;0.1;3655.0;1;1
9;1;12.7;399.2;956.0;4156.5;0.1;3507.0;1;2
9;2;7.2;659.7;1576.0;4007.7;0.2;2957.0;1;3
9;3;10.2;488.3;1144.0;4124.5;0.1;2957.0;0;3
9;4;10.2;491.3;1163.0;4144.0;0.1;2957.0;0;3
9;5;14.2;360.6;825.0;4196.7;0.1;2957.0;0;3
9;6;13.1;374.1;862.0;4005.5;0.1;2957.0;0;3
9;7;9.3;521.0;1314.0;4023.8;0.1;2957.0;0;3
9;8;11.6;445.1;1182.0;4250.0;0.1;2957.0;0;3
9;9;11.6;435.7;1107.0;4183.0;0.1;2957.0;0;3
9;10;15.0;336.1;891.0;4121.2;0.1;2957.0;0;3
9;11;9.3;539.8;1189.0;4172.5;0.1;2957.0;0;3
9;12;13.7;368.6;874.0;4134.5;0.1;2957.0;0;3
9;13;9.4;502.1;1161.0;3925.2;0.1;2957.0;0;3
9;14;8.7;559.4;1379.0;4087.7;0.1;2957.0;0;3
9;15;16.5;310.2;876.0;4157.7;0.1;2957.0;0;3
9;16;13.4;355.0;933.0;3904.2;0.1;2957.0;0;3
9;17;10.9;432.5;1027.0;3906.3;0.1;2957.0;0;3
9;18;10.3;455.6;1056.0;3907.5;0.1;2957.0;0;3
9;19;11.3;424.9;951.0;3977.0;0.1;2957.0;0;3
9;20;12.1;398.5;999.0;3956.2;0.1;2957.0;0;3
9;21;16.1;306.4;871.0;4001.8;0.1;2957.0;0;3
9;22;8.1;568.2;1562.0;3867.5;0.1;2817.0;1;4
9;23;10.0;453.2;1040.0;3779.2;0.1;2817.0;0;4
9;24;9.2;490.4;1115.0;3786.7;0.1;2817.0;0;4
9;25;11.4;411.6;1085.0;3859.0;0.1;2817.0;0;4
9;26;8.0;541.4;1307.0;3639.0;0.1;2817.0;0;4
9;27;8.9;501.9;1142.0;3751.5;0.1;2817.0;0;4
9;28;11.0;408.4;1093.0;3705.5;0.1;2817.0;0;4
9;29;9.7;454.8;1157.0;3658.8;0.1;2817.0;0;4
9;30;8.0;535.1;1343.0;3608.5;0.1;2817.0;0;4
9;31;6.9;596.1;1458.0;3522.2;0.2;2698.0;1;5
9;32;8.0;533.3;1273.0;3589.2;0.1;2698.0;0;5
9;33;8.5;482.7;1039.0;3451.8;0.1;2698.0;0;5
9;34;7.5;579.6;1614.0;3661.3;0.2;2640.0;1;6
9;35;8.7;473.7;1179.0;3460.7;0.1;2640.0;0;6
9;36;9.9;443.9;1137.0;3671.8;0.1;2640.0;0;6
9;37;7.5;511.5;1248.0;3264.3;0.2;2567.0;1;7
9;38;7.2;564.9;1311.0;3440.8;0.2;2567.0;0;7
9;39;8.7;480.2;1122.0;3489.7;0.1;2567.0;0;7
9;40;9.2;449.5;1033.0;3448.8;0.1;2567.0;0;7
9;41;8.7;452.1;1197.0;3302.5;0.1;2567.0;0;7
9;42;10.5;383.3;978.0;3350.2;0.1;2567.0;0;7
9;43;6.8;544.6;1169.0;3162.2;0.2;2567.0;0;7
9;44;8.0;461.9;1100.0;3113.7;0.1;2567.0;0;7
9;45;7.7;461.1;1070.0;2981.3;0.2;2373.0;1;8
9;46;9.6;398.3;969.0;3169.8;0.1;2373.0;0;8
9;47;6.3;539.6;1288.0;2892.0;0.2;2248.0;1;9
9;48;9.3;366.6;992.0;2850.8;0.1;2248.0;0;9
9;49;8.2;432.7;1133.0;2984.5;0.1;2248.0;0;9
9;50;9.9;344.3;903.0;2839.5;0.1;2248.0;0;9
9;51;5.4;649.2;1585.0;3064.8;0.2;2248.0;0;9
9;52;7.0;515.3;1346.0;3051.7;0.2;2248.0;0;9
9;53;6.6;488.1;1169.0;2733.2;0.2;2248.0;0;9
9;54;5.6;577.4;1521.0;2784.3;0.2;2096.0;1;10
9;55;8.0;417.7;1071.0;2815.5;0.1;2096.0;0;10
9;56;10.0;349.5;806.0;2917.8;0.1;2096.0;0;10
9;57;7.8;416.9;1021.0;2728.3;0.2;2096.0;0;10
9;58;7.8;419.7;975.0;2749.2;0.2;2096.0;0;10
9;59;9.0;368.0;879.0;2781.7;0.1;2096.0;0;10
9;60;8.7;371.6;922.0;2717.7;0.1;2096.0;0;10
9;61;6.8;462.0;1175.0;2682.0;0.2;2096.0;0;10
9;62;7.6;415.6;1002.0;2663.7;0.2;2096.0;0;10
9;63;8.0;374.7;903.0;2517.5;0.1;2096.0;0;10
9;64;7.5;442.9;1055.0;2805.8;0.2;2096.0;0;10
9;65;6.0;500.6;1129.0;2575.7;0.2;2096.0;0;10
9;66;7.0;428.9;1069.0;2551.2;0.2;2057.0;1;11
9;67;9.5;331.7;840.0;2638.7;0.1;2057.0;0;11
9;68;8.8;367.2;891.0;2703.8;0.1;2057.0;0;11
9;69;8.9;346.0;881.0;2567.3;0.1;2057.0;0;11
9;70;7.4;417.0;1085.0;2605.0;0.2;2057.0;0;11
9;71;7.6;404.7;1039.0;2588.7;0.2;2057.0;0;11
9;72;7.3;398.4;938.0;2463.2;0.2;2057.0;0;11
9;73;5.8;513.2;1152.0;2567.3;0.2;2057.0;0;11
9;74;8.2;378.7;924.0;2610.0;0.1;2057.0;0;11
9;75;8.4;359.2;907.0;2527.5;0.1;2057.0;0;11
9;76;6.3;461.5;1109.0;2479.2;0.2;2014.0;1;12
9;77;12.2;259.8;696.0;2604.8;0.1;2014.0;0;12
9;78;10.6;306.0;812.0;2684.7;0.1;2014.0;0;12
9;79;7.8;361.7;923.0;2379.3;0.2;1945.0;1;13
9;80;9.1;326.5;975.0;2486.7;0.1;1945.0;0;13
9;81;9.9;297.7;931.0;2448.7;0.1;1945.0;0;13
9;82;10.0;278.1;838.0;2318.3;0.1;1945.0;0;13
9;83;11.6;259.4;770.0;2475.0;0.1;1945.0;0;13
9;84;8.8;313.3;988.0;2316.0;0.1;1945.0;0;13
9;85;9.2;302.2;988.0;2315.5;0.1;1913.0;1;14
9;86;8.4;341.0;994.0;2397.7;0.1;1913.0;0;14
9;87;11.1;265.2;817.0;2431.8;0.1;1913.0;0;14
9;88;7.7;340.9;1041.0;2218.3;0.2;1912.0;1;15
9;89;8.1;344.6;1056.0;2344.2;0.1;1912.0;0;15
9;90;9.9;283.6;843.0;2332.3;0.1;1912.0;0;15
9;91;10.0;279.0;828.0;2318.8;0.1;1912.0;0;15
9;92;8.0;339.2;924.0;2282.8;0.1;1912.0;0;15
9;93;12.1;233.2;729.0;2322.8;0.1;1912.0;0;15
9;94;8.5;332.9;1091.0;2380.3;0.1;1890.0;1;16
9;95;8.8;311.6;1033.0;2303.0;0.1;1827.0;1;17
9;96;10.1;274.8;792.0;2300.3;0.1;1827.0;0;17
9;97;9.3;273.7;898.0;2131.7;0.1;1796.0;1;18
9;98;8.9;303.3;904.0;2266.8;0.1;1796.0;0;18
9;99;8.7;302.5;927.0;2212.3;0.1;1796.0;0;18
10;0;11.0;446.1;1045.0;4047.5;0.1;3365.0;1;1
10;1;9.3;526.3;1378.0;4090.0;0.1;3131.0;1;2
10;2;12.6;386.7;986.0;4009.0;0.1;3131.0;0;2
10;3;11.8;410.4;1069.0;4003.0;0.1;3131.0;0;2
10;4;12.2;416.4;1028.0;4168.8;0.1;3131.0;0;2
10;5;10.7;467.4;1121.0;4150.5;0.1;3131.0;0;2
10;6;15.8;314.6;850.0;4038.2;0.1;3131.0;0;2
10;7;8.2;593.4;1458.0;4083.7;0.1;3092.0;1;3
10;8;11.4;440.4;1120.0;4135.3;0.1;3092.0;0;3
10;9;12.5;400.9;930.0;4105.3;0.1;3092.0;0;3
10;10;12.3;408.4;999.0;4146.3;0.1;3092.0;0;3
10;11;17.6;290.2;694.0;4144.2;0.1;3092.0;0;3
10;12;9.3;512.7;1309.0;3997.5;0.1;3092.0;0;3
10;13;13.4;371.7;978.0;4072.8;0.1;3092.0;0;3
10;14;11.8;426.9;1141.0;4141.0;0.1;3092.0;0;3
10;15;10.4;474.9;1216.0;4084.0;0.1;3092.0;0;3
10;16;11.3;415.8;962.0;3881.3;0.1;3092.0;0;3
10;17;10.1;466.5;1064.0;3917.0;0.1;3092.0;0;3
10;18;10.3;448.7;1016.0;3818.0;0.1;3092.0;0;3
10;19;10.1;452.4;1110.0;3799.7;0.1;3092.0;0;3
10;20;8.5;543.9;1271.0;3876.7;0.1;3092.0;0;3
10;21;10.4;432.1;1041.0;3732.2;0.1;3092.0;0;3
10;22;8.0;554.6;1294.0;3751.8;0.1;3022.0;1;4
10;23;11.2;428.4;1068.0;3980.8;0.1;3022.0;0;4
10;24;8.5;518.2;1244.0;3691.0;0.1;3016.0;1;5
10;25;8.9;498.5;1279.0;3693.2;0.1;3002.0;1;6
10;26;8.3;531.3;1185.0;3688.5;0.1;3002.0;0;6
10;27;10.6;436.1;1142.0;3826.8;0.1;3002.0;0;6
10;28;9.4;494.7;1172.0;3865.2;0.1;3002.0;0;6
10;29;12.2;385.4;934.0;3859.8;0.1;3002.0;0;6
10;30;7.6;564.9;1232.0;3647.7;0.2;3002.0;0;6
10;31;10.9;418.4;972.0;3764.0;0.1;3002.0;0;6
10;32;6.5;653.7;1622.0;3652.0;0.2;2661.0;1;7
10;33;9.0;497.9;1159.0;3734.2;0.1;2661.0;0;7
10;34;8.2;535.5;1236.0;3690.5;0.1;2661.0;0;7
10;35;6.8;614.7;1666.0;3567.3;0.2;2543.0;1;8
10;36;8.9;465.0;1006.0;3446.0;0.1;2543.0;0;8
10;37;8.3;512.9;1152.0;3577.0;0.1;2543.0;0;8
10;38;9.0;466.2;1003.0;3498.2;0.1;2543.0;0;8
10;39;7.1;573.1;1219.0;3471.5;0.2;2543.0;0;8
10;40;9.5;423.5;1024.0;3357.2;0.1;2543.0;0;8
10;41;10.6;395.2;859.0;3479.3;0.1;2543.0;0;8
10;42;10.1;402.1;999.0;3360.2;0.1;2543.0;0;8
10;43;11.4;366.4;874.0;3452.5;0.1;2543.0;0;8
10;44;7.5;516.6;1135.0;3287.0;0.2;2543.0;0;8
10;45;8.0;472.5;1072.0;3180.5;0.1;2543.0;0;8
10;46;6.8;560.4;1293.0;3242.7;0.2;2543.0;0;8
10;47;7.7;485.8;1072.0;3142.8;0.2;2543.0;0;8
10;48;9.3;378.2;1027.0;2935.3;0.1;2543.0;0;8
10;49;6.6;516.6;1448.0;2925.0;0.2;2282.0;1;9
10;50;8.7;431.9;1107.0;3137.8;0.1;2282.0;0;9
10;51;8.9;410.1;971.0;3040.8;0.1;2282.0;0;9
10;52;6.9;496.0;1223.0;2923.0;0.2;2282.0;0;9
10;53;7.4;457.4;1130.0;2872.2;0.2;2282.0;0;9
10;54;8.8;408.8;969.0;2998.0;0.1;2282.0;0;9
10;55;9.3;386.9;1105.0;3005.5;0.1;2282.0;0;9
10;56;9.1;389.3;915.0;2961.8;0.1;2282.0;0;9
10;57;8.9;406.0;989.0;3009.7;0.1;2282.0;0;9
10;58;7.0;474.4;1154.0;2809.2;0.2;2282.0;0;9
10;59;8.6;397.7;973.0;2865.0;0.1;2282.0;0;9
10;60;8.5;410.5;1046.0;2923.0;0.1;2282.0;0;9
10;61;8.0;441.0;1101.0;2973.7;0.1;2282.0;0;9
10;62;8.9;366.9;913.0;2734.8;0.1;2282.0;0;9
10;63;6.1;526.0;1348.0;2750.8;0.2;2109.0;1;10
10;64;7.3;449.5;1045.0;2779.7;0.2;2109.0;0;10
10;65;6.9;475.7;1205.0;2791.8;0.2;2109.0;0;10
10;66;8.4;391.2;1003.0;2744.8;0.1;2109.0;0;10
10;67;6.4;505.0;1195.0;2777.5;0.2;2109.0;0;10
10;68;7.7;432.7;1156.0;2817.3;0.2;2109.0;0;10
10;69;8.3;378.6;894.0;2634.2;0.1;2109.0;0;10
10;70;8.0;379.2;946.0;2545.3;0.1;2109.0;0;10
10;71;8.2;367.0;848.0;2542.8;0.1;2109.0;0;10
10;72;6.3;495.6;1175.0;2678.0;0.2;2109.0;0;10
10;73;9.2;342.9;881.0;2646.5;0.1;2109.0;0;10
10;74;10.1;305.1;811.0;2550.0;0.1;2109.0;0;10
10;75;8.1;354.9;827.0;2429.5;0.1;2104.0;1;11
10;76;8.8;342.3;899.0;2510.2;0.1;2084.0;1;12
10;77;9.5;334.3;771.0;2650.2;0.1;2084.0;0;12
10;78;8.8;344.9;870.0;2543.7;0.1;2084.0;0;12
10;79;6.9;414.7;989.0;2448.0;0.2;2029.0;1;13
10;80;12.6;237.8;747.0;2463.3;0.1;2029.0;0;13
10;81;9.5;314.0;1058.0;2476.8;0.1;2024.0;1;14
10;82;9.1;324.8;1022.0;2457.7;0.1;2024.0;0;14
10;83;7.8;376.5;1135.0;2478.2;0.2;2024.0;0;14
10;84;11.2;276.5;880.0;2549.3;0.1;2024.0;0;14
10;85;11.7;255.3;774.0;2464.3;0.1;2024.0;0;14
10;86;8.3;337.1;1013.0;2361.8;0.1;1998.0;1;15
10;87;12.5;236.9;765.0;2441.0;0.1;1998.0;0;15
10;88;9.4;291.0;883.0;2275.3;0.1;1995.0;1;16
10;89;8.3;338.4;1030.0;2350.3;0.1;1995.0;0;16
10;90;10.5;277.3;857.0;2407.5;0.1;1995.0;0;16
10;91;9.4;300.1;888.0;2346.7;0.1;1995.0;0;16
10;92;6.7;411.7;1195.0;2353.8;0.2;1869.0;1;17
10;93;7.6;353.2;1038.0;2255.8;0.2;1866.0;1;18
10;94;12.5;234.8;698.0;2405.5;0.1;1866.0;0;18
10;95;7.3;363.9;1048.0;2263.3;0.2;1866.0;0;18
10;96;8.7;333.0;994.0;2418.5;0.1;1866.0;0;18
10;97;10.6;275.0;846.0;2412.8;0.1;1866.0;0;18
10;98;11.7;240.7;710.0;2328.2;0.1;1866.0;0;18
10;99;9.2;329.6;941.0;2528.0;0.1;1866.0;0;18
11;0;10.8;461.3;1103.0;4135.3;0.1;3410.0;1;1
11;1;10.1;496.8;1296.0;4155.3;0.1;3218.0;1;2
11;2;15.4;326.3;837.0;4090.8;0.1;3218.0;0;2
11;3;10.8;454.2;1234.0;4056.0;0.1;3211.0;1;3
11;4;10.0;487.5;1332.0;4054.0;0.1;3211.0;0;3
11;5;9.4;509.5;1299.0;3996.0;0.1;3202.0;1;4
11;6;19.1;273.0;660.0;4221.7;0.1;3202.0;0;4
11;7;11.1;440.9;1032.0;4062.2;0.1;3202.0;0;4
11;8;9.6;493.4;1166.0;3926.7;0.1;3202.0;0;4
11;9;10.2;488.4;1266.0;4155.2;0.1;3202.0;0;4
11;10;11.9;410.9;947.0;4029.2;0.1;3202.0;0;4
11;11;12.3;400.1;924.0;4054.2;0.1;3202.0;0;4
11;12;12.5;404.9;1023.0;4147.8;0.1;3202.0;0;4
11;13;10.7;445.5;1057.0;3952.7;0.1;3202.0;0;4
11;14;13.4;383.9;906.0;4228.2;0.1;3202.0;0;4
11;15;11.6;416.3;1135.0;3967.8;0.1;3178.0;1;5
11;16;8.4;569.5;1383.0;4023.0;0.1;3057.0;1;6
11;17;9.3;492.2;1140.0;3811.8;0.1;3057.0;0;6
11;18;11.2;430.2;1121.0;3990.0;0.1;3057.0;0;6
11;19;10.1;455.7;1138.0;3821.5;0.1;3057.0;0;6
11;20;9.3;471.5;1228.0;3664.8;0.1;3013.0;1;7
11;21;9.0;507.3;1300.0;3835.8;0.1;3013.0;0;7
11;22;13.8;350.6;779.0;3956.0;0.1;3013.0;0;7
11;23;8.2;544.2;1217.0;3762.0;0.1;3013.0;0;7
11;24;9.1;487.3;1105.0;3710.3;0.1;3013.0;0;7
11;25;8.1;532.1;1303.0;3626.0;0.1;2835.0;1;8
11;26;7.2;598.8;1391.0;3641.7;0.2;2835.0;0;8
11;27;9.4;475.4;1138.0;3727.7;0.1;2835.0;0;8
11;28;9.9;448.2;1126.0;3679.8;0.1;2835.0;0;8
11;29;8.1;525.5;1314.0;3601.5;0.1;2826.0;1;9
11;30;9.5;491.8;1118.0;3895.2;0.1;2826.0;0;9
11;31;8.7;503.4;1120.0;3662.2;0.1;2826.0;0;9
11;32;9.9;441.7;1031.0;3619.5;0.1;2826.0;0;9
11;33;9.3;465.1;1264.0;3613.8;0.1;2826.0;0;9
11;34;7.5;534.9;1229.0;3393.0;0.2;2733.0;1;10
11;35;8.9;485.2;1195.0;3606.0;0.1;2733.0;0;10
11;36;6.9;600.0;1555.0;3544.7;0.2;2612.0;1;11
11;37;7.7;554.6;1369.0;3612.3;0.2;2612.0;0;11
11;38;9.0;459.6;1119.0;3470.8;0.1;2612.0;0;11
11;39;7.5;564.9;1363.0;3571.7;0.2;2612.0;0;11
11;40;7.8;538.8;1185.0;3566.0;0.2;2612.0;0;11
11;41;7.9;513.0;1298.0;3431.2;0.1;2612.0;0;11
11;42;9.0;462.5;1034.0;3497.5;0.1;2612.0;0;11
11;43;12.3;352.0;830.0;3570.8;0.1;2612.0;0;11
11;44;9.2;437.0;977.0;3374.0;0.1;2612.0;0;11
11;45;7.8;521.7;1328.0;3447.5;0.2;2612.0;0;11
11;46;7.6;509.9;1077.0;3284.3;0.2;2612.0;0;11
11;47;7.9;512.8;1199.0;3397.8;0.2;2612.0;0;11
11;48;6.6;539.0;1358.0;3025.5;0.2;2423.0;1;12
11;49;6.3;580.6;1382.0;3137.3;0.2;2423.0;0;12
11;50;6.0;566.8;1396.0;2906.8;0.2;2332.0;1;13
11;51;8.4;432.9;1087.0;3068.7;0.1;2332.0;0;13
11;52;7.1;494.4;1182.0;2985.8;0.2;2332.0;0;13
11;53;9.8;371.8;828.0;3040.2;0.1;2332.0;0;13
11;54;9.2;411.4;1189.0;3147.7;0.1;2332.0;0;13
11;55;10.2;364.4;1048.0;3073.7;0.1;2332.0;0;13
11;56;7.1;478.9;1160.0;2874.8;0.2;2332.0;0;13
11;57;7.6;439.2;1138.0;2806.2;0.2;2332.0;0;13
11;58;6.8;492.1;1412.0;2844.3;0.2;2017.0;1;14
11;59;9.0;394.1;1048.0;2976.5;0.1;2017.0;0;14
11;60;7.3;448.6;1126.0;2783.7;0.2;2017.0;0;14
11;61;8.6;389.1;964.0;2799.5;0.1;2017.0;0;14
11;62;8.9;382.9;876.0;2839.5;0.1;2017.0;0;14
11;63;7.5;448.2;1162.0;2834.0;0.2;2017.0;0;14
11;64;9.3;368.8;871.0;2865.3;0.1;2017.0;0;14
11;65;6.4;500.0;1304.0;2723.8;0.2;2017.0;0;14
11;66;8.6;373.2;938.0;2705.7;0.1;2017.0;0;14
11;67;11.2;293.0;669.0;2703.2;0.1;2017.0;0;14
11;68;6.2;500.3;1377.0;2650.5;0.2;1934.0;1;15
11;69;7.9;410.8;1164.0;2730.5;0.2;1934.0;0;15
11;70;12.4;271.1;671.0;2765.2;0.1;1934.0;0;15
11;71;9.1;360.8;865.0;2754.0;0.1;1934.0;0;15
11;72;6.9;440.2;1101.0;2593.3;0.2;1934.0;0;15
11;73;9.6;330.1;762.0;2644.2;0.1;1934.0;0;15
11;74;6.0;490.8;1284.0;2542.2;0.2;1934.0;0;15
11;75;9.0;353.5;1006.0;2659.7;0.1;1934.0;0;15
11;76;6.2;517.4;1265.0;2737.5;0.2;1934.0;0;15
11;77;6.8;440.2;1300.0;2548.5;0.2;1858.0;1;16
11;78;9.1;361.0;973.0;2758.5;0.1;1858.0;0;16
11;79;10.4;324.6;772.0;2810.7;0.1;1858.0;0;16
11;80;6.9;412.3;1191.0;2417.7;0.2;1858.0;0;16
11;81;8.9;330.3;1020.0;2452.0;0.1;1858.0;0;16
11;82;10.2;303.8;895.0;2568.0;0.1;1858.0;0;16
11;83;9.9;294.8;861.0;2418.3;0.1;1858.0;0;16
11;84;7.4;375.3;1210.0;2355.5;0.2;1858.0;0;16
11;85;7.1;415.1;1114.0;2504.8;0.2;1858.0;0;16
11;86;11.7;252.5;734.0;2443.3;0.1;1858.0;0;16
11;87;10.7;288.7;919.0;2557.7;0.1;1858.0;0;16
11;88;10.7;275.9;788.0;2446.7;0.1;1858.0;0;16
11;89;9.5;311.1;1027.0;2458.7;0.1;1858.0;0;16
11;90;9.3;334.5;1016.0;2589.8;0.1;1858.0;0;16
11;91;12.0;262.5;778.0;2596.0;0.1;1858.0;0;16
11;92;10.6;275.9;890.0;2431.3;0.1;1858.0;0;16
11;93;11.7;259.3;858.0;2492.3;0.1;1858.0;0;16
11;94;10.1;271.6;849.0;2274.5;0.1;1858.0;0;16
11;95;11.5;251.8;668.0;2382.2;0.1;1858.0;0;16
11;96;8.9;301.3;989.0;2252.0;0.1;1858.0;0;16
11;97;9.8;302.8;966.0;2462.7;0.1;1858.0;0;16
11;98;8.6;310.4;939.0;2246.0;0.1;1858.0;0;16
11;99;8.0;354.3;1188.0;2383.2;0.1;1858.0;0;16
12;0;14.5;352.3;909.0;4169.2;0.1;3580.0;1;1
12;1;10.8;450.0;1174.0;4038.8;0.1;3210.0;1;2
12;2;11.8;436.6;1233.0;4233.5;0.1;3210.0;0;2
12;3;9.3;535.7;1352.0;4162.7;0.1;3210.0;0;2
12;4;11.1;453.2;1235.0;4140.3;0.1;3210.0;0;2
12;5;11.9;400.7;1036.0;3941.5;0.1;3210.0;0;2
12;6;9.1;540.0;1414.0;4118.8;0.1;3149.0;1;3
12;7;11.9;429.7;1042.0;4223.3;0.1;3149.0;0;3
12;8;10.9;452.5;1157.0;4073.8;0.1;3149.0;0;3
12;9;11.2;445.2;1050.0;4111.2;0.1;3149.0;0;3
12;10;7.5;630.9;1724.0;4015.7;0.2;2794.0;1;4
12;11;8.8;554.3;1231.0;4083.0;0.1;2794.0;0;4
12;12;12.2;409.8;1042.0;4121.2;0.1;2794.0;0;4
12;13;14.2;364.2;816.0;4223.0;0.1;2794.0;0;4
12;14;8.5;539.6;1380.0;3869.8;0.1;2794.0;0;4
12;15;8.0;563.6;1295.0;3794.7;0.1;2794.0;0;4
12;16;9.7;486.7;1374.0;3940.5;0.1;2794.0;0;4
12;17;8.0;564.4;1281.0;3802.0;0.1;2794.0;0;4
12;18;13.5;355.7;878.0;3921.7;0.1;2794.0;0;4
12;19;7.5;595.3;1424.0;3792.3;0.2;2794.0;0;4
12;20;11.2;415.3;926.0;3850.2;0.1;2794.0;0;4
12;21;10.7;433.7;1126.0;3853.2;0.1;2794.0;0;4
12;22;7.9;562.0;1464.0;3753.2;0.1;2794.0;0;4
12;23;9.5;477.7;1074.0;3764.3;0.1;2794.0;0;4
12;24;10.9;437.6;1040.0;3933.8;0.1;2794.0;0;4
12;25;9.5;476.1;1093.0;3766.3;0.1;2794.0;0;4
12;26;9.4;474.4;988.0;3708.7;0.1;2794.0;0;4
12;27;7.9;552.4;1183.0;3688.8;0.1;2794.0;0;4
12;28;7.4;586.1;1366.0;3662.7;0.2;2794.0;0;4
12;29;8.0;535.2;1149.0;3611.2;0.1;2794.0;0;4
12;30;8.7;494.9;1195.0;3620.5;0.1;2794.0;0;4
12;31;8.5;514.6;1246.0;3661.3;0.1;2794.0;0;4
12;32;7.6;528.5;1306.0;3398.2;0.2;2688.0;1;5
12;33;11.9;395.1;1004.0;3884.7;0.1;2688.0;0;5
12;34;8.4;505.5;1242.0;3548.8;0.1;2688.0;0;5
12;35;9.5;442.4;949.0;3510.2;0.1;2688.0;0;5
12;36;9.0;447.8;1100.0;3353.5;0.1;2688.0;0;5
12;37;7.6;530.4;1139.0;3418.8;0.2;2688.0;0;5
12;38;8.4;491.5;1250.0;3449.0;0.1;2688.0;0;5
12;39;10.5;398.8;933.0;3457.2;0.1;2688.0;0;5
12;40;9.2;437.1;1158.0;3368.3;0.1;2621.0;1;6
12;41;9.8;419.5;1112.0;3416.5;0.1;2621.0;0;6
12;42;8.6;451.7;1138.0;3269.2;0.1;2608.0;1;7
12;43;8.2;474.8;1127.0;3291.7;0.1;2608.0;0;7
12;44;9.4;420.8;1026.0;3310.0;0.1;2608.0;0;7
12;45;8.2;423.0;957.0;2920.2;0.1;2431.0;1;8
12;46;7.7;480.2;1146.0;3135.3;0.2;2431.0;0;8
12;47;10.4;367.7;826.0;3180.8;0.1;2431.0;0;8
12;48;7.3;480.2;1197.0;2956.8;0.2;2414.0;1;9
12;49;7.1;515.0;1207.0;3103.8;0.2;2414.0;0;9
12;50;9.9;369.6;938.0;3044.8;0.1;2414.0;0;9
12;51;7.5;484.2;1301.0;3084.7;0.2;2414.0;0;9
12;52;7.1;487.2;1214.0;2944.8;0.2;2408.0;1;10
12;53;9.9;362.8;871.0;2973.8;0.1;2408.0;0;10
12;54;10.3;364.3;951.0;3117.3;0.1;2408.0;0;10
12;55;7.7;429.8;1177.0;2811.3;0.2;2225.0;1;11
12;56;10.3;319.8;742.0;2726.5;0.1;2225.0;0;11
12;57;11.4;304.1;711.0;2869.8;0.1;2225.0;0;11
12;58;10.7;306.8;756.0;2727.3;0.1;2225.0;0;11
12;59;9.2;387.8;947.0;2988.2;0.1;2225.0;0;11
12;60;7.5;418.4;1015.0;2656.0;0.2;2178.0;1;12
12;61;8.7;364.9;1076.0;2668.7;0.1;2067.0;1;13
12;62;8.8;385.0;1112.0;2850.0;0.1;2067.0;0;13
12;63;7.3;426.1;1044.0;2631.2;0.2;2067.0;0;13
12;64;9.0;384.4;924.0;2905.2;0.1;2067.0;0;13
12;65;9.3;336.5;925.0;2616.2;0.1;2067.0;0;13
12;66;8.9;355.9;835.0;2639.7;0.1;2067.0;0;13
12;67;8.9;350.6;834.0;2607.3;0.1;2067.0;0;13
12;68;9.2;346.9;973.0;2666.3;0.1;2067.0;0;13
12;69;8.9;335.2;791.0;2507.8;0.1;2067.0;0;13
12;70;8.8;349.2;849.0;2587.0;0.1;2067.0;0;13
12;71;13.2;251.0;645.0;2711.2;0.1;2067.0;0;13
12;72;7.6;386.9;992.0;2495.0;0.2;2043.0;1;14
12;73;9.4;349.4;886.0;2729.2;0.1;2043.0;0;14
12;74;7.5;404.4;1087.0;2567.7;0.2;2030.0;1;15
12;75;7.6;385.7;1084.0;2480.8;0.2;1938.0;1;16
12;76;7.4;395.6;986.0;2479.5;0.2;1938.0;0;16
12;77;7.5;414.4;987.0;2623.8;0.2;1938.0;0;16
12;78;6.3;465.9;1116.0;2519.2;0.2;1938.0;0;16
12;79;6.9;422.5;1176.0;2471.7;0.2;1864.0;1;17
12;80;8.4;348.2;1005.0;2452.7;0.1;1864.0;0;17
12;81;13.1;222.7;686.0;2392.7;0.1;1864.0;0;17
12;82;8.3;351.6;1061.0;2440.5;0.1;1864.0;0;17
12;83;7.3;385.9;1199.0;2402.2;0.2;1864.0;0;17
12;84;7.9;367.9;1159.0;2437.8;0.2;1864.0;0;17
12;85;12.3;243.8;772.0;2469.0;0.1;1864.0;0;17
12;86;7.6;380.0;1217.0;2440.8;0.2;1864.0;0;17
12;87;9.2;312.5;1022.0;2395.5;0.1;1864.0;0;17
12;88;8.4;360.1;1140.0;2543.5;0.1;1864.0;0;17
12;89;9.5;315.2;940.0;2488.8;0.1;1864.0;0;17
12;90;6.9;404.0;1191.0;2372.8;0.2;1837.0;1;18
12;91;7.9;365.8;1083.0;2425.0;0.2;1837.0;0;18
12;92;8.4;335.6;1030.0;2376.2;0.1;1837.0;0;18
12;93;7.2;380.6;1120.0;2326.5;0.2;1837.0;0;18
12;94;10.3;273.7;756.0;2333.7;0.1;1837.0;0;18
12;95;8.2;326.5;907.0;2254.8;0.1;1837.0;0;18
12;96;9.5;293.5;982.0;2319.5;0.1;1837.0;0;18
12;97;9.0;317.6;958.0;2378.5;0.1;1837.0;0;18
12;98;10.5;269.1;859.0;2332.8;0.1;1837.0;0;18
12;99;10.0;290.0;872.0;2407.0;0.1;1837.0;0;18
13;0;9.6;506.5;1225.0;4055.7;0.1;3205.0;1;1
13;1;11.3;438.9;1173.0;4108.3;0.1;3205.0;0;1
13;2;10.1;483.8;1183.0;4077.2;0.1;3205.0;0;1
13;3;13.3;374.2;911.0;4070.2;0.1;3205.0;0;1
13;4;15.4;345.4;898.0;4337.8;0.1;3205.0;0;1
13;5;11.4;436.4;1061.0;4096.0;0.1;3205.0;0;1
13;6;9.9;502.6;1276.0;4153.2;0.1;3205.0;0;1
13;7;10.9;454.8;1052.0;4113.2;0.1;3205.0;0;1
13;8;8.6;551.5;1452.0;3974.0;0.1;2925.0;1;2
13;9;10.9;439.4;1001.0;3964.2;0.1;2925.0;0;2
13;10;12.0;426.4;1098.0;4228.7;0.1;2925.0;0;2
13;11;8.9;534.4;1345.0;3961.3;0.1;2925.0;0;2
13;12;11.6;426.5;982.0;4069.5;0.1;2925.0;0;2
13;13;13.7;373.6;963.0;4180.3;0.1;2925.0;0;2
13;14;14.8;333.4;874.0;4035.2;0.1;2925.0;0;2
13;15;17.6;292.5;685.0;4173.2;0.1;2925.0;0;2
13;16;13.1;371.8;1064.0;4005.7;0.1;2925.0;0;2
13;17;10.5;442.2;1080.0;3838.0;0.1;2925.0;0;2
13;18;11.2;423.2;1154.0;3912.5;0.1;2925.0;0;2
13;19;8.4;550.7;1320.0;3893.0;0.1;2925.0;0;2
13;20;14.4;344.3;806.0;4060.0;0.1;2925.0;0;2
13;21;9.2;504.2;1261.0;3858.2;0.1;2925.0;0;2
13;22;12.0;386.7;918.0;3835.0;0.1;2925.0;0;2
13;23;9.7;479.8;1346.0;3863.0;0.1;2925.0;0;2
13;24;7.1;620.7;1404.0;3756.0;0.2;2925.0;0;2
13;25;7.8;566.1;1291.0;3707.3;0.2;2925.0;0;2
13;26;9.0;505.1;1228.0;3809.5;0.1;2925.0;0;2
13;27;7.9;556.4;1163.0;3692.5;0.2;2925.0;0;2
13;28;11.5;394.1;864.0;3731.5;0.1;2925.0;0;2
13;29;8.1;531.4;1253.0;3614.3;0.1;2925.0;0;2
13;30;6.3;665.5;1407.0;3598.3;0.2;2872.0;1;3
13;31;10.6;419.5;1052.0;3699.0;0.1;2872.0;0;3
13;32;10.7;417.7;957.0;3693.0;0.1;2872.0;0;3
13;33;9.0;484.1;1120.0;3631.3;0.1;2872.0;0;3
13;34;8.5;517.5;1306.0;3672.7;0.1;2872.0;0;3
13;35;10.7;401.8;949.0;3556.7;0.1;2872.0;0;3
13;36;6.8;602.0;1383.0;3482.3;0.2;2719.0;1;4
13;37;8.1;526.7;1267.0;3593.0;0.1;2719.0;0;4
13;38;9.5;452.4;1179.0;3591.3;0.1;2719.0;0;4
13;39;8.7;489.7;1155.0;3554.0;0.1;2719.0;0;4
13;40;12.0;363.6;925.0;3590.7;0.1;2719.0;0;4
13;41;10.4;391.9;1068.0;3394.5;0.1;2719.0;0;4
13;42;10.1;401.5;977.0;3381.7;0.1;2719.0;0;4
13;43;8.2;474.3;1213.0;3258.0;0.1;2614.0;1;5
13;44;8.8;452.5;1112.0;3317.5;0.1;2614.0;0;5
13;45;9.9;413.2;951.0;3404.2;0.1;2614.0;0;5
13;46;10.4;391.2;957.0;3379.8;0.1;2614.0;0;5
13;47;5.7;650.4;1414.0;3218.2;0.2;2489.0;1;6
13;48;10.1;370.9;885.0;3112.5;0.1;2489.0;0;6
13;49;8.3;460.3;1117.0;3201.5;0.1;2489.0;0;6
13;50;7.0;506.3;1311.0;3011.3;0.2;2382.0;1;7
13;51;7.3;486.4;1167.0;3001.7;0.2;2382.0;0;7
13;52;8.3;460.1;1239.0;3221.5;0.1;2382.0;0;7
13;53;8.1;461.1;1219.0;3150.3;0.1;2382.0;0;7
13;54;8.6;410.3;976.0;2973.0;0.1;2382.0;0;7
13;55;7.5;461.3;1217.0;2934.5;0.2;2382.0;0;7
13;56;8.3;434.9;1240.0;3042.8;0.1;2382.0;0;7
13;57;8.6;401.1;1046.0;2881.2;0.1;2382.0;0;7
13;58;8.6;401.8;1107.0;2904.2;0.1;2374.0;1;8
13;59;7.9;437.6;1210.0;2922.7;0.1;2301.0;1;9
13;60;7.8;425.7;1103.0;2809.8;0.2;2298.0;1;10
13;61;9.0;365.6;886.0;2751.8;0.1;2298.0;0;10
13;62;9.4;361.3;910.0;2843.5;0.1;2298.0;0;10
13;63;7.1;468.5;1073.0;2837.0;0.2;2298.0;0;10
13;64;6.0;527.1;1378.0;2733.3;0.2;2132.0;1;11
13;65;11.9;309.5;690.0;3030.8;0.1;2132.0;0;11
13;66;9.1;390.5;1095.0;2980.8;0.1;2132.0;0;11
13;67;9.6;354.7;889.0;2843.7;0.1;2132.0;0;11
13;68;6.3;527.2;1265.0;2849.8;0.2;2132.0;0;11
13;69;7.8;404.4;1014.0;2647.5;0.2;2132.0;0;11
13;70;7.5;412.2;1069.0;2615.3;0.2;2132.0;0;11
13;71;7.8;418.3;957.0;2759.8;0.2;2132.0;0;11
13;72;7.5;445.0;1051.0;2809.7;0.2;2132.0;0;11
13;73;6.3;512.2;1257.0;2767.8;0.2;2132.0;0;11
13;74;8.2;395.6;1108.0;2743.2;0.1;2132.0;0;11
13;75;7.9;371.8;911.0;2462.5;0.2;2049.0;1;12
13;76;6.4;479.2;1182.0;2614.5;0.2;2049.0;0;12
13;77;9.1;346.1;878.0;2620.3;0.1;2049.0;0;12
13;78;7.5;418.5;1035.0;2671.5;0.2;2049.0;0;12
13;79;10.1;317.9;793.0;2679.8;0.1;2049.0;0;12
13;80;9.9;290.6;913.0;2401.3;0.1;2049.0;0;12
13;81;10.6;301.1;958.0;2643.3;0.1;2049.0;0;12
13;82;10.5;283.6;839.0;2474.5;0.1;2049.0;0;12
13;83;10.9;285.9;920.0;2570.8;0.1;2049.0;0;12
13;84;8.8;349.4;1014.0;2584.5;0.1;2049.0;0;12
13;85;9.8;319.5;966.0;2609.7;0.1;2049.0;0;12
13;86;12.2;260.0;788.0;2603.8;0.1;2049.0;0;12
13;87;12.8;240.3;791.0;2528.2;0.1;2049.0;0;12
13;88;10.9;279.6;877.0;2528.8;0.1;2049.0;0;12
13;89;10.3;285.3;833.0;2443.7;0.1;2049.0;0;12
13;90;9.0;326.1;1017.0;2445.8;0.1;2027.0;1;13
13;91;9.8;295.4;925.0;2406.7;0.1;2027.0;0;13
13;92;10.2;296.1;805.0;2506.7;0.1;2027.0;0;13
13;93;8.0;363.3;1091.0;2452.2;0.1;2027.0;0;13
13;94;9.9;318.3;938.0;2610.3;0.1;2027.0;0;13
13;95;9.7;314.6;929.0;2552.7;0.1;2027.0;0;13
13;96;7.6;388.3;1192.0;2483.7;0.2;2027.0;0;13
13;97;9.9;298.5;899.0;2457.3;0.1;2027.0;0;13
13;98;10.9;275.5;821.0;2476.2;0.1;2027.0;0;13
13;99;7.7;357.2;997.0;2319.7;0.2;2027.0;0;13
14;0;9.2;534.5;1205.0;4108.7;0.1;3363.0;1;1
14;1;12.5;405.5;956.0;4174.8;0.1;3363.0;0;1
14;2;8.4;570.5;1318.0;4006.2;0.1;3145.0;1;2
14;3;11.2;445.3;1105.0;4134.3;0.1;3145.0;0;2
14;4;11.3;420.4;1159.0;3910.0;0.1;3145.0;0;2
14;5;8.2;577.2;1537.0;3973.8;0.1;2878.0;1;3
14;6;11.5;431.6;1195.0;4111.7;0.1;2878.0;0;3
14;7;12.2;405.9;1014.0;4069.3;0.1;2878.0;0;3
14;8;9.5;495.7;1233.0;3935.8;0.1;2878.0;0;3
14;9;12.2;405.4;911.0;4082.5;0.1;2878.0;0;3
14;10;8.9;547.9;1309.0;4099.5;0.1;2878.0;0;3
14;11;8.6;543.6;1351.0;3936.5;0.1;2878.0;0;3
14;12;9.9;485.7;1069.0;3993.8;0.1;2878.0;0;3
14;13;12.5;399.7;949.0;4090.8;0.1;2878.0;0;3
14;14;13.0;381.7;949.0;4069.8;0.1;2878.0;0;3
14;15;8.7;525.1;1378.0;3839.2;0.1;2878.0;0;3
14;16;14.0;349.4;918.0;4008.5;0.1;2878.0;0;3
14;17;9.4;482.9;1149.0;3798.5;0.1;2878.0;0;3
14;18;10.1;461.5;1100.0;3859.7;0.1;2878.0;0;3
14;19;9.9;453.2;1040.0;3731.5;0.1;2878.0;0;3
14;20;7.9;572.8;1465.0;3826.8;0.1;2878.0;0;3
14;21;9.4;500.4;1231.0;3914.2;0.1;2878.0;0;3
14;22;8.3;534.8;1401.0;3731.8;0.1;2878.0;0;3
14;23;8.5;528.1;1347.0;3758.5;0.1;2878.0;0;3
14;24;8.8;507.0;1130.0;3738.8;0.1;2878.0;0;3
14;25;8.3;529.4;1231.0;3708.8;0.1;2878.0;0;3
14;26;8.9;499.4;1268.0;3736.5;0.1;2878.0;0;3
14;27;7.0;623.4;1358.0;3686.8;0.2;2878.0;0;3
14;28;9.3;458.0;1102.0;3570.5;0.1;2878.0;0;3
14;29;10.4;404.2;1061.0;3484.5;0.1;2871.0;1;4
14;30;8.4;500.4;1154.0;3511.5;0.1;2871.0;0;4
14;31;8.1;528.6;1291.0;3616.3;0.1;2871.0;0;4
14;32;10.5;431.2;1006.0;3740.0;0.1;2871.0;0;4
14;33;9.9;434.9;1100.0;3564.7;0.1;2871.0;0;4
14;34;8.5;496.6;1172.0;3526.3;0.1;2871.0;0;4
14;35;8.9;460.1;1093.0;3432.8;0.1;2845.0;1;5
14;36;9.6;427.5;1088.0;3404.3;0.1;2772.0;1;6
14;37;9.4;448.9;1032.0;3527.3;0.1;2772.0;0;6
14;38;10.0;420.8;1029.0;3489.0;0.1;2772.0;0;6
14;39;8.1;502.3;1230.0;3429.8;0.1;2735.0;1;7
14;40;5.9;638.7;1508.0;3247.5;0.2;2421.0;1;8
14;41;9.9;425.4;1005.0;3494.5;0.1;2421.0;0;8
14;42;11.5;369.7;956.0;3496.7;0.1;2421.0;0;8
14;43;7.4;534.0;1210.0;3330.0;0.2;2421.0;0;8
14;44;8.5;467.6;1186.0;3336.2;0.1;2421.0;0;8
14;45;10.5;396.1;906.0;3441.8;0.1;2421.0;0;8
14;46;8.4;482.8;1176.0;3403.8;0.1;2421.0;0;8
14;47;8.7;447.2;1111.0;3254.2;0.1;2421.0;0;8
14;48;9.1;416.9;1052.0;3174.3;0.1;2421.0;0;8
14;49;7.9;447.7;1138.0;2992.8;0.1;2421.0;0;8
14;50;6.6;534.3;1327.0;3031.5;0.2;2421.0;0;8
14;51;8.2;445.4;1138.0;3064.8;0.1;2421.0;0;8
14;52;7.0;530.8;1458.0;3178.7;0.2;2374.0;1;9
14;53;7.7;439.4;1133.0;2868.7;0.2;2368.0;1;10
14;54;6.1;558.9;1306.0;2944.3;0.2;2368.0;0;10
14;55;6.9;523.8;1335.0;3086.2;0.2;2368.0;0;10
14;56;8.1;444.9;1025.0;3049.0;0.1;2368.0;0;10
14;57;7.4;482.3;1241.0;3017.8;0.2;2368.0;0;10
14;58;9.1;375.5;967.0;2850.3;0.1;2368.0;0;10
14;59;7.4;469.3;1295.0;2953.0;0.2;2264.0;1;11
14;60;7.7;439.3;1274.0;2859.5;0.2;2193.0;1;12
14;61;13.9;277.6;754.0;3153.2;0.1;2193.0;0;12
14;62;7.8;450.5;1144.0;2966.8;0.2;2193.0;0;12
14;63;6.9;468.7;1169.0;2753.5;0.2;2193.0;0;12
14;64;7.2;462.4;1246.0;2837.7;0.2;2193.0;0;12
14;65;9.4;350.9;876.0;2746.0;0.1;2193.0;0;12
14;66;9.6;360.2;877.0;2887.0;0.1;2193.0;0;12
14;67;10.8;317.2;793.0;2825.2;0.1;2193.0;0;12
14;68;12.6;269.2;726.0;2776.7;0.1;2193.0;0;12
14;69;8.3;388.1;1023.0;2714.3;0.1;2193.0;0;12
14;70;8.0;395.9;1025.0;2678.7;0.1;2164.0;1;13
14;71;8.8;354.9;835.0;2609.8;0.1;2164.0;0;13
14;72;8.8;375.9;1001.0;2757.0;0.1;2164.0;0;13
14;73;8.3;391.8;1039.0;2741.3;0.1;2164.0;0;13
14;74;5.4;566.4;1431.0;2663.5;0.2;1968.0;1;14
14;75;8.3;385.2;865.0;2697.2;0.1;1968.0;0;14
14;76;9.1;359.2;872.0;2721.7;0.1;1968.0;0;14
14;77;10.5;301.0;822.0;2626.5;0.1;1968.0;0;14
14;78;7.0;435.0;1093.0;2603.3;0.2;1968.0;0;14
14;79;7.0;440.5;1033.0;2616.7;0.2;1968.0;0;14
14;80;8.1;386.9;1170.0;2624.2;0.1;1968.0;0;14
14;81;6.1;465.9;1370.0;2450.0;0.2;1968.0;0;14
14;82;8.6;350.8;1093.0;2517.5;0.1;1968.0;0;14
14;83;7.8;383.7;1150.0;2515.8;0.2;1968.0;0;14
14;84;8.6;341.6;1011.0;2460.0;0.1;1968.0;0;14
14;85;9.1;347.2;1036.0;2636.0;0.1;1968.0;0;14
14;86;10.2;314.0;971.0;2668.2;0.1;1968.0;0;14
14;87;7.2;393.2;1111.0;2397.0;0.2;1968.0;0;14
14;88;8.6;340.6;1007.0;2446.7;0.1;1968.0;0;14
14;89;12.3;254.0;810.0;2562.0;0.1;1968.0;0;14
14;90;13.8;247.7;751.0;2791.8;0.1;1968.0;0;14
14;91;8.2;364.5;1091.0;2513.0;0.1;1968.0;0;14
14;92;8.9;329.3;981.0;2445.2;0.1;1968.0;0;14
14;93;10.2;304.4;977.0;2569.7;0.1;1968.0;0;14
14;94;8.2;347.3;1084.0;2393.2;0.1;1968.0;0;14
14;95;8.8;353.3;1099.0;2605.2;0.1;1968.0;0;14
14;96;9.8;316.5;947.0;2575.3;0.1;1968.0;0;14
14;97;9.6;329.4;1024.0;2629.2;0.1;1968.0;0;14
14;98;9.0;324.3;993.0;2429.2;0.1;1968.0;0;14
14;99;10.1;295.8;973.0;2471.2;0.1;1968.0;0;14
15;0;12.5;398.0;959.0;4078.7;0.1;3477.0;1;1
15;1;14.5;351.8;807.0;4158.8;0.1;3477.0;0;1
15;2;10.8;449.5;1119.0;4004.0;0.1;3308.0;1;2
15;3;7.6;630.6;1573.0;4054.8;0.2;2969.0;1;3
15;4;18.7;284.7;677.0;4301.3;0.1;2969.0;0;3
15;5;8.8;556.2;1293.0;4111.0;0.1;2969.0;0;3
15;6;13.1;378.0;925.0;4060.2;0.1;2969.0;0;3
15;7;10.2;482.1;1314.0;4082.3;0.1;2969.0;0;3
15;8;12.0;413.2;1032.0;4086.5;0.1;2969.0;0;3
15;9;12.5;395.5;1033.0;4077.2;0.1;2969.0;0;3
15;10;14.2;356.6;969.0;4135.2;0.1;2969.0;0;3
15;11;11.1;443.7;1006.0;4061.0;0.1;2969.0;0;3
15;12;12.5;393.2;991.0;4052.3;0.1;2969.0;0;3
15;13;12.8;386.9;958.0;4076.5;0.1;2969.0;0;3
15;14;9.3;511.8;1220.0;3964.3;0.1;2969.0;0;3
15;15;9.7;486.1;1177.0;3933.8;0.1;2969.0;0;3
15;16;11.1;447.4;1233.0;4088.2;0.1;2969.0;0;3
15;17;8.6;547.4;1187.0;3926.5;0.1;2969.0;0;3
15;18;17.1;291.0;594.0;4043.0;0.1;2969.0;0;3
15;19;10.1;457.0;1021.0;3844.2;0.1;2969.0;0;3
15;20;10.7;424.0;963.0;3751.3;0.1;2969.0;0;3
15;21;7.3;602.4;1418.0;3706.7;0.2;2908.0;1;4
15;22;9.7;480.2;1326.0;3862.0;0.1;2908.0;0;4
15;23;9.0;499.9;1228.0;3745.2;0.1;2908.0;0;4
15;24;8.1;545.6;1265.0;3728.5;0.1;2908.0;0;4
15;25;9.1;492.6;1165.0;3746.2;0.1;2908.0;0;4
15;26;7.2;606.3;1545.0;3720.7;0.2;2849.0;1;5
15;27;7.4;584.5;1392.0;3660.3;0.2;2844.0;1;6
15;28;8.4;516.5;1211.0;3641.2;0.1;2844.0;0;6
15;29;9.1;477.0;1149.0;3635.7;0.1;2844.0;0;6
15;30;12.3;352.5;758.0;3553.3;0.1;2844.0;0;6
15;31;8.5;486.1;1125.0;3458.5;0.1;2840.0;1;7
15;32;9.4;470.3;1279.0;3682.8;0.1;2840.0;0;7
15;33;9.9;435.9;1112.0;3591.7;0.1;2840.0;0;7
15;34;8.6;477.0;1237.0;3452.5;0.1;2739.0;1;8
15;35;8.2;490.0;1082.0;3377.5;0.1;2739.0;0;8
15;36;6.9;574.8;1400.0;3378.0;0.2;2531.0;1;9
15;37;7.2;537.3;1252.0;3275.0;0.2;2531.0;0;9
15;38;8.3;481.9;1053.0;3374.2;0.1;2531.0;0;9
15;39;9.4;422.3;1009.0;3322.0;0.1;2531.0;0;9
15;40;8.9;424.5;944.0;3159.7;0.1;2531.0;0;9
15;41;7.2;519.0;1324.0;3188.0;0.2;2473.0;1;10
15;42;9.1;435.9;992.0;3302.3;0.1;2473.0;0;10
15;43;9.1;412.8;961.0;3131.7;0.1;2473.0;0;10
15;44;6.7;536.4;1206.0;3068.2;0.2;2414.0;1;11
15;45;9.0;401.2;1038.0;3024.8;0.1;2414.0;0;11
15;46;7.3;495.7;1171.0;3055.5;0.2;2414.0;0;11
15;47;13.3;284.1;664.0;3102.3;0.1;2414.0;0;11
15;48;6.2;534.9;1355.0;2834.8;0.2;2231.0;1;12
15;49;7.3;452.0;1081.0;2792.0;0.2;2231.0;0;12
15;50;8.4;402.5;1000.0;2848.8;0.1;2231.0;0;12
15;51;8.3;391.2;975.0;2740.0;0.1;2231.0;0;12
15;52;6.5;490.9;1249.0;2734.2;0.2;2172.0;1;13
15;53;11.2;297.1;727.0;2745.3;0.1;2172.0;0;13
15;54;12.8;268.7;648.0;2813.0;0.1;2172.0;0;13
15;55;9.9;345.7;824.0;2833.3;0.1;2172.0;0;13
15;56;9.4;346.3;888.0;2724.5;0.1;2172.0;0;13
15;57;10.0;328.9;965.0;2746.2;0.1;2172.0;0;13
15;58;7.9;433.7;1017.0;2905.5;0.1;2172.0;0;13
15;59;8.3;393.5;1029.0;2742.5;0.1;2172.0;0;13
15;60;10.3;332.6;787.0;2829.8;0.1;2172.0;0;13
15;61;10.0;347.3;827.0;2886.2;0.1;2172.0;0;13
15;62;6.8;480.7;1202.0;2772.0;0.2;2172.0;0;13
15;63;11.0;318.0;809.0;2897.7;0.1;2172.0;0;13
15;64;6.7;468.9;1178.0;2674.2;0.2;2172.0;0;13
15;65;6.2;505.0;1218.0;2694.7;0.2;2172.0;0;13
15;66;7.1;434.8;1120.0;2616.7;0.2;2063.0;1;14
15;67;9.0;335.5;837.0;2531.2;0.1;2063.0;0;14
15;68;8.1;384.8;961.0;2633.8;0.1;2063.0;0;14
15;69;9.8;316.6;818.0;2570.2;0.1;2063.0;0;14
15;70;8.4;383.0;1147.0;2701.0;0.1;2012.0;1;15
15;71;9.3;337.9;837.0;2626.7;0.1;2012.0;0;15
15;72;7.3;431.4;1085.0;2656.2;0.2;2012.0;0;15
15;73;8.9;340.1;964.0;2532.7;0.1;1984.0;1;16
15;74;9.3;333.4;929.0;2594.5;0.1;1984.0;0;16
15;75;6.3;462.2;1121.0;2500.2;0.2;1984.0;0;16
15;76;9.2;340.5;851.0;2625.2;0.1;1984.0;0;16
15;77;7.1;422.8;1208.0;2565.5;0.2;1888.0;1;17
15;78;8.5;357.6;982.0;2544.0;0.1;1888.0;0;17
15;79;9.5;326.9;930.0;2577.5;0.1;1888.0;0;17
15;80;10.2;278.6;890.0;2366.2;0.1;1888.0;0;17
15;81;11.9;277.9;877.0;2728.7;0.1;1888.0;0;17
15;82;8.5;373.9;1145.0;2670.3;0.1;1888.0;0;17
15;83;8.9;333.6;1067.0;2495.7;0.1;1888.0;0;17
15;84;8.3;355.6;1000.0;2486.3;0.1;1888.0;0;17
15;85;8.3;336.7;1006.0;2349.3;0.1;1888.0;0;17
15;86;9.1;338.4;974.0;2578.0;0.1;1888.0;0;17
15;87;11.5;261.0;864.0;2475.5;0.1;1888.0;0;17
15;88;6.5;450.3;1377.0;2489.8;0.2;1888.0;0;17
15;89;12.2;252.3;788.0;2522.3;0.1;1888.0;0;17
15;90;12.0;246.2;768.0;2431.7;0.1;1888.0;0;17
15;91;11.5;258.4;763.0;2450.3;0.1;1888.0;0;17
15;92;13.7;233.4;706.0;2622.5;0.1;1888.0;0;17
15;93;12.3;254.5;782.0;2574.3;0.1;1888.0;0;17
15;94;9.9;299.3;935.0;2454.3;0.1;1888.0;0;17
15;95;8.9;318.7;981.0;2365.5;0.1;1888.0;0;17
15;96;14.5;206.1;595.0;2437.2;0.1;1888.0;0;17
15;97;13.7;216.5;650.0;2430.3;0.1;1888.0;0;17
15;98;9.1;292.2;849.0;2230.8;0.1;1888.0;0;17
15;99;9.4;306.6;957.0;2394.2;0.1;1888.0;0;17
16;0;10.6;464.8;1066.0;4099.7;0.1;3427.0;1;1
16;1;9.4;528.4;1223.0;4143.7;0.1;3335.0;1;2
16;2;10.9;450.2;1203.0;4042.2;0.1;3213.0;1;3
16;3;13.8;367.3;908.0;4134.3;0.1;3213.0;0;3
16;4;13.1;385.2;969.0;4134.0;0.1;3213.0;0;3
16;5;10.5;476.5;1297.0;4157.3;0.1;3204.0;1;4
16;6;12.4;406.7;1074.0;4160.0;0.1;3204.0;0;4
16;7;13.1;379.8;994.0;4085.2;0.1;3204.0;0;4
16;8;10.1;484.7;1118.0;4077.0;0.1;3204.0;0;4
16;9;12.0;410.4;1052.0;4069.8;0.1;3204.0;0;4
16;10;16.4;312.6;848.0;4172.7;0.1;3204.0;0;4
16;11;14.0;361.7;895.0;4143.2;0.1;3204.0;0;4
16;12;9.3;512.5;1268.0;3991.5;0.1;3149.0;1;5
16;13;11.8;428.0;1095.0;4152.0;0.1;3149.0;0;5
16;14;9.6;504.0;1218.0;4018.2;0.1;3149.0;0;5
16;15;11.4;423.6;976.0;3982.7;0.1;3149.0;0;5
16;16;10.1;476.8;1247.0;4010.3;0.1;3104.0;1;6
16;17;8.7;535.8;1218.0;3919.8;0.1;3104.0;0;6
16;18;9.2;519.1;1335.0;4008.7;0.1;3104.0;0;6
16;19;8.7;518.9;1261.0;3779.8;0.1;3020.0;1;7
16;20;11.2;427.1;1028.0;3939.8;0.1;3020.0;0;7
16;21;8.9;522.9;1425.0;3882.2;0.1;3020.0;0;7
16;22;9.0;486.7;1058.0;3650.0;0.1;3020.0;0;7
16;23;8.7;518.1;1196.0;3763.2;0.1;3020.0;0;7
16;24;10.0;457.9;1109.0;3794.0;0.1;3020.0;0;7
16;25;10.2;425.4;906.0;3609.5;0.1;3020.0;0;7
16;26;9.4;486.4;1277.0;3795.7;0.1;3020.0;0;7
16;27;9.7;469.1;1141.0;3800.8;0.1;3020.0;0;7
16;28;11.3;391.8;1073.0;3659.5;0.1;2982.0;1;8
16;29;7.4;575.1;1233.0;3619.2;0.2;2982.0;0;8
16;30;6.4;648.1;1554.0;3567.8;0.2;2671.0;1;9
16;31;9.3;461.0;1127.0;3583.8;0.1;2671.0;0;9
16;32;9.8;443.1;1007.0;3607.2;0.1;2671.0;0;9
16;33;7.8;548.7;1287.0;3624.7;0.2;2671.0;0;9
16;34;8.4;477.4;1070.0;3350.8;0.1;2671.0;0;9
16;35;7.8;523.0;1111.0;3426.3;0.2;2671.0;0;9
16;36;8.3;485.6;1189.0;3398.0;0.1;2671.0;0;9
16;37;8.2;493.0;1166.0;3404.7;0.1;2671.0;0;9
16;38;8.2;484.7;1187.0;3340.3;0.1;2671.0;0;9
16;39;13.5;318.6;756.0;3516.2;0.1;2671.0;0;9
16;40;8.5;464.7;1069.0;3323.5;0.1;2671.0;0;9
16;41;9.0;446.1;1028.0;3354.0;0.1;2671.0;0;9
16;42;7.6;508.8;1072.0;3283.0;0.2;2671.0;0;9
16;43;8.6;465.2;1108.0;3346.2;0.1;2671.0;0;9
16;44;8.0;462.1;1131.0;3127.2;0.1;2538.0;1;10
16;45;10.4;386.1;948.0;3332.2;0.1;2538.0;0;10
16;46;8.1;459.3;1067.0;3136.0;0.1;2538.0;0;10
16;47;9.1;438.4;1006.0;3317.7;0.1;2538.0;0;10
16;48;6.6;543.2;1497.0;3045.8;0.2;2228.0;1;11
16;49;7.5;515.1;1404.0;3284.2;0.2;2228.0;0;11
16;50;8.1;430.4;1211.0;2942.8;0.1;2228.0;0;11
16;51;6.4;543.2;1265.0;2971.7;0.2;2228.0;0;11
16;52;6.9;499.9;1168.0;2952.8;0.2;2228.0;0;11
16;53;6.9;528.4;1395.0;3086.3;0.2;2228.0;0;11
16;54;10.1;358.8;993.0;3011.5;0.1;2228.0;0;11
16;55;7.4;454.0;1186.0;2858.5;0.2;2228.0;0;11
16;56;7.8;424.5;1005.0;2802.7;0.2;2228.0;0;11
16;57;7.3;465.1;1239.0;2885.0;0.2;2228.0;0;11
16;58;7.0;463.6;1114.0;2760.0;0.2;2228.0;0;11
16;59;10.7;320.4;844.0;2837.5;0.1;2228.0;0;11
16;60;7.6;435.0;1105.0;2806.8;0.2;2228.0;0;11
16;61;8.7;377.3;990.0;2745.7;0.1;2228.0;0;11
16;62;8.9;385.6;934.0;2861.2;0.1;2228.0;0;11
16;63;6.5;486.1;1220.0;2688.7;0.2;2181.0;1;12
16;64;7.4;434.6;1141.0;2710.5;0.2;2167.0;1;13
16;65;6.3;509.1;1202.0;2745.0;0.2;2167.0;0;13
16;66;9.0;357.0;890.0;2686.5;0.1;2167.0;0;13
16;67;8.3;349.9;839.0;2433.0;0.1;2106.0;1;14
16;68;8.4;380.0;1035.0;2670.7;0.1;2106.0;0;14
16;69;7.7;419.7;1184.0;2718.0;0.2;2028.0;1;15
16;70;7.8;394.5;1026.0;2607.0;0.2;2028.0;0;15
16;71;7.9;398.6;949.0;2660.2;0.1;2028.0;0;15
16;72;6.2;489.6;1187.0;2606.7;0.2;2028.0;0;15
16;73;7.0;423.3;1112.0;2506.5;0.2;2028.0;0;15
16;74;7.8;400.3;1077.0;2621.7;0.2;2028.0;0;15
16;75;7.6;421.3;1038.0;2714.5;0.2;2028.0;0;15
16;76;8.3;363.1;928.0;2543.7;0.1;2028.0;0;15
16;77;8.8;340.7;908.0;2505.0;0.1;2028.0;0;15
16;78;9.0;333.7;860.0;2511.5;0.1;2028.0;0;15
16;79;7.2;396.3;917.0;2422.3;0.2;2016.0;1;16
16;80;10.3;274.0;884.0;2348.2;0.1;2016.0;0;16
16;81;10.2;285.6;862.0;2428.8;0.1;2016.0;0;16
16;82;10.1;280.5;925.0;2357.0;0.1;1971.0;1;17
16;83;11.4;248.6;751.0;2337.2;0.1;1971.0;0;17
16;84;10.4;271.3;742.0;2339.3;0.1;1971.0;0;17
16;85;12.3;230.6;719.0;2334.7;0.1;1971.0;0;17
16;86;9.9;303.1;936.0;2496.8;0.1;1971.0;0;17
16;87;9.4;306.4;925.0;2403.5;0.1;1971.0;0;17
16;88;13.0;212.9;599.0;2277.2;0.1;1971.0;0;17
16;89;9.4;298.2;903.0;2332.5;0.1;1971.0;0;17
16;90;8.4;327.6;1051.0;2300.0;0.1;1933.0;1;18
16;91;11.4;266.0;804.0;2494.8;0.1;1933.0;0;18
16;92;8.2;347.9;1043.0;2389.8;0.1;1933.0;0;18
16;93;9.5;302.1;920.0;2398.8;0.1;1933.0;0;18
16;94;9.4;314.7;977.0;2474.7;0.1;1933.0;0;18
16;95;9.0;302.5;945.0;2266.5;0.1;1933.0;0;18
16;96;7.5;382.5;1131.0;2417.5;0.2;1933.0;0;18
16;97;9.7;306.8;950.0;2481.3;0.1;1933.0;0;18
16;98;11.1;266.7;750.0;2448.5;0.1;1933.0;0;18
16;99;7.1;392.7;1287.0;2376.8;0.2;1722.0;1;19
17;0;10.4;484.6;1130.0;4180.5;0.1;3453.0;1;1
17;1;9.4;512.8;1203.0;4025.7;0.1;3211.0;1;2
17;2;9.6;526.1;1271.0;4220.7;0.1;3211.0;0;2
17;3;11.7;428.9;1012.0;4130.2;0.1;3211.0;0;2
17;4;12.0;415.0;948.0;4113.0;0.1;3211.0;0;2
17;5;11.7;416.4;946.0;4010.0;0.1;3211.0;0;2
17;6;14.4;354.4;881.0;4164.0;0.1;3211.0;0;2
17;7;12.2;404.7;970.0;4067.0;0.1;3211.0;0;2
17;8;11.5;426.1;1029.0;4045.7;0.1;3211.0;0;2
17;9;15.0;341.4;892.0;4183.3;0.1;3211.0;0;2
17;10;12.2;414.7;1147.0;4148.7;0.1;3211.0;0;2
17;11;10.8;472.8;1215.0;4234.0;0.1;3211.0;0;2
17;12;13.6;374.4;1049.0;4179.5;0.1;3211.0;0;2
17;13;12.6;401.6;994.0;4168.3;0.1;3211.0;0;2
17;14;12.3;395.3;1061.0;3987.7;0.1;3211.0;0;2
17;15;9.9;495.2;1323.0;4059.8;0.1;3166.0;1;3
17;16;8.4;557.4;1356.0;3930.2;0.1;3017.0;1;4
17;17;11.0;436.4;1093.0;3985.2;0.1;3017.0;0;4
17;18;11.0;427.6;1192.0;3880.3;0.1;3017.0;0;4
17;19;6.8;646.5;1393.0;3745.2;0.2;3007.0;1;5
17;20;10.8;441.3;943.0;3946.7;0.1;3007.0;0;5
17;21;10.1;456.8;1145.0;3838.0;0.1;3007.0;0;5
17;22;8.6;527.8;1257.0;3799.0;0.1;3007.0;0;5
17;23;9.4;478.9;1144.0;3760.3;0.1;3007.0;0;5
17;24;10.7;431.3;1132.0;3815.2;0.1;3007.0;0;5
17;25;9.2;494.2;1254.0;3782.8;0.1;3007.0;0;5
17;26;9.8;483.4;1215.0;3925.3;0.1;3007.0;0;5
17;27;7.0;621.5;1315.0;3680.5;0.2;2993.0;1;6
17;28;9.2;512.3;1288.0;3928.7;0.1;2993.0;0;6
17;29;11.2;401.1;950.0;3717.2;0.1;2993.0;0;6
17;30;9.7;461.1;959.0;3711.0;0.1;2993.0;0;6
17;31;9.7;460.2;1093.0;3720.5;0.1;2993.0;0;6
17;32;8.4;522.7;1116.0;3674.3;0.1;2993.0;0;6
17;33;10.1;446.1;1155.0;3744.7;0.1;2993.0;0;6
17;34;8.8;479.5;1227.0;3545.2;0.1;2951.0;1;7
17;35;7.5;580.9;1381.0;3678.5;0.2;2906.0;1;8
17;36;8.2;526.6;1176.0;3641.8;0.1;2906.0;0;8
17;37;7.8;555.3;1417.0;3641.8;0.2;2770.0;1;9
17;38;8.7;469.9;1144.0;3430.3;0.1;2753.0;1;10
17;39;9.4;444.7;1056.0;3489.8;0.1;2753.0;0;10
17;40;6.9;580.2;1349.0;3414.3;0.2;2703.0;1;11
17;41;9.1;470.3;1009.0;3592.3;0.1;2703.0;0;11
17;42;9.4;441.3;1266.0;3454.0;0.1;2687.0;1;12
17;43;6.3;621.3;1531.0;3345.8;0.2;2440.0;1;13
17;44;10.7;379.3;882.0;3352.7;0.1;2440.0;0;13
17;45;10.1;410.3;885.0;3431.5;0.1;2440.0;0;13
17;46;6.3;585.6;1454.0;3149.5;0.2;2307.0;1;14
17;47;10.1;378.5;838.0;3189.0;0.1;2307.0;0;14
17;48;7.1;520.1;1395.0;3117.7;0.2;2307.0;0;14
17;49;6.1;575.8;1570.0;3028.3;0.2;2215.0;1;15
17;50;11.3;329.1;779.0;3067.0;0.1;2215.0;0;15
17;51;8.9;393.1;1091.0;2919.0;0.1;2215.0;0;15
17;52;8.3;400.5;1110.0;2793.2;0.1;2166.0;1;16
17;53;8.1;427.9;1090.0;2908.3;0.1;2166.0;0;16
17;54;8.2;423.9;982.0;2922.5;0.1;2166.0;0;16
17;55;7.8;448.3;1188.0;2955.3;0.2;2166.0;0;16
17;56;10.1;333.5;965.0;2788.5;0.1;2166.0;0;16
17;57;6.0;524.7;1276.0;2715.8;0.2;2145.0;1;17
17;58;8.5;373.2;896.0;2650.8;0.1;2145.0;0;17
17;59;8.6;380.6;970.0;2758.3;0.1;2145.0;0;17
17;60;10.0;333.3;806.0;2773.0;0.1;2145.0;0;17
17;61;6.9;442.7;1080.0;2584.2;0.2;2129.0;1;18
17;62;7.2;422.8;1089.0;2568.0;0.2;2129.0;0;18
17;63;7.7;408.6;1042.0;2670.5;0.2;2129.0;0;18
17;64;11.1;292.7;675.0;2689.3;0.1;2129.0;0;18
17;65;8.3;392.3;1046.0;2721.5;0.1;2129.0;0;18
17;66;8.1;396.6;1044.0;2697.2;0.1;2129.0;0;18
17;67;10.5;309.7;840.0;2688.0;0.1;2129.0;0;18
17;68;11.0;304.2;864.0;2769.5;0.1;2129.0;0;18
17;69;8.1;393.0;955.0;2676.8;0.1;2129.0;0;18
17;70;6.7;417.5;1015.0;2386.5;0.2;1961.0;1;19
17;71;6.8;445.8;1084.0;2595.3;0.2;1961.0;0;19
17;72;8.4;376.6;956.0;2655.2;0.1;1961.0;0;19
17;73;6.5;459.5;1187.0;2542.8;0.2;1961.0;0;19
17;74;7.2;414.7;1103.0;2519.0;0.2;1937.0;1;20
17;75;6.4;463.8;1285.0;2545.0;0.2;1912.0;1;21
17;76;7.2;425.9;1133.0;2601.0;0.2;1912.0;0;21
17;77;7.9;384.5;1016.0;2555.2;0.2;1912.0;0;21
17;78;9.8;320.3;801.0;2613.8;0.1;1912.0;0;21
17;79;6.5;465.8;1141.0;2572.2;0.2;1912.0;0;21
17;80;7.5;366.9;1081.0;2325.3;0.2;1912.0;0;21
17;81;8.8;335.2;1002.0;2466.3;0.1;1912.0;0;21
17;82;10.2;299.4;940.0;2525.8;0.1;1912.0;0;21
17;83;6.2;429.7;1247.0;2296.3;0.2;1912.0;0;21
17;84;8.2;334.9;987.0;2318.5;0.1;1912.0;0;21
17;85;7.4;383.6;1146.0;2406.2;0.2;1912.0;0;21
17;86;7.3;375.6;1079.0;2334.0;0.2;1912.0;0;21
17;87;9.2;305.3;942.0;2341.5;0.1;1912.0;0;21
17;88;8.7;329.1;971.0;2411.5;0.1;1912.0;0;21
17;89;6.8;397.8;1263.0;2310.2;0.2;1792.0;1;22
17;90;9.4;299.6;900.0;2360.5;0.1;1792.0;0;22
17;91;9.4;301.3;915.0;2364.7;0.1;1792.0;0;22
17;92;9.4;299.9;973.0;2362.7;0.1;1792.0;0;22
17;93;9.9;297.9;912.0;2460.7;0.1;1792.0;0;22
17;94;8.2;332.9;1095.0;2284.3;0.1;1792.0;0;22
17;95;7.3;376.4;1072.0;2328.7;0.2;1792.0;0;22
17;96;10.7;258.0;703.0;2296.3;0.1;1792.0;0;22
17;97;9.2;314.5;1057.0;2412.3;0.1;1792.0;0;22
17;98;8.8;296.7;848.0;2182.5;0.1;1792.0;0;22
17;99;8.6;308.9;1033.0;2237.2;0.1;1792.0;0;22
18;0;14.7;347.3;865.0;4175.0;0.1;3606.0;1;1
18;1;10.4;476.1;1202.0;4114.0;0.1;3318.0;1;2
18;2;18.6;283.7;660.0;4259.5;0.1;3318.0;0;2
18;3;9.2;522.9;1328.0;4029.2;0.1;3149.0;1;3
18;4;11.2;450.0;1127.0;4177.2;0.1;3149.0;0;3
18;5;11.4;445.5;1079.0;4203.7;0.1;3149.0;0;3
18;6;12.2;412.2;1052.0;4137.7;0.1;3149.0;0;3
18;7;11.0;444.9;1190.0;4062.5;0.1;3149.0;0;3
18;8;13.2;394.3;966.0;4261.5;0.1;3149.0;0;3
18;9;13.0;384.7;892.0;4099.2;0.1;3149.0;0;3
18;10;9.6;501.7;1352.0;4029.7;0.1;3130.0;1;4
18;11;10.2;476.1;1272.0;4032.8;0.1;3130.0;0;4
18;12;11.4;418.5;982.0;3935.5;0.1;3130.0;0;4
18;13;7.9;606.6;1500.0;4048.5;0.1;3015.0;1;5
18;14;9.5;503.7;1124.0;3986.7;0.1;3015.0;0;5
18;15;9.3;511.0;1240.0;3955.3;0.1;3015.0;0;5
18;16;8.0;582.0;1536.0;3926.8;0.1;2830.0;1;6
18;17;9.5;506.4;1252.0;4026.0;0.1;2830.0;0;6
18;18;8.7;541.8;1147.0;3945.0;0.1;2830.0;0;6
18;19;7.4;599.0;1292.0;3776.0;0.2;2830.0;0;6
18;20;9.4;475.0;1129.0;3731.8;0.1;2830.0;0;6
18;21;9.7;462.3;1046.0;3730.3;0.1;2830.0;0;6
18;22;9.8;467.7;1265.0;3796.0;0.1;2830.0;0;6
18;23;9.1;489.9;1099.0;3725.3;0.1;2830.0;0;6
18;24;8.5;538.8;1249.0;3829.3;0.1;2830.0;0;6
18;25;8.2;525.0;1104.0;3614.7;0.1;2830.0;0;6
18;26;8.7;517.2;1230.0;3776.0;0.1;2830.0;0;6
18;27;8.2;548.2;1243.0;3788.5;0.1;2830.0;0;6
18;28;9.2;482.3;1102.0;3723.5;0.1;2830.0;0;6
18;29;9.3;468.4;996.0;3633.0;0.1;2830.0;0;6
18;30;8.4;506.6;1239.0;3588.5;0.1;2830.0;0;6
18;31;10.5;414.5;1083.0;3594.3;0.1;2830.0;0;6
18;32;9.0;484.3;1146.0;3631.2;0.1;2830.0;0;6
18;33;10.3;409.0;1033.0;3500.2;0.1;2830.0;0;6
18;34;9.5;447.9;1075.0;3541.8;0.1;2830.0;0;6
18;35;7.9;530.6;1238.0;3544.8;0.1;2830.0;0;6
18;36;9.3;438.6;982.0;3413.7;0.1;2830.0;0;6
18;37;8.1;508.5;1139.0;3483.0;0.1;2830.0;0;6
18;38;5.9;679.5;1550.0;3447.0;0.2;2678.0;1;7
18;39;6.3;643.0;1470.0;3477.0;0.2;2644.0;1;8
18;40;8.3;509.7;1209.0;3543.5;0.1;2644.0;0;8
18;41;8.3;516.7;1185.0;3605.2;0.1;2644.0;0;8
18;42;9.7;429.8;1070.0;3488.2;0.1;2644.0;0;8
18;43;6.8;581.3;1203.0;3381.3;0.2;2644.0;0;8
18;44;6.8;555.1;1349.0;3225.3;0.2;2450.0;1;9
18;45;11.8;357.2;890.0;3467.5;0.1;2450.0;0;9
18;46;9.0;440.5;1062.0;3320.0;0.1;2450.0;0;9
18;47;6.9;574.9;1484.0;3368.2;0.2;2408.0;1;10
18;48;7.7;495.9;1331.0;3209.7;0.2;2408.0;0;10
18;49;8.5;447.9;1111.0;3197.2;0.1;2408.0;0;10
18;50;6.7;546.3;1503.0;3106.7;0.2;2408.0;0;10
18;51;6.9;520.0;1377.0;3035.2;0.2;2304.0;1;11
18;52;7.8;448.8;1141.0;2956.2;0.2;2304.0;0;11
18;53;7.4;503.9;1320.0;3152.5;0.2;2304.0;0;11
18;54;9.2;402.4;1054.0;3097.5;0.1;2304.0;0;11
18;55;6.0;599.7;1529.0;3071.8;0.2;2304.0;0;11
18;56;7.0;479.7;1184.0;2860.8;0.2;2298.0;1;12
18;57;7.0;485.7;1156.0;2896.2;0.2;2298.0;0;12
18;58;8.9;413.5;1113.0;3068.7;0.1;2298.0;0;12
18;59;8.3;422.7;1097.0;2961.0;0.1;2298.0;0;12
18;60;7.1;467.6;1165.0;2830.2;0.2;2284.0;1;13
18;61;7.8;430.0;953.0;2831.7;0.2;2284.0;0;13
18;62;9.6;375.3;882.0;3012.3;0.1;2284.0;0;13
18;63;8.9;393.7;1082.0;2929.7;0.1;2284.0;0;13
18;64;6.7;500.1;1387.0;2854.5;0.2;2105.0;1;14
18;65;10.8;330.0;729.0;2954.7;0.1;2105.0;0;14
18;66;9.1;380.3;951.0;2906.0;0.1;2105.0;0;14
18;67;9.8;340.3;913.0;2764.0;0.1;2105.0;0;14
18;68;11.9;296.8;840.0;2912.8;0.1;2105.0;0;14
18;69;9.7;360.3;910.0;2916.2;0.1;2105.0;0;14
18;70;8.2;416.5;1094.0;2869.0;0.1;2105.0;0;14
18;71;7.3;446.6;1098.0;2751.7;0.2;2105.0;0;14
18;72;7.7;447.0;1101.0;2895.5;0.2;2105.0;0;14
18;73;7.0;469.6;1074.0;2790.7;0.2;2105.0;0;14
18;74;9.7;375.1;972.0;3043.2;0.1;2105.0;0;14
18;75;10.1;332.6;919.0;2801.5;0.1;2105.0;0;14
18;76;6.9;474.0;1180.0;2800.8;0.2;2105.0;0;14
18;77;7.9;417.9;995.0;2793.5;0.1;2105.0;0;14
18;78;7.2;444.2;1142.0;2707.7;0.2;2105.0;0;14
18;79;6.6;494.3;1192.0;2771.5;0.2;2105.0;0;14
18;80;9.8;317.8;943.0;2586.3;0.1;2105.0;0;14
18;81;8.8;368.8;1013.0;2730.2;0.1;2105.0;0;14
18;82;9.9;330.7;1014.0;2717.0;0.1;2105.0;0;14
18;83;6.9;424.7;1354.0;2491.5;0.2;2021.0;1;15
18;84;11.9;276.5;920.0;2708.2;0.1;2021.0;0;15
18;85;10.1;312.8;924.0;2614.2;0.1;2021.0;0;15
18;86;9.2;335.0;982.0;2569.0;0.1;2021.0;0;15
18;87;10.3;313.0;925.0;2663.7;0.1;2021.0;0;15
18;88;8.9;331.7;1045.0;2482.7;0.1;2021.0;0;15
18;89;7.1;383.1;1129.0;2310.5;0.2;2016.0;1;16
18;90;7.6;385.6;1319.0;2464.8;0.2;1848.0;1;17
18;91;11.7;265.7;840.0;2571.2;0.1;1848.0;0;17
18;92;10.2;281.9;810.0;2388.0;0.1;1848.0;0;17
18;93;8.7;331.4;1056.0;2426.0;0.1;1848.0;0;17
18;94;8.0;353.0;1027.0;2367.3;0.1;1848.0;0;17
18;95;9.5;291.3;838.0;2316.7;0.1;1848.0;0;17
18;96;13.5;217.7;624.0;2404.0;0.1;1848.0;0;17
18;97;11.5;260.0;763.0;2472.0;0.1;1848.0;0;17
18;98;7.6;351.3;1010.0;2269.0;0.2;1783.0;1;18
18;99;13.4;214.8;675.0;2353.5;0.1;1783.0;0;18
19;0;9.1;531.3;1148.0;4045.7;0.1;3284.0;1;1
19;1;9.2;517.3;1247.0;3986.7;0.1;3143.0;1;2
19;2;10.9;439.3;1163.0;3970.0;0.1;3143.0;0;2
19;3;9.9;501.2;1134.0;4117.5;0.1;3143.0;0;2
19;4;10.9;439.4;1020.0;3971.8;0.1;3143.0;0;2
19;5;15.2;329.6;825.0;4076.0;0.1;3143.0;0;2
19;6;11.9;418.5;977.0;4089.3;0.1;3143.0;0;2
19;7;11.3;440.8;1204.0;4112.0;0.1;3143.0;0;2
19;8;8.8;544.3;1257.0;3991.2;0.1;3143.0;0;2
19;9;9.0;529.5;1457.0;3969.0;0.1;2996.0;1;3
19;10;10.3;472.3;1219.0;4024.5;0.1;2996.0;0;3
19;11;9.8;500.7;1156.0;4091.2;0.1;2996.0;0;3
19;12;8.7;551.3;1321.0;4023.8;0.1;2996.0;0;3
19;13;11.3;426.8;1234.0;3992.7;0.1;2996.0;0;3
19;14;9.0;536.6;1340.0;4026.2;0.1;2996.0;0;3
19;15;10.8;449.6;1118.0;4009.7;0.1;2996.0;0;3
19;16;9.2;526.3;1286.0;4053.7;0.1;2996.0;0;3
19;17;8.8;520.5;1194.0;3831.8;0.1;2996.0;0;3
19;18;8.8;507.7;1177.0;3750.2;0.1;2996.0;0;3
19;19;8.4;532.1;1406.0;3774.2;0.1;2926.0;1;4
19;20;9.6;483.8;1183.0;3887.5;0.1;2926.0;0;4
19;21;9.1;511.2;1218.0;3886.8;0.1;2926.0;0;4
19;22;9.5;480.7;1250.0;3799.7;0.1;2926.0;0;4
19;23;7.7;583.2;1382.0;3810.0;0.2;2926.0;0;4
19;24;8.5;532.9;1118.0;3803.3;0.1;2926.0;0;4
19;25;8.9;495.1;1171.0;3691.5;0.1;2926.0;0;4
19;26;7.8;552.8;1319.0;3653.3;0.2;2926.0;0;4
19;27;8.2;534.3;1235.0;3682.0;0.1;2926.0;0;4
19;28;10.2;435.7;1075.0;3698.5;0.1;2926.0;0;4
19;29;8.7;509.6;1210.0;3713.5;0.1;2926.0;0;4
19;30;7.6;559.6;1231.0;3602.7;0.2;2926.0;0;4
19;31;8.2;529.3;1185.0;3644.7;0.1;2926.0;0;4
19;32;8.8;472.8;1096.0;3496.7;0.1;2926.0;0;4
19;33;7.0;575.9;1308.0;3430.7;0.2;2777.0;1;5
19;34;8.2;525.3;1217.0;3615.2;0.1;2777.0;0;5
19;35;9.6;447.7;1050.0;3564.0;0.1;2777.0;0;5
19;36;8.2;516.7;1327.0;3546.5;0.1;2734.0;1;6
19;37;11.1;396.4;879.0;3640.0;0.1;2734.0;0;6
19;38;6.5;621.0;1382.0;3463.5;0.2;2734.0;0;6
19;39;11.7;361.4;867.0;3489.3;0.1;2734.0;0;6
19;40;8.1;500.3;1224.0;3401.7;0.1;2674.0;1;7
19;41;10.9;374.2;969.0;3370.0;0.1;2674.0;0;7
19;42;12.1;360.4;881.0;3587.8;0.1;2674.0;0;7
19;43;8.8;440.1;995.0;3248.2;0.1;2674.0;0;7
19;44;8.5;456.0;1222.0;3241.3;0.1;2454.0;1;8
19;45;9.0;450.3;1166.0;3394.2;0.1;2454.0;0;8
19;46;6.6;562.3;1382.0;3165.2;0.2;2401.0;1;9
19;47;9.9;369.9;877.0;3056.2;0.1;2401.0;0;9
19;48;7.9;448.6;1127.0;2988.0;0.2;2401.0;0;9
19;49;7.7;458.7;1092.0;2991.2;0.2;2401.0;0;9
19;50;7.2;480.4;1288.0;2953.3;0.2;2401.0;0;9
19;51;7.6;449.5;1198.0;2892.0;0.2;2312.0;1;10
19;52;10.1;338.3;806.0;2830.0;0.1;2312.0;0;10
19;53;11.0;343.2;859.0;3121.8;0.1;2312.0;0;10
19;54;8.8;384.1;927.0;2845.7;0.1;2312.0;0;10
19;55;8.4;404.2;1131.0;2841.2;0.1;2265.0;1;11
19;56;10.1;345.6;938.0;2899.8;0.1;2265.0;0;11
19;57;7.8;431.2;1087.0;2854.5;0.2;2265.0;0;11
19;58;11.1;289.2;682.0;2643.7;0.1;2265.0;0;11
19;59;9.1;341.8;870.0;2591.0;0.1;2179.0;1;12
19;60;10.4;318.9;844.0;2755.3;0.1;2179.0;0;12
19;61;7.7;447.9;995.0;2902.3;0.2;2179.0;0;12
19;62;5.8;553.2;1290.0;2769.8;0.2;2179.0;0;12
19;63;6.8;477.9;1118.0;2755.0;0.2;2179.0;0;12
19;64;10.3;352.7;894.0;3020.3;0.1;2179.0;0;12
19;65;7.6;448.5;1211.0;2878.3;0.2;2179.0;0;12
19;66;8.7;387.7;1030.0;2819.5;0.1;2179.0;0;12
19;67;9.1;338.8;906.0;2578.5;0.1;2128.0;1;13
19;68;6.8;437.4;1134.0;2541.7;0.2;2120.0;1;14
19;69;8.6;371.7;871.0;2688.5;0.1;2120.0;0;14
19;70;12.2;264.5;659.0;2647.2;0.1;2120.0;0;14
19;71;7.7;386.1;1010.0;2498.5;0.2;2091.0;1;15
19;72;12.3;252.2;614.0;2557.5;0.1;2091.0;0;15
19;73;9.0;342.5;821.0;2566.0;0.1;2091.0;0;15
19;74;7.2;427.0;1056.0;2601.7;0.2;2091.0;0;15
19;75;8.7;371.2;983.0;2720.8;0.1;2091.0;0;15
19;76;8.7;353.3;886.0;2564.3;0.1;2091.0;0;15
19;77;6.9;438.1;1013.0;2568.8;0.2;2091.0;0;15
19;78;10.3;310.9;870.0;2655.7;0.1;2091.0;0;15
19;79;11.0;292.5;738.0;2656.2;0.1;2091.0;0;15
19;80;8.1;362.7;1087.0;2473.0;0.1;2091.0;0;15
19;81;9.5;299.9;982.0;2365.3;0.1;1935.0;1;16
19;82;10.7;297.6;926.0;2632.2;0.1;1935.0;0;16
19;83;8.6;339.5;1081.0;2444.3;0.1;1935.0;0;16
19;84;10.2;289.2;902.0;2451.0;0.1;1935.0;0;16
19;85;8.5;337.9;1083.0;2410.3;0.1;1935.0;0;16
19;86;9.5;313.1;963.0;2487.2;0.1;1935.0;0;16
19;87;10.6;285.5;958.0;2505.3;0.1;1935.0;0;16
19;88;14.3;209.2;663.0;2438.0;0.1;1935.0;0;16
19;89;9.5;303.7;941.0;2404.8;0.1;1935.0;0;16
19;90;9.2;322.2;955.0;2484.5;0.1;1935.0;0;16
19;91;11.3;272.2;845.0;2542.3;0.1;1935.0;0;16
19;92;8.8;326.8;966.0;2413.0;0.1;1935.0;0;16
19;93;9.0;340.3;1086.0;2557.0;0.1;1935.0;0;16
19;94;8.1;365.8;1209.0;2501.3;0.1;1881.0;1;17
19;95;9.2;310.5;916.0;2376.0;0.1;1881.0;0;17
19;96;8.1;368.5;1234.0;2503.5;0.1;1881.0;0;17
19;97;8.4;354.5;1154.0;2486.8;0.1;1881.0;0;17
19;98;8.6;350.0;1051.0;2527.2;0.1;1881.0;0;17
19;99;7.8;377.5;1058.0;2469.8;0.2;1881.0;0;17
20;0;10.1;510.1;1166.0;4263.7;0.1;3493.0;1;1
20;1;13.1;382.6;916.0;4120.2;0.1;3493.0;0;1
20;2;11.8;426.2;1157.0;4154.5;0.1;3340.0;1;2
20;3;16.2;307.0;681.0;4042.8;0.1;3340.0;0;2
20;4;9.7;497.8;1248.0;4037.5;0.1;3188.0;1;3
20;5;10.4;474.3;1094.0;4087.7;0.1;3188.0;0;3
20;6;11.3;454.1;1043.0;4228.2;0.1;3188.0;0;3
20;7;9.4;523.1;1201.0;4106.0;0.1;3188.0;0;3
20;8;9.8;496.5;1126.0;4047.8;0.1;3188.0;0;3
20;9;11.1;443.5;1086.0;4072.8;0.1;3188.0;0;3
20;10;13.4;370.2;869.0;4072.3;0.1;3188.0;0;3
20;11;8.9;552.8;1389.0;4122.3;0.1;3184.0;1;4
20;12;9.2;520.6;1166.0;3989.5;0.1;3184.0;0;4
20;13;12.6;407.8;1056.0;4212.8;0.1;3184.0;0;4
20;14;9.5;512.1;1344.0;4054.5;0.1;3096.0;1;5
20;15;10.2;472.1;1183.0;4007.7;0.1;3096.0;0;5
20;16;7.9;585.1;1357.0;3905.8;0.1;3035.0;1;6
20;17;9.5;490.0;1270.0;3888.2;0.1;3035.0;0;6
20;18;9.8;469.8;1138.0;3847.5;0.1;3035.0;0;6
20;19;7.6;608.2;1468.0;3924.5;0.2;3035.0;0;6
20;20;11.9;404.4;873.0;3967.7;0.1;3035.0;0;6
20;21;9.3;488.6;1160.0;3810.3;0.1;3035.0;0;6
20;22;8.5;514.3;1086.0;3666.0;0.1;3035.0;0;6
20;23;9.1;494.2;1156.0;3741.5;0.1;3035.0;0;6
20;24;7.5;590.8;1277.0;3731.8;0.2;3035.0;0;6
20;25;7.9;556.1;1209.0;3701.7;0.2;3035.0;0;6
20;26;9.0;479.2;1109.0;3620.3;0.1;3035.0;0;6
20;27;7.7;561.3;1498.0;3654.8;0.2;2736.0;1;7
20;28;7.5;562.7;1266.0;3579.7;0.2;2736.0;0;7
20;29;7.9;547.4;1331.0;3638.0;0.2;2736.0;0;7
20;30;10.6;412.8;1054.0;3633.8;0.1;2736.0;0;7
20;31;10.0;439.5;1026.0;3669.8;0.1;2736.0;0;7
20;32;9.4;459.7;1037.0;3612.2;0.1;2736.0;0;7
20;33;7.4;576.7;1362.0;3604.2;0.2;2736.0;0;7
20;34;7.0;583.7;1507.0;3476.3;0.2;2606.0;1;8
20;35;7.5;567.9;1261.0;3592.0;0.2;2606.0;0;8
20;36;7.2;552.1;1379.0;3371.8;0.2;2606.0;0;8
20;37;8.8;462.6;1088.0;3412.2;0.1;2606.0;0;8
20;38;7.3;550.2;1230.0;3387.0;0.2;2606.0;0;8
20;39;8.1;501.7;1239.0;3427.7;0.1;2606.0;0;8
20;40;10.6;389.5;911.0;3426.7;0.1;2606.0;0;8
20;41;9.6;417.9;971.0;3330.0;0.1;2606.0;0;8
20;42;7.1;533.0;1210.0;3227.2;0.2;2606.0;0;8
20;43;7.3;531.4;1149.0;3277.7;0.2;2606.0;0;8
20;44;7.5;520.5;1296.0;3297.3;0.2;2606.0;0;8
20;45;6.8;554.4;1327.0;3211.3;0.2;2514.0;1;9
20;46;10.3;386.1;875.0;3291.5;0.1;2514.0;0;9
20;47;7.3;525.4;1175.0;3236.5;0.2;2514.0;0;9
20;48;8.1;434.8;1120.0;2977.5;0.1;2498.0;1;10
20;49;7.8;458.4;1187.0;3031.5;0.2;2498.0;0;10
20;50;8.0;447.2;1067.0;3003.7;0.1;2498.0;0;10
20;51;11.3;347.2;1058.0;3249.7;0.1;2498.0;0;10
20;52;7.8;479.1;1128.0;3153.0;0.2;2498.0;0;10
20;53;8.2;434.2;1058.0;3011.0;0.1;2498.0;0;10
20;54;7.2;482.5;1337.0;2941.0;0.2;2223.0;1;11
20;55;9.6;382.0;893.0;3055.3;0.1;2223.0;0;11
20;56;8.5;399.2;952.0;2862.2;0.1;2223.0;0;11
20;57;7.8;437.9;1060.0;2878.7;0.2;2223.0;0;11
20;58;9.3;413.0;1116.0;3214.7;0.1;2223.0;0;11
20;59;6.2;549.8;1324.0;2942.0;0.2;2223.0;0;11
20;60;9.5;350.8;874.0;2788.2;0.1;2223.0;0;11
20;61;8.3;432.9;1006.0;3004.7;0.1;2223.0;0;11
20;62;7.1;436.7;1086.0;2624.7;0.2;2110.0;1;12
20;63;6.7;494.3;1331.0;2810.8;0.2;2110.0;0;12
20;64;7.4;428.1;953.0;2698.5;0.2;2110.0;0;12
20;65;7.9;401.8;1089.0;2673.0;0.2;2105.0;1;13
20;66;8.8;370.1;912.0;2713.8;0.1;2105.0;0;13
20;67;8.2;406.6;1031.0;2802.0;0.1;2105.0;0;13
20;68;6.7;473.2;1091.0;2702.0;0.2;2105.0;0;13
20;69;6.3;529.9;1319.0;2849.2;0.2;2105.0;0;13
20;70;6.0;500.7;1268.0;2592.7;0.2;2105.0;0;13
20;71;6.4;492.6;1175.0;2701.0;0.2;2105.0;0;13
20;72;8.5;374.0;924.0;2668.7;0.1;2105.0;0;13
20;73;7.3;426.7;1140.0;2633.3;0.2;2082.0;1;14
20;74;6.3;518.1;1238.0;2781.3;0.2;2082.0;0;14
20;75;9.0;360.4;875.0;2700.8;0.1;2082.0;0;14
20;76;6.8;452.3;1135.0;2629.3;0.2;2082.0;0;14
20;77;6.8;449.3;1027.0;2593.7;0.2;2082.0;0;14
20;78;7.6;414.7;1113.0;2669.7;0.2;2082.0;0;14
20;79;6.7;446.7;1168.0;2566.8;0.2;2027.0;1;15
20;80;10.2;295.7;880.0;2507.2;0.1;2027.0;0;15
20;81;9.6;302.0;861.0;2413.3;0.1;2027.0;0;15
20;82;11.3;277.5;930.0;2580.2;0.1;2027.0;0;15
20;83;8.6;348.7;1024.0;2506.8;0.1;2027.0;0;15
20;84;7.2;402.7;1251.0;2473.7;0.2;1998.0;1;16
20;85;9.4;325.7;979.0;2555.7;0.1;1998.0;0;16
20;86;6.5;449.5;1472.0;2512.5;0.2;1810.0;1;17
20;87;9.6;329.7;1037.0;2634.3;0.1;1810.0;0;17
20;88;6.8;404.1;1179.0;2334.7;0.2;1810.0;0;17
20;89;7.7;400.4;1185.0;2610.5;0.2;1810.0;0;17
20;90;8.9;347.3;1151.0;2586.5;0.1;1810.0;0;17
20;91;6.3;453.7;1414.0;2444.7;0.2;1810.0;0;17
20;92;10.0;298.9;867.0;2490.7;0.1;1810.0;0;17
20;93;7.6;357.0;1135.0;2306.7;0.2;1810.0;0;17
20;94;8.3;357.1;1145.0;2484.8;0.1;1810.0;0;17
20;95;10.0;296.2;867.0;2462.2;0.1;1810.0;0;17
20;96;8.3;355.6;1138.0;2471.2;0.1;1810.0;0;17
20;97;9.8;313.2;984.0;2553.3;0.1;1810.0;0;17
20;98;11.1;295.3;880.0;2702.8;0.1;1810.0;0;17
20;99;7.8;397.8;1105.0;2615.7;0.2;1810.0;0;17
21;0;9.9;499.6;1102.0;4099.2;0.1;3394.0;1;1
21;1;8.5;581.2;1415.0;4148.5;0.1;3206.0;1;2
21;2;14.2;355.0;1014.0;4114.2;0.1;3206.0;0;2
21;3;13.3;381.1;1044.0;4149.5;0.1;3206.0;0;2
21;4;10.4;477.3;1229.0;4116.7;0.1;3206.0;0;2
21;5;9.4;511.2;1234.0;4001.8;0.1;3206.0;0;2
21;6;8.9;554.1;1396.0;4146.5;0.1;3167.0;1;3
21;7;15.4;338.6;857.0;4255.0;0.1;3167.0;0;3
21;8;9.2;525.5;1218.0;4054.0;0.1;3167.0;0;3
21;9;11.5;442.8;1086.0;4196.3;0.1;3167.0;0;3
21;10;10.9;451.1;1053.0;4066.3;0.1;3167.0;0;3
21;11;11.8;433.3;1219.0;4229.5;0.1;3167.0;0;3
21;12;14.7;344.7;937.0;4124.7;0.1;3167.0;0;3
21;13;10.6;473.2;1061.0;4172.5;0.1;3167.0;0;3
21;14;11.7;410.1;1056.0;3964.0;0.1;3167.0;0;3
21;15;12.3;400.0;1079.0;4056.8;0.1;3167.0;0;3
21;16;10.8;456.7;1023.0;4065.3;0.1;3167.0;0;3
21;17;9.0;515.9;1145.0;3884.2;0.1;3167.0;0;3
21;18;11.4;419.9;994.0;3963.0;0.1;3167.0;0;3
21;19;9.6;485.5;1315.0;3885.8;0.1;3094.0;1;4
21;20;9.8;480.8;1186.0;3905.5;0.1;3094.0;0;4
21;21;8.4;514.2;1125.0;3632.7;0.1;3076.0;1;5
21;22;10.0;465.4;1158.0;3875.0;0.1;3076.0;0;5
21;23;7.4;594.6;1304.0;3737.0;0.2;3062.0;1;6
21;24;8.9;506.4;1155.0;3767.5;0.1;3062.0;0;6
21;25;10.9;421.0;1031.0;3805.2;0.1;3062.0;0;6
21;26;8.1;543.4;1180.0;3700.2;0.1;3062.0;0;6
21;27;9.6;466.6;1235.0;3737.0;0.1;2989.0;1;7
21;28;7.9;562.9;1319.0;3758.3;0.1;2989.0;0;7
21;29;10.9;426.5;1088.0;3836.2;0.1;2989.0;0;7
21;30;11.4;391.7;1053.0;3695.0;0.1;2989.0;0;7
21;31;8.8;485.5;1272.0;3583.5;0.1;2793.0;1;8
21;32;8.1;540.4;1149.0;3705.3;0.1;2793.0;0;8
21;33;7.7;545.9;1316.0;3534.3;0.2;2791.0;1;9
21;34;12.6;346.2;806.0;3583.8;0.1;2791.0;0;9
21;35;12.1;358.8;785.0;3572.8;0.1;2791.0;0;9
21;36;8.6;505.2;1244.0;3651.5;0.1;2791.0;0;9
21;37;7.3;579.4;1543.0;3573.0;0.2;2695.0;1;10
21;38;7.0;569.3;1278.0;3380.3;0.2;2695.0;0;10
21;39;8.3;501.9;1224.0;3510.5;0.1;2695.0;0;10
21;40;9.7;423.2;1046.0;3426.8;0.1;2695.0;0;10
21;41;8.8;479.7;1119.0;3523.3;0.1;2695.0;0;10
21;42;10.2;422.8;1159.0;3594.8;0.1;2695.0;0;10
21;43;6.8;598.6;1548.0;3480.5;0.2;2546.0;1;11
21;44;10.9;399.2;885.0;3602.5;0.1;2546.0;0;11
21;45;9.7;427.1;1024.0;3455.7;0.1;2546.0;0;11
21;46;9.9;420.2;936.0;3460.5;0.1;2546.0;0;11
21;47;7.2;524.4;1353.0;3205.3;0.2;2361.0;1;12
21;48;8.0;474.1;1140.0;3187.2;0.1;2361.0;0;12
21;49;8.6;440.3;1059.0;3179.7;0.1;2361.0;0;12
21;50;7.6;483.9;1213.0;3092.7;0.2;2361.0;0;12
21;51;10.9;345.1;872.0;3103.5;0.1;2361.0;0;12
21;52;5.9;592.7;1442.0;3022.7;0.2;2361.0;0;12
21;53;9.0;414.4;1050.0;3119.3;0.1;2361.0;0;12
21;54;7.6;473.7;1155.0;3036.2;0.2;2361.0;0;12
21;55;7.9;482.5;1273.0;3204.7;0.2;2361.0;0;12
21;56;5.9;583.7;1311.0;2983.0;0.2;2361.0;0;12
21;57;7.3;485.0;1223.0;2997.7;0.2;2361.0;0;12
21;58;9.2;424.0;1214.0;3255.7;0.1;2361.0;0;12
21;59;9.3;425.0;1089.0;3311.0;0.1;2361.0;0;12
21;60;6.7;518.8;1294.0;2962.2;0.2;2361.0;0;12
21;61;7.3;485.3;1173.0;3021.2;0.2;2361.0;0;12
21;62;7.7;484.1;1272.0;3138.3;0.2;2361.0;0;12
21;63;6.6;523.3;1232.0;2941.7;0.2;2361.0;0;12
21;64;7.6;467.9;1199.0;3002.0;0.2;2361.0;0;12
21;65;7.9;444.5;1007.0;2958.3;0.2;2361.0;0;12
21;66;7.2;477.8;1286.0;2900.8;0.2;2242.0;1;13
21;67;9.9;378.7;964.0;3107.8;0.1;2242.0;0;13
21;68;8.1;420.4;1084.0;2874.7;0.1;2242.0;0;13
21;69;7.3;444.7;1145.0;2739.8;0.2;2241.0;1;14
21;70;6.5;481.0;1208.0;2664.2;0.2;2118.0;1;15
21;71;8.0;414.7;1142.0;2782.0;0.1;2118.0;0;15
21;72;8.5;395.1;1011.0;2802.7;0.1;2118.0;0;15
21;73;7.1;465.9;1199.0;2798.2;0.2;2118.0;0;15
21;74;7.4;435.0;1176.0;2717.0;0.2;2118.0;0;15
21;75;8.1;398.6;1001.0;2706.8;0.1;2118.0;0;15
21;76;9.0;361.5;963.0;2721.2;0.1;2118.0;0;15
21;77;6.2;476.5;1239.0;2545.8;0.2;1930.0;1;16
21;78;8.4;365.9;934.0;2580.7;0.1;1930.0;0;16
21;79;7.6;416.4;1000.0;2678.3;0.2;1930.0;0;16
21;80;10.6;288.6;902.0;2544.7;0.1;1930.0;0;16
21;81;8.7;354.0;1183.0;2585.8;0.1;1930.0;0;16
21;82;10.4;313.6;1006.0;2708.8;0.1;1930.0;0;16
21;83;7.2;402.1;1258.0;2464.2;0.2;1930.0;0;16
21;84;8.6;334.6;1062.0;2411.5;0.1;1930.0;0;16
21;85;10.8;266.8;849.0;2388.2;0.1;1930.0;0;16
21;86;7.4;379.2;1094.0;2370.8;0.2;1930.0;0;16
21;87;9.8;308.7;914.0;2506.3;0.1;1930.0;0;16
21;88;9.0;331.5;1014.0;2486.2;0.1;1930.0;0;16
21;89;8.9;337.3;1075.0;2512.0;0.1;1930.0;0;16
21;90;10.7;288.0;849.0;2557.3;0.1;1930.0;0;16
21;91;9.3;315.7;877.0;2440.3;0.1;1930.0;0;16
21;92;7.7;348.6;1092.0;2268.8;0.2;1874.0;1;17
21;93;8.7;338.9;1010.0;2468.0;0.1;1874.0;0;17
21;94;8.9;325.0;1042.0;2423.7;0.1;1874.0;0;17
21;95;6.1;452.3;1474.0;2377.5;0.2;1823.0;1;18
21;96;9.9;294.9;938.0;2436.2;0.1;1823.0;0;18
21;97;12.1;257.7;820.0;2571.0;0.1;1823.0;0;18
21;98;12.4;235.5;765.0;2409.0;0.1;1823.0;0;18
21;99;8.1;350.9;1084.0;2392.2;0.1;1823.0;0;18
22;0;11.4;440.1;1164.0;4147.2;0.1;3361.0;1;1
22;1;14.8;343.3;806.0;4147.2;0.1;3361.0;0;1
22;2;10.5;464.7;1234.0;4044.2;0.1;3169.0;1;2
22;3;8.9;549.6;1442.0;4102.3;0.1;3077.0;1;3
22;4;8.8;551.5;1367.0;4077.0;0.1;3077.0;0;3
22;5;10.4;478.0;1080.0;4113.7;0.1;3077.0;0;3
22;6;11.3;437.0;1067.0;4062.5;0.1;3077.0;0;3
22;7;10.5;460.7;1105.0;3992.8;0.1;3077.0;0;3
22;8;12.2;422.4;965.0;4234.5;0.1;3077.0;0;3
22;9;17.9;289.5;865.0;4186.0;0.1;3077.0;0;3
22;10;16.1;330.0;869.0;4308.2;0.1;3077.0;0;3
22;11;12.7;381.3;1045.0;3980.8;0.1;3077.0;0;3
22;12;11.2;426.2;959.0;3957.2;0.1;3077.0;0;3
22;13;10.2;464.9;1084.0;3950.2;0.1;3077.0;0;3
22;14;14.3;354.4;807.0;4137.7;0.1;3077.0;0;3
22;15;10.7;457.5;1196.0;4044.7;0.1;3077.0;0;3
22;16;10.8;456.3;1238.0;4083.5;0.1;3077.0;0;3
22;17;8.9;554.5;1303.0;4111.0;0.1;3077.0;0;3
22;18;9.3;515.1;1411.0;4001.0;0.1;3011.0;1;4
22;19;9.7;473.9;1122.0;3842.2;0.1;3011.0;0;4
22;20;7.7;578.2;1303.0;3746.5;0.2;3011.0;0;4
22;21;9.2;519.9;1199.0;3981.0;0.1;3011.0;0;4
22;22;8.6;515.1;1258.0;3698.2;0.1;3011.0;0;4
22;23;7.1;614.8;1374.0;3696.2;0.2;3004.0;1;5
22;24;7.3;615.5;1475.0;3821.0;0.2;3004.0;0;5
22;25;8.4;538.0;1446.0;3815.5;0.1;2889.0;1;6
22;26;9.0;493.9;1141.0;3734.8;0.1;2889.0;0;6
22;27;8.4;540.2;1280.0;3824.8;0.1;2889.0;0;6
22;28;7.7;564.7;1403.0;3694.0;0.2;2889.0;0;6
22;29;8.2;532.6;1250.0;3664.2;0.1;2889.0;0;6
22;30;9.5;454.8;997.0;3595.0;0.1;2889.0;0;6
22;31;8.2;533.8;1151.0;3687.2;0.1;2889.0;0;6
22;32;9.8;438.1;1014.0;3564.7;0.1;2889.0;0;6
22;33;8.2;532.6;1362.0;3663.3;0.1;2810.0;1;7
22;34;7.6;553.8;1320.0;3554.0;0.2;2780.0;1;8
22;35;9.8;433.5;1169.0;3533.0;0.1;2778.0;1;9
22;36;7.3;567.0;1322.0;3489.2;0.2;2747.0;1;10
22;37;8.9;476.2;1073.0;3553.0;0.1;2747.0;0;10
22;38;9.4;437.0;1020.0;3429.7;0.1;2747.0;0;10
22;39;9.3;454.2;1132.0;3539.0;0.1;2747.0;0;10
22;40;6.4;630.0;1616.0;3461.8;0.2;2488.0;1;11
22;41;8.1;496.3;1398.0;3399.0;0.1;2488.0;0;11
22;42;8.1;509.1;1223.0;3453.7;0.1;2488.0;0;11
22;43;7.5;506.8;1145.0;3217.2;0.2;2488.0;0;11
22;44;7.4;538.9;1337.0;3372.3;0.2;2488.0;0;11
22;45;8.9;444.5;1015.0;3300.5;0.1;2488.0;0;11
22;46;10.5;400.4;1030.0;3488.0;0.1;2488.0;0;11
22;47;7.9;464.1;1314.0;3078.8;0.2;2294.0;1;12
22;48;8.1;433.2;1108.0;2965.5;0.1;2294.0;0;12
22;49;7.9;459.6;1080.0;3049.7;0.2;2294.0;0;12
22;50;11.4;314.5;788.0;2956.8;0.1;2294.0;0;12
22;51;7.6;468.7;1175.0;3016.2;0.2;2294.0;0;12
22;52;6.8;516.7;1252.0;3000.0;0.2;2294.0;0;12
22;53;7.5;496.0;1268.0;3140.7;0.2;2294.0;0;12
22;54;8.6;429.2;1124.0;3095.8;0.1;2294.0;0;12
22;55;8.3;434.8;1145.0;3032.7;0.1;2294.0;0;12
22;56;7.8;447.5;1102.0;2936.3;0.2;2294.0;0;12
22;57;7.7;442.7;1052.0;2873.0;0.2;2294.0;0;12
22;58;10.2;349.4;935.0;2954.0;0.1;2294.0;0;12
22;59;6.1;536.1;1420.0;2793.7;0.2;2148.0;1;13
22;60;8.2;439.2;1181.0;3033.3;0.1;2148.0;0;13
22;61;7.7;442.8;1044.0;2871.7;0.2;2148.0;0;13
22;62;7.7;434.4;1159.0;2831.7;0.2;2148.0;0;13
22;63;8.9;353.9;886.0;2637.5;0.1;2148.0;0;13
22;64;8.8;395.2;1010.0;2921.5;0.1;2148.0;0;13
22;65;10.8;305.7;773.0;2733.2;0.1;2148.0;0;13
22;66;7.2;466.6;1168.0;2835.8;0.2;2148.0;0;13
22;67;8.8;372.6;1089.0;2756.2;0.1;2122.0;1;14
22;68;9.2;335.1;894.0;2586.0;0.1;2122.0;0;14
22;69;9.0;334.1;835.0;2520.7;0.1;2122.0;0;14
22;70;7.8;413.0;1007.0;2710.5;0.2;2122.0;0;14
22;71;10.5;302.5;859.0;2630.3;0.1;2122.0;0;14
22;72;13.0;246.4;598.0;2619.3;0.1;2122.0;0;14
22;73;10.6;292.5;750.0;2562.2;0.1;2122.0;0;14
22;74;9.6;317.3;782.0;2543.2;0.1;2122.0;0;14
22;75;9.3;339.4;958.0;2633.0;0.1;2107.0;1;15
22;76;9.6;346.9;856.0;2776.5;0.1;2107.0;0;15
22;77;9.7;321.6;875.0;2590.2;0.1;2107.0;0;15
22;78;7.9;380.1;960.0;2519.7;0.2;2107.0;0;15
22;79;7.5;402.8;999.0;2557.5;0.2;2066.0;1;16
22;80;9.5;304.3;933.0;2406.3;0.1;2066.0;0;16
22;81;9.1;313.7;958.0;2392.3;0.1;2066.0;0;16
22;82;9.1;335.1;1022.0;2550.5;0.1;2066.0;0;16
22;83;11.6;268.7;800.0;2581.3;0.1;2066.0;0;16
22;84;9.5;311.2;921.0;2465.2;0.1;2066.0;0;16
22;85;15.3;201.3;583.0;2505.8;0.1;2066.0;0;16
22;86;13.7;222.1;717.0;2492.2;0.1;2066.0;0;16
22;87;10.5;281.7;876.0;2456.0;0.1;2066.0;0;16
22;88;13.0;233.3;718.0;2487.2;0.1;2066.0;0;16
22;89;12.9;238.8;786.0;2527.5;0.1;2066.0;0;16
22;90;16.5;183.4;536.0;2461.7;0.1;2066.0;0;16
22;91;8.7;346.0;1024.0;2535.3;0.1;2066.0;0;16
22;92;12.6;232.4;699.0;2399.8;0.1;2066.0;0;16
22;93;9.2;308.8;898.0;2384.0;0.1;2011.0;1;17
22;94;9.6;299.1;997.0;2396.5;0.1;2011.0;0;17
22;95;11.2;278.6;807.0;2572.8;0.1;2011.0;0;17
22;96;14.5;211.3;654.0;2504.7;0.1;2011.0;0;17
22;97;10.0;289.7;846.0;2416.0;0.1;2011.0;0;17
22;98;7.6;386.4;1272.0;2471.8;0.2;1823.0;1;18
22;99;11.1;261.0;798.0;2388.3;0.1;1823.0;0;18
23;0;8.3;577.8;1352.0;4031.2;0.1;3211.0;1;1
23;1;11.1;454.4;1198.0;4152.0;0.1;3211.0;0;1
23;2;11.0;461.3;1226.0;4180.2;0.1;3211.0;0;1
23;3;12.8;392.9;1030.0;4131.8;0.1;3211.0;0;1
23;4;10.6;466.6;1175.0;4096.7;0.1;3211.0;0;1
23;5;12.3;415.4;996.0;4190.8;0.1;3211.0;0;1
23;6;10.1;475.3;1231.0;4000.3;0.1;3211.0;0;1
23;7;12.5;394.3;1063.0;4035.8;0.1;3211.0;0;1
23;8;12.3;414.4;965.0;4176.0;0.1;3211.0;0;1
23;9;11.4;433.8;999.0;4078.0;0.1;3211.0;0;1
23;10;9.2;495.5;1140.0;3824.0;0.1;3087.0;1;2
23;11;14.2;352.5;838.0;4095.8;0.1;3087.0;0;2
23;12;8.9;527.8;1290.0;3915.8;0.1;3037.0;1;3
23;13;10.2;483.5;1197.0;4078.3;0.1;3037.0;0;3
23;14;7.9;594.2;1376.0;3947.8;0.2;3037.0;0;3
23;15;7.9;591.1;1425.0;3959.0;0.1;2978.0;1;4
23;16;10.7;457.6;1120.0;4064.0;0.1;2978.0;0;4
23;17;9.9;458.4;1162.0;3771.7;0.1;2978.0;0;4
23;18;12.3;373.5;874.0;3788.3;0.1;2978.0;0;4
23;19;10.9;419.7;1061.0;3791.2;0.1;2978.0;0;4
23;20;13.5;364.9;885.0;4031.5;0.1;2978.0;0;4
23;21;8.1;566.2;1349.0;3847.2;0.1;2978.0;0;4
23;22;8.6;541.9;1149.0;3900.8;0.1;2978.0;0;4
23;23;8.8;492.2;1172.0;3624.7;0.1;2978.0;0;4
23;24;13.3;362.5;845.0;3944.3;0.1;2978.0;0;4
23;25;9.1;487.7;1126.0;3690.7;0.1;2978.0;0;4
23;26;7.9;550.1;1228.0;3673.8;0.1;2978.0;0;4
23;27;11.5;391.2;916.0;3721.0;0.1;2978.0;0;4
23;28;9.4;458.2;970.0;3591.7;0.1;2978.0;0;4
23;29;8.4;521.7;1230.0;3678.3;0.1;2973.0;1;5
23;30;8.5;493.4;1174.0;3520.7;0.1;2858.0;1;6
23;31;7.6;558.4;1223.0;3581.3;0.2;2858.0;0;6
23;32;10.0;437.0;997.0;3632.2;0.1;2858.0;0;6
23;33;9.7;436.6;962.0;3530.8;0.1;2858.0;0;6
23;34;9.9;419.0;989.0;3461.8;0.1;2858.0;0;6
23;35;8.4;483.8;1078.0;3421.8;0.1;2856.0;1;7
23;36;8.5;495.7;1090.0;3527.5;0.1;2856.0;0;7
23;37;8.3;509.0;1209.0;3564.8;0.1;2856.0;0;7
23;38;10.7;408.4;1052.0;3606.7;0.1;2856.0;0;7
23;39;6.0;637.4;1568.0;3276.0;0.2;2357.0;1;8
23;40;9.0;456.0;1049.0;3422.3;0.1;2357.0;0;8
23;41;8.4;481.8;1038.0;3385.0;0.1;2357.0;0;8
23;42;8.6;456.5;1259.0;3285.2;0.1;2357.0;0;8
23;43;9.7;436.1;1213.0;3516.0;0.1;2357.0;0;8
23;44;6.9;577.0;1389.0;3393.3;0.2;2357.0;0;8
23;45;8.3;489.8;1078.0;3397.8;0.1;2357.0;0;8
23;46;7.3;537.5;1229.0;3316.3;0.2;2357.0;0;8
23;47;6.9;557.1;1315.0;3276.0;0.2;2357.0;0;8
23;48;7.8;452.6;1115.0;2976.8;0.2;2357.0;0;8
23;49;10.4;359.2;837.0;3095.8;0.1;2357.0;0;8
23;50;8.5;440.3;1075.0;3148.7;0.1;2357.0;0;8
23;51;7.1;489.4;1412.0;2932.5;0.2;2239.0;1;9
23;52;7.8;451.0;1097.0;2967.3;0.2;2239.0;0;9
23;53;7.5;482.2;1091.0;3048.7;0.2;2239.0;0;9
23;54;8.7;434.6;1077.0;3163.7;0.1;2239.0;0;9
23;55;6.2;547.5;1465.0;2913.2;0.2;2216.0;1;10
23;56;7.8;448.3;1183.0;2963.8;0.2;2216.0;0;10
23;57;7.3;477.7;1306.0;2956.0;0.2;2216.0;0;10
23;58;6.5;507.9;1407.0;2807.8;0.2;2127.0;1;11
23;59;6.2;534.0;1229.0;2851.2;0.2;2127.0;0;11
23;60;6.9;494.7;1135.0;2917.2;0.2;2127.0;0;11
23;61;6.7;526.3;1442.0;3002.0;0.2;2127.0;0;11
23;62;6.6;514.6;1377.0;2888.0;0.2;2127.0;0;11
23;63;6.6;515.9;1387.0;2914.3;0.2;2127.0;0;11
23;64;7.1;470.4;1148.0;2845.0;0.2;2127.0;0;11
23;65;7.1;488.0;1171.0;2937.0;0.2;2127.0;0;11
23;66;9.6;344.8;840.0;2756.3;0.1;2127.0;0;11
23;67;6.6;483.2;1278.0;2740.2;0.2;2110.0;1;12
23;68;8.4;392.6;934.0;2782.5;0.1;2110.0;0;12
23;69;7.4;420.6;1008.0;2627.2;0.2;2110.0;0;12
23;70;13.7;249.3;657.0;2794.2;0.1;2110.0;0;12
23;71;6.0;502.0;1230.0;2581.8;0.2;2110.0;0;12
23;72;7.4;428.8;1107.0;2688.7;0.2;2110.0;0;12
23;73;6.4;500.4;1403.0;2725.0;0.2;1980.0;1;13
23;74;6.2;517.5;1322.0;2745.7;0.2;1980.0;0;13
23;75;9.2;338.0;873.0;2592.7;0.1;1980.0;0;13
23;76;8.7;364.3;902.0;2655.8;0.1;1980.0;0;13
23;77;6.7;438.3;1064.0;2518.7;0.2;1980.0;0;13
23;78;9.8;321.1;860.0;2610.2;0.1;1980.0;0;13
23;79;8.0;389.6;1031.0;2639.5;0.1;1980.0;0;13
23;80;9.0;337.2;1019.0;2525.0;0.1;1980.0;0;13
23;81;11.4;252.0;837.0;2362.7;0.1;1980.0;0;13
23;82;10.4;271.7;836.0;2352.2;0.1;1980.0;0;13
23;83;9.8;315.2;964.0;2578.8;0.1;1980.0;0;13
23;84;9.8;288.7;838.0;2350.0;0.1;1980.0;0;13
23;85;10.9;275.0;830.0;2469.8;0.1;1980.0;0;13
23;86;8.4;333.6;955.0;2362.2;0.1;1980.0;0;13
23;87;8.6;339.8;956.0;2440.3;0.1;1980.0;0;13
23;88;9.6;306.1;920.0;2443.7;0.1;1980.0;0;13
23;89;8.2;338.7;988.0;2325.2;0.1;1965.0;1;14
23;90;8.0;357.0;1126.0;2394.0;0.1;1965.0;0;14
23;91;11.7;248.6;785.0;2397.5;0.1;1965.0;0;14
23;92;10.0;298.2;875.0;2484.2;0.1;1965.0;0;14
23;93;8.1;335.3;1042.0;2292.8;0.1;1902.0;1;15
23;94;9.8;290.9;836.0;2374.2;0.1;1902.0;0;15
23;95;10.7;266.5;803.0;2356.8;0.1;1902.0;0;15
23;96;9.4;298.5;965.0;2343.0;0.1;1902.0;0;15
23;97;5.9;460.4;1378.0;2357.7;0.2;1902.0;0;15
23;98;7.3;407.3;1151.0;2514.2;0.2;1902.0;0;15
23;99;7.4;379.9;1187.0;2377.8;0.2;1902.0;0;15
24;0;13.2;391.0;1014.0;4220.7;0.1;3508.0;1;1
24;1;14.2;360.3;827.0;4172.2;0.1;3508.0;0;1
24;2;7.8;632.6;1578.0;4149.3;0.2;3016.0;1;2
24;3;10.0;495.6;1358.0;4116.8;0.1;3016.0;0;2
24;4;12.1;411.4;1005.0;4104.8;0.1;3016.0;0;2
24;5;13.5;376.2;894.0;4157.2;0.1;3016.0;0;2
24;6;11.8;434.8;1146.0;4220.0;0.1;3016.0;0;2
24;7;15.2;340.9;961.0;4219.2;0.1;3016.0;0;2
24;8;12.4;401.6;952.0;4096.8;0.1;3016.0;0;2
24;9;15.4;335.2;767.0;4201.8;0.1;3016.0;0;2
24;10;10.0;483.4;1190.0;4019.7;0.1;3016.0;0;2
24;11;9.3;518.5;1220.0;4045.0;0.1;3016.0;0;2
24;12;9.6;499.4;1231.0;3994.8;0.1;3016.0;0;2
24;13;11.9;416.9;1043.0;4075.7;0.1;3016.0;0;2
24;14;10.4;474.4;1055.0;4109.3;0.1;3016.0;0;2
24;15;8.8;539.5;1302.0;3962.3;0.1;3016.0;0;2
24;16;11.7;424.2;986.0;4099.5;0.1;3016.0;0;2
24;17;12.6;386.3;880.0;3984.2;0.1;3016.0;0;2
24;18;11.1;424.0;1058.0;3886.8;0.1;3016.0;0;2
24;19;7.7;580.0;1361.0;3767.5;0.2;3013.0;1;3
24;20;7.6;594.3;1435.0;3837.5;0.2;3013.0;0;3
24;21;11.4;417.1;1132.0;3934.0;0.1;3013.0;0;3
24;22;10.8;438.4;976.0;3911.3;0.1;3013.0;0;3
24;23;13.2;346.2;815.0;3740.3;0.1;3013.0;0;3
24;24;10.7;440.4;1133.0;3913.3;0.1;3013.0;0;3
24;25;11.0;409.7;877.0;3714.2;0.1;3013.0;0;3
24;26;11.1;418.9;1040.0;3827.8;0.1;3013.0;0;3
24;27;10.0;444.8;1085.0;3683.3;0.1;3013.0;0;3
24;28;9.6;459.1;1117.0;3680.0;0.1;3013.0;0;3
24;29;10.2;432.6;939.0;3671.3;0.1;3013.0;0;3
24;30;8.7;492.4;1092.0;3584.5;0.1;3013.0;0;3
24;31;10.5;421.8;925.0;3656.2;0.1;3013.0;0;3
24;32;11.1;392.6;1084.0;3591.5;0.1;3013.0;0;3
24;33;7.3;571.7;1218.0;3555.7;0.2;2941.0;1;4
24;34;6.8;610.8;1380.0;3521.7;0.2;2771.0;1;5
24;35;7.2;586.1;1345.0;3577.2;0.2;2771.0;0;5
24;36;11.8;365.6;825.0;3549.3;0.1;2771.0;0;5
24;37;7.8;523.2;1272.0;3457.8;0.2;2771.0;0;5
24;38;10.0;432.7;1148.0;3593.0;0.1;2771.0;0;5
24;39;6.7;606.2;1427.0;3487.3;0.2;2668.0;1;6
24;40;8.4;478.1;1131.0;3357.2;0.1;2668.0;0;6
24;41;8.8;487.9;1297.0;3596.8;0.1;2668.0;0;6
24;42;8.4;487.1;1085.0;3425.5;0.1;2668.0;0;6
24;43;7.6;519.9;1197.0;3341.0;0.2;2661.0;1;7
24;44;8.3;489.9;1175.0;3398.2;0.1;2661.0;0;7
24;45;7.6;509.5;1111.0;3263.8;0.2;2661.0;0;7
24;46;6.1;628.9;1420.0;3297.3;0.2;2547.0;1;8
24;47;9.1;451.3;1197.0;3432.7;0.1;2547.0;0;8
24;48;8.8;407.1;1039.0;3001.7;0.1;2516.0;1;9
24;49;9.9;368.4;944.0;3025.8;0.1;2516.0;0;9
24;50;10.0;376.2;981.0;3124.0;0.1;2516.0;0;9
24;51;7.7;458.9;1093.0;2975.7;0.2;2516.0;0;9
24;52;5.9;553.1;1435.0;2827.7;0.2;2115.0;1;10
24;53;9.2;375.3;887.0;2894.0;0.1;2115.0;0;10
24;54;14.1;248.6;662.0;2866.5;0.1;2115.0;0;10
24;55;7.9;436.7;1083.0;2912.0;0.1;2115.0;0;10
24;56;7.4;449.3;1207.0;2800.3;0.2;2115.0;0;10
24;57;9.2;364.3;981.0;2797.2;0.1;2115.0;0;10
24;58;12.0;271.3;721.0;2673.2;0.1;2115.0;0;10
24;59;12.0;273.4;680.0;2700.2;0.1;2115.0;0;10
24;60;12.5;271.6;695.0;2789.0;0.1;2115.0;0;10
24;61;10.1;319.0;826.0;2683.3;0.1;2115.0;0;10
24;62;6.7;472.0;1150.0;2685.2;0.2;2115.0;0;10
24;63;8.1;409.9;1079.0;2780.7;0.1;2115.0;0;10
24;64;11.9;283.3;709.0;2774.2;0.1;2115.0;0;10
24;65;9.4;345.3;879.0;2712.7;0.1;2115.0;0;10
24;66;8.0;386.8;935.0;2605.0;0.1;2115.0;0;10
24;67;12.7;257.0;649.0;2674.5;0.1;2115.0;0;10
24;68;9.5;345.7;920.0;2737.8;0.1;2115.0;0;10
24;69;6.8;441.1;1254.0;2563.2;0.2;1828.0;1;11
24;70;9.6;323.7;771.0;2581.2;0.1;1828.0;0;11
24;71;11.1;282.1;739.0;2583.7;0.1;1828.0;0;11
24;72;8.0;365.7;1057.0;2468.8;0.1;1828.0;0;11
24;73;9.5;324.1;824.0;2563.2;0.1;1828.0;0;11
24;74;9.5;315.7;873.0;2505.7;0.1;1828.0;0;11
24;75;12.6;255.3;634.0;2634.7;0.1;1828.0;0;11
24;76;7.0;422.3;1190.0;2518.7;0.2;1828.0;0;11
24;77;10.1;296.7;784.0;2488.7;0.1;1828.0;0;11
24;78;9.0;319.8;862.0;2413.5;0.1;1828.0;0;11
24;79;8.4;347.1;864.0;2462.2;0.1;1828.0;0;11
24;80;15.1;201.3;607.0;2472.5;0.1;1828.0;0;11
24;81;10.1;275.3;830.0;2310.5;0.1;1828.0;0;11
24;82;13.0;227.5;751.0;2417.3;0.1;1828.0;0;11
24;83;7.1;396.3;1328.0;2388.5;0.2;1828.0;0;11
24;84;8.4;359.4;1204.0;2522.7;0.1;1828.0;0;11
24;85;10.4;288.9;776.0;2484.8;0.1;1828.0;0;11
24;86;8.9;327.5;993.0;2432.8;0.1;1828.0;0;11
24;87;10.9;277.8;866.0;2497.3;0.1;1828.0;0;11
24;88;9.7;289.2;854.0;2333.5;0.1;1828.0;0;11
24;89;12.2;245.2;789.0;2462.7;0.1;1828.0;0;11
24;90;13.7;230.1;700.0;2573.8;0.1;1828.0;0;11
24;91;10.1;290.2;969.0;2423.8;0.1;1828.0;0;11
24;92;8.8;321.4;976.0;2365.3;0.1;1828.0;0;11
24;93;10.6;261.2;773.0;2285.0;0.1;1828.0;0;11
24;94;8.5;336.8;983.0;2409.0;0.1;1828.0;0;11
24;95;11.2;275.4;881.0;2545.0;0.1;1828.0;0;11
24;96;10.7;285.0;797.0;2515.8;0.1;1828.0;0;11
24;97;9.3;302.0;889.0;2333.0;0.1;1828.0;0;11
24;98;13.1;213.7;662.0;2290.8;0.1;1828.0;0;11
24;99;10.9;269.0;872.0;2419.0;0.1;1828.0;0;11
25;0;14.5;358.8;890.0;4233.5;0.1;3648.0;1;1
25;1;11.8;428.3;957.0;4179.0;0.1;3543.0;1;2
25;2;12.2;405.4;982.0;4058.5;0.1;3372.0;1;3
25;3;14.7;347.4;949.0;4176.8;0.1;3372.0;0;3
25;4;11.3;444.5;1063.0;4151.0;0.1;3372.0;0;3
25;5;11.7;433.6;1056.0;4167.3;0.1;3372.0;0;3
25;6;8.9;538.3;1258.0;4024.3;0.1;3259.0;1;4
25;7;9.2;518.6;1362.0;3971.0;0.1;3020.0;1;5
25;8;9.4;533.8;1235.0;4200.3;0.1;3020.0;0;5
25;9;10.7;450.3;1103.0;3980.0;0.1;3020.0;0;5
25;10;8.9;542.8;1362.0;4038.5;0.1;3020.0;0;5
25;11;13.1;374.6;1015.0;4025.7;0.1;3020.0;0;5
25;12;11.2;433.0;988.0;4008.3;0.1;3020.0;0;5
25;13;11.8;406.2;959.0;3944.7;0.1;3020.0;0;5
25;14;13.9;358.7;893.0;4072.3;0.1;3020.0;0;5
25;15;10.9;442.9;1022.0;3993.7;0.1;3020.0;0;5
25;16;11.6;426.2;1125.0;4079.7;0.1;3020.0;0;5
25;17;9.7;476.5;1062.0;3853.5;0.1;3020.0;0;5
25;18;9.9;480.9;1168.0;3970.7;0.1;3020.0;0;5
25;19;14.0;341.5;828.0;3905.7;0.1;3020.0;0;5
25;20;8.0;565.5;1215.0;3824.7;0.1;3020.0;0;5
25;21;8.4;533.1;1230.0;3747.8;0.1;3020.0;0;5
25;22;9.2;494.6;1162.0;3813.2;0.1;3020.0;0;5
25;23;12.5;379.4;920.0;3883.0;0.1;3020.0;0;5
25;24;8.5;520.8;1171.0;3700.7;0.1;3020.0;0;5
25;25;7.6;570.4;1452.0;3669.2;0.2;2794.0;1;6
25;26;10.0;460.3;1029.0;3840.8;0.1;2794.0;0;6
25;27;11.5;401.7;947.0;3824.3;0.1;2794.0;0;6
25;28;7.0;602.5;1418.0;3579.3;0.2;2794.0;0;6
25;29;7.2;596.0;1426.0;3650.5;0.2;2794.0;0;6
25;30;9.1;491.1;1293.0;3734.2;0.1;2794.0;0;6
25;31;9.0;480.3;1151.0;3599.5;0.1;2794.0;0;6
25;32;7.3;566.3;1350.0;3526.5;0.2;2753.0;1;7
25;33;6.9;598.3;1256.0;3491.2;0.2;2753.0;0;7
25;34;10.9;398.5;949.0;3601.0;0.1;2753.0;0;7
25;35;9.3;453.4;1149.0;3522.5;0.1;2753.0;0;7
25;36;12.0;360.2;845.0;3570.3;0.1;2753.0;0;7
25;37;9.4;444.6;995.0;3494.3;0.1;2753.0;0;7
25;38;7.4;542.9;1165.0;3383.3;0.2;2753.0;0;7
25;39;9.3;413.9;1037.0;3222.5;0.1;2721.0;1;8
25;40;7.4;540.4;1199.0;3372.7;0.2;2720.0;1;9
25;41;11.7;359.0;828.0;3474.8;0.1;2720.0;0;9
25;42;9.1;424.3;935.0;3222.5;0.1;2720.0;0;9
25;43;11.4;360.5;854.0;3395.2;0.1;2720.0;0;9
25;44;8.2;480.0;1207.0;3310.8;0.1;2600.0;1;10
25;45;6.6;565.4;1331.0;3180.0;0.2;2441.0;1;11
25;46;6.2;576.5;1458.0;3087.7;0.2;2259.0;1;12
25;47;8.0;433.8;946.0;2910.8;0.1;2259.0;0;12
25;48;10.0;374.4;954.0;3098.7;0.1;2259.0;0;12
25;49;8.5;404.3;1009.0;2871.8;0.1;2259.0;0;12
25;50;7.7;449.1;1130.0;2920.2;0.2;2259.0;0;12
25;51;8.3;406.7;956.0;2845.7;0.1;2259.0;0;12
25;52;7.5;423.9;1073.0;2673.7;0.2;2224.0;1;13
25;53;10.5;337.7;796.0;2942.3;0.1;2224.0;0;13
25;54;9.4;381.8;1112.0;2982.3;0.1;2224.0;0;13
25;55;7.6;429.1;1036.0;2769.5;0.2;2224.0;0;13
25;56;10.8;324.6;782.0;2889.2;0.1;2224.0;0;13
25;57;10.8;340.8;827.0;3048.2;0.1;2224.0;0;13
25;58;7.5;435.8;1265.0;2770.3;0.2;2016.0;1;14
25;59;9.9;337.0;1015.0;2775.5;0.1;2016.0;0;14
25;60;10.0;327.8;870.0;2726.5;0.1;2016.0;0;14
25;61;7.9;396.0;952.0;2652.7;0.1;2016.0;0;14
25;62;6.4;509.4;1303.0;2805.2;0.2;2016.0;0;14
25;63;6.1;478.9;1214.0;2524.8;0.2;1977.0;1;15
25;64;8.3;379.0;987.0;2653.0;0.1;1977.0;0;15
25;65;6.9;428.9;1096.0;2513.3;0.2;1977.0;0;15
25;66;6.2;473.9;1196.0;2521.0;0.2;1946.0;1;16
25;67;9.0;337.9;971.0;2544.5;0.1;1946.0;0;16
25;68;7.8;360.9;955.0;2384.5;0.2;1946.0;0;16
25;69;7.4;397.7;1056.0;2487.5;0.2;1946.0;0;16
25;70;9.2;311.9;828.0;2405.7;0.1;1946.0;0;16
25;71;12.7;241.7;675.0;2520.2;0.1;1946.0;0;16
25;72;7.6;382.0;1027.0;2453.7;0.2;1941.0;1;17
25;73;7.1;388.5;943.0;2353.3;0.2;1941.0;0;17
25;74;6.9;422.7;1012.0;2469.3;0.2;1941.0;0;17
25;75;12.9;241.0;697.0;2551.2;0.1;1941.0;0;17
25;76;7.8;359.5;800.0;2374.0;0.2;1941.0;0;17
25;77;7.2;377.7;956.0;2304.3;0.2;1866.0;1;18
25;78;11.2;297.8;792.0;2760.8;0.1;1866.0;0;18
25;79;6.9;427.2;1134.0;2520.0;0.2;1866.0;0;18
25;80;10.0;298.2;889.0;2470.8;0.1;1866.0;0;18
25;81;15.1;224.7;693.0;2767.7;0.1;1866.0;0;18
25;82;8.6;340.3;1104.0;2458.7;0.1;1866.0;0;18
25;83;8.0;351.7;1160.0;2371.0;0.1;1866.0;0;18
25;84;8.3;327.0;967.0;2281.0;0.1;1866.0;0;18
25;85;8.7;336.6;1050.0;2452.3;0.1;1866.0;0;18
25;86;7.8;370.8;1127.0;2452.0;0.2;1866.0;0;18
25;87;8.5;357.8;1103.0;2561.7;0.1;1866.0;0;18
25;88;9.1;331.2;1033.0;2527.0;0.1;1866.0;0;18
25;89;9.3;312.4;985.0;2418.7;0.1;1866.0;0;18
25;90;9.6;300.6;987.0;2405.7;0.1;1866.0;0;18
25;91;7.5;387.8;1155.0;2465.0;0.2;1866.0;0;18
25;92;10.3;285.4;818.0;2437.5;0.1;1866.0;0;18
25;93;9.0;350.5;1120.0;2642.0;0.1;1866.0;0;18
25;94;10.3;281.8;875.0;2418.3;0.1;1866.0;0;18
25;95;9.4;303.5;994.0;2383.0;0.1;1866.0;0;18
25;96;7.4;382.8;1063.0;2403.7;0.2;1866.0;0;18
25;97;7.9;351.4;1032.0;2343.0;0.1;1866.0;0;18
25;98;8.7;325.8;909.0;2380.7;0.1;1866.0;0;18
25;99;10.1;279.0;860.0;2349.7;0.1;1866.0;0;18
26;0;12.4;401.7;969.0;4083.7;0.1;3526.0;1;1
26;1;10.8;460.4;1049.0;4104.3;0.1;3417.0;1;2
26;2;10.8;454.5;1136.0;4075.8;0.1;3397.0;1;3
26;3;15.8;328.7;891.0;4220.3;0.1;3397.0;0;3
26;4;8.5;566.8;1381.0;4022.7;0.1;3121.0;1;4
26;5;12.2;405.7;916.0;4068.2;0.1;3121.0;0;4
26;6;12.5;396.1;1022.0;4080.7;0.1;3121.0;0;4
26;7;12.0;420.9;1196.0;4166.2;0.1;3121.0;0;4
26;8;8.5;592.1;1332.0;4207.5;0.1;3121.0;0;4
26;9;10.6;478.1;1086.0;4198.8;0.1;3121.0;0;4
26;10;10.1;505.9;1347.0;4247.3;0.1;3121.0;0;4
26;11;9.1;530.6;1188.0;4048.0;0.1;3121.0;0;4
26;12;11.1;461.0;1149.0;4230.7;0.1;3121.0;0;4
26;13;11.4;436.7;1008.0;4110.2;0.1;3121.0;0;4
26;14;10.8;460.2;1122.0;4117.0;0.1;3121.0;0;4
26;15;10.9;449.0;1122.0;4047.0;0.1;3121.0;0;4
26;16;12.6;382.6;880.0;3971.0;0.1;3121.0;0;4
26;17;13.0;371.9;849.0;3956.2;0.1;3121.0;0;4
26;18;7.0;640.1;1584.0;3806.0;0.2;2850.0;1;5
26;19;8.4;556.1;1246.0;3909.2;0.1;2850.0;0;5
26;20;9.5;480.4;1165.0;3811.3;0.1;2850.0;0;5
26;21;8.0;563.9;1304.0;3813.3;0.1;2850.0;0;5
26;22;9.1;501.9;1142.0;3811.3;0.1;2850.0;0;5
26;23;8.5;524.8;1161.0;3763.2;0.1;2850.0;0;5
26;24;9.7;468.3;1153.0;3771.5;0.1;2850.0;0;5
26;25;9.5;484.1;1095.0;3819.5;0.1;2850.0;0;5
26;26;9.7;463.4;1283.0;3758.7;0.1;2850.0;0;5
26;27;6.2;677.4;1574.0;3609.3;0.2;2793.0;1;6
26;28;7.9;555.7;1272.0;3691.3;0.2;2793.0;0;6
26;29;10.2;438.1;1093.0;3704.3;0.1;2793.0;0;6
26;30;10.0;439.6;956.0;3637.8;0.1;2793.0;0;6
26;31;10.4;411.7;1066.0;3542.8;0.1;2793.0;0;6
26;32;11.5;382.3;999.0;3623.5;0.1;2793.0;0;6
26;33;7.4;551.0;1325.0;3456.7;0.2;2669.0;1;7
26;34;7.8;558.3;1282.0;3668.2;0.2;2669.0;0;7
26;35;9.0;474.0;1135.0;3579.2;0.1;2669.0;0;7
26;36;10.8;399.7;898.0;3561.3;0.1;2669.0;0;7
26;37;8.2;497.1;1299.0;3410.0;0.1;2669.0;0;7
26;38;7.7;540.6;1199.0;3506.8;0.2;2669.0;0;7
26;39;9.8;401.4;943.0;3267.8;0.1;2669.0;0;7
26;40;7.8;510.9;1068.0;3355.2;0.2;2669.0;0;7
26;41;9.9;381.4;942.0;3147.8;0.1;2661.0;1;8
26;42;9.1;440.1;1107.0;3361.3;0.1;2661.0;0;8
26;43;6.8;541.9;1192.0;3156.3;0.2;2547.0;1;9
26;44;7.2;524.7;1217.0;3201.3;0.2;2525.0;1;10
26;45;8.4;471.3;1075.0;3316.5;0.1;2525.0;0;10
26;46;6.9;525.8;1107.0;3075.0;0.2;2519.0;1;11
26;47;10.9;346.9;754.0;3124.2;0.1;2519.0;0;11
26;48;9.3;386.3;966.0;3010.0;0.1;2519.0;0;11
26;49;9.0;413.6;999.0;3101.2;0.1;2519.0;0;11
26;50;8.2;431.7;1040.0;2984.5;0.1;2519.0;0;11
26;51;7.1;465.0;1096.0;2816.5;0.2;2368.0;1;12
26;52;10.0;380.4;907.0;3168.3;0.1;2368.0;0;12
26;53;10.1;339.8;802.0;2852.7;0.1;2368.0;0;12
26;54;8.3;416.0;949.0;2897.0;0.1;2368.0;0;12
26;55;7.1;485.8;1209.0;2936.2;0.2;2368.0;0;12
26;56;8.5;399.7;1010.0;2860.2;0.1;2368.0;0;12
26;57;6.5;512.6;1362.0;2830.2;0.2;2124.0;1;13
26;58;6.7;505.8;1280.0;2900.0;0.2;2124.0;0;13
26;59;7.5;434.7;1002.0;2770.7;0.2;2124.0;0;13
26;60;7.9;400.3;1052.0;2654.7;0.2;2124.0;0;13
26;61;6.1;495.4;1254.0;2591.0;0.2;2108.0;1;14
26;62;11.2;308.7;773.0;2860.7;0.1;2108.0;0;14
26;63;8.7;365.9;811.0;2661.2;0.1;2108.0;0;14
26;64;7.0;441.4;1143.0;2625.3;0.2;2108.0;0;14
26;65;6.8;458.5;1332.0;2641.3;0.2;1901.0;1;15
26;66;7.7;422.2;975.0;2745.7;0.2;1901.0;0;15
26;67;8.4;376.5;939.0;2644.5;0.1;1901.0;0;15
26;68;8.8;362.8;986.0;2685.7;0.1;1901.0;0;15
26;69;8.8;350.0;805.0;2569.8;0.1;1901.0;0;15
26;70;7.7;426.0;997.0;2757.8;0.2;1901.0;0;15
26;71;5.9;513.1;1365.0;2590.2;0.2;1901.0;0;15
26;72;9.6;344.4;852.0;2750.8;0.1;1901.0;0;15
26;73;9.1;358.3;867.0;2723.8;0.1;1901.0;0;15
26;74;8.6;363.1;999.0;2610.2;0.1;1901.0;0;15
26;75;7.5;420.4;973.0;2656.0;0.2;1901.0;0;15
26;76;8.4;367.0;952.0;2603.0;0.1;1901.0;0;15
26;77;11.0;296.5;662.0;2688.5;0.1;1901.0;0;15
26;78;7.8;391.8;1077.0;2580.7;0.2;1901.0;0;15
26;79;10.0;335.2;847.0;2773.5;0.1;1901.0;0;15
26;80;11.0;271.2;827.0;2470.7;0.1;1901.0;0;15
26;81;8.0;365.9;1218.0;2470.8;0.1;1875.0;1;16
26;82;8.8;347.0;1121.0;2570.3;0.1;1875.0;0;16
26;83;14.5;224.7;673.0;2665.0;0.1;1875.0;0;16
26;84;9.6;317.1;979.0;2545.8;0.1;1875.0;0;16
26;85;11.9;266.0;820.0;2615.7;0.1;1875.0;0;16
26;86;10.3;297.9;928.0;2555.7;0.1;1875.0;0;16
26;87;10.7;297.9;1003.0;2649.0;0.1;1875.0;0;16
26;88;10.5;284.3;872.0;2466.7;0.1;1875.0;0;16
26;89;7.7;379.7;1092.0;2468.8;0.2;1875.0;0;16
26;90;9.7;311.8;1027.0;2507.0;0.1;1875.0;0;16
26;91;9.8;310.0;1036.0;2518.0;0.1;1875.0;0;16
26;92;8.0;375.5;1108.0;2528.7;0.1;1875.0;0;16
26;93;9.5;319.1;1023.0;2528.5;0.1;1875.0;0;16
26;94;8.4;363.0;1077.0;2561.0;0.1;1875.0;0;16
26;95;8.5;350.0;1086.0;2497.3;0.1;1875.0;0;16
26;96;9.0;333.2;998.0;2506.0;0.1;1875.0;0;16
26;97;9.0;318.2;948.0;2395.5;0.1;1875.0;0;16
26;98;9.7;316.9;1057.0;2548.0;0.1;1875.0;0;16
26;99;10.7;281.3;857.0;2487.5;0.1;1875.0;0;16
27;0;12.0;416.4;993.0;4127.0;0.1;3463.0;1;1
27;1;10.0;494.1;1119.0;4123.5;0.1;3369.0;1;2
27;2;12.0;413.0;1148.0;4072.8;0.1;3256.0;1;3
27;3;10.0;494.1;1224.0;4097.2;0.1;3256.0;0;3
27;4;9.7;522.4;1175.0;4211.0;0.1;3256.0;0;3
27;5;8.1;592.5;1584.0;4028.8;0.1;2944.0;1;4
27;6;11.1;444.5;1181.0;4094.5;0.1;2944.0;0;4
27;7;13.5;359.2;1082.0;3975.3;0.1;2944.0;0;4
27;8;9.3;534.8;1283.0;4131.7;0.1;2944.0;0;4
27;9;11.7;421.4;1006.0;4052.2;0.1;2944.0;0;4
27;10;8.1;572.3;1266.0;3912.0;0.1;2944.0;0;4
27;11;18.0;280.2;666.0;4081.0;0.1;2944.0;0;4
27;12;13.0;388.5;912.0;4151.0;0.1;2944.0;0;4
27;13;11.6;435.7;1057.0;4173.8;0.1;2944.0;0;4
27;14;9.8;502.2;1336.0;4092.3;0.1;2944.0;0;4
27;15;12.0;413.0;995.0;4096.2;0.1;2944.0;0;4
27;16;13.1;383.3;938.0;4113.8;0.1;2944.0;0;4
27;17;8.3;566.8;1296.0;3951.3;0.1;2944.0;0;4
27;18;9.9;473.8;1135.0;3902.5;0.1;2944.0;0;4
27;19;10.2;451.5;966.0;3836.3;0.1;2944.0;0;4
27;20;7.7;571.6;1348.0;3737.5;0.2;2944.0;0;4
27;21;9.0;511.5;1435.0;3834.3;0.1;2944.0;0;4
27;22;8.3;530.8;1361.0;3684.5;0.1;2944.0;0;4
27;23;8.6;516.9;1104.0;3729.5;0.1;2944.0;0;4
27;24;8.1;530.1;1341.0;3624.7;0.1;2814.0;1;5
27;25;7.8;556.9;1238.0;3665.3;0.2;2814.0;0;5
27;26;8.2;545.8;1376.0;3783.8;0.1;2814.0;0;5
27;27;8.8;516.2;1241.0;3807.5;0.1;2814.0;0;5
27;28;11.7;388.0;847.0;3748.7;0.1;2814.0;0;5
27;29;11.4;391.3;1045.0;3681.8;0.1;2814.0;0;5
27;30;7.4;590.0;1261.0;3708.8;0.2;2814.0;0;5
27;31;10.4;418.9;951.0;3601.8;0.1;2814.0;0;5
27;32;7.8;526.2;1354.0;3464.8;0.2;2783.0;1;6
27;33;8.3;513.1;1275.0;3594.3;0.1;2783.0;0;6
27;34;9.1;462.4;1102.0;3503.5;0.1;2783.0;0;6
27;35;8.3;503.5;1291.0;3507.3;0.1;2708.0;1;7
27;36;7.7;521.8;1297.0;3397.8;0.2;2659.0;1;8
27;37;8.6;456.7;1051.0;3288.3;0.1;2659.0;0;8
27;38;8.4;486.4;1121.0;3444.5;0.1;2659.0;0;8
27;39;8.4;470.3;1260.0;3323.3;0.1;2543.0;1;9
27;40;8.6;467.0;1095.0;3364.3;0.1;2543.0;0;9
27;41;12.1;346.4;863.0;3440.7;0.1;2543.0;0;9
27;42;7.4;522.2;1136.0;3258.7;0.2;2543.0;0;9
27;43;7.3;505.9;1132.0;3145.7;0.2;2543.0;0;9
27;44;8.1;478.5;1247.0;3277.8;0.1;2543.0;0;9
27;45;9.1;416.4;994.0;3177.5;0.1;2543.0;0;9
27;46;9.8;394.5;942.0;3204.7;0.1;2543.0;0;9
27;47;7.8;471.2;1099.0;3106.8;0.2;2504.0;1;10
27;48;8.4;450.1;1184.0;3157.5;0.1;2504.0;0;10
27;49;9.0;406.5;1019.0;3045.3;0.1;2504.0;0;10
27;50;6.5;534.7;1328.0;2960.3;0.2;2420.0;1;11
27;51;7.1;519.2;1333.0;3141.0;0.2;2420.0;0;11
27;52;7.0;497.7;1114.0;2953.2;0.2;2420.0;0;11
27;53;9.0;396.0;997.0;2989.0;0.1;2420.0;0;11
27;54;7.9;453.1;1064.0;3010.8;0.2;2420.0;0;11
27;55;9.2;380.1;904.0;2910.2;0.1;2420.0;0;11
27;56;7.1;486.4;1363.0;2917.8;0.2;2200.0;1;12
27;57;9.1;392.5;1000.0;3000.3;0.1;2200.0;0;12
27;58;7.5;462.4;1167.0;2932.5;0.2;2200.0;0;12
27;59;7.2;464.4;1135.0;2854.3;0.2;2200.0;0;12
27;60;8.6;437.5;1180.0;3150.7;0.1;2200.0;0;12
27;61;10.4;341.6;830.0;2938.0;0.1;2200.0;0;12
27;62;10.6;343.9;906.0;3024.7;0.1;2200.0;0;12
27;63;7.9;442.7;984.0;2946.5;0.2;2200.0;0;12
27;64;8.9;389.8;934.0;2899.0;0.1;2200.0;0;12
27;65;7.4;457.2;1174.0;2867.2;0.2;2200.0;0;12
27;66;9.7;382.6;997.0;3081.7;0.1;2200.0;0;12
27;67;9.0;372.2;899.0;2813.5;0.1;2200.0;0;12
27;68;8.3;397.1;951.0;2771.7;0.1;2200.0;0;12
27;69;9.8;337.3;827.0;2746.3;0.1;2200.0;0;12
27;70;10.0;323.9;803.0;2690.8;0.1;2200.0;0;12
27;71;10.5;317.0;796.0;2760.2;0.1;2200.0;0;12
27;72;6.6;452.2;1126.0;2553.5;0.2;2069.0;1;13
27;73;11.7;282.1;720.0;2709.5;0.1;2069.0;0;13
27;74;9.6;347.1;778.0;2781.5;0.1;2069.0;0;13
27;75;7.3;428.1;1034.0;2659.2;0.2;2069.0;0;13
27;76;9.4;342.8;901.0;2691.3;0.1;2069.0;0;13
27;77;8.1;380.0;950.0;2582.3;0.1;2069.0;0;13
27;78;9.4;324.4;834.0;2552.0;0.1;2069.0;0;13
27;79;8.5;371.7;914.0;2652.8;0.1;2069.0;0;13
27;80;10.5;290.9;832.0;2524.2;0.1;2069.0;0;13
27;81;8.8;335.6;992.0;2471.8;0.1;2069.0;0;13
27;82;9.7;316.4;985.0;2566.7;0.1;2069.0;0;13
27;83;8.3;353.0;1051.0;2473.3;0.1;2069.0;0;13
27;84;13.4;242.0;718.0;2650.8;0.1;2069.0;0;13
27;85;11.9;257.7;861.0;2527.8;0.1;2069.0;0;13
27;86;11.3;274.1;824.0;2562.7;0.1;2069.0;0;13
27;87;9.3;330.9;970.0;2564.5;0.1;2069.0;0;13
27;88;9.2;316.0;927.0;2438.3;0.1;2069.0;0;13
27;89;15.8;192.5;579.0;2477.0;0.1;2069.0;0;13
27;90;11.0;275.4;816.0;2514.2;0.1;2069.0;0;13
27;91;12.5;248.7;734.0;2560.7;0.1;2069.0;0;13
27;92;9.2;324.3;1017.0;2486.2;0.1;2069.0;0;13
27;93;9.3;336.4;1045.0;2618.2;0.1;2069.0;0;13
27;94;11.5;264.9;845.0;2503.5;0.1;2069.0;0;13
27;95;11.3;266.5;796.0;2497.0;0.1;2069.0;0;13
27;96;9.6;313.5;904.0;2500.2;0.1;2069.0;0;13
27;97;11.7;264.0;841.0;2539.3;0.1;2069.0;0;13
27;98;11.4;271.6;862.0;2555.8;0.1;2069.0;0;13
27;99;8.6;359.1;1066.0;2585.7;0.1;2069.0;0;13
28;0;11.1;441.3;997.0;4065.2;0.1;3410.0;1;1
28;1;9.4;525.2;1312.0;4107.5;0.1;3212.0;1;2
28;2;11.5;434.8;1025.0;4118.8;0.1;3212.0;0;2
28;3;10.1;488.7;1199.0;4111.8;0.1;3212.0;0;2
28;4;8.6;559.3;1537.0;4012.5;0.1;2935.0;1;3
28;5;15.5;329.6;865.0;4160.0;0.1;2935.0;0;3
28;6;9.8;502.1;1205.0;4086.7;0.1;2935.0;0;3
28;7;12.7;398.8;963.0;4166.8;0.1;2935.0;0;3
28;8;14.1;357.7;911.0;4109.2;0.1;2935.0;0;3
28;9;11.4;440.8;995.0;4156.0;0.1;2935.0;0;3
28;10;10.4;473.2;1120.0;4071.8;0.1;2935.0;0;3
28;11;10.2;479.4;1098.0;4050.0;0.1;2935.0;0;3
28;12;8.1;585.4;1311.0;3970.7;0.1;2935.0;0;3
28;13;13.4;376.3;933.0;4128.2;0.1;2935.0;0;3
28;14;14.5;362.4;806.0;4294.3;0.1;2935.0;0;3
28;15;11.6;421.8;1065.0;4036.5;0.1;2935.0;0;3
28;16;17.2;296.3;723.0;4134.8;0.1;2935.0;0;3
28;17;10.9;436.8;1087.0;3940.2;0.1;2935.0;0;3
28;18;7.9;577.2;1288.0;3825.2;0.2;2935.0;0;3
28;19;8.6;527.0;1283.0;3819.8;0.1;2935.0;0;3
28;20;12.0;402.9;929.0;3995.8;0.1;2935.0;0;3
28;21;10.5;464.8;1143.0;4057.0;0.1;2935.0;0;3
28;22;9.7;481.4;1174.0;3890.5;0.1;2935.0;0;3
28;23;8.5;520.1;1239.0;3701.0;0.1;2935.0;0;3
28;24;9.5;480.9;1031.0;3815.5;0.1;2935.0;0;3
28;25;8.5;534.4;1255.0;3820.3;0.1;2935.0;0;3
28;26;7.8;561.5;1259.0;3712.2;0.2;2935.0;0;3
28;27;9.3;466.2;1154.0;3635.5;0.1;2935.0;0;3
28;28;7.1;582.4;1336.0;3533.7;0.2;2781.0;1;4
28;29;11.7;383.4;1038.0;3700.2;0.1;2781.0;0;4
28;30;8.8;509.2;1258.0;3757.8;0.1;2781.0;0;4
28;31;9.9;429.6;1166.0;3541.7;0.1;2781.0;0;4
28;32;9.0;475.5;1194.0;3595.5;0.1;2781.0;0;4
28;33;10.6;415.9;944.0;3650.5;0.1;2781.0;0;4
28;34;10.0;431.0;983.0;3593.3;0.1;2781.0;0;4
28;35;8.3;502.8;1170.0;3497.7;0.1;2781.0;0;4
28;36;12.3;365.1;914.0;3697.0;0.1;2781.0;0;4
28;37;8.9;470.9;1197.0;3516.0;0.1;2776.0;1;5
28;38;9.7;429.2;1046.0;3458.3;0.1;2776.0;0;5
28;39;7.2;542.6;1309.0;3327.7;0.2;2551.0;1;6
28;40;6.3;630.7;1469.0;3413.2;0.2;2551.0;0;6
28;41;7.2;545.6;1275.0;3344.8;0.2;2551.0;0;6
28;42;10.9;397.2;868.0;3567.8;0.1;2551.0;0;6
28;43;7.3;548.3;1406.0;3410.3;0.2;2551.0;0;6
28;44;7.1;562.3;1449.0;3377.5;0.2;2524.0;1;7
28;45;7.9;499.2;1118.0;3326.2;0.2;2524.0;0;7
28;46;7.0;569.1;1347.0;3387.5;0.2;2524.0;0;7
28;47;7.7;499.1;1124.0;3236.7;0.2;2524.0;0;7
28;48;10.0;400.7;913.0;3318.8;0.1;2524.0;0;7
28;49;9.5;402.6;978.0;3177.0;0.1;2524.0;0;7
28;50;8.6;430.7;1025.0;3098.2;0.1;2524.0;0;7
28;51;8.3;451.4;1113.0;3147.7;0.1;2524.0;0;7
28;52;7.2;545.8;1556.0;3327.7;0.2;2453.0;1;8
28;53;7.0;520.9;1240.0;3080.7;0.2;2453.0;0;8
28;54;7.2;493.3;1267.0;3026.5;0.2;2434.0;1;9
28;55;5.9;595.6;1481.0;3039.7;0.2;2363.0;1;10
28;56;8.0;463.6;1144.0;3108.2;0.1;2363.0;0;10
28;57;10.0;387.2;993.0;3203.8;0.1;2363.0;0;10
28;58;7.5;466.9;1162.0;2962.5;0.2;2363.0;0;10
28;59;10.3;384.9;940.0;3295.7;0.1;2363.0;0;10
28;60;8.7;419.7;1113.0;3069.5;0.1;2363.0;0;10
28;61;10.0;382.0;940.0;3174.2;0.1;2363.0;0;10
28;62;6.3;548.7;1426.0;2958.7;0.2;2283.0;1;11
28;63;7.9;463.0;1296.0;3074.0;0.2;2283.0;0;11
28;64;7.1;506.3;1154.0;3033.5;0.2;2283.0;0;11
28;65;7.4;464.9;1081.0;2924.5;0.2;2283.0;0;11
28;66;6.2;559.5;1376.0;2957.3;0.2;2283.0;0;11
28;67;9.4;397.8;998.0;3120.7;0.1;2283.0;0;11
28;68;7.5;460.2;1194.0;2912.3;0.2;2283.0;0;11
28;69;7.2;482.2;1287.0;2949.8;0.2;2283.0;0;11
28;70;8.6;386.5;1071.0;2802.0;0.1;2283.0;0;11
28;71;8.1;449.2;1251.0;3058.2;0.1;2283.0;0;11
28;72;7.2;469.8;1188.0;2878.7;0.2;2283.0;0;11
28;73;7.2;492.5;1138.0;2999.5;0.2;2283.0;0;11
28;74;7.0;488.2;1325.0;2915.0;0.2;2239.0;1;12
28;75;9.1;384.1;932.0;2927.7;0.1;2239.0;0;12
28;76;7.4;452.1;1081.0;2850.5;0.2;2239.0;0;12
28;77;6.0;512.0;1425.0;2652.0;0.2;1903.0;1;13
28;78;6.9;479.9;1227.0;2822.2;0.2;1903.0;0;13
28;79;7.3;453.2;1143.0;2793.8;0.2;1903.0;0;13
28;80;9.8;329.6;1030.0;2691.8;0.1;1903.0;0;13
28;81;9.9;328.3;922.0;2691.3;0.1;1903.0;0;13
28;82;10.7;313.9;1017.0;2784.8;0.1;1903.0;0;13
28;83;7.5;401.3;1341.0;2549.8;0.2;1903.0;0;13
28;84;10.5;308.2;900.0;2672.5;0.1;1903.0;0;13
28;85;10.2;302.3;977.0;2551.8;0.1;1903.0;0;13
28;86;8.0;368.7;1140.0;2480.7;0.1;1903.0;0;13
28;87;11.7;261.6;758.0;2532.3;0.1;1903.0;0;13
28;88;9.3;328.8;977.0;2544.5;0.1;1903.0;0;13
28;89;10.5;281.0;948.0;2446.3;0.1;1903.0;0;13
28;90;13.6;218.5;664.0;2426.8;0.1;1903.0;0;13
28;91;8.9;337.6;1049.0;2517.7;0.1;1903.0;0;13
28;92;8.4;347.4;1045.0;2458.8;0.1;1903.0;0;13
28;93;9.6;303.0;904.0;2424.3;0.1;1903.0;0;13
28;94;9.3;291.4;934.0;2271.3;0.1;1903.0;0;13
28;95;14.1;201.9;613.0;2332.0;0.1;1903.0;0;13
28;96;19.4;152.9;436.0;2391.5;0.1;1903.0;0;13
28;97;19.3;156.6;471.0;2442.0;0.1;1903.0;0;13
28;98;10.9;265.7;862.0;2392.3;0.1;1903.0;0;13
28;99;15.0;195.1;609.0;2388.0;0.1;1903.0;0;13
29;0;12.5;404.8;1047.0;4148.0;0.1;3490.0;1;1
29;1;8.8;552.2;1401.0;4082.2;0.1;3155.0;1;2
29;2;12.8;395.4;898.0;4145.8;0.1;3155.0;0;2
29;3;10.3;484.4;1222.0;4133.5;0.1;3155.0;0;2
29;4;9.2;525.5;1207.0;4043.3;0.1;3155.0;0;2
29;5;11.2;447.7;1131.0;4143.5;0.1;3155.0;0;2
29;6;12.6;389.0;901.0;4037.2;0.1;3155.0;0;2
29;7;13.4;368.3;916.0;4029.5;0.1;3155.0;0;2
29;8;10.0;466.6;1024.0;3874.3;0.1;3155.0;0;2
29;9;10.7;462.3;1142.0;4091.8;0.1;3155.0;0;2
29;10;9.6;510.5;1188.0;4097.5;0.1;3155.0;0;2
29;11;10.9;454.1;1011.0;4097.3;0.1;3155.0;0;2
29;12;8.7;532.2;1386.0;3880.3;0.1;3018.0;1;3
29;13;14.4;347.0;881.0;4071.7;0.1;3018.0;0;3
29;14;13.2;382.2;1002.0;4134.7;0.1;3018.0;0;3
29;15;10.0;476.3;1288.0;3949.5;0.1;3018.0;0;3
29;16;10.1;478.0;1111.0;4009.3;0.1;3018.0;0;3
29;17;6.9;639.4;1529.0;3749.0;0.2;2862.0;1;4
29;18;12.8;371.3;854.0;3899.7;0.1;2862.0;0;4
29;19;7.9;571.4;1380.0;3811.2;0.1;2862.0;0;4
29;20;11.2;417.8;1000.0;3866.3;0.1;2862.0;0;4
29;21;8.3;533.4;1291.0;3708.3;0.1;2862.0;0;4
29;22;8.7;520.1;1217.0;3783.3;0.1;2862.0;0;4
29;23;10.4;437.9;1131.0;3781.5;0.1;2862.0;0;4
29;24;7.7;561.8;1233.0;3665.3;0.2;2862.0;0;4
29;25;7.2;596.9;1389.0;3649.8;0.2;2849.0;1;5
29;26;9.8;463.2;1176.0;3763.8;0.1;2849.0;0;5
29;27;11.0;422.5;952.0;3854.0;0.1;2849.0;0;5
29;28;10.1;446.1;1255.0;3742.5;0.1;2849.0;0;5
29;29;10.8;421.9;974.0;3776.2;0.1;2849.0;0;5
29;30;10.6;419.9;980.0;3697.3;0.1;2849.0;0;5
29;31;8.4;513.1;1271.0;3631.0;0.1;2849.0;0;5
29;32;8.1;549.1;1411.0;3728.2;0.1;2849.0;0;5
29;33;8.9;494.3;1155.0;3700.3;0.1;2849.0;0;5
29;34;8.3;500.0;1284.0;3482.5;0.1;2719.0;1;6
29;35;9.3;466.1;1110.0;3616.3;0.1;2719.0;0;6
29;36;6.5;622.7;1570.0;3458.7;0.2;2509.0;1;7
29;37;7.7;515.3;1193.0;3347.7;0.2;2509.0;0;7
29;38;7.0;553.3;1254.0;3298.7;0.2;2509.0;0;7
29;39;6.7;608.0;1396.0;3461.7;0.2;2509.0;0;7
29;40;6.9;578.4;1491.0;3390.3;0.2;2509.0;0;7
29;41;8.8;467.2;1111.0;3456.5;0.1;2509.0;0;7
29;42;9.6;415.4;963.0;3317.8;0.1;2509.0;0;7
29;43;12.7;336.9;808.0;3515.0;0.1;2509.0;0;7
29;44;6.4;609.3;1338.0;3344.3;0.2;2509.0;0;7
29;45;6.8;565.1;1400.0;3268.7;0.2;2500.0;1;8
29;46;9.8;392.2;993.0;3197.0;0.1;2500.0;0;8
29;47;12.0;329.2;788.0;3252.7;0.1;2500.0;0;8
29;48;10.9;346.1;885.0;3125.2;0.1;2500.0;0;8
29;49;8.4;427.4;1201.0;3022.8;0.1;2394.0;1;9
29;50;6.7;528.1;1358.0;3022.0;0.2;2356.0;1;10
29;51;8.4;428.8;1166.0;3020.5;0.1;2356.0;0;10
29;52;6.8;509.3;1263.0;2966.5;0.2;2356.0;0;10
29;53;10.1;361.5;824.0;3043.3;0.1;2356.0;0;10
29;54;7.1;472.1;1229.0;2833.8;0.2;2301.0;1;11
29;55;6.9;474.2;1175.0;2787.2;0.2;2268.0;1;12
29;56;8.3;415.9;1031.0;2888.0;0.1;2268.0;0;12
29;57;7.3;494.5;1178.0;3046.8;0.2;2268.0;0;12
29;58;7.1;459.3;1370.0;2753.7;0.2;1981.0;1;13
29;59;6.7;480.1;1137.0;2734.0;0.2;1981.0;0;13
29;60;8.9;376.5;1092.0;2794.5;0.1;1981.0;0;13
29;61;8.3;412.1;979.0;2870.3;0.1;1981.0;0;13
29;62;8.1;402.6;1023.0;2746.8;0.1;1981.0;0;13
29;63;6.8;492.8;1167.0;2856.2;0.2;1981.0;0;13
29;64;7.4;433.5;1156.0;2719.2;0.2;1981.0;0;13
29;65;7.4;445.7;1047.0;2799.7;0.2;1981.0;0;13
29;66;9.1;346.0;838.0;2620.7;0.1;1981.0;0;13
29;67;9.3;353.9;846.0;2760.8;0.1;1981.0;0;13
29;68;6.2;508.7;1159.0;2724.7;0.2;1981.0;0;13
29;69;7.8;423.6;1102.0;2801.2;0.2;1981.0;0;13
29;70;6.5;481.2;1198.0;2660.7;0.2;1981.0;0;13
29;71;6.9;481.4;1113.0;2810.0;0.2;1981.0;0;13
29;72;7.9;419.2;1096.0;2780.5;0.2;1981.0;0;13
29;73;7.7;440.1;1102.0;2868.8;0.2;1981.0;0;13
29;74;6.0;542.9;1249.0;2783.0;0.2;1981.0;0;13
29;75;8.5;397.0;1013.0;2818.7;0.1;1981.0;0;13
29;76;6.6;463.8;1210.0;2613.0;0.2;1981.0;0;13
29;77;7.6;423.2;1017.0;2711.5;0.2;1981.0;0;13
29;78;6.7;496.4;1355.0;2832.8;0.2;1981.0;0;13
29;79;8.2;410.2;1022.0;2838.2;0.1;1981.0;0;13
29;80;9.5;324.5;968.0;2563.7;0.1;1981.0;0;13
29;81;7.0;410.1;1298.0;2436.2;0.2;1981.0;0;13
29;82;6.4;444.5;1252.0;2425.5;0.2;1981.0;0;13
29;83;10.5;292.2;953.0;2534.2;0.1;1981.0;0;13
29;84;9.9;324.0;1037.0;2662.7;0.1;1981.0;0;13
29;85;8.7;343.2;975.0;2499.5;0.1;1981.0;0;13
29;86;6.1;447.2;1356.0;2344.5;0.2;1830.0;1;14
29;87;6.9;436.9;1439.0;2560.3;0.2;1830.0;0;14
29;88;7.7;371.9;1178.0;2427.0;0.2;1830.0;0;14
29;89;7.9;349.1;1086.0;2319.5;0.2;1830.0;0;14
29;90;7.2;366.2;1128.0;2245.2;0.2;1830.0;0;14
29;91;9.3;312.2;927.0;2422.3;0.1;1830.0;0;14
29;92;12.6;246.6;799.0;2558.8;0.1;1830.0;0;14
29;93;13.1;241.9;763.0;2596.3;0.1;1830.0;0;14
29;94;10.2;291.9;921.0;2473.7;0.1;1830.0;0;14
29;95;9.7;301.1;906.0;2432.7;0.1;1830.0;0;14
29;96;7.8;388.4;1160.0;2548.8;0.2;1830.0;0;14
29;97;7.5;380.9;1174.0;2427.2;0.2;1830.0;0;14
29;98;7.3;370.2;1072.0;2282.2;0.2;1830.0;0;14
29;99;7.5;391.2;1254.0;2489.0;0.2;1830.0;0;14
30;0;10.0;496.3;1210.0;4112.8;0.1;3297.0;1;1
30;1;12.3;416.4;947.0;4198.3;0.1;3297.0;0;1
30;2;9.2;524.8;1254.0;4053.3;0.1;3197.0;1;2
30;3;8.7;560.4;1411.0;4102.8;0.1;3113.0;1;3
30;4;13.1;387.9;931.0;4165.0;0.1;3113.0;0;3
30;5;10.8;460.2;1180.0;4123.0;0.1;3113.0;0;3
30;6;11.2;447.8;1090.0;4159.7;0.1;3113.0;0;3
30;7;11.5;432.4;1146.0;4090.2;0.1;3113.0;0;3
30;8;13.7;371.2;937.0;4150.5;0.1;3113.0;0;3
30;9;11.4;446.0;1075.0;4182.8;0.1;3113.0;0;3
30;10;14.2;343.8;875.0;3992.7;0.1;3113.0;0;3
30;11;12.4;393.2;998.0;4021.7;0.1;3113.0;0;3
30;12;12.0;407.3;1102.0;4021.3;0.1;3113.0;0;3
30;13;11.8;415.3;995.0;4034.7;0.1;3113.0;0;3
30;14;10.4;479.1;1142.0;4127.2;0.1;3113.0;0;3
30;15;12.6;391.9;1054.0;4058.2;0.1;3113.0;0;3
30;16;10.2;476.1;1149.0;4036.0;0.1;3113.0;0;3
30;17;9.6;476.8;1093.0;3810.8;0.1;3113.0;0;3
30;18;10.4;444.2;1041.0;3821.8;0.1;3113.0;0;3
30;19;10.8;427.9;1006.0;3836.5;0.1;3113.0;0;3
30;20;10.7;425.4;1112.0;3772.7;0.1;3113.0;0;3
30;21;8.3;525.9;1264.0;3679.5;0.1;2984.0;1;4
30;22;6.6;644.3;1473.0;3613.8;0.2;2780.0;1;5
30;23;8.7;516.0;1252.0;3780.2;0.1;2780.0;0;5
30;24;9.4;481.5;1200.0;3781.7;0.1;2780.0;0;5
30;25;7.3;599.8;1430.0;3698.2;0.2;2780.0;0;5
30;26;9.0;488.8;1250.0;3670.0;0.1;2780.0;0;5
30;27;9.1;500.8;1162.0;3820.8;0.1;2780.0;0;5
30;28;8.2;511.0;1154.0;3516.7;0.1;2780.0;0;5
30;29;7.5;567.4;1289.0;3592.5;0.2;2780.0;0;5
30;30;6.2;671.4;1504.0;3560.0;0.2;2780.0;0;5
30;31;7.9;550.9;1311.0;3656.2;0.2;2780.0;0;5
30;32;9.7;460.8;1076.0;3737.2;0.1;2780.0;0;5
30;33;9.4;463.7;1007.0;3621.5;0.1;2780.0;0;5
30;34;7.2;600.2;1626.0;3678.3;0.2;2630.0;1;6
30;35;7.1;583.2;1441.0;3513.7;0.2;2630.0;0;6
30;36;7.1;572.4;1310.0;3473.0;0.2;2630.0;0;6
30;37;9.3;460.0;1129.0;3578.3;0.1;2630.0;0;6
30;38;10.4;425.8;1011.0;3687.5;0.1;2630.0;0;6
30;39;7.0;580.3;1367.0;3460.5;0.2;2630.0;0;6
30;40;8.4;487.1;1116.0;3446.0;0.1;2630.0;0;6
30;41;9.2;453.2;1027.0;3493.7;0.1;2630.0;0;6
30;42;10.1;397.1;948.0;3334.3;0.1;2630.0;0;6
30;43;12.6;343.6;897.0;3545.5;0.1;2630.0;0;6
30;44;7.3;536.6;1253.0;3325.2;0.2;2630.0;0;6
30;45;7.2;542.5;1309.0;3316.0;0.2;2616.0;1;7
30;46;8.2;478.9;1317.0;3286.0;0.1;2516.0;1;8
30;47;7.7;510.7;1290.0;3338.5;0.2;2516.0;0;8
30;48;8.1;475.5;1396.0;3224.8;0.1;2381.0;1;9
30;49;8.6;450.6;1294.0;3257.8;0.1;2381.0;0;9
30;50;9.8;375.6;1090.0;3060.3;0.1;2381.0;0;9
30;51;5.5;673.3;1520.0;3182.0;0.2;2381.0;0;9
30;52;6.8;508.3;1289.0;2946.7;0.2;2381.0;0;9
30;53;7.5;489.8;1331.0;3115.7;0.2;2381.0;0;9
30;54;8.7;434.5;1156.0;3154.2;0.1;2381.0;0;9
30;55;8.2;453.8;1233.0;3132.7;0.1;2381.0;0;9
30;56;7.8;459.5;1328.0;3041.8;0.2;2362.0;1;10
30;57;9.6;370.8;890.0;2955.0;0.1;2362.0;0;10
30;58;7.4;501.1;1168.0;3135.2;0.2;2362.0;0;10
30;59;10.4;383.7;1024.0;3324.3;0.1;2362.0;0;10
30;60;6.5;522.5;1319.0;2887.0;0.2;2353.0;1;11
30;61;6.1;570.0;1452.0;2974.5;0.2;2353.0;0;11
30;62;8.0;450.9;1117.0;3054.7;0.1;2353.0;0;11
30;63;8.9;414.9;1018.0;3088.5;0.1;2353.0;0;11
30;64;7.8;464.0;1215.0;3066.7;0.2;2353.0;0;11
30;65;8.7;406.4;1041.0;2953.3;0.1;2353.0;0;11
30;66;6.5;510.0;1454.0;2841.8;0.2;2028.0;1;12
30;67;7.3;452.9;1079.0;2814.5;0.2;2028.0;0;12
30;68;6.0;541.8;1345.0;2804.5;0.2;2028.0;0;12
30;69;7.2;447.0;1121.0;2737.5;0.2;2028.0;0;12
30;70;7.1;440.0;1089.0;2660.5;0.2;2028.0;0;12
30;71;8.4;357.7;926.0;2535.2;0.1;2028.0;0;12
30;72;7.6;416.5;996.0;2671.5;0.2;2028.0;0;12
30;73;6.8;480.1;1095.0;2786.8;0.2;2028.0;0;12
30;74;7.0;463.4;1277.0;2744.5;0.2;2028.0;0;12
30;75;8.7;381.5;1022.0;2776.5;0.1;2028.0;0;12
30;76;5.5;545.4;1273.0;2617.3;0.2;2028.0;0;12
30;77;7.3;425.6;1038.0;2617.2;0.2;2028.0;0;12
30;78;8.8;355.9;807.0;2627.0;0.1;2028.0;0;12
30;79;5.5;551.4;1321.0;2618.3;0.2;2028.0;0;12
30;80;10.5;283.1;855.0;2469.2;0.1;2028.0;0;12
30;81;10.2;309.3;928.0;2618.2;0.1;2028.0;0;12
30;82;6.3;448.5;1384.0;2415.3;0.2;1968.0;1;13
30;83;7.2;389.5;1213.0;2387.0;0.2;1937.0;1;14
30;84;8.9;304.3;956.0;2271.0;0.1;1904.0;1;15
30;85;8.5;322.2;962.0;2289.0;0.1;1904.0;0;15
30;86;12.8;221.0;711.0;2324.7;0.1;1904.0;0;15
30;87;10.0;286.1;839.0;2375.0;0.1;1904.0;0;15
30;88;13.6;215.9;622.0;2405.0;0.1;1904.0;0;15
30;89;8.3;328.0;996.0;2289.3;0.1;1904.0;0;15
30;90;9.3;290.4;976.0;2259.8;0.1;1802.0;1;16
30;91;11.7;244.0;750.0;2359.8;0.1;1802.0;0;16
30;92;8.8;299.9;957.0;2216.2;0.1;1802.0;0;16
30;93;7.4;360.8;1031.0;2259.5;0.2;1802.0;0;16
30;94;9.3;277.3;822.0;2162.5;0.1;1802.0;0;16
30;95;8.7;311.5;938.0;2271.0;0.1;1802.0;0;16
30;96;10.8;260.5;754.0;2335.7;0.1;1802.0;0;16
30;97;8.2;342.1;1142.0;2354.0;0.1;1802.0;0;16
30;98;11.0;266.5;766.0;2429.3;0.1;1802.0;0;16
30;99;10.1;269.4;842.0;2255.5;0.1;1802.0;0;16
31;0;13.3;379.7;997.0;4139.2;0.1;3527.0;1;1
31;1;12.1;408.1;991.0;4076.2;0.1;3446.0;1;2
31;2;10.1;499.6;1333.0;4180.7;0.1;3231.0;1;3
31;3;15.8;314.8;791.0;4054.2;0.1;3231.0;0;3
31;4;8.4;576.7;1496.0;4070.2;0.1;3032.0;1;4
31;5;8.8;545.1;1231.0;4022.0;0.1;3032.0;0;4
31;6;9.8;501.8;1398.0;4101.8;0.1;3032.0;0;4
31;7;11.5;437.8;1280.0;4152.2;0.1;3032.0;0;4
31;8;11.1;451.3;1091.0;4155.0;0.1;3032.0;0;4
31;9;9.1;540.7;1402.0;4130.0;0.1;3032.0;0;4
31;10;9.7;504.3;1208.0;4068.0;0.1;3032.0;0;4
31;11;10.6;469.7;1137.0;4142.5;0.1;3032.0;0;4
31;12;9.0;530.8;1334.0;4015.2;0.1;3032.0;0;4
31;13;9.5;523.0;1145.0;4151.7;0.1;3032.0;0;4
31;14;10.9;456.2;1044.0;4104.7;0.1;3032.0;0;4
31;15;9.3;522.6;1313.0;4068.0;0.1;3032.0;0;4
31;16;12.6;389.1;899.0;4035.8;0.1;3032.0;0;4
31;17;8.2;563.0;1522.0;3867.3;0.1;2854.0;1;5
31;18;7.9;570.4;1327.0;3793.5;0.2;2854.0;0;5
31;19;6.7;662.4;1477.0;3786.0;0.2;2854.0;0;5
31;20;8.6;516.8;1235.0;3728.0;0.1;2854.0;0;5
31;21;8.2;543.7;1256.0;3740.5;0.1;2854.0;0;5
31;22;10.3;454.0;1105.0;3875.5;0.1;2854.0;0;5
31;23;10.5;455.8;1116.0;3985.2;0.1;2854.0;0;5
31;24;7.0;613.4;1402.0;3666.8;0.2;2854.0;0;5
31;25;8.8;513.6;1328.0;3788.0;0.1;2854.0;0;5
31;26;8.9;492.8;1153.0;3677.5;0.1;2854.0;0;5
31;27;10.5;429.5;1025.0;3745.7;0.1;2854.0;0;5
31;28;10.1;429.9;1053.0;3623.2;0.1;2854.0;0;5
31;29;7.2;590.9;1393.0;3609.0;0.2;2790.0;1;6
31;30;9.4;469.5;1289.0;3677.2;0.1;2790.0;0;6
31;31;7.7;563.1;1249.0;3650.0;0.2;2790.0;0;6
31;32;9.3;450.8;1178.0;3500.0;0.1;2759.0;1;7
31;33;7.4;563.2;1211.0;3543.5;0.2;2759.0;0;7
31;34;10.2;420.0;981.0;3544.8;0.1;2759.0;0;7
31;35;7.6;527.6;1272.0;3403.5;0.2;2754.0;1;8
31;36;10.1;410.3;1007.0;3436.5;0.1;2754.0;0;8
31;37;8.6;472.4;1213.0;3401.5;0.1;2691.0;1;9
31;38;8.9;466.6;964.0;3459.3;0.1;2691.0;0;9
31;39;11.4;374.1;925.0;3516.2;0.1;2691.0;0;9
31;40;6.9;575.5;1444.0;3401.7;0.2;2521.0;1;10
31;41;9.3;443.0;1181.0;3429.5;0.1;2521.0;0;10
31;42;10.3;402.3;989.0;3443.5;0.1;2521.0;0;10
31;43;7.4;532.8;1291.0;3318.5;0.2;2521.0;0;10
31;44;8.1;513.2;1176.0;3496.3;0.1;2521.0;0;10
31;45;11.2;378.2;846.0;3498.8;0.1;2521.0;0;10
31;46;7.0;547.3;1226.0;3270.7;0.2;2521.0;0;10
31;47;8.9;435.2;992.0;3230.7;0.1;2521.0;0;10
31;48;8.3;449.4;1172.0;3146.8;0.1;2521.0;0;10
31;49;8.7;423.1;1106.0;3088.0;0.1;2521.0;0;10
31;50;8.2;443.6;1107.0;3071.2;0.1;2521.0;0;10
31;51;6.2;559.7;1330.0;2973.0;0.2;2428.0;1;11
31;52;6.3;539.9;1269.0;2933.3;0.2;2426.0;1;12
31;53;7.8;466.5;1187.0;3075.0;0.2;2426.0;0;12
31;54;8.3;450.1;1270.0;3139.8;0.1;2426.0;0;12
31;55;7.7;467.0;1173.0;3032.3;0.2;2426.0;0;12
31;56;6.8;481.9;1084.0;2792.2;0.2;2401.0;1;13
31;57;8.9;404.4;1021.0;3006.0;0.1;2401.0;0;13
31;58;8.2;465.9;1092.0;3211.0;0.1;2401.0;0;13
31;59;8.0;461.2;1144.0;3126.3;0.1;2401.0;0;13
31;60;7.3;474.8;1153.0;2921.2;0.2;2401.0;0;13
31;61;8.1;448.1;1010.0;3050.7;0.1;2401.0;0;13
31;62;8.2;433.4;1037.0;2993.0;0.1;2401.0;0;13
31;63;6.0;545.3;1417.0;2818.8;0.2;2172.0;1;14
31;64;7.0;476.7;1113.0;2855.2;0.2;2172.0;0;14
31;65;8.0;425.0;1016.0;2850.3;0.1;2172.0;0;14
31;66;10.7;325.5;886.0;2879.8;0.1;2172.0;0;14
31;67;7.2;449.0;1096.0;2752.7;0.2;2172.0;0;14
31;68;6.9;470.2;1271.0;2774.8;0.2;2125.0;1;15
31;69;8.7;390.0;1020.0;2831.3;0.1;2125.0;0;15
31;70;7.7;420.7;1122.0;2732.5;0.2;2125.0;0;15
31;71;8.2;393.7;979.0;2718.5;0.1;2125.0;0;15
31;72;7.7;433.6;1127.0;2812.5;0.2;2125.0;0;15
31;73;9.4;355.2;883.0;2779.7;0.1;2125.0;0;15
31;74;9.3;358.1;961.0;2768.5;0.1;2125.0;0;15
31;75;7.8;393.6;953.0;2580.5;0.2;2125.0;0;15
31;76;9.5;349.9;887.0;2768.3;0.1;2125.0;0;15
31;77;7.5;424.4;1082.0;2709.0;0.2;2125.0;0;15
31;78;8.3;385.6;1005.0;2681.0;0.1;2125.0;0;15
31;79;7.6;401.8;1010.0;2586.2;0.2;2125.0;0;15
31;80;13.6;244.8;797.0;2723.0;0.1;2125.0;0;15
31;81;10.1;308.6;970.0;2597.5;0.1;2102.0;1;16
31;82;10.0;304.0;918.0;2535.2;0.1;2102.0;0;16
31;83;9.0;323.9;940.0;2448.2;0.1;2102.0;0;16
31;84;10.8;286.9;888.0;2554.7;0.1;2102.0;0;16
31;85;9.1;344.0;1029.0;2612.5;0.1;2102.0;0;16
31;86;9.4;344.8;1136.0;2691.2;0.1;2102.0;0;16
31;87;10.6;289.9;883.0;2555.0;0.1;2102.0;0;16
31;88;9.6;324.0;1000.0;2601.2;0.1;2102.0;0;16
31;89;7.8;373.1;1085.0;2445.2;0.2;2086.0;1;17
31;90;9.5;318.3;975.0;2521.7;0.1;2086.0;0;17
31;91;10.8;271.0;795.0;2428.0;0.1;2086.0;0;17
31;92;8.1;358.6;1036.0;2449.8;0.1;2067.0;1;18
31;93;8.3;340.1;1058.0;2384.5;0.1;2025.0;1;19
31;94;8.7;330.9;948.0;2414.3;0.1;2022.0;1;20
31;95;9.9;290.7;847.0;2403.3;0.1;2022.0;0;20
31;96;9.5;300.9;954.0;2375.8;0.1;1980.0;1;21
31;97;9.2;305.1;912.0;2353.5;0.1;1980.0;0;21
31;98;8.7;318.1;957.0;2330.3;0.1;1980.0;0;21
31;99;8.9;312.9;1022.0;2332.8;0.1;1898.0;1;22
32;0;10.3;488.4;1183.0;4183.7;0.1;3359.0;1;1
32;1;9.0;546.9;1293.0;4106.5;0.1;3250.0;1;2
32;2;17.3;292.9;699.0;4109.8;0.1;3250.0;0;2
32;3;9.0;540.6;1383.0;4050.7;0.1;3157.0;1;3
32;4;10.6;438.2;1046.0;3860.8;0.1;3157.0;0;3
32;5;12.8;403.1;912.0;4226.7;0.1;3157.0;0;3
32;6;11.5;429.0;1061.0;4066.2;0.1;3157.0;0;3
32;7;12.8;407.0;1120.0;4272.3;0.1;3157.0;0;3
32;8;10.4;478.0;1269.0;4122.2;0.1;3157.0;0;3
32;9;9.4;504.8;1368.0;3956.8;0.1;3071.0;1;4
32;10;9.1;544.5;1322.0;4119.8;0.1;3071.0;0;4
32;11;12.0;419.0;970.0;4124.0;0.1;3071.0;0;4
32;12;9.2;531.5;1394.0;4091.8;0.1;3071.0;0;4
32;13;11.8;413.6;945.0;4025.5;0.1;3071.0;0;4
32;14;13.7;360.2;985.0;4035.3;0.1;3071.0;0;4
32;15;16.6;304.3;800.0;4097.3;0.1;3071.0;0;4
32;16;13.0;373.2;869.0;3975.2;0.1;3071.0;0;4
32;17;10.0;469.9;1101.0;3905.5;0.1;3071.0;0;4
32;18;7.7;573.0;1348.0;3731.8;0.2;2968.0;1;5
32;19;9.7;500.3;1228.0;4021.5;0.1;2968.0;0;5
32;20;9.4;493.2;1071.0;3878.2;0.1;2968.0;0;5
32;21;7.4;585.7;1266.0;3687.3;0.2;2968.0;0;5
32;22;7.6;585.9;1274.0;3759.3;0.2;2968.0;0;5
32;23;8.0;549.1;1348.0;3712.0;0.1;2933.0;1;6
32;24;7.3;602.2;1399.0;3705.5;0.2;2906.0;1;7
32;25;9.1;490.9;1204.0;3745.0;0.1;2906.0;0;7
32;26;12.8;360.2;842.0;3789.5;0.1;2906.0;0;7
32;27;9.1;489.8;1206.0;3742.3;0.1;2906.0;0;7
32;28;8.9;491.0;1140.0;3646.5;0.1;2906.0;0;7
32;29;7.9;556.8;1224.0;3706.0;0.2;2906.0;0;7
32;30;10.1;456.9;1116.0;3818.3;0.1;2906.0;0;7
32;31;9.1;484.7;994.0;3681.8;0.1;2906.0;0;7
32;32;10.2;437.4;1038.0;3709.3;0.1;2906.0;0;7
32;33;10.4;430.3;1027.0;3707.3;0.1;2906.0;0;7
32;34;10.5;419.8;1010.0;3641.3;0.1;2906.0;0;7
32;35;8.6;486.6;1084.0;3507.7;0.1;2906.0;0;7
32;36;10.1;442.1;1102.0;3720.8;0.1;2906.0;0;7
32;37;8.4;507.0;1313.0;3577.3;0.1;2860.0;1;8
32;38;8.2;528.4;1338.0;3653.2;0.1;2833.0;1;9
32;39;7.5;537.5;1291.0;3432.3;0.2;2714.0;1;10
32;40;8.7;462.8;1262.0;3384.8;0.1;2616.0;1;11
32;41;10.2;403.9;1010.0;3429.7;0.1;2616.0;0;11
32;42;9.0;453.5;1022.0;3421.7;0.1;2616.0;0;11
32;43;9.4;434.0;948.0;3407.7;0.1;2616.0;0;11
32;44;6.8;563.8;1274.0;3276.2;0.2;2564.0;1;12
32;45;9.1;432.8;1106.0;3291.0;0.1;2564.0;0;12
32;46;7.6;508.0;1224.0;3245.0;0.2;2563.0;1;13
32;47;9.5;422.3;1081.0;3345.0;0.1;2563.0;0;13
32;48;11.3;353.1;899.0;3289.8;0.1;2563.0;0;13
32;49;10.4;355.2;952.0;3076.0;0.1;2563.0;0;13
32;50;10.6;362.2;896.0;3181.3;0.1;2563.0;0;13
32;51;9.5;379.1;1018.0;3001.0;0.1;2532.0;1;14
32;52;8.0;445.2;1150.0;3002.0;0.1;2490.0;1;15
32;53;6.8;511.5;1259.0;2979.3;0.2;2405.0;1;16
32;54;8.7;425.4;1117.0;3110.7;0.1;2405.0;0;16
32;55;10.2;362.0;1071.0;3060.2;0.1;2405.0;0;16
32;56;7.3;480.8;1270.0;2975.8;0.2;2392.0;1;17
32;57;7.6;463.9;1208.0;2970.7;0.2;2386.0;1;18
32;58;9.0;368.9;963.0;2764.2;0.1;2309.0;1;19
32;59;6.7;506.7;1242.0;2885.0;0.2;2309.0;0;19
32;60;8.8;413.5;985.0;3038.7;0.1;2309.0;0;19
32;61;13.9;265.3;668.0;3019.3;0.1;2309.0;0;19
32;62;8.7;407.0;997.0;2982.0;0.1;2309.0;0;19
32;63;7.1;463.3;1161.0;2789.0;0.2;2192.0;1;20
32;64;11.5;314.5;765.0;2993.5;0.1;2192.0;0;20
32;65;7.5;423.6;1066.0;2680.2;0.2;2192.0;0;20
32;66;6.1;529.2;1357.0;2780.5;0.2;2056.0;1;21
32;67;9.6;358.2;1025.0;2867.3;0.1;2056.0;0;21
32;68;10.1;340.0;949.0;2862.7;0.1;2056.0;0;21
32;69;5.9;516.9;1304.0;2624.0;0.2;2035.0;1;22
32;70;7.5;430.0;1112.0;2722.7;0.2;2035.0;0;22
32;71;8.0;430.2;1069.0;2907.5;0.1;2035.0;0;22
32;72;6.5;480.2;1297.0;2668.7;0.2;2012.0;1;23
32;73;6.8;481.1;1268.0;2799.5;0.2;2012.0;0;23
32;74;10.1;328.7;818.0;2749.3;0.1;2012.0;0;23
32;75;9.3;352.7;818.0;2749.8;0.1;2012.0;0;23
32;76;8.7;380.4;904.0;2779.3;0.1;2012.0;0;23
32;77;9.4;355.1;926.0;2787.7;0.1;2012.0;0;23
32;78;7.2;438.1;1039.0;2668.0;0.2;2012.0;0;23
32;79;8.4;390.6;1026.0;2760.5;0.1;2012.0;0;23
32;80;8.7;354.7;1050.0;2575.0;0.1;2012.0;0;23
32;81;11.0;302.5;910.0;2741.8;0.1;2012.0;0;23
32;82;8.1;374.7;1146.0;2544.5;0.1;2012.0;0;23
32;83;11.3;299.1;900.0;2792.2;0.1;2012.0;0;23
32;84;8.1;371.0;1092.0;2527.5;0.1;2012.0;0;23
32;85;10.5;297.6;969.0;2596.5;0.1;2012.0;0;23
32;86;12.1;261.8;815.0;2609.5;0.1;2012.0;0;23
32;87;10.3;294.6;945.0;2521.0;0.1;2012.0;0;23
32;88;10.6;297.3;969.0;2608.7;0.1;2012.0;0;23
32;89;10.6;298.5;910.0;2610.2;0.1;2012.0;0;23
32;90;8.5;359.3;1149.0;2552.3;0.1;2012.0;0;23
32;91;10.6;296.4;853.0;2613.5;0.1;2012.0;0;23
32;92;15.7;213.1;660.0;2722.3;0.1;2012.0;0;23
32;93;10.8;300.7;889.0;2677.7;0.1;2012.0;0;23
32;94;9.5;350.1;1074.0;2761.3;0.1;2012.0;0;23
32;95;8.5;366.4;1133.0;2609.7;0.1;2012.0;0;23
32;96;9.6;339.2;1052.0;2724.0;0.1;2012.0;0;23
32;97;10.1;298.8;934.0;2498.7;0.1;2012.0;0;23
32;98;8.1;386.0;1156.0;2626.3;0.1;2012.0;0;23
32;99;9.8;311.2;950.0;2531.5;0.1;2012.0;0;23
33;0;9.8;506.5;1208.0;4148.7;0.1;3339.0;1;1
33;1;8.4;565.5;1327.0;3996.8;0.1;3154.0;1;2
33;2;10.2;474.9;1187.0;4033.0;0.1;3154.0;0;2
33;3;9.7;485.9;1135.0;3939.3;0.1;3154.0;0;2
33;4;9.8;505.0;1144.0;4104.8;0.1;3154.0;0;2
33;5;8.9;542.2;1217.0;4051.3;0.1;3154.0;0;2
33;6;11.9;424.7;1178.0;4172.7;0.1;3154.0;0;2
33;7;10.5;464.8;1065.0;4058.7;0.1;3154.0;0;2
33;8;9.7;510.7;1193.0;4143.2;0.1;3154.0;0;2
33;9;9.7;488.4;1196.0;3951.3;0.1;3154.0;0;2
33;10;10.1;489.4;1109.0;4090.2;0.1;3154.0;0;2
33;11;12.3;411.1;953.0;4158.5;0.1;3154.0;0;2
33;12;10.7;457.2;1122.0;4046.0;0.1;3154.0;0;2
33;13;10.7;453.2;1071.0;4019.3;0.1;3154.0;0;2
33;14;12.2;402.4;959.0;4037.7;0.1;3154.0;0;2
33;15;10.2;478.5;1243.0;4036.5;0.1;3154.0;0;2
33;16;12.3;394.4;980.0;3990.2;0.1;3154.0;0;2
33;17;12.2;400.0;907.0;3999.7;0.1;3154.0;0;2
33;18;10.0;460.5;1042.0;3819.3;0.1;3154.0;0;2
33;19;9.0;523.8;1297.0;3944.3;0.1;3154.0;0;2
33;20;10.0;464.8;1035.0;3873.3;0.1;3154.0;0;2
33;21;10.5;432.9;975.0;3784.2;0.1;3154.0;0;2
33;22;10.6;431.9;996.0;3805.7;0.1;3154.0;0;2
33;23;12.9;381.1;1011.0;4040.0;0.1;3154.0;0;2
33;24;14.3;340.1;881.0;3962.5;0.1;3154.0;0;2
33;25;8.5;513.0;1185.0;3643.8;0.1;3027.0;1;3
33;26;10.5;430.6;1084.0;3731.8;0.1;3027.0;0;3
33;27;12.2;382.4;804.0;3835.7;0.1;3027.0;0;3
33;28;11.6;404.2;928.0;3854.2;0.1;3027.0;0;3
33;29;9.8;459.5;1155.0;3754.3;0.1;3027.0;0;3
33;30;11.1;404.4;1001.0;3716.5;0.1;3027.0;0;3
33;31;9.4;485.0;1089.0;3800.7;0.1;3027.0;0;3
33;32;7.4;565.0;1223.0;3554.8;0.2;2973.0;1;4
33;33;8.8;503.2;1258.0;3727.2;0.1;2973.0;0;4
33;34;10.3;419.4;1106.0;3587.7;0.1;2952.0;1;5
33;35;7.7;534.1;1218.0;3490.8;0.2;2806.0;1;6
33;36;8.6;514.4;1201.0;3698.3;0.1;2806.0;0;6
33;37;8.5;483.4;1028.0;3461.5;0.1;2806.0;0;6
33;38;7.0;572.5;1391.0;3394.7;0.2;2593.0;1;7
33;39;8.5;488.8;1106.0;3474.5;0.1;2593.0;0;7
33;40;8.5;477.8;1197.0;3424.3;0.1;2593.0;0;7
33;41;9.7;419.5;923.0;3393.8;0.1;2593.0;0;7
33;42;8.6;451.2;1245.0;3250.2;0.1;2482.0;1;8
33;43;8.2;479.1;1075.0;3321.5;0.1;2482.0;0;8
33;44;10.5;392.0;972.0;3427.0;0.1;2482.0;0;8
33;45;9.0;432.2;935.0;3264.2;0.1;2482.0;0;8
33;46;11.3;355.7;943.0;3305.0;0.1;2482.0;0;8
33;47;9.8;394.7;967.0;3208.3;0.1;2482.0;0;8
33;48;7.4;484.4;1118.0;3037.3;0.2;2482.0;0;8
33;49;11.3;337.2;842.0;3138.2;0.1;2482.0;0;8
33;50;6.4;538.6;1261.0;2946.7;0.2;2441.0;1;9
33;51;9.8;378.6;1065.0;3098.3;0.1;2441.0;0;9
33;52;7.9;457.8;1116.0;3052.2;0.1;2441.0;0;9
33;53;7.2;454.3;1176.0;2792.5;0.2;2260.0;1;10
33;54;8.4;422.4;1115.0;2966.3;0.1;2260.0;0;10
33;55;8.9;378.9;985.0;2810.2;0.1;2260.0;0;10
33;56;10.3;331.3;898.0;2840.8;0.1;2260.0;0;10
33;57;9.2;359.0;979.0;2753.3;0.1;2260.0;0;10
33;58;6.7;480.4;1177.0;2764.0;0.2;2247.0;1;11
33;59;7.9;427.2;1096.0;2837.5;0.2;2247.0;0;11
33;60;7.2;455.5;1105.0;2773.5;0.2;2247.0;0;11
33;61;7.9;428.1;1052.0;2836.2;0.2;2247.0;0;11
33;62;10.1;371.9;944.0;3125.7;0.1;2247.0;0;11
33;63;7.1;472.0;1209.0;2833.3;0.2;2247.0;0;11
33;64;7.5;439.6;1257.0;2802.8;0.2;2089.0;1;12
33;65;6.3;505.1;1287.0;2723.3;0.2;2089.0;0;12
33;66;8.6;380.5;1005.0;2738.8;0.1;2089.0;0;12
33;67;7.1;459.3;1111.0;2755.3;0.2;2089.0;0;12
33;68;8.0;411.1;1077.0;2769.8;0.1;2089.0;0;12
33;69;7.4;456.9;1163.0;2855.7;0.2;2089.0;0;12
33;70;6.5;478.9;1179.0;2656.5;0.2;2089.0;0;12
33;71;7.3;459.0;1205.0;2829.5;0.2;2089.0;0;12
33;72;8.4;401.1;1091.0;2818.5;0.1;2089.0;0;12
33;73;6.4;492.4;1274.0;2680.7;0.2;2089.0;0;12
33;74;6.5;497.8;1164.0;2783.2;0.2;2089.0;0;12
33;75;6.9;459.0;1156.0;2698.2;0.2;2089.0;0;12
33;76;7.8;419.6;1142.0;2772.2;0.2;2089.0;0;12
33;77;7.4;456.3;1208.0;2877.8;0.2;2089.0;0;12
33;78;7.6;461.3;1253.0;2980.2;0.2;2089.0;0;12
33;79;6.7;470.3;1256.0;2694.3;0.2;2089.0;0;12
33;80;11.8;267.8;800.0;2608.0;0.1;2089.0;0;12
33;81;8.2;387.3;1207.0;2679.8;0.1;2089.0;0;12
33;82;10.5;291.3;885.0;2545.0;0.1;2089.0;0;12
33;83;8.9;349.1;1050.0;2610.2;0.1;2089.0;0;12
33;84;9.6;330.4;1091.0;2635.2;0.1;2089.0;0;12
33;85;8.1;390.6;1243.0;2671.7;0.1;2089.0;0;12
33;86;9.8;314.1;962.0;2572.8;0.1;2089.0;0;12
33;87;9.7;311.7;879.0;2527.5;0.1;2089.0;0;12
33;88;8.3;367.0;1054.0;2566.2;0.1;2089.0;0;12
33;89;8.7;359.3;1159.0;2620.2;0.1;2089.0;0;12
33;90;9.1;334.7;972.0;2541.0;0.1;2089.0;0;12
33;91;9.5;344.8;1063.0;2738.3;0.1;2089.0;0;12
33;92;10.5;315.1;962.0;2740.7;0.1;2089.0;0;12
33;93;6.7;450.4;1458.0;2567.7;0.2;1945.0;1;13
33;94;7.6;394.6;1123.0;2540.8;0.2;1945.0;0;13
33;95;10.7;287.5;856.0;2550.0;0.1;1945.0;0;13
33;96;8.6;336.3;1004.0;2423.8;0.1;1945.0;0;13
33;97;8.5;359.8;1171.0;2560.5;0.1;1945.0;0;13
33;98;7.5;378.4;1118.0;2409.5;0.2;1945.0;0;13
33;99;5.8;460.9;1227.0;2323.5;0.2;1945.0;0;13
34;0;14.9;340.5;888.0;4146.2;0.1;3580.0;1;1
34;1;9.9;511.1;1241.0;4199.2;0.1;3378.0;1;2
34;2;10.4;470.0;1157.0;4065.5;0.1;3255.0;1;3
34;3;10.1;488.4;1095.0;4085.8;0.1;3255.0;0;3
34;4;10.7;463.8;1226.0;4110.0;0.1;3252.0;1;4
34;5;11.3;436.5;948.0;4074.7;0.1;3252.0;0;4
34;6;12.5;404.7;1001.0;4153.2;0.1;3252.0;0;4
34;7;9.7;499.6;1274.0;4023.7;0.1;3158.0;1;5
34;8;11.0;451.5;1169.0;4096.5;0.1;3158.0;0;5
34;9;10.2;485.0;1304.0;4104.7;0.1;3158.0;0;5
34;10;7.5;632.1;1542.0;4024.2;0.2;3002.0;1;6
34;11;10.2;474.2;1200.0;4029.5;0.1;3002.0;0;6
34;12;9.9;483.6;1118.0;3976.8;0.1;3002.0;0;6
34;13;11.0;452.7;1168.0;4117.8;0.1;3002.0;0;6
34;14;11.5;426.2;1075.0;4046.8;0.1;3002.0;0;6
34;15;10.3;469.4;1139.0;4028.3;0.1;3002.0;0;6
34;16;8.3;572.7;1337.0;4006.8;0.1;3002.0;0;6
34;17;10.3;465.3;1075.0;3961.5;0.1;3002.0;0;6
34;18;15.4;323.5;809.0;4047.7;0.1;3002.0;0;6
34;19;8.9;517.5;1292.0;3855.2;0.1;3002.0;0;6
34;20;10.4;455.9;1152.0;3925.7;0.1;3002.0;0;6
34;21;9.3;479.7;1068.0;3715.5;0.1;3002.0;0;6
34;22;9.3;512.9;1329.0;3979.7;0.1;3002.0;0;6
34;23;8.8;521.2;1306.0;3835.3;0.1;3002.0;0;6
34;24;11.4;396.9;973.0;3734.5;0.1;3002.0;0;6
34;25;9.1;495.0;1188.0;3771.3;0.1;3002.0;0;6
34;26;8.2;555.2;1242.0;3819.8;0.1;3002.0;0;6
34;27;8.9;493.3;1072.0;3686.0;0.1;3002.0;0;6
34;28;10.0;456.2;1093.0;3774.5;0.1;3002.0;0;6
34;29;8.7;472.4;1190.0;3429.3;0.1;2835.0;1;7
34;30;8.3;506.9;1243.0;3547.7;0.1;2835.0;0;7
34;31;8.1;542.2;1219.0;3688.8;0.1;2835.0;0;7
34;32;10.8;396.2;922.0;3556.0;0.1;2835.0;0;7
34;33;7.3;562.9;1219.0;3494.0;0.2;2835.0;0;7
34;34;7.5;552.1;1258.0;3522.7;0.2;2835.0;0;7
34;35;8.3;489.9;1045.0;3405.5;0.1;2835.0;0;7
34;36;9.1;459.0;1183.0;3474.7;0.1;2806.0;1;8
34;37;8.0;488.8;1114.0;3294.5;0.1;2677.0;1;9
34;38;8.7;448.6;1074.0;3270.8;0.1;2677.0;0;9
34;39;7.1;532.0;1271.0;3189.3;0.2;2514.0;1;10
34;40;7.1;544.4;1304.0;3278.0;0.2;2514.0;0;10
34;41;10.6;367.9;889.0;3240.8;0.1;2514.0;0;10
34;42;9.3;406.2;985.0;3142.2;0.1;2514.0;0;10
34;43;6.9;522.2;1257.0;3058.5;0.2;2363.0;1;11
34;44;8.8;417.1;947.0;3067.7;0.1;2363.0;0;11
34;45;8.3;458.3;1085.0;3201.3;0.1;2363.0;0;11
34;46;9.2;397.2;977.0;3043.8;0.1;2363.0;0;11
34;47;8.1;430.7;1019.0;2933.3;0.1;2363.0;0;11
34;48;11.5;284.3;703.0;2688.5;0.1;2363.0;0;11
34;49;9.3;334.0;788.0;2585.7;0.1;2254.0;1;12
34;50;12.1;268.3;710.0;2681.5;0.1;2254.0;0;12
34;51;8.2;384.9;997.0;2649.5;0.1;2175.0;1;13
34;52;9.1;357.1;1099.0;2708.3;0.1;2055.0;1;14
34;53;10.2;296.7;699.0;2517.3;0.1;2055.0;0;14
34;54;8.6;354.4;852.0;2551.3;0.1;2055.0;0;14
34;55;9.7;291.7;836.0;2357.5;0.1;1898.0;1;15
34;56;11.4;267.1;636.0;2520.8;0.1;1898.0;0;15
34;57;8.9;331.9;823.0;2476.5;0.1;1898.0;0;15
34;58;14.7;212.3;501.0;2539.2;0.1;1898.0;0;15
34;59;12.5;245.1;592.0;2522.8;0.1;1898.0;0;15
34;60;10.9;275.8;715.0;2493.8;0.1;1898.0;0;15
34;61;7.4;374.7;901.0;2340.0;0.2;1898.0;0;15
34;62;9.1;318.5;861.0;2434.7;0.1;1898.0;0;15
34;63;7.9;358.6;817.0;2386.3;0.2;1898.0;0;15
34;64;10.3;294.3;710.0;2510.7;0.1;1898.0;0;15
34;65;8.5;354.7;950.0;2521.2;0.1;1898.0;0;15
34;66;10.3;274.7;677.0;2347.0;0.1;1898.0;0;15
34;67;9.5;300.1;812.0;2381.0;0.1;1898.0;0;15
34;68;7.6;373.5;883.0;2397.7;0.2;1898.0;0;15
34;69;7.2;387.1;1021.0;2353.8;0.2;1814.0;1;16
34;70;7.1;379.4;960.0;2284.0;0.2;1814.0;0;16
34;71;11.9;249.1;687.0;2443.2;0.1;1814.0;0;16
34;72;9.5;289.8;804.0;2292.0;0.1;1814.0;0;16
34;73;8.7;324.9;879.0;2364.7;0.1;1814.0;0;16
34;74;9.0;326.2;907.0;2466.5;0.1;1814.0;0;16
34;75;8.7;329.6;951.0;2415.5;0.1;1814.0;0;16
34;76;9.7;293.8;714.0;2374.7;0.1;1814.0;0;16
34;77;10.7;273.7;737.0;2417.8;0.1;1814.0;0;16
34;78;8.3;324.7;845.0;2264.3;0.1;1814.0;0;16
34;79;7.4;381.1;917.0;2390.8;0.2;1814.0;0;16
34;80;9.6;284.8;845.0;2277.8;0.1;1814.0;0;16
34;81;10.8;244.9;784.0;2194.7;0.1;1814.0;0;16
34;82;10.7;243.2;744.0;2153.0;0.1;1814.0;0;16
34;83;10.7;257.4;791.0;2285.5;0.1;1814.0;0;16
34;84;13.4;212.6;681.0;2337.5;0.1;1814.0;0;16
34;85;14.8;199.7;560.0;2404.5;0.1;1814.0;0;16
34;86;11.3;248.1;716.0;2306.3;0.1;1814.0;0;16
34;87;11.0;259.8;798.0;2372.3;0.1;1814.0;0;16
34;88;10.5;278.7;824.0;2424.8;0.1;1814.0;0;16
34;89;10.3;262.9;836.0;2250.0;0.1;1814.0;0;16
34;90;10.8;277.8;873.0;2488.7;0.1;1814.0;0;16
34;91;7.4;365.7;1060.0;2281.8;0.2;1814.0;0;16
34;92;9.3;276.6;855.0;2136.2;0.1;1814.0;0;16
34;93;12.4;225.5;659.0;2295.2;0.1;1814.0;0;16
34;94;8.2;336.8;931.0;2313.3;0.1;1814.0;0;16
34;95;7.5;369.9;1084.0;2355.2;0.2;1814.0;0;16
34;96;11.2;264.3;815.0;2451.8;0.1;1814.0;0;16
34;97;10.3;268.9;877.0;2292.7;0.1;1814.0;0;16
34;98;9.5;280.7;900.0;2224.0;0.1;1810.0;1;17
34;99;12.1;253.7;759.0;2524.3;0.1;1810.0;0;17
35;0;9.5;509.5;1257.0;4051.8;0.1;3212.0;1;1
35;1;13.3;385.0;906.0;4189.0;0.1;3212.0;0;1
35;2;15.6;328.5;905.0;4167.8;0.1;3212.0;0;1
35;3;11.8;424.8;1091.0;4117.7;0.1;3212.0;0;1
35;4;7.8;628.8;1437.0;4140.3;0.2;3177.0;1;2
35;5;11.6;437.1;1057.0;4182.0;0.1;3177.0;0;2
35;6;9.3;522.5;1366.0;4065.2;0.1;3108.0;1;3
35;7;11.3;450.2;1081.0;4185.0;0.1;3108.0;0;3
35;8;10.6;458.0;1179.0;4009.8;0.1;3108.0;0;3
35;9;10.9;453.6;1261.0;4077.2;0.1;3108.0;0;3
35;10;9.3;533.1;1263.0;4119.2;0.1;3108.0;0;3
35;11;10.9;452.1;1120.0;4081.2;0.1;3108.0;0;3
35;12;11.3;437.1;1211.0;4062.0;0.1;3108.0;0;3
35;13;12.8;391.3;1059.0;4096.3;0.1;3108.0;0;3
35;14;8.7;555.9;1362.0;4063.8;0.1;3108.0;0;3
35;15;12.5;391.1;967.0;4029.0;0.1;3108.0;0;3
35;16;10.7;453.6;1128.0;4012.8;0.1;3108.0;0;3
35;17;8.2;538.5;1327.0;3735.0;0.1;2976.0;1;4
35;18;8.6;530.8;1314.0;3840.0;0.1;2976.0;0;4
35;19;11.2;439.5;1213.0;4078.0;0.1;2976.0;0;4
35;20;8.1;553.7;1282.0;3774.3;0.1;2976.0;0;4
35;21;9.3;505.9;1259.0;3935.2;0.1;2976.0;0;4
35;22;8.5;546.8;1319.0;3908.7;0.1;2976.0;0;4
35;23;9.6;484.9;1074.0;3866.0;0.1;2976.0;0;4
35;24;13.1;352.1;755.0;3786.8;0.1;2976.0;0;4
35;25;7.2;607.4;1413.0;3719.7;0.2;2960.0;1;5
35;26;9.1;501.7;1047.0;3829.7;0.1;2960.0;0;5
35;27;9.9;455.6;1095.0;3738.5;0.1;2960.0;0;5
35;28;8.7;528.9;1101.0;3853.0;0.1;2960.0;0;5
35;29;6.4;646.3;1465.0;3562.7;0.2;2810.0;1;6
35;30;8.8;502.8;1404.0;3697.7;0.1;2810.0;0;6
35;31;8.4;522.8;1187.0;3693.5;0.1;2810.0;0;6
35;32;9.6;448.9;1070.0;3581.8;0.1;2810.0;0;6
35;33;8.9;487.8;1078.0;3625.3;0.1;2810.0;0;6
35;34;8.4;490.6;1139.0;3470.2;0.1;2810.0;0;6
35;35;8.1;523.0;1332.0;3558.2;0.1;2794.0;1;7
35;36;13.9;315.8;815.0;3585.0;0.1;2794.0;0;7
35;37;12.2;370.3;955.0;3713.5;0.1;2794.0;0;7
35;38;10.6;416.5;1000.0;3657.5;0.1;2794.0;0;7
35;39;7.2;562.6;1393.0;3433.3;0.2;2570.0;1;8
35;40;9.4;439.0;1030.0;3439.8;0.1;2570.0;0;8
35;41;8.2;494.4;1218.0;3412.0;0.1;2570.0;0;8
35;42;9.1;476.1;1159.0;3608.5;0.1;2570.0;0;8
35;43;7.7;527.3;1283.0;3419.0;0.2;2570.0;0;8
35;44;9.2;444.5;1070.0;3421.0;0.1;2570.0;0;8
35;45;7.2;557.6;1351.0;3417.2;0.2;2570.0;0;8
35;46;7.7;554.8;1473.0;3592.5;0.2;2570.0;0;8
35;47;8.9;459.1;1003.0;3419.8;0.1;2570.0;0;8
35;48;7.7;491.9;1146.0;3201.7;0.2;2570.0;0;8
35;49;8.6;453.9;1230.0;3273.7;0.1;2570.0;0;8
35;50;7.1;517.3;1230.0;3110.5;0.2;2570.0;0;8
35;51;7.2;535.5;1416.0;3251.5;0.2;2545.0;1;9
35;52;7.8;493.7;1308.0;3239.8;0.2;2545.0;0;9
35;53;8.4;428.5;1017.0;3012.0;0.1;2545.0;0;9
35;54;9.5;387.6;1025.0;3081.5;0.1;2545.0;0;9
35;55;8.6;437.2;1125.0;3154.2;0.1;2545.0;0;9
35;56;8.4;432.4;1151.0;3041.3;0.1;2419.0;1;10
35;57;6.3;514.3;1285.0;2767.3;0.2;2190.0;1;11
35;58;6.8;521.9;1419.0;3022.3;0.2;2190.0;0;11
35;59;7.7;452.2;1125.0;2949.3;0.2;2190.0;0;11
35;60;6.5;529.0;1228.0;2927.0;0.2;2190.0;0;11
35;61;8.1;437.8;1137.0;2969.3;0.1;2190.0;0;11
35;62;6.6;545.8;1340.0;3079.2;0.2;2190.0;0;11
35;63;7.6;444.5;1088.0;2849.5;0.2;2190.0;0;11
35;64;8.6;397.4;989.0;2876.8;0.1;2190.0;0;11
35;65;7.8;444.4;1108.0;2920.3;0.2;2190.0;0;11
35;66;7.8;440.6;1280.0;2912.7;0.2;2190.0;0;11
35;67;10.5;341.8;865.0;2962.2;0.1;2190.0;0;11
35;68;9.8;351.4;924.0;2854.7;0.1;2190.0;0;11
35;69;9.4;370.6;960.0;2894.0;0.1;2190.0;0;11
35;70;8.6;391.1;1004.0;2833.8;0.1;2190.0;0;11
35;71;7.7;448.5;1033.0;2908.0;0.2;2190.0;0;11
35;72;11.1;310.6;744.0;2847.3;0.1;2190.0;0;11
35;73;6.3;491.3;1118.0;2644.5;0.2;2190.0;0;11
35;74;7.3;456.3;1264.0;2828.3;0.2;2174.0;1;12
35;75;7.3;427.2;1132.0;2649.5;0.2;2109.0;1;13
35;76;8.4;387.7;954.0;2727.3;0.1;2109.0;0;13
35;77;7.7;424.8;1125.0;2757.5;0.2;2109.0;0;13
35;78;9.2;345.2;858.0;2647.8;0.1;2109.0;0;13
35;79;10.5;313.3;786.0;2738.0;0.1;2109.0;0;13
35;80;8.7;352.8;1094.0;2568.2;0.1;2109.0;0;13
35;81;7.9;388.9;1202.0;2592.5;0.2;2098.0;1;14
35;82;7.5;393.6;1183.0;2511.2;0.2;2098.0;0;14
35;83;9.6;321.0;982.0;2558.0;0.1;2098.0;0;14
35;84;7.8;392.4;1111.0;2579.2;0.2;2098.0;0;14
35;85;7.7;399.0;1203.0;2589.5;0.2;2098.0;0;14
35;86;8.9;360.2;1174.0;2674.0;0.1;2098.0;0;14
35;87;9.3;345.4;1120.0;2676.2;0.1;2098.0;0;14
35;88;9.0;360.4;1073.0;2718.0;0.1;2098.0;0;14
35;89;10.1;309.3;1070.0;2586.8;0.1;2059.0;1;15
35;90;9.5;306.4;957.0;2428.5;0.1;2059.0;0;15
35;91;9.1;330.5;930.0;2519.0;0.1;2059.0;0;15
35;92;8.8;328.8;1015.0;2434.2;0.1;2059.0;0;15
35;93;12.0;242.8;784.0;2401.2;0.1;2059.0;0;15
35;94;9.2;310.4;864.0;2372.7;0.1;2059.0;0;15
35;95;9.4;318.2;1081.0;2482.8;0.1;2010.0;1;16
35;96;9.5;310.0;1003.0;2448.2;0.1;2010.0;0;16
35;97;10.3;290.1;900.0;2490.0;0.1;2010.0;0;16
35;98;12.0;254.5;814.0;2509.8;0.1;2010.0;0;16
35;99;9.8;295.6;903.0;2406.8;0.1;1991.0;1;17
36;0;11.3;433.2;1048.0;4056.0;0.1;3414.0;1;1
36;1;12.5;397.3;1019.0;4068.8;0.1;3319.0;1;2
36;2;10.1;481.8;1172.0;4036.5;0.1;3297.0;1;3
36;3;8.6;559.4;1351.0;4036.5;0.1;3153.0;1;4
36;4;11.2;449.3;1083.0;4143.5;0.1;3153.0;0;4
36;5;8.7;558.5;1345.0;4070.7;0.1;3153.0;0;4
36;6;11.1;453.0;1028.0;4156.0;0.1;3153.0;0;4
36;7;14.1;362.3;886.0;4169.5;0.1;3153.0;0;4
36;8;10.0;495.7;1406.0;4113.0;0.1;3153.0;0;4
36;9;7.8;611.8;1449.0;4005.3;0.2;3050.0;1;5
36;10;10.1;478.2;1328.0;3998.3;0.1;3050.0;0;5
36;11;11.3;427.7;1142.0;3993.7;0.1;3050.0;0;5
36;12;10.4;466.6;1141.0;4021.5;0.1;3050.0;0;5
36;13;11.8;412.9;1081.0;4024.2;0.1;3050.0;0;5
36;14;11.9;415.9;1047.0;4088.0;0.1;3050.0;0;5
36;15;9.7;480.0;1290.0;3876.7;0.1;2993.0;1;6
36;16;9.3;532.6;1242.0;4118.3;0.1;2993.0;0;6
36;17;9.0;516.9;1253.0;3879.0;0.1;2993.0;0;6
36;18;9.6;477.5;1175.0;3836.2;0.1;2993.0;0;6
36;19;10.1;456.5;1025.0;3827.8;0.1;2993.0;0;6
36;20;8.2;555.2;1246.0;3811.7;0.1;2993.0;0;6
36;21;8.2;539.1;1353.0;3724.3;0.1;2943.0;1;7
36;22;7.7;546.6;1288.0;3563.5;0.2;2822.0;1;8
36;23;8.9;500.4;1100.0;3735.0;0.1;2822.0;0;8
36;24;9.2;494.0;1098.0;3791.8;0.1;2822.0;0;8
36;25;11.6;401.6;982.0;3836.7;0.1;2822.0;0;8
36;26;9.5;469.5;1139.0;3727.5;0.1;2822.0;0;8
36;27;9.3;469.7;982.0;3661.7;0.1;2822.0;0;8
36;28;10.3;429.0;1025.0;3678.0;0.1;2822.0;0;8
36;29;9.0;492.6;1145.0;3701.8;0.1;2822.0;0;8
36;30;9.8;443.2;1005.0;3611.3;0.1;2822.0;0;8
36;31;8.3;515.2;1124.0;3604.3;0.1;2822.0;0;8
36;32;9.8;444.2;1094.0;3633.2;0.1;2822.0;0;8
36;33;7.9;509.0;1160.0;3403.8;0.1;2778.0;1;9
36;34;12.1;368.1;914.0;3670.3;0.1;2778.0;0;9
36;35;7.1;569.9;1466.0;3450.0;0.2;2536.0;1;10
36;36;7.5;549.4;1174.0;3494.0;0.2;2536.0;0;10
36;37;8.9;472.7;1160.0;3514.5;0.1;2536.0;0;10
36;38;9.3;455.4;1004.0;3518.8;0.1;2536.0;0;10
36;39;8.5;476.5;1290.0;3414.3;0.1;2536.0;0;10
36;40;8.4;493.9;1197.0;3488.2;0.1;2536.0;0;10
36;41;9.1;431.6;988.0;3297.3;0.1;2536.0;0;10
36;42;8.9;469.2;1143.0;3507.5;0.1;2536.0;0;10
36;43;9.0;448.1;1270.0;3356.5;0.1;2509.0;1;11
36;44;8.9;445.2;1124.0;3309.5;0.1;2509.0;0;11
36;45;10.1;377.4;929.0;3164.0;0.1;2509.0;0;11
36;46;7.6;506.1;1132.0;3254.0;0.2;2509.0;0;11
36;47;6.4;622.0;1651.0;3395.7;0.2;2326.0;1;12
36;48;8.3;464.4;1204.0;3231.8;0.1;2326.0;0;12
36;49;7.7;464.4;1250.0;3015.3;0.2;2326.0;0;12
36;50;7.8;474.3;1282.0;3104.0;0.2;2326.0;0;12
36;51;10.6;362.8;1003.0;3188.3;0.1;2326.0;0;12
36;52;5.9;599.1;1511.0;3037.8;0.2;2326.0;0;12
36;53;8.5;444.2;1125.0;3170.0;0.1;2326.0;0;12
36;54;11.1;342.5;840.0;3150.3;0.1;2326.0;0;12
36;55;8.1;435.5;1082.0;2985.7;0.1;2326.0;0;12
36;56;8.1;414.3;1143.0;2834.8;0.1;2317.0;1;13
36;57;8.6;421.0;1099.0;3040.8;0.1;2317.0;0;13
36;58;10.0;345.2;891.0;2880.2;0.1;2317.0;0;13
36;59;8.9;396.1;1024.0;2946.8;0.1;2317.0;0;13
36;60;9.3;355.4;810.0;2746.7;0.1;2317.0;0;13
36;61;9.2;381.0;923.0;2937.8;0.1;2317.0;0;13
36;62;7.2;486.0;1168.0;2970.8;0.2;2317.0;0;13
36;63;6.3;548.4;1410.0;2957.0;0.2;2303.0;1;14
36;64;8.3;426.3;1124.0;2966.3;0.1;2303.0;0;14
36;65;6.8;491.7;1221.0;2832.8;0.2;2303.0;0;14
36;66;7.9;420.5;1148.0;2789.7;0.2;2166.0;1;15
36;67;8.2;409.8;940.0;2819.5;0.1;2166.0;0;15
36;68;9.8;324.6;834.0;2641.3;0.1;2166.0;0;15
36;69;8.1;409.1;1004.0;2779.7;0.1;2166.0;0;15
36;70;7.9;422.6;1064.0;2811.3;0.2;2166.0;0;15
36;71;7.0;476.1;1111.0;2822.8;0.2;2166.0;0;15
36;72;8.1;399.5;1063.0;2719.2;0.1;2166.0;0;15
36;73;8.8;402.8;1018.0;2965.2;0.1;2166.0;0;15
36;74;7.0;492.8;1221.0;2923.3;0.2;2166.0;0;15
36;75;6.7;481.6;1093.0;2734.5;0.2;2166.0;0;15
36;76;6.7;468.4;1373.0;2669.0;0.2;1926.0;1;16
36;77;6.1;523.2;1404.0;2759.2;0.2;1926.0;0;16
36;78;7.2;434.2;1081.0;2657.3;0.2;1926.0;0;16
36;79;7.2;450.2;1064.0;2733.0;0.2;1926.0;0;16
36;80;7.6;415.0;1252.0;2657.0;0.2;1926.0;0;16
36;81;8.3;379.4;1176.0;2641.0;0.1;1926.0;0;16
36;82;9.4;337.0;1020.0;2637.3;0.1;1926.0;0;16
36;83;10.3;310.9;975.0;2648.3;0.1;1926.0;0;16
36;84;7.4;419.5;1409.0;2644.0;0.2;1926.0;0;16
36;85;9.0;322.0;974.0;2434.8;0.1;1926.0;0;16
36;86;6.3;455.2;1496.0;2461.8;0.2;1872.0;1;17
36;87;9.4;329.0;965.0;2584.3;0.1;1872.0;0;17
36;88;7.4;393.1;1121.0;2473.2;0.2;1872.0;0;17
36;89;12.3;274.5;810.0;2787.2;0.1;1872.0;0;17
36;90;9.3;320.4;998.0;2486.5;0.1;1872.0;0;17
36;91;8.3;370.8;1193.0;2578.2;0.1;1872.0;0;17
36;92;7.3;394.1;1123.0;2441.7;0.2;1872.0;0;17
36;93;9.4;323.5;998.0;2527.8;0.1;1872.0;0;17
36;94;10.7;287.5;928.0;2558.3;0.1;1872.0;0;17
36;95;10.0;310.1;951.0;2565.5;0.1;1872.0;0;17
36;96;7.8;405.4;1284.0;2662.2;0.2;1872.0;0;17
36;97;9.9;315.4;954.0;2597.0;0.1;1872.0;0;17
36;98;10.8;302.5;872.0;2697.7;0.1;1872.0;0;17
36;99;10.0;309.8;947.0;2576.2;0.1;1872.0;0;17
37;0;9.7;500.9;1321.0;4051.2;0.1;3158.0;1;1
37;1;13.1;387.5;900.0;4172.5;0.1;3158.0;0;1
37;2;11.5;441.0;1079.0;4168.3;0.1;3158.0;0;1
37;3;11.2;436.5;1044.0;4042.0;0.1;3158.0;0;1
37;4;8.6;559.6;1346.0;4014.7;0.1;3138.0;1;2
37;5;9.9;499.5;1279.0;4120.7;0.1;3138.0;0;2
37;6;11.4;430.4;1191.0;4035.7;0.1;3138.0;0;2
37;7;10.3;471.9;1193.0;4045.3;0.1;3138.0;0;2
37;8;9.7;511.6;1134.0;4138.2;0.1;3138.0;0;2
37;9;12.5;397.0;1004.0;4069.8;0.1;3138.0;0;2
37;10;11.0;449.4;1007.0;4099.0;0.1;3138.0;0;2
37;11;11.1;448.4;1169.0;4130.0;0.1;3138.0;0;2
37;12;10.3;477.5;1145.0;4080.3;0.1;3138.0;0;2
37;13;16.8;304.7;791.0;4161.2;0.1;3138.0;0;2
37;14;11.1;432.1;1150.0;3966.2;0.1;3138.0;0;2
37;15;11.5;438.0;1057.0;4166.0;0.1;3138.0;0;2
37;16;10.7;445.4;1158.0;3959.8;0.1;3138.0;0;2
37;17;8.1;560.8;1411.0;3809.7;0.1;3022.0;1;3
37;18;10.2;474.2;1096.0;4016.8;0.1;3022.0;0;3
37;19;7.2;626.9;1458.0;3825.3;0.2;3022.0;0;3
37;20;10.1;470.1;1093.0;3929.3;0.1;3022.0;0;3
37;21;8.5;529.0;1244.0;3779.3;0.1;3022.0;0;3
37;22;7.3;611.3;1358.0;3769.2;0.2;3022.0;0;3
37;23;7.6;594.1;1403.0;3800.0;0.2;2995.0;1;4
37;24;9.8;470.8;1093.0;3854.3;0.1;2995.0;0;4
37;25;12.9;364.6;869.0;3873.0;0.1;2995.0;0;4
37;26;12.1;393.4;950.0;3930.5;0.1;2995.0;0;4
37;27;11.9;377.3;829.0;3690.2;0.1;2995.0;0;4
37;28;9.4;466.4;1094.0;3639.8;0.1;2995.0;0;4
37;29;6.9;633.5;1497.0;3716.0;0.2;2915.0;1;5
37;30;8.4;536.5;1215.0;3765.3;0.1;2915.0;0;5
37;31;8.9;510.1;1101.0;3792.8;0.1;2915.0;0;5
37;32;10.1;446.7;1041.0;3751.2;0.1;2915.0;0;5
37;33;9.1;487.8;1105.0;3698.2;0.1;2915.0;0;5
37;34;7.4;590.8;1400.0;3714.3;0.2;2910.0;1;6
37;35;8.6;504.9;1109.0;3640.5;0.1;2910.0;0;6
37;36;9.5;450.4;1187.0;3554.7;0.1;2828.0;1;7
37;37;12.9;349.7;858.0;3695.0;0.1;2828.0;0;7
37;38;6.5;660.0;1722.0;3666.3;0.2;2598.0;1;8
37;39;7.8;538.7;1239.0;3538.0;0.2;2598.0;0;8
37;40;10.4;424.8;1019.0;3670.7;0.1;2598.0;0;8
37;41;10.2;414.9;979.0;3517.7;0.1;2598.0;0;8
37;42;6.9;562.5;1272.0;3290.8;0.2;2598.0;0;8
37;43;9.5;429.6;1043.0;3412.5;0.1;2598.0;0;8
37;44;7.7;494.0;1200.0;3219.8;0.2;2598.0;0;8
37;45;7.1;558.2;1433.0;3372.0;0.2;2545.0;1;9
37;46;7.5;524.7;1131.0;3339.3;0.2;2545.0;0;9
37;47;7.7;503.9;1091.0;3282.7;0.2;2545.0;0;9
37;48;5.5;631.1;1637.0;3000.3;0.2;2275.0;1;10
37;49;10.6;376.4;970.0;3301.8;0.1;2275.0;0;10
37;50;9.0;454.8;1171.0;3406.3;0.1;2275.0;0;10
37;51;9.4;427.6;1121.0;3351.7;0.1;2275.0;0;10
37;52;7.0;539.2;1269.0;3221.8;0.2;2275.0;0;10
37;53;8.3;428.3;1111.0;2991.8;0.1;2275.0;0;10
37;54;8.8;431.1;1099.0;3179.2;0.1;2275.0;0;10
37;55;10.4;367.3;1042.0;3167.8;0.1;2275.0;0;10
37;56;7.9;453.9;1216.0;3010.7;0.2;2275.0;0;10
37;57;8.0;435.9;1053.0;2950.3;0.1;2275.0;0;10
37;58;10.8;346.4;807.0;3103.8;0.1;2275.0;0;10
37;59;7.6;440.4;1142.0;2813.2;0.2;2275.0;0;10
37;60;9.2;372.9;889.0;2870.0;0.1;2275.0;0;10
37;61;7.8;449.0;1069.0;2939.5;0.2;2275.0;0;10
37;62;10.7;333.7;844.0;2961.8;0.1;2275.0;0;10
37;63;8.3;382.3;927.0;2667.7;0.1;2273.0;1;11
37;64;8.3;411.1;1099.0;2878.2;0.1;2273.0;0;11
37;65;6.9;463.6;1107.0;2741.0;0.2;2273.0;0;11
37;66;8.7;385.4;999.0;2798.0;0.1;2273.0;0;11
37;67;6.2;515.9;1360.0;2738.2;0.2;2134.0;1;12
37;68;8.5;391.0;882.0;2788.0;0.1;2134.0;0;12
37;69;8.4;398.7;1088.0;2798.2;0.1;2134.0;0;12
37;70;7.1;486.9;1162.0;2930.7;0.2;2134.0;0;12
37;71;8.4;428.4;1060.0;3036.7;0.1;2134.0;0;12
37;72;10.5;340.6;803.0;2959.8;0.1;2134.0;0;12
37;73;7.7;442.7;1046.0;2879.2;0.2;2134.0;0;12
37;74;10.2;320.9;848.0;2710.8;0.1;2134.0;0;12
37;75;8.5;378.5;954.0;2688.7;0.1;2134.0;0;12
37;76;10.1;336.9;971.0;2819.5;0.1;2134.0;0;12
37;77;8.6;366.9;866.0;2637.2;0.1;2134.0;0;12
37;78;7.6;406.6;950.0;2607.2;0.2;2134.0;0;12
37;79;8.8;373.6;945.0;2744.2;0.1;2134.0;0;12
37;80;8.2;354.1;1160.0;2435.3;0.1;1924.0;1;13
37;81;9.4;323.7;1049.0;2534.5;0.1;1924.0;0;13
37;82;8.5;316.8;917.0;2261.2;0.1;1924.0;0;13
37;83;7.6;372.4;1110.0;2378.5;0.2;1924.0;0;13
37;84;8.7;344.0;1147.0;2496.8;0.1;1924.0;0;13
37;85;9.1;304.0;941.0;2306.3;0.1;1911.0;1;14
37;86;7.6;365.5;1057.0;2347.8;0.2;1911.0;0;14
37;87;7.7;365.6;1237.0;2380.0;0.2;1802.0;1;15
37;88;7.1;401.0;1215.0;2417.7;0.2;1802.0;0;15
37;89;8.7;350.3;1120.0;2555.2;0.1;1802.0;0;15
37;90;13.3;226.9;744.0;2474.3;0.1;1802.0;0;15
37;91;11.2;276.3;828.0;2560.3;0.1;1802.0;0;15
37;92;10.0;297.2;930.0;2460.5;0.1;1802.0;0;15
37;93;9.2;340.7;1020.0;2605.2;0.1;1802.0;0;15
37;94;13.5;224.4;691.0;2481.3;0.1;1802.0;0;15
37;95;9.0;311.1;929.0;2332.3;0.1;1802.0;0;15
37;96;8.4;341.8;1030.0;2416.0;0.1;1802.0;0;15
37;97;7.0;366.5;1100.0;2189.0;0.2;1802.0;0;15
37;98;9.1;313.2;1052.0;2384.7;0.1;1802.0;0;15
37;99;8.6;329.2;940.0;2386.8;0.1;1802.0;0;15
38;0;8.5;588.4;1271.0;4180.5;0.1;3331.0;1;1
38;1;8.7;568.1;1394.0;4132.5;0.1;3173.0;1;2
38;2;13.6;360.0;891.0;4019.5;0.1;3173.0;0;2
38;3;12.2;415.0;1021.0;4165.2;0.1;3173.0;0;2
38;4;14.0;376.2;893.0;4305.7;0.1;3173.0;0;2
38;5;9.2;520.4;1451.0;4008.7;0.1;2975.0;1;3
38;6;10.1;478.5;1075.0;4020.2;0.1;2975.0;0;3
38;7;8.9;543.8;1275.0;4067.3;0.1;2975.0;0;3
38;8;12.6;413.3;1076.0;4275.8;0.1;2975.0;0;3
38;9;10.8;457.4;1149.0;4090.7;0.1;2975.0;0;3
38;10;12.1;404.9;1068.0;4021.3;0.1;2975.0;0;3
38;11;9.6;495.5;1100.0;3950.7;0.1;2975.0;0;3
38;12;11.9;407.3;1133.0;3985.3;0.1;2975.0;0;3
38;13;9.5;506.9;1274.0;4005.0;0.1;2975.0;0;3
38;14;8.7;539.0;1165.0;3928.2;0.1;2975.0;0;3
38;15;9.2;529.1;1287.0;4064.7;0.1;2975.0;0;3
38;16;10.1;479.6;1155.0;4026.3;0.1;2975.0;0;3
38;17;8.3;545.5;1356.0;3822.5;0.1;2975.0;0;3
38;18;8.7;519.2;1415.0;3796.8;0.1;2907.0;1;4
38;19;8.8;524.0;1231.0;3850.0;0.1;2907.0;0;4
38;20;8.9;522.2;1222.0;3879.0;0.1;2907.0;0;4
38;21;9.6;486.7;1147.0;3882.7;0.1;2907.0;0;4
38;22;7.0;621.0;1392.0;3682.8;0.2;2907.0;0;4
38;23;7.9;563.6;1355.0;3732.8;0.2;2907.0;0;4
38;24;9.0;495.4;1259.0;3719.7;0.1;2907.0;0;4
38;25;7.1;600.6;1254.0;3636.7;0.2;2907.0;0;4
38;26;9.1;461.4;1060.0;3503.3;0.1;2907.0;0;4
38;27;8.7;514.0;1101.0;3734.3;0.1;2907.0;0;4
38;28;8.4;523.3;1413.0;3682.2;0.1;2856.0;1;5
38;29;9.4;472.3;1045.0;3700.7;0.1;2856.0;0;5
38;30;8.3;514.5;1319.0;3602.5;0.1;2856.0;0;5
38;31;7.3;556.0;1378.0;3422.5;0.2;2731.0;1;6
38;32;6.6;603.0;1310.0;3402.7;0.2;2708.0;1;7
38;33;9.3;459.6;1221.0;3585.0;0.1;2708.0;0;7
38;34;9.1;466.1;1116.0;3540.7;0.1;2708.0;0;7
38;35;8.9;487.2;1137.0;3645.7;0.1;2708.0;0;7
38;36;9.3;448.0;1089.0;3462.7;0.1;2708.0;0;7
38;37;11.2;384.9;991.0;3555.8;0.1;2708.0;0;7
38;38;13.7;319.1;872.0;3574.2;0.1;2708.0;0;7
38;39;9.5;426.7;1074.0;3364.0;0.1;2708.0;0;7
38;40;7.1;547.8;1157.0;3292.3;0.2;2708.0;0;7
38;41;7.1;575.7;1463.0;3494.0;0.2;2548.0;1;8
38;42;11.4;352.8;1007.0;3331.7;0.1;2548.0;0;8
38;43;8.0;489.3;1168.0;3307.3;0.1;2548.0;0;8
38;44;8.9;443.8;1016.0;3288.3;0.1;2548.0;0;8
38;45;11.3;355.7;774.0;3328.7;0.1;2548.0;0;8
38;46;6.6;541.2;1231.0;3069.0;0.2;2409.0;1;9
38;47;7.1;504.4;1194.0;3054.5;0.2;2409.0;0;9
38;48;8.7;403.5;955.0;2951.0;0.1;2409.0;0;9
38;49;8.6;397.2;947.0;2867.8;0.1;2409.0;0;9
38;50;6.1;526.0;1322.0;2775.5;0.2;2168.0;1;10
38;51;8.5;406.7;968.0;2909.3;0.1;2168.0;0;10
38;52;8.6;406.0;1016.0;2940.7;0.1;2168.0;0;10
38;53;7.3;453.7;1042.0;2790.2;0.2;2168.0;0;10
38;54;10.5;325.6;804.0;2840.0;0.1;2168.0;0;10
38;55;9.5;362.6;924.0;2865.0;0.1;2168.0;0;10
38;56;9.1;351.8;1051.0;2689.0;0.1;2148.0;1;11
38;57;7.5;424.5;1070.0;2698.7;0.2;2148.0;0;11
38;58;11.5;289.9;696.0;2759.5;0.1;2148.0;0;11
38;59;7.9;396.6;1008.0;2638.0;0.2;2148.0;0;11
38;60;7.7;414.7;1145.0;2701.0;0.2;2148.0;0;11
38;61;9.9;317.7;799.0;2619.0;0.1;2148.0;0;11
38;62;8.4;371.6;947.0;2606.7;0.1;2148.0;0;11
38;63;8.7;364.2;925.0;2646.2;0.1;2148.0;0;11
38;64;8.4;366.9;1102.0;2584.5;0.1;1965.0;1;12
38;65;7.5;377.8;876.0;2397.8;0.2;1965.0;0;12
38;66;8.0;357.4;873.0;2417.2;0.1;1965.0;0;12
38;67;13.0;239.9;602.0;2557.3;0.1;1965.0;0;12
38;68;10.6;292.6;676.0;2560.5;0.1;1965.0;0;12
38;69;8.4;357.1;998.0;2508.3;0.1;1941.0;1;13
38;70;9.6;321.4;778.0;2561.8;0.1;1941.0;0;13
38;71;10.9;283.7;767.0;2566.2;0.1;1941.0;0;13
38;72;7.5;377.3;961.0;2405.0;0.2;1941.0;0;13
38;73;8.8;345.0;868.0;2548.2;0.1;1941.0;0;13
38;74;8.5;327.7;932.0;2341.8;0.1;1880.0;1;14
38;75;9.7;293.8;778.0;2371.2;0.1;1880.0;0;14
38;76;9.6;305.2;862.0;2432.3;0.1;1880.0;0;14
38;77;6.6;421.5;1056.0;2360.3;0.2;1880.0;0;14
38;78;9.0;334.6;832.0;2527.3;0.1;1880.0;0;14
38;79;6.9;402.2;1084.0;2354.3;0.2;1825.0;1;15
38;80;12.4;241.6;696.0;2460.5;0.1;1825.0;0;15
38;81;7.8;343.6;939.0;2258.3;0.2;1825.0;0;15
38;82;7.0;353.1;991.0;2115.0;0.2;1825.0;0;15
38;83;7.9;337.1;1015.0;2237.8;0.2;1825.0;0;15
38;84;9.7;288.9;876.0;2340.5;0.1;1825.0;0;15
38;85;10.6;269.3;872.0;2369.7;0.1;1825.0;0;15
38;86;9.9;287.0;901.0;2366.2;0.1;1825.0;0;15
38;87;9.4;312.6;1023.0;2440.0;0.1;1825.0;0;15
38;88;9.4;287.3;782.0;2259.3;0.1;1825.0;0;15
38;89;8.1;331.1;1040.0;2266.7;0.1;1825.0;0;15
38;90;6.5;441.1;1264.0;2454.8;0.2;1825.0;0;15
38;91;7.7;349.4;1042.0;2264.2;0.2;1825.0;0;15
38;92;11.9;220.1;632.0;2150.5;0.1;1825.0;0;15
38;93;9.3;298.7;854.0;2317.3;0.1;1825.0;0;15
38;94;8.8;300.9;957.0;2219.0;0.1;1825.0;0;15
38;95;9.0;295.1;920.0;2227.2;0.1;1825.0;0;15
38;96;7.7;334.4;1012.0;2167.8;0.2;1778.0;1;16
38;97;11.6;230.1;659.0;2202.8;0.1;1778.0;0;16
38;98;8.2;304.5;929.0;2092.2;0.1;1776.0;1;17
38;99;7.7;338.8;930.0;2206.5;0.2;1776.0;0;17
39;0;13.4;384.6;974.0;4232.0;0.1;3610.0;1;1
39;1;12.7;401.2;990.0;4176.5;0.1;3507.0;1;2
39;2;10.8;447.9;1110.0;3990.8;0.1;3234.0;1;3
39;3;10.4;480.3;1258.0;4133.7;0.1;3234.0;0;3
39;4;8.9;535.2;1298.0;3979.5;0.1;3167.0;1;4
39;5;9.7;503.9;1211.0;4077.8;0.1;3167.0;0;4
39;6;11.3;432.9;1186.0;4038.3;0.1;3167.0;0;4
39;7;11.3;449.8;1212.0;4193.7;0.1;3167.0;0;4
39;8;8.0;583.2;1388.0;3937.7;0.1;3085.0;1;5
39;9;10.5;454.4;1046.0;3970.2;0.1;3085.0;0;5
39;10;11.4;421.4;968.0;3971.7;0.1;3085.0;0;5
39;11;13.3;379.9;907.0;4148.5;0.1;3085.0;0;5
39;12;8.3;563.9;1286.0;3932.5;0.1;3085.0;0;5
39;13;10.0;496.9;1225.0;4121.2;0.1;3085.0;0;5
39;14;14.1;351.4;816.0;4050.7;0.1;3085.0;0;5
39;15;13.8;351.5;799.0;3956.7;0.1;3085.0;0;5
39;16;11.6;434.8;1052.0;4161.7;0.1;3085.0;0;5
39;17;8.9;510.2;1157.0;3788.2;0.1;3085.0;0;5
39;18;10.4;447.8;1192.0;3864.7;0.1;3085.0;0;5
39;19;10.0;455.3;1109.0;3779.2;0.1;3085.0;0;5
39;20;9.6;469.9;1126.0;3754.8;0.1;3085.0;0;5
39;21;12.3;371.5;859.0;3760.2;0.1;3085.0;0;5
39;22;8.9;500.3;1171.0;3741.5;0.1;3085.0;0;5
39;23;8.3;549.1;1293.0;3848.8;0.1;3085.0;0;5
39;24;11.3;401.6;1071.0;3744.0;0.1;3058.0;1;6
39;25;9.6;478.7;1198.0;3817.2;0.1;3058.0;0;6
39;26;7.5;588.5;1350.0;3746.0;0.2;2968.0;1;7
39;27;8.6;518.6;1325.0;3758.0;0.1;2955.0;1;8
39;28;9.2;480.4;1222.0;3684.8;0.1;2911.0;1;9
39;29;11.4;408.3;1035.0;3837.2;0.1;2911.0;0;9
39;30;7.8;581.3;1326.0;3833.8;0.2;2911.0;0;9
39;31;9.5;463.7;1055.0;3656.3;0.1;2911.0;0;9
39;32;9.9;457.2;1064.0;3760.3;0.1;2911.0;0;9
39;33;8.0;535.5;1329.0;3626.7;0.1;2846.0;1;10
39;34;9.4;467.9;1163.0;3673.0;0.1;2846.0;0;10
39;35;6.3;645.4;1555.0;3486.8;0.2;2617.0;1;11
39;36;7.3;595.0;1319.0;3678.3;0.2;2617.0;0;11
39;37;9.3;472.9;1135.0;3658.7;0.1;2617.0;0;11
39;38;7.8;543.6;1254.0;3596.7;0.2;2617.0;0;11
39;39;7.1;595.7;1397.0;3575.5;0.2;2617.0;0;11
39;40;10.2;411.5;911.0;3483.3;0.1;2617.0;0;11
39;41;10.1;410.8;924.0;3448.0;0.1;2617.0;0;11
39;42;7.6;548.7;1256.0;3530.3;0.2;2617.0;0;11
39;43;7.6;530.6;1344.0;3417.3;0.2;2617.0;0;11
39;44;7.0;575.6;1466.0;3440.2;0.2;2512.0;1;12
39;45;11.2;366.9;882.0;3406.3;0.1;2512.0;0;12
39;46;6.6;592.3;1402.0;3360.3;0.2;2512.0;0;12
39;47;6.9;567.3;1560.0;3352.2;0.2;2335.0;1;13
39;48;7.1;523.0;1413.0;3153.3;0.2;2335.0;0;13
39;49;10.2;375.2;940.0;3163.0;0.1;2335.0;0;13
39;50;8.0;470.0;1251.0;3170.7;0.1;2335.0;0;13
39;51;8.9;431.7;1112.0;3202.0;0.1;2335.0;0;13
39;52;7.6;473.7;1072.0;3054.5;0.2;2335.0;0;13
39;53;7.1;515.1;1349.0;3119.3;0.2;2335.0;0;13
39;54;8.5;440.9;1058.0;3136.7;0.1;2335.0;0;13
39;55;5.9;568.1;1604.0;2879.7;0.2;2132.0;1;14
39;56;7.1;500.1;1206.0;3023.0;0.2;2132.0;0;14
39;57;8.7;401.4;940.0;2913.5;0.1;2132.0;0;14
39;58;8.2;426.8;1008.0;2948.0;0.1;2132.0;0;14
39;59;11.9;320.0;733.0;3133.7;0.1;2132.0;0;14
39;60;8.6;425.1;996.0;3061.5;0.1;2132.0;0;14
39;61;6.8;489.8;1207.0;2838.8;0.2;2132.0;0;14
39;62;9.9;373.0;986.0;3059.2;0.1;2132.0;0;14
39;63;6.8;473.3;1217.0;2724.2;0.2;2132.0;0;14
39;64;9.8;340.8;859.0;2782.5;0.1;2132.0;0;14
39;65;8.7;389.5;1017.0;2842.3;0.1;2132.0;0;14
39;66;10.8;322.3;813.0;2892.3;0.1;2132.0;0;14
39;67;9.8;349.5;901.0;2843.3;0.1;2132.0;0;14
39;68;6.5;490.2;1168.0;2720.7;0.2;2132.0;0;14
39;69;9.3;373.1;902.0;2884.2;0.1;2132.0;0;14
39;70;8.3;400.4;976.0;2780.3;0.1;2132.0;0;14
39;71;6.8;496.5;1154.0;2873.2;0.2;2132.0;0;14
39;72;7.6;420.1;1042.0;2713.3;0.2;2132.0;0;14
39;73;8.2;424.8;998.0;2925.2;0.1;2132.0;0;14
39;74;7.6;421.2;1029.0;2697.7;0.2;2132.0;0;14
39;75;8.8;376.3;889.0;2783.0;0.1;2132.0;0;14
39;76;7.9;393.7;1039.0;2611.8;0.2;2132.0;0;14
39;77;7.7;416.7;1070.0;2716.2;0.2;2132.0;0;14
39;78;11.1;294.3;888.0;2708.0;0.1;2132.0;0;14
39;79;10.8;296.1;828.0;2651.8;0.1;2132.0;0;14
39;80;12.0;260.9;823.0;2585.8;0.1;2132.0;0;14
39;81;9.0;320.6;1027.0;2406.8;0.1;1950.0;1;15
39;82;9.0;341.4;1000.0;2560.8;0.1;1950.0;0;15
39;83;15.2;212.0;629.0;2630.5;0.1;1950.0;0;15
39;84;12.0;262.2;866.0;2593.8;0.1;1950.0;0;15
39;85;8.2;354.9;1119.0;2449.0;0.1;1950.0;0;15
39;86;12.0;249.5;744.0;2472.5;0.1;1950.0;0;15
39;87;9.4;314.0;954.0;2459.8;0.1;1950.0;0;15
39;88;11.3;268.4;753.0;2502.0;0.1;1950.0;0;15
39;89;12.2;251.3;740.0;2514.5;0.1;1950.0;0;15
39;90;8.4;342.8;1021.0;2412.5;0.1;1950.0;0;15
39;91;7.3;384.4;1160.0;2384.8;0.2;1950.0;0;15
39;92;9.3;319.6;1020.0;2480.5;0.1;1950.0;0;15
39;93;13.2;238.6;710.0;2580.0;0.1;1950.0;0;15
39;94;12.5;235.6;689.0;2412.0;0.1;1950.0;0;15
39;95;8.7;331.6;1105.0;2419.5;0.1;1950.0;0;15
39;96;8.4;339.8;1016.0;2396.5;0.1;1950.0;0;15
39;97;11.8;254.6;813.0;2484.7;0.1;1950.0;0;15
39;98;8.2;334.8;969.0;2318.5;0.1;1950.0;0;15
39;99;11.1;264.3;826.0;2431.8;0.1;1950.0;0;15
40;0;9.2;536.2;1270.0;4111.7;0.1;3258.0;1;1
40;1;10.6;466.5;1094.0;4107.0;0.1;3258.0;0;1
40;2;11.1;444.4;1046.0;4063.5;0.1;3258.0;0;1
40;3;11.9;423.6;1002.0;4165.5;0.1;3258.0;0;1
40;4;9.9;491.0;1202.0;4057.7;0.1;3258.0;0;1
40;5;13.0;393.9;909.0;4185.8;0.1;3258.0;0;1
40;6;10.7;474.1;1228.0;4186.3;0.1;3258.0;0;1
40;7;12.2;411.3;1037.0;4129.0;0.1;3258.0;0;1
40;8;10.0;475.2;1242.0;3967.3;0.1;3136.0;1;2
40;9;15.2;326.7;850.0;4047.5;0.1;3136.0;0;2
40;10;11.7;415.2;1117.0;4016.5;0.1;3136.0;0;2
40;11;11.7;424.3;978.0;4101.8;0.1;3136.0;0;2
40;12;22.1;235.5;525.0;4186.3;0.1;3136.0;0;2
40;13;13.0;395.9;966.0;4214.5;0.1;3136.0;0;2
40;14;11.2;438.6;1023.0;4044.8;0.1;3136.0;0;2
40;15;11.5;417.2;999.0;3974.5;0.1;3136.0;0;2
40;16;12.0;395.2;1097.0;3892.2;0.1;3105.0;1;3
40;17;7.5;601.8;1453.0;3834.0;0.2;2992.0;1;4
40;18;8.9;518.8;1103.0;3882.2;0.1;2992.0;0;4
40;19;8.0;571.3;1537.0;3842.3;0.1;2933.0;1;5
40;20;9.6;459.8;1151.0;3683.2;0.1;2933.0;0;5
40;21;7.7;581.3;1411.0;3767.8;0.2;2931.0;1;6
40;22;8.9;513.5;1281.0;3843.0;0.1;2931.0;0;6
40;23;7.2;606.4;1361.0;3717.5;0.2;2931.0;0;6
40;24;10.9;414.5;971.0;3729.5;0.1;2931.0;0;6
40;25;8.3;547.3;1247.0;3800.3;0.1;2931.0;0;6
40;26;8.8;504.9;1103.0;3723.3;0.1;2931.0;0;6
40;27;9.5;485.2;1061.0;3833.7;0.1;2931.0;0;6
40;28;8.5;535.4;1391.0;3824.5;0.1;2931.0;0;6
40;29;6.5;641.4;1614.0;3561.3;0.2;2627.0;1;7
40;30;8.6;509.2;1137.0;3663.2;0.1;2627.0;0;7
40;31;12.7;356.8;972.0;3719.2;0.1;2627.0;0;7
40;32;9.6;462.7;1250.0;3698.2;0.1;2627.0;0;7
40;33;7.9;526.0;1306.0;3485.0;0.2;2627.0;0;7
40;34;9.3;464.3;1290.0;3589.5;0.1;2627.0;0;7
40;35;7.9;522.7;1239.0;3471.0;0.2;2627.0;0;7
40;36;10.6;427.5;944.0;3761.5;0.1;2627.0;0;7
40;37;8.5;482.9;1132.0;3451.2;0.1;2627.0;0;7
40;38;6.6;578.4;1337.0;3251.8;0.2;2553.0;1;8
40;39;9.0;459.3;1184.0;3469.2;0.1;2553.0;0;8
40;40;6.6;614.5;1504.0;3440.2;0.2;2543.0;1;9
40;41;6.6;596.5;1613.0;3373.8;0.2;2327.0;1;10
40;42;10.3;404.4;951.0;3443.8;0.1;2327.0;0;10
40;43;7.6;524.2;1233.0;3374.0;0.2;2327.0;0;10
40;44;8.9;438.3;1071.0;3256.8;0.1;2327.0;0;10
40;45;7.6;486.8;1054.0;3112.5;0.2;2327.0;0;10
40;46;9.3;423.3;1004.0;3271.5;0.1;2327.0;0;10
40;47;6.9;542.0;1243.0;3184.7;0.2;2327.0;0;10
40;48;8.6;428.5;1048.0;3086.2;0.1;2327.0;0;10
40;49;9.9;367.9;817.0;3015.5;0.1;2327.0;0;10
40;50;7.1;507.3;1200.0;3069.2;0.2;2327.0;0;10
40;51;9.6;368.5;927.0;2936.8;0.1;2327.0;0;10
40;52;8.7;384.8;1024.0;2799.5;0.1;2327.0;0;10
40;53;8.2;416.0;1037.0;2873.3;0.1;2327.0;0;10
40;54;7.9;416.9;1049.0;2776.5;0.2;2311.0;1;11
40;55;8.9;402.3;1095.0;2998.0;0.1;2311.0;0;11
40;56;10.5;316.3;744.0;2745.7;0.1;2311.0;0;11
40;57;10.1;326.7;916.0;2734.8;0.1;2271.0;1;12
40;58;9.4;366.5;973.0;2878.8;0.1;2271.0;0;12
40;59;10.0;335.2;807.0;2780.3;0.1;2271.0;0;12
40;60;10.8;294.5;720.0;2629.2;0.1;2271.0;0;12
40;61;8.6;375.9;977.0;2705.5;0.1;2232.0;1;13
40;62;8.0;376.9;1008.0;2546.8;0.1;2045.0;1;14
40;63;7.0;444.2;1071.0;2636.5;0.2;2045.0;0;14
40;64;10.2;320.1;840.0;2717.3;0.1;2045.0;0;14
40;65;7.4;436.6;1134.0;2735.7;0.2;2045.0;0;14
40;66;7.8;421.6;1008.0;2791.3;0.2;2045.0;0;14
40;67;8.5;361.2;861.0;2578.2;0.1;2045.0;0;14
40;68;10.4;283.9;786.0;2452.8;0.1;2045.0;0;14
40;69;7.2;413.0;984.0;2531.3;0.2;2045.0;0;14
40;70;6.6;435.9;972.0;2460.5;0.2;2045.0;0;14
40;71;7.6;385.6;993.0;2480.7;0.2;2045.0;0;14
40;72;7.9;406.8;1093.0;2698.5;0.2;2045.0;0;14
40;73;7.4;410.7;957.0;2580.8;0.2;2045.0;0;14
40;74;8.4;340.7;830.0;2414.3;0.1;2045.0;0;14
40;75;9.9;296.2;756.0;2449.7;0.1;2045.0;0;14
40;76;10.3;271.5;643.0;2320.2;0.1;2045.0;0;14
40;77;10.9;252.8;709.0;2285.2;0.1;1913.0;1;15
40;78;8.7;310.7;695.0;2273.8;0.1;1913.0;0;15
40;79;9.4;290.9;813.0;2276.5;0.1;1812.0;1;16
40;80;9.2;283.7;835.0;2185.3;0.1;1812.0;0;16
40;81;7.4;344.1;999.0;2162.5;0.2;1812.0;0;16
40;82;9.3;297.7;971.0;2305.3;0.1;1812.0;0;16
40;83;11.8;235.9;706.0;2297.3;0.1;1812.0;0;16
40;84;9.4;275.6;885.0;2160.7;0.1;1791.0;1;17
40;85;8.7;311.2;902.0;2280.0;0.1;1791.0;0;17
40;86;9.0;315.7;936.0;2370.3;0.1;1791.0;0;17
40;87;12.5;228.6;692.0;2340.0;0.1;1791.0;0;17
40;88;14.1;201.5;673.0;2325.0;0.1;1791.0;0;17
40;89;7.8;339.2;967.0;2238.8;0.2;1791.0;0;17
40;90;9.2;297.2;908.0;2287.0;0.1;1791.0;0;17
40;91;9.3;303.0;952.0;2361.3;0.1;1791.0;0;17
40;92;10.0;270.5;783.0;2255.7;0.1;1791.0;0;17
40;93;8.8;328.1;1069.0;2417.2;0.1;1791.0;0;17
40;94;8.8;304.8;902.0;2256.2;0.1;1791.0;0;17
40;95;10.1;277.7;894.0;2331.8;0.1;1791.0;0;17
40;96;7.8;357.9;1047.0;2362.2;0.2;1791.0;0;17
40;97;11.9;233.2;685.0;2281.3;0.1;1791.0;0;17
40;98;9.6;291.7;917.0;2324.2;0.1;1791.0;0;17
40;99;8.6;315.0;958.0;2281.7;0.1;1791.0;0;17
41;0;13.9;365.0;815.0;4161.8;0.1;3644.0;1;1
41;1;11.1;443.6;1022.0;4083.3;0.1;3460.0;1;2
41;2;13.2;389.8;1006.0;4213.7;0.1;3460.0;0;2
41;3;12.5;407.7;991.0;4195.8;0.1;3460.0;0;2
41;4;12.1;422.3;1068.0;4195.7;0.1;3460.0;0;2
41;5;11.9;416.6;1120.0;4099.0;0.1;3288.0;1;3
41;6;12.5;399.1;1035.0;4096.3;0.1;3288.0;0;3
41;7;15.3;337.4;817.0;4207.0;0.1;3288.0;0;3
41;8;8.9;540.7;1198.0;4044.3;0.1;3261.0;1;4
41;9;12.7;396.2;965.0;4136.3;0.1;3261.0;0;4
41;10;9.2;522.6;1459.0;4012.2;0.1;3074.0;1;5
41;11;13.7;367.8;906.0;4136.5;0.1;3074.0;0;5
41;12;9.5;520.6;1339.0;4118.0;0.1;3074.0;0;5
41;13;10.0;498.9;1394.0;4140.8;0.1;3074.0;0;5
41;14;14.2;339.8;1007.0;3935.5;0.1;3074.0;0;5
41;15;8.5;564.2;1471.0;4019.2;0.1;2997.0;1;6
41;16;10.5;456.1;1140.0;3982.2;0.1;2997.0;0;6
41;17;9.4;497.8;1094.0;3899.0;0.1;2997.0;0;6
41;18;8.4;521.1;1244.0;3692.5;0.1;2992.0;1;7
41;19;10.1;459.1;1020.0;3858.8;0.1;2992.0;0;7
41;20;9.9;465.6;1078.0;3822.3;0.1;2992.0;0;7
41;21;9.7;481.7;1025.0;3897.0;0.1;2992.0;0;7
41;22;10.6;445.7;1078.0;3921.0;0.1;2992.0;0;7
41;23;6.8;643.5;1487.0;3723.0;0.2;2975.0;1;8
41;24;10.3;442.1;1012.0;3784.2;0.1;2975.0;0;8
41;25;9.6;475.2;1110.0;3789.2;0.1;2975.0;0;8
41;26;9.9;466.6;1069.0;3828.5;0.1;2975.0;0;8
41;27;7.6;579.2;1288.0;3712.3;0.2;2975.0;0;8
41;28;10.0;443.5;1160.0;3674.0;0.1;2975.0;0;8
41;29;7.7;540.7;1273.0;3518.0;0.2;2852.0;1;9
41;30;10.0;449.2;1122.0;3724.8;0.1;2852.0;0;9
41;31;7.9;545.3;1170.0;3617.7;0.2;2852.0;0;9
41;32;7.9;561.1;1310.0;3726.7;0.2;2852.0;0;9
41;33;9.0;471.2;1141.0;3550.0;0.1;2852.0;0;9
41;34;8.1;526.7;1339.0;3599.7;0.1;2758.0;1;10
41;35;10.1;437.4;1036.0;3657.3;0.1;2758.0;0;10
41;36;10.8;383.2;912.0;3434.0;0.1;2758.0;0;10
41;37;6.9;617.1;1591.0;3621.0;0.2;2573.0;1;11
41;38;7.1;568.8;1281.0;3433.7;0.2;2573.0;0;11
41;39;8.6;502.0;1162.0;3627.7;0.1;2573.0;0;11
41;40;9.8;422.8;987.0;3444.7;0.1;2573.0;0;11
41;41;6.2;631.5;1563.0;3381.2;0.2;2454.0;1;12
41;42;7.3;548.3;1360.0;3393.8;0.2;2454.0;0;12
41;43;7.0;567.0;1416.0;3392.7;0.2;2454.0;0;12
41;44;9.5;424.2;1131.0;3345.7;0.1;2454.0;0;12
41;45;7.2;542.0;1319.0;3290.0;0.2;2454.0;0;12
41;46;7.7;509.8;1247.0;3320.3;0.2;2454.0;0;12
41;47;8.3;440.5;1034.0;3081.7;0.1;2454.0;0;12
41;48;7.1;503.7;1369.0;3023.8;0.2;2296.0;1;13
41;49;10.2;375.4;960.0;3178.2;0.1;2296.0;0;13
41;50;7.2;495.0;1346.0;3038.2;0.2;2296.0;0;13
41;51;6.9;496.5;1205.0;2909.7;0.2;2296.0;0;13
41;52;6.3;527.7;1328.0;2831.7;0.2;2263.0;1;14
41;53;9.3;373.9;1068.0;2905.3;0.1;2263.0;0;14
41;54;7.5;450.7;1221.0;2872.0;0.2;2217.0;1;15
41;55;6.1;543.4;1515.0;2862.3;0.2;2169.0;1;16
41;56;8.3;404.1;1084.0;2815.3;0.1;2169.0;0;16
41;57;6.1;489.5;1177.0;2564.2;0.2;2054.0;1;17
41;58;6.8;467.4;1291.0;2690.3;0.2;2054.0;0;17
41;59;6.9;441.1;1107.0;2599.7;0.2;2054.0;0;17
41;60;8.6;374.2;968.0;2699.2;0.1;2054.0;0;17
41;61;8.8;365.1;872.0;2693.3;0.1;2054.0;0;17
41;62;7.6;409.3;1159.0;2640.5;0.2;2054.0;0;17
41;63;7.0;436.1;1110.0;2592.7;0.2;2054.0;0;17
41;64;6.3;496.3;1227.0;2661.8;0.2;2054.0;0;17
41;65;8.2;371.5;865.0;2560.0;0.1;2054.0;0;17
41;66;6.4;462.6;1138.0;2530.7;0.2;2046.0;1;18
41;67;8.4;359.0;820.0;2537.0;0.1;2046.0;0;18
41;68;8.4;346.0;866.0;2445.7;0.1;2046.0;0;18
41;69;7.8;371.7;896.0;2444.2;0.2;2046.0;0;18
41;70;8.4;348.5;919.0;2463.2;0.1;2046.0;0;18
41;71;6.8;429.1;1214.0;2471.5;0.2;1865.0;1;19
41;72;7.1;410.5;1078.0;2472.5;0.2;1865.0;0;19
41;73;6.1;448.1;1183.0;2336.3;0.2;1757.0;1;20
41;74;8.8;327.1;834.0;2417.7;0.1;1757.0;0;20
41;75;7.7;355.9;894.0;2305.0;0.2;1757.0;0;20
41;76;5.9;471.1;1205.0;2392.5;0.2;1757.0;0;20
41;77;7.3;393.1;904.0;2440.7;0.2;1757.0;0;20
41;78;8.2;347.1;851.0;2384.0;0.1;1757.0;0;20
41;79;6.3;428.6;1022.0;2316.7;0.2;1757.0;0;20
41;80;10.9;237.6;705.0;2150.8;0.1;1757.0;0;20
41;81;8.5;309.5;967.0;2212.5;0.1;1757.0;0;20
41;82;9.5;274.0;825.0;2175.5;0.1;1757.0;0;20
41;83;8.9;313.8;932.0;2344.2;0.1;1757.0;0;20
41;84;9.5;271.9;779.0;2147.3;0.1;1757.0;0;20
41;85;8.5;305.2;942.0;2183.5;0.1;1757.0;0;20
41;86;11.7;232.3;705.0;2243.7;0.1;1757.0;0;20
41;87;8.5;304.0;898.0;2164.7;0.1;1757.0;0;20
41;88;8.8;325.8;1027.0;2393.5;0.1;1757.0;0;20
41;89;9.2;290.5;852.0;2240.8;0.1;1757.0;0;20
41;90;10.0;267.7;806.0;2229.8;0.1;1757.0;0;20
41;91;8.2;315.0;1002.0;2180.7;0.1;1757.0;0;20
41;92;7.3;343.7;1001.0;2139.7;0.2;1757.0;0;20
41;93;8.2;321.4;907.0;2225.5;0.1;1757.0;0;20
41;94;10.6;256.7;761.0;2254.2;0.1;1757.0;0;20
41;95;9.0;285.7;826.0;2152.2;0.1;1757.0;0;20
41;96;9.6;282.3;866.0;2256.7;0.1;1757.0;0;20
41;97;8.2;316.9;963.0;2178.3;0.1;1757.0;0;20
41;98;8.1;349.9;1016.0;2381.3;0.1;1757.0;0;20
41;99;6.5;418.8;1413.0;2335.5;0.2;1682.0;1;21
42;0;12.8;383.5;1085.0;4028.3;0.1;3335.0;1;1
42;1;11.1;446.6;1013.0;4108.3;0.1;3335.0;0;1
42;2;13.0;375.6;927.0;4006.5;0.1;3335.0;0;1
42;3;12.6;396.7;950.0;4104.3;0.1;3335.0;0;1
42;4;10.9;442.5;1117.0;4000.2;0.1;3219.0;1;2
42;5;13.2;365.2;817.0;3940.0;0.1;3219.0;0;2
42;6;13.4;378.0;852.0;4160.2;0.1;3219.0;0;2
42;7;8.4;573.8;1377.0;4067.5;0.1;3142.0;1;3
42;8;12.9;380.6;927.0;4019.3;0.1;3142.0;0;3
42;9;10.9;460.1;1178.0;4143.2;0.1;3142.0;0;3
42;10;10.5;470.9;1232.0;4090.2;0.1;3142.0;0;3
42;11;13.8;364.6;848.0;4123.8;0.1;3142.0;0;3
42;12;10.3;469.2;1055.0;4005.3;0.1;3142.0;0;3
42;13;10.2;490.7;1135.0;4162.2;0.1;3142.0;0;3
42;14;9.9;490.9;1126.0;4027.0;0.1;3142.0;0;3
42;15;8.3;586.2;1337.0;4083.8;0.1;3142.0;0;3
42;16;16.3;317.7;743.0;4212.0;0.1;3142.0;0;3
42;17;9.4;499.5;1047.0;3921.3;0.1;3142.0;0;3
42;18;9.7;493.0;1143.0;3996.0;0.1;3142.0;0;3
42;19;10.5;442.9;1024.0;3858.8;0.1;3142.0;0;3
42;20;7.3;609.1;1325.0;3776.7;0.2;3103.0;1;4
42;21;8.2;561.4;1462.0;3855.8;0.1;2961.0;1;5
42;22;8.4;539.0;1358.0;3815.3;0.1;2961.0;0;5
42;23;7.8;561.9;1248.0;3715.7;0.2;2961.0;0;5
42;24;8.9;525.6;1257.0;3908.7;0.1;2961.0;0;5
42;25;10.5;440.2;991.0;3818.2;0.1;2961.0;0;5
42;26;9.6;469.2;1098.0;3756.7;0.1;2961.0;0;5
42;27;7.4;588.5;1305.0;3682.3;0.2;2961.0;0;5
42;28;6.8;611.1;1484.0;3561.2;0.2;2707.0;1;6
42;29;8.3;538.8;1250.0;3746.8;0.1;2707.0;0;6
42;30;8.8;508.0;1215.0;3739.7;0.1;2707.0;0;6
42;31;9.3;453.5;985.0;3537.5;0.1;2707.0;0;6
42;32;7.0;596.5;1401.0;3565.0;0.2;2707.0;0;6
42;33;9.8;453.6;1166.0;3702.7;0.1;2707.0;0;6
42;34;8.8;481.5;1088.0;3533.7;0.1;2707.0;0;6
42;35;13.2;328.0;936.0;3550.5;0.1;2707.0;0;6
42;36;10.7;410.8;1111.0;3627.5;0.1;2707.0;0;6
42;37;8.4;493.9;1157.0;3472.7;0.1;2707.0;0;6
42;38;8.3;478.4;1109.0;3329.7;0.1;2707.0;0;6
42;39;14.1;301.0;686.0;3458.7;0.1;2707.0;0;6
42;40;7.8;521.0;1442.0;3433.2;0.2;2480.0;1;7
42;41;7.0;576.3;1307.0;3415.0;0.2;2480.0;0;7
42;42;9.6;414.3;959.0;3311.2;0.1;2480.0;0;7
42;43;8.8;444.0;985.0;3259.0;0.1;2480.0;0;7
42;44;10.1;381.3;998.0;3186.3;0.1;2480.0;0;7
42;45;10.4;386.0;864.0;3335.8;0.1;2480.0;0;7
42;46;8.9;418.9;986.0;3115.2;0.1;2480.0;0;7
42;47;7.6;472.3;1128.0;3033.8;0.2;2480.0;0;7
42;48;8.5;409.4;1132.0;2929.2;0.1;2349.0;1;8
42;49;9.6;365.9;898.0;2937.3;0.1;2349.0;0;8
42;50;9.1;394.2;1045.0;3002.3;0.1;2349.0;0;8
42;51;7.2;485.4;1217.0;2970.7;0.2;2349.0;0;8
42;52;7.1;508.9;1282.0;3071.7;0.2;2349.0;0;8
42;53;9.0;374.4;890.0;2824.5;0.1;2349.0;0;8
42;54;6.2;542.6;1359.0;2879.2;0.2;2256.0;1;9
42;55;6.9;491.5;1166.0;2889.8;0.2;2256.0;0;9
42;56;8.6;394.3;956.0;2845.7;0.1;2256.0;0;9
42;57;8.5;390.0;934.0;2795.3;0.1;2256.0;0;9
42;58;7.9;414.8;996.0;2770.3;0.1;2256.0;0;9
42;59;8.8;388.9;885.0;2870.2;0.1;2256.0;0;9
42;60;8.5;388.0;992.0;2774.8;0.1;2256.0;0;9
42;61;8.4;392.2;987.0;2762.0;0.1;2256.0;0;9
42;62;9.3;359.4;897.0;2787.2;0.1;2256.0;0;9
42;63;9.0;363.2;1014.0;2738.8;0.1;2179.0;1;10
42;64;10.8;311.2;731.0;2776.8;0.1;2179.0;0;10
42;65;9.8;350.5;1016.0;2871.2;0.1;2179.0;0;10
42;66;7.9;384.1;941.0;2562.8;0.1;2179.0;0;10
42;67;7.3;428.1;1153.0;2646.0;0.2;2106.0;1;11
42;68;8.6;373.3;967.0;2700.2;0.1;2106.0;0;11
42;69;10.1;324.3;785.0;2730.3;0.1;2106.0;0;11
42;70;9.1;352.2;858.0;2681.7;0.1;2106.0;0;11
42;71;9.3;365.6;890.0;2843.2;0.1;2106.0;0;11
42;72;7.1;451.7;1080.0;2740.7;0.2;2106.0;0;11
42;73;9.4;320.1;789.0;2502.2;0.1;2106.0;0;11
42;74;6.8;482.0;1180.0;2804.0;0.2;2106.0;0;11
42;75;6.1;517.6;1344.0;2710.3;0.2;2079.0;1;12
42;76;8.5;385.4;1078.0;2759.2;0.1;2079.0;0;12
42;77;7.1;439.5;1045.0;2661.7;0.2;2079.0;0;12
42;78;7.2;417.2;1151.0;2533.0;0.2;2023.0;1;13
42;79;8.9;337.8;916.0;2522.0;0.1;2023.0;0;13
42;80;10.9;276.6;820.0;2485.3;0.1;2023.0;0;13
42;81;10.6;293.1;872.0;2563.3;0.1;2023.0;0;13
42;82;10.7;267.6;809.0;2379.0;0.1;2023.0;0;13
42;83;12.1;240.9;681.0;2401.8;0.1;2023.0;0;13
42;84;8.3;334.8;987.0;2344.8;0.1;1963.0;1;14
42;85;7.7;367.8;1096.0;2391.2;0.2;1963.0;0;14
42;86;9.7;306.6;976.0;2473.8;0.1;1963.0;0;14
42;87;11.4;250.7;763.0;2354.2;0.1;1963.0;0;14
42;88;9.3;284.6;904.0;2216.0;0.1;1867.0;1;15
42;89;10.8;268.3;810.0;2406.5;0.1;1867.0;0;15
42;90;10.8;248.3;831.0;2217.7;0.1;1852.0;1;16
42;91;11.2;235.1;707.0;2172.8;0.1;1852.0;0;16
42;92;11.3;245.9;833.0;2286.8;0.1;1852.0;0;16
42;93;10.7;246.9;732.0;2179.2;0.1;1852.0;0;16
42;94;15.0;184.3;582.0;2254.3;0.1;1852.0;0;16
42;95;7.3;352.0;1073.0;2178.2;0.2;1829.0;1;17
42;96;14.9;186.7;586.0;2265.3;0.1;1829.0;0;17
42;97;10.2;257.8;748.0;2193.7;0.1;1829.0;0;17
42;98;12.4;222.4;707.0;2268.3;0.1;1829.0;0;17
42;99;13.3;201.8;606.0;2197.3;0.1;1829.0;0;17
43;0;13.0;385.1;881.0;4096.8;0.1;3553.0;1;1
43;1;9.6;514.8;1355.0;4108.2;0.1;3196.0;1;2
43;2;11.4;428.3;986.0;4045.7;0.1;3196.0;0;2
43;3;9.6;509.7;1193.0;4077.3;0.1;3196.0;0;2
43;4;13.1;379.1;974.0;4058.0;0.1;3196.0;0;2
43;5;16.2;321.0;858.0;4223.5;0.1;3196.0;0;2
43;6;12.4;412.7;1043.0;4190.8;0.1;3196.0;0;2
43;7;9.6;498.4;1201.0;3975.7;0.1;3196.0;0;2
43;8;11.0;442.7;1049.0;4019.8;0.1;3196.0;0;2
43;9;10.8;464.5;1232.0;4166.5;0.1;3196.0;0;2
43;10;15.5;327.6;985.0;4130.5;0.1;3196.0;0;2
43;11;11.1;450.8;1019.0;4142.7;0.1;3196.0;0;2
43;12;11.8;419.8;1098.0;4080.2;0.1;3196.0;0;2
43;13;11.4;427.0;1065.0;4019.2;0.1;3196.0;0;2
43;14;10.0;494.7;1249.0;4100.3;0.1;3196.0;0;2
43;15;8.2;579.2;1377.0;4005.3;0.1;3106.0;1;3
43;16;12.0;412.3;1126.0;4073.3;0.1;3106.0;0;3
43;17;9.0;514.1;1164.0;3858.0;0.1;3106.0;0;3
43;18;10.3;457.0;1050.0;3899.8;0.1;3106.0;0;3
43;19;10.2;463.9;1101.0;3927.7;0.1;3106.0;0;3
43;20;9.7;480.0;1199.0;3860.0;0.1;3106.0;0;3
43;21;11.2;436.4;1067.0;4027.8;0.1;3106.0;0;3
43;22;10.2;465.5;1042.0;3952.7;0.1;3106.0;0;3
43;23;9.5;472.2;1196.0;3755.8;0.1;3037.0;1;4
43;24;12.5;391.1;1017.0;4009.3;0.1;3037.0;0;4
43;25;10.2;452.7;1102.0;3835.2;0.1;3037.0;0;4
43;26;9.0;488.7;1181.0;3685.2;0.1;3037.0;0;4
43;27;10.7;427.2;1139.0;3779.5;0.1;3037.0;0;4
43;28;8.0;549.7;1473.0;3721.8;0.1;2907.0;1;5
43;29;7.7;554.2;1260.0;3622.3;0.2;2907.0;0;5
43;30;8.1;529.1;1312.0;3601.8;0.1;2884.0;1;6
43;31;9.4;478.2;1203.0;3763.3;0.1;2884.0;0;6
43;32;9.6;455.0;1153.0;3650.8;0.1;2884.0;0;6
43;33;7.5;551.9;1231.0;3504.5;0.2;2838.0;1;7
43;34;8.2;496.1;1111.0;3438.8;0.1;2838.0;0;7
43;35;7.6;536.8;1225.0;3441.3;0.2;2838.0;0;7
43;36;7.5;536.0;1250.0;3417.2;0.2;2760.0;1;8
43;37;9.0;464.6;1096.0;3511.2;0.1;2760.0;0;8
43;38;8.4;488.8;1288.0;3439.3;0.1;2594.0;1;9
43;39;10.4;397.8;837.0;3416.8;0.1;2594.0;0;9
43;40;7.3;564.6;1276.0;3490.7;0.2;2594.0;0;9
43;41;7.6;531.1;1302.0;3403.2;0.2;2594.0;0;9
43;42;10.4;402.4;1014.0;3480.3;0.1;2594.0;0;9
43;43;7.7;501.0;1189.0;3266.3;0.2;2594.0;0;9
43;44;7.8;491.2;1165.0;3225.8;0.2;2578.0;1;10
43;45;12.5;333.9;810.0;3437.3;0.1;2578.0;0;10
43;46;9.2;435.2;1086.0;3335.7;0.1;2578.0;0;10
43;47;7.2;540.6;1195.0;3296.7;0.2;2578.0;0;10
43;48;8.5;437.9;1169.0;3134.0;0.1;2578.0;0;10
43;49;7.5;491.3;1314.0;3131.5;0.2;2485.0;1;11
43;50;5.6;616.8;1576.0;2989.0;0.2;2191.0;1;12
43;51;8.3;442.5;1012.0;3078.8;0.1;2191.0;0;12
43;52;5.7;609.2;1632.0;2993.3;0.2;2191.0;0;12
43;53;7.0;513.8;1198.0;3048.8;0.2;2191.0;0;12
43;54;7.1;491.9;1235.0;2966.7;0.2;2191.0;0;12
43;55;6.1;539.7;1239.0;2822.3;0.2;2191.0;0;12
43;56;6.0;557.3;1278.0;2896.3;0.2;2191.0;0;12
43;57;6.4;548.5;1322.0;2990.2;0.2;2191.0;0;12
43;58;7.2;492.8;1117.0;2991.5;0.2;2191.0;0;12
43;59;6.5;527.0;1247.0;2932.7;0.2;2191.0;0;12
43;60;9.4;391.4;1051.0;3068.5;0.1;2191.0;0;12
43;61;8.5;415.8;970.0;2981.0;0.1;2191.0;0;12
43;62;7.3;493.2;1173.0;3069.8;0.2;2191.0;0;12
43;63;7.9;429.0;1008.0;2859.2;0.2;2191.0;0;12
43;64;7.4;467.5;1131.0;2941.0;0.2;2191.0;0;12
43;65;7.5;454.0;1126.0;2869.7;0.2;2191.0;0;12
43;66;6.7;500.7;1203.0;2870.0;0.2;2191.0;0;12
43;67;9.5;369.8;928.0;2931.8;0.1;2191.0;0;12
43;68;7.0;491.4;1339.0;2935.2;0.2;2191.0;0;12
43;69;10.4;352.7;967.0;3046.0;0.1;2191.0;0;12
43;70;5.8;569.0;1407.0;2860.0;0.2;2191.0;0;12
43;71;7.3;496.4;1168.0;3070.3;0.2;2191.0;0;12
43;72;6.7;506.0;1285.0;2896.0;0.2;2191.0;0;12
43;73;6.6;491.7;1260.0;2764.7;0.2;2191.0;0;12
43;74;6.6;516.1;1302.0;2895.2;0.2;2191.0;0;12
43;75;9.6;327.0;1028.0;2616.5;0.1;2191.0;0;12
43;76;10.7;307.7;965.0;2736.7;0.1;2191.0;0;12
43;77;10.0;318.8;991.0;2645.3;0.1;2191.0;0;12
43;78;8.0;384.1;1189.0;2590.3;0.1;2175.0;1;13
43;79;10.5;325.7;825.0;2843.0;0.1;2175.0;0;13
43;80;8.2;370.3;1064.0;2559.7;0.1;2145.0;1;14
43;81;8.0;366.5;1237.0;2461.8;0.1;1894.0;1;15
43;82;11.0;271.5;783.0;2460.7;0.1;1894.0;0;15
43;83;13.1;239.3;681.0;2564.2;0.1;1894.0;0;15
43;84;9.9;323.3;1004.0;2658.5;0.1;1894.0;0;15
43;85;11.4;275.0;846.0;2586.5;0.1;1894.0;0;15
43;86;8.3;348.8;1170.0;2432.0;0.1;1894.0;0;15
43;87;9.9;284.7;886.0;2350.5;0.1;1894.0;0;15
43;88;9.4;327.8;1038.0;2557.3;0.1;1894.0;0;15
43;89;8.2;341.7;967.0;2346.8;0.1;1894.0;0;15
43;90;10.3;295.8;933.0;2527.5;0.1;1894.0;0;15
43;91;7.5;391.7;1290.0;2483.3;0.2;1894.0;0;15
43;92;7.7;389.9;1177.0;2540.3;0.2;1894.0;0;15
43;93;10.3;304.1;950.0;2590.8;0.1;1894.0;0;15
43;94;8.5;343.3;1040.0;2444.7;0.1;1894.0;0;15
43;95;9.0;309.3;897.0;2337.8;0.1;1894.0;0;15
43;96;10.2;287.0;943.0;2426.7;0.1;1894.0;0;15
43;97;8.8;324.3;1008.0;2396.7;0.1;1894.0;0;15
43;98;9.0;304.3;1027.0;2290.8;0.1;1853.0;1;16
43;99;11.2;261.6;794.0;2417.7;0.1;1853.0;0;16
44;0;10.4;478.9;1229.0;4133.3;0.1;3289.0;1;1
44;1;11.1;441.3;975.0;4065.0;0.1;3289.0;0;1
44;2;9.0;531.6;1279.0;4007.7;0.1;3202.0;1;2
44;3;9.0;526.4;1448.0;3952.3;0.1;2943.0;1;3
44;4;10.5;472.3;1136.0;4100.3;0.1;2943.0;0;3
44;5;10.6;464.2;1162.0;4064.3;0.1;2943.0;0;3
44;6;9.5;500.5;1370.0;3960.5;0.1;2943.0;0;3
44;7;10.4;466.1;1209.0;4013.2;0.1;2943.0;0;3
44;8;8.6;551.3;1273.0;3960.3;0.1;2943.0;0;3
44;9;11.8;406.2;1036.0;3960.7;0.1;2943.0;0;3
44;10;11.9;407.0;1138.0;4003.0;0.1;2943.0;0;3
44;11;16.7;309.7;803.0;4207.8;0.1;2943.0;0;3
44;12;12.2;419.5;1081.0;4215.7;0.1;2943.0;0;3
44;13;10.5;464.7;1135.0;4044.5;0.1;2943.0;0;3
44;14;8.7;532.5;1229.0;3879.5;0.1;2943.0;0;3
44;15;10.9;461.4;1085.0;4150.8;0.1;2943.0;0;3
44;16;14.6;341.4;792.0;4058.2;0.1;2943.0;0;3
44;17;9.1;517.6;1216.0;3943.0;0.1;2943.0;0;3
44;18;8.3;538.9;1225.0;3741.3;0.1;2943.0;0;3
44;19;11.6;403.8;1025.0;3868.0;0.1;2943.0;0;3
44;20;10.0;469.5;1122.0;3885.5;0.1;2943.0;0;3
44;21;8.7;528.5;1208.0;3868.0;0.1;2943.0;0;3
44;22;8.6;522.5;1314.0;3767.8;0.1;2943.0;0;3
44;23;10.9;431.8;1084.0;3883.8;0.1;2943.0;0;3
44;24;8.1;545.4;1335.0;3722.3;0.1;2922.0;1;4
44;25;9.2;492.6;1133.0;3777.2;0.1;2922.0;0;4
44;26;10.6;451.8;1151.0;3978.7;0.1;2922.0;0;4
44;27;9.3;477.2;1186.0;3716.5;0.1;2922.0;0;4
44;28;11.8;376.8;887.0;3664.8;0.1;2922.0;0;4
44;29;12.4;375.7;874.0;3838.5;0.1;2922.0;0;4
44;30;10.1;431.2;1039.0;3620.0;0.1;2922.0;0;4
44;31;7.8;547.8;1255.0;3626.8;0.2;2922.0;0;4
44;32;7.1;595.8;1336.0;3584.0;0.2;2840.0;1;5
44;33;8.2;517.2;1212.0;3575.0;0.1;2840.0;0;5
44;34;8.4;518.6;1191.0;3645.5;0.1;2840.0;0;5
44;35;8.3;510.5;1188.0;3564.2;0.1;2840.0;0;5
44;36;9.0;458.3;1154.0;3454.5;0.1;2840.0;0;5
44;37;8.7;436.8;1062.0;3195.5;0.1;2684.0;1;6
44;38;9.7;438.9;1010.0;3529.3;0.1;2684.0;0;6
44;39;8.0;508.8;1337.0;3425.7;0.1;2593.0;1;7
44;40;6.8;595.2;1420.0;3448.7;0.2;2593.0;0;7
44;41;8.6;491.0;1267.0;3548.5;0.1;2593.0;0;7
44;42;8.2;488.5;1252.0;3373.7;0.1;2593.0;0;7
44;43;7.1;554.2;1361.0;3329.3;0.2;2540.0;1;8
44;44;7.7;526.9;1176.0;3413.3;0.2;2540.0;0;8
44;45;7.2;506.0;1284.0;3088.0;0.2;2307.0;1;9
44;46;9.1;431.8;978.0;3297.7;0.1;2307.0;0;9
44;47;8.5;447.6;1107.0;3187.0;0.1;2307.0;0;9
44;48;11.1;347.8;904.0;3187.0;0.1;2307.0;0;9
44;49;7.3;492.9;1268.0;3062.2;0.2;2307.0;0;9
44;50;9.6;389.5;971.0;3121.0;0.1;2307.0;0;9
44;51;7.4;468.3;1207.0;2926.0;0.2;2307.0;0;9
44;52;7.6;451.5;1229.0;2893.8;0.2;2295.0;1;10
44;53;7.6;447.9;1030.0;2891.7;0.2;2295.0;0;10
44;54;8.7;407.1;1047.0;2955.7;0.1;2295.0;0;10
44;55;8.9;393.2;977.0;2917.7;0.1;2295.0;0;10
44;56;7.8;436.4;1088.0;2875.2;0.2;2295.0;0;10
44;57;8.2;408.9;1102.0;2820.7;0.1;2295.0;0;10
44;58;7.8;442.3;1117.0;2902.0;0.2;2295.0;0;10
44;59;6.3;495.1;1250.0;2659.0;0.2;2108.0;1;11
44;60;7.9;431.7;1220.0;2873.7;0.2;2108.0;0;11
44;61;6.6;504.9;1229.0;2839.0;0.2;2108.0;0;11
44;62;9.5;356.0;871.0;2830.3;0.1;2108.0;0;11
44;63;6.5;483.7;1272.0;2679.2;0.2;2108.0;0;11
44;64;9.3;387.4;960.0;3011.2;0.1;2108.0;0;11
44;65;7.9;420.8;1190.0;2807.5;0.1;2108.0;0;11
44;66;7.5;441.1;1174.0;2782.2;0.2;2108.0;0;11
44;67;6.7;492.7;1356.0;2814.7;0.2;2108.0;0;11
44;68;7.1;459.4;1078.0;2777.3;0.2;2108.0;0;11
44;69;8.4;383.7;1026.0;2721.5;0.1;2108.0;0;11
44;70;9.5;359.9;860.0;2851.5;0.1;2108.0;0;11
44;71;8.2;391.8;943.0;2704.8;0.1;2108.0;0;11
44;72;8.1;398.1;1024.0;2727.0;0.1;2108.0;0;11
44;73;8.1;392.4;1093.0;2666.2;0.1;2108.0;0;11
44;74;6.6;477.6;1220.0;2709.7;0.2;2108.0;0;11
44;75;7.6;435.6;1027.0;2806.5;0.2;2108.0;0;11
44;76;7.0;459.1;1291.0;2726.2;0.2;2072.0;1;12
44;77;7.0;451.8;1206.0;2702.3;0.2;2072.0;0;12
44;78;6.2;494.7;1148.0;2647.0;0.2;2072.0;0;12
44;79;7.6;433.0;1158.0;2773.3;0.2;2072.0;0;12
44;80;9.7;327.3;1103.0;2631.5;0.1;2072.0;0;12
44;81;11.0;298.8;865.0;2723.3;0.1;2072.0;0;12
44;82;9.3;335.8;1029.0;2612.3;0.1;2072.0;0;12
44;83;10.2;315.3;879.0;2658.5;0.1;2072.0;0;12
44;84;8.0;378.7;1058.0;2545.8;0.1;2072.0;0;12
44;85;8.4;374.5;1087.0;2632.8;0.1;2072.0;0;12
44;86;7.0;421.3;1252.0;2508.5;0.2;2067.0;1;13
44;87;7.0;414.1;1178.0;2476.7;0.2;2067.0;0;13
44;88;9.0;342.9;1050.0;2591.3;0.1;2067.0;0;13
44;89;7.8;379.7;1144.0;2514.0;0.2;2067.0;0;13
44;90;9.1;361.5;1071.0;2737.0;0.1;2067.0;0;13
44;91;7.4;410.0;1238.0;2559.5;0.2;2067.0;0;13
44;92;9.8;309.9;859.0;2522.2;0.1;2067.0;0;13
44;93;9.8;339.1;1008.0;2768.2;0.1;2067.0;0;13
44;94;10.4;326.1;949.0;2808.0;0.1;2067.0;0;13
44;95;10.8;297.2;910.0;2646.2;0.1;2067.0;0;13
44;96;7.9;401.8;1286.0;2677.3;0.2;2034.0;1;14
44;97;8.6;349.5;1071.0;2509.8;0.1;2034.0;0;14
44;98;13.7;240.6;668.0;2693.0;0.1;2034.0;0;14
44;99;7.7;361.7;1092.0;2338.5;0.2;1987.0;1;15
45;0;18.5;276.3;720.0;4129.3;0.1;3697.0;1;1
45;1;9.1;538.6;1357.0;4079.3;0.1;3133.0;1;2
45;2;10.9;460.3;1160.0;4135.0;0.1;3133.0;0;2
45;3;12.5;397.9;1085.0;4094.3;0.1;3133.0;0;2
45;4;15.1;334.3;799.0;4118.3;0.1;3133.0;0;2
45;5;9.3;529.4;1411.0;4097.5;0.1;3110.0;1;3
45;6;14.4;349.4;818.0;4100.5;0.1;3110.0;0;3
45;7;11.4;440.4;1093.0;4154.3;0.1;3110.0;0;3
45;8;10.8;459.2;1120.0;4108.5;0.1;3110.0;0;3
45;9;10.1;493.4;1170.0;4121.3;0.1;3110.0;0;3
45;10;10.6;463.9;1145.0;4060.0;0.1;3110.0;0;3
45;11;9.0;544.3;1523.0;4088.5;0.1;2976.0;1;4
45;12;11.0;445.4;1008.0;4046.3;0.1;2976.0;0;4
45;13;9.1;512.0;1156.0;3910.8;0.1;2976.0;0;4
45;14;8.9;542.0;1207.0;4040.7;0.1;2976.0;0;4
45;15;11.9;404.9;1068.0;3977.0;0.1;2976.0;0;4
45;16;12.9;358.8;814.0;3792.3;0.1;2976.0;0;4
45;17;7.2;584.3;1446.0;3569.0;0.2;2837.0;1;5
45;18;7.8;575.7;1336.0;3788.3;0.2;2837.0;0;5
45;19;11.7;404.2;993.0;3904.0;0.1;2837.0;0;5
45;20;9.8;478.0;1191.0;3906.5;0.1;2837.0;0;5
45;21;10.4;436.7;1116.0;3776.3;0.1;2837.0;0;5
45;22;8.7;515.6;1185.0;3760.5;0.1;2837.0;0;5
45;23;7.0;624.6;1479.0;3693.3;0.2;2837.0;0;5
45;24;10.5;439.3;1236.0;3815.0;0.1;2837.0;0;5
45;25;10.6;428.7;945.0;3764.5;0.1;2837.0;0;5
45;26;11.4;402.4;1063.0;3779.0;0.1;2837.0;0;5
45;27;9.6;466.7;1062.0;3722.7;0.1;2837.0;0;5
45;28;9.8;456.6;1307.0;3711.7;0.1;2837.0;0;5
45;29;6.8;611.1;1501.0;3561.3;0.2;2764.0;1;6
45;30;6.9;615.8;1602.0;3621.8;0.2;2595.0;1;7
45;31;9.0;466.8;1222.0;3527.2;0.1;2595.0;0;7
45;32;7.7;552.6;1396.0;3602.3;0.2;2595.0;0;7
45;33;7.0;578.7;1466.0;3452.7;0.2;2595.0;0;7
45;34;10.0;414.4;993.0;3447.8;0.1;2595.0;0;7
45;35;7.9;513.0;1357.0;3428.2;0.1;2595.0;0;7
45;36;6.6;597.4;1421.0;3355.5;0.2;2573.0;1;8
45;37;10.5;398.6;942.0;3478.0;0.1;2573.0;0;8
45;38;9.9;435.1;1126.0;3575.5;0.1;2573.0;0;8
45;39;8.1;483.2;1122.0;3283.2;0.1;2573.0;0;8
45;40;8.3;474.2;1072.0;3294.7;0.1;2573.0;0;8
45;41;10.1;399.8;989.0;3364.8;0.1;2573.0;0;8
45;42;7.6;542.3;1360.0;3467.3;0.2;2573.0;0;8
45;43;9.3;431.3;1031.0;3341.5;0.1;2573.0;0;8
45;44;7.8;485.3;1155.0;3176.5;0.2;2540.0;1;9
45;45;5.6;640.1;1520.0;3121.5;0.2;2233.0;1;10
45;46;7.8;498.6;1089.0;3262.2;0.2;2233.0;0;10
45;47;7.9;471.7;1109.0;3147.3;0.1;2233.0;0;10
45;48;8.7;399.2;1002.0;2911.8;0.1;2233.0;0;10
45;49;11.0;345.1;1053.0;3131.7;0.1;2233.0;0;10
45;50;7.8;453.7;1165.0;2987.2;0.2;2233.0;0;10
45;51;8.6;413.5;926.0;2992.0;0.1;2233.0;0;10
45;52;6.5;507.3;1300.0;2818.0;0.2;2233.0;0;10
45;53;7.8;446.8;1068.0;2930.7;0.2;2233.0;0;10
45;54;7.5;448.6;1241.0;2859.5;0.2;2207.0;1;11
45;55;8.7;408.2;1099.0;2965.5;0.1;2207.0;0;11
45;56;10.9;328.1;850.0;2950.3;0.1;2207.0;0;11
45;57;8.1;412.7;946.0;2809.0;0.1;2207.0;0;11
45;58;9.2;351.6;880.0;2713.5;0.1;2207.0;0;11
45;59;8.6;380.5;928.0;2733.2;0.1;2207.0;0;11
45;60;8.4;397.9;1085.0;2807.3;0.1;2207.0;0;11
45;61;7.5;446.2;1134.0;2824.5;0.2;2207.0;0;11
45;62;6.9;439.7;1075.0;2573.7;0.2;2130.0;1;12
45;63;6.8;450.4;1137.0;2619.8;0.2;2130.0;0;12
45;64;6.9;462.5;1271.0;2702.8;0.2;2076.0;1;13
45;65;10.0;333.8;799.0;2779.2;0.1;2076.0;0;13
45;66;9.0;359.9;973.0;2702.0;0.1;2076.0;0;13
45;67;7.4;424.7;1094.0;2649.8;0.2;2076.0;0;13
45;68;7.2;431.0;1036.0;2626.2;0.2;2076.0;0;13
45;69;9.4;322.5;769.0;2525.8;0.1;2076.0;0;13
45;70;6.8;458.6;1068.0;2640.3;0.2;2076.0;0;13
45;71;11.3;290.4;846.0;2719.5;0.1;2076.0;0;13
45;72;8.7;365.5;868.0;2673.8;0.1;2076.0;0;13
45;73;6.3;497.5;1102.0;2671.8;0.2;2076.0;0;13
45;74;7.6;413.3;1070.0;2658.7;0.2;2076.0;0;13
45;75;7.1;428.8;1073.0;2589.2;0.2;2076.0;0;13
45;76;8.2;390.4;952.0;2697.5;0.1;2076.0;0;13
45;77;7.9;373.0;856.0;2484.3;0.2;2076.0;0;13
45;78;9.4;329.6;866.0;2592.2;0.1;2076.0;0;13
45;79;6.8;440.4;1010.0;2537.8;0.2;2076.0;0;13
45;80;12.4;246.5;761.0;2504.5;0.1;2076.0;0;13
45;81;7.5;396.0;1191.0;2523.3;0.2;2076.0;0;13
45;82;10.7;280.7;907.0;2486.3;0.1;2076.0;0;13
45;83;11.2;275.5;828.0;2550.3;0.1;2076.0;0;13
45;84;7.7;364.8;1069.0;2368.7;0.2;2028.0;1;14
45;85;9.4;310.0;1033.0;2436.0;0.1;1981.0;1;15
45;86;8.2;356.9;1082.0;2450.7;0.1;1981.0;0;15
45;87;6.7;413.7;1199.0;2379.2;0.2;1971.0;1;16
45;88;7.9;353.5;1093.0;2343.5;0.2;1926.0;1;17
45;89;10.3;278.6;828.0;2372.8;0.1;1926.0;0;17
45;90;8.4;337.8;1146.0;2385.5;0.1;1822.0;1;18
45;91;13.5;204.9;630.0;2268.0;0.1;1822.0;0;18
45;92;9.9;298.0;905.0;2446.7;0.1;1822.0;0;18
45;93;9.9;275.9;876.0;2270.7;0.1;1822.0;0;18
45;94;8.4;328.4;969.0;2320.5;0.1;1822.0;0;18
45;95;9.1;296.3;950.0;2246.8;0.1;1822.0;0;18
45;96;8.4;309.8;919.0;2176.5;0.1;1822.0;0;18
45;97;9.4;273.9;839.0;2157.3;0.1;1822.0;0;18
45;98;11.4;237.9;748.0;2245.2;0.1;1822.0;0;18
45;99;11.3;238.2;740.0;2230.7;0.1;1822.0;0;18
46;0;9.6;494.7;1246.0;3972.8;0.1;3185.0;1;1
46;1;9.6;512.3;1309.0;4111.3;0.1;3185.0;0;1
46;2;11.1;451.7;1117.0;4152.3;0.1;3185.0;0;1
46;3;11.7;428.7;1079.0;4127.8;0.1;3185.0;0;1
46;4;9.8;497.7;1223.0;4049.2;0.1;3185.0;0;1
46;5;10.6;460.6;1208.0;4051.7;0.1;3185.0;0;1
46;6;10.3;478.4;1146.0;4089.2;0.1;3185.0;0;1
46;7;9.6;511.7;1125.0;4093.3;0.1;3185.0;0;1
46;8;17.2;297.4;854.0;4145.5;0.1;3185.0;0;1
46;9;8.6;551.9;1316.0;4001.2;0.1;3101.0;1;2
46;10;11.1;442.8;992.0;4068.0;0.1;3101.0;0;2
46;11;12.5;398.4;1027.0;4087.0;0.1;3101.0;0;2
46;12;9.2;508.6;1284.0;3925.7;0.1;3090.0;1;3
46;13;8.9;550.2;1246.0;4079.5;0.1;3090.0;0;3
46;14;12.1;413.5;1064.0;4121.0;0.1;3090.0;0;3
46;15;9.1;525.1;1291.0;3986.7;0.1;3090.0;0;3
46;16;13.8;364.0;855.0;4120.2;0.1;3090.0;0;3
46;17;8.7;519.6;1203.0;3790.8;0.1;3090.0;0;3
46;18;9.3;493.3;1140.0;3837.8;0.1;3090.0;0;3
46;19;8.5;539.2;1342.0;3848.3;0.1;3040.0;1;4
46;20;8.8;511.6;1152.0;3762.5;0.1;3040.0;0;4
46;21;11.0;435.0;939.0;3956.5;0.1;3040.0;0;4
46;22;11.8;394.8;907.0;3839.8;0.1;3040.0;0;4
46;23;10.3;459.9;996.0;3913.7;0.1;3040.0;0;4
46;24;9.8;458.6;1174.0;3728.3;0.1;3040.0;0;4
46;25;8.2;537.5;1267.0;3693.2;0.1;3040.0;0;4
46;26;7.9;561.5;1210.0;3733.7;0.2;3040.0;0;4
46;27;8.1;535.8;1201.0;3657.2;0.1;2992.0;1;5
46;28;7.1;606.1;1363.0;3635.0;0.2;2893.0;1;6
46;29;8.9;500.2;1354.0;3743.7;0.1;2820.0;1;7
46;30;10.0;461.8;990.0;3827.7;0.1;2820.0;0;7
46;31;8.9;496.3;1146.0;3699.7;0.1;2820.0;0;7
46;32;8.4;496.6;1068.0;3497.5;0.1;2820.0;0;7
46;33;7.9;541.0;1257.0;3584.3;0.2;2820.0;0;7
46;34;7.3;576.5;1287.0;3559.2;0.2;2820.0;0;7
46;35;14.5;324.2;846.0;3826.8;0.1;2820.0;0;7
46;36;8.3;511.9;1203.0;3551.2;0.1;2820.0;0;7
46;37;7.8;537.0;1186.0;3525.5;0.2;2820.0;0;7
46;38;10.2;416.8;1050.0;3526.7;0.1;2820.0;0;7
46;39;7.9;529.4;1211.0;3515.5;0.2;2817.0;1;8
46;40;7.0;579.8;1286.0;3451.0;0.2;2775.0;1;9
46;41;7.9;515.6;1141.0;3436.7;0.2;2775.0;0;9
46;42;9.4;443.7;1012.0;3485.3;0.1;2775.0;0;9
46;43;8.9;443.6;1124.0;3309.8;0.1;2742.0;1;10
46;44;10.2;396.0;891.0;3353.5;0.1;2742.0;0;10
46;45;7.8;478.9;1163.0;3146.5;0.2;2467.0;1;11
46;46;7.4;511.2;1295.0;3209.5;0.2;2430.0;1;12
46;47;7.9;469.6;1208.0;3116.7;0.2;2430.0;0;12
46;48;5.8;607.0;1362.0;3013.2;0.2;2430.0;0;12
46;49;10.8;339.8;957.0;3050.0;0.1;2430.0;0;12
46;50;6.5;529.5;1422.0;2953.5;0.2;2248.0;1;13
46;51;8.6;414.1;1075.0;2989.8;0.1;2248.0;0;13
46;52;6.2;533.0;1307.0;2819.7;0.2;2215.0;1;14
46;53;11.8;312.8;816.0;3053.0;0.1;2215.0;0;14
46;54;9.6;388.2;960.0;3118.8;0.1;2215.0;0;14
46;55;10.6;341.9;913.0;3004.7;0.1;2215.0;0;14
46;56;8.8;385.6;1021.0;2838.7;0.1;2215.0;0;14
46;57;10.1;346.0;861.0;2890.0;0.1;2215.0;0;14
46;58;9.5;365.7;1031.0;2898.2;0.1;2215.0;0;14
46;59;8.0;422.7;964.0;2857.8;0.1;2215.0;0;14
46;60;8.5;405.6;954.0;2893.0;0.1;2215.0;0;14
46;61;6.6;512.9;1167.0;2894.7;0.2;2215.0;0;14
46;62;8.2;415.9;1079.0;2863.5;0.1;2215.0;0;14
46;63;12.1;299.3;754.0;2982.3;0.1;2215.0;0;14
46;64;10.3;345.8;886.0;2958.0;0.1;2215.0;0;14
46;65;7.6;440.2;1133.0;2821.3;0.2;2215.0;0;14
46;66;5.7;565.2;1346.0;2801.3;0.2;2215.0;0;14
46;67;6.0;542.4;1348.0;2819.7;0.2;2215.0;0;14
46;68;6.7;504.0;1244.0;2893.0;0.2;2215.0;0;14
46;69;6.8;499.4;1197.0;2886.3;0.2;2215.0;0;14
46;70;7.6;424.5;979.0;2743.2;0.2;2215.0;0;14
46;71;10.6;313.2;800.0;2750.5;0.1;2215.0;0;14
46;72;12.5;287.2;763.0;2952.7;0.1;2215.0;0;14
46;73;9.4;345.0;958.0;2713.8;0.1;2215.0;0;14
46;74;7.9;424.7;945.0;2843.2;0.1;2215.0;0;14
46;75;13.1;266.1;672.0;2862.3;0.1;2215.0;0;14
46;76;10.0;333.8;1105.0;2763.7;0.1;2215.0;0;14
46;77;7.9;397.9;1229.0;2637.3;0.2;2195.0;1;15
46;78;7.6;432.9;1031.0;2795.7;0.2;2195.0;0;15
46;79;7.3;467.5;1127.0;2893.0;0.2;2195.0;0;15
46;80;9.7;313.9;936.0;2531.8;0.1;2195.0;0;15
46;81;11.1;297.2;902.0;2727.0;0.1;2195.0;0;15
46;82;10.6;291.8;833.0;2557.2;0.1;2195.0;0;15
46;83;9.0;362.8;1022.0;2728.8;0.1;2195.0;0;15
46;84;10.2;296.3;878.0;2502.0;0.1;2195.0;0;15
46;85;11.8;285.1;873.0;2777.0;0.1;2195.0;0;15
46;86;11.8;269.3;862.0;2622.8;0.1;2195.0;0;15
46;87;5.9;481.9;1496.0;2461.2;0.2;1964.0;1;16
46;88;9.3;327.2;980.0;2529.5;0.1;1964.0;0;16
46;89;8.4;355.1;1166.0;2509.7;0.1;1964.0;0;16
46;90;7.8;374.7;1172.0;2461.8;0.2;1964.0;0;16
46;91;13.1;243.7;735.0;2620.8;0.1;1964.0;0;16
46;92;8.7;342.4;1035.0;2508.0;0.1;1964.0;0;16
46;93;8.8;346.5;1044.0;2544.0;0.1;1964.0;0;16
46;94;12.9;236.5;670.0;2510.2;0.1;1964.0;0;16
46;95;13.3;224.2;629.0;2437.2;0.1;1964.0;0;16
46;96;8.3;338.6;1014.0;2349.7;0.1;1964.0;0;16
46;97;7.4;381.0;1108.0;2376.8;0.2;1964.0;0;16
46;98;7.6;352.5;1119.0;2276.5;0.2;1903.0;1;17
46;99;8.1;343.3;1030.0;2343.8;0.1;1903.0;0;17
47;0;9.7;501.1;1416.0;4066.3;0.1;3132.0;1;1
47;1;12.7;380.9;903.0;3966.7;0.1;3132.0;0;1
47;2;12.2;406.7;1011.0;4077.3;0.1;3132.0;0;1
47;3;12.3;419.3;927.0;4256.5;0.1;3132.0;0;1
47;4;13.2;389.0;937.0;4213.8;0.1;3132.0;0;1
47;5;11.0;432.4;1161.0;3922.5;0.1;3132.0;0;1
47;6;10.1;481.8;1066.0;4045.8;0.1;3132.0;0;1
47;7;10.1;481.5;1159.0;4054.7;0.1;3132.0;0;1
47;8;9.5;518.2;1369.0;4117.0;0.1;3132.0;0;1
47;9;13.8;367.4;897.0;4150.5;0.1;3132.0;0;1
47;10;10.8;441.1;998.0;3944.2;0.1;3132.0;0;1
47;11;14.6;340.8;957.0;4066.2;0.1;3132.0;0;1
47;12;11.9;425.0;1086.0;4164.0;0.1;3132.0;0;1
47;13;13.2;385.9;957.0;4172.5;0.1;3132.0;0;1
47;14;10.4;478.4;1056.0;4113.5;0.1;3132.0;0;1
47;15;10.7;451.8;1150.0;4007.2;0.1;3132.0;0;1
47;16;12.1;402.7;1039.0;4023.5;0.1;3132.0;0;1
47;17;7.9;579.2;1488.0;3852.5;0.2;2995.0;1;2
47;18;10.8;444.3;1123.0;3971.7;0.1;2995.0;0;2
47;19;9.1;499.0;1146.0;3782.0;0.1;2995.0;0;2
47;20;9.2;491.1;1062.0;3782.3;0.1;2995.0;0;2
47;21;9.3;491.2;1107.0;3805.2;0.1;2995.0;0;2
47;22;11.2;402.3;1002.0;3713.3;0.1;2995.0;0;2
47;23;10.4;448.6;1026.0;3855.2;0.1;2995.0;0;2
47;24;7.6;586.9;1531.0;3770.0;0.2;2831.0;1;3
47;25;8.7;507.6;1084.0;3682.8;0.1;2831.0;0;3
47;26;6.9;634.7;1302.0;3712.5;0.2;2831.0;0;3
47;27;8.1;547.0;1311.0;3729.8;0.1;2831.0;0;3
47;28;10.7;418.1;894.0;3705.5;0.1;2831.0;0;3
47;29;6.9;632.7;1345.0;3721.2;0.2;2831.0;0;3
47;30;9.8;459.7;1055.0;3745.8;0.1;2831.0;0;3
47;31;9.1;477.0;1094.0;3633.7;0.1;2831.0;0;3
47;32;7.8;534.9;1319.0;3529.3;0.2;2741.0;1;4
47;33;9.4;447.6;1046.0;3526.2;0.1;2741.0;0;4
47;34;7.5;561.0;1302.0;3542.0;0.2;2741.0;0;4
47;35;9.1;474.3;1065.0;3601.0;0.1;2741.0;0;4
47;36;8.0;512.9;1320.0;3443.2;0.1;2715.0;1;5
47;37;7.9;509.3;1179.0;3393.2;0.2;2715.0;0;5
47;38;8.0;509.2;1227.0;3417.0;0.1;2715.0;0;5
47;39;6.8;589.9;1366.0;3435.8;0.2;2673.0;1;6
47;40;8.2;495.7;1067.0;3434.2;0.1;2673.0;0;6
47;41;6.8;578.7;1437.0;3362.0;0.2;2509.0;1;7
47;42;6.7;570.6;1246.0;3253.2;0.2;2509.0;0;7
47;43;8.3;479.9;1175.0;3337.8;0.1;2509.0;0;7
47;44;7.8;505.1;1225.0;3334.3;0.2;2509.0;0;7
47;45;8.4;456.0;1033.0;3234.8;0.1;2509.0;0;7
47;46;8.3;481.4;1081.0;3345.0;0.1;2509.0;0;7
47;47;7.3;494.5;1137.0;3078.2;0.2;2471.0;1;8
47;48;9.0;420.6;1133.0;3161.2;0.1;2471.0;0;8
47;49;7.6;471.2;1087.0;3016.5;0.2;2471.0;0;8
47;50;10.8;355.4;873.0;3164.0;0.1;2471.0;0;8
47;51;7.4;478.7;1175.0;3017.3;0.2;2471.0;0;8
47;52;7.4;484.1;1246.0;3015.2;0.2;2471.0;0;8
47;53;7.7;481.4;1111.0;3117.0;0.2;2471.0;0;8
47;54;9.4;380.4;977.0;2987.8;0.1;2471.0;0;8
47;55;5.4;622.0;1553.0;2917.0;0.2;2212.0;1;9
47;56;7.6;476.7;1206.0;3067.0;0.2;2212.0;0;9
47;57;7.6;457.1;1232.0;2930.0;0.2;2212.0;0;9
47;58;8.3;440.2;1032.0;3063.2;0.1;2212.0;0;9
47;59;7.0;484.7;1198.0;2896.7;0.2;2212.0;0;9
47;60;6.2;510.2;1189.0;2733.5;0.2;2212.0;0;9
47;61;5.8;572.0;1355.0;2848.2;0.2;2212.0;0;9
47;62;8.0;431.6;1048.0;2899.7;0.1;2212.0;0;9
47;63;8.0;388.9;917.0;2615.3;0.1;2212.0;0;9
47;64;6.8;488.7;1340.0;2833.7;0.2;2180.0;1;10
47;65;6.0;507.1;1228.0;2620.2;0.2;2149.0;1;11
47;66;7.6;433.9;1074.0;2780.8;0.2;2149.0;0;11
47;67;6.6;500.5;1215.0;2802.5;0.2;2149.0;0;11
47;68;8.2;380.7;1091.0;2624.5;0.1;2075.0;1;12
47;69;7.8;400.6;1041.0;2640.0;0.2;2075.0;0;12
47;70;7.2;416.5;1012.0;2540.7;0.2;2063.0;1;13
47;71;8.8;373.5;891.0;2764.5;0.1;2063.0;0;13
47;72;8.4;364.1;951.0;2566.7;0.1;2063.0;0;13
47;73;9.7;321.7;876.0;2606.3;0.1;2063.0;0;13
47;74;7.4;413.9;1164.0;2591.2;0.2;2063.0;0;13
47;75;6.7;454.2;1083.0;2580.8;0.2;2063.0;0;13
47;76;11.6;267.9;645.0;2552.3;0.1;2063.0;0;13
47;77;9.7;304.8;866.0;2458.5;0.1;2042.0;1;14
47;78;8.5;346.9;921.0;2482.3;0.1;2042.0;0;14
47;79;6.2;460.6;1061.0;2454.7;0.2;2033.0;1;15
47;80;13.6;217.6;645.0;2420.2;0.1;2033.0;0;15
47;81;11.8;240.9;786.0;2348.8;0.1;2024.0;1;16
47;82;11.2;248.1;723.0;2305.2;0.1;2024.0;0;16
47;83;8.8;298.9;1004.0;2207.8;0.1;1773.0;1;17
47;84;11.2;256.0;794.0;2377.8;0.1;1773.0;0;17
47;85;10.3;285.5;807.0;2447.7;0.1;1773.0;0;17
47;86;9.2;303.9;921.0;2337.3;0.1;1773.0;0;17
47;87;11.0;262.5;788.0;2383.2;0.1;1773.0;0;17
47;88;11.6;247.8;752.0;2379.3;0.1;1773.0;0;17
47;89;10.1;294.2;841.0;2475.0;0.1;1773.0;0;17
47;90;7.9;336.6;989.0;2248.2;0.1;1773.0;0;17
47;91;11.5;239.0;743.0;2263.8;0.1;1773.0;0;17
47;92;11.8;244.1;721.0;2374.2;0.1;1773.0;0;17
47;93;12.1;231.1;717.0;2308.2;0.1;1773.0;0;17
47;94;8.4;339.9;995.0;2395.3;0.1;1773.0;0;17
47;95;9.4;290.4;965.0;2277.3;0.1;1773.0;0;17
47;96;11.4;239.0;734.0;2249.7;0.1;1773.0;0;17
47;97;10.7;247.4;768.0;2190.0;0.1;1773.0;0;17
47;98;10.0;256.0;764.0;2129.0;0.1;1773.0;0;17
47;99;9.2;281.1;815.0;2167.0;0.1;1773.0;0;17
48;0;14.5;354.7;902.0;4186.7;0.1;3612.0;1;1
48;1;10.6;460.3;1017.0;4041.5;0.1;3368.0;1;2
48;2;10.8;471.3;1182.0;4205.0;0.1;3368.0;0;2
48;3;15.6;327.4;927.0;4169.2;0.1;3368.0;0;2
48;4;8.8;531.6;1194.0;3928.5;0.1;3176.0;1;3
48;5;15.8;321.3;789.0;4131.3;0.1;3176.0;0;3
48;6;10.4;473.6;1175.0;4085.2;0.1;3176.0;0;3
48;7;11.9;425.0;958.0;4157.0;0.1;3176.0;0;3
48;8;9.9;491.3;1289.0;4061.5;0.1;3176.0;0;3
48;9;12.9;390.9;1062.0;4126.5;0.1;3176.0;0;3
48;10;8.3;582.8;1287.0;4080.3;0.1;3176.0;0;3
48;11;11.9;414.5;978.0;4072.0;0.1;3176.0;0;3
48;12;9.2;532.6;1335.0;4090.8;0.1;3176.0;0;3
48;13;8.6;536.7;1183.0;3889.5;0.1;3121.0;1;4
48;14;12.2;392.9;861.0;3927.8;0.1;3121.0;0;4
48;15;16.2;295.6;667.0;3887.7;0.1;3121.0;0;4
48;16;9.2;526.4;1154.0;4031.0;0.1;3121.0;0;4
48;17;13.1;370.8;877.0;3969.8;0.1;3121.0;0;4
48;18;8.5;532.9;1212.0;3814.5;0.1;3121.0;0;4
48;19;9.8;476.6;1226.0;3895.8;0.1;3121.0;0;4
48;20;11.1;440.1;1213.0;4032.0;0.1;3121.0;0;4
48;21;9.6;473.4;1177.0;3776.7;0.1;3079.0;1;5
48;22;8.4;542.5;1358.0;3836.0;0.1;3063.0;1;6
48;23;8.2;547.2;1263.0;3789.5;0.1;3063.0;0;6
48;24;8.0;557.1;1239.0;3775.3;0.1;3063.0;0;6
48;25;8.6;526.5;1147.0;3780.0;0.1;3063.0;0;6
48;26;12.1;392.0;907.0;3898.7;0.1;3063.0;0;6
48;27;14.9;304.8;631.0;3704.0;0.1;3063.0;0;6
48;28;7.9;565.5;1448.0;3747.7;0.2;2857.0;1;7
48;29;8.6;507.0;1136.0;3667.5;0.1;2857.0;0;7
48;30;7.7;565.3;1268.0;3688.7;0.2;2857.0;0;7
48;31;9.9;441.1;1136.0;3622.0;0.1;2857.0;0;7
48;32;10.3;422.8;980.0;3605.2;0.1;2857.0;0;7
48;33;10.2;424.1;948.0;3602.7;0.1;2857.0;0;7
48;34;6.2;648.7;1529.0;3456.7;0.2;2610.0;1;8
48;35;9.9;435.7;1115.0;3595.0;0.1;2610.0;0;8
48;36;9.6;447.5;1089.0;3575.8;0.1;2610.0;0;8
48;37;9.1;467.9;1123.0;3553.3;0.1;2610.0;0;8
48;38;9.4;447.1;1164.0;3497.5;0.1;2610.0;0;8
48;39;7.9;496.0;1149.0;3299.2;0.2;2610.0;0;8
48;40;6.8;564.1;1187.0;3262.3;0.2;2610.0;0;8
48;41;8.9;434.8;1062.0;3236.7;0.1;2610.0;0;8
48;42;7.3;538.7;1198.0;3342.3;0.2;2610.0;0;8
48;43;7.1;535.3;1242.0;3248.7;0.2;2596.0;1;9
48;44;11.7;354.6;809.0;3425.7;0.1;2596.0;0;9
48;45;7.9;495.9;1223.0;3322.5;0.1;2596.0;0;9
48;46;13.5;317.2;704.0;3513.7;0.1;2596.0;0;9
48;47;9.2;427.2;1077.0;3271.2;0.1;2596.0;0;9
48;48;6.6;556.5;1376.0;3115.8;0.2;2473.0;1;10
48;49;8.3;433.8;1220.0;3012.3;0.1;2419.0;1;11
48;50;8.0;440.3;1091.0;2963.7;0.1;2419.0;0;11
48;51;11.1;353.3;960.0;3254.5;0.1;2419.0;0;11
48;52;7.9;445.6;1180.0;2972.5;0.1;2385.0;1;12
48;53;10.0;359.7;963.0;3001.3;0.1;2385.0;0;12
48;54;9.1;378.3;951.0;2869.2;0.1;2385.0;0;12
48;55;8.2;425.6;1087.0;2929.8;0.1;2385.0;0;12
48;56;9.5;367.6;950.0;2904.2;0.1;2385.0;0;12
48;57;7.9;441.5;1146.0;2925.0;0.2;2355.0;1;13
48;58;10.6;344.5;836.0;3016.3;0.1;2355.0;0;13
48;59;7.0;467.2;1185.0;2774.5;0.2;2248.0;1;14
48;60;9.0;371.1;1028.0;2805.2;0.1;2248.0;0;14
48;61;8.4;407.3;1054.0;2875.3;0.1;2248.0;0;14
48;62;7.5;448.6;1147.0;2845.3;0.2;2248.0;0;14
48;63;6.6;493.8;1192.0;2767.3;0.2;2248.0;0;14
48;64;7.5;427.4;1031.0;2695.7;0.2;2248.0;0;14
48;65;9.8;345.3;923.0;2815.7;0.1;2248.0;0;14
48;66;9.0;373.1;1101.0;2803.5;0.1;2201.0;1;15
48;67;8.4;364.2;884.0;2566.3;0.1;2201.0;0;15
48;68;13.2;251.1;617.0;2723.2;0.1;2201.0;0;15
48;69;9.2;347.9;930.0;2666.2;0.1;2201.0;0;15
48;70;10.2;322.5;768.0;2726.8;0.1;2201.0;0;15
48;71;11.2;299.3;850.0;2774.8;0.1;2201.0;0;15
48;72;6.7;448.0;1112.0;2555.2;0.2;2081.0;1;16
48;73;9.3;341.3;817.0;2658.3;0.1;2081.0;0;16
48;74;7.8;406.9;1081.0;2674.8;0.2;2081.0;0;16
48;75;7.2;421.4;1099.0;2571.3;0.2;2081.0;0;16
48;76;7.2;406.7;1059.0;2497.0;0.2;1986.0;1;17
48;77;9.6;331.1;897.0;2640.5;0.1;1986.0;0;17
48;78;10.6;289.4;747.0;2539.2;0.1;1986.0;0;17
48;79;8.9;347.6;876.0;2598.3;0.1;1986.0;0;17
48;80;8.6;308.5;931.0;2235.8;0.1;1983.0;1;18
48;81;9.2;298.9;894.0;2295.7;0.1;1983.0;0;18
48;82;11.8;242.4;714.0;2358.3;0.1;1983.0;0;18
48;83;9.1;293.8;887.0;2232.0;0.1;1975.0;1;19
48;84;10.1;283.2;951.0;2366.8;0.1;1974.0;1;20
48;85;8.6;340.0;998.0;2458.0;0.1;1974.0;0;20
48;86;7.3;381.8;1097.0;2361.5;0.2;1937.0;1;21
48;87;7.6;349.3;1047.0;2235.0;0.2;1918.0;1;22
48;88;10.8;269.5;811.0;2404.5;0.1;1918.0;0;22
48;89;7.5;381.9;1145.0;2432.3;0.2;1918.0;0;22
48;90;9.1;316.8;937.0;2412.0;0.1;1918.0;0;22
48;91;7.3;390.1;1207.0;2413.8;0.2;1848.0;1;23
48;92;11.6;264.7;771.0;2532.5;0.1;1848.0;0;23
48;93;7.7;358.3;1086.0;2333.3;0.2;1848.0;0;23
48;94;9.6;305.2;902.0;2432.0;0.1;1848.0;0;23
48;95;9.0;327.7;1055.0;2472.0;0.1;1848.0;0;23
48;96;8.2;354.9;1042.0;2447.0;0.1;1848.0;0;23
48;97;7.4;372.0;1176.0;2339.8;0.2;1830.0;1;24
48;98;9.6;313.6;980.0;2516.7;0.1;1830.0;0;24
48;99;7.9;354.4;1031.0;2358.7;0.2;1830.0;0;24
49;0;14.8;349.2;855.0;4219.5;0.1;3674.0;1;1
49;1;10.7;455.0;1164.0;4026.0;0.1;3227.0;1;2
49;2;12.2;406.3;1017.0;4070.5;0.1;3227.0;0;2
49;3;11.3;439.8;1072.0;4100.3;0.1;3227.0;0;2
49;4;10.2;494.0;1094.0;4177.8;0.1;3227.0;0;2
49;5;11.7;445.0;1109.0;4304.0;0.1;3227.0;0;2
49;6;9.4;515.0;1219.0;4044.8;0.1;3227.0;0;2
49;7;10.6;480.8;1213.0;4220.2;0.1;3227.0;0;2
49;8;7.7;644.6;1556.0;4167.8;0.2;3099.0;1;3
49;9;14.2;350.1;1061.0;4069.3;0.1;3099.0;0;3
49;10;11.2;444.2;984.0;4124.3;0.1;3099.0;0;3
49;11;8.8;549.0;1399.0;4037.5;0.1;3086.0;1;4
49;12;9.3;513.1;1245.0;3976.3;0.1;3086.0;0;4
49;13;12.9;377.6;1002.0;3994.8;0.1;3086.0;0;4
49;14;12.1;395.1;1006.0;3936.5;0.1;3086.0;0;4
49;15;8.0;567.3;1312.0;3840.8;0.1;3003.0;1;5
49;16;9.5;495.3;1174.0;3927.5;0.1;3003.0;0;5
49;17;11.6;414.5;1003.0;3955.7;0.1;3003.0;0;5
49;18;9.4;495.0;1129.0;3900.5;0.1;3003.0;0;5
49;19;9.5;466.1;1098.0;3686.0;0.1;3003.0;0;5
49;20;7.0;617.9;1423.0;3675.0;0.2;2874.0;1;6
49;21;7.6;584.1;1360.0;3733.8;0.2;2874.0;0;6
49;22;18.8;255.5;661.0;3881.0;0.1;2874.0;0;6
49;23;8.6;509.3;1079.0;3657.8;0.1;2874.0;0;6
49;24;7.5;561.2;1311.0;3541.0;0.2;2874.0;0;6
49;25;6.9;600.6;1367.0;3520.7;0.2;2801.0;1;7
49;26;9.2;474.4;1073.0;3644.8;0.1;2801.0;0;7
49;27;8.7;496.0;1200.0;3621.8;0.1;2801.0;0;7
49;28;8.1;536.4;1148.0;3643.2;0.1;2801.0;0;7
49;29;8.7;482.8;1101.0;3525.7;0.1;2801.0;0;7
49;30;8.6;474.8;1183.0;3411.2;0.1;2707.0;1;8
49;31;6.0;670.1;1497.0;3467.3;0.2;2697.0;1;9
49;32;9.5;447.0;1101.0;3536.0;0.1;2697.0;0;9
49;33;8.0;521.0;1244.0;3503.0;0.1;2697.0;0;9
49;34;7.9;526.2;1359.0;3496.2;0.2;2697.0;0;9
49;35;7.0;595.6;1379.0;3566.8;0.2;2697.0;0;9
49;36;8.9;464.1;1172.0;3471.2;0.1;2697.0;0;9
49;37;8.2;483.5;1130.0;3319.3;0.1;2697.0;0;9
49;38;8.4;463.1;1111.0;3272.3;0.1;2697.0;0;9
49;39;8.6;458.2;1151.0;3292.2;0.1;2617.0;1;10
49;40;9.9;424.4;938.0;3484.5;0.1;2617.0;0;10
49;41;12.6;327.8;811.0;3399.3;0.1;2617.0;0;10
49;42;8.7;429.1;1067.0;3143.8;0.1;2554.0;1;11
49;43;9.1;399.6;866.0;3048.2;0.1;2554.0;0;11
49;44;8.2;472.2;1163.0;3253.3;0.1;2554.0;0;11
49;45;8.0;426.0;1030.0;2884.5;0.1;2339.0;1;12
49;46;9.2;384.5;885.0;2958.8;0.1;2339.0;0;12
49;47;10.2;356.9;896.0;3017.7;0.1;2339.0;0;12
49;48;7.5;447.5;1157.0;2856.5;0.2;2339.0;0;12
49;49;8.0;420.1;953.0;2832.8;0.1;2339.0;0;12
49;50;7.1;466.0;1132.0;2824.8;0.2;2339.0;0;12
49;51;10.8;324.0;830.0;2907.8;0.1;2339.0;0;12
49;52;8.6;390.2;1006.0;2828.2;0.1;2339.0;0;12
49;53;9.3;364.4;1042.0;2841.0;0.1;2339.0;0;12
49;54;7.4;443.0;1173.0;2775.3;0.2;2186.0;1;13
49;55;7.4;433.5;1095.0;2711.2;0.2;2186.0;0;13
49;56;11.1;293.5;702.0;2697.0;0.1;2186.0;0;13
49;57;9.8;352.5;784.0;2883.5;0.1;2186.0;0;13
49;58;8.5;392.1;999.0;2806.8;0.1;2186.0;0;13
49;59;10.1;334.5;787.0;2794.5;0.1;2186.0;0;13
49;60;7.7;440.7;1224.0;2850.5;0.2;2186.0;0;13
49;61;8.9;377.1;1006.0;2799.2;0.1;2186.0;0;13
49;62;7.8;419.2;1035.0;2743.0;0.2;2186.0;0;13
49;63;7.9;404.6;951.0;2708.0;0.1;2186.0;0;13
49;64;8.9;376.6;1044.0;2798.5;0.1;2186.0;0;13
49;65;9.7;347.8;835.0;2812.0;0.1;2186.0;0;13
49;66;8.7;374.5;975.0;2731.0;0.1;2186.0;0;13
49;67;9.0;365.1;889.0;2742.8;0.1;2186.0;0;13
49;68;6.4;455.0;1107.0;2481.0;0.2;1992.0;1;14
49;69;7.0;426.1;1216.0;2527.3;0.2;1922.0;1;15
49;70;8.1;381.9;1112.0;2599.7;0.1;1922.0;0;15
49;71;6.2;521.1;1261.0;2767.5;0.2;1922.0;0;15
49;72;7.1;464.3;1198.0;2785.8;0.2;1922.0;0;15
49;73;9.7;351.3;845.0;2834.8;0.1;1922.0;0;15
49;74;7.6;420.7;978.0;2695.3;0.2;1922.0;0;15
49;75;9.4;355.1;856.0;2772.2;0.1;1922.0;0;15
49;76;6.1;516.4;1359.0;2719.5;0.2;1922.0;0;15
49;77;5.3;569.8;1522.0;2640.2;0.2;1902.0;1;16
49;78;10.0;349.9;844.0;2900.3;0.1;1902.0;0;16
49;79;10.6;299.8;739.0;2642.3;0.1;1902.0;0;16
49;80;9.5;330.7;1129.0;2610.5;0.1;1902.0;0;16
49;81;7.6;378.8;1106.0;2419.7;0.2;1902.0;0;16
49;82;7.5;403.0;1263.0;2558.2;0.2;1902.0;0;16
49;83;7.2;423.4;1159.0;2598.5;0.2;1902.0;0;16
49;84;6.0;455.8;1376.0;2355.5;0.2;1902.0;0;16
49;85;7.2;421.8;1294.0;2567.5;0.2;1902.0;0;16
49;86;8.5;341.9;1037.0;2450.5;0.1;1902.0;0;16
49;87;6.3;471.6;1412.0;2535.7;0.2;1902.0;0;16
49;88;7.2;394.7;1245.0;2396.2;0.2;1902.0;0;16
49;89;7.6;368.2;1114.0;2376.3;0.2;1902.0;0;16
49;90;7.1;382.5;1097.0;2301.5;0.2;1902.0;0;16
49;91;6.3;448.9;1378.0;2414.5;0.2;1902.0;0;16
49;92;7.7;404.6;1247.0;2629.0;0.2;1902.0;0;16
49;93;8.4;340.7;1116.0;2415.5;0.1;1902.0;0;16
49;94;10.1;268.0;759.0;2249.5;0.1;1902.0;0;16
49;95;7.5;346.3;1040.0;2202.3;0.2;1870.0;1;17
49;96;7.8;324.4;926.0;2124.0;0.2;1870.0;0;17
49;97;9.3;281.7;844.0;2183.5;0.1;1870.0;0;17
49;98;8.9;279.8;878.0;2088.3;0.1;1798.0;1;18
49;99;8.9;288.4;803.0;2156.7;0.1;1798.0;0;18
50;0;15.1;341.1;801.0;4206.3;0.1;3686.0;1;1
50;1;14.9;342.9;782.0;4168.5;0.1;3679.0;1;2
50;2;18.4;277.8;674.0;4130.8;0.1;3679.0;0;2
50;3;10.3;462.9;1247.0;3962.2;0.1;3109.0;1;3
50;4;11.7;437.9;1171.0;4233.3;0.1;3109.0;0;3
50;5;10.6;474.0;1034.0;4168.5;0.1;3109.0;0;3
50;6;10.5;468.4;1102.0;4066.5;0.1;3109.0;0;3
50;7;11.0;458.4;1256.0;4157.3;0.1;3109.0;0;3
50;8;13.7;375.3;1007.0;4194.3;0.1;3109.0;0;3
50;9;10.6;467.4;1130.0;4117.7;0.1;3109.0;0;3
50;10;11.5;420.4;1133.0;3991.7;0.1;3109.0;0;3
50;11;11.1;446.0;1247.0;4098.2;0.1;3109.0;0;3
50;12;11.1;437.3;1207.0;3998.5;0.1;3109.0;0;3
50;13;13.4;375.2;1079.0;4107.7;0.1;3109.0;0;3
50;14;10.2;474.6;1114.0;4013.3;0.1;3109.0;0;3
50;15;12.9;381.3;905.0;4048.2;0.1;3109.0;0;3
50;16;10.5;461.7;1052.0;4012.2;0.1;3109.0;0;3
50;17;9.5;496.7;1193.0;3926.8;0.1;3109.0;0;3
50;18;8.8;515.4;1208.0;3793.0;0.1;3109.0;0;3
50;19;9.5;488.4;1245.0;3881.7;0.1;3109.0;0;3
50;20;6.9;633.2;1595.0;3696.2;0.2;2764.0;1;4
50;21;7.4;588.4;1353.0;3670.8;0.2;2764.0;0;4
50;22;10.0;457.8;1176.0;3790.8;0.1;2764.0;0;4
50;23;11.7;404.8;980.0;3907.8;0.1;2764.0;0;4
50;24;10.9;401.5;870.0;3610.8;0.1;2764.0;0;4
50;25;11.2;419.7;1019.0;3880.5;0.1;2764.0;0;4
50;26;10.8;425.2;1081.0;3791.3;0.1;2764.0;0;4
50;27;10.8;418.7;1043.0;3758.8;0.1;2764.0;0;4
50;28;8.4;505.0;1105.0;3565.7;0.1;2764.0;0;4
50;29;8.8;498.1;1182.0;3687.8;0.1;2764.0;0;4
50;30;8.3;510.3;1146.0;3562.8;0.1;2764.0;0;4
50;31;9.5;444.8;1134.0;3507.7;0.1;2764.0;0;4
50;32;6.3;665.4;1528.0;3610.7;0.2;2741.0;1;5
50;33;7.8;547.8;1259.0;3607.8;0.2;2741.0;0;5
50;34;7.5;548.7;1228.0;3472.3;0.2;2741.0;0;5
50;35;11.1;387.7;899.0;3548.0;0.1;2741.0;0;5
50;36;8.4;479.4;1118.0;3388.2;0.1;2741.0;0;5
50;37;7.9;524.8;1317.0;3507.3;0.1;2739.0;1;6
50;38;10.7;382.5;882.0;3389.5;0.1;2739.0;0;6
50;39;9.9;410.4;919.0;3368.2;0.1;2739.0;0;6
50;40;9.2;421.1;1031.0;3244.5;0.1;2674.0;1;7
50;41;8.9;435.7;1010.0;3247.0;0.1;2674.0;0;7
50;42;9.4;388.1;1039.0;3045.0;0.1;2473.0;1;8
50;43;11.4;342.7;880.0;3234.2;0.1;2473.0;0;8
50;44;8.0;469.0;1114.0;3149.5;0.1;2473.0;0;8
50;45;7.5;481.9;1157.0;3067.7;0.2;2420.0;1;9
50;46;9.7;385.6;1034.0;3116.7;0.1;2420.0;0;9
50;47;7.8;463.8;1257.0;3056.5;0.2;2337.0;1;10
50;48;12.7;294.4;769.0;3076.5;0.1;2337.0;0;10
50;49;7.8;433.8;1163.0;2839.2;0.2;2335.0;1;11
50;50;8.7;406.1;1107.0;2948.7;0.1;2335.0;0;11
50;51;7.6;446.6;1198.0;2883.0;0.2;2292.0;1;12
50;52;6.8;495.9;1191.0;2887.8;0.2;2292.0;0;12
50;53;8.0;442.2;1126.0;2988.8;0.1;2292.0;0;12
50;54;7.7;434.1;1027.0;2821.3;0.2;2292.0;0;12
50;55;7.5;442.0;1172.0;2791.8;0.2;2292.0;0;12
50;56;6.2;535.0;1442.0;2836.2;0.2;2148.0;1;13
50;57;8.7;391.9;953.0;2843.8;0.1;2148.0;0;13
50;58;7.1;448.4;1297.0;2686.3;0.2;2046.0;1;14
50;59;9.5;329.7;873.0;2608.0;0.1;2046.0;0;14
50;60;11.2;297.9;747.0;2751.2;0.1;2046.0;0;14
50;61;7.1;450.3;1037.0;2706.0;0.2;2046.0;0;14
50;62;7.6;397.8;942.0;2550.3;0.2;2046.0;0;14
50;63;9.7;330.4;816.0;2662.3;0.1;2046.0;0;14
50;64;9.9;310.1;744.0;2557.3;0.1;2046.0;0;14
50;65;9.2;338.1;760.0;2594.2;0.1;2046.0;0;14
50;66;11.3;269.5;711.0;2517.2;0.1;2046.0;0;14
50;67;9.5;323.7;797.0;2574.3;0.1;2046.0;0;14
50;68;11.4;275.9;750.0;2590.5;0.1;2046.0;0;14
50;69;10.7;303.1;864.0;2686.3;0.1;2046.0;0;14
50;70;8.2;380.7;1026.0;2622.8;0.1;2046.0;0;14
50;71;9.0;349.5;955.0;2636.0;0.1;2046.0;0;14
50;72;8.4;360.4;936.0;2550.3;0.1;2046.0;0;14
50;73;8.7;350.4;831.0;2556.0;0.1;2046.0;0;14
50;74;7.4;401.0;985.0;2501.3;0.2;2046.0;0;14
50;75;10.0;294.1;747.0;2449.3;0.1;2046.0;0;14
50;76;10.6;278.6;734.0;2446.3;0.1;2046.0;0;14
50;77;10.5;273.8;747.0;2378.7;0.1;2046.0;0;14
50;78;9.4;316.9;749.0;2473.7;0.1;2046.0;0;14
50;79;9.6;292.1;809.0;2338.5;0.1;1902.0;1;15
50;80;12.1;234.6;671.0;2338.7;0.1;1902.0;0;15
50;81;7.3;417.8;1291.0;2580.0;0.2;1902.0;0;15
50;82;10.5;276.3;797.0;2413.8;0.1;1902.0;0;15
50;83;9.8;298.9;889.0;2437.8;0.1;1902.0;0;15
50;84;9.5;288.0;867.0;2281.0;0.1;1902.0;0;15
50;85;11.5;248.6;766.0;2360.0;0.1;1902.0;0;15
50;86;10.4;265.6;763.0;2292.8;0.1;1902.0;0;15
50;87;13.5;207.0;620.0;2290.0;0.1;1902.0;0;15
50;88;11.7;237.6;715.0;2290.3;0.1;1902.0;0;15
50;89;11.6;237.7;705.0;2282.0;0.1;1902.0;0;15
50;90;12.1;233.5;674.0;2325.5;0.1;1902.0;0;15
50;91;7.5;372.3;1113.0;2367.2;0.2;1902.0;0;15
50;92;13.9;210.5;636.0;2399.8;0.1;1902.0;0;15
50;93;13.9;200.4;596.0;2280.2;0.1;1902.0;0;15
50;94;13.3;205.3;655.0;2241.8;0.1;1902.0;0;15
50;95;10.1;270.8;814.0;2269.2;0.1;1902.0;0;15
50;96;8.6;316.1;914.0;2283.3;0.1;1902.0;0;15
50;97;12.8;213.4;677.0;2246.0;0.1;1902.0;0;15
50;98;11.0;274.0;785.0;2482.2;0.1;1902.0;0;15
50;99;9.4;301.2;855.0;2360.0;0.1;1902.0;0;15
