param;value
filename;./inputData/Londrina100n.car
base_seed;1
nRuns;51
iterations;100
antsN;50
stagnation;30
favorites;60
gbPeriod;0
rhoNodes;0.1
rhoCars;0.1
rhoPass;0.1
alphaNodes;1.5
alphaCars;1.5
alphaPass;1.5
betaNodes;1.2
betaCars;1.2
betaPass;1.1
maxMinCars;0
maxMinNodes;0
pBestCars;0
useTBAS;0
sampleCars;1
enforceNoRerent;1
returnFactorCars;0
epsilonEtaCars;1e-06
smGammaCars;0.7
restartTargetCars;mid
exploreCars;0
exploreItersCars;20
exploreRhoMultCars;2
policyQ0;0.1
adaptiveQ0;1
q0Start;0.2
q0End;0.9
eliteKAnts;7
lsTopW;0
lsQuality;High
useReinsertion;0
reinsertionMaxPasses;5
dpCacheCapacity;5000
dpMaxSegmentLenOffset;5
intensifierEnabled;0
intensifierMaxStagnationIterations;3
intensifierResetPheromonesCount;2
intensifierPheromoneReductionGamma;0.3
intensifierArchiveAndResetBest;1
ablationDisableAntDepositsDuringIntensification;0
ablationResetPheromonesOnIntensifierActivation;0
ablationIntensifierOnlyNoAnts;0
ablationIntensifierOnlyRandomInitialTour;0
runSeeds;run0=9176377229071207081,run1=76241568449944305,run2=11569656429252920891,run3=8006770736520076435,run4=10222608011239175760,run5=83674907983555125,run6=16633518659454552880,run7=3348662810425028053,run8=1625020296661546126,run9=8722260422266777814,run10=18422523289718600251,run11=12120595211417451604,run12=11180516292616150398,run13=13235578871255005297,run14=17784125318686945540,run15=15956506419893335137,run16=2899130862535483918,run17=11850605890185619915,run18=13353388233111958045,run19=6644193456908987648,run20=9748498986499756733,run21=9610614758425770644,run22=16467222360164019310,run23=11726302834367551336,run24=8896860786397106362,run25=6737285527070588895,run26=11634350522773239934,run27=7808547232002136844,run28=3287009989320200796,run29=8484872300069380217,run30=8138020970177873692,run31=16735953543485209995,run32=957827445528146549,run33=9178821638437730898,run34=2354512119315649564,run35=10160966691791677292,run36=27474500062045820,run37=7844575079918988844,run38=15524044195614787644,run39=4980590106503615414,run40=3943098024137922559,run41=141425323448007506,run42=16001952662412044218,run43=6069959457317431616,run44=2033442876187297925,run45=7223543130371895193,run46=4350234967155519396,run47=10524526614539617298,run48=3004527168784687515,run49=3975454624479931874,run50=1666912681748276242
stagnationEvents;run0=0,run1=0,run2=0,run3=1,run4=0,run5=0,run6=0,run7=0,run8=0,run9=0,run10=0,run11=0,run12=0,run13=0,run14=0,run15=0,run16=0,run17=0,run18=0,run19=0,run20=0,run21=0,run22=0,run23=1,run24=0,run25=0,run26=0,run27=0,run28=0,run29=0,run30=0,run31=0,run32=0,run33=0,run34=0,run35=0,run36=0,run37=0,run38=0,run39=0,run40=0,run41=0,run42=0,run43=1,run44=0,run45=0,run46=1,run47=0,run48=0,run49=1,run50=0
lkCalls;run0=0,run1=0,run2=0,run3=1,run4=0,run5=0,run6=0,run7=0,run8=0,run9=0,run10=0,run11=0,run12=0,run13=0,run14=0,run15=0,run16=0,run17=0,run18=0,run19=0,run20=0,run21=0,run22=0,run23=1,run24=0,run25=0,run26=0,run27=0,run28=0,run29=0,run30=0,run31=0,run32=0,run33=0,run34=0,run35=0,run36=0,run37=0,run38=0,run39=0,run40=0,run41=0,run42=0,run43=1,run44=0,run45=0,run46=1,run47=0,run48=0,run49=1,run50=0
lkSuccess;run0=0,run1=0,run2=0,run3=0,run4=0,run5=0,run6=0,run7=0,run8=0,run9=0,run10=0,run11=0,run12=0,run13=0,run14=0,run15=0,run16=0,run17=0,run18=0,run19=0,run20=0,run21=0,run22=0,run23=0,run24=0,run25=0,run26=0,run27=0,run28=0,run29=0,run30=0,run31=0,run32=0,run33=0,run34=0,run35=0,run36=0,run37=0,run38=0,run39=0,run40=0,run41=0,run42=0,run43=0,run44=0,run45=0,run46=0,run47=0,run48=0,run49=0,run50=0
tOptCalls;run0=0,run1=0,run2=0,run3=0,run4=0,run5=0,run6=0,run7=0,run8=0,run9=0,run10=0,run11=0,run12=0,run13=0,run14=0,run15=0,run16=0,run17=0,run18=0,run19=0,run20=0,run21=0,run22=0,run23=0,run24=0,run25=0,run26=0,run27=0,run28=0,run29=0,run30=0,run31=0,run32=0,run33=0,run34=0,run35=0,run36=0,run37=0,run38=0,run39=0,run40=0,run41=0,run42=0,run43=0,run44=0,run45=0,run46=0,run47=0,run48=0,run49=0,run50=0
tOptSuccess;run0=0,run1=0,run2=0,run3=0,run4=0,run5=0,run6=0,run7=0,run8=0,run9=0,run10=0,run11=0,run12=0,run13=0,run14=0,run15=0,run16=0,run17=0,run18=0,run19=0,run20=0,run21=0,run22=0,run23=0,run24=0,run25=0,run26=0,run27=0,run28=0,run29=0,run30=0,run31=0,run32=0,run33=0,run34=0,run35=0,run36=0,run37=0,run38=0,run39=0,run40=0,run41=0,run42=0,run43=0,run44=0,run45=0,run46=0,run47=0,run48=0,run49=0,run50=0
kickCalls;run0=0,run1=0,run2=0,run3=1,run4=0,run5=0,run6=0,run7=0,run8=0,run9=0,run10=0,run11=0,run12=0,run13=0,run14=0,run15=0,run16=0,run17=0,run18=0,run19=0,run20=0,run21=0,run22=0,run23=1,run24=0,run25=0,run26=0,run27=0,run28=0,run29=0,run30=0,run31=0,run32=0,run33=0,run34=0,run35=0,run36=0,run37=0,run38=0,run39=0,run40=0,run41=0,run42=0,run43=1,run44=0,run45=0,run46=1,run47=0,run48=0,run49=1,run50=0
kickSuccess;run0=0,run1=0,run2=0,run3=0,run4=0,run5=0,run6=0,run7=0,run8=0,run9=0,run10=0,run11=0,run12=0,run13=0,run14=0,run15=0,run16=0,run17=0,run18=0,run19=0,run20=0,run21=0,run22=0,run23=0,run24=0,run25=0,run26=0,run27=0,run28=0,run29=0,run30=0,run31=0,run32=0,run33=0,run34=0,run35=0,run36=0,run37=0,run38=0,run39=0,run40=0,run41=0,run42=0,run43=0,run44=0,run45=0,run46=1,run47=0,run48=0,run49=0,run50=0
cacheEvalHitRate;run0=3.36%,run1=11.42%,run2=2.09%,run3=8.30%,run4=10.00%,run5=10.36%,run6=10.70%,run7=9.30%,run8=10.09%,run9=11.24%,run10=7.42%,run11=6.82%,run12=4.27%,run13=9.24%,run14=12.33%,run15=19.82%,run16=9.12%,run17=8.18%,run18=8.79%,run19=8.42%,run20=6.55%,run21=7.58%,run22=7.91%,run23=23.38%,run24=14.42%,run25=16.61%,run26=6.82%,run27=20.55%,run28=8.33%,run29=6.27%,run30=9.27%,run31=18.06%,run32=13.85%,run33=9.70%,run34=9.67%,run35=8.00%,run36=6.58%,run37=4.64%,run38=5.24%,run39=4.21%,run40=8.06%,run41=12.06%,run42=6.67%,run43=10.84%,run44=12.21%,run45=12.76%,run46=5.81%,run47=2.61%,run48=1.18%,run49=19.78%,run50=3.91%
cacheReasHitRate;run0=37.41%,run1=40.69%,run2=36.42%,run3=38.16%,run4=39.69%,run5=38.78%,run6=38.96%,run7=38.96%,run8=40.51%,run9=39.78%,run10=38.87%,run11=36.95%,run12=37.23%,run13=39.78%,run14=39.32%,run15=46.17%,run16=38.87%,run17=38.05%,run18=38.59%,run19=38.23%,run20=37.68%,run21=37.86%,run22=38.41%,run23=46.47%,run24=41.79%,run25=42.79%,run26=36.95%,run27=44.89%,run28=38.78%,run29=38.05%,run30=40.02%,run31=45.44%,run32=41.51%,run33=38.96%,run34=39.42%,run35=37.77%,run36=39.05%,run37=37.59%,run38=37.86%,run39=36.68%,run40=37.96%,run41=39.96%,run42=38.87%,run43=39.96%,run44=38.87%,run45=41.97%,run46=37.51%,run47=37.04%,run48=36.41%,run49=45.64%,run50=37.04%
lkSuccessRate;run0=N/A,run1=N/A,run2=N/A,run3=0.00% (cache:8.3%),run4=N/A,run5=N/A,run6=N/A,run7=N/A,run8=N/A,run9=N/A,run10=N/A,run11=N/A,run12=N/A,run13=N/A,run14=N/A,run15=N/A,run16=N/A,run17=N/A,run18=N/A,run19=N/A,run20=N/A,run21=N/A,run22=N/A,run23=0.00% (cache:23.4%),run24=N/A,run25=N/A,run26=N/A,run27=N/A,run28=N/A,run29=N/A,run30=N/A,run31=N/A,run32=N/A,run33=N/A,run34=N/A,run35=N/A,run36=N/A,run37=N/A,run38=N/A,run39=N/A,run40=N/A,run41=N/A,run42=N/A,run43=0.00% (cache:10.8%),run44=N/A,run45=N/A,run46=0.00% (cache:5.8%),run47=N/A,run48=N/A,run49=0.00% (cache:19.8%),run50=N/A
tOptSuccessRate;run0=N/A,run1=N/A,run2=N/A,run3=N/A,run4=N/A,run5=N/A,run6=N/A,run7=N/A,run8=N/A,run9=N/A,run10=N/A,run11=N/A,run12=N/A,run13=N/A,run14=N/A,run15=N/A,run16=N/A,run17=N/A,run18=N/A,run19=N/A,run20=N/A,run21=N/A,run22=N/A,run23=N/A,run24=N/A,run25=N/A,run26=N/A,run27=N/A,run28=N/A,run29=N/A,run30=N/A,run31=N/A,run32=N/A,run33=N/A,run34=N/A,run35=N/A,run36=N/A,run37=N/A,run38=N/A,run39=N/A,run40=N/A,run41=N/A,run42=N/A,run43=N/A,run44=N/A,run45=N/A,run46=N/A,run47=N/A,run48=N/A,run49=N/A,run50=N/A

run;iter;weibull_k;cost_std;cost_range;cost_mean;cost_cv;global_best;improved;cumul_improvements
0;0;13.5;193.0;511.0;2137.3;0.1;1759.0;1;1
0;1;16.6;168.6;502.0;2266.6;0.1;1759.0;0;1
0;2;11.4;231.3;557.0;2183.9;0.1;1759.0;0;1
0;3;14.8;181.4;466.0;2185.7;0.1;1759.0;0;1
0;4;15.2;172.3;492.0;2130.9;0.1;1759.0;0;1
0;5;12.3;215.7;523.0;2180.1;0.1;1759.0;0;1
0;6;11.6;234.7;592.0;2236.7;0.1;1759.0;0;1
0;7;10.7;255.7;646.0;2263.9;0.1;1759.0;0;1
0;8;11.6;225.8;597.0;2165.6;0.1;1759.0;0;1
0;9;13.1;198.8;515.0;2139.9;0.1;1759.0;0;1
0;10;12.4;214.9;549.0;2195.7;0.1;1759.0;0;1
0;11;10.1;260.9;710.0;2183.7;0.1;1741.0;1;2
0;12;15.6;166.3;462.0;2109.4;0.1;1741.0;0;2
0;13;8.7;289.9;788.0;2112.6;0.1;1585.0;1;3
0;14;8.4;291.3;684.0;2056.6;0.1;1585.0;0;3
0;15;8.9;280.8;731.0;2089.3;0.1;1585.0;0;3
0;16;10.7;249.1;563.0;2213.1;0.1;1585.0;0;3
0;17;16.1;159.7;375.0;2091.3;0.1;1585.0;0;3
0;18;8.4;294.1;764.0;2086.0;0.1;1585.0;0;3
0;19;9.8;248.4;645.0;2032.9;0.1;1585.0;0;3
0;20;9.6;264.9;612.0;2111.1;0.1;1585.0;0;3
0;21;7.2;335.1;692.0;2051.9;0.2;1585.0;0;3
0;22;7.6;316.0;764.0;2028.0;0.2;1583.0;1;4
0;23;7.8;298.0;690.0;1968.4;0.2;1545.0;1;5
0;24;8.0;294.7;693.0;1986.0;0.1;1545.0;0;5
0;25;10.2;231.2;575.0;1958.0;0.1;1545.0;0;5
0;26;9.9;237.0;604.0;1957.1;0.1;1545.0;0;5
0;27;7.9;301.6;684.0;2012.1;0.1;1545.0;0;5
0;28;9.4;245.3;576.0;1919.1;0.1;1545.0;0;5
0;29;8.1;288.0;710.0;1954.9;0.1;1504.0;1;6
0;30;8.5;275.1;654.0;1954.4;0.1;1504.0;0;6
0;31;8.6;270.1;587.0;1942.6;0.1;1504.0;0;6
0;32;9.6;237.3;573.0;1896.6;0.1;1504.0;0;6
0;33;11.9;201.8;477.0;1980.9;0.1;1504.0;0;6
0;34;9.7;229.0;648.0;1848.4;0.1;1436.0;1;7
0;35;10.8;216.3;486.0;1934.6;0.1;1436.0;0;7
0;36;12.8;177.0;426.0;1853.6;0.1;1436.0;0;7
0;37;7.2;298.9;731.0;1820.4;0.2;1365.0;1;8
0;38;8.2;254.6;636.0;1766.0;0.1;1365.0;0;8
0;39;6.7;295.4;783.0;1684.4;0.2;1244.0;1;9
0;40;9.3;215.9;557.0;1670.7;0.1;1244.0;0;9
0;41;8.8;218.5;563.0;1614.6;0.1;1244.0;0;9
0;42;8.1;241.7;592.0;1654.0;0.1;1244.0;0;9
0;43;14.3;135.0;347.0;1574.9;0.1;1244.0;0;9
0;44;10.1;207.0;491.0;1738.3;0.1;1244.0;0;9
0;45;7.1;293.5;767.0;1764.6;0.2;1244.0;0;9
0;46;8.6;228.0;554.0;1645.0;0.1;1244.0;0;9
0;47;7.0;296.8;745.0;1756.3;0.2;1244.0;0;9
0;48;7.7;273.1;763.0;1781.9;0.2;1244.0;0;9
0;49;7.0;287.9;754.0;1706.0;0.2;1244.0;0;9
0;50;5.6;343.2;814.0;1668.0;0.2;1240.0;1;10
0;51;9.9;195.0;529.0;1604.9;0.1;1240.0;0;10
0;52;7.6;253.6;572.0;1621.0;0.2;1240.0;0;10
0;53;6.8;264.1;590.0;1533.7;0.2;1240.0;0;10
0;54;8.2;257.1;642.0;1773.7;0.1;1240.0;0;10
0;55;5.6;341.3;794.0;1654.7;0.2;1240.0;0;10
0;56;9.8;217.1;565.0;1766.4;0.1;1240.0;0;10
0;57;7.9;258.8;659.0;1724.4;0.2;1240.0;0;10
0;58;6.7;288.7;675.0;1639.1;0.2;1240.0;0;10
0;59;6.9;285.7;757.0;1669.1;0.2;1223.0;1;11
0;60;9.3;218.1;532.0;1697.3;0.1;1223.0;0;11
0;61;8.7;226.1;557.0;1656.7;0.1;1223.0;0;11
0;62;9.7;205.1;476.0;1664.0;0.1;1223.0;0;11
0;63;11.9;172.2;373.0;1687.4;0.1;1223.0;0;11
0;64;13.4;148.3;381.0;1625.9;0.1;1223.0;0;11
0;65;15.5;129.5;329.0;1629.9;0.1;1223.0;0;11
0;66;10.2;185.6;538.0;1571.9;0.1;1223.0;0;11
0;67;14.4;139.2;371.0;1632.1;0.1;1223.0;0;11
0;68;12.3;157.7;396.0;1590.3;0.1;1223.0;0;11
0;69;11.0;173.2;429.0;1580.6;0.1;1223.0;0;11
0;70;7.2;239.6;620.0;1464.3;0.2;1199.0;1;12
0;71;16.0;96.5;231.0;1254.3;0.1;1177.0;1;13
0;72;15.4;99.8;233.0;1251.7;0.1;1176.0;1;14
0;73;16.6;93.9;231.0;1263.9;0.1;1176.0;0;14
0;74;6.9;247.9;637.0;1464.6;0.2;1176.0;0;14
0;75;11.8;145.9;362.0;1417.0;0.1;1176.0;0;14
0;76;8.1;233.5;674.0;1594.6;0.1;1176.0;0;14
0;77;6.2;294.4;788.0;1572.7;0.2;1176.0;0;14
0;78;6.6;285.0;820.0;1601.6;0.2;1176.0;0;14
0;79;6.5;287.8;724.0;1594.9;0.2;1176.0;0;14
0;80;5.5;322.2;840.0;1532.0;0.2;1176.0;0;14
0;81;9.3;178.6;451.0;1392.1;0.1;1176.0;0;14
0;82;10.7;149.9;369.0;1328.6;0.1;1176.0;0;14
0;83;7.7;209.0;500.0;1358.6;0.2;1176.0;0;14
0;84;8.8;181.1;463.0;1338.7;0.1;1176.0;0;14
0;85;7.2;217.0;498.0;1329.4;0.2;1171.0;1;15
0;86;5.3;297.5;683.0;1378.4;0.2;1167.0;1;16
0;87;7.2;223.8;538.0;1367.4;0.2;1167.0;0;16
0;88;6.0;297.6;812.0;1537.1;0.2;1167.0;0;16
0;89;6.5;234.3;706.0;1305.1;0.2;1167.0;0;16
0;90;6.3;248.9;759.0;1336.6;0.2;1167.0;0;16
0;91;5.7;276.7;848.0;1355.6;0.2;1167.0;0;16
0;92;5.8;268.1;801.0;1351.0;0.2;1167.0;0;16
0;93;6.8;230.2;702.0;1333.3;0.2;1167.0;0;16
0;94;8.1;206.1;670.0;1400.0;0.1;1167.0;0;16
0;95;7.5;209.5;621.0;1322.7;0.2;1167.0;0;16
0;96;7.2;214.1;641.0;1315.6;0.2;1167.0;0;16
0;97;8.0;202.5;641.0;1372.3;0.1;1167.0;0;16
0;98;7.2;230.2;739.0;1407.3;0.2;1167.0;0;16
0;99;7.4;216.6;699.0;1356.9;0.2;1167.0;0;16
1;0;9.7;263.3;681.0;2129.0;0.1;1685.0;1;1
1;1;10.1;270.7;718.0;2263.6;0.1;1685.0;0;1
1;2;10.3;260.1;691.0;2214.9;0.1;1685.0;0;1
1;3;10.6;248.2;599.0;2187.4;0.1;1685.0;0;1
1;4;8.6;303.1;789.0;2195.7;0.1;1654.0;1;2
1;5;11.5;228.9;589.0;2165.6;0.1;1654.0;0;2
1;6;11.5;231.5;613.0;2200.0;0.1;1654.0;0;2
1;7;15.1;179.9;481.0;2218.9;0.1;1654.0;0;2
1;8;13.2;198.0;568.0;2140.4;0.1;1654.0;0;2
1;9;12.3;212.9;540.0;2159.6;0.1;1654.0;0;2
1;10;12.7;212.4;539.0;2211.7;0.1;1654.0;0;2
1;11;9.5;274.3;687.0;2181.4;0.1;1654.0;0;2
1;12;9.2;287.0;675.0;2212.9;0.1;1654.0;0;2
1;13;10.8;241.6;645.0;2154.0;0.1;1654.0;0;2
1;14;10.1;260.0;627.0;2181.3;0.1;1654.0;0;2
1;15;11.5;220.3;598.0;2097.0;0.1;1654.0;0;2
1;16;9.5;274.8;658.0;2176.6;0.1;1654.0;0;2
1;17;10.1;255.6;726.0;2137.7;0.1;1654.0;0;2
1;18;9.0;278.0;708.0;2100.7;0.1;1654.0;0;2
1;19;9.7;258.5;624.0;2079.3;0.1;1654.0;0;2
1;20;8.3;298.8;701.0;2092.7;0.1;1654.0;0;2
1;21;11.6;220.4;534.0;2103.6;0.1;1654.0;0;2
1;22;9.5;261.1;590.0;2057.4;0.1;1654.0;0;2
1;23;10.2;247.4;562.0;2086.9;0.1;1654.0;0;2
1;24;9.6;254.1;642.0;2027.4;0.1;1635.0;1;3
1;25;9.0;268.8;653.0;2021.3;0.1;1612.0;1;4
1;26;9.8;244.1;601.0;1989.1;0.1;1612.0;0;4
1;27;9.9;248.9;582.0;2050.6;0.1;1612.0;0;4
1;28;10.1;245.3;532.0;2056.7;0.1;1612.0;0;4
1;29;12.2;196.5;504.0;1976.6;0.1;1612.0;0;4
1;30;9.8;233.2;545.0;1910.7;0.1;1586.0;1;5
1;31;10.0;230.5;535.0;1910.0;0.1;1586.0;0;5
1;32;9.3;244.9;602.0;1896.6;0.1;1533.0;1;6
1;33;10.2;226.2;570.0;1909.7;0.1;1533.0;0;6
1;34;7.6;285.0;693.0;1831.9;0.2;1421.0;1;7
1;35;9.6;237.6;606.0;1892.9;0.1;1421.0;0;7
1;36;7.0;308.3;751.0;1831.6;0.2;1359.0;1;8
1;37;9.4;238.3;664.0;1870.3;0.1;1359.0;0;8
1;38;9.8;230.4;537.0;1876.9;0.1;1359.0;0;8
1;39;10.9;205.8;468.0;1850.6;0.1;1359.0;0;8
1;40;7.5;282.7;771.0;1786.1;0.2;1334.0;1;9
1;41;8.8;243.8;590.0;1788.9;0.1;1334.0;0;9
1;42;7.6;263.4;633.0;1682.7;0.2;1334.0;0;9
1;43;9.2;225.5;574.0;1730.6;0.1;1334.0;0;9
1;44;7.9;253.6;648.0;1692.3;0.1;1327.0;1;10
1;45;7.8;252.7;618.0;1663.9;0.2;1327.0;0;10
1;46;7.4;257.4;634.0;1620.6;0.2;1294.0;1;11
1;47;6.7;285.1;706.0;1618.7;0.2;1294.0;0;11
1;48;7.7;242.1;556.0;1566.6;0.2;1294.0;0;11
1;49;6.6;285.9;654.0;1601.1;0.2;1283.0;1;12
1;50;7.7;247.1;634.0;1612.3;0.2;1269.0;1;13
1;51;6.6;282.0;679.0;1582.9;0.2;1226.0;1;14
1;52;6.6;285.4;708.0;1599.1;0.2;1206.0;1;15
1;53;6.5;279.6;659.0;1545.3;0.2;1197.0;1;16
1;54;5.1;347.1;776.0;1556.1;0.2;1197.0;0;16
1;55;6.4;283.5;669.0;1560.4;0.2;1197.0;0;16
1;56;5.6;319.6;710.0;1540.3;0.2;1190.0;1;17
1;57;5.3;328.2;696.0;1499.9;0.2;1187.0;1;18
1;58;6.4;282.8;677.0;1541.6;0.2;1187.0;0;18
1;59;5.4;314.6;664.0;1482.0;0.2;1187.0;0;18
1;60;5.7;299.8;636.0;1480.0;0.2;1187.0;0;18
1;61;5.7;309.4;692.0;1526.7;0.2;1187.0;0;18
1;62;5.4;340.1;785.0;1593.9;0.2;1187.0;0;18
1;63;4.7;384.9;858.0;1585.0;0.2;1187.0;0;18
1;64;5.1;339.8;823.0;1515.0;0.2;1187.0;0;18
1;65;5.2;328.4;775.0;1474.6;0.2;1187.0;0;18
1;66;4.7;359.4;868.0;1495.1;0.2;1187.0;0;18
1;67;5.3;314.5;759.0;1446.7;0.2;1185.0;1;19
1;68;5.1;325.4;778.0;1454.6;0.2;1184.0;1;20
1;69;4.8;339.0;775.0;1420.0;0.2;1182.0;1;21
1;70;5.8;283.6;680.0;1408.4;0.2;1180.0;1;22
1;71;6.0;262.0;620.0;1350.1;0.2;1174.0;1;23
1;72;13.2;116.2;294.0;1256.0;0.1;1174.0;0;23
1;73;8.0;192.7;432.0;1301.3;0.1;1174.0;0;23
1;74;14.7;104.7;241.0;1255.1;0.1;1174.0;0;23
1;75;12.6;121.4;298.0;1258.4;0.1;1174.0;0;23
1;76;14.8;103.9;244.0;1252.4;0.1;1174.0;0;23
1;77;12.3;126.2;311.0;1279.0;0.1;1174.0;0;23
1;78;8.5;184.9;443.0;1321.7;0.1;1174.0;0;23
1;79;14.1;109.0;272.0;1255.6;0.1;1174.0;0;23
1;80;8.1;191.1;495.0;1297.7;0.1;1170.0;1;24
1;81;12.2;125.0;286.0;1255.6;0.1;1170.0;0;24
1;82;9.4;164.2;388.0;1284.6;0.1;1170.0;0;24
1;83;9.7;158.9;365.0;1288.3;0.1;1170.0;0;24
1;84;9.4;162.4;374.0;1279.4;0.1;1170.0;0;24
1;85;10.8;141.4;334.0;1263.0;0.1;1170.0;0;24
1;86;9.4;164.5;372.0;1289.1;0.1;1170.0;0;24
1;87;10.5;146.6;365.0;1280.7;0.1;1170.0;0;24
1;88;17.4;88.1;225.0;1244.7;0.1;1170.0;0;24
1;89;44.2;34.2;105.0;1198.1;0.0;1170.0;0;24
1;90;14.3;105.0;308.0;1226.4;0.1;1170.0;0;24
1;91;10.5;142.2;413.0;1239.0;0.1;1170.0;0;24
1;92;10.2;146.9;431.0;1244.4;0.1;1166.0;1;25
1;93;16.4;90.8;264.0;1208.7;0.1;1166.0;0;25
1;94;6.8;233.3;701.0;1343.6;0.2;1166.0;0;25
1;95;11.2;137.8;417.0;1274.1;0.1;1166.0;0;25
1;96;10.6;143.0;437.0;1258.4;0.1;1166.0;0;25
1;97;12.4;127.3;388.0;1296.3;0.1;1166.0;0;25
1;98;13.7;111.2;337.0;1245.0;0.1;1166.0;0;25
1;99;12.3;128.2;402.0;1295.3;0.1;1166.0;0;25
2;0;9.5;274.9;732.0;2174.6;0.1;1727.0;1;1
2;1;10.3;257.6;642.0;2195.3;0.1;1727.0;0;1
2;2;9.9;266.0;645.0;2197.9;0.1;1727.0;0;1
2;3;10.2;259.2;644.0;2190.4;0.1;1727.0;0;1
2;4;10.9;243.0;693.0;2189.0;0.1;1702.0;1;2
2;5;12.9;210.2;583.0;2217.1;0.1;1702.0;0;2
2;6;12.9;204.3;527.0;2168.3;0.1;1702.0;0;2
2;7;9.5;267.8;720.0;2121.1;0.1;1622.0;1;3
2;8;12.5;209.5;574.0;2148.4;0.1;1622.0;0;3
2;9;9.1;287.5;745.0;2179.9;0.1;1622.0;0;3
2;10;10.2;265.1;627.0;2250.3;0.1;1622.0;0;3
2;11;11.5;228.3;580.0;2166.6;0.1;1622.0;0;3
2;12;10.5;248.7;656.0;2166.3;0.1;1622.0;0;3
2;13;12.8;193.2;497.0;2030.0;0.1;1622.0;0;3
2;14;9.3;268.5;681.0;2081.0;0.1;1622.0;0;3
2;15;8.8;279.6;668.0;2059.7;0.1;1622.0;0;3
2;16;11.0;226.9;551.0;2058.1;0.1;1622.0;0;3
2;17;11.3;220.0;537.0;2059.9;0.1;1622.0;0;3
2;18;10.6;228.2;549.0;2007.7;0.1;1622.0;0;3
2;19;9.8;245.2;576.0;1995.4;0.1;1622.0;0;3
2;20;12.6;192.3;415.0;1982.9;0.1;1622.0;0;3
2;21;11.3;209.2;461.0;1955.1;0.1;1622.0;0;3
2;22;9.3;263.2;732.0;2036.7;0.1;1618.0;1;4
2;23;10.4;234.6;522.0;2016.4;0.1;1618.0;0;4
2;24;10.5;225.6;549.0;1964.1;0.1;1618.0;0;4
2;25;9.6;247.7;603.0;1980.7;0.1;1618.0;0;4
2;26;6.1;372.7;858.0;1954.9;0.2;1468.0;1;5
2;27;8.6;267.2;627.0;1935.4;0.1;1468.0;0;5
2;28;10.3;230.7;531.0;1977.3;0.1;1468.0;0;5
2;29;9.3;267.9;618.0;2072.3;0.1;1468.0;0;5
2;30;11.0;222.4;483.0;2017.9;0.1;1468.0;0;5
2;31;10.2;227.0;590.0;1924.3;0.1;1468.0;0;5
2;32;10.9;211.6;528.0;1915.3;0.1;1468.0;0;5
2;33;8.8;253.8;632.0;1870.3;0.1;1468.0;0;5
2;34;10.8;204.7;595.0;1822.3;0.1;1468.0;0;5
2;35;10.2;204.3;464.0;1727.7;0.1;1468.0;0;5
2;36;15.0;131.6;315.0;1610.9;0.1;1424.0;1;6
2;37;13.9;151.4;363.0;1717.4;0.1;1424.0;0;6
2;38;14.1;145.2;338.0;1674.1;0.1;1424.0;0;6
2;39;14.2;134.5;309.0;1564.4;0.1;1414.0;1;7
2;40;11.4;167.0;399.0;1567.1;0.1;1357.0;1;8
2;41;12.9;149.8;334.0;1582.9;0.1;1357.0;0;8
2;42;12.8;151.8;395.0;1595.9;0.1;1357.0;0;8
2;43;13.7;141.5;323.0;1587.4;0.1;1357.0;0;8
2;44;14.9;124.8;320.0;1520.4;0.1;1354.0;1;9
2;45;13.4;139.7;350.0;1533.3;0.1;1351.0;1;10
2;46;14.4;126.9;304.0;1487.7;0.1;1344.0;1;11
2;47;11.2;164.2;360.0;1520.0;0.1;1344.0;0;11
2;48;12.8;145.1;357.0;1520.7;0.1;1344.0;0;11
2;49;12.3;150.3;349.0;1518.3;0.1;1344.0;0;11
2;50;11.4;157.2;395.0;1483.3;0.1;1285.0;1;12
2;51;8.6;208.9;505.0;1508.7;0.1;1275.0;1;13
2;52;6.0;312.6;691.0;1612.1;0.2;1275.0;0;13
2;53;14.3;127.2;300.0;1480.6;0.1;1275.0;0;13
2;54;11.2;164.3;380.0;1517.0;0.1;1275.0;0;13
2;55;11.3;161.7;373.0;1507.6;0.1;1275.0;0;13
2;56;10.8;173.0;417.0;1540.0;0.1;1275.0;0;13
2;57;8.9;199.5;491.0;1486.4;0.1;1207.0;1;14
2;58;14.6;128.7;284.0;1530.7;0.1;1207.0;0;14
2;59;17.6;107.6;254.0;1537.0;0.1;1207.0;0;14
2;60;15.6;123.0;280.0;1562.7;0.1;1207.0;0;14
2;61;15.2;122.1;289.0;1512.7;0.1;1207.0;0;14
2;62;11.3;164.1;383.0;1527.1;0.1;1207.0;0;14
2;63;12.9;147.3;336.0;1558.4;0.1;1207.0;0;14
2;64;12.4;152.8;468.0;1562.3;0.1;1207.0;0;14
2;65;12.1;148.3;377.0;1474.6;0.1;1207.0;0;14
2;66;13.0;141.8;399.0;1513.7;0.1;1207.0;0;14
2;67;15.0;126.4;325.0;1541.7;0.1;1207.0;0;14
2;68;16.1;117.4;310.0;1533.7;0.1;1207.0;0;14
2;69;11.9;149.1;385.0;1467.3;0.1;1207.0;0;14
2;70;14.1;131.5;324.0;1512.6;0.1;1207.0;0;14
2;71;14.1;130.1;323.0;1496.1;0.1;1207.0;0;14
2;72;10.5;166.3;455.0;1446.9;0.1;1207.0;0;14
2;73;14.7;123.7;313.0;1485.6;0.1;1207.0;0;14
2;74;13.3;135.2;404.0;1471.7;0.1;1207.0;0;14
2;75;14.1;130.6;327.0;1501.4;0.1;1207.0;0;14
2;76;12.1;146.7;405.0;1461.4;0.1;1207.0;0;14
2;77;12.4;145.7;352.0;1490.3;0.1;1207.0;0;14
2;78;13.2;135.1;351.0;1460.0;0.1;1207.0;0;14
2;79;10.7;161.5;425.0;1430.6;0.1;1207.0;0;14
2;80;12.8;138.9;357.0;1462.7;0.1;1207.0;0;14
2;81;11.3;152.0;390.0;1416.3;0.1;1207.0;0;14
2;82;12.9;138.6;348.0;1469.4;0.1;1207.0;0;14
2;83;18.0;95.6;320.0;1390.1;0.1;1207.0;0;14
2;84;16.9;99.7;323.0;1368.3;0.1;1207.0;0;14
2;85;7.2;241.5;762.0;1470.7;0.2;1207.0;0;14
2;86;10.3;171.2;544.0;1461.9;0.1;1207.0;0;14
2;87;6.0;264.7;818.0;1373.0;0.2;1188.0;1;15
2;88;7.0;254.2;625.0;1503.0;0.2;1188.0;0;15
2;89;8.0;209.8;710.0;1409.9;0.1;1176.0;1;16
2;90;11.5;144.1;466.0;1367.0;0.1;1176.0;0;16
2;91;7.5;224.8;714.0;1429.7;0.2;1176.0;0;16
2;92;9.2;186.6;571.0;1430.3;0.1;1176.0;0;16
2;93;9.5;166.0;504.0;1312.6;0.1;1176.0;0;16
2;94;10.9;143.4;447.0;1295.6;0.1;1176.0;0;16
2;95;10.2;156.9;462.0;1328.0;0.1;1176.0;0;16
2;96;8.5;208.0;673.0;1492.1;0.1;1176.0;0;16
2;97;6.5;253.2;762.0;1404.3;0.2;1176.0;0;16
2;98;8.0;193.4;570.0;1303.6;0.1;1176.0;0;16
2;99;9.2;169.5;510.0;1304.7;0.1;1176.0;0;16
3;0;12.1;218.1;549.0;2180.0;0.1;1849.0;1;1
3;1;9.8;270.2;638.0;2206.7;0.1;1775.0;1;2
3;2;11.4;243.7;596.0;2285.6;0.1;1775.0;0;2
3;3;12.7;206.1;503.0;2148.9;0.1;1775.0;0;2
3;4;12.7;214.9;584.0;2246.0;0.1;1775.0;0;2
3;5;9.9;261.8;706.0;2147.3;0.1;1673.0;1;3
3;6;12.8;205.1;492.0;2158.4;0.1;1673.0;0;3
3;7;12.9;211.3;514.0;2241.3;0.1;1673.0;0;3
3;8;11.8;226.4;632.0;2204.3;0.1;1673.0;0;3
3;9;9.7;261.3;667.0;2108.1;0.1;1673.0;0;3
3;10;10.3;255.4;597.0;2182.4;0.1;1673.0;0;3
3;11;14.4;177.1;483.0;2076.6;0.1;1673.0;0;3
3;12;12.0;214.9;572.0;2127.0;0.1;1673.0;0;3
3;13;15.0;169.3;495.0;2073.4;0.1;1673.0;0;3
3;14;10.3;238.4;583.0;2030.0;0.1;1673.0;0;3
3;15;10.1;248.0;586.0;2080.3;0.1;1673.0;0;3
3;16;11.0;224.5;592.0;2036.4;0.1;1673.0;0;3
3;17;11.3;214.8;475.0;2007.6;0.1;1673.0;0;3
3;18;9.2;269.2;614.0;2068.6;0.1;1673.0;0;3
3;19;10.7;234.6;563.0;2070.1;0.1;1673.0;0;3
3;20;10.5;233.7;573.0;2025.7;0.1;1673.0;0;3
3;21;8.3;291.9;771.0;2039.7;0.1;1625.0;1;4
3;22;9.6;246.6;579.0;1970.4;0.1;1625.0;0;4
3;23;12.6;193.9;450.0;2010.9;0.1;1625.0;0;4
3;24;7.6;311.1;679.0;1990.0;0.2;1623.0;1;5
3;25;9.8;233.7;611.0;1905.9;0.1;1573.0;1;6
3;26;8.5;280.7;638.0;2009.6;0.1;1573.0;0;6
3;27;9.0;258.2;577.0;1944.9;0.1;1573.0;0;6
3;28;9.3;247.8;608.0;1931.0;0.1;1573.0;0;6
3;29;8.2;285.2;721.0;1970.0;0.1;1513.0;1;7
3;30;11.8;202.4;540.0;1962.7;0.1;1513.0;0;7
3;31;10.1;227.7;501.0;1911.1;0.1;1513.0;0;7
3;32;7.9;285.5;673.0;1909.3;0.1;1510.0;1;8
3;33;9.8;232.4;590.0;1892.6;0.1;1510.0;0;8
3;34;9.1;247.4;616.0;1878.7;0.1;1510.0;0;8
3;35;8.8;257.9;603.0;1903.1;0.1;1510.0;0;8
3;36;7.9;284.5;661.0;1888.7;0.2;1493.0;1;9
3;37;8.9;253.3;575.0;1882.7;0.1;1493.0;0;9
3;38;10.0;228.8;576.0;1906.0;0.1;1493.0;0;9
3;39;9.3;231.5;523.0;1789.0;0.1;1493.0;0;9
3;40;7.7;270.6;721.0;1770.1;0.2;1372.0;1;10
3;41;9.4;225.5;574.0;1761.9;0.1;1372.0;0;10
3;42;8.0;254.6;663.0;1707.1;0.1;1372.0;0;10
3;43;6.9;287.6;713.0;1687.1;0.2;1293.0;1;11
3;44;7.4;262.6;679.0;1648.7;0.2;1267.0;1;12
3;45;7.9;248.4;581.0;1646.6;0.2;1267.0;0;12
3;46;6.6;300.4;759.0;1695.3;0.2;1265.0;1;13
3;47;6.9;273.7;603.0;1611.3;0.2;1265.0;0;13
3;48;5.6;319.5;677.0;1548.1;0.2;1241.0;1;14
3;49;6.2;293.0;611.0;1559.6;0.2;1241.0;0;14
3;50;6.3;289.1;678.0;1563.9;0.2;1195.0;1;15
3;51;6.7;294.0;751.0;1686.9;0.2;1195.0;0;15
3;52;4.9;376.8;874.0;1623.7;0.2;1195.0;0;15
3;53;5.5;324.9;745.0;1555.6;0.2;1195.0;0;15
3;54;6.5;276.1;645.0;1530.4;0.2;1192.0;1;16
3;55;9.7;170.0;399.0;1374.6;0.1;1192.0;0;16
3;56;7.2;244.4;582.0;1496.4;0.2;1192.0;0;16
3;57;6.2;280.2;653.0;1498.0;0.2;1192.0;0;16
3;58;7.8;224.4;522.0;1470.1;0.2;1192.0;0;16
3;59;11.8;136.7;308.0;1324.3;0.1;1174.0;1;17
3;60;11.3;141.5;301.0;1322.4;0.1;1174.0;0;17
3;61;9.4;187.3;487.0;1467.9;0.1;1174.0;0;17
3;62;11.3;159.3;370.0;1484.6;0.1;1174.0;0;17
3;63;10.4;170.1;384.0;1461.4;0.1;1174.0;0;17
3;64;7.8;218.4;580.0;1445.7;0.2;1174.0;0;17
3;65;10.2;166.1;415.0;1400.7;0.1;1174.0;0;17
3;66;9.8;171.5;482.0;1404.0;0.1;1174.0;0;17
3;67;12.8;137.0;367.0;1441.7;0.1;1174.0;0;17
3;68;12.9;137.7;376.0;1453.0;0.1;1174.0;0;17
3;69;13.2;135.9;367.0;1466.7;0.1;1174.0;0;17
3;70;10.4;162.1;414.0;1400.3;0.1;1174.0;0;17
3;71;10.7;157.8;391.0;1402.4;0.1;1174.0;0;17
3;72;10.1;167.9;476.0;1407.4;0.1;1174.0;0;17
3;73;9.2;182.8;470.0;1399.1;0.1;1174.0;0;17
3;74;8.8;187.3;478.0;1380.1;0.1;1174.0;0;17
3;75;12.6;139.2;339.0;1435.9;0.1;1174.0;0;17
3;76;9.6;166.3;413.0;1335.0;0.1;1174.0;0;17
3;77;10.2;155.5;380.0;1319.0;0.1;1174.0;0;17
3;78;9.3;174.8;425.0;1357.7;0.1;1174.0;0;17
3;79;8.6;186.2;451.0;1340.0;0.1;1174.0;0;17
3;80;8.7;184.8;448.0;1350.7;0.1;1174.0;0;17
3;81;9.2;176.2;438.0;1349.1;0.1;1174.0;0;17
3;82;8.9;179.9;444.0;1346.6;0.1;1174.0;0;17
3;83;11.9;132.2;322.0;1298.6;0.1;1174.0;0;17
3;84;14.2;106.9;319.0;1244.7;0.1;1174.0;0;17
3;85;7.6;200.2;586.0;1290.1;0.2;1174.0;0;17
3;86;8.1;194.0;577.0;1315.6;0.1;1174.0;0;17
3;87;8.2;190.6;582.0;1321.4;0.1;1174.0;0;17
3;88;8.3;190.2;586.0;1326.4;0.1;1174.0;0;17
3;89;6.9;224.5;684.0;1326.1;0.2;1174.0;0;17
3;90;7.4;203.6;593.0;1279.6;0.2;1174.0;0;17
3;91;7.2;215.0;638.0;1306.7;0.2;1174.0;0;17
3;92;7.1;216.5;641.0;1298.6;0.2;1174.0;0;17
3;93;7.2;210.7;609.0;1283.7;0.2;1174.0;0;17
3;94;6.8;223.9;656.0;1302.4;0.2;1174.0;0;17
3;95;9.0;170.2;508.0;1280.9;0.1;1174.0;0;17
3;96;11.0;137.5;400.0;1247.7;0.1;1174.0;0;17
3;97;9.9;154.9;462.0;1274.6;0.1;1174.0;0;17
3;98;15.6;98.8;302.0;1254.3;0.1;1174.0;0;17
3;99;26.7;56.4;167.0;1205.0;0.0;1174.0;0;17
4;0;11.9;226.0;577.0;2218.4;0.1;1828.0;1;1
4;1;10.7;252.3;632.0;2230.1;0.1;1819.0;1;2
4;2;11.2;239.7;668.0;2224.6;0.1;1723.0;1;3
4;3;13.8;191.0;503.0;2158.0;0.1;1723.0;0;3
4;4;12.3;221.3;546.0;2243.4;0.1;1723.0;0;3
4;5;13.1;206.7;504.0;2222.4;0.1;1723.0;0;3
4;6;13.1;198.4;538.0;2135.9;0.1;1723.0;0;3
4;7;12.6;214.3;560.0;2222.4;0.1;1723.0;0;3
4;8;13.9;185.3;452.0;2103.0;0.1;1723.0;0;3
4;9;12.4;216.6;587.0;2199.7;0.1;1723.0;0;3
4;10;11.9;220.7;622.0;2155.9;0.1;1718.0;1;4
4;11;11.6;226.2;534.0;2156.6;0.1;1718.0;0;4
4;12;12.7;203.8;499.0;2120.4;0.1;1718.0;0;4
4;13;9.1;284.5;706.0;2172.1;0.1;1697.0;1;5
4;14;11.3;223.3;547.0;2091.9;0.1;1697.0;0;5
4;15;11.0;234.1;536.0;2138.4;0.1;1697.0;0;5
4;16;9.5;266.5;666.0;2105.6;0.1;1697.0;0;5
4;17;14.1;185.8;468.0;2135.9;0.1;1697.0;0;5
4;18;9.9;257.6;636.0;2112.7;0.1;1697.0;0;5
4;19;9.5;264.2;582.0;2100.9;0.1;1697.0;0;5
4;20;10.6;241.0;597.0;2121.9;0.1;1697.0;0;5
4;21;14.5;173.8;419.0;2060.1;0.1;1697.0;0;5
4;22;8.9;271.6;689.0;2018.3;0.1;1626.0;1;6
4;23;8.6;285.3;698.0;2053.1;0.1;1626.0;0;6
4;24;10.4;236.2;550.0;2040.4;0.1;1626.0;0;6
4;25;9.5;250.4;603.0;1986.1;0.1;1626.0;0;6
4;26;10.9;234.5;582.0;2112.7;0.1;1626.0;0;6
4;27;9.3;267.1;616.0;2064.1;0.1;1626.0;0;6
4;28;8.8;283.6;734.0;2091.6;0.1;1626.0;0;6
4;29;7.3;333.5;782.0;2060.1;0.2;1616.0;1;7
4;30;7.9;304.8;748.0;2034.4;0.1;1606.0;1;8
4;31;9.2;260.2;655.0;1998.0;0.1;1585.0;1;9
4;32;7.2;309.5;751.0;1898.1;0.2;1446.0;1;10
4;33;7.3;307.5;758.0;1900.6;0.2;1428.0;1;11
4;34;7.7;295.0;651.0;1922.6;0.2;1428.0;0;11
4;35;8.6;262.4;595.0;1898.0;0.1;1428.0;0;11
4;36;12.2;191.6;446.0;1921.0;0.1;1428.0;0;11
4;37;9.3;245.1;563.0;1908.1;0.1;1428.0;0;11
4;38;9.9;220.9;536.0;1819.3;0.1;1428.0;0;11
4;39;8.6;244.6;617.0;1772.7;0.1;1428.0;0;11
4;40;9.7;214.0;525.0;1721.7;0.1;1428.0;0;11
4;41;8.2;259.7;679.0;1794.7;0.1;1428.0;0;11
4;42;7.7;282.5;702.0;1829.1;0.2;1428.0;0;11
4;43;8.2;263.1;619.0;1824.7;0.1;1428.0;0;11
4;44;6.2;342.4;854.0;1808.9;0.2;1346.0;1;12
4;45;7.6;272.2;693.0;1743.0;0.2;1346.0;0;12
4;46;7.3;280.8;708.0;1743.7;0.2;1346.0;0;12
4;47;7.7;261.6;628.0;1693.9;0.2;1346.0;0;12
4;48;7.7;264.1;668.0;1718.7;0.2;1346.0;0;12
4;49;8.3;249.3;599.0;1745.0;0.1;1346.0;0;12
4;50;8.2;254.6;630.0;1746.9;0.1;1346.0;0;12
4;51;8.3;247.1;556.0;1722.9;0.1;1346.0;0;12
4;52;9.1;222.1;515.0;1696.7;0.1;1346.0;0;12
4;53;9.1;225.2;515.0;1719.3;0.1;1346.0;0;12
4;54;9.7;216.7;483.0;1747.9;0.1;1346.0;0;12
4;55;5.7;331.5;733.0;1629.0;0.2;1272.0;1;13
4;56;7.1;268.2;621.0;1609.0;0.2;1272.0;0;13
4;57;9.2;222.4;472.0;1707.9;0.1;1272.0;0;13
4;58;8.3;245.2;586.0;1709.9;0.1;1272.0;0;13
4;59;8.3;238.3;570.0;1654.6;0.1;1272.0;0;13
4;60;7.7;259.1;590.0;1686.3;0.2;1272.0;0;13
4;61;8.9;212.4;483.0;1584.1;0.1;1272.0;0;13
4;62;8.9;188.9;456.0;1412.1;0.1;1198.0;1;14
4;63;8.8;198.6;466.0;1459.9;0.1;1198.0;0;14
4;64;8.6;190.3;451.0;1379.7;0.1;1198.0;0;14
4;65;8.6;194.5;482.0;1403.7;0.1;1198.0;0;14
4;66;7.9;207.0;500.0;1374.4;0.2;1198.0;0;14
4;67;8.7;190.1;445.0;1379.4;0.1;1198.0;0;14
4;68;8.7;178.5;396.0;1305.9;0.1;1192.0;1;15
4;69;7.5;214.8;532.0;1361.4;0.2;1192.0;0;15
4;70;6.7;248.6;626.0;1414.0;0.2;1192.0;0;15
4;71;7.8;206.4;484.0;1353.4;0.2;1192.0;0;15
4;72;6.4;269.0;662.0;1473.7;0.2;1192.0;0;15
4;73;5.9;272.7;657.0;1384.7;0.2;1191.0;1;16
4;74;7.2;241.6;560.0;1475.9;0.2;1191.0;0;16
4;75;6.3;271.3;628.0;1469.6;0.2;1191.0;0;16
4;76;5.0;330.0;769.0;1441.7;0.2;1190.0;1;17
4;77;5.9;278.6;677.0;1425.7;0.2;1183.0;1;18
4;78;5.5;303.8;737.0;1442.6;0.2;1183.0;0;18
4;79;6.2;274.2;705.0;1465.7;0.2;1183.0;0;18
4;80;5.3;307.9;714.0;1429.4;0.2;1183.0;0;18
4;81;7.6;212.4;522.0;1357.1;0.2;1169.0;1;19
4;82;7.8;199.4;447.0;1315.3;0.2;1169.0;0;19
4;83;12.5;123.7;342.0;1269.6;0.1;1169.0;0;19
4;84;9.7;162.3;376.0;1310.6;0.1;1169.0;0;19
4;85;9.3;167.3;379.0;1300.6;0.1;1169.0;0;19
4;86;8.7;182.2;434.0;1329.4;0.1;1169.0;0;19
4;87;6.8;235.1;570.0;1369.1;0.2;1169.0;0;19
4;88;10.3;150.2;351.0;1282.4;0.1;1169.0;0;19
4;89;35.1;43.3;131.0;1208.7;0.0;1169.0;0;19
4;90;34.2;44.4;135.0;1207.7;0.0;1169.0;0;19
4;91;36.8;41.1;120.0;1202.4;0.0;1169.0;0;19
4;92;35.9;42.2;132.0;1205.6;0.0;1169.0;0;19
4;93;37.7;40.3;122.0;1204.7;0.0;1169.0;0;19
4;94;36.4;41.5;120.0;1202.3;0.0;1169.0;0;19
4;95;35.6;42.6;126.0;1207.9;0.0;1169.0;0;19
4;96;7.6;206.2;632.0;1332.7;0.2;1169.0;0;19
4;97;8.0;202.0;618.0;1366.7;0.1;1169.0;0;19
4;98;7.8;205.3;632.0;1347.6;0.2;1169.0;0;19
4;99;26.5;58.2;180.0;1235.3;0.0;1169.0;0;19
5;0;9.6;283.8;746.0;2278.4;0.1;1795.0;1;1
5;1;11.9;223.6;573.0;2192.0;0.1;1795.0;0;1
5;2;12.5;215.8;566.0;2212.7;0.1;1795.0;0;1
5;3;10.1;258.3;639.0;2163.1;0.1;1736.0;1;2
5;4;12.0;224.7;607.0;2214.3;0.1;1736.0;0;2
5;5;12.3;216.6;564.0;2195.3;0.1;1736.0;0;2
5;6;11.1;242.0;630.0;2214.9;0.1;1736.0;0;2
5;7;13.0;206.7;580.0;2208.9;0.1;1736.0;0;2
5;8;10.3;250.5;619.0;2131.4;0.1;1709.0;1;3
5;9;10.2;253.8;662.0;2148.9;0.1;1709.0;0;3
5;10;14.7;179.1;451.0;2149.9;0.1;1709.0;0;3
5;11;12.3;211.3;551.0;2135.7;0.1;1709.0;0;3
5;12;9.3;279.0;797.0;2155.6;0.1;1594.0;1;4
5;13;13.5;196.7;485.0;2178.7;0.1;1594.0;0;4
5;14;12.0;208.0;457.0;2048.3;0.1;1594.0;0;4
5;15;11.0;225.1;580.0;2050.4;0.1;1594.0;0;4
5;16;11.3;220.5;522.0;2050.7;0.1;1594.0;0;4
5;17;10.6;225.2;502.0;1972.3;0.1;1594.0;0;4
5;18;11.8;215.4;513.0;2102.4;0.1;1594.0;0;4
5;19;9.6;261.1;665.0;2085.0;0.1;1594.0;0;4
5;20;8.2;287.3;663.0;1973.1;0.1;1589.0;1;5
5;21;10.2;236.9;592.0;2007.3;0.1;1589.0;0;5
5;22;10.5;231.5;548.0;2014.1;0.1;1589.0;0;5
5;23;10.1;244.6;568.0;2048.0;0.1;1589.0;0;5
5;24;13.7;185.9;425.0;2084.6;0.1;1589.0;0;5
5;25;10.5;230.9;576.0;2001.6;0.1;1589.0;0;5
5;26;11.8;200.7;429.0;1954.6;0.1;1589.0;0;5
5;27;7.3;315.5;823.0;1961.4;0.2;1415.0;1;6
5;28;8.1;280.4;685.0;1921.9;0.1;1415.0;0;6
5;29;7.2;315.5;785.0;1919.7;0.2;1409.0;1;7
5;30;8.9;261.0;623.0;1940.0;0.1;1409.0;0;7
5;31;7.9;280.3;638.0;1865.9;0.2;1409.0;0;7
5;32;8.0;280.1;610.0;1889.0;0.1;1409.0;0;7
5;33;7.8;280.6;666.0;1850.1;0.2;1409.0;0;7
5;34;9.4;233.0;561.0;1826.7;0.1;1409.0;0;7
5;35;10.0;221.0;561.0;1841.9;0.1;1409.0;0;7
5;36;9.5;228.8;554.0;1803.7;0.1;1409.0;0;7
5;37;8.5;253.6;599.0;1818.7;0.1;1409.0;0;7
5;38;9.8;220.4;592.0;1789.0;0.1;1409.0;0;7
5;39;9.9;217.2;524.0;1783.1;0.1;1409.0;0;7
5;40;9.2;227.1;536.0;1739.3;0.1;1409.0;0;7
5;41;7.8;262.5;694.0;1717.7;0.2;1348.0;1;8
5;42;11.8;184.5;432.0;1787.4;0.1;1348.0;0;8
5;43;7.4;274.3;644.0;1709.1;0.2;1348.0;0;8
5;44;10.8;202.1;548.0;1805.0;0.1;1348.0;0;8
5;45;9.7;220.8;508.0;1785.9;0.1;1348.0;0;8
5;46;8.2;255.0;619.0;1767.7;0.1;1348.0;0;8
5;47;11.0;199.8;447.0;1824.0;0.1;1348.0;0;8
5;48;10.1;217.5;489.0;1829.3;0.1;1348.0;0;8
5;49;7.8;268.4;660.0;1772.4;0.2;1348.0;0;8
5;50;8.9;246.6;654.0;1829.6;0.1;1348.0;0;8
5;51;9.0;236.6;580.0;1788.6;0.1;1348.0;0;8
5;52;11.1;187.8;482.0;1720.9;0.1;1348.0;0;8
5;53;9.2;225.0;619.0;1735.1;0.1;1348.0;0;8
5;54;7.0;283.9;747.0;1679.9;0.2;1258.0;1;9
5;55;7.3;273.7;651.0;1700.9;0.2;1258.0;0;9
5;56;7.4;277.7;702.0;1734.7;0.2;1258.0;0;9
5;57;6.9;295.6;757.0;1746.3;0.2;1258.0;0;9
5;58;5.7;350.7;825.0;1732.7;0.2;1258.0;0;9
5;59;8.6;236.8;605.0;1699.1;0.1;1258.0;0;9
5;60;6.5;293.3;688.0;1621.6;0.2;1258.0;0;9
5;61;6.7;295.1;764.0;1681.6;0.2;1258.0;0;9
5;62;7.0;284.9;653.0;1701.4;0.2;1258.0;0;9
5;63;10.0;189.1;473.0;1570.0;0.1;1258.0;0;9
5;64;8.0;223.3;563.0;1503.6;0.1;1258.0;0;9
5;65;8.0;219.8;645.0;1485.9;0.1;1190.0;1;10
5;66;10.6;164.1;457.0;1437.7;0.1;1190.0;0;10
5;67;10.3;168.8;495.0;1448.6;0.1;1190.0;0;10
5;68;10.1;190.9;496.0;1599.4;0.1;1190.0;0;10
5;69;7.4;248.5;642.0;1567.1;0.2;1190.0;0;10
5;70;6.3;282.1;748.0;1525.4;0.2;1190.0;0;10
5;71;6.6;269.1;721.0;1517.1;0.2;1190.0;0;10
5;72;7.5;219.2;531.0;1396.6;0.2;1190.0;0;10
5;73;6.2;277.3;713.0;1467.4;0.2;1190.0;0;10
5;74;6.5;256.7;642.0;1434.7;0.2;1188.0;1;11
5;75;12.6;121.9;279.0;1266.0;0.1;1182.0;1;12
5;76;9.9;161.4;397.0;1332.1;0.1;1182.0;0;12
5;77;8.6;196.8;524.0;1417.9;0.1;1182.0;0;12
5;78;5.3;324.9;799.0;1498.3;0.2;1182.0;0;12
5;79;4.8;337.3;787.0;1424.4;0.2;1182.0;0;12
5;80;4.3;386.2;882.0;1467.7;0.3;1182.0;0;12
5;81;6.4;251.9;604.0;1386.9;0.2;1178.0;1;13
5;82;5.5;302.0;724.0;1442.0;0.2;1178.0;0;13
5;83;14.1;109.5;263.0;1261.6;0.1;1178.0;0;13
5;84;26.3;58.3;139.0;1228.1;0.0;1178.0;0;13
5;85;29.2;52.4;124.0;1222.4;0.0;1178.0;0;13
5;86;25.7;59.1;135.0;1218.0;0.0;1176.0;1;14
5;87;27.7;55.4;133.0;1224.1;0.0;1176.0;0;14
5;88;24.9;61.2;143.0;1223.4;0.1;1176.0;0;14
5;89;31.6;47.9;145.0;1205.7;0.0;1176.0;0;14
5;90;35.8;42.4;130.0;1206.3;0.0;1176.0;0;14
5;91;36.9;41.2;132.0;1208.6;0.0;1176.0;0;14
5;92;36.8;41.2;129.0;1204.9;0.0;1174.0;1;15
5;93;37.6;40.3;129.0;1205.7;0.0;1174.0;0;15
5;94;35.2;43.0;129.0;1202.4;0.0;1174.0;0;15
5;95;35.9;42.1;125.0;1201.6;0.0;1174.0;0;15
5;96;36.2;41.9;130.0;1203.9;0.0;1174.0;0;15
5;97;39.1;38.5;113.0;1196.1;0.0;1174.0;0;15
5;98;44.6;33.9;102.0;1197.0;0.0;1174.0;0;15
5;99;41.8;36.2;106.0;1199.0;0.0;1174.0;0;15
6;0;9.8;267.8;638.0;2178.9;0.1;1754.0;1;1
6;1;10.7;256.3;643.0;2279.6;0.1;1754.0;0;1
6;2;12.2;224.1;572.0;2250.6;0.1;1754.0;0;1
6;3;13.7;196.6;554.0;2199.0;0.1;1754.0;0;1
6;4;12.6;208.9;571.0;2166.1;0.1;1754.0;0;1
6;5;10.2;251.6;682.0;2125.1;0.1;1629.0;1;2
6;6;10.4;254.1;668.0;2197.1;0.1;1629.0;0;2
6;7;12.6;214.2;540.0;2224.1;0.1;1629.0;0;2
6;8;14.3;185.0;471.0;2164.1;0.1;1629.0;0;2
6;9;9.1;289.6;765.0;2192.9;0.1;1629.0;0;2
6;10;13.9;183.1;442.0;2078.9;0.1;1629.0;0;2
6;11;12.2;210.8;525.0;2122.7;0.1;1629.0;0;2
6;12;14.5;179.2;500.0;2122.0;0.1;1629.0;0;2
6;13;11.2;228.7;600.0;2118.1;0.1;1629.0;0;2
6;14;9.6;262.3;615.0;2091.4;0.1;1629.0;0;2
6;15;10.1;252.8;617.0;2130.1;0.1;1629.0;0;2
6;16;10.8;238.9;564.0;2127.0;0.1;1629.0;0;2
6;17;10.0;247.2;568.0;2052.7;0.1;1629.0;0;2
6;18;11.3;218.1;492.0;2029.9;0.1;1629.0;0;2
6;19;9.8;242.9;564.0;1984.7;0.1;1629.0;0;2
6;20;10.8;221.5;585.0;1984.0;0.1;1629.0;0;2
6;21;10.7;225.4;553.0;1990.1;0.1;1629.0;0;2
6;22;10.6;222.5;511.0;1949.4;0.1;1629.0;0;2
6;23;10.5;219.6;506.0;1918.0;0.1;1629.0;0;2
6;24;12.0;193.8;482.0;1921.6;0.1;1629.0;0;2
6;25;8.6;263.0;640.0;1905.1;0.1;1521.0;1;3
6;26;9.2;247.0;569.0;1890.3;0.1;1521.0;0;3
6;27;11.3;205.7;522.0;1926.9;0.1;1521.0;0;3
6;28;8.8;258.3;537.0;1912.7;0.1;1521.0;0;3
6;29;10.8;221.9;553.0;1982.0;0.1;1521.0;0;3
6;30;7.4;303.4;678.0;1904.6;0.2;1521.0;0;3
6;31;11.4;200.8;514.0;1892.9;0.1;1521.0;0;3
6;32;10.8;220.8;500.0;1969.0;0.1;1521.0;0;3
6;33;12.0;194.4;428.0;1922.9;0.1;1521.0;0;3
6;34;8.8;264.0;580.0;1955.3;0.1;1521.0;0;3
6;35;10.2;223.4;635.0;1894.9;0.1;1471.0;1;4
6;36;9.1;242.2;551.0;1836.6;0.1;1471.0;0;4
6;37;8.1;266.2;651.0;1809.9;0.1;1397.0;1;5
6;38;10.7;214.6;522.0;1897.9;0.1;1397.0;0;5
6;39;6.9;289.5;668.0;1694.6;0.2;1389.0;1;6
6;40;8.5;250.2;702.0;1779.0;0.1;1346.0;1;7
6;41;6.6;288.9;655.0;1630.7;0.2;1298.0;1;8
6;42;7.4;267.4;664.0;1676.3;0.2;1298.0;0;8
6;43;7.6;247.6;554.0;1582.1;0.2;1298.0;0;8
6;44;7.1;266.8;630.0;1601.1;0.2;1268.0;1;9
6;45;7.1;254.2;580.0;1537.7;0.2;1262.0;1;10
6;46;6.6;271.9;603.0;1525.7;0.2;1250.0;1;11
6;47;7.3;252.2;580.0;1550.6;0.2;1250.0;0;11
6;48;7.3;245.0;511.0;1524.6;0.2;1250.0;0;11
6;49;7.9;234.2;532.0;1552.1;0.2;1250.0;0;11
6;50;6.8;260.8;598.0;1520.1;0.2;1224.0;1;12
6;51;6.6;265.1;587.0;1500.4;0.2;1219.0;1;13
6;52;6.2;277.2;589.0;1482.3;0.2;1218.0;1;14
6;53;6.9;253.7;560.0;1488.4;0.2;1218.0;0;14
6;54;6.5;272.1;609.0;1504.1;0.2;1209.0;1;15
6;55;6.5;272.8;613.0;1525.6;0.2;1209.0;0;15
6;56;6.4;271.4;579.0;1480.3;0.2;1209.0;0;15
6;57;6.1;278.4;589.0;1456.1;0.2;1188.0;1;16
6;58;6.4;266.6;555.0;1466.0;0.2;1188.0;0;16
6;59;5.8;291.4;602.0;1448.9;0.2;1188.0;0;16
6;60;6.8;259.7;564.0;1504.7;0.2;1188.0;0;16
6;61;7.3;237.4;623.0;1471.0;0.2;1188.0;0;16
6;62;8.3;194.1;427.0;1351.9;0.1;1177.0;1;17
6;63;7.6;222.2;526.0;1431.9;0.2;1177.0;0;17
6;64;16.6;92.4;215.0;1248.4;0.1;1177.0;0;17
6;65;11.8;134.6;346.0;1305.9;0.1;1173.0;1;18
6;66;6.2;262.2;632.0;1398.1;0.2;1173.0;0;18
6;67;9.9;162.7;446.0;1339.4;0.1;1173.0;0;18
6;68;11.9;141.9;366.0;1389.4;0.1;1173.0;0;18
6;69;10.8;141.5;343.0;1268.9;0.1;1171.0;1;19
6;70;10.1;154.3;376.0;1292.4;0.1;1171.0;0;19
6;71;7.8;209.4;519.0;1376.9;0.2;1171.0;0;19
6;72;26.0;58.5;143.0;1217.6;0.0;1171.0;0;19
6;73;10.0;155.0;352.0;1290.3;0.1;1171.0;0;19
6;74;27.7;54.8;127.0;1213.6;0.0;1171.0;0;19
6;75;14.2;107.1;245.0;1243.9;0.1;1171.0;0;19
6;76;26.5;57.3;133.0;1216.7;0.0;1171.0;0;19
6;77;19.7;77.3;173.0;1228.9;0.1;1171.0;0;19
6;78;27.6;55.0;132.0;1212.1;0.0;1167.0;1;20
6;79;22.6;67.1;158.0;1218.3;0.1;1167.0;0;20
6;80;12.6;120.7;328.0;1250.7;0.1;1167.0;0;20
6;81;7.2;215.6;506.0;1314.3;0.2;1167.0;0;20
6;82;8.0;195.7;453.0;1320.0;0.1;1167.0;0;20
6;83;7.7;205.2;500.0;1327.6;0.2;1167.0;0;20
6;84;10.3;148.2;347.0;1271.6;0.1;1167.0;0;20
6;85;10.1;152.9;359.0;1278.1;0.1;1164.0;1;21
6;86;10.4;150.7;375.0;1301.6;0.1;1164.0;0;21
6;87;10.0;153.7;346.0;1280.1;0.1;1164.0;0;21
6;88;8.8;180.1;436.0;1325.9;0.1;1164.0;0;21
6;89;12.2;125.6;381.0;1256.7;0.1;1164.0;0;21
6;90;10.5;145.3;415.0;1259.6;0.1;1164.0;0;21
6;91;10.1;149.3;441.0;1247.7;0.1;1164.0;0;21
6;92;15.5;96.4;286.0;1216.6;0.1;1164.0;0;21
6;93;10.4;147.6;437.0;1274.1;0.1;1164.0;0;21
6;94;10.1;148.6;437.0;1246.6;0.1;1164.0;0;21
6;95;17.6;84.7;245.0;1210.6;0.1;1164.0;0;21
6;96;17.9;83.7;243.0;1213.4;0.1;1164.0;0;21
6;97;5.5;286.5;878.0;1372.1;0.2;1164.0;0;21
6;98;19.2;78.4;234.0;1214.7;0.1;1164.0;0;21
6;99;18.7;79.8;231.0;1209.0;0.1;1164.0;0;21
7;0;13.1;208.4;532.0;2231.1;0.1;1889.0;1;1
7;1;12.3;221.1;614.0;2240.1;0.1;1787.0;1;2
7;2;11.8;223.0;567.0;2167.3;0.1;1774.0;1;3
7;3;12.4;215.1;521.0;2198.9;0.1;1774.0;0;3
7;4;11.1;235.4;560.0;2152.0;0.1;1770.0;1;4
7;5;13.4;200.9;545.0;2208.0;0.1;1770.0;0;4
7;6;11.8;224.5;610.0;2186.7;0.1;1770.0;0;4
7;7;13.1;202.5;507.0;2173.7;0.1;1770.0;0;4
7;8;9.6;267.7;660.0;2149.0;0.1;1699.0;1;5
7;9;13.7;191.0;478.0;2147.7;0.1;1699.0;0;5
7;10;13.1;202.3;519.0;2167.0;0.1;1699.0;0;5
7;11;11.1;241.6;563.0;2225.6;0.1;1699.0;0;5
7;12;15.3;167.1;407.0;2081.1;0.1;1699.0;0;5
7;13;16.2;154.0;421.0;2031.1;0.1;1699.0;0;5
7;14;13.5;185.1;460.0;2050.7;0.1;1699.0;0;5
7;15;10.4;230.7;533.0;1997.4;0.1;1683.0;1;6
7;16;11.4;216.7;512.0;2039.7;0.1;1683.0;0;6
7;17;11.4;213.0;510.0;2005.6;0.1;1683.0;0;6
7;18;11.4;210.7;491.0;1989.7;0.1;1683.0;0;6
7;19;9.7;241.0;609.0;1955.1;0.1;1616.0;1;7
7;20;10.6;231.2;570.0;2030.0;0.1;1616.0;0;7
7;21;10.9;218.1;551.0;1960.6;0.1;1603.0;1;8
7;22;12.0;197.4;506.0;1944.1;0.1;1603.0;0;8
7;23;11.2;204.2;509.0;1885.7;0.1;1558.0;1;9
7;24;9.6;230.5;553.0;1838.6;0.1;1500.0;1;10
7;25;8.7;266.4;612.0;1940.4;0.1;1500.0;0;10
7;26;9.6;243.5;600.0;1943.4;0.1;1500.0;0;10
7;27;8.0;278.4;650.0;1881.7;0.1;1494.0;1;11
7;28;8.6;265.6;647.0;1907.1;0.1;1494.0;0;11
7;29;7.5;296.0;702.0;1872.3;0.2;1494.0;0;11
7;30;11.2;205.3;570.0;1898.6;0.1;1494.0;0;11
7;31;8.7;267.0;568.0;1956.6;0.1;1494.0;0;11
7;32;9.1;250.2;584.0;1897.3;0.1;1494.0;0;11
7;33;9.1;243.5;568.0;1842.7;0.1;1494.0;0;11
7;34;10.5;208.0;467.0;1813.6;0.1;1494.0;0;11
7;35;8.3;249.0;735.0;1728.3;0.1;1277.0;1;12
7;36;11.4;182.0;423.0;1716.6;0.1;1277.0;0;12
7;37;6.3;333.8;752.0;1796.1;0.2;1277.0;0;12
7;38;10.2;220.4;503.0;1866.4;0.1;1277.0;0;12
7;39;9.8;219.3;541.0;1785.9;0.1;1277.0;0;12
7;40;9.7;214.0;469.0;1734.3;0.1;1277.0;0;12
7;41;10.0;211.4;566.0;1753.1;0.1;1277.0;0;12
7;42;7.0;289.7;789.0;1719.1;0.2;1261.0;1;13
7;43;7.0;285.8;692.0;1701.9;0.2;1261.0;0;13
7;44;8.2;245.4;579.0;1699.7;0.1;1261.0;0;13
7;45;6.2;320.9;667.0;1712.0;0.2;1261.0;0;13
7;46;7.9;254.9;666.0;1700.6;0.1;1261.0;0;13
7;47;6.2;321.2;762.0;1704.0;0.2;1261.0;0;13
7;48;6.6;295.4;696.0;1674.4;0.2;1261.0;0;13
7;49;8.0;243.3;606.0;1644.6;0.1;1261.0;0;13
7;50;7.0;275.2;595.0;1642.7;0.2;1261.0;0;13
7;51;8.1;242.1;555.0;1648.9;0.1;1261.0;0;13
7;52;7.3;263.5;623.0;1627.7;0.2;1261.0;0;13
7;53;7.9;234.1;536.0;1558.1;0.2;1261.0;0;13
7;54;7.7;238.5;529.0;1554.9;0.2;1261.0;0;13
7;55;6.9;272.0;662.0;1599.0;0.2;1261.0;0;13
7;56;6.9;288.7;678.0;1694.4;0.2;1261.0;0;13
7;57;6.9;294.6;757.0;1719.3;0.2;1261.0;0;13
7;58;5.3;348.5;785.0;1603.1;0.2;1212.0;1;14
7;59;5.4;351.2;823.0;1635.3;0.2;1209.0;1;15
7;60;5.5;342.3;831.0;1637.3;0.2;1187.0;1;16
7;61;7.2;279.2;710.0;1711.0;0.2;1187.0;0;16
7;62;8.7;196.7;466.0;1430.0;0.1;1187.0;0;16
7;63;9.3;184.3;441.0;1437.3;0.1;1187.0;0;16
7;64;7.4;243.4;643.0;1522.9;0.2;1187.0;0;16
7;65;6.7;270.4;785.0;1543.0;0.2;1179.0;1;17
7;66;8.6;204.6;474.0;1478.6;0.1;1179.0;0;17
7;67;5.8;300.7;761.0;1514.4;0.2;1179.0;0;17
7;68;5.5;332.1;826.0;1577.1;0.2;1179.0;0;17
7;69;7.1;279.2;730.0;1677.9;0.2;1179.0;0;17
7;70;5.2;345.6;929.0;1571.1;0.2;1178.0;1;18
7;71;5.1;345.2;857.0;1524.3;0.2;1178.0;0;18
7;72;7.6;245.6;658.0;1577.6;0.2;1178.0;0;18
7;73;7.7;245.3;660.0;1588.1;0.2;1178.0;0;18
7;74;7.3;255.3;738.0;1576.6;0.2;1178.0;0;18
7;75;7.3;252.8;675.0;1557.3;0.2;1178.0;0;18
7;76;5.3;332.8;840.0;1519.3;0.2;1178.0;0;18
7;77;5.2;328.1;806.0;1474.7;0.2;1178.0;0;18
7;78;4.8;365.6;869.0;1548.3;0.2;1178.0;0;18
7;79;5.7;327.2;871.0;1620.4;0.2;1178.0;0;18
7;80;5.1;343.3;835.0;1535.0;0.2;1178.0;0;18
7;81;5.6;320.2;854.0;1558.6;0.2;1178.0;0;18
7;82;6.5;274.2;660.0;1530.1;0.2;1178.0;0;18
7;83;6.7;265.6;692.0;1521.6;0.2;1178.0;0;18
7;84;7.7;202.9;463.0;1324.6;0.2;1178.0;0;18
7;85;4.9;339.9;831.0;1462.4;0.2;1178.0;0;18
7;86;7.4;227.1;596.0;1429.3;0.2;1178.0;0;18
7;87;7.2;230.3;567.0;1405.1;0.2;1178.0;0;18
7;88;6.7;243.0;580.0;1381.3;0.2;1178.0;0;18
7;89;8.3;185.4;545.0;1296.1;0.1;1178.0;0;18
7;90;10.2;147.2;431.0;1245.3;0.1;1174.0;1;19
7;91;11.1;139.3;417.0;1272.9;0.1;1174.0;0;19
7;92;10.7;142.3;426.0;1265.6;0.1;1174.0;0;19
7;93;8.4;180.6;535.0;1275.9;0.1;1174.0;0;19
7;94;10.4;145.4;434.0;1258.9;0.1;1174.0;0;19
7;95;10.6;143.7;431.0;1263.0;0.1;1174.0;0;19
7;96;5.7;271.4;805.0;1333.1;0.2;1174.0;0;19
7;97;9.6;156.6;452.0;1248.7;0.1;1174.0;0;19
7;98;10.0;149.6;444.0;1239.0;0.1;1161.0;1;20
7;99;4.6;326.0;947.0;1331.1;0.2;1161.0;0;20
8;0;9.4;286.0;713.0;2250.4;0.1;1791.0;1;1
8;1;12.0;224.5;552.0;2223.4;0.1;1791.0;0;1
8;2;11.9;226.9;548.0;2225.0;0.1;1791.0;0;1
8;3;13.4;194.8;522.0;2138.4;0.1;1791.0;0;1
8;4;11.2;239.8;603.0;2215.1;0.1;1791.0;0;1
8;5;14.9;182.4;501.0;2220.0;0.1;1791.0;0;1
8;6;10.5;247.3;637.0;2160.9;0.1;1762.0;1;2
8;7;11.6;227.1;587.0;2179.4;0.1;1762.0;0;2
8;8;10.8;236.9;570.0;2118.4;0.1;1729.0;1;3
8;9;11.7;221.0;538.0;2134.7;0.1;1729.0;0;3
8;10;10.1;257.6;674.0;2170.4;0.1;1718.0;1;4
8;11;15.0;181.0;496.0;2211.4;0.1;1718.0;0;4
8;12;11.4;225.4;541.0;2113.1;0.1;1718.0;0;4
8;13;13.8;191.6;500.0;2159.3;0.1;1718.0;0;4
8;14;9.3;262.4;659.0;2040.9;0.1;1646.0;1;5
8;15;10.7;234.3;555.0;2078.0;0.1;1646.0;0;5
8;16;10.2;242.1;596.0;2057.7;0.1;1646.0;0;5
8;17;10.8;224.4;524.0;2000.7;0.1;1646.0;0;5
8;18;9.8;252.8;644.0;2056.9;0.1;1646.0;0;5
8;19;12.3;194.0;491.0;1954.7;0.1;1646.0;0;5
8;20;13.9;176.5;442.0;2004.6;0.1;1646.0;0;5
8;21;11.1;210.8;489.0;1925.9;0.1;1635.0;1;6
8;22;10.9;222.6;545.0;2000.4;0.1;1635.0;0;6
8;23;11.8;203.2;515.0;1979.0;0.1;1635.0;0;6
8;24;12.9;184.9;454.0;1959.6;0.1;1635.0;0;6
8;25;9.0;262.5;586.0;1981.6;0.1;1635.0;0;6
8;26;11.0;217.3;608.0;1980.0;0.1;1613.0;1;7
8;27;6.7;363.4;951.0;2062.6;0.2;1486.0;1;8
8;28;9.5;256.3;635.0;2034.3;0.1;1486.0;0;8
8;29;9.6;244.5;649.0;1951.9;0.1;1486.0;0;8
8;30;9.7;240.4;634.0;1942.9;0.1;1486.0;0;8
8;31;7.8;288.0;804.0;1895.1;0.2;1354.0;1;9
8;32;9.3;241.5;584.0;1873.1;0.1;1354.0;0;9
8;33;9.5;239.1;549.0;1889.1;0.1;1354.0;0;9
8;34;10.1;225.0;548.0;1883.7;0.1;1354.0;0;9
8;35;11.0;207.4;498.0;1888.9;0.1;1354.0;0;9
8;36;8.0;282.6;681.0;1913.4;0.1;1354.0;0;9
8;37;8.7;256.8;593.0;1879.6;0.1;1354.0;0;9
8;38;7.5;279.7;707.0;1775.9;0.2;1345.0;1;10
8;39;9.7;212.8;486.0;1716.1;0.1;1345.0;0;10
8;40;7.5;257.2;604.0;1641.9;0.2;1330.0;1;11
8;41;8.6;236.1;546.0;1697.3;0.1;1330.0;0;11
8;42;7.5;262.9;646.0;1662.0;0.2;1323.0;1;12
8;43;10.1;199.2;476.0;1674.1;0.1;1323.0;0;12
8;44;7.9;247.5;566.0;1645.3;0.2;1323.0;0;12
8;45;8.0;257.4;616.0;1727.1;0.1;1323.0;0;12
8;46;8.6;244.8;587.0;1766.0;0.1;1323.0;0;12
8;47;8.0;258.7;586.0;1745.0;0.1;1323.0;0;12
8;48;9.5;211.6;577.0;1680.3;0.1;1323.0;0;12
8;49;11.5;183.1;418.0;1731.6;0.1;1323.0;0;12
8;50;9.8;207.2;481.0;1683.4;0.1;1323.0;0;12
8;51;6.7;281.6;706.0;1612.9;0.2;1234.0;1;13
8;52;8.2;246.6;586.0;1700.4;0.1;1234.0;0;13
8;53;8.0;242.9;591.0;1642.6;0.1;1234.0;0;13
8;54;8.9;222.2;541.0;1660.1;0.1;1234.0;0;13
8;55;9.9;206.6;481.0;1702.1;0.1;1234.0;0;13
8;56;8.6;229.7;505.0;1658.9;0.1;1234.0;0;13
8;57;9.1;222.8;505.0;1698.3;0.1;1234.0;0;13
8;58;8.3;238.9;567.0;1673.9;0.1;1234.0;0;13
8;59;10.2;196.1;488.0;1659.4;0.1;1234.0;0;13
8;60;9.9;201.7;461.0;1662.4;0.1;1234.0;0;13
8;61;8.6;229.7;649.0;1649.4;0.1;1234.0;0;13
8;62;7.4;263.6;713.0;1662.1;0.2;1234.0;0;13
8;63;6.3;294.6;683.0;1599.6;0.2;1234.0;0;13
8;64;7.6;250.7;677.0;1607.9;0.2;1234.0;0;13
8;65;6.5;281.5;731.0;1562.7;0.2;1234.0;0;13
8;66;7.2;256.4;710.0;1572.6;0.2;1234.0;0;13
8;67;5.7;310.5;808.0;1523.6;0.2;1191.0;1;14
8;68;6.1;279.9;705.0;1471.4;0.2;1191.0;0;14
8;69;7.0;237.8;602.0;1413.1;0.2;1181.0;1;15
8;70;6.4;282.7;759.0;1540.4;0.2;1181.0;0;15
8;71;7.6;245.9;668.0;1577.1;0.2;1181.0;0;15
8;72;5.6;305.1;762.0;1471.4;0.2;1181.0;0;15
8;73;7.0;250.6;651.0;1499.3;0.2;1181.0;0;15
8;74;6.9;251.5;639.0;1470.3;0.2;1181.0;0;15
8;75;10.8;142.1;322.0;1273.0;0.1;1176.0;1;16
8;76;12.0;129.1;295.0;1272.4;0.1;1176.0;0;16
8;77;8.7;188.5;487.0;1374.6;0.1;1176.0;0;16
8;78;14.7;104.3;240.0;1248.7;0.1;1176.0;0;16
8;79;14.8;104.9;240.0;1263.3;0.1;1176.0;0;16
8;80;15.1;100.9;230.0;1244.0;0.1;1176.0;0;16
8;81;4.8;339.6;806.0;1428.3;0.2;1174.0;1;17
8;82;12.6;122.7;283.0;1266.1;0.1;1174.0;0;17
8;83;7.6;205.5;475.0;1319.0;0.2;1172.0;1;18
8;84;44.9;33.9;79.0;1206.6;0.0;1172.0;0;18
8;85;53.6;28.3;65.0;1199.3;0.0;1172.0;0;18
8;86;26.3;57.9;138.0;1218.7;0.0;1172.0;0;18
8;87;25.1;60.6;142.0;1218.7;0.0;1172.0;0;18
8;88;28.5;53.6;124.0;1220.4;0.0;1172.0;0;18
8;89;33.4;45.3;132.0;1205.3;0.0;1172.0;0;18
8;90;32.5;46.5;142.0;1202.6;0.0;1172.0;0;18
8;91;32.9;45.9;136.0;1203.9;0.0;1172.0;0;18
8;92;32.4;46.6;139.0;1202.0;0.0;1172.0;0;18
8;93;37.8;40.0;121.0;1203.6;0.0;1172.0;0;18
8;94;33.4;45.5;139.0;1209.6;0.0;1172.0;0;18
8;95;35.8;42.1;127.0;1199.1;0.0;1172.0;0;18
8;96;33.9;44.4;129.0;1198.6;0.0;1172.0;0;18
8;97;31.4;48.2;140.0;1205.3;0.0;1172.0;0;18
8;98;11.7;127.8;373.0;1233.1;0.1;1172.0;0;18
8;99;62.5;24.2;76.0;1191.6;0.0;1172.0;0;18
9;0;13.6;201.1;563.0;2241.6;0.1;1861.0;1;1
9;1;11.2;242.7;634.0;2241.0;0.1;1790.0;1;2
9;2;11.8;220.9;649.0;2142.4;0.1;1670.0;1;3
9;3;12.7;205.3;547.0;2145.9;0.1;1670.0;0;3
9;4;12.4;223.9;648.0;2287.0;0.1;1670.0;0;3
9;5;13.6;197.1;498.0;2189.1;0.1;1670.0;0;3
9;6;9.7;270.2;705.0;2173.0;0.1;1670.0;0;3
9;7;10.1;265.3;701.0;2221.6;0.1;1670.0;0;3
9;8;11.0;249.2;606.0;2270.7;0.1;1670.0;0;3
9;9;12.4;212.7;585.0;2174.6;0.1;1670.0;0;3
9;10;12.2;217.6;608.0;2179.9;0.1;1670.0;0;3
9;11;9.6;278.8;677.0;2235.1;0.1;1670.0;0;3
9;12;9.6;275.5;726.0;2193.1;0.1;1670.0;0;3
9;13;12.9;205.2;525.0;2168.9;0.1;1670.0;0;3
9;14;8.4;300.4;712.0;2131.0;0.1;1670.0;0;3
9;15;11.9;218.7;573.0;2142.9;0.1;1670.0;0;3
9;16;11.8;217.0;547.0;2112.7;0.1;1670.0;0;3
9;17;10.0;249.8;560.0;2074.0;0.1;1670.0;0;3
9;18;9.7;251.3;580.0;2037.1;0.1;1670.0;0;3
9;19;8.4;293.9;651.0;2067.4;0.1;1670.0;0;3
9;20;9.4;259.4;642.0;2024.6;0.1;1658.0;1;4
9;21;9.2;261.3;672.0;2002.0;0.1;1604.0;1;5
9;22;8.2;288.7;637.0;1994.4;0.1;1604.0;0;5
9;23;9.5;255.5;634.0;2015.0;0.1;1604.0;0;5
9;24;10.4;227.2;520.0;1951.4;0.1;1604.0;0;5
9;25;8.8;275.1;633.0;2021.9;0.1;1604.0;0;5
9;26;8.2;277.4;734.0;1909.9;0.1;1487.0;1;6
9;27;7.7;298.8;731.0;1936.6;0.2;1487.0;0;6
9;28;7.6;297.0;767.0;1908.6;0.2;1413.0;1;7
9;29;8.8;260.6;658.0;1925.0;0.1;1413.0;0;7
9;30;8.6;259.6;624.0;1866.6;0.1;1413.0;0;7
9;31;6.6;328.9;790.0;1844.0;0.2;1347.0;1;8
9;32;8.7;256.6;665.0;1880.7;0.1;1347.0;0;8
9;33;8.9;242.0;605.0;1799.1;0.1;1347.0;0;8
9;34;6.8;316.0;723.0;1841.9;0.2;1347.0;0;8
9;35;11.0;209.5;498.0;1901.0;0.1;1347.0;0;8
9;36;8.3;263.9;682.0;1836.1;0.1;1347.0;0;8
9;37;7.2;285.8;692.0;1755.1;0.2;1347.0;0;8
9;38;6.4;319.2;710.0;1736.4;0.2;1336.0;1;9
9;39;5.8;340.2;744.0;1710.1;0.2;1336.0;0;9
9;40;5.2;377.4;882.0;1722.6;0.2;1287.0;1;10
9;41;5.7;364.5;854.0;1792.9;0.2;1287.0;0;10
9;42;6.1;324.9;826.0;1713.0;0.2;1281.0;1;11
9;43;5.5;341.3;797.0;1637.9;0.2;1249.0;1;12
9;44;7.3;245.3;573.0;1522.4;0.2;1245.0;1;13
9;45;7.8;225.7;518.0;1494.4;0.2;1245.0;0;13
9;46;6.7;262.0;657.0;1501.3;0.2;1190.0;1;14
9;47;7.5;236.3;556.0;1506.9;0.2;1190.0;0;14
9;48;4.9;364.9;817.0;1556.1;0.2;1190.0;0;14
9;49;6.2;289.5;708.0;1545.6;0.2;1190.0;0;14
9;50;7.1;259.7;632.0;1563.7;0.2;1190.0;0;14
9;51;6.1;301.5;652.0;1572.4;0.2;1190.0;0;14
9;52;5.6;336.0;772.0;1639.9;0.2;1190.0;0;14
9;53;6.9;259.4;645.0;1516.4;0.2;1190.0;0;14
9;54;6.7;277.1;684.0;1578.6;0.2;1190.0;0;14
9;55;6.8;263.5;633.0;1531.9;0.2;1190.0;0;14
9;56;5.7;322.8;751.0;1577.7;0.2;1187.0;1;15
9;57;6.3;304.8;763.0;1636.7;0.2;1187.0;0;15
9;58;5.3;327.7;706.0;1514.9;0.2;1187.0;0;15
9;59;5.6;318.9;746.0;1551.6;0.2;1187.0;0;15
9;60;6.8;256.2;629.0;1481.1;0.2;1187.0;0;15
9;61;6.0;293.1;710.0;1524.0;0.2;1187.0;0;15
9;62;5.5;330.2;752.0;1565.6;0.2;1187.0;0;15
9;63;6.0;305.9;733.0;1583.7;0.2;1187.0;0;15
9;64;6.6;254.1;621.0;1441.4;0.2;1187.0;0;15
9;65;5.4;306.8;741.0;1438.9;0.2;1184.0;1;16
9;66;6.4;260.7;646.0;1421.0;0.2;1184.0;0;16
9;67;6.5;244.1;556.0;1349.7;0.2;1184.0;0;16
9;68;9.7;159.3;359.0;1289.7;0.1;1184.0;0;16
9;69;5.9;271.9;639.0;1387.0;0.2;1183.0;1;17
9;70;8.3;190.3;457.0;1325.3;0.1;1174.0;1;18
9;71;5.8;286.9;679.0;1441.6;0.2;1174.0;0;18
9;72;5.0;348.2;839.0;1531.0;0.2;1174.0;0;18
9;73;4.9;329.1;759.0;1411.1;0.2;1174.0;0;18
9;74;4.6;368.1;883.0;1486.3;0.2;1174.0;0;18
9;75;4.5;358.0;835.0;1427.9;0.3;1166.0;1;19
9;76;5.9;313.8;815.0;1587.3;0.2;1166.0;0;19
9;77;4.5;379.3;940.0;1513.0;0.3;1166.0;0;19
9;78;5.9;316.9;857.0;1622.3;0.2;1166.0;0;19
9;79;4.3;382.1;908.0;1469.0;0.3;1166.0;0;19
9;80;4.8;354.0;856.0;1500.6;0.2;1166.0;0;19
9;81;4.5;389.7;979.0;1556.3;0.3;1166.0;0;19
9;82;4.7;369.6;895.0;1528.9;0.2;1166.0;0;19
9;83;9.8;157.2;376.0;1287.7;0.1;1166.0;0;19
9;84;8.6;180.9;413.0;1304.1;0.1;1166.0;0;19
9;85;24.3;62.7;139.0;1219.9;0.1;1166.0;0;19
9;86;24.2;62.7;140.0;1219.9;0.1;1166.0;0;19
9;87;19.8;77.0;187.0;1229.4;0.1;1166.0;0;19
9;88;19.9;76.6;175.0;1229.3;0.1;1166.0;0;19
9;89;90.8;16.6;49.0;1183.4;0.0;1166.0;0;19
9;90;61.8;24.3;75.0;1186.7;0.0;1166.0;0;19
9;91;30.7;49.6;154.0;1214.3;0.0;1166.0;0;19
9;92;25.5;59.0;178.0;1206.0;0.0;1166.0;0;19
9;93;19.0;79.8;245.0;1226.0;0.1;1166.0;0;19
9;94;31.6;48.4;150.0;1217.6;0.0;1166.0;0;19
9;95;29.2;51.7;155.0;1203.3;0.0;1166.0;0;19
9;96;6.6;242.9;704.0;1361.1;0.2;1166.0;0;19
9;97;64.5;23.3;71.0;1185.6;0.0;1166.0;0;19
9;98;66.1;22.8;71.0;1189.1;0.0;1166.0;0;19
9;99;17.3;86.7;251.0;1214.7;0.1;1166.0;0;19
10;0;10.8;252.8;650.0;2259.6;0.1;1847.0;1;1
10;1;10.8;247.0;630.0;2213.6;0.1;1813.0;1;2
10;2;11.9;219.6;619.0;2158.6;0.1;1789.0;1;3
10;3;12.7;206.5;494.0;2161.0;0.1;1789.0;0;3
10;4;11.8;224.7;584.0;2182.1;0.1;1787.0;1;4
10;5;16.1;171.4;452.0;2244.7;0.1;1787.0;0;4
10;6;11.8;218.9;583.0;2136.6;0.1;1756.0;1;5
10;7;12.9;204.2;461.0;2164.3;0.1;1756.0;0;5
10;8;10.2;257.6;639.0;2184.0;0.1;1756.0;0;5
10;9;11.5;234.5;615.0;2216.4;0.1;1756.0;0;5
10;10;14.2;183.6;493.0;2130.0;0.1;1756.0;0;5
10;11;11.4;224.4;646.0;2118.4;0.1;1710.0;1;6
10;12;11.8;218.3;557.0;2124.4;0.1;1710.0;0;6
10;13;13.2;202.9;525.0;2190.9;0.1;1710.0;0;6
10;14;8.7;288.1;747.0;2104.4;0.1;1633.0;1;7
10;15;9.7;252.8;616.0;2049.4;0.1;1633.0;0;7
10;16;9.4;254.9;594.0;2001.4;0.1;1633.0;0;7
10;17;11.7;215.6;464.0;2086.3;0.1;1633.0;0;7
10;18;9.9;250.9;570.0;2068.9;0.1;1633.0;0;7
10;19;11.5;221.2;516.0;2095.9;0.1;1633.0;0;7
10;20;8.3;299.3;710.0;2082.6;0.1;1633.0;0;7
10;21;9.0;278.4;662.0;2088.9;0.1;1633.0;0;7
10;22;8.9;262.3;668.0;1959.0;0.1;1540.0;1;8
10;23;8.7;284.8;629.0;2083.3;0.1;1540.0;0;8
10;24;6.8;341.6;894.0;1986.7;0.2;1467.0;1;9
10;25;7.9;299.9;779.0;1986.7;0.2;1467.0;0;9
10;26;9.1;268.7;631.0;2037.9;0.1;1467.0;0;9
10;27;9.0;269.2;608.0;2024.7;0.1;1467.0;0;9
10;28;7.4;323.8;840.0;2032.9;0.2;1467.0;0;9
10;29;7.6;315.1;794.0;2017.6;0.2;1467.0;0;9
10;30;9.7;248.6;578.0;2005.1;0.1;1467.0;0;9
10;31;7.5;302.0;748.0;1917.4;0.2;1464.0;1;10
10;32;8.6;269.1;590.0;1947.3;0.1;1464.0;0;10
10;33;7.0;314.3;823.0;1868.4;0.2;1321.0;1;11
10;34;7.3;291.4;730.0;1810.1;0.2;1321.0;0;11
10;35;8.9;244.7;617.0;1823.7;0.1;1321.0;0;11
10;36;12.3;186.1;465.0;1889.7;0.1;1321.0;0;11
10;37;11.9;192.3;412.0;1877.4;0.1;1321.0;0;11
10;38;9.5;233.8;507.0;1845.7;0.1;1321.0;0;11
10;39;9.6;216.2;534.0;1729.6;0.1;1321.0;0;11
10;40;7.8;268.9;756.0;1762.9;0.2;1320.0;1;12
10;41;9.1;228.1;586.0;1737.3;0.1;1320.0;0;12
10;42;8.7;224.4;588.0;1643.3;0.1;1313.0;1;13
10;43;14.2;137.1;303.0;1590.6;0.1;1313.0;0;13
10;44;9.2;220.5;473.0;1687.6;0.1;1313.0;0;13
10;45;8.8;222.5;553.0;1642.7;0.1;1313.0;0;13
10;46;12.5;164.8;419.0;1695.4;0.1;1313.0;0;13
10;47;13.6;150.9;359.0;1678.1;0.1;1313.0;0;13
10;48;11.0;182.5;423.0;1654.3;0.1;1313.0;0;13
10;49;12.6;165.6;389.0;1714.1;0.1;1313.0;0;13
10;50;9.5;211.8;560.0;1678.3;0.1;1313.0;0;13
10;51;10.6;184.3;456.0;1619.7;0.1;1313.0;0;13
10;52;14.5;141.3;314.0;1676.7;0.1;1313.0;0;13
10;53;11.7;171.3;443.0;1651.3;0.1;1313.0;0;13
10;54;12.9;149.9;372.0;1581.6;0.1;1313.0;0;13
10;55;11.3;167.6;413.0;1559.4;0.1;1313.0;0;13
10;56;8.0;248.6;662.0;1682.0;0.1;1313.0;0;13
10;57;8.0;261.9;571.0;1772.0;0.1;1313.0;0;13
10;58;13.1;153.7;341.0;1654.3;0.1;1313.0;0;13
10;59;9.5;195.0;433.0;1545.7;0.1;1313.0;0;13
10;60;13.4;144.4;340.0;1590.0;0.1;1313.0;0;13
10;61;13.4;144.0;335.0;1575.6;0.1;1313.0;0;13
10;62;11.1;160.3;388.0;1473.6;0.1;1253.0;1;14
10;63;13.4;139.3;355.0;1529.3;0.1;1253.0;0;14
10;64;13.0;138.0;355.0;1469.4;0.1;1253.0;0;14
10;65;10.2;183.4;499.0;1552.1;0.1;1253.0;0;14
10;66;9.5;196.6;508.0;1556.6;0.1;1253.0;0;14
10;67;8.3;207.5;563.0;1441.7;0.1;1202.0;1;15
10;68;8.9;198.6;519.0;1480.7;0.1;1202.0;0;15
10;69;7.5;240.1;655.0;1522.0;0.2;1202.0;0;15
10;70;6.3;272.5;713.0;1476.4;0.2;1200.0;1;16
10;71;10.8;159.2;409.0;1425.6;0.1;1200.0;0;16
10;72;8.5;198.7;515.0;1415.4;0.1;1200.0;0;16
10;73;5.6;317.1;775.0;1525.7;0.2;1200.0;0;16
10;74;4.9;360.3;897.0;1537.4;0.2;1190.0;1;17
10;75;8.3;213.8;527.0;1489.6;0.1;1190.0;0;17
10;76;7.6;221.4;555.0;1417.9;0.2;1190.0;0;17
10;77;7.5;221.7;559.0;1401.0;0.2;1186.0;1;18
10;78;7.5;225.3;558.0;1422.0;0.2;1186.0;0;18
10;79;6.8;233.8;554.0;1360.0;0.2;1178.0;1;19
10;80;6.8;239.6;578.0;1388.0;0.2;1174.0;1;20
10;81;7.2;227.8;561.0;1389.7;0.2;1174.0;0;20
10;82;6.6;243.7;565.0;1364.7;0.2;1174.0;0;20
10;83;6.3;250.5;574.0;1347.1;0.2;1174.0;0;20
10;84;8.5;187.2;448.0;1332.4;0.1;1174.0;0;20
10;85;5.8;285.9;700.0;1432.3;0.2;1174.0;0;20
10;86;6.2;262.1;652.0;1392.3;0.2;1174.0;0;20
10;87;10.7;144.8;337.0;1285.9;0.1;1174.0;0;20
10;88;12.9;120.2;279.0;1269.9;0.1;1174.0;0;20
10;89;15.9;95.0;279.0;1228.0;0.1;1174.0;0;20
10;90;15.6;96.2;280.0;1222.6;0.1;1174.0;0;20
10;91;24.5;61.6;185.0;1208.1;0.1;1173.0;1;21
10;92;24.6;61.5;189.0;1215.0;0.1;1169.0;1;22
10;93;26.8;55.8;167.0;1198.9;0.0;1168.0;1;23
10;94;29.0;52.3;160.0;1213.7;0.0;1168.0;0;23
10;95;32.9;46.8;156.0;1226.1;0.0;1168.0;0;23
10;96;28.6;52.1;149.0;1191.3;0.0;1168.0;0;23
10;97;30.2;49.8;144.0;1201.0;0.0;1168.0;0;23
10;98;29.6;50.8;153.0;1199.6;0.0;1168.0;0;23
10;99;34.2;44.0;127.0;1198.3;0.0;1168.0;0;23
11;0;9.6;277.5;674.0;2211.6;0.1;1735.0;1;1
11;1;12.2;219.0;575.0;2205.9;0.1;1735.0;0;1
11;2;12.1;220.8;605.0;2190.9;0.1;1735.0;0;1
11;3;12.9;206.9;536.0;2193.7;0.1;1735.0;0;1
11;4;12.9;199.8;521.0;2111.6;0.1;1735.0;0;1
11;5;12.5;208.9;478.0;2137.9;0.1;1735.0;0;1
11;6;12.9;207.3;524.0;2195.4;0.1;1735.0;0;1
11;7;12.0;222.6;534.0;2196.6;0.1;1735.0;0;1
11;8;10.4;261.2;702.0;2255.7;0.1;1735.0;0;1
11;9;11.3;230.1;569.0;2145.3;0.1;1735.0;0;1
11;10;10.9;246.0;629.0;2216.7;0.1;1735.0;0;1
11;11;13.3;194.5;495.0;2117.6;0.1;1735.0;0;1
11;12;12.5;211.2;536.0;2167.9;0.1;1735.0;0;1
11;13;12.2;209.4;493.0;2097.0;0.1;1735.0;0;1
11;14;10.9;227.9;573.0;2063.7;0.1;1735.0;0;1
11;15;11.6;219.0;510.0;2094.9;0.1;1735.0;0;1
11;16;11.3;214.8;532.0;2007.7;0.1;1701.0;1;2
11;17;9.0;276.4;647.0;2072.1;0.1;1701.0;0;2
11;18;10.9;224.8;555.0;2026.6;0.1;1701.0;0;2
11;19;9.4;256.7;626.0;2017.3;0.1;1674.0;1;3
11;20;10.6;229.1;550.0;2018.1;0.1;1674.0;0;3
11;21;9.2;265.8;606.0;2044.0;0.1;1674.0;0;3
11;22;9.3;260.3;632.0;2017.9;0.1;1615.0;1;4
11;23;8.8;275.1;631.0;2019.9;0.1;1615.0;0;4
11;24;8.9;265.0;618.0;1976.3;0.1;1603.0;1;5
11;25;12.4;193.3;474.0;1969.4;0.1;1603.0;0;5
11;26;8.5;273.4;643.0;1953.6;0.1;1592.0;1;6
11;27;8.9;259.1;611.0;1936.0;0.1;1577.0;1;7
11;28;8.1;289.8;718.0;1973.9;0.1;1532.0;1;8
11;29;7.9;287.9;679.0;1908.9;0.2;1505.0;1;9
11;30;9.7;241.7;579.0;1958.9;0.1;1505.0;0;9
11;31;8.8;255.6;658.0;1874.9;0.1;1476.0;1;10
11;32;8.9;247.6;541.0;1853.4;0.1;1476.0;0;10
11;33;7.3;286.8;644.0;1770.3;0.2;1400.0;1;11
11;34;8.9;241.2;575.0;1801.4;0.1;1400.0;0;11
11;35;8.4;252.5;605.0;1782.9;0.1;1400.0;0;11
11;36;10.6;222.4;531.0;1947.6;0.1;1400.0;0;11
11;37;11.2;194.6;476.0;1807.6;0.1;1400.0;0;11
11;38;8.0;262.9;630.0;1761.9;0.1;1366.0;1;12
11;39;10.5;198.3;508.0;1731.4;0.1;1366.0;0;12
11;40;6.1;312.8;713.0;1651.6;0.2;1318.0;1;13
11;41;6.8;289.2;655.0;1664.9;0.2;1318.0;0;13
11;42;7.3;276.8;652.0;1710.0;0.2;1318.0;0;13
11;43;8.2;245.0;555.0;1688.7;0.1;1318.0;0;13
11;44;7.6;257.5;565.0;1662.7;0.2;1318.0;0;13
11;45;8.0;240.3;573.0;1621.1;0.1;1318.0;0;13
11;46;7.0;264.0;620.0;1562.7;0.2;1261.0;1;14
11;47;8.6;224.9;535.0;1627.7;0.1;1261.0;0;14
11;48;9.0;211.3;538.0;1589.3;0.1;1261.0;0;14
11;49;7.5;253.1;604.0;1598.9;0.2;1261.0;0;14
11;50;7.1;275.1;666.0;1657.7;0.2;1261.0;0;14
11;51;6.8;277.9;633.0;1600.9;0.2;1261.0;0;14
11;52;6.7;278.7;617.0;1584.6;0.2;1261.0;0;14
11;53;5.1;354.1;786.0;1582.9;0.2;1240.0;1;15
11;54;7.2;262.9;654.0;1610.0;0.2;1240.0;0;15
11;55;5.7;315.3;672.0;1539.7;0.2;1240.0;0;15
11;56;5.9;314.8;658.0;1591.4;0.2;1240.0;0;15
11;57;7.3;258.5;625.0;1605.7;0.2;1240.0;0;15
11;58;6.5;287.8;700.0;1598.7;0.2;1238.0;1;16
11;59;8.1;218.8;507.0;1490.0;0.1;1238.0;0;16
11;60;7.2;240.1;506.0;1464.6;0.2;1238.0;0;16
11;61;6.6;269.6;639.0;1520.7;0.2;1238.0;0;16
11;62;5.9;299.0;643.0;1527.4;0.2;1238.0;0;16
11;63;6.7;258.9;601.0;1482.1;0.2;1220.0;1;17
11;64;6.9;273.0;706.0;1604.3;0.2;1220.0;0;17
11;65;5.6;316.7;783.0;1528.7;0.2;1220.0;0;17
11;66;6.4;267.0;659.0;1460.3;0.2;1220.0;0;17
11;67;5.7;302.1;773.0;1486.9;0.2;1210.0;1;18
11;68;6.5;262.0;666.0;1464.7;0.2;1207.0;1;19
11;69;4.8;364.4;876.0;1526.3;0.2;1200.0;1;20
11;70;6.8;258.5;691.0;1500.1;0.2;1200.0;0;20
11;71;5.4;312.0;804.0;1449.9;0.2;1200.0;0;20
11;72;5.2;338.2;831.0;1521.9;0.2;1200.0;0;20
11;73;5.6;316.0;781.0;1540.3;0.2;1200.0;0;20
11;74;4.8;360.5;890.0;1506.0;0.2;1200.0;0;20
11;75;5.2;327.5;778.0;1470.0;0.2;1200.0;0;20
11;76;5.9;299.8;777.0;1520.1;0.2;1200.0;0;20
11;77;5.6;318.5;840.0;1554.6;0.2;1200.0;0;20
11;78;5.2;333.7;815.0;1497.7;0.2;1198.0;1;21
11;79;5.9;296.1;765.0;1508.3;0.2;1193.0;1;22
11;80;6.6;272.0;690.0;1528.1;0.2;1193.0;0;22
11;81;4.3;390.1;904.0;1495.4;0.3;1193.0;0;22
11;82;5.2;328.7;798.0;1481.4;0.2;1193.0;0;22
11;83;5.7;300.9;755.0;1488.1;0.2;1191.0;1;23
11;84;5.1;329.2;787.0;1472.3;0.2;1191.0;0;23
11;85;6.0;283.0;669.0;1470.1;0.2;1191.0;0;23
11;86;5.2;329.8;825.0;1495.9;0.2;1191.0;0;23
11;87;5.9;279.5;654.0;1423.6;0.2;1191.0;0;23
11;88;5.2;356.4;906.0;1618.9;0.2;1191.0;0;23
11;89;6.0;272.2;837.0;1405.4;0.2;1191.0;0;23
11;90;5.5;290.8;882.0;1396.6;0.2;1185.0;1;24
11;91;6.4;250.0;745.0;1369.7;0.2;1185.0;0;24
11;92;8.5;190.1;596.0;1363.0;0.1;1185.0;0;24
11;93;5.4;289.2;862.0;1349.6;0.2;1185.0;0;24
11;94;6.1;265.7;813.0;1385.9;0.2;1185.0;0;24
11;95;6.1;252.4;753.0;1320.7;0.2;1182.0;1;25
11;96;5.2;290.5;845.0;1321.1;0.2;1182.0;0;25
11;97;6.2;251.0;751.0;1342.3;0.2;1177.0;1;26
11;98;5.2;289.4;846.0;1318.4;0.2;1177.0;0;26
11;99;7.1;227.7;713.0;1376.3;0.2;1177.0;0;26
12;0;10.5;253.8;704.0;2218.6;0.1;1734.0;1;1
12;1;10.8;253.0;606.0;2254.3;0.1;1734.0;0;1
12;2;10.6;253.1;671.0;2228.1;0.1;1734.0;0;1
12;3;12.3;221.9;627.0;2240.6;0.1;1734.0;0;1
12;4;13.8;190.9;493.0;2156.0;0.1;1734.0;0;1
12;5;11.2;238.5;641.0;2201.0;0.1;1734.0;0;1
12;6;11.2;237.9;597.0;2207.7;0.1;1734.0;0;1
12;7;11.4;226.8;636.0;2125.4;0.1;1656.0;1;2
12;8;15.4;174.6;426.0;2187.0;0.1;1656.0;0;2
12;9;11.0;234.0;599.0;2135.6;0.1;1656.0;0;2
12;10;9.8;263.7;634.0;2148.3;0.1;1656.0;0;2
12;11;10.2;259.4;680.0;2188.9;0.1;1656.0;0;2
12;12;13.5;192.8;504.0;2134.6;0.1;1656.0;0;2
12;13;11.1;230.9;594.0;2125.7;0.1;1656.0;0;2
12;14;10.4;228.4;563.0;1970.0;0.1;1644.0;1;3
12;15;9.2;260.1;604.0;1998.9;0.1;1644.0;0;3
12;16;13.3;185.6;438.0;2020.7;0.1;1644.0;0;3
12;17;8.6;279.7;707.0;2025.9;0.1;1632.0;1;4
12;18;12.2;200.3;506.0;2008.3;0.1;1632.0;0;4
12;19;10.4;231.5;548.0;1996.6;0.1;1632.0;0;4
12;20;10.3;226.7;523.0;1938.1;0.1;1625.0;1;5
12;21;9.0;260.6;687.0;1955.0;0.1;1554.0;1;6
12;22;10.5;236.6;657.0;2053.6;0.1;1554.0;0;6
12;23;10.7;219.8;543.0;1954.9;0.1;1554.0;0;6
12;24;12.7;186.3;436.0;1944.6;0.1;1554.0;0;6
12;25;12.2;194.9;445.0;1955.7;0.1;1554.0;0;6
12;26;9.6;230.7;640.0;1847.0;0.1;1417.0;1;7
12;27;9.2;246.6;717.0;1899.6;0.1;1417.0;0;7
12;28;11.7;201.1;453.0;1943.0;0.1;1417.0;0;7
12;29;9.8;240.5;612.0;1957.9;0.1;1417.0;0;7
12;30;8.9;253.4;662.0;1890.6;0.1;1417.0;0;7
12;31;9.6;237.6;558.0;1900.7;0.1;1417.0;0;7
12;32;9.9;225.4;537.0;1847.9;0.1;1417.0;0;7
12;33;8.8;248.2;553.0;1824.0;0.1;1417.0;0;7
12;34;8.5;250.1;630.0;1781.7;0.1;1386.0;1;8
12;35;11.0;203.5;474.0;1856.1;0.1;1386.0;0;8
12;36;10.8;203.4;454.0;1812.4;0.1;1386.0;0;8
12;37;9.6;226.7;502.0;1808.4;0.1;1386.0;0;8
12;38;8.8;240.6;583.0;1775.4;0.1;1386.0;0;8
12;39;12.3;175.4;395.0;1776.1;0.1;1386.0;0;8
12;40;11.6;187.1;464.0;1791.3;0.1;1386.0;0;8
12;41;10.8;197.9;505.0;1763.4;0.1;1386.0;0;8
12;42;8.0;243.5;549.0;1632.9;0.1;1386.0;0;8
12;43;12.2;164.8;413.0;1659.4;0.1;1386.0;0;8
12;44;13.2;135.8;297.0;1466.1;0.1;1328.0;1;9
12;45;13.4;135.8;301.0;1490.3;0.1;1328.0;0;9
12;46;13.2;137.3;300.0;1487.1;0.1;1328.0;0;9
12;47;10.1;178.8;426.0;1498.9;0.1;1288.0;1;10
12;48;13.2;145.0;353.0;1565.1;0.1;1288.0;0;10
12;49;11.4;169.1;410.0;1593.0;0.1;1288.0;0;10
12;50;10.0;183.4;472.0;1518.9;0.1;1274.0;1;11
12;51;11.7;157.8;414.0;1519.6;0.1;1274.0;0;11
12;52;12.5;144.1;326.0;1474.4;0.1;1274.0;0;11
12;53;12.4;143.4;378.0;1462.9;0.1;1253.0;1;12
12;54;13.4;134.5;294.0;1473.0;0.1;1253.0;0;12
12;55;12.1;150.6;334.0;1500.7;0.1;1253.0;0;12
12;56;13.0;140.7;339.0;1504.3;0.1;1253.0;0;12
12;57;13.0;133.7;316.0;1428.7;0.1;1253.0;0;12
12;58;12.1;154.9;357.0;1542.1;0.1;1253.0;0;12
12;59;10.7;165.3;426.0;1470.7;0.1;1253.0;0;12
12;60;15.1;119.4;273.0;1473.0;0.1;1253.0;0;12
12;61;13.3;134.5;303.0;1466.4;0.1;1253.0;0;12
12;62;11.7;149.9;344.0;1443.3;0.1;1253.0;0;12
12;63;11.0;159.6;367.0;1450.9;0.1;1253.0;0;12
12;64;9.5;181.5;448.0;1438.7;0.1;1253.0;0;12
12;65;11.0;155.6;403.0;1417.3;0.1;1253.0;0;12
12;66;10.9;155.1;370.0;1396.0;0.1;1253.0;0;12
12;67;13.9;126.3;316.0;1433.0;0.1;1253.0;0;12
12;68;11.7;153.2;374.0;1483.6;0.1;1253.0;0;12
12;69;14.2;130.4;352.0;1513.3;0.1;1253.0;0;12
12;70;9.2;183.0;494.0;1409.3;0.1;1246.0;1;13
12;71;16.8;98.4;234.0;1338.7;0.1;1246.0;0;13
12;72;16.5;101.5;243.0;1357.7;0.1;1246.0;0;13
12;73;15.6;103.6;264.0;1318.3;0.1;1218.0;1;14
12;74;16.4;98.5;231.0;1316.0;0.1;1218.0;0;14
12;75;12.2;132.7;344.0;1336.6;0.1;1190.0;1;15
12;76;10.7;144.1;327.0;1281.7;0.1;1183.0;1;16
12;77;11.5;141.7;381.0;1346.1;0.1;1183.0;0;16
12;78;14.9;109.9;260.0;1332.4;0.1;1183.0;0;16
12;79;14.7;111.4;257.0;1335.7;0.1;1183.0;0;16
12;80;7.5;217.0;549.0;1380.9;0.2;1176.0;1;17
12;81;6.6;241.2;663.0;1368.7;0.2;1176.0;0;17
12;82;7.0;237.3;580.0;1404.1;0.2;1176.0;0;17
12;83;11.0;147.1;402.0;1338.6;0.1;1176.0;0;17
12;84;5.4;302.8;705.0;1417.0;0.2;1176.0;0;17
12;85;5.8;276.1;701.0;1379.6;0.2;1176.0;0;17
12;86;7.9;205.0;509.0;1369.9;0.1;1176.0;0;17
12;87;4.7;353.5;865.0;1467.0;0.2;1176.0;0;17
12;88;5.3;302.1;745.0;1397.3;0.2;1176.0;0;17
12;89;4.8;324.7;955.0;1365.9;0.2;1176.0;0;17
12;90;6.3;238.7;691.0;1281.4;0.2;1175.0;1;18
12;91;5.2;297.2;885.0;1338.9;0.2;1175.0;0;18
12;92;5.2;303.1;921.0;1360.1;0.2;1175.0;0;18
12;93;7.2;206.9;599.0;1270.7;0.2;1175.0;0;18
12;94;4.7;345.7;1040.0;1417.0;0.2;1174.0;1;19
12;95;5.1;328.4;928.0;1466.7;0.2;1169.0;1;20
12;96;5.6;295.4;896.0;1439.3;0.2;1169.0;0;20
12;97;9.0;192.7;594.0;1448.9;0.1;1169.0;0;20
12;98;6.1;261.9;768.0;1370.4;0.2;1169.0;0;20
12;99;6.8;226.7;688.0;1318.3;0.2;1169.0;0;20
13;0;13.8;196.8;527.0;2225.1;0.1;1898.0;1;1
13;1;11.0;245.2;603.0;2223.1;0.1;1834.0;1;2
13;2;15.0;180.0;483.0;2200.6;0.1;1834.0;0;2
13;3;10.1;269.5;633.0;2270.7;0.1;1834.0;0;2
13;4;14.4;191.5;521.0;2250.7;0.1;1834.0;0;2
13;5;11.4;228.0;605.0;2152.3;0.1;1779.0;1;3
13;6;12.4;210.9;558.0;2148.3;0.1;1779.0;0;3
13;7;13.4;195.1;539.0;2144.7;0.1;1779.0;0;3
13;8;13.7;191.4;539.0;2145.1;0.1;1779.0;0;3
13;9;11.5;230.4;565.0;2180.9;0.1;1779.0;0;3
13;10;11.5;229.9;630.0;2186.1;0.1;1779.0;0;3
13;11;10.5;245.9;613.0;2132.4;0.1;1706.0;1;4
13;12;11.7;234.7;588.0;2260.0;0.1;1706.0;0;4
13;13;13.2;199.2;487.0;2158.0;0.1;1706.0;0;4
13;14;10.7;243.2;596.0;2152.1;0.1;1706.0;0;4
13;15;12.5;200.4;490.0;2064.0;0.1;1706.0;0;4
13;16;8.3;311.8;782.0;2174.7;0.1;1688.0;1;5
13;17;10.3;244.2;583.0;2079.9;0.1;1688.0;0;5
13;18;10.5;241.2;570.0;2097.7;0.1;1688.0;0;5
13;19;10.0;248.1;651.0;2061.0;0.1;1659.0;1;6
13;20;10.5;242.6;596.0;2106.3;0.1;1659.0;0;6
13;21;10.0;246.8;629.0;2053.3;0.1;1649.0;1;7
13;22;8.5;287.4;646.0;2060.9;0.1;1649.0;0;7
13;23;9.3;270.7;705.0;2095.6;0.1;1649.0;0;7
13;24;9.2;264.9;601.0;2040.7;0.1;1649.0;0;7
13;25;8.9;262.1;676.0;1942.9;0.1;1519.0;1;8
13;26;9.1;258.4;620.0;1963.6;0.1;1519.0;0;8
13;27;8.3;279.8;684.0;1947.0;0.1;1519.0;0;8
13;28;7.7;286.7;711.0;1874.1;0.2;1437.0;1;9
13;29;8.9;253.6;570.0;1879.7;0.1;1437.0;0;9
13;30;11.6;192.1;422.0;1839.0;0.1;1437.0;0;9
13;31;8.0;273.2;615.0;1834.4;0.1;1437.0;0;9
13;32;8.8;243.2;559.0;1785.6;0.1;1437.0;0;9
13;33;12.9;170.3;406.0;1807.1;0.1;1437.0;0;9
13;34;9.3;225.2;510.0;1743.1;0.1;1436.0;1;10
13;35;7.3;290.2;762.0;1785.0;0.2;1286.0;1;11
13;36;11.5;185.0;465.0;1760.7;0.1;1286.0;0;11
13;37;12.2;177.5;471.0;1783.6;0.1;1286.0;0;11
13;38;9.2;227.5;524.0;1745.3;0.1;1286.0;0;11
13;39;9.3;224.9;635.0;1750.6;0.1;1286.0;0;11
13;40;8.3;246.3;541.0;1718.9;0.1;1286.0;0;11
13;41;8.9;231.7;504.0;1732.1;0.1;1286.0;0;11
13;42;6.8;290.4;686.0;1677.1;0.2;1286.0;0;11
13;43;8.2;244.9;612.0;1694.9;0.1;1286.0;0;11
13;44;8.3;237.2;598.0;1663.1;0.1;1286.0;0;11
13;45;8.7;219.7;502.0;1602.6;0.1;1286.0;0;11
13;46;11.8;172.5;439.0;1670.9;0.1;1286.0;0;11
13;47;8.4;246.8;591.0;1745.4;0.1;1286.0;0;11
13;48;9.7;219.9;632.0;1776.4;0.1;1286.0;0;11
13;49;7.6;257.5;589.0;1658.9;0.2;1286.0;0;11
13;50;5.8;336.5;727.0;1689.3;0.2;1286.0;0;11
13;51;7.3;273.6;612.0;1700.6;0.2;1286.0;0;11
13;52;5.8;333.4;777.0;1670.6;0.2;1286.0;0;11
13;53;7.2;275.8;627.0;1681.4;0.2;1286.0;0;11
13;54;6.1;314.9;693.0;1644.7;0.2;1286.0;0;11
13;55;7.0;271.8;637.0;1611.9;0.2;1286.0;0;11
13;56;5.9;319.6;712.0;1624.0;0.2;1281.0;1;12
13;57;6.3;305.5;724.0;1653.1;0.2;1279.0;1;13
13;58;7.0;282.7;675.0;1673.9;0.2;1279.0;0;13
13;59;10.2;186.7;450.0;1581.6;0.1;1279.0;0;13
13;60;11.6;162.5;409.0;1551.0;0.1;1279.0;0;13
13;61;9.5;205.8;486.0;1623.3;0.1;1279.0;0;13
13;62;9.1;217.7;600.0;1662.4;0.1;1279.0;0;13
13;63;7.1;258.8;623.0;1570.1;0.2;1256.0;1;14
13;64;8.3;220.3;585.0;1530.6;0.1;1256.0;0;14
13;65;6.9;271.9;666.0;1590.9;0.2;1256.0;0;14
13;66;7.7;239.7;618.0;1558.7;0.2;1256.0;0;14
13;67;6.9;252.4;622.0;1483.9;0.2;1256.0;0;14
13;68;5.9;312.7;791.0;1592.9;0.2;1256.0;0;14
13;69;7.2;240.5;616.0;1473.0;0.2;1242.0;1;15
13;70;6.3;272.1;694.0;1470.4;0.2;1189.0;1;16
13;71;7.0;245.9;590.0;1459.3;0.2;1189.0;0;16
13;72;7.8;230.9;589.0;1510.6;0.2;1189.0;0;16
13;73;6.3;276.4;701.0;1499.4;0.2;1189.0;0;16
13;74;7.9;219.6;556.0;1467.6;0.1;1189.0;0;16
13;75;6.9;241.5;566.0;1422.1;0.2;1189.0;0;16
13;76;6.8;234.7;548.0;1367.9;0.2;1189.0;0;16
13;77;7.4;212.1;489.0;1333.4;0.2;1179.0;1;17
13;78;6.8;235.8;548.0;1368.3;0.2;1179.0;0;17
13;79;5.8;281.3;666.0;1403.4;0.2;1179.0;0;17
13;80;9.4;165.9;396.0;1303.0;0.1;1170.0;1;18
13;81;6.6;250.8;607.0;1413.9;0.2;1170.0;0;18
13;82;5.4;311.0;752.0;1461.4;0.2;1170.0;0;18
13;83;6.9;235.2;562.0;1378.9;0.2;1170.0;0;18
13;84;6.9;234.1;541.0;1368.3;0.2;1170.0;0;18
13;85;6.6;240.0;556.0;1360.1;0.2;1170.0;0;18
13;86;6.8;235.1;551.0;1368.3;0.2;1170.0;0;18
13;87;6.7;238.2;570.0;1363.9;0.2;1170.0;0;18
13;88;6.8;236.7;557.0;1364.7;0.2;1170.0;0;18
13;89;8.5;180.5;547.0;1294.7;0.1;1170.0;0;18
13;90;23.4;65.0;193.0;1219.0;0.1;1170.0;0;18
13;91;18.1;83.2;251.0;1221.0;0.1;1170.0;0;18
13;92;18.6;81.4;240.0;1223.7;0.1;1170.0;0;18
13;93;30.8;48.8;145.0;1198.7;0.0;1170.0;0;18
13;94;28.8;52.1;157.0;1200.1;0.0;1170.0;0;18
13;95;32.1;47.1;147.0;1203.9;0.0;1170.0;0;18
13;96;33.1;45.6;147.0;1201.4;0.0;1164.0;1;19
13;97;32.3;46.6;145.0;1199.0;0.0;1164.0;0;19
13;98;34.2;44.2;135.0;1201.4;0.0;1164.0;0;19
13;99;27.1;55.2;162.0;1197.0;0.0;1164.0;0;19
14;0;14.9;180.3;430.0;2197.9;0.1;1910.0;1;1
14;1;14.1;195.4;461.0;2246.4;0.1;1910.0;0;1
14;2;11.9;218.6;597.0;2142.1;0.1;1757.0;1;2
14;3;13.0;204.9;522.0;2189.9;0.1;1757.0;0;2
14;4;9.0;295.3;710.0;2218.3;0.1;1740.0;1;3
14;5;9.9;260.7;663.0;2149.9;0.1;1715.0;1;4
14;6;15.5;172.3;411.0;2175.9;0.1;1715.0;0;4
14;7;11.8;222.1;609.0;2158.1;0.1;1715.0;0;4
14;8;10.3;250.9;683.0;2154.0;0.1;1713.0;1;5
14;9;9.7;280.7;682.0;2258.6;0.1;1713.0;0;5
14;10;12.1;220.7;552.0;2204.7;0.1;1713.0;0;5
14;11;11.6;231.9;644.0;2222.1;0.1;1713.0;0;5
14;12;10.8;235.2;616.0;2110.3;0.1;1702.0;1;6
14;13;11.4;230.0;543.0;2172.4;0.1;1702.0;0;6
14;14;9.3;272.2;638.0;2111.3;0.1;1702.0;0;6
14;15;12.9;192.8;467.0;2044.6;0.1;1702.0;0;6
14;16;9.4;263.8;636.0;2069.1;0.1;1702.0;0;6
14;17;10.6;233.6;566.0;2059.6;0.1;1702.0;0;6
14;18;8.8;291.8;651.0;2148.6;0.1;1702.0;0;6
14;19;11.6;214.5;516.0;2045.0;0.1;1702.0;0;6
14;20;10.8;227.2;530.0;2034.7;0.1;1702.0;0;6
14;21;10.4;234.7;551.0;2021.1;0.1;1690.0;1;7
14;22;10.9;222.7;508.0;2006.9;0.1;1690.0;0;7
14;23;12.1;201.4;458.0;2007.9;0.1;1690.0;0;7
14;24;9.5;246.6;568.0;1955.4;0.1;1637.0;1;8
14;25;9.7;241.8;650.0;1948.4;0.1;1531.0;1;9
14;26;10.7;227.0;508.0;2008.6;0.1;1531.0;0;9
14;27;9.6;252.0;565.0;2009.9;0.1;1531.0;0;9
14;28;7.8;285.8;788.0;1881.7;0.2;1361.0;1;10
14;29;10.1;235.0;563.0;1977.0;0.1;1361.0;0;10
14;30;8.0;275.6;652.0;1865.0;0.1;1361.0;0;10
14;31;7.8;302.2;765.0;1978.0;0.2;1361.0;0;10
14;32;9.4;247.0;540.0;1936.0;0.1;1361.0;0;10
14;33;8.0;283.0;683.0;1916.7;0.1;1361.0;0;10
14;34;8.2;274.3;649.0;1881.3;0.1;1361.0;0;10
14;35;7.1;316.9;825.0;1909.6;0.2;1361.0;0;10
14;36;8.0;267.4;783.0;1808.3;0.1;1321.0;1;11
14;37;9.3;226.3;592.0;1754.7;0.1;1321.0;0;11
14;38;10.8;203.3;485.0;1824.6;0.1;1321.0;0;11
14;39;8.3;255.5;541.0;1775.0;0.1;1321.0;0;11
14;40;10.5;210.9;460.0;1832.3;0.1;1321.0;0;11
14;41;9.9;208.8;483.0;1715.9;0.1;1321.0;0;11
14;42;8.4;241.4;650.0;1698.7;0.1;1321.0;0;11
14;43;7.6;282.8;746.0;1823.4;0.2;1321.0;0;11
14;44;8.5;252.2;549.0;1799.7;0.1;1321.0;0;11
14;45;7.0;306.9;703.0;1822.9;0.2;1321.0;0;11
14;46;7.4;297.8;691.0;1864.1;0.2;1321.0;0;11
14;47;7.1;292.6;659.0;1768.0;0.2;1321.0;0;11
14;48;7.5;273.7;729.0;1733.0;0.2;1321.0;0;11
14;49;8.5;247.2;603.0;1769.9;0.1;1321.0;0;11
14;50;6.4;305.3;774.0;1670.3;0.2;1289.0;1;12
14;51;7.7;278.6;629.0;1813.3;0.2;1289.0;0;12
14;52;6.8;310.9;761.0;1801.9;0.2;1289.0;0;12
14;53;7.1;294.0;716.0;1767.6;0.2;1289.0;0;12
14;54;10.5;193.7;463.0;1678.6;0.1;1289.0;0;12
14;55;8.7;235.6;569.0;1717.3;0.1;1289.0;0;12
14;56;7.5;268.6;756.0;1701.1;0.2;1284.0;1;13
14;57;7.7;250.6;586.0;1622.0;0.2;1284.0;0;13
14;58;5.6;313.8;692.0;1518.3;0.2;1194.0;1;14
14;59;6.0;297.1;679.0;1529.3;0.2;1194.0;0;14
14;60;5.4;315.6;671.0;1491.0;0.2;1193.0;1;15
14;61;6.4;276.6;618.0;1510.0;0.2;1193.0;0;15
14;62;5.6;308.9;665.0;1490.9;0.2;1190.0;1;16
14;63;6.1;284.5;627.0;1488.4;0.2;1190.0;0;16
14;64;7.3;219.1;527.0;1358.4;0.2;1182.0;1;17
14;65;6.6;240.7;569.0;1365.9;0.2;1182.0;0;17
14;66;6.3;252.5;607.0;1369.4;0.2;1182.0;0;17
14;67;6.2;255.1;618.0;1364.6;0.2;1181.0;1;18
14;68;6.5;253.6;610.0;1408.4;0.2;1181.0;0;18
14;69;6.5;250.2;608.0;1387.6;0.2;1181.0;0;18
14;70;6.8;243.4;612.0;1403.9;0.2;1181.0;0;18
14;71;6.4;256.4;628.0;1408.3;0.2;1181.0;0;18
14;72;5.9;274.0;640.0;1390.0;0.2;1181.0;0;18
14;73;7.2;219.7;505.0;1337.0;0.2;1178.0;1;19
14;74;6.8;233.5;569.0;1359.3;0.2;1176.0;1;20
14;75;6.9;233.6;553.0;1380.1;0.2;1176.0;0;20
14;76;9.3;175.4;442.0;1367.7;0.1;1176.0;0;20
14;77;6.8;237.0;565.0;1371.9;0.2;1176.0;0;20
14;78;10.3;149.9;366.0;1281.9;0.1;1176.0;0;20
14;79;8.9;177.4;419.0;1318.7;0.1;1174.0;1;21
14;80;8.2;194.4;495.0;1336.0;0.1;1174.0;0;21
14;81;9.4;169.3;397.0;1326.7;0.1;1174.0;0;21
14;82;9.0;172.6;395.0;1297.4;0.1;1174.0;0;21
14;83;7.4;211.0;482.0;1318.1;0.2;1169.0;1;22
14;84;7.5;208.0;475.0;1327.6;0.2;1169.0;0;22
14;85;8.6;182.3;452.0;1315.6;0.1;1169.0;0;22
14;86;7.3;212.7;476.0;1318.7;0.2;1169.0;0;22
14;87;8.1;195.9;464.0;1343.0;0.1;1169.0;0;22
14;88;8.3;192.7;460.0;1337.4;0.1;1169.0;0;22
14;89;9.7;155.3;458.0;1250.7;0.1;1169.0;0;22
14;90;9.3;161.1;473.0;1248.6;0.1;1169.0;0;22
14;91;9.6;157.0;461.0;1252.9;0.1;1167.0;1;23
14;92;8.9;167.0;487.0;1249.4;0.1;1167.0;0;23
14;93;9.1;163.8;473.0;1245.9;0.1;1167.0;0;23
14;94;9.0;166.5;484.0;1249.7;0.1;1167.0;0;23
14;95;8.8;169.3;487.0;1243.4;0.1;1167.0;0;23
14;96;9.1;165.6;485.0;1254.0;0.1;1167.0;0;23
14;97;8.8;169.3;487.0;1243.4;0.1;1167.0;0;23
14;98;5.9;307.5;998.0;1568.0;0.2;1167.0;0;23
14;99;4.5;354.6;1078.0;1401.4;0.3;1167.0;0;23
15;0;13.5;193.4;496.0;2142.9;0.1;1789.0;1;1
15;1;12.0;221.7;552.0;2183.0;0.1;1789.0;0;1
15;2;11.8;227.7;539.0;2208.6;0.1;1789.0;0;1
15;3;11.7;232.4;648.0;2248.9;0.1;1789.0;0;1
15;4;12.9;204.1;521.0;2164.1;0.1;1789.0;0;1
15;5;11.8;227.4;577.0;2203.9;0.1;1789.0;0;1
15;6;11.9;224.7;633.0;2208.3;0.1;1775.0;1;2
15;7;10.5;252.2;650.0;2203.4;0.1;1771.0;1;3
15;8;11.6;230.6;605.0;2203.4;0.1;1771.0;0;3
15;9;10.0;248.3;702.0;2067.1;0.1;1614.0;1;4
15;10;14.9;182.7;488.0;2216.4;0.1;1614.0;0;4
15;11;8.9;299.0;767.0;2234.6;0.1;1614.0;0;4
15;12;10.5;236.8;610.0;2063.1;0.1;1614.0;0;4
15;13;16.8;156.4;431.0;2127.0;0.1;1614.0;0;4
15;14;11.6;222.5;504.0;2128.9;0.1;1614.0;0;4
15;15;7.8;319.8;708.0;2105.4;0.2;1614.0;0;4
15;16;7.8;320.3;744.0;2113.9;0.2;1614.0;0;4
15;17;11.1;238.0;615.0;2186.3;0.1;1614.0;0;4
15;18;8.5;296.8;637.0;2126.7;0.1;1614.0;0;4
15;19;10.0;248.1;564.0;2068.9;0.1;1614.0;0;4
15;20;10.5;232.9;503.0;2025.1;0.1;1614.0;0;4
15;21;11.4;222.7;610.0;2089.4;0.1;1614.0;0;4
15;22;10.3;229.5;635.0;1968.3;0.1;1589.0;1;5
15;23;7.4;327.2;737.0;2061.1;0.2;1589.0;0;5
15;24;7.8;313.8;760.0;2054.4;0.2;1583.0;1;6
15;25;8.1;304.4;741.0;2087.0;0.1;1583.0;0;6
15;26;8.7;275.7;666.0;2014.1;0.1;1583.0;0;6
15;27;7.0;334.4;802.0;1994.6;0.2;1526.0;1;7
15;28;7.6;311.9;733.0;2007.7;0.2;1526.0;0;7
15;29;10.0;234.8;562.0;1959.1;0.1;1526.0;0;7
15;30;6.6;343.9;780.0;1942.7;0.2;1523.0;1;8
15;31;9.8;245.5;614.0;2004.3;0.1;1523.0;0;8
15;32;9.2;262.8;580.0;2012.0;0.1;1523.0;0;8
15;33;9.5;243.1;544.0;1922.0;0.1;1523.0;0;8
15;34;7.8;286.0;718.0;1888.0;0.2;1496.0;1;9
15;35;7.9;277.8;714.0;1846.6;0.2;1393.0;1;10
15;36;9.6;239.1;610.0;1920.1;0.1;1393.0;0;10
15;37;6.3;328.3;754.0;1766.1;0.2;1360.0;1;11
15;38;6.1;336.8;748.0;1774.6;0.2;1337.0;1;12
15;39;8.2;252.7;680.0;1742.0;0.1;1337.0;0;12
15;40;7.7;266.2;702.0;1727.3;0.2;1337.0;0;12
15;41;7.3;298.5;757.0;1848.7;0.2;1337.0;0;12
15;42;6.5;319.6;818.0;1765.3;0.2;1308.0;1;13
15;43;7.7;263.6;668.0;1720.4;0.2;1308.0;0;13
15;44;7.2;273.0;684.0;1666.1;0.2;1308.0;0;13
15;45;8.4;231.2;547.0;1629.0;0.1;1308.0;0;13
15;46;6.5;292.9;680.0;1616.7;0.2;1277.0;1;14
15;47;5.8;325.3;723.0;1617.4;0.2;1277.0;0;14
15;48;6.6;298.4;659.0;1684.0;0.2;1277.0;0;14
15;49;5.7;325.9;713.0;1605.3;0.2;1277.0;0;14
15;50;7.2;264.0;658.0;1607.9;0.2;1277.0;0;14
15;51;6.7;280.7;630.0;1603.9;0.2;1277.0;0;14
15;52;6.4;295.3;668.0;1616.0;0.2;1277.0;0;14
15;53;7.1;273.2;671.0;1657.9;0.2;1277.0;0;14
15;54;8.4;232.0;528.0;1639.3;0.1;1277.0;0;14
15;55;6.4;321.8;797.0;1751.6;0.2;1277.0;0;14
15;56;5.5;339.6;786.0;1607.6;0.2;1230.0;1;15
15;57;6.0;326.4;848.0;1678.7;0.2;1230.0;0;15
15;58;6.3;290.6;697.0;1566.9;0.2;1230.0;0;15
15;59;7.0;271.0;646.0;1605.7;0.2;1230.0;0;15
15;60;6.6;275.8;690.0;1551.7;0.2;1201.0;1;16
15;61;7.4;273.2;673.0;1715.4;0.2;1201.0;0;16
15;62;4.9;382.7;903.0;1629.9;0.2;1186.0;1;17
15;63;6.1;322.1;796.0;1695.4;0.2;1186.0;0;17
15;64;5.3;343.1;850.0;1586.6;0.2;1186.0;0;17
15;65;5.3;345.6;903.0;1603.6;0.2;1186.0;0;17
15;66;6.2;275.5;750.0;1475.4;0.2;1177.0;1;18
15;67;7.6;230.6;645.0;1479.3;0.2;1177.0;0;18
15;68;7.6;230.5;611.0;1474.6;0.2;1177.0;0;18
15;69;5.9;272.9;658.0;1397.0;0.2;1177.0;0;18
15;70;5.6;300.1;752.0;1445.1;0.2;1168.0;1;19
15;71;5.5;285.7;661.0;1369.9;0.2;1168.0;0;19
15;72;32.8;46.1;107.0;1203.9;0.0;1168.0;0;19
15;73;38.6;39.2;93.0;1201.7;0.0;1168.0;0;19
15;74;44.3;34.2;80.0;1198.0;0.0;1168.0;0;19
15;75;46.0;32.9;81.0;1197.3;0.0;1168.0;0;19
15;76;55.2;27.5;65.0;1198.1;0.0;1168.0;0;19
15;77;45.6;33.0;78.0;1193.0;0.0;1167.0;1;20
15;78;44.7;33.8;81.0;1197.3;0.0;1167.0;0;20
15;79;59.2;25.6;60.0;1193.7;0.0;1167.0;0;20
15;80;57.9;26.1;61.0;1192.9;0.0;1167.0;0;20
15;81;58.1;26.0;58.0;1192.9;0.0;1167.0;0;20
15;82;59.9;25.2;57.0;1192.1;0.0;1167.0;0;20
15;83;60.4;25.0;56.0;1192.4;0.0;1167.0;0;20
15;84;62.2;24.3;56.0;1192.6;0.0;1167.0;0;20
15;85;63.6;23.8;54.0;1192.4;0.0;1167.0;0;20
15;86;63.0;24.0;54.0;1191.1;0.0;1167.0;0;20
15;87;64.7;23.4;53.0;1191.6;0.0;1167.0;0;20
15;88;65.4;23.1;52.0;1192.4;0.0;1167.0;0;20
15;89;87.0;17.4;53.0;1186.7;0.0;1167.0;0;20
15;90;83.5;18.1;52.0;1185.9;0.0;1167.0;0;20
15;91;87.9;17.2;53.0;1187.1;0.0;1167.0;0;20
15;92;85.4;17.6;54.0;1183.1;0.0;1167.0;0;20
15;93;85.5;17.6;52.0;1183.1;0.0;1167.0;0;20
15;94;85.5;17.6;52.0;1183.1;0.0;1167.0;0;20
15;95;88.2;17.1;52.0;1184.3;0.0;1167.0;0;20
15;96;100.0;14.8;43.0;1180.9;0.0;1167.0;0;20
15;97;100.0;10.5;30.0;1179.3;0.0;1167.0;0;20
15;98;100.0;14.9;43.0;1180.6;0.0;1167.0;0;20
15;99;100.0;14.8;43.0;1180.9;0.0;1167.0;0;20
16;0;11.3;238.4;614.0;2226.6;0.1;1785.0;1;1
16;1;11.9;224.2;539.0;2198.1;0.1;1785.0;0;1
16;2;12.5;215.1;603.0;2217.1;0.1;1785.0;0;1
16;3;11.8;227.9;643.0;2220.9;0.1;1785.0;0;1
16;4;10.8;239.3;580.0;2141.9;0.1;1733.0;1;2
16;5;9.4;278.6;672.0;2187.9;0.1;1733.0;0;2
16;6;9.4;275.6;643.0;2167.4;0.1;1733.0;0;2
16;7;13.2;198.5;459.0;2154.4;0.1;1733.0;0;2
16;8;12.3;213.6;509.0;2160.7;0.1;1733.0;0;2
16;9;14.1;186.9;453.0;2158.3;0.1;1733.0;0;2
16;10;12.5;203.9;515.0;2091.3;0.1;1733.0;0;2
16;11;9.7;278.4;701.0;2255.3;0.1;1733.0;0;2
16;12;11.2;239.6;558.0;2208.0;0.1;1733.0;0;2
16;13;9.7;266.9;659.0;2146.0;0.1;1691.0;1;3
16;14;10.1;244.9;607.0;2063.0;0.1;1691.0;0;3
16;15;9.7;246.5;558.0;1997.3;0.1;1657.0;1;4
16;16;9.4;256.8;678.0;2011.1;0.1;1605.0;1;5
16;17;9.0;266.3;671.0;1998.1;0.1;1605.0;0;5
16;18;8.9;277.6;640.0;2063.3;0.1;1605.0;0;5
16;19;10.6;235.1;520.0;2068.1;0.1;1605.0;0;5
16;20;9.7;254.6;661.0;2058.7;0.1;1605.0;0;5
16;21;8.9;285.3;656.0;2131.1;0.1;1605.0;0;5
16;22;10.7;225.7;562.0;1992.4;0.1;1605.0;0;5
16;23;11.3;212.8;573.0;1985.1;0.1;1605.0;0;5
16;24;10.3;231.9;593.0;1983.0;0.1;1605.0;0;5
16;25;8.3;281.0;680.0;1958.0;0.1;1551.0;1;6
16;26;10.9;220.0;533.0;1976.9;0.1;1551.0;0;6
16;27;10.9;214.6;530.0;1934.6;0.1;1551.0;0;6
16;28;9.0;264.2;600.0;1982.0;0.1;1551.0;0;6
16;29;8.8;255.8;583.0;1881.3;0.1;1542.0;1;7
16;30;6.4;366.5;881.0;1997.6;0.2;1458.0;1;8
16;31;11.4;210.5;577.0;1983.7;0.1;1458.0;0;8
16;32;6.0;370.2;905.0;1917.7;0.2;1338.0;1;9
16;33;8.7;261.4;650.0;1912.7;0.1;1338.0;0;9
16;34;7.5;297.7;835.0;1898.3;0.2;1338.0;0;9
16;35;7.0;308.4;737.0;1830.0;0.2;1338.0;0;9
16;36;8.1;259.1;567.0;1764.1;0.1;1338.0;0;9
16;37;9.0;238.6;520.0;1789.4;0.1;1338.0;0;9
16;38;7.2;283.7;661.0;1738.3;0.2;1321.0;1;10
16;39;7.0;279.7;654.0;1654.3;0.2;1321.0;0;10
16;40;10.8;197.7;488.0;1772.0;0.1;1321.0;0;10
16;41;7.4;259.0;664.0;1619.9;0.2;1267.0;1;11
16;42;8.2;249.5;644.0;1719.3;0.1;1267.0;0;11
16;43;7.6;259.9;628.0;1660.6;0.2;1267.0;0;11
16;44;6.4;295.4;647.0;1619.4;0.2;1267.0;0;11
16;45;8.1;252.8;726.0;1720.3;0.1;1264.0;1;12
16;46;7.3;267.1;640.0;1658.9;0.2;1264.0;0;12
16;47;7.8;257.9;611.0;1697.3;0.2;1264.0;0;12
16;48;8.5;229.8;578.0;1632.1;0.1;1264.0;0;12
16;49;6.0;299.5;698.0;1553.7;0.2;1217.0;1;13
16;50;7.6;239.9;578.0;1545.0;0.2;1217.0;0;13
16;51;6.2;297.5;650.0;1589.3;0.2;1217.0;0;13
16;52;6.3;291.4;613.0;1574.4;0.2;1217.0;0;13
16;53;6.0;303.3;682.0;1565.3;0.2;1217.0;0;13
16;54;6.5;288.8;644.0;1597.3;0.2;1217.0;0;13
16;55;7.1;261.5;650.0;1572.4;0.2;1217.0;0;13
16;56;5.1;361.7;803.0;1619.3;0.2;1217.0;0;13
16;57;5.1;346.4;743.0;1543.9;0.2;1208.0;1;14
16;58;5.0;351.3;755.0;1547.4;0.2;1202.0;1;15
16;59;5.5;331.1;777.0;1569.3;0.2;1186.0;1;16
16;60;5.4;331.1;700.0;1558.4;0.2;1186.0;0;16
16;61;5.5;321.1;714.0;1518.6;0.2;1181.0;1;17
16;62;5.8;302.8;663.0;1522.6;0.2;1181.0;0;17
16;63;6.1;292.1;660.0;1521.3;0.2;1181.0;0;17
16;64;6.2;270.6;668.0;1438.7;0.2;1181.0;0;17
16;65;6.1;271.8;645.0;1418.3;0.2;1181.0;0;17
16;66;6.1;271.3;638.0;1416.1;0.2;1181.0;0;17
16;67;6.2;264.7;622.0;1399.7;0.2;1181.0;0;17
16;68;6.1;266.2;607.0;1401.7;0.2;1181.0;0;17
16;69;6.3;256.8;595.0;1377.0;0.2;1181.0;0;17
16;70;6.1;261.0;589.0;1363.0;0.2;1181.0;0;17
16;71;5.9;268.1;621.0;1372.3;0.2;1175.0;1;18
16;72;6.4;252.8;582.0;1378.4;0.2;1175.0;0;18
16;73;6.2;258.2;587.0;1370.9;0.2;1175.0;0;18
16;74;6.1;260.3;595.0;1367.4;0.2;1175.0;0;18
16;75;6.1;261.2;600.0;1363.0;0.2;1175.0;0;18
16;76;6.4;253.6;587.0;1381.3;0.2;1175.0;0;18
16;77;6.2;260.4;594.0;1378.6;0.2;1175.0;0;18
16;78;5.9;267.4;603.0;1360.9;0.2;1175.0;0;18
16;79;6.3;255.6;596.0;1387.1;0.2;1175.0;0;18
16;80;5.8;270.0;608.0;1357.7;0.2;1175.0;0;18
16;81;4.8;336.3;798.0;1407.4;0.2;1171.0;1;19
16;82;4.9;330.1;793.0;1413.4;0.2;1171.0;0;19
16;83;4.8;337.7;768.0;1418.4;0.2;1171.0;0;19
16;84;4.6;355.1;805.0;1424.1;0.2;1171.0;0;19
16;85;5.0;322.0;778.0;1408.4;0.2;1171.0;0;19
16;86;4.9;327.4;812.0;1402.0;0.2;1171.0;0;19
16;87;5.4;298.1;760.0;1391.0;0.2;1168.0;1;20
16;88;4.7;337.0;795.0;1403.1;0.2;1167.0;1;21
16;89;5.6;270.4;793.0;1307.7;0.2;1167.0;0;21
16;90;6.5;238.5;714.0;1327.7;0.2;1167.0;0;21
16;91;7.2;211.4;622.0;1292.1;0.2;1167.0;0;21
16;92;14.0;107.0;312.0;1226.1;0.1;1167.0;0;21
16;93;13.9;107.7;314.0;1224.4;0.1;1167.0;0;21
16;94;13.8;108.4;313.0;1219.7;0.1;1167.0;0;21
16;95;14.4;104.7;313.0;1229.7;0.1;1167.0;0;21
16;96;12.7;117.9;349.0;1230.0;0.1;1167.0;0;21
16;97;12.6;120.8;357.0;1245.7;0.1;1167.0;0;21
16;98;12.7;118.1;344.0;1231.9;0.1;1167.0;0;21
16;99;12.2;123.5;363.0;1241.7;0.1;1167.0;0;21
17;0;12.0;226.3;566.0;2237.0;0.1;1862.0;1;1
17;1;10.5;252.3;637.0;2186.7;0.1;1756.0;1;2
17;2;13.9;195.9;483.0;2224.0;0.1;1756.0;0;2
17;3;11.9;235.3;547.0;2299.9;0.1;1756.0;0;2
17;4;10.6;247.3;657.0;2179.7;0.1;1756.0;0;2
17;5;12.1;221.2;662.0;2196.4;0.1;1730.0;1;3
17;6;10.5;254.5;638.0;2221.4;0.1;1730.0;0;3
17;7;9.3;284.9;681.0;2220.1;0.1;1730.0;0;3
17;8;9.9;270.8;756.0;2231.7;0.1;1720.0;1;4
17;9;12.7;213.3;576.0;2218.4;0.1;1720.0;0;4
17;10;11.3;230.7;612.0;2157.7;0.1;1720.0;0;4
17;11;12.3;215.7;542.0;2186.6;0.1;1720.0;0;4
17;12;10.8;250.6;606.0;2245.3;0.1;1720.0;0;4
17;13;11.6;225.6;617.0;2157.0;0.1;1720.0;0;4
17;14;9.0;292.8;709.0;2208.6;0.1;1720.0;0;4
17;15;11.3;222.4;510.0;2070.7;0.1;1720.0;0;4
17;16;9.8;252.6;605.0;2061.3;0.1;1716.0;1;5
17;17;9.3;270.1;656.0;2087.1;0.1;1707.0;1;6
17;18;9.3;270.8;734.0;2109.4;0.1;1644.0;1;7
17;19;10.8;227.8;493.0;2029.3;0.1;1644.0;0;7
17;20;9.4;271.1;601.0;2132.4;0.1;1644.0;0;7
17;21;10.0;241.5;571.0;2016.7;0.1;1644.0;0;7
17;22;9.3;260.7;584.0;2025.0;0.1;1644.0;0;7
17;23;10.1;239.3;577.0;2001.9;0.1;1644.0;0;7
17;24;11.0;220.3;527.0;2000.0;0.1;1644.0;0;7
17;25;8.4;285.2;688.0;2001.3;0.1;1586.0;1;8
17;26;9.2;259.2;562.0;1981.9;0.1;1586.0;0;8
17;27;9.5;254.6;635.0;2021.1;0.1;1586.0;0;8
17;28;9.5;252.6;589.0;2007.3;0.1;1586.0;0;8
17;29;9.9;232.6;509.0;1923.9;0.1;1586.0;0;8
17;30;10.4;230.7;560.0;1995.1;0.1;1586.0;0;8
17;31;7.7;310.3;694.0;2030.0;0.2;1586.0;0;8
17;32;9.9;247.4;611.0;2036.6;0.1;1586.0;0;8
17;33;8.3;283.9;736.0;1986.0;0.1;1513.0;1;9
17;34;10.0;232.5;585.0;1941.0;0.1;1513.0;0;9
17;35;9.4;243.4;701.0;1903.9;0.1;1473.0;1;10
17;36;9.6;228.3;512.0;1822.3;0.1;1473.0;0;10
17;37;8.4;277.7;700.0;1951.7;0.1;1473.0;0;10
17;38;8.0;261.8;652.0;1766.0;0.1;1358.0;1;11
17;39;6.5;296.2;700.0;1657.1;0.2;1297.0;1;12
17;40;6.3;314.5;715.0;1693.4;0.2;1297.0;0;12
17;41;6.9;281.5;647.0;1644.7;0.2;1297.0;0;12
17;42;7.8;244.4;609.0;1608.6;0.2;1289.0;1;13
17;43;7.2;258.7;667.0;1576.7;0.2;1246.0;1;14
17;44;7.0;258.2;661.0;1546.1;0.2;1207.0;1;15
17;45;8.6;221.8;578.0;1607.4;0.1;1207.0;0;15
17;46;8.6;207.9;467.0;1503.1;0.1;1207.0;0;15
17;47;9.4;198.2;457.0;1560.4;0.1;1207.0;0;15
17;48;10.0;203.6;506.0;1692.9;0.1;1207.0;0;15
17;49;7.1;277.6;642.0;1673.4;0.2;1207.0;0;15
17;50;5.9;314.4;697.0;1586.0;0.2;1207.0;0;15
17;51;7.0;281.8;610.0;1671.7;0.2;1207.0;0;15
17;52;7.2;265.1;648.0;1619.6;0.2;1207.0;0;15
17;53;5.9;317.1;723.0;1600.4;0.2;1207.0;0;15
17;54;6.7;291.2;670.0;1658.7;0.2;1207.0;0;15
17;55;6.8;274.2;641.0;1580.1;0.2;1207.0;0;15
17;56;6.4;296.8;713.0;1629.6;0.2;1207.0;0;15
17;57;6.0;311.0;712.0;1605.1;0.2;1207.0;0;15
17;58;5.5;328.4;746.0;1562.3;0.2;1207.0;0;15
17;59;5.2;336.0;750.0;1521.7;0.2;1207.0;0;15
17;60;6.4;293.9;677.0;1618.9;0.2;1207.0;0;15
17;61;5.9;318.6;706.0;1622.3;0.2;1207.0;0;15
17;62;5.6;321.6;718.0;1550.1;0.2;1207.0;0;15
17;63;5.7;301.5;644.0;1492.3;0.2;1205.0;1;16
17;64;5.7;293.7;711.0;1452.0;0.2;1205.0;0;16
17;65;6.0;276.0;666.0;1421.6;0.2;1196.0;1;17
17;66;5.6;308.0;735.0;1493.4;0.2;1196.0;0;17
17;67;6.5;263.2;663.0;1471.0;0.2;1196.0;0;17
17;68;6.1;275.3;662.0;1437.7;0.2;1196.0;0;17
17;69;6.0;289.9;702.0;1493.0;0.2;1196.0;0;17
17;70;6.7;268.7;713.0;1528.4;0.2;1196.0;0;17
17;71;6.4;261.9;629.0;1431.4;0.2;1196.0;0;17
17;72;5.6;310.2;769.0;1500.1;0.2;1196.0;0;17
17;73;6.5;261.2;613.0;1441.6;0.2;1196.0;0;17
17;74;6.3;280.2;670.0;1502.3;0.2;1196.0;0;17
17;75;7.3;238.4;570.0;1484.1;0.2;1196.0;0;17
17;76;6.6;257.8;643.0;1444.7;0.2;1196.0;0;17
17;77;6.9;247.9;590.0;1459.1;0.2;1196.0;0;17
17;78;6.3;263.6;649.0;1432.6;0.2;1196.0;0;17
17;79;6.3;267.0;654.0;1449.1;0.2;1196.0;0;17
17;80;6.5;266.7;615.0;1475.4;0.2;1196.0;0;17
17;81;5.3;317.2;781.0;1457.7;0.2;1196.0;0;17
17;82;5.2;323.0;771.0;1471.0;0.2;1196.0;0;17
17;83;5.3;325.5;796.0;1486.6;0.2;1196.0;0;17
17;84;5.9;301.4;731.0;1522.7;0.2;1196.0;0;17
17;85;5.7;307.8;756.0;1518.9;0.2;1196.0;0;17
17;86;5.3;321.0;735.0;1469.9;0.2;1196.0;0;17
17;87;5.0;333.2;805.0;1467.7;0.2;1185.0;1;18
17;88;5.7;287.2;669.0;1405.6;0.2;1185.0;0;18
17;89;6.8;227.5;666.0;1323.9;0.2;1185.0;0;18
17;90;8.2;188.9;557.0;1308.4;0.1;1185.0;0;18
17;91;8.0;210.0;599.0;1409.4;0.1;1185.0;0;18
17;92;35.6;42.4;124.0;1203.3;0.0;1183.0;1;19
17;93;9.0;171.1;520.0;1284.9;0.1;1177.0;1;20
17;94;10.0;156.7;498.0;1307.3;0.1;1177.0;0;20
17;95;8.6;189.3;604.0;1364.4;0.1;1177.0;0;20
17;96;5.0;323.3;1000.0;1400.7;0.2;1177.0;0;20
17;97;8.4;191.7;590.0;1357.0;0.1;1177.0;0;20
17;98;14.3;105.5;316.0;1233.0;0.1;1175.0;1;21
17;99;14.6;103.6;298.0;1237.3;0.1;1175.0;0;21
18;0;11.3;243.6;582.0;2271.7;0.1;1867.0;1;1
18;1;13.9;195.4;507.0;2223.4;0.1;1867.0;0;1
18;2;11.9;222.5;551.0;2174.0;0.1;1794.0;1;2
18;3;14.4;187.8;495.0;2213.9;0.1;1794.0;0;2
18;4;11.3;238.9;606.0;2227.9;0.1;1794.0;0;2
18;5;12.9;212.0;509.0;2248.9;0.1;1794.0;0;2
18;6;11.9;217.7;554.0;2137.3;0.1;1762.0;1;3
18;7;14.9;180.7;431.0;2188.9;0.1;1762.0;0;3
18;8;9.9;268.8;749.0;2208.9;0.1;1732.0;1;4
18;9;11.4;224.9;614.0;2117.3;0.1;1676.0;1;5
18;10;10.8;248.8;635.0;2215.4;0.1;1676.0;0;5
18;11;11.5;223.0;622.0;2120.7;0.1;1676.0;0;5
18;12;13.6;193.3;480.0;2155.9;0.1;1676.0;0;5
18;13;12.0;215.4;568.0;2126.4;0.1;1676.0;0;5
18;14;12.2;202.6;494.0;2030.7;0.1;1676.0;0;5
18;15;10.6;242.9;575.0;2129.3;0.1;1676.0;0;5
18;16;11.3;212.6;513.0;1987.3;0.1;1675.0;1;6
18;17;8.4;289.2;679.0;2032.7;0.1;1647.0;1;7
18;18;13.3;187.1;431.0;2036.9;0.1;1647.0;0;7
18;19;10.3;239.8;615.0;2044.4;0.1;1647.0;0;7
18;20;10.2;234.2;528.0;1982.6;0.1;1647.0;0;7
18;21;12.2;197.9;485.0;1986.6;0.1;1647.0;0;7
18;22;12.6;188.0;463.0;1944.3;0.1;1647.0;0;7
18;23;11.1;220.2;561.0;2012.0;0.1;1647.0;0;7
18;24;9.9;246.9;652.0;2034.3;0.1;1647.0;0;7
18;25;8.5;273.7;644.0;1958.6;0.1;1581.0;1;8
18;26;10.3;227.0;574.0;1943.1;0.1;1581.0;0;8
18;27;9.6;246.1;567.0;1971.7;0.1;1581.0;0;8
18;28;9.9;241.5;574.0;1990.9;0.1;1581.0;0;8
18;29;12.0;200.6;492.0;1976.4;0.1;1581.0;0;8
18;30;9.4;255.8;604.0;2004.6;0.1;1581.0;0;8
18;31;8.5;272.9;666.0;1951.9;0.1;1538.0;1;9
18;32;12.5;193.8;510.0;1991.6;0.1;1538.0;0;9
18;33;9.0;252.0;664.0;1898.0;0.1;1509.0;1;10
18;34;7.3;301.2;715.0;1876.0;0.2;1452.0;1;11
18;35;7.3;310.4;780.0;1929.7;0.2;1413.0;1;12
18;36;10.7;221.5;556.0;1958.1;0.1;1413.0;0;12
18;37;6.1;350.5;876.0;1830.4;0.2;1297.0;1;13
18;38;9.5;230.5;581.0;1822.1;0.1;1297.0;0;13
18;39;6.7;294.3;644.0;1676.1;0.2;1297.0;0;13
18;40;9.1;227.9;536.0;1727.6;0.1;1297.0;0;13
18;41;7.8;272.3;678.0;1783.1;0.2;1297.0;0;13
18;42;7.4;274.2;613.0;1728.7;0.2;1297.0;0;13
18;43;6.4;304.1;715.0;1670.9;0.2;1297.0;0;13
18;44;8.2;256.8;636.0;1768.7;0.1;1297.0;0;13
18;45;6.2;313.4;764.0;1657.7;0.2;1254.0;1;14
18;46;7.7;253.1;647.0;1641.3;0.2;1254.0;0;14
18;47;8.4;239.0;601.0;1694.9;0.1;1254.0;0;14
18;48;6.0;307.4;730.0;1587.4;0.2;1234.0;1;15
18;49;7.8;241.9;659.0;1598.4;0.2;1233.0;1;16
18;50;7.4;251.5;577.0;1581.9;0.2;1233.0;0;16
18;51;9.2;205.5;515.0;1576.4;0.1;1233.0;0;16
18;52;8.4;222.8;565.0;1580.3;0.1;1233.0;0;16
18;53;8.9;210.4;504.0;1558.7;0.1;1233.0;0;16
18;54;9.0;202.0;504.0;1516.0;0.1;1233.0;0;16
18;55;11.5;163.0;383.0;1547.9;0.1;1233.0;0;16
18;56;9.3;195.0;447.0;1507.9;0.1;1233.0;0;16
18;57;9.0;198.9;528.0;1492.7;0.1;1233.0;0;16
18;58;8.2;222.6;502.0;1535.9;0.1;1233.0;0;16
18;59;7.3;249.8;575.0;1552.1;0.2;1233.0;0;16
18;60;14.7;119.7;301.0;1436.3;0.1;1233.0;0;16
18;61;9.7;196.3;449.0;1581.1;0.1;1233.0;0;16
18;62;7.7;227.0;503.0;1475.0;0.2;1233.0;0;16
18;63;12.0;151.8;371.0;1499.0;0.1;1233.0;0;16
18;64;12.7;137.2;379.0;1431.9;0.1;1233.0;0;16
18;65;11.3;151.7;370.0;1420.4;0.1;1233.0;0;16
18;66;9.5;182.4;512.0;1444.0;0.1;1215.0;1;17
18;67;8.4;198.6;526.0;1395.0;0.1;1177.0;1;18
18;68;7.7;227.6;595.0;1480.4;0.2;1177.0;0;18
18;69;8.2;203.7;494.0;1412.4;0.1;1177.0;0;18
18;70;9.7;168.5;413.0;1358.1;0.1;1177.0;0;18
18;71;10.3;165.1;442.0;1412.4;0.1;1177.0;0;18
18;72;9.8;169.5;460.0;1377.1;0.1;1177.0;0;18
18;73;9.9;168.0;445.0;1377.1;0.1;1177.0;0;18
18;74;8.9;183.0;466.0;1369.9;0.1;1177.0;0;18
18;75;10.9;148.2;412.0;1336.4;0.1;1177.0;0;18
18;76;9.4;170.3;422.0;1330.4;0.1;1177.0;0;18
18;77;9.1;176.4;421.0;1345.3;0.1;1177.0;0;18
18;78;5.6;287.0;688.0;1400.4;0.2;1167.0;1;19
18;79;6.7;236.4;555.0;1354.3;0.2;1167.0;0;19
18;80;6.9;236.0;587.0;1394.9;0.2;1167.0;0;19
18;81;5.8;288.7;703.0;1452.1;0.2;1167.0;0;19
18;82;6.2;265.2;672.0;1406.9;0.2;1167.0;0;19
18;83;5.6;304.6;773.0;1468.4;0.2;1167.0;0;19
18;84;6.3;272.0;658.0;1467.7;0.2;1167.0;0;19
18;85;6.5;257.6;627.0;1429.0;0.2;1167.0;0;19
18;86;6.1;266.7;646.0;1403.6;0.2;1167.0;0;19
18;87;6.5;259.2;602.0;1431.0;0.2;1167.0;0;19
18;88;5.9;273.4;637.0;1383.0;0.2;1167.0;0;19
18;89;8.2;199.2;604.0;1366.1;0.1;1167.0;0;19
18;90;9.1;174.3;537.0;1320.0;0.1;1167.0;0;19
18;91;6.1;266.4;814.0;1396.0;0.2;1167.0;0;19
18;92;6.7;231.5;690.0;1323.9;0.2;1167.0;0;19
18;93;6.9;227.4;690.0;1334.7;0.2;1167.0;0;19
18;94;8.0;207.0;662.0;1390.3;0.1;1167.0;0;19
18;95;7.6;215.2;657.0;1377.4;0.2;1167.0;0;19
18;96;7.3;216.1;660.0;1333.1;0.2;1167.0;0;19
18;97;7.4;214.1;667.0;1337.7;0.2;1167.0;0;19
18;98;7.2;217.1;655.0;1322.6;0.2;1167.0;0;19
18;99;9.3;181.9;566.0;1418.9;0.1;1167.0;0;19
19;0;10.9;252.1;749.0;2274.4;0.1;1724.0;1;1
19;1;8.7;299.7;734.0;2186.9;0.1;1691.0;1;2
19;2;11.1;236.5;632.0;2170.4;0.1;1691.0;0;2
19;3;11.4;225.4;561.0;2124.6;0.1;1691.0;0;2
19;4;10.7;251.7;707.0;2223.4;0.1;1691.0;0;2
19;5;10.5;249.1;642.0;2174.9;0.1;1691.0;0;2
19;6;12.8;206.4;568.0;2172.4;0.1;1691.0;0;2
19;7;11.6;222.4;553.0;2119.6;0.1;1691.0;0;2
19;8;11.6;225.4;620.0;2154.4;0.1;1691.0;0;2
19;9;12.2;215.6;586.0;2169.1;0.1;1691.0;0;2
19;10;14.7;182.2;432.0;2187.9;0.1;1691.0;0;2
19;11;11.4;230.0;661.0;2162.9;0.1;1671.0;1;3
19;12;13.2;198.3;515.0;2148.3;0.1;1671.0;0;3
19;13;12.5;204.4;547.0;2097.9;0.1;1671.0;0;3
19;14;8.3;293.0;670.0;2038.6;0.1;1651.0;1;4
19;15;8.6;294.1;718.0;2119.6;0.1;1651.0;0;4
19;16;9.3;271.8;727.0;2100.9;0.1;1624.0;1;5
19;17;10.9;226.0;593.0;2044.4;0.1;1624.0;0;5
19;18;8.7;289.7;742.0;2102.9;0.1;1624.0;0;5
19;19;9.5;255.0;603.0;2025.1;0.1;1624.0;0;5
19;20;10.2;242.1;548.0;2044.7;0.1;1624.0;0;5
19;21;8.6;285.4;620.0;2055.1;0.1;1624.0;0;5
19;22;10.2;241.1;620.0;2051.1;0.1;1624.0;0;5
19;23;10.4;227.0;509.0;1955.0;0.1;1624.0;0;5
19;24;12.1;195.8;518.0;1943.7;0.1;1624.0;0;5
19;25;10.1;240.3;617.0;2010.1;0.1;1624.0;0;5
19;26;8.8;270.3;683.0;1994.4;0.1;1577.0;1;6
19;27;9.2;253.0;555.0;1944.3;0.1;1577.0;0;6
19;28;10.1;236.7;553.0;1987.6;0.1;1577.0;0;6
19;29;9.3;252.8;639.0;1961.6;0.1;1577.0;0;6
19;30;9.3;245.0;568.0;1892.3;0.1;1571.0;1;7
19;31;8.2;283.8;682.0;1965.3;0.1;1551.0;1;8
19;32;6.5;335.5;813.0;1873.6;0.2;1401.0;1;9
19;33;8.6;265.9;713.0;1910.0;0.1;1401.0;0;9
19;34;11.0;211.9;523.0;1925.0;0.1;1401.0;0;9
19;35;10.2;226.5;595.0;1913.0;0.1;1401.0;0;9
19;36;12.1;191.4;453.0;1900.7;0.1;1401.0;0;9
19;37;11.3;201.4;507.0;1885.1;0.1;1401.0;0;9
19;38;10.7;211.6;494.0;1872.3;0.1;1401.0;0;9
19;39;9.0;236.7;558.0;1787.6;0.1;1401.0;0;9
19;40;9.8;219.5;570.0;1784.3;0.1;1401.0;0;9
19;41;13.2;167.6;425.0;1817.3;0.1;1401.0;0;9
19;42;11.5;192.3;449.0;1823.4;0.1;1401.0;0;9
19;43;10.1;217.8;542.0;1831.7;0.1;1401.0;0;9
19;44;11.1;201.9;515.0;1847.1;0.1;1401.0;0;9
19;45;10.2;218.4;507.0;1852.6;0.1;1401.0;0;9
19;46;10.6;210.1;528.0;1839.9;0.1;1401.0;0;9
19;47;11.1;202.0;528.0;1847.4;0.1;1401.0;0;9
19;48;8.7;246.5;560.0;1797.1;0.1;1401.0;0;9
19;49;7.6;275.8;715.0;1772.1;0.2;1390.0;1;10
19;50;8.7;247.3;622.0;1802.4;0.1;1390.0;0;10
19;51;7.1;292.4;673.0;1759.3;0.2;1390.0;0;10
19;52;7.2;287.1;698.0;1754.1;0.2;1390.0;0;10
19;53;8.3;254.3;664.0;1782.3;0.1;1390.0;0;10
19;54;7.1;283.2;703.0;1714.9;0.2;1333.0;1;11
19;55;8.3;253.4;655.0;1762.1;0.1;1333.0;0;11
19;56;6.9;302.9;825.0;1775.9;0.2;1296.0;1;12
19;57;8.3;246.6;604.0;1722.9;0.1;1296.0;0;12
19;58;7.0;280.0;741.0;1676.6;0.2;1251.0;1;13
19;59;6.9;288.6;689.0;1700.0;0.2;1251.0;0;13
19;60;8.3;230.3;491.0;1608.4;0.1;1251.0;0;13
19;61;7.9;238.3;592.0;1595.9;0.1;1251.0;0;13
19;62;8.0;241.6;581.0;1619.4;0.1;1251.0;0;13
19;63;8.4;232.2;500.0;1642.7;0.1;1251.0;0;13
19;64;8.4;218.7;568.0;1549.7;0.1;1251.0;0;13
19;65;9.2;192.6;486.0;1478.6;0.1;1251.0;0;13
19;66;8.6;208.4;531.0;1508.4;0.1;1251.0;0;13
19;67;5.8;308.9;742.0;1536.3;0.2;1251.0;0;13
19;68;7.7;228.8;551.0;1490.0;0.2;1251.0;0;13
19;69;8.5;207.1;527.0;1476.6;0.1;1251.0;0;13
19;70;8.7;206.1;525.0;1495.1;0.1;1251.0;0;13
19;71;8.7;197.3;531.0;1442.1;0.1;1230.0;1;14
19;72;7.5;226.0;570.0;1441.1;0.2;1224.0;1;15
19;73;7.8;226.3;595.0;1489.7;0.2;1224.0;0;15
19;74;7.1;244.9;602.0;1484.0;0.2;1224.0;0;15
19;75;10.0;184.1;521.0;1526.0;0.1;1224.0;0;15
19;76;6.6;270.9;730.0;1529.7;0.2;1224.0;0;15
19;77;6.7;270.1;702.0;1549.4;0.2;1224.0;0;15
19;78;4.6;359.0;842.0;1459.7;0.2;1188.0;1;16
19;79;5.9;300.1;783.0;1517.4;0.2;1188.0;0;16
19;80;5.6;302.8;744.0;1478.1;0.2;1183.0;1;17
19;81;9.2;173.9;443.0;1336.4;0.1;1183.0;0;17
19;82;10.5;150.3;350.0;1309.3;0.1;1183.0;0;17
19;83;7.1;222.1;615.0;1347.6;0.2;1183.0;0;17
19;84;10.9;145.9;340.0;1311.1;0.1;1183.0;0;17
19;85;9.0;175.9;418.0;1317.9;0.1;1183.0;0;17
19;86;4.9;337.8;803.0;1443.7;0.2;1183.0;0;17
19;87;7.8;203.7;505.0;1347.0;0.2;1183.0;0;17
19;88;10.2;154.3;371.0;1302.0;0.1;1182.0;1;18
19;89;10.0;157.6;483.0;1310.9;0.1;1182.0;0;18
19;90;13.3;115.4;337.0;1253.7;0.1;1182.0;0;18
19;91;12.9;118.3;365.0;1252.3;0.1;1175.0;1;19
19;92;13.0;117.2;346.0;1252.7;0.1;1175.0;0;19
19;93;14.5;103.9;305.0;1225.9;0.1;1174.0;1;20
19;94;15.2;99.3;289.0;1233.0;0.1;1174.0;0;20
19;95;15.4;98.5;300.0;1235.3;0.1;1174.0;0;20
19;96;15.9;95.1;279.0;1231.4;0.1;1174.0;0;20
19;97;17.4;86.7;258.0;1224.0;0.1;1174.0;0;20
19;98;17.6;85.9;246.0;1225.7;0.1;1174.0;0;20
19;99;5.6;295.8;927.0;1443.6;0.2;1174.0;0;20
20;0;10.0;264.3;704.0;2196.1;0.1;1706.0;1;1
20;1;11.8;229.1;596.0;2228.6;0.1;1706.0;0;1
20;2;13.0;208.4;527.0;2218.3;0.1;1706.0;0;1
20;3;15.5;169.5;469.0;2142.3;0.1;1706.0;0;1
20;4;11.2;237.0;611.0;2200.0;0.1;1706.0;0;1
20;5;11.4;235.2;626.0;2204.7;0.1;1706.0;0;1
20;6;11.7;221.6;586.0;2145.7;0.1;1706.0;0;1
20;7;15.9;169.2;424.0;2193.4;0.1;1706.0;0;1
20;8;13.1;205.9;576.0;2203.9;0.1;1706.0;0;1
20;9;14.1;181.5;517.0;2085.6;0.1;1706.0;0;1
20;10;11.8;218.7;568.0;2127.3;0.1;1706.0;0;1
20;11;10.1;250.5;630.0;2098.0;0.1;1646.0;1;2
20;12;12.6;201.6;471.0;2092.3;0.1;1646.0;0;2
20;13;11.7;222.4;522.0;2150.4;0.1;1646.0;0;2
20;14;10.3;255.5;609.0;2182.3;0.1;1646.0;0;2
20;15;9.3;275.8;676.0;2131.1;0.1;1646.0;0;2
20;16;9.9;266.6;624.0;2192.7;0.1;1646.0;0;2
20;17;9.1;273.5;634.0;2085.9;0.1;1646.0;0;2
20;18;7.7;322.6;802.0;2097.3;0.2;1646.0;0;2
20;19;11.5;213.3;520.0;2031.6;0.1;1646.0;0;2
20;20;8.9;274.7;651.0;2049.3;0.1;1646.0;0;2
20;21;12.2;197.6;495.0;1982.4;0.1;1646.0;0;2
20;22;9.9;248.1;657.0;2041.6;0.1;1623.0;1;3
20;23;12.8;192.8;468.0;2021.9;0.1;1623.0;0;3
20;24;9.5;257.9;644.0;2050.7;0.1;1623.0;0;3
20;25;9.1;278.6;696.0;2121.7;0.1;1623.0;0;3
20;26;7.6;316.6;781.0;2040.0;0.2;1569.0;1;4
20;27;8.1;307.3;767.0;2091.6;0.1;1569.0;0;4
20;28;9.8;245.7;604.0;2007.9;0.1;1569.0;0;4
20;29;11.7;206.9;513.0;1991.9;0.1;1569.0;0;4
20;30;9.5;259.8;568.0;2051.0;0.1;1569.0;0;4
20;31;10.6;222.4;539.0;1953.9;0.1;1569.0;0;4
20;32;8.7;263.4;598.0;1917.7;0.1;1561.0;1;5
20;33;8.7;267.0;616.0;1949.6;0.1;1561.0;0;5
20;34;8.3;269.8;679.0;1886.9;0.1;1447.0;1;6
20;35;8.8;267.0;590.0;1960.9;0.1;1447.0;0;6
20;36;6.8;330.8;743.0;1903.9;0.2;1447.0;0;6
20;37;10.4;210.1;540.0;1813.9;0.1;1447.0;0;6
20;38;8.5;253.5;636.0;1806.4;0.1;1421.0;1;7
20;39;9.5;220.7;528.0;1752.9;0.1;1421.0;0;7
20;40;7.4;280.2;754.0;1758.0;0.2;1337.0;1;8
20;41;7.8;258.1;600.0;1689.1;0.2;1337.0;0;8
20;42;6.9;290.3;694.0;1714.9;0.2;1337.0;0;8
20;43;6.6;303.9;723.0;1711.7;0.2;1337.0;0;8
20;44;7.9;260.2;607.0;1738.1;0.1;1337.0;0;8
20;45;9.8;209.6;520.0;1707.7;0.1;1337.0;0;8
20;46;7.3;286.3;666.0;1767.7;0.2;1337.0;0;8
20;47;8.0;271.1;651.0;1817.9;0.1;1337.0;0;8
20;48;7.1;281.8;711.0;1705.7;0.2;1312.0;1;9
20;49;6.3;323.5;714.0;1739.3;0.2;1312.0;0;9
20;50;7.2;284.1;771.0;1739.4;0.2;1309.0;1;10
20;51;7.5;266.7;573.0;1690.3;0.2;1309.0;0;10
20;52;5.9;341.0;815.0;1720.3;0.2;1309.0;0;10
20;53;6.2;314.5;726.0;1681.9;0.2;1309.0;0;10
20;54;7.5;269.2;597.0;1717.9;0.2;1309.0;0;10
20;55;5.6;358.9;784.0;1738.9;0.2;1309.0;0;10
20;56;7.9;262.7;662.0;1758.0;0.1;1309.0;0;10
20;57;6.8;307.3;704.0;1768.0;0.2;1309.0;0;10
20;58;6.9;289.3;736.0;1695.1;0.2;1298.0;1;11
20;59;7.6;275.7;707.0;1775.9;0.2;1298.0;0;11
20;60;5.0;390.1;881.0;1701.9;0.2;1255.0;1;12
20;61;5.6;334.8;746.0;1629.1;0.2;1255.0;0;12
20;62;4.7;399.3;863.0;1651.0;0.2;1255.0;0;12
20;63;5.7;334.5;817.0;1644.0;0.2;1215.0;1;13
20;64;6.9;267.9;717.0;1569.4;0.2;1215.0;0;13
20;65;6.2;294.0;721.0;1559.7;0.2;1215.0;0;13
20;66;9.7;177.2;430.0;1429.3;0.1;1215.0;0;13
20;67;7.8;235.1;614.0;1544.4;0.2;1215.0;0;13
20;68;6.8;289.6;784.0;1669.3;0.2;1215.0;0;13
20;69;5.7;303.7;750.0;1487.1;0.2;1214.0;1;14
20;70;5.7;330.0;782.0;1621.4;0.2;1214.0;0;14
20;71;5.7;325.4;847.0;1607.0;0.2;1214.0;0;14
20;72;5.2;344.5;837.0;1554.3;0.2;1214.0;0;14
20;73;5.7;305.2;733.0;1494.6;0.2;1214.0;0;14
20;74;6.2;296.3;739.0;1570.4;0.2;1214.0;0;14
20;75;5.2;319.9;781.0;1459.6;0.2;1213.0;1;15
20;76;5.4;325.2;803.0;1516.3;0.2;1213.0;0;15
20;77;4.8;355.3;824.0;1499.0;0.2;1213.0;0;15
20;78;6.1;278.9;673.0;1462.0;0.2;1213.0;0;15
20;79;7.0;255.5;603.0;1512.1;0.2;1213.0;0;15
20;80;6.6;266.2;704.0;1496.9;0.2;1194.0;1;16
20;81;6.1;283.2;689.0;1474.1;0.2;1194.0;0;16
20;82;6.2;267.0;665.0;1430.0;0.2;1194.0;0;16
20;83;6.7;265.3;726.0;1509.1;0.2;1184.0;1;17
20;84;4.0;437.7;1087.0;1562.4;0.3;1184.0;0;17
20;85;5.2;343.7;888.0;1543.6;0.2;1184.0;0;17
20;86;4.8;345.9;801.0;1444.3;0.2;1184.0;0;17
20;87;5.2;326.3;773.0;1469.0;0.2;1184.0;0;17
20;88;12.2;133.5;343.0;1337.4;0.1;1184.0;0;17
20;89;21.6;72.2;231.0;1253.4;0.1;1184.0;0;17
20;90;7.3;217.7;622.0;1353.9;0.2;1184.0;0;17
20;91;5.7;279.8;876.0;1383.4;0.2;1180.0;1;18
20;92;5.7;279.0;847.0;1371.7;0.2;1180.0;0;18
20;93;4.7;334.0;1012.0;1391.1;0.2;1180.0;0;18
20;94;5.9;271.2;829.0;1385.9;0.2;1180.0;0;18
20;95;4.5;350.6;1058.0;1392.6;0.3;1179.0;1;19
20;96;5.8;279.4;865.0;1390.0;0.2;1179.0;0;19
20;97;3.7;423.3;1249.0;1409.6;0.3;1179.0;0;19
20;98;4.6;334.4;969.0;1357.9;0.2;1179.0;0;19
20;99;3.6;434.1;1277.0;1398.1;0.3;1179.0;0;19
21;0;14.5;188.4;453.0;2224.9;0.1;1914.0;1;1
21;1;10.6;252.8;660.0;2222.3;0.1;1742.0;1;2
21;2;13.5;201.0;511.0;2220.0;0.1;1742.0;0;2
21;3;11.5;236.1;648.0;2241.9;0.1;1742.0;0;2
21;4;11.6;240.8;703.0;2311.0;0.1;1742.0;0;2
21;5;11.5;229.8;620.0;2180.9;0.1;1742.0;0;2
21;6;11.6;221.2;546.0;2123.0;0.1;1738.0;1;3
21;7;10.9;237.7;616.0;2138.3;0.1;1738.0;0;3
21;8;13.4;199.2;496.0;2184.7;0.1;1738.0;0;3
21;9;11.8;217.9;536.0;2117.4;0.1;1738.0;0;3
21;10;10.8;239.8;658.0;2148.4;0.1;1738.0;0;3
21;11;13.5;194.0;508.0;2139.9;0.1;1738.0;0;3
21;12;9.4;276.9;677.0;2163.9;0.1;1693.0;1;4
21;13;11.3;218.0;576.0;2036.4;0.1;1678.0;1;5
21;14;8.7;290.5;668.0;2106.9;0.1;1678.0;0;5
21;15;11.5;215.6;505.0;2038.7;0.1;1678.0;0;5
21;16;11.3;213.0;472.0;1990.3;0.1;1678.0;0;5
21;17;7.3;320.6;742.0;1995.1;0.2;1578.0;1;6
21;18;10.8;230.7;586.0;2069.9;0.1;1578.0;0;6
21;19;10.4;233.1;534.0;2015.1;0.1;1578.0;0;6
21;20;10.8;221.6;613.0;1981.0;0.1;1578.0;0;6
21;21;10.2;246.1;589.0;2075.9;0.1;1578.0;0;6
21;22;9.0;274.9;596.0;2066.3;0.1;1578.0;0;6
21;23;11.5;218.2;584.0;2066.3;0.1;1578.0;0;6
21;24;12.4;195.8;499.0;1988.9;0.1;1578.0;0;6
21;25;9.2;261.5;644.0;2011.3;0.1;1578.0;0;6
21;26;8.6;284.5;665.0;2045.6;0.1;1578.0;0;6
21;27;9.7;241.1;553.0;1949.4;0.1;1578.0;0;6
21;28;8.6;263.0;653.0;1897.6;0.1;1537.0;1;7
21;29;11.0;214.7;512.0;1960.4;0.1;1537.0;0;7
21;30;7.9;286.0;628.0;1903.3;0.2;1537.0;0;7
21;31;7.6;297.6;638.0;1907.1;0.2;1537.0;0;7
21;32;8.5;268.6;586.0;1921.7;0.1;1537.0;0;7
21;33;8.8;256.6;621.0;1889.6;0.1;1537.0;0;7
21;34;7.2;321.8;727.0;1964.6;0.2;1534.0;1;8
21;35;7.0;313.3;679.0;1854.1;0.2;1489.0;1;9
21;36;8.0;285.9;701.0;1931.3;0.1;1489.0;0;9
21;37;7.2;298.3;671.0;1815.0;0.2;1430.0;1;10
21;38;9.5;231.4;599.0;1839.4;0.1;1430.0;0;10
21;39;9.7;210.9;494.0;1698.4;0.1;1430.0;0;10
21;40;8.1;256.2;574.0;1743.7;0.1;1430.0;0;10
21;41;9.9;203.9;447.0;1679.0;0.1;1430.0;0;10
21;42;9.0;220.9;490.0;1664.3;0.1;1430.0;0;10
21;43;7.1;301.6;776.0;1827.4;0.2;1394.0;1;11
21;44;6.7;298.7;687.0;1714.4;0.2;1372.0;1;12
21;45;8.4;247.4;555.0;1740.7;0.1;1372.0;0;12
21;46;7.3;285.0;643.0;1761.7;0.2;1372.0;0;12
21;47;8.3;247.8;614.0;1735.6;0.1;1372.0;0;12
21;48;7.0;284.0;732.0;1698.0;0.2;1333.0;1;13
21;49;6.3;326.0;839.0;1769.6;0.2;1294.0;1;14
21;50;7.9;267.2;557.0;1776.0;0.2;1294.0;0;14
21;51;7.2;289.0;736.0;1763.7;0.2;1294.0;0;14
21;52;6.0;346.7;858.0;1779.4;0.2;1294.0;0;14
21;53;8.0;261.2;633.0;1764.0;0.1;1294.0;0;14
21;54;5.2;381.7;907.0;1716.6;0.2;1238.0;1;15
21;55;6.6;312.0;747.0;1752.7;0.2;1238.0;0;15
21;56;6.9;305.6;807.0;1786.6;0.2;1238.0;0;15
21;57;8.9;243.8;593.0;1816.9;0.1;1238.0;0;15
21;58;6.8;291.0;674.0;1693.6;0.2;1238.0;0;15
21;59;5.9;330.1;752.0;1667.6;0.2;1238.0;0;15
21;60;6.2;320.7;769.0;1713.7;0.2;1238.0;0;15
21;61;4.5;409.3;883.0;1615.4;0.3;1219.0;1;16
21;62;7.3;260.3;644.0;1616.3;0.2;1219.0;0;16
21;63;6.0;318.1;776.0;1652.6;0.2;1219.0;0;16
21;64;5.3;334.2;778.0;1527.1;0.2;1219.0;0;16
21;65;6.5;280.9;755.0;1562.0;0.2;1219.0;0;16
21;66;5.4;312.9;732.0;1457.4;0.2;1219.0;0;16
21;67;10.1;183.7;485.0;1546.0;0.1;1219.0;0;16
21;68;6.9;256.7;608.0;1514.6;0.2;1219.0;0;16
21;69;8.3;221.1;528.0;1534.9;0.1;1219.0;0;16
21;70;6.1;285.6;685.0;1502.3;0.2;1219.0;0;16
21;71;5.2;326.3;766.0;1475.9;0.2;1217.0;1;17
21;72;6.7;270.0;696.0;1541.1;0.2;1217.0;0;17
21;73;6.2;276.4;647.0;1478.9;0.2;1217.0;0;17
21;74;6.0;285.2;688.0;1461.0;0.2;1217.0;0;17
21;75;6.6;262.5;644.0;1483.1;0.2;1217.0;0;17
21;76;5.9;285.6;682.0;1446.1;0.2;1213.0;1;18
21;77;5.6;288.9;669.0;1394.7;0.2;1191.0;1;19
21;78;5.4;298.9;692.0;1407.3;0.2;1191.0;0;19
21;79;5.3;303.4;699.0;1396.9;0.2;1177.0;1;20
21;80;5.6;291.9;662.0;1403.9;0.2;1177.0;0;20
21;81;5.7;288.7;670.0;1411.0;0.2;1177.0;0;20
21;82;5.5;302.0;700.0;1432.6;0.2;1177.0;0;20
21;83;17.7;86.4;213.0;1239.9;0.1;1170.0;1;21
21;84;8.4;186.5;429.0;1308.4;0.1;1170.0;0;21
21;85;7.6;218.9;571.0;1403.7;0.2;1170.0;0;21
21;86;8.4;187.6;420.0;1317.9;0.1;1170.0;0;21
21;87;14.0;109.1;243.0;1249.6;0.1;1170.0;0;21
21;88;5.7;279.0;637.0;1374.9;0.2;1170.0;0;21
21;89;13.0;115.8;346.0;1237.6;0.1;1170.0;0;21
21;90;9.9;175.0;560.0;1443.3;0.1;1170.0;0;21
21;91;8.0;210.9;641.0;1423.3;0.1;1170.0;0;21
21;92;10.2;171.4;561.0;1458.3;0.1;1170.0;0;21
21;93;6.8;242.3;740.0;1395.0;0.2;1170.0;0;21
21;94;14.2;106.7;323.0;1241.0;0.1;1170.0;0;21
21;95;8.2;189.8;565.0;1308.4;0.1;1170.0;0;21
21;96;6.9;228.4;668.0;1345.4;0.2;1170.0;0;21
21;97;12.6;122.3;364.0;1267.4;0.1;1170.0;0;21
21;98;12.2;124.4;379.0;1250.7;0.1;1170.0;0;21
21;99;14.1;110.2;349.0;1269.0;0.1;1170.0;0;21
22;0;13.2;200.4;506.0;2175.0;0.1;1847.0;1;1
22;1;13.7;202.3;523.0;2268.6;0.1;1847.0;0;1
22;2;13.7;198.6;475.0;2225.1;0.1;1847.0;0;1
22;3;13.0;210.1;582.0;2241.9;0.1;1847.0;0;1
22;4;13.6;193.1;517.0;2148.7;0.1;1786.0;1;2
22;5;13.0;205.5;545.0;2183.3;0.1;1786.0;0;2
22;6;14.0;198.6;480.0;2279.9;0.1;1786.0;0;2
22;7;13.6;196.6;488.0;2185.9;0.1;1786.0;0;2
22;8;11.7;238.9;595.0;2296.0;0.1;1786.0;0;2
22;9;12.9;207.3;582.0;2197.1;0.1;1786.0;0;2
22;10;13.2;195.1;473.0;2115.9;0.1;1786.0;0;2
22;11;11.7;217.3;582.0;2095.4;0.1;1740.0;1;3
22;12;14.5;178.0;441.0;2102.1;0.1;1740.0;0;3
22;13;8.5;304.0;779.0;2178.3;0.1;1629.0;1;4
22;14;12.9;203.2;463.0;2148.6;0.1;1629.0;0;4
22;15;8.7;286.9;706.0;2082.3;0.1;1629.0;0;4
22;16;9.8;262.2;640.0;2134.9;0.1;1629.0;0;4
22;17;11.0;235.0;563.0;2138.6;0.1;1629.0;0;4
22;18;8.0;310.6;811.0;2093.7;0.1;1577.0;1;5
22;19;9.3;267.0;650.0;2070.7;0.1;1577.0;0;5
22;20;8.5;283.8;701.0;2026.7;0.1;1577.0;0;5
22;21;9.7;249.1;649.0;2019.7;0.1;1577.0;0;5
22;22;10.3;238.4;627.0;2046.9;0.1;1577.0;0;5
22;23;10.3;245.3;590.0;2089.1;0.1;1577.0;0;5
22;24;9.1;267.0;570.0;2022.4;0.1;1577.0;0;5
22;25;9.0;257.0;694.0;1935.7;0.1;1462.0;1;6
22;26;8.4;277.8;704.0;1966.1;0.1;1462.0;0;6
22;27;10.3;233.9;593.0;1996.3;0.1;1462.0;0;6
22;28;8.8;265.0;615.0;1953.7;0.1;1462.0;0;6
22;29;8.6;266.0;590.0;1915.4;0.1;1462.0;0;6
22;30;9.1;253.7;578.0;1930.1;0.1;1462.0;0;6
22;31;7.6;299.0;644.0;1926.0;0.2;1462.0;0;6
22;32;8.4;278.4;628.0;1955.9;0.1;1462.0;0;6
22;33;8.9;262.1;613.0;1950.9;0.1;1462.0;0;6
22;34;10.8;215.1;489.0;1927.9;0.1;1462.0;0;6
22;35;9.0;246.3;629.0;1860.1;0.1;1462.0;0;6
22;36;8.8;253.4;609.0;1868.4;0.1;1462.0;0;6
22;37;10.2;225.5;544.0;1918.1;0.1;1462.0;0;6
22;38;8.3;267.2;692.0;1866.9;0.1;1443.0;1;7
22;39;8.7;242.8;574.0;1772.4;0.1;1443.0;0;7
22;40;8.8;238.3;518.0;1764.1;0.1;1443.0;0;7
22;41;6.9;285.4;655.0;1685.0;0.2;1349.0;1;8
22;42;7.9;270.8;644.0;1793.3;0.2;1349.0;0;8
22;43;7.7;261.1;660.0;1701.4;0.2;1344.0;1;9
22;44;7.9;251.8;559.0;1683.1;0.1;1344.0;0;9
22;45;7.1;280.0;667.0;1693.1;0.2;1344.0;0;9
22;46;8.5;228.4;627.0;1631.0;0.1;1321.0;1;10
22;47;7.6;261.4;613.0;1675.3;0.2;1321.0;0;10
22;48;6.8;277.5;682.0;1613.4;0.2;1280.0;1;11
22;49;7.0;275.6;662.0;1645.1;0.2;1280.0;0;11
22;50;7.0;260.4;632.0;1558.0;0.2;1263.0;1;12
22;51;5.9;316.6;755.0;1617.3;0.2;1252.0;1;13
22;52;6.9;293.6;667.0;1719.9;0.2;1252.0;0;13
22;53;6.7;294.3;654.0;1690.1;0.2;1252.0;0;13
22;54;6.3;314.0;790.0;1694.9;0.2;1252.0;0;13
22;55;6.8;288.8;693.0;1665.6;0.2;1252.0;0;13
22;56;5.0;357.3;786.0;1566.7;0.2;1224.0;1;14
22;57;5.3;341.8;815.0;1576.0;0.2;1202.0;1;15
22;58;5.3;350.7;767.0;1617.0;0.2;1202.0;0;15
22;59;6.4;308.4;730.0;1679.0;0.2;1202.0;0;15
22;60;5.8;332.3;817.0;1664.3;0.2;1202.0;0;15
22;61;6.8;279.3;692.0;1613.4;0.2;1202.0;0;15
22;62;6.0;315.8;702.0;1635.0;0.2;1202.0;0;15
22;63;5.9;320.0;787.0;1618.0;0.2;1202.0;0;15
22;64;9.7;176.2;482.0;1427.7;0.1;1202.0;0;15
22;65;11.7;151.1;372.0;1457.3;0.1;1202.0;0;15
22;66;8.6;194.6;483.0;1400.6;0.1;1202.0;0;15
22;67;10.5;162.3;471.0;1413.1;0.1;1187.0;1;16
22;68;12.6;135.2;332.0;1399.3;0.1;1187.0;0;16
22;69;12.9;132.7;364.0;1408.3;0.1;1187.0;0;16
22;70;9.5;174.3;433.0;1383.0;0.1;1187.0;0;16
22;71;10.9;157.9;395.0;1420.4;0.1;1187.0;0;16
22;72;10.6;160.9;381.0;1415.3;0.1;1187.0;0;16
22;73;8.5;202.0;575.0;1448.6;0.1;1187.0;0;16
22;74;6.2;269.3;657.0;1434.3;0.2;1187.0;0;16
22;75;10.4;166.6;472.0;1432.4;0.1;1187.0;0;16
22;76;8.0;222.3;559.0;1496.1;0.1;1187.0;0;16
22;77;7.0;240.7;615.0;1434.3;0.2;1184.0;1;17
22;78;9.6;188.0;468.0;1498.0;0.1;1184.0;0;17
22;79;12.5;149.3;391.0;1528.7;0.1;1184.0;0;17
22;80;7.3;231.9;611.0;1426.4;0.2;1184.0;0;17
22;81;5.9;289.3;706.0;1474.3;0.2;1184.0;0;17
22;82;5.7;305.0;750.0;1491.7;0.2;1184.0;0;17
22;83;5.3;330.3;817.0;1521.7;0.2;1184.0;0;17
22;84;5.3;309.5;739.0;1413.3;0.2;1184.0;0;17
22;85;5.6;295.1;694.0;1418.4;0.2;1184.0;0;17
22;86;4.9;336.3;783.0;1448.6;0.2;1184.0;0;17
22;87;6.6;251.4;640.0;1414.7;0.2;1184.0;0;17
22;88;6.2;258.5;618.0;1375.4;0.2;1179.0;1;18
22;89;9.1;178.8;595.0;1364.6;0.1;1179.0;0;18
22;90;7.5;208.7;639.0;1320.3;0.2;1177.0;1;19
22;91;42.9;35.1;102.0;1194.0;0.0;1177.0;0;19
22;92;9.7;162.7;499.0;1308.6;0.1;1177.0;0;19
22;93;37.7;39.8;115.0;1192.6;0.0;1175.0;1;20
22;94;8.8;172.8;502.0;1270.0;0.1;1175.0;0;20
22;95;30.6;49.5;148.0;1207.6;0.0;1175.0;0;20
22;96;6.8;224.3;644.0;1301.7;0.2;1175.0;0;20
22;97;49.2;30.9;90.0;1202.3;0.0;1175.0;0;20
22;98;51.9;29.2;84.0;1199.4;0.0;1175.0;0;20
22;99;51.7;29.4;97.0;1201.7;0.0;1172.0;1;21
23;0;11.3;231.1;632.0;2150.6;0.1;1708.0;1;1
23;1;12.4;223.9;605.0;2280.9;0.1;1708.0;0;1
23;2;14.4;190.0;464.0;2229.0;0.1;1708.0;0;1
23;3;11.4;239.7;663.0;2246.9;0.1;1708.0;0;1
23;4;13.7;201.7;491.0;2253.0;0.1;1708.0;0;1
23;5;11.7;218.9;518.0;2108.4;0.1;1708.0;0;1
23;6;11.0;234.1;624.0;2137.3;0.1;1698.0;1;2
23;7;14.5;186.7;487.0;2203.4;0.1;1698.0;0;2
23;8;9.9;262.8;638.0;2156.7;0.1;1698.0;0;2
23;9;13.2;206.2;497.0;2227.6;0.1;1698.0;0;2
23;10;12.0;223.5;605.0;2210.3;0.1;1698.0;0;2
23;11;10.2;265.0;646.0;2243.7;0.1;1698.0;0;2
23;12;10.5;244.9;690.0;2135.1;0.1;1656.0;1;3
23;13;10.3;247.0;629.0;2120.1;0.1;1656.0;0;3
23;14;9.9;258.2;642.0;2120.9;0.1;1656.0;0;3
23;15;9.3;280.1;632.0;2172.6;0.1;1656.0;0;3
23;16;7.5;330.1;741.0;2093.0;0.2;1653.0;1;4
23;17;9.5;277.8;678.0;2201.0;0.1;1653.0;0;4
23;18;9.8;250.9;579.0;2042.0;0.1;1653.0;0;4
23;19;9.7;254.2;611.0;2043.1;0.1;1653.0;0;4
23;20;9.8;252.8;591.0;2065.1;0.1;1653.0;0;4
23;21;6.4;397.5;861.0;2178.3;0.2;1653.0;0;4
23;22;6.7;346.4;798.0;1984.4;0.2;1530.0;1;5
23;23;11.4;213.3;508.0;2010.4;0.1;1530.0;0;5
23;24;8.5;272.3;584.0;1940.4;0.1;1530.0;0;5
23;25;9.8;241.2;544.0;1961.3;0.1;1530.0;0;5
23;26;9.3;251.7;579.0;1950.7;0.1;1530.0;0;5
23;27;10.6;222.7;546.0;1952.0;0.1;1530.0;0;5
23;28;9.0;263.4;619.0;1983.0;0.1;1530.0;0;5
23;29;8.6;271.0;611.0;1946.3;0.1;1530.0;0;5
23;30;8.7;268.3;650.0;1966.4;0.1;1530.0;0;5
23;31;10.4;235.8;587.0;2028.4;0.1;1530.0;0;5
23;32;11.2;207.1;534.0;1913.0;0.1;1530.0;0;5
23;33;7.5;294.7;750.0;1876.4;0.2;1388.0;1;6
23;34;8.2;266.4;700.0;1836.3;0.1;1375.0;1;7
23;35;7.1;308.3;716.0;1856.4;0.2;1375.0;0;7
23;36;7.3;290.8;694.0;1807.4;0.2;1374.0;1;8
23;37;7.3;293.5;628.0;1820.6;0.2;1374.0;0;8
23;38;5.9;350.0;812.0;1767.0;0.2;1310.0;1;9
23;39;7.9;241.6;620.0;1618.1;0.1;1289.0;1;10
23;40;7.6;253.2;587.0;1629.1;0.2;1289.0;0;10
23;41;9.3;211.2;578.0;1643.3;0.1;1289.0;0;10
23;42;8.7;222.6;548.0;1618.1;0.1;1289.0;0;10
23;43;7.6;246.5;554.0;1585.0;0.2;1289.0;0;10
23;44;8.5;222.4;533.0;1593.3;0.1;1289.0;0;10
23;45;8.9;204.6;470.0;1521.3;0.1;1289.0;0;10
23;46;7.3;260.1;645.0;1608.0;0.2;1270.0;1;11
23;47;8.8;219.2;537.0;1619.3;0.1;1270.0;0;11
23;48;6.5;286.0;729.0;1586.1;0.2;1201.0;1;12
23;49;7.1;257.3;562.0;1549.9;0.2;1201.0;0;12
23;50;6.4;295.2;726.0;1610.6;0.2;1201.0;0;12
23;51;6.2;279.8;645.0;1478.3;0.2;1201.0;0;12
23;52;9.0;183.7;427.0;1385.4;0.1;1201.0;0;12
23;53;9.0;183.1;427.0;1382.6;0.1;1176.0;1;13
23;54;10.0;160.8;358.0;1331.7;0.1;1176.0;0;13
23;55;10.3;154.7;344.0;1319.6;0.1;1176.0;0;13
23;56;9.9;164.3;350.0;1348.7;0.1;1176.0;0;13
23;57;8.9;179.2;377.0;1337.9;0.1;1173.0;1;14
23;58;7.9;209.9;448.0;1392.3;0.2;1173.0;0;14
23;59;8.9;187.1;459.0;1396.3;0.1;1173.0;0;14
23;60;7.7;210.8;450.0;1378.0;0.2;1173.0;0;14
23;61;7.6;220.0;473.0;1406.3;0.2;1173.0;0;14
23;62;8.1;200.7;477.0;1361.7;0.1;1164.0;1;15
23;63;8.7;182.3;408.0;1335.1;0.1;1160.0;1;16
23;64;10.1;153.8;357.0;1295.9;0.1;1160.0;0;16
23;65;10.6;148.0;347.0;1300.3;0.1;1160.0;0;16
23;66;9.9;157.7;370.0;1295.4;0.1;1160.0;0;16
23;67;10.1;153.0;359.0;1288.3;0.1;1160.0;0;16
23;68;10.7;142.6;383.0;1263.6;0.1;1160.0;0;16
23;69;18.6;81.8;187.0;1227.3;0.1;1160.0;0;16
23;70;21.0;72.5;163.0;1226.4;0.1;1160.0;0;16
23;71;19.2;79.5;181.0;1231.3;0.1;1160.0;0;16
23;72;21.2;71.6;164.0;1224.9;0.1;1160.0;0;16
23;73;20.7;73.7;165.0;1227.4;0.1;1160.0;0;16
23;74;20.0;76.0;176.0;1224.0;0.1;1160.0;0;16
23;75;19.5;78.6;187.0;1235.0;0.1;1160.0;0;16
23;76;21.1;71.9;166.0;1224.1;0.1;1160.0;0;16
23;77;22.4;68.3;156.0;1229.1;0.1;1160.0;0;16
23;78;27.7;54.9;122.0;1216.1;0.0;1160.0;0;16
23;79;25.2;60.1;140.0;1215.3;0.0;1160.0;0;16
23;80;25.3;59.9;139.0;1214.6;0.0;1160.0;0;16
23;81;34.3;44.3;101.0;1209.0;0.0;1160.0;0;16
23;82;33.9;44.8;108.0;1208.4;0.0;1160.0;0;16
23;83;33.7;45.0;105.0;1208.1;0.0;1160.0;0;16
23;84;33.6;45.1;104.0;1207.9;0.0;1160.0;0;16
23;85;33.9;44.8;104.0;1208.3;0.0;1160.0;0;16
23;86;42.6;35.3;104.0;1193.0;0.0;1160.0;0;16
23;87;43.8;34.4;99.0;1194.7;0.0;1160.0;0;16
23;88;28.7;52.4;151.0;1198.9;0.0;1160.0;0;16
23;89;32.5;46.4;137.0;1199.9;0.0;1160.0;0;16
23;90;32.9;45.8;133.0;1201.1;0.0;1160.0;0;16
23;91;28.4;52.8;155.0;1197.9;0.0;1160.0;0;16
23;92;10.8;138.2;397.0;1234.4;0.1;1160.0;0;16
23;93;11.0;136.2;397.0;1239.6;0.1;1160.0;0;16
23;94;11.0;136.4;396.0;1238.0;0.1;1160.0;0;16
23;95;10.7;138.6;399.0;1233.4;0.1;1160.0;0;16
23;96;10.9;137.6;403.0;1236.3;0.1;1160.0;0;16
23;97;11.2;133.1;387.0;1233.1;0.1;1160.0;0;16
23;98;11.2;133.6;387.0;1232.0;0.1;1160.0;0;16
23;99;11.3;134.3;393.0;1249.6;0.1;1160.0;0;16
24;0;13.9;196.9;528.0;2245.4;0.1;1873.0;1;1
24;1;14.6;182.9;507.0;2175.7;0.1;1851.0;1;2
24;2;11.3;226.9;577.0;2122.4;0.1;1725.0;1;3
24;3;12.0;226.4;595.0;2229.4;0.1;1725.0;0;3
24;4;10.2;258.8;665.0;2188.4;0.1;1725.0;0;3
24;5;13.8;191.8;532.0;2168.7;0.1;1725.0;0;3
24;6;13.4;197.1;538.0;2156.6;0.1;1725.0;0;3
24;7;9.0;297.9;699.0;2237.9;0.1;1725.0;0;3
24;8;14.5;181.4;428.0;2149.1;0.1;1725.0;0;3
24;9;11.6;223.9;552.0;2148.7;0.1;1725.0;0;3
24;10;12.6;204.2;536.0;2114.7;0.1;1725.0;0;3
24;11;11.6;223.5;619.0;2131.7;0.1;1700.0;1;4
24;12;10.0;269.8;763.0;2238.4;0.1;1662.0;1;5
24;13;13.4;197.3;483.0;2172.7;0.1;1662.0;0;5
24;14;11.1;227.3;549.0;2076.9;0.1;1662.0;0;5
24;15;11.8;220.8;534.0;2147.0;0.1;1662.0;0;5
24;16;9.7;258.0;611.0;2087.0;0.1;1662.0;0;5
24;17;10.3;237.8;589.0;2033.9;0.1;1662.0;0;5
24;18;10.3;234.4;624.0;2010.1;0.1;1584.0;1;6
24;19;9.6;250.6;623.0;2014.1;0.1;1584.0;0;6
24;20;11.4;210.8;510.0;1978.0;0.1;1584.0;0;6
24;21;9.7;248.2;621.0;2009.7;0.1;1584.0;0;6
24;22;10.6;224.5;559.0;1972.1;0.1;1584.0;0;6
24;23;12.3;195.8;441.0;1973.1;0.1;1584.0;0;6
24;24;10.5;227.5;594.0;1986.4;0.1;1584.0;0;6
24;25;11.9;206.9;488.0;2027.3;0.1;1584.0;0;6
24;26;8.9;254.9;593.0;1901.4;0.1;1567.0;1;7
24;27;12.0;198.9;499.0;1959.6;0.1;1567.0;0;7
24;28;10.3;224.4;500.0;1925.6;0.1;1567.0;0;7
24;29;9.0;253.5;664.0;1899.9;0.1;1452.0;1;8
24;30;7.1;306.4;731.0;1840.7;0.2;1408.0;1;9
24;31;7.2;310.0;699.0;1898.6;0.2;1408.0;0;9
24;32;8.7;258.8;613.0;1878.7;0.1;1408.0;0;9
24;33;8.1;277.3;727.0;1897.3;0.1;1408.0;0;9
24;34;10.6;213.8;531.0;1879.1;0.1;1408.0;0;9
24;35;7.7;289.7;731.0;1884.6;0.2;1408.0;0;9
24;36;7.0;308.0;739.0;1841.1;0.2;1389.0;1;10
24;37;9.4;235.5;603.0;1849.1;0.1;1389.0;0;10
24;38;8.2;258.7;636.0;1790.3;0.1;1389.0;0;10
24;39;6.0;340.1;868.0;1766.6;0.2;1305.0;1;11
24;40;6.0;345.3;772.0;1781.3;0.2;1305.0;0;11
24;41;7.7;252.3;605.0;1639.1;0.2;1305.0;0;11
24;42;8.2;227.9;596.0;1577.6;0.1;1305.0;0;11
24;43;9.7;178.3;525.0;1444.9;0.1;1240.0;1;12
24;44;9.9;176.1;435.0;1447.1;0.1;1240.0;0;12
24;45;10.5;161.5;360.0;1403.0;0.1;1240.0;0;12
24;46;14.1;118.1;291.0;1359.0;0.1;1222.0;1;13
24;47;12.5;130.9;314.0;1346.1;0.1;1195.0;1;14
24;48;7.1;263.3;584.0;1594.3;0.2;1195.0;0;14
24;49;7.0;272.0;706.0;1610.7;0.2;1195.0;0;14
24;50;7.1;259.8;644.0;1565.7;0.2;1195.0;0;14
24;51;8.0;252.5;666.0;1701.3;0.1;1195.0;0;14
24;52;6.4;299.9;740.0;1633.6;0.2;1195.0;0;14
24;53;6.9;279.0;698.0;1633.1;0.2;1195.0;0;14
24;54;5.3;336.1;733.0;1560.3;0.2;1195.0;0;14
24;55;5.6;326.4;747.0;1569.1;0.2;1182.0;1;15
24;56;6.3;295.7;753.0;1593.4;0.2;1182.0;0;15
24;57;5.8;323.1;773.0;1622.3;0.2;1182.0;0;15
24;58;5.7;323.5;740.0;1587.9;0.2;1182.0;0;15
24;59;12.4;127.4;288.0;1297.0;0.1;1181.0;1;16
24;60;14.4;108.9;237.0;1282.0;0.1;1177.0;1;17
24;61;14.8;105.7;222.0;1276.4;0.1;1177.0;0;17
24;62;14.6;107.1;228.0;1273.3;0.1;1172.0;1;18
24;63;8.6;184.6;506.0;1335.0;0.1;1172.0;0;18
24;64;11.4;139.3;356.0;1313.3;0.1;1172.0;0;18
24;65;10.1;153.5;352.0;1287.6;0.1;1172.0;0;18
24;66;10.4;149.1;345.0;1282.1;0.1;1172.0;0;18
24;67;13.9;110.7;273.0;1262.4;0.1;1172.0;0;18
24;68;29.3;52.0;129.0;1215.4;0.0;1172.0;0;18
24;69;11.5;134.7;310.0;1276.3;0.1;1172.0;0;18
24;70;10.0;156.1;363.0;1293.7;0.1;1172.0;0;18
24;71;11.1;141.5;336.0;1301.3;0.1;1172.0;0;18
24;72;11.1;140.5;323.0;1286.1;0.1;1172.0;0;18
24;73;10.9;141.6;326.0;1279.0;0.1;1172.0;0;18
24;74;11.7;133.1;317.0;1278.6;0.1;1172.0;0;18
24;75;11.1;139.6;326.0;1284.9;0.1;1172.0;0;18
24;76;10.8;144.6;342.0;1292.1;0.1;1172.0;0;18
24;77;10.8;143.1;325.0;1279.4;0.1;1172.0;0;18
24;78;12.2;131.8;343.0;1320.3;0.1;1172.0;0;18
24;79;6.3;254.4;602.0;1375.7;0.2;1172.0;0;18
24;80;13.9;117.3;320.0;1330.3;0.1;1172.0;0;18
24;81;13.2;122.0;319.0;1322.6;0.1;1172.0;0;18
24;82;7.6;209.1;498.0;1338.7;0.2;1167.0;1;19
24;83;7.7;207.3;498.0;1347.3;0.2;1167.0;0;19
24;84;7.4;212.5;515.0;1335.4;0.2;1167.0;0;19
24;85;7.2;218.7;516.0;1336.3;0.2;1167.0;0;19
24;86;7.0;227.5;507.0;1350.4;0.2;1167.0;0;19
24;87;7.0;223.3;504.0;1336.1;0.2;1167.0;0;19
24;88;7.0;223.4;524.0;1336.4;0.2;1165.0;1;20
24;89;24.7;60.2;172.0;1192.6;0.1;1165.0;0;20
24;90;25.1;59.4;170.0;1192.6;0.0;1165.0;0;20
24;91;18.7;79.9;234.0;1204.9;0.1;1165.0;0;20
24;92;7.5;197.0;567.0;1254.7;0.2;1165.0;0;20
24;93;7.7;193.9;567.0;1262.6;0.2;1165.0;0;20
24;94;7.6;196.0;571.0;1261.3;0.2;1165.0;0;20
24;95;18.2;81.6;239.0;1201.4;0.1;1162.0;1;21
24;96;18.3;81.0;234.0;1202.6;0.1;1162.0;0;21
24;97;80.0;18.7;57.0;1176.4;0.0;1162.0;0;21
24;98;25.5;58.9;178.0;1204.4;0.0;1162.0;0;21
24;99;24.9;60.2;182.0;1201.1;0.1;1162.0;0;21
25;0;11.0;237.4;691.0;2166.9;0.1;1694.0;1;1
25;1;9.1;287.2;670.0;2173.4;0.1;1694.0;0;1
25;2;11.5;234.6;600.0;2220.1;0.1;1694.0;0;1
25;3;11.5;230.9;593.0;2181.9;0.1;1694.0;0;1
25;4;9.5;278.1;717.0;2203.9;0.1;1694.0;0;1
25;5;11.3;229.5;621.0;2141.3;0.1;1694.0;0;1
25;6;15.7;168.8;460.0;2156.0;0.1;1694.0;0;1
25;7;12.0;217.1;512.0;2153.3;0.1;1694.0;0;1
25;8;13.1;203.1;495.0;2177.7;0.1;1694.0;0;1
25;9;13.1;202.3;503.0;2181.3;0.1;1694.0;0;1
25;10;12.4;223.3;577.0;2282.6;0.1;1694.0;0;1
25;11;11.4;229.9;591.0;2166.3;0.1;1694.0;0;1
25;12;10.0;254.2;623.0;2109.0;0.1;1664.0;1;2
25;13;9.9;257.4;678.0;2122.0;0.1;1664.0;0;2
25;14;10.0;252.4;558.0;2088.4;0.1;1664.0;0;2
25;15;9.0;281.6;681.0;2122.9;0.1;1664.0;0;2
25;16;10.5;238.1;553.0;2077.1;0.1;1664.0;0;2
25;17;9.7;251.6;544.0;2030.6;0.1;1664.0;0;2
25;18;8.2;290.2;670.0;1999.9;0.1;1607.0;1;3
25;19;8.2;299.0;780.0;2071.0;0.1;1580.0;1;4
25;20;9.9;248.5;595.0;2047.3;0.1;1580.0;0;4
25;21;9.7;258.9;647.0;2083.1;0.1;1580.0;0;4
25;22;9.5;258.5;583.0;2056.9;0.1;1580.0;0;4
25;23;9.7;245.1;564.0;1984.9;0.1;1580.0;0;4
25;24;9.8;241.6;568.0;1967.1;0.1;1580.0;0;4
25;25;8.2;290.8;716.0;1999.9;0.1;1575.0;1;5
25;26;8.2;286.0;707.0;1971.0;0.1;1544.0;1;6
25;27;8.8;255.9;594.0;1895.3;0.1;1544.0;0;6
25;28;9.1;263.6;660.0;2013.7;0.1;1544.0;0;6
25;29;10.9;214.7;518.0;1943.0;0.1;1544.0;0;6
25;30;9.3;247.8;644.0;1923.1;0.1;1497.0;1;7
25;31;6.4;341.1;823.0;1876.3;0.2;1388.0;1;8
25;32;8.3;271.2;658.0;1888.7;0.1;1388.0;0;8
25;33;8.7;257.2;658.0;1882.7;0.1;1388.0;0;8
25;34;8.9;235.2;675.0;1746.6;0.1;1311.0;1;9
25;35;7.3;285.5;686.0;1763.7;0.2;1311.0;0;9
25;36;6.5;313.5;729.0;1748.3;0.2;1311.0;0;9
25;37;7.5;265.4;644.0;1685.1;0.2;1287.0;1;10
25;38;7.7;259.1;649.0;1688.9;0.2;1287.0;0;10
25;39;6.7;281.8;669.0;1613.4;0.2;1287.0;0;10
25;40;6.5;294.7;696.0;1633.0;0.2;1269.0;1;11
25;41;7.0;281.7;621.0;1674.7;0.2;1269.0;0;11
25;42;6.6;289.8;692.0;1624.4;0.2;1269.0;0;11
25;43;7.1;262.7;642.0;1587.4;0.2;1269.0;0;11
25;44;6.2;292.0;623.0;1563.3;0.2;1269.0;0;11
25;45;6.0;302.5;705.0;1555.1;0.2;1224.0;1;12
25;46;7.0;263.4;641.0;1558.1;0.2;1219.0;1;13
25;47;6.1;289.9;666.0;1516.7;0.2;1189.0;1;14
25;48;5.8;302.3;675.0;1514.9;0.2;1189.0;0;14
25;49;6.8;279.0;763.0;1625.7;0.2;1189.0;0;14
25;50;6.2;280.2;612.0;1489.1;0.2;1189.0;0;14
25;51;5.8;308.5;678.0;1537.1;0.2;1189.0;0;14
25;52;5.8;303.6;675.0;1529.0;0.2;1189.0;0;14
25;53;5.5;329.2;696.0;1560.7;0.2;1189.0;0;14
25;54;6.5;273.8;598.0;1528.9;0.2;1189.0;0;14
25;55;6.3;281.1;643.0;1518.6;0.2;1189.0;0;14
25;56;6.1;296.3;701.0;1543.7;0.2;1189.0;0;14
25;57;6.7;271.7;698.0;1555.3;0.2;1179.0;1;15
25;58;6.1;294.8;725.0;1552.6;0.2;1179.0;0;15
25;59;6.2;281.5;681.0;1500.9;0.2;1179.0;0;15
25;60;5.4;320.3;694.0;1511.7;0.2;1179.0;0;15
25;61;6.8;261.4;602.0;1511.6;0.2;1179.0;0;15
25;62;5.4;322.6;683.0;1513.9;0.2;1179.0;0;15
25;63;5.5;326.8;779.0;1567.1;0.2;1179.0;0;15
25;64;4.9;326.1;760.0;1410.4;0.2;1179.0;0;15
25;65;5.2;326.9;790.0;1474.1;0.2;1179.0;0;15
25;66;4.6;355.1;815.0;1429.0;0.2;1174.0;1;16
25;67;6.4;243.1;569.0;1340.7;0.2;1173.0;1;17
25;68;5.4;299.3;736.0;1402.4;0.2;1173.0;0;17
25;69;5.8;273.8;642.0;1374.1;0.2;1173.0;0;17
25;70;7.0;241.5;627.0;1431.9;0.2;1173.0;0;17
25;71;4.4;362.6;840.0;1416.7;0.3;1172.0;1;18
25;72;4.5;353.3;815.0;1409.3;0.3;1172.0;0;18
25;73;4.7;341.5;785.0;1406.1;0.2;1172.0;0;18
25;74;7.0;253.4;742.0;1510.4;0.2;1172.0;0;18
25;75;8.4;186.4;471.0;1311.9;0.1;1172.0;0;18
25;76;37.0;41.2;96.0;1213.3;0.0;1172.0;0;18
25;77;36.1;42.3;98.0;1212.9;0.0;1172.0;0;18
25;78;34.8;43.7;107.0;1212.1;0.0;1172.0;0;18
25;79;32.9;46.0;111.0;1204.1;0.0;1168.0;1;19
25;80;27.0;56.7;129.0;1223.9;0.0;1168.0;0;19
25;81;33.3;45.7;118.0;1212.3;0.0;1168.0;0;19
25;82;12.4;123.0;319.0;1259.0;0.1;1168.0;0;19
25;83;32.3;46.8;110.0;1206.3;0.0;1168.0;0;19
25;84;30.8;49.0;113.0;1203.0;0.0;1167.0;1;20
25;85;31.2;48.4;112.0;1203.6;0.0;1167.0;0;20
25;86;26.9;56.1;129.0;1208.4;0.0;1167.0;0;20
25;87;8.3;200.2;516.0;1403.6;0.1;1167.0;0;20
25;88;8.5;202.2;569.0;1438.9;0.1;1167.0;0;20
25;89;8.8;185.0;578.0;1362.0;0.1;1167.0;0;20
25;90;8.4;180.7;533.0;1268.9;0.1;1167.0;0;20
25;91;20.8;72.3;217.0;1212.6;0.1;1167.0;0;20
25;92;6.7;227.5;678.0;1293.0;0.2;1167.0;0;20
25;93;6.7;225.8;671.0;1296.0;0.2;1167.0;0;20
25;94;7.1;218.5;665.0;1318.7;0.2;1167.0;0;20
25;95;6.9;223.1;678.0;1303.3;0.2;1167.0;0;20
25;96;6.6;228.1;677.0;1293.6;0.2;1167.0;0;20
25;97;7.2;216.5;627.0;1329.1;0.2;1167.0;0;20
25;98;6.6;241.9;735.0;1354.6;0.2;1167.0;0;20
25;99;17.9;84.6;250.0;1224.3;0.1;1167.0;0;20
26;0;17.7;159.9;402.0;2298.9;0.1;2038.0;1;1
26;1;11.3;235.6;570.0;2205.4;0.1;1833.0;1;2
26;2;12.3;218.3;572.0;2203.7;0.1;1796.0;1;3
26;3;12.1;219.0;591.0;2179.1;0.1;1782.0;1;4
26;4;12.8;210.1;590.0;2200.9;0.1;1778.0;1;5
26;5;13.7;191.2;530.0;2142.0;0.1;1778.0;0;5
26;6;13.1;199.4;497.0;2147.6;0.1;1778.0;0;5
26;7;11.5;224.7;577.0;2125.9;0.1;1754.0;1;6
26;8;11.4;236.9;587.0;2220.4;0.1;1754.0;0;6
26;9;11.3;236.7;575.0;2214.9;0.1;1754.0;0;6
26;10;10.6;249.1;618.0;2188.3;0.1;1754.0;0;6
26;11;14.5;181.0;491.0;2148.4;0.1;1754.0;0;6
26;12;11.3;229.8;534.0;2140.1;0.1;1754.0;0;6
26;13;11.0;230.3;580.0;2101.4;0.1;1716.0;1;7
26;14;11.3;225.1;524.0;2105.1;0.1;1716.0;0;7
26;15;10.0;249.7;595.0;2073.7;0.1;1716.0;0;7
26;16;11.6;220.8;512.0;2108.3;0.1;1716.0;0;7
26;17;12.1;210.3;514.0;2102.4;0.1;1716.0;0;7
26;18;7.9;306.4;749.0;2032.1;0.2;1642.0;1;8
26;19;9.8;254.7;676.0;2082.1;0.1;1635.0;1;9
26;20;13.4;179.7;481.0;1969.6;0.1;1635.0;0;9
26;21;8.4;288.9;633.0;2039.3;0.1;1635.0;0;9
26;22;8.5;283.6;622.0;2029.1;0.1;1635.0;0;9
26;23;9.9;246.2;574.0;2034.1;0.1;1635.0;0;9
26;24;8.5;269.6;697.0;1930.6;0.1;1524.0;1;10
26;25;6.9;333.8;850.0;1965.4;0.2;1431.0;1;11
26;26;7.4;312.4;748.0;1948.7;0.2;1431.0;0;11
26;27;7.7;296.0;743.0;1935.0;0.2;1431.0;0;11
26;28;10.2;227.1;525.0;1925.6;0.1;1431.0;0;11
26;29;9.4;244.4;539.0;1914.9;0.1;1431.0;0;11
26;30;8.7;260.8;624.0;1905.7;0.1;1431.0;0;11
26;31;9.5;232.0;548.0;1842.6;0.1;1431.0;0;11
26;32;10.8;208.4;496.0;1855.3;0.1;1431.0;0;11
26;33;8.3;259.8;621.0;1821.6;0.1;1431.0;0;11
26;34;10.6;211.1;543.0;1857.6;0.1;1431.0;0;11
26;35;11.2;204.3;515.0;1892.0;0.1;1431.0;0;11
26;36;11.6;196.7;423.0;1886.1;0.1;1431.0;0;11
26;37;10.5;214.5;532.0;1871.7;0.1;1431.0;0;11
26;38;8.4;256.6;611.0;1811.0;0.1;1431.0;0;11
26;39;9.8;217.7;519.0;1780.4;0.1;1431.0;0;11
26;40;8.7;229.0;550.0;1667.9;0.1;1398.0;1;12
26;41;8.0;255.9;654.0;1718.4;0.1;1398.0;0;12
26;42;7.8;254.2;604.0;1677.6;0.2;1364.0;1;13
26;43;7.5;267.7;645.0;1699.0;0.2;1358.0;1;14
26;44;7.8;248.7;618.0;1630.7;0.2;1306.0;1;15
26;45;8.9;224.7;491.0;1676.7;0.1;1306.0;0;15
26;46;6.9;285.5;663.0;1683.7;0.2;1306.0;0;15
26;47;6.8;276.7;665.0;1605.3;0.2;1268.0;1;16
26;48;7.5;256.4;566.0;1625.7;0.2;1268.0;0;16
26;49;9.5;206.9;460.0;1630.6;0.1;1268.0;0;16
26;50;7.3;256.4;540.0;1579.4;0.2;1268.0;0;16
26;51;5.8;326.9;767.0;1638.1;0.2;1268.0;0;16
26;52;6.3;296.8;736.0;1601.4;0.2;1226.0;1;17
26;53;7.3;261.4;640.0;1618.4;0.2;1226.0;0;17
26;54;6.6;276.7;680.0;1559.6;0.2;1191.0;1;18
26;55;6.3;285.9;620.0;1533.9;0.2;1191.0;0;18
26;56;7.8;228.7;538.0;1501.0;0.2;1191.0;0;18
26;57;7.2;253.6;559.0;1551.3;0.2;1191.0;0;18
26;58;6.2;284.7;617.0;1523.6;0.2;1191.0;0;18
26;59;5.6;328.0;710.0;1582.9;0.2;1191.0;0;18
26;60;5.7;319.9;740.0;1570.6;0.2;1191.0;0;18
26;61;6.2;298.7;681.0;1583.9;0.2;1191.0;0;18
26;62;6.5;274.9;621.0;1527.6;0.2;1191.0;0;18
26;63;5.7;306.8;685.0;1521.4;0.2;1189.0;1;19
26;64;6.2;263.0;632.0;1402.6;0.2;1189.0;0;19
26;65;6.8;256.0;662.0;1491.6;0.2;1189.0;0;19
26;66;6.6;264.3;675.0;1479.6;0.2;1189.0;0;19
26;67;6.1;274.9;662.0;1441.6;0.2;1189.0;0;19
26;68;6.9;242.6;609.0;1433.9;0.2;1189.0;0;19
26;69;6.7;251.2;601.0;1433.6;0.2;1189.0;0;19
26;70;5.9;281.7;681.0;1428.0;0.2;1189.0;0;19
26;71;5.7;285.8;661.0;1414.0;0.2;1189.0;0;19
26;72;7.0;238.6;560.0;1420.4;0.2;1189.0;0;19
26;73;6.1;270.3;661.0;1422.9;0.2;1189.0;0;19
26;74;6.6;249.1;595.0;1395.0;0.2;1189.0;0;19
26;75;6.5;255.1;628.0;1412.0;0.2;1189.0;0;19
26;76;6.1;264.2;620.0;1391.3;0.2;1189.0;0;19
26;77;5.9;275.2;620.0;1398.0;0.2;1189.0;0;19
26;78;6.1;267.1;618.0;1402.7;0.2;1189.0;0;19
26;79;5.8;277.6;629.0;1392.3;0.2;1189.0;0;19
26;80;5.7;281.6;647.0;1390.3;0.2;1188.0;1;20
26;81;5.9;282.6;665.0;1446.7;0.2;1188.0;0;20
26;82;6.0;279.9;672.0;1440.7;0.2;1188.0;0;20
26;83;5.8;294.8;711.0;1478.0;0.2;1188.0;0;20
26;84;5.2;313.7;721.0;1421.4;0.2;1188.0;0;20
26;85;5.8;284.1;674.0;1414.9;0.2;1184.0;1;21
26;86;6.6;250.2;595.0;1404.7;0.2;1184.0;0;21
26;87;6.1;270.5;648.0;1422.1;0.2;1184.0;0;21
26;88;6.0;271.9;639.0;1409.1;0.2;1184.0;0;21
26;89;7.2;215.8;648.0;1310.1;0.2;1184.0;0;21
26;90;7.8;203.8;600.0;1337.1;0.2;1184.0;0;21
26;91;6.9;224.7;663.0;1322.0;0.2;1184.0;0;21
26;92;7.8;206.2;617.0;1361.1;0.2;1184.0;0;21
26;93;7.5;214.8;650.0;1359.9;0.2;1184.0;0;21
26;94;7.6;219.2;685.0;1402.4;0.2;1184.0;0;21
26;95;5.8;280.6;850.0;1397.6;0.2;1184.0;0;21
26;96;4.6;339.7;1007.0;1375.3;0.2;1184.0;0;21
26;97;4.8;331.7;961.0;1393.6;0.2;1184.0;0;21
26;98;4.4;349.9;1018.0;1357.1;0.3;1184.0;0;21
26;99;5.3;292.2;863.0;1353.0;0.2;1184.0;0;21
27;0;10.1;261.2;681.0;2194.6;0.1;1775.0;1;1
27;1;13.7;196.3;507.0;2201.6;0.1;1775.0;0;1
27;2;11.5;233.2;587.0;2219.7;0.1;1775.0;0;1
27;3;12.7;214.4;573.0;2229.6;0.1;1775.0;0;1
27;4;12.4;213.8;527.0;2171.7;0.1;1775.0;0;1
27;5;11.4;230.4;571.0;2165.4;0.1;1775.0;0;1
27;6;9.3;290.2;832.0;2247.4;0.1;1665.0;1;2
27;7;13.0;205.1;561.0;2181.1;0.1;1665.0;0;2
27;8;15.0;177.4;458.0;2175.4;0.1;1665.0;0;2
27;9;11.4;229.3;571.0;2163.7;0.1;1665.0;0;2
27;10;11.4;236.0;603.0;2228.0;0.1;1665.0;0;2
27;11;9.0;301.3;758.0;2256.9;0.1;1665.0;0;2
27;12;11.3;243.1;598.0;2266.1;0.1;1665.0;0;2
27;13;8.7;299.8;817.0;2177.6;0.1;1629.0;1;3
27;14;10.6;240.5;646.0;2109.9;0.1;1629.0;0;3
27;15;8.9;294.5;634.0;2182.3;0.1;1629.0;0;3
27;16;10.3;239.5;665.0;2048.9;0.1;1613.0;1;4
27;17;9.5;266.0;592.0;2105.3;0.1;1613.0;0;4
27;18;7.7;325.0;763.0;2105.6;0.2;1613.0;0;4
27;19;10.0;250.7;591.0;2088.4;0.1;1613.0;0;4
27;20;7.8;317.0;746.0;2093.3;0.2;1613.0;0;4
27;21;8.7;284.7;638.0;2085.7;0.1;1613.0;0;4
27;22;8.1;308.5;722.0;2098.1;0.1;1613.0;0;4
27;23;8.3;299.1;667.0;2086.3;0.1;1613.0;0;4
27;24;7.6;322.1;779.0;2067.9;0.2;1609.0;1;5
27;25;8.2;290.1;653.0;1999.1;0.1;1609.0;0;5
27;26;9.6;251.0;609.0;1999.0;0.1;1609.0;0;5
27;27;10.2;231.8;523.0;1969.3;0.1;1609.0;0;5
27;28;7.1;330.6;739.0;1990.3;0.2;1575.0;1;6
27;29;7.8;297.2;706.0;1954.4;0.2;1515.0;1;7
27;30;10.0;228.9;557.0;1896.1;0.1;1515.0;0;7
27;31;7.8;288.5;749.0;1898.6;0.2;1421.0;1;8
27;32;7.9;283.9;679.0;1901.4;0.1;1421.0;0;8
27;33;8.5;268.4;626.0;1922.3;0.1;1421.0;0;8
27;34;9.1;248.6;586.0;1897.1;0.1;1421.0;0;8
27;35;9.1;234.9;509.0;1783.9;0.1;1421.0;0;8
27;36;8.2;262.7;632.0;1813.1;0.1;1421.0;0;8
27;37;7.4;299.5;685.0;1876.9;0.2;1421.0;0;8
27;38;7.5;305.5;668.0;1928.4;0.2;1421.0;0;8
27;39;9.0;238.5;541.0;1795.1;0.1;1421.0;0;8
27;40;5.7;351.2;798.0;1724.9;0.2;1366.0;1;9
27;41;7.5;269.9;670.0;1721.4;0.2;1366.0;0;9
27;42;7.0;303.3;704.0;1802.6;0.2;1366.0;0;9
27;43;7.3;279.6;700.0;1733.3;0.2;1355.0;1;10
27;44;6.3;310.7;734.0;1676.4;0.2;1281.0;1;11
27;45;6.6;300.5;683.0;1693.0;0.2;1281.0;0;11
27;46;7.6;262.7;728.0;1695.0;0.2;1281.0;0;11
27;47;8.2;251.6;611.0;1729.1;0.1;1281.0;0;11
27;48;6.0;320.1;746.0;1659.6;0.2;1281.0;0;11
27;49;6.0;334.6;780.0;1723.6;0.2;1281.0;0;11
27;50;7.8;260.3;675.0;1704.4;0.2;1281.0;0;11
27;51;6.9;261.9;598.0;1534.1;0.2;1232.0;1;12
27;52;7.0;248.4;609.0;1473.6;0.2;1232.0;0;12
27;53;6.9;270.8;701.0;1592.7;0.2;1232.0;0;12
27;54;5.4;353.3;858.0;1658.1;0.2;1232.0;0;12
27;55;7.0;262.2;660.0;1551.1;0.2;1215.0;1;13
27;56;4.5;402.9;877.0;1595.3;0.3;1195.0;1;14
27;57;6.6;262.7;618.0;1475.7;0.2;1192.0;1;15
27;58;6.6;256.8;581.0;1449.0;0.2;1175.0;1;16
27;59;7.5;220.9;503.0;1395.6;0.2;1175.0;0;16
27;60;9.6;171.7;381.0;1369.4;0.1;1175.0;0;16
27;61;8.6;187.8;431.0;1359.3;0.1;1175.0;0;16
27;62;13.7;120.3;317.0;1348.0;0.1;1175.0;0;16
27;63;15.6;104.0;221.0;1320.7;0.1;1175.0;0;16
27;64;8.1;194.4;455.0;1330.6;0.1;1175.0;0;16
27;65;6.7;233.5;554.0;1334.9;0.2;1173.0;1;17
27;66;6.9;234.9;573.0;1375.7;0.2;1173.0;0;17
27;67;9.7;161.4;379.0;1305.7;0.1;1173.0;0;17
27;68;10.5;151.4;340.0;1322.6;0.1;1173.0;0;17
27;69;13.0;121.6;308.0;1292.7;0.1;1173.0;0;17
27;70;11.7;132.3;308.0;1275.6;0.1;1173.0;0;17
27;71;11.8;133.0;322.0;1290.3;0.1;1173.0;0;17
27;72;10.8;142.2;325.0;1275.9;0.1;1173.0;0;17
27;73;11.7;132.2;305.0;1275.1;0.1;1173.0;0;17
27;74;9.8;160.3;377.0;1302.0;0.1;1173.0;0;17
27;75;9.7;161.4;384.0;1301.6;0.1;1171.0;1;18
27;76;6.5;244.6;584.0;1363.3;0.2;1171.0;0;18
27;77;13.6;113.6;260.0;1261.6;0.1;1171.0;0;18
27;78;18.0;84.4;190.0;1228.7;0.1;1171.0;0;18
27;79;8.1;191.9;432.0;1313.7;0.1;1171.0;0;18
27;80;6.9;225.9;510.0;1328.4;0.2;1171.0;0;18
27;81;7.0;223.0;508.0;1319.0;0.2;1171.0;0;18
27;82;5.2;310.7;706.0;1396.4;0.2;1171.0;0;18
27;83;5.5;291.7;682.0;1382.6;0.2;1171.0;0;18
27;84;5.2;311.6;720.0;1400.7;0.2;1171.0;0;18
27;85;5.6;298.0;722.0;1433.6;0.2;1171.0;0;18
27;86;5.0;320.0;718.0;1397.1;0.2;1171.0;0;18
27;87;5.1;316.7;718.0;1403.3;0.2;1171.0;0;18
27;88;4.9;322.6;727.0;1389.1;0.2;1171.0;0;18
27;89;6.5;235.4;692.0;1306.1;0.2;1171.0;0;18
27;90;6.0;251.3;722.0;1287.7;0.2;1171.0;0;18
27;91;6.1;248.8;722.0;1293.9;0.2;1171.0;0;18
27;92;6.1;246.4;725.0;1300.7;0.2;1171.0;0;18
27;93;6.2;245.1;721.0;1303.7;0.2;1171.0;0;18
27;94;8.1;184.6;535.0;1264.9;0.1;1171.0;0;18
27;95;6.2;243.9;697.0;1304.6;0.2;1171.0;0;18
27;96;6.4;240.8;697.0;1325.9;0.2;1171.0;0;18
27;97;6.1;248.5;721.0;1293.7;0.2;1171.0;0;18
27;98;8.0;187.4;539.0;1257.3;0.1;1171.0;0;18
27;99;7.9;188.6;539.0;1254.0;0.2;1171.0;0;18
28;0;11.9;224.3;553.0;2205.1;0.1;1817.0;1;1
28;1;12.8;205.9;531.0;2158.9;0.1;1805.0;1;2
28;2;11.9;225.4;586.0;2215.4;0.1;1803.0;1;3
28;3;8.2;331.4;805.0;2297.7;0.1;1736.0;1;4
28;4;11.2;249.2;720.0;2298.3;0.1;1736.0;0;4
28;5;7.7;335.0;788.0;2170.7;0.2;1632.0;1;5
28;6;14.8;180.1;482.0;2179.4;0.1;1632.0;0;5
28;7;10.6;255.4;665.0;2245.1;0.1;1632.0;0;5
28;8;11.3;234.3;544.0;2186.0;0.1;1632.0;0;5
28;9;11.0;243.0;585.0;2203.7;0.1;1632.0;0;5
28;10;11.8;218.7;619.0;2129.0;0.1;1632.0;0;5
28;11;11.3;229.0;555.0;2138.9;0.1;1632.0;0;5
28;12;10.6;236.5;598.0;2085.9;0.1;1632.0;0;5
28;13;11.6;213.3;502.0;2038.4;0.1;1632.0;0;5
28;14;10.5;242.4;587.0;2109.7;0.1;1632.0;0;5
28;15;9.7;261.6;585.0;2114.1;0.1;1632.0;0;5
28;16;8.1;289.7;731.0;1986.6;0.1;1579.0;1;6
28;17;9.6;262.3;671.0;2089.4;0.1;1579.0;0;6
28;18;12.3;195.6;442.0;1971.6;0.1;1579.0;0;6
28;19;8.3;281.7;661.0;1959.1;0.1;1578.0;1;7
28;20;12.1;208.6;502.0;2076.3;0.1;1578.0;0;7
28;21;11.4;218.4;544.0;2060.0;0.1;1578.0;0;7
28;22;10.3;234.2;528.0;1996.0;0.1;1578.0;0;7
28;23;8.8;269.0;675.0;1977.9;0.1;1544.0;1;8
28;24;10.5;227.5;498.0;1985.9;0.1;1544.0;0;8
28;25;9.7;240.5;611.0;1950.7;0.1;1544.0;0;8
28;26;8.1;281.8;695.0;1917.6;0.1;1472.0;1;9
28;27;8.8;271.0;668.0;2004.1;0.1;1472.0;0;9
28;28;7.4;305.4;767.0;1918.3;0.2;1458.0;1;10
28;29;10.3;231.6;537.0;1974.4;0.1;1458.0;0;10
28;30;7.9;283.5;655.0;1899.3;0.1;1458.0;0;10
28;31;12.0;188.7;466.0;1861.4;0.1;1458.0;0;10
28;32;9.4;238.7;664.0;1871.1;0.1;1423.0;1;11
28;33;10.2;211.3;486.0;1789.4;0.1;1423.0;0;11
28;34;10.2;205.7;504.0;1749.3;0.1;1423.0;0;11
28;35;8.7;247.6;610.0;1799.1;0.1;1419.0;1;12
28;36;7.5;281.8;740.0;1788.9;0.2;1316.0;1;13
28;37;7.1;295.4;746.0;1771.3;0.2;1312.0;1;14
28;38;9.2;232.1;488.0;1787.3;0.1;1312.0;0;14
28;39;8.0;251.4;633.0;1685.9;0.1;1312.0;0;14
28;40;7.2;279.6;643.0;1717.3;0.2;1312.0;0;14
28;41;8.7;238.1;630.0;1737.4;0.1;1312.0;0;14
28;42;8.4;238.0;549.0;1680.7;0.1;1312.0;0;14
28;43;8.0;242.4;549.0;1641.3;0.1;1312.0;0;14
28;44;7.6;260.7;646.0;1683.6;0.2;1312.0;0;14
28;45;7.9;262.5;658.0;1743.3;0.2;1312.0;0;14
28;46;9.3;223.0;544.0;1738.0;0.1;1312.0;0;14
28;47;8.3;254.2;691.0;1764.7;0.1;1312.0;0;14
28;48;7.5;265.3;635.0;1688.1;0.2;1312.0;0;14
28;49;7.9;255.8;656.0;1709.6;0.1;1312.0;0;14
28;50;8.5;234.1;524.0;1666.3;0.1;1312.0;0;14
28;51;9.5;218.9;512.0;1738.7;0.1;1312.0;0;14
28;52;7.3;266.7;608.0;1651.9;0.2;1312.0;0;14
28;53;10.4;197.9;486.0;1704.7;0.1;1312.0;0;14
28;54;11.2;185.2;449.0;1713.1;0.1;1312.0;0;14
28;55;7.5;255.5;604.0;1614.6;0.2;1299.0;1;15
28;56;9.0;220.8;636.0;1663.0;0.1;1261.0;1;16
28;57;10.1;204.1;424.0;1717.4;0.1;1261.0;0;16
28;58;7.8;258.5;669.0;1693.0;0.2;1261.0;0;16
28;59;7.3;261.9;647.0;1629.1;0.2;1261.0;0;16
28;60;6.2;295.2;698.0;1579.6;0.2;1232.0;1;17
28;61;10.5;190.4;479.0;1652.0;0.1;1232.0;0;17
28;62;7.0;273.7;715.0;1627.4;0.2;1222.0;1;18
28;63;6.1;286.8;633.0;1507.3;0.2;1203.0;1;19
28;64;7.4;230.5;622.0;1449.3;0.2;1178.0;1;20
28;65;10.8;171.9;435.0;1541.9;0.1;1178.0;0;20
28;66;10.5;181.8;512.0;1577.3;0.1;1178.0;0;20
28;67;8.9;212.7;657.0;1577.0;0.1;1178.0;0;20
28;68;7.5;235.3;582.0;1500.1;0.2;1178.0;0;20
28;69;8.0;236.3;664.0;1589.7;0.1;1178.0;0;20
28;70;5.9;299.4;759.0;1523.1;0.2;1178.0;0;20
28;71;5.8;307.7;757.0;1541.3;0.2;1178.0;0;20
28;72;5.2;324.8;819.0;1473.4;0.2;1177.0;1;21
28;73;6.2;266.7;654.0;1424.9;0.2;1177.0;0;21
28;74;6.5;250.0;576.0;1380.7;0.2;1177.0;0;21
28;75;6.0;266.9;605.0;1368.3;0.2;1177.0;0;21
28;76;6.0;275.5;637.0;1411.0;0.2;1177.0;0;21
28;77;6.3;254.9;594.0;1384.3;0.2;1177.0;0;21
28;78;6.2;258.7;599.0;1370.4;0.2;1177.0;0;21
28;79;5.8;274.7;624.0;1372.1;0.2;1177.0;0;21
28;80;6.9;229.2;535.0;1349.1;0.2;1177.0;0;21
28;81;6.9;229.2;525.0;1341.4;0.2;1177.0;0;21
28;82;8.1;194.1;456.0;1323.6;0.1;1173.0;1;22
28;83;8.4;188.0;437.0;1327.1;0.1;1173.0;0;22
28;84;8.3;190.1;438.0;1329.0;0.1;1173.0;0;22
28;85;7.1;222.2;520.0;1345.9;0.2;1173.0;0;22
28;86;6.6;241.6;555.0;1367.4;0.2;1173.0;0;22
28;87;5.0;321.5;736.0;1404.9;0.2;1173.0;0;22
28;88;5.6;289.6;676.0;1391.6;0.2;1173.0;0;22
28;89;7.5;206.5;618.0;1306.0;0.2;1173.0;0;22
28;90;9.0;171.5;517.0;1297.1;0.1;1173.0;0;22
28;91;9.1;170.3;508.0;1299.0;0.1;1173.0;0;22
28;92;6.1;249.2;721.0;1307.7;0.2;1173.0;0;22
28;93;6.3;243.8;706.0;1321.4;0.2;1173.0;0;22
28;94;5.2;303.4;891.0;1365.1;0.2;1173.0;0;22
28;95;5.6;276.2;820.0;1344.1;0.2;1173.0;0;22
28;96;5.4;301.4;928.0;1419.7;0.2;1173.0;0;22
28;97;6.3;243.7;727.0;1317.4;0.2;1173.0;0;22
28;98;6.1;256.8;775.0;1354.4;0.2;1173.0;0;22
28;99;8.0;191.5;585.0;1285.9;0.1;1165.0;1;23
29;0;10.9;244.5;596.0;2214.4;0.1;1813.0;1;1
29;1;11.0;247.4;657.0;2258.3;0.1;1801.0;1;2
29;2;11.7;224.2;584.0;2169.9;0.1;1792.0;1;3
29;3;12.4;214.1;522.0;2189.6;0.1;1792.0;0;3
29;4;11.4;224.0;585.0;2109.3;0.1;1748.0;1;4
29;5;14.2;187.9;490.0;2184.7;0.1;1748.0;0;4
29;6;13.3;198.4;481.0;2169.0;0.1;1748.0;0;4
29;7;11.0;233.6;598.0;2121.0;0.1;1748.0;0;4
29;8;12.7;210.1;493.0;2196.6;0.1;1748.0;0;4
29;9;10.8;248.4;634.0;2225.4;0.1;1748.0;0;4
29;10;12.1;218.4;563.0;2173.9;0.1;1748.0;0;4
29;11;14.3;182.5;484.0;2135.0;0.1;1748.0;0;4
29;12;11.1;240.2;600.0;2199.4;0.1;1748.0;0;4
29;13;9.4;283.5;720.0;2230.4;0.1;1721.0;1;5
29;14;10.0;253.2;595.0;2106.0;0.1;1721.0;0;5
29;15;10.5;236.1;637.0;2064.6;0.1;1705.0;1;6
29;16;10.2;254.6;651.0;2148.7;0.1;1705.0;0;6
29;17;8.3;300.6;765.0;2088.4;0.1;1588.0;1;7
29;18;9.1;271.2;623.0;2064.3;0.1;1588.0;0;7
29;19;11.7;212.8;501.0;2045.0;0.1;1588.0;0;7
29;20;10.5;232.0;540.0;2020.6;0.1;1588.0;0;7
29;21;12.4;198.8;466.0;2029.4;0.1;1588.0;0;7
29;22;10.6;231.7;536.0;2037.0;0.1;1588.0;0;7
29;23;11.8;206.8;540.0;2007.6;0.1;1588.0;0;7
29;24;11.3;207.9;533.0;1934.0;0.1;1588.0;0;7
29;25;8.9;269.8;647.0;2008.9;0.1;1588.0;0;7
29;26;9.8;241.1;621.0;1969.3;0.1;1588.0;0;7
29;27;10.6;224.0;563.0;1962.0;0.1;1588.0;0;7
29;28;8.5;279.2;802.0;1990.4;0.1;1431.0;1;8
29;29;9.7;243.2;530.0;1966.6;0.1;1431.0;0;8
29;30;7.3;304.3;759.0;1891.9;0.2;1431.0;0;8
29;31;8.8;256.8;636.0;1889.0;0.1;1431.0;0;8
29;32;7.5;299.5;816.0;1903.9;0.2;1342.0;1;9
29;33;9.4;237.7;581.0;1860.1;0.1;1342.0;0;9
29;34;9.9;230.7;563.0;1899.3;0.1;1342.0;0;9
29;35;7.5;297.6;758.0;1878.4;0.2;1342.0;0;9
29;36;9.0;246.3;568.0;1861.3;0.1;1342.0;0;9
29;37;10.6;205.9;454.0;1815.9;0.1;1342.0;0;9
29;38;5.3;397.2;922.0;1834.7;0.2;1289.0;1;10
29;39;7.7;278.8;695.0;1811.1;0.2;1289.0;0;10
29;40;5.5;362.4;886.0;1736.3;0.2;1289.0;0;10
29;41;6.3;310.5;711.0;1670.1;0.2;1289.0;0;10
29;42;6.1;327.4;739.0;1714.3;0.2;1289.0;0;10
29;43;6.6;313.6;781.0;1762.7;0.2;1289.0;0;10
29;44;7.2;263.1;595.0;1611.1;0.2;1289.0;0;10
29;45;8.3;232.7;606.0;1624.1;0.1;1289.0;0;10
29;46;6.6;296.4;628.0;1672.7;0.2;1289.0;0;10
29;47;6.0;330.6;722.0;1715.4;0.2;1289.0;0;10
29;48;7.8;261.9;678.0;1724.4;0.2;1289.0;0;10
29;49;8.7;244.8;691.0;1793.0;0.1;1289.0;0;10
29;50;7.9;241.4;669.0;1601.4;0.2;1289.0;0;10
29;51;6.6;308.1;728.0;1737.6;0.2;1289.0;0;10
29;52;6.2;319.6;763.0;1705.6;0.2;1289.0;0;10
29;53;6.6;307.4;714.0;1726.9;0.2;1289.0;0;10
29;54;7.3;262.8;690.0;1628.3;0.2;1264.0;1;11
29;55;6.1;310.8;734.0;1624.1;0.2;1262.0;1;12
29;56;7.1;276.1;710.0;1673.3;0.2;1262.0;0;12
29;57;7.2;269.2;659.0;1643.0;0.2;1262.0;0;12
29;58;8.5;241.9;543.0;1725.9;0.1;1262.0;0;12
29;59;8.4;233.1;533.0;1642.6;0.1;1262.0;0;12
29;60;7.3;257.8;610.0;1586.1;0.2;1262.0;0;12
29;61;6.7;301.5;761.0;1731.6;0.2;1262.0;0;12
29;62;5.8;317.9;742.0;1585.1;0.2;1214.0;1;13
29;63;5.7;328.6;742.0;1626.0;0.2;1214.0;0;13
29;64;7.2;272.3;689.0;1669.3;0.2;1214.0;0;13
29;65;6.1;302.7;745.0;1583.1;0.2;1214.0;0;13
29;66;5.4;340.0;888.0;1585.7;0.2;1214.0;0;13
29;67;5.0;353.2;870.0;1542.6;0.2;1214.0;0;13
29;68;6.5;295.3;873.0;1636.7;0.2;1207.0;1;14
29;69;6.6;282.7;706.0;1595.6;0.2;1207.0;0;14
29;70;5.2;332.9;830.0;1514.4;0.2;1207.0;0;14
29;71;5.3;342.5;854.0;1581.7;0.2;1207.0;0;14
29;72;6.7;270.1;695.0;1536.1;0.2;1207.0;0;14
29;73;5.2;335.3;797.0;1528.0;0.2;1207.0;0;14
29;74;5.3;337.1;869.0;1542.3;0.2;1193.0;1;15
29;75;5.4;322.7;778.0;1500.1;0.2;1193.0;0;15
29;76;6.0;317.5;835.0;1638.6;0.2;1193.0;0;15
29;77;5.5;322.3;789.0;1522.4;0.2;1193.0;0;15
29;78;5.5;321.5;803.0;1537.4;0.2;1193.0;0;15
29;79;4.8;353.4;828.0;1491.0;0.2;1193.0;0;15
29;80;4.6;377.3;868.0;1522.9;0.2;1193.0;0;15
29;81;5.1;331.7;783.0;1470.9;0.2;1193.0;0;15
29;82;7.7;243.5;614.0;1578.0;0.2;1193.0;0;15
29;83;7.4;246.8;648.0;1541.6;0.2;1193.0;0;15
29;84;13.7;114.2;269.0;1282.4;0.1;1193.0;0;15
29;85;9.8;169.7;454.0;1382.0;0.1;1167.0;1;16
29;86;11.2;150.0;392.0;1391.7;0.1;1167.0;0;16
29;87;10.5;156.8;419.0;1368.9;0.1;1167.0;0;16
29;88;9.0;174.6;442.0;1311.4;0.1;1167.0;0;16
29;89;11.8;129.6;391.0;1259.3;0.1;1167.0;0;16
29;90;14.0;109.2;327.0;1246.3;0.1;1167.0;0;16
29;91;15.1;101.1;301.0;1241.7;0.1;1167.0;0;16
29;92;14.2;106.1;311.0;1229.6;0.1;1167.0;0;16
29;93;13.3;112.7;324.0;1227.0;0.1;1167.0;0;16
29;94;17.4;86.1;246.0;1217.1;0.1;1167.0;0;16
29;95;17.1;87.8;260.0;1217.6;0.1;1167.0;0;16
29;96;7.5;211.8;616.0;1336.7;0.2;1167.0;0;16
29;97;26.1;58.2;180.0;1215.0;0.0;1167.0;0;16
29;98;11.5;130.1;384.0;1238.1;0.1;1167.0;0;16
29;99;7.7;200.1;593.0;1302.9;0.2;1167.0;0;16
30;0;9.8;267.3;743.0;2182.4;0.1;1676.0;1;1
30;1;10.3;250.5;735.0;2133.4;0.1;1616.0;1;2
30;2;15.7;169.3;433.0;2164.6;0.1;1616.0;0;2
30;3;10.0;261.1;696.0;2164.1;0.1;1616.0;0;2
30;4;10.6;255.5;606.0;2246.3;0.1;1616.0;0;2
30;5;9.2;287.4;792.0;2210.3;0.1;1616.0;0;2
30;6;10.9;248.9;604.0;2238.1;0.1;1616.0;0;2
30;7;14.8;184.6;529.0;2227.4;0.1;1616.0;0;2
30;8;11.0;249.0;622.0;2260.9;0.1;1616.0;0;2
30;9;12.2;222.0;534.0;2229.3;0.1;1616.0;0;2
30;10;9.9;264.3;679.0;2183.4;0.1;1616.0;0;2
30;11;10.9;244.2;593.0;2199.0;0.1;1616.0;0;2
30;12;11.8;225.4;572.0;2194.9;0.1;1616.0;0;2
30;13;11.8;225.0;676.0;2180.3;0.1;1616.0;0;2
30;14;10.9;226.9;553.0;2048.0;0.1;1616.0;0;2
30;15;11.6;224.2;553.0;2152.6;0.1;1616.0;0;2
30;16;11.0;227.2;532.0;2067.1;0.1;1616.0;0;2
30;17;9.9;258.0;578.0;2130.7;0.1;1616.0;0;2
30;18;10.9;234.0;507.0;2106.0;0.1;1616.0;0;2
30;19;9.2;276.2;654.0;2113.9;0.1;1616.0;0;2
30;20;9.8;254.9;686.0;2078.0;0.1;1616.0;0;2
30;21;12.0;206.1;465.0;2041.9;0.1;1616.0;0;2
30;22;9.3;268.2;631.0;2090.4;0.1;1616.0;0;2
30;23;7.6;307.8;740.0;1966.9;0.2;1532.0;1;3
30;24;7.1;342.1;808.0;2065.7;0.2;1532.0;0;3
30;25;8.2;288.7;685.0;1983.9;0.1;1532.0;0;3
30;26;8.0;290.3;741.0;1957.0;0.1;1472.0;1;4
30;27;8.3;282.2;642.0;1972.3;0.1;1472.0;0;4
30;28;9.1;247.8;600.0;1891.4;0.1;1472.0;0;4
30;29;7.1;318.0;714.0;1928.1;0.2;1472.0;0;4
30;30;9.4;241.6;565.0;1897.3;0.1;1472.0;0;4
30;31;8.2;264.8;661.0;1823.9;0.1;1440.0;1;5
30;32;8.9;242.1;603.0;1802.1;0.1;1440.0;0;5
30;33;9.8;218.1;494.0;1782.7;0.1;1440.0;0;5
30;34;7.8;254.2;598.0;1672.7;0.2;1309.0;1;6
30;35;9.2;221.2;468.0;1693.0;0.1;1309.0;0;6
30;36;11.0;178.2;459.0;1621.1;0.1;1309.0;0;6
30;37;9.4;209.5;478.0;1643.0;0.1;1309.0;0;6
30;38;10.2;197.2;515.0;1663.7;0.1;1309.0;0;6
30;39;13.0;146.4;370.0;1560.0;0.1;1309.0;0;6
30;40;10.8;173.2;491.0;1554.4;0.1;1288.0;1;7
30;41;9.5;195.7;448.0;1550.0;0.1;1288.0;0;7
30;42;12.6;151.8;374.0;1570.1;0.1;1288.0;0;7
30;43;14.4;132.4;302.0;1551.7;0.1;1288.0;0;7
30;44;8.6;218.1;556.0;1568.7;0.1;1266.0;1;8
30;45;12.0;164.4;412.0;1625.1;0.1;1266.0;0;8
30;46;8.4;228.1;529.0;1612.7;0.1;1266.0;0;8
30;47;7.1;267.2;635.0;1609.4;0.2;1266.0;0;8
30;48;9.5;198.3;448.0;1568.7;0.1;1266.0;0;8
30;49;12.0;161.6;362.0;1600.6;0.1;1266.0;0;8
30;50;7.8;230.6;511.0;1513.1;0.2;1266.0;0;8
30;51;6.5;286.8;688.0;1593.0;0.2;1266.0;0;8
30;52;7.8;247.1;617.0;1624.3;0.2;1266.0;0;8
30;53;5.8;304.3;714.0;1517.0;0.2;1198.0;1;9
30;54;7.2;257.5;652.0;1580.4;0.2;1198.0;0;9
30;55;7.8;221.2;555.0;1464.0;0.2;1198.0;0;9
30;56;9.2;185.2;446.0;1416.6;0.1;1192.0;1;10
30;57;8.1;204.3;464.0;1397.4;0.1;1186.0;1;11
30;58;10.3;161.5;376.0;1375.6;0.1;1186.0;0;11
30;59;10.3;160.3;360.0;1370.1;0.1;1186.0;0;11
30;60;7.7;219.1;505.0;1420.0;0.2;1167.0;1;12
30;61;8.3;199.0;501.0;1386.6;0.1;1167.0;0;12
30;62;6.9;242.6;562.0;1429.6;0.2;1167.0;0;12
30;63;9.1;177.4;444.0;1349.0;0.1;1167.0;0;12
30;64;6.9;241.8;593.0;1422.6;0.2;1167.0;0;12
30;65;11.1;139.4;353.0;1277.3;0.1;1167.0;0;12
30;66;8.4;206.7;511.0;1457.6;0.1;1167.0;0;12
30;67;8.2;209.2;574.0;1438.6;0.1;1167.0;0;12
30;68;8.0;214.9;563.0;1455.7;0.1;1167.0;0;12
30;69;8.8;193.4;505.0;1418.1;0.1;1167.0;0;12
30;70;9.7;169.0;411.0;1366.7;0.1;1167.0;0;12
30;71;8.1;200.4;495.0;1361.7;0.1;1167.0;0;12
30;72;6.1;268.1;716.0;1407.9;0.2;1167.0;0;12
30;73;11.0;143.8;397.0;1308.1;0.1;1167.0;0;12
30;74;7.7;207.7;498.0;1345.6;0.2;1167.0;0;12
30;75;7.4;213.4;490.0;1336.1;0.2;1167.0;0;12
30;76;7.4;212.9;502.0;1337.7;0.2;1167.0;0;12
30;77;7.2;218.8;502.0;1328.9;0.2;1167.0;0;12
30;78;7.4;212.9;487.0;1336.9;0.2;1167.0;0;12
30;79;4.6;353.5;856.0;1416.7;0.2;1167.0;0;12
30;80;7.4;213.8;483.0;1335.1;0.2;1167.0;0;12
30;81;7.1;220.8;499.0;1324.3;0.2;1167.0;0;12
30;82;8.4;184.6;420.0;1302.4;0.1;1167.0;0;12
30;83;12.1;126.1;334.0;1254.1;0.1;1167.0;0;12
30;84;8.3;186.9;422.0;1301.6;0.1;1167.0;0;12
30;85;40.0;37.4;113.0;1187.0;0.0;1165.0;1;13
30;86;32.2;47.0;104.0;1203.7;0.0;1165.0;0;13
30;87;15.3;99.5;232.0;1237.3;0.1;1162.0;1;14
30;88;12.6;120.6;273.0;1252.9;0.1;1162.0;0;14
30;89;15.9;94.1;273.0;1214.9;0.1;1162.0;0;14
30;90;6.0;273.1;850.0;1399.6;0.2;1162.0;0;14
30;91;5.8;277.8;862.0;1387.9;0.2;1162.0;0;14
30;92;11.4;134.4;414.0;1269.0;0.1;1162.0;0;14
30;93;9.8;153.5;455.0;1255.3;0.1;1162.0;0;14
30;94;10.9;137.6;404.0;1245.1;0.1;1162.0;0;14
30;95;12.9;118.8;370.0;1259.0;0.1;1162.0;0;14
30;96;13.6;111.7;338.0;1241.0;0.1;1162.0;0;14
30;97;12.8;116.7;339.0;1227.6;0.1;1162.0;0;14
30;98;6.6;247.3;755.0;1395.4;0.2;1162.0;0;14
30;99;6.4;257.5;831.0;1418.1;0.2;1162.0;0;14
31;0;11.1;232.7;634.0;2136.1;0.1;1729.0;1;1
31;1;17.3;160.3;418.0;2251.3;0.1;1729.0;0;1
31;2;12.4;207.5;606.0;2119.9;0.1;1664.0;1;2
31;3;15.3;177.6;457.0;2209.9;0.1;1664.0;0;2
31;4;12.5;217.8;555.0;2232.4;0.1;1664.0;0;2
31;5;9.9;262.6;672.0;2164.7;0.1;1664.0;0;2
31;6;12.4;220.3;511.0;2237.6;0.1;1664.0;0;2
31;7;9.3;294.1;716.0;2286.1;0.1;1664.0;0;2
31;8;10.2;258.8;656.0;2182.0;0.1;1664.0;0;2
31;9;12.7;211.1;624.0;2194.7;0.1;1664.0;0;2
31;10;11.4;234.6;653.0;2210.0;0.1;1664.0;0;2
31;11;13.4;194.1;524.0;2129.9;0.1;1664.0;0;2
31;12;11.8;215.4;533.0;2100.0;0.1;1664.0;0;2
31;13;12.9;216.6;634.0;2300.6;0.1;1664.0;0;2
31;14;10.8;236.9;538.0;2113.1;0.1;1664.0;0;2
31;15;7.5;332.1;783.0;2101.0;0.2;1664.0;0;2
31;16;11.0;235.1;566.0;2146.9;0.1;1664.0;0;2
31;17;10.7;233.9;598.0;2074.7;0.1;1664.0;0;2
31;18;9.4;260.4;571.0;2048.1;0.1;1664.0;0;2
31;19;9.3;267.9;602.0;2082.9;0.1;1664.0;0;2
31;20;14.2;177.1;443.0;2059.6;0.1;1664.0;0;2
31;21;8.9;286.0;670.0;2133.1;0.1;1664.0;0;2
31;22;10.8;227.1;475.0;2023.4;0.1;1664.0;0;2
31;23;10.6;229.2;526.0;2006.1;0.1;1664.0;0;2
31;24;9.8;254.0;576.0;2064.3;0.1;1664.0;0;2
31;25;10.0;239.9;588.0;2000.0;0.1;1660.0;1;3
31;26;8.0;300.6;684.0;2018.6;0.1;1653.0;1;4
31;27;8.0;298.4;767.0;2007.7;0.1;1510.0;1;5
31;28;8.8;266.0;646.0;1951.9;0.1;1510.0;0;5
31;29;9.3;250.8;579.0;1948.7;0.1;1510.0;0;5
31;30;7.8;292.9;655.0;1938.6;0.2;1510.0;0;5
31;31;8.0;290.1;728.0;1949.9;0.1;1478.0;1;6
31;32;9.3;241.7;591.0;1870.7;0.1;1478.0;0;6
31;33;9.2;240.4;549.0;1849.0;0.1;1478.0;0;6
31;34;11.9;192.9;469.0;1889.4;0.1;1478.0;0;6
31;35;7.2;305.4;744.0;1873.7;0.2;1389.0;1;7
31;36;7.2;298.8;712.0;1821.7;0.2;1389.0;0;7
31;37;9.2;244.0;601.0;1872.4;0.1;1389.0;0;7
31;38;8.7;251.2;574.0;1840.1;0.1;1389.0;0;7
31;39;7.1;294.1;665.0;1771.0;0.2;1389.0;0;7
31;40;6.5;317.8;704.0;1761.6;0.2;1389.0;0;7
31;41;9.5;227.6;549.0;1794.1;0.1;1389.0;0;7
31;42;7.5;266.3;587.0;1697.9;0.2;1389.0;0;7
31;43;8.7;241.6;650.0;1761.3;0.1;1383.0;1;8
31;44;7.0;286.5;650.0;1705.9;0.2;1383.0;0;8
31;45;7.1;286.9;686.0;1723.7;0.2;1373.0;1;9
31;46;7.4;259.2;585.0;1633.1;0.2;1368.0;1;10
31;47;6.9;297.8;752.0;1744.1;0.2;1333.0;1;11
31;48;7.8;261.3;580.0;1718.6;0.2;1333.0;0;11
31;49;7.5;260.4;709.0;1658.3;0.2;1247.0;1;12
31;50;5.8;338.5;823.0;1694.7;0.2;1247.0;0;12
31;51;8.9;232.5;510.0;1738.3;0.1;1247.0;0;12
31;52;7.3;281.6;638.0;1746.4;0.2;1247.0;0;12
31;53;5.8;332.8;806.0;1669.3;0.2;1247.0;0;12
31;54;7.8;268.1;653.0;1771.6;0.2;1247.0;0;12
31;55;4.9;386.5;839.0;1660.0;0.2;1247.0;0;12
31;56;5.9;326.6;746.0;1665.9;0.2;1247.0;0;12
31;57;6.0;327.6;730.0;1686.3;0.2;1247.0;0;12
31;58;6.3;297.1;693.0;1595.7;0.2;1247.0;0;12
31;59;6.0;306.0;705.0;1580.4;0.2;1247.0;0;12
31;60;6.2;312.8;734.0;1669.3;0.2;1247.0;0;12
31;61;5.1;357.5;822.0;1577.6;0.2;1189.0;1;13
31;62;5.8;335.2;808.0;1687.0;0.2;1189.0;0;13
31;63;6.6;310.3;684.0;1739.1;0.2;1189.0;0;13
31;64;5.6;337.4;887.0;1625.3;0.2;1189.0;0;13
31;65;4.9;367.4;907.0;1585.0;0.2;1189.0;0;13
31;66;5.0;341.3;824.0;1493.4;0.2;1189.0;0;13
31;67;6.1;276.7;654.0;1443.7;0.2;1189.0;0;13
31;68;10.7;145.5;340.0;1286.3;0.1;1185.0;1;14
31;69;11.6;135.0;319.0;1295.3;0.1;1185.0;0;14
31;70;11.4;136.1;311.0;1283.0;0.1;1185.0;0;14
31;71;15.0;104.7;260.0;1281.9;0.1;1182.0;1;15
31;72;14.9;103.9;243.0;1258.1;0.1;1180.0;1;16
31;73;15.1;102.3;241.0;1258.0;0.1;1180.0;0;16
31;74;13.6;113.6;257.0;1260.0;0.1;1180.0;0;16
31;75;14.2;108.1;244.0;1255.7;0.1;1180.0;0;16
31;76;27.1;56.5;136.0;1226.0;0.0;1179.0;1;17
31;77;24.5;62.5;150.0;1229.0;0.1;1178.0;1;18
31;78;25.4;60.2;137.0;1227.9;0.0;1178.0;0;18
31;79;28.7;53.5;130.0;1228.9;0.0;1178.0;0;18
31;80;27.8;55.2;128.0;1224.1;0.0;1178.0;0;18
31;81;31.3;49.1;121.0;1223.9;0.0;1178.0;0;18
31;82;29.2;52.6;131.0;1226.9;0.0;1178.0;0;18
31;83;30.3;50.5;117.0;1221.3;0.0;1178.0;0;18
31;84;31.5;48.4;108.0;1215.6;0.0;1178.0;0;18
31;85;31.2;48.8;108.0;1214.9;0.0;1178.0;0;18
31;86;34.3;44.5;100.0;1213.7;0.0;1178.0;0;18
31;87;9.8;157.0;349.0;1284.3;0.1;1178.0;0;18
31;88;100.0;12.8;29.0;1192.9;0.0;1178.0;0;18
31;89;100.0;9.9;29.0;1189.0;0.0;1178.0;0;18
31;90;100.0;9.8;29.0;1189.3;0.0;1178.0;0;18
31;91;100.0;10.8;34.0;1192.3;0.0;1178.0;0;18
31;92;100.0;5.6;16.0;1192.3;0.0;1178.0;0;18
31;93;100.0;5.6;16.0;1192.3;0.0;1178.0;0;18
31;94;100.0;8.0;27.0;1192.1;0.0;1178.0;0;18
31;95;100.0;9.4;27.0;1191.9;0.0;1178.0;0;18
31;96;100.0;9.8;28.0;1192.0;0.0;1178.0;0;18
31;97;100.0;9.8;28.0;1192.0;0.0;1178.0;0;18
31;98;100.0;9.8;28.0;1192.0;0.0;1178.0;0;18
31;99;100.0;10.2;33.0;1191.3;0.0;1178.0;0;18
32;0;12.4;216.9;542.0;2217.7;0.1;1878.0;1;1
32;1;10.5;256.8;643.0;2229.4;0.1;1794.0;1;2
32;2;10.2;262.0;629.0;2211.3;0.1;1787.0;1;3
32;3;13.8;195.9;472.0;2211.7;0.1;1787.0;0;3
32;4;14.1;197.3;484.0;2272.4;0.1;1787.0;0;3
32;5;9.6;272.5;706.0;2184.3;0.1;1681.0;1;4
32;6;12.1;218.0;610.0;2174.7;0.1;1681.0;0;4
32;7;12.6;208.1;518.0;2149.9;0.1;1681.0;0;4
32;8;15.7;167.2;465.0;2137.7;0.1;1681.0;0;4
32;9;13.1;194.0;562.0;2088.7;0.1;1681.0;0;4
32;10;11.7;227.2;609.0;2185.9;0.1;1681.0;0;4
32;11;9.6;272.3;750.0;2176.3;0.1;1650.0;1;5
32;12;11.8;220.3;573.0;2149.1;0.1;1650.0;0;5
32;13;12.2;217.5;519.0;2190.4;0.1;1650.0;0;5
32;14;9.6;257.1;571.0;2054.3;0.1;1650.0;0;5
32;15;9.8;261.7;598.0;2127.1;0.1;1650.0;0;5
32;16;9.3;272.3;618.0;2102.9;0.1;1650.0;0;5
32;17;9.3;265.0;627.0;2066.4;0.1;1650.0;0;5
32;18;10.8;225.1;566.0;2006.3;0.1;1641.0;1;6
32;19;10.4;233.0;532.0;2015.1;0.1;1641.0;0;6
32;20;8.9;271.0;609.0;2023.4;0.1;1641.0;0;6
32;21;9.5;262.7;584.0;2087.6;0.1;1641.0;0;6
32;22;13.3;179.0;491.0;1948.0;0.1;1641.0;0;6
32;23;10.5;222.5;531.0;1943.3;0.1;1641.0;0;6
32;24;8.6;275.7;638.0;1981.0;0.1;1641.0;0;6
32;25;10.0;230.3;519.0;1915.0;0.1;1638.0;1;7
32;26;11.0;214.8;563.0;1952.7;0.1;1583.0;1;8
32;27;11.3;204.3;532.0;1913.7;0.1;1575.0;1;9
32;28;10.6;223.3;566.0;1954.7;0.1;1575.0;0;9
32;29;10.1;232.1;566.0;1944.1;0.1;1575.0;0;9
32;30;7.2;309.1;748.0;1899.7;0.2;1419.0;1;10
32;31;9.6;244.8;570.0;1956.6;0.1;1419.0;0;10
32;32;9.5;239.3;610.0;1895.1;0.1;1419.0;0;10
32;33;8.9;256.1;589.0;1912.6;0.1;1419.0;0;10
32;34;8.2;267.0;749.0;1834.3;0.1;1360.0;1;11
32;35;8.7;251.1;569.0;1824.6;0.1;1360.0;0;11
32;36;8.2;276.5;644.0;1898.0;0.1;1360.0;0;11
32;37;9.2;239.7;638.0;1844.1;0.1;1360.0;0;11
32;38;11.3;191.0;486.0;1788.9;0.1;1360.0;0;11
32;39;7.6;257.4;593.0;1661.4;0.2;1360.0;0;11
32;40;7.3;266.9;698.0;1651.3;0.2;1269.0;1;12
32;41;8.0;243.9;618.0;1645.0;0.1;1269.0;0;12
32;42;7.6;259.6;606.0;1673.4;0.2;1269.0;0;12
32;43;8.4;239.4;584.0;1694.3;0.1;1269.0;0;12
32;44;9.3;224.3;581.0;1738.3;0.1;1269.0;0;12
32;45;10.4;204.5;504.0;1771.3;0.1;1269.0;0;12
32;46;7.6;259.7;588.0;1666.1;0.2;1269.0;0;12
32;47;6.3;294.4;630.0;1591.9;0.2;1269.0;0;12
32;48;7.9;251.5;563.0;1681.1;0.1;1269.0;0;12
32;49;7.3;274.5;804.0;1696.6;0.2;1229.0;1;13
32;50;5.6;333.2;749.0;1625.3;0.2;1229.0;0;13
32;51;5.7;328.0;763.0;1625.4;0.2;1229.0;0;13
32;52;6.9;277.7;634.0;1626.6;0.2;1229.0;0;13
32;53;6.5;295.7;690.0;1651.6;0.2;1229.0;0;13
32;54;7.0;268.7;639.0;1597.7;0.2;1229.0;0;13
32;55;7.5;258.8;675.0;1644.7;0.2;1229.0;0;13
32;56;6.0;307.9;763.0;1588.0;0.2;1229.0;0;13
32;57;5.4;342.0;766.0;1598.1;0.2;1229.0;0;13
32;58;6.6;253.9;557.0;1436.7;0.2;1191.0;1;14
32;59;6.2;276.1;635.0;1472.3;0.2;1184.0;1;15
32;60;7.0;264.6;614.0;1566.1;0.2;1184.0;0;15
32;61;7.4;259.9;695.0;1631.9;0.2;1184.0;0;15
32;62;6.4;266.9;576.0;1457.4;0.2;1184.0;0;15
32;63;5.7;297.5;679.0;1462.6;0.2;1184.0;0;15
32;64;7.8;206.3;492.0;1357.6;0.2;1183.0;1;16
32;65;6.6;245.2;561.0;1388.1;0.2;1179.0;1;17
32;66;6.3;261.6;630.0;1416.0;0.2;1179.0;0;17
32;67;6.7;244.2;592.0;1393.7;0.2;1179.0;0;17
32;68;6.6;241.1;557.0;1366.7;0.2;1179.0;0;17
32;69;6.0;264.4;625.0;1362.3;0.2;1178.0;1;18
32;70;6.9;233.3;548.0;1366.7;0.2;1178.0;0;18
32;71;6.6;250.5;616.0;1404.3;0.2;1178.0;0;18
32;72;6.3;254.4;589.0;1374.7;0.2;1178.0;0;18
32;73;6.5;245.4;573.0;1364.1;0.2;1178.0;0;18
32;74;7.2;220.1;502.0;1337.1;0.2;1178.0;0;18
32;75;6.1;260.1;597.0;1359.9;0.2;1178.0;0;18
32;76;5.9;271.8;625.0;1374.6;0.2;1178.0;0;18
32;77;5.4;305.1;777.0;1418.4;0.2;1178.0;0;18
32;78;6.4;255.5;638.0;1409.7;0.2;1178.0;0;18
32;79;6.9;233.6;580.0;1366.6;0.2;1178.0;0;18
32;80;8.1;192.7;482.0;1312.9;0.1;1178.0;0;18
32;81;8.7;182.5;439.0;1335.1;0.1;1178.0;0;18
32;82;10.5;146.7;367.0;1277.0;0.1;1175.0;1;19
32;83;7.4;212.9;499.0;1327.6;0.2;1175.0;0;19
32;84;11.5;135.1;332.0;1278.7;0.1;1174.0;1;20
32;85;10.4;148.2;347.0;1283.0;0.1;1174.0;0;20
32;86;8.2;192.3;465.0;1333.0;0.1;1170.0;1;21
32;87;8.1;194.6;456.0;1328.7;0.1;1170.0;0;21
32;88;9.8;156.8;374.0;1283.9;0.1;1170.0;0;21
32;89;15.3;98.7;282.0;1227.3;0.1;1170.0;0;21
32;90;5.8;258.2;744.0;1293.7;0.2;1170.0;0;21
32;91;11.7;131.1;401.0;1260.6;0.1;1170.0;0;21
32;92;8.4;180.8;539.0;1276.4;0.1;1170.0;0;21
32;93;10.5;145.3;440.0;1263.3;0.1;1170.0;0;21
32;94;11.9;128.8;394.0;1258.3;0.1;1170.0;0;21
32;95;8.9;171.0;506.0;1271.7;0.1;1170.0;0;21
32;96;11.0;136.4;396.0;1245.0;0.1;1170.0;0;21
32;97;17.3;87.8;251.0;1230.9;0.1;1170.0;0;21
32;98;17.3;87.8;251.0;1230.9;0.1;1170.0;0;21
32;99;7.4;214.0;660.0;1336.6;0.2;1170.0;0;21
33;0;12.4;220.1;564.0;2242.1;0.1;1823.0;1;1
33;1;13.3;204.4;556.0;2223.0;0.1;1823.0;0;1
33;2;9.6;277.1;706.0;2214.3;0.1;1747.0;1;2
33;3;11.3;239.6;601.0;2242.3;0.1;1747.0;0;2
33;4;11.4;229.9;580.0;2161.4;0.1;1747.0;0;2
33;5;13.9;191.7;464.0;2184.1;0.1;1747.0;0;2
33;6;16.2;168.3;440.0;2221.0;0.1;1747.0;0;2
33;7;12.1;223.4;577.0;2230.4;0.1;1747.0;0;2
33;8;13.9;185.4;462.0;2113.4;0.1;1747.0;0;2
33;9;8.6;299.9;725.0;2164.0;0.1;1654.0;1;3
33;10;12.0;217.9;558.0;2160.3;0.1;1654.0;0;3
33;11;11.4;226.9;549.0;2133.0;0.1;1654.0;0;3
33;12;10.9;249.5;669.0;2246.1;0.1;1654.0;0;3
33;13;12.0;213.3;575.0;2114.3;0.1;1654.0;0;3
33;14;8.0;306.3;733.0;2053.4;0.1;1606.0;1;4
33;15;10.7;234.3;595.0;2083.6;0.1;1606.0;0;4
33;16;9.4;258.7;622.0;2031.3;0.1;1606.0;0;4
33;17;9.0;264.6;715.0;1994.9;0.1;1549.0;1;5
33;18;10.1;249.8;572.0;2096.3;0.1;1549.0;0;5
33;19;9.7;248.1;639.0;2011.3;0.1;1549.0;0;5
33;20;10.6;222.6;532.0;1955.1;0.1;1549.0;0;5
33;21;7.6;316.4;756.0;2022.0;0.2;1549.0;0;5
33;22;7.7;316.8;703.0;2066.0;0.2;1549.0;0;5
33;23;9.9;250.0;623.0;2063.0;0.1;1549.0;0;5
33;24;8.6;276.4;649.0;1985.6;0.1;1549.0;0;5
33;25;8.1;282.8;696.0;1924.1;0.1;1549.0;0;5
33;26;8.0;291.9;673.0;1967.7;0.1;1549.0;0;5
33;27;7.7;301.6;780.0;1968.4;0.2;1522.0;1;6
33;28;8.2;293.5;667.0;2029.1;0.1;1522.0;0;6
33;29;7.1;319.2;853.0;1928.6;0.2;1373.0;1;7
33;30;8.6;272.0;591.0;1954.1;0.1;1373.0;0;7
33;31;7.1;319.0;835.0;1914.1;0.2;1347.0;1;8
33;32;7.6;299.4;685.0;1915.4;0.2;1347.0;0;8
33;33;7.9;291.1;708.0;1947.0;0.1;1347.0;0;8
33;34;8.1;279.7;636.0;1916.7;0.1;1347.0;0;8
33;35;7.6;309.7;821.0;1988.4;0.2;1347.0;0;8
33;36;7.9;284.7;753.0;1893.4;0.2;1347.0;0;8
33;37;8.4;252.7;548.0;1786.6;0.1;1347.0;0;8
33;38;7.6;297.3;756.0;1919.4;0.2;1347.0;0;8
33;39;7.2;269.7;668.0;1652.1;0.2;1335.0;1;9
33;40;6.6;299.7;750.0;1679.7;0.2;1285.0;1;10
33;41;6.7;304.9;726.0;1730.7;0.2;1285.0;0;10
33;42;5.9;330.3;760.0;1680.6;0.2;1285.0;0;10
33;43;5.8;346.3;834.0;1736.7;0.2;1285.0;0;10
33;44;7.4;279.8;614.0;1754.1;0.2;1285.0;0;10
33;45;5.8;337.9;796.0;1694.0;0.2;1285.0;0;10
33;46;7.2;270.6;610.0;1659.0;0.2;1285.0;0;10
33;47;6.8;298.9;733.0;1725.4;0.2;1285.0;0;10
33;48;5.1;379.0;877.0;1682.1;0.2;1249.0;1;11
33;49;6.3;303.8;672.0;1640.6;0.2;1249.0;0;11
33;50;5.9;335.5;819.0;1695.7;0.2;1249.0;0;11
33;51;6.7;293.9;638.0;1682.9;0.2;1249.0;0;11
33;52;5.8;325.3;755.0;1636.3;0.2;1249.0;0;11
33;53;6.0;309.5;681.0;1592.6;0.2;1240.0;1;12
33;54;6.4;289.1;629.0;1588.4;0.2;1240.0;0;12
33;55;6.2;295.8;715.0;1571.1;0.2;1197.0;1;13
33;56;6.2;295.1;696.0;1573.4;0.2;1197.0;0;13
33;57;5.4;321.8;690.0;1519.4;0.2;1197.0;0;13
33;58;6.2;293.1;690.0;1557.9;0.2;1195.0;1;14
33;59;6.3;294.8;716.0;1582.6;0.2;1195.0;0;14
33;60;6.3;293.9;695.0;1579.9;0.2;1195.0;0;14
33;61;5.9;333.0;744.0;1698.9;0.2;1195.0;0;14
33;62;6.1;323.0;774.0;1688.0;0.2;1195.0;0;14
33;63;5.5;342.6;755.0;1618.7;0.2;1195.0;0;14
33;64;6.5;285.4;735.0;1591.9;0.2;1195.0;0;14
33;65;6.2;290.4;763.0;1549.6;0.2;1195.0;0;14
33;66;6.0;292.4;700.0;1503.9;0.2;1195.0;0;14
33;67;6.8;242.8;563.0;1400.4;0.2;1195.0;0;14
33;68;6.6;248.8;662.0;1403.9;0.2;1186.0;1;15
33;69;8.5;190.6;498.0;1353.0;0.1;1186.0;0;15
33;70;8.9;178.2;424.0;1330.4;0.1;1186.0;0;15
33;71;5.4;300.2;729.0;1418.1;0.2;1182.0;1;16
33;72;3.9;442.3;1063.0;1553.0;0.3;1182.0;0;16
33;73;4.1;424.3;1090.0;1530.3;0.3;1182.0;0;16
33;74;3.8;442.8;1044.0;1522.6;0.3;1176.0;1;17
33;75;9.7;169.5;445.0;1370.4;0.1;1176.0;0;17
33;76;8.6;182.4;433.0;1314.6;0.1;1176.0;0;17
33;77;10.3;150.8;408.0;1284.0;0.1;1175.0;1;18
33;78;15.3;101.5;245.0;1264.0;0.1;1175.0;0;18
33;79;13.9;110.2;254.0;1252.4;0.1;1173.0;1;19
33;80;14.4;105.7;244.0;1241.6;0.1;1171.0;1;20
33;81;14.3;106.5;244.0;1242.7;0.1;1167.0;1;21
33;82;15.0;101.8;239.0;1244.4;0.1;1166.0;1;22
33;83;14.4;106.9;254.0;1256.1;0.1;1166.0;0;22
33;84;7.7;203.2;467.0;1317.9;0.2;1166.0;0;22
33;85;6.4;248.1;581.0;1350.1;0.2;1166.0;0;22
33;86;7.2;224.3;551.0;1374.6;0.2;1166.0;0;22
33;87;9.2;168.8;401.0;1292.3;0.1;1166.0;0;22
33;88;13.6;112.4;301.0;1250.1;0.1;1166.0;0;22
33;89;7.3;212.5;634.0;1311.1;0.2;1166.0;0;22
33;90;7.3;205.7;598.0;1268.7;0.2;1166.0;0;22
33;91;17.7;84.8;249.0;1216.0;0.1;1166.0;0;22
33;92;5.9;266.0;808.0;1343.3;0.2;1166.0;0;22
33;93;6.0;253.2;738.0;1300.1;0.2;1166.0;0;22
33;94;28.1;53.7;158.0;1205.6;0.0;1166.0;0;22
33;95;28.1;53.3;159.0;1198.7;0.0;1166.0;0;22
33;96;28.4;52.9;158.0;1199.3;0.0;1166.0;0;22
33;97;29.6;51.0;151.0;1203.4;0.0;1166.0;0;22
33;98;36.5;41.2;121.0;1192.4;0.0;1166.0;0;22
33;99;42.7;35.1;106.0;1189.7;0.0;1166.0;0;22
34;0;12.8;222.6;539.0;2335.3;0.1;1970.0;1;1
34;1;12.4;220.3;621.0;2243.6;0.1;1835.0;1;2
34;2;10.7;250.1;627.0;2212.3;0.1;1775.0;1;3
34;3;10.1;266.6;673.0;2232.0;0.1;1759.0;1;4
34;4;13.1;203.2;513.0;2187.3;0.1;1759.0;0;4
34;5;9.1;299.9;710.0;2270.1;0.1;1759.0;0;4
34;6;9.3;289.0;766.0;2238.3;0.1;1754.0;1;5
34;7;15.3;174.1;483.0;2166.9;0.1;1754.0;0;5
34;8;13.1;201.1;524.0;2162.0;0.1;1754.0;0;5
34;9;16.3;168.9;428.0;2237.4;0.1;1754.0;0;5
34;10;11.7;221.2;571.0;2129.3;0.1;1754.0;0;5
34;11;8.6;307.4;746.0;2219.3;0.1;1699.0;1;6
34;12;10.5;249.0;580.0;2166.9;0.1;1699.0;0;6
34;13;12.5;217.9;525.0;2233.1;0.1;1699.0;0;6
34;14;8.4;295.6;675.0;2088.9;0.1;1699.0;0;6
34;15;10.1;241.4;568.0;2035.0;0.1;1699.0;0;6
34;16;8.6;287.8;680.0;2070.1;0.1;1699.0;0;6
34;17;11.9;220.0;536.0;2152.3;0.1;1699.0;0;6
34;18;10.2;235.3;532.0;2001.4;0.1;1699.0;0;6
34;19;10.4;238.5;583.0;2065.1;0.1;1699.0;0;6
34;20;10.0;240.5;575.0;2007.6;0.1;1699.0;0;6
34;21;9.3;260.2;695.0;2013.0;0.1;1597.0;1;7
34;22;7.4;309.0;789.0;1937.3;0.2;1450.0;1;8
34;23;8.5;283.5;722.0;2016.1;0.1;1450.0;0;8
34;24;8.1;287.6;656.0;1961.6;0.1;1450.0;0;8
34;25;11.2;214.3;544.0;1987.4;0.1;1450.0;0;8
34;26;7.6;304.7;683.0;1947.1;0.2;1450.0;0;8
34;27;7.5;314.0;698.0;2002.3;0.2;1450.0;0;8
34;28;10.6;238.9;534.0;2096.1;0.1;1450.0;0;8
34;29;8.0;288.5;710.0;1937.1;0.1;1450.0;0;8
34;30;9.4;266.8;649.0;2090.0;0.1;1450.0;0;8
34;31;9.7;249.7;576.0;2015.0;0.1;1450.0;0;8
34;32;9.1;261.5;636.0;1980.1;0.1;1450.0;0;8
34;33;10.5;223.0;511.0;1944.1;0.1;1450.0;0;8
34;34;10.1;227.1;550.0;1899.0;0.1;1450.0;0;8
34;35;8.2;273.7;633.0;1895.9;0.1;1450.0;0;8
34;36;7.4;284.3;698.0;1792.3;0.2;1366.0;1;9
34;37;7.4;290.6;672.0;1821.6;0.2;1366.0;0;9
34;38;7.4;280.9;684.0;1759.7;0.2;1335.0;1;10
34;39;10.1;211.1;472.0;1763.4;0.1;1335.0;0;10
34;40;8.0;252.0;563.0;1692.0;0.1;1335.0;0;10
34;41;7.7;262.8;632.0;1706.6;0.2;1335.0;0;10
34;42;8.5;237.4;562.0;1686.6;0.1;1335.0;0;10
34;43;8.7;232.0;543.0;1685.1;0.1;1335.0;0;10
34;44;9.8;208.2;480.0;1696.0;0.1;1335.0;0;10
34;45;7.1;268.1;591.0;1624.6;0.2;1335.0;0;10
34;46;7.2;272.3;631.0;1671.9;0.2;1335.0;0;10
34;47;7.4;265.1;579.0;1660.1;0.2;1335.0;0;10
34;48;8.8;215.0;493.0;1592.6;0.1;1335.0;0;10
34;49;8.4;239.0;564.0;1680.3;0.1;1335.0;0;10
34;50;7.1;267.1;631.0;1616.7;0.2;1322.0;1;11
34;51;9.9;195.4;490.0;1614.0;0.1;1322.0;0;11
34;52;10.1;202.4;580.0;1695.6;0.1;1322.0;0;11
34;53;9.6;199.0;479.0;1584.4;0.1;1322.0;0;11
34;54;8.9;230.9;570.0;1727.7;0.1;1322.0;0;11
34;55;8.7;233.4;553.0;1707.3;0.1;1322.0;0;11
34;56;6.3;304.4;695.0;1640.9;0.2;1309.0;1;12
34;57;6.1;308.7;719.0;1619.0;0.2;1278.0;1;13
34;58;6.1;299.2;712.0;1565.0;0.2;1200.0;1;14
34;59;6.0;303.2;685.0;1561.3;0.2;1200.0;0;14
34;60;5.0;357.0;766.0;1563.0;0.2;1200.0;0;14
34;61;5.7;326.4;724.0;1614.9;0.2;1200.0;0;14
34;62;6.3;293.5;661.0;1579.1;0.2;1200.0;0;14
34;63;5.6;322.1;744.0;1568.6;0.2;1200.0;0;14
34;64;6.7;258.0;661.0;1466.1;0.2;1190.0;1;15
34;65;9.1;192.4;536.0;1457.4;0.1;1190.0;0;15
34;66;11.3;137.8;339.0;1289.3;0.1;1179.0;1;16
34;67;8.9;187.3;461.0;1391.1;0.1;1179.0;0;16
34;68;8.1;194.3;457.0;1326.0;0.1;1179.0;0;16
34;69;8.6;191.6;484.0;1382.6;0.1;1179.0;0;16
34;70;8.7;185.9;435.0;1349.1;0.1;1179.0;0;16
34;71;10.4;161.1;374.0;1394.4;0.1;1179.0;0;16
34;72;11.3;144.3;380.0;1350.1;0.1;1179.0;0;16
34;73;10.8;149.0;373.0;1326.9;0.1;1179.0;0;16
34;74;10.0;161.4;392.0;1338.7;0.1;1179.0;0;16
34;75;9.6;163.3;388.0;1311.4;0.1;1179.0;0;16
34;76;8.6;186.2;446.0;1347.1;0.1;1179.0;0;16
34;77;13.2;116.0;274.0;1259.1;0.1;1176.0;1;17
34;78;13.6;113.2;279.0;1258.6;0.1;1170.0;1;18
34;79;16.3;93.4;215.0;1237.0;0.1;1170.0;0;18
34;80;17.5;87.0;202.0;1233.1;0.1;1170.0;0;18
34;81;35.1;43.2;102.0;1205.9;0.0;1170.0;0;18
34;82;9.5;166.5;399.0;1312.4;0.1;1170.0;0;18
34;83;41.3;36.6;81.0;1198.1;0.0;1170.0;0;18
34;84;42.7;35.6;86.0;1203.4;0.0;1170.0;0;18
34;85;13.9;109.9;298.0;1246.6;0.1;1170.0;0;18
34;86;11.6;135.1;328.0;1294.9;0.1;1170.0;0;18
34;87;25.9;58.7;135.0;1217.9;0.0;1170.0;0;18
34;88;25.6;59.7;138.0;1224.7;0.0;1170.0;0;18
34;89;15.2;99.4;292.0;1230.9;0.1;1170.0;0;18
34;90;32.6;46.4;136.0;1205.6;0.0;1170.0;0;18
34;91;32.2;46.9;137.0;1204.4;0.0;1170.0;0;18
34;92;16.4;91.9;267.0;1224.6;0.1;1170.0;0;18
34;93;11.6;132.7;395.0;1273.9;0.1;1170.0;0;18
34;94;12.2;135.9;438.0;1358.6;0.1;1170.0;0;18
34;95;13.6;113.3;341.0;1264.1;0.1;1170.0;0;18
34;96;11.9;136.1;465.0;1333.4;0.1;1170.0;0;18
34;97;29.1;51.6;153.0;1199.1;0.0;1170.0;0;18
34;98;17.0;94.4;333.0;1300.7;0.1;1170.0;0;18
34;99;14.0;110.8;335.0;1265.7;0.1;1170.0;0;18
35;0;10.9;242.8;639.0;2193.3;0.1;1782.0;1;1
35;1;12.8;213.4;509.0;2235.1;0.1;1782.0;0;1
35;2;11.8;231.1;649.0;2241.4;0.1;1782.0;0;1
35;3;12.4;212.0;568.0;2158.3;0.1;1782.0;0;1
35;4;11.3;233.1;554.0;2177.1;0.1;1781.0;1;2
35;5;11.1;236.5;619.0;2172.9;0.1;1781.0;0;2
35;6;12.6;210.1;547.0;2166.4;0.1;1778.0;1;3
35;7;13.5;204.5;523.0;2263.3;0.1;1778.0;0;3
35;8;9.6;268.8;715.0;2148.9;0.1;1664.0;1;4
35;9;10.9;253.7;645.0;2285.0;0.1;1664.0;0;4
35;10;9.5;276.2;718.0;2197.3;0.1;1664.0;0;4
35;11;15.4;175.3;469.0;2197.1;0.1;1664.0;0;4
35;12;11.6;229.0;606.0;2190.6;0.1;1664.0;0;4
35;13;14.1;189.6;501.0;2185.9;0.1;1664.0;0;4
35;14;11.2;224.3;522.0;2082.3;0.1;1664.0;0;4
35;15;8.6;291.5;777.0;2109.7;0.1;1649.0;1;5
35;16;11.8;225.0;563.0;2185.1;0.1;1649.0;0;5
35;17;9.9;245.8;601.0;2023.9;0.1;1649.0;0;5
35;18;12.6;193.8;525.0;2010.1;0.1;1649.0;0;5
35;19;11.1;217.6;529.0;1989.7;0.1;1649.0;0;5
35;20;9.7;254.6;689.0;2051.7;0.1;1613.0;1;6
35;21;11.6;205.2;513.0;1967.9;0.1;1613.0;0;6
35;22;10.2;237.6;538.0;2016.6;0.1;1613.0;0;6
35;23;9.6;254.2;546.0;2033.4;0.1;1613.0;0;6
35;24;9.2;257.2;669.0;1967.0;0.1;1563.0;1;7
35;25;9.9;246.2;575.0;2033.9;0.1;1563.0;0;7
35;26;10.6;241.0;622.0;2110.0;0.1;1563.0;0;7
35;27;7.6;314.8;686.0;2022.9;0.2;1563.0;0;7
35;28;9.6;255.6;608.0;2048.6;0.1;1563.0;0;7
35;29;8.4;284.3;617.0;1999.0;0.1;1563.0;0;7
35;30;9.7;247.2;585.0;1999.6;0.1;1563.0;0;7
35;31;8.4;265.2;628.0;1876.0;0.1;1542.0;1;8
35;32;12.0;196.4;469.0;1946.3;0.1;1542.0;0;8
35;33;10.1;229.0;592.0;1921.3;0.1;1542.0;0;8
35;34;8.9;248.5;590.0;1855.0;0.1;1514.0;1;9
35;35;13.0;177.5;446.0;1889.0;0.1;1514.0;0;9
35;36;10.3;217.5;557.0;1857.1;0.1;1514.0;0;9
35;37;9.2;239.7;531.0;1844.7;0.1;1514.0;0;9
35;38;13.0;168.6;425.0;1799.4;0.1;1514.0;0;9
35;39;9.2;226.1;543.0;1730.9;0.1;1497.0;1;10
35;40;9.4;217.4;552.0;1696.0;0.1;1395.0;1;11
35;41;9.1;235.9;558.0;1788.6;0.1;1395.0;0;11
35;42;8.0;253.0;646.0;1708.6;0.1;1370.0;1;12
35;43;7.8;268.3;642.0;1761.6;0.2;1370.0;0;12
35;44;8.8;235.3;531.0;1735.1;0.1;1370.0;0;12
35;45;12.5;168.6;393.0;1728.9;0.1;1370.0;0;12
35;46;7.8;247.2;588.0;1632.6;0.2;1369.0;1;13
35;47;11.7;167.0;397.0;1609.3;0.1;1369.0;0;13
35;48;8.2;227.9;569.0;1567.4;0.1;1317.0;1;14
35;49;9.8;190.3;443.0;1550.6;0.1;1317.0;0;14
35;50;13.5;137.1;353.0;1516.4;0.1;1317.0;0;14
35;51;10.4;180.5;456.0;1557.7;0.1;1313.0;1;15
35;52;9.7;199.1;477.0;1615.7;0.1;1313.0;0;15
35;53;12.4;147.8;361.0;1505.3;0.1;1313.0;0;15
35;54;11.0;166.6;366.0;1510.6;0.1;1313.0;0;15
35;55;9.8;191.2;481.0;1564.1;0.1;1313.0;0;15
35;56;9.7;187.4;443.0;1515.0;0.1;1305.0;1;16
35;57;8.8;203.1;453.0;1494.6;0.1;1277.0;1;17
35;58;9.9;183.3;482.0;1506.4;0.1;1269.0;1;18
35;59;9.6;188.8;449.0;1512.9;0.1;1269.0;0;18
35;60;8.5;215.8;555.0;1534.1;0.1;1229.0;1;19
35;61;7.4;244.5;565.0;1537.0;0.2;1229.0;0;19
35;62;9.1;201.2;491.0;1522.4;0.1;1229.0;0;19
35;63;10.2;181.3;400.0;1535.1;0.1;1229.0;0;19
35;64;8.4;201.1;497.0;1426.4;0.1;1229.0;0;19
35;65;6.4;270.5;699.0;1479.3;0.2;1189.0;1;20
35;66;7.1;241.4;575.0;1457.0;0.2;1189.0;0;20
35;67;7.4;239.0;651.0;1499.3;0.2;1189.0;0;20
35;68;8.7;202.2;488.0;1469.4;0.1;1189.0;0;20
35;69;7.7;236.6;630.0;1536.1;0.2;1189.0;0;20
35;70;8.3;212.1;547.0;1475.1;0.1;1189.0;0;20
35;71;7.2;238.6;623.0;1456.0;0.2;1189.0;0;20
35;72;5.6;295.8;718.0;1439.7;0.2;1189.0;0;20
35;73;6.0;279.9;713.0;1443.9;0.2;1189.0;0;20
35;74;6.4;265.1;673.0;1445.4;0.2;1176.0;1;21
35;75;7.0;252.8;689.0;1505.1;0.2;1176.0;0;21
35;76;8.0;207.5;565.0;1394.1;0.1;1176.0;0;21
35;77;7.2;232.8;597.0;1424.0;0.2;1176.0;0;21
35;78;7.1;228.7;565.0;1387.4;0.2;1176.0;0;21
35;79;8.0;199.0;479.0;1342.3;0.1;1176.0;0;21
35;80;6.8;243.5;618.0;1411.6;0.2;1176.0;0;21
35;81;5.7;275.6;618.0;1363.4;0.2;1176.0;0;21
35;82;7.8;220.8;607.0;1456.1;0.2;1176.0;0;21
35;83;5.1;337.2;840.0;1511.0;0.2;1176.0;0;21
35;84;4.5;382.2;988.0;1511.7;0.3;1176.0;0;21
35;85;13.3;116.3;276.0;1270.3;0.1;1176.0;0;21
35;86;13.5;114.2;261.0;1264.6;0.1;1176.0;0;21
35;87;18.5;82.5;193.0;1237.0;0.1;1174.0;1;22
35;88;20.1;76.6;180.0;1238.7;0.1;1174.0;0;22
35;89;24.3;61.9;186.0;1208.4;0.1;1172.0;1;23
35;90;32.3;46.9;139.0;1204.4;0.0;1172.0;0;23
35;91;27.1;55.7;164.0;1206.7;0.0;1172.0;0;23
35;92;23.6;63.6;185.0;1207.3;0.1;1172.0;0;23
35;93;27.6;54.6;162.0;1204.6;0.0;1172.0;0;23
35;94;36.9;41.1;119.0;1205.0;0.0;1172.0;0;23
35;95;34.0;44.9;141.0;1215.6;0.0;1172.0;0;23
35;96;32.7;46.3;147.0;1205.1;0.0;1169.0;1;24
35;97;33.6;45.0;134.0;1202.7;0.0;1169.0;0;24
35;98;16.8;89.7;265.0;1221.9;0.1;1169.0;0;24
35;99;25.7;58.8;174.0;1210.3;0.0;1169.0;0;24
36;0;13.0;209.4;538.0;2237.7;0.1;1863.0;1;1
36;1;10.5;251.8;668.0;2187.3;0.1;1716.0;1;2
36;2;10.8;246.0;596.0;2193.0;0.1;1716.0;0;2
36;3;11.2;237.9;586.0;2208.0;0.1;1716.0;0;2
36;4;13.4;199.4;491.0;2186.4;0.1;1716.0;0;2
36;5;14.6;181.8;518.0;2158.9;0.1;1716.0;0;2
36;6;10.8;239.9;590.0;2151.7;0.1;1716.0;0;2
36;7;11.6;227.7;682.0;2178.9;0.1;1713.0;1;3
36;8;14.1;184.3;491.0;2120.7;0.1;1713.0;0;3
36;9;14.2;181.6;480.0;2105.9;0.1;1713.0;0;3
36;10;10.9;236.7;562.0;2134.7;0.1;1713.0;0;3
36;11;10.9;244.5;614.0;2195.4;0.1;1713.0;0;3
36;12;13.5;192.1;526.0;2118.1;0.1;1713.0;0;3
36;13;12.1;204.2;557.0;2037.1;0.1;1640.0;1;4
36;14;9.7;251.0;599.0;2023.0;0.1;1640.0;0;4
36;15;9.1;273.7;614.0;2079.0;0.1;1640.0;0;4
36;16;9.0;278.6;644.0;2092.0;0.1;1640.0;0;4
36;17;10.1;240.8;545.0;2029.6;0.1;1640.0;0;4
36;18;9.9;233.7;542.0;1932.3;0.1;1629.0;1;5
36;19;12.5;199.4;485.0;2046.0;0.1;1629.0;0;5
36;20;10.6;228.5;523.0;2011.9;0.1;1629.0;0;5
36;21;9.0;268.1;635.0;2023.6;0.1;1629.0;0;5
36;22;12.2;196.5;503.0;1973.7;0.1;1629.0;0;5
36;23;7.7;300.9;728.0;1962.7;0.2;1561.0;1;6
36;24;7.5;331.7;812.0;2095.0;0.2;1561.0;0;6
36;25;8.9;266.9;690.0;1984.4;0.1;1560.0;1;7
36;26;12.3;194.5;441.0;1964.7;0.1;1560.0;0;7
36;27;9.3;255.8;605.0;1993.4;0.1;1560.0;0;7
36;28;9.2;254.3;605.0;1944.7;0.1;1560.0;0;7
36;29;8.2;274.6;687.0;1888.0;0.1;1502.0;1;8
36;30;9.1;256.1;601.0;1950.4;0.1;1502.0;0;8
36;31;9.0;258.7;592.0;1940.9;0.1;1502.0;0;8
36;32;11.8;196.7;479.0;1916.9;0.1;1502.0;0;8
36;33;8.7;262.2;700.0;1906.6;0.1;1490.0;1;9
36;34;8.1;280.6;620.0;1905.9;0.1;1490.0;0;9
36;35;8.1;280.7;597.0;1922.3;0.1;1490.0;0;9
36;36;8.8;261.9;578.0;1933.4;0.1;1490.0;0;9
36;37;8.6;254.9;616.0;1846.0;0.1;1490.0;0;9
36;38;8.3;273.2;681.0;1906.4;0.1;1490.0;0;9
36;39;6.6;326.6;788.0;1829.3;0.2;1436.0;1;10
36;40;9.5;227.0;576.0;1806.1;0.1;1436.0;0;10
36;41;9.0;234.2;554.0;1769.9;0.1;1436.0;0;10
36;42;9.2;227.4;498.0;1741.1;0.1;1436.0;0;10
36;43;8.6;232.3;531.0;1667.4;0.1;1416.0;1;11
36;44;8.0;257.1;684.0;1732.7;0.1;1367.0;1;12
36;45;7.8;253.7;633.0;1674.4;0.2;1367.0;0;12
36;46;9.2;226.0;577.0;1729.6;0.1;1367.0;0;12
36;47;6.9;297.5;689.0;1739.6;0.2;1367.0;0;12
36;48;5.7;354.5;870.0;1757.3;0.2;1321.0;1;13
36;49;6.3;308.0;729.0;1661.3;0.2;1301.0;1;14
36;50;10.1;176.3;427.0;1473.6;0.1;1273.0;1;15
36;51;10.4;176.4;420.0;1519.7;0.1;1273.0;0;15
36;52;11.6;162.2;382.0;1547.0;0.1;1273.0;0;15
36;53;8.9;209.8;526.0;1566.3;0.1;1273.0;0;15
36;54;7.7;240.0;605.0;1570.1;0.2;1258.0;1;16
36;55;7.7;237.6;516.0;1547.9;0.2;1258.0;0;16
36;56;9.6;187.0;402.0;1496.0;0.1;1258.0;0;16
36;57;8.0;215.9;488.0;1462.9;0.1;1249.0;1;17
36;58;8.9;207.3;468.0;1545.1;0.1;1249.0;0;17
36;59;10.5;166.4;377.0;1455.0;0.1;1249.0;0;17
36;60;8.5;202.9;481.0;1441.4;0.1;1234.0;1;18
36;61;7.6;221.2;515.0;1420.9;0.2;1182.0;1;19
36;62;7.6;223.9;526.0;1444.9;0.2;1182.0;0;19
36;63;8.1;215.6;487.0;1470.7;0.1;1182.0;0;19
36;64;7.4;222.5;535.0;1388.6;0.2;1182.0;0;19
36;65;7.6;215.6;518.0;1392.1;0.2;1182.0;0;19
36;66;6.5;245.2;579.0;1366.7;0.2;1182.0;0;19
36;67;7.9;227.5;616.0;1508.6;0.2;1182.0;0;19
36;68;6.4;261.6;639.0;1424.9;0.2;1182.0;0;19
36;69;7.0;236.2;582.0;1401.7;0.2;1182.0;0;19
36;70;5.4;344.0;940.0;1605.1;0.2;1182.0;0;19
36;71;6.7;262.4;640.0;1496.3;0.2;1182.0;0;19
36;72;10.2;155.7;362.0;1320.1;0.1;1182.0;0;19
36;73;9.7;162.3;373.0;1310.3;0.1;1182.0;0;19
36;74;9.4;164.9;385.0;1297.1;0.1;1173.0;1;20
36;75;9.8;160.6;375.0;1305.7;0.1;1173.0;0;20
36;76;9.7;161.1;387.0;1305.0;0.1;1170.0;1;21
36;77;10.5;151.3;375.0;1319.4;0.1;1170.0;0;21
36;78;9.8;159.6;377.0;1306.7;0.1;1170.0;0;21
36;79;9.4;171.7;399.0;1342.9;0.1;1170.0;0;21
36;80;7.6;210.4;509.0;1355.9;0.2;1170.0;0;21
36;81;9.0;190.8;483.0;1432.3;0.1;1170.0;0;21
36;82;8.6;199.5;545.0;1434.0;0.1;1170.0;0;21
36;83;8.3;209.9;534.0;1470.7;0.1;1170.0;0;21
36;84;9.1;194.5;457.0;1479.1;0.1;1170.0;0;21
36;85;8.9;194.0;463.0;1447.3;0.1;1170.0;0;21
36;86;7.2;239.4;576.0;1461.9;0.2;1170.0;0;21
36;87;9.7;176.9;436.0;1427.3;0.1;1170.0;0;21
36;88;11.0;149.3;371.0;1352.9;0.1;1170.0;0;21
36;89;14.6;111.8;366.0;1335.7;0.1;1170.0;0;21
36;90;8.7;185.8;570.0;1361.0;0.1;1170.0;0;21
36;91;8.6;186.6;580.0;1342.4;0.1;1170.0;0;21
36;92;8.7;189.3;636.0;1387.0;0.1;1170.0;0;21
36;93;10.1;160.4;519.0;1342.7;0.1;1170.0;0;21
36;94;11.5;144.6;465.0;1372.0;0.1;1170.0;0;21
36;95;15.9;99.3;291.0;1280.9;0.1;1170.0;0;21
36;96;9.9;162.5;519.0;1341.1;0.1;1170.0;0;21
36;97;8.8;172.7;508.0;1268.7;0.1;1170.0;0;21
36;98;10.6;153.0;496.0;1343.0;0.1;1170.0;0;21
36;99;6.0;259.3;789.0;1345.7;0.2;1170.0;0;21
37;0;11.6;225.1;655.0;2159.9;0.1;1765.0;1;1
37;1;9.7;267.7;695.0;2166.7;0.1;1686.0;1;2
37;2;10.8;240.4;573.0;2141.6;0.1;1686.0;0;2
37;3;11.7;232.0;584.0;2229.3;0.1;1686.0;0;2
37;4;12.2;218.8;523.0;2189.1;0.1;1686.0;0;2
37;5;11.3;236.1;564.0;2204.6;0.1;1686.0;0;2
37;6;11.8;232.8;642.0;2255.7;0.1;1686.0;0;2
37;7;14.4;182.6;462.0;2148.9;0.1;1686.0;0;2
37;8;10.8;254.6;659.0;2266.1;0.1;1686.0;0;2
37;9;11.9;222.7;539.0;2189.9;0.1;1686.0;0;2
37;10;13.8;189.8;483.0;2144.9;0.1;1686.0;0;2
37;11;11.9;221.7;575.0;2169.0;0.1;1686.0;0;2
37;12;12.1;217.7;640.0;2163.6;0.1;1686.0;0;2
37;13;16.0;162.8;405.0;2115.4;0.1;1686.0;0;2
37;14;10.0;247.9;597.0;2066.4;0.1;1686.0;0;2
37;15;11.1;225.3;491.0;2075.9;0.1;1686.0;0;2
37;16;13.4;183.1;421.0;2015.3;0.1;1686.0;0;2
37;17;11.0;223.1;505.0;2038.1;0.1;1686.0;0;2
37;18;11.1;224.6;503.0;2057.0;0.1;1686.0;0;2
37;19;11.1;215.9;475.0;1983.7;0.1;1686.0;0;2
37;20;12.3;204.0;532.0;2059.7;0.1;1686.0;0;2
37;21;7.7;311.3;693.0;2019.3;0.2;1613.0;1;3
37;22;8.8;283.4;678.0;2081.1;0.1;1613.0;0;3
37;23;10.3;236.6;553.0;2024.7;0.1;1613.0;0;3
37;24;10.4;228.1;553.0;1959.9;0.1;1613.0;0;3
37;25;9.7;240.0;534.0;1939.9;0.1;1613.0;0;3
37;26;10.1;238.0;607.0;1991.9;0.1;1613.0;0;3
37;27;10.0;233.7;557.0;1945.6;0.1;1613.0;0;3
37;28;8.8;263.6;633.0;1945.1;0.1;1571.0;1;4
37;29;9.5;242.6;541.0;1927.0;0.1;1571.0;0;4
37;30;8.4;273.6;664.0;1929.0;0.1;1568.0;1;5
37;31;10.4;226.9;573.0;1953.9;0.1;1568.0;0;5
37;32;9.2;250.4;625.0;1925.7;0.1;1525.0;1;6
37;33;9.2;245.4;585.0;1891.3;0.1;1525.0;0;6
37;34;8.1;276.7;640.0;1892.1;0.1;1525.0;0;6
37;35;10.1;225.5;520.0;1889.9;0.1;1525.0;0;6
37;36;7.6;281.4;639.0;1808.3;0.2;1446.0;1;7
37;37;6.6;317.1;785.0;1778.4;0.2;1293.0;1;8
37;38;9.5;221.0;618.0;1744.7;0.1;1293.0;0;8
37;39;9.0;229.8;601.0;1736.0;0.1;1293.0;0;8
37;40;9.0;219.0;474.0;1654.0;0.1;1293.0;0;8
37;41;8.3;233.9;556.0;1637.1;0.1;1293.0;0;8
37;42;8.1;243.4;643.0;1656.3;0.1;1293.0;0;8
37;43;7.5;257.8;577.0;1640.6;0.2;1293.0;0;8
37;44;6.6;284.5;694.0;1609.6;0.2;1251.0;1;9
37;45;8.0;244.3;582.0;1652.4;0.1;1251.0;0;9
37;46;12.6;157.6;407.0;1634.7;0.1;1251.0;0;9
37;47;8.3;232.5;542.0;1618.9;0.1;1251.0;0;9
37;48;6.5;277.5;661.0;1538.6;0.2;1230.0;1;10
37;49;9.2;202.6;551.0;1557.0;0.1;1230.0;0;10
37;50;9.9;178.6;414.0;1476.3;0.1;1230.0;0;10
37;51;10.7;174.3;405.0;1540.6;0.1;1230.0;0;10
37;52;9.2;207.2;515.0;1592.0;0.1;1230.0;0;10
37;53;8.0;244.3;614.0;1643.7;0.1;1230.0;0;10
37;54;6.2;307.6;765.0;1628.9;0.2;1230.0;0;10
37;55;6.4;293.4;651.0;1597.1;0.2;1230.0;0;10
37;56;6.2;297.1;684.0;1590.3;0.2;1230.0;0;10
37;57;6.3;299.6;664.0;1619.1;0.2;1230.0;0;10
37;58;5.7;323.0;757.0;1587.3;0.2;1206.0;1;11
37;59;6.1;306.9;666.0;1603.3;0.2;1206.0;0;11
37;60;8.7;213.3;568.0;1547.9;0.1;1206.0;0;11
37;61;6.9;257.8;578.0;1518.0;0.2;1206.0;0;11
37;62;7.5;244.4;614.0;1555.9;0.2;1206.0;0;11
37;63;6.7;253.4;662.0;1458.0;0.2;1203.0;1;12
37;64;7.1;237.9;606.0;1437.4;0.2;1203.0;0;12
37;65;8.3;204.6;512.0;1434.1;0.1;1203.0;0;12
37;66;7.0;236.0;585.0;1397.9;0.2;1185.0;1;13
37;67;6.8;261.5;637.0;1515.1;0.2;1185.0;0;13
37;68;8.2;219.4;545.0;1512.4;0.1;1185.0;0;13
37;69;7.6;232.0;578.0;1496.3;0.2;1185.0;0;13
37;70;6.3;265.5;636.0;1443.7;0.2;1185.0;0;13
37;71;6.8;271.7;653.0;1574.4;0.2;1185.0;0;13
37;72;5.0;349.8;854.0;1537.4;0.2;1185.0;0;13
37;73;6.6;261.2;699.0;1476.4;0.2;1184.0;1;14
37;74;9.7;188.6;497.0;1523.9;0.1;1184.0;0;14
37;75;9.9;190.3;550.0;1560.7;0.1;1184.0;0;14
37;76;7.7;233.3;617.0;1517.4;0.2;1184.0;0;14
37;77;8.3;224.0;517.0;1562.9;0.1;1184.0;0;14
37;78;7.3;228.0;552.0;1418.6;0.2;1184.0;0;14
37;79;10.2;158.8;408.0;1344.4;0.1;1182.0;1;15
37;80;9.7;169.1;408.0;1363.7;0.1;1182.0;0;15
37;81;9.7;168.2;425.0;1359.1;0.1;1182.0;0;15
37;82;9.9;162.4;441.0;1339.3;0.1;1178.0;1;16
37;83;9.8;163.6;411.0;1337.3;0.1;1176.0;1;17
37;84;6.3;262.6;622.0;1419.9;0.2;1176.0;0;17
37;85;10.3;180.0;487.0;1535.0;0.1;1176.0;0;17
37;86;7.2;235.5;633.0;1446.7;0.2;1173.0;1;18
37;87;9.4;198.3;517.0;1550.9;0.1;1173.0;0;18
37;88;11.1;167.7;392.0;1538.6;0.1;1173.0;0;18
37;89;12.1;149.2;521.0;1483.0;0.1;1173.0;0;18
37;90;10.1;171.0;569.0;1438.9;0.1;1173.0;0;18
37;91;10.3;174.3;510.0;1490.4;0.1;1173.0;0;18
37;92;5.5;284.6;852.0;1354.3;0.2;1173.0;0;18
37;93;9.6;179.9;554.0;1439.6;0.1;1173.0;0;18
37;94;7.8;209.5;660.0;1375.9;0.2;1173.0;0;18
37;95;10.0;168.5;541.0;1402.4;0.1;1173.0;0;18
37;96;10.3;161.3;481.0;1384.3;0.1;1173.0;0;18
37;97;6.6;248.3;743.0;1400.7;0.2;1173.0;0;18
37;98;11.7;147.4;428.0;1418.7;0.1;1173.0;0;18
37;99;12.0;144.6;433.0;1428.1;0.1;1173.0;0;18
38;0;10.5;262.0;686.0;2272.4;0.1;1787.0;1;1
38;1;12.6;213.0;519.0;2203.4;0.1;1787.0;0;1
38;2;10.9;247.7;597.0;2227.0;0.1;1787.0;0;1
38;3;13.9;190.1;515.0;2167.9;0.1;1787.0;0;1
38;4;9.4;293.3;665.0;2294.4;0.1;1787.0;0;1
38;5;10.8;255.8;593.0;2285.6;0.1;1787.0;0;1
38;6;11.3;231.3;574.0;2157.6;0.1;1782.0;1;2
38;7;16.0;173.3;475.0;2251.6;0.1;1782.0;0;2
38;8;10.5;250.6;653.0;2185.4;0.1;1760.0;1;3
38;9;12.4;210.7;497.0;2147.1;0.1;1760.0;0;3
38;10;12.4;210.1;541.0;2143.0;0.1;1760.0;0;3
38;11;10.0;257.0;736.0;2144.0;0.1;1642.0;1;4
38;12;15.8;169.5;402.0;2174.7;0.1;1642.0;0;4
38;13;11.9;209.9;567.0;2053.6;0.1;1642.0;0;4
38;14;9.2;266.7;584.0;2050.4;0.1;1642.0;0;4
38;15;10.8;231.3;628.0;2068.9;0.1;1642.0;0;4
38;16;10.6;227.6;512.0;2000.9;0.1;1642.0;0;4
38;17;10.9;220.9;520.0;1984.9;0.1;1642.0;0;4
38;18;12.3;201.2;513.0;2040.1;0.1;1642.0;0;4
38;19;12.9;188.1;466.0;1988.3;0.1;1642.0;0;4
38;20;10.3;223.2;537.0;1901.1;0.1;1605.0;1;5
38;21;9.2;268.7;583.0;2058.0;0.1;1605.0;0;5
38;22;8.4;289.5;747.0;2043.9;0.1;1605.0;0;5
38;23;9.1;259.3;598.0;1969.3;0.1;1605.0;0;5
38;24;10.5;218.2;521.0;1903.7;0.1;1598.0;1;6
38;25;9.1;259.9;649.0;1986.6;0.1;1598.0;0;6
38;26;9.3;253.2;681.0;1970.0;0.1;1534.0;1;7
38;27;7.0;328.3;876.0;1953.0;0.2;1389.0;1;8
38;28;8.4;275.0;692.0;1938.9;0.1;1389.0;0;8
38;29;9.4;241.2;608.0;1892.9;0.1;1389.0;0;8
38;30;8.6;267.3;623.0;1936.3;0.1;1389.0;0;8
38;31;8.4;274.8;647.0;1946.7;0.1;1389.0;0;8
38;32;9.6;237.2;539.0;1905.6;0.1;1389.0;0;8
38;33;7.1;325.4;744.0;1964.6;0.2;1389.0;0;8
38;34;8.8;269.0;630.0;1980.9;0.1;1389.0;0;8
38;35;9.2;234.1;660.0;1800.6;0.1;1389.0;0;8
38;36;8.4;259.1;636.0;1830.6;0.1;1389.0;0;8
38;37;13.0;168.5;440.0;1791.4;0.1;1389.0;0;8
38;38;10.2;195.4;495.0;1655.0;0.1;1352.0;1;9
38;39;9.9;204.9;511.0;1692.7;0.1;1352.0;0;9
38;40;10.7;179.8;420.0;1586.4;0.1;1352.0;0;9
38;41;13.3;150.6;364.0;1638.4;0.1;1352.0;0;9
38;42;11.7;170.5;422.0;1640.0;0.1;1352.0;0;9
38;43;11.9;163.1;422.0;1595.0;0.1;1352.0;0;9
38;44;11.3;165.6;374.0;1550.7;0.1;1352.0;0;9
38;45;12.2;157.5;424.0;1585.7;0.1;1352.0;0;9
38;46;11.9;162.9;383.0;1594.4;0.1;1352.0;0;9
38;47;11.2;170.1;404.0;1574.4;0.1;1352.0;0;9
38;48;11.2;173.3;378.0;1599.4;0.1;1352.0;0;9
38;49;10.2;186.8;411.0;1589.1;0.1;1352.0;0;9
38;50;10.7;184.9;439.0;1637.9;0.1;1352.0;0;9
38;51;10.1;197.3;479.0;1650.0;0.1;1352.0;0;9
38;52;8.2;236.1;575.0;1621.4;0.1;1312.0;1;10
38;53;10.9;180.2;500.0;1629.7;0.1;1312.0;0;10
38;54;12.0;160.1;353.0;1588.3;0.1;1312.0;0;10
38;55;10.3;182.6;411.0;1563.9;0.1;1312.0;0;10
38;56;10.6;172.1;377.0;1517.3;0.1;1312.0;0;10
38;57;10.4;190.3;502.0;1634.6;0.1;1312.0;0;10
38;58;11.5;168.1;416.0;1589.6;0.1;1312.0;0;10
38;59;12.8;150.4;384.0;1582.7;0.1;1312.0;0;10
38;60;9.5;196.7;416.0;1562.7;0.1;1312.0;0;10
38;61;12.1;153.7;381.0;1530.6;0.1;1312.0;0;10
38;62;10.6;171.4;420.0;1509.4;0.1;1289.0;1;11
38;63;8.5;224.1;518.0;1590.3;0.1;1289.0;0;11
38;64;13.6;131.4;328.0;1464.0;0.1;1289.0;0;11
38;65;14.4;126.5;301.0;1490.9;0.1;1289.0;0;11
38;66;14.1;128.6;353.0;1479.6;0.1;1289.0;0;11
38;67;11.3;159.4;444.0;1482.1;0.1;1276.0;1;12
38;68;12.2;147.6;362.0;1485.3;0.1;1276.0;0;12
38;69;9.3;190.9;521.0;1488.1;0.1;1260.0;1;13
38;70;10.2;173.2;409.0;1473.0;0.1;1260.0;0;13
38;71;12.3;148.8;353.0;1503.4;0.1;1260.0;0;13
38;72;11.6;157.2;396.0;1505.1;0.1;1260.0;0;13
38;73;9.6;188.8;515.0;1503.7;0.1;1260.0;0;13
38;74;7.3;225.3;545.0;1399.9;0.2;1213.0;1;14
38;75;7.9;208.5;518.0;1386.6;0.2;1213.0;0;14
38;76;7.1;229.0;530.0;1382.6;0.2;1213.0;0;14
38;77;5.6;287.5;687.0;1384.4;0.2;1171.0;1;15
38;78;6.8;262.3;720.0;1527.3;0.2;1171.0;0;15
38;79;7.8;224.0;540.0;1474.6;0.2;1171.0;0;15
38;80;7.8;238.7;705.0;1580.9;0.2;1171.0;0;15
38;81;6.8;258.8;688.0;1496.0;0.2;1171.0;0;15
38;82;6.3;267.0;655.0;1448.0;0.2;1171.0;0;15
38;83;6.7;260.4;651.0;1489.6;0.2;1171.0;0;15
38;84;11.8;133.6;315.0;1294.6;0.1;1171.0;0;15
38;85;11.1;141.0;322.0;1292.4;0.1;1171.0;0;15
38;86;4.7;343.8;792.0;1420.9;0.2;1171.0;0;15
38;87;4.9;332.6;766.0;1436.0;0.2;1171.0;0;15
38;88;4.6;354.3;804.0;1445.0;0.2;1171.0;0;15
38;89;6.2;253.0;763.0;1348.4;0.2;1171.0;0;15
38;90;5.9;258.8;757.0;1312.0;0.2;1171.0;0;15
38;91;5.6;267.3;770.0;1296.3;0.2;1171.0;0;15
38;92;5.8;262.9;770.0;1313.0;0.2;1171.0;0;15
38;93;7.8;216.7;725.0;1434.0;0.2;1171.0;0;15
38;94;6.1;274.3;865.0;1431.4;0.2;1171.0;0;15
38;95;5.4;287.1;857.0;1341.1;0.2;1171.0;0;15
38;96;6.3;242.3;719.0;1306.1;0.2;1171.0;0;15
38;97;34.6;43.8;136.0;1205.6;0.0;1171.0;0;15
38;98;4.2;386.2;1179.0;1438.9;0.3;1171.0;0;15
38;99;31.8;47.1;137.0;1194.7;0.0;1171.0;0;15
39;0;11.3;242.3;621.0;2261.6;0.1;1816.0;1;1
39;1;11.7;226.9;599.0;2196.6;0.1;1816.0;0;1
39;2;11.9;220.7;519.0;2163.9;0.1;1798.0;1;2
39;3;12.0;220.7;566.0;2173.0;0.1;1798.0;0;2
39;4;12.2;217.1;529.0;2178.0;0.1;1798.0;0;2
39;5;12.4;208.9;530.0;2134.3;0.1;1769.0;1;3
39;6;11.3;231.4;648.0;2156.9;0.1;1747.0;1;4
39;7;15.4;176.1;452.0;2211.3;0.1;1747.0;0;4
39;8;12.4;213.2;540.0;2167.1;0.1;1747.0;0;4
39;9;12.8;205.0;531.0;2147.0;0.1;1747.0;0;4
39;10;10.1;250.9;653.0;2106.9;0.1;1667.0;1;5
39;11;11.9;223.7;602.0;2186.0;0.1;1667.0;0;5
39;12;11.6;221.8;568.0;2117.1;0.1;1667.0;0;5
39;13;8.7;293.5;821.0;2146.1;0.1;1575.0;1;6
39;14;12.5;203.1;484.0;2088.6;0.1;1575.0;0;6
39;15;10.4;235.1;572.0;2025.9;0.1;1575.0;0;6
39;16;7.9;310.7;733.0;2069.9;0.2;1575.0;0;6
39;17;11.5;219.0;504.0;2071.0;0.1;1575.0;0;6
39;18;10.6;237.4;553.0;2089.0;0.1;1575.0;0;6
39;19;11.7;202.9;495.0;1953.1;0.1;1575.0;0;6
39;20;8.5;280.3;686.0;1997.1;0.1;1575.0;0;6
39;21;10.9;223.7;518.0;2020.0;0.1;1575.0;0;6
39;22;10.0;245.2;645.0;2035.3;0.1;1575.0;0;6
39;23;9.1;263.7;679.0;2015.0;0.1;1575.0;0;6
39;24;8.9;259.4;640.0;1941.9;0.1;1575.0;0;6
39;25;7.4;315.5;743.0;1973.7;0.2;1533.0;1;7
39;26;10.3;229.7;515.0;1961.6;0.1;1533.0;0;7
39;27;10.2;237.2;582.0;2005.1;0.1;1533.0;0;7
39;28;8.0;284.9;614.0;1915.1;0.1;1533.0;0;7
39;29;9.2;251.4;584.0;1940.0;0.1;1533.0;0;7
39;30;10.2;214.2;521.0;1808.6;0.1;1523.0;1;8
39;31;11.2;201.1;488.0;1865.3;0.1;1523.0;0;8
39;32;7.5;287.6;609.0;1827.1;0.2;1486.0;1;9
39;33;8.7;244.1;603.0;1785.9;0.1;1403.0;1;10
39;34;8.0;269.4;697.0;1822.3;0.1;1403.0;0;10
39;35;10.0;214.3;552.0;1781.3;0.1;1403.0;0;10
39;36;7.5;273.0;680.0;1739.6;0.2;1359.0;1;11
39;37;8.2;258.0;630.0;1771.3;0.1;1359.0;0;11
39;38;9.1;231.6;558.0;1767.7;0.1;1359.0;0;11
39;39;9.1;225.1;564.0;1715.6;0.1;1359.0;0;11
39;40;7.5;269.4;588.0;1717.9;0.2;1359.0;0;11
39;41;7.9;264.0;605.0;1758.1;0.2;1359.0;0;11
39;42;9.2;218.0;517.0;1679.6;0.1;1359.0;0;11
39;43;6.6;303.4;795.0;1716.9;0.2;1312.0;1;12
39;44;7.5;252.1;664.0;1597.6;0.2;1258.0;1;13
39;45;7.7;256.0;674.0;1655.6;0.2;1258.0;0;13
39;46;9.6;207.7;491.0;1664.9;0.1;1258.0;0;13
39;47;7.8;253.3;595.0;1662.7;0.2;1258.0;0;13
39;48;7.4;263.5;593.0;1649.9;0.2;1258.0;0;13
39;49;7.0;275.6;635.0;1635.7;0.2;1258.0;0;13
39;50;7.4;250.2;585.0;1577.3;0.2;1258.0;0;13
39;51;11.2;176.0;405.0;1627.3;0.1;1258.0;0;13
39;52;7.0;279.7;661.0;1664.6;0.2;1258.0;0;13
39;53;6.5;294.7;659.0;1627.1;0.2;1258.0;0;13
39;54;8.2;236.7;558.0;1638.6;0.1;1258.0;0;13
39;55;7.2;261.0;623.0;1601.1;0.2;1258.0;0;13
39;56;11.1;180.5;404.0;1651.7;0.1;1258.0;0;13
39;57;8.7;224.0;531.0;1637.6;0.1;1258.0;0;13
39;58;8.9;212.3;540.0;1585.3;0.1;1258.0;0;13
39;59;11.8;169.1;408.0;1646.7;0.1;1258.0;0;13
39;60;7.7;250.2;564.0;1632.9;0.2;1258.0;0;13
39;61;7.5;251.4;560.0;1603.9;0.2;1258.0;0;13
39;62;9.0;194.9;432.0;1469.1;0.1;1258.0;0;13
39;63;12.3;146.7;322.0;1479.4;0.1;1258.0;0;13
39;64;12.5;138.9;345.0;1430.0;0.1;1258.0;0;13
39;65;9.9;169.8;413.0;1394.4;0.1;1252.0;1;14
39;66;8.3;213.6;520.0;1491.1;0.1;1252.0;0;14
39;67;7.6;236.4;583.0;1518.4;0.2;1252.0;0;14
39;68;8.9;207.4;539.0;1550.1;0.1;1252.0;0;14
39;69;13.4;131.8;343.0;1443.1;0.1;1252.0;0;14
39;70;9.1;209.3;550.0;1589.9;0.1;1252.0;0;14
39;71;8.5;217.2;611.0;1544.9;0.1;1252.0;0;14
39;72;7.7;235.5;577.0;1537.0;0.2;1252.0;0;14
39;73;8.3;207.3;520.0;1448.9;0.1;1250.0;1;15
39;74;8.8;197.2;502.0;1447.0;0.1;1250.0;0;15
39;75;10.1;177.7;459.0;1485.6;0.1;1250.0;0;15
39;76;7.7;230.1;598.0;1493.1;0.2;1249.0;1;16
39;77;8.3;218.3;632.0;1529.1;0.1;1249.0;0;16
39;78;10.1;184.5;484.0;1551.1;0.1;1249.0;0;16
39;79;8.8;198.4;515.0;1465.0;0.1;1249.0;0;16
39;80;7.8;218.1;549.0;1431.4;0.2;1227.0;1;17
39;81;8.3;215.4;536.0;1496.9;0.1;1227.0;0;17
39;82;5.8;299.4;806.0;1486.0;0.2;1192.0;1;18
39;83;8.8;207.9;497.0;1535.1;0.1;1192.0;0;18
39;84;8.9;197.9;547.0;1468.7;0.1;1192.0;0;18
39;85;8.9;191.1;497.0;1423.6;0.1;1192.0;0;18
39;86;9.5;171.5;444.0;1358.3;0.1;1192.0;0;18
39;87;9.7;176.1;455.0;1427.0;0.1;1192.0;0;18
39;88;9.1;182.8;475.0;1393.7;0.1;1192.0;0;18
39;89;11.0;146.2;473.0;1331.0;0.1;1192.0;0;18
39;90;10.3;155.1;477.0;1330.4;0.1;1189.0;1;19
39;91;11.8;137.0;456.0;1335.3;0.1;1189.0;0;19
39;92;10.4;159.0;535.0;1365.4;0.1;1189.0;0;19
39;93;8.8;178.2;546.0;1309.0;0.1;1186.0;1;20
39;94;7.8;197.2;585.0;1296.6;0.2;1186.0;0;20
39;95;8.1;193.6;604.0;1323.7;0.1;1181.0;1;21
39;96;6.3;235.9;682.0;1282.3;0.2;1178.0;1;22
39;97;9.7;158.4;465.0;1284.3;0.1;1178.0;0;22
39;98;8.5;176.8;514.0;1264.0;0.1;1178.0;0;22
39;99;9.7;158.8;479.0;1284.9;0.1;1178.0;0;22
40;0;10.8;256.0;641.0;2294.3;0.1;1870.0;1;1
40;1;12.4;212.2;554.0;2161.3;0.1;1817.0;1;2
40;2;10.5;246.2;649.0;2148.1;0.1;1769.0;1;3
40;3;12.1;218.8;585.0;2184.6;0.1;1769.0;0;3
40;4;10.6;248.1;697.0;2182.6;0.1;1690.0;1;4
40;5;12.1;221.5;635.0;2208.9;0.1;1690.0;0;4
40;6;9.8;271.9;710.0;2224.6;0.1;1690.0;0;4
40;7;12.3;209.5;540.0;2125.4;0.1;1690.0;0;4
40;8;13.3;193.4;540.0;2107.7;0.1;1690.0;0;4
40;9;13.1;196.7;577.0;2117.6;0.1;1690.0;0;4
40;10;10.8;236.4;609.0;2112.6;0.1;1690.0;0;4
40;11;12.0;221.2;567.0;2193.7;0.1;1690.0;0;4
40;12;13.2;195.5;490.0;2113.1;0.1;1690.0;0;4
40;13;12.3;212.8;550.0;2144.7;0.1;1690.0;0;4
40;14;12.4;197.1;434.0;2006.0;0.1;1690.0;0;4
40;15;9.9;249.5;614.0;2048.4;0.1;1690.0;0;4
40;16;11.1;220.7;478.0;2022.6;0.1;1690.0;0;4
40;17;12.0;202.8;438.0;2007.6;0.1;1690.0;0;4
40;18;9.0;272.4;608.0;2040.0;0.1;1690.0;0;4
40;19;10.8;233.3;531.0;2084.9;0.1;1690.0;0;4
40;20;8.5;284.5;707.0;2035.3;0.1;1594.0;1;5
40;21;8.9;283.1;694.0;2116.9;0.1;1594.0;0;5
40;22;8.4;282.9;764.0;2006.3;0.1;1581.0;1;6
40;23;10.8;224.9;524.0;2010.9;0.1;1581.0;0;6
40;24;8.4;288.7;696.0;2047.9;0.1;1581.0;0;6
40;25;8.6;273.7;691.0;1974.7;0.1;1575.0;1;7
40;26;10.1;234.6;596.0;1972.3;0.1;1575.0;0;7
40;27;8.9;269.1;615.0;1999.1;0.1;1575.0;0;7
40;28;8.3;289.0;679.0;2016.9;0.1;1575.0;0;7
40;29;8.7;274.8;642.0;2007.7;0.1;1575.0;0;7
40;30;10.2;229.9;530.0;1949.1;0.1;1575.0;0;7
40;31;8.1;270.3;645.0;1842.0;0.1;1452.0;1;8
40;32;7.8;272.5;665.0;1801.3;0.2;1427.0;1;9
40;33;8.0;277.7;653.0;1871.6;0.1;1427.0;0;9
40;34;8.3;272.5;712.0;1910.7;0.1;1427.0;0;9
40;35;7.9;280.3;693.0;1865.3;0.2;1427.0;0;9
40;36;9.0;238.2;560.0;1785.7;0.1;1427.0;0;9
40;37;8.1;262.8;695.0;1801.3;0.1;1361.0;1;10
40;38;9.1;234.4;564.0;1789.6;0.1;1361.0;0;10
40;39;6.8;290.9;660.0;1685.1;0.2;1361.0;0;10
40;40;8.8;212.7;480.0;1575.1;0.1;1361.0;0;10
40;41;7.7;261.8;592.0;1698.3;0.2;1361.0;0;10
40;42;6.7;298.1;733.0;1699.0;0.2;1299.0;1;11
40;43;9.0;230.4;614.0;1735.6;0.1;1299.0;0;11
40;44;6.5;298.2;721.0;1665.0;0.2;1282.0;1;12
40;45;7.1;272.9;673.0;1640.1;0.2;1282.0;0;12
40;46;7.4;252.6;563.0;1578.9;0.2;1282.0;0;12
40;47;6.9;257.6;634.0;1521.3;0.2;1198.0;1;13
40;48;7.9;243.9;692.0;1622.7;0.2;1198.0;0;13
40;49;7.4;257.9;637.0;1613.3;0.2;1198.0;0;13
40;50;7.7;238.2;570.0;1554.9;0.2;1198.0;0;13
40;51;6.0;304.1;701.0;1578.7;0.2;1198.0;0;13
40;52;7.6;220.2;549.0;1413.7;0.2;1188.0;1;14
40;53;5.7;315.0;692.0;1551.6;0.2;1188.0;0;14
40;54;7.0;250.6;599.0;1496.6;0.2;1188.0;0;14
40;55;6.4;278.4;636.0;1520.4;0.2;1188.0;0;14
40;56;6.5;270.9;599.0;1506.7;0.2;1188.0;0;14
40;57;7.2;262.7;661.0;1597.4;0.2;1188.0;0;14
40;58;6.5;277.8;684.0;1553.3;0.2;1185.0;1;15
40;59;5.9;290.0;614.0;1464.4;0.2;1185.0;0;15
40;60;5.7;299.3;633.0;1463.9;0.2;1185.0;0;15
40;61;9.3;197.6;480.0;1537.6;0.1;1185.0;0;15
40;62;5.7;311.6;689.0;1531.9;0.2;1185.0;0;15
40;63;5.8;302.8;677.0;1506.1;0.2;1185.0;0;15
40;64;8.1;199.3;523.0;1359.9;0.1;1185.0;0;15
40;65;5.5;312.0;723.0;1477.4;0.2;1185.0;0;15
40;66;6.1;280.2;713.0;1463.9;0.2;1185.0;0;15
40;67;6.0;278.9;684.0;1442.4;0.2;1185.0;0;15
40;68;6.2;269.1;652.0;1422.3;0.2;1185.0;0;15
40;69;5.6;289.0;670.0;1405.3;0.2;1185.0;0;15
40;70;5.8;281.5;657.0;1412.4;0.2;1185.0;0;15
40;71;4.9;344.2;808.0;1487.7;0.2;1185.0;0;15
40;72;6.0;287.3;714.0;1472.9;0.2;1185.0;0;15
40;73;7.7;231.7;643.0;1508.3;0.2;1185.0;0;15
40;74;9.0;201.5;494.0;1521.6;0.1;1185.0;0;15
40;75;12.2;157.4;388.0;1585.1;0.1;1185.0;0;15
40;76;4.7;357.3;859.0;1487.0;0.2;1185.0;0;15
40;77;11.8;165.5;455.0;1609.3;0.1;1185.0;0;15
40;78;7.1;262.6;681.0;1577.6;0.2;1185.0;0;15
40;79;6.4;267.0;668.0;1453.3;0.2;1185.0;0;15
40;80;5.8;302.7;801.0;1526.0;0.2;1185.0;0;15
40;81;5.4;320.3;800.0;1501.1;0.2;1185.0;0;15
40;82;4.9;326.2;738.0;1404.3;0.2;1183.0;1;16
40;83;5.3;308.8;716.0;1421.0;0.2;1183.0;0;16
40;84;5.0;322.4;736.0;1410.4;0.2;1183.0;0;16
40;85;5.6;299.6;724.0;1448.0;0.2;1181.0;1;17
40;86;5.7;295.6;724.0;1448.4;0.2;1178.0;1;18
40;87;5.3;300.8;679.0;1393.3;0.2;1178.0;0;18
40;88;5.5;292.1;676.0;1401.7;0.2;1178.0;0;18
40;89;6.9;224.4;684.0;1326.4;0.2;1178.0;0;18
40;90;5.8;262.2;767.0;1314.1;0.2;1178.0;0;18
40;91;6.5;238.5;692.0;1316.3;0.2;1178.0;0;18
40;92;6.4;235.1;677.0;1287.3;0.2;1178.0;0;18
40;93;6.5;231.1;671.0;1283.1;0.2;1178.0;0;18
40;94;6.5;233.6;683.0;1289.3;0.2;1178.0;0;18
40;95;6.6;230.7;671.0;1297.9;0.2;1178.0;0;18
40;96;9.3;166.1;503.0;1283.1;0.1;1178.0;0;18
40;97;10.7;148.6;448.0;1321.0;0.1;1178.0;0;18
40;98;9.2;166.6;503.0;1279.9;0.1;1178.0;0;18
40;99;8.3;185.8;547.0;1292.7;0.1;1178.0;0;18
41;0;11.6;234.5;649.0;2250.4;0.1;1778.0;1;1
41;1;10.9;240.9;615.0;2172.9;0.1;1778.0;0;1
41;2;12.4;211.6;542.0;2157.6;0.1;1778.0;0;1
41;3;16.0;164.7;434.0;2143.4;0.1;1778.0;0;1
41;4;8.5;303.1;757.0;2170.4;0.1;1630.0;1;2
41;5;9.0;302.3;761.0;2264.6;0.1;1630.0;0;2
41;6;13.5;201.6;565.0;2224.0;0.1;1630.0;0;2
41;7;12.3;208.5;531.0;2110.6;0.1;1630.0;0;2
41;8;9.6;272.9;685.0;2173.6;0.1;1630.0;0;2
41;9;14.6;180.1;499.0;2140.9;0.1;1630.0;0;2
41;10;10.4;251.3;600.0;2163.0;0.1;1630.0;0;2
41;11;10.6;246.9;631.0;2160.4;0.1;1630.0;0;2
41;12;11.0;237.7;544.0;2169.6;0.1;1630.0;0;2
41;13;12.1;211.7;524.0;2110.6;0.1;1630.0;0;2
41;14;12.1;206.9;509.0;2053.1;0.1;1630.0;0;2
41;15;10.0;251.8;590.0;2086.4;0.1;1630.0;0;2
41;16;9.7;254.6;626.0;2064.9;0.1;1630.0;0;2
41;17;10.1;244.6;544.0;2057.4;0.1;1630.0;0;2
41;18;10.1;237.5;567.0;1997.9;0.1;1630.0;0;2
41;19;10.5;238.2;545.0;2067.4;0.1;1630.0;0;2
41;20;8.4;288.2;689.0;2025.3;0.1;1630.0;0;2
41;21;10.7;224.4;527.0;1993.9;0.1;1630.0;0;2
41;22;8.3;289.1;689.0;2008.6;0.1;1630.0;0;2
41;23;8.3;286.2;710.0;1994.4;0.1;1630.0;0;2
41;24;8.9;273.7;715.0;2033.4;0.1;1562.0;1;3
41;25;8.5;291.7;695.0;2076.9;0.1;1562.0;0;3
41;26;7.2;326.5;761.0;1991.6;0.2;1556.0;1;4
41;27;8.4;277.4;685.0;1952.4;0.1;1556.0;0;4
41;28;7.2;311.2;749.0;1905.3;0.2;1464.0;1;5
41;29;8.1;276.3;654.0;1887.3;0.1;1464.0;0;5
41;30;10.8;219.9;577.0;1971.3;0.1;1464.0;0;5
41;31;8.6;253.3;587.0;1825.0;0.1;1464.0;0;5
41;32;7.8;291.5;706.0;1911.1;0.2;1464.0;0;5
41;33;9.3;245.8;586.0;1903.4;0.1;1464.0;0;5
41;34;7.4;293.6;695.0;1844.1;0.2;1457.0;1;6
41;35;6.7;297.3;742.0;1707.0;0.2;1252.0;1;7
41;36;7.2;286.0;626.0;1737.1;0.2;1252.0;0;7
41;37;7.5;271.0;645.0;1720.0;0.2;1252.0;0;7
41;38;7.9;255.0;602.0;1699.7;0.2;1252.0;0;7
41;39;9.3;212.5;479.0;1647.1;0.1;1252.0;0;7
41;40;8.5;231.0;546.0;1639.1;0.1;1252.0;0;7
41;41;6.7;276.9;588.0;1591.1;0.2;1252.0;0;7
41;42;8.0;244.8;621.0;1650.0;0.1;1252.0;0;7
41;43;8.5;226.5;492.0;1617.0;0.1;1252.0;0;7
41;44;8.3;236.3;594.0;1641.9;0.1;1252.0;0;7
41;45;9.4;207.2;486.0;1630.3;0.1;1252.0;0;7
41;46;6.5;284.6;628.0;1592.6;0.2;1252.0;0;7
41;47;7.1;262.0;599.0;1571.4;0.2;1252.0;0;7
41;48;6.8;270.8;598.0;1579.6;0.2;1252.0;0;7
41;49;8.5;230.0;549.0;1649.1;0.1;1252.0;0;7
41;50;6.9;267.1;598.0;1563.4;0.2;1252.0;0;7
41;51;6.6;273.9;578.0;1546.0;0.2;1252.0;0;7
41;52;7.9;237.1;562.0;1585.3;0.1;1252.0;0;7
41;53;7.3;250.3;551.0;1540.0;0.2;1252.0;0;7
41;54;7.2;249.8;600.0;1522.9;0.2;1221.0;1;8
41;55;8.5;219.8;540.0;1574.4;0.1;1221.0;0;8
41;56;7.2;253.1;547.0;1550.6;0.2;1221.0;0;8
41;57;8.0;230.2;496.0;1550.1;0.1;1221.0;0;8
41;58;7.1;256.3;564.0;1551.1;0.2;1221.0;0;8
41;59;7.4;248.3;599.0;1547.6;0.2;1221.0;0;8
41;60;5.4;330.3;702.0;1544.7;0.2;1221.0;0;8
41;61;7.0;262.3;604.0;1556.9;0.2;1221.0;0;8
41;62;6.4;279.6;661.0;1533.9;0.2;1217.0;1;9
41;63;7.5;238.5;572.0;1516.1;0.2;1216.0;1;10
41;64;5.9;285.5;707.0;1453.9;0.2;1192.0;1;11
41;65;6.1;281.2;717.0;1482.3;0.2;1192.0;0;11
41;66;7.1;224.2;526.0;1347.7;0.2;1180.0;1;12
41;67;6.4;250.7;574.0;1371.1;0.2;1180.0;0;12
41;68;6.7;252.1;633.0;1448.0;0.2;1180.0;0;12
41;69;5.8;288.3;693.0;1439.3;0.2;1180.0;0;12
41;70;6.2;278.5;718.0;1473.6;0.2;1180.0;0;12
41;71;6.9;240.9;621.0;1419.4;0.2;1180.0;0;12
41;72;7.3;230.7;596.0;1422.7;0.2;1180.0;0;12
41;73;4.6;375.8;898.0;1529.6;0.2;1180.0;0;12
41;74;6.4;258.3;620.0;1407.6;0.2;1180.0;0;12
41;75;4.4;378.7;894.0;1475.1;0.3;1180.0;0;12
41;76;4.5;370.8;858.0;1460.6;0.3;1180.0;0;12
41;77;4.2;393.5;918.0;1473.4;0.3;1178.0;1;13
41;78;4.7;361.4;874.0;1495.7;0.2;1178.0;0;13
41;79;4.2;389.5;882.0;1450.9;0.3;1178.0;0;13
41;80;3.8;436.9;989.0;1497.1;0.3;1178.0;0;13
41;81;5.5;285.5;663.0;1370.4;0.2;1178.0;0;13
41;82;4.2;383.3;884.0;1438.1;0.3;1174.0;1;14
41;83;4.3;378.8;848.0;1432.3;0.3;1174.0;0;14
41;84;5.0;318.6;751.0;1397.9;0.2;1174.0;0;14
41;85;5.8;279.9;684.0;1405.0;0.2;1174.0;0;14
41;86;4.3;371.5;831.0;1425.9;0.3;1174.0;0;14
41;87;4.6;360.8;847.0;1466.6;0.2;1174.0;0;14
41;88;4.4;374.7;862.0;1444.9;0.3;1174.0;0;14
41;89;6.0;255.2;759.0;1320.0;0.2;1174.0;0;14
41;90;5.2;289.5;835.0;1315.9;0.2;1174.0;0;14
41;91;5.6;279.5;825.0;1359.0;0.2;1174.0;0;14
41;92;8.3;181.7;527.0;1266.6;0.1;1174.0;0;14
41;93;8.4;180.7;527.0;1268.6;0.1;1174.0;0;14
41;94;8.4;180.4;525.0;1269.1;0.1;1174.0;0;14
41;95;9.9;155.0;470.0;1279.9;0.1;1174.0;0;14
41;96;9.8;154.9;457.0;1262.1;0.1;1174.0;0;14
41;97;9.9;154.4;457.0;1267.0;0.1;1174.0;0;14
41;98;7.9;195.4;583.0;1294.9;0.2;1174.0;0;14
41;99;7.4;203.1;583.0;1268.7;0.2;1174.0;0;14
42;0;16.2;167.4;468.0;2199.3;0.1;1860.0;1;1
42;1;12.3;214.1;598.0;2173.3;0.1;1783.0;1;2
42;2;12.7;205.0;583.0;2142.7;0.1;1762.0;1;3
42;3;12.4;217.3;594.0;2218.9;0.1;1762.0;0;3
42;4;11.6;229.8;649.0;2194.0;0.1;1762.0;0;3
42;5;10.6;246.1;638.0;2170.0;0.1;1749.0;1;4
42;6;15.4;178.4;458.0;2242.4;0.1;1749.0;0;4
42;7;9.7;273.5;684.0;2204.3;0.1;1749.0;0;4
42;8;11.2;239.8;590.0;2209.7;0.1;1749.0;0;4
42;9;12.6;216.7;614.0;2238.4;0.1;1749.0;0;4
42;10;10.7;240.1;630.0;2125.0;0.1;1692.0;1;5
42;11;11.5;227.2;602.0;2154.1;0.1;1692.0;0;5
42;12;15.4;176.0;472.0;2202.3;0.1;1692.0;0;5
42;13;13.0;205.1;573.0;2192.1;0.1;1692.0;0;5
42;14;11.1;225.9;539.0;2079.7;0.1;1692.0;0;5
42;15;10.2;241.8;648.0;2047.9;0.1;1671.0;1;6
42;16;9.3;271.7;807.0;2115.9;0.1;1607.0;1;7
42;17;9.2;271.9;698.0;2099.6;0.1;1607.0;0;7
42;18;10.1;244.1;577.0;2043.7;0.1;1607.0;0;7
42;19;10.4;239.2;569.0;2058.6;0.1;1607.0;0;7
42;20;8.9;277.0;629.0;2062.0;0.1;1607.0;0;7
42;21;10.0;244.6;624.0;2040.7;0.1;1607.0;0;7
42;22;9.4;265.4;649.0;2089.9;0.1;1607.0;0;7
42;23;8.0;298.8;728.0;2011.3;0.1;1607.0;0;7
42;24;7.7;312.8;780.0;2039.4;0.2;1544.0;1;8
42;25;8.1;293.2;698.0;2001.9;0.1;1544.0;0;8
42;26;8.6;268.1;674.0;1942.6;0.1;1542.0;1;9
42;27;9.6;254.3;621.0;2030.9;0.1;1542.0;0;9
42;28;8.5;268.0;724.0;1919.6;0.1;1427.0;1;10
42;29;8.0;291.4;703.0;1962.4;0.1;1427.0;0;10
42;30;9.0;260.4;606.0;1954.7;0.1;1427.0;0;10
42;31;10.0;232.3;537.0;1924.1;0.1;1427.0;0;10
42;32;9.2;237.3;611.0;1827.7;0.1;1427.0;0;10
42;33;10.9;214.0;469.0;1935.4;0.1;1427.0;0;10
42;34;10.1;223.8;548.0;1886.1;0.1;1427.0;0;10
42;35;7.2;298.5;675.0;1817.6;0.2;1422.0;1;11
42;36;9.3;236.9;564.0;1834.4;0.1;1422.0;0;11
42;37;7.6;289.6;782.0;1870.4;0.2;1372.0;1;12
42;38;9.6;223.7;497.0;1784.0;0.1;1372.0;0;12
42;39;7.7;260.0;603.0;1693.3;0.2;1372.0;0;12
42;40;7.6;269.0;622.0;1729.7;0.2;1372.0;0;12
42;41;7.5;265.7;629.0;1685.1;0.2;1368.0;1;13
42;42;9.2;230.1;601.0;1763.9;0.1;1368.0;0;13
42;43;8.9;234.9;625.0;1741.0;0.1;1368.0;0;13
42;44;8.8;237.5;569.0;1748.9;0.1;1368.0;0;13
42;45;8.3;240.2;581.0;1676.6;0.1;1368.0;0;13
42;46;8.6;234.8;613.0;1695.6;0.1;1356.0;1;14
42;47;7.5;260.0;644.0;1659.0;0.2;1337.0;1;15
42;48;7.5;254.6;641.0;1624.9;0.2;1296.0;1;16
42;49;7.2;263.1;642.0;1616.0;0.2;1296.0;0;16
42;50;6.6;281.1;641.0;1579.1;0.2;1272.0;1;17
42;51;8.0;223.0;526.0;1508.6;0.1;1235.0;1;18
42;52;8.7;205.2;485.0;1498.1;0.1;1235.0;0;18
42;53;9.0;198.4;474.0;1495.1;0.1;1235.0;0;18
42;54;6.4;285.6;651.0;1563.0;0.2;1235.0;0;18
42;55;7.2;254.1;602.0;1559.7;0.2;1235.0;0;18
42;56;6.0;293.0;663.0;1518.6;0.2;1190.0;1;19
42;57;7.1;251.0;584.0;1513.9;0.2;1190.0;0;19
42;58;6.5;284.2;640.0;1584.6;0.2;1190.0;0;19
42;59;7.1;264.8;600.0;1596.1;0.2;1190.0;0;19
42;60;7.0;272.3;610.0;1611.3;0.2;1190.0;0;19
42;61;7.3;243.5;521.0;1507.1;0.2;1190.0;0;19
42;62;6.3;278.8;608.0;1501.0;0.2;1190.0;0;19
42;63;8.9;202.5;523.0;1507.9;0.1;1190.0;0;19
42;64;8.8;197.7;505.0;1459.4;0.1;1190.0;0;19
42;65;6.5;264.9;639.0;1462.7;0.2;1190.0;0;19
42;66;6.8;255.3;608.0;1478.0;0.2;1190.0;0;19
42;67;6.7;247.1;627.0;1418.9;0.2;1190.0;0;19
42;68;13.1;128.8;335.0;1384.9;0.1;1190.0;0;19
42;69;12.7;134.5;360.0;1400.9;0.1;1190.0;0;19
42;70;15.3;113.9;292.0;1416.7;0.1;1190.0;0;19
42;71;13.7;122.7;305.0;1375.1;0.1;1190.0;0;19
42;72;7.4;241.1;688.0;1514.6;0.2;1190.0;0;19
42;73;7.0;223.0;508.0;1332.1;0.2;1184.0;1;20
42;74;6.2;258.6;626.0;1378.1;0.2;1182.0;1;21
42;75;7.5;216.3;563.0;1366.9;0.2;1182.0;0;21
42;76;5.9;283.9;696.0;1440.0;0.2;1182.0;0;21
42;77;6.3;259.1;620.0;1393.9;0.2;1182.0;0;21
42;78;7.4;211.1;486.0;1330.4;0.2;1182.0;0;21
42;79;9.4;166.6;396.0;1312.0;0.1;1182.0;0;21
42;80;8.4;191.5;479.0;1343.3;0.1;1180.0;1;22
42;81;10.9;141.0;361.0;1273.1;0.1;1174.0;1;23
42;82;9.8;161.3;396.0;1311.3;0.1;1169.0;1;24
42;83;10.2;153.5;370.0;1301.4;0.1;1169.0;0;24
42;84;13.1;117.1;266.0;1253.4;0.1;1169.0;0;24
42;85;13.4;114.1;262.0;1252.7;0.1;1169.0;0;24
42;86;14.3;107.3;246.0;1249.3;0.1;1169.0;0;24
42;87;11.8;130.0;322.0;1263.4;0.1;1169.0;0;24
42;88;8.7;178.0;418.0;1301.0;0.1;1169.0;0;24
42;89;10.1;149.2;441.0;1249.1;0.1;1169.0;0;24
42;90;10.3;145.2;419.0;1235.7;0.1;1169.0;0;24
42;91;18.6;82.6;250.0;1239.9;0.1;1169.0;0;24
42;92;23.5;67.2;192.0;1269.4;0.1;1169.0;0;24
42;93;26.1;57.3;169.0;1197.9;0.0;1169.0;0;24
42;94;9.0;190.7;641.0;1433.7;0.1;1169.0;0;24
42;95;7.7;207.0;646.0;1347.9;0.2;1169.0;0;24
42;96;8.2;199.2;644.0;1378.6;0.1;1169.0;0;24
42;97;17.0;90.0;279.0;1242.0;0.1;1169.0;0;24
42;98;49.1;31.4;113.0;1220.1;0.0;1169.0;0;24
42;99;43.1;35.5;118.0;1213.7;0.0;1169.0;0;24
43;0;12.4;215.8;570.0;2194.1;0.1;1783.0;1;1
43;1;13.0;212.5;599.0;2258.4;0.1;1783.0;0;1
43;2;14.2;186.9;484.0;2163.4;0.1;1783.0;0;1
43;3;14.0;190.9;544.0;2191.7;0.1;1783.0;0;1
43;4;9.6;269.6;669.0;2146.3;0.1;1712.0;1;2
43;5;12.3;220.5;595.0;2234.6;0.1;1712.0;0;2
43;6;10.4;256.0;647.0;2211.7;0.1;1712.0;0;2
43;7;11.1;239.5;619.0;2206.3;0.1;1712.0;0;2
43;8;9.8;270.4;794.0;2203.3;0.1;1683.0;1;3
43;9;10.2;257.1;639.0;2181.3;0.1;1683.0;0;3
43;10;14.5;185.2;439.0;2190.7;0.1;1683.0;0;3
43;11;11.7;222.9;555.0;2147.4;0.1;1683.0;0;3
43;12;14.1;194.2;515.0;2238.9;0.1;1683.0;0;3
43;13;13.1;202.9;477.0;2177.1;0.1;1683.0;0;3
43;14;10.2;250.9;642.0;2121.9;0.1;1683.0;0;3
43;15;9.4;270.2;642.0;2122.1;0.1;1683.0;0;3
43;16;9.7;258.7;614.0;2082.9;0.1;1683.0;0;3
43;17;9.6;256.2;625.0;2058.0;0.1;1683.0;0;3
43;18;11.5;215.3;530.0;2047.3;0.1;1683.0;0;3
43;19;11.6;213.5;459.0;2049.9;0.1;1683.0;0;3
43;20;9.1;269.5;595.0;2042.0;0.1;1683.0;0;3
43;21;9.4;259.4;628.0;2025.1;0.1;1669.0;1;4
43;22;10.9;224.7;507.0;2023.4;0.1;1669.0;0;4
43;23;10.5;234.4;578.0;2047.0;0.1;1669.0;0;4
43;24;9.9;245.3;591.0;2014.6;0.1;1669.0;0;4
43;25;9.1;264.4;593.0;2010.0;0.1;1668.0;1;5
43;26;8.9;271.7;564.0;2017.0;0.1;1668.0;0;5
43;27;8.7;263.5;616.0;1922.4;0.1;1573.0;1;6
43;28;9.3;256.0;644.0;1977.6;0.1;1573.0;0;6
43;29;8.5;277.7;647.0;1992.0;0.1;1573.0;0;6
43;30;8.9;265.8;642.0;1986.9;0.1;1573.0;0;6
43;31;8.1;290.0;643.0;1978.3;0.1;1573.0;0;6
43;32;7.8;280.4;738.0;1846.4;0.2;1446.0;1;7
43;33;8.4;271.3;636.0;1911.7;0.1;1446.0;0;7
43;34;6.7;336.8;793.0;1930.0;0.2;1443.0;1;8
43;35;9.4;246.6;649.0;1938.3;0.1;1443.0;0;8
43;36;7.8;277.0;619.0;1830.9;0.2;1443.0;0;8
43;37;9.1;244.5;607.0;1864.6;0.1;1443.0;0;8
43;38;7.5;278.2;689.0;1767.4;0.2;1338.0;1;9
43;39;8.5;249.0;711.0;1770.9;0.1;1327.0;1;10
43;40;7.2;290.8;717.0;1765.3;0.2;1327.0;0;10
43;41;8.9;221.4;545.0;1650.4;0.1;1327.0;0;10
43;42;10.9;183.8;420.0;1658.7;0.1;1327.0;0;10
43;43;9.6;214.1;533.0;1710.1;0.1;1327.0;0;10
43;44;7.7;254.8;664.0;1664.9;0.2;1323.0;1;11
43;45;9.1;209.3;596.0;1589.4;0.1;1226.0;1;12
43;46;7.9;231.5;521.0;1540.9;0.2;1226.0;0;12
43;47;10.8;175.1;448.0;1571.1;0.1;1226.0;0;12
43;48;6.7;268.6;590.0;1524.6;0.2;1226.0;0;12
43;49;7.2;268.1;660.0;1646.1;0.2;1226.0;0;12
43;50;6.9;294.4;653.0;1721.6;0.2;1226.0;0;12
43;51;6.4;311.0;828.0;1691.9;0.2;1226.0;0;12
43;52;10.1;170.6;395.0;1431.3;0.1;1226.0;0;12
43;53;12.4;143.3;378.0;1465.9;0.1;1226.0;0;12
43;54;10.3;166.6;445.0;1426.6;0.1;1222.0;1;13
43;55;6.0;298.6;649.0;1549.7;0.2;1222.0;0;13
43;56;5.9;301.0;655.0;1522.1;0.2;1222.0;0;13
43;57;6.2;287.6;625.0;1524.7;0.2;1222.0;0;13
43;58;7.3;234.9;504.0;1449.7;0.2;1222.0;0;13
43;59;8.0;217.9;491.0;1462.0;0.1;1222.0;0;13
43;60;7.2;231.5;482.0;1419.3;0.2;1205.0;1;14
43;61;7.3;232.6;493.0;1437.3;0.2;1205.0;0;14
43;62;7.4;235.1;541.0;1464.4;0.2;1190.0;1;15
43;63;8.3;208.6;463.0;1462.6;0.1;1190.0;0;15
43;64;8.4;199.1;495.0;1400.9;0.1;1190.0;0;15
43;65;7.0;251.8;651.0;1497.3;0.2;1190.0;0;15
43;66;6.5;253.2;610.0;1399.6;0.2;1190.0;0;15
43;67;7.4;213.1;538.0;1333.4;0.2;1169.0;1;16
43;68;7.6;219.5;564.0;1408.3;0.2;1169.0;0;16
43;69;7.0;239.9;590.0;1425.9;0.2;1169.0;0;16
43;70;12.4;129.6;337.0;1316.9;0.1;1169.0;0;16
43;71;6.8;248.3;625.0;1435.4;0.2;1169.0;0;16
43;72;6.8;250.8;631.0;1455.0;0.2;1169.0;0;16
43;73;5.6;305.5;737.0;1482.1;0.2;1169.0;0;16
43;74;5.5;303.8;739.0;1453.1;0.2;1169.0;0;16
43;75;6.3;263.9;638.0;1429.7;0.2;1169.0;0;16
43;76;9.7;163.3;384.0;1313.7;0.1;1169.0;0;16
43;77;9.6;163.8;387.0;1314.6;0.1;1169.0;0;16
43;78;9.5;175.7;493.0;1397.4;0.1;1169.0;0;16
43;79;8.8;187.9;494.0;1381.0;0.1;1169.0;0;16
43;80;28.9;52.4;119.0;1210.7;0.0;1169.0;0;16
43;81;6.6;254.9;665.0;1431.9;0.2;1169.0;0;16
43;82;6.6;249.6;604.0;1413.6;0.2;1169.0;0;16
43;83;6.0;266.3;608.0;1374.7;0.2;1169.0;0;16
43;84;6.0;261.9;589.0;1361.1;0.2;1169.0;0;16
43;85;6.8;243.0;591.0;1407.4;0.2;1169.0;0;16
43;86;6.2;259.8;605.0;1377.4;0.2;1169.0;0;16
43;87;14.1;108.0;248.0;1246.3;0.1;1169.0;0;16
43;88;5.9;265.8;601.0;1355.0;0.2;1169.0;0;16
43;89;7.4;203.3;593.0;1278.9;0.2;1169.0;0;16
43;90;7.2;208.9;604.0;1269.3;0.2;1169.0;0;16
43;91;7.5;206.4;592.0;1304.0;0.2;1169.0;0;16
43;92;7.2;208.2;596.0;1271.1;0.2;1169.0;0;16
43;93;7.1;211.4;608.0;1279.3;0.2;1169.0;0;16
43;94;7.2;210.9;612.0;1281.1;0.2;1169.0;0;16
43;95;7.4;212.9;630.0;1327.9;0.2;1169.0;0;16
43;96;6.0;251.6;745.0;1306.9;0.2;1169.0;0;16
43;97;6.2;250.8;757.0;1326.6;0.2;1169.0;0;16
43;98;7.1;217.5;646.0;1309.4;0.2;1169.0;0;16
43;99;6.0;253.6;745.0;1309.1;0.2;1169.0;0;16
44;0;12.3;215.8;540.0;2190.1;0.1;1825.0;1;1
44;1;13.3;204.4;541.0;2223.6;0.1;1824.0;1;2
44;2;10.3;255.6;677.0;2186.3;0.1;1726.0;1;3
44;3;12.4;215.8;556.0;2199.1;0.1;1726.0;0;3
44;4;9.6;280.3;853.0;2250.1;0.1;1671.0;1;4
44;5;14.8;184.4;468.0;2225.1;0.1;1671.0;0;4
44;6;10.6;243.5;700.0;2143.1;0.1;1664.0;1;5
44;7;11.0;238.4;604.0;2172.0;0.1;1664.0;0;5
44;8;14.2;188.2;501.0;2181.3;0.1;1664.0;0;5
44;9;12.8;206.5;523.0;2169.4;0.1;1664.0;0;5
44;10;10.5;255.5;667.0;2229.3;0.1;1664.0;0;5
44;11;10.2;253.6;653.0;2156.9;0.1;1664.0;0;5
44;12;10.6;241.7;710.0;2119.1;0.1;1664.0;0;5
44;13;9.9;258.7;659.0;2126.3;0.1;1664.0;0;5
44;14;11.3;217.9;475.0;2037.7;0.1;1664.0;0;5
44;15;9.3;268.1;667.0;2086.4;0.1;1664.0;0;5
44;16;11.9;215.8;560.0;2116.7;0.1;1664.0;0;5
44;17;8.3;301.5;664.0;2091.6;0.1;1664.0;0;5
44;18;9.0;272.3;663.0;2046.7;0.1;1644.0;1;6
44;19;10.1;242.7;609.0;2035.3;0.1;1644.0;0;6
44;20;9.5;255.8;654.0;2033.4;0.1;1644.0;0;6
44;21;12.2;198.1;521.0;1989.4;0.1;1644.0;0;6
44;22;9.8;245.8;571.0;1999.0;0.1;1644.0;0;6
44;23;8.5;276.4;670.0;1975.9;0.1;1631.0;1;7
44;24;10.7;217.7;548.0;1934.1;0.1;1630.0;1;8
44;25;7.9;298.1;798.0;1976.9;0.2;1446.0;1;9
44;26;8.1;299.8;711.0;2033.6;0.1;1446.0;0;9
44;27;8.8;269.5;600.0;1979.7;0.1;1446.0;0;9
44;28;10.0;237.0;557.0;1965.3;0.1;1446.0;0;9
44;29;7.3;302.3;758.0;1860.0;0.2;1413.0;1;10
44;30;7.7;282.8;792.0;1846.3;0.2;1325.0;1;11
44;31;7.1;309.4;727.0;1875.7;0.2;1325.0;0;11
44;32;10.3;214.3;488.0;1834.9;0.1;1325.0;0;11
44;33;7.5;283.9;714.0;1800.9;0.2;1325.0;0;11
44;34;9.2;236.7;560.0;1823.9;0.1;1325.0;0;11
44;35;14.6;159.9;435.0;1910.1;0.1;1325.0;0;11
44;36;7.8;279.0;653.0;1839.6;0.2;1325.0;0;11
44;37;9.8;209.2;516.0;1713.7;0.1;1325.0;0;11
44;38;7.7;273.4;626.0;1786.3;0.2;1325.0;0;11
44;39;7.5;259.7;573.0;1638.4;0.2;1325.0;0;11
44;40;6.7;288.2;636.0;1641.1;0.2;1325.0;0;11
44;41;6.5;288.7;636.0;1594.6;0.2;1318.0;1;12
44;42;8.0;236.3;561.0;1595.9;0.1;1312.0;1;13
44;43;7.2;254.6;603.0;1552.0;0.2;1250.0;1;14
44;44;7.1;254.6;616.0;1533.1;0.2;1250.0;0;14
44;45;7.0;252.9;602.0;1511.9;0.2;1199.0;1;15
44;46;6.2;291.3;658.0;1550.1;0.2;1199.0;0;15
44;47;6.3;279.5;606.0;1502.1;0.2;1199.0;0;15
44;48;8.5;195.7;444.0;1403.4;0.1;1199.0;0;15
44;49;9.7;179.1;421.0;1443.7;0.1;1199.0;0;15
44;50;8.3;205.9;465.0;1430.9;0.1;1199.0;0;15
44;51;7.0;252.0;547.0;1499.7;0.2;1199.0;0;15
44;52;10.0;162.0;356.0;1344.4;0.1;1177.0;1;16
44;53;8.5;199.1;463.0;1415.4;0.1;1177.0;0;16
44;54;9.6;175.3;421.0;1396.0;0.1;1177.0;0;16
44;55;9.4;170.0;382.0;1333.1;0.1;1177.0;0;16
44;56;22.0;70.6;162.0;1249.3;0.1;1177.0;0;16
44;57;20.4;76.1;165.0;1253.0;0.1;1177.0;0;16
44;58;23.0;67.3;139.0;1246.3;0.1;1177.0;0;16
44;59;23.9;64.6;134.0;1241.7;0.1;1177.0;0;16
44;60;19.4;80.5;168.0;1257.9;0.1;1177.0;0;16
44;61;19.3;79.8;186.0;1246.4;0.1;1169.0;1;17
44;62;28.9;53.3;113.0;1232.1;0.0;1169.0;0;17
44;63;7.4;228.4;510.0;1424.3;0.2;1169.0;0;17
44;64;8.1;205.0;508.0;1394.4;0.1;1169.0;0;17
44;65;7.8;209.9;512.0;1376.6;0.2;1169.0;0;17
44;66;7.4;219.0;535.0;1375.7;0.2;1169.0;0;17
44;67;6.7;250.3;633.0;1429.9;0.2;1169.0;0;17
44;68;6.8;247.2;602.0;1422.7;0.2;1169.0;0;17
44;69;18.8;80.9;189.0;1232.3;0.1;1169.0;0;17
44;70;23.3;65.6;151.0;1226.9;0.1;1169.0;0;17
44;71;10.2;151.2;347.0;1276.1;0.1;1169.0;0;17
44;72;26.3;57.8;134.0;1218.3;0.0;1169.0;0;17
44;73;23.6;64.0;150.0;1215.4;0.1;1169.0;0;17
44;74;26.1;58.3;139.0;1216.6;0.0;1169.0;0;17
44;75;26.6;57.3;133.0;1219.7;0.0;1169.0;0;17
44;76;11.3;135.7;335.0;1265.9;0.1;1169.0;0;17
44;77;18.3;83.3;202.0;1235.6;0.1;1168.0;1;18
44;78;10.8;142.9;328.0;1275.7;0.1;1168.0;0;18
44;79;13.3;115.5;271.0;1260.7;0.1;1168.0;0;18
44;80;15.4;100.4;241.0;1255.6;0.1;1168.0;0;18
44;81;9.9;153.5;403.0;1267.3;0.1;1168.0;0;18
44;82;10.1;153.6;363.0;1291.1;0.1;1168.0;0;18
44;83;8.8;181.0;462.0;1333.9;0.1;1168.0;0;18
44;84;9.2;170.7;397.0;1307.1;0.1;1168.0;0;18
44;85;8.4;184.3;450.0;1300.3;0.1;1168.0;0;18
44;86;9.0;173.4;422.0;1303.3;0.1;1168.0;0;18
44;87;8.0;200.7;513.0;1349.9;0.1;1168.0;0;18
44;88;8.4;188.8;452.0;1336.0;0.1;1168.0;0;18
44;89;8.1;188.8;562.0;1282.7;0.1;1168.0;0;18
44;90;8.6;178.0;524.0;1288.9;0.1;1168.0;0;18
44;91;12.4;121.0;351.0;1234.7;0.1;1168.0;0;18
44;92;10.3;155.7;475.0;1336.1;0.1;1168.0;0;18
44;93;10.3;145.9;434.0;1248.1;0.1;1168.0;0;18
44;94;9.8;156.3;467.0;1280.1;0.1;1168.0;0;18
44;95;9.6;159.4;453.0;1279.6;0.1;1168.0;0;18
44;96;11.5;134.3;406.0;1273.3;0.1;1168.0;0;18
44;97;12.0;134.9;452.0;1332.0;0.1;1168.0;0;18
44;98;11.5;141.2;455.0;1343.4;0.1;1168.0;0;18
44;99;11.7;134.3;398.0;1291.0;0.1;1168.0;0;18
45;0;11.3;236.6;620.0;2213.3;0.1;1780.0;1;1
45;1;13.7;196.3;467.0;2205.4;0.1;1780.0;0;1
45;2;11.0;251.4;638.0;2295.4;0.1;1780.0;0;1
45;3;10.9;252.1;586.0;2267.1;0.1;1780.0;0;1
45;4;11.3;232.8;636.0;2173.1;0.1;1758.0;1;2
45;5;11.6;227.6;633.0;2176.7;0.1;1741.0;1;3
45;6;12.7;211.5;528.0;2198.6;0.1;1741.0;0;3
45;7;11.5;226.1;551.0;2147.7;0.1;1741.0;0;3
45;8;11.3;237.9;608.0;2224.3;0.1;1741.0;0;3
45;9;11.4;233.9;580.0;2194.4;0.1;1741.0;0;3
45;10;10.1;255.9;649.0;2147.4;0.1;1741.0;0;3
45;11;9.9;263.7;664.0;2172.4;0.1;1741.0;0;3
45;12;13.8;197.1;528.0;2224.7;0.1;1741.0;0;3
45;13;12.8;202.4;515.0;2130.6;0.1;1741.0;0;3
45;14;9.7;257.6;615.0;2087.4;0.1;1730.0;1;4
45;15;8.9;274.3;649.0;2050.6;0.1;1709.0;1;5
45;16;10.7;231.6;512.0;2051.3;0.1;1709.0;0;5
45;17;9.6;257.0;631.0;2047.1;0.1;1703.0;1;6
45;18;10.2;243.6;598.0;2063.0;0.1;1700.0;1;7
45;19;10.7;232.5;536.0;2064.1;0.1;1700.0;0;7
45;20;10.0;247.1;553.0;2051.4;0.1;1700.0;0;7
45;21;9.8;248.8;585.0;2032.1;0.1;1700.0;0;7
45;22;10.9;225.5;604.0;2025.9;0.1;1660.0;1;8
45;23;9.9;238.4;599.0;1971.7;0.1;1652.0;1;9
45;24;9.2;255.1;653.0;1950.6;0.1;1605.0;1;10
45;25;9.4;249.9;682.0;1964.9;0.1;1549.0;1;11
45;26;7.8;297.3;692.0;1948.1;0.2;1539.0;1;12
45;27;9.3;251.7;579.0;1961.9;0.1;1539.0;0;12
45;28;8.1;278.3;614.0;1898.0;0.1;1535.0;1;13
45;29;9.1;252.8;567.0;1921.1;0.1;1535.0;0;13
45;30;8.2;266.3;588.0;1843.9;0.1;1505.0;1;14
45;31;8.9;251.8;636.0;1881.9;0.1;1505.0;0;14
45;32;8.6;259.1;744.0;1875.1;0.1;1422.0;1;15
45;33;9.4;234.4;578.0;1832.7;0.1;1422.0;0;15
45;34;8.1;263.2;702.0;1784.6;0.1;1375.0;1;16
45;35;10.0;209.9;540.0;1736.9;0.1;1375.0;0;16
45;36;10.0;209.8;540.0;1747.4;0.1;1375.0;0;16
45;37;7.3;299.0;733.0;1841.6;0.2;1375.0;0;16
45;38;7.2;291.5;760.0;1784.4;0.2;1335.0;1;17
45;39;9.4;222.9;550.0;1745.0;0.1;1335.0;0;17
45;40;8.0;253.5;576.0;1703.1;0.1;1335.0;0;17
45;41;9.8;210.2;545.0;1721.0;0.1;1335.0;0;17
45;42;8.4;237.3;667.0;1680.0;0.1;1321.0;1;18
45;43;8.8;227.0;522.0;1668.0;0.1;1321.0;0;18
45;44;7.1;274.8;705.0;1657.7;0.2;1280.0;1;19
45;45;9.5;210.5;468.0;1667.3;0.1;1280.0;0;19
45;46;7.8;247.6;601.0;1628.3;0.2;1280.0;0;19
45;47;7.3;262.4;570.0;1620.0;0.2;1280.0;0;19
45;48;6.9;272.9;611.0;1595.7;0.2;1280.0;0;19
45;49;8.3;230.7;529.0;1613.3;0.1;1280.0;0;19
45;50;7.8;229.9;584.0;1520.4;0.2;1263.0;1;20
45;51;10.1;177.5;459.0;1491.7;0.1;1242.0;1;21
45;52;8.5;210.8;508.0;1510.9;0.1;1242.0;0;21
45;53;7.7;242.8;565.0;1580.4;0.2;1242.0;0;21
45;54;9.8;199.4;478.0;1622.9;0.1;1242.0;0;21
45;55;7.8;228.4;491.0;1494.4;0.2;1242.0;0;21
45;56;7.8;236.8;500.0;1561.4;0.2;1242.0;0;21
45;57;7.6;246.2;583.0;1585.7;0.2;1242.0;0;21
45;58;7.3;254.4;571.0;1568.3;0.2;1242.0;0;21
45;59;6.7;256.3;587.0;1470.4;0.2;1225.0;1;22
45;60;6.8;260.5;587.0;1514.6;0.2;1225.0;0;22
45;61;6.8;272.1;610.0;1587.0;0.2;1225.0;0;22
45;62;6.8;261.1;619.0;1517.1;0.2;1216.0;1;23
45;63;11.7;135.4;283.0;1311.0;0.1;1189.0;1;24
45;64;8.3;188.8;454.0;1319.9;0.1;1185.0;1;25
45;65;12.7;121.9;285.0;1272.6;0.1;1180.0;1;26
45;66;9.8;164.1;408.0;1336.1;0.1;1180.0;0;26
45;67;8.0;198.8;456.0;1342.3;0.1;1180.0;0;26
45;68;11.2;142.0;353.0;1311.4;0.1;1180.0;0;26
45;69;10.8;144.1;336.0;1285.7;0.1;1171.0;1;27
45;70;16.3;94.1;234.0;1243.9;0.1;1171.0;0;27
45;71;26.0;58.5;141.0;1218.0;0.0;1170.0;1;28
45;72;10.0;154.8;360.0;1292.7;0.1;1170.0;0;28
45;73;25.5;59.7;145.0;1222.0;0.0;1170.0;0;28
45;74;28.0;54.2;129.0;1215.6;0.0;1170.0;0;28
45;75;18.3;83.9;199.0;1242.0;0.1;1170.0;0;28
45;76;10.2;154.3;369.0;1304.0;0.1;1170.0;0;28
45;77;7.5;207.6;514.0;1320.0;0.2;1170.0;0;28
45;78;9.5;165.1;383.0;1301.6;0.1;1170.0;0;28
45;79;7.8;203.0;523.0;1340.0;0.2;1170.0;0;28
45;80;10.0;159.2;387.0;1318.9;0.1;1170.0;0;28
45;81;22.9;66.5;153.0;1225.1;0.1;1170.0;0;28
45;82;7.4;223.5;623.0;1401.6;0.2;1170.0;0;28
45;83;8.6;191.2;490.0;1379.0;0.1;1170.0;0;28
45;84;11.5;134.1;305.0;1273.4;0.1;1170.0;0;28
45;85;11.4;135.1;299.0;1270.4;0.1;1170.0;0;28
45;86;11.5;133.8;303.0;1272.6;0.1;1170.0;0;28
45;87;7.2;221.9;562.0;1361.4;0.2;1170.0;0;28
45;88;8.5;182.7;414.0;1297.1;0.1;1170.0;0;28
45;89;9.2;164.2;479.0;1255.1;0.1;1170.0;0;28
45;90;7.8;192.6;561.0;1263.6;0.2;1170.0;0;28
45;91;7.2;214.5;640.0;1317.7;0.2;1170.0;0;28
45;92;7.3;217.5;671.0;1342.6;0.2;1170.0;0;28
45;93;7.6;212.2;671.0;1358.3;0.2;1170.0;0;28
45;94;7.5;213.9;677.0;1352.9;0.2;1170.0;0;28
45;95;7.7;209.5;663.0;1362.0;0.2;1170.0;0;28
45;96;7.2;219.7;665.0;1336.3;0.2;1170.0;0;28
45;97;7.6;211.6;665.0;1356.6;0.2;1170.0;0;28
45;98;7.3;218.5;665.0;1351.1;0.2;1170.0;0;28
45;99;6.9;225.6;676.0;1323.4;0.2;1170.0;0;28
46;0;11.5;231.0;612.0;2188.6;0.1;1790.0;1;1
46;1;12.8;212.8;537.0;2235.4;0.1;1790.0;0;1
46;2;12.9;207.1;526.0;2196.1;0.1;1790.0;0;1
46;3;9.0;282.0;747.0;2133.6;0.1;1638.0;1;2
46;4;13.4;210.6;551.0;2306.1;0.1;1638.0;0;2
46;5;13.3;199.8;575.0;2182.7;0.1;1638.0;0;2
46;6;13.1;200.7;527.0;2159.0;0.1;1638.0;0;2
46;7;9.8;265.2;712.0;2152.6;0.1;1638.0;0;2
46;8;13.9;194.6;554.0;2217.6;0.1;1638.0;0;2
46;9;15.5;169.2;472.0;2131.9;0.1;1638.0;0;2
46;10;12.0;216.4;562.0;2137.1;0.1;1638.0;0;2
46;11;13.0;203.9;479.0;2168.9;0.1;1638.0;0;2
46;12;14.8;175.3;439.0;2121.1;0.1;1638.0;0;2
46;13;11.1;226.9;578.0;2076.7;0.1;1638.0;0;2
46;14;11.7;212.6;476.0;2051.3;0.1;1638.0;0;2
46;15;11.2;221.1;547.0;2039.9;0.1;1638.0;0;2
46;16;10.5;241.3;555.0;2107.9;0.1;1638.0;0;2
46;17;9.0;270.0;686.0;2035.3;0.1;1638.0;0;2
46;18;11.7;203.7;479.0;1967.7;0.1;1638.0;0;2
46;19;10.9;227.1;535.0;2041.6;0.1;1638.0;0;2
46;20;10.1;241.5;584.0;2018.9;0.1;1638.0;0;2
46;21;10.6;231.5;540.0;2036.1;0.1;1638.0;0;2
46;22;12.2;199.8;455.0;2004.1;0.1;1638.0;0;2
46;23;11.0;225.6;556.0;2048.1;0.1;1638.0;0;2
46;24;10.8;222.6;588.0;1981.3;0.1;1638.0;0;2
46;25;8.7;266.7;572.0;1953.9;0.1;1638.0;0;2
46;26;8.2;292.7;670.0;2012.6;0.1;1607.0;1;3
46;27;8.3;280.7;646.0;1964.1;0.1;1591.0;1;4
46;28;9.6;243.2;542.0;1940.3;0.1;1591.0;0;4
46;29;7.5;315.9;709.0;2010.1;0.2;1590.0;1;5
46;30;11.2;207.1;518.0;1919.3;0.1;1590.0;0;5
46;31;8.2;279.4;605.0;1924.4;0.1;1578.0;1;6
46;32;10.1;224.1;572.0;1885.9;0.1;1506.0;1;7
46;33;8.2;275.8;632.0;1896.0;0.1;1506.0;0;7
46;34;6.9;324.0;807.0;1895.3;0.2;1402.0;1;8
46;35;9.8;232.4;558.0;1899.6;0.1;1402.0;0;8
46;36;9.6;239.2;528.0;1917.1;0.1;1402.0;0;8
46;37;5.6;400.0;980.0;1925.6;0.2;1340.0;1;9
46;38;7.6;291.1;743.0;1860.9;0.2;1340.0;0;9
46;39;7.9;270.1;628.0;1792.7;0.2;1340.0;0;9
46;40;9.0;237.5;551.0;1791.4;0.1;1340.0;0;9
46;41;9.1;227.7;525.0;1734.7;0.1;1340.0;0;9
46;42;8.0;263.9;618.0;1776.7;0.1;1340.0;0;9
46;43;7.5;286.0;732.0;1814.0;0.2;1340.0;0;9
46;44;7.2;292.0;639.0;1781.6;0.2;1340.0;0;9
46;45;8.7;242.1;572.0;1770.6;0.1;1340.0;0;9
46;46;8.5;252.6;592.0;1795.4;0.1;1340.0;0;9
46;47;8.3;244.4;652.0;1710.0;0.1;1340.0;0;9
46;48;7.1;279.1;673.0;1694.0;0.2;1340.0;0;9
46;49;6.5;295.6;702.0;1644.0;0.2;1291.0;1;10
46;50;6.6;297.8;719.0;1677.7;0.2;1291.0;0;10
46;51;7.9;252.4;631.0;1672.0;0.2;1291.0;0;10
46;52;9.1;201.7;533.0;1532.3;0.1;1238.0;1;11
46;53;8.1;230.8;555.0;1572.4;0.1;1238.0;0;11
46;54;12.2;162.1;387.0;1624.6;0.1;1238.0;0;11
46;55;5.8;329.7;707.0;1636.4;0.2;1238.0;0;11
46;56;7.4;274.2;614.0;1720.1;0.2;1238.0;0;11
46;57;9.1;211.5;531.0;1605.9;0.1;1238.0;0;11
46;58;10.4;189.3;496.0;1633.3;0.1;1238.0;0;11
46;59;9.8;195.0;486.0;1593.0;0.1;1238.0;0;11
46;60;8.1;256.1;623.0;1738.1;0.1;1238.0;0;11
46;61;8.7;231.3;620.0;1694.1;0.1;1238.0;0;11
46;62;6.4;309.1;797.0;1688.1;0.2;1238.0;0;11
46;63;7.3;270.1;628.0;1673.3;0.2;1238.0;0;11
46;64;8.3;202.1;527.0;1410.7;0.1;1203.0;1;12
46;65;8.1;214.5;595.0;1466.6;0.1;1200.0;1;13
46;66;7.5;227.8;574.0;1439.1;0.2;1200.0;0;13
46;67;12.1;144.4;421.0;1439.6;0.1;1200.0;0;13
46;68;11.1;144.0;377.0;1316.9;0.1;1170.0;1;14
46;69;9.0;178.8;435.0;1345.7;0.1;1170.0;0;14
46;70;15.2;101.2;233.0;1250.9;0.1;1170.0;0;14
46;71;5.2;333.6;909.0;1504.6;0.2;1170.0;0;14
46;72;5.5;328.3;850.0;1564.6;0.2;1170.0;0;14
46;73;5.9;303.1;771.0;1542.7;0.2;1170.0;0;14
46;74;12.4;133.0;322.0;1355.1;0.1;1170.0;0;14
46;75;9.0;216.3;529.0;1630.6;0.1;1170.0;0;14
46;76;5.5;318.2;818.0;1503.9;0.2;1170.0;0;14
46;77;8.2;243.5;700.0;1670.3;0.1;1170.0;0;14
46;78;5.5;327.6;875.0;1559.7;0.2;1170.0;0;14
46;79;5.9;306.1;794.0;1543.7;0.2;1170.0;0;14
46;80;6.2;295.4;725.0;1561.3;0.2;1170.0;0;14
46;81;6.6;283.9;726.0;1589.6;0.2;1170.0;0;14
46;82;5.3;336.5;790.0;1541.9;0.2;1170.0;0;14
46;83;6.0;314.4;867.0;1612.3;0.2;1170.0;0;14
46;84;6.3;292.2;767.0;1584.0;0.2;1170.0;0;14
46;85;4.8;362.7;887.0;1513.9;0.2;1170.0;0;14
46;86;6.3;291.0;817.0;1576.3;0.2;1170.0;0;14
46;87;6.9;228.0;646.0;1343.9;0.2;1170.0;0;14
46;88;6.1;267.9;637.0;1404.0;0.2;1170.0;0;14
46;89;9.5;177.8;593.0;1412.1;0.1;1170.0;0;14
46;90;9.7;178.1;626.0;1437.6;0.1;1170.0;0;14
46;91;6.6;262.0;821.0;1480.4;0.2;1170.0;0;14
46;92;7.4;225.0;679.0;1409.6;0.2;1170.0;0;14
46;93;7.2;234.2;711.0;1429.4;0.2;1170.0;0;14
46;94;6.8;232.5;710.0;1351.9;0.2;1170.0;0;14
46;95;6.7;239.2;721.0;1370.3;0.2;1170.0;0;14
46;96;5.3;304.9;941.0;1402.6;0.2;1170.0;0;14
46;97;4.9;312.8;933.0;1352.7;0.2;1170.0;0;14
46;98;4.7;347.3;1042.0;1441.4;0.2;1167.0;1;15
46;99;4.9;330.4;1013.0;1405.3;0.2;1167.0;0;15
47;0;10.7;246.5;622.0;2188.0;0.1;1768.0;1;1
47;1;13.4;203.1;539.0;2231.3;0.1;1768.0;0;1
47;2;15.2;179.8;497.0;2224.6;0.1;1768.0;0;1
47;3;11.4;240.6;673.0;2269.6;0.1;1768.0;0;1
47;4;12.0;225.3;601.0;2231.4;0.1;1768.0;0;1
47;5;13.4;202.7;519.0;2220.7;0.1;1768.0;0;1
47;6;14.0;183.6;431.0;2106.9;0.1;1768.0;0;1
47;7;10.9;241.7;640.0;2181.9;0.1;1766.0;1;2
47;8;12.5;210.1;565.0;2151.6;0.1;1759.0;1;3
47;9;14.1;183.4;484.0;2113.6;0.1;1759.0;0;3
47;10;10.6;252.7;652.0;2223.9;0.1;1759.0;0;3
47;11;14.1;189.4;460.0;2179.7;0.1;1759.0;0;3
47;12;14.4;187.7;436.0;2205.7;0.1;1759.0;0;3
47;13;12.7;200.2;523.0;2092.4;0.1;1758.0;1;4
47;14;13.3;196.7;486.0;2135.6;0.1;1758.0;0;4
47;15;10.6;243.7;623.0;2145.4;0.1;1758.0;0;4
47;16;10.3;238.8;639.0;2037.9;0.1;1631.0;1;5
47;17;10.1;250.1;640.0;2106.3;0.1;1631.0;0;5
47;18;10.7;239.5;565.0;2129.4;0.1;1631.0;0;5
47;19;10.7;235.3;519.0;2083.1;0.1;1631.0;0;5
47;20;8.9;272.5;665.0;2034.9;0.1;1631.0;0;5
47;21;9.7;251.2;624.0;2034.0;0.1;1631.0;0;5
47;22;10.7;228.7;550.0;2022.1;0.1;1631.0;0;5
47;23;9.2;257.2;669.0;1977.6;0.1;1564.0;1;6
47;24;9.0;269.6;618.0;2020.1;0.1;1564.0;0;6
47;25;8.8;271.2;622.0;2006.9;0.1;1564.0;0;6
47;26;8.1;295.7;681.0;2019.0;0.1;1564.0;0;6
47;27;7.7;310.4;726.0;2019.7;0.2;1564.0;0;6
47;28;8.9;263.3;600.0;1952.6;0.1;1564.0;0;6
47;29;8.3;283.7;690.0;1983.7;0.1;1564.0;0;6
47;30;8.8;259.7;565.0;1918.1;0.1;1564.0;0;6
47;31;8.2;287.8;673.0;1981.9;0.1;1564.0;0;6
47;32;10.6;221.8;542.0;1942.6;0.1;1564.0;0;6
47;33;8.8;267.8;702.0;1966.3;0.1;1548.0;1;7
47;34;9.6;244.4;594.0;1949.4;0.1;1548.0;0;7
47;35;8.6;253.5;604.0;1831.6;0.1;1505.0;1;8
47;36;9.6;238.0;576.0;1909.9;0.1;1505.0;0;8
47;37;7.2;305.7;647.0;1860.6;0.2;1504.0;1;9
47;38;7.6;302.2;721.0;1931.1;0.2;1490.0;1;10
47;39;8.7;253.0;725.0;1842.0;0.1;1439.0;1;11
47;40;11.5;192.9;446.0;1826.9;0.1;1439.0;0;11
47;41;9.0;244.0;547.0;1834.1;0.1;1439.0;0;11
47;42;6.6;313.9;660.0;1763.1;0.2;1439.0;0;11
47;43;11.7;173.3;408.0;1673.7;0.1;1439.0;0;11
47;44;12.8;161.6;432.0;1692.4;0.1;1439.0;0;11
47;45;11.6;170.9;464.0;1641.3;0.1;1388.0;1;12
47;46;11.6;173.2;446.0;1655.4;0.1;1388.0;0;12
47;47;11.2;178.3;447.0;1653.0;0.1;1388.0;0;12
47;48;10.7;186.1;496.0;1644.0;0.1;1367.0;1;13
47;49;10.3;197.1;478.0;1683.6;0.1;1367.0;0;13
47;50;10.2;198.1;488.0;1671.7;0.1;1367.0;0;13
47;51;10.7;186.8;420.0;1652.0;0.1;1367.0;0;13
47;52;13.8;148.5;352.0;1675.7;0.1;1367.0;0;13
47;53;12.1;169.6;379.0;1687.9;0.1;1367.0;0;13
47;54;10.7;188.6;445.0;1664.4;0.1;1367.0;0;13
47;55;12.4;164.2;375.0;1673.9;0.1;1367.0;0;13
47;56;10.8;186.5;408.0;1666.0;0.1;1367.0;0;13
47;57;11.2;179.8;413.0;1662.6;0.1;1367.0;0;13
47;58;12.3;165.7;388.0;1674.9;0.1;1367.0;0;13
47;59;11.0;182.2;427.0;1658.0;0.1;1367.0;0;13
47;60;9.7;202.0;508.0;1633.7;0.1;1360.0;1;14
47;61;9.9;198.1;474.0;1638.9;0.1;1360.0;0;14
47;62;9.9;203.5;509.0;1669.3;0.1;1360.0;0;14
47;63;9.9;193.3;430.0;1591.0;0.1;1360.0;0;14
47;64;17.0;117.8;282.0;1623.7;0.1;1360.0;0;14
47;65;9.3;202.4;533.0;1563.4;0.1;1339.0;1;15
47;66;11.4;169.1;446.0;1590.6;0.1;1339.0;0;15
47;67;12.6;153.5;375.0;1594.0;0.1;1339.0;0;15
47;68;11.3;171.2;457.0;1591.1;0.1;1339.0;0;15
47;69;11.4;165.1;416.0;1554.9;0.1;1339.0;0;15
47;70;11.8;159.8;377.0;1559.4;0.1;1339.0;0;15
47;71;11.6;162.2;425.0;1549.9;0.1;1339.0;0;15
47;72;12.6;150.3;373.0;1553.0;0.1;1339.0;0;15
47;73;12.1;156.4;394.0;1555.0;0.1;1339.0;0;15
47;74;12.8;148.7;366.0;1560.0;0.1;1339.0;0;15
47;75;12.5;152.4;393.0;1567.9;0.1;1339.0;0;15
47;76;7.5;262.6;678.0;1659.0;0.2;1339.0;0;15
47;77;7.5;259.9;645.0;1658.1;0.2;1339.0;0;15
47;78;10.1;188.8;525.0;1585.3;0.1;1339.0;0;15
47;79;11.2;176.7;490.0;1630.7;0.1;1339.0;0;15
47;80;14.4;126.8;343.0;1492.0;0.1;1339.0;0;15
47;81;11.0;173.6;425.0;1579.3;0.1;1339.0;0;15
47;82;8.3;231.6;602.0;1618.9;0.1;1339.0;0;15
47;83;6.0;296.6;702.0;1539.1;0.2;1312.0;1;16
47;84;7.0;256.0;682.0;1532.1;0.2;1246.0;1;17
47;85;7.3;252.9;612.0;1573.7;0.2;1246.0;0;17
47;86;6.0;297.8;719.0;1526.7;0.2;1246.0;0;17
47;87;5.2;345.5;895.0;1568.3;0.2;1212.0;1;18
47;88;8.0;205.2;502.0;1384.3;0.1;1204.0;1;19
47;89;4.7;346.5;1043.0;1435.0;0.2;1204.0;0;19
47;90;5.2;322.7;994.0;1461.9;0.2;1204.0;0;19
47;91;6.0;270.0;812.0;1403.6;0.2;1204.0;0;19
47;92;5.4;293.5;875.0;1364.4;0.2;1202.0;1;20
47;93;9.9;161.2;520.0;1330.3;0.1;1179.0;1;21
47;94;12.3;132.5;404.0;1335.7;0.1;1179.0;0;21
47;95;12.1;129.2;385.0;1286.7;0.1;1179.0;0;21
47;96;22.2;71.3;245.0;1273.9;0.1;1179.0;0;21
47;97;25.8;62.3;183.0;1288.6;0.0;1179.0;0;21
47;98;23.8;66.9;206.0;1275.1;0.1;1179.0;0;21
47;99;4.9;313.5;923.0;1341.3;0.2;1179.0;0;21
48;0;11.1;245.6;648.0;2250.7;0.1;1815.0;1;1
48;1;10.0;265.2;716.0;2213.0;0.1;1706.0;1;2
48;2;13.4;202.3;496.0;2214.7;0.1;1706.0;0;2
48;3;11.3;231.1;632.0;2151.4;0.1;1706.0;0;2
48;4;10.2;260.8;679.0;2217.4;0.1;1706.0;0;2
48;5;11.4;240.7;618.0;2264.4;0.1;1706.0;0;2
48;6;10.0;266.7;726.0;2212.9;0.1;1706.0;0;2
48;7;11.8;223.4;661.0;2179.1;0.1;1706.0;0;2
48;8;12.1;220.5;575.0;2195.1;0.1;1706.0;0;2
48;9;11.1;235.6;564.0;2153.4;0.1;1706.0;0;2
48;10;12.5;209.6;521.0;2152.0;0.1;1706.0;0;2
48;11;10.0;253.6;620.0;2105.9;0.1;1685.0;1;3
48;12;11.5;222.1;540.0;2101.3;0.1;1685.0;0;3
48;13;11.2;226.1;602.0;2090.6;0.1;1670.0;1;4
48;14;9.7;256.5;656.0;2067.9;0.1;1670.0;0;4
48;15;10.4;226.2;551.0;1958.7;0.1;1651.0;1;5
48;16;11.0;223.3;518.0;2027.3;0.1;1651.0;0;5
48;17;9.3;264.6;621.0;2057.1;0.1;1651.0;0;5
48;18;9.4;263.4;600.0;2068.0;0.1;1651.0;0;5
48;19;9.0;268.9;598.0;2013.7;0.1;1651.0;0;5
48;20;10.1;236.1;656.0;1975.4;0.1;1563.0;1;6
48;21;7.7;306.6;730.0;1988.0;0.2;1563.0;0;6
48;22;7.8;310.0;767.0;2031.4;0.2;1563.0;0;6
48;23;14.1;176.4;428.0;2034.7;0.1;1563.0;0;6
48;24;9.4;253.5;600.0;1979.7;0.1;1563.0;0;6
48;25;8.9;259.7;587.0;1938.6;0.1;1563.0;0;6
48;26;10.3;225.0;590.0;1921.1;0.1;1548.0;1;7
48;27;9.1;254.0;558.0;1936.3;0.1;1548.0;0;7
48;28;12.9;187.1;425.0;1983.3;0.1;1548.0;0;7
48;29;9.4;247.8;571.0;1942.3;0.1;1548.0;0;7
48;30;9.3;245.0;625.0;1902.4;0.1;1530.0;1;8
48;31;9.2;256.8;605.0;1964.7;0.1;1530.0;0;8
48;32;10.0;232.9;542.0;1941.3;0.1;1530.0;0;8
48;33;10.6;221.0;475.0;1940.0;0.1;1530.0;0;8
48;34;9.1;257.2;598.0;1949.3;0.1;1530.0;0;8
48;35;10.7;210.0;536.0;1861.6;0.1;1527.0;1;9
48;36;10.3;225.6;580.0;1924.9;0.1;1527.0;0;9
48;37;8.5;263.1;571.0;1874.4;0.1;1527.0;0;9
48;38;7.4;301.6;721.0;1891.0;0.2;1448.0;1;10
48;39;7.2;292.2;680.0;1776.6;0.2;1431.0;1;11
48;40;7.6;278.9;648.0;1781.4;0.2;1431.0;0;11
48;41;7.2;283.2;726.0;1728.6;0.2;1372.0;1;12
48;42;7.2;294.5;730.0;1807.6;0.2;1372.0;0;12
48;43;7.1;288.4;693.0;1730.0;0.2;1372.0;0;12
48;44;8.4;250.7;628.0;1764.6;0.1;1372.0;0;12
48;45;7.9;262.2;614.0;1743.9;0.2;1372.0;0;12
48;46;7.1;275.6;629.0;1657.1;0.2;1350.0;1;13
48;47;7.8;247.3;532.0;1618.4;0.2;1350.0;0;13
48;48;11.5;166.6;401.0;1581.0;0.1;1350.0;0;13
48;49;7.3;250.6;576.0;1554.9;0.2;1266.0;1;14
48;50;11.0;170.0;397.0;1545.1;0.1;1266.0;0;14
48;51;10.3;175.9;441.0;1510.1;0.1;1266.0;0;14
48;52;9.8;200.1;490.0;1628.9;0.1;1266.0;0;14
48;53;8.5;223.0;587.0;1584.1;0.1;1262.0;1;15
48;54;8.8;212.9;469.0;1575.4;0.1;1262.0;0;15
48;55;9.0;197.5;445.0;1485.7;0.1;1262.0;0;15
48;56;9.6;198.2;482.0;1579.6;0.1;1262.0;0;15
48;57;11.2;155.1;339.0;1438.9;0.1;1262.0;0;15
48;58;10.6;170.0;365.0;1495.0;0.1;1262.0;0;15
48;59;10.0;176.0;373.0;1466.7;0.1;1262.0;0;15
48;60;10.8;165.9;389.0;1485.3;0.1;1262.0;0;15
48;61;12.9;136.5;319.0;1441.1;0.1;1262.0;0;15
48;62;12.7;140.0;305.0;1460.6;0.1;1262.0;0;15
48;63;7.8;233.6;556.0;1544.1;0.2;1262.0;0;15
48;64;10.9;162.5;416.0;1469.0;0.1;1262.0;0;15
48;65;12.2;143.6;346.0;1445.1;0.1;1262.0;0;15
48;66;12.0;149.2;371.0;1475.1;0.1;1262.0;0;15
48;67;10.1;180.9;449.0;1512.0;0.1;1262.0;0;15
48;68;12.4;137.4;341.0;1404.4;0.1;1262.0;0;15
48;69;8.3;211.9;552.0;1476.9;0.1;1262.0;0;15
48;70;10.8;161.9;438.0;1450.3;0.1;1260.0;1;16
48;71;13.1;133.6;346.0;1435.7;0.1;1260.0;0;16
48;72;14.0;123.2;319.0;1414.0;0.1;1260.0;0;16
48;73;14.7;119.4;306.0;1435.7;0.1;1260.0;0;16
48;74;13.9;124.6;303.0;1419.9;0.1;1260.0;0;16
48;75;10.5;165.6;418.0;1445.7;0.1;1260.0;0;16
48;76;11.3;158.6;386.0;1483.6;0.1;1260.0;0;16
48;77;9.9;174.6;430.0;1443.3;0.1;1260.0;0;16
48;78;12.6;140.7;368.0;1458.0;0.1;1260.0;0;16
48;79;10.4;168.9;469.0;1455.9;0.1;1255.0;1;17
48;80;7.3;256.5;725.0;1586.4;0.2;1255.0;0;17
48;81;8.0;217.8;519.0;1474.4;0.1;1255.0;0;17
48;82;7.6;225.0;531.0;1442.0;0.2;1255.0;0;17
48;83;8.4;199.5;474.0;1412.6;0.1;1253.0;1;18
48;84;9.5;182.1;465.0;1445.4;0.1;1253.0;0;18
48;85;8.4;205.2;481.0;1440.4;0.1;1253.0;0;18
48;86;5.8;326.2;938.0;1643.3;0.2;1253.0;0;18
48;87;6.1;292.9;775.0;1535.4;0.2;1215.0;1;19
48;88;8.0;230.1;559.0;1552.0;0.1;1215.0;0;19
48;89;10.2;161.8;500.0;1375.9;0.1;1215.0;0;19
48;90;11.3;158.7;546.0;1480.1;0.1;1215.0;0;19
48;91;9.0;184.0;561.0;1383.0;0.1;1215.0;0;19
48;92;9.4;173.2;533.0;1354.6;0.1;1215.0;0;19
48;93;16.5;99.1;343.0;1330.0;0.1;1215.0;0;19
48;94;18.4;89.7;276.0;1332.9;0.1;1215.0;0;19
48;95;19.4;83.3;258.0;1307.0;0.1;1215.0;0;19
48;96;19.5;83.1;267.0;1305.6;0.1;1215.0;0;19
48;97;8.4;219.5;764.0;1545.9;0.1;1215.0;0;19
48;98;6.6;259.2;820.0;1451.4;0.2;1198.0;1;20
48;99;7.7;223.6;680.0;1452.1;0.2;1198.0;0;20
49;0;10.9;240.1;609.0;2165.7;0.1;1791.0;1;1
49;1;14.0;190.1;479.0;2168.3;0.1;1791.0;0;1
49;2;13.7;192.8;576.0;2166.1;0.1;1779.0;1;2
49;3;14.9;178.4;451.0;2169.0;0.1;1779.0;0;2
49;4;14.5;183.2;453.0;2166.4;0.1;1779.0;0;2
49;5;15.4;178.6;449.0;2234.9;0.1;1779.0;0;2
49;6;12.1;226.6;556.0;2261.1;0.1;1779.0;0;2
49;7;13.6;194.1;468.0;2163.0;0.1;1779.0;0;2
49;8;11.8;224.4;587.0;2190.1;0.1;1779.0;0;2
49;9;11.2;234.0;628.0;2167.1;0.1;1742.0;1;3
49;10;12.1;211.3;532.0;2103.7;0.1;1742.0;0;3
49;11;12.8;204.0;522.0;2145.6;0.1;1742.0;0;3
49;12;11.4;228.5;557.0;2159.1;0.1;1742.0;0;3
49;13;9.1;280.3;734.0;2137.3;0.1;1634.0;1;4
49;14;9.1;274.9;723.0;2086.4;0.1;1634.0;0;4
49;15;12.7;195.4;479.0;2036.4;0.1;1634.0;0;4
49;16;9.1;276.5;682.0;2112.7;0.1;1634.0;0;4
49;17;10.9;223.0;497.0;2009.0;0.1;1634.0;0;4
49;18;10.2;237.4;567.0;2013.3;0.1;1634.0;0;4
49;19;8.8;269.8;600.0;1994.4;0.1;1634.0;0;4
49;20;10.0;248.3;607.0;2065.6;0.1;1634.0;0;4
49;21;11.2;217.0;564.0;2006.4;0.1;1634.0;0;4
49;22;10.9;219.7;598.0;1981.3;0.1;1614.0;1;5
49;23;10.4;230.9;600.0;1993.0;0.1;1613.0;1;6
49;24;9.3;253.1;679.0;1958.6;0.1;1535.0;1;7
49;25;9.3;253.2;607.0;1972.1;0.1;1535.0;0;7
49;26;10.5;224.8;525.0;1954.1;0.1;1535.0;0;7
49;27;9.9;241.1;573.0;1988.7;0.1;1535.0;0;7
49;28;8.5;281.7;657.0;2006.7;0.1;1535.0;0;7
49;29;13.2;189.9;473.0;2050.0;0.1;1535.0;0;7
49;30;10.7;223.1;491.0;1977.9;0.1;1535.0;0;7
49;31;9.3;256.4;646.0;1991.0;0.1;1535.0;0;7
49;32;8.3;280.6;653.0;1957.1;0.1;1535.0;0;7
49;33;9.1;270.5;675.0;2051.7;0.1;1535.0;0;7
49;34;7.7;288.7;652.0;1874.3;0.2;1487.0;1;8
49;35;6.9;328.3;773.0;1919.1;0.2;1482.0;1;9
49;36;10.6;223.0;558.0;1951.0;0.1;1482.0;0;9
49;37;7.9;293.3;726.0;1946.6;0.2;1482.0;0;9
49;38;7.0;318.2;734.0;1901.9;0.2;1482.0;0;9
49;39;6.8;307.8;703.0;1783.7;0.2;1462.0;1;10
49;40;6.1;328.4;782.0;1712.0;0.2;1344.0;1;11
49;41;6.7;310.0;798.0;1766.0;0.2;1322.0;1;12
49;42;6.8;288.1;648.0;1661.7;0.2;1322.0;0;12
49;43;7.4;265.7;608.0;1670.7;0.2;1322.0;0;12
49;44;10.0;207.8;560.0;1720.0;0.1;1322.0;0;12
49;45;7.7;248.6;596.0;1621.0;0.2;1322.0;0;12
49;46;7.7;252.7;665.0;1649.4;0.2;1291.0;1;13
49;47;9.8;182.5;464.0;1493.9;0.1;1254.0;1;14
49;48;13.7;128.9;299.0;1442.3;0.1;1254.0;0;14
49;49;14.0;122.9;279.0;1408.9;0.1;1254.0;0;14
49;50;9.8;183.9;450.0;1495.1;0.1;1254.0;0;14
49;51;10.4;165.3;385.0;1430.3;0.1;1240.0;1;15
49;52;11.8;141.0;341.0;1372.0;0.1;1201.0;1;16
49;53;9.7;173.4;388.0;1398.1;0.1;1201.0;0;16
49;54;10.9;152.4;351.0;1373.6;0.1;1201.0;0;16
49;55;9.0;185.9;467.0;1392.6;0.1;1201.0;0;16
49;56;13.1;130.6;299.0;1399.6;0.1;1201.0;0;16
49;57;11.7;142.1;352.0;1372.9;0.1;1201.0;0;16
49;58;10.7;149.9;343.0;1325.0;0.1;1183.0;1;17
49;59;13.9;116.4;301.0;1322.9;0.1;1179.0;1;18
49;60;13.3;121.3;281.0;1326.4;0.1;1179.0;0;18
49;61;10.2;161.5;394.0;1371.9;0.1;1179.0;0;18
49;62;12.0;131.8;281.0;1300.0;0.1;1175.0;1;19
49;63;12.5;125.8;274.0;1289.7;0.1;1175.0;0;19
49;64;15.8;97.6;229.0;1250.3;0.1;1175.0;0;19
49;65;19.6;78.0;190.0;1233.1;0.1;1175.0;0;19
49;66;23.2;65.3;180.0;1215.6;0.1;1168.0;1;20
49;67;58.8;25.8;63.0;1195.9;0.0;1168.0;0;20
49;68;61.9;24.5;62.0;1195.9;0.0;1168.0;0;20
49;69;58.8;25.7;61.0;1193.7;0.0;1168.0;0;20
49;70;68.3;22.1;49.0;1191.0;0.0;1168.0;0;20
49;71;68.7;22.1;49.0;1195.6;0.0;1168.0;0;20
49;72;58.8;25.6;62.0;1190.7;0.0;1168.0;0;20
49;73;59.9;25.1;57.0;1186.4;0.0;1168.0;0;20
49;74;53.7;28.1;66.0;1192.7;0.0;1168.0;0;20
49;75;63.2;23.9;62.0;1191.1;0.0;1168.0;0;20
49;76;53.0;28.5;65.0;1192.0;0.0;1168.0;0;20
49;77;54.8;27.5;64.0;1192.6;0.0;1168.0;0;20
49;78;55.6;27.2;64.0;1193.1;0.0;1168.0;0;20
49;79;56.7;26.7;59.0;1193.9;0.0;1168.0;0;20
49;80;56.7;26.7;60.0;1193.9;0.0;1168.0;0;20
49;81;56.7;26.7;59.0;1193.9;0.0;1168.0;0;20
49;82;6.3;258.4;632.0;1398.1;0.2;1168.0;0;20
49;83;5.8;269.9;612.0;1359.4;0.2;1168.0;0;20
49;84;5.8;268.5;598.0;1347.4;0.2;1168.0;0;20
49;85;5.5;282.4;630.0;1349.0;0.2;1168.0;0;20
49;86;19.8;76.4;177.0;1223.3;0.1;1168.0;0;20
49;87;20.8;73.2;166.0;1225.6;0.1;1168.0;0;20
49;88;27.2;55.4;163.0;1206.4;0.0;1168.0;0;20
49;89;26.3;57.3;175.0;1208.4;0.0;1168.0;0;20
49;90;26.4;57.0;168.0;1204.6;0.0;1168.0;0;20
49;91;25.6;58.8;173.0;1204.7;0.0;1168.0;0;20
49;92;27.2;55.6;167.0;1207.7;0.0;1168.0;0;20
49;93;27.4;55.0;161.0;1204.4;0.0;1168.0;0;20
49;94;7.3;215.5;662.0;1334.3;0.2;1168.0;0;20
49;95;7.9;205.4;658.0;1371.6;0.1;1168.0;0;20
49;96;7.4;215.5;662.0;1346.3;0.2;1168.0;0;20
49;97;7.1;217.1;642.0;1305.9;0.2;1168.0;0;20
49;98;7.5;212.5;667.0;1346.3;0.2;1168.0;0;20
49;99;8.2;199.5;656.0;1372.7;0.1;1168.0;0;20
50;0;11.0;250.3;615.0;2285.4;0.1;1864.0;1;1
50;1;12.6;207.9;537.0;2151.1;0.1;1832.0;1;2
50;2;12.9;215.8;614.0;2276.9;0.1;1832.0;0;2
50;3;13.1;209.5;558.0;2253.3;0.1;1832.0;0;2
50;4;13.5;201.9;525.0;2237.9;0.1;1832.0;0;2
50;5;12.6;208.4;511.0;2162.4;0.1;1832.0;0;2
50;6;10.6;253.4;593.0;2234.3;0.1;1829.0;1;3
50;7;13.5;192.2;469.0;2124.4;0.1;1820.0;1;4
50;8;8.5;317.1;819.0;2260.0;0.1;1749.0;1;5
50;9;14.0;190.9;497.0;2178.6;0.1;1749.0;0;5
50;10;10.6;246.5;627.0;2170.4;0.1;1749.0;0;5
50;11;12.0;225.2;540.0;2218.4;0.1;1749.0;0;5
50;12;8.6;315.4;840.0;2270.3;0.1;1679.0;1;6
50;13;10.4;245.1;625.0;2122.1;0.1;1679.0;0;6
50;14;11.5;221.9;602.0;2102.7;0.1;1679.0;0;6
50;15;9.3;262.3;614.0;2025.9;0.1;1665.0;1;7
50;16;9.1;280.5;648.0;2138.7;0.1;1665.0;0;7
50;17;9.1;266.8;626.0;2035.1;0.1;1665.0;0;7
50;18;11.8;208.3;508.0;2027.9;0.1;1665.0;0;7
50;19;10.4;240.2;605.0;2070.3;0.1;1665.0;0;7
50;20;8.5;293.1;741.0;2091.1;0.1;1653.0;1;8
50;21;10.6;233.0;559.0;2037.6;0.1;1653.0;0;8
50;22;11.3;222.8;535.0;2082.4;0.1;1653.0;0;8
50;23;11.9;199.7;479.0;1958.4;0.1;1653.0;0;8
50;24;9.2;261.2;667.0;2006.4;0.1;1589.0;1;9
50;25;8.3;283.1;619.0;1984.3;0.1;1589.0;0;9
50;26;10.7;224.7;498.0;1988.0;0.1;1589.0;0;9
50;27;9.4;245.9;599.0;1924.0;0.1;1566.0;1;10
50;28;10.4;220.5;506.0;1894.9;0.1;1566.0;0;10
50;29;10.6;221.0;524.0;1939.9;0.1;1566.0;0;10
50;30;9.4;240.0;534.0;1877.4;0.1;1566.0;0;10
50;31;8.8;254.5;563.0;1876.6;0.1;1556.0;1;11
50;32;9.6;237.7;611.0;1897.3;0.1;1556.0;0;11
50;33;8.3;269.9;598.0;1887.0;0.1;1556.0;0;11
50;34;9.9;225.3;504.0;1855.3;0.1;1556.0;0;11
50;35;10.2;213.5;523.0;1807.4;0.1;1507.0;1;12
50;36;8.9;238.2;545.0;1765.4;0.1;1451.0;1;13
50;37;10.9;194.5;454.0;1758.9;0.1;1451.0;0;13
50;38;10.6;201.9;477.0;1770.1;0.1;1451.0;0;13
50;39;8.5;240.6;602.0;1711.0;0.1;1391.0;1;14
50;40;8.4;237.4;519.0;1673.3;0.1;1391.0;0;14
50;41;8.8;227.4;565.0;1668.3;0.1;1391.0;0;14
50;42;5.4;373.4;873.0;1758.1;0.2;1358.0;1;15
50;43;8.8;228.8;557.0;1679.9;0.1;1358.0;0;15
50;44;7.7;260.5;606.0;1695.3;0.2;1358.0;0;15
50;45;10.2;207.1;456.0;1750.7;0.1;1358.0;0;15
50;46;8.8;223.8;586.0;1656.7;0.1;1333.0;1;16
50;47;10.1;202.8;489.0;1705.4;0.1;1333.0;0;16
50;48;7.4;263.5;651.0;1659.6;0.2;1310.0;1;17
50;49;10.0;205.2;520.0;1700.1;0.1;1310.0;0;17
50;50;9.9;200.7;509.0;1651.6;0.1;1310.0;0;17
50;51;9.6;204.0;513.0;1638.7;0.1;1310.0;0;17
50;52;8.0;242.1;544.0;1636.7;0.1;1310.0;0;17
50;53;8.9;214.2;513.0;1600.1;0.1;1310.0;0;17
50;54;10.4;188.2;448.0;1621.3;0.1;1310.0;0;17
50;55;8.4;235.8;504.0;1664.9;0.1;1310.0;0;17
50;56;9.6;202.8;515.0;1619.3;0.1;1310.0;0;17
50;57;7.6;253.0;633.0;1635.1;0.2;1310.0;0;17
50;58;7.9;241.0;604.0;1613.0;0.1;1310.0;0;17
50;59;8.6;237.0;581.0;1706.1;0.1;1310.0;0;17
50;60;8.5;232.8;562.0;1667.4;0.1;1310.0;0;17
50;61;7.5;253.3;583.0;1612.3;0.2;1310.0;0;17
50;62;7.5;259.4;551.0;1637.3;0.2;1310.0;0;17
50;63;8.3;232.6;560.0;1621.7;0.1;1310.0;0;17
50;64;8.2;222.9;524.0;1541.0;0.1;1310.0;0;17
50;65;8.3;225.9;614.0;1583.6;0.1;1310.0;0;17
50;66;9.0;208.1;539.0;1567.0;0.1;1310.0;0;17
50;67;8.5;216.4;521.0;1548.7;0.1;1310.0;0;17
50;68;8.2;222.6;575.0;1543.7;0.1;1310.0;0;17
50;69;9.3;186.2;506.0;1451.6;0.1;1246.0;1;18
50;70;11.7;155.2;405.0;1496.6;0.1;1246.0;0;18
50;71;10.4;178.8;449.0;1536.3;0.1;1246.0;0;18
50;72;9.9;177.4;450.0;1467.4;0.1;1246.0;0;18
50;73;10.8;168.3;427.0;1504.1;0.1;1246.0;0;18
50;74;9.2;186.5;506.0;1435.3;0.1;1213.0;1;19
50;75;8.8;200.5;494.0;1473.0;0.1;1213.0;0;19
50;76;7.6;233.4;588.0;1491.3;0.2;1213.0;0;19
50;77;8.3;218.5;553.0;1523.6;0.1;1213.0;0;19
50;78;5.2;320.7;832.0;1441.9;0.2;1176.0;1;20
50;79;17.7;86.6;197.0;1243.7;0.1;1176.0;0;20
50;80;22.8;67.4;171.0;1233.4;0.1;1170.0;1;21
50;81;25.2;60.8;143.0;1229.7;0.0;1170.0;0;21
50;82;27.7;55.4;131.0;1225.7;0.0;1170.0;0;21
50;83;31.1;49.6;118.0;1228.1;0.0;1170.0;0;21
50;84;31.0;49.3;117.0;1220.4;0.0;1170.0;0;21
50;85;31.5;48.8;123.0;1222.4;0.0;1170.0;0;21
50;86;28.1;54.2;133.0;1217.1;0.0;1170.0;0;21
50;87;33.7;45.2;112.0;1211.4;0.0;1170.0;0;21
50;88;38.1;40.0;104.0;1211.1;0.0;1169.0;1;22
50;89;49.4;30.5;100.0;1192.1;0.0;1165.0;1;23
50;90;12.3;123.2;367.0;1245.7;0.1;1165.0;0;23
50;91;12.4;121.3;362.0;1237.6;0.1;1165.0;0;23
50;92;40.6;37.1;114.0;1195.4;0.0;1165.0;0;23
50;93;12.3;121.1;352.0;1225.4;0.1;1165.0;0;23
50;94;12.5;119.9;352.0;1232.6;0.1;1165.0;0;23
50;95;12.1;124.3;365.0;1235.9;0.1;1165.0;0;23
50;96;12.3;123.6;378.0;1252.4;0.1;1165.0;0;23
50;97;12.6;122.4;367.0;1268.4;0.1;1165.0;0;23
50;98;12.2;123.3;361.0;1240.7;0.1;1165.0;0;23
50;99;12.1;124.0;361.0;1234.6;0.1;1165.0;0;23
