param;value
filename;./inputData/kroB150n.car
base_seed;1
nRuns;51
iterations;100
antsN;60
stagnation;50
favorites;60
gbPeriod;0
rhoNodes;0.1
rhoCars;0.1
rhoPass;0.1
alphaNodes;1.5
alphaCars;1.5
alphaPass;1.5
betaNodes;1.2
betaCars;1.2
betaPass;1.1
maxMinCars;0
maxMinNodes;0
pBestCars;0
useTBAS;0
sampleCars;1
enforceNoRerent;1
returnFactorCars;0
epsilonEtaCars;1e-06
smGammaCars;0.7
restartTargetCars;mid
exploreCars;0
exploreItersCars;20
exploreRhoMultCars;2
policyQ0;0.1
adaptiveQ0;1
q0Start;0.2
q0End;0.9
eliteKAnts;7
lsTopW;0
lsQuality;High
useReinsertion;1
reinsertionMaxPasses;5
dpCacheCapacity;5000
dpMaxSegmentLenOffset;5
intensifierEnabled;1
intensifierMaxStagnationIterations;3
intensifierResetPheromonesCount;2
intensifierPheromoneReductionGamma;0.3
intensifierArchiveAndResetBest;1
ablationDisableAntDepositsDuringIntensification;0
ablationResetPheromonesOnIntensifierActivation;0
ablationIntensifierOnlyNoAnts;0
ablationIntensifierOnlyRandomInitialTour;0
runSeeds;run0=9176377229071207081,run1=76241568449944305,run2=11569656429252920891,run3=8006770736520076435,run4=10222608011239175760,run5=83674907983555125,run6=16633518659454552880,run7=3348662810425028053,run8=1625020296661546126,run9=8722260422266777814,run10=18422523289718600251,run11=12120595211417451604,run12=11180516292616150398,run13=13235578871255005297,run14=17784125318686945540,run15=15956506419893335137,run16=2899130862535483918,run17=11850605890185619915,run18=13353388233111958045,run19=6644193456908987648,run20=9748498986499756733,run21=9610614758425770644,run22=16467222360164019310,run23=11726302834367551336,run24=8896860786397106362,run25=6737285527070588895,run26=11634350522773239934,run27=7808547232002136844,run28=3287009989320200796,run29=8484872300069380217,run30=8138020970177873692,run31=16735953543485209995,run32=957827445528146549,run33=9178821638437730898,run34=2354512119315649564,run35=10160966691791677292,run36=27474500062045820,run37=7844575079918988844,run38=15524044195614787644,run39=4980590106503615414,run40=3943098024137922559,run41=141425323448007506,run42=16001952662412044218,run43=6069959457317431616,run44=2033442876187297925,run45=7223543130371895193,run46=4350234967155519396,run47=10524526614539617298,run48=3004527168784687515,run49=3975454624479931874,run50=1666912681748276242
stagnationEvents;run0=1,run1=1,run2=1,run3=1,run4=1,run5=1,run6=1,run7=1,run8=1,run9=1,run10=1,run11=0,run12=1,run13=1,run14=1,run15=1,run16=1,run17=1,run18=1,run19=1,run20=1,run21=1,run22=1,run23=1,run24=1,run25=1,run26=1,run27=1,run28=1,run29=1,run30=1,run31=1,run32=1,run33=1,run34=1,run35=1,run36=1,run37=1,run38=1,run39=1,run40=1,run41=1,run42=1,run43=1,run44=1,run45=1,run46=1,run47=1,run48=1,run49=1,run50=1
lkCalls;run0=1,run1=1,run2=1,run3=1,run4=1,run5=1,run6=1,run7=1,run8=1,run9=1,run10=1,run11=0,run12=1,run13=1,run14=1,run15=1,run16=1,run17=1,run18=1,run19=1,run20=1,run21=1,run22=1,run23=1,run24=1,run25=1,run26=1,run27=1,run28=1,run29=1,run30=1,run31=1,run32=1,run33=1,run34=1,run35=1,run36=1,run37=1,run38=1,run39=1,run40=1,run41=1,run42=1,run43=1,run44=1,run45=1,run46=1,run47=1,run48=1,run49=1,run50=1
lkSuccess;run0=0,run1=0,run2=0,run3=0,run4=0,run5=0,run6=0,run7=0,run8=0,run9=0,run10=0,run11=0,run12=0,run13=0,run14=0,run15=0,run16=0,run17=0,run18=0,run19=0,run20=0,run21=0,run22=0,run23=0,run24=0,run25=0,run26=0,run27=0,run28=0,run29=0,run30=0,run31=0,run32=0,run33=0,run34=0,run35=0,run36=0,run37=0,run38=0,run39=0,run40=0,run41=0,run42=0,run43=0,run44=0,run45=0,run46=0,run47=0,run48=0,run49=0,run50=0
tOptCalls;run0=0,run1=0,run2=0,run3=0,run4=0,run5=0,run6=0,run7=0,run8=0,run9=0,run10=0,run11=0,run12=0,run13=0,run14=0,run15=0,run16=0,run17=0,run18=0,run19=0,run20=0,run21=0,run22=0,run23=0,run24=0,run25=0,run26=0,run27=0,run28=0,run29=0,run30=0,run31=0,run32=0,run33=0,run34=0,run35=0,run36=0,run37=0,run38=0,run39=0,run40=0,run41=0,run42=0,run43=0,run44=0,run45=0,run46=0,run47=0,run48=0,run49=0,run50=0
tOptSuccess;run0=0,run1=0,run2=0,run3=0,run4=0,run5=0,run6=0,run7=0,run8=0,run9=0,run10=0,run11=0,run12=0,run13=0,run14=0,run15=0,run16=0,run17=0,run18=0,run19=0,run20=0,run21=0,run22=0,run23=0,run24=0,run25=0,run26=0,run27=0,run28=0,run29=0,run30=0,run31=0,run32=0,run33=0,run34=0,run35=0,run36=0,run37=0,run38=0,run39=0,run40=0,run41=0,run42=0,run43=0,run44=0,run45=0,run46=0,run47=0,run48=0,run49=0,run50=0
kickCalls;run0=1,run1=1,run2=1,run3=1,run4=1,run5=1,run6=1,run7=1,run8=1,run9=1,run10=1,run11=0,run12=1,run13=1,run14=1,run15=1,run16=1,run17=1,run18=1,run19=1,run20=1,run21=1,run22=1,run23=1,run24=1,run25=1,run26=1,run27=1,run28=1,run29=1,run30=1,run31=1,run32=1,run33=1,run34=1,run35=1,run36=1,run37=1,run38=1,run39=1,run40=1,run41=1,run42=1,run43=1,run44=1,run45=1,run46=1,run47=1,run48=1,run49=1,run50=1
kickSuccess;run0=0,run1=0,run2=0,run3=0,run4=0,run5=0,run6=0,run7=0,run8=0,run9=0,run10=0,run11=0,run12=0,run13=0,run14=0,run15=0,run16=0,run17=0,run18=0,run19=0,run20=0,run21=0,run22=0,run23=0,run24=0,run25=0,run26=0,run27=0,run28=0,run29=0,run30=0,run31=0,run32=0,run33=0,run34=0,run35=0,run36=0,run37=0,run38=0,run39=0,run40=0,run41=0,run42=0,run43=0,run44=0,run45=0,run46=0,run47=0,run48=0,run49=0,run50=0
cacheEvalHitRate;run0=2.44%,run1=4.61%,run2=1.35%,run3=1.38%,run4=2.15%,run5=5.94%,run6=3.03%,run7=4.50%,run8=2.50%,run9=1.85%,run10=7.41%,run11=2.62%,run12=6.64%,run13=2.03%,run14=7.20%,run15=4.23%,run16=2.53%,run17=4.67%,run18=1.70%,run19=0.73%,run20=4.23%,run21=4.97%,run22=3.41%,run23=2.32%,run24=2.00%,run25=4.00%,run26=0.88%,run27=1.79%,run28=1.97%,run29=3.64%,run30=2.70%,run31=6.55%,run32=6.85%,run33=4.38%,run34=5.52%,run35=5.94%,run36=2.12%,run37=4.03%,run38=2.47%,run39=2.03%,run40=2.53%,run41=2.97%,run42=0.79%,run43=3.14%,run44=7.99%,run45=3.35%,run46=2.62%,run47=1.62%,run48=1.70%,run49=2.82%,run50=1.09%
cacheReasHitRate;run0=36.85%,run1=37.31%,run2=36.56%,run3=36.50%,run4=36.95%,run5=38.17%,run6=36.68%,run7=38.33%,run8=37.05%,run9=36.50%,run10=37.93%,run11=36.04%,run12=39.02%,run13=36.43%,run14=38.83%,run15=36.77%,run16=37.22%,run17=37.23%,run18=37.27%,run19=35.94%,run20=37.83%,run21=37.42%,run22=37.33%,run23=36.34%,run24=36.87%,run25=37.22%,run26=36.24%,run27=36.36%,run28=36.40%,run29=37.58%,run30=36.55%,run31=38.97%,run32=38.14%,run33=37.30%,run34=37.65%,run35=37.26%,run36=36.90%,run37=37.26%,run38=36.47%,run39=36.58%,run40=36.70%,run41=36.62%,run42=36.27%,run43=36.78%,run44=38.15%,run45=36.48%,run46=37.80%,run47=36.53%,run48=36.79%,run49=36.39%,run50=36.59%
lkSuccessRate;run0=0.00% (cache:2.4%),run1=0.00% (cache:4.6%),run2=0.00% (cache:1.4%),run3=0.00% (cache:1.4%),run4=0.00% (cache:2.1%),run5=0.00% (cache:5.9%),run6=0.00% (cache:3.0%),run7=0.00% (cache:4.5%),run8=0.00% (cache:2.5%),run9=0.00% (cache:1.9%),run10=0.00% (cache:7.4%),run11=N/A,run12=0.00% (cache:6.6%),run13=0.00% (cache:2.0%),run14=0.00% (cache:7.2%),run15=0.00% (cache:4.2%),run16=0.00% (cache:2.5%),run17=0.00% (cache:4.7%),run18=0.00% (cache:1.7%),run19=0.00% (cache:0.7%),run20=0.00% (cache:4.2%),run21=0.00% (cache:5.0%),run22=0.00% (cache:3.4%),run23=0.00% (cache:2.3%),run24=0.00% (cache:2.0%),run25=0.00% (cache:4.0%),run26=0.00% (cache:0.9%),run27=0.00% (cache:1.8%),run28=0.00% (cache:2.0%),run29=0.00% (cache:3.6%),run30=0.00% (cache:2.7%),run31=0.00% (cache:6.6%),run32=0.00% (cache:6.8%),run33=0.00% (cache:4.4%),run34=0.00% (cache:5.5%),run35=0.00% (cache:5.9%),run36=0.00% (cache:2.1%),run37=0.00% (cache:4.0%),run38=0.00% (cache:2.5%),run39=0.00% (cache:2.0%),run40=0.00% (cache:2.5%),run41=0.00% (cache:3.0%),run42=0.00% (cache:0.8%),run43=0.00% (cache:3.1%),run44=0.00% (cache:8.0%),run45=0.00% (cache:3.3%),run46=0.00% (cache:2.6%),run47=0.00% (cache:1.6%),run48=0.00% (cache:1.7%),run49=0.00% (cache:2.8%),run50=0.00% (cache:1.1%)
tOptSuccessRate;run0=N/A,run1=N/A,run2=N/A,run3=N/A,run4=N/A,run5=N/A,run6=N/A,run7=N/A,run8=N/A,run9=N/A,run10=N/A,run11=N/A,run12=N/A,run13=N/A,run14=N/A,run15=N/A,run16=N/A,run17=N/A,run18=N/A,run19=N/A,run20=N/A,run21=N/A,run22=N/A,run23=N/A,run24=N/A,run25=N/A,run26=N/A,run27=N/A,run28=N/A,run29=N/A,run30=N/A,run31=N/A,run32=N/A,run33=N/A,run34=N/A,run35=N/A,run36=N/A,run37=N/A,run38=N/A,run39=N/A,run40=N/A,run41=N/A,run42=N/A,run43=N/A,run44=N/A,run45=N/A,run46=N/A,run47=N/A,run48=N/A,run49=N/A,run50=N/A

run;iter;weibull_k;cost_std;cost_range;cost_mean;cost_cv;global_best;improved;cumul_improvements
0;0;12.0;720.8;1798.0;7146.3;0.1;5653.0;1;1
0;1;26.2;340.3;994.0;7149.7;0.0;5138.0;1;2
0;2;20.4;437.8;1131.0;7189.1;0.1;4758.0;1;3
0;3;15.0;591.8;1771.0;7238.7;0.1;4453.0;1;4
0;4;13.1;662.3;1631.0;7123.0;0.1;3987.0;1;5
0;5;16.3;522.2;1205.0;6918.0;0.1;3695.0;1;6
0;6;12.2;708.6;1673.0;7125.4;0.1;3402.0;1;7
0;7;11.9;720.7;1956.0;7089.1;0.1;3232.0;1;8
0;8;12.8;652.5;1913.0;6835.4;0.1;2931.0;1;9
0;9;10.4;825.1;2430.0;7143.9;0.1;2921.0;1;10
0;10;15.6;566.5;1484.0;7205.7;0.1;2921.0;0;10
0;11;11.3;759.0;2038.0;7078.9;0.1;2921.0;0;10
0;12;16.4;542.5;1800.0;7225.3;0.1;2921.0;0;10
0;13;7.1;1170.1;3322.0;7087.6;0.2;2921.0;0;10
0;14;14.8;590.2;1575.0;7112.6;0.1;2921.0;0;10
0;15;15.8;517.4;1338.0;6633.0;0.1;2921.0;0;10
0;16;12.6;672.9;1618.0;6981.7;0.1;2921.0;0;10
0;17;12.6;637.6;1627.0;6583.3;0.1;2921.0;0;10
0;18;10.6;861.2;2087.0;7533.6;0.1;2921.0;0;10
0;19;13.3;673.5;1693.0;7345.7;0.1;2921.0;0;10
0;20;11.4;712.5;2189.0;6695.6;0.1;2921.0;0;10
0;21;9.5;822.3;2250.0;6496.6;0.1;2921.0;0;10
0;22;9.6;837.8;2620.0;6679.1;0.1;2921.0;0;10
0;23;12.1;693.7;1885.0;6933.7;0.1;2921.0;0;10
0;24;12.6;660.9;1736.0;6845.1;0.1;2921.0;0;10
0;25;12.6;678.6;2114.0;7017.0;0.1;2921.0;0;10
0;26;15.2;525.7;1542.0;6494.9;0.1;2921.0;0;10
0;27;22.9;349.8;912.0;6423.1;0.1;2921.0;0;10
0;28;17.7;436.7;1201.0;6269.9;0.1;2921.0;0;10
0;29;11.6;718.5;1963.0;6880.0;0.1;2921.0;0;10
0;30;8.6;880.6;2626.0;6361.3;0.1;2921.0;0;10
0;31;10.7;768.2;1855.0;6782.6;0.1;2921.0;0;10
0;32;8.7;958.6;2376.0;6984.3;0.1;2921.0;0;10
0;33;10.9;771.6;1783.0;6971.6;0.1;2921.0;0;10
0;34;9.8;810.7;2234.0;6607.0;0.1;2921.0;0;10
0;35;7.6;1010.4;2693.0;6454.3;0.2;2921.0;0;10
0;36;10.0;794.3;2004.0;6599.1;0.1;2921.0;0;10
0;37;8.6;890.4;2211.0;6447.0;0.1;2921.0;0;10
0;38;7.7;949.4;2466.0;6151.4;0.2;2921.0;0;10
0;39;11.9;609.3;1788.0;5965.4;0.1;2921.0;0;10
0;40;9.1;756.8;1823.0;5753.3;0.1;2921.0;0;10
0;41;18.8;395.9;1250.0;6017.6;0.1;2921.0;0;10
0;42;10.3;676.2;1660.0;5785.0;0.1;2921.0;0;10
0;43;7.4;872.0;2122.0;5449.0;0.2;2921.0;0;10
0;44;17.8;409.7;1226.0;5897.3;0.1;2921.0;0;10
0;45;8.8;761.5;1973.0;5609.7;0.1;2921.0;0;10
0;46;11.7;600.8;1728.0;5781.7;0.1;2921.0;0;10
0;47;11.3;622.8;1585.0;5807.6;0.1;2921.0;0;10
0;48;7.8;867.7;2371.0;5736.3;0.2;2921.0;0;10
0;49;8.5;864.7;2303.0;6145.7;0.1;2921.0;0;10
0;50;7.8;886.8;2519.0;5813.9;0.2;2921.0;0;10
0;51;9.7;758.2;1732.0;6096.6;0.1;2921.0;0;10
0;52;9.6;794.1;1843.0;6346.4;0.1;2921.0;0;10
0;53;10.7;669.8;1902.0;5960.6;0.1;2921.0;0;10
0;54;6.7;1022.2;3039.0;5810.7;0.2;2921.0;0;10
0;55;8.2;851.0;2294.0;5843.3;0.1;2921.0;0;10
0;56;15.3;487.1;1196.0;6070.6;0.1;2921.0;0;10
0;57;11.7;586.5;1478.0;5660.7;0.1;2921.0;0;10
0;58;8.2;818.8;2242.0;5656.0;0.1;2921.0;0;10
0;59;8.3;808.9;2178.0;5668.6;0.1;2921.0;0;10
0;60;8.3;831.4;2012.0;5799.1;0.1;2921.0;0;10
0;61;8.7;785.3;1999.0;5700.6;0.1;2921.0;0;10
0;62;8.0;818.6;2124.0;5543.7;0.1;2921.0;0;10
0;63;9.1;786.1;2359.0;5972.9;0.1;2921.0;0;10
0;64;9.0;726.0;2125.0;5484.0;0.1;2921.0;0;10
0;65;10.0;688.5;2100.0;5745.4;0.1;2921.0;0;10
0;66;8.5;779.8;2444.0;5572.7;0.1;2921.0;0;10
0;67;7.8;844.2;2538.0;5534.1;0.2;2921.0;0;10
0;68;8.6;758.7;1970.0;5441.9;0.1;2921.0;0;10
0;69;8.3;783.8;2386.0;5468.9;0.1;2921.0;0;10
0;70;9.8;645.7;1767.0;5258.3;0.1;2921.0;0;10
0;71;12.2;523.4;1534.0;5245.4;0.1;2921.0;0;10
0;72;8.6;748.3;2221.0;5400.6;0.1;2921.0;0;10
0;73;10.5;637.6;2009.0;5564.1;0.1;2921.0;0;10
0;74;6.9;856.5;2258.0;5030.1;0.2;2921.0;0;10
0;75;22.7;306.1;875.0;5574.9;0.1;2921.0;0;10
0;76;8.1;742.5;1847.0;5057.7;0.1;2921.0;0;10
0;77;10.5;630.5;1802.0;5473.3;0.1;2921.0;0;10
0;78;13.6;515.9;1385.0;5736.7;0.1;2921.0;0;10
0;79;9.2;722.0;1961.0;5570.0;0.1;2921.0;0;10
0;80;6.1;999.1;2684.0;5201.3;0.2;2921.0;0;10
0;81;6.3;894.4;2428.0;4809.7;0.2;2921.0;0;10
0;82;6.0;1085.6;3438.0;5578.3;0.2;2921.0;0;10
0;83;11.7;541.9;1513.0;5225.9;0.1;2921.0;0;10
0;84;6.5;915.9;2285.0;5066.4;0.2;2921.0;0;10
0;85;6.9;885.3;2447.0;5179.0;0.2;2921.0;0;10
0;86;9.9;614.0;1718.0;5044.7;0.1;2921.0;0;10
0;87;12.9;490.5;1323.0;5175.9;0.1;2921.0;0;10
0;88;8.9;693.8;2094.0;5184.0;0.1;2921.0;0;10
0;89;8.8;704.7;2293.0;5205.9;0.1;2921.0;0;10
0;90;16.4;384.2;1107.0;5130.7;0.1;2921.0;0;10
0;91;5.6;915.6;2325.0;4409.7;0.2;2921.0;0;10
0;92;5.7;802.3;2318.0;3967.4;0.2;2921.0;0;10
0;93;7.0;839.2;2706.0;5009.6;0.2;2921.0;0;10
0;94;5.2;1076.8;3567.0;4883.6;0.2;2921.0;0;10
0;95;7.7;763.0;2514.0;4973.3;0.2;2921.0;0;10
0;96;11.3;521.6;1799.0;4853.3;0.1;2921.0;0;10
0;97;5.9;1023.0;3316.0;5221.6;0.2;2921.0;0;10
0;98;8.7;616.2;1870.0;4510.4;0.1;2921.0;0;10
0;99;10.4;551.2;1592.0;4751.6;0.1;2921.0;0;10
1;0;14.8;602.1;1489.0;7281.3;0.1;6068.0;1;1
1;1;12.9;697.5;2160.0;7370.1;0.1;5741.0;1;2
1;2;13.9;632.1;1881.0;7195.1;0.1;5438.0;1;3
1;3;14.2;599.9;1607.0;6958.4;0.1;5193.0;1;4
1;4;18.0;487.9;1484.0;7123.3;0.1;4959.0;1;5
1;5;17.1;534.8;1370.0;7413.7;0.1;4416.0;1;6
1;6;14.8;568.7;1669.0;6859.9;0.1;4148.0;1;7
1;7;21.4;433.2;1324.0;7447.4;0.1;3814.0;1;8
1;8;13.0;698.5;1840.0;7463.6;0.1;3335.0;1;9
1;9;20.7;429.7;1189.0;7163.4;0.1;3191.0;1;10
1;10;9.8;921.9;2374.0;7550.9;0.1;2949.0;1;11
1;11;11.6;729.4;2037.0;6993.4;0.1;2928.0;1;12
1;12;10.2;841.6;2346.0;7133.0;0.1;2928.0;0;12
1;13;16.5;520.6;1555.0;6963.3;0.1;2928.0;0;12
1;14;22.5;382.4;968.0;6902.3;0.1;2928.0;0;12
1;15;18.6;450.4;960.0;6770.7;0.1;2928.0;0;12
1;16;12.6;639.2;1520.0;6635.3;0.1;2928.0;0;12
1;17;16.7;501.1;1199.0;6797.3;0.1;2928.0;0;12
1;18;13.6;589.4;1633.0;6561.1;0.1;2928.0;0;12
1;19;13.8;598.6;1505.0;6749.1;0.1;2928.0;0;12
1;20;11.1;757.6;1988.0;6945.0;0.1;2928.0;0;12
1;21;15.7;536.1;1541.0;6867.3;0.1;2928.0;0;12
1;22;11.2;714.4;1790.0;6611.4;0.1;2928.0;0;12
1;23;11.5;691.9;1671.0;6556.6;0.1;2928.0;0;12
1;24;13.3;604.9;1442.0;6613.0;0.1;2928.0;0;12
1;25;11.3;744.2;1779.0;6933.7;0.1;2928.0;0;12
1;26;6.9;1161.6;2640.0;6820.1;0.2;2928.0;0;12
1;27;6.7;1219.0;2864.0;7001.6;0.2;2928.0;0;12
1;28;8.1;983.8;2749.0;6701.0;0.1;2928.0;0;12
1;29;6.8;1116.8;3266.0;6496.0;0.2;2928.0;0;12
1;30;7.7;1001.9;3135.0;6521.4;0.2;2928.0;0;12
1;31;6.0;1252.6;3542.0;6416.0;0.2;2928.0;0;12
1;32;7.3;1058.9;2852.0;6534.3;0.2;2928.0;0;12
1;33;8.9;812.8;2084.0;6069.1;0.1;2928.0;0;12
1;34;6.3;1188.7;3189.0;6420.6;0.2;2928.0;0;12
1;35;6.7;1088.7;2488.0;6194.6;0.2;2928.0;0;12
1;36;8.5;873.6;2232.0;6242.9;0.1;2928.0;0;12
1;37;13.4;579.6;1719.0;6353.1;0.1;2928.0;0;12
1;38;6.5;1051.8;2876.0;5803.0;0.2;2928.0;0;12
1;39;8.0;875.2;2379.0;5921.7;0.1;2928.0;0;12
1;40;15.8;482.1;1456.0;6178.3;0.1;2928.0;0;12
1;41;9.3;748.5;1895.0;5781.3;0.1;2928.0;0;12
1;42;14.4;513.9;1348.0;6044.9;0.1;2928.0;0;12
1;43;8.6;824.9;2023.0;5964.9;0.1;2928.0;0;12
1;44;4.7;1441.9;3716.0;5903.3;0.2;2928.0;0;12
1;45;9.1;742.3;2013.0;5641.0;0.1;2928.0;0;12
1;46;9.2;728.3;1913.0;5594.9;0.1;2928.0;0;12
1;47;11.3;597.2;1768.0;5572.7;0.1;2928.0;0;12
1;48;12.3;559.0;1604.0;5656.6;0.1;2928.0;0;12
1;49;9.4;672.2;1644.0;5258.1;0.1;2928.0;0;12
1;50;11.6;578.0;1566.0;5538.0;0.1;2928.0;0;12
1;51;8.2;806.5;2407.0;5571.1;0.1;2928.0;0;12
1;52;5.6;1259.5;3580.0;6093.0;0.2;2928.0;0;12
1;53;7.4;929.7;2395.0;5823.0;0.2;2928.0;0;12
1;54;7.6;882.4;2534.0;5695.0;0.2;2928.0;0;12
1;55;6.6;929.2;2435.0;5246.1;0.2;2928.0;0;12
1;56;8.5;777.4;2322.0;5564.7;0.1;2928.0;0;12
1;57;10.7;618.0;1458.0;5485.4;0.1;2928.0;0;12
1;58;8.6;746.7;2133.0;5366.4;0.1;2928.0;0;12
1;59;5.6;1012.9;2309.0;4892.1;0.2;2928.0;0;12
1;60;5.2;1088.6;2441.0;4930.1;0.2;2928.0;0;12
1;61;9.0;685.0;2029.0;5147.0;0.1;2928.0;0;12
1;62;7.4;791.2;2018.0;4944.0;0.2;2928.0;0;12
1;63;6.5;953.6;2721.0;5317.7;0.2;2928.0;0;12
1;64;10.3;609.1;1827.0;5200.0;0.1;2928.0;0;12
1;65;6.1;972.9;2679.0;5130.7;0.2;2928.0;0;12
1;66;6.3;927.8;2457.0;5021.4;0.2;2928.0;0;12
1;67;9.2;703.9;2326.0;5401.6;0.1;2928.0;0;12
1;68;8.2;719.3;2175.0;4988.9;0.1;2928.0;0;12
1;69;5.7;928.9;2250.0;4584.7;0.2;2928.0;0;12
1;70;6.2;901.0;2081.0;4757.7;0.2;2928.0;0;12
1;71;7.5;784.9;2363.0;4998.7;0.2;2928.0;0;12
1;72;6.3;956.4;2667.0;5173.7;0.2;2928.0;0;12
1;73;10.4;634.0;1814.0;5460.4;0.1;2928.0;0;12
1;74;6.6;1018.3;2968.0;5730.9;0.2;2928.0;0;12
1;75;9.0;678.9;1842.0;5106.9;0.1;2928.0;0;12
1;76;8.5;687.1;1864.0;4921.1;0.1;2928.0;0;12
1;77;9.9;626.0;1879.0;5172.9;0.1;2928.0;0;12
1;78;8.1;740.5;2157.0;5077.1;0.1;2928.0;0;12
1;79;9.7;608.8;1657.0;4931.9;0.1;2928.0;0;12
1;80;6.8;847.4;2175.0;4893.3;0.2;2928.0;0;12
1;81;6.9;871.9;2460.0;5105.0;0.2;2928.0;0;12
1;82;7.8;784.5;2287.0;5185.6;0.2;2928.0;0;12
1;83;22.1;315.5;905.0;5618.3;0.1;2928.0;0;12
1;84;7.1;833.7;2197.0;5001.0;0.2;2928.0;0;12
1;85;11.0;580.3;1729.0;5295.0;0.1;2928.0;0;12
1;86;15.0;408.0;1291.0;4988.1;0.1;2928.0;0;12
1;87;17.5;348.0;1124.0;4939.9;0.1;2928.0;0;12
1;88;10.8;590.7;1948.0;5275.3;0.1;2928.0;0;12
1;89;7.7;792.1;2795.0;5120.3;0.2;2928.0;0;12
1;90;13.7;434.9;1286.0;4878.4;0.1;2928.0;0;12
1;91;20.8;298.2;918.0;5004.0;0.1;2928.0;0;12
1;92;11.5;503.8;1735.0;4769.9;0.1;2928.0;0;12
1;93;6.4;942.8;3099.0;5164.7;0.2;2928.0;0;12
1;94;15.2;417.1;1494.0;5150.3;0.1;2928.0;0;12
1;95;12.8;472.0;1626.0;4976.3;0.1;2928.0;0;12
1;96;8.1;690.3;2351.0;4684.1;0.1;2928.0;0;12
1;97;6.4;937.5;2927.0;5144.4;0.2;2928.0;0;12
1;98;8.0;700.9;2014.0;4734.7;0.1;2928.0;0;12
1;99;8.5;623.7;1933.0;4452.7;0.1;2928.0;0;12
2;0;14.7;609.4;1595.0;7312.3;0.1;6159.0;1;1
2;1;14.7;584.7;1575.0;7015.1;0.1;5431.0;1;2
2;2;13.4;650.1;1702.0;7110.6;0.1;5109.0;1;3
2;3;12.3;719.6;2176.0;7305.6;0.1;4702.0;1;4
2;4;18.2;479.7;1278.0;7081.7;0.1;4374.0;1;5
2;5;13.3;649.2;1813.0;7053.1;0.1;4019.0;1;6
2;6;13.4;636.8;1659.0;6975.0;0.1;3551.0;1;7
2;7;11.4;780.9;2148.0;7369.1;0.1;3319.0;1;8
2;8;18.4;470.4;1571.0;6998.0;0.1;3142.0;1;9
2;9;15.2;557.4;1439.0;6912.0;0.1;2983.0;1;10
2;10;23.0;395.4;998.0;7299.0;0.1;2952.0;1;11
2;11;12.3;671.8;1699.0;6813.3;0.1;2937.0;1;12
2;12;17.1;478.1;1521.0;6643.4;0.1;2937.0;0;12
2;13;12.5;663.6;1935.0;6834.7;0.1;2937.0;0;12
2;14;11.4;706.0;1789.0;6635.3;0.1;2937.0;0;12
2;15;10.9;717.4;2169.0;6460.1;0.1;2937.0;0;12
2;16;10.9;777.4;2019.0;7007.6;0.1;2937.0;0;12
2;17;10.8;753.6;1900.0;6730.4;0.1;2937.0;0;12
2;18;9.8;861.8;2177.0;7011.4;0.1;2937.0;0;12
2;19;10.8;754.0;2234.0;6721.0;0.1;2937.0;0;12
2;20;11.3;713.3;1967.0;6640.0;0.1;2937.0;0;12
2;21;10.8;759.9;2160.0;6775.0;0.1;2937.0;0;12
2;22;9.7;829.7;2009.0;6693.0;0.1;2937.0;0;12
2;23;12.6;657.1;1519.0;6820.6;0.1;2937.0;0;12
2;24;9.7;856.5;2028.0;6948.1;0.1;2937.0;0;12
2;25;13.7;596.7;1609.0;6669.7;0.1;2937.0;0;12
2;26;9.3;886.4;2344.0;6909.9;0.1;2937.0;0;12
2;27;9.3;885.7;2379.0;6868.4;0.1;2937.0;0;12
2;28;9.2;871.4;2302.0;6678.1;0.1;2937.0;0;12
2;29;14.3;582.6;1666.0;6783.6;0.1;2937.0;0;12
2;30;16.0;527.5;1454.0;6871.4;0.1;2937.0;0;12
2;31;8.0;1024.3;2499.0;6913.6;0.1;2937.0;0;12
2;32;7.4;1069.2;2743.0;6726.3;0.2;2937.0;0;12
2;33;12.3;678.5;1726.0;6851.9;0.1;2937.0;0;12
2;34;7.9;999.5;2308.0;6623.9;0.2;2937.0;0;12
2;35;11.7;725.6;2045.0;6978.4;0.1;2937.0;0;12
2;36;8.3;963.6;2535.0;6697.1;0.1;2937.0;0;12
2;37;8.2;989.8;2565.0;6819.9;0.1;2937.0;0;12
2;38;6.7;1164.6;2677.0;6683.4;0.2;2937.0;0;12
2;39;6.3;1110.8;2479.0;6000.3;0.2;2937.0;0;12
2;40;6.3;1177.7;3058.0;6380.4;0.2;2937.0;0;12
2;41;9.1;836.9;2112.0;6350.4;0.1;2937.0;0;12
2;42;7.9;922.2;2227.0;6147.9;0.2;2937.0;0;12
2;43;6.3;1143.3;2939.0;6178.9;0.2;2937.0;0;12
2;44;6.0;1129.8;2752.0;5831.7;0.2;2937.0;0;12
2;45;9.9;767.2;1779.0;6291.7;0.1;2937.0;0;12
2;46;10.4;668.6;1875.0;5775.0;0.1;2937.0;0;12
2;47;7.7;990.5;2481.0;6436.7;0.2;2937.0;0;12
2;48;9.0;853.3;2140.0;6399.1;0.1;2937.0;0;12
2;49;6.7;1071.0;2662.0;6146.6;0.2;2937.0;0;12
2;50;6.6;1018.5;2401.0;5718.3;0.2;2937.0;0;12
2;51;7.7;924.4;2327.0;5989.4;0.2;2937.0;0;12
2;52;5.7;1167.5;2875.0;5770.6;0.2;2937.0;0;12
2;53;6.8;999.1;2478.0;5782.9;0.2;2937.0;0;12
2;54;9.7;770.6;1848.0;6211.0;0.1;2937.0;0;12
2;55;12.6;617.0;1527.0;6378.7;0.1;2937.0;0;12
2;56;5.8;1172.3;2802.0;5841.1;0.2;2937.0;0;12
2;57;7.7;916.3;2483.0;5944.1;0.2;2937.0;0;12
2;58;8.0;882.3;2231.0;5942.6;0.1;2937.0;0;12
2;59;7.7;875.2;2288.0;5719.7;0.2;2937.0;0;12
2;60;6.6;1023.4;2753.0;5736.4;0.2;2937.0;0;12
2;61;7.7;915.1;2311.0;5981.6;0.2;2937.0;0;12
2;62;6.6;966.2;2474.0;5433.1;0.2;2937.0;0;12
2;63;5.7;1146.7;2978.0;5620.6;0.2;2937.0;0;12
2;64;4.9;1227.2;3596.0;5246.4;0.2;2937.0;0;12
2;65;6.2;951.5;2623.0;5075.9;0.2;2937.0;0;12
2;66;9.8;684.1;1773.0;5573.6;0.1;2937.0;0;12
2;67;6.1;982.4;2747.0;5111.1;0.2;2937.0;0;12
2;68;9.2;606.2;1910.0;4643.4;0.1;2937.0;0;12
2;69;5.0;1230.6;3231.0;5381.6;0.2;2937.0;0;12
2;70;8.6;728.7;2183.0;5251.6;0.1;2937.0;0;12
2;71;6.5;1004.4;2852.0;5579.4;0.2;2937.0;0;12
2;72;6.4;1009.0;3350.0;5490.3;0.2;2937.0;0;12
2;73;6.4;1021.2;2606.0;5553.6;0.2;2937.0;0;12
2;74;5.0;1255.2;3783.0;5470.4;0.2;2937.0;0;12
2;75;5.0;1342.6;3814.0;5876.1;0.2;2937.0;0;12
2;76;5.7;1173.4;3333.0;5777.9;0.2;2937.0;0;12
2;77;7.2;946.7;2790.0;5785.7;0.2;2937.0;0;12
2;78;4.8;1225.2;3160.0;5187.1;0.2;2937.0;0;12
2;79;4.9;1355.4;3514.0;5852.4;0.2;2937.0;0;12
2;80;12.4;439.5;1308.0;4463.9;0.1;2937.0;0;12
2;81;21.4;262.9;582.0;4533.3;0.1;2937.0;0;12
2;82;4.2;1514.0;3839.0;5598.1;0.3;2937.0;0;12
2;83;5.5;1153.2;3041.0;5463.0;0.2;2937.0;0;12
2;84;8.0;813.1;2387.0;5487.3;0.1;2937.0;0;12
2;85;9.3;708.3;1981.0;5517.4;0.1;2937.0;0;12
2;86;5.7;1050.6;3141.0;5151.4;0.2;2937.0;0;12
2;87;13.1;495.5;1423.0;5306.9;0.1;2937.0;0;12
2;88;13.2;479.5;1372.0;5205.3;0.1;2937.0;0;12
2;89;16.8;376.7;1339.0;5126.0;0.1;2937.0;0;12
2;90;23.9;267.1;975.0;5125.3;0.1;2937.0;0;12
2;91;13.8;425.9;1248.0;4820.6;0.1;2937.0;0;12
2;92;13.4;433.5;1285.0;4773.0;0.1;2937.0;0;12
2;93;5.8;1161.1;3593.0;5827.6;0.2;2937.0;0;12
2;94;6.9;932.7;3059.0;5501.4;0.2;2937.0;0;12
2;95;12.4;524.7;1771.0;5361.6;0.1;2937.0;0;12
2;96;6.6;963.3;3032.0;5407.3;0.2;2937.0;0;12
2;97;8.1;757.3;2447.0;5137.7;0.1;2937.0;0;12
2;98;5.0;1263.2;3960.0;5558.1;0.2;2937.0;0;12
2;99;4.0;1415.3;4532.0;5078.1;0.3;2937.0;0;12
3;0;12.6;711.2;1989.0;7353.1;0.1;5784.0;1;1
3;1;16.5;530.6;1442.0;7127.4;0.1;5502.0;1;2
3;2;14.0;608.8;1513.0;6948.1;0.1;5301.0;1;3
3;3;16.3;519.5;1262.0;6889.9;0.1;5202.0;1;4
3;4;18.3;487.8;1381.0;7215.0;0.1;4820.0;1;5
3;5;15.2;576.1;1641.0;7115.7;0.1;4630.0;1;6
3;6;21.0;429.3;1179.0;7272.1;0.1;4337.0;1;7
3;7;21.7;404.1;1173.0;7070.3;0.1;4140.0;1;8
3;8;19.4;452.9;1233.0;7079.3;0.1;3645.0;1;9
3;9;9.9;859.4;2574.0;7088.7;0.1;3417.0;1;10
3;10;17.4;497.5;1354.0;7018.3;0.1;3243.0;1;11
3;11;12.1;702.5;1912.0;7001.4;0.1;3067.0;1;12
3;12;21.7;396.8;1134.0;6918.9;0.1;2934.0;1;13
3;13;12.7;644.2;1636.0;6701.4;0.1;2931.0;1;14
3;14;8.2;1010.5;2763.0;6951.7;0.1;2931.0;0;14
3;15;10.4;821.2;1951.0;7084.4;0.1;2931.0;0;14
3;16;9.0;915.2;2242.0;6922.3;0.1;2931.0;0;14
3;17;11.2;722.9;1777.0;6691.3;0.1;2931.0;0;14
3;18;7.4;1129.9;2554.0;7093.4;0.2;2931.0;0;14
3;19;8.0;1047.7;2538.0;7045.0;0.1;2931.0;0;14
3;20;8.2;1033.0;2736.0;7090.3;0.1;2931.0;0;14
3;21;10.4;803.6;2073.0;6931.1;0.1;2931.0;0;14
3;22;7.4;1147.4;2921.0;7178.7;0.2;2931.0;0;14
3;23;8.7;1010.6;2306.0;7356.3;0.1;2931.0;0;14
3;24;9.0;953.8;2245.0;7200.4;0.1;2931.0;0;14
3;25;7.8;1081.7;2479.0;7112.0;0.2;2931.0;0;14
3;26;6.6;1283.6;2991.0;7255.1;0.2;2931.0;0;14
3;27;8.3;1032.6;2641.0;7241.3;0.1;2931.0;0;14
3;28;6.0;1194.8;3314.0;6208.0;0.2;2931.0;0;14
3;29;9.0;900.6;2052.0;6745.4;0.1;2931.0;0;14
3;30;6.5;1227.6;3101.0;6861.1;0.2;2931.0;0;14
3;31;7.0;1124.0;3139.0;6667.9;0.2;2931.0;0;14
3;32;9.7;863.3;2466.0;7000.1;0.1;2931.0;0;14
3;33;7.4;1041.8;2440.0;6498.6;0.2;2931.0;0;14
3;34;7.1;1063.8;2630.0;6392.7;0.2;2931.0;0;14
3;35;8.1;977.2;3036.0;6640.6;0.1;2931.0;0;14
3;36;9.7;851.1;2133.0;6876.9;0.1;2931.0;0;14
3;37;13.8;591.0;1505.0;6676.3;0.1;2931.0;0;14
3;38;7.1;1044.4;2651.0;6308.1;0.2;2931.0;0;14
3;39;5.7;1216.3;3164.0;6009.9;0.2;2931.0;0;14
3;40;4.7;1368.4;3507.0;5648.7;0.2;2931.0;0;14
3;41;7.5;959.6;2176.0;6053.1;0.2;2931.0;0;14
3;42;6.2;1089.9;2746.0;5823.0;0.2;2931.0;0;14
3;43;4.8;1373.4;3506.0;5757.0;0.2;2931.0;0;14
3;44;7.6;934.5;2391.0;6022.6;0.2;2931.0;0;14
3;45;5.3;1295.6;3290.0;6013.1;0.2;2931.0;0;14
3;46;10.2;715.9;1898.0;6064.6;0.1;2931.0;0;14
3;47;7.1;964.4;2202.0;5840.9;0.2;2931.0;0;14
3;48;11.1;637.1;1871.0;5866.6;0.1;2931.0;0;14
3;49;7.5;896.0;2166.0;5719.9;0.2;2931.0;0;14
3;50;6.0;1060.2;2561.0;5501.1;0.2;2931.0;0;14
3;51;9.5;676.5;1849.0;5352.9;0.1;2931.0;0;14
3;52;15.8;380.9;1092.0;4883.7;0.1;2931.0;0;14
3;53;8.4;809.3;2397.0;5678.4;0.1;2931.0;0;14
3;54;10.8;590.6;1685.0;5264.3;0.1;2931.0;0;14
3;55;9.1;686.6;1841.0;5205.4;0.1;2931.0;0;14
3;56;15.3;424.8;1228.0;5306.3;0.1;2931.0;0;14
3;57;14.8;440.5;1175.0;5329.7;0.1;2931.0;0;14
3;58;10.9;567.3;1639.0;5130.4;0.1;2931.0;0;14
3;59;14.1;452.1;1354.0;5215.4;0.1;2931.0;0;14
3;60;10.9;561.4;1474.0;5081.0;0.1;2931.0;0;14
3;61;12.9;473.4;1098.0;5017.7;0.1;2931.0;0;14
3;62;14.6;437.9;1330.0;5210.0;0.1;2931.0;0;14
3;63;10.7;565.4;1511.0;4998.3;0.1;2931.0;0;14
3;64;16.5;383.5;1034.0;5152.1;0.1;2931.0;0;14
3;65;11.7;493.0;1590.0;4769.0;0.1;2931.0;0;14
3;66;14.6;369.4;1126.0;4406.7;0.1;2931.0;0;14
3;67;18.7;297.2;826.0;4498.4;0.1;2931.0;0;14
3;68;6.6;889.1;2695.0;4994.3;0.2;2931.0;0;14
3;69;7.8;818.2;2207.0;5375.4;0.2;2931.0;0;14
3;70;7.4;855.4;2179.0;5384.6;0.2;2931.0;0;14
3;71;8.1;744.8;2002.0;5061.4;0.1;2931.0;0;14
3;72;7.5;868.8;2430.0;5535.9;0.2;2931.0;0;14
3;73;8.6;749.4;2065.0;5416.1;0.1;2931.0;0;14
3;74;6.5;991.4;3004.0;5539.0;0.2;2931.0;0;14
3;75;9.4;705.5;1805.0;5557.1;0.1;2931.0;0;14
3;76;6.3;956.0;2471.0;5152.9;0.2;2931.0;0;14
3;77;7.7;867.0;2496.0;5625.9;0.2;2931.0;0;14
3;78;11.6;589.9;1482.0;5661.9;0.1;2931.0;0;14
3;79;16.3;381.7;1007.0;5055.3;0.1;2931.0;0;14
3;80;11.9;513.0;1669.0;5042.7;0.1;2931.0;0;14
3;81;19.2;329.9;872.0;5108.9;0.1;2931.0;0;14
3;82;13.9;431.8;1060.0;4899.6;0.1;2931.0;0;14
3;83;26.5;236.4;804.0;5008.1;0.0;2931.0;0;14
3;84;40.6;158.8;478.0;5118.4;0.0;2931.0;0;14
3;85;40.5;157.7;509.0;5069.3;0.0;2931.0;0;14
3;86;5.3;1173.9;3533.0;5393.4;0.2;2931.0;0;14
3;87;9.7;738.0;2286.0;5939.6;0.1;2931.0;0;14
3;88;8.9;751.9;2022.0;5616.6;0.1;2931.0;0;14
3;89;8.0;816.3;2402.0;5500.7;0.1;2931.0;0;14
3;90;8.8;730.2;2119.0;5374.1;0.1;2931.0;0;14
3;91;11.8;583.1;1846.0;5656.9;0.1;2931.0;0;14
3;92;14.2;476.5;1628.0;5510.1;0.1;2931.0;0;14
3;93;9.0;721.3;2080.0;5412.3;0.1;2931.0;0;14
3;94;7.4;842.1;2802.0;5280.0;0.2;2931.0;0;14
3;95;9.4;721.1;2352.0;5679.4;0.1;2931.0;0;14
3;96;7.9;776.3;2442.0;5196.1;0.1;2931.0;0;14
3;97;23.9;248.7;791.0;4773.6;0.1;2931.0;0;14
3;98;8.4;808.4;2761.0;5695.4;0.1;2931.0;0;14
3;99;6.5;886.1;2722.0;4902.1;0.2;2931.0;0;14
4;0;16.1;527.8;1605.0;6913.6;0.1;5716.0;1;1
4;1;14.7;577.7;1768.0;6935.9;0.1;5303.0;1;2
4;2;17.1;508.0;1386.0;7043.9;0.1;5054.0;1;3
4;3;13.3;630.5;1687.0;6875.0;0.1;4894.0;1;4
4;4;18.2;478.3;1297.0;7032.0;0.1;4550.0;1;5
4;5;17.2;507.4;1446.0;7074.9;0.1;4106.0;1;6
4;6;17.1;484.6;1356.0;6732.7;0.1;3908.0;1;7
4;7;11.5;760.3;2253.0;7233.9;0.1;3793.0;1;8
4;8;18.6;461.0;1263.0;6928.3;0.1;3509.0;1;9
4;9;16.7;517.1;1689.0;7000.7;0.1;3297.0;1;10
4;10;12.7;644.2;1649.0;6712.4;0.1;3048.0;1;11
4;11;14.3;634.3;1674.0;7385.6;0.1;2946.0;1;12
4;12;16.0;540.6;1609.0;7014.9;0.1;2943.0;1;13
4;13;16.3;514.2;1327.0;6791.7;0.1;2943.0;0;13
4;14;16.3;501.7;1354.0;6663.7;0.1;2943.0;0;13
4;15;17.0;476.2;1310.0;6566.9;0.1;2943.0;0;13
4;16;9.8;824.0;2273.0;6707.3;0.1;2943.0;0;13
4;17;11.0;726.7;1619.0;6627.9;0.1;2943.0;0;13
4;18;11.4;709.0;1532.0;6678.7;0.1;2943.0;0;13
4;19;13.2;622.4;1687.0;6727.9;0.1;2943.0;0;13
4;20;12.8;644.2;1768.0;6747.0;0.1;2943.0;0;13
4;21;13.5;617.5;1612.0;6840.3;0.1;2943.0;0;13
4;22;16.3;510.0;1272.0;6761.1;0.1;2943.0;0;13
4;23;9.8;828.9;2279.0;6764.1;0.1;2943.0;0;13
4;24;16.2;494.7;1351.0;6509.3;0.1;2943.0;0;13
4;25;9.6;828.2;2189.0;6628.4;0.1;2943.0;0;13
4;26;11.4;694.9;1658.0;6545.0;0.1;2943.0;0;13
4;27;12.4;636.3;1531.0;6481.3;0.1;2943.0;0;13
4;28;10.5;750.3;2201.0;6521.9;0.1;2943.0;0;13
4;29;9.1;835.2;2571.0;6350.9;0.1;2943.0;0;13
4;30;8.8;869.6;2096.0;6408.0;0.1;2943.0;0;13
4;31;6.7;1064.3;2952.0;6056.1;0.2;2943.0;0;13
4;32;13.1;596.8;1562.0;6387.6;0.1;2943.0;0;13
4;33;5.6;1312.0;3260.0;6392.7;0.2;2943.0;0;13
4;34;6.3;1134.3;3005.0;6154.7;0.2;2943.0;0;13
4;35;9.9;785.6;1892.0;6464.1;0.1;2943.0;0;13
4;36;9.8;795.7;2329.0;6468.6;0.1;2943.0;0;13
4;37;6.1;1048.0;2505.0;5497.9;0.2;2943.0;0;13
4;38;6.4;1081.1;2655.0;5890.6;0.2;2943.0;0;13
4;39;4.6;1312.4;3192.0;5315.1;0.2;2943.0;0;13
4;40;6.9;1005.2;2862.0;5927.7;0.2;2943.0;0;13
4;41;16.4;491.2;1237.0;6555.0;0.1;2943.0;0;13
4;42;7.1;969.1;2414.0;5849.3;0.2;2941.0;1;14
4;43;14.4;530.7;1218.0;6235.9;0.1;2938.0;1;15
4;44;8.2;881.0;2608.0;6074.3;0.1;2938.0;0;15
4;45;7.8;919.7;2624.0;6072.6;0.2;2938.0;0;15
4;46;5.2;1280.6;3375.0;5802.7;0.2;2938.0;0;15
4;47;6.4;1074.7;2647.0;5896.1;0.2;2938.0;0;15
4;48;10.8;660.9;1694.0;5903.4;0.1;2938.0;0;15
4;49;10.7;704.6;1710.0;6244.9;0.1;2938.0;0;15
4;50;9.7;746.6;2057.0;6016.4;0.1;2938.0;0;15
4;51;7.3;1013.0;3059.0;6298.4;0.2;2938.0;0;15
4;52;6.4;1079.0;2921.0;5941.9;0.2;2938.0;0;15
4;53;7.7;902.8;2654.0;5894.9;0.2;2938.0;0;15
4;54;10.2;674.2;1902.0;5701.1;0.1;2938.0;0;15
4;55;8.3;832.3;2075.0;5808.9;0.1;2938.0;0;15
4;56;8.2;851.7;2178.0;5862.4;0.1;2938.0;0;15
4;57;10.5;711.5;1951.0;6216.9;0.1;2938.0;0;15
4;58;7.6;885.1;2230.0;5714.3;0.2;2938.0;0;15
4;59;7.5;889.2;2176.0;5635.7;0.2;2938.0;0;15
4;60;17.2;441.1;1149.0;6143.6;0.1;2938.0;0;15
4;61;7.4;960.4;2872.0;6043.9;0.2;2938.0;0;15
4;62;6.2;1074.9;2518.0;5683.9;0.2;2938.0;0;15
4;63;7.8;891.0;2602.0;5872.0;0.2;2938.0;0;15
4;64;13.4;511.1;1459.0;5622.4;0.1;2938.0;0;15
4;65;10.7;638.0;1590.0;5630.3;0.1;2938.0;0;15
4;66;12.3;572.4;1689.0;5801.1;0.1;2938.0;0;15
4;67;5.9;1094.2;2973.0;5575.6;0.2;2938.0;0;15
4;68;4.3;1326.8;3367.0;5058.0;0.3;2938.0;0;15
4;69;5.6;1040.5;2626.0;5049.1;0.2;2938.0;0;15
4;70;7.3;889.9;2766.0;5474.7;0.2;2938.0;0;15
4;71;8.6;756.8;2369.0;5462.1;0.1;2938.0;0;15
4;72;6.3;959.9;2509.0;5173.4;0.2;2938.0;0;15
4;73;8.0;812.5;2350.0;5464.7;0.1;2938.0;0;15
4;74;8.1;867.9;2569.0;5886.0;0.1;2938.0;0;15
4;75;5.7;1071.5;3054.0;5269.9;0.2;2938.0;0;15
4;76;8.5;835.7;2240.0;5937.0;0.1;2938.0;0;15
4;77;4.7;1284.0;3337.0;5269.6;0.2;2938.0;0;15
4;78;10.2;672.3;1896.0;5720.1;0.1;2938.0;0;15
4;79;19.3;382.0;883.0;5944.1;0.1;2938.0;0;15
4;80;6.3;1118.8;3450.0;6005.4;0.2;2938.0;0;15
4;81;6.6;964.2;2397.0;5452.9;0.2;2938.0;0;15
4;82;7.2;961.6;2871.0;5898.0;0.2;2938.0;0;15
4;83;6.9;971.1;2758.0;5726.4;0.2;2938.0;0;15
4;84;5.8;1141.1;3384.0;5677.3;0.2;2938.0;0;15
4;85;9.6;699.8;1863.0;5572.9;0.1;2938.0;0;15
4;86;8.4;817.8;2590.0;5798.7;0.1;2938.0;0;15
4;87;7.7;811.8;2824.0;5258.1;0.2;2938.0;0;15
4;88;6.3;911.0;2967.0;4892.7;0.2;2938.0;0;15
4;89;7.4;800.4;2839.0;5024.6;0.2;2938.0;0;15
4;90;7.1;858.4;2604.0;5149.0;0.2;2938.0;0;15
4;91;12.6;512.6;1593.0;5294.1;0.1;2938.0;0;15
4;92;10.6;564.7;1744.0;4940.3;0.1;2938.0;0;15
4;93;6.6;840.8;2710.0;4725.4;0.2;2938.0;0;15
4;94;5.0;1180.1;3949.0;5166.3;0.2;2938.0;0;15
4;95;7.5;846.7;3042.0;5392.9;0.2;2938.0;0;15
4;96;9.5;645.5;2398.0;5124.9;0.1;2938.0;0;15
4;97;10.8;590.3;2095.0;5287.9;0.1;2938.0;0;15
4;98;11.1;572.5;1990.0;5261.0;0.1;2938.0;0;15
4;99;6.6;877.5;2744.0;4967.3;0.2;2938.0;0;15
5;0;14.7;582.9;1482.0;6978.3;0.1;5772.0;1;1
5;1;16.2;531.9;1328.0;7001.7;0.1;5521.0;1;2
5;2;21.4;416.3;1206.0;7155.7;0.1;5362.0;1;3
5;3;17.7;492.0;1504.0;7052.0;0.1;5102.0;1;4
5;4;13.7;630.2;1612.0;7064.7;0.1;4795.0;1;5
5;5;10.4;830.1;2626.0;7154.3;0.1;4035.0;1;6
5;6;13.5;665.2;1986.0;7351.0;0.1;3633.0;1;7
5;7;12.5;703.8;1871.0;7255.6;0.1;3463.0;1;8
5;8;16.0;532.4;1540.0;6909.3;0.1;3303.0;1;9
5;9;20.2;434.0;1183.0;7082.7;0.1;3179.0;1;10
5;10;19.1;456.4;1388.0;7056.7;0.1;2984.0;1;11
5;11;15.8;581.0;1558.0;7466.3;0.1;2978.0;1;12
5;12;14.8;603.4;1659.0;7285.0;0.1;2978.0;0;12
5;13;12.3;718.5;2053.0;7256.9;0.1;2978.0;0;12
5;14;13.1;657.2;1741.0;7047.0;0.1;2978.0;0;12
5;15;15.1;565.9;1358.0;6946.1;0.1;2978.0;0;12
5;16;11.8;720.2;1827.0;6986.6;0.1;2978.0;0;12
5;17;14.0;590.6;1707.0;6750.6;0.1;2978.0;0;12
5;18;13.8;585.1;1538.0;6584.9;0.1;2978.0;0;12
5;19;17.0;483.1;1413.0;6645.4;0.1;2978.0;0;12
5;20;13.2;648.4;1526.0;6997.1;0.1;2978.0;0;12
5;21;14.1;582.6;1506.0;6717.1;0.1;2978.0;0;12
5;22;14.2;573.8;1693.0;6664.6;0.1;2978.0;0;12
5;23;13.9;558.9;1561.0;6365.1;0.1;2978.0;0;12
5;24;11.2;716.1;1891.0;6634.0;0.1;2965.0;1;13
5;25;11.5;663.6;1615.0;6292.9;0.1;2927.0;1;14
5;26;8.1;986.8;2658.0;6723.6;0.1;2917.0;1;15
5;27;7.7;1064.6;2610.0;6951.7;0.2;2916.0;1;16
5;28;7.6;1088.5;2593.0;6994.7;0.2;2916.0;0;16
5;29;8.1;1008.5;2839.0;6878.0;0.1;2916.0;0;16
5;30;5.4;1456.9;3790.0;6810.0;0.2;2916.0;0;16
5;31;6.6;1228.4;3413.0;6892.0;0.2;2916.0;0;16
5;32;6.5;1267.1;3181.0;7035.3;0.2;2916.0;0;16
5;33;4.9;1473.1;3586.0;6284.7;0.2;2916.0;0;16
5;34;8.4;1000.9;2612.0;7042.4;0.1;2916.0;0;16
5;35;5.8;1325.8;3362.0;6661.4;0.2;2916.0;0;16
5;36;4.8;1446.1;3457.0;6051.7;0.2;2916.0;0;16
5;37;11.0;689.0;2011.0;6258.3;0.1;2916.0;0;16
5;38;6.5;1118.0;3131.0;6246.6;0.2;2916.0;0;16
5;39;15.6;495.5;1296.0;6305.1;0.1;2916.0;0;16
5;40;15.0;503.7;1447.0;6160.1;0.1;2916.0;0;16
5;41;9.1;833.7;2168.0;6363.9;0.1;2916.0;0;16
5;42;5.6;1302.5;2889.0;6266.6;0.2;2916.0;0;16
5;43;6.8;1096.2;2697.0;6339.0;0.2;2916.0;0;16
5;44;6.0;1236.9;3484.0;6360.3;0.2;2916.0;0;16
5;45;10.7;653.5;1804.0;5806.0;0.1;2916.0;0;16
5;46;15.0;478.8;1349.0;5848.9;0.1;2916.0;0;16
5;47;10.6;666.1;1438.0;5832.4;0.1;2916.0;0;16
5;48;5.6;1142.8;2747.0;5505.1;0.2;2916.0;0;16
5;49;11.0;684.2;1688.0;6201.0;0.1;2916.0;0;16
5;50;9.5;762.6;2317.0;6015.4;0.1;2916.0;0;16
5;51;6.3;1066.6;3033.0;5759.9;0.2;2916.0;0;16
5;52;5.8;1123.3;2957.0;5614.9;0.2;2916.0;0;16
5;53;7.7;880.1;2617.0;5731.0;0.2;2916.0;0;16
5;54;6.5;1011.5;2631.0;5646.9;0.2;2916.0;0;16
5;55;7.7;877.5;2456.0;5692.3;0.2;2916.0;0;16
5;56;8.7;770.3;1900.0;5598.4;0.1;2916.0;0;16
5;57;6.3;1045.3;2651.0;5631.3;0.2;2916.0;0;16
5;58;5.7;1171.5;2911.0;5749.6;0.2;2916.0;0;16
5;59;9.3;759.8;2042.0;5877.4;0.1;2916.0;0;16
5;60;6.5;972.0;2533.0;5425.6;0.2;2916.0;0;16
5;61;9.0;715.0;2046.0;5407.6;0.1;2916.0;0;16
5;62;9.0;705.5;1966.0;5302.7;0.1;2916.0;0;16
5;63;10.3;611.9;1616.0;5246.1;0.1;2916.0;0;16
5;64;9.8;630.8;1892.0;5125.7;0.1;2916.0;0;16
5;65;11.0;564.8;1407.0;5156.6;0.1;2916.0;0;16
5;66;12.1;506.6;1188.0;5026.4;0.1;2916.0;0;16
5;67;8.7;675.8;1769.0;4952.6;0.1;2916.0;0;16
5;68;6.1;973.1;2369.0;5120.1;0.2;2916.0;0;16
5;69;6.1;971.4;2314.0;5053.6;0.2;2916.0;0;16
5;70;7.6;914.2;2567.0;5861.4;0.2;2916.0;0;16
5;71;11.3;622.6;1694.0;5789.4;0.1;2916.0;0;16
5;72;6.4;998.4;2760.0;5452.9;0.2;2916.0;0;16
5;73;11.7;523.5;1465.0;5068.7;0.1;2916.0;0;16
5;74;11.2;558.6;1379.0;5150.9;0.1;2916.0;0;16
5;75;9.6;632.1;1697.0;5079.0;0.1;2916.0;0;16
5;76;7.6;756.9;2200.0;4856.0;0.2;2916.0;0;16
5;77;8.7;674.2;1800.0;4893.6;0.1;2916.0;0;16
5;78;8.2;753.0;1830.0;5171.4;0.1;2916.0;0;16
5;79;9.0;659.5;1570.0;4942.1;0.1;2916.0;0;16
5;80;8.3;762.7;2064.0;5342.9;0.1;2916.0;0;16
5;81;9.7;681.8;1688.0;5516.3;0.1;2916.0;0;16
5;82;5.2;1165.7;3187.0;5301.1;0.2;2916.0;0;16
5;83;5.2;1202.4;3421.0;5484.9;0.2;2916.0;0;16
5;84;4.9;1037.0;3019.0;4467.0;0.2;2916.0;0;16
5;85;5.4;994.6;3012.0;4684.1;0.2;2916.0;0;16
5;86;6.2;947.3;3033.0;5062.4;0.2;2916.0;0;16
5;87;9.3;694.2;2574.0;5393.9;0.1;2916.0;0;16
5;88;5.2;1103.1;3326.0;5012.0;0.2;2916.0;0;16
5;89;10.7;645.8;2063.0;5703.4;0.1;2916.0;0;16
5;90;5.0;1165.6;3197.0;5126.4;0.2;2916.0;0;16
5;91;6.0;1011.6;3190.0;5251.0;0.2;2916.0;0;16
5;92;6.4;995.3;3324.0;5462.9;0.2;2916.0;0;16
5;93;9.4;794.9;2629.0;6240.1;0.1;2916.0;0;16
5;94;6.7;969.5;3140.0;5565.1;0.2;2916.0;0;16
5;95;6.2;1072.0;3697.0;5686.4;0.2;2916.0;0;16
5;96;8.9;838.7;2317.0;6256.4;0.1;2916.0;0;16
5;97;5.8;1116.7;3792.0;5628.4;0.2;2916.0;0;16
5;98;10.0;631.8;2179.0;5275.0;0.1;2916.0;0;16
5;99;14.3;488.4;1536.0;5701.3;0.1;2916.0;0;16
6;0;14.3;619.1;1520.0;7228.1;0.1;5444.0;1;1
6;1;14.5;634.1;1861.0;7495.0;0.1;5101.0;1;2
6;2;14.6;583.7;1655.0;6959.7;0.1;4816.0;1;3
6;3;16.3;534.0;1438.0;7063.9;0.1;4427.0;1;4
6;4;17.4;499.6;1256.0;7036.9;0.1;4268.0;1;5
6;5;15.9;546.5;1519.0;7063.7;0.1;3776.0;1;6
6;6;20.4;420.1;1186.0;6921.0;0.1;3514.0;1;7
6;7;15.9;559.8;1441.0;7243.1;0.1;3264.0;1;8
6;8;14.0;631.2;1731.0;7209.7;0.1;3020.0;1;9
6;9;11.8;698.9;2026.0;6806.4;0.1;2963.0;1;10
6;10;11.7;706.8;2019.0;6833.6;0.1;2938.0;1;11
6;11;11.3;753.1;2028.0;7031.4;0.1;2938.0;0;11
6;12;14.5;586.6;1546.0;6957.7;0.1;2938.0;0;11
6;13;16.4;530.6;1511.0;7050.3;0.1;2938.0;0;11
6;14;13.9;590.8;1469.0;6704.7;0.1;2938.0;0;11
6;15;14.8;545.9;1349.0;6598.7;0.1;2938.0;0;11
6;16;11.5;706.3;1822.0;6673.9;0.1;2938.0;0;11
6;17;18.3;456.6;1136.0;6754.7;0.1;2938.0;0;11
6;18;14.6;565.5;1481.0;6718.7;0.1;2938.0;0;11
6;19;11.8;670.3;1642.0;6536.3;0.1;2938.0;0;11
6;20;11.0;759.5;1880.0;6924.0;0.1;2938.0;0;11
6;21;8.5;974.9;2552.0;6988.0;0.1;2938.0;0;11
6;22;7.3;1120.7;2820.0;6899.0;0.2;2938.0;0;11
6;23;9.7;847.4;2132.0;6853.4;0.1;2934.0;1;12
6;24;8.6;993.4;2292.0;7151.3;0.1;2934.0;0;12
6;25;10.9;760.9;2043.0;6865.6;0.1;2934.0;0;12
6;26;8.2;976.2;2388.0;6744.7;0.1;2934.0;0;12
6;27;7.7;999.4;2482.0;6479.1;0.2;2934.0;0;12
6;28;11.2;747.4;1984.0;6942.4;0.1;2934.0;0;12
6;29;6.9;1128.5;2928.0;6662.3;0.2;2934.0;0;12
6;30;11.8;664.4;1543.0;6440.6;0.1;2934.0;0;12
6;31;8.7;844.0;2084.0;6146.3;0.1;2934.0;0;12
6;32;6.0;1151.3;2865.0;5922.0;0.2;2934.0;0;12
6;33;11.4;659.5;2162.0;6199.7;0.1;2934.0;0;12
6;34;7.5;995.2;2659.0;6351.6;0.2;2934.0;0;12
6;35;14.3;562.9;1520.0;6583.0;0.1;2913.0;1;13
6;36;9.8;781.6;2285.0;6399.9;0.1;2913.0;0;13
6;37;13.7;582.9;1542.0;6518.6;0.1;2913.0;0;13
6;38;7.7;954.8;2804.0;6231.6;0.2;2913.0;0;13
6;39;6.3;1097.6;2904.0;5956.9;0.2;2913.0;0;13
6;40;7.5;979.0;2339.0;6218.4;0.2;2913.0;0;13
6;41;7.1;1021.0;2434.0;6131.4;0.2;2913.0;0;13
6;42;7.5;971.8;2374.0;6171.1;0.2;2913.0;0;13
6;43;7.6;979.0;2809.0;6278.4;0.2;2913.0;0;13
6;44;13.0;561.5;1436.0;5975.6;0.1;2913.0;0;13
6;45;5.9;1112.9;2913.0;5665.9;0.2;2913.0;0;13
6;46;6.5;1030.7;2423.0;5755.1;0.2;2913.0;0;13
6;47;7.5;950.8;2869.0;6053.9;0.2;2913.0;0;13
6;48;10.4;680.1;1808.0;5892.7;0.1;2913.0;0;13
6;49;6.0;1084.6;2571.0;5624.1;0.2;2913.0;0;13
6;50;8.2;885.6;2381.0;6138.3;0.1;2913.0;0;13
6;51;7.3;988.8;2792.0;6137.3;0.2;2913.0;0;13
6;52;8.6;817.5;2294.0;5898.7;0.1;2913.0;0;13
6;53;6.2;1046.1;2771.0;5566.6;0.2;2913.0;0;13
6;54;6.9;974.3;2501.0;5758.6;0.2;2913.0;0;13
6;55;9.9;704.8;1583.0;5788.3;0.1;2913.0;0;13
6;56;7.5;887.9;2785.0;5666.3;0.2;2913.0;0;13
6;57;8.0;842.5;2076.0;5649.0;0.1;2913.0;0;13
6;58;6.8;937.6;2224.0;5424.1;0.2;2913.0;0;13
6;59;10.6;648.3;1777.0;5680.3;0.1;2913.0;0;13
6;60;8.5;787.0;2126.0;5618.7;0.1;2913.0;0;13
6;61;5.9;1135.9;2829.0;5773.1;0.2;2913.0;0;13
6;62;11.8;595.7;1554.0;5809.4;0.1;2913.0;0;13
6;63;6.3;1035.7;2670.0;5613.0;0.2;2913.0;0;13
6;64;10.3;641.5;1600.0;5493.4;0.1;2913.0;0;13
6;65;6.6;906.8;2286.0;5132.3;0.2;2913.0;0;13
6;66;8.5;739.3;1976.0;5283.6;0.1;2913.0;0;13
6;67;7.1;881.8;2576.0;5345.7;0.2;2913.0;0;13
6;68;8.3;791.3;2333.0;5525.4;0.1;2913.0;0;13
6;69;8.8;729.7;2110.0;5360.3;0.1;2913.0;0;13
6;70;7.7;798.4;2271.0;5166.4;0.2;2913.0;0;13
6;71;13.4;499.3;1252.0;5463.4;0.1;2913.0;0;13
6;72;10.0;647.5;1833.0;5377.7;0.1;2913.0;0;13
6;73;9.4;679.1;2058.0;5347.9;0.1;2913.0;0;13
6;74;6.7;951.0;2906.0;5468.6;0.2;2913.0;0;13
6;75;7.3;820.4;2142.0;5069.6;0.2;2913.0;0;13
6;76;10.0;655.8;1786.0;5430.4;0.1;2913.0;0;13
6;77;8.9;757.1;2107.0;5648.4;0.1;2913.0;0;13
6;78;7.9;780.5;2276.0;5191.6;0.2;2913.0;0;13
6;79;12.3;539.2;1688.0;5457.6;0.1;2913.0;0;13
6;80;6.2;880.3;2133.0;4716.4;0.2;2913.0;0;13
6;81;11.7;544.6;1473.0;5240.6;0.1;2913.0;0;13
6;82;5.6;1080.0;3740.0;5224.1;0.2;2913.0;0;13
6;83;7.1;880.2;2661.0;5341.1;0.2;2913.0;0;13
6;84;13.9;456.5;1506.0;5174.1;0.1;2913.0;0;13
6;85;6.9;865.3;2713.0;5050.4;0.2;2913.0;0;13
6;86;6.9;885.4;2021.0;5212.1;0.2;2913.0;0;13
6;87;5.9;1053.0;2897.0;5389.6;0.2;2913.0;0;13
6;88;5.5;1046.6;2724.0;4998.6;0.2;2913.0;0;13
6;89;21.6;319.6;1120.0;5545.1;0.1;2913.0;0;13
6;90;10.8;595.6;1751.0;5322.6;0.1;2913.0;0;13
6;91;6.3;926.9;2874.0;4977.7;0.2;2913.0;0;13
6;92;5.7;995.7;3012.0;4889.1;0.2;2913.0;0;13
6;93;6.5;963.2;3129.0;5349.6;0.2;2913.0;0;13
6;94;6.1;977.0;2886.0;5145.4;0.2;2913.0;0;13
6;95;8.0;768.1;2414.0;5191.4;0.1;2913.0;0;13
6;96;5.6;1065.7;3475.0;5145.3;0.2;2913.0;0;13
6;97;6.5;928.2;2983.0;5151.9;0.2;2913.0;0;13
6;98;6.8;922.7;2761.0;5312.0;0.2;2913.0;0;13
6;99;7.6;795.0;2352.0;5101.6;0.2;2913.0;0;13
7;0;20.3;433.6;1113.0;7085.3;0.1;6008.0;1;1
7;1;16.5;521.1;1493.0;6983.6;0.1;5797.0;1;2
7;2;17.0;524.0;1460.0;7241.3;0.1;5574.0;1;3
7;3;13.9;627.1;1675.0;7142.4;0.1;5225.0;1;4
7;4;18.2;494.9;1263.0;7278.3;0.1;4640.0;1;5
7;5;16.5;538.0;1510.0;7200.4;0.1;4271.0;1;6
7;6;14.6;575.1;1478.0;6833.9;0.1;3857.0;1;7
7;7;12.9;642.9;1850.0;6823.0;0.1;3657.0;1;8
7;8;17.4;504.0;1315.0;7088.6;0.1;3433.0;1;9
7;9;11.5;718.3;2096.0;6798.1;0.1;3204.0;1;10
7;10;11.2;747.3;2078.0;6923.0;0.1;3095.0;1;11
7;11;14.6;566.8;1592.0;6757.1;0.1;3005.0;1;12
7;12;18.7;463.3;1295.0;7009.1;0.1;2950.0;1;13
7;13;16.8;531.5;1604.0;7251.9;0.1;2944.0;1;14
7;14;15.0;555.9;1342.0;6799.9;0.1;2944.0;0;14
7;15;13.9;590.9;1471.0;6707.7;0.1;2944.0;0;14
7;16;9.3;919.2;2150.0;7132.3;0.1;2944.0;0;14
7;17;8.2;1077.6;2873.0;7391.0;0.1;2944.0;0;14
7;18;11.4;736.5;1653.0;6915.6;0.1;2944.0;0;14
7;19;10.7;796.9;1827.0;7063.4;0.1;2944.0;0;14
7;20;7.7;997.8;2589.0;6508.9;0.2;2944.0;0;14
7;21;8.0;1030.8;2586.0;6968.4;0.1;2944.0;0;14
7;22;7.2;1148.7;3146.0;7051.3;0.2;2944.0;0;14
7;23;5.9;1360.7;3484.0;6940.1;0.2;2944.0;0;14
7;24;6.5;1202.0;2805.0;6648.9;0.2;2944.0;0;14
7;25;11.8;728.6;1923.0;7085.9;0.1;2944.0;0;14
7;26;9.3;883.8;2231.0;6861.6;0.1;2926.0;1;15
7;27;11.2;741.7;2110.0;6869.0;0.1;2918.0;1;16
7;28;6.0;1269.6;3011.0;6573.6;0.2;2918.0;0;16
7;29;5.3;1390.4;3661.0;6370.7;0.2;2918.0;0;16
7;30;6.0;1216.6;3130.0;6302.3;0.2;2918.0;0;16
7;31;9.8;791.2;1819.0;6424.3;0.1;2918.0;0;16
7;32;5.3;1311.7;3330.0;6054.9;0.2;2918.0;0;16
7;33;5.7;1330.1;3181.0;6543.7;0.2;2918.0;0;16
7;34;17.2;466.3;1302.0;6507.4;0.1;2918.0;0;16
7;35;9.8;752.4;2202.0;6160.4;0.1;2918.0;0;16
7;36;7.3;962.1;2361.0;5989.6;0.2;2918.0;0;16
7;37;5.2;1307.7;2995.0;5954.9;0.2;2917.0;1;17
7;38;8.9;811.8;2093.0;6059.7;0.1;2917.0;0;17
7;39;7.8;929.5;2461.0;6153.4;0.2;2917.0;0;17
7;40;10.1;735.4;1919.0;6152.0;0.1;2917.0;0;17
7;41;10.8;681.9;1934.0;6110.9;0.1;2917.0;0;17
7;42;12.5;555.4;1399.0;5721.6;0.1;2917.0;0;17
7;43;8.6;847.7;2447.0;6134.7;0.1;2917.0;0;17
7;44;6.2;1087.5;2912.0;5804.6;0.2;2917.0;0;17
7;45;6.2;1084.2;2940.0;5729.7;0.2;2917.0;0;17
7;46;7.6;895.9;2483.0;5776.3;0.2;2917.0;0;17
7;47;8.7;790.5;1857.0;5777.6;0.1;2917.0;0;17
7;48;7.5;969.2;2406.0;6116.1;0.2;2917.0;0;17
7;49;6.4;1111.7;3318.0;6059.3;0.2;2917.0;0;17
7;50;8.4;843.5;2255.0;5963.0;0.1;2917.0;0;17
7;51;9.6;740.2;1935.0;5926.0;0.1;2917.0;0;17
7;52;8.0;911.2;2859.0;6110.0;0.1;2917.0;0;17
7;53;10.5;676.8;2086.0;5914.4;0.1;2917.0;0;17
7;54;6.7;966.2;2378.0;5543.0;0.2;2917.0;0;17
7;55;12.4;559.0;1321.0;5685.4;0.1;2917.0;0;17
7;56;8.3;796.9;2430.0;5572.9;0.1;2917.0;0;17
7;57;11.1;621.2;1628.0;5709.9;0.1;2917.0;0;17
7;58;13.2;525.3;1169.0;5686.0;0.1;2917.0;0;17
7;59;6.9;941.3;2657.0;5505.7;0.2;2917.0;0;17
7;60;10.9;612.4;1503.0;5540.7;0.1;2917.0;0;17
7;61;7.4;859.8;2176.0;5385.9;0.2;2917.0;0;17
7;62;7.9;835.5;2518.0;5555.3;0.2;2917.0;0;17
7;63;10.9;625.0;1555.0;5635.6;0.1;2917.0;0;17
7;64;6.3;922.7;2500.0;4948.0;0.2;2917.0;0;17
7;65;5.9;990.9;2457.0;5018.4;0.2;2917.0;0;17
7;66;13.3;521.9;1544.0;5668.6;0.1;2917.0;0;17
7;67;7.9;782.2;2026.0;5209.0;0.2;2917.0;0;17
7;68;6.7;888.1;2393.0;5043.3;0.2;2917.0;0;17
7;69;7.2;853.4;2122.0;5204.3;0.2;2917.0;0;17
7;70;6.8;846.7;2107.0;4908.1;0.2;2917.0;0;17
7;71;10.5;613.9;1646.0;5348.1;0.1;2917.0;0;17
7;72;10.3;648.7;1973.0;5520.9;0.1;2917.0;0;17
7;73;8.8;724.3;1962.0;5362.4;0.1;2917.0;0;17
7;74;15.1;462.8;1275.0;5682.0;0.1;2917.0;0;17
7;75;7.9;788.4;2108.0;5252.7;0.2;2917.0;0;17
7;76;8.8;678.6;1591.0;4984.6;0.1;2917.0;0;17
7;77;9.3;692.1;1901.0;5380.1;0.1;2917.0;0;17
7;78;9.0;696.1;1814.0;5240.3;0.1;2917.0;0;17
7;79;17.6;398.8;1009.0;5684.6;0.1;2917.0;0;17
7;80;9.5;690.8;1826.0;5455.7;0.1;2917.0;0;17
7;81;7.1;919.8;2623.0;5579.3;0.2;2917.0;0;17
7;82;6.0;907.7;2127.0;4701.4;0.2;2917.0;0;17
7;83;9.9;602.5;2012.0;4969.9;0.1;2917.0;0;17
7;84;8.4;660.1;2027.0;4661.1;0.1;2917.0;0;17
7;85;8.4;684.1;1981.0;4850.6;0.1;2917.0;0;17
7;86;8.9;696.6;1940.0;5203.9;0.1;2917.0;0;17
7;87;6.4;931.3;2773.0;5118.7;0.2;2917.0;0;17
7;88;7.2;818.9;2031.0;4993.7;0.2;2917.0;0;17
7;89;8.4;698.6;2293.0;4929.4;0.1;2917.0;0;17
7;90;8.2;680.5;2026.0;4710.1;0.1;2917.0;0;17
7;91;8.5;703.4;2148.0;5044.9;0.1;2917.0;0;17
7;92;13.7;442.0;1307.0;4967.6;0.1;2917.0;0;17
7;93;13.1;457.4;1307.0;4897.7;0.1;2917.0;0;17
7;94;11.0;575.8;1971.0;5230.7;0.1;2917.0;0;17
7;95;11.2;538.5;1627.0;4997.0;0.1;2917.0;0;17
7;96;12.9;485.7;1469.0;5148.6;0.1;2917.0;0;17
7;97;11.0;566.7;1771.0;5146.3;0.1;2917.0;0;17
7;98;8.9;667.7;1932.0;4950.6;0.1;2917.0;0;17
7;99;10.8;564.5;1833.0;5059.7;0.1;2917.0;0;17
8;0;11.1;771.1;2167.0;7091.1;0.1;5427.0;1;1
8;1;14.2;635.8;2109.0;7399.3;0.1;5083.0;1;2
8;2;20.0;442.9;1144.0;7142.9;0.1;4806.0;1;3
8;3;13.7;646.5;1803.0;7240.9;0.1;4662.0;1;4
8;4;22.6;392.1;1014.0;7115.1;0.1;4118.0;1;5
8;5;18.7;452.4;1362.0;6847.0;0.1;3864.0;1;6
8;6;12.7;659.2;1850.0;6883.0;0.1;3609.0;1;7
8;7;14.4;610.2;1602.0;7180.9;0.1;3323.0;1;8
8;8;12.2;687.9;1876.0;6916.0;0.1;3091.0;1;9
8;9;12.2;711.1;2012.0;7140.0;0.1;2961.0;1;10
8;10;12.9;707.6;2056.0;7507.6;0.1;2954.0;1;11
8;11;24.6;362.0;1005.0;7152.4;0.1;2941.0;1;12
8;12;9.7;850.3;2319.0;6893.9;0.1;2940.0;1;13
8;13;10.9;817.5;2040.0;7346.7;0.1;2940.0;0;13
8;14;12.6;665.0;1793.0;6904.6;0.1;2940.0;0;13
8;15;10.0;830.4;2320.0;6923.4;0.1;2940.0;0;13
8;16;13.4;614.0;1568.0;6721.4;0.1;2940.0;0;13
8;17;15.3;560.6;1575.0;7006.9;0.1;2940.0;0;13
8;18;7.4;1091.3;2930.0;6819.0;0.2;2940.0;0;13
8;19;9.0;885.9;2100.0;6688.9;0.1;2940.0;0;13
8;20;12.3;713.1;2030.0;7195.1;0.1;2940.0;0;13
8;21;11.3;751.0;1914.0;7005.1;0.1;2940.0;0;13
8;22;8.3;974.3;2839.0;6776.6;0.1;2940.0;0;13
8;23;12.3;683.1;1880.0;6884.1;0.1;2940.0;0;13
8;24;10.0;819.9;1948.0;6828.0;0.1;2940.0;0;13
8;25;7.2;1119.6;3071.0;6826.3;0.2;2940.0;0;13
8;26;9.6;831.9;2279.0;6649.3;0.1;2940.0;0;13
8;27;15.2;537.7;1351.0;6669.3;0.1;2940.0;0;13
8;28;7.3;1072.1;3015.0;6650.1;0.2;2940.0;0;13
8;29;12.0;675.4;1995.0;6685.3;0.1;2940.0;0;13
8;30;6.7;1071.3;2697.0;6087.1;0.2;2940.0;0;13
8;31;5.5;1230.1;3145.0;5892.4;0.2;2940.0;0;13
8;32;8.6;832.9;2444.0;6003.1;0.1;2940.0;0;13
8;33;8.1;900.2;2314.0;6149.9;0.1;2940.0;0;13
8;34;7.4;921.4;2400.0;5785.9;0.2;2940.0;0;13
8;35;10.7;652.1;1766.0;5793.7;0.1;2927.0;1;14
8;36;7.4;960.9;2820.0;5990.6;0.2;2925.0;1;15
8;37;8.6;799.7;2178.0;5741.7;0.1;2925.0;0;15
8;38;5.0;1385.4;3526.0;6062.4;0.2;2925.0;0;15
8;39;7.3;919.0;2716.0;5657.9;0.2;2925.0;0;15
8;40;4.9;1224.2;2980.0;5266.6;0.2;2925.0;0;15
8;41;6.7;1040.7;2493.0;5913.3;0.2;2925.0;0;15
8;42;7.7;882.1;2501.0;5749.7;0.2;2925.0;0;15
8;43;8.6;790.8;2248.0;5701.7;0.1;2925.0;0;15
8;44;10.5;678.7;1889.0;5910.0;0.1;2925.0;0;15
8;45;10.0;716.4;1828.0;5962.0;0.1;2925.0;0;15
8;46;9.8;714.2;2077.0;5813.4;0.1;2925.0;0;15
8;47;8.2;825.2;2535.0;5676.9;0.1;2925.0;0;15
8;48;9.3;720.9;1852.0;5608.4;0.1;2925.0;0;15
8;49;8.4;758.8;1793.0;5359.6;0.1;2925.0;0;15
8;50;8.5;760.9;1822.0;5410.7;0.1;2925.0;0;15
8;51;13.0;535.0;1508.0;5695.4;0.1;2925.0;0;15
8;52;12.4;551.0;1384.0;5612.9;0.1;2925.0;0;15
8;53;6.2;975.9;2349.0;5166.3;0.2;2925.0;0;15
8;54;8.5;751.4;1788.0;5383.1;0.1;2925.0;0;15
8;55;9.0;723.0;2187.0;5439.1;0.1;2925.0;0;15
8;56;9.0;715.5;1925.0;5368.4;0.1;2925.0;0;15
8;57;10.2;640.0;1537.0;5411.1;0.1;2925.0;0;15
8;58;10.9;624.2;1778.0;5645.4;0.1;2925.0;0;15
8;59;9.1;753.4;2199.0;5707.1;0.1;2925.0;0;15
8;60;8.7;740.3;2068.0;5405.6;0.1;2925.0;0;15
8;61;7.1;889.0;2228.0;5385.0;0.2;2925.0;0;15
8;62;16.0;444.2;1214.0;5764.3;0.1;2925.0;0;15
8;63;6.9;881.8;2051.0;5194.3;0.2;2925.0;0;15
8;64;7.2;844.9;2421.0;5172.4;0.2;2925.0;0;15
8;65;20.7;327.0;775.0;5451.3;0.1;2925.0;0;15
8;66;18.6;366.9;904.0;5532.0;0.1;2925.0;0;15
8;67;9.1;681.0;1721.0;5185.6;0.1;2925.0;0;15
8;68;6.5;898.3;2449.0;4969.1;0.2;2925.0;0;15
8;69;9.0;645.2;1534.0;4871.4;0.1;2925.0;0;15
8;70;10.1;593.9;1346.0;4978.3;0.1;2925.0;0;15
8;71;8.7;690.2;1919.0;5048.1;0.1;2925.0;0;15
8;72;13.1;497.4;1544.0;5345.4;0.1;2925.0;0;15
8;73;10.5;594.0;1607.0;5182.7;0.1;2925.0;0;15
8;74;13.9;462.1;1363.0;5260.1;0.1;2925.0;0;15
8;75;20.0;323.7;903.0;5228.9;0.1;2925.0;0;15
8;76;9.7;641.4;1842.0;5159.4;0.1;2925.0;0;15
8;77;8.5;698.3;1848.0;4961.6;0.1;2925.0;0;15
8;78;12.7;469.7;1107.0;4899.4;0.1;2925.0;0;15
8;79;7.6;727.7;1927.0;4654.0;0.2;2925.0;0;15
8;80;6.8;762.0;1924.0;4398.1;0.2;2925.0;0;15
8;81;9.2;615.4;1541.0;4722.4;0.1;2925.0;0;15
8;82;9.6;593.7;1428.0;4752.6;0.1;2925.0;0;15
8;83;10.2;546.1;1541.0;4609.1;0.1;2925.0;0;15
8;84;9.3;574.6;1752.0;4455.3;0.1;2925.0;0;15
8;85;12.2;520.0;1680.0;5214.7;0.1;2925.0;0;15
8;86;5.9;871.6;2531.0;4406.0;0.2;2925.0;0;15
8;87;12.4;506.0;1266.0;5151.3;0.1;2925.0;0;15
8;88;10.9;558.7;1510.0;5048.4;0.1;2925.0;0;15
8;89;8.7;609.4;1983.0;4433.9;0.1;2925.0;0;15
8;90;13.1;462.9;1453.0;4957.1;0.1;2925.0;0;15
8;91;13.2;452.5;1381.0;4886.4;0.1;2925.0;0;15
8;92;19.6;333.4;1102.0;5267.7;0.1;2925.0;0;15
8;93;8.2;636.1;1731.0;4399.4;0.1;2925.0;0;15
8;94;13.1;443.7;1522.0;4778.3;0.1;2925.0;0;15
8;95;8.1;631.1;1765.0;4315.6;0.1;2925.0;0;15
8;96;9.9;522.5;1516.0;4297.0;0.1;2925.0;0;15
8;97;8.9;696.9;2393.0;5165.9;0.1;2925.0;0;15
8;98;8.0;768.5;2378.0;5177.1;0.1;2925.0;0;15
8;99;73.0;88.0;277.0;5056.7;0.0;2925.0;0;15
9;0;9.9;902.6;2478.0;7407.0;0.1;4983.0;1;1
9;1;24.3;365.9;881.0;7129.1;0.1;4491.0;1;2
9;2;15.0;580.8;1631.0;7101.1;0.1;4195.0;1;3
9;3;12.8;651.5;1646.0;6866.9;0.1;3911.0;1;4
9;4;17.3;523.3;1416.0;7349.9;0.1;3712.0;1;5
9;5;12.3;694.4;2037.0;7023.6;0.1;3415.0;1;6
9;6;17.1;528.6;1433.0;7317.6;0.1;3110.0;1;7
9;7;14.4;587.8;1589.0;6901.1;0.1;2969.0;1;8
9;8;14.7;594.8;1532.0;7144.9;0.1;2922.0;1;9
9;9;12.3;726.7;1977.0;7350.7;0.1;2915.0;1;10
9;10;16.2;554.9;1348.0;7324.9;0.1;2915.0;0;10
9;11;18.3;473.7;1267.0;7019.9;0.1;2915.0;0;10
9;12;12.6;696.4;2009.0;7182.7;0.1;2915.0;0;10
9;13;12.0;721.4;2056.0;7112.7;0.1;2915.0;0;10
9;14;11.7;693.1;1771.0;6711.3;0.1;2915.0;0;10
9;15;10.9;760.0;1761.0;6878.0;0.1;2915.0;0;10
9;16;9.7;879.9;2093.0;7115.9;0.1;2915.0;0;10
9;17;9.3;869.9;2205.0;6758.4;0.1;2915.0;0;10
9;18;13.9;604.8;1508.0;6882.4;0.1;2915.0;0;10
9;19;11.2;699.9;1792.0;6455.0;0.1;2915.0;0;10
9;20;12.3;667.6;1819.0;6737.7;0.1;2915.0;0;10
9;21;11.1;755.2;2088.0;6953.0;0.1;2915.0;0;10
9;22;11.7;719.8;1821.0;6923.9;0.1;2915.0;0;10
9;23;9.5;891.7;2271.0;7068.7;0.1;2915.0;0;10
9;24;11.7;708.1;1872.0;6841.7;0.1;2915.0;0;10
9;25;7.9;1077.4;2382.0;7187.9;0.1;2915.0;0;10
9;26;10.2;823.3;1977.0;6999.3;0.1;2915.0;0;10
9;27;7.9;1071.5;2565.0;7172.6;0.1;2915.0;0;10
9;28;7.7;1107.8;2661.0;7199.7;0.2;2915.0;0;10
9;29;4.7;1606.5;3899.0;6660.1;0.2;2915.0;0;10
9;30;8.1;1021.2;2673.0;6985.3;0.1;2915.0;0;10
9;31;7.7;1049.0;3050.0;6807.6;0.2;2915.0;0;10
9;32;6.8;1139.9;3186.0;6564.4;0.2;2915.0;0;10
9;33;10.0;848.8;2025.0;7081.4;0.1;2915.0;0;10
9;34;7.8;1001.5;2387.0;6604.9;0.2;2915.0;0;10
9;35;7.4;1075.4;2526.0;6736.3;0.2;2915.0;0;10
9;36;7.0;1127.7;3188.0;6714.1;0.2;2915.0;0;10
9;37;9.5;867.9;1862.0;6858.4;0.1;2915.0;0;10
9;38;4.8;1446.4;3622.0;6124.0;0.2;2915.0;0;10
9;39;7.1;1064.5;2717.0;6417.0;0.2;2915.0;0;10
9;40;5.4;1306.5;3301.0;6122.7;0.2;2915.0;0;10
9;41;7.1;1040.8;2511.0;6308.4;0.2;2915.0;0;10
9;42;13.0;580.2;1465.0;6171.0;0.1;2915.0;0;10
9;43;6.8;1114.1;3028.0;6432.7;0.2;2915.0;0;10
9;44;5.6;1192.0;2968.0;5803.6;0.2;2915.0;0;10
9;45;10.6;707.4;1848.0;6199.0;0.1;2915.0;0;10
9;46;8.4;845.7;2255.0;5943.3;0.1;2915.0;0;10
9;47;11.1;683.3;1677.0;6295.4;0.1;2915.0;0;10
9;48;10.2;723.7;2033.0;6118.6;0.1;2915.0;0;10
9;49;8.7;807.6;2496.0;5866.3;0.1;2915.0;0;10
9;50;8.2;824.9;2270.0;5703.4;0.1;2915.0;0;10
9;51;12.0;607.2;1799.0;6007.3;0.1;2915.0;0;10
9;52;5.9;1049.0;2536.0;5353.7;0.2;2915.0;0;10
9;53;8.4;791.8;1738.0;5559.4;0.1;2915.0;0;10
9;54;21.5;343.2;863.0;5953.1;0.1;2915.0;0;10
9;55;9.9;677.0;1859.0;5563.9;0.1;2915.0;0;10
9;56;7.5;872.6;2423.0;5554.6;0.2;2915.0;0;10
9;57;25.9;292.6;644.0;6059.7;0.0;2915.0;0;10
9;58;11.5;617.5;1862.0;5853.3;0.1;2915.0;0;10
9;59;12.1;558.3;1541.0;5545.6;0.1;2915.0;0;10
9;60;10.6;635.7;1936.0;5596.6;0.1;2915.0;0;10
9;61;17.0;414.3;951.0;5718.1;0.1;2915.0;0;10
9;62;16.8;416.7;928.0;5689.4;0.1;2915.0;0;10
9;63;12.8;534.2;1413.0;5632.4;0.1;2915.0;0;10
9;64;8.0;784.3;2425.0;5302.1;0.1;2915.0;0;10
9;65;7.0;868.2;2467.0;5192.4;0.2;2915.0;0;10
9;66;6.9;836.9;2209.0;4946.4;0.2;2915.0;0;10
9;67;15.6;444.2;1174.0;5633.3;0.1;2915.0;0;10
9;68;8.0;788.7;2406.0;5315.1;0.1;2915.0;0;10
9;69;8.2;755.2;2079.0;5207.4;0.1;2915.0;0;10
9;70;4.8;1286.4;3326.0;5413.7;0.2;2915.0;0;10
9;71;8.9;718.7;2008.0;5332.3;0.1;2915.0;0;10
9;72;8.4;763.8;2072.0;5413.9;0.1;2915.0;0;10
9;73;6.8;954.0;2580.0;5525.7;0.2;2915.0;0;10
9;74;5.6;1126.0;3016.0;5480.6;0.2;2915.0;0;10
9;75;8.3;795.5;2209.0;5540.7;0.1;2915.0;0;10
9;76;8.6;802.2;2165.0;5795.3;0.1;2915.0;0;10
9;77;9.5;721.8;2293.0;5702.9;0.1;2915.0;0;10
9;78;15.3;467.6;1322.0;5831.0;0.1;2915.0;0;10
9;79;7.8;855.9;2707.0;5612.9;0.2;2915.0;0;10
9;80;8.2;871.1;2161.0;6021.3;0.1;2915.0;0;10
9;81;4.4;1466.8;4183.0;5738.9;0.3;2915.0;0;10
9;82;8.0;827.5;2674.0;5593.9;0.1;2915.0;0;10
9;83;7.8;839.2;2688.0;5544.0;0.2;2915.0;0;10
9;84;8.5;806.3;2365.0;5780.4;0.1;2915.0;0;10
9;85;9.0;792.0;2567.0;5940.6;0.1;2915.0;0;10
9;86;6.8;917.0;2787.0;5280.0;0.2;2915.0;0;10
9;87;6.8;957.4;2914.0;5563.6;0.2;2915.0;0;10
9;88;9.1;774.3;2000.0;5895.0;0.1;2915.0;0;10
9;89;7.7;842.0;2928.0;5478.3;0.2;2915.0;0;10
9;90;7.0;872.6;3188.0;5162.7;0.2;2915.0;0;10
9;91;6.3;970.8;3020.0;5211.0;0.2;2915.0;0;10
9;92;6.5;959.9;3139.0;5295.9;0.2;2915.0;0;10
9;93;7.8;831.7;2659.0;5457.6;0.2;2915.0;0;10
9;94;6.6;925.2;3192.0;5198.0;0.2;2915.0;0;10
9;95;6.7;868.1;2808.0;4969.6;0.2;2915.0;0;10
9;96;9.1;636.2;2143.0;4846.9;0.1;2915.0;0;10
9;97;7.1;717.9;2180.0;4348.1;0.2;2915.0;0;10
9;98;9.9;578.9;2043.0;4746.6;0.1;2915.0;0;10
9;99;8.0;675.9;2013.0;4552.1;0.1;2915.0;0;10
10;0;24.5;379.0;1091.0;7461.9;0.1;6487.0;1;1
10;1;12.2;722.6;2263.0;7228.3;0.1;4722.0;1;2
10;2;23.3;414.8;1158.0;7757.9;0.1;4391.0;1;3
10;3;13.7;624.7;1573.0;6996.3;0.1;4041.0;1;4
10;4;16.1;545.2;1522.0;7133.6;0.1;3883.0;1;5
10;5;12.0;729.0;2034.0;7193.1;0.1;3724.0;1;6
10;6;13.4;640.8;1969.0;7012.9;0.1;3362.0;1;7
10;7;14.4;606.1;1551.0;7149.3;0.1;3064.0;1;8
10;8;13.5;640.4;1861.0;7079.3;0.1;2941.0;1;9
10;9;14.3;587.6;1519.0;6873.7;0.1;2928.0;1;10
10;10;16.3;530.3;1485.0;7029.1;0.1;2928.0;0;10
10;11;13.2;685.7;1871.0;7437.0;0.1;2928.0;0;10
10;12;13.5;629.0;1904.0;6955.3;0.1;2928.0;0;10
10;13;16.3;515.2;1650.0;6804.4;0.1;2928.0;0;10
10;14;14.0;589.2;1652.0;6735.0;0.1;2928.0;0;10
10;15;10.0;841.7;2201.0;6979.1;0.1;2928.0;0;10
10;16;16.0;528.5;1383.0;6882.7;0.1;2928.0;0;10
10;17;8.9;946.6;2335.0;7080.4;0.1;2928.0;0;10
10;18;11.7;693.3;1664.0;6691.9;0.1;2928.0;0;10
10;19;10.5;766.0;1979.0;6652.4;0.1;2928.0;0;10
10;20;7.1;1168.1;2753.0;7058.0;0.2;2928.0;0;10
10;21;11.6;729.4;1866.0;6954.6;0.1;2928.0;0;10
10;22;8.6;959.9;2211.0;6929.3;0.1;2928.0;0;10
10;23;7.8;1064.3;3118.0;7007.3;0.2;2928.0;0;10
10;24;12.2;670.1;1871.0;6729.1;0.1;2928.0;0;10
10;25;6.4;1204.8;2608.0;6552.9;0.2;2925.0;1;11
10;26;9.8;861.4;1997.0;7040.3;0.1;2925.0;0;11
10;27;14.6;544.9;1532.0;6493.7;0.1;2925.0;0;11
10;28;9.1;910.1;1946.0;6941.0;0.1;2925.0;0;11
10;29;9.7;832.0;2183.0;6734.0;0.1;2925.0;0;11
10;30;6.4;1180.1;3095.0;6418.7;0.2;2925.0;0;11
10;31;12.3;669.6;1629.0;6753.3;0.1;2925.0;0;11
10;32;7.9;983.5;2954.0;6576.7;0.1;2925.0;0;11
10;33;7.6;977.4;2621.0;6304.9;0.2;2925.0;0;11
10;34;7.8;996.2;2444.0;6582.3;0.2;2925.0;0;11
10;35;6.2;1198.7;3458.0;6402.3;0.2;2925.0;0;11
10;36;6.6;1106.7;2545.0;6222.3;0.2;2925.0;0;11
10;37;7.6;895.3;2362.0;5743.7;0.2;2925.0;0;11
10;38;12.8;543.1;1373.0;5709.7;0.1;2925.0;0;11
10;39;6.7;1099.3;2785.0;6242.9;0.2;2925.0;0;11
10;40;12.4;521.8;1411.0;5339.0;0.1;2925.0;0;11
10;41;8.0;803.9;2159.0;5394.9;0.1;2925.0;0;11
10;42;7.1;1040.9;2583.0;6277.4;0.2;2925.0;0;11
10;43;7.1;962.0;2339.0;5765.1;0.2;2925.0;0;11
10;44;6.3;1107.9;2607.0;5977.9;0.2;2925.0;0;11
10;45;8.5;778.6;1968.0;5550.7;0.1;2925.0;0;11
10;46;5.8;1258.5;2941.0;6314.4;0.2;2925.0;0;11
10;47;6.8;967.6;2533.0;5625.3;0.2;2925.0;0;11
10;48;4.3;1519.7;3428.0;5828.1;0.3;2925.0;0;11
10;49;10.5;644.5;1677.0;5590.1;0.1;2925.0;0;11
10;50;13.0;512.1;1354.0;5476.6;0.1;2925.0;0;11
10;51;7.4;932.2;2515.0;5811.6;0.2;2925.0;0;11
10;52;13.4;451.5;1178.0;4958.3;0.1;2925.0;0;11
10;53;11.6;490.0;1415.0;4687.3;0.1;2925.0;0;11
10;54;12.1;477.4;1359.0;4761.6;0.1;2925.0;0;11
10;55;13.9;423.4;1089.0;4806.4;0.1;2925.0;0;11
10;56;6.4;955.4;2752.0;5215.0;0.2;2925.0;0;11
10;57;16.1;370.2;930.0;4849.6;0.1;2925.0;0;11
10;58;10.7;593.0;1415.0;5241.4;0.1;2925.0;0;11
10;59;16.7;367.3;856.0;4992.3;0.1;2925.0;0;11
10;60;10.0;560.0;1464.0;4633.4;0.1;2925.0;0;11
10;61;20.3;292.2;716.0;4777.3;0.1;2925.0;0;11
10;62;21.4;276.3;640.0;4763.0;0.1;2925.0;0;11
10;63;16.4;347.9;1042.0;4635.1;0.1;2925.0;0;11
10;64;19.5;280.0;861.0;4399.3;0.1;2925.0;0;11
10;65;27.8;205.6;547.0;4576.9;0.0;2925.0;0;11
10;66;22.6;249.6;785.0;4539.7;0.1;2925.0;0;11
10;67;20.3;264.5;782.0;4337.9;0.1;2925.0;0;11
10;68;23.6;242.0;617.0;4579.1;0.1;2925.0;0;11
10;69;22.3;261.7;717.0;4693.3;0.1;2925.0;0;11
10;70;16.9;317.2;815.0;4360.3;0.1;2925.0;0;11
10;71;15.2;349.6;1141.0;4326.0;0.1;2925.0;0;11
10;72;15.5;359.9;986.0;4535.3;0.1;2925.0;0;11
10;73;11.9;462.6;1300.0;4516.1;0.1;2925.0;0;11
10;74;14.6;351.1;859.0;4186.3;0.1;2925.0;0;11
10;75;9.8;673.7;1820.0;5474.6;0.1;2925.0;0;11
10;76;12.1;507.1;1460.0;5032.0;0.1;2925.0;0;11
10;77;8.4;704.1;2157.0;4959.1;0.1;2925.0;0;11
10;78;16.7;360.7;1041.0;4887.4;0.1;2925.0;0;11
10;79;9.2;651.9;1919.0;5029.3;0.1;2925.0;0;11
10;80;4.1;1567.1;3654.0;5696.0;0.3;2925.0;0;11
10;81;8.5;626.2;1466.0;4485.7;0.1;2925.0;0;11
10;82;9.2;603.5;1600.0;4620.7;0.1;2925.0;0;11
10;83;32.5;192.4;590.0;4982.4;0.0;2925.0;0;11
10;84;15.4;380.3;1231.0;4775.0;0.1;2925.0;0;11
10;85;5.6;1083.3;3433.0;5269.7;0.2;2925.0;0;11
10;86;4.1;1409.6;4139.0;5166.6;0.3;2925.0;0;11
10;87;7.2;861.5;2319.0;5239.9;0.2;2925.0;0;11
10;88;4.5;1434.8;4499.0;5674.4;0.3;2925.0;0;11
10;89;6.1;946.0;2986.0;4994.3;0.2;2925.0;0;11
10;90;16.3;351.2;1236.0;4645.0;0.1;2925.0;0;11
10;91;12.4;437.4;1321.0;4446.0;0.1;2925.0;0;11
10;92;14.8;364.6;1310.0;4389.1;0.1;2925.0;0;11
10;93;21.0;267.5;844.0;4532.3;0.1;2925.0;0;11
10;94;37.8;156.3;552.0;4687.6;0.0;2925.0;0;11
10;95;23.0;251.0;929.0;4631.1;0.1;2925.0;0;11
10;96;12.8;424.2;1427.0;4443.3;0.1;2925.0;0;11
10;97;22.2;238.4;765.0;4259.9;0.1;2925.0;0;11
10;98;21.8;242.1;767.0;4241.7;0.1;2925.0;0;11
10;99;27.9;204.5;711.0;4562.4;0.0;2925.0;0;11
11;0;18.9;464.7;1319.0;7083.9;0.1;6187.0;1;1
11;1;17.2;503.6;1252.0;7026.0;0.1;5309.0;1;2
11;2;14.2;595.7;1660.0;6928.0;0.1;4993.0;1;3
11;3;21.7;394.1;1048.0;6888.3;0.1;4696.0;1;4
11;4;15.0;591.1;1563.0;7239.6;0.1;4142.0;1;5
11;5;19.6;445.9;1232.0;7072.4;0.1;3705.0;1;6
11;6;19.0;449.5;1279.0;6893.7;0.1;3447.0;1;7
11;7;19.8;426.9;1128.0;6825.6;0.1;3272.0;1;8
11;8;17.3;496.9;1522.0;6950.7;0.1;3057.0;1;9
11;9;12.9;637.9;1704.0;6728.4;0.1;2943.0;1;10
11;10;13.7;632.8;1878.0;7089.7;0.1;2931.0;1;11
11;11;20.9;407.7;1111.0;6866.4;0.1;2931.0;0;11
11;12;12.2;689.3;1951.0;6903.0;0.1;2931.0;0;11
11;13;13.7;613.8;2058.0;6860.1;0.1;2931.0;0;11
11;14;12.0;672.4;2107.0;6652.3;0.1;2931.0;0;11
11;15;13.2;632.2;1544.0;6837.4;0.1;2931.0;0;11
11;16;13.7;574.6;1457.0;6451.4;0.1;2931.0;0;11
11;17;16.4;513.1;1277.0;6835.0;0.1;2931.0;0;11
11;18;13.8;588.7;1334.0;6646.7;0.1;2931.0;0;11
11;19;13.0;604.5;1826.0;6447.4;0.1;2931.0;0;11
11;20;13.1;627.1;1549.0;6744.0;0.1;2931.0;0;11
11;21;10.8;753.3;2335.0;6742.9;0.1;2931.0;0;11
11;22;12.4;641.6;1388.0;6559.6;0.1;2931.0;0;11
11;23;15.5;527.3;1282.0;6667.4;0.1;2931.0;0;11
11;24;12.9;602.3;1569.0;6388.7;0.1;2931.0;0;11
11;25;12.2;656.9;2046.0;6595.3;0.1;2931.0;0;11
11;26;12.5;655.7;1558.0;6711.4;0.1;2931.0;0;11
11;27;14.0;585.6;1529.0;6699.0;0.1;2931.0;0;11
11;28;9.1;909.0;2269.0;6925.3;0.1;2931.0;0;11
11;29;9.2;845.5;2093.0;6522.6;0.1;2931.0;0;11
11;30;9.6;856.5;2196.0;6833.1;0.1;2931.0;0;11
11;31;15.9;494.4;1281.0;6406.3;0.1;2931.0;0;11
11;32;8.8;904.5;2426.0;6677.9;0.1;2931.0;0;11
11;33;11.4;703.0;1722.0;6627.1;0.1;2931.0;0;11
11;34;11.6;671.5;1762.0;6416.3;0.1;2931.0;0;11
11;35;11.4;745.5;2028.0;7027.0;0.1;2931.0;0;11
11;36;9.3;888.6;2185.0;6924.7;0.1;2931.0;0;11
11;37;8.9;914.4;2197.0;6802.6;0.1;2931.0;0;11
11;38;9.3;925.7;2077.0;7220.3;0.1;2931.0;0;11
11;39;11.3;707.0;1650.0;6590.0;0.1;2923.0;1;12
11;40;7.4;1096.7;2624.0;6856.7;0.2;2921.0;1;13
11;41;6.9;1109.1;2577.0;6518.4;0.2;2921.0;0;13
11;42;5.8;1259.1;2730.0;6263.7;0.2;2921.0;0;13
11;43;9.4;746.5;2114.0;5858.9;0.1;2921.0;0;13
11;44;12.0;546.1;1464.0;5392.1;0.1;2921.0;0;13
11;45;6.7;1028.8;2890.0;5880.6;0.2;2921.0;0;13
11;46;7.1;996.1;2703.0;6008.0;0.2;2921.0;0;13
11;47;8.7;721.6;2212.0;5272.7;0.1;2921.0;0;13
11;48;5.7;1176.4;3447.0;5778.9;0.2;2921.0;0;13
11;49;9.3;755.3;1847.0;5890.6;0.1;2921.0;0;13
11;50;5.4;1250.6;3384.0;5820.0;0.2;2921.0;0;13
11;51;5.4;1310.3;3270.0;6143.9;0.2;2921.0;0;13
11;52;7.2;968.2;2313.0;5921.7;0.2;2921.0;0;13
11;53;8.0;956.5;2753.0;6480.3;0.1;2921.0;0;13
11;54;6.0;1159.1;2774.0;5951.7;0.2;2921.0;0;13
11;55;10.5;755.4;2327.0;6555.1;0.1;2921.0;0;13
11;56;6.7;1086.2;2933.0;6170.6;0.2;2921.0;0;13
11;57;5.6;1275.3;2777.0;6149.4;0.2;2921.0;0;13
11;58;6.3;1238.4;3234.0;6710.9;0.2;2921.0;0;13
11;59;4.9;1329.1;3071.0;5715.6;0.2;2921.0;0;13
11;60;6.6;1091.8;2935.0;6150.0;0.2;2921.0;0;13
11;61;8.6;851.8;2216.0;6141.9;0.1;2921.0;0;13
11;62;9.4;823.2;2358.0;6480.0;0.1;2921.0;0;13
11;63;5.8;1231.4;2804.0;6190.6;0.2;2921.0;0;13
11;64;5.1;1262.8;3273.0;5568.0;0.2;2921.0;0;13
11;65;5.2;1334.7;4140.0;6073.9;0.2;2921.0;0;13
11;66;9.6;795.9;2013.0;6342.6;0.1;2921.0;0;13
11;67;18.6;422.8;1199.0;6347.1;0.1;2921.0;0;13
11;68;4.2;1627.0;4646.0;6007.7;0.3;2921.0;0;13
11;69;4.1;1625.9;4180.0;5943.0;0.3;2921.0;0;13
11;70;6.6;1107.9;2843.0;6286.6;0.2;2921.0;0;13
11;71;6.1;1140.7;2987.0;6006.3;0.2;2921.0;0;13
11;72;6.7;1078.8;3104.0;6180.0;0.2;2921.0;0;13
11;73;4.7;1270.9;3213.0;5210.9;0.2;2921.0;0;13
11;74;6.7;1055.7;3010.0;5997.4;0.2;2921.0;0;13
11;75;6.9;986.6;2929.0;5809.1;0.2;2921.0;0;13
11;76;7.0;938.2;2789.0;5597.7;0.2;2921.0;0;13
11;77;8.4;805.9;1965.0;5691.6;0.1;2921.0;0;13
11;78;5.5;1218.7;3205.0;5815.3;0.2;2921.0;0;13
11;79;5.3;1099.5;2864.0;5106.7;0.2;2921.0;0;13
11;80;6.9;995.7;2488.0;5869.4;0.2;2921.0;0;13
11;81;9.4;762.0;2283.0;6004.6;0.1;2921.0;0;13
11;82;12.0;632.8;1915.0;6240.4;0.1;2921.0;0;13
11;83;8.1;861.7;2627.0;5906.3;0.1;2921.0;0;13
11;84;6.2;1091.2;2916.0;5773.1;0.2;2921.0;0;13
11;85;8.5;825.7;2332.0;5903.0;0.1;2921.0;0;13
11;86;7.4;906.7;2325.0;5700.1;0.2;2921.0;0;13
11;87;8.1;836.5;2043.0;5708.7;0.1;2921.0;0;13
11;88;7.4;885.6;2186.0;5521.3;0.2;2921.0;0;13
11;89;9.7;659.3;2020.0;5302.7;0.1;2921.0;0;13
11;90;7.9;794.3;2500.0;5273.3;0.2;2921.0;0;13
11;91;8.5;787.8;2525.0;5646.3;0.1;2921.0;0;13
11;92;5.5;1176.9;3586.0;5630.9;0.2;2921.0;0;13
11;93;5.9;1079.2;3258.0;5459.0;0.2;2921.0;0;13
11;94;6.0;1076.9;3373.0;5583.1;0.2;2921.0;0;13
11;95;5.7;1097.6;3441.0;5410.6;0.2;2921.0;0;13
11;96;6.6;920.5;2963.0;5203.4;0.2;2921.0;0;13
11;97;6.6;876.8;2939.0;4962.9;0.2;2921.0;0;13
11;98;8.7;714.3;2154.0;5192.6;0.1;2921.0;0;13
11;99;5.2;1011.0;3090.0;4539.6;0.2;2921.0;0;13
12;0;21.2;432.8;1264.0;7394.9;0.1;5336.0;1;1
12;1;14.0;631.2;1608.0;7217.3;0.1;4815.0;1;2
12;2;19.8;443.6;1163.0;7103.3;0.1;4512.0;1;3
12;3;21.6;421.4;1141.0;7315.1;0.1;4110.0;1;4
12;4;20.1;434.1;1262.0;7031.7;0.1;3783.0;1;5
12;5;16.1;543.9;1709.0;7102.0;0.1;3484.0;1;6
12;6;15.8;550.4;1367.0;7057.1;0.1;3248.0;1;7
12;7;15.5;559.6;1712.0;7050.0;0.1;3073.0;1;8
12;8;12.2;669.1;2024.0;6739.4;0.1;2990.0;1;9
12;9;27.6;320.6;861.0;7075.7;0.0;2938.0;1;10
12;10;10.7;759.6;2065.0;6747.0;0.1;2937.0;1;11
12;11;17.6;477.9;1214.0;6796.6;0.1;2937.0;0;11
12;12;15.4;534.1;1345.0;6706.9;0.1;2937.0;0;11
12;13;11.6;742.5;2382.0;7098.1;0.1;2937.0;0;11
12;14;11.9;730.5;1762.0;7178.6;0.1;2937.0;0;11
12;15;10.9;727.3;1842.0;6587.0;0.1;2937.0;0;11
12;16;7.9;1014.7;2920.0;6738.6;0.2;2937.0;0;11
12;17;11.9;680.9;1527.0;6674.0;0.1;2937.0;0;11
12;18;15.0;559.1;1504.0;6846.0;0.1;2937.0;0;11
12;19;8.3;972.5;2271.0;6819.3;0.1;2937.0;0;11
12;20;9.4;899.4;2315.0;7082.7;0.1;2937.0;0;11
12;21;13.4;615.1;1657.0;6753.4;0.1;2937.0;0;11
12;22;12.7;648.3;1853.0;6781.7;0.1;2937.0;0;11
12;23;8.0;1013.9;2213.0;6794.6;0.1;2937.0;0;11
12;24;11.5;750.2;1763.0;7089.0;0.1;2937.0;0;11
12;25;9.2;876.9;2089.0;6736.1;0.1;2937.0;0;11
12;26;13.5;617.3;1428.0;6821.6;0.1;2937.0;0;11
12;27;8.6;948.2;2724.0;6810.4;0.1;2937.0;0;11
12;28;8.7;892.9;2433.0;6518.1;0.1;2937.0;0;11
12;29;10.2;787.2;2044.0;6645.4;0.1;2937.0;0;11
12;30;7.6;987.1;2631.0;6310.7;0.2;2937.0;0;11
12;31;8.2;964.4;2410.0;6646.3;0.1;2937.0;0;11
12;32;7.6;1006.1;2861.0;6460.4;0.2;2937.0;0;11
12;33;11.4;743.3;1788.0;6982.7;0.1;2937.0;0;11
12;34;10.2;771.8;1976.0;6516.6;0.1;2937.0;0;11
12;35;13.2;587.3;1629.0;6369.3;0.1;2937.0;0;11
12;36;11.1;693.2;1572.0;6386.0;0.1;2937.0;0;11
12;37;5.0;1441.5;3266.0;6284.7;0.2;2937.0;0;11
12;38;11.9;654.6;1553.0;6434.3;0.1;2937.0;0;11
12;39;8.8;840.8;2093.0;6164.7;0.1;2937.0;0;11
12;40;6.0;1144.4;2823.0;5884.0;0.2;2937.0;0;11
12;41;7.8;896.4;2209.0;5882.9;0.2;2937.0;0;11
12;42;9.1;796.8;1965.0;6085.9;0.1;2937.0;0;11
12;43;8.5;848.6;2031.0;6045.3;0.1;2937.0;0;11
12;44;10.5;713.5;2097.0;6200.6;0.1;2937.0;0;11
12;45;5.6;1204.2;3242.0;5851.3;0.2;2937.0;0;11
12;46;7.4;928.0;2251.0;5781.6;0.2;2937.0;0;11
12;47;12.2;617.2;1846.0;6214.4;0.1;2937.0;0;11
12;48;9.4;776.6;1771.0;6064.4;0.1;2937.0;0;11
12;49;12.8;552.5;1445.0;5806.6;0.1;2937.0;0;11
12;50;13.6;527.5;1487.0;5860.3;0.1;2937.0;0;11
12;51;10.3;672.3;2008.0;5727.6;0.1;2937.0;0;11
12;52;7.4;891.7;2252.0;5579.0;0.2;2937.0;0;11
12;53;17.1;421.5;1245.0;5833.1;0.1;2937.0;0;11
12;54;8.7;740.7;2204.0;5411.0;0.1;2937.0;0;11
12;55;9.4;694.6;1689.0;5434.0;0.1;2937.0;0;11
12;56;14.1;488.6;1276.0;5625.4;0.1;2937.0;0;11
12;57;8.6;726.4;1674.0;5264.7;0.1;2937.0;0;11
12;58;10.1;654.9;1965.0;5496.6;0.1;2937.0;0;11
12;59;11.2;588.5;1571.0;5435.6;0.1;2937.0;0;11
12;60;7.8;786.7;1909.0;5182.6;0.2;2937.0;0;11
12;61;10.0;645.6;1915.0;5389.4;0.1;2937.0;0;11
12;62;8.2;787.2;2278.0;5426.7;0.1;2937.0;0;11
12;63;6.3;1062.4;2964.0;5715.9;0.2;2937.0;0;11
12;64;11.7;583.7;1791.0;5609.9;0.1;2937.0;0;11
12;65;9.3;695.9;1854.0;5381.3;0.1;2937.0;0;11
12;66;6.0;957.9;2643.0;4946.3;0.2;2937.0;0;11
12;67;8.8;761.1;2048.0;5584.9;0.1;2937.0;0;11
12;68;7.5;876.0;2430.0;5558.4;0.2;2937.0;0;11
12;69;9.1;689.4;1995.0;5216.0;0.1;2937.0;0;11
12;70;11.1;615.9;1642.0;5633.7;0.1;2937.0;0;11
12;71;5.9;1040.1;2966.0;5306.4;0.2;2937.0;0;11
12;72;10.2;652.3;2164.0;5513.6;0.1;2937.0;0;11
12;73;8.6;745.0;2331.0;5347.4;0.1;2937.0;0;11
12;74;15.0;457.5;1391.0;5582.7;0.1;2937.0;0;11
12;75;9.3;670.7;1678.0;5205.3;0.1;2937.0;0;11
12;76;7.9;752.8;1921.0;5009.4;0.2;2937.0;0;11
12;77;7.6;807.7;2000.0;5173.0;0.2;2937.0;0;11
12;78;7.7;781.0;2332.0;5093.0;0.2;2937.0;0;11
12;79;11.8;546.2;1391.0;5320.1;0.1;2937.0;0;11
12;80;17.1;414.9;1342.0;5753.6;0.1;2937.0;0;11
12;81;9.5;630.8;2139.0;5015.3;0.1;2937.0;0;11
12;82;10.1;599.8;1829.0;5018.4;0.1;2937.0;0;11
12;83;6.5;883.4;2303.0;4876.9;0.2;2937.0;0;11
12;84;13.1;499.7;1371.0;5374.9;0.1;2937.0;0;11
12;85;13.5;487.7;1233.0;5384.7;0.1;2937.0;0;11
12;86;14.9;449.5;1324.0;5468.7;0.1;2937.0;0;11
12;87;19.9;338.8;754.0;5452.9;0.1;2937.0;0;11
12;88;16.2;408.3;999.0;5387.1;0.1;2937.0;0;11
12;89;12.1;529.6;1754.0;5276.4;0.1;2937.0;0;11
12;90;13.7;485.8;1772.0;5449.3;0.1;2937.0;0;11
12;91;15.2;445.5;1421.0;5500.0;0.1;2937.0;0;11
12;92;14.2;444.5;1631.0;5148.7;0.1;2937.0;0;11
12;93;13.5;473.3;1448.0;5229.3;0.1;2937.0;0;11
12;94;24.1;278.1;859.0;5376.9;0.1;2937.0;0;11
12;95;16.2;394.0;1180.0;5187.7;0.1;2937.0;0;11
12;96;14.0;451.8;1145.0;5176.9;0.1;2937.0;0;11
12;97;35.0;189.6;585.0;5273.0;0.0;2937.0;0;11
12;98;8.6;628.4;1856.0;4531.4;0.1;2937.0;0;11
12;99;34.7;184.4;571.0;5084.0;0.0;2937.0;0;11
13;0;16.6;536.4;1621.0;7217.0;0.1;5710.0;1;1
13;1;12.3;697.5;1890.0;7049.7;0.1;5239.0;1;2
13;2;15.1;579.6;1594.0;7138.7;0.1;4752.0;1;3
13;3;11.2;745.1;2161.0;6923.9;0.1;4320.0;1;4
13;4;15.3;583.0;1611.0;7262.0;0.1;4008.0;1;5
13;5;11.7;734.5;1861.0;7058.9;0.1;3712.0;1;6
13;6;14.3;586.9;1629.0;6870.7;0.1;3468.0;1;7
13;7;15.8;539.7;1596.0;6919.1;0.1;3224.0;1;8
13;8;15.4;560.9;1472.0;7042.9;0.1;3030.0;1;9
13;9;15.5;552.7;1501.0;6965.4;0.1;2955.0;1;10
13;10;10.5;795.9;1967.0;6915.0;0.1;2948.0;1;11
13;11;19.4;461.3;1145.0;7212.7;0.1;2948.0;0;11
13;12;13.9;614.8;1615.0;7002.4;0.1;2948.0;0;11
13;13;11.1;771.0;2133.0;7094.9;0.1;2948.0;0;11
13;14;12.5;651.1;1687.0;6710.0;0.1;2948.0;0;11
13;15;10.2;776.8;2077.0;6572.7;0.1;2948.0;0;11
13;16;13.4;648.0;1641.0;7104.9;0.1;2948.0;0;11
13;17;8.5;1000.2;2434.0;7113.9;0.1;2948.0;0;11
13;18;10.2;844.2;1948.0;7151.3;0.1;2948.0;0;11
13;19;12.1;681.4;1682.0;6789.7;0.1;2948.0;0;11
13;20;11.0;784.4;2404.0;7116.1;0.1;2948.0;0;11
13;21;9.8;831.9;1993.0;6780.0;0.1;2948.0;0;11
13;22;12.6;649.3;1668.0;6742.1;0.1;2948.0;0;11
13;23;9.4;884.2;1913.0;6953.4;0.1;2948.0;0;11
13;24;8.4;975.5;2379.0;6853.1;0.1;2948.0;0;11
13;25;11.6;717.5;1720.0;6844.6;0.1;2927.0;1;12
13;26;13.7;639.9;1874.0;7164.1;0.1;2924.0;1;13
13;27;7.1;1117.1;2877.0;6705.1;0.2;2924.0;0;13
13;28;8.8;900.6;2034.0;6628.1;0.1;2924.0;0;13
13;29;7.6;1079.5;2732.0;6905.0;0.2;2924.0;0;13
13;30;8.8;861.2;2190.0;6366.1;0.1;2924.0;0;13
13;31;5.4;1320.8;3545.0;6203.1;0.2;2924.0;0;13
13;32;9.1;865.0;2298.0;6545.6;0.1;2924.0;0;13
13;33;6.7;1226.7;2905.0;7005.0;0.2;2924.0;0;13
13;34;8.0;992.6;2610.0;6714.0;0.1;2924.0;0;13
13;35;8.0;1012.2;2434.0;6858.3;0.1;2924.0;0;13
13;36;6.4;1156.7;2958.0;6341.4;0.2;2924.0;0;13
13;37;5.3;1402.7;3779.0;6460.3;0.2;2924.0;0;13
13;38;8.1;945.3;2540.0;6473.4;0.1;2924.0;0;13
13;39;7.0;1015.5;2954.0;6005.9;0.2;2924.0;0;13
13;40;7.3;959.1;2523.0;5925.9;0.2;2924.0;0;13
13;41;10.1;714.9;1826.0;6019.7;0.1;2924.0;0;13
13;42;11.5;626.1;1719.0;5942.4;0.1;2924.0;0;13
13;43;11.3;636.0;1686.0;5955.0;0.1;2924.0;0;13
13;44;8.2;846.0;2532.0;5848.3;0.1;2924.0;0;13
13;45;9.0;740.2;1905.0;5591.7;0.1;2924.0;0;13
13;46;9.7;710.8;1701.0;5756.7;0.1;2924.0;0;13
13;47;7.8;931.5;2414.0;6105.7;0.2;2924.0;0;13
13;48;6.6;1026.8;2880.0;5791.9;0.2;2924.0;0;13
13;49;7.8;872.7;2121.0;5758.6;0.2;2924.0;0;13
13;50;7.6;849.5;2189.0;5456.7;0.2;2924.0;0;13
13;51;5.8;1042.0;2479.0;5211.0;0.2;2924.0;0;13
13;52;7.8;861.1;2148.0;5657.3;0.2;2924.0;0;13
13;53;9.9;707.9;1687.0;5814.4;0.1;2924.0;0;13
13;54;7.0;925.2;2505.0;5534.9;0.2;2924.0;0;13
13;55;11.3;602.0;1484.0;5617.0;0.1;2924.0;0;13
13;56;7.6;846.2;2100.0;5403.6;0.2;2924.0;0;13
13;57;10.9;594.8;1473.0;5368.9;0.1;2924.0;0;13
13;58;6.3;938.1;2336.0;5053.0;0.2;2924.0;0;13
13;59;13.0;516.0;1475.0;5492.4;0.1;2924.0;0;13
13;60;7.6;824.1;2125.0;5277.9;0.2;2924.0;0;13
13;61;9.9;654.1;1715.0;5376.0;0.1;2924.0;0;13
13;62;8.8;749.0;2142.0;5508.0;0.1;2924.0;0;13
13;63;5.6;1199.8;2957.0;5841.0;0.2;2924.0;0;13
13;64;7.1;841.7;2259.0;5046.0;0.2;2924.0;0;13
13;65;10.8;603.5;1669.0;5405.9;0.1;2924.0;0;13
13;66;12.5;536.3;1616.0;5510.7;0.1;2924.0;0;13
13;67;7.8;771.6;1841.0;5101.6;0.2;2924.0;0;13
13;68;9.6;650.0;1871.0;5176.0;0.1;2924.0;0;13
13;69;10.0;622.4;1879.0;5189.3;0.1;2924.0;0;13
13;70;14.7;461.8;1164.0;5529.3;0.1;2924.0;0;13
13;71;5.8;929.9;2184.0;4672.3;0.2;2924.0;0;13
13;72;6.4;875.4;2283.0;4806.0;0.2;2924.0;0;13
13;73;5.2;1216.3;3203.0;5521.4;0.2;2924.0;0;13
13;74;5.4;1174.0;3265.0;5496.3;0.2;2924.0;0;13
13;75;5.1;1142.8;2977.0;5120.3;0.2;2924.0;0;13
13;76;6.9;929.8;2943.0;5485.0;0.2;2924.0;0;13
13;77;6.6;945.7;2544.0;5309.7;0.2;2924.0;0;13
13;78;10.5;578.8;1795.0;5017.7;0.1;2924.0;0;13
13;79;6.4;991.8;3036.0;5441.7;0.2;2924.0;0;13
13;80;7.9;723.9;1775.0;4801.1;0.2;2924.0;0;13
13;81;8.4;699.2;1806.0;4914.6;0.1;2924.0;0;13
13;82;17.3;367.6;1097.0;5160.6;0.1;2924.0;0;13
13;83;10.6;540.8;1681.0;4758.4;0.1;2924.0;0;13
13;84;13.2;461.2;1662.0;4994.0;0.1;2924.0;0;13
13;85;8.9;635.2;1954.0;4731.7;0.1;2924.0;0;13
13;86;10.3;553.0;2001.0;4730.7;0.1;2924.0;0;13
13;87;8.6;628.5;1808.0;4534.6;0.1;2924.0;0;13
13;88;10.1;572.1;1574.0;4802.7;0.1;2924.0;0;13
13;89;10.5;562.8;1834.0;4915.4;0.1;2924.0;0;13
13;90;9.5;580.0;1762.0;4572.6;0.1;2924.0;0;13
13;91;14.3;429.5;1503.0;5002.9;0.1;2924.0;0;13
13;92;7.8;766.2;2559.0;5038.9;0.2;2924.0;0;13
13;93;13.2;503.0;1623.0;5425.4;0.1;2924.0;0;13
13;94;10.0;576.9;1799.0;4788.6;0.1;2924.0;0;13
13;95;9.1;682.0;1844.0;5188.6;0.1;2924.0;0;13
13;96;7.3;825.4;2630.0;5090.6;0.2;2924.0;0;13
13;97;6.2;1006.4;3473.0;5346.7;0.2;2924.0;0;13
13;98;5.9;1043.9;3708.0;5317.9;0.2;2924.0;0;13
13;99;10.4;569.9;1863.0;4922.7;0.1;2924.0;0;13
14;0;15.5;573.4;1451.0;7255.0;0.1;5933.0;1;1
14;1;12.5;690.8;1912.0;7099.4;0.1;5382.0;1;2
14;2;19.6;448.4;1273.0;7109.3;0.1;5006.0;1;3
14;3;15.2;558.7;1571.0;6915.9;0.1;4569.0;1;4
14;4;22.2;408.9;1214.0;7291.6;0.1;4314.0;1;5
14;5;10.5;813.1;2252.0;7057.1;0.1;4118.0;1;6
14;6;14.5;595.3;1700.0;7032.1;0.1;3651.0;1;7
14;7;21.9;400.2;1022.0;7046.9;0.1;3367.0;1;8
14;8;10.4;834.1;2266.0;7179.1;0.1;3106.0;1;9
14;9;12.4;676.7;1732.0;6871.6;0.1;2942.0;1;10
14;10;19.3;451.2;1163.0;7050.7;0.1;2906.0;1;11
14;11;17.4;490.0;1170.0;6920.6;0.1;2906.0;0;11
14;12;17.4;514.6;1304.0;7245.9;0.1;2906.0;0;11
14;13;21.5;413.7;1115.0;7162.6;0.1;2906.0;0;11
14;14;14.7;592.4;1310.0;7099.7;0.1;2906.0;0;11
14;15;13.1;670.9;1565.0;7214.6;0.1;2906.0;0;11
14;16;14.6;561.9;1481.0;6702.4;0.1;2906.0;0;11
14;17;12.4;668.9;1735.0;6792.9;0.1;2906.0;0;11
14;18;10.5;773.2;2106.0;6715.3;0.1;2906.0;0;11
14;19;10.9;783.5;1988.0;7037.3;0.1;2906.0;0;11
14;20;15.4;537.0;1337.0;6725.3;0.1;2906.0;0;11
14;21;8.4;963.1;2477.0;6799.1;0.1;2906.0;0;11
14;22;11.1;767.4;1945.0;7020.4;0.1;2906.0;0;11
14;23;14.5;610.0;1603.0;7223.4;0.1;2906.0;0;11
14;24;6.5;1256.5;3280.0;6956.0;0.2;2906.0;0;11
14;25;10.2;816.2;2217.0;6882.6;0.1;2906.0;0;11
14;26;7.3;1157.3;3117.0;7127.9;0.2;2906.0;0;11
14;27;8.0;1027.5;2451.0;6924.3;0.1;2906.0;0;11
14;28;10.5;802.8;2236.0;7001.1;0.1;2906.0;0;11
14;29;6.9;1074.7;3179.0;6316.3;0.2;2906.0;0;11
14;30;14.1;641.7;1711.0;7404.4;0.1;2906.0;0;11
14;31;9.3;855.9;2207.0;6663.7;0.1;2906.0;0;11
14;32;16.2;515.7;1334.0;6795.4;0.1;2906.0;0;11
14;33;7.3;1073.6;2988.0;6656.4;0.2;2906.0;0;11
14;34;10.8;734.1;1795.0;6590.4;0.1;2906.0;0;11
14;35;6.1;1130.1;2656.0;5934.0;0.2;2906.0;0;11
14;36;8.2;888.6;2616.0;6147.0;0.1;2906.0;0;11
14;37;7.0;997.7;2536.0;5977.0;0.2;2906.0;0;11
14;38;7.5;947.2;2368.0;5991.3;0.2;2906.0;0;11
14;39;8.7;892.9;2248.0;6508.4;0.1;2906.0;0;11
14;40;6.5;1053.0;2466.0;5835.7;0.2;2906.0;0;11
14;41;10.7;698.8;1845.0;6208.4;0.1;2906.0;0;11
14;42;6.1;1113.1;2626.0;5789.1;0.2;2906.0;0;11
14;43;6.6;1050.7;3089.0;5927.4;0.2;2906.0;0;11
14;44;6.4;1056.9;2779.0;5782.1;0.2;2906.0;0;11
14;45;12.0;624.3;1946.0;6184.4;0.1;2906.0;0;11
14;46;5.1;1265.2;3211.0;5602.7;0.2;2906.0;0;11
14;47;6.0;1085.8;2854.0;5625.0;0.2;2906.0;0;11
14;48;5.7;1217.0;3062.0;5957.7;0.2;2906.0;0;11
14;49;6.9;1036.0;2371.0;6052.4;0.2;2906.0;0;11
14;50;5.1;1410.7;3693.0;6272.4;0.2;2906.0;0;11
14;51;5.7;1329.6;3514.0;6576.9;0.2;2906.0;0;11
14;52;8.5;939.4;2910.0;6670.4;0.1;2906.0;0;11
14;53;5.2;1229.9;2876.0;5565.7;0.2;2906.0;0;11
14;54;10.7;674.4;2044.0;5956.0;0.1;2906.0;0;11
14;55;12.9;591.3;1620.0;6256.3;0.1;2906.0;0;11
14;56;10.4;752.9;2070.0;6489.9;0.1;2906.0;0;11
14;57;5.4;1180.6;2990.0;5565.3;0.2;2906.0;0;11
14;58;5.5;1039.6;2362.0;4956.7;0.2;2906.0;0;11
14;59;30.9;232.2;575.0;5721.1;0.0;2906.0;0;11
14;60;14.3;478.8;1372.0;5597.7;0.1;2906.0;0;11
14;61;9.2;701.7;1829.0;5380.0;0.1;2906.0;0;11
14;62;13.4;491.2;1159.0;5384.4;0.1;2906.0;0;11
14;63;9.0;729.8;2117.0;5511.1;0.1;2906.0;0;11
14;64;7.3;840.7;2628.0;5194.4;0.2;2906.0;0;11
14;65;6.8;848.9;2182.0;4941.3;0.2;2906.0;0;11
14;66;6.9;867.8;2436.0;5069.1;0.2;2906.0;0;11
14;67;8.2;775.9;1985.0;5357.6;0.1;2906.0;0;11
14;68;5.8;950.1;2438.0;4758.0;0.2;2906.0;0;11
14;69;6.1;916.6;2289.0;4836.3;0.2;2906.0;0;11
14;70;10.2;624.1;1670.0;5303.1;0.1;2906.0;0;11
14;71;7.6;832.1;2043.0;5375.3;0.2;2906.0;0;11
14;72;8.9;701.4;2113.0;5209.6;0.1;2906.0;0;11
14;73;5.4;1008.8;2570.0;4756.3;0.2;2906.0;0;11
14;74;7.7;779.6;2054.0;5090.6;0.2;2906.0;0;11
14;75;8.0;754.7;1954.0;5060.7;0.1;2906.0;0;11
14;76;10.8;603.7;1642.0;5376.7;0.1;2906.0;0;11
14;77;6.2;936.0;2467.0;4961.3;0.2;2906.0;0;11
14;78;7.3;813.1;2232.0;5045.7;0.2;2906.0;0;11
14;79;7.5;829.8;2432.0;5247.0;0.2;2906.0;0;11
14;80;6.4;945.9;2481.0;5157.4;0.2;2906.0;0;11
14;81;8.9;729.6;1758.0;5429.3;0.1;2906.0;0;11
14;82;8.9;742.5;2149.0;5538.0;0.1;2906.0;0;11
14;83;7.4;842.8;2396.0;5266.9;0.2;2906.0;0;11
14;84;8.7;758.2;1896.0;5532.1;0.1;2906.0;0;11
14;85;9.3;702.1;1935.0;5453.3;0.1;2906.0;0;11
14;86;9.2;716.2;1977.0;5508.1;0.1;2906.0;0;11
14;87;17.8;401.5;1265.0;5790.3;0.1;2906.0;0;11
14;88;14.1;495.2;1322.0;5703.1;0.1;2906.0;0;11
14;89;7.7;809.5;2195.0;5290.7;0.2;2906.0;0;11
14;90;14.6;472.3;1425.0;5630.4;0.1;2906.0;0;11
14;91;50.2;148.4;428.0;5888.6;0.0;2906.0;0;11
14;92;7.2;853.4;2699.0;5191.3;0.2;2906.0;0;11
14;93;14.0;472.8;1580.0;5410.9;0.1;2906.0;0;11
14;94;9.4;690.5;2388.0;5409.7;0.1;2906.0;0;11
14;95;13.2;446.0;1331.0;4827.3;0.1;2906.0;0;11
14;96;11.8;512.3;1710.0;4997.9;0.1;2906.0;0;11
14;97;7.6;866.1;2527.0;5535.1;0.2;2906.0;0;11
14;98;8.8;780.3;2709.0;5735.4;0.1;2906.0;0;11
14;99;9.4;781.6;2400.0;6155.1;0.1;2906.0;0;11
15;0;14.1;623.8;1743.0;7191.4;0.1;5387.0;1;1
15;1;20.0;427.5;1225.0;6905.3;0.1;4951.0;1;2
15;2;11.5;784.5;2151.0;7458.1;0.1;4271.0;1;3
15;3;17.9;485.4;1308.0;7042.4;0.1;3958.0;1;4
15;4;16.0;556.8;1610.0;7244.1;0.1;3696.0;1;5
15;5;16.8;509.7;1209.0;6942.6;0.1;3462.0;1;6
15;6;19.0;459.0;1221.0;7044.9;0.1;3146.0;1;7
15;7;8.9;937.2;2500.0;7002.7;0.1;2961.0;1;8
15;8;18.0;488.4;1393.0;7102.9;0.1;2933.0;1;9
15;9;19.8;436.1;1148.0;6972.9;0.1;2921.0;1;10
15;10;10.2;837.6;2660.0;7113.0;0.1;2920.0;1;11
15;11;10.8;805.4;2069.0;7231.3;0.1;2920.0;0;11
15;12;15.2;574.7;1563.0;7114.0;0.1;2920.0;0;11
15;13;14.4;598.8;1642.0;7063.3;0.1;2920.0;0;11
15;14;10.7;789.3;2011.0;6982.7;0.1;2920.0;0;11
15;15;15.7;549.7;1283.0;7040.4;0.1;2920.0;0;11
15;16;15.5;540.6;1282.0;6831.1;0.1;2920.0;0;11
15;17;13.7;603.1;1507.0;6773.3;0.1;2920.0;0;11
15;18;24.4;346.7;862.0;6798.0;0.1;2920.0;0;11
15;19;12.0;675.5;1806.0;6679.3;0.1;2920.0;0;11
15;20;13.5;584.0;1677.0;6459.7;0.1;2920.0;0;11
15;21;21.7;377.3;851.0;6589.3;0.1;2920.0;0;11
15;22;14.9;549.0;1423.0;6651.7;0.1;2920.0;0;11
15;23;10.8;756.9;1953.0;6752.6;0.1;2920.0;0;11
15;24;16.6;472.0;1102.0;6344.6;0.1;2920.0;0;11
15;25;14.4;572.0;1404.0;6726.4;0.1;2920.0;0;11
15;26;11.8;655.3;1762.0;6356.0;0.1;2920.0;0;11
15;27;7.7;1072.9;2638.0;6964.6;0.2;2920.0;0;11
15;28;10.3;806.0;2126.0;6912.9;0.1;2920.0;0;11
15;29;12.6;708.7;1641.0;7361.1;0.1;2920.0;0;11
15;30;8.4;978.2;2649.0;6939.0;0.1;2920.0;0;11
15;31;10.2;847.1;2040.0;7159.0;0.1;2920.0;0;11
15;32;8.3;986.9;2782.0;6869.7;0.1;2920.0;0;11
15;33;11.4;689.2;2049.0;6511.7;0.1;2920.0;0;11
15;34;9.4;858.1;2158.0;6701.1;0.1;2920.0;0;11
15;35;16.7;475.4;1366.0;6427.3;0.1;2920.0;0;11
15;36;9.8;749.3;2086.0;6107.0;0.1;2920.0;0;11
15;37;11.8;618.9;1534.0;6006.7;0.1;2920.0;0;11
15;38;10.0;716.5;2006.0;5949.4;0.1;2920.0;0;11
15;39;8.8;800.4;2326.0;5876.3;0.1;2920.0;0;11
15;40;7.8;918.4;2384.0;6081.3;0.2;2920.0;0;11
15;41;7.6;999.4;2490.0;6428.7;0.2;2920.0;0;11
15;42;5.7;1268.0;3681.0;6237.1;0.2;2920.0;0;11
15;43;9.1;828.3;2075.0;6330.7;0.1;2913.0;1;12
15;44;5.7;1165.8;3325.0;5782.4;0.2;2910.0;1;13
15;45;7.5;922.8;2486.0;5849.6;0.2;2910.0;0;13
15;46;12.3;589.4;1588.0;5943.4;0.1;2910.0;0;13
15;47;7.3;933.5;2444.0;5797.6;0.2;2910.0;0;13
15;48;13.5;544.7;1261.0;6037.3;0.1;2910.0;0;13
15;49;7.0;919.1;2111.0;5486.1;0.2;2910.0;0;13
15;50;10.3;691.9;1741.0;5887.7;0.1;2910.0;0;13
15;51;9.2;761.0;2226.0;5839.1;0.1;2910.0;0;13
15;52;6.3;1095.1;2947.0;5915.4;0.2;2910.0;0;13
15;53;6.6;1069.9;2786.0;6023.6;0.2;2910.0;0;13
15;54;7.4;971.6;2329.0;6110.1;0.2;2910.0;0;13
15;55;6.3;1076.5;3146.0;5800.1;0.2;2910.0;0;13
15;56;8.6;743.1;1914.0;5347.6;0.1;2910.0;0;13
15;57;8.0;832.8;2153.0;5637.4;0.1;2910.0;0;13
15;58;7.2;893.6;2190.0;5449.7;0.2;2910.0;0;13
15;59;8.5;804.3;2062.0;5716.3;0.1;2910.0;0;13
15;60;7.7;836.6;2349.0;5459.9;0.2;2910.0;0;13
15;61;7.1;896.5;2147.0;5404.7;0.2;2910.0;0;13
15;62;6.1;1054.0;2596.0;5536.4;0.2;2910.0;0;13
15;63;9.6;686.5;1898.0;5509.6;0.1;2910.0;0;13
15;64;14.0;474.9;1244.0;5434.1;0.1;2910.0;0;13
15;65;9.2;689.6;1866.0;5305.9;0.1;2910.0;0;13
15;66;11.1;563.3;1581.0;5177.4;0.1;2910.0;0;13
15;67;15.0;457.0;1312.0;5581.4;0.1;2910.0;0;13
15;68;7.2;903.0;2785.0;5530.6;0.2;2910.0;0;13
15;69;7.5;847.3;2681.0;5389.6;0.2;2910.0;0;13
15;70;8.8;663.3;1746.0;4892.3;0.1;2910.0;0;13
15;71;10.1;613.3;1891.0;5131.0;0.1;2910.0;0;13
15;72;7.7;786.8;2103.0;5098.7;0.2;2910.0;0;13
15;73;15.4;438.1;1327.0;5483.7;0.1;2910.0;0;13
15;74;7.7;736.9;1861.0;4809.1;0.2;2910.0;0;13
15;75;16.8;394.8;1076.0;5381.1;0.1;2910.0;0;13
15;76;6.5;879.8;2239.0;4865.1;0.2;2910.0;0;13
15;77;14.1;454.1;1288.0;5215.7;0.1;2910.0;0;13
15;78;20.3;325.5;818.0;5318.0;0.1;2910.0;0;13
15;79;7.1;864.9;2380.0;5225.4;0.2;2910.0;0;13
15;80;6.6;863.7;2318.0;4871.0;0.2;2910.0;0;13
15;81;8.3;761.2;2255.0;5338.1;0.1;2910.0;0;13
15;82;8.7;730.5;2159.0;5303.3;0.1;2910.0;0;13
15;83;7.0;920.6;2635.0;5471.3;0.2;2910.0;0;13
15;84;6.4;992.9;2704.0;5418.4;0.2;2910.0;0;13
15;85;6.0;998.7;2797.0;5169.0;0.2;2910.0;0;13
15;86;4.2;1577.4;4379.0;5815.9;0.3;2910.0;0;13
15;87;5.4;1124.6;3818.0;5227.0;0.2;2910.0;0;13
15;88;12.8;516.2;1554.0;5426.7;0.1;2910.0;0;13
15;89;8.3;778.3;2744.0;5417.0;0.1;2910.0;0;13
15;90;10.0;636.4;2213.0;5282.1;0.1;2910.0;0;13
15;91;4.1;1536.0;4828.0;5650.9;0.3;2910.0;0;13
15;92;5.7;1054.4;3280.0;5174.4;0.2;2910.0;0;13
15;93;6.3;965.2;3116.0;5178.4;0.2;2910.0;0;13
15;94;4.8;1419.6;4941.0;5975.7;0.2;2910.0;0;13
15;95;7.3;924.5;2841.0;5706.3;0.2;2910.0;0;13
15;96;5.3;1232.2;3894.0;5634.9;0.2;2910.0;0;13
15;97;5.1;1229.7;3842.0;5420.3;0.2;2910.0;0;13
15;98;6.5;911.9;3027.0;5086.7;0.2;2910.0;0;13
15;99;15.2;386.6;1106.0;4802.1;0.1;2910.0;0;13
16;0;12.9;666.6;1748.0;7058.7;0.1;5386.0;1;1
16;1;14.3;593.9;1606.0;6919.7;0.1;4907.0;1;2
16;2;12.4;701.3;2150.0;7160.4;0.1;4518.0;1;3
16;3;12.8;709.6;1756.0;7450.3;0.1;4126.0;1;4
16;4;23.3;376.4;1101.0;7028.0;0.1;3890.0;1;5
16;5;13.7;650.3;1708.0;7272.0;0.1;3742.0;1;6
16;6;12.4;673.5;2010.0;6879.0;0.1;3460.0;1;7
16;7;12.7;657.2;1918.0;6840.1;0.1;3255.0;1;8
16;8;13.5;640.5;1744.0;7093.9;0.1;3023.0;1;9
16;9;15.0;568.1;1510.0;6963.7;0.1;2935.0;1;10
16;10;15.5;573.7;1623.0;7224.9;0.1;2935.0;0;10
16;11;10.8;761.3;1810.0;6828.6;0.1;2935.0;0;10
16;12;13.6;673.5;1691.0;7501.7;0.1;2935.0;0;10
16;13;13.0;637.9;1615.0;6818.3;0.1;2935.0;0;10
16;14;10.2;771.8;2145.0;6562.9;0.1;2935.0;0;10
16;15;12.5;662.7;1502.0;6801.7;0.1;2935.0;0;10
16;16;10.8;768.2;2181.0;6891.1;0.1;2935.0;0;10
16;17;14.4;553.5;1322.0;6508.9;0.1;2935.0;0;10
16;18;12.9;635.4;1791.0;6709.1;0.1;2935.0;0;10
16;19;11.5;682.8;1648.0;6497.6;0.1;2935.0;0;10
16;20;12.4;681.1;1755.0;6957.4;0.1;2935.0;0;10
16;21;8.9;873.9;2359.0;6488.3;0.1;2935.0;0;10
16;22;8.6;968.0;2447.0;6963.9;0.1;2935.0;0;10
16;23;11.7;707.3;1863.0;6796.7;0.1;2935.0;0;10
16;24;8.6;973.2;2415.0;7033.1;0.1;2935.0;0;10
16;25;10.1;823.7;1976.0;6929.9;0.1;2935.0;0;10
16;26;11.7;702.9;1880.0;6777.1;0.1;2935.0;0;10
16;27;15.2;559.5;1311.0;6911.4;0.1;2935.0;0;10
16;28;8.3;945.3;2588.0;6582.9;0.1;2935.0;0;10
16;29;8.9;856.1;2399.0;6346.3;0.1;2935.0;0;10
16;30;9.8;827.2;2383.0;6735.0;0.1;2935.0;0;10
16;31;8.9;845.6;2089.0;6283.4;0.1;2935.0;0;10
16;32;11.9;685.5;1602.0;6722.9;0.1;2935.0;0;10
16;33;12.7;636.3;1564.0;6639.0;0.1;2935.0;0;10
16;34;9.5;832.1;2146.0;6571.6;0.1;2935.0;0;10
16;35;9.5;847.5;2374.0;6704.0;0.1;2935.0;0;10
16;36;16.2;508.6;1270.0;6694.0;0.1;2935.0;0;10
16;37;13.1;626.6;1644.0;6726.0;0.1;2932.0;1;11
16;38;6.7;1144.4;2789.0;6580.6;0.2;2932.0;0;11
16;39;7.6;1004.9;2861.0;6495.6;0.2;2932.0;0;11
16;40;7.5;951.9;2201.0;6026.4;0.2;2932.0;0;11
16;41;6.1;1114.4;2593.0;5875.1;0.2;2932.0;0;11
16;42;6.6;1023.5;2546.0;5769.9;0.2;2932.0;0;11
16;43;10.8;686.9;1800.0;6151.4;0.1;2932.0;0;11
16;44;7.5;890.9;2349.0;5678.7;0.2;2932.0;0;11
16;45;7.3;905.9;2185.0;5594.1;0.2;2932.0;0;11
16;46;13.6;532.5;1544.0;5941.0;0.1;2932.0;0;11
16;47;7.7;886.0;2537.0;5760.6;0.2;2932.0;0;11
16;48;10.3;689.6;2111.0;5915.7;0.1;2932.0;0;11
16;49;11.2;648.2;1910.0;5996.1;0.1;2932.0;0;11
16;50;11.6;621.0;1643.0;5917.9;0.1;2932.0;0;11
16;51;7.5;905.1;2447.0;5710.3;0.2;2932.0;0;11
16;52;10.5;664.6;1625.0;5785.9;0.1;2932.0;0;11
16;53;9.5;753.0;2148.0;5979.0;0.1;2932.0;0;11
16;54;6.8;1055.4;3057.0;6112.9;0.2;2932.0;0;11
16;55;6.2;1005.4;2320.0;5354.9;0.2;2932.0;0;11
16;56;7.2;874.4;2369.0;5343.1;0.2;2932.0;0;11
16;57;5.8;1034.1;2656.0;5173.3;0.2;2932.0;0;11
16;58;11.0;590.0;1361.0;5361.7;0.1;2932.0;0;11
16;59;6.8;857.2;2096.0;4990.4;0.2;2932.0;0;11
16;60;12.4;515.9;1188.0;5257.6;0.1;2932.0;0;11
16;61;8.3;737.3;1878.0;5141.6;0.1;2932.0;0;11
16;62;6.3;902.9;2244.0;4864.4;0.2;2932.0;0;11
16;63;8.4;717.7;2014.0;5051.9;0.1;2932.0;0;11
16;64;6.3;834.3;1997.0;4536.0;0.2;2932.0;0;11
16;65;9.2;689.7;2055.0;5295.1;0.1;2932.0;0;11
16;66;5.3;950.2;2300.0;4343.0;0.2;2932.0;0;11
16;67;6.1;865.7;2113.0;4540.9;0.2;2932.0;0;11
16;68;7.2;941.7;2521.0;5768.4;0.2;2932.0;0;11
16;69;5.0;1356.2;3344.0;5913.7;0.2;2932.0;0;11
16;70;7.7;739.5;2066.0;4808.9;0.2;2932.0;0;11
16;71;4.0;1612.3;4340.0;5755.3;0.3;2932.0;0;11
16;72;4.7;1386.2;3842.0;5763.6;0.2;2932.0;0;11
16;73;7.5;758.1;2017.0;4801.1;0.2;2932.0;0;11
16;74;4.0;1397.1;3617.0;5033.4;0.3;2932.0;0;11
16;75;4.5;1312.7;3486.0;5225.0;0.3;2932.0;0;11
16;76;6.4;919.5;2505.0;5032.9;0.2;2932.0;0;11
16;77;6.2;856.2;2233.0;4521.7;0.2;2932.0;0;11
16;78;5.1;982.7;2231.0;4351.0;0.2;2932.0;0;11
16;79;7.8;763.3;2115.0;5037.0;0.2;2932.0;0;11
16;80;6.4;954.1;2519.0;5255.3;0.2;2932.0;0;11
16;81;5.7;1081.0;2966.0;5311.0;0.2;2932.0;0;11
16;82;9.4;683.2;1695.0;5369.9;0.1;2932.0;0;11
16;83;8.7;703.9;2116.0;5129.0;0.1;2932.0;0;11
16;84;13.2;456.9;1626.0;4944.0;0.1;2932.0;0;11
16;85;8.4;691.1;1689.0;4871.4;0.1;2932.0;0;11
16;86;9.5;592.4;1784.0;4690.0;0.1;2932.0;0;11
16;87;5.3;982.1;2851.0;4547.3;0.2;2932.0;0;11
16;88;6.2;1080.7;3089.0;5755.0;0.2;2932.0;0;11
16;89;25.7;220.1;802.0;4525.9;0.0;2932.0;0;11
16;90;4.1;1575.2;5305.0;5679.9;0.3;2932.0;0;11
16;91;9.6;582.0;1690.0;4670.7;0.1;2932.0;0;11
16;92;6.3;866.9;2754.0;4684.3;0.2;2932.0;0;11
16;93;12.2;541.2;1944.0;5428.4;0.1;2932.0;0;11
16;94;8.9;701.5;2098.0;5225.0;0.1;2932.0;0;11
16;95;15.2;458.6;1708.0;5679.3;0.1;2932.0;0;11
16;96;9.5;689.4;2275.0;5440.0;0.1;2932.0;0;11
16;97;8.5;803.3;2914.0;5741.7;0.1;2932.0;0;11
16;98;8.9;711.8;2294.0;5287.9;0.1;2932.0;0;11
16;99;9.9;634.2;2034.0;5197.6;0.1;2932.0;0;11
17;0;13.4;659.9;1749.0;7233.4;0.1;5749.0;1;1
17;1;19.2;446.1;1127.0;6915.1;0.1;5529.0;1;2
17;2;16.1;531.4;1453.0;6964.3;0.1;5331.0;1;3
17;3;15.7;560.2;1537.0;7162.1;0.1;5162.0;1;4
17;4;19.0;456.8;1273.0;7024.4;0.1;4615.0;1;5
17;5;12.9;663.8;1921.0;7013.0;0.1;4254.0;1;6
17;6;22.5;385.5;987.0;6963.9;0.1;4031.0;1;7
17;7;12.5;673.8;1895.0;6943.6;0.1;3639.0;1;8
17;8;14.5;587.8;1602.0;6936.6;0.1;3480.0;1;9
17;9;14.1;585.5;1574.0;6769.6;0.1;3273.0;1;10
17;10;16.5;547.7;1473.0;7330.1;0.1;3076.0;1;11
17;11;16.0;506.1;1327.0;6583.9;0.1;2967.0;1;12
17;12;15.0;580.3;1709.0;7106.3;0.1;2967.0;0;12
17;13;16.8;506.8;1397.0;6925.1;0.1;2967.0;0;12
17;14;13.0;704.4;1861.0;7537.3;0.1;2967.0;0;12
17;15;12.3;704.0;1698.0;7140.7;0.1;2967.0;0;12
17;16;13.7;594.7;1736.0;6688.1;0.1;2967.0;0;12
17;17;10.8;802.9;2091.0;7174.9;0.1;2967.0;0;12
17;18;14.3;584.2;1466.0;6823.1;0.1;2967.0;0;12
17;19;12.4;658.0;1538.0;6710.0;0.1;2967.0;0;12
17;20;14.8;572.3;1517.0;6894.7;0.1;2967.0;0;12
17;21;10.2;813.1;2040.0;6857.0;0.1;2967.0;0;12
17;22;11.0;749.6;1732.0;6799.4;0.1;2967.0;0;12
17;23;11.5;688.8;1706.0;6554.3;0.1;2967.0;0;12
17;24;12.9;643.8;1744.0;6819.3;0.1;2958.0;1;13
17;25;10.3;788.6;2225.0;6711.0;0.1;2956.0;1;14
17;26;7.9;1062.6;2550.0;7078.7;0.2;2956.0;0;14
17;27;11.6;702.8;1796.0;6747.6;0.1;2956.0;0;14
17;28;5.6;1344.0;3617.0;6528.6;0.2;2956.0;0;14
17;29;7.7;1052.7;2474.0;6879.0;0.2;2956.0;0;14
17;30;7.1;1075.1;2860.0;6462.1;0.2;2956.0;0;14
17;31;4.8;1483.0;3424.0;6285.1;0.2;2956.0;0;14
17;32;6.0;1157.5;2785.0;5946.1;0.2;2956.0;0;14
17;33;6.9;987.8;2316.0;5804.4;0.2;2956.0;0;14
17;34;10.1;738.4;1971.0;6166.4;0.1;2956.0;0;14
17;35;8.2;872.9;2328.0;5996.3;0.1;2956.0;0;14
17;36;6.5;1052.6;2432.0;5864.1;0.2;2956.0;0;14
17;37;5.6;1158.3;3029.0;5600.9;0.2;2956.0;0;14
17;38;12.5;594.9;1600.0;6119.6;0.1;2956.0;0;14
17;39;6.3;1058.0;2719.0;5738.6;0.2;2956.0;0;14
17;40;9.7;735.8;2052.0;5916.4;0.1;2956.0;0;14
17;41;6.5;1022.5;3044.0;5713.7;0.2;2956.0;0;14
17;42;13.8;522.8;1600.0;5913.9;0.1;2956.0;0;14
17;43;5.4;1173.8;2962.0;5468.6;0.2;2956.0;0;14
17;44;7.0;921.5;2544.0;5484.6;0.2;2956.0;0;14
17;45;5.6;1125.9;2773.0;5412.4;0.2;2956.0;0;14
17;46;6.1;1014.6;2524.0;5322.1;0.2;2956.0;0;14
17;47;10.7;630.1;1504.0;5582.4;0.1;2956.0;0;14
17;48;8.4;804.4;1921.0;5706.3;0.1;2956.0;0;14
17;49;5.8;1052.7;2737.0;5258.0;0.2;2956.0;0;14
17;50;5.9;1052.6;2798.0;5370.6;0.2;2956.0;0;14
17;51;10.1;722.3;1824.0;6074.9;0.1;2956.0;0;14
17;52;6.0;1052.1;2823.0;5444.6;0.2;2956.0;0;14
17;53;8.3;808.8;2019.0;5658.4;0.1;2956.0;0;14
17;54;10.8;638.2;1926.0;5722.3;0.1;2956.0;0;14
17;55;5.8;1022.6;2460.0;5076.1;0.2;2956.0;0;14
17;56;6.5;936.1;2266.0;5179.1;0.2;2956.0;0;14
17;57;8.9;738.6;1974.0;5496.9;0.1;2956.0;0;14
17;58;6.5;942.3;2460.0;5209.0;0.2;2956.0;0;14
17;59;7.3;873.8;2351.0;5432.0;0.2;2956.0;0;14
17;60;9.9;669.4;1656.0;5487.4;0.1;2956.0;0;14
17;61;6.8;919.1;2128.0;5351.1;0.2;2956.0;0;14
17;62;8.9;760.1;1835.0;5655.3;0.1;2956.0;0;14
17;63;6.8;934.2;2391.0;5421.9;0.2;2956.0;0;14
17;64;8.8;685.4;1970.0;5069.0;0.1;2956.0;0;14
17;65;9.4;663.1;1693.0;5219.4;0.1;2956.0;0;14
17;66;10.4;620.1;1790.0;5370.7;0.1;2956.0;0;14
17;67;7.5;803.0;2090.0;5081.3;0.2;2956.0;0;14
17;68;6.6;905.0;2198.0;5087.6;0.2;2956.0;0;14
17;69;6.5;876.7;2155.0;4880.4;0.2;2956.0;0;14
17;70;6.2;967.2;2513.0;5139.7;0.2;2956.0;0;14
17;71;7.3;845.4;2216.0;5228.1;0.2;2956.0;0;14
17;72;6.6;910.9;2336.0;5110.1;0.2;2956.0;0;14
17;73;6.9;865.7;2235.0;5102.7;0.2;2956.0;0;14
17;74;7.8;760.6;2057.0;5010.1;0.2;2956.0;0;14
17;75;9.4;677.6;1732.0;5328.7;0.1;2956.0;0;14
17;76;10.0;645.7;1790.0;5373.7;0.1;2956.0;0;14
17;77;9.1;669.3;1679.0;5091.1;0.1;2956.0;0;14
17;78;7.3;787.9;1899.0;4862.7;0.2;2956.0;0;14
17;79;6.7;885.6;2601.0;5041.3;0.2;2956.0;0;14
17;80;6.7;904.9;2676.0;5204.3;0.2;2956.0;0;14
17;81;6.4;939.0;2326.0;5130.9;0.2;2956.0;0;14
17;82;7.9;733.6;2172.0;4894.6;0.1;2956.0;0;14
17;83;6.3;827.0;2466.0;4483.7;0.2;2956.0;0;14
17;84;7.1;773.0;2467.0;4674.3;0.2;2956.0;0;14
17;85;9.1;655.2;2124.0;4995.4;0.1;2956.0;0;14
17;86;9.2;672.9;1757.0;5148.7;0.1;2956.0;0;14
17;87;6.3;926.8;2514.0;4986.7;0.2;2956.0;0;14
17;88;7.3;802.1;2177.0;4933.9;0.2;2956.0;0;14
17;89;6.1;928.1;2749.0;4833.4;0.2;2956.0;0;14
17;90;14.6;463.5;1492.0;5534.1;0.1;2956.0;0;14
17;91;8.0;742.9;2332.0;4987.3;0.1;2956.0;0;14
17;92;7.7;683.9;2245.0;4461.7;0.2;2956.0;0;14
17;93;6.3;897.1;2501.0;4832.9;0.2;2956.0;0;14
17;94;9.8;594.8;2028.0;4853.6;0.1;2956.0;0;14
17;95;20.3;310.5;896.0;5091.9;0.1;2956.0;0;14
17;96;19.9;317.8;939.0;5108.9;0.1;2956.0;0;14
17;97;11.1;547.2;1840.0;5013.7;0.1;2956.0;0;14
17;98;8.4;721.3;2365.0;5094.6;0.1;2956.0;0;14
17;99;7.8;766.8;2271.0;5059.0;0.2;2956.0;0;14
18;0;16.0;561.2;1376.0;7280.9;0.1;5949.0;1;1
18;1;15.3;555.8;1713.0;6938.0;0.1;5473.0;1;2
18;2;14.5;579.3;1656.0;6838.1;0.1;5260.0;1;3
18;3;19.1;459.0;1156.0;7084.4;0.1;4939.0;1;4
18;4;17.5;501.0;1458.0;7097.6;0.1;4410.0;1;5
18;5;13.0;648.6;1774.0;6909.1;0.1;4250.0;1;6
18;6;15.2;568.1;1417.0;7042.7;0.1;3534.0;1;7
18;7;13.3;631.0;1884.0;6873.4;0.1;3249.0;1;8
18;8;12.7;705.0;1825.0;7350.1;0.1;3018.0;1;9
18;9;20.9;425.5;1244.0;7173.4;0.1;2971.0;1;10
18;10;18.4;463.9;1157.0;6900.4;0.1;2947.0;1;11
18;11;14.7;600.4;1714.0;7192.9;0.1;2940.0;1;12
18;12;13.2;669.5;1947.0;7254.4;0.1;2931.0;1;13
18;13;10.7;799.4;2211.0;7052.0;0.1;2930.0;1;14
18;14;13.2;591.8;1360.0;6391.4;0.1;2930.0;0;14
18;15;12.1;721.5;1728.0;7166.6;0.1;2930.0;0;14
18;16;10.0;838.7;2478.0;6948.1;0.1;2930.0;0;14
18;17;9.0;942.3;2315.0;7062.3;0.1;2930.0;0;14
18;18;10.9;739.8;1855.0;6663.0;0.1;2930.0;0;14
18;19;10.4;775.8;2136.0;6684.6;0.1;2930.0;0;14
18;20;9.4;827.0;1948.0;6483.6;0.1;2930.0;0;14
18;21;13.2;638.2;1697.0;6897.3;0.1;2930.0;0;14
18;22;12.1;716.3;1834.0;7114.0;0.1;2930.0;0;14
18;23;10.3;814.4;2414.0;6944.9;0.1;2930.0;0;14
18;24;10.4;779.2;1762.0;6728.1;0.1;2930.0;0;14
18;25;7.9;1034.2;2678.0;6886.4;0.2;2930.0;0;14
18;26;6.4;1203.8;3407.0;6577.4;0.2;2930.0;0;14
18;27;4.8;1460.4;3541.0;6199.0;0.2;2930.0;0;14
18;28;6.9;1176.3;3063.0;6900.0;0.2;2930.0;0;14
18;29;5.0;1433.9;3414.0;6216.9;0.2;2930.0;0;14
18;30;11.0;720.7;1793.0;6538.6;0.1;2930.0;0;14
18;31;8.8;867.0;2216.0;6382.3;0.1;2930.0;0;14
18;32;20.3;392.2;1017.0;6431.3;0.1;2930.0;0;14
18;33;7.3;985.3;2516.0;6068.1;0.2;2930.0;0;14
18;34;7.8;970.5;2642.0;6408.3;0.2;2930.0;0;14
18;35;8.7;892.1;2256.0;6500.6;0.1;2930.0;0;14
18;36;9.2;862.8;2193.0;6613.1;0.1;2930.0;0;14
18;37;6.0;1152.3;2599.0;5948.9;0.2;2930.0;0;14
18;38;14.3;555.3;1448.0;6500.0;0.1;2930.0;0;14
18;39;8.4;833.4;2453.0;5884.7;0.1;2930.0;0;14
18;40;15.3;489.2;1466.0;6103.1;0.1;2930.0;0;14
18;41;12.9;549.8;1386.0;5819.1;0.1;2930.0;0;14
18;42;6.4;1095.3;3116.0;6022.3;0.2;2930.0;0;14
18;43;5.4;1193.2;2975.0;5561.3;0.2;2930.0;0;14
18;44;10.3;676.0;1817.0;5788.9;0.1;2930.0;0;14
18;45;8.1;864.6;2182.0;5891.6;0.1;2930.0;0;14
18;46;5.8;1183.6;3054.0;5932.1;0.2;2930.0;0;14
18;47;4.8;1357.6;3473.0;5684.9;0.2;2930.0;0;14
18;48;6.0;1120.1;2806.0;5747.3;0.2;2930.0;0;14
18;49;8.6;854.5;2466.0;6148.6;0.1;2930.0;0;14
18;50;7.5;956.5;2745.0;6066.1;0.2;2930.0;0;14
18;51;6.1;1126.1;3147.0;5935.7;0.2;2930.0;0;14
18;52;10.5;709.0;1789.0;6193.6;0.1;2930.0;0;14
18;53;7.3;976.8;2910.0;6041.4;0.2;2930.0;0;14
18;54;15.3;491.4;1422.0;6114.0;0.1;2930.0;0;14
18;55;7.9;838.2;2500.0;5604.4;0.1;2930.0;0;14
18;56;6.6;933.6;2279.0;5256.1;0.2;2930.0;0;14
18;57;6.7;892.0;2166.0;5132.6;0.2;2930.0;0;14
18;58;7.2;832.7;2134.0;5098.3;0.2;2930.0;0;14
18;59;7.6;795.1;1947.0;5112.9;0.2;2930.0;0;14
18;60;10.7;589.8;1335.0;5205.4;0.1;2930.0;0;14
18;61;9.7;667.3;1768.0;5374.3;0.1;2930.0;0;14
18;62;6.5;877.2;2135.0;4906.9;0.2;2930.0;0;14
18;63;7.0;827.6;1897.0;4944.9;0.2;2930.0;0;14
18;64;19.1;339.7;880.0;5252.4;0.1;2930.0;0;14
18;65;7.7;736.1;2008.0;4777.0;0.2;2930.0;0;14
18;66;6.9;813.2;2315.0;4800.7;0.2;2930.0;0;14
18;67;8.7;764.5;2396.0;5564.7;0.1;2930.0;0;14
18;68;7.0;884.3;2254.0;5252.9;0.2;2930.0;0;14
18;69;9.9;629.9;1860.0;5167.0;0.1;2930.0;0;14
18;70;9.9;638.8;1994.0;5261.7;0.1;2930.0;0;14
18;71;4.7;1204.6;2972.0;4999.9;0.2;2930.0;0;14
18;72;6.7;891.6;2463.0;5068.9;0.2;2930.0;0;14
18;73;7.4;827.3;2055.0;5165.7;0.2;2930.0;0;14
18;74;14.4;489.3;1238.0;5737.9;0.1;2930.0;0;14
18;75;15.6;452.6;1245.0;5751.6;0.1;2930.0;0;14
18;76;7.1;847.9;2384.0;5086.6;0.2;2930.0;0;14
18;77;7.8;757.5;1916.0;5006.3;0.2;2930.0;0;14
18;78;8.1;787.5;2208.0;5340.1;0.1;2930.0;0;14
18;79;6.5;931.5;2387.0;5150.7;0.2;2930.0;0;14
18;80;6.2;958.1;2398.0;5104.7;0.2;2930.0;0;14
18;81;7.6;785.4;2358.0;5040.6;0.2;2930.0;0;14
18;82;6.3;926.4;2758.0;4990.7;0.2;2930.0;0;14
18;83;7.9;769.2;2666.0;5094.4;0.2;2930.0;0;14
18;84;6.8;872.3;2431.0;5080.6;0.2;2930.0;0;14
18;85;7.7;857.4;2289.0;5560.1;0.2;2930.0;0;14
18;86;9.4;681.7;2121.0;5338.7;0.1;2930.0;0;14
18;87;6.3;985.3;2574.0;5316.0;0.2;2930.0;0;14
18;88;5.4;1113.7;3070.0;5248.3;0.2;2930.0;0;14
18;89;9.4;680.8;1984.0;5330.1;0.1;2930.0;0;14
18;90;9.2;741.3;2059.0;5703.9;0.1;2930.0;0;14
18;91;9.4;671.7;2203.0;5265.1;0.1;2930.0;0;14
18;92;7.8;826.2;2701.0;5413.6;0.2;2930.0;0;14
18;93;8.8;729.1;2497.0;5390.7;0.1;2930.0;0;14
18;94;13.1;499.8;1605.0;5360.7;0.1;2930.0;0;14
18;95;5.9;1033.4;3097.0;5289.6;0.2;2930.0;0;14
18;96;8.5;754.6;2561.0;5391.7;0.1;2930.0;0;14
18;97;21.9;298.0;876.0;5253.6;0.1;2930.0;0;14
18;98;9.7;679.9;2031.0;5490.7;0.1;2930.0;0;14
18;99;5.6;1124.1;3437.0;5449.0;0.2;2930.0;0;14
19;0;16.5;520.2;1349.0;6963.6;0.1;5756.0;1;1
19;1;18.2;487.3;1208.0;7161.3;0.1;5418.0;1;2
19;2;11.0;795.1;2154.0;7221.6;0.1;5143.0;1;3
19;3;21.2;408.0;1165.0;6961.9;0.1;4983.0;1;4
19;4;17.0;510.6;1334.0;7043.1;0.1;4824.0;1;5
19;5;16.6;517.4;1484.0;6955.3;0.1;4450.0;1;6
19;6;20.0;430.3;1117.0;6948.7;0.1;4279.0;1;7
19;7;19.3;435.9;1193.0;6792.6;0.1;3665.0;1;8
19;8;16.6;516.6;1552.0;6962.3;0.1;3443.0;1;9
19;9;9.6;861.2;2682.0;6891.1;0.1;3200.0;1;10
19;10;13.8;612.8;1674.0;6938.7;0.1;3018.0;1;11
19;11;17.6;496.0;1295.0;7065.4;0.1;2967.0;1;12
19;12;14.6;567.9;1451.0;6779.3;0.1;2961.0;1;13
19;13;10.7;822.4;2252.0;7283.9;0.1;2961.0;0;13
19;14;9.6;906.6;2125.0;7255.4;0.1;2961.0;0;13
19;15;11.8;684.8;1946.0;6670.6;0.1;2961.0;0;13
19;16;10.9;780.8;1942.0;7032.3;0.1;2961.0;0;13
19;17;12.9;686.8;1869.0;7267.4;0.1;2961.0;0;13
19;18;9.9;812.3;1988.0;6699.1;0.1;2961.0;0;13
19;19;9.2;951.0;2253.0;7331.1;0.1;2961.0;0;13
19;20;11.2;726.4;1694.0;6715.1;0.1;2961.0;0;13
19;21;15.2;563.4;1437.0;6980.6;0.1;2961.0;0;13
19;22;9.6;818.7;1973.0;6560.1;0.1;2961.0;0;13
19;23;12.7;633.3;1771.0;6612.0;0.1;2961.0;0;13
19;24;10.6;730.9;2081.0;6396.3;0.1;2961.0;0;13
19;25;9.6;873.2;2387.0;6996.3;0.1;2961.0;0;13
19;26;12.0;682.0;1770.0;6753.3;0.1;2961.0;0;13
19;27;10.5;763.4;1903.0;6623.7;0.1;2935.0;1;14
19;28;13.2;624.1;1710.0;6755.3;0.1;2916.0;1;15
19;29;7.0;1079.6;2504.0;6395.9;0.2;2916.0;0;15
19;30;10.5;729.4;1919.0;6358.7;0.1;2916.0;0;15
19;31;7.7;1037.8;2836.0;6740.1;0.2;2916.0;0;15
19;32;10.7;786.3;1787.0;6977.1;0.1;2916.0;0;15
19;33;11.4;694.3;1623.0;6548.6;0.1;2916.0;0;15
19;34;7.3;1137.0;2837.0;7019.9;0.2;2916.0;0;15
19;35;12.1;659.3;1682.0;6546.3;0.1;2916.0;0;15
19;36;7.6;1031.6;2557.0;6665.1;0.2;2916.0;0;15
19;37;12.1;655.6;1776.0;6521.6;0.1;2916.0;0;15
19;38;7.9;918.8;2364.0;6143.4;0.1;2916.0;0;15
19;39;7.1;998.8;2296.0;6021.7;0.2;2916.0;0;15
19;40;8.5;836.2;2313.0;5951.3;0.1;2916.0;0;15
19;41;8.9;819.8;2219.0;6081.4;0.1;2916.0;0;15
19;42;7.6;941.0;2527.0;6072.6;0.2;2916.0;0;15
19;43;6.8;1014.6;2646.0;5894.4;0.2;2916.0;0;15
19;44;11.8;681.8;1929.0;6646.9;0.1;2916.0;0;15
19;45;9.1;827.3;2156.0;6291.3;0.1;2916.0;0;15
19;46;11.5;677.6;1815.0;6406.0;0.1;2916.0;0;15
19;47;10.0;722.1;2028.0;6017.3;0.1;2916.0;0;15
19;48;9.1;799.1;1960.0;6090.0;0.1;2916.0;0;15
19;49;7.3;1014.7;2459.0;6292.9;0.2;2916.0;0;15
19;50;10.9;672.0;1762.0;6043.6;0.1;2916.0;0;15
19;51;9.0;725.3;1742.0;5460.1;0.1;2916.0;0;15
19;52;11.5;591.6;1350.0;5603.3;0.1;2916.0;0;15
19;53;11.3;597.3;1408.0;5570.1;0.1;2916.0;0;15
19;54;11.4;613.5;1429.0;5750.3;0.1;2916.0;0;15
19;55;11.4;584.5;1347.0;5504.6;0.1;2916.0;0;15
19;56;8.1;819.0;1907.0;5553.4;0.1;2916.0;0;15
19;57;13.4;514.3;1194.0;5642.1;0.1;2916.0;0;15
19;58;12.7;545.3;1322.0;5665.3;0.1;2916.0;0;15
19;59;7.7;932.8;2750.0;6040.7;0.2;2916.0;0;15
19;60;8.0;866.8;2025.0;5830.6;0.1;2916.0;0;15
19;61;6.6;1115.8;2801.0;6307.3;0.2;2916.0;0;15
19;62;12.5;580.4;1564.0;5941.7;0.1;2916.0;0;15
19;63;8.4;895.4;2111.0;6314.6;0.1;2916.0;0;15
19;64;7.5;903.6;2239.0;5720.4;0.2;2916.0;0;15
19;65;7.3;1001.3;2892.0;6180.7;0.2;2916.0;0;15
19;66;6.3;1136.3;3024.0;6093.9;0.2;2916.0;0;15
19;67;6.8;1020.9;2642.0;5937.0;0.2;2916.0;0;15
19;68;13.0;530.5;1270.0;5670.1;0.1;2916.0;0;15
19;69;13.0;541.8;1418.0;5783.4;0.1;2916.0;0;15
19;70;9.0;727.0;1947.0;5483.9;0.1;2916.0;0;15
19;71;9.2;725.1;1949.0;5594.1;0.1;2916.0;0;15
19;72;13.4;520.4;1383.0;5716.6;0.1;2916.0;0;15
19;73;12.3;554.4;1409.0;5588.1;0.1;2916.0;0;15
19;74;11.8;587.3;1528.0;5710.7;0.1;2916.0;0;15
19;75;14.5;476.3;1192.0;5636.6;0.1;2916.0;0;15
19;76;14.2;491.8;1280.0;5700.7;0.1;2916.0;0;15
19;77;12.7;544.6;1472.0;5664.9;0.1;2916.0;0;15
19;78;13.0;527.9;1255.0;5638.0;0.1;2916.0;0;15
19;79;9.9;668.6;1594.0;5509.0;0.1;2916.0;0;15
19;80;14.5;475.2;1223.0;5608.7;0.1;2916.0;0;15
19;81;6.1;1179.9;2987.0;6146.3;0.2;2916.0;0;15
19;82;6.7;1103.4;2882.0;6343.3;0.2;2916.0;0;15
19;83;5.6;1255.7;3128.0;6131.3;0.2;2916.0;0;15
19;84;6.6;1107.5;2974.0;6274.9;0.2;2916.0;0;15
19;85;14.5;453.5;1383.0;5353.6;0.1;2916.0;0;15
19;86;7.3;859.2;2625.0;5291.3;0.2;2916.0;0;15
19;87;6.4;994.5;3549.0;5459.3;0.2;2916.0;0;15
19;88;7.5;873.8;2710.0;5512.3;0.2;2916.0;0;15
19;89;6.6;1064.4;3477.0;6031.6;0.2;2916.0;0;15
19;90;9.3;757.0;2369.0;5895.7;0.1;2916.0;0;15
19;91;4.7;1222.8;3924.0;5065.9;0.2;2916.0;0;15
19;92;3.8;1890.3;5734.0;6392.7;0.3;2916.0;0;15
19;93;10.0;693.7;2143.0;5774.1;0.1;2916.0;0;15
19;94;6.1;1035.8;3352.0;5447.6;0.2;2916.0;0;15
19;95;5.6;1145.3;3811.0;5527.0;0.2;2916.0;0;15
19;96;3.8;1697.6;5130.0;5770.9;0.3;2916.0;0;15
19;97;7.3;910.0;3034.0;5598.4;0.2;2916.0;0;15
19;98;7.9;669.2;1977.0;4462.4;0.1;2916.0;0;15
19;99;7.5;915.6;3060.0;5809.9;0.2;2916.0;0;15
20;0;16.0;543.4;1453.0;7089.7;0.1;5787.0;1;1
20;1;15.6;550.7;1353.0;6982.1;0.1;5570.0;1;2
20;2;10.9;774.3;1795.0;6963.1;0.1;5446.0;1;3
20;3;18.4;476.5;1151.0;7089.3;0.1;5297.0;1;4
20;4;14.3;615.3;1676.0;7189.4;0.1;4729.0;1;5
20;5;14.2;610.4;1804.0;7070.9;0.1;4082.0;1;6
20;6;17.1;505.5;1301.0;7004.7;0.1;3820.0;1;7
20;7;13.3;646.3;1854.0;7018.7;0.1;3599.0;1;8
20;8;16.5;510.5;1652.0;6821.4;0.1;3160.0;1;9
20;9;11.3;742.8;2203.0;6931.4;0.1;2992.0;1;10
20;10;9.7;824.3;2298.0;6676.4;0.1;2944.0;1;11
20;11;23.8;351.5;926.0;6725.1;0.1;2939.0;1;12
20;12;16.8;513.0;1301.0;6978.1;0.1;2928.0;1;13
20;13;9.5;909.5;2271.0;7223.3;0.1;2928.0;0;13
20;14;8.5;910.5;2368.0;6465.6;0.1;2928.0;0;13
20;15;13.4;605.9;1563.0;6639.4;0.1;2928.0;0;13
20;16;10.8;775.7;2008.0;6927.4;0.1;2928.0;0;13
20;17;10.2;792.2;2120.0;6711.0;0.1;2928.0;0;13
20;18;9.3;929.1;2362.0;7234.7;0.1;2928.0;0;13
20;19;12.3;625.9;1524.0;6320.4;0.1;2928.0;0;13
20;20;11.7;662.7;1795.0;6402.6;0.1;2928.0;0;13
20;21;13.4;598.8;1440.0;6581.4;0.1;2928.0;0;13
20;22;11.8;688.4;1670.0;6705.6;0.1;2928.0;0;13
20;23;8.4;1001.9;2233.0;7041.1;0.1;2928.0;0;13
20;24;10.3;804.5;2267.0;6874.3;0.1;2928.0;0;13
20;25;8.9;932.7;2285.0;6912.6;0.1;2928.0;0;13
20;26;9.7;853.3;2322.0;6914.4;0.1;2928.0;0;13
20;27;7.0;1120.5;2846.0;6630.6;0.2;2928.0;0;13
20;28;6.2;1321.8;3602.0;6981.0;0.2;2928.0;0;13
20;29;11.4;788.3;2100.0;7441.3;0.1;2928.0;0;13
20;30;9.1;927.2;2221.0;7044.6;0.1;2928.0;0;13
20;31;7.1;1082.5;2668.0;6528.7;0.2;2928.0;0;13
20;32;10.1;779.4;2007.0;6561.0;0.1;2928.0;0;13
20;33;7.2;1127.5;3062.0;6849.4;0.2;2928.0;0;13
20;34;8.0;918.5;2579.0;6213.3;0.1;2928.0;0;13
20;35;6.2;1189.8;2736.0;6335.0;0.2;2928.0;0;13
20;36;9.6;857.9;2116.0;6849.1;0.1;2928.0;0;13
20;37;7.8;954.4;2502.0;6276.7;0.2;2928.0;0;13
20;38;10.6;769.9;2071.0;6772.4;0.1;2928.0;0;13
20;39;6.4;1196.0;3165.0;6560.9;0.2;2928.0;0;13
20;40;5.1;1418.9;3648.0;6294.9;0.2;2928.0;0;13
20;41;6.5;1103.1;2749.0;6107.6;0.2;2928.0;0;13
20;42;5.8;1185.4;2952.0;5912.9;0.2;2928.0;0;13
20;43;5.8;1246.3;3240.0;6226.3;0.2;2928.0;0;13
20;44;7.0;1004.0;2735.0;5979.0;0.2;2928.0;0;13
20;45;8.0;906.3;2296.0;6141.3;0.1;2928.0;0;13
20;46;9.7;739.3;2067.0;5950.6;0.1;2928.0;0;13
20;47;7.1;971.5;2503.0;5874.6;0.2;2928.0;0;13
20;48;9.5;745.5;1864.0;5885.4;0.1;2928.0;0;13
20;49;6.0;1103.5;2903.0;5735.7;0.2;2928.0;0;13
20;50;6.5;1032.8;2439.0;5705.0;0.2;2928.0;0;13
20;51;6.4;1038.3;2371.0;5726.0;0.2;2928.0;0;13
20;52;6.4;1027.1;3150.0;5633.3;0.2;2928.0;0;13
20;53;10.5;728.1;1951.0;6334.4;0.1;2928.0;0;13
20;54;6.9;964.1;2511.0;5691.7;0.2;2928.0;0;13
20;55;7.6;894.5;2367.0;5758.7;0.2;2928.0;0;13
20;56;7.5;882.0;2118.0;5617.9;0.2;2928.0;0;13
20;57;8.8;751.8;2017.0;5555.9;0.1;2928.0;0;13
20;58;9.3;770.1;1869.0;5956.1;0.1;2928.0;0;13
20;59;11.2;638.9;1625.0;5900.7;0.1;2928.0;0;13
20;60;7.0;918.5;2420.0;5480.6;0.2;2928.0;0;13
20;61;5.8;1042.6;2410.0;5204.9;0.2;2928.0;0;13
20;62;6.1;1053.5;2731.0;5481.7;0.2;2928.0;0;13
20;63;8.2;823.1;2209.0;5684.3;0.1;2928.0;0;13
20;64;9.7;673.0;1800.0;5441.7;0.1;2928.0;0;13
20;65;9.2;715.8;2261.0;5489.0;0.1;2928.0;0;13
20;66;7.0;930.5;2772.0;5569.0;0.2;2928.0;0;13
20;67;9.9;667.0;1822.0;5502.9;0.1;2928.0;0;13
20;68;7.6;880.5;2312.0;5634.9;0.2;2928.0;0;13
20;69;6.2;1012.7;2870.0;5378.1;0.2;2928.0;0;13
20;70;6.5;904.3;2488.0;5054.7;0.2;2928.0;0;13
20;71;6.8;948.5;2651.0;5520.1;0.2;2928.0;0;13
20;72;6.4;976.9;2471.0;5337.3;0.2;2928.0;0;13
20;73;7.1;933.9;2343.0;5625.6;0.2;2928.0;0;13
20;74;6.3;1035.8;2942.0;5566.4;0.2;2928.0;0;13
20;75;9.5;720.1;1972.0;5722.7;0.1;2928.0;0;13
20;76;7.3;913.4;2446.0;5629.6;0.2;2928.0;0;13
20;77;5.5;1094.5;2926.0;5240.3;0.2;2928.0;0;13
20;78;5.9;1064.0;3000.0;5398.7;0.2;2928.0;0;13
20;79;7.4;881.1;2031.0;5502.9;0.2;2928.0;0;13
20;80;7.5;895.3;2736.0;5703.4;0.2;2928.0;0;13
20;81;6.3;964.2;2625.0;5208.7;0.2;2928.0;0;13
20;82;6.0;1048.4;2524.0;5449.0;0.2;2928.0;0;13
20;83;7.3;832.9;2794.0;5160.6;0.2;2928.0;0;13
20;84;6.8;976.5;3029.0;5689.3;0.2;2928.0;0;13
20;85;9.4;696.0;2310.0;5443.9;0.1;2928.0;0;13
20;86;6.9;895.6;2959.0;5248.0;0.2;2928.0;0;13
20;87;5.2;1031.3;3182.0;4669.9;0.2;2928.0;0;13
20;88;6.0;1016.7;2450.0;5239.9;0.2;2928.0;0;13
20;89;7.5;777.3;2238.0;4923.6;0.2;2928.0;0;13
20;90;6.0;969.5;3125.0;5005.3;0.2;2928.0;0;13
20;91;12.3;428.3;1232.0;4327.0;0.1;2928.0;0;13
20;92;12.7;413.3;1520.0;4300.3;0.1;2928.0;0;13
20;93;15.5;321.4;950.0;4065.3;0.1;2928.0;0;13
20;94;6.5;924.2;2845.0;5116.9;0.2;2928.0;0;13
20;95;13.6;398.8;1277.0;4436.9;0.1;2928.0;0;13
20;96;18.5;288.9;1002.0;4329.1;0.1;2928.0;0;13
20;97;6.3;998.7;3030.0;5412.4;0.2;2928.0;0;13
20;98;11.7;507.7;1688.0;4898.6;0.1;2928.0;0;13
20;99;9.6;513.2;1514.0;4113.6;0.1;2928.0;0;13
21;0;17.8;500.0;1294.0;7225.3;0.1;6090.0;1;1
21;1;15.6;551.0;1478.0;6994.7;0.1;5445.0;1;2
21;2;18.2;489.6;1318.0;7220.7;0.1;5196.0;1;3
21;3;21.7;414.3;1216.0;7245.1;0.1;4876.0;1;4
21;4;14.9;600.1;1640.0;7268.3;0.1;4631.0;1;5
21;5;12.8;664.4;1784.0;6963.9;0.1;4361.0;1;6
21;6;16.6;520.5;1367.0;7024.7;0.1;4054.0;1;7
21;7;13.2;658.4;1783.0;7146.7;0.1;3735.0;1;8
21;8;15.3;546.6;1410.0;6807.7;0.1;3530.0;1;9
21;9;19.3;463.5;1514.0;7233.3;0.1;3361.0;1;10
21;10;12.1;679.0;1602.0;6745.0;0.1;2988.0;1;11
21;11;8.4;992.7;2802.0;7002.6;0.1;2965.0;1;12
21;12;11.9;696.5;1938.0;6852.4;0.1;2965.0;0;12
21;13;12.7;667.4;1749.0;6958.1;0.1;2965.0;0;12
21;14;13.2;651.6;1790.0;7053.0;0.1;2965.0;0;12
21;15;12.1;676.0;1745.0;6750.3;0.1;2965.0;0;12
21;16;12.5;677.4;1916.0;6980.9;0.1;2965.0;0;12
21;17;18.0;458.7;1182.0;6696.3;0.1;2965.0;0;12
21;18;13.4;606.0;1450.0;6667.6;0.1;2965.0;0;12
21;19;10.9;721.2;1903.0;6483.9;0.1;2965.0;0;12
21;20;11.5;675.4;1760.0;6428.0;0.1;2965.0;0;12
21;21;9.8;841.1;2354.0;6861.6;0.1;2965.0;0;12
21;22;7.6;1111.6;2930.0;7147.0;0.2;2965.0;0;12
21;23;9.6;841.0;2349.0;6706.7;0.1;2965.0;0;12
21;24;9.3;831.3;2202.0;6469.4;0.1;2965.0;0;12
21;25;6.3;1227.6;3167.0;6662.6;0.2;2965.0;0;12
21;26;9.9;840.2;2147.0;6893.4;0.1;2965.0;0;12
21;27;9.4;866.8;2086.0;6774.6;0.1;2957.0;1;13
21;28;9.6;838.2;2282.0;6672.7;0.1;2938.0;1;14
21;29;8.9;905.6;1985.0;6751.7;0.1;2938.0;0;14
21;30;9.3;831.3;1938.0;6449.3;0.1;2938.0;0;14
21;31;6.4;1165.1;2822.0;6428.0;0.2;2938.0;0;14
21;32;16.0;514.6;1229.0;6698.1;0.1;2938.0;0;14
21;33;8.3;904.2;2148.0;6340.6;0.1;2938.0;0;14
21;34;9.6;802.9;2199.0;6438.6;0.1;2938.0;0;14
21;35;8.1;917.7;2458.0;6244.6;0.1;2938.0;0;14
21;36;7.7;904.9;2391.0;5870.1;0.2;2938.0;0;14
21;37;6.8;1083.0;2841.0;6278.0;0.2;2938.0;0;14
21;38;8.4;884.5;2431.0;6248.3;0.1;2932.0;1;15
21;39;4.2;1560.0;3955.0;5859.3;0.3;2922.0;1;16
21;40;6.9;986.3;2530.0;5803.1;0.2;2922.0;0;16
21;41;7.7;848.2;1984.0;5515.7;0.2;2922.0;0;16
21;42;10.1;771.0;2099.0;6460.6;0.1;2922.0;0;16
21;43;4.5;1414.1;3411.0;5663.9;0.2;2922.0;0;16
21;44;6.3;1054.0;2761.0;5689.9;0.2;2922.0;0;16
21;45;4.7;1382.5;3625.0;5668.9;0.2;2922.0;0;16
21;46;6.9;1024.3;2501.0;6018.7;0.2;2922.0;0;16
21;47;8.7;793.7;2090.0;5768.4;0.1;2922.0;0;16
21;48;7.4;919.5;2592.0;5759.6;0.2;2922.0;0;16
21;49;7.0;928.1;2569.0;5544.4;0.2;2922.0;0;16
21;50;6.1;1076.6;2558.0;5607.6;0.2;2922.0;0;16
21;51;5.9;1201.6;3217.0;6063.0;0.2;2922.0;0;16
21;52;11.1;680.2;1509.0;6214.0;0.1;2922.0;0;16
21;53;5.9;1207.0;3037.0;6132.4;0.2;2922.0;0;16
21;54;7.8;892.5;2210.0;5862.9;0.2;2922.0;0;16
21;55;6.5;1046.7;2850.0;5788.6;0.2;2922.0;0;16
21;56;8.1;860.3;2378.0;5882.0;0.1;2922.0;0;16
21;57;6.1;997.1;2655.0;5261.1;0.2;2922.0;0;16
21;58;6.1;1066.7;2375.0;5562.7;0.2;2922.0;0;16
21;59;5.3;1229.3;3148.0;5649.6;0.2;2922.0;0;16
21;60;7.8;892.1;2456.0;5882.4;0.2;2922.0;0;16
21;61;8.8;776.3;1882.0;5735.1;0.1;2922.0;0;16
21;62;6.5;1065.7;2675.0;5928.7;0.2;2922.0;0;16
21;63;6.7;1031.7;2290.0;5889.6;0.2;2922.0;0;16
21;64;9.2;730.8;2064.0;5615.7;0.1;2922.0;0;16
21;65;5.2;1164.3;3192.0;5289.6;0.2;2922.0;0;16
21;66;6.3;974.3;2366.0;5276.0;0.2;2922.0;0;16
21;67;7.0;922.5;2459.0;5500.0;0.2;2922.0;0;16
21;68;6.5;974.0;2412.0;5433.3;0.2;2922.0;0;16
21;69;7.4;867.3;2236.0;5405.3;0.2;2922.0;0;16
21;70;5.7;1094.7;2860.0;5346.9;0.2;2922.0;0;16
21;71;5.3;1199.6;3263.0;5521.1;0.2;2922.0;0;16
21;72;6.6;966.8;2753.0;5450.0;0.2;2922.0;0;16
21;73;6.3;1050.6;2798.0;5662.4;0.2;2922.0;0;16
21;74;6.3;1053.0;2861.0;5676.4;0.2;2922.0;0;16
21;75;6.6;953.3;2636.0;5407.0;0.2;2922.0;0;16
21;76;5.5;1132.5;2960.0;5350.4;0.2;2922.0;0;16
21;77;5.6;1106.2;2652.0;5321.1;0.2;2922.0;0;16
21;78;7.2;904.1;2327.0;5531.1;0.2;2922.0;0;16
21;79;9.7;632.5;1729.0;5088.0;0.1;2922.0;0;16
21;80;9.7;648.7;1989.0;5254.0;0.1;2922.0;0;16
21;81;8.7;718.7;2120.0;5261.9;0.1;2922.0;0;16
21;82;11.7;547.2;1610.0;5263.9;0.1;2922.0;0;16
21;83;7.2;813.2;2161.0;4993.0;0.2;2922.0;0;16
21;84;7.1;830.3;2464.0;5030.3;0.2;2922.0;0;16
21;85;8.1;715.2;2216.0;4855.0;0.1;2922.0;0;16
21;86;8.4;659.7;2146.0;4673.9;0.1;2922.0;0;16
21;87;7.2;746.3;2495.0;4556.6;0.2;2922.0;0;16
21;88;19.5;331.9;1177.0;5235.7;0.1;2922.0;0;16
21;89;8.4;639.5;2178.0;4500.7;0.1;2922.0;0;16
21;90;8.1;748.4;2131.0;5075.6;0.1;2922.0;0;16
21;91;7.2;824.9;2714.0;5069.3;0.2;2922.0;0;16
21;92;10.8;549.9;1654.0;4920.9;0.1;2922.0;0;16
21;93;12.3;472.6;1543.0;4797.7;0.1;2922.0;0;16
21;94;9.6;559.7;1754.0;4472.1;0.1;2922.0;0;16
21;95;10.7;494.2;1481.0;4386.7;0.1;2922.0;0;16
21;96;11.4;484.3;1387.0;4554.3;0.1;2922.0;0;16
21;97;6.9;812.3;2602.0;4767.0;0.2;2922.0;0;16
21;98;5.7;976.4;3509.0;4821.0;0.2;2922.0;0;16
21;99;7.5;794.2;2551.0;5020.4;0.2;2922.0;0;16
22;0;20.7;438.2;1348.0;7310.0;0.1;6123.0;1;1
22;1;28.1;314.2;866.0;7053.4;0.0;5825.0;1;2
22;2;17.8;485.1;1206.0;7002.0;0.1;5537.0;1;3
22;3;11.5;779.7;1906.0;7396.7;0.1;5388.0;1;4
22;4;21.6;411.8;1006.0;7162.6;0.1;5136.0;1;5
22;5;16.8;541.4;1505.0;7388.0;0.1;4657.0;1;6
22;6;14.1;612.6;1634.0;7072.9;0.1;4313.0;1;7
22;7;14.5;577.0;1482.0;6819.6;0.1;4006.0;1;8
22;8;32.0;271.9;784.0;6939.9;0.0;3806.0;1;9
22;9;17.0;506.6;1425.0;7001.9;0.1;3516.0;1;10
22;10;19.8;438.9;1047.0;6997.9;0.1;3366.0;1;11
22;11;13.6;625.1;1480.0;6937.7;0.1;3121.0;1;12
22;12;17.3;510.7;1352.0;7173.0;0.1;2981.0;1;13
22;13;11.0;750.4;2038.0;6813.3;0.1;2922.0;1;14
22;14;12.2;643.2;1583.0;6447.3;0.1;2915.0;1;15
22;15;20.0;401.1;1049.0;6458.6;0.1;2913.0;1;16
22;16;11.8;689.9;1671.0;6683.1;0.1;2913.0;0;16
22;17;13.9;569.6;1403.0;6454.0;0.1;2913.0;0;16
22;18;9.7;826.7;2335.0;6679.0;0.1;2913.0;0;16
22;19;16.5;488.2;1343.0;6552.9;0.1;2913.0;0;16
22;20;12.2;685.9;1902.0;6874.6;0.1;2913.0;0;16
22;21;10.6;757.5;1875.0;6635.4;0.1;2913.0;0;16
22;22;10.4;783.5;2371.0;6782.0;0.1;2913.0;0;16
22;23;10.9;743.0;1909.0;6680.0;0.1;2913.0;0;16
22;24;10.2;775.2;1926.0;6573.1;0.1;2913.0;0;16
22;25;8.7;898.7;2155.0;6580.4;0.1;2913.0;0;16
22;26;12.0;624.2;1637.0;6155.4;0.1;2913.0;0;16
22;27;13.1;593.8;1491.0;6393.6;0.1;2913.0;0;16
22;28;11.4;717.6;2135.0;6726.3;0.1;2913.0;0;16
22;29;8.0;929.7;2345.0;6280.4;0.1;2913.0;0;16
22;30;8.7;875.3;2513.0;6392.1;0.1;2913.0;0;16
22;31;8.9;798.8;1997.0;5959.6;0.1;2913.0;0;16
22;32;8.1;878.9;2235.0;5992.9;0.1;2913.0;0;16
22;33;9.6;743.9;1729.0;5931.0;0.1;2913.0;0;16
22;34;7.4;1023.8;2733.0;6386.7;0.2;2913.0;0;16
22;35;7.3;944.0;2259.0;5844.7;0.2;2913.0;0;16
22;36;6.2;1152.3;2735.0;6118.0;0.2;2913.0;0;16
22;37;7.4;932.5;2784.0;5847.0;0.2;2913.0;0;16
22;38;6.6;1018.0;2661.0;5775.1;0.2;2913.0;0;16
22;39;6.5;1036.0;2624.0;5783.4;0.2;2913.0;0;16
22;40;6.8;1010.0;2718.0;5877.7;0.2;2913.0;0;16
22;41;9.1;792.6;2324.0;6021.9;0.1;2913.0;0;16
22;42;7.0;954.5;2282.0;5669.3;0.2;2913.0;0;16
22;43;9.8;743.6;2026.0;6074.7;0.1;2913.0;0;16
22;44;7.0;975.0;2506.0;5767.0;0.2;2913.0;0;16
22;45;7.5;913.0;2302.0;5797.9;0.2;2913.0;0;16
22;46;6.0;1110.8;2911.0;5694.7;0.2;2913.0;0;16
22;47;8.6;840.2;2434.0;6041.9;0.1;2913.0;0;16
22;48;9.8;663.8;1665.0;5421.3;0.1;2913.0;0;16
22;49;4.9;1439.5;3881.0;6164.6;0.2;2913.0;0;16
22;50;6.6;1133.1;2960.0;6393.7;0.2;2913.0;0;16
22;51;6.5;1108.0;3020.0;6196.1;0.2;2913.0;0;16
22;52;5.5;1281.0;2958.0;6090.0;0.2;2913.0;0;16
22;53;5.9;1267.7;3424.0;6434.9;0.2;2913.0;0;16
22;54;5.4;1292.0;2901.0;6036.1;0.2;2913.0;0;16
22;55;5.5;1247.2;3393.0;5898.0;0.2;2913.0;0;16
22;56;6.8;1081.1;2793.0;6227.1;0.2;2913.0;0;16
22;57;6.7;970.2;2774.0;5579.1;0.2;2913.0;0;16
22;58;11.2;603.0;1469.0;5576.4;0.1;2913.0;0;16
22;59;11.6;593.1;1640.0;5680.7;0.1;2913.0;0;16
22;60;16.1;421.3;1085.0;5523.1;0.1;2913.0;0;16
22;61;6.1;956.0;2887.0;5027.1;0.2;2913.0;0;16
22;62;4.1;1552.9;3623.0;5678.9;0.3;2913.0;0;16
22;63;10.4;643.9;1795.0;5551.7;0.1;2913.0;0;16
22;64;6.9;1010.8;3032.0;5955.9;0.2;2913.0;0;16
22;65;5.9;1105.0;2861.0;5650.6;0.2;2913.0;0;16
22;66;6.7;943.3;2817.0;5421.3;0.2;2913.0;0;16
22;67;6.9;978.8;2449.0;5717.1;0.2;2913.0;0;16
22;68;9.1;750.3;2075.0;5676.9;0.1;2913.0;0;16
22;69;12.2;535.0;1533.0;5387.4;0.1;2913.0;0;16
22;70;6.3;1069.1;2792.0;5735.6;0.2;2913.0;0;16
22;71;7.4;945.0;2328.0;5886.7;0.2;2913.0;0;16
22;72;5.9;1123.2;3462.0;5732.4;0.2;2913.0;0;16
22;73;6.8;1014.6;2930.0;5902.6;0.2;2913.0;0;16
22;74;6.5;1020.5;2767.0;5670.0;0.2;2913.0;0;16
22;75;6.9;1054.1;2626.0;6192.4;0.2;2913.0;0;16
22;76;7.3;985.9;2445.0;6108.7;0.2;2913.0;0;16
22;77;5.0;1298.0;3396.0;5633.6;0.2;2913.0;0;16
22;78;4.8;1362.0;3424.0;5686.7;0.2;2913.0;0;16
22;79;5.5;1240.8;3599.0;5943.9;0.2;2913.0;0;16
22;80;6.1;1078.1;3081.0;5629.1;0.2;2913.0;0;16
22;81;4.8;1297.9;3538.0;5455.1;0.2;2913.0;0;16
22;82;9.1;747.6;2005.0;5693.3;0.1;2913.0;0;16
22;83;6.7;1011.8;2880.0;5780.9;0.2;2913.0;0;16
22;84;17.8;393.5;994.0;5658.9;0.1;2913.0;0;16
22;85;6.6;940.7;3095.0;5282.6;0.2;2913.0;0;16
22;86;15.2;425.2;1537.0;5274.3;0.1;2913.0;0;16
22;87;8.6;756.6;2565.0;5450.3;0.1;2913.0;0;16
22;88;7.7;827.1;2611.0;5390.1;0.2;2913.0;0;16
22;89;7.5;861.2;2422.0;5493.3;0.2;2913.0;0;16
22;90;5.2;1136.2;3468.0;5130.1;0.2;2913.0;0;16
22;91;7.4;810.4;2385.0;5064.6;0.2;2913.0;0;16
22;92;9.8;609.2;1991.0;4957.4;0.1;2913.0;0;16
22;93;7.4;796.8;2322.0;5010.3;0.2;2913.0;0;16
22;94;5.7;1024.5;2911.0;5009.9;0.2;2913.0;0;16
22;95;10.3;599.0;2068.0;5140.3;0.1;2913.0;0;16
22;96;8.8;724.6;2245.0;5328.0;0.1;2913.0;0;16
22;97;6.9;904.4;2697.0;5294.7;0.2;2913.0;0;16
22;98;7.3;843.4;2499.0;5190.9;0.2;2913.0;0;16
22;99;6.1;904.8;2615.0;4762.7;0.2;2913.0;0;16
23;0;13.4;662.6;1919.0;7249.6;0.1;5651.0;1;1
23;1;19.9;446.9;1197.0;7193.1;0.1;5403.0;1;2
23;2;15.4;587.2;1451.0;7351.1;0.1;5241.0;1;3
23;3;27.3;327.0;899.0;7133.3;0.0;4906.0;1;4
23;4;21.0;423.7;1163.0;7156.9;0.1;4768.0;1;5
23;5;20.4;427.1;1228.0;7039.7;0.1;4345.0;1;6
23;6;11.8;717.3;2084.0;6996.4;0.1;3931.0;1;7
23;7;12.8;671.3;1896.0;7073.7;0.1;3675.0;1;8
23;8;14.8;598.4;1565.0;7212.0;0.1;3340.0;1;9
23;9;14.8;592.2;1655.0;7128.6;0.1;2984.0;1;10
23;10;13.4;626.8;1692.0;6867.4;0.1;2942.0;1;11
23;11;11.1;748.4;1830.0;6859.1;0.1;2942.0;0;11
23;12;12.8;657.0;2081.0;6920.4;0.1;2942.0;0;11
23;13;17.0;522.5;1368.0;7191.0;0.1;2942.0;0;11
23;14;13.0;686.7;2123.0;7313.9;0.1;2942.0;0;11
23;15;16.3;530.2;1170.0;7018.0;0.1;2942.0;0;11
23;16;9.6;889.7;2165.0;7130.7;0.1;2942.0;0;11
23;17;14.2;589.4;1464.0;6839.7;0.1;2942.0;0;11
23;18;15.4;543.7;1192.0;6821.3;0.1;2942.0;0;11
23;19;13.5;627.6;1487.0;6957.9;0.1;2942.0;0;11
23;20;13.1;642.6;1606.0;6915.6;0.1;2942.0;0;11
23;21;14.2;616.2;1748.0;7149.7;0.1;2942.0;0;11
23;22;11.4;725.4;1602.0;6830.7;0.1;2942.0;0;11
23;23;14.2;566.8;1422.0;6570.4;0.1;2942.0;0;11
23;24;9.2;943.4;2217.0;7255.1;0.1;2942.0;0;11
23;25;10.6;799.0;2012.0;7023.0;0.1;2942.0;0;11
23;26;8.9;909.0;2314.0;6760.4;0.1;2942.0;0;11
23;27;8.1;1061.8;2990.0;7221.0;0.1;2942.0;0;11
23;28;9.5;862.7;1943.0;6810.7;0.1;2942.0;0;11
23;29;9.8;875.1;2271.0;7140.7;0.1;2942.0;0;11
23;30;8.5;970.4;2628.0;6929.6;0.1;2942.0;0;11
23;31;11.7;705.3;1673.0;6830.0;0.1;2942.0;0;11
23;32;6.8;1179.9;2898.0;6855.1;0.2;2942.0;0;11
23;33;7.6;1110.3;2959.0;7103.6;0.2;2931.0;1;12
23;34;6.6;1200.5;3258.0;6760.1;0.2;2921.0;1;13
23;35;9.5;849.8;2268.0;6709.0;0.1;2921.0;0;13
23;36;7.2;968.9;3247.0;5912.9;0.2;2921.0;0;13
23;37;10.4;754.5;2115.0;6500.0;0.1;2921.0;0;13
23;38;10.1;784.3;2017.0;6603.0;0.1;2921.0;0;13
23;39;5.2;1329.4;3775.0;6040.0;0.2;2921.0;0;13
23;40;8.1;897.8;2363.0;6098.9;0.1;2921.0;0;13
23;41;8.5;837.4;2197.0;6004.1;0.1;2921.0;0;13
23;42;8.9;811.0;2234.0;6010.0;0.1;2921.0;0;13
23;43;7.3;976.1;2712.0;6077.1;0.2;2921.0;0;13
23;44;6.2;1227.5;2861.0;6522.6;0.2;2921.0;0;13
23;45;6.0;1198.6;2885.0;6229.1;0.2;2921.0;0;13
23;46;7.8;934.6;2213.0;6172.1;0.2;2921.0;0;13
23;47;9.4;808.5;2242.0;6340.7;0.1;2921.0;0;13
23;48;7.1;1076.4;2477.0;6520.1;0.2;2921.0;0;13
23;49;6.5;1092.8;2483.0;6081.1;0.2;2921.0;0;13
23;50;8.4;863.0;2363.0;6067.6;0.1;2921.0;0;13
23;51;6.7;1115.2;2992.0;6336.1;0.2;2921.0;0;13
23;52;7.4;1014.9;2501.0;6362.1;0.2;2921.0;0;13
23;53;6.0;1122.1;2687.0;5792.3;0.2;2921.0;0;13
23;54;6.7;1051.9;2821.0;6012.3;0.2;2921.0;0;13
23;55;5.7;1225.4;2927.0;5993.6;0.2;2921.0;0;13
23;56;7.3;1012.6;2550.0;6261.0;0.2;2921.0;0;13
23;57;6.5;1064.3;2985.0;5890.6;0.2;2921.0;0;13
23;58;6.9;1004.8;2891.0;5875.6;0.2;2921.0;0;13
23;59;7.4;1011.1;3100.0;6354.1;0.2;2921.0;0;13
23;60;6.1;1203.3;3380.0;6323.9;0.2;2921.0;0;13
23;61;12.4;594.4;1338.0;6047.1;0.1;2921.0;0;13
23;62;9.3;799.8;2135.0;6191.3;0.1;2921.0;0;13
23;63;8.3;837.6;2157.0;5826.0;0.1;2921.0;0;13
23;64;7.2;936.1;2794.0;5716.4;0.2;2921.0;0;13
23;65;9.8;742.5;1870.0;6063.7;0.1;2921.0;0;13
23;66;7.1;975.0;2731.0;5903.0;0.2;2921.0;0;13
23;67;8.6;854.3;2242.0;6188.6;0.1;2921.0;0;13
23;68;6.2;1037.7;2761.0;5557.7;0.2;2921.0;0;13
23;69;7.1;934.5;2836.0;5611.1;0.2;2921.0;0;13
23;70;7.4;902.0;2465.0;5678.3;0.2;2921.0;0;13
23;71;6.9;1015.6;2695.0;5924.7;0.2;2921.0;0;13
23;72;8.8;807.1;2453.0;5933.7;0.1;2921.0;0;13
23;73;11.0;641.5;1707.0;5812.7;0.1;2921.0;0;13
23;74;8.1;888.8;2517.0;6053.7;0.1;2921.0;0;13
23;75;9.3;747.8;1839.0;5797.0;0.1;2921.0;0;13
23;76;9.7;722.5;2067.0;5827.4;0.1;2921.0;0;13
23;77;6.8;1055.3;3122.0;6119.0;0.2;2921.0;0;13
23;78;6.7;925.4;2467.0;5306.7;0.2;2921.0;0;13
23;79;13.2;504.0;1432.0;5448.0;0.1;2921.0;0;13
23;80;6.5;1058.6;2940.0;5892.0;0.2;2921.0;0;13
23;81;7.1;999.5;2845.0;6033.4;0.2;2921.0;0;13
23;82;7.7;873.7;2199.0;5658.0;0.2;2921.0;0;13
23;83;10.2;661.8;1759.0;5617.7;0.1;2921.0;0;13
23;84;6.4;1033.4;2792.0;5671.9;0.2;2921.0;0;13
23;85;5.6;1240.8;3145.0;6055.9;0.2;2921.0;0;13
23;86;7.2;912.1;2973.0;5569.7;0.2;2921.0;0;13
23;87;7.2;947.0;2659.0;5782.9;0.2;2921.0;0;13
23;88;8.4;792.8;2491.0;5616.3;0.1;2921.0;0;13
23;89;7.0;1021.8;3259.0;6047.9;0.2;2921.0;0;13
23;90;8.9;787.0;2579.0;5886.0;0.1;2921.0;0;13
23;91;10.0;683.7;2132.0;5687.0;0.1;2921.0;0;13
23;92;5.4;1170.8;3162.0;5478.4;0.2;2921.0;0;13
23;93;7.0;829.1;2611.0;4902.6;0.2;2921.0;0;13
23;94;7.4;901.3;2619.0;5659.9;0.2;2921.0;0;13
23;95;7.3;888.4;2355.0;5472.6;0.2;2921.0;0;13
23;96;52.9;150.9;488.0;6308.4;0.0;2921.0;0;13
23;97;8.7;802.6;2477.0;5853.7;0.1;2921.0;0;13
23;98;5.9;1087.3;3470.0;5495.1;0.2;2921.0;0;13
23;99;17.3;432.5;1378.0;6073.9;0.1;2921.0;0;13
24;0;16.7;515.7;1400.0;6990.6;0.1;5567.0;1;1
24;1;20.8;437.6;1316.0;7336.7;0.1;5406.0;1;2
24;2;15.4;584.3;1578.0;7306.0;0.1;5289.0;1;3
24;3;16.1;540.4;1436.0;7055.0;0.1;5177.0;1;4
24;4;15.1;585.9;1609.0;7198.0;0.1;4856.0;1;5
24;5;14.6;575.2;1476.0;6857.0;0.1;4212.0;1;6
24;6;26.5;332.4;935.0;7044.0;0.0;3933.0;1;7
24;7;14.0;609.1;1755.0;6951.1;0.1;3645.0;1;8
24;8;19.0;458.9;1454.0;7035.4;0.1;3445.0;1;9
24;9;14.4;583.2;1629.0;6865.9;0.1;3222.0;1;10
24;10;16.2;548.4;1529.0;7199.7;0.1;2972.0;1;11
24;11;18.4;467.9;1358.0;6966.9;0.1;2945.0;1;12
24;12;15.2;573.7;1485.0;7096.7;0.1;2938.0;1;13
24;13;15.6;534.4;1457.0;6772.7;0.1;2938.0;0;13
24;14;15.0;557.2;1195.0;6798.6;0.1;2938.0;0;13
24;15;10.1;772.0;1888.0;6476.0;0.1;2938.0;0;13
24;16;14.0;582.0;1215.0;6673.3;0.1;2938.0;0;13
24;17;15.7;514.4;1275.0;6568.0;0.1;2938.0;0;13
24;18;17.4;464.0;1398.0;6535.0;0.1;2938.0;0;13
24;19;14.0;584.6;1399.0;6709.9;0.1;2938.0;0;13
24;20;8.0;1039.8;2798.0;7023.3;0.1;2938.0;0;13
24;21;16.4;508.9;1417.0;6772.7;0.1;2938.0;0;13
24;22;11.6;710.7;1932.0;6789.3;0.1;2938.0;0;13
24;23;15.4;548.6;1610.0;6865.6;0.1;2938.0;0;13
24;24;10.2;800.1;2270.0;6776.0;0.1;2938.0;0;13
24;25;8.5;969.8;2112.0;6925.7;0.1;2938.0;0;13
24;26;9.8;838.7;2157.0;6824.3;0.1;2938.0;0;13
24;27;17.7;460.3;1113.0;6594.0;0.1;2938.0;0;13
24;28;10.0;803.7;1926.0;6700.9;0.1;2938.0;0;13
24;29;9.3;888.6;2036.0;6900.7;0.1;2938.0;0;13
24;30;7.8;1027.3;2739.0;6742.4;0.2;2938.0;0;13
24;31;9.6;869.6;2228.0;6930.6;0.1;2938.0;0;13
24;32;8.8;933.9;2247.0;6862.9;0.1;2938.0;0;13
24;33;10.8;770.1;1800.0;6898.7;0.1;2938.0;0;13
24;34;8.1;1030.1;2522.0;7001.1;0.1;2938.0;0;13
24;35;8.5;980.9;2522.0;6965.1;0.1;2938.0;0;13
24;36;9.5;802.9;1802.0;6338.9;0.1;2938.0;0;13
24;37;7.7;938.1;2163.0;6120.4;0.2;2938.0;0;13
24;38;8.6;845.1;2143.0;6095.7;0.1;2938.0;0;13
24;39;5.5;1273.4;3268.0;6075.1;0.2;2938.0;0;13
24;40;10.2;713.8;1723.0;6034.3;0.1;2938.0;0;13
24;41;8.7;790.7;1983.0;5753.3;0.1;2938.0;0;13
24;42;7.6;894.9;2566.0;5738.3;0.2;2938.0;0;13
24;43;10.1;667.8;1769.0;5579.4;0.1;2938.0;0;13
24;44;8.1;812.6;2437.0;5562.6;0.1;2938.0;0;13
24;45;14.6;481.1;1403.0;5727.0;0.1;2938.0;0;13
24;46;8.5;764.7;1942.0;5440.7;0.1;2938.0;0;13
24;47;8.2;779.2;2001.0;5380.1;0.1;2938.0;0;13
24;48;11.5;576.4;1439.0;5475.3;0.1;2938.0;0;13
24;49;7.0;872.2;2206.0;5221.6;0.2;2938.0;0;13
24;50;13.5;511.9;1337.0;5649.9;0.1;2938.0;0;13
24;51;7.8;789.1;2004.0;5195.9;0.2;2938.0;0;13
24;52;12.5;526.6;1382.0;5428.9;0.1;2938.0;0;13
24;53;10.1;637.3;1637.0;5326.9;0.1;2938.0;0;13
24;54;7.8;778.9;1867.0;5136.0;0.2;2938.0;0;13
24;55;13.6;489.1;1110.0;5450.9;0.1;2938.0;0;13
24;56;12.3;546.3;1331.0;5515.4;0.1;2938.0;0;13
24;57;11.8;564.1;1401.0;5493.4;0.1;2938.0;0;13
24;58;11.8;552.3;1311.0;5367.9;0.1;2938.0;0;13
24;59;9.2;707.7;2093.0;5426.4;0.1;2938.0;0;13
24;60;9.6;653.2;1706.0;5222.3;0.1;2938.0;0;13
24;61;13.4;497.6;1453.0;5461.9;0.1;2938.0;0;13
24;62;13.4;494.5;1226.0;5423.9;0.1;2938.0;0;13
24;63;20.1;343.8;945.0;5587.9;0.1;2938.0;0;13
24;64;12.9;499.4;1433.0;5297.3;0.1;2938.0;0;13
24;65;10.3;601.4;1601.0;5139.6;0.1;2938.0;0;13
24;66;10.0;632.0;2035.0;5244.6;0.1;2938.0;0;13
24;67;17.9;376.6;935.0;5466.6;0.1;2938.0;0;13
24;68;8.1;735.9;1964.0;5017.4;0.1;2938.0;0;13
24;69;15.1;435.5;1112.0;5349.7;0.1;2938.0;0;13
24;70;8.7;691.4;2068.0;5048.7;0.1;2938.0;0;13
24;71;7.5;778.3;2111.0;4951.3;0.2;2938.0;0;13
24;72;18.5;352.7;927.0;5274.4;0.1;2938.0;0;13
24;73;16.3;395.7;1001.0;5238.4;0.1;2938.0;0;13
24;74;9.9;620.5;1880.0;5104.3;0.1;2938.0;0;13
24;75;8.7;746.2;1972.0;5449.6;0.1;2938.0;0;13
24;76;8.4;797.3;2071.0;5622.7;0.1;2938.0;0;13
24;77;8.2;765.8;1962.0;5291.1;0.1;2938.0;0;13
24;78;8.4;790.4;2138.0;5554.0;0.1;2938.0;0;13
24;79;7.3;885.7;2294.0;5479.0;0.2;2938.0;0;13
24;80;8.2;803.5;2182.0;5551.3;0.1;2938.0;0;13
24;81;15.6;438.8;1253.0;5586.4;0.1;2938.0;0;13
24;82;6.1;994.3;2720.0;5232.0;0.2;2938.0;0;13
24;83;9.3;663.6;2174.0;5157.0;0.1;2938.0;0;13
24;84;9.0;702.7;2320.0;5285.4;0.1;2938.0;0;13
24;85;6.4;873.2;2754.0;4780.3;0.2;2938.0;0;13
24;86;5.4;1078.5;3745.0;5040.4;0.2;2938.0;0;13
24;87;6.4;933.7;3134.0;5112.1;0.2;2938.0;0;13
24;88;6.7;960.7;2397.0;5489.1;0.2;2938.0;0;13
24;89;8.7;685.4;2531.0;4994.0;0.1;2938.0;0;13
24;90;5.6;1145.5;3511.0;5590.7;0.2;2938.0;0;13
24;91;5.6;1154.9;3879.0;5577.0;0.2;2938.0;0;13
24;92;9.8;621.9;1816.0;5051.3;0.1;2938.0;0;13
24;93;8.2;693.5;1978.0;4779.7;0.1;2938.0;0;13
24;94;9.4;693.9;2056.0;5441.6;0.1;2938.0;0;13
24;95;14.8;442.7;1516.0;5357.3;0.1;2938.0;0;13
24;96;9.3;610.5;1741.0;4732.9;0.1;2938.0;0;13
24;97;12.7;491.7;1779.0;5141.0;0.1;2938.0;0;13
24;98;10.8;551.2;1945.0;4938.1;0.1;2938.0;0;13
24;99;10.4;577.5;1822.0;4977.4;0.1;2938.0;0;13
25;0;13.7;647.3;2102.0;7250.0;0.1;5613.0;1;1
25;1;18.4;475.8;1205.0;7082.4;0.1;5467.0;1;2
25;2;15.8;552.3;1535.0;7105.9;0.1;5303.0;1;3
25;3;15.9;548.1;1447.0;7098.0;0.1;5016.0;1;4
25;4;16.8;525.7;1351.0;7175.1;0.1;4449.0;1;5
25;5;13.0;671.1;1577.0;7146.6;0.1;4289.0;1;6
25;6;21.5;402.9;1100.0;6983.6;0.1;3964.0;1;7
25;7;15.4;571.9;1403.0;7160.6;0.1;3749.0;1;8
25;8;14.7;576.6;1669.0;6935.4;0.1;3497.0;1;9
25;9;18.8;454.6;1236.0;6915.3;0.1;3140.0;1;10
25;10;11.8;711.6;2178.0;6915.4;0.1;2964.0;1;11
25;11;14.1;606.6;1465.0;6991.4;0.1;2960.0;1;12
25;12;18.8;459.7;1169.0;7002.4;0.1;2960.0;0;12
25;13;14.5;580.9;1570.0;6889.6;0.1;2960.0;0;12
25;14;13.7;601.0;1408.0;6735.7;0.1;2960.0;0;12
25;15;12.3;671.2;1813.0;6803.3;0.1;2960.0;0;12
25;16;13.2;612.8;1725.0;6608.1;0.1;2960.0;0;12
25;17;15.1;542.1;1375.0;6668.9;0.1;2960.0;0;12
25;18;11.8;668.9;1827.0;6501.3;0.1;2960.0;0;12
25;19;15.1;521.6;1248.0;6435.6;0.1;2960.0;0;12
25;20;11.2;716.4;1725.0;6609.0;0.1;2960.0;0;12
25;21;13.1;622.7;1536.0;6684.9;0.1;2960.0;0;12
25;22;13.5;603.1;1438.0;6677.9;0.1;2960.0;0;12
25;23;10.0;844.0;1884.0;7042.9;0.1;2960.0;0;12
25;24;10.9;787.9;2123.0;7075.6;0.1;2960.0;0;12
25;25;7.6;1062.1;2962.0;6822.3;0.2;2960.0;0;12
25;26;9.6;857.7;2644.0;6845.6;0.1;2960.0;0;12
25;27;8.8;910.4;2284.0;6712.6;0.1;2960.0;0;12
25;28;8.7;911.1;2686.0;6607.3;0.1;2960.0;0;12
25;29;15.8;543.5;1380.0;6982.3;0.1;2960.0;0;12
25;30;14.5;592.6;1604.0;7000.7;0.1;2960.0;0;12
25;31;8.3;959.4;2326.0;6691.7;0.1;2960.0;0;12
25;32;12.2;641.6;1628.0;6459.9;0.1;2960.0;0;12
25;33;9.8;828.9;2510.0;6780.9;0.1;2960.0;0;12
25;34;7.3;1033.6;2545.0;6359.3;0.2;2960.0;0;12
25;35;7.7;983.1;2912.0;6375.0;0.2;2960.0;0;12
25;36;14.4;561.8;1640.0;6616.7;0.1;2960.0;0;12
25;37;8.3;937.5;2533.0;6549.1;0.1;2960.0;0;12
25;38;7.0;1075.9;2957.0;6413.3;0.2;2944.0;1;13
25;39;5.7;1240.9;3001.0;6152.6;0.2;2943.0;1;14
25;40;8.5;921.9;2587.0;6610.7;0.1;2943.0;0;14
25;41;5.2;1309.8;3298.0;5935.4;0.2;2943.0;0;14
25;42;5.7;1322.2;3182.0;6559.7;0.2;2943.0;0;14
25;43;10.0;772.1;2300.0;6435.0;0.1;2943.0;0;14
25;44;5.5;1279.8;2892.0;6090.9;0.2;2943.0;0;14
25;45;8.3;953.7;2603.0;6689.0;0.1;2943.0;0;14
25;46;6.2;1177.4;2701.0;6223.9;0.2;2943.0;0;14
25;47;5.3;1260.9;3206.0;5836.4;0.2;2943.0;0;14
25;48;6.3;1133.3;2761.0;6125.9;0.2;2943.0;0;14
25;49;6.5;1094.1;2589.0;6047.6;0.2;2943.0;0;14
25;50;6.0;1234.8;3048.0;6384.4;0.2;2943.0;0;14
25;51;7.3;1004.6;2646.0;6201.6;0.2;2943.0;0;14
25;52;6.5;1072.6;2894.0;5968.7;0.2;2943.0;0;14
25;53;5.7;1133.5;2601.0;5587.1;0.2;2943.0;0;14
25;54;9.8;742.8;2058.0;6056.6;0.1;2943.0;0;14
25;55;9.4;765.1;1821.0;6008.1;0.1;2943.0;0;14
25;56;9.0;783.9;1849.0;5902.9;0.1;2943.0;0;14
25;57;6.2;1058.7;2527.0;5634.4;0.2;2943.0;0;14
25;58;7.0;946.8;2396.0;5630.0;0.2;2943.0;0;14
25;59;9.9;735.5;1996.0;6034.1;0.1;2943.0;0;14
25;60;7.6;890.1;1983.0;5688.6;0.2;2943.0;0;14
25;61;9.4;732.9;1687.0;5751.7;0.1;2943.0;0;14
25;62;9.8;733.2;2202.0;5957.4;0.1;2943.0;0;14
25;63;5.8;1112.0;2892.0;5560.7;0.2;2943.0;0;14
25;64;8.0;787.8;1975.0;5324.4;0.1;2943.0;0;14
25;65;9.7;708.0;1970.0;5704.7;0.1;2943.0;0;14
25;66;8.2;781.5;1982.0;5403.1;0.1;2943.0;0;14
25;67;9.4;712.2;1737.0;5601.0;0.1;2943.0;0;14
25;68;6.5;924.4;2274.0;5140.9;0.2;2943.0;0;14
25;69;7.2;893.4;2230.0;5450.9;0.2;2943.0;0;14
25;70;9.4;697.6;1852.0;5487.3;0.1;2943.0;0;14
25;71;8.8;745.2;1936.0;5507.0;0.1;2943.0;0;14
25;72;12.2;577.6;1671.0;5777.6;0.1;2943.0;0;14
25;73;9.3;712.6;1899.0;5509.0;0.1;2943.0;0;14
25;74;7.2;942.1;2718.0;5752.1;0.2;2943.0;0;14
25;75;10.8;642.2;1989.0;5757.0;0.1;2943.0;0;14
25;76;11.6;608.9;1799.0;5808.4;0.1;2943.0;0;14
25;77;9.0;750.2;2053.0;5675.0;0.1;2943.0;0;14
25;78;13.2;537.3;1465.0;5826.9;0.1;2943.0;0;14
25;79;7.7;859.1;2077.0;5553.7;0.2;2943.0;0;14
25;80;6.9;957.3;2330.0;5651.4;0.2;2943.0;0;14
25;81;13.3;548.9;1460.0;5983.6;0.1;2943.0;0;14
25;82;9.8;700.4;1905.0;5719.6;0.1;2943.0;0;14
25;83;7.1;909.2;2183.0;5502.4;0.2;2943.0;0;14
25;84;11.3;579.7;1941.0;5389.3;0.1;2943.0;0;14
25;85;11.4;589.8;1882.0;5564.1;0.1;2943.0;0;14
25;86;8.6;763.9;2277.0;5485.7;0.1;2943.0;0;14
25;87;6.7;976.6;2643.0;5616.6;0.2;2943.0;0;14
25;88;6.3;967.6;3105.0;5215.3;0.2;2943.0;0;14
25;89;7.5;856.5;2688.0;5456.7;0.2;2943.0;0;14
25;90;8.1;750.0;2341.0;5119.6;0.1;2943.0;0;14
25;91;8.2;790.6;2586.0;5479.7;0.1;2943.0;0;14
25;92;10.8;621.2;2010.0;5539.4;0.1;2943.0;0;14
25;93;7.7;791.4;2465.0;5160.4;0.2;2943.0;0;14
25;94;11.8;551.0;1860.0;5360.3;0.1;2943.0;0;14
25;95;8.5;710.7;2168.0;5057.6;0.1;2943.0;0;14
25;96;8.2;821.1;2588.0;5688.6;0.1;2943.0;0;14
25;97;7.1;884.1;2588.0;5341.9;0.2;2943.0;0;14
25;98;8.4;797.5;2490.0;5616.7;0.1;2943.0;0;14
25;99;7.6;840.5;2520.0;5371.7;0.2;2943.0;0;14
26;0;23.0;380.1;1089.0;7027.9;0.1;6052.0;1;1
26;1;20.7;407.1;1253.0;6783.6;0.1;5497.0;1;2
26;2;18.3;481.2;1287.0;7113.6;0.1;5227.0;1;3
26;3;17.7;508.1;1470.0;7295.0;0.1;4992.0;1;4
26;4;23.6;381.8;1070.0;7235.6;0.1;4834.0;1;5
26;5;14.1;623.6;1860.0;7210.7;0.1;4189.0;1;6
26;6;21.6;419.5;1147.0;7303.7;0.1;4038.0;1;7
26;7;16.6;528.2;1460.0;7137.3;0.1;3817.0;1;8
26;8;12.6;731.4;2073.0;7556.4;0.1;3605.0;1;9
26;9;18.5;478.8;1187.0;7163.4;0.1;2925.0;1;10
26;10;13.0;676.8;1978.0;7219.7;0.1;2909.0;1;11
26;11;11.7;718.0;1920.0;6948.0;0.1;2906.0;1;12
26;12;14.1;614.5;1549.0;7069.6;0.1;2906.0;0;12
26;13;11.5;723.2;2155.0;6877.9;0.1;2906.0;0;12
26;14;12.3;655.3;1664.0;6651.0;0.1;2906.0;0;12
26;15;12.8;633.2;1806.0;6653.4;0.1;2906.0;0;12
26;16;7.8;1037.2;2582.0;6841.9;0.2;2906.0;0;12
26;17;11.2;763.4;1712.0;7045.9;0.1;2906.0;0;12
26;18;14.8;573.8;1512.0;6915.7;0.1;2906.0;0;12
26;19;9.2;920.5;2276.0;7051.3;0.1;2906.0;0;12
26;20;11.8;656.1;1828.0;6403.9;0.1;2906.0;0;12
26;21;12.4;643.3;1666.0;6578.6;0.1;2906.0;0;12
26;22;16.6;483.3;1142.0;6495.1;0.1;2906.0;0;12
26;23;7.9;996.9;2999.0;6677.0;0.1;2906.0;0;12
26;24;14.9;526.0;1408.0;6384.9;0.1;2906.0;0;12
26;25;9.0;888.5;2745.0;6667.1;0.1;2906.0;0;12
26;26;9.1;837.4;2311.0;6372.4;0.1;2906.0;0;12
26;27;15.5;494.0;1375.0;6231.4;0.1;2906.0;0;12
26;28;10.8;732.4;1941.0;6562.1;0.1;2906.0;0;12
26;29;7.8;1018.0;2682.0;6739.6;0.2;2906.0;0;12
26;30;10.8;703.6;1847.0;6314.6;0.1;2906.0;0;12
26;31;7.9;984.6;2662.0;6548.0;0.2;2906.0;0;12
26;32;11.5;699.8;2129.0;6623.9;0.1;2906.0;0;12
26;33;12.7;632.8;1589.0;6616.0;0.1;2906.0;0;12
26;34;12.3;632.2;1597.0;6415.3;0.1;2906.0;0;12
26;35;6.9;1140.8;3027.0;6681.7;0.2;2906.0;0;12
26;36;8.4;900.0;2306.0;6347.9;0.1;2906.0;0;12
26;37;8.5;925.4;2176.0;6602.9;0.1;2906.0;0;12
26;38;8.3;927.8;2454.0;6454.1;0.1;2906.0;0;12
26;39;6.2;1228.3;3243.0;6498.6;0.2;2906.0;0;12
26;40;6.4;1095.5;3079.0;5958.9;0.2;2906.0;0;12
26;41;11.8;590.5;1664.0;5763.1;0.1;2906.0;0;12
26;42;6.9;1024.3;2671.0;6014.4;0.2;2906.0;0;12
26;43;13.7;468.5;1212.0;5249.9;0.1;2906.0;0;12
26;44;8.9;709.2;2106.0;5277.7;0.1;2906.0;0;12
26;45;10.8;615.4;1831.0;5484.4;0.1;2906.0;0;12
26;46;8.3;705.0;1845.0;4932.0;0.1;2906.0;0;12
26;47;17.0;368.3;930.0;5090.4;0.1;2906.0;0;12
26;48;14.4;418.5;1157.0;4926.7;0.1;2906.0;0;12
26;49;13.8;436.1;1152.0;4938.6;0.1;2906.0;0;12
26;50;26.2;234.4;589.0;4918.4;0.0;2906.0;0;12
26;51;14.2;404.8;1223.0;4693.7;0.1;2906.0;0;12
26;52;22.6;259.1;781.0;4712.7;0.1;2906.0;0;12
26;53;15.6;352.8;920.0;4470.7;0.1;2906.0;0;12
26;54;21.2;263.8;721.0;4503.6;0.1;2906.0;0;12
26;55;11.8;444.3;1066.0;4312.3;0.1;2906.0;0;12
26;56;14.5;368.4;988.0;4361.0;0.1;2906.0;0;12
26;57;14.2;400.3;1224.0;4652.3;0.1;2906.0;0;12
26;58;11.7;442.0;1125.0;4277.1;0.1;2906.0;0;12
26;59;15.1;368.0;1180.0;4516.3;0.1;2906.0;0;12
26;60;21.0;288.8;778.0;4876.3;0.1;2906.0;0;12
26;61;13.5;392.0;1118.0;4321.9;0.1;2906.0;0;12
26;62;14.2;367.3;994.0;4266.4;0.1;2906.0;0;12
26;63;15.0;385.7;1082.0;4710.1;0.1;2906.0;0;12
26;64;21.4;272.0;837.0;4676.9;0.1;2906.0;0;12
26;65;14.9;354.7;1092.0;4299.7;0.1;2906.0;0;12
26;66;36.3;155.5;388.0;4483.4;0.0;2906.0;0;12
26;67;30.7;183.0;463.0;4479.9;0.0;2906.0;0;12
26;68;17.1;318.3;992.0;4408.6;0.1;2906.0;0;12
26;69;16.8;315.1;902.0;4293.1;0.1;2906.0;0;12
26;70;16.3;328.3;1061.0;4344.9;0.1;2906.0;0;12
26;71;16.2;333.6;1054.0;4404.3;0.1;2906.0;0;12
26;72;13.5;389.4;1100.0;4298.7;0.1;2906.0;0;12
26;73;10.2;551.1;1832.0;4652.0;0.1;2906.0;0;12
26;74;13.3;414.2;1380.0;4511.6;0.1;2906.0;0;12
26;75;6.4;908.1;2479.0;4970.9;0.2;2906.0;0;12
26;76;11.0;502.1;1572.0;4553.7;0.1;2906.0;0;12
26;77;15.9;357.9;1003.0;4615.3;0.1;2906.0;0;12
26;78;11.2;499.9;1681.0;4633.3;0.1;2906.0;0;12
26;79;8.0;786.0;2126.0;5318.7;0.1;2906.0;0;12
26;80;7.9;788.5;2218.0;5260.4;0.1;2906.0;0;12
26;81;7.5;779.8;2469.0;4919.3;0.2;2906.0;0;12
26;82;9.7;584.8;1931.0;4713.3;0.1;2906.0;0;12
26;83;12.6;407.8;1325.0;4235.9;0.1;2906.0;0;12
26;84;5.2;1032.4;3399.0;4697.9;0.2;2906.0;0;12
26;85;7.3;918.1;2861.0;5648.9;0.2;2906.0;0;12
26;86;5.2;1117.2;3471.0;5048.0;0.2;2906.0;0;12
26;87;9.4;692.2;2148.0;5436.9;0.1;2906.0;0;12
26;88;7.9;779.5;2245.0;5192.9;0.2;2906.0;0;12
26;89;7.8;783.5;2334.0;5156.0;0.2;2906.0;0;12
26;90;10.4;606.5;2180.0;5229.1;0.1;2906.0;0;12
26;91;6.3;1067.1;3230.0;5731.7;0.2;2906.0;0;12
26;92;5.3;1180.7;3706.0;5469.7;0.2;2906.0;0;12
26;93;5.7;1190.7;3662.0;5819.6;0.2;2906.0;0;12
26;94;5.9;1100.9;3348.0;5604.0;0.2;2906.0;0;12
26;95;4.2;1380.6;4386.0;5195.4;0.3;2906.0;0;12
26;96;5.0;1261.0;3940.0;5460.0;0.2;2906.0;0;12
26;97;8.0;713.3;2161.0;4822.6;0.1;2906.0;0;12
26;98;18.3;287.3;915.0;4257.6;0.1;2906.0;0;12
26;99;22.6;273.6;949.0;4978.9;0.1;2906.0;0;12
27;0;14.2;644.4;1674.0;7482.9;0.1;6158.0;1;1
27;1;16.1;520.9;1365.0;6823.6;0.1;5422.0;1;2
27;2;14.8;592.0;1539.0;7163.6;0.1;4894.0;1;3
27;3;12.7;705.1;1979.0;7366.4;0.1;4293.0;1;4
27;4;15.6;577.2;1665.0;7333.6;0.1;3983.0;1;5
27;5;12.7;680.5;1726.0;7106.0;0.1;3683.0;1;6
27;6;16.1;541.4;1348.0;7101.3;0.1;3452.0;1;7
27;7;17.7;493.2;1311.0;7090.4;0.1;3246.0;1;8
27;8;19.2;469.8;1478.0;7296.6;0.1;3110.0;1;9
27;9;18.3;477.1;1367.0;7068.0;0.1;2993.0;1;10
27;10;13.1;656.5;1840.0;7038.1;0.1;2983.0;1;11
27;11;19.7;435.8;1131.0;6926.7;0.1;2983.0;0;11
27;12;18.4;449.5;1227.0;6708.1;0.1;2983.0;0;11
27;13;16.8;510.2;1574.0;6974.6;0.1;2983.0;0;11
27;14;10.8;782.7;2281.0;7016.6;0.1;2983.0;0;11
27;15;10.8;814.9;2050.0;7274.0;0.1;2983.0;0;11
27;16;13.0;665.8;1787.0;7115.4;0.1;2983.0;0;11
27;17;14.5;565.0;1233.0;6703.4;0.1;2983.0;0;11
27;18;11.4;714.9;1703.0;6730.9;0.1;2983.0;0;11
27;19;18.7;437.1;1349.0;6607.9;0.1;2983.0;0;11
27;20;11.4;717.4;1677.0;6723.0;0.1;2983.0;0;11
27;21;11.1;745.5;1796.0;6845.9;0.1;2983.0;0;11
27;22;17.3;473.3;1132.0;6638.7;0.1;2983.0;0;11
27;23;14.9;591.9;1451.0;7195.4;0.1;2983.0;0;11
27;24;12.0;659.3;1576.0;6511.6;0.1;2983.0;0;11
27;25;10.7;765.3;1910.0;6762.3;0.1;2983.0;0;11
27;26;6.7;1129.6;3175.0;6428.9;0.2;2983.0;0;11
27;27;11.3;712.9;1768.0;6656.7;0.1;2983.0;0;11
27;28;8.9;842.0;2493.0;6300.6;0.1;2983.0;0;11
27;29;9.8;783.0;1910.0;6359.4;0.1;2983.0;0;11
27;30;10.5;758.0;2121.0;6578.0;0.1;2983.0;0;11
27;31;8.0;922.8;2558.0;6203.7;0.1;2983.0;0;11
27;32;7.1;1046.5;2956.0;6279.4;0.2;2983.0;0;11
27;33;9.7;770.6;2075.0;6215.3;0.1;2983.0;0;11
27;34;17.5;434.9;1074.0;6161.4;0.1;2983.0;0;11
27;35;8.3;840.0;2296.0;5876.7;0.1;2983.0;0;11
27;36;7.2;947.8;2287.0;5779.9;0.2;2938.0;1;12
27;37;16.8;444.5;1123.0;6073.9;0.1;2932.0;1;13
27;38;7.6;963.9;2648.0;6160.3;0.2;2932.0;0;13
27;39;8.4;812.1;2176.0;5716.0;0.1;2932.0;0;13
27;40;9.3;783.1;1816.0;6054.4;0.1;2932.0;0;13
27;41;8.9;772.2;2171.0;5749.4;0.1;2932.0;0;13
27;42;14.6;516.7;1258.0;6171.9;0.1;2932.0;0;13
27;43;6.8;979.5;2595.0;5682.3;0.2;2932.0;0;13
27;44;6.8;967.0;2515.0;5572.4;0.2;2932.0;0;13
27;45;7.2;909.8;2387.0;5562.3;0.2;2932.0;0;13
27;46;13.2;559.9;1713.0;6063.4;0.1;2932.0;0;13
27;47;6.2;1091.6;2694.0;5768.9;0.2;2932.0;0;13
27;48;10.6;662.0;1587.0;5791.3;0.1;2932.0;0;13
27;49;6.3;994.1;2355.0;5344.4;0.2;2932.0;0;13
27;50;10.5;650.9;1567.0;5641.6;0.1;2932.0;0;13
27;51;10.4;642.3;1485.0;5546.6;0.1;2932.0;0;13
27;52;11.6;591.1;1571.0;5632.0;0.1;2932.0;0;13
27;53;12.5;581.4;1478.0;5956.6;0.1;2932.0;0;13
27;54;9.4;756.5;1827.0;5925.1;0.1;2932.0;0;13
27;55;8.3;870.6;2000.0;6063.4;0.1;2932.0;0;13
27;56;11.1;677.0;1984.0;6195.7;0.1;2932.0;0;13
27;57;8.7;861.5;2136.0;6272.4;0.1;2932.0;0;13
27;58;8.2;920.9;2316.0;6330.6;0.1;2932.0;0;13
27;59;6.3;1085.3;2570.0;5852.1;0.2;2932.0;0;13
27;60;6.0;1059.9;2854.0;5438.6;0.2;2932.0;0;13
27;61;8.2;866.0;2177.0;5943.9;0.1;2932.0;0;13
27;62;9.4;766.0;2119.0;6014.9;0.1;2932.0;0;13
27;63;14.5;504.2;1127.0;5974.1;0.1;2932.0;0;13
27;64;6.2;1130.7;3070.0;6018.6;0.2;2932.0;0;13
27;65;6.7;1022.7;2688.0;5846.9;0.2;2932.0;0;13
27;66;8.4;818.8;2102.0;5751.3;0.1;2932.0;0;13
27;67;9.8;739.2;2081.0;6046.1;0.1;2932.0;0;13
27;68;7.3;861.7;2257.0;5340.3;0.2;2932.0;0;13
27;69;8.0;818.9;2135.0;5499.0;0.1;2932.0;0;13
27;70;7.4;950.6;2345.0;5923.6;0.2;2932.0;0;13
27;71;5.7;1218.1;3309.0;5995.0;0.2;2932.0;0;13
27;72;6.8;982.5;2683.0;5678.6;0.2;2932.0;0;13
27;73;5.2;1225.5;3412.0;5542.7;0.2;2932.0;0;13
27;74;6.7;1009.7;2739.0;5778.1;0.2;2932.0;0;13
27;75;14.4;402.7;1182.0;4737.9;0.1;2932.0;0;13
27;76;12.0;500.9;1242.0;4954.1;0.1;2932.0;0;13
27;77;10.0;625.0;1771.0;5211.0;0.1;2932.0;0;13
27;78;5.7;1215.1;3172.0;5969.3;0.2;2932.0;0;13
27;79;6.6;965.3;2663.0;5409.6;0.2;2932.0;0;13
27;80;7.7;796.5;2437.0;5153.6;0.2;2932.0;0;13
27;81;5.8;1114.9;2868.0;5573.6;0.2;2932.0;0;13
27;82;28.8;218.8;600.0;5025.7;0.0;2932.0;0;13
27;83;22.4;283.7;915.0;5098.9;0.1;2932.0;0;13
27;84;16.6;353.6;1113.0;4779.1;0.1;2932.0;0;13
27;85;20.4;305.6;925.0;5027.6;0.1;2932.0;0;13
27;86;13.3;467.0;1556.0;5094.6;0.1;2932.0;0;13
27;87;5.5;1119.4;3646.0;5342.9;0.2;2932.0;0;13
27;88;14.1;449.7;1230.0;5190.1;0.1;2932.0;0;13
27;89;7.7;837.2;2320.0;5444.1;0.2;2932.0;0;13
27;90;6.1;997.4;3349.0;5239.7;0.2;2932.0;0;13
27;91;14.9;414.6;1231.0;5031.7;0.1;2932.0;0;13
27;92;39.7;165.8;526.0;5229.4;0.0;2932.0;0;13
27;93;7.1;934.8;3141.0;5643.9;0.2;2932.0;0;13
27;94;24.6;260.4;931.0;5127.1;0.1;2932.0;0;13
27;95;5.1;1259.7;3923.0;5608.4;0.2;2932.0;0;13
27;96;5.6;1166.6;3513.0;5672.6;0.2;2932.0;0;13
27;97;63.3;103.5;311.0;5169.7;0.0;2932.0;0;13
27;98;3.6;1497.4;4412.0;4873.7;0.3;2932.0;0;13
27;99;4.7;1373.7;4313.0;5671.3;0.2;2932.0;0;13
28;0;18.1;501.3;1366.0;7344.9;0.1;6295.0;1;1
28;1;25.2;348.3;1054.0;7030.9;0.0;5979.0;1;2
28;2;22.9;387.3;1120.0;7129.6;0.1;5694.0;1;3
28;3;18.8;471.5;1109.0;7156.3;0.1;5153.0;1;4
28;4;17.9;486.8;1331.0;7038.1;0.1;4889.0;1;5
28;5;18.9;455.4;1186.0;6967.0;0.1;4390.0;1;6
28;6;14.1;588.3;1550.0;6783.7;0.1;4079.0;1;7
28;7;24.8;359.3;918.0;7154.9;0.1;3731.0;1;8
28;8;17.8;475.6;1277.0;6838.3;0.1;3526.0;1;9
28;9;18.1;476.3;1194.0;6974.1;0.1;3294.0;1;10
28;10;15.6;564.0;1591.0;7140.6;0.1;3130.0;1;11
28;11;10.7;763.6;2002.0;6785.0;0.1;3003.0;1;12
28;12;15.6;559.5;1418.0;7087.3;0.1;2952.0;1;13
28;13;13.3;597.3;1516.0;6508.0;0.1;2947.0;1;14
28;14;11.6;688.5;1863.0;6586.0;0.1;2947.0;0;14
28;15;10.0;793.7;2412.0;6623.6;0.1;2947.0;0;14
28;16;14.2;576.3;1350.0;6686.6;0.1;2947.0;0;14
28;17;15.9;513.9;1344.0;6640.3;0.1;2947.0;0;14
28;18;10.7;720.0;2050.0;6394.7;0.1;2947.0;0;14
28;19;13.5;582.4;1345.0;6458.7;0.1;2947.0;0;14
28;20;14.1;551.9;1338.0;6350.7;0.1;2947.0;0;14
28;21;13.0;613.9;1799.0;6533.3;0.1;2947.0;0;14
28;22;18.3;446.4;1065.0;6595.1;0.1;2947.0;0;14
28;23;15.6;519.6;1375.0;6586.0;0.1;2947.0;0;14
28;24;14.2;572.4;1363.0;6623.3;0.1;2947.0;0;14
28;25;10.0;815.0;1843.0;6742.9;0.1;2947.0;0;14
28;26;9.7;882.6;2191.0;7104.0;0.1;2921.0;1;15
28;27;12.0;691.5;1882.0;6856.6;0.1;2921.0;0;15
28;28;6.0;1192.1;3371.0;6150.4;0.2;2921.0;0;15
28;29;10.8;736.8;1895.0;6604.1;0.1;2921.0;0;15
28;30;9.7;768.1;2006.0;6195.7;0.1;2921.0;0;15
28;31;7.2;1080.0;2631.0;6637.1;0.2;2921.0;0;15
28;32;8.6;887.7;2533.0;6396.7;0.1;2921.0;0;15
28;33;10.9;692.7;1933.0;6238.3;0.1;2921.0;0;15
28;34;12.9;619.4;1895.0;6566.4;0.1;2921.0;0;15
28;35;9.6;790.9;2066.0;6336.0;0.1;2921.0;0;15
28;36;10.2;752.9;2191.0;6378.3;0.1;2921.0;0;15
28;37;15.6;492.1;1326.0;6251.4;0.1;2921.0;0;15
28;38;6.7;1091.3;3077.0;6259.6;0.2;2921.0;0;15
28;39;8.7;851.0;1839.0;6225.9;0.1;2921.0;0;15
28;40;8.5;869.6;2037.0;6205.3;0.1;2921.0;0;15
28;41;12.0;593.3;1479.0;5862.1;0.1;2921.0;0;15
28;42;8.2;853.1;2495.0;5894.9;0.1;2921.0;0;15
28;43;7.9;848.0;2098.0;5645.4;0.2;2921.0;0;15
28;44;13.3;533.9;1368.0;5837.9;0.1;2921.0;0;15
28;45;7.2;853.3;2291.0;5216.6;0.2;2921.0;0;15
28;46;8.6;778.4;2115.0;5638.6;0.1;2921.0;0;15
28;47;6.5;1027.7;3010.0;5687.4;0.2;2921.0;0;15
28;48;11.2;601.7;1716.0;5547.3;0.1;2921.0;0;15
28;49;10.5;648.4;1599.0;5651.0;0.1;2921.0;0;15
28;50;11.2;633.4;1561.0;5858.0;0.1;2921.0;0;15
28;51;11.3;614.3;1771.0;5713.9;0.1;2921.0;0;15
28;52;11.5;543.4;1433.0;5156.1;0.1;2921.0;0;15
28;53;8.4;829.6;2125.0;5862.7;0.1;2921.0;0;15
28;54;7.2;909.0;2197.0;5529.9;0.2;2921.0;0;15
28;55;10.7;610.7;1489.0;5419.4;0.1;2921.0;0;15
28;56;14.6;411.0;1147.0;4884.3;0.1;2921.0;0;15
28;57;15.7;395.8;967.0;5051.3;0.1;2921.0;0;15
28;58;15.9;374.2;1108.0;4852.7;0.1;2921.0;0;15
28;59;13.1;439.3;1152.0;4715.4;0.1;2921.0;0;15
28;60;9.7;644.1;1773.0;5200.9;0.1;2921.0;0;15
28;61;10.2;598.3;1488.0;5079.3;0.1;2921.0;0;15
28;62;16.5;350.3;843.0;4697.3;0.1;2921.0;0;15
28;63;22.1;268.0;636.0;4761.1;0.1;2921.0;0;15
28;64;17.5;343.0;970.0;4855.3;0.1;2921.0;0;15
28;65;14.5;409.0;1240.0;4833.6;0.1;2921.0;0;15
28;66;24.8;228.7;625.0;4553.4;0.1;2921.0;0;15
28;67;17.4;328.3;885.0;4628.6;0.1;2921.0;0;15
28;68;7.4;849.7;2280.0;5357.0;0.2;2921.0;0;15
28;69;6.2;1081.6;2905.0;5781.1;0.2;2921.0;0;15
28;70;5.7;1135.2;3284.0;5597.7;0.2;2921.0;0;15
28;71;5.7;1080.2;3115.0;5307.3;0.2;2921.0;0;15
28;72;14.2;398.2;1175.0;4623.6;0.1;2921.0;0;15
28;73;11.9;485.2;1256.0;4759.7;0.1;2921.0;0;15
28;74;13.6;465.7;1225.0;5184.4;0.1;2921.0;0;15
28;75;12.5;455.5;1225.0;4689.7;0.1;2921.0;0;15
28;76;4.2;1588.4;4161.0;5956.4;0.3;2921.0;0;15
28;77;3.8;1800.3;4555.0;6196.1;0.3;2921.0;0;15
28;78;5.4;1226.0;3403.0;5715.7;0.2;2921.0;0;15
28;79;5.2;1294.0;3329.0;5819.7;0.2;2921.0;0;15
28;80;4.3;1476.1;3841.0;5630.3;0.3;2921.0;0;15
28;81;4.1;1626.6;4279.0;5962.1;0.3;2921.0;0;15
28;82;4.5;1539.7;3770.0;6109.9;0.3;2921.0;0;15
28;83;6.7;1045.4;2712.0;5936.3;0.2;2921.0;0;15
28;84;5.1;1165.8;3763.0;5166.4;0.2;2921.0;0;15
28;85;5.8;1053.4;3093.0;5287.9;0.2;2921.0;0;15
28;86;5.9;1073.9;3562.0;5486.4;0.2;2921.0;0;15
28;87;6.4;1013.7;3188.0;5550.6;0.2;2921.0;0;15
28;88;6.6;989.0;3012.0;5579.3;0.2;2921.0;0;15
28;89;5.9;1084.2;3339.0;5481.7;0.2;2921.0;0;15
28;90;6.0;1081.0;3520.0;5573.1;0.2;2921.0;0;15
28;91;5.1;1131.6;3596.0;5052.1;0.2;2921.0;0;15
28;92;5.5;1146.6;4055.0;5466.3;0.2;2921.0;0;15
28;93;6.7;969.1;3094.0;5551.6;0.2;2921.0;0;15
28;94;7.6;896.0;2925.0;5739.4;0.2;2921.0;0;15
28;95;7.3;943.5;2825.0;5809.7;0.2;2921.0;0;15
28;96;6.6;1024.1;3509.0;5759.9;0.2;2921.0;0;15
28;97;6.6;962.5;2888.0;5425.6;0.2;2921.0;0;15
28;98;5.4;1091.6;3362.0;5126.6;0.2;2921.0;0;15
28;99;4.7;1202.2;3692.0;5001.0;0.2;2921.0;0;15
29;0;15.7;561.2;1527.0;7155.4;0.1;5334.0;1;1
29;1;20.6;413.1;1226.0;6863.7;0.1;4970.0;1;2
29;2;14.2;614.0;1792.0;7110.1;0.1;4652.0;1;3
29;3;17.2;495.9;1519.0;6916.7;0.1;4447.0;1;4
29;4;13.7;628.6;1682.0;7039.0;0.1;4167.0;1;5
29;5;17.5;498.5;1296.0;7062.1;0.1;3611.0;1;6
29;6;15.4;569.6;1633.0;7151.0;0.1;3379.0;1;7
29;7;16.1;535.1;1445.0;6997.6;0.1;3168.0;1;8
29;8;17.4;482.4;1431.0;6810.9;0.1;2984.0;1;9
29;9;13.2;644.0;1814.0;6991.9;0.1;2971.0;1;10
29;10;19.4;438.6;1278.0;6860.1;0.1;2971.0;0;10
29;11;17.4;496.8;1197.0;7000.0;0.1;2971.0;0;10
29;12;14.3;585.0;1682.0;6831.6;0.1;2971.0;0;10
29;13;12.3;690.6;1932.0;7005.1;0.1;2971.0;0;10
29;14;18.0;457.4;1263.0;6668.6;0.1;2971.0;0;10
29;15;12.1;701.0;1911.0;7004.9;0.1;2971.0;0;10
29;16;17.2;474.4;1122.0;6609.3;0.1;2971.0;0;10
29;17;16.6;499.9;1270.0;6746.0;0.1;2971.0;0;10
29;18;10.8;742.4;1817.0;6614.0;0.1;2971.0;0;10
29;19;12.4;651.5;1588.0;6651.4;0.1;2971.0;0;10
29;20;16.1;496.2;1259.0;6479.7;0.1;2971.0;0;10
29;21;14.1;564.0;1320.0;6482.6;0.1;2971.0;0;10
29;22;12.2;645.4;1397.0;6502.4;0.1;2971.0;0;10
29;23;13.6;611.8;1664.0;6792.4;0.1;2971.0;0;10
29;24;12.9;625.7;1572.0;6599.4;0.1;2971.0;0;10
29;25;10.9;751.1;2002.0;6749.1;0.1;2971.0;0;10
29;26;12.8;651.6;1812.0;6859.7;0.1;2971.0;0;10
29;27;9.6;773.1;2279.0;6198.9;0.1;2950.0;1;11
29;28;7.8;1039.5;2868.0;6855.4;0.2;2946.0;1;12
29;29;6.4;1225.0;2993.0;6749.9;0.2;2946.0;0;12
29;30;14.9;563.9;1296.0;6841.4;0.1;2946.0;0;12
29;31;9.8;801.1;1929.0;6555.1;0.1;2946.0;0;12
29;32;9.5;821.7;2007.0;6496.0;0.1;2946.0;0;12
29;33;8.0;920.3;2801.0;6206.6;0.1;2946.0;0;12
29;34;10.0;714.7;1863.0;5932.0;0.1;2946.0;0;12
29;35;18.0;417.5;1111.0;6075.7;0.1;2946.0;0;12
29;36;8.4;808.6;1938.0;5688.3;0.1;2946.0;0;12
29;37;9.4;751.2;2066.0;5907.9;0.1;2936.0;1;13
29;38;13.5;524.7;1402.0;5804.7;0.1;2932.0;1;14
29;39;8.4;850.6;2107.0;6003.3;0.1;2932.0;0;14
29;40;8.6;786.3;2134.0;5686.9;0.1;2932.0;0;14
29;41;9.3;709.5;1998.0;5533.1;0.1;2932.0;0;14
29;42;10.1;669.0;1806.0;5614.4;0.1;2932.0;0;14
29;43;5.9;1026.2;2471.0;5224.4;0.2;2932.0;0;14
29;44;14.1;509.8;1358.0;5886.9;0.1;2932.0;0;14
29;45;7.9;825.6;1887.0;5479.3;0.2;2932.0;0;14
29;46;10.6;632.9;1720.0;5565.4;0.1;2932.0;0;14
29;47;7.1;857.9;1990.0;5185.4;0.2;2932.0;0;14
29;48;8.7;732.6;1926.0;5355.9;0.1;2932.0;0;14
29;49;7.2;913.2;2016.0;5565.0;0.2;2932.0;0;14
29;50;12.5;559.8;1667.0;5755.7;0.1;2932.0;0;14
29;51;5.5;1098.9;2676.0;5267.9;0.2;2932.0;0;14
29;52;10.0;673.3;2027.0;5575.3;0.1;2932.0;0;14
29;53;8.0;809.1;2217.0;5459.3;0.1;2932.0;0;14
29;54;7.5;854.9;2430.0;5442.9;0.2;2932.0;0;14
29;55;7.9;813.1;2125.0;5410.3;0.2;2932.0;0;14
29;56;9.9;646.7;1630.0;5334.0;0.1;2932.0;0;14
29;57;7.6;798.4;1786.0;5154.1;0.2;2932.0;0;14
29;58;14.3;477.5;1200.0;5593.1;0.1;2932.0;0;14
29;59;9.2;712.3;2143.0;5447.9;0.1;2932.0;0;14
29;60;6.1;1009.0;2782.0;5270.1;0.2;2932.0;0;14
29;61;9.1;713.3;1777.0;5451.9;0.1;2932.0;0;14
29;62;6.9;837.8;2114.0;4946.4;0.2;2932.0;0;14
29;63;6.3;961.6;2354.0;5157.3;0.2;2932.0;0;14
29;64;9.4;671.2;1973.0;5249.6;0.1;2932.0;0;14
29;65;6.7;875.7;2174.0;4978.0;0.2;2932.0;0;14
29;66;8.4;702.4;1949.0;4928.7;0.1;2932.0;0;14
29;67;8.5;703.8;2024.0;5046.6;0.1;2932.0;0;14
29;68;7.6;757.4;1887.0;4851.6;0.2;2932.0;0;14
29;69;7.7;751.5;1924.0;4862.7;0.2;2932.0;0;14
29;70;8.2;723.8;1902.0;5004.4;0.1;2932.0;0;14
29;71;9.5;625.8;1890.0;4967.7;0.1;2932.0;0;14
29;72;7.7;728.7;1892.0;4714.7;0.2;2932.0;0;14
29;73;8.5;702.4;1842.0;5028.9;0.1;2932.0;0;14
29;74;7.0;824.3;2117.0;4890.4;0.2;2932.0;0;14
29;75;9.0;667.0;1757.0;5017.7;0.1;2932.0;0;14
29;76;6.0;905.6;2122.0;4663.4;0.2;2932.0;0;14
29;77;7.1;784.5;2147.0;4714.6;0.2;2932.0;0;14
29;78;10.2;585.9;1589.0;4946.7;0.1;2932.0;0;14
29;79;8.1;694.6;1852.0;4734.9;0.1;2932.0;0;14
29;80;5.5;910.7;2213.0;4363.9;0.2;2932.0;0;14
29;81;6.3;841.5;2173.0;4532.4;0.2;2932.0;0;14
29;82;8.4;671.3;1760.0;4747.3;0.1;2932.0;0;14
29;83;6.6;798.7;1991.0;4512.4;0.2;2932.0;0;14
29;84;8.4;653.0;2222.0;4617.3;0.1;2932.0;0;14
29;85;7.9;650.1;2031.0;4340.1;0.1;2932.0;0;14
29;86;8.7;638.9;1780.0;4648.7;0.1;2932.0;0;14
29;87;8.0;730.4;2349.0;4901.9;0.1;2932.0;0;14
29;88;6.6;737.9;2536.0;4168.6;0.2;2932.0;0;14
29;89;8.7;611.7;2089.0;4453.7;0.1;2932.0;0;14
29;90;6.9;832.1;2379.0;4875.1;0.2;2932.0;0;14
29;91;8.1;669.0;1958.0;4560.3;0.1;2932.0;0;14
29;92;6.5;784.4;2095.0;4345.1;0.2;2932.0;0;14
29;93;7.5;679.5;2148.0;4286.7;0.2;2932.0;0;14
29;94;13.8;421.1;1281.0;4766.1;0.1;2932.0;0;14
29;95;11.4;492.5;1709.0;4649.0;0.1;2932.0;0;14
29;96;10.1;549.1;1842.0;4598.7;0.1;2932.0;0;14
29;97;9.6;618.4;1816.0;4936.4;0.1;2932.0;0;14
29;98;7.9;714.0;1996.0;4752.3;0.2;2932.0;0;14
29;99;9.1;595.7;1815.0;4515.9;0.1;2932.0;0;14
30;0;15.3;573.4;1583.0;7145.9;0.1;5843.0;1;1
30;1;12.5;698.5;1905.0;7172.1;0.1;5571.0;1;2
30;2;13.2;650.7;1750.0;7047.9;0.1;5302.0;1;3
30;3;19.5;454.4;1118.0;7159.3;0.1;5169.0;1;4
30;4;28.3;312.1;839.0;7057.6;0.0;4766.0;1;5
30;5;18.5;487.0;1368.0;7271.0;0.1;4101.0;1;6
30;6;14.9;590.3;1749.0;7180.3;0.1;3743.0;1;7
30;7;15.4;582.0;1717.0;7281.9;0.1;3460.0;1;8
30;8;17.0;512.1;1372.0;7062.0;0.1;3265.0;1;9
30;9;13.5;662.4;1836.0;7342.3;0.1;3005.0;1;10
30;10;11.1;782.8;2141.0;7205.4;0.1;2974.0;1;11
30;11;13.7;615.9;1733.0;6883.1;0.1;2972.0;1;12
30;12;16.9;496.7;1330.0;6806.0;0.1;2972.0;0;12
30;13;25.6;336.8;959.0;6901.3;0.0;2972.0;0;12
30;14;12.5;671.3;1977.0;6880.9;0.1;2972.0;0;12
30;15;10.4;810.8;2145.0;6983.0;0.1;2972.0;0;12
30;16;8.8;949.0;2369.0;7008.6;0.1;2972.0;0;12
30;17;11.3;697.6;1655.0;6535.4;0.1;2972.0;0;12
30;18;14.7;561.2;1401.0;6716.3;0.1;2972.0;0;12
30;19;22.6;368.8;1071.0;6698.7;0.1;2972.0;0;12
30;20;12.2;635.9;1642.0;6372.7;0.1;2972.0;0;12
30;21;9.2;876.4;2294.0;6723.4;0.1;2972.0;0;12
30;22;15.7;537.3;1279.0;6843.3;0.1;2972.0;0;12
30;23;13.1;606.1;1420.0;6508.1;0.1;2972.0;0;12
30;24;7.9;1067.1;2658.0;7111.3;0.2;2972.0;0;12
30;25;7.6;1088.1;2823.0;6962.0;0.2;2972.0;0;12
30;26;7.6;1120.2;2705.0;7212.9;0.2;2949.0;1;13
30;27;7.4;1165.3;3207.0;7283.0;0.2;2945.0;1;14
30;28;7.6;1094.1;2878.0;6995.4;0.2;2943.0;1;15
30;29;8.7;935.2;2141.0;6821.4;0.1;2943.0;0;15
30;30;9.4;885.1;2311.0;6951.9;0.1;2943.0;0;15
30;31;9.7;816.7;1959.0;6596.9;0.1;2943.0;0;15
30;32;11.9;701.7;1990.0;6855.0;0.1;2943.0;0;15
30;33;6.9;1130.2;2534.0;6652.7;0.2;2943.0;0;15
30;34;9.7;797.5;1834.0;6470.4;0.1;2943.0;0;15
30;35;6.5;1118.1;3178.0;6221.6;0.2;2943.0;0;15
30;36;9.2;862.2;2292.0;6594.0;0.1;2943.0;0;15
30;37;8.4;920.6;2491.0;6523.9;0.1;2943.0;0;15
30;38;5.1;1426.5;3500.0;6346.9;0.2;2943.0;0;15
30;39;9.1;889.8;2545.0;6774.4;0.1;2943.0;0;15
30;40;6.0;1187.4;3011.0;6152.1;0.2;2943.0;0;15
30;41;6.3;1148.2;2591.0;6176.3;0.2;2943.0;0;15
30;42;6.2;1167.1;2800.0;6214.3;0.2;2943.0;0;15
30;43;7.2;1028.6;2572.0;6245.4;0.2;2943.0;0;15
30;44;7.1;993.2;2532.0;5955.6;0.2;2943.0;0;15
30;45;9.9;744.3;1965.0;6108.7;0.1;2943.0;0;15
30;46;7.4;932.9;2300.0;5844.1;0.2;2943.0;0;15
30;47;10.2;702.3;1925.0;5932.7;0.1;2943.0;0;15
30;48;7.6;887.0;2459.0;5714.6;0.2;2943.0;0;15
30;49;6.7;1008.4;2558.0;5729.4;0.2;2943.0;0;15
30;50;9.3;756.1;1673.0;5860.9;0.1;2943.0;0;15
30;51;8.6;856.8;2649.0;6180.3;0.1;2943.0;0;15
30;52;12.3;571.0;1480.0;5755.9;0.1;2943.0;0;15
30;53;8.9;687.7;1811.0;5123.0;0.1;2943.0;0;15
30;54;10.0;685.1;1753.0;5700.1;0.1;2943.0;0;15
30;55;8.4;792.1;2036.0;5615.4;0.1;2943.0;0;15
30;56;9.1;746.6;1760.0;5682.9;0.1;2943.0;0;15
30;57;11.6;533.0;1551.0;5082.3;0.1;2943.0;0;15
30;58;23.5;248.3;726.0;4682.4;0.1;2943.0;0;15
30;59;21.1;275.0;759.0;4668.9;0.1;2943.0;0;15
30;60;22.0;262.7;702.0;4653.0;0.1;2943.0;0;15
30;61;16.9;341.9;869.0;4696.3;0.1;2943.0;0;15
30;62;11.9;479.5;1168.0;4696.3;0.1;2943.0;0;15
30;63;14.3;386.9;1044.0;4531.3;0.1;2943.0;0;15
30;64;11.0;529.7;1721.0;4818.9;0.1;2943.0;0;15
30;65;11.2;493.2;1400.0;4581.6;0.1;2943.0;0;15
30;66;12.5;437.4;1244.0;4504.3;0.1;2943.0;0;15
30;67;15.5;372.1;1004.0;4688.6;0.1;2943.0;0;15
30;68;9.1;628.4;1893.0;4798.3;0.1;2943.0;0;15
30;69;15.1;408.2;1156.0;5017.7;0.1;2943.0;0;15
30;70;10.1;537.6;1552.0;4531.6;0.1;2943.0;0;15
30;71;13.1;470.8;1232.0;5065.3;0.1;2943.0;0;15
30;72;13.4;447.7;1397.0;4905.9;0.1;2943.0;0;15
30;73;9.1;609.3;1899.0;4629.0;0.1;2943.0;0;15
30;74;10.4;528.7;1710.0;4543.7;0.1;2943.0;0;15
30;75;12.8;426.1;1273.0;4470.3;0.1;2943.0;0;15
30;76;14.1;411.2;1146.0;4733.6;0.1;2943.0;0;15
30;77;3.8;1762.2;4736.0;6053.4;0.3;2943.0;0;15
30;78;4.3;1558.8;4225.0;5951.1;0.3;2943.0;0;15
30;79;5.0;1434.2;3858.0;6232.4;0.2;2943.0;0;15
30;80;3.9;1606.6;4066.0;5651.6;0.3;2943.0;0;15
30;81;4.9;1354.0;3509.0;5780.7;0.2;2943.0;0;15
30;82;18.0;365.8;973.0;5343.7;0.1;2943.0;0;15
30;83;13.3;480.7;1439.0;5223.7;0.1;2943.0;0;15
30;84;16.3;401.6;1187.0;5320.9;0.1;2943.0;0;15
30;85;4.6;1279.5;4218.0;5214.7;0.2;2943.0;0;15
30;86;7.9;765.0;2131.0;5071.0;0.2;2943.0;0;15
30;87;12.3;465.6;1487.0;4712.1;0.1;2943.0;0;15
30;88;20.2;298.2;1021.0;4847.3;0.1;2943.0;0;15
30;89;14.6;411.6;1261.0;4905.9;0.1;2943.0;0;15
30;90;6.6;825.2;2369.0;4636.3;0.2;2943.0;0;15
30;91;12.4;490.2;1605.0;4994.7;0.1;2943.0;0;15
30;92;13.2;440.8;1495.0;4769.7;0.1;2943.0;0;15
30;93;5.0;1278.3;3881.0;5543.1;0.2;2943.0;0;15
30;94;11.9;488.6;1444.0;4782.6;0.1;2943.0;0;15
30;95;10.1;537.7;1778.0;4504.4;0.1;2943.0;0;15
30;96;4.3;1392.4;4121.0;5292.1;0.3;2943.0;0;15
30;97;11.5;504.8;1709.0;4791.7;0.1;2943.0;0;15
30;98;4.4;1363.6;4150.0;5294.4;0.3;2943.0;0;15
30;99;19.0;317.6;957.0;4885.6;0.1;2943.0;0;15
31;0;12.3;731.8;2146.0;7418.6;0.1;5524.0;1;1
31;1;16.1;529.8;1454.0;6950.4;0.1;5283.0;1;2
31;2;17.5;504.5;1382.0;7159.4;0.1;4730.0;1;3
31;3;21.1;414.8;1142.0;7042.6;0.1;4113.0;1;4
31;4;16.5;538.1;1590.0;7218.9;0.1;3844.0;1;5
31;5;16.0;528.0;1267.0;6857.0;0.1;3465.0;1;6
31;6;17.4;498.6;1541.0;7027.6;0.1;3231.0;1;7
31;7;20.4;420.5;1148.0;6921.1;0.1;3036.0;1;8
31;8;19.4;454.8;1339.0;7142.4;0.1;2963.0;1;9
31;9;17.8;506.7;1400.0;7291.7;0.1;2924.0;1;10
31;10;13.0;646.2;1943.0;6897.7;0.1;2924.0;0;10
31;11;13.4;637.6;1738.0;6990.6;0.1;2924.0;0;10
31;12;17.3;487.9;1437.0;6847.4;0.1;2924.0;0;10
31;13;13.3;658.1;1923.0;7177.0;0.1;2924.0;0;10
31;14;13.9;590.5;1647.0;6719.3;0.1;2924.0;0;10
31;15;14.0;603.7;1594.0;6899.0;0.1;2924.0;0;10
31;16;8.9;868.1;2204.0;6490.9;0.1;2924.0;0;10
31;17;10.0;797.8;1811.0;6610.7;0.1;2924.0;0;10
31;18;11.7;686.9;2143.0;6626.1;0.1;2924.0;0;10
31;19;17.4;483.8;1313.0;6828.6;0.1;2924.0;0;10
31;20;9.1;938.6;2392.0;7168.3;0.1;2924.0;0;10
31;21;10.0;829.4;2124.0;6922.6;0.1;2924.0;0;10
31;22;10.0;828.3;2557.0;6861.0;0.1;2924.0;0;10
31;23;10.4;771.6;1946.0;6674.3;0.1;2924.0;0;10
31;24;8.3;1025.9;2723.0;7161.6;0.1;2924.0;0;10
31;25;5.8;1341.6;3226.0;6730.1;0.2;2924.0;0;10
31;26;10.5;767.9;2251.0;6696.0;0.1;2924.0;0;10
31;27;13.6;625.5;1519.0;6939.9;0.1;2924.0;0;10
31;28;10.8;824.0;2162.0;7379.0;0.1;2924.0;0;10
31;29;11.6;738.2;2071.0;7061.3;0.1;2924.0;0;10
31;30;9.1;872.2;2476.0;6605.0;0.1;2924.0;0;10
31;31;11.5;670.4;1863.0;6373.4;0.1;2924.0;0;10
31;32;8.4;901.0;2423.0;6330.0;0.1;2924.0;0;10
31;33;7.9;929.2;2286.0;6169.4;0.2;2924.0;0;10
31;34;7.1;1002.6;2319.0;6053.9;0.2;2924.0;0;10
31;35;7.1;944.8;2690.0;5709.0;0.2;2924.0;0;10
31;36;11.2;699.4;1918.0;6482.0;0.1;2924.0;0;10
31;37;15.1;507.7;1518.0;6256.6;0.1;2924.0;0;10
31;38;9.1;838.0;2202.0;6381.4;0.1;2924.0;0;10
31;39;10.1;735.6;1801.0;6175.6;0.1;2924.0;0;10
31;40;5.6;1208.6;2831.0;5898.1;0.2;2924.0;0;10
31;41;7.5;995.9;2835.0;6283.0;0.2;2924.0;0;10
31;42;8.5;891.7;2196.0;6393.9;0.1;2924.0;0;10
31;43;9.3;840.4;2277.0;6509.4;0.1;2924.0;0;10
31;44;7.0;1016.1;2682.0;6067.4;0.2;2924.0;0;10
31;45;11.6;654.1;1640.0;6254.4;0.1;2924.0;0;10
31;46;8.3;863.4;2250.0;6043.4;0.1;2924.0;0;10
31;47;7.5;969.8;2675.0;6131.4;0.2;2924.0;0;10
31;48;5.5;1184.5;2766.0;5667.1;0.2;2924.0;0;10
31;49;6.9;987.1;2452.0;5793.9;0.2;2924.0;0;10
31;50;9.3;702.9;1891.0;5468.9;0.1;2924.0;0;10
31;51;11.1;609.1;1637.0;5569.7;0.1;2924.0;0;10
31;52;7.6;838.5;2209.0;5394.4;0.2;2924.0;0;10
31;53;10.5;623.6;1544.0;5435.6;0.1;2924.0;0;10
31;54;11.4;591.4;1712.0;5562.9;0.1;2924.0;0;10
31;55;9.9;651.2;1839.0;5369.6;0.1;2924.0;0;10
31;56;17.0;412.2;1024.0;5686.3;0.1;2924.0;0;10
31;57;10.6;616.8;1635.0;5424.1;0.1;2924.0;0;10
31;58;6.8;902.0;2151.0;5200.1;0.2;2924.0;0;10
31;59;9.1;706.3;2058.0;5396.6;0.1;2924.0;0;10
31;60;8.1;757.0;1770.0;5168.0;0.1;2924.0;0;10
31;61;9.7;654.7;1642.0;5266.6;0.1;2924.0;0;10
31;62;7.1;848.9;2199.0;5094.9;0.2;2924.0;0;10
31;63;7.7;805.1;2373.0;5210.4;0.2;2924.0;0;10
31;64;10.2;595.2;1402.0;5048.4;0.1;2924.0;0;10
31;65;9.9;629.1;1845.0;5156.7;0.1;2924.0;0;10
31;66;12.8;494.1;1390.0;5207.4;0.1;2924.0;0;10
31;67;8.5;668.1;1905.0;4791.4;0.1;2924.0;0;10
31;68;8.4;698.6;1756.0;4909.3;0.1;2924.0;0;10
31;69;11.7;523.9;1474.0;5047.7;0.1;2924.0;0;10
31;70;11.2;560.7;1802.0;5177.9;0.1;2924.0;0;10
31;71;8.4;681.5;2048.0;4801.3;0.1;2924.0;0;10
31;72;7.9;701.2;1792.0;4669.7;0.2;2924.0;0;10
31;73;11.2;556.5;1529.0;5160.3;0.1;2924.0;0;10
31;74;16.4;401.5;1053.0;5347.4;0.1;2924.0;0;10
31;75;9.2;669.9;2118.0;5164.9;0.1;2924.0;0;10
31;76;7.1;791.2;2192.0;4769.3;0.2;2924.0;0;10
31;77;8.5;744.8;2154.0;5340.1;0.1;2924.0;0;10
31;78;11.1;589.0;1479.0;5388.0;0.1;2924.0;0;10
31;79;9.5;641.9;1573.0;5082.6;0.1;2924.0;0;10
31;80;6.4;847.6;2355.0;4673.6;0.2;2924.0;0;10
31;81;10.3;609.8;1922.0;5194.1;0.1;2924.0;0;10
31;82;6.5;934.7;2594.0;5163.3;0.2;2924.0;0;10
31;83;7.9;684.0;2093.0;4551.9;0.2;2924.0;0;10
31;84;10.8;530.9;1702.0;4739.9;0.1;2924.0;0;10
31;85;7.7;667.2;2155.0;4318.0;0.2;2924.0;0;10
31;86;9.1;606.3;2034.0;4633.1;0.1;2924.0;0;10
31;87;11.2;492.3;1648.0;4550.9;0.1;2924.0;0;10
31;88;18.0;361.2;1040.0;5272.9;0.1;2924.0;0;10
31;89;13.5;433.0;1252.0;4794.9;0.1;2924.0;0;10
31;90;11.2;515.0;1645.0;4768.4;0.1;2924.0;0;10
31;91;8.4;733.3;2214.0;5179.9;0.1;2924.0;0;10
31;92;7.9;773.7;2786.0;5179.3;0.1;2924.0;0;10
31;93;6.7;897.8;3112.0;5159.6;0.2;2924.0;0;10
31;94;5.4;999.8;3179.0;4705.3;0.2;2924.0;0;10
31;95;6.0;977.5;3204.0;5010.7;0.2;2924.0;0;10
31;96;6.3;968.2;3113.0;5199.3;0.2;2924.0;0;10
31;97;3.9;1594.0;4896.0;5577.9;0.3;2924.0;0;10
31;98;8.1;698.0;1989.0;4738.4;0.1;2924.0;0;10
31;99;8.9;602.7;1836.0;4468.0;0.1;2924.0;0;10
32;0;26.3;339.9;847.0;7150.4;0.0;6175.0;1;1
32;1;14.4;593.7;1701.0;6967.4;0.1;5752.0;1;2
32;2;11.7;720.5;2048.0;6969.4;0.1;5227.0;1;3
32;3;22.1;400.8;1081.0;7112.3;0.1;4849.0;1;4
32;4;12.8;651.2;1657.0;6861.1;0.1;4685.0;1;5
32;5;12.1;724.4;1872.0;7207.0;0.1;4543.0;1;6
32;6;17.6;494.6;1198.0;7072.3;0.1;4206.0;1;7
32;7;15.5;564.5;1585.0;7129.4;0.1;3873.0;1;8
32;8;20.5;443.1;1174.0;7329.6;0.1;3722.0;1;9
32;9;17.5;498.3;1364.0;7074.7;0.1;3565.0;1;10
32;10;14.0;616.4;1729.0;7063.6;0.1;3364.0;1;11
32;11;17.3;489.0;1182.0;6861.0;0.1;3148.0;1;12
32;12;14.3;588.7;1691.0;6873.9;0.1;2940.0;1;13
32;13;12.2;722.4;2019.0;7248.3;0.1;2939.0;1;14
32;14;9.3;881.2;2152.0;6861.3;0.1;2939.0;0;14
32;15;8.9;990.5;2452.0;7382.7;0.1;2939.0;0;14
32;16;14.2;595.0;1680.0;6908.3;0.1;2939.0;0;14
32;17;7.2;1168.2;2849.0;7168.4;0.2;2939.0;0;14
32;18;8.0;1036.2;2908.0;6992.3;0.1;2939.0;0;14
32;19;7.4;1146.9;2915.0;7191.0;0.2;2939.0;0;14
32;20;10.6;807.4;2116.0;7112.3;0.1;2939.0;0;14
32;21;9.9;863.3;2072.0;7128.7;0.1;2939.0;0;14
32;22;9.9;887.0;1955.0;7313.4;0.1;2939.0;0;14
32;23;12.8;683.4;1671.0;7156.3;0.1;2939.0;0;14
32;24;10.8;809.6;2085.0;7263.0;0.1;2939.0;0;14
32;25;9.3;892.5;2412.0;6900.4;0.1;2929.0;1;15
32;26;9.0;934.7;2142.0;7016.1;0.1;2927.0;1;16
32;27;9.6;878.8;2212.0;7048.7;0.1;2927.0;0;16
32;28;6.5;1213.1;3442.0;6776.9;0.2;2927.0;0;16
32;29;9.4;905.3;2352.0;7071.6;0.1;2927.0;0;16
32;30;8.8;904.0;2362.0;6677.7;0.1;2927.0;0;16
32;31;8.2;989.6;2820.0;6822.3;0.1;2927.0;0;16
32;32;5.1;1453.3;3563.0;6425.7;0.2;2927.0;0;16
32;33;7.9;980.5;2894.0;6544.3;0.1;2927.0;0;16
32;34;8.5;885.0;2516.0;6279.0;0.1;2927.0;0;16
32;35;13.8;561.4;1416.0;6346.4;0.1;2927.0;0;16
32;36;14.4;514.1;1244.0;6047.0;0.1;2927.0;0;16
32;37;7.0;1078.4;2797.0;6439.7;0.2;2923.0;1;17
32;38;11.9;537.4;1387.0;5260.4;0.1;2917.0;1;18
32;39;12.0;531.6;1420.0;5257.3;0.1;2917.0;0;18
32;40;6.6;1093.3;2523.0;6132.3;0.2;2917.0;0;18
32;41;5.6;1294.2;3233.0;6313.1;0.2;2917.0;0;18
32;42;9.3;783.5;1879.0;6068.4;0.1;2917.0;0;18
32;43;9.3;842.7;1899.0;6541.9;0.1;2917.0;0;18
32;44;6.2;1163.7;2788.0;6227.7;0.2;2917.0;0;18
32;45;8.2;884.9;2516.0;6080.0;0.1;2917.0;0;18
32;46;6.8;1009.0;2681.0;5875.7;0.2;2917.0;0;18
32;47;7.9;885.1;1895.0;5887.7;0.2;2917.0;0;18
32;48;10.1;732.8;2007.0;6153.6;0.1;2917.0;0;18
32;49;13.3;577.3;1369.0;6313.0;0.1;2917.0;0;18
32;50;6.4;1043.8;2565.0;5750.7;0.2;2917.0;0;18
32;51;5.7;1176.3;2989.0;5818.7;0.2;2917.0;0;18
32;52;6.8;1012.9;2656.0;5871.1;0.2;2917.0;0;18
32;53;4.9;1392.1;3786.0;5948.1;0.2;2917.0;0;18
32;54;6.1;1019.9;2537.0;5357.0;0.2;2917.0;0;18
32;55;8.7;750.3;2180.0;5451.7;0.1;2917.0;0;18
32;56;12.8;530.6;1274.0;5572.0;0.1;2917.0;0;18
32;57;10.4;624.3;1843.0;5368.4;0.1;2917.0;0;18
32;58;8.0;797.1;2365.0;5361.3;0.1;2917.0;0;18
32;59;7.8;813.3;2479.0;5375.0;0.2;2917.0;0;18
32;60;10.0;645.4;1980.0;5387.6;0.1;2917.0;0;18
32;61;8.4;743.6;1875.0;5240.1;0.1;2917.0;0;18
32;62;8.5;731.3;1983.0;5233.9;0.1;2917.0;0;18
32;63;6.9;831.5;1916.0;4911.9;0.2;2917.0;0;18
32;64;12.0;538.7;1528.0;5316.4;0.1;2917.0;0;18
32;65;9.3;655.3;1672.0;5072.3;0.1;2917.0;0;18
32;66;9.2;664.0;1836.0;5081.9;0.1;2917.0;0;18
32;67;11.5;548.7;1587.0;5196.0;0.1;2917.0;0;18
32;68;9.5;654.4;2100.0;5199.3;0.1;2917.0;0;18
32;69;17.7;375.9;1061.0;5378.4;0.1;2917.0;0;18
32;70;9.9;645.4;1997.0;5313.3;0.1;2917.0;0;18
32;71;30.5;227.0;588.0;5521.0;0.0;2917.0;0;18
32;72;46.0;153.9;350.0;5604.9;0.0;2917.0;0;18
32;73;7.8;790.3;2347.0;5179.3;0.2;2917.0;0;18
32;74;10.8;595.2;1672.0;5323.1;0.1;2917.0;0;18
32;75;15.7;437.8;1327.0;5576.9;0.1;2917.0;0;18
32;76;11.1;607.6;1886.0;5594.1;0.1;2917.0;0;18
32;77;8.6;739.4;2092.0;5332.6;0.1;2917.0;0;18
32;78;8.8;729.6;1925.0;5356.3;0.1;2917.0;0;18
32;79;7.0;858.3;2070.0;5104.6;0.2;2917.0;0;18
32;80;4.8;1261.0;3119.0;5254.6;0.2;2917.0;0;18
32;81;8.0;802.8;2136.0;5418.9;0.1;2917.0;0;18
32;82;10.2;714.1;2119.0;6024.7;0.1;2917.0;0;18
32;83;4.8;1308.6;3452.0;5512.0;0.2;2917.0;0;18
32;84;6.2;1063.1;3597.0;5653.4;0.2;2917.0;0;18
32;85;12.6;498.5;1581.0;5169.1;0.1;2917.0;0;18
32;86;13.8;456.3;1450.0;5158.9;0.1;2917.0;0;18
32;87;17.8;359.5;1151.0;5177.7;0.1;2917.0;0;18
32;88;4.8;1211.2;3612.0;5047.0;0.2;2917.0;0;18
32;89;8.8;684.4;2240.0;5048.3;0.1;2917.0;0;18
32;90;22.7;307.9;934.0;5610.1;0.1;2917.0;0;18
32;91;8.4;733.4;2078.0;5172.7;0.1;2917.0;0;18
32;92;8.8;649.0;2297.0;4791.9;0.1;2917.0;0;18
32;93;6.0;911.1;2281.0;4731.6;0.2;2917.0;0;18
32;94;7.6;776.2;2339.0;4965.1;0.2;2917.0;0;18
32;95;11.1;551.7;1721.0;5073.4;0.1;2917.0;0;18
32;96;8.6;668.9;2179.0;4809.7;0.1;2917.0;0;18
32;97;11.9;559.8;1892.0;5498.3;0.1;2917.0;0;18
32;98;11.3;528.3;1402.0;4923.4;0.1;2917.0;0;18
32;99;13.4;440.0;1399.0;4846.0;0.1;2917.0;0;18
33;0;23.5;380.0;1106.0;7170.4;0.1;5844.0;1;1
33;1;18.1;494.7;1326.0;7267.4;0.1;5341.0;1;2
33;2;17.8;513.8;1653.0;7422.9;0.1;4692.0;1;3
33;3;14.7;595.5;1737.0;7119.1;0.1;4452.0;1;4
33;4;14.2;618.7;1623.0;7199.0;0.1;4202.0;1;5
33;5;14.6;575.2;1441.0;6846.7;0.1;3933.0;1;6
33;6;11.2;774.7;2174.0;7170.9;0.1;3536.0;1;7
33;7;21.9;423.7;1251.0;7465.0;0.1;3379.0;1;8
33;8;15.6;556.4;1477.0;7045.4;0.1;3178.0;1;9
33;9;14.0;602.0;1822.0;6889.9;0.1;3017.0;1;10
33;10;14.6;609.9;1741.0;7264.1;0.1;2930.0;1;11
33;11;17.4;500.8;1327.0;7070.3;0.1;2929.0;1;12
33;12;23.3;375.9;988.0;7047.9;0.1;2929.0;0;12
33;13;16.4;522.3;1450.0;6953.3;0.1;2929.0;0;12
33;14;10.0;818.4;2090.0;6811.7;0.1;2929.0;0;12
33;15;14.8;552.9;1453.0;6690.6;0.1;2929.0;0;12
33;16;12.9;633.0;1551.0;6718.6;0.1;2929.0;0;12
33;17;11.6;720.1;1737.0;6899.1;0.1;2929.0;0;12
33;18;10.5;782.7;2042.0;6813.3;0.1;2929.0;0;12
33;19;11.4;726.0;1847.0;6849.3;0.1;2929.0;0;12
33;20;11.0;752.5;1729.0;6829.4;0.1;2929.0;0;12
33;21;11.5;704.0;1954.0;6697.0;0.1;2929.0;0;12
33;22;10.1;845.2;2383.0;7080.3;0.1;2929.0;0;12
33;23;7.5;1052.2;2408.0;6717.7;0.2;2929.0;0;12
33;24;11.6;724.7;1933.0;6919.1;0.1;2929.0;0;12
33;25;9.2;869.3;1904.0;6684.4;0.1;2929.0;0;12
33;26;10.3;773.7;2262.0;6642.1;0.1;2915.0;1;13
33;27;9.7;831.2;2089.0;6724.6;0.1;2913.0;1;14
33;28;7.6;1042.2;2400.0;6674.9;0.2;2913.0;0;14
33;29;7.3;1076.9;2958.0;6645.3;0.2;2913.0;0;14
33;30;10.8;780.7;2043.0;6977.4;0.1;2913.0;0;14
33;31;7.6;1025.8;2728.0;6623.4;0.2;2913.0;0;14
33;32;5.2;1353.7;3264.0;6076.1;0.2;2913.0;0;14
33;33;4.7;1558.4;3901.0;6481.7;0.2;2913.0;0;14
33;34;5.6;1301.7;3459.0;6290.1;0.2;2913.0;0;14
33;35;9.5;743.0;1874.0;5881.0;0.1;2913.0;0;14
33;36;12.3;640.0;1850.0;6453.6;0.1;2913.0;0;14
33;37;6.5;1090.4;2510.0;6067.3;0.2;2913.0;0;14
33;38;12.8;583.4;1517.0;6126.3;0.1;2913.0;0;14
33;39;9.2;810.6;1993.0;6210.1;0.1;2913.0;0;14
33;40;5.2;1246.7;2852.0;5613.7;0.2;2913.0;0;14
33;41;9.0;843.3;2339.0;6347.9;0.1;2913.0;0;14
33;42;4.6;1312.9;3047.0;5301.3;0.2;2913.0;0;14
33;43;11.1;622.1;1843.0;5719.7;0.1;2913.0;0;14
33;44;10.0;648.5;1586.0;5378.0;0.1;2913.0;0;14
33;45;8.3;777.7;1936.0;5421.7;0.1;2913.0;0;14
33;46;10.4;617.1;1458.0;5339.0;0.1;2913.0;0;14
33;47;7.8;764.3;1758.0;5041.3;0.2;2913.0;0;14
33;48;6.6;867.1;2193.0;4918.4;0.2;2913.0;0;14
33;49;7.5;873.1;2504.0;5528.6;0.2;2913.0;0;14
33;50;6.2;985.9;2417.0;5210.6;0.2;2913.0;0;14
33;51;6.0;1010.3;2329.0;5182.6;0.2;2913.0;0;14
33;52;8.2;801.0;2101.0;5505.7;0.1;2913.0;0;14
33;53;7.7;805.1;2018.0;5234.6;0.2;2913.0;0;14
33;54;5.1;1150.3;2769.0;5151.7;0.2;2913.0;0;14
33;55;4.8;1266.2;3047.0;5325.3;0.2;2913.0;0;14
33;56;6.0;1040.3;2640.0;5379.9;0.2;2913.0;0;14
33;57;6.7;981.7;2379.0;5598.7;0.2;2913.0;0;14
33;58;7.5;870.1;2473.0;5520.9;0.2;2913.0;0;14
33;59;6.3;1016.0;2650.0;5482.7;0.2;2913.0;0;14
33;60;10.5;665.5;1725.0;5774.1;0.1;2913.0;0;14
33;61;11.5;585.9;1678.0;5557.6;0.1;2913.0;0;14
33;62;7.8;818.3;2316.0;5364.3;0.2;2913.0;0;14
33;63;8.3;766.8;1997.0;5373.1;0.1;2913.0;0;14
33;64;6.8;881.6;2362.0;5127.9;0.2;2913.0;0;14
33;65;6.4;924.2;2726.0;5026.4;0.2;2913.0;0;14
33;66;8.6;760.8;2146.0;5488.0;0.1;2913.0;0;14
33;67;7.0;896.9;2619.0;5368.7;0.2;2913.0;0;14
33;68;8.4;809.9;2626.0;5711.3;0.1;2913.0;0;14
33;69;6.2;1006.6;2834.0;5317.1;0.2;2913.0;0;14
33;70;10.1;644.1;1961.0;5386.7;0.1;2913.0;0;14
33;71;9.7;667.7;1632.0;5372.0;0.1;2913.0;0;14
33;72;8.2;755.3;2349.0;5224.1;0.1;2913.0;0;14
33;73;6.2;968.6;2592.0;5167.9;0.2;2913.0;0;14
33;74;8.7;741.1;2028.0;5376.7;0.1;2913.0;0;14
33;75;6.6;917.6;2505.0;5157.0;0.2;2913.0;0;14
33;76;8.7;725.0;1932.0;5286.4;0.1;2913.0;0;14
33;77;9.6;662.7;1577.0;5287.4;0.1;2913.0;0;14
33;78;11.5;569.4;1616.0;5423.7;0.1;2913.0;0;14
33;79;6.6;909.6;2685.0;5134.0;0.2;2913.0;0;14
33;80;7.8;792.0;2160.0;5195.4;0.2;2913.0;0;14
33;81;9.7;668.3;1837.0;5418.3;0.1;2913.0;0;14
33;82;6.5;945.8;2364.0;5229.9;0.2;2913.0;0;14
33;83;6.9;815.9;2509.0;4780.1;0.2;2913.0;0;14
33;84;7.9;778.3;2247.0;5194.1;0.1;2913.0;0;14
33;85;6.1;921.3;2853.0;4852.9;0.2;2913.0;0;14
33;86;9.7;615.7;1982.0;4975.9;0.1;2913.0;0;14
33;87;10.3;593.5;1949.0;5091.4;0.1;2913.0;0;14
33;88;10.3;616.8;1535.0;5282.4;0.1;2913.0;0;14
33;89;8.5;705.6;2290.0;5031.7;0.1;2913.0;0;14
33;90;5.7;949.0;2957.0;4673.6;0.2;2913.0;0;14
33;91;6.9;853.5;2709.0;4990.1;0.2;2913.0;0;14
33;92;9.5;709.2;2328.0;5603.4;0.1;2913.0;0;14
33;93;7.1;848.7;2859.0;5141.3;0.2;2913.0;0;14
33;94;7.8;727.1;2220.0;4771.0;0.2;2913.0;0;14
33;95;6.5;905.9;2874.0;5003.4;0.2;2913.0;0;14
33;96;8.5;651.9;1928.0;4638.6;0.1;2913.0;0;14
33;97;4.4;1280.6;3856.0;4953.3;0.3;2913.0;0;14
33;98;5.3;1191.3;3792.0;5510.9;0.2;2913.0;0;14
33;99;6.0;1061.3;3748.0;5515.4;0.2;2913.0;0;14
34;0;11.6;773.9;2299.0;7389.1;0.1;5706.0;1;1
34;1;16.5;518.4;1551.0;6965.6;0.1;4679.0;1;2
34;2;14.7;603.3;1564.0;7245.0;0.1;4272.0;1;3
34;3;12.2;713.4;2051.0;7174.6;0.1;3937.0;1;4
34;4;19.5;455.6;1125.0;7171.7;0.1;3733.0;1;5
34;5;15.2;571.4;1555.0;7097.9;0.1;3500.0;1;6
34;6;22.4;392.1;1237.0;7072.7;0.1;3326.0;1;7
34;7;15.7;549.3;1507.0;7019.6;0.1;3123.0;1;8
34;8;18.0;491.1;1231.0;7168.1;0.1;2952.0;1;9
34;9;10.3;828.1;2159.0;7096.3;0.1;2926.0;1;10
34;10;13.1;647.3;1930.0;6948.6;0.1;2922.0;1;11
34;11;14.2;621.4;1717.0;7224.4;0.1;2922.0;0;11
34;12;12.3;693.7;1767.0;7018.3;0.1;2922.0;0;11
34;13;21.9;385.7;1068.0;6807.1;0.1;2922.0;0;11
34;14;9.1;948.7;2557.0;7186.4;0.1;2922.0;0;11
34;15;12.3;669.8;1782.0;6755.4;0.1;2922.0;0;11
34;16;11.7;711.1;2004.0;6865.1;0.1;2922.0;0;11
34;17;13.0;646.7;1784.0;6901.0;0.1;2922.0;0;11
34;18;18.4;446.5;1185.0;6663.3;0.1;2922.0;0;11
34;19;8.4;970.8;2401.0;6813.1;0.1;2922.0;0;11
34;20;11.5;710.4;2105.0;6732.3;0.1;2922.0;0;11
34;21;8.7;916.1;2226.0;6712.9;0.1;2922.0;0;11
34;22;8.4;1010.6;2582.0;7132.4;0.1;2922.0;0;11
34;23;14.4;566.7;1430.0;6669.3;0.1;2922.0;0;11
34;24;9.1;858.0;2322.0;6526.4;0.1;2922.0;0;11
34;25;8.4;991.5;2431.0;7010.7;0.1;2922.0;0;11
34;26;9.2;891.0;2661.0;6876.9;0.1;2922.0;0;11
34;27;7.3;1095.3;3113.0;6748.4;0.2;2922.0;0;11
34;28;13.5;580.2;1963.0;6422.7;0.1;2922.0;0;11
34;29;7.2;1144.4;3193.0;7008.7;0.2;2922.0;0;11
34;30;7.1;1127.6;2962.0;6771.9;0.2;2922.0;0;11
34;31;9.7;839.8;1976.0;6808.1;0.1;2922.0;0;11
34;32;8.2;963.3;2884.0;6633.7;0.1;2922.0;0;11
34;33;5.7;1310.6;3320.0;6496.6;0.2;2922.0;0;11
34;34;10.0;812.0;1876.0;6769.9;0.1;2922.0;0;11
34;35;6.1;1235.3;2941.0;6506.1;0.2;2922.0;0;11
34;36;7.6;998.3;2753.0;6419.1;0.2;2922.0;0;11
34;37;9.3;783.7;2434.0;6097.3;0.1;2922.0;0;11
34;38;7.9;925.2;2067.0;6177.3;0.1;2922.0;0;11
34;39;8.5;779.7;2188.0;5557.0;0.1;2922.0;0;11
34;40;7.6;970.8;2161.0;6235.0;0.2;2922.0;0;11
34;41;6.4;1114.0;2381.0;6085.0;0.2;2922.0;0;11
34;42;6.7;1078.9;2845.0;6149.7;0.2;2922.0;0;11
34;43;7.2;1036.8;2947.0;6352.0;0.2;2922.0;0;11
34;44;8.0;910.9;2516.0;6119.7;0.1;2922.0;0;11
34;45;5.5;1283.8;2965.0;6131.0;0.2;2922.0;0;11
34;46;8.2;939.5;2404.0;6453.3;0.1;2922.0;0;11
34;47;14.9;438.3;1243.0;5337.1;0.1;2922.0;0;11
34;48;10.8;616.7;1972.0;5521.6;0.1;2922.0;0;11
34;49;6.6;968.7;2477.0;5424.6;0.2;2922.0;0;11
34;50;8.9;771.1;1991.0;5767.6;0.1;2922.0;0;11
34;51;13.4;500.9;1497.0;5498.0;0.1;2922.0;0;11
34;52;9.2;701.3;2192.0;5410.6;0.1;2922.0;0;11
34;53;11.7;536.0;1375.0;5165.0;0.1;2922.0;0;11
34;54;9.3;696.9;1646.0;5407.6;0.1;2922.0;0;11
34;55;20.0;336.4;765.0;5435.9;0.1;2922.0;0;11
34;56;12.1;516.4;1560.0;5141.9;0.1;2922.0;0;11
34;57;13.6;435.0;1164.0;4859.4;0.1;2922.0;0;11
34;58;12.7;441.6;1284.0;4614.1;0.1;2922.0;0;11
34;59;18.3;338.2;890.0;5000.0;0.1;2922.0;0;11
34;60;15.6;388.4;923.0;4921.7;0.1;2922.0;0;11
34;61;21.0;276.4;736.0;4678.4;0.1;2922.0;0;11
34;62;37.1;155.3;352.0;4580.7;0.0;2922.0;0;11
34;63;25.0;227.1;612.0;4554.3;0.0;2922.0;0;11
34;64;9.2;619.0;1834.0;4739.1;0.1;2922.0;0;11
34;65;5.7;1020.8;2858.0;5051.1;0.2;2922.0;0;11
34;66;8.7;713.4;2057.0;5181.4;0.1;2922.0;0;11
34;67;9.2;629.4;1878.0;4843.6;0.1;2922.0;0;11
34;68;9.0;626.4;1723.0;4697.4;0.1;2922.0;0;11
34;69;7.6;704.3;1774.0;4505.4;0.2;2922.0;0;11
34;70;13.3;440.3;1245.0;4812.7;0.1;2922.0;0;11
34;71;4.5;1523.1;3993.0;5999.7;0.3;2922.0;0;11
34;72;4.7;1161.0;3432.0;4753.6;0.2;2922.0;0;11
34;73;4.6;1523.9;3940.0;6213.6;0.2;2922.0;0;11
34;74;3.9;1677.9;4200.0;5818.0;0.3;2922.0;0;11
34;75;3.6;1725.4;4297.0;5606.6;0.3;2922.0;0;11
34;76;11.1;516.9;1670.0;4754.3;0.1;2922.0;0;11
34;77;7.9;668.1;1871.0;4474.6;0.1;2922.0;0;11
34;78;7.5;690.6;1865.0;4408.0;0.2;2922.0;0;11
34;79;7.4;712.2;1734.0;4448.9;0.2;2922.0;0;11
34;80;10.2;562.1;1628.0;4753.0;0.1;2922.0;0;11
34;81;7.6;735.7;1906.0;4705.4;0.2;2922.0;0;11
34;82;11.5;491.5;1589.0;4674.0;0.1;2922.0;0;11
34;83;5.0;1356.3;3925.0;5909.6;0.2;2922.0;0;11
34;84;4.7;1209.8;3937.0;5025.6;0.2;2922.0;0;11
34;85;5.5;1157.4;3458.0;5505.7;0.2;2922.0;0;11
34;86;9.9;536.5;1592.0;4423.0;0.1;2922.0;0;11
34;87;5.6;1073.7;3365.0;5169.6;0.2;2922.0;0;11
34;88;5.7;1081.7;3469.0;5339.7;0.2;2922.0;0;11
34;89;4.5;1347.7;4257.0;5307.3;0.3;2922.0;0;11
34;90;5.4;1039.5;3371.0;4874.1;0.2;2922.0;0;11
34;91;5.0;1132.8;3577.0;4920.1;0.2;2922.0;0;11
34;92;5.4;1101.1;3507.0;5163.1;0.2;2922.0;0;11
34;93;4.5;1190.0;3793.0;4765.6;0.2;2922.0;0;11
34;94;4.7;1152.6;3449.0;4730.4;0.2;2922.0;0;11
34;95;5.2;1086.3;3400.0;4926.4;0.2;2922.0;0;11
34;96;4.7;1167.9;3691.0;4822.0;0.2;2922.0;0;11
34;97;5.0;1180.6;3764.0;5186.7;0.2;2922.0;0;11
34;98;5.1;1175.8;3766.0;5242.0;0.2;2922.0;0;11
34;99;9.4;727.3;2175.0;5728.9;0.1;2922.0;0;11
35;0;11.5;727.6;2153.0;6881.7;0.1;5123.0;1;1
35;1;20.7;425.2;1245.0;7104.4;0.1;4768.0;1;2
35;2;22.8;384.8;1037.0;7059.3;0.1;4627.0;1;3
35;3;14.6;580.6;1518.0;6910.7;0.1;4343.0;1;4
35;4;16.6;523.5;1501.0;7050.6;0.1;3919.0;1;5
35;5;17.6;496.5;1217.0;7083.9;0.1;3667.0;1;6
35;6;18.4;492.2;1225.0;7312.4;0.1;3457.0;1;7
35;7;11.7;751.4;1956.0;7230.0;0.1;3209.0;1;8
35;8;17.2;495.8;1431.0;6932.6;0.1;3052.0;1;9
35;9;14.9;566.0;1732.0;6880.4;0.1;2940.0;1;10
35;10;22.0;393.6;1076.0;6977.7;0.1;2905.0;1;11
35;11;20.1;420.4;1089.0;6820.4;0.1;2905.0;0;11
35;12;9.3;894.6;2290.0;6931.7;0.1;2905.0;0;11
35;13;13.7;623.7;1667.0;6976.1;0.1;2905.0;0;11
35;14;12.5;648.1;1634.0;6667.3;0.1;2905.0;0;11
35;15;22.5;386.1;1039.0;6977.7;0.1;2905.0;0;11
35;16;12.0;680.3;2055.0;6745.7;0.1;2905.0;0;11
35;17;11.4;689.5;1976.0;6464.3;0.1;2905.0;0;11
35;18;13.0;641.5;1849.0;6824.1;0.1;2905.0;0;11
35;19;12.1;703.0;1863.0;7001.4;0.1;2905.0;0;11
35;20;12.1;648.8;1755.0;6473.6;0.1;2905.0;0;11
35;21;9.8;846.8;2149.0;6907.7;0.1;2905.0;0;11
35;22;10.9;755.9;1921.0;6844.0;0.1;2905.0;0;11
35;23;9.5;862.6;2270.0;6847.0;0.1;2905.0;0;11
35;24;9.7;824.6;2160.0;6681.7;0.1;2905.0;0;11
35;25;13.9;624.0;1516.0;7115.9;0.1;2905.0;0;11
35;26;8.3;1024.4;2179.0;7178.3;0.1;2905.0;0;11
35;27;13.2;605.9;1759.0;6566.3;0.1;2905.0;0;11
35;28;12.1;689.5;1546.0;6848.0;0.1;2905.0;0;11
35;29;6.8;1158.9;3005.0;6737.3;0.2;2905.0;0;11
35;30;5.4;1442.6;3519.0;6738.3;0.2;2905.0;0;11
35;31;9.6;861.1;2453.0;6866.9;0.1;2905.0;0;11
35;32;9.7;846.1;2077.0;6853.0;0.1;2905.0;0;11
35;33;7.9;1007.0;2392.0;6673.4;0.2;2905.0;0;11
35;34;6.3;1308.6;3715.0;7016.9;0.2;2905.0;0;11
35;35;8.2;923.3;2585.0;6341.7;0.1;2905.0;0;11
35;36;9.3;817.5;2211.0;6337.0;0.1;2905.0;0;11
35;37;6.0;1199.5;3135.0;6227.4;0.2;2905.0;0;11
35;38;8.7;855.6;2337.0;6215.0;0.1;2905.0;0;11
35;39;6.0;1085.7;3027.0;5572.7;0.2;2905.0;0;11
35;40;6.2;1070.1;2807.0;5704.4;0.2;2905.0;0;11
35;41;6.0;1095.3;2538.0;5643.1;0.2;2905.0;0;11
35;42;5.0;1210.0;2726.0;5301.4;0.2;2905.0;0;11
35;43;8.4;807.2;1972.0;5719.1;0.1;2905.0;0;11
35;44;9.2;747.2;2015.0;5748.0;0.1;2905.0;0;11
35;45;7.6;884.6;2325.0;5680.3;0.2;2905.0;0;11
35;46;14.9;483.6;1184.0;5872.6;0.1;2905.0;0;11
35;47;6.6;972.3;2308.0;5514.9;0.2;2905.0;0;11
35;48;8.4;819.6;2242.0;5784.4;0.1;2905.0;0;11
35;49;9.5;762.0;1872.0;6014.9;0.1;2905.0;0;11
35;50;8.3;836.4;2054.0;5825.6;0.1;2905.0;0;11
35;51;6.2;1000.9;2394.0;5319.3;0.2;2905.0;0;11
35;52;6.6;959.4;2459.0;5386.4;0.2;2905.0;0;11
35;53;6.2;1006.2;2275.0;5316.9;0.2;2905.0;0;11
35;54;7.9;825.2;1995.0;5504.3;0.1;2905.0;0;11
35;55;6.4;969.4;2275.0;5347.7;0.2;2905.0;0;11
35;56;9.3;715.7;1671.0;5583.7;0.1;2905.0;0;11
35;57;11.1;626.6;1794.0;5755.6;0.1;2905.0;0;11
35;58;6.5;950.4;2200.0;5290.6;0.2;2905.0;0;11
35;59;9.5;711.7;2013.0;5627.6;0.1;2905.0;0;11
35;60;9.1;714.0;1807.0;5446.9;0.1;2905.0;0;11
35;61;10.8;635.2;1850.0;5702.0;0.1;2905.0;0;11
35;62;10.7;622.6;1422.0;5525.7;0.1;2905.0;0;11
35;63;7.1;893.6;2333.0;5399.9;0.2;2905.0;0;11
35;64;6.9;860.5;2350.0;5031.9;0.2;2905.0;0;11
35;65;6.6;902.0;2081.0;5077.0;0.2;2905.0;0;11
35;66;7.6;817.8;1965.0;5238.7;0.2;2905.0;0;11
35;67;9.4;681.6;2034.0;5322.9;0.1;2905.0;0;11
35;68;8.8;714.3;1930.0;5273.3;0.1;2905.0;0;11
35;69;9.8;664.2;1737.0;5412.4;0.1;2905.0;0;11
35;70;7.1;848.7;2469.0;5127.1;0.2;2905.0;0;11
35;71;7.9;776.7;2142.0;5201.1;0.1;2905.0;0;11
35;72;6.0;1021.6;2498.0;5261.4;0.2;2905.0;0;11
35;73;7.6;787.2;1905.0;5054.6;0.2;2905.0;0;11
35;74;9.8;651.2;1633.0;5315.6;0.1;2905.0;0;11
35;75;8.2;742.7;1873.0;5133.9;0.1;2905.0;0;11
35;76;6.2;966.6;2613.0;5171.4;0.2;2905.0;0;11
35;77;7.2;930.0;2457.0;5655.9;0.2;2905.0;0;11
35;78;6.8;1000.8;2603.0;5827.0;0.2;2905.0;0;11
35;79;7.1;951.2;2380.0;5707.0;0.2;2905.0;0;11
35;80;5.0;1197.5;3655.0;5260.4;0.2;2905.0;0;11
35;81;8.5;731.0;1915.0;5210.9;0.1;2905.0;0;11
35;82;8.5;703.9;2110.0;5018.3;0.1;2905.0;0;11
35;83;8.7;690.4;1922.0;5024.6;0.1;2905.0;0;11
35;84;8.0;713.2;2378.0;4796.4;0.1;2905.0;0;11
35;85;8.8;682.1;1960.0;5011.4;0.1;2905.0;0;11
35;86;6.5;931.7;2338.0;5172.7;0.2;2905.0;0;11
35;87;8.1;698.6;1768.0;4786.4;0.1;2905.0;0;11
35;88;10.0;589.7;1491.0;4915.6;0.1;2905.0;0;11
35;89;5.8;1110.5;3343.0;5570.1;0.2;2905.0;0;11
35;90;6.4;926.2;2841.0;5097.9;0.2;2905.0;0;11
35;91;4.8;1317.3;4094.0;5553.0;0.2;2905.0;0;11
35;92;5.4;1221.2;4210.0;5727.1;0.2;2905.0;0;11
35;93;5.6;1208.5;4235.0;5875.1;0.2;2905.0;0;11
35;94;6.0;1134.8;3625.0;5863.1;0.2;2905.0;0;11
35;95;4.7;1383.2;4591.0;5704.9;0.2;2905.0;0;11
35;96;6.5;1096.6;3416.0;6112.0;0.2;2905.0;0;11
35;97;5.2;1295.2;4016.0;5894.6;0.2;2905.0;0;11
35;98;4.9;1438.0;4765.0;6185.0;0.2;2905.0;0;11
35;99;4.9;1402.7;4426.0;6019.3;0.2;2905.0;0;11
36;0;22.5;412.1;1134.0;7448.1;0.1;6011.0;1;1
36;1;17.8;495.7;1471.0;7155.3;0.1;5798.0;1;2
36;2;22.0;395.1;1042.0;7006.9;0.1;5521.0;1;3
36;3;18.6;478.6;1382.0;7196.6;0.1;5248.0;1;4
36;4;15.4;571.5;1881.0;7148.1;0.1;4710.0;1;5
36;5;19.5;453.9;1180.0;7134.6;0.1;4368.0;1;6
36;6;16.9;504.8;1462.0;6934.3;0.1;3748.0;1;7
36;7;15.0;552.1;1342.0;6733.4;0.1;3276.0;1;8
36;8;20.8;416.6;1203.0;6985.7;0.1;3145.0;1;9
36;9;16.4;524.0;1380.0;6987.3;0.1;2953.0;1;10
36;10;14.7;586.0;1597.0;7016.6;0.1;2918.0;1;11
36;11;28.5;308.3;825.0;7023.7;0.0;2918.0;0;11
36;12;14.8;564.1;1809.0;6822.1;0.1;2918.0;0;11
36;13;17.3;498.0;1341.0;6993.6;0.1;2918.0;0;11
36;14;14.3;583.4;1605.0;6805.7;0.1;2918.0;0;11
36;15;13.2;637.8;1699.0;6890.7;0.1;2918.0;0;11
36;16;11.1;698.0;1719.0;6421.9;0.1;2918.0;0;11
36;17;15.8;518.1;1121.0;6660.4;0.1;2918.0;0;11
36;18;14.7;554.1;1564.0;6649.1;0.1;2918.0;0;11
36;19;12.7;640.3;1606.0;6672.4;0.1;2918.0;0;11
36;20;13.2;589.4;1430.0;6397.9;0.1;2918.0;0;11
36;21;15.3;529.5;1368.0;6587.9;0.1;2918.0;0;11
36;22;13.9;556.6;1410.0;6311.4;0.1;2918.0;0;11
36;23;11.4;685.6;1880.0;6457.9;0.1;2918.0;0;11
36;24;11.8;717.9;1964.0;6955.1;0.1;2918.0;0;11
36;25;10.6;789.5;1923.0;6952.4;0.1;2918.0;0;11
36;26;8.2;979.9;2664.0;6794.0;0.1;2918.0;0;11
36;27;11.3;725.6;1784.0;6774.7;0.1;2918.0;0;11
36;28;9.3;897.4;2337.0;6955.6;0.1;2918.0;0;11
36;29;8.1;1013.0;2619.0;6906.3;0.1;2918.0;0;11
36;30;9.8;781.3;1948.0;6397.1;0.1;2918.0;0;11
36;31;12.5;658.2;1700.0;6743.7;0.1;2918.0;0;11
36;32;11.9;692.0;1738.0;6760.4;0.1;2918.0;0;11
36;33;7.8;918.7;2304.0;6033.6;0.2;2918.0;0;11
36;34;8.5;871.4;2629.0;6222.9;0.1;2918.0;0;11
36;35;15.5;478.5;1324.0;6045.9;0.1;2918.0;0;11
36;36;8.3;826.6;2293.0;5767.4;0.1;2918.0;0;11
36;37;12.8;579.6;1514.0;6090.0;0.1;2918.0;0;11
36;38;14.2;521.3;1231.0;6048.3;0.1;2918.0;0;11
36;39;7.0;910.2;2500.0;5451.7;0.2;2918.0;0;11
36;40;18.1;394.0;984.0;5765.7;0.1;2918.0;0;11
36;41;6.6;929.8;2167.0;5219.9;0.2;2918.0;0;11
36;42;8.5;755.8;2339.0;5416.0;0.1;2918.0;0;11
36;43;8.8;736.9;1972.0;5401.6;0.1;2918.0;0;11
36;44;11.5;584.9;1673.0;5547.7;0.1;2918.0;0;11
36;45;14.9;466.9;1293.0;5682.9;0.1;2918.0;0;11
36;46;18.1;386.3;1110.0;5664.6;0.1;2918.0;0;11
36;47;13.7;487.6;1163.0;5476.4;0.1;2918.0;0;11
36;48;8.3;778.5;2280.0;5427.9;0.1;2918.0;0;11
36;49;17.0;419.2;1075.0;5792.9;0.1;2918.0;0;11
36;50;9.1;735.0;1799.0;5565.4;0.1;2918.0;0;11
36;51;6.8;933.1;2608.0;5440.6;0.2;2918.0;0;11
36;52;9.2;690.4;1751.0;5284.3;0.1;2918.0;0;11
36;53;7.3;858.3;2306.0;5313.0;0.2;2918.0;0;11
36;54;10.6;620.1;1584.0;5468.6;0.1;2918.0;0;11
36;55;9.1;709.8;1998.0;5420.0;0.1;2918.0;0;11
36;56;12.6;540.8;1477.0;5594.0;0.1;2918.0;0;11
36;57;9.8;697.1;2075.0;5676.0;0.1;2918.0;0;11
36;58;8.9;724.7;1918.0;5399.3;0.1;2918.0;0;11
36;59;8.3;762.9;1861.0;5297.1;0.1;2918.0;0;11
36;60;7.4;856.3;2339.0;5389.6;0.2;2918.0;0;11
36;61;6.8;896.8;2211.0;5223.0;0.2;2918.0;0;11
36;62;7.7;827.7;2397.0;5377.3;0.2;2918.0;0;11
36;63;8.4;759.7;2035.0;5349.1;0.1;2918.0;0;11
36;64;7.4;845.3;2352.0;5288.7;0.2;2918.0;0;11
36;65;7.9;761.7;1954.0;5099.3;0.1;2918.0;0;11
36;66;11.5;580.2;1488.0;5493.7;0.1;2918.0;0;11
36;67;8.9;696.6;2216.0;5207.7;0.1;2918.0;0;11
36;68;6.5;923.1;2408.0;5125.3;0.2;2918.0;0;11
36;69;9.7;652.7;1858.0;5250.1;0.1;2918.0;0;11
36;70;6.2;936.7;2278.0;4964.9;0.2;2918.0;0;11
36;71;5.8;934.8;2334.0;4695.9;0.2;2918.0;0;11
36;72;10.2;639.1;1796.0;5424.4;0.1;2918.0;0;11
36;73;6.4;915.9;2194.0;4997.3;0.2;2918.0;0;11
36;74;7.4;810.3;2138.0;5109.1;0.2;2918.0;0;11
36;75;5.9;934.0;2056.0;4719.3;0.2;2918.0;0;11
36;76;5.8;898.8;2242.0;4524.7;0.2;2918.0;0;11
36;77;8.6;722.1;1850.0;5213.4;0.1;2918.0;0;11
36;78;6.6;828.1;1953.0;4671.7;0.2;2918.0;0;11
36;79;6.6;958.6;3027.0;5376.3;0.2;2918.0;0;11
36;80;7.9;797.7;2518.0;5329.3;0.1;2918.0;0;11
36;81;7.0;860.9;2468.0;5128.4;0.2;2918.0;0;11
36;82;8.1;761.3;2116.0;5206.7;0.1;2918.0;0;11
36;83;8.0;746.1;2208.0;5046.6;0.1;2918.0;0;11
36;84;6.0;929.8;2753.0;4816.1;0.2;2918.0;0;11
36;85;9.7;718.0;2651.0;5813.1;0.1;2918.0;0;11
36;86;6.9;941.3;2973.0;5549.9;0.2;2918.0;0;11
36;87;5.6;1084.8;3093.0;5268.1;0.2;2918.0;0;11
36;88;7.0;903.6;2406.0;5395.4;0.2;2918.0;0;11
36;89;6.9;772.1;2338.0;4526.7;0.2;2918.0;0;11
36;90;7.4;798.6;2267.0;5020.0;0.2;2918.0;0;11
36;91;4.9;1164.2;3546.0;5007.6;0.2;2918.0;0;11
36;92;5.8;916.1;2688.0;4588.1;0.2;2918.0;0;11
36;93;7.6;720.3;2094.0;4642.4;0.2;2918.0;0;11
36;94;29.8;225.6;629.0;5360.1;0.0;2918.0;0;11
36;95;5.1;1032.2;2697.0;4588.3;0.2;2918.0;0;11
36;96;5.8;878.4;2447.0;4404.1;0.2;2918.0;0;11
36;97;6.7;853.9;2614.0;4863.9;0.2;2918.0;0;11
36;98;6.2;890.6;2437.0;4750.3;0.2;2918.0;0;11
36;99;6.6;853.1;2552.0;4826.6;0.2;2918.0;0;11
37;0;11.2;770.6;1979.0;7137.1;0.1;5719.0;1;1
37;1;16.6;551.3;1553.0;7443.4;0.1;5576.0;1;2
37;2;13.3;633.2;1682.0;6879.4;0.1;5430.0;1;3
37;3;12.9;678.3;1565.0;7160.9;0.1;4957.0;1;4
37;4;19.7;454.7;1312.0;7231.3;0.1;4370.0;1;5
37;5;13.9;601.3;1579.0;6830.6;0.1;4143.0;1;6
37;6;20.2;435.7;1022.0;7100.9;0.1;3725.0;1;7
37;7;10.5;821.3;2167.0;7138.4;0.1;3463.0;1;8
37;8;23.6;365.2;1002.0;6929.7;0.1;3279.0;1;9
37;9;16.1;537.9;1665.0;7060.0;0.1;3023.0;1;10
37;10;17.5;481.3;1322.0;6829.7;0.1;2960.0;1;11
37;11;15.3;539.2;1538.0;6738.1;0.1;2956.0;1;12
37;12;15.0;568.6;1588.0;6972.4;0.1;2956.0;0;12
37;13;16.5;505.7;1332.0;6776.1;0.1;2956.0;0;12
37;14;11.6;700.5;2150.0;6675.3;0.1;2956.0;0;12
37;15;13.8;605.9;1920.0;6818.1;0.1;2956.0;0;12
37;16;11.7;688.8;1796.0;6646.7;0.1;2956.0;0;12
37;17;15.7;544.9;1554.0;6971.4;0.1;2956.0;0;12
37;18;12.9;664.3;1792.0;7029.6;0.1;2956.0;0;12
37;19;11.7;713.8;2248.0;6893.6;0.1;2956.0;0;12
37;20;10.3;825.8;2109.0;7057.9;0.1;2956.0;0;12
37;21;12.4;676.1;1600.0;6913.7;0.1;2956.0;0;12
37;22;13.1;607.0;1659.0;6530.7;0.1;2956.0;0;12
37;23;9.1;926.3;2584.0;7036.4;0.1;2956.0;0;12
37;24;6.1;1275.0;3753.0;6708.6;0.2;2956.0;0;12
37;25;7.9;976.0;2702.0;6505.3;0.2;2956.0;0;12
37;26;6.2;1254.7;3473.0;6718.3;0.2;2956.0;0;12
37;27;15.0;611.2;1571.0;7487.3;0.1;2956.0;0;12
37;28;6.4;1154.5;3059.0;6320.3;0.2;2956.0;0;12
37;29;7.9;1017.2;3006.0;6811.3;0.1;2956.0;0;12
37;30;7.5;1060.0;2959.0;6702.1;0.2;2956.0;0;12
37;31;8.6;905.8;2156.0;6535.0;0.1;2956.0;0;12
37;32;10.9;767.7;2172.0;6925.3;0.1;2956.0;0;12
37;33;8.0;984.6;2476.0;6644.0;0.1;2922.0;1;13
37;34;8.1;1031.6;2653.0;7025.3;0.1;2921.0;1;14
37;35;7.8;986.2;2511.0;6504.6;0.2;2921.0;0;14
37;36;8.3;902.1;1944.0;6320.9;0.1;2921.0;0;14
37;37;9.9;795.0;2051.0;6533.4;0.1;2921.0;0;14
37;38;7.4;961.5;2389.0;5994.9;0.2;2921.0;0;14
37;39;11.0;663.6;1770.0;6042.0;0.1;2921.0;0;14
37;40;12.0;572.9;1552.0;5675.7;0.1;2921.0;0;14
37;41;6.6;971.4;2336.0;5438.0;0.2;2921.0;0;14
37;42;10.0;697.7;2145.0;5772.3;0.1;2921.0;0;14
37;43;18.3;394.8;1021.0;5847.1;0.1;2921.0;0;14
37;44;9.2;724.2;2165.0;5577.3;0.1;2921.0;0;14
37;45;11.7;588.9;1749.0;5674.0;0.1;2921.0;0;14
37;46;5.9;1003.9;2489.0;5099.9;0.2;2921.0;0;14
37;47;8.1;784.7;2031.0;5369.0;0.1;2921.0;0;14
37;48;9.8;677.2;1812.0;5497.4;0.1;2921.0;0;14
37;49;11.2;599.3;1423.0;5567.0;0.1;2921.0;0;14
37;50;9.1;730.6;1806.0;5530.7;0.1;2921.0;0;14
37;51;7.1;877.1;1907.0;5317.9;0.2;2921.0;0;14
37;52;9.0;734.8;1832.0;5513.6;0.1;2921.0;0;14
37;53;13.1;510.5;1224.0;5493.3;0.1;2921.0;0;14
37;54;12.0;560.0;1353.0;5525.6;0.1;2921.0;0;14
37;55;13.0;526.4;1569.0;5611.7;0.1;2921.0;0;14
37;56;8.2;766.1;1962.0;5261.9;0.1;2921.0;0;14
37;57;7.4;818.7;1908.0;5156.9;0.2;2921.0;0;14
37;58;9.5;679.9;1624.0;5361.3;0.1;2921.0;0;14
37;59;12.1;550.4;1481.0;5479.7;0.1;2921.0;0;14
37;60;8.1;780.7;2200.0;5309.0;0.1;2921.0;0;14
37;61;11.6;560.7;1548.0;5351.3;0.1;2921.0;0;14
37;62;25.4;277.4;630.0;5645.3;0.0;2921.0;0;14
37;63;27.7;255.0;550.0;5655.9;0.0;2921.0;0;14
37;64;16.1;411.0;1040.0;5385.6;0.1;2921.0;0;14
37;65;26.8;259.0;727.0;5561.7;0.0;2921.0;0;14
37;66;7.0;994.0;3041.0;5896.3;0.2;2921.0;0;14
37;67;11.3;568.0;1703.0;5312.9;0.1;2921.0;0;14
37;68;15.4;428.6;1218.0;5363.6;0.1;2921.0;0;14
37;69;30.5;229.8;557.0;5595.0;0.0;2921.0;0;14
37;70;8.2;764.9;2409.0;5277.7;0.1;2921.0;0;14
37;71;9.3;698.5;1840.0;5394.9;0.1;2921.0;0;14
37;72;10.7;609.5;1727.0;5406.3;0.1;2921.0;0;14
37;73;8.6;727.4;1812.0;5225.7;0.1;2921.0;0;14
37;74;10.1;653.1;1634.0;5472.9;0.1;2921.0;0;14
37;75;7.8;804.5;2175.0;5274.0;0.2;2921.0;0;14
37;76;8.2;759.1;2015.0;5260.9;0.1;2921.0;0;14
37;77;9.9;664.6;1939.0;5493.9;0.1;2921.0;0;14
37;78;5.9;1123.5;3508.0;5717.3;0.2;2921.0;0;14
37;79;12.3;544.6;1649.0;5511.4;0.1;2921.0;0;14
37;80;9.3;668.1;2037.0;5210.3;0.1;2921.0;0;14
37;81;13.5;488.8;1789.0;5418.0;0.1;2921.0;0;14
37;82;7.8;746.4;2144.0;4898.4;0.2;2921.0;0;14
37;83;9.1;653.6;2138.0;4987.9;0.1;2921.0;0;14
37;84;5.5;925.8;2935.0;4444.9;0.2;2921.0;0;14
37;85;10.6;611.8;1791.0;5373.9;0.1;2921.0;0;14
37;86;7.6;886.3;2726.0;5692.1;0.2;2921.0;0;14
37;87;9.4;704.0;1907.0;5544.6;0.1;2921.0;0;14
37;88;6.2;968.3;2395.0;5178.1;0.2;2921.0;0;14
37;89;7.0;813.9;2250.0;4861.7;0.2;2921.0;0;14
37;90;10.9;558.7;1745.0;5038.4;0.1;2921.0;0;14
37;91;16.8;388.8;1340.0;5304.6;0.1;2921.0;0;14
37;92;5.5;844.0;2477.0;4027.9;0.2;2921.0;0;14
37;93;8.4;737.7;2501.0;5181.6;0.1;2921.0;0;14
37;94;25.5;264.1;837.0;5386.3;0.0;2921.0;0;14
37;95;18.7;350.0;1178.0;5300.9;0.1;2921.0;0;14
37;96;11.4;521.5;1536.0;4903.6;0.1;2921.0;0;14
37;97;11.2;555.4;2024.0;5146.9;0.1;2921.0;0;14
37;98;14.3;446.4;1524.0;5216.9;0.1;2921.0;0;14
37;99;17.2;381.6;1253.0;5327.9;0.1;2921.0;0;14
38;0;18.1;490.4;1399.0;7188.0;0.1;5949.0;1;1
38;1;17.8;492.3;1431.0;7092.6;0.1;5536.0;1;2
38;2;15.4;560.9;1587.0;7042.7;0.1;5291.0;1;3
38;3;17.3;510.0;1316.0;7138.0;0.1;5134.0;1;4
38;4;13.8;624.3;1575.0;7027.3;0.1;4538.0;1;5
38;5;11.4;807.6;2213.0;7625.3;0.1;4291.0;1;6
38;6;22.7;394.4;987.0;7185.1;0.1;3981.0;1;7
38;7;18.3;455.1;1318.0;6725.4;0.1;3662.0;1;8
38;8;21.7;421.2;1156.0;7348.1;0.1;3434.0;1;9
38;9;12.0;740.1;2039.0;7299.6;0.1;3286.0;1;10
38;10;12.9;648.6;1938.0;6885.1;0.1;3091.0;1;11
38;11;9.7;832.6;2056.0;6743.1;0.1;2977.0;1;12
38;12;9.5;916.3;2414.0;7268.3;0.1;2950.0;1;13
38;13;10.3;841.8;2545.0;7173.7;0.1;2949.0;1;14
38;14;9.3;887.4;2366.0;6877.7;0.1;2949.0;0;14
38;15;9.8;802.9;2197.0;6548.1;0.1;2949.0;0;14
38;16;9.5;828.8;2651.0;6533.1;0.1;2949.0;0;14
38;17;13.3;613.0;1416.0;6692.4;0.1;2949.0;0;14
38;18;10.8;831.3;1964.0;7423.9;0.1;2949.0;0;14
38;19;9.2;959.0;2278.0;7381.1;0.1;2949.0;0;14
38;20;10.2;834.7;2180.0;7092.0;0.1;2949.0;0;14
38;21;7.9;1075.7;2697.0;7201.0;0.1;2949.0;0;14
38;22;10.7;778.6;1853.0;6882.1;0.1;2949.0;0;14
38;23;8.7;881.8;2348.0;6413.3;0.1;2949.0;0;14
38;24;8.8;955.3;2623.0;7073.0;0.1;2949.0;0;14
38;25;7.2;1108.1;3283.0;6756.1;0.2;2949.0;0;14
38;26;10.1;776.7;2111.0;6522.0;0.1;2949.0;0;14
38;27;7.0;1170.0;2540.0;6954.9;0.2;2949.0;0;14
38;28;6.7;1250.4;3410.0;7125.0;0.2;2949.0;0;14
38;29;7.2;1145.7;2717.0;7018.3;0.2;2949.0;0;14
38;30;6.2;1220.6;3207.0;6530.4;0.2;2949.0;0;14
38;31;6.5;1260.4;3237.0;6957.4;0.2;2949.0;0;14
38;32;6.3;1269.6;3539.0;6872.9;0.2;2949.0;0;14
38;33;4.9;1603.8;3710.0;6932.0;0.2;2949.0;0;14
38;34;7.0;1253.3;3145.0;7471.9;0.2;2949.0;0;14
38;35;9.2;940.2;2247.0;7217.0;0.1;2949.0;0;14
38;36;6.9;1272.0;3696.0;7451.6;0.2;2949.0;0;14
38;37;7.4;1132.1;2741.0;7094.1;0.2;2949.0;0;14
38;38;7.4;1121.3;3051.0;7023.4;0.2;2949.0;0;14
38;39;6.1;1316.9;3452.0;6894.6;0.2;2949.0;0;14
38;40;4.3;1718.6;4127.0;6563.1;0.3;2949.0;0;14
38;41;7.4;1057.1;2569.0;6588.7;0.2;2949.0;0;14
38;42;6.5;1212.2;2850.0;6728.0;0.2;2949.0;0;14
38;43;8.5;913.8;2422.0;6511.7;0.1;2949.0;0;14
38;44;5.2;1341.7;3561.0;6082.9;0.2;2949.0;0;14
38;45;6.2;1142.3;2623.0;6072.6;0.2;2949.0;0;14
38;46;5.3;1331.4;3302.0;6090.1;0.2;2949.0;0;14
38;47;4.8;1531.6;3775.0;6443.7;0.2;2949.0;0;14
38;48;6.2;1169.0;3268.0;6181.3;0.2;2949.0;0;14
38;49;5.3;1294.3;3370.0;6002.7;0.2;2949.0;0;14
38;50;7.9;906.9;2571.0;6014.1;0.2;2949.0;0;14
38;51;6.1;1156.7;3161.0;6103.4;0.2;2949.0;0;14
38;52;4.9;1409.9;3684.0;6033.0;0.2;2949.0;0;14
38;53;4.5;1660.1;4251.0;6643.4;0.2;2949.0;0;14
38;54;5.4;1379.4;3601.0;6408.9;0.2;2949.0;0;14
38;55;5.8;1238.2;3473.0;6211.6;0.2;2949.0;0;14
38;56;7.6;940.6;2368.0;6006.7;0.2;2949.0;0;14
38;57;5.2;1180.1;2856.0;5362.9;0.2;2949.0;0;14
38;58;5.9;1050.0;2985.0;5368.1;0.2;2949.0;0;14
38;59;6.2;988.0;2635.0;5267.7;0.2;2949.0;0;14
38;60;7.0;910.5;2357.0;5427.9;0.2;2949.0;0;14
38;61;11.6;598.3;1734.0;5706.7;0.1;2949.0;0;14
38;62;6.8;906.8;2578.0;5277.9;0.2;2949.0;0;14
38;63;6.5;1041.5;2824.0;5765.7;0.2;2949.0;0;14
38;64;8.4;749.2;2223.0;5273.0;0.1;2949.0;0;14
38;65;9.7;640.7;1596.0;5168.4;0.1;2949.0;0;14
38;66;13.7;486.2;1487.0;5460.4;0.1;2949.0;0;14
38;67;18.0;377.0;1128.0;5483.1;0.1;2949.0;0;14
38;68;12.7;508.0;1447.0;5306.4;0.1;2949.0;0;14
38;69;6.2;923.3;2617.0;4925.9;0.2;2949.0;0;14
38;70;8.1;752.7;1875.0;5136.6;0.1;2949.0;0;14
38;71;9.2;694.4;1891.0;5341.1;0.1;2949.0;0;14
38;72;6.8;910.1;2481.0;5259.7;0.2;2949.0;0;14
38;73;9.9;668.0;1825.0;5507.7;0.1;2949.0;0;14
38;74;6.7;935.9;2356.0;5319.1;0.2;2949.0;0;14
38;75;7.7;824.0;2107.0;5383.7;0.2;2949.0;0;14
38;76;8.2;767.3;2038.0;5286.9;0.1;2949.0;0;14
38;77;11.1;609.0;1907.0;5605.0;0.1;2949.0;0;14
38;78;8.8;724.4;1919.0;5357.7;0.1;2949.0;0;14
38;79;8.0;808.5;2211.0;5474.1;0.1;2949.0;0;14
38;80;9.9;676.8;1955.0;5566.1;0.1;2949.0;0;14
38;81;8.6;765.7;1864.0;5505.4;0.1;2949.0;0;14
38;82;7.3;874.3;2330.0;5423.3;0.2;2949.0;0;14
38;83;5.6;1068.6;2541.0;5155.3;0.2;2949.0;0;14
38;84;9.6;700.8;2080.0;5616.3;0.1;2949.0;0;14
38;85;8.0;799.7;1881.0;5383.3;0.1;2949.0;0;14
38;86;9.7;693.1;1693.0;5595.7;0.1;2949.0;0;14
38;87;8.8;703.7;2202.0;5179.9;0.1;2949.0;0;14
38;88;13.6;481.3;1597.0;5371.0;0.1;2949.0;0;14
38;89;12.5;545.9;1673.0;5619.9;0.1;2949.0;0;14
38;90;8.7;730.7;1996.0;5349.1;0.1;2949.0;0;14
38;91;10.1;592.3;1647.0;4969.0;0.1;2949.0;0;14
38;92;9.2;683.2;2126.0;5227.3;0.1;2949.0;0;14
38;93;8.5;715.4;2187.0;5099.1;0.1;2949.0;0;14
38;94;8.1;760.4;2126.0;5200.1;0.1;2949.0;0;14
38;95;6.9;869.5;2487.0;5130.3;0.2;2949.0;0;14
38;96;13.9;474.6;1712.0;5397.0;0.1;2949.0;0;14
38;97;11.2;614.7;1924.0;5689.3;0.1;2949.0;0;14
38;98;11.3;572.0;2007.0;5331.6;0.1;2949.0;0;14
38;99;6.8;911.7;3057.0;5314.3;0.2;2949.0;0;14
39;0;13.5;636.9;1636.0;7044.3;0.1;5230.0;1;1
39;1;26.5;331.4;850.0;7033.6;0.0;4363.0;1;2
39;2;16.3;524.2;1223.0;6953.7;0.1;4157.0;1;3
39;3;16.0;549.2;1532.0;7140.7;0.1;3789.0;1;4
39;4;20.7;418.6;1039.0;6975.1;0.1;3509.0;1;5
39;5;17.6;496.1;1245.0;7088.3;0.1;3221.0;1;6
39;6;23.7;369.6;1084.0;7038.1;0.1;3062.0;1;7
39;7;19.9;440.6;1202.0;7084.4;0.1;2972.0;1;8
39;8;16.1;524.5;1384.0;6873.7;0.1;2947.0;1;9
39;9;16.7;494.1;1493.0;6702.3;0.1;2946.0;1;10
39;10;13.3;655.2;1736.0;7155.0;0.1;2946.0;0;10
39;11;25.1;335.8;918.0;6759.6;0.0;2946.0;0;10
39;12;21.4;405.2;1212.0;6979.0;0.1;2946.0;0;10
39;13;11.3;723.5;2034.0;6776.1;0.1;2946.0;0;10
39;14;9.4;871.1;2146.0;6861.3;0.1;2946.0;0;10
39;15;16.6;495.5;1252.0;6680.7;0.1;2946.0;0;10
39;16;18.0;461.3;1081.0;6720.7;0.1;2946.0;0;10
39;17;12.6;643.8;1713.0;6660.7;0.1;2946.0;0;10
39;18;14.9;558.2;1341.0;6771.0;0.1;2946.0;0;10
39;19;20.8;389.2;996.0;6535.7;0.1;2946.0;0;10
39;20;23.6;357.1;986.0;6773.6;0.1;2946.0;0;10
39;21;18.1;449.3;1173.0;6570.4;0.1;2946.0;0;10
39;22;13.7;600.2;1680.0;6711.6;0.1;2946.0;0;10
39;23;13.5;610.4;1446.0;6744.1;0.1;2946.0;0;10
39;24;13.3;612.0;1668.0;6648.4;0.1;2946.0;0;10
39;25;13.9;587.8;1545.0;6680.3;0.1;2946.0;0;10
39;26;12.7;631.6;1672.0;6566.6;0.1;2946.0;0;10
39;27;10.4;706.6;1931.0;6102.0;0.1;2946.0;0;10
39;28;11.7;692.0;1558.0;6674.1;0.1;2946.0;0;10
39;29;14.3;568.4;1442.0;6652.3;0.1;2946.0;0;10
39;30;13.9;579.8;1483.0;6589.9;0.1;2946.0;0;10
39;31;16.3;472.9;1291.0;6244.9;0.1;2946.0;0;10
39;32;11.6;672.8;1755.0;6410.6;0.1;2946.0;0;10
39;33;13.2;601.4;1491.0;6505.3;0.1;2946.0;0;10
39;34;6.7;1157.8;2761.0;6637.7;0.2;2922.0;1;11
39;35;6.7;1183.1;2763.0;6775.6;0.2;2922.0;0;11
39;36;8.7;935.4;2695.0;6839.4;0.1;2922.0;0;11
39;37;8.1;985.4;2448.0;6711.1;0.1;2922.0;0;11
39;38;8.0;961.4;2402.0;6483.1;0.1;2922.0;0;11
39;39;10.3;767.1;2236.0;6569.3;0.1;2922.0;0;11
39;40;6.1;1221.7;3474.0;6426.7;0.2;2922.0;0;11
39;41;7.5;997.7;2167.0;6320.3;0.2;2922.0;0;11
39;42;5.5;1303.0;3141.0;6203.4;0.2;2922.0;0;11
39;43;9.5;760.6;1752.0;6010.3;0.1;2922.0;0;11
39;44;12.7;622.8;1855.0;6494.7;0.1;2922.0;0;11
39;45;8.8;860.3;2427.0;6350.7;0.1;2922.0;0;11
39;46;5.9;1162.3;2808.0;5926.3;0.2;2922.0;0;11
39;47;6.8;1067.7;2977.0;6206.0;0.2;2922.0;0;11
39;48;6.1;1084.8;2701.0;5696.0;0.2;2922.0;0;11
39;49;7.8;906.0;2305.0;5994.6;0.2;2922.0;0;11
39;50;10.6;676.6;1766.0;5959.3;0.1;2922.0;0;11
39;51;7.6;883.3;2350.0;5698.4;0.2;2922.0;0;11
39;52;6.8;977.9;2379.0;5676.4;0.2;2922.0;0;11
39;53;6.1;1021.9;2465.0;5341.3;0.2;2922.0;0;11
39;54;8.5;829.6;2472.0;5894.0;0.1;2922.0;0;11
39;55;10.1;704.0;1835.0;5884.4;0.1;2922.0;0;11
39;56;6.4;1019.9;2796.0;5625.7;0.2;2922.0;0;11
39;57;6.6;982.5;2407.0;5536.4;0.2;2922.0;0;11
39;58;5.5;1136.4;2613.0;5376.9;0.2;2922.0;0;11
39;59;6.8;901.6;2325.0;5204.1;0.2;2922.0;0;11
39;60;8.5;817.6;2081.0;5809.4;0.1;2922.0;0;11
39;61;10.6;673.6;1835.0;5924.0;0.1;2922.0;0;11
39;62;6.2;1004.7;2571.0;5364.6;0.2;2922.0;0;11
39;63;8.6;814.7;2498.0;5849.7;0.1;2922.0;0;11
39;64;12.5;554.2;1610.0;5705.9;0.1;2922.0;0;11
39;65;9.6;713.2;2159.0;5676.1;0.1;2922.0;0;11
39;66;7.8;841.6;2340.0;5552.6;0.2;2922.0;0;11
39;67;6.7;927.7;2435.0;5327.4;0.2;2922.0;0;11
39;68;7.8;798.3;2402.0;5277.4;0.2;2922.0;0;11
39;69;7.8;801.2;2107.0;5283.1;0.2;2922.0;0;11
39;70;10.5;649.9;1999.0;5656.7;0.1;2922.0;0;11
39;71;10.0;657.9;1625.0;5465.9;0.1;2922.0;0;11
39;72;4.4;1364.6;3521.0;5299.4;0.3;2922.0;0;11
39;73;13.6;513.4;1400.0;5721.7;0.1;2922.0;0;11
39;74;8.1;765.3;1954.0;5194.7;0.1;2922.0;0;11
39;75;9.5;697.0;1884.0;5495.1;0.1;2922.0;0;11
39;76;12.1;561.7;1545.0;5607.3;0.1;2922.0;0;11
39;77;7.9;815.0;2499.0;5412.7;0.2;2922.0;0;11
39;78;11.8;577.9;1609.0;5609.9;0.1;2922.0;0;11
39;79;7.9;797.8;2012.0;5306.1;0.2;2922.0;0;11
39;80;7.1;885.0;2534.0;5316.9;0.2;2922.0;0;11
39;81;7.7;832.4;2214.0;5418.1;0.2;2922.0;0;11
39;82;7.9;755.5;1822.0;5030.0;0.2;2922.0;0;11
39;83;9.1;701.0;1715.0;5307.7;0.1;2922.0;0;11
39;84;7.4;827.4;2460.0;5212.4;0.2;2922.0;0;11
39;85;9.2;691.7;1845.0;5303.9;0.1;2922.0;0;11
39;86;7.9;785.0;2032.0;5259.6;0.1;2922.0;0;11
39;87;9.2;660.9;2178.0;5053.4;0.1;2922.0;0;11
39;88;14.4;437.4;1298.0;5138.7;0.1;2922.0;0;11
39;89;16.2;405.0;1181.0;5346.3;0.1;2922.0;0;11
39;90;9.3;641.6;2136.0;4957.6;0.1;2922.0;0;11
39;91;8.1;756.6;2187.0;5168.4;0.1;2922.0;0;11
39;92;8.4;713.5;2343.0;5057.7;0.1;2922.0;0;11
39;93;11.7;558.8;1852.0;5409.9;0.1;2922.0;0;11
39;94;9.9;654.6;2086.0;5384.9;0.1;2922.0;0;11
39;95;8.3;788.0;2257.0;5485.6;0.1;2922.0;0;11
39;96;10.3;653.2;2149.0;5571.9;0.1;2922.0;0;11
39;97;5.9;909.9;2979.0;4637.1;0.2;2922.0;0;11
39;98;7.8;767.4;2304.0;5033.3;0.2;2922.0;0;11
39;99;8.6;728.4;2305.0;5269.6;0.1;2922.0;0;11
40;0;16.2;538.8;1467.0;7101.3;0.1;5530.0;1;1
40;1;14.4;574.3;1608.0;6733.1;0.1;5242.0;1;2
40;2;16.7;511.5;1225.0;6939.9;0.1;4875.0;1;3
40;3;20.1;442.7;1218.0;7162.4;0.1;4727.0;1;4
40;4;16.8;531.6;1602.0;7245.7;0.1;3854.0;1;5
40;5;10.4;833.2;2254.0;7165.0;0.1;3684.0;1;6
40;6;26.2;341.7;917.0;7175.9;0.0;3444.0;1;7
40;7;15.4;544.7;1604.0;6824.4;0.1;3221.0;1;8
40;8;12.8;668.9;1888.0;7050.9;0.1;3062.0;1;9
40;9;14.2;626.0;1776.0;7246.6;0.1;2927.0;1;10
40;10;17.3;504.8;1481.0;7070.0;0.1;2923.0;1;11
40;11;17.1;515.2;1479.0;7131.3;0.1;2923.0;0;11
40;12;21.2;415.5;1092.0;7078.0;0.1;2923.0;0;11
40;13;19.8;437.2;1182.0;6986.0;0.1;2923.0;0;11
40;14;14.1;589.4;1462.0;6771.1;0.1;2923.0;0;11
40;15;10.9;760.0;2111.0;6847.1;0.1;2923.0;0;11
40;16;8.0;1016.4;2849.0;6840.3;0.1;2923.0;0;11
40;17;9.7;820.8;2241.0;6642.0;0.1;2923.0;0;11
40;18;12.9;636.5;1684.0;6757.4;0.1;2923.0;0;11
40;19;14.1;605.2;1556.0;6982.4;0.1;2923.0;0;11
40;20;9.3;820.8;2412.0;6388.4;0.1;2923.0;0;11
40;21;12.2;673.5;1629.0;6779.4;0.1;2923.0;0;11
40;22;18.2;455.7;1422.0;6728.1;0.1;2923.0;0;11
40;23;9.6;850.5;2263.0;6821.1;0.1;2923.0;0;11
40;24;6.5;1277.6;3042.0;7144.4;0.2;2923.0;0;11
40;25;9.8;878.9;2289.0;7153.0;0.1;2923.0;0;11
40;26;8.4;1023.4;2466.0;7209.9;0.1;2923.0;0;11
40;27;7.2;1185.0;2856.0;7213.1;0.2;2923.0;0;11
40;28;6.8;1198.5;3234.0;6913.7;0.2;2923.0;0;11
40;29;8.3;966.4;2512.0;6775.7;0.1;2923.0;0;11
40;30;8.0;1049.3;2727.0;7063.7;0.1;2923.0;0;11
40;31;5.0;1485.5;4056.0;6515.7;0.2;2923.0;0;11
40;32;9.0;847.3;2310.0;6356.7;0.1;2923.0;0;11
40;33;7.2;1061.1;2964.0;6461.9;0.2;2923.0;0;11
40;34;4.8;1459.3;3651.0;6147.1;0.2;2923.0;0;11
40;35;5.7;1324.8;3364.0;6541.4;0.2;2923.0;0;11
40;36;5.1;1504.1;3586.0;6682.1;0.2;2923.0;0;11
40;37;5.8;1347.3;3419.0;6782.9;0.2;2923.0;0;11
40;38;6.0;1303.4;3527.0;6756.3;0.2;2923.0;0;11
40;39;6.0;1227.6;3370.0;6309.3;0.2;2923.0;0;11
40;40;8.7;949.2;2857.0;6884.7;0.1;2923.0;0;11
40;41;5.5;1277.3;3242.0;6066.0;0.2;2923.0;0;11
40;42;7.0;1046.0;2555.0;6192.9;0.2;2923.0;0;11
40;43;6.8;1071.5;3131.0;6181.6;0.2;2923.0;0;11
40;44;4.4;1421.0;3201.0;5578.3;0.3;2923.0;0;11
40;45;7.0;1064.2;3238.0;6359.3;0.2;2923.0;0;11
40;46;6.2;1180.7;3264.0;6285.3;0.2;2923.0;0;11
40;47;15.2;551.8;1321.0;6838.9;0.1;2923.0;0;11
40;48;5.1;1296.3;3386.0;5805.4;0.2;2923.0;0;11
40;49;5.8;1188.2;3052.0;5965.4;0.2;2923.0;0;11
40;50;6.6;1056.1;2766.0;5953.0;0.2;2923.0;0;11
40;51;6.9;1083.0;2581.0;6363.1;0.2;2923.0;0;11
40;52;7.1;1030.7;2618.0;6255.4;0.2;2923.0;0;11
40;53;5.8;1234.5;3194.0;6215.0;0.2;2923.0;0;11
40;54;6.3;1112.0;2937.0;5964.7;0.2;2923.0;0;11
40;55;6.5;1064.1;2628.0;5918.7;0.2;2923.0;0;11
40;56;5.2;1281.6;3061.0;5794.3;0.2;2923.0;0;11
40;57;5.5;1253.3;3627.0;5965.1;0.2;2923.0;0;11
40;58;8.2;855.9;2374.0;5902.6;0.1;2923.0;0;11
40;59;4.7;1366.3;3364.0;5612.7;0.2;2923.0;0;11
40;60;20.7;364.0;1026.0;6065.1;0.1;2923.0;0;11
40;61;8.3;797.9;2272.0;5578.6;0.1;2923.0;0;11
40;62;12.9;539.9;1562.0;5702.1;0.1;2923.0;0;11
40;63;7.9;770.5;1856.0;5133.7;0.2;2923.0;0;11
40;64;7.8;766.3;2019.0;5047.9;0.2;2923.0;0;11
40;65;7.1;806.8;2114.0;4852.7;0.2;2923.0;0;11
40;66;9.1;703.8;1973.0;5340.9;0.1;2923.0;0;11
40;67;9.9;641.8;1566.0;5273.3;0.1;2923.0;0;11
40;68;8.9;697.7;2034.0;5214.0;0.1;2923.0;0;11
40;69;6.8;854.1;2164.0;4958.7;0.2;2923.0;0;11
40;70;38.6;184.0;438.0;5644.3;0.0;2923.0;0;11
40;71;9.4;684.0;2054.0;5360.3;0.1;2923.0;0;11
40;72;8.7;714.1;2298.0;5230.9;0.1;2923.0;0;11
40;73;23.6;292.8;802.0;5548.6;0.1;2923.0;0;11
40;74;9.6;664.3;1825.0;5322.6;0.1;2923.0;0;11
40;75;12.4;532.2;1619.0;5412.6;0.1;2923.0;0;11
40;76;10.3;625.5;1992.0;5342.6;0.1;2923.0;0;11
40;77;7.2;806.4;2070.0;4911.6;0.2;2923.0;0;11
40;78;25.7;274.6;796.0;5653.6;0.0;2923.0;0;11
40;79;11.1;574.8;1517.0;5266.9;0.1;2923.0;0;11
40;80;10.6;599.6;1781.0;5248.7;0.1;2923.0;0;11
40;81;13.3;492.3;1317.0;5354.3;0.1;2923.0;0;11
40;82;8.4;686.7;2027.0;4866.0;0.1;2923.0;0;11
40;83;12.1;510.4;1632.0;5072.1;0.1;2923.0;0;11
40;84;12.0;534.6;1859.0;5275.0;0.1;2923.0;0;11
40;85;7.3;784.1;2038.0;4841.7;0.2;2923.0;0;11
40;86;6.8;821.4;2116.0;4774.9;0.2;2923.0;0;11
40;87;16.6;388.5;1110.0;5250.7;0.1;2923.0;0;11
40;88;11.9;525.4;1622.0;5150.3;0.1;2923.0;0;11
40;89;12.1;504.6;1597.0;5039.7;0.1;2923.0;0;11
40;90;30.6;220.0;724.0;5377.7;0.0;2923.0;0;11
40;91;11.0;555.8;1896.0;5058.9;0.1;2923.0;0;11
40;92;19.2;338.7;1164.0;5252.3;0.1;2923.0;0;11
40;93;18.2;356.0;1194.0;5232.6;0.1;2923.0;0;11
40;94;10.5;601.7;1912.0;5216.6;0.1;2923.0;0;11
40;95;13.6;473.2;1587.0;5266.6;0.1;2923.0;0;11
40;96;12.7;472.4;1482.0;4909.3;0.1;2923.0;0;11
40;97;9.9;611.7;1959.0;5023.9;0.1;2923.0;0;11
40;98;11.9;501.1;1766.0;4929.6;0.1;2923.0;0;11
40;99;16.6;374.3;1192.0;5043.6;0.1;2923.0;0;11
41;0;16.0;558.9;1421.0;7262.7;0.1;5155.0;1;1
41;1;14.9;572.5;1664.0;6968.4;0.1;4718.0;1;2
41;2;15.4;577.0;1688.0;7213.4;0.1;4395.0;1;3
41;3;12.8;682.4;1819.0;7159.4;0.1;4187.0;1;4
41;4;14.6;579.6;1607.0;6916.7;0.1;3980.0;1;5
41;5;24.2;365.2;1014.0;7094.3;0.1;3699.0;1;6
41;6;21.0;436.9;1183.0;7399.6;0.1;3404.0;1;7
41;7;15.0;575.8;1614.0;7056.0;0.1;3246.0;1;8
41;8;20.0;429.7;1116.0;6944.7;0.1;2993.0;1;9
41;9;20.7;417.3;1228.0;6974.9;0.1;2957.0;1;10
41;10;19.5;447.9;1317.0;7059.0;0.1;2957.0;0;10
41;11;22.4;404.1;1349.0;7270.4;0.1;2957.0;0;10
41;12;14.2;599.2;1554.0;6961.1;0.1;2957.0;0;10
41;13;13.6;634.1;1537.0;7038.4;0.1;2957.0;0;10
41;14;12.3;675.9;1736.0;6829.1;0.1;2957.0;0;10
41;15;11.2;745.0;1867.0;6920.1;0.1;2957.0;0;10
41;16;19.6;445.3;1373.0;7055.6;0.1;2957.0;0;10
41;17;18.2;458.9;1113.0;6753.3;0.1;2957.0;0;10
41;18;12.8;627.0;1938.0;6580.9;0.1;2957.0;0;10
41;19;12.4;652.0;1708.0;6645.7;0.1;2957.0;0;10
41;20;11.3;744.1;1738.0;6949.9;0.1;2957.0;0;10
41;21;11.3;718.1;2137.0;6714.0;0.1;2957.0;0;10
41;22;10.9;771.5;2254.0;6937.9;0.1;2920.0;1;11
41;23;9.5;857.9;2068.0;6812.9;0.1;2918.0;1;12
41;24;7.0;1167.4;2928.0;6937.3;0.2;2918.0;0;12
41;25;8.7;969.5;2379.0;7047.9;0.1;2918.0;0;12
41;26;6.8;1188.1;2854.0;6908.9;0.2;2918.0;0;12
41;27;7.6;1101.7;3276.0;7077.9;0.2;2918.0;0;12
41;28;6.6;1318.9;3532.0;7381.4;0.2;2918.0;0;12
41;29;7.1;1166.4;2851.0;7014.1;0.2;2918.0;0;12
41;30;7.5;1032.2;2974.0;6573.9;0.2;2918.0;0;12
41;31;10.7;759.5;1974.0;6701.0;0.1;2918.0;0;12
41;32;7.2;1115.8;2715.0;6799.9;0.2;2918.0;0;12
41;33;5.6;1400.0;3705.0;6786.1;0.2;2918.0;0;12
41;34;4.8;1446.6;3579.0;6043.6;0.2;2918.0;0;12
41;35;6.5;1221.4;3466.0;6806.7;0.2;2918.0;0;12
41;36;6.9;1068.0;2855.0;6306.1;0.2;2918.0;0;12
41;37;5.3;1315.9;2976.0;6081.3;0.2;2918.0;0;12
41;38;7.8;945.1;2377.0;6227.6;0.2;2915.0;1;13
41;39;9.5;728.2;2098.0;5745.4;0.1;2913.0;1;14
41;40;7.7;947.1;2234.0;6171.6;0.2;2913.0;0;14
41;41;7.7;841.0;2483.0;5448.6;0.2;2913.0;0;14
41;42;8.4;768.8;1923.0;5438.3;0.1;2913.0;0;14
41;43;6.6;993.3;2737.0;5627.4;0.2;2913.0;0;14
41;44;6.6;917.9;2334.0;5165.7;0.2;2913.0;0;14
41;45;7.1;864.6;2368.0;5213.9;0.2;2913.0;0;14
41;46;8.1;793.4;2344.0;5380.6;0.1;2913.0;0;14
41;47;10.9;586.2;1662.0;5266.9;0.1;2913.0;0;14
41;48;11.2;571.5;1613.0;5279.1;0.1;2913.0;0;14
41;49;8.4;724.4;1791.0;5111.4;0.1;2913.0;0;14
41;50;11.9;547.9;1651.0;5372.0;0.1;2913.0;0;14
41;51;7.9;778.3;1952.0;5172.0;0.2;2913.0;0;14
41;52;17.2;390.7;975.0;5445.6;0.1;2913.0;0;14
41;53;11.2;578.4;1682.0;5374.0;0.1;2913.0;0;14
41;54;9.0;680.9;2015.0;5122.4;0.1;2913.0;0;14
41;55;11.3;554.3;1526.0;5156.3;0.1;2913.0;0;14
41;56;11.4;545.6;1558.0;5142.9;0.1;2913.0;0;14
41;57;10.3;593.5;1446.0;5068.3;0.1;2913.0;0;14
41;58;10.0;603.8;1455.0;5014.4;0.1;2913.0;0;14
41;59;9.8;625.8;1379.0;5124.3;0.1;2913.0;0;14
41;60;13.6;464.9;987.0;5171.6;0.1;2913.0;0;14
41;61;6.5;850.2;1915.0;4713.4;0.2;2913.0;0;14
41;62;9.9;610.8;1512.0;5046.7;0.1;2913.0;0;14
41;63;9.8;621.2;1455.0;5064.0;0.1;2913.0;0;14
41;64;9.9;627.6;1631.0;5183.9;0.1;2913.0;0;14
41;65;10.8;544.9;1362.0;4853.4;0.1;2913.0;0;14
41;66;10.7;559.5;1472.0;4961.3;0.1;2913.0;0;14
41;67;12.6;488.0;1424.0;5047.9;0.1;2913.0;0;14
41;68;12.6;485.3;1306.0;5006.3;0.1;2913.0;0;14
41;69;8.9;684.5;1661.0;5096.3;0.1;2913.0;0;14
41;70;9.4;610.8;1523.0;4802.7;0.1;2913.0;0;14
41;71;9.7;608.5;1633.0;4935.0;0.1;2913.0;0;14
41;72;5.9;970.5;2621.0;4898.0;0.2;2913.0;0;14
41;73;6.3;933.5;2551.0;5049.9;0.2;2913.0;0;14
41;74;6.6;870.7;2299.0;4930.7;0.2;2913.0;0;14
41;75;6.7;905.9;2442.0;5165.9;0.2;2913.0;0;14
41;76;6.0;969.1;2798.0;4990.4;0.2;2913.0;0;14
41;77;5.1;1248.3;3108.0;5587.7;0.2;2913.0;0;14
41;78;12.9;495.0;1498.0;5236.4;0.1;2913.0;0;14
41;79;7.4;824.4;2237.0;5147.1;0.2;2913.0;0;14
41;80;5.1;1277.6;3963.0;5650.6;0.2;2913.0;0;14
41;81;4.4;1500.1;4545.0;5797.0;0.3;2913.0;0;14
41;82;4.9;1270.9;3477.0;5464.6;0.2;2913.0;0;14
41;83;4.5;1448.9;3852.0;5698.0;0.3;2913.0;0;14
41;84;5.8;1145.9;3512.0;5750.0;0.2;2913.0;0;14
41;85;6.0;1071.1;3556.0;5568.9;0.2;2913.0;0;14
41;86;8.9;765.1;2436.0;5719.0;0.1;2913.0;0;14
41;87;7.1;883.5;3112.0;5334.1;0.2;2913.0;0;14
41;88;6.2;946.0;2998.0;5057.4;0.2;2913.0;0;14
41;89;6.3;874.0;2827.0;4701.1;0.2;2913.0;0;14
41;90;9.8;616.6;2121.0;5045.4;0.1;2913.0;0;14
41;91;7.1;810.2;2781.0;4901.7;0.2;2913.0;0;14
41;92;6.3;839.6;2781.0;4524.4;0.2;2913.0;0;14
41;93;7.3;741.2;2236.0;4565.4;0.2;2913.0;0;14
41;94;6.2;909.3;2629.0;4853.9;0.2;2913.0;0;14
41;95;8.7;640.1;2242.0;4671.9;0.1;2913.0;0;14
41;96;9.4;625.2;1864.0;4899.1;0.1;2913.0;0;14
41;97;7.7;754.2;2372.0;4928.1;0.2;2913.0;0;14
41;98;9.7;661.7;2091.0;5360.1;0.1;2913.0;0;14
41;99;8.3;666.4;2083.0;4667.1;0.1;2913.0;0;14
42;0;15.2;592.2;1590.0;7313.4;0.1;5794.0;1;1
42;1;13.9;641.1;1711.0;7267.6;0.1;5262.0;1;2
42;2;15.3;593.8;1478.0;7410.9;0.1;4929.0;1;3
42;3;18.5;488.2;1221.0;7312.1;0.1;4490.0;1;4
42;4;11.1;777.8;2282.0;7140.6;0.1;4318.0;1;5
42;5;19.1;460.0;1134.0;7105.0;0.1;3843.0;1;6
42;6;15.4;564.7;1535.0;7075.6;0.1;3581.0;1;7
42;7;15.9;541.3;1327.0;7011.0;0.1;3366.0;1;8
42;8;19.4;451.3;1322.0;7080.3;0.1;3181.0;1;9
42;9;14.9;598.1;1881.0;7260.9;0.1;2982.0;1;10
42;10;13.5;656.5;1939.0;7267.7;0.1;2935.0;1;11
42;11;12.4;719.3;1711.0;7342.0;0.1;2934.0;1;12
42;12;13.5;641.8;1967.0;7118.4;0.1;2934.0;0;12
42;13;10.7;789.9;2196.0;7005.0;0.1;2934.0;0;12
42;14;16.6;521.8;1387.0;7016.1;0.1;2934.0;0;12
42;15;14.7;580.5;1394.0;6970.1;0.1;2934.0;0;12
42;16;11.2;728.5;1841.0;6738.4;0.1;2934.0;0;12
42;17;8.7;957.9;2404.0;6992.0;0.1;2934.0;0;12
42;18;10.7;762.5;2221.0;6731.4;0.1;2934.0;0;12
42;19;8.4;983.5;2436.0;6910.6;0.1;2934.0;0;12
42;20;13.2;633.3;1678.0;6847.6;0.1;2934.0;0;12
42;21;10.3;775.5;1828.0;6649.0;0.1;2934.0;0;12
42;22;7.9;996.2;2616.0;6664.9;0.1;2934.0;0;12
42;23;7.2;1139.1;2983.0;6934.9;0.2;2934.0;0;12
42;24;10.5;777.4;2153.0;6747.3;0.1;2934.0;0;12
42;25;12.7;635.9;1706.0;6631.1;0.1;2934.0;0;12
42;26;13.0;644.0;1659.0;6868.4;0.1;2934.0;0;12
42;27;8.4;908.2;2242.0;6388.4;0.1;2934.0;0;12
42;28;9.4;854.9;2129.0;6695.9;0.1;2934.0;0;12
42;29;12.7;619.8;1524.0;6440.6;0.1;2934.0;0;12
42;30;8.8;868.9;2363.0;6371.4;0.1;2934.0;0;12
42;31;5.7;1332.5;3819.0;6519.6;0.2;2934.0;0;12
42;32;7.2;1047.8;2867.0;6370.0;0.2;2934.0;0;12
42;33;9.2;829.6;2390.0;6394.6;0.1;2934.0;0;12
42;34;4.9;1395.1;3322.0;5965.4;0.2;2934.0;0;12
42;35;6.6;1104.2;2903.0;6190.7;0.2;2934.0;0;12
42;36;8.0;929.5;2116.0;6281.0;0.1;2934.0;0;12
42;37;7.4;957.3;2502.0;6012.6;0.2;2934.0;0;12
42;38;7.1;1094.6;2888.0;6592.3;0.2;2934.0;0;12
42;39;6.6;1106.9;3072.0;6219.7;0.2;2934.0;0;12
42;40;9.2;806.4;2077.0;6172.6;0.1;2934.0;0;12
42;41;7.6;936.5;2134.0;6031.4;0.2;2934.0;0;12
42;42;9.9;683.1;1698.0;5621.9;0.1;2934.0;0;12
42;43;10.4;698.5;1784.0;6042.3;0.1;2934.0;0;12
42;44;11.4;633.0;1642.0;5955.1;0.1;2934.0;0;12
42;45;10.1;652.2;1627.0;5490.0;0.1;2934.0;0;12
42;46;7.5;878.9;2370.0;5598.3;0.2;2934.0;0;12
42;47;7.0;884.8;2585.0;5254.9;0.2;2934.0;0;12
42;48;16.8;371.0;992.0;5068.3;0.1;2934.0;0;12
42;49;17.0;381.8;937.0;5255.4;0.1;2934.0;0;12
42;50;13.1;501.3;1366.0;5376.9;0.1;2934.0;0;12
42;51;8.0;817.1;2503.0;5484.4;0.1;2934.0;0;12
42;52;11.5;605.8;1700.0;5732.4;0.1;2934.0;0;12
42;53;6.1;1079.1;2847.0;5670.9;0.2;2934.0;0;12
42;54;6.4;1120.4;2628.0;6098.6;0.2;2934.0;0;12
42;55;6.3;1038.7;2609.0;5575.9;0.2;2934.0;0;12
42;56;6.5;1031.3;2526.0;5733.7;0.2;2934.0;0;12
42;57;7.6;935.3;2334.0;6025.0;0.2;2934.0;0;12
42;58;6.7;1008.3;2447.0;5772.6;0.2;2934.0;0;12
42;59;5.9;1134.5;2702.0;5786.7;0.2;2934.0;0;12
42;60;7.2;990.8;2325.0;6038.7;0.2;2934.0;0;12
42;61;8.5;759.2;1709.0;5411.4;0.1;2934.0;0;12
42;62;9.6;648.5;1494.0;5211.7;0.1;2934.0;0;12
42;63;7.7;851.7;1976.0;5553.1;0.2;2934.0;0;12
42;64;8.7;758.7;2011.0;5530.9;0.1;2934.0;0;12
42;65;4.3;1502.5;4012.0;5715.4;0.3;2934.0;0;12
42;66;5.0;1391.2;3946.0;6056.0;0.2;2934.0;0;12
42;67;10.6;588.0;1606.0;5156.1;0.1;2934.0;0;12
42;68;4.6;1400.2;3701.0;5693.9;0.2;2934.0;0;12
42;69;5.8;1138.9;3027.0;5740.4;0.2;2934.0;0;12
42;70;7.2;890.4;2259.0;5463.0;0.2;2934.0;0;12
42;71;5.8;1137.7;2712.0;5662.1;0.2;2934.0;0;12
42;72;9.2;760.9;2161.0;5828.0;0.1;2934.0;0;12
42;73;4.2;1523.2;3667.0;5722.4;0.3;2934.0;0;12
42;74;6.2;1110.3;2920.0;5925.0;0.2;2934.0;0;12
42;75;5.7;1117.5;3027.0;5520.7;0.2;2934.0;0;12
42;76;6.2;995.5;2420.0;5291.1;0.2;2934.0;0;12
42;77;14.0;394.9;1208.0;4531.1;0.1;2934.0;0;12
42;78;25.2;238.0;588.0;4809.4;0.0;2934.0;0;12
42;79;10.7;524.5;1686.0;4644.6;0.1;2934.0;0;12
42;80;20.3;287.3;764.0;4710.4;0.1;2934.0;0;12
42;81;9.1;641.2;1562.0;4859.4;0.1;2934.0;0;12
42;82;11.2;524.3;1804.0;4866.7;0.1;2934.0;0;12
42;83;8.9;621.6;1877.0;4639.1;0.1;2934.0;0;12
42;84;6.3;845.6;2675.0;4531.4;0.2;2934.0;0;12
42;85;10.3;532.3;1776.0;4567.3;0.1;2934.0;0;12
42;86;19.9;274.1;740.0;4402.0;0.1;2934.0;0;12
42;87;23.9;229.3;574.0;4404.0;0.1;2934.0;0;12
42;88;25.2;222.4;588.0;4493.0;0.0;2934.0;0;12
42;89;25.6;220.9;678.0;4523.3;0.0;2934.0;0;12
42;90;29.9;188.3;608.0;4498.4;0.0;2934.0;0;12
42;91;24.8;225.2;721.0;4482.1;0.1;2934.0;0;12
42;92;4.1;1582.8;4652.0;5756.3;0.3;2934.0;0;12
42;93;3.4;1738.6;5428.0;5422.9;0.3;2934.0;0;12
42;94;26.1;201.1;741.0;4196.0;0.0;2934.0;0;12
42;95;13.5;391.6;1212.0;4324.4;0.1;2934.0;0;12
42;96;22.8;241.4;799.0;4431.7;0.1;2934.0;0;12
42;97;20.8;265.4;930.0;4454.3;0.1;2934.0;0;12
42;98;33.5;168.1;545.0;4482.7;0.0;2934.0;0;12
42;99;16.9;296.2;752.0;4064.9;0.1;2934.0;0;12
43;0;25.3;346.4;992.0;7020.6;0.0;5899.0;1;1
43;1;16.5;535.7;1509.0;7171.3;0.1;4930.0;1;2
43;2;17.7;508.2;1596.0;7277.9;0.1;4721.0;1;3
43;3;16.2;565.8;1446.0;7452.9;0.1;4206.0;1;4
43;4;12.4;687.7;1867.0;7006.3;0.1;3919.0;1;5
43;5;20.0;442.3;1297.0;7134.3;0.1;3741.0;1;6
43;6;13.3;640.1;1650.0;6977.9;0.1;3545.0;1;7
43;7;17.5;490.7;1292.0;6950.3;0.1;3300.0;1;8
43;8;14.0;608.6;1561.0;6961.3;0.1;3139.0;1;9
43;9;16.3;530.9;1484.0;7031.0;0.1;2974.0;1;10
43;10;17.8;474.3;1287.0;6820.1;0.1;2958.0;1;11
43;11;11.7;734.2;2231.0;7087.1;0.1;2958.0;0;11
43;12;19.6;471.5;1249.0;7449.9;0.1;2958.0;0;11
43;13;13.9;598.6;1643.0;6827.1;0.1;2958.0;0;11
43;14;11.6;723.4;1996.0;6901.1;0.1;2958.0;0;11
43;15;10.8;777.4;2125.0;6924.3;0.1;2958.0;0;11
43;16;9.7;826.3;2107.0;6659.9;0.1;2958.0;0;11
43;17;14.4;598.6;1583.0;7060.3;0.1;2958.0;0;11
43;18;8.7;924.2;2557.0;6710.1;0.1;2958.0;0;11
43;19;14.4;566.9;1502.0;6658.4;0.1;2958.0;0;11
43;20;10.0;791.8;2223.0;6588.6;0.1;2958.0;0;11
43;21;10.5;803.5;1899.0;7000.6;0.1;2958.0;0;11
43;22;11.1;782.2;1787.0;7180.7;0.1;2958.0;0;11
43;23;9.6;833.4;2227.0;6679.7;0.1;2958.0;0;11
43;24;13.8;581.8;1475.0;6589.3;0.1;2958.0;0;11
43;25;11.1;728.6;1922.0;6670.7;0.1;2958.0;0;11
43;26;13.6;593.7;1302.0;6608.6;0.1;2947.0;1;12
43;27;10.3;824.3;1894.0;7040.6;0.1;2945.0;1;13
43;28;11.7;726.9;1759.0;7023.4;0.1;2945.0;0;13
43;29;8.1;978.8;2564.0;6638.1;0.1;2945.0;0;13
43;30;10.5;740.6;1920.0;6427.4;0.1;2945.0;0;13
43;31;9.0;878.8;1985.0;6646.9;0.1;2945.0;0;13
43;32;8.8;886.3;2442.0;6498.4;0.1;2945.0;0;13
43;33;11.1;737.6;2288.0;6775.3;0.1;2945.0;0;13
43;34;9.4;822.6;2320.0;6462.0;0.1;2945.0;0;13
43;35;12.2;630.3;1707.0;6304.4;0.1;2945.0;0;13
43;36;9.6;781.1;1882.0;6249.0;0.1;2945.0;0;13
43;37;11.2;725.9;1920.0;6717.7;0.1;2945.0;0;13
43;38;8.4;909.6;2025.0;6386.9;0.1;2945.0;0;13
43;39;6.8;1046.1;2828.0;6031.7;0.2;2945.0;0;13
43;40;6.1;1233.3;3758.0;6477.7;0.2;2945.0;0;13
43;41;9.5;812.1;2423.0;6436.6;0.1;2945.0;0;13
43;42;9.5;725.4;2136.0;5738.3;0.1;2945.0;0;13
43;43;6.7;986.7;2248.0;5671.7;0.2;2945.0;0;13
43;44;11.0;660.7;1623.0;5984.1;0.1;2945.0;0;13
43;45;6.2;1028.4;2545.0;5480.0;0.2;2945.0;0;13
43;46;8.9;782.0;2295.0;5844.9;0.1;2945.0;0;13
43;47;7.9;868.9;2238.0;5811.9;0.1;2945.0;0;13
43;48;8.7;826.6;2303.0;6018.1;0.1;2945.0;0;13
43;49;8.0;871.0;2576.0;5836.7;0.1;2945.0;0;13
43;50;7.3;931.5;2488.0;5744.9;0.2;2945.0;0;13
43;51;7.6;908.1;2246.0;5843.0;0.2;2945.0;0;13
43;52;7.9;872.7;2159.0;5805.7;0.2;2945.0;0;13
43;53;8.4;844.4;2352.0;5928.7;0.1;2945.0;0;13
43;54;6.3;1017.1;2379.0;5519.4;0.2;2945.0;0;13
43;55;7.5;905.5;2657.0;5761.0;0.2;2945.0;0;13
43;56;6.1;1076.1;2558.0;5613.4;0.2;2945.0;0;13
43;57;12.4;614.6;1591.0;6274.0;0.1;2945.0;0;13
43;58;8.8;778.9;2090.0;5756.9;0.1;2945.0;0;13
43;59;7.3;900.6;2509.0;5583.1;0.2;2945.0;0;13
43;60;7.9;826.5;2339.0;5531.7;0.1;2945.0;0;13
43;61;6.6;982.5;2253.0;5505.3;0.2;2945.0;0;13
43;62;6.0;1072.8;2602.0;5563.6;0.2;2945.0;0;13
43;63;7.5;863.3;2227.0;5451.9;0.2;2945.0;0;13
43;64;8.6;730.1;1886.0;5273.1;0.1;2945.0;0;13
43;65;9.7;680.2;1929.0;5469.7;0.1;2945.0;0;13
43;66;5.5;1073.9;2779.0;5133.7;0.2;2945.0;0;13
43;67;6.2;994.0;2815.0;5298.6;0.2;2945.0;0;13
43;68;7.6;835.8;2457.0;5376.4;0.2;2945.0;0;13
43;69;6.2;1012.0;2907.0;5386.4;0.2;2945.0;0;13
43;70;12.2;550.8;1382.0;5511.4;0.1;2945.0;0;13
43;71;5.1;1112.6;2869.0;4905.4;0.2;2945.0;0;13
43;72;7.5;868.8;2400.0;5522.6;0.2;2945.0;0;13
43;73;11.1;610.6;1744.0;5586.4;0.1;2945.0;0;13
43;74;7.5;856.5;2129.0;5422.3;0.2;2945.0;0;13
43;75;7.3;860.4;2481.0;5332.0;0.2;2945.0;0;13
43;76;6.0;1103.8;3069.0;5695.6;0.2;2945.0;0;13
43;77;9.9;667.1;1922.0;5481.9;0.1;2945.0;0;13
43;78;24.6;282.2;893.0;5572.1;0.1;2945.0;0;13
43;79;7.6;867.2;2364.0;5586.9;0.2;2945.0;0;13
43;80;9.5;693.6;1876.0;5515.1;0.1;2945.0;0;13
43;81;9.9;697.3;1832.0;5751.1;0.1;2945.0;0;13
43;82;4.4;1224.3;3213.0;4749.3;0.3;2945.0;0;13
43;83;6.1;887.6;2151.0;4656.1;0.2;2945.0;0;13
43;84;5.3;948.6;2535.0;4388.4;0.2;2945.0;0;13
43;85;7.0;773.7;2164.0;4577.0;0.2;2945.0;0;13
43;86;5.9;890.5;2523.0;4556.7;0.2;2945.0;0;13
43;87;6.8;817.8;2215.0;4750.4;0.2;2945.0;0;13
43;88;5.5;983.5;2747.0;4656.1;0.2;2945.0;0;13
43;89;10.3;533.3;1697.0;4567.4;0.1;2945.0;0;13
43;90;8.6;602.9;1826.0;4328.9;0.1;2945.0;0;13
43;91;11.9;515.9;1869.0;5060.0;0.1;2945.0;0;13
43;92;9.0;621.8;2038.0;4665.1;0.1;2945.0;0;13
43;93;9.5;645.2;2120.0;5104.9;0.1;2945.0;0;13
43;94;7.0;739.0;2260.0;4418.4;0.2;2945.0;0;13
43;95;10.2;552.1;1860.0;4678.4;0.1;2945.0;0;13
43;96;9.3;602.9;2191.0;4659.6;0.1;2945.0;0;13
43;97;7.1;791.2;2331.0;4790.7;0.2;2945.0;0;13
43;98;7.0;744.8;2331.0;4450.7;0.2;2945.0;0;13
43;99;6.9;729.6;2187.0;4268.9;0.2;2945.0;0;13
44;0;13.1;665.8;1867.0;7132.1;0.1;5509.0;1;1
44;1;16.1;546.1;1642.0;7155.0;0.1;4669.0;1;2
44;2;16.6;541.9;1451.0;7296.7;0.1;4222.0;1;3
44;3;11.8;717.6;1803.0;6977.6;0.1;3985.0;1;4
44;4;17.2;526.9;1356.0;7360.3;0.1;3716.0;1;5
44;5;21.7;410.5;1089.0;7171.9;0.1;3461.0;1;6
44;6;15.7;549.1;1583.0;7021.0;0.1;3108.0;1;7
44;7;12.7;665.5;1885.0;6935.7;0.1;2956.0;1;8
44;8;12.0;764.4;2046.0;7531.7;0.1;2927.0;1;9
44;9;13.7;615.1;1651.0;6909.6;0.1;2927.0;0;9
44;10;17.8;484.9;1330.0;6976.7;0.1;2927.0;0;9
44;11;23.2;376.4;990.0;7008.4;0.1;2927.0;0;9
44;12;15.7;557.1;1492.0;7130.6;0.1;2927.0;0;9
44;13;13.8;631.1;1907.0;7118.7;0.1;2927.0;0;9
44;14;13.2;643.4;1472.0;6936.0;0.1;2927.0;0;9
44;15;13.0;640.0;1790.0;6808.4;0.1;2927.0;0;9
44;16;14.4;571.0;1419.0;6698.0;0.1;2927.0;0;9
44;17;12.8;644.4;1471.0;6745.7;0.1;2927.0;0;9
44;18;16.7;512.8;1593.0;6933.7;0.1;2927.0;0;9
44;19;16.5;533.4;1247.0;7133.3;0.1;2927.0;0;9
44;20;10.8;731.9;1899.0;6558.3;0.1;2927.0;0;9
44;21;9.3;845.8;1978.0;6596.1;0.1;2927.0;0;9
44;22;14.9;534.3;1499.0;6476.3;0.1;2927.0;0;9
44;23;12.0;646.3;1650.0;6389.1;0.1;2927.0;0;9
44;24;8.8;928.4;2362.0;6835.9;0.1;2917.0;1;10
44;25;11.6;719.9;1963.0;6909.1;0.1;2912.0;1;11
44;26;8.1;1011.2;2874.0;6859.9;0.1;2910.0;1;12
44;27;15.1;551.7;1600.0;6770.7;0.1;2910.0;0;12
44;28;7.6;1035.8;2895.0;6636.1;0.2;2910.0;0;12
44;29;9.6;812.6;2201.0;6472.7;0.1;2910.0;0;12
44;30;6.9;1106.8;3051.0;6480.9;0.2;2910.0;0;12
44;31;5.9;1268.8;2953.0;6452.6;0.2;2910.0;0;12
44;32;9.4;866.9;2229.0;6784.9;0.1;2910.0;0;12
44;33;6.0;1206.9;2793.0;6209.7;0.2;2910.0;0;12
44;34;8.5;907.9;2006.0;6471.3;0.1;2910.0;0;12
44;35;12.3;662.1;1652.0;6714.7;0.1;2910.0;0;12
44;36;7.7;945.8;2000.0;6172.3;0.2;2910.0;0;12
44;37;7.4;1007.7;2816.0;6328.4;0.2;2910.0;0;12
44;38;9.8;786.9;2331.0;6411.6;0.1;2910.0;0;12
44;39;5.8;1160.0;3021.0;5824.6;0.2;2910.0;0;12
44;40;15.4;519.1;1564.0;6502.0;0.1;2910.0;0;12
44;41;7.6;917.2;2213.0;5899.7;0.2;2910.0;0;12
44;42;7.5;974.1;2812.0;6193.0;0.2;2910.0;0;12
44;43;8.2;882.4;2190.0;6089.7;0.1;2910.0;0;12
44;44;14.9;534.6;1431.0;6509.4;0.1;2910.0;0;12
44;45;9.3;774.4;1921.0;6010.4;0.1;2910.0;0;12
44;46;7.3;971.4;2771.0;5990.1;0.2;2910.0;0;12
44;47;7.1;974.5;2402.0;5896.3;0.2;2910.0;0;12
44;48;12.0;636.2;1683.0;6298.4;0.1;2910.0;0;12
44;49;8.8;808.2;2342.0;5948.6;0.1;2910.0;0;12
44;50;7.2;984.0;2608.0;6012.1;0.2;2910.0;0;12
44;51;6.8;1021.6;2669.0;5906.7;0.2;2910.0;0;12
44;52;8.6;833.1;2140.0;5999.1;0.1;2910.0;0;12
44;53;7.0;983.3;2814.0;5816.3;0.2;2910.0;0;12
44;54;8.2;831.1;2292.0;5715.3;0.1;2910.0;0;12
44;55;8.2;845.3;2147.0;5837.3;0.1;2910.0;0;12
44;56;8.6;773.8;2154.0;5574.7;0.1;2910.0;0;12
44;57;9.4;762.9;1802.0;5961.9;0.1;2910.0;0;12
44;58;7.6;873.1;2492.0;5613.0;0.2;2910.0;0;12
44;59;6.6;943.4;2150.0;5289.3;0.2;2910.0;0;12
44;60;10.0;667.3;1814.0;5552.1;0.1;2910.0;0;12
44;61;6.4;967.2;2239.0;5275.0;0.2;2910.0;0;12
44;62;7.7;899.5;2415.0;5879.4;0.2;2910.0;0;12
44;63;9.8;760.3;1776.0;6192.6;0.1;2910.0;0;12
44;64;10.6;678.0;1752.0;5969.4;0.1;2910.0;0;12
44;65;7.3;879.1;2350.0;5449.4;0.2;2910.0;0;12
44;66;8.8;798.5;2265.0;5914.9;0.1;2910.0;0;12
44;67;7.1;1037.4;2675.0;6292.7;0.2;2910.0;0;12
44;68;5.7;1179.5;3406.0;5839.9;0.2;2910.0;0;12
44;69;6.9;943.2;2684.0;5505.7;0.2;2910.0;0;12
44;70;12.7;563.5;1436.0;5867.6;0.1;2910.0;0;12
44;71;6.5;1092.8;3181.0;6084.9;0.2;2910.0;0;12
44;72;6.4;995.8;3034.0;5461.0;0.2;2910.0;0;12
44;73;14.1;492.6;1202.0;5693.3;0.1;2910.0;0;12
44;74;12.7;541.2;1510.0;5629.4;0.1;2910.0;0;12
44;75;13.7;512.1;1261.0;5744.6;0.1;2910.0;0;12
44;76;12.2;581.6;1801.0;5859.0;0.1;2910.0;0;12
44;77;7.2;977.8;3084.0;5969.3;0.2;2910.0;0;12
44;78;18.4;395.1;1073.0;5895.0;0.1;2910.0;0;12
44;79;16.1;447.3;1118.0;5860.7;0.1;2910.0;0;12
44;80;9.0;722.4;2081.0;5451.6;0.1;2910.0;0;12
44;81;10.3;638.2;1717.0;5461.7;0.1;2910.0;0;12
44;82;11.0;617.4;1681.0;5631.6;0.1;2910.0;0;12
44;83;8.9;735.3;1970.0;5499.4;0.1;2910.0;0;12
44;84;14.6;479.0;1296.0;5697.6;0.1;2910.0;0;12
44;85;11.0;609.1;1694.0;5517.7;0.1;2910.0;0;12
44;86;9.1;676.6;2308.0;5122.6;0.1;2910.0;0;12
44;87;9.7;678.8;1838.0;5472.4;0.1;2910.0;0;12
44;88;12.7;529.3;1777.0;5539.3;0.1;2910.0;0;12
44;89;8.5;747.8;2234.0;5348.7;0.1;2910.0;0;12
44;90;10.2;633.1;2152.0;5378.4;0.1;2910.0;0;12
44;91;12.3;544.2;1856.0;5501.4;0.1;2910.0;0;12
44;92;9.8;692.4;2056.0;5664.9;0.1;2910.0;0;12
44;93;6.6;913.0;3245.0;5131.6;0.2;2910.0;0;12
44;94;6.8;1100.8;3338.0;6396.6;0.2;2910.0;0;12
44;95;7.9;760.7;2271.0;5077.4;0.1;2910.0;0;12
44;96;8.0;754.9;2674.0;5100.1;0.1;2910.0;0;12
44;97;7.3;886.2;2414.0;5502.3;0.2;2910.0;0;12
44;98;6.4;992.2;3074.0;5447.4;0.2;2910.0;0;12
44;99;9.4;686.9;2223.0;5372.7;0.1;2910.0;0;12
45;0;13.2;655.5;1887.0;7100.9;0.1;5137.0;1;1
45;1;16.6;520.6;1307.0;7002.4;0.1;4388.0;1;2
45;2;23.0;385.4;936.0;7126.6;0.1;3956.0;1;3
45;3;20.3;454.1;1233.0;7417.0;0.1;3683.0;1;4
45;4;17.6;501.8;1329.0;7160.6;0.1;3504.0;1;5
45;5;15.9;548.3;1472.0;7072.7;0.1;3354.0;1;6
45;6;15.5;563.2;1384.0;7097.9;0.1;3110.0;1;7
45;7;26.6;327.4;987.0;6979.7;0.0;2958.0;1;8
45;8;15.5;566.5;1574.0;7163.0;0.1;2936.0;1;9
45;9;14.1;603.4;1635.0;6953.1;0.1;2936.0;0;9
45;10;16.0;544.0;1605.0;7068.9;0.1;2936.0;0;9
45;11;13.9;606.6;1659.0;6890.1;0.1;2936.0;0;9
45;12;11.9;714.3;1874.0;6978.9;0.1;2936.0;0;9
45;13;12.5;675.7;1695.0;6938.3;0.1;2936.0;0;9
45;14;12.7;627.0;1710.0;6514.9;0.1;2936.0;0;9
45;15;10.4;788.4;2170.0;6787.4;0.1;2936.0;0;9
45;16;12.9;600.9;1686.0;6344.1;0.1;2936.0;0;9
45;17;12.3;660.6;1778.0;6670.6;0.1;2936.0;0;9
45;18;10.4;763.7;1871.0;6596.9;0.1;2936.0;0;9
45;19;15.5;534.5;1585.0;6732.0;0.1;2936.0;0;9
45;20;11.5;719.3;1691.0;6819.0;0.1;2936.0;0;9
45;21;9.3;835.8;2048.0;6466.1;0.1;2930.0;1;10
45;22;14.2;582.8;1471.0;6781.1;0.1;2930.0;0;10
45;23;10.9;710.2;1670.0;6401.6;0.1;2930.0;0;10
45;24;15.0;558.5;1555.0;6825.9;0.1;2930.0;0;10
45;25;10.6;746.9;2238.0;6537.3;0.1;2930.0;0;10
45;26;6.8;1057.9;2654.0;6159.3;0.2;2930.0;0;10
45;27;6.4;1161.6;3350.0;6394.4;0.2;2930.0;0;10
45;28;12.1;698.2;1733.0;6932.1;0.1;2930.0;0;10
45;29;8.8;909.3;2492.0;6721.3;0.1;2930.0;0;10
45;30;10.4;742.9;2422.0;6412.1;0.1;2930.0;0;10
45;31;7.7;991.0;2634.0;6420.3;0.2;2930.0;0;10
45;32;7.5;965.1;2340.0;6152.6;0.2;2930.0;0;10
45;33;5.6;1346.1;3513.0;6559.0;0.2;2930.0;0;10
45;34;7.0;1079.8;2893.0;6429.0;0.2;2930.0;0;10
45;35;8.4;930.1;2619.0;6565.3;0.1;2930.0;0;10
45;36;7.0;1121.4;3222.0;6630.3;0.2;2930.0;0;10
45;37;9.6;853.8;2086.0;6800.1;0.1;2930.0;0;10
45;38;6.5;1119.0;2673.0;6233.4;0.2;2930.0;0;10
45;39;6.4;970.6;2589.0;5289.7;0.2;2930.0;0;10
45;40;6.7;1001.0;2538.0;5731.3;0.2;2930.0;0;10
45;41;6.8;1014.9;2486.0;5909.1;0.2;2930.0;0;10
45;42;7.1;867.3;2129.0;5202.4;0.2;2930.0;0;10
45;43;5.9;1027.9;2609.0;5215.9;0.2;2930.0;0;10
45;44;6.7;981.5;2706.0;5634.1;0.2;2930.0;0;10
45;45;10.7;638.7;1837.0;5678.1;0.1;2930.0;0;10
45;46;7.9;858.9;2155.0;5738.3;0.1;2930.0;0;10
45;47;8.6;707.1;1984.0;5075.6;0.1;2930.0;0;10
45;48;12.7;514.2;1367.0;5371.0;0.1;2930.0;0;10
45;49;7.1;896.3;2649.0;5420.7;0.2;2930.0;0;10
45;50;7.1;878.7;2510.0;5331.4;0.2;2930.0;0;10
45;51;6.4;1037.1;2514.0;5650.3;0.2;2930.0;0;10
45;52;6.1;1033.8;2435.0;5402.0;0.2;2930.0;0;10
45;53;5.5;1107.7;3023.0;5282.7;0.2;2930.0;0;10
45;54;24.3;250.6;602.0;4890.0;0.1;2930.0;0;10
45;55;17.0;351.9;855.0;4866.3;0.1;2930.0;0;10
45;56;10.6;529.4;1508.0;4654.9;0.1;2930.0;0;10
45;57;14.5;404.7;1100.0;4785.6;0.1;2930.0;0;10
45;58;22.5;268.2;773.0;4847.3;0.1;2930.0;0;10
45;59;11.0;481.8;1062.0;4371.0;0.1;2930.0;0;10
45;60;8.3;629.0;1452.0;4398.1;0.1;2930.0;0;10
45;61;16.2;360.6;870.0;4737.7;0.1;2930.0;0;10
45;62;22.1;270.6;710.0;4813.9;0.1;2930.0;0;10
45;63;15.6;363.5;982.0;4610.9;0.1;2930.0;0;10
45;64;11.2;507.3;1440.0;4679.7;0.1;2930.0;0;10
45;65;9.3;635.8;1572.0;4938.4;0.1;2930.0;0;10
45;66;9.8;556.3;1577.0;4543.3;0.1;2930.0;0;10
45;67;11.1;512.1;1374.0;4716.1;0.1;2930.0;0;10
45;68;9.7;587.6;1640.0;4762.1;0.1;2930.0;0;10
45;69;16.1;383.7;932.0;5035.7;0.1;2930.0;0;10
45;70;12.7;462.6;1335.0;4812.0;0.1;2930.0;0;10
45;71;15.5;393.5;1048.0;4975.3;0.1;2930.0;0;10
45;72;15.1;398.2;1257.0;4914.0;0.1;2930.0;0;10
45;73;14.5;403.5;1193.0;4787.7;0.1;2930.0;0;10
45;74;13.4;448.7;1231.0;4924.1;0.1;2930.0;0;10
45;75;12.2;485.6;1473.0;4859.4;0.1;2930.0;0;10
45;76;10.5;553.2;1415.0;4813.0;0.1;2930.0;0;10
45;77;12.4;458.0;1417.0;4674.6;0.1;2930.0;0;10
45;78;10.1;553.0;1484.0;4618.1;0.1;2930.0;0;10
45;79;11.7;472.6;1298.0;4565.6;0.1;2930.0;0;10
45;80;14.4;398.8;1450.0;4676.4;0.1;2930.0;0;10
45;81;10.8;508.9;1742.0;4533.7;0.1;2930.0;0;10
45;82;6.7;769.7;2216.0;4373.3;0.2;2930.0;0;10
45;83;10.0;558.1;1375.0;4626.4;0.1;2930.0;0;10
45;84;8.1;673.1;1969.0;4590.6;0.1;2930.0;0;10
45;85;11.3;507.5;1239.0;4738.0;0.1;2930.0;0;10
45;86;15.9;354.9;1007.0;4595.4;0.1;2930.0;0;10
45;87;14.6;403.2;1082.0;4809.9;0.1;2930.0;0;10
45;88;11.2;494.1;1345.0;4571.6;0.1;2930.0;0;10
45;89;14.2;385.3;1182.0;4459.4;0.1;2930.0;0;10
45;90;9.9;525.1;1915.0;4335.9;0.1;2930.0;0;10
45;91;13.7;410.5;1496.0;4592.1;0.1;2930.0;0;10
45;92;16.6;323.7;1017.0;4351.0;0.1;2930.0;0;10
45;93;12.9;393.2;1224.0;4174.7;0.1;2930.0;0;10
45;94;18.1;300.0;944.0;4389.3;0.1;2930.0;0;10
45;95;17.0;317.1;1186.0;4384.9;0.1;2930.0;0;10
45;96;10.3;460.2;1446.0;3930.7;0.1;2930.0;0;10
45;97;13.6;369.5;1282.0;4127.3;0.1;2930.0;0;10
45;98;15.1;348.7;1283.0;4287.6;0.1;2930.0;0;10
45;99;4.1;1488.5;4603.0;5465.6;0.3;2930.0;0;10
46;0;14.8;571.1;1687.0;6898.0;0.1;5100.0;1;1
46;1;11.2;753.8;2073.0;6974.3;0.1;4876.0;1;2
46;2;20.0;444.7;1206.0;7187.7;0.1;4575.0;1;3
46;3;18.7;477.6;1181.0;7233.4;0.1;4042.0;1;4
46;4;16.6;523.0;1515.0;7037.3;0.1;3796.0;1;5
46;5;16.5;522.6;1287.0;7004.9;0.1;3556.0;1;6
46;6;12.9;702.5;1689.0;7416.7;0.1;3335.0;1;7
46;7;14.8;571.8;1561.0;6923.0;0.1;3109.0;1;8
46;8;18.7;464.6;1240.0;7016.1;0.1;2965.0;1;9
46;9;17.1;524.4;1520.0;7262.1;0.1;2965.0;0;9
46;10;17.7;505.3;1334.0;7230.3;0.1;2965.0;0;9
46;11;15.5;564.6;1513.0;7146.4;0.1;2965.0;0;9
46;12;15.2;593.3;1671.0;7349.1;0.1;2965.0;0;9
46;13;11.5;694.4;1704.0;6611.1;0.1;2965.0;0;9
46;14;9.4;873.3;2207.0;6836.3;0.1;2965.0;0;9
46;15;13.6;644.4;1870.0;7159.6;0.1;2965.0;0;9
46;16;12.9;646.0;1535.0;6847.1;0.1;2965.0;0;9
46;17;11.1;811.8;2138.0;7422.0;0.1;2965.0;0;9
46;18;11.9;699.0;2018.0;6835.6;0.1;2965.0;0;9
46;19;6.7;1282.1;3231.0;7283.1;0.2;2965.0;0;9
46;20;9.5;871.1;2049.0;6919.0;0.1;2953.0;1;10
46;21;10.9;808.9;2069.0;7318.9;0.1;2940.0;1;11
46;22;7.6;1125.2;3163.0;7190.9;0.2;2940.0;0;11
46;23;8.0;956.4;3028.0;6437.3;0.1;2940.0;0;11
46;24;8.6;919.2;2978.0;6664.3;0.1;2940.0;0;11
46;25;11.5;672.2;1566.0;6371.0;0.1;2940.0;0;11
46;26;11.8;704.1;1891.0;6872.4;0.1;2940.0;0;11
46;27;11.4;765.2;1948.0;7186.4;0.1;2940.0;0;11
46;28;10.4;838.9;2255.0;7209.9;0.1;2940.0;0;11
46;29;10.6;765.0;2278.0;6715.0;0.1;2940.0;0;11
46;30;7.5;1075.9;2392.0;6803.0;0.2;2940.0;0;11
46;31;8.2;961.8;2423.0;6648.1;0.1;2940.0;0;11
46;32;9.1;896.5;2131.0;6784.0;0.1;2940.0;0;11
46;33;8.2;954.1;2870.0;6556.7;0.1;2940.0;0;11
46;34;7.7;1051.3;2448.0;6815.6;0.2;2940.0;0;11
46;35;12.7;623.5;1561.0;6480.6;0.1;2940.0;0;11
46;36;7.4;1121.7;2962.0;6997.3;0.2;2940.0;0;11
46;37;6.8;1186.6;3031.0;6871.3;0.2;2940.0;0;11
46;38;6.8;1186.9;2988.0;6863.0;0.2;2940.0;0;11
46;39;6.1;1246.5;3146.0;6523.9;0.2;2940.0;0;11
46;40;6.3;1222.6;3220.0;6637.0;0.2;2940.0;0;11
46;41;6.9;1178.4;3004.0;6880.7;0.2;2940.0;0;11
46;42;8.6;889.0;2469.0;6391.9;0.1;2940.0;0;11
46;43;7.4;1107.9;2828.0;6980.9;0.2;2940.0;0;11
46;44;10.3;779.7;2238.0;6679.3;0.1;2940.0;0;11
46;45;7.8;981.3;2852.0;6484.3;0.2;2940.0;0;11
46;46;8.2;969.5;2640.0;6721.9;0.1;2940.0;0;11
46;47;6.5;1157.2;2629.0;6411.3;0.2;2940.0;0;11
46;48;7.5;1027.7;2627.0;6544.7;0.2;2940.0;0;11
46;49;6.0;1187.8;2721.0;6108.3;0.2;2940.0;0;11
46;50;7.4;978.3;2663.0;6140.9;0.2;2940.0;0;11
46;51;5.0;1331.1;3058.0;5806.9;0.2;2940.0;0;11
46;52;6.2;1131.2;2776.0;5979.4;0.2;2940.0;0;11
46;53;9.4;815.8;2263.0;6379.4;0.1;2940.0;0;11
46;54;7.8;859.8;2181.0;5686.3;0.2;2940.0;0;11
46;55;15.0;497.7;1176.0;6080.7;0.1;2940.0;0;11
46;56;6.6;990.8;2334.0;5559.9;0.2;2940.0;0;11
46;57;9.8;741.8;1701.0;6057.6;0.1;2940.0;0;11
46;58;13.9;545.9;1400.0;6212.1;0.1;2940.0;0;11
46;59;6.6;1067.6;3012.0;6049.3;0.2;2940.0;0;11
46;60;10.5;745.0;2044.0;6482.4;0.1;2940.0;0;11
46;61;5.9;1109.9;2800.0;5637.0;0.2;2940.0;0;11
46;62;6.9;934.1;2283.0;5485.0;0.2;2940.0;0;11
46;63;7.8;817.5;2247.0;5365.0;0.2;2940.0;0;11
46;64;6.8;910.1;2516.0;5281.0;0.2;2940.0;0;11
46;65;10.2;722.2;1945.0;6142.6;0.1;2940.0;0;11
46;66;7.8;842.9;2098.0;5548.1;0.2;2940.0;0;11
46;67;8.2;791.2;2105.0;5452.0;0.1;2940.0;0;11
46;68;6.5;974.8;2589.0;5439.6;0.2;2940.0;0;11
46;69;9.3;729.9;2214.0;5687.3;0.1;2940.0;0;11
46;70;10.1;730.0;2221.0;6135.9;0.1;2940.0;0;11
46;71;8.7;746.0;2156.0;5428.3;0.1;2940.0;0;11
46;72;21.2;339.6;935.0;5805.1;0.1;2940.0;0;11
46;73;7.1;826.1;2000.0;5005.3;0.2;2940.0;0;11
46;74;8.7;742.2;1985.0;5409.4;0.1;2940.0;0;11
46;75;9.6;662.1;1672.0;5320.0;0.1;2940.0;0;11
46;76;13.2;523.5;1562.0;5653.0;0.1;2940.0;0;11
46;77;15.2;470.3;1512.0;5826.4;0.1;2940.0;0;11
46;78;9.4;689.2;1972.0;5401.0;0.1;2940.0;0;11
46;79;8.6;713.5;1782.0;5146.4;0.1;2940.0;0;11
46;80;12.8;508.3;1128.0;5359.3;0.1;2940.0;0;11
46;81;8.4;785.8;2345.0;5554.0;0.1;2940.0;0;11
46;82;8.2;757.2;2257.0;5229.0;0.1;2940.0;0;11
46;83;7.5;878.7;2265.0;5578.7;0.2;2940.0;0;11
46;84;9.2;765.3;2493.0;5904.3;0.1;2940.0;0;11
46;85;31.7;231.3;843.0;5852.0;0.0;2940.0;0;11
46;86;7.1;795.4;2369.0;4789.4;0.2;2940.0;0;11
46;87;6.8;848.7;2119.0;4883.9;0.2;2940.0;0;11
46;88;11.2;597.1;1633.0;5509.9;0.1;2940.0;0;11
46;89;10.1;635.1;1736.0;5327.1;0.1;2940.0;0;11
46;90;7.4;820.5;2613.0;5158.4;0.2;2940.0;0;11
46;91;7.6;785.7;2100.0;5072.0;0.2;2940.0;0;11
46;92;6.0;930.9;2974.0;4798.4;0.2;2940.0;0;11
46;93;6.1;951.6;2493.0;4975.3;0.2;2940.0;0;11
46;94;18.2;378.7;1312.0;5564.0;0.1;2940.0;0;11
46;95;11.7;557.6;1819.0;5390.6;0.1;2940.0;0;11
46;96;16.5;393.2;1128.0;5266.0;0.1;2940.0;0;11
46;97;9.6;700.9;2124.0;5605.4;0.1;2940.0;0;11
46;98;9.1;684.9;1982.0;5208.4;0.1;2940.0;0;11
46;99;10.1;637.2;2160.0;5338.0;0.1;2940.0;0;11
47;0;16.4;528.3;1438.0;7051.0;0.1;5875.0;1;1
47;1;23.2;388.0;998.0;7222.4;0.1;5463.0;1;2
47;2;15.5;559.9;1407.0;7051.9;0.1;5322.0;1;3
47;3;21.6;424.3;1198.0;7383.9;0.1;4714.0;1;4
47;4;18.9;459.4;1123.0;7021.3;0.1;4474.0;1;5
47;5;19.6;442.9;1124.0;7011.6;0.1;3959.0;1;6
47;6;19.9;433.1;1066.0;6965.7;0.1;3680.0;1;7
47;7;12.9;716.2;1838.0;7581.3;0.1;3421.0;1;8
47;8;14.9;599.1;1627.0;7255.3;0.1;3214.0;1;9
47;9;14.0;616.5;1686.0;7071.9;0.1;2960.0;1;10
47;10;12.6;715.2;1784.0;7406.7;0.1;2952.0;1;11
47;11;10.5;781.2;2370.0;6785.6;0.1;2952.0;0;11
47;12;10.8;796.9;2327.0;7130.1;0.1;2952.0;0;11
47;13;15.9;529.9;1510.0;6872.6;0.1;2952.0;0;11
47;14;12.0;673.7;1922.0;6669.0;0.1;2952.0;0;11
47;15;10.0;823.1;1936.0;6812.1;0.1;2952.0;0;11
47;16;19.5;435.5;1011.0;6848.7;0.1;2952.0;0;11
47;17;14.8;582.6;1595.0;7012.6;0.1;2952.0;0;11
47;18;13.8;606.0;1455.0;6821.9;0.1;2952.0;0;11
47;19;9.9;804.5;2198.0;6603.3;0.1;2952.0;0;11
47;20;12.4;662.1;1652.0;6726.6;0.1;2952.0;0;11
47;21;11.7;707.9;1776.0;6829.0;0.1;2952.0;0;11
47;22;15.5;527.3;1383.0;6670.6;0.1;2952.0;0;11
47;23;20.8;393.1;1041.0;6590.0;0.1;2952.0;0;11
47;24;11.7;687.4;1646.0;6651.1;0.1;2952.0;0;11
47;25;6.7;1107.8;2873.0;6358.0;0.2;2952.0;0;11
47;26;10.4;785.2;2103.0;6748.1;0.1;2952.0;0;11
47;27;7.5;1057.9;2578.0;6702.0;0.2;2952.0;0;11
47;28;11.4;704.6;2093.0;6630.1;0.1;2935.0;1;12
47;29;13.1;663.7;1579.0;7106.6;0.1;2933.0;1;13
47;30;9.8;881.2;2387.0;7200.4;0.1;2933.0;0;13
47;31;5.8;1256.8;3501.0;6294.7;0.2;2933.0;0;13
47;32;11.2;739.7;2096.0;6856.0;0.1;2933.0;0;13
47;33;5.0;1492.7;3543.0;6488.9;0.2;2933.0;0;13
47;34;6.6;1223.7;3118.0;6914.0;0.2;2933.0;0;13
47;35;6.2;1240.4;3586.0;6604.9;0.2;2933.0;0;13
47;36;6.1;1279.2;3366.0;6676.4;0.2;2933.0;0;13
47;37;9.0;871.7;2358.0;6579.1;0.1;2933.0;0;13
47;38;6.2;1236.4;2808.0;6539.9;0.2;2933.0;0;13
47;39;9.4;781.6;1992.0;6119.4;0.1;2933.0;0;13
47;40;5.4;1350.2;3454.0;6282.7;0.2;2933.0;0;13
47;41;5.3;1245.2;3208.0;5776.9;0.2;2933.0;0;13
47;42;7.9;816.9;1847.0;5464.7;0.1;2933.0;0;13
47;43;5.8;1021.4;2604.0;5114.1;0.2;2933.0;0;13
47;44;8.4;802.5;2218.0;5658.4;0.1;2933.0;0;13
47;45;8.6;789.2;2330.0;5663.7;0.1;2933.0;0;13
47;46;6.4;928.2;2365.0;5076.3;0.2;2933.0;0;13
47;47;12.6;501.9;1335.0;5177.0;0.1;2933.0;0;13
47;48;15.6;384.3;1125.0;4868.4;0.1;2933.0;0;13
47;49;17.2;362.9;1026.0;5050.7;0.1;2933.0;0;13
47;50;9.2;666.9;1809.0;5117.0;0.1;2933.0;0;13
47;51;9.5;683.7;1523.0;5394.4;0.1;2933.0;0;13
47;52;12.4;499.0;1172.0;5090.0;0.1;2933.0;0;13
47;53;7.2;907.6;2661.0;5578.1;0.2;2933.0;0;13
47;54;8.8;739.3;2080.0;5446.3;0.1;2933.0;0;13
47;55;9.0;706.1;1929.0;5291.9;0.1;2933.0;0;13
47;56;6.9;926.1;3022.0;5409.9;0.2;2933.0;0;13
47;57;9.0;689.7;2151.0;5203.1;0.1;2933.0;0;13
47;58;14.5;455.9;1129.0;5384.0;0.1;2933.0;0;13
47;59;11.6;562.3;1348.0;5383.4;0.1;2933.0;0;13
47;60;14.3;443.1;1008.0;5177.0;0.1;2933.0;0;13
47;61;17.0;374.9;1082.0;5167.9;0.1;2933.0;0;13
47;62;5.1;1328.9;3334.0;5893.6;0.2;2933.0;0;13
47;63;4.4;1558.2;3896.0;6011.1;0.3;2933.0;0;13
47;64;12.4;506.2;1216.0;5146.0;0.1;2933.0;0;13
47;65;15.1;409.7;1124.0;5047.4;0.1;2933.0;0;13
47;66;10.0;629.1;1568.0;5217.4;0.1;2933.0;0;13
47;67;17.8;369.9;1019.0;5320.7;0.1;2933.0;0;13
47;68;10.6;577.6;1437.0;5054.9;0.1;2933.0;0;13
47;69;10.6;536.4;1539.0;4708.7;0.1;2933.0;0;13
47;70;10.7;581.2;1589.0;5161.4;0.1;2933.0;0;13
47;71;5.7;1024.6;2994.0;5080.6;0.2;2933.0;0;13
47;72;10.3;543.7;1849.0;4627.0;0.1;2933.0;0;13
47;73;20.5;274.3;697.0;4543.3;0.1;2933.0;0;13
47;74;16.0;337.9;898.0;4401.3;0.1;2933.0;0;13
47;75;24.6;236.0;671.0;4654.9;0.1;2933.0;0;13
47;76;21.7;261.4;759.0;4556.9;0.1;2933.0;0;13
47;77;21.8;268.1;756.0;4708.1;0.1;2933.0;0;13
47;78;22.8;267.8;671.0;4915.0;0.1;2933.0;0;13
47;79;9.6;610.6;1796.0;4863.7;0.1;2933.0;0;13
47;80;4.0;1574.5;4365.0;5555.1;0.3;2933.0;0;13
47;81;9.6;566.3;1618.0;4512.3;0.1;2933.0;0;13
47;82;3.3;1823.0;4235.0;5508.7;0.3;2933.0;0;13
47;83;14.1;423.9;1232.0;4875.7;0.1;2933.0;0;13
47;84;4.0;1652.9;4035.0;5836.4;0.3;2933.0;0;13
47;85;13.2;426.2;1427.0;4605.4;0.1;2933.0;0;13
47;86;11.8;479.3;1478.0;4659.3;0.1;2933.0;0;13
47;87;14.1;403.3;1300.0;4636.0;0.1;2933.0;0;13
47;88;4.1;1416.5;4487.0;5219.0;0.3;2933.0;0;13
47;89;16.6;351.6;1174.0;4726.4;0.1;2933.0;0;13
47;90;11.1;491.2;1492.0;4519.4;0.1;2933.0;0;13
47;91;14.7;388.6;1351.0;4647.1;0.1;2933.0;0;13
47;92;13.4;421.3;1430.0;4640.6;0.1;2933.0;0;13
47;93;17.5;334.3;1031.0;4745.1;0.1;2933.0;0;13
47;94;14.5;398.8;1458.0;4720.9;0.1;2933.0;0;13
47;95;23.1;246.3;746.0;4564.0;0.1;2933.0;0;13
47;96;5.0;1267.5;4429.0;5499.7;0.2;2933.0;0;13
47;97;7.4;826.1;2548.0;5177.7;0.2;2933.0;0;13
47;98;22.2;262.6;967.0;4689.3;0.1;2933.0;0;13
47;99;22.7;255.4;810.0;4667.9;0.1;2933.0;0;13
48;0;19.1;475.9;1156.0;7353.4;0.1;6142.0;1;1
48;1;16.1;545.9;1517.0;7140.6;0.1;5799.0;1;2
48;2;15.1;594.0;1833.0;7321.4;0.1;5569.0;1;3
48;3;13.7;607.3;1588.0;6805.9;0.1;5168.0;1;4
48;4;13.8;618.4;1532.0;6997.6;0.1;5044.0;1;5
48;5;13.3;625.9;1785.0;6804.0;0.1;4697.0;1;6
48;6;16.9;505.4;1348.0;6940.4;0.1;4223.0;1;7
48;7;26.1;335.7;927.0;7002.9;0.0;4053.0;1;8
48;8;19.8;440.5;1087.0;7021.7;0.1;3642.0;1;9
48;9;15.6;569.4;1651.0;7248.0;0.1;3373.0;1;10
48;10;17.6;501.3;1371.0;7143.3;0.1;3152.0;1;11
48;11;17.4;478.3;1242.0;6764.1;0.1;2938.0;1;12
48;12;14.2;580.9;1751.0;6717.1;0.1;2930.0;1;13
48;13;11.6;716.0;2007.0;6855.3;0.1;2930.0;0;13
48;14;14.2;561.3;1501.0;6527.4;0.1;2930.0;0;13
48;15;16.9;503.8;1363.0;6923.0;0.1;2930.0;0;13
48;16;13.5;585.5;1492.0;6450.0;0.1;2930.0;0;13
48;17;11.8;684.5;1969.0;6642.3;0.1;2930.0;0;13
48;18;14.3;575.7;1517.0;6744.3;0.1;2930.0;0;13
48;19;14.7;540.6;1463.0;6496.6;0.1;2930.0;0;13
48;20;12.1;635.3;1549.0;6313.9;0.1;2930.0;0;13
48;21;10.6;730.0;1839.0;6393.6;0.1;2930.0;0;13
48;22;10.2;774.9;1835.0;6569.9;0.1;2930.0;0;13
48;23;10.0;774.2;1727.0;6430.9;0.1;2930.0;0;13
48;24;13.0;633.9;1300.0;6764.4;0.1;2930.0;0;13
48;25;13.9;568.4;1396.0;6457.9;0.1;2930.0;0;13
48;26;11.2;711.9;1828.0;6605.7;0.1;2919.0;1;14
48;27;6.6;1180.4;3477.0;6685.4;0.2;2919.0;0;14
48;28;9.9;816.2;2168.0;6715.1;0.1;2919.0;0;14
48;29;10.0;783.3;1953.0;6493.9;0.1;2919.0;0;14
48;30;8.0;987.2;2636.0;6666.0;0.1;2919.0;0;14
48;31;8.5;970.9;2267.0;6923.9;0.1;2919.0;0;14
48;32;9.6;811.3;2139.0;6470.6;0.1;2919.0;0;14
48;33;12.2;680.6;1618.0;6809.3;0.1;2919.0;0;14
48;34;10.3;766.0;1876.0;6560.0;0.1;2919.0;0;14
48;35;10.7;734.5;1936.0;6482.9;0.1;2919.0;0;14
48;36;9.0;907.8;2073.0;6803.9;0.1;2919.0;0;14
48;37;8.6;891.9;2261.0;6426.6;0.1;2919.0;0;14
48;38;6.4;1175.4;3168.0;6442.0;0.2;2919.0;0;14
48;39;4.9;1522.9;3821.0;6474.0;0.2;2919.0;0;14
48;40;5.8;1328.1;3425.0;6689.7;0.2;2919.0;0;14
48;41;6.9;1125.1;3121.0;6564.9;0.2;2919.0;0;14
48;42;7.9;927.3;2259.0;6154.6;0.2;2919.0;0;14
48;43;12.9;568.2;1453.0;5993.4;0.1;2919.0;0;14
48;44;9.8;738.7;1966.0;6012.7;0.1;2919.0;0;14
48;45;9.7;780.3;1866.0;6329.3;0.1;2919.0;0;14
48;46;7.8;926.9;2332.0;6086.9;0.2;2919.0;0;14
48;47;8.4;865.7;2361.0;6138.3;0.1;2919.0;0;14
48;48;6.0;1133.8;2791.0;5848.3;0.2;2919.0;0;14
48;49;6.3;1033.0;2777.0;5614.1;0.2;2919.0;0;14
48;50;8.4;911.9;2272.0;6414.1;0.1;2919.0;0;14
48;51;7.9;851.8;2009.0;5680.9;0.1;2919.0;0;14
48;52;5.7;1145.9;2997.0;5672.4;0.2;2919.0;0;14
48;53;5.8;1237.7;3213.0;6191.7;0.2;2919.0;0;14
48;54;6.9;959.7;2506.0;5652.0;0.2;2919.0;0;14
48;55;9.5;688.1;1915.0;5460.1;0.1;2919.0;0;14
48;56;10.0;633.6;1635.0;5242.9;0.1;2919.0;0;14
48;57;22.7;269.2;706.0;4908.3;0.1;2919.0;0;14
48;58;11.9;530.9;1372.0;5194.6;0.1;2919.0;0;14
48;59;7.3;801.7;2374.0;4986.0;0.2;2919.0;0;14
48;60;14.2;415.5;969.0;4811.6;0.1;2919.0;0;14
48;61;11.4;506.9;1519.0;4779.6;0.1;2919.0;0;14
48;62;18.4;308.3;841.0;4587.7;0.1;2919.0;0;14
48;63;14.6;380.9;1123.0;4530.0;0.1;2919.0;0;14
48;64;11.5;486.5;1492.0;4609.0;0.1;2919.0;0;14
48;65;11.9;434.3;1101.0;4255.6;0.1;2919.0;0;14
48;66;23.4;236.4;659.0;4449.4;0.1;2919.0;0;14
48;67;22.6;249.7;694.0;4537.0;0.1;2919.0;0;14
48;68;14.2;399.8;1022.0;4638.1;0.1;2919.0;0;14
48;69;8.8;639.0;1975.0;4719.4;0.1;2919.0;0;14
48;70;11.0;544.0;1329.0;4959.1;0.1;2919.0;0;14
48;71;19.5;301.8;1027.0;4746.1;0.1;2919.0;0;14
48;72;14.5;405.9;1110.0;4788.9;0.1;2919.0;0;14
48;73;11.3;467.7;1255.0;4372.0;0.1;2919.0;0;14
48;74;9.1;596.8;1670.0;4548.6;0.1;2919.0;0;14
48;75;11.0;510.5;1406.0;4624.7;0.1;2919.0;0;14
48;76;8.1;677.0;1886.0;4615.4;0.1;2919.0;0;14
48;77;3.2;1748.0;4594.0;5121.3;0.3;2919.0;0;14
48;78;6.2;965.4;2578.0;5130.4;0.2;2919.0;0;14
48;79;3.3;1756.1;4479.0;5323.9;0.3;2919.0;0;14
48;80;8.3;666.3;1810.0;4653.1;0.1;2919.0;0;14
48;81;4.0;1655.1;3944.0;5879.1;0.3;2919.0;0;14
48;82;4.6;1300.6;3628.0;5294.6;0.2;2919.0;0;14
48;83;13.8;426.1;1163.0;4806.7;0.1;2919.0;0;14
48;84;13.0;463.0;1403.0;4954.7;0.1;2919.0;0;14
48;85;18.4;312.4;798.0;4644.7;0.1;2919.0;0;14
48;86;58.3;106.8;289.0;4912.1;0.0;2919.0;0;14
48;87;66.5;94.0;223.0;4927.3;0.0;2919.0;0;14
48;88;33.1;188.3;607.0;4960.6;0.0;2919.0;0;14
48;89;19.4;310.8;975.0;4877.4;0.1;2919.0;0;14
48;90;25.8;238.6;775.0;4924.3;0.0;2919.0;0;14
48;91;23.8;259.7;869.0;4951.9;0.1;2919.0;0;14
48;92;7.5;837.2;2679.0;5301.7;0.2;2919.0;0;14
48;93;4.6;1333.6;4180.0;5427.7;0.2;2919.0;0;14
48;94;5.7;1139.6;3736.0;5646.1;0.2;2919.0;0;14
48;95;5.4;1153.4;3860.0;5429.6;0.2;2919.0;0;14
48;96;8.2;781.4;2366.0;5385.9;0.1;2919.0;0;14
48;97;24.8;240.8;891.0;4797.0;0.1;2919.0;0;14
48;98;29.1;210.6;616.0;4898.0;0.0;2919.0;0;14
48;99;19.6;300.7;988.0;4750.6;0.1;2919.0;0;14
49;0;22.5;400.0;1073.0;7230.1;0.1;6245.0;1;1
49;1;10.7;784.3;2252.0;6946.1;0.1;5091.0;1;2
49;2;11.6;763.5;2177.0;7334.1;0.1;4540.0;1;3
49;3;12.9;666.0;1809.0;7043.4;0.1;4142.0;1;4
49;4;30.3;297.8;845.0;7195.3;0.0;3863.0;1;5
49;5;14.6;575.2;1445.0;6862.4;0.1;3691.0;1;6
49;6;14.2;631.6;1780.0;7345.6;0.1;3360.0;1;7
49;7;14.3;596.8;1591.0;6957.0;0.1;3051.0;1;8
49;8;15.3;571.2;1626.0;7131.4;0.1;2953.0;1;9
49;9;17.8;500.6;1451.0;7231.3;0.1;2946.0;1;10
49;10;20.5;423.7;1234.0;7007.3;0.1;2946.0;0;10
49;11;11.2;789.4;1932.0;7273.9;0.1;2946.0;0;10
49;12;17.4;506.9;1560.0;7132.1;0.1;2946.0;0;10
49;13;10.6;813.4;2277.0;7173.9;0.1;2946.0;0;10
49;14;11.1;724.3;1723.0;6626.6;0.1;2946.0;0;10
49;15;13.6;629.1;1582.0;6981.0;0.1;2946.0;0;10
49;16;13.4;618.7;1778.0;6777.1;0.1;2946.0;0;10
49;17;9.6;879.3;2189.0;7024.7;0.1;2946.0;0;10
49;18;12.2;686.5;1761.0;6892.1;0.1;2946.0;0;10
49;19;9.7;884.6;2070.0;7162.9;0.1;2946.0;0;10
49;20;11.8;665.5;1720.0;6480.9;0.1;2946.0;0;10
49;21;10.0;840.7;2202.0;6991.7;0.1;2946.0;0;10
49;22;8.9;847.7;2048.0;6307.1;0.1;2946.0;0;10
49;23;7.7;1064.6;2655.0;6915.1;0.2;2937.0;1;11
49;24;7.7;1030.7;2520.0;6668.0;0.2;2935.0;1;12
49;25;8.7;925.0;2521.0;6735.9;0.1;2935.0;0;12
49;26;9.6;852.6;2078.0;6821.6;0.1;2935.0;0;12
49;27;8.7;899.6;2159.0;6527.3;0.1;2935.0;0;12
49;28;10.3;763.1;1911.0;6511.9;0.1;2935.0;0;12
49;29;9.0;867.0;2264.0;6523.7;0.1;2935.0;0;12
49;30;8.9;895.1;2153.0;6658.6;0.1;2935.0;0;12
49;31;7.6;1039.9;2664.0;6655.1;0.2;2935.0;0;12
49;32;8.4;887.6;2350.0;6261.0;0.1;2935.0;0;12
49;33;9.8;732.9;1972.0;6000.3;0.1;2935.0;0;12
49;34;7.6;1020.3;2738.0;6539.4;0.2;2935.0;0;12
49;35;8.1;903.3;2213.0;6178.1;0.1;2935.0;0;12
49;36;9.8;771.0;1967.0;6294.3;0.1;2935.0;0;12
49;37;7.4;978.5;2411.0;6122.6;0.2;2935.0;0;12
49;38;4.9;1450.8;3719.0;6210.9;0.2;2935.0;0;12
49;39;8.7;869.8;2066.0;6325.7;0.1;2935.0;0;12
49;40;6.8;1062.5;2727.0;6162.4;0.2;2935.0;0;12
49;41;9.8;776.6;2017.0;6339.0;0.1;2935.0;0;12
49;42;13.0;612.6;1928.0;6532.9;0.1;2935.0;0;12
49;43;7.6;954.0;2330.0;6122.7;0.2;2935.0;0;12
49;44;11.7;665.2;1601.0;6412.1;0.1;2935.0;0;12
49;45;10.0;765.6;2025.0;6392.7;0.1;2935.0;0;12
49;46;6.5;1075.3;2759.0;5981.0;0.2;2935.0;0;12
49;47;11.2;691.7;1545.0;6384.1;0.1;2935.0;0;12
49;48;9.4;787.3;2231.0;6162.1;0.1;2935.0;0;12
49;49;6.8;1023.0;2854.0;5911.9;0.2;2935.0;0;12
49;50;8.5;822.7;2081.0;5883.6;0.1;2935.0;0;12
49;51;6.2;1066.8;2529.0;5690.1;0.2;2935.0;0;12
49;52;6.5;1034.7;2886.0;5750.3;0.2;2935.0;0;12
49;53;8.5;851.8;2405.0;6086.0;0.1;2935.0;0;12
49;54;6.7;989.0;2474.0;5685.7;0.2;2935.0;0;12
49;55;11.8;612.8;1562.0;5942.4;0.1;2935.0;0;12
49;56;8.1;831.2;2109.0;5651.3;0.1;2935.0;0;12
49;57;9.0;751.2;1931.0;5681.7;0.1;2935.0;0;12
49;58;13.8;532.3;1474.0;5991.9;0.1;2935.0;0;12
49;59;6.1;1031.4;2440.0;5429.0;0.2;2935.0;0;12
49;60;8.6;799.5;2285.0;5779.9;0.1;2935.0;0;12
49;61;7.6;852.4;2136.0;5509.7;0.2;2935.0;0;12
49;62;6.7;934.3;2219.0;5316.6;0.2;2935.0;0;12
49;63;7.1;890.3;2092.0;5397.0;0.2;2935.0;0;12
49;64;9.5;666.6;1658.0;5285.1;0.1;2935.0;0;12
49;65;5.6;1143.5;3058.0;5578.0;0.2;2935.0;0;12
49;66;6.2;1076.9;2960.0;5689.0;0.2;2935.0;0;12
49;67;9.6;676.1;1746.0;5408.1;0.1;2935.0;0;12
49;68;6.2;1097.6;3342.0;5847.3;0.2;2935.0;0;12
49;69;5.7;1190.0;3268.0;5864.7;0.2;2935.0;0;12
49;70;8.2;881.2;2419.0;6076.9;0.1;2935.0;0;12
49;71;7.3;910.9;2442.0;5604.0;0.2;2935.0;0;12
49;72;11.1;654.0;1876.0;5993.9;0.1;2935.0;0;12
49;73;7.6;867.7;2463.0;5586.4;0.2;2935.0;0;12
49;74;8.3;838.0;2220.0;5854.0;0.1;2935.0;0;12
49;75;9.1;744.7;2048.0;5641.3;0.1;2935.0;0;12
49;76;11.5;609.0;1640.0;5795.3;0.1;2935.0;0;12
49;77;8.1;818.7;2451.0;5551.9;0.1;2935.0;0;12
49;78;9.5;738.3;2369.0;5831.7;0.1;2935.0;0;12
49;79;8.6;751.2;1793.0;5432.1;0.1;2935.0;0;12
49;80;9.4;713.9;1820.0;5608.0;0.1;2935.0;0;12
49;81;10.8;616.8;2090.0;5515.3;0.1;2935.0;0;12
49;82;9.4;692.3;2108.0;5446.4;0.1;2935.0;0;12
49;83;8.5;761.9;2248.0;5441.9;0.1;2935.0;0;12
49;84;6.3;968.9;2566.0;5253.4;0.2;2935.0;0;12
49;85;8.4;805.2;2145.0;5671.4;0.1;2935.0;0;12
49;86;7.6;869.4;2529.0;5564.7;0.2;2935.0;0;12
49;87;7.0;965.6;3098.0;5761.4;0.2;2935.0;0;12
49;88;7.7;910.0;2787.0;5915.6;0.2;2935.0;0;12
49;89;8.6;853.1;2779.0;6155.7;0.1;2935.0;0;12
49;90;8.8;859.5;2829.0;6336.7;0.1;2935.0;0;12
49;91;9.1;821.0;2321.0;6269.1;0.1;2935.0;0;12
49;92;7.5;939.1;2743.0;5969.6;0.2;2935.0;0;12
49;93;5.6;1266.8;3747.0;6153.0;0.2;2935.0;0;12
49;94;7.4;916.6;2647.0;5764.3;0.2;2935.0;0;12
49;95;9.9;749.9;2326.0;6150.6;0.1;2935.0;0;12
49;96;6.4;1018.8;3100.0;5556.9;0.2;2935.0;0;12
49;97;11.0;682.4;2280.0;6199.4;0.1;2935.0;0;12
49;98;8.5;795.3;2569.0;5693.4;0.1;2935.0;0;12
49;99;6.5;966.7;3111.0;5363.4;0.2;2935.0;0;12
50;0;14.8;570.8;1600.0;6884.7;0.1;5410.0;1;1
50;1;17.5;491.3;1315.0;6954.9;0.1;5282.0;1;2
50;2;19.8;453.6;1398.0;7263.7;0.1;5170.0;1;3
50;3;10.8;778.6;1898.0;6952.3;0.1;4815.0;1;4
50;4;19.9;450.6;1343.0;7223.0;0.1;4353.0;1;5
50;5;16.1;527.3;1427.0;6883.1;0.1;3996.0;1;6
50;6;12.1;708.1;2082.0;7047.4;0.1;3674.0;1;7
50;7;15.7;553.2;1537.0;7060.9;0.1;3275.0;1;8
50;8;17.5;497.7;1351.0;7042.9;0.1;3029.0;1;9
50;9;17.7;470.7;1474.0;6734.1;0.1;2944.0;1;10
50;10;17.2;494.6;1321.0;6900.3;0.1;2943.0;1;11
50;11;18.0;482.2;1211.0;7023.3;0.1;2943.0;0;11
50;12;14.9;554.1;1412.0;6748.0;0.1;2943.0;0;11
50;13;14.6;586.8;1727.0;6985.3;0.1;2943.0;0;11
50;14;15.1;553.7;1375.0;6835.0;0.1;2943.0;0;11
50;15;12.9;655.5;1695.0;6926.1;0.1;2943.0;0;11
50;16;10.1;841.9;2203.0;7085.4;0.1;2943.0;0;11
50;17;14.3;602.3;1461.0;7034.0;0.1;2943.0;0;11
50;18;18.5;460.4;1161.0;6878.1;0.1;2943.0;0;11
50;19;14.2;601.7;1534.0;6965.7;0.1;2943.0;0;11
50;20;14.4;601.7;1509.0;7096.4;0.1;2943.0;0;11
50;21;10.9;764.4;1739.0;6914.4;0.1;2943.0;0;11
50;22;9.8;867.8;2118.0;7054.0;0.1;2943.0;0;11
50;23;8.5;956.0;2559.0;6790.3;0.1;2943.0;0;11
50;24;8.3;1005.8;2527.0;7036.7;0.1;2943.0;0;11
50;25;9.6;838.8;2114.0;6725.6;0.1;2943.0;0;11
50;26;8.4;1009.8;2594.0;7092.9;0.1;2943.0;0;11
50;27;10.8;768.2;1733.0;6870.1;0.1;2943.0;0;11
50;28;9.5;843.2;2048.0;6685.3;0.1;2943.0;0;11
50;29;11.4;742.2;1789.0;6963.7;0.1;2943.0;0;11
50;30;8.5;928.0;2189.0;6625.1;0.1;2943.0;0;11
50;31;10.3;755.7;1929.0;6487.1;0.1;2943.0;0;11
50;32;8.6;921.3;2674.0;6666.7;0.1;2943.0;0;11
50;33;8.8;893.2;2433.0;6588.6;0.1;2943.0;0;11
50;34;12.4;606.7;1486.0;6194.6;0.1;2943.0;0;11
50;35;9.1;908.0;2704.0;6903.4;0.1;2943.0;0;11
50;36;9.7;871.8;2354.0;7075.3;0.1;2943.0;0;11
50;37;6.3;1234.6;3443.0;6619.6;0.2;2943.0;0;11
50;38;6.6;1235.0;2564.0;6981.6;0.2;2943.0;0;11
50;39;5.1;1407.2;3690.0;6223.9;0.2;2943.0;0;11
50;40;8.3;952.4;2410.0;6641.7;0.1;2943.0;0;11
50;41;7.7;952.7;2605.0;6205.4;0.2;2943.0;0;11
50;42;6.3;1084.0;2748.0;5848.9;0.2;2943.0;0;11
50;43;6.7;1085.1;3217.0;6207.6;0.2;2943.0;0;11
50;44;11.7;649.5;1543.0;6247.1;0.1;2943.0;0;11
50;45;7.7;914.4;2607.0;5953.9;0.2;2943.0;0;11
50;46;7.1;965.9;2096.0;5800.6;0.2;2943.0;0;11
50;47;9.4;746.0;1667.0;5830.4;0.1;2943.0;0;11
50;48;6.1;1113.4;2970.0;5809.9;0.2;2943.0;0;11
50;49;6.0;1126.7;3058.0;5783.0;0.2;2943.0;0;11
50;50;11.6;642.5;1628.0;6152.7;0.1;2943.0;0;11
50;51;6.0;1103.5;2974.0;5656.7;0.2;2943.0;0;11
50;52;7.0;966.2;2601.0;5774.7;0.2;2943.0;0;11
50;53;7.1;957.8;2753.0;5796.3;0.2;2943.0;0;11
50;54;6.8;999.2;2817.0;5794.0;0.2;2943.0;0;11
50;55;7.7;872.4;1847.0;5698.9;0.2;2943.0;0;11
50;56;7.9;873.5;2622.0;5837.9;0.1;2943.0;0;11
50;57;9.0;780.5;2129.0;5878.9;0.1;2943.0;0;11
50;58;5.9;1126.3;2782.0;5698.1;0.2;2943.0;0;11
50;59;7.8;884.4;2451.0;5819.3;0.2;2943.0;0;11
50;60;8.2;853.3;2147.0;5892.3;0.1;2943.0;0;11
50;61;7.0;963.2;2244.0;5699.0;0.2;2943.0;0;11
50;62;9.8;694.1;1710.0;5671.1;0.1;2943.0;0;11
50;63;7.9;865.6;2153.0;5755.4;0.2;2943.0;0;11
50;64;8.1;825.4;2214.0;5660.9;0.1;2943.0;0;11
50;65;9.7;719.1;1937.0;5810.7;0.1;2943.0;0;11
50;66;7.4;903.6;2603.0;5682.9;0.2;2943.0;0;11
50;67;6.8;931.9;2541.0;5388.6;0.2;2943.0;0;11
50;68;6.8;972.9;2628.0;5649.3;0.2;2943.0;0;11
50;69;6.9;985.3;3010.0;5789.0;0.2;2943.0;0;11
50;70;6.2;1025.5;2685.0;5478.4;0.2;2943.0;0;11
50;71;8.5;854.2;2346.0;6080.1;0.1;2943.0;0;11
50;72;6.0;1188.7;3393.0;6123.6;0.2;2943.0;0;11
50;73;6.0;1153.9;3221.0;5931.0;0.2;2943.0;0;11
50;74;6.6;1037.9;2784.0;5828.0;0.2;2943.0;0;11
50;75;5.8;1085.6;3150.0;5452.6;0.2;2943.0;0;11
50;76;6.0;1102.0;2937.0;5706.0;0.2;2943.0;0;11
50;77;5.3;1226.8;3388.0;5689.3;0.2;2943.0;0;11
50;78;5.7;1114.8;2943.0;5510.9;0.2;2943.0;0;11
50;79;9.2;717.0;1932.0;5535.6;0.1;2943.0;0;11
50;80;6.4;994.1;2812.0;5441.6;0.2;2943.0;0;11
50;81;7.4;922.7;2507.0;5783.6;0.2;2943.0;0;11
50;82;4.8;1344.6;3312.0;5670.1;0.2;2943.0;0;11
50;83;8.2;859.7;2644.0;5920.9;0.1;2943.0;0;11
50;84;10.1;665.9;2146.0;5582.7;0.1;2943.0;0;11
50;85;6.3;1002.5;3229.0;5395.9;0.2;2943.0;0;11
50;86;11.0;579.6;1880.0;5267.1;0.1;2943.0;0;11
50;87;6.6;907.3;2923.0;5086.1;0.2;2943.0;0;11
50;88;8.2;845.6;2381.0;5847.7;0.1;2943.0;0;11
50;89;6.8;871.0;2862.0;5060.0;0.2;2943.0;0;11
50;90;9.4;695.5;2379.0;5429.3;0.1;2943.0;0;11
50;91;9.4;730.4;2260.0;5715.0;0.1;2943.0;0;11
50;92;5.1;1188.0;3680.0;5324.7;0.2;2943.0;0;11
50;93;9.3;662.3;1980.0;5151.0;0.1;2943.0;0;11
50;94;7.1;737.0;2294.0;4433.1;0.2;2943.0;0;11
50;95;9.6;662.6;2224.0;5280.4;0.1;2943.0;0;11
50;96;11.6;542.7;1733.0;5182.6;0.1;2943.0;0;11
50;97;5.0;1184.2;3778.0;5138.6;0.2;2943.0;0;11
50;98;5.6;1206.4;3563.0;5862.6;0.2;2943.0;0;11
50;99;5.1;1337.1;4439.0;5987.0;0.2;2943.0;0;11
