param;value
filename;./inputData/BrasilNE50n.car
base_seed;1
nRuns;51
iterations;100
antsN;50
stagnation;30
favorites;0
gbPeriod;0
rhoNodes;0.1
rhoCars;0.1
rhoPass;0.1
alphaNodes;1.5
alphaCars;1.5
alphaPass;1.5
betaNodes;1.2
betaCars;1.2
betaPass;1.1
maxMinCars;0
maxMinNodes;0
pBestCars;0
useTBAS;0
sampleCars;1
enforceNoRerent;1
returnFactorCars;0
epsilonEtaCars;1e-06
smGammaCars;0.7
restartTargetCars;mid
exploreCars;0
exploreItersCars;20
exploreRhoMultCars;2
policyQ0;0.1
adaptiveQ0;1
q0Start;0.2
q0End;0.9
eliteKAnts;7
lsTopW;0
lsQuality;High
useReinsertion;0
reinsertionMaxPasses;5
dpCacheCapacity;5000
dpMaxSegmentLenOffset;5
intensifierEnabled;1
intensifierMaxStagnationIterations;3
intensifierResetPheromonesCount;2
intensifierPheromoneReductionGamma;0.3
intensifierArchiveAndResetBest;1
ablationDisableAntDepositsDuringIntensification;0
ablationResetPheromonesOnIntensifierActivation;0
ablationIntensifierOnlyNoAnts;0
ablationIntensifierOnlyRandomInitialTour;0
runSeeds;run0=9176377229071207081,run1=76241568449944305,run2=11569656429252920891,run3=8006770736520076435,run4=10222608011239175760,run5=83674907983555125,run6=16633518659454552880,run7=3348662810425028053,run8=1625020296661546126,run9=8722260422266777814,run10=18422523289718600251,run11=12120595211417451604,run12=11180516292616150398,run13=13235578871255005297,run14=17784125318686945540,run15=15956506419893335137,run16=2899130862535483918,run17=11850605890185619915,run18=13353388233111958045,run19=6644193456908987648,run20=9748498986499756733,run21=9610614758425770644,run22=16467222360164019310,run23=11726302834367551336,run24=8896860786397106362,run25=6737285527070588895,run26=11634350522773239934,run27=7808547232002136844,run28=3287009989320200796,run29=8484872300069380217,run30=8138020970177873692,run31=16735953543485209995,run32=957827445528146549,run33=9178821638437730898,run34=2354512119315649564,run35=10160966691791677292,run36=27474500062045820,run37=7844575079918988844,run38=15524044195614787644,run39=4980590106503615414,run40=3943098024137922559,run41=141425323448007506,run42=16001952662412044218,run43=6069959457317431616,run44=2033442876187297925,run45=7223543130371895193,run46=4350234967155519396,run47=10524526614539617298,run48=3004527168784687515,run49=3975454624479931874,run50=1666912681748276242
stagnationEvents;run0=2,run1=2,run2=1,run3=1,run4=1,run5=2,run6=1,run7=2,run8=2,run9=2,run10=1,run11=2,run12=1,run13=1,run14=2,run15=2,run16=2,run17=1,run18=2,run19=2,run20=1,run21=1,run22=1,run23=2,run24=2,run25=1,run26=1,run27=2,run28=2,run29=1,run30=2,run31=2,run32=1,run33=2,run34=2,run35=1,run36=2,run37=2,run38=2,run39=2,run40=1,run41=1,run42=1,run43=1,run44=2,run45=1,run46=2,run47=2,run48=2,run49=2,run50=1
lkCalls;run0=2,run1=2,run2=1,run3=1,run4=1,run5=2,run6=1,run7=2,run8=2,run9=2,run10=1,run11=2,run12=1,run13=1,run14=2,run15=2,run16=2,run17=1,run18=2,run19=2,run20=1,run21=1,run22=1,run23=2,run24=2,run25=1,run26=1,run27=2,run28=2,run29=1,run30=2,run31=2,run32=1,run33=2,run34=2,run35=1,run36=2,run37=2,run38=2,run39=2,run40=1,run41=1,run42=1,run43=1,run44=2,run45=1,run46=2,run47=2,run48=2,run49=2,run50=1
lkSuccess;run0=0,run1=0,run2=0,run3=0,run4=0,run5=0,run6=0,run7=0,run8=0,run9=0,run10=0,run11=0,run12=0,run13=0,run14=0,run15=0,run16=0,run17=0,run18=0,run19=0,run20=0,run21=0,run22=0,run23=0,run24=0,run25=0,run26=0,run27=0,run28=0,run29=0,run30=0,run31=0,run32=0,run33=0,run34=0,run35=0,run36=0,run37=0,run38=0,run39=0,run40=0,run41=0,run42=0,run43=0,run44=0,run45=0,run46=0,run47=0,run48=0,run49=0,run50=0
tOptCalls;run0=0,run1=0,run2=0,run3=0,run4=0,run5=0,run6=0,run7=0,run8=0,run9=0,run10=0,run11=0,run12=0,run13=0,run14=0,run15=0,run16=0,run17=0,run18=0,run19=0,run20=0,run21=0,run22=0,run23=0,run24=0,run25=0,run26=0,run27=0,run28=0,run29=0,run30=0,run31=0,run32=0,run33=0,run34=0,run35=0,run36=0,run37=0,run38=0,run39=0,run40=0,run41=0,run42=0,run43=0,run44=0,run45=0,run46=0,run47=0,run48=0,run49=0,run50=0
tOptSuccess;run0=0,run1=0,run2=0,run3=0,run4=0,run5=0,run6=0,run7=0,run8=0,run9=0,run10=0,run11=0,run12=0,run13=0,run14=0,run15=0,run16=0,run17=0,run18=0,run19=0,run20=0,run21=0,run22=0,run23=0,run24=0,run25=0,run26=0,run27=0,run28=0,run29=0,run30=0,run31=0,run32=0,run33=0,run34=0,run35=0,run36=0,run37=0,run38=0,run39=0,run40=0,run41=0,run42=0,run43=0,run44=0,run45=0,run46=0,run47=0,run48=0,run49=0,run50=0
kickCalls;run0=2,run1=2,run2=1,run3=1,run4=1,run5=2,run6=1,run7=2,run8=2,run9=2,run10=1,run11=2,run12=1,run13=1,run14=2,run15=2,run16=2,run17=1,run18=2,run19=2,run20=1,run21=1,run22=1,run23=2,run24=2,run25=1,run26=1,run27=2,run28=2,run29=1,run30=2,run31=2,run32=1,run33=2,run34=2,run35=1,run36=2,run37=2,run38=2,run39=2,run40=1,run41=1,run42=1,run43=1,run44=2,run45=1,run46=2,run47=2,run48=2,run49=2,run50=1
kickSuccess;run0=0,run1=0,run2=0,run3=0,run4=0,run5=0,run6=0,run7=0,run8=0,run9=0,run10=0,run11=0,run12=0,run13=0,run14=0,run15=0,run16=0,run17=0,run18=0,run19=0,run20=0,run21=0,run22=0,run23=0,run24=0,run25=0,run26=0,run27=0,run28=0,run29=0,run30=0,run31=0,run32=0,run33=0,run34=0,run35=0,run36=0,run37=0,run38=0,run39=0,run40=0,run41=0,run42=0,run43=0,run44=0,run45=0,run46=0,run47=0,run48=0,run49=0,run50=0
cacheEvalHitRate;run0=45.13%,run1=44.37%,run2=51.09%,run3=51.70%,run4=47.58%,run5=46.07%,run6=52.30%,run7=47.67%,run8=53.15%,run9=50.45%,run10=49.97%,run11=37.23%,run12=54.78%,run13=42.61%,run14=48.34%,run15=51.79%,run16=48.49%,run17=46.09%,run18=44.88%,run19=54.39%,run20=43.25%,run21=47.00%,run22=50.70%,run23=52.85%,run24=51.12%,run25=51.24%,run26=48.09%,run27=47.76%,run28=53.57%,run29=55.78%,run30=64.01%,run31=52.21%,run32=43.34%,run33=42.55%,run34=51.79%,run35=49.15%,run36=57.57%,run37=53.48%,run38=53.90%,run39=53.15%,run40=46.34%,run41=47.55%,run42=53.69%,run43=52.94%,run44=49.64%,run45=54.88%,run46=48.24%,run47=39.38%,run48=53.78%,run49=52.36%,run50=53.91%
cacheReasHitRate;run0=66.90%,run1=65.94%,run2=73.04%,run3=72.87%,run4=66.70%,run5=68.88%,run6=73.81%,run7=69.61%,run8=73.97%,run9=70.07%,run10=71.74%,run11=64.46%,run12=74.00%,run13=66.67%,run14=70.54%,run15=72.65%,run16=69.03%,run17=68.52%,run18=65.90%,run19=74.34%,run20=65.99%,run21=69.37%,run22=72.55%,run23=73.69%,run24=72.47%,run25=71.22%,run26=69.69%,run27=65.94%,run28=74.28%,run29=75.53%,run30=78.04%,run31=72.76%,run32=67.25%,run33=65.56%,run34=73.75%,run35=71.32%,run36=76.73%,run37=74.30%,run38=74.67%,run39=71.64%,run40=68.38%,run41=69.73%,run42=74.23%,run43=74.19%,run44=70.19%,run45=75.00%,run46=69.47%,run47=61.70%,run48=74.37%,run49=68.15%,run50=74.01%
lkSuccessRate;run0=0.00% (cache:45.1%),run1=0.00% (cache:44.4%),run2=0.00% (cache:51.1%),run3=0.00% (cache:51.7%),run4=0.00% (cache:47.6%),run5=0.00% (cache:46.1%),run6=0.00% (cache:52.3%),run7=0.00% (cache:47.7%),run8=0.00% (cache:53.1%),run9=0.00% (cache:50.5%),run10=0.00% (cache:50.0%),run11=0.00% (cache:37.2%),run12=0.00% (cache:54.8%),run13=0.00% (cache:42.6%),run14=0.00% (cache:48.3%),run15=0.00% (cache:51.8%),run16=0.00% (cache:48.5%),run17=0.00% (cache:46.1%),run18=0.00% (cache:44.9%),run19=0.00% (cache:54.4%),run20=0.00% (cache:43.2%),run21=0.00% (cache:47.0%),run22=0.00% (cache:50.7%),run23=0.00% (cache:52.8%),run24=0.00% (cache:51.1%),run25=0.00% (cache:51.2%),run26=0.00% (cache:48.1%),run27=0.00% (cache:47.8%),run28=0.00% (cache:53.6%),run29=0.00% (cache:55.8%),run30=0.00% (cache:64.0%),run31=0.00% (cache:52.2%),run32=0.00% (cache:43.3%),run33=0.00% (cache:42.6%),run34=0.00% (cache:51.8%),run35=0.00% (cache:49.2%),run36=0.00% (cache:57.6%),run37=0.00% (cache:53.5%),run38=0.00% (cache:53.9%),run39=0.00% (cache:53.1%),run40=0.00% (cache:46.3%),run41=0.00% (cache:47.5%),run42=0.00% (cache:53.7%),run43=0.00% (cache:52.9%),run44=0.00% (cache:49.6%),run45=0.00% (cache:54.9%),run46=0.00% (cache:48.2%),run47=0.00% (cache:39.4%),run48=0.00% (cache:53.8%),run49=0.00% (cache:52.4%),run50=0.00% (cache:53.9%)
tOptSuccessRate;run0=N/A,run1=N/A,run2=N/A,run3=N/A,run4=N/A,run5=N/A,run6=N/A,run7=N/A,run8=N/A,run9=N/A,run10=N/A,run11=N/A,run12=N/A,run13=N/A,run14=N/A,run15=N/A,run16=N/A,run17=N/A,run18=N/A,run19=N/A,run20=N/A,run21=N/A,run22=N/A,run23=N/A,run24=N/A,run25=N/A,run26=N/A,run27=N/A,run28=N/A,run29=N/A,run30=N/A,run31=N/A,run32=N/A,run33=N/A,run34=N/A,run35=N/A,run36=N/A,run37=N/A,run38=N/A,run39=N/A,run40=N/A,run41=N/A,run42=N/A,run43=N/A,run44=N/A,run45=N/A,run46=N/A,run47=N/A,run48=N/A,run49=N/A,run50=N/A

run;iter;weibull_k;cost_std;cost_range;cost_mean;cost_cv;global_best;improved;cumul_improvements
0;0;6.4;191.0;448.0;1049.1;0.2;627.0;1;1
0;1;5.2;226.1;539.0;1027.6;0.2;627.0;0;1
0;2;5.6;218.1;512.0;1055.6;0.2;627.0;0;1
0;3;5.3;228.4;558.0;1043.3;0.2;627.0;0;1
0;4;5.5;210.8;488.0;1009.9;0.2;627.0;0;1
0;5;6.0;202.7;486.0;1044.7;0.2;627.0;0;1
0;6;5.7;206.2;522.0;1011.3;0.2;627.0;1;2
0;7;6.4;187.3;494.0;1026.1;0.2;618.0;0;2
0;8;5.9;194.7;484.0;984.1;0.2;618.0;0;2
0;9;5.2;223.7;554.0;1016.7;0.2;618.0;0;2
0;10;5.8;192.2;443.0;968.3;0.2;618.0;0;2
0;11;5.6;193.1;454.0;939.3;0.2;618.0;0;2
0;12;6.1;184.1;422.0;967.9;0.2;618.0;0;2
0;13;6.1;183.0;441.0;962.1;0.2;618.0;0;2
0;14;4.7;224.9;483.0;930.3;0.2;618.0;0;2
0;15;5.8;164.8;391.0;819.7;0.2;618.0;0;2
0;16;4.7;215.1;490.0;879.9;0.2;609.0;1;3
0;17;5.1;195.7;438.0;863.7;0.2;609.0;0;3
0;18;5.7;169.6;359.0;838.3;0.2;609.0;0;3
0;19;6.0;160.3;356.0;826.9;0.2;609.0;0;3
0;20;6.7;136.1;284.0;779.7;0.2;609.0;0;3
0;21;7.4;120.9;267.0;757.9;0.2;609.0;0;3
0;22;7.6;118.9;252.0;767.0;0.2;609.0;0;3
0;23;7.7;114.9;250.0;749.6;0.2;609.0;0;3
0;24;10.5;83.1;190.0;722.7;0.1;609.0;0;3
0;25;10.4;82.2;174.0;710.4;0.1;609.0;0;3
0;26;9.5;90.6;204.0;719.6;0.1;609.0;0;3
0;27;14.4;58.4;140.0;687.0;0.1;609.0;0;3
0;28;21.4;39.0;104.0;670.7;0.1;609.0;0;3
0;29;20.0;41.4;106.0;666.9;0.1;609.0;0;3
0;30;17.2;48.8;124.0;679.4;0.1;609.0;0;3
0;31;23.5;35.2;89.0;666.1;0.1;609.0;0;3
0;32;28.6;28.6;63.0;653.3;0.0;609.0;0;3
0;33;27.1;30.2;66.0;656.0;0.0;609.0;0;3
0;34;26.6;30.7;71.0;653.4;0.0;609.0;0;3
0;35;29.9;27.5;62.0;657.4;0.0;609.0;0;3
0;36;31.2;26.2;63.0;652.7;0.0;609.0;0;3
0;37;46.4;17.3;52.0;636.3;0.0;609.0;0;3
0;38;61.5;13.0;27.0;630.0;0.0;609.0;0;3
0;39;60.0;13.3;34.0;628.0;0.0;609.0;0;3
0;40;64.4;12.4;26.0;629.7;0.0;609.0;0;3
0;41;52.7;15.1;34.0;628.0;0.0;609.0;0;3
0;42;69.0;11.6;24.0;629.0;0.0;609.0;0;3
0;43;57.6;13.8;38.0;628.6;0.0;609.0;0;3
0;44;89.5;8.9;18.0;626.7;0.0;609.0;0;3
0;45;89.5;8.9;18.0;626.7;0.0;609.0;0;3
0;46;89.5;8.9;18.0;626.7;0.0;609.0;0;3
0;47;100.0;6.4;13.0;624.6;0.0;609.0;0;3
0;48;89.5;8.9;18.0;626.7;0.0;609.0;0;3
0;49;100.0;7.4;18.0;625.3;0.0;609.0;0;3
0;50;100.0;4.5;13.0;620.9;0.0;609.0;0;3
0;51;100.0;5.9;13.0;622.7;0.0;609.0;0;3
0;52;100.0;6.3;18.0;621.6;0.0;609.0;0;3
0;53;nan;0.0;0.0;619.0;0.0;609.0;0;3
0;54;nan;0.0;0.0;619.0;0.0;609.0;0;3
0;55;nan;0.0;0.0;619.0;0.0;609.0;0;3
0;56;nan;0.0;0.0;619.0;0.0;609.0;0;3
0;57;nan;0.0;0.0;619.0;0.0;609.0;0;3
0;58;nan;0.0;0.0;619.0;0.0;609.0;0;3
0;59;nan;0.0;0.0;619.0;0.0;609.0;0;3
0;60;nan;0.0;0.0;619.0;0.0;609.0;0;3
0;61;nan;0.0;0.0;619.0;0.0;609.0;0;3
0;62;5.3;171.3;368.0;784.4;0.2;609.0;0;3
0;63;5.5;162.9;348.0;775.6;0.2;609.0;0;3
0;64;6.0;140.3;325.0;727.4;0.2;609.0;0;3
0;65;6.9;119.1;296.0;699.4;0.2;609.0;0;3
0;66;8.1;101.6;243.0;690.4;0.1;609.0;0;3
0;67;7.8;105.1;243.0;691.1;0.2;609.0;0;3
0;68;7.3;112.1;260.0;692.6;0.2;609.0;0;3
0;69;9.6;85.0;193.0;677.7;0.1;609.0;0;3
0;70;12.2;65.0;178.0;653.3;0.1;609.0;0;3
0;71;11.8;67.8;159.0;660.4;0.1;609.0;0;3
0;72;58.4;13.6;35.0;625.3;0.0;609.0;0;3
0;73;54.0;14.7;37.0;627.0;0.0;609.0;0;3
0;74;29.9;26.7;62.0;637.4;0.0;609.0;0;3
0;75;39.0;20.4;60.0;629.7;0.0;609.0;0;3
0;76;92.4;8.6;21.0;624.6;0.0;609.0;0;3
0;77;100.0;7.7;17.0;625.9;0.0;609.0;0;3
0;78;18.8;42.5;102.0;646.0;0.1;609.0;0;3
0;79;95.7;8.3;20.0;625.0;0.0;609.0;0;3
0;80;18.2;43.9;100.0;647.1;0.1;609.0;0;3
0;81;19.0;42.2;94.0;647.7;0.1;609.0;0;3
0;82;17.9;44.7;100.0;647.4;0.1;609.0;0;3
0;83;18.2;43.8;97.0;645.7;0.1;609.0;0;3
0;84;nan;0.0;0.0;618.0;0.0;609.0;0;3
0;85;nan;0.0;0.0;618.0;0.0;609.0;0;3
0;86;nan;0.0;0.0;618.0;0.0;609.0;0;3
0;87;nan;0.0;0.0;618.0;0.0;609.0;0;3
0;88;nan;0.0;0.0;618.0;0.0;609.0;0;3
0;89;nan;0.0;0.0;618.0;0.0;609.0;0;3
0;90;nan;0.0;0.0;618.0;0.0;609.0;0;3
0;91;nan;0.0;0.0;618.0;0.0;609.0;0;3
0;92;nan;0.0;0.0;618.0;0.0;609.0;0;3
0;93;nan;0.0;0.0;618.0;0.0;609.0;0;3
0;94;nan;0.0;0.0;618.0;0.0;609.0;0;3
0;95;nan;0.0;0.0;618.0;0.0;609.0;0;3
0;96;nan;0.0;0.0;618.0;0.0;609.0;0;3
0;97;nan;0.0;0.0;618.0;0.0;609.0;0;3
0;98;nan;0.0;0.0;618.0;0.0;609.0;0;3
0;99;nan;0.0;0.0;618.0;0.0;609.0;0;3
1;0;6.1;207.5;478.0;1079.9;0.2;620.0;1;1
1;1;6.0;196.7;479.0;1017.9;0.2;620.0;0;1
1;2;5.7;221.0;516.0;1093.9;0.2;620.0;0;1
1;3;5.6;217.2;545.0;1052.7;0.2;620.0;0;1
1;4;5.8;200.8;479.0;1001.9;0.2;620.0;0;1
1;5;6.1;198.4;483.0;1043.0;0.2;620.0;0;1
1;6;5.7;204.9;479.0;1005.3;0.2;620.0;0;1
1;7;6.2;197.4;455.0;1051.0;0.2;620.0;0;1
1;8;6.2;188.8;432.0;1006.3;0.2;620.0;0;1
1;9;5.7;209.9;508.0;1036.6;0.2;620.0;0;1
1;10;5.5;209.2;520.0;997.0;0.2;620.0;0;1
1;11;6.0;194.4;455.0;1003.0;0.2;620.0;0;1
1;12;6.0;195.4;455.0;1006.1;0.2;620.0;0;1
1;13;5.6;198.5;478.0;955.1;0.2;620.0;0;1
1;14;5.0;206.6;455.0;904.1;0.2;620.0;0;1
1;15;5.0;207.6;485.0;911.1;0.2;620.0;1;2
1;16;5.0;198.8;424.0;874.9;0.2;620.0;1;3
1;17;5.7;178.2;423.0;879.9;0.2;620.0;0;3
1;18;5.5;179.2;378.0;859.4;0.2;620.0;0;3
1;19;5.1;192.4;424.0;857.0;0.2;620.0;0;3
1;20;5.6;171.4;365.0;827.0;0.2;620.0;0;3
1;21;6.0;156.2;324.0;804.3;0.2;618.0;0;3
1;22;6.7;141.1;312.0;802.0;0.2;618.0;0;3
1;23;8.5;104.6;229.0;748.3;0.1;618.0;0;3
1;24;9.0;98.1;240.0;736.3;0.1;617.0;0;3
1;25;9.6;92.1;210.0;735.9;0.1;617.0;0;3
1;26;10.9;78.8;181.0;709.1;0.1;617.0;0;3
1;27;14.4;58.8;134.0;692.4;0.1;617.0;0;3
1;28;15.8;52.9;116.0;680.1;0.1;617.0;0;3
1;29;15.6;53.6;117.0;680.3;0.1;617.0;0;3
1;30;21.9;38.1;97.0;671.3;0.1;617.0;0;3
1;31;20.6;39.6;89.0;657.3;0.1;608.0;1;4
1;32;24.4;33.4;73.0;655.4;0.1;608.0;0;4
1;33;27.0;30.2;71.0;651.1;0.0;608.0;0;4
1;34;51.2;15.8;41.0;640.0;0.0;608.0;0;4
1;35;32.0;25.3;55.0;645.1;0.0;608.0;0;4
1;36;46.4;17.6;51.0;646.0;0.0;608.0;0;4
1;37;31.6;25.6;53.0;644.9;0.0;608.0;0;4
1;38;35.1;23.1;57.0;644.7;0.0;608.0;0;4
1;39;32.7;24.5;51.0;638.7;0.0;608.0;0;4
1;40;38.6;20.8;49.0;635.7;0.0;608.0;0;4
1;41;34.8;23.1;51.0;638.4;0.0;608.0;0;4
1;42;35.6;22.6;51.0;639.7;0.0;608.0;0;4
1;43;33.6;23.9;50.0;639.4;0.0;608.0;0;4
1;44;32.9;24.4;51.0;638.9;0.0;608.0;0;4
1;45;32.2;24.9;51.0;638.3;0.0;608.0;0;4
1;46;32.5;24.7;53.0;638.6;0.0;608.0;0;4
1;47;95.8;8.3;21.0;624.4;0.0;608.0;0;4
1;48;85.3;9.4;22.0;629.0;0.0;608.0;0;4
1;49;32.9;24.4;51.0;638.9;0.0;608.0;0;4
1;50;95.1;8.4;17.0;628.3;0.0;608.0;0;4
1;51;100.0;7.0;16.0;621.1;0.0;608.0;0;4
1;52;100.0;1.4;4.0;616.6;0.0;608.0;0;4
1;53;nan;0.0;0.0;616.0;0.0;608.0;0;4
1;54;nan;0.0;0.0;616.0;0.0;608.0;0;4
1;55;nan;0.0;0.0;616.0;0.0;608.0;0;4
1;56;nan;0.0;0.0;616.0;0.0;608.0;0;4
1;57;nan;0.0;0.0;616.0;0.0;608.0;0;4
1;58;nan;0.0;0.0;616.0;0.0;608.0;0;4
1;59;nan;0.0;0.0;616.0;0.0;608.0;0;4
1;60;nan;0.0;0.0;616.0;0.0;608.0;0;4
1;61;100.0;0.7;2.0;615.7;0.0;608.0;0;4
1;62;nan;0.0;0.0;616.0;0.0;608.0;0;4
1;63;nan;0.0;0.0;616.0;0.0;608.0;0;4
1;64;nan;0.0;0.0;616.0;0.0;608.0;0;4
1;65;nan;0.0;0.0;616.0;0.0;608.0;0;4
1;66;nan;0.0;0.0;616.0;0.0;608.0;0;4
1;67;nan;0.0;0.0;616.0;0.0;608.0;0;4
1;68;nan;0.0;0.0;616.0;0.0;608.0;0;4
1;69;nan;0.0;0.0;616.0;0.0;608.0;0;4
1;70;nan;0.0;0.0;616.0;0.0;608.0;0;4
1;71;nan;0.0;0.0;616.0;0.0;608.0;0;4
1;72;nan;0.0;0.0;616.0;0.0;608.0;0;4
1;73;nan;0.0;0.0;616.0;0.0;608.0;0;4
1;74;nan;0.0;0.0;616.0;0.0;608.0;0;4
1;75;nan;0.0;0.0;616.0;0.0;608.0;0;4
1;76;nan;0.0;0.0;616.0;0.0;608.0;0;4
1;77;6.9;120.4;277.0;703.3;0.2;608.0;0;4
1;78;6.0;137.0;315.0;710.6;0.2;608.0;0;4
1;79;6.4;129.3;303.0;706.6;0.2;608.0;0;4
1;80;9.2;87.7;199.0;673.3;0.1;608.0;0;4
1;81;8.7;94.9;230.0;691.3;0.1;608.0;0;4
1;82;9.9;81.9;203.0;677.1;0.1;608.0;0;4
1;83;11.6;69.7;165.0;664.3;0.1;608.0;0;4
1;84;10.1;80.0;188.0;669.0;0.1;608.0;0;4
1;85;16.0;49.3;146.0;642.3;0.1;608.0;0;4
1;86;52.4;15.0;43.0;623.1;0.0;608.0;0;4
1;87;51.4;15.3;46.0;622.6;0.0;608.0;0;4
1;88;33.1;23.8;76.0;627.6;0.0;608.0;0;4
1;89;12.6;62.5;181.0;645.7;0.1;608.0;0;4
1;90;18.4;43.1;130.0;642.3;0.1;608.0;0;4
1;91;14.2;55.9;169.0;647.1;0.1;608.0;0;4
1;92;12.5;62.1;182.0;639.1;0.1;608.0;0;4
1;93;40.7;19.6;70.0;633.7;0.0;608.0;0;4
1;94;12.3;62.6;180.0;634.7;0.1;608.0;0;4
1;95;nan;0.0;0.0;608.0;0.0;608.0;0;4
1;96;nan;0.0;0.0;608.0;0.0;608.0;0;4
1;97;nan;0.0;0.0;608.0;0.0;608.0;0;4
1;98;nan;0.0;0.0;608.0;0.0;608.0;0;4
1;99;nan;0.0;0.0;608.0;0.0;608.0;0;4
2;0;6.3;197.6;497.0;1064.0;0.2;611.0;1;1
2;1;5.3;224.5;569.0;1033.9;0.2;611.0;0;1
2;2;5.9;205.3;539.0;1041.0;0.2;611.0;0;1
2;3;5.7;207.4;499.0;1025.4;0.2;611.0;0;1
2;4;6.2;194.6;470.0;1031.1;0.2;611.0;0;1
2;5;6.2;196.4;477.0;1037.7;0.2;611.0;0;1
2;6;6.1;195.9;459.0;1021.0;0.2;611.0;0;1
2;7;6.7;181.0;425.0;1030.9;0.2;611.0;0;1
2;8;6.0;195.6;485.0;1005.6;0.2;611.0;0;1
2;9;6.0;193.7;512.0;1004.9;0.2;611.0;0;1
2;10;6.0;202.3;479.0;1039.1;0.2;611.0;0;1
2;11;5.3;211.9;507.0;982.6;0.2;611.0;0;1
2;12;6.0;189.4;473.0;971.7;0.2;611.0;0;1
2;13;6.1;181.2;459.0;945.0;0.2;611.0;0;1
2;14;4.6;225.8;495.0;913.7;0.2;611.0;0;1
2;15;5.2;194.9;452.0;877.0;0.2;611.0;0;1
2;16;5.5;185.9;414.0;884.1;0.2;611.0;0;1
2;17;5.1;192.2;426.0;856.7;0.2;611.0;0;1
2;18;5.4;177.6;405.0;835.7;0.2;611.0;0;1
2;19;5.8;170.1;378.0;853.0;0.2;611.0;0;1
2;20;5.9;163.8;374.0;829.9;0.2;611.0;0;1
2;21;6.5;143.5;331.0;794.9;0.2;611.0;0;1
2;22;7.2;126.5;273.0;775.4;0.2;611.0;0;1
2;23;7.3;125.2;285.0;773.3;0.2;611.0;0;1
2;24;13.5;62.9;146.0;695.3;0.1;611.0;0;1
2;25;10.7;80.7;183.0;713.7;0.1;611.0;0;1
2;26;10.5;81.7;183.0;709.7;0.1;611.0;0;1
2;27;16.5;51.4;120.0;688.1;0.1;611.0;0;1
2;28;15.0;55.9;138.0;685.9;0.1;611.0;0;1
2;29;18.4;44.6;115.0;662.6;0.1;611.0;0;1
2;30;19.9;41.5;97.0;667.9;0.1;611.0;0;1
2;31;27.4;29.9;69.0;654.3;0.0;611.0;0;1
2;32;44.8;17.8;39.0;632.4;0.0;611.0;0;1
2;33;52.8;15.1;35.0;628.1;0.0;611.0;0;1
2;34;88.9;8.9;18.0;622.3;0.0;611.0;0;1
2;35;88.9;8.9;18.0;622.3;0.0;611.0;0;1
2;36;87.2;9.1;19.0;622.1;0.0;611.0;0;1
2;37;85.6;9.2;19.0;622.0;0.0;611.0;0;1
2;38;87.2;9.1;19.0;622.1;0.0;611.0;0;1
2;39;87.2;9.0;19.0;619.6;0.0;611.0;0;1
2;40;100.0;6.6;19.0;614.3;0.0;611.0;0;1
2;41;100.0;6.6;19.0;613.9;0.0;611.0;0;1
2;42;nan;0.0;0.0;611.0;0.0;611.0;0;1
2;43;nan;0.0;0.0;611.0;0.0;611.0;0;1
2;44;nan;0.0;0.0;611.0;0.0;611.0;0;1
2;45;nan;0.0;0.0;611.0;0.0;611.0;0;1
2;46;nan;0.0;0.0;611.0;0.0;611.0;0;1
2;47;nan;0.0;0.0;611.0;0.0;611.0;0;1
2;48;nan;0.0;0.0;611.0;0.0;611.0;0;1
2;49;nan;0.0;0.0;611.0;0.0;611.0;0;1
2;50;nan;0.0;0.0;611.0;0.0;611.0;0;1
2;51;nan;0.0;0.0;611.0;0.0;611.0;0;1
2;52;nan;0.0;0.0;611.0;0.0;611.0;0;1
2;53;nan;0.0;0.0;611.0;0.0;611.0;0;1
2;54;nan;0.0;0.0;611.0;0.0;611.0;0;1
2;55;nan;0.0;0.0;611.0;0.0;611.0;0;1
2;56;nan;0.0;0.0;611.0;0.0;611.0;0;1
2;57;nan;0.0;0.0;611.0;0.0;611.0;0;1
2;58;nan;0.0;0.0;611.0;0.0;611.0;0;1
2;59;nan;0.0;0.0;611.0;0.0;611.0;0;1
2;60;nan;0.0;0.0;611.0;0.0;611.0;0;1
2;61;nan;0.0;0.0;611.0;0.0;611.0;0;1
2;62;nan;0.0;0.0;611.0;0.0;611.0;0;1
2;63;nan;0.0;0.0;611.0;0.0;611.0;0;1
2;64;nan;0.0;0.0;611.0;0.0;611.0;0;1
2;65;nan;0.0;0.0;611.0;0.0;611.0;0;1
2;66;nan;0.0;0.0;611.0;0.0;611.0;0;1
2;67;nan;0.0;0.0;611.0;0.0;611.0;0;1
2;68;nan;0.0;0.0;611.0;0.0;611.0;0;1
2;69;nan;0.0;0.0;611.0;0.0;611.0;0;1
2;70;nan;0.0;0.0;611.0;0.0;611.0;0;1
2;71;nan;0.0;0.0;611.0;0.0;611.0;0;1
2;72;nan;0.0;0.0;611.0;0.0;611.0;0;1
2;73;nan;0.0;0.0;611.0;0.0;611.0;0;1
2;74;nan;0.0;0.0;611.0;0.0;611.0;0;1
2;75;5.3;160.4;384.0;736.3;0.2;609.0;1;2
2;76;5.8;143.8;332.0;720.0;0.2;609.0;0;2
2;77;6.7;122.2;286.0;702.9;0.2;609.0;0;2
2;78;7.4;110.8;264.0;690.7;0.2;609.0;0;2
2;79;9.4;87.0;204.0;679.6;0.1;609.0;0;2
2;80;8.6;92.9;219.0;672.9;0.1;609.0;0;2
2;81;11.2;71.5;177.0;664.1;0.1;609.0;0;2
2;82;21.1;37.6;92.0;638.9;0.1;609.0;0;2
2;83;23.3;33.9;79.0;633.6;0.1;609.0;0;2
2;84;45.0;17.5;40.0;624.7;0.0;609.0;0;2
2;85;44.9;17.6;40.0;624.6;0.0;609.0;0;2
2;86;nan;0.0;0.0;612.0;0.0;609.0;0;2
2;87;nan;0.0;0.0;612.0;0.0;609.0;0;2
2;88;nan;0.0;0.0;612.0;0.0;609.0;0;2
2;89;nan;0.0;0.0;612.0;0.0;609.0;0;2
2;90;nan;0.0;0.0;612.0;0.0;609.0;0;2
2;91;nan;0.0;0.0;612.0;0.0;609.0;0;2
2;92;nan;0.0;0.0;612.0;0.0;609.0;0;2
2;93;nan;0.0;0.0;612.0;0.0;609.0;0;2
2;94;nan;0.0;0.0;612.0;0.0;609.0;0;2
2;95;nan;0.0;0.0;612.0;0.0;609.0;0;2
2;96;nan;0.0;0.0;612.0;0.0;609.0;0;2
2;97;nan;0.0;0.0;612.0;0.0;609.0;0;2
2;98;nan;0.0;0.0;612.0;0.0;609.0;0;2
2;99;nan;0.0;0.0;612.0;0.0;609.0;0;2
3;0;5.6;213.3;495.0;1025.6;0.2;628.0;1;1
3;1;5.8;215.0;534.0;1068.4;0.2;625.0;1;2
3;2;5.8;214.0;512.0;1068.6;0.2;625.0;0;2
3;3;5.5;223.8;517.0;1062.1;0.2;625.0;0;2
3;4;6.3;197.4;524.0;1067.9;0.2;625.0;0;2
3;5;6.3;192.9;476.0;1041.4;0.2;625.0;0;2
3;6;5.7;202.5;466.0;1000.9;0.2;625.0;0;2
3;7;5.8;203.3;493.0;1009.1;0.2;625.0;0;2
3;8;5.8;207.7;502.0;1034.7;0.2;625.0;0;2
3;9;5.6;198.7;487.0;965.3;0.2;625.0;0;2
3;10;5.7;204.0;490.0;1003.7;0.2;625.0;0;2
3;11;5.4;213.6;511.0;1000.7;0.2;625.0;0;2
3;12;6.5;176.9;426.0;985.7;0.2;625.0;0;2
3;13;6.4;181.0;467.0;989.1;0.2;625.0;0;2
3;14;4.8;225.1;491.0;942.7;0.2;625.0;0;2
3;15;5.0;205.6;459.0;889.4;0.2;625.0;0;2
3;16;5.2;201.8;453.0;906.0;0.2;625.0;0;2
3;17;5.2;189.7;423.0;854.7;0.2;620.0;1;3
3;18;5.9;159.2;359.0;814.6;0.2;620.0;0;3
3;19;6.6;141.3;321.0;796.4;0.2;620.0;0;3
3;20;5.6;167.8;377.0;815.3;0.2;618.0;1;4
3;21;5.7;169.5;364.0;829.9;0.2;618.0;0;4
3;22;7.6;117.8;255.0;759.9;0.2;616.0;1;5
3;23;8.0;110.8;253.0;744.9;0.1;616.0;0;5
3;24;10.2;84.4;202.0;716.7;0.1;612.0;1;6
3;25;9.4;93.6;206.0;732.0;0.1;612.0;0;6
3;26;14.0;60.6;137.0;692.4;0.1;612.0;0;6
3;27;19.8;41.9;98.0;670.3;0.1;612.0;0;6
3;28;13.8;60.8;162.0;685.9;0.1;612.0;0;6
3;29;19.6;42.1;97.0;667.4;0.1;612.0;0;6
3;30;22.5;36.5;83.0;660.3;0.1;612.0;0;6
3;31;25.7;31.8;77.0;654.7;0.0;611.0;1;7
3;32;31.8;25.5;56.0;646.7;0.0;611.0;0;7
3;33;34.4;23.7;58.0;648.6;0.0;611.0;0;7
3;34;33.6;24.1;57.0;645.4;0.0;611.0;0;7
3;35;44.8;17.9;44.0;634.3;0.0;611.0;0;7
3;36;63.3;12.5;34.0;622.9;0.0;611.0;0;7
3;37;53.7;14.8;31.0;628.0;0.0;611.0;0;7
3;38;nan;0.0;0.0;611.0;0.0;611.0;0;7
3;39;nan;0.0;0.0;611.0;0.0;611.0;0;7
3;40;nan;0.0;0.0;611.0;0.0;611.0;0;7
3;41;nan;0.0;0.0;611.0;0.0;611.0;0;7
3;42;nan;0.0;0.0;611.0;0.0;611.0;0;7
3;43;nan;0.0;0.0;611.0;0.0;611.0;0;7
3;44;nan;0.0;0.0;611.0;0.0;611.0;0;7
3;45;nan;0.0;0.0;611.0;0.0;611.0;0;7
3;46;nan;0.0;0.0;611.0;0.0;611.0;0;7
3;47;nan;0.0;0.0;611.0;0.0;611.0;0;7
3;48;nan;0.0;0.0;611.0;0.0;611.0;0;7
3;49;nan;0.0;0.0;611.0;0.0;611.0;0;7
3;50;nan;0.0;0.0;611.0;0.0;611.0;0;7
3;51;nan;0.0;0.0;611.0;0.0;611.0;0;7
3;52;nan;0.0;0.0;611.0;0.0;611.0;0;7
3;53;nan;0.0;0.0;611.0;0.0;611.0;0;7
3;54;nan;0.0;0.0;611.0;0.0;611.0;0;7
3;55;nan;0.0;0.0;611.0;0.0;611.0;0;7
3;56;nan;0.0;0.0;611.0;0.0;611.0;0;7
3;57;nan;0.0;0.0;611.0;0.0;611.0;0;7
3;58;nan;0.0;0.0;611.0;0.0;611.0;0;7
3;59;nan;0.0;0.0;611.0;0.0;611.0;0;7
3;60;nan;0.0;0.0;611.0;0.0;611.0;0;7
3;61;nan;0.0;0.0;611.0;0.0;611.0;0;7
3;62;nan;0.0;0.0;611.0;0.0;611.0;0;7
3;63;nan;0.0;0.0;611.0;0.0;611.0;0;7
3;64;nan;0.0;0.0;611.0;0.0;611.0;0;7
3;65;nan;0.0;0.0;611.0;0.0;611.0;0;7
3;66;nan;0.0;0.0;611.0;0.0;611.0;0;7
3;67;nan;0.0;0.0;611.0;0.0;611.0;0;7
3;68;nan;0.0;0.0;611.0;0.0;611.0;0;7
3;69;nan;0.0;0.0;611.0;0.0;611.0;0;7
3;70;nan;0.0;0.0;611.0;0.0;611.0;0;7
3;71;nan;0.0;0.0;611.0;0.0;611.0;0;7
3;72;nan;0.0;0.0;611.0;0.0;611.0;0;7
3;73;nan;0.0;0.0;611.0;0.0;611.0;0;7
3;74;nan;0.0;0.0;611.0;0.0;611.0;0;7
3;75;nan;0.0;0.0;611.0;0.0;611.0;0;7
3;76;nan;0.0;0.0;611.0;0.0;611.0;0;7
3;77;7.7;106.9;250.0;692.0;0.2;611.0;0;7
3;78;7.1;116.1;275.0;696.3;0.2;611.0;0;7
3;79;7.0;119.3;279.0;706.3;0.2;611.0;0;7
3;80;9.3;87.3;212.0;679.4;0.1;608.0;1;8
3;81;9.0;89.3;208.0;673.3;0.1;608.0;0;8
3;82;10.8;74.1;170.0;660.0;0.1;608.0;0;8
3;83;16.5;47.8;109.0;641.6;0.1;608.0;0;8
3;84;35.7;22.0;60.0;623.0;0.0;608.0;0;8
3;85;nan;0.0;0.0;610.0;0.0;608.0;0;8
3;86;nan;0.0;0.0;610.0;0.0;608.0;0;8
3;87;nan;0.0;0.0;610.0;0.0;608.0;0;8
3;88;nan;0.0;0.0;610.0;0.0;608.0;0;8
3;89;nan;0.0;0.0;610.0;0.0;608.0;0;8
3;90;nan;0.0;0.0;610.0;0.0;608.0;0;8
3;91;nan;0.0;0.0;610.0;0.0;608.0;0;8
3;92;nan;0.0;0.0;610.0;0.0;608.0;0;8
3;93;nan;0.0;0.0;610.0;0.0;608.0;0;8
3;94;nan;0.0;0.0;610.0;0.0;608.0;0;8
3;95;nan;0.0;0.0;610.0;0.0;608.0;0;8
3;96;nan;0.0;0.0;610.0;0.0;608.0;0;8
3;97;nan;0.0;0.0;610.0;0.0;608.0;0;8
3;98;nan;0.0;0.0;610.0;0.0;608.0;0;8
3;99;nan;0.0;0.0;610.0;0.0;608.0;0;8
4;0;6.0;203.2;495.0;1054.4;0.2;630.0;1;1
4;1;5.6;220.3;514.0;1066.4;0.2;630.0;0;1
4;2;5.8;212.7;510.0;1063.3;0.2;630.0;0;1
4;3;6.3;198.8;483.0;1079.7;0.2;630.0;0;1
4;4;5.7;210.1;514.0;1026.9;0.2;630.0;0;1
4;5;5.9;209.5;564.0;1058.1;0.2;630.0;0;1
4;6;6.2;194.9;473.0;1041.9;0.2;630.0;0;1
4;7;6.4;187.6;441.0;1029.1;0.2;630.0;0;1
4;8;5.5;218.3;571.0;1041.1;0.2;614.0;1;2
4;9;6.3;177.1;446.0;962.7;0.2;613.0;1;3
4;10;5.8;199.2;471.0;1002.6;0.2;613.0;0;3
4;11;6.4;182.5;420.0;1002.6;0.2;613.0;0;3
4;12;5.7;202.2;501.0;993.0;0.2;613.0;0;3
4;13;6.1;189.5;479.0;990.1;0.2;613.0;0;3
4;14;5.6;183.8;430.0;882.9;0.2;613.0;0;3
4;15;4.9;201.1;455.0;868.3;0.2;613.0;0;3
4;16;5.1;192.0;420.0;860.3;0.2;613.0;0;3
4;17;5.5;179.2;423.0;852.3;0.2;613.0;0;3
4;18;5.6;172.4;372.0;829.9;0.2;613.0;0;3
4;19;5.9;164.2;346.0;835.3;0.2;613.0;0;3
4;20;6.0;155.3;339.0;807.0;0.2;613.0;0;3
4;21;6.4;143.9;306.0;792.9;0.2;613.0;0;3
4;22;7.4;123.3;281.0;774.3;0.2;611.0;1;4
4;23;7.7;116.3;271.0;759.6;0.2;611.0;0;4
4;24;8.1;110.6;258.0;757.0;0.1;611.0;0;4
4;25;10.7;82.3;186.0;726.6;0.1;611.0;0;4
4;26;10.3;84.3;194.0;718.7;0.1;611.0;0;4
4;27;12.9;66.7;168.0;705.7;0.1;611.0;0;4
4;28;10.1;85.6;215.0;721.1;0.1;611.0;0;4
4;29;19.7;42.1;112.0;670.6;0.1;610.0;1;5
4;30;11.3;74.9;173.0;700.7;0.1;610.0;0;5
4;31;17.6;46.5;125.0;664.3;0.1;610.0;0;5
4;32;16.8;49.6;130.0;675.1;0.1;610.0;0;5
4;33;17.4;47.5;109.0;668.9;0.1;610.0;0;5
4;34;14.0;59.6;142.0;682.1;0.1;610.0;0;5
4;35;19.1;43.0;107.0;665.3;0.1;610.0;0;5
4;36;26.8;30.3;75.0;649.3;0.0;610.0;0;5
4;37;33.1;24.5;63.0;645.6;0.0;610.0;0;5
4;38;36.2;22.1;51.0;638.0;0.0;610.0;0;5
4;39;50.9;15.5;38.0;622.9;0.0;609.0;1;6
4;40;42.5;18.5;43.0;624.9;0.0;609.0;0;6
4;41;100.0;2.1;6.0;610.4;0.0;609.0;0;6
4;42;nan;0.0;0.0;609.0;0.0;609.0;0;6
4;43;nan;0.0;0.0;609.0;0.0;609.0;0;6
4;44;nan;0.0;0.0;609.0;0.0;609.0;0;6
4;45;nan;0.0;0.0;609.0;0.0;609.0;0;6
4;46;nan;0.0;0.0;609.0;0.0;609.0;0;6
4;47;nan;0.0;0.0;609.0;0.0;609.0;0;6
4;48;nan;0.0;0.0;609.0;0.0;609.0;0;6
4;49;nan;0.0;0.0;609.0;0.0;609.0;0;6
4;50;nan;0.0;0.0;609.0;0.0;609.0;0;6
4;51;nan;0.0;0.0;609.0;0.0;609.0;0;6
4;52;nan;0.0;0.0;609.0;0.0;609.0;0;6
4;53;nan;0.0;0.0;609.0;0.0;609.0;0;6
4;54;nan;0.0;0.0;609.0;0.0;609.0;0;6
4;55;nan;0.0;0.0;609.0;0.0;609.0;0;6
4;56;nan;0.0;0.0;609.0;0.0;609.0;0;6
4;57;nan;0.0;0.0;609.0;0.0;609.0;0;6
4;58;nan;0.0;0.0;609.0;0.0;609.0;0;6
4;59;nan;0.0;0.0;609.0;0.0;609.0;0;6
4;60;nan;0.0;0.0;609.0;0.0;609.0;0;6
4;61;nan;0.0;0.0;609.0;0.0;609.0;0;6
4;62;nan;0.0;0.0;609.0;0.0;609.0;0;6
4;63;nan;0.0;0.0;609.0;0.0;609.0;0;6
4;64;nan;0.0;0.0;609.0;0.0;609.0;0;6
4;65;nan;0.0;0.0;609.0;0.0;609.0;0;6
4;66;nan;0.0;0.0;609.0;0.0;609.0;0;6
4;67;nan;0.0;0.0;609.0;0.0;609.0;0;6
4;68;nan;0.0;0.0;609.0;0.0;609.0;0;6
4;69;nan;0.0;0.0;609.0;0.0;609.0;0;6
4;70;nan;0.0;0.0;609.0;0.0;609.0;0;6
4;71;nan;0.0;0.0;609.0;0.0;609.0;0;6
4;72;nan;0.0;0.0;609.0;0.0;609.0;0;6
4;73;nan;0.0;0.0;609.0;0.0;609.0;0;6
4;74;nan;0.0;0.0;609.0;0.0;609.0;0;6
4;75;nan;0.0;0.0;609.0;0.0;609.0;0;6
4;76;nan;0.0;0.0;609.0;0.0;609.0;0;6
4;77;nan;0.0;0.0;609.0;0.0;609.0;0;6
4;78;nan;0.0;0.0;609.0;0.0;609.0;0;6
4;79;nan;0.0;0.0;609.0;0.0;609.0;0;6
4;80;nan;0.0;0.0;609.0;0.0;609.0;0;6
4;81;nan;0.0;0.0;609.0;0.0;609.0;0;6
4;82;nan;0.0;0.0;609.0;0.0;609.0;0;6
4;83;nan;0.0;0.0;609.0;0.0;609.0;0;6
4;84;nan;0.0;0.0;609.0;0.0;609.0;0;6
4;85;5.6;148.8;347.0;722.1;0.2;609.0;0;6
4;86;8.0;102.0;235.0;689.9;0.1;609.0;0;6
4;87;6.4;129.8;324.0;712.6;0.2;609.0;0;6
4;88;7.5;109.0;256.0;695.6;0.2;609.0;0;6
4;89;11.9;65.0;187.0;635.9;0.1;608.0;1;7
4;90;14.1;55.1;161.0;636.9;0.1;608.0;0;7
4;91;7.8;100.9;295.0;665.1;0.2;608.0;0;7
4;92;7.4;107.2;318.0;672.0;0.2;608.0;0;7
4;93;8.8;90.1;271.0;663.1;0.1;608.0;0;7
4;94;15.9;49.1;147.0;636.7;0.1;608.0;0;7
4;95;13.6;58.2;178.0;645.7;0.1;608.0;0;7
4;96;15.6;50.1;148.0;636.3;0.1;608.0;0;7
4;97;17.2;45.4;132.0;631.0;0.1;608.0;0;7
4;98;12.5;62.1;179.0;636.0;0.1;608.0;0;7
4;99;13.2;58.6;170.0;635.7;0.1;608.0;0;7
5;0;5.6;209.4;507.0;1008.7;0.2;645.0;1;1
5;1;6.0;201.7;512.0;1040.4;0.2;645.0;0;1
5;2;5.5;214.8;530.0;1015.7;0.2;629.0;1;2
5;3;5.6;210.2;503.0;1014.0;0.2;629.0;0;2
5;4;6.4;194.3;482.0;1060.9;0.2;629.0;0;2
5;5;6.2;200.0;477.0;1063.6;0.2;629.0;0;2
5;6;6.1;191.7;479.0;997.9;0.2;629.0;0;2
5;7;5.4;216.4;532.0;1018.6;0.2;629.0;0;2
5;8;6.0;194.7;487.0;998.4;0.2;629.0;0;2
5;9;5.7;207.5;492.0;1016.3;0.2;629.0;0;2
5;10;5.7;192.3;494.0;946.4;0.2;629.0;0;2
5;11;7.6;157.8;385.0;1014.0;0.2;629.0;0;2
5;12;5.7;202.1;498.0;994.4;0.2;629.0;1;3
5;13;6.6;174.9;433.0;990.4;0.2;629.0;1;4
5;14;5.1;206.3;454.0;909.9;0.2;629.0;0;4
5;15;4.9;211.7;465.0;914.9;0.2;629.0;0;4
5;16;4.9;203.7;448.0;874.3;0.2;611.0;1;5
5;17;5.2;185.4;431.0;845.9;0.2;611.0;0;5
5;18;5.5;181.8;387.0;870.0;0.2;611.0;0;5
5;19;5.4;185.9;409.0;871.9;0.2;611.0;0;5
5;20;6.1;159.6;350.0;835.1;0.2;611.0;0;5
5;21;6.2;149.6;328.0;801.6;0.2;611.0;0;5
5;22;8.0;111.3;261.0;749.4;0.1;611.0;0;5
5;23;9.4;92.8;208.0;729.3;0.1;611.0;0;5
5;24;11.6;74.0;187.0;706.1;0.1;611.0;0;5
5;25;12.2;69.9;151.0;701.4;0.1;611.0;0;5
5;26;9.0;96.7;216.0;730.7;0.1;611.0;0;5
5;27;16.2;51.8;123.0;681.3;0.1;611.0;0;5
5;28;24.3;33.8;86.0;659.4;0.1;611.0;0;5
5;29;50.0;16.1;40.0;637.9;0.0;611.0;0;5
5;30;32.0;25.3;72.0;645.4;0.0;611.0;0;5
5;31;38.1;21.3;57.0;643.4;0.0;611.0;0;5
5;32;60.5;13.3;34.0;634.0;0.0;611.0;0;5
5;33;100.0;5.9;14.0;627.0;0.0;611.0;0;5
5;34;85.9;9.3;23.0;630.3;0.0;611.0;0;5
5;35;100.0;5.3;11.0;626.4;0.0;611.0;0;5
5;36;100.0;5.2;11.0;626.6;0.0;611.0;0;5
5;37;100.0;5.4;11.0;626.3;0.0;611.0;0;5
5;38;100.0;4.7;11.0;623.9;0.0;611.0;0;5
5;39;nan;0.0;0.0;620.0;0.0;611.0;0;5
5;40;nan;0.0;0.0;620.0;0.0;611.0;0;5
5;41;100.0;5.4;11.0;624.7;0.0;611.0;0;5
5;42;nan;0.0;0.0;620.0;0.0;611.0;0;5
5;43;nan;0.0;0.0;620.0;0.0;611.0;0;5
5;44;nan;0.0;0.0;620.0;0.0;611.0;0;5
5;45;nan;0.0;0.0;620.0;0.0;611.0;0;5
5;46;nan;0.0;0.0;620.0;0.0;611.0;0;5
5;47;nan;0.0;0.0;620.0;0.0;611.0;0;5
5;48;nan;0.0;0.0;620.0;0.0;611.0;0;5
5;49;nan;0.0;0.0;620.0;0.0;611.0;0;5
5;50;nan;0.0;0.0;620.0;0.0;611.0;0;5
5;51;nan;0.0;0.0;620.0;0.0;611.0;0;5
5;52;nan;0.0;0.0;620.0;0.0;611.0;0;5
5;53;nan;0.0;0.0;620.0;0.0;611.0;0;5
5;54;nan;0.0;0.0;620.0;0.0;611.0;0;5
5;55;nan;0.0;0.0;620.0;0.0;611.0;0;5
5;56;nan;0.0;0.0;620.0;0.0;611.0;0;5
5;57;nan;0.0;0.0;620.0;0.0;611.0;0;5
5;58;nan;0.0;0.0;620.0;0.0;611.0;0;5
5;59;nan;0.0;0.0;620.0;0.0;611.0;0;5
5;60;nan;0.0;0.0;620.0;0.0;611.0;0;5
5;61;nan;0.0;0.0;620.0;0.0;611.0;0;5
5;62;5.0;183.7;406.0;808.7;0.2;611.0;0;5
5;63;5.3;166.9;363.0;771.1;0.2;611.0;0;5
5;64;6.4;130.6;299.0;714.7;0.2;611.0;0;5
5;65;6.4;129.7;300.0;714.9;0.2;611.0;0;5
5;66;7.8;107.4;255.0;703.4;0.2;611.0;0;5
5;67;8.6;95.1;222.0;685.1;0.1;611.0;0;5
5;68;8.0;102.2;233.0;688.6;0.1;611.0;0;5
5;69;10.9;74.9;176.0;673.4;0.1;611.0;0;5
5;70;10.5;77.8;182.0;675.7;0.1;611.0;0;5
5;71;13.8;57.7;151.0;652.6;0.1;611.0;0;5
5;72;11.4;71.2;166.0;669.6;0.1;611.0;0;5
5;73;10.7;75.7;175.0;671.4;0.1;611.0;0;5
5;74;13.8;59.1;140.0;668.1;0.1;611.0;0;5
5;75;20.1;39.7;105.0;644.1;0.1;611.0;0;5
5;76;97.4;8.2;21.0;630.4;0.0;611.0;0;5
5;77;nan;0.0;0.0;627.0;0.0;611.0;0;5
5;78;nan;0.0;0.0;627.0;0.0;611.0;0;5
5;79;nan;0.0;0.0;627.0;0.0;611.0;0;5
5;80;nan;0.0;0.0;627.0;0.0;611.0;0;5
5;81;nan;0.0;0.0;627.0;0.0;611.0;0;5
5;82;nan;0.0;0.0;627.0;0.0;611.0;0;5
5;83;nan;0.0;0.0;627.0;0.0;611.0;0;5
5;84;nan;0.0;0.0;627.0;0.0;611.0;0;5
5;85;nan;0.0;0.0;627.0;0.0;611.0;0;5
5;86;nan;0.0;0.0;627.0;0.0;611.0;0;5
5;87;nan;0.0;0.0;627.0;0.0;611.0;0;5
5;88;nan;0.0;0.0;627.0;0.0;611.0;0;5
5;89;nan;0.0;0.0;627.0;0.0;611.0;0;5
5;90;nan;0.0;0.0;627.0;0.0;611.0;0;5
5;91;nan;0.0;0.0;627.0;0.0;611.0;0;5
5;92;nan;0.0;0.0;627.0;0.0;611.0;0;5
5;93;nan;0.0;0.0;627.0;0.0;611.0;0;5
5;94;nan;0.0;0.0;627.0;0.0;611.0;0;5
5;95;nan;0.0;0.0;627.0;0.0;611.0;0;5
5;96;nan;0.0;0.0;627.0;0.0;611.0;0;5
5;97;nan;0.0;0.0;627.0;0.0;611.0;0;5
5;98;nan;0.0;0.0;627.0;0.0;611.0;0;5
5;99;nan;0.0;0.0;627.0;0.0;611.0;0;5
6;0;6.0;200.9;472.0;1035.3;0.2;625.0;1;1
6;1;5.5;218.6;509.0;1043.9;0.2;621.0;1;2
6;2;6.7;186.7;475.0;1062.1;0.2;621.0;0;2
6;3;6.3;193.7;458.0;1051.9;0.2;621.0;0;2
6;4;5.4;220.8;540.0;1031.3;0.2;621.0;0;2
6;5;5.7;204.2;498.0;1002.7;0.2;621.0;0;2
6;6;5.4;219.9;544.0;1029.4;0.2;621.0;0;2
6;7;5.5;211.1;494.0;1010.9;0.2;621.0;0;2
6;8;6.7;177.1;439.0;1017.6;0.2;621.0;0;2
6;9;6.0;194.9;463.0;1008.9;0.2;621.0;0;2
6;10;6.2;187.9;464.0;1002.6;0.2;621.0;0;2
6;11;5.7;204.4;473.0;1013.3;0.2;621.0;0;2
6;12;5.8;199.0;477.0;1003.0;0.2;621.0;0;2
6;13;5.7;198.1;495.0;974.1;0.2;621.0;0;2
6;14;5.1;201.2;450.0;889.3;0.2;621.0;0;2
6;15;4.8;211.4;446.0;883.0;0.2;621.0;0;2
6;16;5.1;199.3;425.0;880.9;0.2;621.0;0;2
6;17;5.5;177.1;389.0;850.4;0.2;621.0;0;2
6;18;5.1;190.7;425.0;852.1;0.2;621.0;0;2
6;19;5.8;166.1;367.0;828.0;0.2;621.0;0;2
6;20;7.0;132.3;296.0;788.0;0.2;621.0;1;3
6;21;6.4;146.2;330.0;795.3;0.2;621.0;0;3
6;22;7.9;115.3;259.0;767.9;0.2;621.0;0;3
6;23;8.6;105.1;237.0;757.4;0.1;620.0;0;3
6;24;7.3;123.9;270.0;767.0;0.2;616.0;1;4
6;25;9.1;96.2;246.0;735.0;0.1;616.0;0;4
6;26;11.4;75.8;173.0;715.4;0.1;616.0;0;4
6;27;12.6;67.6;166.0;697.4;0.1;612.0;1;5
6;28;12.0;71.1;159.0;700.1;0.1;612.0;0;5
6;29;22.5;36.9;83.0;666.3;0.1;612.0;0;5
6;30;18.5;44.6;109.0;669.0;0.1;612.0;0;5
6;31;38.2;21.2;52.0;642.0;0.0;612.0;0;5
6;32;27.9;29.4;72.0;655.1;0.0;612.0;0;5
6;33;60.6;13.1;32.0;627.9;0.0;610.0;1;6
6;34;66.7;11.8;34.0;621.3;0.0;610.0;0;6
6;35;42.1;18.9;45.0;631.4;0.0;610.0;0;6
6;36;59.0;13.4;32.0;625.1;0.0;610.0;0;6
6;37;nan;0.0;0.0;610.0;0.0;610.0;0;6
6;38;nan;0.0;0.0;610.0;0.0;610.0;0;6
6;39;nan;0.0;0.0;610.0;0.0;610.0;0;6
6;40;nan;0.0;0.0;610.0;0.0;610.0;0;6
6;41;nan;0.0;0.0;610.0;0.0;610.0;0;6
6;42;nan;0.0;0.0;610.0;0.0;610.0;0;6
6;43;nan;0.0;0.0;610.0;0.0;610.0;0;6
6;44;nan;0.0;0.0;610.0;0.0;610.0;0;6
6;45;nan;0.0;0.0;610.0;0.0;610.0;0;6
6;46;nan;0.0;0.0;610.0;0.0;610.0;0;6
6;47;nan;0.0;0.0;610.0;0.0;610.0;0;6
6;48;nan;0.0;0.0;610.0;0.0;610.0;0;6
6;49;nan;0.0;0.0;610.0;0.0;610.0;0;6
6;50;nan;0.0;0.0;610.0;0.0;610.0;0;6
6;51;nan;0.0;0.0;610.0;0.0;610.0;0;6
6;52;nan;0.0;0.0;610.0;0.0;610.0;0;6
6;53;nan;0.0;0.0;610.0;0.0;610.0;0;6
6;54;nan;0.0;0.0;610.0;0.0;610.0;0;6
6;55;nan;0.0;0.0;610.0;0.0;610.0;0;6
6;56;nan;0.0;0.0;610.0;0.0;610.0;0;6
6;57;nan;0.0;0.0;610.0;0.0;610.0;0;6
6;58;nan;0.0;0.0;610.0;0.0;610.0;0;6
6;59;nan;0.0;0.0;610.0;0.0;610.0;0;6
6;60;nan;0.0;0.0;610.0;0.0;610.0;0;6
6;61;nan;0.0;0.0;610.0;0.0;610.0;0;6
6;62;nan;0.0;0.0;610.0;0.0;610.0;0;6
6;63;nan;0.0;0.0;610.0;0.0;610.0;0;6
6;64;nan;0.0;0.0;610.0;0.0;610.0;0;6
6;65;nan;0.0;0.0;610.0;0.0;610.0;0;6
6;66;nan;0.0;0.0;610.0;0.0;610.0;0;6
6;67;nan;0.0;0.0;610.0;0.0;610.0;0;6
6;68;nan;0.0;0.0;610.0;0.0;610.0;0;6
6;69;nan;0.0;0.0;610.0;0.0;610.0;0;6
6;70;nan;0.0;0.0;610.0;0.0;610.0;0;6
6;71;nan;0.0;0.0;610.0;0.0;610.0;0;6
6;72;nan;0.0;0.0;610.0;0.0;610.0;0;6
6;73;nan;0.0;0.0;610.0;0.0;610.0;0;6
6;74;nan;0.0;0.0;610.0;0.0;610.0;0;6
6;75;nan;0.0;0.0;610.0;0.0;610.0;0;6
6;76;nan;0.0;0.0;610.0;0.0;610.0;0;6
6;77;nan;0.0;0.0;610.0;0.0;610.0;0;6
6;78;nan;0.0;0.0;610.0;0.0;610.0;0;6
6;79;6.7;123.1;294.0;704.7;0.2;610.0;0;6
6;80;8.9;91.6;214.0;680.6;0.1;610.0;0;6
6;81;9.1;88.6;208.0;673.4;0.1;610.0;0;6
6;82;9.3;86.8;204.0;673.1;0.1;609.0;1;7
6;83;10.3;78.6;185.0;670.0;0.1;609.0;0;7
6;84;13.5;59.5;142.0;655.0;0.1;609.0;0;7
6;85;15.4;51.2;131.0;641.9;0.1;609.0;0;7
6;86;nan;0.0;0.0;610.0;0.0;609.0;0;7
6;87;nan;0.0;0.0;610.0;0.0;609.0;0;7
6;88;nan;0.0;0.0;610.0;0.0;609.0;0;7
6;89;nan;0.0;0.0;610.0;0.0;609.0;0;7
6;90;nan;0.0;0.0;610.0;0.0;609.0;0;7
6;91;nan;0.0;0.0;610.0;0.0;609.0;0;7
6;92;nan;0.0;0.0;610.0;0.0;609.0;0;7
6;93;nan;0.0;0.0;610.0;0.0;609.0;0;7
6;94;nan;0.0;0.0;610.0;0.0;609.0;0;7
6;95;nan;0.0;0.0;610.0;0.0;609.0;0;7
6;96;nan;0.0;0.0;610.0;0.0;609.0;0;7
6;97;nan;0.0;0.0;610.0;0.0;609.0;0;7
6;98;nan;0.0;0.0;610.0;0.0;609.0;0;7
6;99;nan;0.0;0.0;610.0;0.0;609.0;0;7
7;0;5.7;213.3;522.0;1052.0;0.2;618.0;1;1
7;1;6.2;203.1;464.0;1078.9;0.2;618.0;0;1
7;2;6.5;188.9;451.0;1048.6;0.2;618.0;0;1
7;3;5.2;225.5;516.0;1026.9;0.2;618.0;0;1
7;4;5.6;206.2;496.0;1004.9;0.2;618.0;0;1
7;5;6.0;203.7;479.0;1050.4;0.2;618.0;0;1
7;6;6.4;184.0;452.0;1001.1;0.2;618.0;0;1
7;7;6.4;188.0;446.0;1029.9;0.2;618.0;0;1
7;8;5.8;208.8;508.0;1047.4;0.2;618.0;0;1
7;9;6.0;189.2;448.0;981.4;0.2;618.0;0;1
7;10;5.9;190.4;445.0;967.0;0.2;618.0;0;1
7;11;5.6;210.3;514.0;1012.1;0.2;618.0;0;1
7;12;5.8;193.8;479.0;964.9;0.2;618.0;0;1
7;13;6.2;184.3;457.0;974.4;0.2;618.0;0;1
7;14;4.9;207.3;438.0;894.9;0.2;618.0;0;1
7;15;6.0;164.9;362.0;850.0;0.2;618.0;0;1
7;16;5.2;192.2;432.0;871.3;0.2;618.0;0;1
7;17;5.6;173.5;371.0;839.6;0.2;618.0;0;1
7;18;6.0;157.5;368.0;811.1;0.2;618.0;0;1
7;19;5.5;175.1;386.0;831.6;0.2;618.0;0;1
7;20;6.0;158.8;360.0;816.3;0.2;618.0;0;1
7;21;7.3;124.0;268.0;770.6;0.2;617.0;1;2
7;22;6.3;145.6;322.0;788.6;0.2;613.0;1;3
7;23;8.8;100.1;234.0;736.1;0.1;613.0;0;3
7;24;8.3;108.7;243.0;759.7;0.1;613.0;0;3
7;25;10.7;80.7;186.0;717.0;0.1;613.0;0;3
7;26;9.6;91.0;204.0;731.3;0.1;613.0;0;3
7;27;11.9;71.8;191.0;700.9;0.1;613.0;0;3
7;28;12.6;68.3;152.0;708.1;0.1;613.0;0;3
7;29;15.4;54.3;122.0;683.4;0.1;613.0;0;3
7;30;13.2;64.8;151.0;698.7;0.1;613.0;0;3
7;31;13.2;63.7;136.0;691.7;0.1;613.0;0;3
7;32;24.3;34.1;81.0;663.3;0.1;613.0;0;3
7;33;25.1;32.8;94.0;660.6;0.0;613.0;0;3
7;34;26.0;31.5;80.0;656.4;0.0;611.0;1;4
7;35;31.8;25.7;58.0;651.9;0.0;611.0;0;4
7;36;44.7;18.3;48.0;648.4;0.0;611.0;0;4
7;37;30.3;27.1;65.0;653.9;0.0;611.0;0;4
7;38;36.6;22.1;53.0;644.3;0.0;611.0;0;4
7;39;100.0;4.6;11.0;624.4;0.0;611.0;0;4
7;40;100.0;2.8;6.0;622.4;0.0;611.0;0;4
7;41;100.0;2.6;6.0;622.0;0.0;611.0;0;4
7;42;100.0;1.8;5.0;621.0;0.0;611.0;0;4
7;43;100.0;3.0;6.0;622.6;0.0;611.0;0;4
7;44;nan;0.0;0.0;620.0;0.0;611.0;0;4
7;45;nan;0.0;0.0;620.0;0.0;611.0;0;4
7;46;nan;0.0;0.0;620.0;0.0;611.0;0;4
7;47;nan;0.0;0.0;620.0;0.0;611.0;0;4
7;48;nan;0.0;0.0;620.0;0.0;611.0;0;4
7;49;nan;0.0;0.0;620.0;0.0;611.0;0;4
7;50;nan;0.0;0.0;620.0;0.0;611.0;0;4
7;51;nan;0.0;0.0;620.0;0.0;611.0;0;4
7;52;nan;0.0;0.0;620.0;0.0;611.0;0;4
7;53;nan;0.0;0.0;620.0;0.0;611.0;0;4
7;54;nan;0.0;0.0;620.0;0.0;611.0;0;4
7;55;nan;0.0;0.0;620.0;0.0;611.0;0;4
7;56;nan;0.0;0.0;620.0;0.0;611.0;0;4
7;57;nan;0.0;0.0;620.0;0.0;611.0;0;4
7;58;nan;0.0;0.0;620.0;0.0;611.0;0;4
7;59;nan;0.0;0.0;620.0;0.0;611.0;0;4
7;60;nan;0.0;0.0;620.0;0.0;611.0;0;4
7;61;nan;0.0;0.0;620.0;0.0;611.0;0;4
7;62;nan;0.0;0.0;620.0;0.0;611.0;0;4
7;63;nan;0.0;0.0;620.0;0.0;611.0;0;4
7;64;nan;0.0;0.0;620.0;0.0;611.0;0;4
7;65;nan;0.0;0.0;620.0;0.0;611.0;0;4
7;66;nan;0.0;0.0;620.0;0.0;611.0;0;4
7;67;nan;0.0;0.0;620.0;0.0;611.0;0;4
7;68;nan;0.0;0.0;620.0;0.0;611.0;0;4
7;69;nan;0.0;0.0;620.0;0.0;611.0;0;4
7;70;nan;0.0;0.0;620.0;0.0;611.0;0;4
7;71;nan;0.0;0.0;620.0;0.0;611.0;0;4
7;72;nan;0.0;0.0;620.0;0.0;611.0;0;4
7;73;nan;0.0;0.0;620.0;0.0;611.0;0;4
7;74;nan;0.0;0.0;620.0;0.0;611.0;0;4
7;75;nan;0.0;0.0;620.0;0.0;611.0;0;4
7;76;nan;0.0;0.0;620.0;0.0;611.0;0;4
7;77;nan;0.0;0.0;620.0;0.0;611.0;0;4
7;78;nan;0.0;0.0;620.0;0.0;611.0;0;4
7;79;nan;0.0;0.0;620.0;0.0;611.0;0;4
7;80;5.7;148.4;347.0;735.4;0.2;611.0;0;4
7;81;8.3;99.2;225.0;689.3;0.1;611.0;0;4
7;82;8.6;94.9;223.0;685.7;0.1;611.0;0;4
7;83;8.0;102.8;238.0;690.7;0.1;611.0;0;4
7;84;10.9;74.0;169.0;669.3;0.1;611.0;0;4
7;85;9.1;88.6;205.0;676.0;0.1;611.0;0;4
7;86;10.3;78.6;196.0;672.0;0.1;611.0;0;4
7;87;34.6;22.9;68.0;631.1;0.0;611.0;0;4
7;88;42.8;18.4;53.0;625.9;0.0;611.0;0;4
7;89;57.7;13.7;40.0;624.6;0.0;611.0;0;4
7;90;87.8;9.0;26.0;622.0;0.0;611.0;0;4
7;91;100.0;0.7;2.0;620.3;0.0;611.0;0;4
7;92;nan;0.0;0.0;620.0;0.0;611.0;0;4
7;93;nan;0.0;0.0;620.0;0.0;611.0;0;4
7;94;nan;0.0;0.0;620.0;0.0;611.0;0;4
7;95;nan;0.0;0.0;620.0;0.0;611.0;0;4
7;96;nan;0.0;0.0;620.0;0.0;611.0;0;4
7;97;nan;0.0;0.0;620.0;0.0;611.0;0;4
7;98;nan;0.0;0.0;620.0;0.0;611.0;0;4
7;99;nan;0.0;0.0;620.0;0.0;611.0;0;4
8;0;5.7;214.9;534.0;1057.0;0.2;618.0;1;1
8;1;5.4;219.3;518.0;1035.1;0.2;618.0;0;1
8;2;5.5;218.6;505.0;1035.1;0.2;618.0;0;1
8;3;5.9;205.7;506.0;1052.0;0.2;618.0;0;1
8;4;6.1;194.8;458.0;1020.0;0.2;618.0;0;1
8;5;6.3;194.7;470.0;1053.1;0.2;618.0;0;1
8;6;5.5;220.8;511.0;1048.7;0.2;618.0;0;1
8;7;6.0;199.6;473.0;1038.0;0.2;618.0;0;1
8;8;6.1;189.8;464.0;992.1;0.2;618.0;0;1
8;9;6.4;186.0;448.0;1015.3;0.2;618.0;0;1
8;10;6.7;175.1;418.0;999.3;0.2;618.0;0;1
8;11;5.4;210.9;486.0;984.7;0.2;618.0;1;2
8;12;6.1;185.3;473.0;970.6;0.2;617.0;0;2
8;13;5.9;198.9;480.0;1005.0;0.2;617.0;0;2
8;14;4.7;224.6;492.0;933.0;0.2;617.0;0;2
8;15;5.1;209.6;473.0;932.7;0.2;617.0;0;2
8;16;5.7;176.0;398.0;864.0;0.2;617.0;0;2
8;17;5.2;196.3;435.0;886.0;0.2;617.0;0;2
8;18;5.4;180.6;390.0;849.4;0.2;617.0;0;2
8;19;5.9;165.4;369.0;840.7;0.2;617.0;0;2
8;20;5.7;170.0;381.0;839.1;0.2;617.0;0;2
8;21;6.5;141.0;307.0;782.9;0.2;616.0;0;2
8;22;6.8;136.8;303.0;792.9;0.2;616.0;0;2
8;23;8.1;110.1;239.0;755.1;0.1;616.0;0;2
8;24;10.0;87.6;193.0;730.1;0.1;616.0;0;2
8;25;10.8;82.0;191.0;730.4;0.1;616.0;0;2
8;26;14.4;58.5;140.0;689.1;0.1;616.0;0;2
8;27;15.1;55.9;121.0;687.9;0.1;616.0;0;2
8;28;15.9;53.4;118.0;690.3;0.1;616.0;0;2
8;29;22.1;37.4;96.0;663.7;0.1;613.0;0;2
8;30;19.6;42.9;101.0;678.3;0.1;613.0;0;2
8;31;15.2;55.2;122.0;684.1;0.1;613.0;0;2
8;32;20.7;40.4;89.0;674.1;0.1;613.0;0;2
8;33;30.3;26.6;68.0;644.9;0.0;612.0;0;2
8;34;86.1;9.2;22.0;625.1;0.0;611.0;1;3
8;35;100.0;3.4;7.0;615.9;0.0;611.0;0;3
8;36;100.0;4.6;13.0;616.9;0.0;611.0;0;3
8;37;nan;0.0;0.0;612.0;0.0;611.0;0;3
8;38;nan;0.0;0.0;612.0;0.0;611.0;0;3
8;39;nan;0.0;0.0;612.0;0.0;611.0;0;3
8;40;nan;0.0;0.0;612.0;0.0;611.0;0;3
8;41;nan;0.0;0.0;612.0;0.0;611.0;0;3
8;42;nan;0.0;0.0;612.0;0.0;611.0;0;3
8;43;nan;0.0;0.0;612.0;0.0;611.0;0;3
8;44;nan;0.0;0.0;612.0;0.0;611.0;0;3
8;45;nan;0.0;0.0;612.0;0.0;611.0;0;3
8;46;nan;0.0;0.0;612.0;0.0;611.0;0;3
8;47;nan;0.0;0.0;612.0;0.0;611.0;0;3
8;48;nan;0.0;0.0;612.0;0.0;611.0;0;3
8;49;nan;0.0;0.0;612.0;0.0;611.0;0;3
8;50;nan;0.0;0.0;612.0;0.0;611.0;0;3
8;51;nan;0.0;0.0;612.0;0.0;611.0;0;3
8;52;nan;0.0;0.0;612.0;0.0;611.0;0;3
8;53;nan;0.0;0.0;612.0;0.0;611.0;0;3
8;54;nan;0.0;0.0;612.0;0.0;611.0;0;3
8;55;nan;0.0;0.0;612.0;0.0;611.0;0;3
8;56;nan;0.0;0.0;612.0;0.0;611.0;0;3
8;57;nan;0.0;0.0;612.0;0.0;611.0;0;3
8;58;nan;0.0;0.0;612.0;0.0;611.0;0;3
8;59;nan;0.0;0.0;612.0;0.0;611.0;0;3
8;60;nan;0.0;0.0;612.0;0.0;611.0;0;3
8;61;nan;0.0;0.0;612.0;0.0;611.0;0;3
8;62;nan;0.0;0.0;612.0;0.0;611.0;0;3
8;63;nan;0.0;0.0;612.0;0.0;611.0;0;3
8;64;nan;0.0;0.0;612.0;0.0;611.0;0;3
8;65;nan;0.0;0.0;612.0;0.0;611.0;0;3
8;66;nan;0.0;0.0;612.0;0.0;611.0;0;3
8;67;nan;0.0;0.0;612.0;0.0;611.0;0;3
8;68;nan;0.0;0.0;612.0;0.0;611.0;0;3
8;69;nan;0.0;0.0;612.0;0.0;611.0;0;3
8;70;nan;0.0;0.0;612.0;0.0;611.0;0;3
8;71;nan;0.0;0.0;612.0;0.0;611.0;0;3
8;72;nan;0.0;0.0;612.0;0.0;611.0;0;3
8;73;nan;0.0;0.0;612.0;0.0;611.0;0;3
8;74;nan;0.0;0.0;612.0;0.0;611.0;0;3
8;75;nan;0.0;0.0;612.0;0.0;611.0;0;3
8;76;nan;0.0;0.0;612.0;0.0;611.0;0;3
8;77;nan;0.0;0.0;612.0;0.0;611.0;0;3
8;78;nan;0.0;0.0;612.0;0.0;611.0;0;3
8;79;nan;0.0;0.0;612.0;0.0;611.0;0;3
8;80;7.7;105.8;244.0;688.4;0.2;611.0;0;3
8;81;7.0;116.1;275.0;694.9;0.2;611.0;0;3
8;82;8.3;97.0;227.0;680.0;0.1;611.0;0;3
8;83;12.2;65.3;149.0;655.9;0.1;611.0;0;3
8;84;17.4;45.4;104.0;640.3;0.1;611.0;0;3
8;85;27.9;28.4;71.0;634.7;0.0;611.0;0;3
8;86;46.8;16.8;40.0;622.6;0.0;611.0;0;3
8;87;nan;0.0;0.0;612.0;0.0;611.0;0;3
8;88;nan;0.0;0.0;612.0;0.0;611.0;0;3
8;89;nan;0.0;0.0;612.0;0.0;611.0;0;3
8;90;nan;0.0;0.0;612.0;0.0;611.0;0;3
8;91;nan;0.0;0.0;612.0;0.0;611.0;0;3
8;92;nan;0.0;0.0;612.0;0.0;611.0;0;3
8;93;nan;0.0;0.0;612.0;0.0;611.0;0;3
8;94;nan;0.0;0.0;612.0;0.0;611.0;0;3
8;95;nan;0.0;0.0;612.0;0.0;611.0;0;3
8;96;nan;0.0;0.0;612.0;0.0;611.0;0;3
8;97;nan;0.0;0.0;612.0;0.0;611.0;0;3
8;98;nan;0.0;0.0;612.0;0.0;611.0;0;3
8;99;nan;0.0;0.0;612.0;0.0;611.0;0;3
9;0;4.9;245.3;605.0;1045.1;0.2;613.0;1;1
9;1;5.4;219.3;500.0;1033.1;0.2;613.0;0;1
9;2;6.1;193.7;489.0;1020.7;0.2;613.0;0;1
9;3;6.1;192.4;484.0;1012.7;0.2;613.0;0;1
9;4;5.9;208.7;490.0;1058.1;0.2;613.0;0;1
9;5;5.9;210.4;503.0;1065.9;0.2;613.0;0;1
9;6;7.0;178.1;422.0;1055.4;0.2;613.0;0;1
9;7;5.7;206.5;490.0;1009.3;0.2;613.0;0;1
9;8;5.7;208.6;528.0;1023.3;0.2;613.0;0;1
9;9;6.1;194.9;473.0;1015.6;0.2;613.0;0;1
9;10;5.6;208.1;477.0;1006.7;0.2;613.0;0;1
9;11;6.0;193.9;467.0;1003.4;0.2;613.0;0;1
9;12;5.7;197.3;455.0;974.0;0.2;613.0;0;1
9;13;5.6;201.8;476.0;983.1;0.2;613.0;0;1
9;14;4.9;216.5;468.0;929.9;0.2;613.0;0;1
9;15;5.1;202.0;434.0;895.4;0.2;613.0;0;1
9;16;5.0;196.3;425.0;864.3;0.2;613.0;0;1
9;17;5.3;185.1;411.0;854.1;0.2;613.0;0;1
9;18;5.7;168.4;373.0;823.6;0.2;613.0;0;1
9;19;5.6;173.1;372.0;834.4;0.2;613.0;0;1
9;20;5.9;163.8;343.0;828.0;0.2;613.0;0;1
9;21;6.0;154.8;341.0;801.6;0.2;610.0;1;2
9;22;7.4;122.4;265.0;766.3;0.2;610.0;0;2
9;23;6.6;140.3;314.0;787.1;0.2;610.0;0;2
9;24;8.3;108.5;257.0;757.1;0.1;610.0;0;2
9;25;10.1;85.5;210.0;717.0;0.1;610.0;0;2
9;26;9.9;87.7;218.0;718.7;0.1;610.0;0;2
9;27;12.8;66.8;161.0;700.9;0.1;610.0;0;2
9;28;10.1;86.0;185.0;719.7;0.1;610.0;0;2
9;29;14.4;59.9;145.0;703.4;0.1;610.0;0;2
9;30;15.8;53.4;126.0;688.9;0.1;610.0;0;2
9;31;17.8;47.4;121.0;681.4;0.1;610.0;0;2
9;32;17.7;47.4;121.0;679.3;0.1;610.0;0;2
9;33;14.6;56.7;144.0;677.7;0.1;610.0;0;2
9;34;25.7;31.8;78.0;656.6;0.0;610.0;0;2
9;35;15.8;53.4;120.0;686.4;0.1;610.0;0;2
9;36;24.7;33.4;102.0;661.3;0.1;610.0;0;2
9;37;15.6;53.1;126.0;672.4;0.1;610.0;0;2
9;38;11.9;70.6;145.0;691.4;0.1;610.0;0;2
9;39;11.4;71.5;147.0;672.4;0.1;608.0;1;3
9;40;21.4;37.4;97.0;644.9;0.1;608.0;0;3
9;41;11.7;69.7;145.0;673.6;0.1;608.0;0;3
9;42;14.2;57.1;125.0;661.6;0.1;608.0;0;3
9;43;11.6;70.6;145.0;673.6;0.1;608.0;0;3
9;44;15.9;50.5;126.0;654.6;0.1;608.0;0;3
9;45;14.3;56.1;126.0;657.7;0.1;608.0;0;3
9;46;72.4;10.9;22.0;620.4;0.0;608.0;0;3
9;47;71.5;11.0;23.0;620.3;0.0;608.0;0;3
9;48;nan;0.0;0.0;610.0;0.0;608.0;0;3
9;49;nan;0.0;0.0;610.0;0.0;608.0;0;3
9;50;nan;0.0;0.0;610.0;0.0;608.0;0;3
9;51;nan;0.0;0.0;610.0;0.0;608.0;0;3
9;52;nan;0.0;0.0;610.0;0.0;608.0;0;3
9;53;nan;0.0;0.0;610.0;0.0;608.0;0;3
9;54;nan;0.0;0.0;610.0;0.0;608.0;0;3
9;55;nan;0.0;0.0;610.0;0.0;608.0;0;3
9;56;nan;0.0;0.0;610.0;0.0;608.0;0;3
9;57;nan;0.0;0.0;610.0;0.0;608.0;0;3
9;58;nan;0.0;0.0;610.0;0.0;608.0;0;3
9;59;nan;0.0;0.0;610.0;0.0;608.0;0;3
9;60;nan;0.0;0.0;610.0;0.0;608.0;0;3
9;61;nan;0.0;0.0;610.0;0.0;608.0;0;3
9;62;nan;0.0;0.0;610.0;0.0;608.0;0;3
9;63;nan;0.0;0.0;610.0;0.0;608.0;0;3
9;64;nan;0.0;0.0;610.0;0.0;608.0;0;3
9;65;nan;0.0;0.0;610.0;0.0;608.0;0;3
9;66;nan;0.0;0.0;610.0;0.0;608.0;0;3
9;67;nan;0.0;0.0;610.0;0.0;608.0;0;3
9;68;nan;0.0;0.0;610.0;0.0;608.0;0;3
9;69;100.0;0.7;2.0;609.7;0.0;608.0;0;3
9;70;nan;0.0;0.0;610.0;0.0;608.0;0;3
9;71;nan;0.0;0.0;610.0;0.0;608.0;0;3
9;72;nan;0.0;0.0;610.0;0.0;608.0;0;3
9;73;nan;0.0;0.0;610.0;0.0;608.0;0;3
9;74;nan;0.0;0.0;610.0;0.0;608.0;0;3
9;75;nan;0.0;0.0;610.0;0.0;608.0;0;3
9;76;nan;0.0;0.0;610.0;0.0;608.0;0;3
9;77;nan;0.0;0.0;610.0;0.0;608.0;0;3
9;78;nan;0.0;0.0;610.0;0.0;608.0;0;3
9;79;nan;0.0;0.0;610.0;0.0;608.0;0;3
9;80;nan;0.0;0.0;610.0;0.0;608.0;0;3
9;81;nan;0.0;0.0;610.0;0.0;608.0;0;3
9;82;nan;0.0;0.0;610.0;0.0;608.0;0;3
9;83;nan;0.0;0.0;610.0;0.0;608.0;0;3
9;84;nan;0.0;0.0;610.0;0.0;608.0;0;3
9;85;8.9;92.8;217.0;688.6;0.1;608.0;0;3
9;86;8.5;95.1;227.0;677.0;0.1;608.0;0;3
9;87;14.0;58.0;143.0;662.4;0.1;608.0;0;3
9;88;11.0;74.2;194.0;673.3;0.1;608.0;0;3
9;89;24.2;32.4;96.0;628.4;0.1;608.0;0;3
9;90;58.6;13.3;38.0;615.4;0.0;608.0;0;3
9;91;20.0;38.8;111.0;626.0;0.1;608.0;0;3
9;92;nan;0.0;0.0;610.0;0.0;608.0;0;3
9;93;nan;0.0;0.0;610.0;0.0;608.0;0;3
9;94;nan;0.0;0.0;610.0;0.0;608.0;0;3
9;95;nan;0.0;0.0;610.0;0.0;608.0;0;3
9;96;nan;0.0;0.0;610.0;0.0;608.0;0;3
9;97;nan;0.0;0.0;610.0;0.0;608.0;0;3
9;98;nan;0.0;0.0;610.0;0.0;608.0;0;3
9;99;nan;0.0;0.0;610.0;0.0;608.0;0;3
10;0;5.7;214.1;521.0;1060.4;0.2;627.0;1;1
10;1;5.9;202.4;508.0;1028.7;0.2;627.0;0;1
10;2;5.9;198.9;485.0;1016.1;0.2;627.0;0;1
10;3;6.3;200.2;547.0;1075.9;0.2;627.0;0;1
10;4;5.4;219.2;549.0;1025.1;0.2;627.0;0;1
10;5;5.7;212.2;508.0;1038.0;0.2;627.0;0;1
10;6;5.6;222.2;539.0;1070.1;0.2;627.0;0;1
10;7;6.6;187.0;465.0;1048.3;0.2;627.0;0;1
10;8;6.2;189.0;456.0;1007.0;0.2;627.0;0;1
10;9;5.4;229.2;588.0;1071.9;0.2;627.0;0;1
10;10;5.3;225.2;521.0;1045.7;0.2;627.0;0;1
10;11;5.4;205.3;502.0;961.7;0.2;627.0;1;2
10;12;5.7;195.5;459.0;961.0;0.2;620.0;0;2
10;13;6.4;179.9;424.0;986.7;0.2;620.0;0;2
10;14;4.7;219.3;466.0;911.3;0.2;620.0;0;2
10;15;5.7;174.2;398.0;857.6;0.2;620.0;0;2
10;16;4.8;206.6;441.0;876.9;0.2;620.0;0;2
10;17;5.5;182.7;401.0;875.4;0.2;620.0;0;2
10;18;5.3;185.7;416.0;853.7;0.2;620.0;0;2
10;19;5.7;167.9;375.0;821.4;0.2;620.0;0;2
10;20;6.4;146.4;332.0;801.7;0.2;620.0;0;2
10;21;6.3;145.5;311.0;788.6;0.2;617.0;1;3
10;22;8.2;108.7;243.0;748.4;0.1;617.0;0;3
10;23;8.8;100.4;215.0;740.4;0.1;617.0;0;3
10;24;11.6;74.0;158.0;710.0;0.1;617.0;0;3
10;25;10.0;86.7;187.0;720.1;0.1;616.0;1;4
10;26;16.8;50.4;124.0;688.4;0.1;616.0;0;4
10;27;15.6;53.6;130.0;680.9;0.1;614.0;1;5
10;28;18.6;45.5;101.0;683.7;0.1;614.0;0;5
10;29;16.1;51.7;120.0;678.3;0.1;611.0;1;6
10;30;17.2;48.3;106.0;674.3;0.1;611.0;0;6
10;31;18.1;46.1;113.0;676.0;0.1;611.0;0;6
10;32;23.1;36.0;87.0;668.3;0.1;611.0;0;6
10;33;27.3;30.3;70.0;661.4;0.0;611.0;0;6
10;34;34.1;24.0;60.0;652.7;0.0;611.0;0;6
10;35;46.5;17.4;47.0;641.6;0.0;611.0;0;6
10;36;100.0;4.6;12.0;627.3;0.0;611.0;0;6
10;37;100.0;5.0;12.0;626.1;0.0;611.0;0;6
10;38;100.0;4.8;13.0;627.6;0.0;611.0;0;6
10;39;nan;0.0;0.0;619.0;0.0;611.0;0;6
10;40;nan;0.0;0.0;619.0;0.0;611.0;0;6
10;41;nan;0.0;0.0;619.0;0.0;611.0;0;6
10;42;nan;0.0;0.0;619.0;0.0;611.0;0;6
10;43;nan;0.0;0.0;619.0;0.0;611.0;0;6
10;44;nan;0.0;0.0;619.0;0.0;611.0;0;6
10;45;nan;0.0;0.0;619.0;0.0;611.0;0;6
10;46;nan;0.0;0.0;619.0;0.0;611.0;0;6
10;47;nan;0.0;0.0;619.0;0.0;611.0;0;6
10;48;nan;0.0;0.0;619.0;0.0;611.0;0;6
10;49;nan;0.0;0.0;619.0;0.0;611.0;0;6
10;50;nan;0.0;0.0;619.0;0.0;611.0;0;6
10;51;nan;0.0;0.0;619.0;0.0;611.0;0;6
10;52;nan;0.0;0.0;619.0;0.0;611.0;0;6
10;53;nan;0.0;0.0;619.0;0.0;611.0;0;6
10;54;nan;0.0;0.0;619.0;0.0;611.0;0;6
10;55;nan;0.0;0.0;619.0;0.0;611.0;0;6
10;56;nan;0.0;0.0;619.0;0.0;611.0;0;6
10;57;nan;0.0;0.0;619.0;0.0;611.0;0;6
10;58;nan;0.0;0.0;619.0;0.0;611.0;0;6
10;59;nan;0.0;0.0;619.0;0.0;611.0;0;6
10;60;nan;0.0;0.0;619.0;0.0;611.0;0;6
10;61;nan;0.0;0.0;619.0;0.0;611.0;0;6
10;62;nan;0.0;0.0;619.0;0.0;611.0;0;6
10;63;nan;0.0;0.0;619.0;0.0;611.0;0;6
10;64;nan;0.0;0.0;619.0;0.0;611.0;0;6
10;65;nan;0.0;0.0;619.0;0.0;611.0;0;6
10;66;nan;0.0;0.0;619.0;0.0;611.0;0;6
10;67;nan;0.0;0.0;619.0;0.0;611.0;0;6
10;68;nan;0.0;0.0;619.0;0.0;611.0;0;6
10;69;nan;0.0;0.0;619.0;0.0;611.0;0;6
10;70;nan;0.0;0.0;619.0;0.0;611.0;0;6
10;71;nan;0.0;0.0;619.0;0.0;611.0;0;6
10;72;nan;0.0;0.0;619.0;0.0;611.0;0;6
10;73;nan;0.0;0.0;619.0;0.0;611.0;0;6
10;74;nan;0.0;0.0;619.0;0.0;611.0;0;6
10;75;5.9;141.8;341.0;720.6;0.2;611.0;0;6
10;76;7.2;114.7;269.0;699.6;0.2;611.0;0;6
10;77;7.3;111.8;258.0;695.7;0.2;611.0;0;6
10;78;8.1;100.7;246.0;685.9;0.1;611.0;0;6
10;79;9.9;82.3;195.0;677.7;0.1;611.0;0;6
10;80;10.5;76.1;178.0;664.9;0.1;611.0;0;6
10;81;13.8;58.6;141.0;661.9;0.1;611.0;0;6
10;82;24.6;32.4;81.0;637.6;0.1;610.0;1;7
10;83;47.9;16.6;40.0;629.4;0.0;610.0;0;7
10;84;nan;0.0;0.0;619.0;0.0;610.0;0;7
10;85;nan;0.0;0.0;619.0;0.0;610.0;0;7
10;86;nan;0.0;0.0;619.0;0.0;610.0;0;7
10;87;nan;0.0;0.0;619.0;0.0;610.0;0;7
10;88;nan;0.0;0.0;619.0;0.0;610.0;0;7
10;89;nan;0.0;0.0;619.0;0.0;610.0;0;7
10;90;nan;0.0;0.0;619.0;0.0;610.0;0;7
10;91;nan;0.0;0.0;619.0;0.0;610.0;0;7
10;92;nan;0.0;0.0;619.0;0.0;610.0;0;7
10;93;nan;0.0;0.0;619.0;0.0;610.0;0;7
10;94;nan;0.0;0.0;619.0;0.0;610.0;0;7
10;95;nan;0.0;0.0;619.0;0.0;610.0;0;7
10;96;nan;0.0;0.0;619.0;0.0;610.0;0;7
10;97;nan;0.0;0.0;619.0;0.0;610.0;0;7
10;98;nan;0.0;0.0;619.0;0.0;610.0;0;7
10;99;nan;0.0;0.0;619.0;0.0;610.0;0;7
11;0;6.8;185.6;437.0;1079.9;0.2;632.0;1;1
11;1;6.2;195.4;464.0;1032.6;0.2;632.0;0;1
11;2;5.4;219.1;556.0;1029.3;0.2;632.0;0;1
11;3;5.9;204.3;489.0;1039.6;0.2;632.0;0;1
11;4;6.1;195.3;465.0;1023.1;0.2;632.0;0;1
11;5;5.5;213.0;505.0;1016.9;0.2;632.0;1;2
11;6;5.8;207.1;490.0;1039.6;0.2;629.0;0;2
11;7;5.8;209.1;520.0;1045.7;0.2;628.0;0;2
11;8;7.1;172.6;401.0;1046.9;0.2;628.0;0;2
11;9;5.8;198.3;463.0;997.6;0.2;628.0;0;2
11;10;6.3;184.8;441.0;997.9;0.2;628.0;0;2
11;11;6.0;188.5;466.0;968.9;0.2;628.0;0;2
11;12;6.3;175.8;444.0;949.3;0.2;628.0;0;2
11;13;6.0;182.0;451.0;933.1;0.2;628.0;0;2
11;14;4.8;218.9;501.0;929.3;0.2;628.0;0;2
11;15;4.8;209.5;469.0;881.3;0.2;628.0;0;2
11;16;5.2;187.0;421.0;849.4;0.2;610.0;1;3
11;17;4.7;215.4;469.0;897.1;0.2;610.0;0;3
11;18;5.4;177.6;375.0;837.3;0.2;610.0;0;3
11;19;5.8;163.2;359.0;816.3;0.2;610.0;0;3
11;20;6.6;140.4;305.0;785.7;0.2;610.0;0;3
11;21;8.0;111.4;259.0;753.3;0.1;610.0;0;3
11;22;8.6;106.3;256.0;767.4;0.1;610.0;0;3
11;23;8.6;104.1;240.0;753.1;0.1;610.0;0;3
11;24;14.9;56.9;138.0;690.7;0.1;610.0;0;3
11;25;10.8;80.4;185.0;718.1;0.1;610.0;0;3
11;26;11.1;78.3;179.0;719.6;0.1;610.0;0;3
11;27;15.9;53.0;133.0;683.0;0.1;610.0;0;3
11;28;14.5;58.7;128.0;693.0;0.1;610.0;0;3
11;29;19.2;43.6;100.0;675.9;0.1;610.0;0;3
11;30;24.7;33.2;74.0;658.7;0.1;610.0;0;3
11;31;20.1;41.2;108.0;668.9;0.1;610.0;0;3
11;32;49.8;16.2;42.0;640.0;0.0;610.0;0;3
11;33;55.8;14.5;36.0;639.9;0.0;610.0;0;3
11;34;45.7;17.7;47.0;639.9;0.0;610.0;0;3
11;35;72.8;11.2;29.0;640.9;0.0;610.0;0;3
11;36;90.6;9.0;21.0;640.3;0.0;610.0;0;3
11;37;93.7;8.7;19.0;641.7;0.0;610.0;0;3
11;38;69.0;11.7;29.0;637.4;0.0;610.0;0;3
11;39;100.0;6.1;13.0;636.0;0.0;610.0;0;3
11;40;67.9;11.8;29.0;632.3;0.0;610.0;0;3
11;41;100.0;7.1;15.0;637.1;0.0;610.0;0;3
11;42;78.9;10.2;30.0;635.0;0.0;610.0;0;3
11;43;100.0;6.2;14.0;636.1;0.0;610.0;0;3
11;44;100.0;6.3;19.0;630.0;0.0;610.0;0;3
11;45;100.0;1.5;3.0;632.3;0.0;610.0;0;3
11;46;100.0;1.5;3.0;632.3;0.0;610.0;0;3
11;47;100.0;1.5;3.0;632.3;0.0;610.0;0;3
11;48;100.0;6.3;19.0;630.0;0.0;610.0;0;3
11;49;100.0;1.0;3.0;631.4;0.0;610.0;0;3
11;50;100.0;1.4;3.0;631.9;0.0;610.0;0;3
11;51;100.0;1.5;3.0;632.3;0.0;610.0;0;3
11;52;nan;0.0;0.0;631.0;0.0;610.0;0;3
11;53;nan;0.0;0.0;631.0;0.0;610.0;0;3
11;54;nan;0.0;0.0;631.0;0.0;610.0;0;3
11;55;nan;0.0;0.0;631.0;0.0;610.0;0;3
11;56;nan;0.0;0.0;631.0;0.0;610.0;0;3
11;57;nan;0.0;0.0;631.0;0.0;610.0;0;3
11;58;nan;0.0;0.0;631.0;0.0;610.0;0;3
11;59;nan;0.0;0.0;631.0;0.0;610.0;0;3
11;60;nan;0.0;0.0;631.0;0.0;610.0;0;3
11;61;nan;0.0;0.0;631.0;0.0;610.0;0;3
11;62;5.8;154.5;340.0;770.3;0.2;610.0;0;3
11;63;5.4;165.9;346.0;773.9;0.2;610.0;0;3
11;64;5.6;151.9;346.0;735.4;0.2;610.0;0;3
11;65;5.8;144.3;335.0;717.6;0.2;610.0;0;3
11;66;6.2;133.0;305.0;711.3;0.2;610.0;0;3
11;67;6.7;122.9;295.0;704.7;0.2;610.0;0;3
11;68;6.8;125.1;296.0;725.6;0.2;610.0;0;3
11;69;6.4;130.5;304.0;710.0;0.2;610.0;0;3
11;70;7.7;106.3;248.0;690.3;0.2;610.0;0;3
11;71;8.2;100.2;241.0;692.9;0.1;610.0;0;3
11;72;7.4;111.1;261.0;698.3;0.2;610.0;0;3
11;73;14.3;56.3;128.0;656.1;0.1;610.0;0;3
11;74;10.5;77.5;193.0;675.7;0.1;610.0;0;3
11;75;11.5;71.2;182.0;677.9;0.1;610.0;0;3
11;76;11.3;71.7;169.0;669.3;0.1;610.0;0;3
11;77;18.8;42.6;110.0;646.1;0.1;609.0;1;4
11;78;13.5;59.0;144.0;652.3;0.1;609.0;0;4
11;79;20.0;39.8;105.0;643.9;0.1;609.0;0;4
11;80;24.8;31.9;85.0;634.0;0.1;609.0;0;4
11;81;100.0;0.3;1.0;610.9;0.0;609.0;0;4
11;82;nan;0.0;0.0;611.0;0.0;609.0;0;4
11;83;nan;0.0;0.0;611.0;0.0;609.0;0;4
11;84;nan;0.0;0.0;611.0;0.0;609.0;0;4
11;85;nan;0.0;0.0;611.0;0.0;609.0;0;4
11;86;nan;0.0;0.0;611.0;0.0;609.0;0;4
11;87;nan;0.0;0.0;611.0;0.0;609.0;0;4
11;88;nan;0.0;0.0;611.0;0.0;609.0;0;4
11;89;nan;0.0;0.0;611.0;0.0;609.0;0;4
11;90;nan;0.0;0.0;611.0;0.0;609.0;0;4
11;91;nan;0.0;0.0;611.0;0.0;609.0;0;4
11;92;nan;0.0;0.0;611.0;0.0;609.0;0;4
11;93;nan;0.0;0.0;611.0;0.0;609.0;0;4
11;94;nan;0.0;0.0;611.0;0.0;609.0;0;4
11;95;nan;0.0;0.0;611.0;0.0;609.0;0;4
11;96;nan;0.0;0.0;611.0;0.0;609.0;0;4
11;97;nan;0.0;0.0;611.0;0.0;609.0;0;4
11;98;nan;0.0;0.0;611.0;0.0;609.0;0;4
11;99;nan;0.0;0.0;611.0;0.0;609.0;0;4
12;0;5.7;207.8;512.0;1024.9;0.2;647.0;1;1
12;1;6.0;198.8;471.0;1026.1;0.2;647.0;0;1
12;2;5.4;227.0;557.0;1066.4;0.2;647.0;0;1
12;3;6.1;195.3;475.0;1019.1;0.2;647.0;0;1
12;4;5.5;210.4;539.0;1001.7;0.2;633.0;1;2
12;5;5.7;200.6;477.0;991.6;0.2;633.0;0;2
12;6;5.5;218.2;548.0;1046.4;0.2;633.0;0;2
12;7;5.4;218.3;518.0;1025.1;0.2;633.0;0;2
12;8;5.7;203.0;483.0;1002.9;0.2;633.0;0;2
12;9;5.9;202.6;468.0;1027.6;0.2;633.0;0;2
12;10;5.4;213.0;519.0;997.9;0.2;633.0;1;3
12;11;5.9;191.2;469.0;973.1;0.2;633.0;0;3
12;12;5.7;196.1;502.0;962.3;0.2;633.0;0;3
12;13;5.7;196.0;462.0;957.7;0.2;626.0;0;3
12;14;4.8;214.6;477.0;909.3;0.2;626.0;0;3
12;15;5.3;193.4;428.0;885.1;0.2;626.0;0;3
12;16;5.2;191.5;423.0;861.1;0.2;618.0;1;4
12;17;5.4;185.8;417.0;865.0;0.2;618.0;0;4
12;18;6.0;160.6;349.0;825.9;0.2;618.0;0;4
12;19;6.1;157.5;359.0;829.0;0.2;618.0;0;4
12;20;6.0;157.1;347.0;808.9;0.2;616.0;1;5
12;21;6.6;138.9;328.0;783.0;0.2;616.0;0;5
12;22;7.4;123.6;283.0;771.9;0.2;612.0;1;6
12;23;9.8;88.2;203.0;720.7;0.1;612.0;0;6
12;24;13.2;64.5;146.0;699.3;0.1;612.0;0;6
12;25;12.1;70.3;157.0;700.4;0.1;612.0;0;6
12;26;16.2;51.6;116.0;680.3;0.1;612.0;0;6
12;27;18.3;45.8;115.0;677.7;0.1;612.0;0;6
12;28;14.9;56.4;132.0;686.7;0.1;612.0;0;6
12;29;11.9;71.5;167.0;702.6;0.1;612.0;0;6
12;30;17.5;47.8;117.0;677.9;0.1;612.0;0;6
12;31;23.8;34.3;88.0;654.6;0.1;612.0;0;6
12;32;39.1;20.4;58.0;634.1;0.0;610.0;1;7
12;33;30.6;26.4;67.0;645.7;0.0;610.0;0;7
12;34;35.7;22.2;64.0;630.3;0.0;610.0;0;7
12;35;13.3;60.3;178.0;657.7;0.1;610.0;0;7
12;36;nan;0.0;0.0;610.0;0.0;610.0;0;7
12;37;nan;0.0;0.0;610.0;0.0;610.0;0;7
12;38;nan;0.0;0.0;610.0;0.0;610.0;0;7
12;39;nan;0.0;0.0;610.0;0.0;610.0;0;7
12;40;nan;0.0;0.0;610.0;0.0;610.0;0;7
12;41;nan;0.0;0.0;610.0;0.0;610.0;0;7
12;42;nan;0.0;0.0;610.0;0.0;610.0;0;7
12;43;nan;0.0;0.0;610.0;0.0;610.0;0;7
12;44;nan;0.0;0.0;610.0;0.0;610.0;0;7
12;45;nan;0.0;0.0;610.0;0.0;610.0;0;7
12;46;nan;0.0;0.0;610.0;0.0;610.0;0;7
12;47;nan;0.0;0.0;610.0;0.0;610.0;0;7
12;48;nan;0.0;0.0;610.0;0.0;610.0;0;7
12;49;nan;0.0;0.0;610.0;0.0;610.0;0;7
12;50;nan;0.0;0.0;610.0;0.0;610.0;0;7
12;51;nan;0.0;0.0;610.0;0.0;610.0;0;7
12;52;nan;0.0;0.0;610.0;0.0;610.0;0;7
12;53;nan;0.0;0.0;610.0;0.0;610.0;0;7
12;54;nan;0.0;0.0;610.0;0.0;610.0;0;7
12;55;nan;0.0;0.0;610.0;0.0;610.0;0;7
12;56;nan;0.0;0.0;610.0;0.0;610.0;0;7
12;57;nan;0.0;0.0;610.0;0.0;610.0;0;7
12;58;nan;0.0;0.0;610.0;0.0;610.0;0;7
12;59;nan;0.0;0.0;610.0;0.0;610.0;0;7
12;60;nan;0.0;0.0;610.0;0.0;610.0;0;7
12;61;nan;0.0;0.0;610.0;0.0;610.0;0;7
12;62;nan;0.0;0.0;610.0;0.0;610.0;0;7
12;63;nan;0.0;0.0;610.0;0.0;610.0;0;7
12;64;nan;0.0;0.0;610.0;0.0;610.0;0;7
12;65;nan;0.0;0.0;610.0;0.0;610.0;0;7
12;66;nan;0.0;0.0;610.0;0.0;610.0;0;7
12;67;nan;0.0;0.0;610.0;0.0;610.0;0;7
12;68;nan;0.0;0.0;610.0;0.0;610.0;0;7
12;69;nan;0.0;0.0;610.0;0.0;610.0;0;7
12;70;nan;0.0;0.0;610.0;0.0;610.0;0;7
12;71;nan;0.0;0.0;610.0;0.0;610.0;0;7
12;72;nan;0.0;0.0;610.0;0.0;610.0;0;7
12;73;nan;0.0;0.0;610.0;0.0;610.0;0;7
12;74;nan;0.0;0.0;610.0;0.0;610.0;0;7
12;75;nan;0.0;0.0;610.0;0.0;610.0;0;7
12;76;nan;0.0;0.0;610.0;0.0;610.0;0;7
12;77;nan;0.0;0.0;610.0;0.0;610.0;0;7
12;78;6.3;130.7;307.0;710.0;0.2;610.0;0;7
12;79;5.8;140.5;320.0;707.4;0.2;610.0;0;7
12;80;10.4;77.1;186.0;667.4;0.1;610.0;0;7
12;81;12.1;67.1;162.0;667.6;0.1;610.0;0;7
12;82;10.5;76.4;184.0;664.6;0.1;609.0;1;8
12;83;14.3;55.6;131.0;649.1;0.1;608.0;1;9
12;84;11.3;71.4;176.0;664.9;0.1;608.0;0;9
12;85;20.8;37.8;91.0;634.0;0.1;608.0;0;9
12;86;nan;0.0;0.0;610.0;0.0;608.0;0;9
12;87;nan;0.0;0.0;610.0;0.0;608.0;0;9
12;88;nan;0.0;0.0;610.0;0.0;608.0;0;9
12;89;nan;0.0;0.0;610.0;0.0;608.0;0;9
12;90;nan;0.0;0.0;610.0;0.0;608.0;0;9
12;91;nan;0.0;0.0;610.0;0.0;608.0;0;9
12;92;nan;0.0;0.0;610.0;0.0;608.0;0;9
12;93;nan;0.0;0.0;610.0;0.0;608.0;0;9
12;94;nan;0.0;0.0;610.0;0.0;608.0;0;9
12;95;nan;0.0;0.0;610.0;0.0;608.0;0;9
12;96;nan;0.0;0.0;610.0;0.0;608.0;0;9
12;97;nan;0.0;0.0;610.0;0.0;608.0;0;9
12;98;nan;0.0;0.0;610.0;0.0;608.0;0;9
12;99;nan;0.0;0.0;610.0;0.0;608.0;0;9
13;0;5.6;221.3;539.0;1066.4;0.2;615.0;1;1
13;1;6.3;204.2;474.0;1101.4;0.2;615.0;0;1
13;2;5.9;206.8;493.0;1042.7;0.2;615.0;0;1
13;3;5.3;224.6;539.0;1041.7;0.2;615.0;0;1
13;4;5.6;214.0;510.0;1042.0;0.2;615.0;0;1
13;5;5.9;202.1;469.0;1034.1;0.2;615.0;0;1
13;6;6.5;192.2;495.0;1069.1;0.2;615.0;0;1
13;7;5.1;231.2;541.0;1028.3;0.2;615.0;0;1
13;8;6.6;177.9;421.0;1006.4;0.2;615.0;0;1
13;9;5.7;195.4;459.0;961.3;0.2;615.0;0;1
13;10;5.8;198.1;469.0;984.9;0.2;615.0;0;1
13;11;5.8;198.5;467.0;995.4;0.2;615.0;0;1
13;12;5.8;198.0;462.0;984.3;0.2;615.0;0;1
13;13;5.6;200.1;469.0;970.0;0.2;615.0;0;1
13;14;4.8;217.8;486.0;911.9;0.2;615.0;0;1
13;15;5.9;171.9;407.0;878.3;0.2;615.0;0;1
13;16;5.4;188.9;400.0;878.9;0.2;615.0;0;1
13;17;5.3;186.1;432.0;860.1;0.2;615.0;0;1
13;18;5.8;162.3;351.0;810.6;0.2;615.0;0;1
13;19;6.2;151.6;323.0;802.1;0.2;615.0;0;1
13;20;5.8;164.0;354.0;822.7;0.2;615.0;0;1
13;21;6.0;154.2;357.0;798.1;0.2;615.0;0;1
13;22;7.8;116.8;270.0;764.9;0.2;615.0;0;1
13;23;8.2;108.9;228.0;747.7;0.1;615.0;0;1
13;24;9.0;98.6;215.0;744.3;0.1;615.0;0;1
13;25;9.0;97.2;210.0;735.4;0.1;615.0;0;1
13;26;12.1;70.7;162.0;702.3;0.1;615.0;0;1
13;27;12.5;68.3;179.0;699.6;0.1;615.0;0;1
13;28;13.2;64.2;158.0;692.7;0.1;615.0;0;1
13;29;17.8;47.4;123.0;683.7;0.1;615.0;0;1
13;30;11.1;78.4;182.0;716.1;0.1;615.0;0;1
13;31;18.0;46.4;103.0;676.4;0.1;615.0;0;1
13;32;14.6;57.5;137.0;687.0;0.1;609.0;1;2
13;33;16.1;51.9;123.0;681.7;0.1;609.0;0;2
13;34;25.4;32.6;75.0;664.0;0.0;609.0;0;2
13;35;18.7;44.4;102.0;672.3;0.1;609.0;0;2
13;36;35.8;22.7;57.0;646.4;0.0;609.0;0;2
13;37;26.7;30.8;71.0;658.6;0.0;609.0;0;2
13;38;34.4;23.5;54.0;643.3;0.0;609.0;0;2
13;39;37.6;21.2;51.0;635.0;0.0;609.0;0;2
13;40;44.0;18.2;43.0;635.1;0.0;609.0;0;2
13;41;42.6;18.8;41.0;633.7;0.0;609.0;0;2
13;42;89.8;8.9;19.0;625.1;0.0;609.0;0;2
13;43;61.2;13.0;32.0;626.3;0.0;609.0;0;2
13;44;49.3;16.1;39.0;630.0;0.0;609.0;0;2
13;45;52.3;15.2;35.0;629.6;0.0;609.0;0;2
13;46;47.1;16.9;37.0;629.0;0.0;609.0;0;2
13;47;44.9;17.6;37.0;626.4;0.0;609.0;0;2
13;48;47.1;16.9;39.0;628.6;0.0;609.0;0;2
13;49;44.9;17.7;39.0;628.9;0.0;609.0;0;2
13;50;nan;0.0;0.0;610.0;0.0;609.0;0;2
13;51;40.9;19.3;39.0;626.7;0.0;609.0;0;2
13;52;nan;0.0;0.0;610.0;0.0;609.0;0;2
13;53;nan;0.0;0.0;610.0;0.0;609.0;0;2
13;54;nan;0.0;0.0;610.0;0.0;609.0;0;2
13;55;nan;0.0;0.0;610.0;0.0;609.0;0;2
13;56;nan;0.0;0.0;610.0;0.0;609.0;0;2
13;57;nan;0.0;0.0;610.0;0.0;609.0;0;2
13;58;nan;0.0;0.0;610.0;0.0;609.0;0;2
13;59;nan;0.0;0.0;610.0;0.0;609.0;0;2
13;60;nan;0.0;0.0;610.0;0.0;609.0;0;2
13;61;nan;0.0;0.0;610.0;0.0;609.0;0;2
13;62;nan;0.0;0.0;610.0;0.0;609.0;0;2
13;63;nan;0.0;0.0;610.0;0.0;609.0;0;2
13;64;nan;0.0;0.0;610.0;0.0;609.0;0;2
13;65;nan;0.0;0.0;610.0;0.0;609.0;0;2
13;66;nan;0.0;0.0;610.0;0.0;609.0;0;2
13;67;nan;0.0;0.0;610.0;0.0;609.0;0;2
13;68;nan;0.0;0.0;610.0;0.0;609.0;0;2
13;69;nan;0.0;0.0;610.0;0.0;609.0;0;2
13;70;nan;0.0;0.0;610.0;0.0;609.0;0;2
13;71;nan;0.0;0.0;610.0;0.0;609.0;0;2
13;72;nan;0.0;0.0;610.0;0.0;609.0;0;2
13;73;nan;0.0;0.0;610.0;0.0;609.0;0;2
13;74;nan;0.0;0.0;610.0;0.0;609.0;0;2
13;75;nan;0.0;0.0;610.0;0.0;609.0;0;2
13;76;nan;0.0;0.0;610.0;0.0;609.0;0;2
13;77;nan;0.0;0.0;610.0;0.0;609.0;0;2
13;78;6.8;120.8;282.0;701.9;0.2;609.0;0;2
13;79;9.4;86.4;205.0;674.0;0.1;608.0;1;3
13;80;6.9;120.1;291.0;703.9;0.2;608.0;0;3
13;81;7.8;104.7;252.0;690.6;0.2;608.0;0;3
13;82;8.5;95.4;223.0;677.0;0.1;608.0;0;3
13;83;12.1;65.5;166.0;649.7;0.1;608.0;0;3
13;84;13.6;58.4;138.0;650.0;0.1;608.0;0;3
13;85;22.5;35.4;86.0;639.7;0.1;608.0;0;3
13;86;21.0;37.5;85.0;634.9;0.1;608.0;0;3
13;87;21.6;36.7;85.0;637.9;0.1;608.0;0;3
13;88;20.5;38.4;86.0;633.3;0.1;608.0;0;3
13;89;26.3;29.6;85.0;621.6;0.0;608.0;0;3
13;90;26.3;29.5;85.0;621.7;0.0;608.0;0;3
13;91;26.2;29.6;85.0;621.4;0.0;608.0;0;3
13;92;26.2;29.6;85.0;621.4;0.0;608.0;0;3
13;93;26.1;29.7;85.0;621.3;0.0;608.0;0;3
13;94;26.3;29.6;85.0;621.6;0.0;608.0;0;3
13;95;nan;0.0;0.0;609.0;0.0;608.0;0;3
13;96;nan;0.0;0.0;609.0;0.0;608.0;0;3
13;97;nan;0.0;0.0;609.0;0.0;608.0;0;3
13;98;nan;0.0;0.0;609.0;0.0;608.0;0;3
13;99;nan;0.0;0.0;609.0;0.0;608.0;0;3
14;0;5.8;208.5;517.0;1046.4;0.2;632.0;1;1
14;1;6.5;187.7;466.0;1041.4;0.2;632.0;0;1
14;2;5.3;231.7;544.0;1067.6;0.2;632.0;0;1
14;3;6.8;181.8;430.0;1051.7;0.2;632.0;0;1
14;4;6.2;198.6;474.0;1049.3;0.2;632.0;0;1
14;5;6.2;193.2;471.0;1024.9;0.2;632.0;0;1
14;6;5.8;211.2;521.0;1052.9;0.2;632.0;0;1
14;7;5.2;225.7;534.0;1015.7;0.2;632.0;0;1
14;8;5.4;211.8;497.0;995.0;0.2;632.0;0;1
14;9;6.2;188.3;442.0;1006.4;0.2;632.0;0;1
14;10;5.6;207.8;497.0;1014.3;0.2;632.0;1;2
14;11;6.1;192.2;499.0;1014.4;0.2;632.0;0;2
14;12;5.6;201.5;502.0;977.4;0.2;622.0;0;2
14;13;5.3;210.7;502.0;970.3;0.2;622.0;0;2
14;14;4.9;209.3;442.0;889.6;0.2;622.0;0;2
14;15;5.4;188.1;425.0;879.7;0.2;622.0;0;2
14;16;5.2;189.6;424.0;854.4;0.2;620.0;1;3
14;17;5.7;167.6;351.0;828.7;0.2;620.0;0;3
14;18;5.6;170.8;387.0;833.9;0.2;620.0;0;3
14;19;6.2;151.8;327.0;808.6;0.2;620.0;0;3
14;20;5.9;158.6;340.0;807.3;0.2;620.0;0;3
14;21;7.4;120.8;283.0;760.6;0.2;619.0;1;4
14;22;6.7;135.3;294.0;774.4;0.2;613.0;1;5
14;23;7.8;117.7;253.0;770.6;0.2;613.0;0;5
14;24;8.1;110.7;239.0;758.3;0.1;613.0;0;5
14;25;8.1;109.8;257.0;751.4;0.1;613.0;0;5
14;26;10.9;80.0;181.0;720.0;0.1;613.0;0;5
14;27;12.8;66.1;176.0;696.6;0.1;613.0;0;5
14;28;18.2;46.2;114.0;679.6;0.1;613.0;0;5
14;29;15.7;54.4;123.0;693.1;0.1;613.0;0;5
14;30;28.7;28.7;70.0;657.4;0.0;613.0;0;5
14;31;18.0;46.3;116.0;674.9;0.1;613.0;0;5
14;32;29.2;28.1;71.0;655.1;0.0;613.0;0;5
14;33;21.3;38.7;91.0;664.4;0.1;613.0;0;5
14;34;34.1;23.9;57.0;649.0;0.0;613.0;0;5
14;35;21.5;37.9;82.0;656.3;0.1;608.0;1;6
14;36;32.5;25.1;71.0;650.0;0.0;608.0;0;6
14;37;33.3;24.2;60.0;641.0;0.0;608.0;0;6
14;38;32.6;24.7;61.0;640.9;0.0;608.0;0;6
14;39;39.8;19.9;51.0;629.6;0.0;608.0;0;6
14;40;61.1;12.8;37.0;617.0;0.0;608.0;0;6
14;41;nan;0.0;0.0;608.0;0.0;608.0;0;6
14;42;nan;0.0;0.0;608.0;0.0;608.0;0;6
14;43;nan;0.0;0.0;608.0;0.0;608.0;0;6
14;44;nan;0.0;0.0;608.0;0.0;608.0;0;6
14;45;nan;0.0;0.0;608.0;0.0;608.0;0;6
14;46;nan;0.0;0.0;608.0;0.0;608.0;0;6
14;47;nan;0.0;0.0;608.0;0.0;608.0;0;6
14;48;nan;0.0;0.0;608.0;0.0;608.0;0;6
14;49;nan;0.0;0.0;608.0;0.0;608.0;0;6
14;50;nan;0.0;0.0;608.0;0.0;608.0;0;6
14;51;nan;0.0;0.0;608.0;0.0;608.0;0;6
14;52;nan;0.0;0.0;608.0;0.0;608.0;0;6
14;53;nan;0.0;0.0;608.0;0.0;608.0;0;6
14;54;nan;0.0;0.0;608.0;0.0;608.0;0;6
14;55;nan;0.0;0.0;608.0;0.0;608.0;0;6
14;56;nan;0.0;0.0;608.0;0.0;608.0;0;6
14;57;nan;0.0;0.0;608.0;0.0;608.0;0;6
14;58;nan;0.0;0.0;608.0;0.0;608.0;0;6
14;59;nan;0.0;0.0;608.0;0.0;608.0;0;6
14;60;nan;0.0;0.0;608.0;0.0;608.0;0;6
14;61;nan;0.0;0.0;608.0;0.0;608.0;0;6
14;62;nan;0.0;0.0;608.0;0.0;608.0;0;6
14;63;nan;0.0;0.0;608.0;0.0;608.0;0;6
14;64;nan;0.0;0.0;608.0;0.0;608.0;0;6
14;65;nan;0.0;0.0;608.0;0.0;608.0;0;6
14;66;nan;0.0;0.0;608.0;0.0;608.0;0;6
14;67;nan;0.0;0.0;608.0;0.0;608.0;0;6
14;68;nan;0.0;0.0;608.0;0.0;608.0;0;6
14;69;nan;0.0;0.0;608.0;0.0;608.0;0;6
14;70;nan;0.0;0.0;608.0;0.0;608.0;0;6
14;71;nan;0.0;0.0;608.0;0.0;608.0;0;6
14;72;nan;0.0;0.0;608.0;0.0;608.0;0;6
14;73;nan;0.0;0.0;608.0;0.0;608.0;0;6
14;74;nan;0.0;0.0;608.0;0.0;608.0;0;6
14;75;nan;0.0;0.0;608.0;0.0;608.0;0;6
14;76;nan;0.0;0.0;608.0;0.0;608.0;0;6
14;77;nan;0.0;0.0;608.0;0.0;608.0;0;6
14;78;nan;0.0;0.0;608.0;0.0;608.0;0;6
14;79;nan;0.0;0.0;608.0;0.0;608.0;0;6
14;80;nan;0.0;0.0;608.0;0.0;608.0;0;6
14;81;5.8;142.3;362.0;712.0;0.2;608.0;0;6
14;82;7.5;108.5;260.0;689.4;0.2;608.0;0;6
14;83;8.3;98.8;237.0;692.0;0.1;608.0;0;6
14;84;11.5;70.8;169.0;672.0;0.1;608.0;0;6
14;85;10.1;80.2;186.0;673.4;0.1;608.0;0;6
14;86;12.4;65.2;159.0;664.6;0.1;608.0;0;6
14;87;21.6;36.5;85.0;634.6;0.1;608.0;0;6
14;88;14.6;53.1;153.0;631.1;0.1;608.0;0;6
14;89;nan;0.0;0.0;608.0;0.0;608.0;0;6
14;90;nan;0.0;0.0;608.0;0.0;608.0;0;6
14;91;nan;0.0;0.0;608.0;0.0;608.0;0;6
14;92;nan;0.0;0.0;608.0;0.0;608.0;0;6
14;93;nan;0.0;0.0;608.0;0.0;608.0;0;6
14;94;nan;0.0;0.0;608.0;0.0;608.0;0;6
14;95;nan;0.0;0.0;608.0;0.0;608.0;0;6
14;96;nan;0.0;0.0;608.0;0.0;608.0;0;6
14;97;nan;0.0;0.0;608.0;0.0;608.0;0;6
14;98;nan;0.0;0.0;608.0;0.0;608.0;0;6
14;99;nan;0.0;0.0;608.0;0.0;608.0;0;6
15;0;7.0;178.4;439.0;1057.0;0.2;636.0;1;1
15;1;5.5;211.4;550.0;1013.1;0.2;623.0;1;2
15;2;6.3;194.4;453.0;1042.1;0.2;623.0;0;2
15;3;5.2;235.3;568.0;1058.7;0.2;623.0;0;2
15;4;6.0;198.0;461.0;1016.0;0.2;623.0;0;2
15;5;6.2;199.2;473.0;1054.1;0.2;623.0;0;2
15;6;6.9;180.1;423.0;1056.1;0.2;623.0;0;2
15;7;6.2;188.5;443.0;998.9;0.2;623.0;0;2
15;8;5.5;210.2;512.0;1000.0;0.2;623.0;0;2
15;9;5.7;202.5;474.0;999.1;0.2;623.0;0;2
15;10;5.5;204.9;485.0;969.1;0.2;623.0;0;2
15;11;6.0;182.3;462.0;945.7;0.2;623.0;0;2
15;12;5.9;192.9;465.0;982.1;0.2;623.0;0;2
15;13;6.0;187.1;472.0;958.9;0.2;623.0;0;2
15;14;5.4;184.0;434.0;862.0;0.2;611.0;1;3
15;15;5.4;187.2;441.0;879.1;0.2;611.0;0;3
15;16;4.9;202.0;439.0;860.3;0.2;611.0;0;3
15;17;5.7;162.4;364.0;805.6;0.2;611.0;0;3
15;18;5.8;168.7;371.0;846.4;0.2;611.0;0;3
15;19;5.5;175.7;391.0;836.1;0.2;611.0;0;3
15;20;6.1;153.8;366.0;800.1;0.2;611.0;0;3
15;21;6.5;142.4;310.0;789.4;0.2;611.0;0;3
15;22;6.9;131.7;294.0;777.3;0.2;611.0;0;3
15;23;9.9;88.7;193.0;729.9;0.1;611.0;0;3
15;24;8.9;99.0;245.0;737.3;0.1;611.0;0;3
15;25;11.5;75.4;168.0;713.6;0.1;611.0;0;3
15;26;11.8;72.7;173.0;707.1;0.1;611.0;0;3
15;27;11.6;74.8;177.0;714.6;0.1;611.0;0;3
15;28;19.6;42.5;92.0;673.3;0.1;611.0;0;3
15;29;14.3;59.0;140.0;689.7;0.1;611.0;0;3
15;30;17.3;48.4;111.0;676.6;0.1;611.0;0;3
15;31;20.4;40.8;97.0;672.6;0.1;611.0;0;3
15;32;18.8;44.5;106.0;678.4;0.1;611.0;0;3
15;33;21.9;37.7;93.0;664.7;0.1;611.0;0;3
15;34;27.8;29.5;71.0;655.9;0.0;611.0;0;3
15;35;29.3;27.9;67.0;653.4;0.0;611.0;0;3
15;36;26.1;31.1;72.0;650.0;0.0;611.0;0;3
15;37;100.0;4.8;13.0;620.1;0.0;611.0;0;3
15;38;100.0;4.6;13.0;619.9;0.0;611.0;0;3
15;39;100.0;3.5;7.0;618.0;0.0;611.0;0;3
15;40;100.0;3.5;7.0;618.0;0.0;611.0;0;3
15;41;100.0;2.4;7.0;616.0;0.0;611.0;0;3
15;42;nan;0.0;0.0;615.0;0.0;611.0;0;3
15;43;nan;0.0;0.0;615.0;0.0;611.0;0;3
15;44;nan;0.0;0.0;615.0;0.0;611.0;0;3
15;45;nan;0.0;0.0;615.0;0.0;611.0;0;3
15;46;nan;0.0;0.0;615.0;0.0;611.0;0;3
15;47;nan;0.0;0.0;615.0;0.0;611.0;0;3
15;48;nan;0.0;0.0;615.0;0.0;611.0;0;3
15;49;nan;0.0;0.0;615.0;0.0;611.0;0;3
15;50;nan;0.0;0.0;615.0;0.0;611.0;0;3
15;51;nan;0.0;0.0;615.0;0.0;611.0;0;3
15;52;nan;0.0;0.0;615.0;0.0;611.0;0;3
15;53;nan;0.0;0.0;615.0;0.0;611.0;0;3
15;54;nan;0.0;0.0;615.0;0.0;611.0;0;3
15;55;nan;0.0;0.0;615.0;0.0;611.0;0;3
15;56;nan;0.0;0.0;615.0;0.0;611.0;0;3
15;57;nan;0.0;0.0;615.0;0.0;611.0;0;3
15;58;nan;0.0;0.0;615.0;0.0;611.0;0;3
15;59;nan;0.0;0.0;615.0;0.0;611.0;0;3
15;60;nan;0.0;0.0;615.0;0.0;611.0;0;3
15;61;nan;0.0;0.0;615.0;0.0;611.0;0;3
15;62;nan;0.0;0.0;615.0;0.0;611.0;0;3
15;63;nan;0.0;0.0;615.0;0.0;611.0;0;3
15;64;nan;0.0;0.0;615.0;0.0;611.0;0;3
15;65;nan;0.0;0.0;615.0;0.0;611.0;0;3
15;66;nan;0.0;0.0;615.0;0.0;611.0;0;3
15;67;nan;0.0;0.0;615.0;0.0;611.0;0;3
15;68;nan;0.0;0.0;615.0;0.0;611.0;0;3
15;69;nan;0.0;0.0;615.0;0.0;611.0;0;3
15;70;nan;0.0;0.0;615.0;0.0;611.0;0;3
15;71;nan;0.0;0.0;615.0;0.0;611.0;0;3
15;72;nan;0.0;0.0;615.0;0.0;611.0;0;3
15;73;nan;0.0;0.0;615.0;0.0;611.0;0;3
15;74;nan;0.0;0.0;615.0;0.0;611.0;0;3
15;75;nan;0.0;0.0;615.0;0.0;611.0;0;3
15;76;nan;0.0;0.0;615.0;0.0;611.0;0;3
15;77;nan;0.0;0.0;615.0;0.0;611.0;0;3
15;78;nan;0.0;0.0;615.0;0.0;611.0;0;3
15;79;7.2;114.9;266.0;700.6;0.2;611.0;0;3
15;80;7.7;105.9;244.0;688.1;0.2;611.0;0;3
15;81;7.6;108.2;247.0;693.7;0.2;611.0;0;3
15;82;9.1;89.6;206.0;678.6;0.1;611.0;0;3
15;83;9.2;89.6;210.0;685.1;0.1;611.0;0;3
15;84;15.3;52.6;125.0;653.0;0.1;611.0;0;3
15;85;17.4;45.7;109.0;643.0;0.1;611.0;0;3
15;86;100.0;1.4;4.0;615.6;0.0;611.0;0;3
15;87;60.7;12.9;37.0;620.3;0.0;611.0;0;3
15;88;nan;0.0;0.0;615.0;0.0;611.0;0;3
15;89;nan;0.0;0.0;615.0;0.0;611.0;0;3
15;90;nan;0.0;0.0;615.0;0.0;611.0;0;3
15;91;nan;0.0;0.0;615.0;0.0;611.0;0;3
15;92;nan;0.0;0.0;615.0;0.0;611.0;0;3
15;93;nan;0.0;0.0;615.0;0.0;611.0;0;3
15;94;nan;0.0;0.0;615.0;0.0;611.0;0;3
15;95;nan;0.0;0.0;615.0;0.0;611.0;0;3
15;96;nan;0.0;0.0;615.0;0.0;611.0;0;3
15;97;nan;0.0;0.0;615.0;0.0;611.0;0;3
15;98;nan;0.0;0.0;615.0;0.0;611.0;0;3
15;99;nan;0.0;0.0;615.0;0.0;611.0;0;3
16;0;6.9;178.7;504.0;1051.4;0.2;619.0;1;1
16;1;5.8;195.9;509.0;985.0;0.2;619.0;0;1
16;2;6.1;199.6;515.0;1049.1;0.2;619.0;0;1
16;3;5.4;217.8;553.0;1023.0;0.2;619.0;0;1
16;4;6.0;197.2;478.0;1013.4;0.2;619.0;0;1
16;5;5.5;210.7;508.0;1000.1;0.2;619.0;1;2
16;6;6.0;203.0;485.0;1052.1;0.2;619.0;0;2
16;7;5.8;201.7;477.0;1010.7;0.2;619.0;0;2
16;8;6.4;182.4;438.0;1001.7;0.2;619.0;0;2
16;9;5.8;198.4;515.0;999.1;0.2;619.0;0;2
16;10;5.7;197.2;489.0;975.0;0.2;619.0;0;2
16;11;5.2;219.9;498.0;986.3;0.2;619.0;0;2
16;12;5.5;198.5;487.0;951.0;0.2;619.0;0;2
16;13;6.2;178.6;420.0;947.4;0.2;619.0;0;2
16;14;4.8;212.8;455.0;887.1;0.2;619.0;0;2
16;15;5.2;196.3;437.0;886.4;0.2;619.0;0;2
16;16;4.9;207.2;472.0;890.3;0.2;619.0;0;2
16;17;5.3;189.6;400.0;865.9;0.2;619.0;0;2
16;18;5.5;175.3;385.0;834.4;0.2;618.0;0;2
16;19;5.8;167.1;356.0;837.7;0.2;618.0;0;2
16;20;6.5;143.6;320.0;800.3;0.2;618.0;0;2
16;21;6.0;161.0;347.0;825.0;0.2;618.0;0;2
16;22;7.0;131.6;299.0;781.4;0.2;618.0;0;2
16;23;6.8;134.5;311.0;778.7;0.2;610.0;1;3
16;24;7.9;112.6;255.0;747.6;0.2;610.0;0;3
16;25;9.9;88.6;212.0;731.0;0.1;610.0;0;3
16;26;13.5;63.2;146.0;700.0;0.1;610.0;0;3
16;27;13.1;64.5;155.0;692.0;0.1;610.0;0;3
16;28;12.7;67.1;160.0;698.9;0.1;610.0;0;3
16;29;15.5;54.4;123.0;684.7;0.1;610.0;0;3
16;30;24.3;33.9;79.0;661.7;0.1;610.0;0;3
16;31;22.1;36.9;98.0;657.4;0.1;610.0;0;3
16;32;28.4;28.8;65.0;653.4;0.0;610.0;0;3
16;33;46.5;17.6;51.0;648.0;0.0;610.0;0;3
16;34;29.3;27.8;67.0;648.9;0.0;610.0;0;3
16;35;69.9;11.5;32.0;632.0;0.0;609.0;1;4
16;36;41.1;19.7;52.0;641.4;0.0;609.0;0;4
16;37;98.5;8.2;17.0;633.4;0.0;609.0;0;4
16;38;100.0;5.6;12.0;630.1;0.0;609.0;0;4
16;39;100.0;6.1;15.0;628.1;0.0;609.0;0;4
16;40;100.0;5.6;12.0;628.6;0.0;609.0;0;4
16;41;100.0;5.4;11.0;628.7;0.0;609.0;0;4
16;42;90.6;8.8;26.0;626.6;0.0;609.0;0;4
16;43;100.0;5.7;13.0;628.4;0.0;609.0;0;4
16;44;100.0;6.2;13.0;627.9;0.0;609.0;0;4
16;45;100.0;5.8;13.0;626.9;0.0;609.0;0;4
16;46;100.0;4.9;13.0;626.3;0.0;609.0;0;4
16;47;100.0;5.9;15.0;627.1;0.0;609.0;0;4
16;48;100.0;2.3;5.0;624.4;0.0;609.0;0;4
16;49;100.0;2.3;5.0;624.4;0.0;609.0;0;4
16;50;100.0;2.3;5.0;624.4;0.0;609.0;0;4
16;51;100.0;1.9;4.0;624.9;0.0;609.0;0;4
16;52;100.0;2.3;6.0;624.7;0.0;609.0;0;4
16;53;100.0;2.3;5.0;624.4;0.0;609.0;0;4
16;54;100.0;2.0;4.0;624.7;0.0;609.0;0;4
16;55;100.0;2.3;5.0;624.4;0.0;609.0;0;4
16;56;100.0;2.1;5.0;624.6;0.0;609.0;0;4
16;57;100.0;1.9;5.0;624.0;0.0;609.0;0;4
16;58;100.0;1.5;3.0;623.3;0.0;609.0;0;4
16;59;100.0;1.5;3.0;623.3;0.0;609.0;0;4
16;60;nan;0.0;0.0;622.0;0.0;609.0;0;4
16;61;nan;0.0;0.0;622.0;0.0;609.0;0;4
16;62;100.0;1.0;3.0;622.4;0.0;609.0;0;4
16;63;nan;0.0;0.0;622.0;0.0;609.0;0;4
16;64;nan;0.0;0.0;622.0;0.0;609.0;0;4
16;65;nan;0.0;0.0;622.0;0.0;609.0;0;4
16;66;nan;0.0;0.0;622.0;0.0;609.0;0;4
16;67;nan;0.0;0.0;622.0;0.0;609.0;0;4
16;68;nan;0.0;0.0;622.0;0.0;609.0;0;4
16;69;nan;0.0;0.0;622.0;0.0;609.0;0;4
16;70;nan;0.0;0.0;622.0;0.0;609.0;0;4
16;71;nan;0.0;0.0;622.0;0.0;609.0;0;4
16;72;nan;0.0;0.0;622.0;0.0;609.0;0;4
16;73;nan;0.0;0.0;622.0;0.0;609.0;0;4
16;74;nan;0.0;0.0;622.0;0.0;609.0;0;4
16;75;nan;0.0;0.0;622.0;0.0;609.0;0;4
16;76;nan;0.0;0.0;622.0;0.0;609.0;0;4
16;77;nan;0.0;0.0;622.0;0.0;609.0;0;4
16;78;nan;0.0;0.0;622.0;0.0;609.0;0;4
16;79;nan;0.0;0.0;622.0;0.0;609.0;0;4
16;80;nan;0.0;0.0;622.0;0.0;609.0;0;4
16;81;5.6;147.7;337.0;720.6;0.2;609.0;0;4
16;82;6.2;134.1;307.0;711.3;0.2;609.0;0;4
16;83;7.8;104.5;247.0;689.3;0.2;609.0;0;4
16;84;9.1;89.7;208.0;683.4;0.1;609.0;0;4
16;85;10.0;81.4;191.0;674.4;0.1;609.0;0;4
16;86;13.1;62.1;147.0;667.9;0.1;609.0;0;4
16;87;15.1;53.3;126.0;655.4;0.1;609.0;0;4
16;88;35.7;22.1;70.0;628.3;0.0;609.0;0;4
16;89;78.1;10.2;30.0;626.1;0.0;609.0;0;4
16;90;100.0;3.4;10.0;622.9;0.0;609.0;0;4
16;91;100.0;3.1;9.0;622.6;0.0;609.0;0;4
16;92;100.0;2.2;7.0;623.1;0.0;609.0;0;4
16;93;nan;0.0;0.0;621.0;0.0;609.0;0;4
16;94;nan;0.0;0.0;621.0;0.0;609.0;0;4
16;95;100.0;1.0;3.0;620.6;0.0;609.0;0;4
16;96;nan;0.0;0.0;621.0;0.0;609.0;0;4
16;97;nan;0.0;0.0;621.0;0.0;609.0;0;4
16;98;nan;0.0;0.0;621.0;0.0;609.0;0;4
16;99;nan;0.0;0.0;621.0;0.0;609.0;0;4
17;0;6.6;190.5;457.0;1077.7;0.2;620.0;1;1
17;1;6.0;197.6;481.0;1019.7;0.2;620.0;0;1
17;2;5.5;224.3;526.0;1062.7;0.2;620.0;0;1
17;3;5.9;205.4;502.0;1048.7;0.2;620.0;0;1
17;4;5.8;208.6;527.0;1050.4;0.2;620.0;0;1
17;5;5.6;215.8;510.0;1049.3;0.2;620.0;0;1
17;6;6.4;191.7;444.0;1049.1;0.2;620.0;0;1
17;7;5.6;205.2;496.0;999.6;0.2;620.0;0;1
17;8;5.6;203.5;465.0;989.4;0.2;620.0;0;1
17;9;5.9;192.3;479.0;972.6;0.2;620.0;0;1
17;10;5.4;207.2;502.0;963.7;0.2;620.0;0;1
17;11;5.3;216.5;507.0;994.9;0.2;620.0;0;1
17;12;6.2;183.1;424.0;978.1;0.2;620.0;0;1
17;13;6.1;183.1;442.0;963.7;0.2;620.0;0;1
17;14;4.8;209.9;438.0;885.0;0.2;620.0;0;1
17;15;4.8;212.7;476.0;896.6;0.2;620.0;0;1
17;16;5.3;181.4;403.0;839.1;0.2;620.0;0;1
17;17;4.8;208.5;445.0;882.3;0.2;620.0;0;1
17;18;5.5;181.7;422.0;859.9;0.2;619.0;1;2
17;19;5.8;162.0;344.0;812.9;0.2;619.0;0;2
17;20;5.8;165.0;363.0;823.7;0.2;619.0;0;2
17;21;6.0;155.6;357.0;805.1;0.2;617.0;1;3
17;22;7.1;129.9;293.0;779.7;0.2;612.0;1;4
17;23;7.2;127.5;279.0;776.1;0.2;612.0;0;4
17;24;8.4;105.2;218.0;742.1;0.1;612.0;0;4
17;25;9.1;98.2;207.0;745.6;0.1;612.0;0;4
17;26;12.0;70.2;165.0;695.4;0.1;612.0;0;4
17;27;12.6;67.3;150.0;697.3;0.1;612.0;0;4
17;28;11.0;78.0;174.0;711.7;0.1;612.0;0;4
17;29;15.5;53.8;125.0;679.7;0.1;612.0;0;4
17;30;11.7;72.0;162.0;696.6;0.1;612.0;0;4
17;31;18.5;45.0;110.0;674.1;0.1;612.0;0;4
17;32;42.9;18.7;55.0;637.3;0.0;612.0;0;4
17;33;44.2;18.3;42.0;642.0;0.0;612.0;0;4
17;34;28.9;28.1;70.0;648.1;0.0;612.0;0;4
17;35;89.0;9.1;22.0;633.4;0.0;612.0;0;4
17;36;100.0;6.2;13.0;628.4;0.0;612.0;0;4
17;37;100.0;6.1;13.0;628.7;0.0;612.0;0;4
17;38;100.0;6.2;13.0;628.1;0.0;612.0;0;4
17;39;100.0;5.4;12.0;624.4;0.0;612.0;0;4
17;40;100.0;5.3;11.0;625.6;0.0;612.0;0;4
17;41;100.0;6.3;13.0;626.4;0.0;612.0;0;4
17;42;nan;0.0;0.0;621.0;0.0;612.0;0;4
17;43;nan;0.0;0.0;621.0;0.0;612.0;0;4
17;44;nan;0.0;0.0;621.0;0.0;612.0;0;4
17;45;nan;0.0;0.0;621.0;0.0;612.0;0;4
17;46;nan;0.0;0.0;621.0;0.0;612.0;0;4
17;47;nan;0.0;0.0;621.0;0.0;612.0;0;4
17;48;nan;0.0;0.0;621.0;0.0;612.0;0;4
17;49;nan;0.0;0.0;621.0;0.0;612.0;0;4
17;50;nan;0.0;0.0;621.0;0.0;612.0;0;4
17;51;nan;0.0;0.0;621.0;0.0;612.0;0;4
17;52;nan;0.0;0.0;621.0;0.0;612.0;0;4
17;53;nan;0.0;0.0;621.0;0.0;612.0;0;4
17;54;nan;0.0;0.0;621.0;0.0;612.0;0;4
17;55;nan;0.0;0.0;621.0;0.0;612.0;0;4
17;56;nan;0.0;0.0;621.0;0.0;612.0;0;4
17;57;nan;0.0;0.0;621.0;0.0;612.0;0;4
17;58;nan;0.0;0.0;621.0;0.0;612.0;0;4
17;59;nan;0.0;0.0;621.0;0.0;612.0;0;4
17;60;nan;0.0;0.0;621.0;0.0;612.0;0;4
17;61;nan;0.0;0.0;621.0;0.0;612.0;0;4
17;62;nan;0.0;0.0;621.0;0.0;612.0;0;4
17;63;nan;0.0;0.0;621.0;0.0;612.0;0;4
17;64;nan;0.0;0.0;621.0;0.0;612.0;0;4
17;65;nan;0.0;0.0;621.0;0.0;612.0;0;4
17;66;nan;0.0;0.0;621.0;0.0;612.0;0;4
17;67;nan;0.0;0.0;621.0;0.0;612.0;0;4
17;68;5.4;157.9;370.0;735.3;0.2;612.0;0;4
17;69;4.5;190.9;445.0;756.9;0.3;612.0;0;4
17;70;5.8;145.5;335.0;730.1;0.2;612.0;0;4
17;71;6.3;130.9;310.0;705.0;0.2;612.0;0;4
17;72;6.4;129.7;315.0;707.4;0.2;612.0;0;4
17;73;7.9;103.8;251.0;695.0;0.1;612.0;0;4
17;74;8.2;99.3;227.0;684.0;0.1;612.0;0;4
17;75;6.6;125.6;289.0;708.1;0.2;612.0;0;4
17;76;10.6;77.2;184.0;677.9;0.1;612.0;0;4
17;77;8.8;91.6;211.0;675.4;0.1;610.0;1;5
17;78;21.1;37.8;96.0;642.9;0.1;610.0;0;5
17;79;16.6;48.2;123.0;650.0;0.1;608.0;1;6
17;80;22.6;34.9;87.0;633.4;0.1;608.0;0;6
17;81;nan;0.0;0.0;608.0;0.0;608.0;0;6
17;82;nan;0.0;0.0;608.0;0.0;608.0;0;6
17;83;nan;0.0;0.0;608.0;0.0;608.0;0;6
17;84;nan;0.0;0.0;608.0;0.0;608.0;0;6
17;85;nan;0.0;0.0;608.0;0.0;608.0;0;6
17;86;nan;0.0;0.0;608.0;0.0;608.0;0;6
17;87;nan;0.0;0.0;608.0;0.0;608.0;0;6
17;88;nan;0.0;0.0;608.0;0.0;608.0;0;6
17;89;nan;0.0;0.0;608.0;0.0;608.0;0;6
17;90;nan;0.0;0.0;608.0;0.0;608.0;0;6
17;91;nan;0.0;0.0;608.0;0.0;608.0;0;6
17;92;nan;0.0;0.0;608.0;0.0;608.0;0;6
17;93;nan;0.0;0.0;608.0;0.0;608.0;0;6
17;94;nan;0.0;0.0;608.0;0.0;608.0;0;6
17;95;nan;0.0;0.0;608.0;0.0;608.0;0;6
17;96;nan;0.0;0.0;608.0;0.0;608.0;0;6
17;97;nan;0.0;0.0;608.0;0.0;608.0;0;6
17;98;nan;0.0;0.0;608.0;0.0;608.0;0;6
17;99;nan;0.0;0.0;608.0;0.0;608.0;0;6
18;0;5.3;227.7;534.0;1048.3;0.2;623.0;1;1
18;1;5.3;227.2;533.0;1038.4;0.2;623.0;0;1
18;2;6.3;191.3;452.0;1035.4;0.2;623.0;0;1
18;3;7.2;173.7;421.0;1057.4;0.2;623.0;0;1
18;4;5.3;218.2;534.0;1008.7;0.2;623.0;0;1
18;5;6.5;186.3;454.0;1028.7;0.2;623.0;0;1
18;6;6.2;197.4;453.0;1044.9;0.2;623.0;0;1
18;7;5.7;204.9;490.0;1011.0;0.2;623.0;0;1
18;8;6.2;187.3;442.0;1000.3;0.2;623.0;0;1
18;9;6.7;181.5;440.0;1036.6;0.2;623.0;0;1
18;10;5.8;203.8;478.0;1015.7;0.2;623.0;0;1
18;11;5.7;199.2;470.0;981.0;0.2;623.0;0;1
18;12;6.0;188.0;476.0;973.9;0.2;623.0;1;2
18;13;5.2;215.2;508.0;981.7;0.2;623.0;0;2
18;14;5.1;199.3;473.0;891.1;0.2;620.0;0;2
18;15;5.2;200.3;447.0;901.1;0.2;620.0;0;2
18;16;5.2;191.3;440.0;865.3;0.2;620.0;0;2
18;17;5.4;182.5;410.0;853.9;0.2;618.0;0;2
18;18;5.0;196.8;455.0;858.7;0.2;618.0;0;2
18;19;6.2;153.1;350.0;813.1;0.2;618.0;0;2
18;20;5.8;164.6;350.0;820.1;0.2;618.0;0;2
18;21;8.3;107.7;245.0;753.7;0.1;618.0;0;2
18;22;6.3;145.6;320.0;791.1;0.2;612.0;1;3
18;23;6.5;142.5;300.0;787.0;0.2;612.0;0;3
18;24;6.6;137.8;292.0;778.6;0.2;612.0;0;3
18;25;9.6;93.2;211.0;742.3;0.1;612.0;0;3
18;26;10.0;87.2;190.0;723.4;0.1;612.0;0;3
18;27;9.2;95.2;215.0;730.3;0.1;612.0;0;3
18;28;13.6;62.0;161.0;690.0;0.1;612.0;0;3
18;29;19.8;41.5;117.0;664.7;0.1;612.0;0;3
18;30;32.9;24.9;62.0;653.1;0.0;612.0;0;3
18;31;16.0;52.2;130.0;680.7;0.1;612.0;0;3
18;32;31.3;25.9;74.0;646.0;0.0;612.0;0;3
18;33;78.0;10.3;31.0;634.3;0.0;612.0;0;3
18;34;100.0;2.9;7.0;628.0;0.0;612.0;0;3
18;35;100.0;2.3;5.0;628.0;0.0;612.0;0;3
18;36;100.0;2.5;5.0;627.9;0.0;612.0;0;3
18;37;100.0;2.4;5.0;627.7;0.0;612.0;0;3
18;38;100.0;2.7;6.0;628.1;0.0;612.0;0;3
18;39;100.0;2.6;6.0;627.0;0.0;612.0;0;3
18;40;100.0;4.3;13.0;626.0;0.0;612.0;0;3
18;41;100.0;2.4;6.0;627.0;0.0;612.0;0;3
18;42;100.0;2.8;8.0;627.0;0.0;612.0;0;3
18;43;nan;0.0;0.0;625.0;0.0;612.0;0;3
18;44;nan;0.0;0.0;625.0;0.0;612.0;0;3
18;45;nan;0.0;0.0;625.0;0.0;612.0;0;3
18;46;nan;0.0;0.0;625.0;0.0;612.0;0;3
18;47;nan;0.0;0.0;625.0;0.0;612.0;0;3
18;48;nan;0.0;0.0;625.0;0.0;612.0;0;3
18;49;nan;0.0;0.0;625.0;0.0;612.0;0;3
18;50;nan;0.0;0.0;625.0;0.0;612.0;0;3
18;51;nan;0.0;0.0;625.0;0.0;612.0;0;3
18;52;100.0;1.0;3.0;624.6;0.0;612.0;0;3
18;53;nan;0.0;0.0;625.0;0.0;612.0;0;3
18;54;nan;0.0;0.0;625.0;0.0;612.0;0;3
18;55;nan;0.0;0.0;625.0;0.0;612.0;0;3
18;56;nan;0.0;0.0;625.0;0.0;612.0;0;3
18;57;nan;0.0;0.0;625.0;0.0;612.0;0;3
18;58;nan;0.0;0.0;625.0;0.0;612.0;0;3
18;59;nan;0.0;0.0;625.0;0.0;612.0;0;3
18;60;nan;0.0;0.0;625.0;0.0;612.0;0;3
18;61;nan;0.0;0.0;625.0;0.0;612.0;0;3
18;62;nan;0.0;0.0;625.0;0.0;612.0;0;3
18;63;nan;0.0;0.0;625.0;0.0;612.0;0;3
18;64;nan;0.0;0.0;625.0;0.0;612.0;0;3
18;65;nan;0.0;0.0;625.0;0.0;612.0;0;3
18;66;nan;0.0;0.0;625.0;0.0;612.0;0;3
18;67;nan;0.0;0.0;625.0;0.0;612.0;0;3
18;68;6.3;132.7;323.0;711.9;0.2;612.0;0;3
18;69;6.1;139.7;330.0;726.3;0.2;612.0;0;3
18;70;6.4;131.2;327.0;715.9;0.2;612.0;0;3
18;71;6.0;138.4;318.0;711.0;0.2;612.0;0;3
18;72;7.5;109.0;248.0;694.3;0.2;612.0;0;3
18;73;7.9;103.5;237.0;692.0;0.1;612.0;0;3
18;74;11.4;71.7;173.0;675.1;0.1;612.0;0;3
18;75;12.8;63.6;148.0;665.6;0.1;612.0;0;3
18;76;12.4;65.0;148.0;663.3;0.1;612.0;0;3
18;77;12.5;64.4;150.0;663.7;0.1;612.0;0;3
18;78;12.8;63.0;150.0;663.1;0.1;612.0;0;3
18;79;17.3;46.7;113.0;656.3;0.1;612.0;0;3
18;80;20.2;39.4;124.0;641.9;0.1;612.0;0;3
18;81;25.6;31.0;98.0;637.6;0.0;612.0;0;3
18;82;30.6;26.0;82.0;635.3;0.0;612.0;0;3
18;83;27.5;28.9;67.0;634.0;0.0;612.0;0;3
18;84;37.4;21.1;50.0;628.3;0.0;612.0;0;3
18;85;60.1;13.1;29.0;621.3;0.0;612.0;0;3
18;86;60.7;13.1;31.0;626.1;0.0;612.0;0;3
18;87;35.6;22.2;63.0;629.0;0.0;612.0;0;3
18;88;16.0;49.6;143.0;644.7;0.1;612.0;0;3
18;89;nan;0.0;0.0;613.0;0.0;612.0;0;3
18;90;nan;0.0;0.0;613.0;0.0;612.0;0;3
18;91;nan;0.0;0.0;613.0;0.0;612.0;0;3
18;92;nan;0.0;0.0;613.0;0.0;612.0;0;3
18;93;nan;0.0;0.0;613.0;0.0;612.0;0;3
18;94;nan;0.0;0.0;613.0;0.0;612.0;0;3
18;95;nan;0.0;0.0;613.0;0.0;612.0;0;3
18;96;nan;0.0;0.0;613.0;0.0;612.0;0;3
18;97;nan;0.0;0.0;613.0;0.0;612.0;0;3
18;98;nan;0.0;0.0;613.0;0.0;612.0;0;3
18;99;nan;0.0;0.0;613.0;0.0;612.0;0;3
19;0;6.3;202.2;480.0;1095.3;0.2;625.0;1;1
19;1;6.5;188.6;474.0;1046.0;0.2;623.0;1;2
19;2;5.5;209.2;481.0;1002.7;0.2;623.0;0;2
19;3;6.6;184.6;438.0;1041.1;0.2;623.0;0;2
19;4;6.3;189.4;469.0;1019.0;0.2;623.0;0;2
19;5;5.4;228.1;570.0;1060.4;0.2;623.0;0;2
19;6;6.3;195.5;483.0;1056.1;0.2;623.0;0;2
19;7;6.1;199.8;489.0;1051.1;0.2;623.0;0;2
19;8;5.5;218.0;516.0;1045.1;0.2;623.0;0;2
19;9;5.6;214.1;523.0;1029.4;0.2;623.0;0;2
19;10;7.0;168.9;408.0;1003.1;0.2;623.0;0;2
19;11;6.7;175.7;453.0;1005.9;0.2;623.0;0;2
19;12;5.8;198.4;490.0;998.7;0.2;623.0;0;2
19;13;6.1;181.4;448.0;945.0;0.2;623.0;0;2
19;14;5.6;185.9;415.0;904.6;0.2;623.0;0;2
19;15;5.3;193.6;428.0;890.0;0.2;623.0;0;2
19;16;5.1;200.8;429.0;893.9;0.2;623.0;0;2
19;17;4.8;204.3;428.0;864.4;0.2;622.0;1;3
19;18;5.4;176.9;375.0;828.4;0.2;617.0;1;4
19;19;5.7;167.9;393.0;820.0;0.2;617.0;0;4
19;20;6.8;136.3;301.0;791.0;0.2;617.0;0;4
19;21;6.5;144.4;321.0;801.1;0.2;617.0;0;4
19;22;7.0;129.9;285.0;770.1;0.2;617.0;0;4
19;23;7.4;122.3;264.0;765.9;0.2;617.0;0;4
19;24;7.8;115.5;259.0;763.4;0.2;617.0;0;4
19;25;10.0;87.3;212.0;729.1;0.1;617.0;0;4
19;26;11.4;76.1;177.0;713.7;0.1;612.0;1;5
19;27;11.6;73.9;162.0;709.0;0.1;612.0;0;5
19;28;9.7;90.5;193.0;732.4;0.1;612.0;0;5
19;29;11.8;72.4;170.0;704.7;0.1;612.0;0;5
19;30;21.0;39.0;91.0;660.6;0.1;610.0;1;6
19;31;18.1;45.5;97.0;667.4;0.1;610.0;0;6
19;32;35.1;22.8;62.0;636.1;0.0;610.0;0;6
19;33;100.0;2.8;6.0;614.9;0.0;610.0;0;6
19;34;nan;0.0;0.0;612.0;0.0;610.0;0;6
19;35;nan;0.0;0.0;612.0;0.0;610.0;0;6
19;36;nan;0.0;0.0;612.0;0.0;610.0;0;6
19;37;nan;0.0;0.0;612.0;0.0;610.0;0;6
19;38;nan;0.0;0.0;612.0;0.0;610.0;0;6
19;39;nan;0.0;0.0;612.0;0.0;610.0;0;6
19;40;nan;0.0;0.0;612.0;0.0;610.0;0;6
19;41;nan;0.0;0.0;612.0;0.0;610.0;0;6
19;42;nan;0.0;0.0;612.0;0.0;610.0;0;6
19;43;nan;0.0;0.0;612.0;0.0;610.0;0;6
19;44;nan;0.0;0.0;612.0;0.0;610.0;0;6
19;45;nan;0.0;0.0;612.0;0.0;610.0;0;6
19;46;nan;0.0;0.0;612.0;0.0;610.0;0;6
19;47;nan;0.0;0.0;612.0;0.0;610.0;0;6
19;48;nan;0.0;0.0;612.0;0.0;610.0;0;6
19;49;nan;0.0;0.0;612.0;0.0;610.0;0;6
19;50;nan;0.0;0.0;612.0;0.0;610.0;0;6
19;51;nan;0.0;0.0;612.0;0.0;610.0;0;6
19;52;nan;0.0;0.0;612.0;0.0;610.0;0;6
19;53;nan;0.0;0.0;612.0;0.0;610.0;0;6
19;54;nan;0.0;0.0;612.0;0.0;610.0;0;6
19;55;nan;0.0;0.0;612.0;0.0;610.0;0;6
19;56;nan;0.0;0.0;612.0;0.0;610.0;0;6
19;57;nan;0.0;0.0;612.0;0.0;610.0;0;6
19;58;nan;0.0;0.0;612.0;0.0;610.0;0;6
19;59;nan;0.0;0.0;612.0;0.0;610.0;0;6
19;60;nan;0.0;0.0;612.0;0.0;610.0;0;6
19;61;nan;0.0;0.0;612.0;0.0;610.0;0;6
19;62;nan;0.0;0.0;612.0;0.0;610.0;0;6
19;63;nan;0.0;0.0;612.0;0.0;610.0;0;6
19;64;nan;0.0;0.0;612.0;0.0;610.0;0;6
19;65;nan;0.0;0.0;612.0;0.0;610.0;0;6
19;66;nan;0.0;0.0;612.0;0.0;610.0;0;6
19;67;nan;0.0;0.0;612.0;0.0;610.0;0;6
19;68;nan;0.0;0.0;612.0;0.0;610.0;0;6
19;69;nan;0.0;0.0;612.0;0.0;610.0;0;6
19;70;nan;0.0;0.0;612.0;0.0;610.0;0;6
19;71;nan;0.0;0.0;612.0;0.0;610.0;0;6
19;72;nan;0.0;0.0;612.0;0.0;610.0;0;6
19;73;nan;0.0;0.0;612.0;0.0;610.0;0;6
19;74;nan;0.0;0.0;612.0;0.0;610.0;0;6
19;75;nan;0.0;0.0;612.0;0.0;610.0;0;6
19;76;6.1;134.0;304.0;703.7;0.2;610.0;0;6
19;77;6.7;122.8;289.0;702.4;0.2;610.0;0;6
19;78;8.4;97.2;225.0;687.1;0.1;610.0;0;6
19;79;7.9;103.8;240.0;695.6;0.1;610.0;0;6
19;80;11.9;67.6;158.0;661.1;0.1;610.0;0;6
19;81;14.0;57.0;136.0;654.3;0.1;610.0;0;6
19;82;10.5;76.2;181.0;665.9;0.1;610.0;0;6
19;83;30.1;26.2;60.0;630.9;0.0;610.0;0;6
19;84;nan;0.0;0.0;612.0;0.0;610.0;0;6
19;85;nan;0.0;0.0;612.0;0.0;610.0;0;6
19;86;nan;0.0;0.0;612.0;0.0;610.0;0;6
19;87;nan;0.0;0.0;612.0;0.0;610.0;0;6
19;88;nan;0.0;0.0;612.0;0.0;610.0;0;6
19;89;nan;0.0;0.0;612.0;0.0;610.0;0;6
19;90;nan;0.0;0.0;612.0;0.0;610.0;0;6
19;91;nan;0.0;0.0;612.0;0.0;610.0;0;6
19;92;nan;0.0;0.0;612.0;0.0;610.0;0;6
19;93;nan;0.0;0.0;612.0;0.0;610.0;0;6
19;94;nan;0.0;0.0;612.0;0.0;610.0;0;6
19;95;nan;0.0;0.0;612.0;0.0;610.0;0;6
19;96;nan;0.0;0.0;612.0;0.0;610.0;0;6
19;97;nan;0.0;0.0;612.0;0.0;610.0;0;6
19;98;nan;0.0;0.0;612.0;0.0;610.0;0;6
19;99;nan;0.0;0.0;612.0;0.0;610.0;0;6
20;0;5.4;219.8;545.0;1026.7;0.2;618.0;1;1
20;1;5.4;223.1;558.0;1051.6;0.2;617.0;1;2
20;2;7.0;170.8;420.0;1013.6;0.2;617.0;0;2
20;3;5.7;220.4;563.0;1087.7;0.2;617.0;0;2
20;4;6.8;182.9;427.0;1065.1;0.2;617.0;0;2
20;5;6.0;202.9;474.0;1040.7;0.2;617.0;0;2
20;6;5.7;206.7;517.0;1022.1;0.2;617.0;1;3
20;7;6.1;200.2;514.0;1044.7;0.2;617.0;0;3
20;8;5.5;216.3;508.0;1024.0;0.2;617.0;0;3
20;9;5.9;192.6;464.0;978.4;0.2;617.0;0;3
20;10;6.2;185.1;432.0;982.3;0.2;617.0;0;3
20;11;5.3;216.2;511.0;996.6;0.2;617.0;0;3
20;12;5.4;211.5;498.0;985.3;0.2;617.0;0;3
20;13;6.3;178.0;432.0;955.7;0.2;617.0;0;3
20;14;4.7;217.1;459.0;900.1;0.2;617.0;0;3
20;15;5.2;197.9;468.0;901.3;0.2;617.0;0;3
20;16;4.9;208.1;454.0;899.7;0.2;617.0;0;3
20;17;5.7;173.4;404.0;858.9;0.2;617.0;0;3
20;18;6.4;147.5;341.0;813.3;0.2;617.0;0;3
20;19;6.3;150.9;347.0;813.6;0.2;617.0;0;3
20;20;7.0;135.7;308.0;803.0;0.2;617.0;0;3
20;21;6.4;146.1;337.0;795.3;0.2;617.0;0;3
20;22;5.6;169.8;366.0;826.4;0.2;617.0;0;3
20;23;7.5;119.4;253.0;761.0;0.2;617.0;0;3
20;24;8.4;105.5;240.0;742.9;0.1;617.0;0;3
20;25;11.1;78.1;188.0;713.9;0.1;612.0;1;4
20;26;13.0;65.5;141.0;699.9;0.1;612.0;0;4
20;27;15.0;56.3;122.0;688.6;0.1;612.0;0;4
20;28;14.1;59.5;139.0;686.4;0.1;612.0;0;4
20;29;23.8;34.6;82.0;661.1;0.1;612.0;0;4
20;30;29.0;28.1;69.0;651.3;0.0;610.0;1;5
20;31;27.9;29.4;70.0;656.1;0.0;610.0;0;5
20;32;43.3;18.7;49.0;641.7;0.0;610.0;0;5
20;33;47.8;16.8;48.0;636.7;0.0;610.0;0;5
20;34;89.5;9.0;20.0;632.6;0.0;610.0;0;5
20;35;100.0;8.0;21.0;633.7;0.0;610.0;0;5
20;36;100.0;6.7;14.0;629.7;0.0;610.0;0;5
20;37;100.0;5.6;12.0;628.4;0.0;610.0;0;5
20;38;100.0;5.2;12.0;627.6;0.0;610.0;0;5
20;39;100.0;4.5;10.0;625.9;0.0;610.0;0;5
20;40;100.0;4.0;8.0;625.4;0.0;610.0;0;5
20;41;100.0;4.0;8.0;625.4;0.0;610.0;0;5
20;42;100.0;3.0;6.0;624.6;0.0;610.0;0;5
20;43;100.0;3.5;7.0;625.0;0.0;610.0;0;5
20;44;100.0;3.5;7.0;625.0;0.0;610.0;0;5
20;45;100.0;3.5;7.0;625.0;0.0;610.0;0;5
20;46;100.0;3.3;7.0;624.9;0.0;610.0;0;5
20;47;nan;0.0;0.0;622.0;0.0;610.0;0;5
20;48;nan;0.0;0.0;622.0;0.0;610.0;0;5
20;49;nan;0.0;0.0;622.0;0.0;610.0;0;5
20;50;nan;0.0;0.0;622.0;0.0;610.0;0;5
20;51;nan;0.0;0.0;622.0;0.0;610.0;0;5
20;52;nan;0.0;0.0;622.0;0.0;610.0;0;5
20;53;nan;0.0;0.0;622.0;0.0;610.0;0;5
20;54;nan;0.0;0.0;622.0;0.0;610.0;0;5
20;55;nan;0.0;0.0;622.0;0.0;610.0;0;5
20;56;nan;0.0;0.0;622.0;0.0;610.0;0;5
20;57;nan;0.0;0.0;622.0;0.0;610.0;0;5
20;58;nan;0.0;0.0;622.0;0.0;610.0;0;5
20;59;nan;0.0;0.0;622.0;0.0;610.0;0;5
20;60;nan;0.0;0.0;622.0;0.0;610.0;0;5
20;61;nan;0.0;0.0;622.0;0.0;610.0;0;5
20;62;nan;0.0;0.0;622.0;0.0;610.0;0;5
20;63;nan;0.0;0.0;622.0;0.0;610.0;0;5
20;64;nan;0.0;0.0;622.0;0.0;610.0;0;5
20;65;nan;0.0;0.0;622.0;0.0;610.0;0;5
20;66;nan;0.0;0.0;622.0;0.0;610.0;0;5
20;67;nan;0.0;0.0;622.0;0.0;610.0;0;5
20;68;nan;0.0;0.0;622.0;0.0;610.0;0;5
20;69;nan;0.0;0.0;622.0;0.0;610.0;0;5
20;70;nan;0.0;0.0;622.0;0.0;610.0;0;5
20;71;nan;0.0;0.0;622.0;0.0;610.0;0;5
20;72;nan;0.0;0.0;622.0;0.0;610.0;0;5
20;73;nan;0.0;0.0;622.0;0.0;610.0;0;5
20;74;nan;0.0;0.0;622.0;0.0;610.0;0;5
20;75;nan;0.0;0.0;622.0;0.0;610.0;0;5
20;76;4.8;183.1;431.0;768.1;0.2;610.0;0;5
20;77;6.0;139.8;346.0;720.1;0.2;610.0;0;5
20;78;7.8;104.2;256.0;688.9;0.2;610.0;0;5
20;79;6.8;123.6;296.0;711.4;0.2;610.0;0;5
20;80;7.5;109.2;249.0;692.7;0.2;610.0;0;5
20;81;7.3;113.9;267.0;700.3;0.2;610.0;0;5
20;82;9.1;90.7;221.0;688.0;0.1;609.0;1;6
20;83;11.3;71.9;174.0;670.4;0.1;609.0;0;6
20;84;10.3;79.0;187.0;672.9;0.1;609.0;0;6
20;85;11.2;71.6;170.0;662.6;0.1;609.0;0;6
20;86;12.7;63.4;146.0;659.1;0.1;609.0;0;6
20;87;12.1;65.8;148.0;655.3;0.1;609.0;0;6
20;88;12.1;65.7;148.0;655.1;0.1;609.0;0;6
20;89;15.7;49.9;147.0;637.4;0.1;609.0;0;6
20;90;15.9;49.3;148.0;639.9;0.1;609.0;0;6
20;91;13.8;56.8;168.0;640.4;0.1;609.0;0;6
20;92;13.2;59.7;181.0;648.1;0.1;609.0;0;6
20;93;7.9;98.1;286.0;657.4;0.1;609.0;0;6
20;94;7.7;100.6;289.0;652.6;0.2;609.0;0;6
20;95;18.3;42.5;122.0;629.0;0.1;609.0;0;6
20;96;18.3;42.5;122.0;629.0;0.1;609.0;0;6
20;97;18.2;42.6;122.0;628.7;0.1;609.0;0;6
20;98;18.3;42.5;122.0;628.9;0.1;609.0;0;6
20;99;20.3;38.4;111.0;628.0;0.1;609.0;0;6
21;0;6.3;191.2;461.0;1034.3;0.2;633.0;1;1
21;1;6.4;190.6;457.0;1040.9;0.2;633.0;0;1
21;2;6.8;183.1;441.0;1060.1;0.2;633.0;0;1
21;3;5.8;209.1;519.0;1039.6;0.2;633.0;0;1
21;4;6.2;192.1;460.0;1015.3;0.2;633.0;0;1
21;5;5.5;214.8;496.0;1029.6;0.2;633.0;1;2
21;6;6.2;190.2;456.0;1006.0;0.2;633.0;1;3
21;7;5.8;200.3;459.0;1002.9;0.2;633.0;1;4
21;8;7.2;168.9;412.0;1025.4;0.2;623.0;0;4
21;9;5.7;201.5;479.0;997.1;0.2;623.0;0;4
21;10;6.0;191.3;484.0;991.6;0.2;623.0;0;4
21;11;5.7;205.9;495.0;1020.6;0.2;623.0;0;4
21;12;6.0;188.8;494.0;975.9;0.2;623.0;0;4
21;13;5.4;208.1;500.0;976.9;0.2;623.0;0;4
21;14;4.6;224.1;481.0;912.3;0.2;623.0;0;4
21;15;4.8;211.0;456.0;890.9;0.2;623.0;0;4
21;16;4.5;226.6;479.0;889.9;0.3;620.0;1;5
21;17;5.3;195.0;451.0;891.1;0.2;620.0;0;5
21;18;5.4;177.6;380.0;833.4;0.2;620.0;0;5
21;19;5.6;169.3;356.0;818.7;0.2;620.0;0;5
21;20;6.1;154.5;339.0;807.4;0.2;620.0;0;5
21;21;5.7;168.4;390.0;823.7;0.2;620.0;0;5
21;22;6.4;143.4;325.0;790.6;0.2;619.0;1;6
21;23;8.4;105.9;221.0;747.6;0.1;619.0;0;6
21;24;10.3;84.1;196.0;717.9;0.1;612.0;1;7
21;25;9.1;97.2;225.0;737.6;0.1;612.0;0;7
21;26;8.6;103.1;227.0;744.4;0.1;612.0;0;7
21;27;16.4;51.0;113.0;680.0;0.1;612.0;0;7
21;28;11.8;72.7;162.0;707.0;0.1;612.0;0;7
21;29;13.1;65.6;162.0;704.1;0.1;612.0;0;7
21;30;14.5;57.5;129.0;682.1;0.1;612.0;0;7
21;31;14.9;57.0;137.0;692.4;0.1;612.0;0;7
21;32;18.3;45.4;118.0;670.9;0.1;612.0;0;7
21;33;23.8;34.5;85.0;660.0;0.1;612.0;0;7
21;34;16.5;50.4;114.0;676.4;0.1;612.0;0;7
21;35;31.3;26.1;70.0;650.9;0.0;612.0;0;7
21;36;46.6;17.4;44.0;640.4;0.0;612.0;0;7
21;37;36.8;22.1;52.0;646.3;0.0;612.0;0;7
21;38;96.0;8.4;18.0;632.0;0.0;612.0;0;7
21;39;100.0;6.5;15.0;625.9;0.0;612.0;0;7
21;40;100.0;5.7;12.0;624.6;0.0;612.0;0;7
21;41;100.0;3.6;8.0;622.6;0.0;612.0;0;7
21;42;100.0;3.1;7.0;622.6;0.0;612.0;0;7
21;43;100.0;3.5;7.0;622.0;0.0;612.0;0;7
21;44;100.0;3.0;7.0;621.6;0.0;612.0;0;7
21;45;nan;0.0;0.0;619.0;0.0;612.0;0;7
21;46;nan;0.0;0.0;619.0;0.0;612.0;0;7
21;47;nan;0.0;0.0;619.0;0.0;612.0;0;7
21;48;nan;0.0;0.0;619.0;0.0;612.0;0;7
21;49;nan;0.0;0.0;619.0;0.0;612.0;0;7
21;50;nan;0.0;0.0;619.0;0.0;612.0;0;7
21;51;nan;0.0;0.0;619.0;0.0;612.0;0;7
21;52;nan;0.0;0.0;619.0;0.0;612.0;0;7
21;53;nan;0.0;0.0;619.0;0.0;612.0;0;7
21;54;nan;0.0;0.0;619.0;0.0;612.0;0;7
21;55;nan;0.0;0.0;619.0;0.0;612.0;0;7
21;56;nan;0.0;0.0;619.0;0.0;612.0;0;7
21;57;nan;0.0;0.0;619.0;0.0;612.0;0;7
21;58;nan;0.0;0.0;619.0;0.0;612.0;0;7
21;59;nan;0.0;0.0;619.0;0.0;612.0;0;7
21;60;nan;0.0;0.0;619.0;0.0;612.0;0;7
21;61;nan;0.0;0.0;619.0;0.0;612.0;0;7
21;62;nan;0.0;0.0;619.0;0.0;612.0;0;7
21;63;nan;0.0;0.0;619.0;0.0;612.0;0;7
21;64;nan;0.0;0.0;619.0;0.0;612.0;0;7
21;65;nan;0.0;0.0;619.0;0.0;612.0;0;7
21;66;nan;0.0;0.0;619.0;0.0;612.0;0;7
21;67;nan;0.0;0.0;619.0;0.0;612.0;0;7
21;68;nan;0.0;0.0;619.0;0.0;612.0;0;7
21;69;nan;0.0;0.0;619.0;0.0;612.0;0;7
21;70;5.4;156.9;380.0;734.0;0.2;612.0;0;7
21;71;5.9;144.6;353.0;729.3;0.2;612.0;0;7
21;72;5.4;155.3;371.0;725.7;0.2;612.0;0;7
21;73;6.9;119.6;291.0;702.4;0.2;610.0;1;8
21;74;6.8;122.2;278.0;705.4;0.2;610.0;0;8
21;75;11.7;68.6;184.0;661.7;0.1;610.0;0;8
21;76;16.7;48.1;120.0;650.9;0.1;610.0;0;8
21;77;32.7;24.3;64.0;633.7;0.0;610.0;0;8
21;78;38.9;20.4;59.0;628.7;0.0;610.0;0;8
21;79;nan;0.0;0.0;619.0;0.0;610.0;0;8
21;80;nan;0.0;0.0;619.0;0.0;610.0;0;8
21;81;nan;0.0;0.0;619.0;0.0;610.0;0;8
21;82;nan;0.0;0.0;619.0;0.0;610.0;0;8
21;83;nan;0.0;0.0;619.0;0.0;610.0;0;8
21;84;nan;0.0;0.0;619.0;0.0;610.0;0;8
21;85;nan;0.0;0.0;619.0;0.0;610.0;0;8
21;86;nan;0.0;0.0;619.0;0.0;610.0;0;8
21;87;nan;0.0;0.0;619.0;0.0;610.0;0;8
21;88;nan;0.0;0.0;619.0;0.0;610.0;0;8
21;89;nan;0.0;0.0;619.0;0.0;610.0;0;8
21;90;nan;0.0;0.0;619.0;0.0;610.0;0;8
21;91;nan;0.0;0.0;619.0;0.0;610.0;0;8
21;92;nan;0.0;0.0;619.0;0.0;610.0;0;8
21;93;nan;0.0;0.0;619.0;0.0;610.0;0;8
21;94;nan;0.0;0.0;619.0;0.0;610.0;0;8
21;95;nan;0.0;0.0;619.0;0.0;610.0;0;8
21;96;nan;0.0;0.0;619.0;0.0;610.0;0;8
21;97;nan;0.0;0.0;619.0;0.0;610.0;0;8
21;98;nan;0.0;0.0;619.0;0.0;610.0;0;8
21;99;nan;0.0;0.0;619.0;0.0;610.0;0;8
22;0;5.8;209.2;520.0;1050.6;0.2;619.0;1;1
22;1;5.3;225.0;505.0;1042.0;0.2;619.0;0;1
22;2;6.0;201.4;486.0;1033.4;0.2;619.0;0;1
22;3;6.6;184.6;429.0;1039.0;0.2;619.0;0;1
22;4;5.5;212.0;517.0;1005.3;0.2;619.0;0;1
22;5;5.4;220.0;515.0;1037.7;0.2;619.0;0;1
22;6;6.5;184.2;483.0;1019.9;0.2;619.0;0;1
22;7;5.4;219.9;525.0;1034.6;0.2;619.0;0;1
22;8;5.3;212.9;503.0;986.4;0.2;619.0;0;1
22;9;6.6;178.3;448.0;1000.1;0.2;619.0;0;1
22;10;5.9;192.8;456.0;980.0;0.2;619.0;0;1
22;11;6.5;179.4;447.0;994.4;0.2;619.0;0;1
22;12;6.2;181.8;440.0;964.9;0.2;619.0;0;1
22;13;5.8;191.5;466.0;958.3;0.2;619.0;0;1
22;14;4.7;214.3;456.0;891.6;0.2;619.0;0;1
22;15;4.4;234.7;483.0;920.3;0.3;619.0;0;1
22;16;4.9;207.8;452.0;897.9;0.2;619.0;0;1
22;17;5.4;180.7;388.0;846.1;0.2;619.0;0;1
22;18;5.8;166.5;379.0;830.1;0.2;619.0;0;1
22;19;5.4;178.7;397.0;840.6;0.2;619.0;1;2
22;20;6.6;142.0;303.0;795.7;0.2;619.0;0;2
22;21;6.3;149.5;330.0;803.1;0.2;619.0;0;2
22;22;8.6;104.7;227.0;756.9;0.1;619.0;0;2
22;23;8.4;108.2;245.0;760.9;0.1;619.0;0;2
22;24;9.4;92.9;200.0;725.7;0.1;612.0;1;3
22;25;9.5;94.2;205.0;743.0;0.1;612.0;0;3
22;26;9.9;88.8;194.0;733.6;0.1;612.0;0;3
22;27;14.8;56.9;137.0;688.6;0.1;612.0;0;3
22;28;15.4;55.0;117.0;689.4;0.1;612.0;0;3
22;29;24.5;33.8;80.0;664.9;0.1;612.0;0;3
22;30;50.1;16.2;53.0;644.3;0.0;612.0;0;3
22;31;22.0;37.5;92.0;662.1;0.1;611.0;1;4
22;32;24.8;32.9;88.0;654.9;0.1;611.0;0;4
22;33;51.0;15.6;36.0;628.6;0.0;611.0;0;4
22;34;100.0;4.7;11.0;616.7;0.0;611.0;0;4
22;35;100.0;4.5;9.0;616.1;0.0;611.0;0;4
22;36;100.0;4.5;9.0;616.1;0.0;611.0;0;4
22;37;100.0;3.7;9.0;615.0;0.0;611.0;0;4
22;38;nan;0.0;0.0;611.0;0.0;611.0;0;4
22;39;nan;0.0;0.0;611.0;0.0;611.0;0;4
22;40;nan;0.0;0.0;611.0;0.0;611.0;0;4
22;41;nan;0.0;0.0;611.0;0.0;611.0;0;4
22;42;nan;0.0;0.0;611.0;0.0;611.0;0;4
22;43;nan;0.0;0.0;611.0;0.0;611.0;0;4
22;44;nan;0.0;0.0;611.0;0.0;611.0;0;4
22;45;nan;0.0;0.0;611.0;0.0;611.0;0;4
22;46;nan;0.0;0.0;611.0;0.0;611.0;0;4
22;47;nan;0.0;0.0;611.0;0.0;611.0;0;4
22;48;nan;0.0;0.0;611.0;0.0;611.0;0;4
22;49;nan;0.0;0.0;611.0;0.0;611.0;0;4
22;50;nan;0.0;0.0;611.0;0.0;611.0;0;4
22;51;nan;0.0;0.0;611.0;0.0;611.0;0;4
22;52;nan;0.0;0.0;611.0;0.0;611.0;0;4
22;53;nan;0.0;0.0;611.0;0.0;611.0;0;4
22;54;nan;0.0;0.0;611.0;0.0;611.0;0;4
22;55;nan;0.0;0.0;611.0;0.0;611.0;0;4
22;56;nan;0.0;0.0;611.0;0.0;611.0;0;4
22;57;nan;0.0;0.0;611.0;0.0;611.0;0;4
22;58;nan;0.0;0.0;611.0;0.0;611.0;0;4
22;59;nan;0.0;0.0;611.0;0.0;611.0;0;4
22;60;nan;0.0;0.0;611.0;0.0;611.0;0;4
22;61;nan;0.0;0.0;611.0;0.0;611.0;0;4
22;62;nan;0.0;0.0;611.0;0.0;611.0;0;4
22;63;nan;0.0;0.0;611.0;0.0;611.0;0;4
22;64;nan;0.0;0.0;611.0;0.0;611.0;0;4
22;65;nan;0.0;0.0;611.0;0.0;611.0;0;4
22;66;nan;0.0;0.0;611.0;0.0;611.0;0;4
22;67;nan;0.0;0.0;611.0;0.0;611.0;0;4
22;68;nan;0.0;0.0;611.0;0.0;611.0;0;4
22;69;nan;0.0;0.0;611.0;0.0;611.0;0;4
22;70;nan;0.0;0.0;611.0;0.0;611.0;0;4
22;71;nan;0.0;0.0;611.0;0.0;611.0;0;4
22;72;nan;0.0;0.0;611.0;0.0;611.0;0;4
22;73;nan;0.0;0.0;611.0;0.0;611.0;0;4
22;74;nan;0.0;0.0;611.0;0.0;611.0;0;4
22;75;nan;0.0;0.0;611.0;0.0;611.0;0;4
22;76;nan;0.0;0.0;611.0;0.0;611.0;0;4
22;77;8.0;102.2;240.0;685.7;0.1;611.0;0;4
22;78;6.2;134.6;322.0;715.3;0.2;611.0;0;4
22;79;6.7;121.7;294.0;697.3;0.2;609.0;1;5
22;80;8.1;100.0;226.0;678.0;0.1;609.0;0;5
22;81;8.1;100.1;231.0;680.9;0.1;609.0;0;5
22;82;11.2;72.1;171.0;664.9;0.1;609.0;0;5
22;83;14.0;57.2;149.0;655.0;0.1;609.0;0;5
22;84;20.6;38.9;96.0;644.4;0.1;609.0;0;5
22;85;51.2;15.6;35.0;630.9;0.0;609.0;0;5
22;86;98.0;8.1;18.0;626.1;0.0;609.0;0;5
22;87;82.3;9.6;28.0;624.7;0.0;609.0;0;5
22;88;98.0;8.1;18.0;626.1;0.0;609.0;0;5
22;89;100.0;6.3;18.0;623.6;0.0;609.0;0;5
22;90;100.0;7.7;28.0;622.1;0.0;609.0;0;5
22;91;94.6;8.4;28.0;623.7;0.0;609.0;0;5
22;92;81.2;9.7;28.0;617.9;0.0;609.0;0;5
22;93;91.3;8.6;28.0;620.7;0.0;609.0;0;5
22;94;100.0;7.7;28.0;622.1;0.0;609.0;0;5
22;95;nan;0.0;0.0;611.0;0.0;609.0;0;5
22;96;nan;0.0;0.0;611.0;0.0;609.0;0;5
22;97;nan;0.0;0.0;611.0;0.0;609.0;0;5
22;98;nan;0.0;0.0;611.0;0.0;609.0;0;5
22;99;nan;0.0;0.0;611.0;0.0;609.0;0;5
23;0;5.7;208.6;479.0;1030.1;0.2;625.0;1;1
23;1;6.0;198.7;464.0;1032.9;0.2;623.0;1;2
23;2;5.6;211.1;498.0;1027.4;0.2;623.0;0;2
23;3;5.9;200.7;508.0;1021.4;0.2;623.0;0;2
23;4;5.9;201.2;507.0;1026.6;0.2;623.0;0;2
23;5;6.1;198.6;460.0;1034.1;0.2;623.0;0;2
23;6;5.3;224.5;525.0;1031.9;0.2;623.0;1;3
23;7;6.0;203.0;475.0;1044.6;0.2;617.0;0;3
23;8;5.8;203.8;520.0;1015.6;0.2;610.0;1;4
23;9;5.9;201.2;514.0;1017.1;0.2;610.0;0;4
23;10;6.1;187.5;451.0;987.0;0.2;610.0;0;4
23;11;6.0;187.4;484.0;972.9;0.2;610.0;0;4
23;12;5.5;204.9;516.0;977.4;0.2;610.0;0;4
23;13;5.5;204.9;474.0;973.1;0.2;610.0;0;4
23;14;4.9;206.3;453.0;887.7;0.2;610.0;0;4
23;15;5.1;203.4;461.0;906.4;0.2;610.0;0;4
23;16;6.0;175.1;415.0;899.0;0.2;610.0;0;4
23;17;5.5;179.4;426.0;852.7;0.2;610.0;0;4
23;18;5.4;178.1;392.0;828.3;0.2;610.0;0;4
23;19;6.1;159.2;343.0;828.7;0.2;610.0;0;4
23;20;5.8;164.4;364.0;817.7;0.2;610.0;0;4
23;21;5.5;170.4;374.0;813.7;0.2;610.0;0;4
23;22;6.0;156.6;341.0;812.0;0.2;610.0;0;4
23;23;7.5;118.4;273.0;753.7;0.2;610.0;0;4
23;24;11.0;78.1;186.0;709.0;0.1;610.0;0;4
23;25;15.9;53.1;124.0;684.1;0.1;610.0;0;4
23;26;11.9;72.0;156.0;705.0;0.1;610.0;0;4
23;27;17.9;46.5;115.0;675.0;0.1;610.0;0;4
23;28;17.3;47.6;103.0;668.9;0.1;610.0;0;4
23;29;20.5;40.9;103.0;674.7;0.1;610.0;0;4
23;30;23.3;35.6;83.0;664.6;0.1;610.0;0;4
23;31;16.9;48.8;123.0;667.9;0.1;610.0;0;4
23;32;27.9;29.0;72.0;647.1;0.0;610.0;0;4
23;33;21.3;38.6;94.0;661.7;0.1;608.0;1;5
23;34;25.5;31.9;83.0;651.0;0.0;608.0;0;5
23;35;24.5;32.8;79.0;644.6;0.1;608.0;0;5
23;36;48.0;16.3;48.0;617.4;0.0;608.0;0;5
23;37;nan;0.0;0.0;608.0;0.0;608.0;0;5
23;38;nan;0.0;0.0;608.0;0.0;608.0;0;5
23;39;nan;0.0;0.0;608.0;0.0;608.0;0;5
23;40;nan;0.0;0.0;608.0;0.0;608.0;0;5
23;41;nan;0.0;0.0;608.0;0.0;608.0;0;5
23;42;nan;0.0;0.0;608.0;0.0;608.0;0;5
23;43;nan;0.0;0.0;608.0;0.0;608.0;0;5
23;44;nan;0.0;0.0;608.0;0.0;608.0;0;5
23;45;nan;0.0;0.0;608.0;0.0;608.0;0;5
23;46;nan;0.0;0.0;608.0;0.0;608.0;0;5
23;47;nan;0.0;0.0;608.0;0.0;608.0;0;5
23;48;nan;0.0;0.0;608.0;0.0;608.0;0;5
23;49;nan;0.0;0.0;608.0;0.0;608.0;0;5
23;50;nan;0.0;0.0;608.0;0.0;608.0;0;5
23;51;nan;0.0;0.0;608.0;0.0;608.0;0;5
23;52;nan;0.0;0.0;608.0;0.0;608.0;0;5
23;53;nan;0.0;0.0;608.0;0.0;608.0;0;5
23;54;nan;0.0;0.0;608.0;0.0;608.0;0;5
23;55;nan;0.0;0.0;608.0;0.0;608.0;0;5
23;56;nan;0.0;0.0;608.0;0.0;608.0;0;5
23;57;nan;0.0;0.0;608.0;0.0;608.0;0;5
23;58;nan;0.0;0.0;608.0;0.0;608.0;0;5
23;59;nan;0.0;0.0;608.0;0.0;608.0;0;5
23;60;nan;0.0;0.0;608.0;0.0;608.0;0;5
23;61;nan;0.0;0.0;608.0;0.0;608.0;0;5
23;62;nan;0.0;0.0;608.0;0.0;608.0;0;5
23;63;nan;0.0;0.0;608.0;0.0;608.0;0;5
23;64;nan;0.0;0.0;608.0;0.0;608.0;0;5
23;65;nan;0.0;0.0;608.0;0.0;608.0;0;5
23;66;nan;0.0;0.0;608.0;0.0;608.0;0;5
23;67;nan;0.0;0.0;608.0;0.0;608.0;0;5
23;68;nan;0.0;0.0;608.0;0.0;608.0;0;5
23;69;nan;0.0;0.0;608.0;0.0;608.0;0;5
23;70;nan;0.0;0.0;608.0;0.0;608.0;0;5
23;71;nan;0.0;0.0;608.0;0.0;608.0;0;5
23;72;nan;0.0;0.0;608.0;0.0;608.0;0;5
23;73;nan;0.0;0.0;608.0;0.0;608.0;0;5
23;74;nan;0.0;0.0;608.0;0.0;608.0;0;5
23;75;nan;0.0;0.0;608.0;0.0;608.0;0;5
23;76;nan;0.0;0.0;608.0;0.0;608.0;0;5
23;77;nan;0.0;0.0;608.0;0.0;608.0;0;5
23;78;nan;0.0;0.0;608.0;0.0;608.0;0;5
23;79;7.4;108.9;251.0;686.4;0.2;608.0;0;5
23;80;6.1;135.3;312.0;713.1;0.2;608.0;0;5
23;81;8.0;102.6;239.0;689.6;0.1;608.0;0;5
23;82;10.3;79.0;188.0;672.3;0.1;608.0;0;5
23;83;16.6;47.5;114.0;640.9;0.1;608.0;0;5
23;84;13.9;56.8;131.0;646.4;0.1;608.0;0;5
23;85;nan;0.0;0.0;608.0;0.0;608.0;0;5
23;86;nan;0.0;0.0;608.0;0.0;608.0;0;5
23;87;nan;0.0;0.0;608.0;0.0;608.0;0;5
23;88;nan;0.0;0.0;608.0;0.0;608.0;0;5
23;89;nan;0.0;0.0;608.0;0.0;608.0;0;5
23;90;nan;0.0;0.0;608.0;0.0;608.0;0;5
23;91;nan;0.0;0.0;608.0;0.0;608.0;0;5
23;92;nan;0.0;0.0;608.0;0.0;608.0;0;5
23;93;nan;0.0;0.0;608.0;0.0;608.0;0;5
23;94;nan;0.0;0.0;608.0;0.0;608.0;0;5
23;95;nan;0.0;0.0;608.0;0.0;608.0;0;5
23;96;nan;0.0;0.0;608.0;0.0;608.0;0;5
23;97;nan;0.0;0.0;608.0;0.0;608.0;0;5
23;98;nan;0.0;0.0;608.0;0.0;608.0;0;5
23;99;nan;0.0;0.0;608.0;0.0;608.0;0;5
24;0;5.7;206.3;519.0;1010.3;0.2;623.0;1;1
24;1;5.7;207.4;527.0;1015.3;0.2;623.0;0;1
24;2;5.6;211.3;548.0;1030.0;0.2;623.0;0;1
24;3;6.0;200.4;506.0;1031.1;0.2;623.0;0;1
24;4;6.6;177.9;413.0;1006.9;0.2;623.0;0;1
24;5;7.1;176.5;443.0;1059.3;0.2;623.0;0;1
24;6;5.5;211.4;532.0;1004.1;0.2;623.0;0;1
24;7;5.3;221.7;522.0;1027.4;0.2;623.0;0;1
24;8;6.4;189.8;476.0;1036.4;0.2;623.0;0;1
24;9;5.5;213.4;500.0;1020.7;0.2;623.0;0;1
24;10;5.5;206.8;509.0;981.4;0.2;623.0;0;1
24;11;5.6;199.0;502.0;957.1;0.2;623.0;0;1
24;12;5.2;224.7;532.0;1008.6;0.2;623.0;0;1
24;13;6.3;179.6;425.0;973.1;0.2;623.0;0;1
24;14;5.1;197.6;447.0;883.0;0.2;620.0;1;2
24;15;4.8;210.5;455.0;887.3;0.2;620.0;0;2
24;16;4.8;209.2;488.0;872.9;0.2;620.0;0;2
24;17;5.5;180.3;407.0;851.7;0.2;617.0;1;3
24;18;5.8;169.4;390.0;850.1;0.2;617.0;0;3
24;19;7.0;132.2;316.0;785.7;0.2;616.0;1;4
24;20;5.9;157.7;366.0;806.6;0.2;616.0;0;4
24;21;8.1;111.6;242.0;758.3;0.1;616.0;0;4
24;22;7.8;114.0;252.0;749.3;0.2;612.0;1;5
24;23;7.5;122.3;270.0;773.6;0.2;612.0;0;5
24;24;8.9;97.9;223.0;731.1;0.1;612.0;0;5
24;25;9.0;97.5;206.0;735.7;0.1;612.0;0;5
24;26;9.1;100.0;235.0;760.6;0.1;612.0;0;5
24;27;13.2;64.3;153.0;695.6;0.1;612.0;0;5
24;28;11.6;73.7;156.0;705.6;0.1;612.0;0;5
24;29;22.0;37.6;100.0;666.3;0.1;612.0;0;5
24;30;21.7;38.2;101.0;666.9;0.1;612.0;0;5
24;31;18.3;45.4;114.0;673.1;0.1;612.0;0;5
24;32;25.4;32.3;84.0;655.9;0.0;612.0;0;5
24;33;33.8;24.0;56.0;645.0;0.0;612.0;0;5
24;34;28.3;28.6;69.0;647.6;0.0;612.0;0;5
24;35;45.2;17.8;41.0;636.7;0.0;612.0;0;5
24;36;40.8;19.6;45.0;634.4;0.0;610.0;1;6
24;37;40.1;20.0;46.0;635.9;0.0;610.0;0;6
24;38;42.0;19.1;42.0;635.7;0.0;610.0;0;6
24;39;38.0;20.8;42.0;628.0;0.0;610.0;0;6
24;40;100.0;1.4;4.0;610.6;0.0;610.0;0;6
24;41;84.6;9.3;20.0;619.6;0.0;610.0;0;6
24;42;nan;0.0;0.0;610.0;0.0;610.0;0;6
24;43;nan;0.0;0.0;610.0;0.0;610.0;0;6
24;44;nan;0.0;0.0;610.0;0.0;610.0;0;6
24;45;nan;0.0;0.0;610.0;0.0;610.0;0;6
24;46;nan;0.0;0.0;610.0;0.0;610.0;0;6
24;47;nan;0.0;0.0;610.0;0.0;610.0;0;6
24;48;nan;0.0;0.0;610.0;0.0;610.0;0;6
24;49;nan;0.0;0.0;610.0;0.0;610.0;0;6
24;50;nan;0.0;0.0;610.0;0.0;610.0;0;6
24;51;nan;0.0;0.0;610.0;0.0;610.0;0;6
24;52;nan;0.0;0.0;610.0;0.0;610.0;0;6
24;53;nan;0.0;0.0;610.0;0.0;610.0;0;6
24;54;nan;0.0;0.0;610.0;0.0;610.0;0;6
24;55;nan;0.0;0.0;610.0;0.0;610.0;0;6
24;56;nan;0.0;0.0;610.0;0.0;610.0;0;6
24;57;nan;0.0;0.0;610.0;0.0;610.0;0;6
24;58;nan;0.0;0.0;610.0;0.0;610.0;0;6
24;59;nan;0.0;0.0;610.0;0.0;610.0;0;6
24;60;nan;0.0;0.0;610.0;0.0;610.0;0;6
24;61;nan;0.0;0.0;610.0;0.0;610.0;0;6
24;62;nan;0.0;0.0;610.0;0.0;610.0;0;6
24;63;nan;0.0;0.0;610.0;0.0;610.0;0;6
24;64;nan;0.0;0.0;610.0;0.0;610.0;0;6
24;65;nan;0.0;0.0;610.0;0.0;610.0;0;6
24;66;nan;0.0;0.0;610.0;0.0;610.0;0;6
24;67;nan;0.0;0.0;610.0;0.0;610.0;0;6
24;68;nan;0.0;0.0;610.0;0.0;610.0;0;6
24;69;nan;0.0;0.0;610.0;0.0;610.0;0;6
24;70;nan;0.0;0.0;610.0;0.0;610.0;0;6
24;71;nan;0.0;0.0;610.0;0.0;610.0;0;6
24;72;nan;0.0;0.0;610.0;0.0;610.0;0;6
24;73;nan;0.0;0.0;610.0;0.0;610.0;0;6
24;74;nan;0.0;0.0;610.0;0.0;610.0;0;6
24;75;nan;0.0;0.0;610.0;0.0;610.0;0;6
24;76;nan;0.0;0.0;610.0;0.0;610.0;0;6
24;77;nan;0.0;0.0;610.0;0.0;610.0;0;6
24;78;nan;0.0;0.0;610.0;0.0;610.0;0;6
24;79;nan;0.0;0.0;610.0;0.0;610.0;0;6
24;80;nan;0.0;0.0;610.0;0.0;610.0;0;6
24;81;nan;0.0;0.0;610.0;0.0;610.0;0;6
24;82;8.3;98.6;242.0;685.4;0.1;610.0;0;6
24;83;8.2;100.8;247.0;694.6;0.1;610.0;0;6
24;84;8.2;98.9;252.0;683.1;0.1;610.0;0;6
24;85;14.1;56.4;158.0;649.0;0.1;610.0;0;6
24;86;19.5;40.9;104.0;645.4;0.1;610.0;0;6
24;87;33.4;23.5;61.0;624.4;0.0;610.0;0;6
24;88;100.0;5.6;16.0;612.3;0.0;610.0;0;6
24;89;100.0;0.3;1.0;610.1;0.0;610.0;0;6
24;90;nan;0.0;0.0;610.0;0.0;610.0;0;6
24;91;nan;0.0;0.0;610.0;0.0;610.0;0;6
24;92;nan;0.0;0.0;610.0;0.0;610.0;0;6
24;93;nan;0.0;0.0;610.0;0.0;610.0;0;6
24;94;nan;0.0;0.0;610.0;0.0;610.0;0;6
24;95;nan;0.0;0.0;610.0;0.0;610.0;0;6
24;96;nan;0.0;0.0;610.0;0.0;610.0;0;6
24;97;nan;0.0;0.0;610.0;0.0;610.0;0;6
24;98;nan;0.0;0.0;610.0;0.0;610.0;0;6
24;99;nan;0.0;0.0;610.0;0.0;610.0;0;6
25;0;6.4;197.3;481.0;1079.6;0.2;641.0;1;1
25;1;5.3;227.2;555.0;1053.6;0.2;641.0;0;1
25;2;5.9;207.7;478.0;1060.3;0.2;641.0;0;1
25;3;5.9;199.0;480.0;1016.1;0.2;641.0;0;1
25;4;5.7;209.9;529.0;1030.9;0.2;641.0;0;1
25;5;5.5;215.3;493.0;1030.3;0.2;641.0;0;1
25;6;5.0;232.3;538.0;1021.1;0.2;641.0;1;2
25;7;6.1;195.4;474.0;1017.1;0.2;639.0;0;2
25;8;6.5;180.5;474.0;1004.7;0.2;636.0;0;2
25;9;5.5;202.7;487.0;964.7;0.2;636.0;0;2
25;10;5.7;206.2;514.0;1012.6;0.2;636.0;0;2
25;11;5.6;192.6;469.0;939.0;0.2;619.0;1;3
25;12;5.8;189.2;455.0;945.6;0.2;619.0;0;3
25;13;5.6;196.9;483.0;955.9;0.2;619.0;0;3
25;14;5.0;209.3;487.0;912.1;0.2;619.0;0;3
25;15;5.2;189.8;413.0;865.3;0.2;619.0;0;3
25;16;5.1;197.1;426.0;872.9;0.2;619.0;0;3
25;17;5.5;179.2;397.0;848.4;0.2;619.0;0;3
25;18;5.8;166.0;361.0;824.1;0.2;619.0;0;3
25;19;5.2;189.2;405.0;853.6;0.2;619.0;0;3
25;20;7.1;130.4;310.0;787.7;0.2;618.0;1;4
25;21;6.3;148.3;335.0;802.6;0.2;618.0;0;4
25;22;9.4;94.0;205.0;738.0;0.1;618.0;0;4
25;23;8.4;108.4;244.0;762.4;0.1;618.0;0;4
25;24;8.4;105.7;235.0;747.4;0.1;618.0;0;4
25;25;13.1;65.9;145.0;706.3;0.1;618.0;0;4
25;26;11.5;75.1;170.0;710.7;0.1;615.0;1;5
25;27;13.8;61.6;152.0;695.7;0.1;615.0;0;5
25;28;15.3;55.0;129.0;687.1;0.1;615.0;0;5
25;29;16.4;51.1;126.0;679.1;0.1;615.0;0;5
25;30;16.1;52.1;111.0;680.7;0.1;615.0;0;5
25;31;17.0;49.2;113.0;678.9;0.1;613.0;1;6
25;32;17.9;46.2;105.0;671.3;0.1;611.0;1;7
25;33;24.2;33.9;73.0;660.0;0.1;611.0;0;7
25;34;28.3;28.8;69.0;651.6;0.0;611.0;0;7
25;35;21.2;38.5;86.0;656.9;0.1;611.0;0;7
25;36;31.1;26.2;74.0;648.6;0.0;611.0;0;7
25;37;27.1;30.4;74.0;657.7;0.0;611.0;0;7
25;38;44.9;18.2;53.0;649.1;0.0;611.0;0;7
25;39;26.4;30.1;68.0;636.9;0.0;611.0;0;7
25;40;30.1;26.2;76.0;629.3;0.0;611.0;0;7
25;41;24.1;33.1;79.0;641.4;0.1;611.0;0;7
25;42;nan;0.0;0.0;611.0;0.0;611.0;0;7
25;43;nan;0.0;0.0;611.0;0.0;611.0;0;7
25;44;nan;0.0;0.0;611.0;0.0;611.0;0;7
25;45;nan;0.0;0.0;611.0;0.0;611.0;0;7
25;46;nan;0.0;0.0;611.0;0.0;611.0;0;7
25;47;nan;0.0;0.0;611.0;0.0;611.0;0;7
25;48;nan;0.0;0.0;611.0;0.0;611.0;0;7
25;49;nan;0.0;0.0;611.0;0.0;611.0;0;7
25;50;nan;0.0;0.0;611.0;0.0;611.0;0;7
25;51;nan;0.0;0.0;611.0;0.0;611.0;0;7
25;52;nan;0.0;0.0;611.0;0.0;611.0;0;7
25;53;nan;0.0;0.0;611.0;0.0;611.0;0;7
25;54;nan;0.0;0.0;611.0;0.0;611.0;0;7
25;55;nan;0.0;0.0;611.0;0.0;611.0;0;7
25;56;nan;0.0;0.0;611.0;0.0;611.0;0;7
25;57;nan;0.0;0.0;611.0;0.0;611.0;0;7
25;58;nan;0.0;0.0;611.0;0.0;611.0;0;7
25;59;nan;0.0;0.0;611.0;0.0;611.0;0;7
25;60;nan;0.0;0.0;611.0;0.0;611.0;0;7
25;61;nan;0.0;0.0;611.0;0.0;611.0;0;7
25;62;nan;0.0;0.0;611.0;0.0;611.0;0;7
25;63;nan;0.0;0.0;611.0;0.0;611.0;0;7
25;64;nan;0.0;0.0;611.0;0.0;611.0;0;7
25;65;nan;0.0;0.0;611.0;0.0;611.0;0;7
25;66;nan;0.0;0.0;611.0;0.0;611.0;0;7
25;67;nan;0.0;0.0;611.0;0.0;611.0;0;7
25;68;nan;0.0;0.0;611.0;0.0;611.0;0;7
25;69;nan;0.0;0.0;611.0;0.0;611.0;0;7
25;70;nan;0.0;0.0;611.0;0.0;611.0;0;7
25;71;nan;0.0;0.0;611.0;0.0;611.0;0;7
25;72;nan;0.0;0.0;611.0;0.0;611.0;0;7
25;73;nan;0.0;0.0;611.0;0.0;611.0;0;7
25;74;nan;0.0;0.0;611.0;0.0;611.0;0;7
25;75;nan;0.0;0.0;611.0;0.0;611.0;0;7
25;76;nan;0.0;0.0;611.0;0.0;611.0;0;7
25;77;nan;0.0;0.0;611.0;0.0;611.0;0;7
25;78;5.9;139.6;325.0;714.7;0.2;611.0;0;7
25;79;8.1;100.1;244.0;685.9;0.1;610.0;1;8
25;80;7.2;113.1;258.0;689.9;0.2;610.0;0;8
25;81;8.1;99.1;225.0;676.0;0.1;610.0;0;8
25;82;11.0;73.0;176.0;663.0;0.1;610.0;0;8
25;83;11.8;67.6;156.0;656.9;0.1;610.0;0;8
25;84;27.1;28.7;82.0;622.7;0.0;610.0;0;8
25;85;48.7;16.1;43.0;620.7;0.0;610.0;0;8
25;86;nan;0.0;0.0;611.0;0.0;610.0;0;8
25;87;nan;0.0;0.0;611.0;0.0;610.0;0;8
25;88;nan;0.0;0.0;611.0;0.0;610.0;0;8
25;89;nan;0.0;0.0;611.0;0.0;610.0;0;8
25;90;nan;0.0;0.0;611.0;0.0;610.0;0;8
25;91;nan;0.0;0.0;611.0;0.0;610.0;0;8
25;92;nan;0.0;0.0;611.0;0.0;610.0;0;8
25;93;nan;0.0;0.0;611.0;0.0;610.0;0;8
25;94;nan;0.0;0.0;611.0;0.0;610.0;0;8
25;95;nan;0.0;0.0;611.0;0.0;610.0;0;8
25;96;nan;0.0;0.0;611.0;0.0;610.0;0;8
25;97;nan;0.0;0.0;611.0;0.0;610.0;0;8
25;98;nan;0.0;0.0;611.0;0.0;610.0;0;8
25;99;nan;0.0;0.0;611.0;0.0;610.0;0;8
26;0;6.0;200.2;490.0;1033.0;0.2;638.0;1;1
26;1;6.3;192.8;494.0;1039.7;0.2;635.0;1;2
26;2;5.7;213.0;521.0;1047.1;0.2;635.0;0;2
26;3;5.8;202.6;506.0;1007.0;0.2;635.0;0;2
26;4;5.7;207.1;497.0;1023.3;0.2;635.0;0;2
26;5;5.5;209.5;523.0;998.0;0.2;635.0;0;2
26;6;5.2;231.0;558.0;1046.7;0.2;635.0;1;3
26;7;6.6;183.4;447.0;1029.1;0.2;635.0;0;3
26;8;5.9;192.1;517.0;971.4;0.2;635.0;0;3
26;9;5.9;197.3;459.0;995.3;0.2;635.0;0;3
26;10;6.0;191.1;485.0;990.7;0.2;635.0;0;3
26;11;5.8;192.2;464.0;959.7;0.2;635.0;0;3
26;12;6.2;187.2;501.0;999.9;0.2;635.0;1;4
26;13;5.8;197.7;476.0;984.0;0.2;635.0;1;5
26;14;5.0;212.1;468.0;917.7;0.2;624.0;0;5
26;15;5.0;210.6;477.0;926.4;0.2;624.0;0;5
26;16;5.1;192.9;430.0;863.1;0.2;624.0;0;5
26;17;5.0;200.3;443.0;868.4;0.2;622.0;0;5
26;18;5.8;166.8;359.0;830.3;0.2;620.0;0;5
26;19;6.2;150.9;327.0;806.0;0.2;620.0;0;5
26;20;5.9;160.3;338.0;819.3;0.2;620.0;0;5
26;21;6.1;153.9;345.0;809.3;0.2;620.0;0;5
26;22;6.7;139.2;305.0;794.3;0.2;620.0;0;5
26;23;8.2;110.4;277.0;764.4;0.1;613.0;1;6
26;24;8.1;110.2;257.0;753.1;0.1;613.0;0;6
26;25;9.2;95.9;225.0;733.0;0.1;613.0;0;6
26;26;9.8;89.0;197.0;725.7;0.1;613.0;0;6
26;27;12.7;67.8;164.0;705.3;0.1;613.0;0;6
26;28;11.5;75.0;168.0;711.4;0.1;613.0;0;6
26;29;18.2;46.5;111.0;683.9;0.1;613.0;0;6
26;30;14.2;59.0;137.0;684.6;0.1;613.0;0;6
26;31;15.4;54.6;129.0;682.9;0.1;613.0;0;6
26;32;16.5;50.5;110.0;678.1;0.1;613.0;0;6
26;33;15.7;53.6;131.0;683.1;0.1;613.0;0;6
26;34;15.0;56.3;131.0;686.4;0.1;613.0;0;6
26;35;18.8;44.2;108.0;673.3;0.1;613.0;0;6
26;36;16.8;49.5;120.0;676.3;0.1;613.0;0;6
26;37;10.9;78.9;187.0;712.1;0.1;613.0;0;6
26;38;14.6;57.3;139.0;683.1;0.1;613.0;0;6
26;39;15.0;54.5;147.0;668.7;0.1;609.0;1;7
26;40;20.4;39.7;105.0;652.3;0.1;609.0;0;7
26;41;15.0;53.9;127.0;658.9;0.1;609.0;0;7
26;42;19.0;42.3;92.0;650.0;0.1;608.0;1;8
26;43;20.5;39.4;90.0;650.3;0.1;608.0;0;8
26;44;31.3;25.5;56.0;636.7;0.0;608.0;0;8
26;45;31.9;24.7;56.0;627.3;0.0;608.0;0;8
26;46;nan;0.0;0.0;610.0;0.0;608.0;0;8
26;47;nan;0.0;0.0;610.0;0.0;608.0;0;8
26;48;nan;0.0;0.0;610.0;0.0;608.0;0;8
26;49;nan;0.0;0.0;610.0;0.0;608.0;0;8
26;50;nan;0.0;0.0;610.0;0.0;608.0;0;8
26;51;nan;0.0;0.0;610.0;0.0;608.0;0;8
26;52;nan;0.0;0.0;610.0;0.0;608.0;0;8
26;53;nan;0.0;0.0;610.0;0.0;608.0;0;8
26;54;nan;0.0;0.0;610.0;0.0;608.0;0;8
26;55;nan;0.0;0.0;610.0;0.0;608.0;0;8
26;56;nan;0.0;0.0;610.0;0.0;608.0;0;8
26;57;nan;0.0;0.0;610.0;0.0;608.0;0;8
26;58;nan;0.0;0.0;610.0;0.0;608.0;0;8
26;59;nan;0.0;0.0;610.0;0.0;608.0;0;8
26;60;nan;0.0;0.0;610.0;0.0;608.0;0;8
26;61;nan;0.0;0.0;610.0;0.0;608.0;0;8
26;62;nan;0.0;0.0;610.0;0.0;608.0;0;8
26;63;nan;0.0;0.0;610.0;0.0;608.0;0;8
26;64;nan;0.0;0.0;610.0;0.0;608.0;0;8
26;65;nan;0.0;0.0;610.0;0.0;608.0;0;8
26;66;nan;0.0;0.0;610.0;0.0;608.0;0;8
26;67;nan;0.0;0.0;610.0;0.0;608.0;0;8
26;68;nan;0.0;0.0;610.0;0.0;608.0;0;8
26;69;nan;0.0;0.0;610.0;0.0;608.0;0;8
26;70;nan;0.0;0.0;610.0;0.0;608.0;0;8
26;71;nan;0.0;0.0;610.0;0.0;608.0;0;8
26;72;nan;0.0;0.0;610.0;0.0;608.0;0;8
26;73;nan;0.0;0.0;610.0;0.0;608.0;0;8
26;74;nan;0.0;0.0;610.0;0.0;608.0;0;8
26;75;nan;0.0;0.0;610.0;0.0;608.0;0;8
26;76;nan;0.0;0.0;610.0;0.0;608.0;0;8
26;77;nan;0.0;0.0;610.0;0.0;608.0;0;8
26;78;nan;0.0;0.0;610.0;0.0;608.0;0;8
26;79;nan;0.0;0.0;610.0;0.0;608.0;0;8
26;80;nan;0.0;0.0;610.0;0.0;608.0;0;8
26;81;nan;0.0;0.0;610.0;0.0;608.0;0;8
26;82;nan;0.0;0.0;610.0;0.0;608.0;0;8
26;83;nan;0.0;0.0;610.0;0.0;608.0;0;8
26;84;nan;0.0;0.0;610.0;0.0;608.0;0;8
26;85;nan;0.0;0.0;610.0;0.0;608.0;0;8
26;86;nan;0.0;0.0;610.0;0.0;608.0;0;8
26;87;nan;0.0;0.0;610.0;0.0;608.0;0;8
26;88;10.4;76.4;174.0;660.9;0.1;608.0;0;8
26;89;12.5;63.2;194.0;650.3;0.1;608.0;0;8
26;90;12.2;64.5;197.0;649.7;0.1;608.0;0;8
26;91;13.3;58.7;172.0;639.0;0.1;608.0;0;8
26;92;19.8;39.3;114.0;628.9;0.1;608.0;0;8
26;93;nan;0.0;0.0;610.0;0.0;608.0;0;8
26;94;nan;0.0;0.0;610.0;0.0;608.0;0;8
26;95;nan;0.0;0.0;610.0;0.0;608.0;0;8
26;96;nan;0.0;0.0;610.0;0.0;608.0;0;8
26;97;nan;0.0;0.0;610.0;0.0;608.0;0;8
26;98;nan;0.0;0.0;610.0;0.0;608.0;0;8
26;99;nan;0.0;0.0;610.0;0.0;608.0;0;8
27;0;6.4;194.9;497.0;1062.9;0.2;613.0;1;1
27;1;5.5;227.7;549.0;1081.0;0.2;610.0;1;2
27;2;6.7;179.2;414.0;1018.6;0.2;610.0;0;2
27;3;6.1;197.2;476.0;1036.9;0.2;610.0;0;2
27;4;5.7;209.2;488.0;1033.9;0.2;610.0;0;2
27;5;6.1;190.7;466.0;1002.6;0.2;610.0;0;2
27;6;5.3;221.9;542.0;1022.3;0.2;610.0;0;2
27;7;6.6;182.1;483.0;1029.7;0.2;610.0;0;2
27;8;5.5;209.9;508.0;1000.0;0.2;610.0;0;2
27;9;5.7;205.2;481.0;1007.0;0.2;610.0;0;2
27;10;5.6;205.8;507.0;1003.7;0.2;610.0;0;2
27;11;5.7;197.5;468.0;976.0;0.2;610.0;0;2
27;12;5.8;199.5;468.0;1004.3;0.2;610.0;0;2
27;13;6.0;188.9;446.0;979.1;0.2;610.0;0;2
27;14;4.9;214.2;476.0;916.7;0.2;610.0;0;2
27;15;4.9;209.4;458.0;900.6;0.2;610.0;0;2
27;16;4.7;215.9;494.0;884.0;0.2;610.0;0;2
27;17;4.9;211.2;466.0;906.1;0.2;610.0;0;2
27;18;4.6;216.9;465.0;883.1;0.2;610.0;0;2
27;19;6.0;162.4;361.0;835.0;0.2;610.0;0;2
27;20;5.4;179.8;396.0;847.1;0.2;610.0;0;2
27;21;6.0;155.7;349.0;802.7;0.2;610.0;0;2
27;22;6.6;141.5;316.0;800.1;0.2;610.0;0;2
27;23;7.5;120.8;258.0;769.4;0.2;610.0;0;2
27;24;9.5;93.7;227.0;738.7;0.1;610.0;0;2
27;25;10.0;86.0;208.0;717.6;0.1;610.0;0;2
27;26;9.2;96.5;221.0;743.4;0.1;610.0;0;2
27;27;10.7;81.0;183.0;716.7;0.1;610.0;0;2
27;28;11.9;72.2;164.0;709.7;0.1;610.0;0;2
27;29;19.2;43.3;101.0;670.7;0.1;610.0;0;2
27;30;26.7;30.7;74.0;656.4;0.0;610.0;0;2
27;31;23.1;35.2;78.0;653.4;0.1;609.0;1;3
27;32;15.3;55.0;139.0;684.1;0.1;609.0;0;3
27;33;22.6;36.2;80.0;659.4;0.1;609.0;0;3
27;34;17.7;47.1;122.0;675.0;0.1;609.0;0;3
27;35;30.5;26.7;68.0;650.1;0.0;609.0;0;3
27;36;19.2;42.9;99.0;663.7;0.1;609.0;0;3
27;37;26.9;30.1;67.0;648.1;0.0;609.0;0;3
27;38;17.2;47.3;138.0;660.4;0.1;609.0;0;3
27;39;69.6;11.4;23.0;623.9;0.0;609.0;0;3
27;40;100.0;1.0;3.0;614.4;0.0;609.0;0;3
27;41;nan;0.0;0.0;614.0;0.0;609.0;0;3
27;42;nan;0.0;0.0;614.0;0.0;609.0;0;3
27;43;nan;0.0;0.0;614.0;0.0;609.0;0;3
27;44;nan;0.0;0.0;614.0;0.0;609.0;0;3
27;45;nan;0.0;0.0;614.0;0.0;609.0;0;3
27;46;nan;0.0;0.0;614.0;0.0;609.0;0;3
27;47;nan;0.0;0.0;614.0;0.0;609.0;0;3
27;48;nan;0.0;0.0;614.0;0.0;609.0;0;3
27;49;nan;0.0;0.0;614.0;0.0;609.0;0;3
27;50;nan;0.0;0.0;614.0;0.0;609.0;0;3
27;51;nan;0.0;0.0;614.0;0.0;609.0;0;3
27;52;nan;0.0;0.0;614.0;0.0;609.0;0;3
27;53;nan;0.0;0.0;614.0;0.0;609.0;0;3
27;54;nan;0.0;0.0;614.0;0.0;609.0;0;3
27;55;nan;0.0;0.0;614.0;0.0;609.0;0;3
27;56;nan;0.0;0.0;614.0;0.0;609.0;0;3
27;57;nan;0.0;0.0;614.0;0.0;609.0;0;3
27;58;nan;0.0;0.0;614.0;0.0;609.0;0;3
27;59;nan;0.0;0.0;614.0;0.0;609.0;0;3
27;60;nan;0.0;0.0;614.0;0.0;609.0;0;3
27;61;nan;0.0;0.0;614.0;0.0;609.0;0;3
27;62;nan;0.0;0.0;614.0;0.0;609.0;0;3
27;63;nan;0.0;0.0;614.0;0.0;609.0;0;3
27;64;nan;0.0;0.0;614.0;0.0;609.0;0;3
27;65;nan;0.0;0.0;614.0;0.0;609.0;0;3
27;66;nan;0.0;0.0;614.0;0.0;609.0;0;3
27;67;nan;0.0;0.0;614.0;0.0;609.0;0;3
27;68;nan;0.0;0.0;614.0;0.0;609.0;0;3
27;69;nan;0.0;0.0;614.0;0.0;609.0;0;3
27;70;nan;0.0;0.0;614.0;0.0;609.0;0;3
27;71;nan;0.0;0.0;614.0;0.0;609.0;0;3
27;72;nan;0.0;0.0;614.0;0.0;609.0;0;3
27;73;nan;0.0;0.0;614.0;0.0;609.0;0;3
27;74;nan;0.0;0.0;614.0;0.0;609.0;0;3
27;75;nan;0.0;0.0;614.0;0.0;609.0;0;3
27;76;nan;0.0;0.0;614.0;0.0;609.0;0;3
27;77;6.0;139.8;319.0;720.1;0.2;609.0;0;3
27;78;6.3;131.4;305.0;705.4;0.2;609.0;0;3
27;79;7.4;111.7;260.0;699.6;0.2;609.0;0;3
27;80;10.2;78.7;183.0;666.4;0.1;609.0;0;3
27;81;7.5;109.2;256.0;692.7;0.2;609.0;0;3
27;82;9.4;86.6;208.0;679.0;0.1;609.0;0;3
27;83;8.2;100.1;234.0;692.1;0.1;609.0;0;3
27;84;10.7;76.6;187.0;677.3;0.1;609.0;0;3
27;85;19.2;41.3;125.0;640.1;0.1;609.0;0;3
27;86;9.3;84.2;247.0;655.1;0.1;609.0;0;3
27;87;14.3;55.1;164.0;642.4;0.1;609.0;0;3
27;88;17.6;44.9;134.0;638.9;0.1;609.0;0;3
27;89;10.9;72.2;210.0;648.4;0.1;609.0;0;3
27;90;14.9;52.5;156.0;639.3;0.1;609.0;0;3
27;91;10.2;76.6;222.0;647.4;0.1;609.0;0;3
27;92;10.2;76.5;221.0;647.0;0.1;609.0;0;3
27;93;10.9;71.8;210.0;647.7;0.1;609.0;0;3
27;94;10.1;76.9;221.0;645.7;0.1;609.0;0;3
27;95;10.5;74.1;212.0;643.4;0.1;609.0;0;3
27;96;nan;0.0;0.0;613.0;0.0;609.0;0;3
27;97;nan;0.0;0.0;613.0;0.0;609.0;0;3
27;98;nan;0.0;0.0;613.0;0.0;609.0;0;3
27;99;nan;0.0;0.0;613.0;0.0;609.0;0;3
28;0;5.9;208.0;480.0;1057.9;0.2;661.0;1;1
28;1;5.9;198.8;494.0;1009.0;0.2;661.0;0;1
28;2;6.2;204.3;527.0;1092.0;0.2;661.0;0;1
28;3;6.1;196.8;494.0;1029.4;0.2;661.0;0;1
28;4;5.9;207.5;477.0;1047.9;0.2;661.0;0;1
28;5;5.5;210.9;512.0;1002.9;0.2;661.0;1;2
28;6;6.7;184.7;487.0;1056.3;0.2;661.0;1;3
28;7;6.0;198.7;474.0;1026.7;0.2;661.0;1;4
28;8;5.6;206.7;528.0;1008.3;0.2;625.0;0;4
28;9;5.6;215.2;513.0;1033.7;0.2;625.0;0;4
28;10;6.2;193.8;443.0;1025.4;0.2;625.0;0;4
28;11;6.1;185.3;429.0;975.9;0.2;625.0;0;4
28;12;5.4;208.6;502.0;973.6;0.2;625.0;0;4
28;13;7.3;157.2;405.0;974.7;0.2;625.0;0;4
28;14;4.9;212.1;462.0;905.6;0.2;625.0;0;4
28;15;5.5;180.5;407.0;861.0;0.2;625.0;0;4
28;16;5.1;201.3;438.0;888.3;0.2;625.0;0;4
28;17;5.6;168.8;358.0;820.3;0.2;615.0;1;5
28;18;6.2;154.2;342.0;814.6;0.2;615.0;0;5
28;19;5.9;164.9;369.0;836.0;0.2;615.0;0;5
28;20;5.6;169.3;360.0;823.1;0.2;615.0;0;5
28;21;7.5;122.0;265.0;775.6;0.2;615.0;0;5
28;22;7.8;115.6;249.0;762.6;0.2;615.0;0;5
28;23;7.7;116.8;262.0;755.7;0.2;615.0;0;5
28;24;8.8;101.5;234.0;744.4;0.1;615.0;0;5
28;25;11.9;72.6;161.0;710.4;0.1;615.0;0;5
28;26;9.9;87.6;187.0;724.1;0.1;615.0;0;5
28;27;12.7;67.6;162.0;703.1;0.1;615.0;0;5
28;28;13.5;62.6;153.0;691.7;0.1;614.0;1;6
28;29;24.1;34.0;77.0;657.9;0.1;614.0;0;6
28;30;31.0;26.2;69.0;646.4;0.0;613.0;1;7
28;31;20.8;39.8;86.0;668.1;0.1;613.0;0;7
28;32;41.6;19.3;46.0;637.4;0.0;610.0;1;8
28;33;36.1;22.2;48.0;636.1;0.0;610.0;0;8
28;34;36.6;21.8;48.0;636.1;0.0;610.0;0;8
28;35;85.9;9.1;28.0;618.0;0.0;610.0;0;8
28;36;100.0;3.6;8.0;614.1;0.0;610.0;0;8
28;37;nan;0.0;0.0;610.0;0.0;610.0;0;8
28;38;nan;0.0;0.0;610.0;0.0;610.0;0;8
28;39;nan;0.0;0.0;610.0;0.0;610.0;0;8
28;40;nan;0.0;0.0;610.0;0.0;610.0;0;8
28;41;nan;0.0;0.0;610.0;0.0;610.0;0;8
28;42;nan;0.0;0.0;610.0;0.0;610.0;0;8
28;43;nan;0.0;0.0;610.0;0.0;610.0;0;8
28;44;nan;0.0;0.0;610.0;0.0;610.0;0;8
28;45;nan;0.0;0.0;610.0;0.0;610.0;0;8
28;46;nan;0.0;0.0;610.0;0.0;610.0;0;8
28;47;nan;0.0;0.0;610.0;0.0;610.0;0;8
28;48;nan;0.0;0.0;610.0;0.0;610.0;0;8
28;49;nan;0.0;0.0;610.0;0.0;610.0;0;8
28;50;nan;0.0;0.0;610.0;0.0;610.0;0;8
28;51;nan;0.0;0.0;610.0;0.0;610.0;0;8
28;52;nan;0.0;0.0;610.0;0.0;610.0;0;8
28;53;nan;0.0;0.0;610.0;0.0;610.0;0;8
28;54;nan;0.0;0.0;610.0;0.0;610.0;0;8
28;55;nan;0.0;0.0;610.0;0.0;610.0;0;8
28;56;nan;0.0;0.0;610.0;0.0;610.0;0;8
28;57;nan;0.0;0.0;610.0;0.0;610.0;0;8
28;58;nan;0.0;0.0;610.0;0.0;610.0;0;8
28;59;nan;0.0;0.0;610.0;0.0;610.0;0;8
28;60;nan;0.0;0.0;610.0;0.0;610.0;0;8
28;61;nan;0.0;0.0;610.0;0.0;610.0;0;8
28;62;nan;0.0;0.0;610.0;0.0;610.0;0;8
28;63;nan;0.0;0.0;610.0;0.0;610.0;0;8
28;64;nan;0.0;0.0;610.0;0.0;610.0;0;8
28;65;nan;0.0;0.0;610.0;0.0;610.0;0;8
28;66;nan;0.0;0.0;610.0;0.0;610.0;0;8
28;67;nan;0.0;0.0;610.0;0.0;610.0;0;8
28;68;nan;0.0;0.0;610.0;0.0;610.0;0;8
28;69;nan;0.0;0.0;610.0;0.0;610.0;0;8
28;70;nan;0.0;0.0;610.0;0.0;610.0;0;8
28;71;nan;0.0;0.0;610.0;0.0;610.0;0;8
28;72;nan;0.0;0.0;610.0;0.0;610.0;0;8
28;73;nan;0.0;0.0;610.0;0.0;610.0;0;8
28;74;nan;0.0;0.0;610.0;0.0;610.0;0;8
28;75;nan;0.0;0.0;610.0;0.0;610.0;0;8
28;76;nan;0.0;0.0;610.0;0.0;610.0;0;8
28;77;nan;0.0;0.0;610.0;0.0;610.0;0;8
28;78;6.1;136.7;316.0;716.6;0.2;610.0;0;8
28;79;7.2;116.6;274.0;707.6;0.2;610.0;0;8
28;80;7.4;110.5;255.0;688.7;0.2;610.0;0;8
28;81;8.2;98.6;247.0;682.1;0.1;610.0;0;8
28;82;9.9;80.7;195.0;664.6;0.1;610.0;0;8
28;83;11.8;67.7;166.0;661.0;0.1;610.0;0;8
28;84;nan;0.0;0.0;610.0;0.0;610.0;0;8
28;85;nan;0.0;0.0;610.0;0.0;610.0;0;8
28;86;nan;0.0;0.0;610.0;0.0;610.0;0;8
28;87;nan;0.0;0.0;610.0;0.0;610.0;0;8
28;88;nan;0.0;0.0;610.0;0.0;610.0;0;8
28;89;nan;0.0;0.0;610.0;0.0;610.0;0;8
28;90;nan;0.0;0.0;610.0;0.0;610.0;0;8
28;91;nan;0.0;0.0;610.0;0.0;610.0;0;8
28;92;nan;0.0;0.0;610.0;0.0;610.0;0;8
28;93;nan;0.0;0.0;610.0;0.0;610.0;0;8
28;94;nan;0.0;0.0;610.0;0.0;610.0;0;8
28;95;nan;0.0;0.0;610.0;0.0;610.0;0;8
28;96;nan;0.0;0.0;610.0;0.0;610.0;0;8
28;97;nan;0.0;0.0;610.0;0.0;610.0;0;8
28;98;nan;0.0;0.0;610.0;0.0;610.0;0;8
28;99;nan;0.0;0.0;610.0;0.0;610.0;0;8
29;0;5.8;210.5;524.0;1046.4;0.2;616.0;1;1
29;1;5.4;227.0;562.0;1056.6;0.2;616.0;0;1
29;2;6.7;183.7;448.0;1053.9;0.2;616.0;0;1
29;3;6.1;206.6;480.0;1080.7;0.2;616.0;0;1
29;4;5.9;210.8;498.0;1069.6;0.2;616.0;0;1
29;5;5.5;218.4;550.0;1034.4;0.2;616.0;0;1
29;6;6.6;181.1;456.0;1020.7;0.2;616.0;0;1
29;7;5.8;200.3;522.0;1007.1;0.2;616.0;0;1
29;8;6.6;186.1;471.0;1056.3;0.2;616.0;0;1
29;9;6.2;189.1;455.0;1008.4;0.2;616.0;0;1
29;10;5.9;195.6;495.0;1001.3;0.2;616.0;0;1
29;11;5.5;213.0;509.0;1014.7;0.2;616.0;0;1
29;12;5.8;191.5;466.0;961.0;0.2;616.0;0;1
29;13;5.9;199.0;486.0;1010.1;0.2;616.0;0;1
29;14;4.7;213.1;479.0;885.6;0.2;616.0;0;1
29;15;4.3;240.9;504.0;915.9;0.3;616.0;0;1
29;16;5.1;193.2;401.0;864.3;0.2;616.0;0;1
29;17;5.3;185.5;411.0;849.9;0.2;616.0;0;1
29;18;5.6;174.1;393.0;838.4;0.2;616.0;0;1
29;19;5.8;164.2;362.0;827.3;0.2;616.0;0;1
29;20;7.7;119.2;278.0;773.4;0.2;616.0;0;1
29;21;7.0;131.2;295.0;781.7;0.2;616.0;0;1
29;22;7.6;120.2;271.0;776.6;0.2;616.0;0;1
29;23;8.7;101.2;233.0;734.7;0.1;613.0;1;2
29;24;9.4;93.3;199.0;734.0;0.1;613.0;0;2
29;25;10.7;80.0;181.0;710.4;0.1;613.0;0;2
29;26;10.6;80.5;173.0;708.1;0.1;613.0;0;2
29;27;26.6;30.9;92.0;658.1;0.0;613.0;0;2
29;28;16.1;52.1;118.0;679.9;0.1;613.0;0;2
29;29;38.5;20.7;54.0;633.6;0.0;610.0;1;3
29;30;34.3;23.4;64.0;637.1;0.0;610.0;0;3
29;31;100.0;4.3;9.0;615.0;0.0;610.0;0;3
29;32;nan;0.0;0.0;610.0;0.0;610.0;0;3
29;33;nan;0.0;0.0;610.0;0.0;610.0;0;3
29;34;nan;0.0;0.0;610.0;0.0;610.0;0;3
29;35;nan;0.0;0.0;610.0;0.0;610.0;0;3
29;36;nan;0.0;0.0;610.0;0.0;610.0;0;3
29;37;nan;0.0;0.0;610.0;0.0;610.0;0;3
29;38;nan;0.0;0.0;610.0;0.0;610.0;0;3
29;39;nan;0.0;0.0;610.0;0.0;610.0;0;3
29;40;nan;0.0;0.0;610.0;0.0;610.0;0;3
29;41;nan;0.0;0.0;610.0;0.0;610.0;0;3
29;42;nan;0.0;0.0;610.0;0.0;610.0;0;3
29;43;nan;0.0;0.0;610.0;0.0;610.0;0;3
29;44;nan;0.0;0.0;610.0;0.0;610.0;0;3
29;45;nan;0.0;0.0;610.0;0.0;610.0;0;3
29;46;nan;0.0;0.0;610.0;0.0;610.0;0;3
29;47;nan;0.0;0.0;610.0;0.0;610.0;0;3
29;48;nan;0.0;0.0;610.0;0.0;610.0;0;3
29;49;nan;0.0;0.0;610.0;0.0;610.0;0;3
29;50;nan;0.0;0.0;610.0;0.0;610.0;0;3
29;51;nan;0.0;0.0;610.0;0.0;610.0;0;3
29;52;nan;0.0;0.0;610.0;0.0;610.0;0;3
29;53;nan;0.0;0.0;610.0;0.0;610.0;0;3
29;54;nan;0.0;0.0;610.0;0.0;610.0;0;3
29;55;nan;0.0;0.0;610.0;0.0;610.0;0;3
29;56;nan;0.0;0.0;610.0;0.0;610.0;0;3
29;57;nan;0.0;0.0;610.0;0.0;610.0;0;3
29;58;nan;0.0;0.0;610.0;0.0;610.0;0;3
29;59;nan;0.0;0.0;610.0;0.0;610.0;0;3
29;60;nan;0.0;0.0;610.0;0.0;610.0;0;3
29;61;nan;0.0;0.0;610.0;0.0;610.0;0;3
29;62;nan;0.0;0.0;610.0;0.0;610.0;0;3
29;63;nan;0.0;0.0;610.0;0.0;610.0;0;3
29;64;nan;0.0;0.0;610.0;0.0;610.0;0;3
29;65;nan;0.0;0.0;610.0;0.0;610.0;0;3
29;66;nan;0.0;0.0;610.0;0.0;610.0;0;3
29;67;nan;0.0;0.0;610.0;0.0;610.0;0;3
29;68;nan;0.0;0.0;610.0;0.0;610.0;0;3
29;69;nan;0.0;0.0;610.0;0.0;610.0;0;3
29;70;nan;0.0;0.0;610.0;0.0;610.0;0;3
29;71;nan;0.0;0.0;610.0;0.0;610.0;0;3
29;72;nan;0.0;0.0;610.0;0.0;610.0;0;3
29;73;nan;0.0;0.0;610.0;0.0;610.0;0;3
29;74;nan;0.0;0.0;610.0;0.0;610.0;0;3
29;75;7.9;103.1;245.0;687.7;0.1;610.0;0;3
29;76;7.8;103.3;245.0;682.4;0.2;609.0;1;4
29;77;6.7;124.2;292.0;711.9;0.2;609.0;0;4
29;78;7.0;116.4;278.0;693.0;0.2;609.0;0;4
29;79;9.4;85.5;205.0;672.9;0.1;609.0;0;4
29;80;12.4;65.6;155.0;667.7;0.1;609.0;0;4
29;81;16.7;48.2;119.0;652.7;0.1;609.0;0;4
29;82;19.5;40.4;91.0;636.1;0.1;609.0;0;4
29;83;nan;0.0;0.0;610.0;0.0;609.0;0;4
29;84;nan;0.0;0.0;610.0;0.0;609.0;0;4
29;85;nan;0.0;0.0;610.0;0.0;609.0;0;4
29;86;nan;0.0;0.0;610.0;0.0;609.0;0;4
29;87;nan;0.0;0.0;610.0;0.0;609.0;0;4
29;88;nan;0.0;0.0;610.0;0.0;609.0;0;4
29;89;nan;0.0;0.0;610.0;0.0;609.0;0;4
29;90;nan;0.0;0.0;610.0;0.0;609.0;0;4
29;91;nan;0.0;0.0;610.0;0.0;609.0;0;4
29;92;nan;0.0;0.0;610.0;0.0;609.0;0;4
29;93;nan;0.0;0.0;610.0;0.0;609.0;0;4
29;94;nan;0.0;0.0;610.0;0.0;609.0;0;4
29;95;nan;0.0;0.0;610.0;0.0;609.0;0;4
29;96;nan;0.0;0.0;610.0;0.0;609.0;0;4
29;97;nan;0.0;0.0;610.0;0.0;609.0;0;4
29;98;nan;0.0;0.0;610.0;0.0;609.0;0;4
29;99;nan;0.0;0.0;610.0;0.0;609.0;0;4
30;0;5.3;235.0;554.0;1087.6;0.2;615.0;1;1
30;1;6.1;202.2;498.0;1064.6;0.2;615.0;0;1
30;2;6.2;195.1;497.0;1039.1;0.2;615.0;0;1
30;3;5.7;203.5;499.0;1007.1;0.2;615.0;0;1
30;4;5.1;223.9;526.0;996.6;0.2;615.0;0;1
30;5;6.2;194.2;455.0;1032.0;0.2;615.0;0;1
30;6;5.8;197.2;492.0;987.0;0.2;615.0;0;1
30;7;6.1;193.0;473.0;1011.6;0.2;615.0;0;1
30;8;5.6;205.2;478.0;987.3;0.2;615.0;0;1
30;9;5.4;215.8;506.0;1003.0;0.2;615.0;0;1
30;10;5.9;195.5;447.0;997.6;0.2;615.0;0;1
30;11;5.9;193.7;498.0;979.9;0.2;615.0;0;1
30;12;6.2;178.1;426.0;946.0;0.2;615.0;0;1
30;13;5.7;199.7;490.0;979.7;0.2;615.0;0;1
30;14;5.2;204.2;448.0;923.7;0.2;615.0;0;1
30;15;4.9;202.2;453.0;871.6;0.2;615.0;0;1
30;16;4.9;203.6;426.0;874.3;0.2;615.0;0;1
30;17;5.6;185.5;441.0;896.7;0.2;615.0;0;1
30;18;5.1;196.3;442.0;877.3;0.2;615.0;0;1
30;19;6.2;152.3;332.0;815.4;0.2;615.0;0;1
30;20;6.3;154.1;327.0;826.4;0.2;615.0;0;1
30;21;6.3;151.4;348.0;814.3;0.2;615.0;0;1
30;22;6.7;137.2;320.0;779.0;0.2;615.0;0;1
30;23;7.0;131.5;277.0;779.3;0.2;615.0;0;1
30;24;8.6;103.3;245.0;745.9;0.1;615.0;0;1
30;25;10.5;83.1;208.0;723.4;0.1;613.0;1;2
30;26;10.9;79.7;214.0;716.9;0.1;613.0;0;2
30;27;11.7;73.2;162.0;705.0;0.1;613.0;0;2
30;28;12.8;66.2;160.0;694.0;0.1;611.0;1;3
30;29;13.3;64.6;151.0;701.9;0.1;611.0;0;3
30;30;19.8;42.6;98.0;681.4;0.1;611.0;0;3
30;31;19.6;42.4;94.0;669.0;0.1;611.0;0;3
30;32;25.3;32.2;85.0;654.3;0.0;611.0;0;3
30;33;28.8;28.0;65.0;645.4;0.0;611.0;0;3
30;34;31.0;26.1;55.0;644.4;0.0;611.0;0;3
30;35;37.6;21.3;51.0;634.4;0.0;611.0;0;3
30;36;65.7;11.9;30.0;618.9;0.0;611.0;0;3
30;37;nan;0.0;0.0;611.0;0.0;611.0;0;3
30;38;nan;0.0;0.0;611.0;0.0;611.0;0;3
30;39;nan;0.0;0.0;611.0;0.0;611.0;0;3
30;40;nan;0.0;0.0;611.0;0.0;611.0;0;3
30;41;nan;0.0;0.0;611.0;0.0;611.0;0;3
30;42;nan;0.0;0.0;611.0;0.0;611.0;0;3
30;43;nan;0.0;0.0;611.0;0.0;611.0;0;3
30;44;nan;0.0;0.0;611.0;0.0;611.0;0;3
30;45;nan;0.0;0.0;611.0;0.0;611.0;0;3
30;46;nan;0.0;0.0;611.0;0.0;611.0;0;3
30;47;nan;0.0;0.0;611.0;0.0;611.0;0;3
30;48;nan;0.0;0.0;611.0;0.0;611.0;0;3
30;49;nan;0.0;0.0;611.0;0.0;611.0;0;3
30;50;nan;0.0;0.0;611.0;0.0;611.0;0;3
30;51;nan;0.0;0.0;611.0;0.0;611.0;0;3
30;52;nan;0.0;0.0;611.0;0.0;611.0;0;3
30;53;nan;0.0;0.0;611.0;0.0;611.0;0;3
30;54;nan;0.0;0.0;611.0;0.0;611.0;0;3
30;55;nan;0.0;0.0;611.0;0.0;611.0;0;3
30;56;nan;0.0;0.0;611.0;0.0;611.0;0;3
30;57;nan;0.0;0.0;611.0;0.0;611.0;0;3
30;58;100.0;0.3;1.0;610.9;0.0;610.0;1;4
30;59;nan;0.0;0.0;611.0;0.0;610.0;0;4
30;60;nan;0.0;0.0;611.0;0.0;610.0;0;4
30;61;nan;0.0;0.0;611.0;0.0;610.0;0;4
30;62;nan;0.0;0.0;611.0;0.0;610.0;0;4
30;63;nan;0.0;0.0;611.0;0.0;610.0;0;4
30;64;nan;0.0;0.0;611.0;0.0;610.0;0;4
30;65;nan;0.0;0.0;611.0;0.0;610.0;0;4
30;66;nan;0.0;0.0;611.0;0.0;610.0;0;4
30;67;nan;0.0;0.0;611.0;0.0;610.0;0;4
30;68;nan;0.0;0.0;611.0;0.0;610.0;0;4
30;69;nan;0.0;0.0;611.0;0.0;610.0;0;4
30;70;nan;0.0;0.0;611.0;0.0;610.0;0;4
30;71;nan;0.0;0.0;611.0;0.0;610.0;0;4
30;72;nan;0.0;0.0;611.0;0.0;610.0;0;4
30;73;nan;0.0;0.0;611.0;0.0;610.0;0;4
30;74;nan;0.0;0.0;611.0;0.0;610.0;0;4
30;75;nan;0.0;0.0;611.0;0.0;610.0;0;4
30;76;nan;0.0;0.0;611.0;0.0;610.0;0;4
30;77;nan;0.0;0.0;611.0;0.0;610.0;0;4
30;78;nan;0.0;0.0;611.0;0.0;610.0;0;4
30;79;nan;0.0;0.0;611.0;0.0;610.0;0;4
30;80;nan;0.0;0.0;611.0;0.0;610.0;0;4
30;81;nan;0.0;0.0;611.0;0.0;610.0;0;4
30;82;nan;0.0;0.0;611.0;0.0;610.0;0;4
30;83;nan;0.0;0.0;611.0;0.0;610.0;0;4
30;84;nan;0.0;0.0;611.0;0.0;610.0;0;4
30;85;nan;0.0;0.0;611.0;0.0;610.0;0;4
30;86;nan;0.0;0.0;611.0;0.0;610.0;0;4
30;87;nan;0.0;0.0;611.0;0.0;610.0;0;4
30;88;nan;0.0;0.0;611.0;0.0;610.0;0;4
30;89;nan;0.0;0.0;611.0;0.0;610.0;0;4
30;90;nan;0.0;0.0;611.0;0.0;610.0;0;4
30;91;nan;0.0;0.0;611.0;0.0;610.0;0;4
30;92;nan;0.0;0.0;611.0;0.0;610.0;0;4
30;93;nan;0.0;0.0;611.0;0.0;610.0;0;4
30;94;nan;0.0;0.0;611.0;0.0;610.0;0;4
30;95;nan;0.0;0.0;611.0;0.0;610.0;0;4
30;96;nan;0.0;0.0;611.0;0.0;610.0;0;4
30;97;nan;0.0;0.0;611.0;0.0;610.0;0;4
30;98;nan;0.0;0.0;611.0;0.0;610.0;0;4
30;99;nan;0.0;0.0;611.0;0.0;610.0;0;4
31;0;6.4;194.0;454.0;1068.7;0.2;650.0;1;1
31;1;5.3;222.8;535.0;1032.3;0.2;649.0;1;2
31;2;5.9;200.6;501.0;1016.4;0.2;649.0;0;2
31;3;6.1;195.8;478.0;1024.7;0.2;649.0;0;2
31;4;5.3;216.8;529.0;996.9;0.2;626.0;1;3
31;5;6.4;188.8;500.0;1035.7;0.2;626.0;0;3
31;6;5.2;222.0;533.0;1013.4;0.2;626.0;0;3
31;7;5.0;233.5;541.0;1017.1;0.2;626.0;0;3
31;8;6.2;186.0;455.0;994.7;0.2;626.0;0;3
31;9;6.0;190.8;444.0;981.0;0.2;626.0;0;3
31;10;6.7;167.7;429.0;960.0;0.2;626.0;0;3
31;11;6.2;183.0;499.0;969.3;0.2;611.0;1;4
31;12;5.8;184.9;470.0;931.7;0.2;610.0;1;5
31;13;5.2;214.6;504.0;978.3;0.2;610.0;0;5
31;14;5.4;185.1;400.0;871.4;0.2;610.0;0;5
31;15;5.2;198.4;455.0;901.1;0.2;610.0;0;5
31;16;5.4;186.0;411.0;866.3;0.2;610.0;0;5
31;17;5.8;176.7;399.0;890.6;0.2;610.0;0;5
31;18;5.7;173.8;392.0;850.6;0.2;610.0;0;5
31;19;5.6;171.1;366.0;823.3;0.2;610.0;0;5
31;20;7.4;122.0;303.0;763.0;0.2;610.0;0;5
31;21;6.4;147.2;322.0;800.6;0.2;610.0;0;5
31;22;6.8;135.1;305.0;782.4;0.2;610.0;0;5
31;23;7.9;114.0;254.0;758.6;0.2;610.0;0;5
31;24;10.6;81.6;190.0;718.9;0.1;610.0;0;5
31;25;11.1;78.6;191.0;720.7;0.1;610.0;0;5
31;26;16.8;50.2;129.0;685.4;0.1;610.0;0;5
31;27;16.4;51.5;124.0;687.3;0.1;610.0;0;5
31;28;17.5;48.0;114.0;679.3;0.1;610.0;0;5
31;29;14.8;56.6;123.0;685.3;0.1;610.0;0;5
31;30;25.3;32.6;75.0;661.6;0.0;610.0;0;5
31;31;12.9;65.9;153.0;698.9;0.1;610.0;0;5
31;32;15.9;52.5;133.0;680.3;0.1;610.0;0;5
31;33;22.8;35.8;100.0;657.0;0.1;610.0;0;5
31;34;40.7;20.0;46.0;645.7;0.0;610.0;0;5
31;35;33.1;24.4;54.0;643.3;0.0;610.0;0;5
31;36;39.4;20.6;55.0;644.0;0.0;609.0;1;6
31;37;38.2;21.0;51.0;635.6;0.0;609.0;0;6
31;38;43.4;18.3;37.0;630.1;0.0;609.0;0;6
31;39;100.0;0.3;1.0;609.1;0.0;609.0;0;6
31;40;nan;0.0;0.0;609.0;0.0;609.0;0;6
31;41;nan;0.0;0.0;609.0;0.0;609.0;0;6
31;42;nan;0.0;0.0;609.0;0.0;609.0;0;6
31;43;nan;0.0;0.0;609.0;0.0;609.0;0;6
31;44;nan;0.0;0.0;609.0;0.0;609.0;0;6
31;45;nan;0.0;0.0;609.0;0.0;609.0;0;6
31;46;nan;0.0;0.0;609.0;0.0;609.0;0;6
31;47;nan;0.0;0.0;609.0;0.0;609.0;0;6
31;48;nan;0.0;0.0;609.0;0.0;609.0;0;6
31;49;nan;0.0;0.0;609.0;0.0;609.0;0;6
31;50;nan;0.0;0.0;609.0;0.0;609.0;0;6
31;51;nan;0.0;0.0;609.0;0.0;609.0;0;6
31;52;nan;0.0;0.0;609.0;0.0;609.0;0;6
31;53;nan;0.0;0.0;609.0;0.0;609.0;0;6
31;54;nan;0.0;0.0;609.0;0.0;609.0;0;6
31;55;nan;0.0;0.0;609.0;0.0;609.0;0;6
31;56;nan;0.0;0.0;609.0;0.0;609.0;0;6
31;57;nan;0.0;0.0;609.0;0.0;609.0;0;6
31;58;nan;0.0;0.0;609.0;0.0;609.0;0;6
31;59;nan;0.0;0.0;609.0;0.0;609.0;0;6
31;60;nan;0.0;0.0;609.0;0.0;609.0;0;6
31;61;nan;0.0;0.0;609.0;0.0;609.0;0;6
31;62;nan;0.0;0.0;609.0;0.0;609.0;0;6
31;63;nan;0.0;0.0;609.0;0.0;609.0;0;6
31;64;nan;0.0;0.0;609.0;0.0;609.0;0;6
31;65;nan;0.0;0.0;609.0;0.0;609.0;0;6
31;66;nan;0.0;0.0;609.0;0.0;609.0;0;6
31;67;nan;0.0;0.0;609.0;0.0;609.0;0;6
31;68;nan;0.0;0.0;609.0;0.0;609.0;0;6
31;69;nan;0.0;0.0;609.0;0.0;609.0;0;6
31;70;nan;0.0;0.0;609.0;0.0;609.0;0;6
31;71;nan;0.0;0.0;609.0;0.0;609.0;0;6
31;72;nan;0.0;0.0;609.0;0.0;609.0;0;6
31;73;nan;0.0;0.0;609.0;0.0;609.0;0;6
31;74;nan;0.0;0.0;609.0;0.0;609.0;0;6
31;75;nan;0.0;0.0;609.0;0.0;609.0;0;6
31;76;nan;0.0;0.0;609.0;0.0;609.0;0;6
31;77;nan;0.0;0.0;609.0;0.0;609.0;0;6
31;78;nan;0.0;0.0;609.0;0.0;609.0;0;6
31;79;nan;0.0;0.0;609.0;0.0;609.0;0;6
31;80;nan;0.0;0.0;609.0;0.0;609.0;0;6
31;81;nan;0.0;0.0;609.0;0.0;609.0;0;6
31;82;6.8;120.9;277.0;701.0;0.2;609.0;0;6
31;83;9.3;87.0;209.0;676.4;0.1;609.0;0;6
31;84;8.5;96.2;227.0;683.0;0.1;609.0;0;6
31;85;8.2;98.5;232.0;676.7;0.1;609.0;0;6
31;86;12.4;64.0;150.0;651.6;0.1;609.0;0;6
31;87;28.9;27.1;60.0;626.1;0.0;609.0;0;6
31;88;38.4;20.4;60.0;622.3;0.0;609.0;0;6
31;89;nan;0.0;0.0;609.0;0.0;609.0;0;6
31;90;nan;0.0;0.0;609.0;0.0;609.0;0;6
31;91;nan;0.0;0.0;609.0;0.0;609.0;0;6
31;92;nan;0.0;0.0;609.0;0.0;609.0;0;6
31;93;nan;0.0;0.0;609.0;0.0;609.0;0;6
31;94;nan;0.0;0.0;609.0;0.0;609.0;0;6
31;95;nan;0.0;0.0;609.0;0.0;609.0;0;6
31;96;nan;0.0;0.0;609.0;0.0;609.0;0;6
31;97;nan;0.0;0.0;609.0;0.0;609.0;0;6
31;98;nan;0.0;0.0;609.0;0.0;609.0;0;6
31;99;nan;0.0;0.0;609.0;0.0;609.0;0;6
32;0;5.6;221.4;536.0;1067.1;0.2;611.0;1;1
32;1;5.8;199.7;503.0;1005.7;0.2;611.0;0;1
32;2;5.9;204.4;511.0;1045.7;0.2;611.0;0;1
32;3;5.6;212.3;489.0;1026.9;0.2;611.0;0;1
32;4;5.7;202.0;472.0;995.3;0.2;611.0;0;1
32;5;5.1;226.5;528.0;1012.9;0.2;611.0;0;1
32;6;5.4;220.6;538.0;1030.7;0.2;611.0;0;1
32;7;5.8;202.9;485.0;1007.0;0.2;611.0;0;1
32;8;6.0;197.5;496.0;1017.6;0.2;611.0;0;1
32;9;6.2;189.2;459.0;1005.9;0.2;611.0;0;1
32;10;6.4;181.9;440.0;1001.4;0.2;611.0;0;1
32;11;5.8;208.2;492.0;1037.6;0.2;611.0;0;1
32;12;5.5;202.7;503.0;969.7;0.2;611.0;0;1
32;13;5.7;198.1;474.0;972.9;0.2;611.0;0;1
32;14;5.2;202.2;456.0;908.1;0.2;611.0;0;1
32;15;5.5;180.7;392.0;856.6;0.2;611.0;0;1
32;16;5.6;175.1;376.0;847.3;0.2;611.0;0;1
32;17;5.1;194.5;424.0;870.3;0.2;611.0;0;1
32;18;6.1;154.9;336.0;806.7;0.2;611.0;0;1
32;19;6.0;157.7;348.0;809.7;0.2;611.0;0;1
32;20;7.5;122.0;282.0;777.4;0.2;611.0;0;1
32;21;7.7;118.7;267.0;768.9;0.2;611.0;0;1
32;22;8.7;103.2;224.0;750.9;0.1;611.0;0;1
32;23;10.1;87.0;206.0;731.0;0.1;611.0;0;1
32;24;10.7;82.7;193.0;730.0;0.1;611.0;0;1
32;25;11.4;75.7;195.0;711.3;0.1;611.0;0;1
32;26;19.3;42.9;104.0;667.3;0.1;611.0;0;1
32;27;20.1;41.3;97.0;669.0;0.1;611.0;0;1
32;28;31.8;25.5;70.0;648.1;0.0;611.0;0;1
32;29;30.1;27.2;63.0;654.4;0.0;611.0;0;1
32;30;47.2;17.1;43.0;640.4;0.0;611.0;0;1
32;31;36.8;22.3;55.0;652.4;0.0;611.0;0;1
32;32;54.3;14.8;38.0;633.6;0.0;610.0;1;2
32;33;57.1;14.3;44.0;644.0;0.0;610.0;0;2
32;34;29.1;28.0;66.0;651.3;0.0;610.0;0;2
32;35;33.0;24.7;62.0;648.7;0.0;610.0;0;2
32;36;70.1;11.6;34.0;638.0;0.0;610.0;0;2
32;37;72.4;11.2;26.0;637.6;0.0;610.0;0;2
32;38;54.9;14.6;33.0;634.9;0.0;610.0;0;2
32;39;48.8;16.2;37.0;626.1;0.0;610.0;0;2
32;40;47.4;16.7;36.0;627.4;0.0;610.0;0;2
32;41;56.3;14.0;30.0;624.1;0.0;610.0;0;2
32;42;31.9;25.1;61.0;639.6;0.0;610.0;0;2
32;43;65.9;12.2;36.0;631.4;0.0;610.0;0;2
32;44;58.3;13.6;29.0;623.7;0.0;610.0;0;2
32;45;58.9;13.4;29.0;623.6;0.0;610.0;0;2
32;46;55.5;14.2;29.0;622.3;0.0;610.0;0;2
32;47;65.6;12.2;29.0;628.6;0.0;610.0;0;2
32;48;58.8;13.5;29.0;625.3;0.0;610.0;0;2
32;49;55.5;14.2;29.0;622.3;0.0;610.0;0;2
32;50;55.4;14.2;29.0;622.6;0.0;610.0;0;2
32;51;54.9;14.4;29.0;622.4;0.0;610.0;0;2
32;52;59.2;13.4;29.0;623.7;0.0;610.0;0;2
32;53;58.2;13.6;29.0;625.4;0.0;610.0;0;2
32;54;54.9;14.4;29.0;622.4;0.0;610.0;0;2
32;55;59.7;13.2;29.0;623.4;0.0;610.0;0;2
32;56;61.9;12.6;28.0;618.0;0.0;610.0;0;2
32;57;59.8;13.1;29.0;618.3;0.0;610.0;0;2
32;58;59.8;13.1;29.0;618.3;0.0;610.0;0;2
32;59;79.7;9.8;28.0;614.0;0.0;610.0;0;2
32;60;59.8;13.1;29.0;618.3;0.0;610.0;0;2
32;61;76.9;10.1;29.0;614.1;0.0;610.0;0;2
32;62;76.9;10.1;29.0;614.1;0.0;610.0;0;2
32;63;74.3;10.5;30.0;614.3;0.0;610.0;0;2
32;64;nan;0.0;0.0;610.0;0.0;610.0;0;2
32;65;nan;0.0;0.0;610.0;0.0;610.0;0;2
32;66;nan;0.0;0.0;610.0;0.0;610.0;0;2
32;67;nan;0.0;0.0;610.0;0.0;610.0;0;2
32;68;nan;0.0;0.0;610.0;0.0;610.0;0;2
32;69;nan;0.0;0.0;610.0;0.0;610.0;0;2
32;70;nan;0.0;0.0;610.0;0.0;610.0;0;2
32;71;nan;0.0;0.0;610.0;0.0;610.0;0;2
32;72;nan;0.0;0.0;610.0;0.0;610.0;0;2
32;73;nan;0.0;0.0;610.0;0.0;610.0;0;2
32;74;nan;0.0;0.0;610.0;0.0;610.0;0;2
32;75;nan;0.0;0.0;610.0;0.0;610.0;0;2
32;76;nan;0.0;0.0;610.0;0.0;610.0;0;2
32;77;nan;0.0;0.0;610.0;0.0;610.0;0;2
32;78;4.8;173.1;392.0;734.6;0.2;610.0;0;2
32;79;5.5;153.5;357.0;728.4;0.2;610.0;0;2
32;80;5.5;155.2;361.0;734.1;0.2;610.0;0;2
32;81;6.3;130.6;303.0;707.3;0.2;610.0;0;2
32;82;10.0;80.3;196.0;670.1;0.1;610.0;0;2
32;83;9.6;85.0;205.0;679.1;0.1;610.0;0;2
32;84;19.1;41.7;104.0;644.7;0.1;609.0;1;3
32;85;28.1;28.6;72.0;642.7;0.0;609.0;0;3
32;86;56.1;14.4;39.0;637.6;0.0;609.0;0;3
32;87;100.0;4.4;11.0;634.3;0.0;609.0;0;3
32;88;100.0;3.8;9.0;634.1;0.0;609.0;0;3
32;89;100.0;2.0;6.0;631.1;0.0;609.0;0;3
32;90;nan;0.0;0.0;630.0;0.0;609.0;0;3
32;91;nan;0.0;0.0;630.0;0.0;609.0;0;3
32;92;nan;0.0;0.0;630.0;0.0;609.0;0;3
32;93;nan;0.0;0.0;630.0;0.0;609.0;0;3
32;94;nan;0.0;0.0;630.0;0.0;609.0;0;3
32;95;nan;0.0;0.0;630.0;0.0;609.0;0;3
32;96;nan;0.0;0.0;630.0;0.0;609.0;0;3
32;97;nan;0.0;0.0;630.0;0.0;609.0;0;3
32;98;nan;0.0;0.0;630.0;0.0;609.0;0;3
32;99;nan;0.0;0.0;630.0;0.0;609.0;0;3
33;0;6.4;192.5;467.0;1051.0;0.2;618.0;1;1
33;1;5.7;212.5;533.0;1046.9;0.2;618.0;0;1
33;2;6.7;184.1;483.0;1046.9;0.2;618.0;0;1
33;3;5.6;217.8;492.0;1056.0;0.2;618.0;0;1
33;4;5.6;220.0;550.0;1063.4;0.2;618.0;0;1
33;5;5.6;224.9;549.0;1082.1;0.2;618.0;0;1
33;6;5.7;208.5;520.0;1027.3;0.2;618.0;0;1
33;7;5.3;223.7;543.0;1022.4;0.2;618.0;0;1
33;8;5.7;208.4;496.0;1033.7;0.2;618.0;0;1
33;9;5.9;203.6;486.0;1027.1;0.2;618.0;0;1
33;10;6.1;187.9;435.0;984.3;0.2;618.0;0;1
33;11;5.5;208.6;513.0;992.9;0.2;618.0;0;1
33;12;5.9;187.0;476.0;951.4;0.2;618.0;0;1
33;13;5.9;192.5;465.0;971.6;0.2;618.0;0;1
33;14;5.5;179.5;406.0;855.7;0.2;618.0;0;1
33;15;5.1;199.9;460.0;892.6;0.2;618.0;0;1
33;16;5.4;191.0;417.0;895.4;0.2;618.0;0;1
33;17;5.4;177.9;382.0;839.7;0.2;618.0;0;1
33;18;5.5;177.9;394.0;847.6;0.2;618.0;0;1
33;19;5.9;159.4;346.0;809.7;0.2;616.0;1;2
33;20;6.4;145.3;329.0;793.1;0.2;616.0;0;2
33;21;6.1;153.0;335.0;798.9;0.2;616.0;0;2
33;22;6.6;137.9;299.0;779.4;0.2;613.0;1;3
33;23;7.3;123.6;288.0;763.0;0.2;613.0;0;3
33;24;9.8;89.1;224.0;725.0;0.1;613.0;0;3
33;25;9.8;88.0;205.0;719.3;0.1;608.0;1;4
33;26;11.7;72.6;177.0;702.0;0.1;608.0;0;4
33;27;15.0;56.2;137.0;688.6;0.1;608.0;0;4
33;28;17.9;46.6;113.0;673.6;0.1;608.0;0;4
33;29;18.2;46.0;112.0;678.6;0.1;608.0;0;4
33;30;21.8;37.6;97.0;661.6;0.1;608.0;0;4
33;31;21.6;38.2;90.0;664.4;0.1;608.0;0;4
33;32;17.9;46.3;101.0;672.9;0.1;608.0;0;4
33;33;21.2;39.0;86.0;665.1;0.1;608.0;0;4
33;34;23.9;34.3;100.0;658.6;0.1;608.0;0;4
33;35;22.5;36.4;99.0;658.0;0.1;608.0;0;4
33;36;23.0;35.6;93.0;658.1;0.1;608.0;0;4
33;37;29.2;27.7;73.0;645.7;0.0;608.0;0;4
33;38;23.7;34.2;76.0;651.7;0.1;608.0;0;4
33;39;45.4;17.4;42.0;626.3;0.0;608.0;0;4
33;40;40.2;19.8;47.0;631.9;0.0;608.0;0;4
33;41;65.8;12.1;34.0;626.9;0.0;608.0;0;4
33;42;76.9;10.3;23.0;624.1;0.0;608.0;0;4
33;43;70.7;11.2;26.0;622.6;0.0;608.0;0;4
33;44;71.1;11.1;25.0;622.4;0.0;608.0;0;4
33;45;67.5;11.7;26.0;621.0;0.0;608.0;0;4
33;46;100.0;6.9;21.0;614.1;0.0;608.0;0;4
33;47;92.5;8.4;25.0;614.4;0.0;608.0;0;4
33;48;100.0;1.0;2.0;610.9;0.0;608.0;0;4
33;49;100.0;1.0;2.0;611.1;0.0;608.0;0;4
33;50;nan;0.0;0.0;610.0;0.0;608.0;0;4
33;51;nan;0.0;0.0;610.0;0.0;608.0;0;4
33;52;nan;0.0;0.0;610.0;0.0;608.0;0;4
33;53;nan;0.0;0.0;610.0;0.0;608.0;0;4
33;54;nan;0.0;0.0;610.0;0.0;608.0;0;4
33;55;nan;0.0;0.0;610.0;0.0;608.0;0;4
33;56;nan;0.0;0.0;610.0;0.0;608.0;0;4
33;57;nan;0.0;0.0;610.0;0.0;608.0;0;4
33;58;nan;0.0;0.0;610.0;0.0;608.0;0;4
33;59;nan;0.0;0.0;610.0;0.0;608.0;0;4
33;60;nan;0.0;0.0;610.0;0.0;608.0;0;4
33;61;nan;0.0;0.0;610.0;0.0;608.0;0;4
33;62;nan;0.0;0.0;610.0;0.0;608.0;0;4
33;63;nan;0.0;0.0;610.0;0.0;608.0;0;4
33;64;nan;0.0;0.0;610.0;0.0;608.0;0;4
33;65;nan;0.0;0.0;610.0;0.0;608.0;0;4
33;66;nan;0.0;0.0;610.0;0.0;608.0;0;4
33;67;nan;0.0;0.0;610.0;0.0;608.0;0;4
33;68;nan;0.0;0.0;610.0;0.0;608.0;0;4
33;69;nan;0.0;0.0;610.0;0.0;608.0;0;4
33;70;nan;0.0;0.0;610.0;0.0;608.0;0;4
33;71;5.9;142.9;344.0;729.4;0.2;608.0;0;4
33;72;5.0;170.5;394.0;742.3;0.2;608.0;0;4
33;73;6.1;136.8;321.0;720.0;0.2;608.0;0;4
33;74;6.7;124.2;294.0;711.7;0.2;608.0;0;4
33;75;7.6;106.8;251.0;685.0;0.2;608.0;0;4
33;76;6.8;122.7;286.0;707.4;0.2;608.0;0;4
33;77;10.4;78.2;183.0;672.1;0.1;608.0;0;4
33;78;8.3;97.1;230.0;680.9;0.1;608.0;0;4
33;79;8.3;98.2;232.0;682.7;0.1;608.0;0;4
33;80;13.2;60.7;141.0;654.4;0.1;608.0;0;4
33;81;12.2;65.1;152.0;653.3;0.1;608.0;0;4
33;82;24.8;31.8;97.0;631.3;0.1;608.0;0;4
33;83;nan;0.0;0.0;608.0;0.0;608.0;0;4
33;84;nan;0.0;0.0;608.0;0.0;608.0;0;4
33;85;nan;0.0;0.0;608.0;0.0;608.0;0;4
33;86;nan;0.0;0.0;608.0;0.0;608.0;0;4
33;87;nan;0.0;0.0;608.0;0.0;608.0;0;4
33;88;nan;0.0;0.0;608.0;0.0;608.0;0;4
33;89;nan;0.0;0.0;608.0;0.0;608.0;0;4
33;90;nan;0.0;0.0;608.0;0.0;608.0;0;4
33;91;nan;0.0;0.0;608.0;0.0;608.0;0;4
33;92;nan;0.0;0.0;608.0;0.0;608.0;0;4
33;93;nan;0.0;0.0;608.0;0.0;608.0;0;4
33;94;nan;0.0;0.0;608.0;0.0;608.0;0;4
33;95;nan;0.0;0.0;608.0;0.0;608.0;0;4
33;96;nan;0.0;0.0;608.0;0.0;608.0;0;4
33;97;nan;0.0;0.0;608.0;0.0;608.0;0;4
33;98;nan;0.0;0.0;608.0;0.0;608.0;0;4
33;99;nan;0.0;0.0;608.0;0.0;608.0;0;4
34;0;6.2;203.3;467.0;1079.7;0.2;622.0;1;1
34;1;6.3;196.7;464.0;1054.3;0.2;621.0;1;2
34;2;5.8;207.0;477.0;1041.3;0.2;621.0;0;2
34;3;6.7;183.3;433.0;1043.1;0.2;621.0;0;2
34;4;5.9;203.0;507.0;1038.1;0.2;621.0;0;2
34;5;5.4;214.3;522.0;997.4;0.2;621.0;0;2
34;6;6.0;196.4;524.0;1008.7;0.2;621.0;0;2
34;7;6.4;184.9;453.0;1010.1;0.2;621.0;0;2
34;8;6.6;174.2;441.0;986.4;0.2;621.0;0;2
34;9;5.4;212.9;486.0;992.7;0.2;621.0;0;2
34;10;5.6;214.5;497.0;1040.4;0.2;621.0;0;2
34;11;6.4;177.3;459.0;973.4;0.2;621.0;0;2
34;12;5.8;197.6;528.0;994.9;0.2;621.0;1;3
34;13;6.0;190.7;457.0;990.1;0.2;621.0;0;3
34;14;5.1;203.7;472.0;898.3;0.2;621.0;0;3
34;15;5.2;192.5;420.0;877.7;0.2;621.0;0;3
34;16;5.0;210.4;474.0;922.7;0.2;621.0;0;3
34;17;5.2;192.6;442.0;869.6;0.2;621.0;0;3
34;18;4.7;211.4;468.0;872.9;0.2;620.0;0;3
34;19;5.6;170.1;398.0;818.0;0.2;612.0;1;4
34;20;5.7;167.1;380.0;816.3;0.2;612.0;0;4
34;21;5.9;157.5;357.0;802.4;0.2;612.0;0;4
34;22;7.2;126.1;281.0;771.7;0.2;612.0;0;4
34;23;7.0;131.9;289.0;780.6;0.2;612.0;0;4
34;24;10.5;82.0;214.0;716.0;0.1;612.0;0;4
34;25;10.2;84.5;194.0;717.7;0.1;612.0;0;4
34;26;11.2;77.3;185.0;712.7;0.1;612.0;0;4
34;27;12.9;65.9;154.0;696.4;0.1;610.0;1;5
34;28;17.7;47.1;114.0;675.3;0.1;610.0;0;5
34;29;18.2;45.9;117.0;677.0;0.1;610.0;0;5
34;30;17.1;48.6;115.0;674.3;0.1;610.0;0;5
34;31;22.1;37.3;96.0;663.3;0.1;610.0;0;5
34;32;26.4;30.7;72.0;647.0;0.0;610.0;0;5
34;33;66.9;11.7;32.0;619.6;0.0;610.0;0;5
34;34;38.7;20.3;54.0;624.3;0.0;610.0;0;5
34;35;100.0;0.5;1.0;611.7;0.0;610.0;0;5
34;36;100.0;0.5;1.0;611.7;0.0;610.0;0;5
34;37;100.0;0.5;1.0;611.3;0.0;610.0;0;5
34;38;100.0;0.3;1.0;611.1;0.0;610.0;0;5
34;39;nan;0.0;0.0;611.0;0.0;610.0;0;5
34;40;nan;0.0;0.0;611.0;0.0;610.0;0;5
34;41;nan;0.0;0.0;611.0;0.0;610.0;0;5
34;42;nan;0.0;0.0;611.0;0.0;610.0;0;5
34;43;nan;0.0;0.0;611.0;0.0;610.0;0;5
34;44;nan;0.0;0.0;611.0;0.0;610.0;0;5
34;45;nan;0.0;0.0;611.0;0.0;610.0;0;5
34;46;nan;0.0;0.0;611.0;0.0;610.0;0;5
34;47;nan;0.0;0.0;611.0;0.0;610.0;0;5
34;48;nan;0.0;0.0;611.0;0.0;610.0;0;5
34;49;nan;0.0;0.0;611.0;0.0;610.0;0;5
34;50;nan;0.0;0.0;611.0;0.0;610.0;0;5
34;51;nan;0.0;0.0;611.0;0.0;610.0;0;5
34;52;nan;0.0;0.0;611.0;0.0;610.0;0;5
34;53;nan;0.0;0.0;611.0;0.0;610.0;0;5
34;54;nan;0.0;0.0;611.0;0.0;610.0;0;5
34;55;nan;0.0;0.0;611.0;0.0;610.0;0;5
34;56;nan;0.0;0.0;611.0;0.0;610.0;0;5
34;57;nan;0.0;0.0;611.0;0.0;610.0;0;5
34;58;nan;0.0;0.0;611.0;0.0;610.0;0;5
34;59;nan;0.0;0.0;611.0;0.0;610.0;0;5
34;60;nan;0.0;0.0;611.0;0.0;610.0;0;5
34;61;nan;0.0;0.0;611.0;0.0;610.0;0;5
34;62;nan;0.0;0.0;611.0;0.0;610.0;0;5
34;63;nan;0.0;0.0;611.0;0.0;610.0;0;5
34;64;nan;0.0;0.0;611.0;0.0;610.0;0;5
34;65;nan;0.0;0.0;611.0;0.0;610.0;0;5
34;66;nan;0.0;0.0;611.0;0.0;610.0;0;5
34;67;nan;0.0;0.0;611.0;0.0;610.0;0;5
34;68;nan;0.0;0.0;611.0;0.0;610.0;0;5
34;69;nan;0.0;0.0;611.0;0.0;610.0;0;5
34;70;nan;0.0;0.0;611.0;0.0;610.0;0;5
34;71;nan;0.0;0.0;611.0;0.0;610.0;0;5
34;72;nan;0.0;0.0;611.0;0.0;610.0;0;5
34;73;5.4;154.6;352.0;727.1;0.2;610.0;0;5
34;74;7.2;113.5;271.0;695.4;0.2;610.0;0;5
34;75;6.8;123.6;296.0;711.7;0.2;610.0;0;5
34;76;7.1;114.5;262.0;690.6;0.2;610.0;0;5
34;77;7.1;115.1;263.0;692.9;0.2;610.0;0;5
34;78;12.6;63.9;154.0;661.9;0.1;610.0;0;5
34;79;14.3;55.3;127.0;646.1;0.1;610.0;0;5
34;80;38.4;20.3;58.0;619.3;0.0;610.0;0;5
34;81;25.2;31.2;70.0;630.7;0.0;610.0;0;5
34;82;nan;0.0;0.0;611.0;0.0;610.0;0;5
34;83;nan;0.0;0.0;611.0;0.0;610.0;0;5
34;84;nan;0.0;0.0;611.0;0.0;610.0;0;5
34;85;nan;0.0;0.0;611.0;0.0;610.0;0;5
34;86;nan;0.0;0.0;611.0;0.0;610.0;0;5
34;87;nan;0.0;0.0;611.0;0.0;610.0;0;5
34;88;nan;0.0;0.0;611.0;0.0;610.0;0;5
34;89;nan;0.0;0.0;611.0;0.0;610.0;0;5
34;90;nan;0.0;0.0;611.0;0.0;610.0;0;5
34;91;nan;0.0;0.0;611.0;0.0;610.0;0;5
34;92;nan;0.0;0.0;611.0;0.0;610.0;0;5
34;93;nan;0.0;0.0;611.0;0.0;610.0;0;5
34;94;nan;0.0;0.0;611.0;0.0;610.0;0;5
34;95;nan;0.0;0.0;611.0;0.0;610.0;0;5
34;96;nan;0.0;0.0;611.0;0.0;610.0;0;5
34;97;nan;0.0;0.0;611.0;0.0;610.0;0;5
34;98;nan;0.0;0.0;611.0;0.0;610.0;0;5
34;99;nan;0.0;0.0;611.0;0.0;610.0;0;5
35;0;5.2;231.1;556.0;1049.6;0.2;632.0;1;1
35;1;6.0;206.8;466.0;1063.4;0.2;632.0;0;1
35;2;5.4;214.8;544.0;1004.4;0.2;632.0;0;1
35;3;6.4;194.6;468.0;1066.9;0.2;632.0;0;1
35;4;5.8;207.4;481.0;1034.6;0.2;632.0;0;1
35;5;5.9;202.7;510.0;1024.6;0.2;632.0;0;1
35;6;5.6;205.2;497.0;997.3;0.2;632.0;0;1
35;7;6.4;189.5;465.0;1036.0;0.2;632.0;0;1
35;8;5.6;210.0;488.0;1019.6;0.2;632.0;0;1
35;9;6.0;195.3;479.0;1003.9;0.2;632.0;0;1
35;10;6.0;192.7;501.0;988.3;0.2;632.0;1;2
35;11;6.3;180.0;423.0;967.3;0.2;628.0;0;2
35;12;5.6;201.0;463.0;968.0;0.2;628.0;0;2
35;13;6.2;180.8;428.0;966.3;0.2;628.0;0;2
35;14;5.3;197.1;421.0;906.3;0.2;628.0;0;2
35;15;5.3;191.3;419.0;888.0;0.2;628.0;0;2
35;16;5.3;195.0;460.0;903.9;0.2;624.0;1;3
35;17;5.3;180.5;403.0;834.7;0.2;617.0;1;4
35;18;5.6;172.6;367.0;837.9;0.2;617.0;0;4
35;19;6.1;152.2;341.0;794.7;0.2;611.0;1;5
35;20;6.2;150.9;323.0;804.6;0.2;611.0;0;5
35;21;7.2;126.5;272.0;773.9;0.2;611.0;0;5
35;22;5.7;167.8;365.0;819.9;0.2;611.0;0;5
35;23;8.8;101.8;281.0;749.1;0.1;611.0;0;5
35;24;9.0;97.4;222.0;736.7;0.1;611.0;0;5
35;25;9.2;96.1;234.0;735.6;0.1;611.0;0;5
35;26;10.4;84.4;186.0;727.0;0.1;611.0;0;5
35;27;15.0;57.0;128.0;696.9;0.1;611.0;0;5
35;28;11.8;72.6;162.0;706.9;0.1;611.0;0;5
35;29;19.5;42.4;95.0;666.4;0.1;611.0;0;5
35;30;20.5;40.3;97.0;666.1;0.1;611.0;0;5
35;31;16.8;49.3;109.0;671.7;0.1;611.0;0;5
35;32;19.1;43.9;119.0;678.6;0.1;611.0;0;5
35;33;27.9;29.2;72.0;651.0;0.0;611.0;0;5
35;34;22.4;37.0;99.0;666.4;0.1;611.0;0;5
35;35;41.4;19.5;47.0;639.4;0.0;611.0;0;5
35;36;30.9;26.2;62.0;645.3;0.0;611.0;0;5
35;37;37.6;21.6;52.0;645.9;0.0;611.0;0;5
35;38;64.4;12.5;28.0;632.3;0.0;611.0;0;5
35;39;100.0;2.0;4.0;623.7;0.0;611.0;0;5
35;40;100.0;4.7;14.0;620.6;0.0;610.0;1;6
35;41;100.0;5.6;14.0;619.7;0.0;610.0;0;6
35;42;94.8;8.4;24.0;625.4;0.0;610.0;0;6
35;43;100.0;6.7;14.0;617.7;0.0;610.0;0;6
35;44;73.6;10.7;24.0;618.9;0.0;610.0;0;6
35;45;nan;0.0;0.0;610.0;0.0;610.0;0;6
35;46;nan;0.0;0.0;610.0;0.0;610.0;0;6
35;47;nan;0.0;0.0;610.0;0.0;610.0;0;6
35;48;nan;0.0;0.0;610.0;0.0;610.0;0;6
35;49;nan;0.0;0.0;610.0;0.0;610.0;0;6
35;50;nan;0.0;0.0;610.0;0.0;610.0;0;6
35;51;nan;0.0;0.0;610.0;0.0;610.0;0;6
35;52;nan;0.0;0.0;610.0;0.0;610.0;0;6
35;53;nan;0.0;0.0;610.0;0.0;610.0;0;6
35;54;nan;0.0;0.0;610.0;0.0;610.0;0;6
35;55;nan;0.0;0.0;610.0;0.0;610.0;0;6
35;56;nan;0.0;0.0;610.0;0.0;610.0;0;6
35;57;nan;0.0;0.0;610.0;0.0;610.0;0;6
35;58;nan;0.0;0.0;610.0;0.0;610.0;0;6
35;59;nan;0.0;0.0;610.0;0.0;610.0;0;6
35;60;nan;0.0;0.0;610.0;0.0;610.0;0;6
35;61;nan;0.0;0.0;610.0;0.0;610.0;0;6
35;62;nan;0.0;0.0;610.0;0.0;610.0;0;6
35;63;nan;0.0;0.0;610.0;0.0;610.0;0;6
35;64;nan;0.0;0.0;610.0;0.0;610.0;0;6
35;65;nan;0.0;0.0;610.0;0.0;610.0;0;6
35;66;nan;0.0;0.0;610.0;0.0;610.0;0;6
35;67;nan;0.0;0.0;610.0;0.0;610.0;0;6
35;68;nan;0.0;0.0;610.0;0.0;610.0;0;6
35;69;nan;0.0;0.0;610.0;0.0;610.0;0;6
35;70;nan;0.0;0.0;610.0;0.0;610.0;0;6
35;71;nan;0.0;0.0;610.0;0.0;610.0;0;6
35;72;nan;0.0;0.0;610.0;0.0;610.0;0;6
35;73;nan;0.0;0.0;610.0;0.0;610.0;0;6
35;74;nan;0.0;0.0;610.0;0.0;610.0;0;6
35;75;nan;0.0;0.0;610.0;0.0;610.0;0;6
35;76;nan;0.0;0.0;610.0;0.0;610.0;0;6
35;77;nan;0.0;0.0;610.0;0.0;610.0;0;6
35;78;nan;0.0;0.0;610.0;0.0;610.0;0;6
35;79;nan;0.0;0.0;610.0;0.0;610.0;0;6
35;80;nan;0.0;0.0;610.0;0.0;610.0;0;6
35;81;nan;0.0;0.0;610.0;0.0;610.0;0;6
35;82;nan;0.0;0.0;610.0;0.0;610.0;0;6
35;83;nan;0.0;0.0;610.0;0.0;610.0;0;6
35;84;nan;0.0;0.0;610.0;0.0;610.0;0;6
35;85;nan;0.0;0.0;610.0;0.0;610.0;0;6
35;86;8.8;92.1;231.0;678.1;0.1;610.0;0;6
35;87;9.1;88.9;210.0;676.4;0.1;610.0;0;6
35;88;10.0;81.1;197.0;673.6;0.1;608.0;1;7
35;89;13.9;56.5;172.0;643.9;0.1;608.0;0;7
35;90;19.4;40.0;117.0;627.3;0.1;608.0;0;7
35;91;22.4;34.9;105.0;629.9;0.1;608.0;0;7
35;92;100.0;3.1;9.0;609.3;0.0;608.0;0;7
35;93;nan;0.0;0.0;608.0;0.0;608.0;0;7
35;94;nan;0.0;0.0;608.0;0.0;608.0;0;7
35;95;nan;0.0;0.0;608.0;0.0;608.0;0;7
35;96;nan;0.0;0.0;608.0;0.0;608.0;0;7
35;97;nan;0.0;0.0;608.0;0.0;608.0;0;7
35;98;nan;0.0;0.0;608.0;0.0;608.0;0;7
35;99;nan;0.0;0.0;608.0;0.0;608.0;0;7
36;0;6.0;204.1;494.0;1052.1;0.2;621.0;1;1
36;1;6.1;202.7;489.0;1058.0;0.2;621.0;0;1
36;2;5.6;216.6;550.0;1056.3;0.2;621.0;0;1
36;3;6.2;192.5;453.0;1027.7;0.2;621.0;0;1
36;4;6.0;203.7;499.0;1044.4;0.2;621.0;0;1
36;5;6.1;195.0;489.0;1026.7;0.2;621.0;0;1
36;6;7.0;171.6;440.0;1020.0;0.2;621.0;0;1
36;7;6.3;194.1;472.0;1054.0;0.2;621.0;0;1
36;8;5.3;221.1;526.0;1020.1;0.2;621.0;0;1
36;9;6.3;177.7;422.0;957.3;0.2;621.0;0;1
36;10;5.8;195.8;467.0;985.1;0.2;621.0;0;1
36;11;5.8;195.8;491.0;979.4;0.2;621.0;0;1
36;12;6.1;196.8;512.0;1033.3;0.2;621.0;0;1
36;13;6.5;176.5;419.0;987.0;0.2;621.0;0;1
36;14;5.3;192.9;454.0;894.6;0.2;621.0;0;1
36;15;5.4;196.2;419.0;912.4;0.2;621.0;0;1
36;16;4.8;210.1;450.0;882.0;0.2;621.0;0;1
36;17;5.7;169.3;392.0;831.3;0.2;616.0;1;2
36;18;5.3;184.0;398.0;841.6;0.2;616.0;0;2
36;19;6.1;152.2;333.0;795.1;0.2;612.0;1;3
36;20;6.2;153.4;323.0;812.0;0.2;612.0;0;3
36;21;6.2;150.0;330.0;799.1;0.2;612.0;0;3
36;22;8.7;101.7;223.0;740.1;0.1;612.0;0;3
36;23;10.6;81.6;193.0;718.1;0.1;612.0;0;3
36;24;12.0;72.5;172.0;715.0;0.1;612.0;0;3
36;25;18.2;44.9;128.0;660.7;0.1;612.0;0;3
36;26;15.1;54.8;125.0;674.7;0.1;612.0;0;3
36;27;34.5;22.8;63.0;626.3;0.0;612.0;0;3
36;28;nan;0.0;0.0;612.0;0.0;612.0;0;3
36;29;nan;0.0;0.0;612.0;0.0;612.0;0;3
36;30;nan;0.0;0.0;612.0;0.0;612.0;0;3
36;31;nan;0.0;0.0;612.0;0.0;612.0;0;3
36;32;nan;0.0;0.0;612.0;0.0;612.0;0;3
36;33;nan;0.0;0.0;612.0;0.0;612.0;0;3
36;34;nan;0.0;0.0;612.0;0.0;612.0;0;3
36;35;nan;0.0;0.0;612.0;0.0;612.0;0;3
36;36;nan;0.0;0.0;612.0;0.0;612.0;0;3
36;37;nan;0.0;0.0;612.0;0.0;612.0;0;3
36;38;nan;0.0;0.0;612.0;0.0;612.0;0;3
36;39;nan;0.0;0.0;612.0;0.0;612.0;0;3
36;40;nan;0.0;0.0;612.0;0.0;612.0;0;3
36;41;nan;0.0;0.0;612.0;0.0;612.0;0;3
36;42;nan;0.0;0.0;612.0;0.0;612.0;0;3
36;43;nan;0.0;0.0;612.0;0.0;612.0;0;3
36;44;nan;0.0;0.0;612.0;0.0;612.0;0;3
36;45;nan;0.0;0.0;612.0;0.0;612.0;0;3
36;46;nan;0.0;0.0;612.0;0.0;612.0;0;3
36;47;nan;0.0;0.0;612.0;0.0;612.0;0;3
36;48;nan;0.0;0.0;612.0;0.0;612.0;0;3
36;49;nan;0.0;0.0;612.0;0.0;612.0;0;3
36;50;nan;0.0;0.0;612.0;0.0;612.0;0;3
36;51;nan;0.0;0.0;612.0;0.0;612.0;0;3
36;52;nan;0.0;0.0;612.0;0.0;612.0;0;3
36;53;nan;0.0;0.0;612.0;0.0;612.0;0;3
36;54;nan;0.0;0.0;612.0;0.0;612.0;0;3
36;55;nan;0.0;0.0;612.0;0.0;612.0;0;3
36;56;nan;0.0;0.0;612.0;0.0;612.0;0;3
36;57;nan;0.0;0.0;612.0;0.0;612.0;0;3
36;58;nan;0.0;0.0;612.0;0.0;612.0;0;3
36;59;nan;0.0;0.0;612.0;0.0;612.0;0;3
36;60;nan;0.0;0.0;612.0;0.0;612.0;0;3
36;61;nan;0.0;0.0;612.0;0.0;612.0;0;3
36;62;nan;0.0;0.0;612.0;0.0;612.0;0;3
36;63;nan;0.0;0.0;612.0;0.0;612.0;0;3
36;64;nan;0.0;0.0;612.0;0.0;612.0;0;3
36;65;5.2;165.2;393.0;752.1;0.2;612.0;0;3
36;66;6.3;133.2;306.0;714.1;0.2;612.0;0;3
36;67;5.7;146.8;352.0;726.9;0.2;612.0;0;3
36;68;7.8;105.2;242.0;691.6;0.2;612.0;0;3
36;69;6.0;135.2;314.0;700.4;0.2;608.0;1;4
36;70;10.5;77.8;182.0;675.4;0.1;608.0;0;4
36;71;8.8;93.4;237.0;686.4;0.1;608.0;0;4
36;72;9.1;89.1;206.0;675.6;0.1;608.0;0;4
36;73;14.3;56.0;147.0;653.7;0.1;608.0;0;4
36;74;55.9;14.0;40.0;617.7;0.0;608.0;0;4
36;75;nan;0.0;0.0;612.0;0.0;608.0;0;4
36;76;nan;0.0;0.0;612.0;0.0;608.0;0;4
36;77;nan;0.0;0.0;612.0;0.0;608.0;0;4
36;78;nan;0.0;0.0;612.0;0.0;608.0;0;4
36;79;nan;0.0;0.0;612.0;0.0;608.0;0;4
36;80;nan;0.0;0.0;612.0;0.0;608.0;0;4
36;81;nan;0.0;0.0;612.0;0.0;608.0;0;4
36;82;nan;0.0;0.0;612.0;0.0;608.0;0;4
36;83;nan;0.0;0.0;612.0;0.0;608.0;0;4
36;84;nan;0.0;0.0;612.0;0.0;608.0;0;4
36;85;nan;0.0;0.0;612.0;0.0;608.0;0;4
36;86;nan;0.0;0.0;612.0;0.0;608.0;0;4
36;87;nan;0.0;0.0;612.0;0.0;608.0;0;4
36;88;nan;0.0;0.0;612.0;0.0;608.0;0;4
36;89;nan;0.0;0.0;612.0;0.0;608.0;0;4
36;90;nan;0.0;0.0;612.0;0.0;608.0;0;4
36;91;nan;0.0;0.0;612.0;0.0;608.0;0;4
36;92;nan;0.0;0.0;612.0;0.0;608.0;0;4
36;93;nan;0.0;0.0;612.0;0.0;608.0;0;4
36;94;nan;0.0;0.0;612.0;0.0;608.0;0;4
36;95;nan;0.0;0.0;612.0;0.0;608.0;0;4
36;96;nan;0.0;0.0;612.0;0.0;608.0;0;4
36;97;nan;0.0;0.0;612.0;0.0;608.0;0;4
36;98;nan;0.0;0.0;612.0;0.0;608.0;0;4
36;99;nan;0.0;0.0;612.0;0.0;608.0;0;4
37;0;7.4;175.9;407.0;1100.3;0.2;626.0;1;1
37;1;6.2;208.2;494.0;1114.4;0.2;626.0;0;1
37;2;6.1;205.0;494.0;1079.9;0.2;626.0;0;1
37;3;5.4;223.4;559.0;1048.9;0.2;626.0;0;1
37;4;5.4;221.1;521.0;1042.7;0.2;626.0;0;1
37;5;6.1;196.1;474.0;1024.6;0.2;626.0;0;1
37;6;6.2;196.0;484.0;1049.4;0.2;626.0;0;1
37;7;5.9;197.0;475.0;1006.6;0.2;626.0;1;2
37;8;6.1;188.7;504.0;995.7;0.2;625.0;0;2
37;9;6.7;180.0;438.0;1028.4;0.2;625.0;0;2
37;10;5.8;206.6;506.0;1030.1;0.2;625.0;0;2
37;11;6.3;184.7;449.0;998.6;0.2;625.0;0;2
37;12;6.0;193.6;472.0;993.1;0.2;625.0;0;2
37;13;6.1;186.2;452.0;978.9;0.2;625.0;0;2
37;14;5.5;183.4;430.0;878.0;0.2;618.0;1;3
37;15;5.2;197.4;426.0;894.6;0.2;618.0;0;3
37;16;5.6;173.3;376.0;845.9;0.2;618.0;0;3
37;17;5.1;196.4;438.0;878.6;0.2;618.0;0;3
37;18;5.2;188.3;426.0;849.6;0.2;618.0;0;3
37;19;5.5;178.5;405.0;844.1;0.2;615.0;1;4
37;20;6.2;152.3;328.0;813.3;0.2;615.0;0;4
37;21;7.5;119.9;291.0;759.9;0.2;612.0;1;5
37;22;6.6;138.4;314.0;783.1;0.2;612.0;0;5
37;23;7.5;121.2;265.0;765.4;0.2;612.0;0;5
37;24;9.3;94.6;210.0;733.4;0.1;612.0;0;5
37;25;11.0;78.4;165.0;714.1;0.1;612.0;0;5
37;26;11.7;73.9;172.0;711.0;0.1;612.0;0;5
37;27;16.0;52.4;132.0;682.0;0.1;612.0;0;5
37;28;13.9;61.0;141.0;691.0;0.1;612.0;0;5
37;29;27.0;30.2;79.0;651.6;0.0;612.0;0;5
37;30;27.4;29.9;72.0;656.1;0.0;612.0;0;5
37;31;26.3;31.0;72.0;651.1;0.0;611.0;1;6
37;32;53.8;15.2;41.0;644.7;0.0;611.0;0;6
37;33;100.0;7.5;21.0;628.3;0.0;611.0;0;6
37;34;89.0;8.9;22.0;623.6;0.0;611.0;0;6
37;35;nan;0.0;0.0;618.0;0.0;611.0;0;6
37;36;nan;0.0;0.0;618.0;0.0;611.0;0;6
37;37;nan;0.0;0.0;618.0;0.0;611.0;0;6
37;38;nan;0.0;0.0;618.0;0.0;611.0;0;6
37;39;nan;0.0;0.0;618.0;0.0;611.0;0;6
37;40;nan;0.0;0.0;618.0;0.0;611.0;0;6
37;41;nan;0.0;0.0;618.0;0.0;611.0;0;6
37;42;nan;0.0;0.0;618.0;0.0;611.0;0;6
37;43;nan;0.0;0.0;618.0;0.0;611.0;0;6
37;44;nan;0.0;0.0;618.0;0.0;611.0;0;6
37;45;nan;0.0;0.0;618.0;0.0;611.0;0;6
37;46;nan;0.0;0.0;618.0;0.0;611.0;0;6
37;47;nan;0.0;0.0;618.0;0.0;611.0;0;6
37;48;nan;0.0;0.0;618.0;0.0;611.0;0;6
37;49;nan;0.0;0.0;618.0;0.0;611.0;0;6
37;50;nan;0.0;0.0;618.0;0.0;611.0;0;6
37;51;nan;0.0;0.0;618.0;0.0;611.0;0;6
37;52;nan;0.0;0.0;618.0;0.0;611.0;0;6
37;53;nan;0.0;0.0;618.0;0.0;611.0;0;6
37;54;nan;0.0;0.0;618.0;0.0;611.0;0;6
37;55;nan;0.0;0.0;618.0;0.0;611.0;0;6
37;56;nan;0.0;0.0;618.0;0.0;611.0;0;6
37;57;nan;0.0;0.0;618.0;0.0;611.0;0;6
37;58;nan;0.0;0.0;618.0;0.0;611.0;0;6
37;59;nan;0.0;0.0;618.0;0.0;611.0;0;6
37;60;nan;0.0;0.0;618.0;0.0;611.0;0;6
37;61;nan;0.0;0.0;618.0;0.0;611.0;0;6
37;62;nan;0.0;0.0;618.0;0.0;611.0;0;6
37;63;nan;0.0;0.0;618.0;0.0;611.0;0;6
37;64;nan;0.0;0.0;618.0;0.0;611.0;0;6
37;65;nan;0.0;0.0;618.0;0.0;611.0;0;6
37;66;nan;0.0;0.0;618.0;0.0;611.0;0;6
37;67;nan;0.0;0.0;618.0;0.0;611.0;0;6
37;68;nan;0.0;0.0;618.0;0.0;611.0;0;6
37;69;nan;0.0;0.0;618.0;0.0;611.0;0;6
37;70;nan;0.0;0.0;618.0;0.0;611.0;0;6
37;71;nan;0.0;0.0;618.0;0.0;611.0;0;6
37;72;nan;0.0;0.0;618.0;0.0;611.0;0;6
37;73;nan;0.0;0.0;618.0;0.0;611.0;0;6
37;74;nan;0.0;0.0;618.0;0.0;611.0;0;6
37;75;nan;0.0;0.0;618.0;0.0;611.0;0;6
37;76;nan;0.0;0.0;618.0;0.0;611.0;0;6
37;77;6.7;124.1;283.0;705.0;0.2;611.0;0;6
37;78;7.9;103.1;253.0;685.7;0.2;611.0;0;6
37;79;8.1;101.7;260.0;692.1;0.1;611.0;0;6
37;80;13.1;61.5;154.0;660.0;0.1;611.0;0;6
37;81;9.9;81.2;205.0;671.4;0.1;611.0;0;6
37;82;19.9;40.0;90.0;643.7;0.1;611.0;0;6
37;83;60.0;13.2;32.0;626.7;0.0;611.0;0;6
37;84;25.8;31.1;74.0;642.4;0.0;611.0;0;6
37;85;56.4;14.0;40.0;623.7;0.0;611.0;0;6
37;86;nan;0.0;0.0;618.0;0.0;611.0;0;6
37;87;nan;0.0;0.0;618.0;0.0;611.0;0;6
37;88;nan;0.0;0.0;618.0;0.0;611.0;0;6
37;89;nan;0.0;0.0;618.0;0.0;611.0;0;6
37;90;nan;0.0;0.0;618.0;0.0;611.0;0;6
37;91;nan;0.0;0.0;618.0;0.0;611.0;0;6
37;92;nan;0.0;0.0;618.0;0.0;611.0;0;6
37;93;nan;0.0;0.0;618.0;0.0;611.0;0;6
37;94;nan;0.0;0.0;618.0;0.0;611.0;0;6
37;95;nan;0.0;0.0;618.0;0.0;611.0;0;6
37;96;nan;0.0;0.0;618.0;0.0;611.0;0;6
37;97;nan;0.0;0.0;618.0;0.0;611.0;0;6
37;98;nan;0.0;0.0;618.0;0.0;611.0;0;6
37;99;nan;0.0;0.0;618.0;0.0;611.0;0;6
38;0;6.0;202.2;532.0;1043.3;0.2;626.0;1;1
38;1;5.9;200.6;456.0;1025.0;0.2;626.0;0;1
38;2;5.6;220.6;540.0;1060.3;0.2;626.0;0;1
38;3;6.1;195.2;461.0;1024.7;0.2;626.0;0;1
38;4;6.0;201.9;476.0;1041.1;0.2;626.0;0;1
38;5;6.2;198.3;451.0;1052.9;0.2;626.0;0;1
38;6;5.5;216.8;524.0;1033.3;0.2;626.0;0;1
38;7;5.3;220.0;517.0;1006.3;0.2;626.0;0;1
38;8;5.9;197.4;482.0;1006.9;0.2;626.0;0;1
38;9;5.6;210.4;496.0;1012.3;0.2;626.0;0;1
38;10;5.3;224.3;525.0;1028.3;0.2;626.0;0;1
38;11;6.5;177.9;483.0;987.3;0.2;626.0;1;2
38;12;6.0;189.1;449.0;982.6;0.2;617.0;0;2
38;13;6.3;181.0;416.0;977.1;0.2;617.0;0;2
38;14;5.3;193.7;426.0;887.4;0.2;617.0;0;2
38;15;5.1;202.4;453.0;903.3;0.2;617.0;0;2
38;16;5.1;194.1;428.0;870.0;0.2;617.0;0;2
38;17;5.0;200.5;424.0;871.0;0.2;617.0;0;2
38;18;5.9;161.9;353.0;821.9;0.2;617.0;0;2
38;19;5.6;173.2;410.0;840.0;0.2;611.0;1;3
38;20;5.7;167.1;351.0;824.7;0.2;611.0;0;3
38;21;6.3;146.4;339.0;793.6;0.2;611.0;0;3
38;22;6.2;149.9;327.0;793.3;0.2;611.0;0;3
38;23;7.8;113.6;252.0;751.9;0.2;611.0;0;3
38;24;10.0;88.2;207.0;732.6;0.1;611.0;0;3
38;25;10.4;82.8;185.0;711.9;0.1;611.0;0;3
38;26;10.2;83.8;189.0;712.1;0.1;611.0;0;3
38;27;11.1;77.0;165.0;706.7;0.1;610.0;1;4
38;28;13.3;64.1;147.0;699.4;0.1;610.0;0;4
38;29;17.0;49.3;119.0;680.6;0.1;610.0;0;4
38;30;20.3;40.8;90.0;668.9;0.1;610.0;0;4
38;31;18.4;44.2;112.0;658.0;0.1;610.0;0;4
38;32;26.7;30.0;67.0;642.4;0.0;610.0;0;4
38;33;80.8;9.7;28.0;614.6;0.0;610.0;0;4
38;34;nan;0.0;0.0;610.0;0.0;610.0;0;4
38;35;nan;0.0;0.0;610.0;0.0;610.0;0;4
38;36;nan;0.0;0.0;610.0;0.0;610.0;0;4
38;37;nan;0.0;0.0;610.0;0.0;610.0;0;4
38;38;nan;0.0;0.0;610.0;0.0;610.0;0;4
38;39;nan;0.0;0.0;610.0;0.0;610.0;0;4
38;40;nan;0.0;0.0;610.0;0.0;610.0;0;4
38;41;nan;0.0;0.0;610.0;0.0;610.0;0;4
38;42;nan;0.0;0.0;610.0;0.0;610.0;0;4
38;43;nan;0.0;0.0;610.0;0.0;610.0;0;4
38;44;nan;0.0;0.0;610.0;0.0;610.0;0;4
38;45;nan;0.0;0.0;610.0;0.0;610.0;0;4
38;46;nan;0.0;0.0;610.0;0.0;610.0;0;4
38;47;nan;0.0;0.0;610.0;0.0;610.0;0;4
38;48;nan;0.0;0.0;610.0;0.0;610.0;0;4
38;49;nan;0.0;0.0;610.0;0.0;610.0;0;4
38;50;nan;0.0;0.0;610.0;0.0;610.0;0;4
38;51;nan;0.0;0.0;610.0;0.0;610.0;0;4
38;52;nan;0.0;0.0;610.0;0.0;610.0;0;4
38;53;nan;0.0;0.0;610.0;0.0;610.0;0;4
38;54;nan;0.0;0.0;610.0;0.0;610.0;0;4
38;55;nan;0.0;0.0;610.0;0.0;610.0;0;4
38;56;nan;0.0;0.0;610.0;0.0;610.0;0;4
38;57;nan;0.0;0.0;610.0;0.0;610.0;0;4
38;58;nan;0.0;0.0;610.0;0.0;610.0;0;4
38;59;nan;0.0;0.0;610.0;0.0;610.0;0;4
38;60;nan;0.0;0.0;610.0;0.0;610.0;0;4
38;61;nan;0.0;0.0;610.0;0.0;610.0;0;4
38;62;nan;0.0;0.0;610.0;0.0;610.0;0;4
38;63;nan;0.0;0.0;610.0;0.0;610.0;0;4
38;64;nan;0.0;0.0;610.0;0.0;610.0;0;4
38;65;nan;0.0;0.0;610.0;0.0;610.0;0;4
38;66;nan;0.0;0.0;610.0;0.0;610.0;0;4
38;67;nan;0.0;0.0;610.0;0.0;610.0;0;4
38;68;nan;0.0;0.0;610.0;0.0;610.0;0;4
38;69;nan;0.0;0.0;610.0;0.0;610.0;0;4
38;70;nan;0.0;0.0;610.0;0.0;610.0;0;4
38;71;nan;0.0;0.0;610.0;0.0;610.0;0;4
38;72;nan;0.0;0.0;610.0;0.0;610.0;0;4
38;73;5.4;153.7;362.0;722.3;0.2;610.0;0;4
38;74;6.4;131.0;304.0;714.7;0.2;610.0;0;4
38;75;6.9;117.7;268.0;695.6;0.2;610.0;0;4
38;76;8.7;93.8;233.0;686.9;0.1;610.0;0;4
38;77;11.2;72.3;171.0;666.9;0.1;610.0;0;4
38;78;10.1;79.8;195.0;671.6;0.1;610.0;0;4
38;79;10.0;79.5;177.0;660.3;0.1;610.0;0;4
38;80;21.1;37.4;87.0;635.1;0.1;610.0;0;4
38;81;44.3;17.6;51.0;618.9;0.0;610.0;0;4
38;82;nan;0.0;0.0;610.0;0.0;610.0;0;4
38;83;nan;0.0;0.0;610.0;0.0;610.0;0;4
38;84;nan;0.0;0.0;610.0;0.0;610.0;0;4
38;85;nan;0.0;0.0;610.0;0.0;610.0;0;4
38;86;nan;0.0;0.0;610.0;0.0;610.0;0;4
38;87;nan;0.0;0.0;610.0;0.0;610.0;0;4
38;88;nan;0.0;0.0;610.0;0.0;610.0;0;4
38;89;nan;0.0;0.0;610.0;0.0;610.0;0;4
38;90;nan;0.0;0.0;610.0;0.0;610.0;0;4
38;91;nan;0.0;0.0;610.0;0.0;610.0;0;4
38;92;nan;0.0;0.0;610.0;0.0;610.0;0;4
38;93;nan;0.0;0.0;610.0;0.0;610.0;0;4
38;94;nan;0.0;0.0;610.0;0.0;610.0;0;4
38;95;nan;0.0;0.0;610.0;0.0;610.0;0;4
38;96;nan;0.0;0.0;610.0;0.0;610.0;0;4
38;97;nan;0.0;0.0;610.0;0.0;610.0;0;4
38;98;nan;0.0;0.0;610.0;0.0;610.0;0;4
38;99;nan;0.0;0.0;610.0;0.0;610.0;0;4
39;0;6.3;196.5;464.0;1062.7;0.2;624.0;1;1
39;1;6.8;176.9;427.0;1018.6;0.2;624.0;0;1
39;2;6.1;196.0;479.0;1030.4;0.2;624.0;0;1
39;3;6.0;207.5;504.0;1064.0;0.2;624.0;0;1
39;4;5.6;214.2;498.0;1037.7;0.2;624.0;0;1
39;5;5.8;208.0;526.0;1034.9;0.2;624.0;0;1
39;6;5.9;195.6;504.0;1000.1;0.2;624.0;0;1
39;7;6.3;191.0;467.0;1027.1;0.2;624.0;0;1
39;8;6.7;176.8;421.0;1010.3;0.2;624.0;0;1
39;9;6.1;193.0;463.0;1014.4;0.2;624.0;0;1
39;10;5.6;200.0;472.0;975.7;0.2;624.0;1;2
39;11;6.1;192.9;457.0;1007.1;0.2;624.0;1;3
39;12;5.9;188.9;429.0;955.0;0.2;624.0;0;3
39;13;5.6;196.6;455.0;954.6;0.2;624.0;0;3
39;14;6.1;181.6;403.0;947.1;0.2;624.0;0;3
39;15;4.7;217.9;469.0;892.0;0.2;624.0;0;3
39;16;5.5;186.5;413.0;884.7;0.2;624.0;0;3
39;17;5.0;199.6;425.0;875.7;0.2;624.0;0;3
39;18;5.7;170.7;363.0;833.9;0.2;624.0;0;3
39;19;5.6;170.6;370.0;826.1;0.2;619.0;1;4
39;20;5.7;165.6;392.0;817.9;0.2;619.0;0;4
39;21;7.2;127.6;306.0;782.7;0.2;619.0;0;4
39;22;6.5;143.8;330.0;794.3;0.2;619.0;0;4
39;23;6.8;134.5;286.0;775.0;0.2;619.0;0;4
39;24;8.0;109.9;259.0;740.3;0.1;609.0;1;5
39;25;9.5;91.6;223.0;726.4;0.1;609.0;0;5
39;26;10.9;79.7;180.0;719.4;0.1;609.0;0;5
39;27;13.1;64.2;146.0;689.6;0.1;609.0;0;5
39;28;13.7;62.5;152.0;699.6;0.1;609.0;0;5
39;29;19.8;42.5;124.0;677.4;0.1;609.0;0;5
39;30;16.6;50.2;132.0;675.3;0.1;609.0;0;5
39;31;21.8;37.5;86.0;659.3;0.1;608.0;1;6
39;32;29.7;27.1;74.0;642.1;0.0;608.0;0;6
39;33;22.4;36.4;78.0;654.6;0.1;608.0;0;6
39;34;47.8;16.5;41.0;624.0;0.0;608.0;0;6
39;35;30.4;26.3;61.0;638.0;0.0;608.0;0;6
39;36;36.0;21.7;51.0;621.7;0.0;608.0;0;6
39;37;nan;0.0;0.0;608.0;0.0;608.0;0;6
39;38;nan;0.0;0.0;608.0;0.0;608.0;0;6
39;39;nan;0.0;0.0;608.0;0.0;608.0;0;6
39;40;nan;0.0;0.0;608.0;0.0;608.0;0;6
39;41;nan;0.0;0.0;608.0;0.0;608.0;0;6
39;42;nan;0.0;0.0;608.0;0.0;608.0;0;6
39;43;nan;0.0;0.0;608.0;0.0;608.0;0;6
39;44;nan;0.0;0.0;608.0;0.0;608.0;0;6
39;45;nan;0.0;0.0;608.0;0.0;608.0;0;6
39;46;nan;0.0;0.0;608.0;0.0;608.0;0;6
39;47;nan;0.0;0.0;608.0;0.0;608.0;0;6
39;48;nan;0.0;0.0;608.0;0.0;608.0;0;6
39;49;nan;0.0;0.0;608.0;0.0;608.0;0;6
39;50;nan;0.0;0.0;608.0;0.0;608.0;0;6
39;51;nan;0.0;0.0;608.0;0.0;608.0;0;6
39;52;nan;0.0;0.0;608.0;0.0;608.0;0;6
39;53;nan;0.0;0.0;608.0;0.0;608.0;0;6
39;54;nan;0.0;0.0;608.0;0.0;608.0;0;6
39;55;nan;0.0;0.0;608.0;0.0;608.0;0;6
39;56;nan;0.0;0.0;608.0;0.0;608.0;0;6
39;57;nan;0.0;0.0;608.0;0.0;608.0;0;6
39;58;nan;0.0;0.0;608.0;0.0;608.0;0;6
39;59;nan;0.0;0.0;608.0;0.0;608.0;0;6
39;60;nan;0.0;0.0;608.0;0.0;608.0;0;6
39;61;nan;0.0;0.0;608.0;0.0;608.0;0;6
39;62;nan;0.0;0.0;608.0;0.0;608.0;0;6
39;63;nan;0.0;0.0;608.0;0.0;608.0;0;6
39;64;nan;0.0;0.0;608.0;0.0;608.0;0;6
39;65;nan;0.0;0.0;608.0;0.0;608.0;0;6
39;66;nan;0.0;0.0;608.0;0.0;608.0;0;6
39;67;nan;0.0;0.0;608.0;0.0;608.0;0;6
39;68;nan;0.0;0.0;608.0;0.0;608.0;0;6
39;69;nan;0.0;0.0;608.0;0.0;608.0;0;6
39;70;nan;0.0;0.0;608.0;0.0;608.0;0;6
39;71;nan;0.0;0.0;608.0;0.0;608.0;0;6
39;72;nan;0.0;0.0;608.0;0.0;608.0;0;6
39;73;nan;0.0;0.0;608.0;0.0;608.0;0;6
39;74;nan;0.0;0.0;608.0;0.0;608.0;0;6
39;75;nan;0.0;0.0;608.0;0.0;608.0;0;6
39;76;nan;0.0;0.0;608.0;0.0;608.0;0;6
39;77;7.2;114.7;268.0;699.1;0.2;608.0;0;6
39;78;5.4;155.0;358.0;721.4;0.2;608.0;0;6
39;79;7.3;114.6;274.0;707.6;0.2;608.0;0;6
39;80;6.7;120.9;286.0;692.3;0.2;608.0;0;6
39;81;7.6;106.8;247.0;684.9;0.2;608.0;0;6
39;82;11.4;69.7;160.0;655.7;0.1;608.0;0;6
39;83;11.1;72.2;166.0;659.4;0.1;608.0;0;6
39;84;10.9;72.9;166.0;658.3;0.1;608.0;0;6
39;85;14.4;54.0;158.0;636.0;0.1;608.0;0;6
39;86;14.6;53.0;155.0;633.4;0.1;608.0;0;6
39;87;14.8;52.7;155.0;635.1;0.1;608.0;0;6
39;88;14.9;52.1;154.0;635.4;0.1;608.0;0;6
39;89;14.4;53.6;154.0;630.7;0.1;608.0;0;6
39;90;14.7;52.9;154.0;633.7;0.1;608.0;0;6
39;91;nan;0.0;0.0;608.0;0.0;608.0;0;6
39;92;nan;0.0;0.0;608.0;0.0;608.0;0;6
39;93;nan;0.0;0.0;608.0;0.0;608.0;0;6
39;94;nan;0.0;0.0;608.0;0.0;608.0;0;6
39;95;nan;0.0;0.0;608.0;0.0;608.0;0;6
39;96;nan;0.0;0.0;608.0;0.0;608.0;0;6
39;97;nan;0.0;0.0;608.0;0.0;608.0;0;6
39;98;nan;0.0;0.0;608.0;0.0;608.0;0;6
39;99;nan;0.0;0.0;608.0;0.0;608.0;0;6
40;0;6.2;200.7;477.0;1071.1;0.2;621.0;1;1
40;1;6.8;181.6;453.0;1059.0;0.2;621.0;0;1
40;2;6.3;196.0;477.0;1057.9;0.2;621.0;0;1
40;3;5.5;215.0;507.0;1031.3;0.2;621.0;0;1
40;4;6.0;190.5;483.0;987.4;0.2;621.0;0;1
40;5;5.5;221.7;508.0;1060.7;0.2;621.0;0;1
40;6;6.0;201.9;479.0;1049.4;0.2;621.0;0;1
40;7;5.9;204.1;492.0;1031.1;0.2;621.0;0;1
40;8;5.6;212.2;495.0;1031.7;0.2;621.0;0;1
40;9;6.2;182.3;442.0;975.9;0.2;621.0;0;1
40;10;5.7;201.6;511.0;997.4;0.2;621.0;0;1
40;11;5.9;190.5;453.0;973.4;0.2;621.0;0;1
40;12;5.7;204.2;521.0;999.9;0.2;621.0;0;1
40;13;5.6;199.9;481.0;966.4;0.2;621.0;0;1
40;14;5.1;200.2;440.0;887.7;0.2;621.0;0;1
40;15;4.8;204.9;458.0;868.9;0.2;619.0;1;2
40;16;6.5;148.0;335.0;825.6;0.2;619.0;0;2
40;17;5.6;180.5;416.0;879.9;0.2;619.0;0;2
40;18;5.7;178.1;395.0;874.0;0.2;619.0;0;2
40;19;5.7;168.2;369.0;830.1;0.2;618.0;1;3
40;20;5.7;165.7;347.0;816.9;0.2;618.0;0;3
40;21;6.0;155.3;357.0;800.7;0.2;618.0;0;3
40;22;6.8;136.9;297.0;796.3;0.2;618.0;0;3
40;23;9.1;98.5;226.0;746.7;0.1;618.0;0;3
40;24;9.5;92.1;210.0;731.6;0.1;618.0;0;3
40;25;8.2;109.2;237.0;749.7;0.1;617.0;1;4
40;26;8.9;100.1;215.0;748.0;0.1;617.0;0;4
40;27;11.7;72.8;158.0;701.6;0.1;614.0;1;5
40;28;14.4;59.0;133.0;695.4;0.1;614.0;0;5
40;29;19.6;42.2;99.0;667.7;0.1;614.0;0;5
40;30;16.2;51.7;126.0;680.7;0.1;614.0;0;5
40;31;17.6;48.0;116.0;685.4;0.1;614.0;0;5
40;32;16.8;50.8;124.0;691.1;0.1;614.0;0;5
40;33;14.4;58.5;141.0;687.9;0.1;614.0;1;6
40;34;17.0;50.1;112.0;692.6;0.1;614.0;0;6
40;35;24.5;33.7;77.0;662.9;0.1;614.0;0;6
40;36;48.9;16.9;40.0;654.9;0.0;614.0;0;6
40;37;36.4;22.3;51.0;645.9;0.0;614.0;0;6
40;38;42.2;19.6;45.0;654.3;0.0;614.0;0;6
40;39;50.5;16.3;33.0;652.1;0.0;614.0;0;6
40;40;50.5;16.3;33.0;652.1;0.0;614.0;0;6
40;41;50.5;16.3;33.0;652.1;0.0;614.0;0;6
40;42;47.4;17.3;40.0;651.1;0.0;614.0;0;6
40;43;50.5;16.3;33.0;652.1;0.0;614.0;0;6
40;44;41.3;19.8;49.0;648.9;0.0;614.0;0;6
40;45;50.5;16.3;33.0;652.1;0.0;614.0;0;6
40;46;50.5;16.3;33.0;652.1;0.0;614.0;0;6
40;47;43.5;18.8;48.0;650.0;0.0;614.0;0;6
40;48;47.4;17.3;40.0;651.1;0.0;614.0;0;6
40;49;50.5;16.3;33.0;652.1;0.0;614.0;0;6
40;50;nan;0.0;0.0;638.0;0.0;614.0;0;6
40;51;nan;0.0;0.0;638.0;0.0;614.0;0;6
40;52;nan;0.0;0.0;638.0;0.0;614.0;0;6
40;53;nan;0.0;0.0;638.0;0.0;614.0;0;6
40;54;nan;0.0;0.0;638.0;0.0;614.0;0;6
40;55;nan;0.0;0.0;638.0;0.0;614.0;0;6
40;56;nan;0.0;0.0;638.0;0.0;614.0;0;6
40;57;nan;0.0;0.0;638.0;0.0;614.0;0;6
40;58;nan;0.0;0.0;638.0;0.0;614.0;0;6
40;59;nan;0.0;0.0;638.0;0.0;614.0;0;6
40;60;nan;0.0;0.0;638.0;0.0;614.0;0;6
40;61;nan;0.0;0.0;638.0;0.0;614.0;0;6
40;62;nan;0.0;0.0;638.0;0.0;614.0;0;6
40;63;nan;0.0;0.0;638.0;0.0;614.0;0;6
40;64;nan;0.0;0.0;638.0;0.0;614.0;0;6
40;65;100.0;5.9;17.0;635.4;0.0;614.0;0;6
40;66;nan;0.0;0.0;638.0;0.0;614.0;0;6
40;67;nan;0.0;0.0;638.0;0.0;614.0;0;6
40;68;nan;0.0;0.0;638.0;0.0;614.0;0;6
40;69;nan;0.0;0.0;638.0;0.0;614.0;0;6
40;70;nan;0.0;0.0;638.0;0.0;614.0;0;6
40;71;nan;0.0;0.0;638.0;0.0;614.0;0;6
40;72;nan;0.0;0.0;638.0;0.0;614.0;0;6
40;73;nan;0.0;0.0;638.0;0.0;614.0;0;6
40;74;nan;0.0;0.0;638.0;0.0;614.0;0;6
40;75;nan;0.0;0.0;638.0;0.0;614.0;0;6
40;76;nan;0.0;0.0;638.0;0.0;614.0;0;6
40;77;nan;0.0;0.0;638.0;0.0;614.0;0;6
40;78;nan;0.0;0.0;638.0;0.0;614.0;0;6
40;79;nan;0.0;0.0;638.0;0.0;614.0;0;6
40;80;nan;0.0;0.0;638.0;0.0;614.0;0;6
40;81;7.4;111.0;257.0;696.1;0.2;614.0;0;6
40;82;9.1;90.6;209.0;689.0;0.1;614.0;0;6
40;83;7.9;103.5;232.0;685.9;0.2;614.0;0;6
40;84;9.1;90.6;218.0;692.0;0.1;614.0;0;6
40;85;13.6;60.2;146.0;669.7;0.1;614.0;0;6
40;86;15.4;53.0;126.0;665.3;0.1;614.0;0;6
40;87;10.9;74.2;176.0;667.0;0.1;614.0;0;6
40;88;11.9;67.9;154.0;666.7;0.1;614.0;0;6
40;89;18.1;43.6;132.0;636.7;0.1;609.0;1;7
40;90;15.3;52.0;156.0;648.4;0.1;609.0;0;7
40;91;15.7;49.6;147.0;634.9;0.1;609.0;0;7
40;92;25.1;31.1;90.0;625.4;0.0;609.0;0;7
40;93;nan;0.0;0.0;610.0;0.0;609.0;0;7
40;94;nan;0.0;0.0;610.0;0.0;609.0;0;7
40;95;nan;0.0;0.0;610.0;0.0;609.0;0;7
40;96;nan;0.0;0.0;610.0;0.0;609.0;0;7
40;97;100.0;0.7;2.0;609.7;0.0;608.0;1;8
40;98;nan;0.0;0.0;610.0;0.0;608.0;0;8
40;99;nan;0.0;0.0;610.0;0.0;608.0;0;8
41;0;6.0;200.8;495.0;1038.9;0.2;626.0;1;1
41;1;6.9;184.6;448.0;1079.4;0.2;620.0;1;2
41;2;5.7;220.3;513.0;1078.7;0.2;620.0;0;2
41;3;6.3;189.8;444.0;1029.7;0.2;620.0;0;2
41;4;5.5;226.9;527.0;1074.9;0.2;620.0;0;2
41;5;6.4;194.4;464.0;1064.9;0.2;620.0;0;2
41;6;6.9;176.9;437.0;1041.9;0.2;620.0;0;2
41;7;5.6;213.1;536.0;1038.4;0.2;620.0;0;2
41;8;6.7;176.5;431.0;1013.9;0.2;620.0;0;2
41;9;5.6;204.3;499.0;995.7;0.2;620.0;0;2
41;10;5.7;198.2;488.0;977.7;0.2;620.0;0;2
41;11;5.0;230.7;533.0;1008.1;0.2;620.0;0;2
41;12;5.8;196.2;506.0;984.9;0.2;620.0;0;2
41;13;5.6;193.9;485.0;942.0;0.2;620.0;0;2
41;14;5.4;186.5;404.0;869.9;0.2;620.0;0;2
41;15;5.6;179.4;413.0;871.9;0.2;620.0;0;2
41;16;5.4;185.5;419.0;869.4;0.2;620.0;0;2
41;17;5.3;186.6;406.0;858.0;0.2;620.0;0;2
41;18;5.3;183.2;385.0;840.7;0.2;620.0;0;2
41;19;5.9;161.2;343.0;822.3;0.2;620.0;0;2
41;20;6.2;149.4;319.0;791.9;0.2;620.0;0;2
41;21;7.6;118.3;271.0;763.9;0.2;611.0;1;3
41;22;6.2;151.3;342.0;802.3;0.2;611.0;0;3
41;23;8.5;104.1;238.0;741.0;0.1;611.0;0;3
41;24;7.8;114.9;252.0;757.9;0.2;611.0;0;3
41;25;8.1;109.7;246.0;750.6;0.1;611.0;0;3
41;26;11.8;73.0;163.0;708.4;0.1;611.0;0;3
41;27;13.3;63.8;152.0;695.7;0.1;611.0;0;3
41;28;13.0;65.4;156.0;699.7;0.1;611.0;0;3
41;29;19.8;42.7;99.0;681.3;0.1;611.0;0;3
41;30;32.5;25.4;68.0;657.3;0.0;611.0;0;3
41;31;14.7;56.8;137.0;682.1;0.1;611.0;0;3
41;32;25.4;32.5;83.0;662.9;0.0;611.0;0;3
41;33;53.4;15.2;49.0;641.1;0.0;611.0;0;3
41;34;100.0;7.8;17.0;640.0;0.0;611.0;0;3
41;35;97.6;8.3;20.0;638.1;0.0;611.0;0;3
41;36;100.0;7.8;17.0;638.0;0.0;611.0;0;3
41;37;100.0;7.4;16.0;638.6;0.0;611.0;0;3
41;38;100.0;6.7;16.0;636.1;0.0;611.0;0;3
41;39;100.0;2.1;6.0;629.9;0.0;611.0;0;3
41;40;nan;0.0;0.0;629.0;0.0;611.0;0;3
41;41;nan;0.0;0.0;629.0;0.0;611.0;0;3
41;42;nan;0.0;0.0;629.0;0.0;611.0;0;3
41;43;nan;0.0;0.0;629.0;0.0;611.0;0;3
41;44;nan;0.0;0.0;629.0;0.0;611.0;0;3
41;45;nan;0.0;0.0;629.0;0.0;611.0;0;3
41;46;nan;0.0;0.0;629.0;0.0;611.0;0;3
41;47;nan;0.0;0.0;629.0;0.0;611.0;0;3
41;48;nan;0.0;0.0;629.0;0.0;611.0;0;3
41;49;nan;0.0;0.0;629.0;0.0;611.0;0;3
41;50;nan;0.0;0.0;629.0;0.0;611.0;0;3
41;51;nan;0.0;0.0;629.0;0.0;611.0;0;3
41;52;nan;0.0;0.0;629.0;0.0;611.0;0;3
41;53;nan;0.0;0.0;629.0;0.0;611.0;0;3
41;54;nan;0.0;0.0;629.0;0.0;611.0;0;3
41;55;nan;0.0;0.0;629.0;0.0;611.0;0;3
41;56;nan;0.0;0.0;629.0;0.0;611.0;0;3
41;57;nan;0.0;0.0;629.0;0.0;611.0;0;3
41;58;nan;0.0;0.0;629.0;0.0;611.0;0;3
41;59;nan;0.0;0.0;629.0;0.0;611.0;0;3
41;60;nan;0.0;0.0;629.0;0.0;611.0;0;3
41;61;nan;0.0;0.0;629.0;0.0;611.0;0;3
41;62;nan;0.0;0.0;629.0;0.0;611.0;0;3
41;63;nan;0.0;0.0;629.0;0.0;611.0;0;3
41;64;nan;0.0;0.0;629.0;0.0;611.0;0;3
41;65;nan;0.0;0.0;629.0;0.0;611.0;0;3
41;66;nan;0.0;0.0;629.0;0.0;611.0;0;3
41;67;5.5;152.0;371.0;724.6;0.2;611.0;0;3
41;68;5.6;149.7;345.0;721.1;0.2;611.0;0;3
41;69;6.0;139.9;327.0;720.7;0.2;611.0;0;3
41;70;6.6;124.5;282.0;704.1;0.2;611.0;0;3
41;71;8.0;104.4;259.0;699.9;0.1;610.0;1;4
41;72;7.8;104.9;246.0;691.3;0.2;610.0;0;4
41;73;12.4;66.0;161.0;672.7;0.1;610.0;0;4
41;74;13.9;58.6;146.0;663.6;0.1;610.0;0;4
41;75;13.7;59.0;142.0;662.0;0.1;610.0;0;4
41;76;22.4;35.9;92.0;646.7;0.1;610.0;0;4
41;77;17.2;47.1;113.0;656.1;0.1;610.0;0;4
41;78;100.0;1.0;3.0;629.4;0.0;610.0;0;4
41;79;nan;0.0;0.0;629.0;0.0;610.0;0;4
41;80;nan;0.0;0.0;629.0;0.0;610.0;0;4
41;81;nan;0.0;0.0;629.0;0.0;610.0;0;4
41;82;nan;0.0;0.0;629.0;0.0;610.0;0;4
41;83;nan;0.0;0.0;629.0;0.0;610.0;0;4
41;84;nan;0.0;0.0;629.0;0.0;610.0;0;4
41;85;nan;0.0;0.0;629.0;0.0;610.0;0;4
41;86;nan;0.0;0.0;629.0;0.0;610.0;0;4
41;87;nan;0.0;0.0;629.0;0.0;610.0;0;4
41;88;nan;0.0;0.0;629.0;0.0;610.0;0;4
41;89;nan;0.0;0.0;629.0;0.0;610.0;0;4
41;90;nan;0.0;0.0;629.0;0.0;610.0;0;4
41;91;nan;0.0;0.0;629.0;0.0;610.0;0;4
41;92;nan;0.0;0.0;629.0;0.0;610.0;0;4
41;93;nan;0.0;0.0;629.0;0.0;610.0;0;4
41;94;nan;0.0;0.0;629.0;0.0;610.0;0;4
41;95;nan;0.0;0.0;629.0;0.0;610.0;0;4
41;96;nan;0.0;0.0;629.0;0.0;610.0;0;4
41;97;nan;0.0;0.0;629.0;0.0;610.0;0;4
41;98;nan;0.0;0.0;629.0;0.0;610.0;0;4
41;99;nan;0.0;0.0;629.0;0.0;610.0;0;4
42;0;5.8;207.2;488.0;1029.7;0.2;610.0;1;1
42;1;5.6;213.4;512.0;1032.4;0.2;610.0;0;1
42;2;5.6;216.6;537.0;1048.0;0.2;610.0;0;1
42;3;5.3;227.2;564.0;1053.3;0.2;610.0;0;1
42;4;5.4;222.7;528.0;1038.3;0.2;610.0;0;1
42;5;6.5;195.3;463.0;1087.3;0.2;610.0;0;1
42;6;5.8;198.7;477.0;1001.1;0.2;610.0;0;1
42;7;5.0;234.6;542.0;1019.1;0.2;610.0;0;1
42;8;6.9;177.6;409.0;1041.6;0.2;610.0;0;1
42;9;6.5;189.0;472.0;1050.4;0.2;610.0;0;1
42;10;6.0;191.9;466.0;992.4;0.2;610.0;0;1
42;11;5.9;193.0;458.0;979.7;0.2;610.0;0;1
42;12;5.5;203.0;490.0;960.0;0.2;610.0;0;1
42;13;6.2;178.8;460.0;953.7;0.2;610.0;0;1
42;14;4.7;212.7;474.0;880.6;0.2;610.0;0;1
42;15;4.7;220.5;469.0;906.3;0.2;610.0;0;1
42;16;5.0;199.6;434.0;864.3;0.2;610.0;0;1
42;17;5.2;196.1;425.0;892.6;0.2;610.0;0;1
42;18;5.2;189.4;406.0;853.7;0.2;610.0;0;1
42;19;5.6;169.9;373.0;817.0;0.2;610.0;0;1
42;20;6.5;144.1;308.0;803.1;0.2;610.0;0;1
42;21;6.2;148.5;319.0;788.7;0.2;610.0;0;1
42;22;6.4;144.4;307.0;791.9;0.2;610.0;0;1
42;23;9.6;91.1;194.0;728.4;0.1;610.0;0;1
42;24;13.7;62.4;139.0;697.4;0.1;610.0;0;1
42;25;9.5;91.7;250.0;725.6;0.1;610.0;0;1
42;26;9.8;88.9;195.0;724.1;0.1;610.0;0;1
42;27;17.9;46.7;125.0;675.4;0.1;610.0;0;1
42;28;14.2;59.1;139.0;687.4;0.1;609.0;1;2
42;29;18.0;46.1;107.0;671.9;0.1;609.0;0;2
42;30;21.4;37.8;86.0;653.1;0.1;609.0;0;2
42;31;22.2;36.7;85.0;654.9;0.1;609.0;0;2
42;32;28.7;27.9;69.0;639.7;0.0;609.0;0;2
42;33;48.7;16.0;47.0;618.9;0.0;609.0;0;2
42;34;nan;0.0;0.0;609.0;0.0;609.0;0;2
42;35;nan;0.0;0.0;609.0;0.0;609.0;0;2
42;36;nan;0.0;0.0;609.0;0.0;609.0;0;2
42;37;nan;0.0;0.0;609.0;0.0;609.0;0;2
42;38;nan;0.0;0.0;609.0;0.0;609.0;0;2
42;39;nan;0.0;0.0;609.0;0.0;609.0;0;2
42;40;nan;0.0;0.0;609.0;0.0;609.0;0;2
42;41;nan;0.0;0.0;609.0;0.0;609.0;0;2
42;42;nan;0.0;0.0;609.0;0.0;609.0;0;2
42;43;nan;0.0;0.0;609.0;0.0;609.0;0;2
42;44;nan;0.0;0.0;609.0;0.0;609.0;0;2
42;45;nan;0.0;0.0;609.0;0.0;609.0;0;2
42;46;nan;0.0;0.0;609.0;0.0;609.0;0;2
42;47;nan;0.0;0.0;609.0;0.0;609.0;0;2
42;48;nan;0.0;0.0;609.0;0.0;609.0;0;2
42;49;nan;0.0;0.0;609.0;0.0;609.0;0;2
42;50;nan;0.0;0.0;609.0;0.0;609.0;0;2
42;51;nan;0.0;0.0;609.0;0.0;609.0;0;2
42;52;nan;0.0;0.0;609.0;0.0;609.0;0;2
42;53;nan;0.0;0.0;609.0;0.0;609.0;0;2
42;54;nan;0.0;0.0;609.0;0.0;609.0;0;2
42;55;nan;0.0;0.0;609.0;0.0;609.0;0;2
42;56;nan;0.0;0.0;609.0;0.0;609.0;0;2
42;57;nan;0.0;0.0;609.0;0.0;609.0;0;2
42;58;nan;0.0;0.0;609.0;0.0;609.0;0;2
42;59;nan;0.0;0.0;609.0;0.0;609.0;0;2
42;60;nan;0.0;0.0;609.0;0.0;609.0;0;2
42;61;nan;0.0;0.0;609.0;0.0;609.0;0;2
42;62;nan;0.0;0.0;609.0;0.0;609.0;0;2
42;63;nan;0.0;0.0;609.0;0.0;609.0;0;2
42;64;nan;0.0;0.0;609.0;0.0;609.0;0;2
42;65;nan;0.0;0.0;609.0;0.0;609.0;0;2
42;66;nan;0.0;0.0;609.0;0.0;609.0;0;2
42;67;nan;0.0;0.0;609.0;0.0;609.0;0;2
42;68;nan;0.0;0.0;609.0;0.0;609.0;0;2
42;69;nan;0.0;0.0;609.0;0.0;609.0;0;2
42;70;nan;0.0;0.0;609.0;0.0;609.0;0;2
42;71;nan;0.0;0.0;609.0;0.0;609.0;0;2
42;72;nan;0.0;0.0;609.0;0.0;609.0;0;2
42;73;nan;0.0;0.0;609.0;0.0;609.0;0;2
42;74;6.5;127.4;311.0;707.7;0.2;609.0;0;2
42;75;6.7;124.6;290.0;710.9;0.2;609.0;0;2
42;76;8.8;93.2;221.0;685.4;0.1;609.0;0;2
42;77;6.9;118.8;289.0;702.0;0.2;609.0;0;2
42;78;10.7;75.0;196.0;666.9;0.1;609.0;0;2
42;79;10.6;76.1;179.0;667.3;0.1;609.0;0;2
42;80;17.5;45.2;122.0;639.4;0.1;609.0;0;2
42;81;20.8;37.9;96.0;636.1;0.1;608.0;1;3
42;82;32.7;24.0;55.0;624.1;0.0;608.0;0;3
42;83;nan;0.0;0.0;609.0;0.0;608.0;0;3
42;84;nan;0.0;0.0;609.0;0.0;608.0;0;3
42;85;nan;0.0;0.0;609.0;0.0;608.0;0;3
42;86;nan;0.0;0.0;609.0;0.0;608.0;0;3
42;87;nan;0.0;0.0;609.0;0.0;608.0;0;3
42;88;nan;0.0;0.0;609.0;0.0;608.0;0;3
42;89;nan;0.0;0.0;609.0;0.0;608.0;0;3
42;90;nan;0.0;0.0;609.0;0.0;608.0;0;3
42;91;nan;0.0;0.0;609.0;0.0;608.0;0;3
42;92;nan;0.0;0.0;609.0;0.0;608.0;0;3
42;93;nan;0.0;0.0;609.0;0.0;608.0;0;3
42;94;nan;0.0;0.0;609.0;0.0;608.0;0;3
42;95;nan;0.0;0.0;609.0;0.0;608.0;0;3
42;96;nan;0.0;0.0;609.0;0.0;608.0;0;3
42;97;nan;0.0;0.0;609.0;0.0;608.0;0;3
42;98;nan;0.0;0.0;609.0;0.0;608.0;0;3
42;99;nan;0.0;0.0;609.0;0.0;608.0;0;3
43;0;6.3;198.5;494.0;1066.0;0.2;624.0;1;1
43;1;5.3;233.6;547.0;1075.9;0.2;620.0;1;2
43;2;5.7;211.9;540.0;1041.0;0.2;620.0;0;2
43;3;5.1;232.1;550.0;1040.4;0.2;620.0;0;2
43;4;5.7;212.1;501.0;1047.4;0.2;620.0;0;2
43;5;5.7;211.4;555.0;1042.7;0.2;620.0;0;2
43;6;5.9;194.1;465.0;984.3;0.2;620.0;0;2
43;7;6.1;191.4;443.0;1005.3;0.2;620.0;0;2
43;8;5.6;213.0;514.0;1039.9;0.2;620.0;0;2
43;9;5.6;210.4;528.0;1015.0;0.2;620.0;0;2
43;10;5.3;213.3;524.0;985.3;0.2;620.0;0;2
43;11;6.4;177.0;460.0;970.7;0.2;620.0;0;2
43;12;6.2;184.8;437.0;985.0;0.2;620.0;0;2
43;13;6.1;181.8;461.0;951.9;0.2;620.0;0;2
43;14;5.3;194.0;429.0;887.7;0.2;620.0;0;2
43;15;5.3;184.7;426.0;848.1;0.2;620.0;0;2
43;16;5.0;209.1;450.0;905.1;0.2;620.0;0;2
43;17;5.7;168.6;358.0;826.7;0.2;620.0;0;2
43;18;5.1;199.2;429.0;883.0;0.2;620.0;0;2
43;19;5.6;168.4;364.0;817.3;0.2;620.0;0;2
43;20;5.6;172.7;387.0;835.7;0.2;620.0;0;2
43;21;5.9;157.9;357.0;802.0;0.2;611.0;1;3
43;22;7.1;127.8;270.0;771.3;0.2;611.0;0;3
43;23;8.4;105.3;240.0;744.3;0.1;611.0;0;3
43;24;9.2;95.1;209.0;730.3;0.1;611.0;0;3
43;25;10.9;79.8;180.0;721.6;0.1;611.0;0;3
43;26;9.3;93.7;213.0;728.9;0.1;611.0;0;3
43;27;14.0;60.6;147.0;692.4;0.1;611.0;0;3
43;28;15.9;53.1;121.0;685.0;0.1;611.0;0;3
43;29;15.1;55.0;135.0;676.7;0.1;611.0;0;3
43;30;15.0;55.6;134.0;681.6;0.1;609.0;1;4
43;31;26.7;30.9;69.0;661.6;0.0;609.0;0;4
43;32;35.7;22.6;64.0;643.0;0.0;609.0;0;4
43;33;35.5;22.5;58.0;635.6;0.0;609.0;0;4
43;34;46.7;16.8;39.0;622.4;0.0;609.0;0;4
43;35;nan;0.0;0.0;611.0;0.0;609.0;0;4
43;36;nan;0.0;0.0;611.0;0.0;609.0;0;4
43;37;nan;0.0;0.0;611.0;0.0;609.0;0;4
43;38;nan;0.0;0.0;611.0;0.0;609.0;0;4
43;39;nan;0.0;0.0;611.0;0.0;609.0;0;4
43;40;nan;0.0;0.0;611.0;0.0;609.0;0;4
43;41;nan;0.0;0.0;611.0;0.0;609.0;0;4
43;42;nan;0.0;0.0;611.0;0.0;609.0;0;4
43;43;nan;0.0;0.0;611.0;0.0;609.0;0;4
43;44;nan;0.0;0.0;611.0;0.0;609.0;0;4
43;45;nan;0.0;0.0;611.0;0.0;609.0;0;4
43;46;nan;0.0;0.0;611.0;0.0;609.0;0;4
43;47;nan;0.0;0.0;611.0;0.0;609.0;0;4
43;48;nan;0.0;0.0;611.0;0.0;609.0;0;4
43;49;nan;0.0;0.0;611.0;0.0;609.0;0;4
43;50;nan;0.0;0.0;611.0;0.0;609.0;0;4
43;51;nan;0.0;0.0;611.0;0.0;609.0;0;4
43;52;nan;0.0;0.0;611.0;0.0;609.0;0;4
43;53;nan;0.0;0.0;611.0;0.0;609.0;0;4
43;54;nan;0.0;0.0;611.0;0.0;609.0;0;4
43;55;nan;0.0;0.0;611.0;0.0;609.0;0;4
43;56;nan;0.0;0.0;611.0;0.0;609.0;0;4
43;57;nan;0.0;0.0;611.0;0.0;609.0;0;4
43;58;nan;0.0;0.0;611.0;0.0;609.0;0;4
43;59;nan;0.0;0.0;611.0;0.0;609.0;0;4
43;60;nan;0.0;0.0;611.0;0.0;609.0;0;4
43;61;nan;0.0;0.0;611.0;0.0;609.0;0;4
43;62;nan;0.0;0.0;611.0;0.0;609.0;0;4
43;63;nan;0.0;0.0;611.0;0.0;609.0;0;4
43;64;nan;0.0;0.0;611.0;0.0;609.0;0;4
43;65;nan;0.0;0.0;611.0;0.0;609.0;0;4
43;66;nan;0.0;0.0;611.0;0.0;609.0;0;4
43;67;nan;0.0;0.0;611.0;0.0;609.0;0;4
43;68;nan;0.0;0.0;611.0;0.0;609.0;0;4
43;69;nan;0.0;0.0;611.0;0.0;609.0;0;4
43;70;nan;0.0;0.0;611.0;0.0;609.0;0;4
43;71;nan;0.0;0.0;611.0;0.0;609.0;0;4
43;72;nan;0.0;0.0;611.0;0.0;609.0;0;4
43;73;nan;0.0;0.0;611.0;0.0;609.0;0;4
43;74;nan;0.0;0.0;611.0;0.0;609.0;0;4
43;75;nan;0.0;0.0;611.0;0.0;609.0;0;4
43;76;6.5;127.3;297.0;708.1;0.2;609.0;0;4
43;77;6.8;122.5;291.0;707.1;0.2;609.0;0;4
43;78;7.9;102.8;236.0;687.7;0.1;609.0;0;4
43;79;9.7;83.4;196.0;671.4;0.1;608.0;1;5
43;80;9.0;89.9;209.0;675.0;0.1;608.0;0;5
43;81;14.4;55.0;128.0;645.6;0.1;608.0;0;5
43;82;8.6;93.7;218.0;674.1;0.1;608.0;0;5
43;83;21.2;37.1;86.0;634.4;0.1;608.0;0;5
43;84;100.0;1.7;5.0;611.7;0.0;608.0;0;5
43;85;nan;0.0;0.0;611.0;0.0;608.0;0;5
43;86;nan;0.0;0.0;611.0;0.0;608.0;0;5
43;87;nan;0.0;0.0;611.0;0.0;608.0;0;5
43;88;nan;0.0;0.0;611.0;0.0;608.0;0;5
43;89;nan;0.0;0.0;611.0;0.0;608.0;0;5
43;90;nan;0.0;0.0;611.0;0.0;608.0;0;5
43;91;nan;0.0;0.0;611.0;0.0;608.0;0;5
43;92;nan;0.0;0.0;611.0;0.0;608.0;0;5
43;93;nan;0.0;0.0;611.0;0.0;608.0;0;5
43;94;nan;0.0;0.0;611.0;0.0;608.0;0;5
43;95;nan;0.0;0.0;611.0;0.0;608.0;0;5
43;96;nan;0.0;0.0;611.0;0.0;608.0;0;5
43;97;nan;0.0;0.0;611.0;0.0;608.0;0;5
43;98;nan;0.0;0.0;611.0;0.0;608.0;0;5
43;99;nan;0.0;0.0;611.0;0.0;608.0;0;5
44;0;6.3;195.9;478.0;1060.6;0.2;637.0;1;1
44;1;6.1;203.2;495.0;1062.0;0.2;634.0;1;2
44;2;5.2;229.3;527.0;1038.1;0.2;634.0;0;2
44;3;5.8;209.8;491.0;1054.1;0.2;634.0;0;2
44;4;6.8;181.6;464.0;1054.9;0.2;634.0;0;2
44;5;5.8;209.0;521.0;1039.3;0.2;634.0;0;2
44;6;5.5;216.6;552.0;1034.1;0.2;634.0;0;2
44;7;5.8;204.5;506.0;1025.4;0.2;634.0;0;2
44;8;5.7;213.4;537.0;1053.4;0.2;634.0;0;2
44;9;5.7;201.9;483.0;990.1;0.2;634.0;0;2
44;10;6.0;187.6;460.0;971.0;0.2;634.0;0;2
44;11;5.7;200.9;465.0;984.0;0.2;634.0;0;2
44;12;6.2;172.5;410.0;916.4;0.2;634.0;0;2
44;13;6.1;175.9;422.0;918.1;0.2;634.0;0;2
44;14;4.9;212.0;466.0;911.6;0.2;634.0;0;2
44;15;4.9;200.8;448.0;866.6;0.2;628.0;1;3
44;16;4.6;221.3;461.0;887.9;0.2;628.0;0;3
44;17;5.1;197.4;433.0;869.9;0.2;628.0;0;3
44;18;5.6;172.9;381.0;837.0;0.2;628.0;0;3
44;19;5.9;166.6;381.0;842.4;0.2;608.0;1;4
44;20;6.3;149.4;325.0;803.3;0.2;608.0;0;4
44;21;6.5;141.4;348.0;787.9;0.2;608.0;0;4
44;22;6.8;138.1;299.0;796.3;0.2;608.0;0;4
44;23;7.3;124.8;288.0;768.7;0.2;608.0;0;4
44;24;9.8;88.2;219.0;718.7;0.1;608.0;0;4
44;25;10.5;83.5;201.0;723.7;0.1;608.0;0;4
44;26;8.9;98.6;209.0;735.6;0.1;608.0;0;4
44;27;15.4;54.6;124.0;683.0;0.1;608.0;0;4
44;28;13.2;64.4;146.0;695.4;0.1;608.0;0;4
44;29;14.2;59.9;161.0;696.1;0.1;608.0;0;4
44;30;22.2;37.5;94.0;668.3;0.1;608.0;0;4
44;31;15.2;55.5;129.0;687.6;0.1;608.0;0;4
44;32;24.1;33.8;82.0;654.0;0.1;608.0;0;4
44;33;18.9;43.6;127.0;664.9;0.1;608.0;0;4
44;34;53.8;15.2;38.0;643.9;0.0;608.0;0;4
44;35;100.0;2.6;7.0;632.0;0.0;608.0;0;4
44;36;100.0;2.4;7.0;630.1;0.0;608.0;0;4
44;37;100.0;3.5;7.0;631.0;0.0;608.0;0;4
44;38;100.0;2.9;7.0;631.1;0.0;608.0;0;4
44;39;100.0;1.8;4.0;628.6;0.0;608.0;0;4
44;40;nan;0.0;0.0;627.0;0.0;608.0;0;4
44;41;nan;0.0;0.0;627.0;0.0;608.0;0;4
44;42;nan;0.0;0.0;627.0;0.0;608.0;0;4
44;43;nan;0.0;0.0;627.0;0.0;608.0;0;4
44;44;nan;0.0;0.0;627.0;0.0;608.0;0;4
44;45;nan;0.0;0.0;627.0;0.0;608.0;0;4
44;46;nan;0.0;0.0;627.0;0.0;608.0;0;4
44;47;nan;0.0;0.0;627.0;0.0;608.0;0;4
44;48;nan;0.0;0.0;627.0;0.0;608.0;0;4
44;49;100.0;1.7;5.0;626.3;0.0;608.0;0;4
44;50;nan;0.0;0.0;627.0;0.0;608.0;0;4
44;51;nan;0.0;0.0;627.0;0.0;608.0;0;4
44;52;nan;0.0;0.0;627.0;0.0;608.0;0;4
44;53;nan;0.0;0.0;627.0;0.0;608.0;0;4
44;54;nan;0.0;0.0;627.0;0.0;608.0;0;4
44;55;nan;0.0;0.0;627.0;0.0;608.0;0;4
44;56;nan;0.0;0.0;627.0;0.0;608.0;0;4
44;57;nan;0.0;0.0;627.0;0.0;608.0;0;4
44;58;nan;0.0;0.0;627.0;0.0;608.0;0;4
44;59;nan;0.0;0.0;627.0;0.0;608.0;0;4
44;60;nan;0.0;0.0;627.0;0.0;608.0;0;4
44;61;nan;0.0;0.0;627.0;0.0;608.0;0;4
44;62;nan;0.0;0.0;627.0;0.0;608.0;0;4
44;63;nan;0.0;0.0;627.0;0.0;608.0;0;4
44;64;nan;0.0;0.0;627.0;0.0;608.0;0;4
44;65;5.2;164.3;395.0;739.4;0.2;608.0;0;4
44;66;5.6;149.3;348.0;728.9;0.2;608.0;0;4
44;67;5.9;144.6;333.0;733.4;0.2;608.0;0;4
44;68;5.7;147.2;337.0;719.0;0.2;608.0;0;4
44;69;9.7;84.5;196.0;682.1;0.1;608.0;0;4
44;70;8.2;99.8;234.0;690.7;0.1;608.0;0;4
44;71;7.9;104.2;243.0;692.7;0.2;608.0;0;4
44;72;9.0;91.6;222.0;687.1;0.1;608.0;0;4
44;73;9.8;82.8;197.0;675.6;0.1;608.0;0;4
44;74;23.6;34.1;98.0;647.0;0.1;608.0;0;4
44;75;32.0;25.2;68.0;642.3;0.0;608.0;0;4
44;76;100.0;1.8;4.0;628.1;0.0;608.0;0;4
44;77;nan;0.0;0.0;627.0;0.0;608.0;0;4
44;78;nan;0.0;0.0;627.0;0.0;608.0;0;4
44;79;100.0;4.5;13.0;625.1;0.0;608.0;0;4
44;80;nan;0.0;0.0;627.0;0.0;608.0;0;4
44;81;nan;0.0;0.0;627.0;0.0;608.0;0;4
44;82;nan;0.0;0.0;627.0;0.0;608.0;0;4
44;83;nan;0.0;0.0;627.0;0.0;608.0;0;4
44;84;nan;0.0;0.0;627.0;0.0;608.0;0;4
44;85;nan;0.0;0.0;627.0;0.0;608.0;0;4
44;86;nan;0.0;0.0;627.0;0.0;608.0;0;4
44;87;nan;0.0;0.0;627.0;0.0;608.0;0;4
44;88;nan;0.0;0.0;627.0;0.0;608.0;0;4
44;89;nan;0.0;0.0;627.0;0.0;608.0;0;4
44;90;nan;0.0;0.0;627.0;0.0;608.0;0;4
44;91;nan;0.0;0.0;627.0;0.0;608.0;0;4
44;92;nan;0.0;0.0;627.0;0.0;608.0;0;4
44;93;nan;0.0;0.0;627.0;0.0;608.0;0;4
44;94;nan;0.0;0.0;627.0;0.0;608.0;0;4
44;95;nan;0.0;0.0;627.0;0.0;608.0;0;4
44;96;nan;0.0;0.0;627.0;0.0;608.0;0;4
44;97;nan;0.0;0.0;627.0;0.0;608.0;0;4
44;98;nan;0.0;0.0;627.0;0.0;608.0;0;4
44;99;nan;0.0;0.0;627.0;0.0;608.0;0;4
45;0;5.3;224.9;545.0;1040.0;0.2;630.0;1;1
45;1;7.1;172.7;453.0;1044.9;0.2;627.0;1;2
45;2;6.0;204.7;476.0;1058.7;0.2;627.0;0;2
45;3;7.2;179.7;452.0;1097.7;0.2;627.0;0;2
45;4;5.4;213.9;525.0;1010.4;0.2;627.0;0;2
45;5;5.8;206.6;501.0;1031.7;0.2;627.0;0;2
45;6;6.0;199.8;479.0;1029.0;0.2;627.0;0;2
45;7;6.8;182.3;448.0;1053.0;0.2;627.0;0;2
45;8;5.9;196.3;465.0;999.1;0.2;627.0;1;3
45;9;6.0;189.6;474.0;973.0;0.2;627.0;0;3
45;10;6.3;180.3;435.0;978.0;0.2;627.0;0;3
45;11;5.4;211.2;489.0;987.0;0.2;627.0;0;3
45;12;6.0;182.1;459.0;947.0;0.2;627.0;0;3
45;13;5.7;201.3;484.0;998.1;0.2;627.0;0;3
45;14;5.1;191.3;411.0;855.6;0.2;617.0;0;3
45;15;5.4;183.1;395.0;859.1;0.2;617.0;0;3
45;16;5.1;188.9;409.0;846.0;0.2;617.0;0;3
45;17;5.4;179.3;376.0;846.0;0.2;617.0;0;3
45;18;5.8;166.3;361.0;826.4;0.2;617.0;0;3
45;19;6.4;148.5;320.0;808.9;0.2;617.0;0;3
45;20;5.8;161.8;349.0;811.6;0.2;617.0;0;3
45;21;6.6;139.2;313.0;789.7;0.2;617.0;0;3
45;22;7.2;126.7;283.0;772.6;0.2;617.0;0;3
45;23;8.4;106.2;242.0;752.3;0.1;617.0;0;3
45;24;9.7;89.2;212.0;721.4;0.1;617.0;0;3
45;25;15.4;54.5;134.0;682.7;0.1;610.0;1;4
45;26;16.8;50.1;122.0;684.1;0.1;610.0;0;4
45;27;16.8;50.3;117.0;686.6;0.1;610.0;0;4
45;28;24.8;33.1;79.0;658.4;0.1;610.0;0;4
45;29;21.9;37.7;100.0;664.9;0.1;610.0;0;4
45;30;50.9;15.5;44.0;622.4;0.0;610.0;0;4
45;31;nan;0.0;0.0;610.0;0.0;610.0;0;4
45;32;nan;0.0;0.0;610.0;0.0;610.0;0;4
45;33;nan;0.0;0.0;610.0;0.0;610.0;0;4
45;34;nan;0.0;0.0;610.0;0.0;610.0;0;4
45;35;nan;0.0;0.0;610.0;0.0;610.0;0;4
45;36;nan;0.0;0.0;610.0;0.0;610.0;0;4
45;37;nan;0.0;0.0;610.0;0.0;610.0;0;4
45;38;nan;0.0;0.0;610.0;0.0;610.0;0;4
45;39;nan;0.0;0.0;610.0;0.0;610.0;0;4
45;40;nan;0.0;0.0;610.0;0.0;610.0;0;4
45;41;nan;0.0;0.0;610.0;0.0;610.0;0;4
45;42;nan;0.0;0.0;610.0;0.0;610.0;0;4
45;43;nan;0.0;0.0;610.0;0.0;610.0;0;4
45;44;nan;0.0;0.0;610.0;0.0;610.0;0;4
45;45;nan;0.0;0.0;610.0;0.0;610.0;0;4
45;46;nan;0.0;0.0;610.0;0.0;610.0;0;4
45;47;nan;0.0;0.0;610.0;0.0;610.0;0;4
45;48;nan;0.0;0.0;610.0;0.0;610.0;0;4
45;49;nan;0.0;0.0;610.0;0.0;610.0;0;4
45;50;nan;0.0;0.0;610.0;0.0;610.0;0;4
45;51;nan;0.0;0.0;610.0;0.0;610.0;0;4
45;52;nan;0.0;0.0;610.0;0.0;610.0;0;4
45;53;nan;0.0;0.0;610.0;0.0;610.0;0;4
45;54;nan;0.0;0.0;610.0;0.0;610.0;0;4
45;55;nan;0.0;0.0;610.0;0.0;610.0;0;4
45;56;nan;0.0;0.0;610.0;0.0;610.0;0;4
45;57;nan;0.0;0.0;610.0;0.0;610.0;0;4
45;58;nan;0.0;0.0;610.0;0.0;610.0;0;4
45;59;nan;0.0;0.0;610.0;0.0;610.0;0;4
45;60;nan;0.0;0.0;610.0;0.0;610.0;0;4
45;61;nan;0.0;0.0;610.0;0.0;610.0;0;4
45;62;nan;0.0;0.0;610.0;0.0;610.0;0;4
45;63;nan;0.0;0.0;610.0;0.0;610.0;0;4
45;64;nan;0.0;0.0;610.0;0.0;610.0;0;4
45;65;nan;0.0;0.0;610.0;0.0;610.0;0;4
45;66;nan;0.0;0.0;610.0;0.0;610.0;0;4
45;67;nan;0.0;0.0;610.0;0.0;610.0;0;4
45;68;nan;0.0;0.0;610.0;0.0;610.0;0;4
45;69;nan;0.0;0.0;610.0;0.0;610.0;0;4
45;70;nan;0.0;0.0;610.0;0.0;610.0;0;4
45;71;5.3;158.3;361.0;724.3;0.2;610.0;0;4
45;72;6.3;134.1;333.0;723.7;0.2;610.0;0;4
45;73;6.2;132.9;308.0;705.1;0.2;609.0;1;5
45;74;7.1;114.5;262.0;692.7;0.2;609.0;0;5
45;75;7.3;111.1;260.0;687.7;0.2;609.0;0;5
45;76;10.0;81.8;203.0;683.3;0.1;609.0;0;5
45;77;11.2;72.5;181.0;670.3;0.1;608.0;1;6
45;78;18.0;44.1;111.0;644.0;0.1;608.0;0;6
45;79;48.4;16.1;46.0;616.6;0.0;608.0;0;6
45;80;92.4;8.5;24.0;614.7;0.0;608.0;0;6
45;81;76.8;10.2;24.0;616.4;0.0;608.0;0;6
45;82;nan;0.0;0.0;610.0;0.0;608.0;0;6
45;83;nan;0.0;0.0;610.0;0.0;608.0;0;6
45;84;nan;0.0;0.0;610.0;0.0;608.0;0;6
45;85;nan;0.0;0.0;610.0;0.0;608.0;0;6
45;86;nan;0.0;0.0;610.0;0.0;608.0;0;6
45;87;nan;0.0;0.0;610.0;0.0;608.0;0;6
45;88;nan;0.0;0.0;610.0;0.0;608.0;0;6
45;89;nan;0.0;0.0;610.0;0.0;608.0;0;6
45;90;nan;0.0;0.0;610.0;0.0;608.0;0;6
45;91;nan;0.0;0.0;610.0;0.0;608.0;0;6
45;92;nan;0.0;0.0;610.0;0.0;608.0;0;6
45;93;nan;0.0;0.0;610.0;0.0;608.0;0;6
45;94;nan;0.0;0.0;610.0;0.0;608.0;0;6
45;95;nan;0.0;0.0;610.0;0.0;608.0;0;6
45;96;nan;0.0;0.0;610.0;0.0;608.0;0;6
45;97;nan;0.0;0.0;610.0;0.0;608.0;0;6
45;98;nan;0.0;0.0;610.0;0.0;608.0;0;6
45;99;nan;0.0;0.0;610.0;0.0;608.0;0;6
46;0;5.6;219.3;502.0;1068.9;0.2;627.0;1;1
46;1;5.8;215.7;515.0;1075.3;0.2;627.0;0;1
46;2;5.9;208.1;497.0;1061.4;0.2;627.0;0;1
46;3;6.3;190.4;473.0;1034.4;0.2;627.0;0;1
46;4;5.3;224.2;542.0;1038.0;0.2;627.0;0;1
46;5;6.5;189.0;474.0;1046.7;0.2;627.0;0;1
46;6;5.5;213.7;515.0;1026.3;0.2;627.0;1;2
46;7;5.5;214.6;496.0;1027.6;0.2;627.0;0;2
46;8;6.0;199.7;522.0;1031.9;0.2;627.0;0;2
46;9;5.5;204.9;493.0;981.9;0.2;627.0;0;2
46;10;6.8;163.0;382.0;939.4;0.2;627.0;0;2
46;11;5.8;199.8;471.0;1000.4;0.2;627.0;0;2
46;12;6.9;162.2;407.0;958.1;0.2;624.0;0;2
46;13;6.1;189.4;465.0;995.4;0.2;624.0;0;2
46;14;5.1;202.8;457.0;901.7;0.2;624.0;0;2
46;15;5.0;206.7;467.0;902.3;0.2;624.0;0;2
46;16;5.8;171.5;385.0;851.9;0.2;624.0;0;2
46;17;5.5;183.0;391.0;867.0;0.2;624.0;0;2
46;18;5.3;181.6;390.0;838.6;0.2;621.0;0;2
46;19;5.5;173.0;371.0;824.9;0.2;621.0;0;2
46;20;7.2;125.1;279.0;764.9;0.2;614.0;0;2
46;21;5.9;159.1;335.0;809.4;0.2;614.0;0;2
46;22;7.3;125.2;303.0;774.9;0.2;614.0;0;2
46;23;8.7;101.9;219.0;741.4;0.1;614.0;0;2
46;24;10.1;87.1;191.0;730.9;0.1;614.0;0;2
46;25;12.9;67.2;158.0;709.1;0.1;614.0;0;2
46;26;13.3;64.5;149.0;702.1;0.1;614.0;0;2
46;27;14.9;57.8;147.0;699.7;0.1;614.0;0;2
46;28;15.5;54.7;128.0;689.7;0.1;614.0;0;2
46;29;15.0;56.4;137.0;690.3;0.1;614.0;0;2
46;30;21.7;38.7;113.0;676.3;0.1;614.0;0;2
46;31;20.1;41.2;100.0;669.3;0.1;614.0;0;2
46;32;20.3;41.0;118.0;670.1;0.1;614.0;0;2
46;33;27.8;30.0;70.0;665.4;0.0;614.0;0;2
46;34;33.1;24.5;62.0;646.9;0.0;611.0;0;2
46;35;55.0;14.8;37.0;640.7;0.0;611.0;0;2
46;36;76.6;10.5;27.0;635.6;0.0;611.0;0;2
46;37;47.0;17.2;42.0;641.4;0.0;611.0;0;2
46;38;86.3;9.2;21.0;622.0;0.0;608.0;1;3
46;39;100.0;6.8;21.0;622.3;0.0;608.0;0;3
46;40;100.0;3.3;8.0;624.0;0.0;608.0;0;3
46;41;100.0;5.9;13.0;626.0;0.0;608.0;0;3
46;42;nan;0.0;0.0;621.0;0.0;608.0;0;3
46;43;nan;0.0;0.0;621.0;0.0;608.0;0;3
46;44;nan;0.0;0.0;621.0;0.0;608.0;0;3
46;45;nan;0.0;0.0;621.0;0.0;608.0;0;3
46;46;nan;0.0;0.0;621.0;0.0;608.0;0;3
46;47;nan;0.0;0.0;621.0;0.0;608.0;0;3
46;48;nan;0.0;0.0;621.0;0.0;608.0;0;3
46;49;nan;0.0;0.0;621.0;0.0;608.0;0;3
46;50;nan;0.0;0.0;621.0;0.0;608.0;0;3
46;51;nan;0.0;0.0;621.0;0.0;608.0;0;3
46;52;nan;0.0;0.0;621.0;0.0;608.0;0;3
46;53;nan;0.0;0.0;621.0;0.0;608.0;0;3
46;54;nan;0.0;0.0;621.0;0.0;608.0;0;3
46;55;nan;0.0;0.0;621.0;0.0;608.0;0;3
46;56;nan;0.0;0.0;621.0;0.0;608.0;0;3
46;57;nan;0.0;0.0;621.0;0.0;608.0;0;3
46;58;nan;0.0;0.0;621.0;0.0;608.0;0;3
46;59;nan;0.0;0.0;621.0;0.0;608.0;0;3
46;60;nan;0.0;0.0;621.0;0.0;608.0;0;3
46;61;nan;0.0;0.0;621.0;0.0;608.0;0;3
46;62;nan;0.0;0.0;621.0;0.0;608.0;0;3
46;63;nan;0.0;0.0;621.0;0.0;608.0;0;3
46;64;nan;0.0;0.0;621.0;0.0;608.0;0;3
46;65;nan;0.0;0.0;621.0;0.0;608.0;0;3
46;66;nan;0.0;0.0;621.0;0.0;608.0;0;3
46;67;nan;0.0;0.0;621.0;0.0;608.0;0;3
46;68;100.0;1.0;3.0;620.6;0.0;608.0;0;3
46;69;nan;0.0;0.0;621.0;0.0;608.0;0;3
46;70;nan;0.0;0.0;621.0;0.0;608.0;0;3
46;71;nan;0.0;0.0;621.0;0.0;608.0;0;3
46;72;nan;0.0;0.0;621.0;0.0;608.0;0;3
46;73;nan;0.0;0.0;621.0;0.0;608.0;0;3
46;74;nan;0.0;0.0;621.0;0.0;608.0;0;3
46;75;nan;0.0;0.0;621.0;0.0;608.0;0;3
46;76;nan;0.0;0.0;621.0;0.0;608.0;0;3
46;77;nan;0.0;0.0;621.0;0.0;608.0;0;3
46;78;nan;0.0;0.0;621.0;0.0;608.0;0;3
46;79;nan;0.0;0.0;621.0;0.0;608.0;0;3
46;80;nan;0.0;0.0;621.0;0.0;608.0;0;3
46;81;nan;0.0;0.0;621.0;0.0;608.0;0;3
46;82;nan;0.0;0.0;621.0;0.0;608.0;0;3
46;83;nan;0.0;0.0;621.0;0.0;608.0;0;3
46;84;6.8;121.5;285.0;708.1;0.2;608.0;0;3
46;85;8.6;94.3;225.0;683.3;0.1;608.0;0;3
46;86;9.4;87.5;204.0;685.1;0.1;608.0;0;3
46;87;9.7;83.4;194.0;676.4;0.1;608.0;0;3
46;88;9.0;90.8;217.0;681.3;0.1;608.0;0;3
46;89;17.0;47.9;145.0;659.4;0.1;608.0;0;3
46;90;22.5;36.4;103.0;657.6;0.1;608.0;0;3
46;91;21.1;37.8;117.0;642.6;0.1;608.0;0;3
46;92;21.7;36.6;112.0;640.0;0.1;608.0;0;3
46;93;34.7;22.8;75.0;628.6;0.0;608.0;0;3
46;94;nan;0.0;0.0;621.0;0.0;608.0;0;3
46;95;nan;0.0;0.0;621.0;0.0;608.0;0;3
46;96;nan;0.0;0.0;621.0;0.0;608.0;0;3
46;97;nan;0.0;0.0;621.0;0.0;608.0;0;3
46;98;100.0;2.1;6.0;620.1;0.0;608.0;0;3
46;99;nan;0.0;0.0;621.0;0.0;608.0;0;3
47;0;5.4;225.7;555.0;1065.7;0.2;613.0;1;1
47;1;5.7;209.7;503.0;1026.1;0.2;613.0;0;1
47;2;5.5;215.6;515.0;1032.6;0.2;613.0;0;1
47;3;5.7;212.1;493.0;1051.6;0.2;613.0;0;1
47;4;6.0;193.3;479.0;1001.6;0.2;613.0;0;1
47;5;5.8;217.8;552.0;1088.4;0.2;613.0;0;1
47;6;5.5;228.8;586.0;1090.7;0.2;613.0;0;1
47;7;6.2;202.1;525.0;1071.9;0.2;613.0;0;1
47;8;6.0;198.0;479.0;1022.3;0.2;613.0;0;1
47;9;6.0;196.0;497.0;1014.9;0.2;613.0;0;1
47;10;5.7;209.0;509.0;1027.3;0.2;613.0;0;1
47;11;5.5;210.9;517.0;1010.4;0.2;613.0;0;1
47;12;5.4;209.6;489.0;983.4;0.2;613.0;0;1
47;13;5.6;196.9;467.0;958.9;0.2;613.0;0;1
47;14;4.9;211.1;461.0;904.0;0.2;613.0;0;1
47;15;4.9;205.7;438.0;887.1;0.2;613.0;0;1
47;16;5.5;191.8;458.0;921.3;0.2;613.0;0;1
47;17;5.1;198.1;427.0;877.3;0.2;613.0;0;1
47;18;5.6;171.6;381.0;831.6;0.2;613.0;0;1
47;19;5.0;195.7;428.0;848.1;0.2;613.0;0;1
47;20;6.5;146.4;327.0;811.1;0.2;613.0;0;1
47;21;5.8;163.0;356.0;812.3;0.2;613.0;0;1
47;22;6.4;146.4;334.0;804.3;0.2;613.0;0;1
47;23;7.3;122.3;296.0;760.1;0.2;613.0;0;1
47;24;8.3;107.3;254.0;750.1;0.1;613.0;0;1
47;25;8.1;109.1;236.0;747.4;0.1;613.0;0;1
47;26;10.0;87.3;188.0;727.0;0.1;613.0;0;1
47;27;11.0;77.7;176.0;708.6;0.1;613.0;0;1
47;28;16.4;51.0;118.0;681.0;0.1;613.0;0;1
47;29;12.9;66.0;141.0;697.4;0.1;613.0;0;1
47;30;16.2;51.9;110.0;684.6;0.1;613.0;0;1
47;31;20.6;40.0;93.0;663.7;0.1;613.0;0;1
47;32;24.4;34.0;85.0;663.4;0.1;613.0;0;1
47;33;22.9;36.2;78.0;665.7;0.1;613.0;0;1
47;34;19.0;43.6;99.0;669.4;0.1;613.0;0;1
47;35;18.9;43.7;102.0;668.1;0.1;609.0;1;2
47;36;28.2;29.4;66.0;662.1;0.0;609.0;0;2
47;37;26.1;31.3;71.0;654.6;0.0;609.0;0;2
47;38;35.7;22.9;53.0;650.4;0.0;609.0;0;2
47;39;26.8;30.4;68.0;652.1;0.0;609.0;0;2
47;40;25.8;31.5;71.0;649.9;0.0;609.0;0;2
47;41;23.6;34.1;79.0;646.9;0.1;609.0;0;2
47;42;27.7;29.2;63.0;646.7;0.0;609.0;0;2
47;43;83.1;9.6;26.0;627.7;0.0;609.0;0;2
47;44;100.0;7.7;18.0;627.3;0.0;609.0;0;2
47;45;100.0;1.4;3.0;619.1;0.0;609.0;0;2
47;46;100.0;1.4;3.0;619.1;0.0;609.0;0;2
47;47;100.0;1.3;3.0;618.0;0.0;609.0;0;2
47;48;100.0;1.4;3.0;619.1;0.0;609.0;0;2
47;49;100.0;1.4;3.0;617.9;0.0;609.0;0;2
47;50;70.7;11.3;25.0;629.6;0.0;609.0;0;2
47;51;100.0;1.0;3.0;617.4;0.0;609.0;0;2
47;52;73.1;10.8;24.0;623.9;0.0;609.0;0;2
47;53;nan;0.0;0.0;617.0;0.0;609.0;0;2
47;54;nan;0.0;0.0;617.0;0.0;609.0;0;2
47;55;nan;0.0;0.0;617.0;0.0;609.0;0;2
47;56;nan;0.0;0.0;617.0;0.0;609.0;0;2
47;57;nan;0.0;0.0;617.0;0.0;609.0;0;2
47;58;nan;0.0;0.0;617.0;0.0;609.0;0;2
47;59;nan;0.0;0.0;617.0;0.0;609.0;0;2
47;60;nan;0.0;0.0;617.0;0.0;609.0;0;2
47;61;nan;0.0;0.0;617.0;0.0;609.0;0;2
47;62;nan;0.0;0.0;617.0;0.0;609.0;0;2
47;63;nan;0.0;0.0;617.0;0.0;609.0;0;2
47;64;nan;0.0;0.0;617.0;0.0;609.0;0;2
47;65;nan;0.0;0.0;617.0;0.0;609.0;0;2
47;66;nan;0.0;0.0;617.0;0.0;609.0;0;2
47;67;nan;0.0;0.0;617.0;0.0;609.0;0;2
47;68;nan;0.0;0.0;617.0;0.0;609.0;0;2
47;69;nan;0.0;0.0;617.0;0.0;609.0;0;2
47;70;nan;0.0;0.0;617.0;0.0;609.0;0;2
47;71;nan;0.0;0.0;617.0;0.0;609.0;0;2
47;72;nan;0.0;0.0;617.0;0.0;609.0;0;2
47;73;nan;0.0;0.0;617.0;0.0;609.0;0;2
47;74;nan;0.0;0.0;617.0;0.0;609.0;0;2
47;75;nan;0.0;0.0;617.0;0.0;609.0;0;2
47;76;nan;0.0;0.0;617.0;0.0;609.0;0;2
47;77;nan;0.0;0.0;617.0;0.0;609.0;0;2
47;78;nan;0.0;0.0;617.0;0.0;609.0;0;2
47;79;nan;0.0;0.0;617.0;0.0;609.0;0;2
47;80;nan;0.0;0.0;617.0;0.0;609.0;0;2
47;81;5.6;150.7;358.0;727.3;0.2;609.0;0;2
47;82;5.8;141.9;331.0;714.9;0.2;609.0;0;2
47;83;5.5;153.4;343.0;727.4;0.2;609.0;0;2
47;84;7.0;118.6;274.0;702.1;0.2;609.0;0;2
47;85;10.1;80.5;186.0;675.9;0.1;609.0;0;2
47;86;8.1;99.9;231.0;684.1;0.1;609.0;0;2
47;87;9.9;82.3;191.0;677.4;0.1;609.0;0;2
47;88;10.5;75.1;226.0;655.9;0.1;609.0;0;2
47;89;11.5;69.0;204.0;653.0;0.1;609.0;0;2
47;90;12.1;65.5;196.0;654.4;0.1;609.0;0;2
47;91;8.3;94.7;281.0;664.6;0.1;609.0;0;2
47;92;9.8;79.8;234.0;651.1;0.1;609.0;0;2
47;93;11.1;71.1;213.0;650.6;0.1;609.0;0;2
47;94;17.1;46.2;143.0;640.0;0.1;609.0;0;2
47;95;12.1;65.6;195.0;652.9;0.1;609.0;0;2
47;96;11.6;68.1;204.0;653.0;0.1;609.0;0;2
47;97;10.8;72.2;213.0;646.0;0.1;609.0;0;2
47;98;10.6;73.3;216.0;646.3;0.1;609.0;0;2
47;99;nan;0.0;0.0;609.0;0.0;609.0;0;2
48;0;6.3;192.5;476.0;1036.3;0.2;632.0;1;1
48;1;5.2;233.4;548.0;1048.1;0.2;631.0;1;2
48;2;6.9;181.2;445.0;1070.0;0.2;631.0;0;2
48;3;6.5;186.9;483.0;1043.0;0.2;631.0;0;2
48;4;5.4;215.2;504.0;1003.0;0.2;631.0;0;2
48;5;5.7;210.3;502.0;1033.7;0.2;631.0;0;2
48;6;5.8;207.9;546.0;1035.4;0.2;631.0;1;3
48;7;5.6;213.4;508.0;1036.4;0.2;631.0;1;4
48;8;5.1;232.1;564.0;1028.6;0.2;631.0;1;5
48;9;5.8;202.7;481.0;1017.3;0.2;622.0;0;5
48;10;6.3;191.0;457.0;1026.9;0.2;622.0;0;5
48;11;5.4;215.7;509.0;1004.0;0.2;622.0;0;5
48;12;5.6;209.9;515.0;1014.7;0.2;622.0;0;5
48;13;6.1;192.1;476.0;1006.3;0.2;622.0;0;5
48;14;4.6;228.3;502.0;920.0;0.2;622.0;0;5
48;15;4.9;207.9;480.0;883.0;0.2;622.0;0;5
48;16;4.7;219.6;464.0;908.0;0.2;622.0;0;5
48;17;5.0;199.9;442.0;865.1;0.2;618.0;1;6
48;18;5.4;189.5;408.0;887.1;0.2;618.0;0;6
48;19;5.4;176.2;379.0;832.1;0.2;618.0;0;6
48;20;5.1;190.6;398.0;852.9;0.2;618.0;0;6
48;21;6.2;153.3;341.0;811.4;0.2;618.0;0;6
48;22;7.3;122.4;309.0;755.0;0.2;612.0;1;7
48;23;7.9;113.5;250.0;757.7;0.1;612.0;0;7
48;24;8.2;109.4;252.0;751.7;0.1;612.0;0;7
48;25;8.4;105.0;233.0;743.7;0.1;612.0;0;7
48;26;12.9;65.7;147.0;693.6;0.1;612.0;0;7
48;27;13.1;64.8;138.0;698.7;0.1;612.0;0;7
48;28;16.0;53.3;130.0;694.4;0.1;612.0;0;7
48;29;23.5;34.9;78.0;657.0;0.1;612.0;0;7
48;30;23.0;35.4;81.0;655.0;0.1;610.0;1;8
48;31;33.8;23.9;62.0;643.4;0.0;610.0;0;8
48;32;54.5;14.6;36.0;626.9;0.0;610.0;0;8
48;33;100.0;1.0;2.0;612.1;0.0;610.0;0;8
48;34;100.0;1.0;2.0;611.9;0.0;610.0;0;8
48;35;nan;0.0;0.0;611.0;0.0;610.0;0;8
48;36;nan;0.0;0.0;611.0;0.0;610.0;0;8
48;37;nan;0.0;0.0;611.0;0.0;610.0;0;8
48;38;nan;0.0;0.0;611.0;0.0;610.0;0;8
48;39;nan;0.0;0.0;611.0;0.0;610.0;0;8
48;40;nan;0.0;0.0;611.0;0.0;610.0;0;8
48;41;nan;0.0;0.0;611.0;0.0;610.0;0;8
48;42;nan;0.0;0.0;611.0;0.0;610.0;0;8
48;43;nan;0.0;0.0;611.0;0.0;610.0;0;8
48;44;nan;0.0;0.0;611.0;0.0;610.0;0;8
48;45;nan;0.0;0.0;611.0;0.0;610.0;0;8
48;46;nan;0.0;0.0;611.0;0.0;610.0;0;8
48;47;nan;0.0;0.0;611.0;0.0;610.0;0;8
48;48;nan;0.0;0.0;611.0;0.0;610.0;0;8
48;49;nan;0.0;0.0;611.0;0.0;610.0;0;8
48;50;nan;0.0;0.0;611.0;0.0;610.0;0;8
48;51;nan;0.0;0.0;611.0;0.0;610.0;0;8
48;52;nan;0.0;0.0;611.0;0.0;610.0;0;8
48;53;nan;0.0;0.0;611.0;0.0;610.0;0;8
48;54;nan;0.0;0.0;611.0;0.0;610.0;0;8
48;55;nan;0.0;0.0;611.0;0.0;610.0;0;8
48;56;nan;0.0;0.0;611.0;0.0;610.0;0;8
48;57;nan;0.0;0.0;611.0;0.0;610.0;0;8
48;58;nan;0.0;0.0;611.0;0.0;610.0;0;8
48;59;nan;0.0;0.0;611.0;0.0;610.0;0;8
48;60;nan;0.0;0.0;611.0;0.0;610.0;0;8
48;61;nan;0.0;0.0;611.0;0.0;610.0;0;8
48;62;nan;0.0;0.0;611.0;0.0;610.0;0;8
48;63;nan;0.0;0.0;611.0;0.0;610.0;0;8
48;64;nan;0.0;0.0;611.0;0.0;610.0;0;8
48;65;nan;0.0;0.0;611.0;0.0;610.0;0;8
48;66;nan;0.0;0.0;611.0;0.0;610.0;0;8
48;67;nan;0.0;0.0;611.0;0.0;610.0;0;8
48;68;nan;0.0;0.0;611.0;0.0;610.0;0;8
48;69;nan;0.0;0.0;611.0;0.0;610.0;0;8
48;70;nan;0.0;0.0;611.0;0.0;610.0;0;8
48;71;nan;0.0;0.0;611.0;0.0;610.0;0;8
48;72;nan;0.0;0.0;611.0;0.0;610.0;0;8
48;73;nan;0.0;0.0;611.0;0.0;610.0;0;8
48;74;nan;0.0;0.0;611.0;0.0;610.0;0;8
48;75;nan;0.0;0.0;611.0;0.0;610.0;0;8
48;76;6.4;128.9;316.0;707.0;0.2;610.0;0;8
48;77;7.1;114.7;264.0;692.0;0.2;610.0;0;8
48;78;8.3;97.4;223.0;679.7;0.1;610.0;0;8
48;79;8.1;100.5;241.0;683.7;0.1;610.0;0;8
48;80;10.8;75.6;186.0;675.9;0.1;610.0;0;8
48;81;9.6;83.7;203.0;669.9;0.1;610.0;0;8
48;82;14.6;55.1;134.0;654.7;0.1;610.0;0;8
48;83;26.0;30.7;70.0;640.4;0.0;610.0;0;8
48;84;82.9;9.6;24.0;627.0;0.0;610.0;0;8
48;85;100.0;6.3;18.0;623.6;0.0;610.0;0;8
48;86;100.0;7.7;28.0;622.1;0.0;610.0;0;8
48;87;100.0;6.3;18.0;623.6;0.0;610.0;0;8
48;88;100.0;6.8;18.0;625.1;0.0;610.0;0;8
48;89;100.0;6.3;18.0;623.6;0.0;610.0;0;8
48;90;nan;0.0;0.0;621.0;0.0;610.0;0;8
48;91;100.0;6.3;18.0;623.6;0.0;610.0;0;8
48;92;nan;0.0;0.0;621.0;0.0;610.0;0;8
48;93;nan;0.0;0.0;621.0;0.0;610.0;0;8
48;94;nan;0.0;0.0;621.0;0.0;610.0;0;8
48;95;nan;0.0;0.0;621.0;0.0;610.0;0;8
48;96;nan;0.0;0.0;621.0;0.0;610.0;0;8
48;97;nan;0.0;0.0;621.0;0.0;610.0;0;8
48;98;nan;0.0;0.0;621.0;0.0;610.0;0;8
48;99;nan;0.0;0.0;621.0;0.0;610.0;0;8
49;0;6.4;189.0;484.0;1037.7;0.2;626.0;1;1
49;1;5.8;211.5;491.0;1055.1;0.2;626.0;0;1
49;2;5.5;219.8;517.0;1047.9;0.2;626.0;0;1
49;3;5.6;214.9;494.0;1046.4;0.2;626.0;0;1
49;4;6.2;197.8;487.0;1044.4;0.2;626.0;0;1
49;5;6.1;189.3;447.0;994.7;0.2;626.0;0;1
49;6;5.1;227.4;547.0;1016.9;0.2;626.0;0;1
49;7;5.5;214.7;533.0;1029.6;0.2;626.0;0;1
49;8;6.4;183.9;437.0;1009.6;0.2;626.0;0;1
49;9;5.2;229.9;548.0;1033.0;0.2;626.0;0;1
49;10;5.5;203.9;500.0;973.6;0.2;626.0;0;1
49;11;6.6;182.7;437.0;1030.7;0.2;622.0;1;2
49;12;6.0;193.0;477.0;988.6;0.2;622.0;0;2
49;13;6.9;155.4;364.0;910.4;0.2;622.0;0;2
49;14;5.5;185.2;411.0;889.4;0.2;622.0;0;2
49;15;5.8;172.7;380.0;870.1;0.2;622.0;0;2
49;16;5.5;181.1;406.0;867.0;0.2;622.0;0;2
49;17;5.6;175.8;397.0;847.9;0.2;622.0;0;2
49;18;5.9;162.2;375.0;820.1;0.2;622.0;0;2
49;19;5.7;163.6;382.0;810.0;0.2;621.0;1;3
49;20;5.6;168.5;368.0;822.1;0.2;619.0;1;4
49;21;6.9;131.9;294.0;777.4;0.2;619.0;0;4
49;22;9.4;94.5;214.0;740.6;0.1;619.0;0;4
49;23;8.8;99.5;220.0;735.0;0.1;618.0;1;5
49;24;9.8;89.4;211.0;732.4;0.1;618.0;0;5
49;25;11.1;78.1;177.0;718.0;0.1;618.0;0;5
49;26;11.9;71.7;162.0;701.7;0.1;617.0;1;6
49;27;11.6;73.4;181.0;702.4;0.1;613.0;1;7
49;28;13.4;63.5;143.0;696.9;0.1;613.0;0;7
49;29;13.4;62.4;150.0;687.0;0.1;613.0;0;7
49;30;21.0;39.5;96.0;668.3;0.1;613.0;0;7
49;31;43.0;18.8;49.0;641.0;0.0;613.0;0;7
49;32;28.5;28.4;64.0;646.4;0.0;610.0;1;8
49;33;29.1;27.9;69.0;648.0;0.0;610.0;0;8
49;34;42.8;18.7;45.0;635.3;0.0;610.0;0;8
49;35;29.3;27.3;69.0;640.4;0.0;610.0;0;8
49;36;59.2;13.2;38.0;616.7;0.0;610.0;0;8
49;37;nan;0.0;0.0;611.0;0.0;610.0;0;8
49;38;nan;0.0;0.0;611.0;0.0;610.0;0;8
49;39;nan;0.0;0.0;611.0;0.0;610.0;0;8
49;40;nan;0.0;0.0;611.0;0.0;610.0;0;8
49;41;nan;0.0;0.0;611.0;0.0;610.0;0;8
49;42;nan;0.0;0.0;611.0;0.0;610.0;0;8
49;43;nan;0.0;0.0;611.0;0.0;610.0;0;8
49;44;nan;0.0;0.0;611.0;0.0;610.0;0;8
49;45;nan;0.0;0.0;611.0;0.0;610.0;0;8
49;46;nan;0.0;0.0;611.0;0.0;610.0;0;8
49;47;nan;0.0;0.0;611.0;0.0;610.0;0;8
49;48;nan;0.0;0.0;611.0;0.0;610.0;0;8
49;49;nan;0.0;0.0;611.0;0.0;610.0;0;8
49;50;nan;0.0;0.0;611.0;0.0;610.0;0;8
49;51;nan;0.0;0.0;611.0;0.0;610.0;0;8
49;52;nan;0.0;0.0;611.0;0.0;610.0;0;8
49;53;nan;0.0;0.0;611.0;0.0;610.0;0;8
49;54;nan;0.0;0.0;611.0;0.0;610.0;0;8
49;55;nan;0.0;0.0;611.0;0.0;610.0;0;8
49;56;nan;0.0;0.0;611.0;0.0;610.0;0;8
49;57;nan;0.0;0.0;611.0;0.0;610.0;0;8
49;58;nan;0.0;0.0;611.0;0.0;610.0;0;8
49;59;nan;0.0;0.0;611.0;0.0;610.0;0;8
49;60;nan;0.0;0.0;611.0;0.0;610.0;0;8
49;61;nan;0.0;0.0;611.0;0.0;610.0;0;8
49;62;nan;0.0;0.0;611.0;0.0;610.0;0;8
49;63;nan;0.0;0.0;611.0;0.0;610.0;0;8
49;64;nan;0.0;0.0;611.0;0.0;610.0;0;8
49;65;nan;0.0;0.0;611.0;0.0;610.0;0;8
49;66;nan;0.0;0.0;611.0;0.0;610.0;0;8
49;67;nan;0.0;0.0;611.0;0.0;610.0;0;8
49;68;nan;0.0;0.0;611.0;0.0;610.0;0;8
49;69;nan;0.0;0.0;611.0;0.0;610.0;0;8
49;70;nan;0.0;0.0;611.0;0.0;610.0;0;8
49;71;nan;0.0;0.0;611.0;0.0;610.0;0;8
49;72;nan;0.0;0.0;611.0;0.0;610.0;0;8
49;73;nan;0.0;0.0;611.0;0.0;610.0;0;8
49;74;nan;0.0;0.0;611.0;0.0;610.0;0;8
49;75;nan;0.0;0.0;611.0;0.0;610.0;0;8
49;76;nan;0.0;0.0;611.0;0.0;610.0;0;8
49;77;nan;0.0;0.0;611.0;0.0;610.0;0;8
49;78;6.6;124.2;290.0;700.3;0.2;610.0;0;8
49;79;8.2;100.4;235.0;688.7;0.1;610.0;0;8
49;80;7.5;108.9;262.0;689.9;0.2;610.0;0;8
49;81;7.6;107.6;254.0;691.6;0.2;610.0;0;8
49;82;8.8;92.6;210.0;686.1;0.1;610.0;0;8
49;83;8.8;92.2;220.0;680.3;0.1;610.0;0;8
49;84;12.3;65.8;156.0;664.3;0.1;610.0;0;8
49;85;13.5;59.9;160.0;662.9;0.1;610.0;0;8
49;86;21.4;37.0;114.0;638.4;0.1;610.0;0;8
49;87;11.9;66.3;199.0;648.3;0.1;610.0;0;8
49;88;14.4;54.3;162.0;640.3;0.1;610.0;0;8
49;89;11.5;68.6;204.0;648.9;0.1;610.0;0;8
49;90;13.2;59.2;176.0;642.0;0.1;610.0;0;8
49;91;18.1;43.3;128.0;633.7;0.1;610.0;0;8
49;92;10.6;74.2;220.0;651.0;0.1;610.0;0;8
49;93;10.7;72.5;213.0;645.4;0.1;610.0;0;8
49;94;10.7;72.7;213.0;645.4;0.1;610.0;0;8
49;95;10.7;72.5;210.0;642.6;0.1;610.0;0;8
49;96;10.6;73.1;213.0;644.1;0.1;610.0;0;8
49;97;nan;0.0;0.0;610.0;0.0;610.0;0;8
49;98;nan;0.0;0.0;610.0;0.0;610.0;0;8
49;99;nan;0.0;0.0;610.0;0.0;610.0;0;8
50;0;5.9;212.9;572.0;1078.6;0.2;623.0;1;1
50;1;5.9;211.0;543.0;1069.1;0.2;623.0;0;1
50;2;6.2;192.2;474.0;1027.0;0.2;623.0;0;1
50;3;5.8;204.4;463.0;1029.7;0.2;623.0;0;1
50;4;6.6;188.0;468.0;1059.9;0.2;623.0;0;1
50;5;5.8;214.3;512.0;1066.6;0.2;623.0;0;1
50;6;6.0;202.3;479.0;1043.9;0.2;623.0;0;1
50;7;5.5;211.8;506.0;1002.7;0.2;623.0;0;1
50;8;5.3;221.9;550.0;1024.9;0.2;623.0;0;1
50;9;5.8;204.8;481.0;1027.9;0.2;623.0;0;1
50;10;6.6;168.9;404.0;951.4;0.2;623.0;0;1
50;11;5.5;210.4;490.0;1003.3;0.2;623.0;1;2
50;12;5.6;206.0;532.0;995.7;0.2;622.0;0;2
50;13;6.7;173.2;407.0;993.7;0.2;622.0;0;2
50;14;4.6;223.7;466.0;911.1;0.2;622.0;0;2
50;15;5.2;197.6;440.0;890.1;0.2;622.0;0;2
50;16;4.8;207.6;462.0;879.0;0.2;622.0;0;2
50;17;5.7;179.3;425.0;887.3;0.2;622.0;0;2
50;18;5.4;178.5;378.0;839.0;0.2;622.0;0;2
50;19;5.6;174.3;400.0;843.7;0.2;619.0;0;2
50;20;6.0;154.6;338.0;803.1;0.2;619.0;0;2
50;21;6.6;140.1;298.0;792.6;0.2;619.0;0;2
50;22;7.4;122.9;291.0;769.1;0.2;619.0;0;2
50;23;8.6;102.9;226.0;742.7;0.1;619.0;0;2
50;24;8.6;104.6;219.0;750.7;0.1;619.0;0;2
50;25;12.2;71.2;153.0;712.7;0.1;619.0;0;2
50;26;19.3;43.5;107.0;676.0;0.1;619.0;0;2
50;27;15.3;55.3;125.0;688.6;0.1;619.0;0;2
50;28;17.6;47.4;116.0;676.7;0.1;619.0;0;2
50;29;26.6;30.7;69.0;653.9;0.0;612.0;1;3
50;30;25.2;32.4;79.0;653.1;0.0;612.0;0;3
50;31;67.1;12.0;30.0;637.3;0.0;612.0;0;3
50;32;42.0;19.0;45.0;633.4;0.0;612.0;0;3
50;33;100.0;4.8;10.0;617.6;0.0;612.0;0;3
50;34;100.0;2.9;7.0;614.4;0.0;612.0;0;3
50;35;nan;0.0;0.0;612.0;0.0;612.0;0;3
50;36;nan;0.0;0.0;612.0;0.0;612.0;0;3
50;37;nan;0.0;0.0;612.0;0.0;612.0;0;3
50;38;nan;0.0;0.0;612.0;0.0;612.0;0;3
50;39;nan;0.0;0.0;612.0;0.0;612.0;0;3
50;40;nan;0.0;0.0;612.0;0.0;612.0;0;3
50;41;nan;0.0;0.0;612.0;0.0;612.0;0;3
50;42;nan;0.0;0.0;612.0;0.0;612.0;0;3
50;43;nan;0.0;0.0;612.0;0.0;612.0;0;3
50;44;nan;0.0;0.0;612.0;0.0;612.0;0;3
50;45;nan;0.0;0.0;612.0;0.0;612.0;0;3
50;46;nan;0.0;0.0;612.0;0.0;612.0;0;3
50;47;nan;0.0;0.0;612.0;0.0;612.0;0;3
50;48;nan;0.0;0.0;612.0;0.0;612.0;0;3
50;49;nan;0.0;0.0;612.0;0.0;612.0;0;3
50;50;nan;0.0;0.0;612.0;0.0;612.0;0;3
50;51;nan;0.0;0.0;612.0;0.0;612.0;0;3
50;52;nan;0.0;0.0;612.0;0.0;612.0;0;3
50;53;nan;0.0;0.0;612.0;0.0;612.0;0;3
50;54;nan;0.0;0.0;612.0;0.0;612.0;0;3
50;55;nan;0.0;0.0;612.0;0.0;612.0;0;3
50;56;nan;0.0;0.0;612.0;0.0;612.0;0;3
50;57;nan;0.0;0.0;612.0;0.0;612.0;0;3
50;58;nan;0.0;0.0;612.0;0.0;612.0;0;3
50;59;nan;0.0;0.0;612.0;0.0;612.0;0;3
50;60;nan;0.0;0.0;612.0;0.0;612.0;0;3
50;61;nan;0.0;0.0;612.0;0.0;612.0;0;3
50;62;nan;0.0;0.0;612.0;0.0;612.0;0;3
50;63;nan;0.0;0.0;612.0;0.0;612.0;0;3
50;64;nan;0.0;0.0;612.0;0.0;612.0;0;3
50;65;nan;0.0;0.0;612.0;0.0;612.0;0;3
50;66;nan;0.0;0.0;612.0;0.0;612.0;0;3
50;67;nan;0.0;0.0;612.0;0.0;612.0;0;3
50;68;nan;0.0;0.0;612.0;0.0;612.0;0;3
50;69;nan;0.0;0.0;612.0;0.0;612.0;0;3
50;70;nan;0.0;0.0;612.0;0.0;612.0;0;3
50;71;nan;0.0;0.0;612.0;0.0;612.0;0;3
50;72;nan;0.0;0.0;612.0;0.0;612.0;0;3
50;73;nan;0.0;0.0;612.0;0.0;612.0;0;3
50;74;nan;0.0;0.0;612.0;0.0;612.0;0;3
50;75;5.5;152.6;347.0;729.9;0.2;612.0;0;3
50;76;6.7;123.4;287.0;703.3;0.2;612.0;0;3
50;77;8.9;91.0;213.0;676.4;0.1;612.0;0;3
50;78;8.0;101.7;240.0;684.0;0.1;612.0;0;3
50;79;11.6;69.3;165.0;661.9;0.1;610.0;1;4
50;80;14.9;54.3;137.0;658.4;0.1;608.0;1;5
50;81;19.9;39.8;100.0;637.6;0.1;608.0;0;5
50;82;22.1;35.6;87.0;633.6;0.1;608.0;0;5
50;83;34.7;22.7;58.0;626.1;0.0;608.0;0;5
50;84;nan;0.0;0.0;612.0;0.0;608.0;0;5
50;85;nan;0.0;0.0;612.0;0.0;608.0;0;5
50;86;nan;0.0;0.0;612.0;0.0;608.0;0;5
50;87;nan;0.0;0.0;612.0;0.0;608.0;0;5
50;88;nan;0.0;0.0;612.0;0.0;608.0;0;5
50;89;nan;0.0;0.0;612.0;0.0;608.0;0;5
50;90;nan;0.0;0.0;612.0;0.0;608.0;0;5
50;91;nan;0.0;0.0;612.0;0.0;608.0;0;5
50;92;nan;0.0;0.0;612.0;0.0;608.0;0;5
50;93;nan;0.0;0.0;612.0;0.0;608.0;0;5
50;94;nan;0.0;0.0;612.0;0.0;608.0;0;5
50;95;nan;0.0;0.0;612.0;0.0;608.0;0;5
50;96;nan;0.0;0.0;612.0;0.0;608.0;0;5
50;97;nan;0.0;0.0;612.0;0.0;608.0;0;5
50;98;nan;0.0;0.0;612.0;0.0;608.0;0;5
50;99;nan;0.0;0.0;612.0;0.0;608.0;0;5
