param;value
filename;./inputData/kroB150n.car
base_seed;1
nRuns;51
iterations;100
antsN;60
stagnation;50
favorites;60
gbPeriod;0
rhoNodes;0.1
rhoCars;0.1
rhoPass;0.1
alphaNodes;1.5
alphaCars;1.5
alphaPass;1.5
betaNodes;1.1
betaCars;1.1
betaPass;1.1
maxMinCars;0
maxMinNodes;0
pBestCars;0
useTBAS;0
sampleCars;1
enforceNoRerent;1
returnFactorCars;0
epsilonEtaCars;1e-06
smGammaCars;0.7
restartTargetCars;mid
exploreCars;0
exploreItersCars;20
exploreRhoMultCars;2
policyQ0;0.1
adaptiveQ0;0
q0Start;0.2
q0End;0.9
eliteKAnts;6
lsTopW;0
lsQuality;High
useReinsertion;0
reinsertionMaxPasses;5
dpCacheCapacity;5000
dpMaxSegmentLenOffset;5
intensifierEnabled;1
intensifierMaxStagnationIterations;3
intensifierResetPheromonesCount;2
intensifierPheromoneReductionGamma;0.3
intensifierArchiveAndResetBest;1
ablationDisableAntDepositsDuringIntensification;0
ablationResetPheromonesOnIntensifierActivation;0
ablationIntensifierOnlyNoAnts;0
ablationIntensifierOnlyRandomInitialTour;0
runSeeds;run0=9176377229071207081,run1=76241568449944305,run2=11569656429252920891,run3=8006770736520076435,run4=10222608011239175760,run5=83674907983555125,run6=16633518659454552880,run7=3348662810425028053,run8=1625020296661546126,run9=8722260422266777814,run10=18422523289718600251,run11=12120595211417451604,run12=11180516292616150398,run13=13235578871255005297,run14=17784125318686945540,run15=15956506419893335137,run16=2899130862535483918,run17=11850605890185619915,run18=13353388233111958045,run19=6644193456908987648,run20=9748498986499756733,run21=9610614758425770644,run22=16467222360164019310,run23=11726302834367551336,run24=8896860786397106362,run25=6737285527070588895,run26=11634350522773239934,run27=7808547232002136844,run28=3287009989320200796,run29=8484872300069380217,run30=8138020970177873692,run31=16735953543485209995,run32=957827445528146549,run33=9178821638437730898,run34=2354512119315649564,run35=10160966691791677292,run36=27474500062045820,run37=7844575079918988844,run38=15524044195614787644,run39=4980590106503615414,run40=3943098024137922559,run41=141425323448007506,run42=16001952662412044218,run43=6069959457317431616,run44=2033442876187297925,run45=7223543130371895193,run46=4350234967155519396,run47=10524526614539617298,run48=3004527168784687515,run49=3975454624479931874,run50=1666912681748276242
stagnationEvents;run0=1,run1=1,run2=1,run3=1,run4=1,run5=1,run6=1,run7=1,run8=1,run9=1,run10=1,run11=1,run12=1,run13=1,run14=1,run15=1,run16=1,run17=1,run18=1,run19=1,run20=1,run21=1,run22=1,run23=1,run24=1,run25=1,run26=1,run27=1,run28=1,run29=1,run30=1,run31=1,run32=1,run33=1,run34=1,run35=1,run36=1,run37=1,run38=1,run39=1,run40=1,run41=1,run42=1,run43=1,run44=1,run45=1,run46=1,run47=1,run48=1,run49=1,run50=1
lkCalls;run0=1,run1=1,run2=1,run3=1,run4=1,run5=1,run6=1,run7=1,run8=1,run9=1,run10=1,run11=1,run12=1,run13=1,run14=1,run15=1,run16=1,run17=1,run18=1,run19=1,run20=1,run21=1,run22=1,run23=1,run24=1,run25=1,run26=1,run27=1,run28=1,run29=1,run30=1,run31=1,run32=1,run33=1,run34=1,run35=1,run36=1,run37=1,run38=1,run39=1,run40=1,run41=1,run42=1,run43=1,run44=1,run45=1,run46=1,run47=1,run48=1,run49=1,run50=1
lkSuccess;run0=0,run1=0,run2=0,run3=0,run4=0,run5=0,run6=0,run7=0,run8=0,run9=0,run10=0,run11=0,run12=0,run13=0,run14=0,run15=0,run16=0,run17=0,run18=0,run19=0,run20=0,run21=0,run22=0,run23=0,run24=0,run25=0,run26=0,run27=0,run28=0,run29=0,run30=0,run31=0,run32=0,run33=0,run34=0,run35=0,run36=0,run37=0,run38=0,run39=0,run40=0,run41=0,run42=0,run43=0,run44=0,run45=0,run46=0,run47=0,run48=0,run49=0,run50=0
tOptCalls;run0=0,run1=0,run2=0,run3=0,run4=0,run5=0,run6=0,run7=0,run8=0,run9=0,run10=0,run11=0,run12=0,run13=0,run14=0,run15=0,run16=0,run17=0,run18=0,run19=0,run20=0,run21=0,run22=0,run23=0,run24=0,run25=0,run26=0,run27=0,run28=0,run29=0,run30=0,run31=0,run32=0,run33=0,run34=0,run35=0,run36=0,run37=0,run38=0,run39=0,run40=0,run41=0,run42=0,run43=0,run44=0,run45=0,run46=0,run47=0,run48=0,run49=0,run50=0
tOptSuccess;run0=0,run1=0,run2=0,run3=0,run4=0,run5=0,run6=0,run7=0,run8=0,run9=0,run10=0,run11=0,run12=0,run13=0,run14=0,run15=0,run16=0,run17=0,run18=0,run19=0,run20=0,run21=0,run22=0,run23=0,run24=0,run25=0,run26=0,run27=0,run28=0,run29=0,run30=0,run31=0,run32=0,run33=0,run34=0,run35=0,run36=0,run37=0,run38=0,run39=0,run40=0,run41=0,run42=0,run43=0,run44=0,run45=0,run46=0,run47=0,run48=0,run49=0,run50=0
kickCalls;run0=1,run1=1,run2=1,run3=1,run4=1,run5=1,run6=1,run7=1,run8=1,run9=1,run10=1,run11=1,run12=1,run13=1,run14=1,run15=1,run16=1,run17=1,run18=1,run19=1,run20=1,run21=1,run22=1,run23=1,run24=1,run25=1,run26=1,run27=1,run28=1,run29=1,run30=1,run31=1,run32=1,run33=1,run34=1,run35=1,run36=1,run37=1,run38=1,run39=1,run40=1,run41=1,run42=1,run43=1,run44=1,run45=1,run46=1,run47=1,run48=1,run49=1,run50=1
kickSuccess;run0=0,run1=0,run2=0,run3=0,run4=0,run5=0,run6=0,run7=0,run8=0,run9=0,run10=0,run11=0,run12=0,run13=0,run14=0,run15=0,run16=0,run17=0,run18=0,run19=0,run20=0,run21=0,run22=0,run23=0,run24=0,run25=0,run26=0,run27=0,run28=0,run29=0,run30=0,run31=0,run32=0,run33=0,run34=0,run35=0,run36=0,run37=0,run38=0,run39=0,run40=0,run41=0,run42=0,run43=0,run44=0,run45=0,run46=0,run47=0,run48=0,run49=0,run50=0
cacheEvalHitRate;run0=0.00%,run1=0.00%,run2=0.00%,run3=0.00%,run4=0.00%,run5=0.00%,run6=0.00%,run7=0.00%,run8=0.00%,run9=0.00%,run10=0.00%,run11=0.00%,run12=0.00%,run13=0.00%,run14=0.00%,run15=0.00%,run16=0.00%,run17=0.00%,run18=0.00%,run19=0.00%,run20=0.00%,run21=0.00%,run22=0.00%,run23=0.00%,run24=0.00%,run25=0.00%,run26=0.00%,run27=0.00%,run28=0.00%,run29=0.00%,run30=0.00%,run31=0.00%,run32=0.00%,run33=0.00%,run34=0.00%,run35=0.00%,run36=0.00%,run37=0.00%,run38=0.00%,run39=0.00%,run40=0.00%,run41=0.00%,run42=0.00%,run43=0.00%,run44=0.00%,run45=0.00%,run46=0.00%,run47=0.00%,run48=0.03%,run49=0.00%,run50=0.00%
cacheReasHitRate;run0=36.94%,run1=37.08%,run2=36.93%,run3=37.08%,run4=37.24%,run5=37.21%,run6=37.18%,run7=37.05%,run8=36.82%,run9=36.89%,run10=37.49%,run11=36.90%,run12=37.11%,run13=36.73%,run14=36.93%,run15=37.05%,run16=36.87%,run17=36.98%,run18=36.99%,run19=36.77%,run20=37.08%,run21=36.98%,run22=37.30%,run23=36.81%,run24=36.94%,run25=37.08%,run26=37.08%,run27=36.99%,run28=37.28%,run29=36.95%,run30=36.84%,run31=37.00%,run32=37.08%,run33=37.25%,run34=37.09%,run35=37.25%,run36=37.15%,run37=37.16%,run38=37.24%,run39=37.28%,run40=37.08%,run41=37.08%,run42=36.61%,run43=36.92%,run44=36.94%,run45=36.71%,run46=37.04%,run47=37.04%,run48=37.05%,run49=37.28%,run50=36.93%
lkSuccessRate;run0=0.00% (cache:0.0%),run1=0.00% (cache:0.0%),run2=0.00% (cache:0.0%),run3=0.00% (cache:0.0%),run4=0.00% (cache:0.0%),run5=0.00% (cache:0.0%),run6=0.00% (cache:0.0%),run7=0.00% (cache:0.0%),run8=0.00% (cache:0.0%),run9=0.00% (cache:0.0%),run10=0.00% (cache:0.0%),run11=0.00% (cache:0.0%),run12=0.00% (cache:0.0%),run13=0.00% (cache:0.0%),run14=0.00% (cache:0.0%),run15=0.00% (cache:0.0%),run16=0.00% (cache:0.0%),run17=0.00% (cache:0.0%),run18=0.00% (cache:0.0%),run19=0.00% (cache:0.0%),run20=0.00% (cache:0.0%),run21=0.00% (cache:0.0%),run22=0.00% (cache:0.0%),run23=0.00% (cache:0.0%),run24=0.00% (cache:0.0%),run25=0.00% (cache:0.0%),run26=0.00% (cache:0.0%),run27=0.00% (cache:0.0%),run28=0.00% (cache:0.0%),run29=0.00% (cache:0.0%),run30=0.00% (cache:0.0%),run31=0.00% (cache:0.0%),run32=0.00% (cache:0.0%),run33=0.00% (cache:0.0%),run34=0.00% (cache:0.0%),run35=0.00% (cache:0.0%),run36=0.00% (cache:0.0%),run37=0.00% (cache:0.0%),run38=0.00% (cache:0.0%),run39=0.00% (cache:0.0%),run40=0.00% (cache:0.0%),run41=0.00% (cache:0.0%),run42=0.00% (cache:0.0%),run43=0.00% (cache:0.0%),run44=0.00% (cache:0.0%),run45=0.00% (cache:0.0%),run46=0.00% (cache:0.0%),run47=0.00% (cache:0.0%),run48=0.00% (cache:0.0%),run49=0.00% (cache:0.0%),run50=0.00% (cache:0.0%)
tOptSuccessRate;run0=N/A,run1=N/A,run2=N/A,run3=N/A,run4=N/A,run5=N/A,run6=N/A,run7=N/A,run8=N/A,run9=N/A,run10=N/A,run11=N/A,run12=N/A,run13=N/A,run14=N/A,run15=N/A,run16=N/A,run17=N/A,run18=N/A,run19=N/A,run20=N/A,run21=N/A,run22=N/A,run23=N/A,run24=N/A,run25=N/A,run26=N/A,run27=N/A,run28=N/A,run29=N/A,run30=N/A,run31=N/A,run32=N/A,run33=N/A,run34=N/A,run35=N/A,run36=N/A,run37=N/A,run38=N/A,run39=N/A,run40=N/A,run41=N/A,run42=N/A,run43=N/A,run44=N/A,run45=N/A,run46=N/A,run47=N/A,run48=N/A,run49=N/A,run50=N/A

run;iter;n_ants;ant_cost_min;ant_cost_q1;ant_cost_median;ant_cost_q3;ant_cost_max;ant_cost_mean;ant_cost_std
0;0;6;6320.0;6961.0;7682.5;8043.2;8181.0;7458.3;699.7
0;1;6;6573.0;7165.2;7675.0;7917.8;8024.0;7490.2;524.7
0;2;6;6361.0;7068.2;7807.5;7979.8;8142.0;7496.2;655.0
0;3;6;5798.0;6658.0;7615.0;7780.8;7902.0;7184.2;802.0
0;4;6;6430.0;6895.0;7439.5;7466.5;7495.0;7165.5;426.2
0;5;6;6327.0;6667.8;7147.5;7307.0;7364.0;6975.7;404.3
0;6;6;6560.0;6925.2;7666.0;7839.0;8119.0;7431.0;590.8
0;7;6;6163.0;6562.5;7492.5;7698.0;7948.0;7185.8;702.5
0;8;6;6092.0;6745.8;7353.0;7746.5;7916.0;7189.2;659.3
0;9;6;5892.0;7116.2;7877.0;8174.2;8257.0;7506.5;854.9
0;10;6;6110.0;6590.5;7466.5;7535.5;8028.0;7154.7;696.2
0;11;6;6206.0;6765.8;7453.0;7641.5;7722.0;7179.2;580.6
0;12;6;6051.0;6625.5;7319.0;7487.5;7545.0;7028.7;583.7
0;13;6;6212.0;6738.0;7334.0;7359.2;7543.0;7055.0;493.7
0;14;6;6365.0;6839.2;7270.5;7694.2;7992.0;7238.2;573.9
0;15;6;6412.0;6715.8;7411.0;7531.0;7637.0;7154.3;503.2
0;16;6;6663.0;7114.8;7866.0;8063.0;8231.0;7603.2;608.0
0;17;6;5570.0;6069.2;6823.5;7313.8;7344.0;6642.7;716.0
0;18;6;5966.0;6400.5;7194.5;7750.0;7910.0;7056.0;754.3
0;19;6;6273.0;6520.0;7174.0;7826.5;8108.0;7179.2;731.6
0;20;6;6255.0;6595.0;7044.0;7371.5;7402.0;6945.2;454.1
0;21;6;5995.0;6269.8;6834.5;7635.5;7960.0;6934.7;769.2
0;22;6;6338.0;6450.2;7332.5;8166.8;8292.0;7316.0;874.8
0;23;6;5485.0;5922.5;6748.0;7560.8;8032.0;6748.7;986.4
0;24;6;5895.0;6495.5;6949.5;7413.2;7516.0;6870.3;601.6
0;25;6;4838.0;5736.5;7005.5;7886.0;7955.0;6716.2;1247.5
0;26;6;5718.0;6208.8;7289.0;8189.2;8339.0;7162.2;1072.5
0;27;6;5518.0;6152.5;7205.0;7605.8;7643.0;6852.0;852.3
0;28;6;4682.0;6118.5;6997.0;7853.8;8218.0;6809.8;1231.2
0;29;6;5619.0;5827.2;7110.0;7832.5;8161.0;6912.2;1061.8
0;30;6;6002.0;6484.5;7508.0;8269.0;8382.0;7344.3;984.1
0;31;6;5439.0;6218.0;7023.5;7691.0;7776.0;6854.2;906.7
0;32;6;4419.0;5662.8;6705.5;7100.2;7428.0;6300.8;1065.5
0;33;6;4884.0;6052.5;7213.0;7970.8;8112.0;6885.2;1220.8
0;34;6;3940.0;5617.0;6233.0;6933.0;7138.0;6020.3;1098.8
0;35;6;5339.0;5620.0;6252.5;7064.2;7137.0;6287.5;765.6
0;36;6;5147.0;5342.2;6028.5;6481.5;6662.0;5935.3;617.6
0;37;6;4738.0;5340.5;6956.5;7578.8;7984.0;6537.2;1280.4
0;38;6;3780.0;4074.8;5232.5;6442.0;6911.0;5281.7;1303.4
0;39;6;4215.0;4648.0;5589.5;6399.0;6595.0;5498.7;972.4
0;40;6;5066.0;5354.5;6394.5;7026.5;7260.0;6226.7;898.0
0;41;6;4322.0;4836.8;5860.0;6353.0;6406.0;5576.8;844.9
0;42;6;4702.0;5119.5;6232.5;6888.0;7324.0;6057.7;1009.9
0;43;6;3734.0;4000.2;5237.0;6355.2;6571.0;5182.5;1210.6
0;44;6;4252.0;5479.0;5907.5;6425.2;6548.0;5758.2;798.9
0;45;6;3693.0;4378.2;5645.5;6009.0;6119.0;5198.2;974.0
0;46;6;4211.0;4479.2;5579.5;6109.0;6157.0;5320.8;841.6
0;47;6;4570.0;4809.5;5796.0;6400.8;6438.0;5613.8;819.6
0;48;6;3990.0;4492.5;5489.0;6315.2;6651.0;5395.0;1023.7
0;49;6;3632.0;4413.5;4751.5;5841.8;6197.0;4973.0;932.5
0;50;6;4182.0;4632.2;5436.5;5784.0;5915.0;5205.7;681.4
0;51;6;3662.0;4803.0;5182.0;5922.5;6254.0;5187.7;874.7
0;52;6;4745.0;4815.8;5062.5;5522.2;5710.0;5164.8;388.8
0;53;6;4072.0;5166.8;5317.5;5878.5;6106.0;5332.5;675.9
0;54;6;3950.0;4301.2;4684.0;5693.0;6097.0;4936.3;822.4
0;55;6;3635.0;3882.2;4185.0;5397.5;5780.0;4561.3;872.7
0;56;6;3819.0;4423.5;5019.0;5702.2;5920.0;4988.7;771.9
0;57;6;3402.0;4123.5;4869.0;5535.8;6020.0;4798.8;917.8
0;58;6;4071.0;4178.5;4722.5;5527.5;5653.0;4827.0;692.3
0;59;6;4067.0;4368.5;5267.0;5823.5;5973.0;5108.7;773.5
0;60;6;4428.0;5096.5;5173.0;5596.8;5754.0;5222.8;447.6
0;61;6;3775.0;4438.2;5011.5;5539.8;5719.0;4913.3;706.3
0;62;6;3983.0;4290.0;5100.0;5482.5;5607.0;4903.3;666.0
0;63;6;3344.0;4335.8;4737.5;5379.2;5586.0;4700.0;773.5
0;64;6;3982.0;4316.2;4895.0;5481.2;5584.0;4859.3;631.3
0;65;6;3746.0;4023.0;4774.5;5416.5;5554.0;4708.7;731.7
0;66;6;3790.0;4237.5;4982.0;5425.0;5534.0;4808.3;677.4
0;67;6;3609.0;3778.2;4135.5;5147.5;5414.0;4406.3;748.7
0;68;6;3426.0;3691.0;4076.0;5304.8;5803.0;4443.0;956.0
0;69;6;3753.0;4074.5;5012.5;5442.8;5531.0;4776.2;736.5
0;70;6;3822.0;4566.8;4917.0;5406.0;5611.0;4881.0;614.3
0;71;6;3950.0;4206.0;4716.5;5395.0;5661.0;4783.5;666.5
0;72;6;4556.0;4681.2;4927.5;5273.5;5575.0;4995.7;369.7
0;73;6;4669.0;4740.5;4892.0;5513.8;5872.0;5122.7;478.4
0;74;6;3985.0;4504.2;4896.5;5390.0;5506.0;4868.7;554.3
0;75;6;4160.0;4211.2;4719.5;5438.5;5550.0;4811.5;619.3
0;76;6;3714.0;4113.5;4784.0;5291.0;5439.0;4678.5;669.0
0;77;6;3579.0;3707.5;3915.5;5094.8;5453.0;4331.5;804.0
0;78;6;3563.0;4195.8;4571.5;5323.8;5570.0;4653.5;720.8
0;79;6;3551.0;3877.8;4063.5;5077.2;5399.0;4384.7;733.3
0;80;6;3520.0;4517.0;4665.0;4748.5;5672.0;4627.7;627.8
0;81;6;3774.0;3907.0;4213.5;4556.8;5743.0;4403.3;667.5
0;82;6;3517.0;3694.0;4277.0;5006.2;5555.0;4395.8;771.8
0;83;6;3776.0;3847.0;3947.5;4383.2;5545.0;4259.7;625.9
0;84;6;3482.0;3850.5;4513.0;4841.8;5535.0;4437.3;702.8
0;85;6;3700.0;4903.0;4975.0;5099.5;5930.0;4933.3;653.5
0;86;6;3525.0;3745.2;4009.0;4420.5;5778.0;4256.0;751.4
0;87;6;3682.0;3988.5;4457.0;5224.0;6196.0;4684.0;877.5
0;88;6;3994.0;4229.8;4673.5;5216.2;5957.0;4796.2;683.9
0;89;6;4033.0;4405.5;4834.5;5225.2;5759.0;4846.5;583.7
0;90;6;4293.0;4830.8;5153.5;5540.0;6018.0;5168.3;562.3
0;91;6;4546.0;4684.8;4863.5;4993.5;5770.0;4950.8;399.9
0;92;6;3734.0;4263.5;4362.0;4920.2;5865.0;4610.0;688.0
0;93;6;3764.0;4285.8;4839.5;5211.8;6057.0;4822.8;754.4
0;94;6;3684.0;4258.2;4716.0;5083.0;5775.0;4700.3;675.9
0;95;6;3726.0;4007.8;4252.5;4908.2;5785.0;4511.5;711.6
0;96;6;3601.0;4008.5;4815.5;5187.5;5659.0;4657.0;744.8
0;97;6;3798.0;4126.2;4263.0;4963.8;5708.0;4551.7;667.0
0;98;6;3539.0;3888.8;4245.5;4758.2;5472.0;4366.8;659.1
0;99;6;3854.0;4257.8;4569.0;4921.5;5401.0;4597.7;509.0
1;0;6;6451.0;6664.2;7270.0;7350.0;7472.0;7050.3;421.5
1;1;6;6305.0;6854.2;7532.5;7588.2;7624.0;7204.8;529.4
1;2;6;6568.0;6925.5;7520.0;7800.2;7948.0;7362.8;523.1
1;3;6;5669.0;6804.8;7451.0;7506.2;7624.0;7051.5;706.5
1;4;6;6347.0;6789.2;7481.5;7615.8;7651.0;7196.7;530.0
1;5;6;6332.0;6822.8;7465.5;7570.5;7654.0;7188.5;514.7
1;6;6;5988.0;6480.5;7695.0;7899.2;7916.0;7222.8;833.3
1;7;6;6122.0;6484.5;7447.5;7686.8;8256.0;7200.5;790.3
1;8;6;6849.0;7098.2;7553.5;7583.5;7914.0;7401.7;376.0
1;9;6;6496.0;6790.0;7516.5;7572.5;7697.0;7227.5;502.7
1;10;6;6222.0;7018.0;7608.0;7688.8;7886.0;7310.2;587.4
1;11;6;6214.0;6553.2;7170.0;7348.8;7473.0;6963.8;490.6
1;12;6;6021.0;6511.8;7414.5;7583.0;7777.0;7079.5;691.0
1;13;6;6546.0;6862.5;7652.0;7821.2;8058.0;7397.5;599.6
1;14;6;6048.0;6667.8;7744.0;7969.0;8108.0;7332.8;818.0
1;15;6;6481.0;7008.2;7629.5;7987.5;8310.0;7493.0;652.4
1;16;6;5816.0;6076.2;6765.5;7527.5;7992.0;6827.8;838.7
1;17;6;6954.0;7205.8;7625.0;7962.5;8092.0;7572.8;444.3
1;18;6;6271.0;6467.8;6968.0;7233.5;7393.0;6870.5;435.7
1;19;6;6323.0;6612.5;7006.5;7548.2;7796.0;7057.0;555.0
1;20;6;6244.0;6636.8;7139.0;7804.0;7898.0;7152.5;661.3
1;21;6;6217.0;6675.5;7112.0;7799.8;8031.0;7171.8;669.8
1;22;6;5976.0;6074.8;6849.5;7550.8;7818.0;6849.0;767.1
1;23;6;5505.0;6441.0;7369.0;8303.8;8383.0;7228.8;1136.8
1;24;6;5594.0;6471.8;7284.5;7771.8;7806.0;7017.3;840.2
1;25;6;5802.0;6071.2;7116.0;7853.2;7926.0;6963.7;925.4
1;26;6;5665.0;6711.8;7395.0;8061.0;8420.0;7273.7;960.6
1;27;6;5564.0;5786.0;6870.5;7546.2;7775.0;6712.7;927.5
1;28;6;6130.0;6175.5;6758.0;7631.5;8234.0;6964.0;833.5
1;29;6;4515.0;5708.5;7081.5;8110.2;8208.0;6765.0;1444.9
1;30;6;4542.0;6002.0;6999.5;7254.5;7292.0;6473.7;1017.4
1;31;6;4826.0;5454.5;6503.0;7673.0;7927.0;6487.8;1261.6
1;32;6;5120.0;5789.5;6646.5;7447.2;7552.0;6530.5;977.3
1;33;6;4919.0;5420.5;6326.0;6957.8;7409.0;6211.2;932.2
1;34;6;5317.0;5602.2;6855.5;7568.8;7643.0;6610.3;1015.6
1;35;6;4820.0;5606.0;6426.5;7067.0;7538.0;6304.0;975.9
1;36;6;4566.0;5295.8;6369.0;6791.2;7120.0;6049.0;948.0
1;37;6;4315.0;6274.5;6863.0;7449.2;7499.0;6543.8;1125.7
1;38;6;4628.0;5451.0;6022.0;6632.0;6788.0;5926.0;796.9
1;39;6;4655.0;5003.8;6133.5;6915.2;7063.0;5964.7;1002.7
1;40;6;4390.0;5483.0;6034.0;6737.2;7001.0;5955.0;905.5
1;41;6;4197.0;4719.5;5676.0;6408.2;6439.0;5506.8;935.9
1;42;6;3947.0;4952.2;6086.5;6476.0;6849.0;5691.5;1046.8
1;43;6;3834.0;4926.0;5694.5;6542.5;6905.0;5603.8;1079.2
1;44;6;4764.0;4942.2;5758.0;6588.8;6650.0;5744.3;863.1
1;45;6;4196.0;5114.5;5960.5;6675.2;6725.0;5764.7;974.2
1;46;6;4407.0;5329.5;6159.5;6700.0;6759.0;5903.0;886.3
1;47;6;4496.0;5144.2;5702.0;6202.8;6249.0;5579.5;674.8
1;48;6;4737.0;4902.0;5109.5;5723.5;6032.0;5291.5;500.8
1;49;6;4244.0;4594.0;5092.5;6279.5;6684.0;5369.3;958.1
1;50;6;4842.0;5166.8;5799.5;6474.2;6729.0;5804.2;734.5
1;51;6;4780.0;4941.8;5258.0;6305.5;6833.0;5603.3;827.9
1;52;6;4389.0;4800.2;5441.5;6461.5;6793.0;5575.5;929.3
1;53;6;4212.0;5046.0;5977.5;6699.8;7017.0;5810.0;1034.5
1;54;6;4361.0;4412.2;4798.5;6140.2;6543.0;5228.7;944.1
1;55;6;4287.0;5255.5;5380.5;6061.2;6269.0;5469.8;677.3
1;56;6;4623.0;4834.5;5158.5;6054.8;6427.0;5407.8;710.1
1;57;6;4185.0;4497.8;5212.5;6111.8;6432.0;5285.5;883.7
1;58;6;3921.0;4714.8;5125.0;5769.2;5956.0;5114.8;719.8
1;59;6;4637.0;4885.8;5348.0;5973.8;6242.0;5414.8;624.7
1;60;6;3783.0;4294.2;4775.5;5837.2;6156.0;4969.2;901.3
1;61;6;4405.0;4790.8;5065.5;5587.8;5753.0;5125.0;495.7
1;62;6;4041.0;4478.5;5084.0;5681.2;5789.0;5025.8;674.4
1;63;6;4980.0;5129.0;5618.5;6069.8;6295.0;5616.3;512.5
1;64;6;3828.0;4346.5;4639.5;5444.0;5654.0;4787.0;677.4
1;65;6;3641.0;4296.2;4911.0;5799.5;6154.0;4967.3;916.4
1;66;6;4815.0;5024.0;5296.5;5696.5;5816.0;5331.2;381.8
1;67;6;4494.0;4689.2;5187.0;5659.2;5942.0;5191.7;550.1
1;68;6;4081.0;4537.8;4953.0;5480.8;5901.0;4990.7;636.7
1;69;6;4191.0;4516.8;5070.0;5509.2;5793.0;5018.7;589.7
1;70;6;4867.0;4959.5;5132.5;5501.2;5609.0;5211.2;297.1
1;71;6;3881.0;4097.8;4781.0;5354.8;5614.0;4745.5;683.7
1;72;6;4845.0;4947.5;5023.0;5364.0;5598.0;5148.2;280.7
1;73;6;3991.0;4370.2;4967.0;5343.2;5469.0;4839.0;575.8
1;74;6;3639.0;4317.5;5111.5;5401.5;5546.0;4826.5;723.0
1;75;6;3583.0;4329.5;4844.0;5405.0;5540.0;4760.2;702.3
1;76;6;3828.0;4930.8;5050.0;5491.8;5669.0;5021.2;610.1
1;77;6;4392.0;4424.8;4793.5;5466.0;5581.0;4925.3;526.2
1;78;6;3727.0;4896.2;5036.0;5525.2;5659.0;4999.3;647.9
1;79;6;3957.0;4864.8;5008.5;5375.0;5506.0;4965.7;517.2
1;80;6;3613.0;4654.2;4915.0;5035.5;5661.0;4791.2;618.3
1;81;6;3660.0;4279.8;4663.0;5095.8;5615.0;4665.5;642.9
1;82;6;4406.0;4594.5;4835.5;5312.8;5684.0;4957.8;461.7
1;83;6;4157.0;4642.0;4757.5;4813.8;5776.0;4814.0;484.2
1;84;6;3960.0;4249.8;4605.5;5093.2;5738.0;4716.0;611.3
1;85;6;4131.0;4271.2;4684.5;5016.8;5729.0;4748.3;553.2
1;86;6;4015.0;4337.5;4956.5;4980.0;5739.0;4797.7;580.3
1;87;6;3815.0;4318.8;5089.0;5280.2;5713.0;4852.0;672.5
1;88;6;3906.0;4271.2;4633.5;4857.0;5631.0;4647.7;551.2
1;89;6;3847.0;3899.2;4450.5;4976.2;5631.0;4541.0;682.0
1;90;6;3575.0;3850.2;4480.0;4913.2;5437.0;4445.0;676.4
1;91;6;4711.0;4846.2;4978.5;5029.0;5497.0;5002.2;248.9
1;92;6;4300.0;4557.0;4904.5;5295.5;5571.0;4924.5;471.0
1;93;6;3838.0;4590.2;4798.5;5036.0;5631.0;4783.7;548.5
1;94;6;4048.0;4505.8;4927.0;5057.2;5484.0;4808.7;471.8
1;95;6;3974.0;4081.2;4496.0;4999.2;5510.0;4597.7;577.9
1;96;6;4285.0;4497.2;4840.0;5062.8;5581.0;4844.3;435.9
1;97;6;4067.0;4328.2;4719.5;4854.2;5498.0;4683.5;469.4
1;98;6;4558.0;4671.2;4766.0;4825.5;5507.0;4847.0;309.2
1;99;6;3774.0;4022.2;4792.5;4867.5;5488.0;4584.2;617.7
2;0;6;5958.0;6521.8;7444.0;7583.2;7672.0;7060.3;689.0
2;1;6;6437.0;6711.5;7316.0;7442.0;7481.0;7090.7;434.1
2;2;6;6018.0;6735.2;7152.0;7373.8;7550.0;6986.0;524.0
2;3;6;6483.0;6845.5;7749.0;8033.8;8197.0;7475.2;700.8
2;4;6;6126.0;6632.0;7608.5;7821.5;7839.0;7230.2;713.1
2;5;6;6190.0;6529.5;7374.0;7424.2;7613.0;7040.0;582.6
2;6;6;6373.0;6795.2;7516.5;7664.0;7691.0;7227.5;538.8
2;7;6;6169.0;6531.5;6964.0;7228.5;7376.0;6862.8;442.6
2;8;6;6337.0;6741.0;7467.0;7497.8;7511.0;7131.5;505.7
2;9;6;5826.0;6940.8;7257.5;7449.8;7575.0;7044.2;593.4
2;10;6;5974.0;6449.2;7778.0;8208.2;8255.0;7357.2;967.8
2;11;6;5625.0;6678.2;7216.5;7427.8;7474.0;6921.5;661.0
2;12;6;5764.0;6308.0;7824.5;7915.2;7997.0;7193.0;998.6
2;13;6;6601.0;7237.0;8070.0;8184.5;8217.0;7690.0;646.2
2;14;6;6119.0;6998.8;7886.5;7982.2;8290.0;7483.2;783.3
2;15;6;6519.0;6880.0;7516.0;7676.5;7806.0;7292.5;502.6
2;16;6;6136.0;6825.8;7566.0;7586.2;8195.0;7272.5;693.9
2;17;6;6090.0;6450.8;7031.5;7871.0;8047.0;7101.3;782.6
2;18;6;6104.0;6548.2;7154.0;7865.5;7977.0;7139.7;751.5
2;19;6;5765.0;6589.5;7469.5;8177.0;8290.0;7283.8;977.4
2;20;6;5812.0;6568.5;7175.5;7613.0;7704.0;6998.7;700.6
2;21;6;5528.0;6070.0;6947.0;7974.8;8315.0;6972.0;1103.0
2;22;6;5854.0;6185.5;7165.5;7468.2;8168.0;6963.5;837.1
2;23;6;5601.0;6690.8;7490.0;8182.8;8240.0;7276.5;992.4
2;24;6;5805.0;6178.2;6805.5;7496.5;7918.0;6838.3;797.3
2;25;6;5607.0;5904.2;6886.0;7937.5;8122.0;6894.3;1049.9
2;26;6;5946.0;6262.0;7226.5;7926.2;8101.0;7100.0;895.7
2;27;6;5029.0;6037.5;6733.5;7689.0;7816.0;6687.5;1041.8
2;28;6;5328.0;5948.8;6617.5;7464.0;7666.0;6616.8;900.9
2;29;6;4680.0;6711.2;7663.5;8138.8;8165.0;7143.8;1253.7
2;30;6;4937.0;6030.2;6654.0;7217.0;7277.0;6458.2;853.0
2;31;6;5011.0;5729.5;6590.0;7288.5;7767.0;6487.0;990.8
2;32;6;5399.0;5766.2;6757.5;7309.2;7353.0;6532.7;826.2
2;33;6;5286.0;5869.0;6859.0;7525.8;7630.0;6653.5;944.2
2;34;6;4730.0;5610.2;6614.0;7438.5;7609.0;6426.0;1109.9
2;35;6;5243.0;5860.0;6654.0;7530.5;7588.0;6592.8;958.6
2;36;6;5439.0;5679.8;6530.5;7335.5;7461.0;6493.5;871.2
2;37;6;5093.0;5725.5;6911.0;7279.0;7340.0;6497.8;912.3
2;38;6;4959.0;5196.5;6624.5;7394.8;7472.0;6342.0;1118.4
2;39;6;5152.0;5358.5;6298.5;7053.2;7128.0;6204.5;865.0
2;40;6;5246.0;5686.8;6229.5;6862.2;7221.0;6250.8;736.6
2;41;6;5410.0;5748.0;6375.5;6874.8;6937.0;6279.7;630.0
2;42;6;5031.0;5280.0;6087.5;6625.0;7023.0;6007.3;762.0
2;43;6;3910.0;5035.2;6160.5;7030.8;7050.0;5877.0;1230.0
2;44;6;5016.0;5560.2;6303.0;6884.5;7030.0;6173.8;787.7
2;45;6;4894.0;5522.5;6100.0;6731.5;6841.0;6034.5;741.1
2;46;6;4491.0;5131.8;6798.5;7530.0;7673.0;6351.8;1310.0
2;47;6;5083.0;5724.5;6207.5;6710.8;7113.0;6175.5;694.8
2;48;6;4277.0;5200.5;5487.0;7016.2;7584.0;5911.0;1211.8
2;49;6;4834.0;5494.2;5693.0;6803.0;7352.0;6028.8;907.5
2;50;6;5185.0;5534.8;5764.0;6733.5;7087.0;6052.5;734.8
2;51;6;4671.0;4733.8;5286.0;6617.5;6963.0;5636.2;986.0
2;52;6;4867.0;5143.8;5605.0;6325.0;6570.0;5700.3;668.5
2;53;6;5584.0;5655.8;5827.0;6697.2;7023.0;6141.2;610.1
2;54;6;4768.0;4879.0;5335.5;6321.5;6676.0;5582.0;782.1
2;55;6;5067.0;5233.5;5559.5;6129.2;6304.0;5655.7;491.6
2;56;6;5049.0;5078.5;5234.0;6564.8;7115.0;5777.8;904.1
2;57;6;4437.0;5378.2;5726.5;6575.8;7041.0;5842.0;886.3
2;58;6;4950.0;5242.8;5752.5;6821.0;7160.0;5977.5;878.3
2;59;6;4732.0;5202.5;5379.5;5944.2;6340.0;5517.8;550.8
2;60;6;4498.0;4519.2;4816.5;6043.0;6559.0;5260.3;874.8
2;61;6;3846.0;4502.2;5324.5;6365.0;6896.0;5388.5;1129.5
2;62;6;4488.0;5359.2;5536.5;5975.5;6401.0;5564.0;609.9
2;63;6;4875.0;4976.5;5091.5;5898.0;6152.0;5385.8;546.3
2;64;6;3927.0;4233.8;4823.0;5735.5;6062.0;4952.0;832.2
2;65;6;4523.0;5322.5;5752.0;6385.5;6581.0;5730.7;724.0
2;66;6;4456.0;4681.0;4693.5;6211.2;6760.0;5332.8;996.1
2;67;6;4065.0;4269.0;5085.0;6006.8;6193.0;5123.2;886.4
2;68;6;3595.0;5183.0;5239.0;5808.0;6068.0;5217.2;812.8
2;69;6;3721.0;4252.5;4903.5;5744.2;6034.0;4937.0;869.1
2;70;6;3774.0;4794.2;4903.5;5893.2;6363.0;5154.2;889.5
2;71;6;3671.0;4909.0;5145.0;5701.2;5973.0;5108.5;761.3
2;72;6;4166.0;4597.0;5365.0;6093.2;6279.0;5308.7;823.2
2;73;6;3809.0;4231.0;5197.0;5596.0;5727.0;4928.0;778.8
2;74;6;4557.0;4826.0;4856.0;5452.2;5652.0;5064.7;425.2
2;75;6;4294.0;4873.2;5005.0;5487.8;5690.0;5078.7;477.8
2;76;6;3510.0;4329.5;5048.0;5653.2;5821.0;4895.3;840.3
2;77;6;4740.0;4826.2;4992.5;5544.2;5902.0;5187.7;456.5
2;78;6;3685.0;4220.2;4692.0;5693.2;5905.0;4844.0;854.2
2;79;6;4263.0;4662.2;4923.5;5586.0;5836.0;5054.7;584.4
2;80;6;3648.0;4387.0;4683.5;5127.0;5753.0;4721.8;671.6
2;81;6;3789.0;3981.5;4733.0;5177.0;5743.0;4675.7;721.3
2;82;6;4206.0;4518.8;4994.5;5107.2;5501.0;4866.8;443.2
2;83;6;3697.0;4195.5;4937.0;5022.2;5562.0;4688.7;648.1
2;84;6;3543.0;3840.5;3974.0;4853.0;5468.0;4316.8;712.9
2;85;6;4406.0;4595.2;4972.5;5043.8;5474.0;4893.7;360.7
2;86;6;4074.0;4732.2;4837.0;5122.5;5595.0;4876.3;466.5
2;87;6;3808.0;4280.5;4779.0;4983.5;5427.0;4659.8;541.1
2;88;6;3588.0;4258.2;4763.0;5039.0;5447.0;4630.3;616.1
2;89;6;4255.0;4752.5;4870.0;4886.2;5418.0;4836.3;340.7
2;90;6;4147.0;4658.0;4761.5;4949.0;5448.0;4792.2;392.4
2;91;6;4274.0;4789.8;4979.5;5041.0;5541.0;4927.0;378.9
2;92;6;4608.0;4757.5;4907.5;5029.0;5470.0;4945.0;276.5
2;93;6;4261.0;4365.2;4690.5;4814.0;5458.0;4702.0;402.4
2;94;6;3469.0;4144.0;4432.5;4864.2;5492.0;4480.3;641.8
2;95;6;4034.0;4528.2;4824.0;4958.5;5460.0;4762.5;445.9
2;96;6;4469.0;4664.2;4843.5;4953.0;5458.0;4868.0;312.4
2;97;6;4912.0;4943.5;5060.5;5236.0;5747.0;5163.2;289.5
2;98;6;3792.0;4039.2;4735.0;5203.5;6064.0;4748.8;797.6
2;99;6;4076.0;4622.8;4759.0;4853.2;5621.0;4779.5;456.6
3;0;6;6261.0;7188.8;7784.0;7850.5;7990.0;7447.0;619.0
3;1;6;6321.0;6864.5;7521.0;7667.5;7900.0;7270.8;572.4
3;2;6;6272.0;7015.0;7743.5;7953.0;8382.0;7489.3;730.0
3;3;6;6072.0;6474.0;7389.5;7555.0;7598.0;7038.0;645.5
3;4;6;6218.0;6981.2;7732.0;7780.8;7922.0;7355.3;640.4
3;5;6;6138.0;6675.5;7604.5;7695.8;7776.0;7202.5;673.9
3;6;6;6097.0;7133.5;7641.5;7699.5;7718.0;7296.8;596.0
3;7;6;6057.0;6508.8;7444.0;7460.5;7625.0;7038.8;647.4
3;8;6;6058.0;6463.8;7210.5;7676.8;7849.0;7062.5;696.1
3;9;6;6322.0;7110.8;7640.5;7817.0;7989.0;7400.3;584.7
3;10;6;5751.0;6425.8;7278.5;7530.5;7785.0;6974.8;750.8
3;11;6;6101.0;6786.0;7411.0;7470.5;7642.0;7105.5;560.4
3;12;6;6099.0;6902.8;7304.5;7353.8;7472.0;7053.2;480.9
3;13;6;5513.0;6640.5;7312.5;7440.0;7858.0;6982.5;783.0
3;14;6;5961.0;6395.8;7309.5;7321.8;7582.0;6929.8;645.9
3;15;6;5993.0;6640.2;7311.0;7807.8;7973.0;7163.0;726.8
3;16;6;6132.0;6642.5;7499.5;7600.5;7642.0;7127.3;622.2
3;17;6;5925.0;6232.0;6809.5;7660.0;7918.0;6907.5;781.9
3;18;6;5914.0;6446.2;7058.5;8012.8;8619.0;7203.8;977.1
3;19;6;6444.0;6589.0;7032.5;7371.8;7425.0;6976.7;415.3
3;20;6;5788.0;6368.5;7142.5;7579.0;7733.0;6940.2;740.2
3;21;6;5429.0;5978.5;6708.0;7391.0;7418.0;6602.8;811.6
3;22;6;5668.0;6139.8;7101.5;8061.8;8086.0;7026.3;1054.6
3;23;6;6219.0;6353.0;7016.5;7500.0;7556.0;6933.5;589.4
3;24;6;5563.0;5894.8;6536.5;7165.5;7181.0;6478.8;696.0
3;25;6;5579.0;6039.2;6480.0;7037.8;7376.0;6505.2;645.2
3;26;6;5427.0;6001.2;6551.0;7211.0;7647.0;6570.8;784.1
3;27;6;5958.0;6049.8;6805.0;7798.0;7961.0;6909.3;872.7
3;28;6;5536.0;5919.2;7143.5;7980.8;8113.0;6951.2;1096.4
3;29;6;5794.0;6220.2;6794.0;7364.8;7718.0;6780.7;718.7
3;30;6;5644.0;6016.0;6793.0;7412.5;7700.0;6717.7;794.6
3;31;6;5421.0;5603.0;6702.5;7346.0;7397.0;6503.3;879.1
3;32;6;4329.0;5755.2;7112.5;7473.0;7538.0;6498.0;1219.1
3;33;6;5165.0;5623.2;6677.0;7747.2;7876.0;6628.5;1129.4
3;34;6;5170.0;5403.2;6445.0;7367.5;7813.0;6434.0;1080.9
3;35;6;5363.0;5474.8;6304.0;7339.5;7538.0;6398.7;956.4
3;36;6;4726.0;4945.2;6001.0;6804.0;7144.0;5922.8;999.8
3;37;6;5765.0;5997.5;6649.0;7272.0;7635.0;6659.7;715.1
3;38;6;4758.0;6393.8;6859.0;7140.5;7667.0;6602.7;926.5
3;39;6;4884.0;5595.5;6517.5;7006.0;7207.0;6263.8;876.1
3;40;6;4685.0;4979.0;6172.0;6888.0;6989.0;5954.3;981.1
3;41;6;4314.0;4812.2;6076.5;7108.2;7268.0;5929.7;1229.6
3;42;6;4764.0;5591.5;6705.5;7376.2;7405.0;6400.0;1044.5
3;43;6;5794.0;6185.0;6567.0;7351.8;7529.0;6688.0;667.8
3;44;6;4287.0;4810.5;6002.5;6910.2;7099.0;5836.2;1155.8
3;45;6;4967.0;5306.0;5922.0;6521.5;6584.0;5869.5;676.5
3;46;6;4836.0;5148.8;6057.5;6887.5;6955.0;5986.0;923.7
3;47;6;4705.0;5010.2;6129.0;6748.2;6945.0;5916.7;919.5
3;48;6;5184.0;5405.5;5723.5;6607.8;7182.0;6002.5;760.3
3;49;6;4726.0;5185.2;5428.5;6528.2;6891.0;5745.5;836.7
3;50;6;3798.0;3903.8;4842.5;6346.0;6670.0;5098.5;1246.3
3;51;6;4591.0;4915.2;5382.5;6432.5;6799.0;5616.2;865.5
3;52;6;3816.0;4390.5;5381.5;6816.5;7188.0;5520.3;1323.5
3;53;6;4063.0;4388.2;4767.5;6289.8;6969.0;5271.0;1146.4
3;54;6;4207.0;4591.2;5060.5;6127.5;6652.0;5316.3;933.3
3;55;6;4891.0;4977.5;5096.0;6362.8;7082.0;5648.0;910.9
3;56;6;4082.0;4241.0;4822.5;6115.0;6608.0;5154.7;1039.3
3;57;6;4668.0;5117.0;5384.0;6420.5;6759.0;5664.8;808.8
3;58;6;3635.0;4218.0;4760.0;5977.0;6454.0;5004.8;1056.4
3;59;6;4593.0;5001.0;5523.5;6294.2;6574.0;5598.7;750.6
3;60;6;4784.0;5026.5;5146.0;5737.2;6569.0;5427.7;622.4
3;61;6;4212.0;4467.8;5044.0;6040.2;6476.0;5237.3;889.0
3;62;6;4309.0;4916.0;5532.0;5935.0;6399.0;5425.3;714.3
3;63;6;3943.0;4560.5;5393.0;5970.5;6256.0;5238.5;851.8
3;64;6;3687.0;4322.2;4896.5;5598.2;6227.0;4945.0;871.8
3;65;6;4928.0;5007.8;5215.0;5800.2;6004.0;5382.7;440.8
3;66;6;3809.0;4188.0;5022.0;5756.2;6220.0;4997.3;905.3
3;67;6;3546.0;4821.8;5151.5;5974.0;6273.0;5180.3;926.8
3;68;6;4470.0;4823.0;4910.0;5771.8;6068.0;5201.8;623.4
3;69;6;4252.0;4926.8;5198.0;5857.8;6235.0;5299.5;681.0
3;70;6;3442.0;4829.0;5238.5;5732.8;5902.0;5068.5;835.9
3;71;6;4647.0;4953.0;5271.5;5851.0;6034.0;5352.5;522.5
3;72;6;3887.0;4364.2;4855.0;5606.0;6103.0;4959.5;790.2
3;73;6;4142.0;4797.0;5054.0;5749.8;6165.0;5184.7;690.5
3;74;6;3462.0;4093.8;5057.5;5774.5;5995.0;4893.0;977.8
3;75;6;3613.0;4073.8;4714.0;5598.0;5988.0;4797.0;885.7
3;76;6;3899.0;4624.0;4835.0;5494.5;5708.0;4924.2;629.2
3;77;6;4226.0;4958.8;5415.5;5728.2;5866.0;5260.3;574.6
3;78;6;3988.0;4388.5;4731.0;5120.0;6090.0;4844.0;677.4
3;79;6;3676.0;4342.5;4739.0;5125.0;6200.0;4803.0;794.0
3;80;6;3648.0;4895.0;5238.5;5433.5;6868.0;5212.0;951.5
3;81;6;4514.0;4807.2;5139.5;5263.2;6341.0;5189.2;582.9
3;82;6;4397.0;4524.0;4637.5;4758.5;5791.0;4791.3;464.5
3;83;6;4068.0;4404.2;4715.5;5029.0;5909.0;4807.0;600.2
3;84;6;3758.0;3895.5;4264.5;4762.5;5557.0;4424.2;641.5
3;85;6;3794.0;4534.8;4580.0;4709.2;5893.0;4686.5;619.7
3;86;6;3951.0;4023.8;4387.5;4820.2;5389.0;4497.0;530.5
3;87;6;4330.0;4500.0;4853.0;4901.5;5608.0;4824.0;420.2
3;88;6;4300.0;4537.0;4599.0;4688.8;5348.0;4680.2;324.3
3;89;6;3703.0;3785.0;4152.5;4464.5;5444.0;4280.5;599.7
3;90;6;4113.0;4452.8;4800.5;5003.5;5858.0;4830.0;554.8
3;91;6;3950.0;4180.8;4731.0;5072.8;5604.0;4700.0;588.1
3;92;6;3892.0;4475.8;4574.0;4787.0;5685.0;4671.0;537.4
3;93;6;3816.0;4431.2;4788.5;5124.8;5641.0;4763.8;585.8
3;94;6;3791.0;4035.2;4304.5;4765.8;5700.0;4494.2;640.0
3;95;6;3271.0;3870.5;4404.5;4778.0;5896.0;4428.5;837.0
3;96;6;3438.0;4558.5;4963.5;5041.5;6114.0;4828.3;799.4
3;97;6;4199.0;4587.8;4753.5;4902.0;6309.0;4916.5;665.2
3;98;6;4501.0;4601.2;4864.5;5072.2;6238.0;5020.5;588.4
3;99;6;4291.0;4534.0;4735.5;5090.8;6012.0;4908.3;566.6
4;0;6;6421.0;6816.0;7649.0;7734.2;8136.0;7359.3;638.5
4;1;6;6340.0;6552.5;7147.0;7223.2;7491.0;6954.7;439.1
4;2;6;6628.0;7048.8;7626.0;7678.2;7753.0;7364.2;445.5
4;3;6;6366.0;7204.5;7844.5;7941.5;7991.0;7501.8;607.1
4;4;6;5989.0;6887.8;7554.0;7630.0;7886.0;7217.3;668.1
4;5;6;6029.0;6808.0;7281.0;7298.0;7426.0;6995.2;499.1
4;6;6;6322.0;7031.2;7342.0;7588.2;7948.0;7258.7;519.5
4;7;6;6102.0;6432.2;7222.5;7337.0;7514.0;6934.2;566.3
4;8;6;6348.0;7019.2;7657.0;7750.2;8109.0;7393.2;606.7
4;9;6;5967.0;6328.0;6989.0;7274.2;7696.0;6853.0;622.7
4;10;6;6093.0;6683.0;7334.5;7443.0;7489.0;7032.7;542.4
4;11;6;6087.0;6711.2;7308.5;7740.0;7907.0;7167.8;659.1
4;12;6;6258.0;6650.5;7777.0;7967.5;8192.0;7385.0;795.6
4;13;6;6517.0;7217.8;7811.0;8079.5;8530.0;7643.0;672.4
4;14;6;6044.0;6532.0;7724.0;8172.0;8493.0;7406.8;958.3
4;15;6;6461.0;7317.5;7924.0;8068.5;8350.0;7648.5;650.0
4;16;6;6061.0;6655.2;7503.5;8006.8;8091.0;7284.3;785.8
4;17;6;6194.0;6469.8;7213.0;8038.0;8233.0;7231.3;858.0
4;18;6;6038.0;6197.2;7379.0;8396.5;8551.0;7314.3;1103.4
4;19;6;5257.0;5820.0;6762.0;7595.2;7884.0;6674.0;1027.5
4;20;6;5293.0;6239.2;7505.5;8147.8;8182.0;7110.8;1140.3
4;21;6;5782.0;6095.0;6994.5;8110.0;8300.0;7058.0;1063.9
4;22;6;6091.0;6437.2;7271.0;7791.2;7924.0;7113.5;739.2
4;23;6;5824.0;6170.8;6728.0;7161.5;7343.0;6652.3;583.0
4;24;6;5577.0;6296.2;6892.0;7685.8;7895.0;6884.0;859.4
4;25;6;5372.0;5732.0;6533.0;7419.5;7839.0;6576.2;975.1
4;26;6;5460.0;5559.8;6528.0;7419.0;7495.0;6494.0;928.0
4;27;6;5215.0;5641.5;6611.5;7211.8;7575.0;6457.2;898.4
4;28;6;5541.0;5782.8;6738.0;7406.8;7485.0;6599.3;840.7
4;29;6;4299.0;5283.5;6384.0;6988.8;7425.0;6099.8;1125.0
4;30;6;4771.0;5664.2;6283.5;6992.0;7191.0;6202.5;874.3
4;31;6;4567.0;5844.0;6734.0;7096.8;7406.0;6367.7;987.0
4;32;6;4257.0;4635.8;5780.5;6391.2;6474.0;5523.5;934.8
4;33;6;4161.0;4769.0;5596.0;6075.8;6403.0;5414.2;815.0
4;34;6;5003.0;5284.5;5856.5;6100.0;6231.0;5703.7;475.9
4;35;6;4320.0;5206.5;5590.0;5983.2;6159.0;5475.3;634.0
4;36;6;4084.0;5306.8;5975.0;6362.8;6395.0;5667.5;833.5
4;37;6;4870.0;5131.0;5505.5;5812.5;5943.0;5457.5;410.7
4;38;6;3892.0;4258.0;5368.0;5868.2;5889.0;5073.3;853.0
4;39;6;4606.0;4998.0;5485.5;5913.0;5942.0;5401.7;538.9
4;40;6;4425.0;5176.8;5479.0;5677.0;5910.0;5352.0;488.2
4;41;6;4079.0;4960.8;5318.0;5701.5;5846.0;5205.3;608.2
4;42;6;4187.0;5376.2;5630.0;5774.2;5779.0;5390.0;563.1
4;43;6;4431.0;4941.8;5575.0;5709.5;5725.0;5298.5;511.7
4;44;6;3896.0;4777.0;5383.0;5789.5;5851.0;5168.8;712.0
4;45;6;4969.0;5243.0;5661.0;6043.0;6074.0;5606.5;449.0
4;46;6;3889.0;4888.5;5315.5;5680.2;5810.0;5146.3;665.0
4;47;6;4066.0;4915.8;5690.5;5993.5;6124.0;5387.2;754.7
4;48;6;3956.0;4532.2;5340.5;5997.2;6348.0;5244.0;882.7
4;49;6;3677.0;4292.2;5199.0;5559.8;5728.0;4912.2;789.9
4;50;6;3933.0;4319.8;4701.0;5615.5;5914.0;4893.7;756.7
4;51;6;5085.0;5198.5;5261.0;5660.2;5796.0;5395.7;283.7
4;52;6;3664.0;4165.8;4690.5;5573.8;5926.0;4805.0;847.3
4;53;6;3707.0;4062.5;4432.0;5319.8;5537.0;4610.5;714.0
4;54;6;3327.0;3818.5;3968.5;5198.5;5604.0;4374.2;891.4
4;55;6;4517.0;4755.8;5052.0;5409.8;5554.0;5060.2;383.7
4;56;6;3770.0;4221.2;4696.5;5441.8;5605.0;4753.5;697.8
4;57;6;3830.0;4201.0;4586.5;5431.0;5616.0;4734.0;698.1
4;58;6;3897.0;4441.5;4651.5;5266.5;5503.0;4757.7;573.9
4;59;6;4144.0;4637.8;4900.5;5507.5;5678.0;4980.5;557.0
4;60;6;4284.0;4616.0;4926.5;5311.2;5523.0;4935.3;447.2
4;61;6;3887.0;4416.8;4814.5;5379.5;5554.0;4820.3;605.7
4;62;6;3647.0;4091.2;4656.5;5548.0;5816.0;4754.0;826.6
4;63;6;4266.0;4609.5;4986.0;5370.8;5469.0;4948.3;449.2
4;64;6;4332.0;4716.0;4948.0;5503.2;5710.0;5044.2;498.9
4;65;6;3673.0;4465.8;4745.0;5397.0;5555.0;4784.2;660.6
4;66;6;4087.0;4421.8;4917.0;5362.8;5638.0;4887.8;574.5
4;67;6;4905.0;5001.2;5065.5;5473.2;5716.0;5223.5;316.7
4;68;6;3676.0;4018.5;4751.0;5632.0;5839.0;4786.2;859.7
4;69;6;4750.0;4756.2;5017.5;5501.5;5659.0;5129.3;391.0
4;70;6;4533.0;4858.8;4937.5;5413.8;5618.0;5071.8;392.4
4;71;6;3961.0;4181.0;5070.0;5686.0;5782.0;4943.2;766.7
4;72;6;3943.0;4327.8;5126.0;5554.5;5819.0;4962.2;723.5
4;73;6;4278.0;4623.0;4846.0;5545.2;5787.0;5014.0;572.6
4;74;6;4203.0;4699.5;5023.0;5488.2;5711.0;5032.5;526.5
4;75;6;4564.0;4809.8;5191.0;5565.5;5749.0;5178.0;441.3
4;76;6;3745.0;4709.0;5158.5;5493.2;5605.0;4971.8;644.7
4;77;6;3893.0;4275.5;4839.5;5465.0;5641.0;4829.0;670.3
4;78;6;3876.0;4082.8;4315.0;4692.0;5807.0;4522.7;643.4
4;79;6;3920.0;4403.5;4511.5;4871.5;5545.0;4641.2;508.1
4;80;6;4427.0;4600.8;4635.0;4833.5;5527.0;4785.5;358.6
4;81;6;4067.0;4247.2;4506.0;4740.0;5859.0;4652.8;590.9
4;82;6;3687.0;3782.0;4206.5;4951.2;5755.0;4449.2;763.8
4;83;6;3755.0;3976.0;4418.5;4483.8;5876.0;4467.0;694.9
4;84;6;3605.0;3973.2;4229.5;4876.5;5724.0;4461.3;717.9
4;85;6;4235.0;4636.0;4841.0;5025.8;5662.0;4872.3;439.2
4;86;6;3746.0;4243.5;4353.0;4764.8;5526.0;4514.5;561.7
4;87;6;4210.0;4359.0;4576.5;4656.0;5709.0;4673.5;491.2
4;88;6;3711.0;4241.2;4634.0;5101.0;5807.0;4692.2;684.3
4;89;6;3883.0;4192.8;4736.0;5076.8;5692.0;4708.2;620.6
4;90;6;3788.0;3992.5;4289.0;4747.5;5751.0;4485.2;666.2
4;91;6;3456.0;3884.8;4489.5;5247.2;5795.0;4568.8;848.0
4;92;6;3863.0;3967.0;4331.0;4917.8;5576.0;4510.0;625.0
4;93;6;3955.0;4481.2;4685.0;4882.0;5540.0;4704.3;482.0
4;94;6;3559.0;3887.8;4421.0;4756.2;5505.0;4414.0;653.2
4;95;6;3841.0;4438.8;4643.5;4747.0;5406.0;4614.3;466.5
4;96;6;3691.0;3841.8;4501.5;5024.8;5494.0;4501.5;680.8
4;97;6;3926.0;4315.5;4493.5;4772.0;5650.0;4614.0;541.5
4;98;6;3815.0;4113.8;4332.5;4645.0;5442.0;4452.0;523.9
4;99;6;3834.0;3887.8;3972.0;4178.5;5392.0;4212.8;542.9
5;0;6;6360.0;6884.0;7690.0;7719.8;7858.0;7323.8;597.4
5;1;6;6206.0;7059.0;7711.0;7754.0;8065.0;7383.8;645.0
5;2;6;6429.0;6867.0;7270.0;7356.5;7456.0;7090.5;375.9
5;3;6;6406.0;7231.0;7524.0;7682.0;7803.0;7354.2;471.6
5;4;6;6472.0;6737.8;7274.0;7309.2;8150.0;7175.0;556.7
5;5;6;6027.0;6607.8;7306.0;7397.5;7498.0;6990.0;568.8
5;6;6;6147.0;6838.0;7187.0;7350.8;7709.0;7059.5;502.9
5;7;6;6261.0;6860.5;7622.5;7687.8;7838.0;7276.7;604.1
5;8;6;6439.0;6917.0;7325.5;7563.0;7640.0;7192.2;436.4
5;9;6;5862.0;6645.8;7511.0;7692.2;7915.0;7151.5;752.9
5;10;6;6004.0;6634.8;7397.0;7701.8;7751.0;7122.2;673.4
5;11;6;5956.0;6610.5;7626.0;7756.5;7850.0;7188.3;764.3
5;12;6;6152.0;6466.0;7215.0;7553.8;7719.0;7030.7;616.9
5;13;6;5906.0;6621.8;7797.5;7838.5;8210.0;7298.8;884.0
5;14;6;5871.0;6733.2;7944.0;8193.2;8370.0;7455.8;969.6
5;15;6;6235.0;7094.2;7545.0;7632.8;8013.0;7324.0;577.3
5;16;6;6130.0;6614.8;7558.0;7830.8;8201.0;7278.2;775.9
5;17;6;5753.0;6189.8;6951.0;7857.8;8092.0;6973.8;924.6
5;18;6;6208.0;6365.8;6915.5;7515.5;7643.0;6930.0;595.9
5;19;6;5820.0;6378.8;7046.5;7482.5;7674.0;6895.2;687.0
5;20;6;5565.0;5879.8;6988.0;7479.0;7541.0;6705.8;842.4
5;21;6;6059.0;6307.5;6782.5;7934.8;8251.0;7057.2;890.1
5;22;6;5714.0;6181.5;6877.0;7619.0;7755.0;6839.8;801.1
5;23;6;6197.0;6314.0;6865.0;7832.2;8189.0;7066.8;812.7
5;24;6;4433.0;6096.0;7232.5;8013.5;8155.0;6840.7;1356.3
5;25;6;6358.0;6742.2;7516.5;8191.0;8291.0;7430.3;799.3
5;26;6;5099.0;5856.8;7027.0;7682.0;7780.0;6716.7;1059.7
5;27;6;5025.0;5617.5;6822.0;7709.2;7877.0;6627.8;1148.3
5;28;6;5526.0;5782.0;6600.0;7662.5;7825.0;6679.5;973.3
5;29;6;5205.0;6466.2;7162.0;8025.8;8332.0;7068.2;1098.3
5;30;6;5264.0;5552.2;6522.0;7320.0;7658.0;6463.5;981.7
5;31;6;5549.0;6051.8;6878.5;7483.2;7559.0;6721.0;813.9
5;32;6;4593.0;4880.5;6368.5;7132.8;7260.0;6060.3;1154.3
5;33;6;4477.0;4531.0;5700.5;6963.8;7551.0;5825.8;1315.0
5;34;6;4403.0;5262.2;6256.5;6926.8;7175.0;6028.7;1024.0
5;35;6;4936.0;5326.0;6238.5;6786.5;6919.0;6053.8;807.6
5;36;6;4269.0;4473.5;5495.0;6525.5;6635.0;5482.7;1073.7
5;37;6;3482.0;4902.5;5575.5;6483.2;6926.0;5503.8;1188.0
5;38;6;4525.0;5106.8;6418.5;7167.0;7467.0;6152.5;1163.0
5;39;6;4310.0;5500.5;6425.5;7186.2;7316.0;6184.8;1126.4
5;40;6;3733.0;4053.0;5074.5;5938.5;6418.0;5039.8;1046.9
5;41;6;4093.0;4535.2;5884.0;6506.0;6532.0;5532.0;1043.6
5;42;6;4387.0;4813.2;5489.5;6195.0;6334.0;5453.0;787.7
5;43;6;4137.0;4756.5;5448.0;5991.8;6343.0;5345.8;794.6
5;44;6;4055.0;4558.5;5441.5;5880.5;5903.0;5188.7;747.8
5;45;6;4112.0;4459.8;5363.5;6023.5;6058.0;5216.5;832.9
5;46;6;3895.0;4239.5;5017.0;5922.0;6027.0;5026.7;909.5
5;47;6;3983.0;4421.0;5219.0;5585.0;5591.0;4979.0;659.5
5;48;6;4552.0;4798.2;5169.0;5522.5;5660.0;5144.2;424.3
5;49;6;4350.0;4714.5;4973.5;5419.2;5557.0;5008.3;440.6
5;50;6;3700.0;3926.8;4649.5;5565.0;5711.0;4711.0;841.7
5;51;6;3883.0;4214.5;4407.5;5322.8;5617.0;4682.2;682.7
5;52;6;3536.0;4045.5;4840.5;5399.2;5524.0;4684.5;768.4
5;53;6;3681.0;3817.8;4455.0;5399.8;5608.0;4586.5;813.4
5;54;6;3296.0;4207.2;4846.5;5490.2;5597.0;4714.2;835.7
5;55;6;3697.0;3973.5;4237.5;5133.0;5465.0;4492.3;695.1
5;56;6;4384.0;4734.5;5081.0;5343.5;5553.0;5024.8;411.3
5;57;6;3936.0;4746.2;4903.0;5359.0;5530.0;4912.8;537.5
5;58;6;3739.0;4350.8;4660.5;5292.0;5482.0;4715.3;620.5
5;59;6;4089.0;4532.2;4784.5;5357.8;5537.0;4865.3;528.2
5;60;6;3587.0;4349.5;4710.5;5348.2;5468.0;4711.0;673.2
5;61;6;4058.0;4704.0;4889.0;5273.5;5360.0;4873.3;448.4
5;62;6;4132.0;4356.0;4593.0;5339.2;5552.0;4789.2;564.5
5;63;6;3790.0;3942.2;4549.5;5227.2;5379.0;4576.8;656.6
5;64;6;3898.0;3987.0;4492.5;5337.0;5480.0;4633.3;686.7
5;65;6;3669.0;4066.0;4816.5;5228.0;5390.0;4645.5;677.9
5;66;6;3576.0;3965.5;4846.5;5507.8;5669.0;4723.0;832.8
5;67;6;4609.0;4827.5;4953.5;5259.5;5373.0;5006.0;278.5
5;68;6;4085.0;4127.5;4563.5;5208.0;5321.0;4656.3;540.9
5;69;6;3600.0;4358.2;4764.0;5289.8;5401.0;4702.8;639.2
5;70;6;3492.0;4015.5;4274.5;5129.0;5390.0;4462.3;703.4
5;71;6;3561.0;4342.2;4513.0;5137.5;5340.0;4593.0;615.1
5;72;6;3816.0;3923.5;4167.0;5246.0;5605.0;4533.8;755.5
5;73;6;3975.0;4225.8;4869.5;5370.8;5597.0;4810.0;638.2
5;74;6;3805.0;4191.5;4440.5;5167.2;5370.0;4595.7;590.0
5;75;6;3888.0;4307.0;5080.0;5683.5;5949.0;4988.5;787.3
5;76;6;3521.0;4138.8;4620.0;5538.5;5779.0;4727.2;844.9
5;77;6;3315.0;3890.8;4478.0;5345.0;5494.0;4515.7;843.5
5;78;6;3576.0;3907.0;4961.0;5329.5;5444.0;4658.3;785.3
5;79;6;3637.0;4165.8;4840.0;4997.5;5414.0;4620.3;624.4
5;80;6;3822.0;4384.2;4675.5;4817.5;5591.0;4652.7;537.5
5;81;6;3625.0;3936.5;4012.5;4081.0;5427.0;4182.0;576.7
5;82;6;3745.0;3944.8;4510.5;4791.2;5401.0;4468.0;580.4
5;83;6;3923.0;4372.2;4571.5;4950.0;5478.0;4654.3;500.0
5;84;6;3539.0;3903.2;4572.0;4899.5;5485.0;4476.2;677.3
5;85;6;3908.0;4036.8;4478.5;5104.0;5459.0;4587.7;601.6
5;86;6;3516.0;3890.0;4497.5;5006.0;5452.0;4471.0;700.1
5;87;6;3613.0;3812.5;4659.0;4988.0;5450.0;4501.5;697.7
5;88;6;3897.0;4401.5;4914.0;5072.5;5434.0;4752.5;523.8
5;89;6;3782.0;3936.5;4473.5;4922.8;5374.0;4488.8;591.5
5;90;6;3760.0;3903.8;4056.5;4467.2;5640.0;4328.3;642.5
5;91;6;3776.0;4096.5;4370.5;4601.0;5418.0;4436.3;521.5
5;92;6;3548.0;4089.5;4230.5;4599.5;5498.0;4378.7;605.1
5;93;6;3699.0;4061.5;4461.5;5053.5;5674.0;4579.2;682.0
5;94;6;3800.0;4207.0;4502.0;4742.2;5471.0;4534.3;525.7
5;95;6;4019.0;4263.0;4794.5;5425.8;5792.0;4853.7;690.9
5;96;6;3916.0;4426.0;4601.5;4936.8;5507.0;4673.7;499.1
5;97;6;3543.0;4573.8;4798.5;4850.0;5636.0;4690.3;619.3
5;98;6;3537.0;3927.2;4298.5;4824.2;5501.0;4406.3;668.2
5;99;6;3986.0;3999.8;4361.0;5083.8;5509.0;4570.2;618.3
6;0;6;6242.0;6908.8;7449.5;7494.5;7551.0;7155.0;492.3
6;1;6;5873.0;6840.2;7254.5;7379.2;7684.0;7031.5;593.0
6;2;6;6293.0;6854.0;7493.5;7632.8;7831.0;7238.5;559.6
6;3;6;6021.0;7652.5;8258.5;8350.0;8421.0;7798.3;858.5
6;4;6;6022.0;6588.2;7129.5;7291.2;7418.0;6908.7;511.6
6;5;6;6262.0;6747.0;7564.5;7731.8;7768.0;7236.8;613.1
6;6;6;6271.0;6775.0;7352.5;7416.2;7502.0;7083.0;470.9
6;7;6;5564.0;6959.0;7519.0;8097.0;8366.0;7338.3;956.8
6;8;6;5894.0;6806.8;7247.0;7287.5;7601.0;6991.7;563.2
6;9;6;6296.0;6906.2;7586.0;7725.0;7782.0;7283.5;573.9
6;10;6;6042.0;6696.8;7674.5;7751.5;7984.0;7253.8;748.2
6;11;6;6299.0;7201.8;7538.0;7552.5;7767.0;7298.2;489.9
6;12;6;5883.0;6394.2;7307.5;7663.5;7796.0;7027.7;751.3
6;13;6;5292.0;6192.5;7143.5;7172.0;7185.0;6636.8;763.2
6;14;6;6321.0;7049.2;7482.5;7635.2;8048.0;7320.8;557.2
6;15;6;6303.0;6811.2;7932.5;8038.2;8086.0;7460.8;767.1
6;16;6;6468.0;6887.2;7678.5;8123.2;8240.0;7493.3;695.9
6;17;6;5601.0;6098.8;6703.0;7248.0;7350.0;6614.0;671.0
6;18;6;6201.0;6479.8;6965.0;7418.8;7566.0;6930.8;546.2
6;19;6;5795.0;6031.8;7363.0;8359.8;8574.0;7229.2;1205.9
6;20;6;6191.0;6349.5;7086.5;8065.0;8385.0;7207.3;909.9
6;21;6;5761.0;6467.5;6902.0;7197.0;7603.0;6797.7;606.8
6;22;6;6149.0;6504.2;7006.5;7490.8;7655.0;6967.7;570.8
6;23;6;5901.0;6248.5;6805.0;7339.8;7400.0;6748.7;603.5
6;24;6;5806.0;5921.2;6585.5;7155.2;7439.0;6576.8;672.8
6;25;6;5018.0;5977.8;7012.0;7531.8;7562.0;6657.0;977.5
6;26;6;5478.0;6381.0;7449.0;7920.8;7940.0;7069.8;959.7
6;27;6;5085.0;5824.0;7158.0;7947.5;8000.0;6831.8;1180.7
6;28;6;5873.0;6512.8;6815.0;7143.5;7180.0;6724.7;471.0
6;29;6;5832.0;6210.0;6845.0;7438.8;7460.0;6769.5;687.2
6;30;6;4747.0;5449.8;6326.5;7061.5;7216.0;6180.0;949.7
6;31;6;4646.0;5962.8;6692.0;7139.2;7353.0;6398.5;945.2
6;32;6;4199.0;4990.8;6386.0;6889.5;6959.0;5918.8;1110.7
6;33;6;4802.0;5834.5;6246.0;6577.2;6765.0;6074.0;670.1
6;34;6;4159.0;5783.5;6314.5;6882.2;7138.0;6100.7;1016.7
6;35;6;4300.0;5262.5;6109.5;6727.8;6846.0;5879.8;947.0
6;36;6;4312.0;4872.8;6285.0;6933.8;7038.0;5912.0;1121.2
6;37;6;4317.0;5429.0;6779.5;7524.0;7694.0;6386.8;1285.9
6;38;6;4801.0;5766.0;6590.0;7417.8;7441.0;6434.5;1040.1
6;39;6;3788.0;5104.2;6310.0;7156.5;7494.0;6007.2;1358.7
6;40;6;4413.0;5451.0;6371.0;7275.2;7416.0;6215.3;1118.0
6;41;6;4075.0;5409.5;6271.5;7192.8;7719.0;6159.8;1251.2
6;42;6;4242.0;4707.8;5973.5;6722.5;7005.0;5742.0;1110.4
6;43;6;4954.0;5302.5;6174.5;6947.5;7001.0;6086.8;864.7
6;44;6;4589.0;6096.8;6509.0;6874.0;7219.0;6296.8;856.9
6;45;6;5567.0;5877.5;6385.5;6943.8;7042.0;6369.7;591.6
6;46;6;4447.0;4610.8;5897.5;6701.2;6759.0;5692.0;1049.8
6;47;6;3918.0;5096.8;6072.5;6298.2;6664.0;5645.3;962.0
6;48;6;4651.0;5379.8;5747.5;6717.5;7153.0;5932.8;887.6
6;49;6;4824.0;5113.2;5314.0;6742.5;7221.0;5823.0;993.3
6;50;6;5393.0;5540.5;5607.0;6312.5;6572.0;5874.2;486.5
6;51;6;4271.0;4569.8;5156.5;6493.2;7007.0;5484.0;1098.1
6;52;6;4133.0;4774.0;5286.0;6223.2;6504.0;5391.3;874.4
6;53;6;4069.0;4889.2;5036.0;5654.5;5913.0;5125.8;623.4
6;54;6;4452.0;4752.2;5208.5;5883.8;6001.0;5263.2;617.6
6;55;6;3951.0;4219.2;4425.5;5514.5;5978.0;4801.3;799.1
6;56;6;4048.0;4377.8;4516.5;5661.0;6011.0;4911.0;793.9
6;57;6;3499.0;3972.0;4185.0;5504.2;5956.0;4611.7;968.6
6;58;6;3608.0;4045.5;4600.5;5402.2;5663.0;4667.0;786.6
6;59;6;3749.0;4092.2;4349.0;5377.5;5731.0;4650.8;782.7
6;60;6;3739.0;3949.2;4674.0;5580.2;5795.0;4745.3;843.3
6;61;6;4004.0;4157.2;4595.0;5676.2;6121.0;4893.8;854.1
6;62;6;4017.0;4173.0;4659.0;5664.8;5981.0;4887.8;802.8
6;63;6;3460.0;4159.5;4292.0;5374.8;5741.0;4606.0;844.1
6;64;6;3858.0;4032.5;4489.0;5409.0;5801.0;4705.5;768.9
6;65;6;4214.0;4588.5;5216.5;5676.5;5836.0;5115.3;624.9
6;66;6;3752.0;4134.5;4350.0;5523.2;5929.0;4726.3;854.7
6;67;6;3502.0;3949.2;4686.5;5747.0;5947.0;4771.0;974.8
6;68;6;3711.0;4805.5;5099.0;5601.0;5864.0;5041.5;712.3
6;69;6;4345.0;4429.2;4684.0;5567.2;5831.0;4958.3;631.8
6;70;6;3756.0;4130.2;4890.5;5741.5;5980.0;4903.2;871.8
6;71;6;4646.0;4728.0;4912.5;5437.5;5638.0;5064.7;401.8
6;72;6;4004.0;4513.2;4910.5;5379.8;5541.0;4880.5;560.2
6;73;6;4144.0;4656.8;4979.5;5572.2;5887.0;5051.5;609.3
6;74;6;4260.0;4652.5;4976.0;5620.5;5840.0;5072.0;583.9
6;75;6;3989.0;4717.0;4997.5;5451.2;5575.0;4964.2;548.2
6;76;6;4369.0;4471.0;4902.5;5468.2;5596.0;4959.0;509.6
6;77;6;4137.0;4950.8;5067.0;5460.0;5802.0;5096.0;531.5
6;78;6;3941.0;4369.5;4873.5;5403.8;5479.0;4824.8;592.7
6;79;6;3942.0;4030.2;4123.0;5001.8;5542.0;4504.0;651.0
6;80;6;4252.0;4426.5;4519.0;5159.8;5649.0;4784.7;523.3
6;81;6;4176.0;4574.8;4901.5;5257.5;5593.0;4902.3;481.1
6;82;6;3943.0;4287.8;4670.0;5000.5;5588.0;4690.3;544.9
6;83;6;4130.0;4652.2;4732.0;4989.5;5498.0;4798.8;417.9
6;84;6;3883.0;4384.0;4753.5;5095.2;5574.0;4739.0;553.7
6;85;6;4491.0;4663.8;4763.0;4848.0;5682.0;4867.7;383.0
6;86;6;3953.0;4670.0;4863.0;4966.8;5550.0;4806.0;476.0
6;87;6;3747.0;4097.0;4813.5;5203.8;5625.0;4698.5;682.9
6;88;6;3592.0;4386.5;4500.0;5045.5;5623.0;4631.8;647.7
6;89;6;4464.0;4684.0;4838.5;4885.0;5671.0;4890.8;378.6
6;90;6;3925.0;4141.2;4450.5;4854.2;5547.0;4566.7;551.3
6;91;6;4206.0;4553.2;4984.5;5319.8;5737.0;4958.8;525.9
6;92;6;4322.0;4389.2;4686.5;5040.0;5500.0;4773.8;436.5
6;93;6;3853.0;4139.8;4321.5;4675.0;5586.0;4492.3;564.7
6;94;6;3566.0;4263.0;4938.0;5178.8;5716.0;4742.5;719.7
6;95;6;4119.0;4303.5;4659.5;5002.8;5709.0;4741.5;551.9
6;96;6;3650.0;3800.5;4390.5;5050.2;5610.0;4485.8;739.2
6;97;6;4150.0;4542.0;4838.5;5158.2;5797.0;4888.7;532.8
6;98;6;4650.0;5108.5;5195.0;5454.8;6019.0;5280.0;420.5
6;99;6;4298.0;4658.2;4899.5;5041.0;5704.0;4911.2;434.8
7;0;6;6438.0;6780.5;7454.5;7611.8;8355.0;7320.3;654.1
7;1;6;6373.0;6727.5;7788.0;8069.2;8179.0;7444.2;761.9
7;2;6;6452.0;6787.8;7255.5;7289.8;7399.0;7049.2;365.2
7;3;6;6480.0;6712.0;7341.0;7451.0;7896.0;7174.7;512.9
7;4;6;6295.0;6675.0;7157.0;7276.8;7417.0;6976.2;413.1
7;5;6;5979.0;6567.8;7507.5;7637.2;7688.0;7102.8;698.6
7;6;6;6516.0;6708.5;7298.5;7516.5;7699.0;7152.2;463.6
7;7;6;6472.0;6955.5;8148.5;8357.5;8416.0;7695.0;833.6
7;8;6;6192.0;6683.2;7115.5;7471.2;7787.0;7056.5;550.2
7;9;6;6039.0;6822.2;7503.0;7617.5;7766.0;7177.0;629.9
7;10;6;5826.0;7199.5;8056.0;8254.0;8270.0;7573.7;904.1
7;11;6;5937.0;6366.8;7513.5;7717.5;7782.0;7086.0;801.4
7;12;6;5697.0;7004.8;7832.5;8101.5;8263.0;7424.2;920.4
7;13;6;6180.0;6602.5;7423.0;7492.0;7762.0;7105.3;609.0
7;14;6;6134.0;6574.5;7186.5;7299.0;7326.0;6923.3;475.3
7;15;6;5761.0;6500.2;7426.5;7533.8;7758.0;7022.2;757.1
7;16;6;6175.0;6696.0;7166.5;7253.0;7312.0;6940.2;425.1
7;17;6;6552.0;6658.8;7096.5;7926.5;8131.0;7265.3;665.4
7;18;6;5729.0;6261.0;6977.5;7691.8;7818.0;6909.0;808.5
7;19;6;5828.0;6037.2;6689.0;7166.8;7322.0;6612.3;602.0
7;20;6;6146.0;6395.2;6757.0;7142.0;7433.0;6773.0;472.1
7;21;6;6086.0;6363.2;6827.0;7336.5;7427.0;6813.7;540.2
7;22;6;5196.0;6407.2;7115.0;7529.5;7799.0;6844.0;897.1
7;23;6;6012.0;6179.8;7233.5;8181.5;8448.0;7208.8;1060.2
7;24;6;5732.0;6052.5;6573.0;7154.2;7431.0;6589.3;643.2
7;25;6;5171.0;6252.2;6945.5;7577.2;7930.0;6800.2;965.5
7;26;6;5690.0;5873.8;6500.5;7083.0;7518.0;6525.2;713.5
7;27;6;5549.0;6445.2;7094.5;7515.8;8206.0;6971.5;867.6
7;28;6;5125.0;5766.8;7058.0;8003.5;8159.0;6842.5;1246.8
7;29;6;5242.0;5773.0;6783.5;7692.8;7922.0;6693.8;1071.5
7;30;6;4917.0;6023.2;7062.0;7741.5;7895.0;6763.5;1103.6
7;31;6;5173.0;5653.2;6231.5;6857.0;7449.0;6268.5;804.3
7;32;6;5379.0;5733.5;6890.5;7800.8;7906.0;6753.0;1083.8
7;33;6;6002.0;6147.8;6719.0;7208.5;7520.0;6714.8;598.1
7;34;6;4657.0;5325.8;6685.5;7452.8;7737.0;6391.0;1204.5
7;35;6;3969.0;5155.2;6642.0;7060.0;7103.0;6035.8;1229.7
7;36;6;4199.0;4801.8;6491.0;7149.0;7261.0;6008.2;1278.7
7;37;6;5196.0;5267.8;6109.0;7002.0;7299.0;6166.7;907.0
7;38;6;4943.0;5334.0;6440.5;7442.8;7564.0;6355.0;1128.6
7;39;6;4893.0;5260.2;6583.5;6906.2;6973.0;6144.3;905.0
7;40;6;4920.0;5439.2;6065.5;6631.8;6812.0;5985.7;716.0
7;41;6;5324.0;5503.2;6371.5;6966.8;7122.0;6261.3;766.0
7;42;6;3951.0;5371.8;6280.5;7044.5;7139.0;6003.2;1162.1
7;43;6;4949.0;5171.8;6138.0;7073.5;7231.0;6115.2;1009.6
7;44;6;4354.0;5265.0;6215.5;6989.0;7142.0;6020.3;1067.6
7;45;6;4938.0;5337.8;6302.5;6746.0;6875.0;6054.7;784.6
7;46;6;4146.0;5428.5;6279.0;6939.0;7130.0;6023.0;1078.7
7;47;6;5341.0;5907.2;6509.0;7074.0;7114.0;6407.0;697.9
7;48;6;3927.0;4868.0;4937.5;6357.8;6866.0;5390.7;1087.4
7;49;6;3961.0;4832.8;5278.5;6620.5;7002.0;5545.3;1121.8
7;50;6;4745.0;4895.0;5096.5;6414.8;6841.0;5576.8;895.0
7;51;6;5051.0;5167.8;5770.0;6470.5;6669.0;5821.8;667.8
7;52;6;4416.0;4748.2;5521.5;6194.2;6680.0;5508.0;853.4
7;53;6;4887.0;4906.8;5352.5;6420.0;6719.0;5640.8;793.7
7;54;6;4201.0;4911.8;5217.0;6134.2;6460.0;5390.8;809.3
7;55;6;4316.0;4672.8;5581.0;6488.5;6850.0;5581.5;993.3
7;56;6;4866.0;5123.5;5417.0;6328.5;6959.0;5719.5;781.8
7;57;6;5196.0;5352.0;5587.0;6403.2;6648.0;5827.8;593.9
7;58;6;4266.0;4557.0;5079.5;6259.8;6719.0;5363.3;963.6
7;59;6;4232.0;5009.8;5339.0;6278.8;6568.0;5495.0;844.4
7;60;6;3583.0;4031.5;4614.5;6047.2;6495.0;4944.8;1148.3
7;61;6;4231.0;4591.5;5055.0;6120.8;6336.0;5265.0;845.7
7;62;6;4580.0;4770.0;4983.5;6250.0;6774.0;5448.7;907.5
7;63;6;4694.0;5034.0;5384.0;6201.2;6472.0;5554.2;693.2
7;64;6;4527.0;5107.8;5762.0;6375.8;6464.0;5664.2;740.3
7;65;6;5089.0;5404.0;5661.0;6316.2;6529.0;5798.8;543.7
7;66;6;4466.0;5049.0;5550.0;6358.5;6603.0;5613.2;790.7
7;67;6;4169.0;4816.8;5039.5;6030.2;6310.0;5276.8;791.0
7;68;6;4083.0;4536.8;5060.0;5918.5;6289.0;5176.5;820.5
7;69;6;4799.0;5092.8;5434.0;6336.2;6637.0;5653.3;717.2
7;70;6;4314.0;4813.2;5107.0;5903.2;6128.0;5256.7;673.0
7;71;6;4544.0;4842.2;5151.0;5940.5;6185.0;5329.0;635.1
7;72;6;3590.0;4335.5;5445.5;6192.5;6314.0;5200.3;1061.6
7;73;6;3930.0;4530.0;4659.0;5496.0;5779.0;4881.5;672.7
7;74;6;4316.0;4669.0;5053.5;5673.5;5958.0;5133.7;605.9
7;75;6;3851.0;4340.0;4881.0;5662.0;5891.0;4931.0;766.6
7;76;6;3642.0;4738.5;5163.5;5901.2;6156.0;5144.8;864.1
7;77;6;3892.0;3969.8;4378.0;5578.2;5859.0;4719.8;852.5
7;78;6;3633.0;4969.0;5188.0;5646.2;5929.0;5105.5;747.5
7;79;6;4258.0;4796.8;5189.0;5666.8;6021.0;5191.5;608.1
7;80;6;3553.0;4059.2;4502.0;4686.0;5949.0;4527.5;749.3
7;81;6;4128.0;4804.8;4924.0;5023.0;5814.0;4935.2;494.2
7;82;6;3726.0;4331.5;4750.0;5092.0;5610.0;4705.7;611.6
7;83;6;3758.0;4422.8;4702.5;5100.8;5799.0;4754.2;645.1
7;84;6;3805.0;4257.5;4687.0;4962.0;5830.0;4696.2;646.6
7;85;6;3905.0;4271.8;4593.5;4787.0;5753.0;4643.5;582.0
7;86;6;3801.0;4145.5;4553.5;4687.8;5724.0;4562.3;611.5
7;87;6;4495.0;4534.2;4596.0;4747.8;5849.0;4808.0;475.1
7;88;6;3709.0;4056.5;4735.5;5096.5;5875.0;4683.7;741.2
7;89;6;3875.0;4171.5;5179.0;5580.5;6039.0;4970.3;826.7
7;90;6;3606.0;4013.5;4530.5;4891.5;5923.0;4573.8;755.1
7;91;6;3907.0;4184.8;4487.5;4935.8;5934.0;4664.2;672.7
7;92;6;3953.0;4767.8;4899.0;5088.0;6005.0;4938.5;604.7
7;93;6;4197.0;4576.8;4659.5;5105.2;5880.0;4866.5;547.1
7;94;6;3835.0;4614.8;4858.5;5106.0;5654.0;4821.3;560.6
7;95;6;3719.0;3952.0;4606.5;5021.8;5876.0;4617.0;756.4
7;96;6;3721.0;3883.8;4505.5;4909.8;6019.0;4578.7;791.5
7;97;6;3510.0;4062.8;4395.0;4575.8;5793.0;4446.8;702.2
7;98;6;3637.0;4239.5;4481.0;4722.5;5403.0;4494.0;541.1
7;99;6;4076.0;4497.2;4570.5;4927.2;5986.0;4787.0;605.2
8;0;6;6594.0;6888.5;7258.0;7295.2;7572.0;7125.8;334.5
8;1;6;6007.0;6600.5;7471.0;7545.0;7804.0;7105.5;679.8
8;2;6;6647.0;6969.0;7708.5;7767.8;8315.0;7481.5;598.2
8;3;6;5886.0;6505.5;7369.0;7649.0;7872.0;7076.0;750.7
8;4;6;6142.0;6446.0;7182.0;7261.8;7367.0;6893.7;509.8
8;5;6;6151.0;7006.2;7497.5;7715.8;8101.0;7313.0;639.7
8;6;6;5495.0;6776.0;7820.0;7933.2;8181.0;7285.8;976.9
8;7;6;6268.0;6866.0;7570.0;7687.5;8079.0;7307.5;632.9
8;8;6;5967.0;6660.2;7325.0;7446.0;7714.0;7042.7;616.2
8;9;6;6237.0;7444.0;8482.5;8571.5;8643.0;7924.0;921.4
8;10;6;5877.0;6866.5;7547.5;7778.5;7846.0;7218.8;718.1
8;11;6;6524.0;6865.0;7511.0;7753.5;8569.0;7433.2;687.9
8;12;6;6314.0;6831.8;7248.5;7342.8;7430.0;7051.3;404.0
8;13;6;6491.0;6713.0;7319.5;7420.5;7702.0;7132.8;460.6
8;14;6;6483.0;6886.0;7448.0;7482.0;7534.0;7184.2;423.6
8;15;6;5903.0;6455.8;7080.5;7361.8;7591.0;6893.0;612.6
8;16;6;6203.0;6558.8;7050.0;7252.5;7400.0;6903.0;443.5
8;17;6;6246.0;6392.0;7454.0;8353.2;8509.0;7392.3;993.0
8;18;6;6036.0;6240.8;6948.0;7538.2;7741.0;6902.2;684.0
8;19;6;6022.0;6336.2;7438.0;8170.8;8289.0;7261.8;961.5
8;20;6;5899.0;6253.8;6776.0;7375.5;7663.0;6794.8;671.9
8;21;6;6243.0;6490.2;7090.0;7734.0;8137.0;7133.2;718.5
8;22;6;5880.0;6195.5;7012.5;7337.5;7614.0;6814.7;666.9
8;23;6;5892.0;6111.5;7069.0;7984.5;8088.0;7033.3;966.0
8;24;6;5930.0;6420.8;6985.0;7352.8;7627.0;6872.5;606.0
8;25;6;5784.0;6383.0;7167.5;8018.0;8388.0;7155.0;987.9
8;26;6;5362.0;5900.5;6784.0;7719.2;8062.0;6771.5;1049.6
8;27;6;5783.0;6217.8;7225.0;7783.0;7807.0;6981.8;849.5
8;28;6;5367.0;6298.2;7143.0;7633.8;7772.0;6873.2;888.0
8;29;6;4510.0;5828.8;6698.0;7307.8;7723.0;6446.5;1113.5
8;30;6;5102.0;5854.0;6765.5;7394.2;7652.0;6573.2;941.3
8;31;6;5784.0;5874.2;6736.5;7389.5;7686.0;6689.5;808.1
8;32;6;5087.0;5376.8;6228.5;7016.5;7285.0;6200.2;910.8
8;33;6;5269.0;5621.0;6831.0;7709.5;7874.0;6670.8;1092.8
8;34;6;5509.0;5887.5;6879.0;7855.5;7893.0;6816.3;1042.2
8;35;6;5788.0;6402.8;7045.5;7771.5;7879.0;6993.3;822.0
8;36;6;4701.0;5141.8;6185.0;7152.5;7233.0;6095.5;1086.0
8;37;6;4688.0;5338.5;6793.5;7557.0;7811.0;6458.5;1239.6
8;38;6;4424.0;4751.5;5359.0;6142.8;6361.0;5409.3;764.5
8;39;6;4397.0;4847.8;5525.0;6357.5;6667.0;5561.8;872.7
8;40;6;4835.0;5628.0;6289.5;6683.2;6930.0;6094.3;742.3
8;41;6;5020.0;5330.8;6322.0;7157.2;7228.0;6221.3;963.6
8;42;6;4067.0;4913.8;5489.5;6628.5;7088.0;5644.0;1085.5
8;43;6;5202.0;5271.0;6143.0;6847.0;6960.0;6085.0;797.6
8;44;6;4213.0;5143.2;5938.0;6873.8;7142.0;5882.5;1068.3
8;45;6;4681.0;4727.8;5268.5;5842.2;5888.0;5281.2;566.2
8;46;6;4203.0;4828.0;5850.0;6851.0;7017.0;5765.3;1160.5
8;47;6;4434.0;4614.5;4969.5;5369.5;5581.0;4992.2;440.2
8;48;6;3941.0;4272.2;4818.0;5468.8;5805.0;4859.7;697.8
8;49;6;4282.0;4682.5;5284.0;6020.5;7015.0;5435.5;947.4
8;50;6;4070.0;4202.5;4412.5;4844.5;5177.0;4532.2;407.0
8;51;6;3891.0;4117.2;4683.5;5183.0;5350.0;4647.7;583.9
8;52;6;3907.0;4302.0;4456.0;5454.5;5874.0;4788.5;749.1
8;53;6;4018.0;4345.2;4651.5;5152.0;5507.0;4731.7;530.1
8;54;6;3761.0;4208.0;4427.5;4935.0;5226.0;4513.5;511.5
8;55;6;3743.0;3823.5;4147.0;4832.0;5117.0;4321.7;558.5
8;56;6;3598.0;3818.5;4172.0;4798.5;4975.0;4270.8;541.9
8;57;6;3582.0;3933.0;4214.0;4604.5;4823.0;4234.5;436.8
8;58;6;4153.0;4526.5;4543.5;5015.0;5212.0;4690.8;378.5
8;59;6;4109.0;4667.8;4830.5;5255.8;5473.0;4875.7;458.1
8;60;6;3744.0;4096.5;4353.5;4837.8;5011.0;4412.0;467.9
8;61;6;4050.0;4284.5;4384.5;4766.5;4873.0;4472.8;305.6
8;62;6;4028.0;4097.0;4306.0;4744.5;4895.0;4408.8;355.5
8;63;6;3644.0;4003.8;4216.0;4585.8;4762.0;4246.7;393.5
8;64;6;3936.0;4286.8;4473.5;4732.2;4807.0;4455.5;307.7
8;65;6;3416.0;4152.0;4265.0;4714.8;4977.0;4317.0;510.9
8;66;6;3939.0;4245.0;4482.5;4707.2;4800.0;4442.0;306.9
8;67;6;3648.0;3987.0;4203.5;4658.5;4804.0;4264.0;423.5
8;68;6;3571.0;4298.5;4326.0;4596.5;4716.0;4319.2;376.5
8;69;6;3549.0;3717.8;3898.0;4598.8;4894.0;4121.5;534.1
8;70;6;3593.0;3866.5;3946.5;4580.0;4788.0;4150.8;462.9
8;71;6;3629.0;3668.5;3754.0;4480.0;4733.0;4038.7;488.8
8;72;6;3652.0;3885.8;4256.0;4819.0;5037.0;4328.3;532.3
8;73;6;3967.0;4371.8;4452.0;4885.5;5277.0;4587.2;436.7
8;74;6;3687.0;4049.5;4407.0;4607.8;4675.0;4296.8;364.3
8;75;6;3747.0;4043.2;4381.0;4745.8;4902.0;4368.2;422.8
8;76;6;3428.0;3945.5;4484.0;4904.0;5128.0;4389.0;617.2
8;77;6;3746.0;3840.8;3990.5;4616.5;4819.0;4193.7;449.3
8;78;6;3749.0;3801.5;4051.0;4781.2;5003.0;4266.2;533.4
8;79;6;3624.0;3770.5;4147.0;4563.2;4765.0;4171.7;448.6
8;80;6;3324.0;3701.2;3936.5;4372.0;4810.0;4024.5;497.9
8;81;6;3877.0;3931.5;4062.5;4284.2;4752.0;4166.7;304.5
8;82;6;3526.0;3597.0;3688.0;4060.2;4490.0;3857.2;353.7
8;83;6;3499.0;3690.2;4024.0;4182.2;4822.0;4030.5;435.9
8;84;6;3627.0;3797.8;3845.5;4208.2;4833.0;4043.7;411.8
8;85;6;3623.0;4055.8;4346.5;4438.5;5121.0;4310.8;462.0
8;86;6;3504.0;3604.2;3927.5;4646.0;5248.0;4164.8;657.7
8;87;6;3927.0;4131.8;4266.0;4422.0;5174.0;4365.7;397.5
8;88;6;3673.0;3990.0;4538.5;4748.0;5295.0;4445.0;552.4
8;89;6;3711.0;3851.2;4080.0;4224.8;4897.0;4136.0;389.1
8;90;6;3404.0;3716.0;4235.0;4629.5;5083.0;4210.2;594.8
8;91;6;3663.0;3689.0;4116.0;4600.8;5028.0;4205.3;539.4
8;92;6;3405.0;3457.2;3560.0;4275.5;4895.0;3892.8;580.1
8;93;6;3562.0;4390.5;4496.0;4659.2;5090.0;4452.2;461.0
8;94;6;3529.0;3822.5;3977.5;4065.8;4978.0;4054.7;450.5
8;95;6;3544.0;3764.0;3915.0;4130.5;5157.0;4074.5;523.1
8;96;6;3577.0;4117.5;4248.5;4469.5;5085.0;4296.0;455.2
8;97;6;3644.0;4085.0;4144.0;4289.2;5163.0;4249.7;458.9
8;98;6;3795.0;4086.8;4567.0;4670.8;5006.0;4427.8;422.9
8;99;6;3708.0;3848.8;3913.0;4287.8;4815.0;4098.2;385.4
9;0;6;6621.0;7023.5;7603.0;7704.0;7890.0;7380.8;471.4
9;1;6;6159.0;6503.8;7333.5;7546.8;7657.0;7054.7;611.2
9;2;6;5851.0;6674.5;7298.5;7424.5;7614.0;6999.2;626.8
9;3;6;6517.0;6973.2;7642.5;7746.2;7900.0;7372.2;530.5
9;4;6;6378.0;6664.5;7475.0;7657.8;7849.0;7215.0;593.7
9;5;6;6240.0;6855.8;7453.0;7716.5;7810.0;7236.2;586.0
9;6;6;6001.0;6406.8;7224.0;7346.0;7393.0;6893.8;587.4
9;7;6;5660.0;6678.0;7285.0;7388.8;7573.0;6950.3;669.2
9;8;6;6627.0;6926.5;7597.5;7895.8;8000.0;7420.0;546.9
9;9;6;5915.0;6304.5;7109.5;7397.8;7587.0;6875.2;649.4
9;10;6;6277.0;6554.5;7131.0;7379.8;7475.0;6973.2;477.7
9;11;6;5445.0;6403.8;7287.5;7547.2;7758.0;6920.2;837.5
9;12;6;5703.0;6685.8;7178.0;7263.0;7320.0;6865.3;584.2
9;13;6;6148.0;6906.5;7493.0;7676.0;7790.0;7228.7;595.9
9;14;6;5462.0;6481.0;7445.5;7471.8;7560.0;6925.5;813.0
9;15;6;5743.0;6181.8;7105.5;7315.2;7375.0;6764.7;679.7
9;16;6;5394.0;6428.0;7202.0;7373.0;7464.0;6810.3;765.7
9;17;6;6028.0;6152.8;7056.0;8114.5;8365.0;7137.3;1009.7
9;18;6;6355.0;6464.2;7251.0;8167.5;8238.0;7295.0;867.8
9;19;6;6171.0;6335.8;6925.5;7207.8;7215.0;6779.7;454.5
9;20;6;5462.0;6179.5;6952.5;7476.5;7892.0;6805.3;854.0
9;21;6;6103.0;6406.0;7017.0;7614.5;7811.0;6994.0;693.7
9;22;6;5735.0;5848.2;6433.5;7102.8;7183.0;6460.7;641.1
9;23;6;5936.0;6065.5;6827.5;7388.5;7712.0;6781.7;712.4
9;24;6;4913.0;5796.5;6788.0;7751.8;7858.0;6647.7;1148.0
9;25;6;5689.0;5818.0;6751.0;7653.2;7756.0;6734.7;948.7
9;26;6;6098.0;6214.5;7023.0;7995.0;8118.0;7087.7;898.7
9;27;6;5363.0;6147.2;6888.0;7541.8;7960.0;6793.2;923.5
9;28;6;5841.0;6055.0;6606.5;7239.8;7449.0;6637.5;637.1
9;29;6;5629.0;5736.2;6336.5;6960.8;7184.0;6365.2;659.6
9;30;6;5299.0;5602.0;6874.0;7549.0;7645.0;6607.3;1012.1
9;31;6;5480.0;5774.0;6693.5;7374.5;8005.0;6656.8;951.5
9;32;6;4735.0;5817.5;6670.0;7470.8;7751.0;6516.2;1088.3
9;33;6;4971.0;5374.0;6235.5;7194.5;7750.0;6298.8;1052.2
9;34;6;5226.0;5755.0;6432.0;7108.2;7351.0;6384.0;818.7
9;35;6;5501.0;5716.8;6775.0;7855.8;7880.0;6751.8;1100.4
9;36;6;5398.0;6172.5;7004.5;7824.5;7873.0;6878.8;996.1
9;37;6;4847.0;5761.2;6901.5;7749.2;7847.0;6651.7;1176.3
9;38;6;5112.0;5263.0;5977.5;6636.5;6757.0;5950.8;692.0
9;39;6;4489.0;4776.0;6179.0;7165.8;7716.0;6061.0;1286.7
9;40;6;4758.0;5269.5;6314.5;7582.2;7831.0;6357.3;1244.2
9;41;6;4865.0;5524.0;6385.5;7151.8;7208.0;6248.0;929.3
9;42;6;4591.0;5106.5;5712.0;6445.8;6642.0;5708.7;793.6
9;43;6;5078.0;5177.8;6272.5;7415.2;7443.0;6279.2;1130.0
9;44;6;4488.0;4947.0;6321.5;7100.5;7267.0;6041.2;1155.6
9;45;6;4507.0;5160.2;6558.5;7285.5;7549.0;6232.5;1196.5
9;46;6;5182.0;5535.8;6405.0;6987.0;7079.0;6249.7;789.2
9;47;6;4443.0;4887.5;5750.0;6482.8;6592.0;5643.7;891.5
9;48;6;5010.0;5568.2;5859.5;7073.2;7415.0;6182.2;921.5
9;49;6;4717.0;5097.2;5702.5;6742.8;6944.0;5841.8;891.2
9;50;6;4419.0;4854.5;5710.0;6656.2;6935.0;5719.2;983.4
9;51;6;4839.0;5254.0;5482.0;6498.2;6931.0;5791.5;795.0
9;52;6;4961.0;5145.2;5806.0;6850.8;7012.0;5951.5;878.3
9;53;6;5473.0;5683.8;5847.0;6698.8;7081.0;6143.3;632.4
9;54;6;4427.0;4888.8;5420.0;6582.0;6949.0;5649.5;980.8
9;55;6;4598.0;5097.0;5764.5;6923.2;7198.0;5918.2;1013.4
9;56;6;4955.0;5427.8;5788.0;6784.2;7040.0;5999.2;799.4
9;57;6;4119.0;4643.0;5402.5;6338.2;6689.0;5442.2;971.9
9;58;6;5504.0;5582.2;5977.0;6794.0;6976.0;6158.5;630.3
9;59;6;3732.0;4657.2;4783.0;6320.2;6919.0;5277.5;1175.3
9;60;6;4482.0;5388.2;5913.5;6570.8;6788.0;5850.0;808.9
9;61;6;4809.0;5135.2;5661.5;6493.0;6806.0;5778.0;765.3
9;62;6;4810.0;5186.5;5366.5;6488.5;6868.0;5733.3;808.4
9;63;6;5268.0;5411.8;5769.5;6473.0;6734.0;5923.5;584.1
9;64;6;4717.0;5304.5;5644.0;6537.0;6939.0;5828.3;800.7
9;65;6;5177.0;5400.5;6074.0;6785.0;6931.0;6075.7;715.8
9;66;6;5331.0;5454.8;5590.0;6358.2;6729.0;5877.3;560.6
9;67;6;5206.0;5352.2;5460.5;6378.0;6682.0;5801.5;621.9
9;68;6;4306.0;5174.5;5507.5;6514.0;6822.0;5676.0;899.4
9;69;6;4372.0;5147.5;5514.0;6344.8;6555.0;5600.3;783.3
9;70;6;4292.0;5101.2;5345.0;6394.2;6699.0;5574.2;872.6
9;71;6;4953.0;5139.8;5477.0;6442.0;6791.0;5748.2;739.2
9;72;6;3989.0;4434.5;5058.5;6363.5;6690.0;5303.5;1070.3
9;73;6;4915.0;5291.5;5533.0;6346.8;6737.0;5757.8;682.3
9;74;6;4835.0;5004.0;5451.0;6432.8;6731.0;5680.5;777.3
9;75;6;4783.0;4862.5;5146.0;6410.5;6780.0;5575.8;865.1
9;76;6;3810.0;5544.8;5663.5;6505.2;6786.0;5702.3;997.2
9;77;6;5358.0;5411.8;5607.0;6586.0;6911.0;5957.0;677.7
9;78;6;3975.0;4958.2;5421.5;6444.2;6784.0;5531.8;1004.8
9;79;6;5040.0;5384.8;5643.0;6375.2;6980.0;5870.7;686.4
9;80;6;4549.0;4844.0;4997.0;5366.0;6193.0;5169.7;534.2
9;81;6;4437.0;5244.8;5468.0;5735.5;6761.0;5521.5;697.4
9;82;6;4484.0;5002.0;5336.5;5438.5;6459.0;5329.8;603.8
9;83;6;4864.0;5168.8;5353.5;5403.2;6354.0;5408.7;462.3
9;84;6;4122.0;5004.2;5218.0;5598.2;6522.0;5289.7;729.0
9;85;6;3859.0;4628.5;5036.5;5363.5;6089.0;4997.7;698.7
9;86;6;4596.0;4912.5;5141.5;5372.0;6503.0;5277.8;606.7
9;87;6;3803.0;5205.8;5359.0;5838.5;6506.0;5363.3;831.8
9;88;6;4362.0;4663.5;5077.0;5382.5;6242.0;5128.0;619.6
9;89;6;3592.0;4523.5;4719.0;5455.2;6237.0;4904.3;848.8
9;90;6;3658.0;4297.5;4804.0;5297.8;6080.0;4822.8;801.2
9;91;6;4014.0;4591.2;4672.5;4723.0;6117.0;4796.7;638.2
9;92;6;3873.0;4052.5;4439.0;4679.2;6156.0;4598.3;758.5
9;93;6;3756.0;4938.2;5146.5;5361.5;6202.0;5092.2;727.6
9;94;6;3694.0;4347.8;5054.5;5312.0;6355.0;4944.7;862.8
9;95;6;4447.0;4671.0;4996.0;5518.2;6574.0;5211.3;723.3
9;96;6;4140.0;4364.5;4773.5;5107.5;6241.0;4895.8;698.3
9;97;6;4221.0;5039.0;5265.5;5411.0;6227.0;5233.7;595.3
9;98;6;4156.0;4599.0;4831.0;5192.0;6406.0;5009.7;712.0
9;99;6;4569.0;4890.5;5147.5;5374.5;6036.0;5192.5;467.8
10;0;6;6381.0;7199.5;7654.0;7702.8;7748.0;7367.3;498.8
10;1;6;6427.0;6858.0;7464.5;7888.0;8065.0;7351.0;622.4
10;2;6;6127.0;6481.0;7289.0;7486.5;7546.0;7002.5;592.7
10;3;6;5832.0;6533.2;7647.5;7887.2;7919.0;7195.8;846.2
10;4;6;6311.0;6795.5;7413.0;7526.5;7602.0;7148.8;498.0
10;5;6;6650.0;6946.8;7707.0;8068.2;8243.0;7531.5;636.2
10;6;6;6348.0;6689.8;7398.0;7508.5;7662.0;7134.2;526.1
10;7;6;6431.0;6939.0;7635.0;7998.0;8113.0;7440.0;640.7
10;8;6;6574.0;6828.0;7321.0;7445.8;7683.0;7175.0;405.8
10;9;6;5922.0;6592.5;7294.5;7345.5;7640.0;6978.7;613.4
10;10;6;6086.0;6480.5;7295.5;7599.0;7733.0;7053.2;664.1
10;11;6;6355.0;6899.8;8083.0;8202.0;8327.0;7599.2;825.3
10;12;6;6141.0;6440.0;7231.5;7474.0;7540.0;6979.2;581.7
10;13;6;6104.0;6772.8;7385.5;7467.2;7653.0;7098.5;561.9
10;14;6;5775.0;6788.2;7143.0;7516.5;7928.0;7050.0;694.8
10;15;6;6454.0;6780.2;7697.0;7769.2;7982.0;7349.7;627.0
10;16;6;5530.0;6374.8;7590.0;8029.0;8170.0;7170.8;1027.1
10;17;6;5448.0;6054.5;6885.0;7724.5;8081.0;6846.8;1005.5
10;18;6;5816.0;6372.0;6759.0;7098.0;7207.0;6665.8;503.9
10;19;6;6375.0;6610.2;6940.5;7459.0;7761.0;7024.8;517.5
10;20;6;5720.0;6151.2;6961.0;7448.2;7537.0;6778.5;725.1
10;21;6;5733.0;6114.8;6921.5;7552.0;7663.0;6807.8;783.3
10;22;6;5856.0;6226.0;6653.5;7059.2;7204.0;6607.5;506.0
10;23;6;6349.0;6571.5;7037.5;7515.5;7703.0;7036.3;521.5
10;24;6;6021.0;6757.2;7697.0;8489.8;8660.0;7545.5;1026.3
10;25;6;5820.0;6058.5;6720.0;7857.0;8176.0;6918.3;959.0
10;26;6;5976.0;6704.0;7375.5;7842.2;7894.0;7183.2;722.9
10;27;6;5388.0;5887.8;6768.0;7424.8;7596.0;6626.3;877.2
10;28;6;5532.0;6135.5;6950.5;7748.2;7774.0;6847.5;929.1
10;29;6;5821.0;5889.5;6800.0;7688.0;7725.0;6786.0;895.9
10;30;6;3936.0;5390.5;6553.0;7248.2;7353.0;6146.3;1270.0
10;31;6;5909.0;6094.5;7135.0;7719.5;7788.0;6938.2;822.8
10;32;6;5238.0;6102.8;6830.0;7594.8;7684.0;6715.3;940.4
10;33;6;5099.0;5805.0;6476.5;7101.5;7172.0;6352.5;791.5
10;34;6;5142.0;5265.0;6133.0;7306.2;7478.0;6259.8;1044.4
10;35;6;4738.0;5353.0;5998.5;7013.0;7177.0;6066.8;951.8
10;36;6;4167.0;4546.2;5836.5;6832.0;6905.0;5670.8;1186.7
10;37;6;4444.0;5565.8;6030.5;6457.0;6485.0;5833.3;731.0
10;38;6;4732.0;5660.2;6164.0;6594.2;6681.0;5995.2;701.4
10;39;6;4347.0;5084.0;5954.5;6849.8;7001.0;5866.5;1027.1
10;40;6;4073.0;5196.2;6045.5;6667.5;6706.0;5776.3;986.7
10;41;6;3817.0;4375.0;5323.5;6059.8;6071.0;5149.8;940.8
10;42;6;3874.0;5016.2;5545.0;6040.0;6083.0;5348.7;800.8
10;43;6;3951.0;4150.8;4993.5;5864.0;5886.0;4974.7;890.2
10;44;6;4092.0;4256.5;5098.0;5731.0;5836.0;5007.0;761.6
10;45;6;3848.0;4843.2;5221.0;5601.8;5720.0;5076.0;650.7
10;46;6;4121.0;4678.8;5384.5;5619.2;5698.0;5121.5;603.7
10;47;6;3850.0;4809.2;5494.0;5694.2;5748.0;5154.7;696.6
10;48;6;4036.0;4152.2;4678.0;5529.2;5739.0;4820.2;710.5
10;49;6;4267.0;5076.8;5280.0;5628.0;5738.0;5219.7;496.0
10;50;6;4129.0;4687.5;4785.5;5503.8;5772.0;4978.3;589.3
10;51;6;3864.0;4541.2;4754.0;5386.8;5613.0;4842.2;608.6
10;52;6;4015.0;4592.2;4998.0;5582.2;5703.0;4991.3;617.0
10;53;6;4361.0;4780.0;5021.0;5571.8;5716.0;5095.7;495.5
10;54;6;4598.0;4767.5;4824.0;5503.0;5751.0;5079.2;471.4
10;55;6;3806.0;4314.2;5020.0;5554.0;5704.0;4893.5;724.2
10;56;6;4602.0;4698.8;4897.0;5440.2;5659.0;5051.5;428.6
10;57;6;3911.0;4451.8;5143.5;5578.8;5789.0;4988.7;702.3
10;58;6;4333.0;4474.5;4859.5;5583.5;5826.0;5008.2;606.8
10;59;6;3825.0;4149.2;5067.5;5509.5;5763.0;4870.5;766.0
10;60;6;3415.0;4346.2;4870.0;5266.2;5385.0;4685.0;694.4
10;61;6;4054.0;4542.2;4797.0;5199.5;5366.0;4800.8;456.4
10;62;6;4104.0;4331.2;4884.5;5224.0;5386.0;4790.5;503.6
10;63;6;4523.0;4545.8;4575.0;5090.2;5263.0;4789.0;334.3
10;64;6;4097.0;4561.2;4870.5;5245.0;5424.0;4848.3;464.6
10;65;6;4237.0;4378.2;4775.0;5240.8;5499.0;4821.3;490.8
10;66;6;3828.0;3880.5;4351.0;5318.8;5512.0;4567.8;734.9
10;67;6;3906.0;4275.5;4683.0;5173.0;5336.0;4680.7;539.6
10;68;6;4108.0;4657.5;4780.5;5196.8;5387.0;4834.7;433.3
10;69;6;4510.0;4741.5;4869.0;5208.0;5311.0;4929.8;295.3
10;70;6;3531.0;3847.2;4202.5;5095.5;5417.0;4412.5;732.7
10;71;6;4674.0;4840.5;4939.0;5184.5;5279.0;4984.2;220.7
10;72;6;3727.0;4269.8;4729.0;5178.5;5331.0;4660.2;584.7
10;73;6;4022.0;4472.8;4670.0;5138.0;5270.0;4722.2;444.4
10;74;6;4082.0;4246.2;4794.0;5236.8;5328.0;4741.0;511.6
10;75;6;3680.0;4143.8;4690.0;5142.5;5275.0;4598.3;596.5
10;76;6;3893.0;4015.5;4568.5;5267.8;5414.0;4629.3;641.0
10;77;6;3792.0;4021.8;4250.5;4540.0;5524.0;4399.8;566.7
10;78;6;3730.0;4144.2;4792.5;4930.8;5470.0;4615.0;595.7
10;79;6;3873.0;3986.0;4168.5;4333.8;5419.0;4323.8;519.0
10;80;6;3750.0;4444.8;4651.0;4839.2;5424.0;4625.7;505.6
10;81;6;3699.0;4043.5;4388.5;4609.0;5437.0;4420.7;553.8
10;82;6;3453.0;4233.5;4818.5;4914.5;5373.0;4574.7;633.5
10;83;6;3583.0;3914.5;4103.0;4777.5;5408.0;4341.8;641.3
10;84;6;4089.0;4156.8;4221.5;4800.8;5800.0;4576.8;624.2
10;85;6;3589.0;3951.8;4499.0;5254.8;6325.0;4698.0;942.2
10;86;6;3871.0;4127.8;4562.0;4915.2;5661.0;4612.0;604.4
10;87;6;4155.0;4240.0;4489.0;5051.5;5972.0;4750.2;647.5
10;88;6;3583.0;4453.8;4652.0;4793.2;5403.0;4586.3;544.2
10;89;6;3933.0;4189.5;4501.0;4648.2;5393.0;4518.5;467.0
10;90;6;3969.0;4180.5;4704.0;4872.8;5661.0;4662.2;568.8
10;91;6;3445.0;3822.5;4321.5;4535.5;5307.0;4276.3;606.4
10;92;6;3414.0;3863.8;3937.0;4458.0;5244.0;4167.2;597.3
10;93;6;3932.0;4114.0;4610.0;4850.2;5658.0;4614.8;584.6
10;94;6;4221.0;4554.5;4806.5;5003.8;5931.0;4884.2;539.8
10;95;6;4011.0;4590.5;4602.5;4670.0;5438.0;4655.5;416.2
10;96;6;3738.0;3855.8;4173.0;4507.5;5321.0;4295.7;551.6
10;97;6;3716.0;3971.5;4421.0;4626.8;5361.0;4406.0;547.4
10;98;6;4297.0;4457.2;4668.0;4833.0;5365.0;4712.2;349.2
10;99;6;3501.0;4061.8;4654.0;4799.2;5378.0;4483.2;620.0
11;0;6;6752.0;7129.0;7628.0;7845.0;7877.0;7460.8;436.4
11;1;6;6684.0;7170.5;7609.0;7820.2;8019.0;7472.7;467.3
11;2;6;5835.0;6444.0;7478.0;7744.0;7841.0;7094.0;799.4
11;3;6;6223.0;7103.0;7370.5;7412.2;7567.0;7161.8;451.7
11;4;6;6358.0;6934.5;7738.0;7908.5;8117.0;7430.5;667.0
11;5;6;6280.0;6843.8;7476.0;7746.8;7993.0;7282.5;611.2
11;6;6;6581.0;6754.8;7345.5;7554.5;7591.0;7174.2;431.5
11;7;6;6479.0;7300.2;7457.0;7826.0;7990.0;7430.0;503.6
11;8;6;5443.0;6560.8;7466.5;7592.2;7715.0;6997.3;842.4
11;9;6;5714.0;6940.2;7741.0;7770.8;8009.0;7276.5;817.9
11;10;6;6010.0;6765.5;7798.0;7840.5;7914.0;7299.3;774.7
11;11;6;6118.0;6599.5;7221.0;7299.5;7373.0;6941.8;493.5
11;12;6;6452.0;7029.0;7981.0;8123.0;8182.0;7579.7;706.8
11;13;6;6623.0;6977.2;7550.5;7634.0;7676.0;7308.0;428.8
11;14;6;5746.0;6982.8;7483.0;7894.0;8045.0;7267.3;788.0
11;15;6;5964.0;6363.0;7339.0;7550.8;7787.0;7014.7;723.6
11;16;6;6408.0;7030.8;8422.0;8468.5;8525.0;7804.7;932.2
11;17;6;5863.0;6426.8;6998.5;7837.2;7934.0;7024.5;815.6
11;18;6;6388.0;6676.2;7359.0;8117.5;8363.0;7381.3;807.6
11;19;6;6155.0;6389.0;7441.0;7923.0;8142.0;7216.8;822.4
11;20;6;5760.0;6075.5;6672.5;7685.0;7934.0;6823.0;877.9
11;21;6;5499.0;6160.5;7276.5;8226.0;8594.0;7162.8;1203.2
11;22;6;6163.0;6511.2;7253.5;7926.8;8176.0;7210.2;813.2
11;23;6;6287.0;6336.0;6870.0;7484.2;7757.0;6938.5;613.9
11;24;6;6022.0;6192.2;6916.5;7478.0;7694.0;6860.8;677.4
11;25;6;5270.0;6368.0;7100.5;7863.0;8347.0;7009.8;1065.8
11;26;6;5467.0;6314.0;7685.0;8183.0;8265.0;7218.0;1114.1
11;27;6;4819.0;5124.5;6649.5;7642.8;7822.0;6421.7;1303.9
11;28;6;5745.0;6076.5;7191.0;7890.8;8020.0;6996.0;961.6
11;29;6;4844.0;5962.2;6973.0;7856.2;8126.0;6782.0;1192.8
11;30;6;4580.0;5939.8;7140.0;7761.2;7821.0;6698.2;1216.6
11;31;6;5696.0;6000.8;6684.0;7621.5;7737.0;6751.3;866.0
11;32;6;5592.0;5988.2;6607.5;7100.8;7130.0;6497.3;630.7
11;33;6;5283.0;5571.8;6532.5;7464.8;7852.0;6537.8;1065.0
11;34;6;5012.0;5781.2;6730.5;7655.8;7898.0;6633.3;1121.1
11;35;6;5130.0;5449.0;6648.0;7523.8;7775.0;6511.0;1114.8
11;36;6;4759.0;5609.0;6697.5;7204.0;7504.0;6379.5;1017.4
11;37;6;5645.0;5806.0;6566.5;7248.2;7415.0;6536.8;771.2
11;38;6;4252.0;5192.5;6443.5;7139.5;7445.0;6121.8;1194.6
11;39;6;4743.0;5583.2;6551.5;7104.2;7232.0;6271.2;941.2
11;40;6;4577.0;5527.2;6275.0;6841.2;7297.0;6122.0;933.1
11;41;6;4910.0;5259.5;6430.5;7159.8;7229.0;6212.0;995.9
11;42;6;5393.0;5611.5;6555.5;7235.5;7385.0;6441.3;845.0
11;43;6;4940.0;5803.0;6405.0;7055.8;7177.0;6300.3;832.2
11;44;6;4830.0;5464.0;6704.0;7727.2;7760.0;6519.5;1229.6
11;45;6;4513.0;4890.2;6170.0;6943.5;7001.0;5919.8;1068.6
11;46;6;4427.0;4738.5;5717.5;6557.0;6741.0;5642.0;949.0
11;47;6;4190.0;5062.8;5874.0;6753.5;6900.0;5779.5;1048.3
11;48;6;4434.0;4991.0;5872.0;7074.0;7359.0;5951.5;1164.1
11;49;6;5087.0;5284.8;5478.0;6662.8;7230.0;5925.2;862.0
11;50;6;4366.0;4816.5;5594.5;6740.0;6975.0;5701.5;1039.2
11;51;6;4697.0;4998.2;5513.5;6634.8;7129.0;5781.3;952.6
11;52;6;4992.0;5327.8;6025.5;6839.5;7489.0;6123.0;913.2
11;53;6;3873.0;5298.8;5679.0;6550.5;6857.0;5683.5;1012.3
11;54;6;4564.0;4883.2;5838.5;6897.2;7265.0;5886.8;1097.2
11;55;6;4773.0;4977.8;5621.5;6561.5;6997.0;5775.2;872.2
11;56;6;4366.0;4589.0;5326.5;6530.5;6865.0;5526.5;1021.4
11;57;6;4543.0;4656.8;5379.0;6368.2;6637.0;5508.7;884.5
11;58;6;4389.0;4991.0;5377.5;6315.2;6560.0;5532.3;807.3
11;59;6;5221.0;5446.2;5566.0;6379.5;6630.0;5840.0;570.0
11;60;6;3522.0;4286.5;5078.0;6114.8;6505.0;5111.0;1098.7
11;61;6;3875.0;4203.2;4786.5;6020.0;6290.0;5029.7;982.2
11;62;6;3870.0;4079.5;4641.0;5955.5;6315.0;4958.8;1009.3
11;63;6;4525.0;5010.0;5265.5;6003.2;6227.0;5409.5;625.5
11;64;6;3753.0;4289.5;4735.5;5842.2;6229.0;4967.5;946.5
11;65;6;3760.0;4144.8;5202.0;5717.8;6013.0;4976.5;899.4
11;66;6;4778.0;4874.0;5059.0;5553.8;5719.0;5191.0;383.8
11;67;6;3937.0;4821.8;4957.5;5673.8;5885.0;5071.0;672.9
11;68;6;4023.0;4753.2;5447.5;5935.5;6063.0;5266.8;752.1
11;69;6;5108.0;5278.8;5620.5;5983.2;6088.0;5617.7;384.4
11;70;6;3998.0;4492.5;4969.0;5498.0;5734.0;4946.3;625.1
11;71;6;4641.0;4887.8;5157.5;5599.8;5748.0;5208.2;416.7
11;72;6;4336.0;4479.8;4914.5;5527.8;5781.0;5002.2;571.6
11;73;6;4074.0;4341.0;5000.5;5657.0;5844.0;4986.0;704.9
11;74;6;3711.0;3847.2;4640.5;5762.2;6092.0;4800.5;989.3
11;75;6;4411.0;4793.2;5155.5;5672.2;5979.0;5203.0;560.2
11;76;6;4695.0;4945.2;5158.5;5674.0;5851.0;5263.8;438.6
11;77;6;4670.0;4825.2;4912.5;5715.2;6028.0;5217.0;559.0
11;78;6;4271.0;4789.8;5421.0;6075.5;6254.0;5373.3;748.3
11;79;6;4151.0;4847.8;4988.5;5625.8;5832.0;5099.8;587.0
11;80;6;4164.0;4669.0;4815.5;5175.8;6107.0;4969.7;605.0
11;81;6;4549.0;4700.0;4870.5;5213.5;5931.0;5032.0;469.9
11;82;6;4301.0;4359.2;4589.5;4961.5;6132.0;4830.0;636.7
11;83;6;3906.0;4207.5;4294.0;4792.2;6045.0;4612.7;711.6
11;84;6;3576.0;3636.5;3862.5;4786.8;6156.0;4352.2;952.5
11;85;6;4235.0;4473.0;4527.0;4587.8;5795.0;4691.2;507.3
11;86;6;3762.0;4524.5;4762.5;5045.5;5629.0;4750.2;574.3
11;87;6;3541.0;3992.2;4574.0;4744.8;5813.0;4517.0;732.8
11;88;6;4047.0;5037.0;5133.0;5467.5;5947.0;5140.7;583.2
11;89;6;4028.0;4703.2;4880.5;5001.5;5796.0;4878.5;522.8
11;90;6;4598.0;4637.8;4784.5;4965.0;5499.0;4880.0;311.0
11;91;6;3453.0;3763.5;4265.5;4764.5;5534.0;4340.8;715.0
11;92;6;3822.0;4302.0;4610.0;4933.8;5459.0;4623.7;530.7
11;93;6;4202.0;4456.2;4797.5;5042.8;6011.0;4879.2;587.9
11;94;6;4092.0;4579.5;4650.0;4768.5;5577.0;4722.2;442.0
11;95;6;4400.0;4622.2;4731.0;4857.8;5729.0;4846.2;422.7
11;96;6;3996.0;4500.2;4949.5;5114.5;5905.0;4886.7;601.8
11;97;6;4329.0;4460.2;4719.0;5035.5;5760.0;4840.3;490.4
11;98;6;4717.0;5023.5;5572.5;5660.2;6381.0;5462.2;553.9
11;99;6;3489.0;4532.0;4718.0;4848.5;5860.0;4691.2;695.2
12;0;6;6077.0;6452.0;7184.0;7473.5;7778.0;7000.2;635.3
12;1;6;6607.0;6994.2;7265.5;7357.5;7764.0;7199.0;364.6
12;2;6;6285.0;6620.2;7472.5;7571.0;7912.0;7180.3;631.8
12;3;6;5705.0;6861.5;7522.5;7983.2;8031.0;7259.8;837.7
12;4;6;6076.0;6411.0;7190.5;7402.2;7506.0;6931.2;584.8
12;5;6;4982.0;6583.2;7487.5;7708.5;7787.0;6968.0;1015.4
12;6;6;6293.0;6615.5;6923.5;7166.2;7302.0;6867.0;359.1
12;7;6;5570.0;6041.8;7151.0;7334.8;7517.0;6742.8;796.9
12;8;6;5931.0;6376.2;7126.5;7144.0;7340.0;6800.0;552.1
12;9;6;6294.0;6700.5;7415.0;7672.8;7741.0;7181.0;577.1
12;10;6;5872.0;6830.0;8122.5;8345.5;8459.0;7565.8;1028.2
12;11;6;5891.0;6284.2;7363.5;7698.8;7719.0;7012.0;779.8
12;12;6;6411.0;6786.0;7347.0;7737.0;7944.0;7252.5;569.8
12;13;6;6144.0;6533.5;7242.5;7354.5;7472.0;6965.0;532.8
12;14;6;6171.0;6462.0;7494.0;7923.0;8207.0;7258.3;815.2
12;15;6;5955.0;6860.0;7643.0;7701.5;7793.0;7225.7;697.7
12;16;6;6420.0;6820.0;7488.0;7529.8;7784.0;7220.2;513.0
12;17;6;5869.0;6551.5;7105.0;7813.8;8054.0;7091.7;800.5
12;18;6;5975.0;6087.0;6734.0;7377.2;7652.0;6759.7;707.2
12;19;6;5600.0;5835.2;6574.5;7327.2;7650.0;6594.3;836.3
12;20;6;6226.0;6407.8;7055.0;7702.2;7752.0;7033.0;687.0
12;21;6;5736.0;6254.2;6831.0;7326.8;7336.0;6714.7;639.3
12;22;6;5948.0;6121.0;6748.0;7148.5;7580.0;6703.0;616.0
12;23;6;5921.0;6407.5;7145.0;7771.5;7852.0;7034.2;778.2
12;24;6;6555.0;6577.2;7112.5;7663.5;7716.0;7123.7;545.7
12;25;6;5975.0;6241.0;6810.5;7310.2;7432.0;6759.3;584.7
12;26;6;5775.0;6741.8;7336.5;7980.0;8293.0;7246.5;888.5
12;27;6;5580.0;5665.5;6788.5;7958.8;8042.0;6806.5;1163.4
12;28;6;5580.0;6139.0;6771.0;7702.2;7864.0;6821.2;886.8
12;29;6;5630.0;6052.5;7067.5;7525.2;7576.0;6788.8;808.2
12;30;6;5813.0;5957.5;6911.0;7717.5;7952.0;6868.8;911.0
12;31;6;5670.0;6021.8;7170.5;7768.8;7831.0;6908.2;914.5
12;32;6;6231.0;6338.8;7294.5;8221.0;8367.0;7289.5;979.8
12;33;6;5252.0;5725.5;6554.5;7227.5;7689.0;6491.8;896.7
12;34;6;5520.0;6297.5;6920.5;7506.0;7581.0;6788.8;786.6
12;35;6;5139.0;5531.5;6533.5;7524.2;8317.0;6595.8;1219.6
12;36;6;5587.0;6180.8;7015.5;7702.5;7764.0;6869.3;876.5
12;37;6;4481.0;5065.0;7059.5;7872.8;7923.0;6511.2;1482.4
12;38;6;4880.0;6080.0;6730.0;7395.8;7539.0;6560.0;964.1
12;39;6;5357.0;6333.5;7189.5;7792.0;7918.0;6949.2;948.5
12;40;6;4719.0;5179.2;7049.0;7826.0;7863.0;6553.5;1376.0
12;41;6;4770.0;5340.5;6982.0;7368.0;7385.0;6401.5;1134.9
12;42;6;4658.0;5560.0;6565.5;7208.0;7259.0;6282.5;1004.5
12;43;6;4499.0;5270.2;6311.5;7022.0;7064.0;6061.3;1023.4
12;44;6;4676.0;5811.5;6496.5;6877.0;6959.0;6202.5;822.4
12;45;6;4543.0;5342.0;6408.5;7259.0;7376.0;6210.8;1116.5
12;46;6;4653.0;5773.5;6324.0;7229.2;7859.0;6380.2;1084.6
12;47;6;4822.0;5393.5;6605.0;7133.2;7239.0;6261.7;975.6
12;48;6;5026.0;5557.0;5888.0;6494.2;6727.0;5945.3;613.5
12;49;6;5026.0;5367.0;5741.5;6774.5;7125.0;5999.2;829.9
12;50;6;5349.0;5555.0;5710.5;6718.8;7054.0;6063.7;701.6
12;51;6;4142.0;4329.2;5500.0;6875.5;7158.0;5595.5;1285.2
12;52;6;3988.0;4528.0;5020.5;6423.5;7290.0;5429.0;1214.5
12;53;6;4924.0;5582.8;5985.0;7100.5;7419.0;6205.7;930.5
12;54;6;3870.0;4737.5;5345.0;6312.5;6663.0;5398.8;1008.9
12;55;6;4230.0;4437.5;4809.5;6781.2;7379.0;5496.7;1347.2
12;56;6;4716.0;4904.8;5185.0;6357.8;6779.0;5570.8;845.2
12;57;6;4540.0;5216.5;5998.5;6816.5;7179.0;5960.2;964.7
12;58;6;4411.0;4564.2;5204.0;6667.2;7074.0;5566.5;1116.4
12;59;6;4027.0;4814.8;5601.5;6116.0;6420.0;5415.0;864.1
12;60;6;3646.0;4675.8;5552.5;6466.8;6607.0;5418.8;1114.6
12;61;6;3720.0;3950.5;4626.5;6023.2;6428.0;4935.8;1116.0
12;62;6;4599.0;4654.5;5255.5;6384.5;6669.0;5499.0;888.3
12;63;6;3698.0;4309.2;4890.0;5922.2;6293.0;5025.5;973.0
12;64;6;4266.0;4581.8;4866.5;5809.8;6230.0;5140.0;758.5
12;65;6;3405.0;4320.2;5197.0;5989.8;6133.0;5035.7;1014.3
12;66;6;4177.0;4906.0;5248.0;6103.8;6422.0;5379.3;796.3
12;67;6;4229.0;4530.0;5046.5;5815.8;6062.0;5135.7;710.9
12;68;6;3791.0;3952.8;4592.0;5661.8;5896.0;4771.5;881.9
12;69;6;3580.0;4590.5;4720.0;5728.5;6065.0;4949.5;876.7
12;70;6;4040.0;4487.2;5186.0;6023.5;6282.0;5208.5;860.6
12;71;6;3611.0;3992.2;4601.5;5602.2;5850.0;4731.5;884.6
12;72;6;3987.0;4652.8;4898.5;5560.5;5808.0;4990.7;644.6
12;73;6;3755.0;4387.2;4736.5;5425.5;5753.0;4817.8;698.8
12;74;6;4337.0;4556.8;4828.5;5432.5;5698.0;4965.3;526.5
12;75;6;4347.0;4514.0;4772.5;5632.5;5931.0;5028.3;646.2
12;76;6;3723.0;4190.0;4870.0;5648.2;5888.0;4870.3;825.6
12;77;6;3900.0;4341.5;4862.0;5638.2;5829.0;4919.7;736.0
12;78;6;4352.0;4753.5;4911.5;5462.5;5706.0;5038.0;482.3
12;79;6;3899.0;4347.0;4830.0;5617.5;5814.0;4906.5;727.8
12;80;6;3686.0;4208.8;4413.5;4852.2;5677.0;4554.8;633.7
12;81;6;3706.0;3745.0;3869.5;4507.0;5761.0;4271.5;748.3
12;82;6;3812.0;3865.0;4257.5;4992.8;5722.0;4503.5;719.3
12;83;6;3985.0;4154.8;4667.0;4789.2;5688.0;4636.8;573.2
12;84;6;4331.0;4502.5;4905.0;5029.2;5669.0;4874.8;449.7
12;85;6;3721.0;3944.5;4550.5;5104.0;5589.0;4573.7;700.3
12;86;6;3815.0;4196.5;4371.0;4588.2;5590.0;4491.0;554.5
12;87;6;3545.0;3785.0;4303.5;4886.5;5637.0;4413.7;739.4
12;88;6;3667.0;4034.0;4693.0;5067.8;5679.0;4623.2;698.7
12;89;6;3922.0;4046.2;4132.5;4605.8;5585.0;4425.5;581.7
12;90;6;3522.0;3705.8;3838.5;4333.5;5536.0;4149.2;687.4
12;91;6;3992.0;4322.5;4517.5;4954.8;5552.0;4656.2;517.4
12;92;6;3990.0;4753.5;4972.0;5100.5;5574.0;4888.7;481.9
12;93;6;3740.0;4230.2;4539.5;4912.5;5634.0;4602.8;604.1
12;94;6;3971.0;4163.0;4507.0;5121.8;5639.0;4666.5;614.6
12;95;6;3742.0;4229.0;4358.0;4535.0;5673.0;4485.2;590.3
12;96;6;3871.0;3926.5;4079.0;4811.2;5650.0;4435.0;673.2
12;97;6;4490.0;4722.0;4843.0;4940.8;5627.0;4909.7;354.5
12;98;6;3799.0;4042.5;4509.5;5116.8;5794.0;4636.3;721.7
12;99;6;4155.0;4335.8;4904.5;5153.8;5737.0;4847.3;558.4
13;0;6;6401.0;6785.8;7368.5;7451.8;7593.0;7133.7;458.2
13;1;6;6172.0;6887.0;7583.5;7625.2;7737.0;7228.3;592.5
13;2;6;5826.0;6632.0;7595.0;7669.2;7785.0;7134.3;763.5
13;3;6;6354.0;6803.2;7447.0;7501.2;7513.0;7144.8;477.7
13;4;6;6023.0;6770.2;7369.0;7400.8;7429.0;7028.7;541.4
13;5;6;6112.0;6837.0;7379.5;7696.2;7870.0;7199.8;624.3
13;6;6;6137.0;6459.8;7132.5;7346.2;7424.0;6913.2;524.5
13;7;6;5919.0;6406.2;7231.0;7791.0;7887.0;7062.8;773.2
13;8;6;5761.0;6602.5;7178.0;7425.8;7497.0;6922.2;629.1
13;9;6;6074.0;6569.2;7540.5;7660.5;7700.0;7133.5;689.1
13;10;6;5977.0;6258.2;7260.0;7475.8;7505.0;6912.3;673.5
13;11;6;6045.0;6786.0;7441.0;7749.5;7935.0;7213.7;677.2
13;12;6;5830.0;6573.2;7409.0;7520.2;7831.0;7055.2;726.7
13;13;6;6084.0;6669.8;7530.5;7611.2;7670.0;7139.3;645.9
13;14;6;6298.0;6562.2;7219.5;7598.5;7887.0;7115.3;604.4
13;15;6;6192.0;6606.2;7319.0;7416.8;7488.0;7022.7;526.8
13;16;6;5953.0;6262.2;6858.0;7056.2;7185.0;6673.3;477.4
13;17;6;5725.0;6565.5;7205.0;7867.0;8127.0;7117.0;854.2
13;18;6;6064.0;6406.5;7020.5;7734.2;7868.0;7024.5;725.1
13;19;6;6261.0;6481.0;6986.0;7492.5;7711.0;6986.3;564.8
13;20;6;6179.0;6607.2;7348.5;7926.2;8150.0;7250.8;757.5
13;21;6;5780.0;5977.5;6687.0;7429.5;7808.0;6730.0;828.8
13;22;6;5881.0;6077.2;6903.5;7860.2;8061.0;6955.0;941.3
13;23;6;6253.0;6486.5;7177.5;7753.0;7797.0;7101.0;661.0
13;24;6;5239.0;6027.8;7204.5;7958.2;8014.0;6917.8;1107.3
13;25;6;5745.0;6097.8;7191.5;7714.5;8114.0;6977.3;919.8
13;26;6;5821.0;5919.5;6547.0;7376.2;7735.0;6668.8;777.9
13;27;6;5774.0;5964.5;6865.5;7443.2;7474.0;6713.2;755.4
13;28;6;5137.0;5971.0;7376.5;7895.5;8123.0;6930.7;1159.5
13;29;6;5409.0;6258.5;7017.5;7574.8;7670.0;6813.3;840.9
13;30;6;5406.0;5726.5;6715.5;7476.5;7629.0;6598.8;941.7
13;31;6;5701.0;5818.2;6850.5;7993.8;8119.0;6895.0;1093.7
13;32;6;5019.0;5761.5;6505.5;7154.2;7475.0;6398.2;882.6
13;33;6;5393.0;5627.2;6731.0;7534.8;7705.0;6603.7;979.4
13;34;6;4688.0;5987.8;6341.5;7162.5;7532.0;6368.2;952.7
13;35;6;5273.0;6253.2;7211.0;7836.5;7950.0;6937.3;1010.2
13;36;6;5213.0;5737.0;6604.5;7970.0;8202.0;6749.5;1222.0
13;37;6;5838.0;6260.2;7009.0;7220.0;7507.0;6777.3;618.6
13;38;6;4503.0;5415.5;6450.0;7181.5;7270.0;6194.8;1055.7
13;39;6;4643.0;5375.5;6016.0;6404.5;6577.0;5824.7;694.6
13;40;6;4244.0;5260.5;5970.0;6716.2;6850.0;5837.2;975.4
13;41;6;5083.0;5372.0;6190.0;6860.2;6968.0;6102.3;787.6
13;42;6;3874.0;5883.0;6211.0;6430.2;6915.0;5914.7;973.7
13;43;6;3754.0;5281.5;5962.0;6882.5;7133.0;5842.5;1177.6
13;44;6;3363.0;4592.8;5896.5;6899.5;7200.0;5624.7;1451.8
13;45;6;4361.0;5367.5;5844.5;6286.2;6321.0;5668.8;710.2
13;46;6;3795.0;5007.8;6011.0;6432.2;6464.0;5587.8;998.7
13;47;6;3726.0;5328.0;5857.0;6362.0;6524.0;5607.7;958.0
13;48;6;3665.0;5040.2;5614.5;6464.0;6640.0;5521.7;1040.8
13;49;6;4024.0;4554.2;5459.0;5982.8;6226.0;5263.0;847.5
13;50;6;4323.0;4810.2;5328.0;5854.0;6095.0;5290.2;640.5
13;51;6;3710.0;3973.5;4986.5;5850.2;6073.0;4921.7;968.8
13;52;6;4723.0;4745.5;4858.5;5870.0;6460.0;5302.5;727.5
13;53;6;4064.0;4394.2;4779.0;5800.5;6038.0;5011.2;788.5
13;54;6;4614.0;4694.0;4966.5;5624.5;5772.0;5127.7;492.3
13;55;6;4723.0;4882.8;5101.5;5577.5;5876.0;5224.7;427.7
13;56;6;3877.0;4269.0;5135.5;5561.0;5717.0;4924.7;730.4
13;57;6;4101.0;4429.5;4782.5;5494.8;5721.0;4905.2;621.3
13;58;6;3638.0;4689.0;4798.5;5505.0;5739.0;4894.5;714.6
13;59;6;4179.0;4694.8;4764.0;5359.8;5801.0;4956.3;550.0
13;60;6;4547.0;4712.2;5066.0;5547.2;5704.0;5114.2;462.7
13;61;6;3808.0;4741.5;4820.0;5469.2;5677.0;4921.0;638.0
13;62;6;3933.0;4258.5;4768.5;5520.8;5759.0;4848.2;705.5
13;63;6;3925.0;4156.8;4718.0;5585.2;5804.0;4834.8;758.7
13;64;6;3737.0;4526.5;4919.5;5521.0;5738.0;4905.2;700.8
13;65;6;4017.0;4214.8;4652.5;5413.5;5733.0;4798.5;676.2
13;66;6;4155.0;4275.2;4615.0;5451.2;5668.0;4824.2;630.5
13;67;6;4093.0;4827.5;5014.0;5435.2;5661.0;5020.5;520.9
13;68;6;3640.0;4059.8;4214.0;5252.5;5589.0;4544.0;758.5
13;69;6;4088.0;4303.0;4805.5;5501.5;5742.0;4885.0;652.7
13;70;6;3841.0;4614.8;4790.0;5361.2;5519.0;4841.3;578.2
13;71;6;4206.0;4615.2;4842.5;5541.5;5798.0;5000.5;592.3
13;72;6;4394.0;4789.0;4876.0;5498.5;5685.0;5049.5;478.1
13;73;6;3923.0;4333.0;4921.5;5378.8;5587.0;4836.8;624.0
13;74;6;4224.0;4372.8;4596.0;5233.2;5514.0;4779.0;504.8
13;75;6;4436.0;4686.8;4863.0;5401.5;5583.0;4992.3;436.7
13;76;6;3897.0;4180.5;4535.0;5353.0;5567.0;4703.7;657.3
13;77;6;3862.0;4316.2;4679.0;5482.8;5648.0;4802.3;684.4
13;78;6;3840.0;4587.8;4659.0;5254.5;5499.0;4779.0;565.0
13;79;6;3923.0;4041.8;4491.5;5218.0;5511.0;4628.2;640.9
13;80;6;3644.0;4015.5;4251.0;4690.5;5488.0;4401.3;602.4
13;81;6;3763.0;4569.2;4801.0;4908.2;5462.0;4710.5;511.7
13;82;6;3625.0;4878.5;4986.5;5105.0;5517.0;4850.3;587.0
13;83;6;4306.0;4525.2;4805.5;5042.2;5597.0;4844.5;424.8
13;84;6;3912.0;4228.8;4594.5;4857.5;5461.0;4602.3;507.8
13;85;6;3766.0;4280.2;4830.0;4872.0;5491.0;4650.0;563.9
13;86;6;4505.0;4634.8;4742.0;4916.8;5507.0;4845.0;328.5
13;87;6;3507.0;4523.0;4892.5;5053.5;5635.0;4739.0;658.1
13;88;6;4707.0;4725.2;4863.5;5006.2;5575.0;4957.0;303.6
13;89;6;4007.0;4818.0;4912.5;5047.5;5486.0;4866.2;444.2
13;90;6;3696.0;4458.5;4684.0;4773.8;5588.0;4639.8;559.4
13;91;6;3798.0;3889.2;4100.0;4612.2;5593.0;4365.5;632.5
13;92;6;4305.0;4605.2;4758.5;4985.2;5591.0;4838.0;404.4
13;93;6;3124.0;3617.8;3879.5;4848.5;5514.0;4183.2;855.3
13;94;6;3873.0;4104.0;4613.5;5105.0;5437.0;4623.3;599.9
13;95;6;3723.0;3914.5;4421.0;4609.5;5360.0;4390.5;554.5
13;96;6;4185.0;4574.2;4605.5;4695.2;5570.0;4709.2;419.9
13;97;6;3663.0;4610.8;4927.0;5205.8;5638.0;4826.5;624.9
13;98;6;3339.0;3917.0;4450.5;4704.2;5595.0;4393.8;718.2
13;99;6;3731.0;3994.5;4782.5;4876.0;5673.0;4601.3;680.0
14;0;6;6770.0;7057.2;7749.5;7832.0;7948.0;7483.8;485.4
14;1;6;5801.0;6741.2;7984.0;8191.0;8213.0;7428.2;968.9
14;2;6;5651.0;6749.8;7514.0;7602.5;7715.0;7086.8;759.4
14;3;6;5182.0;7012.0;7480.0;7578.2;7836.0;7074.2;896.7
14;4;6;6110.0;6643.0;7768.5;8024.0;8199.0;7370.5;835.4
14;5;6;6598.0;6981.0;7598.5;7721.0;7853.0;7364.2;482.6
14;6;6;6381.0;6940.5;8055.5;8164.0;8441.0;7617.0;813.4
14;7;6;5715.0;6152.5;7297.5;7421.0;7743.0;6881.0;811.3
14;8;6;6407.0;6690.8;7436.0;7543.0;7710.0;7168.3;533.9
14;9;6;5374.0;6831.5;7580.5;7640.2;8123.0;7150.0;917.8
14;10;6;6254.0;6549.0;7005.0;7117.5;7518.0;6889.0;431.5
14;11;6;6078.0;6768.0;7206.5;7434.2;7594.0;7036.2;528.9
14;12;6;5826.0;6334.8;7390.5;7598.0;7918.0;7029.2;803.7
14;13;6;6504.0;7052.0;8175.5;8484.5;8571.0;7781.8;842.5
14;14;6;5863.0;6496.8;7219.5;7898.0;8329.0;7168.5;894.6
14;15;6;6240.0;6717.5;7711.5;8046.2;8310.0;7419.5;805.7
14;16;6;6039.0;6418.0;7253.5;7815.2;8094.0;7130.3;794.8
14;17;6;5555.0;5966.2;6641.5;7332.5;7518.0;6610.0;785.7
14;18;6;6441.0;6488.2;6991.5;7527.0;7970.0;7070.0;612.0
14;19;6;5814.0;6332.8;7403.5;8317.5;8352.0;7261.8;1078.9
14;20;6;5955.0;6311.2;7474.5;7829.2;8057.0;7138.7;856.0
14;21;6;5477.0;6347.8;7044.5;8018.0;8285.0;7051.5;1027.4
14;22;6;5782.0;6514.5;7556.5;8336.8;8411.0;7345.0;1055.4
14;23;6;5799.0;6040.8;7125.5;7695.8;7841.0;6909.3;862.4
14;24;6;5896.0;6157.5;7058.0;7531.8;7837.0;6899.3;770.1
14;25;6;5440.0;6111.2;7066.0;7910.5;8040.0;6932.8;1044.8
14;26;6;5842.0;6131.8;6913.5;7669.0;7901.0;6893.7;859.7
14;27;6;4992.0;6069.0;6961.5;7854.0;7985.0;6803.8;1150.5
14;28;6;5659.0;6217.0;7589.5;7909.8;8304.0;7153.0;1031.9
14;29;6;5190.0;5811.5;6713.0;7295.8;7441.0;6509.7;869.0
14;30;6;4793.0;5551.2;6569.5;7510.5;7583.0;6425.2;1119.0
14;31;6;4767.0;5813.0;6662.5;7356.8;7450.0;6443.3;1002.9
14;32;6;4149.0;5166.5;6337.0;7264.5;7507.0;6113.3;1272.9
14;33;6;4651.0;5472.5;6295.5;6632.5;6658.0;5973.8;764.9
14;34;6;4838.0;5349.2;6426.0;7318.2;7383.0;6279.8;1077.2
14;35;6;4355.0;5117.5;6366.0;7058.8;7161.0;6039.8;1112.7
14;36;6;4984.0;5540.5;6091.0;6571.0;6637.0;5981.8;634.2
14;37;6;4876.0;5064.5;5836.0;6744.8;6894.0;5882.8;881.8
14;38;6;4436.0;5266.2;6237.5;6827.8;6929.0;5967.8;948.4
14;39;6;5002.0;5217.0;6162.0;6903.8;6998.0;6062.8;879.8
14;40;6;4969.0;5407.0;6546.5;7381.5;7855.0;6434.0;1125.9
14;41;6;5096.0;5631.5;6630.5;7490.8;7672.0;6517.5;1038.5
14;42;6;4790.0;5667.2;6533.0;7294.5;7332.0;6352.5;989.3
14;43;6;5797.0;6212.8;6787.0;7206.0;7303.0;6673.5;587.1
14;44;6;5113.0;5371.5;6049.0;6818.8;7289.0;6120.2;853.3
14;45;6;4594.0;5448.8;6315.0;7050.0;7195.0;6145.7;993.3
14;46;6;4454.0;5338.8;5967.5;6511.5;6723.0;5822.3;816.4
14;47;6;4279.0;4726.2;5830.0;6361.5;6654.0;5581.7;927.7
14;48;6;4864.0;5695.2;5863.0;6406.5;6897.0;5952.3;655.5
14;49;6;4045.0;5029.5;5213.5;6593.0;7370.0;5643.8;1169.1
14;50;6;4719.0;4964.2;5044.0;6664.2;7200.0;5691.5;1071.2
14;51;6;4253.0;4762.2;5338.0;6347.2;6618.0;5466.8;903.0
14;52;6;4909.0;5280.2;5678.0;6269.2;6779.0;5776.3;660.4
14;53;6;3848.0;4367.8;4999.0;6117.8;6588.0;5180.3;1026.0
14;54;6;5239.0;5502.0;5840.5;6632.8;7630.0;6139.3;850.2
14;55;6;4636.0;5112.0;5520.5;6806.5;7252.0;5856.7;1007.2
14;56;6;4031.0;5491.0;5713.0;6754.8;7215.0;5865.2;1066.5
14;57;6;5076.0;5423.8;5537.0;6491.0;6935.0;5880.0;712.2
14;58;6;4006.0;4854.8;5722.0;6366.5;6541.0;5523.0;935.4
14;59;6;4267.0;5116.8;5621.0;6279.0;6525.0;5580.2;791.2
14;60;6;4915.0;5162.8;5391.5;6095.8;6559.0;5612.3;609.6
14;61;6;4158.0;5363.2;5638.5;6240.0;6432.0;5596.5;769.0
14;62;6;4000.0;4415.2;4991.5;6193.2;6541.0;5223.5;997.6
14;63;6;4555.0;4938.2;5496.5;6133.5;6396.0;5507.0;690.7
14;64;6;3874.0;4580.8;4813.0;6166.5;6663.0;5214.0;1040.5
14;65;6;4829.0;5158.0;5339.5;6413.5;7008.0;5730.8;829.7
14;66;6;4201.0;4859.0;5000.0;6187.2;6633.0;5371.5;906.7
14;67;6;4675.0;5099.2;5379.5;6154.0;6390.0;5540.3;645.9
14;68;6;3880.0;5040.5;5267.5;6241.5;6607.0;5425.5;941.9
14;69;6;4401.0;5065.2;5353.5;6376.8;6643.0;5573.0;830.6
14;70;6;3888.0;4949.8;5234.0;5954.0;6381.0;5297.7;824.8
14;71;6;3791.0;4751.5;5296.5;6077.0;6332.0;5270.5;893.5
14;72;6;4084.0;5160.8;5518.5;6066.0;6326.0;5456.2;750.0
14;73;6;4271.0;4537.2;4644.5;5951.8;6488.0;5156.2;905.9
14;74;6;4119.0;5380.0;5642.0;6317.2;6544.0;5630.3;817.0
14;75;6;3814.0;4003.5;4661.0;6018.2;6418.0;4968.2;1077.1
14;76;6;4005.0;4330.5;4672.5;5719.5;6106.0;4956.8;816.6
14;77;6;4747.0;5062.0;5398.5;5898.5;6211.0;5461.7;525.3
14;78;6;4009.0;4562.8;4975.5;5709.2;6027.0;5061.0;730.4
14;79;6;4067.0;4178.0;4501.5;5935.0;6428.0;4996.8;1009.8
14;80;6;4164.0;4662.8;4981.0;5347.2;6032.0;5030.7;597.4
14;81;6;3601.0;4087.2;4599.5;5320.2;6322.0;4766.5;919.5
14;82;6;4721.0;5103.2;5477.0;5672.2;6047.0;5406.3;438.9
14;83;6;4066.0;4496.2;5434.5;5746.5;6307.0;5212.7;823.8
14;84;6;4363.0;5070.5;5153.5;5538.8;6340.0;5286.7;605.5
14;85;6;4470.0;4473.2;4667.5;4993.8;5972.0;4881.3;534.7
14;86;6;4315.0;4644.2;4953.5;5226.8;5919.0;5000.0;516.9
14;87;6;3762.0;4180.5;4633.0;4937.0;6021.0;4686.2;727.4
14;88;6;3835.0;4314.2;4557.5;4990.5;5987.0;4717.5;685.1
14;89;6;3720.0;4384.5;4866.5;4986.2;5819.0;4753.7;652.5
14;90;6;4102.0;4237.8;4520.5;4878.2;5545.0;4638.2;497.4
14;91;6;3576.0;3970.5;4485.5;4870.0;5689.0;4505.5;704.8
14;92;6;4023.0;4425.8;4830.0;5070.8;5718.0;4807.2;547.7
14;93;6;3708.0;4220.2;4730.5;5044.2;6022.0;4731.7;740.6
14;94;6;4188.0;4338.2;4581.5;4923.0;6191.0;4806.0;674.0
14;95;6;4236.0;4814.8;5103.5;5251.2;5919.0;5063.5;513.7
14;96;6;3781.0;4128.8;4686.5;4997.5;5980.0;4696.3;728.2
14;97;6;3943.0;4473.5;4779.0;4912.0;6528.0;4892.8;802.1
14;98;6;4031.0;4415.0;4971.0;5454.2;6580.0;5066.3;851.6
14;99;6;3938.0;3975.8;4281.5;5351.5;6049.0;4688.7;844.7
15;0;6;6596.0;7046.2;7732.5;7855.5;7910.0;7447.5;524.8
15;1;6;6171.0;6711.2;7558.0;7851.2;8032.0;7282.8;717.1
15;2;6;5925.0;6498.0;7275.0;7503.8;7885.0;7029.8;697.2
15;3;6;6870.0;7139.0;7634.5;7877.2;7987.0;7509.7;435.6
15;4;6;6269.0;6680.2;7403.5;7498.2;7634.0;7113.2;542.9
15;5;6;6301.0;6556.0;7288.0;7316.5;7435.0;6991.7;484.7
15;6;6;6363.0;6847.8;7866.5;7989.8;8152.0;7464.5;725.1
15;7;6;6130.0;6526.5;7411.0;7657.2;7882.0;7134.2;693.6
15;8;6;6695.0;6864.8;7223.0;7302.2;7653.0;7144.7;329.6
15;9;6;6480.0;6771.2;7265.5;7327.0;7336.0;7050.2;357.9
15;10;6;6359.0;6643.8;7458.5;7644.0;7788.0;7190.3;585.9
15;11;6;6266.0;6468.0;7130.5;7357.2;7921.0;7021.3;592.0
15;12;6;5991.0;6581.2;7276.0;7580.8;7751.0;7054.3;649.3
15;13;6;6306.0;6764.0;7315.0;7423.5;7492.0;7078.0;459.5
15;14;6;6176.0;6658.0;7315.0;7696.0;7851.0;7153.2;630.4
15;15;6;6228.0;6720.8;8077.0;8297.0;8464.0;7580.8;943.8
15;16;6;5768.0;6704.0;7258.0;7497.0;7613.0;6998.8;650.0
15;17;6;6300.0;6529.2;7206.0;8007.2;8122.0;7235.3;763.8
15;18;6;5894.0;6332.8;7222.0;8114.2;8192.0;7163.0;973.8
15;19;6;6055.0;6198.8;7175.5;7969.2;8203.0;7119.3;917.8
15;20;6;5322.0;5864.2;6825.0;7758.8;7813.0;6733.2;1057.5
15;21;6;5848.0;5923.0;6954.5;8049.0;8207.0;6992.8;1089.3
15;22;6;6058.0;6281.2;7304.0;7828.8;8031.0;7106.8;819.1
15;23;6;6569.0;6743.5;7440.5;8112.0;8174.0;7411.8;712.4
15;24;6;5500.0;5748.8;6750.0;7434.8;7527.0;6600.8;866.1
15;25;6;5773.0;6072.2;7260.0;7895.8;8007.0;7014.0;947.6
15;26;6;4613.0;6201.5;6924.5;7225.2;7396.0;6524.0;966.1
15;27;6;4378.0;5196.8;7060.5;7602.8;7667.0;6420.8;1371.9
15;28;6;4436.0;5262.2;6756.0;7380.5;7473.0;6295.7;1220.1
15;29;6;4603.0;4997.5;5841.5;6769.5;7183.0;5877.3;1007.4
15;30;6;4094.0;5941.5;6349.0;6783.5;7344.0;6145.0;1041.6
15;31;6;5955.0;6089.0;6536.0;6887.8;6977.0;6491.5;427.5
15;32;6;4496.0;5884.5;6688.0;7276.2;7413.0;6395.7;1038.4
15;33;6;4664.0;4989.0;6187.0;6683.0;7338.0;5969.0;1007.9
15;34;6;4140.0;4846.5;5864.5;6662.8;6740.0;5674.2;1033.1
15;35;6;4625.0;5632.0;6096.0;6540.5;6579.0;5927.0;701.7
15;36;6;4901.0;5547.2;6300.0;6769.2;6817.0;6090.0;739.9
15;37;6;4384.0;5457.0;6213.5;7006.8;7303.0;6098.3;1065.2
15;38;6;4904.0;5366.5;5983.0;6755.5;6875.0;5986.5;784.4
15;39;6;5025.0;5296.5;5877.0;6174.0;6302.0;5742.8;498.6
15;40;6;4393.0;4653.2;5586.5;5991.8;6100.0;5355.8;715.6
15;41;6;3911.0;4583.0;5441.5;6012.0;6074.0;5227.8;844.2
15;42;6;4288.0;4950.2;5604.5;6070.5;6162.0;5436.2;706.7
15;43;6;3751.0;4955.5;5519.5;6004.0;6074.0;5299.5;834.3
15;44;6;4737.0;5226.2;5646.5;6042.0;6094.0;5564.0;508.9
15;45;6;3993.0;4652.2;5638.5;6092.2;6228.0;5344.2;861.7
15;46;6;5216.0;5276.0;5550.0;6016.8;6136.0;5634.8;387.4
15;47;6;5221.0;5379.5;6080.5;6542.2;6941.0;6027.5;664.4
15;48;6;4173.0;5092.0;5172.0;6174.5;6580.0;5445.2;845.4
15;49;6;4811.0;4913.0;5237.5;5737.5;6047.0;5340.3;473.9
15;50;6;4052.0;4551.8;4970.0;6018.2;7125.0;5316.2;1068.4
15;51;6;4702.0;5065.2;5466.0;6172.8;6674.0;5608.0;706.8
15;52;6;4364.0;4708.8;4918.0;5579.5;5858.0;5082.8;558.0
15;53;6;4274.0;4555.8;5123.0;5639.2;6545.0;5207.2;780.0
15;54;6;4305.0;4708.2;5176.5;5668.8;5981.0;5170.7;598.0
15;55;6;3846.0;4159.2;4914.0;5654.5;6215.0;4949.7;877.0
15;56;6;4693.0;4866.5;5313.0;6021.2;6359.0;5442.2;658.0
15;57;6;4712.0;4813.5;5077.0;5724.5;6112.0;5274.0;544.8
15;58;6;4515.0;5012.5;5034.5;5634.0;6117.0;5256.7;544.6
15;59;6;4254.0;4937.5;5247.0;6197.0;6450.0;5424.3;804.6
15;60;6;4623.0;4937.8;5262.5;5790.5;5922.0;5311.0;493.2
15;61;6;4473.0;4549.5;4850.0;5631.2;5909.0;5070.5;593.7
15;62;6;4544.0;4834.5;5004.5;5584.0;5743.0;5141.8;455.1
15;63;6;3957.0;4493.2;4545.0;5484.8;5831.0;4858.7;701.8
15;64;6;4074.0;4704.5;5063.0;5604.5;5784.0;5059.0;603.2
15;65;6;4152.0;4427.8;4883.0;5552.0;5760.0;4954.8;623.2
15;66;6;4778.0;4918.5;5157.5;5699.5;5934.0;5291.0;449.0
15;67;6;4797.0;4893.8;5202.5;5581.0;5817.0;5252.8;390.6
15;68;6;3364.0;4484.8;4732.0;5420.2;5865.0;4790.8;822.5
15;69;6;3964.0;4988.0;5065.5;5799.2;6099.0;5200.0;722.6
15;70;6;4699.0;5029.5;5186.0;5892.2;6161.0;5389.5;550.1
15;71;6;4529.0;5053.0;5155.0;5554.0;5857.0;5233.7;433.4
15;72;6;3830.0;4863.2;5219.5;5698.8;5812.0;5114.0;681.5
15;73;6;4099.0;5069.2;5136.5;5650.0;5828.0;5178.0;578.4
15;74;6;5054.0;5221.0;5367.0;5924.8;6131.0;5533.7;427.4
15;75;6;3927.0;4760.5;5123.0;5790.8;5954.0;5130.0;715.3
15;76;6;5099.0;5153.2;5200.5;5878.5;6176.0;5486.3;460.7
15;77;6;4748.0;5128.2;5314.5;5829.2;6271.0;5452.5;518.1
15;78;6;4451.0;4998.2;5507.0;5982.0;6201.0;5439.2;627.1
15;79;6;3816.0;4691.0;4818.0;5719.8;6025.0;5024.3;777.1
15;80;6;3990.0;4692.5;4998.5;5108.0;6041.0;4960.5;616.0
15;81;6;4491.0;4709.2;5213.0;5520.2;5824.0;5150.8;493.1
15;82;6;4807.0;4947.5;5187.0;5506.8;6216.0;5313.0;482.4
15;83;6;4849.0;5067.8;5120.0;5392.0;5985.0;5267.8;369.4
15;84;6;4481.0;4837.8;5024.0;5339.2;6016.0;5127.5;488.4
15;85;6;3740.0;4593.5;5039.5;5486.2;6035.0;4989.0;748.8
15;86;6;4525.0;4958.2;5254.0;5723.0;6094.0;5311.0;534.9
15;87;6;4285.0;4722.0;4929.0;5103.8;5904.0;4977.0;494.8
15;88;6;3778.0;4613.5;4918.0;5260.8;6027.0;4921.3;691.5
15;89;6;3957.0;4351.2;4714.5;5296.0;5929.0;4839.2;672.3
15;90;6;4844.0;4955.0;5030.5;5068.5;5851.0;5127.8;332.5
15;91;6;4444.0;4492.8;4830.0;5189.8;5863.0;4942.8;506.6
15;92;6;4292.0;4467.0;4687.5;4897.5;5789.0;4802.8;492.1
15;93;6;3730.0;3953.8;4599.5;4922.8;5572.0;4545.0;649.5
15;94;6;4272.0;4846.2;5013.0;5017.0;5676.0;4963.8;413.0
15;95;6;4000.0;4240.2;4586.5;4974.0;5578.0;4663.2;539.5
15;96;6;3371.0;3924.2;4712.0;5089.5;5553.0;4537.5;772.8
15;97;6;3989.0;4255.0;4641.5;4929.0;5604.0;4671.2;537.7
15;98;6;3669.0;4010.5;4440.0;4873.2;5656.0;4515.0;665.6
15;99;6;3868.0;4339.5;4556.5;4945.2;5487.0;4635.0;520.2
16;0;6;6516.0;6973.8;7669.5;7711.2;7970.0;7382.0;544.8
16;1;6;6471.0;6907.8;7531.0;7703.5;7744.0;7289.7;501.5
16;2;6;6751.0;6932.8;7408.0;7565.2;7660.0;7269.8;364.6
16;3;6;6109.0;6583.5;7372.0;7649.8;8150.0;7177.7;729.3
16;4;6;6331.0;6833.8;7617.0;7664.5;7842.0;7276.7;591.8
16;5;6;6422.0;6719.8;7534.5;7733.5;7792.0;7255.2;576.6
16;6;6;6825.0;7190.8;7755.5;7804.2;7841.0;7500.0;417.8
16;7;6;5736.0;6544.8;7111.5;7459.2;7648.0;6923.0;673.1
16;8;6;5998.0;7183.0;7484.0;7506.0;7834.0;7232.7;593.4
16;9;6;5673.0;6482.2;7034.5;7190.8;7415.0;6783.0;604.3
16;10;6;6251.0;7057.5;7295.5;7346.8;7536.0;7120.0;421.1
16;11;6;6024.0;6608.0;7379.5;7656.0;7810.0;7115.3;672.2
16;12;6;6172.0;6566.5;7271.0;7581.0;7985.0;7119.2;652.5
16;13;6;6353.0;6650.5;7542.0;7673.8;7991.0;7249.8;646.4
16;14;6;5543.0;6802.8;7847.5;7978.8;8136.0;7308.5;960.1
16;15;6;5758.0;6100.2;6812.0;7079.8;7634.0;6674.7;671.0
16;16;6;5957.0;6669.0;7594.0;7829.8;7866.0;7213.3;752.0
16;17;6;5823.0;6342.2;7242.5;8162.2;8294.0;7185.5;1029.6
16;18;6;6082.0;6181.5;6767.5;7187.0;7407.0;6722.8;538.1
16;19;6;6103.0;6281.8;6801.5;7400.0;7655.0;6844.8;618.9
16;20;6;5599.0;6152.8;6856.5;7266.2;8213.0;6807.7;866.9
16;21;6;5719.0;6007.5;6820.0;7224.5;7432.0;6647.8;677.7
16;22;6;5316.0;6292.2;7116.0;7432.8;7580.0;6780.7;821.7
16;23;6;5768.0;6077.2;6928.5;7409.2;8106.0;6849.0;849.1
16;24;6;5634.0;5804.5;6571.0;7333.8;7355.0;6544.7;786.7
16;25;6;5860.0;6223.2;6658.0;7194.0;7293.0;6653.3;565.9
16;26;6;5939.0;6053.0;6719.5;7311.8;7450.0;6694.7;653.2
16;27;6;5620.0;6306.8;7230.5;8065.0;8098.0;7086.8;1003.8
16;28;6;5233.0;5997.8;6785.0;7564.0;7921.0;6713.8;988.4
16;29;6;5361.0;5682.2;6634.5;7622.0;8304.0;6708.3;1138.6
16;30;6;6603.0;6768.0;7262.5;7556.8;7787.0;7195.5;456.8
16;31;6;5283.0;5908.8;6496.0;7228.8;7332.0;6465.5;789.8
16;32;6;5860.0;6326.8;7120.5;7478.5;7483.0;6874.0;660.5
16;33;6;5631.0;5798.2;6654.5;7417.0;7477.0;6600.2;824.7
16;34;6;5529.0;5765.2;6554.5;7232.0;7583.0;6530.2;827.9
16;35;6;5044.0;6339.5;6951.5;7475.8;7585.0;6719.7;897.5
16;36;6;5212.0;5784.5;6553.0;7194.8;7379.0;6439.0;846.0
16;37;6;6140.0;6638.2;7315.0;7886.0;7939.0;7199.7;712.0
16;38;6;5224.0;5750.5;6458.5;7022.5;7446.0;6385.3;809.7
16;39;6;4792.0;5397.5;6443.5;7246.5;7362.0;6267.3;1045.5
16;40;6;5524.0;5753.8;6682.0;7276.5;7467.0;6545.7;809.8
16;41;6;4911.0;5851.8;6249.0;6749.0;7067.0;6185.2;724.7
16;42;6;5200.0;5694.5;6235.0;6754.5;6816.0;6154.7;642.6
16;43;6;4843.0;5298.2;6130.5;6625.2;6681.0;5932.7;736.4
16;44;6;4560.0;5070.8;5985.0;6666.8;6820.0;5835.0;897.7
16;45;6;4649.0;5048.0;5911.0;6750.0;6883.0;5857.3;933.2
16;46;6;4055.0;5215.0;6111.5;6719.2;6742.0;5809.7;1010.1
16;47;6;4022.0;4969.0;5752.0;6410.5;6495.0;5559.8;928.1
16;48;6;4391.0;5006.8;5304.5;6042.5;6382.0;5429.7;706.1
16;49;6;4631.0;4809.0;5323.0;6111.5;6450.0;5456.5;723.9
16;50;6;4499.0;4773.2;4925.5;5692.0;6266.0;5214.3;652.6
16;51;6;3855.0;4704.5;5191.0;6094.5;6408.0;5263.8;920.7
16;52;6;3800.0;4517.5;5081.0;6120.0;6408.0;5194.3;966.9
16;53;6;4342.0;5013.8;5363.0;5987.5;6190.0;5391.8;652.8
16;54;6;4147.0;5157.0;5325.0;5916.0;6212.0;5370.5;682.8
16;55;6;3968.0;4719.2;5100.0;5670.5;5982.0;5100.5;686.4
16;56;6;3852.0;4250.5;4504.5;5403.5;5709.0;4739.8;704.5
16;57;6;3546.0;4099.0;4728.0;5371.2;5568.0;4674.2;751.7
16;58;6;4006.0;4242.5;4969.5;5716.0;5920.0;4971.7;771.3
16;59;6;3682.0;3922.0;4710.0;5418.5;5633.0;4674.8;795.8
16;60;6;3797.0;4519.0;4943.0;5405.2;5564.0;4864.0;623.3
16;61;6;3540.0;4370.0;4570.5;5244.2;5483.0;4656.0;668.0
16;62;6;3671.0;3735.5;4372.0;5385.8;5610.0;4545.3;835.0
16;63;6;3806.0;4055.0;4657.5;5283.2;5459.0;4654.3;659.6
16;64;6;3736.0;4554.2;4951.0;5392.8;5631.0;4871.8;641.0
16;65;6;3820.0;4065.0;4585.0;5359.2;5617.0;4686.0;710.5
16;66;6;3549.0;3969.2;4241.5;5203.0;5687.0;4520.2;801.5
16;67;6;3727.0;3962.8;4444.0;5253.8;5472.0;4568.8;702.1
16;68;6;3777.0;3958.2;4887.5;5545.2;5634.0;4766.5;795.8
16;69;6;4057.0;4777.5;4869.0;5427.0;5598.0;4958.8;529.5
16;70;6;3758.0;4431.8;4627.5;5577.8;5884.0;4859.7;772.5
16;71;6;3728.0;3918.5;4508.5;5396.2;5725.0;4647.3;809.1
16;72;6;3967.0;4534.2;5036.5;5706.8;5940.0;5046.2;724.8
16;73;6;3518.0;4319.5;4792.5;5609.0;5943.0;4848.2;853.4
16;74;6;3945.0;4196.0;4827.5;5612.0;5747.0;4867.7;739.8
16;75;6;3925.0;4169.2;4720.5;5565.8;5781.0;4830.0;744.2
16;76;6;4346.0;5058.0;5222.5;5681.8;5862.0;5248.5;510.3
16;77;6;4812.0;5162.8;5310.5;5689.2;5792.0;5359.0;350.4
16;78;6;4761.0;4906.5;4978.5;5562.0;5755.0;5185.3;408.1
16;79;6;5044.0;5088.5;5231.0;5666.8;5810.0;5361.5;323.3
16;80;6;4811.0;4935.8;4978.5;5210.2;5922.0;5149.8;373.0
16;81;6;3715.0;3723.0;4270.0;4823.8;5604.0;4401.3;728.3
16;82;6;4936.0;4969.2;5066.0;5176.2;5684.0;5150.3;255.2
16;83;6;4904.0;4953.2;5133.5;5337.8;5922.0;5232.0;350.5
16;84;6;4305.0;4602.8;4997.5;5116.2;5762.0;4948.2;470.5
16;85;6;3789.0;4495.0;5061.5;5097.8;5887.0;4869.2;664.6
16;86;6;4288.0;4475.5;4772.5;4834.0;5687.0;4791.8;451.5
16;87;6;4060.0;4389.2;5078.5;5166.2;5828.0;4900.0;609.3
16;88;6;3880.0;4148.5;4325.0;4677.0;5751.0;4527.5;611.2
16;89;6;3637.0;4603.5;4884.0;5130.8;5700.0;4804.7;636.5
16;90;6;3794.0;4506.5;4793.5;4941.0;5683.0;4744.2;570.2
16;91;6;4469.0;4897.2;4966.0;5114.2;5712.0;5025.2;371.4
16;92;6;4000.0;4499.0;4771.0;4965.8;5591.0;4762.0;491.1
16;93;6;4566.0;4889.8;5057.0;5108.8;5528.0;5028.0;291.0
16;94;6;3933.0;4105.2;4478.5;4862.2;5749.0;4601.7;621.0
16;95;6;3711.0;4066.2;4956.5;5026.2;5572.0;4669.2;685.7
16;96;6;4568.0;4775.0;4843.5;4917.2;5538.0;4914.5;301.6
16;97;6;3812.0;4087.2;4960.5;5119.0;5497.0;4699.7;650.8
16;98;6;4206.0;4654.2;4746.0;4836.2;5461.0;4774.8;370.7
16;99;6;4546.0;4702.8;4841.0;5216.2;6105.0;5055.2;528.2
17;0;6;6718.0;6853.5;7316.5;7469.0;7852.0;7237.0;407.9
17;1;6;6252.0;6611.2;7309.0;7422.5;7505.0;7035.7;514.3
17;2;6;5533.0;6287.0;6987.0;7207.8;7588.0;6738.3;705.9
17;3;6;6569.0;7141.8;7679.5;7843.8;7913.0;7450.3;498.5
17;4;6;6530.0;6959.8;7675.0;7800.0;7918.0;7393.5;551.0
17;5;6;6420.0;6867.2;7776.0;8002.2;8046.0;7443.3;669.9
17;6;6;6095.0;6459.5;7070.5;7220.2;7472.0;6872.3;512.3
17;7;6;6273.0;7058.8;7630.0;7985.2;8063.0;7428.0;647.4
17;8;6;5895.0;6417.5;7888.0;8214.0;8300.0;7370.2;1028.9
17;9;6;6350.0;6700.2;7201.0;7427.2;7699.0;7081.2;481.4
17;10;6;5857.0;6644.2;7112.0;7375.8;7479.0;6918.7;572.5
17;11;6;6107.0;6713.2;7575.5;7720.0;8172.0;7270.7;741.4
17;12;6;6526.0;6905.0;7588.0;7740.0;7921.0;7348.5;537.3
17;13;6;6294.0;7012.0;7275.0;7373.8;7638.0;7135.5;431.0
17;14;6;6603.0;6956.2;7666.0;7782.5;8172.0;7441.3;572.3
17;15;6;5798.0;6268.5;7279.5;7541.2;8654.0;7095.2;973.3
17;16;6;6223.0;6569.0;7086.0;7314.2;7884.0;7011.0;563.0
17;17;6;6077.0;6583.5;7075.0;7493.8;7758.0;7006.3;603.9
17;18;6;5518.0;6000.2;6580.5;7792.2;8170.0;6808.7;1026.3
17;19;6;5735.0;6533.0;6935.0;7351.2;7651.0;6857.5;652.5
17;20;6;6033.0;6343.2;6858.5;7116.5;7258.0;6730.3;463.3
17;21;6;5484.0;6353.2;6789.0;7229.2;7283.0;6654.8;646.3
17;22;6;6176.0;6419.0;6769.5;7093.0;7419.0;6772.8;447.3
17;23;6;5691.0;5855.5;6320.0;7026.0;7138.0;6405.2;607.4
17;24;6;5967.0;5969.5;6444.0;7178.0;7267.0;6559.3;601.7
17;25;6;5811.0;5825.2;6314.0;6781.8;6912.0;6325.2;501.2
17;26;6;5285.0;5598.0;6242.5;6667.2;7024.0;6164.3;644.7
17;27;6;5525.0;5706.8;6329.0;6962.5;7035.0;6315.2;653.2
17;28;6;5475.0;5727.8;6717.0;7833.0;8001.0;6752.2;1093.0
17;29;6;5370.0;6056.8;7309.5;7797.2;7858.0;6907.7;1003.3
17;30;6;5513.0;6193.5;7143.0;7731.8;8135.0;6956.5;964.4
17;31;6;5619.0;5841.0;6299.0;7087.0;7651.0;6484.3;755.6
17;32;6;5212.0;6082.2;6866.5;7470.8;7608.0;6674.3;897.0
17;33;6;4327.0;5347.5;6473.0;7479.2;7617.0;6279.5;1288.0
17;34;6;4854.0;6444.0;7217.5;8159.0;8327.0;7045.8;1244.9
17;35;6;5569.0;6270.0;6652.5;7251.8;7508.0;6662.7;674.7
17;36;6;5310.0;6272.8;7043.5;7618.5;7898.0;6853.5;923.1
17;37;6;5071.0;5778.0;6594.0;7333.5;7527.0;6478.7;935.3
17;38;6;5205.0;6062.0;7302.5;7838.0;7878.0;6892.2;1059.5
17;39;6;4626.0;5107.0;6368.5;7337.5;7488.0;6199.7;1196.8
17;40;6;4273.0;4981.0;6526.5;7360.2;7521.0;6158.5;1307.5
17;41;6;4712.0;5052.8;6311.0;7312.0;7802.0;6235.8;1254.7
17;42;6;5305.0;5803.8;6553.5;7265.8;7326.0;6465.8;832.9
17;43;6;5106.0;5576.0;6309.5;6828.5;6874.0;6155.3;705.9
17;44;6;4800.0;6068.5;6741.0;6907.2;7324.0;6402.2;838.2
17;45;6;3878.0;4734.5;5896.0;7021.5;7143.0;5759.5;1326.6
17;46;6;5183.0;5617.8;6081.0;6496.2;6517.0;5993.3;528.2
17;47;6;5188.0;5757.5;6430.0;7062.8;7340.0;6365.8;810.1
17;48;6;4569.0;4644.0;5143.0;6428.8;6814.0;5500.7;953.9
17;49;6;4131.0;4716.0;5497.0;6580.2;6816.0;5556.3;1038.2
17;50;6;5145.0;5692.0;5915.5;6811.0;7297.0;6166.7;774.2
17;51;6;4554.0;4878.8;5281.0;6340.2;6920.0;5579.0;894.6
17;52;6;4368.0;5461.8;5956.5;6690.5;6947.0;5910.0;889.8
17;53;6;5218.0;5543.0;6105.5;6917.0;7144.0;6186.0;752.2
17;54;6;5074.0;5416.8;5892.0;6865.2;7226.0;6088.7;836.4
17;55;6;3957.0;4498.2;5471.0;6357.5;6591.0;5386.2;1023.6
17;56;6;5178.0;5324.8;5755.0;6555.8;7093.0;5964.2;742.3
17;57;6;4661.0;5336.5;5688.5;6258.8;6563.0;5711.5;654.1
17;58;6;4191.0;5080.0;5500.0;6342.2;6618.0;5562.0;860.3
17;59;6;3863.0;3996.8;4739.5;6350.0;6825.0;5133.8;1245.3
17;60;6;4867.0;5054.8;5303.5;6165.0;6514.0;5568.7;656.7
17;61;6;4550.0;5063.8;5273.5;5995.5;6428.0;5459.2;661.2
17;62;6;5075.0;5218.8;5464.0;6112.0;6333.0;5633.5;502.8
17;63;6;4255.0;4518.2;4952.0;5772.8;6099.0;5113.0;721.5
17;64;6;4866.0;4957.2;5205.0;5765.5;6018.0;5353.5;463.0
17;65;6;3571.0;4945.8;5175.5;5882.2;6166.0;5179.2;867.0
17;66;6;4051.0;4914.0;5093.0;5523.2;5722.0;5080.0;554.8
17;67;6;3547.0;4075.8;4501.5;5612.8;5940.0;4734.5;912.1
17;68;6;4989.0;5083.8;5415.5;5829.0;5929.0;5448.2;386.4
17;69;6;3901.0;4413.0;4553.5;5510.0;5820.0;4837.2;722.2
17;70;6;4343.0;4632.2;5261.5;5823.2;6017.0;5219.3;651.0
17;71;6;3893.0;3933.5;4113.0;5275.0;5624.0;4546.5;766.2
17;72;6;4005.0;4171.2;4516.5;5400.2;5671.0;4743.3;677.4
17;73;6;3561.0;3992.5;4811.5;5674.8;5875.0;4790.2;909.1
17;74;6;3499.0;4181.5;4794.0;5547.5;5655.0;4753.0;814.5
17;75;6;4233.0;4730.2;4864.5;5519.2;5757.0;5023.7;545.6
17;76;6;4031.0;4406.5;5263.5;5610.5;5938.0;5057.2;726.6
17;77;6;3922.0;4085.2;4405.5;5475.8;5791.0;4722.5;775.7
17;78;6;4294.0;4317.5;4362.5;5313.5;5688.0;4773.3;625.3
17;79;6;3783.0;3984.8;4431.5;5452.8;5725.0;4666.7;794.8
17;80;6;3674.0;4123.0;4319.5;5039.5;5684.0;4555.7;693.9
17;81;6;3604.0;3981.8;4325.0;4588.0;5699.0;4416.0;669.0
17;82;6;3620.0;4375.2;4995.5;5283.5;5720.0;4813.2;704.9
17;83;6;3850.0;4570.8;5042.5;5201.5;5515.0;4853.0;553.1
17;84;6;3857.0;3993.8;4325.0;4762.8;5493.0;4465.3;573.1
17;85;6;3675.0;4078.2;4547.5;4989.8;5446.0;4545.8;612.2
17;86;6;3520.0;4237.2;4612.5;4732.0;5317.0;4491.0;556.4
17;87;6;3554.0;3996.2;4324.0;4803.2;5308.0;4393.3;594.1
17;88;6;3813.0;4348.8;4851.0;5018.8;5416.0;4697.8;538.8
17;89;6;3836.0;4215.2;4636.5;5087.8;5352.0;4629.0;555.2
17;90;6;3444.0;3882.0;4491.5;4743.2;5344.0;4379.5;639.8
17;91;6;3626.0;3951.0;4282.0;4750.2;5441.0;4396.3;611.2
17;92;6;3649.0;4009.5;4442.5;4875.5;5578.0;4499.5;645.8
17;93;6;4170.0;4855.2;4993.5;5278.0;5832.0;5028.5;507.9
17;94;6;3735.0;4043.5;4813.5;5239.2;6487.0;4836.2;937.1
17;95;6;3912.0;4645.0;4749.5;5247.0;6075.0;4918.2;675.9
17;96;6;3807.0;3975.5;4658.0;4942.2;5963.0;4645.2;743.3
17;97;6;3811.0;4107.2;4583.5;5036.5;5680.0;4632.3;656.7
17;98;6;3638.0;4300.2;4659.0;4885.0;5827.0;4654.0;670.6
17;99;6;3312.0;4014.8;4567.5;4972.5;5543.0;4488.0;738.4
18;0;6;5445.0;6576.8;7382.5;7635.5;7754.0;6998.7;835.1
18;1;6;6359.0;6672.5;7662.5;7838.8;7909.0;7305.5;676.6
18;2;6;6240.0;6804.0;7453.0;7476.5;7512.0;7121.7;509.4
18;3;6;6394.0;6809.5;7218.0;7245.5;7432.0;7031.7;366.5
18;4;6;6161.0;6709.0;7486.0;7525.0;7538.0;7109.8;572.9
18;5;6;6242.0;6489.2;7246.0;7384.8;7436.0;6973.0;517.9
18;6;6;6285.0;6642.2;7088.5;7237.8;7336.0;6929.8;393.4
18;7;6;5802.0;6759.8;7458.5;7507.8;7618.0;7064.7;669.9
18;8;6;6209.0;6950.8;7510.0;7758.8;7871.0;7284.3;599.2
18;9;6;5950.0;6863.0;7279.5;7368.2;7630.0;7043.5;558.3
18;10;6;5736.0;7195.2;7970.5;8142.0;8212.0;7504.2;894.0
18;11;6;4874.0;6678.2;7729.0;7949.5;8433.0;7186.0;1212.0
18;12;6;6306.0;6489.2;7288.5;7571.8;8180.0;7158.7;687.4
18;13;6;6587.0;6954.5;7744.0;7993.5;8043.0;7481.0;596.7
18;14;6;6326.0;6723.8;7404.5;7516.0;7600.0;7130.8;513.2
18;15;6;6150.0;6796.0;7345.5;7470.5;7507.0;7078.8;512.2
18;16;6;6503.0;6760.0;7366.0;7624.0;7707.0;7201.7;484.6
18;17;6;5918.0;6205.8;7131.5;7461.0;7485.0;6855.7;673.2
18;18;6;6298.0;6376.2;6779.5;7339.5;7746.0;6895.2;561.6
18;19;6;5782.0;6498.5;6981.0;7459.8;7844.0;6924.2;713.9
18;20;6;6207.0;6486.5;7033.0;7483.5;7998.0;7034.8;645.1
18;21;6;5417.0;6025.8;6643.5;7844.0;8110.0;6813.0;1045.9
18;22;6;5459.0;6500.8;7314.5;8143.2;8311.0;7174.7;1079.8
18;23;6;6354.0;6562.2;7148.0;7812.5;8208.0;7209.8;720.4
18;24;6;5335.0;6331.0;7022.5;7543.8;7562.0;6793.3;836.1
18;25;6;5432.0;6207.0;7018.5;7974.0;8096.0;6965.7;1043.2
18;26;6;6201.0;6556.8;7443.0;8299.2;8544.0;7412.8;940.1
18;27;6;4957.0;6172.8;7340.0;7926.8;8095.0;6939.7;1162.4
18;28;6;5227.0;5651.5;6934.0;7853.5;8083.0;6760.3;1175.6
18;29;6;4968.0;6246.5;7160.0;7826.0;7876.0;6859.0;1081.3
18;30;6;5332.0;6214.5;7152.5;7613.5;7698.0;6834.0;896.9
18;31;6;5744.0;6071.0;6490.5;6941.5;7009.0;6459.5;505.1
18;32;6;5764.0;5866.0;6605.0;7355.2;7666.0;6644.2;809.5
18;33;6;5251.0;6419.0;7061.0;7651.2;7690.0;6852.7;897.4
18;34;6;5214.0;5815.0;6534.0;7102.2;7334.0;6413.8;795.8
18;35;6;5492.0;5671.5;6554.5;7112.8;7362.0;6439.8;775.8
18;36;6;4776.0;5503.2;6435.0;7260.2;7367.0;6290.2;1010.2
18;37;6;5330.0;5558.2;6590.0;7143.2;7209.0;6376.8;815.8
18;38;6;5467.0;6025.2;6637.5;7132.8;7188.0;6508.2;674.3
18;39;6;4946.0;5818.8;6386.5;6955.0;6975.0;6244.7;766.0
18;40;6;5640.0;5916.0;6604.0;7085.0;7139.0;6486.5;632.4
18;41;6;5247.0;5711.0;6602.0;7525.2;7607.0;6550.8;985.2
18;42;6;3507.0;4513.2;6255.0;7333.0;7468.0;5851.7;1595.6
18;43;6;4204.0;5606.8;6280.0;6906.0;6958.0;6036.5;1004.5
18;44;6;4221.0;4796.0;5599.0;6561.8;6636.0;5577.7;992.4
18;45;6;4694.0;5464.2;6106.0;6684.8;6826.0;5976.7;777.2
18;46;6;4225.0;5305.5;6461.0;7108.0;7143.0;6089.0;1128.0
18;47;6;4661.0;5537.2;6892.5;7295.2;7334.0;6382.5;1071.9
18;48;6;3667.0;4814.0;5511.0;6308.5;6555.0;5400.0;1025.4
18;49;6;4042.0;5145.8;5673.5;7162.0;7657.0;5945.7;1306.9
18;50;6;5154.0;5299.2;5573.5;6818.2;7388.0;6021.7;919.1
18;51;6;4991.0;5109.8;5369.5;6785.8;7275.0;5881.0;979.2
18;52;6;4035.0;5009.0;5184.5;6376.2;6966.0;5515.7;1029.5
18;53;6;4613.0;4745.0;5185.5;6087.2;6366.0;5389.3;726.7
18;54;6;4574.0;4769.0;5219.5;6191.2;6561.0;5451.3;808.5
18;55;6;5103.0;5539.2;5707.5;6486.2;6710.0;5909.5;603.8
18;56;6;4458.0;4755.5;5596.5;6553.0;6795.0;5632.2;944.3
18;57;6;4078.0;5098.8;5607.0;6494.0;6709.0;5620.0;937.4
18;58;6;4418.0;4876.2;5467.5;6496.0;7038.0;5651.5;972.5
18;59;6;3837.0;4777.5;5496.0;6390.8;6636.0;5448.7;1021.4
18;60;6;3852.0;5161.2;5721.0;6270.2;6452.0;5529.0;898.7
18;61;6;4238.0;4880.2;5424.0;6198.8;6440.0;5447.0;806.8
18;62;6;3945.0;5292.5;5672.5;6218.2;6407.0;5543.8;833.2
18;63;6;3847.0;4389.5;5217.0;6172.8;6816.0;5283.7;1082.2
18;64;6;4308.0;4767.0;5543.5;6706.2;7110.0;5684.5;1102.1
18;65;6;4216.0;4406.0;5349.5;6251.0;6427.0;5330.8;928.3
18;66;6;4586.0;5334.2;5528.0;6021.0;6285.0;5563.7;564.2
18;67;6;4235.0;4500.5;4927.0;5824.5;6542.0;5185.5;845.2
18;68;6;4507.0;4945.0;5350.5;6084.5;6248.0;5432.5;661.7
18;69;6;4128.0;4709.0;4933.0;5714.2;6039.0;5107.0;680.0
18;70;6;4199.0;4300.0;4767.5;5616.8;5821.0;4933.2;681.4
18;71;6;3859.0;4289.5;4305.5;5345.2;5755.0;4700.2;739.1
18;72;6;4837.0;4912.2;5052.0;5502.2;5675.0;5189.0;342.0
18;73;6;3488.0;4740.8;4943.5;5437.2;5613.0;4877.2;710.5
18;74;6;4256.0;4407.5;4435.5;5309.5;5669.0;4799.2;592.8
18;75;6;3877.0;4508.2;4591.0;5327.8;5669.0;4797.0;627.5
18;76;6;4036.0;4452.8;4514.5;5318.0;5713.0;4799.3;621.6
18;77;6;3713.0;4311.5;4651.0;5327.2;5568.0;4722.3;670.6
18;78;6;4332.0;4446.5;4802.5;5409.0;5614.0;4915.0;525.2
18;79;6;4100.0;4314.5;4612.5;5353.8;5601.0;4790.3;590.7
18;80;6;3912.0;4016.2;4452.5;5054.5;5637.0;4596.7;642.4
18;81;6;3704.0;4234.2;4513.0;4985.2;5586.0;4600.0;614.2
18;82;6;4085.0;4549.8;4700.5;4939.8;5661.0;4777.7;482.8
18;83;6;4018.0;4701.5;4795.0;4963.5;5613.0;4818.5;470.8
18;84;6;4333.0;4631.0;4728.5;5012.8;5654.0;4858.3;420.5
18;85;6;3715.0;4217.0;4736.5;4976.2;5659.0;4657.8;631.1
18;86;6;3972.0;4286.0;4641.0;4915.8;5794.0;4703.8;593.2
18;87;6;4075.0;4814.8;5294.5;5381.2;5876.0;5100.8;577.8
18;88;6;3505.0;4432.5;4793.0;5170.0;5851.0;4758.3;733.2
18;89;6;3895.0;4171.8;4658.0;4938.8;6052.0;4717.5;710.6
18;90;6;3979.0;4619.5;4922.0;5069.2;6006.0;4911.0;612.3
18;91;6;4030.0;4934.8;5048.0;5212.2;6231.0;5086.8;644.4
18;92;6;4040.0;4338.0;4630.5;4812.0;5815.0;4704.8;564.3
18;93;6;3541.0;4524.8;4685.0;4938.2;5670.0;4679.2;635.5
18;94;6;3670.0;4619.0;4697.0;4946.8;5871.0;4759.7;649.0
18;95;6;3754.0;3960.0;4640.5;4841.0;5829.0;4584.2;708.3
18;96;6;4364.0;4731.2;4881.5;5328.8;5598.0;4980.7;425.5
18;97;6;4533.0;4747.8;4853.5;4918.0;5991.0;4980.5;470.1
18;98;6;4024.0;4711.2;4878.5;4893.5;5856.0;4865.2;537.5
18;99;6;3981.0;4152.0;4425.0;4807.5;5677.0;4584.0;574.8
19;0;6;6238.0;6627.2;7535.0;7584.0;7666.0;7149.8;612.7
19;1;6;6113.0;6927.8;7483.0;7572.5;7665.0;7181.5;566.4
19;2;6;6474.0;6969.0;7463.0;7547.5;7554.0;7222.3;420.2
19;3;6;6438.0;6856.2;7368.5;7595.8;7750.0;7213.7;484.6
19;4;6;5845.0;6586.0;7712.0;8275.5;8636.0;7429.8;1040.6
19;5;6;5543.0;6367.0;7491.5;7785.0;7840.0;7040.2;906.5
19;6;6;6723.0;7148.0;7530.5;7672.2;7813.0;7389.5;386.6
19;7;6;6487.0;6905.8;7321.5;7478.5;7561.0;7164.8;397.8
19;8;6;6207.0;6578.2;7315.5;7628.2;7879.0;7130.3;639.5
19;9;6;6460.0;6690.0;7115.0;7192.0;7388.0;6974.0;344.3
19;10;6;6249.0;6666.2;7219.5;7354.2;7520.0;7014.8;468.7
19;11;6;5988.0;6920.5;7697.5;7946.5;8021.0;7349.2;757.3
19;12;6;6298.0;6879.8;7524.0;7618.5;7765.0;7237.7;550.1
19;13;6;6724.0;6997.0;7581.5;7730.2;8119.0;7431.3;503.3
19;14;6;5799.0;6496.0;7606.0;7765.0;8024.0;7163.2;859.4
19;15;6;6201.0;7066.0;7911.5;8137.5;8269.0;7548.3;776.6
19;16;6;6150.0;6543.2;7438.0;7555.0;7690.0;7092.5;637.8
19;17;6;5826.0;6121.5;6911.5;7613.0;7878.0;6872.0;827.8
19;18;6;6394.0;6542.0;7305.0;8143.8;8507.0;7370.3;866.9
19;19;6;5767.0;5937.8;6866.0;7433.5;7475.0;6704.2;762.2
19;20;6;5888.0;6406.0;6897.0;7301.0;7676.0;6839.3;616.0
19;21;6;6187.0;6529.5;6963.5;7509.2;7852.0;7007.0;617.0
19;22;6;6159.0;6297.8;7339.5;8327.2;8549.0;7332.3;1030.8
19;23;6;5685.0;6362.8;7009.5;7387.8;7463.0;6804.7;659.9
19;24;6;5592.0;6676.8;7125.0;7502.8;7593.0;6931.8;706.5
19;25;6;5451.0;5823.8;6739.5;7275.8;7365.0;6544.7;791.9
19;26;6;5938.0;6288.2;6858.0;7359.5;7898.0;6862.8;699.4
19;27;6;5355.0;6233.8;7189.0;7650.8;7746.0;6866.5;902.1
19;28;6;4848.0;5677.5;6739.0;7665.5;7796.0;6570.0;1140.8
19;29;6;5935.0;6092.8;6846.0;7762.8;7914.0;6908.5;858.9
19;30;6;5142.0;5311.2;6220.5;7312.0;7546.0;6302.2;1048.4
19;31;6;4994.0;5564.8;6662.0;7642.2;7696.0;6530.3;1126.8
19;32;6;4909.0;5618.0;6624.5;7202.8;7230.0;6344.3;924.8
19;33;6;4834.0;5475.5;6287.5;7173.0;7454.0;6256.0;1000.9
19;34;6;4858.0;5308.5;6262.5;6835.5;7020.0;6070.0;861.1
19;35;6;5221.0;5337.0;6215.0;6826.8;6973.0;6116.5;762.5
19;36;6;4808.0;5387.5;6773.0;7791.0;7909.0;6553.2;1272.1
19;37;6;5090.0;5549.0;6430.5;7221.2;7458.0;6358.2;919.3
19;38;6;5132.0;5358.8;6108.0;7007.2;7464.0;6204.7;925.7
19;39;6;5010.0;5644.0;6526.0;7623.2;7751.0;6525.3;1103.6
19;40;6;4775.0;5326.0;6090.0;6759.5;7115.0;6020.7;879.9
19;41;6;4532.0;4775.8;5404.5;6016.8;6430.0;5426.3;736.1
19;42;6;4890.0;5307.0;5612.5;5927.0;6023.0;5562.5;412.2
19;43;6;4586.0;4931.5;5495.0;6011.2;6210.0;5452.2;626.4
19;44;6;4679.0;4713.0;5137.5;5530.5;6058.0;5207.5;525.0
19;45;6;4327.0;4761.0;5124.0;5240.2;5337.0;4971.8;360.5
19;46;6;4386.0;4503.2;5056.0;5359.8;5515.0;4965.5;459.9
19;47;6;3970.0;4857.8;5197.0;5454.5;5655.0;5050.7;562.6
19;48;6;4694.0;4714.5;4717.5;5141.2;5403.0;4921.3;300.0
19;49;6;4889.0;5006.0;5214.5;5741.0;5958.0;5354.8;422.3
19;50;6;4065.0;4607.0;4953.0;5434.0;5654.0;4951.8;554.7
19;51;6;3958.0;4527.2;4892.0;5297.2;5468.0;4841.3;527.2
19;52;6;4282.0;4302.5;4354.5;5029.0;5305.0;4639.2;450.2
19;53;6;3964.0;4410.2;4576.5;5033.0;5221.0;4646.3;437.4
19;54;6;3736.0;4296.2;4900.0;5381.5;5561.0;4789.0;676.2
19;55;6;3878.0;4406.8;4467.5;4877.8;5134.0;4558.0;417.6
19;56;6;3771.0;4064.0;4359.5;4955.8;5180.0;4465.0;527.6
19;57;6;4471.0;4524.2;4681.0;5077.0;5270.0;4797.3;317.8
19;58;6;4246.0;4299.2;4404.0;4650.5;4759.0;4468.3;202.9
19;59;6;4197.0;4404.0;4464.5;4789.0;4902.0;4551.5;260.3
19;60;6;3901.0;4124.0;4245.5;4536.5;4716.0;4304.2;284.1
19;61;6;4130.0;4176.0;4332.0;4648.5;4761.0;4405.5;256.3
19;62;6;4108.0;4170.0;4306.5;4556.2;4667.0;4358.7;220.0
19;63;6;4191.0;4303.5;4363.5;4814.2;5053.0;4536.5;339.4
19;64;6;3680.0;4129.8;4269.5;4673.2;4825.0;4322.5;398.4
19;65;6;3797.0;4248.0;4294.0;4677.5;4904.0;4387.8;371.5
19;66;6;4287.0;4378.5;4476.0;4674.0;4788.0;4518.8;186.1
19;67;6;3914.0;3931.0;4041.5;4578.8;4767.0;4236.0;368.5
19;68;6;4191.0;4413.5;4433.0;4684.2;4778.0;4501.7;209.0
19;69;6;4330.0;4353.0;4430.0;4707.2;4795.0;4518.7;198.8
19;70;6;3961.0;4194.0;4365.5;4585.0;4716.0;4367.2;265.9
19;71;6;4260.0;4395.8;4437.0;4734.8;4844.0;4532.3;224.1
19;72;6;3832.0;4307.0;4372.0;4832.2;5093.0;4490.0;430.1
19;73;6;4000.0;4206.8;4332.0;4641.8;4771.0;4390.8;278.0
19;74;6;4116.0;4232.5;4349.5;4587.2;5031.0;4451.0;308.7
19;75;6;3822.0;4358.8;4422.0;4720.8;4906.0;4455.0;352.0
19;76;6;3868.0;4008.8;4279.0;4607.8;4884.0;4324.3;371.5
19;77;6;4160.0;4267.8;4428.5;4974.0;5164.0;4591.8;409.7
19;78;6;3807.0;4127.0;4156.0;4563.8;4919.0;4309.2;378.2
19;79;6;4152.0;4250.5;4295.0;4571.2;4844.0;4414.2;248.5
19;80;6;3711.0;4450.8;4588.5;4796.8;5349.0;4584.7;492.2
19;81;6;4112.0;4233.2;4304.5;4515.2;6415.0;4655.2;799.7
19;82;6;3718.0;3997.0;4122.0;4260.5;4600.0;4137.3;272.9
19;83;6;4285.0;4361.8;4438.5;4524.2;5284.0;4555.8;336.4
19;84;6;4237.0;4283.0;4331.0;4481.0;4924.0;4436.8;236.0
19;85;6;4305.0;4350.2;4549.5;4695.5;5201.0;4605.5;307.8
19;86;6;4417.0;4444.8;4537.0;4618.8;5292.0;4640.5;301.6
19;87;6;4008.0;4233.2;4310.5;4679.5;5575.0;4535.7;522.0
19;88;6;4207.0;4412.0;4494.5;4617.5;5198.0;4572.8;309.9
19;89;6;3798.0;4184.5;4487.5;4837.0;5341.0;4525.2;506.3
19;90;6;3451.0;4042.2;4356.0;4526.5;5913.0;4432.8;754.7
19;91;6;4152.0;4644.2;4898.5;5314.0;6402.0;5060.5;713.6
19;92;6;3652.0;4631.2;4954.5;5251.5;5785.0;4870.0;664.8
19;93;6;4525.0;4982.2;5155.0;5435.0;6323.0;5268.5;558.5
19;94;6;3899.0;4099.2;4603.5;4936.0;6132.0;4702.7;749.5
19;95;6;4642.0;4696.2;4812.5;4961.8;5612.0;4924.7;329.2
19;96;6;4306.0;4573.2;4962.0;5034.2;5635.0;4894.5;431.9
19;97;6;4569.0;4684.8;5097.5;5344.5;5786.0;5087.3;434.9
19;98;6;3755.0;4080.0;4489.0;4962.5;5449.0;4541.0;592.1
19;99;6;4093.0;4424.2;4526.0;4655.5;5270.0;4584.0;357.4
20;0;6;6304.0;6987.5;7414.0;7548.0;7622.0;7198.7;471.5
20;1;6;6665.0;6918.8;7301.5;7397.0;7561.0;7174.8;325.4
20;2;6;6462.0;7006.5;7569.0;7721.2;7745.0;7322.7;491.7
20;3;6;6106.0;6670.8;7231.0;7478.5;7712.0;7054.2;570.3
20;4;6;6250.0;6875.5;7553.5;7740.2;7817.0;7271.0;592.0
20;5;6;5605.0;6783.0;7562.5;7669.2;7716.0;7112.3;786.8
20;6;6;5947.0;6521.5;7221.5;7270.5;7325.0;6881.7;548.7
20;7;6;6275.0;6569.2;7286.0;7458.2;7508.0;7033.5;517.1
20;8;6;6520.0;6751.8;7394.0;7474.5;7531.0;7146.3;437.7
20;9;6;6326.0;6687.0;7473.0;7674.8;7725.0;7194.0;580.1
20;10;6;5911.0;6382.0;7151.5;7394.5;7446.0;6876.8;612.6
20;11;6;5933.0;6918.5;7593.0;8049.2;8278.0;7382.0;830.2
20;12;6;6402.0;6570.2;7290.5;7572.8;8455.0;7239.2;719.4
20;13;6;6474.0;7156.5;7827.5;7864.8;8226.0;7527.5;612.8
20;14;6;6116.0;6885.5;8089.0;8122.5;8308.0;7536.7;882.2
20;15;6;5825.0;6348.8;7311.0;7461.0;7562.0;6924.7;708.1
20;16;6;6200.0;6523.0;7280.5;7327.8;7422.0;6966.2;517.3
20;17;6;5948.0;6253.2;6963.0;7457.5;7841.0;6892.3;706.3
20;18;6;6437.0;6518.2;7392.5;8122.0;8355.0;7361.5;844.2
20;19;6;5798.0;6609.5;7152.0;7565.5;8005.0;7039.8;734.9
20;20;6;6363.0;7015.5;7392.5;7956.2;8410.0;7432.0;687.8
20;21;6;6044.0;6570.2;7284.0;7894.2;8111.0;7192.2;786.2
20;22;6;6034.0;6433.5;7249.5;7591.5;7867.0;7044.5;694.5
20;23;6;5496.0;6105.2;7258.0;8338.0;8458.0;7148.2;1246.6
20;24;6;5794.0;6298.2;6994.5;7660.0;7905.0;6939.3;810.0
20;25;6;6169.0;6430.5;7130.0;7498.0;7825.0;7012.0;629.5
20;26;6;5517.0;5898.0;7047.5;7909.8;8167.0;6915.2;1094.6
20;27;6;5586.0;6076.0;6851.5;7484.5;7761.0;6760.5;823.6
20;28;6;5610.0;5965.5;6590.0;6958.8;7248.0;6479.5;607.5
20;29;6;4559.0;5437.5;6599.0;7615.0;7705.0;6411.0;1248.5
20;30;6;5500.0;5792.0;6431.5;7086.0;7986.0;6538.7;885.6
20;31;6;5074.0;6035.0;6732.0;7250.5;7400.0;6527.3;847.9
20;32;6;5419.0;5962.5;7079.5;7682.0;8075.0;6854.3;1004.2
20;33;6;4509.0;5337.5;6114.5;6733.2;6963.0;5953.2;894.9
20;34;6;5694.0;6365.2;7104.5;7625.5;7661.0;6913.7;760.6
20;35;6;4637.0;5462.2;6516.5;7358.5;7665.0;6347.5;1147.0
20;36;6;5359.0;5638.8;6074.5;6833.5;7008.0;6182.7;651.8
20;37;6;5376.0;5830.5;6596.0;7541.5;7697.0;6616.2;937.0
20;38;6;4203.0;5547.2;6495.0;7046.0;7230.0;6147.3;1084.3
20;39;6;4549.0;4940.0;5577.5;6112.2;7108.0;5638.3;864.8
20;40;6;4286.0;4586.8;6073.5;7243.0;7574.0;5955.2;1361.7
20;41;6;4763.0;5527.8;6219.5;6660.8;6891.0;6033.0;768.7
20;42;6;5004.0;5341.2;5728.0;6457.5;6927.0;5883.3;703.7
20;43;6;5025.0;5269.0;6255.0;7247.8;7322.0;6229.3;1037.2
20;44;6;4702.0;5238.0;6074.0;6552.2;6781.0;5883.7;786.6
20;45;6;4077.0;4834.5;5628.0;6669.0;7030.0;5658.2;1108.7
20;46;6;4847.0;5100.8;5736.0;6343.5;6450.0;5700.7;673.5
20;47;6;4364.0;4999.5;5725.0;6142.2;6247.0;5516.7;708.0
20;48;6;4465.0;4780.8;5127.5;6020.2;6745.0;5408.0;824.4
20;49;6;4258.0;4826.0;5222.5;5789.2;6393.0;5294.7;716.2
20;50;6;4516.0;5141.5;5632.5;6216.5;6532.0;5617.0;705.5
20;51;6;4825.0;5102.5;5588.0;6270.8;6941.0;5730.2;756.8
20;52;6;4449.0;4907.8;5359.0;5930.2;6386.0;5405.2;677.9
20;53;6;4177.0;4605.5;5752.5;7258.0;7850.0;5919.2;1444.1
20;54;6;4037.0;5029.8;5218.0;6258.2;6640.0;5447.5;918.8
20;55;6;4169.0;4587.5;5302.5;5846.5;6137.0;5214.7;742.3
20;56;6;3791.0;4828.8;5247.5;5967.8;6338.0;5253.5;862.0
20;57;6;5037.0;5056.8;5338.5;5813.0;6728.0;5562.7;608.8
20;58;6;4270.0;4989.5;5097.0;6221.5;6574.0;5431.3;855.9
20;59;6;4414.0;4792.2;5114.5;6282.8;6676.0;5446.0;892.2
20;60;6;4699.0;5030.2;5070.5;5972.5;6382.0;5418.7;655.1
20;61;6;3746.0;4045.2;4765.0;5939.2;6219.0;4938.5;1002.1
20;62;6;5053.0;5150.0;5227.0;6203.2;6651.0;5635.2;674.1
20;63;6;4224.0;4949.0;5404.0;6026.2;6228.0;5381.8;713.8
20;64;6;4175.0;4366.8;4636.5;5751.5;6112.0;4993.3;805.3
20;65;6;3954.0;4303.0;5135.0;5912.2;6110.0;5088.5;862.7
20;66;6;4029.0;4606.0;4974.0;6071.0;6537.0;5239.0;928.4
20;67;6;4451.0;4744.0;4945.0;5632.0;5830.0;5118.2;530.9
20;68;6;4275.0;4805.0;5400.0;6410.5;6724.0;5525.5;925.8
20;69;6;3534.0;4261.8;5027.0;6011.2;6268.0;5033.7;1022.6
20;70;6;3806.0;5000.8;5184.0;5893.0;6186.0;5238.2;798.8
20;71;6;3964.0;4700.0;5085.5;5906.8;6367.0;5209.0;837.4
20;72;6;4342.0;5087.2;5195.0;5884.0;6371.0;5378.0;674.4
20;73;6;3855.0;4212.0;5092.0;5675.8;5819.0;4941.2;789.1
20;74;6;3658.0;4133.2;4595.0;5396.5;5680.0;4695.2;750.0
20;75;6;4295.0;4524.0;4757.0;5497.0;5723.0;4953.7;562.8
20;76;6;3626.0;4071.5;4566.0;5335.8;5734.0;4665.2;772.1
20;77;6;3542.0;4395.0;5019.5;5607.2;5818.0;4898.2;812.0
20;78;6;3288.0;3884.5;4043.5;5140.0;5537.0;4374.8;847.9
20;79;6;3732.0;3920.2;4476.0;5463.0;5710.0;4653.5;812.7
20;80;6;3467.0;4006.2;4309.0;4620.0;5510.0;4370.7;644.5
20;81;6;3310.0;3719.0;4493.0;4912.2;5502.0;4385.2;779.3
20;82;6;3752.0;4511.8;4742.5;4989.8;5436.0;4696.7;521.6
20;83;6;3600.0;4001.5;4411.5;4924.2;5551.0;4489.0;665.0
20;84;6;3622.0;3689.0;3815.5;4091.2;5554.0;4106.2;671.7
20;85;6;3693.0;4440.0;4674.5;4878.2;5399.0;4624.8;522.3
20;86;6;3565.0;4308.2;4927.0;5029.8;5313.0;4649.7;607.8
20;87;6;3795.0;4016.0;4301.5;4714.5;5350.0;4420.2;533.7
20;88;6;3319.0;3679.5;4279.5;4633.5;5396.0;4250.8;706.9
20;89;6;3858.0;4510.2;4663.0;4767.0;5353.0;4633.0;442.3
20;90;6;4024.0;4504.8;4625.5;4876.8;5347.0;4674.5;407.3
20;91;6;3553.0;4221.8;4298.5;4604.0;5293.0;4390.8;526.3
20;92;6;3443.0;4638.2;4793.5;4885.0;5349.0;4646.8;585.6
20;93;6;3877.0;4307.8;4348.0;4692.8;5315.0;4498.3;452.1
20;94;6;3243.0;3396.0;3832.5;4288.5;5291.0;3981.7;713.4
20;95;6;3506.0;3578.2;3679.5;4455.8;5260.0;4064.0;667.8
20;96;6;4165.0;4449.2;4719.0;4813.2;5249.0;4676.0;344.0
20;97;6;3925.0;4154.8;4693.5;4840.0;5240.0;4569.3;470.1
20;98;6;3651.0;3903.5;4036.5;4568.5;5238.0;4261.2;546.0
20;99;6;3436.0;3812.0;4575.0;4735.0;5228.0;4360.0;641.2
21;0;6;6150.0;6974.8;7420.5;7469.5;7581.0;7147.3;507.4
21;1;6;6081.0;6521.5;7332.0;7389.5;7461.0;6977.7;572.9
21;2;6;5979.0;6931.8;7421.0;7570.5;7621.0;7138.5;589.1
21;3;6;5947.0;7179.8;7740.5;7803.2;8112.0;7392.8;726.9
21;4;6;6306.0;6890.2;7310.0;7548.2;7714.0;7169.7;489.8
21;5;6;6345.0;6584.2;7338.0;7545.8;7685.0;7109.0;547.2
21;6;6;6017.0;6764.2;7238.0;7275.2;7653.0;7006.7;537.5
21;7;6;6274.0;6653.5;7573.5;7847.8;7873.0;7263.3;672.5
21;8;6;6133.0;6811.8;7391.0;7554.8;7656.0;7133.2;555.9
21;9;6;6281.0;6665.8;7273.0;7616.2;7896.0;7152.8;597.8
21;10;6;5983.0;6358.5;7293.0;7403.2;7644.0;6950.0;670.4
21;11;6;6603.0;6962.5;7680.0;7998.5;8177.0;7494.7;605.7
21;12;6;6170.0;6465.5;6842.0;7077.5;7144.0;6749.0;369.2
21;13;6;6196.0;6733.5;7363.0;7643.8;7722.0;7150.8;577.1
21;14;6;6217.0;6569.8;7478.0;7911.5;8096.0;7265.3;751.0
21;15;6;6035.0;6352.8;7189.0;7439.5;7509.0;6919.8;618.6
21;16;6;6168.0;6926.8;7236.5;7320.5;7363.0;7029.3;424.8
21;17;6;5524.0;6256.8;7564.5;8117.0;8405.0;7196.7;1107.2
21;18;6;6303.0;6476.8;7138.5;7685.5;7830.0;7089.0;646.1
21;19;6;6418.0;6704.0;7401.0;8074.8;8421.0;7402.0;779.7
21;20;6;5802.0;6367.5;7239.5;7723.0;7855.0;7016.2;791.8
21;21;6;5968.0;6094.2;6790.0;7584.0;7825.0;6847.3;785.4
21;22;6;6164.0;6290.8;6871.5;7635.2;7954.0;6974.7;724.3
21;23;6;5439.0;6203.8;7220.5;7760.2;7790.0;6912.5;929.4
21;24;6;5442.0;5944.2;7229.0;8207.0;8340.0;7048.2;1226.0
21;25;6;5827.0;6416.8;7266.5;8243.8;8395.0;7243.0;1042.3
21;26;6;5417.0;5988.5;6864.0;7681.0;7689.0;6747.3;952.8
21;27;6;4927.0;6113.8;7204.5;8117.5;8143.0;6941.8;1253.5
21;28;6;6097.0;6426.2;7693.5;8225.8;8382.0;7378.8;962.9
21;29;6;5399.0;5750.0;7121.0;8066.0;8181.0;6916.0;1191.4
21;30;6;4644.0;5870.5;6600.0;7093.2;7717.0;6407.7;1017.9
21;31;6;4974.0;5587.5;7161.0;7553.2;7871.0;6652.3;1159.5
21;32;6;4610.0;5467.2;6320.5;6879.0;7295.0;6132.3;944.6
21;33;6;4424.0;5240.5;6699.0;7306.2;7341.0;6237.7;1182.5
21;34;6;5266.0;5623.8;6622.5;7400.0;7541.0;6500.3;955.5
21;35;6;4814.0;5519.8;6617.5;7500.8;7621.0;6436.5;1128.1
21;36;6;5193.0;5462.8;6580.5;7095.2;7268.0;6329.8;865.6
21;37;6;4140.0;4944.5;5820.5;6991.2;7225.0;5840.0;1176.2
21;38;6;4236.0;5243.0;6205.0;6778.5;6804.0;5890.3;982.2
21;39;6;4933.0;6020.8;6691.5;7151.5;7225.0;6440.5;832.7
21;40;6;4118.0;6008.8;6426.5;6931.2;6980.0;6153.3;998.3
21;41;6;4418.0;4872.2;6095.5;6690.2;7023.0;5830.8;1020.6
21;42;6;4889.0;5247.0;5911.5;6380.2;6456.0;5788.3;629.5
21;43;6;4514.0;4997.0;5771.5;6220.5;6283.0;5574.8;697.5
21;44;6;4467.0;4977.5;5829.0;6514.0;6608.0;5694.8;856.5
21;45;6;4651.0;5421.0;6026.0;6273.2;6464.0;5790.3;638.7
21;46;6;4823.0;5130.2;5805.5;6415.5;6480.0;5739.7;695.3
21;47;6;3701.0;5329.8;5662.5;6052.2;6117.0;5424.0;837.7
21;48;6;4712.0;4807.0;5442.5;6187.5;6355.0;5497.2;695.8
21;49;6;4637.0;5274.0;5584.0;6365.0;6628.0;5704.8;715.4
21;50;6;3888.0;4554.2;5095.5;6156.5;6466.0;5238.2;958.9
21;51;6;3756.0;4391.5;4956.5;6057.0;6316.0;5102.0;969.3
21;52;6;4609.0;5625.0;5763.0;6214.5;6455.0;5755.7;602.9
21;53;6;4048.0;4263.0;4744.0;5933.8;6363.0;5055.3;931.3
21;54;6;5131.0;5193.0;5445.0;6378.8;6614.0;5739.0;643.5
21;55;6;3824.0;4265.8;4834.0;6076.5;6533.0;5098.7;1064.3
21;56;6;4526.0;4730.2;5268.5;6160.8;6347.0;5403.2;748.6
21;57;6;3454.0;4292.0;5017.0;6068.2;6435.0;5065.3;1084.6
21;58;6;3851.0;4388.2;5263.0;5908.2;6290.0;5147.8;905.6
21;59;6;3752.0;4679.5;5178.5;6237.0;6625.0;5306.2;1027.8
21;60;6;4671.0;4738.5;5117.5;6086.0;6317.0;5374.0;707.8
21;61;6;3924.0;4236.2;4709.5;6279.2;6837.0;5176.8;1183.3
21;62;6;3914.0;5277.0;5407.0;6069.5;6427.0;5446.5;823.4
21;63;6;3802.0;4493.8;5026.0;6052.5;6513.0;5179.7;979.2
21;64;6;3959.0;4389.0;5395.0;6130.2;6339.0;5252.8;947.8
21;65;6;3985.0;4477.0;5454.5;5990.2;6256.0;5245.0;872.7
21;66;6;3718.0;4356.2;4672.5;5954.0;6307.0;5000.3;984.1
21;67;6;4163.0;4610.8;5237.0;6052.2;6326.0;5281.5;830.4
21;68;6;4353.0;4837.2;5432.5;6162.8;6462.0;5454.2;795.4
21;69;6;5079.0;5317.8;5424.0;5988.5;6196.0;5597.0;429.7
21;70;6;5061.0;5582.5;5672.5;6209.5;6364.0;5785.2;460.5
21;71;6;4015.0;4489.5;4975.0;5942.0;6210.0;5127.8;839.2
21;72;6;4771.0;5014.5;5262.0;6069.0;6295.0;5476.7;606.8
21;73;6;3922.0;4763.8;5013.0;5790.2;6041.0;5119.8;745.2
21;74;6;3850.0;4112.2;4700.5;5884.2;6135.0;4930.2;948.7
21;75;6;3690.0;4562.5;5318.5;6063.2;6205.0;5192.3;927.2
21;76;6;4047.0;5243.8;5357.0;5918.8;6098.0;5361.8;685.9
21;77;6;3725.0;4240.8;4854.5;5866.5;6177.0;4975.2;931.0
21;78;6;5011.0;5160.5;5296.0;5946.0;6243.0;5520.7;486.8
21;79;6;5293.0;5315.0;5552.0;6054.5;6260.0;5685.8;403.6
21;80;6;3594.0;3795.0;4510.0;5262.5;6177.0;4643.5;939.0
21;81;6;5011.0;5083.8;5224.5;5429.8;6160.0;5359.2;390.5
21;82;6;4380.0;5054.0;5064.5;5190.5;6034.0;5137.7;483.7
21;83;6;4317.0;4854.8;5012.0;5483.5;6132.0;5152.7;581.0
21;84;6;4579.0;4814.0;5201.0;5537.0;5987.0;5217.0;490.3
21;85;6;4636.0;4736.5;5036.5;5503.0;6024.0;5171.3;506.0
21;86;6;3584.0;4564.2;5020.0;5291.2;5988.0;4901.0;751.2
21;87;6;4115.0;4223.5;4655.0;5209.5;6074.0;4828.8;698.0
21;88;6;3587.0;3799.0;4438.0;5428.0;6036.0;4640.5;936.9
21;89;6;3950.0;4777.2;4937.5;5241.0;6260.0;5025.2;692.8
21;90;6;3509.0;4925.2;5126.0;5409.2;6127.0;5041.7;792.6
21;91;6;4040.0;4931.5;4997.0;5171.2;6168.0;5056.8;622.1
21;92;6;3787.0;4828.0;5238.0;5517.5;6089.0;5109.0;722.1
21;93;6;3918.0;4294.5;4638.0;5128.5;6148.0;4802.3;739.1
21;94;6;4747.0;4969.0;5314.0;5596.0;6490.0;5401.5;574.2
21;95;6;3769.0;4305.5;5310.0;5527.0;6129.0;5014.7;852.7
21;96;6;4747.0;5105.2;5342.5;5538.5;6202.0;5377.3;454.5
21;97;6;4486.0;4940.5;5016.0;5431.2;6020.0;5170.5;490.8
21;98;6;4195.0;4896.2;5181.5;5359.5;5997.0;5129.2;550.0
21;99;6;4693.0;5201.8;5239.5;5338.8;6144.0;5312.8;428.9
22;0;6;6343.0;6696.0;7750.0;7949.0;8101.0;7384.0;731.6
22;1;6;6109.0;6506.0;7174.0;7400.2;7616.0;6972.0;568.7
22;2;6;6307.0;6693.2;7325.0;7426.5;7510.0;7068.3;476.5
22;3;6;6331.0;6857.0;7475.5;7490.2;7609.0;7172.8;492.4
22;4;6;6474.0;7033.0;7610.0;7694.2;7757.0;7335.7;490.6
22;5;6;6647.0;6878.2;7366.0;7435.2;7883.0;7239.3;427.8
22;6;6;5919.0;6466.0;7108.5;7139.0;7370.0;6817.8;531.8
22;7;6;6259.0;6668.8;7350.0;7445.5;7547.0;7070.8;511.2
22;8;6;6137.0;6760.2;7615.5;7708.0;7893.0;7245.8;674.5
22;9;6;6086.0;6780.8;7313.0;7670.5;7812.0;7152.8;614.2
22;10;6;6230.0;6695.2;7571.5;7687.2;7769.0;7211.8;631.2
22;11;6;6197.0;6678.5;7253.5;7332.0;7373.0;6987.0;460.3
22;12;6;6409.0;6668.0;7307.5;7425.8;7571.0;7085.8;469.4
22;13;6;6496.0;6799.8;7365.0;7384.2;7462.0;7115.0;399.1
22;14;6;5673.0;6775.2;7370.0;7778.8;7976.0;7146.8;802.2
22;15;6;6654.0;6931.2;7502.0;7526.8;7719.0;7275.5;414.8
22;16;6;5804.0;7052.5;7507.5;7635.5;8199.0;7266.2;754.2
22;17;6;6273.0;6457.8;7075.5;7472.8;7512.0;6965.5;526.9
22;18;6;6231.0;6433.8;7105.0;7765.0;7865.0;7083.5;708.6
22;19;6;5886.0;6483.0;7078.5;7636.5;7668.0;6969.7;700.4
22;20;6;6031.0;6354.8;7041.5;7714.0;7942.0;7020.0;763.1
22;21;6;6298.0;6617.8;7228.0;7680.0;7694.0;7115.5;580.7
22;22;6;5794.0;6441.5;7111.0;7721.2;7810.0;6994.8;779.8
22;23;6;6102.0;6167.0;6832.0;7437.8;7659.0;6835.0;677.4
22;24;6;5716.0;5982.0;6892.5;7687.5;7856.0;6831.3;881.0
22;25;6;6048.0;6247.0;6587.5;7096.0;7361.0;6663.8;499.4
22;26;6;5740.0;6382.2;7051.0;7618.5;7670.0;6913.2;748.5
22;27;6;5459.0;5747.8;6467.5;7281.0;7339.0;6465.5;810.2
22;28;6;5919.0;6129.8;6623.0;7074.2;7100.0;6575.8;509.1
22;29;6;4168.0;5809.0;6860.5;8028.2;8186.0;6658.5;1488.2
22;30;6;5553.0;5711.0;6443.0;7289.0;7427.0;6484.0;823.7
22;31;6;4324.0;5530.2;6607.5;7702.0;7829.0;6434.3;1337.8
22;32;6;4868.0;5686.5;6420.5;7033.8;7223.0;6268.7;878.3
22;33;6;5003.0;5163.2;6319.5;7247.0;7343.0;6219.8;1042.1
22;34;6;4000.0;5593.8;6537.5;7287.0;7403.0;6215.7;1240.4
22;35;6;5105.0;5583.8;6127.0;6615.5;6686.0;6037.7;618.2
22;36;6;5373.0;5804.2;6269.0;6746.5;6891.0;6226.2;582.1
22;37;6;4843.0;5219.5;6235.0;6677.5;6806.0;5970.8;800.6
22;38;6;4298.0;4993.0;5762.5;6369.2;6424.0;5592.5;831.7
22;39;6;4993.0;5540.5;6107.5;6507.2;6520.0;5953.3;596.5
22;40;6;4399.0;5196.2;5884.5;6380.8;6593.0;5712.3;790.5
22;41;6;3936.0;5566.8;5880.5;6246.0;6314.0;5640.2;816.4
22;42;6;4167.0;4607.0;5460.0;6159.2;6302.0;5350.7;869.4
22;43;6;4100.0;5496.2;6066.5;6381.0;6504.0;5754.8;836.0
22;44;6;4349.0;4805.8;5359.5;6055.0;6282.0;5376.3;740.5
22;45;6;4146.0;4810.8;6622.0;6910.0;7039.0;5940.3;1238.8
22;46;6;4794.0;5164.5;5881.0;6496.2;6588.0;5795.2;717.7
22;47;6;5049.0;5326.5;5962.5;6413.2;6444.0;5849.3;586.8
22;48;6;3899.0;4586.8;5412.5;6113.0;6465.0;5307.8;939.4
22;49;6;4823.0;5125.0;5588.5;6421.8;6600.0;5711.7;706.3
22;50;6;4940.0;5212.8;5609.5;6465.2;6741.0;5788.5;716.7
22;51;6;3915.0;5290.2;5586.5;6053.8;6438.0;5487.8;813.6
22;52;6;4592.0;5465.8;5563.0;5942.2;6176.0;5566.0;511.8
22;53;6;5187.0;5278.5;5373.5;5944.8;6196.0;5585.3;408.7
22;54;6;4409.0;5000.0;5346.5;6047.8;6253.0;5420.2;665.6
22;55;6;4103.0;4229.8;4845.5;6148.2;6660.0;5176.8;1044.8
22;56;6;4176.0;5116.0;5381.0;6160.5;6407.0;5465.5;771.6
22;57;6;3735.0;4555.5;5109.5;6061.8;6222.0;5154.3;928.9
22;58;6;4064.0;4597.5;4911.5;5645.5;5853.0;5020.5;656.3
22;59;6;4011.0;4469.8;5038.0;5760.0;6072.0;5073.3;761.3
22;60;6;3713.0;3984.5;4644.0;5494.0;5709.0;4708.7;799.3
22;61;6;3964.0;4473.2;5190.5;5509.5;5710.0;4984.2;649.2
22;62;6;4116.0;4633.0;4778.5;5442.2;5693.0;4935.7;568.7
22;63;6;4011.0;4534.8;4862.5;5734.0;5991.0;5029.5;736.7
22;64;6;4759.0;5056.0;5276.5;5788.0;6038.0;5381.8;463.5
22;65;6;4272.0;4884.0;5124.5;5773.8;6012.0;5221.2;614.0
22;66;6;4597.0;4924.0;4962.5;5661.8;5947.0;5212.5;514.9
22;67;6;3677.0;4449.0;4902.5;5457.2;5582.0;4834.0;678.2
22;68;6;3648.0;4357.5;4849.5;5576.2;5777.0;4856.0;768.5
22;69;6;4100.0;4356.8;5008.5;5551.5;5752.0;4956.8;653.3
22;70;6;3398.0;3868.2;4085.0;5199.5;5528.0;4410.5;824.9
22;71;6;4589.0;4892.2;4947.0;5538.0;5734.0;5137.7;436.5
22;72;6;3866.0;4573.8;4878.0;5228.8;5368.0;4801.3;517.9
22;73;6;4709.0;4772.8;4935.5;5375.8;5589.0;5068.3;351.1
22;74;6;4306.0;4467.0;4906.5;5480.2;5634.0;4957.5;535.6
22;75;6;4294.0;4527.5;4974.0;5485.8;5675.0;4992.0;536.7
22;76;6;4398.0;4561.5;4823.0;5349.2;5482.0;4920.8;432.1
22;77;6;3712.0;4971.0;5062.5;5361.8;5568.0;4967.8;605.1
22;78;6;3792.0;4609.2;4643.5;5244.8;5495.0;4769.5;574.9
22;79;6;4217.0;4476.8;4687.5;5235.8;5452.0;4811.5;462.4
22;80;6;4274.0;4390.8;4455.5;4677.0;5529.0;4639.0;423.6
22;81;6;3913.0;4140.0;4159.5;4473.8;5649.0;4432.2;578.4
22;82;6;4015.0;4242.8;4486.5;4794.8;5487.0;4589.0;487.0
22;83;6;4483.0;4712.0;4979.0;5059.2;5523.0;4945.5;332.9
22;84;6;3815.0;4283.8;4495.5;4627.8;5289.0;4496.7;445.9
22;85;6;4202.0;4603.2;4633.5;4846.0;5318.0;4716.2;339.8
22;86;6;3935.0;4284.2;4421.0;4739.2;5536.0;4566.2;507.9
22;87;6;3974.0;4132.5;4567.5;4971.8;5291.0;4582.3;493.9
22;88;6;4152.0;4787.8;4844.5;5073.8;5402.0;4860.3;383.9
22;89;6;3896.0;4623.2;4666.0;4831.0;5297.0;4670.0;416.3
22;90;6;3928.0;4255.8;4505.0;4756.5;5428.0;4563.2;477.2
22;91;6;3690.0;3993.8;4194.0;4456.5;5305.0;4309.0;517.3
22;92;6;3850.0;4001.2;4455.0;4800.0;5286.0;4468.5;513.1
22;93;6;3827.0;4065.8;4613.0;4858.8;5501.0;4563.0;575.2
22;94;6;3939.0;4398.2;4668.5;4802.2;5288.0;4619.8;418.1
22;95;6;3671.0;4048.8;4435.5;4766.8;5283.0;4437.0;545.9
22;96;6;4051.0;4464.0;4553.5;4776.5;5289.0;4622.0;378.5
22;97;6;4109.0;4277.8;4382.5;4803.8;5392.0;4575.5;444.2
22;98;6;4301.0;4729.0;4832.5;4940.5;6042.0;4946.5;533.1
22;99;6;4350.0;4545.5;4983.5;5353.2;6061.0;5042.3;589.0
23;0;6;6380.0;6773.8;7517.0;7568.0;7651.0;7196.0;525.2
23;1;6;6277.0;6842.2;7486.0;7650.5;7826.0;7234.7;573.3
23;2;6;6264.0;6837.2;7576.0;7623.2;7807.0;7242.2;588.2
23;3;6;6365.0;6853.5;7615.5;7725.8;7931.0;7314.8;596.8
23;4;6;6740.0;6983.8;7591.5;7825.8;8403.0;7501.8;584.5
23;5;6;6388.0;6795.2;7300.0;7477.8;7569.0;7120.2;443.3
23;6;6;6069.0;6595.8;7662.5;7746.8;7790.0;7199.8;738.3
23;7;6;6164.0;6779.2;7362.0;7426.5;7655.0;7096.0;533.0
23;8;6;5917.0;6494.2;6898.0;6973.2;7105.0;6696.0;418.5
23;9;6;6286.0;6937.2;7506.0;8264.5;8539.0;7517.0;817.5
23;10;6;5647.0;6562.0;7284.0;7460.8;7569.0;6937.5;708.5
23;11;6;6309.0;6747.0;7463.0;7639.0;7875.0;7219.3;584.7
23;12;6;6362.0;6808.0;7378.5;7496.0;7534.0;7134.3;464.1
23;13;6;6197.0;6667.5;7259.0;7405.8;7609.0;7041.5;515.5
23;14;6;6013.0;6872.8;7158.5;7175.8;7204.0;6915.5;428.6
23;15;6;5834.0;6496.0;7147.5;7289.0;7946.0;6948.3;690.5
23;16;6;6222.0;6580.5;7338.5;7409.5;7554.0;7035.7;539.7
23;17;6;5624.0;5921.0;6639.0;7183.0;7222.0;6528.3;675.7
23;18;6;6415.0;6535.8;7227.0;7686.5;7859.0;7145.5;601.4
23;19;6;5608.0;6076.0;6820.5;7336.2;7526.0;6685.2;731.3
23;20;6;5935.0;6286.2;6851.5;7393.5;7523.0;6805.5;623.2
23;21;6;5463.0;6155.2;7186.0;8043.5;8398.0;7062.3;1128.2
23;22;6;5640.0;5930.0;6496.0;7276.5;7465.0;6562.5;740.6
23;23;6;6058.0;6204.0;6867.0;7632.8;8143.0;6967.7;818.0
23;24;6;5711.0;6111.2;6879.0;7536.5;7980.0;6843.3;857.8
23;25;6;5691.0;5900.5;6845.0;7848.0;8147.0;6882.7;1053.9
23;26;6;5119.0;5581.2;6599.5;7387.5;7647.0;6476.2;1015.4
23;27;6;5710.0;6109.8;6886.0;7317.2;7535.0;6721.5;701.4
23;28;6;5505.0;6038.2;6960.5;7862.5;8023.0;6890.5;1014.6
23;29;6;5726.0;5957.2;7143.5;8027.5;8158.0;7009.2;1064.2
23;30;6;5552.0;5639.8;6349.5;7309.0;7588.0;6478.5;868.2
23;31;6;4371.0;5839.2;6524.5;6874.5;6975.0;6166.2;915.6
23;32;6;5133.0;5343.0;6166.0;6680.8;6823.0;6034.8;699.4
23;33;6;5147.0;5363.2;6468.0;7324.5;7683.0;6395.2;1059.7
23;34;6;4687.0;5441.5;6060.0;6913.2;7222.0;6077.0;914.4
23;35;6;4674.0;5547.8;6152.5;6848.0;6995.0;6066.7;856.0
23;36;6;4155.0;5085.0;5840.5;6543.5;6859.0;5717.7;977.1
23;37;6;4310.0;4888.0;5625.0;6170.0;6237.0;5465.2;755.0
23;38;6;4724.0;5453.2;6044.5;6749.0;6879.0;5988.7;796.7
23;39;6;5021.0;5770.0;6348.5;6663.8;6780.0;6140.7;635.6
23;40;6;4686.0;5158.5;5775.0;6560.2;6909.0;5820.0;828.1
23;41;6;3796.0;4357.2;5910.0;6629.5;6680.0;5500.8;1220.4
23;42;6;4860.0;4934.2;5679.0;6426.8;6455.0;5672.5;759.5
23;43;6;4670.0;4995.2;5258.5;5779.0;6387.0;5405.7;584.9
23;44;6;4578.0;4799.8;5374.5;6015.2;6553.0;5452.8;731.9
23;45;6;4428.0;4734.2;5532.0;6185.8;6465.0;5471.5;796.3
23;46;6;3865.0;4800.8;5594.5;6139.2;6422.0;5388.8;908.7
23;47;6;4570.0;4768.0;5386.0;6141.2;6322.0;5436.5;738.7
23;48;6;4260.0;4945.0;5189.5;5578.0;5921.0;5188.5;542.8
23;49;6;3670.0;4468.0;4743.5;5440.5;5665.0;4811.8;694.0
23;50;6;4446.0;4716.2;5069.0;5675.2;5839.0;5149.8;538.0
23;51;6;4320.0;4641.5;4842.5;5342.0;5545.0;4938.8;445.3
23;52;6;3569.0;4640.5;5056.5;5729.8;5937.0;5012.5;814.9
23;53;6;3822.0;4660.2;5168.5;5967.0;6319.0;5200.3;874.1
23;54;6;4079.0;4636.8;5169.5;5970.0;6555.0;5278.2;880.5
23;55;6;4182.0;4445.8;4965.0;5831.5;6147.0;5108.7;772.0
23;56;6;4861.0;4944.8;5198.5;6854.0;7696.0;5870.0;1182.3
23;57;6;4349.0;4710.5;4914.5;5579.0;6029.0;5108.3;603.8
23;58;6;4607.0;4931.8;5023.5;6162.2;6579.0;5446.0;795.1
23;59;6;3973.0;4216.0;4506.5;5160.0;5389.0;4645.3;545.8
23;60;6;4263.0;4593.0;4644.5;5635.8;5963.0;5009.5;684.9
23;61;6;4541.0;5096.5;5615.5;7136.5;7525.0;5977.3;1172.6
23;62;6;4441.0;4677.8;5135.0;5386.8;5581.0;5048.0;424.6
23;63;6;3925.0;4566.2;4733.0;4997.2;5117.0;4684.0;398.4
23;64;6;4160.0;4656.0;4781.5;5042.0;5402.0;4811.3;388.7
23;65;6;4295.0;4478.8;4764.5;5134.2;5258.0;4787.2;370.5
23;66;6;3906.0;4161.5;4538.0;4964.8;5057.0;4530.3;445.5
23;67;6;4389.0;4507.2;4740.5;5255.0;5562.0;4881.3;455.7
23;68;6;3851.0;4057.8;4535.0;5051.2;5508.0;4591.8;612.2
23;69;6;4304.0;4638.8;4732.5;6158.2;6752.0;5293.7;993.4
23;70;6;4992.0;5045.0;5246.0;6785.0;7415.0;5862.5;1056.0
23;71;6;4336.0;4548.8;4639.5;5193.0;5581.0;4848.7;459.4
23;72;6;4588.0;4751.0;5185.5;6397.0;6732.0;5516.3;894.7
23;73;6;3750.0;4853.2;5150.5;5963.0;6306.0;5224.2;864.8
23;74;6;4361.0;4626.0;5100.5;6229.0;6882.0;5419.5;972.1
23;75;6;3867.0;4877.8;5064.0;6318.2;6788.0;5389.2;1046.0
23;76;6;4603.0;4805.5;4929.5;5523.0;5952.0;5149.8;495.8
23;77;6;4119.0;4954.8;5134.5;5836.2;6363.0;5286.0;737.9
23;78;6;3891.0;4979.0;5211.5;6278.8;6705.0;5425.8;977.3
23;79;6;5039.0;5121.5;5158.0;6765.0;7386.0;5858.5;1050.4
23;80;6;3458.0;3812.0;4399.0;5214.8;7085.0;4740.7;1235.7
23;81;6;4422.0;4878.8;5053.0;5294.0;5907.0;5105.0;457.2
23;82;6;4251.0;4441.0;4522.0;4668.2;5317.0;4623.8;339.2
23;83;6;4218.0;4368.2;4752.0;4926.5;6815.0;4960.3;873.0
23;84;6;4263.0;4413.2;4627.5;5045.8;5906.0;4825.2;564.7
23;85;6;4101.0;4301.0;4456.5;4570.8;5935.0;4634.5;603.2
23;86;6;4203.0;4447.5;4591.5;4659.0;5991.0;4743.0;579.7
23;87;6;4409.0;4526.0;4807.5;5118.2;5956.0;4939.0;532.6
23;88;6;3709.0;4125.8;4373.5;4537.2;5863.0;4492.3;673.3
23;89;6;3620.0;3955.8;4066.0;4618.8;5314.0;4298.0;571.7
23;90;6;3855.0;3991.5;4208.0;4446.2;4910.0;4271.0;355.8
23;91;6;4099.0;4175.5;4383.5;4566.8;4941.0;4423.5;296.3
23;92;6;4212.0;4288.8;4313.0;4368.0;4804.0;4384.8;194.2
23;93;6;4501.0;4573.5;4675.0;4739.0;5299.0;4741.7;263.4
23;94;6;4182.0;4394.5;4902.5;5148.0;6244.0;4947.7;688.0
23;95;6;3864.0;4103.8;4476.0;4681.0;5991.0;4589.3;693.3
23;96;6;3909.0;4076.5;4388.0;4594.5;5285.0;4434.3;459.3
23;97;6;4169.0;4343.8;4516.0;5099.2;5963.0;4790.7;628.3
23;98;6;4533.0;4646.8;4894.0;5428.5;7429.0;5320.2;1002.6
23;99;6;4003.0;4355.5;4962.0;5507.0;6544.0;5052.2;878.8
24;0;6;6198.0;6673.5;7390.5;7819.5;7920.0;7216.0;664.5
24;1;6;5950.0;6680.0;7456.0;7516.5;7644.0;7077.3;647.9
24;2;6;6076.0;6485.0;7224.0;7342.8;7450.0;6932.5;552.8
24;3;6;5868.0;6678.0;7373.0;7458.2;7631.0;7029.7;643.5
24;4;6;6310.0;6592.5;7254.5;7264.0;7374.0;6972.0;448.1
24;5;6;6128.0;6746.8;7451.5;7621.5;7689.0;7151.7;599.1
24;6;6;6654.0;6971.2;7352.0;7633.8;7754.0;7280.7;411.5
24;7;6;6507.0;6917.2;7596.0;7712.2;7830.0;7328.5;522.3
24;8;6;6149.0;6591.5;7348.5;7422.2;7508.0;7023.3;552.2
24;9;6;5903.0;6913.0;7620.0;7784.0;7873.0;7255.3;717.3
24;10;6;6462.0;6890.2;7554.0;7654.5;7754.0;7280.2;507.7
24;11;6;6536.0;6838.0;7366.5;7516.2;7571.0;7178.0;415.7
24;12;6;6013.0;6694.0;7318.5;7563.5;7636.0;7069.5;600.9
24;13;6;6107.0;6419.0;7131.0;7182.2;7228.0;6829.7;482.8
24;14;6;6091.0;6512.0;7208.0;7275.5;7401.0;6914.3;521.7
24;15;6;6152.0;6689.5;7213.5;7643.8;7764.0;7107.5;597.2
24;16;6;6047.0;6696.5;7318.5;7567.8;7683.0;7084.5;599.0
24;17;6;6023.0;6293.5;6916.5;7556.0;7616.0;6887.8;684.2
24;18;6;5707.0;6192.0;6792.0;7484.2;7666.0;6777.3;751.0
24;19;6;5900.0;6432.2;7160.0;7815.8;7883.0;7054.5;806.0
24;20;6;5763.0;6070.0;6757.0;7642.8;7819.0;6812.5;829.7
24;21;6;5913.0;6040.0;6771.0;7478.0;8288.0;6875.5;882.6
24;22;6;5708.0;5879.0;6853.5;7536.2;7696.0;6738.2;859.5
24;23;6;5580.0;6200.8;7468.5;8218.0;8454.0;7202.8;1134.5
24;24;6;6088.0;6212.8;6874.5;7657.8;7825.0;6928.8;739.3
24;25;6;5875.0;6177.5;6906.5;7643.0;8067.0;6929.7;860.9
24;26;6;5736.0;6381.5;7229.0;7904.8;8066.0;7081.5;904.8
24;27;6;5417.0;6411.2;6955.0;7438.8;7611.0;6794.7;778.8
24;28;6;5850.0;6242.2;6829.5;7355.2;7539.0;6770.8;662.5
24;29;6;5716.0;6711.2;7385.5;7780.8;7894.0;7130.0;785.0
24;30;6;5810.0;5923.0;7000.5;7777.2;7861.0;6878.7;933.6
24;31;6;5012.0;5745.2;6870.5;7484.2;7818.0;6605.0;1055.0
24;32;6;5168.0;6011.8;7270.0;7951.5;8026.0;6917.5;1123.3
24;33;6;4549.0;5817.2;6608.0;7272.8;7285.0;6349.7;1021.3
24;34;6;3860.0;4680.8;6417.5;7802.5;7885.0;6157.7;1678.4
24;35;6;6192.0;6391.0;6869.5;7416.2;7477.0;6873.0;549.9
24;36;6;5395.0;5576.5;6222.5;6862.5;6989.0;6211.0;690.9
24;37;6;4941.0;5870.8;6673.0;7449.8;7467.0;6511.0;988.5
24;38;6;3920.0;4305.5;5701.0;7040.2;7300.0;5658.2;1406.1
24;39;6;3738.0;5104.0;6339.0;6833.8;6906.0;5835.5;1189.8
24;40;6;4674.0;5707.2;6437.0;7133.8;7163.0;6256.8;946.6
24;41;6;4772.0;5081.8;6096.5;6653.0;6724.0;5878.5;827.0
24;42;6;4147.0;5242.2;5996.5;6869.2;7271.0;5927.0;1091.4
24;43;6;5302.0;5573.5;6300.0;6724.2;6775.0;6145.7;615.8
24;44;6;4349.0;5654.0;6005.5;6533.2;6621.0;5871.2;787.9
24;45;6;5049.0;5291.2;5775.0;6138.8;6484.0;5745.5;525.8
24;46;6;4029.0;4476.5;5719.5;6562.0;6769.0;5523.7;1122.7
24;47;6;4117.0;5008.8;6111.5;6729.0;6860.0;5796.0;1044.8
24;48;6;4033.0;4697.2;5401.5;6348.0;6701.0;5443.8;982.0
24;49;6;4077.0;4917.5;5380.0;6189.0;6714.0;5462.2;904.5
24;50;6;4251.0;5068.2;5465.0;6056.0;6350.0;5453.3;718.2
24;51;6;4099.0;4776.8;5154.0;6000.8;6241.0;5263.7;778.2
24;52;6;4142.0;4646.2;5208.0;5894.2;6233.0;5228.8;768.7
24;53;6;4564.0;5011.5;5407.5;5975.2;6183.0;5434.3;596.3
24;54;6;4280.0;5195.5;5454.0;5962.2;6070.0;5416.5;618.5
24;55;6;4156.0;4701.0;5122.0;5650.2;5926.0;5118.8;629.8
24;56;6;4093.0;4128.8;4806.5;5773.0;5873.0;4929.5;822.1
24;57;6;3635.0;4088.8;5274.0;5733.2;5809.0;4928.7;904.2
24;58;6;3788.0;4765.0;5199.5;5794.5;5941.0;5123.5;750.9
24;59;6;4071.0;4228.0;4495.0;5470.0;5761.0;4792.7;699.2
24;60;6;3802.0;4347.2;5202.5;5718.8;6103.0;5043.8;851.0
24;61;6;3903.0;4133.2;4698.5;5470.8;5729.0;4783.7;721.6
24;62;6;4643.0;4781.8;4926.5;5498.8;5651.0;5095.0;410.3
24;63;6;4540.0;5109.5;5146.5;5483.5;5699.0;5204.2;377.5
24;64;6;4635.0;4682.5;4988.0;5439.8;5532.0;5052.3;382.0
24;65;6;3868.0;4352.2;5044.0;5567.0;5681.0;4916.7;695.1
24;66;6;3957.0;4266.5;4952.5;5550.0;5681.0;4888.3;686.1
24;67;6;3734.0;3926.8;4538.0;5465.0;5696.0;4667.2;803.7
24;68;6;4328.0;4621.0;5047.0;5527.8;5834.0;5070.5;553.5
24;69;6;4308.0;4608.2;5103.0;5592.5;5883.0;5099.3;586.7
24;70;6;4209.0;4375.0;4697.5;5431.0;5615.0;4860.3;572.1
24;71;6;3795.0;3956.2;4414.0;5440.2;5736.0;4657.5;799.2
24;72;6;3908.0;4261.5;4619.0;5410.0;5675.0;4772.8;673.0
24;73;6;3485.0;3904.0;4481.0;5542.5;6053.0;4684.7;967.9
24;74;6;3877.0;4680.0;4779.5;5245.0;5383.0;4811.0;508.1
24;75;6;3799.0;4256.8;4548.5;5408.0;5672.0;4737.0;704.7
24;76;6;3959.0;4296.2;4979.5;5625.2;5805.0;4938.7;722.0
24;77;6;3731.0;4240.2;4370.5;5451.8;5781.0;4710.3;788.1
24;78;6;3958.0;4505.8;4801.5;5449.0;5652.0;4880.8;608.1
24;79;6;3984.0;4461.0;4944.5;5515.8;5782.0;4943.5;656.8
24;80;6;4109.0;4273.0;4872.0;5134.2;5900.0;4841.3;624.4
24;81;6;4597.0;5092.2;5115.0;5143.0;5796.0;5143.3;348.7
24;82;6;3967.0;4217.8;4676.5;5112.0;5762.0;4734.0;623.2
24;83;6;4052.0;4233.5;4526.0;5004.5;5794.0;4699.7;605.4
24;84;6;4021.0;4496.0;4823.0;5311.2;5734.0;4877.0;585.4
24;85;6;3808.0;3960.5;4411.5;5014.0;5546.0;4533.7;648.7
24;86;6;3859.0;4094.0;4809.0;5212.0;5856.0;4755.8;716.1
24;87;6;4024.0;4622.0;4823.5;5100.8;5854.0;4878.8;558.6
24;88;6;3901.0;4283.8;4952.0;5094.5;5862.0;4811.7;661.6
24;89;6;3755.0;3877.5;4469.0;5044.8;5678.0;4548.0;711.3
24;90;6;3895.0;4252.5;4490.0;4802.5;5627.0;4597.0;551.6
24;91;6;3930.0;3983.8;4472.5;5232.0;5910.0;4681.8;759.3
24;92;6;4064.0;4338.0;4927.5;5323.5;5828.0;4890.7;627.6
24;93;6;4404.0;4424.8;4839.5;5256.5;5803.0;4928.0;535.0
24;94;6;4142.0;4314.2;4395.0;4648.2;5814.0;4627.7;558.4
24;95;6;4015.0;4349.5;4902.0;5187.5;5816.0;4847.2;611.9
24;96;6;3899.0;4878.2;5162.5;5253.2;5944.0;5039.2;614.4
24;97;6;4525.0;4652.2;4877.5;5075.8;5724.0;4953.8;398.8
24;98;6;3908.0;4216.5;4373.0;4561.8;5783.0;4537.7;599.1
24;99;6;3854.0;4092.5;4336.0;4835.2;5655.0;4532.3;613.4
25;0;6;5872.0;6403.0;7480.5;7720.2;7923.0;7100.0;823.6
25;1;6;6123.0;6759.8;7457.5;7670.0;7858.0;7194.0;632.4
25;2;6;6669.0;7076.0;7700.5;7889.2;7953.0;7473.8;503.1
25;3;6;6616.0;7030.0;7656.5;7726.5;7783.0;7380.5;469.5
25;4;6;5325.0;6661.0;7170.5;7302.0;7339.0;6807.0;720.1
25;5;6;6211.0;6754.8;7446.5;7558.5;7614.0;7139.7;550.5
25;6;6;5860.0;6647.0;7531.0;7557.8;7762.0;7100.5;720.3
25;7;6;6553.0;6919.0;7262.0;7347.0;7791.0;7174.7;398.2
25;8;6;5716.0;6464.8;7945.5;7978.0;8140.0;7284.5;1022.7
25;9;6;5909.0;6718.8;7501.5;7661.0;7763.0;7141.2;700.3
25;10;6;6012.0;6386.0;7161.0;7480.0;7659.0;6951.2;638.5
25;11;6;6412.0;6771.5;7484.5;7803.0;7920.0;7290.7;598.3
25;12;6;6459.0;6799.0;7443.0;7610.0;7877.0;7245.3;524.9
25;13;6;6093.0;6405.8;7390.0;7464.5;7744.0;7030.7;673.5
25;14;6;6261.0;6959.0;7496.5;7530.0;7551.0;7187.7;493.4
25;15;6;6087.0;6824.0;7545.5;7634.8;7712.0;7189.7;621.1
25;16;6;6142.0;6425.5;7137.5;7498.5;8249.0;7078.8;737.2
25;17;6;6228.0;6428.8;6960.0;7501.8;7787.0;6978.2;626.4
25;18;6;5975.0;6070.0;7117.5;7966.2;8405.0;7097.5;1016.4
25;19;6;5715.0;6172.5;7000.5;7650.0;7970.0;6908.2;865.7
25;20;6;6065.0;6478.5;7134.5;7675.8;8104.0;7092.3;747.3
25;21;6;5999.0;6154.8;7205.5;7926.2;8499.0;7146.7;993.7
25;22;6;5372.0;6093.5;6735.0;7277.5;7355.0;6589.2;750.3
25;23;6;6174.0;6546.2;7330.0;7768.8;7811.0;7140.8;674.2
25;24;6;5738.0;5979.0;6471.5;7145.5;7547.0;6568.8;692.7
25;25;6;6063.0;6754.8;7500.5;8034.0;8261.0;7340.5;815.1
25;26;6;6047.0;6504.8;7221.5;7852.0;8027.0;7140.8;788.3
25;27;6;6061.0;6176.2;6847.5;7614.8;7866.0;6907.5;772.9
25;28;6;5720.0;6255.8;7032.0;7648.5;7847.0;6913.7;824.7
25;29;6;5711.0;6252.8;7574.5;8200.2;8445.0;7254.3;1088.0
25;30;6;5391.0;6547.2;7670.5;8333.2;8476.0;7322.5;1157.8
25;31;6;6034.0;6411.0;7392.0;8249.2;8278.0;7285.8;983.7
25;32;6;5615.0;5963.5;6989.0;7657.5;7940.0;6839.2;932.7
25;33;6;5571.0;5923.0;6980.0;7774.5;8039.0;6863.3;1012.9
25;34;6;5535.0;5845.5;6703.0;7724.8;7915.0;6746.8;1002.5
25;35;6;5603.0;6255.8;7074.0;7889.2;7983.0;6979.7;965.8
25;36;6;5177.0;5717.0;6883.0;7847.2;8152.0;6765.3;1187.2
25;37;6;5288.0;5638.8;6506.0;7359.8;8352.0;6607.7;1127.2
25;38;6;4915.0;5564.0;6767.0;7181.0;7371.0;6383.7;962.7
25;39;6;5643.0;5695.0;6626.5;7546.8;7625.0;6626.5;927.7
25;40;6;4907.0;6614.5;7335.5;7937.2;8049.0;7023.2;1106.9
25;41;6;4290.0;5137.2;6135.0;7199.5;7585.0;6084.0;1265.6
25;42;6;5470.0;5638.8;6399.5;7020.0;7426.0;6384.5;761.6
25;43;6;5079.0;5356.0;6056.0;6710.2;7009.0;6041.8;769.8
25;44;6;5142.0;5478.2;6458.0;7263.0;7298.0;6339.8;933.1
25;45;6;4196.0;5220.8;6354.5;7012.8;7147.0;6021.2;1118.2
25;46;6;4577.0;5532.0;6519.5;7153.0;7363.0;6257.7;1034.0
25;47;6;4716.0;5208.5;6350.0;7332.5;7350.0;6209.0;1140.5
25;48;6;4157.0;4498.8;4943.5;6737.5;7316.0;5507.7;1297.4
25;49;6;4493.0;5078.5;5886.0;7028.8;7343.0;5971.2;1093.4
25;50;6;4477.0;4933.8;5652.5;6996.8;7411.0;5888.7;1146.9
25;51;6;5207.0;5782.8;6095.0;7257.8;7644.0;6394.2;929.1
25;52;6;5527.0;5620.2;6102.0;6700.0;7112.0;6200.3;613.9
25;53;6;4171.0;4930.5;5779.0;6814.2;7124.0;5776.7;1101.9
25;54;6;4228.0;4890.5;5710.0;6456.8;6684.0;5609.2;920.3
25;55;6;4807.0;5313.5;5887.0;6567.8;6938.0;5906.0;767.9
25;56;6;3970.0;5053.8;5579.5;6751.8;7105.0;5709.2;1124.3
25;57;6;4437.0;4704.5;5525.0;6632.8;7013.0;5655.5;1036.3
25;58;6;5012.0;5358.2;5580.0;6880.2;7307.0;6012.8;923.4
25;59;6;4371.0;4466.0;4956.5;6414.5;6817.0;5384.0;1047.4
25;60;6;4729.0;4994.0;5339.5;6360.0;6668.0;5609.2;779.8
25;61;6;4334.0;5389.0;5592.5;6300.8;6665.0;5673.7;773.4
25;62;6;5071.0;5201.5;5569.5;6277.2;6679.0;5746.8;629.6
25;63;6;4475.0;5389.5;5542.5;6618.0;7143.0;5836.3;928.2
25;64;6;4812.0;5009.8;5449.0;6378.0;6589.0;5641.7;731.7
25;65;6;4941.0;5018.5;5417.0;6748.5;7093.0;5824.3;932.0
25;66;6;5101.0;5518.8;5602.0;6668.5;7102.0;5987.0;772.4
25;67;6;4879.0;5130.0;5324.0;6346.0;6674.0;5658.8;728.8
25;68;6;4012.0;4794.2;5116.0;6284.5;6641.0;5374.3;962.5
25;69;6;4273.0;4682.8;5190.5;6468.5;6868.0;5488.3;1017.0
25;70;6;4537.0;5507.2;5632.5;6459.8;6950.0;5825.5;811.7
25;71;6;4674.0;4839.0;5421.5;6380.5;6635.0;5582.8;816.9
25;72;6;4295.0;5047.5;5629.5;6260.2;6451.0;5554.8;777.4
25;73;6;4353.0;4743.8;5327.0;6316.0;6670.0;5478.7;888.9
25;74;6;3795.0;4403.5;4860.5;6261.8;6718.0;5202.3;1115.6
25;75;6;4946.0;5267.0;5627.0;6407.0;6743.0;5792.8;686.8
25;76;6;3827.0;4744.2;5417.5;6585.0;6879.0;5505.8;1127.5
25;77;6;4419.0;4816.0;5271.0;6249.5;6568.0;5461.5;828.3
25;78;6;4142.0;5000.5;5293.0;5897.5;6456.0;5364.3;754.7
25;79;6;3967.0;5172.2;5798.5;6592.0;6830.0;5702.3;1003.9
25;80;6;3787.0;4623.2;4939.5;5508.5;6811.0;5115.5;947.3
25;81;6;3785.0;4696.0;5100.0;5870.8;6806.0;5246.7;977.7
25;82;6;4863.0;5327.5;5840.5;6210.2;6678.0;5785.3;616.7
25;83;6;4545.0;4580.5;4724.0;4998.8;6416.0;5005.3;655.6
25;84;6;4549.0;4809.8;4970.0;5254.0;6688.0;5213.7;700.8
25;85;6;3973.0;4496.8;5041.5;5492.5;6782.0;5132.7;910.6
25;86;6;4186.0;4833.5;4987.0;5356.5;6802.0;5204.0;809.3
25;87;6;4329.0;5153.2;5330.0;5881.8;6773.0;5487.0;763.4
25;88;6;3829.0;4328.0;5136.5;5775.5;6663.0;5135.3;978.7
25;89;6;3872.0;4407.8;5025.0;5799.0;6712.0;5148.8;985.1
25;90;6;4470.0;4663.0;4878.0;5261.8;6581.0;5131.3;709.5
25;91;6;3562.0;4152.2;5036.5;5917.8;6534.0;5039.7;1084.0
25;92;6;4184.0;5237.0;5355.5;5664.5;6785.0;5440.8;769.4
25;93;6;4068.0;4577.5;5432.0;5896.5;7938.0;5535.7;1265.8
25;94;6;4291.0;4884.0;5002.0;5428.2;7149.0;5309.8;902.0
25;95;6;3842.0;4970.0;5534.0;5817.5;6691.0;5382.5;887.5
25;96;6;4523.0;4871.5;5273.0;5643.0;6404.0;5329.5;623.4
25;97;6;3877.0;4930.8;5315.0;5750.2;6908.0;5352.2;927.6
25;98;6;3533.0;4190.5;5067.5;5552.2;7594.0;5145.7;1312.0
25;99;6;3858.0;4186.2;4912.0;5695.5;6712.0;5049.2;1005.3
26;0;6;6125.0;6455.2;7447.5;7560.0;7623.0;7060.8;662.3
26;1;6;6358.0;6672.2;7468.5;7486.2;7500.0;7115.7;518.7
26;2;6;5782.0;6684.0;7819.0;7884.5;7964.0;7266.0;876.4
26;3;6;6618.0;6950.2;7395.5;7522.8;7695.0;7245.2;392.5
26;4;6;6417.0;6730.8;7523.5;7670.5;7847.0;7249.5;575.8
26;5;6;6289.0;7014.2;7595.0;7872.0;8001.0;7377.5;615.5
26;6;6;6284.0;6615.8;7529.5;7633.2;7699.0;7170.2;618.3
26;7;6;5652.0;6380.5;7409.5;7567.0;7616.0;6957.3;795.6
26;8;6;6064.0;6672.5;7127.0;7440.5;7597.0;6996.8;544.1
26;9;6;6079.0;6709.8;7343.5;7446.2;7638.0;7063.8;566.2
26;10;6;5603.0;6636.5;7439.5;7550.2;7601.0;7006.5;754.9
26;11;6;5458.0;6370.2;7148.0;7349.0;7667.0;6824.7;770.3
26;12;6;6176.0;6444.2;7298.5;7485.2;7536.0;7002.7;589.9
26;13;6;5913.0;6449.8;7856.0;7996.2;8052.0;7283.5;948.1
26;14;6;5878.0;6701.0;7095.0;7272.2;7471.0;6906.7;536.0
26;15;6;6062.0;6991.0;7960.0;8071.8;8227.0;7497.7;817.0
26;16;6;6049.0;6446.2;7507.0;7747.2;7844.0;7137.8;764.5
26;17;6;5988.0;6460.5;7066.0;7755.5;7925.0;7048.2;748.8
26;18;6;6037.0;6229.5;6849.0;7321.5;7747.0;6830.7;637.8
26;19;6;6383.0;6750.8;7594.0;7890.5;7928.0;7326.3;639.9
26;20;6;6123.0;6241.8;6739.5;7221.5;7294.0;6725.7;498.8
26;21;6;5360.0;5688.2;6540.5;7659.0;7819.0;6616.0;1050.1
26;22;6;5507.0;5890.8;6672.0;7475.0;7638.0;6643.7;882.7
26;23;6;4806.0;5830.2;6478.5;7470.2;7614.0;6465.3;1042.5
26;24;6;5755.0;6078.2;6614.0;7314.0;7493.0;6653.8;695.4
26;25;6;5575.0;6008.2;6632.5;7222.2;7562.0;6603.5;737.9
26;26;6;5515.0;5984.0;6947.5;7622.2;7861.0;6796.8;932.9
26;27;6;5098.0;5732.2;6471.0;7449.8;7650.0;6492.0;1001.6
26;28;6;6036.0;6330.2;6730.5;7185.5;7306.0;6722.8;502.3
26;29;6;5450.0;5899.8;6653.5;7147.8;7632.0;6558.3;783.6
26;30;6;6168.0;6246.0;6963.5;7618.8;7815.0;6959.0;706.6
26;31;6;4760.0;5643.8;6922.5;7362.8;7481.0;6468.8;1060.1
26;32;6;4783.0;5737.8;6711.5;7369.5;7494.0;6450.3;1015.5
26;33;6;5027.0;5547.2;6564.0;7439.0;7472.0;6427.7;1039.6
26;34;6;5774.0;5889.0;6574.0;7226.0;7546.0;6595.3;714.8
26;35;6;4647.0;5312.8;6394.5;6915.2;7258.0;6122.5;977.1
26;36;6;5121.0;5372.8;6132.0;6784.8;6795.0;6050.3;745.0
26;37;6;5719.0;5910.2;6722.0;7531.5;7539.0;6690.5;845.0
26;38;6;4361.0;5782.5;6799.5;7115.2;7662.0;6381.0;1118.7
26;39;6;5114.0;5347.5;6309.0;6916.5;7173.0;6175.2;834.7
26;40;6;4410.0;5779.2;6423.0;6785.5;6871.0;6099.7;867.2
26;41;6;4828.0;5214.8;6181.5;6590.2;6784.0;5932.3;776.1
26;42;6;4526.0;4857.2;6036.5;7071.0;7106.0;5930.8;1145.8
26;43;6;4801.0;4981.0;6054.5;6928.5;6944.0;5949.5;987.1
26;44;6;4885.0;5752.2;6419.5;6855.0;7055.0;6218.2;776.7
26;45;6;4492.0;5062.0;5958.0;6866.8;6973.0;5885.7;1012.2
26;46;6;4925.0;5333.5;6149.5;6652.0;6688.0;5965.5;728.9
26;47;6;4781.0;5606.0;6326.0;6949.2;7175.0;6188.5;884.1
26;48;6;4093.0;5479.5;5972.5;6353.0;6600.0;5738.8;839.9
26;49;6;5312.0;5474.2;5645.0;6047.5;6252.0;5742.2;349.6
26;50;6;4968.0;5075.5;5514.5;6384.8;6688.0;5714.8;705.8
26;51;6;4307.0;5037.8;5718.5;6106.0;6440.0;5538.3;749.7
26;52;6;4474.0;4648.8;4794.5;5662.5;6032.0;5107.8;624.9
26;53;6;4007.0;4931.5;5490.0;6217.2;6564.0;5459.3;892.0
26;54;6;3555.0;4536.8;5881.5;6544.5;6718.0;5481.7;1218.2
26;55;6;3724.0;4809.2;5282.0;6160.5;6391.0;5297.3;936.9
26;56;6;3823.0;4712.0;5287.0;5796.0;5977.0;5143.3;762.3
26;57;6;3943.0;4775.8;5315.5;6010.5;6245.0;5276.2;815.6
26;58;6;4493.0;4853.8;5054.0;5615.8;5762.0;5158.8;471.7
26;59;6;4272.0;4555.8;5454.0;5990.8;6135.0;5290.2;766.1
26;60;6;4607.0;4737.5;4824.0;5610.2;5903.0;5123.2;543.6
26;61;6;4304.0;4749.0;5157.5;5683.0;5958.0;5174.7;593.7
26;62;6;4929.0;4942.8;5109.5;5896.5;6153.0;5391.2;535.4
26;63;6;4462.0;4909.5;5195.0;5980.0;6250.0;5359.7;667.3
26;64;6;4244.0;4783.0;5091.5;5699.2;5828.0;5139.5;578.6
26;65;6;4001.0;4623.8;5173.0;5700.5;5883.0;5091.2;679.3
26;66;6;3910.0;4219.8;4511.5;5458.8;5776.0;4767.7;730.5
26;67;6;4456.0;4756.0;5268.5;5697.8;5824.0;5207.2;527.4
26;68;6;4662.0;5003.0;5154.0;5563.8;5733.0;5226.0;379.0
26;69;6;3811.0;4325.0;4836.0;5827.8;6125.0;4986.8;878.2
26;70;6;3949.0;4523.0;4670.5;5485.5;5731.0;4875.3;650.1
26;71;6;4191.0;4755.5;5170.5;5713.8;5871.0;5152.5;606.6
26;72;6;3568.0;4447.5;4750.0;5531.0;5766.0;4828.7;768.3
26;73;6;3773.0;3991.5;4554.0;5393.2;5643.0;4666.8;750.5
26;74;6;4033.0;4676.5;5030.5;5698.0;6051.0;5104.0;706.5
26;75;6;3949.0;4161.2;4885.5;5682.5;5817.0;4900.8;777.6
26;76;6;4262.0;4839.8;4941.0;5619.0;6148.0;5157.2;640.2
26;77;6;3972.0;4567.2;4635.0;5406.2;5666.0;4852.7;615.7
26;78;6;4270.0;4662.2;4808.0;5640.0;5925.0;5057.0;630.5
26;79;6;3297.0;4499.5;4668.5;5587.5;5887.0;4809.7;886.2
26;80;6;4260.0;4539.2;4615.0;4803.2;5611.0;4746.8;425.5
26;81;6;3608.0;4327.2;4540.0;4912.5;5740.0;4620.2;654.1
26;82;6;3710.0;4177.2;4419.0;4801.8;5738.0;4552.0;645.0
26;83;6;4601.0;4649.0;4837.0;4984.5;5541.0;4906.0;320.2
26;84;6;4536.0;4826.2;5113.5;5178.0;6046.0;5123.2;474.8
26;85;6;4279.0;4867.8;4997.0;5350.5;5836.0;5067.0;488.3
26;86;6;4625.0;4777.8;4983.5;5241.8;5846.0;5079.2;409.4
26;87;6;3905.0;4012.5;4144.5;4854.0;5941.0;4532.3;739.7
26;88;6;3591.0;4337.8;4608.0;5169.2;6058.0;4744.8;780.9
26;89;6;4108.0;4633.0;4948.5;5225.8;5921.0;4962.0;572.0
26;90;6;3950.0;4698.5;4826.5;4919.2;5603.0;4802.0;484.5
26;91;6;3651.0;4473.0;4724.5;5033.0;5847.0;4745.3;670.2
26;92;6;3586.0;4871.8;4976.5;5262.0;6018.0;4958.5;727.0
26;93;6;4076.0;4229.5;4367.5;5003.5;5669.0;4646.5;585.4
26;94;6;4480.0;4750.2;5030.0;5087.0;5831.0;5022.3;424.4
26;95;6;4451.0;4743.2;4958.5;5042.5;5736.0;4974.3;397.5
26;96;6;3955.0;4334.0;4503.5;4970.0;5825.0;4698.3;609.6
26;97;6;4721.0;4869.5;5121.5;5171.8;5743.0;5113.5;330.8
26;98;6;4366.0;4369.0;4597.0;4925.5;5705.0;4765.5;482.6
26;99;6;4499.0;4597.0;4938.5;5282.2;5868.0;5020.7;487.8
27;0;6;6234.0;6705.2;7514.5;7597.8;7874.0;7199.7;620.5
27;1;6;5968.0;6338.0;7279.5;7333.8;7431.0;6889.0;631.1
27;2;6;6327.0;6876.8;7571.5;7643.8;7654.0;7239.5;537.6
27;3;6;6092.0;6627.8;7553.5;7657.2;7876.0;7181.0;699.4
27;4;6;6152.0;6822.2;7306.5;7400.8;7468.0;7054.3;483.5
27;5;6;6417.0;6722.5;7612.0;7642.0;7671.0;7231.7;572.6
27;6;6;6365.0;6714.0;7508.5;7650.5;7844.0;7228.8;587.0
27;7;6;5832.0;6554.5;7705.0;7847.5;7887.0;7199.2;846.3
27;8;6;6576.0;7359.0;8107.0;8428.2;8566.0;7833.5;737.0
27;9;6;6636.0;6985.2;7688.0;7877.0;8000.0;7450.5;538.4
27;10;6;6477.0;6947.0;7684.5;7808.5;7832.0;7371.5;554.2
27;11;6;5897.0;6914.2;7570.0;7807.2;8334.0;7325.5;798.7
27;12;6;6891.0;7211.8;7665.5;7776.5;7930.0;7504.3;383.5
27;13;6;6346.0;6779.0;7379.5;7440.8;7605.0;7125.0;478.6
27;14;6;6125.0;7012.2;7549.5;7662.2;8043.0;7300.0;636.0
27;15;6;5742.0;6139.2;7320.0;7464.2;7469.0;6851.5;773.7
27;16;6;5464.0;6305.5;7331.5;7368.2;7618.0;6848.2;820.6
27;17;6;5974.0;6792.0;7198.0;7900.2;8254.0;7235.8;781.8
27;18;6;6131.0;6327.5;7120.5;7882.8;7964.0;7089.3;789.5
27;19;6;6145.0;6154.8;6903.0;7646.8;7687.0;6906.3;751.9
27;20;6;4970.0;5817.2;6503.0;7197.0;7746.0;6456.5;964.3
27;21;6;6252.0;6654.8;7124.5;7635.5;7873.0;7113.0;607.6
27;22;6;6143.0;6387.5;6899.5;7491.8;7707.0;6925.8;629.3
27;23;6;5842.0;6244.0;6952.0;7571.5;7584.0;6852.7;736.1
27;24;6;5401.0;6048.8;6607.0;7188.5;7570.0;6571.7;776.7
27;25;6;5329.0;5879.8;7213.5;7909.8;8114.0;6907.8;1120.3
27;26;6;5974.0;6390.5;7287.0;8055.2;8334.0;7214.2;916.8
27;27;6;5823.0;6606.0;7465.5;7937.2;8092.0;7210.0;845.9
27;28;6;5686.0;6183.8;7352.0;7996.8;8283.0;7113.2;1024.7
27;29;6;5271.0;6029.0;7242.0;7930.8;8005.0;6924.2;1083.2
27;30;6;6112.0;6680.8;7677.5;8117.8;8267.0;7391.2;840.9
27;31;6;5441.0;5920.8;6795.5;7706.2;7835.0;6751.0;972.9
27;32;6;5508.0;5659.2;6342.5;6941.0;7147.0;6318.7;670.1
27;33;6;4017.0;5633.0;6270.0;6868.0;7000.0;6007.5;1036.9
27;34;6;5473.0;5644.5;6225.0;6688.5;7062.0;6213.2;607.3
27;35;6;4918.0;6299.5;6950.0;7511.2;7544.0;6690.5;953.7
27;36;6;5055.0;5552.0;6899.5;7453.5;7545.0;6523.3;1034.6
27;37;6;5211.0;5481.5;6701.5;7603.5;7683.0;6546.0;1083.1
27;38;6;4810.0;5442.8;6290.5;6798.5;6845.0;6060.7;801.2
27;39;6;5605.0;6276.5;6758.0;7372.2;8187.0;6833.5;854.7
27;40;6;5487.0;5623.8;6419.0;7164.0;7334.0;6405.0;802.4
27;41;6;4690.0;4882.0;5940.5;6815.2;7090.0;5882.8;1030.5
27;42;6;4550.0;5444.8;5797.0;6187.5;6904.0;5782.2;733.6
27;43;6;4880.0;5604.0;6219.5;6457.0;6918.0;6028.7;680.0
27;44;6;5009.0;5558.8;6098.5;6561.8;6718.0;6003.2;642.3
27;45;6;4795.0;5663.2;6340.5;6940.5;6975.0;6171.5;822.5
27;46;6;4527.0;5375.8;6138.5;6932.0;7031.0;6025.5;965.8
27;47;6;4073.0;4690.2;6371.0;7187.0;7203.0;5934.5;1332.5
27;48;6;5014.0;5124.0;5449.0;6424.2;6736.0;5735.5;717.1
27;49;6;5171.0;5226.5;5599.5;6913.8;7276.0;6016.7;915.4
27;50;6;5015.0;5419.0;5856.5;6350.2;6585.0;5850.2;575.6
27;51;6;4212.0;4923.8;5496.5;6617.5;6998.0;5654.5;1033.9
27;52;6;4817.0;4869.5;5161.5;6080.5;6392.0;5448.5;666.2
27;53;6;5529.0;5715.0;6070.0;6396.5;6656.0;6071.2;417.1
27;54;6;5100.0;5254.2;5589.5;6158.0;6419.0;5698.0;520.1
27;55;6;4553.0;4763.2;5220.0;6014.2;6321.0;5367.3;707.1
27;56;6;4615.0;5214.0;5347.5;5986.5;6218.0;5482.8;563.0
27;57;6;4466.0;4970.2;5098.0;6396.5;6980.0;5566.5;966.7
27;58;6;4820.0;5444.8;5836.0;6507.8;6752.0;5881.7;691.6
27;59;6;4262.0;4702.0;5237.0;5786.2;6233.0;5243.7;695.5
27;60;6;4263.0;4345.2;4620.0;5786.5;6496.0;5071.3;901.1
27;61;6;3809.0;4592.2;4964.5;5889.5;6150.0;5092.3;844.8
27;62;6;4619.0;5026.5;5210.0;5914.8;6438.0;5432.0;644.7
27;63;6;3997.0;4605.5;5056.5;5761.8;6024.0;5097.7;737.2
27;64;6;4667.0;4882.0;5134.5;6024.5;6358.0;5402.2;674.5
27;65;6;4715.0;5015.0;5680.0;6367.5;6698.0;5693.8;766.4
27;66;6;5024.0;5217.5;5602.0;6196.5;6373.0;5680.8;531.9
27;67;6;3972.0;4491.0;5022.0;5680.5;5933.0;5027.2;724.2
27;68;6;4279.0;4982.8;5240.0;5971.2;6241.0;5352.0;687.0
27;69;6;3766.0;4354.2;4739.5;6083.2;6595.0;5099.5;1082.4
27;70;6;4058.0;4866.8;5373.5;6051.2;6521.0;5383.5;840.9
27;71;6;3551.0;4181.8;5108.0;6212.8;6701.0;5153.7;1174.8
27;72;6;4768.0;4862.5;5024.0;6037.5;6359.0;5393.2;688.8
27;73;6;4955.0;5378.8;5593.0;6092.2;6359.0;5677.7;492.4
27;74;6;4082.0;4582.8;5121.0;5913.5;6343.0;5208.0;825.0
27;75;6;4497.0;5231.0;5396.0;5963.0;6231.0;5474.7;583.5
27;76;6;4591.0;4908.8;5361.5;6001.8;6153.0;5406.7;604.9
27;77;6;4055.0;4460.0;5068.5;5862.2;6150.0;5121.0;801.8
27;78;6;3913.0;4363.5;4918.5;5678.2;5965.0;4970.8;781.2
27;79;6;4031.0;4221.5;4551.5;5575.2;6079.0;4873.5;818.8
27;80;6;4102.0;4843.0;4900.0;5204.5;5805.0;4972.8;514.8
27;81;6;3857.0;4707.5;4956.0;5132.5;5757.0;4890.3;576.0
27;82;6;3608.0;4223.2;4461.0;4737.0;5706.0;4534.8;642.4
27;83;6;3880.0;4329.0;4502.0;4806.2;5778.0;4640.2;591.9
27;84;6;3807.0;4524.5;4643.5;5193.8;5862.0;4803.0;653.9
27;85;6;4269.0;4697.8;4856.0;5140.2;5799.0;4943.3;476.0
27;86;6;3900.0;4102.2;4602.5;5046.5;5881.0;4686.0;686.5
27;87;6;4268.0;4607.2;4786.0;4873.2;5756.0;4841.0;457.5
27;88;6;3577.0;4316.5;4523.0;5001.8;5862.0;4649.0;711.3
27;89;6;4052.0;4275.5;4519.5;4665.2;5879.0;4646.3;592.3
27;90;6;4204.0;4503.8;4951.0;5293.2;5722.0;4931.7;535.2
27;91;6;4314.0;4472.0;4555.0;4926.0;5759.0;4779.5;491.4
27;92;6;3681.0;4231.2;4646.0;5116.2;5871.0;4701.7;712.2
27;93;6;3946.0;4580.8;4664.5;4941.0;5848.0;4784.8;573.8
27;94;6;3847.0;4787.5;5106.0;5150.0;5869.0;4962.3;608.8
27;95;6;4300.0;4633.5;4875.5;5086.8;5897.0;4943.0;502.6
27;96;6;4473.0;4714.8;4789.5;5198.0;6020.0;5016.0;517.0
27;97;6;4230.0;4443.0;4552.5;4587.8;5830.0;4695.2;522.2
27;98;6;4122.0;4344.8;4767.5;4986.2;5937.0;4809.5;597.4
27;99;6;3658.0;3919.8;4492.5;5010.5;5840.0;4565.8;756.6
28;0;6;6178.0;6752.5;7505.5;7625.5;7716.0;7178.7;598.0
28;1;6;5925.0;6570.2;7558.5;7682.8;7931.0;7156.3;767.1
28;2;6;6234.0;6575.5;7341.5;7530.8;7901.0;7122.0;624.3
28;3;6;6478.0;7154.0;7576.0;7674.0;8456.0;7467.7;611.1
28;4;6;6029.0;6644.0;7416.0;7618.0;7852.0;7130.8;669.9
28;5;6;6158.0;6831.0;7264.0;7387.2;7615.0;7069.3;495.1
28;6;6;6430.0;6697.0;7474.0;7610.5;7668.0;7190.0;537.9
28;7;6;6000.0;6584.0;7522.0;7532.2;7585.0;7072.7;666.7
28;8;6;6201.0;6642.8;7100.5;7184.8;8153.0;7043.0;616.0
28;9;6;6419.0;6717.0;7364.5;7577.8;7736.0;7172.3;517.5
28;10;6;5990.0;6567.8;7232.5;7269.5;7397.0;6913.3;537.9
28;11;6;5831.0;6812.0;7446.5;7927.2;8095.0;7251.2;803.7
28;12;6;5483.0;6381.0;7785.0;7936.5;8003.0;7159.3;1034.2
28;13;6;6228.0;6781.5;7673.0;7996.8;8105.0;7378.0;735.0
28;14;6;5878.0;6934.2;8117.5;8178.0;8302.0;7525.5;949.9
28;15;6;6193.0;6681.8;7407.0;7630.5;7907.0;7176.5;627.5
28;16;6;6153.0;6686.5;7433.5;7444.8;7496.0;7067.0;551.5
28;17;6;6049.0;6064.0;6483.5;7437.0;7670.0;6727.5;711.0
28;18;6;5707.0;6288.2;6966.5;7440.8;7531.0;6805.3;699.5
28;19;6;6095.0;6443.8;7017.0;7603.0;7674.0;6975.7;658.6
28;20;6;5772.0;5944.0;6604.0;7147.0;7265.0;6549.5;640.4
28;21;6;5842.0;6150.8;7263.5;7756.0;7894.0;6993.8;857.5
28;22;6;5581.0;5872.2;7120.5;7684.0;7709.0;6809.8;933.3
28;23;6;6217.0;6302.8;6888.0;7400.5;7480.0;6858.7;564.1
28;24;6;5220.0;5540.5;6788.0;7404.0;7568.0;6516.3;986.9
28;25;6;5369.0;5687.8;6444.5;7086.5;7114.0;6351.3;746.0
28;26;6;4783.0;5906.8;6794.0;7391.8;7454.0;6504.5;991.9
28;27;6;5848.0;6220.0;6959.5;7495.8;7750.0;6860.8;740.9
28;28;6;5936.0;6251.8;6620.5;7539.8;7865.0;6836.2;747.8
28;29;6;5672.0;6044.2;6994.0;7520.0;7714.0;6799.5;817.6
28;30;6;4253.0;5311.8;6236.5;6865.0;7562.0;6061.0;1119.5
28;31;6;5078.0;5514.5;6226.5;6767.5;6937.0;6115.5;729.7
28;32;6;4487.0;5341.0;6284.5;6788.5;6965.0;6000.7;918.2
28;33;6;4313.0;5359.0;5882.0;6414.8;6616.0;5745.0;813.6
28;34;6;5450.0;5776.8;6145.5;6389.8;6509.0;6062.5;391.9
28;35;6;5560.0;5894.2;6351.5;6792.2;6854.0;6299.7;508.8
28;36;6;5213.0;6194.2;6658.5;7125.8;7330.0;6530.2;737.0
28;37;6;4339.0;4800.5;5959.5;6712.8;6984.0;5770.0;1045.7
28;38;6;5017.0;5265.0;6160.5;6582.8;6734.0;5960.3;705.3
28;39;6;4862.0;5542.2;6414.5;7083.5;7262.0;6251.8;929.5
28;40;6;3975.0;4643.0;6103.0;6750.8;6803.0;5684.5;1168.4
28;41;6;4211.0;5026.2;6202.5;6778.8;6969.0;5865.0;1055.3
28;42;6;4327.0;5337.5;6314.5;6846.8;7162.0;6025.7;1015.4
28;43;6;4561.0;5636.5;6352.5;6791.0;6879.0;6080.0;834.8
28;44;6;4694.0;5220.0;6112.0;6730.2;6969.0;5957.7;868.9
28;45;6;4139.0;5135.2;5864.5;6551.8;6569.0;5685.0;932.0
28;46;6;5156.0;5281.5;6056.5;6956.8;7213.0;6127.0;891.7
28;47;6;3855.0;5503.0;6058.5;6441.5;6572.0;5738.5;936.7
28;48;6;4091.0;4903.2;5840.0;6425.0;6535.0;5586.2;924.5
28;49;6;4219.0;4708.0;5473.0;6218.5;6790.0;5479.2;938.6
28;50;6;3717.0;4420.8;4837.0;6088.0;6379.0;5092.8;1008.0
28;51;6;4238.0;4351.2;4780.0;5876.2;6294.0;5090.3;846.4
28;52;6;4733.0;4919.5;5073.5;6036.0;6412.0;5419.5;687.8
28;53;6;3859.0;4809.0;5310.5;6266.5;6525.0;5372.0;952.5
28;54;6;4365.0;4680.2;5500.0;6145.8;6402.0;5422.5;798.7
28;55;6;3911.0;4685.2;5112.0;6003.8;6253.0;5205.3;844.2
28;56;6;4599.0;4792.8;5291.5;5927.5;6164.0;5352.0;619.1
28;57;6;4555.0;4659.0;4924.0;5777.8;6108.0;5190.7;639.4
28;58;6;4405.0;4787.8;5238.0;6029.5;6484.0;5382.7;773.9
28;59;6;3766.0;4015.0;4372.0;5697.2;6248.0;4798.8;1003.0
28;60;6;4303.0;4468.2;4772.5;5700.0;6015.0;5039.8;694.6
28;61;6;3736.0;4600.8;5111.0;5871.0;6310.0;5137.2;882.3
28;62;6;3944.0;4060.0;4344.5;5904.0;6405.0;4904.5;1066.2
28;63;6;4540.0;4811.8;4993.0;5598.0;5984.0;5176.8;528.1
28;64;6;4392.0;4706.2;5230.5;5887.5;6056.0;5257.8;647.7
28;65;6;3799.0;4971.5;5461.0;6063.0;6167.0;5326.7;829.8
28;66;6;3969.0;4303.5;5041.5;5988.8;6181.0;5099.2;889.7
28;67;6;4136.0;4762.2;5406.0;6014.5;6264.0;5329.5;780.7
28;68;6;3844.0;4286.0;5077.5;6019.8;6279.0;5105.7;952.8
28;69;6;3549.0;4462.0;5042.0;6018.0;6456.0;5116.8;1033.6
28;70;6;3843.0;4321.8;4342.5;5382.5;5741.0;4718.8;737.4
28;71;6;3708.0;4944.2;5016.5;5562.0;5731.0;5022.7;675.3
28;72;6;3800.0;4185.2;4735.5;5375.8;5640.0;4750.3;695.0
28;73;6;4411.0;4784.0;4883.5;5436.8;5637.0;5031.2;444.6
28;74;6;3508.0;4227.5;4704.5;5278.2;5462.0;4652.8;695.5
28;75;6;3457.0;4718.0;4749.5;5247.5;5422.0;4749.8;652.7
28;76;6;4168.0;4630.0;4804.0;5441.5;5626.0;4938.0;532.0
28;77;6;4185.0;4532.5;4726.5;5324.0;5536.0;4860.8;497.9
28;78;6;4030.0;4598.0;4715.5;4850.2;5529.0;4740.7;443.3
28;79;6;3545.0;3836.0;4325.5;4797.8;5444.0;4378.0;667.9
28;80;6;4323.0;4543.0;4740.5;4992.8;5667.0;4837.5;437.0
28;81;6;4077.0;4443.8;4730.0;4925.5;5654.0;4755.0;494.9
28;82;6;4704.0;4797.2;4909.0;4981.0;5548.0;4972.5;275.7
28;83;6;4318.0;4492.8;4673.5;4778.5;5602.0;4752.2;412.7
28;84;6;3612.0;4066.5;4639.5;4782.8;5546.0;4523.8;632.0
28;85;6;4241.0;4732.8;4778.5;4947.2;5720.0;4873.2;442.3
28;86;6;3561.0;4588.0;4786.0;4983.2;5818.0;4753.7;669.3
28;87;6;3741.0;4515.2;4786.0;4990.8;5555.0;4725.3;554.7
28;88;6;4505.0;4746.5;4867.0;4986.0;5611.0;4930.3;343.1
28;89;6;3909.0;4144.0;4818.5;5113.5;5719.0;4732.7;652.6
28;90;6;4710.0;4790.2;4881.5;4951.8;5615.0;4970.5;300.9
28;91;6;4071.0;4337.0;4680.0;4996.0;5905.0;4776.7;600.5
28;92;6;4049.0;4527.2;4613.0;4794.8;5896.0;4754.2;564.2
28;93;6;3591.0;4093.2;4835.0;5104.2;5878.0;4696.5;771.1
28;94;6;3542.0;3734.2;4486.0;4984.2;5532.0;4446.7;739.7
28;95;6;3538.0;3646.0;4258.5;4888.2;5683.0;4379.7;797.0
28;96;6;3562.0;4042.5;4579.0;4747.2;5545.0;4488.7;641.7
28;97;6;3789.0;4331.8;4738.5;4909.0;5656.0;4680.7;583.1
28;98;6;4646.0;4753.5;4875.0;5098.5;5661.0;4990.5;341.4
28;99;6;3565.0;4130.5;4796.0;4901.2;5594.0;4599.3;668.8
29;0;6;6392.0;7091.5;7564.0;7639.0;7768.0;7314.3;490.3
29;1;6;6448.0;6984.8;7626.0;7764.8;7976.0;7376.3;555.6
29;2;6;6061.0;6793.5;7203.5;7356.2;7405.0;6989.5;483.3
29;3;6;6275.0;7241.5;7726.0;7836.2;7869.0;7424.8;575.9
29;4;6;6461.0;6988.5;7573.5;7641.0;7810.0;7312.5;495.5
29;5;6;6329.0;6756.0;7328.5;7427.8;7526.0;7089.7;458.5
29;6;6;6444.0;6750.8;7313.5;7433.8;7485.0;7098.8;421.8
29;7;6;6729.0;6861.0;7572.0;7957.5;7989.0;7428.7;554.7
29;8;6;5912.0;6445.8;7077.0;7171.2;7288.0;6798.7;526.0
29;9;6;6310.0;6773.0;7695.0;7924.8;8186.0;7392.2;721.3
29;10;6;6002.0;6858.5;7283.0;7340.0;7829.0;7078.8;579.2
29;11;6;5787.0;6170.5;7091.0;7305.8;7389.0;6766.5;664.0
29;12;6;6184.0;6612.8;7343.0;7363.0;7519.0;7021.3;531.5
29;13;6;6485.0;6835.5;7470.0;7656.8;7829.0;7266.2;513.3
29;14;6;5519.0;6688.2;7518.0;7706.5;7832.0;7094.7;841.8
29;15;6;5913.0;6399.2;7210.5;7364.0;7584.0;6910.3;634.9
29;16;6;6380.0;6767.0;7325.5;7428.8;7649.0;7120.7;463.4
29;17;6;6211.0;6728.8;7067.5;7643.2;7760.0;7092.8;570.7
29;18;6;5961.0;6315.8;6948.5;7337.5;7464.0;6815.7;589.6
29;19;6;5983.0;6114.8;6480.5;6907.0;7200.0;6531.0;465.8
29;20;6;6001.0;6177.2;6821.0;7123.5;7390.0;6703.3;538.1
29;21;6;5880.0;6194.5;6793.0;7282.0;7439.0;6724.2;604.5
29;22;6;5660.0;5924.5;6913.0;7740.2;7807.0;6817.3;950.9
29;23;6;6131.0;6225.8;7069.0;7736.0;7867.0;7006.5;779.0
29;24;6;5119.0;5932.0;6896.0;7183.5;7957.0;6626.3;959.9
29;25;6;6008.0;6081.0;6518.5;6908.8;6959.0;6496.3;426.4
29;26;6;5752.0;6095.2;6623.5;6840.5;7073.0;6484.0;478.8
29;27;6;5883.0;6355.8;7353.5;7900.5;7933.0;7104.8;849.4
29;28;6;5627.0;5706.0;6259.5;6651.8;6788.0;6206.3;498.7
29;29;6;5092.0;5940.0;6698.5;7586.8;7753.0;6635.3;1005.1
29;30;6;5236.0;5746.2;6847.5;7436.5;7872.0;6635.8;995.2
29;31;6;5223.0;5945.0;6617.0;6981.5;7077.0;6393.0;683.3
29;32;6;5398.0;5924.0;6806.5;7979.2;8284.0;6882.5;1143.6
29;33;6;5738.0;6082.2;6800.0;7286.0;7475.0;6684.0;687.6
29;34;6;4307.0;5665.2;6162.5;6695.0;7058.0;6010.3;913.0
29;35;6;5160.0;5587.8;6546.0;6983.0;7014.0;6277.2;767.9
29;36;6;5520.0;5792.8;6416.5;6657.0;6887.0;6260.3;518.1
29;37;6;4434.0;5683.8;6527.5;7024.0;7118.0;6199.8;974.0
29;38;6;4508.0;5774.5;6621.0;7289.0;7726.0;6413.3;1124.1
29;39;6;5703.0;5955.5;6600.5;7193.0;7269.0;6550.7;649.4
29;40;6;4345.0;5410.2;6125.5;6644.2;6684.0;5878.2;863.2
29;41;6;4739.0;5777.5;6399.0;6781.2;6946.0;6160.3;778.5
29;42;6;5203.0;5389.0;6184.5;6908.8;7074.0;6153.3;810.2
29;43;6;5096.0;5298.2;6489.5;7302.0;7338.0;6314.5;1006.9
29;44;6;4293.0;5093.8;6296.5;7501.5;7713.0;6199.2;1390.6
29;45;6;5376.0;5563.2;6060.0;6881.5;7039.0;6181.3;698.8
29;46;6;5863.0;5904.8;6404.5;7025.0;7392.0;6505.7;625.7
29;47;6;5247.0;5527.5;6396.0;6762.0;6824.0;6164.2;664.2
29;48;6;4884.0;5072.2;5500.0;6673.2;7048.0;5821.0;885.5
29;49;6;4795.0;5290.8;6194.5;6769.0;6938.0;6012.0;841.5
29;50;6;4978.0;5004.8;5031.0;5881.5;6226.0;5404.5;559.2
29;51;6;4460.0;4934.5;5302.0;6249.2;6617.0;5509.7;802.2
29;52;6;4440.0;4642.5;5097.0;6158.2;6735.0;5395.3;895.0
29;53;6;4500.0;4762.2;5159.0;5847.5;6279.0;5300.7;665.4
29;54;6;5008.0;5103.5;5286.5;5715.5;5891.0;5395.5;353.6
29;55;6;4301.0;5128.0;5835.5;6629.2;6917.0;5779.2;944.5
29;56;6;4056.0;4859.2;4970.5;5510.0;6095.0;5100.7;646.3
29;57;6;4369.0;4620.0;5374.5;6324.8;6602.0;5455.0;898.4
29;58;6;4066.0;4840.5;5656.0;6195.5;6661.0;5497.2;906.9
29;59;6;3863.0;4863.5;5204.0;6285.5;6677.0;5390.7;989.1
29;60;6;4630.0;5122.8;5285.5;6305.5;6732.0;5607.8;785.3
29;61;6;3985.0;4749.8;5231.0;6412.8;6802.0;5440.8;1033.6
29;62;6;4604.0;4929.0;5234.5;6054.5;6467.0;5449.2;696.4
29;63;6;3900.0;4254.5;5076.0;6085.8;6598.0;5175.5;1029.4
29;64;6;4437.0;4771.8;5178.0;6163.2;6734.0;5442.5;857.1
29;65;6;3802.0;4132.2;4720.0;5190.0;5352.0;4646.2;598.0
29;66;6;3998.0;4480.2;4908.5;5407.2;5835.0;4926.8;630.4
29;67;6;3855.0;4632.8;5013.0;5758.5;6230.0;5104.0;808.6
29;68;6;4486.0;4845.2;5039.5;5536.8;5705.0;5125.5;441.5
29;69;6;4649.0;4824.5;5218.0;5893.5;6140.0;5339.5;588.5
29;70;6;4747.0;4872.2;4936.0;5520.2;5945.0;5188.3;458.5
29;71;6;4421.0;4627.2;4957.5;5504.5;5779.0;5053.2;514.7
29;72;6;3741.0;4672.0;4834.0;5692.0;5972.0;4996.2;779.4
29;73;6;4303.0;4933.8;5179.0;5652.2;5866.0;5198.2;534.3
29;74;6;4391.0;4829.0;4923.5;5493.5;5931.0;5108.3;528.8
29;75;6;4244.0;4712.8;4883.0;5405.0;5774.0;5003.2;524.1
29;76;6;4549.0;4655.0;4793.0;5135.0;5370.0;4893.8;306.2
29;77;6;4388.0;4570.0;4746.5;5042.2;5277.0;4801.7;313.3
29;78;6;3994.0;4577.0;4768.5;5185.8;6047.0;4902.7;644.7
29;79;6;3932.0;4253.0;4597.5;5038.0;5165.0;4602.5;461.9
29;80;6;3463.0;4391.2;4475.0;4637.5;5007.0;4412.5;472.2
29;81;6;3898.0;4205.0;4606.5;4927.0;5718.0;4655.7;598.3
29;82;6;4062.0;4463.5;4633.0;4820.5;5648.0;4711.0;487.8
29;83;6;4511.0;4677.0;4715.0;4765.0;5252.0;4773.2;229.7
29;84;6;4258.0;4416.8;4510.5;4881.0;5364.0;4672.2;382.4
29;85;6;4449.0;4509.2;4641.0;4831.2;5209.0;4716.7;262.5
29;86;6;3692.0;3910.0;4418.0;4455.8;5004.0;4290.2;451.9
29;87;6;4487.0;4505.2;4571.5;4634.0;5080.0;4641.3;204.0
29;88;6;3601.0;3931.5;4118.5;4328.8;4766.0;4145.3;370.7
29;89;6;3711.0;4401.2;4471.0;4521.2;4898.0;4411.2;353.7
29;90;6;3689.0;3963.8;4455.5;4528.8;4876.0;4304.8;419.0
29;91;6;4369.0;4450.0;4514.5;4569.2;4793.0;4534.5;134.1
29;92;6;3773.0;4327.5;4382.0;4493.5;4801.0;4363.0;308.2
29;93;6;3664.0;3772.0;3943.0;4377.2;4733.0;4086.7;394.3
29;94;6;4138.0;4271.5;4366.5;4453.2;4774.0;4394.5;201.4
29;95;6;3554.0;3893.5;4162.5;4266.5;4815.0;4133.2;392.9
29;96;6;3573.0;3689.0;4070.0;4538.0;4975.0;4157.3;528.2
29;97;6;4127.0;4178.2;4258.0;4370.8;4896.0;4349.8;260.1
29;98;6;3709.0;3860.5;4173.0;4403.8;4785.0;4179.5;374.3
29;99;6;3622.0;3754.0;4239.0;4407.5;4751.0;4151.2;413.8
30;0;6;5920.0;6663.5;7425.0;7582.8;7619.0;7072.3;655.0
30;1;6;6016.0;6633.2;7481.5;7610.5;7691.0;7112.3;668.2
30;2;6;6381.0;6677.2;7383.0;7504.5;7755.0;7148.2;527.5
30;3;6;6210.0;6530.8;7261.5;7383.2;7438.0;6980.3;521.9
30;4;6;6648.0;6865.5;7358.0;7544.5;7708.0;7230.0;404.4
30;5;6;6513.0;6761.5;7472.0;7560.8;7862.0;7239.0;519.2
30;6;6;5691.0;6709.5;7378.5;7467.8;7765.0;7032.8;714.5
30;7;6;6356.0;6702.0;7436.0;7462.0;7507.0;7110.5;497.9
30;8;6;6072.0;6593.2;7144.0;7313.0;7596.0;6955.8;530.2
30;9;6;5627.0;6601.0;7793.5;8294.5;8360.0;7373.2;1059.0
30;10;6;5963.0;6946.5;7490.0;7871.5;8061.0;7294.7;724.0
30;11;6;6186.0;7180.0;7826.0;7956.0;8057.0;7476.5;679.0
30;12;6;6178.0;6929.2;7509.5;7530.2;7786.0;7209.3;562.8
30;13;6;6348.0;6745.2;7309.5;7359.2;7397.0;7049.5;425.1
30;14;6;6055.0;6514.2;7282.0;7523.2;8225.0;7117.7;750.5
30;15;6;6428.0;6780.5;7603.0;7778.2;7971.0;7324.7;616.5
30;16;6;6171.0;6959.0;7343.5;7401.8;7518.0;7104.7;468.7
30;17;6;6707.0;7107.5;7508.5;8137.5;8753.0;7633.0;713.5
30;18;6;5932.0;6644.0;7114.5;7355.5;7542.0;6937.7;557.5
30;19;6;5278.0;6510.8;7190.5;7545.5;7759.0;6894.3;860.2
30;20;6;6119.0;6225.2;6961.0;7657.8;7735.0;6941.0;721.9
30;21;6;6245.0;6393.5;6889.5;7380.2;7479.0;6879.2;528.0
30;22;6;5966.0;6391.8;6908.0;7735.5;8206.0;7036.5;819.3
30;23;6;6180.0;6609.8;7100.5;7589.0;8042.0;7103.5;659.4
30;24;6;5209.0;6206.8;6909.0;7629.2;8007.0;6812.7;979.4
30;25;6;5669.0;5883.0;7183.5;8135.2;8310.0;7041.3;1163.9
30;26;6;5627.0;5828.5;6963.0;8006.8;8086.0;6907.3;1108.9
30;27;6;5959.0;6226.2;7332.0;8397.2;8700.0;7322.2;1125.0
30;28;6;5512.0;5914.8;7054.5;7884.5;8190.0;6917.8;1072.1
30;29;6;5491.0;6003.8;7134.5;8159.5;8475.0;7060.5;1216.1
30;30;6;5322.0;6415.2;7378.0;8116.5;8329.0;7144.0;1106.4
30;31;6;4673.0;5726.0;7169.5;8097.0;8299.0;6827.0;1408.5
30;32;6;5011.0;5988.2;6915.5;7603.5;7830.0;6697.3;1045.5
30;33;6;6287.0;6403.2;7261.0;8037.8;8203.0;7237.7;830.3
30;34;6;4422.0;5221.2;6686.0;7838.8;7902.0;6442.0;1434.3
30;35;6;6231.0;6683.5;7379.5;8011.8;8056.0;7286.7;754.3
30;36;6;4970.0;6130.0;7409.5;7870.8;8166.0;6947.2;1174.2
30;37;6;5957.0;6094.8;6873.5;7738.5;7903.0;6911.5;855.2
30;38;6;5584.0;5757.0;6758.5;7389.5;7436.0;6593.3;818.9
30;39;6;4656.0;5745.5;6838.0;7532.2;7566.0;6507.2;1123.8
30;40;6;4489.0;5524.8;6463.0;7273.8;7395.0;6261.0;1103.9
30;41;6;5441.0;5900.0;6795.0;7555.0;7593.0;6672.3;906.0
30;42;6;5720.0;6257.0;7139.0;7867.2;7927.0;6999.7;905.9
30;43;6;4864.0;5953.8;6811.5;7404.5;7695.0;6575.3;1007.7
30;44;6;4649.0;4887.2;5857.0;7147.0;7650.0;6025.7;1225.7
30;45;6;5043.0;5509.5;6201.0;6443.2;6662.0;5985.0;599.6
30;46;6;4475.0;5216.8;6323.5;7632.8;7865.0;6317.3;1340.3
30;47;6;4645.0;4987.2;6153.5;6954.5;7214.0;5997.7;1065.3
30;48;6;4845.0;4943.2;5252.0;6246.2;7320.0;5681.2;923.2
30;49;6;4081.0;4684.2;4854.5;5858.8;6197.0;5134.7;787.2
30;50;6;4397.0;4562.5;5332.0;6604.8;7018.0;5569.0;1078.1
30;51;6;4624.0;4720.2;4866.0;6063.2;6716.0;5367.7;863.8
30;52;6;3839.0;4550.2;4844.5;5738.8;6512.0;5088.2;902.4
30;53;6;4458.0;4754.5;5234.5;6804.2;7375.0;5704.0;1174.7
30;54;6;4965.0;5337.5;5378.5;6780.0;7323.0;5936.0;962.6
30;55;6;4584.0;4822.2;5511.0;7013.5;7564.0;5879.5;1203.9
30;56;6;5062.0;5183.8;5580.0;6804.2;7155.0;5940.2;883.4
30;57;6;4680.0;4818.8;5272.0;6857.0;7320.0;5766.2;1126.6
30;58;6;4496.0;5075.0;5175.0;6040.8;6624.0;5473.5;745.6
30;59;6;4907.0;5103.5;5656.5;6860.5;7226.0;5937.8;948.4
30;60;6;4451.0;4834.8;5072.0;6134.2;6923.0;5460.3;904.9
30;61;6;4575.0;4681.8;4912.0;5847.2;6196.0;5226.5;683.5
30;62;6;4551.0;4738.5;5258.5;6320.8;6656.0;5494.0;868.1
30;63;6;4557.0;4739.8;5039.5;5847.0;6108.0;5250.0;629.9
30;64;6;4333.0;4934.0;5084.0;6610.2;7158.0;5610.3;1100.4
30;65;6;4768.0;4997.0;5594.5;6483.8;6773.0;5718.0;799.0
30;66;6;4235.0;4647.2;4934.0;5371.5;5874.0;5007.7;545.6
30;67;6;4140.0;4402.8;5115.0;5796.5;6907.0;5244.3;969.1
30;68;6;4028.0;4267.0;4602.5;5119.5;5418.0;4683.0;512.3
30;69;6;3872.0;4313.5;4497.0;5127.5;5571.0;4671.2;587.5
30;70;6;3834.0;4289.8;4402.0;4894.5;5318.0;4544.5;498.2
30;71;6;3707.0;3976.2;4361.5;4785.8;4900.0;4350.8;455.5
30;72;6;3532.0;3805.0;4150.0;4591.0;4722.0;4163.7;452.6
30;73;6;3931.0;4137.0;4266.5;4651.8;4972.0;4385.0;366.5
30;74;6;3679.0;3986.2;4513.0;4791.5;4967.0;4394.5;490.9
30;75;6;4018.0;4274.2;4401.0;4656.0;4787.0;4430.0;269.2
30;76;6;4017.0;4098.2;4225.0;4493.5;4606.0;4285.3;230.7
30;77;6;4206.0;4254.8;4417.0;4781.8;4883.0;4504.5;281.2
30;78;6;3818.0;3933.8;4235.0;4483.8;4564.0;4208.7;298.9
30;79;6;4037.0;4299.5;4379.5;4691.2;4885.0;4458.2;293.0
30;80;6;3607.0;3925.2;4140.5;4284.5;4604.0;4113.0;317.2
30;81;6;3839.0;4121.2;4347.5;4434.2;4786.0;4304.8;299.0
30;82;6;3785.0;4208.8;4301.5;4371.8;4845.0;4301.0;312.8
30;83;6;3795.0;4113.8;4251.5;4372.8;4904.0;4280.5;339.2
30;84;6;3533.0;3843.0;4069.0;4325.8;4733.0;4097.2;389.6
30;85;6;3804.0;4124.2;4286.0;4408.8;4860.0;4292.7;324.6
30;86;6;3639.0;3853.0;4119.0;4283.0;4673.0;4108.7;341.8
30;87;6;3774.0;3957.0;4184.0;4456.0;4786.0;4226.0;347.6
30;88;6;3911.0;4101.0;4563.5;4664.5;5386.0;4511.5;495.2
30;89;6;3575.0;3693.5;4044.5;5183.0;5770.0;4428.8;879.2
30;90;6;3582.0;4100.2;4772.0;5086.8;6247.0;4740.2;864.0
30;91;6;3644.0;3910.0;4217.0;4498.5;5400.0;4313.0;572.2
30;92;6;4788.0;4887.0;5173.0;5443.2;6712.0;5361.8;655.2
30;93;6;4250.0;4340.5;4527.5;5454.0;7331.0;5112.8;1108.2
30;94;6;3739.0;4093.8;4300.5;4442.8;4857.0;4285.3;347.6
30;95;6;3726.0;3985.5;4365.0;4386.8;4997.0;4284.3;412.1
30;96;6;3846.0;4003.8;4204.0;4321.8;4871.0;4237.2;330.3
30;97;6;4214.0;4252.5;4342.5;4410.8;4705.0;4376.7;164.0
30;98;6;3464.0;3935.0;4077.5;4359.5;4751.0;4118.5;404.5
30;99;6;3719.0;3936.8;4157.0;4218.2;4506.0;4106.8;254.4
31;0;6;6273.0;6756.5;7516.0;7842.0;8035.0;7299.0;664.0
31;1;6;6403.0;6854.2;7255.5;7300.5;7334.0;7047.3;354.5
31;2;6;6036.0;7064.2;7981.0;8247.5;8334.0;7571.2;862.4
31;3;6;6203.0;6822.5;7640.5;8253.0;8526.0;7502.8;867.5
31;4;6;6277.0;6808.2;7568.5;7616.2;7659.0;7210.0;567.8
31;5;6;6302.0;7131.5;7841.0;7955.0;8059.0;7488.5;651.6
31;6;6;6055.0;6358.2;6982.0;7120.5;7197.0;6755.5;468.1
31;7;6;6025.0;6601.8;7511.5;7673.5;7727.0;7133.5;688.2
31;8;6;6364.0;6819.0;7525.0;7706.8;8032.0;7299.5;603.6
31;9;6;6245.0;6692.2;7357.0;7513.2;7590.0;7097.5;525.5
31;10;6;6140.0;6811.0;7959.0;8528.8;8673.0;7646.3;997.9
31;11;6;6295.0;6925.2;7253.5;7391.2;7468.0;7087.2;412.6
31;12;6;5947.0;6802.8;7602.5;7786.5;7856.0;7232.0;720.4
31;13;6;6078.0;6527.0;7723.5;8096.5;8208.0;7347.0;887.7
31;14;6;6174.0;6597.0;7457.5;7683.5;7765.0;7153.8;652.8
31;15;6;5865.0;6896.2;7623.5;7883.5;7906.0;7273.7;754.1
31;16;6;5885.0;6899.8;7645.5;7756.8;7859.0;7246.7;727.1
31;17;6;6076.0;6523.2;7432.0;8403.0;8661.0;7424.7;1042.3
31;18;6;6262.0;6495.0;7149.0;7619.2;7710.0;7053.8;604.8
31;19;6;6067.0;6153.5;6972.5;7738.2;7895.0;6963.5;797.5
31;20;6;6014.0;6252.8;6821.5;7460.8;7646.0;6840.0;664.7
31;21;6;6161.0;6697.2;7094.5;7551.8;7630.0;7041.5;550.6
31;22;6;5829.0;6462.8;7373.5;8158.2;8278.0;7238.8;983.6
31;23;6;6223.0;6489.2;7214.5;7717.0;8036.0;7136.7;705.1
31;24;6;5912.0;6041.0;6853.0;7827.0;8177.0;6952.8;954.8
31;25;6;5597.0;6355.0;6750.0;7274.8;7788.0;6759.7;728.7
31;26;6;5585.0;5886.2;6794.5;7610.5;7708.0;6724.7;892.9
31;27;6;5583.0;5809.0;6472.5;6967.2;7046.0;6382.3;610.6
31;28;6;6086.0;6163.0;6784.0;7288.8;7320.0;6731.2;564.9
31;29;6;5866.0;6013.0;6738.0;7468.2;7699.0;6754.0;794.7
31;30;6;5643.0;5874.0;6785.5;7625.0;7850.0;6756.5;906.3
31;31;6;5423.0;5883.2;6824.0;7581.8;7847.0;6720.3;967.0
31;32;6;5313.0;5415.2;6317.0;7498.5;7808.0;6460.3;1076.2
31;33;6;4422.0;5472.2;6723.0;7953.5;8116.0;6567.2;1440.7
31;34;6;5093.0;5509.0;6055.0;6922.0;7525.0;6211.0;886.1
31;35;6;5693.0;5971.0;6964.5;7243.2;7641.0;6706.5;755.5
31;36;6;5066.0;5646.8;6889.0;7712.8;8029.0;6682.2;1170.0
31;37;6;5212.0;5686.0;6422.0;7513.5;7785.0;6526.5;1013.0
31;38;6;5331.0;5704.8;6415.5;7429.2;7662.0;6509.8;948.1
31;39;6;4917.0;5106.0;5485.5;5744.2;5949.0;5441.2;387.0
31;40;6;5503.0;6100.2;6900.5;7754.0;7976.0;6858.7;981.3
31;41;6;4824.0;5177.5;6322.0;7400.5;7421.0;6240.8;1167.9
31;42;6;4978.0;5065.0;6066.5;7150.5;7587.0;6156.8;1102.0
31;43;6;4613.0;5143.0;5884.0;6412.0;6423.0;5714.7;729.7
31;44;6;4169.0;4902.8;5683.0;6265.2;6839.0;5579.3;920.6
31;45;6;4349.0;4632.2;5224.5;5736.5;6328.0;5244.7;702.9
31;46;6;5357.0;5461.5;5789.5;6110.0;6197.0;5783.7;353.3
31;47;6;4709.0;5442.2;6458.5;7525.8;7689.0;6383.3;1169.5
31;48;6;5068.0;5329.2;5742.5;6579.5;6944.0;5924.5;722.2
31;49;6;4403.0;4730.2;5162.0;6194.5;6521.0;5395.5;842.3
31;50;6;4346.0;4877.5;4970.5;6634.8;7467.0;5631.7;1219.5
31;51;6;5034.0;5151.5;5532.5;5993.0;6096.0;5561.0;434.9
31;52;6;3928.0;4845.0;5161.5;5712.8;6133.0;5170.0;725.8
31;53;6;4143.0;4748.2;4977.5;5554.0;5760.0;5046.0;568.2
31;54;6;4311.0;4629.2;4836.0;5353.2;5746.0;4969.2;502.2
31;55;6;3718.0;4418.0;4528.5;5139.2;5445.0;4657.3;585.0
31;56;6;4230.0;4766.8;4796.0;5177.8;5378.0;4877.0;382.6
31;57;6;3693.0;4157.2;4670.0;4996.0;5087.0;4535.2;522.7
31;58;6;4341.0;4562.0;4750.5;5121.2;5243.0;4804.8;335.9
31;59;6;4683.0;4754.5;4834.5;5477.8;5751.0;5087.2;446.9
31;60;6;4178.0;4246.0;4359.5;5031.0;5264.0;4604.0;465.2
31;61;6;4098.0;4213.0;4664.0;5262.8;5361.0;4718.7;537.3
31;62;6;4558.0;4595.8;4734.5;5089.2;5239.0;4837.2;279.8
31;63;6;3821.0;4513.5;4604.0;5071.0;5238.0;4662.8;479.6
31;64;6;4421.0;4601.8;4765.5;5302.0;5825.0;4967.5;505.6
31;65;6;3748.0;3975.8;4327.0;4868.8;5204.0;4419.0;544.1
31;66;6;4210.0;4251.2;4444.5;4823.0;4908.0;4523.8;295.6
31;67;6;3803.0;4437.8;4667.5;4972.2;5088.0;4610.2;438.7
31;68;6;4006.0;4166.8;4244.0;4694.8;4888.0;4394.7;341.7
31;69;6;4175.0;4418.8;4487.0;4816.2;4928.0;4566.5;274.4
31;70;6;4302.0;4360.8;4463.0;4707.0;4822.0;4527.5;201.8
31;71;6;4390.0;4422.2;4531.0;4877.5;4970.0;4633.5;247.0
31;72;6;3689.0;4125.5;4562.0;4849.2;4939.0;4446.2;463.5
31;73;6;3692.0;4168.0;4367.0;4670.2;4817.0;4352.7;381.4
31;74;6;3866.0;3996.8;4377.0;4689.8;4791.0;4345.8;371.9
31;75;6;3640.0;3869.5;4281.0;4619.8;4796.0;4243.8;435.3
31;76;6;3754.0;4160.0;4248.5;4566.5;4744.0;4299.7;331.1
31;77;6;4029.0;4296.0;4371.0;4746.0;4862.0;4462.5;303.8
31;78;6;4279.0;4313.2;4344.0;4581.8;4685.0;4436.0;167.7
31;79;6;3982.0;4255.0;4360.5;4651.2;4732.0;4400.5;267.6
31;80;6;4146.0;4224.5;4394.5;4426.5;4837.0;4396.2;227.0
31;81;6;4001.0;4148.5;4352.5;4467.2;4752.0;4340.7;248.6
31;82;6;3810.0;3945.0;4028.5;4328.0;4787.0;4166.5;334.3
31;83;6;4158.0;4265.0;4414.5;4601.5;5033.0;4483.2;293.5
31;84;6;3610.0;4218.0;4245.5;4383.2;4702.0;4240.2;327.8
31;85;6;4124.0;4329.5;4462.5;4562.5;4915.0;4474.2;246.9
31;86;6;3887.0;4110.5;4213.0;4300.5;4637.0;4226.0;229.2
31;87;6;3841.0;4031.0;4275.5;4321.2;4665.0;4223.8;267.1
31;88;6;3732.0;4172.8;4327.0;4435.5;4930.0;4318.2;360.2
31;89;6;3780.0;3999.2;4256.0;4417.5;4955.0;4272.0;379.0
31;90;6;3753.0;4248.0;4369.0;4551.5;4953.0;4377.3;364.7
31;91;6;3713.0;3821.8;3992.0;4224.5;4476.0;4040.0;268.2
31;92;6;4134.0;4175.2;4399.0;4548.5;5275.0;4484.3;391.7
31;93;6;3417.0;3846.0;4129.0;4452.5;4839.0;4137.7;473.8
31;94;6;3652.0;4375.5;4472.0;4598.5;5211.0;4465.2;458.4
31;95;6;3561.0;3647.5;3856.5;4089.5;4707.0;3954.3;394.6
31;96;6;3746.0;3852.8;4263.5;4723.0;5303.0;4361.3;562.9
31;97;6;4328.0;4503.8;4899.0;5049.8;5864.0;4910.3;511.6
31;98;6;3686.0;4440.8;4487.5;4654.2;6058.0;4642.3;709.2
31;99;6;4288.0;4327.0;4428.0;4472.0;4836.0;4460.0;182.6
32;0;6;6188.0;7046.0;7673.0;7735.2;7853.0;7330.0;608.6
32;1;6;6387.0;6696.5;7068.5;7294.2;7513.0;6996.5;395.9
32;2;6;5845.0;6583.0;7373.0;7516.5;7693.0;7028.0;686.8
32;3;6;6562.0;6937.5;7507.5;7571.2;7583.0;7250.0;421.6
32;4;6;6324.0;6743.0;7482.5;7543.2;7638.0;7164.5;534.1
32;5;6;5727.0;6797.8;7501.5;7586.5;7608.0;7086.0;706.6
32;6;6;6352.0;6679.5;7511.0;7673.5;7697.0;7200.2;578.5
32;7;6;6419.0;7223.5;7688.0;7869.8;7935.0;7454.8;542.8
32;8;6;6607.0;7224.5;8232.5;8403.5;8542.0;7827.2;769.9
32;9;6;6371.0;6886.0;7275.0;7355.0;7571.0;7105.0;410.5
32;10;6;6437.0;6882.5;7740.0;8000.5;8079.0;7446.7;670.9
32;11;6;6263.0;6904.8;7566.0;7710.5;7796.0;7272.3;583.4
32;12;6;6207.0;7187.8;8025.5;8259.5;8397.0;7650.2;800.3
32;13;6;6338.0;6722.5;7626.5;7632.8;7647.0;7215.7;591.1
32;14;6;5976.0;6442.8;7229.0;7461.0;7571.0;6954.0;630.7
32;15;6;6191.0;6551.8;7367.0;7637.0;7737.0;7111.5;629.3
32;16;6;6096.0;6558.2;7017.0;7228.2;7519.0;6892.2;491.2
32;17;6;6002.0;6477.2;7000.5;7547.8;7590.0;6937.7;631.0
32;18;6;6272.0;6590.2;7068.0;7581.8;7644.0;7039.3;555.9
32;19;6;6048.0;6418.8;7078.5;7766.0;8068.0;7077.8;781.1
32;20;6;5288.0;6094.0;6766.0;7311.2;7344.0;6587.8;787.7
32;21;6;5271.0;5983.8;6596.5;7043.5;7483.0;6486.5;760.4
32;22;6;5923.0;6071.0;6641.0;7073.8;7628.0;6655.3;635.0
32;23;6;5939.0;6107.8;6792.5;7469.0;7623.0;6786.8;718.3
32;24;6;5451.0;6462.5;6929.5;7506.8;7850.0;6861.0;814.4
32;25;6;5662.0;6156.5;7496.0;8366.8;8433.0;7242.3;1168.1
32;26;6;6083.0;6795.5;7376.0;7945.2;8151.0;7287.2;758.7
32;27;6;5394.0;5778.5;6787.0;7760.2;7805.0;6716.7;1058.9
32;28;6;4240.0;5815.8;6589.5;7631.0;7821.0;6462.7;1269.5
32;29;6;4181.0;5040.0;6532.5;7872.0;7932.0;6339.8;1578.5
32;30;6;5438.0;6558.2;7242.0;7532.8;7659.0;6923.5;789.2
32;31;6;5132.0;5474.0;6752.5;7357.5;7397.0;6440.2;979.9
32;32;6;5933.0;6010.2;6345.0;6727.8;6999.0;6396.0;419.8
32;33;6;5116.0;5526.0;6459.0;7423.5;7522.0;6419.3;1023.3
32;34;6;4059.0;5198.0;6490.5;6950.5;7017.0;5988.0;1136.7
32;35;6;5388.0;5491.2;6281.5;7004.2;7328.0;6292.0;825.5
32;36;6;4878.0;5105.2;6148.0;7221.5;7549.0;6176.7;1126.8
32;37;6;5389.0;5871.2;6344.0;6940.5;7056.0;6331.0;642.2
32;38;6;4552.0;4968.2;5731.0;6550.0;6626.0;5696.2;855.4
32;39;6;4733.0;5288.5;5920.5;6512.0;6647.0;5834.7;730.8
32;40;6;4812.0;4877.0;5633.0;6239.8;6270.0;5569.2;678.4
32;41;6;3855.0;4419.0;5619.5;6127.8;6217.0;5271.2;959.8
32;42;6;4665.0;4878.5;5624.5;5972.2;6029.0;5443.5;578.5
32;43;6;4581.0;4816.2;5593.5;6399.2;6420.0;5568.8;832.3
32;44;6;4704.0;5347.0;5852.5;6284.5;6471.0;5747.8;631.4
32;45;6;4456.0;4646.5;5698.0;6243.2;6307.0;5480.0;812.9
32;46;6;4483.0;5161.8;5734.0;6235.0;6312.0;5606.0;690.7
32;47;6;4936.0;5236.5;5722.0;6010.2;6130.0;5615.2;459.3
32;48;6;4001.0;4813.0;5221.5;6142.2;6418.0;5331.3;871.5
32;49;6;4228.0;5014.2;5362.0;5975.2;6202.0;5372.0;691.1
32;50;6;4511.0;4752.5;5149.5;5689.8;5931.0;5205.2;537.1
32;51;6;4047.0;4741.0;4910.5;5599.8;5836.0;5036.3;624.2
32;52;6;3622.0;4624.2;4859.0;5504.0;5704.0;4884.8;708.3
32;53;6;4570.0;4749.5;5079.5;5704.2;5959.0;5206.7;550.7
32;54;6;4242.0;4697.0;5075.5;5766.0;6154.0;5185.7;683.6
32;55;6;4214.0;4683.0;4972.5;5611.5;5803.0;5062.2;580.0
32;56;6;4348.0;4795.8;4822.0;5568.2;5837.0;5072.2;558.1
32;57;6;4057.0;4307.5;5069.5;5497.8;5707.0;4932.8;664.5
32;58;6;3852.0;4428.0;4888.5;5548.5;5799.0;4911.8;705.7
32;59;6;4197.0;4329.5;4898.5;5741.2;5872.0;5004.7;725.2
32;60;6;4092.0;4387.5;4675.0;5930.0;6303.0;5064.2;900.6
32;61;6;4033.0;4235.5;4782.0;5336.0;5623.0;4799.0;617.4
32;62;6;3911.0;4473.8;5038.0;5788.2;6029.0;5056.7;789.3
32;63;6;4190.0;4663.0;4893.0;5620.2;5889.0;5052.3;627.7
32;64;6;4307.0;4525.0;4789.5;5593.2;6086.0;5045.0;670.0
32;65;6;3761.0;4199.0;4905.5;5529.5;5766.0;4839.8;771.9
32;66;6;4310.0;4736.5;4786.5;5531.8;5828.0;5035.2;563.9
32;67;6;4278.0;5123.2;5155.0;5557.2;5700.0;5182.0;474.1
32;68;6;4114.0;4396.8;4721.0;5442.8;5703.0;4871.8;609.7
32;69;6;4295.0;4615.2;4779.5;5333.8;5559.0;4915.3;463.5
32;70;6;4497.0;4974.2;5122.0;5455.0;5615.0;5141.2;377.3
32;71;6;4422.0;4605.5;4964.5;5449.5;5705.0;5025.5;488.0
32;72;6;4427.0;4520.5;4715.0;5291.2;5484.0;4880.0;435.2
32;73;6;4678.0;4945.8;4999.0;5340.2;5539.0;5099.5;298.3
32;74;6;4391.0;4840.0;4900.0;5374.8;5564.0;5018.0;411.9
32;75;6;3928.0;4583.5;5018.0;5405.2;5520.0;4909.5;567.6
32;76;6;4162.0;4301.0;4529.0;5128.2;5373.0;4691.0;481.6
32;77;6;3852.0;4236.8;4769.0;5268.2;5439.0;4720.5;607.3
32;78;6;4141.0;4462.5;4703.0;5239.8;5449.0;4799.5;488.2
32;79;6;4014.0;4217.8;4481.5;5195.2;5414.0;4659.0;556.7
32;80;6;3864.0;3937.5;4339.0;4962.5;5466.0;4497.0;612.1
32;81;6;4265.0;4796.0;4905.5;4938.5;5613.0;4899.7;394.1
32;82;6;4059.0;4763.5;4916.0;4969.5;5459.0;4841.7;416.6
32;83;6;4110.0;4578.8;4725.0;4848.8;5532.0;4752.0;425.0
32;84;6;3974.0;4138.2;4434.5;4734.5;5466.0;4530.5;512.2
32;85;6;4096.0;4552.8;4627.0;5111.5;5635.0;4797.7;506.2
32;86;6;3909.0;4387.2;4729.5;5156.5;5516.0;4742.7;544.8
32;87;6;3879.0;4277.2;4540.5;4841.2;5585.0;4612.7;542.2
32;88;6;4392.0;4688.5;4921.0;4994.5;5583.0;4907.8;368.9
32;89;6;4061.0;4476.8;4889.5;5130.5;5514.0;4817.3;489.8
32;90;6;4083.0;4518.8;4798.5;5073.8;5627.0;4816.3;493.5
32;91;6;4011.0;4890.8;5047.5;5319.8;5677.0;5005.3;520.0
32;92;6;3801.0;4160.5;4713.0;5033.0;5531.0;4645.7;597.6
32;93;6;4136.0;4557.2;4714.0;4788.2;5496.0;4729.7;406.9
32;94;6;4137.0;4237.5;4737.0;5124.0;5488.0;4737.2;515.7
32;95;6;4710.0;4993.8;5083.5;5135.0;5607.0;5100.0;267.8
32;96;6;3897.0;4574.0;4874.5;4936.5;5583.0;4776.7;509.3
32;97;6;4291.0;4385.0;4645.5;4856.5;5460.0;4711.2;396.6
32;98;6;4862.0;5002.8;5128.0;5207.5;5782.0;5182.5;293.6
32;99;6;4019.0;4461.2;4743.5;5029.5;5533.0;4755.2;485.5
33;0;6;6052.0;6892.8;7502.5;7587.2;7648.0;7168.3;593.2
33;1;6;6351.0;6576.8;7280.0;7510.8;7860.0;7116.8;576.1
33;2;6;6317.0;6619.0;7483.5;7565.8;7577.0;7130.8;566.6
33;3;6;6077.0;6576.8;7233.0;7311.0;7346.0;6930.7;509.6
33;4;6;6461.0;6798.8;7352.0;7437.2;7652.0;7149.5;441.1
33;5;6;6136.0;6809.8;7516.5;7573.8;8068.0;7234.0;657.5
33;6;6;6425.0;6933.2;7646.0;7913.2;8031.0;7407.7;617.2
33;7;6;6323.0;6737.0;7506.5;7748.0;7819.0;7244.0;607.6
33;8;6;6237.0;6571.8;7279.5;7490.8;7558.0;7041.8;540.9
33;9;6;6090.0;6579.0;7298.5;7701.5;8031.0;7148.8;709.7
33;10;6;6315.0;6707.0;7376.5;7429.5;7489.0;7081.3;484.9
33;11;6;6452.0;7041.2;8174.5;8419.8;8526.0;7748.7;844.0
33;12;6;5904.0;6415.8;7897.0;8034.2;8162.0;7310.3;991.9
33;13;6;5936.0;6609.2;7448.5;7621.8;7823.0;7110.8;710.4
33;14;6;6734.0;7225.5;8359.0;8372.8;8390.0;7844.5;745.4
33;15;6;5133.0;6559.5;7325.0;7675.8;7738.0;6936.3;932.8
33;16;6;5474.0;6482.0;7218.5;7600.2;7789.0;6944.0;821.3
33;17;6;6473.0;6570.5;7142.0;7625.8;7812.0;7122.7;566.0
33;18;6;5970.0;6902.8;7362.0;7924.8;8049.0;7267.5;734.1
33;19;6;6078.0;6388.0;6997.5;7784.8;7900.0;7034.2;759.1
33;20;6;5894.0;6724.0;7613.5;8088.2;8164.0;7326.5;863.5
33;21;6;5705.0;6230.5;6869.0;7653.0;7763.0;6856.3;814.1
33;22;6;6269.0;6407.8;7031.5;7634.2;7814.0;7030.2;666.3
33;23;6;5175.0;5777.2;6693.5;7710.2;7875.0;6659.7;1097.0
33;24;6;6022.0;6155.0;7137.5;7841.8;7902.0;7017.2;851.6
33;25;6;5757.0;6319.5;7018.5;7668.0;7874.0;6939.8;813.5
33;26;6;6088.0;6238.5;7124.5;7869.5;8053.0;7075.2;856.4
33;27;6;5010.0;6253.0;7084.0;7648.0;7755.0;6790.8;989.6
33;28;6;5983.0;6259.2;7134.0;7726.0;7816.0;6993.0;767.4
33;29;6;5608.0;6151.0;6794.5;7249.0;7279.0;6635.5;656.5
33;30;6;5159.0;5473.8;6673.0;7820.5;8079.0;6643.5;1234.1
33;31;6;4487.0;5976.8;6887.5;7508.0;7542.0;6532.0;1123.6
33;32;6;4609.0;5544.2;6781.0;7304.5;7451.0;6372.2;1091.0
33;33;6;4677.0;5420.2;6421.5;7305.8;7351.0;6259.7;1089.6
33;34;6;4844.0;5282.2;6582.0;7433.2;7588.0;6360.3;1153.3
33;35;6;4578.0;5239.5;6505.0;7687.2;7708.0;6365.8;1339.7
33;36;6;4206.0;5138.2;6700.0;7489.2;7613.0;6264.8;1357.0
33;37;6;3567.0;5624.5;6247.5;6911.8;7439.0;6008.5;1274.0
33;38;6;5220.0;5784.2;6454.5;6947.8;7088.0;6315.0;710.4
33;39;6;5337.0;5379.8;6064.5;6846.0;6907.0;6105.2;726.7
33;40;6;4401.0;5289.2;5918.0;6477.8;6680.0;5776.8;828.0
33;41;6;3801.0;4613.0;5905.5;6798.2;7022.0;5652.0;1241.9
33;42;6;4576.0;4762.8;5565.5;6315.0;6441.0;5534.7;811.9
33;43;6;4657.0;5440.2;6030.0;6445.8;6726.0;5878.5;723.5
33;44;6;4767.0;5443.8;6051.5;6312.8;6386.0;5816.2;598.1
33;45;6;3898.0;4871.5;5525.5;6182.5;6235.0;5373.2;882.4
33;46;6;4305.0;4948.2;5853.0;6478.8;6806.0;5691.8;935.8
33;47;6;4342.0;4855.8;5594.5;6555.2;6808.0;5637.3;956.5
33;48;6;3593.0;4430.8;5127.5;5901.5;6072.0;5046.3;907.7
33;49;6;3904.0;4393.0;5750.0;6156.0;6306.0;5323.7;1010.1
33;50;6;5005.0;5777.0;5869.0;6327.8;6503.0;5912.2;500.9
33;51;6;3978.0;4824.8;5190.0;6588.8;7083.0;5533.2;1142.2
33;52;6;3825.0;4199.2;5032.5;6457.5;6898.0;5273.7;1224.5
33;53;6;4261.0;4966.8;5411.5;6523.8;6811.0;5601.3;949.0
33;54;6;4721.0;4916.0;5358.0;6551.5;6866.0;5670.2;888.6
33;55;6;4437.0;5049.2;5235.0;5942.8;6438.0;5418.5;680.8
33;56;6;4603.0;4966.0;5390.5;6009.2;6125.0;5424.8;591.5
33;57;6;4106.0;4683.2;5590.5;6516.5;6820.0;5552.2;1032.5
33;58;6;4394.0;4535.8;4836.5;5738.8;6020.0;5093.7;670.9
33;59;6;4462.0;5016.8;5339.5;6204.5;6657.0;5533.3;792.0
33;60;6;4178.0;4728.8;5555.5;6159.5;6605.0;5451.3;877.5
33;61;6;4587.0;4966.0;5045.0;6310.5;7112.0;5576.8;969.7
33;62;6;3864.0;4319.0;5037.5;5837.8;6438.0;5093.5;928.7
33;63;6;4202.0;4292.0;4508.0;5522.0;5840.0;4856.3;698.8
33;64;6;4125.0;4475.8;4633.5;5488.8;5947.0;4922.7;682.0
33;65;6;3741.0;4168.5;4554.5;5707.0;6013.0;4832.3;889.3
33;66;6;4285.0;4671.5;4940.0;5798.0;6049.0;5146.7;674.1
33;67;6;4193.0;4537.2;4974.0;5601.2;5985.0;5054.7;652.2
33;68;6;4109.0;4235.8;4726.0;5439.0;5776.0;4847.7;659.4
33;69;6;3748.0;4276.2;4979.0;5635.2;6068.0;4945.0;845.7
33;70;6;4966.0;5264.8;5410.0;5713.5;5972.0;5464.8;340.4
33;71;6;3483.0;4250.0;5142.0;5808.2;5976.0;4954.3;933.2
33;72;6;4067.0;4744.8;5270.5;5837.5;6193.0;5232.8;735.8
33;73;6;3853.0;4413.2;4652.0;5660.2;6067.0;4925.7;819.4
33;74;6;4067.0;4535.5;4935.5;5405.2;5783.0;4947.5;593.7
33;75;6;3835.0;3879.2;3952.0;5296.0;5822.0;4526.7;888.4
33;76;6;3511.0;4332.0;4704.5;5434.8;5726.0;4755.3;773.1
33;77;6;3847.0;4005.2;4168.0;5371.8;5784.0;4615.2;817.8
33;78;6;4216.0;4413.0;4610.5;4872.5;5464.0;4701.3;412.5
33;79;6;3839.0;4198.2;4376.5;4806.8;5622.0;4550.5;579.6
33;80;6;3886.0;4015.0;4491.0;5016.5;5498.0;4569.0;601.0
33;81;6;3673.0;3701.2;4296.0;5126.2;5670.0;4473.5;806.1
33;82;6;3741.0;4027.0;4841.0;4960.5;6053.0;4705.3;786.6
33;83;6;3981.0;4169.0;4323.0;4861.0;6420.0;4700.8;837.9
33;84;6;3831.0;4144.0;4242.0;4672.2;5708.0;4491.7;614.5
33;85;6;3749.0;3968.8;4276.5;4888.8;6016.0;4546.2;777.7
33;86;6;4100.0;4506.2;4905.0;5043.5;6087.0;4910.0;624.0
33;87;6;4458.0;4801.2;4853.5;5392.5;6113.0;5105.7;559.6
33;88;6;4375.0;4923.5;5078.0;5372.0;5790.0;5110.5;442.5
33;89;6;4780.0;4898.5;5065.0;5365.8;5944.0;5193.8;398.5
33;90;6;4697.0;4845.5;5109.5;5489.0;6036.0;5220.8;466.6
33;91;6;3846.0;4431.0;4629.0;5022.0;6083.0;4784.2;696.0
33;92;6;3881.0;3945.2;4167.0;4308.5;6033.0;4412.5;743.5
33;93;6;3998.0;4093.0;4392.5;4746.8;6014.0;4609.2;689.2
33;94;6;3959.0;4038.2;4337.5;5130.2;6002.0;4661.5;759.0
33;95;6;3557.0;4162.2;4523.5;4670.2;5749.0;4519.0;668.8
33;96;6;3979.0;4313.0;4727.0;4849.2;5828.0;4721.0;591.2
33;97;6;3736.0;4372.2;4833.0;5086.8;5878.0;4778.3;677.0
33;98;6;4433.0;4523.0;4645.5;4750.0;6171.0;4860.3;596.9
33;99;6;4529.0;4577.0;4713.0;5153.5;6372.0;5026.5;651.3
34;0;6;6202.0;6805.2;7314.0;7546.0;7617.0;7117.7;517.1
34;1;6;5993.0;6494.5;7398.0;7414.2;7437.0;6973.2;623.9
34;2;6;5714.0;6563.0;7226.5;7283.2;7477.0;6881.3;632.2
34;3;6;6732.0;6883.5;7328.0;7468.8;7540.0;7196.5;335.7
34;4;6;5757.0;6627.2;7281.0;7312.2;7485.0;6922.7;625.2
34;5;6;6213.0;6732.2;7232.0;7566.8;7846.0;7127.8;567.7
34;6;6;5713.0;6288.8;6987.0;7185.8;7541.0;6756.0;647.3
34;7;6;6043.0;6455.5;7367.0;7418.2;7477.0;6973.5;619.1
34;8;6;6461.0;6888.8;7655.0;7834.8;7900.0;7366.5;579.2
34;9;6;6358.0;6670.0;7424.0;7478.2;7612.0;7122.2;521.9
34;10;6;6122.0;7054.0;7550.0;7707.0;7747.0;7269.5;584.6
34;11;6;6057.0;6567.0;7816.0;7937.0;8166.0;7330.5;866.7
34;12;6;6487.0;6928.2;7427.0;7565.8;7634.0;7224.8;438.3
34;13;6;5583.0;6765.0;7529.0;7634.5;7685.0;7084.3;780.8
34;14;6;5801.0;6202.5;6762.5;6825.2;7223.0;6568.5;492.9
34;15;6;6732.0;7040.0;7573.0;7704.8;7821.0;7385.0;419.2
34;16;6;6376.0;6654.0;7310.0;7585.8;7642.0;7125.2;518.8
34;17;6;6348.0;6460.2;6959.0;7514.0;7674.0;6988.8;557.5
34;18;6;5282.0;6131.5;7030.0;7636.8;7833.0;6807.7;943.2
34;19;6;5950.0;6185.5;7285.5;7871.8;8025.0;7072.0;881.4
34;20;6;5432.0;5972.0;6570.5;7360.2;7472.0;6573.5;800.9
34;21;6;6309.0;6888.8;7667.5;7969.2;8163.0;7417.7;689.6
34;22;6;4879.0;5876.0;6744.0;7313.5;7428.0;6480.8;938.4
34;23;6;5167.0;6556.5;7056.5;7468.8;7915.0;6865.2;894.9
34;24;6;6162.0;6320.5;7188.5;7967.2;8085.0;7147.0;862.4
34;25;6;5770.0;6043.8;6851.0;7518.0;7620.0;6767.8;789.0
34;26;6;6542.0;6804.2;7291.5;7748.0;7778.0;7240.8;524.7
34;27;6;5495.0;5973.2;6871.0;7743.2;7863.0;6801.3;995.0
34;28;6;5580.0;5882.5;7001.0;7990.5;8137.0;6924.8;1105.3
34;29;6;4546.0;6480.5;7138.5;7740.2;7823.0;6808.0;1157.2
34;30;6;5525.0;6352.5;7069.5;7467.0;7681.0;6843.0;768.3
34;31;6;5755.0;6530.5;7383.0;7811.0;8066.0;7131.2;840.0
34;32;6;4766.0;5734.0;6651.0;7442.0;7465.0;6444.5;1054.9
34;33;6;4903.0;5457.8;6226.0;6887.8;7344.0;6168.2;895.0
34;34;6;4181.0;5413.5;7301.0;7638.2;7732.0;6508.3;1430.8
34;35;6;4785.0;5539.8;6510.0;7313.0;7375.0;6329.5;1040.7
34;36;6;5817.0;5971.0;6700.5;7386.5;7425.0;6664.3;725.3
34;37;6;4256.0;5249.8;6004.0;6797.2;7204.0;5921.3;1062.8
34;38;6;4962.0;5346.8;6643.0;7406.8;7626.0;6408.3;1088.5
34;39;6;4347.0;5057.0;6278.0;7271.8;7405.0;6093.5;1228.8
34;40;6;4140.0;5403.8;6395.5;7253.0;7372.0;6152.5;1210.0
34;41;6;4227.0;5181.0;6767.0;7631.5;7637.0;6328.3;1392.2
34;42;6;5206.0;5766.5;6403.0;6976.5;7207.0;6323.5;752.8
34;43;6;4439.0;4948.5;5989.5;6634.5;6894.0;5793.8;961.8
34;44;6;4752.0;5178.2;6230.0;6654.0;6721.0;5926.0;815.3
34;45;6;3945.0;5217.2;6314.0;6722.2;6855.0;5856.3;1072.1
34;46;6;4548.0;4988.0;5911.5;6262.8;6286.0;5619.5;717.7
34;47;6;5271.0;5490.2;5979.0;6370.2;6437.0;5915.7;475.3
34;48;6;5255.0;5485.0;5628.5;6119.2;6291.0;5753.8;394.6
34;49;6;3883.0;4946.0;5181.5;5896.2;6212.0;5243.3;780.5
34;50;6;4556.0;5150.0;5180.5;6074.2;6365.0;5465.7;671.8
34;51;6;4539.0;4959.2;5260.0;6138.2;6462.0;5468.5;722.1
34;52;6;4561.0;5128.2;5547.5;6294.5;6471.0;5609.8;705.6
34;53;6;4506.0;4648.5;4789.0;5987.8;6450.0;5253.8;819.9
34;54;6;3806.0;4175.8;4790.5;5961.8;6375.0;5014.2;1018.4
34;55;6;4710.0;4833.0;5226.5;6207.2;6611.0;5501.7;777.3
34;56;6;4480.0;4640.2;4959.0;5782.5;6046.0;5172.5;639.3
34;57;6;3973.0;4656.0;5345.0;5899.0;6035.0;5201.3;764.7
34;58;6;3792.0;4581.5;4945.0;6015.8;6383.0;5149.7;936.6
34;59;6;4787.0;4906.5;5125.0;5972.0;6388.0;5418.8;647.7
34;60;6;4042.0;4534.0;4655.0;5824.5;6254.0;5052.3;851.9
34;61;6;3588.0;4606.2;5333.0;5912.0;6142.0;5144.2;907.7
34;62;6;4393.0;4603.2;4847.0;5891.8;6445.0;5215.7;806.5
34;63;6;4143.0;4454.8;5317.5;6163.0;6455.0;5307.5;922.0
34;64;6;3989.0;5010.8;5225.0;5972.5;6264.0;5310.7;771.2
34;65;6;4310.0;5058.2;5288.0;6088.5;6483.0;5451.0;752.0
34;66;6;4337.0;4714.5;5432.0;6197.5;6328.0;5409.5;795.3
34;67;6;3700.0;3787.8;4579.0;5884.0;6165.0;4811.0;1063.2
34;68;6;3607.0;4175.0;4494.0;5714.5;6092.0;4812.8;944.3
34;69;6;3703.0;3964.2;5131.5;6235.0;6614.0;5126.3;1182.8
34;70;6;4601.0;4832.0;5279.0;6101.0;6391.0;5434.7;703.4
34;71;6;4279.0;4559.0;5226.0;6023.5;6273.0;5271.7;786.5
34;72;6;4314.0;5027.5;5188.5;5825.0;6002.0;5284.0;589.6
34;73;6;4671.0;4729.2;4919.5;6092.2;6544.0;5367.2;806.9
34;74;6;4385.0;5036.2;5251.5;6360.0;6773.0;5559.2;884.9
34;75;6;3783.0;3930.8;4088.0;5745.2;6286.0;4736.8;1100.8
34;76;6;4396.0;4495.0;4997.5;5749.8;5921.0;5106.7;642.5
34;77;6;4314.0;4593.2;5106.0;5795.0;5972.0;5157.5;652.3
34;78;6;3752.0;4670.2;4701.5;5746.8;6433.0;5057.2;920.0
34;79;6;4297.0;4655.2;4689.0;5688.8;6133.0;5079.0;718.5
34;80;6;4006.0;4476.0;4869.0;5277.0;5806.0;4884.7;600.4
34;81;6;4172.0;4479.0;4776.5;5014.0;5761.0;4826.5;511.8
34;82;6;3909.0;4196.0;4840.5;5278.8;5979.0;4829.2;734.1
34;83;6;3510.0;4593.5;4838.5;5186.2;5881.0;4813.7;726.5
34;84;6;4466.0;4558.2;4640.5;5146.5;6109.0;4950.3;587.8
34;85;6;3756.0;4540.5;4781.0;5046.2;5831.0;4790.7;629.4
34;86;6;3360.0;4538.2;4889.5;5052.5;5834.0;4750.2;749.1
34;87;6;4239.0;4592.8;4782.5;5135.8;5971.0;4926.3;555.0
34;88;6;4048.0;5035.0;5066.0;5265.8;6007.0;5090.7;575.8
34;89;6;3932.0;4378.0;4783.0;5150.5;5890.0;4817.3;636.0
34;90;6;4713.0;4987.8;5160.0;5195.8;5825.0;5166.0;339.9
34;91;6;3582.0;4355.2;4507.0;4819.2;5823.0;4607.8;674.0
34;92;6;4330.0;4409.0;4539.5;4963.2;6121.0;4833.3;625.8
34;93;6;4803.0;4949.5;4980.5;5046.0;5912.0;5113.8;365.4
34;94;6;4462.0;4570.8;4912.0;5171.5;5746.0;4957.8;443.6
34;95;6;3657.0;4098.0;4572.0;4870.5;5721.0;4572.0;667.1
34;96;6;3974.0;4363.0;4985.5;5170.0;5722.0;4842.3;596.5
34;97;6;3702.0;4434.8;4606.0;4760.0;5841.0;4657.3;634.0
34;98;6;3647.0;4400.0;4642.0;4898.2;5607.0;4640.2;596.7
34;99;6;3987.0;4249.5;4559.5;4938.5;5579.0;4649.3;540.8
35;0;6;6333.0;6753.0;7799.0;7884.2;8294.0;7423.7;760.2
35;1;6;6613.0;6830.2;7497.5;7563.2;7843.0;7274.0;481.6
35;2;6;6371.0;6776.8;7745.5;8070.0;8114.0;7434.7;725.0
35;3;6;6304.0;6724.8;7664.0;7887.8;8001.0;7334.5;696.4
35;4;6;5943.0;6760.2;7653.0;7818.2;7932.0;7252.8;754.7
35;5;6;6359.0;6783.8;7353.0;7689.0;7784.0;7207.3;543.5
35;6;6;6320.0;6977.5;7525.5;7865.8;7994.0;7356.5;609.6
35;7;6;5971.0;6780.8;7275.5;7355.5;7393.0;6985.5;523.6
35;8;6;6070.0;6809.0;7976.5;8016.0;8042.0;7419.0;836.3
35;9;6;6522.0;6892.8;7432.0;7591.0;7603.0;7224.3;431.5
35;10;6;5910.0;6464.5;7378.5;7752.5;8101.0;7134.2;815.8
35;11;6;5954.0;6654.2;7491.0;7590.5;7956.0;7148.5;722.1
35;12;6;5635.0;6443.2;7271.5;7483.2;7682.0;6930.2;749.1
35;13;6;6078.0;6534.8;7441.5;7655.2;7759.0;7113.2;676.9
35;14;6;6105.0;6836.8;7204.5;7342.0;7545.0;7026.8;482.6
35;15;6;6269.0;6593.5;7490.5;7919.5;8220.0;7304.5;756.6
35;16;6;5957.0;6468.5;7856.0;8030.0;8212.0;7329.2;953.8
35;17;6;6286.0;6609.0;7484.0;7957.0;8112.0;7299.7;741.3
35;18;6;5701.0;6322.5;7038.5;7543.8;7907.0;6913.5;790.4
35;19;6;5901.0;6261.0;7145.0;7602.2;7672.0;6930.7;727.8
35;20;6;6013.0;6330.8;6932.0;7444.8;7498.0;6853.5;610.4
35;21;6;5839.0;6230.0;6873.5;7718.0;7941.0;6923.7;818.7
35;22;6;6082.0;6251.8;6884.5;7443.8;7911.0;6905.5;695.6
35;23;6;6229.0;6440.5;7159.0;7681.0;7812.0;7069.2;662.2
35;24;6;6000.0;6634.5;7397.0;8149.0;8282.0;7309.3;872.7
35;25;6;5712.0;6807.8;7232.0;7917.2;8052.0;7173.3;823.8
35;26;6;5254.0;6085.0;7026.5;7947.0;8010.0;6890.3;1097.9
35;27;6;4727.0;6581.2;7220.5;7847.0;8238.0;6971.7;1183.4
35;28;6;5365.0;5853.2;6941.5;7816.0;7970.0;6802.7;1076.4
35;29;6;5381.0;6131.0;7107.0;7741.8;7914.0;6878.0;973.5
35;30;6;5759.0;6169.0;7157.5;7946.5;8038.0;7026.8;953.6
35;31;6;4829.0;5538.8;6743.5;7593.5;7799.0;6521.5;1168.5
35;32;6;4770.0;5505.5;6907.5;7752.2;7803.0;6576.7;1244.2
35;33;6;5582.0;6106.5;6899.0;7538.5;7902.0;6812.7;865.0
35;34;6;4573.0;5011.5;6381.0;7313.2;7400.0;6152.3;1210.1
35;35;6;5792.0;6323.2;7071.5;7473.2;7680.0;6882.7;706.8
35;36;6;5917.0;6433.0;6801.5;7122.0;7262.0;6720.2;474.7
35;37;6;5160.0;5641.8;6670.0;7452.2;7478.0;6498.3;983.5
35;38;6;4741.0;5431.8;6760.0;7516.8;7754.0;6462.2;1187.6
35;39;6;5891.0;5984.8;6622.5;7268.5;7519.0;6651.8;695.7
35;40;6;4184.0;4889.0;6172.5;6696.2;6840.0;5783.5;1051.4
35;41;6;3929.0;5186.8;6586.5;7243.8;7295.0;6096.7;1295.1
35;42;6;5159.0;5657.8;6691.5;6959.5;7132.0;6339.3;782.7
35;43;6;4700.0;5590.8;6426.0;7034.0;7341.0;6240.3;958.1
35;44;6;4119.0;5453.2;6397.0;7069.2;7179.0;6087.3;1119.3
35;45;6;4592.0;5773.8;6414.0;6761.8;7000.0;6143.0;826.2
35;46;6;4716.0;5217.2;6428.0;6834.8;7003.0;6059.8;923.4
35;47;6;4916.0;5629.5;6271.5;6880.5;7103.0;6176.8;800.7
35;48;6;4127.0;4756.0;5487.5;6596.2;6920.0;5583.3;1058.5
35;49;6;4184.0;4597.5;5860.5;6805.5;7129.0;5721.8;1185.4
35;50;6;4345.0;4964.8;5438.0;6749.0;7162.0;5729.3;1069.4
35;51;6;3859.0;4592.5;5697.0;6420.5;6649.0;5464.7;1066.6
35;52;6;4219.0;5261.0;5700.5;6746.8;7085.0;5819.2;1011.6
35;53;6;3749.0;4076.5;4883.5;6286.0;6625.0;5117.0;1170.3
35;54;6;4274.0;4993.8;5500.0;6417.2;6605.0;5571.2;867.7
35;55;6;4500.0;5050.2;5499.5;6087.5;6331.0;5502.3;664.5
35;56;6;4584.0;4964.5;5552.5;6449.5;6729.0;5655.8;827.6
35;57;6;4083.0;4435.2;4719.5;6029.0;6416.0;5124.0;937.5
35;58;6;3964.0;5032.8;5216.5;5963.5;6263.0;5307.3;773.6
35;59;6;4121.0;4503.0;5131.0;6133.2;6331.0;5245.8;880.9
35;60;6;3948.0;4045.5;4211.5;5574.5;6142.0;4755.3;941.7
35;61;6;3890.0;4437.5;5616.5;6145.2;6357.0;5307.7;975.9
35;62;6;3747.0;4236.8;4390.5;5596.5;6000.0;4785.3;878.0
35;63;6;3818.0;3975.5;4134.5;5522.0;5997.0;4665.2;939.4
35;64;6;4196.0;4253.2;4554.5;5676.2;5951.0;4909.8;768.1
35;65;6;4379.0;4628.8;4988.0;5765.8;6060.0;5158.2;664.0
35;66;6;3592.0;3899.2;4763.5;5639.0;5820.0;4746.8;905.2
35;67;6;4159.0;4197.0;4635.0;5669.2;6008.0;4917.0;785.2
35;68;6;4251.0;5084.5;5169.5;5633.2;5793.0;5204.5;516.0
35;69;6;3770.0;4153.8;5177.0;5700.8;5911.0;4953.8;864.4
35;70;6;4225.0;5025.2;5368.0;5679.2;5803.0;5243.0;541.0
35;71;6;3769.0;4088.0;4805.0;5605.2;5742.0;4807.0;797.8
35;72;6;3549.0;3898.5;4613.0;5401.0;5572.0;4611.8;804.4
35;73;6;3835.0;4207.0;4909.0;5607.2;5686.0;4858.7;751.8
35;74;6;4687.0;5027.5;5230.5;5521.2;5619.0;5224.2;329.1
35;75;6;3672.0;4123.8;4628.5;5413.0;5580.0;4689.8;730.3
35;76;6;3896.0;4063.0;4253.0;5280.8;5612.0;4606.2;717.9
35;77;6;3832.0;4199.5;4849.0;5347.8;5491.0;4753.0;642.7
35;78;6;3701.0;4226.8;4991.5;5177.2;5512.0;4734.5;655.6
35;79;6;4205.0;4273.2;4379.5;4715.2;5559.0;4598.0;475.3
35;80;6;3823.0;4448.2;4685.0;5036.5;5585.0;4716.8;556.3
35;81;6;3683.0;3740.8;4224.0;5108.5;5848.0;4493.7;835.0
35;82;6;3813.0;4362.5;4888.0;5093.2;5739.0;4779.5;628.2
35;83;6;3631.0;3892.2;4768.0;5181.8;5599.0;4614.3;748.5
35;84;6;4207.0;4697.2;4895.0;5189.5;5755.0;4945.2;485.4
35;85;6;3777.0;3868.2;4042.0;4108.5;6049.0;4308.5;788.3
35;86;6;3752.0;4049.8;4338.0;4986.2;5838.0;4570.3;717.7
35;87;6;3856.0;3939.8;4610.0;5125.0;5858.0;4657.8;752.9
35;88;6;3965.0;4442.8;4885.0;5194.5;5808.0;4856.0;603.4
35;89;6;3570.0;3981.8;4376.5;4534.2;5652.0;4402.0;656.8
35;90;6;3789.0;4037.0;4666.5;5231.5;5794.0;4693.8;731.2
35;91;6;4010.0;4091.2;4116.5;4442.5;5814.0;4448.5;634.5
35;92;6;4374.0;4681.0;4855.5;5153.0;6111.0;5011.8;555.8
35;93;6;3915.0;4216.5;4569.0;4890.0;5630.0;4629.8;565.8
35;94;6;3850.0;4493.5;5156.0;5282.2;6529.0;5048.0;844.4
35;95;6;4310.0;4523.5;4571.5;4777.0;5495.0;4716.8;380.8
35;96;6;4074.0;4367.8;4454.5;5018.2;5701.0;4704.8;559.3
35;97;6;4541.0;4720.2;5033.5;5246.2;5992.0;5088.8;478.9
35;98;6;3654.0;4529.8;4927.0;5230.5;5987.0;4870.7;724.1
35;99;6;3865.0;4419.2;4732.0;5353.0;6014.0;4869.7;716.7
36;0;6;5566.0;6809.5;7410.0;7488.5;7626.0;7022.7;726.4
36;1;6;5996.0;6394.5;7314.0;7416.8;7452.0;6935.8;628.2
36;2;6;6019.0;6876.0;7618.0;8115.5;8351.0;7419.3;830.7
36;3;6;6003.0;6375.8;7390.5;7797.8;7961.0;7119.3;800.6
36;4;6;5810.0;6385.2;7495.0;7655.2;8076.0;7100.0;855.7
36;5;6;6551.0;6918.8;7277.5;7465.2;7546.0;7163.2;362.2
36;6;6;6488.0;7076.0;7420.5;7573.8;7707.0;7270.3;418.0
36;7;6;6093.0;6603.5;7522.5;7774.0;7880.0;7195.5;716.8
36;8;6;6827.0;7214.8;7807.5;8047.0;8176.0;7627.0;511.1
36;9;6;5937.0;6555.5;7371.5;7623.5;7712.0;7063.8;686.4
36;10;6;6183.0;6846.8;7459.0;7547.8;7907.0;7204.7;593.5
36;11;6;6266.0;7001.0;7396.0;7470.0;7617.0;7173.2;467.4
36;12;6;6112.0;6734.0;7193.5;7296.8;7873.0;7047.3;561.7
36;13;6;6378.0;6642.5;7491.0;7977.2;8169.0;7338.0;729.3
36;14;6;5977.0;6511.0;7284.0;7335.5;8011.0;7027.0;693.2
36;15;6;6382.0;6860.5;7390.5;7610.8;7869.0;7233.3;522.3
36;16;6;5770.0;6367.5;7708.0;8131.2;8254.0;7272.2;1020.6
36;17;6;6246.0;6325.8;6699.5;7082.2;7194.0;6708.3;409.1
36;18;6;5616.0;6171.5;7040.0;7765.2;7794.0;6896.5;890.2
36;19;6;5937.0;6159.8;6699.5;7813.8;8104.0;6934.2;891.0
36;20;6;5627.0;5746.2;6740.0;7807.2;7922.0;6767.8;1041.8
36;21;6;5884.0;6024.2;6704.5;7159.8;7185.0;6597.8;580.8
36;22;6;5926.0;6096.0;6704.0;7424.5;7594.0;6747.7;686.9
36;23;6;5954.0;6079.8;6958.0;7852.8;8073.0;6980.2;928.9
36;24;6;5842.0;6092.5;6878.0;7371.8;7453.0;6736.3;668.6
36;25;6;5858.0;6125.5;6986.0;7506.8;7862.0;6868.5;777.3
36;26;6;5346.0;6044.5;7175.0;8040.0;8148.0;6973.3;1116.1
36;27;6;5811.0;5989.2;6778.5;7522.8;7711.0;6762.7;800.1
36;28;6;5646.0;5942.2;6859.5;7961.2;8161.0;6915.2;1064.4
36;29;6;5625.0;6100.2;7387.5;8128.0;8230.0;7112.7;1093.0
36;30;6;5095.0;5749.2;7423.5;8044.8;8190.0;6929.2;1274.7
36;31;6;4486.0;5476.8;6430.5;7220.0;7706.0;6282.5;1141.2
36;32;6;4905.0;6003.2;7069.5;7641.5;7670.0;6699.0;1056.9
36;33;6;4516.0;5041.5;6564.0;7654.5;7793.0;6331.5;1396.8
36;34;6;4245.0;5118.2;6274.0;7268.5;7390.0;6086.0;1245.9
36;35;6;5914.0;6139.0;6557.0;6897.0;6993.0;6505.2;431.0
36;36;6;3994.0;4552.0;6286.0;7455.2;7602.0;5997.8;1532.7
36;37;6;4767.0;5528.8;6774.5;7583.8;7688.0;6495.2;1169.8
36;38;6;4910.0;6012.0;6626.5;7189.2;7274.0;6436.8;858.0
36;39;6;5257.0;5642.0;6273.0;6866.5;6938.0;6206.2;695.0
36;40;6;5483.0;5872.5;6684.5;7126.0;7223.0;6491.7;697.5
36;41;6;4528.0;5274.5;6293.5;6933.8;7333.0;6088.3;1039.7
36;42;6;4892.0;5597.2;6561.0;7241.2;7275.0;6338.8;946.5
36;43;6;3744.0;4437.2;6403.0;6993.2;7005.0;5754.5;1403.8
36;44;6;4570.0;5526.8;6633.5;7257.2;7297.0;6292.8;1061.9
36;45;6;3874.0;5664.0;6218.0;6736.8;6778.0;5912.8;1028.6
36;46;6;5621.0;5765.8;6181.5;6597.2;6892.0;6206.5;499.1
36;47;6;4002.0;5678.8;6280.0;7000.5;7075.0;6059.3;1088.6
36;48;6;4134.0;4793.8;5779.0;6575.2;6788.0;5631.0;1013.9
36;49;6;5217.0;5360.5;5740.0;6871.0;7182.0;6060.2;823.7
36;50;6;4933.0;5635.0;5991.5;6756.8;7035.0;6079.8;743.7
36;51;6;5311.0;5572.2;6031.0;6627.8;6837.0;6076.0;587.2
36;52;6;4342.0;5149.2;5618.5;6658.5;6985.0;5760.3;961.2
36;53;6;4268.0;5445.2;5673.5;6445.5;6738.0;5737.5;832.0
36;54;6;4519.0;4973.5;5914.5;6652.2;6883.0;5798.2;937.3
36;55;6;4892.0;5225.5;5390.0;6371.2;6654.0;5699.2;698.7
36;56;6;4105.0;4122.8;4850.0;6220.0;6501.0;5143.8;1065.4
36;57;6;4465.0;4905.0;5723.0;6743.5;6994.0;5770.2;998.5
36;58;6;5192.0;5487.2;5909.0;6451.5;6590.0;5929.8;538.7
36;59;6;4288.0;5104.8;5565.0;6286.2;6527.0;5570.5;793.3
36;60;6;4957.0;5214.5;5729.5;6266.2;6595.0;5749.8;617.4
36;61;6;4036.0;4465.2;5240.5;6226.5;6635.0;5319.0;1012.4
36;62;6;4539.0;4737.0;5187.5;6073.8;6291.0;5360.2;713.9
36;63;6;4270.0;5327.2;5807.5;6363.5;6542.0;5690.5;786.8
36;64;6;4661.0;5051.0;5495.0;5982.5;6128.0;5471.2;546.0
36;65;6;4680.0;4985.8;5637.0;6175.8;6502.0;5596.7;684.3
36;66;6;4827.0;4931.5;5206.0;5910.2;6150.0;5395.7;544.2
36;67;6;3911.0;4751.2;5192.0;6366.2;6693.0;5391.7;1018.2
36;68;6;4488.0;4885.0;5330.5;5884.0;6059.0;5335.5;591.2
36;69;6;4349.0;4554.5;5098.5;5920.0;6183.0;5216.0;744.5
36;70;6;3952.0;4747.5;5095.5;5740.5;5965.0;5115.8;706.5
36;71;6;4165.0;4320.0;4670.5;5578.2;6004.0;4932.3;741.6
36;72;6;4695.0;4855.0;5103.0;5809.2;6083.0;5300.2;559.5
36;73;6;3832.0;4461.8;4715.0;5587.8;5942.0;4910.0;761.9
36;74;6;4069.0;4386.5;4919.5;5832.0;6053.0;5051.0;795.1
36;75;6;3681.0;4773.8;4928.0;5719.8;6034.0;5046.2;794.1
36;76;6;4244.0;4723.2;5227.0;5751.8;5951.0;5188.5;623.9
36;77;6;4298.0;4964.8;5126.5;5679.0;5871.0;5199.3;545.0
36;78;6;4201.0;4477.8;5099.0;5807.2;6109.0;5137.0;748.5
36;79;6;3686.0;4434.2;5033.0;5655.8;5826.0;4946.0;775.8
36;80;6;3635.0;4225.2;5219.0;5294.8;5822.0;4851.5;794.5
36;81;6;3841.0;4732.2;4913.5;5139.0;5807.0;4893.5;590.3
36;82;6;4192.0;4515.5;4784.5;5028.0;5806.0;4850.3;515.6
36;83;6;4288.0;4451.2;4683.5;5176.8;5951.0;4886.8;580.4
36;84;6;4517.0;4654.8;4893.0;4964.0;5704.0;4928.3;386.9
36;85;6;4399.0;4826.5;4968.5;5302.5;5828.0;5059.5;454.1
36;86;6;3889.0;4243.0;4629.5;5190.0;5800.0;4739.8;664.4
36;87;6;3754.0;3924.2;4438.0;4913.5;5967.0;4570.3;762.1
36;88;6;3746.0;4223.5;4575.5;4932.8;5814.0;4644.8;661.5
36;89;6;4107.0;4240.0;4465.0;4786.0;5829.0;4654.0;580.4
36;90;6;3693.0;4565.5;4687.0;4858.0;6270.0;4796.2;763.8
36;91;6;4432.0;4648.5;4727.5;4820.8;5949.0;4885.0;492.4
36;92;6;4167.0;4315.0;4638.5;5178.8;5956.0;4827.7;635.1
36;93;6;4704.0;4732.5;4786.5;4839.8;6140.0;4998.2;513.0
36;94;6;3772.0;4572.2;4602.0;4821.5;6015.0;4741.3;665.0
36;95;6;4108.0;4666.8;4927.0;5339.5;6046.0;5010.8;616.2
36;96;6;3849.0;4475.0;4692.0;4798.0;6027.0;4749.3;654.3
36;97;6;4118.0;4682.2;4995.5;5311.0;6137.0;5040.0;629.5
36;98;6;3706.0;4121.8;4545.0;4939.0;6216.0;4677.2;811.2
36;99;6;4598.0;5153.5;5266.0;5430.2;6211.0;5323.7;481.3
37;0;6;5869.0;6228.0;7548.0;7970.2;8001.0;7144.2;930.1
37;1;6;6653.0;7447.5;7738.5;7856.2;8024.0;7566.7;457.2
37;2;6;5759.0;6545.0;7344.0;7571.5;7721.0;7015.7;728.2
37;3;6;6625.0;7051.0;7547.0;7604.2;7679.0;7317.8;404.9
37;4;6;6369.0;6746.8;7343.0;7489.2;7653.0;7132.3;490.1
37;5;6;5673.0;6659.8;7144.0;7275.8;7424.0;6867.2;606.4
37;6;6;6377.0;6785.0;7372.5;7598.5;7715.0;7183.3;507.4
37;7;6;6010.0;6526.0;7263.0;7484.8;7623.0;6999.7;619.3
37;8;6;6321.0;7016.5;7785.0;8183.0;8357.0;7554.0;760.6
37;9;6;6267.0;6593.8;7297.0;7404.8;7520.0;7030.2;513.5
37;10;6;6033.0;6600.2;7456.5;7579.2;7710.0;7098.5;661.7
37;11;6;5823.0;6410.8;7055.0;7183.2;7992.0;6891.2;704.6
37;12;6;5942.0;6561.5;7076.0;7532.0;7681.0;6974.8;631.2
37;13;6;6006.0;6502.2;7517.0;7568.8;7596.0;7064.3;693.7
37;14;6;6246.0;6830.2;7322.5;7472.0;7704.0;7130.5;507.3
37;15;6;6141.0;6576.0;7472.0;7754.5;8186.0;7232.8;752.6
37;16;6;6209.0;6687.8;7541.0;7631.5;8391.0;7291.2;753.5
37;17;6;5893.0;6352.5;7149.0;7485.0;7866.0;6956.8;717.7
37;18;6;6105.0;6358.8;7148.0;8027.2;8347.0;7194.0;890.5
37;19;6;6299.0;6559.8;7093.0;7457.5;7616.0;7010.3;511.6
37;20;6;6174.0;6478.2;6941.0;7427.8;7742.0;6952.0;582.0
37;21;6;5970.0;6167.8;7180.0;8076.8;8165.0;7116.8;977.9
37;22;6;5652.0;6147.5;7317.0;7948.8;8036.0;7039.8;979.5
37;23;6;5809.0;5938.0;6759.0;7541.8;7781.0;6762.5;848.7
37;24;6;5741.0;6173.2;7149.0;8072.2;8304.0;7095.2;1045.5
37;25;6;5331.0;6741.2;7780.5;8148.5;8354.0;7318.7;1083.9
37;26;6;6594.0;6945.8;7813.0;8266.2;8315.0;7601.5;710.3
37;27;6;5646.0;6313.0;7186.0;8032.8;8072.0;7071.2;986.4
37;28;6;6320.0;6635.2;7411.0;8174.0;8276.0;7370.5;828.6
37;29;6;4934.0;6483.5;7291.5;7902.2;8007.0;6974.0;1091.6
37;30;6;5952.0;6051.2;6930.0;7702.2;7866.0;6899.3;842.8
37;31;6;5090.0;5568.5;7284.0;7882.0;7953.0;6781.5;1235.4
37;32;6;5227.0;6366.0;7124.5;7570.2;7601.0;6818.2;874.2
37;33;6;4059.0;5453.0;6738.5;7523.8;7840.0;6364.3;1384.8
37;34;6;5937.0;6489.8;7516.5;8123.2;8162.0;7267.5;913.1
37;35;6;4107.0;4625.0;5944.5;7255.0;7505.0;5896.3;1435.1
37;36;6;4808.0;6340.8;7025.0;7792.5;7849.0;6811.3;1103.3
37;37;6;4885.0;5605.2;6400.0;6837.0;6921.0;6154.8;772.5
37;38;6;4193.0;4938.8;6123.0;7063.5;7328.0;5948.0;1211.3
37;39;6;4041.0;4605.0;6179.5;7181.0;7314.0;5884.8;1365.7
37;40;6;4770.0;5100.5;5943.0;6696.2;6728.0;5858.5;853.3
37;41;6;5213.0;5445.0;6120.5;6585.2;7102.0;6086.0;699.9
37;42;6;4254.0;4891.5;6121.0;6821.0;6901.0;5822.2;1073.6
37;43;6;4781.0;5400.5;6185.0;6533.0;6646.0;5930.8;706.1
37;44;6;4484.0;4646.2;5630.0;6640.8;6696.0;5622.7;1011.3
37;45;6;4819.0;5492.2;6070.0;6434.0;6470.0;5880.7;618.4
37;46;6;4562.0;4715.0;5623.0;6368.2;6461.0;5549.7;837.4
37;47;6;4822.0;5022.8;5621.5;6214.2;6443.0;5623.8;673.4
37;48;6;4451.0;4660.8;5002.5;5856.5;6092.0;5206.0;661.5
37;49;6;3829.0;4326.5;5386.0;5922.0;6081.0;5126.0;901.8
37;50;6;4238.0;4878.5;5357.0;6249.5;6518.0;5456.0;836.5
37;51;6;4295.0;4970.5;5346.5;5865.0;6157.0;5338.0;635.7
37;52;6;4144.0;4322.2;5176.0;6128.0;6385.0;5227.3;927.7
37;53;6;4570.0;5243.2;5355.0;5730.8;5926.0;5378.0;447.0
37;54;6;3610.0;4709.2;5022.0;5912.2;6153.0;5103.5;884.6
37;55;6;4163.0;4624.5;4929.0;5941.5;6349.0;5195.3;832.8
37;56;6;3889.0;4529.5;5103.5;5871.0;6118.0;5113.2;826.7
37;57;6;4900.0;5125.8;5284.0;6010.0;6276.0;5511.5;544.2
37;58;6;4256.0;4778.0;5578.0;6140.2;6270.0;5420.2;777.5
37;59;6;3896.0;4360.5;5070.0;6049.5;6238.0;5129.0;921.4
37;60;6;3474.0;3826.8;4644.5;5741.2;5900.0;4720.7;1005.1
37;61;6;4347.0;4910.8;5211.0;5886.2;6172.0;5310.5;648.0
37;62;6;4817.0;4849.5;4943.5;5723.8;6003.0;5251.5;523.8
37;63;6;4375.0;4554.0;5150.0;5702.5;5880.0;5132.8;607.7
37;64;6;3601.0;4778.2;5209.5;5784.8;5966.0;5099.5;808.0
37;65;6;3749.0;4081.5;4560.0;5724.0;6066.0;4828.2;921.8
37;66;6;3962.0;4000.2;4694.5;5889.0;6081.0;4914.7;953.4
37;67;6;3747.0;4208.0;4832.5;5681.2;5817.0;4865.5;815.6
37;68;6;3733.0;3922.5;4618.5;5598.8;5819.0;4734.2;864.4
37;69;6;3579.0;4860.8;4980.0;5778.8;6114.0;5086.5;848.5
37;70;6;4806.0;4815.5;4843.0;5421.8;5680.0;5098.8;385.9
37;71;6;3908.0;4568.0;5047.5;5603.5;5876.0;5012.7;689.6
37;72;6;3512.0;3722.8;3855.5;5192.0;5625.0;4360.7;897.7
37;73;6;3773.0;3944.8;4411.0;5427.8;5725.0;4646.0;800.1
37;74;6;3944.0;4313.5;4384.0;5269.0;5735.0;4716.8;671.7
37;75;6;3651.0;4085.0;4554.0;5472.2;5757.0;4703.8;804.2
37;76;6;3797.0;4005.8;4367.0;5394.2;5781.0;4655.7;805.4
37;77;6;3578.0;3795.2;4472.0;5336.2;5486.0;4533.7;803.7
37;78;6;4067.0;4322.8;4974.5;5420.8;5606.0;4882.8;611.1
37;79;6;4235.0;4441.0;4926.0;5414.0;5588.0;4921.8;535.0
37;80;6;3854.0;4002.8;4247.5;4707.5;5522.0;4442.2;576.0
37;81;6;3839.0;4075.0;4357.0;4719.2;5401.0;4462.5;522.8
37;82;6;3994.0;4309.8;5095.5;5142.5;5720.0;4851.8;624.7
37;83;6;3396.0;4112.2;4564.0;5030.0;5944.0;4602.5;811.0
37;84;6;3499.0;3758.8;4462.0;5205.0;5869.0;4544.8;870.4
37;85;6;4265.0;4709.5;5194.0;5292.2;5999.0;5087.5;555.2
37;86;6;3531.0;4630.0;4708.0;4825.8;5598.0;4669.0;605.6
37;87;6;3445.0;3816.8;4743.5;5282.5;5656.0;4593.0;840.2
37;88;6;3417.0;4085.2;4802.0;5193.2;5783.0;4662.3;808.3
37;89;6;3467.0;4545.8;4868.5;5111.8;5680.0;4752.5;685.8
37;90;6;3976.0;4622.0;5137.0;5437.5;5740.0;4996.3;601.7
37;91;6;3633.0;4067.8;4717.5;4802.5;5616.0;4561.0;658.1
37;92;6;3893.0;4478.2;4736.5;5046.5;5410.0;4719.7;488.3
37;93;6;3518.0;3932.5;4706.5;4926.2;5239.0;4474.0;641.2
37;94;6;3661.0;3686.8;3814.5;4498.8;5225.0;4147.7;599.2
37;95;6;3592.0;3798.8;4285.5;4572.0;5245.0;4285.3;568.9
37;96;6;3695.0;4356.2;4674.5;5015.2;5494.0;4652.8;575.5
37;97;6;3792.0;4566.5;4675.0;4938.0;5284.0;4663.7;462.5
37;98;6;3545.0;4629.0;4681.0;4835.8;5456.0;4643.7;566.6
37;99;6;4651.0;4665.5;4713.0;4837.8;5428.0;4839.0;274.1
38;0;6;6785.0;7236.2;8087.5;8354.5;8493.0;7808.2;670.4
38;1;6;6112.0;7062.0;7795.0;8120.8;8207.0;7492.7;763.6
38;2;6;6478.0;6956.5;7729.0;7920.2;8330.0;7491.5;671.0
38;3;6;6522.0;7045.0;7552.0;7575.2;7662.0;7291.2;431.5
38;4;6;6358.0;6676.8;7448.5;7567.8;7625.0;7151.2;534.1
38;5;6;6169.0;6545.8;7281.5;7326.5;7454.0;6971.3;524.0
38;6;6;6199.0;6948.0;7534.0;7681.2;7724.0;7245.7;566.1
38;7;6;6148.0;6470.2;7266.0;7342.5;7554.0;6967.8;561.6
38;8;6;6351.0;6900.0;7476.0;7672.5;7873.0;7270.3;551.3
38;9;6;6162.0;6699.0;7064.5;7170.5;7233.0;6884.5;386.9
38;10;6;6440.0;6791.2;7717.0;7772.8;7789.0;7322.8;604.6
38;11;6;6216.0;6738.2;7212.5;7275.0;7317.0;6972.3;417.6
38;12;6;6109.0;6707.8;7549.0;7635.0;7660.0;7159.7;635.8
38;13;6;5862.0;7071.2;7588.0;7851.2;8203.0;7346.5;769.6
38;14;6;6485.0;6974.2;7431.0;7460.2;7640.0;7213.2;412.6
38;15;6;5979.0;6348.8;7090.0;7312.2;7332.0;6829.8;558.2
38;16;6;6267.0;6753.8;7428.5;7574.5;7899.0;7195.8;587.0
38;17;6;5772.0;5892.5;6472.0;7330.5;7452.0;6580.7;733.4
38;18;6;6288.0;6417.2;6920.0;7365.0;7507.0;6899.7;517.2
38;19;6;6004.0;6170.8;6805.0;7400.2;7747.0;6819.8;692.2
38;20;6;6066.0;6457.2;7111.5;7374.2;7748.0;6956.3;602.1
38;21;6;5101.0;6719.8;8019.5;8575.2;8718.0;7484.2;1327.0
38;22;6;5791.0;6103.8;7014.5;7712.2;7818.0;6897.2;851.0
38;23;6;5238.0;5578.0;6811.5;7592.0;7688.0;6594.7;1036.8
38;24;6;5403.0;6549.8;7496.0;8079.2;8191.0;7182.3;1031.9
38;25;6;5680.0;6642.8;7340.0;8127.2;8307.0;7244.5;967.6
38;26;6;5888.0;6132.2;7001.0;7845.0;7970.0;6971.5;918.8
38;27;6;5573.0;5952.8;6535.5;7067.2;7264.0;6485.2;637.7
38;28;6;5949.0;6118.5;6960.5;7546.0;7573.0;6837.0;724.6
38;29;6;5502.0;5851.8;6966.5;7797.8;8008.0;6833.0;1029.4
38;30;6;5195.0;5955.5;6605.5;7132.5;7414.0;6477.8;793.0
38;31;6;5289.0;5940.2;6755.0;7640.2;7699.0;6683.7;971.6
38;32;6;4932.0;5985.5;6453.5;6910.2;7296.0;6337.8;790.9
38;33;6;5443.0;6058.8;6685.0;7253.5;7282.0;6564.7;728.4
38;34;6;5018.0;5635.8;6529.0;7632.2;7746.0;6526.7;1114.6
38;35;6;4362.0;5874.2;6534.5;7109.2;7496.0;6313.7;1064.0
38;36;6;4607.0;5659.5;6944.5;8104.2;8253.0;6745.2;1422.8
38;37;6;5286.0;5883.2;6874.0;8068.8;8337.0;6898.5;1206.8
38;38;6;4992.0;5643.8;7081.0;8147.8;8228.0;6841.7;1363.9
38;39;6;4621.0;5275.2;6454.0;7368.8;7483.0;6261.3;1176.8
38;40;6;5204.0;5775.0;7099.5;7959.0;7995.0;6829.5;1177.9
38;41;6;5135.0;5870.2;6692.5;7697.0;7834.0;6663.7;1057.2
38;42;6;4055.0;5215.8;6483.5;7729.5;7969.0;6321.5;1485.3
38;43;6;5198.0;5470.8;6880.5;7640.8;7727.0;6596.8;1103.7
38;44;6;4272.0;5673.5;6299.5;6902.2;7139.0;6096.3;999.1
38;45;6;4632.0;5293.5;5821.5;6397.5;6644.0;5771.0;733.7
38;46;6;5172.0;5471.0;6173.0;6587.0;6593.0;6012.2;600.9
38;47;6;4156.0;5696.2;6108.5;6498.2;6575.0;5855.8;843.7
38;48;6;4366.0;4749.2;5396.0;6623.2;7147.0;5645.2;1084.9
38;49;6;4313.0;5738.0;5834.5;6726.8;7089.0;5966.8;928.0
38;50;6;4921.0;5157.8;5540.0;6790.8;7225.0;5910.7;931.1
38;51;6;4150.0;4765.5;5521.0;6312.5;6533.0;5469.2;899.8
38;52;6;4751.0;5100.5;6069.0;7087.8;7459.0;6092.2;1070.9
38;53;6;5254.0;5643.2;5827.0;6617.5;7022.0;6065.5;646.7
38;54;6;4735.0;5103.0;5591.5;6638.0;7203.0;5841.3;923.6
38;55;6;4955.0;5228.5;5593.0;6533.5;6879.0;5829.0;764.0
38;56;6;4531.0;4849.5;5340.0;6444.0;6824.0;5588.8;899.7
38;57;6;4316.0;5448.8;5909.5;6452.0;6682.0;5790.8;810.6
38;58;6;4046.0;4181.5;4916.0;6327.8;6783.0;5232.7;1144.3
38;59;6;4365.0;4763.0;5450.0;6168.5;6390.0;5432.8;789.8
38;60;6;4259.0;4941.2;5590.0;6475.8;6730.0;5610.8;915.1
38;61;6;4188.0;5008.8;5344.0;6355.0;6683.0;5524.7;898.2
38;62;6;4430.0;4718.5;5227.0;6473.5;6821.0;5523.8;965.9
38;63;6;4304.0;4933.2;5376.0;5963.5;6503.0;5417.3;740.3
38;64;6;4892.0;5126.2;5617.5;6270.0;6469.0;5674.3;623.0
38;65;6;3919.0;4381.2;5372.5;6453.8;6780.0;5384.8;1123.1
38;66;6;4478.0;5313.8;5746.5;6381.8;6622.0;5726.0;749.8
38;67;6;4290.0;4996.5;5255.0;6147.2;6474.0;5438.2;784.5
38;68;6;4024.0;5482.0;5859.0;6505.2;6695.0;5752.3;907.0
38;69;6;4436.0;4919.8;5461.0;6497.2;6962.0;5650.3;942.7
38;70;6;3840.0;4109.5;4506.0;5861.8;6316.0;4909.8;1019.2
38;71;6;3882.0;4868.0;5515.0;6448.5;7166.0;5581.7;1125.1
38;72;6;4608.0;5480.5;5736.5;6591.8;6939.0;5882.0;806.2
38;73;6;4042.0;4980.8;5148.0;6246.8;6696.0;5428.7;933.0
38;74;6;4695.0;5023.0;5466.5;6621.8;7268.0;5796.3;982.2
38;75;6;4640.0;4892.2;5330.0;6475.8;6966.0;5645.0;920.4
38;76;6;4833.0;5485.2;5716.5;6381.2;6972.0;5874.8;710.4
38;77;6;4845.0;5015.0;5570.5;6696.8;7022.0;5818.3;903.1
38;78;6;4235.0;4427.0;4528.0;4921.5;6871.0;4934.7;900.4
38;79;6;4678.0;4814.5;5126.5;5494.0;6769.0;5337.8;708.8
38;80;6;3542.0;3944.2;5156.5;5324.8;7004.0;4963.3;1177.7
38;81;6;4177.0;4431.0;5201.0;5689.8;7012.0;5269.7;970.4
38;82;6;4675.0;5042.8;5227.5;5950.8;6840.0;5523.8;748.1
38;83;6;4329.0;5086.8;5547.5;5844.0;6477.0;5462.8;682.3
38;84;6;4952.0;5318.8;5563.0;5805.8;6506.0;5618.0;488.9
38;85;6;4993.0;5165.8;5441.0;5530.2;6202.0;5451.8;391.4
38;86;6;3819.0;4571.5;4855.5;5153.0;5910.0;4861.5;640.9
38;87;6;4562.0;4733.8;5053.5;5507.5;6447.0;5233.7;643.5
38;88;6;4563.0;5100.0;5257.0;5399.0;6274.0;5307.5;512.1
38;89;6;4130.0;4896.2;5045.5;5236.8;6330.0;5116.3;653.4
38;90;6;4094.0;4284.8;4617.0;4811.2;6042.0;4736.7;641.5
38;91;6;4565.0;4638.8;4843.0;5189.0;6060.0;5031.0;517.6
38;92;6;4347.0;4572.8;4915.5;5064.8;6175.0;4987.7;592.5
38;93;6;4111.0;4655.5;4764.5;4884.0;5985.0;4861.3;563.1
38;94;6;4127.0;4296.5;4602.0;5090.5;6384.0;4860.5;768.1
38;95;6;3798.0;4096.8;4350.5;4870.5;6161.0;4619.3;787.7
38;96;6;3974.0;4321.8;4876.5;5115.5;6114.0;4862.2;700.0
38;97;6;4178.0;4217.0;4490.0;5199.5;6267.0;4831.2;763.7
38;98;6;4148.0;4297.5;4628.5;5144.8;5759.0;4778.0;574.9
38;99;6;3723.0;4773.5;5104.0;5388.8;6171.0;5041.5;746.8
39;0;6;6446.0;6900.0;7505.5;7633.2;7700.0;7255.2;486.9
39;1;6;6814.0;7293.5;7821.0;7951.8;8664.0;7705.5;600.6
39;2;6;6251.0;6876.0;7289.0;7455.2;7567.0;7107.5;461.9
39;3;6;6161.0;7055.5;7347.0;7430.8;7457.0;7121.5;460.5
39;4;6;6231.0;6497.0;7290.5;7391.8;7476.0;6991.0;532.3
39;5;6;6355.0;6866.5;7383.0;7463.0;7470.0;7129.2;435.2
39;6;6;5542.0;6666.2;7625.0;7752.8;7852.0;7131.0;873.9
39;7;6;6429.0;6864.8;7717.5;7953.8;8065.0;7423.7;656.8
39;8;6;5879.0;6823.8;7453.5;7703.0;8063.0;7208.2;736.7
39;9;6;5977.0;6443.0;7202.0;7249.2;7590.0;6904.3;595.6
39;10;6;6346.0;6796.5;7682.5;7778.8;7953.0;7329.3;641.0
39;11;6;6206.0;6916.8;7794.5;7945.5;7997.0;7402.0;705.1
39;12;6;5467.0;6604.0;6917.5;7229.5;7452.0;6764.5;655.0
39;13;6;5546.0;6455.2;7163.5;7232.0;7372.0;6786.5;668.1
39;14;6;5975.0;6909.0;7776.0;8055.8;8226.0;7420.3;828.5
39;15;6;6125.0;6747.0;7827.5;8060.5;8192.0;7416.2;825.6
39;16;6;6489.0;6884.2;8017.0;8055.5;8129.0;7537.8;732.6
39;17;6;6332.0;6453.8;7084.5;7657.5;7794.0;7064.5;633.4
39;18;6;5643.0;5790.2;6595.5;7416.5;7601.0;6607.8;824.1
39;19;6;6107.0;6657.0;7130.0;7644.2;7981.0;7110.5;656.8
39;20;6;5646.0;5765.8;6589.0;7375.5;7524.0;6579.5;833.8
39;21;6;6071.0;6364.5;7026.5;7531.0;7631.0;6933.0;629.1
39;22;6;5545.0;6290.0;7177.5;8039.5;8155.0;7062.7;1040.6
39;23;6;4945.0;6251.5;6960.5;7502.2;7565.0;6688.2;943.4
39;24;6;5592.0;6310.0;7170.5;7953.0;7997.0;7027.8;968.0
39;25;6;5600.0;5918.8;6537.0;7114.8;7318.0;6502.0;682.4
39;26;6;4894.0;5941.8;6898.5;7871.8;8057.0;6761.2;1202.0
39;27;6;5525.0;5923.0;6897.0;7745.0;7897.0;6807.0;1001.4
39;28;6;5283.0;6022.5;6821.5;7580.0;7740.0;6709.2;943.9
39;29;6;5707.0;5791.5;6991.0;7967.8;8270.0;6940.7;1135.1
39;30;6;4895.0;5933.5;6825.5;7465.5;7797.0;6609.7;1044.1
39;31;6;5087.0;5681.0;7158.0;8398.0;8455.0;6976.3;1447.9
39;32;6;5183.0;5734.8;6882.0;7544.8;7735.0;6633.3;1006.5
39;33;6;5218.0;5724.2;6778.0;7720.8;7806.0;6664.7;1070.2
39;34;6;4820.0;5775.0;6470.0;7044.2;7120.0;6276.5;858.1
39;35;6;5386.0;5829.5;6529.0;7400.2;7858.0;6598.2;923.0
39;36;6;5421.0;5595.5;6517.5;7078.8;7277.0;6381.2;783.6
39;37;6;4975.0;5385.5;6049.0;6869.2;7242.0;6103.7;871.5
39;38;6;4523.0;4651.8;5892.5;7152.8;7241.0;5893.3;1260.4
39;39;6;5074.0;5432.0;6081.0;6827.5;7042.0;6095.0;772.8
39;40;6;4673.0;5726.5;6463.5;7189.2;7257.0;6294.8;977.1
39;41;6;4147.0;5028.0;6276.0;6950.2;7015.0;5916.8;1132.2
39;42;6;4616.0;4793.0;5902.5;6805.0;6844.0;5799.0;1008.8
39;43;6;4822.0;5740.2;6131.5;6654.0;7567.0;6181.7;868.5
39;44;6;4578.0;5637.5;6187.5;6646.8;6788.0;5999.2;784.9
39;45;6;4857.0;5083.8;6102.0;6834.5;6878.0;5960.3;887.5
39;46;6;4623.0;5160.2;5786.0;6377.2;6447.0;5694.7;716.2
39;47;6;4815.0;5028.8;5773.5;6507.0;6600.0;5749.0;783.6
39;48;6;4071.0;4230.8;4880.5;5934.5;6247.0;5063.2;899.4
39;49;6;4099.0;4571.5;5132.0;5872.5;6600.0;5244.5;869.0
39;50;6;4458.0;4796.0;5232.5;5971.2;6321.0;5352.0;696.7
39;51;6;4482.0;4604.2;5068.5;6031.5;6358.0;5296.5;768.7
39;52;6;4200.0;4410.0;5112.5;6049.0;6359.0;5220.2;875.3
39;53;6;3569.0;4467.5;4680.5;5977.2;6611.0;5057.8;1091.3
39;54;6;4733.0;5082.5;5232.0;6224.5;6620.0;5567.5;731.3
39;55;6;4158.0;4483.8;4984.5;5988.5;6511.0;5213.0;904.3
39;56;6;4669.0;4943.8;5681.0;5998.2;6119.0;5492.0;596.3
39;57;6;3506.0;4647.5;5080.5;5744.5;5911.0;5007.8;838.3
39;58;6;4535.0;5531.2;5734.5;6334.5;6500.0;5750.3;668.6
39;59;6;5055.0;5387.2;5695.5;6324.8;6681.0;5824.3;588.3
39;60;6;4990.0;5091.2;5360.5;6400.8;6730.0;5698.3;735.0
39;61;6;4123.0;4577.0;4882.5;6003.2;6419.0;5193.2;885.6
39;62;6;4804.0;5148.2;5180.0;5784.0;6138.0;5404.2;483.8
39;63;6;4423.0;5131.0;5200.5;5722.2;6103.0;5321.8;550.1
39;64;6;4138.0;4239.2;4673.0;5501.2;6009.0;4894.2;729.5
39;65;6;4315.0;4726.0;5026.0;5701.8;5905.0;5137.5;591.8
39;66;6;4373.0;4666.2;5144.0;5764.2;6079.0;5203.0;649.2
39;67;6;4166.0;4824.8;4890.0;5628.0;6131.0;5125.7;669.9
39;68;6;3898.0;4500.2;4693.0;5482.8;5785.0;4875.2;674.6
39;69;6;4224.0;4755.2;4949.0;5715.8;5955.0;5123.2;633.7
39;70;6;3807.0;4649.2;4798.5;5647.5;5994.0;4988.0;761.1
39;71;6;4119.0;4440.8;4644.0;5549.2;5925.0;4926.0;692.2
39;72;6;3747.0;4622.8;4948.0;5397.8;5519.0;4870.7;610.5
39;73;6;4273.0;4773.0;5016.5;5714.5;5930.0;5145.8;606.6
39;74;6;3822.0;4449.2;4972.5;5641.2;5858.0;4960.7;738.9
39;75;6;3743.0;4720.0;4971.5;5485.5;5806.0;4964.2;676.4
39;76;6;4064.0;4078.0;4402.5;5660.8;6051.0;4828.3;868.3
39;77;6;4386.0;4964.5;5120.0;5624.2;5785.0;5186.0;487.8
39;78;6;4399.0;4424.5;4653.0;5110.2;5649.0;4827.5;465.1
39;79;6;3959.0;4303.5;4717.5;4968.0;5758.0;4728.2;584.2
39;80;6;3625.0;4484.0;4802.0;5090.8;5803.0;4766.2;668.0
39;81;6;3642.0;3910.8;4177.5;4682.0;5723.0;4398.7;699.1
39;82;6;3769.0;4238.5;4735.0;5052.2;5834.0;4717.3;670.6
39;83;6;4071.0;4354.8;4628.0;4747.5;5931.0;4718.2;592.2
39;84;6;4030.0;4599.0;4704.0;4788.8;5798.0;4769.5;525.5
39;85;6;3513.0;3772.2;4266.0;4811.5;5750.0;4399.3;767.2
39;86;6;3805.0;4200.8;4589.0;5071.0;5727.0;4668.8;645.8
39;87;6;3476.0;4090.5;4187.0;4500.2;5771.0;4380.7;703.0
39;88;6;4162.0;4431.8;4981.0;5233.2;5967.0;4942.8;610.7
39;89;6;4016.0;4360.8;4908.5;4974.8;5851.0;4809.8;600.2
39;90;6;4238.0;4337.0;4779.0;5272.0;5878.0;4883.3;597.1
39;91;6;3725.0;3818.0;4079.0;4490.0;5758.0;4333.2;700.8
39;92;6;3887.0;4173.2;4368.0;4610.8;5905.0;4554.7;651.7
39;93;6;4342.0;4691.2;5173.0;5277.5;5972.0;5083.8;530.9
39;94;6;3747.0;4336.5;4854.5;5194.0;6170.0;4849.5;772.5
39;95;6;4253.0;4327.8;4474.5;5360.8;6604.0;4956.8;869.7
39;96;6;4075.0;4143.0;4376.5;4858.2;6032.0;4657.3;686.1
39;97;6;4141.0;4351.8;4733.5;5032.8;5691.0;4776.0;525.3
39;98;6;4322.0;4438.5;4790.5;5009.8;5862.0;4861.5;519.0
39;99;6;3815.0;4188.8;5204.0;5314.0;5865.0;4881.5;765.7
40;0;6;5876.0;6724.8;7563.0;7641.5;7677.0;7132.0;706.9
40;1;6;6616.0;7041.2;7587.5;7606.5;7624.0;7314.5;413.3
40;2;6;5985.0;6486.8;7361.5;7594.2;7669.0;7040.7;678.2
40;3;6;6473.0;6761.5;7279.5;7415.8;7622.0;7117.3;431.7
40;4;6;6019.0;6773.0;7328.5;7547.2;7658.0;7090.3;589.4
40;5;6;6581.0;7112.0;7483.0;7974.0;8149.0;7470.3;562.0
40;6;6;6251.0;6667.5;7670.5;7735.2;7834.0;7252.7;681.3
40;7;6;5450.0;6733.0;7407.0;7513.2;7848.0;7028.2;811.9
40;8;6;6268.0;6543.8;7198.0;7275.5;7939.0;7038.3;578.4
40;9;6;6107.0;6500.0;7644.5;7964.8;8173.0;7293.2;851.0
40;10;6;6196.0;6530.5;7262.5;7389.2;7697.0;7022.7;569.5
40;11;6;5697.0;6442.0;7670.5;8292.2;8459.0;7338.2;1080.1
40;12;6;6198.0;6674.5;7637.5;7731.2;7772.0;7226.8;669.7
40;13;6;5948.0;6855.0;7552.5;7818.8;7965.0;7258.0;725.2
40;14;6;6099.0;6405.0;7018.5;7210.5;7334.0;6824.2;490.2
40;15;6;6098.0;6524.5;7171.5;7370.0;7474.0;6943.3;533.8
40;16;6;6107.0;6757.5;7333.5;7423.5;7727.0;7086.7;560.6
40;17;6;6294.0;6419.0;6963.5;7408.2;7462.0;6912.8;515.3
40;18;6;6176.0;6710.2;7141.5;7503.0;7598.0;7041.2;520.5
40;19;6;5627.0;6216.5;6918.5;7331.8;7464.0;6730.0;694.8
40;20;6;6051.0;6137.8;6673.5;7152.2;7344.0;6668.8;541.9
40;21;6;5717.0;5994.2;6868.5;7203.5;7340.0;6635.3;666.5
40;22;6;5843.0;6033.5;6480.5;6962.0;7248.0;6509.8;541.1
40;23;6;5690.0;6049.0;6599.5;7057.8;7347.0;6552.0;617.8
40;24;6;5739.0;5880.8;6925.5;8025.0;8119.0;6938.8;1078.9
40;25;6;5421.0;5590.5;6670.0;7356.5;7556.0;6522.2;913.8
40;26;6;4680.0;5643.2;6600.0;7431.5;7486.0;6399.8;1083.1
40;27;6;5409.0;5482.8;6789.0;7936.2;7979.0;6722.0;1224.6
40;28;6;4629.0;6078.0;6667.0;7341.5;7380.0;6465.2;994.5
40;29;6;5582.0;6308.2;7229.5;7586.0;7600.0;6891.2;793.3
40;30;6;4736.0;5347.2;6609.0;7249.0;7554.0;6316.2;1092.8
40;31;6;4757.0;5154.2;6472.0;7023.2;7063.0;6114.3;987.6
40;32;6;5999.0;6051.2;6624.5;7125.8;7153.0;6592.3;538.2
40;33;6;4792.0;4869.5;6011.0;7171.2;7432.0;6048.8;1206.0
40;34;6;5023.0;5562.5;6823.5;7588.8;7659.0;6552.5;1091.8
40;35;6;4440.0;5007.2;6512.5;7342.0;7369.0;6159.7;1245.5
40;36;6;4625.0;5458.2;6557.5;7357.5;7434.0;6315.0;1102.3
40;37;6;4639.0;5049.8;5818.5;6589.5;6753.0;5778.2;856.1
40;38;6;4541.0;5064.5;6260.5;6694.5;6794.0;5893.5;921.3
40;39;6;5527.0;5818.0;6318.0;6705.5;6766.0;6235.8;501.7
40;40;6;4248.0;4696.2;5746.5;6120.2;6243.0;5429.2;809.0
40;41;6;4261.0;4914.0;5741.0;6040.0;6100.0;5436.8;711.2
40;42;6;4239.0;4605.8;5864.0;6356.5;6458.0;5522.0;938.3
40;43;6;4910.0;4933.5;5453.5;5982.5;6008.0;5457.3;520.2
40;44;6;3864.0;4825.5;5679.0;6147.0;6229.0;5382.5;880.6
40;45;6;4057.0;4795.0;5488.5;5973.5;6013.0;5291.0;740.9
40;46;6;4033.0;4736.2;5691.5;6158.5;6168.0;5386.0;846.6
40;47;6;3627.0;4602.5;5404.0;5655.0;5701.0;5035.0;773.0
40;48;6;4002.0;4433.8;5283.0;5850.2;6146.0;5150.7;825.8
40;49;6;3646.0;4541.0;5144.5;5925.8;6181.0;5107.0;913.6
40;50;6;3908.0;4124.5;4996.5;5801.8;5995.0;4966.7;859.7
40;51;6;3896.0;4552.2;5049.5;5728.2;6007.0;5057.2;764.2
40;52;6;4325.0;4455.8;4766.0;5739.2;6046.0;5053.2;720.4
40;53;6;3639.0;3895.0;4514.5;5517.2;6280.0;4748.0;985.2
40;54;6;3742.0;3923.2;4169.5;5606.0;6179.0;4697.7;1010.3
40;55;6;4437.0;4525.2;5173.0;5943.8;6097.0;5231.7;713.5
40;56;6;3806.0;5035.0;5426.5;5896.8;6007.0;5270.7;754.8
40;57;6;4174.0;4295.8;4617.0;5773.0;6218.0;4995.5;843.1
40;58;6;3585.0;3828.8;4146.5;5484.2;6089.0;4603.3;1003.7
40;59;6;3921.0;4661.8;4974.5;5921.0;6246.0;5151.7;839.6
40;60;6;4082.0;4522.5;4777.0;5849.8;6216.0;5082.8;818.0
40;61;6;3894.0;4970.8;5100.0;5789.5;6011.0;5175.3;715.6
40;62;6;3821.0;4296.0;5369.0;5791.0;6047.0;5079.3;875.8
40;63;6;4143.0;4527.2;4554.5;5531.2;5848.0;4912.5;676.9
40;64;6;4510.0;4600.2;4767.0;5615.5;5925.0;5068.7;602.3
40;65;6;3814.0;4488.2;5034.5;5637.0;5775.0;4967.0;715.5
40;66;6;4124.0;4373.0;5169.0;5767.0;5978.0;5085.7;744.0
40;67;6;3847.0;4524.0;5105.0;5643.2;5833.0;5007.2;720.8
40;68;6;3765.0;3917.2;4147.0;5335.2;5693.0;4554.0;816.1
40;69;6;3559.0;4532.8;4794.5;5630.0;5835.0;4889.5;797.0
40;70;6;4511.0;4999.5;5261.5;5798.8;5967.0;5315.2;524.0
40;71;6;3981.0;4179.8;4630.0;5607.5;5854.0;4843.0;766.5
40;72;6;3896.0;4544.8;4818.0;5563.8;5924.0;4953.7;707.2
40;73;6;4434.0;4646.5;4947.0;5509.2;5661.0;5038.7;479.6
40;74;6;3558.0;3821.2;4468.5;5595.0;5778.0;4641.5;931.1
40;75;6;3727.0;4120.2;4570.0;5544.8;5813.0;4753.3;809.0
40;76;6;3748.0;4533.8;4892.0;5381.5;5637.0;4854.7;643.4
40;77;6;3640.0;3812.5;4414.5;5456.0;5696.0;4596.7;858.6
40;78;6;3621.0;3983.8;4532.5;5402.2;5646.0;4637.5;791.7
40;79;6;3835.0;4228.0;5126.0;5513.2;5645.0;4883.8;732.6
40;80;6;3901.0;4236.5;4562.5;4734.8;5862.0;4634.7;621.8
40;81;6;3791.0;4251.2;4311.5;5066.2;5885.0;4641.3;716.6
40;82;6;3912.0;3997.0;4038.0;4873.2;5759.0;4480.3;712.4
40;83;6;3522.0;4284.8;4639.0;5041.2;5582.0;4620.7;662.5
40;84;6;3940.0;4261.5;4672.0;4944.5;5740.0;4697.3;586.6
40;85;6;4006.0;4082.2;4713.5;5158.8;5776.0;4731.3;666.9
40;86;6;3911.0;4005.5;4108.0;4860.0;5715.0;4487.3;680.5
40;87;6;3548.0;3866.2;4053.5;4315.0;5632.0;4248.8;670.0
40;88;6;3951.0;4053.5;4312.5;4798.8;5863.0;4561.2;669.7
40;89;6;3524.0;3889.0;4010.0;4878.0;5800.0;4393.3;804.8
40;90;6;3590.0;3739.8;3769.0;4195.8;5750.0;4157.7;749.0
40;91;6;3739.0;3970.0;4169.0;5034.8;5761.0;4510.8;747.1
40;92;6;3754.0;4199.0;4557.5;5030.8;5598.0;4622.5;620.1
40;93;6;3579.0;3637.2;4011.5;4454.8;5683.0;4233.3;735.1
40;94;6;3523.0;3561.8;3708.0;3785.2;5544.0;3967.8;712.4
40;95;6;3689.0;3780.0;4139.0;4858.8;5624.0;4391.7;716.3
40;96;6;3639.0;4220.2;4305.0;4676.2;5610.0;4475.2;607.8
40;97;6;3668.0;3884.0;4581.0;5146.0;5496.0;4552.0;708.0
40;98;6;3637.0;3690.2;3720.0;4576.2;5480.0;4183.2;719.9
40;99;6;3641.0;3993.2;4379.5;5038.8;5578.0;4516.8;685.0
41;0;6;6548.0;7157.0;7576.0;7620.0;7783.0;7355.8;431.5
41;1;6;5697.0;6713.8;7431.0;7448.5;7933.0;7070.2;750.9
41;2;6;6263.0;6839.5;7428.0;7454.0;7564.0;7131.5;494.0
41;3;6;6084.0;6722.2;7664.0;7939.0;8056.0;7317.8;767.4
41;4;6;5842.0;6583.2;7257.5;7506.5;7705.0;7001.7;669.5
41;5;6;6583.0;6812.2;7221.5;7602.2;7800.0;7205.2;457.3
41;6;6;6080.0;6782.2;7602.0;7662.8;7804.0;7213.3;664.0
41;7;6;6222.0;6625.0;7376.0;7413.0;7473.0;7041.2;524.5
41;8;6;5989.0;6596.5;7517.5;7712.5;7803.0;7149.0;715.5
41;9;6;6472.0;7100.8;7509.0;7610.5;7716.0;7302.5;442.6
41;10;6;6150.0;6804.5;7559.5;7602.0;7635.0;7178.8;597.1
41;11;6;6523.0;6770.5;7366.0;7415.5;7458.0;7119.5;405.0
41;12;6;5979.0;6705.5;7255.5;7361.5;7637.0;7007.7;568.7
41;13;6;5951.0;7030.2;7600.0;7766.2;7808.0;7270.2;669.5
41;14;6;6216.0;6779.2;7498.0;7511.0;7580.0;7141.2;548.1
41;15;6;5668.0;6896.5;7376.5;7516.0;7744.0;7077.3;700.0
41;16;6;6274.0;6763.0;7499.5;7684.8;7967.0;7250.7;624.4
41;17;6;6101.0;6466.2;6926.0;7354.2;7376.0;6856.5;513.7
41;18;6;6073.0;6179.8;6676.0;6959.2;7251.0;6624.0;454.2
41;19;6;5645.0;6021.8;6651.0;7320.8;7496.0;6633.2;718.2
41;20;6;5507.0;6279.0;6808.5;7259.2;7543.0;6696.5;712.8
41;21;6;5906.0;6424.2;6814.5;7207.0;7248.0;6735.8;513.8
41;22;6;5961.0;6171.2;6732.5;7051.5;7123.0;6615.2;475.9
41;23;6;5395.0;6150.5;6718.5;7082.5;7226.0;6537.2;654.6
41;24;6;5835.0;5953.8;6417.5;6926.2;7579.0;6524.0;636.2
41;25;6;5816.0;5894.0;6794.5;7638.0;7784.0;6783.7;887.9
41;26;6;5251.0;6221.5;7099.0;7814.5;7893.0;6887.3;998.7
41;27;6;5735.0;6398.5;7092.5;7390.5;7411.0;6831.3;641.8
41;28;6;6215.0;6698.5;7174.0;7822.0;8007.0;7191.3;675.5
41;29;6;5961.0;6091.5;6961.5;7492.5;8014.0;6894.8;802.5
41;30;6;5146.0;5809.2;6861.5;7993.2;8203.0;6816.8;1198.4
41;31;6;5290.0;6237.8;7127.0;7685.5;7765.0;6853.7;926.6
41;32;6;4432.0;5851.0;7194.0;7640.8;7829.0;6640.3;1256.3
41;33;6;5195.0;5696.0;6731.0;6992.0;7423.0;6418.3;830.4
41;34;6;4989.0;6057.2;7051.0;7942.0;8067.0;6853.8;1184.4
41;35;6;5020.0;5619.8;6786.5;7360.8;7686.0;6510.3;1026.5
41;36;6;5186.0;6244.2;6679.0;7193.2;7339.0;6557.8;754.6
41;37;6;4150.0;5875.0;6563.0;6876.8;6892.0;6132.5;979.6
41;38;6;4341.0;4782.8;5656.0;6497.0;6570.0;5582.0;926.3
41;39;6;4781.0;5517.0;6260.5;6675.5;6740.0;6020.8;740.4
41;40;6;5177.0;5367.8;6257.0;6855.2;7608.0;6237.5;908.2
41;41;6;4640.0;5661.5;6332.0;6939.5;7000.0;6147.3;878.5
41;42;6;4118.0;5720.0;6185.0;6693.5;7006.0;5987.0;967.8
41;43;6;4525.0;5207.0;6360.0;7210.0;7270.0;6138.5;1111.1
41;44;6;4952.0;5009.8;5828.5;6701.2;6821.0;5859.8;860.7
41;45;6;4475.0;5009.5;5981.0;6551.2;6812.0;5779.3;894.7
41;46;6;4263.0;4749.8;5612.0;6215.5;6625.0;5498.5;878.6
41;47;6;4948.0;5149.5;5997.5;6698.5;6771.0;5918.8;796.3
41;48;6;4322.0;4970.0;5182.5;6000.2;6499.0;5393.0;754.2
41;49;6;4851.0;5382.5;5531.0;6064.2;6299.0;5631.2;499.8
41;50;6;3953.0;4663.0;4910.0;6018.0;6360.0;5183.5;888.8
41;51;6;4347.0;4624.5;5403.0;6166.5;6384.0;5387.2;822.2
41;52;6;4446.0;4917.2;5524.0;6329.5;6610.0;5569.5;824.8
41;53;6;4650.0;5184.5;5635.0;6387.8;6603.0;5699.3;723.1
41;54;6;3821.0;4285.0;5665.5;6080.8;6381.0;5262.8;1044.3
41;55;6;4447.0;5137.0;5575.5;6270.5;6509.0;5600.0;733.7
41;56;6;3960.0;5100.0;5282.0;5854.0;6042.0;5275.0;697.7
41;57;6;4356.0;4691.5;5350.0;6197.5;6339.0;5391.2;812.7
41;58;6;4479.0;5369.5;5570.5;6250.0;6532.0;5655.2;694.9
41;59;6;3771.0;4805.8;5110.5;5941.0;6415.0;5221.5;884.9
41;60;6;4616.0;5128.2;5623.5;6106.0;6252.0;5557.5;598.5
41;61;6;4292.0;4846.5;5222.5;6050.8;6228.0;5335.5;724.6
41;62;6;3889.0;4284.8;4957.5;5808.0;6030.0;4997.7;834.3
41;63;6;4101.0;4664.8;5049.5;6012.5;6346.0;5236.0;832.5
41;64;6;4403.0;4567.8;4733.5;5845.8;6256.0;5142.5;769.3
41;65;6;4199.0;4775.0;5117.0;6051.5;6334.0;5298.5;789.8
41;66;6;4947.0;5056.5;5268.0;5826.0;6096.0;5429.5;449.7
41;67;6;3618.0;4223.5;4898.0;6004.5;6377.0;5027.2;1035.2
41;68;6;3863.0;4341.8;4709.0;5626.8;5880.0;4885.5;763.1
41;69;6;4389.0;4546.8;4673.0;5673.0;5998.0;5040.7;678.1
41;70;6;3740.0;4120.8;4219.5;5354.0;5750.0;4624.8;799.1
41;71;6;4220.0;4411.8;4999.0;5561.5;5728.0;4985.2;605.5
41;72;6;3786.0;3953.5;4595.0;5593.5;5760.0;4733.7;840.2
41;73;6;3606.0;4160.5;4515.0;5406.5;5691.0;4678.8;771.3
41;74;6;4071.0;4701.2;4893.0;5455.2;5664.0;4966.8;556.7
41;75;6;4000.0;4472.0;4733.0;5300.0;5502.0;4807.0;536.8
41;76;6;4230.0;4546.8;5062.5;5586.5;5716.0;5034.5;574.5
41;77;6;3663.0;4100.5;4698.5;5529.0;5709.0;4746.0;812.3
41;78;6;4290.0;4485.5;4733.0;5341.2;5567.0;4878.3;504.9
41;79;6;3837.0;4090.5;4585.0;5405.8;5592.0;4700.7;704.2
41;80;6;3760.0;4318.8;4685.0;4925.2;5634.0;4661.0;587.5
41;81;6;4014.0;4116.0;4570.0;4877.8;5631.0;4621.7;567.6
41;82;6;3996.0;4156.8;4599.5;4944.8;6006.0;4711.7;679.7
41;83;6;3631.0;4195.8;4657.5;5065.2;5858.0;4674.5;727.2
41;84;6;4492.0;4620.2;4865.5;4944.2;5588.0;4886.7;357.7
41;85;6;3637.0;4183.0;4497.0;4628.0;5485.0;4477.7;563.0
41;86;6;3817.0;4022.0;4392.0;4943.5;6179.0;4634.3;807.6
41;87;6;3865.0;4004.8;4464.5;5178.5;5790.0;4642.0;722.7
41;88;6;4284.0;4392.0;4555.0;4594.2;5903.0;4707.0;547.6
41;89;6;4107.0;4446.5;4797.5;4886.0;5637.0;4764.0;481.7
41;90;6;3487.0;4176.8;4345.5;4911.0;5773.0;4528.5;728.7
41;91;6;3825.0;4425.2;4899.0;5162.8;5507.0;4774.7;568.7
41;92;6;3710.0;3898.2;4382.5;5012.2;5605.0;4506.5;691.2
41;93;6;3575.0;3837.0;4347.0;4641.8;5453.0;4354.8;630.4
41;94;6;4112.0;4701.5;4887.0;5041.8;5549.0;4861.3;436.2
41;95;6;3682.0;4199.8;4709.0;4793.0;5422.0;4562.2;561.3
41;96;6;3815.0;4060.2;4232.0;4475.0;5410.0;4374.7;514.7
41;97;6;3475.0;4140.8;4444.5;4866.8;5423.0;4472.3;627.5
41;98;6;3718.0;3922.5;4635.5;4834.8;5481.0;4509.3;627.4
41;99;6;3661.0;3926.0;4083.5;4559.8;5496.0;4319.3;612.6
42;0;6;6523.0;6958.0;7485.5;7556.2;7664.0;7253.3;433.4
42;1;6;6395.0;6848.8;7782.5;7802.8;8002.0;7384.8;654.0
42;2;6;6229.0;6677.8;7549.0;7557.0;7610.0;7147.3;595.3
42;3;6;5936.0;7016.5;7337.5;7384.8;7489.0;7068.3;537.7
42;4;6;5905.0;6353.0;7438.5;7608.2;7629.0;7011.2;743.4
42;5;6;6263.0;6507.8;7223.0;7385.5;7544.0;6993.7;524.5
42;6;6;6267.0;6754.5;7322.0;7411.8;7765.0;7113.8;518.2
42;7;6;6414.0;7547.8;7938.0;8032.0;8058.0;7638.2;587.6
42;8;6;6289.0;6735.8;7709.5;7818.5;7832.0;7301.0;666.5
42;9;6;6670.0;6891.2;7463.5;7538.5;7638.0;7249.8;402.6
42;10;6;6066.0;7006.0;7642.0;7768.0;7834.0;7298.0;649.8
42;11;6;6333.0;6908.5;7370.5;7580.5;7747.0;7204.3;496.3
42;12;6;6562.0;6936.2;7535.5;7753.8;8054.0;7375.0;543.4
42;13;6;6640.0;7140.2;7708.5;7764.5;8024.0;7469.2;492.9
42;14;6;5850.0;6636.2;7535.5;7838.5;7862.0;7176.5;779.7
42;15;6;6072.0;6430.0;7082.0;7407.8;7635.0;6933.3;584.9
42;16;6;6423.0;6681.2;7379.0;7707.0;7796.0;7207.0;558.8
42;17;6;6428.0;6727.2;7417.0;7864.5;8010.0;7297.2;629.6
42;18;6;6059.0;6244.2;6851.5;7554.0;7605.0;6866.2;682.0
42;19;6;6389.0;6436.0;6889.5;7573.2;7803.0;7009.5;592.4
42;20;6;5391.0;5941.0;6773.5;7221.2;7471.0;6573.8;774.8
42;21;6;5648.0;6128.8;6936.0;7969.0;8208.0;6983.5;1025.8
42;22;6;5823.0;6215.5;6942.0;7820.0;8213.0;7001.0;907.1
42;23;6;5850.0;6422.0;7341.0;7931.5;7986.0;7127.0;860.3
42;24;6;6274.0;6535.2;7120.5;7676.5;7881.0;7099.7;649.4
42;25;6;5929.0;6200.2;6911.0;7381.8;7482.0;6789.2;639.8
42;26;6;6131.0;6699.0;7653.5;8192.5;8522.0;7452.2;898.6
42;27;6;5918.0;6004.2;6930.0;7798.0;8005.0;6927.7;941.6
42;28;6;5413.0;6297.5;7215.0;7882.0;7936.0;6979.2;973.0
42;29;6;5708.0;6102.8;6963.5;7789.8;7864.0;6896.7;908.7
42;30;6;5241.0;6158.0;7570.0;8130.0;8257.0;7107.0;1182.4
42;31;6;5385.0;5761.8;6670.0;7135.0;7660.0;6522.3;835.1
42;32;6;5109.0;5354.2;6580.0;7269.5;7824.0;6423.0;1073.2
42;33;6;6252.0;6423.8;7061.5;7681.2;7755.0;7038.2;644.0
42;34;6;4781.0;5086.2;5935.0;6702.8;7411.0;5970.7;998.3
42;35;6;5374.0;6556.8;7151.0;7949.2;8059.0;7051.5;965.6
42;36;6;4148.0;4950.5;6078.5;7101.5;7708.0;6005.0;1315.2
42;37;6;5152.0;5216.2;6175.0;7191.5;7610.0;6256.5;1068.5
42;38;6;5451.0;5924.8;6554.0;7129.2;7477.0;6512.0;756.8
42;39;6;4165.0;5430.5;6567.0;7398.2;7706.0;6288.7;1278.0
42;40;6;5210.0;5553.8;6816.0;7974.0;8164.0;6749.8;1242.1
42;41;6;4370.0;5418.8;7186.5;7839.8;8006.0;6606.0;1439.0
42;42;6;5101.0;5865.0;6814.5;7567.5;7754.0;6641.8;1023.5
42;43;6;4868.0;5401.5;6409.5;7187.2;7467.0;6277.7;1017.8
42;44;6;4466.0;5122.2;5813.0;6199.2;6349.0;5610.2;693.5
42;45;6;3880.0;4748.0;5689.5;6416.5;6656.0;5501.3;1038.5
42;46;6;5165.0;5478.5;6115.5;6661.8;7316.0;6137.0;762.4
42;47;6;4946.0;5054.2;6191.0;7154.5;7392.0;6145.2;1083.6
42;48;6;4535.0;4851.2;5172.5;6502.5;6900.0;5578.3;960.1
42;49;6;5219.0;5346.5;5453.0;6349.2;7061.0;5857.5;719.3
42;50;6;4599.0;4891.5;5200.0;6693.5;7169.0;5691.3;1064.9
42;51;6;4509.0;5084.2;5321.0;7169.5;7722.0;5944.0;1289.1
42;52;6;4183.0;5194.8;5390.5;6436.8;7081.0;5660.0;981.3
42;53;6;4853.0;4922.8;5268.0;5898.2;6217.0;5420.3;548.4
42;54;6;4635.0;4993.0;5205.5;6450.0;6845.0;5613.0;887.2
42;55;6;4679.0;4851.5;5220.0;5875.8;6270.0;5368.7;604.8
42;56;6;4279.0;4659.2;4816.5;5674.2;6173.0;5108.7;697.2
42;57;6;4405.0;5099.5;5846.0;6770.2;7021.0;5841.2;976.7
42;58;6;4812.0;5002.8;5209.5;5828.0;6286.0;5414.2;549.4
42;59;6;4284.0;4667.8;4941.0;5560.0;5850.0;5059.8;568.8
42;60;6;3820.0;4277.2;4754.5;5459.8;5685.0;4804.5;705.2
42;61;6;4484.0;4845.8;5049.0;5494.5;5668.0;5111.8;422.6
42;62;6;4119.0;4659.8;4901.0;5641.8;5941.0;5055.0;661.8
42;63;6;4491.0;4586.2;4770.0;5269.5;5392.0;4897.3;372.6
42;64;6;4401.0;4767.2;4845.5;5299.5;5438.0;4953.7;373.6
42;65;6;4457.0;4518.5;4574.5;4815.8;4924.0;4654.3;183.8
42;66;6;3900.0;4197.0;4425.5;4827.2;5145.0;4496.3;430.5
42;67;6;4375.0;4568.2;4672.0;5126.8;5258.0;4798.2;340.4
42;68;6;3927.0;4496.0;4565.0;4933.2;5059.0;4607.5;381.8
42;69;6;3928.0;4233.5;4373.0;4795.2;4915.0;4452.0;360.4
42;70;6;4330.0;4363.0;4427.5;5104.0;5559.0;4735.8;503.1
42;71;6;4113.0;4477.8;4518.5;4711.5;4787.0;4529.5;224.2
42;72;6;3860.0;4154.8;4418.0;4969.2;5201.0;4519.5;495.8
42;73;6;4040.0;4112.2;4446.0;4887.0;5005.0;4495.3;398.6
42;74;6;4045.0;4401.2;4532.0;4833.8;4926.0;4554.5;307.6
42;75;6;3980.0;4519.0;4580.5;4775.5;4906.0;4564.3;298.8
42;76;6;4195.0;4313.5;4571.5;5045.5;5286.0;4675.8;420.9
42;77;6;4138.0;4320.0;4522.0;4941.5;5212.0;4621.3;390.8
42;78;6;4189.0;4477.0;4622.0;5156.2;5536.0;4788.7;476.4
42;79;6;4198.0;4337.8;4626.0;5040.2;5200.0;4678.3;391.4
42;80;6;4227.0;4456.5;4481.5;4612.2;4920.0;4535.7;211.8
42;81;6;3710.0;3978.2;4378.5;4546.2;5373.0;4381.2;540.9
42;82;6;3743.0;4182.5;4658.5;4905.0;5441.0;4585.3;561.4
42;83;6;4385.0;4568.5;4704.0;4861.2;5300.0;4755.0;292.0
42;84;6;4440.0;4518.2;4609.5;4757.8;5505.0;4743.2;358.8
42;85;6;3879.0;4142.8;4637.5;4817.2;5106.0;4519.2;442.6
42;86;6;3953.0;4323.2;4508.0;4575.8;5136.0;4494.2;357.0
42;87;6;4276.0;4534.8;4663.5;4760.0;5144.0;4671.8;265.3
42;88;6;4268.0;4387.2;4455.0;4652.5;5349.0;4601.7;359.7
42;89;6;4298.0;5009.2;5153.5;5234.8;5722.0;5091.7;423.5
42;90;6;4198.0;4337.8;4653.5;4727.0;5157.0;4607.7;322.1
42;91;6;3560.0;3704.0;3888.0;4373.5;5160.0;4112.3;557.3
42;92;6;3903.0;4445.8;4558.5;5121.2;5705.0;4740.3;591.1
42;93;6;4190.0;4407.2;4664.5;4893.2;5256.0;4677.7;357.4
42;94;6;4326.0;4481.5;4643.0;4771.5;5314.0;4694.7;317.9
42;95;6;4515.0;4727.5;4832.5;4891.8;5260.0;4840.7;226.6
42;96;6;3898.0;3999.8;4366.0;4630.2;5082.0;4384.7;420.2
42;97;6;3780.0;3971.0;4195.5;4390.8;4884.0;4234.5;360.4
42;98;6;4406.0;4505.8;4707.0;4949.5;5425.0;4785.7;350.5
42;99;6;4194.0;4322.8;4381.5;4567.8;4943.0;4472.2;246.4
43;0;6;5949.0;6478.8;7348.0;7518.2;7924.0;7055.5;718.1
43;1;6;6615.0;6833.5;7261.0;7297.0;7398.0;7089.2;311.3
43;2;6;6103.0;6650.0;7365.5;7532.8;7598.0;7072.0;582.3
43;3;6;5695.0;6544.2;6982.5;7049.5;7492.0;6770.3;576.7
43;4;6;6723.0;6946.2;7511.0;7790.8;7940.0;7387.8;478.9
43;5;6;6175.0;6774.8;7242.0;7555.5;7755.0;7115.5;550.3
43;6;6;6227.0;6938.8;7382.5;7541.2;7610.0;7164.5;498.9
43;7;6;6564.0;7032.0;8207.0;8314.8;8414.0;7730.5;794.3
43;8;6;6644.0;6921.5;7738.0;8374.5;8555.0;7651.8;769.8
43;9;6;6538.0;6980.2;7883.5;8338.2;8576.0;7675.0;790.8
43;10;6;6394.0;7003.5;7753.0;8078.0;8179.0;7503.2;684.4
43;11;6;5941.0;6383.8;7472.0;7888.2;7960.0;7148.8;833.8
43;12;6;6292.0;6638.8;7185.5;7292.0;7457.0;6984.0;437.4
43;13;6;6588.0;6786.0;7536.5;7839.2;8049.0;7364.3;586.8
43;14;6;5700.0;6630.5;7869.0;8069.5;8216.0;7334.7;979.0
43;15;6;6093.0;6741.5;7475.5;7844.2;7982.0;7248.3;702.8
43;16;6;6525.0;7048.0;7830.0;7934.8;8087.0;7504.8;608.9
43;17;6;5977.0;6835.2;7353.0;7900.8;8185.0;7269.0;779.5
43;18;6;6369.0;6503.8;7107.0;7612.8;7780.0;7074.5;590.8
43;19;6;6161.0;6624.5;7227.5;7856.8;7925.0;7171.8;718.3
43;20;6;5879.0;6522.2;7104.5;7440.8;7457.0;6904.3;598.2
43;21;6;5765.0;5874.5;6750.0;7504.8;7816.0;6736.7;859.0
43;22;6;5773.0;6101.2;6734.0;7081.0;7605.0;6655.5;648.1
43;23;6;5458.0;6486.0;7125.5;7691.5;7791.0;6942.2;847.6
43;24;6;6642.0;6688.5;7008.0;7486.5;7572.0;7076.3;401.5
43;25;6;5659.0;5794.5;6844.5;7658.2;7759.0;6746.8;937.6
43;26;6;5403.0;6002.8;6645.5;7437.5;7516.0;6616.7;833.3
43;27;6;5021.0;6307.8;7273.5;7997.8;8025.0;6969.7;1133.0
43;28;6;4962.0;5538.2;6611.5;7745.5;7893.0;6563.7;1219.5
43;29;6;5426.0;5935.2;6371.0;7217.0;7483.0;6490.0;766.2
43;30;6;5976.0;6074.2;6600.5;7159.0;7178.0;6599.8;558.2
43;31;6;4609.0;5528.2;6798.0;7602.8;7721.0;6483.7;1222.5
43;32;6;5909.0;6116.0;6931.5;7510.8;8047.0;6894.5;817.4
43;33;6;4911.0;5482.5;6966.5;7697.5;7881.0;6609.0;1209.6
43;34;6;5976.0;6030.8;6715.5;7575.8;7695.0;6794.5;772.1
43;35;6;4723.0;5330.8;6245.0;7092.5;7502.0;6186.0;1071.2
43;36;6;4559.0;6140.0;6844.0;7329.8;7384.0;6504.7;1006.8
43;37;6;5656.0;5890.5;6902.0;7702.8;7741.0;6787.3;934.1
43;38;6;4111.0;5340.2;6422.5;7201.8;7496.0;6148.8;1240.3
43;39;6;4975.0;5534.8;6700.5;7648.0;7716.0;6533.7;1141.7
43;40;6;3991.0;5134.0;5917.5;6656.8;6922.0;5754.0;1050.3
43;41;6;4203.0;5417.2;6525.0;7064.2;7122.0;6111.2;1100.0
43;42;6;4654.0;5086.5;5899.0;6770.0;7010.0;5889.7;918.5
43;43;6;4867.0;5185.8;5725.5;6094.2;6287.0;5638.0;542.9
43;44;6;3836.0;4891.0;5906.0;6452.2;6742.0;5596.2;1047.7
43;45;6;5168.0;5339.5;6068.5;6512.5;6665.0;5954.5;618.6
43;46;6;3947.0;4381.5;5597.5;6344.0;6529.0;5373.3;1058.8
43;47;6;4934.0;5046.5;5482.5;5964.2;6156.0;5513.5;509.0
43;48;6;5005.0;5077.8;5142.5;5821.5;6050.0;5407.3;454.9
43;49;6;3823.0;4323.2;5350.0;6220.0;6510.0;5254.0;1059.2
43;50;6;3912.0;4320.0;5040.0;5987.2;6339.0;5119.0;937.1
43;51;6;4270.0;4690.2;5025.0;5978.5;6490.0;5280.8;826.6
43;52;6;4350.0;4788.8;5120.0;6313.0;6723.0;5450.3;926.3
43;53;6;4424.0;5294.8;5438.0;5945.0;6108.0;5461.5;567.1
43;54;6;4025.0;4673.5;4960.0;5838.2;6220.0;5145.7;787.2
43;55;6;3778.0;4693.0;5574.0;5979.5;6127.0;5261.2;876.0
43;56;6;4193.0;4645.5;4815.5;5922.2;6365.0;5178.2;832.2
43;57;6;3449.0;4070.5;4553.5;5859.2;6162.0;4820.3;1045.8
43;58;6;4467.0;4884.8;5514.5;5885.5;6020.0;5366.7;592.5
43;59;6;3761.0;4129.5;4556.5;5442.5;5785.0;4730.7;766.9
43;60;6;3752.0;4397.5;5002.5;5521.2;5819.0;4911.0;742.3
43;61;6;3805.0;4161.8;4638.0;5753.2;5988.0;4866.2;878.8
43;62;6;3713.0;4309.8;4841.0;5599.5;5853.0;4872.2;790.9
43;63;6;5017.0;5164.0;5224.0;5701.0;5948.0;5402.8;359.9
43;64;6;4386.0;4722.2;4912.0;5596.8;5796.0;5081.7;534.7
43;65;6;4249.0;4434.0;4631.0;5338.8;5643.0;4849.5;543.9
43;66;6;3535.0;4049.8;4341.5;5386.2;5727.0;4605.3;831.4
43;67;6;4022.0;4669.0;4897.5;5540.8;5692.0;4976.2;595.1
43;68;6;4745.0;4922.0;5005.0;5367.8;5494.0;5105.3;285.0
43;69;6;3791.0;4372.5;4734.5;5319.2;5550.0;4762.7;621.8
43;70;6;3846.0;4221.0;4808.5;5348.8;5448.0;4744.2;623.8
43;71;6;3652.0;4251.0;4588.0;5219.8;5389.0;4631.0;623.9
43;72;6;4364.0;4758.2;4835.5;5212.0;5397.0;4917.0;353.9
43;73;6;3752.0;4583.5;4812.5;5232.8;5403.0;4776.7;554.1
43;74;6;3647.0;3906.2;4113.0;5149.2;5526.0;4455.2;759.1
43;75;6;4241.0;4632.5;4666.5;5182.8;5417.0;4827.8;418.8
43;76;6;4426.0;4535.0;4655.5;5080.5;5215.0;4778.2;319.6
43;77;6;4460.0;4635.0;4788.5;5347.8;5522.0;4946.2;421.4
43;78;6;4539.0;4672.2;4888.5;5236.8;5470.0;4956.5;343.7
43;79;6;4209.0;4428.5;4696.0;5440.5;5741.0;4895.0;600.4
43;80;6;4122.0;4366.5;4571.0;4790.5;5682.0;4684.7;502.4
43;81;6;3791.0;4052.5;4497.5;4920.0;5553.0;4550.7;606.1
43;82;6;3661.0;4597.0;4920.0;5113.2;5479.0;4774.5;577.3
43;83;6;4541.0;4706.8;4812.5;4937.0;5520.0;4889.3;312.5
43;84;6;4496.0;4751.0;4910.0;5030.8;5477.0;4927.0;305.3
43;85;6;3502.0;4569.8;4713.5;4716.2;5325.0;4582.2;543.9
43;86;6;4609.0;4751.0;4823.0;4934.0;5670.0;4937.2;345.2
43;87;6;4335.0;4544.0;4843.5;5098.0;5564.0;4868.8;413.4
43;88;6;3417.0;3686.5;4152.5;4848.0;5499.0;4305.3;746.2
43;89;6;3992.0;4367.5;4651.5;5021.8;5536.0;4708.2;509.8
43;90;6;4342.0;4681.0;4825.0;5124.2;5681.0;4921.7;428.5
43;91;6;3476.0;4280.0;4534.0;5079.8;5835.0;4639.3;745.7
43;92;6;4288.0;4350.0;4385.0;4653.2;5661.0;4633.3;482.4
43;93;6;4377.0;4642.5;4751.0;5036.5;5678.0;4882.5;418.2
43;94;6;4601.0;4683.8;4893.0;4930.5;5715.0;4943.2;370.0
43;95;6;4382.0;4679.2;4946.5;5174.8;5801.0;4986.2;455.6
43;96;6;3752.0;4219.5;4724.0;5182.8;5982.0;4761.5;744.9
43;97;6;4279.0;4547.8;4718.5;4805.2;5936.0;4829.5;526.8
43;98;6;4487.0;4624.5;4677.0;4875.0;5512.0;4816.8;339.3
43;99;6;3854.0;4215.2;4436.5;4726.0;5419.0;4518.3;496.5
44;0;6;5516.0;6511.0;7305.0;7412.8;7523.0;6890.7;748.1
44;1;6;6338.0;6812.8;7619.5;7715.2;7917.0;7297.5;611.9
44;2;6;6081.0;6660.8;7290.0;7374.0;7403.0;6986.2;519.9
44;3;6;6075.0;6471.2;7116.0;7229.8;7402.0;6872.2;506.0
44;4;6;5767.0;6814.5;7216.0;7518.5;7754.0;7042.2;659.9
44;5;6;5874.0;6369.5;7298.0;7359.5;7381.0;6881.8;646.8
44;6;6;6344.0;6888.5;7445.5;7479.0;7499.0;7154.5;457.4
44;7;6;6315.0;6799.2;7515.0;7541.5;7724.0;7196.7;543.5
44;8;6;5764.0;6932.8;7792.0;7867.5;7991.0;7313.0;822.5
44;9;6;6748.0;7005.8;7975.5;8280.8;8370.0;7689.0;690.8
44;10;6;5715.0;6453.5;7504.5;7651.0;7787.0;7052.3;813.5
44;11;6;5019.0;6642.2;7721.5;7808.5;8346.0;7154.7;1140.1
44;12;6;5740.0;6709.8;7298.0;7321.5;7430.0;6934.8;614.5
44;13;6;5973.0;6632.8;7354.0;7462.5;7680.0;7042.0;623.5
44;14;6;5937.0;7064.8;7517.5;7740.0;7842.0;7257.0;661.4
44;15;6;6035.0;6445.5;7294.5;7431.0;7694.0;6992.8;645.3
44;16;6;5913.0;6646.5;7295.5;7473.5;7724.0;7031.8;636.2
44;17;6;5930.0;6264.5;6846.5;7227.5;7309.0;6726.2;548.6
44;18;6;6200.0;6246.2;7035.5;7801.5;7840.0;7025.2;772.8
44;19;6;5822.0;6101.8;6666.0;7411.0;7616.0;6723.8;722.2
44;20;6;5618.0;6015.8;7019.5;7371.5;7491.0;6719.7;764.6
44;21;6;6270.0;6335.8;6839.0;7600.2;7725.0;6949.2;635.3
44;22;6;5680.0;6238.5;6792.0;7196.2;7447.0;6682.7;635.1
44;23;6;6059.0;6136.5;6533.0;6917.5;6968.0;6523.8;410.3
44;24;6;5981.0;6027.2;6631.5;7271.0;7388.0;6657.0;643.2
44;25;6;5939.0;6176.8;6987.0;7627.0;7925.0;6930.8;804.8
44;26;6;5336.0;5922.5;6698.0;7101.5;7202.0;6472.3;716.7
44;27;6;5681.0;6053.0;6538.5;6946.0;7118.0;6474.8;547.4
44;28;6;5997.0;6218.5;6605.0;6948.8;6975.0;6555.8;406.5
44;29;6;5473.0;6121.2;6689.5;7367.2;7465.0;6640.3;751.3
44;30;6;5709.0;5834.0;6389.5;6916.5;7347.0;6429.3;632.2
44;31;6;5031.0;5899.5;6467.0;6952.0;6980.0;6294.8;730.7
44;32;6;5281.0;5776.8;6412.0;7242.2;7344.0;6422.2;830.0
44;33;6;5150.0;6165.0;6574.0;7298.0;7489.0;6559.2;814.3
44;34;6;5049.0;5482.5;6502.0;7124.8;7350.0;6313.0;911.1
44;35;6;5141.0;5803.2;6746.5;7362.0;7638.0;6554.7;936.0
44;36;6;4198.0;4594.2;6542.5;7372.5;7530.0;6067.8;1446.3
44;37;6;5273.0;5769.2;6506.5;7114.8;7413.0;6423.3;803.8
44;38;6;5139.0;5433.2;6414.0;7072.2;7242.0;6267.8;877.7
44;39;6;5103.0;5504.0;6209.5;7021.5;7263.0;6224.3;841.6
44;40;6;5187.0;5448.5;6698.5;7581.0;7724.0;6535.8;1093.1
44;41;6;4301.0;5022.0;6142.5;6652.5;7500.0;5926.2;1111.4
44;42;6;4463.0;5019.8;5466.5;5717.5;6082.0;5358.3;538.4
44;43;6;4697.0;5465.8;6057.0;6659.5;6707.0;5941.2;767.5
44;44;6;5180.0;5668.2;6302.0;6912.5;7043.0;6233.3;733.4
44;45;6;4688.0;4860.0;5755.0;6593.8;6789.0;5737.0;921.8
44;46;6;4822.0;5271.0;5654.5;6442.2;6682.0;5776.8;696.7
44;47;6;4681.0;4921.2;5842.0;6347.2;6387.0;5647.0;738.0
44;48;6;4293.0;4640.8;4740.5;5507.8;5811.0;4992.7;574.4
44;49;6;4869.0;5099.2;5151.0;5883.0;6530.0;5485.0;614.1
44;50;6;4556.0;4855.5;5197.5;5598.0;5767.0;5198.5;451.7
44;51;6;4230.0;4718.2;5012.0;5577.2;6009.0;5108.2;608.0
44;52;6;3989.0;4591.0;4852.5;5268.5;5476.0;4846.8;503.8
44;53;6;3929.0;4308.5;4888.5;5434.8;5689.0;4854.5;657.1
44;54;6;4007.0;4818.2;4963.5;5347.2;5463.0;4940.3;489.5
44;55;6;4077.0;4302.5;4774.5;5200.8;5673.0;4797.8;574.2
44;56;6;4968.0;5049.2;5167.0;5505.2;5747.0;5279.5;293.2
44;57;6;4183.0;4365.8;4938.0;5424.0;5591.0;4901.8;571.2
44;58;6;4626.0;4803.5;4959.0;5297.5;5446.0;5025.3;302.0
44;59;6;4269.0;4489.2;4706.0;5174.8;5304.0;4788.8;397.5
44;60;6;4103.0;4715.2;5223.0;5656.5;5790.0;5114.3;610.5
44;61;6;4108.0;4440.8;4704.5;5147.5;5235.0;4733.3;422.7
44;62;6;3704.0;4301.8;4398.5;4951.2;5162.0;4511.3;502.8
44;63;6;4303.0;4630.8;4704.5;4950.0;5028.0;4729.7;249.5
44;64;6;3894.0;4129.2;4431.0;4842.2;4989.0;4458.8;415.5
44;65;6;3901.0;4473.0;4590.0;4923.0;5018.0;4594.5;379.1
44;66;6;3800.0;4364.8;4469.0;4731.5;4805.0;4448.7;338.6
44;67;6;4391.0;4460.5;4534.5;4800.5;4945.0;4621.7;214.9
44;68;6;3492.0;3994.5;4397.0;4658.5;4752.0;4274.0;455.5
44;69;6;3768.0;3951.0;4150.0;4694.0;4911.0;4289.8;442.9
44;70;6;4028.0;4367.8;4494.0;5088.2;5295.0;4653.8;475.6
44;71;6;3983.0;4107.8;4296.0;4765.5;4872.0;4402.3;361.7
44;72;6;4306.0;4384.8;4514.0;4824.8;4979.0;4597.2;259.8
44;73;6;3853.0;4238.8;4352.0;4719.5;4841.0;4406.8;345.4
44;74;6;3959.0;4058.8;4351.0;4744.5;4875.0;4395.5;367.2
44;75;6;4066.0;4247.0;4661.5;4966.5;5095.0;4610.2;400.2
44;76;6;3764.0;3998.8;4362.5;4648.2;4917.0;4337.8;416.0
44;77;6;3592.0;3678.8;4115.0;4603.8;4764.0;4147.7;478.8
44;78;6;3891.0;4050.8;4442.5;4882.2;5038.0;4460.5;458.1
44;79;6;3600.0;4184.0;4314.0;4443.2;5080.0;4322.5;438.2
44;80;6;3564.0;3953.5;4317.5;4524.8;4927.0;4258.7;450.6
44;81;6;3813.0;4140.2;4515.0;4615.2;4922.0;4404.8;372.6
44;82;6;3807.0;3920.8;4018.0;4236.0;4862.0;4150.3;352.5
44;83;6;3752.0;3901.2;4141.0;4307.2;4827.0;4174.2;354.1
44;84;6;3544.0;3844.2;4119.5;4562.8;5064.0;4218.3;520.2
44;85;6;4429.0;4479.0;4606.5;4796.2;6452.0;4898.3;708.3
44;86;6;3606.0;4548.2;4658.5;4912.0;6566.0;4832.8;884.8
44;87;6;3136.0;3587.5;4215.0;4770.5;5604.0;4250.7;838.0
44;88;6;3733.0;3759.2;4083.5;4381.5;4985.0;4169.5;457.6
44;89;6;3892.0;4150.5;4349.5;4606.2;6236.0;4600.5;770.5
44;90;6;3771.0;3877.0;4091.0;4401.0;5025.0;4214.7;430.3
44;91;6;3897.0;4106.2;4335.5;4441.0;5276.0;4391.7;439.9
44;92;6;3829.0;4270.0;4489.5;4985.8;5406.0;4593.7;530.6
44;93;6;3834.0;3878.0;4240.0;4586.2;5018.0;4298.5;446.5
44;94;6;3652.0;3764.2;4044.0;4366.5;4967.0;4142.0;456.8
44;95;6;3382.0;3710.8;4026.5;4301.0;4675.0;4018.0;435.9
44;96;6;3462.0;4003.2;4078.0;4330.5;4940.0;4158.5;448.0
44;97;6;3605.0;3709.2;4069.0;4262.2;4656.0;4052.5;373.4
44;98;6;3432.0;3939.0;4169.0;4242.2;4642.0;4090.2;370.9
44;99;6;3648.0;4026.2;4211.0;4285.5;4551.0;4149.3;281.5
45;0;6;6748.0;7162.0;7510.5;7699.2;7876.0;7408.8;393.5
45;1;6;6363.0;7069.5;7618.0;7815.5;8080.0;7407.8;589.8
45;2;6;6733.0;7009.5;7948.5;8224.5;8244.0;7647.8;657.5
45;3;6;6043.0;6673.5;7279.0;7517.0;7627.0;7049.3;581.4
45;4;6;6544.0;6967.8;7638.0;7816.2;7847.0;7381.2;524.1
45;5;6;6265.0;6521.8;7145.5;7345.5;7636.0;6986.3;520.3
45;6;6;6690.0;7018.2;7694.0;7733.0;7830.0;7407.8;473.6
45;7;6;6271.0;6584.5;7153.0;7273.8;7877.0;7027.2;546.0
45;8;6;6161.0;6621.0;7702.0;7795.2;8178.0;7305.0;787.8
45;9;6;6613.0;7018.8;7877.0;8361.0;8437.0;7676.5;738.7
45;10;6;6437.0;6966.8;7470.5;7684.8;7918.0;7308.5;516.1
45;11;6;5768.0;6372.8;7217.0;7394.5;7421.0;6861.3;662.9
45;12;6;6347.0;6766.0;7488.5;7737.8;7980.0;7275.0;615.6
45;13;6;6343.0;6943.5;7490.5;7608.5;7647.0;7230.0;494.2
45;14;6;5852.0;6120.5;7057.0;7424.2;7755.0;6846.0;744.1
45;15;6;6039.0;6426.0;7104.5;7153.8;7259.0;6812.8;495.2
45;16;6;5532.0;6459.8;6976.0;7120.2;7178.0;6686.3;594.6
45;17;6;6116.0;6416.0;7076.0;7619.8;7762.0;7004.5;658.2
45;18;6;5901.0;6222.2;6754.0;7066.0;7688.0;6718.7;612.2
45;19;6;5844.0;6167.2;7098.5;7649.5;7915.0;6941.0;827.3
45;20;6;6091.0;6359.2;6956.0;7812.2;8128.0;7064.8;802.5
45;21;6;5761.0;5960.0;6724.0;7298.2;7431.0;6639.2;700.6
45;22;6;6232.0;6326.5;7357.0;8392.0;8448.0;7352.3;1057.0
45;23;6;5169.0;5761.2;6711.5;8198.8;8645.0;6896.0;1356.0
45;24;6;5411.0;5537.5;6757.0;7774.0;7789.0;6659.7;1121.1
45;25;6;5905.0;6033.2;7075.5;8054.0;8320.0;7073.7;1032.1
45;26;6;5486.0;5667.5;6460.5;7813.8;8393.0;6744.7;1177.9
45;27;6;5741.0;6103.2;6646.5;7023.2;7136.0;6540.2;531.6
45;28;6;5942.0;6140.8;6799.0;7488.0;7704.0;6813.8;713.8
45;29;6;5775.0;6011.5;6734.0;7548.0;7714.0;6757.8;806.9
45;30;6;5825.0;5889.2;6449.5;6910.0;6984.0;6412.3;518.3
45;31;6;5409.0;6068.5;6885.0;7658.8;7770.0;6777.0;939.0
45;32;6;5796.0;6033.8;6468.0;7200.8;7538.0;6600.7;673.4
45;33;6;5695.0;5869.0;6860.5;7827.2;7872.0;6829.3;1014.3
45;34;6;5217.0;5651.8;6091.0;6712.5;6922.0;6124.3;637.7
45;35;6;5554.0;5937.5;7243.0;7824.8;7956.0;6919.5;1008.5
45;36;6;4921.0;6244.8;6911.5;7495.8;7893.0;6725.0;1010.5
45;37;6;4725.0;5877.8;6865.5;7676.2;7897.0;6641.3;1176.2
45;38;6;5064.0;5202.0;6276.0;6955.5;6968.0;6101.7;874.5
45;39;6;5220.0;5570.5;6782.0;7959.0;8130.0;6738.7;1273.3
45;40;6;4904.0;5361.2;6379.5;7280.0;7640.0;6317.5;1101.5
45;41;6;5270.0;5699.8;6516.0;7192.0;7473.0;6436.7;869.5
45;42;6;4698.0;4936.2;6082.5;7273.0;7506.0;6098.8;1212.3
45;43;6;5203.0;5991.2;6802.0;7597.8;7617.0;6668.0;970.0
45;44;6;4825.0;4980.0;5663.0;6133.8;6371.0;5594.2;624.8
45;45;6;4399.0;4597.8;5253.5;5674.5;5754.0;5142.3;564.3
45;46;6;4093.0;4624.8;5380.0;6358.0;6934.0;5474.0;1065.9
45;47;6;4759.0;4975.2;6253.0;7395.8;7789.0;6230.0;1300.2
45;48;6;4646.0;4935.2;5580.5;6206.2;6475.0;5569.5;715.2
45;49;6;4027.0;4946.8;5195.0;6417.5;6790.0;5482.7;1001.2
45;50;6;4713.0;5208.5;5283.5;6206.8;6619.0;5599.5;710.2
45;51;6;4415.0;5180.0;5827.5;6656.5;6900.0;5811.2;910.0
45;52;6;4335.0;4789.5;5172.5;6178.8;6615.0;5411.8;861.0
45;53;6;4656.0;4877.5;5129.5;6034.0;6273.0;5386.2;656.4
45;54;6;4588.0;4941.2;5321.0;6360.0;6595.0;5557.7;798.7
45;55;6;3975.0;4720.0;5238.5;6312.8;6996.0;5444.3;1072.8
45;56;6;4471.0;4861.0;5396.0;6468.0;6736.0;5584.5;892.8
45;57;6;4418.0;4670.8;5367.0;6212.5;6819.0;5484.0;899.0
45;58;6;4331.0;4694.2;5249.5;6125.0;6395.0;5358.5;803.2
45;59;6;4526.0;4755.8;5279.5;6656.8;7065.0;5641.2;1049.4
45;60;6;4746.0;5090.2;5274.0;6087.0;6375.0;5509.3;625.2
45;61;6;4473.0;4988.0;5187.5;6021.5;6304.0;5395.5;683.2
45;62;6;4675.0;4692.8;5124.5;5873.5;5999.0;5265.8;594.8
45;63;6;4301.0;4526.8;5118.5;6098.0;6367.0;5276.5;835.6
45;64;6;4462.0;4713.8;5263.0;5870.0;6028.0;5269.8;619.0
45;65;6;4038.0;4777.0;5346.0;5835.5;6044.0;5226.7;717.2
45;66;6;4032.0;4962.0;5347.0;6077.8;6237.0;5353.0;781.6
45;67;6;4197.0;4688.2;5229.5;6039.2;6193.0;5277.7;768.5
45;68;6;4577.0;4620.5;4836.0;5814.2;6115.0;5175.5;671.3
45;69;6;4204.0;4650.2;5024.0;5724.0;6018.0;5125.5;661.4
45;70;6;3938.0;4274.8;5210.0;5780.8;6111.0;5067.2;858.1
45;71;6;4054.0;4439.0;4742.0;5501.8;5734.0;4894.2;638.7
45;72;6;3744.0;4511.2;4883.5;6069.5;6640.0;5167.2;1035.7
45;73;6;4505.0;4736.2;4987.5;5786.2;6007.0;5198.7;599.5
45;74;6;3819.0;4212.8;4799.5;5544.5;5814.0;4840.3;771.7
45;75;6;4282.0;4438.0;4936.0;5694.2;5927.0;5050.0;670.4
45;76;6;3824.0;4090.0;4526.0;5632.5;5904.0;4787.7;845.2
45;77;6;3715.0;4415.8;5052.0;5743.0;6011.0;5001.2;837.7
45;78;6;3619.0;4429.5;4946.5;5612.0;5953.0;4926.0;819.5
45;79;6;3744.0;4003.8;4590.0;5577.5;5785.0;4737.3;831.5
45;80;6;4045.0;4302.8;4666.0;4945.2;6050.0;4774.5;654.4
45;81;6;4697.0;4774.2;4923.5;5048.8;5860.0;5036.5;390.6
45;82;6;4225.0;4513.2;4928.5;5390.2;5862.0;4977.2;579.2
45;83;6;3424.0;3739.2;4115.5;4806.8;5821.0;4354.5;829.3
45;84;6;4324.0;4464.0;4539.0;4551.0;6067.0;4743.8;597.1
45;85;6;3868.0;4138.8;4461.5;4590.0;5731.0;4531.0;597.0
45;86;6;4019.0;4503.0;4549.5;4699.5;6031.0;4731.0;621.9
45;87;6;4460.0;4659.5;4734.5;4919.0;5799.0;4890.5;433.8
45;88;6;4158.0;4672.5;4952.0;5422.8;5805.0;5004.3;552.0
45;89;6;3810.0;4097.2;4772.0;4967.5;5544.0;4633.8;607.9
45;90;6;3943.0;4300.2;4483.5;4575.2;5768.0;4587.2;569.4
45;91;6;3959.0;4375.2;4621.5;4777.8;5784.0;4684.8;563.8
45;92;6;3708.0;4079.2;4743.5;5311.8;5752.0;4717.7;743.3
45;93;6;3565.0;4385.2;5053.0;5307.5;5875.0;4850.2;764.2
45;94;6;3763.0;4369.0;4933.0;5130.2;5489.0;4749.2;588.6
45;95;6;4190.0;4402.2;4668.0;4944.2;5508.0;4730.7;437.4
45;96;6;3685.0;4440.8;4663.5;4967.2;5616.0;4677.2;591.1
45;97;6;3226.0;3475.8;4153.0;4840.8;5612.0;4244.0;859.2
45;98;6;3477.0;3688.5;4073.0;4557.2;5822.0;4287.3;796.9
45;99;6;3701.0;4038.2;4415.5;4773.2;6179.0;4586.0;808.1
46;0;6;6426.0;6793.0;7323.5;7845.8;8021.0;7288.3;606.3
46;1;6;5858.0;6726.2;7435.0;7551.2;7611.0;7069.8;655.9
46;2;6;5785.0;6605.0;7297.5;7447.0;7748.0;6999.8;683.9
46;3;6;5950.0;6456.0;7570.0;7704.5;7739.0;7110.5;767.2
46;4;6;6452.0;7136.8;7794.5;7964.0;8183.0;7527.0;619.3
46;5;6;6351.0;6585.5;7336.5;7677.2;7862.0;7168.7;611.3
46;6;6;6391.0;6683.2;7276.5;7353.8;7408.0;7036.2;425.3
46;7;6;6366.0;6891.2;7519.0;7846.8;8210.0;7375.3;653.8
46;8;6;5494.0;6746.8;7025.0;7105.2;7235.0;6760.8;593.0
46;9;6;6004.0;6547.0;7422.5;7678.5;7872.0;7123.3;724.0
46;10;6;6033.0;6617.2;7544.5;7726.2;7886.0;7183.8;728.4
46;11;6;6061.0;6714.2;7236.5;7362.0;7419.0;6982.8;503.3
46;12;6;6030.0;6617.0;7126.5;7218.2;7483.0;6910.3;501.2
46;13;6;6013.0;6444.2;7143.0;7275.5;7347.0;6862.8;536.5
46;14;6;5907.0;6378.0;7347.5;7783.8;7907.0;7082.2;805.5
46;15;6;5849.0;6233.8;7356.0;7486.0;7643.0;6932.2;765.1
46;16;6;6365.0;7045.8;7709.0;7722.0;7876.0;7368.3;565.4
46;17;6;5933.0;6831.0;7435.5;8031.8;8067.0;7288.5;809.2
46;18;6;5961.0;6012.0;6719.5;7440.5;7535.0;6732.0;728.3
46;19;6;6426.0;6589.8;7064.0;7581.8;7809.0;7091.5;547.2
46;20;6;5912.0;6043.8;6887.5;8066.5;8326.0;7039.2;1049.4
46;21;6;4983.0;5490.5;7044.5;7328.8;7553.0;6503.5;1073.2
46;22;6;5900.0;6461.0;6974.5;7611.8;7975.0;6989.7;749.0
46;23;6;5426.0;5871.2;7160.0;7828.5;7945.0;6864.0;1042.5
46;24;6;5983.0;6069.2;6860.0;7606.5;7929.0;6882.2;819.9
46;25;6;6172.0;6438.2;7327.5;7871.8;7982.0;7167.3;755.4
46;26;6;6142.0;6484.0;7343.5;7888.8;7962.0;7176.5;757.9
46;27;6;4761.0;5714.5;6879.5;7425.0;7840.0;6548.8;1116.8
46;28;6;6188.0;6307.0;7190.0;8086.5;8470.0;7239.3;944.1
46;29;6;5879.0;6116.2;7091.0;7802.5;7961.0;6975.5;889.1
46;30;6;6194.0;6365.0;6720.5;7241.0;7310.0;6767.7;464.0
46;31;6;5538.0;5765.8;6509.5;6960.0;7026.0;6368.5;631.4
46;32;6;5587.0;6252.5;6784.5;7304.5;7398.0;6684.5;667.6
46;33;6;4547.0;5724.0;6543.0;7559.2;7686.0;6444.7;1167.4
46;34;6;5876.0;6333.5;7529.5;8313.8;8433.0;7313.0;1067.4
46;35;6;5774.0;5909.2;6664.0;7397.8;7661.0;6677.2;807.5
46;36;6;5526.0;5709.8;6541.0;7387.2;7461.0;6528.5;867.1
46;37;6;5774.0;5807.8;6511.5;7159.0;7432.0;6529.5;724.5
46;38;6;4702.0;5114.5;6598.0;7598.5;7860.0;6385.0;1321.0
46;39;6;5772.0;5807.2;6487.0;7250.8;7287.0;6519.8;725.3
46;40;6;5530.0;6014.5;7179.0;7790.0;7978.0;6914.3;986.2
46;41;6;4181.0;6177.5;6529.0;7045.5;7125.0;6273.7;1012.6
46;42;6;5975.0;5989.2;6328.5;6793.8;6914.0;6395.2;416.0
46;43;6;5146.0;5991.2;6934.5;7428.5;7743.0;6671.3;942.5
46;44;6;4422.0;5586.2;6058.5;6872.0;7094.0;6034.2;932.4
46;45;6;4927.0;5884.5;6742.5;7816.5;7983.0;6694.7;1166.5
46;46;6;5115.0;5351.5;6309.5;7086.8;7171.0;6213.8;902.8
46;47;6;4905.0;5332.0;6389.0;7443.8;7477.0;6322.5;1141.2
46;48;6;4375.0;5331.5;5633.0;6797.0;7175.0;5872.0;1001.4
46;49;6;5353.0;5409.2;5593.5;6616.2;6981.0;5971.0;701.7
46;50;6;4854.0;5073.0;5402.5;6621.5;7042.0;5782.0;893.4
46;51;6;4694.0;5363.0;5771.5;6876.0;7257.0;5994.2;953.6
46;52;6;4809.0;5023.5;5713.0;6870.5;7195.0;5913.3;975.4
46;53;6;4553.0;4619.8;4737.0;6321.2;6929.0;5397.7;1054.0
46;54;6;4943.0;5086.0;5548.5;6749.0;7124.0;5874.2;904.8
46;55;6;5054.0;5206.0;5621.5;6623.5;6928.0;5875.0;770.2
46;56;6;4687.0;4806.2;5372.0;6662.2;6926.0;5677.8;966.9
46;57;6;4691.0;4987.2;5290.5;6442.0;6954.0;5656.3;894.5
46;58;6;3886.0;5202.5;5317.5;6748.8;7216.0;5687.8;1181.4
46;59;6;4690.0;4822.2;5021.0;6266.8;6655.0;5470.8;842.4
46;60;6;4450.0;4805.8;5890.0;6645.8;6885.0;5742.8;987.2
46;61;6;4956.0;5304.0;5785.0;6746.8;7126.0;5977.2;845.5
46;62;6;4289.0;4827.5;5605.0;6729.0;6967.0;5689.7;1044.5
46;63;6;4959.0;5072.5;5510.5;6436.0;6820.0;5745.2;754.6
46;64;6;4545.0;4781.8;5399.0;6276.5;6663.0;5525.2;825.0
46;65;6;5191.0;5557.5;5911.0;6848.0;7153.0;6127.7;757.5
46;66;6;4832.0;5315.0;5405.0;6185.0;6450.0;5637.0;597.8
46;67;6;4226.0;4531.0;5250.5;6192.8;6374.0;5316.5;876.0
46;68;6;3853.0;4546.8;4731.0;5893.2;6397.0;5079.7;930.3
46;69;6;4626.0;4793.5;5019.5;6001.5;6514.0;5371.0;749.9
46;70;6;4102.0;4491.2;5007.5;6063.8;6471.0;5220.5;921.0
46;71;6;4571.0;4850.8;5410.0;6556.5;7314.0;5718.0;1032.6
46;72;6;4454.0;4755.5;5515.5;6321.2;6663.0;5540.0;868.9
46;73;6;4723.0;5405.2;5656.5;6267.8;6605.0;5739.0;645.1
46;74;6;4164.0;4874.2;5024.0;6093.2;6671.0;5359.5;891.9
46;75;6;4020.0;4579.8;4840.5;6266.8;6743.0;5279.8;1069.4
46;76;6;4112.0;5071.5;5241.0;6009.8;6252.0;5354.5;735.4
46;77;6;3948.0;4371.0;4915.5;6226.5;6646.0;5213.0;1056.4
46;78;6;4404.0;4907.2;5221.0;6013.2;6367.0;5382.2;709.5
46;79;6;3851.0;4652.5;5261.5;6476.5;6889.0;5432.3;1132.4
46;80;6;4139.0;4973.0;5118.5;5549.0;6663.0;5276.0;767.4
46;81;6;4311.0;4615.0;4783.0;5197.0;6468.0;5039.8;709.4
46;82;6;3984.0;4427.8;5021.5;5459.2;6319.0;5030.2;783.7
46;83;6;4320.0;4363.2;4544.0;4812.5;6747.0;4893.3;850.5
46;84;6;3612.0;4205.5;4813.0;5342.5;6165.0;4820.8;861.3
46;85;6;4070.0;4506.5;4948.0;5248.5;6223.0;4982.8;690.5
46;86;6;4345.0;4636.2;4733.5;5053.5;6526.0;5017.0;716.5
46;87;6;4819.0;4906.2;5037.5;5749.2;6575.0;5386.3;654.9
46;88;6;4065.0;4668.8;5271.0;5644.5;6333.0;5196.2;750.1
46;89;6;4160.0;4845.8;5007.0;5369.2;6761.0;5202.8;797.8
46;90;6;4522.0;4620.5;4861.0;5133.8;6292.0;5050.2;603.6
46;91;6;3757.0;4165.8;5068.0;5458.8;6955.0;5050.3;1073.6
46;92;6;4383.0;4524.8;4981.0;5576.0;6624.0;5186.0;786.5
46;93;6;3679.0;4186.2;4726.5;5119.8;7035.0;4904.0;1078.7
46;94;6;4402.0;4797.0;5129.0;5562.2;6901.0;5325.7;812.7
46;95;6;4495.0;4935.5;5174.5;5559.8;6321.0;5284.8;582.2
46;96;6;4340.0;4846.5;5042.5;5224.2;6419.0;5151.7;639.3
46;97;6;3916.0;4013.5;4668.5;5486.2;6540.0;4891.2;978.5
46;98;6;4040.0;5043.8;5265.0;5392.5;6984.0;5326.5;870.6
46;99;6;4070.0;4190.8;4356.0;4675.0;6236.0;4655.8;741.1
47;0;6;6174.0;6746.0;7340.5;7407.0;7465.0;7049.5;500.7
47;1;6;6542.0;6823.2;7307.5;7317.8;7537.0;7112.8;371.5
47;2;6;6366.0;6863.2;7953.0;8072.2;8129.0;7502.2;756.8
47;3;6;6109.0;6551.8;7447.5;7534.0;7658.0;7079.7;634.6
47;4;6;6670.0;7130.5;8007.0;8186.8;8312.0;7680.2;654.1
47;5;6;6489.0;6997.0;7640.5;7896.2;7964.0;7416.3;566.1
47;6;6;5789.0;6243.5;7521.5;7753.2;7772.0;7042.0;866.2
47;7;6;6142.0;6796.8;7470.0;7479.5;7734.0;7145.2;578.1
47;8;6;6357.0;6876.8;7371.0;7541.2;7857.0;7211.0;510.8
47;9;6;6122.0;6668.2;7181.5;7337.8;7466.0;6973.0;489.5
47;10;6;6564.0;6909.2;7612.0;7773.2;8161.0;7408.5;586.0
47;11;6;5921.0;6609.5;7320.5;7494.5;7759.0;7041.0;654.3
47;12;6;5848.0;6474.5;7563.5;7697.0;7774.0;7100.3;792.9
47;13;6;6140.0;6484.5;7539.5;7909.0;8298.0;7280.3;840.3
47;14;6;6298.0;6552.5;7228.5;7336.8;7414.0;6978.2;475.0
47;15;6;5861.0;6530.2;7027.5;7246.5;7462.0;6843.7;555.0
47;16;6;6123.0;6700.5;7743.5;7929.2;8044.0;7333.0;773.0
47;17;6;6114.0;6500.2;7130.5;7700.0;7772.0;7054.5;680.3
47;18;6;6082.0;6841.8;7629.5;8394.0;8451.0;7503.3;920.2
47;19;6;6289.0;6356.8;6994.0;7599.0;7688.0;6985.0;635.2
47;20;6;5776.0;6129.2;6884.0;7601.2;7829.0;6848.5;805.4
47;21;6;5792.0;6415.5;7332.5;7876.0;8055.0;7113.2;871.9
47;22;6;6085.0;6443.5;7097.0;7685.2;7931.0;7052.8;714.8
47;23;6;5883.0;6603.2;7575.5;7993.5;8061.0;7251.2;848.6
47;24;6;5447.0;5707.2;6674.0;7477.2;7526.0;6575.2;922.0
47;25;6;5908.0;6578.8;7459.0;7963.5;8221.0;7244.0;856.6
47;26;6;5270.0;6106.8;6961.0;7288.8;7664.0;6679.3;840.9
47;27;6;5611.0;6513.5;7381.5;8052.2;8137.0;7168.5;968.5
47;28;6;5332.0;5678.8;6522.0;7129.8;7443.0;6424.8;821.5
47;29;6;5671.0;6053.8;6903.0;7686.2;7967.0;6860.3;923.4
47;30;6;5188.0;5579.2;6557.5;7493.8;7573.0;6489.2;1036.1
47;31;6;4525.0;5572.8;6703.5;7364.8;7622.0;6389.2;1137.4
47;32;6;5120.0;5315.0;6119.5;6710.2;7689.0;6167.0;935.9
47;33;6;4354.0;5374.5;6651.0;7323.8;7499.0;6275.3;1193.1
47;34;6;5437.0;5845.5;6370.0;7022.0;7129.0;6369.3;671.5
47;35;6;4926.0;5638.5;6093.5;6474.2;6834.0;6005.8;639.7
47;36;6;5294.0;5515.5;6052.0;6578.0;6791.0;6046.5;600.4
47;37;6;4934.0;5861.2;6686.0;7033.0;7088.0;6354.8;803.6
47;38;6;3811.0;4876.5;6101.0;6973.0;7200.0;5824.2;1288.5
47;39;6;5229.0;5493.2;6273.5;6799.5;6928.0;6152.0;701.3
47;40;6;4801.0;5170.2;6082.0;6853.5;6881.0;5970.5;894.8
47;41;6;3875.0;4770.2;6327.5;7080.8;7208.0;5886.8;1324.3
47;42;6;5283.0;5576.8;6208.5;6972.2;7152.0;6240.8;764.3
47;43;6;5400.0;5589.5;6531.5;7176.5;7221.0;6391.8;810.6
47;44;6;4060.0;4923.8;6172.0;7448.8;7791.0;6096.2;1471.8
47;45;6;3936.0;4766.0;6547.0;7452.8;7565.0;6087.0;1490.3
47;46;6;4710.0;4813.5;5889.0;6968.2;7290.0;5926.8;1106.7
47;47;6;4944.0;5355.8;5975.0;6634.0;6766.0;5943.8;729.1
47;48;6;4584.0;5071.2;5502.5;6462.5;6921.0;5703.3;861.0
47;49;6;4527.0;4845.5;5285.0;6993.5;7615.0;5829.0;1248.6
47;50;6;4714.0;5051.2;5578.0;6272.0;6560.0;5634.8;703.7
47;51;6;4589.0;5463.0;5630.5;6388.2;6758.0;5776.0;739.1
47;52;6;4058.0;4772.2;4989.5;5902.0;6381.0;5220.7;812.7
47;53;6;4886.0;5317.0;5805.0;6623.0;6784.0;5888.3;742.9
47;54;6;4804.0;4950.5;5444.0;6739.2;7084.0;5788.8;958.9
47;55;6;4080.0;4615.8;5172.5;5720.2;6292.0;5175.0;760.7
47;56;6;4526.0;5098.0;5355.0;6452.8;6962.0;5671.5;894.6
47;57;6;3789.0;4544.5;5035.5;5932.2;6269.0;5123.5;891.3
47;58;6;4698.0;5028.2;5802.0;6283.2;6520.0;5672.7;715.7
47;59;6;3975.0;4903.8;5370.0;6338.8;6709.0;5472.3;974.6
47;60;6;4363.0;4397.5;4845.5;6099.8;6475.0;5215.8;910.7
47;61;6;4523.0;4945.8;5596.0;6571.8;6871.0;5702.0;906.3
47;62;6;4442.0;4607.0;5269.0;6163.5;6531.0;5393.2;835.8
47;63;6;3880.0;4429.5;5321.0;6066.2;6409.0;5229.7;949.7
47;64;6;3789.0;5058.5;5214.5;6091.2;6417.0;5337.5;887.8
47;65;6;4249.0;4305.5;5033.5;6342.8;6599.0;5292.8;1029.3
47;66;6;3940.0;4228.8;4699.5;5985.5;6581.0;5067.7;1030.9
47;67;6;4129.0;4891.2;5149.0;5852.2;6040.0;5226.5;672.5
47;68;6;4421.0;4476.2;4930.0;5821.8;6124.0;5141.5;716.5
47;69;6;4716.0;4874.8;5153.0;5955.5;6220.0;5374.5;620.0
47;70;6;4651.0;4735.5;4935.5;5855.5;6182.0;5255.8;652.8
47;71;6;4182.0;4545.5;4941.0;5650.8;5881.0;5041.0;643.5
47;72;6;3580.0;4458.0;4703.5;5567.0;5804.0;4837.0;784.6
47;73;6;3681.0;4083.0;4838.0;5686.8;5996.0;4859.0;899.6
47;74;6;4586.0;4720.0;5072.5;5734.0;5991.0;5213.2;559.1
47;75;6;3746.0;4072.0;4710.5;5505.8;5774.0;4761.8;786.8
47;76;6;3768.0;4368.5;5112.5;5582.0;5757.0;4934.8;739.6
47;77;6;3860.0;4311.5;4809.0;5617.0;5850.0;4893.3;752.8
47;78;6;3713.0;4226.0;4905.0;5557.8;5772.0;4845.0;777.8
47;79;6;4247.0;4650.5;4762.0;5453.2;5663.0;4955.2;529.6
47;80;6;4430.0;4767.2;4932.0;5132.0;5689.0;4982.3;394.2
47;81;6;4313.0;4533.2;4575.5;4672.5;5775.0;4743.8;475.4
47;82;6;4180.0;4548.5;4959.0;5103.2;5848.0;4918.2;535.7
47;83;6;4309.0;4935.0;5077.0;5188.2;5767.0;5057.2;431.8
47;84;6;3680.0;4647.2;4940.5;5213.5;5836.0;4875.2;662.2
47;85;6;3749.0;4504.0;5051.5;5367.2;5828.0;4912.3;688.3
47;86;6;3584.0;3824.8;4463.5;4839.8;5840.0;4488.0;769.7
47;87;6;3739.0;4047.2;4849.0;5561.5;6275.0;4881.8;922.1
47;88;6;3928.0;4455.5;4505.5;4668.0;5815.0;4652.5;572.6
47;89;6;4550.0;4669.5;4712.0;4739.5;5681.0;4843.2;380.0
47;90;6;3964.0;4073.5;4111.5;4654.2;5618.0;4450.2;594.7
47;91;6;3722.0;4324.0;4729.0;4957.0;5687.0;4681.5;614.6
47;92;6;4037.0;4334.0;4448.5;4516.5;5745.0;4585.7;542.6
47;93;6;4737.0;4809.2;4836.0;5017.2;5788.0;5012.5;362.1
47;94;6;4438.0;4768.8;4976.5;5199.2;5873.0;5039.5;451.7
47;95;6;4024.0;4490.0;4623.0;4717.0;5693.0;4692.8;502.9
47;96;6;3789.0;4049.2;4479.5;4589.5;5753.0;4505.5;635.0
47;97;6;3800.0;4426.2;5002.5;5136.2;5737.0;4826.2;629.4
47;98;6;3849.0;4659.0;4782.0;4923.0;5736.0;4789.5;553.5
47;99;6;3453.0;3586.2;4171.5;4774.0;5676.0;4306.3;805.3
48;0;6;6437.0;6738.0;7342.5;7505.2;7596.0;7135.7;465.5
48;1;6;6329.0;6781.5;7761.0;8053.5;8143.0;7433.3;738.7
48;2;6;6736.0;7006.2;7727.0;7730.8;7957.0;7440.8;494.2
48;3;6;6401.0;7450.0;7810.0;7849.0;7874.0;7514.5;531.1
48;4;6;6195.0;7076.0;7535.5;7610.2;7702.0;7254.3;536.2
48;5;6;6218.0;6646.8;7949.0;8039.2;8135.0;7422.2;851.7
48;6;6;6016.0;6726.5;7881.5;8053.2;8110.0;7390.2;856.5
48;7;6;6016.0;7132.2;7786.5;7888.8;7982.0;7401.3;711.4
48;8;6;5960.0;6505.0;7398.0;7502.0;7600.0;7016.7;663.1
48;9;6;6279.0;6734.5;7178.0;7199.2;7216.0;6940.7;369.5
48;10;6;6348.0;6876.0;7487.5;7850.8;8015.0;7330.3;617.0
48;11;6;6306.0;6754.2;7401.0;7462.0;7553.0;7113.7;495.1
48;12;6;5828.0;6515.0;7360.0;7953.8;8110.0;7173.8;857.9
48;13;6;5541.0;6022.0;7210.0;7300.8;7344.0;6710.3;791.8
48;14;6;6296.0;6806.8;7929.5;8378.0;8478.0;7598.8;884.4
48;15;6;4899.0;6283.2;7217.0;7295.8;7316.0;6657.2;917.2
48;16;6;5652.0;6680.8;7217.5;7359.0;8088.0;7013.8;763.4
48;17;6;6283.0;6595.0;6975.5;7280.2;7566.0;6941.7;453.9
48;18;6;6188.0;6429.2;6996.0;7459.2;7549.0;6930.5;566.5
48;19;6;6106.0;6349.2;7017.0;7253.5;7310.0;6818.2;500.8
48;20;6;5941.0;6111.8;6624.5;6909.2;6998.0;6522.2;428.0
48;21;6;6287.0;6395.0;6984.5;7868.0;7987.0;7100.7;753.3
48;22;6;6037.0;6361.8;6742.0;7163.5;7421.0;6746.8;505.9
48;23;6;5738.0;6323.0;7001.0;7643.0;7873.0;6927.8;795.9
48;24;6;5401.0;5913.2;6835.0;7676.5;7699.0;6722.2;975.4
48;25;6;5817.0;6304.2;7326.5;8027.0;8094.0;7131.3;937.5
48;26;6;5525.0;5709.5;6562.0;7417.5;7479.0;6542.7;877.7
48;27;6;6156.0;6901.0;7693.0;8399.5;8467.0;7546.8;909.6
48;28;6;6774.0;7348.8;7685.0;8002.5;8353.0;7640.3;526.7
48;29;6;4728.0;6183.2;6898.5;7617.5;7754.0;6680.2;1088.8
48;30;6;5012.0;5977.2;6811.0;7390.5;7546.0;6577.2;924.8
48;31;6;5394.0;5406.8;6461.5;7545.5;7646.0;6487.5;1082.0
48;32;6;5915.0;6236.0;6785.5;7073.2;7133.0;6640.2;479.2
48;33;6;5073.0;5825.8;6879.5;7896.5;8162.0;6784.0;1205.1
48;34;6;4468.0;6129.8;6734.0;7288.0;7649.0;6497.7;1058.6
48;35;6;4277.0;5327.2;6313.5;6984.0;7485.0;6099.2;1134.7
48;36;6;5032.0;5459.5;6670.5;7392.5;7481.0;6423.8;1021.5
48;37;6;4622.0;5150.8;6188.0;7057.2;7390.0;6090.0;1102.3
48;38;6;4483.0;6165.0;6669.5;7140.2;7193.0;6384.8;952.0
48;39;6;4594.0;5639.5;6654.0;7580.8;7645.0;6456.3;1198.6
48;40;6;5101.0;5830.5;6510.5;7220.5;7471.0;6442.3;880.0
48;41;6;4656.0;5337.0;6323.5;6870.5;6987.0;6058.5;908.2
48;42;6;3961.0;4848.0;6448.0;6779.0;6916.0;5829.5;1192.4
48;43;6;3799.0;4509.2;5718.5;7023.0;7249.0;5674.8;1376.2
48;44;6;3749.0;4876.5;5864.5;6875.0;6994.0;5705.2;1224.8
48;45;6;4772.0;5274.5;6096.0;6443.5;6604.0;5854.7;701.8
48;46;6;4606.0;5095.2;5890.0;6572.2;6901.0;5819.5;880.7
48;47;6;4394.0;5509.0;6072.5;6747.0;6913.0;5957.5;888.9
48;48;6;4788.0;4987.0;5321.5;6496.8;6993.0;5698.0;899.0
48;49;6;5380.0;5434.2;5668.0;6238.5;6580.0;5846.8;473.1
48;50;6;4119.0;4656.0;5210.0;6632.5;7014.0;5521.8;1129.8
48;51;6;5060.0;5464.8;5710.0;6099.2;6243.0;5722.5;417.7
48;52;6;4576.0;5099.2;5636.0;7091.5;7449.0;5965.7;1131.7
48;53;6;4889.0;5216.5;5653.5;6122.8;6505.0;5675.2;572.9
48;54;6;3988.0;4456.8;4932.0;6167.0;6701.0;5238.3;1025.8
48;55;6;4217.0;5215.0;5662.0;6389.5;6647.0;5647.7;851.8
48;56;6;4081.0;4409.2;5195.0;5947.0;6483.0;5216.5;896.3
48;57;6;4337.0;4421.0;4699.0;5832.0;6243.0;5086.0;814.3
48;58;6;4008.0;5014.8;5376.5;6120.0;6413.0;5406.0;821.5
48;59;6;4462.0;5239.5;5484.0;5843.2;6222.0;5462.2;561.6
48;60;6;3705.0;4716.8;5065.5;5748.0;5959.0;5061.8;777.0
48;61;6;5152.0;5191.2;5416.0;5838.8;5976.0;5509.3;342.9
48;62;6;5066.0;5400.0;5572.5;5940.8;6060.0;5612.8;355.3
48;63;6;4502.0;4813.0;5286.0;5881.2;6019.0;5304.7;591.2
48;64;6;4081.0;4656.8;5432.5;5981.0;6151.0;5276.5;786.0
48;65;6;3636.0;4925.0;5390.0;5768.0;6129.0;5201.5;816.2
48;66;6;4082.0;4376.2;4767.0;5662.5;6091.0;4985.7;772.4
48;67;6;4369.0;4549.8;4911.0;5740.2;6000.0;5106.2;656.1
48;68;6;4260.0;4915.8;5190.5;5883.0;6168.0;5291.2;675.2
48;69;6;3789.0;4625.2;5245.0;5745.5;5986.0;5099.3;779.9
48;70;6;4934.0;5146.8;5363.5;5979.2;6141.0;5510.2;475.9
48;71;6;3765.0;5034.0;5144.0;5582.5;6074.0;5142.2;719.5
48;72;6;4496.0;4935.8;5122.0;5633.0;5931.0;5224.7;500.5
48;73;6;3979.0;4774.5;5302.5;5959.5;6182.0;5257.2;780.8
48;74;6;4846.0;4918.0;5146.5;5588.0;5781.0;5249.5;376.9
48;75;6;4947.0;5091.5;5426.5;5939.2;6040.0;5488.3;448.0
48;76;6;4112.0;4545.5;5048.0;5894.0;6380.0;5190.3;840.2
48;77;6;3972.0;4584.8;5222.0;5760.2;6004.0;5122.0;738.2
48;78;6;3920.0;4552.0;5035.5;5623.2;5868.0;5011.5;693.1
48;79;6;4015.0;4628.8;5029.0;5939.2;6225.0;5172.7;816.0
48;80;6;3893.0;4207.2;5169.5;5615.0;6181.0;5010.5;851.3
48;81;6;4274.0;4525.8;4856.0;5250.0;5872.0;4942.5;542.0
48;82;6;4008.0;4096.5;4368.0;4800.0;5824.0;4586.3;632.6
48;83;6;3658.0;4810.0;4966.5;5155.2;5786.0;4892.2;640.5
48;84;6;4325.0;4803.5;4882.0;5084.2;6141.0;5026.5;554.8
48;85;6;4394.0;4538.0;5258.0;5617.2;6105.0;5175.0;645.0
48;86;6;4206.0;4329.5;4927.0;5216.2;5736.0;4873.2;559.3
48;87;6;3929.0;4223.0;4554.0;5109.2;5668.0;4685.3;606.7
48;88;6;3567.0;3855.2;4634.5;4952.5;5625.0;4519.2;730.8
48;89;6;3461.0;4009.5;4769.0;5057.5;5701.0;4601.7;762.4
48;90;6;3594.0;4831.2;5126.5;5148.0;5747.0;4913.7;660.0
48;91;6;4559.0;4758.8;4915.5;5141.2;5589.0;4983.7;337.2
48;92;6;3766.0;4008.2;4562.5;4700.5;5592.0;4508.8;608.7
48;93;6;3499.0;4252.0;4516.0;4822.0;5694.0;4552.2;670.3
48;94;6;4597.0;4676.2;5004.0;5302.5;5657.0;5038.5;387.9
48;95;6;3678.0;3715.8;4234.0;4804.8;5639.0;4387.2;740.6
48;96;6;3761.0;4801.8;4974.0;5015.0;5681.0;4860.5;569.8
48;97;6;4774.0;4808.8;4943.0;5042.8;5555.0;5009.2;265.6
48;98;6;4744.0;4795.8;4818.0;4903.2;5383.0;4913.8;217.0
48;99;6;4235.0;4750.2;4774.5;5047.0;5374.0;4839.7;355.0
49;0;6;6349.0;7097.0;7450.0;7518.0;7570.0;7223.2;436.1
49;1;6;6222.0;6822.2;7244.5;7532.5;7695.0;7119.3;512.3
49;2;6;6420.0;6712.0;7502.5;7745.5;7849.0;7258.2;593.9
49;3;6;6383.0;6948.8;7503.0;7657.5;8067.0;7321.5;571.0
49;4;6;5846.0;6830.8;7693.0;7926.8;8049.0;7304.8;821.1
49;5;6;6199.0;6718.8;7616.5;7819.0;7975.0;7285.5;694.0
49;6;6;6130.0;7050.0;7511.0;7770.2;7879.0;7297.3;611.1
49;7;6;6368.0;6822.5;7865.0;7900.2;7928.0;7402.2;691.3
49;8;6;6353.0;7291.5;8051.0;8204.5;8368.0;7686.2;728.5
49;9;6;6170.0;6671.0;7169.0;7302.5;7432.0;6965.3;457.4
49;10;6;6519.0;6795.0;7520.5;7608.5;7648.0;7233.2;490.3
49;11;6;6233.0;6914.0;7609.0;7664.2;7695.0;7251.8;575.5
49;12;6;6359.0;6666.2;7274.0;7335.8;7553.0;7046.7;459.4
49;13;6;5395.0;6781.2;7395.5;7493.0;7534.0;6970.3;776.0
49;14;6;6089.0;6376.0;7166.0;7255.5;7278.0;6849.5;527.5
49;15;6;6320.0;6814.8;7466.5;7609.0;7775.0;7213.7;550.2
49;16;6;5427.0;6643.2;7263.5;7442.0;7511.0;6900.5;744.7
49;17;6;6088.0;6257.5;6863.5;7528.8;7929.0;6925.0;729.5
49;18;6;5058.0;6622.2;7201.5;7714.8;7808.0;6930.7;971.4
49;19;6;5989.0;6124.0;6778.5;7226.8;7301.0;6688.2;569.2
49;20;6;5993.0;6266.0;6871.5;7262.5;7463.0;6776.0;569.1
49;21;6;5693.0;6400.0;7290.5;7713.0;7952.0;7030.5;832.5
49;22;6;5563.0;6340.5;7123.0;7569.5;8216.0;6970.5;899.5
49;23;6;5977.0;6225.8;6948.5;7581.2;7647.0;6883.0;708.7
49;24;6;5709.0;5966.0;7096.5;7672.8;7750.0;6851.0;879.8
49;25;6;5667.0;6097.0;6915.0;8058.5;8315.0;7012.7;1065.0
49;26;6;5660.0;6145.0;7262.5;8074.0;8179.0;7080.2;1048.5
49;27;6;5214.0;6715.2;7511.0;8323.2;8422.0;7283.7;1169.5
49;28;6;5019.0;5894.8;6995.5;8022.0;8100.0;6833.7;1233.0
49;29;6;5593.0;5740.2;6892.0;7870.5;7973.0;6817.2;1074.0
49;30;6;5867.0;6516.0;7564.5;8031.0;8046.0;7232.5;879.4
49;31;6;4367.0;6418.0;6919.0;7362.2;7424.0;6565.0;1070.0
49;32;6;5189.0;5838.0;6871.0;7472.0;7644.0;6623.5;958.6
49;33;6;5282.0;5798.8;6709.0;6979.5;7041.0;6384.3;706.3
49;34;6;4068.0;5374.8;6220.0;7114.8;7380.0;6065.7;1199.2
49;35;6;4286.0;4697.0;5796.5;6905.0;6951.0;5739.2;1171.0
49;36;6;5726.0;6195.0;6767.5;7305.5;7366.0;6686.0;652.6
49;37;6;3975.0;5682.2;6619.0;7370.5;7843.0;6341.2;1321.6
49;38;6;4152.0;5848.2;6486.0;7039.8;7151.0;6189.2;1054.2
49;39;6;3919.0;5376.2;6434.5;6608.5;7266.0;5957.3;1124.7
49;40;6;4157.0;4687.2;6283.0;7012.5;7290.0;5904.0;1273.7
49;41;6;4608.0;5267.2;5832.5;6314.5;6398.0;5704.2;674.9
49;42;6;4067.0;5096.8;5946.5;6412.2;6594.0;5655.8;912.3
49;43;6;4046.0;4860.5;5958.5;6774.5;6919.0;5737.2;1122.9
49;44;6;3931.0;5446.0;6034.0;6749.5;6986.0;5870.5;1051.8
49;45;6;5185.0;5402.0;6015.0;6604.8;6914.0;6021.3;685.7
49;46;6;5188.0;5580.8;6061.0;6311.0;6415.0;5923.3;458.2
49;47;6;4287.0;4912.8;6378.0;6985.2;7346.0;6000.2;1193.5
49;48;6;4167.0;4666.2;5193.0;6073.8;6716.0;5354.5;904.9
49;49;6;4548.0;5255.5;5357.5;6400.8;6826.0;5676.5;825.6
49;50;6;3916.0;5134.5;5791.0;6342.5;6520.0;5576.7;912.3
49;51;6;3795.0;4860.5;5052.0;6193.0;6639.0;5318.0;993.1
49;52;6;4219.0;5318.5;6237.0;6867.5;7248.0;6005.2;1063.0
49;53;6;4280.0;4794.5;5768.5;6699.0;7025.0;5720.2;1062.7
49;54;6;3814.0;4150.8;5021.5;6150.2;6556.0;5133.3;1087.9
49;55;6;4633.0;5036.2;5473.0;6161.0;6370.0;5538.3;652.3
49;56;6;4479.0;4810.2;5486.5;5994.0;6100.0;5383.3;642.3
49;57;6;4566.0;5185.0;5279.5;6083.5;6349.0;5496.5;647.1
49;58;6;4033.0;4583.2;5542.5;6753.8;7162.0;5616.8;1232.2
49;59;6;4367.0;4922.8;5828.5;6403.5;6733.0;5662.2;879.4
49;60;6;4591.0;4765.0;5497.5;6388.2;6647.0;5573.2;843.4
49;61;6;4986.0;5247.0;5326.5;6140.2;6481.0;5625.3;591.6
49;62;6;4106.0;5276.5;5692.0;6283.0;6480.0;5598.0;816.6
49;63;6;4261.0;5272.2;5595.5;6273.5;6464.0;5596.7;759.1
49;64;6;3952.0;5143.0;5824.5;6434.0;6661.0;5635.8;942.6
49;65;6;4951.0;5280.5;5818.5;6292.8;6488.0;5771.3;589.7
49;66;6;4508.0;4557.0;4785.0;6081.0;6526.0;5266.3;876.5
49;67;6;4821.0;4859.0;5399.5;6130.5;6449.0;5520.3;686.0
49;68;6;4253.0;4603.8;5397.0;6248.0;6460.0;5396.3;876.1
49;69;6;4567.0;5333.0;5639.5;6180.0;6343.0;5630.0;615.9
49;70;6;4909.0;5393.0;5690.5;6097.5;6214.0;5671.8;463.9
49;71;6;5226.0;5312.8;5588.0;6077.8;6278.0;5690.3;420.3
49;72;6;4639.0;5213.5;5365.0;5976.2;6240.0;5492.0;559.4
49;73;6;4890.0;5095.0;5250.0;5924.8;6349.0;5488.7;553.8
49;74;6;4175.0;4867.5;5274.0;6050.2;6312.0;5346.0;770.0
49;75;6;4446.0;4716.0;5234.0;5938.0;6119.0;5291.5;660.1
49;76;6;4900.0;5280.5;5471.0;6047.0;6247.0;5590.8;496.9
49;77;6;3791.0;4416.5;4908.0;5688.2;6140.0;4991.3;838.8
49;78;6;4290.0;4839.8;5144.5;5327.0;6003.0;5118.0;527.1
49;79;6;4126.0;5059.2;5447.5;5664.0;6214.0;5316.8;652.1
49;80;6;4781.0;4818.8;5150.5;5770.2;6253.0;5336.7;574.7
49;81;6;4389.0;5038.2;5458.5;5516.5;6021.0;5293.5;518.2
49;82;6;3825.0;4611.8;4798.0;5234.8;6036.0;4897.8;681.9
49;83;6;4646.0;4791.0;4859.5;5209.2;5881.0;5056.7;422.4
49;84;6;4645.0;4891.5;5185.5;5373.8;6212.0;5243.0;504.9
49;85;6;4852.0;5258.0;5460.0;5584.8;5966.0;5425.8;344.3
49;86;6;3602.0;3917.2;4671.5;5248.0;5984.0;4672.5;858.8
49;87;6;4909.0;5099.8;5211.0;5526.2;6067.0;5348.7;387.0
49;88;6;3943.0;4537.0;4886.0;5178.0;6041.0;4908.7;652.2
49;89;6;4496.0;4600.5;4883.0;5452.0;6091.0;5083.5;588.4
49;90;6;4199.0;4940.8;5181.0;5422.0;5899.0;5137.2;528.7
49;91;6;4538.0;4649.2;4904.0;5062.0;5967.0;4998.7;476.3
49;92;6;4232.0;4474.0;4536.5;5130.0;6091.0;4862.8;643.0
49;93;6;4226.0;4544.5;5439.5;5522.2;6058.0;5159.8;679.8
49;94;6;4284.0;4436.2;5019.0;5544.0;5924.0;5034.5;625.6
49;95;6;4800.0;4972.5;5108.5;5301.5;6004.0;5219.0;391.7
49;96;6;3920.0;4750.0;5000.0;5195.2;5917.0;4960.7;600.2
49;97;6;4334.0;4989.8;5160.0;5390.2;5929.0;5163.8;483.9
49;98;6;3922.0;4203.2;5108.5;5454.2;5797.0;4901.2;725.5
49;99;6;3857.0;4786.0;5107.5;5457.5;5847.0;5028.7;637.3
50;0;6;6309.0;6593.2;7275.0;7422.8;7564.0;7043.5;501.4
50;1;6;6276.0;6569.8;7053.5;7172.0;7307.0;6885.0;391.0
50;2;6;6228.0;7143.0;7461.0;7797.8;7982.0;7346.5;586.2
50;3;6;6536.0;6827.5;7282.5;7448.8;7558.0;7139.8;386.9
50;4;6;6425.0;6777.0;7436.0;7659.2;7736.0;7220.7;521.2
50;5;6;5914.0;6599.0;7208.5;7354.5;7456.0;6931.0;568.2
50;6;6;5996.0;6922.8;7345.5;7556.0;7676.0;7128.5;580.4
50;7;6;6330.0;6554.8;7192.5;7374.2;7504.0;6999.3;475.3
50;8;6;6217.0;6512.5;7097.5;7192.8;7287.0;6873.5;429.5
50;9;6;5914.0;6445.0;7083.5;7164.8;7225.0;6788.3;512.7
50;10;6;5744.0;6515.0;7189.5;7349.5;7640.0;6909.3;662.4
50;11;6;6400.0;6725.8;7414.0;7529.2;8144.0;7239.3;610.2
50;12;6;6221.0;6800.5;7322.5;7530.2;7592.0;7114.0;510.5
50;13;6;5857.0;6575.5;7207.0;7262.5;7319.0;6872.7;556.5
50;14;6;6159.0;6747.5;7305.0;7494.2;7681.0;7094.8;544.9
50;15;6;6271.0;6701.8;7378.0;7605.8;7668.0;7142.2;550.4
50;16;6;6201.0;6886.2;7432.5;7639.0;7759.0;7206.2;564.6
50;17;6;5908.0;6087.8;6777.0;7393.5;7746.0;6777.5;720.0
50;18;6;5997.0;6219.0;7142.0;7534.8;7668.0;6921.0;700.0
50;19;6;6296.0;6521.8;7221.0;8054.5;8423.0;7297.0;833.3
50;20;6;6099.0;6320.2;6958.5;7538.2;7561.0;6902.7;640.6
50;21;6;5914.0;6212.0;7352.5;8168.2;8204.0;7182.5;1006.4
50;22;6;5768.0;6349.2;6994.5;7470.2;7547.0;6844.5;679.8
50;23;6;5890.0;6004.2;6655.5;7189.0;7218.0;6595.5;601.0
50;24;6;5523.0;6200.5;6824.5;7296.2;7494.0;6685.3;723.8
50;25;6;5722.0;6207.0;6788.0;7039.8;7312.0;6624.5;563.6
50;26;6;5169.0;5920.8;6764.5;7176.2;7359.0;6501.7;807.9
50;27;6;5332.0;6102.0;6728.0;7306.0;7342.0;6587.0;770.9
50;28;6;6020.0;6198.0;6896.0;7245.2;7668.0;6801.2;618.8
50;29;6;5573.0;6230.8;7030.5;7664.5;7872.0;6891.0;880.4
50;30;6;5663.0;6012.2;7077.0;7701.5;7979.0;6893.8;922.8
50;31;6;5229.0;5905.8;6748.0;7537.8;7834.0;6664.2;994.8
50;32;6;5330.0;5406.8;6042.5;6775.8;6871.0;6083.5;695.2
50;33;6;5132.0;5322.8;5559.0;5940.8;6099.0;5610.2;362.3
50;34;6;4896.0;5058.5;5276.0;5579.0;5665.0;5296.5;294.1
50;35;6;4542.0;4579.8;4760.0;5104.5;5627.0;4904.7;391.3
50;36;6;4710.0;4801.8;4974.5;5098.5;5144.0;4947.8;170.8
50;37;6;4352.0;4530.8;4719.0;4900.5;5243.0;4743.7;300.0
50;38;6;4431.0;4489.0;4774.5;4918.2;4934.0;4712.3;220.5
50;39;6;4485.0;4512.0;4751.0;4937.5;5024.0;4740.5;226.5
50;40;6;4445.0;4588.8;4823.0;5058.0;5139.0;4812.8;277.1
50;41;6;4405.0;4550.5;4872.0;5153.8;5446.0;4881.0;374.3
50;42;6;4543.0;5141.8;5652.0;5824.0;5952.0;5442.0;504.9
50;43;6;3892.0;4509.8;4865.5;5194.2;5282.0;4766.7;499.8
50;44;6;4352.0;4488.8;4842.0;5157.8;5161.0;4805.2;356.7
50;45;6;4470.0;4672.5;5007.0;5333.2;5395.0;4980.3;369.5
50;46;6;4315.0;4409.0;4657.0;4935.8;5138.0;4687.0;308.7
50;47;6;4289.0;4515.5;4747.5;4994.5;5087.0;4731.0;294.7
50;48;6;4336.0;4454.5;4585.5;5018.8;5242.0;4720.5;352.4
50;49;6;4149.0;4327.5;4405.5;4716.8;4866.0;4491.3;263.1
50;50;6;4128.0;4233.5;4323.0;4624.8;4828.0;4421.8;259.7
50;51;6;4221.0;4309.8;4524.0;4898.8;5079.0;4601.7;332.8
50;52;6;4072.0;4252.2;4299.0;4590.2;4686.0;4380.0;226.6
50;53;6;3714.0;3803.8;4103.5;4589.2;4664.0;4173.3;405.5
50;54;6;3610.0;4206.2;4285.5;4539.5;4706.0;4281.8;353.4
50;55;6;3713.0;4214.8;4304.0;4599.5;4685.0;4314.8;329.1
50;56;6;3745.0;3938.8;4131.0;4378.0;4460.0;4133.7;264.8
50;57;6;3969.0;4007.5;4131.0;4351.2;4430.0;4175.3;186.2
50;58;6;4039.0;4056.2;4114.0;4414.0;4508.0;4221.0;205.1
50;59;6;3755.0;3867.2;4133.0;4448.2;4563.0;4152.7;319.6
50;60;6;4008.0;4092.8;4205.0;4459.0;4561.0;4263.0;215.4
50;61;6;3798.0;4185.2;4196.5;4411.0;4568.0;4237.2;247.9
50;62;6;3811.0;3959.5;4163.0;4489.5;4680.0;4217.8;319.2
50;63;6;3905.0;4065.2;4131.5;4442.2;4561.0;4219.7;244.3
50;64;6;3639.0;3742.8;3954.5;4351.5;4494.0;4033.0;340.5
50;65;6;3810.0;3994.2;4129.5;4572.2;4752.0;4248.3;356.8
50;66;6;3599.0;3606.0;3911.5;4421.0;4553.0;4011.7;419.7
50;67;6;3692.0;3969.8;3997.0;4403.8;4565.0;4125.2;319.4
50;68;6;4045.0;4136.2;4218.0;4530.0;4734.0;4326.3;260.7
50;69;6;3722.0;3995.0;4107.5;4336.2;4430.0;4122.8;244.2
50;70;6;3614.0;3932.8;4065.0;4366.0;4468.0;4094.5;299.6
50;71;6;3641.0;3763.0;4095.0;4288.2;4376.0;4035.3;295.5
50;72;6;3920.0;3944.2;3983.5;4398.5;4538.0;4148.8;274.5
50;73;6;3682.0;4022.0;4217.5;4480.5;4562.0;4200.7;309.9
50;74;6;4205.0;4253.2;4304.5;4624.2;4842.0;4437.2;250.1
50;75;6;3850.0;4363.0;4389.0;4716.5;5028.0;4472.7;375.6
50;76;6;4206.0;4282.8;4362.5;4989.8;5371.0;4626.2;469.9
50;77;6;3853.0;4313.0;4423.5;4703.5;4810.0;4430.5;323.5
50;78;6;3530.0;3573.2;3855.0;4560.5;4823.0;4056.3;538.4
50;79;6;3640.0;3943.0;4257.0;4654.2;4821.0;4266.7;430.9
50;80;6;3936.0;4098.0;4298.5;4434.5;4812.0;4309.3;285.4
50;81;6;4009.0;4129.2;4311.0;4463.5;4919.0;4355.5;300.0
50;82;6;4016.0;4189.8;4351.0;4495.0;4837.0;4372.3;266.6
50;83;6;3846.0;3952.8;4363.0;4500.2;4810.0;4290.7;351.8
50;84;6;3716.0;3766.0;3855.5;4215.8;4638.0;4022.8;341.5
50;85;6;3826.0;4149.8;4430.5;4654.2;4933.0;4400.8;372.6
50;86;6;3837.0;3893.2;4159.5;4433.2;4952.0;4239.5;393.2
50;87;6;3844.0;4210.8;4423.0;4544.5;5067.0;4413.7;375.6
50;88;6;3582.0;4271.2;4302.5;4422.2;4901.0;4301.8;387.8
50;89;6;4322.0;4357.8;4470.0;4493.0;4897.0;4496.7;192.4
50;90;6;3835.0;4212.8;4332.5;4376.5;5204.0;4378.0;412.5
50;91;6;3732.0;3865.0;4243.5;4292.0;4908.0;4195.7;397.3
50;92;6;3471.0;3625.8;3977.0;4297.5;4752.0;4015.0;451.3
50;93;6;3811.0;4238.5;4400.0;4417.5;4975.0;4365.7;345.7
50;94;6;3927.0;4161.0;4319.0;4552.8;5082.0;4397.7;371.8
50;95;6;4278.0;4465.8;4480.0;4567.8;5265.0;4593.5;314.4
50;96;6;3571.0;4041.8;4228.5;4471.5;4899.0;4243.2;414.6
50;97;6;4209.0;4222.2;4276.5;4381.8;5028.0;4401.8;288.1
50;98;6;3707.0;3933.0;4197.5;4337.5;4905.0;4206.0;385.1
50;99;6;3968.0;4245.0;4359.0;4457.2;5124.0;4417.8;355.0
