param;value
filename;./inputData/BrasilMG30n.car
base_seed;1
nRuns;51
iterations;150
antsN;50
stagnation;30
favorites;20
gbPeriod;0
rhoNodes;0.1
rhoCars;0.1
rhoPass;0.1
alphaNodes;1.5
alphaCars;1.5
alphaPass;1.5
betaNodes;1.2
betaCars;1.2
betaPass;1.1
maxMinCars;0
maxMinNodes;0
pBestCars;0
useTBAS;0
sampleCars;1
enforceNoRerent;1
returnFactorCars;0
epsilonEtaCars;1e-06
smGammaCars;0.7
restartTargetCars;mid
exploreCars;0
exploreItersCars;20
exploreRhoMultCars;2
policyQ0;0.1
adaptiveQ0;1
q0Start;0.2
q0End;0.9
eliteKAnts;7
lsTopW;0
lsQuality;High
useReinsertion;0
reinsertionMaxPasses;5
dpCacheCapacity;5000
dpMaxSegmentLenOffset;5
intensifierEnabled;1
intensifierMaxStagnationIterations;3
intensifierResetPheromonesCount;2
intensifierPheromoneReductionGamma;0.3
intensifierArchiveAndResetBest;0
ablationDisableAntDepositsDuringIntensification;0
ablationResetPheromonesOnIntensifierActivation;0
ablationIntensifierOnlyNoAnts;0
ablationIntensifierOnlyRandomInitialTour;0
runSeeds;run0=9176377229071207081,run1=76241568449944305,run2=11569656429252920891,run3=8006770736520076435,run4=10222608011239175760,run5=83674907983555125,run6=16633518659454552880,run7=3348662810425028053,run8=1625020296661546126,run9=8722260422266777814,run10=18422523289718600251,run11=12120595211417451604,run12=11180516292616150398,run13=13235578871255005297,run14=17784125318686945540,run15=15956506419893335137,run16=2899130862535483918,run17=11850605890185619915,run18=13353388233111958045,run19=6644193456908987648,run20=9748498986499756733,run21=9610614758425770644,run22=16467222360164019310,run23=11726302834367551336,run24=8896860786397106362,run25=6737285527070588895,run26=11634350522773239934,run27=7808547232002136844,run28=3287009989320200796,run29=8484872300069380217,run30=8138020970177873692,run31=16735953543485209995,run32=957827445528146549,run33=9178821638437730898,run34=2354512119315649564,run35=10160966691791677292,run36=27474500062045820,run37=7844575079918988844,run38=15524044195614787644,run39=4980590106503615414,run40=3943098024137922559,run41=141425323448007506,run42=16001952662412044218,run43=6069959457317431616,run44=2033442876187297925,run45=7223543130371895193,run46=4350234967155519396,run47=10524526614539617298,run48=3004527168784687515,run49=3975454624479931874,run50=1666912681748276242
stagnationEvents;run0=3,run1=3,run2=4,run3=4,run4=4,run5=4,run6=4,run7=4,run8=4,run9=4,run10=4,run11=3,run12=3,run13=4,run14=3,run15=4,run16=4,run17=3,run18=4,run19=4,run20=4,run21=4,run22=4,run23=4,run24=4,run25=4,run26=4,run27=3,run28=4,run29=4,run30=4,run31=3,run32=4,run33=4,run34=4,run35=4,run36=4,run37=4,run38=4,run39=4,run40=4,run41=3,run42=4,run43=4,run44=4,run45=3,run46=4,run47=4,run48=4,run49=4,run50=4
lkCalls;run0=3,run1=3,run2=4,run3=4,run4=4,run5=4,run6=4,run7=4,run8=4,run9=4,run10=4,run11=3,run12=3,run13=4,run14=3,run15=4,run16=4,run17=3,run18=4,run19=4,run20=4,run21=4,run22=4,run23=4,run24=4,run25=4,run26=4,run27=3,run28=4,run29=4,run30=4,run31=3,run32=4,run33=4,run34=4,run35=4,run36=4,run37=4,run38=4,run39=4,run40=4,run41=3,run42=4,run43=4,run44=4,run45=3,run46=4,run47=4,run48=4,run49=4,run50=4
lkSuccess;run0=0,run1=0,run2=0,run3=0,run4=0,run5=0,run6=0,run7=0,run8=0,run9=0,run10=0,run11=0,run12=0,run13=0,run14=0,run15=0,run16=0,run17=0,run18=0,run19=0,run20=0,run21=0,run22=0,run23=0,run24=0,run25=0,run26=0,run27=0,run28=0,run29=0,run30=0,run31=0,run32=0,run33=0,run34=0,run35=0,run36=0,run37=0,run38=0,run39=0,run40=0,run41=0,run42=0,run43=0,run44=0,run45=0,run46=0,run47=0,run48=0,run49=0,run50=0
tOptCalls;run0=0,run1=0,run2=0,run3=0,run4=0,run5=0,run6=0,run7=0,run8=0,run9=0,run10=0,run11=0,run12=0,run13=0,run14=0,run15=0,run16=0,run17=0,run18=0,run19=0,run20=0,run21=0,run22=0,run23=0,run24=0,run25=0,run26=0,run27=0,run28=0,run29=0,run30=0,run31=0,run32=0,run33=0,run34=0,run35=0,run36=0,run37=0,run38=0,run39=0,run40=0,run41=0,run42=0,run43=0,run44=0,run45=0,run46=0,run47=0,run48=0,run49=0,run50=0
tOptSuccess;run0=0,run1=0,run2=0,run3=0,run4=0,run5=0,run6=0,run7=0,run8=0,run9=0,run10=0,run11=0,run12=0,run13=0,run14=0,run15=0,run16=0,run17=0,run18=0,run19=0,run20=0,run21=0,run22=0,run23=0,run24=0,run25=0,run26=0,run27=0,run28=0,run29=0,run30=0,run31=0,run32=0,run33=0,run34=0,run35=0,run36=0,run37=0,run38=0,run39=0,run40=0,run41=0,run42=0,run43=0,run44=0,run45=0,run46=0,run47=0,run48=0,run49=0,run50=0
kickCalls;run0=3,run1=3,run2=4,run3=4,run4=4,run5=4,run6=4,run7=4,run8=4,run9=4,run10=4,run11=3,run12=3,run13=4,run14=3,run15=4,run16=4,run17=3,run18=4,run19=4,run20=4,run21=4,run22=4,run23=4,run24=4,run25=4,run26=4,run27=3,run28=4,run29=4,run30=4,run31=3,run32=4,run33=4,run34=4,run35=4,run36=4,run37=4,run38=4,run39=4,run40=4,run41=3,run42=4,run43=4,run44=4,run45=3,run46=4,run47=4,run48=4,run49=4,run50=4
kickSuccess;run0=0,run1=0,run2=0,run3=0,run4=0,run5=0,run6=0,run7=0,run8=0,run9=0,run10=0,run11=0,run12=0,run13=0,run14=0,run15=0,run16=0,run17=0,run18=0,run19=0,run20=0,run21=0,run22=0,run23=0,run24=1,run25=0,run26=0,run27=0,run28=0,run29=0,run30=0,run31=0,run32=0,run33=0,run34=0,run35=0,run36=0,run37=0,run38=0,run39=0,run40=0,run41=0,run42=0,run43=0,run44=0,run45=0,run46=0,run47=0,run48=0,run49=0,run50=0
cacheEvalHitRate;run0=63.42%,run1=67.29%,run2=67.91%,run3=67.10%,run4=67.53%,run5=69.12%,run6=68.43%,run7=67.59%,run8=66.50%,run9=64.74%,run10=65.97%,run11=67.23%,run12=68.91%,run13=68.01%,run14=68.10%,run15=70.29%,run16=60.69%,run17=69.27%,run18=63.01%,run19=60.45%,run20=68.46%,run21=63.39%,run22=62.73%,run23=67.91%,run24=70.61%,run25=68.27%,run26=68.23%,run27=67.15%,run28=58.11%,run29=65.71%,run30=67.12%,run31=68.91%,run32=68.52%,run33=67.93%,run34=65.57%,run35=65.67%,run36=63.65%,run37=66.70%,run38=63.37%,run39=67.83%,run40=64.66%,run41=67.92%,run42=67.75%,run43=67.04%,run44=68.62%,run45=67.17%,run46=68.46%,run47=63.13%,run48=65.63%,run49=67.87%,run50=66.14%
cacheReasHitRate;run0=79.89%,run1=84.15%,run2=84.18%,run3=82.76%,run4=82.94%,run5=84.96%,run6=84.22%,run7=84.50%,run8=81.59%,run9=79.59%,run10=81.47%,run11=82.61%,run12=84.01%,run13=84.33%,run14=83.88%,run15=85.58%,run16=78.56%,run17=84.50%,run18=81.28%,run19=78.32%,run20=83.55%,run21=79.74%,run22=81.14%,run23=84.43%,run24=84.55%,run25=84.07%,run26=83.02%,run27=82.37%,run28=77.33%,run29=82.11%,run30=83.61%,run31=82.96%,run32=84.59%,run33=83.32%,run34=81.64%,run35=81.24%,run36=81.99%,run37=82.82%,run38=76.04%,run39=83.44%,run40=81.69%,run41=84.15%,run42=83.47%,run43=81.41%,run44=84.20%,run45=81.94%,run46=84.76%,run47=79.26%,run48=80.42%,run49=83.89%,run50=81.74%
lkSuccessRate;run0=0.00% (cache:63.4%),run1=0.00% (cache:67.3%),run2=0.00% (cache:67.9%),run3=0.00% (cache:67.1%),run4=0.00% (cache:67.5%),run5=0.00% (cache:69.1%),run6=0.00% (cache:68.4%),run7=0.00% (cache:67.6%),run8=0.00% (cache:66.5%),run9=0.00% (cache:64.7%),run10=0.00% (cache:66.0%),run11=0.00% (cache:67.2%),run12=0.00% (cache:68.9%),run13=0.00% (cache:68.0%),run14=0.00% (cache:68.1%),run15=0.00% (cache:70.3%),run16=0.00% (cache:60.7%),run17=0.00% (cache:69.3%),run18=0.00% (cache:63.0%),run19=0.00% (cache:60.4%),run20=0.00% (cache:68.5%),run21=0.00% (cache:63.4%),run22=0.00% (cache:62.7%),run23=0.00% (cache:67.9%),run24=0.00% (cache:70.6%),run25=0.00% (cache:68.3%),run26=0.00% (cache:68.2%),run27=0.00% (cache:67.2%),run28=0.00% (cache:58.1%),run29=0.00% (cache:65.7%),run30=0.00% (cache:67.1%),run31=0.00% (cache:68.9%),run32=0.00% (cache:68.5%),run33=0.00% (cache:67.9%),run34=0.00% (cache:65.6%),run35=0.00% (cache:65.7%),run36=0.00% (cache:63.7%),run37=0.00% (cache:66.7%),run38=0.00% (cache:63.4%),run39=0.00% (cache:67.8%),run40=0.00% (cache:64.7%),run41=0.00% (cache:67.9%),run42=0.00% (cache:67.7%),run43=0.00% (cache:67.0%),run44=0.00% (cache:68.6%),run45=0.00% (cache:67.2%),run46=0.00% (cache:68.5%),run47=0.00% (cache:63.1%),run48=0.00% (cache:65.6%),run49=0.00% (cache:67.9%),run50=0.00% (cache:66.1%)
tOptSuccessRate;run0=N/A,run1=N/A,run2=N/A,run3=N/A,run4=N/A,run5=N/A,run6=N/A,run7=N/A,run8=N/A,run9=N/A,run10=N/A,run11=N/A,run12=N/A,run13=N/A,run14=N/A,run15=N/A,run16=N/A,run17=N/A,run18=N/A,run19=N/A,run20=N/A,run21=N/A,run22=N/A,run23=N/A,run24=N/A,run25=N/A,run26=N/A,run27=N/A,run28=N/A,run29=N/A,run30=N/A,run31=N/A,run32=N/A,run33=N/A,run34=N/A,run35=N/A,run36=N/A,run37=N/A,run38=N/A,run39=N/A,run40=N/A,run41=N/A,run42=N/A,run43=N/A,run44=N/A,run45=N/A,run46=N/A,run47=N/A,run48=N/A,run49=N/A,run50=N/A

run;iter;weibull_k;cost_std;cost_range;cost_mean;cost_cv;global_best;improved;cumul_improvements
0;0;6.0;78.8;184.0;405.4;0.2;277.0;1;1
0;1;6.5;69.7;172.0;388.9;0.2;277.0;0;1
0;2;6.9;66.6;160.0;392.6;0.2;277.0;0;1
0;3;6.1;76.5;191.0;400.4;0.2;277.0;0;1
0;4;6.7;67.0;161.0;380.7;0.2;277.0;0;1
0;5;6.4;72.6;182.0;395.0;0.2;277.0;0;1
0;6;7.1;64.3;152.0;387.1;0.2;277.0;0;1
0;7;7.6;58.4;141.0;374.6;0.2;277.0;0;1
0;8;6.7;67.1;158.0;384.1;0.2;274.0;1;2
0;9;7.6;58.1;147.0;374.1;0.2;274.0;0;2
0;10;8.0;54.1;147.0;363.9;0.1;274.0;0;2
0;11;8.4;51.2;131.0;360.6;0.1;274.0;0;2
0;12;7.7;56.4;139.0;367.0;0.2;274.0;0;2
0;13;11.0;37.4;94.0;340.6;0.1;274.0;0;2
0;14;8.5;51.4;131.0;365.6;0.1;274.0;0;2
0;15;9.1;46.3;122.0;351.1;0.1;274.0;0;2
0;16;11.1;37.0;95.0;339.9;0.1;274.0;0;2
0;17;10.0;42.0;101.0;348.7;0.1;274.0;0;2
0;18;11.2;36.4;93.0;337.6;0.1;274.0;0;2
0;19;9.0;46.1;112.0;347.3;0.1;274.0;0;2
0;20;9.1;43.3;99.0;329.4;0.1;274.0;0;2
0;21;10.9;36.5;81.0;329.0;0.1;274.0;0;2
0;22;11.8;32.8;74.0;319.0;0.1;274.0;0;2
0;23;10.6;36.7;85.0;321.3;0.1;274.0;0;2
0;24;13.7;27.7;68.0;311.9;0.1;274.0;0;2
0;25;11.8;32.9;79.0;319.6;0.1;274.0;0;2
0;26;18.6;19.7;52.0;297.4;0.1;274.0;0;2
0;27;23.3;15.9;47.0;297.4;0.1;274.0;0;2
0;28;22.7;16.1;36.0;293.3;0.1;274.0;0;2
0;29;14.7;25.4;57.0;304.1;0.1;274.0;0;2
0;30;13.0;28.8;72.0;306.1;0.1;272.0;1;3
0;31;20.7;18.0;45.0;300.0;0.1;272.0;0;3
0;32;24.4;15.0;33.0;293.6;0.1;272.0;0;3
0;33;26.6;13.7;30.0;291.4;0.0;272.0;0;3
0;34;26.6;13.7;29.0;290.7;0.0;272.0;0;3
0;35;nan;0.0;0.0;275.0;0.0;272.0;0;3
0;36;nan;0.0;0.0;275.0;0.0;272.0;0;3
0;37;nan;0.0;0.0;275.0;0.0;272.0;0;3
0;38;nan;0.0;0.0;275.0;0.0;272.0;0;3
0;39;nan;0.0;0.0;275.0;0.0;272.0;0;3
0;40;nan;0.0;0.0;275.0;0.0;272.0;0;3
0;41;nan;0.0;0.0;275.0;0.0;272.0;0;3
0;42;nan;0.0;0.0;275.0;0.0;272.0;0;3
0;43;nan;0.0;0.0;275.0;0.0;272.0;0;3
0;44;nan;0.0;0.0;275.0;0.0;272.0;0;3
0;45;nan;0.0;0.0;275.0;0.0;272.0;0;3
0;46;nan;0.0;0.0;275.0;0.0;272.0;0;3
0;47;nan;0.0;0.0;275.0;0.0;272.0;0;3
0;48;nan;0.0;0.0;275.0;0.0;272.0;0;3
0;49;nan;0.0;0.0;275.0;0.0;272.0;0;3
0;50;nan;0.0;0.0;275.0;0.0;272.0;0;3
0;51;nan;0.0;0.0;275.0;0.0;272.0;0;3
0;52;nan;0.0;0.0;275.0;0.0;272.0;0;3
0;53;nan;0.0;0.0;275.0;0.0;272.0;0;3
0;54;nan;0.0;0.0;275.0;0.0;272.0;0;3
0;55;nan;0.0;0.0;275.0;0.0;272.0;0;3
0;56;nan;0.0;0.0;275.0;0.0;272.0;0;3
0;57;nan;0.0;0.0;275.0;0.0;272.0;0;3
0;58;nan;0.0;0.0;275.0;0.0;272.0;0;3
0;59;nan;0.0;0.0;275.0;0.0;272.0;0;3
0;60;nan;0.0;0.0;275.0;0.0;272.0;0;3
0;61;nan;0.0;0.0;275.0;0.0;272.0;0;3
0;62;nan;0.0;0.0;275.0;0.0;272.0;0;3
0;63;nan;0.0;0.0;275.0;0.0;272.0;0;3
0;64;nan;0.0;0.0;275.0;0.0;272.0;0;3
0;65;nan;0.0;0.0;275.0;0.0;272.0;0;3
0;66;nan;0.0;0.0;275.0;0.0;272.0;0;3
0;67;nan;0.0;0.0;275.0;0.0;272.0;0;3
0;68;nan;0.0;0.0;275.0;0.0;272.0;0;3
0;69;nan;0.0;0.0;275.0;0.0;272.0;0;3
0;70;nan;0.0;0.0;275.0;0.0;272.0;0;3
0;71;nan;0.0;0.0;275.0;0.0;272.0;0;3
0;72;nan;0.0;0.0;275.0;0.0;272.0;0;3
0;73;nan;0.0;0.0;275.0;0.0;272.0;0;3
0;74;nan;0.0;0.0;275.0;0.0;272.0;0;3
0;75;nan;0.0;0.0;275.0;0.0;272.0;0;3
0;76;6.1;65.3;138.0;339.7;0.2;272.0;0;3
0;77;7.3;52.3;118.0;324.0;0.2;272.0;0;3
0;78;8.4;45.8;104.0;322.4;0.1;272.0;0;3
0;79;8.5;44.5;102.0;316.9;0.1;271.0;1;4
0;80;11.0;33.9;73.0;307.3;0.1;271.0;0;4
0;81;15.1;24.3;59.0;299.3;0.1;271.0;0;4
0;82;9.2;40.9;89.0;313.6;0.1;271.0;0;4
0;83;13.0;28.5;68.0;304.3;0.1;271.0;0;4
0;84;13.6;27.1;59.0;300.3;0.1;271.0;0;4
0;85;15.1;24.6;60.0;302.3;0.1;271.0;0;4
0;86;16.6;21.9;48.0;294.9;0.1;271.0;0;4
0;87;27.5;13.1;33.0;287.6;0.0;271.0;0;4
0;88;100.0;2.3;6.0;278.4;0.0;271.0;0;4
0;89;100.0;2.3;6.0;278.4;0.0;271.0;0;4
0;90;100.0;3.1;9.0;278.0;0.0;271.0;0;4
0;91;100.0;2.0;4.0;278.7;0.0;271.0;0;4
0;92;100.0;1.8;4.0;278.0;0.0;271.0;0;4
0;93;100.0;1.5;3.0;278.3;0.0;271.0;0;4
0;94;nan;0.0;0.0;277.0;0.0;271.0;0;4
0;95;nan;0.0;0.0;277.0;0.0;271.0;0;4
0;96;nan;0.0;0.0;277.0;0.0;271.0;0;4
0;97;nan;0.0;0.0;277.0;0.0;271.0;0;4
0;98;nan;0.0;0.0;277.0;0.0;271.0;0;4
0;99;nan;0.0;0.0;277.0;0.0;271.0;0;4
0;100;nan;0.0;0.0;277.0;0.0;271.0;0;4
0;101;nan;0.0;0.0;277.0;0.0;271.0;0;4
0;102;nan;0.0;0.0;277.0;0.0;271.0;0;4
0;103;nan;0.0;0.0;277.0;0.0;271.0;0;4
0;104;nan;0.0;0.0;277.0;0.0;271.0;0;4
0;105;nan;0.0;0.0;277.0;0.0;271.0;0;4
0;106;nan;0.0;0.0;277.0;0.0;271.0;0;4
0;107;nan;0.0;0.0;277.0;0.0;271.0;0;4
0;108;nan;0.0;0.0;277.0;0.0;271.0;0;4
0;109;100.0;2.1;6.0;276.1;0.0;271.0;0;4
0;110;nan;0.0;0.0;277.0;0.0;271.0;0;4
0;111;nan;0.0;0.0;277.0;0.0;271.0;0;4
0;112;nan;0.0;0.0;277.0;0.0;271.0;0;4
0;113;nan;0.0;0.0;277.0;0.0;271.0;0;4
0;114;nan;0.0;0.0;277.0;0.0;271.0;0;4
0;115;nan;0.0;0.0;277.0;0.0;271.0;0;4
0;116;nan;0.0;0.0;277.0;0.0;271.0;0;4
0;117;nan;0.0;0.0;277.0;0.0;271.0;0;4
0;118;nan;0.0;0.0;277.0;0.0;271.0;0;4
0;119;nan;0.0;0.0;277.0;0.0;271.0;0;4
0;120;nan;0.0;0.0;277.0;0.0;271.0;0;4
0;121;nan;0.0;0.0;277.0;0.0;271.0;0;4
0;122;nan;0.0;0.0;277.0;0.0;271.0;0;4
0;123;nan;0.0;0.0;277.0;0.0;271.0;0;4
0;124;nan;0.0;0.0;277.0;0.0;271.0;0;4
0;125;10.1;35.9;89.0;301.7;0.1;271.0;0;4
0;126;12.1;29.7;69.0;296.1;0.1;271.0;0;4
0;127;nan;0.0;0.0;277.0;0.0;271.0;0;4
0;128;nan;0.0;0.0;277.0;0.0;271.0;0;4
0;129;nan;0.0;0.0;277.0;0.0;271.0;0;4
0;130;nan;0.0;0.0;277.0;0.0;271.0;0;4
0;131;nan;0.0;0.0;277.0;0.0;271.0;0;4
0;132;nan;0.0;0.0;277.0;0.0;271.0;0;4
0;133;nan;0.0;0.0;277.0;0.0;271.0;0;4
0;134;nan;0.0;0.0;277.0;0.0;271.0;0;4
0;135;nan;0.0;0.0;277.0;0.0;271.0;0;4
0;136;nan;0.0;0.0;277.0;0.0;271.0;0;4
0;137;nan;0.0;0.0;277.0;0.0;271.0;0;4
0;138;nan;0.0;0.0;277.0;0.0;271.0;0;4
0;139;nan;0.0;0.0;277.0;0.0;271.0;0;4
0;140;nan;0.0;0.0;277.0;0.0;271.0;0;4
0;141;nan;0.0;0.0;277.0;0.0;271.0;0;4
0;142;nan;0.0;0.0;277.0;0.0;271.0;0;4
0;143;nan;0.0;0.0;277.0;0.0;271.0;0;4
0;144;nan;0.0;0.0;277.0;0.0;271.0;0;4
0;145;nan;0.0;0.0;277.0;0.0;271.0;0;4
0;146;nan;0.0;0.0;277.0;0.0;271.0;0;4
0;147;nan;0.0;0.0;277.0;0.0;271.0;0;4
0;148;nan;0.0;0.0;277.0;0.0;271.0;0;4
0;149;nan;0.0;0.0;277.0;0.0;271.0;0;4
1;0;5.8;82.6;196.0;414.6;0.2;284.0;1;1
1;1;6.4;72.3;172.0;398.4;0.2;282.0;1;2
1;2;5.9;79.5;189.0;404.7;0.2;276.0;1;3
1;3;6.5;72.7;168.0;401.9;0.2;276.0;0;3
1;4;6.2;76.3;177.0;406.6;0.2;276.0;0;3
1;5;6.4;70.7;170.0;389.4;0.2;274.0;1;4
1;6;6.9;67.6;163.0;394.9;0.2;274.0;0;4
1;7;7.3;61.3;155.0;378.0;0.2;274.0;0;4
1;8;7.7;57.2;143.0;372.7;0.2;274.0;0;4
1;9;7.0;63.8;151.0;381.6;0.2;274.0;0;4
1;10;7.3;61.5;145.0;378.3;0.2;274.0;0;4
1;11;6.9;65.6;156.0;386.4;0.2;274.0;0;4
1;12;7.5;58.6;143.0;373.9;0.2;274.0;0;4
1;13;8.6;48.9;116.0;351.9;0.1;273.0;1;5
1;14;8.4;50.1;124.0;354.9;0.1;273.0;0;5
1;15;8.2;52.5;121.0;361.3;0.1;273.0;0;5
1;16;9.2;46.2;119.0;354.4;0.1;273.0;0;5
1;17;9.3;45.7;110.0;354.6;0.1;273.0;0;5
1;18;11.4;35.8;88.0;338.1;0.1;273.0;0;5
1;19;11.0;36.8;93.0;336.0;0.1;273.0;0;5
1;20;10.9;36.0;82.0;325.0;0.1;273.0;0;5
1;21;10.2;37.8;88.0;318.9;0.1;272.0;1;6
1;22;16.1;23.3;67.0;304.4;0.1;272.0;0;6
1;23;12.7;30.2;72.0;314.6;0.1;272.0;0;6
1;24;49.1;7.3;23.0;285.3;0.0;272.0;0;6
1;25;25.6;14.2;37.0;292.7;0.0;272.0;0;6
1;26;11.1;33.7;82.0;310.0;0.1;272.0;0;6
1;27;71.1;5.1;13.0;284.0;0.0;272.0;0;6
1;28;87.2;4.1;9.0;283.4;0.0;272.0;0;6
1;29;55.7;6.4;14.0;281.0;0.0;272.0;0;6
1;30;81.1;4.4;10.0;279.9;0.0;272.0;0;6
1;31;100.0;2.9;8.0;284.1;0.0;272.0;0;6
1;32;70.4;5.1;14.0;282.4;0.0;272.0;0;6
1;33;77.1;4.6;14.0;281.9;0.0;272.0;0;6
1;34;56.2;6.3;14.0;280.6;0.0;272.0;0;6
1;35;61.9;5.7;12.0;279.6;0.0;272.0;0;6
1;36;69.3;5.1;12.0;279.1;0.0;272.0;0;6
1;37;78.7;4.5;12.0;276.6;0.0;272.0;0;6
1;38;100.0;0.5;1.0;273.6;0.0;272.0;0;6
1;39;100.0;0.5;1.0;273.7;0.0;272.0;0;6
1;40;nan;0.0;0.0;273.0;0.0;272.0;0;6
1;41;100.0;0.5;1.0;273.6;0.0;272.0;0;6
1;42;nan;0.0;0.0;273.0;0.0;272.0;0;6
1;43;nan;0.0;0.0;273.0;0.0;272.0;0;6
1;44;nan;0.0;0.0;273.0;0.0;272.0;0;6
1;45;nan;0.0;0.0;273.0;0.0;272.0;0;6
1;46;nan;0.0;0.0;273.0;0.0;272.0;0;6
1;47;nan;0.0;0.0;273.0;0.0;272.0;0;6
1;48;nan;0.0;0.0;273.0;0.0;272.0;0;6
1;49;nan;0.0;0.0;273.0;0.0;272.0;0;6
1;50;nan;0.0;0.0;273.0;0.0;272.0;0;6
1;51;nan;0.0;0.0;273.0;0.0;272.0;0;6
1;52;nan;0.0;0.0;273.0;0.0;272.0;0;6
1;53;nan;0.0;0.0;273.0;0.0;272.0;0;6
1;54;nan;0.0;0.0;273.0;0.0;272.0;0;6
1;55;nan;0.0;0.0;273.0;0.0;272.0;0;6
1;56;nan;0.0;0.0;273.0;0.0;272.0;0;6
1;57;nan;0.0;0.0;273.0;0.0;272.0;0;6
1;58;nan;0.0;0.0;273.0;0.0;272.0;0;6
1;59;nan;0.0;0.0;273.0;0.0;272.0;0;6
1;60;nan;0.0;0.0;273.0;0.0;272.0;0;6
1;61;nan;0.0;0.0;273.0;0.0;272.0;0;6
1;62;nan;0.0;0.0;273.0;0.0;272.0;0;6
1;63;nan;0.0;0.0;273.0;0.0;272.0;0;6
1;64;nan;0.0;0.0;273.0;0.0;272.0;0;6
1;65;nan;0.0;0.0;273.0;0.0;272.0;0;6
1;66;nan;0.0;0.0;273.0;0.0;272.0;0;6
1;67;7.4;50.7;111.0;318.7;0.2;271.0;1;7
1;68;8.6;43.9;91.0;316.0;0.1;271.0;0;7
1;69;10.2;37.0;82.0;312.0;0.1;271.0;0;7
1;70;12.0;30.8;76.0;303.9;0.1;271.0;0;7
1;71;8.7;43.3;94.0;314.9;0.1;271.0;0;7
1;72;20.6;17.3;41.0;287.9;0.1;271.0;0;7
1;73;45.5;7.8;20.0;280.4;0.0;271.0;0;7
1;74;nan;0.0;0.0;274.0;0.0;271.0;0;7
1;75;nan;0.0;0.0;274.0;0.0;271.0;0;7
1;76;nan;0.0;0.0;274.0;0.0;271.0;0;7
1;77;nan;0.0;0.0;274.0;0.0;271.0;0;7
1;78;nan;0.0;0.0;274.0;0.0;271.0;0;7
1;79;nan;0.0;0.0;274.0;0.0;271.0;0;7
1;80;nan;0.0;0.0;274.0;0.0;271.0;0;7
1;81;nan;0.0;0.0;274.0;0.0;271.0;0;7
1;82;nan;0.0;0.0;274.0;0.0;271.0;0;7
1;83;nan;0.0;0.0;274.0;0.0;271.0;0;7
1;84;nan;0.0;0.0;274.0;0.0;271.0;0;7
1;85;nan;0.0;0.0;274.0;0.0;271.0;0;7
1;86;nan;0.0;0.0;274.0;0.0;271.0;0;7
1;87;nan;0.0;0.0;274.0;0.0;271.0;0;7
1;88;nan;0.0;0.0;274.0;0.0;271.0;0;7
1;89;nan;0.0;0.0;274.0;0.0;271.0;0;7
1;90;nan;0.0;0.0;274.0;0.0;271.0;0;7
1;91;nan;0.0;0.0;274.0;0.0;271.0;0;7
1;92;nan;0.0;0.0;274.0;0.0;271.0;0;7
1;93;nan;0.0;0.0;274.0;0.0;271.0;0;7
1;94;nan;0.0;0.0;274.0;0.0;271.0;0;7
1;95;nan;0.0;0.0;274.0;0.0;271.0;0;7
1;96;nan;0.0;0.0;274.0;0.0;271.0;0;7
1;97;nan;0.0;0.0;274.0;0.0;271.0;0;7
1;98;nan;0.0;0.0;274.0;0.0;271.0;0;7
1;99;nan;0.0;0.0;274.0;0.0;271.0;0;7
1;100;nan;0.0;0.0;274.0;0.0;271.0;0;7
1;101;nan;0.0;0.0;274.0;0.0;271.0;0;7
1;102;nan;0.0;0.0;274.0;0.0;271.0;0;7
1;103;nan;0.0;0.0;274.0;0.0;271.0;0;7
1;104;nan;0.0;0.0;274.0;0.0;271.0;0;7
1;105;nan;0.0;0.0;274.0;0.0;271.0;0;7
1;106;nan;0.0;0.0;274.0;0.0;271.0;0;7
1;107;nan;0.0;0.0;274.0;0.0;271.0;0;7
1;108;nan;0.0;0.0;274.0;0.0;271.0;0;7
1;109;nan;0.0;0.0;274.0;0.0;271.0;0;7
1;110;nan;0.0;0.0;274.0;0.0;271.0;0;7
1;111;nan;0.0;0.0;274.0;0.0;271.0;0;7
1;112;nan;0.0;0.0;274.0;0.0;271.0;0;7
1;113;18.9;18.7;45.0;286.6;0.1;271.0;0;7
1;114;19.3;18.5;46.0;288.0;0.1;271.0;0;7
1;115;38.3;9.2;25.0;281.1;0.0;271.0;0;7
1;116;nan;0.0;0.0;274.0;0.0;271.0;0;7
1;117;nan;0.0;0.0;274.0;0.0;271.0;0;7
1;118;nan;0.0;0.0;274.0;0.0;271.0;0;7
1;119;nan;0.0;0.0;274.0;0.0;271.0;0;7
1;120;nan;0.0;0.0;274.0;0.0;271.0;0;7
1;121;nan;0.0;0.0;274.0;0.0;271.0;0;7
1;122;nan;0.0;0.0;274.0;0.0;271.0;0;7
1;123;nan;0.0;0.0;274.0;0.0;271.0;0;7
1;124;nan;0.0;0.0;274.0;0.0;271.0;0;7
1;125;nan;0.0;0.0;274.0;0.0;271.0;0;7
1;126;nan;0.0;0.0;274.0;0.0;271.0;0;7
1;127;nan;0.0;0.0;274.0;0.0;271.0;0;7
1;128;nan;0.0;0.0;274.0;0.0;271.0;0;7
1;129;nan;0.0;0.0;274.0;0.0;271.0;0;7
1;130;nan;0.0;0.0;274.0;0.0;271.0;0;7
1;131;nan;0.0;0.0;274.0;0.0;271.0;0;7
1;132;nan;0.0;0.0;274.0;0.0;271.0;0;7
1;133;nan;0.0;0.0;274.0;0.0;271.0;0;7
1;134;nan;0.0;0.0;274.0;0.0;271.0;0;7
1;135;nan;0.0;0.0;274.0;0.0;271.0;0;7
1;136;nan;0.0;0.0;274.0;0.0;271.0;0;7
1;137;nan;0.0;0.0;274.0;0.0;271.0;0;7
1;138;nan;0.0;0.0;274.0;0.0;271.0;0;7
1;139;nan;0.0;0.0;274.0;0.0;271.0;0;7
1;140;nan;0.0;0.0;274.0;0.0;271.0;0;7
1;141;nan;0.0;0.0;274.0;0.0;271.0;0;7
1;142;nan;0.0;0.0;274.0;0.0;271.0;0;7
1;143;nan;0.0;0.0;274.0;0.0;271.0;0;7
1;144;nan;0.0;0.0;274.0;0.0;271.0;0;7
1;145;nan;0.0;0.0;274.0;0.0;271.0;0;7
1;146;nan;0.0;0.0;274.0;0.0;271.0;0;7
1;147;nan;0.0;0.0;274.0;0.0;271.0;0;7
1;148;nan;0.0;0.0;274.0;0.0;271.0;0;7
1;149;nan;0.0;0.0;274.0;0.0;271.0;0;7
2;0;6.2;75.0;184.0;400.0;0.2;279.0;1;1
2;1;6.4;73.0;172.0;400.7;0.2;279.0;0;1
2;2;6.7;68.0;163.0;391.1;0.2;279.0;0;1
2;3;6.8;66.0;162.0;384.4;0.2;277.0;1;2
2;4;7.1;63.6;148.0;383.1;0.2;277.0;0;2
2;5;6.7;68.7;162.0;393.3;0.2;277.0;0;2
2;6;7.2;63.7;148.0;386.9;0.2;277.0;0;2
2;7;7.6;57.7;147.0;370.9;0.2;277.0;0;2
2;8;7.4;60.1;139.0;378.9;0.2;277.0;0;2
2;9;7.1;64.0;152.0;384.3;0.2;277.0;0;2
2;10;8.1;53.5;134.0;366.0;0.1;277.0;0;2
2;11;7.7;56.9;136.0;370.7;0.2;277.0;0;2
2;12;7.6;56.5;138.0;361.6;0.2;277.0;0;2
2;13;7.7;57.3;140.0;371.1;0.2;277.0;0;2
2;14;9.7;43.4;106.0;352.0;0.1;277.0;0;2
2;15;10.5;39.4;98.0;343.9;0.1;277.0;0;2
2;16;9.9;43.0;102.0;353.0;0.1;277.0;0;2
2;17;9.9;42.7;113.0;350.1;0.1;277.0;0;2
2;18;14.6;27.2;80.0;323.4;0.1;277.0;0;2
2;19;11.3;35.6;90.0;332.7;0.1;275.0;1;3
2;20;8.9;45.1;97.0;334.7;0.1;275.0;0;3
2;21;15.4;24.5;63.0;306.3;0.1;275.0;0;3
2;22;11.6;33.2;84.0;319.0;0.1;275.0;0;3
2;23;12.2;31.2;75.0;312.7;0.1;275.0;0;3
2;24;17.4;21.3;51.0;300.0;0.1;271.0;1;4
2;25;21.3;17.1;46.0;294.4;0.1;271.0;0;4
2;26;19.8;18.4;43.0;294.6;0.1;271.0;0;4
2;27;25.3;14.3;36.0;289.7;0.0;271.0;0;4
2;28;29.5;12.3;34.0;288.7;0.0;271.0;0;4
2;29;20.7;17.5;37.0;292.1;0.1;271.0;0;4
2;30;nan;0.0;0.0;271.0;0.0;271.0;0;4
2;31;nan;0.0;0.0;271.0;0.0;271.0;0;4
2;32;nan;0.0;0.0;271.0;0.0;271.0;0;4
2;33;nan;0.0;0.0;271.0;0.0;271.0;0;4
2;34;nan;0.0;0.0;271.0;0.0;271.0;0;4
2;35;nan;0.0;0.0;271.0;0.0;271.0;0;4
2;36;nan;0.0;0.0;271.0;0.0;271.0;0;4
2;37;nan;0.0;0.0;271.0;0.0;271.0;0;4
2;38;nan;0.0;0.0;271.0;0.0;271.0;0;4
2;39;nan;0.0;0.0;271.0;0.0;271.0;0;4
2;40;nan;0.0;0.0;271.0;0.0;271.0;0;4
2;41;nan;0.0;0.0;271.0;0.0;271.0;0;4
2;42;nan;0.0;0.0;271.0;0.0;271.0;0;4
2;43;nan;0.0;0.0;271.0;0.0;271.0;0;4
2;44;nan;0.0;0.0;271.0;0.0;271.0;0;4
2;45;nan;0.0;0.0;271.0;0.0;271.0;0;4
2;46;nan;0.0;0.0;271.0;0.0;271.0;0;4
2;47;nan;0.0;0.0;271.0;0.0;271.0;0;4
2;48;nan;0.0;0.0;271.0;0.0;271.0;0;4
2;49;nan;0.0;0.0;271.0;0.0;271.0;0;4
2;50;nan;0.0;0.0;271.0;0.0;271.0;0;4
2;51;nan;0.0;0.0;271.0;0.0;271.0;0;4
2;52;nan;0.0;0.0;271.0;0.0;271.0;0;4
2;53;nan;0.0;0.0;271.0;0.0;271.0;0;4
2;54;nan;0.0;0.0;271.0;0.0;271.0;0;4
2;55;nan;0.0;0.0;271.0;0.0;271.0;0;4
2;56;nan;0.0;0.0;271.0;0.0;271.0;0;4
2;57;nan;0.0;0.0;271.0;0.0;271.0;0;4
2;58;nan;0.0;0.0;271.0;0.0;271.0;0;4
2;59;nan;0.0;0.0;271.0;0.0;271.0;0;4
2;60;nan;0.0;0.0;271.0;0.0;271.0;0;4
2;61;nan;0.0;0.0;271.0;0.0;271.0;0;4
2;62;nan;0.0;0.0;271.0;0.0;271.0;0;4
2;63;nan;0.0;0.0;271.0;0.0;271.0;0;4
2;64;nan;0.0;0.0;271.0;0.0;271.0;0;4
2;65;nan;0.0;0.0;271.0;0.0;271.0;0;4
2;66;nan;0.0;0.0;271.0;0.0;271.0;0;4
2;67;nan;0.0;0.0;271.0;0.0;271.0;0;4
2;68;nan;0.0;0.0;271.0;0.0;271.0;0;4
2;69;nan;0.0;0.0;271.0;0.0;271.0;0;4
2;70;7.4;51.2;109.0;322.6;0.2;271.0;0;4
2;71;10.4;35.9;84.0;311.3;0.1;271.0;0;4
2;72;11.1;32.9;74.0;302.6;0.1;271.0;0;4
2;73;12.2;30.0;67.0;301.0;0.1;271.0;0;4
2;74;22.0;16.1;36.0;284.7;0.1;271.0;0;4
2;75;17.5;20.7;47.0;292.3;0.1;271.0;0;4
2;76;45.5;7.7;21.0;277.0;0.0;271.0;0;4
2;77;100.0;2.4;7.0;272.0;0.0;271.0;0;4
2;78;89.8;3.9;11.0;273.1;0.0;271.0;0;4
2;79;nan;0.0;0.0;271.0;0.0;271.0;0;4
2;80;nan;0.0;0.0;271.0;0.0;271.0;0;4
2;81;nan;0.0;0.0;271.0;0.0;271.0;0;4
2;82;nan;0.0;0.0;271.0;0.0;271.0;0;4
2;83;nan;0.0;0.0;271.0;0.0;271.0;0;4
2;84;nan;0.0;0.0;271.0;0.0;271.0;0;4
2;85;nan;0.0;0.0;271.0;0.0;271.0;0;4
2;86;nan;0.0;0.0;271.0;0.0;271.0;0;4
2;87;nan;0.0;0.0;271.0;0.0;271.0;0;4
2;88;nan;0.0;0.0;271.0;0.0;271.0;0;4
2;89;nan;0.0;0.0;271.0;0.0;271.0;0;4
2;90;nan;0.0;0.0;271.0;0.0;271.0;0;4
2;91;nan;0.0;0.0;271.0;0.0;271.0;0;4
2;92;nan;0.0;0.0;271.0;0.0;271.0;0;4
2;93;nan;0.0;0.0;271.0;0.0;271.0;0;4
2;94;nan;0.0;0.0;271.0;0.0;271.0;0;4
2;95;nan;0.0;0.0;271.0;0.0;271.0;0;4
2;96;nan;0.0;0.0;271.0;0.0;271.0;0;4
2;97;nan;0.0;0.0;271.0;0.0;271.0;0;4
2;98;nan;0.0;0.0;271.0;0.0;271.0;0;4
2;99;nan;0.0;0.0;271.0;0.0;271.0;0;4
2;100;nan;0.0;0.0;271.0;0.0;271.0;0;4
2;101;nan;0.0;0.0;271.0;0.0;271.0;0;4
2;102;nan;0.0;0.0;271.0;0.0;271.0;0;4
2;103;nan;0.0;0.0;271.0;0.0;271.0;0;4
2;104;nan;0.0;0.0;271.0;0.0;271.0;0;4
2;105;nan;0.0;0.0;271.0;0.0;271.0;0;4
2;106;nan;0.0;0.0;271.0;0.0;271.0;0;4
2;107;nan;0.0;0.0;271.0;0.0;271.0;0;4
2;108;nan;0.0;0.0;271.0;0.0;271.0;0;4
2;109;nan;0.0;0.0;271.0;0.0;271.0;0;4
2;110;nan;0.0;0.0;271.0;0.0;271.0;0;4
2;111;nan;0.0;0.0;271.0;0.0;271.0;0;4
2;112;nan;0.0;0.0;271.0;0.0;271.0;0;4
2;113;nan;0.0;0.0;271.0;0.0;271.0;0;4
2;114;nan;0.0;0.0;271.0;0.0;271.0;0;4
2;115;9.0;40.0;99.0;301.0;0.1;271.0;0;4
2;116;29.6;12.0;33.0;283.0;0.0;271.0;0;4
2;117;49.9;7.0;18.0;275.7;0.0;271.0;0;4
2;118;nan;0.0;0.0;271.0;0.0;271.0;0;4
2;119;nan;0.0;0.0;271.0;0.0;271.0;0;4
2;120;nan;0.0;0.0;271.0;0.0;271.0;0;4
2;121;nan;0.0;0.0;271.0;0.0;271.0;0;4
2;122;nan;0.0;0.0;271.0;0.0;271.0;0;4
2;123;nan;0.0;0.0;271.0;0.0;271.0;0;4
2;124;nan;0.0;0.0;271.0;0.0;271.0;0;4
2;125;nan;0.0;0.0;271.0;0.0;271.0;0;4
2;126;nan;0.0;0.0;271.0;0.0;271.0;0;4
2;127;nan;0.0;0.0;271.0;0.0;271.0;0;4
2;128;nan;0.0;0.0;271.0;0.0;271.0;0;4
2;129;nan;0.0;0.0;271.0;0.0;271.0;0;4
2;130;nan;0.0;0.0;271.0;0.0;271.0;0;4
2;131;nan;0.0;0.0;271.0;0.0;271.0;0;4
2;132;nan;0.0;0.0;271.0;0.0;271.0;0;4
2;133;nan;0.0;0.0;271.0;0.0;271.0;0;4
2;134;nan;0.0;0.0;271.0;0.0;271.0;0;4
2;135;nan;0.0;0.0;271.0;0.0;271.0;0;4
2;136;nan;0.0;0.0;271.0;0.0;271.0;0;4
2;137;nan;0.0;0.0;271.0;0.0;271.0;0;4
2;138;nan;0.0;0.0;271.0;0.0;271.0;0;4
2;139;nan;0.0;0.0;271.0;0.0;271.0;0;4
2;140;nan;0.0;0.0;271.0;0.0;271.0;0;4
2;141;nan;0.0;0.0;271.0;0.0;271.0;0;4
2;142;nan;0.0;0.0;271.0;0.0;271.0;0;4
2;143;nan;0.0;0.0;271.0;0.0;271.0;0;4
2;144;nan;0.0;0.0;271.0;0.0;271.0;0;4
2;145;nan;0.0;0.0;271.0;0.0;271.0;0;4
2;146;nan;0.0;0.0;271.0;0.0;271.0;0;4
2;147;nan;0.0;0.0;271.0;0.0;271.0;0;4
2;148;nan;0.0;0.0;271.0;0.0;271.0;0;4
2;149;nan;0.0;0.0;271.0;0.0;271.0;0;4
3;0;5.7;83.9;193.0;410.7;0.2;278.0;1;1
3;1;6.3;73.8;180.0;400.7;0.2;278.0;0;1
3;2;6.4;71.7;173.0;394.7;0.2;278.0;0;1
3;3;5.7;84.0;201.0;414.9;0.2;278.0;0;1
3;4;6.6;69.6;169.0;391.6;0.2;278.0;0;1
3;5;7.2;62.6;146.0;381.0;0.2;278.0;0;1
3;6;7.9;56.3;136.0;375.6;0.1;278.0;0;1
3;7;6.6;67.5;165.0;382.1;0.2;271.0;1;2
3;8;6.8;66.9;159.0;386.0;0.2;271.0;0;2
3;9;7.6;59.4;149.0;379.6;0.2;271.0;0;2
3;10;8.3;52.1;123.0;365.1;0.1;271.0;0;2
3;11;7.2;62.8;154.0;382.0;0.2;271.0;0;2
3;12;7.9;55.3;142.0;366.4;0.2;271.0;0;2
3;13;8.5;50.7;131.0;362.3;0.1;271.0;0;2
3;14;8.4;51.0;125.0;360.4;0.1;271.0;0;2
3;15;10.6;38.7;100.0;339.7;0.1;271.0;0;2
3;16;10.4;40.2;106.0;345.9;0.1;271.0;0;2
3;17;10.8;38.0;98.0;339.6;0.1;271.0;0;2
3;18;10.8;38.2;105.0;341.9;0.1;271.0;0;2
3;19;11.7;33.5;83.0;323.0;0.1;271.0;0;2
3;20;11.4;33.8;82.0;317.6;0.1;271.0;0;2
3;21;11.8;32.1;72.0;313.6;0.1;271.0;0;2
3;22;13.6;28.4;63.0;315.0;0.1;271.0;0;2
3;23;18.5;20.3;50.0;302.6;0.1;271.0;0;2
3;24;16.5;22.7;54.0;304.4;0.1;271.0;0;2
3;25;15.4;24.4;59.0;307.4;0.1;271.0;0;2
3;26;28.3;13.1;33.0;295.1;0.0;271.0;0;2
3;27;22.5;16.3;47.0;294.7;0.1;271.0;0;2
3;28;13.5;27.8;62.0;307.6;0.1;271.0;0;2
3;29;19.8;18.5;50.0;296.7;0.1;271.0;0;2
3;30;100.0;1.6;5.0;282.6;0.0;271.0;0;2
3;31;100.0;2.9;7.0;285.6;0.0;271.0;0;2
3;32;nan;0.0;0.0;283.0;0.0;271.0;0;2
3;33;nan;0.0;0.0;283.0;0.0;271.0;0;2
3;34;100.0;1.4;4.0;282.4;0.0;271.0;0;2
3;35;100.0;1.4;4.0;282.4;0.0;271.0;0;2
3;36;100.0;1.4;4.0;282.4;0.0;271.0;0;2
3;37;100.0;3.1;9.0;281.1;0.0;271.0;0;2
3;38;100.0;1.4;4.0;282.4;0.0;271.0;0;2
3;39;nan;0.0;0.0;283.0;0.0;271.0;0;2
3;40;100.0;1.4;4.0;282.4;0.0;271.0;0;2
3;41;nan;0.0;0.0;283.0;0.0;271.0;0;2
3;42;nan;0.0;0.0;283.0;0.0;271.0;0;2
3;43;100.0;1.4;4.0;282.4;0.0;271.0;0;2
3;44;nan;0.0;0.0;283.0;0.0;271.0;0;2
3;45;nan;0.0;0.0;283.0;0.0;271.0;0;2
3;46;nan;0.0;0.0;283.0;0.0;271.0;0;2
3;47;nan;0.0;0.0;283.0;0.0;271.0;0;2
3;48;nan;0.0;0.0;283.0;0.0;271.0;0;2
3;49;nan;0.0;0.0;283.0;0.0;271.0;0;2
3;50;nan;0.0;0.0;283.0;0.0;271.0;0;2
3;51;nan;0.0;0.0;283.0;0.0;271.0;0;2
3;52;nan;0.0;0.0;283.0;0.0;271.0;0;2
3;53;6.8;60.1;134.0;347.6;0.2;271.0;0;2
3;54;8.1;49.5;112.0;336.4;0.1;271.0;0;2
3;55;9.6;40.6;96.0;324.9;0.1;271.0;0;2
3;56;17.5;21.4;55.0;303.0;0.1;271.0;0;2
3;57;20.3;18.6;41.0;304.7;0.1;271.0;0;2
3;58;17.6;21.1;53.0;301.1;0.1;271.0;0;2
3;59;31.3;11.6;26.0;290.7;0.0;271.0;0;2
3;60;85.0;4.3;12.0;285.4;0.0;271.0;0;2
3;61;100.0;1.4;4.0;282.4;0.0;271.0;0;2
3;62;100.0;1.4;4.0;282.4;0.0;271.0;0;2
3;63;100.0;1.4;4.0;282.4;0.0;271.0;0;2
3;64;nan;0.0;0.0;283.0;0.0;271.0;0;2
3;65;100.0;1.7;5.0;282.3;0.0;271.0;0;2
3;66;100.0;1.8;4.0;281.9;0.0;271.0;0;2
3;67;100.0;1.7;5.0;282.0;0.0;271.0;0;2
3;68;nan;0.0;0.0;283.0;0.0;271.0;0;2
3;69;nan;0.0;0.0;283.0;0.0;271.0;0;2
3;70;nan;0.0;0.0;283.0;0.0;271.0;0;2
3;71;nan;0.0;0.0;283.0;0.0;271.0;0;2
3;72;nan;0.0;0.0;283.0;0.0;271.0;0;2
3;73;nan;0.0;0.0;283.0;0.0;271.0;0;2
3;74;nan;0.0;0.0;283.0;0.0;271.0;0;2
3;75;nan;0.0;0.0;283.0;0.0;271.0;0;2
3;76;nan;0.0;0.0;283.0;0.0;271.0;0;2
3;77;nan;0.0;0.0;283.0;0.0;271.0;0;2
3;78;nan;0.0;0.0;283.0;0.0;271.0;0;2
3;79;nan;0.0;0.0;283.0;0.0;271.0;0;2
3;80;nan;0.0;0.0;283.0;0.0;271.0;0;2
3;81;nan;0.0;0.0;283.0;0.0;271.0;0;2
3;82;nan;0.0;0.0;283.0;0.0;271.0;0;2
3;83;nan;0.0;0.0;283.0;0.0;271.0;0;2
3;84;nan;0.0;0.0;283.0;0.0;271.0;0;2
3;85;nan;0.0;0.0;283.0;0.0;271.0;0;2
3;86;nan;0.0;0.0;283.0;0.0;271.0;0;2
3;87;nan;0.0;0.0;283.0;0.0;271.0;0;2
3;88;nan;0.0;0.0;283.0;0.0;271.0;0;2
3;89;nan;0.0;0.0;283.0;0.0;271.0;0;2
3;90;nan;0.0;0.0;283.0;0.0;271.0;0;2
3;91;nan;0.0;0.0;283.0;0.0;271.0;0;2
3;92;nan;0.0;0.0;283.0;0.0;271.0;0;2
3;93;nan;0.0;0.0;283.0;0.0;271.0;0;2
3;94;nan;0.0;0.0;283.0;0.0;271.0;0;2
3;95;nan;0.0;0.0;283.0;0.0;271.0;0;2
3;96;nan;0.0;0.0;283.0;0.0;271.0;0;2
3;97;100.0;1.3;3.0;282.0;0.0;271.0;0;2
3;98;9.9;36.8;93.0;304.1;0.1;271.0;0;2
3;99;13.6;26.6;66.0;297.3;0.1;271.0;0;2
3;100;12.9;27.7;68.0;294.1;0.1;271.0;0;2
3;101;25.0;14.3;40.0;286.0;0.0;271.0;0;2
3;102;100.0;0.5;1.0;283.3;0.0;271.0;0;2
3;103;nan;0.0;0.0;283.0;0.0;271.0;0;2
3;104;nan;0.0;0.0;283.0;0.0;271.0;0;2
3;105;nan;0.0;0.0;283.0;0.0;271.0;0;2
3;106;nan;0.0;0.0;283.0;0.0;271.0;0;2
3;107;nan;0.0;0.0;283.0;0.0;271.0;0;2
3;108;nan;0.0;0.0;283.0;0.0;271.0;0;2
3;109;nan;0.0;0.0;283.0;0.0;271.0;0;2
3;110;nan;0.0;0.0;283.0;0.0;271.0;0;2
3;111;nan;0.0;0.0;283.0;0.0;271.0;0;2
3;112;nan;0.0;0.0;283.0;0.0;271.0;0;2
3;113;nan;0.0;0.0;283.0;0.0;271.0;0;2
3;114;nan;0.0;0.0;283.0;0.0;271.0;0;2
3;115;nan;0.0;0.0;283.0;0.0;271.0;0;2
3;116;nan;0.0;0.0;283.0;0.0;271.0;0;2
3;117;nan;0.0;0.0;283.0;0.0;271.0;0;2
3;118;nan;0.0;0.0;283.0;0.0;271.0;0;2
3;119;nan;0.0;0.0;283.0;0.0;271.0;0;2
3;120;nan;0.0;0.0;283.0;0.0;271.0;0;2
3;121;nan;0.0;0.0;283.0;0.0;271.0;0;2
3;122;nan;0.0;0.0;283.0;0.0;271.0;0;2
3;123;nan;0.0;0.0;283.0;0.0;271.0;0;2
3;124;nan;0.0;0.0;283.0;0.0;271.0;0;2
3;125;nan;0.0;0.0;283.0;0.0;271.0;0;2
3;126;nan;0.0;0.0;283.0;0.0;271.0;0;2
3;127;100.0;1.3;3.0;282.0;0.0;271.0;0;2
3;128;nan;0.0;0.0;283.0;0.0;271.0;0;2
3;129;nan;0.0;0.0;283.0;0.0;271.0;0;2
3;130;nan;0.0;0.0;283.0;0.0;271.0;0;2
3;131;nan;0.0;0.0;283.0;0.0;271.0;0;2
3;132;nan;0.0;0.0;283.0;0.0;271.0;0;2
3;133;nan;0.0;0.0;283.0;0.0;271.0;0;2
3;134;nan;0.0;0.0;283.0;0.0;271.0;0;2
3;135;nan;0.0;0.0;283.0;0.0;271.0;0;2
3;136;nan;0.0;0.0;283.0;0.0;271.0;0;2
3;137;nan;0.0;0.0;283.0;0.0;271.0;0;2
3;138;nan;0.0;0.0;283.0;0.0;271.0;0;2
3;139;nan;0.0;0.0;283.0;0.0;271.0;0;2
3;140;nan;0.0;0.0;283.0;0.0;271.0;0;2
3;141;nan;0.0;0.0;283.0;0.0;271.0;0;2
3;142;nan;0.0;0.0;283.0;0.0;271.0;0;2
3;143;nan;0.0;0.0;283.0;0.0;271.0;0;2
3;144;nan;0.0;0.0;283.0;0.0;271.0;0;2
3;145;nan;0.0;0.0;283.0;0.0;271.0;0;2
3;146;nan;0.0;0.0;283.0;0.0;271.0;0;2
3;147;nan;0.0;0.0;283.0;0.0;271.0;0;2
3;148;nan;0.0;0.0;283.0;0.0;271.0;0;2
3;149;nan;0.0;0.0;283.0;0.0;271.0;0;2
4;0;5.9;80.7;196.0;407.6;0.2;280.0;1;1
4;1;6.7;67.3;166.0;385.7;0.2;280.0;0;1
4;2;5.9;80.1;196.0;408.6;0.2;279.0;1;2
4;3;7.5;59.8;142.0;379.7;0.2;279.0;0;2
4;4;6.7;67.8;162.0;387.6;0.2;279.0;0;2
4;5;7.6;58.8;151.0;377.6;0.2;279.0;0;2
4;6;8.2;52.2;124.0;362.3;0.1;279.0;0;2
4;7;7.5;59.2;136.0;377.4;0.2;279.0;0;2
4;8;6.7;68.3;172.0;388.3;0.2;279.0;0;2
4;9;6.9;66.2;161.0;386.1;0.2;275.0;1;3
4;10;7.0;62.9;149.0;376.3;0.2;275.0;0;3
4;11;7.4;60.0;144.0;377.6;0.2;275.0;0;3
4;12;8.6;49.8;124.0;359.1;0.1;275.0;0;3
4;13;8.8;47.4;123.0;350.1;0.1;275.0;0;3
4;14;10.0;41.7;102.0;346.1;0.1;275.0;0;3
4;15;10.9;36.8;113.0;333.7;0.1;275.0;0;3
4;16;9.3;46.8;112.0;361.9;0.1;275.0;0;3
4;17;9.3;45.5;113.0;352.1;0.1;275.0;0;3
4;18;10.6;39.0;95.0;343.1;0.1;275.0;0;3
4;19;9.7;43.4;103.0;349.0;0.1;275.0;0;3
4;20;10.2;38.4;88.0;325.0;0.1;275.0;0;3
4;21;14.3;26.8;62.0;314.0;0.1;275.0;0;3
4;22;12.5;30.8;75.0;315.0;0.1;275.0;0;3
4;23;13.1;29.3;64.0;314.0;0.1;275.0;0;3
4;24;12.5;30.5;72.0;313.7;0.1;275.0;0;3
4;25;13.9;27.5;61.0;313.0;0.1;275.0;0;3
4;26;26.7;14.0;37.0;298.3;0.0;275.0;0;3
4;27;26.5;13.9;35.0;294.0;0.0;275.0;0;3
4;28;20.9;17.7;46.0;298.6;0.1;271.0;1;4
4;29;30.3;12.0;29.0;290.1;0.0;271.0;0;4
4;30;32.7;11.0;30.0;286.6;0.0;271.0;0;4
4;31;40.1;9.1;23.0;290.0;0.0;271.0;0;4
4;32;59.8;5.9;16.0;278.6;0.0;271.0;0;4
4;33;nan;0.0;0.0;271.0;0.0;271.0;0;4
4;34;nan;0.0;0.0;271.0;0.0;271.0;0;4
4;35;nan;0.0;0.0;271.0;0.0;271.0;0;4
4;36;nan;0.0;0.0;271.0;0.0;271.0;0;4
4;37;nan;0.0;0.0;271.0;0.0;271.0;0;4
4;38;nan;0.0;0.0;271.0;0.0;271.0;0;4
4;39;nan;0.0;0.0;271.0;0.0;271.0;0;4
4;40;nan;0.0;0.0;271.0;0.0;271.0;0;4
4;41;nan;0.0;0.0;271.0;0.0;271.0;0;4
4;42;nan;0.0;0.0;271.0;0.0;271.0;0;4
4;43;nan;0.0;0.0;271.0;0.0;271.0;0;4
4;44;nan;0.0;0.0;271.0;0.0;271.0;0;4
4;45;nan;0.0;0.0;271.0;0.0;271.0;0;4
4;46;nan;0.0;0.0;271.0;0.0;271.0;0;4
4;47;nan;0.0;0.0;271.0;0.0;271.0;0;4
4;48;nan;0.0;0.0;271.0;0.0;271.0;0;4
4;49;nan;0.0;0.0;271.0;0.0;271.0;0;4
4;50;nan;0.0;0.0;271.0;0.0;271.0;0;4
4;51;nan;0.0;0.0;271.0;0.0;271.0;0;4
4;52;nan;0.0;0.0;271.0;0.0;271.0;0;4
4;53;nan;0.0;0.0;271.0;0.0;271.0;0;4
4;54;nan;0.0;0.0;271.0;0.0;271.0;0;4
4;55;nan;0.0;0.0;271.0;0.0;271.0;0;4
4;56;nan;0.0;0.0;271.0;0.0;271.0;0;4
4;57;nan;0.0;0.0;271.0;0.0;271.0;0;4
4;58;nan;0.0;0.0;271.0;0.0;271.0;0;4
4;59;nan;0.0;0.0;271.0;0.0;271.0;0;4
4;60;nan;0.0;0.0;271.0;0.0;271.0;0;4
4;61;nan;0.0;0.0;271.0;0.0;271.0;0;4
4;62;nan;0.0;0.0;271.0;0.0;271.0;0;4
4;63;nan;0.0;0.0;271.0;0.0;271.0;0;4
4;64;nan;0.0;0.0;271.0;0.0;271.0;0;4
4;65;nan;0.0;0.0;271.0;0.0;271.0;0;4
4;66;nan;0.0;0.0;271.0;0.0;271.0;0;4
4;67;nan;0.0;0.0;271.0;0.0;271.0;0;4
4;68;nan;0.0;0.0;271.0;0.0;271.0;0;4
4;69;nan;0.0;0.0;271.0;0.0;271.0;0;4
4;70;nan;0.0;0.0;271.0;0.0;271.0;0;4
4;71;nan;0.0;0.0;271.0;0.0;271.0;0;4
4;72;nan;0.0;0.0;271.0;0.0;271.0;0;4
4;73;nan;0.0;0.0;271.0;0.0;271.0;0;4
4;74;8.6;44.0;101.0;318.1;0.1;271.0;0;4
4;75;11.2;33.3;78.0;308.0;0.1;271.0;0;4
4;76;16.0;22.7;54.0;294.6;0.1;271.0;0;4
4;77;15.2;24.2;56.0;299.7;0.1;271.0;0;4
4;78;19.0;18.7;39.0;287.4;0.1;271.0;0;4
4;79;32.8;10.7;23.0;280.3;0.0;271.0;0;4
4;80;47.6;7.4;16.0;277.3;0.0;271.0;0;4
4;81;95.2;3.7;9.0;273.3;0.0;271.0;0;4
4;82;nan;0.0;0.0;271.0;0.0;271.0;0;4
4;83;nan;0.0;0.0;271.0;0.0;271.0;0;4
4;84;nan;0.0;0.0;271.0;0.0;271.0;0;4
4;85;nan;0.0;0.0;271.0;0.0;271.0;0;4
4;86;nan;0.0;0.0;271.0;0.0;271.0;0;4
4;87;nan;0.0;0.0;271.0;0.0;271.0;0;4
4;88;nan;0.0;0.0;271.0;0.0;271.0;0;4
4;89;nan;0.0;0.0;271.0;0.0;271.0;0;4
4;90;nan;0.0;0.0;271.0;0.0;271.0;0;4
4;91;nan;0.0;0.0;271.0;0.0;271.0;0;4
4;92;nan;0.0;0.0;271.0;0.0;271.0;0;4
4;93;nan;0.0;0.0;271.0;0.0;271.0;0;4
4;94;nan;0.0;0.0;271.0;0.0;271.0;0;4
4;95;nan;0.0;0.0;271.0;0.0;271.0;0;4
4;96;nan;0.0;0.0;271.0;0.0;271.0;0;4
4;97;nan;0.0;0.0;271.0;0.0;271.0;0;4
4;98;nan;0.0;0.0;271.0;0.0;271.0;0;4
4;99;nan;0.0;0.0;271.0;0.0;271.0;0;4
4;100;nan;0.0;0.0;271.0;0.0;271.0;0;4
4;101;nan;0.0;0.0;271.0;0.0;271.0;0;4
4;102;nan;0.0;0.0;271.0;0.0;271.0;0;4
4;103;nan;0.0;0.0;271.0;0.0;271.0;0;4
4;104;nan;0.0;0.0;271.0;0.0;271.0;0;4
4;105;nan;0.0;0.0;271.0;0.0;271.0;0;4
4;106;nan;0.0;0.0;271.0;0.0;271.0;0;4
4;107;nan;0.0;0.0;271.0;0.0;271.0;0;4
4;108;nan;0.0;0.0;271.0;0.0;271.0;0;4
4;109;nan;0.0;0.0;271.0;0.0;271.0;0;4
4;110;nan;0.0;0.0;271.0;0.0;271.0;0;4
4;111;nan;0.0;0.0;271.0;0.0;271.0;0;4
4;112;nan;0.0;0.0;271.0;0.0;271.0;0;4
4;113;nan;0.0;0.0;271.0;0.0;271.0;0;4
4;114;nan;0.0;0.0;271.0;0.0;271.0;0;4
4;115;nan;0.0;0.0;271.0;0.0;271.0;0;4
4;116;nan;0.0;0.0;271.0;0.0;271.0;0;4
4;117;nan;0.0;0.0;271.0;0.0;271.0;0;4
4;118;nan;0.0;0.0;271.0;0.0;271.0;0;4
4;119;11.8;30.5;73.0;296.4;0.1;271.0;0;4
4;120;68.5;5.1;15.0;274.1;0.0;271.0;0;4
4;121;47.7;7.3;17.0;276.0;0.0;271.0;0;4
4;122;100.0;1.7;5.0;271.7;0.0;271.0;0;4
4;123;100.0;2.8;8.0;272.1;0.0;271.0;0;4
4;124;nan;0.0;0.0;271.0;0.0;271.0;0;4
4;125;nan;0.0;0.0;271.0;0.0;271.0;0;4
4;126;nan;0.0;0.0;271.0;0.0;271.0;0;4
4;127;nan;0.0;0.0;271.0;0.0;271.0;0;4
4;128;nan;0.0;0.0;271.0;0.0;271.0;0;4
4;129;nan;0.0;0.0;271.0;0.0;271.0;0;4
4;130;nan;0.0;0.0;271.0;0.0;271.0;0;4
4;131;nan;0.0;0.0;271.0;0.0;271.0;0;4
4;132;nan;0.0;0.0;271.0;0.0;271.0;0;4
4;133;nan;0.0;0.0;271.0;0.0;271.0;0;4
4;134;nan;0.0;0.0;271.0;0.0;271.0;0;4
4;135;nan;0.0;0.0;271.0;0.0;271.0;0;4
4;136;nan;0.0;0.0;271.0;0.0;271.0;0;4
4;137;nan;0.0;0.0;271.0;0.0;271.0;0;4
4;138;nan;0.0;0.0;271.0;0.0;271.0;0;4
4;139;nan;0.0;0.0;271.0;0.0;271.0;0;4
4;140;nan;0.0;0.0;271.0;0.0;271.0;0;4
4;141;nan;0.0;0.0;271.0;0.0;271.0;0;4
4;142;nan;0.0;0.0;271.0;0.0;271.0;0;4
4;143;nan;0.0;0.0;271.0;0.0;271.0;0;4
4;144;nan;0.0;0.0;271.0;0.0;271.0;0;4
4;145;nan;0.0;0.0;271.0;0.0;271.0;0;4
4;146;nan;0.0;0.0;271.0;0.0;271.0;0;4
4;147;nan;0.0;0.0;271.0;0.0;271.0;0;4
4;148;nan;0.0;0.0;271.0;0.0;271.0;0;4
4;149;nan;0.0;0.0;271.0;0.0;271.0;0;4
5;0;6.3;74.2;170.0;400.1;0.2;281.0;1;1
5;1;6.2;75.5;176.0;403.6;0.2;281.0;0;1
5;2;6.4;73.0;174.0;399.4;0.2;281.0;0;1
5;3;6.4;71.7;186.0;391.9;0.2;281.0;0;1
5;4;6.4;73.9;175.0;402.7;0.2;281.0;0;1
5;5;6.5;71.0;170.0;397.3;0.2;281.0;0;1
5;6;6.4;71.0;170.0;389.9;0.2;278.0;1;2
5;7;6.9;67.3;162.0;393.0;0.2;278.0;0;2
5;8;6.7;67.2;159.0;382.7;0.2;277.0;1;3
5;9;7.1;61.4;148.0;371.7;0.2;274.0;1;4
5;10;7.0;63.9;154.0;381.3;0.2;274.0;0;4
5;11;7.4;59.9;146.0;375.7;0.2;274.0;0;4
5;12;7.5;58.2;149.0;369.4;0.2;274.0;0;4
5;13;8.2;52.4;129.0;361.6;0.1;274.0;0;4
5;14;8.9;46.6;122.0;347.9;0.1;273.0;1;5
5;15;10.3;39.7;104.0;340.3;0.1;273.0;0;5
5;16;10.2;39.7;102.0;337.1;0.1;273.0;0;5
5;17;10.7;37.9;94.0;335.7;0.1;273.0;0;5
5;18;10.3;39.5;102.0;336.3;0.1;273.0;0;5
5;19;14.0;27.6;84.0;315.9;0.1;273.0;0;5
5;20;8.3;47.4;103.0;331.4;0.1;273.0;0;5
5;21;14.3;26.3;71.0;305.7;0.1;271.0;1;6
5;22;14.0;26.7;61.0;306.4;0.1;271.0;0;6
5;23;24.3;14.9;38.0;291.1;0.1;271.0;0;6
5;24;19.1;19.1;44.0;293.9;0.1;271.0;0;6
5;25;51.3;7.0;17.0;285.6;0.0;271.0;0;6
5;26;66.2;5.3;12.0;278.6;0.0;271.0;0;6
5;27;73.7;4.8;12.0;279.0;0.0;271.0;0;6
5;28;84.3;4.2;12.0;279.9;0.0;271.0;0;6
5;29;100.0;2.9;7.0;272.9;0.0;271.0;0;6
5;30;nan;0.0;0.0;271.0;0.0;271.0;0;6
5;31;nan;0.0;0.0;271.0;0.0;271.0;0;6
5;32;nan;0.0;0.0;271.0;0.0;271.0;0;6
5;33;nan;0.0;0.0;271.0;0.0;271.0;0;6
5;34;nan;0.0;0.0;271.0;0.0;271.0;0;6
5;35;nan;0.0;0.0;271.0;0.0;271.0;0;6
5;36;nan;0.0;0.0;271.0;0.0;271.0;0;6
5;37;nan;0.0;0.0;271.0;0.0;271.0;0;6
5;38;nan;0.0;0.0;271.0;0.0;271.0;0;6
5;39;nan;0.0;0.0;271.0;0.0;271.0;0;6
5;40;nan;0.0;0.0;271.0;0.0;271.0;0;6
5;41;nan;0.0;0.0;271.0;0.0;271.0;0;6
5;42;nan;0.0;0.0;271.0;0.0;271.0;0;6
5;43;nan;0.0;0.0;271.0;0.0;271.0;0;6
5;44;nan;0.0;0.0;271.0;0.0;271.0;0;6
5;45;nan;0.0;0.0;271.0;0.0;271.0;0;6
5;46;nan;0.0;0.0;271.0;0.0;271.0;0;6
5;47;nan;0.0;0.0;271.0;0.0;271.0;0;6
5;48;nan;0.0;0.0;271.0;0.0;271.0;0;6
5;49;nan;0.0;0.0;271.0;0.0;271.0;0;6
5;50;nan;0.0;0.0;271.0;0.0;271.0;0;6
5;51;nan;0.0;0.0;271.0;0.0;271.0;0;6
5;52;nan;0.0;0.0;271.0;0.0;271.0;0;6
5;53;nan;0.0;0.0;271.0;0.0;271.0;0;6
5;54;nan;0.0;0.0;271.0;0.0;271.0;0;6
5;55;nan;0.0;0.0;271.0;0.0;271.0;0;6
5;56;nan;0.0;0.0;271.0;0.0;271.0;0;6
5;57;nan;0.0;0.0;271.0;0.0;271.0;0;6
5;58;nan;0.0;0.0;271.0;0.0;271.0;0;6
5;59;nan;0.0;0.0;271.0;0.0;271.0;0;6
5;60;nan;0.0;0.0;271.0;0.0;271.0;0;6
5;61;nan;0.0;0.0;271.0;0.0;271.0;0;6
5;62;nan;0.0;0.0;271.0;0.0;271.0;0;6
5;63;nan;0.0;0.0;271.0;0.0;271.0;0;6
5;64;nan;0.0;0.0;271.0;0.0;271.0;0;6
5;65;nan;0.0;0.0;271.0;0.0;271.0;0;6
5;66;nan;0.0;0.0;271.0;0.0;271.0;0;6
5;67;9.1;41.2;97.0;313.4;0.1;271.0;0;6
5;68;7.1;54.6;118.0;327.4;0.2;271.0;0;6
5;69;9.2;41.0;102.0;316.3;0.1;271.0;0;6
5;70;8.7;43.3;95.0;316.6;0.1;271.0;0;6
5;71;10.1;36.5;85.0;307.9;0.1;271.0;0;6
5;72;24.3;14.7;35.0;286.7;0.1;271.0;0;6
5;73;39.1;9.0;20.0;278.7;0.0;271.0;0;6
5;74;90.4;3.8;9.0;273.4;0.0;271.0;0;6
5;75;nan;0.0;0.0;271.0;0.0;271.0;0;6
5;76;nan;0.0;0.0;271.0;0.0;271.0;0;6
5;77;nan;0.0;0.0;271.0;0.0;271.0;0;6
5;78;nan;0.0;0.0;271.0;0.0;271.0;0;6
5;79;nan;0.0;0.0;271.0;0.0;271.0;0;6
5;80;nan;0.0;0.0;271.0;0.0;271.0;0;6
5;81;nan;0.0;0.0;271.0;0.0;271.0;0;6
5;82;nan;0.0;0.0;271.0;0.0;271.0;0;6
5;83;nan;0.0;0.0;271.0;0.0;271.0;0;6
5;84;nan;0.0;0.0;271.0;0.0;271.0;0;6
5;85;nan;0.0;0.0;271.0;0.0;271.0;0;6
5;86;nan;0.0;0.0;271.0;0.0;271.0;0;6
5;87;nan;0.0;0.0;271.0;0.0;271.0;0;6
5;88;nan;0.0;0.0;271.0;0.0;271.0;0;6
5;89;nan;0.0;0.0;271.0;0.0;271.0;0;6
5;90;nan;0.0;0.0;271.0;0.0;271.0;0;6
5;91;nan;0.0;0.0;271.0;0.0;271.0;0;6
5;92;nan;0.0;0.0;271.0;0.0;271.0;0;6
5;93;nan;0.0;0.0;271.0;0.0;271.0;0;6
5;94;nan;0.0;0.0;271.0;0.0;271.0;0;6
5;95;nan;0.0;0.0;271.0;0.0;271.0;0;6
5;96;nan;0.0;0.0;271.0;0.0;271.0;0;6
5;97;nan;0.0;0.0;271.0;0.0;271.0;0;6
5;98;nan;0.0;0.0;271.0;0.0;271.0;0;6
5;99;nan;0.0;0.0;271.0;0.0;271.0;0;6
5;100;nan;0.0;0.0;271.0;0.0;271.0;0;6
5;101;nan;0.0;0.0;271.0;0.0;271.0;0;6
5;102;nan;0.0;0.0;271.0;0.0;271.0;0;6
5;103;nan;0.0;0.0;271.0;0.0;271.0;0;6
5;104;nan;0.0;0.0;271.0;0.0;271.0;0;6
5;105;nan;0.0;0.0;271.0;0.0;271.0;0;6
5;106;nan;0.0;0.0;271.0;0.0;271.0;0;6
5;107;nan;0.0;0.0;271.0;0.0;271.0;0;6
5;108;nan;0.0;0.0;271.0;0.0;271.0;0;6
5;109;nan;0.0;0.0;271.0;0.0;271.0;0;6
5;110;nan;0.0;0.0;271.0;0.0;271.0;0;6
5;111;nan;0.0;0.0;271.0;0.0;271.0;0;6
5;112;10.1;36.4;90.0;305.9;0.1;271.0;0;6
5;113;16.4;21.6;57.0;288.7;0.1;271.0;0;6
5;114;46.2;7.5;18.0;276.1;0.0;271.0;0;6
5;115;nan;0.0;0.0;271.0;0.0;271.0;0;6
5;116;nan;0.0;0.0;271.0;0.0;271.0;0;6
5;117;nan;0.0;0.0;271.0;0.0;271.0;0;6
5;118;nan;0.0;0.0;271.0;0.0;271.0;0;6
5;119;nan;0.0;0.0;271.0;0.0;271.0;0;6
5;120;nan;0.0;0.0;271.0;0.0;271.0;0;6
5;121;nan;0.0;0.0;271.0;0.0;271.0;0;6
5;122;nan;0.0;0.0;271.0;0.0;271.0;0;6
5;123;nan;0.0;0.0;271.0;0.0;271.0;0;6
5;124;nan;0.0;0.0;271.0;0.0;271.0;0;6
5;125;nan;0.0;0.0;271.0;0.0;271.0;0;6
5;126;nan;0.0;0.0;271.0;0.0;271.0;0;6
5;127;nan;0.0;0.0;271.0;0.0;271.0;0;6
5;128;nan;0.0;0.0;271.0;0.0;271.0;0;6
5;129;nan;0.0;0.0;271.0;0.0;271.0;0;6
5;130;nan;0.0;0.0;271.0;0.0;271.0;0;6
5;131;nan;0.0;0.0;271.0;0.0;271.0;0;6
5;132;nan;0.0;0.0;271.0;0.0;271.0;0;6
5;133;nan;0.0;0.0;271.0;0.0;271.0;0;6
5;134;nan;0.0;0.0;271.0;0.0;271.0;0;6
5;135;nan;0.0;0.0;271.0;0.0;271.0;0;6
5;136;nan;0.0;0.0;271.0;0.0;271.0;0;6
5;137;nan;0.0;0.0;271.0;0.0;271.0;0;6
5;138;nan;0.0;0.0;271.0;0.0;271.0;0;6
5;139;nan;0.0;0.0;271.0;0.0;271.0;0;6
5;140;nan;0.0;0.0;271.0;0.0;271.0;0;6
5;141;nan;0.0;0.0;271.0;0.0;271.0;0;6
5;142;nan;0.0;0.0;271.0;0.0;271.0;0;6
5;143;nan;0.0;0.0;271.0;0.0;271.0;0;6
5;144;nan;0.0;0.0;271.0;0.0;271.0;0;6
5;145;nan;0.0;0.0;271.0;0.0;271.0;0;6
5;146;nan;0.0;0.0;271.0;0.0;271.0;0;6
5;147;nan;0.0;0.0;271.0;0.0;271.0;0;6
5;148;nan;0.0;0.0;271.0;0.0;271.0;0;6
5;149;nan;0.0;0.0;271.0;0.0;271.0;0;6
6;0;7.6;58.5;148.0;374.3;0.2;279.0;1;1
6;1;6.5;71.9;180.0;397.3;0.2;279.0;0;1
6;2;6.2;75.1;174.0;402.6;0.2;279.0;0;1
6;3;6.2;75.4;181.0;403.1;0.2;279.0;0;1
6;4;6.0;78.1;182.0;404.7;0.2;275.0;1;2
6;5;7.0;65.0;163.0;386.9;0.2;275.0;0;2
6;6;6.2;75.1;178.0;400.9;0.2;275.0;0;2
6;7;7.1;62.4;153.0;376.4;0.2;275.0;0;2
6;8;6.3;73.6;183.0;395.7;0.2;275.0;0;2
6;9;6.8;67.0;161.0;386.0;0.2;275.0;0;2
6;10;7.6;57.7;142.0;371.3;0.2;275.0;0;2
6;11;7.4;60.2;147.0;377.1;0.2;275.0;0;2
6;12;7.1;63.8;153.0;383.0;0.2;275.0;0;2
6;13;8.5;51.9;129.0;368.1;0.1;275.0;0;2
6;14;9.1;46.7;112.0;355.9;0.1;275.0;0;2
6;15;8.5;49.7;128.0;355.4;0.1;274.0;1;3
6;16;10.2;40.6;107.0;345.4;0.1;274.0;0;3
6;17;8.5;48.8;125.0;348.1;0.1;272.0;1;4
6;18;12.5;31.8;84.0;326.0;0.1;272.0;0;4
6;19;13.6;30.1;73.0;334.7;0.1;272.0;0;4
6;20;9.3;43.0;99.0;332.1;0.1;272.0;0;4
6;21;12.5;30.5;74.0;313.4;0.1;272.0;0;4
6;22;10.1;38.4;83.0;320.9;0.1;272.0;0;4
6;23;13.1;28.8;68.0;309.1;0.1;272.0;0;4
6;24;13.0;29.3;67.0;312.6;0.1;272.0;0;4
6;25;17.0;21.5;55.0;296.3;0.1;272.0;0;4
6;26;27.9;13.0;33.0;290.4;0.0;272.0;0;4
6;27;39.3;9.1;23.0;283.7;0.0;271.0;1;5
6;28;59.2;6.0;18.0;282.6;0.0;271.0;0;5
6;29;91.9;3.9;9.0;283.4;0.0;271.0;0;5
6;30;78.2;4.5;10.0;278.1;0.0;271.0;0;5
6;31;73.2;4.8;10.0;278.6;0.0;271.0;0;5
6;32;89.2;4.0;8.0;277.6;0.0;271.0;0;5
6;33;nan;0.0;0.0;273.0;0.0;271.0;0;5
6;34;nan;0.0;0.0;273.0;0.0;271.0;0;5
6;35;nan;0.0;0.0;273.0;0.0;271.0;0;5
6;36;nan;0.0;0.0;273.0;0.0;271.0;0;5
6;37;nan;0.0;0.0;273.0;0.0;271.0;0;5
6;38;nan;0.0;0.0;273.0;0.0;271.0;0;5
6;39;nan;0.0;0.0;273.0;0.0;271.0;0;5
6;40;nan;0.0;0.0;273.0;0.0;271.0;0;5
6;41;nan;0.0;0.0;273.0;0.0;271.0;0;5
6;42;nan;0.0;0.0;273.0;0.0;271.0;0;5
6;43;nan;0.0;0.0;273.0;0.0;271.0;0;5
6;44;nan;0.0;0.0;273.0;0.0;271.0;0;5
6;45;nan;0.0;0.0;273.0;0.0;271.0;0;5
6;46;nan;0.0;0.0;273.0;0.0;271.0;0;5
6;47;nan;0.0;0.0;273.0;0.0;271.0;0;5
6;48;nan;0.0;0.0;273.0;0.0;271.0;0;5
6;49;nan;0.0;0.0;273.0;0.0;271.0;0;5
6;50;nan;0.0;0.0;273.0;0.0;271.0;0;5
6;51;nan;0.0;0.0;273.0;0.0;271.0;0;5
6;52;nan;0.0;0.0;273.0;0.0;271.0;0;5
6;53;nan;0.0;0.0;273.0;0.0;271.0;0;5
6;54;nan;0.0;0.0;273.0;0.0;271.0;0;5
6;55;nan;0.0;0.0;273.0;0.0;271.0;0;5
6;56;nan;0.0;0.0;273.0;0.0;271.0;0;5
6;57;nan;0.0;0.0;273.0;0.0;271.0;0;5
6;58;nan;0.0;0.0;273.0;0.0;271.0;0;5
6;59;nan;0.0;0.0;273.0;0.0;271.0;0;5
6;60;nan;0.0;0.0;273.0;0.0;271.0;0;5
6;61;nan;0.0;0.0;273.0;0.0;271.0;0;5
6;62;nan;0.0;0.0;273.0;0.0;271.0;0;5
6;63;nan;0.0;0.0;273.0;0.0;271.0;0;5
6;64;nan;0.0;0.0;273.0;0.0;271.0;0;5
6;65;nan;0.0;0.0;273.0;0.0;271.0;0;5
6;66;nan;0.0;0.0;273.0;0.0;271.0;0;5
6;67;nan;0.0;0.0;273.0;0.0;271.0;0;5
6;68;nan;0.0;0.0;273.0;0.0;271.0;0;5
6;69;nan;0.0;0.0;273.0;0.0;271.0;0;5
6;70;nan;0.0;0.0;273.0;0.0;271.0;0;5
6;71;nan;0.0;0.0;273.0;0.0;271.0;0;5
6;72;nan;0.0;0.0;273.0;0.0;271.0;0;5
6;73;6.5;59.1;144.0;329.0;0.2;271.0;0;5
6;74;9.4;40.0;95.0;314.6;0.1;271.0;0;5
6;75;11.9;30.8;74.0;302.7;0.1;271.0;0;5
6;76;13.1;27.9;61.0;298.6;0.1;271.0;0;5
6;77;34.4;10.2;24.0;280.9;0.0;271.0;0;5
6;78;16.3;22.4;53.0;298.0;0.1;271.0;0;5
6;79;100.0;1.2;3.0;275.0;0.0;271.0;0;5
6;80;100.0;1.0;2.0;274.9;0.0;271.0;0;5
6;81;100.0;1.0;2.0;274.9;0.0;271.0;0;5
6;82;nan;0.0;0.0;274.0;0.0;271.0;0;5
6;83;nan;0.0;0.0;274.0;0.0;271.0;0;5
6;84;nan;0.0;0.0;274.0;0.0;271.0;0;5
6;85;nan;0.0;0.0;274.0;0.0;271.0;0;5
6;86;nan;0.0;0.0;274.0;0.0;271.0;0;5
6;87;nan;0.0;0.0;274.0;0.0;271.0;0;5
6;88;nan;0.0;0.0;274.0;0.0;271.0;0;5
6;89;nan;0.0;0.0;274.0;0.0;271.0;0;5
6;90;nan;0.0;0.0;274.0;0.0;271.0;0;5
6;91;nan;0.0;0.0;274.0;0.0;271.0;0;5
6;92;nan;0.0;0.0;274.0;0.0;271.0;0;5
6;93;nan;0.0;0.0;274.0;0.0;271.0;0;5
6;94;nan;0.0;0.0;274.0;0.0;271.0;0;5
6;95;nan;0.0;0.0;274.0;0.0;271.0;0;5
6;96;nan;0.0;0.0;274.0;0.0;271.0;0;5
6;97;nan;0.0;0.0;274.0;0.0;271.0;0;5
6;98;nan;0.0;0.0;274.0;0.0;271.0;0;5
6;99;nan;0.0;0.0;274.0;0.0;271.0;0;5
6;100;nan;0.0;0.0;274.0;0.0;271.0;0;5
6;101;nan;0.0;0.0;274.0;0.0;271.0;0;5
6;102;nan;0.0;0.0;274.0;0.0;271.0;0;5
6;103;nan;0.0;0.0;274.0;0.0;271.0;0;5
6;104;nan;0.0;0.0;274.0;0.0;271.0;0;5
6;105;nan;0.0;0.0;274.0;0.0;271.0;0;5
6;106;nan;0.0;0.0;274.0;0.0;271.0;0;5
6;107;nan;0.0;0.0;274.0;0.0;271.0;0;5
6;108;nan;0.0;0.0;274.0;0.0;271.0;0;5
6;109;nan;0.0;0.0;274.0;0.0;271.0;0;5
6;110;nan;0.0;0.0;274.0;0.0;271.0;0;5
6;111;nan;0.0;0.0;274.0;0.0;271.0;0;5
6;112;nan;0.0;0.0;274.0;0.0;271.0;0;5
6;113;nan;0.0;0.0;274.0;0.0;271.0;0;5
6;114;nan;0.0;0.0;274.0;0.0;271.0;0;5
6;115;nan;0.0;0.0;274.0;0.0;271.0;0;5
6;116;nan;0.0;0.0;274.0;0.0;271.0;0;5
6;117;nan;0.0;0.0;274.0;0.0;271.0;0;5
6;118;17.9;20.0;52.0;291.0;0.1;271.0;0;5
6;119;62.6;5.6;14.0;277.7;0.0;271.0;0;5
6;120;100.0;2.4;7.0;275.0;0.0;271.0;0;5
6;121;nan;0.0;0.0;274.0;0.0;271.0;0;5
6;122;nan;0.0;0.0;274.0;0.0;271.0;0;5
6;123;nan;0.0;0.0;274.0;0.0;271.0;0;5
6;124;nan;0.0;0.0;274.0;0.0;271.0;0;5
6;125;nan;0.0;0.0;274.0;0.0;271.0;0;5
6;126;nan;0.0;0.0;274.0;0.0;271.0;0;5
6;127;nan;0.0;0.0;274.0;0.0;271.0;0;5
6;128;nan;0.0;0.0;274.0;0.0;271.0;0;5
6;129;nan;0.0;0.0;274.0;0.0;271.0;0;5
6;130;nan;0.0;0.0;274.0;0.0;271.0;0;5
6;131;nan;0.0;0.0;274.0;0.0;271.0;0;5
6;132;nan;0.0;0.0;274.0;0.0;271.0;0;5
6;133;nan;0.0;0.0;274.0;0.0;271.0;0;5
6;134;nan;0.0;0.0;274.0;0.0;271.0;0;5
6;135;nan;0.0;0.0;274.0;0.0;271.0;0;5
6;136;nan;0.0;0.0;274.0;0.0;271.0;0;5
6;137;nan;0.0;0.0;274.0;0.0;271.0;0;5
6;138;nan;0.0;0.0;274.0;0.0;271.0;0;5
6;139;nan;0.0;0.0;274.0;0.0;271.0;0;5
6;140;nan;0.0;0.0;274.0;0.0;271.0;0;5
6;141;nan;0.0;0.0;274.0;0.0;271.0;0;5
6;142;nan;0.0;0.0;274.0;0.0;271.0;0;5
6;143;nan;0.0;0.0;274.0;0.0;271.0;0;5
6;144;nan;0.0;0.0;274.0;0.0;271.0;0;5
6;145;nan;0.0;0.0;274.0;0.0;271.0;0;5
6;146;nan;0.0;0.0;274.0;0.0;271.0;0;5
6;147;nan;0.0;0.0;274.0;0.0;271.0;0;5
6;148;nan;0.0;0.0;274.0;0.0;271.0;0;5
6;149;nan;0.0;0.0;274.0;0.0;271.0;0;5
7;0;6.6;69.2;165.0;392.1;0.2;278.0;1;1
7;1;6.9;64.9;157.0;381.1;0.2;278.0;0;1
7;2;6.9;66.7;161.0;389.4;0.2;278.0;0;1
7;3;6.3;72.4;176.0;392.3;0.2;278.0;0;1
7;4;6.6;70.6;169.0;396.7;0.2;278.0;0;1
7;5;6.8;66.0;158.0;381.3;0.2;273.0;1;2
7;6;7.3;61.1;146.0;377.9;0.2;273.0;0;2
7;7;6.6;69.1;176.0;391.0;0.2;273.0;0;2
7;8;7.7;56.5;136.0;365.9;0.2;273.0;0;2
7;9;7.6;58.5;140.0;373.6;0.2;273.0;0;2
7;10;7.5;59.3;137.0;375.7;0.2;273.0;0;2
7;11;8.6;50.5;127.0;364.1;0.1;273.0;0;2
7;12;7.4;59.3;150.0;371.0;0.2;273.0;0;2
7;13;8.2;52.9;127.0;363.9;0.1;273.0;0;2
7;14;8.8;47.1;127.0;348.9;0.1;273.0;0;2
7;15;8.3;51.0;128.0;357.0;0.1;273.0;0;2
7;16;10.5;39.7;96.0;345.3;0.1;273.0;0;2
7;17;11.5;34.9;91.0;331.7;0.1;273.0;0;2
7;18;17.4;22.2;58.0;313.1;0.1;273.0;0;2
7;19;15.2;24.8;69.0;307.0;0.1;273.0;0;2
7;20;19.2;19.2;49.0;297.7;0.1;273.0;0;2
7;21;18.6;19.7;48.0;297.1;0.1;273.0;0;2
7;22;26.3;13.7;34.0;288.4;0.0;273.0;0;2
7;23;67.7;5.3;12.0;281.7;0.0;273.0;0;2
7;24;53.0;6.7;15.0;280.4;0.0;271.0;1;3
7;25;60.3;5.9;15.0;280.6;0.0;271.0;0;3
7;26;68.6;5.2;15.0;280.0;0.0;271.0;0;3
7;27;99.8;3.5;8.0;276.1;0.0;271.0;0;3
7;28;88.6;4.0;8.0;275.6;0.0;271.0;0;3
7;29;100.0;3.5;8.0;276.4;0.0;271.0;0;3
7;30;88.6;4.0;8.0;275.6;0.0;271.0;0;3
7;31;88.6;4.0;8.0;275.6;0.0;271.0;0;3
7;32;88.6;4.0;8.0;275.6;0.0;271.0;0;3
7;33;88.2;4.0;8.0;274.4;0.0;271.0;0;3
7;34;nan;0.0;0.0;271.0;0.0;271.0;0;3
7;35;nan;0.0;0.0;271.0;0.0;271.0;0;3
7;36;nan;0.0;0.0;271.0;0.0;271.0;0;3
7;37;nan;0.0;0.0;271.0;0.0;271.0;0;3
7;38;nan;0.0;0.0;271.0;0.0;271.0;0;3
7;39;nan;0.0;0.0;271.0;0.0;271.0;0;3
7;40;nan;0.0;0.0;271.0;0.0;271.0;0;3
7;41;nan;0.0;0.0;271.0;0.0;271.0;0;3
7;42;nan;0.0;0.0;271.0;0.0;271.0;0;3
7;43;nan;0.0;0.0;271.0;0.0;271.0;0;3
7;44;nan;0.0;0.0;271.0;0.0;271.0;0;3
7;45;nan;0.0;0.0;271.0;0.0;271.0;0;3
7;46;nan;0.0;0.0;271.0;0.0;271.0;0;3
7;47;nan;0.0;0.0;271.0;0.0;271.0;0;3
7;48;nan;0.0;0.0;271.0;0.0;271.0;0;3
7;49;nan;0.0;0.0;271.0;0.0;271.0;0;3
7;50;nan;0.0;0.0;271.0;0.0;271.0;0;3
7;51;nan;0.0;0.0;271.0;0.0;271.0;0;3
7;52;nan;0.0;0.0;271.0;0.0;271.0;0;3
7;53;nan;0.0;0.0;271.0;0.0;271.0;0;3
7;54;nan;0.0;0.0;271.0;0.0;271.0;0;3
7;55;nan;0.0;0.0;271.0;0.0;271.0;0;3
7;56;nan;0.0;0.0;271.0;0.0;271.0;0;3
7;57;nan;0.0;0.0;271.0;0.0;271.0;0;3
7;58;nan;0.0;0.0;271.0;0.0;271.0;0;3
7;59;nan;0.0;0.0;271.0;0.0;271.0;0;3
7;60;nan;0.0;0.0;271.0;0.0;271.0;0;3
7;61;nan;0.0;0.0;271.0;0.0;271.0;0;3
7;62;nan;0.0;0.0;271.0;0.0;271.0;0;3
7;63;nan;0.0;0.0;271.0;0.0;271.0;0;3
7;64;nan;0.0;0.0;271.0;0.0;271.0;0;3
7;65;nan;0.0;0.0;271.0;0.0;271.0;0;3
7;66;nan;0.0;0.0;271.0;0.0;271.0;0;3
7;67;nan;0.0;0.0;271.0;0.0;271.0;0;3
7;68;nan;0.0;0.0;271.0;0.0;271.0;0;3
7;69;nan;0.0;0.0;271.0;0.0;271.0;0;3
7;70;8.1;47.3;105.0;322.6;0.1;271.0;0;3
7;71;8.1;47.2;112.0;321.0;0.1;271.0;0;3
7;72;7.6;50.8;109.0;328.1;0.2;271.0;0;3
7;73;10.7;34.7;79.0;308.3;0.1;271.0;0;3
7;74;11.3;32.9;79.0;306.0;0.1;271.0;0;3
7;75;23.1;15.5;38.0;288.3;0.1;271.0;0;3
7;76;22.4;15.9;36.0;286.3;0.1;271.0;0;3
7;77;nan;0.0;0.0;271.0;0.0;271.0;0;3
7;78;nan;0.0;0.0;271.0;0.0;271.0;0;3
7;79;nan;0.0;0.0;271.0;0.0;271.0;0;3
7;80;nan;0.0;0.0;271.0;0.0;271.0;0;3
7;81;nan;0.0;0.0;271.0;0.0;271.0;0;3
7;82;nan;0.0;0.0;271.0;0.0;271.0;0;3
7;83;nan;0.0;0.0;271.0;0.0;271.0;0;3
7;84;nan;0.0;0.0;271.0;0.0;271.0;0;3
7;85;nan;0.0;0.0;271.0;0.0;271.0;0;3
7;86;nan;0.0;0.0;271.0;0.0;271.0;0;3
7;87;nan;0.0;0.0;271.0;0.0;271.0;0;3
7;88;nan;0.0;0.0;271.0;0.0;271.0;0;3
7;89;nan;0.0;0.0;271.0;0.0;271.0;0;3
7;90;nan;0.0;0.0;271.0;0.0;271.0;0;3
7;91;nan;0.0;0.0;271.0;0.0;271.0;0;3
7;92;nan;0.0;0.0;271.0;0.0;271.0;0;3
7;93;nan;0.0;0.0;271.0;0.0;271.0;0;3
7;94;nan;0.0;0.0;271.0;0.0;271.0;0;3
7;95;nan;0.0;0.0;271.0;0.0;271.0;0;3
7;96;nan;0.0;0.0;271.0;0.0;271.0;0;3
7;97;nan;0.0;0.0;271.0;0.0;271.0;0;3
7;98;nan;0.0;0.0;271.0;0.0;271.0;0;3
7;99;nan;0.0;0.0;271.0;0.0;271.0;0;3
7;100;nan;0.0;0.0;271.0;0.0;271.0;0;3
7;101;nan;0.0;0.0;271.0;0.0;271.0;0;3
7;102;nan;0.0;0.0;271.0;0.0;271.0;0;3
7;103;nan;0.0;0.0;271.0;0.0;271.0;0;3
7;104;nan;0.0;0.0;271.0;0.0;271.0;0;3
7;105;nan;0.0;0.0;271.0;0.0;271.0;0;3
7;106;nan;0.0;0.0;271.0;0.0;271.0;0;3
7;107;nan;0.0;0.0;271.0;0.0;271.0;0;3
7;108;nan;0.0;0.0;271.0;0.0;271.0;0;3
7;109;nan;0.0;0.0;271.0;0.0;271.0;0;3
7;110;nan;0.0;0.0;271.0;0.0;271.0;0;3
7;111;nan;0.0;0.0;271.0;0.0;271.0;0;3
7;112;nan;0.0;0.0;271.0;0.0;271.0;0;3
7;113;nan;0.0;0.0;271.0;0.0;271.0;0;3
7;114;nan;0.0;0.0;271.0;0.0;271.0;0;3
7;115;9.2;39.4;96.0;303.1;0.1;271.0;0;3
7;116;9.4;39.0;99.0;305.9;0.1;271.0;0;3
7;117;24.1;14.8;35.0;286.7;0.1;271.0;0;3
7;118;19.4;18.2;47.0;284.7;0.1;271.0;0;3
7;119;68.3;5.2;17.0;278.1;0.0;271.0;0;3
7;120;11.8;30.2;71.0;294.4;0.1;271.0;0;3
7;121;14.3;24.8;71.0;289.4;0.1;271.0;0;3
7;122;nan;0.0;0.0;271.0;0.0;271.0;0;3
7;123;nan;0.0;0.0;271.0;0.0;271.0;0;3
7;124;nan;0.0;0.0;271.0;0.0;271.0;0;3
7;125;nan;0.0;0.0;271.0;0.0;271.0;0;3
7;126;nan;0.0;0.0;271.0;0.0;271.0;0;3
7;127;nan;0.0;0.0;271.0;0.0;271.0;0;3
7;128;nan;0.0;0.0;271.0;0.0;271.0;0;3
7;129;nan;0.0;0.0;271.0;0.0;271.0;0;3
7;130;nan;0.0;0.0;271.0;0.0;271.0;0;3
7;131;nan;0.0;0.0;271.0;0.0;271.0;0;3
7;132;nan;0.0;0.0;271.0;0.0;271.0;0;3
7;133;nan;0.0;0.0;271.0;0.0;271.0;0;3
7;134;nan;0.0;0.0;271.0;0.0;271.0;0;3
7;135;nan;0.0;0.0;271.0;0.0;271.0;0;3
7;136;nan;0.0;0.0;271.0;0.0;271.0;0;3
7;137;nan;0.0;0.0;271.0;0.0;271.0;0;3
7;138;nan;0.0;0.0;271.0;0.0;271.0;0;3
7;139;nan;0.0;0.0;271.0;0.0;271.0;0;3
7;140;nan;0.0;0.0;271.0;0.0;271.0;0;3
7;141;nan;0.0;0.0;271.0;0.0;271.0;0;3
7;142;nan;0.0;0.0;271.0;0.0;271.0;0;3
7;143;nan;0.0;0.0;271.0;0.0;271.0;0;3
7;144;nan;0.0;0.0;271.0;0.0;271.0;0;3
7;145;nan;0.0;0.0;271.0;0.0;271.0;0;3
7;146;nan;0.0;0.0;271.0;0.0;271.0;0;3
7;147;nan;0.0;0.0;271.0;0.0;271.0;0;3
7;148;nan;0.0;0.0;271.0;0.0;271.0;0;3
7;149;nan;0.0;0.0;271.0;0.0;271.0;0;3
8;0;6.3;74.1;176.0;398.0;0.2;278.0;1;1
8;1;6.8;66.9;171.0;387.9;0.2;278.0;0;1
8;2;6.0;78.7;189.0;407.3;0.2;278.0;0;1
8;3;6.1;77.0;184.0;401.9;0.2;276.0;1;2
8;4;6.2;74.3;177.0;397.3;0.2;273.0;1;3
8;5;7.5;59.1;155.0;373.0;0.2;273.0;0;3
8;6;7.9;56.4;137.0;373.9;0.2;273.0;0;3
8;7;8.1;53.7;143.0;364.1;0.1;273.0;0;3
8;8;6.8;65.4;162.0;378.6;0.2;273.0;0;3
8;9;7.5;59.5;142.0;377.9;0.2;273.0;0;3
8;10;8.0;55.5;135.0;372.0;0.1;273.0;0;3
8;11;7.7;56.8;153.0;368.1;0.2;273.0;0;3
8;12;10.2;40.9;103.0;346.7;0.1;273.0;0;3
8;13;7.1;63.3;149.0;381.9;0.2;273.0;0;3
8;14;10.0;41.8;106.0;348.3;0.1;273.0;0;3
8;15;9.4;44.4;120.0;346.4;0.1;273.0;0;3
8;16;9.5;44.0;114.0;348.1;0.1;273.0;0;3
8;17;11.9;33.8;86.0;332.4;0.1;273.0;0;3
8;18;10.1;40.2;98.0;336.0;0.1;271.0;1;4
8;19;9.4;44.9;105.0;352.3;0.1;271.0;0;4
8;20;10.2;38.4;86.0;324.4;0.1;271.0;0;4
8;21;13.5;28.4;64.0;315.0;0.1;271.0;0;4
8;22;11.1;34.4;88.0;315.1;0.1;271.0;0;4
8;23;16.3;22.8;60.0;301.6;0.1;271.0;0;4
8;24;11.1;34.8;80.0;318.6;0.1;271.0;0;4
8;25;14.3;26.1;58.0;304.6;0.1;271.0;0;4
8;26;24.3;15.4;36.0;299.4;0.1;271.0;0;4
8;27;17.5;21.4;55.0;303.0;0.1;271.0;0;4
8;28;37.1;9.6;28.0;282.0;0.0;271.0;0;4
8;29;16.9;21.2;50.0;290.1;0.1;271.0;0;4
8;30;72.9;4.8;10.0;277.4;0.0;271.0;0;4
8;31;50.5;7.0;18.0;279.0;0.0;271.0;0;4
8;32;100.0;0.5;1.0;273.6;0.0;271.0;0;4
8;33;100.0;0.5;1.0;273.6;0.0;271.0;0;4
8;34;100.0;0.5;1.0;273.6;0.0;271.0;0;4
8;35;79.5;4.4;13.0;275.3;0.0;271.0;0;4
8;36;100.0;0.5;1.0;273.6;0.0;271.0;0;4
8;37;100.0;0.5;1.0;273.6;0.0;271.0;0;4
8;38;100.0;0.5;1.0;273.6;0.0;271.0;0;4
8;39;100.0;0.5;1.0;273.6;0.0;271.0;0;4
8;40;100.0;0.5;1.0;273.6;0.0;271.0;0;4
8;41;100.0;0.5;1.0;273.6;0.0;271.0;0;4
8;42;100.0;0.5;1.0;273.6;0.0;271.0;0;4
8;43;100.0;0.5;1.0;273.6;0.0;271.0;0;4
8;44;100.0;0.5;1.0;273.6;0.0;271.0;0;4
8;45;100.0;0.5;1.0;273.6;0.0;271.0;0;4
8;46;100.0;0.5;1.0;273.4;0.0;271.0;0;4
8;47;100.0;0.5;1.0;273.4;0.0;271.0;0;4
8;48;100.0;0.5;1.0;273.4;0.0;271.0;0;4
8;49;100.0;0.5;1.0;273.6;0.0;271.0;0;4
8;50;100.0;0.5;1.0;273.6;0.0;271.0;0;4
8;51;100.0;0.5;1.0;273.6;0.0;271.0;0;4
8;52;100.0;0.5;1.0;273.6;0.0;271.0;0;4
8;53;100.0;0.5;1.0;273.6;0.0;271.0;0;4
8;54;100.0;0.5;1.0;273.6;0.0;271.0;0;4
8;55;100.0;0.5;1.0;273.6;0.0;271.0;0;4
8;56;100.0;0.5;1.0;273.6;0.0;271.0;0;4
8;57;100.0;0.5;1.0;273.6;0.0;271.0;0;4
8;58;100.0;0.5;1.0;273.4;0.0;271.0;0;4
8;59;100.0;0.5;1.0;273.4;0.0;271.0;0;4
8;60;100.0;0.5;1.0;273.4;0.0;271.0;0;4
8;61;100.0;0.5;1.0;273.4;0.0;271.0;0;4
8;62;100.0;0.5;1.0;273.4;0.0;271.0;0;4
8;63;100.0;0.5;1.0;273.4;0.0;271.0;0;4
8;64;7.5;50.5;116.0;322.0;0.2;271.0;0;4
8;65;9.1;41.6;92.0;317.4;0.1;271.0;0;4
8;66;11.3;32.9;78.0;306.3;0.1;271.0;0;4
8;67;15.9;23.0;51.0;296.7;0.1;271.0;0;4
8;68;13.9;26.5;66.0;301.6;0.1;271.0;0;4
8;69;29.2;12.4;31.0;289.6;0.0;271.0;0;4
8;70;21.0;17.2;41.0;290.6;0.1;271.0;0;4
8;71;100.0;0.5;1.0;273.6;0.0;271.0;0;4
8;72;100.0;1.6;4.0;274.6;0.0;271.0;0;4
8;73;66.3;5.4;13.0;280.4;0.0;271.0;0;4
8;74;71.5;4.9;12.0;277.4;0.0;271.0;0;4
8;75;62.8;5.6;13.0;279.7;0.0;271.0;0;4
8;76;76.3;4.6;13.0;276.9;0.0;271.0;0;4
8;77;61.9;5.7;13.0;277.3;0.0;271.0;0;4
8;78;65.2;5.4;13.0;277.9;0.0;271.0;0;4
8;79;67.7;5.2;13.0;276.4;0.0;271.0;0;4
8;80;58.6;6.0;13.0;278.1;0.0;271.0;0;4
8;81;78.5;4.5;13.0;275.1;0.0;271.0;0;4
8;82;67.7;5.2;13.0;276.4;0.0;271.0;0;4
8;83;100.0;0.5;1.0;273.4;0.0;271.0;0;4
8;84;100.0;0.5;1.0;273.4;0.0;271.0;0;4
8;85;54.8;6.4;13.0;278.6;0.0;271.0;0;4
8;86;58.2;6.1;13.0;279.1;0.0;271.0;0;4
8;87;100.0;0.5;1.0;273.4;0.0;271.0;0;4
8;88;78.5;4.5;13.0;275.1;0.0;271.0;0;4
8;89;54.8;6.4;13.0;278.6;0.0;271.0;0;4
8;90;58.2;6.1;13.0;279.1;0.0;271.0;0;4
8;91;58.2;6.1;13.0;279.1;0.0;271.0;0;4
8;92;100.0;0.5;1.0;273.4;0.0;271.0;0;4
8;93;58.2;6.1;13.0;279.1;0.0;271.0;0;4
8;94;100.0;0.5;1.0;273.4;0.0;271.0;0;4
8;95;61.9;5.7;13.0;277.3;0.0;271.0;0;4
8;96;65.2;5.4;13.0;277.9;0.0;271.0;0;4
8;97;76.6;4.6;13.0;279.0;0.0;271.0;0;4
8;98;77.6;4.5;13.0;275.0;0.0;271.0;0;4
8;99;61.9;5.7;13.0;277.3;0.0;271.0;0;4
8;100;65.2;5.4;13.0;277.9;0.0;271.0;0;4
8;101;59.7;5.9;13.0;276.7;0.0;271.0;0;4
8;102;61.9;5.7;13.0;277.3;0.0;271.0;0;4
8;103;69.8;5.1;13.0;278.4;0.0;271.0;0;4
8;104;65.2;5.4;13.0;277.9;0.0;271.0;0;4
8;105;76.6;4.6;13.0;279.0;0.0;271.0;0;4
8;106;100.0;0.5;1.0;273.3;0.0;271.0;0;4
8;107;77.6;4.5;13.0;275.0;0.0;271.0;0;4
8;108;100.0;0.5;1.0;273.3;0.0;271.0;0;4
8;109;12.3;29.6;73.0;298.9;0.1;271.0;0;4
8;110;6.8;53.7;131.0;310.9;0.2;271.0;0;4
8;111;10.0;35.9;85.0;299.6;0.1;271.0;0;4
8;112;21.2;16.6;37.0;283.7;0.1;271.0;0;4
8;113;69.8;5.1;13.0;278.4;0.0;271.0;0;4
8;114;71.8;4.9;12.0;278.4;0.0;271.0;0;4
8;115;100.0;0.5;1.0;273.3;0.0;271.0;0;4
8;116;66.8;5.3;13.0;277.9;0.0;271.0;0;4
8;117;75.1;4.7;13.0;279.9;0.0;271.0;0;4
8;118;64.4;5.4;13.0;276.4;0.0;271.0;0;4
8;119;69.8;5.1;13.0;278.4;0.0;271.0;0;4
8;120;66.7;5.3;13.0;278.0;0.0;271.0;0;4
8;121;100.0;0.5;1.0;273.3;0.0;271.0;0;4
8;122;61.9;5.7;13.0;277.3;0.0;271.0;0;4
8;123;61.9;5.7;13.0;277.3;0.0;271.0;0;4
8;124;69.8;5.1;13.0;278.4;0.0;271.0;0;4
8;125;69.1;5.1;13.0;276.9;0.0;271.0;0;4
8;126;61.3;5.7;13.0;277.0;0.0;271.0;0;4
8;127;65.2;5.4;13.0;277.9;0.0;271.0;0;4
8;128;87.5;4.1;9.0;279.6;0.0;271.0;0;4
8;129;100.0;0.5;1.0;273.3;0.0;271.0;0;4
8;130;69.8;5.1;13.0;278.4;0.0;271.0;0;4
8;131;100.0;0.3;1.0;273.1;0.0;271.0;0;4
8;132;77.2;4.5;13.0;275.4;0.0;271.0;0;4
8;133;96.8;3.7;13.0;277.7;0.0;271.0;0;4
8;134;87.8;4.0;13.0;277.1;0.0;271.0;0;4
8;135;87.8;4.0;13.0;277.1;0.0;271.0;0;4
8;136;87.8;4.0;13.0;277.1;0.0;271.0;0;4
8;137;82.3;4.3;13.0;276.6;0.0;271.0;0;4
8;138;82.3;4.3;13.0;276.6;0.0;271.0;0;4
8;139;100.0;0.3;1.0;273.1;0.0;271.0;0;4
8;140;87.8;4.0;13.0;277.1;0.0;271.0;0;4
8;141;100.0;0.3;1.0;273.1;0.0;271.0;0;4
8;142;96.8;3.7;13.0;277.7;0.0;271.0;0;4
8;143;100.0;0.3;1.0;273.1;0.0;271.0;0;4
8;144;82.3;4.3;13.0;276.6;0.0;271.0;0;4
8;145;79.0;4.4;13.0;276.0;0.0;271.0;0;4
8;146;100.0;3.1;9.0;278.3;0.0;271.0;0;4
8;147;100.0;0.3;1.0;273.1;0.0;271.0;0;4
8;148;87.8;4.0;13.0;277.1;0.0;271.0;0;4
8;149;100.0;0.3;1.0;273.1;0.0;271.0;0;4
9;0;6.2;74.0;176.0;394.6;0.2;276.0;1;1
9;1;6.5;70.8;184.0;395.3;0.2;276.0;0;1
9;2;6.5;70.8;162.0;392.9;0.2;276.0;0;1
9;3;6.7;68.3;160.0;392.6;0.2;276.0;0;1
9;4;6.3;71.7;176.0;389.3;0.2;276.0;0;1
9;5;7.8;56.7;135.0;371.7;0.2;276.0;0;1
9;6;7.1;64.1;153.0;386.7;0.2;276.0;0;1
9;7;7.3;61.3;146.0;379.7;0.2;276.0;0;1
9;8;7.2;63.3;150.0;386.3;0.2;276.0;0;1
9;9;8.1;53.7;145.0;366.7;0.1;276.0;0;1
9;10;7.3;62.0;153.0;382.7;0.2;276.0;0;1
9;11;6.9;65.6;165.0;383.4;0.2;276.0;0;1
9;12;7.9;54.4;134.0;362.6;0.1;276.0;0;1
9;13;7.0;63.7;161.0;380.6;0.2;276.0;0;1
9;14;8.9;48.6;123.0;361.4;0.1;276.0;0;1
9;15;7.8;55.7;143.0;365.7;0.2;275.0;1;2
9;16;10.9;37.6;97.0;339.7;0.1;275.0;0;2
9;17;9.0;46.8;114.0;352.7;0.1;275.0;0;2
9;18;9.8;43.1;109.0;350.9;0.1;275.0;0;2
9;19;12.3;33.1;86.0;334.1;0.1;275.0;0;2
9;20;10.1;37.9;98.0;318.7;0.1;271.0;1;3
9;21;8.9;43.4;104.0;324.6;0.1;271.0;0;3
9;22;9.2;42.3;99.0;323.3;0.1;271.0;0;3
9;23;14.4;26.7;60.0;313.0;0.1;271.0;0;3
9;24;9.5;41.1;95.0;324.4;0.1;271.0;0;3
9;25;12.9;29.4;66.0;311.4;0.1;271.0;0;3
9;26;15.1;25.0;59.0;308.4;0.1;271.0;0;3
9;27;16.8;22.4;60.0;305.0;0.1;271.0;0;3
9;28;16.9;22.0;56.0;301.0;0.1;271.0;0;3
9;29;15.6;24.3;55.0;309.6;0.1;271.0;0;3
9;30;18.1;20.2;56.0;296.1;0.1;271.0;0;3
9;31;13.9;27.1;57.0;307.6;0.1;271.0;0;3
9;32;14.5;25.5;54.0;301.1;0.1;271.0;0;3
9;33;53.4;6.7;21.0;282.3;0.0;271.0;0;3
9;34;75.0;4.8;14.0;281.1;0.0;271.0;0;3
9;35;100.0;2.6;9.0;277.1;0.0;271.0;0;3
9;36;100.0;1.0;2.0;277.1;0.0;271.0;0;3
9;37;nan;0.0;0.0;276.0;0.0;271.0;0;3
9;38;nan;0.0;0.0;276.0;0.0;271.0;0;3
9;39;nan;0.0;0.0;276.0;0.0;271.0;0;3
9;40;nan;0.0;0.0;276.0;0.0;271.0;0;3
9;41;nan;0.0;0.0;276.0;0.0;271.0;0;3
9;42;nan;0.0;0.0;276.0;0.0;271.0;0;3
9;43;nan;0.0;0.0;276.0;0.0;271.0;0;3
9;44;nan;0.0;0.0;276.0;0.0;271.0;0;3
9;45;nan;0.0;0.0;276.0;0.0;271.0;0;3
9;46;nan;0.0;0.0;276.0;0.0;271.0;0;3
9;47;nan;0.0;0.0;276.0;0.0;271.0;0;3
9;48;nan;0.0;0.0;276.0;0.0;271.0;0;3
9;49;nan;0.0;0.0;276.0;0.0;271.0;0;3
9;50;100.0;1.8;5.0;275.0;0.0;271.0;0;3
9;51;nan;0.0;0.0;276.0;0.0;271.0;0;3
9;52;nan;0.0;0.0;276.0;0.0;271.0;0;3
9;53;nan;0.0;0.0;276.0;0.0;271.0;0;3
9;54;nan;0.0;0.0;276.0;0.0;271.0;0;3
9;55;nan;0.0;0.0;276.0;0.0;271.0;0;3
9;56;nan;0.0;0.0;276.0;0.0;271.0;0;3
9;57;nan;0.0;0.0;276.0;0.0;271.0;0;3
9;58;nan;0.0;0.0;276.0;0.0;271.0;0;3
9;59;nan;0.0;0.0;276.0;0.0;271.0;0;3
9;60;nan;0.0;0.0;276.0;0.0;271.0;0;3
9;61;nan;0.0;0.0;276.0;0.0;271.0;0;3
9;62;nan;0.0;0.0;276.0;0.0;271.0;0;3
9;63;nan;0.0;0.0;276.0;0.0;271.0;0;3
9;64;nan;0.0;0.0;276.0;0.0;271.0;0;3
9;65;nan;0.0;0.0;276.0;0.0;271.0;0;3
9;66;7.6;50.6;116.0;324.6;0.2;271.0;0;3
9;67;8.4;45.3;103.0;321.3;0.1;271.0;0;3
9;68;15.0;24.3;56.0;297.9;0.1;271.0;0;3
9;69;9.2;41.2;98.0;314.9;0.1;271.0;0;3
9;70;11.8;31.6;70.0;307.0;0.1;271.0;0;3
9;71;10.7;35.3;77.0;313.0;0.1;271.0;0;3
9;72;10.6;35.3;76.0;308.7;0.1;271.0;0;3
9;73;11.6;32.3;80.0;307.9;0.1;271.0;0;3
9;74;20.5;17.9;41.0;296.1;0.1;271.0;0;3
9;75;24.2;14.8;34.0;288.1;0.1;271.0;0;3
9;76;26.9;13.4;30.0;289.6;0.0;271.0;0;3
9;77;27.0;13.4;31.0;289.1;0.0;271.0;0;3
9;78;25.2;14.2;31.0;287.0;0.0;271.0;0;3
9;79;100.0;2.5;5.0;276.1;0.0;271.0;0;3
9;80;100.0;2.5;6.0;275.1;0.0;271.0;0;3
9;81;100.0;2.5;5.0;276.1;0.0;271.0;0;3
9;82;100.0;2.5;5.0;276.1;0.0;271.0;0;3
9;83;100.0;2.5;5.0;276.1;0.0;271.0;0;3
9;84;100.0;2.5;5.0;276.1;0.0;271.0;0;3
9;85;nan;0.0;0.0;274.0;0.0;271.0;0;3
9;86;nan;0.0;0.0;274.0;0.0;271.0;0;3
9;87;nan;0.0;0.0;274.0;0.0;271.0;0;3
9;88;nan;0.0;0.0;274.0;0.0;271.0;0;3
9;89;nan;0.0;0.0;274.0;0.0;271.0;0;3
9;90;nan;0.0;0.0;274.0;0.0;271.0;0;3
9;91;nan;0.0;0.0;274.0;0.0;271.0;0;3
9;92;nan;0.0;0.0;274.0;0.0;271.0;0;3
9;93;nan;0.0;0.0;274.0;0.0;271.0;0;3
9;94;nan;0.0;0.0;274.0;0.0;271.0;0;3
9;95;nan;0.0;0.0;274.0;0.0;271.0;0;3
9;96;nan;0.0;0.0;274.0;0.0;271.0;0;3
9;97;nan;0.0;0.0;274.0;0.0;271.0;0;3
9;98;nan;0.0;0.0;274.0;0.0;271.0;0;3
9;99;nan;0.0;0.0;274.0;0.0;271.0;0;3
9;100;nan;0.0;0.0;274.0;0.0;271.0;0;3
9;101;nan;0.0;0.0;274.0;0.0;271.0;0;3
9;102;nan;0.0;0.0;274.0;0.0;271.0;0;3
9;103;nan;0.0;0.0;274.0;0.0;271.0;0;3
9;104;nan;0.0;0.0;274.0;0.0;271.0;0;3
9;105;nan;0.0;0.0;274.0;0.0;271.0;0;3
9;106;nan;0.0;0.0;274.0;0.0;271.0;0;3
9;107;nan;0.0;0.0;274.0;0.0;271.0;0;3
9;108;nan;0.0;0.0;274.0;0.0;271.0;0;3
9;109;nan;0.0;0.0;274.0;0.0;271.0;0;3
9;110;nan;0.0;0.0;274.0;0.0;271.0;0;3
9;111;7.4;49.1;116.0;308.1;0.2;271.0;0;3
9;112;8.2;45.0;112.0;308.7;0.1;271.0;0;3
9;113;8.7;42.0;103.0;307.4;0.1;271.0;0;3
9;114;11.3;31.9;84.0;296.7;0.1;271.0;0;3
9;115;29.2;12.1;32.0;281.4;0.0;271.0;0;3
9;116;100.0;2.8;7.0;275.7;0.0;271.0;0;3
9;117;nan;0.0;0.0;274.0;0.0;271.0;0;3
9;118;nan;0.0;0.0;274.0;0.0;271.0;0;3
9;119;nan;0.0;0.0;274.0;0.0;271.0;0;3
9;120;nan;0.0;0.0;274.0;0.0;271.0;0;3
9;121;nan;0.0;0.0;274.0;0.0;271.0;0;3
9;122;nan;0.0;0.0;274.0;0.0;271.0;0;3
9;123;nan;0.0;0.0;274.0;0.0;271.0;0;3
9;124;nan;0.0;0.0;274.0;0.0;271.0;0;3
9;125;nan;0.0;0.0;274.0;0.0;271.0;0;3
9;126;nan;0.0;0.0;274.0;0.0;271.0;0;3
9;127;nan;0.0;0.0;274.0;0.0;271.0;0;3
9;128;nan;0.0;0.0;274.0;0.0;271.0;0;3
9;129;nan;0.0;0.0;274.0;0.0;271.0;0;3
9;130;nan;0.0;0.0;274.0;0.0;271.0;0;3
9;131;nan;0.0;0.0;274.0;0.0;271.0;0;3
9;132;nan;0.0;0.0;274.0;0.0;271.0;0;3
9;133;nan;0.0;0.0;274.0;0.0;271.0;0;3
9;134;nan;0.0;0.0;274.0;0.0;271.0;0;3
9;135;nan;0.0;0.0;274.0;0.0;271.0;0;3
9;136;nan;0.0;0.0;274.0;0.0;271.0;0;3
9;137;nan;0.0;0.0;274.0;0.0;271.0;0;3
9;138;nan;0.0;0.0;274.0;0.0;271.0;0;3
9;139;nan;0.0;0.0;274.0;0.0;271.0;0;3
9;140;nan;0.0;0.0;274.0;0.0;271.0;0;3
9;141;nan;0.0;0.0;274.0;0.0;271.0;0;3
9;142;nan;0.0;0.0;274.0;0.0;271.0;0;3
9;143;nan;0.0;0.0;274.0;0.0;271.0;0;3
9;144;nan;0.0;0.0;274.0;0.0;271.0;0;3
9;145;nan;0.0;0.0;274.0;0.0;271.0;0;3
9;146;nan;0.0;0.0;274.0;0.0;271.0;0;3
9;147;nan;0.0;0.0;274.0;0.0;271.0;0;3
9;148;nan;0.0;0.0;274.0;0.0;271.0;0;3
9;149;nan;0.0;0.0;274.0;0.0;271.0;0;3
10;0;7.1;63.6;153.0;382.4;0.2;277.0;1;1
10;1;8.0;55.5;141.0;372.7;0.1;277.0;0;1
10;2;6.4;73.8;181.0;405.0;0.2;277.0;0;1
10;3;5.9;80.7;204.0;406.9;0.2;277.0;0;1
10;4;6.8;68.0;158.0;392.3;0.2;277.0;0;1
10;5;6.3;73.2;167.0;397.6;0.2;277.0;0;1
10;6;7.4;59.3;153.0;373.4;0.2;275.0;1;2
10;7;7.1;63.0;160.0;380.6;0.2;275.0;0;2
10;8;8.6;49.9;133.0;359.1;0.1;275.0;0;2
10;9;7.6;59.1;137.0;377.6;0.2;275.0;0;2
10;10;7.1;62.7;158.0;377.7;0.2;275.0;0;2
10;11;7.3;61.3;152.0;378.6;0.2;275.0;0;2
10;12;7.7;57.2;136.0;374.3;0.2;275.0;0;2
10;13;7.1;63.2;146.0;378.9;0.2;275.0;0;2
10;14;9.0;47.3;114.0;356.3;0.1;275.0;0;2
10;15;8.0;54.5;133.0;366.7;0.1;275.0;0;2
10;16;9.8;42.7;103.0;348.7;0.1;275.0;0;2
10;17;9.6;42.5;112.0;341.9;0.1;273.0;1;3
10;18;12.7;31.7;79.0;330.9;0.1;273.0;0;3
10;19;11.5;34.8;90.0;331.4;0.1;273.0;0;3
10;20;12.1;32.0;74.0;317.0;0.1;273.0;0;3
10;21;9.5;41.7;95.0;330.9;0.1;273.0;0;3
10;22;10.6;36.3;89.0;317.6;0.1;273.0;0;3
10;23;14.3;26.1;65.0;304.9;0.1;271.0;1;4
10;24;17.6;21.0;53.0;299.0;0.1;271.0;0;4
10;25;21.1;17.6;42.0;298.6;0.1;271.0;0;4
10;26;13.8;26.8;61.0;303.0;0.1;271.0;0;4
10;27;21.0;17.5;42.0;296.6;0.1;271.0;0;4
10;28;61.5;5.8;13.0;283.7;0.0;271.0;0;4
10;29;29.0;12.5;31.0;289.9;0.0;271.0;0;4
10;30;37.0;9.8;28.0;288.1;0.0;271.0;0;4
10;31;53.9;6.7;17.0;284.7;0.0;271.0;0;4
10;32;57.2;6.3;13.0;283.6;0.0;271.0;0;4
10;33;43.5;8.2;25.0;282.6;0.0;271.0;0;4
10;34;100.0;0.7;2.0;276.4;0.0;271.0;0;4
10;35;nan;0.0;0.0;276.0;0.0;271.0;0;4
10;36;nan;0.0;0.0;276.0;0.0;271.0;0;4
10;37;nan;0.0;0.0;276.0;0.0;271.0;0;4
10;38;nan;0.0;0.0;276.0;0.0;271.0;0;4
10;39;100.0;1.7;5.0;275.3;0.0;271.0;0;4
10;40;nan;0.0;0.0;276.0;0.0;271.0;0;4
10;41;nan;0.0;0.0;276.0;0.0;271.0;0;4
10;42;nan;0.0;0.0;276.0;0.0;271.0;0;4
10;43;nan;0.0;0.0;276.0;0.0;271.0;0;4
10;44;100.0;1.7;5.0;275.3;0.0;271.0;0;4
10;45;nan;0.0;0.0;276.0;0.0;271.0;0;4
10;46;nan;0.0;0.0;276.0;0.0;271.0;0;4
10;47;nan;0.0;0.0;276.0;0.0;271.0;0;4
10;48;nan;0.0;0.0;276.0;0.0;271.0;0;4
10;49;nan;0.0;0.0;276.0;0.0;271.0;0;4
10;50;nan;0.0;0.0;276.0;0.0;271.0;0;4
10;51;nan;0.0;0.0;276.0;0.0;271.0;0;4
10;52;nan;0.0;0.0;276.0;0.0;271.0;0;4
10;53;nan;0.0;0.0;276.0;0.0;271.0;0;4
10;54;nan;0.0;0.0;276.0;0.0;271.0;0;4
10;55;nan;0.0;0.0;276.0;0.0;271.0;0;4
10;56;nan;0.0;0.0;276.0;0.0;271.0;0;4
10;57;nan;0.0;0.0;276.0;0.0;271.0;0;4
10;58;nan;0.0;0.0;276.0;0.0;271.0;0;4
10;59;nan;0.0;0.0;276.0;0.0;271.0;0;4
10;60;nan;0.0;0.0;276.0;0.0;271.0;0;4
10;61;100.0;1.7;5.0;275.3;0.0;271.0;0;4
10;62;100.0;1.7;5.0;275.3;0.0;271.0;0;4
10;63;100.0;1.7;5.0;275.3;0.0;271.0;0;4
10;64;nan;0.0;0.0;276.0;0.0;271.0;0;4
10;65;nan;0.0;0.0;276.0;0.0;271.0;0;4
10;66;nan;0.0;0.0;276.0;0.0;271.0;0;4
10;67;nan;0.0;0.0;276.0;0.0;271.0;0;4
10;68;nan;0.0;0.0;276.0;0.0;271.0;0;4
10;69;9.2;41.3;97.0;318.1;0.1;271.0;0;4
10;70;7.2;53.4;118.0;324.6;0.2;271.0;0;4
10;71;10.6;35.3;87.0;309.6;0.1;271.0;0;4
10;72;9.6;38.9;97.0;311.4;0.1;271.0;0;4
10;73;16.6;22.3;59.0;300.4;0.1;271.0;0;4
10;74;19.7;18.6;43.0;295.0;0.1;271.0;0;4
10;75;13.8;26.4;60.0;297.7;0.1;271.0;0;4
10;76;36.7;9.7;28.0;281.9;0.0;271.0;0;4
10;77;nan;0.0;0.0;276.0;0.0;271.0;0;4
10;78;nan;0.0;0.0;276.0;0.0;271.0;0;4
10;79;nan;0.0;0.0;276.0;0.0;271.0;0;4
10;80;nan;0.0;0.0;276.0;0.0;271.0;0;4
10;81;nan;0.0;0.0;276.0;0.0;271.0;0;4
10;82;nan;0.0;0.0;276.0;0.0;271.0;0;4
10;83;nan;0.0;0.0;276.0;0.0;271.0;0;4
10;84;nan;0.0;0.0;276.0;0.0;271.0;0;4
10;85;nan;0.0;0.0;276.0;0.0;271.0;0;4
10;86;nan;0.0;0.0;276.0;0.0;271.0;0;4
10;87;nan;0.0;0.0;276.0;0.0;271.0;0;4
10;88;nan;0.0;0.0;276.0;0.0;271.0;0;4
10;89;nan;0.0;0.0;276.0;0.0;271.0;0;4
10;90;nan;0.0;0.0;276.0;0.0;271.0;0;4
10;91;nan;0.0;0.0;276.0;0.0;271.0;0;4
10;92;nan;0.0;0.0;276.0;0.0;271.0;0;4
10;93;nan;0.0;0.0;276.0;0.0;271.0;0;4
10;94;100.0;1.7;5.0;275.3;0.0;271.0;0;4
10;95;nan;0.0;0.0;276.0;0.0;271.0;0;4
10;96;nan;0.0;0.0;276.0;0.0;271.0;0;4
10;97;nan;0.0;0.0;276.0;0.0;271.0;0;4
10;98;nan;0.0;0.0;276.0;0.0;271.0;0;4
10;99;100.0;1.7;5.0;275.3;0.0;271.0;0;4
10;100;nan;0.0;0.0;276.0;0.0;271.0;0;4
10;101;nan;0.0;0.0;276.0;0.0;271.0;0;4
10;102;100.0;1.7;5.0;275.3;0.0;271.0;0;4
10;103;100.0;1.7;5.0;275.3;0.0;271.0;0;4
10;104;nan;0.0;0.0;276.0;0.0;271.0;0;4
10;105;100.0;1.7;5.0;275.3;0.0;271.0;0;4
10;106;nan;0.0;0.0;276.0;0.0;271.0;0;4
10;107;nan;0.0;0.0;276.0;0.0;271.0;0;4
10;108;nan;0.0;0.0;276.0;0.0;271.0;0;4
10;109;nan;0.0;0.0;276.0;0.0;271.0;0;4
10;110;nan;0.0;0.0;276.0;0.0;271.0;0;4
10;111;nan;0.0;0.0;276.0;0.0;271.0;0;4
10;112;nan;0.0;0.0;276.0;0.0;271.0;0;4
10;113;nan;0.0;0.0;276.0;0.0;271.0;0;4
10;114;9.9;37.0;93.0;303.7;0.1;271.0;0;4
10;115;11.8;30.9;75.0;301.7;0.1;271.0;0;4
10;116;11.3;32.2;78.0;301.3;0.1;271.0;0;4
10;117;9.5;38.2;95.0;301.9;0.1;271.0;0;4
10;118;7.0;52.2;122.0;309.1;0.2;271.0;0;4
10;119;20.8;17.1;47.0;286.0;0.1;271.0;0;4
10;120;nan;0.0;0.0;276.0;0.0;271.0;0;4
10;121;100.0;1.7;5.0;275.3;0.0;271.0;0;4
10;122;100.0;1.7;5.0;275.3;0.0;271.0;0;4
10;123;100.0;1.7;5.0;275.3;0.0;271.0;0;4
10;124;100.0;1.7;5.0;275.3;0.0;271.0;0;4
10;125;100.0;1.7;5.0;275.3;0.0;271.0;0;4
10;126;100.0;1.7;5.0;275.3;0.0;271.0;0;4
10;127;nan;0.0;0.0;276.0;0.0;271.0;0;4
10;128;100.0;2.5;5.0;273.9;0.0;271.0;0;4
10;129;nan;0.0;0.0;276.0;0.0;271.0;0;4
10;130;100.0;1.7;5.0;275.3;0.0;271.0;0;4
10;131;100.0;1.7;5.0;275.3;0.0;271.0;0;4
10;132;100.0;1.7;5.0;275.3;0.0;271.0;0;4
10;133;100.0;1.7;5.0;275.3;0.0;271.0;0;4
10;134;100.0;2.3;5.0;272.4;0.0;271.0;0;4
10;135;nan;0.0;0.0;276.0;0.0;271.0;0;4
10;136;100.0;1.7;5.0;275.3;0.0;271.0;0;4
10;137;100.0;2.3;5.0;274.6;0.0;271.0;0;4
10;138;100.0;2.3;5.0;274.6;0.0;271.0;0;4
10;139;100.0;1.7;5.0;275.3;0.0;271.0;0;4
10;140;nan;0.0;0.0;276.0;0.0;271.0;0;4
10;141;100.0;2.5;5.0;273.1;0.0;271.0;0;4
10;142;nan;0.0;0.0;276.0;0.0;271.0;0;4
10;143;100.0;1.7;5.0;275.3;0.0;271.0;0;4
10;144;100.0;1.7;5.0;275.3;0.0;271.0;0;4
10;145;100.0;1.7;5.0;275.3;0.0;271.0;0;4
10;146;100.0;2.3;5.0;274.6;0.0;271.0;0;4
10;147;100.0;1.7;5.0;275.3;0.0;271.0;0;4
10;148;100.0;1.7;5.0;275.3;0.0;271.0;0;4
10;149;100.0;1.7;5.0;275.3;0.0;271.0;0;4
11;0;6.7;69.3;177.0;394.3;0.2;284.0;1;1
11;1;6.2;75.7;182.0;405.6;0.2;284.0;0;1
11;2;6.3;75.0;184.0;403.3;0.2;281.0;1;2
11;3;6.8;67.3;156.0;392.4;0.2;281.0;0;2
11;4;7.6;59.9;153.0;382.9;0.2;281.0;0;2
11;5;7.5;59.8;149.0;378.9;0.2;281.0;0;2
11;6;7.3;61.2;149.0;379.4;0.2;281.0;0;2
11;7;7.5;58.4;143.0;371.4;0.2;281.0;0;2
11;8;8.5;50.9;128.0;361.0;0.1;281.0;0;2
11;9;7.6;59.2;142.0;379.4;0.2;281.0;0;2
11;10;7.7;57.8;141.0;374.1;0.2;281.0;0;2
11;11;9.3;46.1;118.0;358.0;0.1;281.0;0;2
11;12;7.6;58.3;142.0;372.6;0.2;281.0;0;2
11;13;8.2;53.9;130.0;372.0;0.1;281.0;0;2
11;14;10.1;41.0;106.0;342.9;0.1;278.0;1;3
11;15;7.5;58.9;143.0;372.3;0.2;278.0;0;3
11;16;11.8;33.8;99.0;328.3;0.1;278.0;0;3
11;17;12.3;31.9;87.0;323.4;0.1;278.0;0;3
11;18;10.3;40.0;106.0;340.9;0.1;276.0;1;4
11;19;13.2;30.3;80.0;328.6;0.1;276.0;0;4
11;20;10.6;36.8;84.0;322.0;0.1;274.0;1;5
11;21;16.1;23.3;61.0;304.9;0.1;274.0;0;5
11;22;14.3;26.6;65.0;310.4;0.1;274.0;0;5
11;23;26.7;13.6;32.0;290.9;0.0;274.0;0;5
11;24;24.0;15.1;43.0;291.6;0.1;274.0;0;5
11;25;76.1;4.7;12.0;281.9;0.0;274.0;0;5
11;26;73.1;4.9;13.0;283.4;0.0;274.0;0;5
11;27;100.0;3.1;8.0;280.3;0.0;274.0;0;5
11;28;81.9;4.4;11.0;281.4;0.0;274.0;0;5
11;29;100.0;2.5;7.0;279.0;0.0;274.0;0;5
11;30;100.0;3.3;7.0;278.7;0.0;274.0;0;5
11;31;100.0;2.8;7.0;278.7;0.0;274.0;0;5
11;32;96.4;3.7;10.0;279.7;0.0;274.0;0;5
11;33;100.0;3.2;7.0;279.3;0.0;274.0;0;5
11;34;100.0;2.9;7.0;278.0;0.0;274.0;0;5
11;35;nan;0.0;0.0;275.0;0.0;274.0;0;5
11;36;nan;0.0;0.0;275.0;0.0;274.0;0;5
11;37;nan;0.0;0.0;275.0;0.0;274.0;0;5
11;38;nan;0.0;0.0;275.0;0.0;274.0;0;5
11;39;nan;0.0;0.0;275.0;0.0;274.0;0;5
11;40;nan;0.0;0.0;275.0;0.0;274.0;0;5
11;41;nan;0.0;0.0;275.0;0.0;274.0;0;5
11;42;nan;0.0;0.0;275.0;0.0;274.0;0;5
11;43;nan;0.0;0.0;275.0;0.0;274.0;0;5
11;44;nan;0.0;0.0;275.0;0.0;274.0;0;5
11;45;nan;0.0;0.0;275.0;0.0;274.0;0;5
11;46;nan;0.0;0.0;275.0;0.0;274.0;0;5
11;47;nan;0.0;0.0;275.0;0.0;274.0;0;5
11;48;nan;0.0;0.0;275.0;0.0;274.0;0;5
11;49;nan;0.0;0.0;275.0;0.0;274.0;0;5
11;50;100.0;0.3;1.0;274.9;0.0;274.0;0;5
11;51;nan;0.0;0.0;275.0;0.0;274.0;0;5
11;52;nan;0.0;0.0;275.0;0.0;274.0;0;5
11;53;nan;0.0;0.0;275.0;0.0;274.0;0;5
11;54;nan;0.0;0.0;275.0;0.0;274.0;0;5
11;55;nan;0.0;0.0;275.0;0.0;274.0;0;5
11;56;nan;0.0;0.0;275.0;0.0;274.0;0;5
11;57;nan;0.0;0.0;275.0;0.0;274.0;0;5
11;58;nan;0.0;0.0;275.0;0.0;274.0;0;5
11;59;nan;0.0;0.0;275.0;0.0;274.0;0;5
11;60;nan;0.0;0.0;275.0;0.0;274.0;0;5
11;61;nan;0.0;0.0;275.0;0.0;274.0;0;5
11;62;nan;0.0;0.0;275.0;0.0;274.0;0;5
11;63;nan;0.0;0.0;275.0;0.0;274.0;0;5
11;64;nan;0.0;0.0;275.0;0.0;274.0;0;5
11;65;nan;0.0;0.0;275.0;0.0;274.0;0;5
11;66;7.5;51.5;116.0;325.6;0.2;272.0;1;6
11;67;6.2;63.3;131.0;335.3;0.2;272.0;0;6
11;68;14.5;25.5;61.0;301.4;0.1;272.0;0;6
11;69;9.8;38.7;84.0;315.4;0.1;272.0;0;6
11;70;15.6;23.5;56.0;298.7;0.1;272.0;0;6
11;71;11.9;31.0;69.0;304.1;0.1;272.0;0;6
11;72;16.5;22.0;47.0;295.3;0.1;272.0;0;6
11;73;22.0;16.5;36.0;292.0;0.1;272.0;0;6
11;74;20.8;17.3;41.0;290.6;0.1;272.0;0;6
11;75;70.4;5.1;13.0;281.9;0.0;272.0;0;6
11;76;77.9;4.6;11.0;280.0;0.0;272.0;0;6
11;77;100.0;3.1;9.0;276.3;0.0;272.0;0;6
11;78;nan;0.0;0.0;275.0;0.0;272.0;0;6
11;79;nan;0.0;0.0;275.0;0.0;272.0;0;6
11;80;nan;0.0;0.0;275.0;0.0;272.0;0;6
11;81;nan;0.0;0.0;275.0;0.0;272.0;0;6
11;82;nan;0.0;0.0;275.0;0.0;272.0;0;6
11;83;nan;0.0;0.0;275.0;0.0;272.0;0;6
11;84;nan;0.0;0.0;275.0;0.0;272.0;0;6
11;85;nan;0.0;0.0;275.0;0.0;272.0;0;6
11;86;nan;0.0;0.0;275.0;0.0;272.0;0;6
11;87;nan;0.0;0.0;275.0;0.0;272.0;0;6
11;88;nan;0.0;0.0;275.0;0.0;272.0;0;6
11;89;nan;0.0;0.0;275.0;0.0;272.0;0;6
11;90;nan;0.0;0.0;275.0;0.0;272.0;0;6
11;91;nan;0.0;0.0;275.0;0.0;272.0;0;6
11;92;nan;0.0;0.0;275.0;0.0;272.0;0;6
11;93;nan;0.0;0.0;275.0;0.0;272.0;0;6
11;94;nan;0.0;0.0;275.0;0.0;272.0;0;6
11;95;nan;0.0;0.0;275.0;0.0;272.0;0;6
11;96;nan;0.0;0.0;275.0;0.0;272.0;0;6
11;97;nan;0.0;0.0;275.0;0.0;272.0;0;6
11;98;nan;0.0;0.0;275.0;0.0;272.0;0;6
11;99;nan;0.0;0.0;275.0;0.0;272.0;0;6
11;100;nan;0.0;0.0;275.0;0.0;272.0;0;6
11;101;nan;0.0;0.0;275.0;0.0;272.0;0;6
11;102;nan;0.0;0.0;275.0;0.0;272.0;0;6
11;103;nan;0.0;0.0;275.0;0.0;272.0;0;6
11;104;nan;0.0;0.0;275.0;0.0;272.0;0;6
11;105;nan;0.0;0.0;275.0;0.0;272.0;0;6
11;106;nan;0.0;0.0;275.0;0.0;272.0;0;6
11;107;nan;0.0;0.0;275.0;0.0;272.0;0;6
11;108;nan;0.0;0.0;275.0;0.0;272.0;0;6
11;109;nan;0.0;0.0;275.0;0.0;272.0;0;6
11;110;nan;0.0;0.0;275.0;0.0;272.0;0;6
11;111;nan;0.0;0.0;275.0;0.0;272.0;0;6
11;112;18.5;19.4;52.0;290.3;0.1;271.0;1;7
11;113;13.8;26.1;68.0;294.0;0.1;271.0;0;7
11;114;42.4;8.4;20.0;281.9;0.0;271.0;0;7
11;115;28.2;12.5;32.0;281.9;0.0;271.0;0;7
11;116;nan;0.0;0.0;275.0;0.0;271.0;0;7
11;117;nan;0.0;0.0;275.0;0.0;271.0;0;7
11;118;nan;0.0;0.0;275.0;0.0;271.0;0;7
11;119;nan;0.0;0.0;275.0;0.0;271.0;0;7
11;120;nan;0.0;0.0;275.0;0.0;271.0;0;7
11;121;nan;0.0;0.0;275.0;0.0;271.0;0;7
11;122;nan;0.0;0.0;275.0;0.0;271.0;0;7
11;123;nan;0.0;0.0;275.0;0.0;271.0;0;7
11;124;nan;0.0;0.0;275.0;0.0;271.0;0;7
11;125;nan;0.0;0.0;275.0;0.0;271.0;0;7
11;126;nan;0.0;0.0;275.0;0.0;271.0;0;7
11;127;nan;0.0;0.0;275.0;0.0;271.0;0;7
11;128;nan;0.0;0.0;275.0;0.0;271.0;0;7
11;129;nan;0.0;0.0;275.0;0.0;271.0;0;7
11;130;nan;0.0;0.0;275.0;0.0;271.0;0;7
11;131;nan;0.0;0.0;275.0;0.0;271.0;0;7
11;132;nan;0.0;0.0;275.0;0.0;271.0;0;7
11;133;nan;0.0;0.0;275.0;0.0;271.0;0;7
11;134;nan;0.0;0.0;275.0;0.0;271.0;0;7
11;135;nan;0.0;0.0;275.0;0.0;271.0;0;7
11;136;nan;0.0;0.0;275.0;0.0;271.0;0;7
11;137;nan;0.0;0.0;275.0;0.0;271.0;0;7
11;138;nan;0.0;0.0;275.0;0.0;271.0;0;7
11;139;nan;0.0;0.0;275.0;0.0;271.0;0;7
11;140;nan;0.0;0.0;275.0;0.0;271.0;0;7
11;141;nan;0.0;0.0;275.0;0.0;271.0;0;7
11;142;nan;0.0;0.0;275.0;0.0;271.0;0;7
11;143;nan;0.0;0.0;275.0;0.0;271.0;0;7
11;144;nan;0.0;0.0;275.0;0.0;271.0;0;7
11;145;nan;0.0;0.0;275.0;0.0;271.0;0;7
11;146;nan;0.0;0.0;275.0;0.0;271.0;0;7
11;147;nan;0.0;0.0;275.0;0.0;271.0;0;7
11;148;nan;0.0;0.0;275.0;0.0;271.0;0;7
11;149;nan;0.0;0.0;275.0;0.0;271.0;0;7
12;0;5.8;82.4;196.0;415.3;0.2;284.0;1;1
12;1;6.0;78.9;188.0;406.6;0.2;280.0;1;2
12;2;6.2;74.5;175.0;394.7;0.2;276.0;1;3
12;3;6.0;79.5;185.0;407.9;0.2;276.0;0;3
12;4;6.8;66.0;162.0;385.0;0.2;276.0;0;3
12;5;7.0;63.8;153.0;380.3;0.2;276.0;0;3
12;6;8.1;53.9;133.0;365.4;0.1;276.0;0;3
12;7;6.7;68.2;162.0;391.0;0.2;276.0;0;3
12;8;7.1;63.9;156.0;384.1;0.2;276.0;0;3
12;9;7.8;56.8;137.0;372.4;0.2;276.0;0;3
12;10;7.3;59.5;150.0;369.7;0.2;276.0;0;3
12;11;7.5;60.8;157.0;383.9;0.2;276.0;0;3
12;12;8.0;54.2;140.0;365.7;0.1;276.0;0;3
12;13;8.4;51.5;121.0;363.4;0.1;276.0;0;3
12;14;9.2;45.2;110.0;348.4;0.1;276.0;0;3
12;15;8.8;47.8;112.0;352.9;0.1;276.0;0;3
12;16;10.2;40.3;98.0;341.1;0.1;276.0;0;3
12;17;9.5;43.7;107.0;345.4;0.1;273.0;1;4
12;18;10.5;39.2;103.0;341.6;0.1;273.0;0;4
12;19;11.4;35.9;91.0;337.6;0.1;273.0;0;4
12;20;16.0;23.3;54.0;304.0;0.1;273.0;0;4
12;21;15.6;24.5;57.0;311.1;0.1;273.0;0;4
12;22;10.2;37.8;82.0;319.6;0.1;273.0;0;4
12;23;11.3;33.3;82.0;311.0;0.1;273.0;0;4
12;24;39.2;9.3;25.0;289.0;0.0;273.0;0;4
12;25;nan;0.0;0.0;277.0;0.0;273.0;0;4
12;26;nan;0.0;0.0;277.0;0.0;273.0;0;4
12;27;nan;0.0;0.0;277.0;0.0;273.0;0;4
12;28;nan;0.0;0.0;277.0;0.0;273.0;0;4
12;29;nan;0.0;0.0;277.0;0.0;273.0;0;4
12;30;nan;0.0;0.0;277.0;0.0;273.0;0;4
12;31;nan;0.0;0.0;277.0;0.0;273.0;0;4
12;32;nan;0.0;0.0;277.0;0.0;273.0;0;4
12;33;nan;0.0;0.0;277.0;0.0;273.0;0;4
12;34;nan;0.0;0.0;277.0;0.0;273.0;0;4
12;35;nan;0.0;0.0;277.0;0.0;273.0;0;4
12;36;nan;0.0;0.0;277.0;0.0;273.0;0;4
12;37;nan;0.0;0.0;277.0;0.0;273.0;0;4
12;38;nan;0.0;0.0;277.0;0.0;273.0;0;4
12;39;nan;0.0;0.0;277.0;0.0;273.0;0;4
12;40;nan;0.0;0.0;277.0;0.0;273.0;0;4
12;41;nan;0.0;0.0;277.0;0.0;273.0;0;4
12;42;nan;0.0;0.0;277.0;0.0;273.0;0;4
12;43;nan;0.0;0.0;277.0;0.0;273.0;0;4
12;44;nan;0.0;0.0;277.0;0.0;273.0;0;4
12;45;nan;0.0;0.0;277.0;0.0;273.0;0;4
12;46;nan;0.0;0.0;277.0;0.0;273.0;0;4
12;47;100.0;1.0;3.0;276.6;0.0;273.0;0;4
12;48;nan;0.0;0.0;277.0;0.0;273.0;0;4
12;49;nan;0.0;0.0;277.0;0.0;273.0;0;4
12;50;nan;0.0;0.0;277.0;0.0;273.0;0;4
12;51;nan;0.0;0.0;277.0;0.0;273.0;0;4
12;52;nan;0.0;0.0;277.0;0.0;273.0;0;4
12;53;nan;0.0;0.0;277.0;0.0;273.0;0;4
12;54;nan;0.0;0.0;277.0;0.0;273.0;0;4
12;55;nan;0.0;0.0;277.0;0.0;273.0;0;4
12;56;nan;0.0;0.0;277.0;0.0;273.0;0;4
12;57;nan;0.0;0.0;277.0;0.0;273.0;0;4
12;58;nan;0.0;0.0;277.0;0.0;273.0;0;4
12;59;nan;0.0;0.0;277.0;0.0;273.0;0;4
12;60;nan;0.0;0.0;277.0;0.0;273.0;0;4
12;61;nan;0.0;0.0;277.0;0.0;273.0;0;4
12;62;nan;0.0;0.0;277.0;0.0;273.0;0;4
12;63;7.7;48.6;104.0;318.0;0.2;271.0;1;5
12;64;8.7;42.9;97.0;313.0;0.1;271.0;0;5
12;65;7.8;49.6;109.0;325.6;0.2;271.0;0;5
12;66;6.8;57.0;121.0;328.9;0.2;271.0;0;5
12;67;8.4;45.0;99.0;318.9;0.1;271.0;0;5
12;68;13.9;26.8;59.0;304.6;0.1;271.0;0;5
12;69;14.7;24.8;57.0;298.1;0.1;271.0;0;5
12;70;67.7;5.2;15.0;279.9;0.0;271.0;0;5
12;71;31.0;11.6;27.0;286.1;0.0;271.0;0;5
12;72;92.1;3.8;11.0;278.6;0.0;271.0;0;5
12;73;nan;0.0;0.0;277.0;0.0;271.0;0;5
12;74;nan;0.0;0.0;277.0;0.0;271.0;0;5
12;75;nan;0.0;0.0;277.0;0.0;271.0;0;5
12;76;nan;0.0;0.0;277.0;0.0;271.0;0;5
12;77;nan;0.0;0.0;277.0;0.0;271.0;0;5
12;78;nan;0.0;0.0;277.0;0.0;271.0;0;5
12;79;nan;0.0;0.0;277.0;0.0;271.0;0;5
12;80;nan;0.0;0.0;277.0;0.0;271.0;0;5
12;81;nan;0.0;0.0;277.0;0.0;271.0;0;5
12;82;nan;0.0;0.0;277.0;0.0;271.0;0;5
12;83;nan;0.0;0.0;277.0;0.0;271.0;0;5
12;84;nan;0.0;0.0;277.0;0.0;271.0;0;5
12;85;nan;0.0;0.0;277.0;0.0;271.0;0;5
12;86;nan;0.0;0.0;277.0;0.0;271.0;0;5
12;87;nan;0.0;0.0;277.0;0.0;271.0;0;5
12;88;nan;0.0;0.0;277.0;0.0;271.0;0;5
12;89;nan;0.0;0.0;277.0;0.0;271.0;0;5
12;90;nan;0.0;0.0;277.0;0.0;271.0;0;5
12;91;nan;0.0;0.0;277.0;0.0;271.0;0;5
12;92;nan;0.0;0.0;277.0;0.0;271.0;0;5
12;93;nan;0.0;0.0;277.0;0.0;271.0;0;5
12;94;nan;0.0;0.0;277.0;0.0;271.0;0;5
12;95;nan;0.0;0.0;277.0;0.0;271.0;0;5
12;96;nan;0.0;0.0;277.0;0.0;271.0;0;5
12;97;nan;0.0;0.0;277.0;0.0;271.0;0;5
12;98;nan;0.0;0.0;277.0;0.0;271.0;0;5
12;99;nan;0.0;0.0;277.0;0.0;271.0;0;5
12;100;nan;0.0;0.0;277.0;0.0;271.0;0;5
12;101;nan;0.0;0.0;277.0;0.0;271.0;0;5
12;102;nan;0.0;0.0;277.0;0.0;271.0;0;5
12;103;nan;0.0;0.0;277.0;0.0;271.0;0;5
12;104;nan;0.0;0.0;277.0;0.0;271.0;0;5
12;105;nan;0.0;0.0;277.0;0.0;271.0;0;5
12;106;nan;0.0;0.0;277.0;0.0;271.0;0;5
12;107;nan;0.0;0.0;277.0;0.0;271.0;0;5
12;108;nan;0.0;0.0;277.0;0.0;271.0;0;5
12;109;14.4;25.0;63.0;294.4;0.1;271.0;0;5
12;110;8.6;42.4;102.0;306.7;0.1;271.0;0;5
12;111;9.1;39.9;94.0;302.6;0.1;271.0;0;5
12;112;10.4;35.1;84.0;302.1;0.1;271.0;0;5
12;113;16.1;22.4;54.0;293.4;0.1;271.0;0;5
12;114;38.3;9.3;25.0;282.6;0.0;271.0;0;5
12;115;41.2;8.6;24.0;282.0;0.0;271.0;0;5
12;116;nan;0.0;0.0;277.0;0.0;271.0;0;5
12;117;nan;0.0;0.0;277.0;0.0;271.0;0;5
12;118;nan;0.0;0.0;277.0;0.0;271.0;0;5
12;119;nan;0.0;0.0;277.0;0.0;271.0;0;5
12;120;nan;0.0;0.0;277.0;0.0;271.0;0;5
12;121;nan;0.0;0.0;277.0;0.0;271.0;0;5
12;122;nan;0.0;0.0;277.0;0.0;271.0;0;5
12;123;nan;0.0;0.0;277.0;0.0;271.0;0;5
12;124;nan;0.0;0.0;277.0;0.0;271.0;0;5
12;125;nan;0.0;0.0;277.0;0.0;271.0;0;5
12;126;nan;0.0;0.0;277.0;0.0;271.0;0;5
12;127;nan;0.0;0.0;277.0;0.0;271.0;0;5
12;128;nan;0.0;0.0;277.0;0.0;271.0;0;5
12;129;nan;0.0;0.0;277.0;0.0;271.0;0;5
12;130;nan;0.0;0.0;277.0;0.0;271.0;0;5
12;131;nan;0.0;0.0;277.0;0.0;271.0;0;5
12;132;nan;0.0;0.0;277.0;0.0;271.0;0;5
12;133;nan;0.0;0.0;277.0;0.0;271.0;0;5
12;134;nan;0.0;0.0;277.0;0.0;271.0;0;5
12;135;nan;0.0;0.0;277.0;0.0;271.0;0;5
12;136;nan;0.0;0.0;277.0;0.0;271.0;0;5
12;137;nan;0.0;0.0;277.0;0.0;271.0;0;5
12;138;nan;0.0;0.0;277.0;0.0;271.0;0;5
12;139;nan;0.0;0.0;277.0;0.0;271.0;0;5
12;140;nan;0.0;0.0;277.0;0.0;271.0;0;5
12;141;nan;0.0;0.0;277.0;0.0;271.0;0;5
12;142;nan;0.0;0.0;277.0;0.0;271.0;0;5
12;143;nan;0.0;0.0;277.0;0.0;271.0;0;5
12;144;nan;0.0;0.0;277.0;0.0;271.0;0;5
12;145;nan;0.0;0.0;277.0;0.0;271.0;0;5
12;146;nan;0.0;0.0;277.0;0.0;271.0;0;5
12;147;nan;0.0;0.0;277.0;0.0;271.0;0;5
12;148;nan;0.0;0.0;277.0;0.0;271.0;0;5
12;149;nan;0.0;0.0;277.0;0.0;271.0;0;5
13;0;7.0;66.4;160.0;397.0;0.2;287.0;1;1
13;1;6.1;76.0;180.0;400.7;0.2;280.0;1;2
13;2;6.7;70.2;165.0;399.3;0.2;280.0;0;2
13;3;6.2;74.7;184.0;400.0;0.2;280.0;0;2
13;4;6.4;73.5;180.0;399.9;0.2;280.0;0;2
13;5;6.8;67.0;159.0;390.4;0.2;280.0;0;2
13;6;6.4;71.2;165.0;392.9;0.2;280.0;0;2
13;7;7.4;59.4;139.0;370.3;0.2;273.0;1;3
13;8;6.5;68.7;166.0;383.6;0.2;273.0;0;3
13;9;8.0;55.0;129.0;370.7;0.1;273.0;0;3
13;10;7.3;61.0;142.0;377.3;0.2;273.0;0;3
13;11;7.0;64.5;149.0;383.7;0.2;273.0;0;3
13;12;6.6;67.3;166.0;380.6;0.2;273.0;0;3
13;13;8.3;52.0;132.0;362.3;0.1;273.0;0;3
13;14;9.5;44.1;110.0;347.7;0.1;271.0;1;4
13;15;9.0;46.3;108.0;349.0;0.1;271.0;0;4
13;16;9.8;41.8;120.0;340.4;0.1;271.0;0;4
13;17;11.3;36.5;101.0;340.0;0.1;271.0;0;4
13;18;11.8;34.2;89.0;331.7;0.1;271.0;0;4
13;19;11.3;35.3;95.0;329.3;0.1;271.0;0;4
13;20;16.7;22.1;59.0;299.0;0.1;271.0;0;4
13;21;13.7;27.5;67.0;308.9;0.1;271.0;0;4
13;22;47.9;7.6;23.0;287.4;0.0;271.0;0;4
13;23;69.1;5.2;12.0;285.0;0.0;271.0;0;4
13;24;55.8;6.4;13.0;283.4;0.0;271.0;0;4
13;25;59.9;6.0;13.0;283.9;0.0;271.0;0;4
13;26;59.9;6.0;13.0;283.9;0.0;271.0;0;4
13;27;59.9;6.0;13.0;283.9;0.0;271.0;0;4
13;28;55.8;6.4;13.0;283.4;0.0;271.0;0;4
13;29;65.3;5.5;13.0;284.3;0.0;271.0;0;4
13;30;59.9;6.0;13.0;283.9;0.0;271.0;0;4
13;31;70.4;5.1;13.0;284.9;0.0;271.0;0;4
13;32;86.4;4.1;10.0;278.6;0.0;271.0;0;4
13;33;nan;0.0;0.0;276.0;0.0;271.0;0;4
13;34;nan;0.0;0.0;276.0;0.0;271.0;0;4
13;35;nan;0.0;0.0;276.0;0.0;271.0;0;4
13;36;nan;0.0;0.0;276.0;0.0;271.0;0;4
13;37;nan;0.0;0.0;276.0;0.0;271.0;0;4
13;38;nan;0.0;0.0;276.0;0.0;271.0;0;4
13;39;nan;0.0;0.0;276.0;0.0;271.0;0;4
13;40;nan;0.0;0.0;276.0;0.0;271.0;0;4
13;41;nan;0.0;0.0;276.0;0.0;271.0;0;4
13;42;nan;0.0;0.0;276.0;0.0;271.0;0;4
13;43;nan;0.0;0.0;276.0;0.0;271.0;0;4
13;44;100.0;0.7;2.0;275.7;0.0;271.0;0;4
13;45;nan;0.0;0.0;276.0;0.0;271.0;0;4
13;46;nan;0.0;0.0;276.0;0.0;271.0;0;4
13;47;nan;0.0;0.0;276.0;0.0;271.0;0;4
13;48;nan;0.0;0.0;276.0;0.0;271.0;0;4
13;49;nan;0.0;0.0;276.0;0.0;271.0;0;4
13;50;nan;0.0;0.0;276.0;0.0;271.0;0;4
13;51;nan;0.0;0.0;276.0;0.0;271.0;0;4
13;52;nan;0.0;0.0;276.0;0.0;271.0;0;4
13;53;nan;0.0;0.0;276.0;0.0;271.0;0;4
13;54;nan;0.0;0.0;276.0;0.0;271.0;0;4
13;55;nan;0.0;0.0;276.0;0.0;271.0;0;4
13;56;nan;0.0;0.0;276.0;0.0;271.0;0;4
13;57;nan;0.0;0.0;276.0;0.0;271.0;0;4
13;58;nan;0.0;0.0;276.0;0.0;271.0;0;4
13;59;nan;0.0;0.0;276.0;0.0;271.0;0;4
13;60;7.8;48.0;109.0;317.6;0.2;271.0;0;4
13;61;6.8;55.7;134.0;325.0;0.2;271.0;0;4
13;62;9.9;38.1;90.0;314.7;0.1;271.0;0;4
13;63;11.8;31.7;80.0;307.4;0.1;271.0;0;4
13;64;12.2;29.9;67.0;301.3;0.1;271.0;0;4
13;65;13.2;28.0;60.0;303.4;0.1;271.0;0;4
13;66;13.6;27.2;60.0;301.4;0.1;271.0;0;4
13;67;32.7;11.0;27.0;286.3;0.0;271.0;0;4
13;68;27.2;13.2;38.0;286.1;0.0;271.0;0;4
13;69;70.9;5.0;15.0;280.0;0.0;271.0;0;4
13;70;100.0;1.5;3.0;277.3;0.0;271.0;0;4
13;71;100.0;1.3;3.0;277.6;0.0;271.0;0;4
13;72;100.0;1.2;3.0;277.7;0.0;271.0;0;4
13;73;100.0;1.3;3.0;277.0;0.0;271.0;0;4
13;74;100.0;1.2;3.0;277.4;0.0;271.0;0;4
13;75;100.0;1.5;3.0;277.3;0.0;271.0;0;4
13;76;100.0;1.0;3.0;276.6;0.0;271.0;0;4
13;77;100.0;1.4;3.0;277.4;0.0;271.0;0;4
13;78;100.0;1.0;3.0;276.6;0.0;271.0;0;4
13;79;nan;0.0;0.0;276.0;0.0;271.0;0;4
13;80;nan;0.0;0.0;276.0;0.0;271.0;0;4
13;81;nan;0.0;0.0;276.0;0.0;271.0;0;4
13;82;nan;0.0;0.0;276.0;0.0;271.0;0;4
13;83;nan;0.0;0.0;276.0;0.0;271.0;0;4
13;84;nan;0.0;0.0;276.0;0.0;271.0;0;4
13;85;nan;0.0;0.0;276.0;0.0;271.0;0;4
13;86;nan;0.0;0.0;276.0;0.0;271.0;0;4
13;87;nan;0.0;0.0;276.0;0.0;271.0;0;4
13;88;nan;0.0;0.0;276.0;0.0;271.0;0;4
13;89;nan;0.0;0.0;276.0;0.0;271.0;0;4
13;90;nan;0.0;0.0;276.0;0.0;271.0;0;4
13;91;nan;0.0;0.0;276.0;0.0;271.0;0;4
13;92;nan;0.0;0.0;276.0;0.0;271.0;0;4
13;93;nan;0.0;0.0;276.0;0.0;271.0;0;4
13;94;nan;0.0;0.0;276.0;0.0;271.0;0;4
13;95;nan;0.0;0.0;276.0;0.0;271.0;0;4
13;96;nan;0.0;0.0;276.0;0.0;271.0;0;4
13;97;nan;0.0;0.0;276.0;0.0;271.0;0;4
13;98;nan;0.0;0.0;276.0;0.0;271.0;0;4
13;99;nan;0.0;0.0;276.0;0.0;271.0;0;4
13;100;nan;0.0;0.0;276.0;0.0;271.0;0;4
13;101;nan;0.0;0.0;276.0;0.0;271.0;0;4
13;102;nan;0.0;0.0;276.0;0.0;271.0;0;4
13;103;nan;0.0;0.0;276.0;0.0;271.0;0;4
13;104;nan;0.0;0.0;276.0;0.0;271.0;0;4
13;105;11.8;30.1;80.0;293.4;0.1;271.0;0;4
13;106;15.9;22.5;53.0;290.6;0.1;271.0;0;4
13;107;nan;0.0;0.0;276.0;0.0;271.0;0;4
13;108;16.4;21.8;54.0;290.3;0.1;271.0;0;4
13;109;59.4;6.0;15.0;279.7;0.0;271.0;0;4
13;110;100.0;1.4;4.0;276.6;0.0;271.0;0;4
13;111;nan;0.0;0.0;276.0;0.0;271.0;0;4
13;112;nan;0.0;0.0;276.0;0.0;271.0;0;4
13;113;nan;0.0;0.0;276.0;0.0;271.0;0;4
13;114;nan;0.0;0.0;276.0;0.0;271.0;0;4
13;115;nan;0.0;0.0;276.0;0.0;271.0;0;4
13;116;nan;0.0;0.0;276.0;0.0;271.0;0;4
13;117;nan;0.0;0.0;276.0;0.0;271.0;0;4
13;118;nan;0.0;0.0;276.0;0.0;271.0;0;4
13;119;nan;0.0;0.0;276.0;0.0;271.0;0;4
13;120;nan;0.0;0.0;276.0;0.0;271.0;0;4
13;121;nan;0.0;0.0;276.0;0.0;271.0;0;4
13;122;nan;0.0;0.0;276.0;0.0;271.0;0;4
13;123;nan;0.0;0.0;276.0;0.0;271.0;0;4
13;124;nan;0.0;0.0;276.0;0.0;271.0;0;4
13;125;nan;0.0;0.0;276.0;0.0;271.0;0;4
13;126;nan;0.0;0.0;276.0;0.0;271.0;0;4
13;127;nan;0.0;0.0;276.0;0.0;271.0;0;4
13;128;nan;0.0;0.0;276.0;0.0;271.0;0;4
13;129;nan;0.0;0.0;276.0;0.0;271.0;0;4
13;130;nan;0.0;0.0;276.0;0.0;271.0;0;4
13;131;nan;0.0;0.0;276.0;0.0;271.0;0;4
13;132;nan;0.0;0.0;276.0;0.0;271.0;0;4
13;133;nan;0.0;0.0;276.0;0.0;271.0;0;4
13;134;nan;0.0;0.0;276.0;0.0;271.0;0;4
13;135;nan;0.0;0.0;276.0;0.0;271.0;0;4
13;136;nan;0.0;0.0;276.0;0.0;271.0;0;4
13;137;nan;0.0;0.0;276.0;0.0;271.0;0;4
13;138;nan;0.0;0.0;276.0;0.0;271.0;0;4
13;139;nan;0.0;0.0;276.0;0.0;271.0;0;4
13;140;nan;0.0;0.0;276.0;0.0;271.0;0;4
13;141;nan;0.0;0.0;276.0;0.0;271.0;0;4
13;142;nan;0.0;0.0;276.0;0.0;271.0;0;4
13;143;nan;0.0;0.0;276.0;0.0;271.0;0;4
13;144;nan;0.0;0.0;276.0;0.0;271.0;0;4
13;145;nan;0.0;0.0;276.0;0.0;271.0;0;4
13;146;nan;0.0;0.0;276.0;0.0;271.0;0;4
13;147;nan;0.0;0.0;276.0;0.0;271.0;0;4
13;148;nan;0.0;0.0;276.0;0.0;271.0;0;4
13;149;nan;0.0;0.0;276.0;0.0;271.0;0;4
14;0;6.3;73.1;169.0;393.4;0.2;274.0;1;1
14;1;6.0;78.0;191.0;401.0;0.2;274.0;0;1
14;2;6.4;72.7;169.0;397.0;0.2;274.0;0;1
14;3;6.1;76.0;178.0;400.0;0.2;274.0;0;1
14;4;7.1;62.6;150.0;377.1;0.2;274.0;0;1
14;5;6.3;73.2;183.0;397.3;0.2;274.0;0;1
14;6;7.7;57.7;142.0;375.6;0.2;274.0;0;1
14;7;7.0;65.4;154.0;386.4;0.2;274.0;0;1
14;8;6.8;66.1;163.0;383.0;0.2;274.0;0;1
14;9;7.5;60.1;142.0;383.7;0.2;274.0;0;1
14;10;8.2;53.2;132.0;365.3;0.1;274.0;0;1
14;11;7.7;58.1;143.0;375.9;0.2;274.0;0;1
14;12;7.2;61.7;146.0;379.0;0.2;274.0;0;1
14;13;6.9;65.6;155.0;385.3;0.2;274.0;0;1
14;14;8.0;53.5;124.0;360.0;0.1;274.0;0;1
14;15;10.5;39.3;100.0;341.3;0.1;274.0;0;1
14;16;8.1;53.5;128.0;363.0;0.1;274.0;0;1
14;17;11.5;35.7;99.0;338.4;0.1;274.0;0;1
14;18;10.6;38.9;103.0;341.0;0.1;274.0;0;1
14;19;9.8;41.6;106.0;339.0;0.1;274.0;0;1
14;20;12.2;31.4;83.0;313.7;0.1;274.0;0;1
14;21;11.5;34.2;75.0;323.0;0.1;274.0;0;1
14;22;11.2;34.8;80.0;321.3;0.1;274.0;0;1
14;23;14.8;25.5;61.0;307.7;0.1;273.0;1;2
14;24;18.3;20.3;55.0;299.7;0.1;273.0;0;2
14;25;80.4;4.5;16.0;282.4;0.0;273.0;0;2
14;26;86.6;4.1;13.0;281.6;0.0;273.0;0;2
14;27;81.7;4.4;11.0;282.1;0.0;273.0;0;2
14;28;74.4;4.8;10.0;280.9;0.0;273.0;0;2
14;29;100.0;3.4;9.0;281.1;0.0;273.0;0;2
14;30;95.8;3.7;9.0;280.7;0.0;273.0;0;2
14;31;100.0;3.6;9.0;280.1;0.0;273.0;0;2
14;32;100.0;2.8;8.0;276.1;0.0;273.0;0;2
14;33;100.0;2.8;8.0;276.1;0.0;273.0;0;2
14;34;nan;0.0;0.0;275.0;0.0;273.0;0;2
14;35;nan;0.0;0.0;275.0;0.0;273.0;0;2
14;36;nan;0.0;0.0;275.0;0.0;273.0;0;2
14;37;nan;0.0;0.0;275.0;0.0;273.0;0;2
14;38;nan;0.0;0.0;275.0;0.0;273.0;0;2
14;39;nan;0.0;0.0;275.0;0.0;273.0;0;2
14;40;nan;0.0;0.0;275.0;0.0;273.0;0;2
14;41;nan;0.0;0.0;275.0;0.0;273.0;0;2
14;42;nan;0.0;0.0;275.0;0.0;273.0;0;2
14;43;nan;0.0;0.0;275.0;0.0;273.0;0;2
14;44;nan;0.0;0.0;275.0;0.0;273.0;0;2
14;45;nan;0.0;0.0;275.0;0.0;273.0;0;2
14;46;nan;0.0;0.0;275.0;0.0;273.0;0;2
14;47;nan;0.0;0.0;275.0;0.0;273.0;0;2
14;48;nan;0.0;0.0;275.0;0.0;273.0;0;2
14;49;nan;0.0;0.0;275.0;0.0;273.0;0;2
14;50;nan;0.0;0.0;275.0;0.0;273.0;0;2
14;51;nan;0.0;0.0;275.0;0.0;273.0;0;2
14;52;nan;0.0;0.0;275.0;0.0;273.0;0;2
14;53;nan;0.0;0.0;275.0;0.0;273.0;0;2
14;54;nan;0.0;0.0;275.0;0.0;273.0;0;2
14;55;nan;0.0;0.0;275.0;0.0;273.0;0;2
14;56;nan;0.0;0.0;275.0;0.0;273.0;0;2
14;57;nan;0.0;0.0;275.0;0.0;273.0;0;2
14;58;nan;0.0;0.0;275.0;0.0;273.0;0;2
14;59;nan;0.0;0.0;275.0;0.0;273.0;0;2
14;60;nan;0.0;0.0;275.0;0.0;273.0;0;2
14;61;nan;0.0;0.0;275.0;0.0;273.0;0;2
14;62;nan;0.0;0.0;275.0;0.0;273.0;0;2
14;63;nan;0.0;0.0;275.0;0.0;273.0;0;2
14;64;nan;0.0;0.0;275.0;0.0;273.0;0;2
14;65;nan;0.0;0.0;275.0;0.0;273.0;0;2
14;66;nan;0.0;0.0;275.0;0.0;273.0;0;2
14;67;nan;0.0;0.0;275.0;0.0;273.0;0;2
14;68;nan;0.0;0.0;275.0;0.0;273.0;0;2
14;69;9.7;38.2;85.0;308.6;0.1;271.0;1;3
14;70;18.3;20.0;45.0;296.6;0.1;271.0;0;3
14;71;8.2;45.9;109.0;315.0;0.1;271.0;0;3
14;72;9.5;39.0;89.0;309.6;0.1;271.0;0;3
14;73;20.0;18.3;44.0;295.4;0.1;271.0;0;3
14;74;16.1;22.5;61.0;295.7;0.1;271.0;0;3
14;75;32.1;11.1;27.0;283.7;0.0;271.0;0;3
14;76;61.6;5.9;16.0;287.0;0.0;271.0;0;3
14;77;100.0;1.0;2.0;282.9;0.0;271.0;0;3
14;78;98.5;3.7;11.0;282.7;0.0;271.0;0;3
14;79;94.2;3.8;9.0;280.9;0.0;271.0;0;3
14;80;83.6;4.3;9.0;279.9;0.0;271.0;0;3
14;81;87.5;4.1;11.0;281.1;0.0;271.0;0;3
14;82;100.0;2.9;9.0;281.9;0.0;271.0;0;3
14;83;79.6;4.5;9.0;278.9;0.0;271.0;0;3
14;84;82.5;4.3;11.0;281.4;0.0;271.0;0;3
14;85;83.6;4.3;9.0;279.9;0.0;271.0;0;3
14;86;100.0;3.1;9.0;276.3;0.0;271.0;0;3
14;87;nan;0.0;0.0;275.0;0.0;271.0;0;3
14;88;nan;0.0;0.0;275.0;0.0;271.0;0;3
14;89;nan;0.0;0.0;275.0;0.0;271.0;0;3
14;90;nan;0.0;0.0;275.0;0.0;271.0;0;3
14;91;nan;0.0;0.0;275.0;0.0;271.0;0;3
14;92;nan;0.0;0.0;275.0;0.0;271.0;0;3
14;93;nan;0.0;0.0;275.0;0.0;271.0;0;3
14;94;nan;0.0;0.0;275.0;0.0;271.0;0;3
14;95;nan;0.0;0.0;275.0;0.0;271.0;0;3
14;96;nan;0.0;0.0;275.0;0.0;271.0;0;3
14;97;nan;0.0;0.0;275.0;0.0;271.0;0;3
14;98;nan;0.0;0.0;275.0;0.0;271.0;0;3
14;99;nan;0.0;0.0;275.0;0.0;271.0;0;3
14;100;nan;0.0;0.0;275.0;0.0;271.0;0;3
14;101;nan;0.0;0.0;275.0;0.0;271.0;0;3
14;102;nan;0.0;0.0;275.0;0.0;271.0;0;3
14;103;nan;0.0;0.0;275.0;0.0;271.0;0;3
14;104;nan;0.0;0.0;275.0;0.0;271.0;0;3
14;105;nan;0.0;0.0;275.0;0.0;271.0;0;3
14;106;nan;0.0;0.0;275.0;0.0;271.0;0;3
14;107;nan;0.0;0.0;275.0;0.0;271.0;0;3
14;108;nan;0.0;0.0;275.0;0.0;271.0;0;3
14;109;nan;0.0;0.0;275.0;0.0;271.0;0;3
14;110;nan;0.0;0.0;275.0;0.0;271.0;0;3
14;111;nan;0.0;0.0;275.0;0.0;271.0;0;3
14;112;nan;0.0;0.0;275.0;0.0;271.0;0;3
14;113;nan;0.0;0.0;275.0;0.0;271.0;0;3
14;114;nan;0.0;0.0;275.0;0.0;271.0;0;3
14;115;12.1;29.7;68.0;295.6;0.1;271.0;0;3
14;116;19.1;18.7;48.0;288.6;0.1;271.0;0;3
14;117;27.0;13.1;37.0;282.3;0.0;271.0;0;3
14;118;nan;0.0;0.0;275.0;0.0;271.0;0;3
14;119;nan;0.0;0.0;275.0;0.0;271.0;0;3
14;120;nan;0.0;0.0;275.0;0.0;271.0;0;3
14;121;nan;0.0;0.0;275.0;0.0;271.0;0;3
14;122;nan;0.0;0.0;275.0;0.0;271.0;0;3
14;123;nan;0.0;0.0;275.0;0.0;271.0;0;3
14;124;nan;0.0;0.0;275.0;0.0;271.0;0;3
14;125;nan;0.0;0.0;275.0;0.0;271.0;0;3
14;126;nan;0.0;0.0;275.0;0.0;271.0;0;3
14;127;nan;0.0;0.0;275.0;0.0;271.0;0;3
14;128;nan;0.0;0.0;275.0;0.0;271.0;0;3
14;129;100.0;0.3;1.0;274.9;0.0;271.0;0;3
14;130;nan;0.0;0.0;275.0;0.0;271.0;0;3
14;131;nan;0.0;0.0;275.0;0.0;271.0;0;3
14;132;nan;0.0;0.0;275.0;0.0;271.0;0;3
14;133;nan;0.0;0.0;275.0;0.0;271.0;0;3
14;134;nan;0.0;0.0;275.0;0.0;271.0;0;3
14;135;nan;0.0;0.0;275.0;0.0;271.0;0;3
14;136;nan;0.0;0.0;275.0;0.0;271.0;0;3
14;137;nan;0.0;0.0;275.0;0.0;271.0;0;3
14;138;nan;0.0;0.0;275.0;0.0;271.0;0;3
14;139;nan;0.0;0.0;275.0;0.0;271.0;0;3
14;140;nan;0.0;0.0;275.0;0.0;271.0;0;3
14;141;nan;0.0;0.0;275.0;0.0;271.0;0;3
14;142;nan;0.0;0.0;275.0;0.0;271.0;0;3
14;143;nan;0.0;0.0;275.0;0.0;271.0;0;3
14;144;nan;0.0;0.0;275.0;0.0;271.0;0;3
14;145;nan;0.0;0.0;275.0;0.0;271.0;0;3
14;146;nan;0.0;0.0;275.0;0.0;271.0;0;3
14;147;nan;0.0;0.0;275.0;0.0;271.0;0;3
14;148;nan;0.0;0.0;275.0;0.0;271.0;0;3
14;149;nan;0.0;0.0;275.0;0.0;271.0;0;3
15;0;6.1;79.3;181.0;415.7;0.2;287.0;1;1
15;1;6.0;80.3;191.0;412.6;0.2;285.0;1;2
15;2;6.3;74.0;180.0;397.7;0.2;281.0;1;3
15;3;6.2;74.0;183.0;394.0;0.2;278.0;1;4
15;4;7.2;62.9;144.0;383.9;0.2;278.0;0;4
15;5;7.1;64.6;162.0;388.4;0.2;278.0;0;4
15;6;6.7;67.7;160.0;389.0;0.2;278.0;0;4
15;7;7.1;63.4;163.0;384.0;0.2;278.0;0;4
15;8;6.9;65.7;156.0;383.6;0.2;278.0;0;4
15;9;6.8;66.7;159.0;387.0;0.2;278.0;0;4
15;10;7.8;56.1;141.0;368.7;0.2;278.0;0;4
15;11;7.9;55.9;137.0;371.7;0.2;278.0;0;4
15;12;7.8;56.5;136.0;371.4;0.2;278.0;0;4
15;13;9.9;42.8;115.0;353.0;0.1;278.0;0;4
15;14;9.1;46.8;120.0;357.3;0.1;278.0;0;4
15;15;7.3;59.7;145.0;371.0;0.2;277.0;1;5
15;16;8.6;49.7;116.0;358.0;0.1;277.0;0;5
15;17;10.1;41.0;102.0;345.4;0.1;277.0;0;5
15;18;10.3;40.2;104.0;342.4;0.1;274.0;1;6
15;19;10.0;41.1;104.0;340.9;0.1;272.0;1;7
15;20;13.0;30.0;66.0;319.7;0.1;272.0;0;7
15;21;13.8;28.0;62.0;315.6;0.1;272.0;0;7
15;22;18.0;20.8;52.0;302.4;0.1;272.0;0;7
15;23;25.3;14.5;40.0;295.3;0.0;272.0;0;7
15;24;24.6;14.8;38.0;292.4;0.1;272.0;0;7
15;25;100.0;2.9;7.0;277.3;0.0;272.0;0;7
15;26;100.0;1.9;4.0;276.0;0.0;272.0;0;7
15;27;nan;0.0;0.0;274.0;0.0;272.0;0;7
15;28;nan;0.0;0.0;274.0;0.0;272.0;0;7
15;29;nan;0.0;0.0;274.0;0.0;272.0;0;7
15;30;nan;0.0;0.0;274.0;0.0;272.0;0;7
15;31;nan;0.0;0.0;274.0;0.0;272.0;0;7
15;32;nan;0.0;0.0;274.0;0.0;272.0;0;7
15;33;nan;0.0;0.0;274.0;0.0;272.0;0;7
15;34;nan;0.0;0.0;274.0;0.0;272.0;0;7
15;35;nan;0.0;0.0;274.0;0.0;272.0;0;7
15;36;nan;0.0;0.0;274.0;0.0;272.0;0;7
15;37;nan;0.0;0.0;274.0;0.0;272.0;0;7
15;38;nan;0.0;0.0;274.0;0.0;272.0;0;7
15;39;nan;0.0;0.0;274.0;0.0;272.0;0;7
15;40;nan;0.0;0.0;274.0;0.0;272.0;0;7
15;41;nan;0.0;0.0;274.0;0.0;272.0;0;7
15;42;nan;0.0;0.0;274.0;0.0;272.0;0;7
15;43;nan;0.0;0.0;274.0;0.0;272.0;0;7
15;44;nan;0.0;0.0;274.0;0.0;272.0;0;7
15;45;nan;0.0;0.0;274.0;0.0;272.0;0;7
15;46;nan;0.0;0.0;274.0;0.0;272.0;0;7
15;47;nan;0.0;0.0;274.0;0.0;272.0;0;7
15;48;nan;0.0;0.0;274.0;0.0;272.0;0;7
15;49;nan;0.0;0.0;274.0;0.0;272.0;0;7
15;50;nan;0.0;0.0;274.0;0.0;272.0;0;7
15;51;nan;0.0;0.0;274.0;0.0;272.0;0;7
15;52;nan;0.0;0.0;274.0;0.0;272.0;0;7
15;53;nan;0.0;0.0;274.0;0.0;272.0;0;7
15;54;nan;0.0;0.0;274.0;0.0;272.0;0;7
15;55;nan;0.0;0.0;274.0;0.0;272.0;0;7
15;56;nan;0.0;0.0;274.0;0.0;272.0;0;7
15;57;nan;0.0;0.0;274.0;0.0;272.0;0;7
15;58;nan;0.0;0.0;274.0;0.0;272.0;0;7
15;59;nan;0.0;0.0;274.0;0.0;272.0;0;7
15;60;nan;0.0;0.0;274.0;0.0;272.0;0;7
15;61;nan;0.0;0.0;274.0;0.0;272.0;0;7
15;62;nan;0.0;0.0;274.0;0.0;272.0;0;7
15;63;nan;0.0;0.0;274.0;0.0;272.0;0;7
15;64;nan;0.0;0.0;274.0;0.0;272.0;0;7
15;65;7.4;51.7;119.0;325.0;0.2;272.0;0;7
15;66;8.0;47.6;108.0;321.7;0.1;272.0;0;7
15;67;17.2;21.7;58.0;302.0;0.1;272.0;0;7
15;68;17.5;20.9;55.0;296.6;0.1;272.0;0;7
15;69;39.0;9.1;22.0;282.9;0.0;272.0;0;7
15;70;100.0;3.1;9.0;275.3;0.0;272.0;0;7
15;71;nan;0.0;0.0;274.0;0.0;272.0;0;7
15;72;nan;0.0;0.0;274.0;0.0;272.0;0;7
15;73;nan;0.0;0.0;274.0;0.0;272.0;0;7
15;74;nan;0.0;0.0;274.0;0.0;272.0;0;7
15;75;nan;0.0;0.0;274.0;0.0;272.0;0;7
15;76;nan;0.0;0.0;274.0;0.0;272.0;0;7
15;77;nan;0.0;0.0;274.0;0.0;272.0;0;7
15;78;nan;0.0;0.0;274.0;0.0;272.0;0;7
15;79;nan;0.0;0.0;274.0;0.0;272.0;0;7
15;80;nan;0.0;0.0;274.0;0.0;272.0;0;7
15;81;nan;0.0;0.0;274.0;0.0;272.0;0;7
15;82;nan;0.0;0.0;274.0;0.0;272.0;0;7
15;83;nan;0.0;0.0;274.0;0.0;272.0;0;7
15;84;nan;0.0;0.0;274.0;0.0;272.0;0;7
15;85;nan;0.0;0.0;274.0;0.0;272.0;0;7
15;86;nan;0.0;0.0;274.0;0.0;272.0;0;7
15;87;nan;0.0;0.0;274.0;0.0;272.0;0;7
15;88;nan;0.0;0.0;274.0;0.0;272.0;0;7
15;89;nan;0.0;0.0;274.0;0.0;272.0;0;7
15;90;nan;0.0;0.0;274.0;0.0;272.0;0;7
15;91;nan;0.0;0.0;274.0;0.0;272.0;0;7
15;92;nan;0.0;0.0;274.0;0.0;272.0;0;7
15;93;nan;0.0;0.0;274.0;0.0;272.0;0;7
15;94;nan;0.0;0.0;274.0;0.0;272.0;0;7
15;95;nan;0.0;0.0;274.0;0.0;272.0;0;7
15;96;nan;0.0;0.0;274.0;0.0;272.0;0;7
15;97;nan;0.0;0.0;274.0;0.0;272.0;0;7
15;98;nan;0.0;0.0;274.0;0.0;272.0;0;7
15;99;nan;0.0;0.0;274.0;0.0;272.0;0;7
15;100;nan;0.0;0.0;274.0;0.0;272.0;0;7
15;101;nan;0.0;0.0;274.0;0.0;272.0;0;7
15;102;nan;0.0;0.0;274.0;0.0;272.0;0;7
15;103;nan;0.0;0.0;274.0;0.0;272.0;0;7
15;104;nan;0.0;0.0;274.0;0.0;272.0;0;7
15;105;nan;0.0;0.0;274.0;0.0;272.0;0;7
15;106;nan;0.0;0.0;274.0;0.0;272.0;0;7
15;107;nan;0.0;0.0;274.0;0.0;272.0;0;7
15;108;nan;0.0;0.0;274.0;0.0;272.0;0;7
15;109;nan;0.0;0.0;274.0;0.0;272.0;0;7
15;110;10.6;33.7;79.0;296.3;0.1;272.0;0;7
15;111;17.0;21.0;55.0;289.3;0.1;272.0;0;7
15;112;42.7;8.2;24.0;278.4;0.0;272.0;0;7
15;113;100.0;1.8;5.0;275.3;0.0;272.0;0;7
15;114;nan;0.0;0.0;274.0;0.0;272.0;0;7
15;115;nan;0.0;0.0;274.0;0.0;272.0;0;7
15;116;nan;0.0;0.0;274.0;0.0;272.0;0;7
15;117;nan;0.0;0.0;274.0;0.0;272.0;0;7
15;118;nan;0.0;0.0;274.0;0.0;272.0;0;7
15;119;nan;0.0;0.0;274.0;0.0;272.0;0;7
15;120;nan;0.0;0.0;274.0;0.0;272.0;0;7
15;121;nan;0.0;0.0;274.0;0.0;272.0;0;7
15;122;nan;0.0;0.0;274.0;0.0;272.0;0;7
15;123;nan;0.0;0.0;274.0;0.0;272.0;0;7
15;124;nan;0.0;0.0;274.0;0.0;272.0;0;7
15;125;nan;0.0;0.0;274.0;0.0;272.0;0;7
15;126;nan;0.0;0.0;274.0;0.0;272.0;0;7
15;127;nan;0.0;0.0;274.0;0.0;272.0;0;7
15;128;nan;0.0;0.0;274.0;0.0;272.0;0;7
15;129;nan;0.0;0.0;274.0;0.0;272.0;0;7
15;130;nan;0.0;0.0;274.0;0.0;272.0;0;7
15;131;nan;0.0;0.0;274.0;0.0;272.0;0;7
15;132;nan;0.0;0.0;274.0;0.0;272.0;0;7
15;133;nan;0.0;0.0;274.0;0.0;272.0;0;7
15;134;nan;0.0;0.0;274.0;0.0;272.0;0;7
15;135;nan;0.0;0.0;274.0;0.0;272.0;0;7
15;136;nan;0.0;0.0;274.0;0.0;272.0;0;7
15;137;nan;0.0;0.0;274.0;0.0;272.0;0;7
15;138;nan;0.0;0.0;274.0;0.0;272.0;0;7
15;139;nan;0.0;0.0;274.0;0.0;272.0;0;7
15;140;nan;0.0;0.0;274.0;0.0;272.0;0;7
15;141;nan;0.0;0.0;274.0;0.0;272.0;0;7
15;142;nan;0.0;0.0;274.0;0.0;272.0;0;7
15;143;nan;0.0;0.0;274.0;0.0;272.0;0;7
15;144;nan;0.0;0.0;274.0;0.0;272.0;0;7
15;145;nan;0.0;0.0;274.0;0.0;272.0;0;7
15;146;nan;0.0;0.0;274.0;0.0;272.0;0;7
15;147;nan;0.0;0.0;274.0;0.0;272.0;0;7
15;148;nan;0.0;0.0;274.0;0.0;272.0;0;7
15;149;nan;0.0;0.0;274.0;0.0;272.0;0;7
16;0;5.4;91.9;213.0;427.6;0.2;276.0;1;1
16;1;5.5;87.0;216.0;412.6;0.2;271.0;1;2
16;2;6.3;72.8;170.0;395.9;0.2;271.0;0;2
16;3;7.3;61.3;149.0;377.1;0.2;271.0;0;2
16;4;8.0;54.5;134.0;367.6;0.1;271.0;0;2
16;5;7.0;64.4;168.0;381.1;0.2;271.0;0;2
16;6;7.0;65.3;159.0;389.3;0.2;271.0;0;2
16;7;6.8;66.2;162.0;382.7;0.2;271.0;0;2
16;8;6.4;70.2;171.0;383.3;0.2;271.0;0;2
16;9;8.1;54.0;133.0;367.3;0.1;271.0;0;2
16;10;6.8;65.5;163.0;380.0;0.2;271.0;0;2
16;11;8.8;48.8;114.0;360.4;0.1;271.0;0;2
16;12;7.6;58.3;141.0;375.0;0.2;271.0;0;2
16;13;9.4;44.3;104.0;349.3;0.1;271.0;0;2
16;14;10.3;40.0;107.0;341.9;0.1;271.0;0;2
16;15;12.6;32.2;87.0;334.7;0.1;271.0;0;2
16;16;9.1;45.5;112.0;347.1;0.1;271.0;0;2
16;17;9.8;42.3;104.0;344.7;0.1;271.0;0;2
16;18;15.0;26.2;68.0;321.7;0.1;271.0;0;2
16;19;11.1;37.7;88.0;345.6;0.1;271.0;0;2
16;20;8.4;47.4;104.0;334.7;0.1;271.0;0;2
16;21;10.0;38.7;86.0;321.0;0.1;271.0;0;2
16;22;12.6;30.7;78.0;318.6;0.1;271.0;0;2
16;23;14.5;26.2;62.0;310.6;0.1;271.0;0;2
16;24;15.0;25.4;65.0;309.9;0.1;271.0;0;2
16;25;17.6;21.1;53.0;300.9;0.1;271.0;0;2
16;26;89.5;4.0;9.0;283.6;0.0;271.0;0;2
16;27;100.0;3.3;8.0;283.3;0.0;271.0;0;2
16;28;75.6;4.7;13.0;282.3;0.0;271.0;0;2
16;29;100.0;3.1;7.0;283.4;0.0;271.0;0;2
16;30;94.5;3.8;8.0;282.7;0.0;271.0;0;2
16;31;74.2;4.8;13.0;281.9;0.0;271.0;0;2
16;32;100.0;3.2;7.0;282.6;0.0;271.0;0;2
16;33;100.0;2.9;7.0;281.9;0.0;271.0;0;2
16;34;100.0;3.3;7.0;283.1;0.0;271.0;0;2
16;35;100.0;3.3;7.0;282.7;0.0;271.0;0;2
16;36;100.0;3.3;7.0;282.7;0.0;271.0;0;2
16;37;100.0;2.6;7.0;281.6;0.0;271.0;0;2
16;38;98.9;3.6;8.0;282.9;0.0;271.0;0;2
16;39;90.8;4.0;8.0;282.6;0.0;271.0;0;2
16;40;100.0;3.5;8.0;283.1;0.0;271.0;0;2
16;41;100.0;2.9;7.0;281.9;0.0;271.0;0;2
16;42;100.0;3.5;7.0;283.0;0.0;271.0;0;2
16;43;100.0;3.2;7.0;282.4;0.0;271.0;0;2
16;44;94.5;3.8;8.0;282.7;0.0;271.0;0;2
16;45;94.5;3.8;8.0;282.7;0.0;271.0;0;2
16;46;98.9;3.6;8.0;282.9;0.0;271.0;0;2
16;47;7.8;52.0;120.0;340.7;0.2;271.0;0;2
16;48;5.9;70.1;159.0;357.1;0.2;271.0;0;2
16;49;8.3;48.3;114.0;336.3;0.1;271.0;0;2
16;50;9.7;39.9;104.0;322.3;0.1;271.0;0;2
16;51;12.7;30.1;71.0;314.1;0.1;271.0;0;2
16;52;10.9;35.3;80.0;319.1;0.1;271.0;0;2
16;53;12.1;32.1;76.0;318.3;0.1;271.0;0;2
16;54;16.6;22.0;52.0;296.0;0.1;271.0;0;2
16;55;30.6;11.8;28.0;288.6;0.0;271.0;0;2
16;56;36.2;10.0;25.0;286.7;0.0;271.0;0;2
16;57;54.0;6.7;18.0;283.6;0.0;271.0;0;2
16;58;51.3;7.0;17.0;283.4;0.0;271.0;0;2
16;59;39.2;9.2;25.0;285.3;0.0;271.0;0;2
16;60;100.0;2.5;7.0;280.3;0.0;271.0;0;2
16;61;100.0;2.8;7.0;282.4;0.0;271.0;0;2
16;62;100.0;1.9;4.0;281.0;0.0;271.0;0;2
16;63;100.0;2.0;4.0;280.7;0.0;271.0;0;2
16;64;100.0;2.0;4.0;280.7;0.0;271.0;0;2
16;65;82.0;4.4;11.0;281.1;0.0;271.0;0;2
16;66;100.0;3.2;7.0;281.7;0.0;271.0;0;2
16;67;100.0;3.1;7.0;281.6;0.0;271.0;0;2
16;68;100.0;3.1;7.0;281.6;0.0;271.0;0;2
16;69;100.0;3.3;7.0;281.9;0.0;271.0;0;2
16;70;100.0;3.2;7.0;281.7;0.0;271.0;0;2
16;71;100.0;3.5;7.0;282.0;0.0;271.0;0;2
16;72;96.1;3.7;8.0;281.7;0.0;271.0;0;2
16;73;93.1;3.8;8.0;281.6;0.0;271.0;0;2
16;74;93.1;3.8;8.0;281.6;0.0;271.0;0;2
16;75;90.4;4.0;8.0;281.4;0.0;271.0;0;2
16;76;99.6;3.6;8.0;281.9;0.0;271.0;0;2
16;77;90.4;4.0;8.0;281.4;0.0;271.0;0;2
16;78;96.1;3.7;8.0;281.7;0.0;271.0;0;2
16;79;93.1;3.8;8.0;281.6;0.0;271.0;0;2
16;80;100.0;2.8;8.0;279.1;0.0;271.0;0;2
16;81;98.7;3.6;8.0;280.3;0.0;271.0;0;2
16;82;nan;0.0;0.0;278.0;0.0;271.0;0;2
16;83;nan;0.0;0.0;278.0;0.0;271.0;0;2
16;84;nan;0.0;0.0;278.0;0.0;271.0;0;2
16;85;nan;0.0;0.0;278.0;0.0;271.0;0;2
16;86;nan;0.0;0.0;278.0;0.0;271.0;0;2
16;87;nan;0.0;0.0;278.0;0.0;271.0;0;2
16;88;nan;0.0;0.0;278.0;0.0;271.0;0;2
16;89;nan;0.0;0.0;278.0;0.0;271.0;0;2
16;90;nan;0.0;0.0;278.0;0.0;271.0;0;2
16;91;nan;0.0;0.0;278.0;0.0;271.0;0;2
16;92;8.8;43.3;100.0;319.0;0.1;271.0;0;2
16;93;10.7;34.9;79.0;308.6;0.1;271.0;0;2
16;94;14.0;26.7;66.0;306.3;0.1;271.0;0;2
16;95;20.5;17.5;39.0;289.3;0.1;271.0;0;2
16;96;41.3;8.6;22.0;283.6;0.0;271.0;0;2
16;97;100.0;3.2;8.0;280.0;0.0;271.0;0;2
16;98;nan;0.0;0.0;278.0;0.0;271.0;0;2
16;99;nan;0.0;0.0;278.0;0.0;271.0;0;2
16;100;nan;0.0;0.0;278.0;0.0;271.0;0;2
16;101;nan;0.0;0.0;278.0;0.0;271.0;0;2
16;102;nan;0.0;0.0;278.0;0.0;271.0;0;2
16;103;nan;0.0;0.0;278.0;0.0;271.0;0;2
16;104;nan;0.0;0.0;278.0;0.0;271.0;0;2
16;105;nan;0.0;0.0;278.0;0.0;271.0;0;2
16;106;nan;0.0;0.0;278.0;0.0;271.0;0;2
16;107;nan;0.0;0.0;278.0;0.0;271.0;0;2
16;108;nan;0.0;0.0;278.0;0.0;271.0;0;2
16;109;nan;0.0;0.0;278.0;0.0;271.0;0;2
16;110;nan;0.0;0.0;278.0;0.0;271.0;0;2
16;111;nan;0.0;0.0;278.0;0.0;271.0;0;2
16;112;nan;0.0;0.0;278.0;0.0;271.0;0;2
16;113;nan;0.0;0.0;278.0;0.0;271.0;0;2
16;114;nan;0.0;0.0;278.0;0.0;271.0;0;2
16;115;nan;0.0;0.0;278.0;0.0;271.0;0;2
16;116;nan;0.0;0.0;278.0;0.0;271.0;0;2
16;117;nan;0.0;0.0;278.0;0.0;271.0;0;2
16;118;nan;0.0;0.0;278.0;0.0;271.0;0;2
16;119;nan;0.0;0.0;278.0;0.0;271.0;0;2
16;120;nan;0.0;0.0;278.0;0.0;271.0;0;2
16;121;100.0;1.5;4.0;277.1;0.0;271.0;0;2
16;122;nan;0.0;0.0;278.0;0.0;271.0;0;2
16;123;nan;0.0;0.0;278.0;0.0;271.0;0;2
16;124;nan;0.0;0.0;278.0;0.0;271.0;0;2
16;125;nan;0.0;0.0;278.0;0.0;271.0;0;2
16;126;nan;0.0;0.0;278.0;0.0;271.0;0;2
16;127;nan;0.0;0.0;278.0;0.0;271.0;0;2
16;128;nan;0.0;0.0;278.0;0.0;271.0;0;2
16;129;nan;0.0;0.0;278.0;0.0;271.0;0;2
16;130;nan;0.0;0.0;278.0;0.0;271.0;0;2
16;131;nan;0.0;0.0;278.0;0.0;271.0;0;2
16;132;nan;0.0;0.0;278.0;0.0;271.0;0;2
16;133;nan;0.0;0.0;278.0;0.0;271.0;0;2
16;134;nan;0.0;0.0;278.0;0.0;271.0;0;2
16;135;nan;0.0;0.0;278.0;0.0;271.0;0;2
16;136;nan;0.0;0.0;278.0;0.0;271.0;0;2
16;137;37.4;9.5;29.0;282.0;0.0;271.0;0;2
16;138;34.4;10.3;29.0;282.6;0.0;271.0;0;2
16;139;35.8;9.9;29.0;280.6;0.0;271.0;0;2
16;140;40.7;8.6;25.0;279.0;0.0;271.0;0;2
16;141;40.7;8.6;25.0;279.0;0.0;271.0;0;2
16;142;41.5;8.5;25.0;279.4;0.0;271.0;0;2
16;143;16.9;20.6;59.0;283.4;0.1;271.0;0;2
16;144;9.9;35.2;102.0;290.9;0.1;271.0;0;2
16;145;15.9;22.0;63.0;284.1;0.1;271.0;0;2
16;146;7.9;44.6;131.0;297.3;0.1;271.0;0;2
16;147;6.6;52.4;154.0;296.7;0.2;271.0;0;2
16;148;6.6;52.4;150.0;296.7;0.2;271.0;0;2
16;149;8.8;39.4;113.0;291.6;0.1;271.0;0;2
17;0;6.5;69.7;165.0;388.9;0.2;278.0;1;1
17;1;6.1;77.3;184.0;404.0;0.2;278.0;0;1
17;2;6.2;74.7;177.0;397.3;0.2;278.0;0;1
17;3;7.2;61.9;151.0;378.0;0.2;274.0;1;2
17;4;6.2;75.3;184.0;398.9;0.2;274.0;0;2
17;5;6.2;76.1;178.0;402.9;0.2;274.0;0;2
17;6;6.0;78.0;189.0;399.4;0.2;274.0;0;2
17;7;7.2;62.2;154.0;381.9;0.2;274.0;0;2
17;8;7.9;56.2;140.0;372.4;0.2;274.0;0;2
17;9;7.3;62.0;155.0;383.1;0.2;274.0;0;2
17;10;7.7;56.1;141.0;366.6;0.2;274.0;0;2
17;11;7.6;58.6;136.0;376.6;0.2;274.0;0;2
17;12;7.2;61.6;150.0;377.1;0.2;274.0;0;2
17;13;9.5;44.7;113.0;355.1;0.1;274.0;0;2
17;14;8.5;50.3;125.0;358.4;0.1;274.0;0;2
17;15;8.3;51.0;125.0;356.6;0.1;274.0;0;2
17;16;15.6;25.1;66.0;319.3;0.1;274.0;0;2
17;17;11.0;36.8;100.0;334.4;0.1;274.0;0;2
17;18;12.1;33.0;86.0;328.0;0.1;274.0;0;2
17;19;14.4;27.1;70.0;318.3;0.1;274.0;0;2
17;20;13.8;27.2;63.0;306.4;0.1;274.0;0;2
17;21;10.6;36.7;77.0;321.7;0.1;274.0;0;2
17;22;18.1;20.5;51.0;299.9;0.1;274.0;0;2
17;23;19.0;19.4;48.0;297.9;0.1;273.0;1;3
17;24;20.6;17.9;51.0;297.0;0.1;273.0;0;3
17;25;57.4;6.2;16.0;283.1;0.0;273.0;0;3
17;26;65.3;5.5;14.0;281.6;0.0;273.0;0;3
17;27;100.0;1.4;4.0;278.1;0.0;273.0;0;3
17;28;100.0;1.5;3.0;277.7;0.0;273.0;0;3
17;29;100.0;1.4;3.0;277.9;0.0;273.0;0;3
17;30;100.0;1.4;3.0;277.9;0.0;273.0;0;3
17;31;100.0;1.0;3.0;276.4;0.0;273.0;0;3
17;32;nan;0.0;0.0;276.0;0.0;273.0;0;3
17;33;nan;0.0;0.0;276.0;0.0;273.0;0;3
17;34;nan;0.0;0.0;276.0;0.0;273.0;0;3
17;35;nan;0.0;0.0;276.0;0.0;273.0;0;3
17;36;nan;0.0;0.0;276.0;0.0;273.0;0;3
17;37;nan;0.0;0.0;276.0;0.0;273.0;0;3
17;38;nan;0.0;0.0;276.0;0.0;273.0;0;3
17;39;nan;0.0;0.0;276.0;0.0;273.0;0;3
17;40;nan;0.0;0.0;276.0;0.0;273.0;0;3
17;41;nan;0.0;0.0;276.0;0.0;273.0;0;3
17;42;nan;0.0;0.0;276.0;0.0;273.0;0;3
17;43;nan;0.0;0.0;276.0;0.0;273.0;0;3
17;44;nan;0.0;0.0;276.0;0.0;273.0;0;3
17;45;nan;0.0;0.0;276.0;0.0;273.0;0;3
17;46;nan;0.0;0.0;276.0;0.0;273.0;0;3
17;47;nan;0.0;0.0;276.0;0.0;273.0;0;3
17;48;nan;0.0;0.0;276.0;0.0;273.0;0;3
17;49;nan;0.0;0.0;276.0;0.0;273.0;0;3
17;50;nan;0.0;0.0;276.0;0.0;273.0;0;3
17;51;nan;0.0;0.0;276.0;0.0;273.0;0;3
17;52;nan;0.0;0.0;276.0;0.0;273.0;0;3
17;53;nan;0.0;0.0;276.0;0.0;273.0;0;3
17;54;nan;0.0;0.0;276.0;0.0;273.0;0;3
17;55;nan;0.0;0.0;276.0;0.0;273.0;0;3
17;56;nan;0.0;0.0;276.0;0.0;273.0;0;3
17;57;nan;0.0;0.0;276.0;0.0;273.0;0;3
17;58;nan;0.0;0.0;276.0;0.0;273.0;0;3
17;59;nan;0.0;0.0;276.0;0.0;273.0;0;3
17;60;nan;0.0;0.0;276.0;0.0;273.0;0;3
17;61;nan;0.0;0.0;276.0;0.0;273.0;0;3
17;62;nan;0.0;0.0;276.0;0.0;273.0;0;3
17;63;nan;0.0;0.0;276.0;0.0;273.0;0;3
17;64;nan;0.0;0.0;276.0;0.0;273.0;0;3
17;65;nan;0.0;0.0;276.0;0.0;273.0;0;3
17;66;nan;0.0;0.0;276.0;0.0;273.0;0;3
17;67;nan;0.0;0.0;276.0;0.0;273.0;0;3
17;68;nan;0.0;0.0;276.0;0.0;273.0;0;3
17;69;9.6;39.6;85.0;316.4;0.1;273.0;0;3
17;70;8.7;43.3;103.0;316.0;0.1;271.0;1;4
17;71;9.0;41.7;93.0;315.0;0.1;271.0;0;4
17;72;14.0;26.4;61.0;302.1;0.1;271.0;0;4
17;73;20.9;17.5;41.0;294.1;0.1;271.0;0;4
17;74;28.6;12.7;28.0;289.1;0.0;271.0;0;4
17;75;100.0;1.6;4.0;278.3;0.0;271.0;0;4
17;76;100.0;1.2;3.0;277.7;0.0;271.0;0;4
17;77;100.0;1.3;3.0;277.6;0.0;271.0;0;4
17;78;100.0;1.8;5.0;277.3;0.0;271.0;0;4
17;79;nan;0.0;0.0;276.0;0.0;271.0;0;4
17;80;nan;0.0;0.0;276.0;0.0;271.0;0;4
17;81;nan;0.0;0.0;276.0;0.0;271.0;0;4
17;82;nan;0.0;0.0;276.0;0.0;271.0;0;4
17;83;nan;0.0;0.0;276.0;0.0;271.0;0;4
17;84;nan;0.0;0.0;276.0;0.0;271.0;0;4
17;85;nan;0.0;0.0;276.0;0.0;271.0;0;4
17;86;nan;0.0;0.0;276.0;0.0;271.0;0;4
17;87;nan;0.0;0.0;276.0;0.0;271.0;0;4
17;88;nan;0.0;0.0;276.0;0.0;271.0;0;4
17;89;nan;0.0;0.0;276.0;0.0;271.0;0;4
17;90;nan;0.0;0.0;276.0;0.0;271.0;0;4
17;91;nan;0.0;0.0;276.0;0.0;271.0;0;4
17;92;100.0;1.4;4.0;275.4;0.0;271.0;0;4
17;93;nan;0.0;0.0;276.0;0.0;271.0;0;4
17;94;nan;0.0;0.0;276.0;0.0;271.0;0;4
17;95;nan;0.0;0.0;276.0;0.0;271.0;0;4
17;96;nan;0.0;0.0;276.0;0.0;271.0;0;4
17;97;nan;0.0;0.0;276.0;0.0;271.0;0;4
17;98;nan;0.0;0.0;276.0;0.0;271.0;0;4
17;99;nan;0.0;0.0;276.0;0.0;271.0;0;4
17;100;100.0;1.4;4.0;275.3;0.0;271.0;0;4
17;101;nan;0.0;0.0;276.0;0.0;271.0;0;4
17;102;nan;0.0;0.0;276.0;0.0;271.0;0;4
17;103;nan;0.0;0.0;276.0;0.0;271.0;0;4
17;104;nan;0.0;0.0;276.0;0.0;271.0;0;4
17;105;nan;0.0;0.0;276.0;0.0;271.0;0;4
17;106;nan;0.0;0.0;276.0;0.0;271.0;0;4
17;107;nan;0.0;0.0;276.0;0.0;271.0;0;4
17;108;nan;0.0;0.0;276.0;0.0;271.0;0;4
17;109;nan;0.0;0.0;276.0;0.0;271.0;0;4
17;110;nan;0.0;0.0;276.0;0.0;271.0;0;4
17;111;nan;0.0;0.0;276.0;0.0;271.0;0;4
17;112;nan;0.0;0.0;276.0;0.0;271.0;0;4
17;113;nan;0.0;0.0;276.0;0.0;271.0;0;4
17;114;nan;0.0;0.0;276.0;0.0;271.0;0;4
17;115;nan;0.0;0.0;276.0;0.0;271.0;0;4
17;116;15.0;24.0;58.0;294.3;0.1;271.0;0;4
17;117;10.6;34.0;85.0;298.1;0.1;271.0;0;4
17;118;26.4;13.6;34.0;286.9;0.0;271.0;0;4
17;119;39.0;9.1;24.0;280.9;0.0;271.0;0;4
17;120;60.3;5.9;17.0;278.9;0.0;271.0;0;4
17;121;nan;0.0;0.0;276.0;0.0;271.0;0;4
17;122;nan;0.0;0.0;276.0;0.0;271.0;0;4
17;123;nan;0.0;0.0;276.0;0.0;271.0;0;4
17;124;nan;0.0;0.0;276.0;0.0;271.0;0;4
17;125;nan;0.0;0.0;276.0;0.0;271.0;0;4
17;126;nan;0.0;0.0;276.0;0.0;271.0;0;4
17;127;nan;0.0;0.0;276.0;0.0;271.0;0;4
17;128;nan;0.0;0.0;276.0;0.0;271.0;0;4
17;129;nan;0.0;0.0;276.0;0.0;271.0;0;4
17;130;100.0;1.7;5.0;275.3;0.0;271.0;0;4
17;131;nan;0.0;0.0;276.0;0.0;271.0;0;4
17;132;nan;0.0;0.0;276.0;0.0;271.0;0;4
17;133;nan;0.0;0.0;276.0;0.0;271.0;0;4
17;134;nan;0.0;0.0;276.0;0.0;271.0;0;4
17;135;nan;0.0;0.0;276.0;0.0;271.0;0;4
17;136;nan;0.0;0.0;276.0;0.0;271.0;0;4
17;137;nan;0.0;0.0;276.0;0.0;271.0;0;4
17;138;nan;0.0;0.0;276.0;0.0;271.0;0;4
17;139;nan;0.0;0.0;276.0;0.0;271.0;0;4
17;140;nan;0.0;0.0;276.0;0.0;271.0;0;4
17;141;nan;0.0;0.0;276.0;0.0;271.0;0;4
17;142;nan;0.0;0.0;276.0;0.0;271.0;0;4
17;143;100.0;1.4;4.0;275.4;0.0;271.0;0;4
17;144;nan;0.0;0.0;276.0;0.0;271.0;0;4
17;145;nan;0.0;0.0;276.0;0.0;271.0;0;4
17;146;100.0;1.4;4.0;275.4;0.0;271.0;0;4
17;147;nan;0.0;0.0;276.0;0.0;271.0;0;4
17;148;nan;0.0;0.0;276.0;0.0;271.0;0;4
17;149;100.0;1.4;4.0;275.4;0.0;271.0;0;4
18;0;6.4;71.4;172.0;392.7;0.2;279.0;1;1
18;1;5.6;83.7;199.0;406.7;0.2;271.0;1;2
18;2;6.6;70.2;168.0;396.9;0.2;271.0;0;2
18;3;6.8;66.4;166.0;387.0;0.2;271.0;0;2
18;4;7.6;59.3;144.0;380.4;0.2;271.0;0;2
18;5;7.7;56.9;145.0;371.3;0.2;271.0;0;2
18;6;6.9;66.5;156.0;389.7;0.2;271.0;0;2
18;7;7.7;56.9;145.0;371.7;0.2;271.0;0;2
18;8;7.1;64.3;151.0;386.3;0.2;271.0;0;2
18;9;7.3;60.3;141.0;371.6;0.2;271.0;0;2
18;10;9.2;46.1;112.0;355.0;0.1;271.0;0;2
18;11;7.0;64.2;157.0;383.4;0.2;271.0;0;2
18;12;6.9;65.2;154.0;385.1;0.2;271.0;0;2
18;13;9.2;46.4;113.0;357.0;0.1;271.0;0;2
18;14;10.3;41.3;98.0;353.9;0.1;271.0;0;2
18;15;9.0;47.1;121.0;355.0;0.1;271.0;0;2
18;16;9.1;45.8;113.0;350.0;0.1;271.0;0;2
18;17;10.0;41.5;107.0;343.1;0.1;271.0;0;2
18;18;12.1;33.8;83.0;337.1;0.1;271.0;0;2
18;19;11.5;35.3;91.0;334.3;0.1;271.0;0;2
18;20;9.9;38.3;88.0;315.9;0.1;271.0;0;2
18;21;10.0;38.7;87.0;321.7;0.1;271.0;0;2
18;22;9.7;40.1;94.0;323.3;0.1;271.0;0;2
18;23;13.3;29.1;67.0;317.7;0.1;271.0;0;2
18;24;11.4;33.8;80.0;317.3;0.1;271.0;0;2
18;25;12.2;30.7;69.0;308.9;0.1;271.0;0;2
18;26;26.1;14.1;37.0;294.9;0.0;271.0;0;2
18;27;40.5;8.8;23.0;283.9;0.0;271.0;0;2
18;28;45.1;8.0;18.0;287.1;0.0;271.0;0;2
18;29;37.5;9.6;22.0;285.9;0.0;271.0;0;2
18;30;39.4;9.1;23.0;286.4;0.0;271.0;0;2
18;31;39.1;9.2;23.0;286.4;0.0;271.0;0;2
18;32;40.8;8.9;23.0;286.7;0.0;271.0;0;2
18;33;37.0;9.7;23.0;285.9;0.0;271.0;0;2
18;34;32.3;11.0;23.0;283.7;0.0;271.0;0;2
18;35;37.6;9.3;21.0;278.7;0.0;271.0;0;2
18;36;nan;0.0;0.0;271.0;0.0;271.0;0;2
18;37;nan;0.0;0.0;271.0;0.0;271.0;0;2
18;38;nan;0.0;0.0;271.0;0.0;271.0;0;2
18;39;nan;0.0;0.0;271.0;0.0;271.0;0;2
18;40;nan;0.0;0.0;271.0;0.0;271.0;0;2
18;41;nan;0.0;0.0;271.0;0.0;271.0;0;2
18;42;nan;0.0;0.0;271.0;0.0;271.0;0;2
18;43;nan;0.0;0.0;271.0;0.0;271.0;0;2
18;44;nan;0.0;0.0;271.0;0.0;271.0;0;2
18;45;nan;0.0;0.0;271.0;0.0;271.0;0;2
18;46;nan;0.0;0.0;271.0;0.0;271.0;0;2
18;47;5.6;74.7;162.0;363.6;0.2;271.0;0;2
18;48;8.7;45.5;104.0;330.6;0.1;271.0;0;2
18;49;8.4;47.7;119.0;336.4;0.1;271.0;0;2
18;50;8.5;46.7;109.0;333.4;0.1;271.0;0;2
18;51;9.1;43.1;100.0;328.0;0.1;271.0;0;2
18;52;16.7;22.3;53.0;302.0;0.1;271.0;0;2
18;53;17.5;21.4;52.0;304.1;0.1;271.0;0;2
18;54;25.1;14.6;41.0;292.7;0.0;271.0;0;2
18;55;77.4;4.5;12.0;273.7;0.0;271.0;0;2
18;56;51.2;6.8;16.0;275.3;0.0;271.0;0;2
18;57;62.0;5.6;12.0;275.9;0.0;271.0;0;2
18;58;nan;0.0;0.0;271.0;0.0;271.0;0;2
18;59;nan;0.0;0.0;271.0;0.0;271.0;0;2
18;60;nan;0.0;0.0;271.0;0.0;271.0;0;2
18;61;nan;0.0;0.0;271.0;0.0;271.0;0;2
18;62;nan;0.0;0.0;271.0;0.0;271.0;0;2
18;63;nan;0.0;0.0;271.0;0.0;271.0;0;2
18;64;nan;0.0;0.0;271.0;0.0;271.0;0;2
18;65;nan;0.0;0.0;271.0;0.0;271.0;0;2
18;66;nan;0.0;0.0;271.0;0.0;271.0;0;2
18;67;nan;0.0;0.0;271.0;0.0;271.0;0;2
18;68;nan;0.0;0.0;271.0;0.0;271.0;0;2
18;69;nan;0.0;0.0;271.0;0.0;271.0;0;2
18;70;nan;0.0;0.0;271.0;0.0;271.0;0;2
18;71;nan;0.0;0.0;271.0;0.0;271.0;0;2
18;72;nan;0.0;0.0;271.0;0.0;271.0;0;2
18;73;nan;0.0;0.0;271.0;0.0;271.0;0;2
18;74;nan;0.0;0.0;271.0;0.0;271.0;0;2
18;75;nan;0.0;0.0;271.0;0.0;271.0;0;2
18;76;nan;0.0;0.0;271.0;0.0;271.0;0;2
18;77;nan;0.0;0.0;271.0;0.0;271.0;0;2
18;78;nan;0.0;0.0;271.0;0.0;271.0;0;2
18;79;nan;0.0;0.0;271.0;0.0;271.0;0;2
18;80;nan;0.0;0.0;271.0;0.0;271.0;0;2
18;81;nan;0.0;0.0;271.0;0.0;271.0;0;2
18;82;nan;0.0;0.0;271.0;0.0;271.0;0;2
18;83;nan;0.0;0.0;271.0;0.0;271.0;0;2
18;84;nan;0.0;0.0;271.0;0.0;271.0;0;2
18;85;nan;0.0;0.0;271.0;0.0;271.0;0;2
18;86;nan;0.0;0.0;271.0;0.0;271.0;0;2
18;87;nan;0.0;0.0;271.0;0.0;271.0;0;2
18;88;nan;0.0;0.0;271.0;0.0;271.0;0;2
18;89;nan;0.0;0.0;271.0;0.0;271.0;0;2
18;90;nan;0.0;0.0;271.0;0.0;271.0;0;2
18;91;nan;0.0;0.0;271.0;0.0;271.0;0;2
18;92;10.4;36.0;80.0;309.6;0.1;271.0;0;2
18;93;13.4;27.6;61.0;301.7;0.1;271.0;0;2
18;94;16.1;22.3;58.0;292.6;0.1;271.0;0;2
18;95;24.4;14.4;35.0;281.9;0.1;271.0;0;2
18;96;30.4;11.5;28.0;280.1;0.0;271.0;0;2
18;97;100.0;3.0;8.0;272.9;0.0;271.0;0;2
18;98;77.7;4.5;12.0;274.7;0.0;271.0;0;2
18;99;nan;0.0;0.0;271.0;0.0;271.0;0;2
18;100;nan;0.0;0.0;271.0;0.0;271.0;0;2
18;101;nan;0.0;0.0;271.0;0.0;271.0;0;2
18;102;nan;0.0;0.0;271.0;0.0;271.0;0;2
18;103;nan;0.0;0.0;271.0;0.0;271.0;0;2
18;104;nan;0.0;0.0;271.0;0.0;271.0;0;2
18;105;nan;0.0;0.0;271.0;0.0;271.0;0;2
18;106;nan;0.0;0.0;271.0;0.0;271.0;0;2
18;107;nan;0.0;0.0;271.0;0.0;271.0;0;2
18;108;nan;0.0;0.0;271.0;0.0;271.0;0;2
18;109;nan;0.0;0.0;271.0;0.0;271.0;0;2
18;110;nan;0.0;0.0;271.0;0.0;271.0;0;2
18;111;nan;0.0;0.0;271.0;0.0;271.0;0;2
18;112;nan;0.0;0.0;271.0;0.0;271.0;0;2
18;113;nan;0.0;0.0;271.0;0.0;271.0;0;2
18;114;nan;0.0;0.0;271.0;0.0;271.0;0;2
18;115;nan;0.0;0.0;271.0;0.0;271.0;0;2
18;116;nan;0.0;0.0;271.0;0.0;271.0;0;2
18;117;nan;0.0;0.0;271.0;0.0;271.0;0;2
18;118;nan;0.0;0.0;271.0;0.0;271.0;0;2
18;119;nan;0.0;0.0;271.0;0.0;271.0;0;2
18;120;nan;0.0;0.0;271.0;0.0;271.0;0;2
18;121;nan;0.0;0.0;271.0;0.0;271.0;0;2
18;122;nan;0.0;0.0;271.0;0.0;271.0;0;2
18;123;nan;0.0;0.0;271.0;0.0;271.0;0;2
18;124;nan;0.0;0.0;271.0;0.0;271.0;0;2
18;125;nan;0.0;0.0;271.0;0.0;271.0;0;2
18;126;nan;0.0;0.0;271.0;0.0;271.0;0;2
18;127;nan;0.0;0.0;271.0;0.0;271.0;0;2
18;128;nan;0.0;0.0;271.0;0.0;271.0;0;2
18;129;nan;0.0;0.0;271.0;0.0;271.0;0;2
18;130;nan;0.0;0.0;271.0;0.0;271.0;0;2
18;131;nan;0.0;0.0;271.0;0.0;271.0;0;2
18;132;nan;0.0;0.0;271.0;0.0;271.0;0;2
18;133;nan;0.0;0.0;271.0;0.0;271.0;0;2
18;134;nan;0.0;0.0;271.0;0.0;271.0;0;2
18;135;nan;0.0;0.0;271.0;0.0;271.0;0;2
18;136;nan;0.0;0.0;271.0;0.0;271.0;0;2
18;137;30.3;11.6;33.0;279.7;0.0;271.0;0;2
18;138;nan;0.0;0.0;271.0;0.0;271.0;0;2
18;139;nan;0.0;0.0;271.0;0.0;271.0;0;2
18;140;nan;0.0;0.0;271.0;0.0;271.0;0;2
18;141;nan;0.0;0.0;271.0;0.0;271.0;0;2
18;142;nan;0.0;0.0;271.0;0.0;271.0;0;2
18;143;nan;0.0;0.0;271.0;0.0;271.0;0;2
18;144;nan;0.0;0.0;271.0;0.0;271.0;0;2
18;145;nan;0.0;0.0;271.0;0.0;271.0;0;2
18;146;nan;0.0;0.0;271.0;0.0;271.0;0;2
18;147;nan;0.0;0.0;271.0;0.0;271.0;0;2
18;148;nan;0.0;0.0;271.0;0.0;271.0;0;2
18;149;nan;0.0;0.0;271.0;0.0;271.0;0;2
19;0;5.8;81.7;191.0;411.3;0.2;278.0;1;1
19;1;6.0;76.9;187.0;399.3;0.2;271.0;1;2
19;2;6.5;71.8;172.0;396.1;0.2;271.0;0;2
19;3;6.7;67.5;164.0;386.4;0.2;271.0;0;2
19;4;6.8;66.9;163.0;388.1;0.2;271.0;0;2
19;5;6.9;67.1;158.0;395.1;0.2;271.0;0;2
19;6;6.0;79.4;183.0;408.4;0.2;271.0;0;2
19;7;6.0;76.8;185.0;399.0;0.2;271.0;0;2
19;8;6.3;70.9;185.0;384.4;0.2;271.0;0;2
19;9;8.4;51.6;129.0;363.0;0.1;271.0;0;2
19;10;7.0;62.9;162.0;373.9;0.2;271.0;0;2
19;11;8.4;51.9;129.0;367.1;0.1;271.0;0;2
19;12;7.6;61.1;157.0;394.0;0.2;271.0;0;2
19;13;8.6;50.1;119.0;361.4;0.1;271.0;0;2
19;14;9.1;47.3;118.0;359.4;0.1;271.0;0;2
19;15;9.2;46.2;114.0;354.1;0.1;271.0;0;2
19;16;11.6;35.9;84.0;344.6;0.1;271.0;0;2
19;17;9.7;43.2;108.0;347.9;0.1;271.0;0;2
19;18;16.0;24.6;64.0;319.0;0.1;271.0;0;2
19;19;11.9;34.0;84.0;334.9;0.1;271.0;0;2
19;20;12.7;30.4;81.0;315.9;0.1;271.0;0;2
19;21;11.9;32.3;79.0;317.6;0.1;271.0;0;2
19;22;13.6;27.7;64.0;308.1;0.1;271.0;0;2
19;23;15.2;24.7;64.0;306.9;0.1;271.0;0;2
19;24;18.3;20.3;55.0;300.0;0.1;271.0;0;2
19;25;11.9;31.9;73.0;312.6;0.1;271.0;0;2
19;26;13.5;28.3;68.0;312.3;0.1;271.0;0;2
19;27;14.1;26.6;64.0;306.9;0.1;271.0;0;2
19;28;13.8;27.5;65.0;309.6;0.1;271.0;0;2
19;29;21.2;17.0;50.0;290.6;0.1;271.0;0;2
19;30;27.6;13.2;39.0;291.9;0.0;271.0;0;2
19;31;31.4;11.6;33.0;290.9;0.0;271.0;0;2
19;32;23.7;15.6;43.0;296.0;0.1;271.0;0;2
19;33;60.6;6.0;17.0;285.6;0.0;271.0;0;2
19;34;56.7;6.4;17.0;285.0;0.0;271.0;0;2
19;35;100.0;3.5;7.0;287.0;0.0;271.0;0;2
19;36;60.6;6.0;17.0;285.6;0.0;271.0;0;2
19;37;100.0;3.5;7.0;287.0;0.0;271.0;0;2
19;38;63.9;5.7;16.0;285.7;0.0;271.0;0;2
19;39;100.0;3.5;7.0;287.0;0.0;271.0;0;2
19;40;100.0;3.5;7.0;287.0;0.0;271.0;0;2
19;41;60.6;6.0;17.0;285.6;0.0;271.0;0;2
19;42;100.0;3.5;7.0;287.0;0.0;271.0;0;2
19;43;49.7;7.2;17.0;284.3;0.0;271.0;0;2
19;44;100.0;3.5;7.0;286.0;0.0;271.0;0;2
19;45;60.6;6.0;17.0;285.6;0.0;271.0;0;2
19;46;100.0;3.2;7.0;285.0;0.0;271.0;0;2
19;47;7.0;58.5;123.0;348.9;0.2;271.0;0;2
19;48;6.6;62.5;138.0;352.1;0.2;271.0;0;2
19;49;8.3;48.0;111.0;335.9;0.1;271.0;0;2
19;50;11.0;35.1;85.0;320.3;0.1;271.0;0;2
19;51;11.6;33.3;76.0;318.1;0.1;271.0;0;2
19;52;15.4;24.7;58.0;308.6;0.1;271.0;0;2
19;53;18.9;19.8;46.0;302.4;0.1;271.0;0;2
19;54;17.9;20.3;51.0;295.0;0.1;271.0;0;2
19;55;28.1;12.9;31.0;289.4;0.0;271.0;0;2
19;56;19.4;18.7;47.0;293.3;0.1;271.0;0;2
19;57;23.8;15.3;37.0;292.6;0.1;271.0;0;2
19;58;32.6;11.1;28.0;287.7;0.0;271.0;0;2
19;59;21.9;16.4;35.0;289.4;0.1;271.0;0;2
19;60;19.5;18.6;46.0;294.3;0.1;271.0;0;2
19;61;21.6;16.7;37.0;289.9;0.1;271.0;0;2
19;62;21.7;16.5;39.0;287.9;0.1;271.0;0;2
19;63;17.9;20.1;46.0;291.1;0.1;271.0;0;2
19;64;15.9;22.8;46.0;293.7;0.1;271.0;0;2
19;65;100.0;1.0;3.0;274.4;0.0;271.0;0;2
19;66;nan;0.0;0.0;274.0;0.0;271.0;0;2
19;67;nan;0.0;0.0;274.0;0.0;271.0;0;2
19;68;nan;0.0;0.0;274.0;0.0;271.0;0;2
19;69;nan;0.0;0.0;274.0;0.0;271.0;0;2
19;70;nan;0.0;0.0;274.0;0.0;271.0;0;2
19;71;nan;0.0;0.0;274.0;0.0;271.0;0;2
19;72;nan;0.0;0.0;274.0;0.0;271.0;0;2
19;73;nan;0.0;0.0;274.0;0.0;271.0;0;2
19;74;nan;0.0;0.0;274.0;0.0;271.0;0;2
19;75;nan;0.0;0.0;274.0;0.0;271.0;0;2
19;76;nan;0.0;0.0;274.0;0.0;271.0;0;2
19;77;nan;0.0;0.0;274.0;0.0;271.0;0;2
19;78;nan;0.0;0.0;274.0;0.0;271.0;0;2
19;79;nan;0.0;0.0;274.0;0.0;271.0;0;2
19;80;nan;0.0;0.0;274.0;0.0;271.0;0;2
19;81;nan;0.0;0.0;274.0;0.0;271.0;0;2
19;82;nan;0.0;0.0;274.0;0.0;271.0;0;2
19;83;nan;0.0;0.0;274.0;0.0;271.0;0;2
19;84;nan;0.0;0.0;274.0;0.0;271.0;0;2
19;85;nan;0.0;0.0;274.0;0.0;271.0;0;2
19;86;nan;0.0;0.0;274.0;0.0;271.0;0;2
19;87;nan;0.0;0.0;274.0;0.0;271.0;0;2
19;88;nan;0.0;0.0;274.0;0.0;271.0;0;2
19;89;nan;0.0;0.0;274.0;0.0;271.0;0;2
19;90;nan;0.0;0.0;274.0;0.0;271.0;0;2
19;91;nan;0.0;0.0;274.0;0.0;271.0;0;2
19;92;9.9;38.4;99.0;315.1;0.1;271.0;0;2
19;93;11.7;32.0;78.0;307.4;0.1;271.0;0;2
19;94;36.6;9.7;21.0;282.1;0.0;271.0;0;2
19;95;32.4;10.9;28.0;280.7;0.0;271.0;0;2
19;96;21.8;16.2;41.0;284.3;0.1;271.0;0;2
19;97;nan;0.0;0.0;274.0;0.0;271.0;0;2
19;98;nan;0.0;0.0;274.0;0.0;271.0;0;2
19;99;nan;0.0;0.0;274.0;0.0;271.0;0;2
19;100;nan;0.0;0.0;274.0;0.0;271.0;0;2
19;101;nan;0.0;0.0;274.0;0.0;271.0;0;2
19;102;nan;0.0;0.0;274.0;0.0;271.0;0;2
19;103;nan;0.0;0.0;274.0;0.0;271.0;0;2
19;104;nan;0.0;0.0;274.0;0.0;271.0;0;2
19;105;nan;0.0;0.0;274.0;0.0;271.0;0;2
19;106;nan;0.0;0.0;274.0;0.0;271.0;0;2
19;107;nan;0.0;0.0;274.0;0.0;271.0;0;2
19;108;nan;0.0;0.0;274.0;0.0;271.0;0;2
19;109;nan;0.0;0.0;274.0;0.0;271.0;0;2
19;110;nan;0.0;0.0;274.0;0.0;271.0;0;2
19;111;nan;0.0;0.0;274.0;0.0;271.0;0;2
19;112;nan;0.0;0.0;274.0;0.0;271.0;0;2
19;113;nan;0.0;0.0;274.0;0.0;271.0;0;2
19;114;nan;0.0;0.0;274.0;0.0;271.0;0;2
19;115;nan;0.0;0.0;274.0;0.0;271.0;0;2
19;116;nan;0.0;0.0;274.0;0.0;271.0;0;2
19;117;nan;0.0;0.0;274.0;0.0;271.0;0;2
19;118;nan;0.0;0.0;274.0;0.0;271.0;0;2
19;119;nan;0.0;0.0;274.0;0.0;271.0;0;2
19;120;nan;0.0;0.0;274.0;0.0;271.0;0;2
19;121;nan;0.0;0.0;274.0;0.0;271.0;0;2
19;122;nan;0.0;0.0;274.0;0.0;271.0;0;2
19;123;nan;0.0;0.0;274.0;0.0;271.0;0;2
19;124;nan;0.0;0.0;274.0;0.0;271.0;0;2
19;125;nan;0.0;0.0;274.0;0.0;271.0;0;2
19;126;nan;0.0;0.0;274.0;0.0;271.0;0;2
19;127;nan;0.0;0.0;274.0;0.0;271.0;0;2
19;128;nan;0.0;0.0;274.0;0.0;271.0;0;2
19;129;nan;0.0;0.0;274.0;0.0;271.0;0;2
19;130;nan;0.0;0.0;274.0;0.0;271.0;0;2
19;131;nan;0.0;0.0;274.0;0.0;271.0;0;2
19;132;nan;0.0;0.0;274.0;0.0;271.0;0;2
19;133;nan;0.0;0.0;274.0;0.0;271.0;0;2
19;134;nan;0.0;0.0;274.0;0.0;271.0;0;2
19;135;nan;0.0;0.0;274.0;0.0;271.0;0;2
19;136;nan;0.0;0.0;274.0;0.0;271.0;0;2
19;137;100.0;1.0;3.0;274.4;0.0;271.0;0;2
19;138;nan;0.0;0.0;274.0;0.0;271.0;0;2
19;139;nan;0.0;0.0;274.0;0.0;271.0;0;2
19;140;nan;0.0;0.0;274.0;0.0;271.0;0;2
19;141;nan;0.0;0.0;274.0;0.0;271.0;0;2
19;142;nan;0.0;0.0;274.0;0.0;271.0;0;2
19;143;nan;0.0;0.0;274.0;0.0;271.0;0;2
19;144;nan;0.0;0.0;274.0;0.0;271.0;0;2
19;145;nan;0.0;0.0;274.0;0.0;271.0;0;2
19;146;nan;0.0;0.0;274.0;0.0;271.0;0;2
19;147;nan;0.0;0.0;274.0;0.0;271.0;0;2
19;148;nan;0.0;0.0;274.0;0.0;271.0;0;2
19;149;nan;0.0;0.0;274.0;0.0;271.0;0;2
20;0;6.9;66.0;156.0;388.6;0.2;282.0;1;1
20;1;5.7;83.7;201.0;412.1;0.2;279.0;1;2
20;2;6.1;77.6;185.0;409.1;0.2;279.0;0;2
20;3;6.7;68.5;166.0;391.6;0.2;279.0;0;2
20;4;8.3;53.5;136.0;371.9;0.1;279.0;0;2
20;5;6.2;73.5;176.0;393.7;0.2;276.0;1;3
20;6;7.3;61.6;151.0;380.6;0.2;276.0;0;3
20;7;7.3;62.7;153.0;387.4;0.2;276.0;0;3
20;8;6.9;65.4;157.0;384.1;0.2;276.0;0;3
20;9;7.9;55.4;139.0;368.0;0.2;276.0;0;3
20;10;7.6;57.8;136.0;372.6;0.2;276.0;0;3
20;11;8.8;49.6;119.0;364.4;0.1;276.0;0;3
20;12;7.5;59.0;153.0;373.6;0.2;276.0;0;3
20;13;7.8;55.9;137.0;369.9;0.2;276.0;0;3
20;14;9.2;46.8;109.0;359.1;0.1;276.0;0;3
20;15;10.1;40.9;109.0;343.1;0.1;276.0;0;3
20;16;9.2;46.1;117.0;353.6;0.1;276.0;0;3
20;17;11.1;37.2;99.0;342.0;0.1;276.0;0;3
20;18;12.4;31.6;92.0;322.6;0.1;271.0;1;4
20;19;17.8;21.8;57.0;314.1;0.1;271.0;0;4
20;20;13.0;29.1;73.0;310.9;0.1;271.0;0;4
20;21;16.4;22.8;54.0;304.0;0.1;271.0;0;4
20;22;16.1;23.2;52.0;303.0;0.1;271.0;0;4
20;23;18.7;19.7;53.0;298.3;0.1;271.0;0;4
20;24;23.2;16.0;38.0;298.9;0.1;271.0;0;4
20;25;29.3;12.4;30.0;288.7;0.0;271.0;0;4
20;26;17.8;21.1;48.0;304.9;0.1;271.0;0;4
20;27;18.5;19.9;50.0;296.4;0.1;271.0;0;4
20;28;100.0;2.3;5.0;275.4;0.0;271.0;0;4
20;29;18.4;20.2;48.0;300.4;0.1;271.0;0;4
20;30;56.4;6.3;18.0;280.4;0.0;271.0;0;4
20;31;15.6;23.8;48.0;301.4;0.1;271.0;0;4
20;32;30.8;11.4;33.0;279.4;0.0;271.0;0;4
20;33;nan;0.0;0.0;274.0;0.0;271.0;0;4
20;34;nan;0.0;0.0;274.0;0.0;271.0;0;4
20;35;nan;0.0;0.0;274.0;0.0;271.0;0;4
20;36;nan;0.0;0.0;274.0;0.0;271.0;0;4
20;37;nan;0.0;0.0;274.0;0.0;271.0;0;4
20;38;nan;0.0;0.0;274.0;0.0;271.0;0;4
20;39;nan;0.0;0.0;274.0;0.0;271.0;0;4
20;40;nan;0.0;0.0;274.0;0.0;271.0;0;4
20;41;nan;0.0;0.0;274.0;0.0;271.0;0;4
20;42;nan;0.0;0.0;274.0;0.0;271.0;0;4
20;43;nan;0.0;0.0;274.0;0.0;271.0;0;4
20;44;nan;0.0;0.0;274.0;0.0;271.0;0;4
20;45;nan;0.0;0.0;274.0;0.0;271.0;0;4
20;46;nan;0.0;0.0;274.0;0.0;271.0;0;4
20;47;nan;0.0;0.0;274.0;0.0;271.0;0;4
20;48;100.0;0.3;1.0;273.9;0.0;271.0;0;4
20;49;nan;0.0;0.0;274.0;0.0;271.0;0;4
20;50;nan;0.0;0.0;274.0;0.0;271.0;0;4
20;51;nan;0.0;0.0;274.0;0.0;271.0;0;4
20;52;nan;0.0;0.0;274.0;0.0;271.0;0;4
20;53;nan;0.0;0.0;274.0;0.0;271.0;0;4
20;54;nan;0.0;0.0;274.0;0.0;271.0;0;4
20;55;nan;0.0;0.0;274.0;0.0;271.0;0;4
20;56;nan;0.0;0.0;274.0;0.0;271.0;0;4
20;57;nan;0.0;0.0;274.0;0.0;271.0;0;4
20;58;nan;0.0;0.0;274.0;0.0;271.0;0;4
20;59;nan;0.0;0.0;274.0;0.0;271.0;0;4
20;60;nan;0.0;0.0;274.0;0.0;271.0;0;4
20;61;nan;0.0;0.0;274.0;0.0;271.0;0;4
20;62;nan;0.0;0.0;274.0;0.0;271.0;0;4
20;63;nan;0.0;0.0;274.0;0.0;271.0;0;4
20;64;7.6;51.0;106.0;327.6;0.2;271.0;0;4
20;65;9.4;40.2;92.0;314.7;0.1;271.0;0;4
20;66;17.0;21.7;52.0;298.7;0.1;271.0;0;4
20;67;8.6;43.3;96.0;313.0;0.1;271.0;0;4
20;68;24.2;14.9;34.0;288.9;0.1;271.0;0;4
20;69;21.6;16.8;41.0;291.9;0.1;271.0;0;4
20;70;33.6;10.6;26.0;282.7;0.0;271.0;0;4
20;71;100.0;1.2;3.0;274.7;0.0;271.0;0;4
20;72;nan;0.0;0.0;274.0;0.0;271.0;0;4
20;73;nan;0.0;0.0;274.0;0.0;271.0;0;4
20;74;nan;0.0;0.0;274.0;0.0;271.0;0;4
20;75;nan;0.0;0.0;274.0;0.0;271.0;0;4
20;76;nan;0.0;0.0;274.0;0.0;271.0;0;4
20;77;nan;0.0;0.0;274.0;0.0;271.0;0;4
20;78;nan;0.0;0.0;274.0;0.0;271.0;0;4
20;79;nan;0.0;0.0;274.0;0.0;271.0;0;4
20;80;nan;0.0;0.0;274.0;0.0;271.0;0;4
20;81;nan;0.0;0.0;274.0;0.0;271.0;0;4
20;82;nan;0.0;0.0;274.0;0.0;271.0;0;4
20;83;nan;0.0;0.0;274.0;0.0;271.0;0;4
20;84;nan;0.0;0.0;274.0;0.0;271.0;0;4
20;85;nan;0.0;0.0;274.0;0.0;271.0;0;4
20;86;nan;0.0;0.0;274.0;0.0;271.0;0;4
20;87;nan;0.0;0.0;274.0;0.0;271.0;0;4
20;88;nan;0.0;0.0;274.0;0.0;271.0;0;4
20;89;nan;0.0;0.0;274.0;0.0;271.0;0;4
20;90;nan;0.0;0.0;274.0;0.0;271.0;0;4
20;91;nan;0.0;0.0;274.0;0.0;271.0;0;4
20;92;nan;0.0;0.0;274.0;0.0;271.0;0;4
20;93;nan;0.0;0.0;274.0;0.0;271.0;0;4
20;94;nan;0.0;0.0;274.0;0.0;271.0;0;4
20;95;nan;0.0;0.0;274.0;0.0;271.0;0;4
20;96;nan;0.0;0.0;274.0;0.0;271.0;0;4
20;97;nan;0.0;0.0;274.0;0.0;271.0;0;4
20;98;nan;0.0;0.0;274.0;0.0;271.0;0;4
20;99;nan;0.0;0.0;274.0;0.0;271.0;0;4
20;100;nan;0.0;0.0;274.0;0.0;271.0;0;4
20;101;nan;0.0;0.0;274.0;0.0;271.0;0;4
20;102;nan;0.0;0.0;274.0;0.0;271.0;0;4
20;103;nan;0.0;0.0;274.0;0.0;271.0;0;4
20;104;nan;0.0;0.0;274.0;0.0;271.0;0;4
20;105;nan;0.0;0.0;274.0;0.0;271.0;0;4
20;106;nan;0.0;0.0;274.0;0.0;271.0;0;4
20;107;nan;0.0;0.0;274.0;0.0;271.0;0;4
20;108;nan;0.0;0.0;274.0;0.0;271.0;0;4
20;109;13.7;26.3;65.0;296.1;0.1;271.0;0;4
20;110;15.8;22.6;58.0;289.4;0.1;271.0;0;4
20;111;43.3;8.1;18.0;279.1;0.0;271.0;0;4
20;112;44.8;7.9;20.0;279.3;0.0;271.0;0;4
20;113;nan;0.0;0.0;274.0;0.0;271.0;0;4
20;114;nan;0.0;0.0;274.0;0.0;271.0;0;4
20;115;nan;0.0;0.0;274.0;0.0;271.0;0;4
20;116;nan;0.0;0.0;274.0;0.0;271.0;0;4
20;117;nan;0.0;0.0;274.0;0.0;271.0;0;4
20;118;nan;0.0;0.0;274.0;0.0;271.0;0;4
20;119;nan;0.0;0.0;274.0;0.0;271.0;0;4
20;120;nan;0.0;0.0;274.0;0.0;271.0;0;4
20;121;nan;0.0;0.0;274.0;0.0;271.0;0;4
20;122;nan;0.0;0.0;274.0;0.0;271.0;0;4
20;123;nan;0.0;0.0;274.0;0.0;271.0;0;4
20;124;nan;0.0;0.0;274.0;0.0;271.0;0;4
20;125;nan;0.0;0.0;274.0;0.0;271.0;0;4
20;126;nan;0.0;0.0;274.0;0.0;271.0;0;4
20;127;nan;0.0;0.0;274.0;0.0;271.0;0;4
20;128;nan;0.0;0.0;274.0;0.0;271.0;0;4
20;129;nan;0.0;0.0;274.0;0.0;271.0;0;4
20;130;nan;0.0;0.0;274.0;0.0;271.0;0;4
20;131;nan;0.0;0.0;274.0;0.0;271.0;0;4
20;132;nan;0.0;0.0;274.0;0.0;271.0;0;4
20;133;nan;0.0;0.0;274.0;0.0;271.0;0;4
20;134;nan;0.0;0.0;274.0;0.0;271.0;0;4
20;135;nan;0.0;0.0;274.0;0.0;271.0;0;4
20;136;nan;0.0;0.0;274.0;0.0;271.0;0;4
20;137;nan;0.0;0.0;274.0;0.0;271.0;0;4
20;138;nan;0.0;0.0;274.0;0.0;271.0;0;4
20;139;nan;0.0;0.0;274.0;0.0;271.0;0;4
20;140;nan;0.0;0.0;274.0;0.0;271.0;0;4
20;141;nan;0.0;0.0;274.0;0.0;271.0;0;4
20;142;nan;0.0;0.0;274.0;0.0;271.0;0;4
20;143;nan;0.0;0.0;274.0;0.0;271.0;0;4
20;144;nan;0.0;0.0;274.0;0.0;271.0;0;4
20;145;nan;0.0;0.0;274.0;0.0;271.0;0;4
20;146;nan;0.0;0.0;274.0;0.0;271.0;0;4
20;147;nan;0.0;0.0;274.0;0.0;271.0;0;4
20;148;nan;0.0;0.0;274.0;0.0;271.0;0;4
20;149;nan;0.0;0.0;274.0;0.0;271.0;0;4
21;0;5.9;79.0;187.0;401.0;0.2;273.0;1;1
21;1;6.2;74.7;183.0;397.4;0.2;273.0;0;1
21;2;6.0;78.1;189.0;401.6;0.2;273.0;0;1
21;3;7.4;60.5;148.0;380.9;0.2;273.0;0;1
21;4;6.6;68.8;166.0;390.1;0.2;273.0;0;1
21;5;6.8;67.6;160.0;393.1;0.2;273.0;0;1
21;6;7.5;60.2;154.0;380.7;0.2;273.0;0;1
21;7;7.1;63.4;155.0;380.3;0.2;273.0;0;1
21;8;7.4;60.3;162.0;378.4;0.2;273.0;0;1
21;9;7.6;55.6;136.0;358.7;0.2;273.0;0;1
21;10;7.2;62.0;145.0;377.4;0.2;273.0;0;1
21;11;8.3;51.7;133.0;359.0;0.1;273.0;0;1
21;12;8.7;49.7;122.0;363.4;0.1;273.0;0;1
21;13;7.4;58.4;139.0;367.1;0.2;273.0;0;1
21;14;10.7;38.1;100.0;336.9;0.1;273.0;0;1
21;15;10.2;40.7;103.0;342.9;0.1;273.0;0;1
21;16;9.4;45.0;116.0;351.4;0.1;273.0;0;1
21;17;8.9;47.7;120.0;356.0;0.1;273.0;0;1
21;18;10.5;39.5;98.0;342.4;0.1;273.0;0;1
21;19;12.0;32.7;93.0;323.1;0.1;273.0;0;1
21;20;10.1;38.8;84.0;326.0;0.1;273.0;0;1
21;21;15.1;24.9;57.0;306.6;0.1;273.0;0;1
21;22;26.6;14.1;39.0;299.3;0.0;273.0;0;1
21;23;15.9;23.6;54.0;304.1;0.1;273.0;0;1
21;24;28.4;12.7;37.0;288.1;0.0;273.0;0;1
21;25;45.0;7.9;22.0;283.1;0.0;273.0;0;1
21;26;100.0;2.8;8.0;276.6;0.0;273.0;0;1
21;27;nan;0.0;0.0;275.0;0.0;273.0;0;1
21;28;nan;0.0;0.0;275.0;0.0;273.0;0;1
21;29;nan;0.0;0.0;275.0;0.0;273.0;0;1
21;30;nan;0.0;0.0;275.0;0.0;273.0;0;1
21;31;nan;0.0;0.0;275.0;0.0;273.0;0;1
21;32;nan;0.0;0.0;275.0;0.0;273.0;0;1
21;33;nan;0.0;0.0;275.0;0.0;273.0;0;1
21;34;nan;0.0;0.0;275.0;0.0;273.0;0;1
21;35;nan;0.0;0.0;275.0;0.0;273.0;0;1
21;36;nan;0.0;0.0;275.0;0.0;273.0;0;1
21;37;nan;0.0;0.0;275.0;0.0;273.0;0;1
21;38;nan;0.0;0.0;275.0;0.0;273.0;0;1
21;39;nan;0.0;0.0;275.0;0.0;273.0;0;1
21;40;nan;0.0;0.0;275.0;0.0;273.0;0;1
21;41;nan;0.0;0.0;275.0;0.0;273.0;0;1
21;42;nan;0.0;0.0;275.0;0.0;273.0;0;1
21;43;nan;0.0;0.0;275.0;0.0;273.0;0;1
21;44;nan;0.0;0.0;275.0;0.0;273.0;0;1
21;45;nan;0.0;0.0;275.0;0.0;273.0;0;1
21;46;8.0;50.2;116.0;338.3;0.1;273.0;0;1
21;47;7.4;54.6;120.0;341.9;0.2;273.0;0;1
21;48;8.1;49.2;122.0;334.1;0.1;273.0;0;1
21;49;8.9;44.0;113.0;328.3;0.1;271.0;1;2
21;50;14.7;25.4;56.0;304.1;0.1;271.0;0;2
21;51;8.9;44.0;97.0;327.3;0.1;271.0;0;2
21;52;14.1;26.8;70.0;308.6;0.1;271.0;0;2
21;53;17.1;21.4;55.0;297.4;0.1;271.0;0;2
21;54;32.2;11.2;28.0;288.7;0.0;271.0;0;2
21;55;46.8;7.6;16.0;281.6;0.0;271.0;0;2
21;56;nan;0.0;0.0;275.0;0.0;271.0;0;2
21;57;nan;0.0;0.0;275.0;0.0;271.0;0;2
21;58;nan;0.0;0.0;275.0;0.0;271.0;0;2
21;59;nan;0.0;0.0;275.0;0.0;271.0;0;2
21;60;nan;0.0;0.0;275.0;0.0;271.0;0;2
21;61;nan;0.0;0.0;275.0;0.0;271.0;0;2
21;62;nan;0.0;0.0;275.0;0.0;271.0;0;2
21;63;nan;0.0;0.0;275.0;0.0;271.0;0;2
21;64;nan;0.0;0.0;275.0;0.0;271.0;0;2
21;65;nan;0.0;0.0;275.0;0.0;271.0;0;2
21;66;nan;0.0;0.0;275.0;0.0;271.0;0;2
21;67;nan;0.0;0.0;275.0;0.0;271.0;0;2
21;68;nan;0.0;0.0;275.0;0.0;271.0;0;2
21;69;nan;0.0;0.0;275.0;0.0;271.0;0;2
21;70;nan;0.0;0.0;275.0;0.0;271.0;0;2
21;71;nan;0.0;0.0;275.0;0.0;271.0;0;2
21;72;nan;0.0;0.0;275.0;0.0;271.0;0;2
21;73;nan;0.0;0.0;275.0;0.0;271.0;0;2
21;74;nan;0.0;0.0;275.0;0.0;271.0;0;2
21;75;nan;0.0;0.0;275.0;0.0;271.0;0;2
21;76;nan;0.0;0.0;275.0;0.0;271.0;0;2
21;77;nan;0.0;0.0;275.0;0.0;271.0;0;2
21;78;nan;0.0;0.0;275.0;0.0;271.0;0;2
21;79;nan;0.0;0.0;275.0;0.0;271.0;0;2
21;80;nan;0.0;0.0;275.0;0.0;271.0;0;2
21;81;nan;0.0;0.0;275.0;0.0;271.0;0;2
21;82;nan;0.0;0.0;275.0;0.0;271.0;0;2
21;83;nan;0.0;0.0;275.0;0.0;271.0;0;2
21;84;nan;0.0;0.0;275.0;0.0;271.0;0;2
21;85;nan;0.0;0.0;275.0;0.0;271.0;0;2
21;86;nan;0.0;0.0;275.0;0.0;271.0;0;2
21;87;nan;0.0;0.0;275.0;0.0;271.0;0;2
21;88;nan;0.0;0.0;275.0;0.0;271.0;0;2
21;89;nan;0.0;0.0;275.0;0.0;271.0;0;2
21;90;nan;0.0;0.0;275.0;0.0;271.0;0;2
21;91;nan;0.0;0.0;275.0;0.0;271.0;0;2
21;92;nan;0.0;0.0;275.0;0.0;271.0;0;2
21;93;nan;0.0;0.0;275.0;0.0;271.0;0;2
21;94;nan;0.0;0.0;275.0;0.0;271.0;0;2
21;95;8.2;44.2;108.0;304.4;0.1;271.0;0;2
21;96;9.8;37.1;90.0;301.6;0.1;271.0;0;2
21;97;8.4;43.2;109.0;305.9;0.1;271.0;0;2
21;98;10.8;33.4;79.0;299.4;0.1;271.0;0;2
21;99;11.3;31.7;73.0;296.6;0.1;271.0;0;2
21;100;9.8;37.0;86.0;301.1;0.1;271.0;0;2
21;101;9.8;37.3;85.0;305.1;0.1;271.0;0;2
21;102;11.7;30.8;86.0;296.9;0.1;271.0;0;2
21;103;14.1;25.5;71.0;293.3;0.1;271.0;0;2
21;104;17.2;21.0;65.0;293.6;0.1;271.0;0;2
21;105;12.6;28.6;65.0;295.3;0.1;271.0;0;2
21;106;nan;0.0;0.0;275.0;0.0;271.0;0;2
21;107;nan;0.0;0.0;275.0;0.0;271.0;0;2
21;108;nan;0.0;0.0;275.0;0.0;271.0;0;2
21;109;nan;0.0;0.0;275.0;0.0;271.0;0;2
21;110;nan;0.0;0.0;275.0;0.0;271.0;0;2
21;111;nan;0.0;0.0;275.0;0.0;271.0;0;2
21;112;nan;0.0;0.0;275.0;0.0;271.0;0;2
21;113;nan;0.0;0.0;275.0;0.0;271.0;0;2
21;114;nan;0.0;0.0;275.0;0.0;271.0;0;2
21;115;nan;0.0;0.0;275.0;0.0;271.0;0;2
21;116;nan;0.0;0.0;275.0;0.0;271.0;0;2
21;117;nan;0.0;0.0;275.0;0.0;271.0;0;2
21;118;nan;0.0;0.0;275.0;0.0;271.0;0;2
21;119;nan;0.0;0.0;275.0;0.0;271.0;0;2
21;120;nan;0.0;0.0;275.0;0.0;271.0;0;2
21;121;nan;0.0;0.0;275.0;0.0;271.0;0;2
21;122;nan;0.0;0.0;275.0;0.0;271.0;0;2
21;123;nan;0.0;0.0;275.0;0.0;271.0;0;2
21;124;nan;0.0;0.0;275.0;0.0;271.0;0;2
21;125;nan;0.0;0.0;275.0;0.0;271.0;0;2
21;126;nan;0.0;0.0;275.0;0.0;271.0;0;2
21;127;nan;0.0;0.0;275.0;0.0;271.0;0;2
21;128;nan;0.0;0.0;275.0;0.0;271.0;0;2
21;129;nan;0.0;0.0;275.0;0.0;271.0;0;2
21;130;nan;0.0;0.0;275.0;0.0;271.0;0;2
21;131;nan;0.0;0.0;275.0;0.0;271.0;0;2
21;132;nan;0.0;0.0;275.0;0.0;271.0;0;2
21;133;nan;0.0;0.0;275.0;0.0;271.0;0;2
21;134;nan;0.0;0.0;275.0;0.0;271.0;0;2
21;135;nan;0.0;0.0;275.0;0.0;271.0;0;2
21;136;nan;0.0;0.0;275.0;0.0;271.0;0;2
21;137;nan;0.0;0.0;275.0;0.0;271.0;0;2
21;138;nan;0.0;0.0;275.0;0.0;271.0;0;2
21;139;nan;0.0;0.0;275.0;0.0;271.0;0;2
21;140;12.5;28.3;85.0;290.0;0.1;271.0;0;2
21;141;9.5;37.3;110.0;294.0;0.1;271.0;0;2
21;142;14.8;23.8;71.0;288.0;0.1;271.0;0;2
21;143;9.3;37.7;110.0;293.1;0.1;271.0;0;2
21;144;nan;0.0;0.0;275.0;0.0;271.0;0;2
21;145;nan;0.0;0.0;275.0;0.0;271.0;0;2
21;146;nan;0.0;0.0;275.0;0.0;271.0;0;2
21;147;nan;0.0;0.0;275.0;0.0;271.0;0;2
21;148;nan;0.0;0.0;275.0;0.0;271.0;0;2
21;149;nan;0.0;0.0;275.0;0.0;271.0;0;2
22;0;6.0;77.7;190.0;401.6;0.2;274.0;1;1
22;1;6.7;67.0;167.0;381.0;0.2;274.0;0;1
22;2;6.1;75.4;186.0;397.6;0.2;274.0;0;1
22;3;7.0;64.7;155.0;385.1;0.2;274.0;0;1
22;4;6.7;67.9;163.0;387.0;0.2;271.0;1;2
22;5;6.3;73.0;172.0;395.1;0.2;271.0;0;2
22;6;7.6;57.2;137.0;367.6;0.2;271.0;0;2
22;7;6.8;67.1;159.0;389.3;0.2;271.0;0;2
22;8;6.9;64.3;163.0;380.0;0.2;271.0;0;2
22;9;6.9;66.0;159.0;385.9;0.2;271.0;0;2
22;10;8.5;50.9;130.0;362.1;0.1;271.0;0;2
22;11;8.7;49.2;126.0;357.0;0.1;271.0;0;2
22;12;8.0;52.5;133.0;354.4;0.1;271.0;0;2
22;13;8.3;50.7;128.0;353.6;0.1;271.0;0;2
22;14;9.8;42.1;114.0;342.9;0.1;271.0;0;2
22;15;8.7;48.7;122.0;356.1;0.1;271.0;0;2
22;16;10.2;39.8;100.0;337.9;0.1;271.0;0;2
22;17;9.1;46.1;119.0;350.3;0.1;271.0;0;2
22;18;12.4;32.2;82.0;326.7;0.1;271.0;0;2
22;19;15.7;24.8;63.0;316.7;0.1;271.0;0;2
22;20;11.5;34.0;76.0;322.3;0.1;271.0;0;2
22;21;14.2;26.7;60.0;310.0;0.1;271.0;0;2
22;22;12.3;30.9;69.0;312.9;0.1;271.0;0;2
22;23;22.7;16.3;38.0;297.6;0.1;271.0;0;2
22;24;15.6;24.1;56.0;305.4;0.1;271.0;0;2
22;25;16.4;22.8;67.0;304.4;0.1;271.0;0;2
22;26;27.4;13.3;36.0;291.1;0.0;271.0;0;2
22;27;35.5;10.1;30.0;285.7;0.0;271.0;0;2
22;28;24.9;14.7;36.0;293.3;0.1;271.0;0;2
22;29;66.2;5.4;15.0;280.9;0.0;271.0;0;2
22;30;46.6;7.7;21.0;283.9;0.0;271.0;0;2
22;31;30.7;11.6;34.0;284.1;0.0;271.0;0;2
22;32;100.0;0.5;1.0;274.3;0.0;271.0;0;2
22;33;nan;0.0;0.0;274.0;0.0;271.0;0;2
22;34;nan;0.0;0.0;274.0;0.0;271.0;0;2
22;35;nan;0.0;0.0;274.0;0.0;271.0;0;2
22;36;nan;0.0;0.0;274.0;0.0;271.0;0;2
22;37;nan;0.0;0.0;274.0;0.0;271.0;0;2
22;38;nan;0.0;0.0;274.0;0.0;271.0;0;2
22;39;nan;0.0;0.0;274.0;0.0;271.0;0;2
22;40;nan;0.0;0.0;274.0;0.0;271.0;0;2
22;41;nan;0.0;0.0;274.0;0.0;271.0;0;2
22;42;nan;0.0;0.0;274.0;0.0;271.0;0;2
22;43;nan;0.0;0.0;274.0;0.0;271.0;0;2
22;44;nan;0.0;0.0;274.0;0.0;271.0;0;2
22;45;nan;0.0;0.0;274.0;0.0;271.0;0;2
22;46;nan;0.0;0.0;274.0;0.0;271.0;0;2
22;47;nan;0.0;0.0;274.0;0.0;271.0;0;2
22;48;nan;0.0;0.0;274.0;0.0;271.0;0;2
22;49;nan;0.0;0.0;274.0;0.0;271.0;0;2
22;50;6.5;63.1;146.0;351.7;0.2;271.0;0;2
22;51;10.7;36.1;83.0;320.6;0.1;271.0;0;2
22;52;9.7;40.3;108.0;324.6;0.1;271.0;0;2
22;53;12.5;30.2;71.0;310.7;0.1;271.0;0;2
22;54;15.5;24.7;59.0;311.0;0.1;271.0;0;2
22;55;16.6;22.4;57.0;300.9;0.1;271.0;0;2
22;56;18.4;19.9;46.0;295.3;0.1;271.0;0;2
22;57;39.1;9.0;25.0;280.9;0.0;271.0;0;2
22;58;61.9;5.7;14.0;278.4;0.0;271.0;0;2
22;59;100.0;1.8;5.0;275.0;0.0;271.0;0;2
22;60;nan;0.0;0.0;274.0;0.0;271.0;0;2
22;61;nan;0.0;0.0;274.0;0.0;271.0;0;2
22;62;nan;0.0;0.0;274.0;0.0;271.0;0;2
22;63;nan;0.0;0.0;274.0;0.0;271.0;0;2
22;64;nan;0.0;0.0;274.0;0.0;271.0;0;2
22;65;nan;0.0;0.0;274.0;0.0;271.0;0;2
22;66;nan;0.0;0.0;274.0;0.0;271.0;0;2
22;67;nan;0.0;0.0;274.0;0.0;271.0;0;2
22;68;nan;0.0;0.0;274.0;0.0;271.0;0;2
22;69;nan;0.0;0.0;274.0;0.0;271.0;0;2
22;70;nan;0.0;0.0;274.0;0.0;271.0;0;2
22;71;nan;0.0;0.0;274.0;0.0;271.0;0;2
22;72;nan;0.0;0.0;274.0;0.0;271.0;0;2
22;73;nan;0.0;0.0;274.0;0.0;271.0;0;2
22;74;nan;0.0;0.0;274.0;0.0;271.0;0;2
22;75;nan;0.0;0.0;274.0;0.0;271.0;0;2
22;76;nan;0.0;0.0;274.0;0.0;271.0;0;2
22;77;nan;0.0;0.0;274.0;0.0;271.0;0;2
22;78;nan;0.0;0.0;274.0;0.0;271.0;0;2
22;79;nan;0.0;0.0;274.0;0.0;271.0;0;2
22;80;nan;0.0;0.0;274.0;0.0;271.0;0;2
22;81;nan;0.0;0.0;274.0;0.0;271.0;0;2
22;82;nan;0.0;0.0;274.0;0.0;271.0;0;2
22;83;nan;0.0;0.0;274.0;0.0;271.0;0;2
22;84;nan;0.0;0.0;274.0;0.0;271.0;0;2
22;85;nan;0.0;0.0;274.0;0.0;271.0;0;2
22;86;nan;0.0;0.0;274.0;0.0;271.0;0;2
22;87;nan;0.0;0.0;274.0;0.0;271.0;0;2
22;88;nan;0.0;0.0;274.0;0.0;271.0;0;2
22;89;nan;0.0;0.0;274.0;0.0;271.0;0;2
22;90;nan;0.0;0.0;274.0;0.0;271.0;0;2
22;91;nan;0.0;0.0;274.0;0.0;271.0;0;2
22;92;nan;0.0;0.0;274.0;0.0;271.0;0;2
22;93;nan;0.0;0.0;274.0;0.0;271.0;0;2
22;94;nan;0.0;0.0;274.0;0.0;271.0;0;2
22;95;15.1;23.8;56.0;293.0;0.1;271.0;0;2
22;96;13.2;27.8;63.0;300.3;0.1;271.0;0;2
22;97;17.9;19.8;55.0;287.0;0.1;271.0;0;2
22;98;20.2;17.8;43.0;289.0;0.1;271.0;0;2
22;99;100.0;1.4;3.0;274.9;0.0;271.0;0;2
22;100;100.0;1.7;5.0;274.7;0.0;271.0;0;2
22;101;100.0;0.7;2.0;274.3;0.0;271.0;0;2
22;102;nan;0.0;0.0;274.0;0.0;271.0;0;2
22;103;nan;0.0;0.0;274.0;0.0;271.0;0;2
22;104;nan;0.0;0.0;274.0;0.0;271.0;0;2
22;105;nan;0.0;0.0;274.0;0.0;271.0;0;2
22;106;nan;0.0;0.0;274.0;0.0;271.0;0;2
22;107;nan;0.0;0.0;274.0;0.0;271.0;0;2
22;108;nan;0.0;0.0;274.0;0.0;271.0;0;2
22;109;nan;0.0;0.0;274.0;0.0;271.0;0;2
22;110;nan;0.0;0.0;274.0;0.0;271.0;0;2
22;111;nan;0.0;0.0;274.0;0.0;271.0;0;2
22;112;nan;0.0;0.0;274.0;0.0;271.0;0;2
22;113;nan;0.0;0.0;274.0;0.0;271.0;0;2
22;114;nan;0.0;0.0;274.0;0.0;271.0;0;2
22;115;nan;0.0;0.0;274.0;0.0;271.0;0;2
22;116;nan;0.0;0.0;274.0;0.0;271.0;0;2
22;117;nan;0.0;0.0;274.0;0.0;271.0;0;2
22;118;nan;0.0;0.0;274.0;0.0;271.0;0;2
22;119;nan;0.0;0.0;274.0;0.0;271.0;0;2
22;120;nan;0.0;0.0;274.0;0.0;271.0;0;2
22;121;nan;0.0;0.0;274.0;0.0;271.0;0;2
22;122;nan;0.0;0.0;274.0;0.0;271.0;0;2
22;123;nan;0.0;0.0;274.0;0.0;271.0;0;2
22;124;nan;0.0;0.0;274.0;0.0;271.0;0;2
22;125;nan;0.0;0.0;274.0;0.0;271.0;0;2
22;126;nan;0.0;0.0;274.0;0.0;271.0;0;2
22;127;nan;0.0;0.0;274.0;0.0;271.0;0;2
22;128;nan;0.0;0.0;274.0;0.0;271.0;0;2
22;129;nan;0.0;0.0;274.0;0.0;271.0;0;2
22;130;nan;0.0;0.0;274.0;0.0;271.0;0;2
22;131;nan;0.0;0.0;274.0;0.0;271.0;0;2
22;132;nan;0.0;0.0;274.0;0.0;271.0;0;2
22;133;nan;0.0;0.0;274.0;0.0;271.0;0;2
22;134;nan;0.0;0.0;274.0;0.0;271.0;0;2
22;135;nan;0.0;0.0;274.0;0.0;271.0;0;2
22;136;nan;0.0;0.0;274.0;0.0;271.0;0;2
22;137;nan;0.0;0.0;274.0;0.0;271.0;0;2
22;138;nan;0.0;0.0;274.0;0.0;271.0;0;2
22;139;nan;0.0;0.0;274.0;0.0;271.0;0;2
22;140;65.2;5.4;17.0;277.9;0.0;271.0;0;2
22;141;67.3;5.2;16.0;277.3;0.0;271.0;0;2
22;142;nan;0.0;0.0;274.0;0.0;271.0;0;2
22;143;nan;0.0;0.0;274.0;0.0;271.0;0;2
22;144;nan;0.0;0.0;274.0;0.0;271.0;0;2
22;145;nan;0.0;0.0;274.0;0.0;271.0;0;2
22;146;nan;0.0;0.0;274.0;0.0;271.0;0;2
22;147;nan;0.0;0.0;274.0;0.0;271.0;0;2
22;148;nan;0.0;0.0;274.0;0.0;271.0;0;2
22;149;nan;0.0;0.0;274.0;0.0;271.0;0;2
23;0;6.5;72.0;167.0;398.7;0.2;283.0;1;1
23;1;6.8;67.2;174.0;387.3;0.2;277.0;1;2
23;2;6.4;72.6;171.0;399.1;0.2;277.0;0;2
23;3;7.6;58.1;139.0;373.6;0.2;277.0;0;2
23;4;6.2;75.9;181.0;401.1;0.2;277.0;0;2
23;5;5.9;81.1;187.0;411.0;0.2;277.0;0;2
23;6;6.9;64.9;166.0;381.7;0.2;277.0;0;2
23;7;6.6;69.3;160.0;390.4;0.2;277.0;0;2
23;8;7.5;57.9;144.0;369.6;0.2;277.0;0;2
23;9;7.6;58.2;156.0;373.0;0.2;277.0;0;2
23;10;8.1;54.0;129.0;366.0;0.1;277.0;0;2
23;11;8.3;50.4;134.0;352.0;0.1;274.0;1;3
23;12;9.4;44.6;116.0;348.9;0.1;274.0;0;3
23;13;9.6;44.3;113.0;352.9;0.1;274.0;0;3
23;14;8.6;48.7;128.0;351.1;0.1;274.0;0;3
23;15;9.9;41.3;106.0;340.9;0.1;274.0;0;3
23;16;9.7;43.4;113.0;349.9;0.1;274.0;0;3
23;17;12.7;31.6;81.0;329.3;0.1;274.0;0;3
23;18;12.2;33.1;86.0;330.9;0.1;274.0;0;3
23;19;14.7;27.0;79.0;325.1;0.1;274.0;0;3
23;20;11.2;33.8;82.0;313.6;0.1;274.0;0;3
23;21;10.6;35.9;90.0;314.6;0.1;271.0;1;4
23;22;16.2;23.6;56.0;310.1;0.1;271.0;0;4
23;23;11.2;34.1;80.0;315.4;0.1;271.0;0;4
23;24;25.1;14.4;35.0;291.0;0.0;271.0;0;4
23;25;22.7;16.3;36.0;297.6;0.1;271.0;0;4
23;26;47.8;7.4;23.0;279.1;0.0;271.0;0;4
23;27;61.1;5.8;17.0;278.4;0.0;271.0;0;4
23;28;100.0;2.8;8.0;274.7;0.0;271.0;0;4
23;29;100.0;1.9;5.0;274.4;0.0;271.0;0;4
23;30;100.0;1.9;5.0;274.4;0.0;271.0;0;4
23;31;100.0;1.9;5.0;273.3;0.0;271.0;0;4
23;32;100.0;2.2;5.0;274.1;0.0;271.0;0;4
23;33;nan;0.0;0.0;271.0;0.0;271.0;0;4
23;34;nan;0.0;0.0;271.0;0.0;271.0;0;4
23;35;nan;0.0;0.0;271.0;0.0;271.0;0;4
23;36;nan;0.0;0.0;271.0;0.0;271.0;0;4
23;37;nan;0.0;0.0;271.0;0.0;271.0;0;4
23;38;nan;0.0;0.0;271.0;0.0;271.0;0;4
23;39;nan;0.0;0.0;271.0;0.0;271.0;0;4
23;40;nan;0.0;0.0;271.0;0.0;271.0;0;4
23;41;nan;0.0;0.0;271.0;0.0;271.0;0;4
23;42;nan;0.0;0.0;271.0;0.0;271.0;0;4
23;43;nan;0.0;0.0;271.0;0.0;271.0;0;4
23;44;nan;0.0;0.0;271.0;0.0;271.0;0;4
23;45;nan;0.0;0.0;271.0;0.0;271.0;0;4
23;46;nan;0.0;0.0;271.0;0.0;271.0;0;4
23;47;nan;0.0;0.0;271.0;0.0;271.0;0;4
23;48;nan;0.0;0.0;271.0;0.0;271.0;0;4
23;49;nan;0.0;0.0;271.0;0.0;271.0;0;4
23;50;nan;0.0;0.0;271.0;0.0;271.0;0;4
23;51;nan;0.0;0.0;271.0;0.0;271.0;0;4
23;52;nan;0.0;0.0;271.0;0.0;271.0;0;4
23;53;nan;0.0;0.0;271.0;0.0;271.0;0;4
23;54;nan;0.0;0.0;271.0;0.0;271.0;0;4
23;55;nan;0.0;0.0;271.0;0.0;271.0;0;4
23;56;nan;0.0;0.0;271.0;0.0;271.0;0;4
23;57;nan;0.0;0.0;271.0;0.0;271.0;0;4
23;58;nan;0.0;0.0;271.0;0.0;271.0;0;4
23;59;nan;0.0;0.0;271.0;0.0;271.0;0;4
23;60;nan;0.0;0.0;271.0;0.0;271.0;0;4
23;61;nan;0.0;0.0;271.0;0.0;271.0;0;4
23;62;nan;0.0;0.0;271.0;0.0;271.0;0;4
23;63;nan;0.0;0.0;271.0;0.0;271.0;0;4
23;64;nan;0.0;0.0;271.0;0.0;271.0;0;4
23;65;nan;0.0;0.0;271.0;0.0;271.0;0;4
23;66;nan;0.0;0.0;271.0;0.0;271.0;0;4
23;67;7.6;50.2;107.0;323.1;0.2;271.0;0;4
23;68;8.6;43.2;99.0;313.4;0.1;271.0;0;4
23;69;8.1;46.9;110.0;318.6;0.1;271.0;0;4
23;70;9.1;41.4;98.0;314.0;0.1;271.0;0;4
23;71;13.1;28.1;66.0;302.9;0.1;271.0;0;4
23;72;12.5;29.5;70.0;302.4;0.1;271.0;0;4
23;73;28.7;12.3;35.0;280.9;0.0;271.0;0;4
23;74;69.6;5.0;14.0;273.9;0.0;271.0;0;4
23;75;nan;0.0;0.0;271.0;0.0;271.0;0;4
23;76;nan;0.0;0.0;271.0;0.0;271.0;0;4
23;77;nan;0.0;0.0;271.0;0.0;271.0;0;4
23;78;nan;0.0;0.0;271.0;0.0;271.0;0;4
23;79;nan;0.0;0.0;271.0;0.0;271.0;0;4
23;80;nan;0.0;0.0;271.0;0.0;271.0;0;4
23;81;nan;0.0;0.0;271.0;0.0;271.0;0;4
23;82;nan;0.0;0.0;271.0;0.0;271.0;0;4
23;83;nan;0.0;0.0;271.0;0.0;271.0;0;4
23;84;nan;0.0;0.0;271.0;0.0;271.0;0;4
23;85;nan;0.0;0.0;271.0;0.0;271.0;0;4
23;86;nan;0.0;0.0;271.0;0.0;271.0;0;4
23;87;nan;0.0;0.0;271.0;0.0;271.0;0;4
23;88;nan;0.0;0.0;271.0;0.0;271.0;0;4
23;89;nan;0.0;0.0;271.0;0.0;271.0;0;4
23;90;nan;0.0;0.0;271.0;0.0;271.0;0;4
23;91;nan;0.0;0.0;271.0;0.0;271.0;0;4
23;92;nan;0.0;0.0;271.0;0.0;271.0;0;4
23;93;nan;0.0;0.0;271.0;0.0;271.0;0;4
23;94;nan;0.0;0.0;271.0;0.0;271.0;0;4
23;95;nan;0.0;0.0;271.0;0.0;271.0;0;4
23;96;nan;0.0;0.0;271.0;0.0;271.0;0;4
23;97;nan;0.0;0.0;271.0;0.0;271.0;0;4
23;98;nan;0.0;0.0;271.0;0.0;271.0;0;4
23;99;nan;0.0;0.0;271.0;0.0;271.0;0;4
23;100;nan;0.0;0.0;271.0;0.0;271.0;0;4
23;101;nan;0.0;0.0;271.0;0.0;271.0;0;4
23;102;nan;0.0;0.0;271.0;0.0;271.0;0;4
23;103;nan;0.0;0.0;271.0;0.0;271.0;0;4
23;104;nan;0.0;0.0;271.0;0.0;271.0;0;4
23;105;nan;0.0;0.0;271.0;0.0;271.0;0;4
23;106;nan;0.0;0.0;271.0;0.0;271.0;0;4
23;107;nan;0.0;0.0;271.0;0.0;271.0;0;4
23;108;nan;0.0;0.0;271.0;0.0;271.0;0;4
23;109;nan;0.0;0.0;271.0;0.0;271.0;0;4
23;110;nan;0.0;0.0;271.0;0.0;271.0;0;4
23;111;nan;0.0;0.0;271.0;0.0;271.0;0;4
23;112;9.5;38.0;90.0;300.7;0.1;271.0;0;4
23;113;17.8;19.9;51.0;287.0;0.1;271.0;0;4
23;114;100.0;2.1;5.0;272.3;0.0;271.0;0;4
23;115;100.0;2.1;5.0;272.3;0.0;271.0;0;4
23;116;nan;0.0;0.0;271.0;0.0;271.0;0;4
23;117;nan;0.0;0.0;271.0;0.0;271.0;0;4
23;118;nan;0.0;0.0;271.0;0.0;271.0;0;4
23;119;nan;0.0;0.0;271.0;0.0;271.0;0;4
23;120;nan;0.0;0.0;271.0;0.0;271.0;0;4
23;121;nan;0.0;0.0;271.0;0.0;271.0;0;4
23;122;nan;0.0;0.0;271.0;0.0;271.0;0;4
23;123;nan;0.0;0.0;271.0;0.0;271.0;0;4
23;124;nan;0.0;0.0;271.0;0.0;271.0;0;4
23;125;nan;0.0;0.0;271.0;0.0;271.0;0;4
23;126;nan;0.0;0.0;271.0;0.0;271.0;0;4
23;127;nan;0.0;0.0;271.0;0.0;271.0;0;4
23;128;nan;0.0;0.0;271.0;0.0;271.0;0;4
23;129;nan;0.0;0.0;271.0;0.0;271.0;0;4
23;130;nan;0.0;0.0;271.0;0.0;271.0;0;4
23;131;nan;0.0;0.0;271.0;0.0;271.0;0;4
23;132;nan;0.0;0.0;271.0;0.0;271.0;0;4
23;133;nan;0.0;0.0;271.0;0.0;271.0;0;4
23;134;nan;0.0;0.0;271.0;0.0;271.0;0;4
23;135;nan;0.0;0.0;271.0;0.0;271.0;0;4
23;136;nan;0.0;0.0;271.0;0.0;271.0;0;4
23;137;nan;0.0;0.0;271.0;0.0;271.0;0;4
23;138;nan;0.0;0.0;271.0;0.0;271.0;0;4
23;139;nan;0.0;0.0;271.0;0.0;271.0;0;4
23;140;nan;0.0;0.0;271.0;0.0;271.0;0;4
23;141;nan;0.0;0.0;271.0;0.0;271.0;0;4
23;142;nan;0.0;0.0;271.0;0.0;271.0;0;4
23;143;nan;0.0;0.0;271.0;0.0;271.0;0;4
23;144;nan;0.0;0.0;271.0;0.0;271.0;0;4
23;145;nan;0.0;0.0;271.0;0.0;271.0;0;4
23;146;nan;0.0;0.0;271.0;0.0;271.0;0;4
23;147;nan;0.0;0.0;271.0;0.0;271.0;0;4
23;148;nan;0.0;0.0;271.0;0.0;271.0;0;4
23;149;nan;0.0;0.0;271.0;0.0;271.0;0;4
24;0;6.7;68.3;168.0;391.0;0.2;283.0;1;1
24;1;6.4;72.6;182.0;398.4;0.2;283.0;0;1
24;2;6.5;71.9;166.0;397.4;0.2;283.0;0;1
24;3;6.8;67.2;156.0;390.9;0.2;283.0;0;1
24;4;6.1;75.6;181.0;399.1;0.2;277.0;1;2
24;5;6.4;71.7;175.0;393.6;0.2;273.0;1;3
24;6;7.4;60.3;141.0;379.7;0.2;273.0;0;3
24;7;7.0;65.8;158.0;389.1;0.2;273.0;0;3
24;8;6.9;66.5;154.0;388.4;0.2;273.0;0;3
24;9;7.4;57.9;141.0;364.4;0.2;273.0;0;3
24;10;8.6;50.7;127.0;363.9;0.1;273.0;0;3
24;11;7.6;58.3;136.0;372.4;0.2;273.0;0;3
24;12;7.5;57.9;141.0;365.6;0.2;273.0;0;3
24;13;8.4;52.1;129.0;366.0;0.1;273.0;0;3
24;14;8.7;49.0;119.0;355.9;0.1;273.0;0;3
24;15;10.3;40.6;102.0;346.1;0.1;273.0;0;3
24;16;11.9;34.4;84.0;338.3;0.1;273.0;0;3
24;17;11.1;36.6;91.0;336.7;0.1;273.0;0;3
24;18;10.5;39.1;98.0;338.7;0.1;273.0;0;3
24;19;17.1;22.6;61.0;314.7;0.1;273.0;0;3
24;20;12.3;31.2;68.0;316.6;0.1;273.0;0;3
24;21;25.5;14.7;37.0;299.4;0.0;273.0;0;3
24;22;11.1;34.7;74.0;319.0;0.1;273.0;0;3
24;23;29.1;12.4;34.0;289.4;0.0;273.0;0;3
24;24;81.2;4.4;10.0;283.4;0.0;273.0;0;3
24;25;68.0;5.3;13.0;282.9;0.0;273.0;0;3
24;26;100.0;3.5;10.0;282.6;0.0;273.0;0;3
24;27;80.2;4.5;14.0;283.1;0.0;273.0;0;3
24;28;100.0;2.0;5.0;284.4;0.0;273.0;0;3
24;29;100.0;2.4;8.0;283.7;0.0;273.0;0;3
24;30;100.0;0.7;2.0;283.6;0.0;273.0;0;3
24;31;96.8;3.7;11.0;282.9;0.0;273.0;0;3
24;32;100.0;0.3;1.0;283.1;0.0;273.0;0;3
24;33;nan;0.0;0.0;283.0;0.0;273.0;0;3
24;34;nan;0.0;0.0;283.0;0.0;273.0;0;3
24;35;100.0;2.7;8.0;281.3;0.0;273.0;0;3
24;36;nan;0.0;0.0;283.0;0.0;273.0;0;3
24;37;nan;0.0;0.0;283.0;0.0;273.0;0;3
24;38;nan;0.0;0.0;283.0;0.0;273.0;0;3
24;39;nan;0.0;0.0;283.0;0.0;273.0;0;3
24;40;nan;0.0;0.0;283.0;0.0;273.0;0;3
24;41;nan;0.0;0.0;283.0;0.0;273.0;0;3
24;42;nan;0.0;0.0;283.0;0.0;273.0;0;3
24;43;nan;0.0;0.0;283.0;0.0;273.0;0;3
24;44;nan;0.0;0.0;283.0;0.0;273.0;0;3
24;45;nan;0.0;0.0;283.0;0.0;273.0;0;3
24;46;nan;0.0;0.0;283.0;0.0;273.0;0;3
24;47;nan;0.0;0.0;283.0;0.0;273.0;0;3
24;48;nan;0.0;0.0;283.0;0.0;273.0;0;3
24;49;nan;0.0;0.0;283.0;0.0;273.0;0;3
24;50;nan;0.0;0.0;283.0;0.0;273.0;0;3
24;51;7.0;59.2;132.0;351.1;0.2;273.0;0;3
24;52;6.9;59.6;129.0;349.3;0.2;273.0;0;3
24;53;7.2;55.5;124.0;340.7;0.2;273.0;0;3
24;54;10.0;38.8;91.0;323.4;0.1;273.0;0;3
24;55;8.7;45.5;103.0;332.3;0.1;273.0;0;3
24;56;13.5;27.8;66.0;307.4;0.1;273.0;0;3
24;57;14.7;25.2;61.0;302.9;0.1;273.0;0;3
24;58;15.0;24.3;62.0;297.0;0.1;273.0;0;3
24;59;68.3;5.2;11.0;282.0;0.0;273.0;0;3
24;60;60.5;5.9;14.0;281.3;0.0;273.0;0;3
24;61;100.0;3.5;9.0;284.3;0.0;273.0;0;3
24;62;100.0;3.5;11.0;284.0;0.0;273.0;0;3
24;63;72.8;4.9;15.0;283.7;0.0;273.0;0;3
24;64;82.5;4.3;14.0;281.3;0.0;273.0;0;3
24;65;100.0;2.6;6.0;281.0;0.0;273.0;0;3
24;66;nan;0.0;0.0;283.0;0.0;273.0;0;3
24;67;100.0;2.1;6.0;282.1;0.0;273.0;0;3
24;68;nan;0.0;0.0;283.0;0.0;273.0;0;3
24;69;nan;0.0;0.0;283.0;0.0;273.0;0;3
24;70;nan;0.0;0.0;283.0;0.0;273.0;0;3
24;71;nan;0.0;0.0;283.0;0.0;273.0;0;3
24;72;nan;0.0;0.0;283.0;0.0;273.0;0;3
24;73;nan;0.0;0.0;283.0;0.0;273.0;0;3
24;74;nan;0.0;0.0;283.0;0.0;273.0;0;3
24;75;nan;0.0;0.0;283.0;0.0;273.0;0;3
24;76;nan;0.0;0.0;283.0;0.0;273.0;0;3
24;77;nan;0.0;0.0;283.0;0.0;273.0;0;3
24;78;nan;0.0;0.0;283.0;0.0;273.0;0;3
24;79;nan;0.0;0.0;283.0;0.0;273.0;0;3
24;80;nan;0.0;0.0;283.0;0.0;273.0;0;3
24;81;nan;0.0;0.0;283.0;0.0;273.0;0;3
24;82;nan;0.0;0.0;283.0;0.0;273.0;0;3
24;83;nan;0.0;0.0;283.0;0.0;273.0;0;3
24;84;nan;0.0;0.0;283.0;0.0;273.0;0;3
24;85;nan;0.0;0.0;283.0;0.0;273.0;0;3
24;86;nan;0.0;0.0;283.0;0.0;273.0;0;3
24;87;nan;0.0;0.0;283.0;0.0;273.0;0;3
24;88;nan;0.0;0.0;283.0;0.0;273.0;0;3
24;89;nan;0.0;0.0;283.0;0.0;273.0;0;3
24;90;nan;0.0;0.0;283.0;0.0;273.0;0;3
24;91;nan;0.0;0.0;283.0;0.0;273.0;0;3
24;92;nan;0.0;0.0;283.0;0.0;273.0;0;3
24;93;nan;0.0;0.0;283.0;0.0;273.0;0;3
24;94;nan;0.0;0.0;283.0;0.0;273.0;0;3
24;95;75.9;4.7;12.0;279.7;0.0;271.0;1;4
24;96;nan;0.0;0.0;283.0;0.0;271.0;0;4
24;97;nan;0.0;0.0;283.0;0.0;271.0;0;4
24;98;nan;0.0;0.0;283.0;0.0;271.0;0;4
24;99;nan;0.0;0.0;283.0;0.0;271.0;0;4
24;100;nan;0.0;0.0;283.0;0.0;271.0;0;4
24;101;nan;0.0;0.0;283.0;0.0;271.0;0;4
24;102;nan;0.0;0.0;283.0;0.0;271.0;0;4
24;103;nan;0.0;0.0;283.0;0.0;271.0;0;4
24;104;nan;0.0;0.0;283.0;0.0;271.0;0;4
24;105;nan;0.0;0.0;283.0;0.0;271.0;0;4
24;106;nan;0.0;0.0;283.0;0.0;271.0;0;4
24;107;nan;0.0;0.0;283.0;0.0;271.0;0;4
24;108;nan;0.0;0.0;283.0;0.0;271.0;0;4
24;109;nan;0.0;0.0;283.0;0.0;271.0;0;4
24;110;nan;0.0;0.0;283.0;0.0;271.0;0;4
24;111;nan;0.0;0.0;283.0;0.0;271.0;0;4
24;112;nan;0.0;0.0;283.0;0.0;271.0;0;4
24;113;nan;0.0;0.0;283.0;0.0;271.0;0;4
24;114;nan;0.0;0.0;283.0;0.0;271.0;0;4
24;115;nan;0.0;0.0;283.0;0.0;271.0;0;4
24;116;nan;0.0;0.0;283.0;0.0;271.0;0;4
24;117;nan;0.0;0.0;283.0;0.0;271.0;0;4
24;118;nan;0.0;0.0;283.0;0.0;271.0;0;4
24;119;nan;0.0;0.0;283.0;0.0;271.0;0;4
24;120;nan;0.0;0.0;283.0;0.0;271.0;0;4
24;121;nan;0.0;0.0;283.0;0.0;271.0;0;4
24;122;nan;0.0;0.0;283.0;0.0;271.0;0;4
24;123;nan;0.0;0.0;283.0;0.0;271.0;0;4
24;124;nan;0.0;0.0;283.0;0.0;271.0;0;4
24;125;100.0;3.5;10.0;280.6;0.0;271.0;0;4
24;126;nan;0.0;0.0;283.0;0.0;271.0;0;4
24;127;nan;0.0;0.0;283.0;0.0;271.0;0;4
24;128;nan;0.0;0.0;283.0;0.0;271.0;0;4
24;129;nan;0.0;0.0;283.0;0.0;271.0;0;4
24;130;nan;0.0;0.0;283.0;0.0;271.0;0;4
24;131;nan;0.0;0.0;283.0;0.0;271.0;0;4
24;132;nan;0.0;0.0;283.0;0.0;271.0;0;4
24;133;nan;0.0;0.0;283.0;0.0;271.0;0;4
24;134;nan;0.0;0.0;283.0;0.0;271.0;0;4
24;135;nan;0.0;0.0;283.0;0.0;271.0;0;4
24;136;nan;0.0;0.0;283.0;0.0;271.0;0;4
24;137;nan;0.0;0.0;283.0;0.0;271.0;0;4
24;138;nan;0.0;0.0;283.0;0.0;271.0;0;4
24;139;nan;0.0;0.0;283.0;0.0;271.0;0;4
24;140;nan;0.0;0.0;283.0;0.0;271.0;0;4
24;141;33.5;10.6;34.0;283.7;0.0;271.0;0;4
24;142;100.0;3.5;10.0;281.6;0.0;271.0;0;4
24;143;nan;0.0;0.0;283.0;0.0;271.0;0;4
24;144;nan;0.0;0.0;283.0;0.0;271.0;0;4
24;145;nan;0.0;0.0;283.0;0.0;271.0;0;4
24;146;nan;0.0;0.0;283.0;0.0;271.0;0;4
24;147;nan;0.0;0.0;283.0;0.0;271.0;0;4
24;148;nan;0.0;0.0;283.0;0.0;271.0;0;4
24;149;nan;0.0;0.0;283.0;0.0;271.0;0;4
25;0;6.8;70.2;185.0;407.3;0.2;290.0;1;1
25;1;5.5;88.1;202.0;419.7;0.2;277.0;1;2
25;2;5.9;79.7;185.0;402.7;0.2;274.0;1;3
25;3;6.4;72.6;184.0;398.1;0.2;274.0;0;3
25;4;6.4;72.6;174.0;395.7;0.2;274.0;0;3
25;5;6.7;67.3;156.0;386.0;0.2;274.0;0;3
25;6;6.3;74.4;169.0;400.4;0.2;274.0;0;3
25;7;7.1;63.1;146.0;382.0;0.2;274.0;0;3
25;8;7.2;61.8;142.0;378.1;0.2;274.0;0;3
25;9;8.5;50.9;124.0;363.6;0.1;274.0;0;3
25;10;8.5;51.0;121.0;363.4;0.1;274.0;0;3
25;11;7.8;56.4;134.0;373.6;0.2;274.0;0;3
25;12;8.3;51.7;130.0;361.0;0.1;273.0;1;4
25;13;8.6;50.2;124.0;360.7;0.1;273.0;0;4
25;14;8.1;54.3;129.0;369.0;0.1;273.0;0;4
25;15;10.8;38.0;94.0;339.3;0.1;273.0;0;4
25;16;11.0;36.7;101.0;334.6;0.1;273.0;0;4
25;17;14.1;28.5;72.0;328.1;0.1;273.0;0;4
25;18;12.9;30.5;74.0;322.9;0.1;273.0;0;4
25;19;13.9;28.8;79.0;327.0;0.1;273.0;0;4
25;20;14.2;26.8;64.0;311.3;0.1;273.0;0;4
25;21;23.8;15.4;40.0;294.7;0.1;273.0;0;4
25;22;23.1;15.8;46.0;292.9;0.1;273.0;0;4
25;23;28.7;12.5;38.0;287.9;0.0;273.0;0;4
25;24;60.6;5.8;13.0;279.7;0.0;273.0;0;4
25;25;89.2;4.0;8.0;277.6;0.0;273.0;0;4
25;26;89.2;4.0;8.0;277.6;0.0;273.0;0;4
25;27;92.8;3.8;8.0;277.7;0.0;273.0;0;4
25;28;100.0;2.8;8.0;274.1;0.0;273.0;0;4
25;29;100.0;2.8;8.0;274.1;0.0;273.0;0;4
25;30;nan;0.0;0.0;273.0;0.0;273.0;0;4
25;31;nan;0.0;0.0;273.0;0.0;273.0;0;4
25;32;nan;0.0;0.0;273.0;0.0;273.0;0;4
25;33;nan;0.0;0.0;273.0;0.0;273.0;0;4
25;34;nan;0.0;0.0;273.0;0.0;273.0;0;4
25;35;nan;0.0;0.0;273.0;0.0;273.0;0;4
25;36;nan;0.0;0.0;273.0;0.0;273.0;0;4
25;37;nan;0.0;0.0;273.0;0.0;273.0;0;4
25;38;nan;0.0;0.0;273.0;0.0;273.0;0;4
25;39;nan;0.0;0.0;273.0;0.0;273.0;0;4
25;40;nan;0.0;0.0;273.0;0.0;273.0;0;4
25;41;nan;0.0;0.0;273.0;0.0;273.0;0;4
25;42;nan;0.0;0.0;273.0;0.0;273.0;0;4
25;43;nan;0.0;0.0;273.0;0.0;273.0;0;4
25;44;nan;0.0;0.0;273.0;0.0;273.0;0;4
25;45;nan;0.0;0.0;273.0;0.0;273.0;0;4
25;46;nan;0.0;0.0;273.0;0.0;273.0;0;4
25;47;nan;0.0;0.0;273.0;0.0;273.0;0;4
25;48;nan;0.0;0.0;273.0;0.0;273.0;0;4
25;49;nan;0.0;0.0;273.0;0.0;273.0;0;4
25;50;nan;0.0;0.0;273.0;0.0;273.0;0;4
25;51;nan;0.0;0.0;273.0;0.0;273.0;0;4
25;52;nan;0.0;0.0;273.0;0.0;273.0;0;4
25;53;nan;0.0;0.0;273.0;0.0;273.0;0;4
25;54;nan;0.0;0.0;273.0;0.0;273.0;0;4
25;55;nan;0.0;0.0;273.0;0.0;273.0;0;4
25;56;nan;0.0;0.0;273.0;0.0;273.0;0;4
25;57;nan;0.0;0.0;273.0;0.0;273.0;0;4
25;58;5.7;70.1;149.0;344.9;0.2;273.0;0;4
25;59;7.8;48.6;106.0;321.4;0.2;273.0;0;4
25;60;7.0;54.7;128.0;325.4;0.2;273.0;0;4
25;61;7.0;54.0;113.0;322.7;0.2;273.0;0;4
25;62;13.3;27.8;70.0;302.9;0.1;273.0;0;4
25;63;21.3;17.3;40.0;296.6;0.1;273.0;0;4
25;64;16.7;21.5;45.0;291.9;0.1;273.0;0;4
25;65;21.4;16.7;39.0;288.6;0.1;273.0;0;4
25;66;42.6;8.2;24.0;278.6;0.0;273.0;0;4
25;67;71.1;4.9;13.0;276.0;0.0;273.0;0;4
25;68;nan;0.0;0.0;273.0;0.0;273.0;0;4
25;69;nan;0.0;0.0;273.0;0.0;273.0;0;4
25;70;nan;0.0;0.0;273.0;0.0;273.0;0;4
25;71;nan;0.0;0.0;273.0;0.0;273.0;0;4
25;72;nan;0.0;0.0;273.0;0.0;273.0;0;4
25;73;nan;0.0;0.0;273.0;0.0;273.0;0;4
25;74;nan;0.0;0.0;273.0;0.0;273.0;0;4
25;75;nan;0.0;0.0;273.0;0.0;273.0;0;4
25;76;nan;0.0;0.0;273.0;0.0;273.0;0;4
25;77;nan;0.0;0.0;273.0;0.0;273.0;0;4
25;78;nan;0.0;0.0;273.0;0.0;273.0;0;4
25;79;nan;0.0;0.0;273.0;0.0;273.0;0;4
25;80;nan;0.0;0.0;273.0;0.0;273.0;0;4
25;81;nan;0.0;0.0;273.0;0.0;273.0;0;4
25;82;nan;0.0;0.0;273.0;0.0;273.0;0;4
25;83;nan;0.0;0.0;273.0;0.0;273.0;0;4
25;84;nan;0.0;0.0;273.0;0.0;273.0;0;4
25;85;nan;0.0;0.0;273.0;0.0;273.0;0;4
25;86;nan;0.0;0.0;273.0;0.0;273.0;0;4
25;87;nan;0.0;0.0;273.0;0.0;273.0;0;4
25;88;nan;0.0;0.0;273.0;0.0;273.0;0;4
25;89;nan;0.0;0.0;273.0;0.0;273.0;0;4
25;90;nan;0.0;0.0;273.0;0.0;273.0;0;4
25;91;nan;0.0;0.0;273.0;0.0;273.0;0;4
25;92;nan;0.0;0.0;273.0;0.0;273.0;0;4
25;93;nan;0.0;0.0;273.0;0.0;273.0;0;4
25;94;nan;0.0;0.0;273.0;0.0;273.0;0;4
25;95;nan;0.0;0.0;273.0;0.0;273.0;0;4
25;96;nan;0.0;0.0;273.0;0.0;273.0;0;4
25;97;nan;0.0;0.0;273.0;0.0;273.0;0;4
25;98;nan;0.0;0.0;273.0;0.0;273.0;0;4
25;99;nan;0.0;0.0;273.0;0.0;273.0;0;4
25;100;nan;0.0;0.0;273.0;0.0;273.0;0;4
25;101;nan;0.0;0.0;273.0;0.0;273.0;0;4
25;102;nan;0.0;0.0;273.0;0.0;273.0;0;4
25;103;24.0;14.8;36.0;284.3;0.1;273.0;0;4
25;104;12.9;27.8;67.0;294.7;0.1;273.0;0;4
25;105;32.7;10.8;25.0;280.6;0.0;273.0;0;4
25;106;39.3;9.0;23.0;279.7;0.0;273.0;0;4
25;107;nan;0.0;0.0;273.0;0.0;273.0;0;4
25;108;100.0;2.9;7.0;275.7;0.0;273.0;0;4
25;109;100.0;1.0;3.0;273.4;0.0;273.0;0;4
25;110;nan;0.0;0.0;273.0;0.0;273.0;0;4
25;111;nan;0.0;0.0;273.0;0.0;273.0;0;4
25;112;nan;0.0;0.0;273.0;0.0;273.0;0;4
25;113;nan;0.0;0.0;273.0;0.0;273.0;0;4
25;114;nan;0.0;0.0;273.0;0.0;273.0;0;4
25;115;nan;0.0;0.0;273.0;0.0;273.0;0;4
25;116;nan;0.0;0.0;273.0;0.0;273.0;0;4
25;117;nan;0.0;0.0;273.0;0.0;273.0;0;4
25;118;nan;0.0;0.0;273.0;0.0;273.0;0;4
25;119;nan;0.0;0.0;273.0;0.0;273.0;0;4
25;120;nan;0.0;0.0;273.0;0.0;273.0;0;4
25;121;nan;0.0;0.0;273.0;0.0;273.0;0;4
25;122;nan;0.0;0.0;273.0;0.0;273.0;0;4
25;123;nan;0.0;0.0;273.0;0.0;273.0;0;4
25;124;nan;0.0;0.0;273.0;0.0;273.0;0;4
25;125;nan;0.0;0.0;273.0;0.0;273.0;0;4
25;126;nan;0.0;0.0;273.0;0.0;273.0;0;4
25;127;nan;0.0;0.0;273.0;0.0;273.0;0;4
25;128;nan;0.0;0.0;273.0;0.0;273.0;0;4
25;129;nan;0.0;0.0;273.0;0.0;273.0;0;4
25;130;nan;0.0;0.0;273.0;0.0;273.0;0;4
25;131;nan;0.0;0.0;273.0;0.0;273.0;0;4
25;132;nan;0.0;0.0;273.0;0.0;273.0;0;4
25;133;nan;0.0;0.0;273.0;0.0;273.0;0;4
25;134;nan;0.0;0.0;273.0;0.0;273.0;0;4
25;135;nan;0.0;0.0;273.0;0.0;273.0;0;4
25;136;nan;0.0;0.0;273.0;0.0;273.0;0;4
25;137;nan;0.0;0.0;273.0;0.0;273.0;0;4
25;138;nan;0.0;0.0;273.0;0.0;273.0;0;4
25;139;nan;0.0;0.0;273.0;0.0;273.0;0;4
25;140;nan;0.0;0.0;273.0;0.0;273.0;0;4
25;141;nan;0.0;0.0;273.0;0.0;273.0;0;4
25;142;nan;0.0;0.0;273.0;0.0;273.0;0;4
25;143;nan;0.0;0.0;273.0;0.0;273.0;0;4
25;144;nan;0.0;0.0;273.0;0.0;273.0;0;4
25;145;nan;0.0;0.0;273.0;0.0;273.0;0;4
25;146;nan;0.0;0.0;273.0;0.0;273.0;0;4
25;147;nan;0.0;0.0;273.0;0.0;273.0;0;4
25;148;10.6;33.5;100.0;295.1;0.1;273.0;0;4
25;149;8.6;40.8;121.0;295.4;0.1;273.0;0;4
26;0;6.1;78.0;177.0;410.9;0.2;286.0;1;1
26;1;6.9;68.8;173.0;403.3;0.2;286.0;0;1
26;2;5.9;79.5;199.0;406.6;0.2;281.0;1;2
26;3;6.9;64.2;170.0;379.1;0.2;277.0;1;3
26;4;6.6;69.0;171.0;390.6;0.2;277.0;0;3
26;5;6.2;74.8;178.0;400.0;0.2;277.0;0;3
26;6;6.4;71.4;172.0;390.7;0.2;276.0;1;4
26;7;6.9;65.7;163.0;385.4;0.2;276.0;0;4
26;8;7.3;62.1;151.0;382.3;0.2;276.0;0;4
26;9;7.0;64.5;155.0;382.1;0.2;276.0;0;4
26;10;8.1;54.3;131.0;368.9;0.1;276.0;0;4
26;11;7.1;62.4;155.0;376.6;0.2;274.0;1;5
26;12;7.6;57.1;150.0;367.7;0.2;273.0;1;6
26;13;9.5;44.4;107.0;351.1;0.1;273.0;0;6
26;14;8.5;51.1;133.0;363.9;0.1;273.0;0;6
26;15;8.8;48.0;124.0;353.3;0.1;273.0;0;6
26;16;8.8;48.4;121.0;355.3;0.1;273.0;0;6
26;17;12.0;34.1;84.0;336.1;0.1;273.0;0;6
26;18;13.7;28.7;77.0;322.3;0.1;271.0;1;7
26;19;11.0;36.6;91.0;334.3;0.1;271.0;0;7
26;20;11.2;33.7;80.0;313.3;0.1;271.0;0;7
26;21;11.4;33.0;78.0;312.0;0.1;271.0;0;7
26;22;14.3;26.0;65.0;303.9;0.1;271.0;0;7
26;23;18.4;20.2;46.0;300.9;0.1;271.0;0;7
26;24;16.8;22.3;54.0;303.6;0.1;271.0;0;7
26;25;16.7;22.3;52.0;301.0;0.1;271.0;0;7
26;26;20.5;18.2;42.0;301.9;0.1;271.0;0;7
26;27;32.1;11.3;32.0;289.9;0.0;271.0;0;7
26;28;20.3;18.0;42.0;295.3;0.1;271.0;0;7
26;29;27.3;13.2;40.0;288.0;0.0;271.0;0;7
26;30;72.5;4.9;13.0;280.7;0.0;271.0;0;7
26;31;100.0;1.3;3.0;277.4;0.0;271.0;0;7
26;32;100.0;1.3;3.0;277.0;0.0;271.0;0;7
26;33;nan;0.0;0.0;276.0;0.0;271.0;0;7
26;34;nan;0.0;0.0;276.0;0.0;271.0;0;7
26;35;nan;0.0;0.0;276.0;0.0;271.0;0;7
26;36;nan;0.0;0.0;276.0;0.0;271.0;0;7
26;37;nan;0.0;0.0;276.0;0.0;271.0;0;7
26;38;nan;0.0;0.0;276.0;0.0;271.0;0;7
26;39;nan;0.0;0.0;276.0;0.0;271.0;0;7
26;40;100.0;1.4;4.0;275.4;0.0;271.0;0;7
26;41;nan;0.0;0.0;276.0;0.0;271.0;0;7
26;42;nan;0.0;0.0;276.0;0.0;271.0;0;7
26;43;nan;0.0;0.0;276.0;0.0;271.0;0;7
26;44;nan;0.0;0.0;276.0;0.0;271.0;0;7
26;45;nan;0.0;0.0;276.0;0.0;271.0;0;7
26;46;nan;0.0;0.0;276.0;0.0;271.0;0;7
26;47;nan;0.0;0.0;276.0;0.0;271.0;0;7
26;48;100.0;1.0;3.0;275.6;0.0;271.0;0;7
26;49;nan;0.0;0.0;276.0;0.0;271.0;0;7
26;50;nan;0.0;0.0;276.0;0.0;271.0;0;7
26;51;nan;0.0;0.0;276.0;0.0;271.0;0;7
26;52;nan;0.0;0.0;276.0;0.0;271.0;0;7
26;53;nan;0.0;0.0;276.0;0.0;271.0;0;7
26;54;nan;0.0;0.0;276.0;0.0;271.0;0;7
26;55;nan;0.0;0.0;276.0;0.0;271.0;0;7
26;56;nan;0.0;0.0;276.0;0.0;271.0;0;7
26;57;nan;0.0;0.0;276.0;0.0;271.0;0;7
26;58;nan;0.0;0.0;276.0;0.0;271.0;0;7
26;59;nan;0.0;0.0;276.0;0.0;271.0;0;7
26;60;nan;0.0;0.0;276.0;0.0;271.0;0;7
26;61;nan;0.0;0.0;276.0;0.0;271.0;0;7
26;62;nan;0.0;0.0;276.0;0.0;271.0;0;7
26;63;nan;0.0;0.0;276.0;0.0;271.0;0;7
26;64;8.6;43.9;99.0;316.0;0.1;271.0;0;7
26;65;8.7;43.1;94.0;314.7;0.1;271.0;0;7
26;66;9.9;37.4;83.0;307.0;0.1;271.0;0;7
26;67;14.5;25.7;62.0;303.7;0.1;271.0;0;7
26;68;12.9;28.7;62.0;303.0;0.1;271.0;0;7
26;69;43.9;8.1;20.0;282.9;0.0;271.0;0;7
26;70;33.1;10.8;26.0;285.9;0.0;271.0;0;7
26;71;nan;0.0;0.0;276.0;0.0;271.0;0;7
26;72;nan;0.0;0.0;276.0;0.0;271.0;0;7
26;73;nan;0.0;0.0;276.0;0.0;271.0;0;7
26;74;nan;0.0;0.0;276.0;0.0;271.0;0;7
26;75;nan;0.0;0.0;276.0;0.0;271.0;0;7
26;76;nan;0.0;0.0;276.0;0.0;271.0;0;7
26;77;nan;0.0;0.0;276.0;0.0;271.0;0;7
26;78;100.0;2.3;5.0;274.6;0.0;271.0;0;7
26;79;nan;0.0;0.0;276.0;0.0;271.0;0;7
26;80;nan;0.0;0.0;276.0;0.0;271.0;0;7
26;81;nan;0.0;0.0;276.0;0.0;271.0;0;7
26;82;nan;0.0;0.0;276.0;0.0;271.0;0;7
26;83;nan;0.0;0.0;276.0;0.0;271.0;0;7
26;84;nan;0.0;0.0;276.0;0.0;271.0;0;7
26;85;nan;0.0;0.0;276.0;0.0;271.0;0;7
26;86;nan;0.0;0.0;276.0;0.0;271.0;0;7
26;87;nan;0.0;0.0;276.0;0.0;271.0;0;7
26;88;nan;0.0;0.0;276.0;0.0;271.0;0;7
26;89;nan;0.0;0.0;276.0;0.0;271.0;0;7
26;90;nan;0.0;0.0;276.0;0.0;271.0;0;7
26;91;nan;0.0;0.0;276.0;0.0;271.0;0;7
26;92;nan;0.0;0.0;276.0;0.0;271.0;0;7
26;93;nan;0.0;0.0;276.0;0.0;271.0;0;7
26;94;nan;0.0;0.0;276.0;0.0;271.0;0;7
26;95;nan;0.0;0.0;276.0;0.0;271.0;0;7
26;96;nan;0.0;0.0;276.0;0.0;271.0;0;7
26;97;nan;0.0;0.0;276.0;0.0;271.0;0;7
26;98;nan;0.0;0.0;276.0;0.0;271.0;0;7
26;99;nan;0.0;0.0;276.0;0.0;271.0;0;7
26;100;nan;0.0;0.0;276.0;0.0;271.0;0;7
26;101;nan;0.0;0.0;276.0;0.0;271.0;0;7
26;102;nan;0.0;0.0;276.0;0.0;271.0;0;7
26;103;nan;0.0;0.0;276.0;0.0;271.0;0;7
26;104;nan;0.0;0.0;276.0;0.0;271.0;0;7
26;105;nan;0.0;0.0;276.0;0.0;271.0;0;7
26;106;nan;0.0;0.0;276.0;0.0;271.0;0;7
26;107;nan;0.0;0.0;276.0;0.0;271.0;0;7
26;108;100.0;1.0;3.0;275.6;0.0;271.0;0;7
26;109;10.5;34.6;86.0;301.6;0.1;271.0;0;7
26;110;10.0;36.3;83.0;301.1;0.1;271.0;0;7
26;111;9.5;38.2;95.0;301.0;0.1;271.0;0;7
26;112;23.6;15.1;38.0;286.0;0.1;271.0;0;7
26;113;nan;0.0;0.0;276.0;0.0;271.0;0;7
26;114;nan;0.0;0.0;276.0;0.0;271.0;0;7
26;115;nan;0.0;0.0;276.0;0.0;271.0;0;7
26;116;nan;0.0;0.0;276.0;0.0;271.0;0;7
26;117;nan;0.0;0.0;276.0;0.0;271.0;0;7
26;118;nan;0.0;0.0;276.0;0.0;271.0;0;7
26;119;nan;0.0;0.0;276.0;0.0;271.0;0;7
26;120;nan;0.0;0.0;276.0;0.0;271.0;0;7
26;121;nan;0.0;0.0;276.0;0.0;271.0;0;7
26;122;nan;0.0;0.0;276.0;0.0;271.0;0;7
26;123;nan;0.0;0.0;276.0;0.0;271.0;0;7
26;124;nan;0.0;0.0;276.0;0.0;271.0;0;7
26;125;nan;0.0;0.0;276.0;0.0;271.0;0;7
26;126;nan;0.0;0.0;276.0;0.0;271.0;0;7
26;127;nan;0.0;0.0;276.0;0.0;271.0;0;7
26;128;nan;0.0;0.0;276.0;0.0;271.0;0;7
26;129;nan;0.0;0.0;276.0;0.0;271.0;0;7
26;130;nan;0.0;0.0;276.0;0.0;271.0;0;7
26;131;nan;0.0;0.0;276.0;0.0;271.0;0;7
26;132;nan;0.0;0.0;276.0;0.0;271.0;0;7
26;133;nan;0.0;0.0;276.0;0.0;271.0;0;7
26;134;nan;0.0;0.0;276.0;0.0;271.0;0;7
26;135;100.0;1.4;4.0;275.4;0.0;271.0;0;7
26;136;nan;0.0;0.0;276.0;0.0;271.0;0;7
26;137;nan;0.0;0.0;276.0;0.0;271.0;0;7
26;138;nan;0.0;0.0;276.0;0.0;271.0;0;7
26;139;nan;0.0;0.0;276.0;0.0;271.0;0;7
26;140;nan;0.0;0.0;276.0;0.0;271.0;0;7
26;141;100.0;1.4;4.0;275.4;0.0;271.0;0;7
26;142;nan;0.0;0.0;276.0;0.0;271.0;0;7
26;143;nan;0.0;0.0;276.0;0.0;271.0;0;7
26;144;nan;0.0;0.0;276.0;0.0;271.0;0;7
26;145;nan;0.0;0.0;276.0;0.0;271.0;0;7
26;146;nan;0.0;0.0;276.0;0.0;271.0;0;7
26;147;nan;0.0;0.0;276.0;0.0;271.0;0;7
26;148;nan;0.0;0.0;276.0;0.0;271.0;0;7
26;149;nan;0.0;0.0;276.0;0.0;271.0;0;7
27;0;6.3;74.0;181.0;400.6;0.2;283.0;1;1
27;1;6.3;73.4;170.0;395.9;0.2;280.0;1;2
27;2;6.4;71.4;172.0;391.9;0.2;276.0;1;3
27;3;6.2;75.1;171.0;400.7;0.2;276.0;0;3
27;4;6.5;71.1;166.0;394.4;0.2;276.0;0;3
27;5;6.9;65.5;154.0;384.3;0.2;276.0;0;3
27;6;7.1;64.1;153.0;384.7;0.2;276.0;0;3
27;7;7.2;60.8;148.0;373.1;0.2;275.0;1;4
27;8;7.7;56.4;145.0;367.9;0.2;275.0;0;4
27;9;8.3;52.2;129.0;364.4;0.1;275.0;0;4
27;10;8.0;54.2;137.0;364.7;0.1;275.0;0;4
27;11;7.3;60.7;148.0;375.3;0.2;275.0;0;4
27;12;8.3;52.2;125.0;365.1;0.1;275.0;0;4
27;13;8.3;50.9;124.0;357.1;0.1;274.0;1;5
27;14;10.5;39.4;96.0;344.6;0.1;274.0;0;5
27;15;9.7;44.1;106.0;354.9;0.1;274.0;0;5
27;16;10.8;37.4;103.0;333.9;0.1;274.0;0;5
27;17;15.5;25.1;68.0;317.7;0.1;274.0;0;5
27;18;11.7;34.8;87.0;334.7;0.1;274.0;0;5
27;19;15.2;26.0;64.0;322.3;0.1;274.0;0;5
27;20;14.7;25.7;68.0;308.6;0.1;274.0;0;5
27;21;12.7;29.7;67.0;310.7;0.1;274.0;0;5
27;22;13.2;28.7;70.0;311.4;0.1;274.0;0;5
27;23;23.5;15.6;44.0;293.3;0.1;274.0;0;5
27;24;31.8;11.4;33.0;289.0;0.0;274.0;0;5
27;25;51.4;7.1;18.0;287.3;0.0;274.0;0;5
27;26;82.6;4.4;11.0;285.1;0.0;274.0;0;5
27;27;90.5;4.0;9.0;283.7;0.0;274.0;0;5
27;28;nan;0.0;0.0;281.0;0.0;274.0;0;5
27;29;nan;0.0;0.0;281.0;0.0;274.0;0;5
27;30;nan;0.0;0.0;281.0;0.0;274.0;0;5
27;31;nan;0.0;0.0;281.0;0.0;274.0;0;5
27;32;nan;0.0;0.0;281.0;0.0;274.0;0;5
27;33;nan;0.0;0.0;281.0;0.0;274.0;0;5
27;34;nan;0.0;0.0;281.0;0.0;274.0;0;5
27;35;nan;0.0;0.0;281.0;0.0;274.0;0;5
27;36;nan;0.0;0.0;281.0;0.0;274.0;0;5
27;37;nan;0.0;0.0;281.0;0.0;274.0;0;5
27;38;nan;0.0;0.0;281.0;0.0;274.0;0;5
27;39;nan;0.0;0.0;281.0;0.0;274.0;0;5
27;40;nan;0.0;0.0;281.0;0.0;274.0;0;5
27;41;nan;0.0;0.0;281.0;0.0;274.0;0;5
27;42;nan;0.0;0.0;281.0;0.0;274.0;0;5
27;43;nan;0.0;0.0;281.0;0.0;274.0;0;5
27;44;nan;0.0;0.0;281.0;0.0;274.0;0;5
27;45;nan;0.0;0.0;281.0;0.0;274.0;0;5
27;46;nan;0.0;0.0;281.0;0.0;274.0;0;5
27;47;nan;0.0;0.0;281.0;0.0;274.0;0;5
27;48;nan;0.0;0.0;281.0;0.0;274.0;0;5
27;49;nan;0.0;0.0;281.0;0.0;274.0;0;5
27;50;nan;0.0;0.0;281.0;0.0;274.0;0;5
27;51;nan;0.0;0.0;281.0;0.0;274.0;0;5
27;52;nan;0.0;0.0;281.0;0.0;274.0;0;5
27;53;nan;0.0;0.0;281.0;0.0;274.0;0;5
27;54;nan;0.0;0.0;281.0;0.0;274.0;0;5
27;55;nan;0.0;0.0;281.0;0.0;274.0;0;5
27;56;nan;0.0;0.0;281.0;0.0;274.0;0;5
27;57;nan;0.0;0.0;281.0;0.0;274.0;0;5
27;58;nan;0.0;0.0;281.0;0.0;274.0;0;5
27;59;6.1;63.8;141.0;335.1;0.2;274.0;0;5
27;60;8.3;45.7;100.0;320.4;0.1;274.0;0;5
27;61;7.0;55.0;116.0;326.6;0.2;274.0;0;5
27;62;10.0;37.6;81.0;312.0;0.1;274.0;0;5
27;63;13.5;27.8;61.0;307.1;0.1;274.0;0;5
27;64;12.2;30.5;67.0;306.6;0.1;274.0;0;5
27;65;9.8;38.2;83.0;311.3;0.1;274.0;0;5
27;66;19.0;19.2;42.0;295.9;0.1;274.0;0;5
27;67;72.8;4.9;11.0;283.1;0.0;274.0;0;5
27;68;100.0;3.1;7.0;282.6;0.0;274.0;0;5
27;69;100.0;3.5;7.0;282.0;0.0;274.0;0;5
27;70;100.0;2.4;6.0;281.0;0.0;274.0;0;5
27;71;79.5;4.5;13.0;281.6;0.0;273.0;1;6
27;72;100.0;2.5;6.0;282.9;0.0;273.0;0;6
27;73;100.0;3.4;8.0;282.1;0.0;273.0;0;6
27;74;100.0;2.5;5.0;283.1;0.0;273.0;0;6
27;75;100.0;3.3;7.0;282.3;0.0;273.0;0;6
27;76;100.0;3.3;7.0;282.3;0.0;273.0;0;6
27;77;100.0;3.1;7.0;282.6;0.0;273.0;0;6
27;78;100.0;2.8;7.0;282.9;0.0;273.0;0;6
27;79;100.0;3.5;7.0;282.0;0.0;273.0;0;6
27;80;78.4;4.6;13.0;281.4;0.0;273.0;0;6
27;81;100.0;3.3;7.0;282.3;0.0;273.0;0;6
27;82;100.0;3.5;7.0;282.0;0.0;273.0;0;6
27;83;100.0;3.5;7.0;282.0;0.0;273.0;0;6
27;84;nan;0.0;0.0;279.0;0.0;273.0;0;6
27;85;100.0;0.3;1.0;278.9;0.0;273.0;0;6
27;86;nan;0.0;0.0;279.0;0.0;273.0;0;6
27;87;nan;0.0;0.0;279.0;0.0;273.0;0;6
27;88;nan;0.0;0.0;279.0;0.0;273.0;0;6
27;89;nan;0.0;0.0;279.0;0.0;273.0;0;6
27;90;nan;0.0;0.0;279.0;0.0;273.0;0;6
27;91;nan;0.0;0.0;279.0;0.0;273.0;0;6
27;92;nan;0.0;0.0;279.0;0.0;273.0;0;6
27;93;nan;0.0;0.0;279.0;0.0;273.0;0;6
27;94;nan;0.0;0.0;279.0;0.0;273.0;0;6
27;95;nan;0.0;0.0;279.0;0.0;273.0;0;6
27;96;nan;0.0;0.0;279.0;0.0;273.0;0;6
27;97;nan;0.0;0.0;279.0;0.0;273.0;0;6
27;98;nan;0.0;0.0;279.0;0.0;273.0;0;6
27;99;nan;0.0;0.0;279.0;0.0;273.0;0;6
27;100;nan;0.0;0.0;279.0;0.0;273.0;0;6
27;101;100.0;0.7;2.0;278.7;0.0;273.0;0;6
27;102;nan;0.0;0.0;279.0;0.0;273.0;0;6
27;103;nan;0.0;0.0;279.0;0.0;273.0;0;6
27;104;nan;0.0;0.0;279.0;0.0;273.0;0;6
27;105;nan;0.0;0.0;279.0;0.0;273.0;0;6
27;106;nan;0.0;0.0;279.0;0.0;273.0;0;6
27;107;nan;0.0;0.0;279.0;0.0;273.0;0;6
27;108;nan;0.0;0.0;279.0;0.0;273.0;0;6
27;109;nan;0.0;0.0;279.0;0.0;273.0;0;6
27;110;nan;0.0;0.0;279.0;0.0;273.0;0;6
27;111;nan;0.0;0.0;279.0;0.0;273.0;0;6
27;112;nan;0.0;0.0;279.0;0.0;273.0;0;6
27;113;nan;0.0;0.0;279.0;0.0;273.0;0;6
27;114;nan;0.0;0.0;279.0;0.0;273.0;0;6
27;115;nan;0.0;0.0;279.0;0.0;273.0;0;6
27;116;nan;0.0;0.0;279.0;0.0;273.0;0;6
27;117;7.8;46.6;108.0;308.4;0.2;273.0;0;6
27;118;10.0;36.4;89.0;302.6;0.1;273.0;0;6
27;119;9.5;38.4;100.0;303.0;0.1;273.0;0;6
27;120;8.8;41.6;96.0;304.9;0.1;273.0;0;6
27;121;11.0;32.8;79.0;299.1;0.1;273.0;0;6
27;122;12.3;29.6;75.0;298.6;0.1;273.0;0;6
27;123;86.2;4.1;9.0;275.6;0.0;273.0;0;6
27;124;nan;0.0;0.0;273.0;0.0;273.0;0;6
27;125;nan;0.0;0.0;273.0;0.0;273.0;0;6
27;126;nan;0.0;0.0;273.0;0.0;273.0;0;6
27;127;nan;0.0;0.0;273.0;0.0;273.0;0;6
27;128;nan;0.0;0.0;273.0;0.0;273.0;0;6
27;129;nan;0.0;0.0;273.0;0.0;273.0;0;6
27;130;nan;0.0;0.0;273.0;0.0;273.0;0;6
27;131;nan;0.0;0.0;273.0;0.0;273.0;0;6
27;132;nan;0.0;0.0;273.0;0.0;273.0;0;6
27;133;nan;0.0;0.0;273.0;0.0;273.0;0;6
27;134;nan;0.0;0.0;273.0;0.0;273.0;0;6
27;135;nan;0.0;0.0;273.0;0.0;273.0;0;6
27;136;nan;0.0;0.0;273.0;0.0;273.0;0;6
27;137;nan;0.0;0.0;273.0;0.0;273.0;0;6
27;138;nan;0.0;0.0;273.0;0.0;273.0;0;6
27;139;nan;0.0;0.0;273.0;0.0;273.0;0;6
27;140;nan;0.0;0.0;273.0;0.0;273.0;0;6
27;141;nan;0.0;0.0;273.0;0.0;273.0;0;6
27;142;nan;0.0;0.0;273.0;0.0;273.0;0;6
27;143;nan;0.0;0.0;273.0;0.0;273.0;0;6
27;144;nan;0.0;0.0;273.0;0.0;273.0;0;6
27;145;nan;0.0;0.0;273.0;0.0;273.0;0;6
27;146;nan;0.0;0.0;273.0;0.0;273.0;0;6
27;147;nan;0.0;0.0;273.0;0.0;273.0;0;6
27;148;nan;0.0;0.0;273.0;0.0;273.0;0;6
27;149;nan;0.0;0.0;273.0;0.0;273.0;0;6
28;0;7.3;61.1;151.0;376.1;0.2;280.0;1;1
28;1;6.1;78.0;189.0;409.6;0.2;280.0;0;1
28;2;6.5;70.1;175.0;387.0;0.2;271.0;1;2
28;3;6.7;68.8;171.0;390.6;0.2;271.0;0;2
28;4;6.0;78.8;188.0;406.9;0.2;271.0;0;2
28;5;6.2;75.9;179.0;400.7;0.2;271.0;0;2
28;6;6.7;69.1;163.0;393.0;0.2;271.0;0;2
28;7;6.9;65.9;154.0;385.4;0.2;271.0;0;2
28;8;7.3;61.0;150.0;377.9;0.2;271.0;0;2
28;9;7.1;64.3;155.0;387.0;0.2;271.0;0;2
28;10;6.6;71.1;160.0;398.9;0.2;271.0;0;2
28;11;7.0;64.6;147.0;384.6;0.2;271.0;0;2
28;12;8.8;48.2;133.0;355.4;0.1;271.0;0;2
28;13;8.0;54.0;141.0;362.9;0.1;271.0;0;2
28;14;9.9;41.8;109.0;344.1;0.1;271.0;0;2
28;15;7.7;56.0;144.0;363.0;0.2;271.0;0;2
28;16;8.2;53.0;130.0;364.6;0.1;271.0;0;2
28;17;11.5;35.2;91.0;332.9;0.1;271.0;0;2
28;18;10.9;38.1;95.0;342.1;0.1;271.0;0;2
28;19;14.6;27.0;73.0;322.0;0.1;271.0;0;2
28;20;15.0;24.9;62.0;304.3;0.1;271.0;0;2
28;21;10.7;35.8;79.0;316.6;0.1;271.0;0;2
28;22;11.5;33.5;73.0;318.6;0.1;271.0;0;2
28;23;15.6;23.8;67.0;302.6;0.1;271.0;0;2
28;24;16.5;22.8;54.0;306.0;0.1;271.0;0;2
28;25;22.7;16.2;40.0;295.0;0.1;271.0;0;2
28;26;31.6;11.5;28.0;289.7;0.0;271.0;0;2
28;27;51.5;7.0;18.0;283.3;0.0;271.0;0;2
28;28;57.7;6.2;18.0;281.6;0.0;271.0;0;2
28;29;59.9;6.0;13.0;283.9;0.0;271.0;0;2
28;30;73.1;4.9;10.0;284.7;0.0;271.0;0;2
28;31;67.7;5.3;12.0;283.6;0.0;271.0;0;2
28;32;50.4;7.1;18.0;283.1;0.0;271.0;0;2
28;33;78.7;4.6;10.0;284.6;0.0;271.0;0;2
28;34;77.8;4.6;10.0;284.1;0.0;271.0;0;2
28;35;59.9;6.0;13.0;283.9;0.0;271.0;0;2
28;36;59.9;6.0;13.0;283.9;0.0;271.0;0;2
28;37;65.3;5.5;13.0;284.3;0.0;271.0;0;2
28;38;59.9;6.0;13.0;283.9;0.0;271.0;0;2
28;39;55.8;6.4;13.0;283.4;0.0;271.0;0;2
28;40;55.8;6.4;13.0;283.4;0.0;271.0;0;2
28;41;59.9;6.0;13.0;283.9;0.0;271.0;0;2
28;42;54.8;6.5;17.0;281.6;0.0;271.0;0;2
28;43;100.0;3.1;9.0;277.3;0.0;271.0;0;2
28;44;nan;0.0;0.0;276.0;0.0;271.0;0;2
28;45;nan;0.0;0.0;276.0;0.0;271.0;0;2
28;46;nan;0.0;0.0;276.0;0.0;271.0;0;2
28;47;nan;0.0;0.0;276.0;0.0;271.0;0;2
28;48;8.1;49.5;111.0;339.0;0.1;271.0;0;2
28;49;9.2;42.7;98.0;329.0;0.1;271.0;0;2
28;50;9.4;42.4;100.0;333.1;0.1;271.0;0;2
28;51;8.7;45.9;108.0;335.1;0.1;271.0;0;2
28;52;10.8;36.0;101.0;321.9;0.1;271.0;0;2
28;53;14.5;25.7;61.0;304.7;0.1;271.0;0;2
28;54;9.3;41.9;101.0;326.4;0.1;271.0;0;2
28;55;12.8;29.0;66.0;304.1;0.1;271.0;0;2
28;56;14.8;24.7;60.0;299.4;0.1;271.0;0;2
28;57;21.8;16.6;41.0;291.6;0.1;271.0;0;2
28;58;20.9;17.4;37.0;292.0;0.1;271.0;0;2
28;59;100.0;1.9;5.0;277.6;0.0;271.0;0;2
28;60;100.0;1.5;4.0;277.7;0.0;271.0;0;2
28;61;40.4;8.9;25.0;283.7;0.0;271.0;0;2
28;62;56.8;6.3;16.0;280.4;0.0;271.0;0;2
28;63;80.7;4.4;13.0;279.3;0.0;271.0;0;2
28;64;100.0;1.6;4.0;278.1;0.0;271.0;0;2
28;65;100.0;1.4;3.0;276.9;0.0;271.0;0;2
28;66;nan;0.0;0.0;276.0;0.0;271.0;0;2
28;67;nan;0.0;0.0;276.0;0.0;271.0;0;2
28;68;nan;0.0;0.0;276.0;0.0;271.0;0;2
28;69;nan;0.0;0.0;276.0;0.0;271.0;0;2
28;70;nan;0.0;0.0;276.0;0.0;271.0;0;2
28;71;nan;0.0;0.0;276.0;0.0;271.0;0;2
28;72;nan;0.0;0.0;276.0;0.0;271.0;0;2
28;73;nan;0.0;0.0;276.0;0.0;271.0;0;2
28;74;nan;0.0;0.0;276.0;0.0;271.0;0;2
28;75;nan;0.0;0.0;276.0;0.0;271.0;0;2
28;76;nan;0.0;0.0;276.0;0.0;271.0;0;2
28;77;nan;0.0;0.0;276.0;0.0;271.0;0;2
28;78;nan;0.0;0.0;276.0;0.0;271.0;0;2
28;79;nan;0.0;0.0;276.0;0.0;271.0;0;2
28;80;nan;0.0;0.0;276.0;0.0;271.0;0;2
28;81;nan;0.0;0.0;276.0;0.0;271.0;0;2
28;82;nan;0.0;0.0;276.0;0.0;271.0;0;2
28;83;nan;0.0;0.0;276.0;0.0;271.0;0;2
28;84;nan;0.0;0.0;276.0;0.0;271.0;0;2
28;85;nan;0.0;0.0;276.0;0.0;271.0;0;2
28;86;nan;0.0;0.0;276.0;0.0;271.0;0;2
28;87;nan;0.0;0.0;276.0;0.0;271.0;0;2
28;88;nan;0.0;0.0;276.0;0.0;271.0;0;2
28;89;nan;0.0;0.0;276.0;0.0;271.0;0;2
28;90;nan;0.0;0.0;276.0;0.0;271.0;0;2
28;91;nan;0.0;0.0;276.0;0.0;271.0;0;2
28;92;nan;0.0;0.0;276.0;0.0;271.0;0;2
28;93;10.5;35.7;76.0;310.9;0.1;271.0;0;2
28;94;11.5;32.5;84.0;308.0;0.1;271.0;0;2
28;95;12.5;28.8;71.0;296.9;0.1;271.0;0;2
28;96;16.2;22.3;56.0;292.1;0.1;271.0;0;2
28;97;17.1;20.9;52.0;289.7;0.1;271.0;0;2
28;98;14.2;25.2;64.0;293.1;0.1;271.0;0;2
28;99;30.6;11.6;28.0;283.6;0.0;271.0;0;2
28;100;55.3;6.4;16.0;280.0;0.0;271.0;0;2
28;101;15.3;23.6;59.0;294.0;0.1;271.0;0;2
28;102;16.5;21.8;52.0;292.1;0.1;271.0;0;2
28;103;13.8;25.8;68.0;292.3;0.1;271.0;0;2
28;104;60.5;5.9;18.0;279.4;0.0;271.0;0;2
28;105;100.0;3.3;11.0;276.3;0.0;271.0;0;2
28;106;100.0;0.7;2.0;272.4;0.0;271.0;0;2
28;107;nan;0.0;0.0;272.0;0.0;271.0;0;2
28;108;nan;0.0;0.0;272.0;0.0;271.0;0;2
28;109;nan;0.0;0.0;272.0;0.0;271.0;0;2
28;110;nan;0.0;0.0;272.0;0.0;271.0;0;2
28;111;nan;0.0;0.0;272.0;0.0;271.0;0;2
28;112;nan;0.0;0.0;272.0;0.0;271.0;0;2
28;113;nan;0.0;0.0;272.0;0.0;271.0;0;2
28;114;nan;0.0;0.0;272.0;0.0;271.0;0;2
28;115;nan;0.0;0.0;272.0;0.0;271.0;0;2
28;116;nan;0.0;0.0;272.0;0.0;271.0;0;2
28;117;nan;0.0;0.0;272.0;0.0;271.0;0;2
28;118;nan;0.0;0.0;272.0;0.0;271.0;0;2
28;119;nan;0.0;0.0;272.0;0.0;271.0;0;2
28;120;nan;0.0;0.0;272.0;0.0;271.0;0;2
28;121;nan;0.0;0.0;272.0;0.0;271.0;0;2
28;122;nan;0.0;0.0;272.0;0.0;271.0;0;2
28;123;nan;0.0;0.0;272.0;0.0;271.0;0;2
28;124;nan;0.0;0.0;272.0;0.0;271.0;0;2
28;125;nan;0.0;0.0;272.0;0.0;271.0;0;2
28;126;nan;0.0;0.0;272.0;0.0;271.0;0;2
28;127;nan;0.0;0.0;272.0;0.0;271.0;0;2
28;128;nan;0.0;0.0;272.0;0.0;271.0;0;2
28;129;nan;0.0;0.0;272.0;0.0;271.0;0;2
28;130;nan;0.0;0.0;272.0;0.0;271.0;0;2
28;131;nan;0.0;0.0;272.0;0.0;271.0;0;2
28;132;nan;0.0;0.0;272.0;0.0;271.0;0;2
28;133;nan;0.0;0.0;272.0;0.0;271.0;0;2
28;134;nan;0.0;0.0;272.0;0.0;271.0;0;2
28;135;nan;0.0;0.0;272.0;0.0;271.0;0;2
28;136;nan;0.0;0.0;272.0;0.0;271.0;0;2
28;137;nan;0.0;0.0;272.0;0.0;271.0;0;2
28;138;100.0;1.7;5.0;272.7;0.0;271.0;0;2
28;139;nan;0.0;0.0;272.0;0.0;271.0;0;2
28;140;nan;0.0;0.0;272.0;0.0;271.0;0;2
28;141;nan;0.0;0.0;272.0;0.0;271.0;0;2
28;142;nan;0.0;0.0;272.0;0.0;271.0;0;2
28;143;nan;0.0;0.0;272.0;0.0;271.0;0;2
28;144;nan;0.0;0.0;272.0;0.0;271.0;0;2
28;145;nan;0.0;0.0;272.0;0.0;271.0;0;2
28;146;nan;0.0;0.0;272.0;0.0;271.0;0;2
28;147;nan;0.0;0.0;272.0;0.0;271.0;0;2
28;148;nan;0.0;0.0;272.0;0.0;271.0;0;2
28;149;nan;0.0;0.0;272.0;0.0;271.0;0;2
29;0;6.5;71.0;168.0;391.7;0.2;279.0;1;1
29;1;5.8;83.2;195.0;414.9;0.2;279.0;0;1
29;2;6.7;67.6;168.0;386.1;0.2;272.0;1;2
29;3;6.7;69.2;167.0;394.4;0.2;272.0;0;2
29;4;6.9;65.4;155.0;386.1;0.2;272.0;0;2
29;5;6.9;66.4;153.0;389.3;0.2;272.0;0;2
29;6;6.4;72.0;172.0;396.7;0.2;272.0;0;2
29;7;6.4;73.0;172.0;400.3;0.2;272.0;0;2
29;8;6.9;66.4;158.0;389.9;0.2;272.0;0;2
29;9;6.8;65.7;165.0;383.0;0.2;272.0;0;2
29;10;7.0;64.7;159.0;385.9;0.2;272.0;0;2
29;11;9.1;46.8;116.0;355.4;0.1;272.0;0;2
29;12;9.3;45.7;114.0;353.7;0.1;272.0;0;2
29;13;9.0;46.7;109.0;353.3;0.1;272.0;0;2
29;14;9.6;44.2;115.0;352.3;0.1;272.0;0;2
29;15;8.5;50.0;134.0;357.6;0.1;272.0;0;2
29;16;12.0;34.2;93.0;338.7;0.1;272.0;0;2
29;17;10.1;41.4;100.0;346.6;0.1;272.0;0;2
29;18;9.8;43.5;107.0;353.4;0.1;272.0;0;2
29;19;12.0;34.1;96.0;336.6;0.1;272.0;0;2
29;20;11.8;33.1;81.0;323.1;0.1;272.0;0;2
29;21;11.8;32.8;72.0;320.4;0.1;272.0;0;2
29;22;10.6;36.6;83.0;322.4;0.1;272.0;0;2
29;23;11.0;34.7;81.0;316.3;0.1;271.0;1;3
29;24;14.7;25.9;57.0;309.4;0.1;271.0;0;3
29;25;14.0;27.3;62.0;314.0;0.1;271.0;0;3
29;26;13.5;27.7;71.0;306.0;0.1;271.0;0;3
29;27;16.0;23.1;57.0;301.4;0.1;271.0;0;3
29;28;24.1;15.3;37.0;295.6;0.1;271.0;0;3
29;29;29.0;12.6;35.0;291.7;0.0;271.0;0;3
29;30;49.3;7.3;21.0;283.3;0.0;271.0;0;3
29;31;21.6;17.3;42.0;300.3;0.1;271.0;0;3
29;32;26.3;13.9;37.0;293.6;0.0;271.0;0;3
29;33;74.1;4.8;12.0;279.0;0.0;271.0;0;3
29;34;99.8;3.5;8.0;276.1;0.0;271.0;0;3
29;35;88.6;4.0;8.0;275.6;0.0;271.0;0;3
29;36;99.8;3.5;8.0;276.1;0.0;271.0;0;3
29;37;88.6;4.0;8.0;275.6;0.0;271.0;0;3
29;38;88.6;4.0;8.0;275.6;0.0;271.0;0;3
29;39;88.6;4.0;8.0;275.6;0.0;271.0;0;3
29;40;nan;0.0;0.0;271.0;0.0;271.0;0;3
29;41;88.6;4.0;8.0;275.6;0.0;271.0;0;3
29;42;nan;0.0;0.0;271.0;0.0;271.0;0;3
29;43;nan;0.0;0.0;271.0;0.0;271.0;0;3
29;44;nan;0.0;0.0;271.0;0.0;271.0;0;3
29;45;nan;0.0;0.0;271.0;0.0;271.0;0;3
29;46;nan;0.0;0.0;271.0;0.0;271.0;0;3
29;47;nan;0.0;0.0;271.0;0.0;271.0;0;3
29;48;nan;0.0;0.0;271.0;0.0;271.0;0;3
29;49;nan;0.0;0.0;271.0;0.0;271.0;0;3
29;50;nan;0.0;0.0;271.0;0.0;271.0;0;3
29;51;nan;0.0;0.0;271.0;0.0;271.0;0;3
29;52;nan;0.0;0.0;271.0;0.0;271.0;0;3
29;53;nan;0.0;0.0;271.0;0.0;271.0;0;3
29;54;nan;0.0;0.0;271.0;0.0;271.0;0;3
29;55;nan;0.0;0.0;271.0;0.0;271.0;0;3
29;56;nan;0.0;0.0;271.0;0.0;271.0;0;3
29;57;nan;0.0;0.0;271.0;0.0;271.0;0;3
29;58;nan;0.0;0.0;271.0;0.0;271.0;0;3
29;59;nan;0.0;0.0;271.0;0.0;271.0;0;3
29;60;nan;0.0;0.0;271.0;0.0;271.0;0;3
29;61;nan;0.0;0.0;271.0;0.0;271.0;0;3
29;62;nan;0.0;0.0;271.0;0.0;271.0;0;3
29;63;nan;0.0;0.0;271.0;0.0;271.0;0;3
29;64;nan;0.0;0.0;271.0;0.0;271.0;0;3
29;65;nan;0.0;0.0;271.0;0.0;271.0;0;3
29;66;nan;0.0;0.0;271.0;0.0;271.0;0;3
29;67;nan;0.0;0.0;271.0;0.0;271.0;0;3
29;68;nan;0.0;0.0;271.0;0.0;271.0;0;3
29;69;8.8;43.4;95.0;318.7;0.1;271.0;0;3
29;70;8.7;43.6;100.0;317.0;0.1;271.0;0;3
29;71;13.9;26.5;69.0;300.9;0.1;271.0;0;3
29;72;16.6;21.4;49.0;289.4;0.1;271.0;0;3
29;73;13.8;25.9;56.0;293.6;0.1;271.0;0;3
29;74;24.9;14.6;40.0;292.7;0.1;271.0;0;3
29;75;33.3;10.6;31.0;280.6;0.0;271.0;0;3
29;76;100.0;1.8;4.0;272.1;0.0;271.0;0;3
29;77;nan;0.0;0.0;271.0;0.0;271.0;0;3
29;78;nan;0.0;0.0;271.0;0.0;271.0;0;3
29;79;nan;0.0;0.0;271.0;0.0;271.0;0;3
29;80;nan;0.0;0.0;271.0;0.0;271.0;0;3
29;81;nan;0.0;0.0;271.0;0.0;271.0;0;3
29;82;nan;0.0;0.0;271.0;0.0;271.0;0;3
29;83;nan;0.0;0.0;271.0;0.0;271.0;0;3
29;84;nan;0.0;0.0;271.0;0.0;271.0;0;3
29;85;nan;0.0;0.0;271.0;0.0;271.0;0;3
29;86;nan;0.0;0.0;271.0;0.0;271.0;0;3
29;87;nan;0.0;0.0;271.0;0.0;271.0;0;3
29;88;nan;0.0;0.0;271.0;0.0;271.0;0;3
29;89;nan;0.0;0.0;271.0;0.0;271.0;0;3
29;90;nan;0.0;0.0;271.0;0.0;271.0;0;3
29;91;nan;0.0;0.0;271.0;0.0;271.0;0;3
29;92;nan;0.0;0.0;271.0;0.0;271.0;0;3
29;93;nan;0.0;0.0;271.0;0.0;271.0;0;3
29;94;nan;0.0;0.0;271.0;0.0;271.0;0;3
29;95;nan;0.0;0.0;271.0;0.0;271.0;0;3
29;96;nan;0.0;0.0;271.0;0.0;271.0;0;3
29;97;nan;0.0;0.0;271.0;0.0;271.0;0;3
29;98;nan;0.0;0.0;271.0;0.0;271.0;0;3
29;99;nan;0.0;0.0;271.0;0.0;271.0;0;3
29;100;nan;0.0;0.0;271.0;0.0;271.0;0;3
29;101;nan;0.0;0.0;271.0;0.0;271.0;0;3
29;102;nan;0.0;0.0;271.0;0.0;271.0;0;3
29;103;nan;0.0;0.0;271.0;0.0;271.0;0;3
29;104;nan;0.0;0.0;271.0;0.0;271.0;0;3
29;105;nan;0.0;0.0;271.0;0.0;271.0;0;3
29;106;nan;0.0;0.0;271.0;0.0;271.0;0;3
29;107;nan;0.0;0.0;271.0;0.0;271.0;0;3
29;108;nan;0.0;0.0;271.0;0.0;271.0;0;3
29;109;nan;0.0;0.0;271.0;0.0;271.0;0;3
29;110;nan;0.0;0.0;271.0;0.0;271.0;0;3
29;111;nan;0.0;0.0;271.0;0.0;271.0;0;3
29;112;nan;0.0;0.0;271.0;0.0;271.0;0;3
29;113;nan;0.0;0.0;271.0;0.0;271.0;0;3
29;114;13.6;26.8;63.0;297.9;0.1;271.0;0;3
29;115;21.1;17.0;45.0;288.7;0.1;271.0;0;3
29;116;10.5;34.8;87.0;302.7;0.1;271.0;0;3
29;117;26.8;13.2;32.0;282.7;0.0;271.0;0;3
29;118;nan;0.0;0.0;271.0;0.0;271.0;0;3
29;119;100.0;1.4;4.0;271.6;0.0;271.0;0;3
29;120;nan;0.0;0.0;271.0;0.0;271.0;0;3
29;121;nan;0.0;0.0;271.0;0.0;271.0;0;3
29;122;nan;0.0;0.0;271.0;0.0;271.0;0;3
29;123;nan;0.0;0.0;271.0;0.0;271.0;0;3
29;124;nan;0.0;0.0;271.0;0.0;271.0;0;3
29;125;nan;0.0;0.0;271.0;0.0;271.0;0;3
29;126;nan;0.0;0.0;271.0;0.0;271.0;0;3
29;127;nan;0.0;0.0;271.0;0.0;271.0;0;3
29;128;nan;0.0;0.0;271.0;0.0;271.0;0;3
29;129;nan;0.0;0.0;271.0;0.0;271.0;0;3
29;130;nan;0.0;0.0;271.0;0.0;271.0;0;3
29;131;nan;0.0;0.0;271.0;0.0;271.0;0;3
29;132;nan;0.0;0.0;271.0;0.0;271.0;0;3
29;133;nan;0.0;0.0;271.0;0.0;271.0;0;3
29;134;nan;0.0;0.0;271.0;0.0;271.0;0;3
29;135;nan;0.0;0.0;271.0;0.0;271.0;0;3
29;136;nan;0.0;0.0;271.0;0.0;271.0;0;3
29;137;nan;0.0;0.0;271.0;0.0;271.0;0;3
29;138;nan;0.0;0.0;271.0;0.0;271.0;0;3
29;139;nan;0.0;0.0;271.0;0.0;271.0;0;3
29;140;nan;0.0;0.0;271.0;0.0;271.0;0;3
29;141;nan;0.0;0.0;271.0;0.0;271.0;0;3
29;142;nan;0.0;0.0;271.0;0.0;271.0;0;3
29;143;nan;0.0;0.0;271.0;0.0;271.0;0;3
29;144;nan;0.0;0.0;271.0;0.0;271.0;0;3
29;145;nan;0.0;0.0;271.0;0.0;271.0;0;3
29;146;nan;0.0;0.0;271.0;0.0;271.0;0;3
29;147;nan;0.0;0.0;271.0;0.0;271.0;0;3
29;148;nan;0.0;0.0;271.0;0.0;271.0;0;3
29;149;nan;0.0;0.0;271.0;0.0;271.0;0;3
30;0;5.7;85.3;198.0;418.3;0.2;283.0;1;1
30;1;6.1;77.0;189.0;400.9;0.2;277.0;1;2
30;2;6.7;67.7;162.0;386.6;0.2;277.0;0;2
30;3;7.0;65.8;158.0;389.7;0.2;277.0;0;2
30;4;7.4;60.3;141.0;379.0;0.2;277.0;0;2
30;5;6.9;66.0;168.0;386.9;0.2;277.0;0;2
30;6;6.3;73.7;175.0;397.7;0.2;277.0;0;2
30;7;6.3;72.4;173.0;393.4;0.2;275.0;1;3
30;8;7.2;61.5;162.0;376.6;0.2;275.0;0;3
30;9;7.7;56.3;139.0;367.3;0.2;275.0;0;3
30;10;7.1;63.3;151.0;381.4;0.2;275.0;0;3
30;11;7.9;55.1;136.0;366.6;0.2;275.0;0;3
30;12;8.8;49.0;118.0;362.7;0.1;275.0;0;3
30;13;9.9;42.7;102.0;350.3;0.1;275.0;0;3
30;14;9.8;42.8;104.0;349.3;0.1;275.0;0;3
30;15;10.3;41.6;100.0;355.3;0.1;275.0;0;3
30;16;12.5;31.7;86.0;326.0;0.1;275.0;0;3
30;17;12.3;33.2;80.0;335.6;0.1;275.0;0;3
30;18;12.2;32.7;88.0;327.4;0.1;273.0;1;4
30;19;12.8;31.6;81.0;331.1;0.1;273.0;0;4
30;20;14.1;26.9;69.0;309.6;0.1;273.0;0;4
30;21;13.8;27.7;61.0;314.1;0.1;273.0;0;4
30;22;19.2;19.9;45.0;307.7;0.1;273.0;0;4
30;23;19.3;19.4;44.0;302.6;0.1;273.0;0;4
30;24;26.4;14.1;34.0;297.3;0.0;273.0;0;4
30;25;19.6;19.0;44.0;299.7;0.1;273.0;0;4
30;26;24.0;15.4;41.0;296.7;0.1;273.0;0;4
30;27;25.4;14.5;35.0;295.6;0.0;273.0;0;4
30;28;16.9;21.9;55.0;299.1;0.1;273.0;0;4
30;29;100.0;1.2;3.0;278.7;0.0;273.0;0;4
30;30;nan;0.0;0.0;278.0;0.0;273.0;0;4
30;31;nan;0.0;0.0;278.0;0.0;273.0;0;4
30;32;100.0;1.7;5.0;277.3;0.0;273.0;0;4
30;33;100.0;1.7;5.0;277.3;0.0;273.0;0;4
30;34;100.0;1.7;5.0;277.3;0.0;273.0;0;4
30;35;100.0;2.3;5.0;276.6;0.0;273.0;0;4
30;36;nan;0.0;0.0;278.0;0.0;273.0;0;4
30;37;100.0;1.7;5.0;277.3;0.0;273.0;0;4
30;38;100.0;2.3;5.0;276.6;0.0;273.0;0;4
30;39;100.0;1.7;5.0;277.3;0.0;273.0;0;4
30;40;100.0;2.3;5.0;275.4;0.0;273.0;0;4
30;41;100.0;2.3;5.0;276.6;0.0;273.0;0;4
30;42;100.0;2.5;5.0;275.9;0.0;273.0;0;4
30;43;100.0;2.2;5.0;274.7;0.0;273.0;0;4
30;44;nan;0.0;0.0;273.0;0.0;273.0;0;4
30;45;nan;0.0;0.0;273.0;0.0;273.0;0;4
30;46;nan;0.0;0.0;273.0;0.0;273.0;0;4
30;47;nan;0.0;0.0;273.0;0.0;273.0;0;4
30;48;nan;0.0;0.0;273.0;0.0;273.0;0;4
30;49;nan;0.0;0.0;273.0;0.0;273.0;0;4
30;50;nan;0.0;0.0;273.0;0.0;273.0;0;4
30;51;nan;0.0;0.0;273.0;0.0;273.0;0;4
30;52;nan;0.0;0.0;273.0;0.0;273.0;0;4
30;53;nan;0.0;0.0;273.0;0.0;273.0;0;4
30;54;nan;0.0;0.0;273.0;0.0;273.0;0;4
30;55;nan;0.0;0.0;273.0;0.0;273.0;0;4
30;56;nan;0.0;0.0;273.0;0.0;273.0;0;4
30;57;nan;0.0;0.0;273.0;0.0;273.0;0;4
30;58;nan;0.0;0.0;273.0;0.0;273.0;0;4
30;59;nan;0.0;0.0;273.0;0.0;273.0;0;4
30;60;nan;0.0;0.0;273.0;0.0;273.0;0;4
30;61;nan;0.0;0.0;273.0;0.0;273.0;0;4
30;62;nan;0.0;0.0;273.0;0.0;273.0;0;4
30;63;nan;0.0;0.0;273.0;0.0;273.0;0;4
30;64;10.0;37.7;87.0;315.0;0.1;273.0;0;4
30;65;8.2;45.9;98.0;317.7;0.1;273.0;0;4
30;66;11.5;32.2;75.0;304.6;0.1;273.0;0;4
30;67;13.5;27.1;64.0;300.7;0.1;273.0;0;4
30;68;13.5;27.2;68.0;301.1;0.1;273.0;0;4
30;69;34.1;10.6;27.0;288.0;0.0;273.0;0;4
30;70;65.8;5.4;12.0;278.6;0.0;273.0;0;4
30;71;nan;0.0;0.0;273.0;0.0;273.0;0;4
30;72;nan;0.0;0.0;273.0;0.0;273.0;0;4
30;73;100.0;2.4;7.0;274.0;0.0;273.0;0;4
30;74;nan;0.0;0.0;273.0;0.0;273.0;0;4
30;75;nan;0.0;0.0;273.0;0.0;273.0;0;4
30;76;nan;0.0;0.0;273.0;0.0;273.0;0;4
30;77;nan;0.0;0.0;273.0;0.0;273.0;0;4
30;78;nan;0.0;0.0;273.0;0.0;273.0;0;4
30;79;nan;0.0;0.0;273.0;0.0;273.0;0;4
30;80;nan;0.0;0.0;273.0;0.0;273.0;0;4
30;81;nan;0.0;0.0;273.0;0.0;273.0;0;4
30;82;nan;0.0;0.0;273.0;0.0;273.0;0;4
30;83;nan;0.0;0.0;273.0;0.0;273.0;0;4
30;84;nan;0.0;0.0;273.0;0.0;273.0;0;4
30;85;nan;0.0;0.0;273.0;0.0;273.0;0;4
30;86;nan;0.0;0.0;273.0;0.0;273.0;0;4
30;87;nan;0.0;0.0;273.0;0.0;273.0;0;4
30;88;nan;0.0;0.0;273.0;0.0;273.0;0;4
30;89;nan;0.0;0.0;273.0;0.0;273.0;0;4
30;90;nan;0.0;0.0;273.0;0.0;273.0;0;4
30;91;nan;0.0;0.0;273.0;0.0;273.0;0;4
30;92;nan;0.0;0.0;273.0;0.0;273.0;0;4
30;93;nan;0.0;0.0;273.0;0.0;273.0;0;4
30;94;nan;0.0;0.0;273.0;0.0;273.0;0;4
30;95;nan;0.0;0.0;273.0;0.0;273.0;0;4
30;96;nan;0.0;0.0;273.0;0.0;273.0;0;4
30;97;nan;0.0;0.0;273.0;0.0;273.0;0;4
30;98;nan;0.0;0.0;273.0;0.0;273.0;0;4
30;99;nan;0.0;0.0;273.0;0.0;273.0;0;4
30;100;nan;0.0;0.0;273.0;0.0;273.0;0;4
30;101;nan;0.0;0.0;273.0;0.0;273.0;0;4
30;102;nan;0.0;0.0;273.0;0.0;273.0;0;4
30;103;nan;0.0;0.0;273.0;0.0;273.0;0;4
30;104;nan;0.0;0.0;273.0;0.0;273.0;0;4
30;105;nan;0.0;0.0;273.0;0.0;273.0;0;4
30;106;nan;0.0;0.0;273.0;0.0;273.0;0;4
30;107;nan;0.0;0.0;273.0;0.0;273.0;0;4
30;108;nan;0.0;0.0;273.0;0.0;273.0;0;4
30;109;13.9;25.9;62.0;293.7;0.1;273.0;0;4
30;110;14.0;25.6;61.0;292.7;0.1;273.0;0;4
30;111;45.1;7.8;19.0;278.7;0.0;273.0;0;4
30;112;100.0;1.4;4.0;273.7;0.0;273.0;0;4
30;113;nan;0.0;0.0;273.0;0.0;273.0;0;4
30;114;nan;0.0;0.0;273.0;0.0;273.0;0;4
30;115;nan;0.0;0.0;273.0;0.0;273.0;0;4
30;116;nan;0.0;0.0;273.0;0.0;273.0;0;4
30;117;nan;0.0;0.0;273.0;0.0;273.0;0;4
30;118;nan;0.0;0.0;273.0;0.0;273.0;0;4
30;119;nan;0.0;0.0;273.0;0.0;273.0;0;4
30;120;nan;0.0;0.0;273.0;0.0;273.0;0;4
30;121;nan;0.0;0.0;273.0;0.0;273.0;0;4
30;122;nan;0.0;0.0;273.0;0.0;273.0;0;4
30;123;nan;0.0;0.0;273.0;0.0;273.0;0;4
30;124;nan;0.0;0.0;273.0;0.0;273.0;0;4
30;125;nan;0.0;0.0;273.0;0.0;273.0;0;4
30;126;nan;0.0;0.0;273.0;0.0;273.0;0;4
30;127;nan;0.0;0.0;273.0;0.0;273.0;0;4
30;128;nan;0.0;0.0;273.0;0.0;273.0;0;4
30;129;nan;0.0;0.0;273.0;0.0;273.0;0;4
30;130;nan;0.0;0.0;273.0;0.0;273.0;0;4
30;131;nan;0.0;0.0;273.0;0.0;273.0;0;4
30;132;nan;0.0;0.0;273.0;0.0;273.0;0;4
30;133;nan;0.0;0.0;273.0;0.0;273.0;0;4
30;134;nan;0.0;0.0;273.0;0.0;273.0;0;4
30;135;nan;0.0;0.0;273.0;0.0;273.0;0;4
30;136;nan;0.0;0.0;273.0;0.0;273.0;0;4
30;137;nan;0.0;0.0;273.0;0.0;273.0;0;4
30;138;nan;0.0;0.0;273.0;0.0;273.0;0;4
30;139;nan;0.0;0.0;273.0;0.0;273.0;0;4
30;140;nan;0.0;0.0;273.0;0.0;273.0;0;4
30;141;nan;0.0;0.0;273.0;0.0;273.0;0;4
30;142;nan;0.0;0.0;273.0;0.0;273.0;0;4
30;143;nan;0.0;0.0;273.0;0.0;273.0;0;4
30;144;nan;0.0;0.0;273.0;0.0;273.0;0;4
30;145;nan;0.0;0.0;273.0;0.0;273.0;0;4
30;146;nan;0.0;0.0;273.0;0.0;273.0;0;4
30;147;nan;0.0;0.0;273.0;0.0;273.0;0;4
30;148;nan;0.0;0.0;273.0;0.0;273.0;0;4
30;149;nan;0.0;0.0;273.0;0.0;273.0;0;4
31;0;6.3;74.5;178.0;404.0;0.2;287.0;1;1
31;1;6.3;73.6;177.0;399.4;0.2;280.0;1;2
31;2;6.8;67.6;168.0;390.3;0.2;279.0;1;3
31;3;6.4;73.1;176.0;399.4;0.2;279.0;0;3
31;4;6.5;69.9;187.0;386.9;0.2;279.0;0;3
31;5;6.7;67.1;163.0;383.0;0.2;276.0;1;4
31;6;7.2;62.7;144.0;381.0;0.2;276.0;0;4
31;7;7.4;60.2;147.0;378.6;0.2;276.0;0;4
31;8;7.1;61.8;165.0;373.3;0.2;276.0;0;4
31;9;7.6;57.2;135.0;369.0;0.2;276.0;0;4
31;10;8.8;48.2;121.0;355.4;0.1;274.0;1;5
31;11;8.9;47.7;112.0;356.0;0.1;274.0;0;5
31;12;8.4;50.9;135.0;359.7;0.1;274.0;0;5
31;13;8.3;50.5;126.0;354.1;0.1;274.0;0;5
31;14;7.7;56.9;131.0;370.7;0.2;274.0;0;5
31;15;8.1;53.0;133.0;363.3;0.1;274.0;0;5
31;16;10.1;41.2;101.0;344.3;0.1;274.0;0;5
31;17;9.6;43.4;114.0;348.3;0.1;274.0;0;5
31;18;10.1;40.0;100.0;337.3;0.1;274.0;0;5
31;19;15.8;24.8;65.0;319.0;0.1;274.0;0;5
31;20;14.0;27.3;71.0;313.0;0.1;274.0;0;5
31;21;12.2;30.9;71.0;310.7;0.1;273.0;1;6
31;22;14.5;26.4;62.0;312.6;0.1;273.0;0;6
31;23;20.2;18.3;45.0;298.7;0.1;273.0;0;6
31;24;10.8;35.4;83.0;317.4;0.1;273.0;0;6
31;25;20.4;18.2;46.0;299.6;0.1;273.0;0;6
31;26;19.6;18.9;47.0;298.4;0.1;273.0;0;6
31;27;15.8;23.5;58.0;301.0;0.1;273.0;0;6
31;28;27.8;13.1;35.0;291.6;0.0;273.0;0;6
31;29;31.3;11.7;27.0;291.6;0.0;273.0;0;6
31;30;49.0;7.3;17.0;284.7;0.0;273.0;0;6
31;31;39.0;9.3;28.0;287.3;0.0;273.0;0;6
31;32;69.9;5.2;12.0;283.4;0.0;273.0;0;6
31;33;nan;0.0;0.0;278.0;0.0;273.0;0;6
31;34;nan;0.0;0.0;278.0;0.0;273.0;0;6
31;35;nan;0.0;0.0;278.0;0.0;273.0;0;6
31;36;nan;0.0;0.0;278.0;0.0;273.0;0;6
31;37;nan;0.0;0.0;278.0;0.0;273.0;0;6
31;38;100.0;1.7;5.0;277.3;0.0;273.0;0;6
31;39;nan;0.0;0.0;278.0;0.0;273.0;0;6
31;40;nan;0.0;0.0;278.0;0.0;273.0;0;6
31;41;nan;0.0;0.0;278.0;0.0;273.0;0;6
31;42;nan;0.0;0.0;278.0;0.0;273.0;0;6
31;43;nan;0.0;0.0;278.0;0.0;273.0;0;6
31;44;nan;0.0;0.0;278.0;0.0;273.0;0;6
31;45;nan;0.0;0.0;278.0;0.0;273.0;0;6
31;46;nan;0.0;0.0;278.0;0.0;273.0;0;6
31;47;nan;0.0;0.0;278.0;0.0;273.0;0;6
31;48;nan;0.0;0.0;278.0;0.0;273.0;0;6
31;49;nan;0.0;0.0;278.0;0.0;273.0;0;6
31;50;nan;0.0;0.0;278.0;0.0;273.0;0;6
31;51;100.0;1.4;4.0;277.4;0.0;273.0;0;6
31;52;nan;0.0;0.0;278.0;0.0;273.0;0;6
31;53;nan;0.0;0.0;278.0;0.0;273.0;0;6
31;54;nan;0.0;0.0;278.0;0.0;273.0;0;6
31;55;nan;0.0;0.0;278.0;0.0;273.0;0;6
31;56;nan;0.0;0.0;278.0;0.0;273.0;0;6
31;57;nan;0.0;0.0;278.0;0.0;273.0;0;6
31;58;nan;0.0;0.0;278.0;0.0;273.0;0;6
31;59;nan;0.0;0.0;278.0;0.0;273.0;0;6
31;60;nan;0.0;0.0;278.0;0.0;273.0;0;6
31;61;nan;0.0;0.0;278.0;0.0;273.0;0;6
31;62;nan;0.0;0.0;278.0;0.0;273.0;0;6
31;63;nan;0.0;0.0;278.0;0.0;273.0;0;6
31;64;nan;0.0;0.0;278.0;0.0;273.0;0;6
31;65;nan;0.0;0.0;278.0;0.0;273.0;0;6
31;66;nan;0.0;0.0;278.0;0.0;273.0;0;6
31;67;10.1;37.2;84.0;312.6;0.1;273.0;0;6
31;68;7.4;51.8;110.0;325.6;0.2;273.0;0;6
31;69;9.7;38.4;90.0;310.7;0.1;273.0;0;6
31;70;11.1;33.2;78.0;306.1;0.1;271.0;1;7
31;71;15.1;24.2;64.0;297.6;0.1;271.0;0;7
31;72;24.1;15.1;35.0;291.4;0.1;271.0;0;7
31;73;61.8;5.8;17.0;281.1;0.0;271.0;0;7
31;74;100.0;1.4;3.0;278.9;0.0;271.0;0;7
31;75;nan;0.0;0.0;278.0;0.0;271.0;0;7
31;76;nan;0.0;0.0;278.0;0.0;271.0;0;7
31;77;nan;0.0;0.0;278.0;0.0;271.0;0;7
31;78;nan;0.0;0.0;278.0;0.0;271.0;0;7
31;79;nan;0.0;0.0;278.0;0.0;271.0;0;7
31;80;nan;0.0;0.0;278.0;0.0;271.0;0;7
31;81;nan;0.0;0.0;278.0;0.0;271.0;0;7
31;82;nan;0.0;0.0;278.0;0.0;271.0;0;7
31;83;nan;0.0;0.0;278.0;0.0;271.0;0;7
31;84;nan;0.0;0.0;278.0;0.0;271.0;0;7
31;85;nan;0.0;0.0;278.0;0.0;271.0;0;7
31;86;nan;0.0;0.0;278.0;0.0;271.0;0;7
31;87;nan;0.0;0.0;278.0;0.0;271.0;0;7
31;88;nan;0.0;0.0;278.0;0.0;271.0;0;7
31;89;nan;0.0;0.0;278.0;0.0;271.0;0;7
31;90;nan;0.0;0.0;278.0;0.0;271.0;0;7
31;91;nan;0.0;0.0;278.0;0.0;271.0;0;7
31;92;nan;0.0;0.0;278.0;0.0;271.0;0;7
31;93;nan;0.0;0.0;278.0;0.0;271.0;0;7
31;94;nan;0.0;0.0;278.0;0.0;271.0;0;7
31;95;nan;0.0;0.0;278.0;0.0;271.0;0;7
31;96;nan;0.0;0.0;278.0;0.0;271.0;0;7
31;97;nan;0.0;0.0;278.0;0.0;271.0;0;7
31;98;nan;0.0;0.0;278.0;0.0;271.0;0;7
31;99;nan;0.0;0.0;278.0;0.0;271.0;0;7
31;100;100.0;1.7;5.0;277.3;0.0;271.0;0;7
31;101;nan;0.0;0.0;278.0;0.0;271.0;0;7
31;102;nan;0.0;0.0;278.0;0.0;271.0;0;7
31;103;nan;0.0;0.0;278.0;0.0;271.0;0;7
31;104;nan;0.0;0.0;278.0;0.0;271.0;0;7
31;105;nan;0.0;0.0;278.0;0.0;271.0;0;7
31;106;nan;0.0;0.0;278.0;0.0;271.0;0;7
31;107;nan;0.0;0.0;278.0;0.0;271.0;0;7
31;108;nan;0.0;0.0;278.0;0.0;271.0;0;7
31;109;nan;0.0;0.0;278.0;0.0;271.0;0;7
31;110;nan;0.0;0.0;278.0;0.0;271.0;0;7
31;111;nan;0.0;0.0;278.0;0.0;271.0;0;7
31;112;nan;0.0;0.0;278.0;0.0;271.0;0;7
31;113;nan;0.0;0.0;278.0;0.0;271.0;0;7
31;114;nan;0.0;0.0;278.0;0.0;271.0;0;7
31;115;nan;0.0;0.0;278.0;0.0;271.0;0;7
31;116;18.7;19.2;47.0;290.4;0.1;271.0;0;7
31;117;17.4;20.7;55.0;292.3;0.1;271.0;0;7
31;118;42.6;8.3;24.0;281.6;0.0;271.0;0;7
31;119;27.9;12.9;30.0;286.7;0.0;271.0;0;7
31;120;nan;0.0;0.0;278.0;0.0;271.0;0;7
31;121;nan;0.0;0.0;278.0;0.0;271.0;0;7
31;122;nan;0.0;0.0;278.0;0.0;271.0;0;7
31;123;nan;0.0;0.0;278.0;0.0;271.0;0;7
31;124;nan;0.0;0.0;278.0;0.0;271.0;0;7
31;125;nan;0.0;0.0;278.0;0.0;271.0;0;7
31;126;nan;0.0;0.0;278.0;0.0;271.0;0;7
31;127;nan;0.0;0.0;278.0;0.0;271.0;0;7
31;128;nan;0.0;0.0;278.0;0.0;271.0;0;7
31;129;nan;0.0;0.0;278.0;0.0;271.0;0;7
31;130;100.0;0.3;1.0;277.9;0.0;271.0;0;7
31;131;nan;0.0;0.0;278.0;0.0;271.0;0;7
31;132;nan;0.0;0.0;278.0;0.0;271.0;0;7
31;133;nan;0.0;0.0;278.0;0.0;271.0;0;7
31;134;nan;0.0;0.0;278.0;0.0;271.0;0;7
31;135;nan;0.0;0.0;278.0;0.0;271.0;0;7
31;136;nan;0.0;0.0;278.0;0.0;271.0;0;7
31;137;nan;0.0;0.0;278.0;0.0;271.0;0;7
31;138;nan;0.0;0.0;278.0;0.0;271.0;0;7
31;139;nan;0.0;0.0;278.0;0.0;271.0;0;7
31;140;nan;0.0;0.0;278.0;0.0;271.0;0;7
31;141;nan;0.0;0.0;278.0;0.0;271.0;0;7
31;142;nan;0.0;0.0;278.0;0.0;271.0;0;7
31;143;nan;0.0;0.0;278.0;0.0;271.0;0;7
31;144;nan;0.0;0.0;278.0;0.0;271.0;0;7
31;145;nan;0.0;0.0;278.0;0.0;271.0;0;7
31;146;nan;0.0;0.0;278.0;0.0;271.0;0;7
31;147;nan;0.0;0.0;278.0;0.0;271.0;0;7
31;148;nan;0.0;0.0;278.0;0.0;271.0;0;7
31;149;nan;0.0;0.0;278.0;0.0;271.0;0;7
32;0;6.6;71.3;175.0;399.3;0.2;287.0;1;1
32;1;6.4;72.2;167.0;397.6;0.2;282.0;1;2
32;2;6.4;71.5;173.0;393.6;0.2;277.0;1;3
32;3;6.1;75.2;178.0;392.4;0.2;273.0;1;4
32;4;6.5;71.5;166.0;394.4;0.2;273.0;0;4
32;5;6.9;66.6;155.0;389.7;0.2;273.0;0;4
32;6;7.3;62.5;145.0;387.1;0.2;273.0;0;4
32;7;7.4;59.6;144.0;374.9;0.2;273.0;0;4
32;8;7.2;61.5;144.0;375.4;0.2;273.0;0;4
32;9;7.9;54.7;140.0;366.1;0.1;273.0;0;4
32;10;8.7;51.1;127.0;370.7;0.1;273.0;0;4
32;11;8.3;51.4;136.0;357.6;0.1;273.0;0;4
32;12;9.4;45.0;108.0;353.9;0.1;273.0;0;4
32;13;8.5;50.5;121.0;358.4;0.1;273.0;0;4
32;14;8.0;54.1;130.0;364.9;0.1;273.0;0;4
32;15;11.2;36.0;100.0;333.9;0.1;273.0;0;4
32;16;14.9;26.3;67.0;318.6;0.1;273.0;0;4
32;17;16.0;23.6;62.0;307.1;0.1;273.0;0;4
32;18;16.1;24.6;74.0;320.4;0.1;273.0;0;4
32;19;12.0;33.6;85.0;330.6;0.1;273.0;0;4
32;20;13.6;27.6;66.0;308.3;0.1;273.0;0;4
32;21;16.8;21.9;51.0;299.6;0.1;271.0;1;5
32;22;14.9;25.1;58.0;305.7;0.1;271.0;0;5
32;23;27.3;13.3;32.0;289.0;0.0;271.0;0;5
32;24;39.6;9.0;24.0;283.3;0.0;271.0;0;5
32;25;58.8;6.0;17.0;280.3;0.0;271.0;0;5
32;26;69.4;5.1;12.0;276.7;0.0;271.0;0;5
32;27;85.6;4.1;9.0;275.7;0.0;271.0;0;5
32;28;99.8;3.5;8.0;276.1;0.0;271.0;0;5
32;29;88.6;4.0;8.0;275.6;0.0;271.0;0;5
32;30;77.9;4.5;10.0;274.9;0.0;271.0;0;5
32;31;nan;0.0;0.0;271.0;0.0;271.0;0;5
32;32;nan;0.0;0.0;271.0;0.0;271.0;0;5
32;33;nan;0.0;0.0;271.0;0.0;271.0;0;5
32;34;nan;0.0;0.0;271.0;0.0;271.0;0;5
32;35;nan;0.0;0.0;271.0;0.0;271.0;0;5
32;36;nan;0.0;0.0;271.0;0.0;271.0;0;5
32;37;nan;0.0;0.0;271.0;0.0;271.0;0;5
32;38;nan;0.0;0.0;271.0;0.0;271.0;0;5
32;39;nan;0.0;0.0;271.0;0.0;271.0;0;5
32;40;nan;0.0;0.0;271.0;0.0;271.0;0;5
32;41;nan;0.0;0.0;271.0;0.0;271.0;0;5
32;42;nan;0.0;0.0;271.0;0.0;271.0;0;5
32;43;nan;0.0;0.0;271.0;0.0;271.0;0;5
32;44;nan;0.0;0.0;271.0;0.0;271.0;0;5
32;45;nan;0.0;0.0;271.0;0.0;271.0;0;5
32;46;nan;0.0;0.0;271.0;0.0;271.0;0;5
32;47;nan;0.0;0.0;271.0;0.0;271.0;0;5
32;48;nan;0.0;0.0;271.0;0.0;271.0;0;5
32;49;nan;0.0;0.0;271.0;0.0;271.0;0;5
32;50;nan;0.0;0.0;271.0;0.0;271.0;0;5
32;51;nan;0.0;0.0;271.0;0.0;271.0;0;5
32;52;nan;0.0;0.0;271.0;0.0;271.0;0;5
32;53;nan;0.0;0.0;271.0;0.0;271.0;0;5
32;54;nan;0.0;0.0;271.0;0.0;271.0;0;5
32;55;nan;0.0;0.0;271.0;0.0;271.0;0;5
32;56;nan;0.0;0.0;271.0;0.0;271.0;0;5
32;57;nan;0.0;0.0;271.0;0.0;271.0;0;5
32;58;nan;0.0;0.0;271.0;0.0;271.0;0;5
32;59;nan;0.0;0.0;271.0;0.0;271.0;0;5
32;60;nan;0.0;0.0;271.0;0.0;271.0;0;5
32;61;nan;0.0;0.0;271.0;0.0;271.0;0;5
32;62;nan;0.0;0.0;271.0;0.0;271.0;0;5
32;63;nan;0.0;0.0;271.0;0.0;271.0;0;5
32;64;nan;0.0;0.0;271.0;0.0;271.0;0;5
32;65;nan;0.0;0.0;271.0;0.0;271.0;0;5
32;66;nan;0.0;0.0;271.0;0.0;271.0;0;5
32;67;7.3;52.0;113.0;323.1;0.2;271.0;0;5
32;68;7.1;54.6;114.0;327.7;0.2;271.0;0;5
32;69;7.5;51.2;110.0;324.3;0.2;271.0;0;5
32;70;8.5;44.5;105.0;319.1;0.1;271.0;0;5
32;71;9.0;41.1;92.0;309.7;0.1;271.0;0;5
32;72;8.7;43.7;94.0;319.3;0.1;271.0;0;5
32;73;14.2;25.5;65.0;296.9;0.1;271.0;0;5
32;74;24.7;14.3;36.0;284.1;0.1;271.0;0;5
32;75;90.1;3.8;11.0;272.6;0.0;271.0;0;5
32;76;nan;0.0;0.0;271.0;0.0;271.0;0;5
32;77;nan;0.0;0.0;271.0;0.0;271.0;0;5
32;78;nan;0.0;0.0;271.0;0.0;271.0;0;5
32;79;nan;0.0;0.0;271.0;0.0;271.0;0;5
32;80;nan;0.0;0.0;271.0;0.0;271.0;0;5
32;81;nan;0.0;0.0;271.0;0.0;271.0;0;5
32;82;nan;0.0;0.0;271.0;0.0;271.0;0;5
32;83;nan;0.0;0.0;271.0;0.0;271.0;0;5
32;84;nan;0.0;0.0;271.0;0.0;271.0;0;5
32;85;nan;0.0;0.0;271.0;0.0;271.0;0;5
32;86;nan;0.0;0.0;271.0;0.0;271.0;0;5
32;87;nan;0.0;0.0;271.0;0.0;271.0;0;5
32;88;nan;0.0;0.0;271.0;0.0;271.0;0;5
32;89;nan;0.0;0.0;271.0;0.0;271.0;0;5
32;90;nan;0.0;0.0;271.0;0.0;271.0;0;5
32;91;nan;0.0;0.0;271.0;0.0;271.0;0;5
32;92;nan;0.0;0.0;271.0;0.0;271.0;0;5
32;93;nan;0.0;0.0;271.0;0.0;271.0;0;5
32;94;nan;0.0;0.0;271.0;0.0;271.0;0;5
32;95;nan;0.0;0.0;271.0;0.0;271.0;0;5
32;96;nan;0.0;0.0;271.0;0.0;271.0;0;5
32;97;nan;0.0;0.0;271.0;0.0;271.0;0;5
32;98;nan;0.0;0.0;271.0;0.0;271.0;0;5
32;99;nan;0.0;0.0;271.0;0.0;271.0;0;5
32;100;nan;0.0;0.0;271.0;0.0;271.0;0;5
32;101;nan;0.0;0.0;271.0;0.0;271.0;0;5
32;102;nan;0.0;0.0;271.0;0.0;271.0;0;5
32;103;nan;0.0;0.0;271.0;0.0;271.0;0;5
32;104;nan;0.0;0.0;271.0;0.0;271.0;0;5
32;105;nan;0.0;0.0;271.0;0.0;271.0;0;5
32;106;nan;0.0;0.0;271.0;0.0;271.0;0;5
32;107;nan;0.0;0.0;271.0;0.0;271.0;0;5
32;108;nan;0.0;0.0;271.0;0.0;271.0;0;5
32;109;nan;0.0;0.0;271.0;0.0;271.0;0;5
32;110;nan;0.0;0.0;271.0;0.0;271.0;0;5
32;111;nan;0.0;0.0;271.0;0.0;271.0;0;5
32;112;17.3;20.6;48.0;287.9;0.1;271.0;0;5
32;113;19.3;18.4;46.0;286.4;0.1;271.0;0;5
32;114;45.1;7.7;22.0;276.0;0.0;271.0;0;5
32;115;66.4;5.2;12.0;274.9;0.0;271.0;0;5
32;116;88.7;3.9;10.0;273.4;0.0;271.0;0;5
32;117;nan;0.0;0.0;271.0;0.0;271.0;0;5
32;118;nan;0.0;0.0;271.0;0.0;271.0;0;5
32;119;nan;0.0;0.0;271.0;0.0;271.0;0;5
32;120;nan;0.0;0.0;271.0;0.0;271.0;0;5
32;121;nan;0.0;0.0;271.0;0.0;271.0;0;5
32;122;nan;0.0;0.0;271.0;0.0;271.0;0;5
32;123;nan;0.0;0.0;271.0;0.0;271.0;0;5
32;124;nan;0.0;0.0;271.0;0.0;271.0;0;5
32;125;nan;0.0;0.0;271.0;0.0;271.0;0;5
32;126;nan;0.0;0.0;271.0;0.0;271.0;0;5
32;127;nan;0.0;0.0;271.0;0.0;271.0;0;5
32;128;nan;0.0;0.0;271.0;0.0;271.0;0;5
32;129;nan;0.0;0.0;271.0;0.0;271.0;0;5
32;130;nan;0.0;0.0;271.0;0.0;271.0;0;5
32;131;nan;0.0;0.0;271.0;0.0;271.0;0;5
32;132;nan;0.0;0.0;271.0;0.0;271.0;0;5
32;133;nan;0.0;0.0;271.0;0.0;271.0;0;5
32;134;nan;0.0;0.0;271.0;0.0;271.0;0;5
32;135;nan;0.0;0.0;271.0;0.0;271.0;0;5
32;136;nan;0.0;0.0;271.0;0.0;271.0;0;5
32;137;nan;0.0;0.0;271.0;0.0;271.0;0;5
32;138;nan;0.0;0.0;271.0;0.0;271.0;0;5
32;139;nan;0.0;0.0;271.0;0.0;271.0;0;5
32;140;nan;0.0;0.0;271.0;0.0;271.0;0;5
32;141;nan;0.0;0.0;271.0;0.0;271.0;0;5
32;142;nan;0.0;0.0;271.0;0.0;271.0;0;5
32;143;nan;0.0;0.0;271.0;0.0;271.0;0;5
32;144;nan;0.0;0.0;271.0;0.0;271.0;0;5
32;145;nan;0.0;0.0;271.0;0.0;271.0;0;5
32;146;nan;0.0;0.0;271.0;0.0;271.0;0;5
32;147;nan;0.0;0.0;271.0;0.0;271.0;0;5
32;148;nan;0.0;0.0;271.0;0.0;271.0;0;5
32;149;nan;0.0;0.0;271.0;0.0;271.0;0;5
33;0;6.3;73.9;168.0;400.7;0.2;283.0;1;1
33;1;6.8;67.1;170.0;390.1;0.2;283.0;0;1
33;2;6.3;72.2;200.0;391.0;0.2;279.0;1;2
33;3;6.5;70.6;163.0;393.9;0.2;279.0;0;2
33;4;6.4;72.7;166.0;398.9;0.2;279.0;0;2
33;5;6.2;75.4;179.0;403.0;0.2;279.0;0;2
33;6;6.3;73.0;179.0;394.0;0.2;275.0;1;3
33;7;6.9;65.2;156.0;384.9;0.2;275.0;0;3
33;8;6.8;66.7;165.0;384.6;0.2;275.0;0;3
33;9;7.1;62.9;146.0;380.9;0.2;275.0;0;3
33;10;7.5;60.2;146.0;379.6;0.2;275.0;0;3
33;11;7.8;56.5;143.0;371.6;0.2;275.0;0;3
33;12;9.6;43.9;110.0;351.3;0.1;275.0;0;3
33;13;9.2;45.8;118.0;352.4;0.1;275.0;0;3
33;14;9.1;46.6;111.0;353.0;0.1;275.0;0;3
33;15;9.4;44.0;107.0;345.7;0.1;275.0;0;3
33;16;10.8;38.6;100.0;344.1;0.1;275.0;0;3
33;17;9.3;45.5;123.0;353.6;0.1;275.0;0;3
33;18;14.7;26.5;70.0;317.6;0.1;273.0;1;4
33;19;17.1;22.5;59.0;312.6;0.1;273.0;0;4
33;20;16.5;22.8;67.0;305.1;0.1;273.0;0;4
33;21;15.2;25.0;53.0;308.4;0.1;273.0;0;4
33;22;46.0;7.9;19.0;288.3;0.0;273.0;0;4
33;23;89.9;4.0;12.0;285.0;0.0;273.0;0;4
33;24;60.8;5.9;14.0;282.0;0.0;273.0;0;4
33;25;67.2;5.3;14.0;283.0;0.0;273.0;0;4
33;26;68.4;5.2;12.0;279.9;0.0;273.0;0;4
33;27;57.9;6.2;14.0;281.3;0.0;273.0;0;4
33;28;66.1;5.4;12.0;279.1;0.0;273.0;0;4
33;29;100.0;3.5;10.0;281.6;0.0;273.0;0;4
33;30;71.5;4.9;10.0;278.7;0.0;273.0;0;4
33;31;81.4;4.4;10.0;279.7;0.0;273.0;0;4
33;32;78.8;4.5;10.0;280.1;0.0;273.0;0;4
33;33;78.8;4.5;10.0;280.1;0.0;273.0;0;4
33;34;73.7;4.8;12.0;280.6;0.0;273.0;0;4
33;35;78.8;4.5;10.0;280.1;0.0;273.0;0;4
33;36;72.9;4.8;10.0;277.4;0.0;273.0;0;4
33;37;70.3;5.0;11.0;277.6;0.0;273.0;0;4
33;38;100.0;3.4;10.0;274.9;0.0;273.0;0;4
33;39;80.6;4.4;10.0;276.1;0.0;273.0;0;4
33;40;74.3;4.7;10.0;277.6;0.0;273.0;0;4
33;41;100.0;0.8;2.0;273.9;0.0;273.0;0;4
33;42;100.0;0.5;1.0;273.6;0.0;273.0;0;4
33;43;100.0;0.5;1.0;273.6;0.0;273.0;0;4
33;44;100.0;0.5;1.0;273.6;0.0;273.0;0;4
33;45;100.0;0.5;1.0;273.6;0.0;273.0;0;4
33;46;100.0;0.5;1.0;273.4;0.0;273.0;0;4
33;47;54.8;6.4;13.0;278.6;0.0;273.0;0;4
33;48;78.5;4.5;13.0;275.1;0.0;273.0;0;4
33;49;100.0;0.5;1.0;273.6;0.0;273.0;0;4
33;50;100.0;0.5;1.0;273.6;0.0;273.0;0;4
33;51;79.5;4.4;13.0;275.3;0.0;273.0;0;4
33;52;100.0;0.5;1.0;273.6;0.0;273.0;0;4
33;53;55.9;6.3;13.0;278.7;0.0;273.0;0;4
33;54;77.3;4.5;13.0;276.0;0.0;273.0;0;4
33;55;55.2;6.4;13.0;280.4;0.0;273.0;0;4
33;56;100.0;0.5;1.0;273.6;0.0;273.0;0;4
33;57;100.0;0.5;1.0;273.6;0.0;273.0;0;4
33;58;100.0;0.5;1.0;273.4;0.0;273.0;0;4
33;59;100.0;0.5;1.0;273.4;0.0;273.0;0;4
33;60;100.0;0.5;1.0;273.4;0.0;273.0;0;4
33;61;100.0;0.5;1.0;273.4;0.0;273.0;0;4
33;62;100.0;0.5;1.0;273.4;0.0;273.0;0;4
33;63;61.0;5.8;13.0;279.4;0.0;273.0;0;4
33;64;7.0;54.2;127.0;324.6;0.2;273.0;0;4
33;65;7.0;55.2;144.0;327.0;0.2;273.0;0;4
33;66;12.5;29.4;67.0;302.4;0.1;273.0;0;4
33;67;9.2;40.3;93.0;310.9;0.1;273.0;0;4
33;68;15.2;24.0;54.0;297.1;0.1;273.0;0;4
33;69;37.6;9.4;23.0;282.0;0.0;273.0;0;4
33;70;22.9;15.7;36.0;287.9;0.1;273.0;0;4
33;71;78.9;4.4;13.0;275.4;0.0;273.0;0;4
33;72;61.0;5.8;13.0;279.4;0.0;273.0;0;4
33;73;55.9;6.3;13.0;278.7;0.0;273.0;0;4
33;74;62.9;5.6;13.0;278.0;0.0;273.0;0;4
33;75;57.5;6.1;13.0;279.0;0.0;273.0;0;4
33;76;78.4;4.5;11.0;277.6;0.0;273.0;0;4
33;77;62.7;5.7;13.0;279.6;0.0;273.0;0;4
33;78;69.5;5.1;13.0;278.1;0.0;273.0;0;4
33;79;71.6;4.9;13.0;277.3;0.0;273.0;0;4
33;80;57.5;6.1;13.0;279.0;0.0;273.0;0;4
33;81;59.7;5.9;13.0;278.0;0.0;273.0;0;4
33;82;60.6;5.8;13.0;276.9;0.0;273.0;0;4
33;83;100.0;2.7;8.0;274.4;0.0;273.0;0;4
33;84;65.6;5.4;13.0;279.9;0.0;273.0;0;4
33;85;54.8;6.4;13.0;278.6;0.0;273.0;0;4
33;86;88.2;4.0;10.0;275.9;0.0;273.0;0;4
33;87;100.0;0.5;1.0;273.4;0.0;273.0;0;4
33;88;60.5;5.8;13.0;277.9;0.0;273.0;0;4
33;89;60.6;5.8;13.0;276.9;0.0;273.0;0;4
33;90;65.6;5.4;13.0;279.9;0.0;273.0;0;4
33;91;61.0;5.8;13.0;279.4;0.0;273.0;0;4
33;92;61.0;5.8;13.0;279.4;0.0;273.0;0;4
33;93;54.8;6.4;13.0;278.6;0.0;273.0;0;4
33;94;54.8;6.4;13.0;278.6;0.0;273.0;0;4
33;95;67.7;5.2;13.0;278.0;0.0;273.0;0;4
33;96;61.7;5.7;13.0;277.1;0.0;273.0;0;4
33;97;72.2;4.9;13.0;278.4;0.0;273.0;0;4
33;98;67.7;5.2;13.0;278.0;0.0;273.0;0;4
33;99;100.0;0.5;1.0;273.3;0.0;273.0;0;4
33;100;67.7;5.2;13.0;278.0;0.0;273.0;0;4
33;101;67.7;5.2;13.0;278.0;0.0;273.0;0;4
33;102;67.7;5.2;13.0;278.0;0.0;273.0;0;4
33;103;67.7;5.2;13.0;278.0;0.0;273.0;0;4
33;104;100.0;0.5;1.0;273.3;0.0;273.0;0;4
33;105;77.6;4.5;13.0;275.0;0.0;273.0;0;4
33;106;67.7;5.2;13.0;278.0;0.0;273.0;0;4
33;107;100.0;0.5;1.0;273.3;0.0;273.0;0;4
33;108;67.7;5.2;13.0;278.0;0.0;273.0;0;4
33;109;9.9;37.0;93.0;304.4;0.1;273.0;0;4
33;110;13.5;26.6;63.0;294.7;0.1;273.0;0;4
33;111;25.7;14.0;38.0;287.0;0.0;273.0;0;4
33;112;18.7;19.0;48.0;286.4;0.1;273.0;0;4
33;113;38.9;9.1;22.0;279.3;0.0;273.0;0;4
33;114;74.5;4.7;12.0;278.6;0.0;273.0;0;4
33;115;100.0;0.5;1.0;273.3;0.0;273.0;0;4
33;116;100.0;0.5;1.0;273.3;0.0;273.0;0;4
33;117;100.0;0.5;1.0;273.3;0.0;273.0;0;4
33;118;71.0;5.0;13.0;278.3;0.0;273.0;0;4
33;119;62.8;5.6;13.0;277.3;0.0;273.0;0;4
33;120;61.7;5.7;13.0;277.1;0.0;273.0;0;4
33;121;64.3;5.5;13.0;277.6;0.0;273.0;0;4
33;122;78.4;4.5;10.0;278.9;0.0;273.0;0;4
33;123;100.0;0.5;1.0;273.3;0.0;273.0;0;4
33;124;67.7;5.2;13.0;278.0;0.0;273.0;0;4
33;125;100.0;0.5;1.0;273.3;0.0;273.0;0;4
33;126;66.7;5.3;13.0;276.3;0.0;273.0;0;4
33;127;77.6;4.5;13.0;275.0;0.0;273.0;0;4
33;128;67.7;5.2;13.0;278.0;0.0;273.0;0;4
33;129;77.6;4.5;13.0;275.0;0.0;273.0;0;4
33;130;67.7;5.2;13.0;278.0;0.0;273.0;0;4
33;131;100.0;3.5;10.0;277.4;0.0;273.0;0;4
33;132;100.0;0.3;1.0;273.1;0.0;273.0;0;4
33;133;86.5;4.1;13.0;276.6;0.0;273.0;0;4
33;134;91.0;3.9;13.0;276.9;0.0;273.0;0;4
33;135;86.5;4.1;13.0;276.6;0.0;273.0;0;4
33;136;82.5;4.3;13.0;276.1;0.0;273.0;0;4
33;137;100.0;0.3;1.0;273.1;0.0;273.0;0;4
33;138;81.1;4.3;13.0;275.9;0.0;273.0;0;4
33;139;86.5;4.1;13.0;276.6;0.0;273.0;0;4
33;140;82.5;4.3;13.0;276.1;0.0;273.0;0;4
33;141;79.7;4.4;13.0;275.7;0.0;273.0;0;4
33;142;86.5;4.1;13.0;276.6;0.0;273.0;0;4
33;143;86.5;4.1;13.0;276.6;0.0;273.0;0;4
33;144;92.3;3.8;13.0;277.0;0.0;273.0;0;4
33;145;100.0;3.5;10.0;274.9;0.0;273.0;0;4
33;146;86.5;4.1;13.0;276.6;0.0;273.0;0;4
33;147;82.5;4.3;13.0;276.1;0.0;273.0;0;4
33;148;82.5;4.3;13.0;276.1;0.0;273.0;0;4
33;149;86.5;4.1;13.0;276.6;0.0;273.0;0;4
34;0;6.8;68.0;156.0;394.1;0.2;287.0;1;1
34;1;6.1;78.0;182.0;406.3;0.2;281.0;1;2
34;2;6.8;68.4;160.0;394.7;0.2;281.0;0;2
34;3;6.7;66.5;168.0;380.9;0.2;272.0;1;3
34;4;6.5;71.4;167.0;395.0;0.2;272.0;0;3
34;5;6.6;68.7;161.0;389.1;0.2;272.0;0;3
34;6;6.6;68.3;173.0;385.4;0.2;272.0;0;3
34;7;7.9;55.3;141.0;369.6;0.1;272.0;0;3
34;8;7.2;62.6;147.0;382.0;0.2;272.0;0;3
34;9;7.3;60.2;163.0;373.1;0.2;272.0;0;3
34;10;9.0;47.2;113.0;353.9;0.1;272.0;0;3
34;11;7.4;60.2;142.0;376.9;0.2;272.0;0;3
34;12;7.5;58.7;136.0;374.4;0.2;272.0;0;3
34;13;8.1;53.7;134.0;365.9;0.1;272.0;0;3
34;14;7.8;54.6;135.0;359.9;0.2;272.0;0;3
34;15;8.5;49.7;126.0;355.4;0.1;272.0;0;3
34;16;11.2;36.5;92.0;336.9;0.1;272.0;0;3
34;17;10.8;37.3;104.0;334.0;0.1;272.0;0;3
34;18;14.8;26.8;66.0;323.6;0.1;272.0;0;3
34;19;13.4;29.4;78.0;322.0;0.1;272.0;0;3
34;20;12.6;30.6;73.0;316.6;0.1;272.0;0;3
34;21;17.7;20.9;60.0;300.6;0.1;272.0;0;3
34;22;13.3;28.5;68.0;310.9;0.1;272.0;0;3
34;23;30.8;11.7;32.0;287.0;0.0;272.0;0;3
34;24;31.8;11.4;26.0;289.9;0.0;272.0;0;3
34;25;34.5;10.5;27.0;288.1;0.0;272.0;0;3
34;26;81.9;4.4;10.0;282.0;0.0;272.0;0;3
34;27;100.0;2.1;5.0;278.3;0.0;272.0;0;3
34;28;nan;0.0;0.0;277.0;0.0;272.0;0;3
34;29;nan;0.0;0.0;277.0;0.0;272.0;0;3
34;30;nan;0.0;0.0;277.0;0.0;272.0;0;3
34;31;nan;0.0;0.0;277.0;0.0;272.0;0;3
34;32;nan;0.0;0.0;277.0;0.0;272.0;0;3
34;33;nan;0.0;0.0;277.0;0.0;272.0;0;3
34;34;nan;0.0;0.0;277.0;0.0;272.0;0;3
34;35;nan;0.0;0.0;277.0;0.0;272.0;0;3
34;36;nan;0.0;0.0;277.0;0.0;272.0;0;3
34;37;nan;0.0;0.0;277.0;0.0;272.0;0;3
34;38;nan;0.0;0.0;277.0;0.0;272.0;0;3
34;39;nan;0.0;0.0;277.0;0.0;272.0;0;3
34;40;nan;0.0;0.0;277.0;0.0;272.0;0;3
34;41;nan;0.0;0.0;277.0;0.0;272.0;0;3
34;42;nan;0.0;0.0;277.0;0.0;272.0;0;3
34;43;nan;0.0;0.0;277.0;0.0;272.0;0;3
34;44;nan;0.0;0.0;277.0;0.0;272.0;0;3
34;45;nan;0.0;0.0;277.0;0.0;272.0;0;3
34;46;nan;0.0;0.0;277.0;0.0;272.0;0;3
34;47;nan;0.0;0.0;277.0;0.0;272.0;0;3
34;48;nan;0.0;0.0;277.0;0.0;272.0;0;3
34;49;10.0;38.9;83.0;324.9;0.1;272.0;0;3
34;50;8.3;48.1;109.0;336.1;0.1;272.0;0;3
34;51;8.2;48.6;109.0;335.4;0.1;272.0;0;3
34;52;10.2;38.1;84.0;322.0;0.1;272.0;0;3
34;53;15.8;23.9;56.0;306.3;0.1;272.0;0;3
34;54;14.3;26.5;62.0;310.0;0.1;272.0;0;3
34;55;15.8;23.5;58.0;302.0;0.1;272.0;0;3
34;56;21.1;17.1;44.0;290.1;0.1;272.0;0;3
34;57;nan;0.0;0.0;277.0;0.0;272.0;0;3
34;58;nan;0.0;0.0;277.0;0.0;272.0;0;3
34;59;nan;0.0;0.0;277.0;0.0;272.0;0;3
34;60;nan;0.0;0.0;277.0;0.0;272.0;0;3
34;61;nan;0.0;0.0;277.0;0.0;272.0;0;3
34;62;nan;0.0;0.0;277.0;0.0;272.0;0;3
34;63;100.0;1.4;4.0;276.4;0.0;272.0;0;3
34;64;nan;0.0;0.0;277.0;0.0;272.0;0;3
34;65;nan;0.0;0.0;277.0;0.0;272.0;0;3
34;66;nan;0.0;0.0;277.0;0.0;272.0;0;3
34;67;nan;0.0;0.0;277.0;0.0;272.0;0;3
34;68;nan;0.0;0.0;277.0;0.0;272.0;0;3
34;69;nan;0.0;0.0;277.0;0.0;272.0;0;3
34;70;nan;0.0;0.0;277.0;0.0;272.0;0;3
34;71;nan;0.0;0.0;277.0;0.0;272.0;0;3
34;72;nan;0.0;0.0;277.0;0.0;272.0;0;3
34;73;nan;0.0;0.0;277.0;0.0;272.0;0;3
34;74;nan;0.0;0.0;277.0;0.0;272.0;0;3
34;75;nan;0.0;0.0;277.0;0.0;272.0;0;3
34;76;nan;0.0;0.0;277.0;0.0;272.0;0;3
34;77;nan;0.0;0.0;277.0;0.0;272.0;0;3
34;78;nan;0.0;0.0;277.0;0.0;272.0;0;3
34;79;nan;0.0;0.0;277.0;0.0;272.0;0;3
34;80;nan;0.0;0.0;277.0;0.0;272.0;0;3
34;81;nan;0.0;0.0;277.0;0.0;272.0;0;3
34;82;nan;0.0;0.0;277.0;0.0;272.0;0;3
34;83;nan;0.0;0.0;277.0;0.0;272.0;0;3
34;84;nan;0.0;0.0;277.0;0.0;272.0;0;3
34;85;nan;0.0;0.0;277.0;0.0;272.0;0;3
34;86;nan;0.0;0.0;277.0;0.0;272.0;0;3
34;87;nan;0.0;0.0;277.0;0.0;272.0;0;3
34;88;nan;0.0;0.0;277.0;0.0;272.0;0;3
34;89;nan;0.0;0.0;277.0;0.0;272.0;0;3
34;90;nan;0.0;0.0;277.0;0.0;272.0;0;3
34;91;nan;0.0;0.0;277.0;0.0;272.0;0;3
34;92;nan;0.0;0.0;277.0;0.0;272.0;0;3
34;93;nan;0.0;0.0;277.0;0.0;272.0;0;3
34;94;9.9;38.1;86.0;314.9;0.1;272.0;0;3
34;95;8.7;42.4;98.0;308.0;0.1;272.0;0;3
34;96;11.6;31.0;76.0;296.9;0.1;271.0;1;4
34;97;9.3;39.4;94.0;305.4;0.1;271.0;0;4
34;98;12.9;28.0;67.0;296.9;0.1;271.0;0;4
34;99;23.7;15.1;39.0;286.6;0.1;271.0;0;4
34;100;100.0;3.5;9.0;279.1;0.0;271.0;0;4
34;101;66.6;5.3;12.0;280.6;0.0;271.0;0;4
34;102;nan;0.0;0.0;277.0;0.0;271.0;0;4
34;103;nan;0.0;0.0;277.0;0.0;271.0;0;4
34;104;nan;0.0;0.0;277.0;0.0;271.0;0;4
34;105;nan;0.0;0.0;277.0;0.0;271.0;0;4
34;106;nan;0.0;0.0;277.0;0.0;271.0;0;4
34;107;nan;0.0;0.0;277.0;0.0;271.0;0;4
34;108;nan;0.0;0.0;277.0;0.0;271.0;0;4
34;109;nan;0.0;0.0;277.0;0.0;271.0;0;4
34;110;nan;0.0;0.0;277.0;0.0;271.0;0;4
34;111;nan;0.0;0.0;277.0;0.0;271.0;0;4
34;112;nan;0.0;0.0;277.0;0.0;271.0;0;4
34;113;nan;0.0;0.0;277.0;0.0;271.0;0;4
34;114;nan;0.0;0.0;277.0;0.0;271.0;0;4
34;115;nan;0.0;0.0;277.0;0.0;271.0;0;4
34;116;nan;0.0;0.0;277.0;0.0;271.0;0;4
34;117;nan;0.0;0.0;277.0;0.0;271.0;0;4
34;118;nan;0.0;0.0;277.0;0.0;271.0;0;4
34;119;nan;0.0;0.0;277.0;0.0;271.0;0;4
34;120;nan;0.0;0.0;277.0;0.0;271.0;0;4
34;121;nan;0.0;0.0;277.0;0.0;271.0;0;4
34;122;nan;0.0;0.0;277.0;0.0;271.0;0;4
34;123;nan;0.0;0.0;277.0;0.0;271.0;0;4
34;124;nan;0.0;0.0;277.0;0.0;271.0;0;4
34;125;nan;0.0;0.0;277.0;0.0;271.0;0;4
34;126;nan;0.0;0.0;277.0;0.0;271.0;0;4
34;127;nan;0.0;0.0;277.0;0.0;271.0;0;4
34;128;nan;0.0;0.0;277.0;0.0;271.0;0;4
34;129;nan;0.0;0.0;277.0;0.0;271.0;0;4
34;130;nan;0.0;0.0;277.0;0.0;271.0;0;4
34;131;nan;0.0;0.0;277.0;0.0;271.0;0;4
34;132;nan;0.0;0.0;277.0;0.0;271.0;0;4
34;133;nan;0.0;0.0;277.0;0.0;271.0;0;4
34;134;nan;0.0;0.0;277.0;0.0;271.0;0;4
34;135;nan;0.0;0.0;277.0;0.0;271.0;0;4
34;136;nan;0.0;0.0;277.0;0.0;271.0;0;4
34;137;nan;0.0;0.0;277.0;0.0;271.0;0;4
34;138;nan;0.0;0.0;277.0;0.0;271.0;0;4
34;139;nan;0.0;0.0;277.0;0.0;271.0;0;4
34;140;nan;0.0;0.0;277.0;0.0;271.0;0;4
34;141;nan;0.0;0.0;277.0;0.0;271.0;0;4
34;142;11.3;31.3;93.0;292.4;0.1;271.0;0;4
34;143;11.0;32.0;95.0;291.1;0.1;271.0;0;4
34;144;11.3;31.1;91.0;290.1;0.1;271.0;0;4
34;145;11.3;31.1;91.0;290.0;0.1;271.0;0;4
34;146;nan;0.0;0.0;277.0;0.0;271.0;0;4
34;147;nan;0.0;0.0;277.0;0.0;271.0;0;4
34;148;nan;0.0;0.0;277.0;0.0;271.0;0;4
34;149;nan;0.0;0.0;277.0;0.0;271.0;0;4
35;0;6.6;70.8;168.0;397.1;0.2;280.0;1;1
35;1;6.4;73.6;171.0;404.0;0.2;280.0;0;1
35;2;6.0;78.9;184.0;407.3;0.2;280.0;0;1
35;3;6.3;73.5;179.0;397.1;0.2;280.0;0;1
35;4;6.9;65.2;166.0;383.9;0.2;273.0;1;2
35;5;6.7;68.3;155.0;390.4;0.2;273.0;0;2
35;6;6.7;67.2;163.0;384.1;0.2;273.0;0;2
35;7;6.7;67.7;158.0;388.3;0.2;273.0;0;2
35;8;7.9;55.8;133.0;371.7;0.2;273.0;0;2
35;9;6.8;66.5;160.0;384.6;0.2;273.0;0;2
35;10;8.5;50.4;120.0;359.9;0.1;273.0;0;2
35;11;7.6;57.5;153.0;367.1;0.2;273.0;0;2
35;12;7.3;60.8;159.0;375.7;0.2;273.0;0;2
35;13;8.0;54.0;139.0;362.0;0.1;273.0;0;2
35;14;8.6;48.8;133.0;352.9;0.1;273.0;0;2
35;15;10.4;38.9;98.0;335.7;0.1;272.0;1;3
35;16;9.2;45.6;118.0;348.6;0.1;272.0;0;3
35;17;10.9;37.3;92.0;335.6;0.1;272.0;0;3
35;18;8.2;51.6;124.0;357.3;0.1;272.0;0;3
35;19;13.2;30.7;80.0;331.1;0.1;272.0;0;3
35;20;10.5;36.7;89.0;319.6;0.1;272.0;0;3
35;21;12.0;31.6;69.0;313.1;0.1;272.0;0;3
35;22;13.0;29.3;68.0;311.1;0.1;272.0;0;3
35;23;21.5;17.2;45.0;297.9;0.1;272.0;0;3
35;24;12.8;30.1;70.0;315.0;0.1;272.0;0;3
35;25;23.0;15.8;45.0;291.4;0.1;272.0;0;3
35;26;52.4;6.8;16.0;281.7;0.0;272.0;0;3
35;27;33.7;10.7;35.0;286.1;0.0;272.0;0;3
35;28;75.2;4.8;13.0;281.9;0.0;272.0;0;3
35;29;76.2;4.7;12.0;280.7;0.0;272.0;0;3
35;30;71.8;4.9;10.0;279.7;0.0;272.0;0;3
35;31;15.1;24.8;58.0;305.4;0.1;272.0;0;3
35;32;100.0;3.2;7.0;281.3;0.0;272.0;0;3
35;33;68.5;5.2;12.0;279.6;0.0;272.0;0;3
35;34;79.8;4.5;12.0;280.4;0.0;272.0;0;3
35;35;85.1;4.2;10.0;278.1;0.0;272.0;0;3
35;36;82.6;4.3;10.0;277.3;0.0;272.0;0;3
35;37;80.9;4.4;10.0;277.1;0.0;272.0;0;3
35;38;73.1;4.8;10.0;278.4;0.0;272.0;0;3
35;39;100.0;0.5;1.0;274.6;0.0;272.0;0;3
35;40;100.0;0.5;1.0;274.6;0.0;272.0;0;3
35;41;100.0;0.5;1.0;274.7;0.0;272.0;0;3
35;42;100.0;0.5;1.0;274.6;0.0;272.0;0;3
35;43;100.0;0.5;1.0;274.6;0.0;272.0;0;3
35;44;100.0;0.5;1.0;274.4;0.0;272.0;0;3
35;45;nan;0.0;0.0;274.0;0.0;272.0;0;3
35;46;nan;0.0;0.0;274.0;0.0;272.0;0;3
35;47;nan;0.0;0.0;274.0;0.0;272.0;0;3
35;48;nan;0.0;0.0;274.0;0.0;272.0;0;3
35;49;nan;0.0;0.0;274.0;0.0;272.0;0;3
35;50;nan;0.0;0.0;274.0;0.0;272.0;0;3
35;51;nan;0.0;0.0;274.0;0.0;272.0;0;3
35;52;nan;0.0;0.0;274.0;0.0;272.0;0;3
35;53;nan;0.0;0.0;274.0;0.0;272.0;0;3
35;54;nan;0.0;0.0;274.0;0.0;272.0;0;3
35;55;nan;0.0;0.0;274.0;0.0;272.0;0;3
35;56;nan;0.0;0.0;274.0;0.0;272.0;0;3
35;57;nan;0.0;0.0;274.0;0.0;272.0;0;3
35;58;nan;0.0;0.0;274.0;0.0;272.0;0;3
35;59;nan;0.0;0.0;274.0;0.0;272.0;0;3
35;60;nan;0.0;0.0;274.0;0.0;272.0;0;3
35;61;7.2;53.5;116.0;326.4;0.2;272.0;0;3
35;62;6.2;64.0;141.0;338.3;0.2;272.0;0;3
35;63;10.6;35.4;82.0;312.1;0.1;272.0;0;3
35;64;10.7;34.8;82.0;308.6;0.1;272.0;0;3
35;65;12.5;30.0;76.0;308.0;0.1;272.0;0;3
35;66;8.7;43.3;94.0;317.4;0.1;272.0;0;3
35;67;21.2;16.9;45.0;288.9;0.1;272.0;0;3
35;68;22.6;16.2;40.0;293.4;0.1;272.0;0;3
35;69;46.8;7.6;21.0;281.7;0.0;272.0;0;3
35;70;32.6;10.9;34.0;283.7;0.0;272.0;0;3
35;71;75.6;4.7;10.0;278.7;0.0;272.0;0;3
35;72;76.3;4.6;10.0;278.9;0.0;272.0;0;3
35;73;80.3;4.4;10.0;277.1;0.0;272.0;0;3
35;74;100.0;0.5;1.0;274.4;0.0;272.0;0;3
35;75;100.0;3.4;10.0;275.9;0.0;272.0;0;3
35;76;95.3;3.7;10.0;280.0;0.0;272.0;0;3
35;77;100.0;0.5;1.0;274.4;0.0;272.0;0;3
35;78;100.0;0.5;1.0;274.3;0.0;272.0;0;3
35;79;nan;0.0;0.0;274.0;0.0;272.0;0;3
35;80;nan;0.0;0.0;274.0;0.0;272.0;0;3
35;81;nan;0.0;0.0;274.0;0.0;272.0;0;3
35;82;nan;0.0;0.0;274.0;0.0;272.0;0;3
35;83;nan;0.0;0.0;274.0;0.0;272.0;0;3
35;84;nan;0.0;0.0;274.0;0.0;272.0;0;3
35;85;nan;0.0;0.0;274.0;0.0;272.0;0;3
35;86;nan;0.0;0.0;274.0;0.0;272.0;0;3
35;87;nan;0.0;0.0;274.0;0.0;272.0;0;3
35;88;nan;0.0;0.0;274.0;0.0;272.0;0;3
35;89;nan;0.0;0.0;274.0;0.0;272.0;0;3
35;90;nan;0.0;0.0;274.0;0.0;272.0;0;3
35;91;nan;0.0;0.0;274.0;0.0;272.0;0;3
35;92;nan;0.0;0.0;274.0;0.0;272.0;0;3
35;93;nan;0.0;0.0;274.0;0.0;272.0;0;3
35;94;nan;0.0;0.0;274.0;0.0;272.0;0;3
35;95;nan;0.0;0.0;274.0;0.0;272.0;0;3
35;96;nan;0.0;0.0;274.0;0.0;272.0;0;3
35;97;nan;0.0;0.0;274.0;0.0;272.0;0;3
35;98;nan;0.0;0.0;274.0;0.0;272.0;0;3
35;99;nan;0.0;0.0;274.0;0.0;272.0;0;3
35;100;nan;0.0;0.0;274.0;0.0;272.0;0;3
35;101;nan;0.0;0.0;274.0;0.0;272.0;0;3
35;102;nan;0.0;0.0;274.0;0.0;272.0;0;3
35;103;nan;0.0;0.0;274.0;0.0;272.0;0;3
35;104;nan;0.0;0.0;274.0;0.0;272.0;0;3
35;105;nan;0.0;0.0;274.0;0.0;272.0;0;3
35;106;13.2;27.2;66.0;294.9;0.1;272.0;0;3
35;107;16.8;21.3;50.0;289.4;0.1;272.0;0;3
35;108;16.1;22.2;52.0;290.7;0.1;272.0;0;3
35;109;42.1;8.4;19.0;279.3;0.0;272.0;0;3
35;110;nan;0.0;0.0;274.0;0.0;272.0;0;3
35;111;nan;0.0;0.0;274.0;0.0;272.0;0;3
35;112;nan;0.0;0.0;274.0;0.0;272.0;0;3
35;113;nan;0.0;0.0;274.0;0.0;272.0;0;3
35;114;nan;0.0;0.0;274.0;0.0;272.0;0;3
35;115;nan;0.0;0.0;274.0;0.0;272.0;0;3
35;116;nan;0.0;0.0;274.0;0.0;272.0;0;3
35;117;nan;0.0;0.0;274.0;0.0;272.0;0;3
35;118;nan;0.0;0.0;274.0;0.0;272.0;0;3
35;119;nan;0.0;0.0;274.0;0.0;272.0;0;3
35;120;nan;0.0;0.0;274.0;0.0;272.0;0;3
35;121;nan;0.0;0.0;274.0;0.0;272.0;0;3
35;122;nan;0.0;0.0;274.0;0.0;272.0;0;3
35;123;nan;0.0;0.0;274.0;0.0;272.0;0;3
35;124;nan;0.0;0.0;274.0;0.0;272.0;0;3
35;125;nan;0.0;0.0;274.0;0.0;272.0;0;3
35;126;nan;0.0;0.0;274.0;0.0;272.0;0;3
35;127;nan;0.0;0.0;274.0;0.0;272.0;0;3
35;128;nan;0.0;0.0;274.0;0.0;272.0;0;3
35;129;nan;0.0;0.0;274.0;0.0;272.0;0;3
35;130;nan;0.0;0.0;274.0;0.0;272.0;0;3
35;131;nan;0.0;0.0;274.0;0.0;272.0;0;3
35;132;nan;0.0;0.0;274.0;0.0;272.0;0;3
35;133;nan;0.0;0.0;274.0;0.0;272.0;0;3
35;134;nan;0.0;0.0;274.0;0.0;272.0;0;3
35;135;nan;0.0;0.0;274.0;0.0;272.0;0;3
35;136;nan;0.0;0.0;274.0;0.0;272.0;0;3
35;137;nan;0.0;0.0;274.0;0.0;272.0;0;3
35;138;nan;0.0;0.0;274.0;0.0;272.0;0;3
35;139;nan;0.0;0.0;274.0;0.0;272.0;0;3
35;140;nan;0.0;0.0;274.0;0.0;272.0;0;3
35;141;nan;0.0;0.0;274.0;0.0;272.0;0;3
35;142;nan;0.0;0.0;274.0;0.0;272.0;0;3
35;143;nan;0.0;0.0;274.0;0.0;272.0;0;3
35;144;nan;0.0;0.0;274.0;0.0;272.0;0;3
35;145;nan;0.0;0.0;274.0;0.0;272.0;0;3
35;146;nan;0.0;0.0;274.0;0.0;272.0;0;3
35;147;nan;0.0;0.0;274.0;0.0;272.0;0;3
35;148;nan;0.0;0.0;274.0;0.0;272.0;0;3
35;149;nan;0.0;0.0;274.0;0.0;272.0;0;3
36;0;6.2;75.9;188.0;406.3;0.2;282.0;1;1
36;1;6.5;70.3;168.0;390.9;0.2;278.0;1;2
36;2;6.8;68.0;163.0;392.7;0.2;278.0;0;2
36;3;6.6;68.3;163.0;386.4;0.2;276.0;1;3
36;4;7.5;60.1;149.0;380.4;0.2;276.0;0;3
36;5;6.3;73.4;166.0;396.9;0.2;276.0;0;3
36;6;6.6;67.6;164.0;381.6;0.2;275.0;1;4
36;7;7.4;60.6;154.0;377.6;0.2;275.0;0;4
36;8;6.4;70.6;171.0;389.0;0.2;275.0;0;4
36;9;8.8;48.5;115.0;358.1;0.1;275.0;0;4
36;10;8.5;50.7;124.0;363.6;0.1;275.0;0;4
36;11;7.8;55.9;140.0;368.1;0.2;275.0;0;4
36;12;8.4;49.2;126.0;348.6;0.1;271.0;1;5
36;13;8.5;50.7;124.0;361.6;0.1;271.0;0;5
36;14;9.7;43.7;110.0;352.6;0.1;271.0;0;5
36;15;10.5;40.3;93.0;349.7;0.1;271.0;0;5
36;16;12.1;33.0;90.0;328.0;0.1;271.0;0;5
36;17;10.8;37.2;93.0;333.9;0.1;271.0;0;5
36;18;10.4;39.0;93.0;336.1;0.1;271.0;0;5
36;19;11.6;34.6;94.0;332.3;0.1;271.0;0;5
36;20;9.5;40.5;92.0;322.1;0.1;271.0;0;5
36;21;11.4;33.2;74.0;312.7;0.1;271.0;0;5
36;22;13.2;28.8;73.0;312.0;0.1;271.0;0;5
36;23;12.7;30.1;68.0;313.3;0.1;271.0;0;5
36;24;64.8;5.6;14.0;283.4;0.0;271.0;0;5
36;25;22.7;16.1;40.0;294.0;0.1;271.0;0;5
36;26;33.3;10.9;25.0;288.9;0.0;271.0;0;5
36;27;59.7;6.0;16.0;281.9;0.0;271.0;0;5
36;28;79.8;4.5;13.0;280.3;0.0;271.0;0;5
36;29;100.0;2.5;5.0;278.9;0.0;271.0;0;5
36;30;100.0;2.0;4.0;279.3;0.0;271.0;0;5
36;31;100.0;2.1;5.0;278.3;0.0;271.0;0;5
36;32;nan;0.0;0.0;276.0;0.0;271.0;0;5
36;33;nan;0.0;0.0;276.0;0.0;271.0;0;5
36;34;nan;0.0;0.0;276.0;0.0;271.0;0;5
36;35;nan;0.0;0.0;276.0;0.0;271.0;0;5
36;36;nan;0.0;0.0;276.0;0.0;271.0;0;5
36;37;nan;0.0;0.0;276.0;0.0;271.0;0;5
36;38;nan;0.0;0.0;276.0;0.0;271.0;0;5
36;39;nan;0.0;0.0;276.0;0.0;271.0;0;5
36;40;nan;0.0;0.0;276.0;0.0;271.0;0;5
36;41;nan;0.0;0.0;276.0;0.0;271.0;0;5
36;42;nan;0.0;0.0;276.0;0.0;271.0;0;5
36;43;nan;0.0;0.0;276.0;0.0;271.0;0;5
36;44;nan;0.0;0.0;276.0;0.0;271.0;0;5
36;45;nan;0.0;0.0;276.0;0.0;271.0;0;5
36;46;nan;0.0;0.0;276.0;0.0;271.0;0;5
36;47;nan;0.0;0.0;276.0;0.0;271.0;0;5
36;48;nan;0.0;0.0;276.0;0.0;271.0;0;5
36;49;nan;0.0;0.0;276.0;0.0;271.0;0;5
36;50;nan;0.0;0.0;276.0;0.0;271.0;0;5
36;51;nan;0.0;0.0;276.0;0.0;271.0;0;5
36;52;nan;0.0;0.0;276.0;0.0;271.0;0;5
36;53;nan;0.0;0.0;276.0;0.0;271.0;0;5
36;54;nan;0.0;0.0;276.0;0.0;271.0;0;5
36;55;nan;0.0;0.0;276.0;0.0;271.0;0;5
36;56;nan;0.0;0.0;276.0;0.0;271.0;0;5
36;57;nan;0.0;0.0;276.0;0.0;271.0;0;5
36;58;8.4;45.0;97.0;317.7;0.1;271.0;0;5
36;59;8.5;44.7;95.0;318.4;0.1;271.0;0;5
36;60;8.4;45.6;102.0;322.0;0.1;271.0;0;5
36;61;7.8;49.3;114.0;322.6;0.2;271.0;0;5
36;62;6.7;58.0;130.0;330.0;0.2;271.0;0;5
36;63;12.0;31.7;72.0;312.0;0.1;271.0;0;5
36;64;14.1;26.3;58.0;303.4;0.1;271.0;0;5
36;65;10.9;34.3;77.0;309.3;0.1;271.0;0;5
36;66;16.0;22.8;57.0;295.9;0.1;271.0;0;5
36;67;10.3;35.6;91.0;304.7;0.1;271.0;0;5
36;68;92.1;3.8;8.0;278.6;0.0;271.0;0;5
36;69;68.0;5.2;12.0;277.3;0.0;271.0;0;5
36;70;96.9;3.6;10.0;277.1;0.0;271.0;0;5
36;71;80.6;4.3;10.0;274.7;0.0;271.0;0;5
36;72;88.2;4.0;8.0;274.4;0.0;271.0;0;5
36;73;39.1;9.0;21.0;278.0;0.0;271.0;0;5
36;74;nan;0.0;0.0;271.0;0.0;271.0;0;5
36;75;nan;0.0;0.0;271.0;0.0;271.0;0;5
36;76;nan;0.0;0.0;271.0;0.0;271.0;0;5
36;77;nan;0.0;0.0;271.0;0.0;271.0;0;5
36;78;nan;0.0;0.0;271.0;0.0;271.0;0;5
36;79;nan;0.0;0.0;271.0;0.0;271.0;0;5
36;80;nan;0.0;0.0;271.0;0.0;271.0;0;5
36;81;nan;0.0;0.0;271.0;0.0;271.0;0;5
36;82;nan;0.0;0.0;271.0;0.0;271.0;0;5
36;83;nan;0.0;0.0;271.0;0.0;271.0;0;5
36;84;nan;0.0;0.0;271.0;0.0;271.0;0;5
36;85;nan;0.0;0.0;271.0;0.0;271.0;0;5
36;86;nan;0.0;0.0;271.0;0.0;271.0;0;5
36;87;nan;0.0;0.0;271.0;0.0;271.0;0;5
36;88;nan;0.0;0.0;271.0;0.0;271.0;0;5
36;89;nan;0.0;0.0;271.0;0.0;271.0;0;5
36;90;nan;0.0;0.0;271.0;0.0;271.0;0;5
36;91;nan;0.0;0.0;271.0;0.0;271.0;0;5
36;92;nan;0.0;0.0;271.0;0.0;271.0;0;5
36;93;nan;0.0;0.0;271.0;0.0;271.0;0;5
36;94;nan;0.0;0.0;271.0;0.0;271.0;0;5
36;95;nan;0.0;0.0;271.0;0.0;271.0;0;5
36;96;nan;0.0;0.0;271.0;0.0;271.0;0;5
36;97;nan;0.0;0.0;271.0;0.0;271.0;0;5
36;98;nan;0.0;0.0;271.0;0.0;271.0;0;5
36;99;nan;0.0;0.0;271.0;0.0;271.0;0;5
36;100;nan;0.0;0.0;271.0;0.0;271.0;0;5
36;101;nan;0.0;0.0;271.0;0.0;271.0;0;5
36;102;nan;0.0;0.0;271.0;0.0;271.0;0;5
36;103;11.0;32.7;78.0;296.6;0.1;271.0;0;5
36;104;33.1;10.5;26.0;278.0;0.0;271.0;0;5
36;105;27.8;12.6;31.0;278.9;0.0;271.0;0;5
36;106;32.7;10.7;29.0;278.0;0.0;271.0;0;5
36;107;100.0;1.7;5.0;271.7;0.0;271.0;0;5
36;108;100.0;2.4;7.0;272.0;0.0;271.0;0;5
36;109;nan;0.0;0.0;271.0;0.0;271.0;0;5
36;110;nan;0.0;0.0;271.0;0.0;271.0;0;5
36;111;nan;0.0;0.0;271.0;0.0;271.0;0;5
36;112;nan;0.0;0.0;271.0;0.0;271.0;0;5
36;113;nan;0.0;0.0;271.0;0.0;271.0;0;5
36;114;nan;0.0;0.0;271.0;0.0;271.0;0;5
36;115;nan;0.0;0.0;271.0;0.0;271.0;0;5
36;116;nan;0.0;0.0;271.0;0.0;271.0;0;5
36;117;nan;0.0;0.0;271.0;0.0;271.0;0;5
36;118;nan;0.0;0.0;271.0;0.0;271.0;0;5
36;119;nan;0.0;0.0;271.0;0.0;271.0;0;5
36;120;nan;0.0;0.0;271.0;0.0;271.0;0;5
36;121;nan;0.0;0.0;271.0;0.0;271.0;0;5
36;122;nan;0.0;0.0;271.0;0.0;271.0;0;5
36;123;nan;0.0;0.0;271.0;0.0;271.0;0;5
36;124;nan;0.0;0.0;271.0;0.0;271.0;0;5
36;125;nan;0.0;0.0;271.0;0.0;271.0;0;5
36;126;nan;0.0;0.0;271.0;0.0;271.0;0;5
36;127;nan;0.0;0.0;271.0;0.0;271.0;0;5
36;128;nan;0.0;0.0;271.0;0.0;271.0;0;5
36;129;nan;0.0;0.0;271.0;0.0;271.0;0;5
36;130;nan;0.0;0.0;271.0;0.0;271.0;0;5
36;131;nan;0.0;0.0;271.0;0.0;271.0;0;5
36;132;nan;0.0;0.0;271.0;0.0;271.0;0;5
36;133;nan;0.0;0.0;271.0;0.0;271.0;0;5
36;134;nan;0.0;0.0;271.0;0.0;271.0;0;5
36;135;nan;0.0;0.0;271.0;0.0;271.0;0;5
36;136;nan;0.0;0.0;271.0;0.0;271.0;0;5
36;137;nan;0.0;0.0;271.0;0.0;271.0;0;5
36;138;nan;0.0;0.0;271.0;0.0;271.0;0;5
36;139;nan;0.0;0.0;271.0;0.0;271.0;0;5
36;140;nan;0.0;0.0;271.0;0.0;271.0;0;5
36;141;nan;0.0;0.0;271.0;0.0;271.0;0;5
36;142;nan;0.0;0.0;271.0;0.0;271.0;0;5
36;143;nan;0.0;0.0;271.0;0.0;271.0;0;5
36;144;nan;0.0;0.0;271.0;0.0;271.0;0;5
36;145;nan;0.0;0.0;271.0;0.0;271.0;0;5
36;146;nan;0.0;0.0;271.0;0.0;271.0;0;5
36;147;nan;0.0;0.0;271.0;0.0;271.0;0;5
36;148;17.5;20.4;61.0;288.6;0.1;271.0;0;5
36;149;26.5;13.5;44.0;286.1;0.0;271.0;0;5
37;0;7.4;61.0;152.0;382.0;0.2;284.0;1;1
37;1;6.6;69.5;171.0;392.7;0.2;283.0;1;2
37;2;6.4;72.8;179.0;396.9;0.2;282.0;1;3
37;3;6.0;78.1;179.0;405.9;0.2;281.0;1;4
37;4;6.6;70.1;171.0;393.1;0.2;281.0;0;4
37;5;6.6;68.8;166.0;388.7;0.2;277.0;1;5
37;6;7.2;63.0;153.0;385.1;0.2;277.0;0;5
37;7;7.2;62.6;150.0;380.9;0.2;277.0;0;5
37;8;6.7;67.7;163.0;389.3;0.2;277.0;0;5
37;9;7.5;59.0;149.0;373.9;0.2;274.0;1;6
37;10;7.6;57.3;150.0;366.9;0.2;274.0;0;6
37;11;8.0;54.8;130.0;369.0;0.1;274.0;0;6
37;12;7.5;58.2;141.0;370.9;0.2;274.0;0;6
37;13;8.2;51.9;137.0;356.3;0.1;274.0;0;6
37;14;8.5;51.0;121.0;364.9;0.1;274.0;0;6
37;15;7.3;60.4;152.0;374.6;0.2;274.0;0;6
37;16;7.5;57.1;136.0;364.4;0.2;271.0;1;7
37;17;9.1;46.1;119.0;351.3;0.1;271.0;0;7
37;18;10.9;37.5;98.0;340.0;0.1;271.0;0;7
37;19;9.8;42.3;111.0;344.4;0.1;271.0;0;7
37;20;10.4;37.9;83.0;326.6;0.1;271.0;0;7
37;21;14.8;25.7;59.0;310.9;0.1;271.0;0;7
37;22;13.2;28.8;78.0;311.4;0.1;271.0;0;7
37;23;17.4;21.5;59.0;303.0;0.1;271.0;0;7
37;24;17.6;21.2;48.0;301.6;0.1;271.0;0;7
37;25;19.2;19.2;44.0;298.7;0.1;271.0;0;7
37;26;26.3;13.9;39.0;293.1;0.0;271.0;0;7
37;27;79.0;4.5;10.0;280.9;0.0;271.0;0;7
37;28;73.4;4.8;12.0;279.4;0.0;271.0;0;7
37;29;71.5;4.9;10.0;278.7;0.0;271.0;0;7
37;30;100.0;0.7;2.0;273.7;0.0;271.0;0;7
37;31;100.0;1.7;6.0;273.9;0.0;271.0;0;7
37;32;100.0;0.5;1.0;273.6;0.0;271.0;0;7
37;33;100.0;0.5;1.0;273.6;0.0;271.0;0;7
37;34;100.0;0.5;1.0;273.6;0.0;271.0;0;7
37;35;100.0;0.5;1.0;273.6;0.0;271.0;0;7
37;36;100.0;0.5;1.0;273.6;0.0;271.0;0;7
37;37;100.0;0.5;1.0;273.6;0.0;271.0;0;7
37;38;100.0;0.5;1.0;273.6;0.0;271.0;0;7
37;39;100.0;0.5;1.0;273.6;0.0;271.0;0;7
37;40;100.0;0.5;1.0;273.6;0.0;271.0;0;7
37;41;100.0;0.5;1.0;273.6;0.0;271.0;0;7
37;42;100.0;0.5;1.0;273.6;0.0;271.0;0;7
37;43;100.0;0.5;1.0;273.6;0.0;271.0;0;7
37;44;100.0;0.5;1.0;273.6;0.0;271.0;0;7
37;45;100.0;0.5;1.0;273.4;0.0;271.0;0;7
37;46;100.0;0.5;1.0;273.4;0.0;271.0;0;7
37;47;100.0;0.5;1.0;273.6;0.0;271.0;0;7
37;48;100.0;0.5;1.0;273.6;0.0;271.0;0;7
37;49;100.0;0.5;1.0;273.6;0.0;271.0;0;7
37;50;100.0;0.5;1.0;273.6;0.0;271.0;0;7
37;51;100.0;0.5;1.0;273.6;0.0;271.0;0;7
37;52;100.0;0.5;1.0;273.6;0.0;271.0;0;7
37;53;100.0;0.5;1.0;273.6;0.0;271.0;0;7
37;54;100.0;0.5;1.0;273.6;0.0;271.0;0;7
37;55;100.0;0.5;1.0;273.6;0.0;271.0;0;7
37;56;100.0;0.5;1.0;273.6;0.0;271.0;0;7
37;57;100.0;0.5;1.0;273.6;0.0;271.0;0;7
37;58;100.0;0.5;1.0;273.4;0.0;271.0;0;7
37;59;100.0;0.5;1.0;273.4;0.0;271.0;0;7
37;60;100.0;0.5;1.0;273.4;0.0;271.0;0;7
37;61;100.0;0.5;1.0;273.4;0.0;271.0;0;7
37;62;6.6;58.4;126.0;330.0;0.2;271.0;0;7
37;63;7.4;51.5;121.0;324.0;0.2;271.0;0;7
37;64;10.9;34.0;84.0;307.7;0.1;271.0;0;7
37;65;11.3;32.4;72.0;301.3;0.1;271.0;0;7
37;66;14.5;25.1;63.0;297.1;0.1;271.0;0;7
37;67;17.6;20.6;52.0;293.9;0.1;271.0;0;7
37;68;34.3;10.3;27.0;282.3;0.0;271.0;0;7
37;69;20.6;17.5;40.0;290.3;0.1;271.0;0;7
37;70;27.2;12.8;37.0;278.7;0.0;271.0;0;7
37;71;100.0;0.5;1.0;273.4;0.0;271.0;0;7
37;72;100.0;0.5;1.0;273.4;0.0;271.0;0;7
37;73;100.0;0.5;1.0;273.4;0.0;271.0;0;7
37;74;100.0;0.5;1.0;273.4;0.0;271.0;0;7
37;75;78.5;4.5;13.0;275.1;0.0;271.0;0;7
37;76;100.0;1.4;4.0;273.9;0.0;271.0;0;7
37;77;57.5;6.1;13.0;279.0;0.0;271.0;0;7
37;78;100.0;0.5;1.0;273.4;0.0;271.0;0;7
37;79;100.0;0.5;1.0;273.4;0.0;271.0;0;7
37;80;100.0;0.5;1.0;273.4;0.0;271.0;0;7
37;81;100.0;0.5;1.0;273.4;0.0;271.0;0;7
37;82;100.0;0.5;1.0;273.4;0.0;271.0;0;7
37;83;100.0;0.5;1.0;273.4;0.0;271.0;0;7
37;84;100.0;0.5;1.0;273.4;0.0;271.0;0;7
37;85;100.0;0.5;1.0;273.4;0.0;271.0;0;7
37;86;100.0;0.5;1.0;273.4;0.0;271.0;0;7
37;87;100.0;0.5;1.0;273.4;0.0;271.0;0;7
37;88;100.0;0.5;1.0;273.4;0.0;271.0;0;7
37;89;78.5;4.5;13.0;275.1;0.0;271.0;0;7
37;90;100.0;0.5;1.0;273.4;0.0;271.0;0;7
37;91;100.0;0.5;1.0;273.4;0.0;271.0;0;7
37;92;60.6;5.8;13.0;276.9;0.0;271.0;0;7
37;93;54.8;6.4;13.0;278.6;0.0;271.0;0;7
37;94;100.0;0.5;1.0;273.4;0.0;271.0;0;7
37;95;100.0;0.5;1.0;273.3;0.0;271.0;0;7
37;96;100.0;0.5;1.0;273.3;0.0;271.0;0;7
37;97;77.6;4.5;13.0;275.0;0.0;271.0;0;7
37;98;64.3;5.5;13.0;277.6;0.0;271.0;0;7
37;99;61.7;5.7;13.0;277.1;0.0;271.0;0;7
37;100;100.0;0.5;1.0;273.3;0.0;271.0;0;7
37;101;100.0;0.5;1.0;273.3;0.0;271.0;0;7
37;102;61.7;5.7;13.0;277.1;0.0;271.0;0;7
37;103;64.3;5.5;13.0;277.6;0.0;271.0;0;7
37;104;72.2;4.9;13.0;278.4;0.0;271.0;0;7
37;105;67.7;5.2;13.0;278.0;0.0;271.0;0;7
37;106;64.3;5.5;13.0;277.6;0.0;271.0;0;7
37;107;8.7;42.1;101.0;308.1;0.1;271.0;0;7
37;108;9.9;36.1;84.0;298.4;0.1;271.0;0;7
37;109;21.5;16.6;41.0;288.0;0.1;271.0;0;7
37;110;23.7;15.0;44.0;285.9;0.1;271.0;0;7
37;111;42.6;8.3;21.0;278.7;0.0;271.0;0;7
37;112;53.0;6.6;16.0;277.6;0.0;271.0;0;7
37;113;100.0;0.5;1.0;273.3;0.0;271.0;0;7
37;114;100.0;0.5;1.0;273.3;0.0;271.0;0;7
37;115;64.3;5.5;13.0;277.6;0.0;271.0;0;7
37;116;78.9;4.4;13.0;275.4;0.0;271.0;0;7
37;117;67.7;5.2;13.0;278.0;0.0;271.0;0;7
37;118;100.0;2.8;7.0;274.7;0.0;271.0;0;7
37;119;60.6;5.8;13.0;276.9;0.0;271.0;0;7
37;120;76.2;4.6;13.0;275.6;0.0;271.0;0;7
37;121;100.0;0.5;1.0;273.3;0.0;271.0;0;7
37;122;98.8;3.5;10.0;275.0;0.0;271.0;0;7
37;123;100.0;1.8;4.0;274.1;0.0;271.0;0;7
37;124;77.6;4.5;13.0;275.0;0.0;271.0;0;7
37;125;72.2;4.9;13.0;278.4;0.0;271.0;0;7
37;126;78.4;4.5;10.0;278.9;0.0;271.0;0;7
37;127;100.0;0.5;1.0;273.3;0.0;271.0;0;7
37;128;100.0;0.5;1.0;273.3;0.0;271.0;0;7
37;129;86.5;4.1;13.0;276.6;0.0;271.0;0;7
37;130;82.5;4.3;13.0;276.1;0.0;271.0;0;7
37;131;100.0;0.3;1.0;273.1;0.0;271.0;0;7
37;132;77.8;4.5;13.0;275.3;0.0;271.0;0;7
37;133;79.7;4.4;13.0;275.7;0.0;271.0;0;7
37;134;100.0;3.5;10.0;277.4;0.0;271.0;0;7
37;135;100.0;0.3;1.0;273.1;0.0;271.0;0;7
37;136;100.0;0.3;1.0;273.1;0.0;271.0;0;7
37;137;79.7;4.4;13.0;275.7;0.0;271.0;0;7
37;138;100.0;0.3;1.0;273.1;0.0;271.0;0;7
37;139;79.7;4.4;13.0;275.7;0.0;271.0;0;7
37;140;86.5;4.1;13.0;276.6;0.0;271.0;0;7
37;141;100.0;0.3;1.0;273.1;0.0;271.0;0;7
37;142;82.5;4.3;13.0;276.1;0.0;271.0;0;7
37;143;79.7;4.4;13.0;275.7;0.0;271.0;0;7
37;144;92.3;3.8;13.0;277.0;0.0;271.0;0;7
37;145;86.5;4.1;13.0;276.6;0.0;271.0;0;7
37;146;86.5;4.1;13.0;276.6;0.0;271.0;0;7
37;147;86.5;4.1;13.0;276.6;0.0;271.0;0;7
37;148;100.0;0.3;1.0;273.1;0.0;271.0;0;7
37;149;86.5;4.1;13.0;276.6;0.0;271.0;0;7
38;0;5.7;83.7;193.0;410.7;0.2;275.0;1;1
38;1;7.4;61.3;143.0;385.0;0.2;275.0;0;1
38;2;6.7;68.8;166.0;395.0;0.2;275.0;0;1
38;3;5.7;82.6;196.0;409.0;0.2;274.0;1;2
38;4;6.2;73.2;174.0;389.9;0.2;274.0;0;2
38;5;8.2;53.1;139.0;364.7;0.1;274.0;0;2
38;6;7.0;62.7;172.0;375.4;0.2;274.0;0;2
38;7;7.0;63.3;153.0;378.7;0.2;274.0;0;2
38;8;6.9;65.8;155.0;385.0;0.2;274.0;0;2
38;9;7.4;58.9;146.0;370.7;0.2;274.0;0;2
38;10;7.5;57.9;141.0;368.7;0.2;274.0;0;2
38;11;7.8;54.4;138.0;357.3;0.2;274.0;0;2
38;12;7.5;58.8;154.0;374.0;0.2;274.0;0;2
38;13;8.3;51.0;129.0;355.7;0.1;274.0;0;2
38;14;8.7;48.7;125.0;355.1;0.1;274.0;0;2
38;15;11.2;36.6;93.0;338.4;0.1;274.0;0;2
38;16;9.8;42.9;107.0;348.7;0.1;273.0;1;3
38;17;12.7;31.0;80.0;322.9;0.1;273.0;0;3
38;18;9.9;41.3;101.0;341.4;0.1;273.0;0;3
38;19;14.7;26.6;66.0;320.0;0.1;273.0;0;3
38;20;10.7;36.3;87.0;321.7;0.1;273.0;0;3
38;21;8.3;47.4;105.0;328.9;0.1;273.0;0;3
38;22;13.7;28.3;62.0;318.0;0.1;273.0;0;3
38;23;12.0;31.4;74.0;310.6;0.1;271.0;1;4
38;24;14.5;26.0;70.0;307.1;0.1;271.0;0;4
38;25;16.2;22.8;51.0;299.9;0.1;271.0;0;4
38;26;29.4;12.4;29.0;291.4;0.0;271.0;0;4
38;27;24.3;15.2;33.0;296.9;0.1;271.0;0;4
38;28;31.6;11.5;34.0;290.0;0.0;271.0;0;4
38;29;72.1;5.0;12.0;283.9;0.0;271.0;0;4
38;30;67.9;5.3;12.0;284.4;0.0;271.0;0;4
38;31;65.3;5.5;13.0;284.3;0.0;271.0;0;4
38;32;44.8;8.0;23.0;285.1;0.0;271.0;0;4
38;33;61.8;5.8;12.0;283.7;0.0;271.0;0;4
38;34;100.0;0.7;2.0;277.4;0.0;271.0;0;4
38;35;100.0;0.5;1.0;277.6;0.0;271.0;0;4
38;36;100.0;0.5;1.0;277.6;0.0;271.0;0;4
38;37;nan;0.0;0.0;277.0;0.0;271.0;0;4
38;38;nan;0.0;0.0;277.0;0.0;271.0;0;4
38;39;nan;0.0;0.0;277.0;0.0;271.0;0;4
38;40;nan;0.0;0.0;277.0;0.0;271.0;0;4
38;41;nan;0.0;0.0;277.0;0.0;271.0;0;4
38;42;nan;0.0;0.0;277.0;0.0;271.0;0;4
38;43;nan;0.0;0.0;277.0;0.0;271.0;0;4
38;44;nan;0.0;0.0;277.0;0.0;271.0;0;4
38;45;nan;0.0;0.0;277.0;0.0;271.0;0;4
38;46;nan;0.0;0.0;277.0;0.0;271.0;0;4
38;47;nan;0.0;0.0;277.0;0.0;271.0;0;4
38;48;nan;0.0;0.0;277.0;0.0;271.0;0;4
38;49;nan;0.0;0.0;277.0;0.0;271.0;0;4
38;50;nan;0.0;0.0;277.0;0.0;271.0;0;4
38;51;nan;0.0;0.0;277.0;0.0;271.0;0;4
38;52;nan;0.0;0.0;277.0;0.0;271.0;0;4
38;53;nan;0.0;0.0;277.0;0.0;271.0;0;4
38;54;nan;0.0;0.0;277.0;0.0;271.0;0;4
38;55;nan;0.0;0.0;277.0;0.0;271.0;0;4
38;56;nan;0.0;0.0;277.0;0.0;271.0;0;4
38;57;nan;0.0;0.0;277.0;0.0;271.0;0;4
38;58;nan;0.0;0.0;277.0;0.0;271.0;0;4
38;59;nan;0.0;0.0;277.0;0.0;271.0;0;4
38;60;nan;0.0;0.0;277.0;0.0;271.0;0;4
38;61;nan;0.0;0.0;277.0;0.0;271.0;0;4
38;62;nan;0.0;0.0;277.0;0.0;271.0;0;4
38;63;nan;0.0;0.0;277.0;0.0;271.0;0;4
38;64;nan;0.0;0.0;277.0;0.0;271.0;0;4
38;65;nan;0.0;0.0;277.0;0.0;271.0;0;4
38;66;nan;0.0;0.0;277.0;0.0;271.0;0;4
38;67;nan;0.0;0.0;277.0;0.0;271.0;0;4
38;68;nan;0.0;0.0;277.0;0.0;271.0;0;4
38;69;8.3;45.6;101.0;318.4;0.1;271.0;0;4
38;70;10.3;36.3;86.0;309.3;0.1;271.0;0;4
38;71;11.1;33.5;81.0;308.1;0.1;271.0;0;4
38;72;11.1;33.5;75.0;306.4;0.1;271.0;0;4
38;73;12.6;29.4;73.0;303.0;0.1;271.0;0;4
38;74;14.1;26.1;60.0;300.6;0.1;271.0;0;4
38;75;16.2;22.6;53.0;297.4;0.1;271.0;0;4
38;76;31.0;11.7;30.0;288.6;0.0;271.0;0;4
38;77;21.8;16.6;39.0;291.6;0.1;271.0;0;4
38;78;100.0;0.9;2.0;277.0;0.0;271.0;0;4
38;79;100.0;1.0;2.0;276.9;0.0;271.0;0;4
38;80;24.6;14.5;33.0;286.1;0.1;271.0;0;4
38;81;100.0;1.0;2.0;276.9;0.0;271.0;0;4
38;82;16.4;21.9;55.0;291.9;0.1;271.0;0;4
38;83;18.3;19.8;50.0;292.6;0.1;271.0;0;4
38;84;30.2;11.8;27.0;283.4;0.0;271.0;0;4
38;85;12.2;28.9;84.0;289.3;0.1;271.0;0;4
38;86;nan;0.0;0.0;276.0;0.0;271.0;0;4
38;87;nan;0.0;0.0;276.0;0.0;271.0;0;4
38;88;nan;0.0;0.0;276.0;0.0;271.0;0;4
38;89;nan;0.0;0.0;276.0;0.0;271.0;0;4
38;90;nan;0.0;0.0;276.0;0.0;271.0;0;4
38;91;nan;0.0;0.0;276.0;0.0;271.0;0;4
38;92;nan;0.0;0.0;276.0;0.0;271.0;0;4
38;93;nan;0.0;0.0;276.0;0.0;271.0;0;4
38;94;nan;0.0;0.0;276.0;0.0;271.0;0;4
38;95;nan;0.0;0.0;276.0;0.0;271.0;0;4
38;96;nan;0.0;0.0;276.0;0.0;271.0;0;4
38;97;nan;0.0;0.0;276.0;0.0;271.0;0;4
38;98;nan;0.0;0.0;276.0;0.0;271.0;0;4
38;99;nan;0.0;0.0;276.0;0.0;271.0;0;4
38;100;nan;0.0;0.0;276.0;0.0;271.0;0;4
38;101;nan;0.0;0.0;276.0;0.0;271.0;0;4
38;102;nan;0.0;0.0;276.0;0.0;271.0;0;4
38;103;nan;0.0;0.0;276.0;0.0;271.0;0;4
38;104;nan;0.0;0.0;276.0;0.0;271.0;0;4
38;105;nan;0.0;0.0;276.0;0.0;271.0;0;4
38;106;nan;0.0;0.0;276.0;0.0;271.0;0;4
38;107;nan;0.0;0.0;276.0;0.0;271.0;0;4
38;108;nan;0.0;0.0;276.0;0.0;271.0;0;4
38;109;nan;0.0;0.0;276.0;0.0;271.0;0;4
38;110;nan;0.0;0.0;276.0;0.0;271.0;0;4
38;111;nan;0.0;0.0;276.0;0.0;271.0;0;4
38;112;nan;0.0;0.0;276.0;0.0;271.0;0;4
38;113;nan;0.0;0.0;276.0;0.0;271.0;0;4
38;114;9.4;38.6;89.0;303.6;0.1;271.0;0;4
38;115;15.2;23.6;66.0;291.6;0.1;271.0;0;4
38;116;10.8;33.2;83.0;296.3;0.1;271.0;0;4
38;117;10.5;34.8;80.0;301.3;0.1;271.0;0;4
38;118;12.0;30.1;73.0;296.4;0.1;271.0;0;4
38;119;21.6;16.6;43.0;288.6;0.1;271.0;0;4
38;120;11.1;32.7;76.0;299.4;0.1;271.0;0;4
38;121;14.8;24.3;64.0;291.9;0.1;271.0;0;4
38;122;9.6;37.8;90.0;301.4;0.1;271.0;0;4
38;123;13.3;27.0;66.0;294.0;0.1;271.0;0;4
38;124;11.1;32.3;77.0;297.1;0.1;271.0;0;4
38;125;10.4;34.8;79.0;299.0;0.1;271.0;0;4
38;126;11.0;32.8;85.0;298.0;0.1;271.0;0;4
38;127;16.4;21.9;51.0;292.0;0.1;271.0;0;4
38;128;16.3;22.1;52.0;292.6;0.1;271.0;0;4
38;129;9.0;40.0;101.0;302.6;0.1;271.0;0;4
38;130;12.2;29.4;76.0;294.7;0.1;271.0;0;4
38;131;5.8;64.3;145.0;319.4;0.2;271.0;0;4
38;132;10.1;35.4;97.0;298.1;0.1;271.0;0;4
38;133;nan;0.0;0.0;276.0;0.0;271.0;0;4
38;134;nan;0.0;0.0;276.0;0.0;271.0;0;4
38;135;nan;0.0;0.0;276.0;0.0;271.0;0;4
38;136;nan;0.0;0.0;276.0;0.0;271.0;0;4
38;137;nan;0.0;0.0;276.0;0.0;271.0;0;4
38;138;nan;0.0;0.0;276.0;0.0;271.0;0;4
38;139;nan;0.0;0.0;276.0;0.0;271.0;0;4
38;140;nan;0.0;0.0;276.0;0.0;271.0;0;4
38;141;nan;0.0;0.0;276.0;0.0;271.0;0;4
38;142;nan;0.0;0.0;276.0;0.0;271.0;0;4
38;143;nan;0.0;0.0;276.0;0.0;271.0;0;4
38;144;nan;0.0;0.0;276.0;0.0;271.0;0;4
38;145;nan;0.0;0.0;276.0;0.0;271.0;0;4
38;146;nan;0.0;0.0;276.0;0.0;271.0;0;4
38;147;nan;0.0;0.0;276.0;0.0;271.0;0;4
38;148;nan;0.0;0.0;276.0;0.0;271.0;0;4
38;149;nan;0.0;0.0;276.0;0.0;271.0;0;4
39;0;6.6;70.1;164.0;395.0;0.2;284.0;1;1
39;1;6.4;72.1;174.0;396.1;0.2;283.0;1;2
39;2;6.6;69.8;165.0;395.9;0.2;283.0;0;2
39;3;6.6;71.1;177.0;399.1;0.2;283.0;0;2
39;4;6.7;68.0;172.0;389.1;0.2;283.0;0;2
39;5;7.6;59.6;143.0;380.9;0.2;283.0;0;2
39;6;6.6;67.1;177.0;380.7;0.2;274.0;1;3
39;7;6.7;68.0;168.0;390.1;0.2;274.0;0;3
39;8;7.4;58.9;148.0;370.7;0.2;274.0;0;3
39;9;7.4;60.1;151.0;376.4;0.2;274.0;0;3
39;10;7.0;65.3;150.0;387.0;0.2;274.0;0;3
39;11;8.2;53.0;144.0;366.7;0.1;274.0;0;3
39;12;8.0;53.9;128.0;365.3;0.1;274.0;0;3
39;13;7.8;56.8;142.0;371.9;0.2;274.0;0;3
39;14;7.6;56.9;152.0;365.4;0.2;271.0;1;4
39;15;10.3;40.5;104.0;345.6;0.1;271.0;0;4
39;16;12.4;32.7;81.0;333.3;0.1;271.0;0;4
39;17;11.6;34.6;81.0;332.0;0.1;271.0;0;4
39;18;13.9;28.8;72.0;328.0;0.1;271.0;0;4
39;19;14.9;26.1;69.0;317.0;0.1;271.0;0;4
39;20;16.1;23.8;59.0;310.7;0.1;271.0;0;4
39;21;13.9;27.3;62.0;310.0;0.1;271.0;0;4
39;22;24.6;15.1;36.0;296.9;0.1;271.0;0;4
39;23;13.5;27.7;72.0;307.1;0.1;271.0;0;4
39;24;23.3;15.8;39.0;294.4;0.1;271.0;0;4
39;25;22.9;15.8;40.0;289.3;0.1;271.0;0;4
39;26;24.5;14.5;37.0;285.7;0.1;271.0;0;4
39;27;100.0;3.0;8.0;274.1;0.0;271.0;0;4
39;28;100.0;1.8;4.0;272.1;0.0;271.0;0;4
39;29;nan;0.0;0.0;271.0;0.0;271.0;0;4
39;30;nan;0.0;0.0;271.0;0.0;271.0;0;4
39;31;nan;0.0;0.0;271.0;0.0;271.0;0;4
39;32;nan;0.0;0.0;271.0;0.0;271.0;0;4
39;33;nan;0.0;0.0;271.0;0.0;271.0;0;4
39;34;nan;0.0;0.0;271.0;0.0;271.0;0;4
39;35;nan;0.0;0.0;271.0;0.0;271.0;0;4
39;36;nan;0.0;0.0;271.0;0.0;271.0;0;4
39;37;nan;0.0;0.0;271.0;0.0;271.0;0;4
39;38;nan;0.0;0.0;271.0;0.0;271.0;0;4
39;39;nan;0.0;0.0;271.0;0.0;271.0;0;4
39;40;nan;0.0;0.0;271.0;0.0;271.0;0;4
39;41;nan;0.0;0.0;271.0;0.0;271.0;0;4
39;42;nan;0.0;0.0;271.0;0.0;271.0;0;4
39;43;nan;0.0;0.0;271.0;0.0;271.0;0;4
39;44;nan;0.0;0.0;271.0;0.0;271.0;0;4
39;45;nan;0.0;0.0;271.0;0.0;271.0;0;4
39;46;nan;0.0;0.0;271.0;0.0;271.0;0;4
39;47;nan;0.0;0.0;271.0;0.0;271.0;0;4
39;48;nan;0.0;0.0;271.0;0.0;271.0;0;4
39;49;nan;0.0;0.0;271.0;0.0;271.0;0;4
39;50;nan;0.0;0.0;271.0;0.0;271.0;0;4
39;51;nan;0.0;0.0;271.0;0.0;271.0;0;4
39;52;nan;0.0;0.0;271.0;0.0;271.0;0;4
39;53;nan;0.0;0.0;271.0;0.0;271.0;0;4
39;54;nan;0.0;0.0;271.0;0.0;271.0;0;4
39;55;nan;0.0;0.0;271.0;0.0;271.0;0;4
39;56;nan;0.0;0.0;271.0;0.0;271.0;0;4
39;57;nan;0.0;0.0;271.0;0.0;271.0;0;4
39;58;nan;0.0;0.0;271.0;0.0;271.0;0;4
39;59;nan;0.0;0.0;271.0;0.0;271.0;0;4
39;60;7.9;48.5;114.0;322.4;0.2;271.0;0;4
39;61;9.4;40.5;86.0;318.3;0.1;271.0;0;4
39;62;8.3;45.6;104.0;319.3;0.1;271.0;0;4
39;63;14.6;25.3;68.0;301.0;0.1;271.0;0;4
39;64;10.3;35.6;83.0;305.4;0.1;271.0;0;4
39;65;13.0;28.0;64.0;298.7;0.1;271.0;0;4
39;66;23.0;15.7;39.0;290.1;0.1;271.0;0;4
39;67;17.1;21.2;49.0;293.1;0.1;271.0;0;4
39;68;nan;0.0;0.0;271.0;0.0;271.0;0;4
39;69;nan;0.0;0.0;271.0;0.0;271.0;0;4
39;70;nan;0.0;0.0;271.0;0.0;271.0;0;4
39;71;nan;0.0;0.0;271.0;0.0;271.0;0;4
39;72;nan;0.0;0.0;271.0;0.0;271.0;0;4
39;73;nan;0.0;0.0;271.0;0.0;271.0;0;4
39;74;nan;0.0;0.0;271.0;0.0;271.0;0;4
39;75;nan;0.0;0.0;271.0;0.0;271.0;0;4
39;76;nan;0.0;0.0;271.0;0.0;271.0;0;4
39;77;nan;0.0;0.0;271.0;0.0;271.0;0;4
39;78;nan;0.0;0.0;271.0;0.0;271.0;0;4
39;79;nan;0.0;0.0;271.0;0.0;271.0;0;4
39;80;nan;0.0;0.0;271.0;0.0;271.0;0;4
39;81;nan;0.0;0.0;271.0;0.0;271.0;0;4
39;82;nan;0.0;0.0;271.0;0.0;271.0;0;4
39;83;nan;0.0;0.0;271.0;0.0;271.0;0;4
39;84;nan;0.0;0.0;271.0;0.0;271.0;0;4
39;85;nan;0.0;0.0;271.0;0.0;271.0;0;4
39;86;nan;0.0;0.0;271.0;0.0;271.0;0;4
39;87;nan;0.0;0.0;271.0;0.0;271.0;0;4
39;88;nan;0.0;0.0;271.0;0.0;271.0;0;4
39;89;nan;0.0;0.0;271.0;0.0;271.0;0;4
39;90;nan;0.0;0.0;271.0;0.0;271.0;0;4
39;91;nan;0.0;0.0;271.0;0.0;271.0;0;4
39;92;nan;0.0;0.0;271.0;0.0;271.0;0;4
39;93;nan;0.0;0.0;271.0;0.0;271.0;0;4
39;94;nan;0.0;0.0;271.0;0.0;271.0;0;4
39;95;nan;0.0;0.0;271.0;0.0;271.0;0;4
39;96;nan;0.0;0.0;271.0;0.0;271.0;0;4
39;97;nan;0.0;0.0;271.0;0.0;271.0;0;4
39;98;nan;0.0;0.0;271.0;0.0;271.0;0;4
39;99;nan;0.0;0.0;271.0;0.0;271.0;0;4
39;100;nan;0.0;0.0;271.0;0.0;271.0;0;4
39;101;nan;0.0;0.0;271.0;0.0;271.0;0;4
39;102;nan;0.0;0.0;271.0;0.0;271.0;0;4
39;103;nan;0.0;0.0;271.0;0.0;271.0;0;4
39;104;nan;0.0;0.0;271.0;0.0;271.0;0;4
39;105;9.1;39.6;94.0;302.1;0.1;271.0;0;4
39;106;10.0;35.9;85.0;299.0;0.1;271.0;0;4
39;107;11.7;30.2;82.0;291.7;0.1;271.0;0;4
39;108;11.1;32.4;79.0;296.7;0.1;271.0;0;4
39;109;54.3;6.4;16.0;275.0;0.0;271.0;0;4
39;110;100.0;3.4;8.0;273.1;0.0;271.0;0;4
39;111;56.6;6.2;15.0;274.9;0.0;271.0;0;4
39;112;nan;0.0;0.0;271.0;0.0;271.0;0;4
39;113;nan;0.0;0.0;271.0;0.0;271.0;0;4
39;114;nan;0.0;0.0;271.0;0.0;271.0;0;4
39;115;nan;0.0;0.0;271.0;0.0;271.0;0;4
39;116;nan;0.0;0.0;271.0;0.0;271.0;0;4
39;117;nan;0.0;0.0;271.0;0.0;271.0;0;4
39;118;nan;0.0;0.0;271.0;0.0;271.0;0;4
39;119;nan;0.0;0.0;271.0;0.0;271.0;0;4
39;120;nan;0.0;0.0;271.0;0.0;271.0;0;4
39;121;nan;0.0;0.0;271.0;0.0;271.0;0;4
39;122;nan;0.0;0.0;271.0;0.0;271.0;0;4
39;123;nan;0.0;0.0;271.0;0.0;271.0;0;4
39;124;nan;0.0;0.0;271.0;0.0;271.0;0;4
39;125;nan;0.0;0.0;271.0;0.0;271.0;0;4
39;126;nan;0.0;0.0;271.0;0.0;271.0;0;4
39;127;nan;0.0;0.0;271.0;0.0;271.0;0;4
39;128;nan;0.0;0.0;271.0;0.0;271.0;0;4
39;129;nan;0.0;0.0;271.0;0.0;271.0;0;4
39;130;nan;0.0;0.0;271.0;0.0;271.0;0;4
39;131;nan;0.0;0.0;271.0;0.0;271.0;0;4
39;132;nan;0.0;0.0;271.0;0.0;271.0;0;4
39;133;nan;0.0;0.0;271.0;0.0;271.0;0;4
39;134;nan;0.0;0.0;271.0;0.0;271.0;0;4
39;135;nan;0.0;0.0;271.0;0.0;271.0;0;4
39;136;nan;0.0;0.0;271.0;0.0;271.0;0;4
39;137;nan;0.0;0.0;271.0;0.0;271.0;0;4
39;138;nan;0.0;0.0;271.0;0.0;271.0;0;4
39;139;nan;0.0;0.0;271.0;0.0;271.0;0;4
39;140;nan;0.0;0.0;271.0;0.0;271.0;0;4
39;141;nan;0.0;0.0;271.0;0.0;271.0;0;4
39;142;nan;0.0;0.0;271.0;0.0;271.0;0;4
39;143;nan;0.0;0.0;271.0;0.0;271.0;0;4
39;144;nan;0.0;0.0;271.0;0.0;271.0;0;4
39;145;nan;0.0;0.0;271.0;0.0;271.0;0;4
39;146;nan;0.0;0.0;271.0;0.0;271.0;0;4
39;147;nan;0.0;0.0;271.0;0.0;271.0;0;4
39;148;nan;0.0;0.0;271.0;0.0;271.0;0;4
39;149;nan;0.0;0.0;271.0;0.0;271.0;0;4
40;0;8.0;60.2;146.0;404.0;0.1;305.0;1;1
40;1;6.3;74.9;174.0;401.6;0.2;283.0;1;2
40;2;6.1;76.9;186.0;402.9;0.2;279.0;1;3
40;3;6.4;71.8;165.0;391.9;0.2;277.0;1;4
40;4;6.3;73.6;187.0;396.1;0.2;277.0;0;4
40;5;6.3;73.2;173.0;396.0;0.2;274.0;1;5
40;6;6.9;65.5;158.0;384.7;0.2;274.0;0;5
40;7;8.9;48.7;124.0;361.0;0.1;274.0;0;5
40;8;7.6;58.4;147.0;376.7;0.2;274.0;0;5
40;9;7.5;58.7;142.0;373.7;0.2;274.0;0;5
40;10;8.2;53.0;135.0;363.6;0.1;274.0;0;5
40;11;8.0;53.6;144.0;361.6;0.1;274.0;0;5
40;12;8.2;53.1;129.0;368.0;0.1;274.0;0;5
40;13;9.6;44.0;106.0;350.3;0.1;274.0;0;5
40;14;9.3;44.9;114.0;347.1;0.1;274.0;0;5
40;15;14.2;27.9;76.0;323.9;0.1;274.0;0;5
40;16;12.4;32.2;80.0;329.1;0.1;274.0;0;5
40;17;20.6;18.2;48.0;301.1;0.1;274.0;0;5
40;18;20.4;18.8;48.0;308.3;0.1;274.0;0;5
40;19;32.3;11.4;35.0;293.4;0.0;274.0;0;5
40;20;30.8;11.7;30.0;288.6;0.0;274.0;0;5
40;21;97.8;3.7;10.0;283.7;0.0;274.0;0;5
40;22;73.9;4.9;12.0;282.7;0.0;274.0;0;5
40;23;94.4;3.8;10.0;283.0;0.0;274.0;0;5
40;24;78.8;4.5;10.0;282.1;0.0;274.0;0;5
40;25;99.0;3.6;10.0;283.1;0.0;274.0;0;5
40;26;100.0;3.3;9.0;283.1;0.0;274.0;0;5
40;27;100.0;3.3;8.0;281.4;0.0;274.0;0;5
40;28;91.4;3.9;9.0;281.3;0.0;274.0;0;5
40;29;100.0;2.4;7.0;278.1;0.0;274.0;0;5
40;30;nan;0.0;0.0;277.0;0.0;274.0;0;5
40;31;82.3;4.3;9.0;281.0;0.0;274.0;0;5
40;32;nan;0.0;0.0;277.0;0.0;274.0;0;5
40;33;nan;0.0;0.0;277.0;0.0;274.0;0;5
40;34;nan;0.0;0.0;277.0;0.0;274.0;0;5
40;35;nan;0.0;0.0;277.0;0.0;274.0;0;5
40;36;nan;0.0;0.0;277.0;0.0;274.0;0;5
40;37;nan;0.0;0.0;277.0;0.0;274.0;0;5
40;38;nan;0.0;0.0;277.0;0.0;274.0;0;5
40;39;nan;0.0;0.0;277.0;0.0;274.0;0;5
40;40;nan;0.0;0.0;277.0;0.0;274.0;0;5
40;41;nan;0.0;0.0;277.0;0.0;274.0;0;5
40;42;nan;0.0;0.0;277.0;0.0;274.0;0;5
40;43;nan;0.0;0.0;277.0;0.0;274.0;0;5
40;44;nan;0.0;0.0;277.0;0.0;274.0;0;5
40;45;nan;0.0;0.0;277.0;0.0;274.0;0;5
40;46;nan;0.0;0.0;277.0;0.0;274.0;0;5
40;47;nan;0.0;0.0;277.0;0.0;274.0;0;5
40;48;nan;0.0;0.0;277.0;0.0;274.0;0;5
40;49;nan;0.0;0.0;277.0;0.0;274.0;0;5
40;50;nan;0.0;0.0;277.0;0.0;274.0;0;5
40;51;7.2;56.4;121.0;343.0;0.2;274.0;0;5
40;52;7.0;58.1;135.0;346.1;0.2;274.0;0;5
40;53;8.3;47.7;116.0;332.9;0.1;274.0;0;5
40;54;9.1;43.4;107.0;330.6;0.1;274.0;0;5
40;55;7.1;56.9;128.0;342.3;0.2;271.0;1;6
40;56;8.2;48.5;115.0;333.4;0.1;271.0;0;6
40;57;14.5;26.1;69.0;307.7;0.1;271.0;0;6
40;58;11.8;31.0;69.0;301.4;0.1;271.0;0;6
40;59;15.0;24.5;59.0;300.1;0.1;271.0;0;6
40;60;16.2;22.5;69.0;296.3;0.1;271.0;0;6
40;61;54.0;6.6;16.0;283.1;0.0;271.0;0;6
40;62;83.6;4.3;9.0;282.7;0.0;271.0;0;6
40;63;70.5;5.1;16.0;281.4;0.0;271.0;0;6
40;64;82.5;4.4;10.0;283.6;0.0;271.0;0;6
40;65;70.0;5.1;13.0;282.6;0.0;271.0;0;6
40;66;66.3;5.4;13.0;282.9;0.0;271.0;0;6
40;67;79.0;4.5;10.0;282.9;0.0;271.0;0;6
40;68;58.2;6.1;13.0;282.0;0.0;271.0;0;6
40;69;64.9;5.5;13.0;282.7;0.0;271.0;0;6
40;70;56.5;6.3;13.0;281.7;0.0;271.0;0;6
40;71;61.7;5.8;13.0;282.4;0.0;271.0;0;6
40;72;58.2;6.1;13.0;282.0;0.0;271.0;0;6
40;73;58.2;6.1;13.0;282.0;0.0;271.0;0;6
40;74;60.4;5.9;13.0;279.7;0.0;271.0;0;6
40;75;nan;0.0;0.0;276.0;0.0;271.0;0;6
40;76;nan;0.0;0.0;276.0;0.0;271.0;0;6
40;77;nan;0.0;0.0;276.0;0.0;271.0;0;6
40;78;nan;0.0;0.0;276.0;0.0;271.0;0;6
40;79;nan;0.0;0.0;276.0;0.0;271.0;0;6
40;80;nan;0.0;0.0;276.0;0.0;271.0;0;6
40;81;nan;0.0;0.0;276.0;0.0;271.0;0;6
40;82;nan;0.0;0.0;276.0;0.0;271.0;0;6
40;83;nan;0.0;0.0;276.0;0.0;271.0;0;6
40;84;nan;0.0;0.0;276.0;0.0;271.0;0;6
40;85;nan;0.0;0.0;276.0;0.0;271.0;0;6
40;86;nan;0.0;0.0;276.0;0.0;271.0;0;6
40;87;nan;0.0;0.0;276.0;0.0;271.0;0;6
40;88;nan;0.0;0.0;276.0;0.0;271.0;0;6
40;89;nan;0.0;0.0;276.0;0.0;271.0;0;6
40;90;nan;0.0;0.0;276.0;0.0;271.0;0;6
40;91;nan;0.0;0.0;276.0;0.0;271.0;0;6
40;92;nan;0.0;0.0;276.0;0.0;271.0;0;6
40;93;nan;0.0;0.0;276.0;0.0;271.0;0;6
40;94;nan;0.0;0.0;276.0;0.0;271.0;0;6
40;95;nan;0.0;0.0;276.0;0.0;271.0;0;6
40;96;nan;0.0;0.0;276.0;0.0;271.0;0;6
40;97;nan;0.0;0.0;276.0;0.0;271.0;0;6
40;98;nan;0.0;0.0;276.0;0.0;271.0;0;6
40;99;nan;0.0;0.0;276.0;0.0;271.0;0;6
40;100;nan;0.0;0.0;276.0;0.0;271.0;0;6
40;101;7.9;46.7;110.0;312.4;0.1;271.0;0;6
40;102;8.8;41.4;97.0;304.6;0.1;271.0;0;6
40;103;11.5;31.4;77.0;297.0;0.1;271.0;0;6
40;104;13.4;26.5;62.0;291.3;0.1;271.0;0;6
40;105;15.7;22.9;59.0;292.4;0.1;271.0;0;6
40;106;100.0;0.9;2.0;277.6;0.0;271.0;0;6
40;107;27.4;13.0;32.0;284.1;0.0;271.0;0;6
40;108;nan;0.0;0.0;277.0;0.0;271.0;0;6
40;109;nan;0.0;0.0;277.0;0.0;271.0;0;6
40;110;nan;0.0;0.0;277.0;0.0;271.0;0;6
40;111;nan;0.0;0.0;277.0;0.0;271.0;0;6
40;112;nan;0.0;0.0;277.0;0.0;271.0;0;6
40;113;nan;0.0;0.0;277.0;0.0;271.0;0;6
40;114;nan;0.0;0.0;277.0;0.0;271.0;0;6
40;115;nan;0.0;0.0;277.0;0.0;271.0;0;6
40;116;nan;0.0;0.0;277.0;0.0;271.0;0;6
40;117;nan;0.0;0.0;277.0;0.0;271.0;0;6
40;118;nan;0.0;0.0;277.0;0.0;271.0;0;6
40;119;nan;0.0;0.0;277.0;0.0;271.0;0;6
40;120;nan;0.0;0.0;277.0;0.0;271.0;0;6
40;121;nan;0.0;0.0;277.0;0.0;271.0;0;6
40;122;nan;0.0;0.0;277.0;0.0;271.0;0;6
40;123;nan;0.0;0.0;277.0;0.0;271.0;0;6
40;124;nan;0.0;0.0;277.0;0.0;271.0;0;6
40;125;nan;0.0;0.0;277.0;0.0;271.0;0;6
40;126;nan;0.0;0.0;277.0;0.0;271.0;0;6
40;127;nan;0.0;0.0;277.0;0.0;271.0;0;6
40;128;nan;0.0;0.0;277.0;0.0;271.0;0;6
40;129;nan;0.0;0.0;277.0;0.0;271.0;0;6
40;130;nan;0.0;0.0;277.0;0.0;271.0;0;6
40;131;nan;0.0;0.0;277.0;0.0;271.0;0;6
40;132;nan;0.0;0.0;277.0;0.0;271.0;0;6
40;133;nan;0.0;0.0;277.0;0.0;271.0;0;6
40;134;nan;0.0;0.0;277.0;0.0;271.0;0;6
40;135;nan;0.0;0.0;277.0;0.0;271.0;0;6
40;136;nan;0.0;0.0;277.0;0.0;271.0;0;6
40;137;nan;0.0;0.0;277.0;0.0;271.0;0;6
40;138;nan;0.0;0.0;277.0;0.0;271.0;0;6
40;139;nan;0.0;0.0;277.0;0.0;271.0;0;6
40;140;nan;0.0;0.0;277.0;0.0;271.0;0;6
40;141;nan;0.0;0.0;277.0;0.0;271.0;0;6
40;142;nan;0.0;0.0;277.0;0.0;271.0;0;6
40;143;nan;0.0;0.0;277.0;0.0;271.0;0;6
40;144;nan;0.0;0.0;277.0;0.0;271.0;0;6
40;145;100.0;0.7;2.0;276.7;0.0;271.0;0;6
40;146;10.3;34.5;102.0;293.9;0.1;271.0;0;6
40;147;21.8;16.3;48.0;284.6;0.1;271.0;0;6
40;148;nan;0.0;0.0;277.0;0.0;271.0;0;6
40;149;nan;0.0;0.0;277.0;0.0;271.0;0;6
41;0;6.1;77.4;187.0;404.3;0.2;283.0;1;1
41;1;5.8;83.3;196.0;414.6;0.2;280.0;1;2
41;2;6.4;71.4;167.0;389.9;0.2;278.0;1;3
41;3;6.0;78.6;194.0;403.3;0.2;278.0;0;3
41;4;6.4;73.2;173.0;400.6;0.2;278.0;0;3
41;5;6.2;74.6;185.0;394.9;0.2;278.0;0;3
41;6;6.6;69.2;165.0;387.4;0.2;275.0;1;4
41;7;7.6;58.0;136.0;372.7;0.2;275.0;0;4
41;8;7.6;56.9;146.0;367.7;0.2;275.0;0;4
41;9;7.2;61.2;146.0;373.1;0.2;275.0;0;4
41;10;8.0;54.2;130.0;367.3;0.1;275.0;0;4
41;11;8.2;52.1;126.0;361.4;0.1;274.0;1;5
41;12;8.5;48.8;126.0;349.6;0.1;274.0;0;5
41;13;7.5;59.1;149.0;373.4;0.2;274.0;0;5
41;14;10.7;38.5;100.0;340.1;0.1;274.0;0;5
41;15;10.8;38.8;106.0;346.3;0.1;274.0;0;5
41;16;9.3;45.1;119.0;350.7;0.1;274.0;0;5
41;17;10.6;39.2;98.0;343.1;0.1;274.0;0;5
41;18;9.8;41.8;108.0;339.6;0.1;274.0;0;5
41;19;10.5;39.6;99.0;345.9;0.1;274.0;0;5
41;20;11.5;33.2;74.0;314.6;0.1;273.0;1;6
41;21;12.8;29.7;70.0;310.7;0.1;273.0;0;6
41;22;15.4;24.3;65.0;304.3;0.1;273.0;0;6
41;23;14.8;25.4;59.0;306.4;0.1;273.0;0;6
41;24;17.3;21.7;54.0;304.4;0.1;273.0;0;6
41;25;16.2;23.2;65.0;304.6;0.1;273.0;0;6
41;26;19.6;18.7;50.0;296.0;0.1;273.0;0;6
41;27;35.2;10.2;29.0;285.4;0.0;273.0;0;6
41;28;56.3;6.3;17.0;279.0;0.0;273.0;0;6
41;29;67.3;5.3;12.0;279.9;0.0;273.0;0;6
41;30;nan;0.0;0.0;274.0;0.0;273.0;0;6
41;31;nan;0.0;0.0;274.0;0.0;273.0;0;6
41;32;nan;0.0;0.0;274.0;0.0;273.0;0;6
41;33;nan;0.0;0.0;274.0;0.0;273.0;0;6
41;34;nan;0.0;0.0;274.0;0.0;273.0;0;6
41;35;nan;0.0;0.0;274.0;0.0;273.0;0;6
41;36;nan;0.0;0.0;274.0;0.0;273.0;0;6
41;37;nan;0.0;0.0;274.0;0.0;273.0;0;6
41;38;nan;0.0;0.0;274.0;0.0;273.0;0;6
41;39;nan;0.0;0.0;274.0;0.0;273.0;0;6
41;40;nan;0.0;0.0;274.0;0.0;273.0;0;6
41;41;nan;0.0;0.0;274.0;0.0;273.0;0;6
41;42;nan;0.0;0.0;274.0;0.0;273.0;0;6
41;43;nan;0.0;0.0;274.0;0.0;273.0;0;6
41;44;nan;0.0;0.0;274.0;0.0;273.0;0;6
41;45;nan;0.0;0.0;274.0;0.0;273.0;0;6
41;46;nan;0.0;0.0;274.0;0.0;273.0;0;6
41;47;nan;0.0;0.0;274.0;0.0;273.0;0;6
41;48;nan;0.0;0.0;274.0;0.0;273.0;0;6
41;49;nan;0.0;0.0;274.0;0.0;273.0;0;6
41;50;nan;0.0;0.0;274.0;0.0;273.0;0;6
41;51;nan;0.0;0.0;274.0;0.0;273.0;0;6
41;52;nan;0.0;0.0;274.0;0.0;273.0;0;6
41;53;nan;0.0;0.0;274.0;0.0;273.0;0;6
41;54;nan;0.0;0.0;274.0;0.0;273.0;0;6
41;55;nan;0.0;0.0;274.0;0.0;273.0;0;6
41;56;nan;0.0;0.0;274.0;0.0;273.0;0;6
41;57;nan;0.0;0.0;274.0;0.0;273.0;0;6
41;58;nan;0.0;0.0;274.0;0.0;273.0;0;6
41;59;nan;0.0;0.0;274.0;0.0;273.0;0;6
41;60;nan;0.0;0.0;274.0;0.0;273.0;0;6
41;61;nan;0.0;0.0;274.0;0.0;273.0;0;6
41;62;nan;0.0;0.0;274.0;0.0;273.0;0;6
41;63;nan;0.0;0.0;274.0;0.0;273.0;0;6
41;64;nan;0.0;0.0;274.0;0.0;273.0;0;6
41;65;nan;0.0;0.0;274.0;0.0;273.0;0;6
41;66;7.3;52.3;110.0;321.7;0.2;273.0;0;6
41;67;10.0;37.3;84.0;310.1;0.1;273.0;0;6
41;68;9.2;40.7;89.0;311.9;0.1;271.0;1;7
41;69;14.6;25.5;59.0;304.0;0.1;271.0;0;7
41;70;15.0;24.1;59.0;294.6;0.1;271.0;0;7
41;71;12.4;29.4;65.0;300.0;0.1;271.0;0;7
41;72;25.4;14.1;34.0;286.7;0.0;271.0;0;7
41;73;100.0;2.9;6.0;275.7;0.0;271.0;0;7
41;74;nan;0.0;0.0;273.0;0.0;271.0;0;7
41;75;nan;0.0;0.0;273.0;0.0;271.0;0;7
41;76;nan;0.0;0.0;273.0;0.0;271.0;0;7
41;77;nan;0.0;0.0;273.0;0.0;271.0;0;7
41;78;nan;0.0;0.0;273.0;0.0;271.0;0;7
41;79;nan;0.0;0.0;273.0;0.0;271.0;0;7
41;80;nan;0.0;0.0;273.0;0.0;271.0;0;7
41;81;nan;0.0;0.0;273.0;0.0;271.0;0;7
41;82;nan;0.0;0.0;273.0;0.0;271.0;0;7
41;83;nan;0.0;0.0;273.0;0.0;271.0;0;7
41;84;nan;0.0;0.0;273.0;0.0;271.0;0;7
41;85;nan;0.0;0.0;273.0;0.0;271.0;0;7
41;86;nan;0.0;0.0;273.0;0.0;271.0;0;7
41;87;nan;0.0;0.0;273.0;0.0;271.0;0;7
41;88;nan;0.0;0.0;273.0;0.0;271.0;0;7
41;89;nan;0.0;0.0;273.0;0.0;271.0;0;7
41;90;nan;0.0;0.0;273.0;0.0;271.0;0;7
41;91;nan;0.0;0.0;273.0;0.0;271.0;0;7
41;92;nan;0.0;0.0;273.0;0.0;271.0;0;7
41;93;nan;0.0;0.0;273.0;0.0;271.0;0;7
41;94;nan;0.0;0.0;273.0;0.0;271.0;0;7
41;95;nan;0.0;0.0;273.0;0.0;271.0;0;7
41;96;nan;0.0;0.0;273.0;0.0;271.0;0;7
41;97;nan;0.0;0.0;273.0;0.0;271.0;0;7
41;98;nan;0.0;0.0;273.0;0.0;271.0;0;7
41;99;nan;0.0;0.0;273.0;0.0;271.0;0;7
41;100;nan;0.0;0.0;273.0;0.0;271.0;0;7
41;101;nan;0.0;0.0;273.0;0.0;271.0;0;7
41;102;nan;0.0;0.0;273.0;0.0;271.0;0;7
41;103;nan;0.0;0.0;273.0;0.0;271.0;0;7
41;104;nan;0.0;0.0;273.0;0.0;271.0;0;7
41;105;nan;0.0;0.0;273.0;0.0;271.0;0;7
41;106;nan;0.0;0.0;273.0;0.0;271.0;0;7
41;107;nan;0.0;0.0;273.0;0.0;271.0;0;7
41;108;nan;0.0;0.0;273.0;0.0;271.0;0;7
41;109;nan;0.0;0.0;273.0;0.0;271.0;0;7
41;110;nan;0.0;0.0;273.0;0.0;271.0;0;7
41;111;nan;0.0;0.0;273.0;0.0;271.0;0;7
41;112;nan;0.0;0.0;273.0;0.0;271.0;0;7
41;113;nan;0.0;0.0;273.0;0.0;271.0;0;7
41;114;26.1;13.5;32.0;283.3;0.0;271.0;0;7
41;115;45.2;7.8;21.0;280.6;0.0;271.0;0;7
41;116;100.0;1.7;5.0;273.7;0.0;271.0;0;7
41;117;nan;0.0;0.0;273.0;0.0;271.0;0;7
41;118;nan;0.0;0.0;273.0;0.0;271.0;0;7
41;119;nan;0.0;0.0;273.0;0.0;271.0;0;7
41;120;nan;0.0;0.0;273.0;0.0;271.0;0;7
41;121;nan;0.0;0.0;273.0;0.0;271.0;0;7
41;122;nan;0.0;0.0;273.0;0.0;271.0;0;7
41;123;nan;0.0;0.0;273.0;0.0;271.0;0;7
41;124;nan;0.0;0.0;273.0;0.0;271.0;0;7
41;125;nan;0.0;0.0;273.0;0.0;271.0;0;7
41;126;nan;0.0;0.0;273.0;0.0;271.0;0;7
41;127;nan;0.0;0.0;273.0;0.0;271.0;0;7
41;128;nan;0.0;0.0;273.0;0.0;271.0;0;7
41;129;nan;0.0;0.0;273.0;0.0;271.0;0;7
41;130;nan;0.0;0.0;273.0;0.0;271.0;0;7
41;131;nan;0.0;0.0;273.0;0.0;271.0;0;7
41;132;nan;0.0;0.0;273.0;0.0;271.0;0;7
41;133;nan;0.0;0.0;273.0;0.0;271.0;0;7
41;134;nan;0.0;0.0;273.0;0.0;271.0;0;7
41;135;nan;0.0;0.0;273.0;0.0;271.0;0;7
41;136;nan;0.0;0.0;273.0;0.0;271.0;0;7
41;137;nan;0.0;0.0;273.0;0.0;271.0;0;7
41;138;nan;0.0;0.0;273.0;0.0;271.0;0;7
41;139;nan;0.0;0.0;273.0;0.0;271.0;0;7
41;140;nan;0.0;0.0;273.0;0.0;271.0;0;7
41;141;nan;0.0;0.0;273.0;0.0;271.0;0;7
41;142;nan;0.0;0.0;273.0;0.0;271.0;0;7
41;143;nan;0.0;0.0;273.0;0.0;271.0;0;7
41;144;nan;0.0;0.0;273.0;0.0;271.0;0;7
41;145;nan;0.0;0.0;273.0;0.0;271.0;0;7
41;146;nan;0.0;0.0;273.0;0.0;271.0;0;7
41;147;nan;0.0;0.0;273.0;0.0;271.0;0;7
41;148;nan;0.0;0.0;273.0;0.0;271.0;0;7
41;149;nan;0.0;0.0;273.0;0.0;271.0;0;7
42;0;6.1;76.2;178.0;402.1;0.2;278.0;1;1
42;1;6.5;70.4;178.0;392.0;0.2;278.0;0;1
42;2;6.2;75.2;179.0;399.6;0.2;277.0;1;2
42;3;6.6;67.7;160.0;382.0;0.2;274.0;1;3
42;4;6.3;74.3;174.0;399.1;0.2;274.0;0;3
42;5;7.9;55.3;149.0;368.1;0.2;274.0;0;3
42;6;6.9;64.9;163.0;380.3;0.2;274.0;0;3
42;7;7.0;64.4;153.0;382.4;0.2;274.0;0;3
42;8;7.6;58.0;138.0;373.4;0.2;274.0;0;3
42;9;8.2;52.7;134.0;364.7;0.1;274.0;0;3
42;10;7.4;60.1;151.0;376.4;0.2;274.0;0;3
42;11;7.7;56.5;141.0;367.3;0.2;274.0;0;3
42;12;7.8;56.4;131.0;370.6;0.2;274.0;0;3
42;13;8.7;48.9;127.0;357.1;0.1;274.0;0;3
42;14;7.7;56.6;144.0;368.1;0.2;274.0;0;3
42;15;8.4;50.4;125.0;356.9;0.1;274.0;0;3
42;16;9.4;44.9;113.0;351.4;0.1;274.0;0;3
42;17;11.4;35.7;87.0;334.9;0.1;274.0;0;3
42;18;10.0;41.3;114.0;341.9;0.1;271.0;1;4
42;19;11.3;34.6;95.0;322.9;0.1;271.0;0;4
42;20;11.9;32.1;74.0;315.3;0.1;271.0;0;4
42;21;15.5;24.0;58.0;302.9;0.1;271.0;0;4
42;22;17.2;21.8;54.0;304.7;0.1;271.0;0;4
42;23;16.6;22.5;55.0;303.1;0.1;271.0;0;4
42;24;22.8;16.0;42.0;293.4;0.1;271.0;0;4
42;25;26.9;13.3;39.0;286.4;0.0;271.0;0;4
42;26;34.5;10.1;24.0;278.1;0.0;271.0;0;4
42;27;nan;0.0;0.0;271.0;0.0;271.0;0;4
42;28;nan;0.0;0.0;271.0;0.0;271.0;0;4
42;29;nan;0.0;0.0;271.0;0.0;271.0;0;4
42;30;nan;0.0;0.0;271.0;0.0;271.0;0;4
42;31;nan;0.0;0.0;271.0;0.0;271.0;0;4
42;32;nan;0.0;0.0;271.0;0.0;271.0;0;4
42;33;nan;0.0;0.0;271.0;0.0;271.0;0;4
42;34;nan;0.0;0.0;271.0;0.0;271.0;0;4
42;35;nan;0.0;0.0;271.0;0.0;271.0;0;4
42;36;nan;0.0;0.0;271.0;0.0;271.0;0;4
42;37;nan;0.0;0.0;271.0;0.0;271.0;0;4
42;38;nan;0.0;0.0;271.0;0.0;271.0;0;4
42;39;nan;0.0;0.0;271.0;0.0;271.0;0;4
42;40;nan;0.0;0.0;271.0;0.0;271.0;0;4
42;41;nan;0.0;0.0;271.0;0.0;271.0;0;4
42;42;nan;0.0;0.0;271.0;0.0;271.0;0;4
42;43;nan;0.0;0.0;271.0;0.0;271.0;0;4
42;44;nan;0.0;0.0;271.0;0.0;271.0;0;4
42;45;nan;0.0;0.0;271.0;0.0;271.0;0;4
42;46;nan;0.0;0.0;271.0;0.0;271.0;0;4
42;47;nan;0.0;0.0;271.0;0.0;271.0;0;4
42;48;nan;0.0;0.0;271.0;0.0;271.0;0;4
42;49;nan;0.0;0.0;271.0;0.0;271.0;0;4
42;50;nan;0.0;0.0;271.0;0.0;271.0;0;4
42;51;nan;0.0;0.0;271.0;0.0;271.0;0;4
42;52;nan;0.0;0.0;271.0;0.0;271.0;0;4
42;53;nan;0.0;0.0;271.0;0.0;271.0;0;4
42;54;nan;0.0;0.0;271.0;0.0;271.0;0;4
42;55;nan;0.0;0.0;271.0;0.0;271.0;0;4
42;56;nan;0.0;0.0;271.0;0.0;271.0;0;4
42;57;nan;0.0;0.0;271.0;0.0;271.0;0;4
42;58;nan;0.0;0.0;271.0;0.0;271.0;0;4
42;59;nan;0.0;0.0;271.0;0.0;271.0;0;4
42;60;nan;0.0;0.0;271.0;0.0;271.0;0;4
42;61;nan;0.0;0.0;271.0;0.0;271.0;0;4
42;62;nan;0.0;0.0;271.0;0.0;271.0;0;4
42;63;nan;0.0;0.0;271.0;0.0;271.0;0;4
42;64;9.7;38.6;91.0;311.3;0.1;271.0;0;4
42;65;8.4;45.1;101.0;318.6;0.1;271.0;0;4
42;66;9.5;39.4;91.0;312.6;0.1;271.0;0;4
42;67;13.1;28.1;65.0;301.7;0.1;271.0;0;4
42;68;10.6;34.4;77.0;302.1;0.1;271.0;0;4
42;69;14.7;25.3;56.0;303.0;0.1;271.0;0;4
42;70;17.0;21.4;50.0;295.6;0.1;271.0;0;4
42;71;18.8;19.2;50.0;291.9;0.1;271.0;0;4
42;72;96.4;3.7;9.0;278.9;0.0;271.0;0;4
42;73;73.7;4.8;13.0;279.9;0.0;271.0;0;4
42;74;96.4;3.7;9.0;278.9;0.0;271.0;0;4
42;75;92.6;3.8;10.0;278.9;0.0;271.0;0;4
42;76;100.0;3.5;7.0;279.0;0.0;271.0;0;4
42;77;100.0;2.4;7.0;277.7;0.0;271.0;0;4
42;78;100.0;3.2;7.0;278.0;0.0;271.0;0;4
42;79;100.0;2.4;7.0;277.0;0.0;271.0;0;4
42;80;71.2;5.0;14.0;279.3;0.0;271.0;0;4
42;81;100.0;2.8;10.0;276.6;0.0;271.0;0;4
42;82;80.4;4.4;12.0;278.3;0.0;271.0;0;4
42;83;8.7;41.5;125.0;302.3;0.1;271.0;0;4
42;84;37.4;9.5;28.0;282.0;0.0;271.0;0;4
42;85;6.7;54.7;121.0;310.6;0.2;271.0;0;4
42;86;nan;0.0;0.0;276.0;0.0;271.0;0;4
42;87;100.0;1.7;5.0;275.3;0.0;271.0;0;4
42;88;nan;0.0;0.0;276.0;0.0;271.0;0;4
42;89;100.0;2.3;5.0;274.6;0.0;271.0;0;4
42;90;100.0;1.7;5.0;275.3;0.0;271.0;0;4
42;91;nan;0.0;0.0;276.0;0.0;271.0;0;4
42;92;100.0;2.3;5.0;274.6;0.0;271.0;0;4
42;93;100.0;2.3;5.0;274.6;0.0;271.0;0;4
42;94;100.0;2.5;5.0;273.9;0.0;271.0;0;4
42;95;100.0;1.7;5.0;271.7;0.0;271.0;0;4
42;96;100.0;2.3;5.0;272.4;0.0;271.0;0;4
42;97;nan;0.0;0.0;271.0;0.0;271.0;0;4
42;98;nan;0.0;0.0;271.0;0.0;271.0;0;4
42;99;nan;0.0;0.0;271.0;0.0;271.0;0;4
42;100;nan;0.0;0.0;271.0;0.0;271.0;0;4
42;101;nan;0.0;0.0;271.0;0.0;271.0;0;4
42;102;nan;0.0;0.0;271.0;0.0;271.0;0;4
42;103;nan;0.0;0.0;271.0;0.0;271.0;0;4
42;104;nan;0.0;0.0;271.0;0.0;271.0;0;4
42;105;nan;0.0;0.0;271.0;0.0;271.0;0;4
42;106;nan;0.0;0.0;271.0;0.0;271.0;0;4
42;107;nan;0.0;0.0;271.0;0.0;271.0;0;4
42;108;nan;0.0;0.0;271.0;0.0;271.0;0;4
42;109;11.7;31.3;76.0;301.7;0.1;271.0;0;4
42;110;15.5;23.5;61.0;296.0;0.1;271.0;0;4
42;111;20.4;17.4;44.0;285.4;0.1;271.0;0;4
42;112;35.2;10.0;27.0;281.4;0.0;271.0;0;4
42;113;nan;0.0;0.0;271.0;0.0;271.0;0;4
42;114;nan;0.0;0.0;271.0;0.0;271.0;0;4
42;115;nan;0.0;0.0;271.0;0.0;271.0;0;4
42;116;nan;0.0;0.0;271.0;0.0;271.0;0;4
42;117;nan;0.0;0.0;271.0;0.0;271.0;0;4
42;118;nan;0.0;0.0;271.0;0.0;271.0;0;4
42;119;nan;0.0;0.0;271.0;0.0;271.0;0;4
42;120;nan;0.0;0.0;271.0;0.0;271.0;0;4
42;121;nan;0.0;0.0;271.0;0.0;271.0;0;4
42;122;nan;0.0;0.0;271.0;0.0;271.0;0;4
42;123;nan;0.0;0.0;271.0;0.0;271.0;0;4
42;124;nan;0.0;0.0;271.0;0.0;271.0;0;4
42;125;nan;0.0;0.0;271.0;0.0;271.0;0;4
42;126;nan;0.0;0.0;271.0;0.0;271.0;0;4
42;127;nan;0.0;0.0;271.0;0.0;271.0;0;4
42;128;nan;0.0;0.0;271.0;0.0;271.0;0;4
42;129;nan;0.0;0.0;271.0;0.0;271.0;0;4
42;130;nan;0.0;0.0;271.0;0.0;271.0;0;4
42;131;nan;0.0;0.0;271.0;0.0;271.0;0;4
42;132;nan;0.0;0.0;271.0;0.0;271.0;0;4
42;133;nan;0.0;0.0;271.0;0.0;271.0;0;4
42;134;nan;0.0;0.0;271.0;0.0;271.0;0;4
42;135;nan;0.0;0.0;271.0;0.0;271.0;0;4
42;136;nan;0.0;0.0;271.0;0.0;271.0;0;4
42;137;nan;0.0;0.0;271.0;0.0;271.0;0;4
42;138;nan;0.0;0.0;271.0;0.0;271.0;0;4
42;139;nan;0.0;0.0;271.0;0.0;271.0;0;4
42;140;nan;0.0;0.0;271.0;0.0;271.0;0;4
42;141;nan;0.0;0.0;271.0;0.0;271.0;0;4
42;142;nan;0.0;0.0;271.0;0.0;271.0;0;4
42;143;nan;0.0;0.0;271.0;0.0;271.0;0;4
42;144;nan;0.0;0.0;271.0;0.0;271.0;0;4
42;145;nan;0.0;0.0;271.0;0.0;271.0;0;4
42;146;nan;0.0;0.0;271.0;0.0;271.0;0;4
42;147;nan;0.0;0.0;271.0;0.0;271.0;0;4
42;148;nan;0.0;0.0;271.0;0.0;271.0;0;4
42;149;nan;0.0;0.0;271.0;0.0;271.0;0;4
43;0;5.7;83.8;197.0;415.4;0.2;279.0;1;1
43;1;6.3;73.6;197.0;396.4;0.2;277.0;1;2
43;2;6.2;75.1;176.0;401.0;0.2;277.0;0;2
43;3;6.7;69.3;173.0;395.9;0.2;277.0;0;2
43;4;6.1;77.9;186.0;406.1;0.2;277.0;0;2
43;5;6.9;66.3;171.0;388.7;0.2;277.0;0;2
43;6;7.3;61.7;156.0;380.6;0.2;277.0;0;2
43;7;6.5;71.0;172.0;392.1;0.2;276.0;1;3
43;8;7.7;57.1;142.0;371.0;0.2;276.0;0;3
43;9;7.2;62.0;149.0;378.4;0.2;276.0;0;3
43;10;6.8;66.7;153.0;386.6;0.2;276.0;0;3
43;11;7.5;58.5;139.0;373.1;0.2;276.0;0;3
43;12;7.1;62.2;149.0;377.6;0.2;276.0;0;3
43;13;8.8;49.0;128.0;359.9;0.1;276.0;0;3
43;14;7.9;54.9;135.0;364.7;0.2;276.0;0;3
43;15;11.7;35.0;86.0;338.0;0.1;276.0;0;3
43;16;9.9;41.8;110.0;344.3;0.1;275.0;1;4
43;17;9.9;41.7;107.0;343.1;0.1;273.0;1;5
43;18;11.1;36.6;87.0;336.1;0.1;273.0;0;5
43;19;10.5;38.1;103.0;332.1;0.1;273.0;0;5
43;20;8.6;45.8;111.0;332.0;0.1;271.0;1;6
43;21;11.6;33.7;80.0;321.1;0.1;271.0;0;6
43;22;14.9;25.1;56.0;304.9;0.1;271.0;0;6
43;23;24.9;14.6;35.0;291.4;0.1;271.0;0;6
43;24;18.1;20.3;49.0;297.1;0.1;271.0;0;6
43;25;30.9;11.8;31.0;290.1;0.0;271.0;0;6
43;26;42.5;8.4;24.0;284.1;0.0;271.0;0;6
43;27;84.0;4.2;9.0;278.9;0.0;271.0;0;6
43;28;91.4;3.8;9.0;276.4;0.0;271.0;0;6
43;29;nan;0.0;0.0;274.0;0.0;271.0;0;6
43;30;nan;0.0;0.0;274.0;0.0;271.0;0;6
43;31;100.0;0.3;1.0;273.9;0.0;271.0;0;6
43;32;nan;0.0;0.0;274.0;0.0;271.0;0;6
43;33;nan;0.0;0.0;274.0;0.0;271.0;0;6
43;34;nan;0.0;0.0;274.0;0.0;271.0;0;6
43;35;nan;0.0;0.0;274.0;0.0;271.0;0;6
43;36;nan;0.0;0.0;274.0;0.0;271.0;0;6
43;37;nan;0.0;0.0;274.0;0.0;271.0;0;6
43;38;nan;0.0;0.0;274.0;0.0;271.0;0;6
43;39;nan;0.0;0.0;274.0;0.0;271.0;0;6
43;40;nan;0.0;0.0;274.0;0.0;271.0;0;6
43;41;nan;0.0;0.0;274.0;0.0;271.0;0;6
43;42;nan;0.0;0.0;274.0;0.0;271.0;0;6
43;43;nan;0.0;0.0;274.0;0.0;271.0;0;6
43;44;nan;0.0;0.0;274.0;0.0;271.0;0;6
43;45;nan;0.0;0.0;274.0;0.0;271.0;0;6
43;46;nan;0.0;0.0;274.0;0.0;271.0;0;6
43;47;nan;0.0;0.0;274.0;0.0;271.0;0;6
43;48;nan;0.0;0.0;274.0;0.0;271.0;0;6
43;49;nan;0.0;0.0;274.0;0.0;271.0;0;6
43;50;nan;0.0;0.0;274.0;0.0;271.0;0;6
43;51;nan;0.0;0.0;274.0;0.0;271.0;0;6
43;52;nan;0.0;0.0;274.0;0.0;271.0;0;6
43;53;nan;0.0;0.0;274.0;0.0;271.0;0;6
43;54;nan;0.0;0.0;274.0;0.0;271.0;0;6
43;55;nan;0.0;0.0;274.0;0.0;271.0;0;6
43;56;nan;0.0;0.0;274.0;0.0;271.0;0;6
43;57;nan;0.0;0.0;274.0;0.0;271.0;0;6
43;58;nan;0.0;0.0;274.0;0.0;271.0;0;6
43;59;nan;0.0;0.0;274.0;0.0;271.0;0;6
43;60;nan;0.0;0.0;274.0;0.0;271.0;0;6
43;61;nan;0.0;0.0;274.0;0.0;271.0;0;6
43;62;nan;0.0;0.0;274.0;0.0;271.0;0;6
43;63;nan;0.0;0.0;274.0;0.0;271.0;0;6
43;64;nan;0.0;0.0;274.0;0.0;271.0;0;6
43;65;nan;0.0;0.0;274.0;0.0;271.0;0;6
43;66;7.2;52.9;120.0;322.4;0.2;271.0;0;6
43;67;9.0;41.9;93.0;314.3;0.1;271.0;0;6
43;68;14.0;26.5;61.0;303.6;0.1;271.0;0;6
43;69;15.2;23.7;58.0;294.0;0.1;271.0;0;6
43;70;16.2;22.6;54.0;298.0;0.1;271.0;0;6
43;71;34.8;10.2;27.0;281.9;0.0;271.0;0;6
43;72;44.1;8.0;22.0;279.7;0.0;271.0;0;6
43;73;100.0;3.1;9.0;275.7;0.0;271.0;0;6
43;74;nan;0.0;0.0;274.0;0.0;271.0;0;6
43;75;nan;0.0;0.0;274.0;0.0;271.0;0;6
43;76;nan;0.0;0.0;274.0;0.0;271.0;0;6
43;77;nan;0.0;0.0;274.0;0.0;271.0;0;6
43;78;nan;0.0;0.0;274.0;0.0;271.0;0;6
43;79;nan;0.0;0.0;274.0;0.0;271.0;0;6
43;80;nan;0.0;0.0;274.0;0.0;271.0;0;6
43;81;nan;0.0;0.0;274.0;0.0;271.0;0;6
43;82;nan;0.0;0.0;274.0;0.0;271.0;0;6
43;83;nan;0.0;0.0;274.0;0.0;271.0;0;6
43;84;nan;0.0;0.0;274.0;0.0;271.0;0;6
43;85;nan;0.0;0.0;274.0;0.0;271.0;0;6
43;86;nan;0.0;0.0;274.0;0.0;271.0;0;6
43;87;nan;0.0;0.0;274.0;0.0;271.0;0;6
43;88;nan;0.0;0.0;274.0;0.0;271.0;0;6
43;89;nan;0.0;0.0;274.0;0.0;271.0;0;6
43;90;nan;0.0;0.0;274.0;0.0;271.0;0;6
43;91;nan;0.0;0.0;274.0;0.0;271.0;0;6
43;92;nan;0.0;0.0;274.0;0.0;271.0;0;6
43;93;nan;0.0;0.0;274.0;0.0;271.0;0;6
43;94;nan;0.0;0.0;274.0;0.0;271.0;0;6
43;95;nan;0.0;0.0;274.0;0.0;271.0;0;6
43;96;nan;0.0;0.0;274.0;0.0;271.0;0;6
43;97;nan;0.0;0.0;274.0;0.0;271.0;0;6
43;98;nan;0.0;0.0;274.0;0.0;271.0;0;6
43;99;nan;0.0;0.0;274.0;0.0;271.0;0;6
43;100;nan;0.0;0.0;274.0;0.0;271.0;0;6
43;101;nan;0.0;0.0;274.0;0.0;271.0;0;6
43;102;nan;0.0;0.0;274.0;0.0;271.0;0;6
43;103;nan;0.0;0.0;274.0;0.0;271.0;0;6
43;104;nan;0.0;0.0;274.0;0.0;271.0;0;6
43;105;nan;0.0;0.0;274.0;0.0;271.0;0;6
43;106;nan;0.0;0.0;274.0;0.0;271.0;0;6
43;107;nan;0.0;0.0;274.0;0.0;271.0;0;6
43;108;nan;0.0;0.0;274.0;0.0;271.0;0;6
43;109;nan;0.0;0.0;274.0;0.0;271.0;0;6
43;110;nan;0.0;0.0;274.0;0.0;271.0;0;6
43;111;7.4;50.2;123.0;313.6;0.2;271.0;0;6
43;112;10.5;34.7;82.0;303.3;0.1;271.0;0;6
43;113;18.3;19.7;48.0;291.1;0.1;271.0;0;6
43;114;20.5;17.5;45.0;290.1;0.1;271.0;0;6
43;115;23.7;15.2;38.0;288.4;0.1;271.0;0;6
43;116;24.6;14.6;36.0;288.1;0.1;271.0;0;6
43;117;28.1;12.7;37.0;285.4;0.0;271.0;0;6
43;118;45.7;7.8;21.0;282.4;0.0;271.0;0;6
43;119;21.3;16.8;39.0;286.9;0.1;271.0;0;6
43;120;26.3;13.7;37.0;287.3;0.0;271.0;0;6
43;121;20.4;17.4;41.0;286.3;0.1;271.0;0;6
43;122;nan;0.0;0.0;274.0;0.0;271.0;0;6
43;123;nan;0.0;0.0;274.0;0.0;271.0;0;6
43;124;nan;0.0;0.0;274.0;0.0;271.0;0;6
43;125;nan;0.0;0.0;274.0;0.0;271.0;0;6
43;126;nan;0.0;0.0;274.0;0.0;271.0;0;6
43;127;nan;0.0;0.0;274.0;0.0;271.0;0;6
43;128;nan;0.0;0.0;274.0;0.0;271.0;0;6
43;129;nan;0.0;0.0;274.0;0.0;271.0;0;6
43;130;nan;0.0;0.0;274.0;0.0;271.0;0;6
43;131;nan;0.0;0.0;274.0;0.0;271.0;0;6
43;132;nan;0.0;0.0;274.0;0.0;271.0;0;6
43;133;nan;0.0;0.0;274.0;0.0;271.0;0;6
43;134;nan;0.0;0.0;274.0;0.0;271.0;0;6
43;135;nan;0.0;0.0;274.0;0.0;271.0;0;6
43;136;nan;0.0;0.0;274.0;0.0;271.0;0;6
43;137;nan;0.0;0.0;274.0;0.0;271.0;0;6
43;138;nan;0.0;0.0;274.0;0.0;271.0;0;6
43;139;nan;0.0;0.0;274.0;0.0;271.0;0;6
43;140;nan;0.0;0.0;274.0;0.0;271.0;0;6
43;141;nan;0.0;0.0;274.0;0.0;271.0;0;6
43;142;nan;0.0;0.0;274.0;0.0;271.0;0;6
43;143;nan;0.0;0.0;274.0;0.0;271.0;0;6
43;144;nan;0.0;0.0;274.0;0.0;271.0;0;6
43;145;nan;0.0;0.0;274.0;0.0;271.0;0;6
43;146;nan;0.0;0.0;274.0;0.0;271.0;0;6
43;147;nan;0.0;0.0;274.0;0.0;271.0;0;6
43;148;nan;0.0;0.0;274.0;0.0;271.0;0;6
43;149;nan;0.0;0.0;274.0;0.0;271.0;0;6
44;0;6.1;77.4;181.0;406.3;0.2;284.0;1;1
44;1;6.6;69.6;166.0;392.6;0.2;281.0;1;2
44;2;6.5;71.5;170.0;396.3;0.2;279.0;1;3
44;3;6.6;69.5;164.0;389.1;0.2;278.0;1;4
44;4;6.7;68.3;168.0;389.4;0.2;277.0;1;5
44;5;7.8;55.7;141.0;367.0;0.2;277.0;0;5
44;6;6.8;67.4;159.0;389.1;0.2;277.0;0;5
44;7;7.0;64.8;160.0;383.0;0.2;277.0;0;5
44;8;7.3;60.6;147.0;375.4;0.2;277.0;0;5
44;9;6.9;65.1;157.0;380.3;0.2;277.0;0;5
44;10;7.4;60.4;157.0;376.4;0.2;277.0;0;5
44;11;9.5;44.1;107.0;349.4;0.1;277.0;0;5
44;12;7.4;58.6;148.0;366.7;0.2;274.0;1;6
44;13;7.8;55.4;134.0;364.1;0.2;273.0;1;7
44;14;8.2;53.4;130.0;366.6;0.1;273.0;0;7
44;15;8.9;47.2;111.0;351.9;0.1;273.0;0;7
44;16;14.0;28.5;82.0;326.4;0.1;273.0;0;7
44;17;10.8;37.6;96.0;337.0;0.1;273.0;0;7
44;18;12.9;31.0;89.0;328.6;0.1;273.0;0;7
44;19;10.0;40.9;112.0;341.0;0.1;273.0;0;7
44;20;9.9;39.4;91.0;324.4;0.1;273.0;0;7
44;21;18.1;20.5;50.0;300.0;0.1;273.0;0;7
44;22;14.0;27.4;62.0;314.6;0.1;273.0;0;7
44;23;20.5;17.9;40.0;296.4;0.1;273.0;0;7
44;24;32.4;11.2;31.0;288.3;0.0;271.0;1;8
44;25;23.3;15.6;41.0;291.7;0.1;271.0;0;8
44;26;24.4;15.0;38.0;293.9;0.1;271.0;0;8
44;27;26.9;13.5;40.0;291.0;0.0;271.0;0;8
44;28;24.4;15.1;37.0;294.3;0.1;271.0;0;8
44;29;20.4;17.9;41.0;295.0;0.1;271.0;0;8
44;30;100.0;2.2;7.0;278.1;0.0;271.0;0;8
44;31;37.9;9.4;28.0;282.9;0.0;271.0;0;8
44;32;100.0;0.7;2.0;277.7;0.0;271.0;0;8
44;33;100.0;0.3;1.0;277.1;0.0;271.0;0;8
44;34;nan;0.0;0.0;277.0;0.0;271.0;0;8
44;35;100.0;2.1;6.0;276.1;0.0;271.0;0;8
44;36;nan;0.0;0.0;277.0;0.0;271.0;0;8
44;37;nan;0.0;0.0;277.0;0.0;271.0;0;8
44;38;nan;0.0;0.0;277.0;0.0;271.0;0;8
44;39;nan;0.0;0.0;277.0;0.0;271.0;0;8
44;40;nan;0.0;0.0;277.0;0.0;271.0;0;8
44;41;nan;0.0;0.0;277.0;0.0;271.0;0;8
44;42;nan;0.0;0.0;277.0;0.0;271.0;0;8
44;43;nan;0.0;0.0;277.0;0.0;271.0;0;8
44;44;nan;0.0;0.0;277.0;0.0;271.0;0;8
44;45;nan;0.0;0.0;277.0;0.0;271.0;0;8
44;46;nan;0.0;0.0;277.0;0.0;271.0;0;8
44;47;nan;0.0;0.0;277.0;0.0;271.0;0;8
44;48;nan;0.0;0.0;277.0;0.0;271.0;0;8
44;49;nan;0.0;0.0;277.0;0.0;271.0;0;8
44;50;nan;0.0;0.0;277.0;0.0;271.0;0;8
44;51;nan;0.0;0.0;277.0;0.0;271.0;0;8
44;52;nan;0.0;0.0;277.0;0.0;271.0;0;8
44;53;nan;0.0;0.0;277.0;0.0;271.0;0;8
44;54;nan;0.0;0.0;277.0;0.0;271.0;0;8
44;55;nan;0.0;0.0;277.0;0.0;271.0;0;8
44;56;nan;0.0;0.0;277.0;0.0;271.0;0;8
44;57;nan;0.0;0.0;277.0;0.0;271.0;0;8
44;58;nan;0.0;0.0;277.0;0.0;271.0;0;8
44;59;nan;0.0;0.0;277.0;0.0;271.0;0;8
44;60;nan;0.0;0.0;277.0;0.0;271.0;0;8
44;61;nan;0.0;0.0;277.0;0.0;271.0;0;8
44;62;nan;0.0;0.0;277.0;0.0;271.0;0;8
44;63;nan;0.0;0.0;277.0;0.0;271.0;0;8
44;64;nan;0.0;0.0;277.0;0.0;271.0;0;8
44;65;nan;0.0;0.0;277.0;0.0;271.0;0;8
44;66;nan;0.0;0.0;277.0;0.0;271.0;0;8
44;67;nan;0.0;0.0;277.0;0.0;271.0;0;8
44;68;nan;0.0;0.0;277.0;0.0;271.0;0;8
44;69;nan;0.0;0.0;277.0;0.0;271.0;0;8
44;70;14.2;26.3;65.0;305.0;0.1;271.0;0;8
44;71;8.5;44.1;99.0;315.0;0.1;271.0;0;8
44;72;11.7;32.1;71.0;308.4;0.1;271.0;0;8
44;73;14.8;24.9;54.0;300.4;0.1;271.0;0;8
44;74;17.5;20.9;46.0;297.1;0.1;271.0;0;8
44;75;18.1;20.1;43.0;293.9;0.1;271.0;0;8
44;76;34.8;10.1;29.0;281.1;0.0;271.0;0;8
44;77;46.4;7.7;17.0;281.9;0.0;271.0;0;8
44;78;nan;0.0;0.0;277.0;0.0;271.0;0;8
44;79;nan;0.0;0.0;277.0;0.0;271.0;0;8
44;80;nan;0.0;0.0;277.0;0.0;271.0;0;8
44;81;nan;0.0;0.0;277.0;0.0;271.0;0;8
44;82;nan;0.0;0.0;277.0;0.0;271.0;0;8
44;83;nan;0.0;0.0;277.0;0.0;271.0;0;8
44;84;nan;0.0;0.0;277.0;0.0;271.0;0;8
44;85;nan;0.0;0.0;277.0;0.0;271.0;0;8
44;86;nan;0.0;0.0;277.0;0.0;271.0;0;8
44;87;nan;0.0;0.0;277.0;0.0;271.0;0;8
44;88;nan;0.0;0.0;277.0;0.0;271.0;0;8
44;89;nan;0.0;0.0;277.0;0.0;271.0;0;8
44;90;nan;0.0;0.0;277.0;0.0;271.0;0;8
44;91;nan;0.0;0.0;277.0;0.0;271.0;0;8
44;92;nan;0.0;0.0;277.0;0.0;271.0;0;8
44;93;nan;0.0;0.0;277.0;0.0;271.0;0;8
44;94;nan;0.0;0.0;277.0;0.0;271.0;0;8
44;95;nan;0.0;0.0;277.0;0.0;271.0;0;8
44;96;nan;0.0;0.0;277.0;0.0;271.0;0;8
44;97;nan;0.0;0.0;277.0;0.0;271.0;0;8
44;98;nan;0.0;0.0;277.0;0.0;271.0;0;8
44;99;nan;0.0;0.0;277.0;0.0;271.0;0;8
44;100;nan;0.0;0.0;277.0;0.0;271.0;0;8
44;101;nan;0.0;0.0;277.0;0.0;271.0;0;8
44;102;nan;0.0;0.0;277.0;0.0;271.0;0;8
44;103;nan;0.0;0.0;277.0;0.0;271.0;0;8
44;104;nan;0.0;0.0;277.0;0.0;271.0;0;8
44;105;nan;0.0;0.0;277.0;0.0;271.0;0;8
44;106;nan;0.0;0.0;277.0;0.0;271.0;0;8
44;107;nan;0.0;0.0;277.0;0.0;271.0;0;8
44;108;nan;0.0;0.0;277.0;0.0;271.0;0;8
44;109;nan;0.0;0.0;277.0;0.0;271.0;0;8
44;110;nan;0.0;0.0;277.0;0.0;271.0;0;8
44;111;nan;0.0;0.0;277.0;0.0;271.0;0;8
44;112;nan;0.0;0.0;277.0;0.0;271.0;0;8
44;113;nan;0.0;0.0;277.0;0.0;271.0;0;8
44;114;nan;0.0;0.0;277.0;0.0;271.0;0;8
44;115;15.7;23.0;57.0;293.4;0.1;271.0;0;8
44;116;16.5;21.9;58.0;292.6;0.1;271.0;0;8
44;117;47.7;7.5;17.0;281.7;0.0;271.0;0;8
44;118;nan;0.0;0.0;277.0;0.0;271.0;0;8
44;119;77.9;4.5;13.0;278.9;0.0;271.0;0;8
44;120;nan;0.0;0.0;277.0;0.0;271.0;0;8
44;121;nan;0.0;0.0;277.0;0.0;271.0;0;8
44;122;nan;0.0;0.0;277.0;0.0;271.0;0;8
44;123;nan;0.0;0.0;277.0;0.0;271.0;0;8
44;124;nan;0.0;0.0;277.0;0.0;271.0;0;8
44;125;nan;0.0;0.0;277.0;0.0;271.0;0;8
44;126;nan;0.0;0.0;277.0;0.0;271.0;0;8
44;127;nan;0.0;0.0;277.0;0.0;271.0;0;8
44;128;nan;0.0;0.0;277.0;0.0;271.0;0;8
44;129;nan;0.0;0.0;277.0;0.0;271.0;0;8
44;130;nan;0.0;0.0;277.0;0.0;271.0;0;8
44;131;nan;0.0;0.0;277.0;0.0;271.0;0;8
44;132;nan;0.0;0.0;277.0;0.0;271.0;0;8
44;133;nan;0.0;0.0;277.0;0.0;271.0;0;8
44;134;nan;0.0;0.0;277.0;0.0;271.0;0;8
44;135;nan;0.0;0.0;277.0;0.0;271.0;0;8
44;136;nan;0.0;0.0;277.0;0.0;271.0;0;8
44;137;nan;0.0;0.0;277.0;0.0;271.0;0;8
44;138;nan;0.0;0.0;277.0;0.0;271.0;0;8
44;139;nan;0.0;0.0;277.0;0.0;271.0;0;8
44;140;nan;0.0;0.0;277.0;0.0;271.0;0;8
44;141;nan;0.0;0.0;277.0;0.0;271.0;0;8
44;142;nan;0.0;0.0;277.0;0.0;271.0;0;8
44;143;nan;0.0;0.0;277.0;0.0;271.0;0;8
44;144;100.0;1.0;3.0;276.6;0.0;271.0;0;8
44;145;nan;0.0;0.0;277.0;0.0;271.0;0;8
44;146;nan;0.0;0.0;277.0;0.0;271.0;0;8
44;147;nan;0.0;0.0;277.0;0.0;271.0;0;8
44;148;nan;0.0;0.0;277.0;0.0;271.0;0;8
44;149;nan;0.0;0.0;277.0;0.0;271.0;0;8
45;0;6.2;76.6;175.0;406.4;0.2;283.0;1;1
45;1;6.8;65.8;154.0;381.3;0.2;274.0;1;2
45;2;6.8;66.2;162.0;384.3;0.2;274.0;0;2
45;3;6.7;67.4;173.0;386.9;0.2;273.0;1;3
45;4;7.2;63.5;150.0;388.0;0.2;273.0;0;3
45;5;6.9;66.9;157.0;394.0;0.2;273.0;0;3
45;6;6.1;76.6;179.0;400.7;0.2;273.0;0;3
45;7;7.6;58.8;147.0;377.9;0.2;273.0;0;3
45;8;7.1;63.5;148.0;384.9;0.2;273.0;0;3
45;9;7.5;58.1;152.0;371.0;0.2;273.0;0;3
45;10;7.2;61.4;154.0;376.4;0.2;273.0;0;3
45;11;7.7;56.5;139.0;367.1;0.2;273.0;0;3
45;12;7.5;59.7;140.0;378.6;0.2;273.0;0;3
45;13;8.3;51.4;121.0;360.0;0.1;273.0;0;3
45;14;7.5;59.2;137.0;377.4;0.2;273.0;0;3
45;15;10.3;39.6;109.0;338.4;0.1;273.0;0;3
45;16;10.1;41.2;101.0;344.3;0.1;273.0;0;3
45;17;9.7;42.9;107.0;346.6;0.1;273.0;0;3
45;18;10.8;37.7;102.0;337.4;0.1;273.0;0;3
45;19;11.2;36.5;99.0;336.9;0.1;273.0;0;3
45;20;9.8;40.3;89.0;329.3;0.1;273.0;0;3
45;21;8.0;49.0;106.0;331.6;0.1;273.0;0;3
45;22;12.6;30.7;70.0;317.1;0.1;273.0;0;3
45;23;14.4;26.5;65.0;310.9;0.1;273.0;0;3
45;24;11.7;32.5;78.0;313.7;0.1;273.0;0;3
45;25;12.1;32.0;78.0;318.0;0.1;273.0;0;3
45;26;14.9;25.3;59.0;306.9;0.1;273.0;0;3
45;27;18.0;20.7;52.0;300.7;0.1;272.0;1;4
45;28;12.6;30.3;76.0;313.4;0.1;272.0;0;4
45;29;13.9;27.3;64.0;309.6;0.1;272.0;0;4
45;30;10.5;36.4;83.0;315.9;0.1;271.0;1;5
45;31;12.4;30.3;73.0;309.3;0.1;271.0;0;5
45;32;12.7;30.3;73.0;315.7;0.1;271.0;0;5
45;33;16.0;23.1;55.0;300.4;0.1;271.0;0;5
45;34;13.7;27.1;63.0;303.7;0.1;271.0;0;5
45;35;20.6;18.0;53.0;298.9;0.1;271.0;0;5
45;36;20.1;18.0;41.0;291.6;0.1;271.0;0;5
45;37;nan;0.0;0.0;274.0;0.0;271.0;0;5
45;38;nan;0.0;0.0;274.0;0.0;271.0;0;5
45;39;nan;0.0;0.0;274.0;0.0;271.0;0;5
45;40;nan;0.0;0.0;274.0;0.0;271.0;0;5
45;41;nan;0.0;0.0;274.0;0.0;271.0;0;5
45;42;nan;0.0;0.0;274.0;0.0;271.0;0;5
45;43;nan;0.0;0.0;274.0;0.0;271.0;0;5
45;44;nan;0.0;0.0;274.0;0.0;271.0;0;5
45;45;nan;0.0;0.0;274.0;0.0;271.0;0;5
45;46;nan;0.0;0.0;274.0;0.0;271.0;0;5
45;47;nan;0.0;0.0;274.0;0.0;271.0;0;5
45;48;nan;0.0;0.0;274.0;0.0;271.0;0;5
45;49;nan;0.0;0.0;274.0;0.0;271.0;0;5
45;50;nan;0.0;0.0;274.0;0.0;271.0;0;5
45;51;nan;0.0;0.0;274.0;0.0;271.0;0;5
45;52;nan;0.0;0.0;274.0;0.0;271.0;0;5
45;53;nan;0.0;0.0;274.0;0.0;271.0;0;5
45;54;nan;0.0;0.0;274.0;0.0;271.0;0;5
45;55;nan;0.0;0.0;274.0;0.0;271.0;0;5
45;56;nan;0.0;0.0;274.0;0.0;271.0;0;5
45;57;nan;0.0;0.0;274.0;0.0;271.0;0;5
45;58;nan;0.0;0.0;274.0;0.0;271.0;0;5
45;59;nan;0.0;0.0;274.0;0.0;271.0;0;5
45;60;nan;0.0;0.0;274.0;0.0;271.0;0;5
45;61;nan;0.0;0.0;274.0;0.0;271.0;0;5
45;62;nan;0.0;0.0;274.0;0.0;271.0;0;5
45;63;nan;0.0;0.0;274.0;0.0;271.0;0;5
45;64;nan;0.0;0.0;274.0;0.0;271.0;0;5
45;65;nan;0.0;0.0;274.0;0.0;271.0;0;5
45;66;nan;0.0;0.0;274.0;0.0;271.0;0;5
45;67;nan;0.0;0.0;274.0;0.0;271.0;0;5
45;68;nan;0.0;0.0;274.0;0.0;271.0;0;5
45;69;nan;0.0;0.0;274.0;0.0;271.0;0;5
45;70;nan;0.0;0.0;274.0;0.0;271.0;0;5
45;71;nan;0.0;0.0;274.0;0.0;271.0;0;5
45;72;nan;0.0;0.0;274.0;0.0;271.0;0;5
45;73;nan;0.0;0.0;274.0;0.0;271.0;0;5
45;74;nan;0.0;0.0;274.0;0.0;271.0;0;5
45;75;nan;0.0;0.0;274.0;0.0;271.0;0;5
45;76;7.5;51.5;110.0;327.0;0.2;271.0;0;5
45;77;11.9;30.8;80.0;302.3;0.1;271.0;0;5
45;78;15.1;24.0;59.0;294.4;0.1;271.0;0;5
45;79;14.8;24.7;62.0;297.1;0.1;271.0;0;5
45;80;29.0;12.3;32.0;283.4;0.0;271.0;0;5
45;81;52.3;6.7;18.0;279.1;0.0;271.0;0;5
45;82;nan;0.0;0.0;274.0;0.0;271.0;0;5
45;83;nan;0.0;0.0;274.0;0.0;271.0;0;5
45;84;nan;0.0;0.0;274.0;0.0;271.0;0;5
45;85;nan;0.0;0.0;274.0;0.0;271.0;0;5
45;86;nan;0.0;0.0;274.0;0.0;271.0;0;5
45;87;nan;0.0;0.0;274.0;0.0;271.0;0;5
45;88;nan;0.0;0.0;274.0;0.0;271.0;0;5
45;89;nan;0.0;0.0;274.0;0.0;271.0;0;5
45;90;nan;0.0;0.0;274.0;0.0;271.0;0;5
45;91;nan;0.0;0.0;274.0;0.0;271.0;0;5
45;92;nan;0.0;0.0;274.0;0.0;271.0;0;5
45;93;nan;0.0;0.0;274.0;0.0;271.0;0;5
45;94;nan;0.0;0.0;274.0;0.0;271.0;0;5
45;95;nan;0.0;0.0;274.0;0.0;271.0;0;5
45;96;nan;0.0;0.0;274.0;0.0;271.0;0;5
45;97;nan;0.0;0.0;274.0;0.0;271.0;0;5
45;98;nan;0.0;0.0;274.0;0.0;271.0;0;5
45;99;nan;0.0;0.0;274.0;0.0;271.0;0;5
45;100;nan;0.0;0.0;274.0;0.0;271.0;0;5
45;101;nan;0.0;0.0;274.0;0.0;271.0;0;5
45;102;nan;0.0;0.0;274.0;0.0;271.0;0;5
45;103;nan;0.0;0.0;274.0;0.0;271.0;0;5
45;104;nan;0.0;0.0;274.0;0.0;271.0;0;5
45;105;nan;0.0;0.0;274.0;0.0;271.0;0;5
45;106;nan;0.0;0.0;274.0;0.0;271.0;0;5
45;107;nan;0.0;0.0;274.0;0.0;271.0;0;5
45;108;nan;0.0;0.0;274.0;0.0;271.0;0;5
45;109;nan;0.0;0.0;274.0;0.0;271.0;0;5
45;110;nan;0.0;0.0;274.0;0.0;271.0;0;5
45;111;nan;0.0;0.0;274.0;0.0;271.0;0;5
45;112;nan;0.0;0.0;274.0;0.0;271.0;0;5
45;113;nan;0.0;0.0;274.0;0.0;271.0;0;5
45;114;nan;0.0;0.0;274.0;0.0;271.0;0;5
45;115;nan;0.0;0.0;274.0;0.0;271.0;0;5
45;116;nan;0.0;0.0;274.0;0.0;271.0;0;5
45;117;nan;0.0;0.0;274.0;0.0;271.0;0;5
45;118;nan;0.0;0.0;274.0;0.0;271.0;0;5
45;119;nan;0.0;0.0;274.0;0.0;271.0;0;5
45;120;nan;0.0;0.0;274.0;0.0;271.0;0;5
45;121;8.9;40.6;110.0;302.7;0.1;271.0;0;5
45;122;19.8;18.0;41.0;287.0;0.1;271.0;0;5
45;123;18.4;19.3;48.0;287.6;0.1;271.0;0;5
45;124;nan;0.0;0.0;274.0;0.0;271.0;0;5
45;125;nan;0.0;0.0;274.0;0.0;271.0;0;5
45;126;nan;0.0;0.0;274.0;0.0;271.0;0;5
45;127;nan;0.0;0.0;274.0;0.0;271.0;0;5
45;128;nan;0.0;0.0;274.0;0.0;271.0;0;5
45;129;nan;0.0;0.0;274.0;0.0;271.0;0;5
45;130;nan;0.0;0.0;274.0;0.0;271.0;0;5
45;131;nan;0.0;0.0;274.0;0.0;271.0;0;5
45;132;nan;0.0;0.0;274.0;0.0;271.0;0;5
45;133;nan;0.0;0.0;274.0;0.0;271.0;0;5
45;134;nan;0.0;0.0;274.0;0.0;271.0;0;5
45;135;nan;0.0;0.0;274.0;0.0;271.0;0;5
45;136;nan;0.0;0.0;274.0;0.0;271.0;0;5
45;137;nan;0.0;0.0;274.0;0.0;271.0;0;5
45;138;nan;0.0;0.0;274.0;0.0;271.0;0;5
45;139;nan;0.0;0.0;274.0;0.0;271.0;0;5
45;140;nan;0.0;0.0;274.0;0.0;271.0;0;5
45;141;nan;0.0;0.0;274.0;0.0;271.0;0;5
45;142;nan;0.0;0.0;274.0;0.0;271.0;0;5
45;143;nan;0.0;0.0;274.0;0.0;271.0;0;5
45;144;nan;0.0;0.0;274.0;0.0;271.0;0;5
45;145;nan;0.0;0.0;274.0;0.0;271.0;0;5
45;146;nan;0.0;0.0;274.0;0.0;271.0;0;5
45;147;nan;0.0;0.0;274.0;0.0;271.0;0;5
45;148;nan;0.0;0.0;274.0;0.0;271.0;0;5
45;149;nan;0.0;0.0;274.0;0.0;271.0;0;5
46;0;6.0;80.5;188.0;412.6;0.2;284.0;1;1
46;1;6.6;70.0;161.0;393.6;0.2;280.0;1;2
46;2;6.3;72.5;176.0;393.0;0.2;273.0;1;3
46;3;6.5;70.7;180.0;391.7;0.2;273.0;0;3
46;4;6.4;73.6;173.0;400.4;0.2;273.0;0;3
46;5;6.5;70.3;168.0;393.0;0.2;273.0;0;3
46;6;7.0;65.0;162.0;384.3;0.2;273.0;0;3
46;7;7.3;60.3;153.0;373.7;0.2;273.0;0;3
46;8;6.9;65.8;153.0;386.4;0.2;273.0;0;3
46;9;6.8;67.1;156.0;390.0;0.2;273.0;0;3
46;10;7.0;63.4;149.0;379.6;0.2;273.0;0;3
46;11;7.3;61.2;142.0;377.0;0.2;273.0;0;3
46;12;8.7;48.5;133.0;354.4;0.1;273.0;0;3
46;13;9.3;44.9;123.0;350.0;0.1;273.0;0;3
46;14;8.2;52.1;134.0;360.3;0.1;273.0;0;3
46;15;8.0;54.7;137.0;368.7;0.1;273.0;0;3
46;16;10.9;38.3;92.0;347.1;0.1;273.0;0;3
46;17;10.4;39.5;102.0;340.6;0.1;271.0;1;4
46;18;11.0;36.1;95.0;329.4;0.1;271.0;0;4
46;19;11.3;35.2;93.0;328.1;0.1;271.0;0;4
46;20;12.2;31.4;80.0;315.1;0.1;271.0;0;4
46;21;14.6;25.9;65.0;309.3;0.1;271.0;0;4
46;22;17.8;21.0;56.0;302.3;0.1;271.0;0;4
46;23;16.3;23.2;58.0;307.1;0.1;271.0;0;4
46;24;21.0;17.5;45.0;296.3;0.1;271.0;0;4
46;25;22.9;15.8;42.0;289.7;0.1;271.0;0;4
46;26;46.1;7.6;21.0;279.1;0.0;271.0;0;4
46;27;65.2;5.4;12.0;278.4;0.0;271.0;0;4
46;28;72.6;4.8;12.0;276.4;0.0;271.0;0;4
46;29;nan;0.0;0.0;271.0;0.0;271.0;0;4
46;30;nan;0.0;0.0;271.0;0.0;271.0;0;4
46;31;100.0;1.7;5.0;271.7;0.0;271.0;0;4
46;32;nan;0.0;0.0;271.0;0.0;271.0;0;4
46;33;nan;0.0;0.0;271.0;0.0;271.0;0;4
46;34;nan;0.0;0.0;271.0;0.0;271.0;0;4
46;35;nan;0.0;0.0;271.0;0.0;271.0;0;4
46;36;nan;0.0;0.0;271.0;0.0;271.0;0;4
46;37;nan;0.0;0.0;271.0;0.0;271.0;0;4
46;38;nan;0.0;0.0;271.0;0.0;271.0;0;4
46;39;nan;0.0;0.0;271.0;0.0;271.0;0;4
46;40;nan;0.0;0.0;271.0;0.0;271.0;0;4
46;41;nan;0.0;0.0;271.0;0.0;271.0;0;4
46;42;nan;0.0;0.0;271.0;0.0;271.0;0;4
46;43;nan;0.0;0.0;271.0;0.0;271.0;0;4
46;44;nan;0.0;0.0;271.0;0.0;271.0;0;4
46;45;nan;0.0;0.0;271.0;0.0;271.0;0;4
46;46;nan;0.0;0.0;271.0;0.0;271.0;0;4
46;47;nan;0.0;0.0;271.0;0.0;271.0;0;4
46;48;nan;0.0;0.0;271.0;0.0;271.0;0;4
46;49;nan;0.0;0.0;271.0;0.0;271.0;0;4
46;50;nan;0.0;0.0;271.0;0.0;271.0;0;4
46;51;nan;0.0;0.0;271.0;0.0;271.0;0;4
46;52;nan;0.0;0.0;271.0;0.0;271.0;0;4
46;53;nan;0.0;0.0;271.0;0.0;271.0;0;4
46;54;nan;0.0;0.0;271.0;0.0;271.0;0;4
46;55;nan;0.0;0.0;271.0;0.0;271.0;0;4
46;56;nan;0.0;0.0;271.0;0.0;271.0;0;4
46;57;nan;0.0;0.0;271.0;0.0;271.0;0;4
46;58;nan;0.0;0.0;271.0;0.0;271.0;0;4
46;59;nan;0.0;0.0;271.0;0.0;271.0;0;4
46;60;nan;0.0;0.0;271.0;0.0;271.0;0;4
46;61;nan;0.0;0.0;271.0;0.0;271.0;0;4
46;62;nan;0.0;0.0;271.0;0.0;271.0;0;4
46;63;6.4;60.5;131.0;331.0;0.2;271.0;0;4
46;64;8.7;43.0;99.0;314.6;0.1;271.0;0;4
46;65;10.2;36.7;88.0;309.4;0.1;271.0;0;4
46;66;7.8;48.8;108.0;319.6;0.2;271.0;0;4
46;67;20.1;17.9;42.0;289.0;0.1;271.0;0;4
46;68;45.1;7.7;19.0;276.4;0.0;271.0;0;4
46;69;33.7;10.5;25.0;281.1;0.0;271.0;0;4
46;70;nan;0.0;0.0;271.0;0.0;271.0;0;4
46;71;26.7;13.2;30.0;282.0;0.0;271.0;0;4
46;72;nan;0.0;0.0;271.0;0.0;271.0;0;4
46;73;nan;0.0;0.0;271.0;0.0;271.0;0;4
46;74;nan;0.0;0.0;271.0;0.0;271.0;0;4
46;75;nan;0.0;0.0;271.0;0.0;271.0;0;4
46;76;nan;0.0;0.0;271.0;0.0;271.0;0;4
46;77;nan;0.0;0.0;271.0;0.0;271.0;0;4
46;78;nan;0.0;0.0;271.0;0.0;271.0;0;4
46;79;nan;0.0;0.0;271.0;0.0;271.0;0;4
46;80;nan;0.0;0.0;271.0;0.0;271.0;0;4
46;81;nan;0.0;0.0;271.0;0.0;271.0;0;4
46;82;nan;0.0;0.0;271.0;0.0;271.0;0;4
46;83;nan;0.0;0.0;271.0;0.0;271.0;0;4
46;84;nan;0.0;0.0;271.0;0.0;271.0;0;4
46;85;nan;0.0;0.0;271.0;0.0;271.0;0;4
46;86;nan;0.0;0.0;271.0;0.0;271.0;0;4
46;87;nan;0.0;0.0;271.0;0.0;271.0;0;4
46;88;nan;0.0;0.0;271.0;0.0;271.0;0;4
46;89;nan;0.0;0.0;271.0;0.0;271.0;0;4
46;90;nan;0.0;0.0;271.0;0.0;271.0;0;4
46;91;nan;0.0;0.0;271.0;0.0;271.0;0;4
46;92;nan;0.0;0.0;271.0;0.0;271.0;0;4
46;93;nan;0.0;0.0;271.0;0.0;271.0;0;4
46;94;nan;0.0;0.0;271.0;0.0;271.0;0;4
46;95;nan;0.0;0.0;271.0;0.0;271.0;0;4
46;96;nan;0.0;0.0;271.0;0.0;271.0;0;4
46;97;nan;0.0;0.0;271.0;0.0;271.0;0;4
46;98;nan;0.0;0.0;271.0;0.0;271.0;0;4
46;99;nan;0.0;0.0;271.0;0.0;271.0;0;4
46;100;nan;0.0;0.0;271.0;0.0;271.0;0;4
46;101;nan;0.0;0.0;271.0;0.0;271.0;0;4
46;102;nan;0.0;0.0;271.0;0.0;271.0;0;4
46;103;nan;0.0;0.0;271.0;0.0;271.0;0;4
46;104;nan;0.0;0.0;271.0;0.0;271.0;0;4
46;105;nan;0.0;0.0;271.0;0.0;271.0;0;4
46;106;nan;0.0;0.0;271.0;0.0;271.0;0;4
46;107;nan;0.0;0.0;271.0;0.0;271.0;0;4
46;108;8.3;44.6;107.0;309.7;0.1;271.0;0;4
46;109;20.2;17.7;48.0;288.7;0.1;271.0;0;4
46;110;19.0;18.6;49.0;286.1;0.1;271.0;0;4
46;111;31.5;11.2;28.0;281.7;0.0;271.0;0;4
46;112;nan;0.0;0.0;271.0;0.0;271.0;0;4
46;113;nan;0.0;0.0;271.0;0.0;271.0;0;4
46;114;nan;0.0;0.0;271.0;0.0;271.0;0;4
46;115;nan;0.0;0.0;271.0;0.0;271.0;0;4
46;116;nan;0.0;0.0;271.0;0.0;271.0;0;4
46;117;nan;0.0;0.0;271.0;0.0;271.0;0;4
46;118;nan;0.0;0.0;271.0;0.0;271.0;0;4
46;119;nan;0.0;0.0;271.0;0.0;271.0;0;4
46;120;nan;0.0;0.0;271.0;0.0;271.0;0;4
46;121;nan;0.0;0.0;271.0;0.0;271.0;0;4
46;122;nan;0.0;0.0;271.0;0.0;271.0;0;4
46;123;nan;0.0;0.0;271.0;0.0;271.0;0;4
46;124;nan;0.0;0.0;271.0;0.0;271.0;0;4
46;125;nan;0.0;0.0;271.0;0.0;271.0;0;4
46;126;nan;0.0;0.0;271.0;0.0;271.0;0;4
46;127;nan;0.0;0.0;271.0;0.0;271.0;0;4
46;128;nan;0.0;0.0;271.0;0.0;271.0;0;4
46;129;nan;0.0;0.0;271.0;0.0;271.0;0;4
46;130;nan;0.0;0.0;271.0;0.0;271.0;0;4
46;131;nan;0.0;0.0;271.0;0.0;271.0;0;4
46;132;nan;0.0;0.0;271.0;0.0;271.0;0;4
46;133;nan;0.0;0.0;271.0;0.0;271.0;0;4
46;134;nan;0.0;0.0;271.0;0.0;271.0;0;4
46;135;nan;0.0;0.0;271.0;0.0;271.0;0;4
46;136;nan;0.0;0.0;271.0;0.0;271.0;0;4
46;137;nan;0.0;0.0;271.0;0.0;271.0;0;4
46;138;nan;0.0;0.0;271.0;0.0;271.0;0;4
46;139;nan;0.0;0.0;271.0;0.0;271.0;0;4
46;140;nan;0.0;0.0;271.0;0.0;271.0;0;4
46;141;nan;0.0;0.0;271.0;0.0;271.0;0;4
46;142;nan;0.0;0.0;271.0;0.0;271.0;0;4
46;143;nan;0.0;0.0;271.0;0.0;271.0;0;4
46;144;nan;0.0;0.0;271.0;0.0;271.0;0;4
46;145;nan;0.0;0.0;271.0;0.0;271.0;0;4
46;146;nan;0.0;0.0;271.0;0.0;271.0;0;4
46;147;nan;0.0;0.0;271.0;0.0;271.0;0;4
46;148;nan;0.0;0.0;271.0;0.0;271.0;0;4
46;149;nan;0.0;0.0;271.0;0.0;271.0;0;4
47;0;6.4;71.7;176.0;395.4;0.2;285.0;1;1
47;1;7.5;58.6;145.0;371.6;0.2;279.0;1;2
47;2;5.7;82.9;190.0;409.4;0.2;278.0;1;3
47;3;6.8;67.4;161.0;389.7;0.2;278.0;0;3
47;4;6.5;70.2;167.0;392.7;0.2;278.0;0;3
47;5;6.2;74.3;179.0;397.7;0.2;278.0;0;3
47;6;6.8;66.8;168.0;384.9;0.2;278.0;0;3
47;7;7.3;60.4;146.0;374.0;0.2;276.0;1;4
47;8;7.2;62.8;150.0;385.1;0.2;276.0;0;4
47;9;8.4;50.8;128.0;358.1;0.1;271.0;1;5
47;10;7.0;64.6;160.0;384.3;0.2;271.0;0;5
47;11;8.4;51.9;121.0;365.0;0.1;271.0;0;5
47;12;7.5;58.3;145.0;371.1;0.2;271.0;0;5
47;13;7.9;55.5;129.0;368.7;0.2;271.0;0;5
47;14;8.0;54.2;127.0;365.1;0.1;271.0;0;5
47;15;9.8;43.4;117.0;353.6;0.1;271.0;0;5
47;16;9.0;46.9;113.0;353.9;0.1;271.0;0;5
47;17;9.2;45.4;109.0;350.0;0.1;271.0;0;5
47;18;13.5;29.0;78.0;319.7;0.1;271.0;0;5
47;19;14.2;28.2;67.0;327.0;0.1;271.0;0;5
47;20;8.9;44.5;106.0;332.1;0.1;271.0;0;5
47;21;16.7;22.2;67.0;300.4;0.1;271.0;0;5
47;22;13.0;29.1;72.0;310.9;0.1;271.0;0;5
47;23;23.5;15.5;49.0;291.7;0.1;271.0;0;5
47;24;100.0;3.3;9.0;283.7;0.0;271.0;0;5
47;25;84.9;4.2;11.0;282.7;0.0;271.0;0;5
47;26;79.4;4.5;10.0;284.1;0.0;271.0;0;5
47;27;85.1;4.2;10.0;283.6;0.0;271.0;0;5
47;28;86.2;4.2;10.0;284.7;0.0;271.0;0;5
47;29;66.4;5.4;14.0;283.6;0.0;271.0;0;5
47;30;70.5;5.1;11.0;284.6;0.0;271.0;0;5
47;31;82.2;4.4;10.0;283.9;0.0;271.0;0;5
47;32;77.8;4.6;10.0;284.1;0.0;271.0;0;5
47;33;59.9;6.0;13.0;283.9;0.0;271.0;0;5
47;34;73.1;4.9;10.0;284.7;0.0;271.0;0;5
47;35;55.8;6.4;13.0;283.4;0.0;271.0;0;5
47;36;55.8;6.4;13.0;283.4;0.0;271.0;0;5
47;37;59.9;6.0;13.0;283.9;0.0;271.0;0;5
47;38;55.8;6.4;13.0;283.4;0.0;271.0;0;5
47;39;51.2;7.0;16.0;283.0;0.0;271.0;0;5
47;40;48.1;7.4;18.0;282.7;0.0;271.0;0;5
47;41;55.8;6.4;13.0;283.4;0.0;271.0;0;5
47;42;78.4;4.5;10.0;278.9;0.0;271.0;0;5
47;43;nan;0.0;0.0;276.0;0.0;271.0;0;5
47;44;nan;0.0;0.0;276.0;0.0;271.0;0;5
47;45;nan;0.0;0.0;276.0;0.0;271.0;0;5
47;46;nan;0.0;0.0;276.0;0.0;271.0;0;5
47;47;nan;0.0;0.0;276.0;0.0;271.0;0;5
47;48;nan;0.0;0.0;276.0;0.0;271.0;0;5
47;49;nan;0.0;0.0;276.0;0.0;271.0;0;5
47;50;nan;0.0;0.0;276.0;0.0;271.0;0;5
47;51;nan;0.0;0.0;276.0;0.0;271.0;0;5
47;52;nan;0.0;0.0;276.0;0.0;271.0;0;5
47;53;nan;0.0;0.0;276.0;0.0;271.0;0;5
47;54;nan;0.0;0.0;276.0;0.0;271.0;0;5
47;55;8.7;45.9;105.0;332.7;0.1;271.0;0;5
47;56;8.2;48.3;110.0;333.4;0.1;271.0;0;5
47;57;11.9;32.8;77.0;320.6;0.1;271.0;0;5
47;58;9.9;38.4;90.0;316.1;0.1;271.0;0;5
47;59;8.6;44.2;99.0;319.9;0.1;271.0;0;5
47;60;11.0;33.5;75.0;305.4;0.1;271.0;0;5
47;61;12.9;29.1;67.0;308.9;0.1;271.0;0;5
47;62;11.1;33.8;75.0;309.7;0.1;271.0;0;5
47;63;42.9;8.3;23.0;283.7;0.0;271.0;0;5
47;64;10.6;35.0;76.0;308.0;0.1;271.0;0;5
47;65;23.4;15.4;36.0;289.4;0.1;271.0;0;5
47;66;58.1;6.1;14.0;280.3;0.0;271.0;0;5
47;67;65.4;5.4;11.0;280.7;0.0;271.0;0;5
47;68;68.9;5.2;13.0;280.0;0.0;271.0;0;5
47;69;64.3;5.5;14.0;281.3;0.0;271.0;0;5
47;70;70.7;5.0;12.0;280.3;0.0;271.0;0;5
47;71;100.0;1.5;3.0;283.3;0.0;271.0;0;5
47;72;100.0;2.1;6.0;282.9;0.0;271.0;0;5
47;73;62.7;5.7;12.0;279.4;0.0;271.0;0;5
47;74;100.0;1.5;3.0;283.3;0.0;271.0;0;5
47;75;100.0;2.2;5.0;283.9;0.0;271.0;0;5
47;76;100.0;1.4;3.0;283.4;0.0;271.0;0;5
47;77;100.0;1.2;3.0;282.7;0.0;271.0;0;5
47;78;nan;0.0;0.0;282.0;0.0;271.0;0;5
47;79;nan;0.0;0.0;282.0;0.0;271.0;0;5
47;80;nan;0.0;0.0;282.0;0.0;271.0;0;5
47;81;100.0;1.9;5.0;283.1;0.0;271.0;0;5
47;82;nan;0.0;0.0;282.0;0.0;271.0;0;5
47;83;nan;0.0;0.0;282.0;0.0;271.0;0;5
47;84;nan;0.0;0.0;282.0;0.0;271.0;0;5
47;85;nan;0.0;0.0;282.0;0.0;271.0;0;5
47;86;nan;0.0;0.0;282.0;0.0;271.0;0;5
47;87;nan;0.0;0.0;282.0;0.0;271.0;0;5
47;88;nan;0.0;0.0;282.0;0.0;271.0;0;5
47;89;nan;0.0;0.0;282.0;0.0;271.0;0;5
47;90;nan;0.0;0.0;282.0;0.0;271.0;0;5
47;91;nan;0.0;0.0;282.0;0.0;271.0;0;5
47;92;nan;0.0;0.0;282.0;0.0;271.0;0;5
47;93;nan;0.0;0.0;282.0;0.0;271.0;0;5
47;94;nan;0.0;0.0;282.0;0.0;271.0;0;5
47;95;nan;0.0;0.0;282.0;0.0;271.0;0;5
47;96;nan;0.0;0.0;282.0;0.0;271.0;0;5
47;97;nan;0.0;0.0;282.0;0.0;271.0;0;5
47;98;nan;0.0;0.0;282.0;0.0;271.0;0;5
47;99;100.0;0.7;2.0;281.7;0.0;271.0;0;5
47;100;10.5;34.4;82.0;298.7;0.1;271.0;0;5
47;101;19.6;18.3;43.0;288.9;0.1;271.0;0;5
47;102;12.1;29.6;67.0;295.3;0.1;271.0;0;5
47;103;14.9;24.4;56.0;296.4;0.1;271.0;0;5
47;104;83.8;4.3;11.0;281.3;0.0;271.0;0;5
47;105;68.1;5.2;12.0;279.3;0.0;271.0;0;5
47;106;73.9;4.8;11.0;279.6;0.0;271.0;0;5
47;107;70.0;5.1;14.0;279.6;0.0;271.0;0;5
47;108;73.9;4.8;11.0;279.6;0.0;271.0;0;5
47;109;100.0;3.5;9.0;280.7;0.0;271.0;0;5
47;110;100.0;2.3;5.0;277.4;0.0;271.0;0;5
47;111;89.0;4.0;10.0;279.4;0.0;271.0;0;5
47;112;77.0;4.6;14.0;280.4;0.0;271.0;0;5
47;113;80.2;4.5;14.0;281.7;0.0;271.0;0;5
47;114;86.0;4.2;11.0;281.7;0.0;271.0;0;5
47;115;77.4;4.6;11.0;280.9;0.0;271.0;0;5
47;116;69.3;5.1;14.0;280.0;0.0;271.0;0;5
47;117;77.0;4.6;11.0;280.4;0.0;271.0;0;5
47;118;66.7;5.3;14.0;279.6;0.0;271.0;0;5
47;119;86.0;4.2;11.0;281.7;0.0;271.0;0;5
47;120;71.3;5.0;11.0;279.1;0.0;271.0;0;5
47;121;91.9;3.9;9.0;280.3;0.0;271.0;0;5
47;122;83.8;4.3;11.0;281.3;0.0;271.0;0;5
47;123;97.6;3.7;11.0;282.1;0.0;271.0;0;5
47;124;91.9;3.9;9.0;280.3;0.0;271.0;0;5
47;125;91.7;3.9;11.0;279.7;0.0;271.0;0;5
47;126;92.7;3.8;11.0;278.0;0.0;271.0;0;5
47;127;45.8;7.7;22.0;279.1;0.0;271.0;0;5
47;128;11.9;29.6;86.0;289.7;0.1;271.0;0;5
47;129;6.4;54.8;157.0;298.7;0.2;271.0;0;5
47;130;9.9;36.2;86.0;299.4;0.1;271.0;0;5
47;131;12.3;28.9;86.0;293.1;0.1;271.0;0;5
47;132;40.2;8.9;22.0;284.0;0.0;271.0;0;5
47;133;94.9;3.7;11.0;278.4;0.0;271.0;0;5
47;134;94.9;3.7;11.0;278.4;0.0;271.0;0;5
47;135;60.5;5.9;17.0;281.6;0.0;271.0;0;5
47;136;100.0;2.4;7.0;280.0;0.0;271.0;0;5
47;137;100.0;2.8;8.0;280.1;0.0;271.0;0;5
47;138;100.0;2.8;8.0;280.1;0.0;271.0;0;5
47;139;100.0;2.8;8.0;280.1;0.0;271.0;0;5
47;140;100.0;2.8;8.0;280.1;0.0;271.0;0;5
47;141;100.0;2.8;8.0;280.1;0.0;271.0;0;5
47;142;100.0;2.8;8.0;280.1;0.0;271.0;0;5
47;143;100.0;2.8;8.0;280.1;0.0;271.0;0;5
47;144;100.0;2.8;8.0;280.1;0.0;271.0;0;5
47;145;9.5;37.0;109.0;292.7;0.1;271.0;0;5
47;146;10.8;32.8;102.0;293.1;0.1;271.0;0;5
47;147;7.9;44.9;131.0;299.4;0.1;271.0;0;5
47;148;8.1;43.1;128.0;293.9;0.1;271.0;0;5
47;149;7.0;49.7;147.0;296.4;0.2;271.0;0;5
48;0;6.3;75.2;176.0;403.4;0.2;283.0;1;1
48;1;6.4;71.9;176.0;394.6;0.2;279.0;1;2
48;2;5.9;80.3;185.0;405.3;0.2;277.0;1;3
48;3;6.5;70.8;175.0;395.3;0.2;277.0;0;3
48;4;5.9;79.0;184.0;402.3;0.2;274.0;1;4
48;5;6.6;71.7;173.0;401.4;0.2;274.0;0;4
48;6;6.8;66.5;161.0;382.7;0.2;274.0;0;4
48;7;7.1;64.9;154.0;389.7;0.2;274.0;0;4
48;8;8.2;51.8;129.0;358.1;0.1;274.0;0;4
48;9;6.3;73.0;173.0;395.7;0.2;274.0;0;4
48;10;7.0;63.2;155.0;377.1;0.2;274.0;0;4
48;11;7.7;56.5;131.0;369.9;0.2;274.0;0;4
48;12;6.7;66.1;171.0;376.0;0.2;274.0;0;4
48;13;9.2;45.7;112.0;352.0;0.1;274.0;0;4
48;14;8.8;49.6;121.0;363.9;0.1;274.0;0;4
48;15;9.9;42.1;110.0;346.4;0.1;274.0;0;4
48;16;8.9;48.3;112.0;358.4;0.1;274.0;0;4
48;17;10.7;38.4;95.0;339.3;0.1;274.0;0;4
48;18;8.6;48.2;116.0;347.1;0.1;274.0;0;4
48;19;8.8;48.6;123.0;356.1;0.1;274.0;0;4
48;20;10.1;38.6;93.0;323.0;0.1;274.0;0;4
48;21;9.2;42.5;94.0;328.3;0.1;274.0;0;4
48;22;10.6;36.2;88.0;318.6;0.1;273.0;1;5
48;23;11.0;35.9;85.0;325.6;0.1;273.0;0;5
48;24;11.5;33.4;75.0;317.0;0.1;273.0;0;5
48;25;11.9;31.7;78.0;311.1;0.1;273.0;0;5
48;26;13.4;28.3;64.0;310.4;0.1;273.0;0;5
48;27;15.7;24.0;58.0;306.3;0.1;273.0;0;5
48;28;16.5;22.9;58.0;306.1;0.1;273.0;0;5
48;29;13.8;27.3;62.0;309.1;0.1;273.0;0;5
48;30;69.1;5.2;14.0;283.6;0.0;273.0;0;5
48;31;20.8;17.5;42.0;293.6;0.1;273.0;0;5
48;32;66.8;5.4;16.0;282.6;0.0;273.0;0;5
48;33;100.0;3.1;7.0;282.3;0.0;273.0;0;5
48;34;91.0;3.9;12.0;280.3;0.0;273.0;0;5
48;35;92.4;3.9;9.0;281.7;0.0;273.0;0;5
48;36;80.1;4.5;12.0;281.4;0.0;273.0;0;5
48;37;86.3;4.1;12.0;281.0;0.0;273.0;0;5
48;38;85.2;4.2;11.0;281.6;0.0;273.0;0;5
48;39;100.0;3.1;7.0;282.3;0.0;273.0;0;5
48;40;100.0;2.8;6.0;281.9;0.0;273.0;0;5
48;41;95.5;3.7;12.0;279.1;0.0;273.0;0;5
48;42;100.0;3.0;7.0;281.6;0.0;273.0;0;5
48;43;nan;0.0;0.0;279.0;0.0;273.0;0;5
48;44;nan;0.0;0.0;279.0;0.0;273.0;0;5
48;45;nan;0.0;0.0;279.0;0.0;273.0;0;5
48;46;nan;0.0;0.0;279.0;0.0;273.0;0;5
48;47;nan;0.0;0.0;279.0;0.0;273.0;0;5
48;48;nan;0.0;0.0;279.0;0.0;273.0;0;5
48;49;nan;0.0;0.0;279.0;0.0;273.0;0;5
48;50;nan;0.0;0.0;279.0;0.0;273.0;0;5
48;51;nan;0.0;0.0;279.0;0.0;273.0;0;5
48;52;100.0;1.4;4.0;278.3;0.0;273.0;0;5
48;53;nan;0.0;0.0;279.0;0.0;273.0;0;5
48;54;nan;0.0;0.0;279.0;0.0;273.0;0;5
48;55;nan;0.0;0.0;279.0;0.0;273.0;0;5
48;56;nan;0.0;0.0;279.0;0.0;273.0;0;5
48;57;nan;0.0;0.0;279.0;0.0;273.0;0;5
48;58;nan;0.0;0.0;279.0;0.0;273.0;0;5
48;59;nan;0.0;0.0;279.0;0.0;273.0;0;5
48;60;nan;0.0;0.0;279.0;0.0;273.0;0;5
48;61;nan;0.0;0.0;279.0;0.0;273.0;0;5
48;62;nan;0.0;0.0;279.0;0.0;273.0;0;5
48;63;nan;0.0;0.0;279.0;0.0;273.0;0;5
48;64;nan;0.0;0.0;279.0;0.0;273.0;0;5
48;65;nan;0.0;0.0;279.0;0.0;273.0;0;5
48;66;nan;0.0;0.0;279.0;0.0;273.0;0;5
48;67;nan;0.0;0.0;279.0;0.0;273.0;0;5
48;68;10.5;35.7;81.0;309.4;0.1;273.0;0;5
48;69;10.3;36.4;87.0;312.3;0.1;273.0;0;5
48;70;9.1;42.2;92.0;319.4;0.1;273.0;0;5
48;71;16.0;23.0;57.0;298.9;0.1;273.0;0;5
48;72;14.0;26.7;60.0;304.7;0.1;273.0;0;5
48;73;21.1;17.3;42.0;294.0;0.1;273.0;0;5
48;74;28.4;12.8;33.0;289.7;0.0;273.0;0;5
48;75;31.7;11.4;32.0;287.4;0.0;273.0;0;5
48;76;46.4;7.7;19.0;284.6;0.0;273.0;0;5
48;77;41.8;8.6;20.0;286.4;0.0;273.0;0;5
48;78;19.5;18.7;54.0;293.9;0.1;273.0;0;5
48;79;43.7;8.2;19.0;284.7;0.0;273.0;0;5
48;80;41.8;8.6;19.0;285.4;0.0;273.0;0;5
48;81;nan;0.0;0.0;277.0;0.0;273.0;0;5
48;82;100.0;2.1;6.0;276.1;0.0;271.0;1;6
48;83;nan;0.0;0.0;277.0;0.0;271.0;0;6
48;84;nan;0.0;0.0;277.0;0.0;271.0;0;6
48;85;nan;0.0;0.0;277.0;0.0;271.0;0;6
48;86;nan;0.0;0.0;277.0;0.0;271.0;0;6
48;87;nan;0.0;0.0;277.0;0.0;271.0;0;6
48;88;nan;0.0;0.0;277.0;0.0;271.0;0;6
48;89;nan;0.0;0.0;277.0;0.0;271.0;0;6
48;90;nan;0.0;0.0;277.0;0.0;271.0;0;6
48;91;nan;0.0;0.0;277.0;0.0;271.0;0;6
48;92;nan;0.0;0.0;277.0;0.0;271.0;0;6
48;93;nan;0.0;0.0;277.0;0.0;271.0;0;6
48;94;nan;0.0;0.0;277.0;0.0;271.0;0;6
48;95;nan;0.0;0.0;277.0;0.0;271.0;0;6
48;96;nan;0.0;0.0;277.0;0.0;271.0;0;6
48;97;nan;0.0;0.0;277.0;0.0;271.0;0;6
48;98;nan;0.0;0.0;277.0;0.0;271.0;0;6
48;99;nan;0.0;0.0;277.0;0.0;271.0;0;6
48;100;nan;0.0;0.0;277.0;0.0;271.0;0;6
48;101;nan;0.0;0.0;277.0;0.0;271.0;0;6
48;102;nan;0.0;0.0;277.0;0.0;271.0;0;6
48;103;nan;0.0;0.0;277.0;0.0;271.0;0;6
48;104;nan;0.0;0.0;277.0;0.0;271.0;0;6
48;105;nan;0.0;0.0;277.0;0.0;271.0;0;6
48;106;nan;0.0;0.0;277.0;0.0;271.0;0;6
48;107;nan;0.0;0.0;277.0;0.0;271.0;0;6
48;108;nan;0.0;0.0;277.0;0.0;271.0;0;6
48;109;nan;0.0;0.0;277.0;0.0;271.0;0;6
48;110;nan;0.0;0.0;277.0;0.0;271.0;0;6
48;111;nan;0.0;0.0;277.0;0.0;271.0;0;6
48;112;nan;0.0;0.0;277.0;0.0;271.0;0;6
48;113;nan;0.0;0.0;277.0;0.0;271.0;0;6
48;114;nan;0.0;0.0;277.0;0.0;271.0;0;6
48;115;nan;0.0;0.0;277.0;0.0;271.0;0;6
48;116;nan;0.0;0.0;277.0;0.0;271.0;0;6
48;117;nan;0.0;0.0;277.0;0.0;271.0;0;6
48;118;nan;0.0;0.0;277.0;0.0;271.0;0;6
48;119;nan;0.0;0.0;277.0;0.0;271.0;0;6
48;120;nan;0.0;0.0;277.0;0.0;271.0;0;6
48;121;nan;0.0;0.0;277.0;0.0;271.0;0;6
48;122;nan;0.0;0.0;277.0;0.0;271.0;0;6
48;123;nan;0.0;0.0;277.0;0.0;271.0;0;6
48;124;nan;0.0;0.0;277.0;0.0;271.0;0;6
48;125;nan;0.0;0.0;277.0;0.0;271.0;0;6
48;126;nan;0.0;0.0;277.0;0.0;271.0;0;6
48;127;nan;0.0;0.0;277.0;0.0;271.0;0;6
48;128;10.7;34.2;87.0;302.4;0.1;271.0;0;6
48;129;8.5;43.0;100.0;305.7;0.1;271.0;0;6
48;130;24.7;14.6;36.0;290.1;0.1;271.0;0;6
48;131;8.5;42.3;103.0;302.3;0.1;271.0;0;6
48;132;100.0;1.4;4.0;276.4;0.0;271.0;0;6
48;133;nan;0.0;0.0;277.0;0.0;271.0;0;6
48;134;nan;0.0;0.0;277.0;0.0;271.0;0;6
48;135;nan;0.0;0.0;277.0;0.0;271.0;0;6
48;136;nan;0.0;0.0;277.0;0.0;271.0;0;6
48;137;nan;0.0;0.0;277.0;0.0;271.0;0;6
48;138;nan;0.0;0.0;277.0;0.0;271.0;0;6
48;139;nan;0.0;0.0;277.0;0.0;271.0;0;6
48;140;nan;0.0;0.0;277.0;0.0;271.0;0;6
48;141;nan;0.0;0.0;277.0;0.0;271.0;0;6
48;142;100.0;0.3;1.0;276.9;0.0;271.0;0;6
48;143;nan;0.0;0.0;277.0;0.0;271.0;0;6
48;144;nan;0.0;0.0;277.0;0.0;271.0;0;6
48;145;nan;0.0;0.0;277.0;0.0;271.0;0;6
48;146;nan;0.0;0.0;277.0;0.0;271.0;0;6
48;147;nan;0.0;0.0;277.0;0.0;271.0;0;6
48;148;nan;0.0;0.0;277.0;0.0;271.0;0;6
48;149;nan;0.0;0.0;277.0;0.0;271.0;0;6
49;0;5.9;81.9;195.0;417.1;0.2;283.0;1;1
49;1;7.0;64.7;156.0;383.7;0.2;278.0;1;2
49;2;6.3;74.7;180.0;403.9;0.2;278.0;0;2
49;3;6.3;73.9;168.0;400.7;0.2;278.0;0;2
49;4;6.9;66.6;155.0;390.4;0.2;278.0;0;2
49;5;6.8;66.5;161.0;386.3;0.2;278.0;0;2
49;6;6.7;68.2;154.0;391.3;0.2;278.0;0;2
49;7;6.1;75.9;184.0;398.4;0.2;276.0;1;3
49;8;6.7;69.1;158.0;393.6;0.2;276.0;0;3
49;9;7.6;58.2;145.0;373.1;0.2;276.0;0;3
49;10;7.8;55.1;134.0;364.0;0.2;274.0;1;4
49;11;7.1;62.1;145.0;376.6;0.2;274.0;0;4
49;12;9.8;42.4;112.0;346.7;0.1;274.0;0;4
49;13;9.2;45.7;119.0;349.4;0.1;274.0;0;4
49;14;9.6;43.6;103.0;348.6;0.1;274.0;0;4
49;15;8.7;49.5;123.0;362.4;0.1;274.0;0;4
49;16;10.6;38.9;97.0;341.7;0.1;274.0;0;4
49;17;10.0;41.9;107.0;347.7;0.1;274.0;0;4
49;18;11.4;35.9;90.0;338.3;0.1;274.0;0;4
49;19;13.2;29.9;76.0;323.7;0.1;274.0;0;4
49;20;10.9;36.0;87.0;324.3;0.1;274.0;0;4
49;21;10.9;35.8;89.0;322.3;0.1;274.0;0;4
49;22;8.8;44.9;99.0;331.7;0.1;274.0;0;4
49;23;10.9;35.7;81.0;321.0;0.1;274.0;0;4
49;24;17.0;22.5;55.0;309.9;0.1;274.0;0;4
49;25;11.3;33.9;82.0;317.6;0.1;274.0;0;4
49;26;10.6;36.8;83.0;323.3;0.1;274.0;0;4
49;27;12.6;30.3;77.0;312.4;0.1;274.0;0;4
49;28;40.1;9.1;21.0;288.7;0.0;274.0;0;4
49;29;15.5;23.4;60.0;294.7;0.1;271.0;1;5
49;30;33.9;10.6;26.0;286.9;0.0;271.0;0;5
49;31;59.3;5.9;12.0;277.9;0.0;271.0;0;5
49;32;61.4;5.7;12.0;277.6;0.0;271.0;0;5
49;33;96.3;3.6;8.0;273.3;0.0;271.0;0;5
49;34;nan;0.0;0.0;271.0;0.0;271.0;0;5
49;35;nan;0.0;0.0;271.0;0.0;271.0;0;5
49;36;nan;0.0;0.0;271.0;0.0;271.0;0;5
49;37;nan;0.0;0.0;271.0;0.0;271.0;0;5
49;38;nan;0.0;0.0;271.0;0.0;271.0;0;5
49;39;nan;0.0;0.0;271.0;0.0;271.0;0;5
49;40;nan;0.0;0.0;271.0;0.0;271.0;0;5
49;41;nan;0.0;0.0;271.0;0.0;271.0;0;5
49;42;nan;0.0;0.0;271.0;0.0;271.0;0;5
49;43;nan;0.0;0.0;271.0;0.0;271.0;0;5
49;44;nan;0.0;0.0;271.0;0.0;271.0;0;5
49;45;nan;0.0;0.0;271.0;0.0;271.0;0;5
49;46;nan;0.0;0.0;271.0;0.0;271.0;0;5
49;47;nan;0.0;0.0;271.0;0.0;271.0;0;5
49;48;nan;0.0;0.0;271.0;0.0;271.0;0;5
49;49;nan;0.0;0.0;271.0;0.0;271.0;0;5
49;50;nan;0.0;0.0;271.0;0.0;271.0;0;5
49;51;nan;0.0;0.0;271.0;0.0;271.0;0;5
49;52;nan;0.0;0.0;271.0;0.0;271.0;0;5
49;53;nan;0.0;0.0;271.0;0.0;271.0;0;5
49;54;nan;0.0;0.0;271.0;0.0;271.0;0;5
49;55;nan;0.0;0.0;271.0;0.0;271.0;0;5
49;56;nan;0.0;0.0;271.0;0.0;271.0;0;5
49;57;nan;0.0;0.0;271.0;0.0;271.0;0;5
49;58;nan;0.0;0.0;271.0;0.0;271.0;0;5
49;59;nan;0.0;0.0;271.0;0.0;271.0;0;5
49;60;nan;0.0;0.0;271.0;0.0;271.0;0;5
49;61;nan;0.0;0.0;271.0;0.0;271.0;0;5
49;62;nan;0.0;0.0;271.0;0.0;271.0;0;5
49;63;nan;0.0;0.0;271.0;0.0;271.0;0;5
49;64;nan;0.0;0.0;271.0;0.0;271.0;0;5
49;65;nan;0.0;0.0;271.0;0.0;271.0;0;5
49;66;nan;0.0;0.0;271.0;0.0;271.0;0;5
49;67;nan;0.0;0.0;271.0;0.0;271.0;0;5
49;68;nan;0.0;0.0;271.0;0.0;271.0;0;5
49;69;nan;0.0;0.0;271.0;0.0;271.0;0;5
49;70;nan;0.0;0.0;271.0;0.0;271.0;0;5
49;71;nan;0.0;0.0;271.0;0.0;271.0;0;5
49;72;nan;0.0;0.0;271.0;0.0;271.0;0;5
49;73;nan;0.0;0.0;271.0;0.0;271.0;0;5
49;74;nan;0.0;0.0;271.0;0.0;271.0;0;5
49;75;7.7;50.0;108.0;324.4;0.2;271.0;0;5
49;76;8.8;42.7;98.0;314.6;0.1;271.0;0;5
49;77;11.4;32.5;74.0;307.0;0.1;271.0;0;5
49;78;11.3;32.3;72.0;302.4;0.1;271.0;0;5
49;79;15.0;23.9;53.0;292.3;0.1;271.0;0;5
49;80;28.1;12.8;33.0;287.0;0.0;271.0;0;5
49;81;57.3;6.1;13.0;276.3;0.0;271.0;0;5
49;82;nan;0.0;0.0;271.0;0.0;271.0;0;5
49;83;nan;0.0;0.0;271.0;0.0;271.0;0;5
49;84;nan;0.0;0.0;271.0;0.0;271.0;0;5
49;85;nan;0.0;0.0;271.0;0.0;271.0;0;5
49;86;nan;0.0;0.0;271.0;0.0;271.0;0;5
49;87;nan;0.0;0.0;271.0;0.0;271.0;0;5
49;88;nan;0.0;0.0;271.0;0.0;271.0;0;5
49;89;nan;0.0;0.0;271.0;0.0;271.0;0;5
49;90;nan;0.0;0.0;271.0;0.0;271.0;0;5
49;91;nan;0.0;0.0;271.0;0.0;271.0;0;5
49;92;nan;0.0;0.0;271.0;0.0;271.0;0;5
49;93;nan;0.0;0.0;271.0;0.0;271.0;0;5
49;94;nan;0.0;0.0;271.0;0.0;271.0;0;5
49;95;nan;0.0;0.0;271.0;0.0;271.0;0;5
49;96;nan;0.0;0.0;271.0;0.0;271.0;0;5
49;97;nan;0.0;0.0;271.0;0.0;271.0;0;5
49;98;nan;0.0;0.0;271.0;0.0;271.0;0;5
49;99;nan;0.0;0.0;271.0;0.0;271.0;0;5
49;100;nan;0.0;0.0;271.0;0.0;271.0;0;5
49;101;nan;0.0;0.0;271.0;0.0;271.0;0;5
49;102;nan;0.0;0.0;271.0;0.0;271.0;0;5
49;103;nan;0.0;0.0;271.0;0.0;271.0;0;5
49;104;nan;0.0;0.0;271.0;0.0;271.0;0;5
49;105;nan;0.0;0.0;271.0;0.0;271.0;0;5
49;106;nan;0.0;0.0;271.0;0.0;271.0;0;5
49;107;nan;0.0;0.0;271.0;0.0;271.0;0;5
49;108;nan;0.0;0.0;271.0;0.0;271.0;0;5
49;109;nan;0.0;0.0;271.0;0.0;271.0;0;5
49;110;nan;0.0;0.0;271.0;0.0;271.0;0;5
49;111;nan;0.0;0.0;271.0;0.0;271.0;0;5
49;112;nan;0.0;0.0;271.0;0.0;271.0;0;5
49;113;nan;0.0;0.0;271.0;0.0;271.0;0;5
49;114;nan;0.0;0.0;271.0;0.0;271.0;0;5
49;115;nan;0.0;0.0;271.0;0.0;271.0;0;5
49;116;nan;0.0;0.0;271.0;0.0;271.0;0;5
49;117;nan;0.0;0.0;271.0;0.0;271.0;0;5
49;118;nan;0.0;0.0;271.0;0.0;271.0;0;5
49;119;nan;0.0;0.0;271.0;0.0;271.0;0;5
49;120;14.2;25.1;67.0;292.3;0.1;271.0;0;5
49;121;46.7;7.5;21.0;275.7;0.0;271.0;0;5
49;122;85.6;4.1;9.0;273.6;0.0;271.0;0;5
49;123;77.4;4.5;12.0;273.7;0.0;271.0;0;5
49;124;nan;0.0;0.0;271.0;0.0;271.0;0;5
49;125;nan;0.0;0.0;271.0;0.0;271.0;0;5
49;126;nan;0.0;0.0;271.0;0.0;271.0;0;5
49;127;nan;0.0;0.0;271.0;0.0;271.0;0;5
49;128;nan;0.0;0.0;271.0;0.0;271.0;0;5
49;129;nan;0.0;0.0;271.0;0.0;271.0;0;5
49;130;nan;0.0;0.0;271.0;0.0;271.0;0;5
49;131;nan;0.0;0.0;271.0;0.0;271.0;0;5
49;132;nan;0.0;0.0;271.0;0.0;271.0;0;5
49;133;nan;0.0;0.0;271.0;0.0;271.0;0;5
49;134;nan;0.0;0.0;271.0;0.0;271.0;0;5
49;135;nan;0.0;0.0;271.0;0.0;271.0;0;5
49;136;nan;0.0;0.0;271.0;0.0;271.0;0;5
49;137;nan;0.0;0.0;271.0;0.0;271.0;0;5
49;138;nan;0.0;0.0;271.0;0.0;271.0;0;5
49;139;nan;0.0;0.0;271.0;0.0;271.0;0;5
49;140;nan;0.0;0.0;271.0;0.0;271.0;0;5
49;141;nan;0.0;0.0;271.0;0.0;271.0;0;5
49;142;nan;0.0;0.0;271.0;0.0;271.0;0;5
49;143;nan;0.0;0.0;271.0;0.0;271.0;0;5
49;144;nan;0.0;0.0;271.0;0.0;271.0;0;5
49;145;nan;0.0;0.0;271.0;0.0;271.0;0;5
49;146;nan;0.0;0.0;271.0;0.0;271.0;0;5
49;147;nan;0.0;0.0;271.0;0.0;271.0;0;5
49;148;nan;0.0;0.0;271.0;0.0;271.0;0;5
49;149;nan;0.0;0.0;271.0;0.0;271.0;0;5
50;0;6.7;68.4;156.0;391.6;0.2;283.0;1;1
50;1;6.0;78.6;187.0;405.7;0.2;281.0;1;2
50;2;6.0;78.5;195.0;403.4;0.2;276.0;1;3
50;3;7.2;62.3;156.0;379.1;0.2;276.0;0;3
50;4;6.1;76.5;182.0;399.3;0.2;276.0;0;3
50;5;6.7;69.0;160.0;393.4;0.2;276.0;0;3
50;6;6.5;70.1;171.0;390.3;0.2;276.0;0;3
50;7;7.1;63.5;158.0;384.3;0.2;276.0;0;3
50;8;6.4;70.9;172.0;390.0;0.2;276.0;0;3
50;9;7.6;58.0;144.0;373.1;0.2;276.0;0;3
50;10;8.4;52.2;125.0;370.4;0.1;276.0;0;3
50;11;7.9;55.3;136.0;367.1;0.2;275.0;1;4
50;12;8.3;52.4;122.0;364.6;0.1;275.0;0;4
50;13;9.1;46.5;116.0;353.0;0.1;275.0;0;4
50;14;7.4;60.4;155.0;376.7;0.2;275.0;0;4
50;15;9.6;43.2;106.0;344.9;0.1;275.0;0;4
50;16;10.7;38.4;106.0;339.3;0.1;275.0;0;4
50;17;9.5;42.5;118.0;337.1;0.1;275.0;0;4
50;18;13.1;30.4;80.0;326.9;0.1;275.0;0;4
50;19;15.7;24.6;66.0;313.1;0.1;272.0;1;5
50;20;10.3;37.7;84.0;323.6;0.1;272.0;0;5
50;21;9.9;39.9;88.0;328.6;0.1;272.0;0;5
50;22;10.3;37.6;82.0;321.0;0.1;272.0;0;5
50;23;14.7;25.9;58.0;309.4;0.1;272.0;0;5
50;24;13.8;27.6;68.0;310.9;0.1;272.0;0;5
50;25;15.6;24.5;56.0;310.7;0.1;272.0;0;5
50;26;17.8;20.9;51.0;301.0;0.1;272.0;0;5
50;27;14.7;25.8;55.0;309.4;0.1;272.0;0;5
50;28;16.0;23.3;58.0;303.0;0.1;272.0;0;5
50;29;45.9;7.8;21.0;284.0;0.0;272.0;0;5
50;30;13.0;29.3;70.0;312.7;0.1;272.0;0;5
50;31;18.0;20.7;48.0;301.3;0.1;272.0;0;5
50;32;16.9;22.0;53.0;300.4;0.1;272.0;0;5
50;33;16.1;23.1;60.0;301.6;0.1;272.0;0;5
50;34;58.6;6.1;15.0;282.7;0.0;272.0;0;5
50;35;nan;0.0;0.0;276.0;0.0;272.0;0;5
50;36;nan;0.0;0.0;276.0;0.0;272.0;0;5
50;37;nan;0.0;0.0;276.0;0.0;272.0;0;5
50;38;nan;0.0;0.0;276.0;0.0;272.0;0;5
50;39;nan;0.0;0.0;276.0;0.0;272.0;0;5
50;40;nan;0.0;0.0;276.0;0.0;272.0;0;5
50;41;nan;0.0;0.0;276.0;0.0;272.0;0;5
50;42;nan;0.0;0.0;276.0;0.0;272.0;0;5
50;43;nan;0.0;0.0;276.0;0.0;272.0;0;5
50;44;nan;0.0;0.0;276.0;0.0;272.0;0;5
50;45;nan;0.0;0.0;276.0;0.0;272.0;0;5
50;46;nan;0.0;0.0;276.0;0.0;272.0;0;5
50;47;nan;0.0;0.0;276.0;0.0;272.0;0;5
50;48;nan;0.0;0.0;276.0;0.0;272.0;0;5
50;49;nan;0.0;0.0;276.0;0.0;272.0;0;5
50;50;nan;0.0;0.0;276.0;0.0;272.0;0;5
50;51;nan;0.0;0.0;276.0;0.0;272.0;0;5
50;52;nan;0.0;0.0;276.0;0.0;272.0;0;5
50;53;nan;0.0;0.0;276.0;0.0;272.0;0;5
50;54;nan;0.0;0.0;276.0;0.0;272.0;0;5
50;55;nan;0.0;0.0;276.0;0.0;272.0;0;5
50;56;nan;0.0;0.0;276.0;0.0;272.0;0;5
50;57;nan;0.0;0.0;276.0;0.0;272.0;0;5
50;58;nan;0.0;0.0;276.0;0.0;272.0;0;5
50;59;nan;0.0;0.0;276.0;0.0;272.0;0;5
50;60;nan;0.0;0.0;276.0;0.0;272.0;0;5
50;61;nan;0.0;0.0;276.0;0.0;272.0;0;5
50;62;nan;0.0;0.0;276.0;0.0;272.0;0;5
50;63;nan;0.0;0.0;276.0;0.0;272.0;0;5
50;64;nan;0.0;0.0;276.0;0.0;272.0;0;5
50;65;7.8;49.6;109.0;326.3;0.2;272.0;0;5
50;66;10.1;37.3;83.0;311.9;0.1;272.0;0;5
50;67;17.7;20.9;48.0;298.9;0.1;272.0;0;5
50;68;13.9;26.7;68.0;303.1;0.1;272.0;0;5
50;69;13.5;27.1;62.0;300.9;0.1;272.0;0;5
50;70;26.9;13.4;30.0;287.3;0.0;272.0;0;5
50;71;83.6;4.3;10.0;279.9;0.0;272.0;0;5
50;72;60.9;5.9;16.0;281.9;0.0;272.0;0;5
50;73;nan;0.0;0.0;276.0;0.0;272.0;0;5
50;74;nan;0.0;0.0;276.0;0.0;272.0;0;5
50;75;nan;0.0;0.0;276.0;0.0;272.0;0;5
50;76;nan;0.0;0.0;276.0;0.0;272.0;0;5
50;77;nan;0.0;0.0;276.0;0.0;272.0;0;5
50;78;nan;0.0;0.0;276.0;0.0;272.0;0;5
50;79;nan;0.0;0.0;276.0;0.0;272.0;0;5
50;80;nan;0.0;0.0;276.0;0.0;272.0;0;5
50;81;nan;0.0;0.0;276.0;0.0;272.0;0;5
50;82;nan;0.0;0.0;276.0;0.0;272.0;0;5
50;83;nan;0.0;0.0;276.0;0.0;272.0;0;5
50;84;nan;0.0;0.0;276.0;0.0;272.0;0;5
50;85;nan;0.0;0.0;276.0;0.0;272.0;0;5
50;86;nan;0.0;0.0;276.0;0.0;272.0;0;5
50;87;nan;0.0;0.0;276.0;0.0;272.0;0;5
50;88;nan;0.0;0.0;276.0;0.0;272.0;0;5
50;89;nan;0.0;0.0;276.0;0.0;272.0;0;5
50;90;nan;0.0;0.0;276.0;0.0;272.0;0;5
50;91;nan;0.0;0.0;276.0;0.0;272.0;0;5
50;92;nan;0.0;0.0;276.0;0.0;272.0;0;5
50;93;nan;0.0;0.0;276.0;0.0;272.0;0;5
50;94;nan;0.0;0.0;276.0;0.0;272.0;0;5
50;95;nan;0.0;0.0;276.0;0.0;272.0;0;5
50;96;nan;0.0;0.0;276.0;0.0;272.0;0;5
50;97;nan;0.0;0.0;276.0;0.0;272.0;0;5
50;98;nan;0.0;0.0;276.0;0.0;272.0;0;5
50;99;nan;0.0;0.0;276.0;0.0;272.0;0;5
50;100;nan;0.0;0.0;276.0;0.0;272.0;0;5
50;101;nan;0.0;0.0;276.0;0.0;272.0;0;5
50;102;nan;0.0;0.0;276.0;0.0;272.0;0;5
50;103;nan;0.0;0.0;276.0;0.0;272.0;0;5
50;104;nan;0.0;0.0;276.0;0.0;272.0;0;5
50;105;nan;0.0;0.0;276.0;0.0;272.0;0;5
50;106;nan;0.0;0.0;276.0;0.0;272.0;0;5
50;107;nan;0.0;0.0;276.0;0.0;272.0;0;5
50;108;nan;0.0;0.0;276.0;0.0;272.0;0;5
50;109;nan;0.0;0.0;276.0;0.0;272.0;0;5
50;110;19.3;18.7;47.0;290.4;0.1;272.0;0;5
50;111;19.4;18.5;47.0;290.0;0.1;272.0;0;5
50;112;15.5;23.1;56.0;291.7;0.1;272.0;0;5
50;113;36.3;9.8;26.0;282.1;0.0;272.0;0;5
50;114;91.8;3.8;11.0;277.6;0.0;272.0;0;5
50;115;nan;0.0;0.0;276.0;0.0;272.0;0;5
50;116;nan;0.0;0.0;276.0;0.0;272.0;0;5
50;117;nan;0.0;0.0;276.0;0.0;272.0;0;5
50;118;nan;0.0;0.0;276.0;0.0;272.0;0;5
50;119;nan;0.0;0.0;276.0;0.0;272.0;0;5
50;120;nan;0.0;0.0;276.0;0.0;272.0;0;5
50;121;nan;0.0;0.0;276.0;0.0;272.0;0;5
50;122;nan;0.0;0.0;276.0;0.0;272.0;0;5
50;123;nan;0.0;0.0;276.0;0.0;272.0;0;5
50;124;nan;0.0;0.0;276.0;0.0;272.0;0;5
50;125;nan;0.0;0.0;276.0;0.0;272.0;0;5
50;126;nan;0.0;0.0;276.0;0.0;272.0;0;5
50;127;nan;0.0;0.0;276.0;0.0;272.0;0;5
50;128;nan;0.0;0.0;276.0;0.0;272.0;0;5
50;129;nan;0.0;0.0;276.0;0.0;272.0;0;5
50;130;nan;0.0;0.0;276.0;0.0;272.0;0;5
50;131;nan;0.0;0.0;276.0;0.0;272.0;0;5
50;132;nan;0.0;0.0;276.0;0.0;272.0;0;5
50;133;nan;0.0;0.0;276.0;0.0;272.0;0;5
50;134;nan;0.0;0.0;276.0;0.0;272.0;0;5
50;135;nan;0.0;0.0;276.0;0.0;272.0;0;5
50;136;nan;0.0;0.0;276.0;0.0;272.0;0;5
50;137;nan;0.0;0.0;276.0;0.0;272.0;0;5
50;138;nan;0.0;0.0;276.0;0.0;272.0;0;5
50;139;nan;0.0;0.0;276.0;0.0;272.0;0;5
50;140;nan;0.0;0.0;276.0;0.0;272.0;0;5
50;141;nan;0.0;0.0;276.0;0.0;272.0;0;5
50;142;nan;0.0;0.0;276.0;0.0;272.0;0;5
50;143;nan;0.0;0.0;276.0;0.0;272.0;0;5
50;144;nan;0.0;0.0;276.0;0.0;272.0;0;5
50;145;nan;0.0;0.0;276.0;0.0;272.0;0;5
50;146;nan;0.0;0.0;276.0;0.0;272.0;0;5
50;147;nan;0.0;0.0;276.0;0.0;272.0;0;5
50;148;nan;0.0;0.0;276.0;0.0;272.0;0;5
50;149;nan;0.0;0.0;276.0;0.0;272.0;0;5
