param;value
filename;./inputData/BrasilNE50n.car
base_seed;1
nRuns;51
iterations;100
antsN;50
stagnation;30
favorites;0
gbPeriod;0
rhoNodes;0.1
rhoCars;0.1
rhoPass;0.1
alphaNodes;1.5
alphaCars;1.5
alphaPass;1.5
betaNodes;1.2
betaCars;1.2
betaPass;1.1
maxMinCars;0
maxMinNodes;0
pBestCars;0
useTBAS;0
sampleCars;1
enforceNoRerent;1
returnFactorCars;0
epsilonEtaCars;1e-06
smGammaCars;0.7
restartTargetCars;mid
exploreCars;0
exploreItersCars;20
exploreRhoMultCars;2
policyQ0;0.1
adaptiveQ0;1
q0Start;0.2
q0End;0.9
eliteKAnts;7
lsTopW;0
lsQuality;High
useReinsertion;0
reinsertionMaxPasses;5
dpCacheCapacity;5000
dpMaxSegmentLenOffset;5
intensifierEnabled;1
intensifierMaxStagnationIterations;3
intensifierResetPheromonesCount;2
intensifierPheromoneReductionGamma;0.3
intensifierArchiveAndResetBest;0
ablationDisableAntDepositsDuringIntensification;0
ablationResetPheromonesOnIntensifierActivation;0
ablationIntensifierOnlyNoAnts;0
ablationIntensifierOnlyRandomInitialTour;0
runSeeds;run0=9176377229071207081,run1=76241568449944305,run2=11569656429252920891,run3=8006770736520076435,run4=10222608011239175760,run5=83674907983555125,run6=16633518659454552880,run7=3348662810425028053,run8=1625020296661546126,run9=8722260422266777814,run10=18422523289718600251,run11=12120595211417451604,run12=11180516292616150398,run13=13235578871255005297,run14=17784125318686945540,run15=15956506419893335137,run16=2899130862535483918,run17=11850605890185619915,run18=13353388233111958045,run19=6644193456908987648,run20=9748498986499756733,run21=9610614758425770644,run22=16467222360164019310,run23=11726302834367551336,run24=8896860786397106362,run25=6737285527070588895,run26=11634350522773239934,run27=7808547232002136844,run28=3287009989320200796,run29=8484872300069380217,run30=8138020970177873692,run31=16735953543485209995,run32=957827445528146549,run33=9178821638437730898,run34=2354512119315649564,run35=10160966691791677292,run36=27474500062045820,run37=7844575079918988844,run38=15524044195614787644,run39=4980590106503615414,run40=3943098024137922559,run41=141425323448007506,run42=16001952662412044218,run43=6069959457317431616,run44=2033442876187297925,run45=7223543130371895193,run46=4350234967155519396,run47=10524526614539617298,run48=3004527168784687515,run49=3975454624479931874,run50=1666912681748276242
stagnationEvents;run0=1,run1=2,run2=1,run3=2,run4=1,run5=1,run6=2,run7=2,run8=2,run9=2,run10=1,run11=2,run12=1,run13=2,run14=1,run15=2,run16=1,run17=2,run18=1,run19=2,run20=2,run21=1,run22=1,run23=2,run24=2,run25=2,run26=2,run27=3,run28=2,run29=2,run30=2,run31=2,run32=2,run33=2,run34=2,run35=1,run36=2,run37=1,run38=2,run39=1,run40=1,run41=2,run42=1,run43=2,run44=1,run45=2,run46=2,run47=2,run48=1,run49=2,run50=1
lkCalls;run0=1,run1=2,run2=1,run3=2,run4=1,run5=1,run6=2,run7=2,run8=2,run9=2,run10=1,run11=2,run12=1,run13=2,run14=1,run15=2,run16=1,run17=2,run18=1,run19=2,run20=2,run21=1,run22=1,run23=2,run24=2,run25=2,run26=2,run27=3,run28=2,run29=2,run30=2,run31=2,run32=2,run33=2,run34=2,run35=1,run36=2,run37=1,run38=2,run39=1,run40=1,run41=2,run42=1,run43=2,run44=1,run45=2,run46=2,run47=2,run48=1,run49=2,run50=1
lkSuccess;run0=0,run1=0,run2=0,run3=0,run4=0,run5=0,run6=0,run7=0,run8=0,run9=0,run10=0,run11=0,run12=0,run13=0,run14=0,run15=0,run16=0,run17=0,run18=0,run19=0,run20=0,run21=0,run22=0,run23=0,run24=0,run25=0,run26=0,run27=0,run28=0,run29=0,run30=0,run31=0,run32=0,run33=0,run34=0,run35=0,run36=0,run37=0,run38=0,run39=0,run40=0,run41=0,run42=0,run43=0,run44=0,run45=0,run46=0,run47=0,run48=0,run49=0,run50=0
tOptCalls;run0=0,run1=0,run2=0,run3=0,run4=0,run5=0,run6=0,run7=0,run8=0,run9=0,run10=0,run11=0,run12=0,run13=0,run14=0,run15=0,run16=0,run17=0,run18=0,run19=0,run20=0,run21=0,run22=0,run23=0,run24=0,run25=0,run26=0,run27=0,run28=0,run29=0,run30=0,run31=0,run32=0,run33=0,run34=0,run35=0,run36=0,run37=0,run38=0,run39=0,run40=0,run41=0,run42=0,run43=0,run44=0,run45=0,run46=0,run47=0,run48=0,run49=0,run50=0
tOptSuccess;run0=0,run1=0,run2=0,run3=0,run4=0,run5=0,run6=0,run7=0,run8=0,run9=0,run10=0,run11=0,run12=0,run13=0,run14=0,run15=0,run16=0,run17=0,run18=0,run19=0,run20=0,run21=0,run22=0,run23=0,run24=0,run25=0,run26=0,run27=0,run28=0,run29=0,run30=0,run31=0,run32=0,run33=0,run34=0,run35=0,run36=0,run37=0,run38=0,run39=0,run40=0,run41=0,run42=0,run43=0,run44=0,run45=0,run46=0,run47=0,run48=0,run49=0,run50=0
kickCalls;run0=1,run1=2,run2=1,run3=2,run4=1,run5=1,run6=2,run7=2,run8=2,run9=2,run10=1,run11=2,run12=1,run13=2,run14=1,run15=2,run16=1,run17=2,run18=1,run19=2,run20=2,run21=1,run22=1,run23=2,run24=2,run25=2,run26=2,run27=3,run28=2,run29=2,run30=2,run31=2,run32=2,run33=2,run34=2,run35=1,run36=2,run37=1,run38=2,run39=1,run40=1,run41=2,run42=1,run43=2,run44=1,run45=2,run46=2,run47=2,run48=1,run49=2,run50=1
kickSuccess;run0=0,run1=1,run2=0,run3=0,run4=0,run5=0,run6=0,run7=0,run8=0,run9=0,run10=0,run11=0,run12=0,run13=0,run14=0,run15=0,run16=0,run17=0,run18=0,run19=0,run20=0,run21=0,run22=0,run23=0,run24=0,run25=0,run26=0,run27=0,run28=0,run29=0,run30=0,run31=0,run32=0,run33=1,run34=0,run35=0,run36=0,run37=0,run38=0,run39=0,run40=0,run41=0,run42=0,run43=0,run44=0,run45=0,run46=0,run47=0,run48=0,run49=0,run50=0
cacheEvalHitRate;run0=44.97%,run1=62.83%,run2=50.91%,run3=50.36%,run4=52.67%,run5=47.24%,run6=44.19%,run7=50.51%,run8=52.66%,run9=48.49%,run10=49.64%,run11=51.91%,run12=45.06%,run13=52.88%,run14=56.06%,run15=53.87%,run16=50.24%,run17=45.31%,run18=47.97%,run19=40.53%,run20=52.36%,run21=54.15%,run22=53.63%,run23=55.02%,run24=53.54%,run25=44.43%,run26=51.66%,run27=52.27%,run28=48.15%,run29=50.45%,run30=44.79%,run31=52.51%,run32=37.26%,run33=58.29%,run34=48.46%,run35=42.46%,run36=48.21%,run37=52.73%,run38=47.06%,run39=55.18%,run40=51.94%,run41=48.37%,run42=51.48%,run43=52.91%,run44=54.48%,run45=47.43%,run46=49.91%,run47=50.67%,run48=46.06%,run49=55.12%,run50=46.37%
cacheReasHitRate;run0=62.89%,run1=76.63%,run2=71.48%,run3=72.62%,run4=73.34%,run5=69.55%,run6=68.44%,run7=72.07%,run8=72.60%,run9=70.86%,run10=70.45%,run11=73.56%,run12=67.84%,run13=73.94%,run14=76.67%,run15=74.28%,run16=69.13%,run17=69.85%,run18=70.07%,run19=66.76%,run20=73.47%,run21=73.52%,run22=73.40%,run23=75.13%,run24=74.89%,run25=66.75%,run26=72.79%,run27=73.15%,run28=69.47%,run29=71.76%,run30=68.41%,run31=73.16%,run32=63.53%,run33=76.06%,run34=67.93%,run35=64.08%,run36=70.29%,run37=71.81%,run38=68.92%,run39=74.78%,run40=68.76%,run41=68.87%,run42=68.69%,run43=71.72%,run44=74.13%,run45=71.43%,run46=70.96%,run47=70.34%,run48=68.53%,run49=75.31%,run50=66.67%
lkSuccessRate;run0=0.00% (cache:45.0%),run1=0.00% (cache:62.8%),run2=0.00% (cache:50.9%),run3=0.00% (cache:50.4%),run4=0.00% (cache:52.7%),run5=0.00% (cache:47.2%),run6=0.00% (cache:44.2%),run7=0.00% (cache:50.5%),run8=0.00% (cache:52.7%),run9=0.00% (cache:48.5%),run10=0.00% (cache:49.6%),run11=0.00% (cache:51.9%),run12=0.00% (cache:45.1%),run13=0.00% (cache:52.9%),run14=0.00% (cache:56.1%),run15=0.00% (cache:53.9%),run16=0.00% (cache:50.2%),run17=0.00% (cache:45.3%),run18=0.00% (cache:48.0%),run19=0.00% (cache:40.5%),run20=0.00% (cache:52.4%),run21=0.00% (cache:54.1%),run22=0.00% (cache:53.6%),run23=0.00% (cache:55.0%),run24=0.00% (cache:53.5%),run25=0.00% (cache:44.4%),run26=0.00% (cache:51.7%),run27=0.00% (cache:52.3%),run28=0.00% (cache:48.2%),run29=0.00% (cache:50.5%),run30=0.00% (cache:44.8%),run31=0.00% (cache:52.5%),run32=0.00% (cache:37.3%),run33=0.00% (cache:58.3%),run34=0.00% (cache:48.5%),run35=0.00% (cache:42.5%),run36=0.00% (cache:48.2%),run37=0.00% (cache:52.7%),run38=0.00% (cache:47.1%),run39=0.00% (cache:55.2%),run40=0.00% (cache:51.9%),run41=0.00% (cache:48.4%),run42=0.00% (cache:51.5%),run43=0.00% (cache:52.9%),run44=0.00% (cache:54.5%),run45=0.00% (cache:47.4%),run46=0.00% (cache:49.9%),run47=0.00% (cache:50.7%),run48=0.00% (cache:46.1%),run49=0.00% (cache:55.1%),run50=0.00% (cache:46.4%)
tOptSuccessRate;run0=N/A,run1=N/A,run2=N/A,run3=N/A,run4=N/A,run5=N/A,run6=N/A,run7=N/A,run8=N/A,run9=N/A,run10=N/A,run11=N/A,run12=N/A,run13=N/A,run14=N/A,run15=N/A,run16=N/A,run17=N/A,run18=N/A,run19=N/A,run20=N/A,run21=N/A,run22=N/A,run23=N/A,run24=N/A,run25=N/A,run26=N/A,run27=N/A,run28=N/A,run29=N/A,run30=N/A,run31=N/A,run32=N/A,run33=N/A,run34=N/A,run35=N/A,run36=N/A,run37=N/A,run38=N/A,run39=N/A,run40=N/A,run41=N/A,run42=N/A,run43=N/A,run44=N/A,run45=N/A,run46=N/A,run47=N/A,run48=N/A,run49=N/A,run50=N/A

run;iter;n_ants;ant_cost_min;ant_cost_q1;ant_cost_median;ant_cost_q3;ant_cost_max;ant_cost_mean;ant_cost_std
0;0;7;733.0;960.5;1168.0;1170.5;1181.0;1049.1;191.0
0;1;7;644.0;926.5;1166.0;1173.5;1183.0;1027.6;226.1
0;2;7;697.0;946.5;1185.0;1202.5;1209.0;1055.6;218.1
0;3;7;641.0;945.0;1185.0;1194.0;1199.0;1043.3;228.4
0;4;7;659.0;915.5;1142.0;1145.0;1147.0;1009.9;210.8
0;5;7;715.0;936.5;1135.0;1194.5;1201.0;1044.7;202.7
0;6;7;643.0;921.0;1124.0;1152.5;1165.0;1011.3;206.2
0;7;7;671.0;894.5;1153.0;1166.5;1174.0;1017.1;217.0
0;8;7;718.0;912.0;1111.0;1118.0;1121.0;1001.4;175.4
0;9;7;708.0;935.0;1123.0;1176.0;1179.0;1033.1;192.2
0;10;7;669.0;904.5;1100.0;1131.5;1149.0;998.6;194.8
0;11;7;628.0;897.0;1119.0;1130.0;1157.0;994.0;214.4
0;12;7;650.0;838.5;1083.0;1095.5;1104.0;957.9;194.5
0;13;7;685.0;895.5;1107.0;1110.0;1129.0;990.3;191.1
0;14;7;632.0;649.5;1059.0;1076.5;1096.0;891.3;214.8
0;15;7;624.0;636.0;1037.0;1060.0;1078.0;875.9;211.6
0;16;7;621.0;665.5;1000.0;1014.0;1058.0;862.6;185.0
0;17;7;638.0;651.0;997.0;1031.0;1065.0;866.3;191.2
0;18;7;641.0;657.0;1004.0;1013.0;1032.0;859.6;180.3
0;19;7;617.0;620.0;876.0;899.5;963.0;785.0;146.2
0;20;7;622.0;627.0;886.0;905.0;914.0;783.7;137.4
0;21;7;622.0;625.0;823.0;892.0;921.0;771.4;131.4
0;22;7;617.0;625.0;890.0;899.0;909.0;780.6;137.2
0;23;7;623.0;635.0;816.0;853.5;914.0;761.4;116.6
0;24;7;620.0;624.0;736.0;748.5;781.0;697.4;66.0
0;25;7;610.0;620.5;750.0;751.5;759.0;694.7;67.5
0;26;7;618.0;631.0;694.0;699.5;706.0;668.4;36.6
0;27;7;625.0;630.0;710.0;724.5;748.0;684.6;50.2
0;28;7;612.0;617.0;663.0;677.5;680.0;649.1;29.8
0;29;7;610.0;618.0;644.0;659.0;666.0;639.1;21.7
0;30;7;615.0;625.0;652.0;658.0;668.0;643.0;19.9
0;31;7;618.0;619.5;640.0;644.0;651.0;633.7;13.2
0;32;7;615.0;624.0;641.0;644.0;646.0;634.0;12.4
0;33;7;621.0;621.5;629.0;629.0;631.0;626.0;4.1
0;34;7;618.0;621.5;626.0;626.5;627.0;623.9;3.3
0;35;7;621.0;621.0;626.0;627.0;627.0;624.3;2.9
0;36;7;618.0;619.0;626.0;626.0;626.0;622.9;3.7
0;37;7;618.0;621.0;624.0;624.5;626.0;622.7;2.6
0;38;7;621.0;621.0;624.0;624.0;624.0;622.7;1.5
0;39;7;618.0;619.5;621.0;624.0;624.0;621.4;2.5
0;40;7;618.0;618.0;621.0;624.0;624.0;621.0;2.8
0;41;7;618.0;618.0;621.0;624.0;624.0;621.0;2.8
0;42;7;618.0;618.0;621.0;624.0;624.0;621.0;2.8
0;43;7;618.0;618.0;618.0;622.5;624.0;620.1;2.6
0;44;7;618.0;618.0;618.0;618.0;618.0;618.0;0.0
0;45;7;618.0;618.0;618.0;618.0;618.0;618.0;0.0
0;46;7;618.0;618.0;618.0;618.0;618.0;618.0;0.0
0;47;7;618.0;618.0;618.0;618.0;618.0;618.0;0.0
0;48;7;618.0;618.0;618.0;618.0;618.0;618.0;0.0
0;49;7;618.0;618.0;618.0;618.0;618.0;618.0;0.0
0;50;7;618.0;618.0;618.0;618.0;618.0;618.0;0.0
0;51;7;618.0;618.0;618.0;618.0;618.0;618.0;0.0
0;52;7;618.0;618.0;618.0;618.0;618.0;618.0;0.0
0;53;7;618.0;618.0;618.0;618.0;618.0;618.0;0.0
0;54;7;618.0;618.0;618.0;618.0;618.0;618.0;0.0
0;55;7;618.0;618.0;618.0;618.0;618.0;618.0;0.0
0;56;7;618.0;618.0;618.0;618.0;618.0;618.0;0.0
0;57;7;618.0;618.0;618.0;618.0;618.0;618.0;0.0
0;58;7;618.0;618.0;618.0;618.0;618.0;618.0;0.0
0;59;7;618.0;618.0;618.0;618.0;618.0;618.0;0.0
0;60;7;618.0;618.0;618.0;618.0;618.0;618.0;0.0
0;61;7;618.0;618.0;618.0;618.0;618.0;618.0;0.0
0;62;7;618.0;618.0;618.0;618.0;618.0;618.0;0.0
0;63;7;618.0;618.0;618.0;618.0;618.0;618.0;0.0
0;64;7;618.0;618.0;618.0;618.0;618.0;618.0;0.0
0;65;7;618.0;618.0;618.0;618.0;618.0;618.0;0.0
0;66;7;618.0;618.0;618.0;618.0;618.0;618.0;0.0
0;67;7;618.0;618.0;618.0;618.0;618.0;618.0;0.0
0;68;7;618.0;618.0;618.0;618.0;618.0;618.0;0.0
0;69;7;618.0;618.0;618.0;618.0;618.0;618.0;0.0
0;70;7;618.0;618.0;618.0;618.0;618.0;618.0;0.0
0;71;7;614.0;626.5;636.0;814.0;983.0;730.6;156.4
0;72;7;618.0;622.5;647.0;819.5;987.0;733.7;160.0
0;73;7;617.0;629.5;638.0;815.0;993.0;733.9;155.3
0;74;7;619.0;621.5;624.0;764.5;914.0;704.1;129.0
0;75;7;620.0;621.0;632.0;785.0;922.0;712.3;131.2
0;76;7;620.0;622.5;630.0;739.5;861.0;690.7;102.0
0;77;7;610.0;623.5;633.0;702.0;805.0;671.3;74.0
0;78;7;618.0;627.0;630.0;700.0;780.0;668.9;65.6
0;79;7;609.0;618.0;627.0;707.5;776.0;666.1;69.5
0;80;7;622.0;623.5;629.0;693.5;765.0;664.3;59.6
0;81;7;619.0;620.5;621.0;721.0;818.0;677.3;89.0
0;82;7;613.0;618.5;622.0;629.0;772.0;643.1;52.9
0;83;7;610.0;620.0;625.0;632.5;729.0;638.4;37.7
0;84;7;611.0;620.0;626.0;631.0;764.0;643.3;49.8
0;85;7;608.0;617.0;619.0;629.0;801.0;645.7;63.8
0;86;7;610.0;611.0;612.0;650.5;695.0;634.3;34.8
0;87;7;610.0;610.5;611.0;662.0;744.0;644.3;51.9
0;88;7;612.0;618.0;621.0;694.0;763.0;660.0;65.2
0;89;7;610.0;617.0;619.0;622.0;702.0;629.9;29.7
0;90;7;609.0;613.0;617.0;626.5;772.0;639.6;54.6
0;91;7;610.0;611.0;612.0;629.0;770.0;638.9;54.1
0;92;7;608.0;610.0;613.0;623.5;772.0;637.1;55.5
0;93;7;608.0;609.0;612.0;628.5;772.0;638.1;55.3
0;94;7;610.0;610.0;613.0;622.0;772.0;637.0;55.3
0;95;7;608.0;621.0;621.0;621.0;675.0;626.9;20.2
0;96;7;608.0;610.5;621.0;621.0;740.0;633.1;43.9
0;97;7;610.0;624.5;628.0;628.0;727.0;638.6;36.6
0;98;7;610.0;610.0;610.0;610.5;611.0;610.3;0.5
0;99;7;610.0;610.0;610.0;610.0;610.0;610.0;0.0
1;0;7;746.0;970.0;1213.0;1218.0;1224.0;1079.9;207.5
1;1;7;685.0;928.0;1135.0;1142.5;1164.0;1017.9;196.7
1;2;7;732.0;986.5;1226.0;1239.0;1248.0;1093.9;221.0
1;3;7;658.0;965.0;1191.0;1193.5;1203.0;1052.7;217.2
1;4;7;658.0;913.0;1124.0;1134.0;1137.0;1001.9;200.8
1;5;7;713.0;946.0;1143.0;1178.5;1196.0;1043.0;198.4
1;6;7;673.0;900.0;1135.0;1138.5;1152.0;1005.3;204.9
1;7;7;731.0;957.5;1172.0;1176.5;1186.0;1051.0;197.4
1;8;7;698.0;918.0;1123.0;1128.5;1130.0;1006.3;188.8
1;9;7;677.0;932.0;1163.0;1183.5;1185.0;1036.6;209.9
1;10;7;637.0;903.5;1116.0;1131.0;1157.0;997.0;209.2
1;11;7;628.0;885.0;1105.0;1110.5;1134.0;979.7;203.2
1;12;7;675.0;889.0;1111.0;1138.0;1163.0;1000.4;205.1
1;13;7;650.0;889.0;1117.0;1128.5;1138.0;991.4;207.6
1;14;7;628.0;680.0;1086.0;1092.0;1103.0;908.7;214.7
1;15;7;640.0;657.5;1010.0;1031.0;1071.0;871.1;191.2
1;16;7;626.0;657.0;1071.0;1086.0;1108.0;898.7;218.9
1;17;7;621.0;631.0;985.0;1028.5;1061.0;855.1;198.6
1;18;7;625.0;659.0;996.0;1006.5;1011.0;851.9;177.3
1;19;7;624.0;638.5;920.0;936.0;938.0;804.4;148.1
1;20;7;624.0;637.5;916.0;929.0;945.0;802.6;147.2
1;21;7;615.0;643.0;936.0;962.5;971.0;819.0;161.1
1;22;7;633.0;636.0;833.0;840.0;863.0;754.4;103.8
1;23;7;629.0;640.5;841.0;851.0;868.0;760.1;107.3
1;24;7;621.0;629.5;775.0;796.5;818.0;723.7;85.0
1;25;7;623.0;636.0;733.0;785.5;826.0;717.9;79.0
1;26;7;618.0;626.0;732.0;761.5;776.0;700.1;68.0
1;27;7;621.0;628.5;717.0;764.5;796.0;702.9;70.9
1;28;7;622.0;628.0;727.0;739.5;743.0;689.6;55.3
1;29;7;620.0;625.0;683.0;687.5;707.0;662.1;34.4
1;30;7;613.0;621.5;663.0;708.5;717.0;664.7;43.1
1;31;7;613.0;619.5;677.0;680.5;683.0;653.3;31.3
1;32;7;612.0;619.5;653.0;656.0;660.0;639.4;19.8
1;33;7;613.0;618.0;653.0;664.5;696.0;646.7;29.7
1;34;7;610.0;614.0;658.0;680.0;710.0;652.3;37.2
1;35;7;610.0;618.0;635.0;638.0;698.0;636.4;27.2
1;36;7;610.0;618.0;822.0;827.5;828.0;735.9;104.5
1;37;7;610.0;614.0;658.0;671.0;817.0;665.0;67.4
1;38;7;610.0;610.0;621.0;639.5;681.0;630.1;26.0
1;39;7;610.0;610.0;610.0;621.0;621.0;614.7;5.4
1;40;7;610.0;610.0;610.0;610.0;610.0;610.0;0.0
1;41;7;610.0;610.0;610.0;610.0;610.0;610.0;0.0
1;42;7;610.0;610.0;610.0;610.0;610.0;610.0;0.0
1;43;7;610.0;610.0;610.0;610.0;610.0;610.0;0.0
1;44;7;610.0;610.0;610.0;610.0;610.0;610.0;0.0
1;45;7;610.0;610.0;610.0;610.0;610.0;610.0;0.0
1;46;7;610.0;610.0;610.0;610.0;610.0;610.0;0.0
1;47;7;610.0;610.0;610.0;610.0;610.0;610.0;0.0
1;48;7;610.0;610.0;610.0;610.0;610.0;610.0;0.0
1;49;7;610.0;610.0;610.0;610.0;610.0;610.0;0.0
1;50;7;610.0;610.0;610.0;610.0;610.0;610.0;0.0
1;51;7;610.0;610.0;610.0;610.0;610.0;610.0;0.0
1;52;7;610.0;610.0;610.0;610.0;610.0;610.0;0.0
1;53;7;610.0;610.0;610.0;610.0;610.0;610.0;0.0
1;54;7;610.0;610.0;610.0;610.0;610.0;610.0;0.0
1;55;7;610.0;610.0;610.0;610.0;610.0;610.0;0.0
1;56;7;610.0;610.0;610.0;610.0;610.0;610.0;0.0
1;57;7;610.0;610.0;610.0;610.0;610.0;610.0;0.0
1;58;7;610.0;610.0;610.0;610.0;610.0;610.0;0.0
1;59;7;610.0;610.0;610.0;610.0;610.0;610.0;0.0
1;60;7;610.0;610.0;610.0;610.0;610.0;610.0;0.0
1;61;7;610.0;610.0;610.0;610.0;610.0;610.0;0.0
1;62;7;610.0;610.0;610.0;610.0;610.0;610.0;0.0
1;63;7;610.0;610.0;610.0;610.0;610.0;610.0;0.0
1;64;7;608.0;610.0;610.0;610.0;610.0;609.7;0.7
1;65;7;610.0;610.0;610.0;610.0;610.0;610.0;0.0
1;66;7;610.0;610.0;610.0;610.0;610.0;610.0;0.0
1;67;7;610.0;610.0;610.0;610.0;610.0;610.0;0.0
1;68;7;610.0;610.0;610.0;610.0;610.0;610.0;0.0
1;69;7;610.0;610.0;610.0;610.0;610.0;610.0;0.0
1;70;7;610.0;610.0;610.0;610.0;610.0;610.0;0.0
1;71;7;610.0;610.0;610.0;610.0;610.0;610.0;0.0
1;72;7;610.0;610.0;610.0;610.0;610.0;610.0;0.0
1;73;7;610.0;610.0;610.0;610.0;610.0;610.0;0.0
1;74;7;610.0;610.0;610.0;610.0;610.0;610.0;0.0
1;75;7;610.0;610.0;610.0;610.0;610.0;610.0;0.0
1;76;7;610.0;610.0;610.0;610.0;610.0;610.0;0.0
1;77;7;610.0;610.0;610.0;610.0;610.0;610.0;0.0
1;78;7;610.0;610.0;610.0;610.0;610.0;610.0;0.0
1;79;7;610.0;610.0;610.0;610.0;610.0;610.0;0.0
1;80;7;610.0;610.0;610.0;610.0;610.0;610.0;0.0
1;81;7;610.0;610.0;610.0;610.0;610.0;610.0;0.0
1;82;7;610.0;610.0;610.0;610.0;610.0;610.0;0.0
1;83;7;610.0;610.0;610.0;610.0;610.0;610.0;0.0
1;84;7;610.0;610.0;610.0;610.0;610.0;610.0;0.0
1;85;7;610.0;610.0;610.0;610.0;610.0;610.0;0.0
1;86;7;610.0;610.0;610.0;610.0;610.0;610.0;0.0
1;87;7;610.0;610.0;610.0;610.0;610.0;610.0;0.0
1;88;7;610.0;610.0;610.0;610.0;610.0;610.0;0.0
1;89;7;610.0;610.0;610.0;610.0;610.0;610.0;0.0
1;90;7;610.0;610.0;610.0;610.0;610.0;610.0;0.0
1;91;7;610.0;610.0;610.0;610.0;610.0;610.0;0.0
1;92;7;610.0;610.0;610.0;610.0;610.0;610.0;0.0
1;93;7;610.0;610.0;610.0;610.0;610.0;610.0;0.0
1;94;7;610.0;610.0;610.0;610.0;610.0;610.0;0.0
1;95;7;610.0;610.0;610.0;610.0;610.0;610.0;0.0
1;96;7;610.0;610.0;610.0;610.0;610.0;610.0;0.0
1;97;7;610.0;610.0;610.0;610.0;610.0;610.0;0.0
1;98;7;610.0;610.0;610.0;610.0;610.0;610.0;0.0
1;99;7;610.0;610.0;610.0;610.0;610.0;610.0;0.0
2;0;7;702.0;984.5;1184.0;1197.0;1199.0;1064.0;197.6
2;1;7;647.0;917.5;1143.0;1198.0;1216.0;1033.9;224.5
2;2;7;687.0;942.0;1143.0;1173.5;1226.0;1041.0;205.3
2;3;7;675.0;934.0;1146.0;1157.5;1174.0;1025.4;207.4
2;4;7;699.0;946.0;1143.0;1157.5;1169.0;1031.1;194.6
2;5;7;701.0;950.5;1154.0;1165.0;1178.0;1037.7;196.4
2;6;7;702.0;915.0;1149.0;1152.5;1161.0;1021.0;195.9
2;7;7;743.0;934.0;1123.0;1157.0;1168.0;1030.9;181.0
2;8;7;657.0;929.0;1121.0;1130.5;1142.0;1005.6;195.6
2;9;7;674.0;862.0;1070.0;1112.5;1130.0;974.7;186.0
2;10;7;687.0;906.0;1080.0;1101.5;1122.0;986.3;173.7
2;11;7;661.0;867.0;1097.0;1112.0;1115.0;975.9;192.3
2;12;7;617.0;877.0;1112.0;1125.5;1145.0;982.7;213.3
2;13;7;684.0;881.0;1058.0;1085.0;1114.0;969.7;173.9
2;14;7;638.0;678.0;1018.0;1072.0;1119.0;896.4;202.9
2;15;7;626.0;658.5;1017.0;1045.5;1076.0;875.3;198.5
2;16;7;628.0;638.5;998.0;1053.0;1092.0;871.6;206.5
2;17;7;633.0;645.5;949.0;996.5;1022.0;841.1;174.4
2;18;7;629.0;637.5;909.0;914.5;919.0;794.4;138.4
2;19;7;621.0;628.5;913.0;940.5;980.0;807.4;158.2
2;20;7;621.0;627.5;897.0;921.0;947.0;794.6;147.7
2;21;7;621.0;625.0;928.0;952.0;962.0;809.3;161.0
2;22;7;610.0;623.5;767.0;813.5;824.0;725.0;93.5
2;23;7;615.0;634.0;788.0;841.0;890.0;749.0;108.9
2;24;7;621.0;629.0;802.0;808.5;824.0;731.7;91.6
2;25;7;613.0;627.0;734.0;747.0;794.0;698.4;68.3
2;26;7;619.0;625.5;773.0;793.0;804.0;719.0;83.4
2;27;7;618.0;621.5;679.0;696.0;709.0;663.0;37.8
2;28;7;609.0;625.0;702.0;717.5;736.0;676.0;50.0
2;29;7;615.0;619.0;685.0;694.5;704.0;661.6;38.5
2;30;7;610.0;618.5;660.0;666.0;687.0;646.6;28.3
2;31;7;615.0;622.5;683.0;689.0;721.0;663.1;39.2
2;32;7;619.0;624.5;663.0;667.0;680.0;649.3;23.7
2;33;7;617.0;620.0;669.0;681.0;691.0;654.1;31.4
2;34;7;610.0;615.5;660.0;666.5;675.0;644.1;26.9
2;35;7;610.0;619.0;646.0;647.0;651.0;634.1;16.0
2;36;7;610.0;611.5;633.0;640.5;647.0;627.7;15.2
2;37;7;610.0;613.5;646.0;646.0;646.0;631.6;16.8
2;38;7;610.0;614.5;638.0;646.5;647.0;631.0;16.1
2;39;7;610.0;610.0;610.0;610.0;610.0;610.0;0.0
2;40;7;610.0;610.0;610.0;610.0;610.0;610.0;0.0
2;41;7;610.0;610.0;610.0;610.0;610.0;610.0;0.0
2;42;7;610.0;610.0;610.0;610.0;610.0;610.0;0.0
2;43;7;610.0;610.0;610.0;610.0;610.0;610.0;0.0
2;44;7;610.0;610.0;610.0;610.0;610.0;610.0;0.0
2;45;7;610.0;610.0;610.0;610.0;610.0;610.0;0.0
2;46;7;610.0;610.0;610.0;610.0;610.0;610.0;0.0
2;47;7;610.0;610.0;610.0;610.0;610.0;610.0;0.0
2;48;7;610.0;610.0;610.0;610.0;610.0;610.0;0.0
2;49;7;610.0;610.0;610.0;610.0;610.0;610.0;0.0
2;50;7;610.0;610.0;610.0;610.0;610.0;610.0;0.0
2;51;7;610.0;610.0;610.0;610.0;610.0;610.0;0.0
2;52;7;610.0;610.0;610.0;610.0;610.0;610.0;0.0
2;53;7;610.0;610.0;610.0;610.0;610.0;610.0;0.0
2;54;7;610.0;610.0;610.0;610.0;610.0;610.0;0.0
2;55;7;610.0;610.0;610.0;610.0;610.0;610.0;0.0
2;56;7;610.0;610.0;610.0;610.0;610.0;610.0;0.0
2;57;7;610.0;610.0;610.0;610.0;610.0;610.0;0.0
2;58;7;610.0;610.0;610.0;610.0;610.0;610.0;0.0
2;59;7;610.0;610.0;610.0;610.0;610.0;610.0;0.0
2;60;7;610.0;610.0;610.0;610.0;610.0;610.0;0.0
2;61;7;610.0;610.0;610.0;610.0;610.0;610.0;0.0
2;62;7;610.0;610.0;610.0;610.0;610.0;610.0;0.0
2;63;7;610.0;610.0;610.0;610.0;610.0;610.0;0.0
2;64;7;610.0;610.0;610.0;610.0;610.0;610.0;0.0
2;65;7;610.0;610.0;610.0;610.0;610.0;610.0;0.0
2;66;7;610.0;610.0;610.0;610.0;610.0;610.0;0.0
2;67;7;610.0;610.0;610.0;610.0;610.0;610.0;0.0
2;68;7;610.0;610.0;610.0;610.0;610.0;610.0;0.0
2;69;7;610.0;610.0;610.0;610.0;610.0;610.0;0.0
2;70;7;610.0;610.0;610.0;610.0;610.0;610.0;0.0
2;71;7;610.0;610.0;610.0;610.0;610.0;610.0;0.0
2;72;7;610.0;610.0;610.0;610.0;610.0;610.0;0.0
2;73;7;610.0;610.0;610.0;610.0;610.0;610.0;0.0
2;74;7;620.0;624.0;638.0;776.0;911.0;709.9;126.8
2;75;7;623.0;630.0;641.0;789.5;929.0;718.9;131.4
2;76;7;613.0;621.0;625.0;741.5;869.0;690.3;108.5
2;77;7;617.0;625.0;630.0;764.0;902.0;703.9;123.8
2;78;7;610.0;616.5;636.0;749.5;853.0;690.1;102.3
2;79;7;611.0;625.0;631.0;685.5;774.0;662.4;60.1
2;80;7;610.0;613.5;618.0;676.0;775.0;654.6;63.9
2;81;7;608.0;610.0;613.0;671.5;737.0;645.9;50.9
2;82;7;610.0;610.0;612.0;654.5;711.0;637.4;39.7
2;83;7;610.0;610.0;610.0;610.0;610.0;610.0;0.0
2;84;7;610.0;610.0;610.0;610.0;610.0;610.0;0.0
2;85;7;610.0;610.0;610.0;610.0;610.0;610.0;0.0
2;86;7;610.0;610.0;610.0;610.0;610.0;610.0;0.0
2;87;7;610.0;610.0;610.0;610.0;610.0;610.0;0.0
2;88;7;610.0;610.0;610.0;610.0;610.0;610.0;0.0
2;89;7;610.0;610.0;610.0;610.0;610.0;610.0;0.0
2;90;7;610.0;610.0;610.0;610.0;610.0;610.0;0.0
2;91;7;610.0;610.0;610.0;610.0;610.0;610.0;0.0
2;92;7;610.0;610.0;610.0;610.0;610.0;610.0;0.0
2;93;7;610.0;610.0;610.0;610.0;610.0;610.0;0.0
2;94;7;610.0;610.0;610.0;610.0;610.0;610.0;0.0
2;95;7;610.0;610.0;610.0;610.0;610.0;610.0;0.0
2;96;7;610.0;610.0;610.0;610.0;610.0;610.0;0.0
2;97;7;610.0;610.0;610.0;610.0;610.0;610.0;0.0
2;98;7;610.0;610.0;610.0;610.0;610.0;610.0;0.0
2;99;7;610.0;610.0;610.0;610.0;610.0;610.0;0.0
3;0;7;683.0;900.5;1170.0;1173.5;1178.0;1025.6;213.3
3;1;7;697.0;970.0;1183.0;1214.0;1231.0;1068.4;215.0
3;2;7;709.0;969.0;1200.0;1206.0;1221.0;1068.6;214.0
3;3;7;697.0;957.0;1196.0;1207.0;1214.0;1062.1;223.8
3;4;7;687.0;1004.5;1184.0;1192.0;1211.0;1067.9;197.4
3;5;7;699.0;962.0;1162.0;1165.0;1175.0;1041.4;192.9
3;6;7;669.0;904.5;1131.0;1131.0;1135.0;1000.9;202.5
3;7;7;679.0;898.0;1129.0;1144.5;1163.0;1008.0;205.3
3;8;7;656.0;878.5;1123.0;1160.0;1187.0;1006.1;216.1
3;9;7;680.0;896.0;1109.0;1129.5;1154.0;999.1;195.6
3;10;7;632.0;873.5;1102.0;1108.5;1119.0;973.9;190.0
3;11;7;703.0;898.5;1094.0;1103.5;1115.0;988.0;169.4
3;12;7;649.0;873.5;1090.0;1102.5;1119.0;972.9;197.5
3;13;7;660.0;872.0;1063.0;1081.0;1102.0;961.6;184.0
3;14;7;623.0;657.0;1089.0;1103.0;1124.0;908.0;227.7
3;15;7;624.0;671.0;1004.0;1060.0;1082.0;881.7;198.1
3;16;7;634.0;653.5;949.0;964.0;993.0;830.1;159.3
3;17;7;634.0;641.0;1034.0;1048.5;1072.0;874.1;204.3
3;18;7;630.0;644.5;935.0;955.0;964.0;818.3;155.0
3;19;7;641.0;653.5;941.0;961.5;1000.0;830.3;158.0
3;20;7;612.0;631.5;869.0;873.5;913.0;772.0;128.2
3;21;7;619.0;632.0;881.0;893.0;904.0;779.1;131.5
3;22;7;620.0;630.5;801.0;850.5;860.0;749.0;107.3
3;23;7;617.0;631.5;855.0;861.5;877.0;762.1;117.6
3;24;7;624.0;628.5;792.0;811.5;853.0;735.6;95.6
3;25;7;622.0;631.0;752.0;772.0;797.0;711.0;73.5
3;26;7;613.0;621.0;744.0;774.5;781.0;704.1;75.2
3;27;7;620.0;626.5;751.0;757.5;774.0;701.9;67.5
3;28;7;610.0;636.0;715.0;742.5;753.0;690.7;56.5
3;29;7;618.0;634.0;675.0;692.0;706.0;664.4;33.2
3;30;7;613.0;618.0;677.0;687.5;698.0;657.0;35.8
3;31;7;618.0;620.5;654.0;678.0;682.0;650.1;27.7
3;32;7;612.0;620.5;646.0;654.0;654.0;637.3;17.4
3;33;7;620.0;621.0;654.0;654.0;654.0;639.7;16.5
3;34;7;610.0;618.5;644.0;648.0;652.0;634.1;16.6
3;35;7;610.0;620.5;635.0;635.0;635.0;627.3;9.5
3;36;7;613.0;621.0;640.0;649.0;650.0;634.7;14.7
3;37;7;621.0;621.0;648.0;654.0;654.0;639.0;15.7
3;38;7;620.0;621.0;635.0;653.0;654.0;636.7;15.2
3;39;7;610.0;621.0;621.0;635.0;635.0;625.4;9.0
3;40;7;610.0;619.0;621.0;635.0;635.0;624.9;9.4
3;41;7;621.0;621.0;621.0;635.0;635.0;627.0;6.9
3;42;7;618.0;620.0;621.0;635.0;635.0;626.3;7.6
3;43;7;619.0;619.0;619.0;635.0;635.0;625.9;7.9
3;44;7;619.0;619.0;619.0;633.5;635.0;625.4;7.5
3;45;7;618.0;618.5;621.0;627.5;632.0;623.3;5.3
3;46;7;618.0;618.0;618.0;626.0;632.0;622.3;5.3
3;47;7;618.0;618.0;618.0;622.0;622.0;619.7;2.0
3;48;7;618.0;618.0;618.0;620.5;622.0;619.3;1.7
3;49;7;618.0;618.0;618.0;618.0;618.0;618.0;0.0
3;50;7;618.0;618.0;618.0;618.0;618.0;618.0;0.0
3;51;7;618.0;618.0;618.0;618.0;618.0;618.0;0.0
3;52;7;618.0;618.0;618.0;618.0;618.0;618.0;0.0
3;53;7;618.0;618.0;618.0;618.0;618.0;618.0;0.0
3;54;7;618.0;618.0;618.0;618.0;618.0;618.0;0.0
3;55;7;618.0;618.0;618.0;618.0;618.0;618.0;0.0
3;56;7;618.0;618.0;618.0;618.0;618.0;618.0;0.0
3;57;7;618.0;618.0;618.0;618.0;618.0;618.0;0.0
3;58;7;618.0;618.0;618.0;618.0;618.0;618.0;0.0
3;59;7;618.0;618.0;618.0;618.0;618.0;618.0;0.0
3;60;7;618.0;618.0;618.0;618.0;618.0;618.0;0.0
3;61;7;618.0;618.0;618.0;618.0;618.0;618.0;0.0
3;62;7;618.0;618.0;618.0;618.0;618.0;618.0;0.0
3;63;7;618.0;618.0;618.0;618.0;618.0;618.0;0.0
3;64;7;618.0;618.0;618.0;618.0;618.0;618.0;0.0
3;65;7;618.0;618.0;618.0;618.0;618.0;618.0;0.0
3;66;7;618.0;618.0;618.0;618.0;618.0;618.0;0.0
3;67;7;618.0;618.0;618.0;618.0;618.0;618.0;0.0
3;68;7;618.0;618.0;618.0;618.0;618.0;618.0;0.0
3;69;7;618.0;618.0;618.0;618.0;618.0;618.0;0.0
3;70;7;618.0;618.0;618.0;618.0;618.0;618.0;0.0
3;71;7;618.0;618.0;618.0;618.0;618.0;618.0;0.0
3;72;7;618.0;618.0;618.0;618.0;618.0;618.0;0.0
3;73;7;618.0;618.0;618.0;618.0;618.0;618.0;0.0
3;74;7;620.0;628.0;636.0;788.5;941.0;718.6;139.6
3;75;7;617.0;625.0;630.0;801.0;964.0;723.3;151.8
3;76;7;619.0;623.0;631.0;747.0;861.0;693.0;104.8
3;77;7;629.0;631.0;634.0;773.0;915.0;712.3;127.0
3;78;7;610.0;613.5;618.0;696.5;779.0;661.0;72.8
3;79;7;618.0;618.0;623.0;678.5;725.0;651.3;46.3
3;80;7;618.0;618.0;618.0;693.0;770.0;661.1;65.8
3;81;7;618.0;618.0;618.0;641.5;688.0;634.7;27.1
3;82;7;618.0;618.0;618.0;618.0;669.0;625.3;17.8
3;83;7;618.0;618.0;618.0;618.0;618.0;618.0;0.0
3;84;7;618.0;618.0;618.0;618.0;618.0;618.0;0.0
3;85;7;618.0;618.0;618.0;618.0;618.0;618.0;0.0
3;86;7;618.0;618.0;618.0;618.0;618.0;618.0;0.0
3;87;7;618.0;618.0;618.0;618.0;618.0;618.0;0.0
3;88;7;617.0;617.5;618.0;618.0;618.0;617.7;0.5
3;89;7;618.0;618.0;618.0;618.0;618.0;618.0;0.0
3;90;7;618.0;618.0;618.0;618.0;618.0;618.0;0.0
3;91;7;618.0;618.0;618.0;618.0;618.0;618.0;0.0
3;92;7;618.0;618.0;618.0;618.0;618.0;618.0;0.0
3;93;7;618.0;618.0;618.0;618.0;618.0;618.0;0.0
3;94;7;618.0;618.0;618.0;618.0;618.0;618.0;0.0
3;95;7;618.0;618.0;618.0;618.0;618.0;618.0;0.0
3;96;7;618.0;618.0;618.0;618.0;618.0;618.0;0.0
3;97;7;618.0;618.0;618.0;618.0;618.0;618.0;0.0
3;98;7;618.0;618.0;618.0;618.0;618.0;618.0;0.0
3;99;7;618.0;618.0;618.0;618.0;618.0;618.0;0.0
4;0;7;714.0;948.5;1156.0;1202.5;1209.0;1054.4;203.2
4;1;7;719.0;945.5;1187.0;1217.5;1233.0;1066.4;220.3
4;2;7;710.0;958.5;1176.0;1210.0;1220.0;1063.3;212.7
4;3;7;725.0;1004.0;1203.0;1207.0;1208.0;1079.7;198.8
4;4;7;688.0;924.5;1146.0;1151.5;1202.0;1026.9;210.1
4;5;7;666.0;961.0;1178.0;1205.5;1230.0;1058.1;209.5
4;6;7;739.0;961.5;1175.0;1189.0;1196.0;1058.7;194.2
4;7;7;697.0;930.5;1087.0;1101.5;1112.0;994.3;158.6
4;8;7;670.0;908.5;1108.0;1140.0;1162.0;1005.3;196.2
4;9;7;725.0;932.5;1125.0;1152.0;1161.0;1025.7;181.3
4;10;7;637.0;885.0;1085.0;1100.0;1109.0;971.6;196.4
4;11;7;660.0;890.5;1104.0;1117.0;1149.0;989.7;203.7
4;12;7;683.0;920.5;1085.0;1085.5;1131.0;987.3;169.8
4;13;7;652.0;854.0;1062.0;1102.0;1114.0;962.9;197.6
4;14;7;626.0;690.5;1055.0;1080.5;1086.0;901.3;204.4
4;15;7;633.0;661.5;1109.0;1111.5;1114.0;914.6;227.6
4;16;7;655.0;695.0;1017.0;1032.5;1060.0;883.9;176.0
4;17;7;626.0;637.5;976.0;1002.0;1016.0;842.4;181.2
4;18;7;628.0;643.5;949.0;978.0;989.0;829.9;166.4
4;19;7;621.0;630.0;902.0;983.0;1003.0;821.7;171.2
4;20;7;623.0;630.5;863.0;871.0;877.0;766.6;120.1
4;21;7;613.0;635.5;890.0;918.0;930.0;791.4;142.1
4;22;7;620.0;627.0;841.0;870.0;902.0;765.3;123.5
4;23;7;625.0;639.0;793.0;874.0;896.0;762.9;115.4
4;24;7;623.0;633.5;812.0;819.5;835.0;739.4;95.1
4;25;7;629.0;631.0;807.0;828.0;842.0;742.3;97.6
4;26;7;613.0;636.0;772.0;786.0;795.0;717.7;78.1
4;27;7;621.0;627.0;722.0;738.5;752.0;689.4;56.5
4;28;7;613.0;628.5;694.0;724.5;727.0;677.1;48.0
4;29;7;617.0;631.5;674.0;684.5;710.0;661.9;32.8
4;30;7;619.0;632.5;655.0;669.0;678.0;650.7;21.2
4;31;7;611.0;616.0;648.0;661.5;683.0;642.4;27.0
4;32;7;610.0;625.0;706.0;713.5;718.0;673.0;46.3
4;33;7;611.0;629.5;681.0;710.5;724.0;670.9;43.4
4;34;7;611.0;620.0;702.0;704.0;704.0;666.4;43.1
4;35;7;611.0;611.0;611.0;613.0;613.0;611.9;1.0
4;36;7;610.0;610.5;611.0;611.0;611.0;610.7;0.5
4;37;7;610.0;611.0;611.0;611.0;611.0;610.9;0.3
4;38;7;610.0;610.5;611.0;611.0;611.0;610.7;0.5
4;39;7;610.0;610.0;611.0;611.0;611.0;610.6;0.5
4;40;7;610.0;610.0;611.0;611.0;611.0;610.6;0.5
4;41;7;610.0;610.0;610.0;611.0;611.0;610.4;0.5
4;42;7;610.0;611.0;611.0;611.0;611.0;610.9;0.3
4;43;7;610.0;610.0;611.0;611.0;611.0;610.6;0.5
4;44;7;610.0;610.0;610.0;610.0;610.0;610.0;0.0
4;45;7;610.0;610.0;610.0;610.0;610.0;610.0;0.0
4;46;7;610.0;610.0;610.0;610.0;610.0;610.0;0.0
4;47;7;610.0;610.0;610.0;610.0;610.0;610.0;0.0
4;48;7;610.0;610.0;610.0;610.0;610.0;610.0;0.0
4;49;7;610.0;610.0;610.0;610.0;610.0;610.0;0.0
4;50;7;610.0;610.0;610.0;610.0;610.0;610.0;0.0
4;51;7;610.0;610.0;610.0;610.0;610.0;610.0;0.0
4;52;7;610.0;610.0;610.0;610.0;610.0;610.0;0.0
4;53;7;610.0;610.0;610.0;610.0;610.0;610.0;0.0
4;54;7;610.0;610.0;610.0;610.0;610.0;610.0;0.0
4;55;7;610.0;610.0;610.0;610.0;610.0;610.0;0.0
4;56;7;610.0;610.0;610.0;610.0;610.0;610.0;0.0
4;57;7;610.0;610.0;610.0;610.0;610.0;610.0;0.0
4;58;7;610.0;610.0;610.0;610.0;610.0;610.0;0.0
4;59;7;610.0;610.0;610.0;610.0;610.0;610.0;0.0
4;60;7;610.0;610.0;610.0;610.0;610.0;610.0;0.0
4;61;7;610.0;610.0;610.0;610.0;610.0;610.0;0.0
4;62;7;610.0;610.0;610.0;610.0;610.0;610.0;0.0
4;63;7;610.0;610.0;610.0;610.0;610.0;610.0;0.0
4;64;7;610.0;610.0;610.0;610.0;610.0;610.0;0.0
4;65;7;610.0;610.0;610.0;610.0;610.0;610.0;0.0
4;66;7;610.0;610.0;610.0;610.0;610.0;610.0;0.0
4;67;7;610.0;610.0;610.0;610.0;610.0;610.0;0.0
4;68;7;610.0;610.0;610.0;610.0;610.0;610.0;0.0
4;69;7;610.0;610.0;610.0;610.0;610.0;610.0;0.0
4;70;7;610.0;610.0;610.0;610.0;610.0;610.0;0.0
4;71;7;610.0;610.0;610.0;610.0;610.0;610.0;0.0
4;72;7;610.0;610.0;610.0;610.0;610.0;610.0;0.0
4;73;7;610.0;610.0;610.0;610.0;610.0;610.0;0.0
4;74;7;610.0;610.0;610.0;610.0;610.0;610.0;0.0
4;75;7;610.0;610.0;610.0;610.0;610.0;610.0;0.0
4;76;7;610.0;610.0;610.0;610.0;610.0;610.0;0.0
4;77;7;610.0;610.0;610.0;610.0;610.0;610.0;0.0
4;78;7;620.0;622.0;623.0;747.0;884.0;695.0;113.4
4;79;7;616.0;619.0;622.0;758.0;895.0;698.1;121.5
4;80;7;611.0;622.0;624.0;748.5;873.0;692.7;113.8
4;81;7;608.0;617.5;622.0;717.0;814.0;673.3;88.5
4;82;7;612.0;614.5;619.0;730.5;850.0;681.6;102.2
4;83;7;611.0;611.5;615.0;670.5;749.0;648.4;54.3
4;84;7;610.0;611.0;612.0;686.5;745.0;651.7;59.3
4;85;7;610.0;611.0;611.0;661.5;702.0;638.3;39.3
4;86;7;610.0;610.0;610.0;610.0;610.0;610.0;0.0
4;87;7;610.0;610.0;610.0;610.0;610.0;610.0;0.0
4;88;7;610.0;610.0;610.0;610.0;610.0;610.0;0.0
4;89;7;610.0;610.0;610.0;610.0;610.0;610.0;0.0
4;90;7;610.0;610.0;610.0;610.0;610.0;610.0;0.0
4;91;7;610.0;610.0;610.0;610.0;610.0;610.0;0.0
4;92;7;610.0;610.0;610.0;610.0;610.0;610.0;0.0
4;93;7;610.0;610.0;610.0;610.0;610.0;610.0;0.0
4;94;7;610.0;610.0;610.0;610.0;610.0;610.0;0.0
4;95;7;610.0;610.0;610.0;610.0;610.0;610.0;0.0
4;96;7;610.0;610.0;610.0;610.0;610.0;610.0;0.0
4;97;7;610.0;610.0;610.0;610.0;610.0;610.0;0.0
4;98;7;610.0;610.0;610.0;610.0;610.0;610.0;0.0
4;99;7;610.0;610.0;610.0;610.0;610.0;610.0;0.0
5;0;7;650.0;916.0;1129.0;1146.5;1157.0;1008.7;209.4
5;1;7;677.0;956.5;1157.0;1173.5;1189.0;1040.4;201.7
5;2;7;641.0;911.0;1153.0;1161.5;1171.0;1015.7;214.8
5;3;7;683.0;900.5;1119.0;1154.5;1186.0;1014.0;210.2
5;4;7;733.0;973.5;1170.0;1180.5;1215.0;1060.9;194.3
5;5;7;729.0;973.0;1183.0;1190.5;1206.0;1063.6;200.0
5;6;7;650.0;920.5;1117.0;1124.0;1129.0;997.9;191.7
5;7;7;647.0;915.5;1147.0;1163.0;1179.0;1018.6;216.4
5;8;7;653.0;904.5;1148.0;1160.5;1166.0;1013.9;218.1
5;9;7;670.0;897.0;1121.0;1137.5;1156.0;1002.3;198.4
5;10;7;701.0;896.0;1076.0;1123.0;1136.0;993.0;180.4
5;11;7;680.0;889.5;1102.0;1123.5;1145.0;993.3;197.3
5;12;7;655.0;871.0;1081.0;1147.5;1158.0;990.1;195.3
5;13;7;638.0;841.5;1050.0;1098.5;1116.0;954.9;201.0
5;14;7;647.0;669.5;982.0;1015.5;1059.0;865.4;177.9
5;15;7;652.0;669.0;1040.0;1059.0;1074.0;888.9;195.8
5;16;7;620.0;658.5;1102.0;1130.5;1150.0;921.4;239.6
5;17;7;625.0;640.5;1010.0;1018.0;1024.0;853.7;189.2
5;18;7;634.0;653.5;959.0;974.5;996.0;835.0;163.4
5;19;7;632.0;643.5;959.0;967.5;978.0;827.3;162.7
5;20;7;632.0;657.5;887.0;895.5;933.0;794.0;127.1
5;21;7;620.0;634.0;874.0;906.5;948.0;789.0;140.3
5;22;7;619.0;640.5;855.0;864.0;894.0;768.1;117.6
5;23;7;613.0;628.5;762.0;775.0;796.0;711.1;76.8
5;24;7;616.0;632.0;766.0;786.0;818.0;719.4;82.0
5;25;7;616.0;625.5;754.0;779.0;840.0;717.0;85.5
5;26;7;623.0;626.5;742.0;762.0;783.0;703.6;68.7
5;27;7;620.0;629.0;717.0;748.5;764.0;693.7;60.3
5;28;7;621.0;632.0;712.0;726.0;733.0;683.1;48.1
5;29;7;622.0;628.0;726.0;753.5;756.0;695.3;60.8
5;30;7;622.0;630.5;680.0;693.0;708.0;665.3;33.8
5;31;7;629.0;630.0;671.0;678.5;682.0;657.0;23.9
5;32;7;624.0;627.5;677.0;688.0;699.0;661.6;31.1
5;33;7;621.0;626.0;656.0;662.0;665.0;645.4;18.6
5;34;7;618.0;629.5;650.0;652.5;653.0;640.7;13.5
5;35;7;626.0;628.0;659.0;661.5;665.0;647.0;17.2
5;36;7;621.0;621.0;643.0;646.5;653.0;636.0;13.4
5;37;7;621.0;621.0;634.0;637.0;651.0;631.7;10.7
5;38;7;621.0;621.0;623.0;623.0;623.0;622.1;1.0
5;39;7;621.0;621.0;621.0;623.0;623.0;621.9;1.0
5;40;7;621.0;621.0;621.0;621.0;621.0;621.0;0.0
5;41;7;621.0;621.0;621.0;621.0;621.0;621.0;0.0
5;42;7;621.0;621.0;621.0;621.0;621.0;621.0;0.0
5;43;7;621.0;621.0;621.0;621.0;621.0;621.0;0.0
5;44;7;621.0;621.0;621.0;621.0;621.0;621.0;0.0
5;45;7;621.0;621.0;621.0;621.0;621.0;621.0;0.0
5;46;7;621.0;621.0;621.0;621.0;621.0;621.0;0.0
5;47;7;621.0;621.0;621.0;621.0;621.0;621.0;0.0
5;48;7;621.0;621.0;621.0;621.0;621.0;621.0;0.0
5;49;7;621.0;621.0;621.0;621.0;621.0;621.0;0.0
5;50;7;621.0;621.0;621.0;621.0;621.0;621.0;0.0
5;51;7;621.0;621.0;621.0;621.0;621.0;621.0;0.0
5;52;7;621.0;621.0;621.0;621.0;621.0;621.0;0.0
5;53;7;621.0;621.0;621.0;621.0;621.0;621.0;0.0
5;54;7;621.0;621.0;621.0;621.0;621.0;621.0;0.0
5;55;7;621.0;621.0;621.0;621.0;621.0;621.0;0.0
5;56;7;621.0;621.0;621.0;621.0;621.0;621.0;0.0
5;57;7;621.0;621.0;621.0;621.0;621.0;621.0;0.0
5;58;7;621.0;621.0;621.0;621.0;621.0;621.0;0.0
5;59;7;621.0;621.0;621.0;621.0;621.0;621.0;0.0
5;60;7;621.0;621.0;621.0;621.0;621.0;621.0;0.0
5;61;7;621.0;621.0;621.0;621.0;621.0;621.0;0.0
5;62;7;621.0;621.0;621.0;621.0;621.0;621.0;0.0
5;63;7;621.0;621.0;621.0;621.0;621.0;621.0;0.0
5;64;7;621.0;621.0;621.0;621.0;621.0;621.0;0.0
5;65;7;621.0;621.0;621.0;621.0;621.0;621.0;0.0
5;66;7;621.0;621.0;621.0;621.0;621.0;621.0;0.0
5;67;7;621.0;621.0;621.0;621.0;621.0;621.0;0.0
5;68;7;621.0;621.0;621.0;621.0;621.0;621.0;0.0
5;69;7;619.0;631.0;639.0;796.5;972.0;726.4;149.8
5;70;7;617.0;619.5;624.0;766.5;919.0;704.6;131.0
5;71;7;618.0;620.5;633.0;806.0;994.0;728.3;161.7
5;72;7;619.0;626.0;629.0;760.0;925.0;706.4;126.4
5;73;7;617.0;624.0;638.0;752.5;895.0;700.4;113.5
5;74;7;618.0;624.0;626.0;724.0;834.0;682.0;92.4
5;75;7;617.0;621.5;632.0;724.5;822.0;680.4;87.5
5;76;7;618.0;621.0;621.0;684.5;748.0;656.9;57.3
5;77;7;612.0;620.5;621.0;696.5;780.0;663.9;70.7
5;78;7;620.0;627.0;639.0;679.5;711.0;654.7;35.9
5;79;7;621.0;625.5;630.0;651.5;702.0;643.9;28.9
5;80;7;621.0;630.0;630.0;630.0;630.0;628.7;3.1
5;81;7;621.0;625.5;630.0;630.0;630.0;627.4;4.1
5;82;7;621.0;630.0;630.0;630.0;630.0;628.7;3.1
5;83;7;630.0;630.0;630.0;630.0;630.0;630.0;0.0
5;84;7;621.0;630.0;630.0;630.0;630.0;628.7;3.1
5;85;7;621.0;630.0;630.0;630.0;630.0;628.7;3.1
5;86;7;630.0;630.0;630.0;630.0;630.0;630.0;0.0
5;87;7;621.0;630.0;630.0;630.0;630.0;628.7;3.1
5;88;7;630.0;630.0;630.0;630.0;630.0;630.0;0.0
5;89;7;630.0;630.0;630.0;630.0;630.0;630.0;0.0
5;90;7;630.0;630.0;630.0;630.0;630.0;630.0;0.0
5;91;7;630.0;630.0;630.0;630.0;630.0;630.0;0.0
5;92;7;621.0;630.0;630.0;630.0;630.0;628.7;3.1
5;93;7;621.0;625.5;630.0;630.0;630.0;627.4;4.1
5;94;7;630.0;630.0;630.0;630.0;630.0;630.0;0.0
5;95;7;630.0;630.0;630.0;630.0;630.0;630.0;0.0
5;96;7;621.0;630.0;630.0;630.0;630.0;628.7;3.1
5;97;7;621.0;630.0;630.0;630.0;630.0;628.7;3.1
5;98;7;630.0;630.0;630.0;630.0;630.0;630.0;0.0
5;99;7;630.0;630.0;630.0;630.0;630.0;630.0;0.0
6;0;7;718.0;918.0;1127.0;1188.0;1190.0;1035.3;200.9
6;1;7;692.0;936.0;1179.0;1181.5;1201.0;1043.9;218.6
6;2;7;744.0;973.0;1155.0;1185.5;1219.0;1062.1;186.7
6;3;7;735.0;947.5;1165.0;1187.5;1193.0;1051.9;193.7
6;4;7;653.0;923.5;1168.0;1179.0;1193.0;1031.3;220.8
6;5;7;650.0;913.0;1122.0;1136.5;1148.0;1002.7;204.2
6;6;7;669.0;921.5;1148.0;1166.5;1213.0;1029.4;219.9
6;7;7;677.0;896.5;1120.0;1157.5;1171.0;1010.9;211.1
6;8;7;697.0;951.5;1125.0;1131.0;1136.0;1017.6;177.1
6;9;7;680.0;921.0;1123.0;1137.0;1143.0;1008.9;194.9
6;10;7;681.0;916.5;1106.0;1126.5;1145.0;1002.6;187.9
6;11;7;653.0;868.0;1099.0;1142.5;1161.0;990.6;214.1
6;12;7;660.0;881.5;1095.0;1095.0;1105.0;973.3;193.5
6;13;7;617.0;826.5;1011.0;1118.5;1155.0;953.3;210.7
6;14;7;662.0;710.5;1099.0;1126.0;1140.0;939.1;213.6
6;15;7;628.0;641.0;973.0;1006.0;1019.0;844.9;180.8
6;16;7;637.0;643.5;1053.0;1063.5;1082.0;883.7;210.1
6;17;7;642.0;691.0;992.0;1011.0;1037.0;867.9;168.5
6;18;7;633.0;641.5;928.0;957.5;992.0;821.6;159.4
6;19;7;616.0;623.5;857.0;946.0;969.0;797.3;156.5
6;20;7;625.0;633.0;927.0;954.5;972.0;814.1;159.7
6;21;7;618.0;636.0;840.0;878.0;900.0;769.4;122.5
6;22;7;628.0;630.0;863.0;870.5;882.0;767.7;120.0
6;23;7;617.0;640.5;918.0;927.5;941.0;801.7;146.9
6;24;7;622.0;644.5;861.0;865.0;871.0;767.6;113.3
6;25;7;616.0;622.0;798.0;806.5;808.0;725.6;91.5
6;26;7;620.0;630.5;788.0;804.0;817.0;727.7;87.7
6;27;7;626.0;630.5;709.0;735.0;753.0;688.4;53.2
6;28;7;620.0;635.0;714.0;729.5;765.0;689.7;54.3
6;29;7;614.0;623.0;747.0;751.5;770.0;697.1;67.2
6;30;7;621.0;630.5;706.0;727.0;745.0;683.9;50.7
6;31;7;615.0;636.5;744.0;753.5;763.0;700.3;62.1
6;32;7;617.0;631.5;708.0;729.5;734.0;683.0;49.8
6;33;7;620.0;624.0;701.0;717.0;743.0;678.0;49.6
6;34;7;616.0;631.0;709.0;723.0;755.0;684.0;52.1
6;35;7;617.0;629.0;745.0;748.5;754.0;695.9;61.6
6;36;7;625.0;629.0;641.0;710.5;735.0;668.6;44.6
6;37;7;610.0;622.0;626.0;726.0;752.0;669.1;57.5
6;38;7;612.0;621.0;702.0;722.5;736.0;676.7;52.0
6;39;7;610.0;621.5;627.0;675.5;701.0;647.4;33.4
6;40;7;610.0;612.0;621.0;686.0;692.0;645.6;37.0
6;41;7;611.0;612.0;634.0;785.5;794.0;690.6;85.1
6;42;7;611.0;615.5;625.0;696.0;707.0;652.3;41.5
6;43;7;609.0;620.0;625.0;781.5;802.0;691.3;84.5
6;44;7;609.0;611.0;618.0;768.0;795.0;682.9;82.4
6;45;7;609.0;609.0;609.0;648.5;656.0;627.0;21.2
6;46;7;609.0;609.0;609.0;620.0;654.0;618.6;15.2
6;47;7;609.0;609.0;609.0;611.0;613.0;610.1;1.8
6;48;7;609.0;609.0;609.0;609.0;609.0;609.0;0.0
6;49;7;609.0;609.0;609.0;609.0;609.0;609.0;0.0
6;50;7;609.0;609.0;609.0;609.0;609.0;609.0;0.0
6;51;7;609.0;609.0;609.0;609.0;609.0;609.0;0.0
6;52;7;609.0;609.0;609.0;609.0;609.0;609.0;0.0
6;53;7;609.0;609.0;609.0;609.0;609.0;609.0;0.0
6;54;7;609.0;609.0;609.0;609.0;609.0;609.0;0.0
6;55;7;609.0;609.0;609.0;609.0;609.0;609.0;0.0
6;56;7;609.0;609.0;609.0;609.0;609.0;609.0;0.0
6;57;7;609.0;609.0;609.0;609.0;609.0;609.0;0.0
6;58;7;609.0;609.0;609.0;609.0;609.0;609.0;0.0
6;59;7;609.0;609.0;609.0;609.0;609.0;609.0;0.0
6;60;7;609.0;609.0;609.0;609.0;609.0;609.0;0.0
6;61;7;609.0;609.0;609.0;609.0;609.0;609.0;0.0
6;62;7;609.0;609.0;609.0;609.0;609.0;609.0;0.0
6;63;7;609.0;609.0;609.0;609.0;609.0;609.0;0.0
6;64;7;609.0;609.0;609.0;609.0;609.0;609.0;0.0
6;65;7;609.0;609.0;609.0;609.0;609.0;609.0;0.0
6;66;7;609.0;609.0;609.0;609.0;609.0;609.0;0.0
6;67;7;609.0;609.0;609.0;609.0;609.0;609.0;0.0
6;68;7;609.0;609.0;609.0;609.0;609.0;609.0;0.0
6;69;7;609.0;609.0;609.0;609.0;609.0;609.0;0.0
6;70;7;609.0;609.0;609.0;609.0;609.0;609.0;0.0
6;71;7;609.0;609.0;609.0;609.0;609.0;609.0;0.0
6;72;7;609.0;609.0;609.0;609.0;609.0;609.0;0.0
6;73;7;609.0;609.0;609.0;609.0;609.0;609.0;0.0
6;74;7;609.0;609.0;609.0;609.0;609.0;609.0;0.0
6;75;7;609.0;609.0;609.0;609.0;609.0;609.0;0.0
6;76;7;609.0;609.0;609.0;609.0;609.0;609.0;0.0
6;77;7;609.0;609.0;609.0;609.0;609.0;609.0;0.0
6;78;7;609.0;609.0;609.0;609.0;609.0;609.0;0.0
6;79;7;609.0;609.0;609.0;609.0;609.0;609.0;0.0
6;80;7;609.0;609.0;609.0;609.0;609.0;609.0;0.0
6;81;7;609.0;609.0;609.0;609.0;609.0;609.0;0.0
6;82;7;609.0;609.0;609.0;609.0;609.0;609.0;0.0
6;83;7;611.0;625.5;641.0;793.0;945.0;719.1;143.2
6;84;7;609.0;616.0;633.0;751.5;872.0;692.7;112.2
6;85;7;609.0;609.0;611.0;699.0;774.0;658.6;70.1
6;86;7;609.0;612.0;621.0;682.5;746.0;652.1;57.5
6;87;7;609.0;609.0;619.0;690.5;787.0;659.1;72.0
6;88;7;609.0;609.0;609.0;609.0;609.0;609.0;0.0
6;89;7;609.0;609.0;609.0;609.0;609.0;609.0;0.0
6;90;7;609.0;609.0;609.0;609.0;609.0;609.0;0.0
6;91;7;609.0;609.0;609.0;609.0;609.0;609.0;0.0
6;92;7;609.0;609.0;609.0;609.0;609.0;609.0;0.0
6;93;7;609.0;609.0;609.0;609.0;609.0;609.0;0.0
6;94;7;609.0;609.0;609.0;609.0;609.0;609.0;0.0
6;95;7;609.0;609.0;609.0;609.0;609.0;609.0;0.0
6;96;7;609.0;609.0;609.0;609.0;609.0;609.0;0.0
6;97;7;609.0;609.0;609.0;609.0;609.0;609.0;0.0
6;98;7;609.0;609.0;609.0;609.0;609.0;609.0;0.0
6;99;7;609.0;609.0;609.0;609.0;609.0;609.0;0.0
7;0;7;686.0;952.0;1184.0;1191.0;1208.0;1052.0;213.3
7;1;7;756.0;977.5;1202.0;1209.5;1220.0;1078.9;203.1
7;2;7;732.0;962.5;1162.0;1169.0;1183.0;1048.6;188.9
7;3;7;666.0;907.5;1172.0;1176.5;1182.0;1026.9;225.5
7;4;7;668.0;894.0;1122.0;1146.0;1164.0;1004.9;206.2
7;5;7;718.0;947.0;1176.0;1184.0;1197.0;1050.4;203.7
7;6;7;700.0;905.0;1087.0;1129.5;1152.0;1001.1;184.0
7;7;7;709.0;946.5;1145.0;1153.5;1155.0;1029.9;188.0
7;8;7;693.0;952.5;1172.0;1180.5;1201.0;1047.4;208.8
7;9;7;676.0;883.5;1092.0;1105.5;1124.0;981.4;189.2
7;10;7;666.0;859.0;1075.0;1099.5;1111.0;967.0;190.4
7;11;7;654.0;885.5;1116.0;1124.0;1133.0;988.9;206.4
7;12;7;639.0;857.5;1051.0;1083.5;1098.0;952.9;187.0
7;13;7;697.0;921.5;1105.0;1111.5;1118.0;998.0;177.5
7;14;7;642.0;679.5;1027.0;1036.0;1053.0;879.0;184.4
7;15;7;647.0;668.5;1023.0;1050.0;1079.0;883.7;193.6
7;16;7;620.0;695.5;1000.0;1049.0;1062.0;881.6;185.3
7;17;7;639.0;645.5;914.0;921.0;943.0;804.1;139.6
7;18;7;634.0;671.5;955.0;992.5;1029.0;849.4;167.6
7;19;7;621.0;651.5;926.0;943.0;946.0;811.7;148.0
7;20;7;623.0;648.0;940.0;945.5;966.0;816.6;153.7
7;21;7;619.0;632.0;916.0;920.5;923.0;794.7;144.8
7;22;7;627.0;640.0;893.0;911.0;923.0;792.1;135.8
7;23;7;617.0;628.5;880.0;903.5;922.0;783.3;138.0
7;24;7;624.0;629.0;793.0;826.0;855.0;740.3;99.8
7;25;7;619.0;630.5;794.0;817.0;829.0;733.9;93.7
7;26;7;609.0;630.0;786.0;789.5;806.0;720.0;84.5
7;27;7;628.0;628.5;735.0;760.0;789.0;704.1;68.1
7;28;7;617.0;625.0;703.0;724.5;741.0;680.0;51.1
7;29;7;616.0;626.5;724.0;730.0;753.0;686.6;55.8
7;30;7;619.0;629.5;719.0;732.5;750.0;687.4;54.0
7;31;7;622.0;626.0;715.0;732.0;741.0;684.9;52.8
7;32;7;632.0;636.0;687.0;722.0;725.0;680.0;41.0
7;33;7;609.0;623.5;651.0;664.5;676.0;644.6;24.1
7;34;7;611.0;621.5;630.0;631.0;633.0;625.6;7.6
7;35;7;611.0;623.5;630.0;635.0;637.0;627.9;8.6
7;36;7;618.0;619.0;628.0;629.0;630.0;624.6;5.2
7;37;7;618.0;618.0;624.0;626.0;628.0;622.6;4.2
7;38;7;618.0;618.0;624.0;624.0;624.0;621.4;3.0
7;39;7;618.0;618.0;618.0;618.0;618.0;618.0;0.0
7;40;7;618.0;618.0;618.0;618.0;618.0;618.0;0.0
7;41;7;618.0;618.0;618.0;618.0;618.0;618.0;0.0
7;42;7;618.0;618.0;618.0;618.0;618.0;618.0;0.0
7;43;7;618.0;618.0;618.0;618.0;618.0;618.0;0.0
7;44;7;618.0;618.0;618.0;618.0;618.0;618.0;0.0
7;45;7;618.0;618.0;618.0;618.0;618.0;618.0;0.0
7;46;7;618.0;618.0;618.0;618.0;618.0;618.0;0.0
7;47;7;618.0;618.0;618.0;618.0;618.0;618.0;0.0
7;48;7;618.0;618.0;618.0;618.0;618.0;618.0;0.0
7;49;7;618.0;618.0;618.0;618.0;618.0;618.0;0.0
7;50;7;618.0;618.0;618.0;618.0;618.0;618.0;0.0
7;51;7;618.0;618.0;618.0;618.0;618.0;618.0;0.0
7;52;7;618.0;618.0;618.0;618.0;618.0;618.0;0.0
7;53;7;618.0;618.0;618.0;618.0;618.0;618.0;0.0
7;54;7;618.0;618.0;618.0;618.0;618.0;618.0;0.0
7;55;7;618.0;618.0;618.0;618.0;618.0;618.0;0.0
7;56;7;618.0;618.0;618.0;618.0;618.0;618.0;0.0
7;57;7;618.0;618.0;618.0;618.0;618.0;618.0;0.0
7;58;7;618.0;618.0;618.0;618.0;618.0;618.0;0.0
7;59;7;618.0;618.0;618.0;618.0;618.0;618.0;0.0
7;60;7;618.0;618.0;618.0;618.0;618.0;618.0;0.0
7;61;7;618.0;618.0;618.0;618.0;618.0;618.0;0.0
7;62;7;618.0;618.0;618.0;618.0;618.0;618.0;0.0
7;63;7;618.0;618.0;618.0;618.0;618.0;618.0;0.0
7;64;7;618.0;618.0;618.0;618.0;618.0;618.0;0.0
7;65;7;618.0;618.0;618.0;618.0;618.0;618.0;0.0
7;66;7;618.0;618.0;618.0;618.0;618.0;618.0;0.0
7;67;7;618.0;618.0;618.0;618.0;618.0;618.0;0.0
7;68;7;618.0;618.0;618.0;618.0;618.0;618.0;0.0
7;69;7;618.0;618.0;618.0;618.0;618.0;618.0;0.0
7;70;7;618.0;618.0;618.0;618.0;618.0;618.0;0.0
7;71;7;618.0;618.0;618.0;618.0;618.0;618.0;0.0
7;72;7;617.0;623.5;630.0;758.5;898.0;701.3;120.7
7;73;7;618.0;625.0;639.0;769.5;905.0;707.3;118.0
7;74;7;622.0;632.5;639.0;739.5;848.0;693.3;93.2
7;75;7;618.0;621.0;628.0;737.5;852.0;687.9;102.3
7;76;7;619.0;622.5;628.0;743.0;874.0;693.1;108.0
7;77;7;616.0;630.5;636.0;711.5;799.0;676.4;73.5
7;78;7;618.0;618.5;624.0;682.0;750.0;656.1;55.7
7;79;7;618.0;618.0;618.0;643.5;688.0;635.3;27.5
7;80;7;618.0;618.0;618.0;646.0;691.0;636.4;28.7
7;81;7;618.0;618.0;618.0;650.5;702.0;639.3;34.0
7;82;7;618.0;618.0;618.0;618.0;618.0;618.0;0.0
7;83;7;618.0;618.0;618.0;618.0;618.0;618.0;0.0
7;84;7;618.0;618.0;618.0;618.0;618.0;618.0;0.0
7;85;7;618.0;618.0;618.0;618.0;618.0;618.0;0.0
7;86;7;618.0;618.0;618.0;618.0;618.0;618.0;0.0
7;87;7;618.0;618.0;618.0;618.0;618.0;618.0;0.0
7;88;7;618.0;618.0;618.0;618.0;618.0;618.0;0.0
7;89;7;618.0;618.0;618.0;618.0;618.0;618.0;0.0
7;90;7;618.0;618.0;618.0;618.0;618.0;618.0;0.0
7;91;7;618.0;618.0;618.0;618.0;618.0;618.0;0.0
7;92;7;618.0;618.0;618.0;618.0;618.0;618.0;0.0
7;93;7;618.0;618.0;618.0;618.0;618.0;618.0;0.0
7;94;7;618.0;618.0;618.0;618.0;618.0;618.0;0.0
7;95;7;618.0;618.0;618.0;618.0;618.0;618.0;0.0
7;96;7;618.0;618.0;618.0;618.0;618.0;618.0;0.0
7;97;7;618.0;618.0;618.0;618.0;618.0;618.0;0.0
7;98;7;618.0;618.0;618.0;618.0;618.0;618.0;0.0
7;99;7;618.0;618.0;618.0;618.0;618.0;618.0;0.0
8;0;7;686.0;961.0;1176.0;1197.5;1220.0;1057.0;214.9
8;1;7;688.0;918.5;1160.0;1177.5;1206.0;1035.1;219.3
8;2;7;682.0;928.0;1161.0;1180.0;1187.0;1035.1;218.6
8;3;7;703.0;950.5;1153.0;1199.0;1209.0;1052.0;205.7
8;4;7;703.0;922.5;1139.0;1146.0;1161.0;1020.0;194.8
8;5;7;727.0;960.5;1165.0;1181.0;1197.0;1053.1;194.7
8;6;7;688.0;941.5;1188.0;1191.5;1199.0;1048.7;220.8
8;7;7;691.0;910.0;1148.0;1155.5;1175.0;1020.7;203.7
8;8;7;672.0;951.5;1146.0;1150.0;1161.0;1026.0;190.2
8;9;7;701.0;922.5;1092.0;1104.5;1116.0;994.7;169.0
8;10;7;630.0;842.0;1036.0;1079.5;1129.0;948.3;188.5
8;11;7;668.0;891.5;1130.0;1142.5;1172.0;1005.4;208.8
8;12;7;649.0;828.0;1013.0;1078.0;1106.0;940.0;184.9
8;13;7;624.0;885.5;1054.0;1058.5;1066.0;947.4;175.1
8;14;7;643.0;699.5;1066.0;1091.0;1110.0;914.3;203.6
8;15;7;633.0;641.5;966.0;989.0;1000.0;837.1;172.2
8;16;7;654.0;658.5;998.0;1023.0;1056.0;867.3;183.1
8;17;7;620.0;642.0;1060.0;1063.5;1066.0;879.6;212.2
8;18;7;618.0;625.0;941.0;967.5;986.0;818.6;170.1
8;19;7;628.0;635.0;915.0;931.0;979.0;807.7;152.7
8;20;7;616.0;627.5;871.0;905.0;927.0;782.7;138.9
8;21;7;620.0;628.0;863.0;866.0;901.0;767.4;123.7
8;22;7;630.0;631.5;817.0;823.0;840.0;742.3;96.6
8;23;7;620.0;632.5;781.0;815.0;871.0;738.1;98.9
8;24;7;617.0;626.5;803.0;848.5;869.0;748.4;110.0
8;25;7;616.0;621.0;776.0;799.5;809.0;720.3;88.0
8;26;7;613.0;626.5;739.0;771.0;800.0;706.7;76.0
8;27;7;618.0;627.0;720.0;741.5;772.0;692.4;61.6
8;28;7;612.0;623.5;733.0;742.5;755.0;690.3;61.7
8;29;7;610.0;624.5;691.0;721.5;745.0;676.9;52.5
8;30;7;611.0;620.5;701.0;744.0;781.0;688.9;66.3
8;31;7;611.0;623.0;765.0;770.5;776.0;705.6;75.2
8;32;7;611.0;627.0;726.0;734.0;746.0;686.4;56.7
8;33;7;610.0;619.5;685.0;695.5;716.0;663.0;41.7
8;34;7;611.0;612.5;687.0;687.0;687.0;654.9;37.1
8;35;7;611.0;611.0;611.0;611.0;611.0;611.0;0.0
8;36;7;611.0;611.0;611.0;611.0;611.0;611.0;0.0
8;37;7;611.0;611.0;611.0;611.0;611.0;611.0;0.0
8;38;7;611.0;611.0;611.0;611.0;611.0;611.0;0.0
8;39;7;611.0;611.0;611.0;611.0;611.0;611.0;0.0
8;40;7;611.0;611.0;611.0;611.0;611.0;611.0;0.0
8;41;7;611.0;611.0;611.0;611.0;611.0;611.0;0.0
8;42;7;611.0;611.0;611.0;611.0;611.0;611.0;0.0
8;43;7;611.0;611.0;611.0;611.0;611.0;611.0;0.0
8;44;7;611.0;611.0;611.0;611.0;611.0;611.0;0.0
8;45;7;611.0;611.0;611.0;611.0;611.0;611.0;0.0
8;46;7;611.0;611.0;611.0;611.0;611.0;611.0;0.0
8;47;7;611.0;611.0;611.0;611.0;611.0;611.0;0.0
8;48;7;611.0;611.0;611.0;611.0;611.0;611.0;0.0
8;49;7;611.0;611.0;611.0;611.0;611.0;611.0;0.0
8;50;7;611.0;611.0;611.0;611.0;611.0;611.0;0.0
8;51;7;611.0;611.0;611.0;611.0;611.0;611.0;0.0
8;52;7;611.0;611.0;611.0;611.0;611.0;611.0;0.0
8;53;7;611.0;611.0;611.0;611.0;611.0;611.0;0.0
8;54;7;611.0;611.0;611.0;611.0;611.0;611.0;0.0
8;55;7;611.0;611.0;611.0;611.0;611.0;611.0;0.0
8;56;7;611.0;611.0;611.0;611.0;611.0;611.0;0.0
8;57;7;611.0;611.0;611.0;611.0;611.0;611.0;0.0
8;58;7;611.0;611.0;611.0;611.0;611.0;611.0;0.0
8;59;7;611.0;611.0;611.0;611.0;611.0;611.0;0.0
8;60;7;611.0;611.0;611.0;611.0;611.0;611.0;0.0
8;61;7;611.0;611.0;611.0;611.0;611.0;611.0;0.0
8;62;7;611.0;611.0;611.0;611.0;611.0;611.0;0.0
8;63;7;611.0;611.0;611.0;611.0;611.0;611.0;0.0
8;64;7;611.0;611.0;611.0;611.0;611.0;611.0;0.0
8;65;7;611.0;611.0;611.0;611.0;611.0;611.0;0.0
8;66;7;611.0;611.0;611.0;611.0;611.0;611.0;0.0
8;67;7;611.0;611.0;611.0;611.0;611.0;611.0;0.0
8;68;7;611.0;611.0;611.0;611.0;611.0;611.0;0.0
8;69;7;611.0;611.0;611.0;611.0;611.0;611.0;0.0
8;70;7;611.0;611.0;611.0;611.0;611.0;611.0;0.0
8;71;7;611.0;611.0;611.0;611.0;611.0;611.0;0.0
8;72;7;611.0;611.0;611.0;611.0;611.0;611.0;0.0
8;73;7;611.0;611.0;611.0;611.0;611.0;611.0;0.0
8;74;7;611.0;611.0;611.0;611.0;611.0;611.0;0.0
8;75;7;619.0;624.5;642.0;772.5;911.0;709.4;123.5
8;76;7;616.0;622.0;632.0;735.5;867.0;690.0;101.5
8;77;7;614.0;620.5;629.0;737.5;868.0;689.6;105.9
8;78;7;617.0;619.5;624.0;729.0;840.0;682.6;96.8
8;79;7;613.0;627.5;631.0;738.0;850.0;689.3;99.3
8;80;7;612.0;616.0;632.0;723.0;831.0;679.0;90.9
8;81;7;613.0;619.0;631.0;719.0;813.0;676.1;83.8
8;82;7;611.0;617.0;623.0;695.5;771.0;661.4;67.9
8;83;7;610.0;612.0;636.0;725.0;805.0;675.0;81.8
8;84;7;610.0;611.0;611.0;611.0;634.0;614.1;8.1
8;85;7;611.0;611.0;611.0;611.0;611.0;611.0;0.0
8;86;7;611.0;611.0;611.0;611.0;611.0;611.0;0.0
8;87;7;611.0;611.0;611.0;611.0;611.0;611.0;0.0
8;88;7;611.0;611.0;611.0;611.0;611.0;611.0;0.0
8;89;7;611.0;611.0;611.0;611.0;611.0;611.0;0.0
8;90;7;611.0;611.0;611.0;611.0;611.0;611.0;0.0
8;91;7;611.0;611.0;611.0;611.0;611.0;611.0;0.0
8;92;7;611.0;611.0;611.0;611.0;611.0;611.0;0.0
8;93;7;611.0;611.0;611.0;611.0;611.0;611.0;0.0
8;94;7;611.0;611.0;611.0;611.0;611.0;611.0;0.0
8;95;7;611.0;611.0;611.0;611.0;611.0;611.0;0.0
8;96;7;611.0;611.0;611.0;611.0;611.0;611.0;0.0
8;97;7;611.0;611.0;611.0;611.0;611.0;611.0;0.0
8;98;7;611.0;611.0;611.0;611.0;611.0;611.0;0.0
8;99;7;611.0;611.0;611.0;611.0;611.0;611.0;0.0
9;0;7;624.0;908.0;1200.0;1223.5;1229.0;1045.1;245.3
9;1;7;678.0;930.0;1166.0;1175.0;1178.0;1033.1;219.3
9;2;7;675.0;927.0;1150.0;1151.0;1164.0;1020.7;193.7
9;3;7;673.0;924.0;1105.0;1153.0;1157.0;1012.7;192.4
9;4;7;714.0;962.5;1186.0;1189.0;1204.0;1058.1;208.7
9;5;7;723.0;954.5;1166.0;1218.5;1226.0;1065.9;210.4
9;6;7;765.0;960.0;1166.0;1175.0;1187.0;1055.4;178.1
9;7;7;673.0;909.0;1128.0;1141.5;1163.0;1009.3;206.5
9;8;7;704.0;954.5;1153.0;1161.5;1165.0;1036.3;189.7
9;9;7;652.0;899.5;1128.0;1139.0;1150.0;1001.0;205.4
9;10;7;694.0;903.5;1099.0;1105.5;1120.0;990.1;182.7
9;11;7;647.0;952.5;1176.0;1189.0;1190.0;1042.3;213.7
9;12;7;673.0;896.5;1085.0;1112.0;1129.0;986.3;187.1
9;13;7;643.0;841.5;1097.0;1100.0;1114.0;962.4;199.4
9;14;7;644.0;666.5;1064.0;1094.5;1105.0;905.0;213.6
9;15;7;634.0;651.0;1061.0;1076.5;1086.0;890.9;212.9
9;16;7;619.0;622.5;995.0;1014.5;1050.0;848.3;197.3
9;17;7;623.0;664.0;1029.0;1036.5;1042.0;870.7;191.6
9;18;7;628.0;651.0;930.0;952.5;977.0;820.3;154.3
9;19;7;622.0;642.0;982.0;1001.5;1023.0;844.9;181.9
9;20;7;624.0;640.5;900.0;908.0;924.0;792.1;136.5
9;21;7;625.0;643.5;946.0;955.0;960.0;818.3;156.9
9;22;7;621.0;632.5;841.0;864.5;893.0;764.1;118.7
9;23;7;618.0;629.5;848.0;863.5;869.0;760.1;116.7
9;24;7;621.0;628.5;853.0;858.0;860.0;758.1;114.5
9;25;7;615.0;623.5;826.0;835.0;875.0;747.6;111.0
9;26;7;614.0;622.0;783.0;818.0;830.0;729.6;96.5
9;27;7;620.0;625.5;718.0;731.0;739.0;684.3;53.0
9;28;7;609.0;621.0;732.0;751.5;764.0;692.9;66.4
9;29;7;613.0;623.0;736.0;766.5;774.0;700.3;70.8
9;30;7;619.0;635.5;741.0;749.0;751.0;697.1;58.9
9;31;7;613.0;621.0;726.0;730.0;737.0;682.6;55.8
9;32;7;620.0;627.0;717.0;726.5;739.0;683.3;51.3
9;33;7;612.0;617.5;710.0;741.0;748.0;683.9;60.1
9;34;7;612.0;629.0;712.0;726.5;745.0;682.9;52.9
9;35;7;616.0;622.0;692.0;701.0;717.0;667.3;41.6
9;36;7;617.0;621.5;680.0;701.5;710.0;664.7;39.9
9;37;7;610.0;616.0;675.0;689.5;703.0;657.0;38.1
9;38;7;609.0;615.5;662.0;682.5;687.0;650.6;33.3
9;39;7;608.0;617.5;618.0;668.0;671.0;638.3;26.8
9;40;7;608.0;613.5;621.0;654.0;673.0;633.9;24.1
9;41;7;608.0;608.0;608.0;612.0;612.0;609.7;2.0
9;42;7;608.0;608.0;608.0;608.0;608.0;608.0;0.0
9;43;7;608.0;608.0;608.0;608.0;608.0;608.0;0.0
9;44;7;608.0;608.0;608.0;608.0;608.0;608.0;0.0
9;45;7;608.0;608.0;608.0;608.0;608.0;608.0;0.0
9;46;7;608.0;608.0;608.0;608.0;608.0;608.0;0.0
9;47;7;608.0;608.0;608.0;608.0;608.0;608.0;0.0
9;48;7;608.0;608.0;608.0;608.0;608.0;608.0;0.0
9;49;7;608.0;608.0;608.0;608.0;608.0;608.0;0.0
9;50;7;608.0;608.0;608.0;608.0;608.0;608.0;0.0
9;51;7;608.0;608.0;608.0;608.0;608.0;608.0;0.0
9;52;7;608.0;608.0;608.0;608.0;608.0;608.0;0.0
9;53;7;608.0;608.0;608.0;608.0;608.0;608.0;0.0
9;54;7;608.0;608.0;608.0;608.0;608.0;608.0;0.0
9;55;7;608.0;608.0;608.0;608.0;608.0;608.0;0.0
9;56;7;608.0;608.0;608.0;608.0;608.0;608.0;0.0
9;57;7;608.0;608.0;608.0;608.0;608.0;608.0;0.0
9;58;7;608.0;608.0;608.0;608.0;608.0;608.0;0.0
9;59;7;608.0;608.0;608.0;608.0;608.0;608.0;0.0
9;60;7;608.0;608.0;608.0;608.0;608.0;608.0;0.0
9;61;7;608.0;608.0;608.0;608.0;608.0;608.0;0.0
9;62;7;608.0;608.0;608.0;608.0;608.0;608.0;0.0
9;63;7;608.0;608.0;608.0;608.0;608.0;608.0;0.0
9;64;7;608.0;608.0;608.0;608.0;608.0;608.0;0.0
9;65;7;608.0;608.0;608.0;608.0;608.0;608.0;0.0
9;66;7;608.0;608.0;608.0;608.0;608.0;608.0;0.0
9;67;7;608.0;608.0;608.0;608.0;608.0;608.0;0.0
9;68;7;608.0;608.0;608.0;608.0;608.0;608.0;0.0
9;69;7;608.0;608.0;608.0;608.0;608.0;608.0;0.0
9;70;7;608.0;608.0;608.0;608.0;608.0;608.0;0.0
9;71;7;608.0;608.0;608.0;608.0;608.0;608.0;0.0
9;72;7;608.0;608.0;608.0;608.0;608.0;608.0;0.0
9;73;7;608.0;608.0;608.0;608.0;608.0;608.0;0.0
9;74;7;608.0;608.0;608.0;608.0;608.0;608.0;0.0
9;75;7;608.0;608.0;608.0;608.0;608.0;608.0;0.0
9;76;7;608.0;608.0;608.0;608.0;608.0;608.0;0.0
9;77;7;608.0;608.0;608.0;608.0;608.0;608.0;0.0
9;78;7;608.0;608.0;608.0;608.0;608.0;608.0;0.0
9;79;7;608.0;608.0;608.0;608.0;608.0;608.0;0.0
9;80;7;608.0;608.0;608.0;608.0;608.0;608.0;0.0
9;81;7;608.0;608.0;608.0;608.0;608.0;608.0;0.0
9;82;7;608.0;608.0;608.0;608.0;608.0;608.0;0.0
9;83;7;608.0;608.0;608.0;608.0;608.0;608.0;0.0
9;84;7;608.0;608.0;608.0;608.0;608.0;608.0;0.0
9;85;7;619.0;621.0;626.0;749.5;881.0;695.3;114.7
9;86;7;617.0;622.5;636.0;778.5;938.0;713.3;136.7
9;87;7;609.0;623.0;629.0;754.0;856.0;692.6;103.2
9;88;7;608.0;614.5;620.0;715.0;806.0;670.4;84.7
9;89;7;608.0;609.0;613.0;625.5;753.0;634.7;48.9
9;90;7;608.0;608.0;608.0;608.0;678.0;618.0;24.5
9;91;7;608.0;608.0;608.0;608.0;634.0;611.7;9.1
9;92;7;608.0;608.0;608.0;608.0;608.0;608.0;0.0
9;93;7;608.0;608.0;608.0;608.0;608.0;608.0;0.0
9;94;7;608.0;608.0;608.0;608.0;608.0;608.0;0.0
9;95;7;608.0;608.0;608.0;608.0;608.0;608.0;0.0
9;96;7;608.0;608.0;608.0;608.0;608.0;608.0;0.0
9;97;7;608.0;608.0;608.0;608.0;608.0;608.0;0.0
9;98;7;608.0;608.0;608.0;608.0;608.0;608.0;0.0
9;99;7;608.0;608.0;608.0;608.0;608.0;608.0;0.0
10;0;7;699.0;956.5;1189.0;1201.0;1220.0;1060.4;214.1
10;1;7;677.0;928.0;1147.0;1168.0;1185.0;1028.7;202.4
10;2;7;693.0;898.5;1140.0;1152.5;1178.0;1016.1;198.9
10;3;7;679.0;1011.0;1174.0;1215.0;1226.0;1075.9;200.2
10;4;7;638.0;927.0;1157.0;1170.0;1187.0;1025.1;219.2
10;5;7;689.0;920.5;1158.0;1190.5;1197.0;1038.0;212.2
10;6;7;685.0;965.0;1212.0;1220.0;1224.0;1070.1;222.2
10;7;7;710.0;971.5;1169.0;1170.5;1175.0;1048.3;187.0
10;8;7;683.0;918.5;1123.0;1133.5;1139.0;1007.0;189.0
10;9;7;641.0;997.5;1206.0;1216.0;1229.0;1071.9;229.2
10;10;7;673.0;943.5;1182.0;1192.0;1194.0;1045.7;225.2
10;11;7;684.0;874.5;1082.0;1086.0;1099.0;969.4;177.2
10;12;7;671.0;861.5;1036.0;1090.0;1129.0;962.7;176.3
10;13;7;643.0;896.5;1113.0;1128.5;1166.0;996.0;210.2
10;14;7;645.0;682.0;1043.0;1071.0;1092.0;898.0;199.4
10;15;7;665.0;687.5;1022.0;1060.5;1071.0;893.4;185.5
10;16;7;636.0;685.0;997.0;1034.5;1046.0;874.0;179.0
10;17;7;635.0;658.5;1029.0;1063.5;1082.0;884.3;203.3
10;18;7;621.0;633.5;907.0;983.5;1049.0;830.1;179.8
10;19;7;630.0;644.5;921.0;939.5;967.0;812.3;150.2
10;20;7;621.0;639.0;927.0;940.5;946.0;807.6;151.5
10;21;7;621.0;632.0;899.0;919.5;932.0;793.6;143.6
10;22;7;617.0;629.0;856.0;867.5;917.0;769.0;126.1
10;23;7;622.0;632.0;796.0;808.0;831.0;732.7;90.9
10;24;7;613.0;622.5;782.0;793.0;803.0;718.4;86.1
10;25;7;628.0;635.0;802.0;818.5;836.0;739.0;92.7
10;26;7;619.0;633.5;798.0;811.0;822.0;732.6;90.4
10;27;7;612.0;617.0;731.0;753.0;758.0;691.6;66.5
10;28;7;613.0;622.5;664.0;686.5;716.0;658.7;37.3
10;29;7;612.0;614.5;642.0;666.0;679.0;642.0;26.8
10;30;7;613.0;614.5;637.0;637.5;640.0;627.7;11.9
10;31;7;616.0;619.0;636.0;648.0;702.0;641.1;28.2
10;32;7;616.0;616.0;625.0;626.5;629.0;622.1;5.5
10;33;7;616.0;616.0;617.0;617.0;617.0;616.6;0.5
10;34;7;616.0;616.0;617.0;617.0;617.0;616.6;0.5
10;35;7;616.0;616.0;617.0;617.0;617.0;616.6;0.5
10;36;7;616.0;616.0;617.0;617.0;617.0;616.6;0.5
10;37;7;616.0;616.0;617.0;617.0;617.0;616.6;0.5
10;38;7;616.0;616.0;617.0;617.0;617.0;616.6;0.5
10;39;7;616.0;616.0;616.0;617.0;617.0;616.4;0.5
10;40;7;616.0;616.0;616.0;617.0;617.0;616.4;0.5
10;41;7;616.0;616.0;616.0;617.0;617.0;616.4;0.5
10;42;7;616.0;616.0;616.0;616.0;616.0;616.0;0.0
10;43;7;616.0;616.0;616.0;616.0;616.0;616.0;0.0
10;44;7;616.0;616.0;616.0;616.0;616.0;616.0;0.0
10;45;7;616.0;616.0;616.0;616.0;616.0;616.0;0.0
10;46;7;616.0;616.0;616.0;616.0;616.0;616.0;0.0
10;47;7;616.0;616.0;616.0;616.0;616.0;616.0;0.0
10;48;7;616.0;616.0;616.0;616.0;616.0;616.0;0.0
10;49;7;616.0;616.0;616.0;616.0;616.0;616.0;0.0
10;50;7;616.0;616.0;616.0;616.0;616.0;616.0;0.0
10;51;7;616.0;616.0;616.0;616.0;616.0;616.0;0.0
10;52;7;616.0;616.0;616.0;616.0;616.0;616.0;0.0
10;53;7;616.0;616.0;616.0;616.0;616.0;616.0;0.0
10;54;7;616.0;616.0;616.0;616.0;616.0;616.0;0.0
10;55;7;616.0;616.0;616.0;616.0;616.0;616.0;0.0
10;56;7;616.0;616.0;616.0;616.0;616.0;616.0;0.0
10;57;7;615.0;616.0;616.0;616.0;616.0;615.9;0.3
10;58;7;616.0;616.0;616.0;616.0;616.0;616.0;0.0
10;59;7;616.0;616.0;616.0;616.0;616.0;616.0;0.0
10;60;7;616.0;616.0;616.0;616.0;616.0;616.0;0.0
10;61;7;616.0;616.0;616.0;616.0;616.0;616.0;0.0
10;62;7;616.0;616.0;616.0;616.0;616.0;616.0;0.0
10;63;7;616.0;616.0;616.0;616.0;616.0;616.0;0.0
10;64;7;616.0;616.0;616.0;616.0;616.0;616.0;0.0
10;65;7;616.0;616.0;616.0;616.0;616.0;616.0;0.0
10;66;7;616.0;616.0;616.0;616.0;616.0;616.0;0.0
10;67;7;616.0;616.0;616.0;616.0;616.0;616.0;0.0
10;68;7;616.0;616.0;616.0;616.0;616.0;616.0;0.0
10;69;7;616.0;616.0;616.0;616.0;616.0;616.0;0.0
10;70;7;616.0;616.0;616.0;616.0;616.0;616.0;0.0
10;71;7;616.0;616.0;616.0;616.0;616.0;616.0;0.0
10;72;7;616.0;616.0;616.0;616.0;616.0;616.0;0.0
10;73;7;623.0;627.5;635.0;801.5;962.0;725.4;149.7
10;74;7;610.0;631.0;641.0;765.0;887.0;704.3;115.4
10;75;7;628.0;629.0;635.0;749.5;860.0;697.1;96.5
10;76;7;615.0;623.0;631.0;745.0;884.0;695.1;110.5
10;77;7;620.0;623.0;632.0;743.0;859.0;691.9;102.1
10;78;7;610.0;615.0;624.0;730.0;903.0;689.6;115.3
10;79;7;610.0;619.0;640.0;715.5;794.0;673.3;75.9
10;80;7;617.0;624.0;625.0;715.5;795.0;673.7;73.8
10;81;7;610.0;624.5;629.0;722.5;832.0;680.7;90.4
10;82;7;615.0;620.0;625.0;703.0;767.0;664.7;64.5
10;83;7;615.0;619.0;637.0;674.5;719.0;651.1;41.6
10;84;7;612.0;618.0;627.0;665.5;707.0;644.7;37.3
10;85;7;611.0;619.0;626.0;662.5;707.0;643.9;37.0
10;86;7;614.0;616.0;619.0;655.5;686.0;637.4;30.6
10;87;7;610.0;619.0;619.0;629.5;640.0;623.7;10.7
10;88;7;612.0;615.5;619.0;629.5;640.0;623.0;11.1
10;89;7;611.0;612.0;619.0;619.0;640.0;618.9;9.3
10;90;7;611.0;619.0;619.0;619.0;640.0;620.9;8.3
10;91;7;611.0;611.5;619.0;623.0;685.0;626.3;24.5
10;92;7;611.0;611.0;611.0;611.0;611.0;611.0;0.0
10;93;7;611.0;611.0;611.0;611.0;611.0;611.0;0.0
10;94;7;611.0;611.0;611.0;611.0;611.0;611.0;0.0
10;95;7;611.0;611.0;611.0;611.0;611.0;611.0;0.0
10;96;7;611.0;611.0;611.0;611.0;611.0;611.0;0.0
10;97;7;611.0;611.0;611.0;611.0;611.0;611.0;0.0
10;98;7;611.0;611.0;611.0;611.0;611.0;611.0;0.0
10;99;7;611.0;611.0;611.0;611.0;611.0;611.0;0.0
11;0;7;785.0;979.0;1186.0;1204.0;1222.0;1079.9;185.6
11;1;7;719.0;926.5;1122.0;1175.5;1183.0;1032.6;195.4
11;2;7;647.0;922.0;1150.0;1180.5;1203.0;1029.3;219.1
11;3;7;698.0;945.5;1157.0;1172.0;1187.0;1039.6;204.3
11;4;7;701.0;928.5;1140.0;1149.0;1166.0;1023.1;195.3
11;5;7;669.0;904.5;1145.0;1160.5;1174.0;1016.9;213.0
11;6;7;697.0;919.0;1125.0;1136.5;1167.0;1014.3;189.8
11;7;7;725.0;945.5;1170.0;1173.5;1197.0;1047.1;199.1
11;8;7;693.0;923.5;1151.0;1156.0;1158.0;1023.0;202.0
11;9;7;636.0;870.0;1078.0;1097.0;1102.0;964.3;191.8
11;10;7;648.0;886.5;1094.0;1103.0;1128.0;978.4;190.4
11;11;7;624.0;913.5;1119.0;1124.5;1125.0;992.0;205.5
11;12;7;622.0;907.0;1069.0;1081.0;1109.0;968.0;182.4
11;13;7;642.0;833.5;1010.0;1050.0;1140.0;937.0;184.4
11;14;7;634.0;643.0;1017.0;1068.5;1080.0;879.1;208.0
11;15;7;622.0;646.0;966.0;1026.5;1035.0;852.6;187.3
11;16;7;632.0;637.5;996.0;1042.5;1063.0;864.4;199.0
11;17;7;637.0;659.0;991.0;1003.0;1039.0;855.9;178.0
11;18;7;629.0;634.5;977.0;991.5;1002.0;837.1;177.2
11;19;7;620.0;636.0;886.0;919.5;952.0;795.6;144.3
11;20;7;627.0;655.0;972.0;980.0;988.0;836.7;165.8
11;21;7;616.0;624.5;831.0;862.5;874.0;756.4;117.4
11;22;7;619.0;628.5;913.0;934.5;960.0;802.6;154.4
11;23;7;621.0;634.0;847.0;908.5;914.0;781.0;132.8
11;24;7;624.0;634.0;760.0;782.0;786.0;714.6;73.2
11;25;7;621.0;634.5;812.0;850.0;866.0;752.6;107.5
11;26;7;618.0;622.0;741.0;756.5;787.0;700.4;70.4
11;27;7;613.0;629.0;729.0;733.0;741.0;686.7;55.3
11;28;7;617.0;627.5;697.0;709.5;720.0;672.6;43.0
11;29;7;615.0;627.5;697.0;710.5;730.0;674.0;45.2
11;30;7;610.0;634.0;690.0;700.0;706.0;667.7;37.2
11;31;7;617.0;620.0;699.0;711.5;719.0;671.1;45.5
11;32;7;610.0;623.5;668.0;676.0;677.0;650.6;27.9
11;33;7;608.0;620.0;661.0;681.0;692.0;651.9;33.0
11;34;7;608.0;608.0;637.0;640.0;641.0;626.0;15.6
11;35;7;608.0;608.0;617.0;621.5;638.0;617.4;10.2
11;36;7;608.0;609.0;631.0;632.5;640.0;623.1;12.9
11;37;7;608.0;609.5;633.0;633.0;633.0;622.7;11.9
11;38;7;608.0;608.0;608.0;608.0;608.0;608.0;0.0
11;39;7;608.0;608.0;608.0;608.0;608.0;608.0;0.0
11;40;7;608.0;608.0;608.0;608.0;608.0;608.0;0.0
11;41;7;608.0;608.0;608.0;608.0;608.0;608.0;0.0
11;42;7;608.0;608.0;608.0;608.0;608.0;608.0;0.0
11;43;7;608.0;608.0;608.0;608.0;608.0;608.0;0.0
11;44;7;608.0;608.0;608.0;608.0;608.0;608.0;0.0
11;45;7;608.0;608.0;608.0;608.0;608.0;608.0;0.0
11;46;7;608.0;608.0;608.0;608.0;608.0;608.0;0.0
11;47;7;608.0;608.0;608.0;608.0;608.0;608.0;0.0
11;48;7;608.0;608.0;608.0;608.0;608.0;608.0;0.0
11;49;7;608.0;608.0;608.0;608.0;608.0;608.0;0.0
11;50;7;608.0;608.0;608.0;608.0;608.0;608.0;0.0
11;51;7;608.0;608.0;608.0;608.0;608.0;608.0;0.0
11;52;7;608.0;608.0;608.0;608.0;608.0;608.0;0.0
11;53;7;608.0;608.0;608.0;608.0;608.0;608.0;0.0
11;54;7;608.0;608.0;608.0;608.0;608.0;608.0;0.0
11;55;7;608.0;608.0;608.0;608.0;608.0;608.0;0.0
11;56;7;608.0;608.0;608.0;608.0;608.0;608.0;0.0
11;57;7;608.0;608.0;608.0;608.0;608.0;608.0;0.0
11;58;7;608.0;608.0;608.0;608.0;608.0;608.0;0.0
11;59;7;608.0;608.0;608.0;608.0;608.0;608.0;0.0
11;60;7;608.0;608.0;608.0;608.0;608.0;608.0;0.0
11;61;7;608.0;608.0;608.0;608.0;608.0;608.0;0.0
11;62;7;608.0;608.0;608.0;608.0;608.0;608.0;0.0
11;63;7;608.0;608.0;608.0;608.0;608.0;608.0;0.0
11;64;7;608.0;608.0;608.0;608.0;608.0;608.0;0.0
11;65;7;608.0;608.0;608.0;608.0;608.0;608.0;0.0
11;66;7;608.0;608.0;608.0;608.0;608.0;608.0;0.0
11;67;7;608.0;608.0;608.0;608.0;608.0;608.0;0.0
11;68;7;608.0;608.0;608.0;608.0;608.0;608.0;0.0
11;69;7;608.0;608.0;608.0;608.0;608.0;608.0;0.0
11;70;7;608.0;608.0;608.0;608.0;608.0;608.0;0.0
11;71;7;608.0;608.0;608.0;608.0;608.0;608.0;0.0
11;72;7;608.0;608.0;608.0;608.0;608.0;608.0;0.0
11;73;7;608.0;608.0;608.0;608.0;608.0;608.0;0.0
11;74;7;608.0;608.0;608.0;608.0;608.0;608.0;0.0
11;75;7;608.0;608.0;608.0;608.0;608.0;608.0;0.0
11;76;7;608.0;608.0;608.0;608.0;608.0;608.0;0.0
11;77;7;608.0;608.0;608.0;608.0;608.0;608.0;0.0
11;78;7;608.0;608.0;608.0;608.0;608.0;608.0;0.0
11;79;7;608.0;609.5;619.0;716.5;819.0;671.1;91.1
11;80;7;608.0;609.5;612.0;723.0;831.0;673.7;98.0
11;81;7;608.0;616.5;631.0;701.5;796.0;667.3;71.1
11;82;7;608.0;608.5;611.0;703.5;790.0;661.9;79.0
11;83;7;608.0;614.5;629.0;701.0;777.0;663.6;70.6
11;84;7;608.0;608.0;608.0;648.0;692.0;631.4;36.2
11;85;7;608.0;608.0;608.0;608.0;611.0;608.4;1.0
11;86;7;608.0;608.0;608.0;609.0;637.0;612.4;10.1
11;87;7;608.0;608.0;608.0;608.0;608.0;608.0;0.0
11;88;7;608.0;608.0;608.0;608.0;608.0;608.0;0.0
11;89;7;608.0;608.0;608.0;608.0;608.0;608.0;0.0
11;90;7;608.0;608.0;608.0;608.0;608.0;608.0;0.0
11;91;7;608.0;608.0;608.0;608.0;608.0;608.0;0.0
11;92;7;608.0;608.0;608.0;608.0;608.0;608.0;0.0
11;93;7;608.0;608.0;608.0;608.0;608.0;608.0;0.0
11;94;7;608.0;608.0;608.0;608.0;608.0;608.0;0.0
11;95;7;608.0;608.0;608.0;608.0;608.0;608.0;0.0
11;96;7;608.0;608.0;608.0;608.0;608.0;608.0;0.0
11;97;7;608.0;608.0;608.0;608.0;608.0;608.0;0.0
11;98;7;608.0;608.0;608.0;608.0;608.0;608.0;0.0
11;99;7;608.0;608.0;608.0;608.0;608.0;608.0;0.0
12;0;7;688.0;905.5;1141.0;1167.0;1200.0;1024.9;207.8
12;1;7;693.0;927.0;1147.0;1162.5;1164.0;1026.1;198.8
12;2;7;677.0;957.0;1190.0;1225.0;1234.0;1066.4;227.0
12;3;7;706.0;911.5;1119.0;1152.5;1181.0;1019.1;195.3
12;4;7;640.0;910.5;1119.0;1126.5;1179.0;1001.7;210.4
12;5;7;667.0;894.0;1107.0;1117.5;1144.0;991.6;200.6
12;6;7;674.0;940.5;1150.0;1199.0;1222.0;1046.4;218.2
12;7;7;676.0;907.0;1143.0;1174.5;1194.0;1025.1;218.3
12;8;7;675.0;885.5;1120.0;1148.0;1158.0;1002.9;203.0
12;9;7;706.0;920.5;1150.0;1161.0;1174.0;1027.6;202.6
12;10;7;659.0;879.5;1115.0;1137.0;1178.0;997.9;213.0
12;11;7;655.0;849.0;1077.0;1086.0;1144.0;963.7;192.6
12;12;7;673.0;892.0;1093.0;1120.5;1129.0;988.6;190.3
12;13;7;665.0;870.5;1073.0;1084.5;1090.0;962.6;177.5
12;14;7;627.0;650.0;1072.0;1084.0;1114.0;897.3;221.3
12;15;7;630.0;651.5;1049.0;1066.5;1079.0;884.9;208.7
12;16;7;627.0;640.0;915.0;937.0;1006.0;814.6;157.5
12;17;7;614.0;628.0;925.0;941.0;990.0;809.6;162.5
12;18;7;625.0;631.0;937.0;972.0;1008.0;825.1;171.9
12;19;7;626.0;663.0;942.0;953.0;975.0;825.0;152.1
12;20;7;627.0;629.0;882.0;885.5;918.0;779.4;131.3
12;21;7;623.0;630.0;915.0;934.0;951.0;802.4;151.7
12;22;7;618.0;631.0;835.0;842.0;850.0;749.9;107.1
12;23;7;613.0;625.5;797.0;814.5;825.0;730.7;95.2
12;24;7;617.0;628.5;826.0;833.5;848.0;745.0;104.5
12;25;7;613.0;628.5;746.0;771.5;793.0;707.4;74.2
12;26;7;617.0;638.0;758.0;762.0;787.0;708.9;68.4
12;27;7;619.0;628.0;732.0;738.5;743.0;689.6;56.2
12;28;7;616.0;623.5;748.0;751.0;752.0;695.0;64.2
12;29;7;618.0;632.0;673.0;678.5;688.0;657.1;27.0
12;30;7;610.0;618.5;668.0;678.0;682.0;650.4;30.6
12;31;7;618.0;625.5;656.0;669.0;676.0;648.4;22.9
12;32;7;611.0;620.5;654.0;674.0;679.0;647.6;27.5
12;33;7;619.0;622.5;659.0;663.0;667.0;645.1;20.8
12;34;7;609.0;622.0;668.0;670.5;673.0;647.9;26.5
12;35;7;609.0;622.5;659.0;659.0;661.0;641.7;21.0
12;36;7;613.0;621.0;660.0;666.5;686.0;647.7;26.8
12;37;7;610.0;621.0;660.0;666.5;694.0;648.4;29.1
12;38;7;611.0;620.0;658.0;668.0;690.0;647.9;29.0
12;39;7;619.0;624.0;627.0;662.0;701.0;645.6;28.4
12;40;7;619.0;621.5;625.0;662.0;675.0;640.9;22.5
12;41;7;619.0;623.0;623.0;661.0;674.0;640.6;21.9
12;42;7;609.0;613.0;620.0;712.5;713.0;656.1;49.1
12;43;7;609.0;620.0;620.0;656.0;658.0;634.1;19.9
12;44;7;609.0;618.5;619.0;718.0;719.0;660.0;50.6
12;45;7;617.0;618.5;623.0;716.5;719.0;661.3;48.6
12;46;7;609.0;615.5;620.0;716.0;719.0;658.7;50.7
12;47;7;609.0;618.5;620.0;719.0;719.0;660.4;50.8
12;48;7;608.0;613.5;620.0;769.0;773.0;680.9;77.6
12;49;7;613.0;619.5;629.0;773.5;801.0;689.9;81.0
12;50;7;609.0;610.0;619.0;770.0;771.0;679.9;78.4
12;51;7;610.0;614.0;620.0;722.5;770.0;667.6;64.2
12;52;7;608.0;610.0;618.0;767.5;770.0;678.7;77.7
12;53;7;608.0;610.0;610.0;710.0;748.0;658.0;60.7
12;54;7;609.0;616.0;616.0;767.5;770.0;680.3;76.3
12;55;7;609.0;616.0;616.0;744.5;773.0;674.1;71.1
12;56;7;608.0;609.0;616.0;707.5;708.0;652.1;48.1
12;57;7;608.0;616.0;616.0;718.5;719.0;658.9;51.9
12;58;7;608.0;608.0;616.0;712.5;717.0;654.6;51.6
12;59;7;608.0;608.0;608.0;608.0;654.0;614.6;16.1
12;60;7;608.0;608.0;608.0;608.0;608.0;608.0;0.0
12;61;7;608.0;608.0;608.0;608.0;608.0;608.0;0.0
12;62;7;608.0;608.0;608.0;608.0;608.0;608.0;0.0
12;63;7;608.0;608.0;608.0;608.0;608.0;608.0;0.0
12;64;7;608.0;608.0;608.0;608.0;608.0;608.0;0.0
12;65;7;608.0;608.0;608.0;608.0;608.0;608.0;0.0
12;66;7;608.0;608.0;608.0;608.0;608.0;608.0;0.0
12;67;7;608.0;608.0;608.0;608.0;608.0;608.0;0.0
12;68;7;608.0;608.0;608.0;608.0;608.0;608.0;0.0
12;69;7;608.0;608.0;608.0;608.0;608.0;608.0;0.0
12;70;7;608.0;608.0;608.0;608.0;608.0;608.0;0.0
12;71;7;608.0;608.0;608.0;608.0;608.0;608.0;0.0
12;72;7;608.0;608.0;608.0;608.0;608.0;608.0;0.0
12;73;7;608.0;608.0;608.0;608.0;608.0;608.0;0.0
12;74;7;608.0;608.0;608.0;608.0;608.0;608.0;0.0
12;75;7;608.0;608.0;608.0;608.0;608.0;608.0;0.0
12;76;7;608.0;608.0;608.0;608.0;608.0;608.0;0.0
12;77;7;608.0;608.0;608.0;608.0;608.0;608.0;0.0
12;78;7;608.0;608.0;608.0;608.0;608.0;608.0;0.0
12;79;7;608.0;608.0;608.0;608.0;608.0;608.0;0.0
12;80;7;608.0;608.0;608.0;608.0;608.0;608.0;0.0
12;81;7;608.0;608.0;608.0;608.0;608.0;608.0;0.0
12;82;7;608.0;608.0;608.0;608.0;608.0;608.0;0.0
12;83;7;608.0;608.0;608.0;608.0;608.0;608.0;0.0
12;84;7;608.0;608.0;608.0;608.0;608.0;608.0;0.0
12;85;7;608.0;608.0;608.0;608.0;608.0;608.0;0.0
12;86;7;608.0;608.0;608.0;608.0;608.0;608.0;0.0
12;87;7;608.0;608.0;608.0;608.0;608.0;608.0;0.0
12;88;7;608.0;608.0;608.0;608.0;608.0;608.0;0.0
12;89;7;608.0;608.0;608.0;608.0;608.0;608.0;0.0
12;90;7;608.0;608.0;608.0;608.0;608.0;608.0;0.0
12;91;7;608.0;608.0;608.0;608.0;608.0;608.0;0.0
12;92;7;608.0;608.0;608.0;608.0;608.0;608.0;0.0
12;93;7;608.0;608.0;608.0;608.0;608.0;608.0;0.0
12;94;7;608.0;617.5;629.0;630.5;764.0;642.4;50.4
12;95;7;608.0;609.0;615.0;617.0;797.0;638.9;64.7
12;96;7;616.0;616.0;616.0;616.0;641.0;619.6;8.7
12;97;7;609.0;616.0;616.0;622.5;708.0;630.0;32.3
12;98;7;608.0;612.5;616.0;622.0;677.0;624.3;22.4
12;99;7;608.0;608.0;608.0;608.0;608.0;608.0;0.0
13;0;7;691.0;960.0;1177.0;1223.5;1230.0;1066.4;221.3
13;1;7;764.0;1004.0;1232.0;1234.0;1238.0;1101.4;204.2
13;2;7;711.0;939.5;1165.0;1170.0;1204.0;1042.7;206.8
13;3;7;667.0;928.5;1182.0;1190.0;1206.0;1041.7;224.6
13;4;7;700.0;921.5;1152.0;1194.5;1210.0;1042.0;214.0
13;5;7;701.0;938.5;1158.0;1166.5;1170.0;1034.1;202.1
13;6;7;717.0;996.5;1183.0;1189.5;1212.0;1069.1;192.2
13;7;7;649.0;913.5;1171.0;1180.5;1190.0;1028.3;231.2
13;8;7;697.0;927.0;1139.0;1174.0;1193.0;1033.0;203.7
13;9;7;658.0;889.5;1096.0;1109.5;1123.0;982.1;192.8
13;10;7;673.0;909.5;1134.0;1141.5;1169.0;1011.1;202.5
13;11;7;644.0;910.0;1106.0;1118.5;1140.0;992.4;197.2
13;12;7;660.0;895.5;1096.0;1104.0;1134.0;984.1;189.1
13;13;7;661.0;873.5;1100.0;1106.0;1118.0;976.9;190.8
13;14;7;625.0;667.5;993.0;1049.0;1100.0;878.7;197.8
13;15;7;644.0;690.5;1046.0;1064.0;1080.0;897.0;193.1
13;16;7;632.0;669.5;998.0;1019.5;1045.0;864.7;181.2
13;17;7;644.0;664.5;1034.0;1048.5;1058.0;880.3;193.2
13;18;7;631.0;633.0;925.0;941.0;959.0;809.0;153.5
13;19;7;624.0;645.5;934.0;949.0;963.0;815.7;154.0
13;20;7;624.0;639.0;908.0;927.5;948.0;801.9;146.1
13;21;7;625.0;632.5;889.0;898.5;905.0;783.0;132.6
13;22;7;615.0;624.0;896.0;908.5;910.0;783.7;141.0
13;23;7;621.0;631.0;801.0;806.5;817.0;730.6;89.3
13;24;7;615.0;638.0;845.0;850.0;854.0;755.7;108.8
13;25;7;615.0;625.0;791.0;799.0;814.0;724.0;89.0
13;26;7;614.0;629.5;727.0;741.5;757.0;691.4;59.0
13;27;7;610.0;628.0;747.0;778.5;804.0;710.6;79.3
13;28;7;618.0;629.0;723.0;736.5;757.0;689.9;56.7
13;29;7;617.0;630.5;684.0;695.0;712.0;666.3;36.0
13;30;7;612.0;620.5;713.0;733.0;750.0;683.1;58.3
13;31;7;615.0;627.5;675.0;692.0;712.0;663.0;36.7
13;32;7;627.0;634.0;668.0;679.0;689.0;658.6;24.3
13;33;7;613.0;628.0;648.0;668.5;672.0;646.6;22.1
13;34;7;611.0;611.0;620.0;665.0;680.0;637.6;28.7
13;35;7;611.0;611.0;620.0;620.0;620.0;616.1;4.5
13;36;7;611.0;611.0;620.0;620.0;620.0;616.1;4.5
13;37;7;611.0;611.0;611.0;611.0;611.0;611.0;0.0
13;38;7;611.0;611.0;611.0;611.0;611.0;611.0;0.0
13;39;7;611.0;611.0;611.0;611.0;611.0;611.0;0.0
13;40;7;611.0;611.0;611.0;611.0;611.0;611.0;0.0
13;41;7;611.0;611.0;611.0;611.0;611.0;611.0;0.0
13;42;7;611.0;611.0;611.0;611.0;611.0;611.0;0.0
13;43;7;611.0;611.0;611.0;611.0;611.0;611.0;0.0
13;44;7;611.0;611.0;611.0;611.0;611.0;611.0;0.0
13;45;7;611.0;611.0;611.0;611.0;611.0;611.0;0.0
13;46;7;611.0;611.0;611.0;611.0;611.0;611.0;0.0
13;47;7;611.0;611.0;611.0;611.0;611.0;611.0;0.0
13;48;7;611.0;611.0;611.0;611.0;611.0;611.0;0.0
13;49;7;611.0;611.0;611.0;611.0;611.0;611.0;0.0
13;50;7;611.0;611.0;611.0;611.0;611.0;611.0;0.0
13;51;7;611.0;611.0;611.0;611.0;611.0;611.0;0.0
13;52;7;611.0;611.0;611.0;611.0;611.0;611.0;0.0
13;53;7;611.0;611.0;611.0;611.0;611.0;611.0;0.0
13;54;7;611.0;611.0;611.0;611.0;611.0;611.0;0.0
13;55;7;611.0;611.0;611.0;611.0;611.0;611.0;0.0
13;56;7;611.0;611.0;611.0;611.0;611.0;611.0;0.0
13;57;7;611.0;611.0;611.0;611.0;611.0;611.0;0.0
13;58;7;611.0;611.0;611.0;611.0;611.0;611.0;0.0
13;59;7;611.0;611.0;611.0;611.0;611.0;611.0;0.0
13;60;7;611.0;611.0;611.0;611.0;611.0;611.0;0.0
13;61;7;611.0;611.0;611.0;611.0;611.0;611.0;0.0
13;62;7;611.0;611.0;611.0;611.0;611.0;611.0;0.0
13;63;7;611.0;611.0;611.0;611.0;611.0;611.0;0.0
13;64;7;611.0;611.0;611.0;611.0;611.0;611.0;0.0
13;65;7;611.0;611.0;611.0;611.0;611.0;611.0;0.0
13;66;7;611.0;611.0;611.0;611.0;611.0;611.0;0.0
13;67;7;611.0;611.0;611.0;611.0;611.0;611.0;0.0
13;68;7;611.0;611.0;611.0;611.0;611.0;611.0;0.0
13;69;7;611.0;611.0;611.0;611.0;611.0;611.0;0.0
13;70;7;611.0;611.0;611.0;611.0;611.0;611.0;0.0
13;71;7;611.0;611.0;611.0;611.0;611.0;611.0;0.0
13;72;7;611.0;611.0;611.0;611.0;611.0;611.0;0.0
13;73;7;617.0;632.5;642.0;771.0;923.0;712.7;125.3
13;74;7;620.0;625.0;627.0;768.0;896.0;704.1;117.4
13;75;7;611.0;618.0;625.0;723.0;829.0;678.1;90.1
13;76;7;611.0;611.0;611.0;697.5;810.0;664.1;84.0
13;77;7;611.0;612.0;621.0;707.0;818.0;669.7;83.0
13;78;7;611.0;620.0;638.0;683.5;723.0;654.1;43.7
13;79;7;611.0;611.0;619.0;661.0;709.0;640.4;41.3
13;80;7;611.0;611.0;622.0;660.5;731.0;643.9;44.9
13;81;7;611.0;611.0;611.0;611.0;611.0;611.0;0.0
13;82;7;611.0;611.0;611.0;611.0;611.0;611.0;0.0
13;83;7;611.0;611.0;611.0;611.0;611.0;611.0;0.0
13;84;7;611.0;611.0;611.0;611.0;611.0;611.0;0.0
13;85;7;611.0;611.0;611.0;611.0;611.0;611.0;0.0
13;86;7;611.0;611.0;611.0;611.0;611.0;611.0;0.0
13;87;7;611.0;611.0;611.0;611.0;611.0;611.0;0.0
13;88;7;611.0;611.0;611.0;611.0;611.0;611.0;0.0
13;89;7;611.0;611.0;611.0;611.0;611.0;611.0;0.0
13;90;7;611.0;611.0;611.0;611.0;611.0;611.0;0.0
13;91;7;611.0;611.0;611.0;611.0;611.0;611.0;0.0
13;92;7;611.0;611.0;611.0;611.0;611.0;611.0;0.0
13;93;7;611.0;611.0;611.0;611.0;611.0;611.0;0.0
13;94;7;611.0;611.0;611.0;611.0;611.0;611.0;0.0
13;95;7;611.0;611.0;611.0;611.0;611.0;611.0;0.0
13;96;7;611.0;611.0;611.0;611.0;611.0;611.0;0.0
13;97;7;611.0;611.0;611.0;611.0;611.0;611.0;0.0
13;98;7;611.0;611.0;611.0;611.0;611.0;611.0;0.0
13;99;7;611.0;611.0;611.0;611.0;611.0;611.0;0.0
14;0;7;685.0;954.5;1172.0;1178.5;1202.0;1046.4;208.5
14;1;7;723.0;943.5;1133.0;1179.0;1189.0;1041.4;187.7
14;2;7;685.0;947.5;1212.0;1226.0;1229.0;1067.6;231.7
14;3;7;753.0;961.0;1157.0;1173.5;1183.0;1051.7;181.8
14;4;7;723.0;948.0;1162.0;1183.5;1197.0;1049.3;198.6
14;5;7;701.0;933.5;1132.0;1151.0;1172.0;1024.9;193.2
14;6;7;647.0;891.0;1120.0;1147.5;1171.0;1002.1;213.4
14;7;7;690.0;917.0;1141.0;1146.0;1156.0;1016.1;203.2
14;8;7;670.0;889.5;1115.0;1127.5;1140.0;994.1;192.0
14;9;7;658.0;865.5;1059.0;1091.5;1110.0;963.0;178.8
14;10;7;723.0;950.5;1168.0;1189.0;1196.0;1052.3;204.2
14;11;7;661.0;859.0;1091.0;1103.5;1117.0;970.6;192.6
14;12;7;633.0;856.0;1107.0;1109.5;1124.0;970.7;208.5
14;13;7;682.0;889.0;1087.0;1110.5;1138.0;986.6;187.0
14;14;7;636.0;672.0;1063.0;1073.0;1078.0;895.3;204.3
14;15;7;625.0;639.0;1020.0;1026.0;1044.0;859.9;195.6
14;16;7;621.0;641.5;944.0;966.0;1015.0;827.9;168.9
14;17;7;633.0;673.0;1035.0;1044.5;1094.0;885.3;197.5
14;18;7;615.0;624.0;860.0;945.5;978.0;798.9;158.3
14;19;7;623.0;646.5;967.0;978.5;1003.0;834.7;170.5
14;20;7;617.0;631.5;916.0;940.0;947.0;803.3;153.3
14;21;7;621.0;631.0;849.0;873.0;945.0;774.7;130.4
14;22;7;617.0;625.5;835.0;847.5;880.0;754.0;114.6
14;23;7;614.0;627.5;824.0;832.5;867.0;746.4;107.8
14;24;7;613.0;622.5;763.0;766.5;772.0;703.7;73.2
14;25;7;612.0;627.0;785.0;788.5;802.0;718.6;84.1
14;26;7;611.0;628.0;716.0;755.0;774.0;695.3;65.6
14;27;7;611.0;617.0;697.0;728.5;744.0;677.6;56.2
14;28;7;611.0;611.0;611.0;613.0;648.0;616.9;12.8
14;29;7;611.0;611.0;611.0;611.0;611.0;611.0;0.0
14;30;7;611.0;611.0;611.0;611.0;611.0;611.0;0.0
14;31;7;611.0;611.0;611.0;611.0;611.0;611.0;0.0
14;32;7;611.0;611.0;611.0;611.0;611.0;611.0;0.0
14;33;7;611.0;611.0;611.0;611.0;611.0;611.0;0.0
14;34;7;611.0;611.0;611.0;611.0;611.0;611.0;0.0
14;35;7;611.0;611.0;611.0;611.0;611.0;611.0;0.0
14;36;7;611.0;611.0;611.0;611.0;611.0;611.0;0.0
14;37;7;611.0;611.0;611.0;611.0;611.0;611.0;0.0
14;38;7;611.0;611.0;611.0;611.0;611.0;611.0;0.0
14;39;7;611.0;611.0;611.0;611.0;611.0;611.0;0.0
14;40;7;611.0;611.0;611.0;611.0;611.0;611.0;0.0
14;41;7;611.0;611.0;611.0;611.0;611.0;611.0;0.0
14;42;7;611.0;611.0;611.0;611.0;611.0;611.0;0.0
14;43;7;611.0;611.0;611.0;611.0;611.0;611.0;0.0
14;44;7;611.0;611.0;611.0;611.0;611.0;611.0;0.0
14;45;7;611.0;611.0;611.0;611.0;611.0;611.0;0.0
14;46;7;611.0;611.0;611.0;611.0;611.0;611.0;0.0
14;47;7;611.0;611.0;611.0;611.0;611.0;611.0;0.0
14;48;7;611.0;611.0;611.0;611.0;611.0;611.0;0.0
14;49;7;611.0;611.0;611.0;611.0;611.0;611.0;0.0
14;50;7;611.0;611.0;611.0;611.0;611.0;611.0;0.0
14;51;7;611.0;611.0;611.0;611.0;611.0;611.0;0.0
14;52;7;611.0;611.0;611.0;611.0;611.0;611.0;0.0
14;53;7;611.0;611.0;611.0;611.0;611.0;611.0;0.0
14;54;7;611.0;611.0;611.0;611.0;611.0;611.0;0.0
14;55;7;611.0;611.0;611.0;611.0;611.0;611.0;0.0
14;56;7;611.0;611.0;611.0;611.0;611.0;611.0;0.0
14;57;7;611.0;611.0;611.0;611.0;611.0;611.0;0.0
14;58;7;611.0;611.0;611.0;611.0;611.0;611.0;0.0
14;59;7;611.0;611.0;611.0;611.0;611.0;611.0;0.0
14;60;7;611.0;611.0;611.0;611.0;611.0;611.0;0.0
14;61;7;611.0;611.0;611.0;611.0;611.0;611.0;0.0
14;62;7;611.0;611.0;611.0;611.0;611.0;611.0;0.0
14;63;7;611.0;611.0;611.0;611.0;611.0;611.0;0.0
14;64;7;611.0;611.0;611.0;611.0;611.0;611.0;0.0
14;65;7;611.0;611.0;611.0;611.0;611.0;611.0;0.0
14;66;7;611.0;611.0;611.0;611.0;611.0;611.0;0.0
14;67;7;611.0;611.0;611.0;611.0;611.0;611.0;0.0
14;68;7;611.0;611.0;611.0;611.0;611.0;611.0;0.0
14;69;7;613.0;618.5;626.0;778.0;935.0;709.6;139.9
14;70;7;611.0;618.0;624.0;759.0;915.0;700.6;124.6
14;71;7;620.0;628.5;631.0;781.5;936.0;715.3;132.7
14;72;7;608.0;620.0;631.0;743.0;884.0;692.7;112.1
14;73;7;614.0;618.0;627.0;723.0;826.0;678.4;89.5
14;74;7;609.0;625.5;637.0;754.0;870.0;696.4;108.1
14;75;7;611.0;611.0;618.0;716.5;824.0;672.6;93.0
14;76;7;609.0;611.5;618.0;679.0;753.0;651.6;58.8
14;77;7;611.0;611.0;611.0;650.0;708.0;636.0;39.9
14;78;7;611.0;611.0;611.0;614.0;649.0;617.3;13.1
14;79;7;611.0;611.0;611.0;611.0;611.0;611.0;0.0
14;80;7;611.0;611.0;611.0;611.0;611.0;611.0;0.0
14;81;7;611.0;611.0;611.0;611.0;611.0;611.0;0.0
14;82;7;611.0;611.0;611.0;611.0;611.0;611.0;0.0
14;83;7;611.0;611.0;611.0;611.0;611.0;611.0;0.0
14;84;7;611.0;611.0;611.0;611.0;611.0;611.0;0.0
14;85;7;611.0;611.0;611.0;611.0;611.0;611.0;0.0
14;86;7;611.0;611.0;611.0;611.0;611.0;611.0;0.0
14;87;7;611.0;611.0;611.0;611.0;611.0;611.0;0.0
14;88;7;611.0;611.0;611.0;611.0;611.0;611.0;0.0
14;89;7;611.0;611.0;611.0;611.0;611.0;611.0;0.0
14;90;7;611.0;611.0;611.0;611.0;611.0;611.0;0.0
14;91;7;611.0;611.0;611.0;611.0;611.0;611.0;0.0
14;92;7;611.0;611.0;611.0;611.0;611.0;611.0;0.0
14;93;7;611.0;611.0;611.0;611.0;611.0;611.0;0.0
14;94;7;611.0;611.0;611.0;611.0;611.0;611.0;0.0
14;95;7;611.0;611.0;611.0;611.0;611.0;611.0;0.0
14;96;7;611.0;611.0;611.0;611.0;611.0;611.0;0.0
14;97;7;611.0;611.0;611.0;611.0;611.0;611.0;0.0
14;98;7;611.0;611.0;611.0;611.0;611.0;611.0;0.0
14;99;7;611.0;611.0;611.0;611.0;611.0;611.0;0.0
15;0;7;742.0;980.5;1159.0;1178.0;1181.0;1057.0;178.4
15;1;7;629.0;931.0;1134.0;1144.0;1179.0;1013.1;211.4
15;2;7;733.0;935.0;1156.0;1175.0;1186.0;1042.1;194.4
15;3;7;670.0;931.5;1205.0;1217.5;1238.0;1058.7;235.3
15;4;7;705.0;897.5;1122.0;1162.0;1166.0;1016.0;198.0
15;5;7;739.0;949.5;1163.0;1183.0;1212.0;1054.1;199.2
15;6;7;765.0;966.0;1156.0;1176.0;1188.0;1056.1;180.1
15;7;7;701.0;895.5;1104.0;1126.0;1144.0;998.9;188.5
15;8;7;669.0;911.5;1147.0;1155.0;1160.0;1015.6;206.7
15;9;7;648.0;891.5;1119.0;1137.0;1150.0;996.3;211.4
15;10;7;672.0;895.5;1127.0;1138.5;1147.0;1002.0;208.6
15;11;7;660.0;863.0;1077.0;1093.0;1108.0;965.3;183.2
15;12;7;671.0;908.5;1124.0;1135.0;1141.0;1003.3;200.4
15;13;7;633.0;847.5;1083.0;1117.0;1147.0;970.3;211.8
15;14;7;647.0;669.0;1062.0;1094.5;1111.0;906.7;212.9
15;15;7;631.0;665.0;1003.0;1016.0;1034.0;861.4;181.1
15;16;7;621.0;641.0;1013.0;1021.0;1030.0;855.4;191.6
15;17;7;630.0;646.0;998.0;1032.0;1038.0;860.3;190.7
15;18;7;627.0;645.5;972.0;1025.5;1052.0;856.1;189.5
15;19;7;620.0;637.0;928.0;954.0;972.0;814.6;159.5
15;20;7;619.0;627.0;816.0;888.0;904.0;767.0;126.4
15;21;7;612.0;630.5;891.0;919.5;948.0;793.0;147.1
15;22;7;621.0;624.5;843.0;857.5;865.0;756.1;115.2
15;23;7;611.0;627.5;772.0;797.0;840.0;724.6;91.0
15;24;7;621.0;626.0;779.0;791.0;807.0;720.1;83.5
15;25;7;630.0;631.5;775.0;812.5;825.0;731.1;87.9
15;26;7;611.0;621.0;749.0;754.0;772.0;697.4;69.5
15;27;7;612.0;623.0;739.0;763.5;773.0;699.6;70.3
15;28;7;615.0;626.0;701.0;709.0;724.0;672.9;44.5
15;29;7;619.0;632.5;666.0;677.0;689.0;656.1;25.9
15;30;7;613.0;627.0;658.0;679.0;683.0;652.3;27.3
15;31;7;612.0;615.0;667.0;674.0;676.0;647.6;29.2
15;32;7;610.0;615.0;646.0;660.5;667.0;639.1;23.4
15;33;7;611.0;611.0;634.0;649.5;656.0;631.7;19.0
15;34;7;611.0;611.0;631.0;634.5;638.0;624.4;11.8
15;35;7;611.0;611.0;611.0;611.0;611.0;611.0;0.0
15;36;7;611.0;611.0;611.0;611.0;611.0;611.0;0.0
15;37;7;611.0;611.0;611.0;611.0;611.0;611.0;0.0
15;38;7;611.0;611.0;611.0;611.0;611.0;611.0;0.0
15;39;7;611.0;611.0;611.0;611.0;611.0;611.0;0.0
15;40;7;611.0;611.0;611.0;611.0;611.0;611.0;0.0
15;41;7;611.0;611.0;611.0;611.0;611.0;611.0;0.0
15;42;7;611.0;611.0;611.0;611.0;611.0;611.0;0.0
15;43;7;611.0;611.0;611.0;611.0;611.0;611.0;0.0
15;44;7;611.0;611.0;611.0;611.0;611.0;611.0;0.0
15;45;7;611.0;611.0;611.0;611.0;611.0;611.0;0.0
15;46;7;611.0;611.0;611.0;611.0;611.0;611.0;0.0
15;47;7;611.0;611.0;611.0;611.0;611.0;611.0;0.0
15;48;7;611.0;611.0;611.0;611.0;611.0;611.0;0.0
15;49;7;611.0;611.0;611.0;611.0;611.0;611.0;0.0
15;50;7;611.0;611.0;611.0;611.0;611.0;611.0;0.0
15;51;7;611.0;611.0;611.0;611.0;611.0;611.0;0.0
15;52;7;611.0;611.0;611.0;611.0;611.0;611.0;0.0
15;53;7;611.0;611.0;611.0;611.0;611.0;611.0;0.0
15;54;7;611.0;611.0;611.0;611.0;611.0;611.0;0.0
15;55;7;611.0;611.0;611.0;611.0;611.0;611.0;0.0
15;56;7;611.0;611.0;611.0;611.0;611.0;611.0;0.0
15;57;7;611.0;611.0;611.0;611.0;611.0;611.0;0.0
15;58;7;611.0;611.0;611.0;611.0;611.0;611.0;0.0
15;59;7;611.0;611.0;611.0;611.0;611.0;611.0;0.0
15;60;7;611.0;611.0;611.0;611.0;611.0;611.0;0.0
15;61;7;611.0;611.0;611.0;611.0;611.0;611.0;0.0
15;62;7;611.0;611.0;611.0;611.0;611.0;611.0;0.0
15;63;7;611.0;611.0;611.0;611.0;611.0;611.0;0.0
15;64;7;611.0;611.0;611.0;611.0;611.0;611.0;0.0
15;65;7;611.0;611.0;611.0;611.0;611.0;611.0;0.0
15;66;7;611.0;611.0;611.0;611.0;611.0;611.0;0.0
15;67;7;611.0;611.0;611.0;611.0;611.0;611.0;0.0
15;68;7;611.0;611.0;611.0;611.0;611.0;611.0;0.0
15;69;7;611.0;611.0;611.0;611.0;611.0;611.0;0.0
15;70;7;611.0;611.0;611.0;611.0;611.0;611.0;0.0
15;71;7;611.0;611.0;611.0;611.0;611.0;611.0;0.0
15;72;7;611.0;611.0;611.0;611.0;611.0;611.0;0.0
15;73;7;611.0;611.0;611.0;611.0;611.0;611.0;0.0
15;74;7;611.0;611.0;611.0;611.0;611.0;611.0;0.0
15;75;7;611.0;611.0;611.0;611.0;611.0;611.0;0.0
15;76;7;611.0;611.0;611.0;611.0;611.0;611.0;0.0
15;77;7;611.0;611.0;611.0;611.0;611.0;611.0;0.0
15;78;7;611.0;621.5;624.0;748.0;862.0;690.9;104.7
15;79;7;619.0;625.5;628.0;747.5;877.0;695.7;108.9
15;80;7;611.0;614.5;628.0;744.0;861.0;688.1;103.5
15;81;7;610.0;614.5;620.0;745.5;866.0;688.0;109.1
15;82;7;611.0;621.0;626.0;689.5;763.0;660.1;60.4
15;83;7;611.0;611.0;612.0;658.5;716.0;639.7;42.6
15;84;7;611.0;611.0;611.0;645.0;699.0;633.3;35.6
15;85;7;611.0;611.0;611.0;611.0;611.0;611.0;0.0
15;86;7;611.0;611.0;611.0;611.0;611.0;611.0;0.0
15;87;7;611.0;611.0;611.0;611.0;611.0;611.0;0.0
15;88;7;611.0;611.0;611.0;611.0;611.0;611.0;0.0
15;89;7;611.0;611.0;611.0;611.0;611.0;611.0;0.0
15;90;7;611.0;611.0;611.0;611.0;611.0;611.0;0.0
15;91;7;611.0;611.0;611.0;611.0;611.0;611.0;0.0
15;92;7;611.0;611.0;611.0;611.0;611.0;611.0;0.0
15;93;7;611.0;611.0;611.0;611.0;611.0;611.0;0.0
15;94;7;611.0;611.0;611.0;611.0;611.0;611.0;0.0
15;95;7;611.0;611.0;611.0;611.0;611.0;611.0;0.0
15;96;7;611.0;611.0;611.0;611.0;611.0;611.0;0.0
15;97;7;611.0;611.0;611.0;611.0;611.0;611.0;0.0
15;98;7;611.0;611.0;611.0;611.0;611.0;611.0;0.0
15;99;7;611.0;611.0;611.0;611.0;611.0;611.0;0.0
16;0;7;687.0;1002.5;1136.0;1170.5;1191.0;1051.4;178.7
16;1;7;643.0;894.0;1073.0;1119.5;1152.0;985.0;195.9
16;2;7;685.0;971.5;1162.0;1177.0;1200.0;1049.1;199.6
16;3;7;642.0;916.0;1139.0;1176.5;1195.0;1023.0;217.8
16;4;7;685.0;916.0;1123.0;1145.5;1163.0;1013.4;197.2
16;5;7;656.0;895.5;1126.0;1132.0;1164.0;1000.1;210.7
16;6;7;630.0;910.0;1169.0;1191.0;1226.0;1032.4;246.3
16;7;7;655.0;931.5;1128.0;1163.5;1169.0;1020.3;206.9
16;8;7;718.0;899.5;1089.0;1111.0;1120.0;992.6;173.2
16;9;7;659.0;896.5;1120.0;1129.0;1153.0;997.6;208.8
16;10;7;668.0;909.5;1150.0;1168.0;1176.0;1021.3;216.5
16;11;7;658.0;897.0;1124.0;1146.0;1148.0;1002.3;210.0
16;12;7;634.0;902.5;1090.0;1102.0;1114.0;978.1;192.3
16;13;7;658.0;910.5;1079.0;1096.0;1121.0;981.6;177.9
16;14;7;645.0;695.0;1037.0;1043.0;1048.0;886.6;181.5
16;15;7;631.0;655.5;972.0;980.5;1020.0;842.1;169.5
16;16;7;623.0;650.0;1032.0;1064.0;1070.0;879.0;206.7
16;17;7;625.0;633.0;984.0;1018.5;1030.0;848.9;189.8
16;18;7;630.0;645.5;973.0;1000.0;1038.0;847.4;180.4
16;19;7;627.0;645.0;973.0;1000.0;1037.0;846.7;181.1
16;20;7;627.0;635.0;966.0;972.5;999.0;829.6;171.2
16;21;7;620.0;647.0;881.0;906.0;954.0;794.4;137.5
16;22;7;625.0;629.5;932.0;943.0;963.0;809.3;157.3
16;23;7;621.0;625.5;801.0;835.5;840.0;740.6;101.7
16;24;7;620.0;626.0;792.0;807.5;837.0;730.9;93.4
16;25;7;615.0;624.5;744.0;765.5;776.0;702.1;70.7
16;26;7;620.0;627.5;717.0;738.5;774.0;691.9;60.4
16;27;7;623.0;624.5;671.0;682.0;694.0;657.3;29.5
16;28;7;612.0;622.0;678.0;683.5;693.0;656.3;33.0
16;29;7;613.0;621.5;711.0;719.5;722.0;675.4;49.5
16;30;7;613.0;624.5;654.0;659.0;686.0;645.7;24.2
16;31;7;617.0;624.5;655.0;663.0;670.0;645.3;21.0
16;32;7;620.0;626.0;644.0;645.5;646.0;636.1;10.7
16;33;7;618.0;619.5;643.0;644.0;646.0;633.4;12.5
16;34;7;611.0;631.5;641.0;642.0;643.0;634.6;10.7
16;35;7;618.0;629.5;642.0;642.0;642.0;635.0;8.8
16;36;7;619.0;630.0;641.0;644.0;645.0;636.1;9.2
16;37;7;618.0;631.5;640.0;640.5;641.0;634.7;7.9
16;38;7;618.0;630.0;633.0;640.0;642.0;633.3;7.8
16;39;7;630.0;630.0;630.0;633.0;639.0;632.1;3.1
16;40;7;618.0;630.0;630.0;634.0;636.0;630.3;5.5
16;41;7;630.0;630.0;630.0;633.0;641.0;632.4;3.7
16;42;7;629.0;630.0;630.0;632.5;633.0;631.0;1.5
16;43;7;630.0;630.0;630.0;633.0;633.0;631.3;1.5
16;44;7;630.0;630.0;630.0;630.0;630.0;630.0;0.0
16;45;7;630.0;630.0;630.0;630.0;630.0;630.0;0.0
16;46;7;630.0;630.0;630.0;630.0;630.0;630.0;0.0
16;47;7;630.0;630.0;630.0;630.0;630.0;630.0;0.0
16;48;7;630.0;630.0;630.0;630.0;630.0;630.0;0.0
16;49;7;630.0;630.0;630.0;630.0;630.0;630.0;0.0
16;50;7;630.0;630.0;630.0;630.0;630.0;630.0;0.0
16;51;7;630.0;630.0;630.0;630.0;630.0;630.0;0.0
16;52;7;630.0;630.0;630.0;630.0;630.0;630.0;0.0
16;53;7;630.0;630.0;630.0;630.0;630.0;630.0;0.0
16;54;7;630.0;630.0;630.0;630.0;630.0;630.0;0.0
16;55;7;630.0;630.0;630.0;630.0;630.0;630.0;0.0
16;56;7;630.0;630.0;630.0;630.0;630.0;630.0;0.0
16;57;7;630.0;630.0;630.0;630.0;630.0;630.0;0.0
16;58;7;621.0;630.0;630.0;630.0;630.0;628.7;3.1
16;59;7;630.0;630.0;630.0;630.0;630.0;630.0;0.0
16;60;7;630.0;630.0;630.0;630.0;630.0;630.0;0.0
16;61;7;630.0;630.0;630.0;630.0;630.0;630.0;0.0
16;62;7;630.0;630.0;630.0;630.0;630.0;630.0;0.0
16;63;7;630.0;630.0;630.0;630.0;630.0;630.0;0.0
16;64;7;630.0;630.0;630.0;630.0;630.0;630.0;0.0
16;65;7;630.0;630.0;630.0;630.0;630.0;630.0;0.0
16;66;7;630.0;630.0;630.0;630.0;630.0;630.0;0.0
16;67;7;630.0;630.0;630.0;630.0;630.0;630.0;0.0
16;68;7;630.0;630.0;630.0;630.0;630.0;630.0;0.0
16;69;7;630.0;630.0;630.0;630.0;630.0;630.0;0.0
16;70;7;630.0;630.0;630.0;630.0;630.0;630.0;0.0
16;71;7;630.0;630.0;630.0;630.0;630.0;630.0;0.0
16;72;7;630.0;630.0;630.0;630.0;630.0;630.0;0.0
16;73;7;630.0;630.0;630.0;630.0;630.0;630.0;0.0
16;74;7;616.0;624.5;628.0;746.5;867.0;693.3;109.0
16;75;7;617.0;622.0;628.0;706.0;807.0;672.6;77.5
16;76;7;618.0;622.5;633.0;727.0;819.0;681.3;86.7
16;77;7;624.0;628.0;631.0;703.0;777.0;670.6;66.4
16;78;7;610.0;614.5;623.0;725.5;822.0;676.4;92.0
16;79;7;619.0;623.0;625.0;687.0;751.0;659.3;56.5
16;80;7;611.0;624.5;629.0;687.0;743.0;658.0;53.8
16;81;7;619.0;622.5;627.0;682.0;741.0;656.6;51.3
16;82;7;618.0;629.5;630.0;640.5;679.0;638.1;19.0
16;83;7;629.0;630.0;630.0;631.0;632.0;630.4;1.0
16;84;7;630.0;630.0;630.0;631.0;632.0;630.6;0.9
16;85;7;630.0;630.0;630.0;631.0;632.0;630.6;0.9
16;86;7;630.0;630.0;630.0;630.5;631.0;630.3;0.5
16;87;7;630.0;630.0;630.0;630.5;631.0;630.3;0.5
16;88;7;630.0;630.0;630.0;630.5;631.0;630.3;0.5
16;89;7;630.0;630.0;630.0;630.0;630.0;630.0;0.0
16;90;7;630.0;630.0;630.0;630.0;630.0;630.0;0.0
16;91;7;630.0;630.0;630.0;630.0;630.0;630.0;0.0
16;92;7;630.0;630.0;630.0;630.0;630.0;630.0;0.0
16;93;7;630.0;630.0;630.0;630.0;630.0;630.0;0.0
16;94;7;630.0;630.0;630.0;630.0;630.0;630.0;0.0
16;95;7;630.0;630.0;630.0;630.0;630.0;630.0;0.0
16;96;7;630.0;630.0;630.0;630.0;630.0;630.0;0.0
16;97;7;630.0;630.0;630.0;630.0;630.0;630.0;0.0
16;98;7;630.0;630.0;630.0;630.0;630.0;630.0;0.0
16;99;7;630.0;630.0;630.0;630.0;630.0;630.0;0.0
17;0;7;766.0;982.0;1175.0;1208.0;1223.0;1077.7;190.5
17;1;7;684.0;932.0;1134.0;1145.5;1165.0;1019.7;197.6
17;2;7;700.0;945.0;1198.0;1212.5;1226.0;1062.7;224.3
17;3;7;702.0;952.5;1160.0;1185.0;1204.0;1048.7;205.4
17;4;7;725.0;928.5;1132.0;1193.5;1252.0;1050.4;208.6
17;5;7;701.0;928.5;1174.0;1201.0;1211.0;1049.3;215.8
17;6;7;681.0;939.0;1144.0;1165.5;1171.0;1029.3;201.4
17;7;7;644.0;885.0;1117.0;1137.5;1153.0;994.1;206.1
17;8;7;644.0;914.0;1112.0;1139.5;1159.0;1003.1;204.6
17;9;7;644.0;900.0;1145.0;1161.5;1180.0;1013.1;222.1
17;10;7;702.0;913.0;1105.0;1127.0;1154.0;1005.9;185.0
17;11;7;625.0;906.0;1108.0;1155.0;1169.0;1003.4;214.8
17;12;7;648.0;837.0;1031.0;1077.0;1115.0;946.0;180.2
17;13;7;622.0;866.5;1071.0;1098.0;1107.0;961.3;200.6
17;14;7;629.0;648.5;1067.0;1076.5;1094.0;891.4;216.4
17;15;7;626.0;656.0;996.0;1039.0;1072.0;869.1;195.0
17;16;7;635.0;647.0;1022.0;1045.5;1051.0;870.4;197.2
17;17;7;635.0;650.5;995.0;1018.5;1030.0;856.9;183.6
17;18;7;634.0;650.0;925.0;952.5;971.0;819.3;152.0
17;19;7;627.0;634.0;895.0;904.0;930.0;789.7;137.4
17;20;7;621.0;625.0;891.0;903.0;937.0;786.4;141.7
17;21;7;622.0;625.5;869.0;906.5;926.0;783.0;138.5
17;22;7;624.0;631.5;769.0;835.5;879.0;743.7;106.3
17;23;7;625.0;632.0;802.0;808.5;826.0;733.4;90.2
17;24;7;625.0;632.0;790.0;797.5;803.0;725.3;82.9
17;25;7;621.0;628.5;738.0;744.0;754.0;694.0;59.2
17;26;7;613.0;624.5;728.0;743.0;765.0;691.6;62.5
17;27;7;625.0;632.0;726.0;762.5;773.0;701.9;64.1
17;28;7;618.0;624.5;698.0;705.5;721.0;671.0;42.9
17;29;7;610.0;617.0;692.0;695.5;717.0;663.4;42.9
17;30;7;621.0;621.5;696.0;699.0;705.0;666.1;38.9
17;31;7;626.0;628.5;695.0;726.5;735.0;680.9;47.5
17;32;7;612.0;629.0;686.0;696.0;702.0;664.3;36.3
17;33;7;616.0;624.0;680.0;689.5;719.0;663.1;38.1
17;34;7;617.0;619.5;656.0;669.0;677.0;646.7;25.1
17;35;7;614.0;627.5;654.0;657.5;660.0;642.6;17.6
17;36;7;610.0;614.0;637.0;646.0;649.0;630.9;16.3
17;37;7;618.0;624.0;648.0;650.0;651.0;637.9;13.9
17;38;7;610.0;612.0;630.0;637.5;645.0;626.3;13.6
17;39;7;610.0;616.0;620.0;643.0;648.0;628.0;14.9
17;40;7;610.0;611.0;612.0;612.0;612.0;611.4;0.9
17;41;7;610.0;610.5;612.0;612.5;648.0;616.6;12.9
17;42;7;610.0;611.0;612.0;671.5;714.0;643.0;39.9
17;43;7;610.0;610.0;610.0;612.0;612.0;610.9;1.0
17;44;7;610.0;610.0;610.0;610.0;612.0;610.3;0.7
17;45;7;610.0;610.0;610.0;610.0;610.0;610.0;0.0
17;46;7;610.0;610.0;610.0;610.0;610.0;610.0;0.0
17;47;7;610.0;610.0;610.0;610.0;610.0;610.0;0.0
17;48;7;610.0;610.0;610.0;610.0;610.0;610.0;0.0
17;49;7;610.0;610.0;610.0;610.0;610.0;610.0;0.0
17;50;7;610.0;610.0;610.0;610.0;610.0;610.0;0.0
17;51;7;610.0;610.0;610.0;610.0;610.0;610.0;0.0
17;52;7;610.0;610.0;610.0;610.0;610.0;610.0;0.0
17;53;7;610.0;610.0;610.0;610.0;610.0;610.0;0.0
17;54;7;610.0;610.0;610.0;610.0;610.0;610.0;0.0
17;55;7;610.0;610.0;610.0;610.0;610.0;610.0;0.0
17;56;7;610.0;610.0;610.0;610.0;610.0;610.0;0.0
17;57;7;610.0;610.0;610.0;610.0;610.0;610.0;0.0
17;58;7;610.0;610.0;610.0;610.0;610.0;610.0;0.0
17;59;7;610.0;610.0;610.0;610.0;610.0;610.0;0.0
17;60;7;610.0;610.0;610.0;610.0;610.0;610.0;0.0
17;61;7;610.0;610.0;610.0;610.0;610.0;610.0;0.0
17;62;7;610.0;610.0;610.0;610.0;610.0;610.0;0.0
17;63;7;610.0;610.0;610.0;610.0;610.0;610.0;0.0
17;64;7;610.0;610.0;610.0;610.0;610.0;610.0;0.0
17;65;7;610.0;610.0;610.0;610.0;610.0;610.0;0.0
17;66;7;610.0;610.0;610.0;610.0;610.0;610.0;0.0
17;67;7;610.0;610.0;610.0;610.0;610.0;610.0;0.0
17;68;7;610.0;610.0;610.0;610.0;610.0;610.0;0.0
17;69;7;610.0;610.0;610.0;610.0;610.0;610.0;0.0
17;70;7;610.0;610.0;610.0;610.0;610.0;610.0;0.0
17;71;7;610.0;610.0;610.0;610.0;610.0;610.0;0.0
17;72;7;610.0;610.0;610.0;610.0;610.0;610.0;0.0
17;73;7;610.0;610.0;610.0;610.0;610.0;610.0;0.0
17;74;7;610.0;610.0;610.0;610.0;610.0;610.0;0.0
17;75;7;625.0;628.0;632.0;773.0;933.0;713.1;132.0
17;76;7;611.0;611.0;621.0;738.0;860.0;684.3;108.4
17;77;7;611.0;612.5;615.0;729.0;839.0;678.3;95.4
17;78;7;611.0;617.5;630.0;722.0;828.0;678.3;88.3
17;79;7;610.0;613.0;617.0;716.0;816.0;671.6;90.5
17;80;7;610.0;610.5;612.0;686.5;786.0;657.4;73.4
17;81;7;610.0;610.0;623.0;667.0;714.0;643.0;42.9
17;82;7;610.0;610.0;610.0;610.0;614.0;610.6;1.4
17;83;7;610.0;610.0;610.0;610.0;610.0;610.0;0.0
17;84;7;610.0;610.0;610.0;610.0;610.0;610.0;0.0
17;85;7;610.0;610.0;610.0;610.0;610.0;610.0;0.0
17;86;7;610.0;610.0;610.0;610.0;610.0;610.0;0.0
17;87;7;610.0;610.0;610.0;610.0;610.0;610.0;0.0
17;88;7;610.0;610.0;610.0;610.0;610.0;610.0;0.0
17;89;7;610.0;610.0;610.0;610.0;610.0;610.0;0.0
17;90;7;610.0;610.0;610.0;610.0;610.0;610.0;0.0
17;91;7;610.0;610.0;610.0;610.0;610.0;610.0;0.0
17;92;7;610.0;610.0;610.0;610.0;610.0;610.0;0.0
17;93;7;610.0;610.0;610.0;610.0;610.0;610.0;0.0
17;94;7;610.0;610.0;610.0;610.0;610.0;610.0;0.0
17;95;7;610.0;610.0;610.0;610.0;610.0;610.0;0.0
17;96;7;610.0;610.0;610.0;610.0;610.0;610.0;0.0
17;97;7;610.0;610.0;610.0;610.0;610.0;610.0;0.0
17;98;7;610.0;610.0;610.0;610.0;610.0;610.0;0.0
17;99;7;610.0;610.0;610.0;610.0;610.0;610.0;0.0
18;0;7;682.0;920.0;1195.0;1202.5;1216.0;1048.3;227.7
18;1;7;668.0;924.0;1175.0;1188.5;1201.0;1038.4;227.2
18;2;7;731.0;933.0;1133.0;1167.5;1183.0;1035.4;191.3
18;3;7;756.0;983.0;1165.0;1169.0;1177.0;1057.4;173.7
18;4;7;662.0;883.5;1120.0;1158.0;1196.0;1008.7;218.2
18;5;7;708.0;948.0;1136.0;1149.5;1162.0;1028.7;186.3
18;6;7;726.0;946.5;1169.0;1173.5;1179.0;1044.9;197.4
18;7;7;669.0;914.5;1130.0;1145.0;1159.0;1011.0;204.9
18;8;7;701.0;897.0;1112.0;1126.0;1143.0;1000.3;187.3
18;9;7;728.0;944.5;1146.0;1162.5;1168.0;1036.6;181.5
18;10;7;674.0;927.5;1141.0;1144.0;1152.0;1015.7;203.8
18;11;7;673.0;971.5;1169.0;1175.0;1181.0;1045.1;200.0
18;12;7;630.0;846.5;1100.0;1105.0;1117.0;964.3;208.6
18;13;7;633.0;804.0;1026.0;1037.5;1105.0;921.0;177.9
18;14;7;646.0;673.5;1050.0;1113.5;1134.0;914.9;218.6
18;15;7;641.0;675.5;1023.0;1049.5;1062.0;882.3;189.9
18;16;7;621.0;670.0;1063.0;1073.0;1085.0;893.6;208.8
18;17;7;633.0;680.5;1002.0;1058.5;1064.0;882.4;191.4
18;18;7;632.0;651.0;969.0;993.0;1010.0;842.7;172.2
18;19;7;622.0;628.5;874.0;885.0;894.0;773.9;127.9
18;20;7;615.0;625.5;893.0;902.0;943.0;786.6;143.4
18;21;7;622.0;630.5;882.0;908.0;953.0;790.6;142.8
18;22;7;624.0;625.0;843.0;857.0;870.0;757.3;115.1
18;23;7;618.0;634.5;864.0;870.5;874.0;766.6;119.4
18;24;7;614.0;626.0;728.0;749.5;784.0;696.7;66.6
18;25;7;623.0;631.0;715.0;779.5;783.0;706.0;70.7
18;26;7;616.0;625.0;732.0;742.5;748.0;690.1;59.3
18;27;7;618.0;630.5;739.0;752.5;761.0;697.7;62.3
18;28;7;614.0;622.5;692.0;704.0;705.0;666.3;40.7
18;29;7;616.0;629.0;673.0;710.0;713.0;668.6;40.3
18;30;7;620.0;625.5;688.0;691.5;706.0;664.0;35.4
18;31;7;616.0;623.0;667.0;679.5;686.0;653.4;29.0
18;32;7;614.0;616.5;693.0;705.0;713.0;666.1;44.1
18;33;7;614.0;625.0;656.0;689.0;703.0;657.3;34.9
18;34;7;614.0;614.0;618.0;618.0;618.0;616.3;2.0
18;35;7;614.0;614.0;618.0;618.0;618.0;616.3;2.0
18;36;7;614.0;614.0;614.0;614.0;614.0;614.0;0.0
18;37;7;614.0;614.0;614.0;614.0;614.0;614.0;0.0
18;38;7;614.0;614.0;614.0;614.0;614.0;614.0;0.0
18;39;7;614.0;614.0;614.0;614.0;614.0;614.0;0.0
18;40;7;614.0;614.0;614.0;614.0;614.0;614.0;0.0
18;41;7;614.0;614.0;614.0;614.0;614.0;614.0;0.0
18;42;7;614.0;614.0;614.0;614.0;614.0;614.0;0.0
18;43;7;614.0;614.0;614.0;614.0;614.0;614.0;0.0
18;44;7;614.0;614.0;614.0;614.0;614.0;614.0;0.0
18;45;7;614.0;614.0;614.0;614.0;614.0;614.0;0.0
18;46;7;614.0;614.0;614.0;614.0;614.0;614.0;0.0
18;47;7;614.0;614.0;614.0;614.0;614.0;614.0;0.0
18;48;7;614.0;614.0;614.0;614.0;614.0;614.0;0.0
18;49;7;614.0;614.0;614.0;614.0;614.0;614.0;0.0
18;50;7;614.0;614.0;614.0;614.0;614.0;614.0;0.0
18;51;7;614.0;614.0;614.0;614.0;614.0;614.0;0.0
18;52;7;614.0;614.0;614.0;614.0;614.0;614.0;0.0
18;53;7;614.0;614.0;614.0;614.0;614.0;614.0;0.0
18;54;7;614.0;614.0;614.0;614.0;614.0;614.0;0.0
18;55;7;614.0;614.0;614.0;614.0;614.0;614.0;0.0
18;56;7;614.0;614.0;614.0;614.0;614.0;614.0;0.0
18;57;7;614.0;614.0;614.0;614.0;614.0;614.0;0.0
18;58;7;614.0;614.0;614.0;614.0;614.0;614.0;0.0
18;59;7;614.0;614.0;614.0;614.0;614.0;614.0;0.0
18;60;7;614.0;614.0;614.0;614.0;614.0;614.0;0.0
18;61;7;614.0;614.0;614.0;614.0;614.0;614.0;0.0
18;62;7;614.0;614.0;614.0;614.0;614.0;614.0;0.0
18;63;7;614.0;614.0;614.0;614.0;614.0;614.0;0.0
18;64;7;614.0;614.0;614.0;614.0;614.0;614.0;0.0
18;65;7;614.0;614.0;614.0;614.0;614.0;614.0;0.0
18;66;7;618.0;627.5;650.0;778.5;907.0;712.4;121.5
18;67;7;619.0;633.0;633.0;796.0;959.0;724.1;146.4
18;68;7;614.0;623.5;631.0;776.0;922.0;709.4;133.6
18;69;7;628.0;634.0;640.0;760.5;889.0;706.6;112.9
18;70;7;621.0;625.5;633.0;722.5;867.0;688.1;96.7
18;71;7;614.0;625.5;635.0;717.5;834.0;681.3;85.8
18;72;7;611.0;618.0;622.0;695.0;796.0;665.0;72.1
18;73;7;610.0;613.0;617.0;687.0;753.0;654.3;59.9
18;74;7;616.0;622.0;631.0;684.5;753.0;659.0;51.6
18;75;7;609.0;613.5;615.0;666.5;724.0;644.0;48.2
18;76;7;610.0;610.5;622.0;663.5;727.0;643.9;44.2
18;77;7;610.0;612.0;631.0;646.0;684.0;634.4;26.2
18;78;7;610.0;610.0;610.0;632.0;654.0;622.6;19.9
18;79;7;610.0;610.0;610.0;632.0;654.0;622.6;19.9
18;80;7;610.0;610.0;620.0;639.0;654.0;626.0;18.4
18;81;7;609.0;613.0;616.0;675.5;725.0;646.7;49.5
18;82;7;610.0;610.0;610.0;675.5;724.0;645.0;50.0
18;83;7;608.0;610.0;610.0;672.0;724.0;643.7;50.9
18;84;7;609.0;610.0;610.0;662.5;707.0;638.7;43.0
18;85;7;610.0;615.0;627.0;675.5;726.0;649.1;48.4
18;86;7;610.0;610.0;610.0;610.0;610.0;610.0;0.0
18;87;7;610.0;610.0;610.0;610.0;610.0;610.0;0.0
18;88;7;610.0;610.0;610.0;610.0;610.0;610.0;0.0
18;89;7;610.0;610.0;610.0;610.0;610.0;610.0;0.0
18;90;7;610.0;610.0;610.0;610.0;610.0;610.0;0.0
18;91;7;610.0;610.0;610.0;610.0;610.0;610.0;0.0
18;92;7;610.0;610.0;610.0;610.0;610.0;610.0;0.0
18;93;7;610.0;610.0;610.0;610.0;610.0;610.0;0.0
18;94;7;610.0;610.0;610.0;610.0;610.0;610.0;0.0
18;95;7;610.0;610.0;610.0;610.0;610.0;610.0;0.0
18;96;7;610.0;610.0;610.0;610.0;610.0;610.0;0.0
18;97;7;610.0;610.0;610.0;610.0;610.0;610.0;0.0
18;98;7;610.0;610.0;610.0;610.0;610.0;610.0;0.0
18;99;7;610.0;610.0;610.0;610.0;610.0;610.0;0.0
19;0;7;767.0;981.0;1223.0;1234.0;1247.0;1095.3;202.2
19;1;7;708.0;967.0;1160.0;1169.0;1182.0;1046.0;188.6
19;2;7;668.0;887.5;1140.0;1143.5;1149.0;1002.7;209.2
19;3;7;727.0;963.0;1155.0;1157.5;1165.0;1041.1;184.6
19;4;7;697.0;925.0;1135.0;1142.5;1166.0;1019.0;189.4
19;5;7;643.0;980.0;1196.0;1205.5;1213.0;1060.4;228.1
19;6;7;714.0;972.5;1169.0;1184.0;1197.0;1056.1;195.5
19;7;7;709.0;965.0;1166.0;1177.5;1198.0;1051.1;199.8
19;8;7;676.0;943.5;1180.0;1190.5;1192.0;1045.1;218.0
19;9;7;682.0;918.0;1147.0;1168.0;1205.0;1029.4;214.1
19;10;7;720.0;910.5;1106.0;1123.5;1128.0;1003.1;168.9
19;11;7;645.0;875.5;1120.0;1133.5;1146.0;989.9;204.8
19;12;7;660.0;877.5;1074.0;1088.5;1099.0;966.4;180.3
19;13;7;645.0;825.0;1057.0;1072.0;1082.0;939.7;186.2
19;14;7;638.0;668.0;1064.0;1078.0;1091.0;897.9;208.6
19;15;7;627.0;658.0;983.0;996.0;1005.0;846.1;172.4
19;16;7;626.0;635.0;1073.0;1081.0;1091.0;888.9;222.5
19;17;7;633.0;654.0;1026.0;1039.0;1044.0;869.9;193.3
19;18;7;620.0;635.5;866.0;918.5;996.0;798.6;150.0
19;19;7;620.0;632.5;960.0;982.5;990.0;828.6;173.7
19;20;7;621.0;624.0;895.0;906.0;918.0;784.9;140.4
19;21;7;621.0;642.0;862.0;875.5;904.0;774.6;122.1
19;22;7;615.0;622.0;841.0;884.5;903.0;767.4;129.2
19;23;7;629.0;633.5;863.0;865.5;871.0;765.9;116.0
19;24;7;609.0;620.5;745.0;790.5;807.0;711.9;84.3
19;25;7;621.0;626.5;771.0;795.5;810.0;720.9;84.4
19;26;7;619.0;631.0;781.0;789.5;804.0;720.7;81.6
19;27;7;614.0;623.5;774.0;788.0;801.0;716.0;83.4
19;28;7;626.0;629.5;771.0;772.5;779.0;711.4;72.0
19;29;7;616.0;617.5;704.0;710.5;723.0;671.3;47.3
19;30;7;622.0;628.5;679.0;684.0;693.0;659.9;29.4
19;31;7;613.0;618.0;716.0;722.5;727.0;676.7;52.4
19;32;7;617.0;621.0;685.0;699.0;721.0;666.1;41.6
19;33;7;614.0;626.5;655.0;661.5;682.0;646.7;23.5
19;34;7;620.0;628.5;665.0;668.5;682.0;651.6;23.3
19;35;7;613.0;621.5;631.0;640.0;651.0;631.1;13.2
19;36;7;613.0;630.0;630.0;631.0;633.0;628.3;6.3
19;37;7;613.0;613.0;629.0;629.0;629.0;622.1;7.9
19;38;7;613.0;629.5;634.0;651.5;652.0;637.3;13.9
19;39;7;613.0;629.0;630.0;630.0;630.0;627.3;5.8
19;40;7;613.0;621.0;630.0;630.0;630.0;625.0;7.6
19;41;7;613.0;613.0;619.0;629.0;630.0;620.9;7.6
19;42;7;613.0;613.0;630.0;630.0;631.0;622.9;8.5
19;43;7;613.0;613.0;613.0;613.0;613.0;613.0;0.0
19;44;7;613.0;613.0;613.0;613.0;613.0;613.0;0.0
19;45;7;613.0;613.0;613.0;613.0;613.0;613.0;0.0
19;46;7;613.0;613.0;613.0;613.0;613.0;613.0;0.0
19;47;7;613.0;613.0;613.0;613.0;613.0;613.0;0.0
19;48;7;613.0;613.0;613.0;613.0;613.0;613.0;0.0
19;49;7;613.0;613.0;613.0;613.0;613.0;613.0;0.0
19;50;7;613.0;613.0;613.0;613.0;613.0;613.0;0.0
19;51;7;613.0;613.0;613.0;613.0;613.0;613.0;0.0
19;52;7;613.0;613.0;613.0;613.0;613.0;613.0;0.0
19;53;7;613.0;613.0;613.0;613.0;613.0;613.0;0.0
19;54;7;613.0;613.0;613.0;613.0;613.0;613.0;0.0
19;55;7;613.0;613.0;613.0;613.0;613.0;613.0;0.0
19;56;7;613.0;613.0;613.0;613.0;613.0;613.0;0.0
19;57;7;613.0;613.0;613.0;613.0;613.0;613.0;0.0
19;58;7;613.0;613.0;613.0;613.0;613.0;613.0;0.0
19;59;7;613.0;613.0;613.0;613.0;613.0;613.0;0.0
19;60;7;613.0;613.0;613.0;613.0;613.0;613.0;0.0
19;61;7;613.0;613.0;613.0;613.0;613.0;613.0;0.0
19;62;7;613.0;613.0;613.0;613.0;613.0;613.0;0.0
19;63;7;613.0;613.0;613.0;613.0;613.0;613.0;0.0
19;64;7;613.0;613.0;613.0;613.0;613.0;613.0;0.0
19;65;7;613.0;613.0;613.0;613.0;613.0;613.0;0.0
19;66;7;613.0;613.0;613.0;613.0;613.0;613.0;0.0
19;67;7;613.0;613.0;613.0;613.0;613.0;613.0;0.0
19;68;7;613.0;613.0;613.0;613.0;613.0;613.0;0.0
19;69;7;613.0;613.0;613.0;613.0;613.0;613.0;0.0
19;70;7;628.0;639.0;656.0;817.0;985.0;740.1;149.5
19;71;7;620.0;622.0;626.0;752.0;879.0;696.1;114.7
19;72;7;613.0;628.5;631.0;788.5;946.0;717.7;143.0
19;73;7;621.0;624.0;626.0;774.0;925.0;709.7;134.6
19;74;7;617.0;622.5;628.0;755.0;877.0;696.7;112.3
19;75;7;611.0;614.5;626.0;728.5;827.0;678.6;92.9
19;76;7;619.0;626.0;628.0;696.0;805.0;670.9;70.2
19;77;7;608.0;614.5;625.0;705.5;804.0;668.1;78.1
19;78;7;622.0;630.0;634.0;663.5;697.0;648.6;29.4
19;79;7;609.0;617.5;623.0;669.5;706.0;644.6;37.8
19;80;7;614.0;624.5;630.0;670.5;752.0;655.1;49.5
19;81;7;610.0;629.5;634.0;636.5;708.0;640.6;28.8
19;82;7;618.0;627.0;628.0;635.0;663.0;633.3;13.3
19;83;7;613.0;627.0;627.0;628.0;646.0;628.0;8.9
19;84;7;613.0;620.0;627.0;627.0;632.0;623.7;7.0
19;85;7;613.0;627.0;630.0;631.0;632.0;627.3;6.1
19;86;7;614.0;627.0;627.0;629.5;632.0;626.6;5.6
19;87;7;627.0;627.0;627.0;631.0;632.0;628.9;2.2
19;88;7;627.0;627.0;627.0;631.0;632.0;628.9;2.2
19;89;7;613.0;627.0;630.0;630.0;632.0;627.0;6.0
19;90;7;627.0;627.0;630.0;630.0;632.0;629.0;1.9
19;91;7;627.0;628.5;630.0;630.0;632.0;629.4;1.7
19;92;7;630.0;630.0;630.0;630.0;630.0;630.0;0.0
19;93;7;630.0;630.0;630.0;630.0;630.0;630.0;0.0
19;94;7;630.0;630.0;630.0;630.0;630.0;630.0;0.0
19;95;7;630.0;630.0;630.0;630.0;630.0;630.0;0.0
19;96;7;630.0;630.0;630.0;630.0;630.0;630.0;0.0
19;97;7;630.0;630.0;630.0;630.0;630.0;630.0;0.0
19;98;7;630.0;630.0;630.0;630.0;630.0;630.0;0.0
19;99;7;630.0;630.0;630.0;630.0;630.0;630.0;0.0
20;0;7;659.0;903.0;1158.0;1180.0;1204.0;1026.7;219.8
20;1;7;661.0;951.5;1178.0;1200.0;1219.0;1051.6;223.1
20;2;7;725.0;937.5;1113.0;1118.5;1145.0;1013.6;170.8
20;3;7;694.0;983.0;1224.0;1236.5;1257.0;1087.7;220.4
20;4;7;770.0;974.0;1170.0;1185.5;1197.0;1065.1;182.9
20;5;7;720.0;928.5;1159.0;1177.5;1194.0;1040.7;202.9
20;6;7;677.0;909.0;1135.0;1165.5;1194.0;1022.1;206.7
20;7;7;710.0;932.0;1146.0;1159.5;1163.0;1028.9;198.3
20;8;7;717.0;936.5;1163.0;1188.5;1208.0;1048.3;209.8
20;9;7;662.0;879.0;1118.0;1125.5;1132.0;988.7;203.7
20;10;7;703.0;894.0;1123.0;1133.0;1138.0;1002.6;185.5
20;11;7;628.0;873.0;1096.0;1176.5;1194.0;1002.4;229.6
20;12;7;635.0;855.5;1052.0;1106.0;1118.0;961.1;194.6
20;13;7;663.0;913.0;1110.0;1122.0;1132.0;996.4;190.9
20;14;7;636.0;661.0;1041.0;1042.5;1054.0;876.9;194.4
20;15;7;647.0;657.0;988.0;1012.5;1029.0;857.6;177.0
20;16;7;636.0;669.5;1050.0;1058.5;1061.0;886.1;198.3
20;17;7;622.0;650.0;967.0;996.5;1009.0;841.6;174.9
20;18;7;632.0;634.0;918.0;941.0;1000.0;814.3;158.4
20;19;7;618.0;637.0;869.0;918.0;948.0;792.1;142.2
20;20;7;626.0;630.5;913.0;928.5;962.0;802.7;151.1
20;21;7;632.0;636.5;951.0;964.0;984.0;824.0;164.0
20;22;7;627.0;634.0;925.0;926.5;933.0;800.9;146.6
20;23;7;622.0;632.5;872.0;893.5;917.0;780.4;132.0
20;24;7;614.0;624.5;827.0;841.5;877.0;750.0;112.7
20;25;7;620.0;629.5;771.0;807.0;825.0;727.0;88.8
20;26;7;619.0;626.0;767.0;783.5;798.0;714.7;79.5
20;27;7;610.0;634.5;786.0;798.0;816.0;725.3;86.5
20;28;7;622.0;640.5;771.0;787.5;788.0;719.6;74.3
20;29;7;613.0;628.0;710.0;727.0;744.0;682.4;52.7
20;30;7;617.0;619.0;694.0;709.5;738.0;672.3;48.3
20;31;7;610.0;617.5;682.0;689.5;708.0;659.1;39.0
20;32;7;610.0;610.0;686.0;693.0;693.0;656.4;40.3
20;33;7;610.0;619.0;664.0;670.5;687.0;648.6;29.5
20;34;7;610.0;610.0;650.0;655.0;662.0;636.0;22.8
20;35;7;610.0;610.0;610.0;610.0;610.0;610.0;0.0
20;36;7;610.0;610.0;610.0;610.0;610.0;610.0;0.0
20;37;7;610.0;610.0;610.0;610.0;610.0;610.0;0.0
20;38;7;610.0;610.0;610.0;610.0;610.0;610.0;0.0
20;39;7;610.0;610.0;610.0;610.0;610.0;610.0;0.0
20;40;7;610.0;610.0;610.0;610.0;610.0;610.0;0.0
20;41;7;610.0;610.0;610.0;610.0;610.0;610.0;0.0
20;42;7;610.0;610.0;610.0;610.0;610.0;610.0;0.0
20;43;7;610.0;610.0;610.0;610.0;610.0;610.0;0.0
20;44;7;610.0;610.0;610.0;610.0;610.0;610.0;0.0
20;45;7;610.0;610.0;610.0;610.0;610.0;610.0;0.0
20;46;7;610.0;610.0;610.0;610.0;610.0;610.0;0.0
20;47;7;610.0;610.0;610.0;610.0;610.0;610.0;0.0
20;48;7;610.0;610.0;610.0;610.0;610.0;610.0;0.0
20;49;7;610.0;610.0;610.0;610.0;610.0;610.0;0.0
20;50;7;610.0;610.0;610.0;610.0;610.0;610.0;0.0
20;51;7;610.0;610.0;610.0;610.0;610.0;610.0;0.0
20;52;7;610.0;610.0;610.0;610.0;610.0;610.0;0.0
20;53;7;610.0;610.0;610.0;610.0;610.0;610.0;0.0
20;54;7;610.0;610.0;610.0;610.0;610.0;610.0;0.0
20;55;7;610.0;610.0;610.0;610.0;610.0;610.0;0.0
20;56;7;610.0;610.0;610.0;610.0;610.0;610.0;0.0
20;57;7;610.0;610.0;610.0;610.0;610.0;610.0;0.0
20;58;7;610.0;610.0;610.0;610.0;610.0;610.0;0.0
20;59;7;610.0;610.0;610.0;610.0;610.0;610.0;0.0
20;60;7;610.0;610.0;610.0;610.0;610.0;610.0;0.0
20;61;7;610.0;610.0;610.0;610.0;610.0;610.0;0.0
20;62;7;610.0;610.0;610.0;610.0;610.0;610.0;0.0
20;63;7;610.0;610.0;610.0;610.0;610.0;610.0;0.0
20;64;7;610.0;610.0;610.0;610.0;610.0;610.0;0.0
20;65;7;610.0;610.0;610.0;610.0;610.0;610.0;0.0
20;66;7;610.0;610.0;610.0;610.0;610.0;610.0;0.0
20;67;7;610.0;610.0;610.0;610.0;610.0;610.0;0.0
20;68;7;610.0;610.0;610.0;610.0;610.0;610.0;0.0
20;69;7;610.0;610.0;610.0;610.0;610.0;610.0;0.0
20;70;7;610.0;610.0;610.0;610.0;610.0;610.0;0.0
20;71;7;610.0;610.0;610.0;610.0;610.0;610.0;0.0
20;72;7;610.0;610.0;610.0;610.0;610.0;610.0;0.0
20;73;7;615.0;630.0;632.0;766.5;915.0;707.9;125.3
20;74;7;610.0;618.5;632.0;760.0;899.0;699.7;120.8
20;75;7;612.0;625.0;633.0;793.0;923.0;714.9;131.6
20;76;7;618.0;620.5;623.0;728.5;858.0;685.3;99.3
20;77;7;610.0;613.5;618.0;703.0;786.0;663.9;75.5
20;78;7;610.0;620.5;626.0;697.5;771.0;663.3;66.5
20;79;7;610.0;610.0;610.0;659.0;720.0;639.7;47.1
20;80;7;610.0;610.0;610.0;650.5;686.0;632.4;33.6
20;81;7;610.0;610.0;610.0;638.0;667.0;626.1;25.5
20;82;7;610.0;610.0;610.0;610.0;610.0;610.0;0.0
20;83;7;610.0;610.0;610.0;610.0;610.0;610.0;0.0
20;84;7;610.0;610.0;610.0;610.0;610.0;610.0;0.0
20;85;7;610.0;610.0;610.0;610.0;610.0;610.0;0.0
20;86;7;610.0;610.0;610.0;610.0;610.0;610.0;0.0
20;87;7;610.0;610.0;610.0;610.0;610.0;610.0;0.0
20;88;7;610.0;610.0;610.0;610.0;610.0;610.0;0.0
20;89;7;610.0;610.0;610.0;610.0;610.0;610.0;0.0
20;90;7;610.0;610.0;610.0;610.0;610.0;610.0;0.0
20;91;7;610.0;610.0;610.0;610.0;610.0;610.0;0.0
20;92;7;610.0;610.0;610.0;610.0;610.0;610.0;0.0
20;93;7;610.0;610.0;610.0;610.0;610.0;610.0;0.0
20;94;7;610.0;610.0;610.0;610.0;610.0;610.0;0.0
20;95;7;610.0;610.0;610.0;610.0;610.0;610.0;0.0
20;96;7;610.0;610.0;610.0;610.0;610.0;610.0;0.0
20;97;7;610.0;610.0;610.0;610.0;610.0;610.0;0.0
20;98;7;610.0;610.0;610.0;610.0;610.0;610.0;0.0
20;99;7;610.0;610.0;610.0;610.0;610.0;610.0;0.0
21;0;7;719.0;937.0;1153.0;1157.0;1180.0;1034.3;191.2
21;1;7;740.0;938.5;1137.0;1167.5;1197.0;1040.9;190.6
21;2;7;756.0;973.0;1165.0;1178.5;1197.0;1060.1;183.1
21;3;7;672.0;951.5;1162.0;1174.5;1191.0;1039.6;209.1
21;4;7;692.0;925.0;1131.0;1141.0;1152.0;1015.3;192.1
21;5;7;686.0;920.0;1156.0;1171.5;1182.0;1029.6;214.8
21;6;7;688.0;869.5;1085.0;1113.0;1141.0;982.7;188.3
21;7;7;656.0;917.5;1132.0;1142.5;1169.0;1011.0;209.2
21;8;7;656.0;903.0;1138.0;1150.5;1165.0;1009.4;219.6
21;9;7;633.0;841.5;1048.0;1091.0;1128.0;953.4;201.1
21;10;7;695.0;907.0;1108.0;1129.0;1133.0;1001.1;187.7
21;11;7;690.0;921.0;1126.0;1149.5;1171.0;1018.3;193.6
21;12;7;659.0;926.0;1123.0;1138.5;1156.0;1009.6;198.3
21;13;7;650.0;879.0;1086.0;1117.0;1142.0;981.4;201.5
21;14;7;657.0;682.5;1031.0;1074.5;1082.0;897.7;194.9
21;15;7;624.0;687.5;1040.0;1057.5;1061.0;887.9;193.0
21;16;7;624.0;664.5;1068.0;1107.5;1116.0;907.4;223.2
21;17;7;634.0;657.5;992.0;1026.5;1030.0;860.6;183.5
21;18;7;619.0;657.5;1006.0;1032.5;1059.0;866.3;193.2
21;19;7;623.0;650.5;979.0;1001.0;1036.0;848.7;180.7
21;20;7;626.0;629.0;850.0;879.0;937.0;775.6;130.6
21;21;7;626.0;634.0;926.0;933.5;943.0;804.3;149.9
21;22;7;626.0;634.0;823.0;868.0;885.0;762.6;115.1
21;23;7;616.0;627.0;809.0;821.0;835.0;736.6;98.6
21;24;7;617.0;636.0;814.0;827.0;851.0;744.0;99.7
21;25;7;619.0;630.0;796.0;807.5;865.0;736.4;97.7
21;26;7;616.0;630.0;792.0;799.0;815.0;725.9;87.4
21;27;7;610.0;620.0;711.0;754.5;762.0;690.3;65.7
21;28;7;610.0;619.0;717.0;738.5;748.0;684.3;60.1
21;29;7;612.0;618.0;670.0;686.5;700.0;655.9;35.7
21;30;7;610.0;627.5;675.0;679.5;735.0;662.0;40.2
21;31;7;610.0;619.0;676.0;680.0;683.0;652.4;32.0
21;32;7;610.0;611.0;646.0;653.0;658.0;634.6;21.1
21;33;7;610.0;610.0;610.0;610.0;610.0;610.0;0.0
21;34;7;610.0;610.0;610.0;610.0;610.0;610.0;0.0
21;35;7;610.0;610.0;610.0;610.0;610.0;610.0;0.0
21;36;7;610.0;610.0;610.0;610.0;610.0;610.0;0.0
21;37;7;610.0;610.0;610.0;610.0;610.0;610.0;0.0
21;38;7;610.0;610.0;610.0;610.0;610.0;610.0;0.0
21;39;7;610.0;610.0;610.0;610.0;610.0;610.0;0.0
21;40;7;610.0;610.0;610.0;610.0;610.0;610.0;0.0
21;41;7;610.0;610.0;610.0;610.0;610.0;610.0;0.0
21;42;7;610.0;610.0;610.0;610.0;610.0;610.0;0.0
21;43;7;610.0;610.0;610.0;610.0;610.0;610.0;0.0
21;44;7;610.0;610.0;610.0;610.0;610.0;610.0;0.0
21;45;7;610.0;610.0;610.0;610.0;610.0;610.0;0.0
21;46;7;610.0;610.0;610.0;610.0;610.0;610.0;0.0
21;47;7;610.0;610.0;610.0;610.0;610.0;610.0;0.0
21;48;7;610.0;610.0;610.0;610.0;610.0;610.0;0.0
21;49;7;610.0;610.0;610.0;610.0;610.0;610.0;0.0
21;50;7;610.0;610.0;610.0;610.0;610.0;610.0;0.0
21;51;7;610.0;610.0;610.0;610.0;610.0;610.0;0.0
21;52;7;610.0;610.0;610.0;610.0;610.0;610.0;0.0
21;53;7;610.0;610.0;610.0;610.0;610.0;610.0;0.0
21;54;7;610.0;610.0;610.0;610.0;610.0;610.0;0.0
21;55;7;610.0;610.0;610.0;610.0;610.0;610.0;0.0
21;56;7;610.0;610.0;610.0;610.0;610.0;610.0;0.0
21;57;7;610.0;610.0;610.0;610.0;610.0;610.0;0.0
21;58;7;610.0;610.0;610.0;610.0;610.0;610.0;0.0
21;59;7;610.0;610.0;610.0;610.0;610.0;610.0;0.0
21;60;7;610.0;610.0;610.0;610.0;610.0;610.0;0.0
21;61;7;610.0;610.0;610.0;610.0;610.0;610.0;0.0
21;62;7;610.0;610.0;610.0;610.0;610.0;610.0;0.0
21;63;7;610.0;610.0;610.0;610.0;610.0;610.0;0.0
21;64;7;610.0;610.0;610.0;610.0;610.0;610.0;0.0
21;65;7;610.0;610.0;610.0;610.0;610.0;610.0;0.0
21;66;7;610.0;610.0;610.0;610.0;610.0;610.0;0.0
21;67;7;610.0;610.0;610.0;610.0;610.0;610.0;0.0
21;68;7;610.0;610.0;610.0;610.0;610.0;610.0;0.0
21;69;7;610.0;610.0;610.0;610.0;610.0;610.0;0.0
21;70;7;610.0;610.0;610.0;610.0;610.0;610.0;0.0
21;71;7;610.0;610.0;610.0;610.0;610.0;610.0;0.0
21;72;7;610.0;610.0;610.0;610.0;610.0;610.0;0.0
21;73;7;613.0;618.5;624.0;802.0;983.0;723.0;161.7
21;74;7;619.0;623.5;626.0;753.5;900.0;699.9;118.3
21;75;7;613.0;619.5;629.0;717.0;820.0;676.4;85.2
21;76;7;608.0;619.5;626.0;720.5;830.0;677.7;87.7
21;77;7;615.0;620.0;622.0;734.5;849.0;685.0;101.3
21;78;7;611.0;621.5;637.0;741.5;833.0;686.7;92.5
21;79;7;609.0;623.0;633.0;717.0;806.0;675.4;81.4
21;80;7;610.0;611.0;617.0;676.5;764.0;652.3;60.2
21;81;7;608.0;608.5;621.0;714.5;812.0;669.6;87.5
21;82;7;610.0;610.0;610.0;643.0;684.0;630.0;29.5
21;83;7;610.0;610.0;610.0;610.0;682.0;620.3;25.2
21;84;7;610.0;610.0;610.0;610.0;610.0;610.0;0.0
21;85;7;610.0;610.0;610.0;610.0;610.0;610.0;0.0
21;86;7;610.0;610.0;610.0;610.0;610.0;610.0;0.0
21;87;7;610.0;610.0;610.0;610.0;610.0;610.0;0.0
21;88;7;610.0;610.0;610.0;610.0;610.0;610.0;0.0
21;89;7;610.0;610.0;610.0;610.0;610.0;610.0;0.0
21;90;7;610.0;610.0;610.0;610.0;610.0;610.0;0.0
21;91;7;610.0;610.0;610.0;610.0;610.0;610.0;0.0
21;92;7;610.0;610.0;610.0;610.0;610.0;610.0;0.0
21;93;7;610.0;610.0;610.0;610.0;610.0;610.0;0.0
21;94;7;610.0;610.0;610.0;610.0;610.0;610.0;0.0
21;95;7;610.0;610.0;610.0;610.0;610.0;610.0;0.0
21;96;7;610.0;610.0;610.0;610.0;610.0;610.0;0.0
21;97;7;610.0;610.0;610.0;610.0;610.0;610.0;0.0
21;98;7;610.0;610.0;610.0;610.0;610.0;610.0;0.0
21;99;7;610.0;610.0;610.0;610.0;610.0;610.0;0.0
22;0;7;676.0;966.5;1175.0;1187.0;1196.0;1050.6;209.2
22;1;7;686.0;925.5;1186.0;1190.0;1191.0;1042.0;225.0
22;2;7;690.0;945.0;1152.0;1163.0;1176.0;1033.4;201.4
22;3;7;740.0;946.5;1151.0;1160.0;1169.0;1039.0;184.6
22;4;7;645.0;909.0;1129.0;1141.5;1162.0;1005.3;212.0
22;5;7;680.0;922.0;1171.0;1187.0;1195.0;1037.7;220.0
22;6;7;689.0;934.0;1119.0;1145.5;1172.0;1019.9;184.2
22;7;7;681.0;918.0;1152.0;1183.5;1206.0;1034.6;219.9
22;8;7;651.0;859.0;1116.0;1133.0;1154.0;986.4;212.9
22;9;7;700.0;916.5;1093.0;1113.5;1148.0;1000.1;178.3
22;10;7;662.0;882.0;1101.0;1107.5;1118.0;980.0;192.8
22;11;7;643.0;930.0;1113.0;1133.5;1150.0;1004.7;195.7
22;12;7;650.0;862.5;1034.0;1077.5;1078.0;948.9;177.0
22;13;7;642.0;893.5;1112.0;1116.5;1122.0;985.1;203.0
22;14;7;629.0;652.5;1013.0;1043.5;1052.0;869.4;195.4
22;15;7;619.0;646.0;996.0;1031.0;1043.0;858.9;193.2
22;16;7;638.0;645.5;1015.0;1042.5;1054.0;869.0;196.0
22;17;7;635.0;655.5;1035.0;1054.0;1065.0;879.1;200.0
22;18;7;624.0;667.0;950.0;987.5;1005.0;841.1;165.4
22;19;7;628.0;635.0;925.0;945.5;961.0;810.7;154.6
22;20;7;612.0;626.5;872.0;885.5;887.0;770.7;129.3
22;21;7;627.0;631.5;907.0;913.0;965.0;798.3;146.8
22;22;7;620.0;634.5;858.0;899.0;903.0;778.3;129.6
22;23;7;612.0;623.5;822.0;834.0;846.0;742.1;106.4
22;24;7;624.0;634.5;767.0;812.5;821.0;729.4;86.9
22;25;7;620.0;623.5;823.0;837.5;847.0;744.6;106.1
22;26;7;613.0;624.0;673.0;706.5;721.0;666.9;42.8
22;27;7;616.0;621.5;728.0;753.0;756.0;692.7;63.9
22;28;7;622.0;632.0;703.0;711.0;722.0;676.1;41.7
22;29;7;612.0;623.5;672.0;683.5;708.0;658.0;35.3
22;30;7;611.0;616.5;673.0;686.0;695.0;654.9;35.4
22;31;7;611.0;621.5;685.0;692.0;700.0;660.4;37.1
22;32;7;610.0;613.5;658.0;679.5;690.0;649.1;33.2
22;33;7;611.0;611.0;642.0;644.0;681.0;634.9;24.1
22;34;7;611.0;611.0;612.0;614.0;614.0;612.4;1.4
22;35;7;611.0;611.0;611.0;611.0;611.0;611.0;0.0
22;36;7;611.0;611.0;611.0;611.0;611.0;611.0;0.0
22;37;7;611.0;611.0;611.0;611.0;611.0;611.0;0.0
22;38;7;611.0;611.0;611.0;611.0;611.0;611.0;0.0
22;39;7;611.0;611.0;611.0;611.0;611.0;611.0;0.0
22;40;7;611.0;611.0;611.0;611.0;611.0;611.0;0.0
22;41;7;611.0;611.0;611.0;611.0;611.0;611.0;0.0
22;42;7;611.0;611.0;611.0;611.0;611.0;611.0;0.0
22;43;7;611.0;611.0;611.0;611.0;611.0;611.0;0.0
22;44;7;611.0;611.0;611.0;611.0;611.0;611.0;0.0
22;45;7;611.0;611.0;611.0;611.0;611.0;611.0;0.0
22;46;7;611.0;611.0;611.0;611.0;611.0;611.0;0.0
22;47;7;611.0;611.0;611.0;611.0;611.0;611.0;0.0
22;48;7;611.0;611.0;611.0;611.0;611.0;611.0;0.0
22;49;7;611.0;611.0;611.0;611.0;611.0;611.0;0.0
22;50;7;611.0;611.0;611.0;611.0;611.0;611.0;0.0
22;51;7;611.0;611.0;611.0;611.0;611.0;611.0;0.0
22;52;7;611.0;611.0;611.0;611.0;611.0;611.0;0.0
22;53;7;611.0;611.0;611.0;611.0;611.0;611.0;0.0
22;54;7;611.0;611.0;611.0;611.0;611.0;611.0;0.0
22;55;7;611.0;611.0;611.0;611.0;611.0;611.0;0.0
22;56;7;611.0;611.0;611.0;611.0;611.0;611.0;0.0
22;57;7;611.0;611.0;611.0;611.0;611.0;611.0;0.0
22;58;7;611.0;611.0;611.0;611.0;611.0;611.0;0.0
22;59;7;611.0;611.0;611.0;611.0;611.0;611.0;0.0
22;60;7;611.0;611.0;611.0;611.0;611.0;611.0;0.0
22;61;7;611.0;611.0;611.0;611.0;611.0;611.0;0.0
22;62;7;611.0;611.0;611.0;611.0;611.0;611.0;0.0
22;63;7;611.0;611.0;611.0;611.0;611.0;611.0;0.0
22;64;7;611.0;611.0;611.0;611.0;611.0;611.0;0.0
22;65;7;611.0;611.0;611.0;611.0;611.0;611.0;0.0
22;66;7;611.0;611.0;611.0;611.0;611.0;611.0;0.0
22;67;7;611.0;611.0;611.0;611.0;611.0;611.0;0.0
22;68;7;611.0;611.0;611.0;611.0;611.0;611.0;0.0
22;69;7;611.0;611.0;611.0;611.0;611.0;611.0;0.0
22;70;7;611.0;611.0;611.0;611.0;611.0;611.0;0.0
22;71;7;611.0;611.0;611.0;611.0;611.0;611.0;0.0
22;72;7;611.0;611.0;611.0;611.0;611.0;611.0;0.0
22;73;7;611.0;611.0;611.0;611.0;611.0;611.0;0.0
22;74;7;611.0;611.0;611.0;611.0;611.0;611.0;0.0
22;75;7;611.0;611.0;611.0;611.0;611.0;611.0;0.0
22;76;7;611.0;611.0;611.0;611.0;611.0;611.0;0.0
22;77;7;611.0;611.0;611.0;611.0;611.0;611.0;0.0
22;78;7;611.0;617.5;639.0;778.0;914.0;707.9;129.9
22;79;7;609.0;619.5;628.0;778.0;947.0;711.3;140.7
22;80;7;611.0;623.0;632.0;746.5;869.0;693.0;107.0
22;81;7;618.0;625.5;632.0;736.0;836.0;687.0;93.5
22;82;7;611.0;615.5;628.0;734.0;832.0;681.4;95.3
22;83;7;609.0;613.0;622.0;703.5;777.0;663.0;71.8
22;84;7;610.0;620.0;625.0;691.5;761.0;659.9;62.9
22;85;7;609.0;618.5;628.0;706.0;775.0;665.9;69.4
22;86;7;611.0;611.0;611.0;627.0;643.0;620.1;14.5
22;87;7;611.0;611.0;611.0;611.0;648.0;616.3;12.9
22;88;7;611.0;611.0;611.0;611.0;611.0;611.0;0.0
22;89;7;611.0;611.0;611.0;611.0;611.0;611.0;0.0
22;90;7;611.0;611.0;611.0;611.0;611.0;611.0;0.0
22;91;7;611.0;611.0;611.0;611.0;611.0;611.0;0.0
22;92;7;611.0;611.0;611.0;611.0;611.0;611.0;0.0
22;93;7;611.0;611.0;611.0;611.0;611.0;611.0;0.0
22;94;7;611.0;611.0;611.0;611.0;611.0;611.0;0.0
22;95;7;611.0;611.0;611.0;611.0;611.0;611.0;0.0
22;96;7;611.0;611.0;611.0;611.0;611.0;611.0;0.0
22;97;7;611.0;611.0;611.0;611.0;611.0;611.0;0.0
22;98;7;611.0;611.0;611.0;611.0;611.0;611.0;0.0
22;99;7;611.0;611.0;611.0;611.0;611.0;611.0;0.0
23;0;7;690.0;931.5;1161.0;1164.0;1169.0;1030.1;208.6
23;1;7;707.0;941.0;1151.0;1159.5;1171.0;1032.9;198.7
23;2;7;673.0;927.0;1160.0;1167.0;1171.0;1027.4;211.1
23;3;7;661.0;939.0;1129.0;1156.5;1169.0;1021.4;200.7
23;4;7;684.0;927.5;1141.0;1157.5;1191.0;1026.6;201.2
23;5;7;720.0;925.5;1139.0;1174.5;1180.0;1034.1;198.6
23;6;7;676.0;892.5;1170.0;1195.5;1201.0;1031.9;224.5
23;7;7;673.0;905.5;1133.0;1160.0;1178.0;1016.4;209.7
23;8;7;669.0;896.0;1103.0;1154.0;1162.0;1004.9;201.9
23;9;7;690.0;917.5;1121.0;1151.5;1162.0;1015.9;195.7
23;10;7;671.0;929.5;1124.0;1131.5;1137.0;1007.7;193.5
23;11;7;639.0;841.0;1097.0;1101.5;1103.0;960.6;202.4
23;12;7;654.0;866.0;1066.0;1106.0;1118.0;968.9;195.1
23;13;7;616.0;892.0;1072.0;1074.0;1082.0;957.4;184.4
23;14;7;641.0;690.0;1068.0;1074.5;1080.0;902.6;199.0
23;15;7;635.0;674.5;1065.0;1075.5;1081.0;897.3;204.8
23;16;7;619.0;646.0;878.0;945.5;990.0;810.0;153.1
23;17;7;620.0;654.5;994.0;1009.0;1020.0;851.6;181.2
23;18;7;641.0;647.0;957.0;963.0;980.0;828.3;158.9
23;19;7;634.0;649.5;899.0;935.0;982.0;812.0;147.7
23;20;7;621.0;627.0;882.0;905.5;916.0;783.4;137.5
23;21;7;627.0;632.5;851.0;862.0;871.0;762.6;114.4
23;22;7;610.0;624.0;840.0;884.0;896.0;766.0;128.2
23;23;7;613.0;629.5;844.0;861.0;869.0;758.1;116.5
23;24;7;616.0;620.5;737.0;837.0;853.0;731.6;103.6
23;25;7;610.0;617.0;806.0;862.0;909.0;754.7;124.7
23;26;7;608.0;628.5;851.0;854.0;857.0;754.4;115.3
23;27;7;621.0;624.5;776.0;777.5;787.0;712.6;77.4
23;28;7;616.0;624.0;728.0;750.0;791.0;697.6;68.4
23;29;7;608.0;625.0;708.0;746.0;749.0;686.7;60.2
23;30;7;608.0;615.5;757.0;768.5;783.0;702.3;77.9
23;31;7;608.0;613.0;681.0;686.5;692.0;654.3;37.5
23;32;7;608.0;608.0;608.0;608.0;618.0;609.4;3.5
23;33;7;608.0;608.0;608.0;608.0;608.0;608.0;0.0
23;34;7;608.0;608.0;608.0;608.0;608.0;608.0;0.0
23;35;7;608.0;608.0;608.0;608.0;608.0;608.0;0.0
23;36;7;608.0;608.0;608.0;608.0;608.0;608.0;0.0
23;37;7;608.0;608.0;608.0;608.0;608.0;608.0;0.0
23;38;7;608.0;608.0;608.0;608.0;608.0;608.0;0.0
23;39;7;608.0;608.0;608.0;608.0;608.0;608.0;0.0
23;40;7;608.0;608.0;608.0;608.0;608.0;608.0;0.0
23;41;7;608.0;608.0;608.0;608.0;608.0;608.0;0.0
23;42;7;608.0;608.0;608.0;608.0;608.0;608.0;0.0
23;43;7;608.0;608.0;608.0;608.0;608.0;608.0;0.0
23;44;7;608.0;608.0;608.0;608.0;608.0;608.0;0.0
23;45;7;608.0;608.0;608.0;608.0;608.0;608.0;0.0
23;46;7;608.0;608.0;608.0;608.0;608.0;608.0;0.0
23;47;7;608.0;608.0;608.0;608.0;608.0;608.0;0.0
23;48;7;608.0;608.0;608.0;608.0;608.0;608.0;0.0
23;49;7;608.0;608.0;608.0;608.0;608.0;608.0;0.0
23;50;7;608.0;608.0;608.0;608.0;608.0;608.0;0.0
23;51;7;608.0;608.0;608.0;608.0;608.0;608.0;0.0
23;52;7;608.0;608.0;608.0;608.0;608.0;608.0;0.0
23;53;7;608.0;608.0;608.0;608.0;608.0;608.0;0.0
23;54;7;608.0;608.0;608.0;608.0;608.0;608.0;0.0
23;55;7;608.0;608.0;608.0;608.0;608.0;608.0;0.0
23;56;7;608.0;608.0;608.0;608.0;608.0;608.0;0.0
23;57;7;608.0;608.0;608.0;608.0;608.0;608.0;0.0
23;58;7;608.0;608.0;608.0;608.0;608.0;608.0;0.0
23;59;7;608.0;608.0;608.0;608.0;608.0;608.0;0.0
23;60;7;608.0;608.0;608.0;608.0;608.0;608.0;0.0
23;61;7;608.0;608.0;608.0;608.0;608.0;608.0;0.0
23;62;7;608.0;608.0;608.0;608.0;608.0;608.0;0.0
23;63;7;608.0;608.0;608.0;608.0;608.0;608.0;0.0
23;64;7;608.0;608.0;608.0;608.0;608.0;608.0;0.0
23;65;7;608.0;608.0;608.0;608.0;608.0;608.0;0.0
23;66;7;608.0;608.0;608.0;608.0;608.0;608.0;0.0
23;67;7;608.0;608.0;608.0;608.0;608.0;608.0;0.0
23;68;7;608.0;608.0;608.0;608.0;608.0;608.0;0.0
23;69;7;608.0;608.0;608.0;608.0;608.0;608.0;0.0
23;70;7;608.0;608.0;608.0;608.0;608.0;608.0;0.0
23;71;7;608.0;608.0;608.0;608.0;608.0;608.0;0.0
23;72;7;610.0;626.5;640.0;817.5;967.0;729.3;146.6
23;73;7;608.0;615.5;626.0;800.5;951.0;716.7;147.9
23;74;7;609.0;615.5;620.0;748.0;869.0;689.3;112.3
23;75;7;608.0;611.0;616.0;756.0;889.0;692.4;120.3
23;76;7;608.0;612.5;620.0;720.0;843.0;676.6;97.7
23;77;7;609.0;611.5;615.0;700.5;777.0;660.7;71.7
23;78;7;608.0;608.0;610.0;664.5;725.0;641.1;48.1
23;79;7;608.0;608.0;608.0;619.0;641.0;615.9;12.8
23;80;7;608.0;608.0;608.0;608.0;608.0;608.0;0.0
23;81;7;608.0;608.0;608.0;608.0;608.0;608.0;0.0
23;82;7;608.0;608.0;608.0;608.0;608.0;608.0;0.0
23;83;7;608.0;608.0;608.0;608.0;608.0;608.0;0.0
23;84;7;608.0;608.0;608.0;608.0;608.0;608.0;0.0
23;85;7;608.0;608.0;608.0;608.0;608.0;608.0;0.0
23;86;7;608.0;608.0;608.0;608.0;608.0;608.0;0.0
23;87;7;608.0;608.0;608.0;608.0;608.0;608.0;0.0
23;88;7;608.0;608.0;608.0;608.0;608.0;608.0;0.0
23;89;7;608.0;608.0;608.0;608.0;608.0;608.0;0.0
23;90;7;608.0;608.0;608.0;608.0;608.0;608.0;0.0
23;91;7;608.0;608.0;608.0;608.0;608.0;608.0;0.0
23;92;7;608.0;608.0;608.0;608.0;608.0;608.0;0.0
23;93;7;608.0;608.0;608.0;608.0;608.0;608.0;0.0
23;94;7;608.0;608.0;608.0;608.0;608.0;608.0;0.0
23;95;7;608.0;608.0;608.0;608.0;608.0;608.0;0.0
23;96;7;608.0;608.0;608.0;608.0;608.0;608.0;0.0
23;97;7;608.0;608.0;608.0;608.0;608.0;608.0;0.0
23;98;7;608.0;608.0;608.0;608.0;608.0;608.0;0.0
23;99;7;608.0;608.0;608.0;608.0;608.0;608.0;0.0
24;0;7;652.0;903.5;1125.0;1158.5;1171.0;1010.3;206.3
24;1;7;657.0;906.0;1128.0;1163.0;1184.0;1015.3;207.4
24;2;7;653.0;930.0;1136.0;1180.0;1201.0;1030.0;211.3
24;3;7;668.0;952.5;1154.0;1158.5;1174.0;1031.1;200.4
24;4;7;724.0;909.5;1099.0;1134.5;1137.0;1006.9;177.9
24;5;7;751.0;977.5;1148.0;1183.5;1194.0;1059.3;176.5
24;6;7;656.0;901.5;1120.0;1131.0;1188.0;1004.1;211.4
24;7;7;657.0;864.0;1106.0;1152.0;1183.0;996.9;215.1
24;8;7;724.0;933.0;1142.0;1153.5;1185.0;1032.0;189.7
24;9;7;654.0;864.0;1098.0;1111.0;1121.0;974.7;199.9
24;10;7;706.0;917.0;1098.0;1132.5;1146.0;1007.0;179.9
24;11;7;664.0;916.5;1135.0;1143.5;1150.0;1009.9;201.6
24;12;7;644.0;873.0;1087.0;1095.0;1105.0;967.4;196.1
24;13;7;678.0;857.5;1046.0;1066.5;1101.0;953.3;172.3
24;14;7;641.0;667.0;971.0;978.0;994.0;842.3;160.1
24;15;7;642.0;662.0;1066.0;1067.0;1087.0;893.3;206.4
24;16;7;634.0;686.0;988.0;997.5;1023.0;858.9;166.1
24;17;7;628.0;632.5;1003.0;1013.5;1051.0;853.4;193.1
24;18;7;632.0;647.5;1006.0;1009.0;1010.0;851.6;181.4
24;19;7;610.0;634.0;894.0;932.5;973.0;801.4;153.6
24;20;7;619.0;626.5;900.0;916.0;945.0;792.7;146.7
24;21;7;630.0;639.5;902.0;918.5;938.0;798.0;140.4
24;22;7;628.0;632.5;857.0;870.0;904.0;770.6;121.6
24;23;7;627.0;633.5;856.0;863.5;873.0;764.3;115.3
24;24;7;623.0;626.5;777.0;789.0;813.0;720.6;83.1
24;25;7;610.0;629.0;775.0;812.5;876.0;734.9;101.2
24;26;7;625.0;631.0;737.0;755.5;773.0;701.1;63.5
24;27;7;614.0;618.0;766.0;780.5;813.0;712.9;84.4
24;28;7;613.0;629.5;701.0;722.5;748.0;680.9;52.3
24;29;7;622.0;626.5;716.0;726.0;737.0;682.9;50.7
24;30;7;623.0;631.0;685.0;699.0;710.0;668.3;35.5
24;31;7;608.0;614.0;687.0;690.5;700.0;657.7;39.9
24;32;7;608.0;630.0;668.0;685.5;694.0;657.3;31.9
24;33;7;608.0;613.0;677.0;702.0;727.0;663.1;46.9
24;34;7;608.0;608.0;608.0;608.0;608.0;608.0;0.0
24;35;7;608.0;608.0;608.0;608.0;608.0;608.0;0.0
24;36;7;608.0;608.0;608.0;608.0;608.0;608.0;0.0
24;37;7;608.0;608.0;608.0;608.0;608.0;608.0;0.0
24;38;7;608.0;608.0;608.0;608.0;608.0;608.0;0.0
24;39;7;608.0;608.0;608.0;608.0;608.0;608.0;0.0
24;40;7;608.0;608.0;608.0;608.0;608.0;608.0;0.0
24;41;7;608.0;608.0;608.0;608.0;608.0;608.0;0.0
24;42;7;608.0;608.0;608.0;608.0;608.0;608.0;0.0
24;43;7;608.0;608.0;608.0;608.0;608.0;608.0;0.0
24;44;7;608.0;608.0;608.0;608.0;608.0;608.0;0.0
24;45;7;608.0;608.0;608.0;608.0;608.0;608.0;0.0
24;46;7;608.0;608.0;608.0;608.0;608.0;608.0;0.0
24;47;7;608.0;608.0;608.0;608.0;608.0;608.0;0.0
24;48;7;608.0;608.0;608.0;608.0;608.0;608.0;0.0
24;49;7;608.0;608.0;608.0;608.0;608.0;608.0;0.0
24;50;7;608.0;608.0;608.0;608.0;608.0;608.0;0.0
24;51;7;608.0;608.0;608.0;608.0;608.0;608.0;0.0
24;52;7;608.0;608.0;608.0;608.0;608.0;608.0;0.0
24;53;7;608.0;608.0;608.0;608.0;608.0;608.0;0.0
24;54;7;608.0;608.0;608.0;608.0;608.0;608.0;0.0
24;55;7;608.0;608.0;608.0;608.0;608.0;608.0;0.0
24;56;7;608.0;608.0;608.0;608.0;608.0;608.0;0.0
24;57;7;608.0;608.0;608.0;608.0;608.0;608.0;0.0
24;58;7;608.0;608.0;608.0;608.0;608.0;608.0;0.0
24;59;7;608.0;608.0;608.0;608.0;608.0;608.0;0.0
24;60;7;608.0;608.0;608.0;608.0;608.0;608.0;0.0
24;61;7;608.0;608.0;608.0;608.0;608.0;608.0;0.0
24;62;7;608.0;608.0;608.0;608.0;608.0;608.0;0.0
24;63;7;608.0;608.0;608.0;608.0;608.0;608.0;0.0
24;64;7;608.0;608.0;608.0;608.0;608.0;608.0;0.0
24;65;7;608.0;608.0;608.0;608.0;608.0;608.0;0.0
24;66;7;608.0;608.0;608.0;608.0;608.0;608.0;0.0
24;67;7;608.0;608.0;608.0;608.0;608.0;608.0;0.0
24;68;7;608.0;608.0;608.0;608.0;608.0;608.0;0.0
24;69;7;608.0;608.0;608.0;608.0;608.0;608.0;0.0
24;70;7;608.0;608.0;608.0;608.0;608.0;608.0;0.0
24;71;7;608.0;608.0;608.0;608.0;608.0;608.0;0.0
24;72;7;608.0;608.0;608.0;608.0;608.0;608.0;0.0
24;73;7;608.0;608.0;608.0;608.0;608.0;608.0;0.0
24;74;7;608.0;608.0;608.0;608.0;608.0;608.0;0.0
24;75;7;608.0;608.0;608.0;608.0;608.0;608.0;0.0
24;76;7;608.0;608.0;608.0;608.0;608.0;608.0;0.0
24;77;7;627.0;631.0;631.0;809.0;957.0;727.9;145.3
24;78;7;609.0;627.0;636.0;812.5;976.0;728.6;156.3
24;79;7;608.0;631.5;636.0;795.0;962.0;722.7;147.3
24;80;7;616.0;621.0;630.0;750.5;868.0;693.9;110.0
24;81;7;608.0;612.5;619.0;702.0;790.0;663.7;78.4
24;82;7;608.0;609.0;610.0;675.5;768.0;650.7;65.5
24;83;7;608.0;608.0;608.0;630.5;675.0;624.0;26.0
24;84;7;608.0;608.0;608.0;612.5;661.0;616.9;18.3
24;85;7;608.0;608.0;608.0;608.0;608.0;608.0;0.0
24;86;7;608.0;608.0;608.0;608.0;608.0;608.0;0.0
24;87;7;608.0;608.0;608.0;608.0;608.0;608.0;0.0
24;88;7;608.0;608.0;608.0;608.0;608.0;608.0;0.0
24;89;7;608.0;608.0;608.0;608.0;608.0;608.0;0.0
24;90;7;608.0;608.0;608.0;608.0;608.0;608.0;0.0
24;91;7;608.0;608.0;608.0;608.0;608.0;608.0;0.0
24;92;7;608.0;608.0;608.0;608.0;608.0;608.0;0.0
24;93;7;608.0;608.0;608.0;608.0;608.0;608.0;0.0
24;94;7;608.0;608.0;608.0;608.0;608.0;608.0;0.0
24;95;7;608.0;608.0;608.0;608.0;608.0;608.0;0.0
24;96;7;608.0;608.0;608.0;608.0;608.0;608.0;0.0
24;97;7;608.0;608.0;608.0;608.0;608.0;608.0;0.0
24;98;7;608.0;608.0;608.0;608.0;608.0;608.0;0.0
24;99;7;608.0;608.0;608.0;608.0;608.0;608.0;0.0
25;0;7;732.0;998.0;1199.0;1208.5;1213.0;1079.6;197.3
25;1;7;678.0;921.5;1190.0;1215.5;1233.0;1053.6;227.2
25;2;7;728.0;949.5;1195.0;1197.0;1206.0;1060.3;207.7
25;3;7;683.0;921.0;1133.0;1146.0;1163.0;1016.1;199.0
25;4;7;651.0;948.0;1149.0;1170.0;1180.0;1030.9;209.9
25;5;7;681.0;929.0;1162.0;1168.5;1174.0;1030.3;215.3
25;6;7;648.0;897.5;1150.0;1184.5;1186.0;1021.1;232.3
25;7;7;672.0;924.0;1113.0;1129.5;1143.0;1005.0;187.9
25;8;7;678.0;902.0;1113.0;1152.0;1163.0;1008.9;201.7
25;9;7;670.0;911.5;1088.0;1127.0;1151.0;998.0;187.4
25;10;7;690.0;889.5;1107.0;1122.0;1151.0;995.9;192.9
25;11;7;629.0;869.5;1088.0;1092.0;1103.0;963.3;198.4
25;12;7;645.0;877.5;1102.0;1114.0;1126.0;979.4;198.7
25;13;7;630.0;826.5;1055.0;1084.5;1104.0;944.4;195.7
25;14;7;629.0;676.0;1023.0;1039.5;1051.0;876.3;187.9
25;15;7;613.0;665.5;1043.0;1064.5;1080.0;885.1;206.3
25;16;7;635.0;640.5;1017.0;1031.5;1051.0;863.9;195.4
25;17;7;632.0;641.0;991.0;1026.0;1062.0;859.9;193.6
25;18;7;627.0;631.5;922.0;929.0;955.0;803.6;150.6
25;19;7;627.0;633.5;967.0;974.0;988.0;828.1;170.6
25;20;7;615.0;630.5;896.0;907.0;940.0;789.4;142.8
25;21;7;632.0;644.5;861.0;869.0;879.0;771.3;113.6
25;22;7;611.0;622.5;830.0;863.5;891.0;757.7;122.1
25;23;7;621.0;657.5;903.0;905.5;912.0;794.6;129.8
25;24;7;611.0;636.0;814.0;839.5;850.0;746.6;103.8
25;25;7;623.0;638.5;740.0;781.5;806.0;715.6;74.2
25;26;7;626.0;631.0;710.0;726.5;757.0;686.9;51.8
25;27;7;617.0;621.0;765.0;780.0;795.0;711.3;79.8
25;28;7;617.0;624.0;740.0;740.5;743.0;689.9;59.1
25;29;7;609.0;627.0;710.0;722.5;742.0;680.0;52.4
25;30;7;614.0;624.5;738.0;750.0;755.0;693.7;63.3
25;31;7;612.0;613.0;636.0;666.5;681.0;641.1;27.8
25;32;7;609.0;619.0;687.0;751.0;759.0;685.0;64.0
25;33;7;609.0;621.5;650.0;678.0;687.0;649.3;30.6
25;34;7;612.0;622.5;650.0;651.5;655.0;637.9;17.6
25;35;7;611.0;613.5;688.0;714.0;728.0;668.9;50.1
25;36;7;626.0;633.0;646.0;654.0;669.0;645.0;14.2
25;37;7;611.0;622.5;697.0;717.0;734.0;674.4;49.8
25;38;7;611.0;622.5;650.0;657.5;679.0;642.9;23.5
25;39;7;630.0;633.0;633.0;640.0;642.0;635.9;4.3
25;40;7;630.0;633.0;633.0;640.0;640.0;635.6;4.0
25;41;7;633.0;633.0;633.0;657.0;728.0;653.4;33.2
25;42;7;630.0;633.0;633.0;638.0;638.0;634.7;3.0
25;43;7;633.0;633.0;633.0;638.0;638.0;635.1;2.5
25;44;7;631.0;633.0;633.0;637.0;637.0;634.4;2.3
25;45;7;620.0;620.0;620.0;641.5;647.0;630.0;11.9
25;46;7;630.0;633.0;633.0;637.0;637.0;634.3;2.5
25;47;7;620.0;625.5;633.0;646.5;647.0;634.9;11.2
25;48;7;620.0;632.0;633.0;637.0;637.0;632.6;5.6
25;49;7;633.0;633.0;633.0;636.5;637.0;634.6;1.8
25;50;7;620.0;633.0;633.0;637.0;637.0;632.9;5.6
25;51;7;620.0;623.0;626.0;637.0;637.0;629.0;7.3
25;52;7;630.0;630.5;633.0;637.0;637.0;633.6;3.1
25;53;7;630.0;633.0;633.0;647.0;647.0;638.6;7.4
25;54;7;620.0;631.5;633.0;647.0;647.0;636.7;9.8
25;55;7;620.0;628.0;630.0;639.5;647.0;633.1;8.6
25;56;7;620.0;628.0;631.0;639.5;647.0;633.3;9.4
25;57;7;620.0;628.0;632.0;639.5;647.0;633.4;9.4
25;58;7;620.0;620.0;633.0;640.0;647.0;631.4;11.2
25;59;7;611.0;620.0;626.0;638.5;647.0;628.7;12.8
25;60;7;620.0;626.0;631.0;646.5;647.0;634.7;10.8
25;61;7;626.0;628.0;633.0;643.5;646.0;635.4;8.2
25;62;7;620.0;626.0;630.0;646.0;647.0;634.4;10.7
25;63;7;620.0;620.0;626.0;646.5;647.0;632.3;12.6
25;64;7;620.0;620.0;626.0;639.0;647.0;630.1;11.3
25;65;7;620.0;620.0;620.0;661.5;709.0;644.6;38.9
25;66;7;619.0;626.5;631.0;670.0;708.0;650.1;36.6
25;67;7;612.0;621.0;627.0;670.5;711.0;647.6;40.5
25;68;7;611.0;611.5;619.0;664.5;716.0;642.6;44.4
25;69;7;619.0;619.0;620.0;634.5;649.0;627.9;13.4
25;70;7;619.0;619.0;619.0;619.5;646.0;623.0;9.4
25;71;7;611.0;611.0;611.0;634.0;649.0;623.0;16.7
25;72;7;619.0;619.0;619.0;619.5;644.0;622.7;8.7
25;73;7;619.0;619.0;619.0;619.5;649.0;623.4;10.4
25;74;7;619.0;619.0;619.0;619.5;649.0;623.4;10.4
25;75;7;623.0;625.0;631.0;780.5;931.0;713.7;136.5
25;76;7;623.0;631.0;632.0;758.0;904.0;705.3;114.9
25;77;7;617.0;619.5;630.0;732.5;839.0;684.3;91.3
25;78;7;620.0;628.5;631.0;729.5;827.0;684.9;90.0
25;79;7;612.0;618.0;624.0;725.0;838.0;680.0;95.1
25;80;7;612.0;620.0;626.0;698.5;772.0;663.9;65.9
25;81;7;611.0;621.5;625.0;691.0;754.0;659.3;57.8
25;82;7;611.0;618.0;626.0;685.0;740.0;654.7;54.4
25;83;7;611.0;615.0;628.0;639.5;652.0;628.6;15.5
25;84;7;610.0;611.0;611.0;614.5;670.0;620.3;20.5
25;85;7;611.0;611.0;611.0;624.0;651.0;620.4;14.1
25;86;7;611.0;611.0;611.0;611.0;611.0;611.0;0.0
25;87;7;611.0;611.0;611.0;611.0;611.0;611.0;0.0
25;88;7;611.0;611.0;611.0;611.0;611.0;611.0;0.0
25;89;7;611.0;611.0;611.0;611.0;611.0;611.0;0.0
25;90;7;611.0;611.0;611.0;611.0;611.0;611.0;0.0
25;91;7;611.0;611.0;611.0;611.0;611.0;611.0;0.0
25;92;7;611.0;611.0;611.0;611.0;611.0;611.0;0.0
25;93;7;611.0;611.0;611.0;611.0;611.0;611.0;0.0
25;94;7;611.0;611.0;611.0;611.0;611.0;611.0;0.0
25;95;7;611.0;611.0;611.0;611.0;611.0;611.0;0.0
25;96;7;611.0;611.0;611.0;611.0;611.0;611.0;0.0
25;97;7;611.0;611.0;611.0;611.0;611.0;611.0;0.0
25;98;7;611.0;611.0;611.0;611.0;611.0;611.0;0.0
25;99;7;611.0;611.0;611.0;611.0;611.0;611.0;0.0
26;0;7;686.0;933.5;1166.0;1168.0;1176.0;1033.0;200.2
26;1;7;707.0;953.0;1140.0;1162.0;1201.0;1039.7;192.8
26;2;7;675.0;962.0;1176.0;1179.5;1196.0;1047.1;213.0
26;3;7;672.0;894.0;1112.0;1149.5;1178.0;1007.0;202.6
26;4;7;694.0;911.0;1129.0;1163.5;1191.0;1023.3;207.1
26;5;7;655.0;878.5;1115.0;1140.5;1178.0;998.0;209.5
26;6;7;647.0;947.5;1189.0;1195.5;1205.0;1046.7;231.0
26;7;7;627.0;886.0;1096.0;1150.0;1177.0;996.0;219.5
26;8;7;630.0;880.5;1106.0;1124.0;1130.0;982.1;204.7
26;9;7;632.0;852.0;1097.0;1123.5;1145.0;975.0;205.3
26;10;7;725.0;913.0;1081.0;1120.5;1125.0;999.7;166.4
26;11;7;655.0;880.5;1103.0;1115.5;1132.0;983.1;206.5
26;12;7;648.0;864.0;1043.0;1049.5;1073.0;941.6;173.3
26;13;7;641.0;867.5;1052.0;1076.5;1082.0;951.9;183.7
26;14;7;647.0;677.0;1028.0;1052.0;1079.0;887.4;192.5
26;15;7;624.0;668.5;1005.0;1035.0;1054.0;870.0;188.9
26;16;7;623.0;666.0;996.0;1032.0;1041.0;865.1;186.3
26;17;7;641.0;649.5;982.0;1018.0;1038.0;856.6;182.6
26;18;7;619.0;640.0;954.0;963.5;977.0;822.4;164.3
26;19;7;629.0;635.5;927.0;934.0;945.0;805.7;149.4
26;20;7;622.0;630.0;867.0;899.0;922.0;781.3;134.3
26;21;7;624.0;630.0;810.0;871.5;915.0;764.6;121.7
26;22;7;621.0;627.5;914.0;926.5;948.0;798.7;150.5
26;23;7;626.0;632.5;792.0;839.0;848.0;744.1;100.0
26;24;7;621.0;628.5;812.0;839.5;854.0;746.1;104.8
26;25;7;618.0;621.0;773.0;787.0;823.0;718.6;86.7
26;26;7;627.0;629.0;750.0;802.5;820.0;722.9;84.6
26;27;7;619.0;636.0;745.0;798.0;819.0;721.6;82.3
26;28;7;619.0;627.5;726.0;732.5;739.0;686.3;53.6
26;29;7;622.0;623.0;730.0;737.0;752.0;689.1;58.0
26;30;7;615.0;624.0;693.0;694.5;715.0;665.7;39.4
26;31;7;614.0;620.5;691.0;715.0;732.0;672.6;49.2
26;32;7;616.0;621.5;706.0;717.0;732.0;675.9;49.3
26;33;7;611.0;624.5;659.0;667.0;681.0;647.7;25.1
26;34;7;612.0;626.0;662.0;664.5;667.0;646.0;21.9
26;35;7;615.0;620.5;632.0;650.0;655.0;634.7;15.5
26;36;7;613.0;613.0;622.0;642.5;661.0;629.6;18.6
26;37;7;613.0;613.0;613.0;622.0;622.0;616.9;4.5
26;38;7;613.0;613.0;613.0;616.0;619.0;614.7;2.7
26;39;7;613.0;613.0;613.0;613.0;613.0;613.0;0.0
26;40;7;613.0;613.0;613.0;613.0;613.0;613.0;0.0
26;41;7;613.0;613.0;613.0;613.0;613.0;613.0;0.0
26;42;7;613.0;613.0;613.0;613.0;613.0;613.0;0.0
26;43;7;613.0;613.0;613.0;613.0;613.0;613.0;0.0
26;44;7;613.0;613.0;613.0;613.0;613.0;613.0;0.0
26;45;7;613.0;613.0;613.0;613.0;613.0;613.0;0.0
26;46;7;613.0;613.0;613.0;613.0;613.0;613.0;0.0
26;47;7;613.0;613.0;613.0;613.0;613.0;613.0;0.0
26;48;7;613.0;613.0;613.0;613.0;613.0;613.0;0.0
26;49;7;613.0;613.0;613.0;613.0;613.0;613.0;0.0
26;50;7;613.0;613.0;613.0;613.0;613.0;613.0;0.0
26;51;7;613.0;613.0;613.0;613.0;613.0;613.0;0.0
26;52;7;613.0;613.0;613.0;613.0;613.0;613.0;0.0
26;53;7;613.0;613.0;613.0;613.0;613.0;613.0;0.0
26;54;7;613.0;613.0;613.0;613.0;613.0;613.0;0.0
26;55;7;613.0;613.0;613.0;613.0;613.0;613.0;0.0
26;56;7;613.0;613.0;613.0;613.0;613.0;613.0;0.0
26;57;7;613.0;613.0;613.0;613.0;613.0;613.0;0.0
26;58;7;613.0;613.0;613.0;613.0;613.0;613.0;0.0
26;59;7;613.0;613.0;613.0;613.0;613.0;613.0;0.0
26;60;7;613.0;613.0;613.0;613.0;613.0;613.0;0.0
26;61;7;613.0;613.0;613.0;613.0;613.0;613.0;0.0
26;62;7;613.0;613.0;613.0;613.0;613.0;613.0;0.0
26;63;7;613.0;613.0;613.0;613.0;613.0;613.0;0.0
26;64;7;613.0;613.0;613.0;613.0;613.0;613.0;0.0
26;65;7;613.0;613.0;613.0;613.0;613.0;613.0;0.0
26;66;7;613.0;613.0;613.0;613.0;613.0;613.0;0.0
26;67;7;613.0;613.0;613.0;613.0;613.0;613.0;0.0
26;68;7;613.0;613.0;613.0;613.0;613.0;613.0;0.0
26;69;7;613.0;613.0;613.0;613.0;613.0;613.0;0.0
26;70;7;613.0;613.0;613.0;613.0;613.0;613.0;0.0
26;71;7;613.0;613.0;613.0;613.0;613.0;613.0;0.0
26;72;7;613.0;613.0;613.0;613.0;613.0;613.0;0.0
26;73;7;613.0;613.0;613.0;613.0;613.0;613.0;0.0
26;74;7;613.0;613.0;613.0;613.0;613.0;613.0;0.0
26;75;7;613.0;613.0;613.0;613.0;613.0;613.0;0.0
26;76;7;613.0;613.0;613.0;613.0;613.0;613.0;0.0
26;77;7;613.0;613.0;613.0;613.0;613.0;613.0;0.0
26;78;7;613.0;613.0;613.0;613.0;613.0;613.0;0.0
26;79;7;612.0;623.5;629.0;776.5;943.0;712.0;138.8
26;80;7;622.0;623.0;633.0;794.5;969.0;722.7;149.7
26;81;7;613.0;620.0;629.0;743.0;866.0;690.6;108.3
26;82;7;618.0;619.0;627.0;719.0;818.0;677.0;86.2
26;83;7;611.0;613.0;613.0;690.0;751.0;654.4;61.3
26;84;7;611.0;613.0;613.0;661.0;765.0;648.1;57.0
26;85;7;611.0;612.5;613.0;635.5;676.0;628.0;25.1
26;86;7;613.0;613.0;613.0;614.5;677.0;622.6;22.2
26;87;7;613.0;613.0;613.0;618.0;662.0;621.4;16.9
26;88;7;613.0;613.0;613.0;613.0;613.0;613.0;0.0
26;89;7;613.0;613.0;613.0;613.0;613.0;613.0;0.0
26;90;7;613.0;613.0;613.0;613.0;613.0;613.0;0.0
26;91;7;613.0;613.0;613.0;613.0;613.0;613.0;0.0
26;92;7;613.0;613.0;613.0;613.0;613.0;613.0;0.0
26;93;7;613.0;613.0;613.0;613.0;613.0;613.0;0.0
26;94;7;613.0;613.0;613.0;613.0;613.0;613.0;0.0
26;95;7;613.0;613.0;613.0;613.0;613.0;613.0;0.0
26;96;7;613.0;613.0;613.0;613.0;613.0;613.0;0.0
26;97;7;613.0;613.0;613.0;613.0;613.0;613.0;0.0
26;98;7;613.0;613.0;613.0;613.0;613.0;613.0;0.0
26;99;7;613.0;613.0;613.0;613.0;613.0;613.0;0.0
27;0;7;708.0;984.5;1170.0;1194.0;1205.0;1062.9;194.9
27;1;7;697.0;973.5;1203.0;1237.0;1246.0;1081.0;227.7
27;2;7;731.0;931.0;1123.0;1134.5;1145.0;1018.6;179.2
27;3;7;707.0;939.5;1154.0;1167.5;1183.0;1036.9;197.2
27;4;7;686.0;937.5;1166.0;1168.0;1174.0;1033.9;209.2
27;5;7;691.0;907.5;1104.0;1125.5;1157.0;1002.6;190.7
27;6;7;652.0;907.0;1158.0;1169.0;1194.0;1022.3;221.9
27;7;7;689.0;992.5;1182.0;1189.0;1197.0;1061.6;198.6
27;8;7;647.0;902.5;1132.0;1147.5;1165.0;1006.3;217.6
27;9;7;652.0;882.5;1106.0;1118.0;1158.0;988.1;206.0
27;10;7;637.0;910.0;1108.0;1155.5;1181.0;1008.1;211.1
27;11;7;640.0;868.5;1091.0;1106.0;1136.0;973.7;197.1
27;12;7;629.0;846.0;1022.0;1118.0;1154.0;961.9;201.3
27;13;7;648.0;876.0;1113.0;1144.0;1159.0;994.3;217.1
27;14;7;647.0;688.0;1073.0;1093.0;1110.0;913.1;207.7
27;15;7;622.0;681.5;1047.0;1070.0;1079.0;893.0;202.0
27;16;7;637.0;650.0;971.0;988.5;1002.0;841.0;169.4
27;17;7;643.0;649.5;1033.0;1052.5;1059.0;877.0;199.0
27;18;7;633.0;646.5;984.0;990.0;1011.0;843.0;174.4
27;19;7;619.0;626.0;937.0;962.5;975.0;815.4;166.5
27;20;7;617.0;638.5;964.0;969.0;974.0;824.3;167.3
27;21;7;611.0;627.0;869.0;889.5;927.0;777.1;136.0
27;22;7;617.0;626.0;868.0;901.5;925.0;780.7;137.8
27;23;7;611.0;627.5;847.0;882.0;897.0;767.7;127.2
27;24;7;621.0;623.5;788.0;813.5;841.0;732.0;95.8
27;25;7;625.0;628.5;756.0;777.5;790.0;711.9;74.0
27;26;7;614.0;622.0;716.0;762.5;792.0;698.7;72.6
27;27;7;619.0;628.5;718.0;744.5;755.0;691.1;58.2
27;28;7;616.0;627.5;712.0;729.0;747.0;684.0;53.5
27;29;7;625.0;632.5;722.0;735.5;747.0;690.0;52.7
27;30;7;618.0;620.5;630.0;716.5;719.0;663.0;47.2
27;31;7;617.0;621.5;626.0;710.5;743.0;664.3;50.6
27;32;7;613.0;628.0;682.0;717.0;739.0;674.9;47.9
27;33;7;609.0;618.0;663.0;679.0;691.0;651.0;32.2
27;34;7;612.0;634.5;675.0;682.0;686.0;658.0;28.6
27;35;7;612.0;620.5;662.0;663.5;667.0;644.1;23.1
27;36;7;612.0;617.5;639.0;639.0;639.0;629.0;12.0
27;37;7;611.0;612.0;635.0;635.0;635.0;625.0;11.6
27;38;7;612.0;612.0;612.0;612.0;633.0;615.0;7.3
27;39;7;612.0;612.0;612.0;612.0;612.0;612.0;0.0
27;40;7;612.0;612.0;612.0;612.0;612.0;612.0;0.0
27;41;7;612.0;612.0;612.0;612.0;612.0;612.0;0.0
27;42;7;612.0;612.0;612.0;612.0;612.0;612.0;0.0
27;43;7;612.0;612.0;612.0;612.0;612.0;612.0;0.0
27;44;7;612.0;612.0;612.0;612.0;612.0;612.0;0.0
27;45;7;612.0;612.0;612.0;612.0;612.0;612.0;0.0
27;46;7;612.0;612.0;612.0;612.0;612.0;612.0;0.0
27;47;7;612.0;612.0;612.0;612.0;612.0;612.0;0.0
27;48;7;612.0;612.0;612.0;612.0;612.0;612.0;0.0
27;49;7;612.0;612.0;612.0;612.0;612.0;612.0;0.0
27;50;7;612.0;612.0;612.0;612.0;612.0;612.0;0.0
27;51;7;612.0;612.0;612.0;612.0;612.0;612.0;0.0
27;52;7;612.0;612.0;612.0;612.0;612.0;612.0;0.0
27;53;7;612.0;612.0;612.0;612.0;612.0;612.0;0.0
27;54;7;612.0;612.0;612.0;612.0;612.0;612.0;0.0
27;55;7;612.0;612.0;612.0;612.0;612.0;612.0;0.0
27;56;7;612.0;612.0;612.0;612.0;612.0;612.0;0.0
27;57;7;612.0;612.0;612.0;612.0;612.0;612.0;0.0
27;58;7;612.0;612.0;612.0;612.0;612.0;612.0;0.0
27;59;7;612.0;612.0;612.0;612.0;612.0;612.0;0.0
27;60;7;612.0;612.0;612.0;612.0;612.0;612.0;0.0
27;61;7;612.0;612.0;612.0;612.0;612.0;612.0;0.0
27;62;7;612.0;612.0;612.0;612.0;612.0;612.0;0.0
27;63;7;612.0;612.0;612.0;612.0;612.0;612.0;0.0
27;64;7;612.0;612.0;612.0;612.0;612.0;612.0;0.0
27;65;7;612.0;612.0;612.0;612.0;612.0;612.0;0.0
27;66;7;612.0;612.0;612.0;612.0;612.0;612.0;0.0
27;67;7;612.0;612.0;612.0;612.0;612.0;612.0;0.0
27;68;7;612.0;612.0;612.0;612.0;612.0;612.0;0.0
27;69;7;612.0;612.0;612.0;612.0;612.0;612.0;0.0
27;70;7;612.0;612.0;612.0;612.0;612.0;612.0;0.0
27;71;7;612.0;612.0;612.0;612.0;612.0;612.0;0.0
27;72;7;612.0;612.0;612.0;612.0;612.0;612.0;0.0
27;73;7;612.0;612.0;612.0;612.0;612.0;612.0;0.0
27;74;7;612.0;612.0;612.0;612.0;612.0;612.0;0.0
27;75;7;612.0;612.0;612.0;612.0;612.0;612.0;0.0
27;76;7;612.0;612.0;612.0;612.0;612.0;612.0;0.0
27;77;7;612.0;612.0;612.0;612.0;612.0;612.0;0.0
27;78;7;612.0;612.0;612.0;612.0;612.0;612.0;0.0
27;79;7;616.0;616.5;622.0;792.5;959.0;716.4;152.5
27;80;7;611.0;624.0;638.0;778.5;927.0;711.6;133.2
27;81;7;612.0;616.0;620.0;735.5;851.0;683.7;104.9
27;82;7;610.0;615.0;626.0;697.0;766.0;660.9;66.5
27;83;7;612.0;616.5;630.0;682.5;744.0;654.9;53.4
27;84;7;612.0;612.0;612.0;637.5;674.0;628.1;25.7
27;85;7;612.0;612.0;612.0;634.5;680.0;628.1;26.3
27;86;7;612.0;612.0;612.0;612.0;660.0;618.9;16.8
27;87;7;612.0;612.0;612.0;612.0;612.0;612.0;0.0
27;88;7;612.0;612.0;612.0;612.0;612.0;612.0;0.0
27;89;7;612.0;612.0;612.0;612.0;612.0;612.0;0.0
27;90;7;612.0;612.0;612.0;612.0;612.0;612.0;0.0
27;91;7;612.0;612.0;612.0;612.0;612.0;612.0;0.0
27;92;7;612.0;612.0;612.0;612.0;612.0;612.0;0.0
27;93;7;612.0;612.0;612.0;612.0;612.0;612.0;0.0
27;94;7;612.0;612.0;612.0;612.0;612.0;612.0;0.0
27;95;7;612.0;612.0;612.0;612.0;612.0;612.0;0.0
27;96;7;612.0;612.0;612.0;612.0;612.0;612.0;0.0
27;97;7;612.0;612.0;612.0;612.0;612.0;612.0;0.0
27;98;7;612.0;612.0;612.0;612.0;612.0;612.0;0.0
27;99;7;612.0;612.0;612.0;612.0;612.0;612.0;0.0
28;0;7;722.0;955.5;1175.0;1197.5;1202.0;1057.9;208.0
28;1;7;673.0;911.0;1116.0;1142.5;1167.0;1009.0;198.8
28;2;7;695.0;1034.5;1217.0;1220.5;1222.0;1092.0;204.3
28;3;7;691.0;941.0;1133.0;1157.5;1185.0;1029.4;196.8
28;4;7;712.0;949.0;1174.0;1181.0;1189.0;1047.9;207.5
28;5;7;653.0;895.0;1102.0;1155.0;1165.0;1002.9;210.9
28;6;7;637.0;941.0;1140.0;1150.0;1166.0;1017.9;206.6
28;7;7;685.0;899.0;1115.0;1177.0;1201.0;1021.9;214.4
28;8;7;663.0;909.0;1132.0;1171.5;1197.0;1021.9;216.6
28;9;7;668.0;901.0;1141.0;1152.0;1158.0;1010.4;212.2
28;10;7;686.0;918.5;1129.0;1153.5;1157.0;1016.6;200.1
28;11;7;636.0;883.0;1107.0;1140.5;1163.0;993.3;217.9
28;12;7;675.0;888.0;1081.0;1100.5;1138.0;981.6;186.2
28;13;7;649.0;850.5;1031.0;1040.0;1083.0;934.9;172.4
28;14;7;626.0;666.5;1071.0;1091.0;1117.0;904.1;218.9
28;15;7;630.0;642.0;1010.0;1015.5;1044.0;857.0;190.1
28;16;7;629.0;638.5;989.0;1020.0;1026.0;851.6;187.7
28;17;7;624.0;630.5;920.0;941.5;955.0;806.1;154.3
28;18;7;647.0;655.0;981.0;1036.5;1046.0;865.3;185.5
28;19;7;619.0;634.0;882.0;915.0;961.0;794.3;145.2
28;20;7;614.0;639.5;938.0;959.5;975.0;817.9;162.5
28;21;7;627.0;630.5;935.0;936.5;958.0;807.7;154.7
28;22;7;619.0;626.0;803.0;811.5;822.0;731.3;93.5
28;23;7;613.0;622.0;841.0;858.0;875.0;755.6;119.0
28;24;7;614.0;626.0;772.0;796.0;804.0;719.1;84.8
28;25;7;623.0;625.5;769.0;790.5;825.0;721.3;85.0
28;26;7;624.0;628.5;737.0;742.0;749.0;693.0;57.3
28;27;7;619.0;633.5;730.0;748.5;772.0;697.9;61.7
28;28;7;621.0;627.0;729.0;731.5;735.0;686.0;53.0
28;29;7;615.0;622.5;681.0;696.5;702.0;662.3;37.2
28;30;7;620.0;624.5;691.0;727.5;745.0;680.0;52.0
28;31;7;619.0;632.0;706.0;711.0;715.0;675.1;41.6
28;32;7;609.0;627.0;663.0;668.0;676.0;648.3;24.6
28;33;7;619.0;632.0;661.0;666.5;671.0;649.7;19.7
28;34;7;624.0;624.0;671.0;679.5;683.0;655.0;27.1
28;35;7;608.0;622.0;671.0;671.0;671.0;648.0;27.0
28;36;7;611.0;625.5;671.0;671.5;680.0;650.9;26.7
28;37;7;620.0;624.5;629.0;668.0;671.0;643.6;22.2
28;38;7;620.0;623.0;629.0;657.0;666.0;639.3;18.7
28;39;7;620.0;620.5;621.0;629.0;629.0;624.1;4.2
28;40;7;620.0;620.5;625.0;627.0;627.0;623.9;3.1
28;41;7;620.0;620.0;620.0;627.5;628.0;623.3;3.8
28;42;7;620.0;620.0;620.0;627.5;629.0;623.4;4.0
28;43;7;620.0;620.0;620.0;620.0;620.0;620.0;0.0
28;44;7;620.0;620.0;620.0;620.0;620.0;620.0;0.0
28;45;7;620.0;620.0;620.0;620.0;620.0;620.0;0.0
28;46;7;620.0;620.0;620.0;620.0;620.0;620.0;0.0
28;47;7;620.0;620.0;620.0;620.0;620.0;620.0;0.0
28;48;7;620.0;620.0;620.0;620.0;620.0;620.0;0.0
28;49;7;620.0;620.0;620.0;620.0;620.0;620.0;0.0
28;50;7;620.0;620.0;620.0;620.0;620.0;620.0;0.0
28;51;7;620.0;620.0;620.0;620.0;620.0;620.0;0.0
28;52;7;620.0;620.0;620.0;620.0;620.0;620.0;0.0
28;53;7;620.0;620.0;620.0;620.0;620.0;620.0;0.0
28;54;7;620.0;620.0;620.0;620.0;620.0;620.0;0.0
28;55;7;620.0;620.0;620.0;620.0;620.0;620.0;0.0
28;56;7;620.0;620.0;620.0;620.0;620.0;620.0;0.0
28;57;7;620.0;620.0;620.0;620.0;620.0;620.0;0.0
28;58;7;620.0;620.0;620.0;620.0;620.0;620.0;0.0
28;59;7;620.0;620.0;620.0;620.0;620.0;620.0;0.0
28;60;7;620.0;620.0;620.0;620.0;620.0;620.0;0.0
28;61;7;620.0;620.0;620.0;620.0;620.0;620.0;0.0
28;62;7;620.0;620.0;620.0;620.0;620.0;620.0;0.0
28;63;7;620.0;620.0;620.0;620.0;620.0;620.0;0.0
28;64;7;620.0;620.0;620.0;620.0;620.0;620.0;0.0
28;65;7;620.0;620.0;620.0;620.0;620.0;620.0;0.0
28;66;7;620.0;620.0;620.0;620.0;620.0;620.0;0.0
28;67;7;620.0;620.0;620.0;620.0;620.0;620.0;0.0
28;68;7;620.0;620.0;620.0;620.0;620.0;620.0;0.0
28;69;7;620.0;620.0;620.0;620.0;620.0;620.0;0.0
28;70;7;620.0;620.0;620.0;620.0;620.0;620.0;0.0
28;71;7;620.0;620.0;620.0;620.0;620.0;620.0;0.0
28;72;7;620.0;620.0;620.0;620.0;620.0;620.0;0.0
28;73;7;620.0;620.0;620.0;620.0;620.0;620.0;0.0
28;74;7;620.0;620.0;620.0;620.0;620.0;620.0;0.0
28;75;7;620.0;620.0;620.0;620.0;620.0;620.0;0.0
28;76;7;620.0;620.0;620.0;620.0;620.0;620.0;0.0
28;77;7;620.0;620.0;620.0;620.0;620.0;620.0;0.0
28;78;7;620.0;620.0;620.0;620.0;620.0;620.0;0.0
28;79;7;620.0;620.0;620.0;620.0;620.0;620.0;0.0
28;80;7;620.0;620.0;620.0;620.0;620.0;620.0;0.0
28;81;7;614.0;620.5;632.0;761.0;940.0;707.0;130.8
28;82;7;610.0;634.5;649.0;823.5;993.0;738.3;161.0
28;83;7;626.0;628.5;632.0;785.5;937.0;717.6;138.5
28;84;7;609.0;621.0;627.0;727.0;828.0;680.0;93.5
28;85;7;614.0;619.5;631.0;711.0;799.0;672.1;77.7
28;86;7;618.0;619.0;625.0;707.0;791.0;669.4;74.8
28;87;7;617.0;620.0;621.0;678.5;750.0;655.0;54.1
28;88;7;619.0;620.0;622.0;640.0;792.0;650.4;58.9
28;89;7;617.0;621.5;622.0;631.0;751.0;642.1;44.7
28;90;7;621.0;624.0;626.0;635.5;751.0;645.3;43.5
28;91;7;618.0;620.0;621.0;621.0;629.0;621.4;3.3
28;92;7;621.0;621.0;621.0;621.0;629.0;622.1;2.8
28;93;7;621.0;621.0;621.0;621.0;629.0;622.1;2.8
28;94;7;621.0;621.0;621.0;621.0;631.0;622.4;3.5
28;95;7;621.0;621.0;621.0;621.0;631.0;622.4;3.5
28;96;7;621.0;621.0;621.0;621.0;631.0;622.4;3.5
28;97;7;621.0;621.0;621.0;621.0;621.0;621.0;0.0
28;98;7;621.0;621.0;621.0;621.0;621.0;621.0;0.0
28;99;7;621.0;621.0;621.0;621.0;621.0;621.0;0.0
29;0;7;681.0;947.5;1149.0;1197.5;1205.0;1046.4;210.5
29;1;7;670.0;954.5;1180.0;1202.5;1232.0;1056.6;227.0
29;2;7;743.0;962.5;1168.0;1175.0;1191.0;1053.9;183.7
29;3;7;751.0;967.5;1191.0;1228.5;1231.0;1080.7;206.6
29;4;7;731.0;962.0;1192.0;1205.5;1229.0;1069.6;210.8
29;5;7;641.0;944.0;1166.0;1177.5;1191.0;1034.4;218.4
29;6;7;665.0;936.0;1139.0;1160.5;1190.0;1026.7;207.3
29;7;7;676.0;909.0;1100.0;1125.0;1157.0;1000.1;190.8
29;8;7;674.0;937.0;1121.0;1147.0;1156.0;1017.0;190.1
29;9;7;679.0;885.0;1097.0;1124.5;1148.0;991.9;198.1
29;10;7;703.0;912.5;1117.0;1121.5;1148.0;1005.1;189.2
29;11;7;678.0;902.0;1079.0;1102.5;1135.0;985.9;178.3
29;12;7;623.0;860.0;1092.0;1108.5;1124.0;968.0;212.1
29;13;7;644.0;877.0;1103.0;1119.0;1134.0;981.9;205.6
29;14;7;636.0;649.5;990.0;1000.5;1040.0;852.3;180.2
29;15;7;626.0;675.5;1050.0;1063.5;1075.0;889.9;200.7
29;16;7;646.0;662.5;1026.0;1057.5;1068.0;882.9;196.1
29;17;7;632.0;650.5;1029.0;1046.0;1060.0;873.4;198.7
29;18;7;624.0;636.0;892.0;951.0;984.0;810.6;156.7
29;19;7;636.0;640.5;948.0;963.0;1003.0;827.7;164.3
29;20;7;622.0;632.5;908.0;937.5;952.0;803.1;151.4
29;21;7;621.0;632.5;855.0;904.5;947.0;785.3;138.0
29;22;7;620.0;623.5;861.0;866.0;884.0;763.4;122.4
29;23;7;621.0;633.5;807.0;839.0;845.0;745.4;101.3
29;24;7;615.0;631.0;806.0;809.5;816.0;731.1;91.6
29;25;7;621.0;638.5;827.0;833.5;853.0;749.3;101.5
29;26;7;619.0;631.5;750.0;766.0;779.0;706.1;69.1
29;27;7;625.0;637.5;780.0;788.5;806.0;723.3;78.4
29;28;7;619.0;627.0;714.0;771.5;783.0;701.9;70.3
29;29;7;624.0;628.5;735.0;748.0;753.0;695.0;59.2
29;30;7;614.0;634.0;708.0;712.0;725.0;677.0;44.1
29;31;7;615.0;630.0;695.0;703.5;720.0;671.0;40.9
29;32;7;617.0;623.5;676.0;688.0;703.0;659.9;34.3
29;33;7;612.0;616.0;643.0;651.5;668.0;636.9;20.6
29;34;7;618.0;622.0;648.0;648.5;650.0;636.7;14.0
29;35;7;610.0;611.0;638.0;645.5;650.0;630.1;17.2
29;36;7;611.0;616.5;641.0;646.5;647.0;632.1;15.4
29;37;7;610.0;623.0;642.0;647.0;648.0;634.3;14.3
29;38;7;610.0;611.0;613.0;640.0;643.0;624.0;14.9
29;39;7;610.0;610.5;611.0;627.0;638.0;619.1;12.1
29;40;7;610.0;610.0;610.0;611.0;611.0;610.4;0.5
29;41;7;610.0;610.0;610.0;610.5;611.0;610.3;0.5
29;42;7;610.0;610.0;610.0;611.0;652.0;616.3;14.6
29;43;7;610.0;610.0;610.0;610.0;610.0;610.0;0.0
29;44;7;610.0;610.0;610.0;610.0;610.0;610.0;0.0
29;45;7;610.0;610.0;610.0;610.0;610.0;610.0;0.0
29;46;7;610.0;610.0;610.0;610.0;610.0;610.0;0.0
29;47;7;610.0;610.0;610.0;610.0;610.0;610.0;0.0
29;48;7;610.0;610.0;610.0;610.0;610.0;610.0;0.0
29;49;7;610.0;610.0;610.0;610.0;610.0;610.0;0.0
29;50;7;610.0;610.0;610.0;610.0;610.0;610.0;0.0
29;51;7;610.0;610.0;610.0;610.0;610.0;610.0;0.0
29;52;7;610.0;610.0;610.0;610.0;610.0;610.0;0.0
29;53;7;610.0;610.0;610.0;610.0;610.0;610.0;0.0
29;54;7;610.0;610.0;610.0;610.0;610.0;610.0;0.0
29;55;7;610.0;610.0;610.0;610.0;610.0;610.0;0.0
29;56;7;610.0;610.0;610.0;610.0;610.0;610.0;0.0
29;57;7;610.0;610.0;610.0;610.0;610.0;610.0;0.0
29;58;7;610.0;610.0;610.0;610.0;610.0;610.0;0.0
29;59;7;610.0;610.0;610.0;610.0;610.0;610.0;0.0
29;60;7;610.0;610.0;610.0;610.0;610.0;610.0;0.0
29;61;7;610.0;610.0;610.0;610.0;610.0;610.0;0.0
29;62;7;610.0;610.0;610.0;610.0;610.0;610.0;0.0
29;63;7;610.0;610.0;610.0;610.0;610.0;610.0;0.0
29;64;7;610.0;610.0;610.0;610.0;610.0;610.0;0.0
29;65;7;610.0;610.0;610.0;610.0;610.0;610.0;0.0
29;66;7;610.0;610.0;610.0;610.0;610.0;610.0;0.0
29;67;7;610.0;610.0;610.0;610.0;610.0;610.0;0.0
29;68;7;610.0;610.0;610.0;610.0;610.0;610.0;0.0
29;69;7;610.0;610.0;610.0;610.0;610.0;610.0;0.0
29;70;7;610.0;610.0;610.0;610.0;610.0;610.0;0.0
29;71;7;610.0;610.0;610.0;610.0;610.0;610.0;0.0
29;72;7;610.0;610.0;610.0;610.0;610.0;610.0;0.0
29;73;7;610.0;610.0;610.0;610.0;610.0;610.0;0.0
29;74;7;610.0;610.0;610.0;610.0;610.0;610.0;0.0
29;75;7;610.0;610.0;610.0;610.0;610.0;610.0;0.0
29;76;7;610.0;610.0;610.0;610.0;610.0;610.0;0.0
29;77;7;610.0;610.0;610.0;610.0;610.0;610.0;0.0
29;78;7;610.0;610.0;610.0;610.0;610.0;610.0;0.0
29;79;7;610.0;610.0;610.0;610.0;610.0;610.0;0.0
29;80;7;610.0;610.0;610.0;610.0;610.0;610.0;0.0
29;81;7;617.0;620.0;625.0;797.0;934.0;715.7;137.1
29;82;7;616.0;618.0;634.0;770.5;912.0;705.6;128.0
29;83;7;615.0;618.5;624.0;756.0;891.0;697.0;120.9
29;84;7;619.0;624.5;632.0;725.5;854.0;686.4;93.6
29;85;7;610.0;623.0;625.0;663.0;704.0;644.4;36.5
29;86;7;610.0;613.5;619.0;669.0;735.0;647.0;50.3
29;87;7;610.0;610.0;610.0;654.0;710.0;636.9;42.0
29;88;7;610.0;610.0;610.0;610.0;610.0;610.0;0.0
29;89;7;610.0;610.0;610.0;610.0;610.0;610.0;0.0
29;90;7;610.0;610.0;610.0;610.0;610.0;610.0;0.0
29;91;7;610.0;610.0;610.0;610.0;610.0;610.0;0.0
29;92;7;610.0;610.0;610.0;610.0;610.0;610.0;0.0
29;93;7;610.0;610.0;610.0;610.0;610.0;610.0;0.0
29;94;7;610.0;610.0;610.0;610.0;610.0;610.0;0.0
29;95;7;610.0;610.0;610.0;610.0;610.0;610.0;0.0
29;96;7;610.0;610.0;610.0;610.0;610.0;610.0;0.0
29;97;7;610.0;610.0;610.0;610.0;610.0;610.0;0.0
29;98;7;610.0;610.0;610.0;610.0;610.0;610.0;0.0
29;99;7;610.0;610.0;610.0;610.0;610.0;610.0;0.0
30;0;7;708.0;963.5;1216.0;1250.0;1262.0;1087.6;235.0
30;1;7;700.0;988.5;1189.0;1194.0;1198.0;1064.6;202.2
30;2;7;679.0;971.0;1152.0;1162.5;1176.0;1039.1;195.1
30;3;7;673.0;894.5;1102.0;1157.0;1172.0;1007.1;203.5
30;4;7;636.0;887.5;1126.0;1138.5;1162.0;996.6;223.9
30;5;7;719.0;923.5;1151.0;1166.5;1174.0;1032.0;194.2
30;6;7;666.0;868.0;1107.0;1121.0;1158.0;987.0;197.2
30;7;7;693.0;914.0;1119.0;1137.5;1166.0;1011.6;193.0
30;8;7;662.0;873.0;1108.0;1127.5;1140.0;987.3;205.2
30;9;7;658.0;886.0;1104.0;1161.5;1164.0;1003.0;215.8
30;10;7;689.0;894.5;1114.0;1127.5;1136.0;997.6;195.5
30;11;7;684.0;900.0;1099.0;1111.0;1132.0;991.0;188.5
30;12;7;695.0;889.0;1091.0;1106.5;1114.0;984.4;181.5
30;13;7;639.0;898.5;1110.0;1138.0;1149.0;995.9;194.2
30;14;7;628.0;661.5;1092.0;1110.5;1131.0;913.6;228.5
30;15;7;646.0;684.0;1026.0;1088.0;1100.0;902.3;202.0
30;16;7;621.0;671.5;1004.0;1062.5;1079.0;881.7;198.7
30;17;7;627.0;642.0;971.0;999.0;1019.0;842.7;178.8
30;18;7;624.0;669.5;969.0;988.0;1015.0;846.1;167.5
30;19;7;617.0;634.0;939.0;948.0;967.0;812.4;159.8
30;20;7;633.0;646.0;907.0;917.0;949.0;802.1;139.7
30;21;7;617.0;632.5;887.0;913.0;927.0;788.9;140.4
30;22;7;626.0;641.5;855.0;898.5;901.0;780.3;125.8
30;23;7;623.0;629.5;834.0;856.5;862.0;755.9;111.6
30;24;7;621.0;626.0;820.0;877.5;903.0;764.4;124.0
30;25;7;623.0;626.5;738.0;754.5;770.0;699.0;64.4
30;26;7;628.0;634.0;786.0;805.0;827.0;731.3;87.2
30;27;7;609.0;614.5;773.0;774.0;782.0;705.9;80.8
30;28;7;612.0;627.0;703.0;742.5;752.0;686.6;57.9
30;29;7;615.0;627.5;707.0;714.0;727.0;676.0;46.1
30;30;7;611.0;629.0;707.0;740.0;760.0;688.0;58.7
30;31;7;616.0;624.0;688.0;691.0;696.0;661.4;34.9
30;32;7;614.0;626.0;684.0;687.5;689.0;659.1;32.4
30;33;7;616.0;630.5;708.0;722.0;727.0;679.4;47.3
30;34;7;612.0;621.0;684.0;692.0;695.0;659.6;36.3
30;35;7;613.0;620.5;677.0;690.5;704.0;659.4;37.1
30;36;7;613.0;615.5;678.0;684.0;701.0;655.9;36.3
30;37;7;609.0;613.0;667.0;677.0;678.0;647.7;31.4
30;38;7;613.0;618.5;658.0;661.5;664.0;642.1;22.4
30;39;7;611.0;613.0;613.0;700.0;721.0;653.0;47.4
30;40;7;611.0;613.0;613.0;661.0;692.0;637.7;30.8
30;41;7;613.0;614.5;663.0;696.5;699.0;656.7;38.7
30;42;7;613.0;613.0;613.0;696.5;713.0;651.1;44.4
30;43;7;613.0;613.0;613.0;620.0;620.0;616.0;3.5
30;44;7;613.0;613.0;613.0;613.0;613.0;613.0;0.0
30;45;7;613.0;613.0;613.0;613.0;613.0;613.0;0.0
30;46;7;613.0;613.0;613.0;613.0;613.0;613.0;0.0
30;47;7;613.0;613.0;613.0;613.0;613.0;613.0;0.0
30;48;7;613.0;613.0;613.0;613.0;613.0;613.0;0.0
30;49;7;613.0;613.0;613.0;613.0;613.0;613.0;0.0
30;50;7;613.0;613.0;613.0;613.0;613.0;613.0;0.0
30;51;7;613.0;613.0;613.0;613.0;613.0;613.0;0.0
30;52;7;613.0;613.0;613.0;613.0;613.0;613.0;0.0
30;53;7;613.0;613.0;613.0;613.0;613.0;613.0;0.0
30;54;7;613.0;613.0;613.0;613.0;613.0;613.0;0.0
30;55;7;613.0;613.0;613.0;613.0;613.0;613.0;0.0
30;56;7;613.0;613.0;613.0;613.0;613.0;613.0;0.0
30;57;7;613.0;613.0;613.0;613.0;613.0;613.0;0.0
30;58;7;613.0;613.0;613.0;613.0;613.0;613.0;0.0
30;59;7;613.0;613.0;613.0;613.0;613.0;613.0;0.0
30;60;7;613.0;613.0;613.0;613.0;613.0;613.0;0.0
30;61;7;613.0;613.0;613.0;613.0;613.0;613.0;0.0
30;62;7;613.0;613.0;613.0;613.0;613.0;613.0;0.0
30;63;7;613.0;613.0;613.0;613.0;613.0;613.0;0.0
30;64;7;613.0;613.0;613.0;613.0;613.0;613.0;0.0
30;65;7;613.0;613.0;613.0;613.0;613.0;613.0;0.0
30;66;7;613.0;613.0;613.0;613.0;613.0;613.0;0.0
30;67;7;613.0;613.0;613.0;613.0;613.0;613.0;0.0
30;68;7;613.0;613.0;613.0;613.0;613.0;613.0;0.0
30;69;7;613.0;613.0;613.0;613.0;613.0;613.0;0.0
30;70;7;613.0;613.0;613.0;613.0;613.0;613.0;0.0
30;71;7;613.0;613.0;613.0;613.0;613.0;613.0;0.0
30;72;7;613.0;613.0;613.0;613.0;613.0;613.0;0.0
30;73;7;609.0;617.5;622.0;766.5;938.0;705.3;134.6
30;74;7;623.0;632.0;638.0;768.0;863.0;703.4;100.9
30;75;7;614.0;628.5;631.0;800.0;918.0;717.1;127.3
30;76;7;619.0;623.0;635.0;770.5;910.0;707.3;123.8
30;77;7;616.0;623.0;629.0;757.0;852.0;693.9;98.9
30;78;7;620.0;625.0;632.0;771.5;883.0;704.0;113.6
30;79;7;620.0;623.5;632.0;729.5;830.0;684.0;89.7
30;80;7;622.0;624.0;627.0;723.5;819.0;680.4;87.7
30;81;7;613.0;613.0;625.0;673.0;719.0;647.0;44.7
30;82;7;613.0;613.0;613.0;613.0;613.0;613.0;0.0
30;83;7;613.0;613.0;613.0;613.0;646.0;617.7;11.5
30;84;7;613.0;613.0;613.0;613.0;613.0;613.0;0.0
30;85;7;613.0;613.0;613.0;613.0;613.0;613.0;0.0
30;86;7;613.0;613.0;613.0;613.0;613.0;613.0;0.0
30;87;7;613.0;613.0;613.0;613.0;613.0;613.0;0.0
30;88;7;613.0;613.0;613.0;613.0;613.0;613.0;0.0
30;89;7;613.0;613.0;613.0;613.0;613.0;613.0;0.0
30;90;7;613.0;613.0;613.0;613.0;613.0;613.0;0.0
30;91;7;613.0;613.0;613.0;613.0;613.0;613.0;0.0
30;92;7;613.0;613.0;613.0;613.0;613.0;613.0;0.0
30;93;7;613.0;613.0;613.0;613.0;613.0;613.0;0.0
30;94;7;613.0;613.0;613.0;613.0;613.0;613.0;0.0
30;95;7;613.0;613.0;613.0;613.0;613.0;613.0;0.0
30;96;7;613.0;613.0;613.0;613.0;613.0;613.0;0.0
30;97;7;613.0;613.0;613.0;613.0;613.0;613.0;0.0
30;98;7;613.0;613.0;613.0;613.0;613.0;613.0;0.0
30;99;7;613.0;613.0;613.0;613.0;613.0;613.0;0.0
31;0;7;762.0;966.0;1172.0;1199.5;1216.0;1068.7;194.0
31;1;7;678.0;909.0;1155.0;1181.0;1213.0;1032.3;222.8
31;2;7;688.0;906.5;1117.0;1154.0;1189.0;1016.4;200.6
31;3;7;713.0;921.0;1123.0;1152.0;1191.0;1024.7;195.8
31;4;7;642.0;879.0;1125.0;1141.0;1171.0;996.9;216.8
31;5;7;685.0;956.5;1152.0;1157.5;1185.0;1035.7;188.8
31;6;7;646.0;893.0;1157.0;1163.0;1179.0;1013.4;222.0
31;7;7;636.0;901.5;1157.0;1173.5;1177.0;1017.1;233.5
31;8;7;695.0;871.0;1112.0;1132.0;1150.0;994.7;186.0
31;9;7;671.0;890.5;1098.0;1101.0;1115.0;981.0;190.8
31;10;7;636.0;845.0;1056.0;1065.5;1094.0;943.9;189.2
31;11;7;641.0;903.0;1068.0;1084.0;1105.0;969.7;178.1
31;12;7;662.0;850.5;1039.0;1045.0;1053.0;935.0;168.8
31;13;7;684.0;909.5;1099.0;1119.5;1125.0;995.1;184.7
31;14;7;659.0;700.0;1059.0;1072.5;1088.0;907.3;192.8
31;15;7;623.0;661.0;971.0;1010.0;1021.0;851.0;176.5
31;16;7;630.0;647.0;979.0;981.5;998.0;837.7;170.3
31;17;7;629.0;650.5;972.0;998.0;1006.0;843.4;173.8
31;18;7;631.0;638.0;943.0;950.0;988.0;819.7;160.0
31;19;7;613.0;633.0;885.0;898.5;921.0;783.1;136.4
31;20;7;609.0;631.5;876.0;901.5;911.0;780.3;136.0
31;21;7;625.0;632.0;752.0;882.0;937.0;763.1;127.2
31;22;7;615.0;631.0;837.0;846.0;872.0;754.0;111.7
31;23;7;612.0;617.5;789.0;810.5;833.0;727.1;97.8
31;24;7;620.0;630.5;770.0;808.5;834.0;728.9;90.6
31;25;7;621.0;627.0;740.0;777.5;792.0;708.9;74.1
31;26;7;614.0;629.5;716.0;745.5;762.0;691.7;60.6
31;27;7;612.0;617.5;767.0;768.5;772.0;703.3;76.0
31;28;7;618.0;623.0;737.0;746.0;757.0;692.9;62.2
31;29;7;613.0;627.5;715.0;740.0;751.0;687.7;57.6
31;30;7;611.0;628.5;693.0;713.0;742.0;675.6;48.5
31;31;7;615.0;625.0;748.0;756.0;763.0;698.3;66.6
31;32;7;609.0;615.0;712.0;740.5;749.0;683.0;61.7
31;33;7;608.0;615.5;666.0;693.5;729.0;660.1;46.3
31;34;7;609.0;614.0;674.0;702.0;714.0;661.3;44.0
31;35;7;609.0;614.5;664.0;671.5;679.0;646.3;29.8
31;36;7;610.0;613.0;659.0;659.0;659.0;638.9;23.3
31;37;7;610.0;611.0;632.0;632.0;645.0;624.7;12.9
31;38;7;609.0;610.0;645.0;657.0;659.0;635.3;22.6
31;39;7;609.0;609.0;609.0;609.0;609.0;609.0;0.0
31;40;7;609.0;609.0;609.0;609.0;609.0;609.0;0.0
31;41;7;609.0;609.0;609.0;609.0;609.0;609.0;0.0
31;42;7;609.0;609.0;609.0;609.0;609.0;609.0;0.0
31;43;7;609.0;609.0;609.0;609.0;609.0;609.0;0.0
31;44;7;609.0;609.0;609.0;609.0;609.0;609.0;0.0
31;45;7;609.0;609.0;609.0;609.0;609.0;609.0;0.0
31;46;7;609.0;609.0;609.0;609.0;609.0;609.0;0.0
31;47;7;609.0;609.0;609.0;609.0;609.0;609.0;0.0
31;48;7;609.0;609.0;609.0;609.0;609.0;609.0;0.0
31;49;7;609.0;609.0;609.0;609.0;609.0;609.0;0.0
31;50;7;609.0;609.0;609.0;609.0;609.0;609.0;0.0
31;51;7;609.0;609.0;609.0;609.0;609.0;609.0;0.0
31;52;7;609.0;609.0;609.0;609.0;609.0;609.0;0.0
31;53;7;609.0;609.0;609.0;609.0;609.0;609.0;0.0
31;54;7;609.0;609.0;609.0;609.0;609.0;609.0;0.0
31;55;7;609.0;609.0;609.0;609.0;609.0;609.0;0.0
31;56;7;609.0;609.0;609.0;609.0;609.0;609.0;0.0
31;57;7;609.0;609.0;609.0;609.0;609.0;609.0;0.0
31;58;7;609.0;609.0;609.0;609.0;609.0;609.0;0.0
31;59;7;609.0;609.0;609.0;609.0;609.0;609.0;0.0
31;60;7;609.0;609.0;609.0;609.0;609.0;609.0;0.0
31;61;7;609.0;609.0;609.0;609.0;609.0;609.0;0.0
31;62;7;609.0;609.0;609.0;609.0;609.0;609.0;0.0
31;63;7;609.0;609.0;609.0;609.0;609.0;609.0;0.0
31;64;7;609.0;609.0;609.0;609.0;609.0;609.0;0.0
31;65;7;609.0;609.0;609.0;609.0;609.0;609.0;0.0
31;66;7;609.0;609.0;609.0;609.0;609.0;609.0;0.0
31;67;7;609.0;609.0;609.0;609.0;609.0;609.0;0.0
31;68;7;609.0;609.0;609.0;609.0;609.0;609.0;0.0
31;69;7;609.0;609.0;609.0;609.0;609.0;609.0;0.0
31;70;7;609.0;609.0;609.0;609.0;609.0;609.0;0.0
31;71;7;609.0;609.0;609.0;609.0;609.0;609.0;0.0
31;72;7;609.0;609.0;609.0;609.0;609.0;609.0;0.0
31;73;7;609.0;609.0;609.0;609.0;609.0;609.0;0.0
31;74;7;609.0;609.0;609.0;609.0;609.0;609.0;0.0
31;75;7;609.0;609.0;609.0;609.0;609.0;609.0;0.0
31;76;7;609.0;609.0;609.0;609.0;609.0;609.0;0.0
31;77;7;609.0;609.0;609.0;609.0;609.0;609.0;0.0
31;78;7;609.0;609.0;609.0;609.0;609.0;609.0;0.0
31;79;7;613.0;625.5;639.0;755.0;872.0;697.9;109.7
31;80;7;618.0;625.0;626.0;755.5;881.0;698.0;115.5
31;81;7;613.0;621.0;630.0;751.0;873.0;694.3;111.3
31;82;7;625.0;630.0;634.0;734.0;832.0;688.4;88.5
31;83;7;612.0;615.5;625.0;723.5;817.0;676.0;89.1
31;84;7;608.0;613.5;620.0;715.0;802.0;669.6;83.4
31;85;7;608.0;608.0;608.0;672.0;734.0;644.3;55.8
31;86;7;608.0;608.0;608.0;608.0;617.0;609.3;3.1
31;87;7;608.0;608.0;608.0;608.0;608.0;608.0;0.0
31;88;7;608.0;608.0;608.0;608.0;608.0;608.0;0.0
31;89;7;608.0;608.0;608.0;608.0;608.0;608.0;0.0
31;90;7;608.0;608.0;608.0;608.0;608.0;608.0;0.0
31;91;7;608.0;608.0;608.0;608.0;608.0;608.0;0.0
31;92;7;608.0;608.0;608.0;608.0;608.0;608.0;0.0
31;93;7;608.0;608.0;608.0;608.0;608.0;608.0;0.0
31;94;7;608.0;608.0;608.0;608.0;608.0;608.0;0.0
31;95;7;608.0;608.0;608.0;608.0;608.0;608.0;0.0
31;96;7;608.0;608.0;608.0;608.0;608.0;608.0;0.0
31;97;7;608.0;608.0;608.0;608.0;608.0;608.0;0.0
31;98;7;608.0;608.0;608.0;608.0;608.0;608.0;0.0
31;99;7;608.0;608.0;608.0;608.0;608.0;608.0;0.0
32;0;7;692.0;948.5;1213.0;1220.0;1228.0;1067.1;221.4
32;1;7;655.0;914.0;1118.0;1140.5;1158.0;1005.7;199.7
32;2;7;694.0;953.0;1159.0;1178.0;1205.0;1045.7;204.4
32;3;7;688.0;920.5;1158.0;1162.0;1177.0;1026.9;212.3
32;4;7;668.0;886.5;1122.0;1132.0;1140.0;995.3;202.0
32;5;7;646.0;890.0;1162.0;1164.0;1174.0;1012.9;226.5
32;6;7;694.0;959.0;1164.0;1171.5;1176.0;1042.1;199.9
32;7;7;701.0;911.5;1109.0;1117.0;1141.0;1001.1;185.1
32;8;7;648.0;882.5;1099.0;1160.0;1170.0;1000.3;210.8
32;9;7;738.0;911.5;1103.0;1153.5;1181.0;1021.7;180.1
32;10;7;645.0;869.0;1124.0;1148.0;1178.0;997.3;218.8
32;11;7;691.0;914.5;1140.0;1150.5;1172.0;1019.0;205.6
32;12;7;662.0;877.0;1077.0;1092.0;1109.0;969.4;190.1
32;13;7;670.0;884.0;1075.0;1099.0;1120.0;975.9;187.0
32;14;7;645.0;655.0;1020.0;1062.5;1078.0;882.6;200.8
32;15;7;630.0;652.5;991.0;1014.0;1036.0;855.7;183.1
32;16;7;637.0;644.0;995.0;1054.0;1076.0;872.0;200.9
32;17;7;624.0;664.5;974.0;1011.5;1056.0;858.0;181.8
32;18;7;623.0;636.0;923.0;968.5;1006.0;823.0;167.8
32;19;7;631.0;646.5;945.0;972.5;985.0;828.4;162.5
32;20;7;621.0;635.5;904.0;923.5;945.0;798.3;146.0
32;21;7;621.0;627.5;872.0;877.0;912.0;773.4;128.9
32;22;7;628.0;631.0;867.0;876.0;877.0;769.4;120.8
32;23;7;624.0;627.5;830.0;860.5;872.0;757.4;114.2
32;24;7;620.0;622.0;779.0;782.5;810.0;716.9;83.3
32;25;7;615.0;627.0;833.0;842.0;857.0;749.0;109.5
32;26;7;614.0;631.5;732.0;784.0;799.0;710.9;76.5
32;27;7;626.0;635.0;730.0;749.0;765.0;698.4;58.9
32;28;7;609.0;622.5;729.0;732.0;744.0;684.4;57.9
32;29;7;624.0;625.5;695.0;705.5;713.0;670.6;39.8
32;30;7;620.0;624.0;708.0;711.5;717.0;673.7;44.3
32;31;7;618.0;620.0;732.0;757.5;764.0;695.6;66.7
32;32;7;617.0;627.0;666.0;698.0;720.0;664.7;39.3
32;33;7;617.0;632.5;711.0;717.0;721.0;678.3;44.5
32;34;7;621.0;622.5;697.0;726.0;737.0;678.9;50.8
32;35;7;620.0;623.0;686.0;699.0;713.0;666.1;39.0
32;36;7;618.0;631.0;703.0;716.0;740.0;679.3;47.0
32;37;7;610.0;617.5;675.0;683.0;701.0;655.3;35.8
32;38;7;610.0;630.0;673.0;677.5;689.0;655.3;28.7
32;39;7;609.0;615.5;632.0;693.5;707.0;652.3;40.4
32;40;7;612.0;621.0;628.0;699.0;706.0;655.1;40.3
32;41;7;609.0;617.0;625.0;718.0;725.0;661.3;51.4
32;42;7;610.0;625.5;628.0;699.5;711.0;657.0;40.7
32;43;7;609.0;625.0;628.0;748.0;766.0;678.4;66.2
32;44;7;618.0;620.0;628.0;725.0;745.0;668.7;55.9
32;45;7;616.0;619.0;625.0;697.5;714.0;655.4;41.7
32;46;7;625.0;628.0;631.0;675.5;701.0;652.0;29.4
32;47;7;616.0;625.0;628.0;699.5;705.0;656.9;38.8
32;48;7;617.0;625.0;632.0;822.5;856.0;714.3;104.0
32;49;7;628.0;628.0;628.0;651.5;661.0;639.4;14.4
32;50;7;628.0;628.0;628.0;634.0;634.0;630.6;3.0
32;51;7;624.0;628.0;628.0;634.0;634.0;630.0;3.7
32;52;7;624.0;628.0;628.0;634.0;634.0;630.0;3.7
32;53;7;612.0;628.0;628.0;628.0;628.0;625.7;5.6
32;54;7;612.0;628.0;628.0;628.0;628.0;625.7;5.6
32;55;7;612.0;620.0;628.0;628.0;628.0;623.4;7.2
32;56;7;612.0;628.0;628.0;628.0;628.0;625.7;5.6
32;57;7;612.0;612.0;612.0;612.0;628.0;614.3;5.6
32;58;7;609.0;612.0;612.0;620.0;628.0;616.1;7.6
32;59;7;612.0;612.0;612.0;612.0;612.0;612.0;0.0
32;60;7;612.0;612.0;612.0;612.0;612.0;612.0;0.0
32;61;7;612.0;612.0;612.0;612.0;612.0;612.0;0.0
32;62;7;612.0;612.0;612.0;612.0;612.0;612.0;0.0
32;63;7;612.0;612.0;612.0;612.0;612.0;612.0;0.0
32;64;7;612.0;612.0;612.0;612.0;612.0;612.0;0.0
32;65;7;612.0;612.0;612.0;612.0;612.0;612.0;0.0
32;66;7;612.0;612.0;612.0;612.0;612.0;612.0;0.0
32;67;7;612.0;612.0;612.0;612.0;612.0;612.0;0.0
32;68;7;612.0;612.0;612.0;612.0;612.0;612.0;0.0
32;69;7;612.0;612.0;612.0;612.0;612.0;612.0;0.0
32;70;7;612.0;612.0;612.0;612.0;612.0;612.0;0.0
32;71;7;612.0;612.0;612.0;612.0;612.0;612.0;0.0
32;72;7;612.0;612.0;612.0;612.0;612.0;612.0;0.0
32;73;7;612.0;612.0;612.0;612.0;612.0;612.0;0.0
32;74;7;617.0;628.0;631.0;770.5;897.0;706.0;118.4
32;75;7;623.0;629.0;640.0;790.5;956.0;722.6;140.7
32;76;7;613.0;619.0;621.0;769.5;927.0;705.4;132.3
32;77;7;616.0;624.0;626.0;761.0;902.0;702.0;124.3
32;78;7;612.0;629.5;642.0;717.0;795.0;677.4;74.0
32;79;7;613.0;628.0;632.0;720.5;819.0;680.1;84.3
32;80;7;612.0;618.5;632.0;716.0;800.0;673.3;79.0
32;81;7;612.0;612.0;614.0;658.0;686.0;636.0;31.0
32;82;7;612.0;612.0;624.0;666.0;715.0;643.9;40.6
32;83;7;612.0;612.0;612.0;616.5;643.0;617.7;10.8
32;84;7;612.0;612.0;612.0;612.0;612.0;612.0;0.0
32;85;7;612.0;612.0;612.0;612.0;612.0;612.0;0.0
32;86;7;612.0;612.0;612.0;612.0;612.0;612.0;0.0
32;87;7;612.0;612.0;612.0;612.0;612.0;612.0;0.0
32;88;7;612.0;612.0;612.0;612.0;612.0;612.0;0.0
32;89;7;612.0;612.0;612.0;612.0;612.0;612.0;0.0
32;90;7;612.0;612.0;612.0;612.0;612.0;612.0;0.0
32;91;7;612.0;612.0;612.0;612.0;612.0;612.0;0.0
32;92;7;612.0;612.0;612.0;612.0;612.0;612.0;0.0
32;93;7;612.0;612.0;612.0;612.0;612.0;612.0;0.0
32;94;7;612.0;612.0;612.0;612.0;612.0;612.0;0.0
32;95;7;612.0;612.0;612.0;612.0;612.0;612.0;0.0
32;96;7;612.0;612.0;612.0;612.0;612.0;612.0;0.0
32;97;7;612.0;612.0;612.0;612.0;612.0;612.0;0.0
32;98;7;612.0;612.0;612.0;612.0;612.0;612.0;0.0
32;99;7;612.0;612.0;612.0;612.0;612.0;612.0;0.0
33;0;7;744.0;939.0;1139.0;1192.5;1211.0;1051.0;192.5
33;1;7;690.0;941.0;1144.0;1194.5;1223.0;1046.9;212.5
33;2;7;707.0;971.0;1136.0;1176.5;1190.0;1046.9;184.1
33;3;7;708.0;944.5;1196.0;1199.5;1200.0;1056.0;217.8
33;4;7;670.0;959.0;1203.0;1216.5;1220.0;1063.4;220.0
33;5;7;695.0;971.0;1226.0;1234.0;1244.0;1082.1;224.9
33;6;7;661.0;938.5;1143.0;1164.5;1181.0;1027.3;208.5
33;7;7;665.0;907.5;1117.0;1125.0;1165.0;1001.7;202.7
33;8;7;655.0;925.5;1157.0;1173.0;1181.0;1027.1;222.8
33;9;7;699.0;924.0;1135.0;1146.0;1169.0;1020.4;198.9
33;10;7;626.0;845.0;1035.0;1073.0;1096.0;941.9;191.3
33;11;7;661.0;896.5;1116.0;1140.0;1156.0;1000.9;205.2
33;12;7;685.0;907.5;1107.0;1121.0;1133.0;997.4;190.0
33;13;7;645.0;850.0;1035.0;1083.0;1107.0;950.4;184.0
33;14;7;664.0;676.0;1065.0;1070.0;1089.0;901.4;198.9
33;15;7;623.0;660.5;1028.0;1053.0;1063.0;877.3;199.4
33;16;7;630.0;646.5;957.0;992.5;1013.0;839.7;173.1
33;17;7;635.0;653.5;994.0;1010.5;1048.0;857.9;183.2
33;18;7;638.0;654.0;917.0;955.0;1008.0;825.9;155.6
33;19;7;629.0;666.5;983.0;985.5;991.0;843.9;165.2
33;20;7;619.0;626.5;941.0;957.5;968.0;813.7;164.6
33;21;7;618.0;628.0;847.0;893.5;922.0;775.7;133.2
33;22;7;624.0;630.0;880.0;882.0;896.0;774.9;127.3
33;23;7;617.0;620.0;787.0;826.0;849.0;735.0;101.9
33;24;7;617.0;624.5;743.0;816.0;857.0;728.3;97.3
33;25;7;624.0;628.0;811.0;820.0;835.0;738.0;96.7
33;26;7;617.0;621.0;741.0;754.5;765.0;696.3;66.8
33;27;7;619.0;632.5;739.0;755.5;789.0;703.3;66.8
33;28;7;616.0;623.0;688.0;693.5;704.0;663.0;37.2
33;29;7;620.0;626.0;704.0;716.5;727.0;676.6;46.3
33;30;7;618.0;623.5;695.0;711.0;728.0;672.9;45.3
33;31;7;618.0;620.5;677.0;695.0;707.0;661.9;37.8
33;32;7;618.0;625.0;680.0;681.5;685.0;656.6;29.7
33;33;7;619.0;622.5;682.0;701.5;705.0;664.9;38.4
33;34;7;620.0;623.0;664.0;666.5;681.0;649.1;24.1
33;35;7;618.0;621.5;660.0;664.0;667.0;645.1;21.6
33;36;7;619.0;620.0;631.0;661.0;662.0;639.1;19.6
33;37;7;618.0;618.0;627.0;627.5;641.0;625.3;7.7
33;38;7;618.0;620.0;627.0;627.0;627.0;623.7;3.8
33;39;7;618.0;620.0;620.0;627.0;627.0;622.7;3.8
33;40;7;618.0;618.0;618.0;618.0;627.0;619.3;3.1
33;41;7;618.0;620.0;620.0;627.0;627.0;622.7;3.8
33;42;7;618.0;618.0;618.0;624.0;627.0;621.0;3.9
33;43;7;618.0;618.0;620.0;627.0;627.0;622.1;4.3
33;44;7;618.0;618.0;618.0;618.0;618.0;618.0;0.0
33;45;7;618.0;618.0;618.0;618.0;618.0;618.0;0.0
33;46;7;618.0;618.0;618.0;618.0;618.0;618.0;0.0
33;47;7;618.0;618.0;618.0;618.0;618.0;618.0;0.0
33;48;7;618.0;618.0;618.0;618.0;618.0;618.0;0.0
33;49;7;618.0;618.0;618.0;618.0;618.0;618.0;0.0
33;50;7;618.0;618.0;618.0;618.0;618.0;618.0;0.0
33;51;7;618.0;618.0;618.0;618.0;618.0;618.0;0.0
33;52;7;618.0;618.0;618.0;618.0;618.0;618.0;0.0
33;53;7;618.0;618.0;618.0;618.0;618.0;618.0;0.0
33;54;7;618.0;618.0;618.0;618.0;618.0;618.0;0.0
33;55;7;618.0;618.0;618.0;618.0;618.0;618.0;0.0
33;56;7;618.0;618.0;618.0;618.0;618.0;618.0;0.0
33;57;7;618.0;618.0;618.0;618.0;618.0;618.0;0.0
33;58;7;610.0;618.0;618.0;618.0;618.0;616.9;2.8
33;59;7;618.0;618.0;618.0;618.0;618.0;618.0;0.0
33;60;7;618.0;618.0;618.0;618.0;618.0;618.0;0.0
33;61;7;618.0;618.0;618.0;618.0;618.0;618.0;0.0
33;62;7;618.0;618.0;618.0;618.0;618.0;618.0;0.0
33;63;7;618.0;618.0;618.0;618.0;618.0;618.0;0.0
33;64;7;618.0;618.0;618.0;618.0;618.0;618.0;0.0
33;65;7;618.0;618.0;618.0;618.0;618.0;618.0;0.0
33;66;7;618.0;618.0;618.0;618.0;618.0;618.0;0.0
33;67;7;618.0;618.0;618.0;618.0;618.0;618.0;0.0
33;68;7;618.0;618.0;618.0;618.0;618.0;618.0;0.0
33;69;7;618.0;618.0;618.0;618.0;618.0;618.0;0.0
33;70;7;618.0;618.0;618.0;618.0;618.0;618.0;0.0
33;71;7;618.0;618.0;618.0;618.0;618.0;618.0;0.0
33;72;7;618.0;618.0;618.0;618.0;618.0;618.0;0.0
33;73;7;618.0;618.0;618.0;618.0;618.0;618.0;0.0
33;74;7;618.0;618.0;618.0;618.0;618.0;618.0;0.0
33;75;7;618.0;618.0;618.0;618.0;618.0;618.0;0.0
33;76;7;618.0;618.0;618.0;618.0;618.0;618.0;0.0
33;77;7;618.0;618.0;618.0;618.0;618.0;618.0;0.0
33;78;7;618.0;618.0;618.0;618.0;618.0;618.0;0.0
33;79;7;618.0;618.0;618.0;618.0;618.0;618.0;0.0
33;80;7;618.0;618.0;618.0;618.0;618.0;618.0;0.0
33;81;7;618.0;618.0;618.0;618.0;618.0;618.0;0.0
33;82;7;618.0;618.0;618.0;618.0;618.0;618.0;0.0
33;83;7;618.0;618.0;618.0;618.0;618.0;618.0;0.0
33;84;7;618.0;618.0;618.0;618.0;618.0;618.0;0.0
33;85;7;618.0;618.0;618.0;618.0;618.0;618.0;0.0
33;86;7;618.0;618.0;618.0;618.0;618.0;618.0;0.0
33;87;7;618.0;618.0;618.0;618.0;618.0;618.0;0.0
33;88;7;618.0;618.0;618.0;618.0;618.0;618.0;0.0
33;89;7;612.0;618.0;618.0;618.0;618.0;617.1;2.1
33;90;7;618.0;618.0;618.0;618.0;618.0;618.0;0.0
33;91;7;618.0;618.0;618.0;618.0;618.0;618.0;0.0
33;92;7;618.0;618.0;618.0;618.0;618.0;618.0;0.0
33;93;7;618.0;618.0;618.0;618.0;618.0;618.0;0.0
33;94;7;618.0;618.0;618.0;618.0;618.0;618.0;0.0
33;95;7;618.0;618.0;618.0;618.0;618.0;618.0;0.0
33;96;7;618.0;618.0;618.0;618.0;618.0;618.0;0.0
33;97;7;618.0;618.0;618.0;618.0;618.0;618.0;0.0
33;98;7;618.0;618.0;618.0;618.0;618.0;618.0;0.0
33;99;7;618.0;618.0;618.0;618.0;618.0;618.0;0.0
34;0;7;752.0;979.5;1204.0;1212.0;1219.0;1079.7;203.3
34;1;7;738.0;954.0;1168.0;1182.0;1202.0;1054.3;196.7
34;2;7;712.0;928.0;1162.0;1185.0;1189.0;1041.3;207.0
34;3;7;747.0;950.5;1145.0;1164.5;1180.0;1043.1;183.3
34;4;7;683.0;939.0;1159.0;1178.5;1190.0;1038.1;203.0
34;5;7;643.0;878.0;1131.0;1143.5;1165.0;997.4;214.3
34;6;7;661.0;924.0;1109.0;1129.0;1185.0;1008.7;196.4
34;7;7;683.0;936.5;1123.0;1128.0;1136.0;1010.1;184.9
34;8;7;668.0;921.5;1092.0;1096.5;1109.0;986.4;174.2
34;9;7;653.0;884.5;1119.0;1134.5;1139.0;992.7;212.9
34;10;7;695.0;933.0;1159.0;1185.5;1192.0;1040.4;214.5
34;11;7;681.0;936.0;1137.0;1163.5;1183.0;1028.6;199.2
34;12;7;641.0;888.0;1095.0;1106.0;1128.0;978.9;193.0
34;13;7;638.0;836.5;1114.0;1159.5;1173.0;988.1;220.3
34;14;7;653.0;686.0;1061.0;1068.5;1093.0;902.3;197.3
34;15;7;629.0;631.0;964.0;981.5;1015.0;833.3;176.4
34;16;7;621.0;648.5;996.0;1028.5;1055.0;860.9;192.8
34;17;7;638.0;650.0;987.0;1008.0;1016.0;851.0;177.8
34;18;7;636.0;653.0;954.0;976.5;1046.0;842.1;171.2
34;19;7;622.0;635.0;941.0;975.5;996.0;825.7;169.9
34;20;7;628.0;633.5;890.0;939.5;945.0;801.3;147.9
34;21;7;634.0;651.0;922.0;931.0;957.0;811.0;144.0
34;22;7;618.0;629.5;845.0;862.0;868.0;759.1;115.9
34;23;7;618.0;626.0;858.0;876.0;896.0;768.0;125.8
34;24;7;633.0;636.0;850.0;855.0;859.0;760.6;108.8
34;25;7;625.0;626.0;781.0;828.0;838.0;736.0;97.0
34;26;7;619.0;627.0;747.0;770.5;786.0;706.7;72.6
34;27;7;621.0;630.0;781.0;799.0;810.0;724.3;84.7
34;28;7;614.0;618.0;703.0;727.5;738.0;678.0;54.3
34;29;7;623.0;634.5;667.0;696.5;711.0;666.1;33.5
34;30;7;610.0;623.5;667.0;679.0;684.0;652.3;29.7
34;31;7;617.0;624.0;658.0;663.0;668.0;645.3;20.9
34;32;7;614.0;620.5;670.0;673.0;675.0;649.4;27.0
34;33;7;613.0;623.5;654.0;661.5;663.0;642.9;21.0
34;34;7;613.0;625.0;655.0;659.5;675.0;644.6;21.6
34;35;7;612.0;613.0;649.0;652.5;655.0;635.3;19.7
34;36;7;613.0;629.5;655.0;655.0;655.0;641.7;16.3
34;37;7;613.0;613.0;613.0;630.0;655.0;623.9;17.3
34;38;7;613.0;613.0;613.0;613.0;613.0;613.0;0.0
34;39;7;613.0;613.0;613.0;613.0;613.0;613.0;0.0
34;40;7;613.0;613.0;613.0;613.0;613.0;613.0;0.0
34;41;7;613.0;613.0;613.0;613.0;613.0;613.0;0.0
34;42;7;613.0;613.0;613.0;613.0;613.0;613.0;0.0
34;43;7;613.0;613.0;613.0;613.0;613.0;613.0;0.0
34;44;7;613.0;613.0;613.0;613.0;613.0;613.0;0.0
34;45;7;613.0;613.0;613.0;613.0;613.0;613.0;0.0
34;46;7;613.0;613.0;613.0;613.0;613.0;613.0;0.0
34;47;7;613.0;613.0;613.0;613.0;613.0;613.0;0.0
34;48;7;613.0;613.0;613.0;613.0;613.0;613.0;0.0
34;49;7;613.0;613.0;613.0;613.0;613.0;613.0;0.0
34;50;7;613.0;613.0;613.0;613.0;613.0;613.0;0.0
34;51;7;613.0;613.0;613.0;613.0;613.0;613.0;0.0
34;52;7;613.0;613.0;613.0;613.0;613.0;613.0;0.0
34;53;7;613.0;613.0;613.0;613.0;613.0;613.0;0.0
34;54;7;613.0;613.0;613.0;613.0;613.0;613.0;0.0
34;55;7;613.0;613.0;613.0;613.0;613.0;613.0;0.0
34;56;7;613.0;613.0;613.0;613.0;613.0;613.0;0.0
34;57;7;613.0;613.0;613.0;613.0;613.0;613.0;0.0
34;58;7;613.0;613.0;613.0;613.0;613.0;613.0;0.0
34;59;7;613.0;613.0;613.0;613.0;613.0;613.0;0.0
34;60;7;612.0;613.0;613.0;613.0;613.0;612.9;0.3
34;61;7;613.0;613.0;613.0;613.0;613.0;613.0;0.0
34;62;7;613.0;613.0;613.0;613.0;613.0;613.0;0.0
34;63;7;613.0;613.0;613.0;613.0;613.0;613.0;0.0
34;64;7;613.0;613.0;613.0;613.0;613.0;613.0;0.0
34;65;7;613.0;613.0;613.0;613.0;613.0;613.0;0.0
34;66;7;613.0;613.0;613.0;613.0;613.0;613.0;0.0
34;67;7;613.0;613.0;613.0;613.0;613.0;613.0;0.0
34;68;7;613.0;613.0;613.0;613.0;613.0;613.0;0.0
34;69;7;613.0;613.0;613.0;613.0;613.0;613.0;0.0
34;70;7;613.0;613.0;613.0;613.0;613.0;613.0;0.0
34;71;7;613.0;613.0;613.0;613.0;613.0;613.0;0.0
34;72;7;613.0;613.0;613.0;613.0;613.0;613.0;0.0
34;73;7;613.0;613.0;613.0;613.0;613.0;613.0;0.0
34;74;7;613.0;613.0;613.0;613.0;613.0;613.0;0.0
34;75;7;613.0;613.0;613.0;613.0;613.0;613.0;0.0
34;76;7;611.0;627.0;631.0;797.5;971.0;723.1;153.5
34;77;7;621.0;623.0;629.0;768.5;906.0;705.6;125.6
34;78;7;610.0;619.0;628.0;746.5;870.0;691.3;111.0
34;79;7;623.0;640.0;643.0;784.5;906.0;717.3;119.8
34;80;7;612.0;618.5;637.0;737.0;869.0;689.9;102.6
34;81;7;617.0;620.5;626.0;742.0;846.0;687.7;96.9
34;82;7;609.0;624.0;631.0;717.5;821.0;677.7;85.4
34;83;7;610.0;611.0;626.0;713.0;818.0;671.7;86.9
34;84;7;617.0;620.5;629.0;697.5;763.0;663.6;61.6
34;85;7;618.0;627.5;631.0;634.0;790.0;651.7;56.7
34;86;7;610.0;610.5;629.0;649.5;822.0;654.4;70.8
34;87;7;617.0;620.0;629.0;633.0;813.0;652.1;66.0
34;88;7;609.0;612.5;618.0;628.0;777.0;640.7;56.1
34;89;7;609.0;610.0;610.0;610.5;756.0;630.9;51.1
34;90;7;609.0;609.0;609.0;617.0;632.0;614.6;9.0
34;91;7;609.0;609.0;609.0;609.0;632.0;612.3;8.0
34;92;7;609.0;609.0;609.0;609.0;632.0;612.3;8.0
34;93;7;609.0;609.0;609.0;609.0;632.0;612.3;8.0
34;94;7;609.0;609.0;609.0;609.0;609.0;609.0;0.0
34;95;7;609.0;609.0;609.0;609.0;609.0;609.0;0.0
34;96;7;609.0;609.0;609.0;609.0;609.0;609.0;0.0
34;97;7;609.0;609.0;609.0;609.0;609.0;609.0;0.0
34;98;7;609.0;609.0;609.0;609.0;609.0;609.0;0.0
34;99;7;609.0;609.0;609.0;609.0;609.0;609.0;0.0
35;0;7;671.0;940.5;1182.0;1193.0;1227.0;1049.6;231.1
35;1;7;733.0;963.5;1188.0;1198.5;1199.0;1063.4;206.8
35;2;7;645.0;888.0;1083.0;1169.0;1189.0;1004.4;214.8
35;3;7;735.0;975.5;1188.0;1195.5;1203.0;1066.9;194.6
35;4;7;696.0;935.0;1161.0;1169.0;1177.0;1034.6;207.4
35;5;7;678.0;914.5;1157.0;1160.0;1188.0;1024.6;202.7
35;6;7;642.0;939.5;1178.0;1194.0;1200.0;1041.0;221.7
35;7;7;672.0;945.5;1164.0;1168.5;1175.0;1034.1;211.3
35;8;7;648.0;929.5;1147.0;1169.5;1198.0;1027.3;216.7
35;9;7;698.0;930.0;1105.0;1151.5;1164.0;1018.6;185.9
35;10;7;692.0;894.0;1095.0;1106.0;1123.0;987.1;178.4
35;11;7;628.0;865.5;1083.0;1122.0;1136.0;974.6;206.3
35;12;7;632.0;854.0;1069.0;1089.0;1126.0;959.0;205.1
35;13;7;633.0;841.5;1018.0;1042.5;1078.0;928.1;176.0
35;14;7;618.0;664.0;1023.0;1035.5;1055.0;870.7;193.1
35;15;7;630.0;655.5;995.0;1011.0;1052.0;858.6;184.1
35;16;7;626.0;695.0;1019.0;1048.0;1073.0;886.3;188.1
35;17;7;635.0;637.5;991.0;996.0;1020.0;844.7;180.4
35;18;7;619.0;630.5;925.0;1002.0;1024.0;833.3;181.3
35;19;7;617.0;624.0;946.0;960.0;981.0;816.0;168.6
35;20;7;620.0;633.0;945.0;966.0;982.0;820.7;166.7
35;21;7;623.0;630.0;913.0;921.5;931.0;795.7;145.7
35;22;7;609.0;630.5;868.0;910.5;952.0;787.3;144.0
35;23;7;618.0;624.5;817.0;842.0;849.0;745.3;106.9
35;24;7;617.0;632.5;806.0;834.5;865.0;746.0;105.0
35;25;7;623.0;630.5;773.0;785.5;809.0;719.6;80.1
35;26;7;611.0;621.0;744.0;754.5;784.0;698.6;71.1
35;27;7;613.0;628.5;746.0;751.0;760.0;696.9;64.0
35;28;7;628.0;641.0;764.0;771.0;782.0;714.0;67.3
35;29;7;616.0;626.5;715.0;740.5;765.0;690.0;59.9
35;30;7;614.0;624.5;754.0;775.0;778.0;706.4;74.4
35;31;7;615.0;631.5;728.0;741.5;759.0;692.6;58.5
35;32;7;619.0;632.5;725.0;743.0;760.0;693.6;57.8
35;33;7;615.0;625.0;692.0;716.5;733.0;674.7;47.6
35;34;7;618.0;625.5;693.0;702.0;741.0;672.4;45.1
35;35;7;611.0;617.5;753.0;757.0;771.0;697.7;71.6
35;36;7;610.0;623.5;718.0;733.0;744.0;683.6;56.7
35;37;7;611.0;618.0;670.0;685.0;687.0;653.4;33.2
35;38;7;619.0;621.0;681.0;699.0;727.0;666.7;42.1
35;39;7;610.0;611.0;618.0;708.0;730.0;656.6;51.5
35;40;7;611.0;616.0;626.0;712.0;728.0;660.1;50.0
35;41;7;612.0;618.0;639.0;694.5;705.0;654.4;38.7
35;42;7;610.0;613.0;618.0;716.0;736.0;660.3;54.9
35;43;7;614.0;619.0;633.0;691.0;702.0;652.7;37.4
35;44;7;611.0;616.0;624.0;702.5;730.0;657.4;47.9
35;45;7;618.0;629.5;633.0;658.0;667.0;641.9;17.6
35;46;7;612.0;622.5;633.0;695.0;702.0;654.6;38.1
35;47;7;610.0;612.0;626.0;680.0;680.0;642.9;32.5
35;48;7;612.0;625.0;626.0;675.5;680.0;645.6;27.7
35;49;7;612.0;618.5;625.0;692.5;804.0;666.1;65.4
35;50;7;610.0;612.0;612.0;667.0;667.0;635.3;27.5
35;51;7;612.0;613.0;625.0;667.0;667.0;637.7;25.7
35;52;7;610.0;612.0;612.0;667.0;667.0;635.3;27.5
35;53;7;612.0;618.5;625.0;667.0;667.0;639.3;24.5
35;54;7;612.0;612.5;625.0;646.0;656.0;630.0;17.5
35;55;7;610.0;611.0;613.0;667.0;667.0;635.1;27.6
35;56;7;610.0;610.0;610.0;656.0;667.0;631.3;24.8
35;57;7;611.0;611.0;611.0;654.5;656.0;629.9;21.8
35;58;7;611.0;611.0;611.0;644.5;656.0;627.0;19.8
35;59;7;610.0;610.0;610.0;632.5;633.0;619.7;11.2
35;60;7;610.0;610.0;611.0;633.0;633.0;620.0;11.3
35;61;7;610.0;610.0;610.0;621.5;633.0;616.6;10.4
35;62;7;610.0;610.0;610.0;610.0;633.0;613.3;8.0
35;63;7;610.0;610.0;610.0;610.0;610.0;610.0;0.0
35;64;7;610.0;610.0;610.0;610.0;610.0;610.0;0.0
35;65;7;610.0;610.0;610.0;610.0;610.0;610.0;0.0
35;66;7;610.0;610.0;610.0;610.0;610.0;610.0;0.0
35;67;7;610.0;610.0;610.0;610.0;610.0;610.0;0.0
35;68;7;633.0;637.5;662.0;825.0;982.0;743.1;150.1
35;69;7;620.0;626.0;633.0;762.0;898.0;703.9;120.4
35;70;7;612.0;629.0;634.0;763.0;892.0;703.1;119.6
35;71;7;615.0;619.0;626.0;747.0;898.0;695.9;117.8
35;72;7;609.0;616.0;627.0;738.5;854.0;685.6;105.2
35;73;7;624.0;629.0;631.0;732.5;834.0;687.4;92.1
35;74;7;610.0;630.0;634.0;702.0;782.0;670.0;67.3
35;75;7;610.0;611.0;613.0;679.0;740.0;649.0;57.3
35;76;7;608.0;610.0;624.0;665.5;728.0;644.4;46.7
35;77;7;610.0;610.0;610.0;638.0;680.0;628.0;26.3
35;78;7;610.0;610.0;610.0;610.0;610.0;610.0;0.0
35;79;7;610.0;610.0;610.0;610.0;610.0;610.0;0.0
35;80;7;610.0;610.0;610.0;610.0;610.0;610.0;0.0
35;81;7;610.0;610.0;610.0;610.0;610.0;610.0;0.0
35;82;7;610.0;610.0;610.0;610.0;610.0;610.0;0.0
35;83;7;610.0;610.0;610.0;610.0;610.0;610.0;0.0
35;84;7;610.0;610.0;610.0;610.0;610.0;610.0;0.0
35;85;7;610.0;610.0;610.0;610.0;610.0;610.0;0.0
35;86;7;610.0;610.0;610.0;610.0;610.0;610.0;0.0
35;87;7;610.0;610.0;610.0;610.0;610.0;610.0;0.0
35;88;7;610.0;610.0;610.0;610.0;610.0;610.0;0.0
35;89;7;610.0;610.0;610.0;610.0;610.0;610.0;0.0
35;90;7;610.0;610.0;610.0;610.0;610.0;610.0;0.0
35;91;7;610.0;610.0;610.0;610.0;610.0;610.0;0.0
35;92;7;610.0;610.0;610.0;610.0;610.0;610.0;0.0
35;93;7;610.0;610.0;610.0;610.0;610.0;610.0;0.0
35;94;7;610.0;610.0;610.0;610.0;610.0;610.0;0.0
35;95;7;610.0;610.0;610.0;610.0;610.0;610.0;0.0
35;96;7;610.0;610.0;610.0;610.0;610.0;610.0;0.0
35;97;7;610.0;610.0;610.0;610.0;610.0;610.0;0.0
35;98;7;610.0;610.0;610.0;610.0;610.0;610.0;0.0
35;99;7;610.0;610.0;610.0;610.0;610.0;610.0;0.0
36;0;7;716.0;947.0;1166.0;1189.5;1210.0;1052.1;204.1
36;1;7;726.0;946.5;1184.0;1194.0;1215.0;1058.0;202.7
36;2;7;669.0;970.0;1181.0;1192.5;1219.0;1056.3;216.6
36;3;7;723.0;923.5;1121.0;1163.5;1176.0;1027.7;192.5
36;4;7;688.0;952.5;1171.0;1180.0;1187.0;1044.4;203.7
36;5;7;689.0;934.5;1135.0;1158.0;1178.0;1026.7;195.0
36;6;7;698.0;959.5;1121.0;1132.0;1138.0;1020.0;171.6
36;7;7;723.0;966.0;1168.0;1180.0;1195.0;1054.0;194.1
36;8;7;653.0;908.0;1149.0;1172.0;1179.0;1020.1;221.1
36;9;7;649.0;873.5;1101.0;1113.5;1140.0;980.6;204.5
36;10;7;663.0;878.5;1082.0;1101.0;1131.0;976.4;190.5
36;11;7;638.0;890.5;1124.0;1142.0;1177.0;1000.6;222.2
36;12;7;657.0;872.5;1064.0;1101.0;1121.0;969.9;191.1
36;13;7;677.0;908.5;1123.0;1128.0;1130.0;1000.4;188.8
36;14;7;696.0;705.0;1096.0;1102.5;1111.0;931.1;198.5
36;15;7;671.0;678.0;1107.0;1138.5;1148.0;937.0;226.6
36;16;7;633.0;673.0;1040.0;1057.0;1088.0;888.7;200.0
36;17;7;620.0;625.0;954.0;1018.5;1057.0;845.4;194.9
36;18;7;640.0;674.0;1034.0;1043.5;1052.0;880.1;189.5
36;19;7;622.0;657.5;994.0;1017.0;1042.0;858.1;185.4
36;20;7;622.0;637.0;936.0;945.5;1032.0;822.1;167.4
36;21;7;625.0;633.5;873.0;894.5;930.0;783.4;133.3
36;22;7;634.0;636.0;875.0;902.5;907.0;784.7;129.7
36;23;7;621.0;627.5;848.0;866.5;900.0;765.3;122.3
36;24;7;632.0;633.0;813.0;831.5;847.0;745.9;98.5
36;25;7;626.0;651.0;766.0;836.0;862.0;746.9;95.7
36;26;7;627.0;634.5;753.0;826.5;860.0;737.4;96.1
36;27;7;622.0;625.5;766.0;784.5;802.0;715.7;79.8
36;28;7;621.0;630.5;755.0;765.0;776.0;706.1;68.7
36;29;7;625.0;630.0;695.0;697.0;707.0;668.7;35.2
36;30;7;614.0;620.5;728.0;733.5;747.0;685.3;58.3
36;31;7;618.0;628.5;687.0;717.0;722.0;674.0;43.9
36;32;7;620.0;624.5;682.0;706.5;724.0;669.7;42.2
36;33;7;624.0;630.0;665.0;671.5;682.0;653.4;22.7
36;34;7;621.0;630.5;683.0;689.5;691.0;662.1;30.4
36;35;7;625.0;626.0;663.0;676.0;683.0;653.6;25.0
36;36;7;614.0;623.0;649.0;663.5;680.0;645.1;23.5
36;37;7;625.0;625.5;633.0;633.0;633.0;629.7;3.8
36;38;7;625.0;625.0;633.0;633.0;633.0;629.6;4.0
36;39;7;625.0;625.0;625.0;630.5;632.0;627.6;3.0
36;40;7;625.0;625.0;625.0;631.0;632.0;627.7;3.2
36;41;7;625.0;625.0;625.0;630.0;630.0;627.1;2.5
36;42;7;625.0;625.0;625.0;632.0;632.0;628.0;3.5
36;43;7;625.0;625.0;625.0;631.0;632.0;627.7;3.2
36;44;7;625.0;625.0;625.0;627.0;629.0;626.1;1.8
36;45;7;625.0;625.0;625.0;625.0;625.0;625.0;0.0
36;46;7;625.0;625.0;625.0;625.0;625.0;625.0;0.0
36;47;7;625.0;625.0;625.0;625.0;625.0;625.0;0.0
36;48;7;625.0;625.0;625.0;625.0;625.0;625.0;0.0
36;49;7;625.0;625.0;625.0;625.0;625.0;625.0;0.0
36;50;7;625.0;625.0;625.0;625.0;625.0;625.0;0.0
36;51;7;625.0;625.0;625.0;625.0;625.0;625.0;0.0
36;52;7;625.0;625.0;625.0;625.0;625.0;625.0;0.0
36;53;7;625.0;625.0;625.0;625.0;625.0;625.0;0.0
36;54;7;625.0;625.0;625.0;625.0;625.0;625.0;0.0
36;55;7;625.0;625.0;625.0;625.0;625.0;625.0;0.0
36;56;7;625.0;625.0;625.0;625.0;625.0;625.0;0.0
36;57;7;625.0;625.0;625.0;625.0;625.0;625.0;0.0
36;58;7;625.0;625.0;625.0;625.0;625.0;625.0;0.0
36;59;7;625.0;625.0;625.0;625.0;625.0;625.0;0.0
36;60;7;619.0;625.0;625.0;625.0;625.0;624.1;2.1
36;61;7;625.0;625.0;625.0;625.0;625.0;625.0;0.0
36;62;7;625.0;625.0;625.0;625.0;625.0;625.0;0.0
36;63;7;625.0;625.0;625.0;625.0;625.0;625.0;0.0
36;64;7;625.0;625.0;625.0;625.0;625.0;625.0;0.0
36;65;7;625.0;625.0;625.0;625.0;625.0;625.0;0.0
36;66;7;625.0;625.0;625.0;625.0;625.0;625.0;0.0
36;67;7;625.0;625.0;625.0;625.0;625.0;625.0;0.0
36;68;7;625.0;625.0;625.0;625.0;625.0;625.0;0.0
36;69;7;625.0;625.0;625.0;625.0;625.0;625.0;0.0
36;70;7;625.0;625.0;625.0;625.0;625.0;625.0;0.0
36;71;7;625.0;625.0;625.0;625.0;625.0;625.0;0.0
36;72;7;625.0;625.0;625.0;625.0;625.0;625.0;0.0
36;73;7;625.0;625.0;625.0;625.0;625.0;625.0;0.0
36;74;7;625.0;625.0;625.0;625.0;625.0;625.0;0.0
36;75;7;625.0;625.0;625.0;625.0;625.0;625.0;0.0
36;76;7;619.0;620.0;622.0;741.5;880.0;692.0;111.5
36;77;7;624.0;632.5;663.0;799.5;921.0;724.6;124.4
36;78;7;618.0;624.0;626.0;720.5;838.0;681.6;89.6
36;79;7;619.0;622.5;631.0;728.5;838.0;684.3;91.3
36;80;7;618.0;619.5;625.0;712.5;797.0;672.0;78.8
36;81;7;620.0;621.0;628.0;717.0;814.0;676.9;82.5
36;82;7;620.0;621.5;633.0;690.5;752.0;661.3;55.8
36;83;7;617.0;624.0;626.0;703.5;787.0;669.3;70.8
36;84;7;616.0;621.5;631.0;705.5;813.0;673.4;76.9
36;85;7;620.0;624.5;625.0;629.0;679.0;633.0;19.1
36;86;7;625.0;625.0;625.0;625.0;633.0;626.1;2.8
36;87;7;625.0;625.0;625.0;625.0;629.0;625.6;1.4
36;88;7;625.0;625.0;625.0;625.0;629.0;625.6;1.4
36;89;7;625.0;625.0;625.0;626.0;629.0;625.9;1.4
36;90;7;620.0;625.0;625.0;625.0;629.0;624.9;2.4
36;91;7;621.0;625.0;625.0;625.0;629.0;625.0;2.1
36;92;7;625.0;625.0;625.0;625.0;629.0;625.6;1.4
36;93;7;625.0;625.0;625.0;625.0;629.0;625.6;1.4
36;94;7;625.0;625.0;625.0;625.0;625.0;625.0;0.0
36;95;7;625.0;625.0;625.0;625.0;625.0;625.0;0.0
36;96;7;625.0;625.0;625.0;625.0;625.0;625.0;0.0
36;97;7;625.0;625.0;625.0;625.0;625.0;625.0;0.0
36;98;7;625.0;625.0;625.0;625.0;625.0;625.0;0.0
36;99;7;625.0;625.0;625.0;625.0;625.0;625.0;0.0
37;0;7;822.0;998.5;1208.0;1223.0;1229.0;1100.3;175.9
37;1;7;776.0;1005.5;1233.0;1255.5;1270.0;1114.4;208.2
37;2;7;744.0;979.5;1193.0;1212.5;1238.0;1079.9;205.0
37;3;7;649.0;952.5;1180.0;1200.0;1208.0;1048.9;223.4
37;4;7;693.0;928.0;1165.0;1185.5;1214.0;1042.7;221.1
37;5;7;703.0;916.0;1150.0;1155.0;1177.0;1024.6;196.1
37;6;7;702.0;965.5;1161.0;1183.0;1186.0;1049.4;196.0
37;7;7;670.0;917.5;1114.0;1141.0;1145.0;1006.6;197.0
37;8;7;693.0;960.0;1187.0;1193.0;1197.0;1054.7;216.4
37;9;7;659.0;922.0;1133.0;1148.5;1163.0;1013.7;205.0
37;10;7;655.0;876.0;1069.0;1101.0;1131.0;972.7;189.9
37;11;7;667.0;912.0;1139.0;1152.0;1163.0;1013.9;213.6
37;12;7;616.0;871.5;1069.0;1084.0;1126.0;960.3;197.6
37;13;7;620.0;820.0;1028.0;1041.0;1081.0;921.6;191.3
37;14;7;632.0;671.5;1019.0;1022.0;1058.0;870.9;185.6
37;15;7;645.0;677.5;1043.0;1046.5;1057.0;884.7;189.3
37;16;7;634.0;649.0;1020.0;1041.0;1073.0;872.4;198.4
37;17;7;638.0;711.0;1046.0;1050.0;1054.0;894.3;181.2
37;18;7;628.0;636.5;905.0;942.5;969.0;808.6;152.7
37;19;7;636.0;642.5;979.0;991.5;993.0;839.4;172.5
37;20;7;629.0;665.5;975.0;976.5;984.0;838.9;161.1
37;21;7;620.0;638.0;883.0;925.5;968.0;799.7;147.6
37;22;7;623.0;632.0;881.0;954.5;964.0;805.9;155.3
37;23;7;626.0;647.5;809.0;844.5;878.0;756.7;102.8
37;24;7;613.0;618.0;818.0;851.5;868.0;748.3;115.4
37;25;7;614.0;626.0;812.0;817.5;828.0;734.4;97.7
37;26;7;620.0;622.0;751.0;767.5;810.0;708.6;77.4
37;27;7;613.0;629.5;741.0;753.5;765.0;697.9;64.5
37;28;7;632.0;635.0;749.0;753.0;757.0;702.0;58.9
37;29;7;611.0;623.5;697.0;707.5;726.0;670.9;45.7
37;30;7;609.0;616.0;706.0;713.5;744.0;674.0;53.5
37;31;7;609.0;631.0;670.0;681.0;690.0;656.1;29.6
37;32;7;609.0;609.0;646.0;658.0;664.0;636.1;24.0
37;33;7;609.0;609.0;640.0;641.5;644.0;627.7;16.3
37;34;7;609.0;609.0;611.0;629.5;640.0;619.6;13.3
37;35;7;609.0;609.0;609.0;609.0;609.0;609.0;0.0
37;36;7;609.0;609.0;609.0;609.0;609.0;609.0;0.0
37;37;7;609.0;609.0;609.0;609.0;609.0;609.0;0.0
37;38;7;609.0;609.0;609.0;609.0;609.0;609.0;0.0
37;39;7;609.0;609.0;609.0;609.0;609.0;609.0;0.0
37;40;7;609.0;609.0;609.0;609.0;609.0;609.0;0.0
37;41;7;609.0;609.0;609.0;609.0;609.0;609.0;0.0
37;42;7;609.0;609.0;609.0;609.0;609.0;609.0;0.0
37;43;7;609.0;609.0;609.0;609.0;609.0;609.0;0.0
37;44;7;609.0;609.0;609.0;609.0;609.0;609.0;0.0
37;45;7;609.0;609.0;609.0;609.0;609.0;609.0;0.0
37;46;7;609.0;609.0;609.0;609.0;609.0;609.0;0.0
37;47;7;609.0;609.0;609.0;609.0;609.0;609.0;0.0
37;48;7;609.0;609.0;609.0;609.0;609.0;609.0;0.0
37;49;7;609.0;609.0;609.0;609.0;609.0;609.0;0.0
37;50;7;609.0;609.0;609.0;609.0;609.0;609.0;0.0
37;51;7;609.0;609.0;609.0;609.0;609.0;609.0;0.0
37;52;7;609.0;609.0;609.0;609.0;609.0;609.0;0.0
37;53;7;609.0;609.0;609.0;609.0;609.0;609.0;0.0
37;54;7;609.0;609.0;609.0;609.0;609.0;609.0;0.0
37;55;7;609.0;609.0;609.0;609.0;609.0;609.0;0.0
37;56;7;609.0;609.0;609.0;609.0;609.0;609.0;0.0
37;57;7;609.0;609.0;609.0;609.0;609.0;609.0;0.0
37;58;7;609.0;609.0;609.0;609.0;609.0;609.0;0.0
37;59;7;609.0;609.0;609.0;609.0;609.0;609.0;0.0
37;60;7;609.0;609.0;609.0;609.0;609.0;609.0;0.0
37;61;7;609.0;609.0;609.0;609.0;609.0;609.0;0.0
37;62;7;609.0;609.0;609.0;609.0;609.0;609.0;0.0
37;63;7;609.0;609.0;609.0;609.0;609.0;609.0;0.0
37;64;7;609.0;609.0;609.0;609.0;609.0;609.0;0.0
37;65;7;609.0;609.0;609.0;609.0;609.0;609.0;0.0
37;66;7;609.0;609.0;609.0;609.0;609.0;609.0;0.0
37;67;7;609.0;609.0;609.0;609.0;609.0;609.0;0.0
37;68;7;609.0;609.0;609.0;609.0;609.0;609.0;0.0
37;69;7;609.0;609.0;609.0;609.0;609.0;609.0;0.0
37;70;7;609.0;609.0;609.0;609.0;609.0;609.0;0.0
37;71;7;609.0;609.0;609.0;609.0;609.0;609.0;0.0
37;72;7;609.0;609.0;609.0;609.0;609.0;609.0;0.0
37;73;7;609.0;609.0;609.0;609.0;609.0;609.0;0.0
37;74;7;609.0;609.0;609.0;609.0;609.0;609.0;0.0
37;75;7;609.0;609.0;609.0;609.0;609.0;609.0;0.0
37;76;7;612.0;618.5;622.0;788.5;953.0;714.4;148.8
37;77;7;609.0;623.0;630.0;780.0;923.0;709.7;134.2
37;78;7;610.0;614.5;617.0;746.5;869.0;688.3;112.9
37;79;7;609.0;617.5;627.0;737.0;846.0;684.4;98.9
37;80;7;610.0;620.0;632.0;751.0;866.0;692.9;105.9
37;81;7;608.0;610.0;610.0;709.0;798.0;664.9;84.0
37;82;7;610.0;613.0;616.0;666.0;735.0;645.6;50.0
37;83;7;610.0;616.0;616.0;631.0;643.0;623.3;12.7
37;84;7;610.0;616.0;616.0;640.5;663.0;628.9;21.4
37;85;7;610.0;616.0;616.0;629.5;643.0;622.9;12.9
37;86;7;610.0;613.0;616.0;629.5;643.0;622.0;13.5
37;87;7;616.0;616.0;616.0;629.5;643.0;623.7;12.2
37;88;7;612.0;614.0;616.0;666.0;718.0;643.7;46.4
37;89;7;612.0;613.0;616.0;617.0;718.0;629.4;36.2
37;90;7;609.0;612.5;616.0;616.0;716.0;628.3;35.9
37;91;7;616.0;616.0;616.0;617.5;716.0;630.7;34.8
37;92;7;610.0;614.0;616.0;617.0;716.0;629.1;35.5
37;93;7;612.0;616.0;616.0;624.5;718.0;632.4;35.2
37;94;7;612.0;616.0;616.0;618.0;718.0;630.6;35.7
37;95;7;612.0;616.0;616.0;621.0;718.0;631.4;35.5
37;96;7;612.0;614.0;616.0;616.0;716.0;629.1;35.5
37;97;7;610.0;614.0;616.0;618.5;716.0;629.6;35.4
37;98;7;612.0;616.0;616.0;619.5;718.0;631.0;35.6
37;99;7;610.0;614.0;616.0;618.5;711.0;628.9;33.7
38;0;7;666.0;967.5;1158.0;1173.0;1198.0;1043.3;202.2
38;1;7;705.0;928.5;1146.0;1153.0;1161.0;1025.0;200.6
38;2;7;680.0;964.0;1191.0;1201.5;1220.0;1060.3;220.6
38;3;7;715.0;917.5;1135.0;1156.0;1176.0;1024.7;195.2
38;4;7;715.0;935.5;1156.0;1177.5;1191.0;1041.1;201.9
38;5;7;735.0;957.0;1172.0;1181.5;1186.0;1052.9;198.3
38;6;7;676.0;920.0;1171.0;1173.0;1200.0;1033.3;216.8
38;7;7;695.0;910.5;1125.0;1157.5;1163.0;1017.0;200.6
38;8;7;636.0;899.0;1101.0;1167.5;1184.0;1007.7;217.8
38;9;7;651.0;921.0;1157.0;1186.0;1189.0;1030.1;223.6
38;10;7;650.0;908.0;1112.0;1152.5;1180.0;1009.0;205.7
38;11;7;699.0;903.5;1103.0;1109.5;1119.0;992.4;176.4
38;12;7;640.0;903.0;1096.0;1119.0;1140.0;988.6;192.4
38;13;7;679.0;886.5;1094.0;1103.5;1131.0;983.4;191.1
38;14;7;650.0;689.0;1040.0;1088.0;1105.0;907.0;201.4
38;15;7;663.0;698.5;1039.0;1048.5;1062.0;894.0;180.3
38;16;7;628.0;648.5;1048.0;1051.5;1068.0;877.7;204.6
38;17;7;627.0;629.0;952.0;986.0;1047.0;836.6;182.4
38;18;7;624.0;632.0;958.0;973.5;989.0;826.0;170.6
38;19;7;618.0;631.5;926.0;945.0;997.0;813.4;162.8
38;20;7;612.0;639.5;933.0;951.0;968.0;813.4;159.1
38;21;7;627.0;635.0;932.0;939.5;956.0;809.1;153.3
38;22;7;616.0;635.0;852.0;875.5;877.0;766.6;119.9
38;23;7;619.0;626.5;848.0;866.0;882.0;762.0;120.2
38;24;7;624.0;627.5;825.0;843.5;853.0;749.1;106.7
38;25;7;619.0;627.5;744.0;767.5;785.0;705.4;71.1
38;26;7;613.0;625.0;733.0;748.0;772.0;694.9;65.2
38;27;7;619.0;623.0;762.0;765.0;807.0;709.1;77.1
38;28;7;614.0;627.5;687.0;696.0;727.0;667.9;40.9
38;29;7;618.0;625.0;699.0;721.0;747.0;679.4;51.0
38;30;7;612.0;619.0;685.0;692.5;707.0;661.0;39.1
38;31;7;614.0;632.0;711.0;719.5;725.0;679.0;46.7
38;32;7;620.0;623.5;702.0;705.0;709.0;669.7;41.1
38;33;7;619.0;623.0;681.0;717.5;755.0;676.6;51.9
38;34;7;610.0;621.5;669.0;677.5;682.0;651.3;29.6
38;35;7;619.0;621.5;636.0;638.5;650.0;632.1;10.9
38;36;7;621.0;627.5;639.0;643.5;654.0;636.6;11.4
38;37;7;619.0;620.0;625.0;626.0;627.0;623.3;3.3
38;38;7;619.0;621.0;625.0;625.0;625.0;623.0;2.4
38;39;7;619.0;619.0;621.0;625.0;625.0;621.9;2.8
38;40;7;619.0;619.0;619.0;625.0;625.0;621.6;3.0
38;41;7;619.0;619.0;619.0;624.0;625.0;621.3;2.7
38;42;7;619.0;619.0;619.0;619.0;619.0;619.0;0.0
38;43;7;619.0;619.0;619.0;619.0;619.0;619.0;0.0
38;44;7;619.0;619.0;619.0;619.0;619.0;619.0;0.0
38;45;7;619.0;619.0;619.0;619.0;619.0;619.0;0.0
38;46;7;619.0;619.0;619.0;619.0;619.0;619.0;0.0
38;47;7;619.0;619.0;619.0;619.0;619.0;619.0;0.0
38;48;7;619.0;619.0;619.0;619.0;619.0;619.0;0.0
38;49;7;619.0;619.0;619.0;619.0;619.0;619.0;0.0
38;50;7;619.0;619.0;619.0;619.0;619.0;619.0;0.0
38;51;7;619.0;619.0;619.0;619.0;619.0;619.0;0.0
38;52;7;619.0;619.0;619.0;619.0;619.0;619.0;0.0
38;53;7;619.0;619.0;619.0;619.0;619.0;619.0;0.0
38;54;7;619.0;619.0;619.0;619.0;619.0;619.0;0.0
38;55;7;619.0;619.0;619.0;619.0;619.0;619.0;0.0
38;56;7;619.0;619.0;619.0;619.0;619.0;619.0;0.0
38;57;7;619.0;619.0;619.0;619.0;619.0;619.0;0.0
38;58;7;619.0;619.0;619.0;619.0;619.0;619.0;0.0
38;59;7;619.0;619.0;619.0;619.0;619.0;619.0;0.0
38;60;7;619.0;619.0;619.0;619.0;619.0;619.0;0.0
38;61;7;619.0;619.0;619.0;619.0;619.0;619.0;0.0
38;62;7;619.0;619.0;619.0;619.0;619.0;619.0;0.0
38;63;7;619.0;619.0;619.0;619.0;619.0;619.0;0.0
38;64;7;619.0;619.0;619.0;619.0;619.0;619.0;0.0
38;65;7;619.0;619.0;619.0;619.0;619.0;619.0;0.0
38;66;7;620.0;621.5;629.0;797.0;953.0;719.9;146.1
38;67;7;620.0;629.5;640.0;802.5;974.0;728.3;151.2
38;68;7;621.0;624.0;627.0;752.0;884.0;697.7;111.8
38;69;7;619.0;622.5;631.0;727.0;847.0;685.1;94.0
38;70;7;613.0;621.5;625.0;682.0;742.0;655.3;51.7
38;71;7;610.0;619.5;621.0;715.0;816.0;673.7;87.3
38;72;7;612.0;618.5;625.0;697.5;769.0;662.6;67.1
38;73;7;618.0;620.0;622.0;668.5;712.0;647.0;39.7
38;74;7;618.0;620.0;621.0;686.0;741.0;656.0;53.6
38;75;7;619.0;619.0;619.0;655.0;703.0;641.3;32.3
38;76;7;619.0;619.0;619.0;619.0;619.0;619.0;0.0
38;77;7;619.0;619.0;619.0;619.0;619.0;619.0;0.0
38;78;7;619.0;619.0;619.0;619.0;619.0;619.0;0.0
38;79;7;619.0;619.0;619.0;619.0;619.0;619.0;0.0
38;80;7;619.0;619.0;619.0;619.0;619.0;619.0;0.0
38;81;7;619.0;619.0;619.0;619.0;619.0;619.0;0.0
38;82;7;619.0;619.0;619.0;619.0;619.0;619.0;0.0
38;83;7;619.0;619.0;619.0;619.0;619.0;619.0;0.0
38;84;7;619.0;619.0;619.0;619.0;619.0;619.0;0.0
38;85;7;619.0;619.0;619.0;619.0;619.0;619.0;0.0
38;86;7;619.0;619.0;619.0;619.0;619.0;619.0;0.0
38;87;7;619.0;619.0;619.0;619.0;619.0;619.0;0.0
38;88;7;619.0;619.0;619.0;619.0;619.0;619.0;0.0
38;89;7;619.0;619.0;619.0;619.0;619.0;619.0;0.0
38;90;7;619.0;619.0;619.0;619.0;619.0;619.0;0.0
38;91;7;619.0;619.0;619.0;619.0;619.0;619.0;0.0
38;92;7;619.0;619.0;619.0;619.0;619.0;619.0;0.0
38;93;7;619.0;619.0;619.0;619.0;619.0;619.0;0.0
38;94;7;619.0;619.0;619.0;619.0;619.0;619.0;0.0
38;95;7;619.0;619.0;619.0;619.0;619.0;619.0;0.0
38;96;7;619.0;619.0;619.0;619.0;619.0;619.0;0.0
38;97;7;619.0;619.0;619.0;619.0;619.0;619.0;0.0
38;98;7;619.0;619.0;619.0;619.0;619.0;619.0;0.0
38;99;7;619.0;619.0;619.0;619.0;619.0;619.0;0.0
39;0;7;751.0;957.0;1178.0;1190.5;1215.0;1062.7;196.5
39;1;7;720.0;938.0;1119.0;1134.0;1147.0;1018.6;176.9
39;2;7;701.0;924.5;1139.0;1172.0;1180.0;1030.4;196.0
39;3;7;706.0;972.5;1185.0;1201.0;1210.0;1064.0;207.5
39;4;7;689.0;935.0;1166.0;1176.0;1187.0;1037.7;214.2
39;5;7;673.0;943.5;1147.0;1169.0;1199.0;1034.9;208.0
39;6;7;720.0;912.0;1118.0;1138.0;1164.0;1014.6;186.4
39;7;7;669.0;932.0;1134.0;1153.5;1171.0;1020.7;200.7
39;8;7;662.0;897.0;1145.0;1156.0;1164.0;1011.0;212.8
39;9;7;686.0;910.0;1117.0;1149.0;1166.0;1012.4;183.0
39;10;7;665.0;885.0;1082.0;1106.0;1112.0;977.3;184.4
39;11;7;653.0;875.5;1091.0;1117.0;1142.0;981.6;193.9
39;12;7;659.0;902.5;1063.0;1066.5;1092.0;964.6;164.3
39;13;7;669.0;845.0;1028.0;1065.5;1080.0;942.6;171.9
39;14;7;637.0;653.0;1033.0;1040.0;1046.0;871.7;194.3
39;15;7;686.0;703.5;1097.0;1108.0;1118.0;932.0;203.1
39;16;7;646.0;664.5;962.0;1014.5;1111.0;868.1;188.4
39;17;7;626.0;648.5;999.0;1022.0;1043.0;858.4;189.2
39;18;7;624.0;643.0;1020.0;1027.5;1035.0;860.0;193.6
39;19;7;627.0;638.0;945.0;959.0;996.0;823.1;164.3
39;20;7;621.0;641.5;878.0;885.5;904.0;779.6;125.9
39;21;7;616.0;634.0;909.0;919.5;944.0;796.6;146.5
39;22;7;630.0;633.5;885.0;907.0;910.0;786.6;133.8
39;23;7;617.0;623.0;852.0;874.0;893.0;765.1;125.4
39;24;7;629.0;632.0;870.0;875.5;889.0;771.9;122.1
39;25;7;613.0;629.0;829.0;850.0;872.0;753.1;113.2
39;26;7;620.0;624.0;691.0;745.0;757.0;686.6;58.6
39;27;7;611.0;636.5;710.0;741.0;770.0;692.3;58.5
39;28;7;614.0;627.0;654.0;661.5;677.0;646.0;21.9
39;29;7;610.0;621.0;674.0;686.5;699.0;656.9;35.1
39;30;7;621.0;621.0;654.0;662.0;708.0;649.9;30.0
39;31;7;610.0;615.0;654.0;659.5;669.0;640.3;23.9
39;32;7;610.0;610.0;642.0;645.0;646.0;629.7;17.1
39;33;7;610.0;610.0;610.0;610.0;610.0;610.0;0.0
39;34;7;610.0;610.0;610.0;610.0;610.0;610.0;0.0
39;35;7;610.0;610.0;610.0;610.0;610.0;610.0;0.0
39;36;7;610.0;610.0;610.0;610.0;610.0;610.0;0.0
39;37;7;610.0;610.0;610.0;610.0;610.0;610.0;0.0
39;38;7;610.0;610.0;610.0;610.0;610.0;610.0;0.0
39;39;7;610.0;610.0;610.0;610.0;610.0;610.0;0.0
39;40;7;610.0;610.0;610.0;610.0;610.0;610.0;0.0
39;41;7;610.0;610.0;610.0;610.0;610.0;610.0;0.0
39;42;7;610.0;610.0;610.0;610.0;610.0;610.0;0.0
39;43;7;610.0;610.0;610.0;610.0;610.0;610.0;0.0
39;44;7;610.0;610.0;610.0;610.0;610.0;610.0;0.0
39;45;7;610.0;610.0;610.0;610.0;610.0;610.0;0.0
39;46;7;610.0;610.0;610.0;610.0;610.0;610.0;0.0
39;47;7;610.0;610.0;610.0;610.0;610.0;610.0;0.0
39;48;7;610.0;610.0;610.0;610.0;610.0;610.0;0.0
39;49;7;610.0;610.0;610.0;610.0;610.0;610.0;0.0
39;50;7;610.0;610.0;610.0;610.0;610.0;610.0;0.0
39;51;7;610.0;610.0;610.0;610.0;610.0;610.0;0.0
39;52;7;610.0;610.0;610.0;610.0;610.0;610.0;0.0
39;53;7;610.0;610.0;610.0;610.0;610.0;610.0;0.0
39;54;7;610.0;610.0;610.0;610.0;610.0;610.0;0.0
39;55;7;610.0;610.0;610.0;610.0;610.0;610.0;0.0
39;56;7;610.0;610.0;610.0;610.0;610.0;610.0;0.0
39;57;7;610.0;610.0;610.0;610.0;610.0;610.0;0.0
39;58;7;610.0;610.0;610.0;610.0;610.0;610.0;0.0
39;59;7;610.0;610.0;610.0;610.0;610.0;610.0;0.0
39;60;7;610.0;610.0;610.0;610.0;610.0;610.0;0.0
39;61;7;610.0;610.0;610.0;610.0;610.0;610.0;0.0
39;62;7;610.0;610.0;610.0;610.0;610.0;610.0;0.0
39;63;7;610.0;610.0;610.0;610.0;610.0;610.0;0.0
39;64;7;610.0;610.0;610.0;610.0;610.0;610.0;0.0
39;65;7;610.0;610.0;610.0;610.0;610.0;610.0;0.0
39;66;7;610.0;610.0;610.0;610.0;610.0;610.0;0.0
39;67;7;610.0;610.0;610.0;610.0;610.0;610.0;0.0
39;68;7;610.0;610.0;610.0;610.0;610.0;610.0;0.0
39;69;7;610.0;610.0;610.0;610.0;610.0;610.0;0.0
39;70;7;610.0;610.0;610.0;610.0;610.0;610.0;0.0
39;71;7;610.0;610.0;610.0;610.0;610.0;610.0;0.0
39;72;7;610.0;610.0;610.0;610.0;610.0;610.0;0.0
39;73;7;610.0;610.0;610.0;610.0;610.0;610.0;0.0
39;74;7;610.0;610.0;610.0;610.0;610.0;610.0;0.0
39;75;7;612.0;621.0;626.0;769.0;916.0;704.9;130.3
39;76;7;611.0;628.0;636.0;786.0;938.0;716.1;136.6
39;77;7;610.0;614.0;631.0;726.0;828.0;678.4;91.9
39;78;7;608.0;615.5;620.0;717.5;818.0;673.1;89.2
39;79;7;610.0;610.0;612.0;720.5;805.0;669.7;83.8
39;80;7;608.0;610.0;614.0;696.5;787.0;660.3;70.3
39;81;7;610.0;610.0;611.0;684.5;749.0;651.3;60.2
39;82;7;610.0;610.0;610.0;637.0;691.0;629.3;30.9
39;83;7;610.0;610.0;610.0;614.5;658.0;618.1;16.6
39;84;7;610.0;610.0;610.0;610.0;610.0;610.0;0.0
39;85;7;610.0;610.0;610.0;610.0;610.0;610.0;0.0
39;86;7;610.0;610.0;610.0;610.0;610.0;610.0;0.0
39;87;7;610.0;610.0;610.0;610.0;610.0;610.0;0.0
39;88;7;610.0;610.0;610.0;610.0;610.0;610.0;0.0
39;89;7;610.0;610.0;610.0;610.0;610.0;610.0;0.0
39;90;7;610.0;610.0;610.0;610.0;610.0;610.0;0.0
39;91;7;610.0;610.0;610.0;610.0;610.0;610.0;0.0
39;92;7;610.0;610.0;610.0;610.0;610.0;610.0;0.0
39;93;7;610.0;610.0;610.0;610.0;610.0;610.0;0.0
39;94;7;610.0;610.0;610.0;610.0;610.0;610.0;0.0
39;95;7;610.0;610.0;610.0;610.0;610.0;610.0;0.0
39;96;7;610.0;610.0;610.0;610.0;610.0;610.0;0.0
39;97;7;610.0;610.0;610.0;610.0;610.0;610.0;0.0
39;98;7;610.0;610.0;610.0;610.0;610.0;610.0;0.0
39;99;7;610.0;610.0;610.0;610.0;610.0;610.0;0.0
40;0;7;734.0;978.0;1194.0;1201.5;1211.0;1071.1;200.7
40;1;7;747.0;977.0;1162.0;1175.0;1200.0;1059.0;181.6
40;2;7;726.0;969.5;1169.0;1184.0;1203.0;1057.9;196.0
40;3;7;679.0;914.5;1164.0;1180.5;1186.0;1031.3;215.0
40;4;7;682.0;886.5;1095.0;1098.5;1165.0;987.4;190.5
40;5;7;711.0;936.0;1191.0;1216.0;1219.0;1060.7;221.7
40;6;7;708.0;950.0;1183.0;1184.0;1187.0;1049.4;201.9
40;7;7;697.0;926.5;1140.0;1169.5;1189.0;1031.1;204.1
40;8;7;694.0;913.5;1157.0;1177.5;1189.0;1031.7;212.2
40;9;7;684.0;876.5;1063.0;1102.5;1126.0;975.9;182.3
40;10;7;648.0;883.0;1109.0;1150.0;1159.0;997.4;201.6
40;11;7;677.0;877.5;1048.0;1052.0;1100.0;954.9;165.3
40;12;7;668.0;896.0;1113.0;1138.0;1139.0;998.3;204.8
40;13;7;659.0;864.5;1042.0;1080.0;1111.0;957.3;181.4
40;14;7;641.0;693.5;1033.0;1060.5;1098.0;897.1;193.7
40;15;7;666.0;683.5;1020.0;1026.5;1065.0;881.6;177.2
40;16;7;640.0;660.5;1001.0;1020.5;1028.0;861.6;180.3
40;17;7;622.0;643.0;988.0;1019.5;1031.0;852.3;187.9
40;18;7;617.0;623.0;991.0;999.0;1008.0;837.1;187.3
40;19;7;630.0;691.0;987.0;997.0;1012.0;857.9;165.0
40;20;7;627.0;641.5;944.0;962.0;981.0;822.7;161.8
40;21;7;626.0;663.0;893.0;918.5;948.0;804.3;135.2
40;22;7;616.0;628.0;913.0;936.5;969.0;803.9;156.9
40;23;7;618.0;631.5;902.0;915.0;947.0;794.3;145.5
40;24;7;626.0;631.5;872.0;877.5;888.0;772.0;123.4
40;25;7;620.0;624.5;856.0;867.0;885.0;763.4;121.9
40;26;7;614.0;623.0;758.0;788.0;815.0;715.6;84.3
40;27;7;616.0;620.0;748.0;760.5;782.0;701.0;72.2
40;28;7;615.0;639.0;773.0;793.5;809.0;723.1;80.8
40;29;7;612.0;626.0;711.0;733.0;737.0;682.6;53.8
40;30;7;613.0;618.5;715.0;733.5;749.0;683.0;58.3
40;31;7;611.0;619.5;666.0;671.5;705.0;652.0;32.9
40;32;7;626.0;626.5;654.0;660.0;666.0;645.6;17.2
40;33;7;623.0;624.0;655.0;655.0;655.0;641.6;15.5
40;34;7;625.0;625.0;626.0;629.0;634.0;627.6;3.2
40;35;7;625.0;625.0;626.0;626.0;626.0;625.6;0.5
40;36;7;625.0;625.0;625.0;625.5;626.0;625.3;0.5
40;37;7;625.0;625.0;625.0;625.0;625.0;625.0;0.0
40;38;7;625.0;625.0;625.0;625.0;625.0;625.0;0.0
40;39;7;625.0;625.0;625.0;625.0;625.0;625.0;0.0
40;40;7;625.0;625.0;625.0;625.0;625.0;625.0;0.0
40;41;7;625.0;625.0;625.0;625.0;625.0;625.0;0.0
40;42;7;625.0;625.0;625.0;625.0;625.0;625.0;0.0
40;43;7;625.0;625.0;625.0;625.0;625.0;625.0;0.0
40;44;7;625.0;625.0;625.0;625.0;625.0;625.0;0.0
40;45;7;625.0;625.0;625.0;625.0;625.0;625.0;0.0
40;46;7;625.0;625.0;625.0;625.0;625.0;625.0;0.0
40;47;7;625.0;625.0;625.0;625.0;625.0;625.0;0.0
40;48;7;625.0;625.0;625.0;625.0;625.0;625.0;0.0
40;49;7;625.0;625.0;625.0;625.0;625.0;625.0;0.0
40;50;7;625.0;625.0;625.0;625.0;625.0;625.0;0.0
40;51;7;625.0;625.0;625.0;625.0;625.0;625.0;0.0
40;52;7;625.0;625.0;625.0;625.0;625.0;625.0;0.0
40;53;7;625.0;625.0;625.0;625.0;625.0;625.0;0.0
40;54;7;625.0;625.0;625.0;625.0;625.0;625.0;0.0
40;55;7;625.0;625.0;625.0;625.0;625.0;625.0;0.0
40;56;7;625.0;625.0;625.0;625.0;625.0;625.0;0.0
40;57;7;625.0;625.0;625.0;625.0;625.0;625.0;0.0
40;58;7;625.0;625.0;625.0;625.0;625.0;625.0;0.0
40;59;7;625.0;625.0;625.0;625.0;625.0;625.0;0.0
40;60;7;625.0;625.0;625.0;625.0;625.0;625.0;0.0
40;61;7;617.0;625.0;625.0;625.0;625.0;623.9;2.8
40;62;7;625.0;625.0;625.0;625.0;625.0;625.0;0.0
40;63;7;625.0;625.0;625.0;625.0;625.0;625.0;0.0
40;64;7;625.0;625.0;625.0;625.0;625.0;625.0;0.0
40;65;7;625.0;625.0;625.0;625.0;625.0;625.0;0.0
40;66;7;625.0;625.0;625.0;625.0;625.0;625.0;0.0
40;67;7;625.0;625.0;625.0;625.0;625.0;625.0;0.0
40;68;7;625.0;625.0;625.0;625.0;625.0;625.0;0.0
40;69;7;625.0;625.0;625.0;625.0;625.0;625.0;0.0
40;70;7;625.0;625.0;625.0;625.0;625.0;625.0;0.0
40;71;7;625.0;625.0;625.0;625.0;625.0;625.0;0.0
40;72;7;625.0;625.0;625.0;625.0;625.0;625.0;0.0
40;73;7;625.0;625.0;625.0;625.0;625.0;625.0;0.0
40;74;7;625.0;625.0;625.0;625.0;625.0;625.0;0.0
40;75;7;625.0;625.0;625.0;625.0;625.0;625.0;0.0
40;76;7;625.0;625.0;625.0;625.0;625.0;625.0;0.0
40;77;7;621.0;622.5;629.0;780.5;924.0;711.4;133.9
40;78;7;618.0;622.5;628.0;738.0;883.0;692.9;106.9
40;79;7;620.0;626.5;642.0;732.5;836.0;688.0;89.6
40;80;7;619.0;623.5;627.0;708.0;810.0;674.1;79.2
40;81;7;611.0;619.0;624.0;699.0;759.0;661.4;61.7
40;82;7;619.0;626.5;636.0;683.5;765.0;662.9;54.2
40;83;7;620.0;627.5;630.0;703.0;768.0;668.4;63.2
40;84;7;619.0;620.0;621.0;677.0;731.0;652.1;49.3
40;85;7;619.0;622.5;627.0;639.0;748.0;645.3;43.1
40;86;7;625.0;626.0;626.0;631.5;749.0;645.0;42.6
40;87;7;611.0;617.0;624.0;632.0;746.0;639.9;44.2
40;88;7;611.0;618.5;625.0;630.0;715.0;635.4;33.4
40;89;7;611.0;626.5;627.0;627.0;747.0;641.7;43.3
40;90;7;619.0;625.0;627.0;627.0;747.0;642.4;42.8
40;91;7;610.0;611.0;621.0;626.0;747.0;636.0;45.8
40;92;7;611.0;627.0;627.0;631.0;748.0;643.1;43.3
40;93;7;608.0;611.0;621.0;626.5;747.0;635.9;45.9
40;94;7;611.0;618.0;626.0;626.5;749.0;639.3;45.3
40;95;7;611.0;611.0;625.0;627.0;747.0;637.0;45.5
40;96;7;611.0;623.0;627.0;627.0;749.0;641.0;44.4
40;97;7;611.0;611.0;611.0;611.0;611.0;611.0;0.0
40;98;7;611.0;611.0;611.0;611.0;611.0;611.0;0.0
40;99;7;611.0;611.0;611.0;611.0;611.0;611.0;0.0
41;0;7;688.0;951.5;1152.0;1173.0;1183.0;1038.9;200.8
41;1;7;761.0;998.5;1186.0;1201.5;1209.0;1079.4;184.6
41;2;7;723.0;966.0;1208.0;1226.0;1236.0;1078.7;220.3
41;3;7;722.0;928.5;1148.0;1157.5;1166.0;1029.7;189.8
41;4;7;709.0;963.0;1208.0;1222.5;1236.0;1074.9;226.9
41;5;7;734.0;975.5;1185.0;1193.0;1198.0;1064.9;194.4
41;6;7;724.0;972.0;1148.0;1158.0;1161.0;1041.9;176.9
41;7;7;726.0;949.5;1171.0;1182.0;1186.0;1049.4;196.8
41;8;7;674.0;949.5;1120.0;1138.5;1150.0;1017.1;185.4
41;9;7;682.0;899.5;1088.0;1108.0;1130.0;987.9;183.4
41;10;7;657.0;914.0;1115.0;1148.0;1153.0;1007.0;204.2
41;11;7;704.0;904.5;1080.0;1105.0;1119.0;988.9;170.3
41;12;7;657.0;887.5;1095.0;1114.0;1148.0;986.1;186.5
41;13;7;626.0;836.0;1050.0;1092.0;1114.0;949.4;203.5
41;14;7;660.0;719.5;1081.0;1107.5;1116.0;930.1;202.7
41;15;7;657.0;671.5;1056.0;1092.0;1097.0;905.3;207.1
41;16;7;628.0;640.5;983.0;1031.5;1057.0;858.9;193.8
41;17;7;622.0;657.5;999.0;1024.0;1033.0;859.6;186.5
41;18;7;626.0;633.0;875.0;927.0;971.0;798.9;148.4
41;19;7;629.0;634.5;934.0;957.0;966.0;816.0;159.1
41;20;7;623.0;627.0;891.0;957.0;968.0;807.1;158.9
41;21;7;613.0;625.5;895.0;910.0;924.0;786.1;143.1
41;22;7;621.0;645.0;835.0;844.5;863.0;756.9;104.6
41;23;7;622.0;632.0;835.0;859.0;895.0;762.0;116.9
41;24;7;611.0;637.5;767.0;786.0;804.0;718.4;79.2
41;25;7;624.0;633.0;743.0;748.0;755.0;697.7;58.8
41;26;7;614.0;635.5;751.0;751.5;780.0;702.7;65.4
41;27;7;608.0;615.5;719.0;736.0;755.0;683.6;62.3
41;28;7;617.0;627.5;683.0;721.0;752.0;678.4;50.9
41;29;7;610.0;617.0;718.0;728.0;736.0;679.1;56.1
41;30;7;610.0;619.5;683.0;684.5;695.0;656.6;35.4
41;31;7;613.0;629.0;680.0;699.0;710.0;665.6;37.8
41;32;7;608.0;616.0;675.0;679.5;727.0;657.3;41.6
41;33;7;610.0;612.0;635.0;672.0;683.0;642.3;30.3
41;34;7;610.0;611.0;633.0;650.0;665.0;632.9;21.9
41;35;7;608.0;611.0;662.0;675.0;675.0;645.3;30.9
41;36;7;610.0;610.0;633.0;633.0;633.0;623.1;11.4
41;37;7;610.0;610.0;610.0;621.5;633.0;616.6;10.4
41;38;7;610.0;610.0;610.0;610.0;610.0;610.0;0.0
41;39;7;610.0;610.0;610.0;610.0;610.0;610.0;0.0
41;40;7;610.0;610.0;610.0;610.0;610.0;610.0;0.0
41;41;7;610.0;610.0;610.0;610.0;610.0;610.0;0.0
41;42;7;610.0;610.0;610.0;610.0;610.0;610.0;0.0
41;43;7;610.0;610.0;610.0;610.0;610.0;610.0;0.0
41;44;7;610.0;610.0;610.0;610.0;610.0;610.0;0.0
41;45;7;610.0;610.0;610.0;610.0;610.0;610.0;0.0
41;46;7;610.0;610.0;610.0;610.0;610.0;610.0;0.0
41;47;7;610.0;610.0;610.0;610.0;610.0;610.0;0.0
41;48;7;610.0;610.0;610.0;610.0;610.0;610.0;0.0
41;49;7;610.0;610.0;610.0;610.0;610.0;610.0;0.0
41;50;7;610.0;610.0;610.0;610.0;610.0;610.0;0.0
41;51;7;610.0;610.0;610.0;610.0;610.0;610.0;0.0
41;52;7;610.0;610.0;610.0;610.0;610.0;610.0;0.0
41;53;7;610.0;610.0;610.0;610.0;610.0;610.0;0.0
41;54;7;610.0;610.0;610.0;610.0;610.0;610.0;0.0
41;55;7;610.0;610.0;610.0;610.0;610.0;610.0;0.0
41;56;7;610.0;610.0;610.0;610.0;610.0;610.0;0.0
41;57;7;610.0;610.0;610.0;610.0;610.0;610.0;0.0
41;58;7;610.0;610.0;610.0;610.0;610.0;610.0;0.0
41;59;7;610.0;610.0;610.0;610.0;610.0;610.0;0.0
41;60;7;610.0;610.0;610.0;610.0;610.0;610.0;0.0
41;61;7;610.0;610.0;610.0;610.0;610.0;610.0;0.0
41;62;7;610.0;610.0;610.0;610.0;610.0;610.0;0.0
41;63;7;610.0;610.0;610.0;610.0;610.0;610.0;0.0
41;64;7;610.0;610.0;610.0;610.0;610.0;610.0;0.0
41;65;7;610.0;610.0;610.0;610.0;610.0;610.0;0.0
41;66;7;610.0;610.0;610.0;610.0;610.0;610.0;0.0
41;67;7;610.0;610.0;610.0;610.0;610.0;610.0;0.0
41;68;7;610.0;610.0;610.0;610.0;610.0;610.0;0.0
41;69;7;610.0;610.0;610.0;610.0;610.0;610.0;0.0
41;70;7;610.0;610.0;610.0;610.0;610.0;610.0;0.0
41;71;7;610.0;610.0;610.0;610.0;610.0;610.0;0.0
41;72;7;610.0;610.0;610.0;610.0;610.0;610.0;0.0
41;73;7;624.0;625.0;627.0;763.5;897.0;703.6;117.9
41;74;7;619.0;623.5;626.0;774.0;929.0;709.9;135.2
41;75;7;618.0;625.0;637.0;784.0;920.0;713.3;130.2
41;76;7;620.0;621.0;623.0;712.0;791.0;671.4;75.1
41;77;7;609.0;618.5;628.0;721.5;832.0;678.4;88.0
41;78;7;609.0;616.5;620.0;723.0;834.0;677.4;92.0
41;79;7;610.0;615.0;630.0;700.5;763.0;662.0;63.2
41;80;7;608.0;620.0;627.0;720.0;801.0;673.7;80.1
41;81;7;612.0;623.0;631.0;689.5;769.0;662.4;60.2
41;82;7;608.0;610.5;628.0;673.5;717.0;645.9;44.4
41;83;7;610.0;617.0;617.0;626.0;717.0;632.9;35.1
41;84;7;608.0;613.0;616.0;622.0;693.0;626.7;27.5
41;85;7;609.0;611.5;616.0;626.0;762.0;637.4;51.3
41;86;7;608.0;610.0;610.0;626.0;718.0;629.7;36.8
41;87;7;610.0;615.0;621.0;622.5;698.0;629.1;28.6
41;88;7;610.0;613.0;621.0;669.5;718.0;644.9;44.2
41;89;7;610.0;610.0;610.0;610.0;610.0;610.0;0.0
41;90;7;610.0;610.0;610.0;610.0;610.0;610.0;0.0
41;91;7;610.0;610.0;610.0;610.0;610.0;610.0;0.0
41;92;7;610.0;610.0;610.0;610.0;610.0;610.0;0.0
41;93;7;610.0;610.0;610.0;610.0;610.0;610.0;0.0
41;94;7;610.0;610.0;610.0;610.0;610.0;610.0;0.0
41;95;7;610.0;610.0;610.0;610.0;610.0;610.0;0.0
41;96;7;610.0;610.0;610.0;610.0;610.0;610.0;0.0
41;97;7;610.0;610.0;610.0;610.0;610.0;610.0;0.0
41;98;7;610.0;610.0;610.0;610.0;610.0;610.0;0.0
41;99;7;610.0;610.0;610.0;610.0;610.0;610.0;0.0
42;0;7;690.0;928.5;1146.0;1168.5;1178.0;1029.7;207.2
42;1;7;683.0;927.0;1157.0;1169.0;1195.0;1032.4;213.4
42;2;7;666.0;954.5;1182.0;1188.0;1203.0;1048.0;216.6
42;3;7;645.0;964.5;1192.0;1199.0;1209.0;1053.3;227.2
42;4;7;676.0;923.0;1166.0;1188.0;1204.0;1038.3;222.7
42;5;7;773.0;979.5;1199.0;1222.0;1236.0;1087.3;195.3
42;6;7;683.0;898.0;1103.0;1133.0;1160.0;1001.1;198.7
42;7;7;631.0;913.0;1162.0;1171.0;1173.0;1019.1;234.6
42;8;7;725.0;937.5;1152.0;1162.5;1172.0;1035.6;193.8
42;9;7;658.0;888.5;1097.0;1111.0;1138.0;984.6;197.2
42;10;7;712.0;916.5;1120.0;1124.5;1137.0;1007.3;179.6
42;11;7;643.0;840.5;1070.0;1119.5;1153.0;969.4;208.3
42;12;7;649.0;888.5;1073.0;1102.5;1128.0;976.0;190.8
42;13;7;650.0;882.5;1066.0;1099.0;1104.0;969.0;180.4
42;14;7;646.0;702.0;1029.0;1062.0;1069.0;896.0;186.5
42;15;7;642.0;646.0;1029.0;1037.0;1044.0;868.7;194.1
42;16;7;640.0;652.0;994.0;1023.0;1041.0;860.7;184.7
42;17;7;632.0;653.5;1071.0;1080.5;1093.0;894.9;215.6
42;18;7;617.0;651.0;950.0;999.0;1013.0;840.0;175.3
42;19;7;617.0;647.0;919.0;980.0;991.0;825.9;165.7
42;20;7;613.0;634.0;914.0;951.5;982.0;811.4;161.5
42;21;7;613.0;621.5;927.0;945.5;977.0;807.3;164.2
42;22;7;628.0;650.5;827.0;885.5;947.0;782.0;127.1
42;23;7;623.0;626.5;813.0;829.0;874.0;745.9;105.9
42;24;7;621.0;637.0;793.0;795.5;830.0;729.9;86.2
42;25;7;614.0;629.0;803.0;822.0;856.0;739.3;101.0
42;26;7;624.0;631.0;782.0;802.5;821.0;727.7;86.6
42;27;7;610.0;624.0;749.0;775.5;780.0;705.4;75.3
42;28;7;612.0;614.5;713.0;713.5;735.0;673.7;52.5
42;29;7;611.0;615.0;623.0;716.5;756.0;664.7;57.9
42;30;7;609.0;619.5;628.0;664.0;669.0;639.0;24.0
42;31;7;612.0;632.5;694.0;703.5;716.0;670.6;39.9
42;32;7;611.0;611.5;634.0;635.5;643.0;626.0;13.0
42;33;7;611.0;611.0;611.0;611.0;611.0;611.0;0.0
42;34;7;611.0;611.0;611.0;611.0;611.0;611.0;0.0
42;35;7;611.0;611.0;611.0;611.0;611.0;611.0;0.0
42;36;7;611.0;611.0;611.0;611.0;611.0;611.0;0.0
42;37;7;611.0;611.0;611.0;611.0;611.0;611.0;0.0
42;38;7;611.0;611.0;611.0;611.0;611.0;611.0;0.0
42;39;7;611.0;611.0;611.0;611.0;611.0;611.0;0.0
42;40;7;611.0;611.0;611.0;611.0;611.0;611.0;0.0
42;41;7;611.0;611.0;611.0;611.0;611.0;611.0;0.0
42;42;7;611.0;611.0;611.0;611.0;611.0;611.0;0.0
42;43;7;611.0;611.0;611.0;611.0;611.0;611.0;0.0
42;44;7;611.0;611.0;611.0;611.0;611.0;611.0;0.0
42;45;7;611.0;611.0;611.0;611.0;611.0;611.0;0.0
42;46;7;611.0;611.0;611.0;611.0;611.0;611.0;0.0
42;47;7;611.0;611.0;611.0;611.0;611.0;611.0;0.0
42;48;7;611.0;611.0;611.0;611.0;611.0;611.0;0.0
42;49;7;611.0;611.0;611.0;611.0;611.0;611.0;0.0
42;50;7;611.0;611.0;611.0;611.0;611.0;611.0;0.0
42;51;7;611.0;611.0;611.0;611.0;611.0;611.0;0.0
42;52;7;611.0;611.0;611.0;611.0;611.0;611.0;0.0
42;53;7;611.0;611.0;611.0;611.0;611.0;611.0;0.0
42;54;7;611.0;611.0;611.0;611.0;611.0;611.0;0.0
42;55;7;611.0;611.0;611.0;611.0;611.0;611.0;0.0
42;56;7;611.0;611.0;611.0;611.0;611.0;611.0;0.0
42;57;7;611.0;611.0;611.0;611.0;611.0;611.0;0.0
42;58;7;611.0;611.0;611.0;611.0;611.0;611.0;0.0
42;59;7;611.0;611.0;611.0;611.0;611.0;611.0;0.0
42;60;7;611.0;611.0;611.0;611.0;611.0;611.0;0.0
42;61;7;611.0;611.0;611.0;611.0;611.0;611.0;0.0
42;62;7;611.0;611.0;611.0;611.0;611.0;611.0;0.0
42;63;7;611.0;611.0;611.0;611.0;611.0;611.0;0.0
42;64;7;611.0;611.0;611.0;611.0;611.0;611.0;0.0
42;65;7;611.0;611.0;611.0;611.0;611.0;611.0;0.0
42;66;7;611.0;611.0;611.0;611.0;611.0;611.0;0.0
42;67;7;611.0;611.0;611.0;611.0;611.0;611.0;0.0
42;68;7;611.0;611.0;611.0;611.0;611.0;611.0;0.0
42;69;7;611.0;611.0;611.0;611.0;611.0;611.0;0.0
42;70;7;611.0;611.0;611.0;611.0;611.0;611.0;0.0
42;71;7;611.0;611.0;611.0;611.0;611.0;611.0;0.0
42;72;7;611.0;611.0;611.0;611.0;611.0;611.0;0.0
42;73;7;611.0;611.0;611.0;611.0;611.0;611.0;0.0
42;74;7;611.0;611.0;611.0;611.0;611.0;611.0;0.0
42;75;7;611.0;611.0;611.0;611.0;611.0;611.0;0.0
42;76;7;614.0;622.5;627.0;760.5;893.0;700.0;118.5
42;77;7;617.0;624.5;641.0;810.5;958.0;726.6;146.5
42;78;7;608.0;622.5;628.0;737.0;853.0;686.9;101.3
42;79;7;612.0;618.5;624.0;722.5;818.0;676.6;88.1
42;80;7;611.0;621.0;627.0;730.5;849.0;684.3;97.4
42;81;7;612.0;618.0;630.0;715.0;813.0;674.4;83.6
42;82;7;610.0;611.0;612.0;705.0;815.0;667.0;86.9
42;83;7;612.0;616.0;617.0;690.0;763.0;657.7;65.1
42;84;7;611.0;616.0;620.0;698.0;783.0;663.1;70.8
42;85;7;611.0;616.0;620.0;657.0;696.0;639.0;34.7
42;86;7;610.0;611.5;620.0;639.5;663.0;627.9;21.3
42;87;7;611.0;618.5;620.0;647.5;680.0;634.7;26.7
42;88;7;611.0;611.0;618.0;661.0;705.0;639.7;40.5
42;89;7;610.0;611.0;611.0;613.5;667.0;619.6;19.4
42;90;7;609.0;609.0;609.0;610.5;829.0;640.9;76.8
42;91;7;608.0;609.5;611.0;611.5;829.0;641.4;76.6
42;92;7;610.0;611.5;622.0;632.5;829.0;649.9;73.7
42;93;7;610.0;610.5;611.0;611.0;820.0;640.6;73.3
42;94;7;609.0;610.0;611.0;615.5;820.0;641.6;72.9
42;95;7;609.0;610.0;611.0;625.5;820.0;644.4;72.4
42;96;7;610.0;611.0;613.0;627.0;780.0;639.9;57.6
42;97;7;609.0;610.0;610.0;629.0;817.0;644.9;71.4
42;98;7;609.0;610.0;610.0;611.0;817.0;639.7;72.4
42;99;7;609.0;609.0;610.0;611.5;820.0;640.0;73.5
43;0;7;736.0;959.5;1163.0;1207.0;1230.0;1066.0;198.5
43;1;7;700.0;952.5;1201.0;1239.0;1247.0;1075.9;233.6
43;2;7;665.0;944.0;1170.0;1179.5;1205.0;1041.0;211.9
43;3;7;652.0;928.0;1189.0;1192.0;1202.0;1040.4;232.1
43;4;7;702.0;937.0;1180.0;1186.5;1203.0;1047.4;212.1
43;5;7;652.0;966.0;1158.0;1175.0;1207.0;1042.7;211.4
43;6;7;664.0;889.0;1091.0;1114.0;1129.0;984.3;194.1
43;7;7;700.0;911.0;1119.0;1126.5;1143.0;1005.3;191.4
43;8;7;681.0;936.0;1166.0;1182.5;1195.0;1039.9;213.0
43;9;7;652.0;917.5;1142.0;1148.0;1180.0;1015.0;210.4
43;10;7;651.0;857.0;1087.0;1135.0;1175.0;985.3;213.3
43;11;7;719.0;926.5;1097.0;1131.5;1152.0;1012.0;173.5
43;12;7;678.0;852.0;1082.0;1100.0;1119.0;969.0;182.9
43;13;7;666.0;894.5;1077.0;1077.5;1105.0;970.3;173.5
43;14;7;621.0;668.5;1018.0;1105.0;1110.0;899.4;216.5
43;15;7;647.0;735.5;1031.0;1033.5;1048.0;894.9;166.6
43;16;7;620.0;647.0;1020.0;1042.0;1090.0;872.6;204.3
43;17;7;633.0;685.0;1007.0;1011.5;1016.0;864.1;171.9
43;18;7;622.0;628.0;999.0;1026.5;1065.0;856.4;200.9
43;19;7;633.0;639.5;971.0;984.0;1018.0;838.4;174.7
43;20;7;630.0;646.0;927.0;941.0;973.0;814.9;151.5
43;21;7;619.0;638.0;914.0;926.5;936.0;799.7;145.8
43;22;7;616.0;628.0;820.0;833.5;862.0;745.9;106.3
43;23;7;620.0;631.5;821.0;834.5;857.0;747.1;104.0
43;24;7;615.0;627.0;809.0;822.5;862.0;740.7;103.2
43;25;7;614.0;627.5;801.0;850.0;877.0;749.6;112.3
43;26;7;623.0;630.5;796.0;817.0;836.0;735.7;93.9
43;27;7;610.0;633.5;780.0;788.0;791.0;717.7;80.2
43;28;7;609.0;632.0;775.0;788.5;808.0;719.0;83.2
43;29;7;609.0;621.5;771.0;788.5;801.0;714.4;84.7
43;30;7;618.0;621.5;724.0;731.5;744.0;684.6;56.1
43;31;7;609.0;609.0;631.0;638.0;642.0;625.1;14.3
43;32;7;609.0;609.0;609.0;609.0;609.0;609.0;0.0
43;33;7;609.0;609.0;609.0;609.0;609.0;609.0;0.0
43;34;7;609.0;609.0;609.0;609.0;609.0;609.0;0.0
43;35;7;609.0;609.0;609.0;609.0;609.0;609.0;0.0
43;36;7;609.0;609.0;609.0;609.0;609.0;609.0;0.0
43;37;7;609.0;609.0;609.0;609.0;609.0;609.0;0.0
43;38;7;609.0;609.0;609.0;609.0;609.0;609.0;0.0
43;39;7;609.0;609.0;609.0;609.0;609.0;609.0;0.0
43;40;7;609.0;609.0;609.0;609.0;609.0;609.0;0.0
43;41;7;609.0;609.0;609.0;609.0;609.0;609.0;0.0
43;42;7;609.0;609.0;609.0;609.0;609.0;609.0;0.0
43;43;7;609.0;609.0;609.0;609.0;609.0;609.0;0.0
43;44;7;609.0;609.0;609.0;609.0;609.0;609.0;0.0
43;45;7;609.0;609.0;609.0;609.0;609.0;609.0;0.0
43;46;7;609.0;609.0;609.0;609.0;609.0;609.0;0.0
43;47;7;609.0;609.0;609.0;609.0;609.0;609.0;0.0
43;48;7;609.0;609.0;609.0;609.0;609.0;609.0;0.0
43;49;7;609.0;609.0;609.0;609.0;609.0;609.0;0.0
43;50;7;609.0;609.0;609.0;609.0;609.0;609.0;0.0
43;51;7;609.0;609.0;609.0;609.0;609.0;609.0;0.0
43;52;7;609.0;609.0;609.0;609.0;609.0;609.0;0.0
43;53;7;609.0;609.0;609.0;609.0;609.0;609.0;0.0
43;54;7;609.0;609.0;609.0;609.0;609.0;609.0;0.0
43;55;7;609.0;609.0;609.0;609.0;609.0;609.0;0.0
43;56;7;609.0;609.0;609.0;609.0;609.0;609.0;0.0
43;57;7;609.0;609.0;609.0;609.0;609.0;609.0;0.0
43;58;7;609.0;609.0;609.0;609.0;609.0;609.0;0.0
43;59;7;609.0;609.0;609.0;609.0;609.0;609.0;0.0
43;60;7;609.0;609.0;609.0;609.0;609.0;609.0;0.0
43;61;7;609.0;609.0;609.0;609.0;609.0;609.0;0.0
43;62;7;609.0;609.0;609.0;609.0;609.0;609.0;0.0
43;63;7;609.0;609.0;609.0;609.0;609.0;609.0;0.0
43;64;7;609.0;609.0;609.0;609.0;609.0;609.0;0.0
43;65;7;609.0;609.0;609.0;609.0;609.0;609.0;0.0
43;66;7;609.0;609.0;609.0;609.0;609.0;609.0;0.0
43;67;7;609.0;609.0;609.0;609.0;609.0;609.0;0.0
43;68;7;609.0;609.0;609.0;609.0;609.0;609.0;0.0
43;69;7;609.0;609.0;609.0;609.0;609.0;609.0;0.0
43;70;7;609.0;609.0;609.0;609.0;609.0;609.0;0.0
43;71;7;609.0;609.0;609.0;609.0;609.0;609.0;0.0
43;72;7;609.0;609.0;609.0;609.0;609.0;609.0;0.0
43;73;7;609.0;609.0;609.0;609.0;609.0;609.0;0.0
43;74;7;622.0;624.0;627.0;807.0;993.0;729.1;162.8
43;75;7;609.0;635.0;640.0;792.5;944.0;721.1;139.5
43;76;7;619.0;625.0;630.0;756.0;882.0;699.0;113.4
43;77;7;610.0;616.0;625.0;735.5;888.0;689.4;112.2
43;78;7;609.0;611.0;617.0;706.0;801.0;665.9;82.7
43;79;7;610.0;622.0;628.0;693.0;769.0;662.4;61.3
43;80;7;609.0;620.5;627.0;716.0;803.0;673.1;79.7
43;81;7;610.0;610.0;610.0;638.5;669.0;626.6;26.2
43;82;7;616.0;616.0;616.0;651.0;686.0;636.0;31.3
43;83;7;610.0;616.0;616.0;629.5;643.0;622.9;12.9
43;84;7;616.0;616.0;616.0;616.0;643.0;619.9;9.4
43;85;7;610.0;616.0;616.0;616.0;643.0;619.0;10.0
43;86;7;616.0;616.0;616.0;617.0;658.0;622.3;14.6
43;87;7;610.0;612.0;616.0;618.0;682.0;624.0;23.9
43;88;7;609.0;614.5;616.0;616.0;716.0;628.9;35.7
43;89;7;617.0;618.0;619.0;620.0;721.0;633.3;35.8
43;90;7;610.0;614.0;616.0;616.5;718.0;629.3;36.3
43;91;7;612.0;616.0;619.0;621.5;718.0;632.0;35.3
43;92;7;612.0;612.5;616.0;618.5;718.0;629.7;36.2
43;93;7;609.0;609.5;612.0;620.5;716.0;628.1;36.2
43;94;7;609.0;613.0;620.0;621.0;718.0;630.7;36.0
43;95;7;612.0;617.0;621.0;621.0;718.0;632.4;35.1
43;96;7;611.0;614.5;620.0;621.0;716.0;631.1;34.9
43;97;7;609.0;610.0;612.0;617.0;718.0;627.6;37.0
43;98;7;609.0;614.5;619.0;620.0;721.0;631.1;36.9
43;99;7;610.0;612.0;612.0;619.0;716.0;628.6;35.9
44;0;7;735.0;966.0;1171.0;1186.5;1213.0;1060.6;195.9
44;1;7;724.0;962.5;1165.0;1200.5;1219.0;1062.0;203.2
44;2;7;674.0;921.0;1174.0;1188.0;1201.0;1038.1;229.3
44;3;7;705.0;956.5;1178.0;1193.5;1196.0;1054.1;209.8
44;4;7;721.0;986.5;1152.0;1176.5;1185.0;1054.9;181.6
44;5;7;678.0;946.5;1153.0;1176.0;1199.0;1039.3;209.0
44;6;7;658.0;929.0;1122.0;1195.5;1210.0;1034.1;216.6
44;7;7;668.0;937.5;1150.0;1161.0;1174.0;1027.0;207.7
44;8;7;678.0;913.5;1107.0;1161.0;1165.0;1014.1;199.0
44;9;7;708.0;909.0;1111.0;1122.0;1148.0;1004.1;182.4
44;10;7;669.0;934.5;1105.0;1130.5;1141.0;1006.4;183.8
44;11;7;672.0;878.5;1098.0;1121.5;1140.0;987.1;194.1
44;12;7;696.0;907.5;1114.0;1126.5;1143.0;1003.0;190.1
44;13;7;654.0;891.0;1123.0;1130.0;1134.0;993.3;210.0
44;14;7;634.0;673.0;1029.0;1065.0;1074.0;887.6;198.0
44;15;7;638.0;694.0;1029.0;1040.5;1047.0;883.3;181.0
44;16;7;621.0;632.0;1007.0;1021.5;1077.0;858.9;200.8
44;17;7;644.0;662.0;985.0;1002.0;1009.0;852.3;170.3
44;18;7;647.0;661.0;983.0;993.0;1022.0;851.4;169.5
44;19;7;620.0;645.0;920.0;933.0;976.0;810.3;151.4
44;20;7;617.0;622.0;848.0;874.5;889.0;763.9;124.8
44;21;7;629.0;648.0;936.0;944.0;947.0;813.7;149.3
44;22;7;618.0;639.5;815.0;838.5;849.0;748.3;101.1
44;23;7;619.0;629.0;819.0;865.0;891.0;759.6;117.8
44;24;7;612.0;623.5;843.0;859.0;892.0;758.9;121.4
44;25;7;610.0;615.0;797.0;801.0;821.0;722.9;95.2
44;26;7;611.0;616.5;732.0;763.0;778.0;697.1;72.6
44;27;7;610.0;617.0;702.0;710.0;717.0;669.0;47.5
44;28;7;611.0;617.5;683.0;686.0;690.0;655.9;35.2
44;29;7;610.0;617.5;661.0;674.0;679.0;647.6;29.0
44;30;7;610.0;610.0;610.0;610.0;610.0;610.0;0.0
44;31;7;610.0;610.0;610.0;610.0;610.0;610.0;0.0
44;32;7;610.0;610.0;610.0;610.0;610.0;610.0;0.0
44;33;7;610.0;610.0;610.0;610.0;610.0;610.0;0.0
44;34;7;610.0;610.0;610.0;610.0;610.0;610.0;0.0
44;35;7;610.0;610.0;610.0;610.0;610.0;610.0;0.0
44;36;7;610.0;610.0;610.0;610.0;610.0;610.0;0.0
44;37;7;610.0;610.0;610.0;610.0;610.0;610.0;0.0
44;38;7;610.0;610.0;610.0;610.0;610.0;610.0;0.0
44;39;7;610.0;610.0;610.0;610.0;610.0;610.0;0.0
44;40;7;610.0;610.0;610.0;610.0;610.0;610.0;0.0
44;41;7;610.0;610.0;610.0;610.0;610.0;610.0;0.0
44;42;7;610.0;610.0;610.0;610.0;610.0;610.0;0.0
44;43;7;610.0;610.0;610.0;610.0;610.0;610.0;0.0
44;44;7;610.0;610.0;610.0;610.0;610.0;610.0;0.0
44;45;7;610.0;610.0;610.0;610.0;610.0;610.0;0.0
44;46;7;610.0;610.0;610.0;610.0;610.0;610.0;0.0
44;47;7;610.0;610.0;610.0;610.0;610.0;610.0;0.0
44;48;7;610.0;610.0;610.0;610.0;610.0;610.0;0.0
44;49;7;610.0;610.0;610.0;610.0;610.0;610.0;0.0
44;50;7;610.0;610.0;610.0;610.0;610.0;610.0;0.0
44;51;7;610.0;610.0;610.0;610.0;610.0;610.0;0.0
44;52;7;610.0;610.0;610.0;610.0;610.0;610.0;0.0
44;53;7;610.0;610.0;610.0;610.0;610.0;610.0;0.0
44;54;7;610.0;610.0;610.0;610.0;610.0;610.0;0.0
44;55;7;610.0;610.0;610.0;610.0;610.0;610.0;0.0
44;56;7;610.0;610.0;610.0;610.0;610.0;610.0;0.0
44;57;7;610.0;610.0;610.0;610.0;610.0;610.0;0.0
44;58;7;610.0;610.0;610.0;610.0;610.0;610.0;0.0
44;59;7;610.0;610.0;610.0;610.0;610.0;610.0;0.0
44;60;7;610.0;610.0;610.0;610.0;610.0;610.0;0.0
44;61;7;610.0;610.0;610.0;610.0;610.0;610.0;0.0
44;62;7;610.0;610.0;610.0;610.0;610.0;610.0;0.0
44;63;7;610.0;610.0;610.0;610.0;610.0;610.0;0.0
44;64;7;610.0;610.0;610.0;610.0;610.0;610.0;0.0
44;65;7;610.0;610.0;610.0;610.0;610.0;610.0;0.0
44;66;7;610.0;610.0;610.0;610.0;610.0;610.0;0.0
44;67;7;610.0;610.0;610.0;610.0;610.0;610.0;0.0
44;68;7;610.0;610.0;610.0;610.0;610.0;610.0;0.0
44;69;7;610.0;610.0;610.0;610.0;610.0;610.0;0.0
44;70;7;616.0;627.0;672.0;822.0;973.0;737.0;149.8
44;71;7;608.0;623.0;626.0;765.5;909.0;702.9;127.1
44;72;7;620.0;624.5;631.0;765.0;890.0;702.9;117.6
44;73;7;612.0;624.5;631.0;770.0;904.0;705.1;125.7
44;74;7;613.0;620.0;624.0;746.0;856.0;689.3;104.8
44;75;7;612.0;623.5;635.0;728.5;829.0;682.9;89.7
44;76;7;610.0;619.0;632.0;750.5;873.0;693.4;111.9
44;77;7;615.0;618.0;623.0;716.5;829.0;676.6;90.3
44;78;7;608.0;617.0;619.0;711.5;803.0;669.6;80.4
44;79;7;610.0;616.5;625.0;683.5;758.0;656.1;59.2
44;80;7;610.0;610.0;610.0;610.0;610.0;610.0;0.0
44;81;7;610.0;610.0;610.0;610.0;610.0;610.0;0.0
44;82;7;610.0;610.0;610.0;610.0;610.0;610.0;0.0
44;83;7;610.0;610.0;610.0;610.0;610.0;610.0;0.0
44;84;7;610.0;610.0;610.0;610.0;610.0;610.0;0.0
44;85;7;610.0;610.0;610.0;610.0;610.0;610.0;0.0
44;86;7;610.0;610.0;610.0;610.0;610.0;610.0;0.0
44;87;7;610.0;610.0;610.0;610.0;610.0;610.0;0.0
44;88;7;610.0;610.0;610.0;610.0;610.0;610.0;0.0
44;89;7;610.0;610.0;610.0;610.0;610.0;610.0;0.0
44;90;7;610.0;610.0;610.0;610.0;610.0;610.0;0.0
44;91;7;610.0;610.0;610.0;610.0;610.0;610.0;0.0
44;92;7;610.0;610.0;610.0;610.0;610.0;610.0;0.0
44;93;7;610.0;610.0;610.0;610.0;610.0;610.0;0.0
44;94;7;610.0;610.0;610.0;610.0;610.0;610.0;0.0
44;95;7;610.0;610.0;610.0;610.0;610.0;610.0;0.0
44;96;7;610.0;610.0;610.0;610.0;610.0;610.0;0.0
44;97;7;610.0;610.0;610.0;610.0;610.0;610.0;0.0
44;98;7;610.0;610.0;610.0;610.0;610.0;610.0;0.0
44;99;7;610.0;610.0;610.0;610.0;610.0;610.0;0.0
45;0;7;663.0;930.0;1171.0;1189.0;1208.0;1040.0;224.9
45;1;7;741.0;969.0;1140.0;1150.5;1194.0;1044.9;172.7
45;2;7;734.0;945.0;1169.0;1204.0;1210.0;1058.7;204.7
45;3;7;766.0;1034.5;1208.0;1211.5;1218.0;1097.7;179.7
45;4;7;658.0;902.0;1114.0;1157.0;1183.0;1010.4;213.9
45;5;7;683.0;937.0;1145.0;1168.0;1184.0;1031.7;206.6
45;6;7;711.0;902.5;1145.0;1176.0;1190.0;1029.0;199.8
45;7;7;732.0;978.0;1165.0;1169.0;1180.0;1053.0;182.3
45;8;7;675.0;907.0;1111.0;1127.0;1140.0;999.1;196.3
45;9;7;702.0;925.5;1110.0;1118.5;1126.0;1003.7;178.3
45;10;7;694.0;928.0;1106.0;1118.0;1127.0;1002.7;172.6
45;11;7;671.0;919.0;1108.0;1119.0;1140.0;999.3;186.0
45;12;7;661.0;897.0;1061.0;1095.0;1116.0;974.6;176.4
45;13;7;644.0;857.0;1085.0;1096.5;1106.0;963.1;202.1
45;14;7;617.0;685.0;1100.0;1108.0;1114.0;916.7;221.4
45;15;7;626.0;672.0;1021.0;1030.5;1051.0;871.9;188.1
45;16;7;630.0;646.5;980.0;999.5;1020.0;846.0;178.2
45;17;7;636.0;650.0;989.0;1019.0;1046.0;858.4;185.5
45;18;7;623.0;648.0;961.0;998.5;1022.0;842.7;177.2
45;19;7;624.0;642.5;928.0;937.5;952.0;809.1;150.0
45;20;7;618.0;632.5;923.0;939.5;947.0;804.6;153.5
45;21;7;620.0;638.5;947.0;965.5;974.0;821.3;164.0
45;22;7;624.0;629.5;837.0;853.0;876.0;757.4;113.0
45;23;7;623.0;632.5;810.0;845.5;879.0;752.6;109.0
45;24;7;624.0;628.5;841.0;845.0;851.0;751.9;108.2
45;25;7;615.0;629.0;747.0;785.0;814.0;714.9;81.1
45;26;7;617.0;620.5;759.0;768.0;781.0;704.9;74.4
45;27;7;617.0;637.0;730.0;744.0;756.0;695.0;57.1
45;28;7;619.0;625.5;756.0;768.5;775.0;705.4;71.3
45;29;7;620.0;627.0;715.0;730.5;754.0;686.3;54.8
45;30;7;622.0;628.0;701.0;711.5;724.0;675.1;43.1
45;31;7;623.0;628.5;688.0;694.0;697.0;664.7;33.1
45;32;7;616.0;618.5;670.0;674.0;677.0;649.7;27.8
45;33;7;618.0;623.0;647.0;654.5;655.0;639.3;15.9
45;34;7;626.0;631.0;652.0;653.0;654.0;642.9;11.9
45;35;7;628.0;632.0;655.0;655.0;655.0;644.6;12.1
45;36;7;621.0;636.5;653.0;654.5;655.0;644.4;12.5
45;37;7;621.0;621.0;627.0;654.0;654.0;636.0;15.7
45;38;7;610.0;611.0;632.0;654.5;655.0;632.6;20.4
45;39;7;621.0;625.5;631.0;636.5;648.0;632.0;9.0
45;40;7;621.0;625.5;631.0;640.0;647.0;632.9;9.4
45;41;7;621.0;626.0;631.0;644.0;647.0;634.1;10.2
45;42;7;623.0;630.0;630.0;633.5;637.0;631.0;4.1
45;43;7;621.0;626.5;630.0;632.0;632.0;628.6;4.3
45;44;7;621.0;625.5;630.0;632.0;632.0;628.3;4.7
45;45;7;621.0;626.5;630.0;632.0;632.0;628.6;4.3
45;46;7;621.0;621.0;621.0;629.5;630.0;624.7;4.3
45;47;7;621.0;625.5;630.0;630.0;631.0;627.6;4.2
45;48;7;621.0;621.0;621.0;621.0;630.0;622.3;3.1
45;49;7;621.0;621.0;621.0;625.5;630.0;623.6;4.1
45;50;7;621.0;621.0;621.0;621.0;630.0;622.3;3.1
45;51;7;621.0;621.0;630.0;630.0;630.0;626.1;4.5
45;52;7;621.0;621.0;621.0;621.0;630.0;622.3;3.1
45;53;7;621.0;621.0;621.0;621.0;621.0;621.0;0.0
45;54;7;621.0;621.0;621.0;621.0;621.0;621.0;0.0
45;55;7;621.0;621.0;621.0;621.0;621.0;621.0;0.0
45;56;7;621.0;621.0;621.0;621.0;621.0;621.0;0.0
45;57;7;621.0;621.0;621.0;621.0;621.0;621.0;0.0
45;58;7;621.0;621.0;621.0;621.0;621.0;621.0;0.0
45;59;7;621.0;621.0;621.0;621.0;621.0;621.0;0.0
45;60;7;621.0;621.0;621.0;621.0;621.0;621.0;0.0
45;61;7;621.0;621.0;621.0;621.0;621.0;621.0;0.0
45;62;7;621.0;621.0;621.0;621.0;621.0;621.0;0.0
45;63;7;621.0;621.0;621.0;621.0;621.0;621.0;0.0
45;64;7;621.0;621.0;621.0;621.0;621.0;621.0;0.0
45;65;7;621.0;621.0;621.0;621.0;621.0;621.0;0.0
45;66;7;621.0;621.0;621.0;621.0;621.0;621.0;0.0
45;67;7;621.0;621.0;621.0;621.0;621.0;621.0;0.0
45;68;7;615.0;621.0;621.0;621.0;621.0;620.1;2.1
45;69;7;621.0;621.0;621.0;621.0;621.0;621.0;0.0
45;70;7;621.0;621.0;621.0;621.0;621.0;621.0;0.0
45;71;7;621.0;621.0;621.0;621.0;621.0;621.0;0.0
45;72;7;621.0;621.0;621.0;621.0;621.0;621.0;0.0
45;73;7;621.0;621.0;621.0;621.0;621.0;621.0;0.0
45;74;7;621.0;621.0;621.0;621.0;621.0;621.0;0.0
45;75;7;621.0;621.0;621.0;621.0;621.0;621.0;0.0
45;76;7;621.0;621.0;621.0;621.0;621.0;621.0;0.0
45;77;7;621.0;621.0;621.0;621.0;621.0;621.0;0.0
45;78;7;621.0;621.0;621.0;621.0;621.0;621.0;0.0
45;79;7;621.0;621.0;621.0;621.0;621.0;621.0;0.0
45;80;7;621.0;621.0;621.0;621.0;621.0;621.0;0.0
45;81;7;621.0;621.0;621.0;621.0;621.0;621.0;0.0
45;82;7;621.0;621.0;621.0;621.0;621.0;621.0;0.0
45;83;7;621.0;621.0;621.0;621.0;621.0;621.0;0.0
45;84;7;622.0;625.5;643.0;774.5;914.0;711.3;124.5
45;85;7;617.0;619.0;633.0;753.5;879.0;696.3;109.0
45;86;7;621.0;621.0;623.0;698.5;777.0;665.7;65.6
45;87;7;621.0;623.5;631.0;689.0;759.0;662.3;56.2
45;88;7;621.0;621.0;623.0;673.5;757.0;655.7;52.8
45;89;7;621.0;621.0;621.0;621.0;632.0;622.6;3.8
45;90;7;621.0;621.0;621.0;625.0;715.0;635.6;32.5
45;91;7;621.0;621.0;621.0;621.0;621.0;621.0;0.0
45;92;7;621.0;621.0;621.0;621.0;621.0;621.0;0.0
45;93;7;621.0;621.0;621.0;621.0;621.0;621.0;0.0
45;94;7;621.0;621.0;621.0;621.0;621.0;621.0;0.0
45;95;7;621.0;621.0;621.0;621.0;621.0;621.0;0.0
45;96;7;621.0;621.0;621.0;621.0;621.0;621.0;0.0
45;97;7;621.0;621.0;621.0;621.0;621.0;621.0;0.0
45;98;7;621.0;621.0;621.0;621.0;621.0;621.0;0.0
45;99;7;621.0;621.0;621.0;621.0;621.0;621.0;0.0
46;0;7;719.0;956.5;1203.0;1213.0;1221.0;1068.9;219.3
46;1;7;712.0;977.5;1207.0;1213.0;1227.0;1075.3;215.7
46;2;7;714.0;961.5;1177.0;1202.5;1211.0;1061.4;208.1
46;3;7;692.0;952.0;1154.0;1163.0;1165.0;1034.4;190.4
46;4;7;666.0;916.0;1175.0;1192.5;1208.0;1038.0;224.2
46;5;7;712.0;969.5;1160.0;1165.0;1186.0;1046.7;189.0
46;6;7;658.0;928.5;1155.0;1170.5;1173.0;1026.3;213.7
46;7;7;680.0;943.0;1174.0;1178.0;1181.0;1039.6;213.3
46;8;7;734.0;941.5;1147.0;1165.0;1178.0;1038.9;184.1
46;9;7;705.0;917.5;1114.0;1123.0;1127.0;1003.9;179.6
46;10;7;658.0;873.0;1074.0;1083.5;1105.0;964.3;178.6
46;11;7;683.0;905.0;1120.0;1126.5;1137.0;1000.4;198.3
46;12;7;653.0;889.5;1107.0;1121.5;1129.0;987.3;204.4
46;13;7;670.0;898.0;1073.0;1096.5;1099.0;975.9;175.6
46;14;7;631.0;675.5;1042.0;1094.5;1116.0;904.1;212.6
46;15;7;646.0;675.5;1043.0;1086.0;1106.0;902.6;206.1
46;16;7;630.0;649.0;1027.0;1048.5;1076.0;875.4;202.1
46;17;7;608.0;639.0;1034.0;1040.5;1047.0;864.0;204.4
46;18;7;640.0;671.5;986.0;1011.5;1035.0;861.0;174.3
46;19;7;620.0;640.5;1030.0;1034.0;1059.0;865.4;201.0
46;20;7;613.0;623.5;831.0;911.0;930.0;777.6;139.6
46;21;7;617.0;637.0;872.0;900.5;934.0;785.4;135.7
46;22;7;617.0;621.5;907.0;949.5;956.0;803.1;159.3
46;23;7;620.0;632.5;865.0;873.0;890.0;769.4;122.5
46;24;7;628.0;632.5;823.0;855.0;896.0;760.3;114.2
46;25;7;619.0;622.0;746.0;760.5;774.0;700.6;69.3
46;26;7;625.0;630.0;736.0;738.5;746.0;692.0;55.3
46;27;7;613.0;632.0;791.0;797.5;806.0;724.1;85.6
46;28;7;620.0;625.5;703.0;734.0;742.0;683.4;53.0
46;29;7;620.0;632.0;709.0;709.5;722.0;676.3;42.2
46;30;7;619.0;622.0;691.0;692.5;706.0;663.6;37.2
46;31;7;620.0;626.5;751.0;762.5;783.0;704.6;70.1
46;32;7;620.0;629.0;694.0;701.0;711.0;669.3;38.0
46;33;7;618.0;620.0;674.0;674.5;696.0;653.9;30.8
46;34;7;616.0;624.5;650.0;654.0;655.0;639.7;15.9
46;35;7;614.0;620.0;636.0;648.0;652.0;634.0;15.0
46;36;7;614.0;614.0;623.0;631.0;632.0;622.7;8.0
46;37;7;614.0;614.5;623.0;623.0;623.0;619.3;4.3
46;38;7;614.0;614.0;622.0;623.0;623.0;619.0;4.3
46;39;7;614.0;614.0;614.0;614.0;614.0;614.0;0.0
46;40;7;614.0;614.0;614.0;614.0;614.0;614.0;0.0
46;41;7;614.0;614.0;614.0;614.0;614.0;614.0;0.0
46;42;7;614.0;614.0;614.0;614.0;614.0;614.0;0.0
46;43;7;614.0;614.0;614.0;614.0;614.0;614.0;0.0
46;44;7;614.0;614.0;614.0;614.0;614.0;614.0;0.0
46;45;7;614.0;614.0;614.0;614.0;614.0;614.0;0.0
46;46;7;614.0;614.0;614.0;614.0;614.0;614.0;0.0
46;47;7;610.0;614.0;614.0;614.0;614.0;613.4;1.4
46;48;7;614.0;614.0;614.0;614.0;614.0;614.0;0.0
46;49;7;614.0;614.0;614.0;614.0;614.0;614.0;0.0
46;50;7;614.0;614.0;614.0;614.0;614.0;614.0;0.0
46;51;7;614.0;614.0;614.0;614.0;614.0;614.0;0.0
46;52;7;614.0;614.0;614.0;614.0;614.0;614.0;0.0
46;53;7;614.0;614.0;614.0;614.0;614.0;614.0;0.0
46;54;7;614.0;614.0;614.0;614.0;614.0;614.0;0.0
46;55;7;614.0;614.0;614.0;614.0;614.0;614.0;0.0
46;56;7;614.0;614.0;614.0;614.0;614.0;614.0;0.0
46;57;7;614.0;614.0;614.0;614.0;614.0;614.0;0.0
46;58;7;614.0;614.0;614.0;614.0;614.0;614.0;0.0
46;59;7;614.0;614.0;614.0;614.0;614.0;614.0;0.0
46;60;7;614.0;614.0;614.0;614.0;614.0;614.0;0.0
46;61;7;614.0;614.0;614.0;614.0;614.0;614.0;0.0
46;62;7;614.0;614.0;614.0;614.0;614.0;614.0;0.0
46;63;7;624.0;630.0;644.0;986.0;1033.0;790.4;184.5
46;64;7;616.0;636.0;642.0;796.5;939.0;723.1;135.7
46;65;7;620.0;626.5;635.0;792.5;957.0;721.4;141.3
46;66;7;622.0;626.0;643.0;799.0;952.0;723.9;140.4
46;67;7;613.0;618.5;623.0;735.0;857.0;685.7;104.6
46;68;7;610.0;615.0;625.0;732.5;843.0;681.9;99.6
46;69;7;610.0;613.5;623.0;716.5;802.0;670.7;82.7
46;70;7;612.0;617.5;628.0;684.5;783.0;661.0;64.1
46;71;7;614.0;624.0;627.0;720.0;818.0;678.1;82.9
46;72;7;610.0;614.0;614.0;645.5;694.0;633.9;32.2
46;73;7;614.0;614.0;614.0;614.0;614.0;614.0;0.0
46;74;7;614.0;614.0;614.0;614.0;614.0;614.0;0.0
46;75;7;614.0;614.0;614.0;614.0;614.0;614.0;0.0
46;76;7;614.0;614.0;614.0;614.0;614.0;614.0;0.0
46;77;7;613.0;614.0;614.0;614.0;614.0;613.9;0.3
46;78;7;614.0;614.0;614.0;614.0;614.0;614.0;0.0
46;79;7;614.0;614.0;614.0;614.0;614.0;614.0;0.0
46;80;7;614.0;614.0;614.0;614.0;614.0;614.0;0.0
46;81;7;614.0;614.0;614.0;614.0;614.0;614.0;0.0
46;82;7;614.0;614.0;614.0;614.0;614.0;614.0;0.0
46;83;7;614.0;614.0;614.0;614.0;614.0;614.0;0.0
46;84;7;614.0;614.0;614.0;614.0;614.0;614.0;0.0
46;85;7;614.0;614.0;614.0;614.0;614.0;614.0;0.0
46;86;7;614.0;614.0;614.0;614.0;614.0;614.0;0.0
46;87;7;614.0;614.0;614.0;614.0;614.0;614.0;0.0
46;88;7;614.0;614.0;614.0;614.0;614.0;614.0;0.0
46;89;7;614.0;614.0;614.0;614.0;614.0;614.0;0.0
46;90;7;614.0;614.0;614.0;614.0;614.0;614.0;0.0
46;91;7;614.0;614.0;614.0;614.0;614.0;614.0;0.0
46;92;7;614.0;614.0;614.0;614.0;614.0;614.0;0.0
46;93;7;614.0;614.0;614.0;614.0;614.0;614.0;0.0
46;94;7;614.0;614.0;614.0;614.0;614.0;614.0;0.0
46;95;7;614.0;614.0;614.0;614.0;614.0;614.0;0.0
46;96;7;614.0;614.0;614.0;614.0;614.0;614.0;0.0
46;97;7;614.0;614.0;614.0;614.0;614.0;614.0;0.0
46;98;7;614.0;614.0;614.0;614.0;614.0;614.0;0.0
46;99;7;614.0;614.0;614.0;614.0;614.0;614.0;0.0
47;0;7;680.0;963.0;1198.0;1210.5;1235.0;1065.7;225.7
47;1;7;681.0;901.0;1158.0;1179.0;1184.0;1026.1;209.7
47;2;7;691.0;919.5;1149.0;1171.5;1206.0;1032.6;215.6
47;3;7;712.0;939.0;1185.0;1190.5;1205.0;1051.6;212.1
47;4;7;693.0;882.0;1120.0;1131.0;1172.0;1001.6;193.3
47;5;7;699.0;991.0;1219.0;1234.0;1251.0;1088.4;217.8
47;6;7;656.0;1016.0;1226.0;1239.5;1242.0;1090.7;228.8
47;7;7;742.0;974.5;1183.0;1195.5;1204.0;1067.0;194.7
47;8;7;645.0;909.5;1111.0;1112.0;1126.0;989.3;198.6
47;9;7;639.0;894.5;1148.0;1167.5;1185.0;1013.7;223.6
47;10;7;690.0;938.0;1145.0;1151.0;1157.0;1024.3;197.9
47;11;7;652.0;856.0;1054.0;1086.5;1099.0;955.7;190.0
47;12;7;633.0;842.0;1054.0;1111.0;1121.0;959.1;200.0
47;13;7;732.0;934.0;1122.0;1137.0;1149.0;1020.7;175.2
47;14;7;674.0;696.0;1039.0;1084.5;1105.0;911.3;193.8
47;15;7;646.0;673.0;1049.0;1067.0;1071.0;892.3;198.0
47;16;7;620.0;651.0;985.0;1019.5;1061.0;858.1;190.5
47;17;7;619.0;635.0;949.0;969.0;1005.0;825.9;170.9
47;18;7;626.0;637.5;957.0;993.5;1008.0;836.1;176.1
47;19;7;621.0;637.5;921.0;964.0;997.0;820.3;164.7
47;20;7;628.0;661.0;983.0;990.0;995.0;844.0;168.8
47;21;7;613.0;622.5;909.0;934.0;960.0;799.3;156.7
47;22;7;621.0;629.5;954.0;957.5;964.0;816.1;164.2
47;23;7;627.0;629.5;845.0;868.0;887.0;764.9;118.6
47;24;7;611.0;628.0;826.0;843.0;864.0;749.0;110.4
47;25;7;608.0;627.5;807.0;832.5;851.0;740.9;105.0
47;26;7;624.0;633.0;794.0;863.5;889.0;757.1;113.5
47;27;7;616.0;620.5;788.0;803.0;809.0;722.9;90.2
47;28;7;620.0;630.5;719.0;760.0;794.0;702.0;69.4
47;29;7;612.0;623.5;720.0;750.5;761.0;691.6;63.8
47;30;7;620.0;631.5;740.0;743.5;753.0;694.7;58.3
47;31;7;608.0;624.0;701.0;714.5;722.0;672.6;47.4
47;32;7;608.0;610.5;683.0;697.0;711.0;659.6;43.9
47;33;7;608.0;608.0;645.0;687.0;707.0;650.0;40.4
47;34;7;608.0;608.0;608.0;609.0;628.0;611.1;6.9
47;35;7;608.0;608.0;608.0;608.0;608.0;608.0;0.0
47;36;7;608.0;608.0;608.0;608.0;608.0;608.0;0.0
47;37;7;608.0;608.0;608.0;608.0;608.0;608.0;0.0
47;38;7;608.0;608.0;608.0;608.0;608.0;608.0;0.0
47;39;7;608.0;608.0;608.0;608.0;608.0;608.0;0.0
47;40;7;608.0;608.0;608.0;608.0;608.0;608.0;0.0
47;41;7;608.0;608.0;608.0;608.0;608.0;608.0;0.0
47;42;7;608.0;608.0;608.0;608.0;608.0;608.0;0.0
47;43;7;608.0;608.0;608.0;608.0;608.0;608.0;0.0
47;44;7;608.0;608.0;608.0;608.0;608.0;608.0;0.0
47;45;7;608.0;608.0;608.0;608.0;608.0;608.0;0.0
47;46;7;608.0;608.0;608.0;608.0;608.0;608.0;0.0
47;47;7;608.0;608.0;608.0;608.0;608.0;608.0;0.0
47;48;7;608.0;608.0;608.0;608.0;608.0;608.0;0.0
47;49;7;608.0;608.0;608.0;608.0;608.0;608.0;0.0
47;50;7;608.0;608.0;608.0;608.0;608.0;608.0;0.0
47;51;7;608.0;608.0;608.0;608.0;608.0;608.0;0.0
47;52;7;608.0;608.0;608.0;608.0;608.0;608.0;0.0
47;53;7;608.0;608.0;608.0;608.0;608.0;608.0;0.0
47;54;7;608.0;608.0;608.0;608.0;608.0;608.0;0.0
47;55;7;608.0;608.0;608.0;608.0;608.0;608.0;0.0
47;56;7;608.0;608.0;608.0;608.0;608.0;608.0;0.0
47;57;7;608.0;608.0;608.0;608.0;608.0;608.0;0.0
47;58;7;608.0;608.0;608.0;608.0;608.0;608.0;0.0
47;59;7;608.0;608.0;608.0;608.0;608.0;608.0;0.0
47;60;7;608.0;608.0;608.0;608.0;608.0;608.0;0.0
47;61;7;608.0;608.0;608.0;608.0;608.0;608.0;0.0
47;62;7;608.0;608.0;608.0;608.0;608.0;608.0;0.0
47;63;7;608.0;608.0;608.0;608.0;608.0;608.0;0.0
47;64;7;608.0;608.0;608.0;608.0;608.0;608.0;0.0
47;65;7;608.0;608.0;608.0;608.0;608.0;608.0;0.0
47;66;7;608.0;608.0;608.0;608.0;608.0;608.0;0.0
47;67;7;608.0;608.0;608.0;608.0;608.0;608.0;0.0
47;68;7;608.0;608.0;608.0;608.0;608.0;608.0;0.0
47;69;7;608.0;608.0;608.0;608.0;608.0;608.0;0.0
47;70;7;608.0;608.0;608.0;608.0;608.0;608.0;0.0
47;71;7;609.0;631.0;640.0;847.5;1035.0;748.7;179.0
47;72;7;609.0;627.5;633.0;829.5;1024.0;740.0;177.1
47;73;7;619.0;635.0;646.0;811.5;970.0;732.6;147.0
47;74;7;609.0;609.5;640.0;780.5;934.0;709.0;133.3
47;75;7;614.0;619.5;627.0;758.5;881.0;696.9;116.0
47;76;7;611.0;617.0;619.0;747.5;876.0;690.7;115.4
47;77;7;613.0;622.0;624.0;729.0;834.0;681.9;95.7
47;78;7;611.0;619.5;625.0;710.0;794.0;669.9;78.4
47;79;7;608.0;620.0;628.0;730.0;839.0;682.1;94.0
47;80;7;617.0;626.0;629.0;699.5;808.0;672.1;74.2
47;81;7;609.0;615.0;624.0;718.0;820.0;674.1;89.6
47;82;7;609.0;609.0;609.0;621.0;767.0;635.0;54.5
47;83;7;608.0;609.5;613.0;624.5;754.0;634.7;49.1
47;84;7;608.0;608.0;608.0;608.0;608.0;608.0;0.0
47;85;7;608.0;608.0;608.0;608.0;608.0;608.0;0.0
47;86;7;608.0;608.0;608.0;608.0;608.0;608.0;0.0
47;87;7;608.0;608.0;608.0;608.0;608.0;608.0;0.0
47;88;7;608.0;608.0;608.0;608.0;608.0;608.0;0.0
47;89;7;608.0;608.0;608.0;608.0;608.0;608.0;0.0
47;90;7;608.0;608.0;608.0;608.0;608.0;608.0;0.0
47;91;7;608.0;608.0;608.0;608.0;608.0;608.0;0.0
47;92;7;608.0;608.0;608.0;608.0;608.0;608.0;0.0
47;93;7;608.0;608.0;608.0;608.0;608.0;608.0;0.0
47;94;7;608.0;608.0;608.0;608.0;608.0;608.0;0.0
47;95;7;608.0;608.0;608.0;608.0;608.0;608.0;0.0
47;96;7;608.0;608.0;608.0;608.0;608.0;608.0;0.0
47;97;7;608.0;608.0;608.0;608.0;608.0;608.0;0.0
47;98;7;608.0;608.0;608.0;608.0;608.0;608.0;0.0
47;99;7;608.0;608.0;608.0;608.0;608.0;608.0;0.0
48;0;7;718.0;940.0;1134.0;1164.0;1194.0;1036.3;192.5
48;1;7;680.0;925.5;1182.0;1198.0;1228.0;1048.1;233.4
48;2;7;765.0;984.0;1165.0;1191.0;1210.0;1070.0;181.2
48;3;7;688.0;980.5;1152.0;1164.5;1171.0;1043.0;186.9
48;4;7;660.0;889.5;1115.0;1151.5;1164.0;1003.0;215.2
48;5;7;685.0;930.5;1148.0;1177.5;1187.0;1033.7;210.3
48;6;7;660.0;952.0;1145.0;1166.5;1206.0;1035.4;207.9
48;7;7;649.0;935.0;1142.0;1162.0;1172.0;1022.4;206.1
48;8;7;697.0;901.0;1118.0;1130.5;1133.0;1001.6;189.9
48;9;7;647.0;878.5;1097.0;1103.5;1120.0;975.4;199.3
48;10;7;663.0;877.5;1118.0;1160.0;1185.0;1005.9;216.2
48;11;7;643.0;917.5;1122.0;1144.5;1163.0;1007.4;208.2
48;12;7;634.0;888.0;1056.0;1062.5;1080.0;953.0;174.9
48;13;7;629.0;876.5;1083.0;1093.0;1115.0;966.6;201.1
48;14;7;623.0;632.5;993.0;1040.0;1068.0;861.3;202.0
48;15;7;624.0;631.0;1009.0;1019.5;1033.0;852.4;194.0
48;16;7;635.0;656.0;1003.0;1031.5;1045.0;865.4;188.1
48;17;7;623.0;673.0;1026.0;1042.0;1058.0;876.7;191.8
48;18;7;612.0;631.5;908.0;953.5;977.0;809.6;161.3
48;19;7;615.0;643.5;981.0;996.5;1008.0;840.6;179.4
48;20;7;619.0;630.0;906.0;936.0;965.0;803.1;154.6
48;21;7;614.0;621.5;881.0;893.0;914.0;776.9;137.1
48;22;7;624.0;626.5;841.0;873.5;883.0;764.0;120.4
48;23;7;623.0;628.5;837.0;873.0;882.0;763.6;119.4
48;24;7;618.0;621.5;751.0;768.5;781.0;704.3;73.2
48;25;7;622.0;630.5;765.0;771.0;799.0;712.7;74.4
48;26;7;613.0;623.0;763.0;802.0;804.0;718.6;86.7
48;27;7;610.0;626.5;716.0;725.5;739.0;681.3;53.0
48;28;7;618.0;622.0;722.0;732.0;752.0;685.7;57.1
48;29;7;615.0;621.5;701.0;704.5;718.0;669.4;43.8
48;30;7;611.0;624.5;735.0;744.5;747.0;690.1;61.1
48;31;7;619.0;630.0;707.0;720.0;731.0;679.6;46.9
48;32;7;615.0;624.5;697.0;702.5;713.0;668.4;41.2
48;33;7;622.0;636.0;718.0;749.5;764.0;696.4;58.2
48;34;7;621.0;632.0;720.0;729.0;736.0;685.6;49.9
48;35;7;611.0;634.5;702.0;728.0;743.0;683.0;50.6
48;36;7;617.0;620.5;675.0;698.0;700.0;661.3;37.2
48;37;7;610.0;614.0;661.0;683.5;714.0;654.3;38.8
48;38;7;610.0;618.5;639.0;647.0;648.0;632.6;15.1
48;39;7;610.0;610.0;620.0;651.0;656.0;629.7;20.3
48;40;7;610.0;610.0;611.0;643.0;645.0;624.6;16.6
48;41;7;610.0;610.0;610.0;613.0;619.0;612.1;3.1
48;42;7;610.0;610.0;610.0;610.0;610.0;610.0;0.0
48;43;7;610.0;610.0;610.0;610.0;610.0;610.0;0.0
48;44;7;610.0;610.0;610.0;610.0;610.0;610.0;0.0
48;45;7;610.0;610.0;610.0;610.0;610.0;610.0;0.0
48;46;7;610.0;610.0;610.0;610.0;610.0;610.0;0.0
48;47;7;610.0;610.0;610.0;610.0;610.0;610.0;0.0
48;48;7;610.0;610.0;610.0;610.0;610.0;610.0;0.0
48;49;7;610.0;610.0;610.0;610.0;610.0;610.0;0.0
48;50;7;610.0;610.0;610.0;610.0;610.0;610.0;0.0
48;51;7;610.0;610.0;610.0;610.0;610.0;610.0;0.0
48;52;7;610.0;610.0;610.0;610.0;610.0;610.0;0.0
48;53;7;610.0;610.0;610.0;610.0;610.0;610.0;0.0
48;54;7;610.0;610.0;610.0;610.0;610.0;610.0;0.0
48;55;7;610.0;610.0;610.0;610.0;610.0;610.0;0.0
48;56;7;610.0;610.0;610.0;610.0;610.0;610.0;0.0
48;57;7;610.0;610.0;610.0;610.0;610.0;610.0;0.0
48;58;7;610.0;610.0;610.0;610.0;610.0;610.0;0.0
48;59;7;610.0;610.0;610.0;610.0;610.0;610.0;0.0
48;60;7;610.0;610.0;610.0;610.0;610.0;610.0;0.0
48;61;7;610.0;610.0;610.0;610.0;610.0;610.0;0.0
48;62;7;610.0;610.0;610.0;610.0;610.0;610.0;0.0
48;63;7;610.0;610.0;610.0;610.0;610.0;610.0;0.0
48;64;7;610.0;610.0;610.0;610.0;610.0;610.0;0.0
48;65;7;610.0;610.0;610.0;610.0;610.0;610.0;0.0
48;66;7;610.0;610.0;610.0;610.0;610.0;610.0;0.0
48;67;7;610.0;610.0;610.0;610.0;610.0;610.0;0.0
48;68;7;610.0;610.0;610.0;610.0;610.0;610.0;0.0
48;69;7;610.0;610.0;610.0;610.0;610.0;610.0;0.0
48;70;7;610.0;610.0;610.0;610.0;610.0;610.0;0.0
48;71;7;610.0;610.0;610.0;610.0;610.0;610.0;0.0
48;72;7;610.0;610.0;610.0;610.0;610.0;610.0;0.0
48;73;7;610.0;618.0;648.0;777.0;909.0;708.1;125.2
48;74;7;613.0;615.0;631.0;810.5;955.0;721.4;148.1
48;75;7;615.0;619.0;623.0;776.5;902.0;704.4;125.4
48;76;7;614.0;619.0;620.0;716.0;809.0;673.3;85.3
48;77;7;611.0;620.5;625.0;756.5;933.0;703.3;129.7
48;78;7;608.0;610.0;627.0;698.5;770.0;660.3;67.5
48;79;7;609.0;610.5;618.0;683.5;768.0;654.7;63.2
48;80;7;611.0;611.0;626.0;699.5;771.0;661.3;68.0
48;81;7;610.0;611.0;611.0;657.0;697.0;636.3;35.5
48;82;7;611.0;611.0;611.0;637.5;671.0;627.1;24.5
48;83;7;610.0;611.0;611.0;622.0;633.0;617.1;10.0
48;84;7;610.0;610.5;611.0;622.0;633.0;617.0;10.1
48;85;7;610.0;611.0;611.0;622.0;633.0;617.1;10.0
48;86;7;610.0;610.0;610.0;610.0;610.0;610.0;0.0
48;87;7;610.0;610.0;610.0;610.0;610.0;610.0;0.0
48;88;7;610.0;610.0;610.0;610.0;610.0;610.0;0.0
48;89;7;610.0;610.0;610.0;610.0;610.0;610.0;0.0
48;90;7;610.0;610.0;610.0;610.0;610.0;610.0;0.0
48;91;7;610.0;610.0;610.0;610.0;610.0;610.0;0.0
48;92;7;610.0;610.0;610.0;610.0;610.0;610.0;0.0
48;93;7;610.0;610.0;610.0;610.0;610.0;610.0;0.0
48;94;7;610.0;610.0;610.0;610.0;610.0;610.0;0.0
48;95;7;610.0;610.0;610.0;610.0;610.0;610.0;0.0
48;96;7;610.0;610.0;610.0;610.0;610.0;610.0;0.0
48;97;7;610.0;610.0;610.0;610.0;610.0;610.0;0.0
48;98;7;610.0;610.0;610.0;610.0;610.0;610.0;0.0
48;99;7;610.0;610.0;610.0;610.0;610.0;610.0;0.0
49;0;7;733.0;932.5;1143.0;1153.0;1217.0;1037.7;189.0
49;1;7;716.0;945.0;1177.0;1198.0;1207.0;1055.1;211.5
49;2;7;691.0;932.5;1173.0;1199.0;1208.0;1047.9;219.8
49;3;7;698.0;938.5;1181.0;1188.5;1192.0;1046.4;214.9
49;4;7;700.0;952.0;1161.0;1179.5;1187.0;1044.4;197.8
49;5;7;690.0;886.0;1103.0;1130.5;1137.0;994.7;189.3
49;6;7;695.0;918.0;1132.0;1150.0;1161.0;1017.7;193.7
49;7;7;678.0;911.5;1151.0;1154.5;1196.0;1022.4;210.7
49;8;7;736.0;925.5;1116.0;1129.0;1142.0;1014.7;171.2
49;9;7;636.0;928.0;1130.0;1149.5;1175.0;1013.7;211.8
49;10;7;691.0;865.0;1073.0;1101.5;1123.0;974.3;180.0
49;11;7;652.0;906.0;1116.0;1127.5;1157.0;998.9;203.1
49;12;7;661.0;874.5;1090.0;1105.0;1106.0;973.7;193.4
49;13;7;643.0;865.0;1059.0;1077.5;1082.0;952.7;183.9
49;14;7;645.0;702.0;1044.0;1056.5;1070.0;896.6;186.2
49;15;7;618.0;661.0;1002.0;1007.5;1023.0;854.3;180.5
49;16;7;630.0;654.0;1072.0;1090.5;1113.0;900.6;221.3
49;17;7;613.0;625.0;948.0;972.5;997.0;821.9;174.6
49;18;7;630.0;639.0;891.0;943.5;976.0;808.9;151.7
49;19;7;612.0;640.0;959.0;979.0;1000.0;829.9;173.4
49;20;7;621.0;629.5;888.0;924.0;948.0;794.9;147.1
49;21;7;613.0;628.0;851.0;860.0;906.0;763.7;123.1
49;22;7;621.0;627.5;847.0;870.5;881.0;763.6;120.1
49;23;7;617.0;626.5;802.0;825.0;864.0;740.9;103.4
49;24;7;623.0;624.5;787.0;806.0;824.0;727.9;90.6
49;25;7;617.0;633.5;826.0;828.5;834.0;743.0;99.8
49;26;7;615.0;626.0;739.0;746.0;776.0;696.3;65.1
49;27;7;626.0;631.0;700.0;705.0;725.0;674.7;40.0
49;28;7;612.0;627.5;700.0;718.5;723.0;675.3;47.2
49;29;7;610.0;616.0;667.0;678.0;689.0;650.6;32.4
49;30;7;610.0;614.5;693.0;697.0;709.0;662.1;42.9
49;31;7;612.0;622.0;648.0;653.5;659.0;638.6;18.0
49;32;7;612.0;612.0;618.0;621.0;622.0;616.9;4.4
49;33;7;612.0;612.0;612.0;612.0;612.0;612.0;0.0
49;34;7;612.0;612.0;612.0;612.0;612.0;612.0;0.0
49;35;7;612.0;612.0;612.0;612.0;612.0;612.0;0.0
49;36;7;612.0;612.0;612.0;612.0;612.0;612.0;0.0
49;37;7;612.0;612.0;612.0;612.0;612.0;612.0;0.0
49;38;7;612.0;612.0;612.0;612.0;612.0;612.0;0.0
49;39;7;612.0;612.0;612.0;612.0;612.0;612.0;0.0
49;40;7;612.0;612.0;612.0;612.0;612.0;612.0;0.0
49;41;7;612.0;612.0;612.0;612.0;612.0;612.0;0.0
49;42;7;612.0;612.0;612.0;612.0;612.0;612.0;0.0
49;43;7;612.0;612.0;612.0;612.0;612.0;612.0;0.0
49;44;7;612.0;612.0;612.0;612.0;612.0;612.0;0.0
49;45;7;612.0;612.0;612.0;612.0;612.0;612.0;0.0
49;46;7;612.0;612.0;612.0;612.0;612.0;612.0;0.0
49;47;7;612.0;612.0;612.0;612.0;612.0;612.0;0.0
49;48;7;612.0;612.0;612.0;612.0;612.0;612.0;0.0
49;49;7;612.0;612.0;612.0;612.0;612.0;612.0;0.0
49;50;7;612.0;612.0;612.0;612.0;612.0;612.0;0.0
49;51;7;612.0;612.0;612.0;612.0;612.0;612.0;0.0
49;52;7;612.0;612.0;612.0;612.0;612.0;612.0;0.0
49;53;7;612.0;612.0;612.0;612.0;612.0;612.0;0.0
49;54;7;612.0;612.0;612.0;612.0;612.0;612.0;0.0
49;55;7;612.0;612.0;612.0;612.0;612.0;612.0;0.0
49;56;7;612.0;612.0;612.0;612.0;612.0;612.0;0.0
49;57;7;612.0;612.0;612.0;612.0;612.0;612.0;0.0
49;58;7;612.0;612.0;612.0;612.0;612.0;612.0;0.0
49;59;7;612.0;612.0;612.0;612.0;612.0;612.0;0.0
49;60;7;612.0;612.0;612.0;612.0;612.0;612.0;0.0
49;61;7;612.0;612.0;612.0;612.0;612.0;612.0;0.0
49;62;7;612.0;612.0;612.0;612.0;612.0;612.0;0.0
49;63;7;612.0;612.0;612.0;612.0;612.0;612.0;0.0
49;64;7;612.0;612.0;612.0;612.0;612.0;612.0;0.0
49;65;7;612.0;612.0;612.0;612.0;612.0;612.0;0.0
49;66;7;612.0;612.0;612.0;612.0;612.0;612.0;0.0
49;67;7;612.0;612.0;612.0;612.0;612.0;612.0;0.0
49;68;7;612.0;612.0;612.0;612.0;612.0;612.0;0.0
49;69;7;612.0;612.0;612.0;612.0;612.0;612.0;0.0
49;70;7;612.0;612.0;612.0;612.0;612.0;612.0;0.0
49;71;7;612.0;612.0;612.0;612.0;612.0;612.0;0.0
49;72;7;612.0;612.0;612.0;612.0;612.0;612.0;0.0
49;73;7;612.0;612.0;612.0;612.0;612.0;612.0;0.0
49;74;7;612.0;612.0;612.0;612.0;612.0;612.0;0.0
49;75;7;618.0;620.0;624.0;761.5;906.0;701.6;120.4
49;76;7;613.0;625.5;631.0;734.5;868.0;690.3;102.3
49;77;7;613.0;626.5;629.0;723.0;810.0;678.7;82.7
49;78;7;612.0;616.5;620.0;706.0;816.0;670.4;84.8
49;79;7;613.0;618.5;620.0;714.5;845.0;677.7;94.9
49;80;7;610.0;612.0;620.0;675.5;740.0;649.3;54.1
49;81;7;612.0;612.0;612.0;632.0;670.0;626.0;22.4
49;82;7;612.0;612.0;612.0;630.0;676.0;626.3;23.4
49;83;7;612.0;612.0;612.0;612.0;612.0;612.0;0.0
49;84;7;612.0;612.0;612.0;612.0;612.0;612.0;0.0
49;85;7;612.0;612.0;612.0;612.0;612.0;612.0;0.0
49;86;7;612.0;612.0;612.0;612.0;612.0;612.0;0.0
49;87;7;612.0;612.0;612.0;612.0;612.0;612.0;0.0
49;88;7;612.0;612.0;612.0;612.0;612.0;612.0;0.0
49;89;7;612.0;612.0;612.0;612.0;612.0;612.0;0.0
49;90;7;612.0;612.0;612.0;612.0;612.0;612.0;0.0
49;91;7;612.0;612.0;612.0;612.0;612.0;612.0;0.0
49;92;7;612.0;612.0;612.0;612.0;612.0;612.0;0.0
49;93;7;612.0;612.0;612.0;612.0;612.0;612.0;0.0
49;94;7;612.0;612.0;612.0;612.0;612.0;612.0;0.0
49;95;7;612.0;612.0;612.0;612.0;612.0;612.0;0.0
49;96;7;612.0;612.0;612.0;612.0;612.0;612.0;0.0
49;97;7;612.0;612.0;612.0;612.0;612.0;612.0;0.0
49;98;7;612.0;612.0;612.0;612.0;612.0;612.0;0.0
49;99;7;612.0;612.0;612.0;612.0;612.0;612.0;0.0
50;0;7;657.0;1011.5;1202.0;1219.5;1229.0;1078.6;212.9
50;1;7;676.0;991.0;1197.0;1205.0;1219.0;1069.1;211.0
50;2;7;722.0;918.5;1121.0;1156.5;1196.0;1027.0;192.2
50;3;7;706.0;920.0;1160.0;1166.5;1169.0;1029.7;204.4
50;4;7;717.0;992.5;1173.0;1179.5;1185.0;1059.9;188.0
50;5;7;706.0;961.0;1201.0;1209.5;1218.0;1066.6;214.3
50;6;7;704.0;968.5;1134.0;1148.0;1172.0;1034.7;179.5
50;7;7;672.0;900.0;1133.0;1194.0;1204.0;1028.1;216.3
50;8;7;680.0;911.0;1149.0;1159.5;1178.0;1021.1;212.7
50;9;7;661.0;904.5;1115.0;1134.5;1160.0;1002.0;206.0
50;10;7;647.0;884.0;1119.0;1139.0;1149.0;994.4;213.2
50;11;7;646.0;902.5;1111.0;1111.5;1143.0;989.7;197.8
50;12;7;634.0;895.0;1074.0;1138.5;1166.0;991.6;199.3
50;13;7;632.0;931.5;1098.0;1104.0;1107.0;986.9;183.8
50;14;7;617.0;646.5;1024.0;1054.5;1064.0;872.4;204.8
50;15;7;635.0;666.5;1062.0;1081.5;1092.0;897.9;209.9
50;16;7;632.0;645.0;930.0;949.5;1000.0;821.6;158.1
50;17;7;645.0;669.0;990.0;1010.0;1064.0;865.3;178.4
50;18;7;626.0;633.5;918.0;947.5;955.0;808.7;154.3
50;19;7;636.0;647.0;921.0;939.5;971.0;814.4;148.9
50;20;7;636.0;649.5;922.0;959.0;963.0;819.7;152.0
50;21;7;619.0;629.0;872.0;934.0;959.0;796.6;150.1
50;22;7;612.0;625.0;842.0;888.5;898.0;768.4;129.2
50;23;7;623.0;625.5;775.0;837.5;860.0;740.6;103.3
50;24;7;619.0;630.0;787.0;819.0;835.0;734.1;94.6
50;25;7;617.0;627.0;774.0;784.0;806.0;717.0;81.4
50;26;7;610.0;622.5;756.0;783.5;807.0;712.1;83.1
50;27;7;620.0;625.0;725.0;749.5;779.0;696.1;64.9
50;28;7;623.0;627.0;702.0;713.5;729.0;676.4;45.0
50;29;7;621.0;625.5;704.0;723.5;746.0;681.3;50.9
50;30;7;611.0;624.0;707.0;717.0;726.0;675.1;48.5
50;31;7;620.0;629.5;712.0;712.5;714.0;675.7;42.9
50;32;7;617.0;625.0;666.0;672.5;683.0;651.6;25.9
50;33;7;623.0;625.0;668.0;680.5;690.0;656.0;28.2
50;34;7;619.0;627.0;668.0;673.0;676.0;651.9;24.1
50;35;7;611.0;624.0;680.0;693.0;707.0;661.7;37.9
50;36;7;612.0;614.5;638.0;647.0;670.0;634.7;20.4
50;37;7;612.0;612.0;612.0;631.5;685.0;628.0;26.3
50;38;7;612.0;612.0;612.0;612.0;612.0;612.0;0.0
50;39;7;612.0;612.0;612.0;612.0;612.0;612.0;0.0
50;40;7;612.0;612.0;612.0;612.0;612.0;612.0;0.0
50;41;7;612.0;612.0;612.0;612.0;612.0;612.0;0.0
50;42;7;612.0;612.0;612.0;612.0;612.0;612.0;0.0
50;43;7;612.0;612.0;612.0;612.0;612.0;612.0;0.0
50;44;7;612.0;612.0;612.0;612.0;612.0;612.0;0.0
50;45;7;612.0;612.0;612.0;612.0;612.0;612.0;0.0
50;46;7;612.0;612.0;612.0;612.0;612.0;612.0;0.0
50;47;7;612.0;612.0;612.0;612.0;612.0;612.0;0.0
50;48;7;612.0;612.0;612.0;612.0;612.0;612.0;0.0
50;49;7;612.0;612.0;612.0;612.0;612.0;612.0;0.0
50;50;7;612.0;612.0;612.0;612.0;612.0;612.0;0.0
50;51;7;612.0;612.0;612.0;612.0;612.0;612.0;0.0
50;52;7;612.0;612.0;612.0;612.0;612.0;612.0;0.0
50;53;7;612.0;612.0;612.0;612.0;612.0;612.0;0.0
50;54;7;612.0;612.0;612.0;612.0;612.0;612.0;0.0
50;55;7;612.0;612.0;612.0;612.0;612.0;612.0;0.0
50;56;7;610.0;612.0;612.0;612.0;612.0;611.7;0.7
50;57;7;612.0;612.0;612.0;612.0;612.0;612.0;0.0
50;58;7;612.0;612.0;612.0;612.0;612.0;612.0;0.0
50;59;7;612.0;612.0;612.0;612.0;612.0;612.0;0.0
50;60;7;612.0;612.0;612.0;612.0;612.0;612.0;0.0
50;61;7;612.0;612.0;612.0;612.0;612.0;612.0;0.0
50;62;7;612.0;612.0;612.0;612.0;612.0;612.0;0.0
50;63;7;612.0;612.0;612.0;612.0;612.0;612.0;0.0
50;64;7;612.0;612.0;612.0;612.0;612.0;612.0;0.0
50;65;7;612.0;612.0;612.0;612.0;612.0;612.0;0.0
50;66;7;612.0;612.0;612.0;612.0;612.0;612.0;0.0
50;67;7;612.0;612.0;612.0;612.0;612.0;612.0;0.0
50;68;7;612.0;612.0;612.0;612.0;612.0;612.0;0.0
50;69;7;612.0;612.0;612.0;612.0;612.0;612.0;0.0
50;70;7;612.0;612.0;612.0;612.0;612.0;612.0;0.0
50;71;7;612.0;612.0;612.0;612.0;612.0;612.0;0.0
50;72;7;627.0;629.5;639.0;794.5;953.0;723.9;140.7
50;73;7;618.0;621.0;624.0;743.5;878.0;692.7;110.5
50;74;7;612.0;617.5;620.0;736.0;872.0;687.3;108.9
50;75;7;615.0;628.0;636.0;757.5;891.0;701.9;115.5
50;76;7;611.0;614.5;622.0;706.0;802.0;668.0;80.8
50;77;7;612.0;619.0;628.0;711.0;796.0;670.9;77.9
50;78;7;612.0;613.0;617.0;686.5;781.0;658.4;68.8
50;79;7;609.0;619.5;628.0;696.0;763.0;661.6;64.1
50;80;7;611.0;619.5;623.0;685.0;740.0;654.7;53.3
50;81;7;612.0;620.0;627.0;696.5;769.0;663.0;63.4
50;82;7;610.0;612.0;620.0;688.0;778.0;658.3;68.0
50;83;7;612.0;615.5;632.0;704.5;778.0;666.0;70.3
50;84;7;612.0;620.5;623.0;702.0;781.0;665.9;72.9
50;85;7;611.0;612.0;612.0;693.5;778.0;658.9;74.4
50;86;7;611.0;612.0;617.0;703.0;781.0;662.7;74.6
50;87;7;609.0;612.0;612.0;697.0;781.0;660.0;76.5
50;88;7;611.0;612.0;612.0;693.0;775.0;658.3;73.5
50;89;7;612.0;612.5;613.0;620.0;775.0;637.9;56.2
50;90;7;612.0;612.5;613.0;613.0;775.0;635.9;56.8
50;91;7;611.0;612.5;613.0;616.0;775.0;636.6;56.5
50;92;7;611.0;612.0;613.0;613.0;775.0;635.6;56.9
50;93;7;611.0;612.0;612.0;612.0;774.0;635.0;56.7
50;94;7;612.0;612.0;612.0;613.0;775.0;635.6;56.9
50;95;7;611.0;612.5;613.0;613.0;775.0;635.7;56.9
50;96;7;612.0;612.0;613.0;613.0;775.0;635.7;56.9
50;97;7;612.0;613.0;613.0;620.0;775.0;638.0;56.1
50;98;7;612.0;612.0;613.0;617.5;775.0;637.0;56.4
50;99;7;611.0;611.5;612.0;613.0;775.0;635.3;57.0
