param;value
filename;./inputData/BrasilMG30n.car
base_seed;1
nRuns;51
iterations;150
antsN;50
stagnation;30
favorites;20
gbPeriod;0
rhoNodes;0.1
rhoCars;0.1
rhoPass;0.1
alphaNodes;1.5
alphaCars;1.5
alphaPass;1.5
betaNodes;1.2
betaCars;1.2
betaPass;1.1
maxMinCars;0
maxMinNodes;0
pBestCars;0
useTBAS;0
sampleCars;1
enforceNoRerent;1
returnFactorCars;0
epsilonEtaCars;1e-06
smGammaCars;0.7
restartTargetCars;mid
exploreCars;0
exploreItersCars;20
exploreRhoMultCars;2
policyQ0;0.1
adaptiveQ0;1
q0Start;0.2
q0End;0.9
eliteKAnts;7
lsTopW;0
lsQuality;High
useReinsertion;0
reinsertionMaxPasses;5
dpCacheCapacity;5000
dpMaxSegmentLenOffset;5
intensifierEnabled;0
intensifierMaxStagnationIterations;3
intensifierResetPheromonesCount;2
intensifierPheromoneReductionGamma;0.3
intensifierArchiveAndResetBest;1
ablationDisableAntDepositsDuringIntensification;0
ablationResetPheromonesOnIntensifierActivation;0
ablationIntensifierOnlyNoAnts;0
ablationIntensifierOnlyRandomInitialTour;0
runSeeds;run0=9176377229071207081,run1=76241568449944305,run2=11569656429252920891,run3=8006770736520076435,run4=10222608011239175760,run5=83674907983555125,run6=16633518659454552880,run7=3348662810425028053,run8=1625020296661546126,run9=8722260422266777814,run10=18422523289718600251,run11=12120595211417451604,run12=11180516292616150398,run13=13235578871255005297,run14=17784125318686945540,run15=15956506419893335137,run16=2899130862535483918,run17=11850605890185619915,run18=13353388233111958045,run19=6644193456908987648,run20=9748498986499756733,run21=9610614758425770644,run22=16467222360164019310,run23=11726302834367551336,run24=8896860786397106362,run25=6737285527070588895,run26=11634350522773239934,run27=7808547232002136844,run28=3287009989320200796,run29=8484872300069380217,run30=8138020970177873692,run31=16735953543485209995,run32=957827445528146549,run33=9178821638437730898,run34=2354512119315649564,run35=10160966691791677292,run36=27474500062045820,run37=7844575079918988844,run38=15524044195614787644,run39=4980590106503615414,run40=3943098024137922559,run41=141425323448007506,run42=16001952662412044218,run43=6069959457317431616,run44=2033442876187297925,run45=7223543130371895193,run46=4350234967155519396,run47=10524526614539617298,run48=3004527168784687515,run49=3975454624479931874,run50=1666912681748276242
stagnationEvents;run0=4,run1=4,run2=3,run3=4,run4=4,run5=4,run6=3,run7=4,run8=3,run9=4,run10=4,run11=3,run12=4,run13=3,run14=3,run15=4,run16=4,run17=4,run18=4,run19=4,run20=4,run21=4,run22=4,run23=4,run24=4,run25=4,run26=3,run27=4,run28=4,run29=4,run30=4,run31=4,run32=4,run33=4,run34=4,run35=4,run36=4,run37=4,run38=4,run39=4,run40=4,run41=4,run42=4,run43=3,run44=4,run45=4,run46=4,run47=4,run48=4,run49=3,run50=4
lkCalls;run0=4,run1=4,run2=3,run3=4,run4=4,run5=4,run6=3,run7=4,run8=3,run9=4,run10=4,run11=3,run12=4,run13=3,run14=3,run15=4,run16=4,run17=4,run18=4,run19=4,run20=4,run21=4,run22=4,run23=4,run24=4,run25=4,run26=3,run27=4,run28=4,run29=4,run30=4,run31=4,run32=4,run33=4,run34=4,run35=4,run36=4,run37=4,run38=4,run39=4,run40=4,run41=4,run42=4,run43=3,run44=4,run45=4,run46=4,run47=4,run48=4,run49=3,run50=4
lkSuccess;run0=0,run1=0,run2=0,run3=0,run4=0,run5=0,run6=0,run7=0,run8=0,run9=0,run10=0,run11=0,run12=0,run13=0,run14=0,run15=0,run16=0,run17=0,run18=0,run19=0,run20=0,run21=0,run22=0,run23=0,run24=0,run25=0,run26=0,run27=0,run28=0,run29=0,run30=0,run31=0,run32=0,run33=0,run34=0,run35=0,run36=0,run37=0,run38=0,run39=0,run40=0,run41=0,run42=0,run43=0,run44=0,run45=0,run46=0,run47=0,run48=0,run49=0,run50=0
tOptCalls;run0=0,run1=0,run2=0,run3=0,run4=0,run5=0,run6=0,run7=0,run8=0,run9=0,run10=0,run11=0,run12=0,run13=0,run14=0,run15=0,run16=0,run17=0,run18=0,run19=0,run20=0,run21=0,run22=0,run23=0,run24=0,run25=0,run26=0,run27=0,run28=0,run29=0,run30=0,run31=0,run32=0,run33=0,run34=0,run35=0,run36=0,run37=0,run38=0,run39=0,run40=0,run41=0,run42=0,run43=0,run44=0,run45=0,run46=0,run47=0,run48=0,run49=0,run50=0
tOptSuccess;run0=0,run1=0,run2=0,run3=0,run4=0,run5=0,run6=0,run7=0,run8=0,run9=0,run10=0,run11=0,run12=0,run13=0,run14=0,run15=0,run16=0,run17=0,run18=0,run19=0,run20=0,run21=0,run22=0,run23=0,run24=0,run25=0,run26=0,run27=0,run28=0,run29=0,run30=0,run31=0,run32=0,run33=0,run34=0,run35=0,run36=0,run37=0,run38=0,run39=0,run40=0,run41=0,run42=0,run43=0,run44=0,run45=0,run46=0,run47=0,run48=0,run49=0,run50=0
kickCalls;run0=4,run1=4,run2=3,run3=4,run4=4,run5=4,run6=3,run7=4,run8=3,run9=4,run10=4,run11=3,run12=4,run13=3,run14=3,run15=4,run16=4,run17=4,run18=4,run19=4,run20=4,run21=4,run22=4,run23=4,run24=4,run25=4,run26=3,run27=4,run28=4,run29=4,run30=4,run31=4,run32=4,run33=4,run34=4,run35=4,run36=4,run37=4,run38=4,run39=4,run40=4,run41=4,run42=4,run43=3,run44=4,run45=4,run46=4,run47=4,run48=4,run49=3,run50=4
kickSuccess;run0=0,run1=0,run2=0,run3=0,run4=0,run5=0,run6=0,run7=0,run8=0,run9=0,run10=0,run11=0,run12=0,run13=0,run14=0,run15=0,run16=0,run17=0,run18=0,run19=0,run20=0,run21=0,run22=0,run23=0,run24=0,run25=0,run26=0,run27=0,run28=0,run29=0,run30=0,run31=0,run32=0,run33=0,run34=0,run35=0,run36=0,run37=0,run38=0,run39=0,run40=0,run41=0,run42=0,run43=1,run44=0,run45=0,run46=0,run47=0,run48=0,run49=0,run50=0
cacheEvalHitRate;run0=60.15%,run1=64.06%,run2=64.06%,run3=64.36%,run4=68.19%,run5=68.88%,run6=64.57%,run7=65.57%,run8=63.72%,run9=69.83%,run10=70.29%,run11=63.03%,run12=68.17%,run13=64.85%,run14=68.72%,run15=66.24%,run16=66.66%,run17=68.50%,run18=64.22%,run19=65.17%,run20=67.24%,run21=59.80%,run22=61.52%,run23=64.22%,run24=65.35%,run25=60.83%,run26=64.79%,run27=67.53%,run28=62.89%,run29=70.45%,run30=67.91%,run31=65.19%,run32=68.05%,run33=67.04%,run34=64.44%,run35=63.57%,run36=65.05%,run37=70.86%,run38=68.19%,run39=67.04%,run40=67.81%,run41=66.46%,run42=62.02%,run43=73.85%,run44=68.35%,run45=67.75%,run46=64.32%,run47=68.27%,run48=66.68%,run49=68.24%,run50=63.90%
cacheReasHitRate;run0=77.82%,run1=80.35%,run2=78.28%,run3=81.13%,run4=82.90%,run5=85.30%,run6=79.31%,run7=78.69%,run8=77.51%,run9=84.75%,run10=85.59%,run11=80.00%,run12=83.74%,run13=81.11%,run14=82.60%,run15=81.88%,run16=82.19%,run17=84.22%,run18=80.75%,run19=82.77%,run20=83.08%,run21=77.49%,run22=80.51%,run23=81.01%,run24=82.12%,run25=77.53%,run26=80.50%,run27=82.93%,run28=80.86%,run29=85.83%,run30=83.32%,run31=81.47%,run32=82.66%,run33=82.71%,run34=81.41%,run35=81.73%,run36=81.48%,run37=84.63%,run38=84.03%,run39=82.79%,run40=82.61%,run41=81.89%,run42=76.21%,run43=85.87%,run44=83.19%,run45=83.74%,run46=80.82%,run47=83.45%,run48=82.79%,run49=84.28%,run50=78.57%
lkSuccessRate;run0=0.00% (cache:60.1%),run1=0.00% (cache:64.1%),run2=0.00% (cache:64.1%),run3=0.00% (cache:64.4%),run4=0.00% (cache:68.2%),run5=0.00% (cache:68.9%),run6=0.00% (cache:64.6%),run7=0.00% (cache:65.6%),run8=0.00% (cache:63.7%),run9=0.00% (cache:69.8%),run10=0.00% (cache:70.3%),run11=0.00% (cache:63.0%),run12=0.00% (cache:68.2%),run13=0.00% (cache:64.9%),run14=0.00% (cache:68.7%),run15=0.00% (cache:66.2%),run16=0.00% (cache:66.7%),run17=0.00% (cache:68.5%),run18=0.00% (cache:64.2%),run19=0.00% (cache:65.2%),run20=0.00% (cache:67.2%),run21=0.00% (cache:59.8%),run22=0.00% (cache:61.5%),run23=0.00% (cache:64.2%),run24=0.00% (cache:65.3%),run25=0.00% (cache:60.8%),run26=0.00% (cache:64.8%),run27=0.00% (cache:67.5%),run28=0.00% (cache:62.9%),run29=0.00% (cache:70.5%),run30=0.00% (cache:67.9%),run31=0.00% (cache:65.2%),run32=0.00% (cache:68.1%),run33=0.00% (cache:67.0%),run34=0.00% (cache:64.4%),run35=0.00% (cache:63.6%),run36=0.00% (cache:65.0%),run37=0.00% (cache:70.9%),run38=0.00% (cache:68.2%),run39=0.00% (cache:67.0%),run40=0.00% (cache:67.8%),run41=0.00% (cache:66.5%),run42=0.00% (cache:62.0%),run43=0.00% (cache:73.8%),run44=0.00% (cache:68.4%),run45=0.00% (cache:67.7%),run46=0.00% (cache:64.3%),run47=0.00% (cache:68.3%),run48=0.00% (cache:66.7%),run49=0.00% (cache:68.2%),run50=0.00% (cache:63.9%)
tOptSuccessRate;run0=N/A,run1=N/A,run2=N/A,run3=N/A,run4=N/A,run5=N/A,run6=N/A,run7=N/A,run8=N/A,run9=N/A,run10=N/A,run11=N/A,run12=N/A,run13=N/A,run14=N/A,run15=N/A,run16=N/A,run17=N/A,run18=N/A,run19=N/A,run20=N/A,run21=N/A,run22=N/A,run23=N/A,run24=N/A,run25=N/A,run26=N/A,run27=N/A,run28=N/A,run29=N/A,run30=N/A,run31=N/A,run32=N/A,run33=N/A,run34=N/A,run35=N/A,run36=N/A,run37=N/A,run38=N/A,run39=N/A,run40=N/A,run41=N/A,run42=N/A,run43=N/A,run44=N/A,run45=N/A,run46=N/A,run47=N/A,run48=N/A,run49=N/A,run50=N/A

run;iter;weibull_k;cost_std;cost_range;cost_mean;cost_cv;global_best;improved;cumul_improvements
0;0;6.0;78.8;184.0;405.4;0.2;277.0;1;1
0;1;6.5;69.7;172.0;388.9;0.2;277.0;0;1
0;2;6.9;66.6;160.0;392.6;0.2;277.0;0;1
0;3;6.1;76.5;191.0;400.4;0.2;277.0;0;1
0;4;6.7;67.0;161.0;380.7;0.2;277.0;0;1
0;5;6.8;66.1;161.0;384.4;0.2;277.0;0;1
0;6;7.0;65.0;162.0;388.0;0.2;277.0;0;1
0;7;7.3;61.8;143.0;382.4;0.2;277.0;0;1
0;8;8.5;50.8;119.0;363.6;0.1;277.0;0;1
0;9;6.1;75.2;190.0;396.4;0.2;274.0;1;2
0;10;8.0;54.7;133.0;369.0;0.1;274.0;0;2
0;11;7.9;55.5;132.0;370.9;0.1;274.0;0;2
0;12;7.8;56.2;135.0;368.7;0.2;274.0;0;2
0;13;8.1;54.0;128.0;366.7;0.1;274.0;0;2
0;14;8.9;48.2;120.0;359.7;0.1;274.0;0;2
0;15;8.4;50.5;121.0;356.1;0.1;273.0;1;3
0;16;11.5;34.8;97.0;330.1;0.1;273.0;0;3
0;17;11.7;35.1;86.0;337.9;0.1;273.0;0;3
0;18;12.1;33.6;87.0;335.9;0.1;273.0;0;3
0;19;11.8;34.2;83.0;333.3;0.1;273.0;0;3
0;20;16.6;22.8;58.0;307.0;0.1;273.0;0;3
0;21;12.6;30.4;66.0;315.0;0.1;273.0;0;3
0;22;13.2;28.6;75.0;308.3;0.1;273.0;0;3
0;23;10.8;35.5;81.0;317.4;0.1;271.0;1;4
0;24;14.3;26.4;62.0;307.0;0.1;271.0;0;4
0;25;16.6;22.7;55.0;306.9;0.1;271.0;0;4
0;26;15.9;23.8;57.0;307.9;0.1;271.0;0;4
0;27;15.4;24.7;57.0;310.6;0.1;271.0;0;4
0;28;15.8;23.4;57.0;301.0;0.1;271.0;0;4
0;29;15.9;23.5;58.0;303.0;0.1;271.0;0;4
0;30;31.6;11.4;32.0;288.4;0.0;271.0;0;4
0;31;12.6;29.6;75.0;307.4;0.1;271.0;0;4
0;32;13.6;27.7;73.0;308.4;0.1;271.0;0;4
0;33;23.8;15.3;43.0;292.1;0.1;271.0;0;4
0;34;29.4;12.2;33.0;287.0;0.0;271.0;0;4
0;35;25.7;14.1;37.0;289.3;0.0;271.0;0;4
0;36;59.6;5.9;13.0;277.6;0.0;271.0;0;4
0;37;61.9;5.7;13.0;280.0;0.0;271.0;0;4
0;38;60.9;5.8;13.0;277.4;0.0;271.0;0;4
0;39;88.6;4.0;8.0;275.6;0.0;271.0;0;4
0;40;82.4;4.3;10.0;275.9;0.0;271.0;0;4
0;41;20.6;17.4;38.0;287.9;0.1;271.0;0;4
0;42;21.5;16.6;36.0;287.1;0.1;271.0;0;4
0;43;nan;0.0;0.0;271.0;0.0;271.0;0;4
0;44;nan;0.0;0.0;271.0;0.0;271.0;0;4
0;45;nan;0.0;0.0;271.0;0.0;271.0;0;4
0;46;nan;0.0;0.0;271.0;0.0;271.0;0;4
0;47;nan;0.0;0.0;271.0;0.0;271.0;0;4
0;48;nan;0.0;0.0;271.0;0.0;271.0;0;4
0;49;nan;0.0;0.0;271.0;0.0;271.0;0;4
0;50;nan;0.0;0.0;271.0;0.0;271.0;0;4
0;51;nan;0.0;0.0;271.0;0.0;271.0;0;4
0;52;nan;0.0;0.0;271.0;0.0;271.0;0;4
0;53;nan;0.0;0.0;271.0;0.0;271.0;0;4
0;54;nan;0.0;0.0;271.0;0.0;271.0;0;4
0;55;nan;0.0;0.0;271.0;0.0;271.0;0;4
0;56;nan;0.0;0.0;271.0;0.0;271.0;0;4
0;57;nan;0.0;0.0;271.0;0.0;271.0;0;4
0;58;nan;0.0;0.0;271.0;0.0;271.0;0;4
0;59;nan;0.0;0.0;271.0;0.0;271.0;0;4
0;60;nan;0.0;0.0;271.0;0.0;271.0;0;4
0;61;nan;0.0;0.0;271.0;0.0;271.0;0;4
0;62;nan;0.0;0.0;271.0;0.0;271.0;0;4
0;63;nan;0.0;0.0;271.0;0.0;271.0;0;4
0;64;nan;0.0;0.0;271.0;0.0;271.0;0;4
0;65;nan;0.0;0.0;271.0;0.0;271.0;0;4
0;66;nan;0.0;0.0;271.0;0.0;271.0;0;4
0;67;nan;0.0;0.0;271.0;0.0;271.0;0;4
0;68;nan;0.0;0.0;271.0;0.0;271.0;0;4
0;69;8.1;47.0;103.0;320.9;0.1;271.0;0;4
0;70;8.3;46.1;100.0;320.3;0.1;271.0;0;4
0;71;8.8;43.2;99.0;319.3;0.1;271.0;0;4
0;72;8.1;47.9;105.0;324.6;0.1;271.0;0;4
0;73;9.5;39.8;90.0;316.3;0.1;271.0;0;4
0;74;9.6;39.4;89.0;313.9;0.1;271.0;0;4
0;75;9.6;39.1;88.0;313.4;0.1;271.0;0;4
0;76;19.3;18.8;45.0;293.6;0.1;271.0;0;4
0;77;28.9;12.5;32.0;288.4;0.0;271.0;0;4
0;78;34.2;10.2;30.0;277.7;0.0;271.0;0;4
0;79;15.8;22.8;50.0;292.6;0.1;271.0;0;4
0;80;nan;0.0;0.0;271.0;0.0;271.0;0;4
0;81;nan;0.0;0.0;271.0;0.0;271.0;0;4
0;82;nan;0.0;0.0;271.0;0.0;271.0;0;4
0;83;nan;0.0;0.0;271.0;0.0;271.0;0;4
0;84;nan;0.0;0.0;271.0;0.0;271.0;0;4
0;85;nan;0.0;0.0;271.0;0.0;271.0;0;4
0;86;nan;0.0;0.0;271.0;0.0;271.0;0;4
0;87;nan;0.0;0.0;271.0;0.0;271.0;0;4
0;88;nan;0.0;0.0;271.0;0.0;271.0;0;4
0;89;nan;0.0;0.0;271.0;0.0;271.0;0;4
0;90;nan;0.0;0.0;271.0;0.0;271.0;0;4
0;91;nan;0.0;0.0;271.0;0.0;271.0;0;4
0;92;nan;0.0;0.0;271.0;0.0;271.0;0;4
0;93;nan;0.0;0.0;271.0;0.0;271.0;0;4
0;94;nan;0.0;0.0;271.0;0.0;271.0;0;4
0;95;nan;0.0;0.0;271.0;0.0;271.0;0;4
0;96;nan;0.0;0.0;271.0;0.0;271.0;0;4
0;97;nan;0.0;0.0;271.0;0.0;271.0;0;4
0;98;nan;0.0;0.0;271.0;0.0;271.0;0;4
0;99;nan;0.0;0.0;271.0;0.0;271.0;0;4
0;100;nan;0.0;0.0;271.0;0.0;271.0;0;4
0;101;nan;0.0;0.0;271.0;0.0;271.0;0;4
0;102;nan;0.0;0.0;271.0;0.0;271.0;0;4
0;103;nan;0.0;0.0;271.0;0.0;271.0;0;4
0;104;nan;0.0;0.0;271.0;0.0;271.0;0;4
0;105;nan;0.0;0.0;271.0;0.0;271.0;0;4
0;106;nan;0.0;0.0;271.0;0.0;271.0;0;4
0;107;nan;0.0;0.0;271.0;0.0;271.0;0;4
0;108;nan;0.0;0.0;271.0;0.0;271.0;0;4
0;109;nan;0.0;0.0;271.0;0.0;271.0;0;4
0;110;nan;0.0;0.0;271.0;0.0;271.0;0;4
0;111;nan;0.0;0.0;271.0;0.0;271.0;0;4
0;112;nan;0.0;0.0;271.0;0.0;271.0;0;4
0;113;nan;0.0;0.0;271.0;0.0;271.0;0;4
0;114;7.5;48.5;113.0;309.0;0.2;271.0;0;4
0;115;9.1;39.8;100.0;303.7;0.1;271.0;0;4
0;116;8.4;43.3;111.0;306.7;0.1;271.0;0;4
0;117;11.2;31.9;76.0;296.3;0.1;271.0;0;4
0;118;11.9;30.5;78.0;298.9;0.1;271.0;0;4
0;119;11.0;33.5;81.0;303.6;0.1;271.0;0;4
0;120;nan;0.0;0.0;271.0;0.0;271.0;0;4
0;121;nan;0.0;0.0;271.0;0.0;271.0;0;4
0;122;nan;0.0;0.0;271.0;0.0;271.0;0;4
0;123;nan;0.0;0.0;271.0;0.0;271.0;0;4
0;124;nan;0.0;0.0;271.0;0.0;271.0;0;4
0;125;nan;0.0;0.0;271.0;0.0;271.0;0;4
0;126;nan;0.0;0.0;271.0;0.0;271.0;0;4
0;127;nan;0.0;0.0;271.0;0.0;271.0;0;4
0;128;nan;0.0;0.0;271.0;0.0;271.0;0;4
0;129;nan;0.0;0.0;271.0;0.0;271.0;0;4
0;130;nan;0.0;0.0;271.0;0.0;271.0;0;4
0;131;nan;0.0;0.0;271.0;0.0;271.0;0;4
0;132;nan;0.0;0.0;271.0;0.0;271.0;0;4
0;133;nan;0.0;0.0;271.0;0.0;271.0;0;4
0;134;nan;0.0;0.0;271.0;0.0;271.0;0;4
0;135;nan;0.0;0.0;271.0;0.0;271.0;0;4
0;136;nan;0.0;0.0;271.0;0.0;271.0;0;4
0;137;nan;0.0;0.0;271.0;0.0;271.0;0;4
0;138;nan;0.0;0.0;271.0;0.0;271.0;0;4
0;139;nan;0.0;0.0;271.0;0.0;271.0;0;4
0;140;nan;0.0;0.0;271.0;0.0;271.0;0;4
0;141;nan;0.0;0.0;271.0;0.0;271.0;0;4
0;142;nan;0.0;0.0;271.0;0.0;271.0;0;4
0;143;nan;0.0;0.0;271.0;0.0;271.0;0;4
0;144;nan;0.0;0.0;271.0;0.0;271.0;0;4
0;145;nan;0.0;0.0;271.0;0.0;271.0;0;4
0;146;nan;0.0;0.0;271.0;0.0;271.0;0;4
0;147;nan;0.0;0.0;271.0;0.0;271.0;0;4
0;148;nan;0.0;0.0;271.0;0.0;271.0;0;4
0;149;nan;0.0;0.0;271.0;0.0;271.0;0;4
1;0;5.8;82.6;196.0;414.6;0.2;284.0;1;1
1;1;6.4;72.3;172.0;398.4;0.2;282.0;1;2
1;2;5.9;79.5;189.0;404.7;0.2;276.0;1;3
1;3;6.5;72.7;168.0;401.9;0.2;276.0;0;3
1;4;6.2;76.3;177.0;406.6;0.2;276.0;0;3
1;5;6.4;70.7;170.0;389.4;0.2;274.0;1;4
1;6;6.9;67.6;163.0;394.9;0.2;274.0;0;4
1;7;7.3;61.3;155.0;378.0;0.2;274.0;0;4
1;8;7.7;57.2;143.0;372.7;0.2;274.0;0;4
1;9;7.0;63.8;151.0;381.6;0.2;274.0;0;4
1;10;7.4;60.7;144.0;381.3;0.2;274.0;0;4
1;11;7.6;58.6;142.0;375.4;0.2;274.0;0;4
1;12;7.6;57.9;132.0;372.0;0.2;274.0;0;4
1;13;8.2;53.1;132.0;367.4;0.1;274.0;0;4
1;14;9.7;44.0;108.0;354.1;0.1;274.0;0;4
1;15;10.1;41.4;98.0;346.7;0.1;274.0;0;4
1;16;12.7;32.4;91.0;337.7;0.1;274.0;0;4
1;17;10.2;41.0;103.0;346.7;0.1;274.0;0;4
1;18;13.6;29.6;84.0;329.9;0.1;274.0;0;4
1;19;11.5;35.6;90.0;337.1;0.1;274.0;0;4
1;20;17.4;21.7;56.0;305.4;0.1;274.0;0;4
1;21;18.0;20.9;56.0;303.6;0.1;274.0;0;4
1;22;16.6;22.4;59.0;301.7;0.1;274.0;0;4
1;23;34.7;10.5;32.0;289.1;0.0;274.0;0;4
1;24;88.7;4.1;10.0;283.6;0.0;274.0;0;4
1;25;100.0;3.0;6.0;282.4;0.0;274.0;0;4
1;26;100.0;3.3;8.0;283.0;0.0;274.0;0;4
1;27;98.9;3.6;8.0;282.9;0.0;274.0;0;4
1;28;100.0;2.5;6.0;281.6;0.0;274.0;0;4
1;29;100.0;3.2;7.0;282.7;0.0;274.0;0;4
1;30;100.0;3.2;7.0;282.7;0.0;274.0;0;4
1;31;100.0;3.1;7.0;282.4;0.0;274.0;0;4
1;32;100.0;3.2;7.0;282.4;0.0;274.0;0;4
1;33;100.0;1.5;3.0;280.7;0.0;274.0;0;4
1;34;100.0;2.9;7.0;281.9;0.0;274.0;0;4
1;35;98.9;3.6;8.0;282.9;0.0;274.0;0;4
1;36;100.0;3.2;7.0;282.4;0.0;274.0;0;4
1;37;100.0;1.5;3.0;280.7;0.0;274.0;0;4
1;38;100.0;3.2;7.0;282.4;0.0;274.0;0;4
1;39;100.0;2.4;7.0;281.3;0.0;274.0;0;4
1;40;100.0;3.5;7.0;283.0;0.0;274.0;0;4
1;41;100.0;3.5;7.0;283.0;0.0;274.0;0;4
1;42;90.8;4.0;8.0;282.6;0.0;274.0;0;4
1;43;100.0;3.5;7.0;283.0;0.0;274.0;0;4
1;44;98.9;3.6;8.0;282.9;0.0;274.0;0;4
1;45;94.5;3.8;8.0;282.7;0.0;274.0;0;4
1;46;94.5;3.8;8.0;282.7;0.0;274.0;0;4
1;47;90.8;4.0;8.0;282.6;0.0;274.0;0;4
1;48;90.8;4.0;8.0;282.6;0.0;274.0;0;4
1;49;100.0;3.6;8.0;282.1;0.0;274.0;0;4
1;50;98.7;3.6;8.0;280.3;0.0;274.0;0;4
1;51;6.8;60.9;139.0;350.7;0.2;274.0;0;4
1;52;8.6;46.0;103.0;331.4;0.1;274.0;0;4
1;53;9.4;42.0;94.0;329.4;0.1;274.0;0;4
1;54;11.2;34.2;80.0;317.7;0.1;274.0;0;4
1;55;10.8;35.7;87.0;318.6;0.1;273.0;1;5
1;56;13.7;27.6;68.0;310.3;0.1;273.0;0;5
1;57;21.1;17.5;45.0;297.7;0.1;273.0;0;5
1;58;100.0;3.3;8.0;282.9;0.0;273.0;0;5
1;59;36.3;9.9;24.0;286.4;0.0;273.0;0;5
1;60;100.0;3.2;8.0;282.6;0.0;273.0;0;5
1;61;84.9;4.2;10.0;281.9;0.0;273.0;0;5
1;62;100.0;3.6;8.0;281.6;0.0;273.0;0;5
1;63;78.2;4.6;12.0;281.0;0.0;273.0;0;5
1;64;100.0;3.4;8.0;281.3;0.0;273.0;0;5
1;65;100.0;3.2;8.0;281.7;0.0;273.0;0;5
1;66;100.0;2.9;8.0;281.4;0.0;273.0;0;5
1;67;100.0;2.8;6.0;280.9;0.0;273.0;0;5
1;68;100.0;3.5;8.0;282.0;0.0;273.0;0;5
1;69;100.0;2.3;6.0;279.4;0.0;273.0;0;5
1;70;nan;0.0;0.0;278.0;0.0;273.0;0;5
1;71;100.0;2.4;6.0;280.0;0.0;273.0;0;5
1;72;100.0;1.4;4.0;278.6;0.0;273.0;0;5
1;73;nan;0.0;0.0;278.0;0.0;273.0;0;5
1;74;nan;0.0;0.0;278.0;0.0;273.0;0;5
1;75;nan;0.0;0.0;278.0;0.0;273.0;0;5
1;76;nan;0.0;0.0;278.0;0.0;273.0;0;5
1;77;nan;0.0;0.0;278.0;0.0;273.0;0;5
1;78;nan;0.0;0.0;278.0;0.0;273.0;0;5
1;79;nan;0.0;0.0;278.0;0.0;273.0;0;5
1;80;nan;0.0;0.0;278.0;0.0;273.0;0;5
1;81;nan;0.0;0.0;278.0;0.0;273.0;0;5
1;82;nan;0.0;0.0;278.0;0.0;273.0;0;5
1;83;nan;0.0;0.0;278.0;0.0;273.0;0;5
1;84;nan;0.0;0.0;278.0;0.0;273.0;0;5
1;85;100.0;0.3;1.0;277.9;0.0;273.0;0;5
1;86;nan;0.0;0.0;278.0;0.0;273.0;0;5
1;87;nan;0.0;0.0;278.0;0.0;273.0;0;5
1;88;nan;0.0;0.0;278.0;0.0;273.0;0;5
1;89;nan;0.0;0.0;278.0;0.0;273.0;0;5
1;90;nan;0.0;0.0;278.0;0.0;273.0;0;5
1;91;nan;0.0;0.0;278.0;0.0;273.0;0;5
1;92;nan;0.0;0.0;278.0;0.0;273.0;0;5
1;93;nan;0.0;0.0;278.0;0.0;273.0;0;5
1;94;nan;0.0;0.0;278.0;0.0;273.0;0;5
1;95;nan;0.0;0.0;278.0;0.0;273.0;0;5
1;96;nan;0.0;0.0;278.0;0.0;273.0;0;5
1;97;nan;0.0;0.0;278.0;0.0;273.0;0;5
1;98;nan;0.0;0.0;278.0;0.0;273.0;0;5
1;99;nan;0.0;0.0;278.0;0.0;273.0;0;5
1;100;nan;0.0;0.0;278.0;0.0;273.0;0;5
1;101;7.6;48.1;115.0;307.7;0.2;273.0;0;5
1;102;7.4;49.4;117.0;308.7;0.2;273.0;0;5
1;103;6.5;56.8;135.0;316.0;0.2;273.0;0;5
1;104;11.9;30.3;71.0;298.1;0.1;273.0;0;5
1;105;6.3;58.2;134.0;314.1;0.2;273.0;0;5
1;106;10.7;33.8;84.0;300.3;0.1;273.0;0;5
1;107;26.4;13.4;31.0;283.4;0.0;273.0;0;5
1;108;94.2;3.8;11.0;279.4;0.0;273.0;0;5
1;109;75.1;4.7;12.0;278.1;0.0;273.0;0;5
1;110;80.5;4.4;12.0;278.7;0.0;273.0;0;5
1;111;77.6;4.6;12.0;278.6;0.0;273.0;0;5
1;112;75.1;4.7;12.0;278.1;0.0;273.0;0;5
1;113;100.0;3.2;7.0;280.0;0.0;273.0;0;5
1;114;77.6;4.6;12.0;278.6;0.0;273.0;0;5
1;115;99.4;3.6;10.0;279.6;0.0;273.0;0;5
1;116;68.4;5.1;12.0;277.3;0.0;273.0;0;5
1;117;100.0;3.2;7.0;280.0;0.0;273.0;0;5
1;118;89.1;4.0;12.0;279.3;0.0;273.0;0;5
1;119;94.2;3.8;11.0;279.4;0.0;273.0;0;5
1;120;68.4;5.1;12.0;277.3;0.0;273.0;0;5
1;121;100.0;3.2;7.0;280.0;0.0;273.0;0;5
1;122;100.0;3.2;7.0;280.0;0.0;273.0;0;5
1;123;35.2;10.1;27.0;284.1;0.0;273.0;0;5
1;124;100.0;3.2;7.0;280.0;0.0;273.0;0;5
1;125;100.0;1.7;5.0;277.3;0.0;273.0;0;5
1;126;100.0;2.3;5.0;276.6;0.0;273.0;0;5
1;127;100.0;2.3;5.0;276.6;0.0;273.0;0;5
1;128;100.0;2.3;5.0;274.4;0.0;273.0;0;5
1;129;100.0;2.5;5.0;275.1;0.0;273.0;0;5
1;130;100.0;2.5;5.0;275.1;0.0;273.0;0;5
1;131;nan;0.0;0.0;273.0;0.0;273.0;0;5
1;132;nan;0.0;0.0;273.0;0.0;273.0;0;5
1;133;nan;0.0;0.0;273.0;0.0;273.0;0;5
1;134;nan;0.0;0.0;273.0;0.0;273.0;0;5
1;135;nan;0.0;0.0;273.0;0.0;273.0;0;5
1;136;nan;0.0;0.0;273.0;0.0;273.0;0;5
1;137;nan;0.0;0.0;273.0;0.0;273.0;0;5
1;138;nan;0.0;0.0;273.0;0.0;273.0;0;5
1;139;nan;0.0;0.0;273.0;0.0;273.0;0;5
1;140;nan;0.0;0.0;273.0;0.0;273.0;0;5
1;141;nan;0.0;0.0;273.0;0.0;273.0;0;5
1;142;nan;0.0;0.0;273.0;0.0;273.0;0;5
1;143;nan;0.0;0.0;273.0;0.0;273.0;0;5
1;144;nan;0.0;0.0;273.0;0.0;273.0;0;5
1;145;nan;0.0;0.0;273.0;0.0;273.0;0;5
1;146;100.0;3.3;11.0;289.0;0.0;273.0;0;5
1;147;50.1;7.2;24.0;285.4;0.0;273.0;0;5
1;148;64.6;5.6;19.0;286.4;0.0;273.0;0;5
1;149;20.0;17.7;54.0;285.7;0.1;272.0;1;6
2;0;6.2;75.0;184.0;400.0;0.2;281.0;1;1
2;1;6.5;71.8;172.0;398.9;0.2;281.0;0;1
2;2;7.1;64.5;160.0;387.1;0.2;281.0;0;1
2;3;7.0;64.8;155.0;386.7;0.2;281.0;0;1
2;4;6.7;67.1;161.0;385.1;0.2;278.0;1;2
2;5;6.8;67.4;170.0;392.7;0.2;278.0;0;2
2;6;6.8;68.8;173.0;397.6;0.2;278.0;0;2
2;7;6.6;68.4;164.0;386.3;0.2;278.0;0;2
2;8;7.3;60.9;144.0;378.0;0.2;277.0;1;3
2;9;6.9;65.4;158.0;383.4;0.2;277.0;0;3
2;10;6.6;68.3;160.0;386.0;0.2;274.0;1;4
2;11;7.8;55.6;130.0;367.0;0.2;274.0;0;4
2;12;8.0;53.8;136.0;361.7;0.1;274.0;0;4
2;13;7.9;55.0;134.0;366.1;0.2;274.0;0;4
2;14;10.4;39.9;103.0;344.6;0.1;274.0;0;4
2;15;9.0;47.6;114.0;359.9;0.1;274.0;0;4
2;16;12.9;30.9;89.0;327.3;0.1;273.0;1;5
2;17;9.5;43.7;114.0;347.1;0.1;273.0;0;5
2;18;12.1;33.3;82.0;332.3;0.1;273.0;0;5
2;19;12.5;31.6;77.0;325.6;0.1;273.0;0;5
2;20;12.7;30.3;74.0;315.7;0.1;273.0;0;5
2;21;14.2;26.3;68.0;304.3;0.1;273.0;0;5
2;22;13.5;28.3;68.0;312.4;0.1;273.0;0;5
2;23;29.5;12.3;30.0;290.6;0.0;273.0;0;5
2;24;72.1;5.0;12.0;284.6;0.0;273.0;0;5
2;25;53.1;6.8;17.0;283.6;0.0;273.0;0;5
2;26;74.7;4.8;10.0;284.6;0.0;273.0;0;5
2;27;86.6;4.2;10.0;283.7;0.0;273.0;0;5
2;28;56.0;6.4;15.0;283.6;0.0;273.0;0;5
2;29;65.3;5.5;13.0;284.3;0.0;273.0;0;5
2;30;76.1;4.7;10.0;284.4;0.0;273.0;0;5
2;31;100.0;3.5;7.0;283.0;0.0;273.0;0;5
2;32;82.8;4.4;10.0;283.9;0.0;273.0;0;5
2;33;77.2;4.7;10.0;284.3;0.0;273.0;0;5
2;34;73.1;4.9;10.0;284.7;0.0;273.0;0;5
2;35;63.6;5.7;13.0;284.1;0.0;273.0;0;5
2;36;77.2;4.7;10.0;284.3;0.0;273.0;0;5
2;37;74.7;4.8;10.0;284.6;0.0;273.0;0;5
2;38;65.3;5.5;13.0;284.3;0.0;273.0;0;5
2;39;59.9;6.0;13.0;283.9;0.0;273.0;0;5
2;40;57.2;6.3;13.0;283.6;0.0;273.0;0;5
2;41;67.9;5.3;12.0;284.4;0.0;273.0;0;5
2;42;55.8;6.4;13.0;283.4;0.0;273.0;0;5
2;43;55.8;6.4;13.0;283.4;0.0;273.0;0;5
2;44;55.8;6.4;13.0;283.4;0.0;273.0;0;5
2;45;58.2;6.1;13.0;282.0;0.0;273.0;0;5
2;46;55.4;6.4;13.0;281.6;0.0;273.0;0;5
2;47;nan;0.0;0.0;276.0;0.0;273.0;0;5
2;48;nan;0.0;0.0;276.0;0.0;273.0;0;5
2;49;nan;0.0;0.0;276.0;0.0;273.0;0;5
2;50;nan;0.0;0.0;276.0;0.0;273.0;0;5
2;51;nan;0.0;0.0;276.0;0.0;273.0;0;5
2;52;nan;0.0;0.0;276.0;0.0;273.0;0;5
2;53;nan;0.0;0.0;276.0;0.0;273.0;0;5
2;54;nan;0.0;0.0;276.0;0.0;273.0;0;5
2;55;nan;0.0;0.0;276.0;0.0;273.0;0;5
2;56;nan;0.0;0.0;276.0;0.0;273.0;0;5
2;57;nan;0.0;0.0;276.0;0.0;273.0;0;5
2;58;nan;0.0;0.0;276.0;0.0;273.0;0;5
2;59;nan;0.0;0.0;276.0;0.0;273.0;0;5
2;60;nan;0.0;0.0;276.0;0.0;273.0;0;5
2;61;nan;0.0;0.0;276.0;0.0;273.0;0;5
2;62;6.9;56.0;125.0;330.7;0.2;273.0;0;5
2;63;7.6;50.7;113.0;325.0;0.2;273.0;0;5
2;64;6.5;59.7;131.0;330.0;0.2;273.0;0;5
2;65;14.5;25.5;58.0;302.3;0.1;273.0;0;5
2;66;15.9;23.3;55.0;300.1;0.1;273.0;0;5
2;67;9.8;38.2;86.0;312.6;0.1;273.0;0;5
2;68;9.6;38.6;84.0;309.6;0.1;273.0;0;5
2;69;9.7;38.6;85.0;311.3;0.1;272.0;1;6
2;70;9.9;38.2;84.0;314.0;0.1;272.0;0;6
2;71;13.0;28.7;64.0;304.7;0.1;272.0;0;6
2;72;14.9;24.4;55.0;297.4;0.1;272.0;0;6
2;73;28.0;12.9;33.0;287.7;0.0;272.0;0;6
2;74;100.0;1.0;2.0;277.9;0.0;272.0;0;6
2;75;28.5;12.5;38.0;285.1;0.0;271.0;1;7
2;76;28.6;12.6;33.0;286.6;0.0;271.0;0;7
2;77;100.0;3.0;9.0;278.9;0.0;271.0;0;7
2;78;nan;0.0;0.0;277.0;0.0;271.0;0;7
2;79;nan;0.0;0.0;277.0;0.0;271.0;0;7
2;80;nan;0.0;0.0;277.0;0.0;271.0;0;7
2;81;nan;0.0;0.0;277.0;0.0;271.0;0;7
2;82;nan;0.0;0.0;277.0;0.0;271.0;0;7
2;83;nan;0.0;0.0;277.0;0.0;271.0;0;7
2;84;nan;0.0;0.0;277.0;0.0;271.0;0;7
2;85;nan;0.0;0.0;277.0;0.0;271.0;0;7
2;86;nan;0.0;0.0;277.0;0.0;271.0;0;7
2;87;nan;0.0;0.0;277.0;0.0;271.0;0;7
2;88;nan;0.0;0.0;277.0;0.0;271.0;0;7
2;89;nan;0.0;0.0;277.0;0.0;271.0;0;7
2;90;nan;0.0;0.0;277.0;0.0;271.0;0;7
2;91;nan;0.0;0.0;277.0;0.0;271.0;0;7
2;92;nan;0.0;0.0;277.0;0.0;271.0;0;7
2;93;nan;0.0;0.0;277.0;0.0;271.0;0;7
2;94;nan;0.0;0.0;277.0;0.0;271.0;0;7
2;95;nan;0.0;0.0;277.0;0.0;271.0;0;7
2;96;nan;0.0;0.0;277.0;0.0;271.0;0;7
2;97;nan;0.0;0.0;277.0;0.0;271.0;0;7
2;98;nan;0.0;0.0;277.0;0.0;271.0;0;7
2;99;nan;0.0;0.0;277.0;0.0;271.0;0;7
2;100;nan;0.0;0.0;277.0;0.0;271.0;0;7
2;101;nan;0.0;0.0;277.0;0.0;271.0;0;7
2;102;nan;0.0;0.0;277.0;0.0;271.0;0;7
2;103;nan;0.0;0.0;277.0;0.0;271.0;0;7
2;104;nan;0.0;0.0;277.0;0.0;271.0;0;7
2;105;100.0;0.3;1.0;276.9;0.0;271.0;0;7
2;106;nan;0.0;0.0;277.0;0.0;271.0;0;7
2;107;nan;0.0;0.0;277.0;0.0;271.0;0;7
2;108;nan;0.0;0.0;277.0;0.0;271.0;0;7
2;109;nan;0.0;0.0;277.0;0.0;271.0;0;7
2;110;nan;0.0;0.0;277.0;0.0;271.0;0;7
2;111;nan;0.0;0.0;277.0;0.0;271.0;0;7
2;112;nan;0.0;0.0;277.0;0.0;271.0;0;7
2;113;nan;0.0;0.0;277.0;0.0;271.0;0;7
2;114;nan;0.0;0.0;277.0;0.0;271.0;0;7
2;115;nan;0.0;0.0;277.0;0.0;271.0;0;7
2;116;nan;0.0;0.0;277.0;0.0;271.0;0;7
2;117;nan;0.0;0.0;277.0;0.0;271.0;0;7
2;118;nan;0.0;0.0;277.0;0.0;271.0;0;7
2;119;nan;0.0;0.0;277.0;0.0;271.0;0;7
2;120;nan;0.0;0.0;277.0;0.0;271.0;0;7
2;121;9.9;37.0;95.0;305.3;0.1;271.0;0;7
2;122;9.1;40.0;94.0;303.6;0.1;271.0;0;7
2;123;10.6;34.1;85.0;299.4;0.1;271.0;0;7
2;124;8.5;43.4;102.0;308.6;0.1;271.0;0;7
2;125;10.5;35.0;83.0;304.9;0.1;271.0;0;7
2;126;10.8;33.1;78.0;295.7;0.1;271.0;0;7
2;127;17.0;21.1;51.0;291.3;0.1;271.0;0;7
2;128;23.9;15.1;40.0;290.1;0.1;271.0;0;7
2;129;27.7;12.8;39.0;283.4;0.0;271.0;0;7
2;130;28.8;12.2;37.0;280.0;0.0;271.0;0;7
2;131;28.3;12.3;35.0;277.7;0.0;271.0;0;7
2;132;100.0;2.8;9.0;277.0;0.0;271.0;0;7
2;133;100.0;2.3;7.0;277.6;0.0;271.0;0;7
2;134;100.0;3.0;9.0;276.4;0.0;271.0;0;7
2;135;100.0;2.7;10.0;277.3;0.0;271.0;0;7
2;136;100.0;2.2;7.0;277.7;0.0;271.0;0;7
2;137;100.0;2.5;9.0;277.3;0.0;271.0;0;7
2;138;100.0;2.9;9.0;276.1;0.0;271.0;0;7
2;139;100.0;2.3;7.0;277.4;0.0;271.0;0;7
2;140;100.0;0.7;2.0;276.4;0.0;271.0;0;7
2;141;100.0;2.2;7.0;277.7;0.0;271.0;0;7
2;142;100.0;0.7;2.0;276.6;0.0;271.0;0;7
2;143;100.0;0.7;2.0;276.4;0.0;271.0;0;7
2;144;100.0;0.7;2.0;276.4;0.0;271.0;0;7
2;145;nan;0.0;0.0;276.0;0.0;271.0;0;7
2;146;nan;0.0;0.0;276.0;0.0;271.0;0;7
2;147;nan;0.0;0.0;276.0;0.0;271.0;0;7
2;148;nan;0.0;0.0;276.0;0.0;271.0;0;7
2;149;nan;0.0;0.0;276.0;0.0;271.0;0;7
3;0;5.7;83.9;193.0;410.7;0.2;278.0;1;1
3;1;6.3;73.8;180.0;400.7;0.2;278.0;0;1
3;2;6.4;71.7;173.0;394.7;0.2;278.0;0;1
3;3;5.7;84.0;201.0;414.9;0.2;278.0;0;1
3;4;6.6;69.6;169.0;391.6;0.2;278.0;0;1
3;5;7.0;65.4;147.0;389.3;0.2;278.0;0;1
3;6;6.6;68.9;160.0;390.1;0.2;278.0;0;1
3;7;6.4;71.2;169.0;388.4;0.2;273.0;1;2
3;8;6.6;69.6;164.0;392.6;0.2;273.0;0;2
3;9;7.4;60.2;136.0;379.1;0.2;273.0;0;2
3;10;8.9;46.9;135.0;349.9;0.1;273.0;0;2
3;11;9.5;44.1;111.0;350.6;0.1;273.0;0;2
3;12;8.6;49.9;137.0;359.7;0.1;273.0;0;2
3;13;8.6;49.3;116.0;355.3;0.1;273.0;0;2
3;14;10.8;37.9;99.0;339.7;0.1;273.0;0;2
3;15;9.6;44.0;111.0;352.3;0.1;273.0;0;2
3;16;10.7;38.9;97.0;343.7;0.1;273.0;0;2
3;17;11.7;34.8;86.0;337.3;0.1;273.0;0;2
3;18;10.3;39.8;105.0;340.7;0.1;273.0;0;2
3;19;18.1;21.0;54.0;308.4;0.1;273.0;0;2
3;20;13.1;29.1;70.0;311.7;0.1;273.0;0;2
3;21;15.9;23.7;61.0;306.1;0.1;273.0;0;2
3;22;24.1;15.4;38.0;298.0;0.1;273.0;0;2
3;23;22.1;16.7;44.0;297.0;0.1;273.0;0;2
3;24;30.6;11.8;33.0;288.4;0.0;273.0;0;2
3;25;36.3;10.0;27.0;289.6;0.0;273.0;0;2
3;26;41.3;8.8;22.0;287.0;0.0;273.0;0;2
3;27;61.3;5.9;14.0;283.0;0.0;273.0;0;2
3;28;69.6;5.2;14.0;284.9;0.0;273.0;0;2
3;29;61.1;5.8;14.0;281.0;0.0;273.0;0;2
3;30;nan;0.0;0.0;275.0;0.0;273.0;0;2
3;31;50.4;7.1;15.0;282.9;0.0;273.0;0;2
3;32;72.9;5.0;14.0;284.4;0.0;273.0;0;2
3;33;51.7;6.9;14.0;283.0;0.0;273.0;0;2
3;34;nan;0.0;0.0;275.0;0.0;273.0;0;2
3;35;nan;0.0;0.0;275.0;0.0;273.0;0;2
3;36;nan;0.0;0.0;275.0;0.0;273.0;0;2
3;37;nan;0.0;0.0;275.0;0.0;273.0;0;2
3;38;nan;0.0;0.0;275.0;0.0;273.0;0;2
3;39;nan;0.0;0.0;275.0;0.0;273.0;0;2
3;40;nan;0.0;0.0;275.0;0.0;273.0;0;2
3;41;nan;0.0;0.0;275.0;0.0;273.0;0;2
3;42;nan;0.0;0.0;275.0;0.0;273.0;0;2
3;43;nan;0.0;0.0;275.0;0.0;273.0;0;2
3;44;nan;0.0;0.0;275.0;0.0;273.0;0;2
3;45;nan;0.0;0.0;275.0;0.0;273.0;0;2
3;46;nan;0.0;0.0;275.0;0.0;273.0;0;2
3;47;nan;0.0;0.0;275.0;0.0;273.0;0;2
3;48;nan;0.0;0.0;275.0;0.0;273.0;0;2
3;49;nan;0.0;0.0;275.0;0.0;273.0;0;2
3;50;nan;0.0;0.0;275.0;0.0;273.0;0;2
3;51;nan;0.0;0.0;275.0;0.0;273.0;0;2
3;52;nan;0.0;0.0;275.0;0.0;273.0;0;2
3;53;6.8;59.5;131.0;347.3;0.2;273.0;0;2
3;54;9.3;42.9;98.0;333.1;0.1;273.0;0;2
3;55;8.1;49.8;113.0;341.6;0.1;273.0;0;2
3;56;13.0;29.6;67.0;315.7;0.1;273.0;0;2
3;57;10.9;35.9;77.0;324.4;0.1;273.0;0;2
3;58;12.7;28.9;65.0;301.9;0.1;273.0;0;2
3;59;27.9;13.1;33.0;291.6;0.0;273.0;0;2
3;60;28.7;12.4;30.0;285.9;0.0;273.0;0;2
3;61;26.5;13.6;30.0;288.4;0.0;273.0;0;2
3;62;84.4;4.3;14.0;283.3;0.0;273.0;0;2
3;63;44.2;8.0;19.0;281.9;0.0;273.0;0;2
3;64;98.5;3.7;11.0;282.7;0.0;273.0;0;2
3;65;69.6;5.1;11.0;280.7;0.0;273.0;0;2
3;66;94.3;3.8;9.0;280.0;0.0;273.0;0;2
3;67;73.8;4.8;11.0;280.1;0.0;273.0;0;2
3;68;79.6;4.5;9.0;278.9;0.0;273.0;0;2
3;69;91.7;3.8;9.0;277.4;0.0;273.0;0;2
3;70;nan;0.0;0.0;275.0;0.0;273.0;0;2
3;71;nan;0.0;0.0;275.0;0.0;273.0;0;2
3;72;nan;0.0;0.0;275.0;0.0;273.0;0;2
3;73;nan;0.0;0.0;275.0;0.0;273.0;0;2
3;74;nan;0.0;0.0;275.0;0.0;273.0;0;2
3;75;nan;0.0;0.0;275.0;0.0;273.0;0;2
3;76;nan;0.0;0.0;275.0;0.0;273.0;0;2
3;77;nan;0.0;0.0;275.0;0.0;273.0;0;2
3;78;nan;0.0;0.0;275.0;0.0;273.0;0;2
3;79;nan;0.0;0.0;275.0;0.0;273.0;0;2
3;80;nan;0.0;0.0;275.0;0.0;273.0;0;2
3;81;nan;0.0;0.0;275.0;0.0;273.0;0;2
3;82;nan;0.0;0.0;275.0;0.0;273.0;0;2
3;83;nan;0.0;0.0;275.0;0.0;273.0;0;2
3;84;nan;0.0;0.0;275.0;0.0;273.0;0;2
3;85;nan;0.0;0.0;275.0;0.0;273.0;0;2
3;86;nan;0.0;0.0;275.0;0.0;273.0;0;2
3;87;nan;0.0;0.0;275.0;0.0;273.0;0;2
3;88;nan;0.0;0.0;275.0;0.0;273.0;0;2
3;89;nan;0.0;0.0;275.0;0.0;273.0;0;2
3;90;nan;0.0;0.0;275.0;0.0;273.0;0;2
3;91;nan;0.0;0.0;275.0;0.0;273.0;0;2
3;92;nan;0.0;0.0;275.0;0.0;273.0;0;2
3;93;nan;0.0;0.0;275.0;0.0;273.0;0;2
3;94;nan;0.0;0.0;275.0;0.0;273.0;0;2
3;95;nan;0.0;0.0;275.0;0.0;273.0;0;2
3;96;nan;0.0;0.0;275.0;0.0;273.0;0;2
3;97;nan;0.0;0.0;275.0;0.0;273.0;0;2
3;98;11.1;33.0;76.0;302.0;0.1;273.0;0;2
3;99;13.5;26.6;61.0;292.7;0.1;273.0;0;2
3;100;14.4;25.0;59.0;292.7;0.1;273.0;0;2
3;101;24.1;15.0;37.0;290.9;0.1;273.0;0;2
3;102;51.6;7.0;22.0;284.3;0.0;273.0;0;2
3;103;38.7;9.3;24.0;286.1;0.0;273.0;0;2
3;104;35.1;10.2;24.0;284.1;0.0;273.0;0;2
3;105;36.9;9.6;22.0;282.1;0.0;273.0;0;2
3;106;86.1;4.1;10.0;277.6;0.0;273.0;0;2
3;107;nan;0.0;0.0;275.0;0.0;273.0;0;2
3;108;nan;0.0;0.0;275.0;0.0;273.0;0;2
3;109;nan;0.0;0.0;275.0;0.0;273.0;0;2
3;110;nan;0.0;0.0;275.0;0.0;273.0;0;2
3;111;nan;0.0;0.0;275.0;0.0;273.0;0;2
3;112;nan;0.0;0.0;275.0;0.0;273.0;0;2
3;113;nan;0.0;0.0;275.0;0.0;273.0;0;2
3;114;nan;0.0;0.0;275.0;0.0;273.0;0;2
3;115;nan;0.0;0.0;275.0;0.0;273.0;0;2
3;116;nan;0.0;0.0;275.0;0.0;273.0;0;2
3;117;nan;0.0;0.0;275.0;0.0;273.0;0;2
3;118;nan;0.0;0.0;275.0;0.0;273.0;0;2
3;119;nan;0.0;0.0;275.0;0.0;273.0;0;2
3;120;nan;0.0;0.0;275.0;0.0;273.0;0;2
3;121;nan;0.0;0.0;275.0;0.0;273.0;0;2
3;122;nan;0.0;0.0;275.0;0.0;273.0;0;2
3;123;nan;0.0;0.0;275.0;0.0;273.0;0;2
3;124;nan;0.0;0.0;275.0;0.0;273.0;0;2
3;125;nan;0.0;0.0;275.0;0.0;273.0;0;2
3;126;nan;0.0;0.0;275.0;0.0;273.0;0;2
3;127;nan;0.0;0.0;275.0;0.0;273.0;0;2
3;128;nan;0.0;0.0;275.0;0.0;273.0;0;2
3;129;nan;0.0;0.0;275.0;0.0;273.0;0;2
3;130;nan;0.0;0.0;275.0;0.0;273.0;0;2
3;131;nan;0.0;0.0;275.0;0.0;273.0;0;2
3;132;nan;0.0;0.0;275.0;0.0;273.0;0;2
3;133;nan;0.0;0.0;275.0;0.0;273.0;0;2
3;134;nan;0.0;0.0;275.0;0.0;273.0;0;2
3;135;nan;0.0;0.0;275.0;0.0;273.0;0;2
3;136;nan;0.0;0.0;275.0;0.0;273.0;0;2
3;137;nan;0.0;0.0;275.0;0.0;273.0;0;2
3;138;nan;0.0;0.0;275.0;0.0;273.0;0;2
3;139;nan;0.0;0.0;275.0;0.0;273.0;0;2
3;140;nan;0.0;0.0;275.0;0.0;273.0;0;2
3;141;nan;0.0;0.0;275.0;0.0;273.0;0;2
3;142;nan;0.0;0.0;275.0;0.0;273.0;0;2
3;143;6.7;52.5;155.0;300.7;0.2;273.0;0;2
3;144;85.9;4.2;12.0;283.7;0.0;273.0;0;2
3;145;50.2;7.0;20.0;277.9;0.0;273.0;0;2
3;146;50.6;7.0;20.0;278.7;0.0;273.0;0;2
3;147;nan;0.0;0.0;275.0;0.0;273.0;0;2
3;148;nan;0.0;0.0;275.0;0.0;273.0;0;2
3;149;nan;0.0;0.0;275.0;0.0;273.0;0;2
4;0;5.9;80.7;196.0;407.6;0.2;280.0;1;1
4;1;6.7;67.3;166.0;385.7;0.2;280.0;0;1
4;2;5.9;80.1;196.0;408.6;0.2;279.0;1;2
4;3;7.5;59.8;142.0;379.7;0.2;279.0;0;2
4;4;6.7;67.8;162.0;387.6;0.2;279.0;0;2
4;5;7.6;58.8;151.0;377.6;0.2;279.0;0;2
4;6;8.2;52.2;124.0;362.3;0.1;279.0;0;2
4;7;7.1;63.6;156.0;384.6;0.2;279.0;0;2
4;8;7.4;59.9;149.0;376.6;0.2;279.0;0;2
4;9;7.4;60.5;140.0;380.0;0.2;279.0;0;2
4;10;7.2;62.4;154.0;380.4;0.2;279.0;0;2
4;11;7.7;57.3;137.0;373.0;0.2;279.0;0;2
4;12;7.7;57.9;148.0;374.9;0.2;279.0;0;2
4;13;9.5;44.4;112.0;353.3;0.1;279.0;0;2
4;14;11.2;36.6;97.0;339.7;0.1;279.0;0;2
4;15;10.2;40.7;99.0;345.4;0.1;279.0;0;2
4;16;9.7;43.1;106.0;347.0;0.1;279.0;0;2
4;17;9.9;42.8;105.0;351.6;0.1;279.0;0;2
4;18;11.3;35.9;89.0;333.6;0.1;275.0;1;3
4;19;17.4;22.8;58.0;321.6;0.1;275.0;0;3
4;20;12.4;31.2;76.0;318.9;0.1;275.0;0;3
4;21;11.3;34.2;86.0;319.0;0.1;275.0;0;3
4;22;11.2;34.3;82.0;317.7;0.1;271.0;1;4
4;23;10.6;35.5;103.0;311.3;0.1;271.0;0;4
4;24;16.7;22.3;58.0;301.4;0.1;271.0;0;4
4;25;25.0;14.7;37.0;294.7;0.0;271.0;0;4
4;26;100.0;0.7;2.0;280.6;0.0;271.0;0;4
4;27;nan;0.0;0.0;280.0;0.0;271.0;0;4
4;28;nan;0.0;0.0;280.0;0.0;271.0;0;4
4;29;nan;0.0;0.0;280.0;0.0;271.0;0;4
4;30;nan;0.0;0.0;280.0;0.0;271.0;0;4
4;31;nan;0.0;0.0;280.0;0.0;271.0;0;4
4;32;nan;0.0;0.0;280.0;0.0;271.0;0;4
4;33;nan;0.0;0.0;280.0;0.0;271.0;0;4
4;34;nan;0.0;0.0;280.0;0.0;271.0;0;4
4;35;nan;0.0;0.0;280.0;0.0;271.0;0;4
4;36;nan;0.0;0.0;280.0;0.0;271.0;0;4
4;37;nan;0.0;0.0;280.0;0.0;271.0;0;4
4;38;nan;0.0;0.0;280.0;0.0;271.0;0;4
4;39;nan;0.0;0.0;280.0;0.0;271.0;0;4
4;40;nan;0.0;0.0;280.0;0.0;271.0;0;4
4;41;nan;0.0;0.0;280.0;0.0;271.0;0;4
4;42;nan;0.0;0.0;280.0;0.0;271.0;0;4
4;43;nan;0.0;0.0;280.0;0.0;271.0;0;4
4;44;nan;0.0;0.0;280.0;0.0;271.0;0;4
4;45;nan;0.0;0.0;280.0;0.0;271.0;0;4
4;46;nan;0.0;0.0;280.0;0.0;271.0;0;4
4;47;nan;0.0;0.0;280.0;0.0;271.0;0;4
4;48;nan;0.0;0.0;280.0;0.0;271.0;0;4
4;49;nan;0.0;0.0;280.0;0.0;271.0;0;4
4;50;nan;0.0;0.0;280.0;0.0;271.0;0;4
4;51;nan;0.0;0.0;280.0;0.0;271.0;0;4
4;52;100.0;1.0;3.0;279.6;0.0;271.0;0;4
4;53;nan;0.0;0.0;280.0;0.0;271.0;0;4
4;54;nan;0.0;0.0;280.0;0.0;271.0;0;4
4;55;nan;0.0;0.0;280.0;0.0;271.0;0;4
4;56;nan;0.0;0.0;280.0;0.0;271.0;0;4
4;57;nan;0.0;0.0;280.0;0.0;271.0;0;4
4;58;nan;0.0;0.0;280.0;0.0;271.0;0;4
4;59;nan;0.0;0.0;280.0;0.0;271.0;0;4
4;60;nan;0.0;0.0;280.0;0.0;271.0;0;4
4;61;nan;0.0;0.0;280.0;0.0;271.0;0;4
4;62;nan;0.0;0.0;280.0;0.0;271.0;0;4
4;63;nan;0.0;0.0;280.0;0.0;271.0;0;4
4;64;nan;0.0;0.0;280.0;0.0;271.0;0;4
4;65;nan;0.0;0.0;280.0;0.0;271.0;0;4
4;66;nan;0.0;0.0;280.0;0.0;271.0;0;4
4;67;nan;0.0;0.0;280.0;0.0;271.0;0;4
4;68;7.4;51.7;110.0;325.7;0.2;271.0;0;4
4;69;7.9;49.4;106.0;327.7;0.2;271.0;0;4
4;70;9.0;41.9;88.0;316.3;0.1;271.0;0;4
4;71;6.7;57.8;137.0;330.4;0.2;271.0;0;4
4;72;10.1;37.3;83.0;313.0;0.1;271.0;0;4
4;73;11.8;31.6;76.0;306.9;0.1;271.0;0;4
4;74;23.7;15.5;40.0;294.7;0.1;271.0;0;4
4;75;15.1;24.3;55.0;298.7;0.1;271.0;0;4
4;76;19.7;18.6;48.0;295.7;0.1;271.0;0;4
4;77;nan;0.0;0.0;280.0;0.0;271.0;0;4
4;78;nan;0.0;0.0;280.0;0.0;271.0;0;4
4;79;100.0;0.7;2.0;279.7;0.0;271.0;0;4
4;80;nan;0.0;0.0;280.0;0.0;271.0;0;4
4;81;nan;0.0;0.0;280.0;0.0;271.0;0;4
4;82;100.0;0.7;2.0;279.7;0.0;271.0;0;4
4;83;nan;0.0;0.0;280.0;0.0;271.0;0;4
4;84;nan;0.0;0.0;280.0;0.0;271.0;0;4
4;85;nan;0.0;0.0;280.0;0.0;271.0;0;4
4;86;nan;0.0;0.0;280.0;0.0;271.0;0;4
4;87;nan;0.0;0.0;280.0;0.0;271.0;0;4
4;88;nan;0.0;0.0;280.0;0.0;271.0;0;4
4;89;nan;0.0;0.0;280.0;0.0;271.0;0;4
4;90;nan;0.0;0.0;280.0;0.0;271.0;0;4
4;91;nan;0.0;0.0;280.0;0.0;271.0;0;4
4;92;nan;0.0;0.0;280.0;0.0;271.0;0;4
4;93;nan;0.0;0.0;280.0;0.0;271.0;0;4
4;94;nan;0.0;0.0;280.0;0.0;271.0;0;4
4;95;nan;0.0;0.0;280.0;0.0;271.0;0;4
4;96;nan;0.0;0.0;280.0;0.0;271.0;0;4
4;97;nan;0.0;0.0;280.0;0.0;271.0;0;4
4;98;nan;0.0;0.0;280.0;0.0;271.0;0;4
4;99;nan;0.0;0.0;280.0;0.0;271.0;0;4
4;100;nan;0.0;0.0;280.0;0.0;271.0;0;4
4;101;nan;0.0;0.0;280.0;0.0;271.0;0;4
4;102;nan;0.0;0.0;280.0;0.0;271.0;0;4
4;103;nan;0.0;0.0;280.0;0.0;271.0;0;4
4;104;nan;0.0;0.0;280.0;0.0;271.0;0;4
4;105;nan;0.0;0.0;280.0;0.0;271.0;0;4
4;106;nan;0.0;0.0;280.0;0.0;271.0;0;4
4;107;nan;0.0;0.0;280.0;0.0;271.0;0;4
4;108;nan;0.0;0.0;280.0;0.0;271.0;0;4
4;109;nan;0.0;0.0;280.0;0.0;271.0;0;4
4;110;nan;0.0;0.0;280.0;0.0;271.0;0;4
4;111;nan;0.0;0.0;280.0;0.0;271.0;0;4
4;112;100.0;2.8;8.0;278.9;0.0;271.0;0;4
4;113;9.2;40.1;92.0;306.7;0.1;271.0;0;4
4;114;15.6;23.2;59.0;295.0;0.1;271.0;0;4
4;115;11.5;31.7;78.0;299.7;0.1;271.0;0;4
4;116;18.2;19.8;49.0;292.3;0.1;271.0;0;4
4;117;14.3;25.3;67.0;295.0;0.1;271.0;0;4
4;118;60.2;6.0;15.0;283.7;0.0;271.0;0;4
4;119;nan;0.0;0.0;280.0;0.0;271.0;0;4
4;120;nan;0.0;0.0;280.0;0.0;271.0;0;4
4;121;nan;0.0;0.0;280.0;0.0;271.0;0;4
4;122;nan;0.0;0.0;280.0;0.0;271.0;0;4
4;123;nan;0.0;0.0;280.0;0.0;271.0;0;4
4;124;nan;0.0;0.0;280.0;0.0;271.0;0;4
4;125;nan;0.0;0.0;280.0;0.0;271.0;0;4
4;126;nan;0.0;0.0;280.0;0.0;271.0;0;4
4;127;nan;0.0;0.0;280.0;0.0;271.0;0;4
4;128;nan;0.0;0.0;280.0;0.0;271.0;0;4
4;129;nan;0.0;0.0;280.0;0.0;271.0;0;4
4;130;nan;0.0;0.0;280.0;0.0;271.0;0;4
4;131;nan;0.0;0.0;280.0;0.0;271.0;0;4
4;132;nan;0.0;0.0;280.0;0.0;271.0;0;4
4;133;nan;0.0;0.0;280.0;0.0;271.0;0;4
4;134;nan;0.0;0.0;280.0;0.0;271.0;0;4
4;135;nan;0.0;0.0;280.0;0.0;271.0;0;4
4;136;nan;0.0;0.0;280.0;0.0;271.0;0;4
4;137;nan;0.0;0.0;280.0;0.0;271.0;0;4
4;138;nan;0.0;0.0;280.0;0.0;271.0;0;4
4;139;nan;0.0;0.0;280.0;0.0;271.0;0;4
4;140;nan;0.0;0.0;280.0;0.0;271.0;0;4
4;141;nan;0.0;0.0;280.0;0.0;271.0;0;4
4;142;100.0;0.7;2.0;279.7;0.0;271.0;0;4
4;143;nan;0.0;0.0;280.0;0.0;271.0;0;4
4;144;nan;0.0;0.0;280.0;0.0;271.0;0;4
4;145;nan;0.0;0.0;280.0;0.0;271.0;0;4
4;146;nan;0.0;0.0;280.0;0.0;271.0;0;4
4;147;nan;0.0;0.0;280.0;0.0;271.0;0;4
4;148;nan;0.0;0.0;280.0;0.0;271.0;0;4
4;149;nan;0.0;0.0;280.0;0.0;271.0;0;4
5;0;6.3;74.2;170.0;400.1;0.2;281.0;1;1
5;1;6.2;75.5;176.0;403.6;0.2;281.0;0;1
5;2;6.4;73.0;174.0;399.4;0.2;281.0;0;1
5;3;6.4;71.7;186.0;391.9;0.2;281.0;0;1
5;4;6.4;73.9;175.0;402.7;0.2;281.0;0;1
5;5;6.6;68.6;167.0;388.3;0.2;279.0;1;2
5;6;6.9;67.2;157.0;392.9;0.2;279.0;0;2
5;7;7.0;64.6;156.0;381.9;0.2;279.0;0;2
5;8;7.3;60.5;145.0;376.7;0.2;279.0;0;2
5;9;7.6;58.1;147.0;374.1;0.2;279.0;0;2
5;10;7.4;59.9;146.0;375.9;0.2;279.0;0;2
5;11;8.7;49.4;135.0;358.9;0.1;279.0;0;2
5;12;8.0;54.3;140.0;366.4;0.1;279.0;0;2
5;13;8.9;47.0;126.0;349.4;0.1;276.0;1;3
5;14;9.1;46.6;120.0;355.0;0.1;276.0;0;3
5;15;8.5;50.3;127.0;358.1;0.1;276.0;0;3
5;16;10.8;37.5;99.0;336.1;0.1;276.0;0;3
5;17;13.6;29.2;79.0;325.6;0.1;276.0;0;3
5;18;11.6;34.9;86.0;333.4;0.1;276.0;0;3
5;19;14.9;26.0;70.0;315.4;0.1;276.0;0;3
5;20;13.2;28.9;73.0;313.3;0.1;276.0;0;3
5;21;12.2;31.0;80.0;311.0;0.1;272.0;1;4
5;22;17.6;21.0;49.0;299.3;0.1;272.0;0;4
5;23;22.9;15.9;41.0;292.9;0.1;271.0;1;5
5;24;27.3;13.3;33.0;291.3;0.0;271.0;0;5
5;25;49.3;7.3;16.0;282.9;0.0;271.0;0;5
5;26;43.8;8.2;24.0;285.1;0.0;271.0;0;5
5;27;55.0;6.5;20.0;280.4;0.0;271.0;0;5
5;28;100.0;2.9;8.0;276.7;0.0;271.0;0;5
5;29;99.8;3.5;8.0;276.1;0.0;271.0;0;5
5;30;88.6;4.0;8.0;275.6;0.0;271.0;0;5
5;31;100.0;2.8;8.0;277.1;0.0;271.0;0;5
5;32;88.6;4.0;8.0;275.6;0.0;271.0;0;5
5;33;88.6;4.0;8.0;275.6;0.0;271.0;0;5
5;34;88.6;4.0;8.0;275.6;0.0;271.0;0;5
5;35;88.6;4.0;8.0;275.6;0.0;271.0;0;5
5;36;100.0;2.8;8.0;272.1;0.0;271.0;0;5
5;37;nan;0.0;0.0;271.0;0.0;271.0;0;5
5;38;nan;0.0;0.0;271.0;0.0;271.0;0;5
5;39;nan;0.0;0.0;271.0;0.0;271.0;0;5
5;40;nan;0.0;0.0;271.0;0.0;271.0;0;5
5;41;nan;0.0;0.0;271.0;0.0;271.0;0;5
5;42;nan;0.0;0.0;271.0;0.0;271.0;0;5
5;43;nan;0.0;0.0;271.0;0.0;271.0;0;5
5;44;nan;0.0;0.0;271.0;0.0;271.0;0;5
5;45;nan;0.0;0.0;271.0;0.0;271.0;0;5
5;46;nan;0.0;0.0;271.0;0.0;271.0;0;5
5;47;nan;0.0;0.0;271.0;0.0;271.0;0;5
5;48;nan;0.0;0.0;271.0;0.0;271.0;0;5
5;49;nan;0.0;0.0;271.0;0.0;271.0;0;5
5;50;nan;0.0;0.0;271.0;0.0;271.0;0;5
5;51;nan;0.0;0.0;271.0;0.0;271.0;0;5
5;52;nan;0.0;0.0;271.0;0.0;271.0;0;5
5;53;nan;0.0;0.0;271.0;0.0;271.0;0;5
5;54;nan;0.0;0.0;271.0;0.0;271.0;0;5
5;55;nan;0.0;0.0;271.0;0.0;271.0;0;5
5;56;nan;0.0;0.0;271.0;0.0;271.0;0;5
5;57;nan;0.0;0.0;271.0;0.0;271.0;0;5
5;58;nan;0.0;0.0;271.0;0.0;271.0;0;5
5;59;nan;0.0;0.0;271.0;0.0;271.0;0;5
5;60;nan;0.0;0.0;271.0;0.0;271.0;0;5
5;61;nan;0.0;0.0;271.0;0.0;271.0;0;5
5;62;nan;0.0;0.0;271.0;0.0;271.0;0;5
5;63;nan;0.0;0.0;271.0;0.0;271.0;0;5
5;64;nan;0.0;0.0;271.0;0.0;271.0;0;5
5;65;nan;0.0;0.0;271.0;0.0;271.0;0;5
5;66;nan;0.0;0.0;271.0;0.0;271.0;0;5
5;67;nan;0.0;0.0;271.0;0.0;271.0;0;5
5;68;nan;0.0;0.0;271.0;0.0;271.0;0;5
5;69;8.2;46.1;101.0;316.6;0.1;271.0;0;5
5;70;9.8;38.4;84.0;314.1;0.1;271.0;0;5
5;71;8.1;46.4;103.0;315.6;0.1;271.0;0;5
5;72;21.3;16.7;41.0;286.6;0.1;271.0;0;5
5;73;19.9;18.0;45.0;288.9;0.1;271.0;0;5
5;74;72.5;4.8;13.0;273.9;0.0;271.0;0;5
5;75;90.4;3.8;9.0;273.4;0.0;271.0;0;5
5;76;nan;0.0;0.0;271.0;0.0;271.0;0;5
5;77;nan;0.0;0.0;271.0;0.0;271.0;0;5
5;78;nan;0.0;0.0;271.0;0.0;271.0;0;5
5;79;nan;0.0;0.0;271.0;0.0;271.0;0;5
5;80;nan;0.0;0.0;271.0;0.0;271.0;0;5
5;81;nan;0.0;0.0;271.0;0.0;271.0;0;5
5;82;nan;0.0;0.0;271.0;0.0;271.0;0;5
5;83;nan;0.0;0.0;271.0;0.0;271.0;0;5
5;84;nan;0.0;0.0;271.0;0.0;271.0;0;5
5;85;nan;0.0;0.0;271.0;0.0;271.0;0;5
5;86;nan;0.0;0.0;271.0;0.0;271.0;0;5
5;87;nan;0.0;0.0;271.0;0.0;271.0;0;5
5;88;nan;0.0;0.0;271.0;0.0;271.0;0;5
5;89;nan;0.0;0.0;271.0;0.0;271.0;0;5
5;90;nan;0.0;0.0;271.0;0.0;271.0;0;5
5;91;nan;0.0;0.0;271.0;0.0;271.0;0;5
5;92;nan;0.0;0.0;271.0;0.0;271.0;0;5
5;93;nan;0.0;0.0;271.0;0.0;271.0;0;5
5;94;nan;0.0;0.0;271.0;0.0;271.0;0;5
5;95;nan;0.0;0.0;271.0;0.0;271.0;0;5
5;96;nan;0.0;0.0;271.0;0.0;271.0;0;5
5;97;nan;0.0;0.0;271.0;0.0;271.0;0;5
5;98;nan;0.0;0.0;271.0;0.0;271.0;0;5
5;99;nan;0.0;0.0;271.0;0.0;271.0;0;5
5;100;nan;0.0;0.0;271.0;0.0;271.0;0;5
5;101;nan;0.0;0.0;271.0;0.0;271.0;0;5
5;102;nan;0.0;0.0;271.0;0.0;271.0;0;5
5;103;nan;0.0;0.0;271.0;0.0;271.0;0;5
5;104;nan;0.0;0.0;271.0;0.0;271.0;0;5
5;105;nan;0.0;0.0;271.0;0.0;271.0;0;5
5;106;nan;0.0;0.0;271.0;0.0;271.0;0;5
5;107;nan;0.0;0.0;271.0;0.0;271.0;0;5
5;108;nan;0.0;0.0;271.0;0.0;271.0;0;5
5;109;nan;0.0;0.0;271.0;0.0;271.0;0;5
5;110;nan;0.0;0.0;271.0;0.0;271.0;0;5
5;111;nan;0.0;0.0;271.0;0.0;271.0;0;5
5;112;nan;0.0;0.0;271.0;0.0;271.0;0;5
5;113;nan;0.0;0.0;271.0;0.0;271.0;0;5
5;114;17.1;21.1;57.0;292.3;0.1;271.0;0;5
5;115;17.6;20.0;49.0;284.9;0.1;271.0;0;5
5;116;nan;0.0;0.0;271.0;0.0;271.0;0;5
5;117;nan;0.0;0.0;271.0;0.0;271.0;0;5
5;118;nan;0.0;0.0;271.0;0.0;271.0;0;5
5;119;nan;0.0;0.0;271.0;0.0;271.0;0;5
5;120;nan;0.0;0.0;271.0;0.0;271.0;0;5
5;121;nan;0.0;0.0;271.0;0.0;271.0;0;5
5;122;nan;0.0;0.0;271.0;0.0;271.0;0;5
5;123;nan;0.0;0.0;271.0;0.0;271.0;0;5
5;124;nan;0.0;0.0;271.0;0.0;271.0;0;5
5;125;nan;0.0;0.0;271.0;0.0;271.0;0;5
5;126;nan;0.0;0.0;271.0;0.0;271.0;0;5
5;127;nan;0.0;0.0;271.0;0.0;271.0;0;5
5;128;nan;0.0;0.0;271.0;0.0;271.0;0;5
5;129;nan;0.0;0.0;271.0;0.0;271.0;0;5
5;130;nan;0.0;0.0;271.0;0.0;271.0;0;5
5;131;nan;0.0;0.0;271.0;0.0;271.0;0;5
5;132;nan;0.0;0.0;271.0;0.0;271.0;0;5
5;133;nan;0.0;0.0;271.0;0.0;271.0;0;5
5;134;nan;0.0;0.0;271.0;0.0;271.0;0;5
5;135;nan;0.0;0.0;271.0;0.0;271.0;0;5
5;136;nan;0.0;0.0;271.0;0.0;271.0;0;5
5;137;nan;0.0;0.0;271.0;0.0;271.0;0;5
5;138;nan;0.0;0.0;271.0;0.0;271.0;0;5
5;139;nan;0.0;0.0;271.0;0.0;271.0;0;5
5;140;nan;0.0;0.0;271.0;0.0;271.0;0;5
5;141;nan;0.0;0.0;271.0;0.0;271.0;0;5
5;142;nan;0.0;0.0;271.0;0.0;271.0;0;5
5;143;nan;0.0;0.0;271.0;0.0;271.0;0;5
5;144;nan;0.0;0.0;271.0;0.0;271.0;0;5
5;145;nan;0.0;0.0;271.0;0.0;271.0;0;5
5;146;nan;0.0;0.0;271.0;0.0;271.0;0;5
5;147;nan;0.0;0.0;271.0;0.0;271.0;0;5
5;148;nan;0.0;0.0;271.0;0.0;271.0;0;5
5;149;nan;0.0;0.0;271.0;0.0;271.0;0;5
6;0;7.6;58.5;148.0;374.3;0.2;279.0;1;1
6;1;6.5;71.9;180.0;397.3;0.2;279.0;0;1
6;2;6.2;75.1;174.0;402.6;0.2;279.0;0;1
6;3;6.2;75.4;181.0;403.1;0.2;279.0;0;1
6;4;6.0;78.1;182.0;404.7;0.2;275.0;1;2
6;5;7.0;65.0;163.0;386.9;0.2;275.0;0;2
6;6;6.2;75.1;178.0;400.9;0.2;275.0;0;2
6;7;7.1;62.4;153.0;376.4;0.2;275.0;0;2
6;8;6.3;73.6;183.0;395.7;0.2;275.0;0;2
6;9;7.3;61.7;152.0;380.6;0.2;275.0;0;2
6;10;6.6;69.1;169.0;389.4;0.2;275.0;0;2
6;11;7.1;63.0;151.0;378.1;0.2;275.0;0;2
6;12;7.2;60.6;155.0;371.1;0.2;273.0;1;3
6;13;7.2;60.8;142.0;369.4;0.2;273.0;0;3
6;14;8.0;53.4;135.0;360.0;0.1;273.0;0;3
6;15;9.0;47.2;112.0;356.9;0.1;273.0;0;3
6;16;10.0;42.0;107.0;348.9;0.1;273.0;0;3
6;17;11.3;36.2;89.0;338.7;0.1;273.0;0;3
6;18;9.8;43.0;111.0;350.6;0.1;273.0;0;3
6;19;10.4;39.0;105.0;337.7;0.1;273.0;0;3
6;20;10.0;39.2;87.0;326.0;0.1;273.0;0;3
6;21;11.5;33.7;78.0;320.4;0.1;273.0;0;3
6;22;14.2;26.5;66.0;307.4;0.1;273.0;0;3
6;23;20.8;17.9;44.0;299.9;0.1;273.0;0;3
6;24;13.4;28.5;71.0;312.9;0.1;273.0;0;3
6;25;22.4;16.3;37.0;292.9;0.1;273.0;0;3
6;26;100.0;0.3;1.0;277.1;0.0;273.0;0;3
6;27;nan;0.0;0.0;277.0;0.0;273.0;0;3
6;28;nan;0.0;0.0;277.0;0.0;273.0;0;3
6;29;nan;0.0;0.0;277.0;0.0;273.0;0;3
6;30;nan;0.0;0.0;277.0;0.0;273.0;0;3
6;31;nan;0.0;0.0;277.0;0.0;273.0;0;3
6;32;nan;0.0;0.0;277.0;0.0;273.0;0;3
6;33;nan;0.0;0.0;277.0;0.0;273.0;0;3
6;34;nan;0.0;0.0;277.0;0.0;273.0;0;3
6;35;nan;0.0;0.0;277.0;0.0;273.0;0;3
6;36;nan;0.0;0.0;277.0;0.0;273.0;0;3
6;37;nan;0.0;0.0;277.0;0.0;273.0;0;3
6;38;nan;0.0;0.0;277.0;0.0;273.0;0;3
6;39;nan;0.0;0.0;277.0;0.0;273.0;0;3
6;40;nan;0.0;0.0;277.0;0.0;273.0;0;3
6;41;nan;0.0;0.0;277.0;0.0;273.0;0;3
6;42;nan;0.0;0.0;277.0;0.0;273.0;0;3
6;43;nan;0.0;0.0;277.0;0.0;273.0;0;3
6;44;nan;0.0;0.0;277.0;0.0;273.0;0;3
6;45;nan;0.0;0.0;277.0;0.0;273.0;0;3
6;46;nan;0.0;0.0;277.0;0.0;273.0;0;3
6;47;nan;0.0;0.0;277.0;0.0;273.0;0;3
6;48;nan;0.0;0.0;277.0;0.0;273.0;0;3
6;49;nan;0.0;0.0;277.0;0.0;273.0;0;3
6;50;nan;0.0;0.0;277.0;0.0;273.0;0;3
6;51;nan;0.0;0.0;277.0;0.0;273.0;0;3
6;52;nan;0.0;0.0;277.0;0.0;273.0;0;3
6;53;nan;0.0;0.0;277.0;0.0;273.0;0;3
6;54;nan;0.0;0.0;277.0;0.0;273.0;0;3
6;55;nan;0.0;0.0;277.0;0.0;273.0;0;3
6;56;nan;0.0;0.0;277.0;0.0;273.0;0;3
6;57;nan;0.0;0.0;277.0;0.0;273.0;0;3
6;58;7.6;50.4;119.0;325.3;0.2;273.0;0;3
6;59;9.3;41.2;89.0;318.4;0.1;273.0;0;3
6;60;8.8;43.1;92.0;318.4;0.1;273.0;0;3
6;61;8.6;43.9;95.0;316.4;0.1;273.0;0;3
6;62;10.4;36.1;88.0;312.1;0.1;273.0;0;3
6;63;7.8;49.1;109.0;322.1;0.2;273.0;0;3
6;64;7.9;48.5;109.0;322.3;0.2;271.0;1;4
6;65;10.2;37.0;84.0;312.9;0.1;271.0;0;4
6;66;13.0;27.8;62.0;297.1;0.1;271.0;0;4
6;67;11.1;32.8;77.0;301.7;0.1;271.0;0;4
6;68;13.7;26.5;63.0;297.1;0.1;271.0;0;4
6;69;12.8;28.6;61.0;301.1;0.1;271.0;0;4
6;70;8.3;44.6;104.0;310.4;0.1;271.0;0;4
6;71;13.2;27.5;58.0;298.7;0.1;271.0;0;4
6;72;69.9;5.0;12.0;277.3;0.0;271.0;0;4
6;73;16.0;22.3;51.0;289.4;0.1;271.0;0;4
6;74;15.3;23.9;51.0;296.6;0.1;271.0;0;4
6;75;12.0;30.2;61.0;299.1;0.1;271.0;0;4
6;76;14.0;25.9;58.0;297.3;0.1;271.0;0;4
6;77;12.0;30.2;61.0;299.1;0.1;271.0;0;4
6;78;12.4;29.5;61.0;300.0;0.1;271.0;0;4
6;79;16.6;21.9;51.0;294.1;0.1;271.0;0;4
6;80;30.0;11.7;34.0;279.4;0.0;271.0;0;4
6;81;14.4;25.1;51.0;295.0;0.1;271.0;0;4
6;82;12.6;28.8;61.0;299.1;0.1;271.0;0;4
6;83;12.6;29.1;61.0;300.4;0.1;271.0;0;4
6;84;13.3;27.4;61.0;299.0;0.1;271.0;0;4
6;85;16.8;21.3;51.0;290.9;0.1;271.0;0;4
6;86;100.0;1.0;2.0;273.9;0.0;271.0;0;4
6;87;100.0;2.7;8.0;274.7;0.0;271.0;0;4
6;88;86.2;4.1;12.0;275.3;0.0;271.0;0;4
6;89;100.0;0.9;2.0;273.6;0.0;271.0;0;4
6;90;62.0;5.7;13.0;276.6;0.0;271.0;0;4
6;91;100.0;0.9;2.0;273.6;0.0;271.0;0;4
6;92;100.0;0.9;2.0;273.6;0.0;271.0;0;4
6;93;79.0;4.4;13.0;275.3;0.0;271.0;0;4
6;94;100.0;0.9;2.0;273.6;0.0;271.0;0;4
6;95;100.0;0.9;2.0;273.6;0.0;271.0;0;4
6;96;77.9;4.5;13.0;275.1;0.0;271.0;0;4
6;97;65.5;5.4;13.0;278.1;0.0;271.0;0;4
6;98;71.1;4.9;13.0;276.0;0.0;271.0;0;4
6;99;59.7;5.9;13.0;276.7;0.0;271.0;0;4
6;100;71.3;5.0;13.0;278.9;0.0;271.0;0;4
6;101;65.5;5.4;13.0;278.1;0.0;271.0;0;4
6;102;71.3;5.0;13.0;278.9;0.0;271.0;0;4
6;103;61.9;5.7;13.0;277.4;0.0;271.0;0;4
6;104;100.0;0.9;2.0;273.6;0.0;271.0;0;4
6;105;65.5;5.4;13.0;278.1;0.0;271.0;0;4
6;106;71.3;5.0;13.0;278.9;0.0;271.0;0;4
6;107;65.5;5.4;13.0;278.1;0.0;271.0;0;4
6;108;71.3;5.0;13.0;278.9;0.0;271.0;0;4
6;109;68.1;5.2;13.0;278.0;0.0;271.0;0;4
6;110;6.9;53.1;124.0;312.7;0.2;271.0;0;4
6;111;11.1;32.4;79.0;297.4;0.1;271.0;0;4
6;112;20.0;17.9;45.0;288.9;0.1;271.0;0;4
6;113;30.2;11.8;27.0;285.3;0.0;271.0;0;4
6;114;43.0;8.3;20.0;283.4;0.0;271.0;0;4
6;115;47.1;7.5;19.0;280.6;0.0;271.0;0;4
6;116;50.9;7.0;19.0;281.3;0.0;271.0;0;4
6;117;42.9;8.2;19.0;278.6;0.0;271.0;0;4
6;118;47.1;7.5;19.0;280.6;0.0;271.0;0;4
6;119;54.1;6.5;18.0;279.7;0.0;271.0;0;4
6;120;54.1;6.5;18.0;279.7;0.0;271.0;0;4
6;121;69.4;5.1;15.0;276.7;0.0;271.0;0;4
6;122;67.6;5.2;15.0;276.0;0.0;271.0;0;4
6;123;72.6;4.9;14.0;280.0;0.0;271.0;0;4
6;124;59.8;5.9;19.0;278.6;0.0;271.0;0;4
6;125;47.1;7.5;19.0;280.6;0.0;271.0;0;4
6;126;64.3;5.5;13.0;277.3;0.0;271.0;0;4
6;127;50.9;7.0;19.0;281.3;0.0;271.0;0;4
6;128;65.5;5.4;15.0;279.1;0.0;271.0;0;4
6;129;64.7;5.4;12.0;276.4;0.0;271.0;0;4
6;130;73.7;4.8;13.0;279.0;0.0;271.0;0;4
6;131;71.3;5.0;13.0;278.9;0.0;271.0;0;4
6;132;100.0;0.9;2.0;273.7;0.0;271.0;0;4
6;133;100.0;0.6;2.0;273.9;0.0;271.0;0;4
6;134;nan;0.0;0.0;274.0;0.0;271.0;0;4
6;135;nan;0.0;0.0;274.0;0.0;271.0;0;4
6;136;nan;0.0;0.0;274.0;0.0;271.0;0;4
6;137;nan;0.0;0.0;274.0;0.0;271.0;0;4
6;138;nan;0.0;0.0;274.0;0.0;271.0;0;4
6;139;nan;0.0;0.0;274.0;0.0;271.0;0;4
6;140;nan;0.0;0.0;274.0;0.0;271.0;0;4
6;141;nan;0.0;0.0;274.0;0.0;271.0;0;4
6;142;nan;0.0;0.0;274.0;0.0;271.0;0;4
6;143;nan;0.0;0.0;274.0;0.0;271.0;0;4
6;144;nan;0.0;0.0;274.0;0.0;271.0;0;4
6;145;nan;0.0;0.0;274.0;0.0;271.0;0;4
6;146;nan;0.0;0.0;274.0;0.0;271.0;0;4
6;147;nan;0.0;0.0;274.0;0.0;271.0;0;4
6;148;nan;0.0;0.0;274.0;0.0;271.0;0;4
6;149;nan;0.0;0.0;274.0;0.0;271.0;0;4
7;0;6.6;69.2;165.0;392.1;0.2;280.0;1;1
7;1;6.9;64.9;157.0;381.1;0.2;278.0;1;2
7;2;6.9;67.4;161.0;393.1;0.2;278.0;0;2
7;3;6.4;72.7;176.0;399.0;0.2;278.0;0;2
7;4;6.1;76.4;180.0;398.3;0.2;273.0;1;3
7;5;8.5;50.8;140.0;363.6;0.1;273.0;0;3
7;6;7.9;55.6;137.0;372.0;0.1;273.0;0;3
7;7;6.5;71.1;161.0;397.9;0.2;273.0;0;3
7;8;6.8;67.0;162.0;386.9;0.2;273.0;0;3
7;9;7.2;61.7;150.0;378.4;0.2;273.0;0;3
7;10;7.9;53.8;130.0;359.6;0.1;273.0;0;3
7;11;8.5;50.1;143.0;355.4;0.1;273.0;0;3
7;12;7.6;58.0;145.0;374.6;0.2;273.0;0;3
7;13;8.1;53.6;129.0;364.4;0.1;273.0;0;3
7;14;8.7;49.5;115.0;361.4;0.1;273.0;0;3
7;15;9.4;44.9;112.0;352.0;0.1;273.0;0;3
7;16;11.8;34.1;85.0;332.7;0.1;273.0;0;3
7;17;15.0;26.5;67.0;324.7;0.1;273.0;0;3
7;18;15.7;25.0;69.0;319.0;0.1;273.0;0;3
7;19;17.3;22.1;60.0;310.6;0.1;273.0;0;3
7;20;31.1;11.9;27.0;294.1;0.0;273.0;0;3
7;21;20.4;18.4;44.0;302.4;0.1;273.0;0;3
7;22;13.7;27.7;62.0;309.6;0.1;273.0;0;3
7;23;50.7;7.2;17.0;287.6;0.0;273.0;0;3
7;24;100.0;2.8;8.0;282.1;0.0;273.0;0;3
7;25;nan;0.0;0.0;281.0;0.0;273.0;0;3
7;26;nan;0.0;0.0;281.0;0.0;273.0;0;3
7;27;nan;0.0;0.0;281.0;0.0;273.0;0;3
7;28;nan;0.0;0.0;281.0;0.0;273.0;0;3
7;29;nan;0.0;0.0;281.0;0.0;273.0;0;3
7;30;nan;0.0;0.0;281.0;0.0;273.0;0;3
7;31;nan;0.0;0.0;281.0;0.0;273.0;0;3
7;32;nan;0.0;0.0;281.0;0.0;273.0;0;3
7;33;nan;0.0;0.0;281.0;0.0;273.0;0;3
7;34;nan;0.0;0.0;281.0;0.0;273.0;0;3
7;35;nan;0.0;0.0;281.0;0.0;273.0;0;3
7;36;nan;0.0;0.0;281.0;0.0;273.0;0;3
7;37;nan;0.0;0.0;281.0;0.0;273.0;0;3
7;38;nan;0.0;0.0;281.0;0.0;273.0;0;3
7;39;nan;0.0;0.0;281.0;0.0;273.0;0;3
7;40;nan;0.0;0.0;281.0;0.0;273.0;0;3
7;41;nan;0.0;0.0;281.0;0.0;273.0;0;3
7;42;nan;0.0;0.0;281.0;0.0;273.0;0;3
7;43;nan;0.0;0.0;281.0;0.0;273.0;0;3
7;44;nan;0.0;0.0;281.0;0.0;273.0;0;3
7;45;nan;0.0;0.0;281.0;0.0;273.0;0;3
7;46;nan;0.0;0.0;281.0;0.0;273.0;0;3
7;47;nan;0.0;0.0;281.0;0.0;273.0;0;3
7;48;nan;0.0;0.0;281.0;0.0;273.0;0;3
7;49;nan;0.0;0.0;281.0;0.0;273.0;0;3
7;50;6.4;64.1;142.0;352.7;0.2;273.0;0;3
7;51;6.0;69.2;154.0;355.4;0.2;273.0;0;3
7;52;7.9;50.8;115.0;339.3;0.1;273.0;0;3
7;53;8.6;46.0;105.0;330.7;0.1;273.0;0;3
7;54;12.7;30.3;72.0;316.1;0.1;273.0;0;3
7;55;12.5;30.4;78.0;311.4;0.1;273.0;0;3
7;56;12.7;29.3;74.0;305.3;0.1;273.0;0;3
7;57;20.9;17.5;42.0;295.6;0.1;273.0;0;3
7;58;34.1;10.5;30.0;285.3;0.0;273.0;0;3
7;59;nan;0.0;0.0;281.0;0.0;273.0;0;3
7;60;nan;0.0;0.0;281.0;0.0;273.0;0;3
7;61;nan;0.0;0.0;281.0;0.0;273.0;0;3
7;62;nan;0.0;0.0;281.0;0.0;273.0;0;3
7;63;nan;0.0;0.0;281.0;0.0;273.0;0;3
7;64;nan;0.0;0.0;281.0;0.0;273.0;0;3
7;65;nan;0.0;0.0;281.0;0.0;273.0;0;3
7;66;nan;0.0;0.0;281.0;0.0;273.0;0;3
7;67;nan;0.0;0.0;281.0;0.0;273.0;0;3
7;68;nan;0.0;0.0;281.0;0.0;273.0;0;3
7;69;nan;0.0;0.0;281.0;0.0;273.0;0;3
7;70;nan;0.0;0.0;281.0;0.0;273.0;0;3
7;71;nan;0.0;0.0;281.0;0.0;273.0;0;3
7;72;nan;0.0;0.0;281.0;0.0;273.0;0;3
7;73;nan;0.0;0.0;281.0;0.0;273.0;0;3
7;74;nan;0.0;0.0;281.0;0.0;273.0;0;3
7;75;nan;0.0;0.0;281.0;0.0;273.0;0;3
7;76;nan;0.0;0.0;281.0;0.0;273.0;0;3
7;77;nan;0.0;0.0;281.0;0.0;273.0;0;3
7;78;nan;0.0;0.0;281.0;0.0;273.0;0;3
7;79;nan;0.0;0.0;281.0;0.0;273.0;0;3
7;80;nan;0.0;0.0;281.0;0.0;273.0;0;3
7;81;nan;0.0;0.0;281.0;0.0;273.0;0;3
7;82;nan;0.0;0.0;281.0;0.0;273.0;0;3
7;83;nan;0.0;0.0;281.0;0.0;273.0;0;3
7;84;nan;0.0;0.0;281.0;0.0;273.0;0;3
7;85;nan;0.0;0.0;281.0;0.0;273.0;0;3
7;86;nan;0.0;0.0;281.0;0.0;273.0;0;3
7;87;nan;0.0;0.0;281.0;0.0;273.0;0;3
7;88;nan;0.0;0.0;281.0;0.0;273.0;0;3
7;89;nan;0.0;0.0;281.0;0.0;273.0;0;3
7;90;nan;0.0;0.0;281.0;0.0;273.0;0;3
7;91;nan;0.0;0.0;281.0;0.0;273.0;0;3
7;92;nan;0.0;0.0;281.0;0.0;273.0;0;3
7;93;nan;0.0;0.0;281.0;0.0;273.0;0;3
7;94;nan;0.0;0.0;281.0;0.0;273.0;0;3
7;95;8.9;41.4;97.0;309.7;0.1;273.0;0;3
7;96;7.5;49.2;119.0;313.4;0.2;273.0;0;3
7;97;8.3;44.2;102.0;307.3;0.1;273.0;0;3
7;98;7.9;46.8;112.0;310.7;0.2;273.0;0;3
7;99;8.0;44.9;104.0;304.3;0.1;273.0;0;3
7;100;9.2;39.3;96.0;303.3;0.1;273.0;0;3
7;101;12.8;27.9;73.0;294.3;0.1;272.0;1;4
7;102;11.9;30.8;74.0;301.0;0.1;272.0;0;4
7;103;11.0;32.7;80.0;298.6;0.1;272.0;0;4
7;104;8.8;41.7;96.0;308.1;0.1;272.0;0;4
7;105;8.4;43.3;103.0;306.7;0.1;272.0;0;4
7;106;11.2;32.3;78.0;298.6;0.1;272.0;0;4
7;107;8.9;41.1;102.0;306.0;0.1;272.0;0;4
7;108;7.9;46.6;107.0;308.4;0.2;272.0;0;4
7;109;7.2;51.5;122.0;314.7;0.2;272.0;0;4
7;110;6.7;54.9;124.0;313.3;0.2;272.0;0;4
7;111;8.8;41.1;95.0;304.1;0.1;272.0;0;4
7;112;10.4;34.9;90.0;301.7;0.1;272.0;0;4
7;113;10.5;34.1;92.0;296.4;0.1;272.0;0;4
7;114;100.0;2.7;6.0;277.7;0.0;272.0;0;4
7;115;nan;0.0;0.0;276.0;0.0;272.0;0;4
7;116;nan;0.0;0.0;276.0;0.0;272.0;0;4
7;117;nan;0.0;0.0;276.0;0.0;272.0;0;4
7;118;nan;0.0;0.0;276.0;0.0;272.0;0;4
7;119;nan;0.0;0.0;276.0;0.0;272.0;0;4
7;120;nan;0.0;0.0;276.0;0.0;272.0;0;4
7;121;nan;0.0;0.0;276.0;0.0;272.0;0;4
7;122;nan;0.0;0.0;276.0;0.0;272.0;0;4
7;123;nan;0.0;0.0;276.0;0.0;272.0;0;4
7;124;nan;0.0;0.0;276.0;0.0;272.0;0;4
7;125;nan;0.0;0.0;276.0;0.0;272.0;0;4
7;126;nan;0.0;0.0;276.0;0.0;272.0;0;4
7;127;nan;0.0;0.0;276.0;0.0;272.0;0;4
7;128;nan;0.0;0.0;276.0;0.0;272.0;0;4
7;129;nan;0.0;0.0;276.0;0.0;272.0;0;4
7;130;nan;0.0;0.0;276.0;0.0;272.0;0;4
7;131;nan;0.0;0.0;276.0;0.0;272.0;0;4
7;132;nan;0.0;0.0;276.0;0.0;272.0;0;4
7;133;nan;0.0;0.0;276.0;0.0;272.0;0;4
7;134;nan;0.0;0.0;276.0;0.0;272.0;0;4
7;135;nan;0.0;0.0;276.0;0.0;272.0;0;4
7;136;nan;0.0;0.0;276.0;0.0;272.0;0;4
7;137;nan;0.0;0.0;276.0;0.0;272.0;0;4
7;138;nan;0.0;0.0;276.0;0.0;272.0;0;4
7;139;nan;0.0;0.0;276.0;0.0;272.0;0;4
7;140;nan;0.0;0.0;276.0;0.0;272.0;0;4
7;141;nan;0.0;0.0;276.0;0.0;272.0;0;4
7;142;nan;0.0;0.0;276.0;0.0;272.0;0;4
7;143;nan;0.0;0.0;276.0;0.0;272.0;0;4
7;144;nan;0.0;0.0;276.0;0.0;272.0;0;4
7;145;nan;0.0;0.0;276.0;0.0;272.0;0;4
7;146;nan;0.0;0.0;276.0;0.0;272.0;0;4
7;147;8.2;43.0;128.0;297.0;0.1;272.0;0;4
7;148;8.4;41.6;124.0;295.3;0.1;272.0;0;4
7;149;9.5;37.0;108.0;292.6;0.1;272.0;0;4
8;0;6.3;74.1;176.0;398.0;0.2;278.0;1;1
8;1;6.8;66.9;171.0;387.9;0.2;278.0;0;1
8;2;6.0;78.7;189.0;407.3;0.2;278.0;0;1
8;3;6.1;77.0;184.0;401.9;0.2;276.0;1;2
8;4;6.2;74.3;177.0;397.3;0.2;273.0;1;3
8;5;7.5;59.1;155.0;373.0;0.2;273.0;0;3
8;6;7.9;56.4;137.0;373.9;0.2;273.0;0;3
8;7;8.1;53.7;143.0;364.1;0.1;273.0;0;3
8;8;6.8;65.4;162.0;378.6;0.2;273.0;0;3
8;9;8.7;50.2;117.0;366.0;0.1;273.0;0;3
8;10;7.5;58.6;143.0;370.0;0.2;273.0;0;3
8;11;7.8;55.6;148.0;364.6;0.2;273.0;0;3
8;12;9.7;43.4;106.0;351.1;0.1;273.0;0;3
8;13;9.1;46.4;119.0;354.0;0.1;273.0;0;3
8;14;8.3;52.0;130.0;362.1;0.1;273.0;0;3
8;15;9.1;46.6;114.0;356.0;0.1;273.0;0;3
8;16;11.4;35.1;88.0;331.1;0.1;273.0;0;3
8;17;10.8;38.2;97.0;341.7;0.1;273.0;0;3
8;18;11.0;36.8;89.0;334.6;0.1;273.0;0;3
8;19;12.7;31.4;75.0;326.9;0.1;273.0;0;3
8;20;10.1;37.9;83.0;319.3;0.1;273.0;0;3
8;21;11.1;35.0;78.0;320.1;0.1;273.0;0;3
8;22;14.4;26.4;61.0;309.9;0.1;273.0;0;3
8;23;12.9;29.0;76.0;307.6;0.1;273.0;0;3
8;24;16.9;22.4;60.0;307.6;0.1;273.0;0;3
8;25;12.5;30.6;73.0;314.1;0.1;273.0;0;3
8;26;12.7;30.2;71.0;314.6;0.1;273.0;0;3
8;27;18.8;19.7;48.0;298.9;0.1;273.0;0;3
8;28;14.8;25.4;62.0;306.9;0.1;273.0;0;3
8;29;11.8;32.5;71.0;315.7;0.1;273.0;0;3
8;30;11.9;31.8;72.0;310.9;0.1;271.0;1;4
8;31;17.2;21.6;53.0;302.3;0.1;271.0;0;4
8;32;17.9;20.7;50.0;300.7;0.1;271.0;0;4
8;33;15.8;23.2;50.0;298.3;0.1;271.0;0;4
8;34;16.1;23.0;50.0;301.3;0.1;271.0;0;4
8;35;100.0;1.6;5.0;274.1;0.0;271.0;0;4
8;36;100.0;0.5;1.0;273.6;0.0;271.0;0;4
8;37;100.0;0.5;1.0;273.6;0.0;271.0;0;4
8;38;100.0;0.5;1.0;273.6;0.0;271.0;0;4
8;39;100.0;0.5;1.0;273.6;0.0;271.0;0;4
8;40;100.0;0.5;1.0;273.6;0.0;271.0;0;4
8;41;100.0;0.5;1.0;273.6;0.0;271.0;0;4
8;42;100.0;0.5;1.0;273.6;0.0;271.0;0;4
8;43;100.0;0.5;1.0;273.6;0.0;271.0;0;4
8;44;100.0;0.5;1.0;273.6;0.0;271.0;0;4
8;45;100.0;0.5;1.0;273.6;0.0;271.0;0;4
8;46;100.0;0.5;1.0;273.6;0.0;271.0;0;4
8;47;100.0;0.5;1.0;273.6;0.0;271.0;0;4
8;48;100.0;0.5;1.0;273.6;0.0;271.0;0;4
8;49;100.0;0.5;1.0;273.6;0.0;271.0;0;4
8;50;100.0;0.5;1.0;273.6;0.0;271.0;0;4
8;51;100.0;0.5;1.0;273.6;0.0;271.0;0;4
8;52;100.0;0.5;1.0;273.6;0.0;271.0;0;4
8;53;100.0;0.5;1.0;273.6;0.0;271.0;0;4
8;54;100.0;0.5;1.0;273.4;0.0;271.0;0;4
8;55;100.0;0.5;1.0;273.4;0.0;271.0;0;4
8;56;100.0;0.5;1.0;273.4;0.0;271.0;0;4
8;57;100.0;0.5;1.0;273.4;0.0;271.0;0;4
8;58;100.0;0.5;1.0;273.4;0.0;271.0;0;4
8;59;100.0;0.5;1.0;273.4;0.0;271.0;0;4
8;60;100.0;0.5;1.0;273.4;0.0;271.0;0;4
8;61;100.0;0.5;1.0;273.4;0.0;271.0;0;4
8;62;100.0;0.5;1.0;273.4;0.0;271.0;0;4
8;63;100.0;0.5;1.0;273.4;0.0;271.0;0;4
8;64;100.0;0.5;1.0;273.4;0.0;271.0;0;4
8;65;100.0;0.5;1.0;273.4;0.0;271.0;0;4
8;66;100.0;0.5;1.0;273.4;0.0;271.0;0;4
8;67;100.0;0.5;1.0;273.4;0.0;271.0;0;4
8;68;100.0;0.5;1.0;273.4;0.0;271.0;0;4
8;69;78.5;4.5;13.0;275.1;0.0;271.0;0;4
8;70;61.0;5.8;13.0;279.4;0.0;271.0;0;4
8;71;100.0;0.5;1.0;273.4;0.0;271.0;0;4
8;72;100.0;0.5;1.0;273.4;0.0;271.0;0;4
8;73;100.0;0.5;1.0;273.4;0.0;271.0;0;4
8;74;100.0;0.5;1.0;273.4;0.0;271.0;0;4
8;75;78.5;4.5;13.0;275.1;0.0;271.0;0;4
8;76;6.1;63.6;132.0;334.9;0.2;271.0;0;4
8;77;7.7;50.0;112.0;323.6;0.2;271.0;0;4
8;78;7.2;52.9;117.0;324.4;0.2;271.0;0;4
8;79;9.5;39.2;92.0;312.1;0.1;271.0;0;4
8;80;15.7;23.0;50.0;293.9;0.1;271.0;0;4
8;81;22.7;15.7;45.0;287.0;0.1;271.0;0;4
8;82;40.4;8.7;18.0;280.6;0.0;271.0;0;4
8;83;66.8;5.3;13.0;277.0;0.0;271.0;0;4
8;84;100.0;0.7;2.0;273.6;0.0;271.0;0;4
8;85;100.0;0.5;1.0;273.4;0.0;271.0;0;4
8;86;100.0;0.5;1.0;273.3;0.0;271.0;0;4
8;87;100.0;0.5;1.0;273.3;0.0;271.0;0;4
8;88;100.0;0.5;1.0;273.3;0.0;271.0;0;4
8;89;100.0;1.0;3.0;273.6;0.0;271.0;0;4
8;90;60.6;5.8;13.0;276.9;0.0;271.0;0;4
8;91;100.0;0.5;1.0;273.4;0.0;271.0;0;4
8;92;100.0;0.5;1.0;273.4;0.0;271.0;0;4
8;93;100.0;0.5;1.0;273.4;0.0;271.0;0;4
8;94;100.0;0.5;1.0;273.4;0.0;271.0;0;4
8;95;100.0;2.1;6.0;274.0;0.0;271.0;0;4
8;96;84.1;4.2;12.0;274.9;0.0;271.0;0;4
8;97;64.3;5.5;13.0;277.6;0.0;271.0;0;4
8;98;59.7;5.9;13.0;276.7;0.0;271.0;0;4
8;99;61.7;5.7;13.0;277.1;0.0;271.0;0;4
8;100;64.3;5.5;13.0;277.6;0.0;271.0;0;4
8;101;59.7;5.9;13.0;276.7;0.0;271.0;0;4
8;102;61.7;5.7;13.0;277.1;0.0;271.0;0;4
8;103;64.3;5.5;13.0;277.6;0.0;271.0;0;4
8;104;64.3;5.5;13.0;277.6;0.0;271.0;0;4
8;105;72.2;4.9;13.0;278.4;0.0;271.0;0;4
8;106;100.0;0.5;1.0;273.3;0.0;271.0;0;4
8;107;77.6;4.5;13.0;275.0;0.0;271.0;0;4
8;108;100.0;0.5;1.0;273.3;0.0;271.0;0;4
8;109;64.3;5.5;13.0;277.6;0.0;271.0;0;4
8;110;61.7;5.7;13.0;277.1;0.0;271.0;0;4
8;111;100.0;0.5;1.0;273.3;0.0;271.0;0;4
8;112;64.7;5.4;13.0;277.7;0.0;271.0;0;4
8;113;67.7;5.2;13.0;278.0;0.0;271.0;0;4
8;114;64.3;5.5;13.0;277.6;0.0;271.0;0;4
8;115;64.3;5.5;13.0;277.6;0.0;271.0;0;4
8;116;67.7;5.2;13.0;278.0;0.0;271.0;0;4
8;117;100.0;3.5;10.0;274.6;0.0;271.0;0;4
8;118;77.6;4.5;13.0;275.0;0.0;271.0;0;4
8;119;82.5;4.3;13.0;276.1;0.0;271.0;0;4
8;120;79.7;4.4;13.0;275.7;0.0;271.0;0;4
8;121;8.6;42.7;108.0;306.4;0.1;271.0;0;4
8;122;7.9;47.0;123.0;312.1;0.2;271.0;0;4
8;123;7.5;48.8;114.0;310.4;0.2;271.0;0;4
8;124;8.4;43.5;103.0;306.7;0.1;271.0;0;4
8;125;7.5;48.7;115.0;309.7;0.2;271.0;0;4
8;126;7.2;49.8;122.0;306.0;0.2;271.0;0;4
8;127;15.4;23.4;56.0;293.1;0.1;271.0;0;4
8;128;12.8;28.0;68.0;294.6;0.1;271.0;0;4
8;129;11.8;30.2;72.0;295.1;0.1;271.0;0;4
8;130;12.0;29.7;68.0;292.3;0.1;271.0;0;4
8;131;14.4;24.8;59.0;292.4;0.1;271.0;0;4
8;132;16.8;21.5;51.0;293.3;0.1;271.0;0;4
8;133;15.6;22.4;68.0;284.4;0.1;271.0;0;4
8;134;14.4;23.8;68.0;280.7;0.1;271.0;0;4
8;135;14.9;23.2;68.0;282.6;0.1;271.0;0;4
8;136;100.0;2.4;7.0;277.0;0.0;271.0;0;4
8;137;98.0;3.6;12.0;275.4;0.0;271.0;0;4
8;138;86.3;4.1;12.0;274.9;0.0;271.0;0;4
8;139;100.0;3.2;12.0;276.3;0.0;271.0;0;4
8;140;100.0;1.0;3.0;271.4;0.0;271.0;0;4
8;141;93.9;3.7;12.0;275.6;0.0;271.0;0;4
8;142;nan;0.0;0.0;271.0;0.0;271.0;0;4
8;143;nan;0.0;0.0;271.0;0.0;271.0;0;4
8;144;nan;0.0;0.0;271.0;0.0;271.0;0;4
8;145;nan;0.0;0.0;271.0;0.0;271.0;0;4
8;146;nan;0.0;0.0;271.0;0.0;271.0;0;4
8;147;nan;0.0;0.0;271.0;0.0;271.0;0;4
8;148;nan;0.0;0.0;271.0;0.0;271.0;0;4
8;149;nan;0.0;0.0;271.0;0.0;271.0;0;4
9;0;6.2;74.0;176.0;394.6;0.2;276.0;1;1
9;1;6.5;70.8;184.0;395.3;0.2;276.0;0;1
9;2;6.5;70.8;162.0;392.9;0.2;276.0;0;1
9;3;6.7;68.3;160.0;392.6;0.2;276.0;0;1
9;4;6.3;71.7;176.0;389.3;0.2;276.0;0;1
9;5;7.4;60.4;143.0;379.0;0.2;276.0;0;1
9;6;7.3;61.2;144.0;378.0;0.2;276.0;0;1
9;7;6.5;69.5;172.0;385.1;0.2;276.0;0;1
9;8;6.8;66.4;155.0;386.3;0.2;276.0;0;1
9;9;7.6;57.8;141.0;373.3;0.2;276.0;0;1
9;10;8.0;54.5;138.0;368.9;0.1;276.0;0;1
9;11;8.4;51.6;125.0;364.7;0.1;276.0;0;1
9;12;7.8;55.0;132.0;362.3;0.2;274.0;1;2
9;13;9.3;45.5;116.0;352.1;0.1;274.0;0;2
9;14;11.0;38.1;93.0;347.4;0.1;274.0;0;2
9;15;10.6;39.0;105.0;341.6;0.1;274.0;0;2
9;16;11.5;35.4;82.0;336.0;0.1;274.0;0;2
9;17;10.1;40.5;105.0;341.0;0.1;274.0;0;2
9;18;12.0;32.6;84.0;321.1;0.1;271.0;1;3
9;19;13.8;28.5;81.0;321.4;0.1;271.0;0;3
9;20;13.0;29.4;68.0;314.1;0.1;271.0;0;3
9;21;11.6;33.0;78.0;315.4;0.1;271.0;0;3
9;22;13.0;29.3;73.0;313.9;0.1;271.0;0;3
9;23;19.1;19.3;49.0;298.3;0.1;271.0;0;3
9;24;35.3;10.3;26.0;288.6;0.0;271.0;0;3
9;25;26.2;14.0;34.0;294.7;0.0;271.0;0;3
9;26;90.4;3.9;9.0;278.3;0.0;271.0;0;3
9;27;79.7;4.5;9.0;279.1;0.0;271.0;0;3
9;28;79.7;4.5;9.0;279.1;0.0;271.0;0;3
9;29;89.5;4.0;9.0;278.4;0.0;271.0;0;3
9;30;100.0;2.5;5.0;276.9;0.0;271.0;0;3
9;31;79.7;4.5;9.0;279.1;0.0;271.0;0;3
9;32;100.0;2.5;5.0;276.9;0.0;271.0;0;3
9;33;100.0;2.3;5.0;276.0;0.0;271.0;0;3
9;34;nan;0.0;0.0;274.0;0.0;271.0;0;3
9;35;nan;0.0;0.0;274.0;0.0;271.0;0;3
9;36;nan;0.0;0.0;274.0;0.0;271.0;0;3
9;37;nan;0.0;0.0;274.0;0.0;271.0;0;3
9;38;nan;0.0;0.0;274.0;0.0;271.0;0;3
9;39;nan;0.0;0.0;274.0;0.0;271.0;0;3
9;40;nan;0.0;0.0;274.0;0.0;271.0;0;3
9;41;nan;0.0;0.0;274.0;0.0;271.0;0;3
9;42;nan;0.0;0.0;274.0;0.0;271.0;0;3
9;43;nan;0.0;0.0;274.0;0.0;271.0;0;3
9;44;nan;0.0;0.0;274.0;0.0;271.0;0;3
9;45;nan;0.0;0.0;274.0;0.0;271.0;0;3
9;46;nan;0.0;0.0;274.0;0.0;271.0;0;3
9;47;nan;0.0;0.0;274.0;0.0;271.0;0;3
9;48;nan;0.0;0.0;274.0;0.0;271.0;0;3
9;49;nan;0.0;0.0;274.0;0.0;271.0;0;3
9;50;nan;0.0;0.0;274.0;0.0;271.0;0;3
9;51;nan;0.0;0.0;274.0;0.0;271.0;0;3
9;52;nan;0.0;0.0;274.0;0.0;271.0;0;3
9;53;nan;0.0;0.0;274.0;0.0;271.0;0;3
9;54;nan;0.0;0.0;274.0;0.0;271.0;0;3
9;55;nan;0.0;0.0;274.0;0.0;271.0;0;3
9;56;nan;0.0;0.0;274.0;0.0;271.0;0;3
9;57;nan;0.0;0.0;274.0;0.0;271.0;0;3
9;58;nan;0.0;0.0;274.0;0.0;271.0;0;3
9;59;nan;0.0;0.0;274.0;0.0;271.0;0;3
9;60;nan;0.0;0.0;274.0;0.0;271.0;0;3
9;61;nan;0.0;0.0;274.0;0.0;271.0;0;3
9;62;nan;0.0;0.0;274.0;0.0;271.0;0;3
9;63;nan;0.0;0.0;274.0;0.0;271.0;0;3
9;64;10.3;36.5;83.0;310.6;0.1;271.0;0;3
9;65;15.8;23.0;52.0;296.1;0.1;271.0;0;3
9;66;14.4;25.9;64.0;305.3;0.1;271.0;0;3
9;67;12.1;30.6;78.0;303.4;0.1;271.0;0;3
9;68;19.0;19.1;45.0;293.4;0.1;271.0;0;3
9;69;53.0;6.7;17.0;279.3;0.0;271.0;0;3
9;70;83.5;4.2;12.0;275.7;0.0;271.0;0;3
9;71;100.0;2.5;7.0;275.4;0.0;271.0;0;3
9;72;100.0;1.7;5.0;274.7;0.0;271.0;0;3
9;73;nan;0.0;0.0;274.0;0.0;271.0;0;3
9;74;nan;0.0;0.0;274.0;0.0;271.0;0;3
9;75;nan;0.0;0.0;274.0;0.0;271.0;0;3
9;76;nan;0.0;0.0;274.0;0.0;271.0;0;3
9;77;nan;0.0;0.0;274.0;0.0;271.0;0;3
9;78;nan;0.0;0.0;274.0;0.0;271.0;0;3
9;79;nan;0.0;0.0;274.0;0.0;271.0;0;3
9;80;nan;0.0;0.0;274.0;0.0;271.0;0;3
9;81;nan;0.0;0.0;274.0;0.0;271.0;0;3
9;82;nan;0.0;0.0;274.0;0.0;271.0;0;3
9;83;nan;0.0;0.0;274.0;0.0;271.0;0;3
9;84;nan;0.0;0.0;274.0;0.0;271.0;0;3
9;85;nan;0.0;0.0;274.0;0.0;271.0;0;3
9;86;nan;0.0;0.0;274.0;0.0;271.0;0;3
9;87;nan;0.0;0.0;274.0;0.0;271.0;0;3
9;88;nan;0.0;0.0;274.0;0.0;271.0;0;3
9;89;nan;0.0;0.0;274.0;0.0;271.0;0;3
9;90;nan;0.0;0.0;274.0;0.0;271.0;0;3
9;91;nan;0.0;0.0;274.0;0.0;271.0;0;3
9;92;nan;0.0;0.0;274.0;0.0;271.0;0;3
9;93;nan;0.0;0.0;274.0;0.0;271.0;0;3
9;94;nan;0.0;0.0;274.0;0.0;271.0;0;3
9;95;nan;0.0;0.0;274.0;0.0;271.0;0;3
9;96;nan;0.0;0.0;274.0;0.0;271.0;0;3
9;97;nan;0.0;0.0;274.0;0.0;271.0;0;3
9;98;nan;0.0;0.0;274.0;0.0;271.0;0;3
9;99;nan;0.0;0.0;274.0;0.0;271.0;0;3
9;100;nan;0.0;0.0;274.0;0.0;271.0;0;3
9;101;nan;0.0;0.0;274.0;0.0;271.0;0;3
9;102;nan;0.0;0.0;274.0;0.0;271.0;0;3
9;103;nan;0.0;0.0;274.0;0.0;271.0;0;3
9;104;nan;0.0;0.0;274.0;0.0;271.0;0;3
9;105;nan;0.0;0.0;274.0;0.0;271.0;0;3
9;106;nan;0.0;0.0;274.0;0.0;271.0;0;3
9;107;nan;0.0;0.0;274.0;0.0;271.0;0;3
9;108;nan;0.0;0.0;274.0;0.0;271.0;0;3
9;109;11.1;32.3;77.0;297.4;0.1;271.0;0;3
9;110;33.3;10.6;30.0;279.9;0.0;271.0;0;3
9;111;100.0;3.1;9.0;275.3;0.0;271.0;0;3
9;112;100.0;2.8;7.0;275.7;0.0;271.0;0;3
9;113;nan;0.0;0.0;274.0;0.0;271.0;0;3
9;114;nan;0.0;0.0;274.0;0.0;271.0;0;3
9;115;nan;0.0;0.0;274.0;0.0;271.0;0;3
9;116;nan;0.0;0.0;274.0;0.0;271.0;0;3
9;117;nan;0.0;0.0;274.0;0.0;271.0;0;3
9;118;nan;0.0;0.0;274.0;0.0;271.0;0;3
9;119;nan;0.0;0.0;274.0;0.0;271.0;0;3
9;120;nan;0.0;0.0;274.0;0.0;271.0;0;3
9;121;nan;0.0;0.0;274.0;0.0;271.0;0;3
9;122;nan;0.0;0.0;274.0;0.0;271.0;0;3
9;123;nan;0.0;0.0;274.0;0.0;271.0;0;3
9;124;nan;0.0;0.0;274.0;0.0;271.0;0;3
9;125;nan;0.0;0.0;274.0;0.0;271.0;0;3
9;126;nan;0.0;0.0;274.0;0.0;271.0;0;3
9;127;nan;0.0;0.0;274.0;0.0;271.0;0;3
9;128;nan;0.0;0.0;274.0;0.0;271.0;0;3
9;129;nan;0.0;0.0;274.0;0.0;271.0;0;3
9;130;nan;0.0;0.0;274.0;0.0;271.0;0;3
9;131;nan;0.0;0.0;274.0;0.0;271.0;0;3
9;132;nan;0.0;0.0;274.0;0.0;271.0;0;3
9;133;nan;0.0;0.0;274.0;0.0;271.0;0;3
9;134;nan;0.0;0.0;274.0;0.0;271.0;0;3
9;135;nan;0.0;0.0;274.0;0.0;271.0;0;3
9;136;nan;0.0;0.0;274.0;0.0;271.0;0;3
9;137;nan;0.0;0.0;274.0;0.0;271.0;0;3
9;138;nan;0.0;0.0;274.0;0.0;271.0;0;3
9;139;nan;0.0;0.0;274.0;0.0;271.0;0;3
9;140;nan;0.0;0.0;274.0;0.0;271.0;0;3
9;141;nan;0.0;0.0;274.0;0.0;271.0;0;3
9;142;nan;0.0;0.0;274.0;0.0;271.0;0;3
9;143;nan;0.0;0.0;274.0;0.0;271.0;0;3
9;144;nan;0.0;0.0;274.0;0.0;271.0;0;3
9;145;nan;0.0;0.0;274.0;0.0;271.0;0;3
9;146;nan;0.0;0.0;274.0;0.0;271.0;0;3
9;147;nan;0.0;0.0;274.0;0.0;271.0;0;3
9;148;nan;0.0;0.0;274.0;0.0;271.0;0;3
9;149;nan;0.0;0.0;274.0;0.0;271.0;0;3
10;0;7.1;63.6;153.0;382.4;0.2;277.0;1;1
10;1;8.0;55.5;141.0;372.7;0.1;277.0;0;1
10;2;6.4;73.8;181.0;405.0;0.2;277.0;0;1
10;3;5.9;80.7;204.0;406.9;0.2;277.0;0;1
10;4;6.8;68.0;158.0;392.3;0.2;277.0;0;1
10;5;6.9;64.2;170.0;377.4;0.2;277.0;0;1
10;6;7.1;62.8;161.0;380.7;0.2;277.0;0;1
10;7;6.8;67.8;160.0;394.3;0.2;277.0;0;1
10;8;7.0;63.7;157.0;380.0;0.2;277.0;0;1
10;9;8.4;51.6;127.0;365.9;0.1;277.0;0;1
10;10;8.1;54.1;130.0;368.1;0.1;277.0;0;1
10;11;7.7;56.9;145.0;370.0;0.2;274.0;1;2
10;12;7.8;56.0;131.0;368.3;0.2;274.0;0;2
10;13;8.4;51.4;134.0;361.3;0.1;274.0;0;2
10;14;9.6;43.3;121.0;346.1;0.1;274.0;0;2
10;15;8.8;48.8;113.0;359.0;0.1;274.0;0;2
10;16;8.4;51.1;122.0;360.7;0.1;274.0;0;2
10;17;11.3;35.5;82.0;333.0;0.1;274.0;0;2
10;18;10.0;41.3;109.0;344.0;0.1;271.0;1;3
10;19;11.0;37.0;94.0;336.9;0.1;271.0;0;3
10;20;9.6;40.2;93.0;322.1;0.1;271.0;0;3
10;21;13.9;27.1;63.0;307.6;0.1;271.0;0;3
10;22;18.7;19.8;48.0;298.4;0.1;271.0;0;3
10;23;30.7;11.7;27.0;287.6;0.0;271.0;0;3
10;24;53.9;6.6;16.0;279.1;0.0;271.0;0;3
10;25;95.6;3.7;9.0;274.3;0.0;271.0;0;3
10;26;nan;0.0;0.0;272.0;0.0;271.0;0;3
10;27;nan;0.0;0.0;272.0;0.0;271.0;0;3
10;28;nan;0.0;0.0;272.0;0.0;271.0;0;3
10;29;nan;0.0;0.0;272.0;0.0;271.0;0;3
10;30;nan;0.0;0.0;272.0;0.0;271.0;0;3
10;31;nan;0.0;0.0;272.0;0.0;271.0;0;3
10;32;nan;0.0;0.0;272.0;0.0;271.0;0;3
10;33;nan;0.0;0.0;272.0;0.0;271.0;0;3
10;34;nan;0.0;0.0;272.0;0.0;271.0;0;3
10;35;nan;0.0;0.0;272.0;0.0;271.0;0;3
10;36;nan;0.0;0.0;272.0;0.0;271.0;0;3
10;37;nan;0.0;0.0;272.0;0.0;271.0;0;3
10;38;nan;0.0;0.0;272.0;0.0;271.0;0;3
10;39;nan;0.0;0.0;272.0;0.0;271.0;0;3
10;40;nan;0.0;0.0;272.0;0.0;271.0;0;3
10;41;nan;0.0;0.0;272.0;0.0;271.0;0;3
10;42;nan;0.0;0.0;272.0;0.0;271.0;0;3
10;43;nan;0.0;0.0;272.0;0.0;271.0;0;3
10;44;nan;0.0;0.0;272.0;0.0;271.0;0;3
10;45;nan;0.0;0.0;272.0;0.0;271.0;0;3
10;46;nan;0.0;0.0;272.0;0.0;271.0;0;3
10;47;nan;0.0;0.0;272.0;0.0;271.0;0;3
10;48;nan;0.0;0.0;272.0;0.0;271.0;0;3
10;49;nan;0.0;0.0;272.0;0.0;271.0;0;3
10;50;nan;0.0;0.0;272.0;0.0;271.0;0;3
10;51;nan;0.0;0.0;272.0;0.0;271.0;0;3
10;52;nan;0.0;0.0;272.0;0.0;271.0;0;3
10;53;nan;0.0;0.0;272.0;0.0;271.0;0;3
10;54;nan;0.0;0.0;272.0;0.0;271.0;0;3
10;55;nan;0.0;0.0;272.0;0.0;271.0;0;3
10;56;nan;0.0;0.0;272.0;0.0;271.0;0;3
10;57;nan;0.0;0.0;272.0;0.0;271.0;0;3
10;58;nan;0.0;0.0;272.0;0.0;271.0;0;3
10;59;nan;0.0;0.0;272.0;0.0;271.0;0;3
10;60;nan;0.0;0.0;272.0;0.0;271.0;0;3
10;61;nan;0.0;0.0;272.0;0.0;271.0;0;3
10;62;nan;0.0;0.0;272.0;0.0;271.0;0;3
10;63;nan;0.0;0.0;272.0;0.0;271.0;0;3
10;64;7.0;54.5;124.0;325.7;0.2;271.0;0;3
10;65;9.0;42.4;93.0;319.6;0.1;271.0;0;3
10;66;9.5;39.2;87.0;311.7;0.1;271.0;0;3
10;67;10.3;35.8;83.0;304.7;0.1;271.0;0;3
10;68;12.5;29.5;68.0;302.4;0.1;271.0;0;3
10;69;38.0;9.3;22.0;281.0;0.0;271.0;0;3
10;70;90.4;3.8;11.0;273.6;0.0;271.0;0;3
10;71;100.0;2.4;7.0;273.7;0.0;271.0;0;3
10;72;nan;0.0;0.0;272.0;0.0;271.0;0;3
10;73;nan;0.0;0.0;272.0;0.0;271.0;0;3
10;74;nan;0.0;0.0;272.0;0.0;271.0;0;3
10;75;nan;0.0;0.0;272.0;0.0;271.0;0;3
10;76;nan;0.0;0.0;272.0;0.0;271.0;0;3
10;77;nan;0.0;0.0;272.0;0.0;271.0;0;3
10;78;nan;0.0;0.0;272.0;0.0;271.0;0;3
10;79;nan;0.0;0.0;272.0;0.0;271.0;0;3
10;80;nan;0.0;0.0;272.0;0.0;271.0;0;3
10;81;nan;0.0;0.0;272.0;0.0;271.0;0;3
10;82;nan;0.0;0.0;272.0;0.0;271.0;0;3
10;83;nan;0.0;0.0;272.0;0.0;271.0;0;3
10;84;nan;0.0;0.0;272.0;0.0;271.0;0;3
10;85;nan;0.0;0.0;272.0;0.0;271.0;0;3
10;86;nan;0.0;0.0;272.0;0.0;271.0;0;3
10;87;nan;0.0;0.0;272.0;0.0;271.0;0;3
10;88;nan;0.0;0.0;272.0;0.0;271.0;0;3
10;89;nan;0.0;0.0;272.0;0.0;271.0;0;3
10;90;nan;0.0;0.0;272.0;0.0;271.0;0;3
10;91;nan;0.0;0.0;272.0;0.0;271.0;0;3
10;92;nan;0.0;0.0;272.0;0.0;271.0;0;3
10;93;nan;0.0;0.0;272.0;0.0;271.0;0;3
10;94;nan;0.0;0.0;272.0;0.0;271.0;0;3
10;95;nan;0.0;0.0;272.0;0.0;271.0;0;3
10;96;nan;0.0;0.0;272.0;0.0;271.0;0;3
10;97;nan;0.0;0.0;272.0;0.0;271.0;0;3
10;98;nan;0.0;0.0;272.0;0.0;271.0;0;3
10;99;nan;0.0;0.0;272.0;0.0;271.0;0;3
10;100;nan;0.0;0.0;272.0;0.0;271.0;0;3
10;101;nan;0.0;0.0;272.0;0.0;271.0;0;3
10;102;nan;0.0;0.0;272.0;0.0;271.0;0;3
10;103;nan;0.0;0.0;272.0;0.0;271.0;0;3
10;104;nan;0.0;0.0;272.0;0.0;271.0;0;3
10;105;nan;0.0;0.0;272.0;0.0;271.0;0;3
10;106;nan;0.0;0.0;272.0;0.0;271.0;0;3
10;107;nan;0.0;0.0;272.0;0.0;271.0;0;3
10;108;100.0;0.3;1.0;271.9;0.0;271.0;0;3
10;109;20.0;17.8;45.0;287.3;0.1;271.0;0;3
10;110;14.1;25.0;59.0;288.7;0.1;271.0;0;3
10;111;25.7;13.8;34.0;284.6;0.0;271.0;0;3
10;112;26.6;13.2;32.0;281.6;0.0;271.0;0;3
10;113;49.7;7.0;20.0;275.9;0.0;271.0;0;3
10;114;nan;0.0;0.0;272.0;0.0;271.0;0;3
10;115;nan;0.0;0.0;272.0;0.0;271.0;0;3
10;116;nan;0.0;0.0;272.0;0.0;271.0;0;3
10;117;nan;0.0;0.0;272.0;0.0;271.0;0;3
10;118;nan;0.0;0.0;272.0;0.0;271.0;0;3
10;119;nan;0.0;0.0;272.0;0.0;271.0;0;3
10;120;nan;0.0;0.0;272.0;0.0;271.0;0;3
10;121;nan;0.0;0.0;272.0;0.0;271.0;0;3
10;122;nan;0.0;0.0;272.0;0.0;271.0;0;3
10;123;nan;0.0;0.0;272.0;0.0;271.0;0;3
10;124;nan;0.0;0.0;272.0;0.0;271.0;0;3
10;125;nan;0.0;0.0;272.0;0.0;271.0;0;3
10;126;nan;0.0;0.0;272.0;0.0;271.0;0;3
10;127;nan;0.0;0.0;272.0;0.0;271.0;0;3
10;128;nan;0.0;0.0;272.0;0.0;271.0;0;3
10;129;nan;0.0;0.0;272.0;0.0;271.0;0;3
10;130;nan;0.0;0.0;272.0;0.0;271.0;0;3
10;131;nan;0.0;0.0;272.0;0.0;271.0;0;3
10;132;nan;0.0;0.0;272.0;0.0;271.0;0;3
10;133;nan;0.0;0.0;272.0;0.0;271.0;0;3
10;134;nan;0.0;0.0;272.0;0.0;271.0;0;3
10;135;nan;0.0;0.0;272.0;0.0;271.0;0;3
10;136;nan;0.0;0.0;272.0;0.0;271.0;0;3
10;137;nan;0.0;0.0;272.0;0.0;271.0;0;3
10;138;nan;0.0;0.0;272.0;0.0;271.0;0;3
10;139;nan;0.0;0.0;272.0;0.0;271.0;0;3
10;140;nan;0.0;0.0;272.0;0.0;271.0;0;3
10;141;nan;0.0;0.0;272.0;0.0;271.0;0;3
10;142;nan;0.0;0.0;272.0;0.0;271.0;0;3
10;143;nan;0.0;0.0;272.0;0.0;271.0;0;3
10;144;nan;0.0;0.0;272.0;0.0;271.0;0;3
10;145;nan;0.0;0.0;272.0;0.0;271.0;0;3
10;146;nan;0.0;0.0;272.0;0.0;271.0;0;3
10;147;nan;0.0;0.0;272.0;0.0;271.0;0;3
10;148;nan;0.0;0.0;272.0;0.0;271.0;0;3
10;149;nan;0.0;0.0;272.0;0.0;271.0;0;3
11;0;6.7;69.3;177.0;394.3;0.2;284.0;1;1
11;1;6.2;75.7;182.0;405.6;0.2;284.0;0;1
11;2;6.3;75.0;184.0;403.3;0.2;281.0;1;2
11;3;6.8;67.3;156.0;392.4;0.2;281.0;0;2
11;4;7.6;59.9;153.0;382.9;0.2;281.0;0;2
11;5;7.5;59.8;149.0;378.9;0.2;281.0;0;2
11;6;7.3;61.2;149.0;379.4;0.2;281.0;0;2
11;7;6.8;67.2;159.0;386.9;0.2;281.0;0;2
11;8;7.7;57.1;135.0;370.0;0.2;279.0;1;3
11;9;10.0;41.7;108.0;346.4;0.1;279.0;0;3
11;10;7.8;57.3;140.0;375.3;0.2;279.0;0;3
11;11;8.0;54.6;129.0;367.7;0.1;279.0;0;3
11;12;7.1;63.4;157.0;382.0;0.2;279.0;0;3
11;13;7.3;59.9;147.0;372.4;0.2;279.0;0;3
11;14;8.5;49.6;119.0;354.1;0.1;274.0;1;4
11;15;8.0;53.1;126.0;357.9;0.1;274.0;0;4
11;16;9.3;45.5;113.0;354.6;0.1;274.0;0;4
11;17;10.1;40.3;105.0;339.1;0.1;274.0;0;4
11;18;10.9;37.8;93.0;341.6;0.1;274.0;0;4
11;19;17.5;21.9;55.0;310.0;0.1;274.0;0;4
11;20;8.5;47.4;100.0;336.3;0.1;274.0;0;4
11;21;9.7;40.0;91.0;323.6;0.1;274.0;0;4
11;22;11.5;33.2;79.0;315.0;0.1;274.0;0;4
11;23;15.2;24.8;59.0;308.0;0.1;274.0;0;4
11;24;18.4;20.3;53.0;302.4;0.1;274.0;0;4
11;25;18.3;20.2;48.0;298.9;0.1;274.0;0;4
11;26;14.6;25.8;67.0;306.3;0.1;274.0;0;4
11;27;27.9;12.9;41.0;287.1;0.0;274.0;0;4
11;28;76.2;4.8;12.0;285.0;0.0;274.0;0;4
11;29;20.9;17.3;42.0;292.4;0.1;274.0;0;4
11;30;73.8;4.9;13.0;282.3;0.0;274.0;0;4
11;31;81.5;4.4;10.0;282.4;0.0;274.0;0;4
11;32;100.0;2.8;9.0;283.0;0.0;274.0;0;4
11;33;81.6;4.4;11.0;282.6;0.0;274.0;0;4
11;34;100.0;3.5;9.0;280.0;0.0;274.0;0;4
11;35;100.0;3.2;7.0;280.6;0.0;274.0;0;4
11;36;100.0;0.7;2.0;276.7;0.0;274.0;0;4
11;37;100.0;0.9;2.0;276.4;0.0;274.0;0;4
11;38;100.0;0.9;2.0;275.6;0.0;274.0;0;4
11;39;nan;0.0;0.0;275.0;0.0;274.0;0;4
11;40;nan;0.0;0.0;275.0;0.0;274.0;0;4
11;41;nan;0.0;0.0;275.0;0.0;274.0;0;4
11;42;nan;0.0;0.0;275.0;0.0;274.0;0;4
11;43;nan;0.0;0.0;275.0;0.0;274.0;0;4
11;44;nan;0.0;0.0;275.0;0.0;274.0;0;4
11;45;nan;0.0;0.0;275.0;0.0;274.0;0;4
11;46;nan;0.0;0.0;275.0;0.0;274.0;0;4
11;47;nan;0.0;0.0;275.0;0.0;274.0;0;4
11;48;nan;0.0;0.0;275.0;0.0;274.0;0;4
11;49;nan;0.0;0.0;275.0;0.0;274.0;0;4
11;50;nan;0.0;0.0;275.0;0.0;274.0;0;4
11;51;nan;0.0;0.0;275.0;0.0;274.0;0;4
11;52;nan;0.0;0.0;275.0;0.0;274.0;0;4
11;53;nan;0.0;0.0;275.0;0.0;274.0;0;4
11;54;nan;0.0;0.0;275.0;0.0;274.0;0;4
11;55;nan;0.0;0.0;275.0;0.0;274.0;0;4
11;56;nan;0.0;0.0;275.0;0.0;274.0;0;4
11;57;nan;0.0;0.0;275.0;0.0;274.0;0;4
11;58;nan;0.0;0.0;275.0;0.0;274.0;0;4
11;59;nan;0.0;0.0;275.0;0.0;274.0;0;4
11;60;7.1;53.6;117.0;324.0;0.2;271.0;1;5
11;61;7.2;53.6;124.0;328.0;0.2;271.0;0;5
11;62;9.8;38.4;89.0;313.7;0.1;271.0;0;5
11;63;12.2;30.5;75.0;307.3;0.1;271.0;0;5
11;64;13.6;26.9;66.0;298.4;0.1;271.0;0;5
11;65;22.7;16.0;46.0;291.3;0.1;271.0;0;5
11;66;47.8;7.5;20.0;283.1;0.0;271.0;0;5
11;67;50.8;7.1;15.0;285.1;0.0;271.0;0;5
11;68;100.0;3.1;9.0;279.1;0.0;271.0;0;5
11;69;97.8;3.6;11.0;276.9;0.0;271.0;0;5
11;70;100.0;3.4;9.0;277.7;0.0;271.0;0;5
11;71;100.0;1.6;5.0;278.9;0.0;271.0;0;5
11;72;100.0;3.2;9.0;276.6;0.0;271.0;0;5
11;73;90.6;3.9;9.0;276.6;0.0;271.0;0;5
11;74;96.4;3.6;9.0;275.9;0.0;271.0;0;5
11;75;90.3;3.9;9.0;277.1;0.0;271.0;0;5
11;76;90.5;3.9;9.0;275.1;0.0;271.0;0;5
11;77;88.2;4.0;8.0;274.4;0.0;271.0;0;5
11;78;88.2;4.0;8.0;274.4;0.0;271.0;0;5
11;79;88.2;4.0;8.0;274.4;0.0;271.0;0;5
11;80;nan;0.0;0.0;271.0;0.0;271.0;0;5
11;81;nan;0.0;0.0;271.0;0.0;271.0;0;5
11;82;nan;0.0;0.0;271.0;0.0;271.0;0;5
11;83;nan;0.0;0.0;271.0;0.0;271.0;0;5
11;84;nan;0.0;0.0;271.0;0.0;271.0;0;5
11;85;nan;0.0;0.0;271.0;0.0;271.0;0;5
11;86;nan;0.0;0.0;271.0;0.0;271.0;0;5
11;87;nan;0.0;0.0;271.0;0.0;271.0;0;5
11;88;nan;0.0;0.0;271.0;0.0;271.0;0;5
11;89;nan;0.0;0.0;271.0;0.0;271.0;0;5
11;90;nan;0.0;0.0;271.0;0.0;271.0;0;5
11;91;nan;0.0;0.0;271.0;0.0;271.0;0;5
11;92;nan;0.0;0.0;271.0;0.0;271.0;0;5
11;93;nan;0.0;0.0;271.0;0.0;271.0;0;5
11;94;nan;0.0;0.0;271.0;0.0;271.0;0;5
11;95;nan;0.0;0.0;271.0;0.0;271.0;0;5
11;96;nan;0.0;0.0;271.0;0.0;271.0;0;5
11;97;nan;0.0;0.0;271.0;0.0;271.0;0;5
11;98;nan;0.0;0.0;271.0;0.0;271.0;0;5
11;99;nan;0.0;0.0;271.0;0.0;271.0;0;5
11;100;nan;0.0;0.0;271.0;0.0;271.0;0;5
11;101;nan;0.0;0.0;271.0;0.0;271.0;0;5
11;102;nan;0.0;0.0;271.0;0.0;271.0;0;5
11;103;nan;0.0;0.0;271.0;0.0;271.0;0;5
11;104;nan;0.0;0.0;271.0;0.0;271.0;0;5
11;105;nan;0.0;0.0;271.0;0.0;271.0;0;5
11;106;12.6;29.0;70.0;299.3;0.1;271.0;0;5
11;107;7.3;49.8;129.0;309.9;0.2;271.0;0;5
11;108;7.8;47.2;114.0;310.6;0.2;271.0;0;5
11;109;12.7;28.3;74.0;294.9;0.1;271.0;0;5
11;110;9.9;36.7;89.0;302.3;0.1;271.0;0;5
11;111;9.5;38.1;95.0;301.0;0.1;271.0;0;5
11;112;11.4;31.4;76.0;294.9;0.1;271.0;0;5
11;113;10.9;32.9;80.0;295.6;0.1;271.0;0;5
11;114;nan;0.0;0.0;271.0;0.0;271.0;0;5
11;115;nan;0.0;0.0;271.0;0.0;271.0;0;5
11;116;nan;0.0;0.0;271.0;0.0;271.0;0;5
11;117;nan;0.0;0.0;271.0;0.0;271.0;0;5
11;118;nan;0.0;0.0;271.0;0.0;271.0;0;5
11;119;nan;0.0;0.0;271.0;0.0;271.0;0;5
11;120;nan;0.0;0.0;271.0;0.0;271.0;0;5
11;121;nan;0.0;0.0;271.0;0.0;271.0;0;5
11;122;nan;0.0;0.0;271.0;0.0;271.0;0;5
11;123;nan;0.0;0.0;271.0;0.0;271.0;0;5
11;124;nan;0.0;0.0;271.0;0.0;271.0;0;5
11;125;nan;0.0;0.0;271.0;0.0;271.0;0;5
11;126;nan;0.0;0.0;271.0;0.0;271.0;0;5
11;127;nan;0.0;0.0;271.0;0.0;271.0;0;5
11;128;nan;0.0;0.0;271.0;0.0;271.0;0;5
11;129;nan;0.0;0.0;271.0;0.0;271.0;0;5
11;130;nan;0.0;0.0;271.0;0.0;271.0;0;5
11;131;nan;0.0;0.0;271.0;0.0;271.0;0;5
11;132;nan;0.0;0.0;271.0;0.0;271.0;0;5
11;133;nan;0.0;0.0;271.0;0.0;271.0;0;5
11;134;nan;0.0;0.0;271.0;0.0;271.0;0;5
11;135;nan;0.0;0.0;271.0;0.0;271.0;0;5
11;136;nan;0.0;0.0;271.0;0.0;271.0;0;5
11;137;nan;0.0;0.0;271.0;0.0;271.0;0;5
11;138;nan;0.0;0.0;271.0;0.0;271.0;0;5
11;139;nan;0.0;0.0;271.0;0.0;271.0;0;5
11;140;nan;0.0;0.0;271.0;0.0;271.0;0;5
11;141;nan;0.0;0.0;271.0;0.0;271.0;0;5
11;142;nan;0.0;0.0;271.0;0.0;271.0;0;5
11;143;nan;0.0;0.0;271.0;0.0;271.0;0;5
11;144;nan;0.0;0.0;271.0;0.0;271.0;0;5
11;145;nan;0.0;0.0;271.0;0.0;271.0;0;5
11;146;nan;0.0;0.0;271.0;0.0;271.0;0;5
11;147;nan;0.0;0.0;271.0;0.0;271.0;0;5
11;148;nan;0.0;0.0;271.0;0.0;271.0;0;5
11;149;nan;0.0;0.0;271.0;0.0;271.0;0;5
12;0;5.8;82.4;196.0;415.3;0.2;284.0;1;1
12;1;6.0;78.9;188.0;406.6;0.2;280.0;1;2
12;2;6.2;74.5;175.0;394.7;0.2;276.0;1;3
12;3;6.0;79.5;185.0;407.9;0.2;276.0;0;3
12;4;6.8;66.0;162.0;385.0;0.2;276.0;0;3
12;5;7.0;63.8;153.0;380.3;0.2;276.0;0;3
12;6;8.1;53.9;133.0;365.4;0.1;276.0;0;3
12;7;6.6;69.1;178.0;392.3;0.2;276.0;0;3
12;8;7.3;60.6;143.0;377.0;0.2;276.0;0;3
12;9;7.3;60.2;151.0;373.0;0.2;274.0;1;4
12;10;6.6;70.4;170.0;394.6;0.2;274.0;0;4
12;11;7.7;57.4;142.0;371.7;0.2;274.0;0;4
12;12;8.5;50.2;121.0;359.3;0.1;274.0;0;4
12;13;8.9;46.7;116.0;347.6;0.1;273.0;1;5
12;14;7.7;57.3;134.0;373.3;0.2;273.0;0;5
12;15;9.4;45.1;109.0;353.6;0.1;273.0;0;5
12;16;8.8;48.3;118.0;355.0;0.1;273.0;0;5
12;17;8.9;46.6;115.0;348.4;0.1;273.0;0;5
12;18;11.5;35.6;95.0;337.4;0.1;273.0;0;5
12;19;11.0;36.9;93.0;334.9;0.1;273.0;0;5
12;20;10.9;35.5;81.0;319.1;0.1;273.0;0;5
12;21;9.2;42.9;98.0;328.4;0.1;273.0;0;5
12;22;16.3;23.0;66.0;304.7;0.1;273.0;0;5
12;23;25.2;14.6;33.0;296.1;0.0;273.0;0;5
12;24;85.4;4.2;11.0;284.6;0.0;273.0;0;5
12;25;100.0;2.2;6.0;283.4;0.0;273.0;0;5
12;26;100.0;2.3;5.0;283.0;0.0;273.0;0;5
12;27;100.0;0.5;1.0;280.7;0.0;273.0;0;5
12;28;100.0;0.5;1.0;280.7;0.0;273.0;0;5
12;29;100.0;0.5;1.0;280.6;0.0;273.0;0;5
12;30;100.0;0.5;1.0;280.6;0.0;273.0;0;5
12;31;100.0;0.5;1.0;280.6;0.0;273.0;0;5
12;32;100.0;0.5;1.0;280.6;0.0;273.0;0;5
12;33;100.0;0.5;1.0;280.6;0.0;273.0;0;5
12;34;100.0;0.5;1.0;280.6;0.0;273.0;0;5
12;35;100.0;0.5;1.0;280.6;0.0;273.0;0;5
12;36;100.0;0.5;1.0;280.6;0.0;273.0;0;5
12;37;100.0;0.5;1.0;280.6;0.0;273.0;0;5
12;38;100.0;0.5;1.0;280.6;0.0;273.0;0;5
12;39;100.0;0.5;1.0;280.6;0.0;273.0;0;5
12;40;100.0;0.5;1.0;280.6;0.0;273.0;0;5
12;41;100.0;0.5;1.0;280.6;0.0;273.0;0;5
12;42;100.0;0.5;1.0;280.6;0.0;273.0;0;5
12;43;100.0;0.5;1.0;280.4;0.0;273.0;0;5
12;44;100.0;0.5;1.0;280.6;0.0;273.0;0;5
12;45;100.0;0.5;1.0;280.6;0.0;273.0;0;5
12;46;100.0;0.5;1.0;280.6;0.0;273.0;0;5
12;47;100.0;0.5;1.0;280.6;0.0;273.0;0;5
12;48;100.0;0.5;1.0;280.6;0.0;273.0;0;5
12;49;100.0;0.5;1.0;280.6;0.0;273.0;0;5
12;50;100.0;0.5;1.0;280.6;0.0;273.0;0;5
12;51;100.0;0.5;1.0;280.6;0.0;273.0;0;5
12;52;100.0;0.5;1.0;280.6;0.0;273.0;0;5
12;53;100.0;0.5;1.0;280.6;0.0;273.0;0;5
12;54;100.0;0.5;1.0;280.6;0.0;273.0;0;5
12;55;100.0;0.5;1.0;280.6;0.0;273.0;0;5
12;56;100.0;0.5;1.0;280.6;0.0;273.0;0;5
12;57;100.0;0.5;1.0;280.6;0.0;273.0;0;5
12;58;100.0;0.5;1.0;280.4;0.0;273.0;0;5
12;59;6.3;62.3;134.0;334.4;0.2;273.0;0;5
12;60;8.9;43.0;99.0;319.1;0.1;273.0;0;5
12;61;7.8;49.5;106.0;325.0;0.2;273.0;0;5
12;62;7.6;50.1;112.0;323.1;0.2;273.0;0;5
12;63;11.1;33.5;79.0;307.9;0.1;273.0;0;5
12;64;10.6;35.7;84.0;312.3;0.1;273.0;0;5
12;65;30.5;11.9;29.0;289.9;0.0;273.0;0;5
12;66;41.3;8.8;21.0;287.4;0.0;273.0;0;5
12;67;23.4;15.6;44.0;292.0;0.1;273.0;0;5
12;68;100.0;0.5;1.0;280.4;0.0;273.0;0;5
12;69;100.0;1.0;3.0;280.1;0.0;273.0;0;5
12;70;100.0;0.5;1.0;280.4;0.0;273.0;0;5
12;71;100.0;0.5;1.0;280.4;0.0;273.0;0;5
12;72;100.0;0.5;1.0;280.4;0.0;273.0;0;5
12;73;100.0;0.5;1.0;280.6;0.0;273.0;0;5
12;74;100.0;0.5;1.0;280.4;0.0;273.0;0;5
12;75;100.0;0.5;1.0;280.4;0.0;273.0;0;5
12;76;100.0;0.5;1.0;280.4;0.0;273.0;0;5
12;77;100.0;0.5;1.0;280.4;0.0;273.0;0;5
12;78;100.0;0.5;1.0;280.4;0.0;273.0;0;5
12;79;100.0;0.5;1.0;280.4;0.0;273.0;0;5
12;80;100.0;0.5;1.0;280.4;0.0;273.0;0;5
12;81;100.0;0.5;1.0;280.4;0.0;273.0;0;5
12;82;100.0;0.5;1.0;280.4;0.0;273.0;0;5
12;83;100.0;0.5;1.0;280.4;0.0;273.0;0;5
12;84;100.0;0.5;1.0;280.6;0.0;273.0;0;5
12;85;100.0;0.5;1.0;280.4;0.0;273.0;0;5
12;86;100.0;0.5;1.0;280.4;0.0;273.0;0;5
12;87;100.0;0.5;1.0;280.4;0.0;273.0;0;5
12;88;100.0;0.5;1.0;280.4;0.0;273.0;0;5
12;89;81.0;4.4;13.0;282.3;0.0;273.0;0;5
12;90;56.2;6.4;13.0;285.6;0.0;273.0;0;5
12;91;81.6;4.4;13.0;282.3;0.0;273.0;0;5
12;92;81.0;4.4;13.0;282.3;0.0;273.0;0;5
12;93;100.0;0.5;1.0;280.4;0.0;273.0;0;5
12;94;100.0;0.5;1.0;280.4;0.0;273.0;0;5
12;95;100.0;0.5;1.0;280.3;0.0;273.0;0;5
12;96;61.2;5.9;13.0;283.7;0.0;273.0;0;5
12;97;55.4;6.5;15.0;282.9;0.0;273.0;0;5
12;98;100.0;0.5;1.0;280.3;0.0;273.0;0;5
12;99;79.6;4.5;13.0;282.0;0.0;273.0;0;5
12;100;59.0;6.1;15.0;283.4;0.0;273.0;0;5
12;101;100.0;0.5;1.0;280.3;0.0;273.0;0;5
12;102;79.6;4.5;13.0;282.0;0.0;273.0;0;5
12;103;79.6;4.5;13.0;282.0;0.0;273.0;0;5
12;104;11.1;32.9;77.0;301.1;0.1;273.0;0;5
12;105;13.7;26.3;69.0;294.6;0.1;273.0;0;5
12;106;13.7;26.3;65.0;295.7;0.1;273.0;0;5
12;107;43.9;8.1;18.0;283.1;0.0;273.0;0;5
12;108;65.9;5.4;12.0;281.4;0.0;273.0;0;5
12;109;68.2;5.2;12.0;281.9;0.0;273.0;0;5
12;110;65.9;5.4;12.0;281.4;0.0;273.0;0;5
12;111;67.7;5.3;12.0;281.7;0.0;273.0;0;5
12;112;66.6;5.4;13.0;281.7;0.0;273.0;0;5
12;113;67.7;5.3;12.0;281.7;0.0;273.0;0;5
12;114;74.0;4.8;12.0;281.6;0.0;273.0;0;5
12;115;nan;0.0;0.0;278.0;0.0;273.0;0;5
12;116;nan;0.0;0.0;278.0;0.0;273.0;0;5
12;117;nan;0.0;0.0;278.0;0.0;273.0;0;5
12;118;nan;0.0;0.0;278.0;0.0;273.0;0;5
12;119;nan;0.0;0.0;278.0;0.0;273.0;0;5
12;120;nan;0.0;0.0;278.0;0.0;273.0;0;5
12;121;nan;0.0;0.0;278.0;0.0;273.0;0;5
12;122;nan;0.0;0.0;278.0;0.0;273.0;0;5
12;123;nan;0.0;0.0;278.0;0.0;273.0;0;5
12;124;nan;0.0;0.0;278.0;0.0;273.0;0;5
12;125;nan;0.0;0.0;278.0;0.0;273.0;0;5
12;126;nan;0.0;0.0;278.0;0.0;273.0;0;5
12;127;nan;0.0;0.0;278.0;0.0;273.0;0;5
12;128;nan;0.0;0.0;278.0;0.0;273.0;0;5
12;129;nan;0.0;0.0;278.0;0.0;273.0;0;5
12;130;nan;0.0;0.0;278.0;0.0;273.0;0;5
12;131;nan;0.0;0.0;278.0;0.0;273.0;0;5
12;132;nan;0.0;0.0;278.0;0.0;273.0;0;5
12;133;nan;0.0;0.0;278.0;0.0;273.0;0;5
12;134;nan;0.0;0.0;278.0;0.0;273.0;0;5
12;135;nan;0.0;0.0;278.0;0.0;273.0;0;5
12;136;nan;0.0;0.0;278.0;0.0;273.0;0;5
12;137;nan;0.0;0.0;278.0;0.0;273.0;0;5
12;138;nan;0.0;0.0;278.0;0.0;273.0;0;5
12;139;nan;0.0;0.0;278.0;0.0;273.0;0;5
12;140;nan;0.0;0.0;278.0;0.0;273.0;0;5
12;141;nan;0.0;0.0;278.0;0.0;273.0;0;5
12;142;nan;0.0;0.0;278.0;0.0;273.0;0;5
12;143;nan;0.0;0.0;278.0;0.0;273.0;0;5
12;144;nan;0.0;0.0;278.0;0.0;273.0;0;5
12;145;nan;0.0;0.0;278.0;0.0;273.0;0;5
12;146;nan;0.0;0.0;278.0;0.0;273.0;0;5
12;147;nan;0.0;0.0;278.0;0.0;273.0;0;5
12;148;nan;0.0;0.0;278.0;0.0;273.0;0;5
12;149;nan;0.0;0.0;278.0;0.0;273.0;0;5
13;0;7.0;66.4;160.0;397.0;0.2;287.0;1;1
13;1;6.1;76.0;180.0;400.7;0.2;280.0;1;2
13;2;6.7;70.2;165.0;399.3;0.2;280.0;0;2
13;3;6.2;74.7;184.0;400.0;0.2;280.0;0;2
13;4;6.4;73.5;180.0;399.9;0.2;280.0;0;2
13;5;6.8;67.0;159.0;390.4;0.2;280.0;0;2
13;6;6.9;65.4;153.0;386.9;0.2;280.0;0;2
13;7;7.8;56.7;141.0;375.0;0.2;280.0;0;2
13;8;7.5;59.7;153.0;377.7;0.2;280.0;0;2
13;9;7.6;57.1;141.0;367.4;0.2;279.0;1;3
13;10;7.1;64.2;153.0;385.1;0.2;279.0;0;3
13;11;7.9;55.2;137.0;365.6;0.2;275.0;1;4
13;12;8.6;48.9;128.0;354.6;0.1;275.0;0;4
13;13;7.8;54.9;133.0;362.7;0.2;274.0;1;5
13;14;10.1;42.0;103.0;351.1;0.1;274.0;0;5
13;15;9.8;41.1;106.0;336.9;0.1;273.0;1;6
13;16;9.8;42.2;103.0;343.3;0.1;273.0;0;6
13;17;10.5;39.6;106.0;343.3;0.1;273.0;0;6
13;18;11.4;34.6;95.0;326.0;0.1;273.0;0;6
13;19;21.8;17.8;49.0;312.7;0.1;273.0;0;6
13;20;8.9;44.4;103.0;329.6;0.1;273.0;0;6
13;21;11.5;33.7;79.0;318.9;0.1;273.0;0;6
13;22;18.5;19.8;50.0;296.3;0.1;273.0;0;6
13;23;28.7;12.8;31.0;292.6;0.0;273.0;0;6
13;24;51.2;7.0;18.0;283.6;0.0;273.0;0;6
13;25;64.5;5.6;15.0;282.4;0.0;273.0;0;6
13;26;53.7;6.6;15.0;281.9;0.0;273.0;0;6
13;27;66.2;5.4;13.0;281.4;0.0;273.0;0;6
13;28;72.9;4.9;13.0;282.3;0.0;273.0;0;6
13;29;67.9;5.3;13.0;281.6;0.0;273.0;0;6
13;30;100.0;3.1;9.0;283.9;0.0;273.0;0;6
13;31;67.9;5.3;13.0;281.6;0.0;273.0;0;6
13;32;64.3;5.5;13.0;281.3;0.0;273.0;0;6
13;33;60.3;5.9;13.0;281.0;0.0;273.0;0;6
13;34;55.2;6.4;13.0;280.4;0.0;273.0;0;6
13;35;52.9;6.7;15.0;280.7;0.0;273.0;0;6
13;36;45.6;7.8;19.0;282.6;0.0;273.0;0;6
13;37;61.5;5.8;15.0;281.6;0.0;273.0;0;6
13;38;55.2;6.4;13.0;280.4;0.0;273.0;0;6
13;39;100.0;2.5;5.0;275.9;0.0;273.0;0;6
13;40;55.2;6.4;13.0;280.4;0.0;273.0;0;6
13;41;100.0;2.3;5.0;276.0;0.0;273.0;0;6
13;42;65.5;5.4;13.0;278.1;0.0;273.0;0;6
13;43;100.0;2.5;5.0;275.9;0.0;273.0;0;6
13;44;100.0;2.5;5.0;275.1;0.0;273.0;0;6
13;45;100.0;2.5;5.0;275.1;0.0;273.0;0;6
13;46;65.5;5.4;13.0;278.1;0.0;273.0;0;6
13;47;100.0;2.5;5.0;275.9;0.0;273.0;0;6
13;48;58.6;6.0;13.0;279.3;0.0;273.0;0;6
13;49;65.5;5.4;13.0;278.1;0.0;273.0;0;6
13;50;58.6;6.0;13.0;279.3;0.0;273.0;0;6
13;51;100.0;2.3;5.0;276.0;0.0;273.0;0;6
13;52;100.0;2.3;5.0;276.0;0.0;273.0;0;6
13;53;100.0;2.3;5.0;276.0;0.0;273.0;0;6
13;54;81.1;4.3;13.0;277.0;0.0;273.0;0;6
13;55;59.2;6.0;13.0;280.9;0.0;273.0;0;6
13;56;58.6;6.0;13.0;279.3;0.0;273.0;0;6
13;57;100.0;2.5;5.0;275.9;0.0;273.0;0;6
13;58;100.0;2.5;5.0;275.1;0.0;273.0;0;6
13;59;57.5;6.1;13.0;279.0;0.0;273.0;0;6
13;60;77.6;4.5;13.0;276.3;0.0;273.0;0;6
13;61;6.7;57.8;125.0;328.4;0.2;272.0;1;7
13;62;9.0;42.2;95.0;318.7;0.1;272.0;0;7
13;63;10.5;36.3;86.0;314.9;0.1;272.0;0;7
13;64;7.6;50.0;111.0;322.1;0.2;271.0;1;8
13;65;11.2;32.8;79.0;304.0;0.1;271.0;0;8
13;66;9.8;38.7;95.0;315.7;0.1;271.0;0;8
13;67;12.7;28.9;64.0;301.6;0.1;271.0;0;8
13;68;16.7;22.1;52.0;298.3;0.1;271.0;0;8
13;69;14.2;25.9;64.0;300.3;0.1;271.0;0;8
13;70;16.9;21.7;48.0;297.7;0.1;271.0;0;8
13;71;25.2;14.3;36.0;289.0;0.0;271.0;0;8
13;72;25.8;13.9;30.0;287.3;0.0;271.0;0;8
13;73;29.5;12.0;32.0;283.6;0.0;271.0;0;8
13;74;27.5;13.0;32.0;286.0;0.0;271.0;0;8
13;75;99.3;3.5;10.0;275.7;0.0;271.0;0;8
13;76;100.0;1.3;4.0;274.0;0.0;271.0;0;8
13;77;100.0;0.5;1.0;274.4;0.0;271.0;0;8
13;78;100.0;0.5;1.0;274.4;0.0;271.0;0;8
13;79;100.0;0.5;1.0;274.4;0.0;271.0;0;8
13;80;100.0;0.5;1.0;274.4;0.0;271.0;0;8
13;81;100.0;1.2;4.0;273.7;0.0;271.0;0;8
13;82;100.0;0.5;1.0;274.3;0.0;271.0;0;8
13;83;nan;0.0;0.0;274.0;0.0;271.0;0;8
13;84;nan;0.0;0.0;274.0;0.0;271.0;0;8
13;85;nan;0.0;0.0;274.0;0.0;271.0;0;8
13;86;nan;0.0;0.0;274.0;0.0;271.0;0;8
13;87;nan;0.0;0.0;274.0;0.0;271.0;0;8
13;88;nan;0.0;0.0;274.0;0.0;271.0;0;8
13;89;nan;0.0;0.0;274.0;0.0;271.0;0;8
13;90;nan;0.0;0.0;274.0;0.0;271.0;0;8
13;91;nan;0.0;0.0;274.0;0.0;271.0;0;8
13;92;nan;0.0;0.0;274.0;0.0;271.0;0;8
13;93;nan;0.0;0.0;274.0;0.0;271.0;0;8
13;94;100.0;1.0;3.0;273.6;0.0;271.0;0;8
13;95;nan;0.0;0.0;274.0;0.0;271.0;0;8
13;96;nan;0.0;0.0;274.0;0.0;271.0;0;8
13;97;nan;0.0;0.0;274.0;0.0;271.0;0;8
13;98;nan;0.0;0.0;274.0;0.0;271.0;0;8
13;99;nan;0.0;0.0;274.0;0.0;271.0;0;8
13;100;nan;0.0;0.0;274.0;0.0;271.0;0;8
13;101;nan;0.0;0.0;274.0;0.0;271.0;0;8
13;102;nan;0.0;0.0;274.0;0.0;271.0;0;8
13;103;nan;0.0;0.0;274.0;0.0;271.0;0;8
13;104;nan;0.0;0.0;274.0;0.0;271.0;0;8
13;105;nan;0.0;0.0;274.0;0.0;271.0;0;8
13;106;nan;0.0;0.0;274.0;0.0;271.0;0;8
13;107;nan;0.0;0.0;274.0;0.0;271.0;0;8
13;108;nan;0.0;0.0;274.0;0.0;271.0;0;8
13;109;nan;0.0;0.0;274.0;0.0;271.0;0;8
13;110;16.4;21.7;55.0;289.3;0.1;271.0;0;8
13;111;15.7;22.7;54.0;289.0;0.1;271.0;0;8
13;112;58.9;5.9;17.0;276.4;0.0;271.0;0;8
13;113;51.3;6.9;17.0;278.3;0.0;271.0;0;8
13;114;nan;0.0;0.0;274.0;0.0;271.0;0;8
13;115;nan;0.0;0.0;274.0;0.0;271.0;0;8
13;116;nan;0.0;0.0;274.0;0.0;271.0;0;8
13;117;nan;0.0;0.0;274.0;0.0;271.0;0;8
13;118;nan;0.0;0.0;274.0;0.0;271.0;0;8
13;119;nan;0.0;0.0;274.0;0.0;271.0;0;8
13;120;nan;0.0;0.0;274.0;0.0;271.0;0;8
13;121;nan;0.0;0.0;274.0;0.0;271.0;0;8
13;122;nan;0.0;0.0;274.0;0.0;271.0;0;8
13;123;nan;0.0;0.0;274.0;0.0;271.0;0;8
13;124;100.0;0.3;1.0;273.9;0.0;271.0;0;8
13;125;nan;0.0;0.0;274.0;0.0;271.0;0;8
13;126;nan;0.0;0.0;274.0;0.0;271.0;0;8
13;127;nan;0.0;0.0;274.0;0.0;271.0;0;8
13;128;nan;0.0;0.0;274.0;0.0;271.0;0;8
13;129;nan;0.0;0.0;274.0;0.0;271.0;0;8
13;130;nan;0.0;0.0;274.0;0.0;271.0;0;8
13;131;nan;0.0;0.0;274.0;0.0;271.0;0;8
13;132;nan;0.0;0.0;274.0;0.0;271.0;0;8
13;133;nan;0.0;0.0;274.0;0.0;271.0;0;8
13;134;nan;0.0;0.0;274.0;0.0;271.0;0;8
13;135;nan;0.0;0.0;274.0;0.0;271.0;0;8
13;136;nan;0.0;0.0;274.0;0.0;271.0;0;8
13;137;nan;0.0;0.0;274.0;0.0;271.0;0;8
13;138;nan;0.0;0.0;274.0;0.0;271.0;0;8
13;139;nan;0.0;0.0;274.0;0.0;271.0;0;8
13;140;nan;0.0;0.0;274.0;0.0;271.0;0;8
13;141;nan;0.0;0.0;274.0;0.0;271.0;0;8
13;142;nan;0.0;0.0;274.0;0.0;271.0;0;8
13;143;nan;0.0;0.0;274.0;0.0;271.0;0;8
13;144;nan;0.0;0.0;274.0;0.0;271.0;0;8
13;145;nan;0.0;0.0;274.0;0.0;271.0;0;8
13;146;nan;0.0;0.0;274.0;0.0;271.0;0;8
13;147;nan;0.0;0.0;274.0;0.0;271.0;0;8
13;148;nan;0.0;0.0;274.0;0.0;271.0;0;8
13;149;nan;0.0;0.0;274.0;0.0;271.0;0;8
14;0;6.3;73.1;169.0;393.4;0.2;274.0;1;1
14;1;6.0;78.0;191.0;401.0;0.2;274.0;0;1
14;2;6.4;72.7;169.0;397.0;0.2;274.0;0;1
14;3;6.1;76.0;178.0;400.0;0.2;274.0;0;1
14;4;7.1;62.6;150.0;377.1;0.2;274.0;0;1
14;5;7.0;64.0;159.0;380.4;0.2;274.0;0;1
14;6;7.5;58.8;148.0;373.9;0.2;274.0;0;1
14;7;7.4;58.5;137.0;367.7;0.2;274.0;0;1
14;8;7.4;60.3;145.0;377.4;0.2;274.0;0;1
14;9;7.7;56.5;142.0;368.1;0.2;274.0;0;1
14;10;8.4;51.7;131.0;364.3;0.1;274.0;0;1
14;11;7.3;60.8;146.0;374.7;0.2;274.0;0;1
14;12;7.7;57.5;142.0;372.6;0.2;273.0;1;2
14;13;7.8;55.8;133.0;369.4;0.2;273.0;0;2
14;14;8.0;56.0;132.0;375.3;0.1;273.0;0;2
14;15;7.7;57.6;144.0;374.3;0.2;273.0;0;2
14;16;8.2;52.9;127.0;364.3;0.1;273.0;0;2
14;17;9.6;43.2;107.0;345.1;0.1;273.0;0;2
14;18;10.6;37.9;93.0;332.9;0.1;273.0;0;2
14;19;11.2;36.7;86.0;339.9;0.1;273.0;0;2
14;20;14.8;25.7;59.0;310.0;0.1;273.0;0;2
14;21;10.6;36.6;80.0;320.4;0.1;273.0;0;2
14;22;11.0;34.8;79.0;317.0;0.1;273.0;0;2
14;23;10.3;37.8;84.0;322.9;0.1;273.0;0;2
14;24;14.3;26.3;71.0;307.4;0.1;272.0;1;3
14;25;13.1;29.0;70.0;311.3;0.1;272.0;0;3
14;26;29.1;12.4;32.0;289.4;0.0;272.0;0;3
14;27;21.3;17.1;50.0;294.6;0.1;272.0;0;3
14;28;19.3;19.0;45.0;296.0;0.1;272.0;0;3
14;29;19.0;19.5;48.0;300.1;0.1;272.0;0;3
14;30;49.5;7.2;19.0;283.0;0.0;271.0;1;4
14;31;20.7;17.3;51.0;288.9;0.1;271.0;0;4
14;32;42.5;8.4;24.0;283.0;0.0;271.0;0;4
14;33;100.0;2.8;7.0;276.9;0.0;271.0;0;4
14;34;100.0;2.5;6.0;275.9;0.0;271.0;0;4
14;35;100.0;0.7;2.0;277.7;0.0;271.0;0;4
14;36;nan;0.0;0.0;277.0;0.0;271.0;0;4
14;37;nan;0.0;0.0;277.0;0.0;271.0;0;4
14;38;nan;0.0;0.0;277.0;0.0;271.0;0;4
14;39;nan;0.0;0.0;277.0;0.0;271.0;0;4
14;40;nan;0.0;0.0;277.0;0.0;271.0;0;4
14;41;nan;0.0;0.0;277.0;0.0;271.0;0;4
14;42;nan;0.0;0.0;277.0;0.0;271.0;0;4
14;43;nan;0.0;0.0;277.0;0.0;271.0;0;4
14;44;nan;0.0;0.0;277.0;0.0;271.0;0;4
14;45;nan;0.0;0.0;277.0;0.0;271.0;0;4
14;46;nan;0.0;0.0;277.0;0.0;271.0;0;4
14;47;nan;0.0;0.0;277.0;0.0;271.0;0;4
14;48;nan;0.0;0.0;277.0;0.0;271.0;0;4
14;49;nan;0.0;0.0;277.0;0.0;271.0;0;4
14;50;nan;0.0;0.0;277.0;0.0;271.0;0;4
14;51;nan;0.0;0.0;277.0;0.0;271.0;0;4
14;52;nan;0.0;0.0;277.0;0.0;271.0;0;4
14;53;nan;0.0;0.0;277.0;0.0;271.0;0;4
14;54;nan;0.0;0.0;277.0;0.0;271.0;0;4
14;55;nan;0.0;0.0;277.0;0.0;271.0;0;4
14;56;nan;0.0;0.0;277.0;0.0;271.0;0;4
14;57;nan;0.0;0.0;277.0;0.0;271.0;0;4
14;58;nan;0.0;0.0;277.0;0.0;271.0;0;4
14;59;nan;0.0;0.0;277.0;0.0;271.0;0;4
14;60;nan;0.0;0.0;277.0;0.0;271.0;0;4
14;61;nan;0.0;0.0;277.0;0.0;271.0;0;4
14;62;nan;0.0;0.0;277.0;0.0;271.0;0;4
14;63;nan;0.0;0.0;277.0;0.0;271.0;0;4
14;64;nan;0.0;0.0;277.0;0.0;271.0;0;4
14;65;nan;0.0;0.0;277.0;0.0;271.0;0;4
14;66;nan;0.0;0.0;277.0;0.0;271.0;0;4
14;67;nan;0.0;0.0;277.0;0.0;271.0;0;4
14;68;nan;0.0;0.0;277.0;0.0;271.0;0;4
14;69;nan;0.0;0.0;277.0;0.0;271.0;0;4
14;70;nan;0.0;0.0;277.0;0.0;271.0;0;4
14;71;nan;0.0;0.0;277.0;0.0;271.0;0;4
14;72;nan;0.0;0.0;277.0;0.0;271.0;0;4
14;73;nan;0.0;0.0;277.0;0.0;271.0;0;4
14;74;nan;0.0;0.0;277.0;0.0;271.0;0;4
14;75;nan;0.0;0.0;277.0;0.0;271.0;0;4
14;76;9.0;42.3;97.0;317.1;0.1;271.0;0;4
14;77;9.8;38.2;85.0;312.4;0.1;271.0;0;4
14;78;19.7;18.5;45.0;294.1;0.1;271.0;0;4
14;79;19.4;18.7;40.0;293.7;0.1;271.0;0;4
14;80;26.5;13.6;34.0;289.3;0.0;271.0;0;4
14;81;18.7;19.5;46.0;294.1;0.1;271.0;0;4
14;82;31.0;11.6;27.0;288.0;0.0;271.0;0;4
14;83;48.5;7.4;17.0;283.1;0.0;271.0;0;4
14;84;nan;0.0;0.0;277.0;0.0;271.0;0;4
14;85;nan;0.0;0.0;277.0;0.0;271.0;0;4
14;86;nan;0.0;0.0;277.0;0.0;271.0;0;4
14;87;nan;0.0;0.0;277.0;0.0;271.0;0;4
14;88;nan;0.0;0.0;277.0;0.0;271.0;0;4
14;89;nan;0.0;0.0;277.0;0.0;271.0;0;4
14;90;nan;0.0;0.0;277.0;0.0;271.0;0;4
14;91;nan;0.0;0.0;277.0;0.0;271.0;0;4
14;92;nan;0.0;0.0;277.0;0.0;271.0;0;4
14;93;nan;0.0;0.0;277.0;0.0;271.0;0;4
14;94;nan;0.0;0.0;277.0;0.0;271.0;0;4
14;95;nan;0.0;0.0;277.0;0.0;271.0;0;4
14;96;nan;0.0;0.0;277.0;0.0;271.0;0;4
14;97;nan;0.0;0.0;277.0;0.0;271.0;0;4
14;98;nan;0.0;0.0;277.0;0.0;271.0;0;4
14;99;nan;0.0;0.0;277.0;0.0;271.0;0;4
14;100;nan;0.0;0.0;277.0;0.0;271.0;0;4
14;101;nan;0.0;0.0;277.0;0.0;271.0;0;4
14;102;nan;0.0;0.0;277.0;0.0;271.0;0;4
14;103;nan;0.0;0.0;277.0;0.0;271.0;0;4
14;104;nan;0.0;0.0;277.0;0.0;271.0;0;4
14;105;nan;0.0;0.0;277.0;0.0;271.0;0;4
14;106;nan;0.0;0.0;277.0;0.0;271.0;0;4
14;107;nan;0.0;0.0;277.0;0.0;271.0;0;4
14;108;nan;0.0;0.0;277.0;0.0;271.0;0;4
14;109;nan;0.0;0.0;277.0;0.0;271.0;0;4
14;110;nan;0.0;0.0;277.0;0.0;271.0;0;4
14;111;nan;0.0;0.0;277.0;0.0;271.0;0;4
14;112;nan;0.0;0.0;277.0;0.0;271.0;0;4
14;113;nan;0.0;0.0;277.0;0.0;271.0;0;4
14;114;nan;0.0;0.0;277.0;0.0;271.0;0;4
14;115;nan;0.0;0.0;277.0;0.0;271.0;0;4
14;116;nan;0.0;0.0;277.0;0.0;271.0;0;4
14;117;nan;0.0;0.0;277.0;0.0;271.0;0;4
14;118;nan;0.0;0.0;277.0;0.0;271.0;0;4
14;119;nan;0.0;0.0;277.0;0.0;271.0;0;4
14;120;100.0;0.7;2.0;276.7;0.0;271.0;0;4
14;121;24.9;14.4;34.0;286.9;0.1;271.0;0;4
14;122;16.1;22.4;53.0;294.4;0.1;271.0;0;4
14;123;18.7;19.3;45.0;292.0;0.1;271.0;0;4
14;124;100.0;2.8;8.0;278.6;0.0;271.0;0;4
14;125;nan;0.0;0.0;277.0;0.0;271.0;0;4
14;126;nan;0.0;0.0;277.0;0.0;271.0;0;4
14;127;nan;0.0;0.0;277.0;0.0;271.0;0;4
14;128;nan;0.0;0.0;277.0;0.0;271.0;0;4
14;129;nan;0.0;0.0;277.0;0.0;271.0;0;4
14;130;nan;0.0;0.0;277.0;0.0;271.0;0;4
14;131;nan;0.0;0.0;277.0;0.0;271.0;0;4
14;132;nan;0.0;0.0;277.0;0.0;271.0;0;4
14;133;nan;0.0;0.0;277.0;0.0;271.0;0;4
14;134;nan;0.0;0.0;277.0;0.0;271.0;0;4
14;135;nan;0.0;0.0;277.0;0.0;271.0;0;4
14;136;nan;0.0;0.0;277.0;0.0;271.0;0;4
14;137;nan;0.0;0.0;277.0;0.0;271.0;0;4
14;138;nan;0.0;0.0;277.0;0.0;271.0;0;4
14;139;nan;0.0;0.0;277.0;0.0;271.0;0;4
14;140;nan;0.0;0.0;277.0;0.0;271.0;0;4
14;141;nan;0.0;0.0;277.0;0.0;271.0;0;4
14;142;nan;0.0;0.0;277.0;0.0;271.0;0;4
14;143;nan;0.0;0.0;277.0;0.0;271.0;0;4
14;144;nan;0.0;0.0;277.0;0.0;271.0;0;4
14;145;nan;0.0;0.0;277.0;0.0;271.0;0;4
14;146;nan;0.0;0.0;277.0;0.0;271.0;0;4
14;147;nan;0.0;0.0;277.0;0.0;271.0;0;4
14;148;nan;0.0;0.0;277.0;0.0;271.0;0;4
14;149;nan;0.0;0.0;277.0;0.0;271.0;0;4
15;0;6.1;79.3;181.0;415.7;0.2;289.0;1;1
15;1;6.1;77.7;182.0;406.6;0.2;284.0;1;2
15;2;6.7;68.8;160.0;390.4;0.2;281.0;1;3
15;3;6.5;70.3;166.0;391.6;0.2;280.0;1;4
15;4;7.0;64.0;165.0;380.9;0.2;280.0;0;4
15;5;7.0;65.5;157.0;389.6;0.2;280.0;0;4
15;6;6.0;76.9;182.0;397.3;0.2;273.0;1;5
15;7;6.3;75.1;176.0;403.3;0.2;273.0;0;5
15;8;7.0;63.8;154.0;382.1;0.2;273.0;0;5
15;9;7.6;57.3;143.0;368.1;0.2;273.0;0;5
15;10;7.3;61.1;153.0;378.7;0.2;273.0;0;5
15;11;7.7;56.2;142.0;366.3;0.2;273.0;0;5
15;12;8.4;51.2;127.0;360.0;0.1;273.0;0;5
15;13;8.9;48.2;120.0;359.9;0.1;273.0;0;5
15;14;10.0;41.5;96.0;345.7;0.1;273.0;0;5
15;15;8.5;50.2;122.0;359.4;0.1;273.0;0;5
15;16;10.2;39.5;107.0;335.6;0.1;273.0;0;5
15;17;9.5;44.3;113.0;350.4;0.1;273.0;0;5
15;18;10.0;41.1;103.0;342.4;0.1;273.0;0;5
15;19;13.5;29.8;75.0;329.3;0.1;273.0;0;5
15;20;11.2;34.1;85.0;315.1;0.1;271.0;1;6
15;21;10.4;37.0;81.0;320.0;0.1;271.0;0;6
15;22;11.8;32.6;77.0;317.0;0.1;271.0;0;6
15;23;11.9;31.6;85.0;308.1;0.1;271.0;0;6
15;24;36.8;9.8;28.0;288.0;0.0;271.0;0;6
15;25;20.3;18.2;44.0;296.9;0.1;271.0;0;6
15;26;40.9;8.8;25.0;284.6;0.0;271.0;0;6
15;27;28.9;12.6;32.0;291.0;0.0;271.0;0;6
15;28;60.0;6.0;17.0;285.0;0.0;271.0;0;6
15;29;91.1;4.0;10.0;283.4;0.0;271.0;0;6
15;30;98.9;3.6;8.0;282.9;0.0;271.0;0;6
15;31;100.0;3.0;7.0;283.3;0.0;271.0;0;6
15;32;100.0;3.4;7.0;282.9;0.0;271.0;0;6
15;33;100.0;3.5;7.0;283.0;0.0;271.0;0;6
15;34;100.0;3.5;7.0;283.0;0.0;271.0;0;6
15;35;100.0;3.5;8.0;283.0;0.0;271.0;0;6
15;36;100.0;3.5;7.0;283.0;0.0;271.0;0;6
15;37;90.8;4.0;8.0;282.6;0.0;271.0;0;6
15;38;98.9;3.6;8.0;282.9;0.0;271.0;0;6
15;39;90.8;4.0;8.0;282.6;0.0;271.0;0;6
15;40;90.8;4.0;8.0;282.6;0.0;271.0;0;6
15;41;94.5;3.8;8.0;282.7;0.0;271.0;0;6
15;42;82.8;4.3;10.0;282.3;0.0;271.0;0;6
15;43;94.5;3.8;8.0;282.7;0.0;271.0;0;6
15;44;100.0;1.5;4.0;279.1;0.0;271.0;0;6
15;45;nan;0.0;0.0;278.0;0.0;271.0;0;6
15;46;nan;0.0;0.0;278.0;0.0;271.0;0;6
15;47;nan;0.0;0.0;278.0;0.0;271.0;0;6
15;48;nan;0.0;0.0;278.0;0.0;271.0;0;6
15;49;nan;0.0;0.0;278.0;0.0;271.0;0;6
15;50;100.0;0.3;1.0;277.9;0.0;271.0;0;6
15;51;nan;0.0;0.0;278.0;0.0;271.0;0;6
15;52;nan;0.0;0.0;278.0;0.0;271.0;0;6
15;53;nan;0.0;0.0;278.0;0.0;271.0;0;6
15;54;nan;0.0;0.0;278.0;0.0;271.0;0;6
15;55;nan;0.0;0.0;278.0;0.0;271.0;0;6
15;56;nan;0.0;0.0;278.0;0.0;271.0;0;6
15;57;nan;0.0;0.0;278.0;0.0;271.0;0;6
15;58;nan;0.0;0.0;278.0;0.0;271.0;0;6
15;59;nan;0.0;0.0;278.0;0.0;271.0;0;6
15;60;nan;0.0;0.0;278.0;0.0;271.0;0;6
15;61;nan;0.0;0.0;278.0;0.0;271.0;0;6
15;62;nan;0.0;0.0;278.0;0.0;271.0;0;6
15;63;nan;0.0;0.0;278.0;0.0;271.0;0;6
15;64;nan;0.0;0.0;278.0;0.0;271.0;0;6
15;65;nan;0.0;0.0;278.0;0.0;271.0;0;6
15;66;7.2;53.5;122.0;327.9;0.2;271.0;0;6
15;67;9.1;41.6;97.0;316.1;0.1;271.0;0;6
15;68;16.8;21.9;52.0;298.4;0.1;271.0;0;6
15;69;10.3;35.9;78.0;307.4;0.1;271.0;0;6
15;70;25.7;14.2;36.0;291.4;0.0;271.0;0;6
15;71;10.3;36.2;86.0;309.7;0.1;271.0;0;6
15;72;15.7;23.2;59.0;296.1;0.1;271.0;0;6
15;73;48.3;7.4;18.0;282.4;0.0;271.0;0;6
15;74;52.8;6.8;20.0;285.4;0.0;271.0;0;6
15;75;58.8;6.0;13.0;280.3;0.0;271.0;0;6
15;76;54.6;6.5;15.0;280.6;0.0;271.0;0;6
15;77;57.3;6.2;14.0;280.6;0.0;271.0;0;6
15;78;58.1;6.1;14.0;281.1;0.0;271.0;0;6
15;79;70.2;5.1;15.0;281.6;0.0;271.0;0;6
15;80;78.4;4.5;13.0;279.3;0.0;271.0;0;6
15;81;63.5;5.6;12.0;278.9;0.0;271.0;0;6
15;82;67.0;5.2;12.0;277.1;0.0;271.0;0;6
15;83;100.0;0.8;2.0;274.1;0.0;271.0;0;6
15;84;100.0;0.9;2.0;274.0;0.0;271.0;0;6
15;85;100.0;0.7;2.0;274.3;0.0;271.0;0;6
15;86;100.0;0.7;2.0;274.3;0.0;271.0;0;6
15;87;100.0;0.8;2.0;274.1;0.0;271.0;0;6
15;88;nan;0.0;0.0;274.0;0.0;271.0;0;6
15;89;nan;0.0;0.0;274.0;0.0;271.0;0;6
15;90;nan;0.0;0.0;274.0;0.0;271.0;0;6
15;91;nan;0.0;0.0;274.0;0.0;271.0;0;6
15;92;nan;0.0;0.0;274.0;0.0;271.0;0;6
15;93;nan;0.0;0.0;274.0;0.0;271.0;0;6
15;94;nan;0.0;0.0;274.0;0.0;271.0;0;6
15;95;nan;0.0;0.0;274.0;0.0;271.0;0;6
15;96;nan;0.0;0.0;274.0;0.0;271.0;0;6
15;97;nan;0.0;0.0;274.0;0.0;271.0;0;6
15;98;nan;0.0;0.0;274.0;0.0;271.0;0;6
15;99;nan;0.0;0.0;274.0;0.0;271.0;0;6
15;100;nan;0.0;0.0;274.0;0.0;271.0;0;6
15;101;nan;0.0;0.0;274.0;0.0;271.0;0;6
15;102;nan;0.0;0.0;274.0;0.0;271.0;0;6
15;103;nan;0.0;0.0;274.0;0.0;271.0;0;6
15;104;nan;0.0;0.0;274.0;0.0;271.0;0;6
15;105;nan;0.0;0.0;274.0;0.0;271.0;0;6
15;106;nan;0.0;0.0;274.0;0.0;271.0;0;6
15;107;nan;0.0;0.0;274.0;0.0;271.0;0;6
15;108;nan;0.0;0.0;274.0;0.0;271.0;0;6
15;109;nan;0.0;0.0;274.0;0.0;271.0;0;6
15;110;nan;0.0;0.0;274.0;0.0;271.0;0;6
15;111;12.7;28.4;68.0;297.1;0.1;271.0;0;6
15;112;22.2;16.0;41.0;285.6;0.1;271.0;0;6
15;113;19.8;18.0;43.0;287.9;0.1;271.0;0;6
15;114;83.7;4.2;11.0;276.6;0.0;271.0;0;6
15;115;nan;0.0;0.0;274.0;0.0;271.0;0;6
15;116;nan;0.0;0.0;274.0;0.0;271.0;0;6
15;117;nan;0.0;0.0;274.0;0.0;271.0;0;6
15;118;nan;0.0;0.0;274.0;0.0;271.0;0;6
15;119;nan;0.0;0.0;274.0;0.0;271.0;0;6
15;120;nan;0.0;0.0;274.0;0.0;271.0;0;6
15;121;nan;0.0;0.0;274.0;0.0;271.0;0;6
15;122;nan;0.0;0.0;274.0;0.0;271.0;0;6
15;123;nan;0.0;0.0;274.0;0.0;271.0;0;6
15;124;nan;0.0;0.0;274.0;0.0;271.0;0;6
15;125;nan;0.0;0.0;274.0;0.0;271.0;0;6
15;126;nan;0.0;0.0;274.0;0.0;271.0;0;6
15;127;nan;0.0;0.0;274.0;0.0;271.0;0;6
15;128;nan;0.0;0.0;274.0;0.0;271.0;0;6
15;129;nan;0.0;0.0;274.0;0.0;271.0;0;6
15;130;nan;0.0;0.0;274.0;0.0;271.0;0;6
15;131;nan;0.0;0.0;274.0;0.0;271.0;0;6
15;132;nan;0.0;0.0;274.0;0.0;271.0;0;6
15;133;nan;0.0;0.0;274.0;0.0;271.0;0;6
15;134;nan;0.0;0.0;274.0;0.0;271.0;0;6
15;135;nan;0.0;0.0;274.0;0.0;271.0;0;6
15;136;nan;0.0;0.0;274.0;0.0;271.0;0;6
15;137;nan;0.0;0.0;274.0;0.0;271.0;0;6
15;138;nan;0.0;0.0;274.0;0.0;271.0;0;6
15;139;nan;0.0;0.0;274.0;0.0;271.0;0;6
15;140;nan;0.0;0.0;274.0;0.0;271.0;0;6
15;141;nan;0.0;0.0;274.0;0.0;271.0;0;6
15;142;nan;0.0;0.0;274.0;0.0;271.0;0;6
15;143;nan;0.0;0.0;274.0;0.0;271.0;0;6
15;144;nan;0.0;0.0;274.0;0.0;271.0;0;6
15;145;nan;0.0;0.0;274.0;0.0;271.0;0;6
15;146;nan;0.0;0.0;274.0;0.0;271.0;0;6
15;147;nan;0.0;0.0;274.0;0.0;271.0;0;6
15;148;nan;0.0;0.0;274.0;0.0;271.0;0;6
15;149;nan;0.0;0.0;274.0;0.0;271.0;0;6
16;0;5.4;91.9;213.0;427.6;0.2;276.0;1;1
16;1;5.5;87.0;216.0;412.6;0.2;272.0;1;2
16;2;6.3;72.5;170.0;393.9;0.2;272.0;0;2
16;3;6.8;66.4;158.0;383.4;0.2;272.0;0;2
16;4;6.0;76.4;186.0;393.4;0.2;272.0;0;2
16;5;7.2;62.4;154.0;381.7;0.2;272.0;0;2
16;6;7.5;58.4;149.0;370.9;0.2;272.0;0;2
16;7;7.9;55.6;136.0;369.3;0.2;272.0;0;2
16;8;7.4;60.3;146.0;377.0;0.2;272.0;0;2
16;9;6.8;66.0;162.0;383.9;0.2;272.0;0;2
16;10;7.8;55.5;142.0;365.1;0.2;272.0;0;2
16;11;8.7;48.5;123.0;352.0;0.1;272.0;0;2
16;12;8.3;51.2;122.0;356.6;0.1;272.0;0;2
16;13;7.8;56.5;137.0;370.1;0.2;272.0;0;2
16;14;8.6;48.4;129.0;348.1;0.1;272.0;0;2
16;15;9.5;43.7;109.0;346.4;0.1;272.0;0;2
16;16;8.9;47.1;117.0;351.4;0.1;272.0;0;2
16;17;13.6;29.1;75.0;324.3;0.1;272.0;0;2
16;18;11.6;34.4;85.0;329.9;0.1;272.0;0;2
16;19;12.8;31.2;82.0;327.9;0.1;272.0;0;2
16;20;8.9;44.0;97.0;328.4;0.1;272.0;0;2
16;21;17.8;21.3;48.0;307.0;0.1;272.0;0;2
16;22;9.7;39.6;87.0;320.6;0.1;271.0;1;3
16;23;14.5;25.6;62.0;304.1;0.1;271.0;0;3
16;24;23.4;15.8;36.0;296.4;0.1;271.0;0;3
16;25;30.7;11.9;28.0;292.7;0.0;271.0;0;3
16;26;42.5;8.5;24.0;286.3;0.0;271.0;0;3
16;27;100.0;0.9;2.0;278.6;0.0;271.0;0;3
16;28;nan;0.0;0.0;278.0;0.0;271.0;0;3
16;29;nan;0.0;0.0;278.0;0.0;271.0;0;3
16;30;nan;0.0;0.0;278.0;0.0;271.0;0;3
16;31;nan;0.0;0.0;278.0;0.0;271.0;0;3
16;32;nan;0.0;0.0;278.0;0.0;271.0;0;3
16;33;nan;0.0;0.0;278.0;0.0;271.0;0;3
16;34;nan;0.0;0.0;278.0;0.0;271.0;0;3
16;35;nan;0.0;0.0;278.0;0.0;271.0;0;3
16;36;nan;0.0;0.0;278.0;0.0;271.0;0;3
16;37;nan;0.0;0.0;278.0;0.0;271.0;0;3
16;38;nan;0.0;0.0;278.0;0.0;271.0;0;3
16;39;nan;0.0;0.0;278.0;0.0;271.0;0;3
16;40;nan;0.0;0.0;278.0;0.0;271.0;0;3
16;41;nan;0.0;0.0;278.0;0.0;271.0;0;3
16;42;nan;0.0;0.0;278.0;0.0;271.0;0;3
16;43;nan;0.0;0.0;278.0;0.0;271.0;0;3
16;44;nan;0.0;0.0;278.0;0.0;271.0;0;3
16;45;nan;0.0;0.0;278.0;0.0;271.0;0;3
16;46;nan;0.0;0.0;278.0;0.0;271.0;0;3
16;47;nan;0.0;0.0;278.0;0.0;271.0;0;3
16;48;nan;0.0;0.0;278.0;0.0;271.0;0;3
16;49;nan;0.0;0.0;278.0;0.0;271.0;0;3
16;50;nan;0.0;0.0;278.0;0.0;271.0;0;3
16;51;nan;0.0;0.0;278.0;0.0;271.0;0;3
16;52;100.0;2.1;6.0;276.9;0.0;271.0;0;3
16;53;nan;0.0;0.0;278.0;0.0;271.0;0;3
16;54;nan;0.0;0.0;278.0;0.0;271.0;0;3
16;55;nan;0.0;0.0;278.0;0.0;271.0;0;3
16;56;nan;0.0;0.0;278.0;0.0;271.0;0;3
16;57;nan;0.0;0.0;278.0;0.0;271.0;0;3
16;58;nan;0.0;0.0;278.0;0.0;271.0;0;3
16;59;nan;0.0;0.0;278.0;0.0;271.0;0;3
16;60;nan;0.0;0.0;278.0;0.0;271.0;0;3
16;61;nan;0.0;0.0;278.0;0.0;271.0;0;3
16;62;nan;0.0;0.0;278.0;0.0;271.0;0;3
16;63;nan;0.0;0.0;278.0;0.0;271.0;0;3
16;64;nan;0.0;0.0;278.0;0.0;271.0;0;3
16;65;nan;0.0;0.0;278.0;0.0;271.0;0;3
16;66;nan;0.0;0.0;278.0;0.0;271.0;0;3
16;67;nan;0.0;0.0;278.0;0.0;271.0;0;3
16;68;6.6;59.2;131.0;332.1;0.2;271.0;0;3
16;69;7.3;52.4;122.0;326.0;0.2;271.0;0;3
16;70;9.5;39.2;89.0;311.6;0.1;271.0;0;3
16;71;11.4;32.8;73.0;307.3;0.1;271.0;0;3
16;72;18.0;20.1;48.0;294.1;0.1;271.0;0;3
16;73;13.0;28.5;74.0;305.1;0.1;271.0;0;3
16;74;21.9;16.4;39.0;289.6;0.1;271.0;0;3
16;75;22.0;16.4;40.0;289.9;0.1;271.0;0;3
16;76;23.0;15.6;35.0;287.6;0.1;271.0;0;3
16;77;26.4;13.6;33.0;287.3;0.0;271.0;0;3
16;78;28.9;12.3;33.0;283.6;0.0;271.0;0;3
16;79;22.5;15.8;33.0;285.9;0.1;271.0;0;3
16;80;23.8;15.1;35.0;288.7;0.1;271.0;0;3
16;81;27.2;13.1;33.0;284.3;0.0;271.0;0;3
16;82;29.7;12.0;28.0;285.1;0.0;271.0;0;3
16;83;24.0;14.9;33.0;287.0;0.1;271.0;0;3
16;84;22.6;15.7;33.0;286.0;0.1;271.0;0;3
16;85;100.0;2.3;6.0;272.4;0.0;271.0;0;3
16;86;nan;0.0;0.0;271.0;0.0;271.0;0;3
16;87;nan;0.0;0.0;271.0;0.0;271.0;0;3
16;88;nan;0.0;0.0;271.0;0.0;271.0;0;3
16;89;nan;0.0;0.0;271.0;0.0;271.0;0;3
16;90;nan;0.0;0.0;271.0;0.0;271.0;0;3
16;91;nan;0.0;0.0;271.0;0.0;271.0;0;3
16;92;nan;0.0;0.0;271.0;0.0;271.0;0;3
16;93;nan;0.0;0.0;271.0;0.0;271.0;0;3
16;94;nan;0.0;0.0;271.0;0.0;271.0;0;3
16;95;nan;0.0;0.0;271.0;0.0;271.0;0;3
16;96;nan;0.0;0.0;271.0;0.0;271.0;0;3
16;97;nan;0.0;0.0;271.0;0.0;271.0;0;3
16;98;nan;0.0;0.0;271.0;0.0;271.0;0;3
16;99;nan;0.0;0.0;271.0;0.0;271.0;0;3
16;100;nan;0.0;0.0;271.0;0.0;271.0;0;3
16;101;nan;0.0;0.0;271.0;0.0;271.0;0;3
16;102;nan;0.0;0.0;271.0;0.0;271.0;0;3
16;103;nan;0.0;0.0;271.0;0.0;271.0;0;3
16;104;nan;0.0;0.0;271.0;0.0;271.0;0;3
16;105;nan;0.0;0.0;271.0;0.0;271.0;0;3
16;106;nan;0.0;0.0;271.0;0.0;271.0;0;3
16;107;nan;0.0;0.0;271.0;0.0;271.0;0;3
16;108;nan;0.0;0.0;271.0;0.0;271.0;0;3
16;109;nan;0.0;0.0;271.0;0.0;271.0;0;3
16;110;nan;0.0;0.0;271.0;0.0;271.0;0;3
16;111;nan;0.0;0.0;271.0;0.0;271.0;0;3
16;112;nan;0.0;0.0;271.0;0.0;271.0;0;3
16;113;18.3;19.4;48.0;287.3;0.1;271.0;0;3
16;114;23.5;14.9;40.0;281.0;0.1;271.0;0;3
16;115;49.1;7.1;19.0;275.7;0.0;271.0;0;3
16;116;30.9;11.3;25.0;278.1;0.0;271.0;0;3
16;117;100.0;2.9;8.0;272.7;0.0;271.0;0;3
16;118;nan;0.0;0.0;271.0;0.0;271.0;0;3
16;119;nan;0.0;0.0;271.0;0.0;271.0;0;3
16;120;nan;0.0;0.0;271.0;0.0;271.0;0;3
16;121;nan;0.0;0.0;271.0;0.0;271.0;0;3
16;122;nan;0.0;0.0;271.0;0.0;271.0;0;3
16;123;nan;0.0;0.0;271.0;0.0;271.0;0;3
16;124;nan;0.0;0.0;271.0;0.0;271.0;0;3
16;125;nan;0.0;0.0;271.0;0.0;271.0;0;3
16;126;nan;0.0;0.0;271.0;0.0;271.0;0;3
16;127;nan;0.0;0.0;271.0;0.0;271.0;0;3
16;128;nan;0.0;0.0;271.0;0.0;271.0;0;3
16;129;nan;0.0;0.0;271.0;0.0;271.0;0;3
16;130;nan;0.0;0.0;271.0;0.0;271.0;0;3
16;131;nan;0.0;0.0;271.0;0.0;271.0;0;3
16;132;nan;0.0;0.0;271.0;0.0;271.0;0;3
16;133;nan;0.0;0.0;271.0;0.0;271.0;0;3
16;134;nan;0.0;0.0;271.0;0.0;271.0;0;3
16;135;nan;0.0;0.0;271.0;0.0;271.0;0;3
16;136;nan;0.0;0.0;271.0;0.0;271.0;0;3
16;137;nan;0.0;0.0;271.0;0.0;271.0;0;3
16;138;nan;0.0;0.0;271.0;0.0;271.0;0;3
16;139;nan;0.0;0.0;271.0;0.0;271.0;0;3
16;140;nan;0.0;0.0;271.0;0.0;271.0;0;3
16;141;nan;0.0;0.0;271.0;0.0;271.0;0;3
16;142;nan;0.0;0.0;271.0;0.0;271.0;0;3
16;143;nan;0.0;0.0;271.0;0.0;271.0;0;3
16;144;nan;0.0;0.0;271.0;0.0;271.0;0;3
16;145;nan;0.0;0.0;271.0;0.0;271.0;0;3
16;146;nan;0.0;0.0;271.0;0.0;271.0;0;3
16;147;nan;0.0;0.0;271.0;0.0;271.0;0;3
16;148;nan;0.0;0.0;271.0;0.0;271.0;0;3
16;149;nan;0.0;0.0;271.0;0.0;271.0;0;3
17;0;6.5;69.7;165.0;388.9;0.2;278.0;1;1
17;1;6.1;77.3;184.0;404.0;0.2;278.0;0;1
17;2;6.2;74.7;177.0;397.3;0.2;278.0;0;1
17;3;7.2;61.9;151.0;378.0;0.2;274.0;1;2
17;4;6.2;75.3;184.0;398.9;0.2;274.0;0;2
17;5;6.2;76.1;178.0;402.9;0.2;274.0;0;2
17;6;6.0;78.0;189.0;399.4;0.2;274.0;0;2
17;7;7.2;62.2;154.0;381.9;0.2;274.0;0;2
17;8;7.7;57.5;145.0;371.6;0.2;274.0;0;2
17;9;7.4;60.0;146.0;376.3;0.2;274.0;0;2
17;10;7.3;61.2;161.0;379.1;0.2;274.0;0;2
17;11;8.1;53.2;131.0;361.1;0.1;274.0;0;2
17;12;8.2;52.0;136.0;359.9;0.1;274.0;0;2
17;13;8.8;48.3;126.0;356.7;0.1;274.0;0;2
17;14;9.9;42.0;104.0;347.1;0.1;274.0;0;2
17;15;8.1;51.8;132.0;353.3;0.1;274.0;0;2
17;16;8.0;54.8;126.0;368.1;0.1;274.0;0;2
17;17;9.8;42.4;101.0;346.9;0.1;274.0;0;2
17;18;10.6;38.0;105.0;334.6;0.1;274.0;0;2
17;19;11.0;36.8;96.0;336.0;0.1;274.0;0;2
17;20;11.2;34.0;93.0;313.3;0.1;274.0;0;2
17;21;12.8;30.0;65.0;315.3;0.1;274.0;0;2
17;22;13.8;27.2;65.0;305.9;0.1;271.0;1;3
17;23;20.3;18.2;49.0;297.6;0.1;271.0;0;3
17;24;22.9;15.8;44.0;290.6;0.1;271.0;0;3
17;25;16.7;22.3;52.0;301.9;0.1;271.0;0;3
17;26;21.7;16.6;36.0;290.1;0.1;271.0;0;3
17;27;28.3;12.7;34.0;286.6;0.0;271.0;0;3
17;28;75.6;4.6;12.0;276.1;0.0;271.0;0;3
17;29;82.4;4.3;10.0;275.9;0.0;271.0;0;3
17;30;96.3;3.6;8.0;273.3;0.0;271.0;0;3
17;31;88.2;4.0;8.0;274.4;0.0;271.0;0;3
17;32;nan;0.0;0.0;271.0;0.0;271.0;0;3
17;33;nan;0.0;0.0;271.0;0.0;271.0;0;3
17;34;nan;0.0;0.0;271.0;0.0;271.0;0;3
17;35;nan;0.0;0.0;271.0;0.0;271.0;0;3
17;36;nan;0.0;0.0;271.0;0.0;271.0;0;3
17;37;nan;0.0;0.0;271.0;0.0;271.0;0;3
17;38;nan;0.0;0.0;271.0;0.0;271.0;0;3
17;39;nan;0.0;0.0;271.0;0.0;271.0;0;3
17;40;nan;0.0;0.0;271.0;0.0;271.0;0;3
17;41;nan;0.0;0.0;271.0;0.0;271.0;0;3
17;42;nan;0.0;0.0;271.0;0.0;271.0;0;3
17;43;nan;0.0;0.0;271.0;0.0;271.0;0;3
17;44;nan;0.0;0.0;271.0;0.0;271.0;0;3
17;45;nan;0.0;0.0;271.0;0.0;271.0;0;3
17;46;nan;0.0;0.0;271.0;0.0;271.0;0;3
17;47;nan;0.0;0.0;271.0;0.0;271.0;0;3
17;48;nan;0.0;0.0;271.0;0.0;271.0;0;3
17;49;nan;0.0;0.0;271.0;0.0;271.0;0;3
17;50;nan;0.0;0.0;271.0;0.0;271.0;0;3
17;51;nan;0.0;0.0;271.0;0.0;271.0;0;3
17;52;nan;0.0;0.0;271.0;0.0;271.0;0;3
17;53;nan;0.0;0.0;271.0;0.0;271.0;0;3
17;54;nan;0.0;0.0;271.0;0.0;271.0;0;3
17;55;nan;0.0;0.0;271.0;0.0;271.0;0;3
17;56;nan;0.0;0.0;271.0;0.0;271.0;0;3
17;57;nan;0.0;0.0;271.0;0.0;271.0;0;3
17;58;nan;0.0;0.0;271.0;0.0;271.0;0;3
17;59;nan;0.0;0.0;271.0;0.0;271.0;0;3
17;60;nan;0.0;0.0;271.0;0.0;271.0;0;3
17;61;nan;0.0;0.0;271.0;0.0;271.0;0;3
17;62;nan;0.0;0.0;271.0;0.0;271.0;0;3
17;63;nan;0.0;0.0;271.0;0.0;271.0;0;3
17;64;nan;0.0;0.0;271.0;0.0;271.0;0;3
17;65;nan;0.0;0.0;271.0;0.0;271.0;0;3
17;66;nan;0.0;0.0;271.0;0.0;271.0;0;3
17;67;nan;0.0;0.0;271.0;0.0;271.0;0;3
17;68;8.2;46.4;102.0;321.0;0.1;271.0;0;3
17;69;10.1;37.1;86.0;312.4;0.1;271.0;0;3
17;70;9.6;40.0;91.0;321.0;0.1;271.0;0;3
17;71;11.0;33.2;81.0;302.1;0.1;271.0;0;3
17;72;20.6;17.5;44.0;289.7;0.1;271.0;0;3
17;73;14.9;24.1;53.0;293.1;0.1;271.0;0;3
17;74;58.7;5.9;17.0;274.1;0.0;271.0;0;3
17;75;nan;0.0;0.0;271.0;0.0;271.0;0;3
17;76;nan;0.0;0.0;271.0;0.0;271.0;0;3
17;77;nan;0.0;0.0;271.0;0.0;271.0;0;3
17;78;nan;0.0;0.0;271.0;0.0;271.0;0;3
17;79;nan;0.0;0.0;271.0;0.0;271.0;0;3
17;80;nan;0.0;0.0;271.0;0.0;271.0;0;3
17;81;nan;0.0;0.0;271.0;0.0;271.0;0;3
17;82;nan;0.0;0.0;271.0;0.0;271.0;0;3
17;83;nan;0.0;0.0;271.0;0.0;271.0;0;3
17;84;nan;0.0;0.0;271.0;0.0;271.0;0;3
17;85;nan;0.0;0.0;271.0;0.0;271.0;0;3
17;86;nan;0.0;0.0;271.0;0.0;271.0;0;3
17;87;nan;0.0;0.0;271.0;0.0;271.0;0;3
17;88;nan;0.0;0.0;271.0;0.0;271.0;0;3
17;89;nan;0.0;0.0;271.0;0.0;271.0;0;3
17;90;nan;0.0;0.0;271.0;0.0;271.0;0;3
17;91;nan;0.0;0.0;271.0;0.0;271.0;0;3
17;92;nan;0.0;0.0;271.0;0.0;271.0;0;3
17;93;nan;0.0;0.0;271.0;0.0;271.0;0;3
17;94;nan;0.0;0.0;271.0;0.0;271.0;0;3
17;95;nan;0.0;0.0;271.0;0.0;271.0;0;3
17;96;nan;0.0;0.0;271.0;0.0;271.0;0;3
17;97;nan;0.0;0.0;271.0;0.0;271.0;0;3
17;98;nan;0.0;0.0;271.0;0.0;271.0;0;3
17;99;nan;0.0;0.0;271.0;0.0;271.0;0;3
17;100;nan;0.0;0.0;271.0;0.0;271.0;0;3
17;101;nan;0.0;0.0;271.0;0.0;271.0;0;3
17;102;nan;0.0;0.0;271.0;0.0;271.0;0;3
17;103;nan;0.0;0.0;271.0;0.0;271.0;0;3
17;104;nan;0.0;0.0;271.0;0.0;271.0;0;3
17;105;nan;0.0;0.0;271.0;0.0;271.0;0;3
17;106;nan;0.0;0.0;271.0;0.0;271.0;0;3
17;107;nan;0.0;0.0;271.0;0.0;271.0;0;3
17;108;nan;0.0;0.0;271.0;0.0;271.0;0;3
17;109;nan;0.0;0.0;271.0;0.0;271.0;0;3
17;110;nan;0.0;0.0;271.0;0.0;271.0;0;3
17;111;nan;0.0;0.0;271.0;0.0;271.0;0;3
17;112;nan;0.0;0.0;271.0;0.0;271.0;0;3
17;113;14.3;25.1;60.0;293.4;0.1;271.0;0;3
17;114;15.9;22.7;58.0;293.0;0.1;271.0;0;3
17;115;40.5;8.7;23.0;278.7;0.0;271.0;0;3
17;116;23.5;14.9;37.0;281.3;0.1;271.0;0;3
17;117;100.0;1.4;4.0;271.6;0.0;271.0;0;3
17;118;nan;0.0;0.0;271.0;0.0;271.0;0;3
17;119;nan;0.0;0.0;271.0;0.0;271.0;0;3
17;120;nan;0.0;0.0;271.0;0.0;271.0;0;3
17;121;nan;0.0;0.0;271.0;0.0;271.0;0;3
17;122;nan;0.0;0.0;271.0;0.0;271.0;0;3
17;123;nan;0.0;0.0;271.0;0.0;271.0;0;3
17;124;nan;0.0;0.0;271.0;0.0;271.0;0;3
17;125;nan;0.0;0.0;271.0;0.0;271.0;0;3
17;126;nan;0.0;0.0;271.0;0.0;271.0;0;3
17;127;nan;0.0;0.0;271.0;0.0;271.0;0;3
17;128;nan;0.0;0.0;271.0;0.0;271.0;0;3
17;129;nan;0.0;0.0;271.0;0.0;271.0;0;3
17;130;nan;0.0;0.0;271.0;0.0;271.0;0;3
17;131;nan;0.0;0.0;271.0;0.0;271.0;0;3
17;132;nan;0.0;0.0;271.0;0.0;271.0;0;3
17;133;nan;0.0;0.0;271.0;0.0;271.0;0;3
17;134;nan;0.0;0.0;271.0;0.0;271.0;0;3
17;135;nan;0.0;0.0;271.0;0.0;271.0;0;3
17;136;nan;0.0;0.0;271.0;0.0;271.0;0;3
17;137;nan;0.0;0.0;271.0;0.0;271.0;0;3
17;138;nan;0.0;0.0;271.0;0.0;271.0;0;3
17;139;nan;0.0;0.0;271.0;0.0;271.0;0;3
17;140;nan;0.0;0.0;271.0;0.0;271.0;0;3
17;141;nan;0.0;0.0;271.0;0.0;271.0;0;3
17;142;nan;0.0;0.0;271.0;0.0;271.0;0;3
17;143;nan;0.0;0.0;271.0;0.0;271.0;0;3
17;144;nan;0.0;0.0;271.0;0.0;271.0;0;3
17;145;nan;0.0;0.0;271.0;0.0;271.0;0;3
17;146;nan;0.0;0.0;271.0;0.0;271.0;0;3
17;147;nan;0.0;0.0;271.0;0.0;271.0;0;3
17;148;nan;0.0;0.0;271.0;0.0;271.0;0;3
17;149;nan;0.0;0.0;271.0;0.0;271.0;0;3
18;0;6.4;71.4;172.0;392.7;0.2;279.0;1;1
18;1;5.6;83.7;199.0;406.7;0.2;273.0;1;2
18;2;6.4;73.1;169.0;398.4;0.2;273.0;0;2
18;3;6.1;76.9;182.0;404.6;0.2;273.0;0;2
18;4;6.5;70.6;169.0;389.6;0.2;273.0;0;2
18;5;7.1;64.0;150.0;386.4;0.2;273.0;0;2
18;6;8.3;51.9;132.0;363.7;0.1;273.0;0;2
18;7;6.5;69.2;184.0;386.4;0.2;273.0;0;2
18;8;6.8;66.5;160.0;385.0;0.2;273.0;0;2
18;9;8.3;52.2;127.0;362.7;0.1;273.0;0;2
18;10;9.9;42.9;101.0;352.1;0.1;273.0;0;2
18;11;7.1;61.6;149.0;373.9;0.2;273.0;0;2
18;12;8.0;54.6;146.0;366.7;0.1;273.0;0;2
18;13;8.3;51.8;135.0;361.7;0.1;273.0;0;2
18;14;8.5;49.4;134.0;350.9;0.1;271.0;1;3
18;15;8.8;47.8;118.0;353.1;0.1;271.0;0;3
18;16;11.9;33.9;86.0;331.1;0.1;271.0;0;3
18;17;9.5;43.5;104.0;344.3;0.1;271.0;0;3
18;18;10.8;38.6;94.0;344.7;0.1;271.0;0;3
18;19;13.9;28.4;74.0;323.0;0.1;271.0;0;3
18;20;11.5;33.9;86.0;320.1;0.1;271.0;0;3
18;21;15.6;24.0;59.0;304.6;0.1;271.0;0;3
18;22;10.4;37.3;86.0;320.9;0.1;271.0;0;3
18;23;13.1;29.2;68.0;313.3;0.1;271.0;0;3
18;24;14.2;26.7;73.0;309.7;0.1;271.0;0;3
18;25;25.9;14.0;41.0;289.9;0.0;271.0;0;3
18;26;59.2;6.1;13.0;283.3;0.0;271.0;0;3
18;27;65.9;5.4;13.0;281.6;0.0;271.0;0;3
18;28;71.8;5.0;12.0;282.0;0.0;271.0;0;3
18;29;51.0;7.0;16.0;284.3;0.0;271.0;0;3
18;30;59.9;6.0;13.0;283.6;0.0;271.0;0;3
18;31;63.8;5.6;14.0;282.0;0.0;271.0;0;3
18;32;78.5;4.5;10.0;280.9;0.0;271.0;0;3
18;33;100.0;2.0;5.0;278.1;0.0;271.0;0;3
18;34;39.2;9.1;25.0;282.4;0.0;271.0;0;3
18;35;nan;0.0;0.0;276.0;0.0;271.0;0;3
18;36;nan;0.0;0.0;276.0;0.0;271.0;0;3
18;37;nan;0.0;0.0;276.0;0.0;271.0;0;3
18;38;nan;0.0;0.0;276.0;0.0;271.0;0;3
18;39;nan;0.0;0.0;276.0;0.0;271.0;0;3
18;40;nan;0.0;0.0;276.0;0.0;271.0;0;3
18;41;nan;0.0;0.0;276.0;0.0;271.0;0;3
18;42;nan;0.0;0.0;276.0;0.0;271.0;0;3
18;43;nan;0.0;0.0;276.0;0.0;271.0;0;3
18;44;nan;0.0;0.0;276.0;0.0;271.0;0;3
18;45;nan;0.0;0.0;276.0;0.0;271.0;0;3
18;46;nan;0.0;0.0;276.0;0.0;271.0;0;3
18;47;nan;0.0;0.0;276.0;0.0;271.0;0;3
18;48;nan;0.0;0.0;276.0;0.0;271.0;0;3
18;49;nan;0.0;0.0;276.0;0.0;271.0;0;3
18;50;nan;0.0;0.0;276.0;0.0;271.0;0;3
18;51;nan;0.0;0.0;276.0;0.0;271.0;0;3
18;52;nan;0.0;0.0;276.0;0.0;271.0;0;3
18;53;nan;0.0;0.0;276.0;0.0;271.0;0;3
18;54;100.0;1.7;5.0;275.3;0.0;271.0;0;3
18;55;nan;0.0;0.0;276.0;0.0;271.0;0;3
18;56;100.0;1.7;5.0;275.3;0.0;271.0;0;3
18;57;100.0;1.7;5.0;275.3;0.0;271.0;0;3
18;58;nan;0.0;0.0;276.0;0.0;271.0;0;3
18;59;100.0;1.7;5.0;275.3;0.0;271.0;0;3
18;60;7.0;55.0;123.0;325.9;0.2;271.0;0;3
18;61;9.5;39.4;96.0;313.1;0.1;271.0;0;3
18;62;9.7;38.2;92.0;309.7;0.1;271.0;0;3
18;63;10.5;35.6;80.0;310.9;0.1;271.0;0;3
18;64;10.8;35.1;76.0;313.0;0.1;271.0;0;3
18;65;14.8;24.7;65.0;298.4;0.1;271.0;0;3
18;66;18.0;20.2;54.0;293.9;0.1;271.0;0;3
18;67;27.4;13.1;37.0;287.3;0.0;271.0;0;3
18;68;25.5;14.2;33.0;290.7;0.0;271.0;0;3
18;69;24.0;15.0;35.0;288.6;0.1;271.0;0;3
18;70;26.3;13.6;33.0;287.6;0.0;271.0;0;3
18;71;28.9;12.5;26.0;289.9;0.0;271.0;0;3
18;72;27.5;13.2;33.0;289.3;0.0;271.0;0;3
18;73;25.5;14.1;33.0;288.1;0.0;271.0;0;3
18;74;26.9;13.4;33.0;288.7;0.0;271.0;0;3
18;75;29.1;12.5;33.0;290.3;0.0;271.0;0;3
18;76;25.8;13.8;31.0;284.9;0.0;271.0;0;3
18;77;24.9;14.3;31.0;285.1;0.1;271.0;0;3
18;78;nan;0.0;0.0;271.0;0.0;271.0;0;3
18;79;nan;0.0;0.0;271.0;0.0;271.0;0;3
18;80;nan;0.0;0.0;271.0;0.0;271.0;0;3
18;81;nan;0.0;0.0;271.0;0.0;271.0;0;3
18;82;nan;0.0;0.0;271.0;0.0;271.0;0;3
18;83;nan;0.0;0.0;271.0;0.0;271.0;0;3
18;84;nan;0.0;0.0;271.0;0.0;271.0;0;3
18;85;nan;0.0;0.0;271.0;0.0;271.0;0;3
18;86;nan;0.0;0.0;271.0;0.0;271.0;0;3
18;87;nan;0.0;0.0;271.0;0.0;271.0;0;3
18;88;nan;0.0;0.0;271.0;0.0;271.0;0;3
18;89;nan;0.0;0.0;271.0;0.0;271.0;0;3
18;90;nan;0.0;0.0;271.0;0.0;271.0;0;3
18;91;nan;0.0;0.0;271.0;0.0;271.0;0;3
18;92;nan;0.0;0.0;271.0;0.0;271.0;0;3
18;93;nan;0.0;0.0;271.0;0.0;271.0;0;3
18;94;nan;0.0;0.0;271.0;0.0;271.0;0;3
18;95;nan;0.0;0.0;271.0;0.0;271.0;0;3
18;96;nan;0.0;0.0;271.0;0.0;271.0;0;3
18;97;nan;0.0;0.0;271.0;0.0;271.0;0;3
18;98;nan;0.0;0.0;271.0;0.0;271.0;0;3
18;99;nan;0.0;0.0;271.0;0.0;271.0;0;3
18;100;nan;0.0;0.0;271.0;0.0;271.0;0;3
18;101;nan;0.0;0.0;271.0;0.0;271.0;0;3
18;102;nan;0.0;0.0;271.0;0.0;271.0;0;3
18;103;nan;0.0;0.0;271.0;0.0;271.0;0;3
18;104;nan;0.0;0.0;271.0;0.0;271.0;0;3
18;105;13.0;27.5;72.0;292.3;0.1;271.0;0;3
18;106;22.9;15.4;38.0;283.7;0.1;271.0;0;3
18;107;100.0;2.5;6.0;272.6;0.0;271.0;0;3
18;108;98.0;3.5;10.0;273.0;0.0;271.0;0;3
18;109;nan;0.0;0.0;271.0;0.0;271.0;0;3
18;110;nan;0.0;0.0;271.0;0.0;271.0;0;3
18;111;nan;0.0;0.0;271.0;0.0;271.0;0;3
18;112;nan;0.0;0.0;271.0;0.0;271.0;0;3
18;113;nan;0.0;0.0;271.0;0.0;271.0;0;3
18;114;nan;0.0;0.0;271.0;0.0;271.0;0;3
18;115;nan;0.0;0.0;271.0;0.0;271.0;0;3
18;116;nan;0.0;0.0;271.0;0.0;271.0;0;3
18;117;nan;0.0;0.0;271.0;0.0;271.0;0;3
18;118;nan;0.0;0.0;271.0;0.0;271.0;0;3
18;119;nan;0.0;0.0;271.0;0.0;271.0;0;3
18;120;nan;0.0;0.0;271.0;0.0;271.0;0;3
18;121;nan;0.0;0.0;271.0;0.0;271.0;0;3
18;122;nan;0.0;0.0;271.0;0.0;271.0;0;3
18;123;nan;0.0;0.0;271.0;0.0;271.0;0;3
18;124;nan;0.0;0.0;271.0;0.0;271.0;0;3
18;125;nan;0.0;0.0;271.0;0.0;271.0;0;3
18;126;nan;0.0;0.0;271.0;0.0;271.0;0;3
18;127;nan;0.0;0.0;271.0;0.0;271.0;0;3
18;128;nan;0.0;0.0;271.0;0.0;271.0;0;3
18;129;nan;0.0;0.0;271.0;0.0;271.0;0;3
18;130;nan;0.0;0.0;271.0;0.0;271.0;0;3
18;131;nan;0.0;0.0;271.0;0.0;271.0;0;3
18;132;nan;0.0;0.0;271.0;0.0;271.0;0;3
18;133;nan;0.0;0.0;271.0;0.0;271.0;0;3
18;134;nan;0.0;0.0;271.0;0.0;271.0;0;3
18;135;nan;0.0;0.0;271.0;0.0;271.0;0;3
18;136;nan;0.0;0.0;271.0;0.0;271.0;0;3
18;137;nan;0.0;0.0;271.0;0.0;271.0;0;3
18;138;nan;0.0;0.0;271.0;0.0;271.0;0;3
18;139;nan;0.0;0.0;271.0;0.0;271.0;0;3
18;140;nan;0.0;0.0;271.0;0.0;271.0;0;3
18;141;nan;0.0;0.0;271.0;0.0;271.0;0;3
18;142;nan;0.0;0.0;271.0;0.0;271.0;0;3
18;143;nan;0.0;0.0;271.0;0.0;271.0;0;3
18;144;nan;0.0;0.0;271.0;0.0;271.0;0;3
18;145;nan;0.0;0.0;271.0;0.0;271.0;0;3
18;146;nan;0.0;0.0;271.0;0.0;271.0;0;3
18;147;nan;0.0;0.0;271.0;0.0;271.0;0;3
18;148;nan;0.0;0.0;271.0;0.0;271.0;0;3
18;149;nan;0.0;0.0;271.0;0.0;271.0;0;3
19;0;5.8;81.7;191.0;411.3;0.2;278.0;1;1
19;1;6.0;76.9;187.0;399.3;0.2;271.0;1;2
19;2;6.5;71.8;172.0;396.1;0.2;271.0;0;2
19;3;6.7;67.5;164.0;386.4;0.2;271.0;0;2
19;4;6.8;66.9;163.0;388.1;0.2;271.0;0;2
19;5;6.9;67.1;158.0;395.1;0.2;271.0;0;2
19;6;6.9;66.8;158.0;391.1;0.2;271.0;0;2
19;7;6.2;74.3;182.0;394.7;0.2;271.0;0;2
19;8;7.8;55.5;141.0;366.3;0.2;271.0;0;2
19;9;7.2;62.0;146.0;377.3;0.2;271.0;0;2
19;10;7.4;61.4;146.0;382.7;0.2;271.0;0;2
19;11;8.9;48.5;122.0;362.9;0.1;271.0;0;2
19;12;8.0;53.9;138.0;364.7;0.1;271.0;0;2
19;13;8.3;51.5;127.0;358.7;0.1;271.0;0;2
19;14;9.0;46.5;119.0;349.6;0.1;271.0;0;2
19;15;9.5;43.8;120.0;348.3;0.1;271.0;0;2
19;16;10.0;42.5;107.0;353.9;0.1;271.0;0;2
19;17;9.5;44.1;119.0;347.9;0.1;271.0;0;2
19;18;9.8;42.4;106.0;344.1;0.1;271.0;0;2
19;19;12.8;31.6;77.0;331.6;0.1;271.0;0;2
19;20;12.0;32.2;83.0;318.7;0.1;271.0;0;2
19;21;12.1;31.4;71.0;311.9;0.1;271.0;0;2
19;22;14.4;25.9;64.0;304.4;0.1;271.0;0;2
19;23;16.2;23.2;54.0;304.6;0.1;271.0;0;2
19;24;16.6;22.1;53.0;297.6;0.1;271.0;0;2
19;25;18.4;20.3;46.0;301.3;0.1;271.0;0;2
19;26;26.5;13.8;39.0;293.3;0.0;271.0;0;2
19;27;100.0;0.3;1.0;274.9;0.0;271.0;0;2
19;28;nan;0.0;0.0;275.0;0.0;271.0;0;2
19;29;nan;0.0;0.0;275.0;0.0;271.0;0;2
19;30;nan;0.0;0.0;275.0;0.0;271.0;0;2
19;31;100.0;0.3;1.0;274.9;0.0;271.0;0;2
19;32;nan;0.0;0.0;275.0;0.0;271.0;0;2
19;33;nan;0.0;0.0;275.0;0.0;271.0;0;2
19;34;nan;0.0;0.0;275.0;0.0;271.0;0;2
19;35;nan;0.0;0.0;275.0;0.0;271.0;0;2
19;36;nan;0.0;0.0;275.0;0.0;271.0;0;2
19;37;nan;0.0;0.0;275.0;0.0;271.0;0;2
19;38;nan;0.0;0.0;275.0;0.0;271.0;0;2
19;39;nan;0.0;0.0;275.0;0.0;271.0;0;2
19;40;nan;0.0;0.0;275.0;0.0;271.0;0;2
19;41;nan;0.0;0.0;275.0;0.0;271.0;0;2
19;42;nan;0.0;0.0;275.0;0.0;271.0;0;2
19;43;nan;0.0;0.0;275.0;0.0;271.0;0;2
19;44;nan;0.0;0.0;275.0;0.0;271.0;0;2
19;45;nan;0.0;0.0;275.0;0.0;271.0;0;2
19;46;nan;0.0;0.0;275.0;0.0;271.0;0;2
19;47;6.9;59.9;141.0;352.4;0.2;271.0;0;2
19;48;8.3;49.0;106.0;340.4;0.1;271.0;0;2
19;49;8.9;44.0;105.0;327.9;0.1;271.0;0;2
19;50;11.4;33.3;80.0;312.6;0.1;271.0;0;2
19;51;10.1;38.3;94.0;320.4;0.1;271.0;0;2
19;52;14.2;27.0;68.0;313.0;0.1;271.0;0;2
19;53;13.4;28.3;62.0;309.7;0.1;271.0;0;2
19;54;52.2;6.8;20.0;279.1;0.0;271.0;0;2
19;55;16.4;22.0;49.0;293.6;0.1;271.0;0;2
19;56;nan;0.0;0.0;275.0;0.0;271.0;0;2
19;57;nan;0.0;0.0;275.0;0.0;271.0;0;2
19;58;nan;0.0;0.0;275.0;0.0;271.0;0;2
19;59;nan;0.0;0.0;275.0;0.0;271.0;0;2
19;60;nan;0.0;0.0;275.0;0.0;271.0;0;2
19;61;nan;0.0;0.0;275.0;0.0;271.0;0;2
19;62;nan;0.0;0.0;275.0;0.0;271.0;0;2
19;63;nan;0.0;0.0;275.0;0.0;271.0;0;2
19;64;nan;0.0;0.0;275.0;0.0;271.0;0;2
19;65;nan;0.0;0.0;275.0;0.0;271.0;0;2
19;66;nan;0.0;0.0;275.0;0.0;271.0;0;2
19;67;nan;0.0;0.0;275.0;0.0;271.0;0;2
19;68;nan;0.0;0.0;275.0;0.0;271.0;0;2
19;69;nan;0.0;0.0;275.0;0.0;271.0;0;2
19;70;nan;0.0;0.0;275.0;0.0;271.0;0;2
19;71;nan;0.0;0.0;275.0;0.0;271.0;0;2
19;72;nan;0.0;0.0;275.0;0.0;271.0;0;2
19;73;nan;0.0;0.0;275.0;0.0;271.0;0;2
19;74;nan;0.0;0.0;275.0;0.0;271.0;0;2
19;75;nan;0.0;0.0;275.0;0.0;271.0;0;2
19;76;nan;0.0;0.0;275.0;0.0;271.0;0;2
19;77;nan;0.0;0.0;275.0;0.0;271.0;0;2
19;78;nan;0.0;0.0;275.0;0.0;271.0;0;2
19;79;nan;0.0;0.0;275.0;0.0;271.0;0;2
19;80;nan;0.0;0.0;275.0;0.0;271.0;0;2
19;81;nan;0.0;0.0;275.0;0.0;271.0;0;2
19;82;nan;0.0;0.0;275.0;0.0;271.0;0;2
19;83;nan;0.0;0.0;275.0;0.0;271.0;0;2
19;84;nan;0.0;0.0;275.0;0.0;271.0;0;2
19;85;nan;0.0;0.0;275.0;0.0;271.0;0;2
19;86;nan;0.0;0.0;275.0;0.0;271.0;0;2
19;87;nan;0.0;0.0;275.0;0.0;271.0;0;2
19;88;nan;0.0;0.0;275.0;0.0;271.0;0;2
19;89;nan;0.0;0.0;275.0;0.0;271.0;0;2
19;90;nan;0.0;0.0;275.0;0.0;271.0;0;2
19;91;nan;0.0;0.0;275.0;0.0;271.0;0;2
19;92;11.4;33.0;81.0;310.1;0.1;271.0;0;2
19;93;15.6;23.3;53.0;295.7;0.1;271.0;0;2
19;94;16.2;22.2;61.0;292.6;0.1;271.0;0;2
19;95;27.5;13.0;32.0;286.3;0.0;271.0;0;2
19;96;24.5;14.5;38.0;283.7;0.1;271.0;0;2
19;97;nan;0.0;0.0;275.0;0.0;271.0;0;2
19;98;53.7;6.6;19.0;278.1;0.0;271.0;0;2
19;99;nan;0.0;0.0;275.0;0.0;271.0;0;2
19;100;nan;0.0;0.0;275.0;0.0;271.0;0;2
19;101;nan;0.0;0.0;275.0;0.0;271.0;0;2
19;102;nan;0.0;0.0;275.0;0.0;271.0;0;2
19;103;nan;0.0;0.0;275.0;0.0;271.0;0;2
19;104;nan;0.0;0.0;275.0;0.0;271.0;0;2
19;105;nan;0.0;0.0;275.0;0.0;271.0;0;2
19;106;nan;0.0;0.0;275.0;0.0;271.0;0;2
19;107;nan;0.0;0.0;275.0;0.0;271.0;0;2
19;108;nan;0.0;0.0;275.0;0.0;271.0;0;2
19;109;nan;0.0;0.0;275.0;0.0;271.0;0;2
19;110;nan;0.0;0.0;275.0;0.0;271.0;0;2
19;111;nan;0.0;0.0;275.0;0.0;271.0;0;2
19;112;nan;0.0;0.0;275.0;0.0;271.0;0;2
19;113;nan;0.0;0.0;275.0;0.0;271.0;0;2
19;114;nan;0.0;0.0;275.0;0.0;271.0;0;2
19;115;nan;0.0;0.0;275.0;0.0;271.0;0;2
19;116;nan;0.0;0.0;275.0;0.0;271.0;0;2
19;117;nan;0.0;0.0;275.0;0.0;271.0;0;2
19;118;nan;0.0;0.0;275.0;0.0;271.0;0;2
19;119;nan;0.0;0.0;275.0;0.0;271.0;0;2
19;120;nan;0.0;0.0;275.0;0.0;271.0;0;2
19;121;nan;0.0;0.0;275.0;0.0;271.0;0;2
19;122;nan;0.0;0.0;275.0;0.0;271.0;0;2
19;123;nan;0.0;0.0;275.0;0.0;271.0;0;2
19;124;nan;0.0;0.0;275.0;0.0;271.0;0;2
19;125;nan;0.0;0.0;275.0;0.0;271.0;0;2
19;126;nan;0.0;0.0;275.0;0.0;271.0;0;2
19;127;nan;0.0;0.0;275.0;0.0;271.0;0;2
19;128;nan;0.0;0.0;275.0;0.0;271.0;0;2
19;129;nan;0.0;0.0;275.0;0.0;271.0;0;2
19;130;nan;0.0;0.0;275.0;0.0;271.0;0;2
19;131;nan;0.0;0.0;275.0;0.0;271.0;0;2
19;132;nan;0.0;0.0;275.0;0.0;271.0;0;2
19;133;nan;0.0;0.0;275.0;0.0;271.0;0;2
19;134;nan;0.0;0.0;275.0;0.0;271.0;0;2
19;135;nan;0.0;0.0;275.0;0.0;271.0;0;2
19;136;nan;0.0;0.0;275.0;0.0;271.0;0;2
19;137;100.0;3.1;9.0;276.3;0.0;271.0;0;2
19;138;76.1;4.6;14.0;276.7;0.0;271.0;0;2
19;139;nan;0.0;0.0;275.0;0.0;271.0;0;2
19;140;nan;0.0;0.0;275.0;0.0;271.0;0;2
19;141;nan;0.0;0.0;275.0;0.0;271.0;0;2
19;142;nan;0.0;0.0;275.0;0.0;271.0;0;2
19;143;nan;0.0;0.0;275.0;0.0;271.0;0;2
19;144;nan;0.0;0.0;275.0;0.0;271.0;0;2
19;145;nan;0.0;0.0;275.0;0.0;271.0;0;2
19;146;nan;0.0;0.0;275.0;0.0;271.0;0;2
19;147;nan;0.0;0.0;275.0;0.0;271.0;0;2
19;148;nan;0.0;0.0;275.0;0.0;271.0;0;2
19;149;nan;0.0;0.0;275.0;0.0;271.0;0;2
20;0;6.9;66.0;156.0;388.6;0.2;282.0;1;1
20;1;5.7;83.7;201.0;412.1;0.2;279.0;1;2
20;2;6.1;77.6;185.0;409.1;0.2;279.0;0;2
20;3;6.7;68.5;166.0;391.6;0.2;279.0;0;2
20;4;8.3;53.5;136.0;371.9;0.1;279.0;0;2
20;5;6.2;73.5;176.0;393.7;0.2;276.0;1;3
20;6;7.3;61.6;151.0;380.6;0.2;276.0;0;3
20;7;7.3;62.7;153.0;387.4;0.2;276.0;0;3
20;8;6.9;65.4;157.0;384.1;0.2;276.0;0;3
20;9;7.9;55.4;139.0;368.0;0.2;276.0;0;3
20;10;7.2;61.8;151.0;375.4;0.2;273.0;1;4
20;11;8.2;52.5;129.0;363.9;0.1;273.0;0;4
20;12;8.8;49.0;119.0;362.3;0.1;273.0;0;4
20;13;7.8;54.9;142.0;360.7;0.2;273.0;0;4
20;14;9.4;43.7;119.0;344.6;0.1;271.0;1;5
20;15;9.5;43.6;106.0;346.3;0.1;271.0;0;5
20;16;10.0;41.9;103.0;348.4;0.1;271.0;0;5
20;17;10.8;37.1;98.0;332.3;0.1;271.0;0;5
20;18;16.1;24.6;61.0;322.6;0.1;271.0;0;5
20;19;12.2;33.3;83.0;334.3;0.1;271.0;0;5
20;20;13.9;27.7;68.0;314.4;0.1;271.0;0;5
20;21;13.5;28.2;63.0;310.7;0.1;271.0;0;5
20;22;11.1;34.9;86.0;319.3;0.1;271.0;0;5
20;23;12.8;29.5;64.0;309.6;0.1;271.0;0;5
20;24;20.7;17.7;48.0;295.3;0.1;271.0;0;5
20;25;28.5;12.8;36.0;290.3;0.0;271.0;0;5
20;26;40.2;9.0;24.0;285.9;0.0;271.0;0;5
20;27;41.0;8.7;21.0;284.4;0.0;271.0;0;5
20;28;94.0;3.8;9.0;279.0;0.0;271.0;0;5
20;29;100.0;2.5;5.0;277.9;0.0;271.0;0;5
20;30;100.0;2.7;6.0;277.7;0.0;271.0;0;5
20;31;100.0;2.7;6.0;277.7;0.0;271.0;0;5
20;32;100.0;2.5;5.0;277.9;0.0;271.0;0;5
20;33;nan;0.0;0.0;275.0;0.0;271.0;0;5
20;34;100.0;2.3;5.0;276.4;0.0;271.0;0;5
20;35;100.0;2.2;5.0;276.7;0.0;271.0;0;5
20;36;nan;0.0;0.0;275.0;0.0;271.0;0;5
20;37;nan;0.0;0.0;275.0;0.0;271.0;0;5
20;38;nan;0.0;0.0;275.0;0.0;271.0;0;5
20;39;nan;0.0;0.0;275.0;0.0;271.0;0;5
20;40;nan;0.0;0.0;275.0;0.0;271.0;0;5
20;41;nan;0.0;0.0;275.0;0.0;271.0;0;5
20;42;nan;0.0;0.0;275.0;0.0;271.0;0;5
20;43;nan;0.0;0.0;275.0;0.0;271.0;0;5
20;44;100.0;0.3;1.0;274.9;0.0;271.0;0;5
20;45;nan;0.0;0.0;275.0;0.0;271.0;0;5
20;46;nan;0.0;0.0;275.0;0.0;271.0;0;5
20;47;nan;0.0;0.0;275.0;0.0;271.0;0;5
20;48;nan;0.0;0.0;275.0;0.0;271.0;0;5
20;49;nan;0.0;0.0;275.0;0.0;271.0;0;5
20;50;nan;0.0;0.0;275.0;0.0;271.0;0;5
20;51;nan;0.0;0.0;275.0;0.0;271.0;0;5
20;52;nan;0.0;0.0;275.0;0.0;271.0;0;5
20;53;nan;0.0;0.0;275.0;0.0;271.0;0;5
20;54;nan;0.0;0.0;275.0;0.0;271.0;0;5
20;55;nan;0.0;0.0;275.0;0.0;271.0;0;5
20;56;nan;0.0;0.0;275.0;0.0;271.0;0;5
20;57;nan;0.0;0.0;275.0;0.0;271.0;0;5
20;58;nan;0.0;0.0;275.0;0.0;271.0;0;5
20;59;nan;0.0;0.0;275.0;0.0;271.0;0;5
20;60;5.5;71.4;153.0;341.4;0.2;271.0;0;5
20;61;9.9;37.9;84.0;312.1;0.1;271.0;0;5
20;62;12.1;30.9;71.0;307.3;0.1;271.0;0;5
20;63;12.4;30.0;71.0;306.4;0.1;271.0;0;5
20;64;10.9;34.3;78.0;309.6;0.1;271.0;0;5
20;65;13.0;28.8;64.0;307.9;0.1;271.0;0;5
20;66;20.3;17.8;48.0;290.9;0.1;271.0;0;5
20;67;36.7;9.8;24.0;284.9;0.0;271.0;0;5
20;68;91.4;3.8;11.0;276.6;0.0;271.0;0;5
20;69;nan;0.0;0.0;275.0;0.0;271.0;0;5
20;70;nan;0.0;0.0;275.0;0.0;271.0;0;5
20;71;nan;0.0;0.0;275.0;0.0;271.0;0;5
20;72;nan;0.0;0.0;275.0;0.0;271.0;0;5
20;73;nan;0.0;0.0;275.0;0.0;271.0;0;5
20;74;nan;0.0;0.0;275.0;0.0;271.0;0;5
20;75;nan;0.0;0.0;275.0;0.0;271.0;0;5
20;76;nan;0.0;0.0;275.0;0.0;271.0;0;5
20;77;nan;0.0;0.0;275.0;0.0;271.0;0;5
20;78;nan;0.0;0.0;275.0;0.0;271.0;0;5
20;79;nan;0.0;0.0;275.0;0.0;271.0;0;5
20;80;nan;0.0;0.0;275.0;0.0;271.0;0;5
20;81;nan;0.0;0.0;275.0;0.0;271.0;0;5
20;82;nan;0.0;0.0;275.0;0.0;271.0;0;5
20;83;nan;0.0;0.0;275.0;0.0;271.0;0;5
20;84;nan;0.0;0.0;275.0;0.0;271.0;0;5
20;85;nan;0.0;0.0;275.0;0.0;271.0;0;5
20;86;nan;0.0;0.0;275.0;0.0;271.0;0;5
20;87;nan;0.0;0.0;275.0;0.0;271.0;0;5
20;88;nan;0.0;0.0;275.0;0.0;271.0;0;5
20;89;nan;0.0;0.0;275.0;0.0;271.0;0;5
20;90;nan;0.0;0.0;275.0;0.0;271.0;0;5
20;91;nan;0.0;0.0;275.0;0.0;271.0;0;5
20;92;nan;0.0;0.0;275.0;0.0;271.0;0;5
20;93;nan;0.0;0.0;275.0;0.0;271.0;0;5
20;94;nan;0.0;0.0;275.0;0.0;271.0;0;5
20;95;nan;0.0;0.0;275.0;0.0;271.0;0;5
20;96;nan;0.0;0.0;275.0;0.0;271.0;0;5
20;97;nan;0.0;0.0;275.0;0.0;271.0;0;5
20;98;nan;0.0;0.0;275.0;0.0;271.0;0;5
20;99;nan;0.0;0.0;275.0;0.0;271.0;0;5
20;100;nan;0.0;0.0;275.0;0.0;271.0;0;5
20;101;nan;0.0;0.0;275.0;0.0;271.0;0;5
20;102;nan;0.0;0.0;275.0;0.0;271.0;0;5
20;103;nan;0.0;0.0;275.0;0.0;271.0;0;5
20;104;nan;0.0;0.0;275.0;0.0;271.0;0;5
20;105;15.8;23.0;59.0;295.6;0.1;271.0;0;5
20;106;15.8;22.6;52.0;290.0;0.1;271.0;0;5
20;107;18.6;19.0;45.0;286.4;0.1;271.0;0;5
20;108;100.0;3.0;8.0;276.9;0.0;271.0;0;5
20;109;82.1;4.3;10.0;277.7;0.0;271.0;0;5
20;110;100.0;1.7;5.0;275.7;0.0;271.0;0;5
20;111;nan;0.0;0.0;275.0;0.0;271.0;0;5
20;112;nan;0.0;0.0;275.0;0.0;271.0;0;5
20;113;nan;0.0;0.0;275.0;0.0;271.0;0;5
20;114;nan;0.0;0.0;275.0;0.0;271.0;0;5
20;115;nan;0.0;0.0;275.0;0.0;271.0;0;5
20;116;nan;0.0;0.0;275.0;0.0;271.0;0;5
20;117;nan;0.0;0.0;275.0;0.0;271.0;0;5
20;118;nan;0.0;0.0;275.0;0.0;271.0;0;5
20;119;nan;0.0;0.0;275.0;0.0;271.0;0;5
20;120;nan;0.0;0.0;275.0;0.0;271.0;0;5
20;121;nan;0.0;0.0;275.0;0.0;271.0;0;5
20;122;nan;0.0;0.0;275.0;0.0;271.0;0;5
20;123;nan;0.0;0.0;275.0;0.0;271.0;0;5
20;124;nan;0.0;0.0;275.0;0.0;271.0;0;5
20;125;nan;0.0;0.0;275.0;0.0;271.0;0;5
20;126;nan;0.0;0.0;275.0;0.0;271.0;0;5
20;127;nan;0.0;0.0;275.0;0.0;271.0;0;5
20;128;nan;0.0;0.0;275.0;0.0;271.0;0;5
20;129;nan;0.0;0.0;275.0;0.0;271.0;0;5
20;130;nan;0.0;0.0;275.0;0.0;271.0;0;5
20;131;nan;0.0;0.0;275.0;0.0;271.0;0;5
20;132;nan;0.0;0.0;275.0;0.0;271.0;0;5
20;133;nan;0.0;0.0;275.0;0.0;271.0;0;5
20;134;nan;0.0;0.0;275.0;0.0;271.0;0;5
20;135;nan;0.0;0.0;275.0;0.0;271.0;0;5
20;136;nan;0.0;0.0;275.0;0.0;271.0;0;5
20;137;nan;0.0;0.0;275.0;0.0;271.0;0;5
20;138;nan;0.0;0.0;275.0;0.0;271.0;0;5
20;139;nan;0.0;0.0;275.0;0.0;271.0;0;5
20;140;nan;0.0;0.0;275.0;0.0;271.0;0;5
20;141;nan;0.0;0.0;275.0;0.0;271.0;0;5
20;142;nan;0.0;0.0;275.0;0.0;271.0;0;5
20;143;nan;0.0;0.0;275.0;0.0;271.0;0;5
20;144;nan;0.0;0.0;275.0;0.0;271.0;0;5
20;145;nan;0.0;0.0;275.0;0.0;271.0;0;5
20;146;nan;0.0;0.0;275.0;0.0;271.0;0;5
20;147;nan;0.0;0.0;275.0;0.0;271.0;0;5
20;148;nan;0.0;0.0;275.0;0.0;271.0;0;5
20;149;nan;0.0;0.0;275.0;0.0;271.0;0;5
21;0;5.9;79.0;187.0;401.0;0.2;273.0;1;1
21;1;6.2;74.7;183.0;397.4;0.2;273.0;0;1
21;2;6.0;78.1;189.0;401.6;0.2;273.0;0;1
21;3;7.4;60.5;148.0;380.9;0.2;273.0;0;1
21;4;6.6;68.8;166.0;390.1;0.2;273.0;0;1
21;5;7.0;65.7;155.0;391.0;0.2;273.0;0;1
21;6;6.5;70.6;169.0;393.1;0.2;273.0;0;1
21;7;6.9;64.7;155.0;382.3;0.2;273.0;0;1
21;8;6.3;73.8;182.0;395.4;0.2;273.0;0;1
21;9;7.6;57.6;144.0;372.0;0.2;273.0;0;1
21;10;7.2;61.8;145.0;377.4;0.2;273.0;0;1
21;11;7.5;58.5;148.0;369.0;0.2;273.0;0;1
21;12;7.4;60.5;148.0;380.6;0.2;273.0;0;1
21;13;9.7;43.0;106.0;347.7;0.1;273.0;0;1
21;14;9.1;46.3;123.0;352.7;0.1;273.0;0;1
21;15;10.4;39.6;97.0;341.1;0.1;273.0;0;1
21;16;9.0;47.1;122.0;353.6;0.1;273.0;0;1
21;17;10.6;38.9;95.0;341.7;0.1;273.0;0;1
21;18;8.6;47.3;116.0;339.9;0.1;273.0;0;1
21;19;11.1;37.2;93.0;341.0;0.1;273.0;0;1
21;20;8.0;50.0;115.0;337.7;0.1;273.0;0;1
21;21;12.1;31.5;77.0;314.0;0.1;273.0;0;1
21;22;11.1;34.4;81.0;315.0;0.1;273.0;0;1
21;23;11.7;32.5;85.0;313.1;0.1;273.0;0;1
21;24;14.6;25.7;60.0;307.7;0.1;273.0;0;1
21;25;37.7;9.6;25.0;286.6;0.0;273.0;0;1
21;26;53.3;6.7;17.0;283.1;0.0;273.0;0;1
21;27;96.9;3.7;11.0;282.0;0.0;273.0;0;1
21;28;78.8;4.5;10.0;280.1;0.0;273.0;0;1
21;29;78.8;4.5;10.0;280.1;0.0;273.0;0;1
21;30;81.1;4.4;10.0;279.9;0.0;273.0;0;1
21;31;84.8;4.2;10.0;277.1;0.0;273.0;0;1
21;32;61.1;5.8;13.0;279.6;0.0;273.0;0;1
21;33;61.0;5.8;13.0;280.3;0.0;273.0;0;1
21;34;63.1;5.6;13.0;277.4;0.0;273.0;0;1
21;35;100.0;1.5;4.0;274.3;0.0;273.0;0;1
21;36;55.9;6.3;13.0;278.7;0.0;273.0;0;1
21;37;56.6;6.3;13.0;280.6;0.0;273.0;0;1
21;38;79.8;4.4;13.0;276.3;0.0;273.0;0;1
21;39;100.0;2.0;5.0;274.9;0.0;273.0;0;1
21;40;100.0;0.5;1.0;273.6;0.0;273.0;0;1
21;41;100.0;1.6;5.0;274.1;0.0;273.0;0;1
21;42;81.7;4.3;13.0;276.3;0.0;273.0;0;1
21;43;100.0;2.9;8.0;275.6;0.0;273.0;0;1
21;44;100.0;0.8;2.0;273.9;0.0;273.0;0;1
21;45;100.0;0.7;2.0;273.7;0.0;273.0;0;1
21;46;8.4;47.8;118.0;336.0;0.1;273.0;0;1
21;47;10.3;37.8;82.0;323.9;0.1;273.0;0;1
21;48;9.4;41.3;97.0;323.9;0.1;273.0;0;1
21;49;10.3;38.1;95.0;327.0;0.1;273.0;0;1
21;50;10.1;39.4;89.0;329.9;0.1;273.0;0;1
21;51;12.5;30.2;71.0;310.0;0.1;273.0;0;1
21;52;11.2;34.0;97.0;315.7;0.1;273.0;0;1
21;53;19.2;19.5;48.0;302.6;0.1;273.0;0;1
21;54;17.0;21.4;50.0;296.3;0.1;273.0;0;1
21;55;100.0;0.7;2.0;273.6;0.0;273.0;0;1
21;56;100.0;0.5;1.0;273.4;0.0;273.0;0;1
21;57;100.0;0.7;2.0;273.6;0.0;273.0;0;1
21;58;100.0;0.5;1.0;273.4;0.0;273.0;0;1
21;59;78.4;4.5;13.0;275.6;0.0;273.0;0;1
21;60;100.0;0.5;1.0;273.4;0.0;273.0;0;1
21;61;78.1;4.5;13.0;276.6;0.0;273.0;0;1
21;62;85.5;4.1;12.0;275.6;0.0;273.0;0;1
21;63;56.2;6.3;13.0;278.4;0.0;273.0;0;1
21;64;100.0;1.7;4.0;274.4;0.0;273.0;0;1
21;65;81.6;4.3;13.0;276.4;0.0;273.0;0;1
21;66;57.5;6.1;13.0;279.0;0.0;273.0;0;1
21;67;67.8;5.2;12.0;280.0;0.0;273.0;0;1
21;68;100.0;0.7;2.0;273.6;0.0;273.0;0;1
21;69;100.0;1.7;5.0;274.0;0.0;273.0;0;1
21;70;100.0;0.5;1.0;273.4;0.0;273.0;0;1
21;71;100.0;1.4;4.0;274.0;0.0;273.0;0;1
21;72;76.1;4.6;11.0;276.7;0.0;273.0;0;1
21;73;61.9;5.7;13.0;277.4;0.0;273.0;0;1
21;74;55.9;6.3;13.0;278.7;0.0;273.0;0;1
21;75;100.0;1.0;2.0;273.9;0.0;273.0;0;1
21;76;100.0;2.0;5.0;274.6;0.0;273.0;0;1
21;77;100.0;0.5;1.0;273.4;0.0;273.0;0;1
21;78;54.8;6.4;13.0;278.6;0.0;273.0;0;1
21;79;57.0;6.2;13.0;278.9;0.0;273.0;0;1
21;80;61.9;5.7;13.0;277.4;0.0;273.0;0;1
21;81;100.0;1.0;2.0;273.9;0.0;273.0;0;1
21;82;100.0;2.0;5.0;274.6;0.0;273.0;0;1
21;83;58.8;6.0;13.0;279.1;0.0;273.0;0;1
21;84;100.0;2.0;5.0;274.6;0.0;273.0;0;1
21;85;57.5;6.1;13.0;279.0;0.0;273.0;0;1
21;86;64.3;5.5;13.0;277.6;0.0;273.0;0;1
21;87;67.7;5.2;13.0;278.0;0.0;273.0;0;1
21;88;77.2;4.5;13.0;275.4;0.0;273.0;0;1
21;89;66.1;5.3;13.0;277.9;0.0;273.0;0;1
21;90;59.7;5.9;13.0;276.7;0.0;273.0;0;1
21;91;6.1;64.5;136.0;337.3;0.2;273.0;0;1
21;92;6.7;58.7;131.0;335.0;0.2;273.0;0;1
21;93;9.0;41.5;95.0;313.4;0.1;273.0;0;1
21;94;9.1;41.2;96.0;313.6;0.1;273.0;0;1
21;95;12.8;28.4;71.0;297.6;0.1;273.0;0;1
21;96;21.6;16.5;42.0;287.0;0.1;271.0;1;2
21;97;11.5;31.6;77.0;299.6;0.1;271.0;0;2
21;98;21.5;16.6;43.0;287.9;0.1;271.0;0;2
21;99;14.1;25.5;63.0;293.6;0.1;271.0;0;2
21;100;20.0;17.9;46.0;289.0;0.1;271.0;0;2
21;101;24.2;14.9;41.0;290.6;0.1;271.0;0;2
21;102;100.0;0.5;1.0;273.3;0.0;271.0;0;2
21;103;100.0;0.5;1.0;273.3;0.0;271.0;0;2
21;104;100.0;2.3;5.0;274.4;0.0;271.0;0;2
21;105;64.4;5.4;13.0;276.4;0.0;271.0;0;2
21;106;67.7;5.2;13.0;278.0;0.0;271.0;0;2
21;107;67.7;5.2;13.0;278.0;0.0;271.0;0;2
21;108;73.2;4.8;13.0;278.6;0.0;271.0;0;2
21;109;100.0;0.5;1.0;273.3;0.0;271.0;0;2
21;110;72.2;4.9;13.0;278.4;0.0;271.0;0;2
21;111;100.0;0.5;1.0;273.3;0.0;271.0;0;2
21;112;100.0;2.8;8.0;274.3;0.0;271.0;0;2
21;113;100.0;0.5;1.0;273.3;0.0;271.0;0;2
21;114;64.3;5.5;13.0;277.6;0.0;271.0;0;2
21;115;67.7;5.2;13.0;278.0;0.0;271.0;0;2
21;116;100.0;0.5;1.0;273.3;0.0;271.0;0;2
21;117;61.7;5.7;13.0;277.1;0.0;271.0;0;2
21;118;97.0;3.6;8.0;275.3;0.0;271.0;0;2
21;119;64.3;5.5;13.0;277.6;0.0;271.0;0;2
21;120;78.4;4.5;10.0;278.9;0.0;271.0;0;2
21;121;77.6;4.5;13.0;275.0;0.0;271.0;0;2
21;122;100.0;3.5;10.0;274.6;0.0;271.0;0;2
21;123;82.5;4.3;13.0;276.1;0.0;271.0;0;2
21;124;86.5;4.1;13.0;276.6;0.0;271.0;0;2
21;125;79.7;4.4;13.0;275.7;0.0;271.0;0;2
21;126;86.5;4.1;13.0;276.6;0.0;271.0;0;2
21;127;67.7;5.2;13.0;278.0;0.0;271.0;0;2
21;128;78.4;4.5;10.0;278.9;0.0;271.0;0;2
21;129;100.0;0.5;1.0;273.3;0.0;271.0;0;2
21;130;61.7;5.7;13.0;277.1;0.0;271.0;0;2
21;131;100.0;0.5;1.0;273.3;0.0;271.0;0;2
21;132;61.7;5.7;13.0;277.1;0.0;271.0;0;2
21;133;86.5;4.1;13.0;276.6;0.0;271.0;0;2
21;134;100.0;3.5;10.0;274.9;0.0;271.0;0;2
21;135;100.0;0.3;1.0;273.1;0.0;271.0;0;2
21;136;82.5;4.3;13.0;276.1;0.0;271.0;0;2
21;137;82.5;4.3;13.0;276.1;0.0;271.0;0;2
21;138;79.7;4.4;13.0;275.7;0.0;271.0;0;2
21;139;92.3;3.8;13.0;277.0;0.0;271.0;0;2
21;140;86.5;4.1;13.0;276.6;0.0;271.0;0;2
21;141;100.0;0.3;1.0;273.1;0.0;271.0;0;2
21;142;30.1;11.7;34.0;281.6;0.0;271.0;0;2
21;143;12.5;28.5;85.0;292.9;0.1;271.0;0;2
21;144;100.0;0.3;1.0;273.1;0.0;271.0;0;2
21;145;100.0;0.3;1.0;273.1;0.0;271.0;0;2
21;146;100.0;0.3;1.0;273.1;0.0;271.0;0;2
21;147;92.3;3.8;13.0;277.0;0.0;271.0;0;2
21;148;84.4;4.2;13.0;276.3;0.0;271.0;0;2
21;149;100.0;3.5;10.0;277.4;0.0;271.0;0;2
22;0;6.0;77.7;190.0;401.6;0.2;274.0;1;1
22;1;6.7;67.0;167.0;381.0;0.2;274.0;0;1
22;2;6.1;75.4;186.0;397.6;0.2;274.0;0;1
22;3;7.0;64.7;155.0;385.1;0.2;274.0;0;1
22;4;6.7;67.9;163.0;387.0;0.2;271.0;1;2
22;5;6.3;73.0;172.0;395.1;0.2;271.0;0;2
22;6;7.6;57.2;137.0;367.6;0.2;271.0;0;2
22;7;6.8;67.1;159.0;389.3;0.2;271.0;0;2
22;8;6.9;64.3;163.0;380.0;0.2;271.0;0;2
22;9;7.2;62.4;156.0;380.3;0.2;271.0;0;2
22;10;8.0;54.2;133.0;366.6;0.1;271.0;0;2
22;11;10.0;41.6;104.0;344.0;0.1;271.0;0;2
22;12;7.9;54.5;132.0;361.1;0.2;271.0;0;2
22;13;9.1;45.7;110.0;348.9;0.1;271.0;0;2
22;14;9.0;46.7;116.0;350.0;0.1;271.0;0;2
22;15;9.9;41.3;105.0;340.0;0.1;271.0;0;2
22;16;9.8;43.4;102.0;352.6;0.1;271.0;0;2
22;17;13.6;29.0;75.0;322.9;0.1;271.0;0;2
22;18;11.1;36.3;97.0;333.1;0.1;271.0;0;2
22;19;19.0;19.9;51.0;305.3;0.1;271.0;0;2
22;20;11.2;33.8;92.0;312.7;0.1;271.0;0;2
22;21;13.2;28.8;72.0;312.4;0.1;271.0;0;2
22;22;12.5;30.6;66.0;314.9;0.1;271.0;0;2
22;23;15.3;24.7;57.0;308.7;0.1;271.0;0;2
22;24;12.2;31.3;76.0;314.0;0.1;271.0;0;2
22;25;19.5;19.3;50.0;302.9;0.1;271.0;0;2
22;26;14.4;26.2;58.0;308.4;0.1;271.0;0;2
22;27;15.7;23.4;72.0;298.1;0.1;271.0;0;2
22;28;23.3;15.6;42.0;292.7;0.1;271.0;0;2
22;29;19.9;18.3;47.0;292.6;0.1;271.0;0;2
22;30;32.7;11.1;28.0;289.6;0.0;271.0;0;2
22;31;26.2;13.9;30.0;291.7;0.0;271.0;0;2
22;32;14.8;25.2;64.0;303.0;0.1;271.0;0;2
22;33;51.4;6.9;17.0;282.1;0.0;271.0;0;2
22;34;100.0;0.8;2.0;275.9;0.0;271.0;0;2
22;35;100.0;0.5;1.0;275.6;0.0;271.0;0;2
22;36;100.0;1.4;4.0;276.1;0.0;271.0;0;2
22;37;100.0;0.5;1.0;275.6;0.0;271.0;0;2
22;38;nan;0.0;0.0;275.0;0.0;271.0;0;2
22;39;nan;0.0;0.0;275.0;0.0;271.0;0;2
22;40;nan;0.0;0.0;275.0;0.0;271.0;0;2
22;41;nan;0.0;0.0;275.0;0.0;271.0;0;2
22;42;nan;0.0;0.0;275.0;0.0;271.0;0;2
22;43;nan;0.0;0.0;275.0;0.0;271.0;0;2
22;44;nan;0.0;0.0;275.0;0.0;271.0;0;2
22;45;nan;0.0;0.0;275.0;0.0;271.0;0;2
22;46;nan;0.0;0.0;275.0;0.0;271.0;0;2
22;47;nan;0.0;0.0;275.0;0.0;271.0;0;2
22;48;nan;0.0;0.0;275.0;0.0;271.0;0;2
22;49;nan;0.0;0.0;275.0;0.0;271.0;0;2
22;50;7.6;52.8;112.0;340.9;0.2;271.0;0;2
22;51;8.4;47.0;108.0;332.7;0.1;271.0;0;2
22;52;8.8;44.4;102.0;325.9;0.1;271.0;0;2
22;53;10.7;36.1;91.0;321.3;0.1;271.0;0;2
22;54;13.3;28.8;67.0;313.3;0.1;271.0;0;2
22;55;14.5;25.7;68.0;304.7;0.1;271.0;0;2
22;56;18.3;19.7;45.0;292.3;0.1;271.0;0;2
22;57;26.8;13.4;32.0;286.3;0.0;271.0;0;2
22;58;nan;0.0;0.0;275.0;0.0;271.0;0;2
22;59;nan;0.0;0.0;275.0;0.0;271.0;0;2
22;60;nan;0.0;0.0;275.0;0.0;271.0;0;2
22;61;nan;0.0;0.0;275.0;0.0;271.0;0;2
22;62;nan;0.0;0.0;275.0;0.0;271.0;0;2
22;63;nan;0.0;0.0;275.0;0.0;271.0;0;2
22;64;nan;0.0;0.0;275.0;0.0;271.0;0;2
22;65;nan;0.0;0.0;275.0;0.0;271.0;0;2
22;66;nan;0.0;0.0;275.0;0.0;271.0;0;2
22;67;nan;0.0;0.0;275.0;0.0;271.0;0;2
22;68;nan;0.0;0.0;275.0;0.0;271.0;0;2
22;69;nan;0.0;0.0;275.0;0.0;271.0;0;2
22;70;nan;0.0;0.0;275.0;0.0;271.0;0;2
22;71;nan;0.0;0.0;275.0;0.0;271.0;0;2
22;72;nan;0.0;0.0;275.0;0.0;271.0;0;2
22;73;nan;0.0;0.0;275.0;0.0;271.0;0;2
22;74;nan;0.0;0.0;275.0;0.0;271.0;0;2
22;75;nan;0.0;0.0;275.0;0.0;271.0;0;2
22;76;nan;0.0;0.0;275.0;0.0;271.0;0;2
22;77;nan;0.0;0.0;275.0;0.0;271.0;0;2
22;78;nan;0.0;0.0;275.0;0.0;271.0;0;2
22;79;nan;0.0;0.0;275.0;0.0;271.0;0;2
22;80;nan;0.0;0.0;275.0;0.0;271.0;0;2
22;81;nan;0.0;0.0;275.0;0.0;271.0;0;2
22;82;nan;0.0;0.0;275.0;0.0;271.0;0;2
22;83;nan;0.0;0.0;275.0;0.0;271.0;0;2
22;84;nan;0.0;0.0;275.0;0.0;271.0;0;2
22;85;nan;0.0;0.0;275.0;0.0;271.0;0;2
22;86;nan;0.0;0.0;275.0;0.0;271.0;0;2
22;87;nan;0.0;0.0;275.0;0.0;271.0;0;2
22;88;nan;0.0;0.0;275.0;0.0;271.0;0;2
22;89;nan;0.0;0.0;275.0;0.0;271.0;0;2
22;90;nan;0.0;0.0;275.0;0.0;271.0;0;2
22;91;nan;0.0;0.0;275.0;0.0;271.0;0;2
22;92;nan;0.0;0.0;275.0;0.0;271.0;0;2
22;93;nan;0.0;0.0;275.0;0.0;271.0;0;2
22;94;nan;0.0;0.0;275.0;0.0;271.0;0;2
22;95;11.8;30.7;71.0;297.1;0.1;271.0;0;2
22;96;20.4;17.3;42.0;285.7;0.1;271.0;0;2
22;97;14.8;24.1;58.0;290.1;0.1;271.0;0;2
22;98;24.8;14.4;39.0;286.0;0.1;271.0;0;2
22;99;nan;0.0;0.0;275.0;0.0;271.0;0;2
22;100;91.1;3.9;11.0;277.1;0.0;271.0;0;2
22;101;nan;0.0;0.0;275.0;0.0;271.0;0;2
22;102;nan;0.0;0.0;275.0;0.0;271.0;0;2
22;103;nan;0.0;0.0;275.0;0.0;271.0;0;2
22;104;nan;0.0;0.0;275.0;0.0;271.0;0;2
22;105;nan;0.0;0.0;275.0;0.0;271.0;0;2
22;106;nan;0.0;0.0;275.0;0.0;271.0;0;2
22;107;nan;0.0;0.0;275.0;0.0;271.0;0;2
22;108;nan;0.0;0.0;275.0;0.0;271.0;0;2
22;109;nan;0.0;0.0;275.0;0.0;271.0;0;2
22;110;nan;0.0;0.0;275.0;0.0;271.0;0;2
22;111;nan;0.0;0.0;275.0;0.0;271.0;0;2
22;112;nan;0.0;0.0;275.0;0.0;271.0;0;2
22;113;nan;0.0;0.0;275.0;0.0;271.0;0;2
22;114;nan;0.0;0.0;275.0;0.0;271.0;0;2
22;115;nan;0.0;0.0;275.0;0.0;271.0;0;2
22;116;nan;0.0;0.0;275.0;0.0;271.0;0;2
22;117;nan;0.0;0.0;275.0;0.0;271.0;0;2
22;118;nan;0.0;0.0;275.0;0.0;271.0;0;2
22;119;nan;0.0;0.0;275.0;0.0;271.0;0;2
22;120;nan;0.0;0.0;275.0;0.0;271.0;0;2
22;121;nan;0.0;0.0;275.0;0.0;271.0;0;2
22;122;nan;0.0;0.0;275.0;0.0;271.0;0;2
22;123;nan;0.0;0.0;275.0;0.0;271.0;0;2
22;124;100.0;1.0;3.0;274.6;0.0;271.0;0;2
22;125;nan;0.0;0.0;275.0;0.0;271.0;0;2
22;126;nan;0.0;0.0;275.0;0.0;271.0;0;2
22;127;nan;0.0;0.0;275.0;0.0;271.0;0;2
22;128;nan;0.0;0.0;275.0;0.0;271.0;0;2
22;129;nan;0.0;0.0;275.0;0.0;271.0;0;2
22;130;nan;0.0;0.0;275.0;0.0;271.0;0;2
22;131;nan;0.0;0.0;275.0;0.0;271.0;0;2
22;132;nan;0.0;0.0;275.0;0.0;271.0;0;2
22;133;nan;0.0;0.0;275.0;0.0;271.0;0;2
22;134;nan;0.0;0.0;275.0;0.0;271.0;0;2
22;135;nan;0.0;0.0;275.0;0.0;271.0;0;2
22;136;nan;0.0;0.0;275.0;0.0;271.0;0;2
22;137;nan;0.0;0.0;275.0;0.0;271.0;0;2
22;138;nan;0.0;0.0;275.0;0.0;271.0;0;2
22;139;nan;0.0;0.0;275.0;0.0;271.0;0;2
22;140;67.5;5.2;15.0;279.1;0.0;271.0;0;2
22;141;67.5;5.2;15.0;279.1;0.0;271.0;0;2
22;142;nan;0.0;0.0;275.0;0.0;271.0;0;2
22;143;nan;0.0;0.0;275.0;0.0;271.0;0;2
22;144;nan;0.0;0.0;275.0;0.0;271.0;0;2
22;145;nan;0.0;0.0;275.0;0.0;271.0;0;2
22;146;nan;0.0;0.0;275.0;0.0;271.0;0;2
22;147;nan;0.0;0.0;275.0;0.0;271.0;0;2
22;148;nan;0.0;0.0;275.0;0.0;271.0;0;2
22;149;nan;0.0;0.0;275.0;0.0;271.0;0;2
23;0;6.5;72.0;167.0;398.7;0.2;283.0;1;1
23;1;6.8;67.2;174.0;387.3;0.2;278.0;1;2
23;2;6.4;73.6;176.0;400.4;0.2;278.0;0;2
23;3;6.4;70.4;175.0;387.7;0.2;274.0;1;3
23;4;7.0;63.4;153.0;379.4;0.2;274.0;0;3
23;5;6.4;71.1;169.0;390.1;0.2;274.0;0;3
23;6;6.7;69.4;163.0;393.9;0.2;274.0;0;3
23;7;6.6;68.1;175.0;386.0;0.2;274.0;0;3
23;8;7.3;61.2;155.0;376.6;0.2;274.0;0;3
23;9;7.1;63.3;146.0;382.3;0.2;274.0;0;3
23;10;7.7;58.1;139.0;377.9;0.2;274.0;0;3
23;11;6.9;64.7;151.0;382.1;0.2;274.0;0;3
23;12;8.3;52.0;122.0;362.3;0.1;274.0;0;3
23;13;8.4;51.4;123.0;361.9;0.1;274.0;0;3
23;14;8.7;49.0;122.0;358.1;0.1;274.0;0;3
23;15;10.5;40.8;98.0;355.0;0.1;274.0;0;3
23;16;9.4;44.6;109.0;349.4;0.1;274.0;0;3
23;17;10.4;40.2;101.0;347.1;0.1;274.0;0;3
23;18;10.0;40.5;105.0;337.9;0.1;274.0;0;3
23;19;13.0;30.7;80.0;327.4;0.1;274.0;0;3
23;20;14.5;26.5;61.0;314.7;0.1;274.0;0;3
23;21;20.4;18.0;44.0;296.6;0.1;274.0;0;3
23;22;15.7;23.7;51.0;304.0;0.1;274.0;0;3
23;23;15.1;24.8;61.0;306.0;0.1;274.0;0;3
23;24;23.8;15.4;42.0;294.3;0.1;274.0;0;3
23;25;17.3;21.3;54.0;298.7;0.1;271.0;1;4
23;26;16.9;22.0;56.0;303.0;0.1;271.0;0;4
23;27;20.3;18.2;46.0;297.6;0.1;271.0;0;4
23;28;13.4;28.0;71.0;306.3;0.1;271.0;0;4
23;29;10.4;36.8;83.0;317.7;0.1;271.0;0;4
23;30;16.9;22.1;52.0;302.4;0.1;271.0;0;4
23;31;12.9;29.0;70.0;307.6;0.1;271.0;0;4
23;32;13.9;26.4;68.0;300.6;0.1;271.0;0;4
23;33;18.3;19.6;44.0;290.3;0.1;271.0;0;4
23;34;95.4;3.7;8.0;275.9;0.0;271.0;0;4
23;35;nan;0.0;0.0;271.0;0.0;271.0;0;4
23;36;100.0;1.7;5.0;271.7;0.0;271.0;0;4
23;37;nan;0.0;0.0;271.0;0.0;271.0;0;4
23;38;nan;0.0;0.0;271.0;0.0;271.0;0;4
23;39;nan;0.0;0.0;271.0;0.0;271.0;0;4
23;40;nan;0.0;0.0;271.0;0.0;271.0;0;4
23;41;nan;0.0;0.0;271.0;0.0;271.0;0;4
23;42;nan;0.0;0.0;271.0;0.0;271.0;0;4
23;43;nan;0.0;0.0;271.0;0.0;271.0;0;4
23;44;nan;0.0;0.0;271.0;0.0;271.0;0;4
23;45;nan;0.0;0.0;271.0;0.0;271.0;0;4
23;46;nan;0.0;0.0;271.0;0.0;271.0;0;4
23;47;nan;0.0;0.0;271.0;0.0;271.0;0;4
23;48;nan;0.0;0.0;271.0;0.0;271.0;0;4
23;49;nan;0.0;0.0;271.0;0.0;271.0;0;4
23;50;nan;0.0;0.0;271.0;0.0;271.0;0;4
23;51;nan;0.0;0.0;271.0;0.0;271.0;0;4
23;52;nan;0.0;0.0;271.0;0.0;271.0;0;4
23;53;nan;0.0;0.0;271.0;0.0;271.0;0;4
23;54;nan;0.0;0.0;271.0;0.0;271.0;0;4
23;55;nan;0.0;0.0;271.0;0.0;271.0;0;4
23;56;nan;0.0;0.0;271.0;0.0;271.0;0;4
23;57;nan;0.0;0.0;271.0;0.0;271.0;0;4
23;58;nan;0.0;0.0;271.0;0.0;271.0;0;4
23;59;nan;0.0;0.0;271.0;0.0;271.0;0;4
23;60;nan;0.0;0.0;271.0;0.0;271.0;0;4
23;61;nan;0.0;0.0;271.0;0.0;271.0;0;4
23;62;nan;0.0;0.0;271.0;0.0;271.0;0;4
23;63;nan;0.0;0.0;271.0;0.0;271.0;0;4
23;64;nan;0.0;0.0;271.0;0.0;271.0;0;4
23;65;nan;0.0;0.0;271.0;0.0;271.0;0;4
23;66;nan;0.0;0.0;271.0;0.0;271.0;0;4
23;67;nan;0.0;0.0;271.0;0.0;271.0;0;4
23;68;nan;0.0;0.0;271.0;0.0;271.0;0;4
23;69;nan;0.0;0.0;271.0;0.0;271.0;0;4
23;70;nan;0.0;0.0;271.0;0.0;271.0;0;4
23;71;6.7;57.0;132.0;326.4;0.2;271.0;0;4
23;72;7.1;54.2;119.0;324.9;0.2;271.0;0;4
23;73;6.3;61.8;141.0;332.0;0.2;271.0;0;4
23;74;9.5;39.1;85.0;310.3;0.1;271.0;0;4
23;75;12.3;30.1;69.0;305.3;0.1;271.0;0;4
23;76;27.7;13.0;30.0;287.7;0.0;271.0;0;4
23;77;17.3;20.8;50.0;292.9;0.1;271.0;0;4
23;78;52.4;6.8;14.0;282.1;0.0;271.0;0;4
23;79;18.9;19.0;53.0;290.0;0.1;271.0;0;4
23;80;85.6;4.1;10.0;278.4;0.0;271.0;0;4
23;81;89.9;3.9;9.0;275.0;0.0;271.0;0;4
23;82;nan;0.0;0.0;271.0;0.0;271.0;0;4
23;83;nan;0.0;0.0;271.0;0.0;271.0;0;4
23;84;nan;0.0;0.0;271.0;0.0;271.0;0;4
23;85;nan;0.0;0.0;271.0;0.0;271.0;0;4
23;86;nan;0.0;0.0;271.0;0.0;271.0;0;4
23;87;nan;0.0;0.0;271.0;0.0;271.0;0;4
23;88;nan;0.0;0.0;271.0;0.0;271.0;0;4
23;89;nan;0.0;0.0;271.0;0.0;271.0;0;4
23;90;nan;0.0;0.0;271.0;0.0;271.0;0;4
23;91;nan;0.0;0.0;271.0;0.0;271.0;0;4
23;92;nan;0.0;0.0;271.0;0.0;271.0;0;4
23;93;nan;0.0;0.0;271.0;0.0;271.0;0;4
23;94;nan;0.0;0.0;271.0;0.0;271.0;0;4
23;95;nan;0.0;0.0;271.0;0.0;271.0;0;4
23;96;nan;0.0;0.0;271.0;0.0;271.0;0;4
23;97;nan;0.0;0.0;271.0;0.0;271.0;0;4
23;98;nan;0.0;0.0;271.0;0.0;271.0;0;4
23;99;nan;0.0;0.0;271.0;0.0;271.0;0;4
23;100;nan;0.0;0.0;271.0;0.0;271.0;0;4
23;101;nan;0.0;0.0;271.0;0.0;271.0;0;4
23;102;nan;0.0;0.0;271.0;0.0;271.0;0;4
23;103;nan;0.0;0.0;271.0;0.0;271.0;0;4
23;104;nan;0.0;0.0;271.0;0.0;271.0;0;4
23;105;nan;0.0;0.0;271.0;0.0;271.0;0;4
23;106;nan;0.0;0.0;271.0;0.0;271.0;0;4
23;107;nan;0.0;0.0;271.0;0.0;271.0;0;4
23;108;nan;0.0;0.0;271.0;0.0;271.0;0;4
23;109;nan;0.0;0.0;271.0;0.0;271.0;0;4
23;110;nan;0.0;0.0;271.0;0.0;271.0;0;4
23;111;nan;0.0;0.0;271.0;0.0;271.0;0;4
23;112;nan;0.0;0.0;271.0;0.0;271.0;0;4
23;113;nan;0.0;0.0;271.0;0.0;271.0;0;4
23;114;nan;0.0;0.0;271.0;0.0;271.0;0;4
23;115;nan;0.0;0.0;271.0;0.0;271.0;0;4
23;116;7.4;49.1;115.0;308.1;0.2;271.0;0;4
23;117;18.2;19.8;50.0;290.9;0.1;271.0;0;4
23;118;28.4;12.3;29.0;279.1;0.0;271.0;0;4
23;119;90.4;3.8;9.0;273.4;0.0;271.0;0;4
23;120;nan;0.0;0.0;271.0;0.0;271.0;0;4
23;121;nan;0.0;0.0;271.0;0.0;271.0;0;4
23;122;nan;0.0;0.0;271.0;0.0;271.0;0;4
23;123;nan;0.0;0.0;271.0;0.0;271.0;0;4
23;124;nan;0.0;0.0;271.0;0.0;271.0;0;4
23;125;nan;0.0;0.0;271.0;0.0;271.0;0;4
23;126;nan;0.0;0.0;271.0;0.0;271.0;0;4
23;127;nan;0.0;0.0;271.0;0.0;271.0;0;4
23;128;nan;0.0;0.0;271.0;0.0;271.0;0;4
23;129;nan;0.0;0.0;271.0;0.0;271.0;0;4
23;130;nan;0.0;0.0;271.0;0.0;271.0;0;4
23;131;nan;0.0;0.0;271.0;0.0;271.0;0;4
23;132;nan;0.0;0.0;271.0;0.0;271.0;0;4
23;133;nan;0.0;0.0;271.0;0.0;271.0;0;4
23;134;nan;0.0;0.0;271.0;0.0;271.0;0;4
23;135;nan;0.0;0.0;271.0;0.0;271.0;0;4
23;136;nan;0.0;0.0;271.0;0.0;271.0;0;4
23;137;nan;0.0;0.0;271.0;0.0;271.0;0;4
23;138;nan;0.0;0.0;271.0;0.0;271.0;0;4
23;139;nan;0.0;0.0;271.0;0.0;271.0;0;4
23;140;nan;0.0;0.0;271.0;0.0;271.0;0;4
23;141;nan;0.0;0.0;271.0;0.0;271.0;0;4
23;142;nan;0.0;0.0;271.0;0.0;271.0;0;4
23;143;nan;0.0;0.0;271.0;0.0;271.0;0;4
23;144;nan;0.0;0.0;271.0;0.0;271.0;0;4
23;145;nan;0.0;0.0;271.0;0.0;271.0;0;4
23;146;nan;0.0;0.0;271.0;0.0;271.0;0;4
23;147;nan;0.0;0.0;271.0;0.0;271.0;0;4
23;148;nan;0.0;0.0;271.0;0.0;271.0;0;4
23;149;nan;0.0;0.0;271.0;0.0;271.0;0;4
24;0;6.7;68.3;168.0;391.0;0.2;284.0;1;1
24;1;6.1;75.7;199.0;397.6;0.2;281.0;1;2
24;2;6.1;77.3;187.0;403.6;0.2;279.0;1;3
24;3;6.4;72.5;171.0;397.1;0.2;279.0;0;3
24;4;6.1;76.6;198.0;402.1;0.2;279.0;0;3
24;5;6.8;67.1;169.0;389.1;0.2;279.0;0;3
24;6;6.3;73.6;171.0;398.4;0.2;279.0;0;3
24;7;7.8;55.9;140.0;368.4;0.2;279.0;0;3
24;8;6.3;73.3;169.0;397.3;0.2;278.0;1;4
24;9;7.7;58.0;140.0;375.4;0.2;278.0;0;4
24;10;7.7;57.4;143.0;374.3;0.2;278.0;0;4
24;11;7.7;57.8;150.0;374.3;0.2;278.0;0;4
24;12;6.6;68.6;165.0;386.7;0.2;276.0;1;5
24;13;9.5;43.7;111.0;345.6;0.1;276.0;0;5
24;14;10.3;41.0;105.0;348.9;0.1;276.0;0;5
24;15;8.5;49.3;125.0;353.4;0.1;272.0;1;6
24;16;10.9;37.8;94.0;340.9;0.1;272.0;0;6
24;17;10.4;39.7;96.0;343.6;0.1;272.0;0;6
24;18;10.0;40.8;104.0;340.7;0.1;271.0;1;7
24;19;12.5;32.4;79.0;333.6;0.1;271.0;0;7
24;20;9.5;42.3;94.0;336.0;0.1;271.0;0;7
24;21;10.9;35.1;79.0;317.7;0.1;271.0;0;7
24;22;17.1;22.0;53.0;304.9;0.1;271.0;0;7
24;23;12.6;30.2;66.0;311.7;0.1;271.0;0;7
24;24;17.9;20.8;51.0;301.9;0.1;271.0;0;7
24;25;18.4;20.2;46.0;300.4;0.1;271.0;0;7
24;26;76.4;4.7;12.0;283.6;0.0;271.0;0;7
24;27;54.1;6.6;16.0;283.4;0.0;271.0;0;7
24;28;84.1;4.3;10.0;283.9;0.0;271.0;0;7
24;29;72.4;4.9;14.0;282.3;0.0;271.0;0;7
24;30;87.7;4.1;11.0;282.6;0.0;271.0;0;7
24;31;100.0;3.1;7.0;283.4;0.0;271.0;0;7
24;32;100.0;3.5;7.0;283.0;0.0;271.0;0;7
24;33;88.4;4.1;10.0;282.6;0.0;271.0;0;7
24;34;96.7;3.7;8.0;283.3;0.0;271.0;0;7
24;35;100.0;3.6;8.0;283.1;0.0;271.0;0;7
24;36;88.7;4.1;10.0;283.6;0.0;271.0;0;7
24;37;100.0;3.6;8.0;283.1;0.0;271.0;0;7
24;38;100.0;3.5;7.0;283.0;0.0;271.0;0;7
24;39;96.7;3.7;8.0;283.3;0.0;271.0;0;7
24;40;93.7;3.8;8.0;283.4;0.0;271.0;0;7
24;41;83.2;4.3;11.0;282.9;0.0;271.0;0;7
24;42;100.0;3.6;8.0;283.1;0.0;271.0;0;7
24;43;91.1;4.0;8.0;283.6;0.0;271.0;0;7
24;44;91.1;4.0;8.0;283.6;0.0;271.0;0;7
24;45;83.1;4.3;10.0;283.3;0.0;271.0;0;7
24;46;84.3;4.3;10.0;282.1;0.0;271.0;0;7
24;47;84.3;4.3;10.0;282.1;0.0;271.0;0;7
24;48;73.6;4.9;13.0;281.7;0.0;271.0;0;7
24;49;91.1;4.0;8.0;283.6;0.0;271.0;0;7
24;50;83.1;4.3;10.0;283.3;0.0;271.0;0;7
24;51;91.1;4.0;8.0;283.6;0.0;271.0;0;7
24;52;91.1;4.0;8.0;283.6;0.0;271.0;0;7
24;53;91.1;4.0;8.0;283.6;0.0;271.0;0;7
24;54;91.1;4.0;8.0;283.6;0.0;271.0;0;7
24;55;83.1;4.3;10.0;283.3;0.0;271.0;0;7
24;56;91.1;4.0;8.0;283.6;0.0;271.0;0;7
24;57;91.1;4.0;8.0;283.6;0.0;271.0;0;7
24;58;90.8;4.0;8.0;282.4;0.0;271.0;0;7
24;59;90.8;4.0;8.0;282.4;0.0;271.0;0;7
24;60;90.8;4.0;8.0;282.4;0.0;271.0;0;7
24;61;90.8;4.0;8.0;282.4;0.0;271.0;0;7
24;62;90.8;4.0;8.0;282.4;0.0;271.0;0;7
24;63;90.8;4.0;8.0;282.4;0.0;271.0;0;7
24;64;7.8;48.7;110.0;321.1;0.2;271.0;0;7
24;65;7.7;49.4;106.0;320.4;0.2;271.0;0;7
24;66;8.6;44.5;101.0;319.6;0.1;271.0;0;7
24;67;9.6;39.1;97.0;312.4;0.1;271.0;0;7
24;68;9.7;38.6;92.0;310.9;0.1;271.0;0;7
24;69;12.0;30.6;71.0;302.1;0.1;271.0;0;7
24;70;11.9;31.0;74.0;304.3;0.1;271.0;0;7
24;71;26.9;13.4;28.0;287.6;0.0;271.0;0;7
24;72;84.3;4.2;10.0;278.3;0.0;271.0;0;7
24;73;84.6;4.2;10.0;279.6;0.0;271.0;0;7
24;74;100.0;3.5;7.0;279.0;0.0;271.0;0;7
24;75;74.8;4.7;14.0;279.6;0.0;271.0;0;7
24;76;73.7;4.8;13.0;280.4;0.0;271.0;0;7
24;77;100.0;1.5;4.0;277.3;0.0;271.0;0;7
24;78;100.0;2.4;7.0;278.0;0.0;271.0;0;7
24;79;100.0;1.7;4.0;277.3;0.0;271.0;0;7
24;80;65.4;5.4;16.0;279.3;0.0;271.0;0;7
24;81;100.0;2.2;8.0;275.7;0.0;271.0;0;7
24;82;100.0;2.5;5.0;273.9;0.0;271.0;0;7
24;83;100.0;2.3;5.0;274.6;0.0;271.0;0;7
24;84;100.0;2.5;5.0;273.1;0.0;271.0;0;7
24;85;nan;0.0;0.0;271.0;0.0;271.0;0;7
24;86;nan;0.0;0.0;271.0;0.0;271.0;0;7
24;87;nan;0.0;0.0;271.0;0.0;271.0;0;7
24;88;nan;0.0;0.0;271.0;0.0;271.0;0;7
24;89;nan;0.0;0.0;271.0;0.0;271.0;0;7
24;90;nan;0.0;0.0;271.0;0.0;271.0;0;7
24;91;nan;0.0;0.0;271.0;0.0;271.0;0;7
24;92;nan;0.0;0.0;271.0;0.0;271.0;0;7
24;93;nan;0.0;0.0;271.0;0.0;271.0;0;7
24;94;nan;0.0;0.0;271.0;0.0;271.0;0;7
24;95;nan;0.0;0.0;271.0;0.0;271.0;0;7
24;96;nan;0.0;0.0;271.0;0.0;271.0;0;7
24;97;nan;0.0;0.0;271.0;0.0;271.0;0;7
24;98;nan;0.0;0.0;271.0;0.0;271.0;0;7
24;99;nan;0.0;0.0;271.0;0.0;271.0;0;7
24;100;nan;0.0;0.0;271.0;0.0;271.0;0;7
24;101;nan;0.0;0.0;271.0;0.0;271.0;0;7
24;102;nan;0.0;0.0;271.0;0.0;271.0;0;7
24;103;nan;0.0;0.0;271.0;0.0;271.0;0;7
24;104;nan;0.0;0.0;271.0;0.0;271.0;0;7
24;105;nan;0.0;0.0;271.0;0.0;271.0;0;7
24;106;nan;0.0;0.0;271.0;0.0;271.0;0;7
24;107;nan;0.0;0.0;271.0;0.0;271.0;0;7
24;108;nan;0.0;0.0;271.0;0.0;271.0;0;7
24;109;11.8;30.5;82.0;296.3;0.1;271.0;0;7
24;110;15.7;22.5;55.0;287.6;0.1;271.0;0;7
24;111;32.7;11.0;29.0;286.1;0.0;271.0;0;7
24;112;40.1;8.7;25.0;277.0;0.0;271.0;0;7
24;113;nan;0.0;0.0;271.0;0.0;271.0;0;7
24;114;nan;0.0;0.0;271.0;0.0;271.0;0;7
24;115;nan;0.0;0.0;271.0;0.0;271.0;0;7
24;116;nan;0.0;0.0;271.0;0.0;271.0;0;7
24;117;nan;0.0;0.0;271.0;0.0;271.0;0;7
24;118;nan;0.0;0.0;271.0;0.0;271.0;0;7
24;119;nan;0.0;0.0;271.0;0.0;271.0;0;7
24;120;nan;0.0;0.0;271.0;0.0;271.0;0;7
24;121;nan;0.0;0.0;271.0;0.0;271.0;0;7
24;122;nan;0.0;0.0;271.0;0.0;271.0;0;7
24;123;nan;0.0;0.0;271.0;0.0;271.0;0;7
24;124;nan;0.0;0.0;271.0;0.0;271.0;0;7
24;125;nan;0.0;0.0;271.0;0.0;271.0;0;7
24;126;nan;0.0;0.0;271.0;0.0;271.0;0;7
24;127;nan;0.0;0.0;271.0;0.0;271.0;0;7
24;128;nan;0.0;0.0;271.0;0.0;271.0;0;7
24;129;nan;0.0;0.0;271.0;0.0;271.0;0;7
24;130;nan;0.0;0.0;271.0;0.0;271.0;0;7
24;131;nan;0.0;0.0;271.0;0.0;271.0;0;7
24;132;nan;0.0;0.0;271.0;0.0;271.0;0;7
24;133;nan;0.0;0.0;271.0;0.0;271.0;0;7
24;134;nan;0.0;0.0;271.0;0.0;271.0;0;7
24;135;nan;0.0;0.0;271.0;0.0;271.0;0;7
24;136;nan;0.0;0.0;271.0;0.0;271.0;0;7
24;137;nan;0.0;0.0;271.0;0.0;271.0;0;7
24;138;nan;0.0;0.0;271.0;0.0;271.0;0;7
24;139;nan;0.0;0.0;271.0;0.0;271.0;0;7
24;140;nan;0.0;0.0;271.0;0.0;271.0;0;7
24;141;nan;0.0;0.0;271.0;0.0;271.0;0;7
24;142;nan;0.0;0.0;271.0;0.0;271.0;0;7
24;143;nan;0.0;0.0;271.0;0.0;271.0;0;7
24;144;nan;0.0;0.0;271.0;0.0;271.0;0;7
24;145;nan;0.0;0.0;271.0;0.0;271.0;0;7
24;146;nan;0.0;0.0;271.0;0.0;271.0;0;7
24;147;nan;0.0;0.0;271.0;0.0;271.0;0;7
24;148;nan;0.0;0.0;271.0;0.0;271.0;0;7
24;149;nan;0.0;0.0;271.0;0.0;271.0;0;7
25;0;6.8;70.2;185.0;407.3;0.2;290.0;1;1
25;1;5.5;88.1;202.0;419.7;0.2;277.0;1;2
25;2;5.9;79.7;185.0;402.7;0.2;274.0;1;3
25;3;6.4;72.6;184.0;398.1;0.2;274.0;0;3
25;4;6.4;72.6;174.0;395.7;0.2;274.0;0;3
25;5;6.7;67.3;156.0;386.0;0.2;274.0;0;3
25;6;6.3;74.4;169.0;400.4;0.2;274.0;0;3
25;7;7.5;58.5;138.0;373.1;0.2;274.0;0;3
25;8;7.2;62.2;144.0;380.7;0.2;274.0;0;3
25;9;7.4;60.5;142.0;379.1;0.2;274.0;0;3
25;10;8.2;52.1;124.0;360.0;0.1;273.0;1;4
25;11;8.3;52.5;123.0;365.3;0.1;273.0;0;4
25;12;9.1;47.5;112.0;362.4;0.1;273.0;0;4
25;13;7.5;57.1;145.0;363.9;0.2;271.0;1;5
25;14;8.1;52.9;131.0;361.4;0.1;271.0;0;5
25;15;8.2;52.2;122.0;359.6;0.1;271.0;0;5
25;16;11.7;35.7;98.0;345.4;0.1;271.0;0;5
25;17;11.6;35.2;86.0;335.4;0.1;271.0;0;5
25;18;11.1;36.4;93.0;334.4;0.1;271.0;0;5
25;19;8.3;51.3;120.0;356.7;0.1;271.0;0;5
25;20;11.0;35.5;83.0;322.4;0.1;271.0;0;5
25;21;10.2;38.2;92.0;324.4;0.1;271.0;0;5
25;22;13.0;29.7;74.0;316.0;0.1;271.0;0;5
25;23;12.3;31.5;74.0;317.4;0.1;271.0;0;5
25;24;13.7;27.8;62.0;311.7;0.1;271.0;0;5
25;25;10.7;36.0;85.0;319.4;0.1;271.0;0;5
25;26;16.3;23.3;54.0;309.6;0.1;271.0;0;5
25;27;16.8;22.4;56.0;304.6;0.1;271.0;0;5
25;28;14.2;26.3;64.0;305.3;0.1;271.0;0;5
25;29;18.8;19.8;44.0;301.0;0.1;271.0;0;5
25;30;17.0;21.9;49.0;302.3;0.1;271.0;0;5
25;31;16.9;21.9;51.0;301.0;0.1;271.0;0;5
25;32;13.5;28.0;62.0;310.4;0.1;271.0;0;5
25;33;17.0;22.1;53.0;304.4;0.1;271.0;0;5
25;34;17.0;22.1;51.0;304.6;0.1;271.0;0;5
25;35;12.4;30.2;67.0;308.7;0.1;271.0;0;5
25;36;19.5;18.9;49.0;298.7;0.1;271.0;0;5
25;37;12.9;28.8;67.0;305.6;0.1;271.0;0;5
25;38;13.7;27.1;67.0;304.6;0.1;271.0;0;5
25;39;14.6;25.4;60.0;302.4;0.1;271.0;0;5
25;40;9.2;41.8;94.0;321.9;0.1;271.0;0;5
25;41;13.1;28.2;69.0;302.3;0.1;271.0;0;5
25;42;10.9;34.3;74.0;308.3;0.1;271.0;0;5
25;43;11.5;31.6;72.0;299.1;0.1;271.0;0;5
25;44;19.3;17.8;51.0;278.3;0.1;271.0;0;5
25;45;nan;0.0;0.0;271.0;0.0;271.0;0;5
25;46;nan;0.0;0.0;271.0;0.0;271.0;0;5
25;47;nan;0.0;0.0;271.0;0.0;271.0;0;5
25;48;nan;0.0;0.0;271.0;0.0;271.0;0;5
25;49;nan;0.0;0.0;271.0;0.0;271.0;0;5
25;50;nan;0.0;0.0;271.0;0.0;271.0;0;5
25;51;nan;0.0;0.0;271.0;0.0;271.0;0;5
25;52;nan;0.0;0.0;271.0;0.0;271.0;0;5
25;53;nan;0.0;0.0;271.0;0.0;271.0;0;5
25;54;nan;0.0;0.0;271.0;0.0;271.0;0;5
25;55;nan;0.0;0.0;271.0;0.0;271.0;0;5
25;56;nan;0.0;0.0;271.0;0.0;271.0;0;5
25;57;nan;0.0;0.0;271.0;0.0;271.0;0;5
25;58;nan;0.0;0.0;271.0;0.0;271.0;0;5
25;59;6.9;55.9;120.0;328.9;0.2;271.0;0;5
25;60;8.5;44.5;96.0;318.0;0.1;271.0;0;5
25;61;8.4;44.3;97.0;313.6;0.1;271.0;0;5
25;62;10.0;37.5;86.0;311.4;0.1;271.0;0;5
25;63;13.3;27.6;68.0;299.7;0.1;271.0;0;5
25;64;16.9;21.2;45.0;290.6;0.1;271.0;0;5
25;65;22.8;15.7;36.0;287.9;0.1;271.0;0;5
25;66;18.8;18.8;51.0;286.0;0.1;271.0;0;5
25;67;40.8;8.6;23.0;277.4;0.0;271.0;0;5
25;68;nan;0.0;0.0;271.0;0.0;271.0;0;5
25;69;nan;0.0;0.0;271.0;0.0;271.0;0;5
25;70;nan;0.0;0.0;271.0;0.0;271.0;0;5
25;71;nan;0.0;0.0;271.0;0.0;271.0;0;5
25;72;nan;0.0;0.0;271.0;0.0;271.0;0;5
25;73;nan;0.0;0.0;271.0;0.0;271.0;0;5
25;74;nan;0.0;0.0;271.0;0.0;271.0;0;5
25;75;nan;0.0;0.0;271.0;0.0;271.0;0;5
25;76;nan;0.0;0.0;271.0;0.0;271.0;0;5
25;77;nan;0.0;0.0;271.0;0.0;271.0;0;5
25;78;nan;0.0;0.0;271.0;0.0;271.0;0;5
25;79;nan;0.0;0.0;271.0;0.0;271.0;0;5
25;80;nan;0.0;0.0;271.0;0.0;271.0;0;5
25;81;nan;0.0;0.0;271.0;0.0;271.0;0;5
25;82;nan;0.0;0.0;271.0;0.0;271.0;0;5
25;83;nan;0.0;0.0;271.0;0.0;271.0;0;5
25;84;nan;0.0;0.0;271.0;0.0;271.0;0;5
25;85;nan;0.0;0.0;271.0;0.0;271.0;0;5
25;86;nan;0.0;0.0;271.0;0.0;271.0;0;5
25;87;nan;0.0;0.0;271.0;0.0;271.0;0;5
25;88;nan;0.0;0.0;271.0;0.0;271.0;0;5
25;89;nan;0.0;0.0;271.0;0.0;271.0;0;5
25;90;nan;0.0;0.0;271.0;0.0;271.0;0;5
25;91;nan;0.0;0.0;271.0;0.0;271.0;0;5
25;92;nan;0.0;0.0;271.0;0.0;271.0;0;5
25;93;nan;0.0;0.0;271.0;0.0;271.0;0;5
25;94;nan;0.0;0.0;271.0;0.0;271.0;0;5
25;95;nan;0.0;0.0;271.0;0.0;271.0;0;5
25;96;nan;0.0;0.0;271.0;0.0;271.0;0;5
25;97;nan;0.0;0.0;271.0;0.0;271.0;0;5
25;98;nan;0.0;0.0;271.0;0.0;271.0;0;5
25;99;nan;0.0;0.0;271.0;0.0;271.0;0;5
25;100;nan;0.0;0.0;271.0;0.0;271.0;0;5
25;101;nan;0.0;0.0;271.0;0.0;271.0;0;5
25;102;nan;0.0;0.0;271.0;0.0;271.0;0;5
25;103;nan;0.0;0.0;271.0;0.0;271.0;0;5
25;104;11.4;31.2;73.0;294.7;0.1;271.0;0;5
25;105;13.2;27.2;67.0;293.9;0.1;271.0;0;5
25;106;16.0;22.3;55.0;289.3;0.1;271.0;0;5
25;107;46.7;7.5;17.0;276.3;0.0;271.0;0;5
25;108;50.9;6.9;16.0;276.3;0.0;271.0;0;5
25;109;35.6;9.9;24.0;279.1;0.0;271.0;0;5
25;110;nan;0.0;0.0;271.0;0.0;271.0;0;5
25;111;nan;0.0;0.0;271.0;0.0;271.0;0;5
25;112;nan;0.0;0.0;271.0;0.0;271.0;0;5
25;113;nan;0.0;0.0;271.0;0.0;271.0;0;5
25;114;nan;0.0;0.0;271.0;0.0;271.0;0;5
25;115;nan;0.0;0.0;271.0;0.0;271.0;0;5
25;116;nan;0.0;0.0;271.0;0.0;271.0;0;5
25;117;nan;0.0;0.0;271.0;0.0;271.0;0;5
25;118;nan;0.0;0.0;271.0;0.0;271.0;0;5
25;119;nan;0.0;0.0;271.0;0.0;271.0;0;5
25;120;nan;0.0;0.0;271.0;0.0;271.0;0;5
25;121;nan;0.0;0.0;271.0;0.0;271.0;0;5
25;122;nan;0.0;0.0;271.0;0.0;271.0;0;5
25;123;nan;0.0;0.0;271.0;0.0;271.0;0;5
25;124;nan;0.0;0.0;271.0;0.0;271.0;0;5
25;125;nan;0.0;0.0;271.0;0.0;271.0;0;5
25;126;nan;0.0;0.0;271.0;0.0;271.0;0;5
25;127;nan;0.0;0.0;271.0;0.0;271.0;0;5
25;128;nan;0.0;0.0;271.0;0.0;271.0;0;5
25;129;nan;0.0;0.0;271.0;0.0;271.0;0;5
25;130;nan;0.0;0.0;271.0;0.0;271.0;0;5
25;131;nan;0.0;0.0;271.0;0.0;271.0;0;5
25;132;nan;0.0;0.0;271.0;0.0;271.0;0;5
25;133;nan;0.0;0.0;271.0;0.0;271.0;0;5
25;134;nan;0.0;0.0;271.0;0.0;271.0;0;5
25;135;nan;0.0;0.0;271.0;0.0;271.0;0;5
25;136;nan;0.0;0.0;271.0;0.0;271.0;0;5
25;137;nan;0.0;0.0;271.0;0.0;271.0;0;5
25;138;nan;0.0;0.0;271.0;0.0;271.0;0;5
25;139;nan;0.0;0.0;271.0;0.0;271.0;0;5
25;140;nan;0.0;0.0;271.0;0.0;271.0;0;5
25;141;nan;0.0;0.0;271.0;0.0;271.0;0;5
25;142;nan;0.0;0.0;271.0;0.0;271.0;0;5
25;143;nan;0.0;0.0;271.0;0.0;271.0;0;5
25;144;nan;0.0;0.0;271.0;0.0;271.0;0;5
25;145;nan;0.0;0.0;271.0;0.0;271.0;0;5
25;146;nan;0.0;0.0;271.0;0.0;271.0;0;5
25;147;nan;0.0;0.0;271.0;0.0;271.0;0;5
25;148;nan;0.0;0.0;271.0;0.0;271.0;0;5
25;149;9.5;37.5;111.0;295.7;0.1;271.0;0;5
26;0;6.1;78.0;177.0;410.9;0.2;286.0;1;1
26;1;6.9;68.8;173.0;403.3;0.2;286.0;0;1
26;2;5.9;79.5;199.0;406.6;0.2;281.0;1;2
26;3;6.9;64.2;170.0;379.1;0.2;277.0;1;3
26;4;6.6;69.0;171.0;390.6;0.2;277.0;0;3
26;5;6.2;74.8;178.0;400.0;0.2;277.0;0;3
26;6;6.4;71.4;172.0;390.7;0.2;276.0;1;4
26;7;6.9;65.7;163.0;385.4;0.2;276.0;0;4
26;8;7.3;62.1;151.0;382.3;0.2;276.0;0;4
26;9;7.0;64.5;155.0;382.1;0.2;276.0;0;4
26;10;8.1;54.3;131.0;368.9;0.1;276.0;0;4
26;11;7.7;56.4;149.0;367.0;0.2;276.0;0;4
26;12;8.8;47.8;113.0;351.4;0.1;274.0;1;5
26;13;8.9;47.1;115.0;351.3;0.1;274.0;0;5
26;14;8.2;52.7;127.0;365.3;0.1;274.0;0;5
26;15;9.3;46.1;111.0;358.4;0.1;274.0;0;5
26;16;9.6;44.2;108.0;354.1;0.1;274.0;0;5
26;17;12.2;33.1;84.0;332.4;0.1;274.0;0;5
26;18;11.2;36.6;95.0;339.4;0.1;274.0;0;5
26;19;11.8;33.9;85.0;330.4;0.1;274.0;0;5
26;20;9.2;42.2;97.0;324.6;0.1;273.0;1;6
26;21;11.4;33.8;84.0;317.4;0.1;273.0;0;6
26;22;13.3;28.6;70.0;312.1;0.1;273.0;0;6
26;23;12.8;29.4;72.0;308.4;0.1;273.0;0;6
26;24;17.3;21.6;56.0;303.3;0.1;273.0;0;6
26;25;14.8;25.7;61.0;310.4;0.1;273.0;0;6
26;26;14.7;25.6;59.0;307.1;0.1;273.0;0;6
26;27;15.2;24.6;57.0;305.0;0.1;273.0;0;6
26;28;17.3;21.1;50.0;296.7;0.1;273.0;0;6
26;29;30.1;11.9;40.0;286.3;0.0;273.0;0;6
26;30;71.1;5.0;11.0;278.7;0.0;273.0;0;6
26;31;79.4;4.5;9.0;278.1;0.0;273.0;0;6
26;32;37.3;9.5;28.0;282.0;0.0;273.0;0;6
26;33;82.3;4.3;9.0;278.3;0.0;273.0;0;6
26;34;85.6;4.1;9.0;278.4;0.0;273.0;0;6
26;35;100.0;2.7;8.0;275.6;0.0;273.0;0;6
26;36;100.0;0.5;1.0;274.6;0.0;273.0;0;6
26;37;100.0;0.5;1.0;274.6;0.0;273.0;0;6
26;38;100.0;0.5;1.0;274.6;0.0;273.0;0;6
26;39;100.0;0.5;1.0;274.6;0.0;273.0;0;6
26;40;100.0;0.5;1.0;274.6;0.0;273.0;0;6
26;41;100.0;0.5;1.0;274.6;0.0;273.0;0;6
26;42;100.0;0.5;1.0;274.6;0.0;273.0;0;6
26;43;100.0;0.5;1.0;274.6;0.0;273.0;0;6
26;44;100.0;0.5;1.0;274.6;0.0;273.0;0;6
26;45;100.0;0.5;1.0;274.6;0.0;273.0;0;6
26;46;100.0;0.5;1.0;274.6;0.0;273.0;0;6
26;47;100.0;0.5;1.0;274.4;0.0;273.0;0;6
26;48;100.0;0.5;1.0;274.4;0.0;273.0;0;6
26;49;100.0;0.5;1.0;274.4;0.0;273.0;0;6
26;50;100.0;0.5;1.0;274.4;0.0;273.0;0;6
26;51;100.0;0.5;1.0;274.6;0.0;273.0;0;6
26;52;100.0;0.5;1.0;274.6;0.0;273.0;0;6
26;53;68.4;5.2;12.0;278.0;0.0;273.0;0;6
26;54;88.2;4.0;12.0;276.7;0.0;273.0;0;6
26;55;71.2;5.0;13.0;281.9;0.0;273.0;0;6
26;56;100.0;0.5;1.0;274.6;0.0;273.0;0;6
26;57;59.9;5.9;12.0;280.9;0.0;273.0;0;6
26;58;59.6;5.9;12.0;279.1;0.0;273.0;0;6
26;59;86.5;4.1;12.0;276.6;0.0;273.0;0;6
26;60;58.2;6.1;13.0;279.0;0.0;273.0;0;6
26;61;100.0;0.5;1.0;274.4;0.0;273.0;0;6
26;62;100.0;1.4;3.0;275.1;0.0;273.0;0;6
26;63;63.4;5.6;12.0;279.7;0.0;273.0;0;6
26;64;100.0;1.3;3.0;275.0;0.0;273.0;0;6
26;65;57.0;6.2;13.0;278.9;0.0;273.0;0;6
26;66;8.6;44.6;100.0;321.7;0.1;273.0;0;6
26;67;7.6;50.5;118.0;324.9;0.2;273.0;0;6
26;68;10.2;36.6;79.0;310.6;0.1;273.0;0;6
26;69;10.8;34.4;83.0;306.4;0.1;273.0;0;6
26;70;14.5;25.1;66.0;298.3;0.1;273.0;0;6
26;71;24.8;14.7;35.0;291.9;0.1;273.0;0;6
26;72;17.7;20.5;47.0;293.9;0.1;271.0;1;7
26;73;32.6;10.9;33.0;282.9;0.0;271.0;0;7
26;74;100.0;3.5;7.0;279.0;0.0;271.0;0;7
26;75;89.5;4.0;9.0;278.6;0.0;271.0;0;7
26;76;74.8;4.7;10.0;277.6;0.0;271.0;0;7
26;77;85.4;4.1;10.0;277.3;0.0;271.0;0;7
26;78;100.0;3.5;7.0;279.0;0.0;271.0;0;7
26;79;100.0;1.5;3.0;274.3;0.0;271.0;0;7
26;80;100.0;0.5;1.0;273.4;0.0;271.0;0;7
26;81;100.0;1.0;3.0;273.7;0.0;271.0;0;7
26;82;100.0;0.5;1.0;273.4;0.0;271.0;0;7
26;83;100.0;0.5;1.0;273.4;0.0;271.0;0;7
26;84;100.0;0.5;1.0;273.4;0.0;271.0;0;7
26;85;100.0;0.5;1.0;273.4;0.0;271.0;0;7
26;86;100.0;0.5;1.0;273.4;0.0;271.0;0;7
26;87;100.0;0.5;1.0;273.4;0.0;271.0;0;7
26;88;100.0;0.5;1.0;273.4;0.0;271.0;0;7
26;89;100.0;0.5;1.0;273.4;0.0;271.0;0;7
26;90;100.0;0.5;1.0;273.4;0.0;271.0;0;7
26;91;100.0;0.5;1.0;273.4;0.0;271.0;0;7
26;92;100.0;0.5;1.0;273.4;0.0;271.0;0;7
26;93;100.0;0.5;1.0;273.4;0.0;271.0;0;7
26;94;100.0;0.5;1.0;273.3;0.0;271.0;0;7
26;95;100.0;0.5;1.0;273.3;0.0;271.0;0;7
26;96;100.0;0.5;1.0;273.3;0.0;271.0;0;7
26;97;100.0;0.5;1.0;273.3;0.0;271.0;0;7
26;98;61.9;5.7;13.0;277.3;0.0;271.0;0;7
26;99;59.7;5.9;13.0;276.7;0.0;271.0;0;7
26;100;77.6;4.5;13.0;275.0;0.0;271.0;0;7
26;101;72.2;4.9;13.0;278.4;0.0;271.0;0;7
26;102;77.6;4.5;13.0;275.0;0.0;271.0;0;7
26;103;64.3;5.5;13.0;277.6;0.0;271.0;0;7
26;104;59.7;5.9;13.0;276.7;0.0;271.0;0;7
26;105;64.3;5.5;13.0;277.6;0.0;271.0;0;7
26;106;61.7;5.7;13.0;277.1;0.0;271.0;0;7
26;107;67.7;5.2;13.0;278.0;0.0;271.0;0;7
26;108;100.0;0.5;1.0;273.3;0.0;271.0;0;7
26;109;77.6;4.5;13.0;275.0;0.0;271.0;0;7
26;110;64.3;5.5;13.0;277.6;0.0;271.0;0;7
26;111;100.0;0.5;1.0;273.3;0.0;271.0;0;7
26;112;61.7;5.7;13.0;277.1;0.0;271.0;0;7
26;113;60.6;5.8;13.0;276.9;0.0;271.0;0;7
26;114;100.0;0.5;1.0;273.3;0.0;271.0;0;7
26;115;64.3;5.5;13.0;277.6;0.0;271.0;0;7
26;116;61.7;5.7;13.0;277.1;0.0;271.0;0;7
26;117;67.7;5.2;13.0;278.0;0.0;271.0;0;7
26;118;5.7;65.8;155.0;321.7;0.2;271.0;0;7
26;119;27.1;13.0;36.0;282.4;0.0;271.0;0;7
26;120;40.0;8.8;21.0;280.1;0.0;271.0;0;7
26;121;40.0;8.8;21.0;280.1;0.0;271.0;0;7
26;122;42.7;8.3;21.0;280.1;0.0;271.0;0;7
26;123;43.0;8.2;21.0;280.3;0.0;271.0;0;7
26;124;47.3;7.5;18.0;280.7;0.0;271.0;0;7
26;125;53.0;6.7;17.0;279.6;0.0;271.0;0;7
26;126;67.7;5.2;13.0;278.0;0.0;271.0;0;7
26;127;97.5;3.6;11.0;275.9;0.0;271.0;0;7
26;128;64.7;5.4;16.0;276.1;0.0;271.0;0;7
26;129;79.3;4.4;13.0;275.9;0.0;271.0;0;7
26;130;59.1;5.9;18.0;276.9;0.0;271.0;0;7
26;131;59.1;5.9;18.0;276.9;0.0;271.0;0;7
26;132;57.5;6.1;18.0;276.4;0.0;271.0;0;7
26;133;84.5;4.2;13.0;276.7;0.0;271.0;0;7
26;134;68.2;5.2;16.0;277.0;0.0;271.0;0;7
26;135;100.0;0.3;1.0;273.1;0.0;271.0;0;7
26;136;100.0;0.3;1.0;273.1;0.0;271.0;0;7
26;137;100.0;1.6;5.0;274.1;0.0;271.0;0;7
26;138;79.7;4.4;13.0;275.7;0.0;271.0;0;7
26;139;80.6;4.4;13.0;276.1;0.0;271.0;0;7
26;140;96.8;3.7;13.0;277.7;0.0;271.0;0;7
26;141;100.0;0.3;1.0;273.1;0.0;271.0;0;7
26;142;100.0;3.5;12.0;277.9;0.0;271.0;0;7
26;143;76.8;4.5;13.0;274.9;0.0;271.0;0;7
26;144;78.4;4.5;13.0;275.6;0.0;271.0;0;7
26;145;84.5;4.2;13.0;276.7;0.0;271.0;0;7
26;146;84.5;4.2;13.0;276.7;0.0;271.0;0;7
26;147;82.3;4.3;13.0;276.3;0.0;271.0;0;7
26;148;77.2;4.5;13.0;275.4;0.0;271.0;0;7
26;149;100.0;3.1;9.0;278.3;0.0;271.0;0;7
27;0;6.3;74.0;181.0;400.6;0.2;283.0;1;1
27;1;6.3;73.4;170.0;395.9;0.2;280.0;1;2
27;2;6.4;71.4;172.0;391.9;0.2;276.0;1;3
27;3;6.2;75.1;171.0;400.7;0.2;276.0;0;3
27;4;6.5;71.1;166.0;394.4;0.2;276.0;0;3
27;5;6.9;65.5;154.0;384.3;0.2;276.0;0;3
27;6;7.1;64.1;153.0;384.7;0.2;276.0;0;3
27;7;6.9;65.4;165.0;383.1;0.2;276.0;0;3
27;8;7.1;62.9;153.0;377.1;0.2;276.0;0;3
27;9;7.6;58.4;139.0;374.9;0.2;276.0;0;3
27;10;7.7;56.3;132.0;365.6;0.2;276.0;0;3
27;11;6.9;64.9;155.0;378.6;0.2;275.0;1;4
27;12;8.0;53.8;135.0;361.7;0.1;275.0;0;4
27;13;9.5;43.6;117.0;346.4;0.1;275.0;0;4
27;14;9.1;46.7;116.0;354.3;0.1;275.0;0;4
27;15;9.8;42.4;97.0;345.4;0.1;275.0;0;4
27;16;11.5;35.3;96.0;336.1;0.1;275.0;0;4
27;17;9.5;43.6;113.0;346.6;0.1;275.0;0;4
27;18;12.5;32.0;84.0;328.9;0.1;275.0;0;4
27;19;11.5;35.6;82.0;337.9;0.1;275.0;0;4
27;20;14.3;26.3;62.0;306.6;0.1;275.0;0;4
27;21;11.7;33.0;76.0;319.6;0.1;275.0;0;4
27;22;14.0;27.3;64.0;312.6;0.1;275.0;0;4
27;23;10.4;37.3;92.0;321.6;0.1;272.0;1;5
27;24;10.7;35.7;81.0;317.7;0.1;272.0;0;5
27;25;14.4;25.4;64.0;298.3;0.1;271.0;1;6
27;26;15.4;24.3;55.0;304.9;0.1;271.0;0;6
27;27;16.6;22.0;51.0;296.4;0.1;271.0;0;6
27;28;21.2;17.2;43.0;292.7;0.1;271.0;0;6
27;29;20.3;18.2;48.0;296.7;0.1;271.0;0;6
27;30;27.3;13.4;33.0;292.1;0.0;271.0;0;6
27;31;20.8;17.6;46.0;294.4;0.1;271.0;0;6
27;32;66.2;5.3;12.0;278.6;0.0;271.0;0;6
27;33;30.9;11.4;34.0;281.4;0.0;271.0;0;6
27;34;64.5;5.4;12.0;275.6;0.0;271.0;0;6
27;35;29.5;11.8;34.0;277.0;0.0;271.0;0;6
27;36;29.0;11.9;34.0;275.9;0.0;271.0;0;6
27;37;nan;0.0;0.0;271.0;0.0;271.0;0;6
27;38;nan;0.0;0.0;271.0;0.0;271.0;0;6
27;39;nan;0.0;0.0;271.0;0.0;271.0;0;6
27;40;nan;0.0;0.0;271.0;0.0;271.0;0;6
27;41;nan;0.0;0.0;271.0;0.0;271.0;0;6
27;42;nan;0.0;0.0;271.0;0.0;271.0;0;6
27;43;nan;0.0;0.0;271.0;0.0;271.0;0;6
27;44;nan;0.0;0.0;271.0;0.0;271.0;0;6
27;45;nan;0.0;0.0;271.0;0.0;271.0;0;6
27;46;nan;0.0;0.0;271.0;0.0;271.0;0;6
27;47;nan;0.0;0.0;271.0;0.0;271.0;0;6
27;48;nan;0.0;0.0;271.0;0.0;271.0;0;6
27;49;nan;0.0;0.0;271.0;0.0;271.0;0;6
27;50;nan;0.0;0.0;271.0;0.0;271.0;0;6
27;51;nan;0.0;0.0;271.0;0.0;271.0;0;6
27;52;nan;0.0;0.0;271.0;0.0;271.0;0;6
27;53;nan;0.0;0.0;271.0;0.0;271.0;0;6
27;54;nan;0.0;0.0;271.0;0.0;271.0;0;6
27;55;nan;0.0;0.0;271.0;0.0;271.0;0;6
27;56;nan;0.0;0.0;271.0;0.0;271.0;0;6
27;57;nan;0.0;0.0;271.0;0.0;271.0;0;6
27;58;nan;0.0;0.0;271.0;0.0;271.0;0;6
27;59;nan;0.0;0.0;271.0;0.0;271.0;0;6
27;60;nan;0.0;0.0;271.0;0.0;271.0;0;6
27;61;nan;0.0;0.0;271.0;0.0;271.0;0;6
27;62;nan;0.0;0.0;271.0;0.0;271.0;0;6
27;63;nan;0.0;0.0;271.0;0.0;271.0;0;6
27;64;nan;0.0;0.0;271.0;0.0;271.0;0;6
27;65;nan;0.0;0.0;271.0;0.0;271.0;0;6
27;66;nan;0.0;0.0;271.0;0.0;271.0;0;6
27;67;nan;0.0;0.0;271.0;0.0;271.0;0;6
27;68;nan;0.0;0.0;271.0;0.0;271.0;0;6
27;69;nan;0.0;0.0;271.0;0.0;271.0;0;6
27;70;nan;0.0;0.0;271.0;0.0;271.0;0;6
27;71;8.4;44.3;105.0;314.0;0.1;271.0;0;6
27;72;10.3;36.2;84.0;310.3;0.1;271.0;0;6
27;73;11.1;34.0;79.0;310.7;0.1;271.0;0;6
27;74;14.8;24.5;58.0;295.0;0.1;271.0;0;6
27;75;13.5;27.0;65.0;298.4;0.1;271.0;0;6
27;76;28.7;12.3;32.0;282.6;0.0;271.0;0;6
27;77;100.0;2.4;7.0;272.0;0.0;271.0;0;6
27;78;100.0;2.1;6.0;271.9;0.0;271.0;0;6
27;79;nan;0.0;0.0;271.0;0.0;271.0;0;6
27;80;nan;0.0;0.0;271.0;0.0;271.0;0;6
27;81;nan;0.0;0.0;271.0;0.0;271.0;0;6
27;82;nan;0.0;0.0;271.0;0.0;271.0;0;6
27;83;nan;0.0;0.0;271.0;0.0;271.0;0;6
27;84;nan;0.0;0.0;271.0;0.0;271.0;0;6
27;85;nan;0.0;0.0;271.0;0.0;271.0;0;6
27;86;nan;0.0;0.0;271.0;0.0;271.0;0;6
27;87;nan;0.0;0.0;271.0;0.0;271.0;0;6
27;88;nan;0.0;0.0;271.0;0.0;271.0;0;6
27;89;nan;0.0;0.0;271.0;0.0;271.0;0;6
27;90;nan;0.0;0.0;271.0;0.0;271.0;0;6
27;91;nan;0.0;0.0;271.0;0.0;271.0;0;6
27;92;nan;0.0;0.0;271.0;0.0;271.0;0;6
27;93;nan;0.0;0.0;271.0;0.0;271.0;0;6
27;94;nan;0.0;0.0;271.0;0.0;271.0;0;6
27;95;nan;0.0;0.0;271.0;0.0;271.0;0;6
27;96;nan;0.0;0.0;271.0;0.0;271.0;0;6
27;97;nan;0.0;0.0;271.0;0.0;271.0;0;6
27;98;nan;0.0;0.0;271.0;0.0;271.0;0;6
27;99;nan;0.0;0.0;271.0;0.0;271.0;0;6
27;100;nan;0.0;0.0;271.0;0.0;271.0;0;6
27;101;nan;0.0;0.0;271.0;0.0;271.0;0;6
27;102;nan;0.0;0.0;271.0;0.0;271.0;0;6
27;103;nan;0.0;0.0;271.0;0.0;271.0;0;6
27;104;nan;0.0;0.0;271.0;0.0;271.0;0;6
27;105;nan;0.0;0.0;271.0;0.0;271.0;0;6
27;106;nan;0.0;0.0;271.0;0.0;271.0;0;6
27;107;nan;0.0;0.0;271.0;0.0;271.0;0;6
27;108;nan;0.0;0.0;271.0;0.0;271.0;0;6
27;109;nan;0.0;0.0;271.0;0.0;271.0;0;6
27;110;nan;0.0;0.0;271.0;0.0;271.0;0;6
27;111;nan;0.0;0.0;271.0;0.0;271.0;0;6
27;112;nan;0.0;0.0;271.0;0.0;271.0;0;6
27;113;nan;0.0;0.0;271.0;0.0;271.0;0;6
27;114;nan;0.0;0.0;271.0;0.0;271.0;0;6
27;115;nan;0.0;0.0;271.0;0.0;271.0;0;6
27;116;21.9;16.4;42.0;289.0;0.1;271.0;0;6
27;117;26.4;13.4;33.0;282.0;0.0;271.0;0;6
27;118;59.0;5.9;14.0;274.7;0.0;271.0;0;6
27;119;68.2;5.1;14.0;274.0;0.0;271.0;0;6
27;120;nan;0.0;0.0;271.0;0.0;271.0;0;6
27;121;nan;0.0;0.0;271.0;0.0;271.0;0;6
27;122;nan;0.0;0.0;271.0;0.0;271.0;0;6
27;123;nan;0.0;0.0;271.0;0.0;271.0;0;6
27;124;nan;0.0;0.0;271.0;0.0;271.0;0;6
27;125;nan;0.0;0.0;271.0;0.0;271.0;0;6
27;126;nan;0.0;0.0;271.0;0.0;271.0;0;6
27;127;nan;0.0;0.0;271.0;0.0;271.0;0;6
27;128;nan;0.0;0.0;271.0;0.0;271.0;0;6
27;129;nan;0.0;0.0;271.0;0.0;271.0;0;6
27;130;nan;0.0;0.0;271.0;0.0;271.0;0;6
27;131;nan;0.0;0.0;271.0;0.0;271.0;0;6
27;132;nan;0.0;0.0;271.0;0.0;271.0;0;6
27;133;nan;0.0;0.0;271.0;0.0;271.0;0;6
27;134;nan;0.0;0.0;271.0;0.0;271.0;0;6
27;135;nan;0.0;0.0;271.0;0.0;271.0;0;6
27;136;nan;0.0;0.0;271.0;0.0;271.0;0;6
27;137;nan;0.0;0.0;271.0;0.0;271.0;0;6
27;138;nan;0.0;0.0;271.0;0.0;271.0;0;6
27;139;nan;0.0;0.0;271.0;0.0;271.0;0;6
27;140;nan;0.0;0.0;271.0;0.0;271.0;0;6
27;141;nan;0.0;0.0;271.0;0.0;271.0;0;6
27;142;nan;0.0;0.0;271.0;0.0;271.0;0;6
27;143;nan;0.0;0.0;271.0;0.0;271.0;0;6
27;144;nan;0.0;0.0;271.0;0.0;271.0;0;6
27;145;nan;0.0;0.0;271.0;0.0;271.0;0;6
27;146;nan;0.0;0.0;271.0;0.0;271.0;0;6
27;147;nan;0.0;0.0;271.0;0.0;271.0;0;6
27;148;nan;0.0;0.0;271.0;0.0;271.0;0;6
27;149;nan;0.0;0.0;271.0;0.0;271.0;0;6
28;0;7.3;61.1;151.0;376.1;0.2;280.0;1;1
28;1;6.1;78.0;189.0;409.6;0.2;280.0;0;1
28;2;6.5;70.1;175.0;387.0;0.2;271.0;1;2
28;3;6.7;68.8;171.0;390.6;0.2;271.0;0;2
28;4;6.0;78.8;188.0;406.9;0.2;271.0;0;2
28;5;6.2;75.9;179.0;400.7;0.2;271.0;0;2
28;6;6.7;69.1;163.0;393.0;0.2;271.0;0;2
28;7;6.3;74.7;180.0;404.3;0.2;271.0;0;2
28;8;8.0;53.9;146.0;362.0;0.1;271.0;0;2
28;9;7.5;59.2;140.0;375.7;0.2;271.0;0;2
28;10;7.4;60.9;151.0;380.6;0.2;271.0;0;2
28;11;6.9;65.1;156.0;380.6;0.2;271.0;0;2
28;12;9.7;43.7;108.0;354.3;0.1;271.0;0;2
28;13;8.4;51.0;134.0;360.4;0.1;271.0;0;2
28;14;7.4;59.5;142.0;371.9;0.2;271.0;0;2
28;15;9.8;42.3;108.0;345.7;0.1;271.0;0;2
28;16;11.2;36.5;90.0;338.9;0.1;271.0;0;2
28;17;14.6;27.0;69.0;322.4;0.1;271.0;0;2
28;18;16.2;24.2;60.0;320.0;0.1;271.0;0;2
28;19;11.7;34.7;91.0;333.7;0.1;271.0;0;2
28;20;10.1;39.4;89.0;328.9;0.1;271.0;0;2
28;21;11.7;32.7;79.0;314.6;0.1;271.0;0;2
28;22;13.1;28.9;64.0;310.9;0.1;271.0;0;2
28;23;22.2;16.6;46.0;296.0;0.1;271.0;0;2
28;24;16.5;22.9;51.0;307.1;0.1;271.0;0;2
28;25;25.7;14.2;31.0;292.0;0.0;271.0;0;2
28;26;30.0;12.3;27.0;293.7;0.0;271.0;0;2
28;27;28.3;13.0;32.0;293.0;0.0;271.0;0;2
28;28;27.5;13.3;34.0;291.9;0.0;271.0;0;2
28;29;28.3;12.9;28.0;291.9;0.0;271.0;0;2
28;30;42.5;8.4;23.0;284.4;0.0;271.0;0;2
28;31;100.0;2.3;8.0;276.4;0.0;271.0;0;2
28;32;55.1;6.5;17.0;282.0;0.0;271.0;0;2
28;33;nan;0.0;0.0;277.0;0.0;271.0;0;2
28;34;nan;0.0;0.0;277.0;0.0;271.0;0;2
28;35;nan;0.0;0.0;277.0;0.0;271.0;0;2
28;36;nan;0.0;0.0;277.0;0.0;271.0;0;2
28;37;nan;0.0;0.0;277.0;0.0;271.0;0;2
28;38;nan;0.0;0.0;277.0;0.0;271.0;0;2
28;39;nan;0.0;0.0;277.0;0.0;271.0;0;2
28;40;nan;0.0;0.0;277.0;0.0;271.0;0;2
28;41;nan;0.0;0.0;277.0;0.0;271.0;0;2
28;42;nan;0.0;0.0;277.0;0.0;271.0;0;2
28;43;nan;0.0;0.0;277.0;0.0;271.0;0;2
28;44;nan;0.0;0.0;277.0;0.0;271.0;0;2
28;45;nan;0.0;0.0;277.0;0.0;271.0;0;2
28;46;nan;0.0;0.0;277.0;0.0;271.0;0;2
28;47;nan;0.0;0.0;277.0;0.0;271.0;0;2
28;48;7.8;51.6;117.0;338.0;0.2;271.0;0;2
28;49;10.8;36.3;80.0;323.4;0.1;271.0;0;2
28;50;13.2;29.3;65.0;315.9;0.1;271.0;0;2
28;51;8.5;47.1;108.0;334.7;0.1;271.0;0;2
28;52;17.4;21.7;51.0;306.1;0.1;271.0;0;2
28;53;14.3;26.4;66.0;308.7;0.1;271.0;0;2
28;54;29.7;12.2;33.0;290.0;0.0;271.0;0;2
28;55;45.6;7.9;17.0;283.7;0.0;271.0;0;2
28;56;100.0;3.1;9.0;278.4;0.0;271.0;0;2
28;57;nan;0.0;0.0;277.0;0.0;271.0;0;2
28;58;nan;0.0;0.0;277.0;0.0;271.0;0;2
28;59;nan;0.0;0.0;277.0;0.0;271.0;0;2
28;60;nan;0.0;0.0;277.0;0.0;271.0;0;2
28;61;nan;0.0;0.0;277.0;0.0;271.0;0;2
28;62;nan;0.0;0.0;277.0;0.0;271.0;0;2
28;63;nan;0.0;0.0;277.0;0.0;271.0;0;2
28;64;nan;0.0;0.0;277.0;0.0;271.0;0;2
28;65;nan;0.0;0.0;277.0;0.0;271.0;0;2
28;66;nan;0.0;0.0;277.0;0.0;271.0;0;2
28;67;nan;0.0;0.0;277.0;0.0;271.0;0;2
28;68;nan;0.0;0.0;277.0;0.0;271.0;0;2
28;69;nan;0.0;0.0;277.0;0.0;271.0;0;2
28;70;nan;0.0;0.0;277.0;0.0;271.0;0;2
28;71;nan;0.0;0.0;277.0;0.0;271.0;0;2
28;72;nan;0.0;0.0;277.0;0.0;271.0;0;2
28;73;nan;0.0;0.0;277.0;0.0;271.0;0;2
28;74;nan;0.0;0.0;277.0;0.0;271.0;0;2
28;75;nan;0.0;0.0;277.0;0.0;271.0;0;2
28;76;nan;0.0;0.0;277.0;0.0;271.0;0;2
28;77;nan;0.0;0.0;277.0;0.0;271.0;0;2
28;78;nan;0.0;0.0;277.0;0.0;271.0;0;2
28;79;nan;0.0;0.0;277.0;0.0;271.0;0;2
28;80;nan;0.0;0.0;277.0;0.0;271.0;0;2
28;81;nan;0.0;0.0;277.0;0.0;271.0;0;2
28;82;nan;0.0;0.0;277.0;0.0;271.0;0;2
28;83;nan;0.0;0.0;277.0;0.0;271.0;0;2
28;84;nan;0.0;0.0;277.0;0.0;271.0;0;2
28;85;nan;0.0;0.0;277.0;0.0;271.0;0;2
28;86;nan;0.0;0.0;277.0;0.0;271.0;0;2
28;87;nan;0.0;0.0;277.0;0.0;271.0;0;2
28;88;nan;0.0;0.0;277.0;0.0;271.0;0;2
28;89;nan;0.0;0.0;277.0;0.0;271.0;0;2
28;90;nan;0.0;0.0;277.0;0.0;271.0;0;2
28;91;nan;0.0;0.0;277.0;0.0;271.0;0;2
28;92;nan;0.0;0.0;277.0;0.0;271.0;0;2
28;93;10.0;38.2;88.0;316.9;0.1;271.0;0;2
28;94;10.9;33.9;75.0;305.9;0.1;271.0;0;2
28;95;12.8;28.2;74.0;297.3;0.1;271.0;0;2
28;96;20.4;17.6;40.0;289.3;0.1;271.0;0;2
28;97;30.9;11.5;27.0;284.3;0.0;271.0;0;2
28;98;64.3;5.5;16.0;279.7;0.0;271.0;0;2
28;99;nan;0.0;0.0;277.0;0.0;271.0;0;2
28;100;nan;0.0;0.0;277.0;0.0;271.0;0;2
28;101;nan;0.0;0.0;277.0;0.0;271.0;0;2
28;102;nan;0.0;0.0;277.0;0.0;271.0;0;2
28;103;nan;0.0;0.0;277.0;0.0;271.0;0;2
28;104;nan;0.0;0.0;277.0;0.0;271.0;0;2
28;105;nan;0.0;0.0;277.0;0.0;271.0;0;2
28;106;nan;0.0;0.0;277.0;0.0;271.0;0;2
28;107;nan;0.0;0.0;277.0;0.0;271.0;0;2
28;108;nan;0.0;0.0;277.0;0.0;271.0;0;2
28;109;nan;0.0;0.0;277.0;0.0;271.0;0;2
28;110;nan;0.0;0.0;277.0;0.0;271.0;0;2
28;111;nan;0.0;0.0;277.0;0.0;271.0;0;2
28;112;nan;0.0;0.0;277.0;0.0;271.0;0;2
28;113;nan;0.0;0.0;277.0;0.0;271.0;0;2
28;114;nan;0.0;0.0;277.0;0.0;271.0;0;2
28;115;nan;0.0;0.0;277.0;0.0;271.0;0;2
28;116;nan;0.0;0.0;277.0;0.0;271.0;0;2
28;117;nan;0.0;0.0;277.0;0.0;271.0;0;2
28;118;nan;0.0;0.0;277.0;0.0;271.0;0;2
28;119;nan;0.0;0.0;277.0;0.0;271.0;0;2
28;120;nan;0.0;0.0;277.0;0.0;271.0;0;2
28;121;nan;0.0;0.0;277.0;0.0;271.0;0;2
28;122;100.0;1.0;3.0;276.6;0.0;271.0;0;2
28;123;nan;0.0;0.0;277.0;0.0;271.0;0;2
28;124;nan;0.0;0.0;277.0;0.0;271.0;0;2
28;125;nan;0.0;0.0;277.0;0.0;271.0;0;2
28;126;nan;0.0;0.0;277.0;0.0;271.0;0;2
28;127;nan;0.0;0.0;277.0;0.0;271.0;0;2
28;128;nan;0.0;0.0;277.0;0.0;271.0;0;2
28;129;nan;0.0;0.0;277.0;0.0;271.0;0;2
28;130;nan;0.0;0.0;277.0;0.0;271.0;0;2
28;131;nan;0.0;0.0;277.0;0.0;271.0;0;2
28;132;nan;0.0;0.0;277.0;0.0;271.0;0;2
28;133;nan;0.0;0.0;277.0;0.0;271.0;0;2
28;134;nan;0.0;0.0;277.0;0.0;271.0;0;2
28;135;nan;0.0;0.0;277.0;0.0;271.0;0;2
28;136;nan;0.0;0.0;277.0;0.0;271.0;0;2
28;137;nan;0.0;0.0;277.0;0.0;271.0;0;2
28;138;60.7;5.9;18.0;280.9;0.0;271.0;0;2
28;139;17.8;19.8;61.0;285.7;0.1;271.0;0;2
28;140;10.8;32.2;94.0;288.3;0.1;271.0;0;2
28;141;38.2;9.3;27.0;281.7;0.0;271.0;0;2
28;142;nan;0.0;0.0;277.0;0.0;271.0;0;2
28;143;nan;0.0;0.0;277.0;0.0;271.0;0;2
28;144;nan;0.0;0.0;277.0;0.0;271.0;0;2
28;145;nan;0.0;0.0;277.0;0.0;271.0;0;2
28;146;nan;0.0;0.0;277.0;0.0;271.0;0;2
28;147;nan;0.0;0.0;277.0;0.0;271.0;0;2
28;148;nan;0.0;0.0;277.0;0.0;271.0;0;2
28;149;nan;0.0;0.0;277.0;0.0;271.0;0;2
29;0;6.5;71.0;168.0;391.7;0.2;279.0;1;1
29;1;5.8;83.2;195.0;414.9;0.2;279.0;0;1
29;2;6.7;67.6;168.0;386.1;0.2;278.0;1;2
29;3;6.4;72.9;170.0;400.0;0.2;278.0;0;2
29;4;6.6;68.9;173.0;389.0;0.2;278.0;0;2
29;5;6.8;67.2;162.0;390.7;0.2;278.0;0;2
29;6;8.0;54.1;131.0;366.0;0.1;278.0;0;2
29;7;7.0;63.8;161.0;382.1;0.2;278.0;0;2
29;8;6.9;65.0;151.0;380.0;0.2;278.0;0;2
29;9;7.2;61.8;150.0;378.4;0.2;277.0;1;3
29;10;8.5;50.1;126.0;357.3;0.1;274.0;1;4
29;11;8.4;51.2;125.0;362.4;0.1;274.0;0;4
29;12;8.0;54.4;138.0;364.9;0.1;274.0;0;4
29;13;10.4;39.6;101.0;342.3;0.1;274.0;0;4
29;14;7.9;53.8;130.0;356.6;0.2;271.0;1;5
29;15;10.0;41.2;108.0;343.6;0.1;271.0;0;5
29;16;10.7;38.1;89.0;338.7;0.1;271.0;0;5
29;17;13.7;28.3;76.0;317.0;0.1;271.0;0;5
29;18;12.9;30.4;80.0;321.1;0.1;271.0;0;5
29;19;13.7;28.6;71.0;320.0;0.1;271.0;0;5
29;20;18.5;20.4;53.0;304.7;0.1;271.0;0;5
29;21;18.2;20.4;50.0;299.9;0.1;271.0;0;5
29;22;20.7;18.1;41.0;302.1;0.1;271.0;0;5
29;23;29.7;12.4;35.0;293.1;0.0;271.0;0;5
29;24;46.6;7.6;21.0;279.9;0.0;271.0;0;5
29;25;45.4;7.8;22.0;281.7;0.0;271.0;0;5
29;26;nan;0.0;0.0;274.0;0.0;271.0;0;5
29;27;nan;0.0;0.0;274.0;0.0;271.0;0;5
29;28;nan;0.0;0.0;274.0;0.0;271.0;0;5
29;29;nan;0.0;0.0;274.0;0.0;271.0;0;5
29;30;nan;0.0;0.0;274.0;0.0;271.0;0;5
29;31;nan;0.0;0.0;274.0;0.0;271.0;0;5
29;32;nan;0.0;0.0;274.0;0.0;271.0;0;5
29;33;nan;0.0;0.0;274.0;0.0;271.0;0;5
29;34;nan;0.0;0.0;274.0;0.0;271.0;0;5
29;35;nan;0.0;0.0;274.0;0.0;271.0;0;5
29;36;nan;0.0;0.0;274.0;0.0;271.0;0;5
29;37;nan;0.0;0.0;274.0;0.0;271.0;0;5
29;38;nan;0.0;0.0;274.0;0.0;271.0;0;5
29;39;nan;0.0;0.0;274.0;0.0;271.0;0;5
29;40;nan;0.0;0.0;274.0;0.0;271.0;0;5
29;41;nan;0.0;0.0;274.0;0.0;271.0;0;5
29;42;nan;0.0;0.0;274.0;0.0;271.0;0;5
29;43;nan;0.0;0.0;274.0;0.0;271.0;0;5
29;44;nan;0.0;0.0;274.0;0.0;271.0;0;5
29;45;nan;0.0;0.0;274.0;0.0;271.0;0;5
29;46;nan;0.0;0.0;274.0;0.0;271.0;0;5
29;47;nan;0.0;0.0;274.0;0.0;271.0;0;5
29;48;nan;0.0;0.0;274.0;0.0;271.0;0;5
29;49;nan;0.0;0.0;274.0;0.0;271.0;0;5
29;50;nan;0.0;0.0;274.0;0.0;271.0;0;5
29;51;nan;0.0;0.0;274.0;0.0;271.0;0;5
29;52;nan;0.0;0.0;274.0;0.0;271.0;0;5
29;53;nan;0.0;0.0;274.0;0.0;271.0;0;5
29;54;nan;0.0;0.0;274.0;0.0;271.0;0;5
29;55;nan;0.0;0.0;274.0;0.0;271.0;0;5
29;56;nan;0.0;0.0;274.0;0.0;271.0;0;5
29;57;nan;0.0;0.0;274.0;0.0;271.0;0;5
29;58;nan;0.0;0.0;274.0;0.0;271.0;0;5
29;59;nan;0.0;0.0;274.0;0.0;271.0;0;5
29;60;6.7;57.9;123.0;331.9;0.2;271.0;0;5
29;61;7.8;49.1;112.0;322.1;0.2;271.0;0;5
29;62;9.2;41.3;99.0;318.1;0.1;271.0;0;5
29;63;10.6;34.7;78.0;306.0;0.1;271.0;0;5
29;64;91.1;3.8;11.0;275.6;0.0;271.0;0;5
29;65;14.4;25.5;61.0;299.7;0.1;271.0;0;5
29;66;100.0;2.4;7.0;275.0;0.0;271.0;0;5
29;67;nan;0.0;0.0;274.0;0.0;271.0;0;5
29;68;nan;0.0;0.0;274.0;0.0;271.0;0;5
29;69;nan;0.0;0.0;274.0;0.0;271.0;0;5
29;70;nan;0.0;0.0;274.0;0.0;271.0;0;5
29;71;nan;0.0;0.0;274.0;0.0;271.0;0;5
29;72;nan;0.0;0.0;274.0;0.0;271.0;0;5
29;73;nan;0.0;0.0;274.0;0.0;271.0;0;5
29;74;nan;0.0;0.0;274.0;0.0;271.0;0;5
29;75;nan;0.0;0.0;274.0;0.0;271.0;0;5
29;76;nan;0.0;0.0;274.0;0.0;271.0;0;5
29;77;nan;0.0;0.0;274.0;0.0;271.0;0;5
29;78;nan;0.0;0.0;274.0;0.0;271.0;0;5
29;79;nan;0.0;0.0;274.0;0.0;271.0;0;5
29;80;nan;0.0;0.0;274.0;0.0;271.0;0;5
29;81;nan;0.0;0.0;274.0;0.0;271.0;0;5
29;82;nan;0.0;0.0;274.0;0.0;271.0;0;5
29;83;nan;0.0;0.0;274.0;0.0;271.0;0;5
29;84;nan;0.0;0.0;274.0;0.0;271.0;0;5
29;85;nan;0.0;0.0;274.0;0.0;271.0;0;5
29;86;nan;0.0;0.0;274.0;0.0;271.0;0;5
29;87;nan;0.0;0.0;274.0;0.0;271.0;0;5
29;88;nan;0.0;0.0;274.0;0.0;271.0;0;5
29;89;nan;0.0;0.0;274.0;0.0;271.0;0;5
29;90;nan;0.0;0.0;274.0;0.0;271.0;0;5
29;91;nan;0.0;0.0;274.0;0.0;271.0;0;5
29;92;nan;0.0;0.0;274.0;0.0;271.0;0;5
29;93;nan;0.0;0.0;274.0;0.0;271.0;0;5
29;94;nan;0.0;0.0;274.0;0.0;271.0;0;5
29;95;nan;0.0;0.0;274.0;0.0;271.0;0;5
29;96;nan;0.0;0.0;274.0;0.0;271.0;0;5
29;97;nan;0.0;0.0;274.0;0.0;271.0;0;5
29;98;nan;0.0;0.0;274.0;0.0;271.0;0;5
29;99;nan;0.0;0.0;274.0;0.0;271.0;0;5
29;100;nan;0.0;0.0;274.0;0.0;271.0;0;5
29;101;nan;0.0;0.0;274.0;0.0;271.0;0;5
29;102;nan;0.0;0.0;274.0;0.0;271.0;0;5
29;103;nan;0.0;0.0;274.0;0.0;271.0;0;5
29;104;nan;0.0;0.0;274.0;0.0;271.0;0;5
29;105;7.4;50.3;123.0;313.9;0.2;271.0;0;5
29;106;11.5;31.1;75.0;296.6;0.1;271.0;0;5
29;107;26.5;13.4;33.0;283.9;0.0;271.0;0;5
29;108;59.0;6.0;15.0;277.7;0.0;271.0;0;5
29;109;nan;0.0;0.0;274.0;0.0;271.0;0;5
29;110;nan;0.0;0.0;274.0;0.0;271.0;0;5
29;111;nan;0.0;0.0;274.0;0.0;271.0;0;5
29;112;nan;0.0;0.0;274.0;0.0;271.0;0;5
29;113;nan;0.0;0.0;274.0;0.0;271.0;0;5
29;114;nan;0.0;0.0;274.0;0.0;271.0;0;5
29;115;nan;0.0;0.0;274.0;0.0;271.0;0;5
29;116;nan;0.0;0.0;274.0;0.0;271.0;0;5
29;117;nan;0.0;0.0;274.0;0.0;271.0;0;5
29;118;nan;0.0;0.0;274.0;0.0;271.0;0;5
29;119;nan;0.0;0.0;274.0;0.0;271.0;0;5
29;120;nan;0.0;0.0;274.0;0.0;271.0;0;5
29;121;nan;0.0;0.0;274.0;0.0;271.0;0;5
29;122;nan;0.0;0.0;274.0;0.0;271.0;0;5
29;123;nan;0.0;0.0;274.0;0.0;271.0;0;5
29;124;nan;0.0;0.0;274.0;0.0;271.0;0;5
29;125;nan;0.0;0.0;274.0;0.0;271.0;0;5
29;126;nan;0.0;0.0;274.0;0.0;271.0;0;5
29;127;nan;0.0;0.0;274.0;0.0;271.0;0;5
29;128;nan;0.0;0.0;274.0;0.0;271.0;0;5
29;129;nan;0.0;0.0;274.0;0.0;271.0;0;5
29;130;nan;0.0;0.0;274.0;0.0;271.0;0;5
29;131;nan;0.0;0.0;274.0;0.0;271.0;0;5
29;132;nan;0.0;0.0;274.0;0.0;271.0;0;5
29;133;nan;0.0;0.0;274.0;0.0;271.0;0;5
29;134;nan;0.0;0.0;274.0;0.0;271.0;0;5
29;135;nan;0.0;0.0;274.0;0.0;271.0;0;5
29;136;nan;0.0;0.0;274.0;0.0;271.0;0;5
29;137;nan;0.0;0.0;274.0;0.0;271.0;0;5
29;138;nan;0.0;0.0;274.0;0.0;271.0;0;5
29;139;nan;0.0;0.0;274.0;0.0;271.0;0;5
29;140;nan;0.0;0.0;274.0;0.0;271.0;0;5
29;141;nan;0.0;0.0;274.0;0.0;271.0;0;5
29;142;nan;0.0;0.0;274.0;0.0;271.0;0;5
29;143;nan;0.0;0.0;274.0;0.0;271.0;0;5
29;144;nan;0.0;0.0;274.0;0.0;271.0;0;5
29;145;nan;0.0;0.0;274.0;0.0;271.0;0;5
29;146;nan;0.0;0.0;274.0;0.0;271.0;0;5
29;147;nan;0.0;0.0;274.0;0.0;271.0;0;5
29;148;nan;0.0;0.0;274.0;0.0;271.0;0;5
29;149;nan;0.0;0.0;274.0;0.0;271.0;0;5
30;0;5.7;85.3;198.0;418.3;0.2;283.0;1;1
30;1;6.1;77.0;189.0;400.9;0.2;277.0;1;2
30;2;6.7;67.7;162.0;386.6;0.2;277.0;0;2
30;3;7.0;65.8;158.0;389.7;0.2;277.0;0;2
30;4;7.4;60.3;141.0;379.0;0.2;277.0;0;2
30;5;6.9;66.0;168.0;386.9;0.2;277.0;0;2
30;6;6.3;73.4;175.0;395.4;0.2;277.0;0;2
30;7;8.0;55.3;138.0;373.6;0.1;277.0;0;2
30;8;7.0;65.3;152.0;387.9;0.2;277.0;0;2
30;9;8.5;51.5;123.0;366.7;0.1;277.0;0;2
30;10;7.8;55.8;133.0;367.1;0.2;277.0;0;2
30;11;7.1;63.2;153.0;382.0;0.2;277.0;0;2
30;12;8.1;53.6;129.0;365.9;0.1;277.0;0;2
30;13;9.3;45.6;122.0;354.3;0.1;277.0;0;2
30;14;8.2;52.9;127.0;366.3;0.1;277.0;0;2
30;15;9.1;47.6;117.0;360.7;0.1;277.0;0;2
30;16;10.0;42.5;108.0;353.4;0.1;277.0;0;2
30;17;8.9;46.9;120.0;348.1;0.1;275.0;1;3
30;18;13.7;29.1;76.0;325.4;0.1;275.0;0;3
30;19;13.0;30.8;86.0;329.3;0.1;275.0;0;3
30;20;17.7;21.3;55.0;305.0;0.1;275.0;0;3
30;21;14.9;25.2;57.0;307.3;0.1;275.0;0;3
30;22;21.8;17.1;39.0;299.6;0.1;275.0;0;3
30;23;26.6;13.8;35.0;294.3;0.0;273.0;1;4
30;24;20.6;18.1;47.0;300.3;0.1;273.0;0;4
30;25;17.5;21.1;54.0;298.9;0.1;273.0;0;4
30;26;34.7;10.5;24.0;289.0;0.0;273.0;0;4
30;27;36.0;10.0;31.0;287.9;0.0;273.0;0;4
30;28;15.5;24.0;56.0;302.0;0.1;273.0;0;4
30;29;24.7;14.9;35.0;294.6;0.1;273.0;0;4
30;30;31.2;11.5;35.0;286.4;0.0;273.0;0;4
30;31;26.9;13.3;37.0;286.3;0.0;273.0;0;4
30;32;66.6;5.3;12.0;279.0;0.0;273.0;0;4
30;33;100.0;0.3;1.0;274.1;0.0;273.0;0;4
30;34;100.0;0.5;1.0;274.3;0.0;273.0;0;4
30;35;nan;0.0;0.0;274.0;0.0;273.0;0;4
30;36;nan;0.0;0.0;274.0;0.0;273.0;0;4
30;37;nan;0.0;0.0;274.0;0.0;273.0;0;4
30;38;nan;0.0;0.0;274.0;0.0;273.0;0;4
30;39;nan;0.0;0.0;274.0;0.0;273.0;0;4
30;40;nan;0.0;0.0;274.0;0.0;273.0;0;4
30;41;nan;0.0;0.0;274.0;0.0;273.0;0;4
30;42;nan;0.0;0.0;274.0;0.0;273.0;0;4
30;43;nan;0.0;0.0;274.0;0.0;273.0;0;4
30;44;nan;0.0;0.0;274.0;0.0;273.0;0;4
30;45;nan;0.0;0.0;274.0;0.0;273.0;0;4
30;46;nan;0.0;0.0;274.0;0.0;273.0;0;4
30;47;nan;0.0;0.0;274.0;0.0;273.0;0;4
30;48;nan;0.0;0.0;274.0;0.0;273.0;0;4
30;49;nan;0.0;0.0;274.0;0.0;273.0;0;4
30;50;nan;0.0;0.0;274.0;0.0;273.0;0;4
30;51;nan;0.0;0.0;274.0;0.0;273.0;0;4
30;52;nan;0.0;0.0;274.0;0.0;273.0;0;4
30;53;nan;0.0;0.0;274.0;0.0;273.0;0;4
30;54;nan;0.0;0.0;274.0;0.0;273.0;0;4
30;55;nan;0.0;0.0;274.0;0.0;273.0;0;4
30;56;nan;0.0;0.0;274.0;0.0;273.0;0;4
30;57;nan;0.0;0.0;274.0;0.0;273.0;0;4
30;58;nan;0.0;0.0;274.0;0.0;273.0;0;4
30;59;nan;0.0;0.0;274.0;0.0;273.0;0;4
30;60;nan;0.0;0.0;274.0;0.0;273.0;0;4
30;61;nan;0.0;0.0;274.0;0.0;273.0;0;4
30;62;nan;0.0;0.0;274.0;0.0;273.0;0;4
30;63;nan;0.0;0.0;274.0;0.0;273.0;0;4
30;64;nan;0.0;0.0;274.0;0.0;273.0;0;4
30;65;nan;0.0;0.0;274.0;0.0;273.0;0;4
30;66;nan;0.0;0.0;274.0;0.0;273.0;0;4
30;67;nan;0.0;0.0;274.0;0.0;273.0;0;4
30;68;nan;0.0;0.0;274.0;0.0;273.0;0;4
30;69;8.8;43.5;99.0;319.0;0.1;273.0;0;4
30;70;9.2;40.4;96.0;312.3;0.1;273.0;0;4
30;71;11.3;33.4;81.0;311.9;0.1;273.0;0;4
30;72;15.2;24.1;59.0;297.6;0.1;273.0;0;4
30;73;15.4;23.8;59.0;297.9;0.1;273.0;0;4
30;74;43.5;8.1;20.0;280.0;0.0;273.0;0;4
30;75;21.5;16.3;47.0;282.6;0.1;273.0;0;4
30;76;nan;0.0;0.0;274.0;0.0;273.0;0;4
30;77;nan;0.0;0.0;274.0;0.0;273.0;0;4
30;78;nan;0.0;0.0;274.0;0.0;273.0;0;4
30;79;nan;0.0;0.0;274.0;0.0;273.0;0;4
30;80;nan;0.0;0.0;274.0;0.0;273.0;0;4
30;81;nan;0.0;0.0;274.0;0.0;273.0;0;4
30;82;nan;0.0;0.0;274.0;0.0;273.0;0;4
30;83;nan;0.0;0.0;274.0;0.0;273.0;0;4
30;84;nan;0.0;0.0;274.0;0.0;273.0;0;4
30;85;nan;0.0;0.0;274.0;0.0;273.0;0;4
30;86;nan;0.0;0.0;274.0;0.0;273.0;0;4
30;87;nan;0.0;0.0;274.0;0.0;273.0;0;4
30;88;nan;0.0;0.0;274.0;0.0;273.0;0;4
30;89;nan;0.0;0.0;274.0;0.0;273.0;0;4
30;90;nan;0.0;0.0;274.0;0.0;273.0;0;4
30;91;nan;0.0;0.0;274.0;0.0;273.0;0;4
30;92;nan;0.0;0.0;274.0;0.0;273.0;0;4
30;93;nan;0.0;0.0;274.0;0.0;273.0;0;4
30;94;nan;0.0;0.0;274.0;0.0;273.0;0;4
30;95;nan;0.0;0.0;274.0;0.0;273.0;0;4
30;96;nan;0.0;0.0;274.0;0.0;273.0;0;4
30;97;nan;0.0;0.0;274.0;0.0;273.0;0;4
30;98;nan;0.0;0.0;274.0;0.0;273.0;0;4
30;99;nan;0.0;0.0;274.0;0.0;273.0;0;4
30;100;nan;0.0;0.0;274.0;0.0;273.0;0;4
30;101;nan;0.0;0.0;274.0;0.0;273.0;0;4
30;102;nan;0.0;0.0;274.0;0.0;273.0;0;4
30;103;nan;0.0;0.0;274.0;0.0;273.0;0;4
30;104;nan;0.0;0.0;274.0;0.0;273.0;0;4
30;105;nan;0.0;0.0;274.0;0.0;273.0;0;4
30;106;nan;0.0;0.0;274.0;0.0;273.0;0;4
30;107;nan;0.0;0.0;274.0;0.0;273.0;0;4
30;108;nan;0.0;0.0;274.0;0.0;273.0;0;4
30;109;nan;0.0;0.0;274.0;0.0;273.0;0;4
30;110;nan;0.0;0.0;274.0;0.0;273.0;0;4
30;111;nan;0.0;0.0;274.0;0.0;273.0;0;4
30;112;nan;0.0;0.0;274.0;0.0;273.0;0;4
30;113;nan;0.0;0.0;274.0;0.0;273.0;0;4
30;114;28.1;12.6;31.0;282.9;0.0;273.0;0;4
30;115;36.6;9.6;24.0;280.0;0.0;273.0;0;4
30;116;nan;0.0;0.0;274.0;0.0;273.0;0;4
30;117;nan;0.0;0.0;274.0;0.0;273.0;0;4
30;118;nan;0.0;0.0;274.0;0.0;273.0;0;4
30;119;nan;0.0;0.0;274.0;0.0;273.0;0;4
30;120;nan;0.0;0.0;274.0;0.0;273.0;0;4
30;121;nan;0.0;0.0;274.0;0.0;273.0;0;4
30;122;nan;0.0;0.0;274.0;0.0;273.0;0;4
30;123;nan;0.0;0.0;274.0;0.0;273.0;0;4
30;124;nan;0.0;0.0;274.0;0.0;273.0;0;4
30;125;nan;0.0;0.0;274.0;0.0;273.0;0;4
30;126;nan;0.0;0.0;274.0;0.0;273.0;0;4
30;127;nan;0.0;0.0;274.0;0.0;273.0;0;4
30;128;nan;0.0;0.0;274.0;0.0;273.0;0;4
30;129;nan;0.0;0.0;274.0;0.0;273.0;0;4
30;130;nan;0.0;0.0;274.0;0.0;273.0;0;4
30;131;nan;0.0;0.0;274.0;0.0;273.0;0;4
30;132;nan;0.0;0.0;274.0;0.0;273.0;0;4
30;133;nan;0.0;0.0;274.0;0.0;273.0;0;4
30;134;nan;0.0;0.0;274.0;0.0;273.0;0;4
30;135;nan;0.0;0.0;274.0;0.0;273.0;0;4
30;136;nan;0.0;0.0;274.0;0.0;273.0;0;4
30;137;nan;0.0;0.0;274.0;0.0;273.0;0;4
30;138;nan;0.0;0.0;274.0;0.0;273.0;0;4
30;139;nan;0.0;0.0;274.0;0.0;273.0;0;4
30;140;nan;0.0;0.0;274.0;0.0;273.0;0;4
30;141;nan;0.0;0.0;274.0;0.0;273.0;0;4
30;142;nan;0.0;0.0;274.0;0.0;273.0;0;4
30;143;100.0;0.3;1.0;273.9;0.0;273.0;0;4
30;144;nan;0.0;0.0;274.0;0.0;273.0;0;4
30;145;nan;0.0;0.0;274.0;0.0;273.0;0;4
30;146;nan;0.0;0.0;274.0;0.0;273.0;0;4
30;147;nan;0.0;0.0;274.0;0.0;273.0;0;4
30;148;nan;0.0;0.0;274.0;0.0;273.0;0;4
30;149;nan;0.0;0.0;274.0;0.0;273.0;0;4
31;0;6.3;74.5;178.0;404.0;0.2;287.0;1;1
31;1;6.3;73.6;177.0;399.4;0.2;280.0;1;2
31;2;6.8;67.6;168.0;390.3;0.2;279.0;1;3
31;3;6.4;73.1;176.0;399.4;0.2;279.0;0;3
31;4;6.5;69.9;187.0;386.9;0.2;279.0;0;3
31;5;6.7;67.1;163.0;383.0;0.2;277.0;1;4
31;6;7.1;62.9;147.0;381.3;0.2;277.0;0;4
31;7;6.9;65.8;155.0;386.7;0.2;277.0;0;4
31;8;7.0;64.8;158.0;384.9;0.2;277.0;0;4
31;9;6.6;69.2;163.0;389.1;0.2;277.0;0;4
31;10;9.9;42.1;106.0;347.4;0.1;277.0;0;4
31;11;7.1;62.6;151.0;375.9;0.2;273.0;1;5
31;12;10.4;40.4;108.0;347.9;0.1;273.0;0;5
31;13;8.7;48.4;134.0;352.4;0.1;273.0;0;5
31;14;10.4;39.7;105.0;341.6;0.1;273.0;0;5
31;15;7.9;53.8;144.0;356.1;0.2;273.0;0;5
31;16;10.8;38.4;97.0;342.7;0.1;273.0;0;5
31;17;12.0;33.2;86.0;327.9;0.1;273.0;0;5
31;18;14.2;27.4;72.0;318.1;0.1;273.0;0;5
31;19;12.9;31.7;75.0;335.9;0.1;273.0;0;5
31;20;12.2;31.7;73.0;317.6;0.1;273.0;0;5
31;21;14.9;25.3;57.0;307.4;0.1;273.0;0;5
31;22;9.8;39.5;93.0;323.1;0.1;273.0;0;5
31;23;10.9;35.5;84.0;321.6;0.1;273.0;0;5
31;24;13.8;27.2;70.0;308.3;0.1;273.0;0;5
31;25;16.9;21.7;49.0;297.4;0.1;273.0;0;5
31;26;18.2;20.1;46.0;295.9;0.1;273.0;0;5
31;27;13.6;27.5;59.0;307.4;0.1;273.0;0;5
31;28;12.0;31.2;70.0;309.6;0.1;273.0;0;5
31;29;62.2;5.7;15.0;278.1;0.0;273.0;0;5
31;30;100.0;0.9;2.0;274.3;0.0;273.0;0;5
31;31;100.0;1.0;2.0;274.1;0.0;273.0;0;5
31;32;70.7;5.0;13.0;276.9;0.0;273.0;0;5
31;33;100.0;1.0;2.0;274.1;0.0;273.0;0;5
31;34;100.0;1.0;2.0;274.1;0.0;273.0;0;5
31;35;100.0;1.0;2.0;274.1;0.0;273.0;0;5
31;36;100.0;1.0;2.0;274.1;0.0;273.0;0;5
31;37;100.0;1.0;2.0;274.1;0.0;273.0;0;5
31;38;100.0;1.0;2.0;274.1;0.0;273.0;0;5
31;39;100.0;1.0;2.0;274.1;0.0;273.0;0;5
31;40;81.5;4.3;13.0;275.7;0.0;273.0;0;5
31;41;100.0;1.0;2.0;273.9;0.0;273.0;0;5
31;42;100.0;1.0;2.0;274.1;0.0;273.0;0;5
31;43;100.0;1.0;2.0;274.1;0.0;273.0;0;5
31;44;100.0;1.0;2.0;274.1;0.0;273.0;0;5
31;45;100.0;1.0;2.0;274.1;0.0;273.0;0;5
31;46;100.0;1.0;2.0;274.1;0.0;273.0;0;5
31;47;100.0;1.0;2.0;274.1;0.0;273.0;0;5
31;48;100.0;1.0;2.0;274.1;0.0;273.0;0;5
31;49;100.0;1.0;2.0;274.1;0.0;273.0;0;5
31;50;100.0;1.0;2.0;274.1;0.0;273.0;0;5
31;51;100.0;1.0;2.0;274.1;0.0;273.0;0;5
31;52;100.0;1.0;2.0;274.1;0.0;273.0;0;5
31;53;100.0;1.0;2.0;274.1;0.0;273.0;0;5
31;54;100.0;1.0;2.0;274.1;0.0;273.0;0;5
31;55;100.0;1.0;2.0;274.1;0.0;273.0;0;5
31;56;100.0;1.0;2.0;274.1;0.0;273.0;0;5
31;57;7.3;56.0;131.0;346.0;0.2;273.0;0;5
31;58;5.8;67.5;157.0;338.9;0.2;273.0;0;5
31;59;8.7;43.6;102.0;317.4;0.1;272.0;1;6
31;60;11.8;31.4;73.0;305.0;0.1;272.0;0;6
31;61;10.2;36.8;81.0;312.3;0.1;272.0;0;6
31;62;16.8;21.9;55.0;298.1;0.1;272.0;0;6
31;63;38.4;9.3;25.0;284.0;0.0;272.0;0;6
31;64;28.5;12.5;33.0;285.4;0.0;272.0;0;6
31;65;100.0;2.5;5.0;275.1;0.0;272.0;0;6
31;66;100.0;2.5;5.0;275.1;0.0;272.0;0;6
31;67;100.0;2.5;5.0;275.1;0.0;272.0;0;6
31;68;100.0;2.5;5.0;275.1;0.0;272.0;0;6
31;69;100.0;2.4;5.0;275.3;0.0;272.0;0;6
31;70;100.0;2.5;5.0;275.1;0.0;272.0;0;6
31;71;100.0;2.4;5.0;275.3;0.0;272.0;0;6
31;72;100.0;2.5;5.0;275.1;0.0;272.0;0;6
31;73;100.0;2.5;5.0;275.1;0.0;272.0;0;6
31;74;100.0;2.5;5.0;275.1;0.0;272.0;0;6
31;75;100.0;2.5;5.0;275.1;0.0;272.0;0;6
31;76;77.6;4.5;13.0;276.3;0.0;272.0;0;6
31;77;100.0;2.4;5.0;275.3;0.0;272.0;0;6
31;78;100.0;2.4;5.0;275.3;0.0;272.0;0;6
31;79;100.0;2.5;5.0;275.1;0.0;272.0;0;6
31;80;100.0;2.4;5.0;275.3;0.0;272.0;0;6
31;81;100.0;2.5;5.0;275.1;0.0;272.0;0;6
31;82;100.0;2.4;5.0;275.3;0.0;272.0;0;6
31;83;100.0;2.3;5.0;275.4;0.0;272.0;0;6
31;84;100.0;2.5;5.0;275.1;0.0;272.0;0;6
31;85;77.6;4.5;13.0;276.3;0.0;272.0;0;6
31;86;100.0;2.3;5.0;274.4;0.0;272.0;0;6
31;87;59.7;5.9;13.0;276.7;0.0;272.0;0;6
31;88;100.0;2.2;5.0;274.6;0.0;272.0;0;6
31;89;76.2;4.6;13.0;275.6;0.0;272.0;0;6
31;90;77.6;4.5;13.0;276.3;0.0;272.0;0;6
31;91;100.0;2.5;5.0;275.1;0.0;272.0;0;6
31;92;61.9;5.7;13.0;277.4;0.0;272.0;0;6
31;93;58.6;6.0;13.0;278.1;0.0;272.0;0;6
31;94;77.6;4.5;13.0;276.3;0.0;272.0;0;6
31;95;61.7;5.7;13.0;277.1;0.0;272.0;0;6
31;96;59.7;5.9;13.0;276.7;0.0;272.0;0;6
31;97;64.3;5.5;13.0;277.6;0.0;272.0;0;6
31;98;76.2;4.6;13.0;275.6;0.0;272.0;0;6
31;99;72.2;4.9;13.0;278.4;0.0;272.0;0;6
31;100;64.3;5.5;13.0;277.6;0.0;272.0;0;6
31;101;61.7;5.7;13.0;277.1;0.0;272.0;0;6
31;102;80.4;4.4;10.0;276.3;0.0;272.0;0;6
31;103;61.7;5.7;13.0;277.1;0.0;272.0;0;6
31;104;65.7;5.4;13.0;277.7;0.0;272.0;0;6
31;105;8.0;45.8;109.0;307.7;0.1;272.0;0;6
31;106;7.8;47.1;125.0;308.7;0.2;272.0;0;6
31;107;23.8;15.1;40.0;289.6;0.1;272.0;0;6
31;108;57.6;6.1;17.0;277.0;0.0;272.0;0;6
31;109;100.0;1.0;3.0;273.6;0.0;272.0;0;6
31;110;72.2;4.9;13.0;278.4;0.0;272.0;0;6
31;111;100.0;2.1;5.0;274.7;0.0;272.0;0;6
31;112;100.0;2.2;5.0;274.6;0.0;272.0;0;6
31;113;61.7;5.7;13.0;277.1;0.0;272.0;0;6
31;114;59.7;5.9;13.0;276.7;0.0;272.0;0;6
31;115;78.4;4.5;10.0;278.9;0.0;272.0;0;6
31;116;100.0;0.5;1.0;273.3;0.0;272.0;0;6
31;117;64.3;5.5;13.0;277.6;0.0;272.0;0;6
31;118;77.8;4.5;13.0;275.3;0.0;272.0;0;6
31;119;77.2;4.5;13.0;275.4;0.0;272.0;0;6
31;120;63.1;5.6;13.0;277.4;0.0;272.0;0;6
31;121;100.0;1.7;4.0;274.3;0.0;272.0;0;6
31;122;69.1;5.1;13.0;276.9;0.0;272.0;0;6
31;123;61.7;5.7;13.0;277.1;0.0;272.0;0;6
31;124;96.2;3.6;10.0;275.1;0.0;272.0;0;6
31;125;64.3;5.5;13.0;277.6;0.0;272.0;0;6
31;126;68.3;5.2;13.0;278.1;0.0;272.0;0;6
31;127;67.7;5.2;13.0;278.0;0.0;272.0;0;6
31;128;59.7;5.9;13.0;276.7;0.0;272.0;0;6
31;129;67.7;5.2;13.0;278.0;0.0;272.0;0;6
31;130;67.7;5.2;13.0;278.0;0.0;272.0;0;6
31;131;61.7;5.7;13.0;277.1;0.0;272.0;0;6
31;132;67.7;5.2;13.0;278.0;0.0;272.0;0;6
31;133;77.8;4.5;13.0;275.3;0.0;272.0;0;6
31;134;92.3;3.8;13.0;277.0;0.0;272.0;0;6
31;135;100.0;2.1;6.0;273.9;0.0;272.0;0;6
31;136;79.7;4.4;13.0;275.7;0.0;272.0;0;6
31;137;79.7;4.4;13.0;275.7;0.0;272.0;0;6
31;138;86.5;4.1;13.0;276.6;0.0;272.0;0;6
31;139;92.3;3.8;13.0;277.0;0.0;272.0;0;6
31;140;82.5;4.3;13.0;276.1;0.0;272.0;0;6
31;141;100.0;0.3;1.0;273.1;0.0;272.0;0;6
31;142;100.0;3.5;10.0;277.4;0.0;272.0;0;6
31;143;100.0;0.3;1.0;273.1;0.0;272.0;0;6
31;144;100.0;0.3;1.0;273.1;0.0;272.0;0;6
31;145;100.0;0.3;1.0;273.1;0.0;272.0;0;6
31;146;100.0;2.1;6.0;273.9;0.0;272.0;0;6
31;147;82.5;4.3;13.0;276.1;0.0;272.0;0;6
31;148;92.3;3.8;13.0;277.0;0.0;272.0;0;6
31;149;86.5;4.1;13.0;276.6;0.0;272.0;0;6
32;0;6.6;71.3;175.0;399.3;0.2;287.0;1;1
32;1;6.4;72.2;167.0;397.6;0.2;282.0;1;2
32;2;6.4;71.5;173.0;393.6;0.2;277.0;1;3
32;3;6.1;75.2;178.0;392.4;0.2;273.0;1;4
32;4;6.5;71.5;166.0;394.4;0.2;273.0;0;4
32;5;6.9;66.6;155.0;389.7;0.2;273.0;0;4
32;6;7.3;62.5;145.0;387.1;0.2;273.0;0;4
32;7;7.4;59.6;144.0;374.9;0.2;273.0;0;4
32;8;6.4;70.1;166.0;383.3;0.2;272.0;1;5
32;9;7.6;57.4;140.0;368.9;0.2;272.0;0;5
32;10;7.8;55.8;143.0;367.9;0.2;272.0;0;5
32;11;8.3;51.0;123.0;356.4;0.1;272.0;0;5
32;12;8.8;47.4;120.0;351.1;0.1;272.0;0;5
32;13;9.3;45.6;115.0;352.3;0.1;272.0;0;5
32;14;9.1;45.9;111.0;349.1;0.1;272.0;0;5
32;15;9.3;45.2;111.0;351.7;0.1;272.0;0;5
32;16;11.2;36.0;93.0;332.1;0.1;272.0;0;5
32;17;10.5;38.4;95.0;334.0;0.1;272.0;0;5
32;18;12.5;31.7;90.0;324.1;0.1;271.0;1;6
32;19;16.6;23.5;59.0;317.6;0.1;271.0;0;6
32;20;18.6;20.0;51.0;301.3;0.1;271.0;0;6
32;21;11.0;34.6;80.0;315.1;0.1;271.0;0;6
32;22;15.4;24.2;57.0;304.4;0.1;271.0;0;6
32;23;32.8;11.1;29.0;288.9;0.0;271.0;0;6
32;24;27.2;13.2;34.0;288.0;0.0;271.0;0;6
32;25;22.4;16.6;43.0;298.4;0.1;271.0;0;6
32;26;12.3;30.4;70.0;306.4;0.1;271.0;0;6
32;27;18.9;19.2;53.0;293.7;0.1;271.0;0;6
32;28;12.5;30.3;70.0;310.6;0.1;271.0;0;6
32;29;100.0;0.3;1.0;271.1;0.0;271.0;0;6
32;30;nan;0.0;0.0;271.0;0.0;271.0;0;6
32;31;nan;0.0;0.0;271.0;0.0;271.0;0;6
32;32;nan;0.0;0.0;271.0;0.0;271.0;0;6
32;33;nan;0.0;0.0;271.0;0.0;271.0;0;6
32;34;nan;0.0;0.0;271.0;0.0;271.0;0;6
32;35;nan;0.0;0.0;271.0;0.0;271.0;0;6
32;36;nan;0.0;0.0;271.0;0.0;271.0;0;6
32;37;nan;0.0;0.0;271.0;0.0;271.0;0;6
32;38;nan;0.0;0.0;271.0;0.0;271.0;0;6
32;39;nan;0.0;0.0;271.0;0.0;271.0;0;6
32;40;nan;0.0;0.0;271.0;0.0;271.0;0;6
32;41;nan;0.0;0.0;271.0;0.0;271.0;0;6
32;42;nan;0.0;0.0;271.0;0.0;271.0;0;6
32;43;nan;0.0;0.0;271.0;0.0;271.0;0;6
32;44;nan;0.0;0.0;271.0;0.0;271.0;0;6
32;45;nan;0.0;0.0;271.0;0.0;271.0;0;6
32;46;nan;0.0;0.0;271.0;0.0;271.0;0;6
32;47;nan;0.0;0.0;271.0;0.0;271.0;0;6
32;48;nan;0.0;0.0;271.0;0.0;271.0;0;6
32;49;nan;0.0;0.0;271.0;0.0;271.0;0;6
32;50;nan;0.0;0.0;271.0;0.0;271.0;0;6
32;51;nan;0.0;0.0;271.0;0.0;271.0;0;6
32;52;nan;0.0;0.0;271.0;0.0;271.0;0;6
32;53;nan;0.0;0.0;271.0;0.0;271.0;0;6
32;54;nan;0.0;0.0;271.0;0.0;271.0;0;6
32;55;nan;0.0;0.0;271.0;0.0;271.0;0;6
32;56;nan;0.0;0.0;271.0;0.0;271.0;0;6
32;57;nan;0.0;0.0;271.0;0.0;271.0;0;6
32;58;nan;0.0;0.0;271.0;0.0;271.0;0;6
32;59;nan;0.0;0.0;271.0;0.0;271.0;0;6
32;60;nan;0.0;0.0;271.0;0.0;271.0;0;6
32;61;nan;0.0;0.0;271.0;0.0;271.0;0;6
32;62;nan;0.0;0.0;271.0;0.0;271.0;0;6
32;63;nan;0.0;0.0;271.0;0.0;271.0;0;6
32;64;8.2;46.0;100.0;318.6;0.1;271.0;0;6
32;65;8.9;42.6;92.0;317.6;0.1;271.0;0;6
32;66;8.0;47.9;106.0;324.0;0.1;271.0;0;6
32;67;9.3;40.6;94.0;316.0;0.1;271.0;0;6
32;68;8.6;44.4;97.0;319.9;0.1;271.0;0;6
32;69;11.2;33.9;76.0;314.3;0.1;271.0;0;6
32;70;8.5;45.1;98.0;320.7;0.1;271.0;0;6
32;71;11.7;31.6;76.0;305.6;0.1;271.0;0;6
32;72;31.8;11.3;32.0;286.1;0.0;271.0;0;6
32;73;35.7;9.9;23.0;281.4;0.0;271.0;0;6
32;74;70.8;4.9;14.0;273.0;0.0;271.0;0;6
32;75;nan;0.0;0.0;271.0;0.0;271.0;0;6
32;76;nan;0.0;0.0;271.0;0.0;271.0;0;6
32;77;nan;0.0;0.0;271.0;0.0;271.0;0;6
32;78;nan;0.0;0.0;271.0;0.0;271.0;0;6
32;79;nan;0.0;0.0;271.0;0.0;271.0;0;6
32;80;nan;0.0;0.0;271.0;0.0;271.0;0;6
32;81;nan;0.0;0.0;271.0;0.0;271.0;0;6
32;82;nan;0.0;0.0;271.0;0.0;271.0;0;6
32;83;nan;0.0;0.0;271.0;0.0;271.0;0;6
32;84;nan;0.0;0.0;271.0;0.0;271.0;0;6
32;85;nan;0.0;0.0;271.0;0.0;271.0;0;6
32;86;nan;0.0;0.0;271.0;0.0;271.0;0;6
32;87;nan;0.0;0.0;271.0;0.0;271.0;0;6
32;88;nan;0.0;0.0;271.0;0.0;271.0;0;6
32;89;nan;0.0;0.0;271.0;0.0;271.0;0;6
32;90;nan;0.0;0.0;271.0;0.0;271.0;0;6
32;91;nan;0.0;0.0;271.0;0.0;271.0;0;6
32;92;nan;0.0;0.0;271.0;0.0;271.0;0;6
32;93;nan;0.0;0.0;271.0;0.0;271.0;0;6
32;94;nan;0.0;0.0;271.0;0.0;271.0;0;6
32;95;nan;0.0;0.0;271.0;0.0;271.0;0;6
32;96;nan;0.0;0.0;271.0;0.0;271.0;0;6
32;97;nan;0.0;0.0;271.0;0.0;271.0;0;6
32;98;nan;0.0;0.0;271.0;0.0;271.0;0;6
32;99;nan;0.0;0.0;271.0;0.0;271.0;0;6
32;100;nan;0.0;0.0;271.0;0.0;271.0;0;6
32;101;nan;0.0;0.0;271.0;0.0;271.0;0;6
32;102;nan;0.0;0.0;271.0;0.0;271.0;0;6
32;103;nan;0.0;0.0;271.0;0.0;271.0;0;6
32;104;nan;0.0;0.0;271.0;0.0;271.0;0;6
32;105;nan;0.0;0.0;271.0;0.0;271.0;0;6
32;106;nan;0.0;0.0;271.0;0.0;271.0;0;6
32;107;nan;0.0;0.0;271.0;0.0;271.0;0;6
32;108;nan;0.0;0.0;271.0;0.0;271.0;0;6
32;109;13.3;27.0;67.0;294.3;0.1;271.0;0;6
32;110;15.0;23.4;60.0;287.1;0.1;271.0;0;6
32;111;13.4;26.9;66.0;294.4;0.1;271.0;0;6
32;112;84.8;4.1;10.0;273.6;0.0;271.0;0;6
32;113;nan;0.0;0.0;271.0;0.0;271.0;0;6
32;114;99.1;3.5;10.0;272.4;0.0;271.0;0;6
32;115;nan;0.0;0.0;271.0;0.0;271.0;0;6
32;116;nan;0.0;0.0;271.0;0.0;271.0;0;6
32;117;nan;0.0;0.0;271.0;0.0;271.0;0;6
32;118;nan;0.0;0.0;271.0;0.0;271.0;0;6
32;119;nan;0.0;0.0;271.0;0.0;271.0;0;6
32;120;nan;0.0;0.0;271.0;0.0;271.0;0;6
32;121;nan;0.0;0.0;271.0;0.0;271.0;0;6
32;122;nan;0.0;0.0;271.0;0.0;271.0;0;6
32;123;nan;0.0;0.0;271.0;0.0;271.0;0;6
32;124;nan;0.0;0.0;271.0;0.0;271.0;0;6
32;125;nan;0.0;0.0;271.0;0.0;271.0;0;6
32;126;nan;0.0;0.0;271.0;0.0;271.0;0;6
32;127;nan;0.0;0.0;271.0;0.0;271.0;0;6
32;128;nan;0.0;0.0;271.0;0.0;271.0;0;6
32;129;nan;0.0;0.0;271.0;0.0;271.0;0;6
32;130;nan;0.0;0.0;271.0;0.0;271.0;0;6
32;131;nan;0.0;0.0;271.0;0.0;271.0;0;6
32;132;nan;0.0;0.0;271.0;0.0;271.0;0;6
32;133;nan;0.0;0.0;271.0;0.0;271.0;0;6
32;134;nan;0.0;0.0;271.0;0.0;271.0;0;6
32;135;nan;0.0;0.0;271.0;0.0;271.0;0;6
32;136;nan;0.0;0.0;271.0;0.0;271.0;0;6
32;137;nan;0.0;0.0;271.0;0.0;271.0;0;6
32;138;nan;0.0;0.0;271.0;0.0;271.0;0;6
32;139;nan;0.0;0.0;271.0;0.0;271.0;0;6
32;140;nan;0.0;0.0;271.0;0.0;271.0;0;6
32;141;nan;0.0;0.0;271.0;0.0;271.0;0;6
32;142;nan;0.0;0.0;271.0;0.0;271.0;0;6
32;143;nan;0.0;0.0;271.0;0.0;271.0;0;6
32;144;nan;0.0;0.0;271.0;0.0;271.0;0;6
32;145;nan;0.0;0.0;271.0;0.0;271.0;0;6
32;146;nan;0.0;0.0;271.0;0.0;271.0;0;6
32;147;nan;0.0;0.0;271.0;0.0;271.0;0;6
32;148;nan;0.0;0.0;271.0;0.0;271.0;0;6
32;149;nan;0.0;0.0;271.0;0.0;271.0;0;6
33;0;6.3;73.9;168.0;400.7;0.2;283.0;1;1
33;1;6.8;67.1;170.0;390.1;0.2;283.0;0;1
33;2;6.3;72.2;200.0;391.0;0.2;279.0;1;2
33;3;6.5;70.6;163.0;393.9;0.2;279.0;0;2
33;4;6.4;72.7;166.0;398.9;0.2;279.0;0;2
33;5;6.2;75.4;179.0;403.0;0.2;279.0;0;2
33;6;6.3;73.0;179.0;394.0;0.2;275.0;1;3
33;7;6.9;65.2;156.0;384.9;0.2;275.0;0;3
33;8;6.8;66.7;165.0;384.6;0.2;275.0;0;3
33;9;7.1;62.9;146.0;380.9;0.2;275.0;0;3
33;10;7.5;60.2;146.0;379.6;0.2;275.0;0;3
33;11;10.3;40.4;111.0;343.9;0.1;275.0;0;3
33;12;7.3;61.1;150.0;377.3;0.2;275.0;0;3
33;13;9.8;42.3;108.0;345.7;0.1;275.0;0;3
33;14;7.3;59.7;143.0;368.7;0.2;274.0;1;4
33;15;9.4;44.8;107.0;351.9;0.1;274.0;0;4
33;16;8.7;48.6;122.0;356.3;0.1;274.0;0;4
33;17;9.4;45.0;117.0;352.6;0.1;274.0;0;4
33;18;10.1;40.3;103.0;339.7;0.1;274.0;0;4
33;19;14.7;27.5;74.0;330.9;0.1;274.0;0;4
33;20;11.1;35.0;82.0;321.9;0.1;274.0;0;4
33;21;12.1;32.0;70.0;318.9;0.1;274.0;0;4
33;22;15.6;24.6;58.0;311.9;0.1;274.0;0;4
33;23;12.0;32.0;73.0;317.3;0.1;274.0;0;4
33;24;13.0;29.3;74.0;312.9;0.1;274.0;0;4
33;25;14.0;26.9;63.0;308.1;0.1;273.0;1;5
33;26;11.9;32.3;73.0;315.3;0.1;273.0;0;5
33;27;16.9;22.0;51.0;301.4;0.1;271.0;1;6
33;28;13.8;27.0;64.0;304.0;0.1;271.0;0;6
33;29;16.5;22.6;52.0;303.1;0.1;271.0;0;6
33;30;15.1;24.3;51.0;299.0;0.1;271.0;0;6
33;31;35.4;10.2;28.0;286.1;0.0;271.0;0;6
33;32;51.7;6.8;19.0;279.1;0.0;271.0;0;6
33;33;nan;0.0;0.0;271.0;0.0;271.0;0;6
33;34;nan;0.0;0.0;271.0;0.0;271.0;0;6
33;35;nan;0.0;0.0;271.0;0.0;271.0;0;6
33;36;nan;0.0;0.0;271.0;0.0;271.0;0;6
33;37;nan;0.0;0.0;271.0;0.0;271.0;0;6
33;38;nan;0.0;0.0;271.0;0.0;271.0;0;6
33;39;nan;0.0;0.0;271.0;0.0;271.0;0;6
33;40;nan;0.0;0.0;271.0;0.0;271.0;0;6
33;41;nan;0.0;0.0;271.0;0.0;271.0;0;6
33;42;nan;0.0;0.0;271.0;0.0;271.0;0;6
33;43;nan;0.0;0.0;271.0;0.0;271.0;0;6
33;44;nan;0.0;0.0;271.0;0.0;271.0;0;6
33;45;nan;0.0;0.0;271.0;0.0;271.0;0;6
33;46;nan;0.0;0.0;271.0;0.0;271.0;0;6
33;47;nan;0.0;0.0;271.0;0.0;271.0;0;6
33;48;nan;0.0;0.0;271.0;0.0;271.0;0;6
33;49;nan;0.0;0.0;271.0;0.0;271.0;0;6
33;50;nan;0.0;0.0;271.0;0.0;271.0;0;6
33;51;nan;0.0;0.0;271.0;0.0;271.0;0;6
33;52;nan;0.0;0.0;271.0;0.0;271.0;0;6
33;53;nan;0.0;0.0;271.0;0.0;271.0;0;6
33;54;nan;0.0;0.0;271.0;0.0;271.0;0;6
33;55;nan;0.0;0.0;271.0;0.0;271.0;0;6
33;56;nan;0.0;0.0;271.0;0.0;271.0;0;6
33;57;nan;0.0;0.0;271.0;0.0;271.0;0;6
33;58;nan;0.0;0.0;271.0;0.0;271.0;0;6
33;59;nan;0.0;0.0;271.0;0.0;271.0;0;6
33;60;nan;0.0;0.0;271.0;0.0;271.0;0;6
33;61;nan;0.0;0.0;271.0;0.0;271.0;0;6
33;62;nan;0.0;0.0;271.0;0.0;271.0;0;6
33;63;nan;0.0;0.0;271.0;0.0;271.0;0;6
33;64;nan;0.0;0.0;271.0;0.0;271.0;0;6
33;65;nan;0.0;0.0;271.0;0.0;271.0;0;6
33;66;nan;0.0;0.0;271.0;0.0;271.0;0;6
33;67;nan;0.0;0.0;271.0;0.0;271.0;0;6
33;68;nan;0.0;0.0;271.0;0.0;271.0;0;6
33;69;nan;0.0;0.0;271.0;0.0;271.0;0;6
33;70;nan;0.0;0.0;271.0;0.0;271.0;0;6
33;71;nan;0.0;0.0;271.0;0.0;271.0;0;6
33;72;nan;0.0;0.0;271.0;0.0;271.0;0;6
33;73;10.0;37.6;85.0;314.1;0.1;271.0;0;6
33;74;8.2;45.8;102.0;317.7;0.1;271.0;0;6
33;75;10.1;37.5;79.0;313.7;0.1;271.0;0;6
33;76;11.5;32.2;77.0;306.3;0.1;271.0;0;6
33;77;16.4;21.9;61.0;292.3;0.1;271.0;0;6
33;78;18.8;19.1;45.0;289.7;0.1;271.0;0;6
33;79;27.4;13.1;32.0;286.6;0.0;271.0;0;6
33;80;33.5;10.5;24.0;280.7;0.0;271.0;0;6
33;81;100.0;3.1;9.0;272.3;0.0;271.0;0;6
33;82;nan;0.0;0.0;271.0;0.0;271.0;0;6
33;83;nan;0.0;0.0;271.0;0.0;271.0;0;6
33;84;nan;0.0;0.0;271.0;0.0;271.0;0;6
33;85;nan;0.0;0.0;271.0;0.0;271.0;0;6
33;86;nan;0.0;0.0;271.0;0.0;271.0;0;6
33;87;nan;0.0;0.0;271.0;0.0;271.0;0;6
33;88;nan;0.0;0.0;271.0;0.0;271.0;0;6
33;89;nan;0.0;0.0;271.0;0.0;271.0;0;6
33;90;nan;0.0;0.0;271.0;0.0;271.0;0;6
33;91;nan;0.0;0.0;271.0;0.0;271.0;0;6
33;92;nan;0.0;0.0;271.0;0.0;271.0;0;6
33;93;nan;0.0;0.0;271.0;0.0;271.0;0;6
33;94;nan;0.0;0.0;271.0;0.0;271.0;0;6
33;95;nan;0.0;0.0;271.0;0.0;271.0;0;6
33;96;nan;0.0;0.0;271.0;0.0;271.0;0;6
33;97;nan;0.0;0.0;271.0;0.0;271.0;0;6
33;98;nan;0.0;0.0;271.0;0.0;271.0;0;6
33;99;nan;0.0;0.0;271.0;0.0;271.0;0;6
33;100;nan;0.0;0.0;271.0;0.0;271.0;0;6
33;101;nan;0.0;0.0;271.0;0.0;271.0;0;6
33;102;nan;0.0;0.0;271.0;0.0;271.0;0;6
33;103;nan;0.0;0.0;271.0;0.0;271.0;0;6
33;104;nan;0.0;0.0;271.0;0.0;271.0;0;6
33;105;nan;0.0;0.0;271.0;0.0;271.0;0;6
33;106;nan;0.0;0.0;271.0;0.0;271.0;0;6
33;107;nan;0.0;0.0;271.0;0.0;271.0;0;6
33;108;nan;0.0;0.0;271.0;0.0;271.0;0;6
33;109;nan;0.0;0.0;271.0;0.0;271.0;0;6
33;110;nan;0.0;0.0;271.0;0.0;271.0;0;6
33;111;nan;0.0;0.0;271.0;0.0;271.0;0;6
33;112;nan;0.0;0.0;271.0;0.0;271.0;0;6
33;113;nan;0.0;0.0;271.0;0.0;271.0;0;6
33;114;nan;0.0;0.0;271.0;0.0;271.0;0;6
33;115;nan;0.0;0.0;271.0;0.0;271.0;0;6
33;116;nan;0.0;0.0;271.0;0.0;271.0;0;6
33;117;nan;0.0;0.0;271.0;0.0;271.0;0;6
33;118;22.8;15.7;41.0;287.6;0.1;271.0;0;6
33;119;18.3;19.3;53.0;285.1;0.1;271.0;0;6
33;120;41.5;8.4;20.0;276.3;0.0;271.0;0;6
33;121;80.9;4.3;10.0;273.7;0.0;271.0;0;6
33;122;nan;0.0;0.0;271.0;0.0;271.0;0;6
33;123;nan;0.0;0.0;271.0;0.0;271.0;0;6
33;124;nan;0.0;0.0;271.0;0.0;271.0;0;6
33;125;nan;0.0;0.0;271.0;0.0;271.0;0;6
33;126;nan;0.0;0.0;271.0;0.0;271.0;0;6
33;127;nan;0.0;0.0;271.0;0.0;271.0;0;6
33;128;nan;0.0;0.0;271.0;0.0;271.0;0;6
33;129;nan;0.0;0.0;271.0;0.0;271.0;0;6
33;130;nan;0.0;0.0;271.0;0.0;271.0;0;6
33;131;nan;0.0;0.0;271.0;0.0;271.0;0;6
33;132;nan;0.0;0.0;271.0;0.0;271.0;0;6
33;133;nan;0.0;0.0;271.0;0.0;271.0;0;6
33;134;nan;0.0;0.0;271.0;0.0;271.0;0;6
33;135;nan;0.0;0.0;271.0;0.0;271.0;0;6
33;136;nan;0.0;0.0;271.0;0.0;271.0;0;6
33;137;nan;0.0;0.0;271.0;0.0;271.0;0;6
33;138;nan;0.0;0.0;271.0;0.0;271.0;0;6
33;139;nan;0.0;0.0;271.0;0.0;271.0;0;6
33;140;nan;0.0;0.0;271.0;0.0;271.0;0;6
33;141;nan;0.0;0.0;271.0;0.0;271.0;0;6
33;142;nan;0.0;0.0;271.0;0.0;271.0;0;6
33;143;nan;0.0;0.0;271.0;0.0;271.0;0;6
33;144;nan;0.0;0.0;271.0;0.0;271.0;0;6
33;145;nan;0.0;0.0;271.0;0.0;271.0;0;6
33;146;nan;0.0;0.0;271.0;0.0;271.0;0;6
33;147;nan;0.0;0.0;271.0;0.0;271.0;0;6
33;148;nan;0.0;0.0;271.0;0.0;271.0;0;6
33;149;nan;0.0;0.0;271.0;0.0;271.0;0;6
34;0;6.8;68.0;156.0;394.1;0.2;287.0;1;1
34;1;6.1;78.0;182.0;406.3;0.2;281.0;1;2
34;2;6.8;68.4;160.0;394.7;0.2;281.0;0;2
34;3;6.7;66.5;168.0;380.9;0.2;273.0;1;3
34;4;6.0;76.7;179.0;394.9;0.2;271.0;1;4
34;5;6.8;67.0;156.0;386.9;0.2;271.0;0;4
34;6;7.1;63.6;153.0;382.9;0.2;271.0;0;4
34;7;6.8;66.2;166.0;384.7;0.2;271.0;0;4
34;8;7.7;57.1;138.0;373.3;0.2;271.0;0;4
34;9;8.0;53.7;136.0;363.1;0.1;271.0;0;4
34;10;8.1;52.7;132.0;359.9;0.1;271.0;0;4
34;11;9.2;46.3;124.0;355.3;0.1;271.0;0;4
34;12;8.0;53.2;136.0;359.6;0.1;271.0;0;4
34;13;8.0;54.2;129.0;363.4;0.1;271.0;0;4
34;14;11.0;37.2;97.0;337.3;0.1;271.0;0;4
34;15;9.2;43.8;119.0;337.9;0.1;271.0;0;4
34;16;8.9;47.8;119.0;356.7;0.1;271.0;0;4
34;17;11.6;34.7;88.0;332.6;0.1;271.0;0;4
34;18;10.1;41.7;95.0;349.4;0.1;271.0;0;4
34;19;11.8;34.1;90.0;332.6;0.1;271.0;0;4
34;20;14.4;26.6;62.0;313.9;0.1;271.0;0;4
34;21;13.1;29.3;63.0;316.1;0.1;271.0;0;4
34;22;12.4;30.6;74.0;313.4;0.1;271.0;0;4
34;23;13.6;27.7;65.0;308.9;0.1;271.0;0;4
34;24;14.1;26.7;62.0;308.1;0.1;271.0;0;4
34;25;14.3;26.1;59.0;305.9;0.1;271.0;0;4
34;26;14.0;26.6;61.0;304.6;0.1;271.0;0;4
34;27;14.1;26.4;62.0;304.4;0.1;271.0;0;4
34;28;19.4;19.2;43.0;300.7;0.1;271.0;0;4
34;29;15.7;23.9;58.0;304.7;0.1;271.0;0;4
34;30;17.8;20.7;51.0;299.3;0.1;271.0;0;4
34;31;15.4;24.2;58.0;303.6;0.1;271.0;0;4
34;32;31.7;11.0;27.0;278.9;0.0;271.0;0;4
34;33;nan;0.0;0.0;271.0;0.0;271.0;0;4
34;34;nan;0.0;0.0;271.0;0.0;271.0;0;4
34;35;nan;0.0;0.0;271.0;0.0;271.0;0;4
34;36;nan;0.0;0.0;271.0;0.0;271.0;0;4
34;37;nan;0.0;0.0;271.0;0.0;271.0;0;4
34;38;nan;0.0;0.0;271.0;0.0;271.0;0;4
34;39;nan;0.0;0.0;271.0;0.0;271.0;0;4
34;40;nan;0.0;0.0;271.0;0.0;271.0;0;4
34;41;nan;0.0;0.0;271.0;0.0;271.0;0;4
34;42;nan;0.0;0.0;271.0;0.0;271.0;0;4
34;43;nan;0.0;0.0;271.0;0.0;271.0;0;4
34;44;nan;0.0;0.0;271.0;0.0;271.0;0;4
34;45;nan;0.0;0.0;271.0;0.0;271.0;0;4
34;46;nan;0.0;0.0;271.0;0.0;271.0;0;4
34;47;nan;0.0;0.0;271.0;0.0;271.0;0;4
34;48;nan;0.0;0.0;271.0;0.0;271.0;0;4
34;49;nan;0.0;0.0;271.0;0.0;271.0;0;4
34;50;7.3;55.5;124.0;341.9;0.2;271.0;0;4
34;51;9.6;41.1;97.0;329.3;0.1;271.0;0;4
34;52;10.8;35.2;90.0;315.0;0.1;271.0;0;4
34;53;11.2;34.4;82.0;316.9;0.1;271.0;0;4
34;54;15.4;24.3;67.0;304.4;0.1;271.0;0;4
34;55;15.5;23.9;58.0;302.3;0.1;271.0;0;4
34;56;20.7;17.0;45.0;284.0;0.1;271.0;0;4
34;57;12.5;29.6;67.0;303.4;0.1;271.0;0;4
34;58;26.0;13.6;32.0;282.6;0.0;271.0;0;4
34;59;73.0;4.8;13.0;274.4;0.0;271.0;0;4
34;60;nan;0.0;0.0;271.0;0.0;271.0;0;4
34;61;nan;0.0;0.0;271.0;0.0;271.0;0;4
34;62;nan;0.0;0.0;271.0;0.0;271.0;0;4
34;63;nan;0.0;0.0;271.0;0.0;271.0;0;4
34;64;nan;0.0;0.0;271.0;0.0;271.0;0;4
34;65;nan;0.0;0.0;271.0;0.0;271.0;0;4
34;66;nan;0.0;0.0;271.0;0.0;271.0;0;4
34;67;nan;0.0;0.0;271.0;0.0;271.0;0;4
34;68;nan;0.0;0.0;271.0;0.0;271.0;0;4
34;69;nan;0.0;0.0;271.0;0.0;271.0;0;4
34;70;nan;0.0;0.0;271.0;0.0;271.0;0;4
34;71;nan;0.0;0.0;271.0;0.0;271.0;0;4
34;72;nan;0.0;0.0;271.0;0.0;271.0;0;4
34;73;nan;0.0;0.0;271.0;0.0;271.0;0;4
34;74;nan;0.0;0.0;271.0;0.0;271.0;0;4
34;75;nan;0.0;0.0;271.0;0.0;271.0;0;4
34;76;nan;0.0;0.0;271.0;0.0;271.0;0;4
34;77;nan;0.0;0.0;271.0;0.0;271.0;0;4
34;78;nan;0.0;0.0;271.0;0.0;271.0;0;4
34;79;nan;0.0;0.0;271.0;0.0;271.0;0;4
34;80;nan;0.0;0.0;271.0;0.0;271.0;0;4
34;81;nan;0.0;0.0;271.0;0.0;271.0;0;4
34;82;nan;0.0;0.0;271.0;0.0;271.0;0;4
34;83;nan;0.0;0.0;271.0;0.0;271.0;0;4
34;84;nan;0.0;0.0;271.0;0.0;271.0;0;4
34;85;nan;0.0;0.0;271.0;0.0;271.0;0;4
34;86;nan;0.0;0.0;271.0;0.0;271.0;0;4
34;87;nan;0.0;0.0;271.0;0.0;271.0;0;4
34;88;nan;0.0;0.0;271.0;0.0;271.0;0;4
34;89;nan;0.0;0.0;271.0;0.0;271.0;0;4
34;90;nan;0.0;0.0;271.0;0.0;271.0;0;4
34;91;nan;0.0;0.0;271.0;0.0;271.0;0;4
34;92;nan;0.0;0.0;271.0;0.0;271.0;0;4
34;93;nan;0.0;0.0;271.0;0.0;271.0;0;4
34;94;nan;0.0;0.0;271.0;0.0;271.0;0;4
34;95;16.9;21.5;55.0;293.7;0.1;271.0;0;4
34;96;11.4;31.9;78.0;300.1;0.1;271.0;0;4
34;97;16.3;21.7;56.0;286.9;0.1;271.0;0;4
34;98;19.3;18.7;50.0;291.3;0.1;271.0;0;4
34;99;72.1;4.8;12.0;274.6;0.0;271.0;0;4
34;100;nan;0.0;0.0;271.0;0.0;271.0;0;4
34;101;100.0;2.8;8.0;272.1;0.0;271.0;0;4
34;102;nan;0.0;0.0;271.0;0.0;271.0;0;4
34;103;nan;0.0;0.0;271.0;0.0;271.0;0;4
34;104;nan;0.0;0.0;271.0;0.0;271.0;0;4
34;105;nan;0.0;0.0;271.0;0.0;271.0;0;4
34;106;nan;0.0;0.0;271.0;0.0;271.0;0;4
34;107;nan;0.0;0.0;271.0;0.0;271.0;0;4
34;108;nan;0.0;0.0;271.0;0.0;271.0;0;4
34;109;nan;0.0;0.0;271.0;0.0;271.0;0;4
34;110;nan;0.0;0.0;271.0;0.0;271.0;0;4
34;111;nan;0.0;0.0;271.0;0.0;271.0;0;4
34;112;nan;0.0;0.0;271.0;0.0;271.0;0;4
34;113;nan;0.0;0.0;271.0;0.0;271.0;0;4
34;114;nan;0.0;0.0;271.0;0.0;271.0;0;4
34;115;nan;0.0;0.0;271.0;0.0;271.0;0;4
34;116;nan;0.0;0.0;271.0;0.0;271.0;0;4
34;117;nan;0.0;0.0;271.0;0.0;271.0;0;4
34;118;nan;0.0;0.0;271.0;0.0;271.0;0;4
34;119;nan;0.0;0.0;271.0;0.0;271.0;0;4
34;120;nan;0.0;0.0;271.0;0.0;271.0;0;4
34;121;nan;0.0;0.0;271.0;0.0;271.0;0;4
34;122;nan;0.0;0.0;271.0;0.0;271.0;0;4
34;123;nan;0.0;0.0;271.0;0.0;271.0;0;4
34;124;nan;0.0;0.0;271.0;0.0;271.0;0;4
34;125;nan;0.0;0.0;271.0;0.0;271.0;0;4
34;126;nan;0.0;0.0;271.0;0.0;271.0;0;4
34;127;nan;0.0;0.0;271.0;0.0;271.0;0;4
34;128;nan;0.0;0.0;271.0;0.0;271.0;0;4
34;129;nan;0.0;0.0;271.0;0.0;271.0;0;4
34;130;nan;0.0;0.0;271.0;0.0;271.0;0;4
34;131;nan;0.0;0.0;271.0;0.0;271.0;0;4
34;132;nan;0.0;0.0;271.0;0.0;271.0;0;4
34;133;nan;0.0;0.0;271.0;0.0;271.0;0;4
34;134;nan;0.0;0.0;271.0;0.0;271.0;0;4
34;135;nan;0.0;0.0;271.0;0.0;271.0;0;4
34;136;nan;0.0;0.0;271.0;0.0;271.0;0;4
34;137;nan;0.0;0.0;271.0;0.0;271.0;0;4
34;138;nan;0.0;0.0;271.0;0.0;271.0;0;4
34;139;nan;0.0;0.0;271.0;0.0;271.0;0;4
34;140;100.0;2.8;10.0;274.6;0.0;271.0;0;4
34;141;100.0;2.7;8.0;272.9;0.0;271.0;0;4
34;142;nan;0.0;0.0;271.0;0.0;271.0;0;4
34;143;nan;0.0;0.0;271.0;0.0;271.0;0;4
34;144;nan;0.0;0.0;271.0;0.0;271.0;0;4
34;145;nan;0.0;0.0;271.0;0.0;271.0;0;4
34;146;nan;0.0;0.0;271.0;0.0;271.0;0;4
34;147;nan;0.0;0.0;271.0;0.0;271.0;0;4
34;148;nan;0.0;0.0;271.0;0.0;271.0;0;4
34;149;nan;0.0;0.0;271.0;0.0;271.0;0;4
35;0;6.6;70.8;168.0;397.1;0.2;280.0;1;1
35;1;6.4;73.6;171.0;404.0;0.2;280.0;0;1
35;2;6.0;78.9;184.0;407.3;0.2;280.0;0;1
35;3;6.3;73.5;179.0;397.1;0.2;280.0;0;1
35;4;6.9;65.2;166.0;383.9;0.2;274.0;1;2
35;5;6.6;69.2;160.0;392.9;0.2;274.0;0;2
35;6;7.0;62.4;159.0;373.1;0.2;271.0;1;3
35;7;6.4;70.9;167.0;389.7;0.2;271.0;0;3
35;8;6.9;65.2;158.0;382.0;0.2;271.0;0;3
35;9;7.1;62.0;157.0;376.4;0.2;271.0;0;3
35;10;6.7;68.5;158.0;389.3;0.2;271.0;0;3
35;11;8.6;50.1;117.0;362.9;0.1;271.0;0;3
35;12;9.5;45.6;111.0;360.1;0.1;271.0;0;3
35;13;8.1;53.0;130.0;362.7;0.1;271.0;0;3
35;14;9.4;44.2;109.0;348.1;0.1;271.0;0;3
35;15;8.7;49.3;119.0;359.9;0.1;271.0;0;3
35;16;9.5;44.3;114.0;352.0;0.1;271.0;0;3
35;17;13.9;28.8;70.0;326.3;0.1;271.0;0;3
35;18;11.1;36.6;93.0;335.3;0.1;271.0;0;3
35;19;15.7;24.8;61.0;316.6;0.1;271.0;0;3
35;20;12.4;31.0;74.0;315.0;0.1;271.0;0;3
35;21;15.3;24.7;65.0;307.4;0.1;271.0;0;3
35;22;33.7;10.8;26.0;290.3;0.0;271.0;0;3
35;23;26.4;13.8;33.0;292.3;0.0;271.0;0;3
35;24;72.7;5.0;13.0;283.6;0.0;271.0;0;3
35;25;58.8;6.1;16.0;283.7;0.0;271.0;0;3
35;26;77.0;4.7;11.0;285.1;0.0;271.0;0;3
35;27;55.8;6.4;13.0;283.4;0.0;271.0;0;3
35;28;65.9;5.5;12.0;284.3;0.0;271.0;0;3
35;29;62.3;5.8;12.0;284.0;0.0;271.0;0;3
35;30;55.8;6.4;13.0;283.4;0.0;271.0;0;3
35;31;63.9;5.6;12.0;284.1;0.0;271.0;0;3
35;32;55.8;6.4;13.0;283.4;0.0;271.0;0;3
35;33;63.9;5.6;12.0;284.1;0.0;271.0;0;3
35;34;39.1;9.2;20.0;286.6;0.0;271.0;0;3
35;35;42.2;8.6;19.0;287.1;0.0;271.0;0;3
35;36;42.4;8.5;24.0;285.0;0.0;271.0;0;3
35;37;20.4;17.6;56.0;289.9;0.1;271.0;0;3
35;38;64.4;5.5;13.0;281.7;0.0;271.0;0;3
35;39;16.1;22.6;58.0;294.6;0.1;271.0;0;3
35;40;51.6;6.9;17.0;283.1;0.0;271.0;0;3
35;41;25.2;14.3;33.0;289.0;0.0;271.0;0;3
35;42;40.9;8.8;27.0;284.6;0.0;271.0;0;3
35;43;100.0;1.4;4.0;278.0;0.0;271.0;0;3
35;44;45.4;7.9;17.0;282.3;0.0;271.0;0;3
35;45;51.6;6.9;17.0;283.1;0.0;271.0;0;3
35;46;100.0;0.9;2.0;277.3;0.0;271.0;0;3
35;47;61.4;5.8;12.0;282.3;0.0;271.0;0;3
35;48;61.4;5.8;12.0;282.3;0.0;271.0;0;3
35;49;87.7;4.1;12.0;279.1;0.0;271.0;0;3
35;50;nan;0.0;0.0;277.0;0.0;271.0;0;3
35;51;nan;0.0;0.0;277.0;0.0;271.0;0;3
35;52;6.8;58.5;133.0;340.6;0.2;271.0;0;3
35;53;8.2;48.3;117.0;333.3;0.1;271.0;0;3
35;54;11.4;33.7;81.0;315.9;0.1;271.0;0;3
35;55;9.5;40.7;97.0;323.1;0.1;271.0;0;3
35;56;10.6;36.5;87.0;320.1;0.1;271.0;0;3
35;57;23.5;15.9;43.0;298.9;0.1;271.0;0;3
35;58;18.9;19.3;42.0;294.6;0.1;271.0;0;3
35;59;56.3;6.3;14.0;281.0;0.0;271.0;0;3
35;60;74.2;4.8;14.0;280.1;0.0;271.0;0;3
35;61;nan;0.0;0.0;277.0;0.0;271.0;0;3
35;62;nan;0.0;0.0;277.0;0.0;271.0;0;3
35;63;nan;0.0;0.0;277.0;0.0;271.0;0;3
35;64;nan;0.0;0.0;277.0;0.0;271.0;0;3
35;65;nan;0.0;0.0;277.0;0.0;271.0;0;3
35;66;nan;0.0;0.0;277.0;0.0;271.0;0;3
35;67;nan;0.0;0.0;277.0;0.0;271.0;0;3
35;68;nan;0.0;0.0;277.0;0.0;271.0;0;3
35;69;nan;0.0;0.0;277.0;0.0;271.0;0;3
35;70;nan;0.0;0.0;277.0;0.0;271.0;0;3
35;71;nan;0.0;0.0;277.0;0.0;271.0;0;3
35;72;nan;0.0;0.0;277.0;0.0;271.0;0;3
35;73;nan;0.0;0.0;277.0;0.0;271.0;0;3
35;74;nan;0.0;0.0;277.0;0.0;271.0;0;3
35;75;nan;0.0;0.0;277.0;0.0;271.0;0;3
35;76;nan;0.0;0.0;277.0;0.0;271.0;0;3
35;77;nan;0.0;0.0;277.0;0.0;271.0;0;3
35;78;nan;0.0;0.0;277.0;0.0;271.0;0;3
35;79;nan;0.0;0.0;277.0;0.0;271.0;0;3
35;80;nan;0.0;0.0;277.0;0.0;271.0;0;3
35;81;nan;0.0;0.0;277.0;0.0;271.0;0;3
35;82;nan;0.0;0.0;277.0;0.0;271.0;0;3
35;83;nan;0.0;0.0;277.0;0.0;271.0;0;3
35;84;nan;0.0;0.0;277.0;0.0;271.0;0;3
35;85;nan;0.0;0.0;277.0;0.0;271.0;0;3
35;86;nan;0.0;0.0;277.0;0.0;271.0;0;3
35;87;nan;0.0;0.0;277.0;0.0;271.0;0;3
35;88;nan;0.0;0.0;277.0;0.0;271.0;0;3
35;89;nan;0.0;0.0;277.0;0.0;271.0;0;3
35;90;nan;0.0;0.0;277.0;0.0;271.0;0;3
35;91;nan;0.0;0.0;277.0;0.0;271.0;0;3
35;92;nan;0.0;0.0;277.0;0.0;271.0;0;3
35;93;nan;0.0;0.0;277.0;0.0;271.0;0;3
35;94;nan;0.0;0.0;277.0;0.0;271.0;0;3
35;95;nan;0.0;0.0;277.0;0.0;271.0;0;3
35;96;nan;0.0;0.0;277.0;0.0;271.0;0;3
35;97;10.6;34.2;89.0;301.4;0.1;271.0;0;3
35;98;12.3;29.3;72.0;296.6;0.1;271.0;0;3
35;99;13.1;27.3;68.0;292.6;0.1;271.0;0;3
35;100;23.6;15.3;38.0;288.9;0.1;271.0;0;3
35;101;15.4;23.5;58.0;294.3;0.1;271.0;0;3
35;102;21.9;16.3;41.0;286.0;0.1;271.0;0;3
35;103;34.1;10.4;27.0;283.4;0.0;271.0;0;3
35;104;nan;0.0;0.0;277.0;0.0;271.0;0;3
35;105;nan;0.0;0.0;277.0;0.0;271.0;0;3
35;106;nan;0.0;0.0;277.0;0.0;271.0;0;3
35;107;nan;0.0;0.0;277.0;0.0;271.0;0;3
35;108;nan;0.0;0.0;277.0;0.0;271.0;0;3
35;109;nan;0.0;0.0;277.0;0.0;271.0;0;3
35;110;nan;0.0;0.0;277.0;0.0;271.0;0;3
35;111;nan;0.0;0.0;277.0;0.0;271.0;0;3
35;112;nan;0.0;0.0;277.0;0.0;271.0;0;3
35;113;nan;0.0;0.0;277.0;0.0;271.0;0;3
35;114;nan;0.0;0.0;277.0;0.0;271.0;0;3
35;115;nan;0.0;0.0;277.0;0.0;271.0;0;3
35;116;nan;0.0;0.0;277.0;0.0;271.0;0;3
35;117;nan;0.0;0.0;277.0;0.0;271.0;0;3
35;118;nan;0.0;0.0;277.0;0.0;271.0;0;3
35;119;nan;0.0;0.0;277.0;0.0;271.0;0;3
35;120;nan;0.0;0.0;277.0;0.0;271.0;0;3
35;121;nan;0.0;0.0;277.0;0.0;271.0;0;3
35;122;nan;0.0;0.0;277.0;0.0;271.0;0;3
35;123;nan;0.0;0.0;277.0;0.0;271.0;0;3
35;124;nan;0.0;0.0;277.0;0.0;271.0;0;3
35;125;nan;0.0;0.0;277.0;0.0;271.0;0;3
35;126;nan;0.0;0.0;277.0;0.0;271.0;0;3
35;127;nan;0.0;0.0;277.0;0.0;271.0;0;3
35;128;nan;0.0;0.0;277.0;0.0;271.0;0;3
35;129;nan;0.0;0.0;277.0;0.0;271.0;0;3
35;130;nan;0.0;0.0;277.0;0.0;271.0;0;3
35;131;nan;0.0;0.0;277.0;0.0;271.0;0;3
35;132;nan;0.0;0.0;277.0;0.0;271.0;0;3
35;133;nan;0.0;0.0;277.0;0.0;271.0;0;3
35;134;nan;0.0;0.0;277.0;0.0;271.0;0;3
35;135;nan;0.0;0.0;277.0;0.0;271.0;0;3
35;136;nan;0.0;0.0;277.0;0.0;271.0;0;3
35;137;nan;0.0;0.0;277.0;0.0;271.0;0;3
35;138;nan;0.0;0.0;277.0;0.0;271.0;0;3
35;139;nan;0.0;0.0;277.0;0.0;271.0;0;3
35;140;nan;0.0;0.0;277.0;0.0;271.0;0;3
35;141;nan;0.0;0.0;277.0;0.0;271.0;0;3
35;142;21.0;16.8;54.0;284.7;0.1;271.0;0;3
35;143;nan;0.0;0.0;277.0;0.0;271.0;0;3
35;144;nan;0.0;0.0;277.0;0.0;271.0;0;3
35;145;nan;0.0;0.0;277.0;0.0;271.0;0;3
35;146;nan;0.0;0.0;277.0;0.0;271.0;0;3
35;147;nan;0.0;0.0;277.0;0.0;271.0;0;3
35;148;nan;0.0;0.0;277.0;0.0;271.0;0;3
35;149;nan;0.0;0.0;277.0;0.0;271.0;0;3
36;0;6.2;75.9;188.0;406.3;0.2;282.0;1;1
36;1;6.5;70.3;168.0;390.9;0.2;278.0;1;2
36;2;6.8;68.0;163.0;392.7;0.2;278.0;0;2
36;3;6.6;68.3;163.0;386.4;0.2;277.0;1;3
36;4;7.1;65.5;155.0;392.3;0.2;277.0;0;3
36;5;6.5;72.1;175.0;397.7;0.2;277.0;0;3
36;6;6.7;68.3;168.0;389.7;0.2;277.0;0;3
36;7;6.9;65.6;168.0;385.6;0.2;277.0;0;3
36;8;7.3;62.6;146.0;385.4;0.2;277.0;0;3
36;9;7.1;62.8;161.0;380.3;0.2;277.0;0;3
36;10;8.1;54.1;132.0;370.0;0.1;277.0;0;3
36;11;7.9;56.4;131.0;373.9;0.2;277.0;0;3
36;12;9.1;46.1;119.0;349.3;0.1;271.0;1;4
36;13;8.1;54.4;127.0;371.3;0.1;271.0;0;4
36;14;7.4;60.8;148.0;379.4;0.2;271.0;0;4
36;15;8.4;51.2;122.0;362.3;0.1;271.0;0;4
36;16;12.4;33.2;77.0;337.9;0.1;271.0;0;4
36;17;8.4;51.2;122.0;360.1;0.1;271.0;0;4
36;18;9.5;43.9;107.0;347.0;0.1;271.0;0;4
36;19;9.0;46.7;114.0;350.9;0.1;271.0;0;4
36;20;8.9;44.9;105.0;333.3;0.1;271.0;0;4
36;21;11.1;34.9;89.0;319.9;0.1;271.0;0;4
36;22;10.7;36.1;80.0;320.4;0.1;271.0;0;4
36;23;9.4;41.2;99.0;323.7;0.1;271.0;0;4
36;24;17.1;21.5;60.0;298.7;0.1;271.0;0;4
36;25;17.0;22.0;55.0;303.1;0.1;271.0;0;4
36;26;20.1;18.0;48.0;291.3;0.1;271.0;0;4
36;27;14.3;26.2;62.0;306.1;0.1;271.0;0;4
36;28;17.6;21.4;52.0;305.7;0.1;271.0;0;4
36;29;16.8;22.5;51.0;307.4;0.1;271.0;0;4
36;30;27.5;13.2;38.0;291.0;0.0;271.0;0;4
36;31;18.2;20.6;47.0;303.3;0.1;271.0;0;4
36;32;22.0;16.5;38.0;293.1;0.1;271.0;0;4
36;33;100.0;3.1;8.0;276.4;0.0;271.0;0;4
36;34;100.0;2.5;5.0;276.9;0.0;271.0;0;4
36;35;nan;0.0;0.0;274.0;0.0;271.0;0;4
36;36;nan;0.0;0.0;274.0;0.0;271.0;0;4
36;37;nan;0.0;0.0;274.0;0.0;271.0;0;4
36;38;nan;0.0;0.0;274.0;0.0;271.0;0;4
36;39;nan;0.0;0.0;274.0;0.0;271.0;0;4
36;40;nan;0.0;0.0;274.0;0.0;271.0;0;4
36;41;nan;0.0;0.0;274.0;0.0;271.0;0;4
36;42;nan;0.0;0.0;274.0;0.0;271.0;0;4
36;43;nan;0.0;0.0;274.0;0.0;271.0;0;4
36;44;nan;0.0;0.0;274.0;0.0;271.0;0;4
36;45;nan;0.0;0.0;274.0;0.0;271.0;0;4
36;46;nan;0.0;0.0;274.0;0.0;271.0;0;4
36;47;nan;0.0;0.0;274.0;0.0;271.0;0;4
36;48;nan;0.0;0.0;274.0;0.0;271.0;0;4
36;49;nan;0.0;0.0;274.0;0.0;271.0;0;4
36;50;nan;0.0;0.0;274.0;0.0;271.0;0;4
36;51;nan;0.0;0.0;274.0;0.0;271.0;0;4
36;52;nan;0.0;0.0;274.0;0.0;271.0;0;4
36;53;nan;0.0;0.0;274.0;0.0;271.0;0;4
36;54;nan;0.0;0.0;274.0;0.0;271.0;0;4
36;55;nan;0.0;0.0;274.0;0.0;271.0;0;4
36;56;nan;0.0;0.0;274.0;0.0;271.0;0;4
36;57;nan;0.0;0.0;274.0;0.0;271.0;0;4
36;58;6.1;64.8;142.0;338.0;0.2;271.0;0;4
36;59;10.3;36.7;89.0;313.4;0.1;271.0;0;4
36;60;10.7;35.9;90.0;316.9;0.1;271.0;0;4
36;61;7.7;50.3;112.0;328.1;0.2;271.0;0;4
36;62;11.4;32.7;72.0;306.4;0.1;271.0;0;4
36;63;12.9;28.7;68.0;304.0;0.1;271.0;0;4
36;64;38.2;9.5;27.0;287.3;0.0;271.0;0;4
36;65;37.8;9.4;23.0;282.7;0.0;271.0;0;4
36;66;100.0;0.7;2.0;274.3;0.0;271.0;0;4
36;67;nan;0.0;0.0;274.0;0.0;271.0;0;4
36;68;nan;0.0;0.0;274.0;0.0;271.0;0;4
36;69;nan;0.0;0.0;274.0;0.0;271.0;0;4
36;70;nan;0.0;0.0;274.0;0.0;271.0;0;4
36;71;nan;0.0;0.0;274.0;0.0;271.0;0;4
36;72;nan;0.0;0.0;274.0;0.0;271.0;0;4
36;73;nan;0.0;0.0;274.0;0.0;271.0;0;4
36;74;nan;0.0;0.0;274.0;0.0;271.0;0;4
36;75;nan;0.0;0.0;274.0;0.0;271.0;0;4
36;76;nan;0.0;0.0;274.0;0.0;271.0;0;4
36;77;nan;0.0;0.0;274.0;0.0;271.0;0;4
36;78;nan;0.0;0.0;274.0;0.0;271.0;0;4
36;79;nan;0.0;0.0;274.0;0.0;271.0;0;4
36;80;nan;0.0;0.0;274.0;0.0;271.0;0;4
36;81;nan;0.0;0.0;274.0;0.0;271.0;0;4
36;82;nan;0.0;0.0;274.0;0.0;271.0;0;4
36;83;nan;0.0;0.0;274.0;0.0;271.0;0;4
36;84;nan;0.0;0.0;274.0;0.0;271.0;0;4
36;85;nan;0.0;0.0;274.0;0.0;271.0;0;4
36;86;nan;0.0;0.0;274.0;0.0;271.0;0;4
36;87;nan;0.0;0.0;274.0;0.0;271.0;0;4
36;88;nan;0.0;0.0;274.0;0.0;271.0;0;4
36;89;nan;0.0;0.0;274.0;0.0;271.0;0;4
36;90;nan;0.0;0.0;274.0;0.0;271.0;0;4
36;91;nan;0.0;0.0;274.0;0.0;271.0;0;4
36;92;nan;0.0;0.0;274.0;0.0;271.0;0;4
36;93;nan;0.0;0.0;274.0;0.0;271.0;0;4
36;94;nan;0.0;0.0;274.0;0.0;271.0;0;4
36;95;nan;0.0;0.0;274.0;0.0;271.0;0;4
36;96;nan;0.0;0.0;274.0;0.0;271.0;0;4
36;97;nan;0.0;0.0;274.0;0.0;271.0;0;4
36;98;nan;0.0;0.0;274.0;0.0;271.0;0;4
36;99;nan;0.0;0.0;274.0;0.0;271.0;0;4
36;100;nan;0.0;0.0;274.0;0.0;271.0;0;4
36;101;nan;0.0;0.0;274.0;0.0;271.0;0;4
36;102;nan;0.0;0.0;274.0;0.0;271.0;0;4
36;103;11.1;32.5;80.0;298.6;0.1;271.0;0;4
36;104;53.3;6.6;16.0;278.1;0.0;271.0;0;4
36;105;56.3;6.2;17.0;277.7;0.0;271.0;0;4
36;106;40.5;8.7;20.0;280.9;0.0;271.0;0;4
36;107;nan;0.0;0.0;274.0;0.0;271.0;0;4
36;108;nan;0.0;0.0;274.0;0.0;271.0;0;4
36;109;nan;0.0;0.0;274.0;0.0;271.0;0;4
36;110;nan;0.0;0.0;274.0;0.0;271.0;0;4
36;111;nan;0.0;0.0;274.0;0.0;271.0;0;4
36;112;nan;0.0;0.0;274.0;0.0;271.0;0;4
36;113;nan;0.0;0.0;274.0;0.0;271.0;0;4
36;114;nan;0.0;0.0;274.0;0.0;271.0;0;4
36;115;nan;0.0;0.0;274.0;0.0;271.0;0;4
36;116;nan;0.0;0.0;274.0;0.0;271.0;0;4
36;117;nan;0.0;0.0;274.0;0.0;271.0;0;4
36;118;nan;0.0;0.0;274.0;0.0;271.0;0;4
36;119;nan;0.0;0.0;274.0;0.0;271.0;0;4
36;120;nan;0.0;0.0;274.0;0.0;271.0;0;4
36;121;nan;0.0;0.0;274.0;0.0;271.0;0;4
36;122;nan;0.0;0.0;274.0;0.0;271.0;0;4
36;123;nan;0.0;0.0;274.0;0.0;271.0;0;4
36;124;nan;0.0;0.0;274.0;0.0;271.0;0;4
36;125;nan;0.0;0.0;274.0;0.0;271.0;0;4
36;126;nan;0.0;0.0;274.0;0.0;271.0;0;4
36;127;nan;0.0;0.0;274.0;0.0;271.0;0;4
36;128;nan;0.0;0.0;274.0;0.0;271.0;0;4
36;129;nan;0.0;0.0;274.0;0.0;271.0;0;4
36;130;nan;0.0;0.0;274.0;0.0;271.0;0;4
36;131;nan;0.0;0.0;274.0;0.0;271.0;0;4
36;132;nan;0.0;0.0;274.0;0.0;271.0;0;4
36;133;nan;0.0;0.0;274.0;0.0;271.0;0;4
36;134;nan;0.0;0.0;274.0;0.0;271.0;0;4
36;135;nan;0.0;0.0;274.0;0.0;271.0;0;4
36;136;nan;0.0;0.0;274.0;0.0;271.0;0;4
36;137;nan;0.0;0.0;274.0;0.0;271.0;0;4
36;138;nan;0.0;0.0;274.0;0.0;271.0;0;4
36;139;nan;0.0;0.0;274.0;0.0;271.0;0;4
36;140;nan;0.0;0.0;274.0;0.0;271.0;0;4
36;141;nan;0.0;0.0;274.0;0.0;271.0;0;4
36;142;nan;0.0;0.0;274.0;0.0;271.0;0;4
36;143;nan;0.0;0.0;274.0;0.0;271.0;0;4
36;144;nan;0.0;0.0;274.0;0.0;271.0;0;4
36;145;nan;0.0;0.0;274.0;0.0;271.0;0;4
36;146;nan;0.0;0.0;274.0;0.0;271.0;0;4
36;147;nan;0.0;0.0;274.0;0.0;271.0;0;4
36;148;100.0;3.1;9.0;275.3;0.0;271.0;0;4
36;149;nan;0.0;0.0;274.0;0.0;271.0;0;4
37;0;7.4;61.0;152.0;382.0;0.2;284.0;1;1
37;1;6.6;69.5;171.0;392.7;0.2;283.0;1;2
37;2;6.4;72.8;179.0;396.9;0.2;282.0;1;3
37;3;6.0;78.1;179.0;405.9;0.2;281.0;1;4
37;4;6.6;70.1;171.0;393.1;0.2;281.0;0;4
37;5;6.6;68.8;166.0;388.7;0.2;277.0;1;5
37;6;7.2;63.0;153.0;385.1;0.2;277.0;0;5
37;7;7.2;62.6;150.0;380.9;0.2;277.0;0;5
37;8;6.7;67.7;163.0;389.3;0.2;277.0;0;5
37;9;7.5;59.0;149.0;373.9;0.2;274.0;1;6
37;10;7.6;57.3;150.0;366.9;0.2;274.0;0;6
37;11;8.0;54.8;130.0;369.0;0.1;274.0;0;6
37;12;7.5;58.2;141.0;370.9;0.2;274.0;0;6
37;13;8.2;51.9;137.0;356.3;0.1;274.0;0;6
37;14;7.2;61.8;143.0;377.7;0.2;274.0;0;6
37;15;10.4;38.5;101.0;333.7;0.1;271.0;1;7
37;16;12.9;31.1;78.0;328.0;0.1;271.0;0;7
37;17;9.5;43.5;108.0;346.3;0.1;271.0;0;7
37;18;11.7;34.7;89.0;334.6;0.1;271.0;0;7
37;19;13.0;30.8;84.0;329.3;0.1;271.0;0;7
37;20;14.3;26.6;63.0;311.4;0.1;271.0;0;7
37;21;14.5;26.1;64.0;308.4;0.1;271.0;0;7
37;22;24.8;14.6;39.0;291.1;0.1;271.0;0;7
37;23;24.0;15.2;40.0;292.9;0.1;271.0;0;7
37;24;49.8;7.1;15.0;281.6;0.0;271.0;0;7
37;25;100.0;1.4;4.0;284.7;0.0;271.0;0;7
37;26;100.0;2.1;7.0;283.7;0.0;271.0;0;7
37;27;94.0;3.8;13.0;282.0;0.0;271.0;0;7
37;28;nan;0.0;0.0;283.0;0.0;271.0;0;7
37;29;nan;0.0;0.0;283.0;0.0;271.0;0;7
37;30;nan;0.0;0.0;283.0;0.0;271.0;0;7
37;31;nan;0.0;0.0;283.0;0.0;271.0;0;7
37;32;nan;0.0;0.0;283.0;0.0;271.0;0;7
37;33;nan;0.0;0.0;283.0;0.0;271.0;0;7
37;34;nan;0.0;0.0;283.0;0.0;271.0;0;7
37;35;nan;0.0;0.0;283.0;0.0;271.0;0;7
37;36;nan;0.0;0.0;283.0;0.0;271.0;0;7
37;37;nan;0.0;0.0;283.0;0.0;271.0;0;7
37;38;nan;0.0;0.0;283.0;0.0;271.0;0;7
37;39;nan;0.0;0.0;283.0;0.0;271.0;0;7
37;40;nan;0.0;0.0;283.0;0.0;271.0;0;7
37;41;nan;0.0;0.0;283.0;0.0;271.0;0;7
37;42;nan;0.0;0.0;283.0;0.0;271.0;0;7
37;43;nan;0.0;0.0;283.0;0.0;271.0;0;7
37;44;nan;0.0;0.0;283.0;0.0;271.0;0;7
37;45;100.0;3.0;9.0;281.1;0.0;271.0;0;7
37;46;nan;0.0;0.0;283.0;0.0;271.0;0;7
37;47;nan;0.0;0.0;283.0;0.0;271.0;0;7
37;48;nan;0.0;0.0;283.0;0.0;271.0;0;7
37;49;nan;0.0;0.0;283.0;0.0;271.0;0;7
37;50;nan;0.0;0.0;283.0;0.0;271.0;0;7
37;51;nan;0.0;0.0;283.0;0.0;271.0;0;7
37;52;nan;0.0;0.0;283.0;0.0;271.0;0;7
37;53;nan;0.0;0.0;283.0;0.0;271.0;0;7
37;54;nan;0.0;0.0;283.0;0.0;271.0;0;7
37;55;nan;0.0;0.0;283.0;0.0;271.0;0;7
37;56;nan;0.0;0.0;283.0;0.0;271.0;0;7
37;57;nan;0.0;0.0;283.0;0.0;271.0;0;7
37;58;nan;0.0;0.0;283.0;0.0;271.0;0;7
37;59;nan;0.0;0.0;283.0;0.0;271.0;0;7
37;60;nan;0.0;0.0;283.0;0.0;271.0;0;7
37;61;8.3;45.5;97.0;318.0;0.1;271.0;0;7
37;62;5.8;67.5;144.0;338.9;0.2;271.0;0;7
37;63;8.6;44.3;96.0;318.1;0.1;271.0;0;7
37;64;9.2;41.2;89.0;315.6;0.1;271.0;0;7
37;65;13.6;27.1;67.0;301.0;0.1;271.0;0;7
37;66;20.0;18.4;42.0;296.6;0.1;271.0;0;7
37;67;19.9;18.6;43.0;299.4;0.1;271.0;0;7
37;68;100.0;0.7;2.0;283.4;0.0;271.0;0;7
37;69;nan;0.0;0.0;283.0;0.0;271.0;0;7
37;70;nan;0.0;0.0;283.0;0.0;271.0;0;7
37;71;100.0;3.5;10.0;281.6;0.0;271.0;0;7
37;72;nan;0.0;0.0;283.0;0.0;271.0;0;7
37;73;nan;0.0;0.0;283.0;0.0;271.0;0;7
37;74;nan;0.0;0.0;283.0;0.0;271.0;0;7
37;75;100.0;1.0;2.0;282.1;0.0;271.0;0;7
37;76;nan;0.0;0.0;283.0;0.0;271.0;0;7
37;77;nan;0.0;0.0;283.0;0.0;271.0;0;7
37;78;nan;0.0;0.0;283.0;0.0;271.0;0;7
37;79;nan;0.0;0.0;283.0;0.0;271.0;0;7
37;80;nan;0.0;0.0;283.0;0.0;271.0;0;7
37;81;nan;0.0;0.0;283.0;0.0;271.0;0;7
37;82;nan;0.0;0.0;283.0;0.0;271.0;0;7
37;83;nan;0.0;0.0;283.0;0.0;271.0;0;7
37;84;nan;0.0;0.0;283.0;0.0;271.0;0;7
37;85;nan;0.0;0.0;283.0;0.0;271.0;0;7
37;86;nan;0.0;0.0;283.0;0.0;271.0;0;7
37;87;nan;0.0;0.0;283.0;0.0;271.0;0;7
37;88;nan;0.0;0.0;283.0;0.0;271.0;0;7
37;89;nan;0.0;0.0;283.0;0.0;271.0;0;7
37;90;nan;0.0;0.0;283.0;0.0;271.0;0;7
37;91;nan;0.0;0.0;283.0;0.0;271.0;0;7
37;92;nan;0.0;0.0;283.0;0.0;271.0;0;7
37;93;nan;0.0;0.0;283.0;0.0;271.0;0;7
37;94;nan;0.0;0.0;283.0;0.0;271.0;0;7
37;95;nan;0.0;0.0;283.0;0.0;271.0;0;7
37;96;nan;0.0;0.0;283.0;0.0;271.0;0;7
37;97;nan;0.0;0.0;283.0;0.0;271.0;0;7
37;98;nan;0.0;0.0;283.0;0.0;271.0;0;7
37;99;nan;0.0;0.0;283.0;0.0;271.0;0;7
37;100;nan;0.0;0.0;283.0;0.0;271.0;0;7
37;101;nan;0.0;0.0;283.0;0.0;271.0;0;7
37;102;nan;0.0;0.0;283.0;0.0;271.0;0;7
37;103;nan;0.0;0.0;283.0;0.0;271.0;0;7
37;104;nan;0.0;0.0;283.0;0.0;271.0;0;7
37;105;100.0;3.4;10.0;281.0;0.0;271.0;0;7
37;106;15.1;24.1;59.0;297.6;0.1;271.0;0;7
37;107;22.7;15.9;45.0;290.0;0.1;271.0;0;7
37;108;20.3;18.0;42.0;294.7;0.1;271.0;0;7
37;109;42.2;8.5;22.0;285.4;0.0;271.0;0;7
37;110;94.6;3.8;11.0;284.9;0.0;271.0;0;7
37;111;nan;0.0;0.0;283.0;0.0;271.0;0;7
37;112;100.0;2.1;6.0;282.1;0.0;271.0;0;7
37;113;nan;0.0;0.0;283.0;0.0;271.0;0;7
37;114;nan;0.0;0.0;283.0;0.0;271.0;0;7
37;115;nan;0.0;0.0;283.0;0.0;271.0;0;7
37;116;nan;0.0;0.0;283.0;0.0;271.0;0;7
37;117;100.0;2.4;7.0;282.0;0.0;271.0;0;7
37;118;nan;0.0;0.0;283.0;0.0;271.0;0;7
37;119;nan;0.0;0.0;283.0;0.0;271.0;0;7
37;120;nan;0.0;0.0;283.0;0.0;271.0;0;7
37;121;nan;0.0;0.0;283.0;0.0;271.0;0;7
37;122;nan;0.0;0.0;283.0;0.0;271.0;0;7
37;123;nan;0.0;0.0;283.0;0.0;271.0;0;7
37;124;nan;0.0;0.0;283.0;0.0;271.0;0;7
37;125;nan;0.0;0.0;283.0;0.0;271.0;0;7
37;126;nan;0.0;0.0;283.0;0.0;271.0;0;7
37;127;nan;0.0;0.0;283.0;0.0;271.0;0;7
37;128;nan;0.0;0.0;283.0;0.0;271.0;0;7
37;129;nan;0.0;0.0;283.0;0.0;271.0;0;7
37;130;nan;0.0;0.0;283.0;0.0;271.0;0;7
37;131;nan;0.0;0.0;283.0;0.0;271.0;0;7
37;132;nan;0.0;0.0;283.0;0.0;271.0;0;7
37;133;nan;0.0;0.0;283.0;0.0;271.0;0;7
37;134;nan;0.0;0.0;283.0;0.0;271.0;0;7
37;135;100.0;2.8;7.0;280.9;0.0;271.0;0;7
37;136;nan;0.0;0.0;283.0;0.0;271.0;0;7
37;137;nan;0.0;0.0;283.0;0.0;271.0;0;7
37;138;nan;0.0;0.0;283.0;0.0;271.0;0;7
37;139;nan;0.0;0.0;283.0;0.0;271.0;0;7
37;140;nan;0.0;0.0;283.0;0.0;271.0;0;7
37;141;nan;0.0;0.0;283.0;0.0;271.0;0;7
37;142;nan;0.0;0.0;283.0;0.0;271.0;0;7
37;143;nan;0.0;0.0;283.0;0.0;271.0;0;7
37;144;nan;0.0;0.0;283.0;0.0;271.0;0;7
37;145;nan;0.0;0.0;283.0;0.0;271.0;0;7
37;146;nan;0.0;0.0;283.0;0.0;271.0;0;7
37;147;nan;0.0;0.0;283.0;0.0;271.0;0;7
37;148;nan;0.0;0.0;283.0;0.0;271.0;0;7
37;149;nan;0.0;0.0;283.0;0.0;271.0;0;7
38;0;5.7;83.7;193.0;410.7;0.2;275.0;1;1
38;1;7.4;61.3;143.0;385.0;0.2;275.0;0;1
38;2;6.7;68.8;166.0;395.0;0.2;275.0;0;1
38;3;5.7;82.6;196.0;409.0;0.2;274.0;1;2
38;4;6.2;73.2;174.0;389.9;0.2;274.0;0;2
38;5;8.2;53.1;139.0;364.7;0.1;274.0;0;2
38;6;7.0;62.7;172.0;375.4;0.2;274.0;0;2
38;7;7.0;63.3;153.0;378.7;0.2;274.0;0;2
38;8;7.6;57.8;140.0;373.1;0.2;274.0;0;2
38;9;8.5;50.6;125.0;363.0;0.1;274.0;0;2
38;10;7.8;56.7;136.0;374.4;0.2;274.0;0;2
38;11;8.0;54.2;134.0;365.7;0.1;274.0;0;2
38;12;7.8;55.3;139.0;364.9;0.2;272.0;1;3
38;13;8.7;48.7;120.0;356.6;0.1;272.0;0;3
38;14;8.9;48.3;124.0;360.1;0.1;272.0;0;3
38;15;11.5;35.3;95.0;334.4;0.1;272.0;0;3
38;16;13.4;29.7;78.0;326.1;0.1;272.0;0;3
38;17;9.2;45.4;115.0;349.4;0.1;272.0;0;3
38;18;11.5;36.0;85.0;341.1;0.1;272.0;0;3
38;19;13.4;29.4;75.0;323.9;0.1;272.0;0;3
38;20;16.7;22.7;57.0;307.9;0.1;272.0;0;3
38;21;13.1;28.7;67.0;307.7;0.1;271.0;1;4
38;22;16.5;22.3;57.0;299.0;0.1;271.0;0;4
38;23;28.5;12.7;33.0;289.9;0.0;271.0;0;4
38;24;40.9;8.8;25.0;285.6;0.0;271.0;0;4
38;25;28.2;12.9;33.0;290.1;0.0;271.0;0;4
38;26;43.3;8.3;25.0;283.1;0.0;271.0;0;4
38;27;41.8;8.6;24.0;285.0;0.0;271.0;0;4
38;28;38.2;9.3;19.0;281.7;0.0;271.0;0;4
38;29;56.6;6.3;22.0;282.4;0.0;271.0;0;4
38;30;74.0;4.8;14.0;281.6;0.0;271.0;0;4
38;31;38.5;9.3;22.0;285.1;0.0;271.0;0;4
38;32;41.9;8.6;22.0;285.9;0.0;271.0;0;4
38;33;35.1;10.1;22.0;281.4;0.0;271.0;0;4
38;34;100.0;3.3;8.0;273.3;0.0;271.0;0;4
38;35;nan;0.0;0.0;271.0;0.0;271.0;0;4
38;36;nan;0.0;0.0;271.0;0.0;271.0;0;4
38;37;nan;0.0;0.0;271.0;0.0;271.0;0;4
38;38;nan;0.0;0.0;271.0;0.0;271.0;0;4
38;39;nan;0.0;0.0;271.0;0.0;271.0;0;4
38;40;nan;0.0;0.0;271.0;0.0;271.0;0;4
38;41;nan;0.0;0.0;271.0;0.0;271.0;0;4
38;42;nan;0.0;0.0;271.0;0.0;271.0;0;4
38;43;nan;0.0;0.0;271.0;0.0;271.0;0;4
38;44;nan;0.0;0.0;271.0;0.0;271.0;0;4
38;45;nan;0.0;0.0;271.0;0.0;271.0;0;4
38;46;nan;0.0;0.0;271.0;0.0;271.0;0;4
38;47;nan;0.0;0.0;271.0;0.0;271.0;0;4
38;48;nan;0.0;0.0;271.0;0.0;271.0;0;4
38;49;nan;0.0;0.0;271.0;0.0;271.0;0;4
38;50;nan;0.0;0.0;271.0;0.0;271.0;0;4
38;51;nan;0.0;0.0;271.0;0.0;271.0;0;4
38;52;nan;0.0;0.0;271.0;0.0;271.0;0;4
38;53;nan;0.0;0.0;271.0;0.0;271.0;0;4
38;54;nan;0.0;0.0;271.0;0.0;271.0;0;4
38;55;nan;0.0;0.0;271.0;0.0;271.0;0;4
38;56;nan;0.0;0.0;271.0;0.0;271.0;0;4
38;57;nan;0.0;0.0;271.0;0.0;271.0;0;4
38;58;nan;0.0;0.0;271.0;0.0;271.0;0;4
38;59;nan;0.0;0.0;271.0;0.0;271.0;0;4
38;60;nan;0.0;0.0;271.0;0.0;271.0;0;4
38;61;nan;0.0;0.0;271.0;0.0;271.0;0;4
38;62;nan;0.0;0.0;271.0;0.0;271.0;0;4
38;63;nan;0.0;0.0;271.0;0.0;271.0;0;4
38;64;nan;0.0;0.0;271.0;0.0;271.0;0;4
38;65;nan;0.0;0.0;271.0;0.0;271.0;0;4
38;66;nan;0.0;0.0;271.0;0.0;271.0;0;4
38;67;6.3;61.0;132.0;330.6;0.2;271.0;0;4
38;68;9.1;41.5;91.0;315.6;0.1;271.0;0;4
38;69;11.5;32.3;74.0;307.0;0.1;271.0;0;4
38;70;12.0;31.3;74.0;308.7;0.1;271.0;0;4
38;71;17.2;20.9;57.0;290.9;0.1;271.0;0;4
38;72;38.1;9.3;20.0;280.7;0.0;271.0;0;4
38;73;45.3;7.7;17.0;277.6;0.0;271.0;0;4
38;74;30.4;11.7;27.0;284.1;0.0;271.0;0;4
38;75;82.6;4.2;12.0;272.7;0.0;271.0;0;4
38;76;nan;0.0;0.0;271.0;0.0;271.0;0;4
38;77;nan;0.0;0.0;271.0;0.0;271.0;0;4
38;78;nan;0.0;0.0;271.0;0.0;271.0;0;4
38;79;nan;0.0;0.0;271.0;0.0;271.0;0;4
38;80;nan;0.0;0.0;271.0;0.0;271.0;0;4
38;81;nan;0.0;0.0;271.0;0.0;271.0;0;4
38;82;nan;0.0;0.0;271.0;0.0;271.0;0;4
38;83;nan;0.0;0.0;271.0;0.0;271.0;0;4
38;84;nan;0.0;0.0;271.0;0.0;271.0;0;4
38;85;nan;0.0;0.0;271.0;0.0;271.0;0;4
38;86;nan;0.0;0.0;271.0;0.0;271.0;0;4
38;87;nan;0.0;0.0;271.0;0.0;271.0;0;4
38;88;nan;0.0;0.0;271.0;0.0;271.0;0;4
38;89;nan;0.0;0.0;271.0;0.0;271.0;0;4
38;90;nan;0.0;0.0;271.0;0.0;271.0;0;4
38;91;nan;0.0;0.0;271.0;0.0;271.0;0;4
38;92;nan;0.0;0.0;271.0;0.0;271.0;0;4
38;93;nan;0.0;0.0;271.0;0.0;271.0;0;4
38;94;nan;0.0;0.0;271.0;0.0;271.0;0;4
38;95;nan;0.0;0.0;271.0;0.0;271.0;0;4
38;96;nan;0.0;0.0;271.0;0.0;271.0;0;4
38;97;nan;0.0;0.0;271.0;0.0;271.0;0;4
38;98;nan;0.0;0.0;271.0;0.0;271.0;0;4
38;99;nan;0.0;0.0;271.0;0.0;271.0;0;4
38;100;nan;0.0;0.0;271.0;0.0;271.0;0;4
38;101;nan;0.0;0.0;271.0;0.0;271.0;0;4
38;102;nan;0.0;0.0;271.0;0.0;271.0;0;4
38;103;nan;0.0;0.0;271.0;0.0;271.0;0;4
38;104;nan;0.0;0.0;271.0;0.0;271.0;0;4
38;105;nan;0.0;0.0;271.0;0.0;271.0;0;4
38;106;nan;0.0;0.0;271.0;0.0;271.0;0;4
38;107;nan;0.0;0.0;271.0;0.0;271.0;0;4
38;108;nan;0.0;0.0;271.0;0.0;271.0;0;4
38;109;nan;0.0;0.0;271.0;0.0;271.0;0;4
38;110;nan;0.0;0.0;271.0;0.0;271.0;0;4
38;111;nan;0.0;0.0;271.0;0.0;271.0;0;4
38;112;19.1;18.6;46.0;285.7;0.1;271.0;0;4
38;113;32.7;10.7;26.0;279.6;0.0;271.0;0;4
38;114;100.0;2.4;7.0;272.0;0.0;271.0;0;4
38;115;66.4;5.2;12.0;274.9;0.0;271.0;0;4
38;116;nan;0.0;0.0;271.0;0.0;271.0;0;4
38;117;nan;0.0;0.0;271.0;0.0;271.0;0;4
38;118;nan;0.0;0.0;271.0;0.0;271.0;0;4
38;119;nan;0.0;0.0;271.0;0.0;271.0;0;4
38;120;nan;0.0;0.0;271.0;0.0;271.0;0;4
38;121;nan;0.0;0.0;271.0;0.0;271.0;0;4
38;122;nan;0.0;0.0;271.0;0.0;271.0;0;4
38;123;nan;0.0;0.0;271.0;0.0;271.0;0;4
38;124;nan;0.0;0.0;271.0;0.0;271.0;0;4
38;125;nan;0.0;0.0;271.0;0.0;271.0;0;4
38;126;nan;0.0;0.0;271.0;0.0;271.0;0;4
38;127;nan;0.0;0.0;271.0;0.0;271.0;0;4
38;128;nan;0.0;0.0;271.0;0.0;271.0;0;4
38;129;nan;0.0;0.0;271.0;0.0;271.0;0;4
38;130;nan;0.0;0.0;271.0;0.0;271.0;0;4
38;131;nan;0.0;0.0;271.0;0.0;271.0;0;4
38;132;nan;0.0;0.0;271.0;0.0;271.0;0;4
38;133;nan;0.0;0.0;271.0;0.0;271.0;0;4
38;134;nan;0.0;0.0;271.0;0.0;271.0;0;4
38;135;nan;0.0;0.0;271.0;0.0;271.0;0;4
38;136;nan;0.0;0.0;271.0;0.0;271.0;0;4
38;137;nan;0.0;0.0;271.0;0.0;271.0;0;4
38;138;nan;0.0;0.0;271.0;0.0;271.0;0;4
38;139;nan;0.0;0.0;271.0;0.0;271.0;0;4
38;140;nan;0.0;0.0;271.0;0.0;271.0;0;4
38;141;nan;0.0;0.0;271.0;0.0;271.0;0;4
38;142;nan;0.0;0.0;271.0;0.0;271.0;0;4
38;143;nan;0.0;0.0;271.0;0.0;271.0;0;4
38;144;nan;0.0;0.0;271.0;0.0;271.0;0;4
38;145;nan;0.0;0.0;271.0;0.0;271.0;0;4
38;146;nan;0.0;0.0;271.0;0.0;271.0;0;4
38;147;nan;0.0;0.0;271.0;0.0;271.0;0;4
38;148;nan;0.0;0.0;271.0;0.0;271.0;0;4
38;149;nan;0.0;0.0;271.0;0.0;271.0;0;4
39;0;6.6;70.1;164.0;395.0;0.2;284.0;1;1
39;1;6.4;72.1;174.0;396.1;0.2;283.0;1;2
39;2;6.6;69.8;165.0;395.9;0.2;283.0;0;2
39;3;6.6;71.1;177.0;399.1;0.2;283.0;0;2
39;4;6.7;68.0;172.0;389.1;0.2;283.0;0;2
39;5;7.6;59.6;143.0;380.9;0.2;283.0;0;2
39;6;7.1;62.5;155.0;376.7;0.2;275.0;1;3
39;7;7.0;64.7;151.0;384.3;0.2;275.0;0;3
39;8;7.0;65.4;154.0;387.1;0.2;275.0;0;3
39;9;9.8;43.4;111.0;354.0;0.1;275.0;0;3
39;10;7.4;59.3;152.0;371.7;0.2;275.0;0;3
39;11;8.2;52.8;130.0;362.7;0.1;275.0;0;3
39;12;8.0;54.7;141.0;367.3;0.1;275.0;0;3
39;13;9.1;45.9;113.0;350.1;0.1;275.0;0;3
39;14;8.6;49.1;129.0;352.9;0.1;275.0;0;3
39;15;12.0;34.2;84.0;337.0;0.1;275.0;0;3
39;16;9.7;43.0;112.0;348.1;0.1;275.0;0;3
39;17;9.7;43.1;103.0;348.7;0.1;275.0;0;3
39;18;10.3;40.6;98.0;345.9;0.1;275.0;0;3
39;19;8.6;49.3;116.0;355.1;0.1;274.0;1;4
39;20;12.1;32.4;72.0;322.1;0.1;274.0;0;4
39;21;10.5;37.5;85.0;325.1;0.1;274.0;0;4
39;22;9.7;39.7;96.0;321.9;0.1;271.0;1;5
39;23;11.8;32.3;72.0;314.4;0.1;271.0;0;5
39;24;13.8;28.0;65.0;316.6;0.1;271.0;0;5
39;25;17.3;21.7;57.0;303.7;0.1;271.0;0;5
39;26;14.8;25.3;61.0;305.1;0.1;271.0;0;5
39;27;15.7;23.7;59.0;303.7;0.1;271.0;0;5
39;28;33.9;10.6;32.0;285.4;0.0;271.0;0;5
39;29;30.9;11.5;27.0;284.3;0.0;271.0;0;5
39;30;60.9;5.8;14.0;277.3;0.0;271.0;0;5
39;31;44.6;7.9;21.0;279.4;0.0;271.0;0;5
39;32;100.0;2.8;8.0;272.1;0.0;271.0;0;5
39;33;nan;0.0;0.0;271.0;0.0;271.0;0;5
39;34;nan;0.0;0.0;271.0;0.0;271.0;0;5
39;35;nan;0.0;0.0;271.0;0.0;271.0;0;5
39;36;nan;0.0;0.0;271.0;0.0;271.0;0;5
39;37;nan;0.0;0.0;271.0;0.0;271.0;0;5
39;38;nan;0.0;0.0;271.0;0.0;271.0;0;5
39;39;nan;0.0;0.0;271.0;0.0;271.0;0;5
39;40;nan;0.0;0.0;271.0;0.0;271.0;0;5
39;41;nan;0.0;0.0;271.0;0.0;271.0;0;5
39;42;nan;0.0;0.0;271.0;0.0;271.0;0;5
39;43;nan;0.0;0.0;271.0;0.0;271.0;0;5
39;44;nan;0.0;0.0;271.0;0.0;271.0;0;5
39;45;nan;0.0;0.0;271.0;0.0;271.0;0;5
39;46;nan;0.0;0.0;271.0;0.0;271.0;0;5
39;47;nan;0.0;0.0;271.0;0.0;271.0;0;5
39;48;nan;0.0;0.0;271.0;0.0;271.0;0;5
39;49;nan;0.0;0.0;271.0;0.0;271.0;0;5
39;50;nan;0.0;0.0;271.0;0.0;271.0;0;5
39;51;nan;0.0;0.0;271.0;0.0;271.0;0;5
39;52;nan;0.0;0.0;271.0;0.0;271.0;0;5
39;53;nan;0.0;0.0;271.0;0.0;271.0;0;5
39;54;nan;0.0;0.0;271.0;0.0;271.0;0;5
39;55;nan;0.0;0.0;271.0;0.0;271.0;0;5
39;56;nan;0.0;0.0;271.0;0.0;271.0;0;5
39;57;nan;0.0;0.0;271.0;0.0;271.0;0;5
39;58;nan;0.0;0.0;271.0;0.0;271.0;0;5
39;59;nan;0.0;0.0;271.0;0.0;271.0;0;5
39;60;nan;0.0;0.0;271.0;0.0;271.0;0;5
39;61;nan;0.0;0.0;271.0;0.0;271.0;0;5
39;62;nan;0.0;0.0;271.0;0.0;271.0;0;5
39;63;nan;0.0;0.0;271.0;0.0;271.0;0;5
39;64;nan;0.0;0.0;271.0;0.0;271.0;0;5
39;65;nan;0.0;0.0;271.0;0.0;271.0;0;5
39;66;nan;0.0;0.0;271.0;0.0;271.0;0;5
39;67;nan;0.0;0.0;271.0;0.0;271.0;0;5
39;68;7.9;48.2;112.0;321.4;0.2;271.0;0;5
39;69;9.6;39.6;87.0;315.7;0.1;271.0;0;5
39;70;15.4;23.7;53.0;297.1;0.1;271.0;0;5
39;71;7.9;47.5;112.0;317.9;0.1;271.0;0;5
39;72;10.5;35.1;82.0;305.0;0.1;271.0;0;5
39;73;16.3;21.9;55.0;290.7;0.1;271.0;0;5
39;74;46.3;7.6;22.0;277.7;0.0;271.0;0;5
39;75;nan;0.0;0.0;271.0;0.0;271.0;0;5
39;76;nan;0.0;0.0;271.0;0.0;271.0;0;5
39;77;nan;0.0;0.0;271.0;0.0;271.0;0;5
39;78;nan;0.0;0.0;271.0;0.0;271.0;0;5
39;79;nan;0.0;0.0;271.0;0.0;271.0;0;5
39;80;nan;0.0;0.0;271.0;0.0;271.0;0;5
39;81;nan;0.0;0.0;271.0;0.0;271.0;0;5
39;82;nan;0.0;0.0;271.0;0.0;271.0;0;5
39;83;nan;0.0;0.0;271.0;0.0;271.0;0;5
39;84;nan;0.0;0.0;271.0;0.0;271.0;0;5
39;85;nan;0.0;0.0;271.0;0.0;271.0;0;5
39;86;nan;0.0;0.0;271.0;0.0;271.0;0;5
39;87;nan;0.0;0.0;271.0;0.0;271.0;0;5
39;88;nan;0.0;0.0;271.0;0.0;271.0;0;5
39;89;nan;0.0;0.0;271.0;0.0;271.0;0;5
39;90;nan;0.0;0.0;271.0;0.0;271.0;0;5
39;91;nan;0.0;0.0;271.0;0.0;271.0;0;5
39;92;nan;0.0;0.0;271.0;0.0;271.0;0;5
39;93;nan;0.0;0.0;271.0;0.0;271.0;0;5
39;94;nan;0.0;0.0;271.0;0.0;271.0;0;5
39;95;nan;0.0;0.0;271.0;0.0;271.0;0;5
39;96;nan;0.0;0.0;271.0;0.0;271.0;0;5
39;97;nan;0.0;0.0;271.0;0.0;271.0;0;5
39;98;nan;0.0;0.0;271.0;0.0;271.0;0;5
39;99;nan;0.0;0.0;271.0;0.0;271.0;0;5
39;100;nan;0.0;0.0;271.0;0.0;271.0;0;5
39;101;nan;0.0;0.0;271.0;0.0;271.0;0;5
39;102;nan;0.0;0.0;271.0;0.0;271.0;0;5
39;103;nan;0.0;0.0;271.0;0.0;271.0;0;5
39;104;nan;0.0;0.0;271.0;0.0;271.0;0;5
39;105;nan;0.0;0.0;271.0;0.0;271.0;0;5
39;106;nan;0.0;0.0;271.0;0.0;271.0;0;5
39;107;nan;0.0;0.0;271.0;0.0;271.0;0;5
39;108;nan;0.0;0.0;271.0;0.0;271.0;0;5
39;109;nan;0.0;0.0;271.0;0.0;271.0;0;5
39;110;nan;0.0;0.0;271.0;0.0;271.0;0;5
39;111;nan;0.0;0.0;271.0;0.0;271.0;0;5
39;112;nan;0.0;0.0;271.0;0.0;271.0;0;5
39;113;13.5;26.7;69.0;294.9;0.1;271.0;0;5
39;114;24.7;14.4;34.0;284.6;0.1;271.0;0;5
39;115;32.0;11.0;30.0;279.3;0.0;271.0;0;5
39;116;40.1;8.7;21.0;276.9;0.0;271.0;0;5
39;117;66.9;5.2;12.0;274.3;0.0;271.0;0;5
39;118;nan;0.0;0.0;271.0;0.0;271.0;0;5
39;119;nan;0.0;0.0;271.0;0.0;271.0;0;5
39;120;nan;0.0;0.0;271.0;0.0;271.0;0;5
39;121;nan;0.0;0.0;271.0;0.0;271.0;0;5
39;122;nan;0.0;0.0;271.0;0.0;271.0;0;5
39;123;nan;0.0;0.0;271.0;0.0;271.0;0;5
39;124;nan;0.0;0.0;271.0;0.0;271.0;0;5
39;125;nan;0.0;0.0;271.0;0.0;271.0;0;5
39;126;nan;0.0;0.0;271.0;0.0;271.0;0;5
39;127;nan;0.0;0.0;271.0;0.0;271.0;0;5
39;128;nan;0.0;0.0;271.0;0.0;271.0;0;5
39;129;nan;0.0;0.0;271.0;0.0;271.0;0;5
39;130;nan;0.0;0.0;271.0;0.0;271.0;0;5
39;131;nan;0.0;0.0;271.0;0.0;271.0;0;5
39;132;nan;0.0;0.0;271.0;0.0;271.0;0;5
39;133;nan;0.0;0.0;271.0;0.0;271.0;0;5
39;134;nan;0.0;0.0;271.0;0.0;271.0;0;5
39;135;nan;0.0;0.0;271.0;0.0;271.0;0;5
39;136;nan;0.0;0.0;271.0;0.0;271.0;0;5
39;137;nan;0.0;0.0;271.0;0.0;271.0;0;5
39;138;nan;0.0;0.0;271.0;0.0;271.0;0;5
39;139;nan;0.0;0.0;271.0;0.0;271.0;0;5
39;140;nan;0.0;0.0;271.0;0.0;271.0;0;5
39;141;nan;0.0;0.0;271.0;0.0;271.0;0;5
39;142;nan;0.0;0.0;271.0;0.0;271.0;0;5
39;143;nan;0.0;0.0;271.0;0.0;271.0;0;5
39;144;nan;0.0;0.0;271.0;0.0;271.0;0;5
39;145;nan;0.0;0.0;271.0;0.0;271.0;0;5
39;146;nan;0.0;0.0;271.0;0.0;271.0;0;5
39;147;nan;0.0;0.0;271.0;0.0;271.0;0;5
39;148;nan;0.0;0.0;271.0;0.0;271.0;0;5
39;149;nan;0.0;0.0;271.0;0.0;271.0;0;5
40;0;8.0;60.2;146.0;404.0;0.1;305.0;1;1
40;1;6.3;74.9;174.0;401.6;0.2;283.0;1;2
40;2;6.1;76.9;186.0;402.9;0.2;281.0;1;3
40;3;6.7;67.9;161.0;388.4;0.2;280.0;1;4
40;4;5.8;81.3;196.0;403.7;0.2;274.0;1;5
40;5;7.0;64.3;158.0;383.9;0.2;274.0;0;5
40;6;6.4;68.3;181.0;376.7;0.2;274.0;0;5
40;7;7.0;64.2;158.0;380.7;0.2;274.0;0;5
40;8;6.9;64.0;167.0;376.3;0.2;273.0;1;6
40;9;7.5;60.0;143.0;379.3;0.2;273.0;0;6
40;10;7.4;58.9;159.0;367.4;0.2;272.0;1;7
40;11;7.7;55.6;147.0;361.1;0.2;272.0;0;7
40;12;8.8;48.3;123.0;354.3;0.1;272.0;0;7
40;13;9.0;45.9;128.0;346.4;0.1;271.0;1;8
40;14;9.3;44.9;116.0;347.1;0.1;271.0;0;8
40;15;13.0;31.1;75.0;331.0;0.1;271.0;0;8
40;16;13.5;29.6;71.0;326.3;0.1;271.0;0;8
40;17;12.9;30.6;78.0;323.3;0.1;271.0;0;8
40;18;13.8;28.4;73.0;320.3;0.1;271.0;0;8
40;19;23.8;15.9;43.0;304.0;0.1;271.0;0;8
40;20;23.6;15.6;40.0;294.7;0.1;271.0;0;8
40;21;22.1;16.8;39.0;298.0;0.1;271.0;0;8
40;22;18.3;20.3;49.0;299.9;0.1;271.0;0;8
40;23;24.0;15.3;39.0;294.4;0.1;271.0;0;8
40;24;33.9;10.9;29.0;293.6;0.0;271.0;0;8
40;25;30.4;12.0;32.0;291.4;0.0;271.0;0;8
40;26;48.8;7.3;18.0;280.1;0.0;271.0;0;8
40;27;35.6;10.0;32.0;283.9;0.0;271.0;0;8
40;28;100.0;2.8;8.0;275.1;0.0;271.0;0;8
40;29;nan;0.0;0.0;274.0;0.0;271.0;0;8
40;30;nan;0.0;0.0;274.0;0.0;271.0;0;8
40;31;nan;0.0;0.0;274.0;0.0;271.0;0;8
40;32;nan;0.0;0.0;274.0;0.0;271.0;0;8
40;33;nan;0.0;0.0;274.0;0.0;271.0;0;8
40;34;nan;0.0;0.0;274.0;0.0;271.0;0;8
40;35;nan;0.0;0.0;274.0;0.0;271.0;0;8
40;36;nan;0.0;0.0;274.0;0.0;271.0;0;8
40;37;nan;0.0;0.0;274.0;0.0;271.0;0;8
40;38;nan;0.0;0.0;274.0;0.0;271.0;0;8
40;39;nan;0.0;0.0;274.0;0.0;271.0;0;8
40;40;nan;0.0;0.0;274.0;0.0;271.0;0;8
40;41;nan;0.0;0.0;274.0;0.0;271.0;0;8
40;42;nan;0.0;0.0;274.0;0.0;271.0;0;8
40;43;nan;0.0;0.0;274.0;0.0;271.0;0;8
40;44;nan;0.0;0.0;274.0;0.0;271.0;0;8
40;45;nan;0.0;0.0;274.0;0.0;271.0;0;8
40;46;nan;0.0;0.0;274.0;0.0;271.0;0;8
40;47;nan;0.0;0.0;274.0;0.0;271.0;0;8
40;48;nan;0.0;0.0;274.0;0.0;271.0;0;8
40;49;nan;0.0;0.0;274.0;0.0;271.0;0;8
40;50;nan;0.0;0.0;274.0;0.0;271.0;0;8
40;51;nan;0.0;0.0;274.0;0.0;271.0;0;8
40;52;nan;0.0;0.0;274.0;0.0;271.0;0;8
40;53;nan;0.0;0.0;274.0;0.0;271.0;0;8
40;54;nan;0.0;0.0;274.0;0.0;271.0;0;8
40;55;nan;0.0;0.0;274.0;0.0;271.0;0;8
40;56;nan;0.0;0.0;274.0;0.0;271.0;0;8
40;57;nan;0.0;0.0;274.0;0.0;271.0;0;8
40;58;nan;0.0;0.0;274.0;0.0;271.0;0;8
40;59;6.7;58.6;123.0;333.7;0.2;271.0;0;8
40;60;7.0;55.4;120.0;330.1;0.2;271.0;0;8
40;61;9.0;41.6;94.0;312.9;0.1;271.0;0;8
40;62;9.3;40.8;91.0;316.4;0.1;271.0;0;8
40;63;12.7;29.3;69.0;305.4;0.1;271.0;0;8
40;64;11.9;31.1;69.0;305.3;0.1;271.0;0;8
40;65;19.1;19.2;48.0;297.1;0.1;271.0;0;8
40;66;21.5;16.9;37.0;291.3;0.1;271.0;0;8
40;67;25.6;13.9;31.0;286.0;0.0;271.0;0;8
40;68;26.7;13.5;35.0;288.0;0.0;271.0;0;8
40;69;nan;0.0;0.0;274.0;0.0;271.0;0;8
40;70;nan;0.0;0.0;274.0;0.0;271.0;0;8
40;71;nan;0.0;0.0;274.0;0.0;271.0;0;8
40;72;nan;0.0;0.0;274.0;0.0;271.0;0;8
40;73;nan;0.0;0.0;274.0;0.0;271.0;0;8
40;74;nan;0.0;0.0;274.0;0.0;271.0;0;8
40;75;nan;0.0;0.0;274.0;0.0;271.0;0;8
40;76;nan;0.0;0.0;274.0;0.0;271.0;0;8
40;77;nan;0.0;0.0;274.0;0.0;271.0;0;8
40;78;nan;0.0;0.0;274.0;0.0;271.0;0;8
40;79;nan;0.0;0.0;274.0;0.0;271.0;0;8
40;80;nan;0.0;0.0;274.0;0.0;271.0;0;8
40;81;nan;0.0;0.0;274.0;0.0;271.0;0;8
40;82;nan;0.0;0.0;274.0;0.0;271.0;0;8
40;83;nan;0.0;0.0;274.0;0.0;271.0;0;8
40;84;nan;0.0;0.0;274.0;0.0;271.0;0;8
40;85;nan;0.0;0.0;274.0;0.0;271.0;0;8
40;86;nan;0.0;0.0;274.0;0.0;271.0;0;8
40;87;nan;0.0;0.0;274.0;0.0;271.0;0;8
40;88;nan;0.0;0.0;274.0;0.0;271.0;0;8
40;89;nan;0.0;0.0;274.0;0.0;271.0;0;8
40;90;nan;0.0;0.0;274.0;0.0;271.0;0;8
40;91;nan;0.0;0.0;274.0;0.0;271.0;0;8
40;92;nan;0.0;0.0;274.0;0.0;271.0;0;8
40;93;nan;0.0;0.0;274.0;0.0;271.0;0;8
40;94;nan;0.0;0.0;274.0;0.0;271.0;0;8
40;95;nan;0.0;0.0;274.0;0.0;271.0;0;8
40;96;nan;0.0;0.0;274.0;0.0;271.0;0;8
40;97;nan;0.0;0.0;274.0;0.0;271.0;0;8
40;98;nan;0.0;0.0;274.0;0.0;271.0;0;8
40;99;nan;0.0;0.0;274.0;0.0;271.0;0;8
40;100;nan;0.0;0.0;274.0;0.0;271.0;0;8
40;101;nan;0.0;0.0;274.0;0.0;271.0;0;8
40;102;nan;0.0;0.0;274.0;0.0;271.0;0;8
40;103;nan;0.0;0.0;274.0;0.0;271.0;0;8
40;104;16.2;22.2;53.0;292.6;0.1;271.0;0;8
40;105;22.0;16.3;41.0;288.0;0.1;271.0;0;8
40;106;29.6;12.0;28.0;282.1;0.0;271.0;0;8
40;107;30.3;11.6;33.0;280.4;0.0;271.0;0;8
40;108;nan;0.0;0.0;274.0;0.0;271.0;0;8
40;109;nan;0.0;0.0;274.0;0.0;271.0;0;8
40;110;nan;0.0;0.0;274.0;0.0;271.0;0;8
40;111;nan;0.0;0.0;274.0;0.0;271.0;0;8
40;112;nan;0.0;0.0;274.0;0.0;271.0;0;8
40;113;nan;0.0;0.0;274.0;0.0;271.0;0;8
40;114;nan;0.0;0.0;274.0;0.0;271.0;0;8
40;115;nan;0.0;0.0;274.0;0.0;271.0;0;8
40;116;nan;0.0;0.0;274.0;0.0;271.0;0;8
40;117;nan;0.0;0.0;274.0;0.0;271.0;0;8
40;118;nan;0.0;0.0;274.0;0.0;271.0;0;8
40;119;nan;0.0;0.0;274.0;0.0;271.0;0;8
40;120;nan;0.0;0.0;274.0;0.0;271.0;0;8
40;121;nan;0.0;0.0;274.0;0.0;271.0;0;8
40;122;nan;0.0;0.0;274.0;0.0;271.0;0;8
40;123;nan;0.0;0.0;274.0;0.0;271.0;0;8
40;124;nan;0.0;0.0;274.0;0.0;271.0;0;8
40;125;nan;0.0;0.0;274.0;0.0;271.0;0;8
40;126;nan;0.0;0.0;274.0;0.0;271.0;0;8
40;127;nan;0.0;0.0;274.0;0.0;271.0;0;8
40;128;nan;0.0;0.0;274.0;0.0;271.0;0;8
40;129;nan;0.0;0.0;274.0;0.0;271.0;0;8
40;130;nan;0.0;0.0;274.0;0.0;271.0;0;8
40;131;nan;0.0;0.0;274.0;0.0;271.0;0;8
40;132;nan;0.0;0.0;274.0;0.0;271.0;0;8
40;133;nan;0.0;0.0;274.0;0.0;271.0;0;8
40;134;nan;0.0;0.0;274.0;0.0;271.0;0;8
40;135;nan;0.0;0.0;274.0;0.0;271.0;0;8
40;136;nan;0.0;0.0;274.0;0.0;271.0;0;8
40;137;nan;0.0;0.0;274.0;0.0;271.0;0;8
40;138;nan;0.0;0.0;274.0;0.0;271.0;0;8
40;139;nan;0.0;0.0;274.0;0.0;271.0;0;8
40;140;nan;0.0;0.0;274.0;0.0;271.0;0;8
40;141;nan;0.0;0.0;274.0;0.0;271.0;0;8
40;142;nan;0.0;0.0;274.0;0.0;271.0;0;8
40;143;nan;0.0;0.0;274.0;0.0;271.0;0;8
40;144;nan;0.0;0.0;274.0;0.0;271.0;0;8
40;145;nan;0.0;0.0;274.0;0.0;271.0;0;8
40;146;nan;0.0;0.0;274.0;0.0;271.0;0;8
40;147;nan;0.0;0.0;274.0;0.0;271.0;0;8
40;148;nan;0.0;0.0;274.0;0.0;271.0;0;8
40;149;64.3;5.5;16.0;276.9;0.0;271.0;0;8
41;0;6.1;77.4;187.0;404.3;0.2;283.0;1;1
41;1;5.8;83.3;196.0;414.6;0.2;282.0;1;2
41;2;6.2;74.0;173.0;394.9;0.2;273.0;1;3
41;3;6.3;72.7;182.0;393.7;0.2;273.0;0;3
41;4;6.5;69.6;179.0;387.3;0.2;273.0;0;3
41;5;6.1;76.6;183.0;399.3;0.2;273.0;0;3
41;6;6.2;74.8;172.0;395.0;0.2;273.0;0;3
41;7;7.5;58.6;155.0;372.7;0.2;273.0;0;3
41;8;8.1;54.0;139.0;369.7;0.1;273.0;0;3
41;9;7.2;62.7;155.0;381.4;0.2;273.0;0;3
41;10;7.4;60.0;140.0;374.3;0.2;273.0;0;3
41;11;8.0;52.9;156.0;357.1;0.1;273.0;0;3
41;12;8.6;50.8;127.0;365.3;0.1;273.0;0;3
41;13;9.0;48.0;113.0;359.7;0.1;273.0;0;3
41;14;10.5;39.5;104.0;343.3;0.1;273.0;0;3
41;15;15.9;25.3;64.0;326.9;0.1;273.0;0;3
41;16;10.4;39.7;99.0;342.4;0.1;273.0;0;3
41;17;11.6;35.0;91.0;334.4;0.1;273.0;0;3
41;18;10.7;38.5;90.0;339.4;0.1;273.0;0;3
41;19;10.9;36.6;93.0;329.0;0.1;271.0;1;4
41;20;12.4;30.6;80.0;310.3;0.1;271.0;0;4
41;21;11.7;33.4;78.0;321.4;0.1;271.0;0;4
41;22;16.0;23.4;63.0;303.9;0.1;271.0;0;4
41;23;14.9;25.6;63.0;311.7;0.1;271.0;0;4
41;24;26.4;13.8;43.0;292.0;0.0;271.0;0;4
41;25;60.1;6.0;14.0;283.9;0.0;271.0;0;4
41;26;69.1;5.2;12.0;283.3;0.0;271.0;0;4
41;27;88.1;4.1;9.0;283.7;0.0;271.0;0;4
41;28;91.1;4.0;8.0;283.6;0.0;271.0;0;4
41;29;67.5;5.3;13.0;283.0;0.0;271.0;0;4
41;30;76.7;4.7;11.0;283.0;0.0;271.0;0;4
41;31;79.1;4.5;11.0;283.1;0.0;271.0;0;4
41;32;91.1;4.0;8.0;283.6;0.0;271.0;0;4
41;33;100.0;3.4;8.0;283.7;0.0;271.0;0;4
41;34;90.8;4.0;10.0;282.4;0.0;271.0;0;4
41;35;99.0;3.6;8.0;283.1;0.0;271.0;0;4
41;36;100.0;2.5;5.0;281.9;0.0;271.0;0;4
41;37;100.0;2.5;5.0;281.9;0.0;271.0;0;4
41;38;100.0;2.5;5.0;281.9;0.0;271.0;0;4
41;39;100.0;2.5;5.0;281.9;0.0;271.0;0;4
41;40;100.0;2.5;5.0;281.9;0.0;271.0;0;4
41;41;100.0;2.5;5.0;281.9;0.0;271.0;0;4
41;42;100.0;2.5;5.0;281.9;0.0;271.0;0;4
41;43;100.0;2.5;5.0;281.9;0.0;271.0;0;4
41;44;100.0;2.5;5.0;281.9;0.0;271.0;0;4
41;45;100.0;2.5;5.0;281.9;0.0;271.0;0;4
41;46;100.0;2.5;5.0;281.1;0.0;271.0;0;4
41;47;100.0;2.5;5.0;281.1;0.0;271.0;0;4
41;48;100.0;2.5;5.0;281.1;0.0;271.0;0;4
41;49;77.8;4.6;11.0;279.4;0.0;271.0;0;4
41;50;100.0;2.5;5.0;281.9;0.0;271.0;0;4
41;51;100.0;2.5;5.0;281.9;0.0;271.0;0;4
41;52;100.0;2.5;5.0;281.9;0.0;271.0;0;4
41;53;100.0;2.5;5.0;281.9;0.0;271.0;0;4
41;54;100.0;2.5;5.0;281.9;0.0;271.0;0;4
41;55;100.0;2.5;5.0;281.9;0.0;271.0;0;4
41;56;100.0;2.5;5.0;281.9;0.0;271.0;0;4
41;57;100.0;2.5;5.0;281.9;0.0;271.0;0;4
41;58;100.0;2.5;5.0;281.1;0.0;271.0;0;4
41;59;100.0;2.5;5.0;281.1;0.0;271.0;0;4
41;60;100.0;2.5;5.0;281.1;0.0;271.0;0;4
41;61;100.0;2.5;5.0;281.1;0.0;271.0;0;4
41;62;100.0;2.5;5.0;281.1;0.0;271.0;0;4
41;63;100.0;2.5;5.0;281.1;0.0;271.0;0;4
41;64;100.0;2.5;5.0;281.1;0.0;271.0;0;4
41;65;7.9;48.8;111.0;323.3;0.2;271.0;0;4
41;66;8.1;47.3;102.0;323.1;0.1;271.0;0;4
41;67;8.4;45.0;108.0;319.1;0.1;271.0;0;4
41;68;10.1;37.1;78.0;310.9;0.1;271.0;0;4
41;69;22.4;16.4;45.0;294.9;0.1;271.0;0;4
41;70;12.9;28.5;65.0;301.1;0.1;271.0;0;4
41;71;33.1;10.9;27.0;287.1;0.0;271.0;0;4
41;72;40.2;9.0;26.0;285.9;0.0;271.0;0;4
41;73;90.4;4.0;8.0;281.4;0.0;271.0;0;4
41;74;82.6;4.3;9.0;282.0;0.0;271.0;0;4
41;75;99.6;3.6;8.0;281.9;0.0;271.0;0;4
41;76;93.1;3.8;8.0;281.6;0.0;271.0;0;4
41;77;100.0;2.1;6.0;278.9;0.0;271.0;0;4
41;78;nan;0.0;0.0;278.0;0.0;271.0;0;4
41;79;100.0;1.0;3.0;277.6;0.0;271.0;0;4
41;80;nan;0.0;0.0;278.0;0.0;271.0;0;4
41;81;nan;0.0;0.0;278.0;0.0;271.0;0;4
41;82;nan;0.0;0.0;278.0;0.0;271.0;0;4
41;83;nan;0.0;0.0;278.0;0.0;271.0;0;4
41;84;nan;0.0;0.0;278.0;0.0;271.0;0;4
41;85;nan;0.0;0.0;278.0;0.0;271.0;0;4
41;86;nan;0.0;0.0;278.0;0.0;271.0;0;4
41;87;nan;0.0;0.0;278.0;0.0;271.0;0;4
41;88;nan;0.0;0.0;278.0;0.0;271.0;0;4
41;89;nan;0.0;0.0;278.0;0.0;271.0;0;4
41;90;nan;0.0;0.0;278.0;0.0;271.0;0;4
41;91;nan;0.0;0.0;278.0;0.0;271.0;0;4
41;92;nan;0.0;0.0;278.0;0.0;271.0;0;4
41;93;nan;0.0;0.0;278.0;0.0;271.0;0;4
41;94;nan;0.0;0.0;278.0;0.0;271.0;0;4
41;95;nan;0.0;0.0;278.0;0.0;271.0;0;4
41;96;nan;0.0;0.0;278.0;0.0;271.0;0;4
41;97;nan;0.0;0.0;278.0;0.0;271.0;0;4
41;98;nan;0.0;0.0;278.0;0.0;271.0;0;4
41;99;nan;0.0;0.0;278.0;0.0;271.0;0;4
41;100;nan;0.0;0.0;278.0;0.0;271.0;0;4
41;101;nan;0.0;0.0;278.0;0.0;271.0;0;4
41;102;nan;0.0;0.0;278.0;0.0;271.0;0;4
41;103;nan;0.0;0.0;278.0;0.0;271.0;0;4
41;104;nan;0.0;0.0;278.0;0.0;271.0;0;4
41;105;nan;0.0;0.0;278.0;0.0;271.0;0;4
41;106;nan;0.0;0.0;278.0;0.0;271.0;0;4
41;107;nan;0.0;0.0;278.0;0.0;271.0;0;4
41;108;nan;0.0;0.0;278.0;0.0;271.0;0;4
41;109;100.0;0.7;2.0;277.7;0.0;271.0;0;4
41;110;8.7;42.3;99.0;307.7;0.1;271.0;0;4
41;111;8.2;44.5;109.0;306.0;0.1;271.0;0;4
41;112;12.6;29.1;70.0;300.9;0.1;271.0;0;4
41;113;30.6;11.7;34.0;286.0;0.0;271.0;0;4
41;114;71.8;5.0;11.0;281.1;0.0;271.0;0;4
41;115;24.6;14.7;35.0;289.1;0.1;271.0;0;4
41;116;26.3;13.6;33.0;285.1;0.0;271.0;0;4
41;117;75.7;4.7;11.0;280.7;0.0;271.0;0;4
41;118;nan;0.0;0.0;277.0;0.0;271.0;0;4
41;119;nan;0.0;0.0;277.0;0.0;271.0;0;4
41;120;nan;0.0;0.0;277.0;0.0;271.0;0;4
41;121;nan;0.0;0.0;277.0;0.0;271.0;0;4
41;122;nan;0.0;0.0;277.0;0.0;271.0;0;4
41;123;nan;0.0;0.0;277.0;0.0;271.0;0;4
41;124;nan;0.0;0.0;277.0;0.0;271.0;0;4
41;125;nan;0.0;0.0;277.0;0.0;271.0;0;4
41;126;nan;0.0;0.0;277.0;0.0;271.0;0;4
41;127;nan;0.0;0.0;277.0;0.0;271.0;0;4
41;128;nan;0.0;0.0;277.0;0.0;271.0;0;4
41;129;nan;0.0;0.0;277.0;0.0;271.0;0;4
41;130;nan;0.0;0.0;277.0;0.0;271.0;0;4
41;131;nan;0.0;0.0;277.0;0.0;271.0;0;4
41;132;nan;0.0;0.0;277.0;0.0;271.0;0;4
41;133;nan;0.0;0.0;277.0;0.0;271.0;0;4
41;134;nan;0.0;0.0;277.0;0.0;271.0;0;4
41;135;nan;0.0;0.0;277.0;0.0;271.0;0;4
41;136;nan;0.0;0.0;277.0;0.0;271.0;0;4
41;137;nan;0.0;0.0;277.0;0.0;271.0;0;4
41;138;nan;0.0;0.0;277.0;0.0;271.0;0;4
41;139;nan;0.0;0.0;277.0;0.0;271.0;0;4
41;140;nan;0.0;0.0;277.0;0.0;271.0;0;4
41;141;nan;0.0;0.0;277.0;0.0;271.0;0;4
41;142;nan;0.0;0.0;277.0;0.0;271.0;0;4
41;143;nan;0.0;0.0;277.0;0.0;271.0;0;4
41;144;nan;0.0;0.0;277.0;0.0;271.0;0;4
41;145;nan;0.0;0.0;277.0;0.0;271.0;0;4
41;146;nan;0.0;0.0;277.0;0.0;271.0;0;4
41;147;nan;0.0;0.0;277.0;0.0;271.0;0;4
41;148;nan;0.0;0.0;277.0;0.0;271.0;0;4
41;149;nan;0.0;0.0;277.0;0.0;271.0;0;4
42;0;6.1;76.2;178.0;402.1;0.2;278.0;1;1
42;1;6.5;70.4;178.0;392.0;0.2;278.0;0;1
42;2;6.2;75.2;179.0;399.6;0.2;277.0;1;2
42;3;6.6;67.7;160.0;382.0;0.2;274.0;1;3
42;4;6.3;74.3;174.0;399.1;0.2;274.0;0;3
42;5;7.9;55.3;149.0;368.1;0.2;274.0;0;3
42;6;6.9;64.9;163.0;380.3;0.2;274.0;0;3
42;7;7.0;64.4;153.0;382.4;0.2;274.0;0;3
42;8;7.1;61.8;150.0;372.9;0.2;274.0;0;3
42;9;9.2;45.8;114.0;354.0;0.1;274.0;0;3
42;10;8.6;49.1;124.0;353.7;0.1;274.0;0;3
42;11;7.2;61.2;150.0;373.3;0.2;274.0;0;3
42;12;8.2;52.6;136.0;361.3;0.1;274.0;0;3
42;13;8.1;52.9;136.0;362.4;0.1;271.0;1;4
42;14;8.9;47.6;116.0;356.4;0.1;271.0;0;4
42;15;9.2;46.5;114.0;356.4;0.1;271.0;0;4
42;16;10.5;39.9;94.0;348.3;0.1;271.0;0;4
42;17;8.4;49.4;135.0;347.0;0.1;271.0;0;4
42;18;9.8;41.3;106.0;336.9;0.1;271.0;0;4
42;19;9.7;42.0;111.0;339.4;0.1;271.0;0;4
42;20;8.8;43.8;96.0;322.3;0.1;271.0;0;4
42;21;11.7;33.0;75.0;317.9;0.1;271.0;0;4
42;22;10.0;39.1;89.0;324.6;0.1;271.0;0;4
42;23;13.7;27.5;73.0;308.6;0.1;271.0;0;4
42;24;28.4;12.8;36.0;290.6;0.0;271.0;0;4
42;25;12.9;29.2;62.0;309.7;0.1;271.0;0;4
42;26;12.0;31.4;73.0;310.3;0.1;271.0;0;4
42;27;35.7;10.2;25.0;288.7;0.0;271.0;0;4
42;28;15.5;24.4;58.0;307.9;0.1;271.0;0;4
42;29;14.0;27.3;58.0;311.4;0.1;271.0;0;4
42;30;69.8;5.2;13.0;284.6;0.0;271.0;0;4
42;31;23.3;15.6;38.0;292.9;0.1;271.0;0;4
42;32;100.0;3.0;6.0;282.4;0.0;271.0;0;4
42;33;100.0;3.0;6.0;282.4;0.0;271.0;0;4
42;34;77.8;4.6;10.0;284.1;0.0;271.0;0;4
42;35;100.0;3.0;6.0;282.4;0.0;271.0;0;4
42;36;100.0;3.0;6.0;282.4;0.0;271.0;0;4
42;37;97.3;3.7;10.0;283.0;0.0;271.0;0;4
42;38;80.2;4.5;10.0;284.0;0.0;271.0;0;4
42;39;77.8;4.6;10.0;284.1;0.0;271.0;0;4
42;40;77.8;4.6;10.0;284.1;0.0;271.0;0;4
42;41;100.0;3.0;6.0;282.4;0.0;271.0;0;4
42;42;100.0;3.0;6.0;282.4;0.0;271.0;0;4
42;43;52.6;6.8;18.0;281.7;0.0;271.0;0;4
42;44;74.7;4.8;10.0;284.6;0.0;271.0;0;4
42;45;85.1;4.2;10.0;283.6;0.0;271.0;0;4
42;46;59.9;6.0;13.0;283.9;0.0;271.0;0;4
42;47;65.3;5.5;13.0;284.3;0.0;271.0;0;4
42;48;59.9;6.0;13.0;283.9;0.0;271.0;0;4
42;49;85.1;4.2;10.0;283.6;0.0;271.0;0;4
42;50;55.8;6.4;13.0;283.4;0.0;271.0;0;4
42;51;59.9;6.0;13.0;283.9;0.0;271.0;0;4
42;52;59.9;6.0;13.0;283.9;0.0;271.0;0;4
42;53;69.2;5.2;13.0;283.7;0.0;271.0;0;4
42;54;55.8;6.4;13.0;283.4;0.0;271.0;0;4
42;55;55.8;6.4;13.0;283.4;0.0;271.0;0;4
42;56;59.3;6.0;13.0;281.1;0.0;271.0;0;4
42;57;nan;0.0;0.0;276.0;0.0;271.0;0;4
42;58;nan;0.0;0.0;276.0;0.0;271.0;0;4
42;59;11.3;32.9;80.0;306.4;0.1;271.0;0;4
42;60;8.0;47.3;109.0;319.3;0.1;271.0;0;4
42;61;7.5;50.8;111.0;322.1;0.2;271.0;0;4
42;62;10.0;37.9;85.0;313.7;0.1;271.0;0;4
42;63;12.6;29.4;72.0;303.3;0.1;271.0;0;4
42;64;10.9;33.7;86.0;304.6;0.1;271.0;0;4
42;65;14.9;24.5;61.0;297.9;0.1;271.0;0;4
42;66;10.8;35.0;76.0;312.7;0.1;271.0;0;4
42;67;12.3;30.0;71.0;304.0;0.1;271.0;0;4
42;68;17.5;21.1;49.0;298.9;0.1;271.0;0;4
42;69;15.8;23.0;57.0;294.9;0.1;271.0;0;4
42;70;14.7;24.9;52.0;299.3;0.1;271.0;0;4
42;71;14.8;24.7;57.0;298.7;0.1;271.0;0;4
42;72;27.5;13.1;29.0;288.3;0.0;271.0;0;4
42;73;23.7;15.2;35.0;289.3;0.1;271.0;0;4
42;74;14.1;25.9;57.0;297.6;0.1;271.0;0;4
42;75;29.2;12.3;27.0;288.1;0.0;271.0;0;4
42;76;61.3;5.8;14.0;281.6;0.0;271.0;0;4
42;77;27.0;13.4;29.0;289.1;0.0;271.0;0;4
42;78;36.6;9.8;27.0;283.6;0.0;271.0;0;4
42;79;nan;0.0;0.0;276.0;0.0;271.0;0;4
42;80;nan;0.0;0.0;276.0;0.0;271.0;0;4
42;81;nan;0.0;0.0;276.0;0.0;271.0;0;4
42;82;nan;0.0;0.0;276.0;0.0;271.0;0;4
42;83;nan;0.0;0.0;276.0;0.0;271.0;0;4
42;84;nan;0.0;0.0;276.0;0.0;271.0;0;4
42;85;nan;0.0;0.0;276.0;0.0;271.0;0;4
42;86;100.0;1.7;5.0;275.3;0.0;271.0;0;4
42;87;nan;0.0;0.0;276.0;0.0;271.0;0;4
42;88;nan;0.0;0.0;276.0;0.0;271.0;0;4
42;89;nan;0.0;0.0;276.0;0.0;271.0;0;4
42;90;nan;0.0;0.0;276.0;0.0;271.0;0;4
42;91;nan;0.0;0.0;276.0;0.0;271.0;0;4
42;92;nan;0.0;0.0;276.0;0.0;271.0;0;4
42;93;nan;0.0;0.0;276.0;0.0;271.0;0;4
42;94;nan;0.0;0.0;276.0;0.0;271.0;0;4
42;95;nan;0.0;0.0;276.0;0.0;271.0;0;4
42;96;nan;0.0;0.0;276.0;0.0;271.0;0;4
42;97;nan;0.0;0.0;276.0;0.0;271.0;0;4
42;98;nan;0.0;0.0;276.0;0.0;271.0;0;4
42;99;nan;0.0;0.0;276.0;0.0;271.0;0;4
42;100;nan;0.0;0.0;276.0;0.0;271.0;0;4
42;101;100.0;1.7;5.0;275.3;0.0;271.0;0;4
42;102;100.0;2.3;5.0;274.6;0.0;271.0;0;4
42;103;nan;0.0;0.0;276.0;0.0;271.0;0;4
42;104;8.3;43.8;106.0;307.0;0.1;271.0;0;4
42;105;11.1;33.1;76.0;303.3;0.1;271.0;0;4
42;106;15.6;23.2;56.0;294.7;0.1;271.0;0;4
42;107;13.8;26.3;65.0;297.1;0.1;271.0;0;4
42;108;17.3;20.5;49.0;287.4;0.1;271.0;0;4
42;109;19.8;18.1;47.0;288.3;0.1;271.0;0;4
42;110;23.1;15.8;38.0;292.1;0.1;271.0;0;4
42;111;20.4;17.5;47.0;287.7;0.1;271.0;0;4
42;112;28.8;12.5;34.0;288.3;0.0;271.0;0;4
42;113;23.0;15.5;41.0;286.1;0.1;271.0;0;4
42;114;36.5;9.6;26.0;277.7;0.0;271.0;0;4
42;115;87.4;4.0;9.0;274.3;0.0;271.0;0;4
42;116;98.3;3.5;8.0;273.4;0.0;271.0;0;4
42;117;nan;0.0;0.0;271.0;0.0;271.0;0;4
42;118;nan;0.0;0.0;271.0;0.0;271.0;0;4
42;119;nan;0.0;0.0;271.0;0.0;271.0;0;4
42;120;nan;0.0;0.0;271.0;0.0;271.0;0;4
42;121;nan;0.0;0.0;271.0;0.0;271.0;0;4
42;122;nan;0.0;0.0;271.0;0.0;271.0;0;4
42;123;nan;0.0;0.0;271.0;0.0;271.0;0;4
42;124;nan;0.0;0.0;271.0;0.0;271.0;0;4
42;125;nan;0.0;0.0;271.0;0.0;271.0;0;4
42;126;nan;0.0;0.0;271.0;0.0;271.0;0;4
42;127;nan;0.0;0.0;271.0;0.0;271.0;0;4
42;128;nan;0.0;0.0;271.0;0.0;271.0;0;4
42;129;nan;0.0;0.0;271.0;0.0;271.0;0;4
42;130;nan;0.0;0.0;271.0;0.0;271.0;0;4
42;131;nan;0.0;0.0;271.0;0.0;271.0;0;4
42;132;nan;0.0;0.0;271.0;0.0;271.0;0;4
42;133;nan;0.0;0.0;271.0;0.0;271.0;0;4
42;134;nan;0.0;0.0;271.0;0.0;271.0;0;4
42;135;nan;0.0;0.0;271.0;0.0;271.0;0;4
42;136;nan;0.0;0.0;271.0;0.0;271.0;0;4
42;137;nan;0.0;0.0;271.0;0.0;271.0;0;4
42;138;nan;0.0;0.0;271.0;0.0;271.0;0;4
42;139;nan;0.0;0.0;271.0;0.0;271.0;0;4
42;140;nan;0.0;0.0;271.0;0.0;271.0;0;4
42;141;nan;0.0;0.0;271.0;0.0;271.0;0;4
42;142;nan;0.0;0.0;271.0;0.0;271.0;0;4
42;143;nan;0.0;0.0;271.0;0.0;271.0;0;4
42;144;nan;0.0;0.0;271.0;0.0;271.0;0;4
42;145;nan;0.0;0.0;271.0;0.0;271.0;0;4
42;146;nan;0.0;0.0;271.0;0.0;271.0;0;4
42;147;nan;0.0;0.0;271.0;0.0;271.0;0;4
42;148;nan;0.0;0.0;271.0;0.0;271.0;0;4
42;149;18.1;19.3;58.0;282.4;0.1;271.0;0;4
43;0;5.7;83.8;197.0;415.4;0.2;279.0;1;1
43;1;6.3;73.6;197.0;396.4;0.2;277.0;1;2
43;2;6.2;75.1;176.0;401.0;0.2;277.0;0;2
43;3;6.7;69.3;173.0;395.9;0.2;277.0;0;2
43;4;6.1;77.9;186.0;406.1;0.2;277.0;0;2
43;5;6.9;66.3;171.0;388.7;0.2;277.0;0;2
43;6;6.9;66.3;157.0;392.0;0.2;277.0;0;2
43;7;7.1;63.3;145.0;382.7;0.2;277.0;0;2
43;8;6.8;67.5;159.0;391.9;0.2;277.0;0;2
43;9;7.9;58.2;143.0;386.0;0.2;277.0;0;2
43;10;7.3;61.8;148.0;381.4;0.2;277.0;0;2
43;11;7.3;61.0;146.0;379.0;0.2;276.0;1;3
43;12;8.0;55.3;140.0;373.1;0.1;276.0;0;3
43;13;10.8;37.9;99.0;340.1;0.1;276.0;0;3
43;14;12.2;33.1;83.0;333.0;0.1;276.0;0;3
43;15;9.4;44.8;107.0;349.6;0.1;274.0;1;4
43;16;9.6;43.2;110.0;344.3;0.1;274.0;0;4
43;17;10.3;40.3;108.0;344.1;0.1;274.0;0;4
43;18;12.6;31.4;89.0;325.3;0.1;274.0;0;4
43;19;14.7;26.4;71.0;316.7;0.1;274.0;0;4
43;20;29.0;12.5;31.0;289.9;0.0;274.0;0;4
43;21;20.8;17.6;44.0;295.4;0.1;274.0;0;4
43;22;61.3;5.8;16.0;278.4;0.0;274.0;0;4
43;23;nan;0.0;0.0;274.0;0.0;274.0;0;4
43;24;nan;0.0;0.0;274.0;0.0;274.0;0;4
43;25;nan;0.0;0.0;274.0;0.0;274.0;0;4
43;26;nan;0.0;0.0;274.0;0.0;274.0;0;4
43;27;nan;0.0;0.0;274.0;0.0;274.0;0;4
43;28;nan;0.0;0.0;274.0;0.0;274.0;0;4
43;29;nan;0.0;0.0;274.0;0.0;274.0;0;4
43;30;nan;0.0;0.0;274.0;0.0;274.0;0;4
43;31;nan;0.0;0.0;274.0;0.0;274.0;0;4
43;32;nan;0.0;0.0;274.0;0.0;274.0;0;4
43;33;nan;0.0;0.0;274.0;0.0;274.0;0;4
43;34;nan;0.0;0.0;274.0;0.0;274.0;0;4
43;35;nan;0.0;0.0;274.0;0.0;274.0;0;4
43;36;nan;0.0;0.0;274.0;0.0;274.0;0;4
43;37;nan;0.0;0.0;274.0;0.0;274.0;0;4
43;38;nan;0.0;0.0;274.0;0.0;274.0;0;4
43;39;nan;0.0;0.0;274.0;0.0;274.0;0;4
43;40;nan;0.0;0.0;274.0;0.0;274.0;0;4
43;41;nan;0.0;0.0;274.0;0.0;274.0;0;4
43;42;nan;0.0;0.0;274.0;0.0;274.0;0;4
43;43;nan;0.0;0.0;274.0;0.0;274.0;0;4
43;44;nan;0.0;0.0;274.0;0.0;274.0;0;4
43;45;nan;0.0;0.0;274.0;0.0;274.0;0;4
43;46;nan;0.0;0.0;274.0;0.0;274.0;0;4
43;47;nan;0.0;0.0;274.0;0.0;274.0;0;4
43;48;nan;0.0;0.0;274.0;0.0;274.0;0;4
43;49;nan;0.0;0.0;274.0;0.0;274.0;0;4
43;50;nan;0.0;0.0;274.0;0.0;274.0;0;4
43;51;nan;0.0;0.0;274.0;0.0;274.0;0;4
43;52;nan;0.0;0.0;274.0;0.0;274.0;0;4
43;53;nan;0.0;0.0;274.0;0.0;274.0;0;4
43;54;nan;0.0;0.0;274.0;0.0;274.0;0;4
43;55;nan;0.0;0.0;274.0;0.0;274.0;0;4
43;56;nan;0.0;0.0;274.0;0.0;274.0;0;4
43;57;nan;0.0;0.0;274.0;0.0;274.0;0;4
43;58;nan;0.0;0.0;274.0;0.0;274.0;0;4
43;59;nan;0.0;0.0;274.0;0.0;274.0;0;4
43;60;nan;0.0;0.0;274.0;0.0;274.0;0;4
43;61;6.4;60.9;149.0;331.9;0.2;273.0;1;5
43;62;7.8;49.9;110.0;328.6;0.2;273.0;0;5
43;63;9.9;38.6;95.0;317.0;0.1;273.0;0;5
43;64;12.0;30.5;64.0;299.9;0.1;273.0;0;5
43;65;14.6;25.0;56.0;298.3;0.1;273.0;0;5
43;66;16.7;22.0;54.0;298.3;0.1;273.0;0;5
43;67;32.1;11.2;30.0;285.4;0.0;273.0;0;5
43;68;19.8;18.4;42.0;294.3;0.1;273.0;0;5
43;69;17.9;20.5;47.0;296.6;0.1;273.0;0;5
43;70;31.4;11.5;33.0;288.1;0.0;273.0;0;5
43;71;32.8;10.9;24.0;283.3;0.0;273.0;0;5
43;72;83.5;4.2;12.0;275.7;0.0;273.0;0;5
43;73;nan;0.0;0.0;274.0;0.0;273.0;0;5
43;74;18.5;19.1;46.0;286.0;0.1;273.0;0;5
43;75;nan;0.0;0.0;274.0;0.0;273.0;0;5
43;76;nan;0.0;0.0;274.0;0.0;273.0;0;5
43;77;nan;0.0;0.0;274.0;0.0;273.0;0;5
43;78;nan;0.0;0.0;274.0;0.0;273.0;0;5
43;79;nan;0.0;0.0;274.0;0.0;273.0;0;5
43;80;nan;0.0;0.0;274.0;0.0;273.0;0;5
43;81;nan;0.0;0.0;274.0;0.0;273.0;0;5
43;82;nan;0.0;0.0;274.0;0.0;273.0;0;5
43;83;nan;0.0;0.0;274.0;0.0;273.0;0;5
43;84;nan;0.0;0.0;274.0;0.0;273.0;0;5
43;85;nan;0.0;0.0;274.0;0.0;273.0;0;5
43;86;nan;0.0;0.0;274.0;0.0;273.0;0;5
43;87;nan;0.0;0.0;274.0;0.0;273.0;0;5
43;88;nan;0.0;0.0;274.0;0.0;273.0;0;5
43;89;nan;0.0;0.0;274.0;0.0;273.0;0;5
43;90;nan;0.0;0.0;274.0;0.0;273.0;0;5
43;91;100.0;1.0;3.0;273.4;0.0;271.0;1;6
43;92;nan;0.0;0.0;274.0;0.0;271.0;0;6
43;93;nan;0.0;0.0;274.0;0.0;271.0;0;6
43;94;nan;0.0;0.0;274.0;0.0;271.0;0;6
43;95;nan;0.0;0.0;274.0;0.0;271.0;0;6
43;96;nan;0.0;0.0;274.0;0.0;271.0;0;6
43;97;nan;0.0;0.0;274.0;0.0;271.0;0;6
43;98;nan;0.0;0.0;274.0;0.0;271.0;0;6
43;99;nan;0.0;0.0;274.0;0.0;271.0;0;6
43;100;nan;0.0;0.0;274.0;0.0;271.0;0;6
43;101;nan;0.0;0.0;274.0;0.0;271.0;0;6
43;102;nan;0.0;0.0;274.0;0.0;271.0;0;6
43;103;nan;0.0;0.0;274.0;0.0;271.0;0;6
43;104;nan;0.0;0.0;274.0;0.0;271.0;0;6
43;105;nan;0.0;0.0;274.0;0.0;271.0;0;6
43;106;nan;0.0;0.0;274.0;0.0;271.0;0;6
43;107;nan;0.0;0.0;274.0;0.0;271.0;0;6
43;108;nan;0.0;0.0;274.0;0.0;271.0;0;6
43;109;nan;0.0;0.0;274.0;0.0;271.0;0;6
43;110;nan;0.0;0.0;274.0;0.0;271.0;0;6
43;111;nan;0.0;0.0;274.0;0.0;271.0;0;6
43;112;nan;0.0;0.0;274.0;0.0;271.0;0;6
43;113;nan;0.0;0.0;274.0;0.0;271.0;0;6
43;114;nan;0.0;0.0;274.0;0.0;271.0;0;6
43;115;nan;0.0;0.0;274.0;0.0;271.0;0;6
43;116;nan;0.0;0.0;274.0;0.0;271.0;0;6
43;117;nan;0.0;0.0;274.0;0.0;271.0;0;6
43;118;nan;0.0;0.0;274.0;0.0;271.0;0;6
43;119;nan;0.0;0.0;274.0;0.0;271.0;0;6
43;120;nan;0.0;0.0;274.0;0.0;271.0;0;6
43;121;nan;0.0;0.0;274.0;0.0;271.0;0;6
43;122;nan;0.0;0.0;274.0;0.0;271.0;0;6
43;123;nan;0.0;0.0;274.0;0.0;271.0;0;6
43;124;nan;0.0;0.0;274.0;0.0;271.0;0;6
43;125;nan;0.0;0.0;274.0;0.0;271.0;0;6
43;126;nan;0.0;0.0;274.0;0.0;271.0;0;6
43;127;nan;0.0;0.0;274.0;0.0;271.0;0;6
43;128;nan;0.0;0.0;274.0;0.0;271.0;0;6
43;129;nan;0.0;0.0;274.0;0.0;271.0;0;6
43;130;nan;0.0;0.0;274.0;0.0;271.0;0;6
43;131;nan;0.0;0.0;274.0;0.0;271.0;0;6
43;132;nan;0.0;0.0;274.0;0.0;271.0;0;6
43;133;nan;0.0;0.0;274.0;0.0;271.0;0;6
43;134;nan;0.0;0.0;274.0;0.0;271.0;0;6
43;135;nan;0.0;0.0;274.0;0.0;271.0;0;6
43;136;nan;0.0;0.0;274.0;0.0;271.0;0;6
43;137;nan;0.0;0.0;274.0;0.0;271.0;0;6
43;138;nan;0.0;0.0;274.0;0.0;271.0;0;6
43;139;nan;0.0;0.0;274.0;0.0;271.0;0;6
43;140;nan;0.0;0.0;274.0;0.0;271.0;0;6
43;141;nan;0.0;0.0;274.0;0.0;271.0;0;6
43;142;nan;0.0;0.0;274.0;0.0;271.0;0;6
43;143;nan;0.0;0.0;274.0;0.0;271.0;0;6
43;144;nan;0.0;0.0;274.0;0.0;271.0;0;6
43;145;nan;0.0;0.0;274.0;0.0;271.0;0;6
43;146;nan;0.0;0.0;274.0;0.0;271.0;0;6
43;147;nan;0.0;0.0;274.0;0.0;271.0;0;6
43;148;nan;0.0;0.0;274.0;0.0;271.0;0;6
43;149;nan;0.0;0.0;274.0;0.0;271.0;0;6
44;0;6.1;77.4;181.0;406.3;0.2;284.0;1;1
44;1;6.6;69.6;166.0;392.6;0.2;281.0;1;2
44;2;6.5;71.5;170.0;396.3;0.2;279.0;1;3
44;3;6.6;69.5;164.0;389.1;0.2;278.0;1;4
44;4;6.7;68.3;168.0;389.4;0.2;277.0;1;5
44;5;7.8;55.7;141.0;367.0;0.2;277.0;0;5
44;6;6.8;67.4;159.0;389.1;0.2;277.0;0;5
44;7;7.0;64.8;160.0;383.0;0.2;277.0;0;5
44;8;7.3;60.6;147.0;375.4;0.2;277.0;0;5
44;9;6.5;70.6;174.0;389.6;0.2;277.0;0;5
44;10;6.9;65.6;162.0;385.1;0.2;277.0;0;5
44;11;8.5;50.7;124.0;360.0;0.1;277.0;0;5
44;12;7.6;58.4;141.0;372.7;0.2;277.0;0;5
44;13;9.3;45.3;117.0;350.0;0.1;277.0;0;5
44;14;8.7;47.6;122.0;345.3;0.1;272.0;1;6
44;15;8.4;50.6;126.0;358.3;0.1;272.0;0;6
44;16;9.2;45.4;122.0;348.0;0.1;272.0;0;6
44;17;13.4;30.3;74.0;332.4;0.1;272.0;0;6
44;18;14.0;28.7;77.0;327.1;0.1;272.0;0;6
44;19;10.9;37.7;103.0;340.3;0.1;272.0;0;6
44;20;12.7;29.9;74.0;310.7;0.1;271.0;1;7
44;21;10.4;38.0;91.0;326.3;0.1;271.0;0;7
44;22;11.4;34.2;83.0;321.7;0.1;271.0;0;7
44;23;14.1;26.9;63.0;310.7;0.1;271.0;0;7
44;24;14.1;27.0;62.0;309.9;0.1;271.0;0;7
44;25;12.5;30.3;66.0;311.9;0.1;271.0;0;7
44;26;14.5;25.9;61.0;307.0;0.1;271.0;0;7
44;27;17.2;21.5;57.0;300.7;0.1;271.0;0;7
44;28;13.2;28.4;63.0;306.3;0.1;271.0;0;7
44;29;nan;0.0;0.0;278.0;0.0;271.0;0;7
44;30;nan;0.0;0.0;278.0;0.0;271.0;0;7
44;31;nan;0.0;0.0;278.0;0.0;271.0;0;7
44;32;nan;0.0;0.0;278.0;0.0;271.0;0;7
44;33;nan;0.0;0.0;278.0;0.0;271.0;0;7
44;34;nan;0.0;0.0;278.0;0.0;271.0;0;7
44;35;nan;0.0;0.0;278.0;0.0;271.0;0;7
44;36;nan;0.0;0.0;278.0;0.0;271.0;0;7
44;37;nan;0.0;0.0;278.0;0.0;271.0;0;7
44;38;nan;0.0;0.0;278.0;0.0;271.0;0;7
44;39;nan;0.0;0.0;278.0;0.0;271.0;0;7
44;40;nan;0.0;0.0;278.0;0.0;271.0;0;7
44;41;nan;0.0;0.0;278.0;0.0;271.0;0;7
44;42;nan;0.0;0.0;278.0;0.0;271.0;0;7
44;43;nan;0.0;0.0;278.0;0.0;271.0;0;7
44;44;nan;0.0;0.0;278.0;0.0;271.0;0;7
44;45;nan;0.0;0.0;278.0;0.0;271.0;0;7
44;46;nan;0.0;0.0;278.0;0.0;271.0;0;7
44;47;nan;0.0;0.0;278.0;0.0;271.0;0;7
44;48;nan;0.0;0.0;278.0;0.0;271.0;0;7
44;49;nan;0.0;0.0;278.0;0.0;271.0;0;7
44;50;nan;0.0;0.0;278.0;0.0;271.0;0;7
44;51;nan;0.0;0.0;278.0;0.0;271.0;0;7
44;52;nan;0.0;0.0;278.0;0.0;271.0;0;7
44;53;nan;0.0;0.0;278.0;0.0;271.0;0;7
44;54;nan;0.0;0.0;278.0;0.0;271.0;0;7
44;55;nan;0.0;0.0;278.0;0.0;271.0;0;7
44;56;nan;0.0;0.0;278.0;0.0;271.0;0;7
44;57;nan;0.0;0.0;278.0;0.0;271.0;0;7
44;58;nan;0.0;0.0;278.0;0.0;271.0;0;7
44;59;nan;0.0;0.0;278.0;0.0;271.0;0;7
44;60;nan;0.0;0.0;278.0;0.0;271.0;0;7
44;61;nan;0.0;0.0;278.0;0.0;271.0;0;7
44;62;nan;0.0;0.0;278.0;0.0;271.0;0;7
44;63;nan;0.0;0.0;278.0;0.0;271.0;0;7
44;64;nan;0.0;0.0;278.0;0.0;271.0;0;7
44;65;nan;0.0;0.0;278.0;0.0;271.0;0;7
44;66;7.9;48.0;99.0;319.3;0.2;271.0;0;7
44;67;7.7;50.1;106.0;324.6;0.2;271.0;0;7
44;68;9.9;37.6;88.0;308.1;0.1;271.0;0;7
44;69;10.5;35.9;81.0;311.1;0.1;271.0;0;7
44;70;19.3;18.8;44.0;293.6;0.1;271.0;0;7
44;71;21.9;16.7;42.0;293.6;0.1;271.0;0;7
44;72;51.2;7.0;17.0;283.3;0.0;271.0;0;7
44;73;100.0;2.5;5.0;280.1;0.0;271.0;0;7
44;74;nan;0.0;0.0;278.0;0.0;271.0;0;7
44;75;nan;0.0;0.0;278.0;0.0;271.0;0;7
44;76;nan;0.0;0.0;278.0;0.0;271.0;0;7
44;77;nan;0.0;0.0;278.0;0.0;271.0;0;7
44;78;nan;0.0;0.0;278.0;0.0;271.0;0;7
44;79;nan;0.0;0.0;278.0;0.0;271.0;0;7
44;80;nan;0.0;0.0;278.0;0.0;271.0;0;7
44;81;nan;0.0;0.0;278.0;0.0;271.0;0;7
44;82;nan;0.0;0.0;278.0;0.0;271.0;0;7
44;83;nan;0.0;0.0;278.0;0.0;271.0;0;7
44;84;nan;0.0;0.0;278.0;0.0;271.0;0;7
44;85;nan;0.0;0.0;278.0;0.0;271.0;0;7
44;86;nan;0.0;0.0;278.0;0.0;271.0;0;7
44;87;nan;0.0;0.0;278.0;0.0;271.0;0;7
44;88;nan;0.0;0.0;278.0;0.0;271.0;0;7
44;89;nan;0.0;0.0;278.0;0.0;271.0;0;7
44;90;nan;0.0;0.0;278.0;0.0;271.0;0;7
44;91;nan;0.0;0.0;278.0;0.0;271.0;0;7
44;92;nan;0.0;0.0;278.0;0.0;271.0;0;7
44;93;nan;0.0;0.0;278.0;0.0;271.0;0;7
44;94;nan;0.0;0.0;278.0;0.0;271.0;0;7
44;95;nan;0.0;0.0;278.0;0.0;271.0;0;7
44;96;nan;0.0;0.0;278.0;0.0;271.0;0;7
44;97;nan;0.0;0.0;278.0;0.0;271.0;0;7
44;98;nan;0.0;0.0;278.0;0.0;271.0;0;7
44;99;nan;0.0;0.0;278.0;0.0;271.0;0;7
44;100;nan;0.0;0.0;278.0;0.0;271.0;0;7
44;101;nan;0.0;0.0;278.0;0.0;271.0;0;7
44;102;nan;0.0;0.0;278.0;0.0;271.0;0;7
44;103;nan;0.0;0.0;278.0;0.0;271.0;0;7
44;104;nan;0.0;0.0;278.0;0.0;271.0;0;7
44;105;nan;0.0;0.0;278.0;0.0;271.0;0;7
44;106;nan;0.0;0.0;278.0;0.0;271.0;0;7
44;107;nan;0.0;0.0;278.0;0.0;271.0;0;7
44;108;nan;0.0;0.0;278.0;0.0;271.0;0;7
44;109;nan;0.0;0.0;278.0;0.0;271.0;0;7
44;110;100.0;0.3;1.0;277.9;0.0;271.0;0;7
44;111;8.0;45.6;108.0;307.6;0.1;271.0;0;7
44;112;16.1;22.6;58.0;294.9;0.1;271.0;0;7
44;113;28.0;12.8;29.0;286.3;0.0;271.0;0;7
44;114;47.2;7.6;19.0;282.7;0.0;271.0;0;7
44;115;38.5;9.3;25.0;283.6;0.0;271.0;0;7
44;116;nan;0.0;0.0;278.0;0.0;271.0;0;7
44;117;nan;0.0;0.0;278.0;0.0;271.0;0;7
44;118;nan;0.0;0.0;278.0;0.0;271.0;0;7
44;119;nan;0.0;0.0;278.0;0.0;271.0;0;7
44;120;nan;0.0;0.0;278.0;0.0;271.0;0;7
44;121;nan;0.0;0.0;278.0;0.0;271.0;0;7
44;122;nan;0.0;0.0;278.0;0.0;271.0;0;7
44;123;nan;0.0;0.0;278.0;0.0;271.0;0;7
44;124;nan;0.0;0.0;278.0;0.0;271.0;0;7
44;125;nan;0.0;0.0;278.0;0.0;271.0;0;7
44;126;nan;0.0;0.0;278.0;0.0;271.0;0;7
44;127;nan;0.0;0.0;278.0;0.0;271.0;0;7
44;128;nan;0.0;0.0;278.0;0.0;271.0;0;7
44;129;nan;0.0;0.0;278.0;0.0;271.0;0;7
44;130;nan;0.0;0.0;278.0;0.0;271.0;0;7
44;131;nan;0.0;0.0;278.0;0.0;271.0;0;7
44;132;nan;0.0;0.0;278.0;0.0;271.0;0;7
44;133;nan;0.0;0.0;278.0;0.0;271.0;0;7
44;134;nan;0.0;0.0;278.0;0.0;271.0;0;7
44;135;nan;0.0;0.0;278.0;0.0;271.0;0;7
44;136;nan;0.0;0.0;278.0;0.0;271.0;0;7
44;137;nan;0.0;0.0;278.0;0.0;271.0;0;7
44;138;nan;0.0;0.0;278.0;0.0;271.0;0;7
44;139;nan;0.0;0.0;278.0;0.0;271.0;0;7
44;140;100.0;1.7;5.0;277.3;0.0;271.0;0;7
44;141;nan;0.0;0.0;278.0;0.0;271.0;0;7
44;142;nan;0.0;0.0;278.0;0.0;271.0;0;7
44;143;nan;0.0;0.0;278.0;0.0;271.0;0;7
44;144;nan;0.0;0.0;278.0;0.0;271.0;0;7
44;145;nan;0.0;0.0;278.0;0.0;271.0;0;7
44;146;nan;0.0;0.0;278.0;0.0;271.0;0;7
44;147;nan;0.0;0.0;278.0;0.0;271.0;0;7
44;148;nan;0.0;0.0;278.0;0.0;271.0;0;7
44;149;nan;0.0;0.0;278.0;0.0;271.0;0;7
45;0;6.2;76.6;175.0;406.4;0.2;283.0;1;1
45;1;6.8;65.8;154.0;381.3;0.2;274.0;1;2
45;2;6.8;66.2;162.0;384.3;0.2;274.0;0;2
45;3;6.7;67.4;173.0;386.9;0.2;273.0;1;3
45;4;7.2;63.5;150.0;388.0;0.2;273.0;0;3
45;5;6.9;66.9;157.0;394.0;0.2;273.0;0;3
45;6;6.1;76.6;179.0;400.7;0.2;273.0;0;3
45;7;7.6;58.8;147.0;377.9;0.2;273.0;0;3
45;8;6.6;69.2;158.0;388.3;0.2;273.0;0;3
45;9;7.2;62.7;147.0;381.0;0.2;273.0;0;3
45;10;7.1;63.1;147.0;382.3;0.2;273.0;0;3
45;11;7.2;60.8;150.0;373.3;0.2;273.0;0;3
45;12;7.5;59.2;146.0;373.9;0.2;273.0;0;3
45;13;9.3;45.1;119.0;350.6;0.1;273.0;0;3
45;14;9.7;42.5;113.0;343.6;0.1;273.0;0;3
45;15;10.2;41.5;99.0;351.1;0.1;273.0;0;3
45;16;9.9;41.0;117.0;337.4;0.1;273.0;0;3
45;17;11.5;35.3;93.0;334.1;0.1;273.0;0;3
45;18;11.0;37.4;98.0;339.9;0.1;273.0;0;3
45;19;13.4;29.7;73.0;326.9;0.1;273.0;0;3
45;20;12.4;31.0;72.0;315.1;0.1;273.0;0;3
45;21;11.6;32.9;80.0;314.0;0.1;273.0;0;3
45;22;13.4;28.1;62.0;307.9;0.1;273.0;0;3
45;23;15.3;24.8;65.0;308.3;0.1;271.0;1;4
45;24;25.9;13.9;37.0;288.9;0.0;271.0;0;4
45;25;18.3;19.9;49.0;294.3;0.1;271.0;0;4
45;26;46.4;7.6;18.0;279.3;0.0;271.0;0;4
45;27;65.6;5.4;13.0;276.9;0.0;271.0;0;4
45;28;100.0;1.4;4.0;271.6;0.0;271.0;0;4
45;29;nan;0.0;0.0;271.0;0.0;271.0;0;4
45;30;nan;0.0;0.0;271.0;0.0;271.0;0;4
45;31;nan;0.0;0.0;271.0;0.0;271.0;0;4
45;32;nan;0.0;0.0;271.0;0.0;271.0;0;4
45;33;nan;0.0;0.0;271.0;0.0;271.0;0;4
45;34;nan;0.0;0.0;271.0;0.0;271.0;0;4
45;35;nan;0.0;0.0;271.0;0.0;271.0;0;4
45;36;nan;0.0;0.0;271.0;0.0;271.0;0;4
45;37;nan;0.0;0.0;271.0;0.0;271.0;0;4
45;38;nan;0.0;0.0;271.0;0.0;271.0;0;4
45;39;nan;0.0;0.0;271.0;0.0;271.0;0;4
45;40;nan;0.0;0.0;271.0;0.0;271.0;0;4
45;41;nan;0.0;0.0;271.0;0.0;271.0;0;4
45;42;nan;0.0;0.0;271.0;0.0;271.0;0;4
45;43;nan;0.0;0.0;271.0;0.0;271.0;0;4
45;44;nan;0.0;0.0;271.0;0.0;271.0;0;4
45;45;nan;0.0;0.0;271.0;0.0;271.0;0;4
45;46;nan;0.0;0.0;271.0;0.0;271.0;0;4
45;47;nan;0.0;0.0;271.0;0.0;271.0;0;4
45;48;nan;0.0;0.0;271.0;0.0;271.0;0;4
45;49;nan;0.0;0.0;271.0;0.0;271.0;0;4
45;50;nan;0.0;0.0;271.0;0.0;271.0;0;4
45;51;nan;0.0;0.0;271.0;0.0;271.0;0;4
45;52;nan;0.0;0.0;271.0;0.0;271.0;0;4
45;53;nan;0.0;0.0;271.0;0.0;271.0;0;4
45;54;nan;0.0;0.0;271.0;0.0;271.0;0;4
45;55;nan;0.0;0.0;271.0;0.0;271.0;0;4
45;56;nan;0.0;0.0;271.0;0.0;271.0;0;4
45;57;nan;0.0;0.0;271.0;0.0;271.0;0;4
45;58;nan;0.0;0.0;271.0;0.0;271.0;0;4
45;59;nan;0.0;0.0;271.0;0.0;271.0;0;4
45;60;nan;0.0;0.0;271.0;0.0;271.0;0;4
45;61;nan;0.0;0.0;271.0;0.0;271.0;0;4
45;62;nan;0.0;0.0;271.0;0.0;271.0;0;4
45;63;nan;0.0;0.0;271.0;0.0;271.0;0;4
45;64;nan;0.0;0.0;271.0;0.0;271.0;0;4
45;65;nan;0.0;0.0;271.0;0.0;271.0;0;4
45;66;nan;0.0;0.0;271.0;0.0;271.0;0;4
45;67;nan;0.0;0.0;271.0;0.0;271.0;0;4
45;68;nan;0.0;0.0;271.0;0.0;271.0;0;4
45;69;6.6;57.9;128.0;325.7;0.2;271.0;0;4
45;70;7.5;50.3;113.0;320.1;0.2;271.0;0;4
45;71;13.0;28.3;60.0;303.0;0.1;271.0;0;4
45;72;20.3;17.9;44.0;293.7;0.1;271.0;0;4
45;73;20.4;17.4;37.0;286.6;0.1;271.0;0;4
45;74;42.8;8.2;23.0;277.1;0.0;271.0;0;4
45;75;28.1;12.6;32.0;282.7;0.0;271.0;0;4
45;76;100.0;2.4;7.0;272.0;0.0;271.0;0;4
45;77;nan;0.0;0.0;271.0;0.0;271.0;0;4
45;78;nan;0.0;0.0;271.0;0.0;271.0;0;4
45;79;nan;0.0;0.0;271.0;0.0;271.0;0;4
45;80;nan;0.0;0.0;271.0;0.0;271.0;0;4
45;81;nan;0.0;0.0;271.0;0.0;271.0;0;4
45;82;nan;0.0;0.0;271.0;0.0;271.0;0;4
45;83;nan;0.0;0.0;271.0;0.0;271.0;0;4
45;84;nan;0.0;0.0;271.0;0.0;271.0;0;4
45;85;nan;0.0;0.0;271.0;0.0;271.0;0;4
45;86;nan;0.0;0.0;271.0;0.0;271.0;0;4
45;87;nan;0.0;0.0;271.0;0.0;271.0;0;4
45;88;nan;0.0;0.0;271.0;0.0;271.0;0;4
45;89;nan;0.0;0.0;271.0;0.0;271.0;0;4
45;90;nan;0.0;0.0;271.0;0.0;271.0;0;4
45;91;nan;0.0;0.0;271.0;0.0;271.0;0;4
45;92;nan;0.0;0.0;271.0;0.0;271.0;0;4
45;93;nan;0.0;0.0;271.0;0.0;271.0;0;4
45;94;nan;0.0;0.0;271.0;0.0;271.0;0;4
45;95;nan;0.0;0.0;271.0;0.0;271.0;0;4
45;96;nan;0.0;0.0;271.0;0.0;271.0;0;4
45;97;nan;0.0;0.0;271.0;0.0;271.0;0;4
45;98;nan;0.0;0.0;271.0;0.0;271.0;0;4
45;99;nan;0.0;0.0;271.0;0.0;271.0;0;4
45;100;nan;0.0;0.0;271.0;0.0;271.0;0;4
45;101;nan;0.0;0.0;271.0;0.0;271.0;0;4
45;102;nan;0.0;0.0;271.0;0.0;271.0;0;4
45;103;nan;0.0;0.0;271.0;0.0;271.0;0;4
45;104;nan;0.0;0.0;271.0;0.0;271.0;0;4
45;105;nan;0.0;0.0;271.0;0.0;271.0;0;4
45;106;nan;0.0;0.0;271.0;0.0;271.0;0;4
45;107;nan;0.0;0.0;271.0;0.0;271.0;0;4
45;108;nan;0.0;0.0;271.0;0.0;271.0;0;4
45;109;nan;0.0;0.0;271.0;0.0;271.0;0;4
45;110;nan;0.0;0.0;271.0;0.0;271.0;0;4
45;111;nan;0.0;0.0;271.0;0.0;271.0;0;4
45;112;nan;0.0;0.0;271.0;0.0;271.0;0;4
45;113;nan;0.0;0.0;271.0;0.0;271.0;0;4
45;114;10.8;33.4;78.0;298.9;0.1;271.0;0;4
45;115;9.4;39.2;105.0;309.0;0.1;271.0;0;4
45;116;8.3;43.4;101.0;303.3;0.1;271.0;0;4
45;117;25.6;13.9;37.0;286.0;0.0;271.0;0;4
45;118;22.3;15.8;36.0;282.4;0.1;271.0;0;4
45;119;21.5;16.3;36.0;281.3;0.1;271.0;0;4
45;120;80.8;4.4;12.0;276.9;0.0;271.0;0;4
45;121;66.4;5.2;12.0;274.9;0.0;271.0;0;4
45;122;86.4;4.0;12.0;274.0;0.0;271.0;0;4
45;123;69.5;5.0;12.0;275.7;0.0;271.0;0;4
45;124;nan;0.0;0.0;271.0;0.0;271.0;0;4
45;125;nan;0.0;0.0;271.0;0.0;271.0;0;4
45;126;nan;0.0;0.0;271.0;0.0;271.0;0;4
45;127;nan;0.0;0.0;271.0;0.0;271.0;0;4
45;128;nan;0.0;0.0;271.0;0.0;271.0;0;4
45;129;nan;0.0;0.0;271.0;0.0;271.0;0;4
45;130;nan;0.0;0.0;271.0;0.0;271.0;0;4
45;131;nan;0.0;0.0;271.0;0.0;271.0;0;4
45;132;nan;0.0;0.0;271.0;0.0;271.0;0;4
45;133;nan;0.0;0.0;271.0;0.0;271.0;0;4
45;134;nan;0.0;0.0;271.0;0.0;271.0;0;4
45;135;nan;0.0;0.0;271.0;0.0;271.0;0;4
45;136;nan;0.0;0.0;271.0;0.0;271.0;0;4
45;137;nan;0.0;0.0;271.0;0.0;271.0;0;4
45;138;nan;0.0;0.0;271.0;0.0;271.0;0;4
45;139;nan;0.0;0.0;271.0;0.0;271.0;0;4
45;140;nan;0.0;0.0;271.0;0.0;271.0;0;4
45;141;nan;0.0;0.0;271.0;0.0;271.0;0;4
45;142;nan;0.0;0.0;271.0;0.0;271.0;0;4
45;143;nan;0.0;0.0;271.0;0.0;271.0;0;4
45;144;nan;0.0;0.0;271.0;0.0;271.0;0;4
45;145;nan;0.0;0.0;271.0;0.0;271.0;0;4
45;146;nan;0.0;0.0;271.0;0.0;271.0;0;4
45;147;nan;0.0;0.0;271.0;0.0;271.0;0;4
45;148;nan;0.0;0.0;271.0;0.0;271.0;0;4
45;149;nan;0.0;0.0;271.0;0.0;271.0;0;4
46;0;6.0;80.5;188.0;412.6;0.2;284.0;1;1
46;1;6.6;70.0;161.0;393.6;0.2;280.0;1;2
46;2;6.3;72.5;176.0;393.0;0.2;273.0;1;3
46;3;6.5;70.7;180.0;391.7;0.2;273.0;0;3
46;4;6.4;73.6;173.0;400.4;0.2;273.0;0;3
46;5;6.5;70.3;168.0;393.0;0.2;273.0;0;3
46;6;7.0;65.0;162.0;384.3;0.2;273.0;0;3
46;7;7.4;60.2;156.0;375.9;0.2;273.0;0;3
46;8;6.3;72.7;178.0;395.1;0.2;273.0;0;3
46;9;7.3;61.4;146.0;378.1;0.2;273.0;0;3
46;10;7.9;56.7;133.0;375.4;0.2;273.0;0;3
46;11;6.4;72.1;180.0;394.0;0.2;273.0;0;3
46;12;8.0;52.7;136.0;353.3;0.1;273.0;0;3
46;13;10.7;39.8;98.0;351.1;0.1;273.0;0;3
46;14;8.2;53.4;129.0;368.4;0.1;273.0;0;3
46;15;9.8;42.6;103.0;348.6;0.1;273.0;0;3
46;16;11.0;37.6;96.0;340.3;0.1;273.0;0;3
46;17;12.8;31.1;80.0;326.4;0.1;273.0;0;3
46;18;12.9;30.2;79.0;319.3;0.1;273.0;0;3
46;19;12.1;32.8;89.0;326.4;0.1;273.0;0;3
46;20;9.2;43.2;94.0;330.7;0.1;273.0;0;3
46;21;10.5;36.5;84.0;317.4;0.1;273.0;0;3
46;22;11.3;33.6;74.0;315.1;0.1;273.0;0;3
46;23;10.3;37.5;84.0;321.9;0.1;273.0;0;3
46;24;16.7;22.3;54.0;302.7;0.1;273.0;0;3
46;25;15.5;24.1;56.0;304.1;0.1;273.0;0;3
46;26;33.7;10.6;30.0;285.9;0.0;273.0;0;3
46;27;100.0;1.0;3.0;275.4;0.0;273.0;0;3
46;28;nan;0.0;0.0;275.0;0.0;273.0;0;3
46;29;nan;0.0;0.0;275.0;0.0;273.0;0;3
46;30;nan;0.0;0.0;275.0;0.0;273.0;0;3
46;31;nan;0.0;0.0;275.0;0.0;273.0;0;3
46;32;nan;0.0;0.0;275.0;0.0;273.0;0;3
46;33;nan;0.0;0.0;275.0;0.0;273.0;0;3
46;34;nan;0.0;0.0;275.0;0.0;273.0;0;3
46;35;nan;0.0;0.0;275.0;0.0;273.0;0;3
46;36;nan;0.0;0.0;275.0;0.0;273.0;0;3
46;37;nan;0.0;0.0;275.0;0.0;273.0;0;3
46;38;nan;0.0;0.0;275.0;0.0;273.0;0;3
46;39;nan;0.0;0.0;275.0;0.0;273.0;0;3
46;40;nan;0.0;0.0;275.0;0.0;273.0;0;3
46;41;nan;0.0;0.0;275.0;0.0;273.0;0;3
46;42;nan;0.0;0.0;275.0;0.0;273.0;0;3
46;43;nan;0.0;0.0;275.0;0.0;273.0;0;3
46;44;nan;0.0;0.0;275.0;0.0;273.0;0;3
46;45;nan;0.0;0.0;275.0;0.0;273.0;0;3
46;46;nan;0.0;0.0;275.0;0.0;273.0;0;3
46;47;nan;0.0;0.0;275.0;0.0;273.0;0;3
46;48;6.6;62.7;139.0;352.3;0.2;273.0;0;3
46;49;7.8;52.2;115.0;342.6;0.2;273.0;0;3
46;50;7.1;57.1;130.0;343.3;0.2;271.0;1;4
46;51;8.9;43.7;94.0;326.6;0.1;271.0;0;4
46;52;16.8;22.4;55.0;305.4;0.1;271.0;0;4
46;53;11.7;32.6;79.0;313.0;0.1;271.0;0;4
46;54;16.6;22.7;55.0;305.0;0.1;271.0;0;4
46;55;16.3;22.9;56.0;303.6;0.1;271.0;0;4
46;56;18.2;19.9;46.0;293.0;0.1;271.0;0;4
46;57;62.0;5.8;13.0;281.6;0.0;271.0;0;4
46;58;nan;0.0;0.0;275.0;0.0;271.0;0;4
46;59;nan;0.0;0.0;275.0;0.0;271.0;0;4
46;60;nan;0.0;0.0;275.0;0.0;271.0;0;4
46;61;nan;0.0;0.0;275.0;0.0;271.0;0;4
46;62;nan;0.0;0.0;275.0;0.0;271.0;0;4
46;63;nan;0.0;0.0;275.0;0.0;271.0;0;4
46;64;nan;0.0;0.0;275.0;0.0;271.0;0;4
46;65;nan;0.0;0.0;275.0;0.0;271.0;0;4
46;66;nan;0.0;0.0;275.0;0.0;271.0;0;4
46;67;nan;0.0;0.0;275.0;0.0;271.0;0;4
46;68;nan;0.0;0.0;275.0;0.0;271.0;0;4
46;69;nan;0.0;0.0;275.0;0.0;271.0;0;4
46;70;nan;0.0;0.0;275.0;0.0;271.0;0;4
46;71;nan;0.0;0.0;275.0;0.0;271.0;0;4
46;72;nan;0.0;0.0;275.0;0.0;271.0;0;4
46;73;nan;0.0;0.0;275.0;0.0;271.0;0;4
46;74;nan;0.0;0.0;275.0;0.0;271.0;0;4
46;75;nan;0.0;0.0;275.0;0.0;271.0;0;4
46;76;nan;0.0;0.0;275.0;0.0;271.0;0;4
46;77;nan;0.0;0.0;275.0;0.0;271.0;0;4
46;78;nan;0.0;0.0;275.0;0.0;271.0;0;4
46;79;nan;0.0;0.0;275.0;0.0;271.0;0;4
46;80;nan;0.0;0.0;275.0;0.0;271.0;0;4
46;81;nan;0.0;0.0;275.0;0.0;271.0;0;4
46;82;nan;0.0;0.0;275.0;0.0;271.0;0;4
46;83;nan;0.0;0.0;275.0;0.0;271.0;0;4
46;84;nan;0.0;0.0;275.0;0.0;271.0;0;4
46;85;nan;0.0;0.0;275.0;0.0;271.0;0;4
46;86;nan;0.0;0.0;275.0;0.0;271.0;0;4
46;87;nan;0.0;0.0;275.0;0.0;271.0;0;4
46;88;nan;0.0;0.0;275.0;0.0;271.0;0;4
46;89;nan;0.0;0.0;275.0;0.0;271.0;0;4
46;90;nan;0.0;0.0;275.0;0.0;271.0;0;4
46;91;nan;0.0;0.0;275.0;0.0;271.0;0;4
46;92;nan;0.0;0.0;275.0;0.0;271.0;0;4
46;93;nan;0.0;0.0;275.0;0.0;271.0;0;4
46;94;nan;0.0;0.0;275.0;0.0;271.0;0;4
46;95;nan;0.0;0.0;275.0;0.0;271.0;0;4
46;96;9.0;40.8;106.0;308.1;0.1;271.0;0;4
46;97;11.3;31.9;78.0;298.7;0.1;271.0;0;4
46;98;12.4;29.1;71.0;296.0;0.1;271.0;0;4
46;99;18.0;19.8;48.0;288.6;0.1;271.0;0;4
46;100;16.0;22.4;53.0;291.3;0.1;271.0;0;4
46;101;15.0;24.1;59.0;295.3;0.1;271.0;0;4
46;102;84.0;4.2;12.0;277.3;0.0;271.0;0;4
46;103;nan;0.0;0.0;275.0;0.0;271.0;0;4
46;104;nan;0.0;0.0;275.0;0.0;271.0;0;4
46;105;nan;0.0;0.0;275.0;0.0;271.0;0;4
46;106;nan;0.0;0.0;275.0;0.0;271.0;0;4
46;107;nan;0.0;0.0;275.0;0.0;271.0;0;4
46;108;nan;0.0;0.0;275.0;0.0;271.0;0;4
46;109;nan;0.0;0.0;275.0;0.0;271.0;0;4
46;110;nan;0.0;0.0;275.0;0.0;271.0;0;4
46;111;nan;0.0;0.0;275.0;0.0;271.0;0;4
46;112;nan;0.0;0.0;275.0;0.0;271.0;0;4
46;113;nan;0.0;0.0;275.0;0.0;271.0;0;4
46;114;nan;0.0;0.0;275.0;0.0;271.0;0;4
46;115;nan;0.0;0.0;275.0;0.0;271.0;0;4
46;116;nan;0.0;0.0;275.0;0.0;271.0;0;4
46;117;nan;0.0;0.0;275.0;0.0;271.0;0;4
46;118;nan;0.0;0.0;275.0;0.0;271.0;0;4
46;119;nan;0.0;0.0;275.0;0.0;271.0;0;4
46;120;nan;0.0;0.0;275.0;0.0;271.0;0;4
46;121;nan;0.0;0.0;275.0;0.0;271.0;0;4
46;122;nan;0.0;0.0;275.0;0.0;271.0;0;4
46;123;nan;0.0;0.0;275.0;0.0;271.0;0;4
46;124;nan;0.0;0.0;275.0;0.0;271.0;0;4
46;125;nan;0.0;0.0;275.0;0.0;271.0;0;4
46;126;nan;0.0;0.0;275.0;0.0;271.0;0;4
46;127;nan;0.0;0.0;275.0;0.0;271.0;0;4
46;128;nan;0.0;0.0;275.0;0.0;271.0;0;4
46;129;nan;0.0;0.0;275.0;0.0;271.0;0;4
46;130;nan;0.0;0.0;275.0;0.0;271.0;0;4
46;131;nan;0.0;0.0;275.0;0.0;271.0;0;4
46;132;nan;0.0;0.0;275.0;0.0;271.0;0;4
46;133;nan;0.0;0.0;275.0;0.0;271.0;0;4
46;134;nan;0.0;0.0;275.0;0.0;271.0;0;4
46;135;nan;0.0;0.0;275.0;0.0;271.0;0;4
46;136;nan;0.0;0.0;275.0;0.0;271.0;0;4
46;137;nan;0.0;0.0;275.0;0.0;271.0;0;4
46;138;nan;0.0;0.0;275.0;0.0;271.0;0;4
46;139;nan;0.0;0.0;275.0;0.0;271.0;0;4
46;140;nan;0.0;0.0;275.0;0.0;271.0;0;4
46;141;10.6;33.7;106.0;295.3;0.1;271.0;0;4
46;142;8.1;43.5;126.0;295.6;0.1;271.0;0;4
46;143;26.7;13.1;40.0;279.3;0.0;271.0;0;4
46;144;33.9;10.4;32.0;282.0;0.0;271.0;0;4
46;145;nan;0.0;0.0;275.0;0.0;271.0;0;4
46;146;nan;0.0;0.0;275.0;0.0;271.0;0;4
46;147;nan;0.0;0.0;275.0;0.0;271.0;0;4
46;148;nan;0.0;0.0;275.0;0.0;271.0;0;4
46;149;nan;0.0;0.0;275.0;0.0;271.0;0;4
47;0;6.4;71.7;176.0;395.4;0.2;285.0;1;1
47;1;7.5;58.6;145.0;371.6;0.2;279.0;1;2
47;2;5.7;82.9;190.0;409.4;0.2;278.0;1;3
47;3;6.8;67.4;161.0;389.7;0.2;278.0;0;3
47;4;6.5;70.2;167.0;392.7;0.2;278.0;0;3
47;5;6.2;74.3;179.0;397.7;0.2;278.0;0;3
47;6;6.8;66.8;168.0;384.9;0.2;278.0;0;3
47;7;6.5;69.3;165.0;387.0;0.2;274.0;1;4
47;8;6.5;69.8;173.0;389.0;0.2;274.0;0;4
47;9;7.2;62.3;149.0;380.4;0.2;274.0;0;4
47;10;8.6;51.0;117.0;366.4;0.1;274.0;0;4
47;11;8.0;54.9;144.0;368.1;0.1;274.0;0;4
47;12;7.6;58.4;150.0;374.3;0.2;274.0;0;4
47;13;10.8;38.6;97.0;345.3;0.1;274.0;0;4
47;14;8.5;49.4;129.0;353.7;0.1;274.0;0;4
47;15;8.7;48.5;115.0;355.7;0.1;274.0;0;4
47;16;10.4;40.0;96.0;344.9;0.1;274.0;0;4
47;17;9.3;44.9;108.0;349.4;0.1;274.0;0;4
47;18;11.1;37.7;91.0;345.7;0.1;274.0;0;4
47;19;9.1;45.3;113.0;345.1;0.1;272.0;1;5
47;20;13.9;27.1;64.0;308.4;0.1;272.0;0;5
47;21;15.8;24.1;58.0;310.0;0.1;272.0;0;5
47;22;21.8;17.1;41.0;299.7;0.1;272.0;0;5
47;23;19.0;19.5;49.0;300.0;0.1;272.0;0;5
47;24;22.5;16.2;40.0;293.7;0.1;271.0;1;6
47;25;28.4;12.7;34.0;287.9;0.0;271.0;0;6
47;26;54.6;6.5;16.0;280.1;0.0;271.0;0;6
47;27;nan;0.0;0.0;271.0;0.0;271.0;0;6
47;28;nan;0.0;0.0;271.0;0.0;271.0;0;6
47;29;nan;0.0;0.0;271.0;0.0;271.0;0;6
47;30;nan;0.0;0.0;271.0;0.0;271.0;0;6
47;31;nan;0.0;0.0;271.0;0.0;271.0;0;6
47;32;nan;0.0;0.0;271.0;0.0;271.0;0;6
47;33;nan;0.0;0.0;271.0;0.0;271.0;0;6
47;34;nan;0.0;0.0;271.0;0.0;271.0;0;6
47;35;nan;0.0;0.0;271.0;0.0;271.0;0;6
47;36;nan;0.0;0.0;271.0;0.0;271.0;0;6
47;37;nan;0.0;0.0;271.0;0.0;271.0;0;6
47;38;nan;0.0;0.0;271.0;0.0;271.0;0;6
47;39;nan;0.0;0.0;271.0;0.0;271.0;0;6
47;40;nan;0.0;0.0;271.0;0.0;271.0;0;6
47;41;nan;0.0;0.0;271.0;0.0;271.0;0;6
47;42;nan;0.0;0.0;271.0;0.0;271.0;0;6
47;43;nan;0.0;0.0;271.0;0.0;271.0;0;6
47;44;nan;0.0;0.0;271.0;0.0;271.0;0;6
47;45;nan;0.0;0.0;271.0;0.0;271.0;0;6
47;46;nan;0.0;0.0;271.0;0.0;271.0;0;6
47;47;nan;0.0;0.0;271.0;0.0;271.0;0;6
47;48;nan;0.0;0.0;271.0;0.0;271.0;0;6
47;49;nan;0.0;0.0;271.0;0.0;271.0;0;6
47;50;nan;0.0;0.0;271.0;0.0;271.0;0;6
47;51;nan;0.0;0.0;271.0;0.0;271.0;0;6
47;52;nan;0.0;0.0;271.0;0.0;271.0;0;6
47;53;nan;0.0;0.0;271.0;0.0;271.0;0;6
47;54;nan;0.0;0.0;271.0;0.0;271.0;0;6
47;55;nan;0.0;0.0;271.0;0.0;271.0;0;6
47;56;nan;0.0;0.0;271.0;0.0;271.0;0;6
47;57;nan;0.0;0.0;271.0;0.0;271.0;0;6
47;58;nan;0.0;0.0;271.0;0.0;271.0;0;6
47;59;nan;0.0;0.0;271.0;0.0;271.0;0;6
47;60;nan;0.0;0.0;271.0;0.0;271.0;0;6
47;61;nan;0.0;0.0;271.0;0.0;271.0;0;6
47;62;nan;0.0;0.0;271.0;0.0;271.0;0;6
47;63;nan;0.0;0.0;271.0;0.0;271.0;0;6
47;64;nan;0.0;0.0;271.0;0.0;271.0;0;6
47;65;nan;0.0;0.0;271.0;0.0;271.0;0;6
47;66;nan;0.0;0.0;271.0;0.0;271.0;0;6
47;67;nan;0.0;0.0;271.0;0.0;271.0;0;6
47;68;nan;0.0;0.0;271.0;0.0;271.0;0;6
47;69;nan;0.0;0.0;271.0;0.0;271.0;0;6
47;70;6.8;56.6;123.0;327.1;0.2;271.0;0;6
47;71;7.6;50.1;123.0;322.0;0.2;271.0;0;6
47;72;9.8;38.6;85.0;315.3;0.1;271.0;0;6
47;73;13.5;26.9;60.0;297.6;0.1;271.0;0;6
47;74;16.5;22.4;56.0;299.4;0.1;271.0;0;6
47;75;32.6;10.9;27.0;282.3;0.0;271.0;0;6
47;76;13.0;28.0;68.0;298.1;0.1;271.0;0;6
47;77;18.9;18.9;48.0;288.6;0.1;271.0;0;6
47;78;100.0;3.1;9.0;272.3;0.0;271.0;0;6
47;79;nan;0.0;0.0;271.0;0.0;271.0;0;6
47;80;nan;0.0;0.0;271.0;0.0;271.0;0;6
47;81;nan;0.0;0.0;271.0;0.0;271.0;0;6
47;82;nan;0.0;0.0;271.0;0.0;271.0;0;6
47;83;nan;0.0;0.0;271.0;0.0;271.0;0;6
47;84;nan;0.0;0.0;271.0;0.0;271.0;0;6
47;85;nan;0.0;0.0;271.0;0.0;271.0;0;6
47;86;nan;0.0;0.0;271.0;0.0;271.0;0;6
47;87;nan;0.0;0.0;271.0;0.0;271.0;0;6
47;88;nan;0.0;0.0;271.0;0.0;271.0;0;6
47;89;nan;0.0;0.0;271.0;0.0;271.0;0;6
47;90;nan;0.0;0.0;271.0;0.0;271.0;0;6
47;91;nan;0.0;0.0;271.0;0.0;271.0;0;6
47;92;nan;0.0;0.0;271.0;0.0;271.0;0;6
47;93;nan;0.0;0.0;271.0;0.0;271.0;0;6
47;94;nan;0.0;0.0;271.0;0.0;271.0;0;6
47;95;nan;0.0;0.0;271.0;0.0;271.0;0;6
47;96;nan;0.0;0.0;271.0;0.0;271.0;0;6
47;97;nan;0.0;0.0;271.0;0.0;271.0;0;6
47;98;nan;0.0;0.0;271.0;0.0;271.0;0;6
47;99;nan;0.0;0.0;271.0;0.0;271.0;0;6
47;100;nan;0.0;0.0;271.0;0.0;271.0;0;6
47;101;nan;0.0;0.0;271.0;0.0;271.0;0;6
47;102;nan;0.0;0.0;271.0;0.0;271.0;0;6
47;103;nan;0.0;0.0;271.0;0.0;271.0;0;6
47;104;nan;0.0;0.0;271.0;0.0;271.0;0;6
47;105;nan;0.0;0.0;271.0;0.0;271.0;0;6
47;106;nan;0.0;0.0;271.0;0.0;271.0;0;6
47;107;nan;0.0;0.0;271.0;0.0;271.0;0;6
47;108;nan;0.0;0.0;271.0;0.0;271.0;0;6
47;109;nan;0.0;0.0;271.0;0.0;271.0;0;6
47;110;nan;0.0;0.0;271.0;0.0;271.0;0;6
47;111;nan;0.0;0.0;271.0;0.0;271.0;0;6
47;112;nan;0.0;0.0;271.0;0.0;271.0;0;6
47;113;nan;0.0;0.0;271.0;0.0;271.0;0;6
47;114;nan;0.0;0.0;271.0;0.0;271.0;0;6
47;115;10.2;35.8;88.0;302.1;0.1;271.0;0;6
47;116;9.8;37.3;93.0;305.0;0.1;271.0;0;6
47;117;9.6;38.7;96.0;309.0;0.1;271.0;0;6
47;118;8.9;40.5;103.0;303.0;0.1;271.0;0;6
47;119;10.9;33.3;82.0;300.3;0.1;271.0;0;6
47;120;27.6;12.7;29.0;281.3;0.0;271.0;0;6
47;121;nan;0.0;0.0;271.0;0.0;271.0;0;6
47;122;nan;0.0;0.0;271.0;0.0;271.0;0;6
47;123;nan;0.0;0.0;271.0;0.0;271.0;0;6
47;124;nan;0.0;0.0;271.0;0.0;271.0;0;6
47;125;nan;0.0;0.0;271.0;0.0;271.0;0;6
47;126;nan;0.0;0.0;271.0;0.0;271.0;0;6
47;127;nan;0.0;0.0;271.0;0.0;271.0;0;6
47;128;nan;0.0;0.0;271.0;0.0;271.0;0;6
47;129;nan;0.0;0.0;271.0;0.0;271.0;0;6
47;130;nan;0.0;0.0;271.0;0.0;271.0;0;6
47;131;nan;0.0;0.0;271.0;0.0;271.0;0;6
47;132;nan;0.0;0.0;271.0;0.0;271.0;0;6
47;133;nan;0.0;0.0;271.0;0.0;271.0;0;6
47;134;nan;0.0;0.0;271.0;0.0;271.0;0;6
47;135;nan;0.0;0.0;271.0;0.0;271.0;0;6
47;136;nan;0.0;0.0;271.0;0.0;271.0;0;6
47;137;nan;0.0;0.0;271.0;0.0;271.0;0;6
47;138;nan;0.0;0.0;271.0;0.0;271.0;0;6
47;139;nan;0.0;0.0;271.0;0.0;271.0;0;6
47;140;nan;0.0;0.0;271.0;0.0;271.0;0;6
47;141;nan;0.0;0.0;271.0;0.0;271.0;0;6
47;142;nan;0.0;0.0;271.0;0.0;271.0;0;6
47;143;nan;0.0;0.0;271.0;0.0;271.0;0;6
47;144;nan;0.0;0.0;271.0;0.0;271.0;0;6
47;145;nan;0.0;0.0;271.0;0.0;271.0;0;6
47;146;nan;0.0;0.0;271.0;0.0;271.0;0;6
47;147;nan;0.0;0.0;271.0;0.0;271.0;0;6
47;148;nan;0.0;0.0;271.0;0.0;271.0;0;6
47;149;nan;0.0;0.0;271.0;0.0;271.0;0;6
48;0;6.3;75.2;176.0;403.4;0.2;283.0;1;1
48;1;6.4;71.9;176.0;394.6;0.2;279.0;1;2
48;2;5.9;80.3;185.0;405.3;0.2;277.0;1;3
48;3;6.5;70.8;175.0;395.3;0.2;277.0;0;3
48;4;5.9;79.0;184.0;402.3;0.2;274.0;1;4
48;5;6.6;71.7;173.0;401.4;0.2;274.0;0;4
48;6;6.8;66.5;161.0;382.7;0.2;274.0;0;4
48;7;7.1;64.9;154.0;389.7;0.2;274.0;0;4
48;8;8.2;51.8;129.0;358.1;0.1;274.0;0;4
48;9;6.8;67.6;162.0;390.6;0.2;274.0;0;4
48;10;7.6;57.7;145.0;369.0;0.2;274.0;0;4
48;11;6.6;68.8;175.0;388.1;0.2;274.0;0;4
48;12;6.7;66.6;160.0;382.0;0.2;274.0;0;4
48;13;7.3;59.8;141.0;372.1;0.2;274.0;0;4
48;14;8.9;46.5;131.0;346.3;0.1;271.0;1;5
48;15;8.8;47.5;114.0;348.3;0.1;271.0;0;5
48;16;8.9;47.0;115.0;350.0;0.1;271.0;0;5
48;17;11.6;34.8;89.0;333.3;0.1;271.0;0;5
48;18;12.8;31.5;84.0;330.4;0.1;271.0;0;5
48;19;10.0;41.4;100.0;343.0;0.1;271.0;0;5
48;20;9.1;43.5;97.0;331.0;0.1;271.0;0;5
48;21;12.7;30.4;73.0;316.9;0.1;271.0;0;5
48;22;8.8;44.5;103.0;329.0;0.1;271.0;0;5
48;23;10.1;38.7;87.0;325.1;0.1;271.0;0;5
48;24;13.0;29.0;61.0;310.1;0.1;271.0;0;5
48;25;14.3;26.1;63.0;303.9;0.1;271.0;0;5
48;26;26.3;13.9;33.0;292.9;0.0;271.0;0;5
48;27;28.2;12.9;32.0;290.0;0.0;271.0;0;5
48;28;61.8;5.8;14.0;281.3;0.0;271.0;0;5
48;29;95.9;3.7;8.0;279.0;0.0;271.0;0;5
48;30;67.6;5.2;12.0;278.1;0.0;271.0;0;5
48;31;100.0;3.1;8.0;277.7;0.0;271.0;0;5
48;32;100.0;1.4;4.0;275.6;0.0;271.0;0;5
48;33;nan;0.0;0.0;275.0;0.0;271.0;0;5
48;34;nan;0.0;0.0;275.0;0.0;271.0;0;5
48;35;nan;0.0;0.0;275.0;0.0;271.0;0;5
48;36;nan;0.0;0.0;275.0;0.0;271.0;0;5
48;37;nan;0.0;0.0;275.0;0.0;271.0;0;5
48;38;nan;0.0;0.0;275.0;0.0;271.0;0;5
48;39;nan;0.0;0.0;275.0;0.0;271.0;0;5
48;40;nan;0.0;0.0;275.0;0.0;271.0;0;5
48;41;nan;0.0;0.0;275.0;0.0;271.0;0;5
48;42;nan;0.0;0.0;275.0;0.0;271.0;0;5
48;43;nan;0.0;0.0;275.0;0.0;271.0;0;5
48;44;nan;0.0;0.0;275.0;0.0;271.0;0;5
48;45;nan;0.0;0.0;275.0;0.0;271.0;0;5
48;46;nan;0.0;0.0;275.0;0.0;271.0;0;5
48;47;nan;0.0;0.0;275.0;0.0;271.0;0;5
48;48;nan;0.0;0.0;275.0;0.0;271.0;0;5
48;49;nan;0.0;0.0;275.0;0.0;271.0;0;5
48;50;nan;0.0;0.0;275.0;0.0;271.0;0;5
48;51;nan;0.0;0.0;275.0;0.0;271.0;0;5
48;52;nan;0.0;0.0;275.0;0.0;271.0;0;5
48;53;nan;0.0;0.0;275.0;0.0;271.0;0;5
48;54;nan;0.0;0.0;275.0;0.0;271.0;0;5
48;55;nan;0.0;0.0;275.0;0.0;271.0;0;5
48;56;nan;0.0;0.0;275.0;0.0;271.0;0;5
48;57;nan;0.0;0.0;275.0;0.0;271.0;0;5
48;58;nan;0.0;0.0;275.0;0.0;271.0;0;5
48;59;nan;0.0;0.0;275.0;0.0;271.0;0;5
48;60;8.3;45.6;103.0;319.3;0.1;271.0;0;5
48;61;8.1;46.9;105.0;319.1;0.1;271.0;0;5
48;62;14.4;25.8;66.0;304.4;0.1;271.0;0;5
48;63;14.0;26.6;62.0;303.6;0.1;271.0;0;5
48;64;17.1;21.5;57.0;297.0;0.1;271.0;0;5
48;65;17.1;21.2;54.0;294.9;0.1;271.0;0;5
48;66;18.9;19.1;47.0;292.7;0.1;271.0;0;5
48;67;27.2;13.0;33.0;282.9;0.0;271.0;0;5
48;68;58.7;6.0;13.0;276.1;0.0;271.0;0;5
48;69;81.2;4.3;9.0;274.7;0.0;271.0;0;5
48;70;100.0;1.4;4.0;271.6;0.0;271.0;0;5
48;71;nan;0.0;0.0;271.0;0.0;271.0;0;5
48;72;nan;0.0;0.0;271.0;0.0;271.0;0;5
48;73;nan;0.0;0.0;271.0;0.0;271.0;0;5
48;74;nan;0.0;0.0;271.0;0.0;271.0;0;5
48;75;nan;0.0;0.0;271.0;0.0;271.0;0;5
48;76;nan;0.0;0.0;271.0;0.0;271.0;0;5
48;77;nan;0.0;0.0;271.0;0.0;271.0;0;5
48;78;nan;0.0;0.0;271.0;0.0;271.0;0;5
48;79;nan;0.0;0.0;271.0;0.0;271.0;0;5
48;80;nan;0.0;0.0;271.0;0.0;271.0;0;5
48;81;nan;0.0;0.0;271.0;0.0;271.0;0;5
48;82;nan;0.0;0.0;271.0;0.0;271.0;0;5
48;83;nan;0.0;0.0;271.0;0.0;271.0;0;5
48;84;nan;0.0;0.0;271.0;0.0;271.0;0;5
48;85;nan;0.0;0.0;271.0;0.0;271.0;0;5
48;86;nan;0.0;0.0;271.0;0.0;271.0;0;5
48;87;nan;0.0;0.0;271.0;0.0;271.0;0;5
48;88;nan;0.0;0.0;271.0;0.0;271.0;0;5
48;89;nan;0.0;0.0;271.0;0.0;271.0;0;5
48;90;nan;0.0;0.0;271.0;0.0;271.0;0;5
48;91;nan;0.0;0.0;271.0;0.0;271.0;0;5
48;92;nan;0.0;0.0;271.0;0.0;271.0;0;5
48;93;nan;0.0;0.0;271.0;0.0;271.0;0;5
48;94;nan;0.0;0.0;271.0;0.0;271.0;0;5
48;95;nan;0.0;0.0;271.0;0.0;271.0;0;5
48;96;nan;0.0;0.0;271.0;0.0;271.0;0;5
48;97;nan;0.0;0.0;271.0;0.0;271.0;0;5
48;98;nan;0.0;0.0;271.0;0.0;271.0;0;5
48;99;nan;0.0;0.0;271.0;0.0;271.0;0;5
48;100;nan;0.0;0.0;271.0;0.0;271.0;0;5
48;101;nan;0.0;0.0;271.0;0.0;271.0;0;5
48;102;nan;0.0;0.0;271.0;0.0;271.0;0;5
48;103;nan;0.0;0.0;271.0;0.0;271.0;0;5
48;104;nan;0.0;0.0;271.0;0.0;271.0;0;5
48;105;14.3;25.4;63.0;296.3;0.1;271.0;0;5
48;106;9.7;37.5;87.0;303.3;0.1;271.0;0;5
48;107;7.9;46.2;108.0;305.9;0.2;271.0;0;5
48;108;18.3;19.3;47.0;285.9;0.1;271.0;0;5
48;109;nan;0.0;0.0;271.0;0.0;271.0;0;5
48;110;nan;0.0;0.0;271.0;0.0;271.0;0;5
48;111;nan;0.0;0.0;271.0;0.0;271.0;0;5
48;112;nan;0.0;0.0;271.0;0.0;271.0;0;5
48;113;nan;0.0;0.0;271.0;0.0;271.0;0;5
48;114;nan;0.0;0.0;271.0;0.0;271.0;0;5
48;115;nan;0.0;0.0;271.0;0.0;271.0;0;5
48;116;nan;0.0;0.0;271.0;0.0;271.0;0;5
48;117;nan;0.0;0.0;271.0;0.0;271.0;0;5
48;118;nan;0.0;0.0;271.0;0.0;271.0;0;5
48;119;nan;0.0;0.0;271.0;0.0;271.0;0;5
48;120;nan;0.0;0.0;271.0;0.0;271.0;0;5
48;121;nan;0.0;0.0;271.0;0.0;271.0;0;5
48;122;nan;0.0;0.0;271.0;0.0;271.0;0;5
48;123;nan;0.0;0.0;271.0;0.0;271.0;0;5
48;124;nan;0.0;0.0;271.0;0.0;271.0;0;5
48;125;nan;0.0;0.0;271.0;0.0;271.0;0;5
48;126;nan;0.0;0.0;271.0;0.0;271.0;0;5
48;127;nan;0.0;0.0;271.0;0.0;271.0;0;5
48;128;nan;0.0;0.0;271.0;0.0;271.0;0;5
48;129;nan;0.0;0.0;271.0;0.0;271.0;0;5
48;130;nan;0.0;0.0;271.0;0.0;271.0;0;5
48;131;nan;0.0;0.0;271.0;0.0;271.0;0;5
48;132;nan;0.0;0.0;271.0;0.0;271.0;0;5
48;133;nan;0.0;0.0;271.0;0.0;271.0;0;5
48;134;nan;0.0;0.0;271.0;0.0;271.0;0;5
48;135;nan;0.0;0.0;271.0;0.0;271.0;0;5
48;136;nan;0.0;0.0;271.0;0.0;271.0;0;5
48;137;nan;0.0;0.0;271.0;0.0;271.0;0;5
48;138;nan;0.0;0.0;271.0;0.0;271.0;0;5
48;139;nan;0.0;0.0;271.0;0.0;271.0;0;5
48;140;nan;0.0;0.0;271.0;0.0;271.0;0;5
48;141;nan;0.0;0.0;271.0;0.0;271.0;0;5
48;142;nan;0.0;0.0;271.0;0.0;271.0;0;5
48;143;nan;0.0;0.0;271.0;0.0;271.0;0;5
48;144;nan;0.0;0.0;271.0;0.0;271.0;0;5
48;145;nan;0.0;0.0;271.0;0.0;271.0;0;5
48;146;nan;0.0;0.0;271.0;0.0;271.0;0;5
48;147;nan;0.0;0.0;271.0;0.0;271.0;0;5
48;148;nan;0.0;0.0;271.0;0.0;271.0;0;5
48;149;nan;0.0;0.0;271.0;0.0;271.0;0;5
49;0;5.9;81.9;195.0;417.1;0.2;283.0;1;1
49;1;7.0;64.7;156.0;383.7;0.2;278.0;1;2
49;2;6.3;74.7;180.0;403.9;0.2;278.0;0;2
49;3;6.3;73.9;168.0;400.7;0.2;278.0;0;2
49;4;6.9;66.6;155.0;390.4;0.2;278.0;0;2
49;5;6.8;66.5;161.0;386.3;0.2;278.0;0;2
49;6;7.3;62.4;146.0;384.3;0.2;278.0;0;2
49;7;7.4;59.9;158.0;375.0;0.2;278.0;0;2
49;8;7.3;61.5;156.0;378.3;0.2;278.0;0;2
49;9;7.9;55.9;139.0;371.3;0.2;277.0;1;3
49;10;6.9;65.6;159.0;383.9;0.2;277.0;0;3
49;11;8.2;52.6;125.0;362.4;0.1;274.0;1;4
49;12;7.6;58.5;141.0;375.1;0.2;274.0;0;4
49;13;8.8;48.5;119.0;357.3;0.1;274.0;0;4
49;14;10.4;39.9;107.0;344.3;0.1;274.0;0;4
49;15;11.3;36.5;90.0;339.7;0.1;274.0;0;4
49;16;10.7;38.8;96.0;344.7;0.1;274.0;0;4
49;17;9.8;42.7;110.0;349.4;0.1;274.0;0;4
49;18;9.9;43.8;110.0;360.6;0.1;274.0;0;4
49;19;9.5;44.4;105.0;352.3;0.1;274.0;0;4
49;20;10.2;38.4;89.0;325.0;0.1;273.0;1;5
49;21;12.5;31.2;73.0;320.3;0.1;273.0;0;5
49;22;12.8;29.7;73.0;312.1;0.1;273.0;0;5
49;23;20.0;18.4;44.0;297.3;0.1;273.0;0;5
49;24;39.9;9.1;20.0;286.3;0.0;273.0;0;5
49;25;46.0;7.8;18.0;285.1;0.0;273.0;0;5
49;26;89.7;4.0;11.0;281.6;0.0;273.0;0;5
49;27;94.6;3.8;9.0;280.4;0.0;273.0;0;5
49;28;86.8;4.1;9.0;277.6;0.0;273.0;0;5
49;29;100.0;0.3;1.0;275.1;0.0;273.0;0;5
49;30;100.0;1.4;4.0;275.6;0.0;273.0;0;5
49;31;83.6;4.3;9.0;279.9;0.0;273.0;0;5
49;32;nan;0.0;0.0;275.0;0.0;273.0;0;5
49;33;nan;0.0;0.0;275.0;0.0;273.0;0;5
49;34;nan;0.0;0.0;275.0;0.0;273.0;0;5
49;35;nan;0.0;0.0;275.0;0.0;273.0;0;5
49;36;nan;0.0;0.0;275.0;0.0;273.0;0;5
49;37;nan;0.0;0.0;275.0;0.0;273.0;0;5
49;38;nan;0.0;0.0;275.0;0.0;273.0;0;5
49;39;nan;0.0;0.0;275.0;0.0;273.0;0;5
49;40;nan;0.0;0.0;275.0;0.0;273.0;0;5
49;41;nan;0.0;0.0;275.0;0.0;273.0;0;5
49;42;nan;0.0;0.0;275.0;0.0;273.0;0;5
49;43;nan;0.0;0.0;275.0;0.0;273.0;0;5
49;44;nan;0.0;0.0;275.0;0.0;273.0;0;5
49;45;nan;0.0;0.0;275.0;0.0;273.0;0;5
49;46;nan;0.0;0.0;275.0;0.0;273.0;0;5
49;47;nan;0.0;0.0;275.0;0.0;273.0;0;5
49;48;nan;0.0;0.0;275.0;0.0;273.0;0;5
49;49;nan;0.0;0.0;275.0;0.0;273.0;0;5
49;50;nan;0.0;0.0;275.0;0.0;273.0;0;5
49;51;nan;0.0;0.0;275.0;0.0;273.0;0;5
49;52;nan;0.0;0.0;275.0;0.0;273.0;0;5
49;53;nan;0.0;0.0;275.0;0.0;273.0;0;5
49;54;nan;0.0;0.0;275.0;0.0;273.0;0;5
49;55;nan;0.0;0.0;275.0;0.0;273.0;0;5
49;56;nan;0.0;0.0;275.0;0.0;273.0;0;5
49;57;nan;0.0;0.0;275.0;0.0;273.0;0;5
49;58;nan;0.0;0.0;275.0;0.0;273.0;0;5
49;59;nan;0.0;0.0;275.0;0.0;273.0;0;5
49;60;nan;0.0;0.0;275.0;0.0;273.0;0;5
49;61;nan;0.0;0.0;275.0;0.0;273.0;0;5
49;62;nan;0.0;0.0;275.0;0.0;273.0;0;5
49;63;nan;0.0;0.0;275.0;0.0;273.0;0;5
49;64;nan;0.0;0.0;275.0;0.0;273.0;0;5
49;65;nan;0.0;0.0;275.0;0.0;273.0;0;5
49;66;6.6;59.0;130.0;333.4;0.2;273.0;0;5
49;67;7.4;52.2;119.0;326.4;0.2;273.0;0;5
49;68;7.7;49.6;109.0;324.0;0.2;273.0;0;5
49;69;7.8;48.2;102.0;316.7;0.2;271.0;1;6
49;70;10.0;36.8;79.0;306.7;0.1;271.0;0;6
49;71;18.1;19.9;52.0;292.6;0.1;271.0;0;6
49;72;28.3;12.6;35.0;284.6;0.0;271.0;0;6
49;73;26.4;13.5;42.0;286.0;0.0;271.0;0;6
49;74;94.5;3.7;8.0;275.0;0.0;271.0;0;6
49;75;48.0;7.3;20.0;276.7;0.0;271.0;0;6
49;76;88.2;4.0;8.0;274.4;0.0;271.0;0;6
49;77;nan;0.0;0.0;271.0;0.0;271.0;0;6
49;78;nan;0.0;0.0;271.0;0.0;271.0;0;6
49;79;nan;0.0;0.0;271.0;0.0;271.0;0;6
49;80;nan;0.0;0.0;271.0;0.0;271.0;0;6
49;81;nan;0.0;0.0;271.0;0.0;271.0;0;6
49;82;nan;0.0;0.0;271.0;0.0;271.0;0;6
49;83;nan;0.0;0.0;271.0;0.0;271.0;0;6
49;84;nan;0.0;0.0;271.0;0.0;271.0;0;6
49;85;nan;0.0;0.0;271.0;0.0;271.0;0;6
49;86;nan;0.0;0.0;271.0;0.0;271.0;0;6
49;87;nan;0.0;0.0;271.0;0.0;271.0;0;6
49;88;nan;0.0;0.0;271.0;0.0;271.0;0;6
49;89;nan;0.0;0.0;271.0;0.0;271.0;0;6
49;90;nan;0.0;0.0;271.0;0.0;271.0;0;6
49;91;nan;0.0;0.0;271.0;0.0;271.0;0;6
49;92;nan;0.0;0.0;271.0;0.0;271.0;0;6
49;93;nan;0.0;0.0;271.0;0.0;271.0;0;6
49;94;nan;0.0;0.0;271.0;0.0;271.0;0;6
49;95;nan;0.0;0.0;271.0;0.0;271.0;0;6
49;96;nan;0.0;0.0;271.0;0.0;271.0;0;6
49;97;nan;0.0;0.0;271.0;0.0;271.0;0;6
49;98;nan;0.0;0.0;271.0;0.0;271.0;0;6
49;99;nan;0.0;0.0;271.0;0.0;271.0;0;6
49;100;nan;0.0;0.0;271.0;0.0;271.0;0;6
49;101;nan;0.0;0.0;271.0;0.0;271.0;0;6
49;102;nan;0.0;0.0;271.0;0.0;271.0;0;6
49;103;nan;0.0;0.0;271.0;0.0;271.0;0;6
49;104;nan;0.0;0.0;271.0;0.0;271.0;0;6
49;105;nan;0.0;0.0;271.0;0.0;271.0;0;6
49;106;nan;0.0;0.0;271.0;0.0;271.0;0;6
49;107;nan;0.0;0.0;271.0;0.0;271.0;0;6
49;108;nan;0.0;0.0;271.0;0.0;271.0;0;6
49;109;nan;0.0;0.0;271.0;0.0;271.0;0;6
49;110;nan;0.0;0.0;271.0;0.0;271.0;0;6
49;111;nan;0.0;0.0;271.0;0.0;271.0;0;6
49;112;nan;0.0;0.0;271.0;0.0;271.0;0;6
49;113;nan;0.0;0.0;271.0;0.0;271.0;0;6
49;114;nan;0.0;0.0;271.0;0.0;271.0;0;6
49;115;11.6;31.3;72.0;300.7;0.1;271.0;0;6
49;116;20.6;17.2;41.0;284.9;0.1;271.0;0;6
49;117;29.4;12.0;33.0;281.3;0.0;271.0;0;6
49;118;nan;0.0;0.0;271.0;0.0;271.0;0;6
49;119;nan;0.0;0.0;271.0;0.0;271.0;0;6
49;120;nan;0.0;0.0;271.0;0.0;271.0;0;6
49;121;nan;0.0;0.0;271.0;0.0;271.0;0;6
49;122;nan;0.0;0.0;271.0;0.0;271.0;0;6
49;123;nan;0.0;0.0;271.0;0.0;271.0;0;6
49;124;nan;0.0;0.0;271.0;0.0;271.0;0;6
49;125;nan;0.0;0.0;271.0;0.0;271.0;0;6
49;126;nan;0.0;0.0;271.0;0.0;271.0;0;6
49;127;nan;0.0;0.0;271.0;0.0;271.0;0;6
49;128;nan;0.0;0.0;271.0;0.0;271.0;0;6
49;129;nan;0.0;0.0;271.0;0.0;271.0;0;6
49;130;nan;0.0;0.0;271.0;0.0;271.0;0;6
49;131;nan;0.0;0.0;271.0;0.0;271.0;0;6
49;132;nan;0.0;0.0;271.0;0.0;271.0;0;6
49;133;nan;0.0;0.0;271.0;0.0;271.0;0;6
49;134;nan;0.0;0.0;271.0;0.0;271.0;0;6
49;135;nan;0.0;0.0;271.0;0.0;271.0;0;6
49;136;nan;0.0;0.0;271.0;0.0;271.0;0;6
49;137;nan;0.0;0.0;271.0;0.0;271.0;0;6
49;138;nan;0.0;0.0;271.0;0.0;271.0;0;6
49;139;nan;0.0;0.0;271.0;0.0;271.0;0;6
49;140;nan;0.0;0.0;271.0;0.0;271.0;0;6
49;141;nan;0.0;0.0;271.0;0.0;271.0;0;6
49;142;nan;0.0;0.0;271.0;0.0;271.0;0;6
49;143;nan;0.0;0.0;271.0;0.0;271.0;0;6
49;144;nan;0.0;0.0;271.0;0.0;271.0;0;6
49;145;nan;0.0;0.0;271.0;0.0;271.0;0;6
49;146;nan;0.0;0.0;271.0;0.0;271.0;0;6
49;147;nan;0.0;0.0;271.0;0.0;271.0;0;6
49;148;nan;0.0;0.0;271.0;0.0;271.0;0;6
49;149;nan;0.0;0.0;271.0;0.0;271.0;0;6
50;0;6.7;68.4;156.0;391.6;0.2;283.0;1;1
50;1;6.0;78.6;187.0;405.7;0.2;282.0;1;2
50;2;6.1;76.8;187.0;402.4;0.2;281.0;1;3
50;3;7.5;58.9;156.0;376.0;0.2;281.0;0;3
50;4;8.4;51.8;128.0;363.9;0.1;281.0;0;3
50;5;6.8;66.9;166.0;387.0;0.2;277.0;1;4
50;6;7.0;62.8;160.0;375.9;0.2;275.0;1;5
50;7;6.5;69.0;166.0;386.1;0.2;273.0;1;6
50;8;7.5;60.5;147.0;383.7;0.2;273.0;0;6
50;9;8.3;51.8;135.0;361.6;0.1;273.0;0;6
50;10;7.2;60.4;148.0;371.4;0.2;273.0;0;6
50;11;6.5;68.0;161.0;375.9;0.2;271.0;1;7
50;12;7.7;55.7;143.0;363.6;0.2;271.0;0;7
50;13;9.5;43.4;114.0;344.0;0.1;271.0;0;7
50;14;9.6;44.2;108.0;353.9;0.1;271.0;0;7
50;15;8.4;51.6;126.0;364.0;0.1;271.0;0;7
50;16;7.9;54.0;141.0;360.0;0.2;271.0;0;7
50;17;10.6;38.8;95.0;339.4;0.1;271.0;0;7
50;18;12.5;31.4;85.0;322.4;0.1;271.0;0;7
50;19;10.6;38.0;97.0;334.1;0.1;271.0;0;7
50;20;11.5;33.3;75.0;315.9;0.1;271.0;0;7
50;21;16.3;22.7;55.0;300.9;0.1;271.0;0;7
50;22;23.1;16.0;35.0;297.4;0.1;271.0;0;7
50;23;15.5;23.8;63.0;299.1;0.1;271.0;0;7
50;24;26.0;14.1;35.0;294.3;0.0;271.0;0;7
50;25;75.1;4.8;12.0;283.7;0.0;271.0;0;7
50;26;84.8;4.3;10.0;283.9;0.0;271.0;0;7
50;27;75.5;4.8;10.0;284.9;0.0;271.0;0;7
50;28;66.9;5.4;13.0;284.4;0.0;271.0;0;7
50;29;69.2;5.2;13.0;283.7;0.0;271.0;0;7
50;30;73.1;4.9;10.0;284.7;0.0;271.0;0;7
50;31;76.1;4.7;10.0;284.4;0.0;271.0;0;7
50;32;92.0;3.9;10.0;283.3;0.0;271.0;0;7
50;33;73.1;4.9;10.0;284.7;0.0;271.0;0;7
50;34;55.8;6.4;13.0;283.4;0.0;271.0;0;7
50;35;76.1;4.7;10.0;284.4;0.0;271.0;0;7
50;36;59.9;6.0;13.0;283.9;0.0;271.0;0;7
50;37;59.9;6.0;13.0;283.9;0.0;271.0;0;7
50;38;65.3;5.5;13.0;284.3;0.0;271.0;0;7
50;39;65.3;5.5;13.0;284.3;0.0;271.0;0;7
50;40;55.8;6.4;13.0;283.4;0.0;271.0;0;7
50;41;55.4;6.4;13.0;281.6;0.0;271.0;0;7
50;42;65.3;5.5;13.0;284.3;0.0;271.0;0;7
50;43;58.4;6.1;13.0;283.0;0.0;271.0;0;7
50;44;72.3;4.9;10.0;281.7;0.0;271.0;0;7
50;45;nan;0.0;0.0;276.0;0.0;271.0;0;7
50;46;nan;0.0;0.0;276.0;0.0;271.0;0;7
50;47;nan;0.0;0.0;276.0;0.0;271.0;0;7
50;48;nan;0.0;0.0;276.0;0.0;271.0;0;7
50;49;nan;0.0;0.0;276.0;0.0;271.0;0;7
50;50;nan;0.0;0.0;276.0;0.0;271.0;0;7
50;51;nan;0.0;0.0;276.0;0.0;271.0;0;7
50;52;nan;0.0;0.0;276.0;0.0;271.0;0;7
50;53;nan;0.0;0.0;276.0;0.0;271.0;0;7
50;54;nan;0.0;0.0;276.0;0.0;271.0;0;7
50;55;nan;0.0;0.0;276.0;0.0;271.0;0;7
50;56;nan;0.0;0.0;276.0;0.0;271.0;0;7
50;57;8.2;49.4;111.0;339.3;0.1;271.0;0;7
50;58;6.8;56.9;126.0;329.6;0.2;271.0;0;7
50;59;8.2;46.4;108.0;319.1;0.1;271.0;0;7
50;60;8.1;46.6;107.0;316.6;0.1;271.0;0;7
50;61;7.0;55.1;119.0;328.1;0.2;271.0;0;7
50;62;7.5;50.9;115.0;324.3;0.2;271.0;0;7
50;63;10.8;34.4;81.0;308.0;0.1;271.0;0;7
50;64;10.4;35.5;78.0;306.1;0.1;271.0;0;7
50;65;15.9;22.9;60.0;296.4;0.1;271.0;0;7
50;66;21.5;16.9;43.0;292.1;0.1;271.0;0;7
50;67;15.7;23.3;54.0;297.7;0.1;271.0;0;7
50;68;29.3;12.3;28.0;287.3;0.0;271.0;0;7
50;69;16.6;22.1;57.0;296.9;0.1;271.0;0;7
50;70;17.6;20.8;49.0;296.1;0.1;271.0;0;7
50;71;30.2;11.8;29.0;284.6;0.0;271.0;0;7
50;72;28.7;12.6;28.0;288.9;0.0;271.0;0;7
50;73;28.7;12.6;27.0;288.6;0.0;271.0;0;7
50;74;100.0;2.4;7.0;277.0;0.0;271.0;0;7
50;75;nan;0.0;0.0;276.0;0.0;271.0;0;7
50;76;nan;0.0;0.0;276.0;0.0;271.0;0;7
50;77;nan;0.0;0.0;276.0;0.0;271.0;0;7
50;78;nan;0.0;0.0;276.0;0.0;271.0;0;7
50;79;nan;0.0;0.0;276.0;0.0;271.0;0;7
50;80;nan;0.0;0.0;276.0;0.0;271.0;0;7
50;81;nan;0.0;0.0;276.0;0.0;271.0;0;7
50;82;nan;0.0;0.0;276.0;0.0;271.0;0;7
50;83;nan;0.0;0.0;276.0;0.0;271.0;0;7
50;84;nan;0.0;0.0;276.0;0.0;271.0;0;7
50;85;nan;0.0;0.0;276.0;0.0;271.0;0;7
50;86;nan;0.0;0.0;276.0;0.0;271.0;0;7
50;87;nan;0.0;0.0;276.0;0.0;271.0;0;7
50;88;nan;0.0;0.0;276.0;0.0;271.0;0;7
50;89;nan;0.0;0.0;276.0;0.0;271.0;0;7
50;90;nan;0.0;0.0;276.0;0.0;271.0;0;7
50;91;nan;0.0;0.0;276.0;0.0;271.0;0;7
50;92;nan;0.0;0.0;276.0;0.0;271.0;0;7
50;93;nan;0.0;0.0;276.0;0.0;271.0;0;7
50;94;nan;0.0;0.0;276.0;0.0;271.0;0;7
50;95;nan;0.0;0.0;276.0;0.0;271.0;0;7
50;96;nan;0.0;0.0;276.0;0.0;271.0;0;7
50;97;nan;0.0;0.0;276.0;0.0;271.0;0;7
50;98;nan;0.0;0.0;276.0;0.0;271.0;0;7
50;99;nan;0.0;0.0;276.0;0.0;271.0;0;7
50;100;nan;0.0;0.0;276.0;0.0;271.0;0;7
50;101;nan;0.0;0.0;276.0;0.0;271.0;0;7
50;102;10.1;35.7;85.0;301.1;0.1;271.0;0;7
50;103;10.6;34.5;78.0;303.4;0.1;271.0;0;7
50;104;19.0;19.1;48.0;293.1;0.1;271.0;0;7
50;105;21.3;16.9;41.0;290.0;0.1;271.0;0;7
50;106;13.4;26.8;71.0;293.7;0.1;271.0;0;7
50;107;38.6;9.2;22.0;282.0;0.0;271.0;0;7
50;108;100.0;1.8;4.0;277.1;0.0;271.0;0;7
50;109;100.0;3.1;9.0;277.6;0.0;271.0;0;7
50;110;nan;0.0;0.0;276.0;0.0;271.0;0;7
50;111;nan;0.0;0.0;276.0;0.0;271.0;0;7
50;112;nan;0.0;0.0;276.0;0.0;271.0;0;7
50;113;nan;0.0;0.0;276.0;0.0;271.0;0;7
50;114;nan;0.0;0.0;276.0;0.0;271.0;0;7
50;115;nan;0.0;0.0;276.0;0.0;271.0;0;7
50;116;nan;0.0;0.0;276.0;0.0;271.0;0;7
50;117;nan;0.0;0.0;276.0;0.0;271.0;0;7
50;118;nan;0.0;0.0;276.0;0.0;271.0;0;7
50;119;nan;0.0;0.0;276.0;0.0;271.0;0;7
50;120;nan;0.0;0.0;276.0;0.0;271.0;0;7
50;121;nan;0.0;0.0;276.0;0.0;271.0;0;7
50;122;nan;0.0;0.0;276.0;0.0;271.0;0;7
50;123;nan;0.0;0.0;276.0;0.0;271.0;0;7
50;124;nan;0.0;0.0;276.0;0.0;271.0;0;7
50;125;nan;0.0;0.0;276.0;0.0;271.0;0;7
50;126;nan;0.0;0.0;276.0;0.0;271.0;0;7
50;127;nan;0.0;0.0;276.0;0.0;271.0;0;7
50;128;nan;0.0;0.0;276.0;0.0;271.0;0;7
50;129;nan;0.0;0.0;276.0;0.0;271.0;0;7
50;130;nan;0.0;0.0;276.0;0.0;271.0;0;7
50;131;nan;0.0;0.0;276.0;0.0;271.0;0;7
50;132;nan;0.0;0.0;276.0;0.0;271.0;0;7
50;133;nan;0.0;0.0;276.0;0.0;271.0;0;7
50;134;nan;0.0;0.0;276.0;0.0;271.0;0;7
50;135;nan;0.0;0.0;276.0;0.0;271.0;0;7
50;136;nan;0.0;0.0;276.0;0.0;271.0;0;7
50;137;nan;0.0;0.0;276.0;0.0;271.0;0;7
50;138;nan;0.0;0.0;276.0;0.0;271.0;0;7
50;139;nan;0.0;0.0;276.0;0.0;271.0;0;7
50;140;nan;0.0;0.0;276.0;0.0;271.0;0;7
50;141;nan;0.0;0.0;276.0;0.0;271.0;0;7
50;142;nan;0.0;0.0;276.0;0.0;271.0;0;7
50;143;nan;0.0;0.0;276.0;0.0;271.0;0;7
50;144;nan;0.0;0.0;276.0;0.0;271.0;0;7
50;145;nan;0.0;0.0;276.0;0.0;271.0;0;7
50;146;nan;0.0;0.0;276.0;0.0;271.0;0;7
50;147;9.1;39.1;116.0;296.3;0.1;271.0;0;7
50;148;20.0;17.6;56.0;285.0;0.1;271.0;0;7
50;149;15.5;22.6;68.0;284.7;0.1;271.0;0;7
