param;value
filename;./inputData/Teresina200n.car
base_seed;1
nRuns;51
iterations;100
antsN;120
stagnation;30
favorites;60
gbPeriod;0
rhoNodes;0.1
rhoCars;0.1
rhoPass;0.1
alphaNodes;1.5
alphaCars;1.5
alphaPass;1.5
betaNodes;1.2
betaCars;1.2
betaPass;1.1
maxMinCars;0
maxMinNodes;0
pBestCars;0
useTBAS;0
sampleCars;1
enforceNoRerent;1
returnFactorCars;0
epsilonEtaCars;1e-06
smGammaCars;0.7
restartTargetCars;mid
exploreCars;0
exploreItersCars;20
exploreRhoMultCars;2
policyQ0;0.1
adaptiveQ0;1
q0Start;0.2
q0End;0.9
eliteKAnts;7
lsTopW;0
lsQuality;High
useReinsertion;1
reinsertionMaxPasses;5
dpCacheCapacity;5000
dpMaxSegmentLenOffset;5
intensifierEnabled;1
intensifierMaxStagnationIterations;3
intensifierResetPheromonesCount;2
intensifierPheromoneReductionGamma;0.3
intensifierArchiveAndResetBest;1
ablationDisableAntDepositsDuringIntensification;0
ablationResetPheromonesOnIntensifierActivation;0
ablationIntensifierOnlyNoAnts;0
ablationIntensifierOnlyRandomInitialTour;0
runSeeds;run0=9176377229071207081,run1=76241568449944305,run2=11569656429252920891,run3=8006770736520076435,run4=10222608011239175760,run5=83674907983555125,run6=16633518659454552880,run7=3348662810425028053,run8=1625020296661546126,run9=8722260422266777814,run10=18422523289718600251,run11=12120595211417451604,run12=11180516292616150398,run13=13235578871255005297,run14=17784125318686945540,run15=15956506419893335137,run16=2899130862535483918,run17=11850605890185619915,run18=13353388233111958045,run19=6644193456908987648,run20=9748498986499756733,run21=9610614758425770644,run22=16467222360164019310,run23=11726302834367551336,run24=8896860786397106362,run25=6737285527070588895,run26=11634350522773239934,run27=7808547232002136844,run28=3287009989320200796,run29=8484872300069380217,run30=8138020970177873692,run31=16735953543485209995,run32=957827445528146549,run33=9178821638437730898,run34=2354512119315649564,run35=10160966691791677292,run36=27474500062045820,run37=7844575079918988844,run38=15524044195614787644,run39=4980590106503615414,run40=3943098024137922559,run41=141425323448007506,run42=16001952662412044218,run43=6069959457317431616,run44=2033442876187297925,run45=7223543130371895193,run46=4350234967155519396,run47=10524526614539617298,run48=3004527168784687515,run49=3975454624479931874,run50=1666912681748276242
stagnationEvents;run0=2,run1=2,run2=1,run3=2,run4=2,run5=2,run6=2,run7=2,run8=2,run9=2,run10=2,run11=2,run12=2,run13=2,run14=2,run15=2,run16=2,run17=2,run18=2,run19=2,run20=2,run21=2,run22=2,run23=2,run24=2,run25=1,run26=2,run27=1,run28=2,run29=2,run30=2,run31=2,run32=2,run33=2,run34=2,run35=2,run36=2,run37=2,run38=2,run39=2,run40=2,run41=2,run42=2,run43=2,run44=2,run45=2,run46=2,run47=2,run48=2,run49=2,run50=2
lkCalls;run0=2,run1=2,run2=1,run3=2,run4=2,run5=2,run6=2,run7=2,run8=2,run9=2,run10=2,run11=2,run12=2,run13=2,run14=2,run15=2,run16=2,run17=2,run18=2,run19=2,run20=2,run21=2,run22=2,run23=2,run24=2,run25=1,run26=2,run27=1,run28=2,run29=2,run30=2,run31=2,run32=2,run33=2,run34=2,run35=2,run36=2,run37=2,run38=2,run39=2,run40=2,run41=2,run42=2,run43=2,run44=2,run45=2,run46=2,run47=2,run48=2,run49=2,run50=2
lkSuccess;run0=0,run1=0,run2=0,run3=0,run4=0,run5=0,run6=0,run7=0,run8=0,run9=0,run10=0,run11=0,run12=0,run13=0,run14=0,run15=0,run16=0,run17=0,run18=0,run19=0,run20=0,run21=0,run22=0,run23=0,run24=0,run25=0,run26=0,run27=0,run28=0,run29=0,run30=0,run31=0,run32=0,run33=0,run34=0,run35=0,run36=0,run37=0,run38=0,run39=0,run40=0,run41=0,run42=0,run43=0,run44=0,run45=0,run46=0,run47=0,run48=0,run49=0,run50=0
tOptCalls;run0=0,run1=0,run2=0,run3=0,run4=0,run5=0,run6=0,run7=0,run8=0,run9=0,run10=0,run11=0,run12=0,run13=0,run14=0,run15=0,run16=0,run17=0,run18=0,run19=0,run20=0,run21=0,run22=0,run23=0,run24=0,run25=0,run26=0,run27=0,run28=0,run29=0,run30=0,run31=0,run32=0,run33=0,run34=0,run35=0,run36=0,run37=0,run38=0,run39=0,run40=0,run41=0,run42=0,run43=0,run44=0,run45=0,run46=0,run47=0,run48=0,run49=0,run50=0
tOptSuccess;run0=0,run1=0,run2=0,run3=0,run4=0,run5=0,run6=0,run7=0,run8=0,run9=0,run10=0,run11=0,run12=0,run13=0,run14=0,run15=0,run16=0,run17=0,run18=0,run19=0,run20=0,run21=0,run22=0,run23=0,run24=0,run25=0,run26=0,run27=0,run28=0,run29=0,run30=0,run31=0,run32=0,run33=0,run34=0,run35=0,run36=0,run37=0,run38=0,run39=0,run40=0,run41=0,run42=0,run43=0,run44=0,run45=0,run46=0,run47=0,run48=0,run49=0,run50=0
kickCalls;run0=2,run1=2,run2=1,run3=2,run4=2,run5=2,run6=2,run7=2,run8=2,run9=2,run10=2,run11=2,run12=2,run13=2,run14=2,run15=2,run16=2,run17=2,run18=2,run19=2,run20=2,run21=2,run22=2,run23=2,run24=2,run25=1,run26=2,run27=1,run28=2,run29=2,run30=2,run31=2,run32=2,run33=2,run34=2,run35=2,run36=2,run37=2,run38=2,run39=2,run40=2,run41=2,run42=2,run43=2,run44=2,run45=2,run46=2,run47=2,run48=2,run49=2,run50=2
kickSuccess;run0=0,run1=0,run2=0,run3=0,run4=0,run5=0,run6=0,run7=0,run8=0,run9=0,run10=0,run11=0,run12=0,run13=0,run14=0,run15=0,run16=0,run17=0,run18=0,run19=0,run20=0,run21=0,run22=0,run23=0,run24=0,run25=0,run26=0,run27=0,run28=0,run29=0,run30=0,run31=0,run32=0,run33=0,run34=0,run35=0,run36=0,run37=0,run38=0,run39=0,run40=0,run41=0,run42=0,run43=0,run44=0,run45=0,run46=0,run47=0,run48=0,run49=0,run50=0
cacheEvalHitRate;run0=0.07%,run1=1.25%,run2=0.35%,run3=0.12%,run4=2.65%,run5=0.00%,run6=0.52%,run7=0.52%,run8=0.00%,run9=0.00%,run10=0.02%,run11=0.02%,run12=1.72%,run13=0.50%,run14=0.22%,run15=1.55%,run16=0.12%,run17=0.47%,run18=0.00%,run19=1.27%,run20=0.15%,run21=0.97%,run22=3.17%,run23=0.07%,run24=0.87%,run25=0.00%,run26=0.00%,run27=0.35%,run28=0.17%,run29=0.35%,run30=0.15%,run31=0.00%,run32=1.02%,run33=0.00%,run34=0.42%,run35=0.00%,run36=0.97%,run37=0.00%,run38=0.07%,run39=0.10%,run40=2.42%,run41=0.00%,run42=0.02%,run43=0.00%,run44=1.35%,run45=0.00%,run46=1.62%,run47=1.22%,run48=0.05%,run49=0.12%,run50=0.52%
cacheReasHitRate;run0=36.43%,run1=37.19%,run2=36.05%,run3=36.53%,run4=39.09%,run5=36.87%,run6=36.87%,run7=36.96%,run8=36.91%,run9=36.85%,run10=36.79%,run11=36.67%,run12=38.18%,run13=36.84%,run14=36.56%,run15=37.25%,run16=36.61%,run17=36.45%,run18=36.70%,run19=36.94%,run20=36.61%,run21=36.99%,run22=37.80%,run23=36.87%,run24=36.82%,run25=36.08%,run26=36.79%,run27=36.05%,run28=36.66%,run29=36.56%,run30=36.70%,run31=36.39%,run32=37.27%,run33=36.62%,run34=36.87%,run35=36.84%,run36=36.96%,run37=36.94%,run38=36.79%,run39=36.74%,run40=38.26%,run41=36.76%,run42=36.82%,run43=36.79%,run44=37.56%,run45=36.87%,run46=36.99%,run47=36.74%,run48=36.79%,run49=36.84%,run50=36.93%
lkSuccessRate;run0=0.00% (cache:0.1%),run1=0.00% (cache:1.2%),run2=0.00% (cache:0.3%),run3=0.00% (cache:0.1%),run4=0.00% (cache:2.6%),run5=0.00% (cache:0.0%),run6=0.00% (cache:0.5%),run7=0.00% (cache:0.5%),run8=0.00% (cache:0.0%),run9=0.00% (cache:0.0%),run10=0.00% (cache:0.0%),run11=0.00% (cache:0.0%),run12=0.00% (cache:1.7%),run13=0.00% (cache:0.5%),run14=0.00% (cache:0.2%),run15=0.00% (cache:1.5%),run16=0.00% (cache:0.1%),run17=0.00% (cache:0.5%),run18=0.00% (cache:0.0%),run19=0.00% (cache:1.3%),run20=0.00% (cache:0.1%),run21=0.00% (cache:1.0%),run22=0.00% (cache:3.2%),run23=0.00% (cache:0.1%),run24=0.00% (cache:0.9%),run25=0.00% (cache:0.0%),run26=0.00% (cache:0.0%),run27=0.00% (cache:0.3%),run28=0.00% (cache:0.2%),run29=0.00% (cache:0.3%),run30=0.00% (cache:0.1%),run31=0.00% (cache:0.0%),run32=0.00% (cache:1.0%),run33=0.00% (cache:0.0%),run34=0.00% (cache:0.4%),run35=0.00% (cache:0.0%),run36=0.00% (cache:1.0%),run37=0.00% (cache:0.0%),run38=0.00% (cache:0.1%),run39=0.00% (cache:0.1%),run40=0.00% (cache:2.4%),run41=0.00% (cache:0.0%),run42=0.00% (cache:0.0%),run43=0.00% (cache:0.0%),run44=0.00% (cache:1.3%),run45=0.00% (cache:0.0%),run46=0.00% (cache:1.6%),run47=0.00% (cache:1.2%),run48=0.00% (cache:0.0%),run49=0.00% (cache:0.1%),run50=0.00% (cache:0.5%)
tOptSuccessRate;run0=N/A,run1=N/A,run2=N/A,run3=N/A,run4=N/A,run5=N/A,run6=N/A,run7=N/A,run8=N/A,run9=N/A,run10=N/A,run11=N/A,run12=N/A,run13=N/A,run14=N/A,run15=N/A,run16=N/A,run17=N/A,run18=N/A,run19=N/A,run20=N/A,run21=N/A,run22=N/A,run23=N/A,run24=N/A,run25=N/A,run26=N/A,run27=N/A,run28=N/A,run29=N/A,run30=N/A,run31=N/A,run32=N/A,run33=N/A,run34=N/A,run35=N/A,run36=N/A,run37=N/A,run38=N/A,run39=N/A,run40=N/A,run41=N/A,run42=N/A,run43=N/A,run44=N/A,run45=N/A,run46=N/A,run47=N/A,run48=N/A,run49=N/A,run50=N/A

run;iter;weibull_k;cost_std;cost_range;cost_mean;cost_cv;global_best;improved;cumul_improvements
0;0;9.8;506.6;1352.0;4129.6;0.1;2848.0;1;1
0;1;11.5;439.2;1115.0;4159.0;0.1;2546.0;1;2
0;2;10.5;469.3;1224.0;4086.4;0.1;2276.0;1;3
0;3;10.4;477.4;1114.0;4100.6;0.1;2163.0;1;4
0;4;10.7;463.7;1187.0;4108.7;0.1;1978.0;1;5
0;5;8.6;557.5;1661.0;4001.0;0.1;1848.0;1;6
0;6;13.2;383.0;1068.0;4157.4;0.1;1586.0;1;7
0;7;8.8;545.6;1273.0;4017.9;0.1;1492.0;1;8
0;8;9.9;487.6;1233.0;4016.4;0.1;1453.0;1;9
0;9;11.5;427.5;1240.0;4049.4;0.1;1452.0;1;10
0;10;8.1;588.0;1582.0;4015.7;0.1;1452.0;0;10
0;11;10.3;447.9;1024.0;3835.7;0.1;1452.0;0;10
0;12;12.2;404.9;1025.0;4054.6;0.1;1452.0;0;10
0;13;9.4;499.6;1413.0;3915.6;0.1;1452.0;0;10
0;14;9.7;488.3;1242.0;3934.6;0.1;1452.0;0;10
0;15;12.9;367.2;858.0;3875.9;0.1;1452.0;0;10
0;16;8.5;509.6;1195.0;3617.1;0.1;1452.0;0;10
0;17;7.8;574.8;1527.0;3790.3;0.2;1452.0;0;10
0;18;8.3;531.8;1138.0;3705.3;0.1;1452.0;0;10
0;19;9.3;487.7;1185.0;3793.0;0.1;1452.0;0;10
0;20;7.7;580.0;1340.0;3762.7;0.2;1452.0;0;10
0;21;8.3;529.8;1166.0;3708.9;0.1;1452.0;0;10
0;22;11.0;402.1;1021.0;3661.4;0.1;1452.0;0;10
0;23;8.2;524.5;1299.0;3609.3;0.1;1452.0;0;10
0;24;7.6;542.6;1540.0;3502.1;0.2;1428.0;1;11
0;25;8.8;471.5;1263.0;3469.3;0.1;1424.0;1;12
0;26;6.9;582.8;1414.0;3411.0;0.2;1424.0;0;12
0;27;8.4;478.4;1260.0;3378.1;0.1;1424.0;0;12
0;28;7.5;526.9;1319.0;3344.6;0.2;1424.0;0;12
0;29;7.7;504.2;1188.0;3263.1;0.2;1424.0;0;12
0;30;9.2;419.8;1041.0;3229.4;0.1;1424.0;0;12
0;31;8.1;473.4;1258.0;3225.3;0.1;1424.0;0;12
0;32;8.5;433.1;1096.0;3074.1;0.1;1424.0;0;12
0;33;8.9;411.2;907.0;3067.6;0.1;1424.0;0;12
0;34;7.0;529.9;1333.0;3166.4;0.2;1424.0;0;12
0;35;5.5;650.8;1611.0;3083.9;0.2;1424.0;0;12
0;36;6.6;568.8;1488.0;3191.6;0.2;1424.0;0;12
0;37;7.5;523.3;1206.0;3315.4;0.2;1424.0;0;12
0;38;6.7;560.2;1431.0;3194.0;0.2;1424.0;0;12
0;39;9.0;405.5;1137.0;3060.3;0.1;1424.0;0;12
0;40;10.0;394.2;939.0;3275.4;0.1;1424.0;0;12
0;41;6.5;566.5;1348.0;3154.9;0.2;1424.0;0;12
0;42;6.6;550.6;1296.0;3108.1;0.2;1424.0;0;12
0;43;6.5;564.1;1303.0;3134.0;0.2;1424.0;0;12
0;44;5.9;591.6;1337.0;3017.1;0.2;1424.0;0;12
0;45;7.9;484.1;1244.0;3210.3;0.2;1424.0;0;12
0;46;6.2;555.8;1513.0;2969.6;0.2;1424.0;0;12
0;47;7.2;508.4;1151.0;3125.4;0.2;1424.0;0;12
0;48;8.4;444.5;1026.0;3124.4;0.1;1424.0;0;12
0;49;5.6;611.1;1577.0;2974.9;0.2;1424.0;0;12
0;50;6.8;506.3;1348.0;2915.6;0.2;1424.0;0;12
0;51;6.7;534.0;1256.0;3058.4;0.2;1424.0;0;12
0;52;6.9;452.2;1111.0;2660.6;0.2;1424.0;0;12
0;53;9.1;369.2;889.0;2814.4;0.1;1424.0;0;12
0;54;8.2;420.3;1059.0;2884.6;0.1;1424.0;0;12
0;55;5.9;542.6;1251.0;2745.0;0.2;1424.0;0;12
0;56;5.8;565.8;1426.0;2813.1;0.2;1424.0;0;12
0;57;8.1;429.6;949.0;2940.1;0.1;1424.0;0;12
0;58;6.9;465.0;1125.0;2735.0;0.2;1424.0;0;12
0;59;6.3;504.1;1308.0;2705.6;0.2;1424.0;0;12
0;60;5.4;566.2;1324.0;2634.3;0.2;1424.0;0;12
0;61;6.8;451.8;1226.0;2621.3;0.2;1424.0;0;12
0;62;9.3;354.4;940.0;2759.6;0.1;1424.0;0;12
0;63;9.3;354.7;884.0;2744.1;0.1;1424.0;0;12
0;64;10.4;314.0;866.0;2701.9;0.1;1424.0;0;12
0;65;6.5;436.4;1112.0;2407.9;0.2;1424.0;0;12
0;66;5.8;525.9;1296.0;2624.1;0.2;1424.0;0;12
0;67;5.7;522.5;1456.0;2581.7;0.2;1424.0;0;12
0;68;10.1;322.2;787.0;2702.4;0.1;1424.0;0;12
0;69;9.3;347.5;926.0;2708.1;0.1;1424.0;0;12
0;70;6.9;409.3;1107.0;2403.7;0.2;1424.0;0;12
0;71;5.8;508.1;1297.0;2533.3;0.2;1424.0;0;12
0;72;6.3;479.5;1237.0;2586.4;0.2;1424.0;0;12
0;73;6.2;474.9;1337.0;2509.1;0.2;1424.0;0;12
0;74;6.3;471.7;1235.0;2544.9;0.2;1424.0;0;12
0;75;6.3;482.9;1199.0;2607.4;0.2;1424.0;0;12
0;76;7.5;422.8;1204.0;2692.4;0.2;1424.0;0;12
0;77;6.4;454.7;1201.0;2493.3;0.2;1424.0;0;12
0;78;8.8;354.2;914.0;2604.3;0.1;1424.0;0;12
0;79;9.6;313.3;805.0;2495.4;0.1;1424.0;0;12
0;80;8.0;343.8;972.0;2305.3;0.1;1424.0;0;12
0;81;8.7;315.9;743.0;2290.9;0.1;1424.0;0;12
0;82;11.2;276.6;741.0;2565.1;0.1;1424.0;0;12
0;83;11.9;373.6;983.0;3651.6;0.1;1424.0;0;12
0;84;8.3;490.0;1267.0;3404.1;0.1;1424.0;0;12
0;85;8.8;471.6;1107.0;3484.0;0.1;1424.0;0;12
0;86;8.4;494.6;1354.0;3491.6;0.1;1424.0;0;12
0;87;11.3;387.1;970.0;3611.6;0.1;1424.0;0;12
0;88;9.9;439.6;1219.0;3605.6;0.1;1424.0;0;12
0;89;9.7;400.7;1223.0;3240.9;0.1;1424.0;0;12
0;90;8.8;446.8;1426.0;3299.3;0.1;1424.0;0;12
0;91;9.8;405.4;1287.0;3291.4;0.1;1424.0;0;12
0;92;10.8;351.1;1082.0;3136.6;0.1;1424.0;0;12
0;93;9.0;427.7;1381.0;3203.7;0.1;1424.0;0;12
0;94;12.7;303.8;1028.0;3165.4;0.1;1424.0;0;12
0;95;10.7;358.3;1184.0;3175.6;0.1;1424.0;0;12
0;96;13.5;281.4;917.0;3100.3;0.1;1424.0;0;12
0;97;7.7;447.0;1445.0;2918.1;0.2;1424.0;0;12
0;98;12.3;302.6;971.0;3061.4;0.1;1424.0;0;12
0;99;9.1;390.1;1178.0;2960.1;0.1;1424.0;0;12
1;0;9.5;527.7;1337.0;4179.3;0.1;2959.0;1;1
1;1;11.0;449.4;1040.0;4074.0;0.1;2624.0;1;2
1;2;12.4;413.0;984.0;4205.3;0.1;2412.0;1;3
1;3;12.0;422.8;1057.0;4164.3;0.1;2096.0;1;4
1;4;13.8;364.4;902.0;4122.7;0.1;1909.0;1;5
1;5;11.0;435.0;1124.0;3964.6;0.1;1761.0;1;6
1;6;11.3;436.8;1070.0;4066.4;0.1;1616.0;1;7
1;7;10.0;494.8;1196.0;4106.7;0.1;1514.0;1;8
1;8;9.9;496.9;1298.0;4081.9;0.1;1453.0;1;9
1;9;9.6;501.3;1366.0;4004.6;0.1;1443.0;1;10
1;10;9.7;485.8;1277.0;3909.6;0.1;1443.0;0;10
1;11;8.7;539.8;1346.0;3932.1;0.1;1443.0;0;10
1;12;11.2;428.1;1102.0;3963.6;0.1;1443.0;0;10
1;13;9.6;501.1;1292.0;4013.3;0.1;1443.0;0;10
1;14;9.2;486.6;1119.0;3720.1;0.1;1443.0;0;10
1;15;11.1;413.7;988.0;3791.1;0.1;1443.0;0;10
1;16;8.6;525.4;1282.0;3789.1;0.1;1443.0;0;10
1;17;8.6;506.2;1329.0;3643.7;0.1;1443.0;0;10
1;18;7.5;577.3;1314.0;3651.3;0.2;1443.0;0;10
1;19;11.2;407.1;949.0;3753.7;0.1;1443.0;0;10
1;20;6.6;624.3;1457.0;3499.0;0.2;1443.0;0;10
1;21;7.8;541.7;1231.0;3562.1;0.2;1443.0;0;10
1;22;8.9;464.5;1222.0;3457.6;0.1;1435.0;1;11
1;23;8.6;474.8;1213.0;3438.6;0.1;1435.0;0;11
1;24;7.7;517.1;1142.0;3380.3;0.2;1435.0;0;11
1;25;7.8;510.7;1407.0;3377.6;0.2;1435.0;0;11
1;26;10.9;385.7;856.0;3466.6;0.1;1435.0;0;11
1;27;8.4;483.0;1214.0;3400.4;0.1;1435.0;0;11
1;28;8.1;449.4;1148.0;3070.1;0.1;1435.0;0;11
1;29;5.9;605.1;1361.0;3057.1;0.2;1435.0;0;11
1;30;7.7;492.2;1215.0;3185.3;0.2;1435.0;0;11
1;31;7.7;475.4;1078.0;3091.3;0.2;1435.0;0;11
1;32;9.3;394.9;933.0;3070.7;0.1;1435.0;0;11
1;33;8.8;383.9;977.0;2827.1;0.1;1435.0;0;11
1;34;8.0;410.9;946.0;2777.4;0.1;1428.0;1;12
1;35;7.5;463.9;1204.0;2932.3;0.2;1428.0;0;12
1;36;11.0;306.3;839.0;2779.3;0.1;1428.0;0;12
1;37;11.1;312.5;764.0;2876.9;0.1;1428.0;0;12
1;38;9.6;354.3;905.0;2829.7;0.1;1428.0;0;12
1;39;8.2;387.0;893.0;2674.6;0.1;1428.0;0;12
1;40;9.4;335.3;859.0;2622.9;0.1;1428.0;0;12
1;41;8.2;360.1;834.0;2482.0;0.1;1428.0;0;12
1;42;9.2;331.5;816.0;2542.1;0.1;1428.0;0;12
1;43;12.6;255.4;607.0;2634.4;0.1;1428.0;0;12
1;44;8.7;353.4;904.0;2569.6;0.1;1428.0;0;12
1;45;5.9;509.5;1268.0;2608.4;0.2;1428.0;0;12
1;46;9.2;311.4;796.0;2404.7;0.1;1428.0;0;12
1;47;8.6;348.0;873.0;2502.4;0.1;1428.0;0;12
1;48;8.0;358.7;922.0;2431.3;0.1;1428.0;0;12
1;49;8.2;355.7;793.0;2456.1;0.1;1428.0;0;12
1;50;6.6;434.3;1111.0;2448.6;0.2;1428.0;0;12
1;51;9.4;317.4;777.0;2499.1;0.1;1428.0;0;12
1;52;8.9;317.7;781.0;2375.0;0.1;1428.0;0;12
1;53;6.3;442.7;1223.0;2387.4;0.2;1428.0;0;12
1;54;9.7;285.6;756.0;2310.7;0.1;1428.0;0;12
1;55;9.7;268.5;613.0;2174.3;0.1;1428.0;0;12
1;56;8.2;331.7;824.0;2294.9;0.1;1428.0;0;12
1;57;9.2;291.9;747.0;2234.7;0.1;1428.0;0;12
1;58;10.2;250.5;658.0;2120.6;0.1;1428.0;0;12
1;59;8.0;313.3;825.0;2121.1;0.1;1428.0;0;12
1;60;9.0;284.4;756.0;2148.9;0.1;1428.0;0;12
1;61;8.7;290.5;762.0;2124.4;0.1;1428.0;0;12
1;62;7.3;334.7;798.0;2083.0;0.2;1428.0;0;12
1;63;7.1;347.2;873.0;2101.3;0.2;1428.0;0;12
1;64;8.0;298.6;820.0;2019.6;0.1;1428.0;0;12
1;65;7.1;336.2;821.0;2037.4;0.2;1428.0;0;12
1;66;7.6;311.6;798.0;2010.6;0.2;1428.0;0;12
1;67;8.8;264.7;680.0;1958.9;0.1;1428.0;0;12
1;68;7.6;296.0;763.0;1898.0;0.2;1428.0;0;12
1;69;8.6;268.6;704.0;1933.9;0.1;1428.0;0;12
1;70;10.6;222.9;566.0;1953.7;0.1;1428.0;0;12
1;71;9.6;238.6;575.0;1910.9;0.1;1428.0;0;12
1;72;10.4;226.2;574.0;1955.9;0.1;1428.0;0;12
1;73;7.8;282.4;694.0;1858.9;0.2;1428.0;0;12
1;74;7.3;300.6;724.0;1853.1;0.2;1428.0;0;12
1;75;9.5;243.3;696.0;1934.4;0.1;1428.0;0;12
1;76;8.6;268.6;687.0;1942.6;0.1;1428.0;0;12
1;77;7.5;303.2;746.0;1930.1;0.2;1428.0;0;12
1;78;8.0;284.3;757.0;1924.9;0.1;1428.0;0;12
1;79;9.8;236.9;603.0;1938.9;0.1;1428.0;0;12
1;80;9.1;435.8;1168.0;3331.6;0.1;1428.0;0;12
1;81;8.3;468.9;1146.0;3286.3;0.1;1428.0;0;12
1;82;8.2;491.3;1316.0;3388.1;0.1;1428.0;0;12
1;83;10.8;391.0;972.0;3489.3;0.1;1428.0;0;12
1;84;6.1;588.6;1442.0;3084.1;0.2;1428.0;0;12
1;85;7.4;522.4;1404.0;3267.3;0.2;1428.0;0;12
1;86;11.9;345.7;925.0;3381.3;0.1;1428.0;0;12
1;87;8.8;401.6;1287.0;2961.7;0.1;1428.0;0;12
1;88;9.0;405.3;1370.0;3063.6;0.1;1428.0;0;12
1;89;11.3;324.4;1116.0;3037.1;0.1;1428.0;0;12
1;90;10.4;352.3;1235.0;3031.3;0.1;1428.0;0;12
1;91;8.6;398.6;1411.0;2875.6;0.1;1428.0;0;12
1;92;7.9;418.6;1356.0;2798.9;0.1;1428.0;0;12
1;93;6.9;444.3;1435.0;2596.6;0.2;1428.0;0;12
1;94;7.9;382.8;1296.0;2551.3;0.2;1428.0;0;12
1;95;10.8;305.9;1100.0;2730.7;0.1;1428.0;0;12
1;96;8.5;386.5;1308.0;2758.0;0.1;1428.0;0;12
1;97;8.3;382.5;1363.0;2659.0;0.1;1428.0;0;12
1;98;9.7;320.4;1033.0;2588.0;0.1;1428.0;0;12
1;99;10.3;268.6;826.0;2301.7;0.1;1428.0;0;12
2;0;11.4;440.9;1325.0;4156.9;0.1;2830.0;1;1
2;1;12.3;408.6;976.0;4129.4;0.1;2496.0;1;2
2;2;10.2;493.0;1371.0;4171.7;0.1;2219.0;1;3
2;3;14.7;346.1;871.0;4145.4;0.1;2015.0;1;4
2;4;9.3;526.2;1437.0;4066.4;0.1;1880.0;1;5
2;5;9.5;517.7;1312.0;4101.3;0.1;1646.0;1;6
2;6;12.6;405.2;1044.0;4203.0;0.1;1510.0;1;7
2;7;12.1;412.8;1109.0;4102.4;0.1;1420.0;1;8
2;8;15.1;341.8;811.0;4208.6;0.1;1419.0;1;9
2;9;9.0;532.3;1360.0;4009.7;0.1;1419.0;0;9
2;10;9.3;518.6;1246.0;4011.1;0.1;1419.0;0;9
2;11;9.5;502.6;1331.0;3979.4;0.1;1419.0;0;9
2;12;9.3;495.2;1356.0;3856.7;0.1;1419.0;0;9
2;13;9.6;489.7;1297.0;3931.9;0.1;1419.0;0;9
2;14;12.6;358.9;845.0;3707.3;0.1;1419.0;0;9
2;15;10.2;451.1;1050.0;3814.1;0.1;1419.0;0;9
2;16;11.5;385.3;1022.0;3654.4;0.1;1419.0;0;9
2;17;6.6;654.2;1539.0;3685.0;0.2;1419.0;0;9
2;18;9.3;477.1;1092.0;3690.4;0.1;1419.0;0;9
2;19;7.6;565.3;1378.0;3622.1;0.2;1419.0;0;9
2;20;8.5;528.5;1287.0;3751.3;0.1;1419.0;0;9
2;21;10.5;422.6;1098.0;3680.0;0.1;1419.0;0;9
2;22;7.3;605.4;1458.0;3727.6;0.2;1419.0;0;9
2;23;8.9;490.9;1149.0;3639.7;0.1;1419.0;0;9
2;24;10.0;445.7;1215.0;3703.9;0.1;1419.0;0;9
2;25;8.0;520.6;1190.0;3527.4;0.1;1419.0;0;9
2;26;7.7;537.4;1240.0;3506.9;0.2;1419.0;0;9
2;27;7.3;552.7;1486.0;3414.3;0.2;1419.0;0;9
2;28;9.6;441.5;1131.0;3533.7;0.1;1419.0;0;9
2;29;8.4;476.9;1166.0;3354.6;0.1;1419.0;0;9
2;30;8.2;484.4;1250.0;3343.6;0.1;1419.0;0;9
2;31;7.9;520.3;1330.0;3458.0;0.2;1419.0;0;9
2;32;7.4;525.4;1228.0;3285.9;0.2;1419.0;0;9
2;33;7.8;504.8;1284.0;3327.4;0.2;1419.0;0;9
2;34;8.5;463.8;1176.0;3314.9;0.1;1419.0;0;9
2;35;7.8;494.3;1137.0;3239.3;0.2;1419.0;0;9
2;36;6.4;556.3;1298.0;3057.1;0.2;1419.0;0;9
2;37;6.7;528.3;1293.0;3037.6;0.2;1419.0;0;9
2;38;7.6;509.2;1375.0;3269.3;0.2;1419.0;0;9
2;39;7.2;452.2;1111.0;2755.9;0.2;1419.0;0;9
2;40;5.4;600.3;1352.0;2802.1;0.2;1419.0;0;9
2;41;7.1;484.2;1112.0;2926.0;0.2;1419.0;0;9
2;42;6.9;509.6;1315.0;2991.9;0.2;1419.0;0;9
2;43;6.4;497.3;1238.0;2708.7;0.2;1419.0;0;9
2;44;7.0;466.4;1374.0;2763.4;0.2;1419.0;0;9
2;45;7.7;448.3;1133.0;2917.1;0.2;1419.0;0;9
2;46;8.3;415.9;1099.0;2894.9;0.1;1419.0;0;9
2;47;7.8;419.1;1112.0;2769.3;0.2;1419.0;0;9
2;48;7.5;421.3;1194.0;2671.0;0.2;1419.0;0;9
2;49;6.9;451.7;1258.0;2654.0;0.2;1419.0;0;9
2;50;8.9;357.2;971.0;2657.0;0.1;1419.0;0;9
2;51;9.5;345.8;834.0;2731.0;0.1;1419.0;0;9
2;52;9.0;356.8;1012.0;2680.6;0.1;1419.0;0;9
2;53;10.1;325.0;736.0;2715.9;0.1;1419.0;0;9
2;54;9.9;318.8;703.0;2616.3;0.1;1419.0;0;9
2;55;10.7;303.4;739.0;2688.3;0.1;1419.0;0;9
2;56;7.9;396.3;985.0;2643.9;0.1;1419.0;0;9
2;57;8.7;380.5;939.0;2784.7;0.1;1419.0;0;9
2;58;8.0;420.3;1048.0;2837.3;0.1;1419.0;0;9
2;59;5.9;514.4;1410.0;2603.1;0.2;1419.0;0;9
2;60;6.7;453.4;1095.0;2606.4;0.2;1419.0;0;9
2;61;6.1;501.6;1130.0;2625.4;0.2;1419.0;0;9
2;62;10.5;317.4;784.0;2753.4;0.1;1419.0;0;9
2;63;8.4;376.1;1016.0;2660.1;0.1;1419.0;0;9
2;64;8.0;377.1;1116.0;2548.4;0.1;1419.0;0;9
2;65;7.1;435.5;1191.0;2638.6;0.2;1419.0;0;9
2;66;7.1;431.0;1214.0;2602.9;0.2;1419.0;0;9
2;67;8.7;345.4;894.0;2512.7;0.1;1419.0;0;9
2;68;9.6;311.7;847.0;2499.1;0.1;1419.0;0;9
2;69;10.5;288.6;789.0;2519.9;0.1;1419.0;0;9
2;70;6.1;457.8;1297.0;2404.1;0.2;1419.0;0;9
2;71;6.9;432.2;1195.0;2535.9;0.2;1419.0;0;9
2;72;9.2;333.0;911.0;2570.4;0.1;1419.0;0;9
2;73;8.0;377.7;1036.0;2546.1;0.1;1419.0;0;9
2;74;8.7;346.3;895.0;2534.9;0.1;1419.0;0;9
2;75;10.6;305.3;764.0;2693.4;0.1;1419.0;0;9
2;76;10.7;302.5;799.0;2691.7;0.1;1419.0;0;9
2;77;10.3;283.4;816.0;2427.4;0.1;1419.0;0;9
2;78;10.4;275.4;721.0;2368.3;0.1;1419.0;0;9
2;79;11.1;268.5;745.0;2465.1;0.1;1419.0;0;9
2;80;9.4;300.1;768.0;2344.9;0.1;1419.0;0;9
2;81;5.8;526.3;1429.0;2642.1;0.2;1419.0;0;9
2;82;8.5;357.3;915.0;2552.7;0.1;1419.0;0;9
2;83;9.1;308.5;828.0;2354.6;0.1;1419.0;0;9
2;84;9.4;300.7;700.0;2350.1;0.1;1419.0;0;9
2;85;12.1;245.1;667.0;2445.1;0.1;1419.0;0;9
2;86;10.1;423.0;1182.0;3533.9;0.1;1419.0;0;9
2;87;8.7;485.2;1512.0;3520.3;0.1;1419.0;0;9
2;88;10.3;402.3;1052.0;3433.4;0.1;1419.0;0;9
2;89;9.5;393.5;1381.0;3128.7;0.1;1419.0;0;9
2;90;8.6;437.3;1492.0;3146.6;0.1;1419.0;0;9
2;91;8.7;437.1;1336.0;3201.0;0.1;1419.0;0;9
2;92;8.9;428.3;1397.0;3179.1;0.1;1419.0;0;9
2;93;7.9;446.4;1363.0;2988.9;0.1;1419.0;0;9
2;94;8.8;412.6;1216.0;3028.6;0.1;1419.0;0;9
2;95;8.3;425.7;1403.0;2959.4;0.1;1419.0;0;9
2;96;10.6;362.4;1194.0;3189.3;0.1;1419.0;0;9
2;97;8.6;404.3;1237.0;2926.6;0.1;1419.0;0;9
2;98;10.2;337.5;1111.0;2863.6;0.1;1419.0;0;9
2;99;10.2;340.2;1091.0;2893.3;0.1;1419.0;0;9
3;0;12.8;404.8;977.0;4250.0;0.1;3283.0;1;1
3;1;9.8;500.3;1215.0;4098.7;0.1;3055.0;1;2
3;2;8.4;565.1;1348.0;4001.1;0.1;2642.0;1;3
3;3;12.4;406.4;1067.0;4152.1;0.1;2465.0;1;4
3;4;13.8;365.1;838.0;4132.4;0.1;2315.0;1;5
3;5;14.5;341.7;898.0;4039.6;0.1;2192.0;1;6
3;6;9.9;494.2;1215.0;4055.4;0.1;2101.0;1;7
3;7;9.3;523.6;1262.0;4060.0;0.1;1940.0;1;8
3;8;11.3;433.9;1159.0;4061.0;0.1;1737.0;1;9
3;9;12.1;402.9;1043.0;4023.6;0.1;1583.0;1;10
3;10;12.8;392.2;1090.0;4106.7;0.1;1478.0;1;11
3;11;8.0;590.6;1421.0;3986.0;0.1;1462.0;1;12
3;12;8.1;543.5;1441.0;3726.6;0.1;1455.0;1;13
3;13;10.6;451.4;1180.0;3953.1;0.1;1455.0;0;13
3;14;8.9;503.4;1201.0;3751.1;0.1;1455.0;0;13
3;15;8.1;550.8;1427.0;3759.1;0.1;1455.0;0;13
3;16;8.9;518.9;1286.0;3855.6;0.1;1455.0;0;13
3;17;7.9;535.8;1323.0;3588.6;0.1;1455.0;0;13
3;18;8.8;519.8;1308.0;3842.4;0.1;1455.0;0;13
3;19;7.0;607.3;1446.0;3597.1;0.2;1455.0;0;13
3;20;9.1;479.2;1213.0;3631.4;0.1;1455.0;0;13
3;21;7.3;567.9;1432.0;3496.9;0.2;1455.0;0;13
3;22;10.8;420.7;1011.0;3768.0;0.1;1448.0;1;14
3;23;6.4;609.3;1799.0;3325.6;0.2;1431.0;1;15
3;24;10.4;418.2;1176.0;3620.3;0.1;1429.0;1;16
3;25;6.6;606.8;1545.0;3430.1;0.2;1429.0;0;16
3;26;8.3;484.6;1153.0;3393.7;0.1;1429.0;0;16
3;27;7.0;564.3;1247.0;3371.1;0.2;1429.0;0;16
3;28;9.6;415.6;971.0;3323.4;0.1;1429.0;0;16
3;29;8.4;455.9;1185.0;3221.4;0.1;1429.0;0;16
3;30;7.6;548.8;1452.0;3508.0;0.2;1429.0;0;16
3;31;7.0;540.7;1409.0;3228.4;0.2;1429.0;0;16
3;32;7.8;513.0;1338.0;3374.0;0.2;1429.0;0;16
3;33;9.6;405.9;961.0;3258.0;0.1;1429.0;0;16
3;34;6.6;571.0;1326.0;3232.9;0.2;1413.0;1;17
3;35;8.5;427.4;989.0;3050.3;0.1;1398.0;1;18
3;36;7.9;451.7;1213.0;2997.1;0.2;1398.0;0;18
3;37;8.0;427.6;1208.0;2886.4;0.1;1398.0;0;18
3;38;6.6;499.9;1122.0;2824.7;0.2;1398.0;0;18
3;39;7.1;465.4;1327.0;2797.1;0.2;1398.0;0;18
3;40;6.8;446.2;1097.0;2597.0;0.2;1398.0;0;18
3;41;8.3;392.1;964.0;2742.0;0.1;1398.0;0;18
3;42;6.0;518.3;1309.0;2667.3;0.2;1398.0;0;18
3;43;7.3;440.7;1151.0;2731.4;0.2;1398.0;0;18
3;44;7.9;408.4;1039.0;2717.9;0.2;1398.0;0;18
3;45;7.7;402.3;951.0;2600.9;0.2;1398.0;0;18
3;46;8.2;394.2;1000.0;2707.1;0.1;1398.0;0;18
3;47;7.1;450.4;1207.0;2719.7;0.2;1398.0;0;18
3;48;8.1;411.6;1047.0;2809.0;0.1;1398.0;0;18
3;49;7.0;427.5;1102.0;2554.9;0.2;1398.0;0;18
3;50;8.4;340.2;814.0;2395.0;0.1;1398.0;0;18
3;51;8.7;341.2;825.0;2482.4;0.1;1398.0;0;18
3;52;7.6;393.8;1103.0;2521.1;0.2;1398.0;0;18
3;53;8.3;371.6;830.0;2596.3;0.1;1398.0;0;18
3;54;7.5;386.0;937.0;2436.3;0.2;1398.0;0;18
3;55;6.5;431.1;1074.0;2409.0;0.2;1398.0;0;18
3;56;7.8;367.7;962.0;2409.6;0.2;1398.0;0;18
3;57;6.8;419.0;980.0;2431.1;0.2;1398.0;0;18
3;58;10.5;290.8;706.0;2533.9;0.1;1398.0;0;18
3;59;6.8;410.5;986.0;2362.9;0.2;1398.0;0;18
3;60;8.2;352.1;910.0;2421.9;0.1;1398.0;0;18
3;61;8.4;330.7;838.0;2326.9;0.1;1398.0;0;18
3;62;11.2;254.3;631.0;2346.7;0.1;1398.0;0;18
3;63;7.7;342.1;902.0;2231.9;0.2;1398.0;0;18
3;64;9.2;291.7;788.0;2234.1;0.1;1398.0;0;18
3;65;8.1;337.4;893.0;2294.3;0.1;1398.0;0;18
3;66;9.9;276.7;757.0;2270.7;0.1;1398.0;0;18
3;67;7.8;324.1;754.0;2142.1;0.2;1398.0;0;18
3;68;9.5;292.3;820.0;2325.1;0.1;1398.0;0;18
3;69;9.6;285.3;815.0;2281.1;0.1;1398.0;0;18
3;70;9.1;277.1;701.0;2115.7;0.1;1398.0;0;18
3;71;14.4;194.1;498.0;2275.1;0.1;1398.0;0;18
3;72;10.5;257.8;624.0;2246.7;0.1;1398.0;0;18
3;73;11.9;230.8;709.0;2263.6;0.1;1398.0;0;18
3;74;13.0;209.8;526.0;2238.1;0.1;1398.0;0;18
3;75;9.2;291.2;796.0;2228.7;0.1;1398.0;0;18
3;76;10.4;249.6;731.0;2150.3;0.1;1398.0;0;18
3;77;9.2;289.5;788.0;2227.0;0.1;1398.0;0;18
3;78;10.3;270.4;839.0;2309.0;0.1;1398.0;0;18
3;79;9.3;276.6;816.0;2143.6;0.1;1398.0;0;18
3;80;8.7;298.7;795.0;2184.0;0.1;1398.0;0;18
3;81;7.6;514.6;1520.0;3311.7;0.2;1398.0;0;18
3;82;9.4;432.3;1205.0;3385.4;0.1;1398.0;0;18
3;83;8.3;460.4;1201.0;3217.7;0.1;1398.0;0;18
3;84;7.9;496.1;1225.0;3295.0;0.2;1398.0;0;18
3;85;8.4;465.2;1155.0;3276.6;0.1;1398.0;0;18
3;86;9.3;415.1;1100.0;3238.3;0.1;1398.0;0;18
3;87;8.7;445.6;1127.0;3243.1;0.1;1398.0;0;18
3;88;10.6;356.2;1173.0;3118.7;0.1;1398.0;0;18
3;89;9.1;412.9;1378.0;3143.3;0.1;1398.0;0;18
3;90;9.5;381.4;1194.0;3011.4;0.1;1398.0;0;18
3;91;7.6;445.9;1497.0;2858.3;0.2;1398.0;0;18
3;92;10.2;331.1;1130.0;2798.4;0.1;1398.0;0;18
3;93;8.6;376.6;1286.0;2716.3;0.1;1398.0;0;18
3;94;10.3;322.5;1043.0;2752.9;0.1;1398.0;0;18
3;95;8.5;361.8;1174.0;2589.9;0.1;1398.0;0;18
3;96;11.4;268.3;858.0;2519.7;0.1;1398.0;0;18
3;97;9.4;334.3;1073.0;2608.7;0.1;1398.0;0;18
3;98;8.7;354.8;1056.0;2576.7;0.1;1398.0;0;18
3;99;8.5;354.8;1180.0;2531.1;0.1;1398.0;0;18
4;0;10.4;464.6;1206.0;4005.9;0.1;2973.0;1;1
4;1;9.1;546.5;1489.0;4150.0;0.1;2726.0;1;2
4;2;15.4;329.5;899.0;4128.9;0.1;2481.0;1;3
4;3;11.2;440.1;1081.0;4067.3;0.1;2304.0;1;4
4;4;13.5;370.7;951.0;4106.3;0.1;2075.0;1;5
4;5;13.1;379.6;996.0;4073.0;0.1;1875.0;1;6
4;6;12.0;417.7;1116.0;4138.0;0.1;1722.0;1;7
4;7;14.4;356.6;851.0;4202.4;0.1;1575.0;1;8
4;8;10.7;463.7;1219.0;4124.1;0.1;1470.0;1;9
4;9;8.3;568.1;1364.0;3973.3;0.1;1421.0;1;10
4;10;9.8;489.1;1240.0;3989.1;0.1;1421.0;0;10
4;11;11.6;420.3;1129.0;4014.9;0.1;1421.0;0;10
4;12;12.7;382.2;908.0;3992.7;0.1;1421.0;0;10
4;13;13.1;378.1;973.0;4063.0;0.1;1421.0;0;10
4;14;9.2;477.0;1240.0;3650.3;0.1;1421.0;0;10
4;15;10.2;449.5;1239.0;3809.3;0.1;1421.0;0;10
4;16;8.5;537.4;1381.0;3853.3;0.1;1421.0;0;10
4;17;9.3;484.8;1096.0;3774.0;0.1;1421.0;0;10
4;18;8.3;529.0;1210.0;3700.1;0.1;1421.0;0;10
4;19;7.7;540.0;1352.0;3497.7;0.2;1421.0;0;10
4;20;8.5;516.9;1263.0;3689.6;0.1;1421.0;0;10
4;21;11.0;403.7;967.0;3664.7;0.1;1417.0;1;11
4;22;9.5;452.9;1108.0;3569.6;0.1;1417.0;0;11
4;23;9.5;439.5;1031.0;3485.6;0.1;1417.0;0;11
4;24;7.9;523.0;1202.0;3499.7;0.1;1417.0;0;11
4;25;7.3;572.7;1315.0;3558.6;0.2;1417.0;0;11
4;26;9.5;437.2;1114.0;3453.1;0.1;1417.0;0;11
4;27;8.2;479.2;1260.0;3293.4;0.1;1417.0;0;11
4;28;7.9;516.3;1236.0;3435.6;0.2;1417.0;0;11
4;29;7.9;510.0;1222.0;3379.4;0.2;1417.0;0;11
4;30;7.7;498.3;1146.0;3258.4;0.2;1417.0;0;11
4;31;8.2;492.0;1346.0;3411.9;0.1;1417.0;0;11
4;32;7.2;535.0;1203.0;3261.0;0.2;1417.0;0;11
4;33;8.3;456.6;1137.0;3182.4;0.1;1417.0;0;11
4;34;7.0;539.1;1179.0;3188.6;0.2;1417.0;0;11
4;35;6.3;597.3;1376.0;3219.4;0.2;1417.0;0;11
4;36;6.1;620.6;1354.0;3259.9;0.2;1417.0;0;11
4;37;5.8;612.0;1472.0;3075.4;0.2;1417.0;0;11
4;38;7.8;496.5;1247.0;3271.3;0.2;1417.0;0;11
4;39;8.0;463.8;1203.0;3117.9;0.1;1417.0;0;11
4;40;5.0;670.8;1636.0;2921.0;0.2;1417.0;0;11
4;41;5.6;611.1;1438.0;2980.0;0.2;1417.0;0;11
4;42;6.9;515.4;1242.0;3040.9;0.2;1417.0;0;11
4;43;6.7;538.7;1293.0;3064.0;0.2;1417.0;0;11
4;44;5.4;615.6;1523.0;2873.7;0.2;1417.0;0;11
4;45;7.2;478.7;1267.0;2937.3;0.2;1417.0;0;11
4;46;6.4;514.6;1231.0;2835.0;0.2;1417.0;0;11
4;47;7.5;445.7;1017.0;2812.7;0.2;1417.0;0;11
4;48;7.4;428.5;1119.0;2686.4;0.2;1417.0;0;11
4;49;8.4;377.5;921.0;2665.6;0.1;1417.0;0;11
4;50;6.7;447.3;997.0;2571.7;0.2;1417.0;0;11
4;51;6.5;463.7;1136.0;2559.6;0.2;1417.0;0;11
4;52;5.9;469.1;1158.0;2399.6;0.2;1417.0;0;11
4;53;9.9;310.5;723.0;2551.7;0.1;1417.0;0;11
4;54;7.9;361.8;851.0;2410.7;0.2;1417.0;0;11
4;55;7.1;424.9;1001.0;2548.0;0.2;1417.0;0;11
4;56;8.8;323.9;819.0;2384.1;0.1;1417.0;0;11
4;57;12.2;243.5;552.0;2449.9;0.1;1417.0;0;11
4;58;9.1;315.0;821.0;2392.4;0.1;1417.0;0;11
4;59;12.8;232.2;615.0;2443.7;0.1;1417.0;0;11
4;60;9.5;298.4;793.0;2356.4;0.1;1417.0;0;11
4;61;9.7;298.9;761.0;2403.6;0.1;1417.0;0;11
4;62;11.0;258.8;764.0;2361.6;0.1;1417.0;0;11
4;63;7.8;343.8;927.0;2263.6;0.2;1417.0;0;11
4;64;11.5;247.5;683.0;2341.3;0.1;1417.0;0;11
4;65;12.2;234.7;643.0;2360.1;0.1;1417.0;0;11
4;66;14.9;193.8;484.0;2351.0;0.1;1417.0;0;11
4;67;13.4;211.3;515.0;2324.0;0.1;1417.0;0;11
4;68;13.2;218.3;655.0;2358.0;0.1;1417.0;0;11
4;69;12.9;218.7;492.0;2307.3;0.1;1417.0;0;11
4;70;11.8;233.4;598.0;2276.1;0.1;1417.0;0;11
4;71;9.1;326.5;734.0;2479.6;0.1;1417.0;0;11
4;72;7.2;389.4;1055.0;2377.0;0.2;1417.0;0;11
4;73;6.7;411.9;1060.0;2366.6;0.2;1417.0;0;11
4;74;7.5;379.5;966.0;2396.1;0.2;1417.0;0;11
4;75;8.5;328.9;950.0;2344.3;0.1;1417.0;0;11
4;76;7.8;357.5;982.0;2356.4;0.2;1417.0;0;11
4;77;9.8;299.9;713.0;2450.0;0.1;1417.0;0;11
4;78;10.9;255.2;721.0;2292.4;0.1;1417.0;0;11
4;79;7.6;531.0;1267.0;3402.4;0.2;1417.0;0;11
4;80;8.6;481.7;1307.0;3493.0;0.1;1417.0;0;11
4;81;6.8;552.7;1395.0;3200.1;0.2;1417.0;0;11
4;82;9.7;409.6;1088.0;3302.1;0.1;1417.0;0;11
4;83;8.9;442.8;1181.0;3311.0;0.1;1417.0;0;11
4;84;8.9;441.8;1249.0;3281.9;0.1;1417.0;0;11
4;85;9.0;443.6;1287.0;3348.4;0.1;1417.0;0;11
4;86;13.1;296.7;885.0;3198.3;0.1;1417.0;0;11
4;87;10.8;344.3;1120.0;3067.7;0.1;1417.0;0;11
4;88;13.8;282.4;965.0;3193.1;0.1;1417.0;0;11
4;89;9.3;392.1;1343.0;3047.7;0.1;1417.0;0;11
4;90;10.1;359.6;1132.0;3010.6;0.1;1417.0;0;11
4;91;8.7;412.2;1359.0;2992.0;0.1;1417.0;0;11
4;92;8.7;389.9;1199.0;2848.7;0.1;1417.0;0;11
4;93;8.2;416.9;1224.0;2863.7;0.1;1417.0;0;11
4;94;15.6;249.9;871.0;3174.9;0.1;1417.0;0;11
4;95;11.3;308.1;941.0;2886.0;0.1;1417.0;0;11
4;96;8.8;374.7;1223.0;2757.1;0.1;1417.0;0;11
4;97;8.6;379.3;1295.0;2728.7;0.1;1417.0;0;11
4;98;8.9;349.3;1148.0;2608.4;0.1;1417.0;0;11
4;99;12.6;289.7;906.0;3009.0;0.1;1417.0;0;11
5;0;15.1;347.0;918.0;4275.4;0.1;3087.0;1;1
5;1;10.8;456.9;1153.0;4095.7;0.1;2562.0;1;2
5;2;11.6;425.2;1165.0;4050.7;0.1;2329.0;1;3
5;3;7.6;627.8;1721.0;4054.0;0.2;2210.0;1;4
5;4;9.5;515.8;1292.0;4098.4;0.1;2056.0;1;5
5;5;11.5;434.6;1222.0;4110.6;0.1;1776.0;1;6
5;6;9.5;508.9;1430.0;4035.3;0.1;1658.0;1;7
5;7;9.7;510.3;1218.0;4135.4;0.1;1533.0;1;8
5;8;12.6;395.7;1017.0;4094.6;0.1;1448.0;1;9
5;9;10.2;489.0;1258.0;4125.6;0.1;1412.0;1;10
5;10;12.1;392.5;1000.0;3906.7;0.1;1412.0;0;10
5;11;10.0;481.3;1263.0;4012.7;0.1;1412.0;0;10
5;12;13.4;373.1;1004.0;4104.4;0.1;1412.0;0;10
5;13;8.4;565.0;1352.0;3977.0;0.1;1412.0;0;10
5;14;7.3;601.1;1408.0;3743.4;0.2;1412.0;0;10
5;15;7.5;588.0;1353.0;3726.9;0.2;1412.0;0;10
5;16;9.0;492.5;1126.0;3688.4;0.1;1412.0;0;10
5;17;9.2;487.5;1207.0;3737.0;0.1;1412.0;0;10
5;18;8.0;502.1;1194.0;3397.0;0.1;1412.0;0;10
5;19;9.5;464.4;1209.0;3679.7;0.1;1412.0;0;10
5;20;5.8;697.3;1703.0;3515.4;0.2;1412.0;0;10
5;21;8.6;493.5;1216.0;3577.6;0.1;1412.0;0;10
5;22;9.6;446.3;946.0;3561.4;0.1;1412.0;0;10
5;23;6.9;578.2;1519.0;3395.7;0.2;1412.0;0;10
5;24;10.1;424.0;987.0;3545.4;0.1;1412.0;0;10
5;25;9.2;439.6;1093.0;3361.0;0.1;1412.0;0;10
5;26;7.0;566.3;1235.0;3376.6;0.2;1412.0;0;10
5;27;8.6;460.7;1067.0;3315.1;0.1;1412.0;0;10
5;28;6.6;581.5;1314.0;3260.3;0.2;1412.0;0;10
5;29;10.4;403.4;1105.0;3485.6;0.1;1412.0;0;10
5;30;7.2;565.9;1352.0;3451.6;0.2;1412.0;0;10
5;31;9.3;439.0;1109.0;3395.0;0.1;1412.0;0;10
5;32;7.8;512.1;1181.0;3377.9;0.2;1412.0;0;10
5;33;9.9;421.0;1121.0;3451.4;0.1;1412.0;0;10
5;34;8.4;468.9;1170.0;3326.3;0.1;1412.0;0;10
5;35;7.4;508.9;1287.0;3207.0;0.2;1412.0;0;10
5;36;6.1;592.4;1518.0;3094.6;0.2;1412.0;0;10
5;37;9.4;417.7;1242.0;3274.1;0.1;1412.0;0;10
5;38;5.2;642.1;1516.0;2904.6;0.2;1412.0;0;10
5;39;6.9;491.2;1253.0;2901.1;0.2;1412.0;0;10
5;40;5.9;561.8;1266.0;2838.0;0.2;1412.0;0;10
5;41;7.7;435.4;1098.0;2845.1;0.2;1412.0;0;10
5;42;7.8;429.4;936.0;2810.7;0.2;1412.0;0;10
5;43;7.5;435.4;1011.0;2772.3;0.2;1412.0;0;10
5;44;7.6;417.0;1078.0;2665.3;0.2;1412.0;0;10
5;45;7.0;472.4;1192.0;2819.4;0.2;1412.0;0;10
5;46;6.3;514.3;1231.0;2792.6;0.2;1412.0;0;10
5;47;6.3;512.3;1378.0;2755.3;0.2;1412.0;0;10
5;48;8.5;376.4;887.0;2690.3;0.1;1412.0;0;10
5;49;6.2;490.3;1201.0;2601.3;0.2;1412.0;0;10
5;50;7.4;435.5;1005.0;2739.1;0.2;1412.0;0;10
5;51;6.7;484.3;1092.0;2766.4;0.2;1412.0;0;10
5;52;7.5;426.5;967.0;2719.9;0.2;1412.0;0;10
5;53;6.0;546.1;1356.0;2807.6;0.2;1412.0;0;10
5;54;5.6;590.4;1385.0;2839.7;0.2;1412.0;0;10
5;55;7.2;455.7;1069.0;2788.1;0.2;1412.0;0;10
5;56;6.7;504.8;1229.0;2881.1;0.2;1412.0;0;10
5;57;5.9;548.0;1465.0;2803.3;0.2;1412.0;0;10
5;58;4.7;616.5;1540.0;2559.3;0.2;1412.0;0;10
5;59;6.1;508.2;1369.0;2651.3;0.2;1412.0;0;10
5;60;9.0;355.6;1012.0;2681.7;0.1;1412.0;0;10
5;61;9.0;363.8;982.0;2724.3;0.1;1412.0;0;10
5;62;8.0;399.0;923.0;2679.7;0.1;1412.0;0;10
5;63;6.1;516.0;1293.0;2699.7;0.2;1412.0;0;10
5;64;8.5;369.0;1041.0;2623.9;0.1;1412.0;0;10
5;65;7.8;411.2;1058.0;2696.4;0.2;1412.0;0;10
5;66;8.1;374.7;1052.0;2568.6;0.1;1412.0;0;10
5;67;6.0;486.6;1225.0;2521.0;0.2;1412.0;0;10
5;68;7.6;394.6;1037.0;2542.0;0.2;1412.0;0;10
5;69;6.2;446.5;1141.0;2367.9;0.2;1412.0;0;10
5;70;7.5;386.7;1021.0;2463.0;0.2;1412.0;0;10
5;71;7.8;398.0;1076.0;2608.3;0.2;1412.0;0;10
5;72;7.8;376.2;895.0;2488.3;0.2;1412.0;0;10
5;73;7.3;400.9;1080.0;2479.0;0.2;1412.0;0;10
5;74;7.6;381.5;907.0;2449.0;0.2;1412.0;0;10
5;75;7.2;403.0;1061.0;2457.1;0.2;1412.0;0;10
5;76;8.7;335.6;867.0;2451.3;0.1;1412.0;0;10
5;77;9.5;298.1;878.0;2366.9;0.1;1412.0;0;10
5;78;8.8;472.8;1277.0;3480.1;0.1;1412.0;0;10
5;79;9.5;435.9;1044.0;3454.4;0.1;1412.0;0;10
5;80;7.5;536.0;1341.0;3400.9;0.2;1412.0;0;10
5;81;7.0;578.9;1541.0;3461.6;0.2;1412.0;0;10
5;82;8.9;450.9;1101.0;3354.6;0.1;1412.0;0;10
5;83;7.8;503.5;1255.0;3300.1;0.2;1412.0;0;10
5;84;7.0;564.0;1611.0;3374.3;0.2;1412.0;0;10
5;85;8.3;482.3;1266.0;3346.6;0.1;1412.0;0;10
5;86;9.0;417.7;1356.0;3135.1;0.1;1412.0;0;10
5;87;7.4;482.6;1505.0;3041.0;0.2;1412.0;0;10
5;88;10.8;346.8;1138.0;3097.6;0.1;1412.0;0;10
5;89;7.1;510.8;1647.0;3079.7;0.2;1412.0;0;10
5;90;9.7;361.0;1194.0;2916.1;0.1;1412.0;0;10
5;91;8.1;430.3;1519.0;2950.9;0.1;1412.0;0;10
5;92;7.9;441.0;1463.0;2937.7;0.2;1412.0;0;10
5;93;7.8;422.0;1283.0;2767.3;0.2;1412.0;0;10
5;94;11.4;292.6;966.0;2751.6;0.1;1412.0;0;10
5;95;9.5;338.7;1087.0;2693.9;0.1;1412.0;0;10
5;96;9.6;344.5;1055.0;2767.6;0.1;1412.0;0;10
5;97;9.6;331.3;1080.0;2648.6;0.1;1412.0;0;10
5;98;12.1;278.3;909.0;2771.9;0.1;1412.0;0;10
5;99;8.9;349.6;1075.0;2604.6;0.1;1412.0;0;10
6;0;16.3;319.5;798.0;4241.9;0.1;3079.0;1;1
6;1;14.9;351.3;929.0;4255.3;0.1;2831.0;1;2
6;2;9.8;498.2;1195.0;4078.6;0.1;2339.0;1;3
6;3;12.1;418.6;1046.0;4171.0;0.1;2125.0;1;4
6;4;8.2;582.5;1557.0;3997.3;0.1;1934.0;1;5
6;5;12.2;411.3;1084.0;4115.7;0.1;1702.0;1;6
6;6;11.8;417.9;1229.0;4072.0;0.1;1530.0;1;7
6;7;16.3;317.0;882.0;4187.7;0.1;1461.0;1;8
6;8;10.7;442.5;1090.0;3906.1;0.1;1455.0;1;9
6;9;10.6;461.2;1138.0;4057.6;0.1;1455.0;0;9
6;10;8.6;555.0;1339.0;4004.7;0.1;1455.0;0;9
6;11;10.8;437.8;1227.0;3910.3;0.1;1455.0;0;9
6;12;11.2;431.1;1185.0;3989.3;0.1;1455.0;0;9
6;13;11.5;407.4;1021.0;3866.9;0.1;1455.0;0;9
6;14;9.1;500.5;1190.0;3789.1;0.1;1455.0;0;9
6;15;11.4;403.3;1055.0;3808.4;0.1;1455.0;0;9
6;16;13.2;359.2;903.0;3881.1;0.1;1455.0;0;9
6;17;8.4;528.7;1214.0;3738.9;0.1;1455.0;0;9
6;18;11.9;380.8;885.0;3747.0;0.1;1455.0;0;9
6;19;7.7;572.4;1390.0;3720.7;0.2;1455.0;0;9
6;20;9.1;475.6;1148.0;3625.6;0.1;1455.0;0;9
6;21;7.3;576.5;1248.0;3561.9;0.2;1415.0;1;10
6;22;10.7;400.0;926.0;3553.7;0.1;1414.0;1;11
6;23;6.9;593.0;1505.0;3482.6;0.2;1414.0;0;11
6;24;10.7;391.5;1038.0;3464.7;0.1;1414.0;0;11
6;25;9.1;461.6;1159.0;3516.0;0.1;1414.0;0;11
6;26;13.4;308.9;850.0;3394.6;0.1;1414.0;0;11
6;27;6.6;590.6;1333.0;3316.7;0.2;1414.0;0;11
6;28;7.3;523.6;1306.0;3231.7;0.2;1414.0;0;11
6;29;6.8;570.3;1372.0;3284.0;0.2;1414.0;0;11
6;30;8.1;472.4;1156.0;3223.4;0.1;1414.0;0;11
6;31;9.5;417.3;1235.0;3318.7;0.1;1414.0;0;11
6;32;6.6;539.9;1361.0;3032.1;0.2;1414.0;0;11
6;33;8.9;437.1;1102.0;3242.4;0.1;1414.0;0;11
6;34;10.4;338.6;838.0;2915.0;0.1;1414.0;0;11
6;35;7.1;474.9;1183.0;2860.9;0.2;1414.0;0;11
6;36;5.4;597.7;1355.0;2808.3;0.2;1414.0;0;11
6;37;9.1;372.7;930.0;2822.4;0.1;1414.0;0;11
6;38;8.7;371.9;897.0;2706.1;0.1;1414.0;0;11
6;39;6.2;454.1;1127.0;2420.4;0.2;1414.0;0;11
6;40;6.0;478.7;1178.0;2454.0;0.2;1414.0;0;11
6;41;6.9;421.8;978.0;2481.4;0.2;1414.0;0;11
6;42;8.0;350.2;957.0;2359.4;0.1;1414.0;0;11
6;43;8.2;310.5;754.0;2149.1;0.1;1414.0;0;11
6;44;7.2;361.2;886.0;2209.6;0.2;1414.0;0;11
6;45;12.8;211.3;546.0;2219.3;0.1;1414.0;0;11
6;46;9.8;254.9;642.0;2073.1;0.1;1414.0;0;11
6;47;9.0;295.6;803.0;2235.4;0.1;1414.0;0;11
6;48;10.1;244.9;694.0;2051.0;0.1;1414.0;0;11
6;49;12.5;194.6;545.0;2003.7;0.1;1414.0;0;11
6;50;9.3;264.1;692.0;2050.9;0.1;1414.0;0;11
6;51;12.3;202.7;560.0;2051.3;0.1;1414.0;0;11
6;52;9.9;249.3;659.0;2047.7;0.1;1414.0;0;11
6;53;9.5;254.5;597.0;2006.7;0.1;1414.0;0;11
6;54;15.2;164.2;425.0;2027.4;0.1;1414.0;0;11
6;55;12.0;201.6;437.0;1990.4;0.1;1414.0;0;11
6;56;14.3;171.0;389.0;1998.3;0.1;1414.0;0;11
6;57;11.0;215.7;555.0;1963.4;0.1;1414.0;0;11
6;58;12.3;198.2;435.0;1999.4;0.1;1414.0;0;11
6;59;12.6;187.5;479.0;1935.9;0.1;1414.0;0;11
6;60;10.7;207.3;507.0;1842.1;0.1;1414.0;0;11
6;61;16.7;144.8;359.0;1969.0;0.1;1414.0;0;11
6;62;19.8;125.8;318.0;2005.9;0.1;1414.0;0;11
6;63;10.8;217.9;641.0;1946.6;0.1;1414.0;0;11
6;64;14.2;167.8;453.0;1946.1;0.1;1414.0;0;11
6;65;12.8;184.4;520.0;1929.9;0.1;1414.0;0;11
6;66;13.3;180.8;475.0;1966.7;0.1;1414.0;0;11
6;67;15.2;161.2;395.0;2000.1;0.1;1414.0;0;11
6;68;11.9;189.5;506.0;1850.6;0.1;1414.0;0;11
6;69;17.8;138.0;370.0;1992.0;0.1;1414.0;0;11
6;70;14.9;163.3;420.0;1987.1;0.1;1414.0;0;11
6;71;17.4;141.0;356.0;1982.7;0.1;1414.0;0;11
6;72;10.0;261.2;859.0;2173.4;0.1;1414.0;0;11
6;73;20.1;126.5;341.0;2052.4;0.1;1414.0;0;11
6;74;15.0;161.0;453.0;1968.3;0.1;1414.0;0;11
6;75;13.1;182.3;543.0;1961.7;0.1;1414.0;0;11
6;76;13.2;178.2;473.0;1928.4;0.1;1414.0;0;11
6;77;15.7;152.7;403.0;1955.4;0.1;1414.0;0;11
6;78;18.2;132.9;327.0;1960.9;0.1;1414.0;0;11
6;79;7.1;543.9;1487.0;3296.1;0.2;1414.0;0;11
6;80;7.2;525.9;1434.0;3231.7;0.2;1414.0;0;11
6;81;7.6;522.6;1365.0;3342.1;0.2;1414.0;0;11
6;82;8.0;485.2;1280.0;3275.7;0.1;1414.0;0;11
6;83;6.7;561.3;1588.0;3221.9;0.2;1414.0;0;11
6;84;7.2;518.4;1452.0;3155.3;0.2;1414.0;0;11
6;85;7.5;505.0;1363.0;3200.7;0.2;1414.0;0;11
6;86;12.1;314.1;1073.0;3132.0;0.1;1414.0;0;11
6;87;9.6;384.5;1406.0;3064.9;0.1;1414.0;0;11
6;88;11.3;326.7;1087.0;3056.6;0.1;1414.0;0;11
6;89;12.8;295.9;960.0;3117.6;0.1;1414.0;0;11
6;90;10.2;357.8;1073.0;3036.6;0.1;1414.0;0;11
6;91;9.3;369.2;1177.0;2865.3;0.1;1414.0;0;11
6;92;7.2;459.5;1379.0;2794.1;0.2;1414.0;0;11
6;93;8.5;382.2;1220.0;2737.7;0.1;1414.0;0;11
6;94;8.4;408.4;1341.0;2881.4;0.1;1414.0;0;11
6;95;7.6;417.5;1334.0;2691.7;0.2;1414.0;0;11
6;96;9.3;348.4;1172.0;2709.4;0.1;1414.0;0;11
6;97;9.5;351.8;1066.0;2778.0;0.1;1414.0;0;11
6;98;8.4;382.2;1163.0;2694.1;0.1;1414.0;0;11
6;99;9.0;327.7;1061.0;2464.1;0.1;1414.0;0;11
7;0;8.6;569.9;1432.0;4111.3;0.1;2912.0;1;1
7;1;10.3;475.6;1175.0;4069.9;0.1;2494.0;1;2
7;2;8.4;561.0;1484.0;3948.6;0.1;2300.0;1;3
7;3;14.6;348.1;891.0;4151.4;0.1;2071.0;1;4
7;4;9.7;495.8;1332.0;4007.6;0.1;1891.0;1;5
7;5;8.3;592.8;1357.0;4146.1;0.1;1769.0;1;6
7;6;10.3;475.3;1247.0;4058.4;0.1;1603.0;1;7
7;7;10.2;472.3;1300.0;3992.0;0.1;1457.0;1;8
7;8;10.9;443.9;1084.0;4001.9;0.1;1430.0;1;9
7;9;12.3;403.9;1107.0;4079.3;0.1;1430.0;0;9
7;10;11.9;406.8;1128.0;3990.9;0.1;1430.0;0;9
7;11;10.4;464.5;1138.0;4011.7;0.1;1430.0;0;9
7;12;10.9;439.5;1065.0;3978.0;0.1;1430.0;0;9
7;13;11.1;444.6;1125.0;4078.7;0.1;1430.0;0;9
7;14;8.2;531.9;1273.0;3669.6;0.1;1430.0;0;9
7;15;7.3;584.8;1510.0;3604.1;0.2;1430.0;0;9
7;16;8.6;528.1;1104.0;3789.6;0.1;1430.0;0;9
7;17;8.5;532.1;1320.0;3802.7;0.1;1430.0;0;9
7;18;8.7;517.6;1214.0;3784.9;0.1;1430.0;0;9
7;19;8.6;489.3;1240.0;3535.9;0.1;1430.0;0;9
7;20;8.5;534.7;1232.0;3827.3;0.1;1430.0;0;9
7;21;8.2;535.3;1213.0;3671.3;0.1;1430.0;0;9
7;22;7.9;512.7;1270.0;3423.3;0.1;1430.0;0;9
7;23;7.1;571.7;1498.0;3461.4;0.2;1430.0;0;9
7;24;6.7;578.4;1475.0;3293.1;0.2;1430.0;0;9
7;25;8.0;484.5;1018.0;3249.3;0.1;1430.0;0;9
7;26;7.9;489.1;1170.0;3271.9;0.1;1430.0;0;9
7;27;5.9;605.8;1577.0;3096.9;0.2;1430.0;0;9
7;28;8.1;479.3;1292.0;3252.4;0.1;1430.0;0;9
7;29;8.4;455.1;1129.0;3206.6;0.1;1430.0;0;9
7;30;11.6;338.0;759.0;3233.1;0.1;1430.0;0;9
7;31;6.4;620.7;1661.0;3412.6;0.2;1430.0;0;9
7;32;6.7;559.1;1257.0;3180.9;0.2;1410.0;1;10
7;33;7.9;488.3;1139.0;3269.1;0.1;1409.0;1;11
7;34;7.3;507.0;1214.0;3133.3;0.2;1409.0;0;11
7;35;6.0;583.1;1319.0;3008.9;0.2;1409.0;0;11
7;36;7.3;502.7;1288.0;3091.9;0.2;1409.0;0;11
7;37;10.0;379.1;878.0;3152.4;0.1;1409.0;0;11
7;38;7.5;463.6;1081.0;2952.7;0.2;1409.0;0;11
7;39;8.9;395.4;1008.0;2935.3;0.1;1409.0;0;11
7;40;7.0;491.8;1283.0;2911.9;0.2;1409.0;0;11
7;41;6.5;503.1;1164.0;2804.4;0.2;1409.0;0;11
7;42;8.5;423.5;955.0;3035.0;0.1;1409.0;0;11
7;43;6.7;517.3;1305.0;2941.0;0.2;1409.0;0;11
7;44;7.5;439.2;926.0;2779.4;0.2;1409.0;0;11
7;45;8.0;421.0;1090.0;2835.7;0.1;1409.0;0;11
7;46;8.6;393.0;1057.0;2834.4;0.1;1409.0;0;11
7;47;7.9;411.5;1111.0;2728.7;0.2;1409.0;0;11
7;48;9.0;359.8;999.0;2708.6;0.1;1409.0;0;11
7;49;6.6;454.4;1218.0;2559.9;0.2;1409.0;0;11
7;50;5.8;499.9;1208.0;2511.0;0.2;1409.0;0;11
7;51;7.1;420.5;990.0;2523.3;0.2;1409.0;0;11
7;52;6.7;461.5;1282.0;2628.9;0.2;1409.0;0;11
7;53;6.5;470.5;1159.0;2611.1;0.2;1409.0;0;11
7;54;9.1;357.9;900.0;2716.6;0.1;1409.0;0;11
7;55;5.0;554.8;1347.0;2408.6;0.2;1409.0;0;11
7;56;7.3;419.0;1035.0;2603.9;0.2;1409.0;0;11
7;57;7.5;367.6;970.0;2326.1;0.2;1409.0;0;11
7;58;6.8;426.2;1093.0;2478.0;0.2;1409.0;0;11
7;59;8.2;353.5;950.0;2440.4;0.1;1409.0;0;11
7;60;6.1;446.3;1152.0;2337.7;0.2;1409.0;0;11
7;61;9.0;321.3;1040.0;2428.6;0.1;1409.0;0;11
7;62;9.8;309.9;784.0;2539.1;0.1;1409.0;0;11
7;63;6.8;408.0;1064.0;2357.1;0.2;1409.0;0;11
7;64;6.6;437.8;1135.0;2481.6;0.2;1409.0;0;11
7;65;9.1;326.7;885.0;2473.9;0.1;1409.0;0;11
7;66;6.2;444.1;1152.0;2344.6;0.2;1409.0;0;11
7;67;11.8;245.6;751.0;2390.7;0.1;1409.0;0;11
7;68;8.5;312.1;786.0;2237.1;0.1;1409.0;0;11
7;69;7.6;374.2;992.0;2392.9;0.2;1409.0;0;11
7;70;8.6;329.4;866.0;2363.4;0.1;1409.0;0;11
7;71;10.0;297.7;820.0;2471.6;0.1;1409.0;0;11
7;72;9.2;302.4;835.0;2329.6;0.1;1409.0;0;11
7;73;10.8;268.0;771.0;2386.7;0.1;1409.0;0;11
7;74;9.7;288.0;776.0;2335.3;0.1;1409.0;0;11
7;75;9.4;291.5;813.0;2281.9;0.1;1409.0;0;11
7;76;12.5;229.0;612.0;2353.7;0.1;1409.0;0;11
7;77;9.5;286.7;740.0;2280.3;0.1;1409.0;0;11
7;78;10.6;261.0;625.0;2294.1;0.1;1409.0;0;11
7;79;8.6;482.4;1250.0;3467.9;0.1;1409.0;0;11
7;80;7.8;525.4;1297.0;3468.9;0.2;1409.0;0;11
7;81;9.8;415.8;1030.0;3378.0;0.1;1409.0;0;11
7;82;8.5;468.4;1131.0;3345.9;0.1;1409.0;0;11
7;83;8.4;463.8;1332.0;3258.4;0.1;1409.0;0;11
7;84;6.8;554.6;1474.0;3210.3;0.2;1409.0;0;11
7;85;8.1;467.3;1237.0;3202.4;0.1;1409.0;0;11
7;86;6.7;507.2;1623.0;2896.0;0.2;1409.0;0;11
7;87;8.0;438.4;1358.0;2952.1;0.1;1409.0;0;11
7;88;8.8;403.3;1444.0;2977.1;0.1;1409.0;0;11
7;89;7.5;433.6;1382.0;2749.4;0.2;1409.0;0;11
7;90;8.0;420.7;1447.0;2851.7;0.1;1409.0;0;11
7;91;8.9;389.6;1177.0;2913.3;0.1;1409.0;0;11
7;92;9.4;354.5;1169.0;2786.6;0.1;1409.0;0;11
7;93;6.7;466.2;1501.0;2667.6;0.2;1409.0;0;11
7;94;8.3;383.5;1306.0;2661.6;0.1;1409.0;0;11
7;95;6.4;475.7;1667.0;2596.7;0.2;1409.0;0;11
7;96;7.7;423.8;1367.0;2767.0;0.2;1409.0;0;11
7;97;7.4;427.8;1537.0;2667.9;0.2;1409.0;0;11
7;98;10.2;318.7;1012.0;2705.4;0.1;1409.0;0;11
7;99;7.9;397.7;1245.0;2637.7;0.2;1409.0;0;11
8;0;14.9;338.6;922.0;4126.9;0.1;3080.0;1;1
8;1;12.8;393.8;954.0;4152.4;0.1;2772.0;1;2
8;2;19.1;277.0;694.0;4275.9;0.1;2487.0;1;3
8;3;11.6;426.8;1206.0;4098.0;0.1;2311.0;1;4
8;4;9.0;553.9;1432.0;4148.6;0.1;2110.0;1;5
8;5;13.2;376.3;912.0;4078.4;0.1;1938.0;1;6
8;6;13.7;368.2;945.0;4118.4;0.1;1781.0;1;7
8;7;11.3;428.6;1138.0;4009.7;0.1;1648.0;1;8
8;8;9.9;476.8;1212.0;3907.3;0.1;1535.0;1;9
8;9;9.8;496.2;1256.0;4040.6;0.1;1421.0;1;10
8;10;9.6;492.8;1289.0;3938.1;0.1;1416.0;1;11
8;11;9.7;481.3;1145.0;3870.6;0.1;1416.0;0;11
8;12;12.1;398.5;1062.0;3979.9;0.1;1416.0;0;11
8;13;8.6;532.6;1406.0;3837.6;0.1;1416.0;0;11
8;14;11.3;406.4;949.0;3804.7;0.1;1416.0;0;11
8;15;9.8;459.1;1091.0;3742.9;0.1;1416.0;0;11
8;16;8.1;523.9;1315.0;3573.1;0.1;1416.0;0;11
8;17;10.3;436.4;1043.0;3727.9;0.1;1416.0;0;11
8;18;10.2;443.6;1143.0;3744.7;0.1;1416.0;0;11
8;19;9.1;482.0;1146.0;3654.4;0.1;1416.0;0;11
8;20;11.0;394.2;944.0;3590.6;0.1;1416.0;0;11
8;21;8.6;509.9;1343.0;3658.0;0.1;1416.0;0;11
8;22;8.6;500.2;1332.0;3591.1;0.1;1416.0;0;11
8;23;7.3;569.5;1396.0;3538.7;0.2;1416.0;0;11
8;24;7.5;537.0;1301.0;3406.6;0.2;1416.0;0;11
8;25;7.5;519.8;1289.0;3316.0;0.2;1416.0;0;11
8;26;6.7;581.1;1409.0;3333.4;0.2;1416.0;0;11
8;27;7.9;513.7;1250.0;3413.7;0.2;1416.0;0;11
8;28;6.6;600.0;1599.0;3360.3;0.2;1416.0;0;11
8;29;6.2;587.9;1330.0;3105.9;0.2;1416.0;0;11
8;30;8.6;424.1;1033.0;3045.6;0.1;1416.0;0;11
8;31;7.8;462.7;1148.0;3052.9;0.2;1416.0;0;11
8;32;5.6;621.5;1418.0;3013.3;0.2;1416.0;0;11
8;33;8.1;430.6;966.0;2932.0;0.1;1416.0;0;11
8;34;6.9;510.1;1293.0;2989.9;0.2;1416.0;0;11
8;35;8.4;408.7;1178.0;2894.6;0.1;1416.0;0;11
8;36;9.5;329.3;847.0;2603.0;0.1;1416.0;0;11
8;37;13.2;249.6;632.0;2701.7;0.1;1416.0;0;11
8;38;7.9;410.6;1005.0;2726.3;0.2;1416.0;0;11
8;39;8.5;386.3;957.0;2769.0;0.1;1416.0;0;11
8;40;7.0;465.6;1148.0;2776.9;0.2;1416.0;0;11
8;41;7.0;446.9;1140.0;2647.9;0.2;1416.0;0;11
8;42;8.3;365.2;980.0;2541.4;0.1;1416.0;0;11
8;43;9.9;322.7;768.0;2660.1;0.1;1416.0;0;11
8;44;6.4;454.5;1086.0;2482.3;0.2;1416.0;0;11
8;45;6.0;484.9;1253.0;2505.7;0.2;1416.0;0;11
8;46;6.9;458.7;1170.0;2686.7;0.2;1416.0;0;11
8;47;8.0;389.2;854.0;2619.3;0.1;1416.0;0;11
8;48;6.6;457.6;1171.0;2597.0;0.2;1416.0;0;11
8;49;6.4;474.8;1094.0;2597.7;0.2;1416.0;0;11
8;50;8.0;397.4;1158.0;2689.1;0.1;1416.0;0;11
8;51;9.0;346.5;878.0;2597.9;0.1;1416.0;0;11
8;52;8.0;393.5;1004.0;2643.0;0.1;1416.0;0;11
8;53;7.2;422.3;919.0;2589.4;0.2;1416.0;0;11
8;54;9.6;307.9;754.0;2472.7;0.1;1416.0;0;11
8;55;9.1;323.1;885.0;2447.1;0.1;1416.0;0;11
8;56;8.2;345.2;869.0;2382.4;0.1;1416.0;0;11
8;57;7.1;396.2;979.0;2376.0;0.2;1416.0;0;11
8;58;6.5;434.5;1079.0;2409.3;0.2;1416.0;0;11
8;59;13.9;219.4;585.0;2492.0;0.1;1416.0;0;11
8;60;15.1;193.1;483.0;2374.6;0.1;1416.0;0;11
8;61;8.3;347.8;1003.0;2421.1;0.1;1416.0;0;11
8;62;10.8;286.6;772.0;2557.9;0.1;1416.0;0;11
8;63;8.8;352.5;900.0;2598.0;0.1;1416.0;0;11
8;64;6.7;405.3;1041.0;2315.1;0.2;1416.0;0;11
8;65;8.4;349.6;1044.0;2466.1;0.1;1416.0;0;11
8;66;7.4;374.4;944.0;2359.1;0.2;1416.0;0;11
8;67;6.8;406.1;977.0;2367.7;0.2;1416.0;0;11
8;68;7.6;400.1;1042.0;2556.9;0.2;1416.0;0;11
8;69;7.1;399.8;1041.0;2399.4;0.2;1416.0;0;11
8;70;6.3;441.2;1221.0;2396.6;0.2;1416.0;0;11
8;71;6.2;487.4;1343.0;2588.7;0.2;1416.0;0;11
8;72;5.6;512.8;1360.0;2468.7;0.2;1416.0;0;11
8;73;8.1;369.5;972.0;2528.3;0.1;1416.0;0;11
8;74;5.5;522.1;1320.0;2507.4;0.2;1416.0;0;11
8;75;6.5;430.8;1103.0;2387.1;0.2;1416.0;0;11
8;76;8.3;348.0;997.0;2426.3;0.1;1416.0;0;11
8;77;8.5;463.7;1355.0;3323.6;0.1;1416.0;0;11
8;78;8.5;471.3;1261.0;3366.0;0.1;1416.0;0;11
8;79;8.0;499.5;1397.0;3365.1;0.1;1416.0;0;11
8;80;9.3;432.9;1148.0;3362.4;0.1;1416.0;0;11
8;81;9.7;419.3;1011.0;3374.4;0.1;1416.0;0;11
8;82;8.3;483.2;1294.0;3368.4;0.1;1416.0;0;11
8;83;9.3;418.5;1000.0;3260.3;0.1;1416.0;0;11
8;84;9.5;419.9;1103.0;3313.1;0.1;1416.0;0;11
8;85;9.4;388.1;1243.0;3035.6;0.1;1416.0;0;11
8;86;9.3;386.2;1249.0;3005.9;0.1;1416.0;0;11
8;87;9.3;386.4;1231.0;3007.9;0.1;1416.0;0;11
8;88;12.4;309.1;1054.0;3142.9;0.1;1416.0;0;11
8;89;10.5;359.1;1195.0;3139.0;0.1;1416.0;0;11
8;90;10.0;358.3;1136.0;2986.9;0.1;1416.0;0;11
8;91;8.5;391.5;1221.0;2807.3;0.1;1416.0;0;11
8;92;9.7;361.3;1174.0;2928.9;0.1;1416.0;0;11
8;93;9.7;348.6;1082.0;2801.9;0.1;1416.0;0;11
8;94;11.2;304.5;945.0;2805.7;0.1;1416.0;0;11
8;95;10.8;320.5;1087.0;2865.9;0.1;1416.0;0;11
8;96;8.6;368.8;1289.0;2667.6;0.1;1416.0;0;11
8;97;9.6;322.7;1044.0;2592.7;0.1;1416.0;0;11
8;98;10.3;310.0;961.0;2638.4;0.1;1416.0;0;11
8;99;10.7;289.4;940.0;2569.6;0.1;1416.0;0;11
9;0;10.2;487.9;1192.0;4120.9;0.1;2908.0;1;1
9;1;11.9;417.1;1046.0;4094.0;0.1;2389.0;1;2
9;2;14.3;362.1;1090.0;4228.4;0.1;2154.0;1;3
9;3;9.6;509.2;1291.0;4077.6;0.1;1971.0;1;4
9;4;9.5;526.0;1274.0;4149.7;0.1;1803.0;1;5
9;5;10.2;480.3;1202.0;4075.7;0.1;1686.0;1;6
9;6;12.3;404.7;1117.0;4091.6;0.1;1491.0;1;7
9;7;9.7;492.3;1241.0;3979.4;0.1;1420.0;1;8
9;8;10.2;474.7;1221.0;4024.7;0.1;1394.0;1;9
9;9;11.2;431.8;1138.0;3985.1;0.1;1393.0;1;10
9;10;15.0;321.9;784.0;3927.0;0.1;1393.0;0;10
9;11;12.6;371.9;920.0;3840.6;0.1;1393.0;0;10
9;12;12.6;370.4;899.0;3824.1;0.1;1393.0;0;10
9;13;9.0;508.3;1198.0;3806.4;0.1;1393.0;0;10
9;14;11.1;400.6;1094.0;3683.6;0.1;1393.0;0;10
9;15;7.6;562.8;1405.0;3618.6;0.2;1393.0;0;10
9;16;8.1;538.6;1312.0;3663.3;0.1;1393.0;0;10
9;17;10.7;422.7;1116.0;3734.4;0.1;1393.0;0;10
9;18;11.1;417.8;953.0;3840.6;0.1;1393.0;0;10
9;19;9.6;453.0;1037.0;3635.7;0.1;1393.0;0;10
9;20;9.7;451.4;1096.0;3661.0;0.1;1393.0;0;10
9;21;10.3;429.6;1088.0;3674.6;0.1;1393.0;0;10
9;22;9.2;467.9;1238.0;3577.6;0.1;1393.0;0;10
9;23;8.3;482.0;1087.0;3348.3;0.1;1393.0;0;10
9;24;10.5;393.5;949.0;3438.4;0.1;1393.0;0;10
9;25;7.1;549.7;1232.0;3331.0;0.2;1393.0;0;10
9;26;7.4;502.2;1289.0;3137.3;0.2;1393.0;0;10
9;27;9.5;406.3;1027.0;3215.3;0.1;1393.0;0;10
9;28;7.1;516.5;1322.0;3122.3;0.2;1393.0;0;10
9;29;9.8;387.0;934.0;3154.1;0.1;1393.0;0;10
9;30;6.3;565.6;1260.0;3033.7;0.2;1393.0;0;10
9;31;7.2;492.8;1305.0;3002.9;0.2;1393.0;0;10
9;32;8.0;451.3;1162.0;3045.4;0.1;1393.0;0;10
9;33;6.3;557.2;1505.0;2988.9;0.2;1393.0;0;10
9;34;5.7;576.9;1386.0;2851.1;0.2;1393.0;0;10
9;35;6.7;500.2;1308.0;2874.0;0.2;1393.0;0;10
9;36;8.9;357.4;990.0;2668.1;0.1;1393.0;0;10
9;37;7.9;427.6;998.0;2858.6;0.1;1393.0;0;10
9;38;9.1;355.7;770.0;2708.6;0.1;1393.0;0;10
9;39;8.7;362.6;885.0;2636.1;0.1;1393.0;0;10
9;40;10.0;310.8;805.0;2582.9;0.1;1393.0;0;10
9;41;8.2;371.5;865.0;2554.6;0.1;1393.0;0;10
9;42;9.1;367.2;947.0;2807.3;0.1;1393.0;0;10
9;43;8.4;369.7;896.0;2600.1;0.1;1393.0;0;10
9;44;6.8;418.8;1072.0;2416.1;0.2;1393.0;0;10
9;45;9.1;359.8;865.0;2740.6;0.1;1393.0;0;10
9;46;9.9;287.5;753.0;2376.1;0.1;1393.0;0;10
9;47;7.4;379.7;939.0;2387.1;0.2;1393.0;0;10
9;48;9.4;291.3;719.0;2290.4;0.1;1393.0;0;10
9;49;8.8;309.2;806.0;2269.9;0.1;1393.0;0;10
9;50;9.4;286.1;670.0;2233.4;0.1;1393.0;0;10
9;51;10.6;259.7;605.0;2284.9;0.1;1393.0;0;10
9;52;9.0;305.8;724.0;2304.3;0.1;1393.0;0;10
9;53;8.1;323.7;840.0;2214.3;0.1;1393.0;0;10
9;54;11.1;235.9;637.0;2172.3;0.1;1393.0;0;10
9;55;6.7;389.6;902.0;2223.4;0.2;1393.0;0;10
9;56;9.0;266.8;689.0;2003.3;0.1;1393.0;0;10
9;57;8.2;325.4;870.0;2238.6;0.1;1393.0;0;10
9;58;10.2;244.2;650.0;2065.3;0.1;1393.0;0;10
9;59;13.8;163.7;432.0;1844.0;0.1;1393.0;0;10
9;60;10.9;200.4;503.0;1808.4;0.1;1393.0;0;10
9;61;7.7;323.0;830.0;2100.3;0.2;1393.0;0;10
9;62;6.5;358.9;945.0;2006.1;0.2;1393.0;0;10
9;63;8.4;293.6;714.0;2067.9;0.1;1393.0;0;10
9;64;9.0;274.2;692.0;2053.3;0.1;1393.0;0;10
9;65;10.8;213.6;550.0;1909.6;0.1;1393.0;0;10
9;66;10.8;212.7;561.0;1902.0;0.1;1393.0;0;10
9;67;12.1;189.1;503.0;1877.6;0.1;1393.0;0;10
9;68;7.1;359.7;911.0;2181.3;0.2;1393.0;0;10
9;69;8.0;311.7;787.0;2110.9;0.1;1393.0;0;10
9;70;13.2;181.6;502.0;1962.1;0.1;1393.0;0;10
9;71;8.9;265.6;714.0;1988.6;0.1;1393.0;0;10
9;72;13.4;181.5;498.0;1994.3;0.1;1393.0;0;10
9;73;11.8;207.1;560.0;2009.0;0.1;1393.0;0;10
9;74;12.3;191.1;475.0;1926.3;0.1;1393.0;0;10
9;75;9.6;254.4;672.0;2028.9;0.1;1393.0;0;10
9;76;10.9;217.7;554.0;1954.9;0.1;1393.0;0;10
9;77;10.1;236.4;693.0;1974.7;0.1;1393.0;0;10
9;78;8.9;462.8;1172.0;3452.7;0.1;1393.0;0;10
9;79;9.2;448.6;1155.0;3448.6;0.1;1393.0;0;10
9;80;7.5;533.6;1485.0;3372.1;0.2;1393.0;0;10
9;81;9.7;410.1;1029.0;3312.9;0.1;1393.0;0;10
9;82;8.0;481.0;1235.0;3246.3;0.1;1393.0;0;10
9;83;8.8;445.5;1086.0;3273.6;0.1;1393.0;0;10
9;84;9.5;415.5;1026.0;3295.0;0.1;1393.0;0;10
9;85;8.3;481.0;1326.0;3356.0;0.1;1393.0;0;10
9;86;9.4;389.9;1253.0;3061.3;0.1;1393.0;0;10
9;87;9.6;383.8;1334.0;3077.3;0.1;1393.0;0;10
9;88;10.7;331.2;1047.0;2946.0;0.1;1393.0;0;10
9;89;9.3;370.5;1210.0;2866.0;0.1;1393.0;0;10
9;90;10.1;342.6;1079.0;2877.4;0.1;1393.0;0;10
9;91;10.0;324.8;1022.0;2690.1;0.1;1393.0;0;10
9;92;6.9;444.8;1345.0;2615.7;0.2;1393.0;0;10
9;93;12.4;276.2;875.0;2807.4;0.1;1393.0;0;10
9;94;8.1;381.8;1242.0;2613.9;0.1;1393.0;0;10
9;95;9.7;311.9;973.0;2521.0;0.1;1393.0;0;10
9;96;10.3;306.8;1026.0;2632.9;0.1;1393.0;0;10
9;97;10.2;294.1;976.0;2495.0;0.1;1393.0;0;10
9;98;14.5;234.2;795.0;2766.3;0.1;1393.0;0;10
9;99;8.3;350.6;1132.0;2451.4;0.1;1393.0;0;10
10;0;9.5;512.9;1470.0;4058.7;0.1;2683.0;1;1
10;1;8.8;556.3;1380.0;4106.4;0.1;2413.0;1;2
10;2;11.0;468.3;1223.0;4259.1;0.1;2153.0;1;3
10;3;10.4;484.6;1314.0;4172.6;0.1;1997.0;1;4
10;4;11.2;444.0;1254.0;4107.6;0.1;1837.0;1;5
10;5;10.8;447.7;1220.0;4007.4;0.1;1718.0;1;6
10;6;12.3;395.3;1034.0;4003.6;0.1;1550.0;1;7
10;7;10.6;457.6;1155.0;4003.4;0.1;1442.0;1;8
10;8;12.2;402.6;997.0;4031.3;0.1;1417.0;1;9
10;9;8.6;549.3;1410.0;3965.1;0.1;1417.0;0;9
10;10;10.3;479.4;1315.0;4107.3;0.1;1417.0;0;9
10;11;9.0;530.0;1282.0;3980.1;0.1;1417.0;0;9
10;12;10.6;458.0;1162.0;4009.4;0.1;1417.0;0;9
10;13;9.8;464.6;1207.0;3797.1;0.1;1417.0;0;9
10;14;9.5;493.6;1183.0;3915.3;0.1;1417.0;0;9
10;15;6.7;638.3;1637.0;3671.3;0.2;1417.0;0;9
10;16;7.6;568.9;1264.0;3651.6;0.2;1417.0;0;9
10;17;9.4;492.8;1221.0;3849.1;0.1;1417.0;0;9
10;18;8.7;531.7;1368.0;3870.3;0.1;1417.0;0;9
10;19;8.5;517.7;1197.0;3688.4;0.1;1417.0;0;9
10;20;7.9;551.1;1372.0;3687.7;0.1;1417.0;0;9
10;21;9.7;461.3;1182.0;3742.4;0.1;1417.0;0;9
10;22;9.4;476.7;1325.0;3736.4;0.1;1417.0;0;9
10;23;7.3;561.6;1311.0;3488.4;0.2;1416.0;1;10
10;24;6.9;584.0;1555.0;3430.4;0.2;1416.0;0;10
10;25;8.0;513.5;1221.0;3464.4;0.1;1416.0;0;10
10;26;8.0;506.2;1279.0;3407.6;0.1;1416.0;0;10
10;27;8.3;472.5;1263.0;3296.3;0.1;1416.0;0;10
10;28;6.6;543.0;1191.0;3071.7;0.2;1416.0;0;10
10;29;5.7;617.2;1545.0;3030.7;0.2;1416.0;0;10
10;30;7.1;525.4;1458.0;3160.9;0.2;1416.0;0;10
10;31;7.2;474.2;1284.0;2911.1;0.2;1416.0;0;10
10;32;8.5;431.0;1144.0;3059.4;0.1;1404.0;1;11
10;33;8.5;433.2;1146.0;3088.0;0.1;1404.0;0;11
10;34;7.9;462.6;1061.0;3080.0;0.2;1404.0;0;11
10;35;10.3;349.9;892.0;2985.1;0.1;1404.0;0;11
10;36;8.4;425.3;1081.0;2997.9;0.1;1404.0;0;11
10;37;6.9;525.8;1302.0;3088.1;0.2;1404.0;0;11
10;38;7.4;455.7;1056.0;2855.0;0.2;1404.0;0;11
10;39;6.8;490.5;1250.0;2829.9;0.2;1404.0;0;11
10;40;9.2;363.7;985.0;2782.1;0.1;1404.0;0;11
10;41;6.4;511.9;1285.0;2822.1;0.2;1404.0;0;11
10;42;9.6;371.4;1028.0;2957.4;0.1;1404.0;0;11
10;43;6.5;510.5;1200.0;2816.9;0.2;1404.0;0;11
10;44;6.8;501.8;1397.0;2900.7;0.2;1404.0;0;11
10;45;6.7;475.5;1246.0;2730.4;0.2;1404.0;0;11
10;46;8.2;416.9;967.0;2861.9;0.1;1404.0;0;11
10;47;7.5;449.1;1107.0;2853.9;0.2;1404.0;0;11
10;48;5.3;567.5;1319.0;2598.3;0.2;1404.0;0;11
10;49;6.7;484.9;1295.0;2787.7;0.2;1404.0;0;11
10;50;6.6;467.3;1200.0;2650.3;0.2;1404.0;0;11
10;51;5.4;544.9;1357.0;2550.6;0.2;1404.0;0;11
10;52;6.5;490.8;1243.0;2713.6;0.2;1404.0;0;11
10;53;8.4;416.2;943.0;2919.7;0.1;1404.0;0;11
10;54;5.8;541.0;1355.0;2715.0;0.2;1404.0;0;11
10;55;5.5;528.3;1309.0;2508.1;0.2;1404.0;0;11
10;56;6.1;500.9;1137.0;2609.1;0.2;1404.0;0;11
10;57;6.8;422.6;959.0;2432.1;0.2;1404.0;0;11
10;58;8.9;324.6;862.0;2417.4;0.1;1404.0;0;11
10;59;10.2;275.0;696.0;2336.0;0.1;1404.0;0;11
10;60;8.6;316.0;829.0;2289.1;0.1;1404.0;0;11
10;61;6.8;435.1;1167.0;2529.1;0.2;1404.0;0;11
10;62;7.8;365.8;966.0;2419.4;0.2;1404.0;0;11
10;63;5.8;526.0;1316.0;2613.1;0.2;1404.0;0;11
10;64;6.4;454.2;1152.0;2495.7;0.2;1404.0;0;11
10;65;6.9;428.0;1029.0;2514.4;0.2;1404.0;0;11
10;66;9.2;322.6;772.0;2475.6;0.1;1404.0;0;11
10;67;7.4;376.2;1050.0;2347.1;0.2;1404.0;0;11
10;68;5.9;448.4;1097.0;2292.1;0.2;1404.0;0;11
10;69;6.2;440.6;1191.0;2333.9;0.2;1404.0;0;11
10;70;9.8;272.8;689.0;2225.1;0.1;1404.0;0;11
10;71;8.6;333.4;908.0;2402.7;0.1;1404.0;0;11
10;72;7.0;378.4;1039.0;2242.4;0.2;1404.0;0;11
10;73;6.5;369.5;918.0;2050.0;0.2;1404.0;0;11
10;74;8.8;291.2;755.0;2137.6;0.1;1404.0;0;11
10;75;8.9;285.6;717.0;2117.3;0.1;1404.0;0;11
10;76;7.8;314.6;802.0;2076.3;0.2;1404.0;0;11
10;77;8.0;311.7;752.0;2090.4;0.1;1404.0;0;11
10;78;9.6;443.0;1237.0;3559.6;0.1;1404.0;0;11
10;79;9.7;448.1;1094.0;3604.3;0.1;1404.0;0;11
10;80;8.5;475.5;1280.0;3400.3;0.1;1404.0;0;11
10;81;9.7;430.3;1118.0;3477.7;0.1;1404.0;0;11
10;82;10.0;405.1;1174.0;3377.1;0.1;1404.0;0;11
10;83;10.0;406.8;990.0;3394.9;0.1;1404.0;0;11
10;84;7.6;519.1;1390.0;3350.7;0.2;1404.0;0;11
10;85;8.5;491.4;1210.0;3489.0;0.1;1404.0;0;11
10;86;7.9;480.4;1663.0;3190.0;0.2;1404.0;0;11
10;87;7.4;493.8;1610.0;3089.1;0.2;1404.0;0;11
10;88;10.2;387.1;1252.0;3283.1;0.1;1404.0;0;11
10;89;9.6;406.5;1427.0;3256.7;0.1;1404.0;0;11
10;90;10.1;363.9;1148.0;3063.1;0.1;1404.0;0;11
10;91;10.6;339.3;1149.0;2988.6;0.1;1404.0;0;11
10;92;6.4;479.0;1524.0;2625.7;0.2;1404.0;0;11
10;93;8.3;389.5;1235.0;2706.6;0.1;1404.0;0;11
10;94;8.8;375.1;1192.0;2768.4;0.1;1404.0;0;11
10;95;8.2;373.2;1238.0;2587.1;0.1;1404.0;0;11
10;96;7.4;414.6;1450.0;2586.7;0.2;1404.0;0;11
10;97;6.7;442.5;1356.0;2542.7;0.2;1404.0;0;11
10;98;6.4;469.4;1489.0;2552.9;0.2;1404.0;0;11
10;99;7.1;403.0;1263.0;2418.1;0.2;1404.0;0;11
11;0;11.9;428.1;1122.0;4189.3;0.1;3073.0;1;1
11;1;13.9;368.9;979.0;4179.1;0.1;2750.0;1;2
11;2;14.4;355.5;897.0;4187.6;0.1;2515.0;1;3
11;3;12.4;403.6;1006.0;4104.6;0.1;2284.0;1;4
11;4;11.7;421.8;1097.0;4078.3;0.1;2184.0;1;5
11;5;12.0;413.2;1076.0;4091.7;0.1;1931.0;1;6
11;6;10.0;492.6;1319.0;4080.4;0.1;1777.0;1;7
11;7;11.7;419.3;1072.0;4028.0;0.1;1636.0;1;8
11;8;15.1;334.8;1015.0;4124.0;0.1;1510.0;1;9
11;9;9.6;501.0;1300.0;4015.9;0.1;1424.0;1;10
11;10;8.2;577.7;1378.0;3975.6;0.1;1420.0;1;11
11;11;9.1;507.1;1267.0;3847.9;0.1;1420.0;0;11
11;12;10.7;444.8;1150.0;3953.1;0.1;1420.0;0;11
11;13;10.5;450.6;1225.0;3909.6;0.1;1420.0;0;11
11;14;11.3;427.1;1116.0;4001.1;0.1;1420.0;0;11
11;15;9.5;491.7;1170.0;3886.3;0.1;1420.0;0;11
11;16;6.5;646.9;1682.0;3611.3;0.2;1420.0;0;11
11;17;7.9;563.3;1377.0;3767.3;0.1;1420.0;0;11
11;18;9.1;497.1;1201.0;3774.3;0.1;1420.0;0;11
11;19;9.4;462.8;1112.0;3633.7;0.1;1420.0;0;11
11;20;8.4;514.2;1225.0;3614.0;0.1;1420.0;0;11
11;21;9.3;486.0;1177.0;3790.7;0.1;1420.0;0;11
11;22;9.3;459.8;1098.0;3567.0;0.1;1420.0;0;11
11;23;6.8;593.4;1378.0;3429.4;0.2;1411.0;1;12
11;24;7.6;537.5;1360.0;3458.1;0.2;1411.0;0;12
11;25;8.9;446.0;1070.0;3325.6;0.1;1411.0;0;12
11;26;9.0;476.5;1213.0;3569.3;0.1;1411.0;0;12
11;27;10.3;403.3;947.0;3433.0;0.1;1411.0;0;12
11;28;9.2;437.8;1002.0;3355.3;0.1;1411.0;0;12
11;29;7.2;535.4;1274.0;3250.9;0.2;1411.0;0;12
11;30;8.9;452.1;1150.0;3355.9;0.1;1411.0;0;12
11;31;7.2;513.3;1176.0;3149.3;0.2;1411.0;0;12
11;32;9.6;385.0;982.0;3063.9;0.1;1411.0;0;12
11;33;8.2;441.8;1280.0;3050.9;0.1;1411.0;0;12
11;34;7.5;494.8;1187.0;3138.3;0.2;1400.0;1;13
11;35;7.3;473.3;1055.0;2913.9;0.2;1400.0;0;13
11;36;8.6;396.9;963.0;2854.9;0.1;1400.0;0;13
11;37;8.8;393.8;1035.0;2898.1;0.1;1400.0;0;13
11;38;6.4;514.5;1380.0;2821.4;0.2;1400.0;0;13
11;39;8.5;373.6;1056.0;2670.4;0.1;1400.0;0;13
11;40;6.1;489.0;1167.0;2574.6;0.2;1400.0;0;13
11;41;8.8;384.8;931.0;2826.4;0.1;1400.0;0;13
11;42;7.8;386.6;937.0;2540.4;0.2;1400.0;0;13
11;43;5.3;545.0;1271.0;2510.0;0.2;1400.0;0;13
11;44;7.2;396.2;975.0;2419.7;0.2;1400.0;0;13
11;45;7.6;383.3;994.0;2474.0;0.2;1400.0;0;13
11;46;10.6;268.5;738.0;2363.9;0.1;1400.0;0;13
11;47;10.8;240.4;623.0;2155.4;0.1;1400.0;0;13
11;48;13.4;195.8;469.0;2148.9;0.1;1400.0;0;13
11;49;13.3;191.8;518.0;2088.6;0.1;1400.0;0;13
11;50;15.1;170.8;393.0;2098.0;0.1;1400.0;0;13
11;51;13.8;186.6;510.0;2111.3;0.1;1400.0;0;13
11;52;13.6;194.0;474.0;2165.3;0.1;1400.0;0;13
11;53;10.6;235.4;635.0;2059.3;0.1;1400.0;0;13
11;54;13.4;192.6;527.0;2107.9;0.1;1400.0;0;13
11;55;11.3;223.3;540.0;2090.7;0.1;1400.0;0;13
11;56;19.2;140.3;347.0;2180.7;0.1;1400.0;0;13
11;57;10.1;245.9;649.0;2072.7;0.1;1400.0;0;13
11;58;17.8;148.4;343.0;2144.7;0.1;1400.0;0;13
11;59;14.2;180.7;572.0;2090.1;0.1;1400.0;0;13
11;60;12.0;209.4;636.0;2063.1;0.1;1400.0;0;13
11;61;11.3;213.7;562.0;1995.4;0.1;1400.0;0;13
11;62;7.9;306.1;805.0;2031.9;0.2;1400.0;0;13
11;63;10.2;235.5;598.0;1987.9;0.1;1400.0;0;13
11;64;9.4;259.8;720.0;2039.1;0.1;1400.0;0;13
11;65;8.4;326.2;825.0;2309.9;0.1;1400.0;0;13
11;66;5.7;414.2;1035.0;2041.9;0.2;1400.0;0;13
11;67;7.3;369.3;1060.0;2284.3;0.2;1400.0;0;13
11;68;7.6;348.7;925.0;2230.3;0.2;1400.0;0;13
11;69;6.5;339.8;836.0;1883.9;0.2;1400.0;0;13
11;70;4.1;595.9;1462.0;2150.1;0.3;1400.0;0;13
11;71;5.9;435.6;1101.0;2201.7;0.2;1400.0;0;13
11;72;8.3;348.2;998.0;2432.6;0.1;1400.0;0;13
11;73;6.5;451.0;1134.0;2517.6;0.2;1400.0;0;13
11;74;6.7;373.5;941.0;2145.6;0.2;1400.0;0;13
11;75;10.5;244.4;750.0;2134.4;0.1;1400.0;0;13
11;76;16.4;151.1;457.0;2016.9;0.1;1400.0;0;13
11;77;16.1;157.2;458.0;2054.9;0.1;1400.0;0;13
11;78;8.8;256.2;699.0;1881.3;0.1;1400.0;0;13
11;79;7.2;338.6;886.0;2074.9;0.2;1400.0;0;13
11;80;9.4;429.0;1155.0;3378.3;0.1;1400.0;0;13
11;81;8.3;493.3;1301.0;3443.3;0.1;1400.0;0;13
11;82;10.0;412.2;1067.0;3417.9;0.1;1400.0;0;13
11;83;10.7;387.9;1038.0;3428.9;0.1;1400.0;0;13
11;84;9.1;437.6;1127.0;3340.9;0.1;1400.0;0;13
11;85;8.9;447.0;1167.0;3315.4;0.1;1400.0;0;13
11;86;9.0;436.3;1221.0;3288.3;0.1;1400.0;0;13
11;87;11.7;335.4;1089.0;3232.1;0.1;1400.0;0;13
11;88;9.6;392.8;1231.0;3130.6;0.1;1400.0;0;13
11;89;13.9;284.3;873.0;3231.1;0.1;1400.0;0;13
11;90;9.9;379.6;1221.0;3120.9;0.1;1400.0;0;13
11;91;11.1;346.1;1151.0;3184.3;0.1;1400.0;0;13
11;92;9.8;374.7;1231.0;3068.4;0.1;1400.0;0;13
11;93;15.8;236.5;718.0;3048.0;0.1;1400.0;0;13
11;94;8.9;391.6;1221.0;2931.7;0.1;1400.0;0;13
11;95;8.9;397.3;1427.0;2966.9;0.1;1400.0;0;13
11;96;7.5;447.3;1355.0;2821.6;0.2;1400.0;0;13
11;97;10.5;323.5;1088.0;2826.6;0.1;1400.0;0;13
11;98;10.6;310.6;1020.0;2737.7;0.1;1400.0;0;13
11;99;9.6;334.5;1079.0;2667.7;0.1;1400.0;0;13
12;0;9.1;532.0;1527.0;4049.1;0.1;2745.0;1;1
12;1;8.8;564.1;1560.0;4154.0;0.1;2439.0;1;2
12;2;10.9;451.6;1167.0;4063.7;0.1;2195.0;1;3
12;3;11.1;439.6;1293.0;4022.4;0.1;2010.0;1;4
12;4;10.5;458.0;1222.0;3985.1;0.1;1901.0;1;5
12;5;9.7;505.2;1389.0;4068.4;0.1;1735.0;1;6
12;6;12.0;415.4;1118.0;4093.1;0.1;1649.0;1;7
12;7;12.3;408.1;1147.0;4135.7;0.1;1479.0;1;8
12;8;11.0;452.6;1212.0;4101.1;0.1;1443.0;1;9
12;9;10.4;465.5;1164.0;4029.3;0.1;1443.0;0;9
12;10;7.6;591.6;1398.0;3819.1;0.2;1443.0;0;9
12;11;10.7;446.7;1110.0;3969.4;0.1;1443.0;0;9
12;12;9.1;493.0;1389.0;3752.1;0.1;1443.0;0;9
12;13;11.1;430.6;1304.0;3951.3;0.1;1443.0;0;9
12;14;9.0;520.0;1305.0;3923.0;0.1;1443.0;0;9
12;15;6.7;632.6;1715.0;3635.6;0.2;1443.0;0;9
12;16;8.9;511.6;1385.0;3807.1;0.1;1443.0;0;9
12;17;7.7;561.4;1392.0;3629.6;0.2;1443.0;0;9
12;18;8.1;531.8;1369.0;3638.4;0.1;1443.0;0;9
12;19;8.8;496.8;1246.0;3662.6;0.1;1443.0;0;9
12;20;8.8;493.0;1254.0;3622.1;0.1;1442.0;1;10
12;21;7.8;541.2;1358.0;3580.4;0.2;1442.0;0;10
12;22;9.9;432.5;1238.0;3559.6;0.1;1442.0;0;10
12;23;9.8;432.9;994.0;3542.6;0.1;1442.0;0;10
12;24;10.1;432.3;1152.0;3621.1;0.1;1442.0;0;10
12;25;12.6;339.5;848.0;3506.3;0.1;1442.0;0;10
12;26;7.7;524.1;1421.0;3394.1;0.2;1442.0;0;10
12;27;8.6;471.9;1275.0;3393.9;0.1;1442.0;0;10
12;28;8.1;495.6;1170.0;3390.0;0.1;1442.0;0;10
12;29;8.3;504.4;1295.0;3516.0;0.1;1442.0;0;10
12;30;7.8;500.0;1155.0;3303.4;0.2;1442.0;0;10
12;31;8.9;458.0;1089.0;3398.3;0.1;1431.0;1;11
12;32;10.8;381.1;1030.0;3396.0;0.1;1424.0;1;12
12;33;7.4;528.2;1474.0;3290.9;0.2;1424.0;0;12
12;34;5.7;640.3;1611.0;3148.0;0.2;1424.0;0;12
12;35;9.3;420.8;976.0;3251.9;0.1;1424.0;0;12
12;36;9.2;432.5;1003.0;3337.3;0.1;1424.0;0;12
12;37;7.5;499.7;1200.0;3190.7;0.2;1424.0;0;12
12;38;9.6;395.4;1010.0;3148.9;0.1;1424.0;0;12
12;39;6.6;541.6;1308.0;3032.9;0.2;1424.0;0;12
12;40;7.6;481.3;1125.0;3092.7;0.2;1424.0;0;12
12;41;8.4;433.0;1036.0;3049.4;0.1;1424.0;0;12
12;42;9.2;391.9;1013.0;3003.4;0.1;1424.0;0;12
12;43;7.4;472.5;1234.0;2977.0;0.2;1424.0;0;12
12;44;8.4;408.9;1006.0;2881.1;0.1;1424.0;0;12
12;45;8.4;403.5;987.0;2846.0;0.1;1424.0;0;12
12;46;5.8;553.6;1234.0;2775.6;0.2;1424.0;0;12
12;47;7.8;425.4;1013.0;2802.1;0.2;1424.0;0;12
12;48;8.6;399.0;965.0;2864.4;0.1;1424.0;0;12
12;49;9.0;385.3;992.0;2905.7;0.1;1424.0;0;12
12;50;7.3;424.3;986.0;2634.0;0.2;1424.0;0;12
12;51;6.9;475.4;1263.0;2786.4;0.2;1424.0;0;12
12;52;11.6;294.7;695.0;2830.6;0.1;1424.0;0;12
12;53;6.9;479.7;1261.0;2806.6;0.2;1424.0;0;12
12;54;7.3;438.8;1021.0;2700.0;0.2;1424.0;0;12
12;55;7.1;422.0;1050.0;2558.1;0.2;1424.0;0;12
12;56;9.3;320.8;762.0;2495.4;0.1;1424.0;0;12
12;57;9.4;317.8;754.0;2490.7;0.1;1424.0;0;12
12;58;8.4;334.7;932.0;2350.3;0.1;1424.0;0;12
12;59;9.0;303.1;829.0;2289.1;0.1;1424.0;0;12
12;60;6.7;360.1;897.0;2047.3;0.2;1424.0;0;12
12;61;9.2;307.4;813.0;2354.1;0.1;1424.0;0;12
12;62;7.7;355.0;930.0;2302.0;0.2;1424.0;0;12
12;63;8.1;356.6;814.0;2429.7;0.1;1424.0;0;12
12;64;8.6;330.0;902.0;2391.3;0.1;1424.0;0;12
12;65;8.1;324.4;875.0;2209.6;0.1;1424.0;0;12
12;66;9.1;281.2;665.0;2134.4;0.1;1424.0;0;12
12;67;9.4;263.5;678.0;2065.0;0.1;1424.0;0;12
12;68;9.1;270.2;705.0;2049.3;0.1;1424.0;0;12
12;69;11.9;217.3;581.0;2122.1;0.1;1424.0;0;12
12;70;12.8;205.6;506.0;2163.6;0.1;1424.0;0;12
12;71;11.9;220.6;594.0;2160.0;0.1;1424.0;0;12
12;72;9.3;258.9;665.0;2010.0;0.1;1424.0;0;12
12;73;11.9;212.4;564.0;2084.0;0.1;1424.0;0;12
12;74;13.2;192.2;476.0;2075.1;0.1;1424.0;0;12
12;75;11.4;217.1;630.0;2050.0;0.1;1424.0;0;12
12;76;13.6;187.3;469.0;2078.7;0.1;1424.0;0;12
12;77;12.0;223.8;555.0;2219.4;0.1;1424.0;0;12
12;78;6.8;582.9;1468.0;3392.1;0.2;1424.0;0;12
12;79;8.9;472.0;1183.0;3527.1;0.1;1424.0;0;12
12;80;7.7;538.4;1491.0;3484.6;0.2;1424.0;0;12
12;81;8.8;449.9;1321.0;3316.7;0.1;1424.0;0;12
12;82;7.8;530.5;1451.0;3474.0;0.2;1424.0;0;12
12;83;8.8;471.5;1159.0;3458.6;0.1;1424.0;0;12
12;84;7.0;557.1;1352.0;3301.0;0.2;1424.0;0;12
12;85;7.8;514.9;1322.0;3390.0;0.2;1424.0;0;12
12;86;9.6;378.1;1223.0;3027.3;0.1;1424.0;0;12
12;87;9.5;403.4;1425.0;3204.0;0.1;1424.0;0;12
12;88;10.0;373.1;1289.0;3090.1;0.1;1424.0;0;12
12;89;11.3;329.7;1038.0;3085.9;0.1;1424.0;0;12
12;90;11.0;351.2;1164.0;3204.6;0.1;1424.0;0;12
12;91;8.7;388.2;1386.0;2835.4;0.1;1424.0;0;12
12;92;7.0;440.1;1462.0;2621.3;0.2;1424.0;0;12
12;93;10.7;321.1;1052.0;2842.4;0.1;1424.0;0;12
12;94;13.9;250.7;830.0;2847.9;0.1;1424.0;0;12
12;95;10.1;306.3;962.0;2567.1;0.1;1424.0;0;12
12;96;10.3;316.4;1027.0;2699.7;0.1;1424.0;0;12
12;97;11.9;279.9;979.0;2741.1;0.1;1424.0;0;12
12;98;9.8;311.1;979.0;2536.0;0.1;1424.0;0;12
12;99;9.1;343.9;1131.0;2627.1;0.1;1424.0;0;12
13;0;10.5;470.6;1175.0;4096.4;0.1;2877.0;1;1
13;1;10.0;490.7;1175.0;4091.4;0.1;2667.0;1;2
13;2;10.7;453.8;1075.0;4032.3;0.1;2510.0;1;3
13;3;10.9;453.9;1157.0;4092.0;0.1;2256.0;1;4
13;4;12.6;402.0;952.0;4162.6;0.1;2067.0;1;5
13;5;10.2;477.9;1268.0;4060.4;0.1;1892.0;1;6
13;6;10.8;461.4;1077.0;4116.4;0.1;1696.0;1;7
13;7;8.8;546.1;1496.0;4018.1;0.1;1539.0;1;8
13;8;13.5;381.1;936.0;4197.4;0.1;1451.0;1;9
13;9;15.4;323.4;950.0;4051.6;0.1;1410.0;1;10
13;10;13.0;379.5;1052.0;4055.6;0.1;1407.0;1;11
13;11;9.0;528.6;1410.0;3989.7;0.1;1407.0;0;11
13;12;11.2;436.8;1121.0;4031.4;0.1;1407.0;0;11
13;13;9.5;491.3;1262.0;3880.3;0.1;1407.0;0;11
13;14;9.8;476.7;1060.0;3871.7;0.1;1407.0;0;11
13;15;10.7;426.4;963.0;3794.3;0.1;1407.0;0;11
13;16;8.7;519.1;1266.0;3777.0;0.1;1407.0;0;11
13;17;8.2;542.9;1317.0;3738.1;0.1;1407.0;0;11
13;18;7.4;572.6;1342.0;3599.4;0.2;1407.0;0;11
13;19;9.2;477.7;1087.0;3653.9;0.1;1407.0;0;11
13;20;7.5;567.6;1387.0;3599.1;0.2;1407.0;0;11
13;21;11.1;398.8;1060.0;3652.1;0.1;1407.0;0;11
13;22;7.8;515.6;1384.0;3408.9;0.2;1407.0;0;11
13;23;7.6;538.3;1219.0;3455.9;0.2;1407.0;0;11
13;24;8.5;476.6;1084.0;3381.6;0.1;1407.0;0;11
13;25;7.4;540.8;1308.0;3400.0;0.2;1407.0;0;11
13;26;10.1;409.3;1000.0;3428.9;0.1;1407.0;0;11
13;27;9.2;450.1;1000.0;3443.9;0.1;1407.0;0;11
13;28;8.1;499.9;1123.0;3427.9;0.1;1407.0;0;11
13;29;7.5;535.2;1451.0;3375.6;0.2;1407.0;0;11
13;30;7.0;569.2;1356.0;3398.7;0.2;1407.0;0;11
13;31;6.4;572.4;1480.0;3137.3;0.2;1407.0;0;11
13;32;7.9;514.4;1399.0;3419.9;0.2;1407.0;0;11
13;33;6.9;533.9;1343.0;3149.9;0.2;1407.0;0;11
13;34;8.9;451.9;1043.0;3368.9;0.1;1388.0;1;12
13;35;7.1;533.3;1226.0;3231.0;0.2;1388.0;0;12
13;36;5.8;617.8;1375.0;3079.4;0.2;1388.0;0;12
13;37;6.7;574.8;1350.0;3270.9;0.2;1388.0;0;12
13;38;7.1;526.8;1263.0;3189.0;0.2;1388.0;0;12
13;39;6.6;540.7;1414.0;3046.0;0.2;1388.0;0;12
13;40;7.7;481.5;1215.0;3148.1;0.2;1388.0;0;12
13;41;6.5;543.5;1497.0;2998.3;0.2;1388.0;0;12
13;42;6.5;537.9;1298.0;2992.7;0.2;1388.0;0;12
13;43;6.0;567.4;1333.0;2934.6;0.2;1388.0;0;12
13;44;7.6;489.0;1205.0;3142.1;0.2;1388.0;0;12
13;45;6.6;538.4;1289.0;3045.0;0.2;1388.0;0;12
13;46;7.7;488.0;1223.0;3179.1;0.2;1388.0;0;12
13;47;6.4;521.7;1258.0;2844.0;0.2;1388.0;0;12
13;48;5.2;595.0;1486.0;2710.3;0.2;1388.0;0;12
13;49;7.8;466.8;1047.0;3071.3;0.2;1388.0;0;12
13;50;7.6;441.8;1043.0;2855.4;0.2;1388.0;0;12
13;51;6.6;484.3;1216.0;2729.0;0.2;1388.0;0;12
13;52;6.8;456.8;1209.0;2656.7;0.2;1388.0;0;12
13;53;7.3;441.4;1118.0;2746.4;0.2;1388.0;0;12
13;54;6.0;491.7;1361.0;2540.3;0.2;1388.0;0;12
13;55;7.2;404.2;920.0;2478.0;0.2;1388.0;0;12
13;56;7.1;413.7;1010.0;2490.6;0.2;1388.0;0;12
13;57;8.0;370.0;924.0;2483.0;0.1;1388.0;0;12
13;58;8.6;322.7;904.0;2337.3;0.1;1388.0;0;12
13;59;8.0;358.0;981.0;2422.6;0.1;1388.0;0;12
13;60;5.6;452.1;1110.0;2185.3;0.2;1388.0;0;12
13;61;7.1;402.5;1113.0;2411.4;0.2;1388.0;0;12
13;62;6.0;461.4;1195.0;2378.9;0.2;1388.0;0;12
13;63;6.7;416.9;1232.0;2397.9;0.2;1388.0;0;12
13;64;5.4;487.6;1336.0;2269.6;0.2;1388.0;0;12
13;65;6.4;418.5;1129.0;2294.0;0.2;1388.0;0;12
13;66;6.9;401.7;1012.0;2344.9;0.2;1388.0;0;12
13;67;10.6;264.4;736.0;2319.7;0.1;1388.0;0;12
13;68;11.7;227.3;616.0;2198.0;0.1;1388.0;0;12
13;69;7.8;348.4;882.0;2294.6;0.2;1388.0;0;12
13;70;7.1;356.4;906.0;2135.6;0.2;1388.0;0;12
13;71;7.2;343.9;894.0;2089.9;0.2;1388.0;0;12
13;72;5.4;448.3;1154.0;2088.7;0.2;1388.0;0;12
13;73;7.1;365.2;967.0;2214.0;0.2;1388.0;0;12
13;74;7.0;366.0;908.0;2179.4;0.2;1388.0;0;12
13;75;6.6;378.8;896.0;2144.9;0.2;1388.0;0;12
13;76;7.0;361.6;989.0;2152.3;0.2;1388.0;0;12
13;77;7.1;358.3;934.0;2164.0;0.2;1388.0;0;12
13;78;6.8;371.9;925.0;2140.9;0.2;1388.0;0;12
13;79;7.5;340.1;888.0;2167.3;0.2;1388.0;0;12
13;80;11.6;359.0;980.0;3429.0;0.1;1388.0;0;12
13;81;7.2;555.5;1398.0;3387.7;0.2;1388.0;0;12
13;82;10.3;401.2;1037.0;3423.0;0.1;1388.0;0;12
13;83;8.2;480.1;1359.0;3322.1;0.1;1388.0;0;12
13;84;7.5;506.1;1402.0;3198.7;0.2;1388.0;0;12
13;85;10.4;398.4;1081.0;3427.4;0.1;1388.0;0;12
13;86;8.3;479.1;1431.0;3338.3;0.1;1388.0;0;12
13;87;10.1;384.1;1212.0;3213.0;0.1;1388.0;0;12
13;88;10.8;345.4;1127.0;3075.0;0.1;1388.0;0;12
13;89;10.5;345.0;1183.0;2994.6;0.1;1388.0;0;12
13;90;8.7;404.4;1438.0;2945.6;0.1;1388.0;0;12
13;91;9.3;351.0;1166.0;2725.3;0.1;1388.0;0;12
13;92;9.0;381.7;1267.0;2873.4;0.1;1388.0;0;12
13;93;9.4;336.2;1079.0;2648.1;0.1;1388.0;0;12
13;94;8.2;378.5;1292.0;2596.4;0.1;1388.0;0;12
13;95;7.3;399.7;1417.0;2474.7;0.2;1388.0;0;12
13;96;7.8;399.7;1308.0;2637.3;0.2;1388.0;0;12
13;97;7.0;410.2;1309.0;2434.4;0.2;1388.0;0;12
13;98;8.0;395.6;1176.0;2676.4;0.1;1388.0;0;12
13;99;8.3;352.4;1070.0;2462.6;0.1;1388.0;0;12
14;0;16.2;312.8;856.0;4108.0;0.1;3227.0;1;1
14;1;12.5;402.7;1032.0;4121.1;0.1;2929.0;1;2
14;2;12.0;414.7;1119.0;4109.0;0.1;2719.0;1;3
14;3;9.8;502.2;1215.0;4089.1;0.1;2513.0;1;4
14;4;9.7;506.1;1186.0;4098.9;0.1;2386.0;1;5
14;5;9.6;507.0;1236.0;4065.3;0.1;2279.0;1;6
14;6;15.6;333.7;890.0;4225.0;0.1;2150.0;1;7
14;7;10.5;469.2;1296.0;4068.9;0.1;1916.0;1;8
14;8;13.3;376.4;1107.0;4096.3;0.1;1683.0;1;9
14;9;8.8;541.8;1291.0;4009.1;0.1;1536.0;1;10
14;10;10.7;455.8;1317.0;4042.1;0.1;1454.0;1;11
14;11;8.3;572.7;1358.0;3995.3;0.1;1443.0;1;12
14;12;11.0;430.3;1079.0;3907.0;0.1;1443.0;0;12
14;13;9.7;497.0;1214.0;4018.9;0.1;1443.0;0;12
14;14;7.2;605.8;1437.0;3705.6;0.2;1443.0;0;12
14;15;8.7;522.4;1299.0;3814.6;0.1;1443.0;0;12
14;16;9.1;493.0;1167.0;3755.7;0.1;1443.0;0;12
14;17;7.4;575.1;1379.0;3623.0;0.2;1443.0;0;12
14;18;8.5;525.6;1204.0;3746.1;0.1;1443.0;0;12
14;19;8.8;518.7;1167.0;3827.0;0.1;1443.0;0;12
14;20;8.7;484.1;1135.0;3535.9;0.1;1443.0;0;12
14;21;9.6;467.8;1076.0;3731.6;0.1;1443.0;0;12
14;22;10.8;405.3;958.0;3615.6;0.1;1443.0;0;12
14;23;8.6;508.1;1226.0;3670.7;0.1;1443.0;0;12
14;24;9.8;434.8;1077.0;3532.4;0.1;1443.0;0;12
14;25;7.6;506.0;1265.0;3249.6;0.2;1442.0;1;13
14;26;8.4;499.6;1263.0;3529.1;0.1;1442.0;0;13
14;27;7.3;549.3;1402.0;3391.7;0.2;1442.0;0;13
14;28;6.0;622.2;1623.0;3211.9;0.2;1442.0;0;13
14;29;7.6;498.8;1166.0;3190.4;0.2;1442.0;0;13
14;30;9.3;414.0;1068.0;3225.7;0.1;1442.0;0;13
14;31;7.3;537.7;1497.0;3335.3;0.2;1442.0;0;13
14;32;7.0;515.2;1359.0;3063.6;0.2;1442.0;0;13
14;33;6.9;520.7;1270.0;3068.0;0.2;1442.0;0;13
14;34;7.3;511.6;1317.0;3155.7;0.2;1442.0;0;13
14;35;8.3;435.4;1182.0;3054.0;0.1;1442.0;0;13
14;36;7.8;461.7;1170.0;3034.7;0.2;1442.0;0;13
14;37;7.0;500.1;1267.0;2976.1;0.2;1442.0;0;13
14;38;7.6;454.1;1209.0;2909.6;0.2;1442.0;0;13
14;39;7.1;475.4;1116.0;2865.9;0.2;1442.0;0;13
14;40;6.3;522.1;1212.0;2823.0;0.2;1442.0;0;13
14;41;6.6;488.7;1093.0;2771.3;0.2;1442.0;0;13
14;42;7.4;458.6;1007.0;2864.4;0.2;1442.0;0;13
14;43;6.8;475.7;1209.0;2752.3;0.2;1442.0;0;13
14;44;9.3;348.0;841.0;2694.7;0.1;1442.0;0;13
14;45;7.5;387.2;849.0;2459.7;0.2;1442.0;0;13
14;46;7.7;426.9;1101.0;2778.3;0.2;1442.0;0;13
14;47;7.6;399.4;921.0;2552.9;0.2;1442.0;0;13
14;48;6.3;474.0;1169.0;2567.9;0.2;1442.0;0;13
14;49;6.8;458.1;1077.0;2658.1;0.2;1442.0;0;13
14;50;7.9;384.7;1017.0;2557.7;0.2;1442.0;0;13
14;51;6.7;431.7;1091.0;2480.4;0.2;1442.0;0;13
14;52;7.0;419.7;1042.0;2509.7;0.2;1442.0;0;13
14;53;6.9;380.0;1035.0;2222.9;0.2;1442.0;0;13
14;54;7.7;356.5;901.0;2308.1;0.2;1442.0;0;13
14;55;9.3;301.0;705.0;2332.3;0.1;1442.0;0;13
14;56;7.7;342.5;800.0;2230.7;0.2;1442.0;0;13
14;57;7.2;377.5;857.0;2316.7;0.2;1442.0;0;13
14;58;7.3;372.6;1045.0;2296.6;0.2;1442.0;0;13
14;59;8.1;331.0;815.0;2244.0;0.1;1442.0;0;13
14;60;10.2;221.0;544.0;1864.7;0.1;1442.0;0;13
14;61;8.3;304.1;834.0;2130.0;0.1;1442.0;0;13
14;62;10.5;234.1;689.0;2032.7;0.1;1442.0;0;13
14;63;14.9;149.0;364.0;1811.6;0.1;1442.0;0;13
14;64;12.3;177.7;451.0;1791.0;0.1;1442.0;0;13
14;65;10.3;221.3;555.0;1897.4;0.1;1442.0;0;13
14;66;6.5;377.2;951.0;2092.3;0.2;1442.0;0;13
14;67;7.1;351.7;892.0;2127.6;0.2;1442.0;0;13
14;68;7.5;345.7;889.0;2196.7;0.2;1442.0;0;13
14;69;7.5;329.7;869.0;2096.6;0.2;1442.0;0;13
14;70;7.7;329.1;884.0;2143.6;0.2;1442.0;0;13
14;71;7.4;333.1;934.0;2080.9;0.2;1442.0;0;13
14;72;7.6;315.7;800.0;2038.1;0.2;1442.0;0;13
14;73;10.2;241.3;601.0;2039.0;0.1;1442.0;0;13
14;74;9.6;256.5;688.0;2050.0;0.1;1442.0;0;13
14;75;11.6;196.0;459.0;1877.9;0.1;1442.0;0;13
14;76;11.8;189.0;453.0;1840.0;0.1;1442.0;0;13
14;77;12.1;185.9;500.0;1851.4;0.1;1442.0;0;13
14;78;11.3;195.4;536.0;1830.9;0.1;1442.0;0;13
14;79;11.1;199.5;504.0;1834.3;0.1;1442.0;0;13
14;80;9.0;294.7;810.0;2222.3;0.1;1442.0;0;13
14;81;8.7;288.4;869.0;2111.3;0.1;1442.0;0;13
14;82;11.5;365.9;999.0;3463.1;0.1;1442.0;0;13
14;83;10.8;397.2;1040.0;3558.4;0.1;1442.0;0;13
14;84;9.0;445.2;1241.0;3354.0;0.1;1442.0;0;13
14;85;8.3;466.8;1274.0;3274.4;0.1;1442.0;0;13
14;86;7.5;486.5;1217.0;3104.6;0.2;1442.0;0;13
14;87;8.6;459.7;1283.0;3301.0;0.1;1442.0;0;13
14;88;8.2;454.9;1530.0;3152.0;0.1;1442.0;0;13
14;89;10.3;369.1;1153.0;3158.7;0.1;1442.0;0;13
14;90;11.2;349.7;1066.0;3238.6;0.1;1442.0;0;13
14;91;9.3;382.6;1291.0;2971.9;0.1;1442.0;0;13
14;92;9.8;382.5;1238.0;3109.6;0.1;1442.0;0;13
14;93;10.1;347.2;1127.0;2899.9;0.1;1442.0;0;13
14;94;9.6;367.0;1226.0;2941.9;0.1;1442.0;0;13
14;95;9.6;352.7;1176.0;2830.1;0.1;1442.0;0;13
14;96;8.1;399.2;1427.0;2712.1;0.1;1442.0;0;13
14;97;8.9;373.1;1237.0;2774.4;0.1;1442.0;0;13
14;98;8.7;367.7;1213.0;2684.4;0.1;1442.0;0;13
14;99;10.3;291.7;882.0;2491.4;0.1;1442.0;0;13
15;0;12.0;427.1;1046.0;4231.0;0.1;3010.0;1;1
15;1;10.0;500.6;1280.0;4141.7;0.1;2589.0;1;2
15;2;11.5;431.7;1190.0;4088.7;0.1;2330.0;1;3
15;3;11.7;414.2;1016.0;4009.9;0.1;2205.0;1;4
15;4;9.0;543.9;1531.0;4087.6;0.1;2018.0;1;5
15;5;15.2;333.1;884.0;4122.9;0.1;1893.0;1;6
15;6;10.7;445.7;1103.0;3949.1;0.1;1759.0;1;7
15;7;11.1;438.8;1092.0;4017.7;0.1;1649.0;1;8
15;8;10.5;466.6;1218.0;4067.4;0.1;1580.0;1;9
15;9;10.2;476.6;1274.0;4028.1;0.1;1409.0;1;10
15;10;11.6;415.2;1042.0;3966.0;0.1;1402.0;1;11
15;11;12.7;376.1;943.0;3921.4;0.1;1402.0;0;11
15;12;12.4;383.0;1108.0;3918.1;0.1;1402.0;0;11
15;13;10.9;431.2;1032.0;3901.9;0.1;1402.0;0;11
15;14;7.7;568.2;1389.0;3680.1;0.2;1402.0;0;11
15;15;8.8;511.0;1172.0;3747.4;0.1;1402.0;0;11
15;16;9.2;467.1;1196.0;3600.6;0.1;1402.0;0;11
15;17;7.8;545.6;1222.0;3611.9;0.2;1402.0;0;11
15;18;7.6;589.6;1419.0;3791.0;0.2;1402.0;0;11
15;19;10.2;438.8;1039.0;3708.0;0.1;1402.0;0;11
15;20;10.2;440.6;1124.0;3748.3;0.1;1402.0;0;11
15;21;7.9;539.3;1364.0;3594.4;0.2;1402.0;0;11
15;22;9.6;463.7;1065.0;3700.3;0.1;1402.0;0;11
15;23;7.1;576.1;1340.0;3484.4;0.2;1402.0;0;11
15;24;9.8;442.3;1008.0;3602.0;0.1;1402.0;0;11
15;25;8.6;498.1;1095.0;3603.7;0.1;1402.0;0;11
15;26;7.6;564.0;1369.0;3614.9;0.2;1402.0;0;11
15;27;8.0;521.5;1199.0;3500.9;0.1;1402.0;0;11
15;28;8.7;454.2;1220.0;3302.1;0.1;1402.0;0;11
15;29;9.5;426.5;1029.0;3384.9;0.1;1402.0;0;11
15;30;7.0;534.2;1225.0;3168.9;0.2;1402.0;0;11
15;31;7.1;517.1;1163.0;3100.7;0.2;1402.0;0;11
15;32;9.6;392.9;966.0;3129.0;0.1;1402.0;0;11
15;33;8.2;437.3;1055.0;3028.0;0.1;1402.0;0;11
15;34;9.0;396.7;935.0;2995.6;0.1;1402.0;0;11
15;35;9.9;337.3;788.0;2780.1;0.1;1402.0;0;11
15;36;9.3;373.4;932.0;2913.1;0.1;1402.0;0;11
15;37;6.7;529.4;1327.0;3015.9;0.2;1402.0;0;11
15;38;8.6;428.6;1144.0;3078.6;0.1;1402.0;0;11
15;39;7.7;435.2;1177.0;2837.9;0.2;1402.0;0;11
15;40;7.8;436.2;1121.0;2878.7;0.2;1402.0;0;11
15;41;8.5;400.6;987.0;2843.9;0.1;1402.0;0;11
15;42;7.5;462.2;1145.0;2918.6;0.2;1402.0;0;11
15;43;7.5;448.7;1073.0;2834.1;0.2;1402.0;0;11
15;44;6.6;495.5;1287.0;2803.7;0.2;1402.0;0;11
15;45;6.6;485.7;1187.0;2736.3;0.2;1402.0;0;11
15;46;8.2;409.1;1004.0;2814.1;0.1;1402.0;0;11
15;47;6.4;494.7;1186.0;2704.4;0.2;1402.0;0;11
15;48;8.4;410.9;927.0;2907.7;0.1;1402.0;0;11
15;49;7.5;428.0;963.0;2724.3;0.2;1402.0;0;11
15;50;7.8;406.6;984.0;2684.4;0.2;1402.0;0;11
15;51;7.7;425.2;1075.0;2768.0;0.2;1402.0;0;11
15;52;8.8;375.8;954.0;2765.0;0.1;1402.0;0;11
15;53;9.5;353.7;910.0;2788.4;0.1;1402.0;0;11
15;54;8.9;367.6;827.0;2742.1;0.1;1402.0;0;11
15;55;7.4;435.1;1125.0;2720.7;0.2;1402.0;0;11
15;56;6.3;515.1;1290.0;2776.1;0.2;1402.0;0;11
15;57;9.4;355.5;829.0;2773.4;0.1;1402.0;0;11
15;58;7.4;456.5;1107.0;2844.4;0.2;1402.0;0;11
15;59;8.1;409.0;907.0;2783.4;0.1;1402.0;0;11
15;60;7.8;400.2;983.0;2645.6;0.2;1402.0;0;11
15;61;9.6;322.8;844.0;2585.1;0.1;1402.0;0;11
15;62;9.7;325.0;958.0;2615.9;0.1;1402.0;0;11
15;63;8.7;336.1;808.0;2454.1;0.1;1402.0;0;11
15;64;9.9;304.8;780.0;2513.1;0.1;1402.0;0;11
15;65;7.8;359.7;934.0;2380.4;0.2;1402.0;0;11
15;66;7.5;376.9;1041.0;2405.7;0.2;1402.0;0;11
15;67;10.7;278.6;736.0;2477.3;0.1;1402.0;0;11
15;68;6.8;392.8;930.0;2264.7;0.2;1402.0;0;11
15;69;8.6;306.8;733.0;2222.0;0.1;1402.0;0;11
15;70;9.6;287.2;737.0;2298.4;0.1;1402.0;0;11
15;71;10.2;272.5;707.0;2316.6;0.1;1402.0;0;11
15;72;8.3;320.1;790.0;2228.9;0.1;1402.0;0;11
15;73;9.8;276.7;691.0;2258.1;0.1;1402.0;0;11
15;74;8.7;305.0;761.0;2229.1;0.1;1402.0;0;11
15;75;10.5;263.4;674.0;2295.6;0.1;1402.0;0;11
15;76;14.6;198.6;533.0;2367.0;0.1;1402.0;0;11
15;77;9.4;284.7;711.0;2225.7;0.1;1402.0;0;11
15;78;9.9;272.8;710.0;2243.6;0.1;1402.0;0;11
15;79;8.2;316.7;793.0;2177.6;0.1;1402.0;0;11
15;80;8.5;321.6;843.0;2305.1;0.1;1402.0;0;11
15;81;9.9;272.1;682.0;2245.0;0.1;1402.0;0;11
15;82;9.6;276.3;642.0;2205.1;0.1;1402.0;0;11
15;83;10.5;265.1;665.0;2300.0;0.1;1402.0;0;11
15;84;8.0;519.5;1482.0;3518.4;0.1;1402.0;0;11
15;85;8.2;507.7;1369.0;3518.1;0.1;1402.0;0;11
15;86;8.4;471.0;1148.0;3330.7;0.1;1402.0;0;11
15;87;8.2;489.1;1278.0;3375.4;0.1;1402.0;0;11
15;88;7.1;534.8;1351.0;3242.1;0.2;1402.0;0;11
15;89;9.5;403.6;1296.0;3204.6;0.1;1402.0;0;11
15;90;11.6;334.0;1074.0;3199.3;0.1;1402.0;0;11
15;91;10.4;355.4;1101.0;3073.3;0.1;1402.0;0;11
15;92;8.2;457.2;1419.0;3170.7;0.1;1402.0;0;11
15;93;7.2;479.1;1672.0;2912.7;0.2;1402.0;0;11
15;94;8.0;424.8;1433.0;2877.3;0.1;1402.0;0;11
15;95;9.9;356.9;1158.0;2931.3;0.1;1402.0;0;11
15;96;11.4;316.3;1056.0;2973.0;0.1;1402.0;0;11
15;97;7.7;415.8;1360.0;2695.3;0.2;1402.0;0;11
15;98;7.0;460.9;1562.0;2754.7;0.2;1402.0;0;11
15;99;9.4;344.5;1083.0;2704.4;0.1;1402.0;0;11
16;0;13.3;386.3;1036.0;4202.6;0.1;3178.0;1;1
16;1;12.7;401.7;1062.0;4184.0;0.1;2894.0;1;2
16;2;12.8;394.4;1103.0;4128.3;0.1;2494.0;1;3
16;3;14.7;345.6;917.0;4132.7;0.1;2235.0;1;4
16;4;10.0;487.6;1292.0;4062.9;0.1;2036.0;1;5
16;5;11.6;436.1;1124.0;4157.6;0.1;1832.0;1;6
16;6;8.4;581.3;1447.0;4088.3;0.1;1647.0;1;7
16;7;9.6;506.7;1422.0;4037.7;0.1;1533.0;1;8
16;8;11.0;450.4;1199.0;4083.0;0.1;1434.0;1;9
16;9;8.9;530.1;1293.0;3961.1;0.1;1434.0;0;9
16;10;14.7;330.7;924.0;3974.3;0.1;1434.0;0;9
16;11;11.5;417.7;1055.0;3973.9;0.1;1434.0;0;9
16;12;10.6;452.2;1132.0;3965.7;0.1;1434.0;0;9
16;13;9.1;500.2;1221.0;3799.9;0.1;1434.0;0;9
16;14;8.2;544.6;1284.0;3741.3;0.1;1434.0;0;9
16;15;8.7;534.2;1190.0;3892.9;0.1;1434.0;0;9
16;16;8.8;515.6;1169.0;3800.4;0.1;1434.0;0;9
16;17;8.3;523.6;1249.0;3656.0;0.1;1434.0;0;9
16;18;7.9;534.7;1298.0;3558.1;0.2;1434.0;0;9
16;19;9.1;483.3;1198.0;3666.9;0.1;1434.0;0;9
16;20;8.4;510.4;1200.0;3582.7;0.1;1405.0;1;10
16;21;7.3;568.4;1378.0;3517.9;0.2;1405.0;0;10
16;22;9.4;444.5;1029.0;3493.9;0.1;1405.0;0;10
16;23;9.1;458.4;1064.0;3469.3;0.1;1405.0;0;10
16;24;11.7;375.6;903.0;3611.6;0.1;1405.0;0;10
16;25;8.9;463.8;1233.0;3460.1;0.1;1405.0;0;10
16;26;8.7;477.9;1111.0;3479.9;0.1;1405.0;0;10
16;27;8.7;449.6;1134.0;3278.4;0.1;1405.0;0;10
16;28;8.0;507.6;1112.0;3403.9;0.1;1405.0;0;10
16;29;7.7;526.6;1250.0;3424.9;0.2;1405.0;0;10
16;30;7.1;548.2;1293.0;3287.9;0.2;1405.0;0;10
16;31;9.7;395.3;1023.0;3201.4;0.1;1405.0;0;10
16;32;9.7;407.6;963.0;3282.9;0.1;1405.0;0;10
16;33;9.9;384.5;906.0;3177.9;0.1;1405.0;0;10
16;34;7.4;479.2;1205.0;3001.1;0.2;1405.0;0;10
16;35;6.8;501.2;1258.0;2921.9;0.2;1405.0;0;10
16;36;11.9;325.6;781.0;3180.9;0.1;1405.0;0;10
16;37;6.3;541.5;1293.0;2904.9;0.2;1405.0;0;10
16;38;6.6;533.6;1457.0;2993.9;0.2;1405.0;0;10
16;39;6.7;529.7;1443.0;3034.7;0.2;1405.0;0;10
16;40;6.5;483.5;1154.0;2682.3;0.2;1405.0;0;10
16;41;6.2;513.1;1210.0;2710.0;0.2;1405.0;0;10
16;42;7.5;451.3;1029.0;2860.1;0.2;1405.0;0;10
16;43;7.6;436.5;1099.0;2819.1;0.2;1405.0;0;10
16;44;6.9;484.1;1157.0;2851.6;0.2;1405.0;0;10
16;45;7.5;416.6;1002.0;2634.0;0.2;1405.0;0;10
16;46;7.2;449.2;1172.0;2745.9;0.2;1405.0;0;10
16;47;7.2;455.1;1046.0;2782.3;0.2;1405.0;0;10
16;48;6.8;478.2;1230.0;2786.6;0.2;1405.0;0;10
16;49;6.9;426.1;1007.0;2489.1;0.2;1405.0;0;10
16;50;7.9;394.8;961.0;2622.9;0.2;1405.0;0;10
16;51;6.2;499.5;1234.0;2658.9;0.2;1405.0;0;10
16;52;6.5;487.5;1149.0;2706.3;0.2;1405.0;0;10
16;53;6.1;500.4;1164.0;2606.6;0.2;1405.0;0;10
16;54;6.9;466.4;1203.0;2752.0;0.2;1405.0;0;10
16;55;6.3;483.2;1245.0;2603.0;0.2;1405.0;0;10
16;56;7.4;406.5;1033.0;2551.1;0.2;1405.0;0;10
16;57;4.9;581.7;1303.0;2498.4;0.2;1405.0;0;10
16;58;9.2;347.7;798.0;2681.1;0.1;1405.0;0;10
16;59;9.1;332.4;750.0;2536.6;0.1;1405.0;0;10
16;60;7.3;398.2;1136.0;2448.4;0.2;1405.0;0;10
16;61;5.8;493.1;1273.0;2475.9;0.2;1405.0;0;10
16;62;6.8;446.3;1151.0;2583.9;0.2;1405.0;0;10
16;63;6.3;485.4;1373.0;2628.1;0.2;1405.0;0;10
16;64;4.9;564.9;1557.0;2431.4;0.2;1405.0;0;10
16;65;6.3;429.4;1040.0;2331.9;0.2;1405.0;0;10
16;66;6.2;475.6;1322.0;2532.7;0.2;1405.0;0;10
16;67;7.5;336.3;885.0;2144.4;0.2;1405.0;0;10
16;68;8.3;311.5;791.0;2168.7;0.1;1405.0;0;10
16;69;7.1;389.1;1053.0;2351.1;0.2;1405.0;0;10
16;70;8.4;335.6;865.0;2378.4;0.1;1405.0;0;10
16;71;6.2;452.1;1130.0;2397.0;0.2;1405.0;0;10
16;72;6.0;480.6;1231.0;2461.7;0.2;1405.0;0;10
16;73;6.3;451.2;1229.0;2436.6;0.2;1405.0;0;10
16;74;7.0;383.8;975.0;2296.7;0.2;1405.0;0;10
16;75;11.4;262.7;625.0;2464.4;0.1;1405.0;0;10
16;76;6.9;397.4;966.0;2346.6;0.2;1405.0;0;10
16;77;9.8;284.5;839.0;2313.4;0.1;1405.0;0;10
16;78;8.1;329.8;901.0;2253.4;0.1;1405.0;0;10
16;79;7.0;389.5;1122.0;2321.7;0.2;1405.0;0;10
16;80;11.5;231.2;644.0;2200.0;0.1;1405.0;0;10
16;81;9.2;446.3;1122.0;3438.1;0.1;1405.0;0;10
16;82;7.3;541.5;1397.0;3335.0;0.2;1405.0;0;10
16;83;10.1;407.2;1074.0;3416.0;0.1;1405.0;0;10
16;84;8.8;470.8;1213.0;3456.6;0.1;1405.0;0;10
16;85;8.2;498.2;1474.0;3433.7;0.1;1405.0;0;10
16;86;9.6;427.3;1157.0;3428.1;0.1;1405.0;0;10
16;87;8.0;482.3;1198.0;3236.4;0.1;1405.0;0;10
16;88;8.7;422.4;1383.0;3081.0;0.1;1405.0;0;10
16;89;7.0;487.0;1654.0;2907.7;0.2;1405.0;0;10
16;90;8.2;464.0;1537.0;3211.6;0.1;1405.0;0;10
16;91;8.1;445.9;1493.0;3057.4;0.1;1405.0;0;10
16;92;10.1;365.2;1176.0;3078.3;0.1;1405.0;0;10
16;93;7.6;443.0;1396.0;2852.7;0.2;1405.0;0;10
16;94;8.4;399.8;1424.0;2833.4;0.1;1405.0;0;10
16;95;9.2;378.1;1263.0;2899.4;0.1;1405.0;0;10
16;96;7.3;433.8;1412.0;2700.3;0.2;1405.0;0;10
16;97;9.9;339.1;1079.0;2799.4;0.1;1405.0;0;10
16;98;9.3;325.4;1034.0;2535.6;0.1;1405.0;0;10
16;99;10.1;342.1;1091.0;2880.3;0.1;1405.0;0;10
17;0;9.2;546.6;1268.0;4218.9;0.1;3077.0;1;1
17;1;10.1;479.3;1189.0;4014.7;0.1;2764.0;1;2
17;2;14.6;343.2;839.0;4093.9;0.1;2588.0;1;3
17;3;10.2;489.2;1367.0;4131.3;0.1;2423.0;1;4
17;4;11.5;440.8;1030.0;4169.6;0.1;2208.0;1;5
17;5;9.6;511.3;1183.0;4103.1;0.1;1958.0;1;6
17;6;11.8;428.0;1245.0;4163.3;0.1;1855.0;1;7
17;7;10.6;473.5;1302.0;4148.3;0.1;1673.0;1;8
17;8;11.5;435.8;1113.0;4140.0;0.1;1507.0;1;9
17;9;12.0;406.9;1135.0;4010.9;0.1;1443.0;1;10
17;10;11.6;422.9;1154.0;4043.7;0.1;1441.0;1;11
17;11;10.7;458.1;1268.0;4049.9;0.1;1441.0;0;11
17;12;10.7;433.5;1066.0;3824.3;0.1;1441.0;0;11
17;13;10.0;486.1;1252.0;4037.7;0.1;1441.0;0;11
17;14;9.6;480.5;1145.0;3830.7;0.1;1441.0;0;11
17;15;8.7;515.2;1306.0;3765.6;0.1;1441.0;0;11
17;16;11.0;426.2;1043.0;3862.6;0.1;1441.0;0;11
17;17;9.1;483.6;1183.0;3670.9;0.1;1441.0;0;11
17;18;7.4;583.2;1414.0;3661.1;0.2;1441.0;0;11
17;19;10.2;440.5;1074.0;3714.4;0.1;1441.0;0;11
17;20;12.3;371.0;942.0;3759.6;0.1;1441.0;0;11
17;21;9.4;440.1;962.0;3448.0;0.1;1441.0;0;11
17;22;9.5;446.7;1238.0;3520.7;0.1;1441.0;0;11
17;23;8.4;520.9;1126.0;3672.4;0.1;1441.0;0;11
17;24;9.9;447.9;1099.0;3670.9;0.1;1441.0;0;11
17;25;8.1;499.3;1213.0;3395.3;0.1;1441.0;0;11
17;26;8.0;515.2;1235.0;3475.3;0.1;1441.0;0;11
17;27;8.5;472.9;1172.0;3378.6;0.1;1441.0;0;11
17;28;7.6;529.9;1318.0;3409.7;0.2;1441.0;0;11
17;29;7.7;512.7;1225.0;3318.9;0.2;1441.0;0;11
17;30;7.6;545.0;1154.0;3522.9;0.2;1441.0;0;11
17;31;7.0;531.5;1281.0;3171.3;0.2;1441.0;0;11
17;32;6.7;584.7;1418.0;3358.7;0.2;1441.0;0;11
17;33;6.7;572.0;1425.0;3266.6;0.2;1441.0;0;11
17;34;7.2;544.6;1232.0;3330.1;0.2;1441.0;0;11
17;35;10.3;364.1;946.0;3118.0;0.1;1441.0;0;11
17;36;7.8;467.5;1079.0;3059.9;0.2;1441.0;0;11
17;37;8.5;452.7;981.0;3225.9;0.1;1441.0;0;11
17;38;6.3;565.1;1268.0;3068.1;0.2;1441.0;0;11
17;39;6.5;531.6;1168.0;2959.3;0.2;1441.0;0;11
17;40;7.4;472.7;1205.0;2955.6;0.2;1441.0;0;11
17;41;5.5;592.2;1432.0;2833.0;0.2;1441.0;0;11
17;42;7.3;480.1;1213.0;2971.9;0.2;1441.0;0;11
17;43;6.4;489.7;1215.0;2692.3;0.2;1441.0;0;11
17;44;6.3;489.2;1182.0;2655.1;0.2;1441.0;0;11
17;45;8.1;399.7;1044.0;2741.0;0.1;1441.0;0;11
17;46;7.6;440.0;1192.0;2841.7;0.2;1441.0;0;11
17;47;6.0;528.7;1197.0;2727.3;0.2;1441.0;0;11
17;48;5.4;551.2;1230.0;2586.3;0.2;1441.0;0;11
17;49;5.9;520.7;1304.0;2650.0;0.2;1441.0;0;11
17;50;6.9;460.8;1110.0;2693.3;0.2;1441.0;0;11
17;51;7.6;405.6;1072.0;2598.6;0.2;1441.0;0;11
17;52;5.2;574.7;1383.0;2607.4;0.2;1441.0;0;11
17;53;8.4;415.2;937.0;2941.9;0.1;1441.0;0;11
17;54;6.3;518.9;1398.0;2804.7;0.2;1441.0;0;11
17;55;5.1;574.5;1392.0;2540.9;0.2;1441.0;0;11
17;56;5.4;559.6;1412.0;2630.4;0.2;1441.0;0;11
17;57;4.9;609.2;1328.0;2601.4;0.2;1441.0;0;11
17;58;5.8;567.8;1344.0;2843.1;0.2;1441.0;0;11
17;59;6.8;448.2;1152.0;2610.6;0.2;1441.0;0;11
17;60;6.7;428.8;1013.0;2458.9;0.2;1441.0;0;11
17;61;5.6;493.5;1264.0;2387.7;0.2;1441.0;0;11
17;62;8.6;362.6;959.0;2627.7;0.1;1441.0;0;11
17;63;5.7;481.1;1239.0;2365.0;0.2;1441.0;0;11
17;64;5.9;442.5;1215.0;2257.6;0.2;1441.0;0;11
17;65;7.5;363.7;977.0;2307.6;0.2;1441.0;0;11
17;66;8.3;312.9;802.0;2194.9;0.1;1441.0;0;11
17;67;6.4;384.8;1148.0;2099.3;0.2;1441.0;0;11
17;68;10.9;244.7;669.0;2207.7;0.1;1441.0;0;11
17;69;7.9;359.2;899.0;2391.0;0.2;1441.0;0;11
17;70;8.8;320.1;887.0;2357.3;0.1;1441.0;0;11
17;71;6.3;422.1;1098.0;2291.0;0.2;1441.0;0;11
17;72;6.8;396.5;1015.0;2284.0;0.2;1441.0;0;11
17;73;10.1;259.9;653.0;2186.6;0.1;1441.0;0;11
17;74;9.4;283.1;867.0;2217.1;0.1;1441.0;0;11
17;75;9.2;282.7;694.0;2162.6;0.1;1441.0;0;11
17;76;8.5;303.7;834.0;2177.9;0.1;1441.0;0;11
17;77;10.2;272.4;693.0;2309.0;0.1;1441.0;0;11
17;78;8.6;298.3;747.0;2162.1;0.1;1441.0;0;11
17;79;8.0;335.0;904.0;2258.7;0.1;1441.0;0;11
17;80;8.2;313.6;843.0;2155.3;0.1;1441.0;0;11
17;81;12.4;209.7;554.0;2135.3;0.1;1441.0;0;11
17;82;8.2;309.5;743.0;2122.7;0.1;1441.0;0;11
17;83;8.3;495.0;1344.0;3464.0;0.1;1441.0;0;11
17;84;9.8;432.0;1119.0;3508.4;0.1;1441.0;0;11
17;85;9.0;451.6;1176.0;3416.3;0.1;1441.0;0;11
17;86;8.0;481.0;1331.0;3251.7;0.1;1441.0;0;11
17;87;7.9;496.8;1407.0;3326.6;0.1;1441.0;0;11
17;88;8.0;495.5;1300.0;3333.6;0.1;1441.0;0;11
17;89;10.6;375.4;1231.0;3297.3;0.1;1441.0;0;11
17;90;8.5;436.5;1416.0;3118.7;0.1;1441.0;0;11
17;91;11.1;357.5;1133.0;3272.6;0.1;1441.0;0;11
17;92;9.2;411.3;1298.0;3161.0;0.1;1441.0;0;11
17;93;9.7;382.3;1162.0;3093.1;0.1;1441.0;0;11
17;94;7.9;482.3;1643.0;3225.6;0.1;1441.0;0;11
17;95;6.4;494.3;1580.0;2712.0;0.2;1441.0;0;11
17;96;8.7;417.4;1264.0;3052.3;0.1;1441.0;0;11
17;97;8.6;409.9;1338.0;2950.6;0.1;1441.0;0;11
17;98;9.7;367.3;1166.0;2980.9;0.1;1441.0;0;11
17;99;8.8;399.9;1340.0;2935.3;0.1;1441.0;0;11
18;0;10.4;488.2;1295.0;4220.1;0.1;3050.0;1;1
18;1;11.4;432.6;1071.0;4071.0;0.1;2725.0;1;2
18;2;10.6;455.8;1073.0;4019.6;0.1;2371.0;1;3
18;3;10.1;487.1;1210.0;4087.7;0.1;2175.0;1;4
18;4;10.2;480.5;1350.0;4061.6;0.1;1999.0;1;5
18;5;10.4;477.7;1332.0;4110.0;0.1;1784.0;1;6
18;6;12.1;402.9;1032.0;4026.0;0.1;1668.0;1;7
18;7;11.2;429.4;1055.0;3982.6;0.1;1505.0;1;8
18;8;9.6;507.6;1291.0;4065.1;0.1;1413.0;1;9
18;9;9.0;534.0;1356.0;4024.1;0.1;1411.0;1;10
18;10;16.2;306.1;710.0;4018.6;0.1;1411.0;0;10
18;11;8.7;553.2;1467.0;4024.3;0.1;1411.0;0;10
18;12;8.2;557.6;1428.0;3862.0;0.1;1411.0;0;10
18;13;9.4;495.5;1356.0;3882.6;0.1;1411.0;0;10
18;14;8.4;538.5;1425.0;3792.9;0.1;1411.0;0;10
18;15;9.2;489.7;1147.0;3768.3;0.1;1411.0;0;10
18;16;6.6;641.2;1661.0;3589.0;0.2;1411.0;0;10
18;17;8.4;502.8;1233.0;3561.4;0.1;1411.0;0;10
18;18;7.9;533.7;1175.0;3559.6;0.1;1411.0;0;10
18;19;9.3;487.2;1240.0;3773.6;0.1;1411.0;0;10
18;20;9.0;493.0;1162.0;3728.1;0.1;1411.0;0;10
18;21;7.3;576.6;1463.0;3591.1;0.2;1411.0;0;10
18;22;8.3;501.8;1218.0;3520.0;0.1;1411.0;0;10
18;23;9.6;453.0;1158.0;3634.3;0.1;1411.0;0;10
18;24;8.9;473.1;1182.0;3507.6;0.1;1411.0;0;10
18;25;7.8;525.5;1309.0;3454.4;0.2;1411.0;0;10
18;26;9.6;417.9;981.0;3335.0;0.1;1411.0;0;10
18;27;12.1;355.4;851.0;3550.4;0.1;1411.0;0;10
18;28;7.9;506.1;1163.0;3357.0;0.2;1411.0;0;10
18;29;8.2;491.9;1101.0;3399.0;0.1;1411.0;0;10
18;30;10.7;395.6;984.0;3519.9;0.1;1411.0;0;10
18;31;9.3;445.9;1192.0;3451.3;0.1;1411.0;0;10
18;32;6.0;652.4;1548.0;3343.9;0.2;1411.0;0;10
18;33;6.0;648.4;1652.0;3334.6;0.2;1411.0;0;10
18;34;7.0;497.9;1162.0;2965.0;0.2;1404.0;1;11
18;35;9.1;416.4;965.0;3180.7;0.1;1404.0;0;11
18;36;7.7;477.9;1219.0;3116.3;0.2;1404.0;0;11
18;37;8.3;430.2;1016.0;2998.9;0.1;1404.0;0;11
18;38;7.0;490.2;1193.0;2929.1;0.2;1404.0;0;11
18;39;9.4;383.1;901.0;2995.4;0.1;1404.0;0;11
18;40;7.0;498.7;1318.0;2985.1;0.2;1404.0;0;11
18;41;7.8;420.2;1084.0;2781.7;0.2;1404.0;0;11
18;42;8.0;385.9;1028.0;2612.1;0.1;1404.0;0;11
18;43;9.3;322.6;895.0;2491.7;0.1;1404.0;0;11
18;44;10.2;303.6;770.0;2569.4;0.1;1404.0;0;11
18;45;9.2;321.0;909.0;2456.6;0.1;1404.0;0;11
18;46;8.2;371.4;886.0;2575.3;0.1;1404.0;0;11
18;47;10.7;285.5;712.0;2537.4;0.1;1404.0;0;11
18;48;12.8;234.3;583.0;2458.7;0.1;1404.0;0;11
18;49;10.5;293.0;683.0;2556.1;0.1;1404.0;0;11
18;50;7.4;401.9;1034.0;2510.7;0.2;1404.0;0;11
18;51;10.7;281.4;661.0;2493.9;0.1;1404.0;0;11
18;52;9.0;319.2;784.0;2408.6;0.1;1404.0;0;11
18;53;13.1;220.0;537.0;2359.3;0.1;1404.0;0;11
18;54;6.6;416.5;1146.0;2337.1;0.2;1404.0;0;11
18;55;10.5;275.3;713.0;2389.6;0.1;1404.0;0;11
18;56;10.1;300.6;753.0;2514.4;0.1;1404.0;0;11
18;57;10.2;280.1;855.0;2381.9;0.1;1404.0;0;11
18;58;8.9;310.1;756.0;2311.0;0.1;1404.0;0;11
18;59;6.6;396.4;972.0;2222.9;0.2;1404.0;0;11
18;60;8.2;323.7;853.0;2223.3;0.1;1404.0;0;11
18;61;9.8;284.7;754.0;2328.4;0.1;1404.0;0;11
18;62;10.4;266.6;792.0;2296.4;0.1;1404.0;0;11
18;63;10.2;267.3;759.0;2260.1;0.1;1404.0;0;11
18;64;10.3;265.8;799.0;2273.7;0.1;1404.0;0;11
18;65;10.5;255.1;654.0;2214.1;0.1;1404.0;0;11
18;66;8.3;305.4;811.0;2118.6;0.1;1404.0;0;11
18;67;10.6;249.8;637.0;2188.6;0.1;1404.0;0;11
18;68;8.3;295.4;813.0;2068.7;0.1;1404.0;0;11
18;69;10.7;244.7;613.0;2176.1;0.1;1404.0;0;11
18;70;9.6;261.5;685.0;2098.9;0.1;1404.0;0;11
18;71;11.9;217.1;569.0;2126.1;0.1;1404.0;0;11
18;72;10.5;239.2;629.0;2073.7;0.1;1404.0;0;11
18;73;12.1;212.5;591.0;2111.4;0.1;1404.0;0;11
18;74;9.5;273.2;760.0;2154.9;0.1;1404.0;0;11
18;75;9.7;266.1;738.0;2145.1;0.1;1404.0;0;11
18;76;8.5;317.4;854.0;2261.9;0.1;1404.0;0;11
18;77;11.0;243.2;660.0;2205.1;0.1;1404.0;0;11
18;78;9.8;267.4;646.0;2188.7;0.1;1404.0;0;11
18;79;11.9;212.2;561.0;2076.6;0.1;1404.0;0;11
18;80;7.6;534.7;1397.0;3439.1;0.2;1404.0;0;11
18;81;7.0;557.5;1480.0;3315.1;0.2;1404.0;0;11
18;82;9.5;446.6;1085.0;3543.4;0.1;1404.0;0;11
18;83;8.7;472.3;1355.0;3432.7;0.1;1404.0;0;11
18;84;8.5;449.9;1210.0;3210.4;0.1;1404.0;0;11
18;85;6.0;601.2;1627.0;3120.0;0.2;1404.0;0;11
18;86;8.7;439.8;1080.0;3203.6;0.1;1404.0;0;11
18;87;8.4;447.8;1397.0;3143.3;0.1;1404.0;0;11
18;88;10.2;350.0;1040.0;2964.7;0.1;1404.0;0;11
18;89;11.1;340.0;1045.0;3107.1;0.1;1404.0;0;11
18;90;9.2;377.8;1296.0;2896.9;0.1;1404.0;0;11
18;91;8.7;407.7;1390.0;2967.1;0.1;1404.0;0;11
18;92;6.8;497.8;1698.0;2891.4;0.2;1404.0;0;11
18;93;10.3;330.9;991.0;2818.1;0.1;1404.0;0;11
18;94;6.2;507.4;1671.0;2697.1;0.2;1404.0;0;11
18;95;9.2;363.2;1061.0;2778.4;0.1;1404.0;0;11
18;96;9.0;362.4;1214.0;2740.9;0.1;1404.0;0;11
18;97;9.5;312.8;966.0;2486.6;0.1;1404.0;0;11
18;98;9.4;339.4;1138.0;2654.9;0.1;1404.0;0;11
18;99;9.2;337.9;1165.0;2594.9;0.1;1404.0;0;11
19;0;10.1;494.9;1193.0;4171.9;0.1;3068.0;1;1
19;1;8.3;576.2;1507.0;4003.1;0.1;2544.0;1;2
19;2;12.1;428.0;1227.0;4271.9;0.1;2377.0;1;3
19;3;11.6;422.2;978.0;4023.6;0.1;2092.0;1;4
19;4;8.7;556.9;1440.0;4075.7;0.1;1942.0;1;5
19;5;11.2;437.8;1149.0;4058.7;0.1;1780.0;1;6
19;6;10.4;475.6;1230.0;4108.3;0.1;1611.0;1;7
19;7;12.6;391.0;1079.0;4050.3;0.1;1453.0;1;8
19;8;9.9;495.9;1199.0;4079.4;0.1;1431.0;1;9
19;9;10.9;434.9;1145.0;3913.7;0.1;1431.0;0;9
19;10;10.5;443.8;1094.0;3872.1;0.1;1431.0;0;9
19;11;11.1;427.7;1147.0;3940.3;0.1;1431.0;0;9
19;12;10.4;452.4;1132.0;3908.4;0.1;1431.0;0;9
19;13;9.3;516.4;1229.0;4016.9;0.1;1431.0;0;9
19;14;8.5;534.1;1222.0;3806.7;0.1;1431.0;0;9
19;15;8.9;518.0;1246.0;3847.0;0.1;1431.0;0;9
19;16;8.6;513.6;1152.0;3724.0;0.1;1431.0;0;9
19;17;10.6;419.5;1083.0;3700.4;0.1;1431.0;0;9
19;18;9.4;490.5;1177.0;3843.6;0.1;1431.0;0;9
19;19;10.5;430.8;954.0;3753.3;0.1;1431.0;0;9
19;20;9.9;466.7;1063.0;3849.1;0.1;1431.0;0;9
19;21;8.3;530.8;1329.0;3717.1;0.1;1431.0;0;9
19;22;8.3;511.5;1264.0;3577.7;0.1;1431.0;0;9
19;23;12.6;354.5;968.0;3663.9;0.1;1431.0;0;9
19;24;8.5;510.1;1381.0;3627.6;0.1;1431.0;0;9
19;25;6.6;628.2;1403.0;3525.1;0.2;1431.0;0;9
19;26;8.5;494.8;1246.0;3519.3;0.1;1431.0;0;9
19;27;8.2;496.8;1321.0;3437.7;0.1;1431.0;0;9
19;28;7.5;551.1;1230.0;3506.0;0.2;1431.0;0;9
19;29;7.0;550.6;1249.0;3277.4;0.2;1431.0;0;9
19;30;7.3;555.1;1168.0;3451.6;0.2;1431.0;0;9
19;31;6.4;596.2;1457.0;3283.6;0.2;1431.0;0;9
19;32;7.0;560.1;1431.0;3353.3;0.2;1431.0;0;9
19;33;8.4;485.1;1209.0;3434.4;0.1;1431.0;0;9
19;34;7.6;517.2;1320.0;3328.1;0.2;1431.0;0;9
19;35;8.9;452.9;1017.0;3368.0;0.1;1417.0;1;10
19;36;8.1;489.1;1236.0;3335.1;0.1;1417.0;0;10
19;37;7.5;530.3;1355.0;3370.7;0.2;1417.0;0;10
19;38;9.6;411.0;1025.0;3290.3;0.1;1417.0;0;10
19;39;5.6;657.7;1559.0;3181.6;0.2;1417.0;0;10
19;40;7.4;500.4;1160.0;3152.3;0.2;1417.0;0;10
19;41;8.3;450.5;1103.0;3146.1;0.1;1417.0;0;10
19;42;6.5;566.4;1538.0;3137.3;0.2;1417.0;0;10
19;43;6.7;532.7;1407.0;3031.0;0.2;1417.0;0;10
19;44;7.0;491.9;1203.0;2926.1;0.2;1417.0;0;10
19;45;7.6;468.7;1308.0;2993.7;0.2;1417.0;0;10
19;46;6.6;518.3;1306.0;2903.9;0.2;1417.0;0;10
19;47;5.3;597.5;1300.0;2747.4;0.2;1417.0;0;10
19;48;6.2;510.8;1217.0;2724.4;0.2;1417.0;0;10
19;49;6.1;508.9;1221.0;2648.3;0.2;1417.0;0;10
19;50;6.2;490.9;1151.0;2629.3;0.2;1417.0;0;10
19;51;5.8;526.0;1441.0;2637.0;0.2;1417.0;0;10
19;52;6.1;480.0;1143.0;2499.0;0.2;1417.0;0;10
19;53;7.4;403.6;1055.0;2535.9;0.2;1417.0;0;10
19;54;8.3;348.4;866.0;2444.3;0.1;1417.0;0;10
19;55;7.6;392.8;953.0;2510.3;0.2;1417.0;0;10
19;56;9.5;302.1;806.0;2382.0;0.1;1417.0;0;10
19;57;7.3;376.3;1077.0;2332.4;0.2;1417.0;0;10
19;58;6.5;393.2;930.0;2183.4;0.2;1417.0;0;10
19;59;9.1;301.9;684.0;2300.3;0.1;1417.0;0;10
19;60;8.5;297.1;872.0;2130.4;0.1;1417.0;0;10
19;61;9.0;277.1;761.0;2083.7;0.1;1417.0;0;10
19;62;16.2;160.3;448.0;2110.6;0.1;1417.0;0;10
19;63;13.0;193.7;564.0;2069.1;0.1;1417.0;0;10
19;64;11.2;208.7;555.0;1932.0;0.1;1417.0;0;10
19;65;7.2;336.0;873.0;2044.4;0.2;1417.0;0;10
19;66;9.0;259.8;668.0;1963.1;0.1;1417.0;0;10
19;67;13.0;195.6;510.0;2078.9;0.1;1417.0;0;10
19;68;11.2;222.3;596.0;2056.6;0.1;1417.0;0;10
19;69;11.9;206.6;537.0;2033.1;0.1;1417.0;0;10
19;70;13.5;184.5;475.0;2033.0;0.1;1417.0;0;10
19;71;14.8;169.8;401.0;2050.0;0.1;1417.0;0;10
19;72;13.4;183.4;455.0;2006.3;0.1;1417.0;0;10
19;73;10.6;217.9;539.0;1915.9;0.1;1417.0;0;10
19;74;10.3;225.8;539.0;1932.4;0.1;1417.0;0;10
19;75;13.7;177.4;463.0;1990.0;0.1;1417.0;0;10
19;76;12.3;193.8;522.0;1958.6;0.1;1417.0;0;10
19;77;15.7;158.3;412.0;2028.4;0.1;1417.0;0;10
19;78;13.6;177.7;473.0;1980.9;0.1;1417.0;0;10
19;79;15.1;162.1;418.0;1999.7;0.1;1417.0;0;10
19;80;11.1;214.4;585.0;1967.9;0.1;1417.0;0;10
19;81;8.2;497.2;1296.0;3433.7;0.1;1417.0;0;10
19;82;7.4;528.0;1381.0;3309.7;0.2;1417.0;0;10
19;83;7.4;528.3;1399.0;3324.3;0.2;1417.0;0;10
19;84;7.2;536.4;1401.0;3296.4;0.2;1417.0;0;10
19;85;8.5;459.6;1206.0;3267.3;0.1;1417.0;0;10
19;86;8.0;494.8;1251.0;3349.6;0.1;1417.0;0;10
19;87;7.6;515.4;1318.0;3320.0;0.2;1417.0;0;10
19;88;9.3;413.4;1394.0;3196.9;0.1;1417.0;0;10
19;89;8.4;446.1;1447.0;3135.4;0.1;1417.0;0;10
19;90;8.8;406.5;1390.0;3003.6;0.1;1417.0;0;10
19;91;8.4;417.2;1356.0;2942.7;0.1;1417.0;0;10
19;92;10.1;367.7;1175.0;3084.4;0.1;1417.0;0;10
19;93;11.1;348.5;1091.0;3194.7;0.1;1417.0;0;10
19;94;9.4;392.7;1215.0;3064.4;0.1;1417.0;0;10
19;95;7.2;462.1;1632.0;2831.4;0.2;1417.0;0;10
19;96;8.6;399.4;1176.0;2877.6;0.1;1417.0;0;10
19;97;8.4;417.0;1280.0;2935.9;0.1;1417.0;0;10
19;98;8.4;407.7;1261.0;2872.9;0.1;1417.0;0;10
19;99;9.5;356.8;1189.0;2817.4;0.1;1417.0;0;10
20;0;11.5;428.1;1165.0;4073.3;0.1;3081.0;1;1
20;1;14.0;363.4;871.0;4165.1;0.1;2807.0;1;2
20;2;11.1;445.5;1079.0;4070.3;0.1;2380.0;1;3
20;3;8.7;546.2;1447.0;3978.7;0.1;2104.0;1;4
20;4;12.5;399.7;999.0;4115.9;0.1;1904.0;1;5
20;5;9.8;508.2;1322.0;4130.9;0.1;1755.0;1;6
20;6;11.7;420.2;1245.0;4058.6;0.1;1585.0;1;7
20;7;13.5;369.0;981.0;4072.4;0.1;1462.0;1;8
20;8;10.1;474.5;1148.0;3996.4;0.1;1452.0;1;9
20;9;8.4;547.4;1594.0;3874.1;0.1;1452.0;0;9
20;10;10.7;453.0;1253.0;4016.0;0.1;1452.0;0;9
20;11;9.5;491.7;1221.0;3886.3;0.1;1452.0;0;9
20;12;11.6;406.4;1080.0;3893.6;0.1;1452.0;0;9
20;13;10.3;455.1;1146.0;3899.1;0.1;1452.0;0;9
20;14;7.5;578.9;1263.0;3686.4;0.2;1452.0;0;9
20;15;8.6;522.8;1203.0;3789.1;0.1;1452.0;0;9
20;16;8.9;495.1;1156.0;3687.0;0.1;1452.0;0;9
20;17;8.2;528.2;1130.0;3654.4;0.1;1452.0;0;9
20;18;8.1;543.3;1278.0;3686.9;0.1;1452.0;0;9
20;19;8.3;501.4;1155.0;3488.4;0.1;1452.0;0;9
20;20;9.4;469.5;1192.0;3689.6;0.1;1452.0;0;9
20;21;7.9;534.4;1404.0;3548.4;0.2;1448.0;1;10
20;22;8.3;519.8;1166.0;3615.1;0.1;1448.0;0;10
20;23;10.4;412.9;1061.0;3550.0;0.1;1448.0;0;10
20;24;8.6;484.8;1312.0;3500.9;0.1;1448.0;0;10
20;25;9.2;457.4;1153.0;3511.9;0.1;1448.0;0;10
20;26;9.6;453.1;1118.0;3624.7;0.1;1448.0;0;10
20;27;9.2;458.9;1197.0;3541.3;0.1;1448.0;0;10
20;28;9.1;463.9;1268.0;3511.6;0.1;1448.0;0;10
20;29;9.7;445.0;1046.0;3595.1;0.1;1448.0;0;10
20;30;7.7;494.3;1210.0;3199.7;0.2;1448.0;0;10
20;31;9.0;438.3;1167.0;3294.7;0.1;1448.0;0;10
20;32;6.5;604.5;1445.0;3350.3;0.2;1448.0;0;10
20;33;9.2;434.6;996.0;3324.6;0.1;1448.0;0;10
20;34;10.0;368.6;875.0;3067.1;0.1;1448.0;0;10
20;35;8.3;467.8;1040.0;3268.6;0.1;1442.0;1;11
20;36;7.3;483.3;1186.0;2987.6;0.2;1440.0;1;12
20;37;8.3;455.3;1105.0;3179.7;0.1;1440.0;0;12
20;38;7.9;444.0;1193.0;2969.0;0.1;1440.0;0;12
20;39;6.8;496.9;1141.0;2859.9;0.2;1440.0;0;12
20;40;6.5;515.9;1275.0;2859.4;0.2;1440.0;0;12
20;41;7.5;461.0;1103.0;2931.6;0.2;1440.0;0;12
20;42;6.6;485.2;1201.0;2750.7;0.2;1440.0;0;12
20;43;9.9;332.6;798.0;2738.4;0.1;1440.0;0;12
20;44;7.6;418.8;1043.0;2703.3;0.2;1440.0;0;12
20;45;9.8;335.4;911.0;2748.1;0.1;1440.0;0;12
20;46;7.9;387.4;938.0;2587.6;0.1;1440.0;0;12
20;47;8.2;372.2;840.0;2560.4;0.1;1440.0;0;12
20;48;7.6;383.6;899.0;2466.3;0.2;1440.0;0;12
20;49;8.7;344.1;932.0;2500.1;0.1;1440.0;0;12
20;50;8.8;334.0;744.0;2464.0;0.1;1440.0;0;12
20;51;8.7;343.2;873.0;2504.4;0.1;1440.0;0;12
20;52;9.2;306.2;735.0;2342.0;0.1;1440.0;0;12
20;53;8.2;328.2;781.0;2251.9;0.1;1440.0;0;12
20;54;10.2;273.3;673.0;2321.4;0.1;1440.0;0;12
20;55;10.2;268.6;625.0;2266.6;0.1;1440.0;0;12
20;56;10.7;275.5;767.0;2432.3;0.1;1440.0;0;12
20;57;10.4;279.9;687.0;2411.9;0.1;1440.0;0;12
20;58;9.0;318.2;906.0;2405.0;0.1;1440.0;0;12
20;59;7.3;391.1;935.0;2417.1;0.2;1440.0;0;12
20;60;11.4;248.5;633.0;2345.9;0.1;1440.0;0;12
20;61;9.2;292.7;746.0;2254.7;0.1;1440.0;0;12
20;62;9.7;274.6;788.0;2225.0;0.1;1440.0;0;12
20;63;11.8;226.9;551.0;2202.6;0.1;1440.0;0;12
20;64;7.6;360.1;993.0;2302.0;0.2;1440.0;0;12
20;65;9.3;256.1;649.0;1982.0;0.1;1440.0;0;12
20;66;9.2;274.5;743.0;2107.9;0.1;1440.0;0;12
20;67;11.0;217.9;529.0;1988.9;0.1;1440.0;0;12
20;68;10.8;218.8;586.0;1957.6;0.1;1440.0;0;12
20;69;10.2;228.3;599.0;1937.9;0.1;1440.0;0;12
20;70;11.5;207.1;510.0;1963.0;0.1;1440.0;0;12
20;71;10.6;229.1;603.0;2004.9;0.1;1440.0;0;12
20;72;8.4;281.4;683.0;1982.6;0.1;1440.0;0;12
20;73;13.2;195.6;549.0;2118.3;0.1;1440.0;0;12
20;74;13.3;190.9;504.0;2087.4;0.1;1440.0;0;12
20;75;14.4;176.5;466.0;2077.1;0.1;1440.0;0;12
20;76;8.7;274.4;763.0;2004.9;0.1;1440.0;0;12
20;77;12.2;207.1;632.0;2079.6;0.1;1440.0;0;12
20;78;12.0;207.4;565.0;2041.3;0.1;1440.0;0;12
20;79;13.0;195.0;509.0;2084.9;0.1;1440.0;0;12
20;80;10.8;228.0;616.0;2038.0;0.1;1440.0;0;12
20;81;16.3;159.8;457.0;2115.1;0.1;1440.0;0;12
20;82;9.4;429.5;1242.0;3361.9;0.1;1440.0;0;12
20;83;8.3;490.0;1316.0;3419.9;0.1;1440.0;0;12
20;84;10.1;414.6;1099.0;3473.0;0.1;1440.0;0;12
20;85;7.0;551.5;1387.0;3290.9;0.2;1440.0;0;12
20;86;8.9;465.4;1303.0;3483.0;0.1;1440.0;0;12
20;87;7.2;536.7;1355.0;3292.3;0.2;1440.0;0;12
20;88;9.0;417.2;1309.0;3140.0;0.1;1440.0;0;12
20;89;10.3;365.7;1150.0;3126.0;0.1;1440.0;0;12
20;90;11.0;335.2;1063.0;3052.4;0.1;1440.0;0;12
20;91;8.5;411.0;1287.0;2925.6;0.1;1440.0;0;12
20;92;10.5;324.4;1023.0;2835.6;0.1;1440.0;0;12
20;93;7.8;420.3;1431.0;2766.9;0.2;1440.0;0;12
20;94;7.7;426.7;1352.0;2787.3;0.2;1440.0;0;12
20;95;11.7;293.9;979.0;2834.6;0.1;1440.0;0;12
20;96;7.2;454.6;1461.0;2761.4;0.2;1440.0;0;12
20;97;10.1;332.0;1169.0;2788.0;0.1;1440.0;0;12
20;98;7.5;428.4;1397.0;2730.1;0.2;1440.0;0;12
20;99;9.9;343.0;1028.0;2836.1;0.1;1440.0;0;12
21;0;11.2;458.9;1233.0;4241.9;0.1;3071.0;1;1
21;1;11.4;443.7;1166.0;4187.6;0.1;2697.0;1;2
21;2;10.4;467.7;1314.0;4026.0;0.1;2456.0;1;3
21;3;11.1;454.4;1107.0;4151.9;0.1;2270.0;1;4
21;4;9.8;504.6;1198.0;4123.9;0.1;2101.0;1;5
21;5;11.5;439.9;1118.0;4184.0;0.1;1853.0;1;6
21;6;16.3;316.6;746.0;4189.4;0.1;1701.0;1;7
21;7;9.4;516.9;1327.0;4046.9;0.1;1573.0;1;8
21;8;10.5;450.5;1199.0;3926.3;0.1;1487.0;1;9
21;9;9.8;485.4;1373.0;3960.0;0.1;1416.0;1;10
21;10;11.9;402.8;1051.0;3946.1;0.1;1415.0;1;11
21;11;11.1;437.3;1337.0;3999.1;0.1;1415.0;0;11
21;12;8.0;583.4;1382.0;3938.7;0.1;1415.0;0;11
21;13;8.8;528.5;1338.0;3905.7;0.1;1415.0;0;11
21;14;10.2;443.9;1079.0;3742.7;0.1;1415.0;0;11
21;15;9.1;495.5;1101.0;3777.6;0.1;1415.0;0;11
21;16;10.8;410.9;958.0;3660.4;0.1;1415.0;0;11
21;17;8.8;517.1;1225.0;3794.4;0.1;1415.0;0;11
21;18;9.6;478.4;1059.0;3833.7;0.1;1415.0;0;11
21;19;7.8;538.6;1349.0;3536.9;0.2;1415.0;0;11
21;20;8.2;516.7;1262.0;3583.9;0.1;1415.0;0;11
21;21;8.0;536.7;1264.0;3623.4;0.1;1415.0;0;11
21;22;10.0;426.0;1110.0;3526.3;0.1;1415.0;0;11
21;23;7.7;536.6;1252.0;3472.3;0.2;1402.0;1;12
21;24;8.3;492.4;1148.0;3424.9;0.1;1395.0;1;13
21;25;6.3;621.8;1524.0;3378.1;0.2;1395.0;0;13
21;26;9.5;444.9;1071.0;3535.1;0.1;1395.0;0;13
21;27;9.3;432.6;1186.0;3354.1;0.1;1395.0;0;13
21;28;7.2;566.6;1454.0;3452.0;0.2;1395.0;0;13
21;29;6.7;541.7;1271.0;3105.9;0.2;1395.0;0;13
21;30;7.2;541.7;1318.0;3290.3;0.2;1395.0;0;13
21;31;7.7;483.0;1260.0;3134.3;0.2;1395.0;0;13
21;32;7.2;535.2;1345.0;3253.0;0.2;1395.0;0;13
21;33;9.1;410.8;1035.0;3112.7;0.1;1395.0;0;13
21;34;8.3;451.9;1071.0;3154.1;0.1;1395.0;0;13
21;35;8.6;398.6;913.0;2877.3;0.1;1395.0;0;13
21;36;7.7;444.9;1069.0;2893.1;0.2;1395.0;0;13
21;37;7.8;414.0;1009.0;2737.3;0.2;1395.0;0;13
21;38;11.2;299.2;686.0;2775.1;0.1;1395.0;0;13
21;39;7.6;435.6;1104.0;2807.6;0.2;1395.0;0;13
21;40;7.1;433.7;1054.0;2598.7;0.2;1395.0;0;13
21;41;10.1;318.0;829.0;2670.4;0.1;1395.0;0;13
21;42;10.3;278.5;678.0;2385.7;0.1;1395.0;0;13
21;43;7.6;400.6;948.0;2561.3;0.2;1395.0;0;13
21;44;7.3;432.6;1140.0;2686.7;0.2;1395.0;0;13
21;45;6.9;436.4;1079.0;2575.6;0.2;1395.0;0;13
21;46;7.3;424.7;1048.0;2627.9;0.2;1395.0;0;13
21;47;6.1;519.1;1408.0;2726.0;0.2;1395.0;0;13
21;48;8.8;334.5;806.0;2462.9;0.1;1395.0;0;13
21;49;10.6;313.0;722.0;2744.1;0.1;1395.0;0;13
21;50;6.5;451.5;1069.0;2492.9;0.2;1395.0;0;13
21;51;7.9;390.7;1039.0;2610.6;0.1;1395.0;0;13
21;52;6.8;415.9;1058.0;2411.3;0.2;1395.0;0;13
21;53;6.6;440.3;1089.0;2475.0;0.2;1395.0;0;13
21;54;7.6;377.0;862.0;2409.7;0.2;1395.0;0;13
21;55;9.2;273.7;702.0;2103.9;0.1;1395.0;0;13
21;56;10.7;256.7;646.0;2282.1;0.1;1395.0;0;13
21;57;10.0;248.4;611.0;2065.3;0.1;1395.0;0;13
21;58;12.0;201.4;460.0;1984.4;0.1;1395.0;0;13
21;59;11.5;205.1;529.0;1949.6;0.1;1395.0;0;13
21;60;12.6;182.6;533.0;1886.1;0.1;1395.0;0;13
21;61;16.3;141.9;390.0;1874.7;0.1;1395.0;0;13
21;62;13.9;168.1;433.0;1907.3;0.1;1395.0;0;13
21;63;11.2;200.8;506.0;1863.7;0.1;1395.0;0;13
21;64;10.9;210.9;626.0;1896.6;0.1;1395.0;0;13
21;65;8.6;255.4;751.0;1839.0;0.1;1395.0;0;13
21;66;13.6;167.3;479.0;1865.1;0.1;1395.0;0;13
21;67;14.0;170.0;446.0;1943.0;0.1;1395.0;0;13
21;68;13.9;173.6;435.0;1974.6;0.1;1395.0;0;13
21;69;14.5;163.5;405.0;1934.9;0.1;1395.0;0;13
21;70;14.9;154.0;390.0;1868.6;0.1;1395.0;0;13
21;71;8.4;284.0;774.0;1993.4;0.1;1395.0;0;13
21;72;12.1;191.4;489.0;1901.1;0.1;1395.0;0;13
21;73;9.1;251.3;735.0;1919.0;0.1;1395.0;0;13
21;74;10.5;218.3;592.0;1906.6;0.1;1395.0;0;13
21;75;9.5;240.4;586.0;1910.9;0.1;1395.0;0;13
21;76;13.7;167.9;424.0;1879.0;0.1;1395.0;0;13
21;77;9.8;232.2;640.0;1884.6;0.1;1395.0;0;13
21;78;11.2;205.3;529.0;1902.6;0.1;1395.0;0;13
21;79;17.8;130.1;360.0;1877.1;0.1;1395.0;0;13
21;80;18.3;126.6;301.0;1874.4;0.1;1395.0;0;13
21;81;7.3;547.7;1403.0;3386.7;0.2;1395.0;0;13
21;82;8.1;516.9;1306.0;3519.9;0.1;1395.0;0;13
21;83;10.4;405.0;1107.0;3478.7;0.1;1395.0;0;13
21;84;9.8;417.3;1057.0;3390.9;0.1;1395.0;0;13
21;85;8.0;478.4;1298.0;3221.9;0.1;1395.0;0;13
21;86;8.5;463.2;1293.0;3290.1;0.1;1395.0;0;13
21;87;7.2;513.6;1376.0;3135.1;0.2;1395.0;0;13
21;88;7.7;429.3;1413.0;2783.4;0.2;1395.0;0;13
21;89;10.7;330.5;1038.0;2931.6;0.1;1395.0;0;13
21;90;8.2;403.0;1231.0;2779.4;0.1;1395.0;0;13
21;91;7.1;465.6;1609.0;2794.7;0.2;1395.0;0;13
21;92;8.8;397.3;1385.0;2925.4;0.1;1395.0;0;13
21;93;9.6;336.4;1064.0;2689.0;0.1;1395.0;0;13
21;94;7.2;430.6;1512.0;2624.3;0.2;1395.0;0;13
21;95;7.2;408.8;1381.0;2499.9;0.2;1395.0;0;13
21;96;7.5;400.3;1359.0;2544.1;0.2;1395.0;0;13
21;97;7.4;408.4;1315.0;2563.9;0.2;1395.0;0;13
21;98;11.9;243.5;753.0;2382.3;0.1;1395.0;0;13
21;99;7.6;366.4;1122.0;2344.0;0.2;1395.0;0;13
22;0;9.3;517.5;1378.0;4023.6;0.1;2685.0;1;1
22;1;14.7;346.5;870.0;4156.4;0.1;2394.0;1;2
22;2;7.9;629.8;1662.0;4206.0;0.1;2135.0;1;3
22;3;9.9;512.2;1195.0;4214.9;0.1;1950.0;1;4
22;4;10.4;486.3;1230.0;4179.3;0.1;1813.0;1;5
22;5;8.9;551.8;1283.0;4095.1;0.1;1693.0;1;6
22;6;14.5;347.5;977.0;4105.3;0.1;1501.0;1;7
22;7;13.6;361.1;1014.0;4015.0;0.1;1431.0;1;8
22;8;9.6;490.2;1274.0;3910.9;0.1;1419.0;1;9
22;9;10.4;468.9;1236.0;4047.7;0.1;1419.0;0;9
22;10;10.5;448.0;1172.0;3887.1;0.1;1419.0;0;9
22;11;13.2;370.5;950.0;4019.0;0.1;1419.0;0;9
22;12;9.4;500.0;1255.0;3909.3;0.1;1419.0;0;9
22;13;14.1;346.6;982.0;4006.4;0.1;1419.0;0;9
22;14;8.0;569.6;1204.0;3817.1;0.1;1419.0;0;9
22;15;9.7;462.7;1055.0;3744.1;0.1;1419.0;0;9
22;16;7.6;574.9;1327.0;3684.3;0.2;1419.0;0;9
22;17;9.5;475.3;1270.0;3749.6;0.1;1419.0;0;9
22;18;9.2;492.8;1206.0;3775.9;0.1;1419.0;0;9
22;19;7.2;570.9;1419.0;3497.6;0.2;1419.0;0;9
22;20;8.8;506.9;1166.0;3727.3;0.1;1419.0;0;9
22;21;8.8;498.0;1428.0;3665.4;0.1;1419.0;0;9
22;22;7.7;547.4;1369.0;3575.0;0.2;1414.0;1;10
22;23;8.0;527.1;1250.0;3544.1;0.1;1403.0;1;11
22;24;7.8;522.7;1203.0;3436.7;0.2;1403.0;0;11
22;25;8.1;518.3;1416.0;3550.3;0.1;1403.0;0;11
22;26;10.5;393.2;985.0;3412.7;0.1;1403.0;0;11
22;27;11.5;380.6;881.0;3601.6;0.1;1403.0;0;11
22;28;8.1;508.9;1238.0;3462.9;0.1;1403.0;0;11
22;29;7.6;528.5;1231.0;3393.0;0.2;1403.0;0;11
22;30;9.5;437.3;962.0;3469.0;0.1;1403.0;0;11
22;31;8.4;497.9;1256.0;3500.4;0.1;1403.0;0;11
22;32;6.6;579.1;1378.0;3253.1;0.2;1403.0;0;11
22;33;6.9;562.7;1396.0;3326.1;0.2;1403.0;0;11
22;34;8.6;472.4;1094.0;3403.0;0.1;1403.0;0;11
22;35;8.0;448.9;1185.0;3033.1;0.1;1403.0;0;11
22;36;6.9;525.0;1315.0;3102.7;0.2;1397.0;1;12
22;37;5.1;677.1;1595.0;3019.6;0.2;1397.0;0;12
22;38;6.2;585.2;1321.0;3096.0;0.2;1397.0;0;12
22;39;7.9;419.4;1040.0;2782.4;0.2;1397.0;0;12
22;40;6.9;474.0;1166.0;2797.0;0.2;1397.0;0;12
22;41;6.7;515.0;1177.0;2931.0;0.2;1397.0;0;12
22;42;7.2;447.3;1008.0;2726.0;0.2;1397.0;0;12
22;43;5.7;554.4;1287.0;2715.3;0.2;1397.0;0;12
22;44;7.7;414.5;1015.0;2701.9;0.2;1397.0;0;12
22;45;7.6;405.7;970.0;2599.6;0.2;1397.0;0;12
22;46;4.9;605.5;1426.0;2605.7;0.2;1397.0;0;12
22;47;6.2;497.8;1155.0;2652.0;0.2;1397.0;0;12
22;48;6.1;521.9;1150.0;2717.9;0.2;1397.0;0;12
22;49;6.1;497.3;1223.0;2596.4;0.2;1397.0;0;12
22;50;5.7;524.8;1426.0;2588.6;0.2;1397.0;0;12
22;51;5.2;589.9;1442.0;2684.3;0.2;1397.0;0;12
22;52;7.4;435.9;1052.0;2743.0;0.2;1397.0;0;12
22;53;8.3;364.9;985.0;2537.7;0.1;1397.0;0;12
22;54;6.8;494.8;1064.0;2859.6;0.2;1397.0;0;12
22;55;6.5;468.6;1135.0;2619.7;0.2;1397.0;0;12
22;56;6.4;498.4;1132.0;2742.1;0.2;1397.0;0;12
22;57;7.3;413.1;939.0;2564.6;0.2;1397.0;0;12
22;58;5.8;501.0;1271.0;2514.0;0.2;1397.0;0;12
22;59;5.3;564.9;1499.0;2613.6;0.2;1397.0;0;12
22;60;7.2;419.7;1118.0;2573.0;0.2;1397.0;0;12
22;61;6.5;447.8;1190.0;2501.7;0.2;1397.0;0;12
22;62;7.7;403.6;1065.0;2620.9;0.2;1397.0;0;12
22;63;6.9;442.0;1129.0;2601.6;0.2;1397.0;0;12
22;64;6.1;479.0;1412.0;2493.1;0.2;1397.0;0;12
22;65;6.0;497.3;1329.0;2570.6;0.2;1397.0;0;12
22;66;6.4;441.7;1399.0;2428.1;0.2;1397.0;0;12
22;67;6.6;432.3;1105.0;2442.0;0.2;1397.0;0;12
22;68;7.3;407.6;1050.0;2531.9;0.2;1397.0;0;12
22;69;7.5;376.4;922.0;2374.1;0.2;1397.0;0;12
22;70;8.3;337.8;808.0;2369.1;0.1;1397.0;0;12
22;71;7.8;355.3;902.0;2329.6;0.2;1397.0;0;12
22;72;9.0;314.0;740.0;2374.7;0.1;1397.0;0;12
22;73;8.9;320.5;840.0;2382.0;0.1;1397.0;0;12
22;74;8.3;342.9;908.0;2402.6;0.1;1397.0;0;12
22;75;7.7;355.3;891.0;2317.3;0.2;1397.0;0;12
22;76;6.8;404.8;1070.0;2348.0;0.2;1397.0;0;12
22;77;8.8;326.5;832.0;2414.7;0.1;1397.0;0;12
22;78;7.8;354.5;1000.0;2329.3;0.2;1397.0;0;12
22;79;6.2;424.7;1012.0;2251.6;0.2;1397.0;0;12
22;80;9.5;264.3;695.0;2099.0;0.1;1397.0;0;12
22;81;8.0;344.6;792.0;2311.0;0.1;1397.0;0;12
22;82;7.3;556.5;1396.0;3439.7;0.2;1397.0;0;12
22;83;7.0;556.3;1529.0;3330.4;0.2;1397.0;0;12
22;84;9.5;428.2;1084.0;3390.1;0.1;1397.0;0;12
22;85;9.1;464.2;1168.0;3513.1;0.1;1397.0;0;12
22;86;9.6;436.5;1122.0;3487.4;0.1;1397.0;0;12
22;87;9.7;415.6;1054.0;3360.0;0.1;1397.0;0;12
22;88;8.2;477.6;1388.0;3277.3;0.1;1397.0;0;12
22;89;10.8;378.0;1088.0;3369.6;0.1;1397.0;0;12
22;90;7.5;476.6;1493.0;3026.7;0.2;1397.0;0;12
22;91;7.2;500.0;1691.0;3049.6;0.2;1397.0;0;12
22;92;9.0;401.9;1244.0;3026.6;0.1;1397.0;0;12
22;93;9.1;398.8;1283.0;3017.6;0.1;1397.0;0;12
22;94;8.3;428.1;1285.0;2998.9;0.1;1397.0;0;12
22;95;10.8;340.9;1096.0;3042.6;0.1;1397.0;0;12
22;96;6.3;502.2;1710.0;2691.3;0.2;1397.0;0;12
22;97;11.0;323.2;1115.0;2937.4;0.1;1397.0;0;12
22;98;9.4;357.7;1161.0;2792.9;0.1;1397.0;0;12
22;99;11.1;293.5;942.0;2683.1;0.1;1397.0;0;12
23;0;12.9;397.6;1063.0;4212.0;0.1;3105.0;1;1
23;1;15.1;341.4;820.0;4204.1;0.1;2683.0;1;2
23;2;10.9;465.5;1106.0;4201.0;0.1;2355.0;1;3
23;3;10.7;460.8;1205.0;4090.6;0.1;2135.0;1;4
23;4;11.6;422.8;1187.0;4049.9;0.1;1968.0;1;5
23;5;9.4;529.3;1326.0;4138.6;0.1;1822.0;1;6
23;6;9.5;517.8;1336.0;4084.7;0.1;1658.0;1;7
23;7;9.3;508.9;1322.0;3942.3;0.1;1501.0;1;8
23;8;13.2;385.4;1061.0;4168.1;0.1;1411.0;1;9
23;9;9.8;473.1;1264.0;3846.9;0.1;1408.0;1;10
23;10;12.4;387.6;946.0;3947.7;0.1;1408.0;0;10
23;11;7.6;601.5;1524.0;3865.9;0.2;1408.0;0;10
23;12;9.6;502.7;1307.0;4015.1;0.1;1408.0;0;10
23;13;8.7;535.4;1391.0;3899.0;0.1;1408.0;0;10
23;14;9.5;482.2;1066.0;3803.3;0.1;1408.0;0;10
23;15;8.4;527.2;1380.0;3737.3;0.1;1408.0;0;10
23;16;9.0;503.8;1089.0;3774.6;0.1;1408.0;0;10
23;17;7.2;601.3;1396.0;3669.6;0.2;1408.0;0;10
23;18;8.8;504.1;1229.0;3700.4;0.1;1408.0;0;10
23;19;9.9;437.4;1032.0;3602.9;0.1;1408.0;0;10
23;20;10.3;429.3;1139.0;3670.4;0.1;1408.0;0;10
23;21;10.0;430.9;962.0;3580.1;0.1;1408.0;0;10
23;22;10.9;394.4;880.0;3554.4;0.1;1408.0;0;10
23;23;6.8;587.1;1391.0;3403.6;0.2;1408.0;0;10
23;24;9.6;442.8;1045.0;3546.3;0.1;1408.0;0;10
23;25;7.4;552.1;1392.0;3471.3;0.2;1408.0;0;10
23;26;9.2;464.0;1092.0;3563.4;0.1;1408.0;0;10
23;27;7.6;554.2;1313.0;3552.3;0.2;1408.0;0;10
23;28;7.6;543.5;1454.0;3499.0;0.2;1408.0;0;10
23;29;8.8;458.0;1080.0;3379.9;0.1;1408.0;0;10
23;30;8.5;472.2;1164.0;3355.3;0.1;1408.0;0;10
23;31;7.6;497.4;1265.0;3195.3;0.2;1408.0;0;10
23;32;8.0;481.2;1338.0;3241.4;0.1;1408.0;0;10
23;33;7.4;497.2;1214.0;3128.1;0.2;1408.0;0;10
23;34;8.3;454.2;998.0;3179.7;0.1;1408.0;0;10
23;35;6.9;530.8;1201.0;3131.9;0.2;1408.0;0;10
23;36;5.7;613.6;1421.0;3035.9;0.2;1408.0;0;10
23;37;8.3;451.0;1079.0;3144.6;0.1;1408.0;0;10
23;38;5.1;724.5;1713.0;3198.6;0.2;1408.0;0;10
23;39;8.2;432.5;1048.0;2974.3;0.1;1408.0;0;10
23;40;6.8;508.2;1190.0;2929.9;0.2;1408.0;0;10
23;41;6.5;517.7;1403.0;2885.6;0.2;1408.0;0;10
23;42;7.1;456.9;1135.0;2738.6;0.2;1408.0;0;10
23;43;7.6;395.0;921.0;2540.1;0.2;1408.0;0;10
23;44;7.5;416.0;1081.0;2630.4;0.2;1408.0;0;10
23;45;8.5;358.7;909.0;2556.0;0.1;1408.0;0;10
23;46;7.1;389.7;921.0;2338.6;0.2;1408.0;0;10
23;47;7.0;435.6;990.0;2583.6;0.2;1408.0;0;10
23;48;7.7;365.9;940.0;2366.9;0.2;1408.0;0;10
23;49;9.6;277.6;743.0;2216.3;0.1;1408.0;0;10
23;50;15.3;174.0;410.0;2174.0;0.1;1408.0;0;10
23;51;9.0;301.2;813.0;2263.7;0.1;1408.0;0;10
23;52;10.6;244.5;737.0;2146.9;0.1;1408.0;0;10
23;53;11.0;238.9;635.0;2171.3;0.1;1408.0;0;10
23;54;10.5;265.4;733.0;2306.6;0.1;1408.0;0;10
23;55;9.8;273.7;766.0;2233.0;0.1;1408.0;0;10
23;56;8.2;329.5;873.0;2277.9;0.1;1408.0;0;10
23;57;8.6;319.6;792.0;2311.4;0.1;1408.0;0;10
23;58;11.0;249.7;746.0;2265.7;0.1;1408.0;0;10
23;59;12.3;210.6;627.0;2129.1;0.1;1408.0;0;10
23;60;14.0;189.6;528.0;2173.0;0.1;1408.0;0;10
23;61;9.8;284.9;750.0;2334.0;0.1;1408.0;0;10
23;62;7.8;357.9;925.0;2356.6;0.2;1408.0;0;10
23;63;8.8;297.4;852.0;2189.4;0.1;1408.0;0;10
23;64;6.3;417.2;1031.0;2252.0;0.2;1408.0;0;10
23;65;6.9;399.0;1051.0;2357.1;0.2;1408.0;0;10
23;66;5.3;496.9;1267.0;2271.1;0.2;1408.0;0;10
23;67;11.9;220.4;579.0;2167.6;0.1;1408.0;0;10
23;68;6.7;392.3;1048.0;2245.9;0.2;1408.0;0;10
23;69;7.9;366.9;938.0;2456.7;0.1;1408.0;0;10
23;70;11.1;226.8;527.0;2084.6;0.1;1408.0;0;10
23;71;7.3;371.6;1054.0;2298.1;0.2;1408.0;0;10
23;72;6.8;386.9;1016.0;2249.0;0.2;1408.0;0;10
23;73;7.6;367.1;1050.0;2353.7;0.2;1408.0;0;10
23;74;9.3;262.7;701.0;2030.1;0.1;1408.0;0;10
23;75;9.8;249.5;719.0;2042.6;0.1;1408.0;0;10
23;76;11.0;230.4;616.0;2087.0;0.1;1408.0;0;10
23;77;13.2;192.7;531.0;2083.7;0.1;1408.0;0;10
23;78;8.0;303.3;798.0;2039.1;0.1;1408.0;0;10
23;79;11.7;217.8;603.0;2101.0;0.1;1408.0;0;10
23;80;6.9;575.0;1379.0;3384.1;0.2;1408.0;0;10
23;81;8.6;460.1;1181.0;3319.7;0.1;1408.0;0;10
23;82;8.5;475.4;1267.0;3383.9;0.1;1408.0;0;10
23;83;7.6;510.1;1372.0;3264.4;0.2;1408.0;0;10
23;84;8.1;483.4;1282.0;3299.4;0.1;1408.0;0;10
23;85;7.3;535.8;1404.0;3296.9;0.2;1408.0;0;10
23;86;8.6;441.4;1112.0;3174.4;0.1;1408.0;0;10
23;87;9.1;412.5;1290.0;3130.4;0.1;1408.0;0;10
23;88;13.0;302.5;1047.0;3214.9;0.1;1408.0;0;10
23;89;8.2;437.3;1486.0;3019.3;0.1;1408.0;0;10
23;90;9.9;386.3;1279.0;3185.4;0.1;1408.0;0;10
23;91;9.7;370.1;1216.0;2975.7;0.1;1408.0;0;10
23;92;9.5;356.0;1187.0;2830.9;0.1;1408.0;0;10
23;93;10.9;311.5;1075.0;2804.1;0.1;1408.0;0;10
23;94;9.6;325.1;1124.0;2595.4;0.1;1408.0;0;10
23;95;7.9;398.1;1317.0;2647.4;0.2;1408.0;0;10
23;96;9.0;333.4;1052.0;2510.1;0.1;1408.0;0;10
23;97;8.0;372.7;1146.0;2522.3;0.1;1408.0;0;10
23;98;8.8;330.2;1097.0;2446.3;0.1;1408.0;0;10
23;99;12.6;224.0;741.0;2316.7;0.1;1408.0;0;10
24;0;9.4;522.1;1214.0;4108.6;0.1;2843.0;1;1
24;1;12.0;413.1;952.0;4089.6;0.1;2526.0;1;2
24;2;14.2;351.1;1023.0;4063.1;0.1;2254.0;1;3
24;3;8.3;560.6;1355.0;3931.4;0.1;1934.0;1;4
24;4;16.9;309.9;821.0;4239.3;0.1;1761.0;1;5
24;5;13.0;389.4;1055.0;4148.4;0.1;1595.0;1;6
24;6;10.5;461.8;1048.0;4036.7;0.1;1467.0;1;7
24;7;8.5;553.2;1298.0;3929.0;0.1;1424.0;1;8
24;8;12.9;377.6;902.0;3986.4;0.1;1424.0;0;8
24;9;8.3;564.2;1349.0;3951.1;0.1;1424.0;0;8
24;10;11.0;445.2;1140.0;4044.7;0.1;1424.0;0;8
24;11;11.0;430.7;1036.0;3927.7;0.1;1424.0;0;8
24;12;10.6;449.1;1279.0;3929.3;0.1;1424.0;0;8
24;13;13.2;362.7;1034.0;3920.7;0.1;1424.0;0;8
24;14;10.7;429.4;991.0;3802.9;0.1;1424.0;0;8
24;15;9.6;470.2;1085.0;3750.6;0.1;1424.0;0;8
24;16;9.2;493.0;1188.0;3796.3;0.1;1424.0;0;8
24;17;8.1;555.6;1412.0;3796.6;0.1;1424.0;0;8
24;18;8.3;528.0;1273.0;3693.0;0.1;1424.0;0;8
24;19;10.1;446.2;1091.0;3727.7;0.1;1414.0;1;9
24;20;12.3;360.0;892.0;3627.4;0.1;1414.0;0;9
24;21;10.3;409.9;1177.0;3505.9;0.1;1414.0;0;9
24;22;7.7;533.9;1229.0;3478.1;0.2;1414.0;0;9
24;23;8.1;516.4;1240.0;3506.6;0.1;1414.0;0;9
24;24;6.9;583.3;1276.0;3448.1;0.2;1414.0;0;9
24;25;9.9;412.4;908.0;3405.6;0.1;1414.0;0;9
24;26;9.1;439.2;1257.0;3337.7;0.1;1414.0;0;9
24;27;7.1;540.5;1245.0;3247.7;0.2;1414.0;0;9
24;28;8.8;446.2;1225.0;3288.4;0.1;1414.0;0;9
24;29;10.3;394.9;960.0;3373.9;0.1;1414.0;0;9
24;30;5.7;652.0;1431.0;3210.6;0.2;1411.0;1;10
24;31;9.5;408.9;1127.0;3244.1;0.1;1390.0;1;11
24;32;9.0;395.7;937.0;2986.9;0.1;1390.0;0;11
24;33;7.2;521.0;1133.0;3195.3;0.2;1390.0;0;11
24;34;6.3;558.4;1636.0;3012.9;0.2;1390.0;0;11
24;35;7.1;502.0;1420.0;3042.3;0.2;1390.0;0;11
24;36;7.6;466.1;1032.0;2995.1;0.2;1390.0;0;11
24;37;5.1;667.1;1502.0;2946.0;0.2;1390.0;0;11
24;38;6.1;555.1;1273.0;2927.3;0.2;1390.0;0;11
24;39;10.6;348.1;933.0;3069.1;0.1;1390.0;0;11
24;40;6.6;499.2;1226.0;2811.3;0.2;1390.0;0;11
24;41;5.8;552.4;1302.0;2778.7;0.2;1390.0;0;11
24;42;7.4;458.4;1138.0;2888.4;0.2;1390.0;0;11
24;43;6.5;487.1;1268.0;2707.6;0.2;1390.0;0;11
24;44;7.2;459.6;1027.0;2818.1;0.2;1390.0;0;11
24;45;6.7;490.5;1261.0;2785.3;0.2;1390.0;0;11
24;46;5.9;523.6;1164.0;2666.6;0.2;1390.0;0;11
24;47;6.3;502.9;1167.0;2709.1;0.2;1390.0;0;11
24;48;6.9;448.0;1149.0;2638.4;0.2;1390.0;0;11
24;49;6.0;513.2;1273.0;2640.1;0.2;1390.0;0;11
24;50;5.6;520.7;1249.0;2530.3;0.2;1390.0;0;11
24;51;7.0;424.3;1026.0;2524.3;0.2;1390.0;0;11
24;52;6.8;439.0;1223.0;2537.7;0.2;1390.0;0;11
24;53;7.7;362.7;916.0;2371.9;0.2;1390.0;0;11
24;54;8.5;356.9;887.0;2545.0;0.1;1390.0;0;11
24;55;7.8;353.4;913.0;2338.9;0.2;1390.0;0;11
24;56;7.6;341.5;885.0;2192.3;0.2;1390.0;0;11
24;57;8.9;290.6;671.0;2161.3;0.1;1390.0;0;11
24;58;9.4;270.7;661.0;2125.3;0.1;1390.0;0;11
24;59;8.8;279.8;728.0;2056.9;0.1;1390.0;0;11
24;60;7.9;309.8;793.0;2061.3;0.2;1390.0;0;11
24;61;6.8;358.5;1030.0;2078.6;0.2;1390.0;0;11
24;62;9.8;268.1;638.0;2192.7;0.1;1390.0;0;11
24;63;8.7;297.6;682.0;2175.9;0.1;1390.0;0;11
24;64;9.4;266.6;674.0;2088.3;0.1;1390.0;0;11
24;65;13.2;202.4;605.0;2193.7;0.1;1390.0;0;11
24;66;10.2;251.4;641.0;2126.0;0.1;1390.0;0;11
24;67;9.0;276.0;695.0;2077.3;0.1;1390.0;0;11
24;68;13.1;201.8;565.0;2169.9;0.1;1390.0;0;11
24;69;10.9;233.1;571.0;2100.1;0.1;1390.0;0;11
24;70;8.7;295.0;770.0;2160.4;0.1;1390.0;0;11
24;71;7.9;315.8;831.0;2095.9;0.2;1390.0;0;11
24;72;8.9;287.9;748.0;2150.4;0.1;1390.0;0;11
24;73;8.7;284.5;722.0;2063.6;0.1;1390.0;0;11
24;74;8.8;287.5;749.0;2117.3;0.1;1390.0;0;11
24;75;10.4;249.1;688.0;2139.7;0.1;1390.0;0;11
24;76;9.2;271.8;771.0;2090.7;0.1;1390.0;0;11
24;77;8.0;512.1;1199.0;3448.9;0.1;1390.0;0;11
24;78;7.2;553.6;1513.0;3381.9;0.2;1390.0;0;11
24;79;8.9;469.7;1203.0;3508.6;0.1;1390.0;0;11
24;80;7.3;523.7;1445.0;3248.6;0.2;1390.0;0;11
24;81;8.3;483.3;1334.0;3358.7;0.1;1390.0;0;11
24;82;8.0;489.1;1307.0;3297.0;0.1;1390.0;0;11
24;83;9.8;401.3;1217.0;3272.6;0.1;1390.0;0;11
24;84;11.2;358.7;1014.0;3317.1;0.1;1390.0;0;11
24;85;8.5;428.8;1348.0;3068.7;0.1;1390.0;0;11
24;86;12.2;311.7;1095.0;3123.4;0.1;1390.0;0;11
24;87;9.1;397.7;1315.0;3020.6;0.1;1390.0;0;11
24;88;8.7;394.2;1312.0;2871.7;0.1;1390.0;0;11
24;89;11.5;321.8;1124.0;3048.3;0.1;1390.0;0;11
24;90;9.3;374.1;1164.0;2917.7;0.1;1390.0;0;11
24;91;7.7;423.9;1420.0;2753.7;0.2;1390.0;0;11
24;92;9.7;349.7;1122.0;2820.4;0.1;1390.0;0;11
24;93;12.3;284.8;931.0;2886.7;0.1;1390.0;0;11
24;94;8.3;386.1;1298.0;2694.0;0.1;1390.0;0;11
24;95;9.4;360.9;1302.0;2835.1;0.1;1390.0;0;11
24;96;7.2;437.2;1453.0;2676.9;0.2;1390.0;0;11
24;97;7.4;426.5;1466.0;2687.9;0.2;1390.0;0;11
24;98;11.7;271.9;852.0;2619.6;0.1;1390.0;0;11
24;99;7.1;412.4;1369.0;2488.7;0.2;1390.0;0;11
25;0;10.9;440.3;1163.0;3967.7;0.1;2749.0;1;1
25;1;11.1;445.5;1183.0;4080.6;0.1;2496.0;1;2
25;2;10.0;487.6;1244.0;4058.0;0.1;2182.0;1;3
25;3;16.2;316.7;780.0;4180.1;0.1;2047.0;1;4
25;4;11.9;430.2;1098.0;4204.1;0.1;1876.0;1;5
25;5;13.0;381.3;993.0;4072.7;0.1;1695.0;1;6
25;6;12.5;398.7;1050.0;4091.7;0.1;1578.0;1;7
25;7;9.8;493.3;1306.0;4013.9;0.1;1455.0;1;8
25;8;10.0;477.2;1159.0;3952.7;0.1;1441.0;1;9
25;9;8.8;532.2;1350.0;3921.1;0.1;1433.0;1;10
25;10;11.3;425.2;1144.0;3979.0;0.1;1432.0;1;11
25;11;8.9;515.4;1258.0;3848.1;0.1;1432.0;0;11
25;12;8.9;527.4;1401.0;3907.0;0.1;1432.0;0;11
25;13;9.2;495.6;1179.0;3810.6;0.1;1432.0;0;11
25;14;8.0;552.8;1277.0;3722.7;0.1;1432.0;0;11
25;15;8.2;552.2;1195.0;3791.9;0.1;1432.0;0;11
25;16;9.7;481.7;1239.0;3907.7;0.1;1432.0;0;11
25;17;9.5;479.2;1156.0;3808.0;0.1;1432.0;0;11
25;18;9.3;484.8;1333.0;3777.6;0.1;1432.0;0;11
25;19;14.0;337.3;848.0;3848.4;0.1;1432.0;0;11
25;20;12.3;372.7;907.0;3761.3;0.1;1432.0;0;11
25;21;7.5;568.0;1283.0;3609.6;0.2;1432.0;0;11
25;22;8.0;528.8;1266.0;3582.1;0.1;1432.0;0;11
25;23;9.9;452.1;1081.0;3729.3;0.1;1432.0;0;11
25;24;13.2;346.8;825.0;3748.3;0.1;1394.0;1;12
25;25;9.1;484.9;1296.0;3669.4;0.1;1392.0;1;13
25;26;9.8;437.4;1051.0;3572.4;0.1;1392.0;0;13
25;27;7.5;526.3;1166.0;3356.0;0.2;1392.0;0;13
25;28;10.7;389.5;1076.0;3436.7;0.1;1392.0;0;13
25;29;7.3;545.0;1254.0;3389.1;0.2;1392.0;0;13
25;30;9.6;422.2;1015.0;3373.9;0.1;1392.0;0;13
25;31;10.6;387.2;866.0;3399.0;0.1;1392.0;0;13
25;32;9.5;418.4;991.0;3302.7;0.1;1392.0;0;13
25;33;9.3;429.5;1056.0;3322.9;0.1;1392.0;0;13
25;34;9.0;431.3;996.0;3250.7;0.1;1392.0;0;13
25;35;7.0;529.7;1326.0;3171.9;0.2;1392.0;0;13
25;36;8.2;452.4;1150.0;3124.0;0.1;1392.0;0;13
25;37;7.6;476.1;1136.0;3057.3;0.2;1392.0;0;13
25;38;7.5;481.0;1168.0;3058.7;0.2;1392.0;0;13
25;39;8.6;437.0;1089.0;3153.7;0.1;1392.0;0;13
25;40;6.5;532.2;1230.0;2937.1;0.2;1392.0;0;13
25;41;7.0;523.4;1367.0;3097.9;0.2;1392.0;0;13
25;42;7.5;523.8;1484.0;3323.6;0.2;1392.0;0;13
25;43;7.7;515.7;1268.0;3368.3;0.2;1392.0;0;13
25;44;6.0;639.5;1589.0;3280.9;0.2;1392.0;0;13
25;45;7.2;522.2;1169.0;3195.7;0.2;1392.0;0;13
25;46;6.8;535.7;1273.0;3121.9;0.2;1392.0;0;13
25;47;6.2;600.3;1376.0;3201.3;0.2;1392.0;0;13
25;48;7.8;461.6;1154.0;3039.7;0.2;1392.0;0;13
25;49;6.4;548.6;1259.0;3025.4;0.2;1392.0;0;13
25;50;5.8;615.6;1425.0;3061.9;0.2;1392.0;0;13
25;51;6.6;517.8;1309.0;2915.9;0.2;1392.0;0;13
25;52;6.7;542.0;1310.0;3096.3;0.2;1392.0;0;13
25;53;7.1;495.7;1252.0;2989.9;0.2;1392.0;0;13
25;54;7.5;478.6;1168.0;3039.3;0.2;1392.0;0;13
25;55;7.0;493.0;1133.0;2950.1;0.2;1392.0;0;13
25;56;8.3;428.1;1078.0;2992.3;0.1;1392.0;0;13
25;57;7.2;481.8;1142.0;2961.0;0.2;1392.0;0;13
25;58;8.3;441.5;1000.0;3062.9;0.1;1392.0;0;13
25;59;7.2;494.9;1229.0;3005.7;0.2;1392.0;0;13
25;60;8.0;428.8;1053.0;2882.6;0.1;1392.0;0;13
25;61;7.1;492.7;1300.0;2976.6;0.2;1392.0;0;13
25;62;7.3;459.7;1271.0;2844.3;0.2;1392.0;0;13
25;63;7.2;439.7;1156.0;2672.7;0.2;1392.0;0;13
25;64;6.2;519.1;1286.0;2759.6;0.2;1392.0;0;13
25;65;6.1;532.0;1437.0;2792.3;0.2;1392.0;0;13
25;66;7.5;445.9;1175.0;2820.6;0.2;1392.0;0;13
25;67;6.1;510.9;1251.0;2692.3;0.2;1392.0;0;13
25;68;7.9;385.8;1111.0;2576.9;0.1;1392.0;0;13
25;69;8.9;358.3;1016.0;2665.3;0.1;1392.0;0;13
25;70;9.5;344.9;911.0;2744.3;0.1;1392.0;0;13
25;71;5.7;543.9;1487.0;2693.1;0.2;1392.0;0;13
25;72;6.2;489.9;1290.0;2590.9;0.2;1392.0;0;13
25;73;7.1;419.9;1028.0;2537.7;0.2;1392.0;0;13
25;74;7.9;392.1;995.0;2625.6;0.1;1392.0;0;13
25;75;5.0;632.1;1577.0;2775.3;0.2;1392.0;0;13
25;76;8.3;418.0;1130.0;2921.1;0.1;1392.0;0;13
25;77;7.2;425.6;1044.0;2593.0;0.2;1392.0;0;13
25;78;6.6;450.9;1204.0;2545.4;0.2;1392.0;0;13
25;79;6.3;469.9;1207.0;2549.7;0.2;1392.0;0;13
25;80;5.7;465.4;1239.0;2305.3;0.2;1392.0;0;13
25;81;6.1;520.0;1295.0;2745.0;0.2;1392.0;0;13
25;82;7.0;467.6;1106.0;2783.4;0.2;1392.0;0;13
25;83;7.3;427.7;1241.0;2642.3;0.2;1392.0;0;13
25;84;6.1;494.5;1442.0;2603.9;0.2;1392.0;0;13
25;85;7.0;441.5;1175.0;2641.1;0.2;1392.0;0;13
25;86;6.5;458.0;1196.0;2540.3;0.2;1392.0;0;13
25;87;10.0;427.9;1236.0;3539.9;0.1;1392.0;0;13
25;88;7.8;528.1;1538.0;3460.6;0.2;1392.0;0;13
25;89;9.6;413.4;1442.0;3307.6;0.1;1392.0;0;13
25;90;11.5;362.3;1197.0;3438.0;0.1;1392.0;0;13
25;91;8.4;461.1;1394.0;3243.4;0.1;1392.0;0;13
25;92;9.6;391.0;1246.0;3128.9;0.1;1392.0;0;13
25;93;8.4;443.9;1395.0;3120.1;0.1;1392.0;0;13
25;94;9.9;394.3;1234.0;3235.3;0.1;1392.0;0;13
25;95;10.3;362.1;1112.0;3097.1;0.1;1392.0;0;13
25;96;9.2;404.3;1291.0;3120.7;0.1;1392.0;0;13
25;97;7.9;451.4;1499.0;3005.4;0.2;1392.0;0;13
25;98;8.1;464.2;1449.0;3170.6;0.1;1392.0;0;13
25;99;8.4;428.1;1434.0;3036.1;0.1;1392.0;0;13
26;0;13.2;395.1;1033.0;4283.1;0.1;3139.0;1;1
26;1;11.6;438.4;1304.0;4183.7;0.1;2735.0;1;2
26;2;10.2;487.2;1230.0;4113.0;0.1;2502.0;1;3
26;3;11.1;456.4;1083.0;4202.4;0.1;2099.0;1;4
26;4;12.0;423.2;969.0;4196.9;0.1;1925.0;1;5
26;5;10.1;478.6;1182.0;4007.4;0.1;1755.0;1;6
26;6;11.4;436.6;1308.0;4124.6;0.1;1648.0;1;7
26;7;16.4;325.7;883.0;4351.0;0.1;1520.0;1;8
26;8;25.2;208.4;589.0;4211.3;0.0;1440.0;1;9
26;9;10.6;455.5;1131.0;4009.3;0.1;1431.0;1;10
26;10;10.0;480.2;1256.0;3997.0;0.1;1431.0;0;10
26;11;9.1;517.1;1289.0;3952.4;0.1;1431.0;0;10
26;12;7.5;617.8;1882.0;3925.9;0.2;1431.0;0;10
26;13;9.3;500.0;1306.0;3881.3;0.1;1431.0;0;10
26;14;9.9;474.0;1213.0;3911.4;0.1;1431.0;0;10
26;15;6.6;644.0;1411.0;3609.4;0.2;1431.0;0;10
26;16;10.0;469.2;1004.0;3917.9;0.1;1431.0;0;10
26;17;8.8;512.6;1253.0;3781.4;0.1;1431.0;0;10
26;18;10.4;443.3;1006.0;3817.9;0.1;1431.0;0;10
26;19;10.5;423.3;1082.0;3669.7;0.1;1431.0;0;10
26;20;7.8;545.4;1388.0;3599.0;0.2;1431.0;0;10
26;21;12.0;363.2;909.0;3586.1;0.1;1419.0;1;11
26;22;10.2;422.5;1073.0;3565.1;0.1;1418.0;1;12
26;23;7.0;579.6;1338.0;3435.3;0.2;1418.0;0;12
26;24;7.9;514.9;1187.0;3428.9;0.2;1418.0;0;12
26;25;6.8;573.2;1385.0;3310.7;0.2;1418.0;0;12
26;26;10.8;401.0;997.0;3577.4;0.1;1418.0;0;12
26;27;10.7;382.5;900.0;3398.4;0.1;1418.0;0;12
26;28;6.5;601.9;1387.0;3334.7;0.2;1418.0;0;12
26;29;11.3;357.4;876.0;3343.4;0.1;1418.0;0;12
26;30;7.3;525.4;1194.0;3257.9;0.2;1418.0;0;12
26;31;6.7;545.6;1265.0;3120.9;0.2;1418.0;0;12
26;32;7.0;534.5;1192.0;3196.0;0.2;1418.0;0;12
26;33;6.7;539.0;1387.0;3081.4;0.2;1418.0;0;12
26;34;9.6;396.5;989.0;3184.7;0.1;1418.0;0;12
26;35;7.9;462.8;1199.0;3075.4;0.2;1418.0;0;12
26;36;7.8;468.2;1249.0;3090.3;0.2;1418.0;0;12
26;37;8.0;446.6;1140.0;3006.6;0.1;1418.0;0;12
26;38;6.3;527.7;1300.0;2839.1;0.2;1418.0;0;12
26;39;7.0;475.9;1189.0;2844.0;0.2;1418.0;0;12
26;40;7.5;445.0;1025.0;2831.7;0.2;1418.0;0;12
26;41;9.4;365.3;908.0;2878.9;0.1;1418.0;0;12
26;42;8.6;385.1;960.0;2778.1;0.1;1418.0;0;12
26;43;7.8;404.9;920.0;2649.4;0.2;1418.0;0;12
26;44;9.1;338.7;849.0;2585.9;0.1;1418.0;0;12
26;45;9.1;337.6;841.0;2576.9;0.1;1418.0;0;12
26;46;8.0;385.3;872.0;2592.6;0.1;1418.0;0;12
26;47;8.0;392.1;1086.0;2653.4;0.1;1418.0;0;12
26;48;11.4;272.8;624.0;2565.6;0.1;1418.0;0;12
26;49;7.6;407.7;1057.0;2608.6;0.2;1418.0;0;12
26;50;8.8;340.7;837.0;2523.9;0.1;1418.0;0;12
26;51;9.3;300.8;795.0;2344.3;0.1;1418.0;0;12
26;52;10.7;282.0;665.0;2491.7;0.1;1418.0;0;12
26;53;8.6;339.1;821.0;2440.1;0.1;1418.0;0;12
26;54;9.8;308.3;729.0;2519.6;0.1;1418.0;0;12
26;55;7.7;362.6;887.0;2369.3;0.2;1418.0;0;12
26;56;8.9;328.5;875.0;2454.1;0.1;1418.0;0;12
26;57;9.7;323.6;819.0;2604.7;0.1;1418.0;0;12
26;58;8.7;330.6;811.0;2405.1;0.1;1418.0;0;12
26;59;8.2;324.1;838.0;2226.7;0.1;1418.0;0;12
26;60;7.0;382.2;1018.0;2284.0;0.2;1418.0;0;12
26;61;16.3;173.7;481.0;2294.1;0.1;1418.0;0;12
26;62;11.1;240.0;618.0;2203.6;0.1;1418.0;0;12
26;63;7.8;326.4;886.0;2145.9;0.2;1418.0;0;12
26;64;9.4;279.5;845.0;2192.1;0.1;1418.0;0;12
26;65;7.0;382.3;966.0;2267.7;0.2;1418.0;0;12
26;66;6.8;366.0;992.0;2132.9;0.2;1418.0;0;12
26;67;8.2;318.7;838.0;2197.9;0.1;1418.0;0;12
26;68;7.9;328.8;863.0;2196.6;0.1;1418.0;0;12
26;69;9.9;252.4;673.0;2072.0;0.1;1418.0;0;12
26;70;8.8;292.1;843.0;2143.7;0.1;1418.0;0;12
26;71;15.6;161.9;445.0;2054.1;0.1;1418.0;0;12
26;72;9.2;305.4;808.0;2349.7;0.1;1418.0;0;12
26;73;7.5;354.1;882.0;2243.3;0.2;1418.0;0;12
26;74;12.3;191.2;498.0;1933.1;0.1;1418.0;0;12
26;75;10.4;223.5;568.0;1921.9;0.1;1418.0;0;12
26;76;7.2;335.4;883.0;2045.6;0.2;1418.0;0;12
26;77;8.8;292.1;820.0;2161.4;0.1;1418.0;0;12
26;78;14.9;186.6;482.0;2268.7;0.1;1418.0;0;12
26;79;8.2;296.3;817.0;2050.9;0.1;1418.0;0;12
26;80;10.6;403.8;1133.0;3552.4;0.1;1418.0;0;12
26;81;8.2;475.9;1284.0;3301.1;0.1;1418.0;0;12
26;82;10.8;384.1;967.0;3440.9;0.1;1418.0;0;12
26;83;8.8;454.7;1291.0;3362.9;0.1;1418.0;0;12
26;84;7.1;541.0;1532.0;3261.1;0.2;1418.0;0;12
26;85;8.5;455.5;1318.0;3262.1;0.1;1418.0;0;12
26;86;7.3;502.2;1395.0;3109.0;0.2;1418.0;0;12
26;87;7.1;498.6;1670.0;3000.9;0.2;1418.0;0;12
26;88;8.6;413.7;1276.0;2978.4;0.1;1418.0;0;12
26;89;10.6;347.6;1083.0;3054.3;0.1;1418.0;0;12
26;90;9.2;396.6;1203.0;3040.4;0.1;1418.0;0;12
26;91;10.3;350.6;1157.0;2988.3;0.1;1418.0;0;12
26;92;8.3;399.2;1269.0;2776.6;0.1;1418.0;0;12
26;93;8.5;388.9;1177.0;2766.6;0.1;1418.0;0;12
26;94;8.4;398.0;1425.0;2822.4;0.1;1418.0;0;12
26;95;10.6;336.9;1093.0;2951.1;0.1;1418.0;0;12
26;96;9.2;341.1;1238.0;2616.4;0.1;1418.0;0;12
26;97;10.1;330.0;984.0;2766.4;0.1;1418.0;0;12
26;98;8.0;372.8;1220.0;2510.3;0.1;1418.0;0;12
26;99;8.6;356.2;1176.0;2582.1;0.1;1418.0;0;12
27;0;12.8;398.7;1140.0;4176.4;0.1;2979.0;1;1
27;1;12.6;400.0;958.0;4132.3;0.1;2599.0;1;2
27;2;12.6;400.3;1186.0;4132.1;0.1;2265.0;1;3
27;3;14.6;355.9;942.0;4239.3;0.1;2040.0;1;4
27;4;9.8;483.9;1373.0;3963.3;0.1;1837.0;1;5
27;5;9.5;508.7;1218.0;4024.6;0.1;1708.0;1;6
27;6;9.9;499.3;1237.0;4098.7;0.1;1590.0;1;7
27;7;8.5;563.0;1570.0;3995.7;0.1;1439.0;1;8
27;8;9.9;494.2;1314.0;4074.0;0.1;1421.0;1;9
27;9;8.6;557.8;1457.0;4006.9;0.1;1421.0;0;9
27;10;10.4;459.3;1199.0;3967.3;0.1;1421.0;0;9
27;11;12.3;378.1;1006.0;3831.4;0.1;1421.0;0;9
27;12;7.5;608.2;1550.0;3848.6;0.2;1421.0;0;9
27;13;15.4;316.1;936.0;3956.0;0.1;1421.0;0;9
27;14;9.1;501.6;1284.0;3801.7;0.1;1421.0;0;9
27;15;11.5;408.7;974.0;3866.3;0.1;1421.0;0;9
27;16;8.4;532.4;1284.0;3743.9;0.1;1421.0;0;9
27;17;9.6;483.3;1279.0;3847.3;0.1;1421.0;0;9
27;18;10.5;437.5;1194.0;3809.3;0.1;1421.0;0;9
27;19;9.0;502.3;1264.0;3767.9;0.1;1421.0;0;9
27;20;8.4;540.4;1428.0;3820.3;0.1;1421.0;0;9
27;21;8.3;534.1;1419.0;3739.7;0.1;1421.0;0;9
27;22;8.4;530.7;1242.0;3731.1;0.1;1421.0;0;9
27;23;7.8;542.0;1345.0;3568.1;0.2;1421.0;0;9
27;24;8.8;498.5;1198.0;3689.9;0.1;1421.0;0;9
27;25;8.2;528.2;1262.0;3651.3;0.1;1421.0;0;9
27;26;10.1;443.2;1154.0;3734.1;0.1;1421.0;0;9
27;27;5.9;675.7;1774.0;3423.7;0.2;1421.0;0;9
27;28;8.0;526.4;1250.0;3553.7;0.1;1421.0;0;9
27;29;8.5;477.6;1113.0;3408.6;0.1;1421.0;0;9
27;30;10.7;392.5;852.0;3464.9;0.1;1421.0;0;9
27;31;7.8;460.2;1194.0;3042.9;0.2;1421.0;0;9
27;32;8.7;439.7;1042.0;3204.4;0.1;1421.0;0;9
27;33;5.6;634.5;1426.0;3089.9;0.2;1421.0;0;9
27;34;8.2;434.1;1134.0;3010.1;0.1;1421.0;0;9
27;35;8.2;414.4;1083.0;2868.4;0.1;1421.0;0;9
27;36;9.6;366.4;797.0;2917.3;0.1;1421.0;0;9
27;37;10.9;317.9;803.0;2864.4;0.1;1421.0;0;9
27;38;8.0;391.2;1005.0;2650.3;0.1;1421.0;0;9
27;39;8.2;416.6;1078.0;2881.3;0.1;1421.0;0;9
27;40;7.3;431.6;1071.0;2656.7;0.2;1421.0;0;9
27;41;6.4;505.1;1189.0;2781.4;0.2;1409.0;1;10
27;42;6.6;490.8;1157.0;2774.4;0.2;1406.0;1;11
27;43;8.7;388.2;1006.0;2814.9;0.1;1406.0;0;11
27;44;8.1;428.8;971.0;2936.1;0.1;1406.0;0;11
27;45;7.6;445.9;1190.0;2849.1;0.2;1406.0;0;11
27;46;6.3;506.1;1311.0;2718.7;0.2;1406.0;0;11
27;47;8.7;374.1;1060.0;2741.7;0.1;1406.0;0;11
27;48;10.6;309.5;766.0;2720.1;0.1;1406.0;0;11
27;49;6.7;440.9;1045.0;2514.4;0.2;1406.0;0;11
27;50;8.2;362.1;921.0;2511.7;0.1;1406.0;0;11
27;51;6.4;469.7;1103.0;2568.7;0.2;1406.0;0;11
27;52;5.7;508.6;1433.0;2484.0;0.2;1406.0;0;11
27;53;7.6;408.5;981.0;2617.9;0.2;1406.0;0;11
27;54;6.6;440.2;1083.0;2484.3;0.2;1406.0;0;11
27;55;7.7;345.8;844.0;2258.6;0.2;1406.0;0;11
27;56;8.8;336.0;775.0;2469.3;0.1;1406.0;0;11
27;57;7.0;392.5;881.0;2324.1;0.2;1406.0;0;11
27;58;7.0;386.4;929.0;2297.1;0.2;1406.0;0;11
27;59;6.2;444.1;1071.0;2358.1;0.2;1406.0;0;11
27;60;7.9;350.2;889.0;2332.6;0.2;1406.0;0;11
27;61;8.7;334.2;806.0;2448.9;0.1;1406.0;0;11
27;62;6.4;422.4;1018.0;2317.1;0.2;1406.0;0;11
27;63;9.8;276.0;690.0;2244.0;0.1;1406.0;0;11
27;64;9.5;267.5;641.0;2117.4;0.1;1406.0;0;11
27;65;8.5;290.7;708.0;2066.7;0.1;1406.0;0;11
27;66;9.4;260.3;608.0;2047.6;0.1;1406.0;0;11
27;67;10.9;232.3;713.0;2092.4;0.1;1406.0;0;11
27;68;11.2;218.4;518.0;2021.3;0.1;1406.0;0;11
27;69;10.6;228.7;535.0;2012.3;0.1;1406.0;0;11
27;70;9.8;244.6;677.0;1986.4;0.1;1406.0;0;11
27;71;8.6;273.8;669.0;1975.4;0.1;1406.0;0;11
27;72;7.7;310.1;842.0;2019.6;0.2;1406.0;0;11
27;73;11.1;227.1;552.0;2074.9;0.1;1406.0;0;11
27;74;9.4;267.6;719.0;2095.3;0.1;1406.0;0;11
27;75;8.0;302.6;744.0;2044.7;0.1;1406.0;0;11
27;76;11.0;229.2;570.0;2092.3;0.1;1406.0;0;11
27;77;13.0;192.6;503.0;2054.0;0.1;1406.0;0;11
27;78;13.2;180.6;451.0;1960.3;0.1;1406.0;0;11
27;79;14.0;174.1;449.0;1988.3;0.1;1406.0;0;11
27;80;12.7;191.9;517.0;2004.3;0.1;1406.0;0;11
27;81;14.3;176.9;455.0;2059.7;0.1;1406.0;0;11
27;82;10.4;229.2;619.0;1976.9;0.1;1406.0;0;11
27;83;10.3;228.7;610.0;1946.4;0.1;1406.0;0;11
27;84;10.6;236.3;605.0;2083.3;0.1;1406.0;0;11
27;85;12.7;189.4;436.0;1969.3;0.1;1406.0;0;11
27;86;11.4;213.9;552.0;2019.3;0.1;1406.0;0;11
27;87;14.4;168.7;465.0;1985.9;0.1;1406.0;0;11
27;88;6.5;587.4;1485.0;3245.0;0.2;1406.0;0;11
27;89;7.7;458.8;1536.0;2970.0;0.2;1406.0;0;11
27;90;9.5;386.3;1325.0;3067.3;0.1;1406.0;0;11
27;91;10.3;361.2;1170.0;3089.6;0.1;1406.0;0;11
27;92;9.6;371.4;1201.0;2974.3;0.1;1406.0;0;11
27;93;8.4;405.5;1205.0;2861.9;0.1;1406.0;0;11
27;94;8.3;412.0;1339.0;2890.1;0.1;1406.0;0;11
27;95;7.3;463.1;1352.0;2882.7;0.2;1406.0;0;11
27;96;7.8;438.8;1303.0;2883.9;0.2;1406.0;0;11
27;97;7.7;417.5;1343.0;2707.9;0.2;1406.0;0;11
27;98;8.1;420.4;1386.0;2872.1;0.1;1406.0;0;11
27;99;10.4;342.3;1117.0;2948.9;0.1;1406.0;0;11
28;0;11.4;447.4;1199.0;4196.3;0.1;3048.0;1;1
28;1;12.8;399.7;1113.0;4202.1;0.1;2677.0;1;2
28;2;8.6;551.9;1443.0;3968.4;0.1;2487.0;1;3
28;3;12.3;409.9;1168.0;4140.9;0.1;2224.0;1;4
28;4;11.1;459.7;1237.0;4225.6;0.1;2010.0;1;5
28;5;11.3;441.1;1198.0;4119.3;0.1;1841.0;1;6
28;6;12.5;414.6;1203.0;4249.1;0.1;1690.0;1;7
28;7;13.6;369.8;891.0;4103.9;0.1;1583.0;1;8
28;8;9.7;488.6;1235.0;3944.6;0.1;1445.0;1;9
28;9;12.0;421.7;1044.0;4177.4;0.1;1433.0;1;10
28;10;12.4;396.6;1082.0;4034.3;0.1;1416.0;1;11
28;11;8.9;531.4;1324.0;3963.0;0.1;1409.0;1;12
28;12;10.9;430.3;1164.0;3883.1;0.1;1409.0;0;12
28;13;10.0;468.7;1236.0;3909.4;0.1;1409.0;0;12
28;14;8.0;556.1;1515.0;3739.1;0.1;1409.0;0;12
28;15;8.0;544.0;1373.0;3684.1;0.1;1409.0;0;12
28;16;11.0;413.1;1115.0;3748.0;0.1;1409.0;0;12
28;17;8.4;531.3;1337.0;3767.1;0.1;1409.0;0;12
28;18;11.9;372.6;909.0;3640.6;0.1;1409.0;0;12
28;19;10.5;445.0;956.0;3861.6;0.1;1409.0;0;12
28;20;10.6;418.3;1137.0;3669.7;0.1;1409.0;0;12
28;21;8.5;517.3;1171.0;3702.7;0.1;1409.0;0;12
28;22;8.4;493.1;1262.0;3481.1;0.1;1409.0;0;12
28;23;7.7;549.4;1462.0;3583.3;0.2;1409.0;0;12
28;24;8.9;478.3;1143.0;3544.3;0.1;1409.0;0;12
28;25;7.3;550.7;1464.0;3427.0;0.2;1409.0;0;12
28;26;6.9;584.1;1458.0;3412.7;0.2;1409.0;0;12
28;27;7.7;550.6;1259.0;3562.3;0.2;1409.0;0;12
28;28;8.9;451.2;1073.0;3359.1;0.1;1409.0;0;12
28;29;5.9;628.9;1444.0;3192.4;0.2;1409.0;0;12
28;30;8.2;472.4;1317.0;3275.6;0.1;1409.0;0;12
28;31;9.3;412.1;1180.0;3192.7;0.1;1409.0;0;12
28;32;8.8;454.8;1090.0;3343.7;0.1;1409.0;0;12
28;33;7.5;484.6;1334.0;3069.0;0.2;1409.0;0;12
28;34;8.2;470.6;1140.0;3240.4;0.1;1409.0;0;12
28;35;8.4;441.2;1138.0;3126.4;0.1;1409.0;0;12
28;36;8.0;459.7;1124.0;3091.4;0.1;1409.0;0;12
28;37;9.0;404.5;1011.0;3057.6;0.1;1409.0;0;12
28;38;8.4;431.1;1178.0;3050.0;0.1;1409.0;0;12
28;39;6.7;512.9;1288.0;2925.6;0.2;1409.0;0;12
28;40;7.3;473.3;1323.0;2928.3;0.2;1409.0;0;12
28;41;6.9;500.6;1131.0;2946.3;0.2;1409.0;0;12
28;42;7.2;483.5;1175.0;2951.0;0.2;1409.0;0;12
28;43;8.5;408.3;917.0;2919.4;0.1;1409.0;0;12
28;44;7.0;474.1;1196.0;2812.3;0.2;1409.0;0;12
28;45;7.1;440.4;1072.0;2639.9;0.2;1409.0;0;12
28;46;6.7;485.2;1113.0;2788.0;0.2;1409.0;0;12
28;47;7.2;437.9;1128.0;2682.0;0.2;1409.0;0;12
28;48;5.5;562.9;1473.0;2693.7;0.2;1409.0;0;12
28;49;7.8;428.9;1002.0;2829.3;0.2;1409.0;0;12
28;50;7.9;422.3;1069.0;2815.4;0.1;1409.0;0;12
28;51;6.8;483.5;1205.0;2788.9;0.2;1409.0;0;12
28;52;7.8;419.8;1064.0;2754.0;0.2;1409.0;0;12
28;53;6.7;484.2;1112.0;2770.9;0.2;1409.0;0;12
28;54;7.2;445.9;1208.0;2729.6;0.2;1409.0;0;12
28;55;5.6;550.4;1286.0;2666.1;0.2;1409.0;0;12
28;56;8.5;358.2;817.0;2547.4;0.1;1409.0;0;12
28;57;5.7;520.8;1282.0;2559.4;0.2;1409.0;0;12
28;58;6.6;449.5;1174.0;2540.6;0.2;1409.0;0;12
28;59;7.2;387.7;1024.0;2371.3;0.2;1409.0;0;12
28;60;6.5;462.6;1039.0;2561.6;0.2;1409.0;0;12
28;61;7.0;411.9;1143.0;2464.0;0.2;1409.0;0;12
28;62;6.6;425.6;1123.0;2390.3;0.2;1409.0;0;12
28;63;11.0;239.6;591.0;2183.1;0.1;1409.0;0;12
28;64;10.7;242.2;699.0;2142.4;0.1;1409.0;0;12
28;65;9.6;252.2;704.0;2015.4;0.1;1409.0;0;12
28;66;9.3;258.6;718.0;2009.0;0.1;1409.0;0;12
28;67;9.4;275.7;768.0;2153.3;0.1;1409.0;0;12
28;68;9.2;270.5;736.0;2079.9;0.1;1409.0;0;12
28;69;9.1;295.5;805.0;2235.4;0.1;1409.0;0;12
28;70;17.1;161.0;441.0;2230.0;0.1;1409.0;0;12
28;71;11.8;216.6;607.0;2114.6;0.1;1409.0;0;12
28;72;7.1;398.5;1021.0;2411.9;0.2;1409.0;0;12
28;73;4.9;496.0;1212.0;2136.7;0.2;1409.0;0;12
28;74;9.4;269.4;749.0;2101.9;0.1;1409.0;0;12
28;75;6.5;361.8;880.0;2002.7;0.2;1409.0;0;12
28;76;10.4;229.7;597.0;1974.1;0.1;1409.0;0;12
28;77;8.9;254.5;613.0;1900.4;0.1;1409.0;0;12
28;78;10.7;220.0;566.0;1950.9;0.1;1409.0;0;12
28;79;5.0;479.8;1278.0;2107.3;0.2;1409.0;0;12
28;80;6.9;382.4;938.0;2253.1;0.2;1409.0;0;12
28;81;9.3;249.8;626.0;1934.9;0.1;1409.0;0;12
28;82;10.2;231.4;566.0;1954.7;0.1;1409.0;0;12
28;83;7.5;536.7;1298.0;3410.7;0.2;1409.0;0;12
28;84;7.7;487.9;1263.0;3178.4;0.2;1409.0;0;12
28;85;7.1;552.2;1354.0;3346.7;0.2;1409.0;0;12
28;86;7.0;541.6;1668.0;3221.6;0.2;1409.0;0;12
28;87;7.9;485.9;1309.0;3250.0;0.1;1409.0;0;12
28;88;8.1;492.7;1310.0;3355.1;0.1;1409.0;0;12
28;89;10.5;367.4;1221.0;3206.7;0.1;1409.0;0;12
28;90;8.4;445.1;1541.0;3131.4;0.1;1409.0;0;12
28;91;8.5;433.4;1345.0;3083.0;0.1;1409.0;0;12
28;92;10.2;370.7;1187.0;3130.9;0.1;1409.0;0;12
28;93;8.0;468.5;1522.0;3153.1;0.1;1409.0;0;12
28;94;12.0;317.8;969.0;3135.0;0.1;1409.0;0;12
28;95;8.2;419.2;1383.0;2889.3;0.1;1409.0;0;12
28;96;10.4;356.1;1113.0;3060.6;0.1;1409.0;0;12
28;97;8.2;416.0;1336.0;2854.6;0.1;1409.0;0;12
28;98;8.8;379.0;1214.0;2786.4;0.1;1409.0;0;12
28;99;11.9;294.7;873.0;2880.0;0.1;1409.0;0;12
29;0;11.9;415.0;1021.0;4073.1;0.1;2979.0;1;1
29;1;9.8;505.4;1205.0;4103.9;0.1;2717.0;1;2
29;2;16.1;326.9;786.0;4281.0;0.1;2432.0;1;3
29;3;14.4;338.6;976.0;3991.4;0.1;2089.0;1;4
29;4;11.6;422.1;1146.0;4040.0;0.1;1923.0;1;5
29;5;11.3;437.1;1114.0;4088.6;0.1;1763.0;1;6
29;6;12.6;399.5;1051.0;4123.1;0.1;1569.0;1;7
29;7;7.3;649.8;1765.0;4010.7;0.2;1466.0;1;8
29;8;10.6;468.7;1143.0;4113.4;0.1;1421.0;1;9
29;9;11.7;417.9;1147.0;4017.7;0.1;1404.0;1;10
29;10;10.2;470.3;1213.0;3967.9;0.1;1404.0;0;10
29;11;10.3;476.1;1214.0;4062.0;0.1;1404.0;0;10
29;12;10.4;445.5;1175.0;3833.4;0.1;1404.0;0;10
29;13;7.5;606.2;1507.0;3868.0;0.2;1404.0;0;10
29;14;8.1;554.6;1279.0;3783.6;0.1;1404.0;0;10
29;15;7.8;582.3;1531.0;3821.1;0.2;1404.0;0;10
29;16;7.5;577.5;1290.0;3655.0;0.2;1404.0;0;10
29;17;10.1;464.5;1133.0;3894.6;0.1;1404.0;0;10
29;18;10.2;451.6;1254.0;3838.4;0.1;1404.0;0;10
29;19;9.3;487.2;1131.0;3790.0;0.1;1404.0;0;10
29;20;9.5;474.5;1155.0;3763.1;0.1;1404.0;0;10
29;21;10.9;422.2;1042.0;3822.7;0.1;1404.0;0;10
29;22;10.2;430.0;1115.0;3626.0;0.1;1404.0;0;10
29;23;6.2;644.3;1628.0;3427.7;0.2;1404.0;0;10
29;24;8.7;481.2;1178.0;3501.7;0.1;1404.0;0;10
29;25;8.1;517.6;1306.0;3537.1;0.1;1404.0;0;10
29;26;8.9;496.1;1136.0;3714.4;0.1;1404.0;0;10
29;27;7.4;545.9;1362.0;3422.1;0.2;1404.0;0;10
29;28;8.0;516.1;1186.0;3494.6;0.1;1404.0;0;10
29;29;8.8;475.0;1093.0;3483.3;0.1;1404.0;0;10
29;30;8.2;493.6;1259.0;3418.1;0.1;1404.0;0;10
29;31;8.1;490.1;1293.0;3327.7;0.1;1404.0;0;10
29;32;6.1;609.8;1467.0;3200.3;0.2;1404.0;0;10
29;33;7.5;494.2;1344.0;3135.0;0.2;1404.0;0;10
29;34;8.8;421.4;1096.0;3103.4;0.1;1404.0;0;10
29;35;7.0;508.7;1292.0;3018.1;0.2;1404.0;0;10
29;36;9.2;414.7;978.0;3193.1;0.1;1404.0;0;10
29;37;9.6;399.3;945.0;3195.1;0.1;1404.0;0;10
29;38;9.0;424.7;1041.0;3206.3;0.1;1404.0;0;10
29;39;10.0;370.9;894.0;3085.1;0.1;1404.0;0;10
29;40;9.1;377.3;1079.0;2868.9;0.1;1404.0;0;10
29;41;9.1;388.4;990.0;2955.3;0.1;1404.0;0;10
29;42;7.3;453.6;1099.0;2796.7;0.2;1404.0;0;10
29;43;7.8;428.8;1075.0;2838.0;0.2;1404.0;0;10
29;44;8.0;406.0;1143.0;2731.0;0.1;1404.0;0;10
29;45;8.3;409.0;1064.0;2856.3;0.1;1404.0;0;10
29;46;7.4;441.3;1156.0;2764.6;0.2;1404.0;0;10
29;47;6.0;524.2;1210.0;2686.4;0.2;1404.0;0;10
29;48;5.3;586.9;1306.0;2694.0;0.2;1404.0;0;10
29;49;6.5;487.1;1310.0;2725.6;0.2;1404.0;0;10
29;50;8.2;404.3;988.0;2792.7;0.1;1404.0;0;10
29;51;5.7;561.6;1314.0;2765.6;0.2;1404.0;0;10
29;52;9.0;369.4;937.0;2772.4;0.1;1404.0;0;10
29;53;11.0;292.4;789.0;2665.3;0.1;1404.0;0;10
29;54;9.6;296.6;843.0;2361.9;0.1;1404.0;0;10
29;55;8.3;334.2;890.0;2321.7;0.1;1404.0;0;10
29;56;11.6;239.6;578.0;2292.9;0.1;1404.0;0;10
29;57;7.9;347.8;764.0;2310.3;0.2;1404.0;0;10
29;58;9.1;297.8;795.0;2265.3;0.1;1404.0;0;10
29;59;9.2;302.8;811.0;2326.7;0.1;1404.0;0;10
29;60;15.0;177.8;449.0;2169.7;0.1;1404.0;0;10
29;61;11.0;259.5;560.0;2354.7;0.1;1404.0;0;10
29;62;11.1;239.6;622.0;2190.3;0.1;1404.0;0;10
29;63;8.0;335.4;874.0;2273.1;0.1;1404.0;0;10
29;64;11.1;226.7;622.0;2082.4;0.1;1404.0;0;10
29;65;9.3;266.7;678.0;2074.4;0.1;1404.0;0;10
29;66;12.1;210.3;567.0;2088.6;0.1;1404.0;0;10
29;67;10.6;236.9;680.0;2081.0;0.1;1404.0;0;10
29;68;13.5;182.5;492.0;2020.1;0.1;1404.0;0;10
29;69;10.1;231.9;632.0;1952.9;0.1;1404.0;0;10
29;70;13.3;184.0;452.0;1998.3;0.1;1404.0;0;10
29;71;15.7;158.9;414.0;2032.3;0.1;1404.0;0;10
29;72;15.5;157.8;420.0;1989.4;0.1;1404.0;0;10
29;73;19.1;131.0;403.0;2024.9;0.1;1404.0;0;10
29;74;14.6;166.8;403.0;1992.4;0.1;1404.0;0;10
29;75;9.0;286.4;730.0;2159.4;0.1;1404.0;0;10
29;76;9.1;283.8;682.0;2161.1;0.1;1404.0;0;10
29;77;14.3;177.0;478.0;2066.4;0.1;1404.0;0;10
29;78;11.9;204.7;536.0;2003.4;0.1;1404.0;0;10
29;79;11.7;213.2;561.0;2052.7;0.1;1404.0;0;10
29;80;9.4;282.9;713.0;2224.6;0.1;1404.0;0;10
29;81;11.5;233.0;604.0;2204.6;0.1;1404.0;0;10
29;82;10.7;245.4;590.0;2167.9;0.1;1404.0;0;10
29;83;10.0;265.7;768.0;2205.7;0.1;1404.0;0;10
29;84;10.1;245.4;681.0;2056.3;0.1;1404.0;0;10
29;85;8.3;477.1;1301.0;3310.6;0.1;1404.0;0;10
29;86;8.8;445.6;1203.0;3299.6;0.1;1404.0;0;10
29;87;7.4;538.0;1418.0;3379.7;0.2;1404.0;0;10
29;88;7.3;534.1;1412.0;3285.0;0.2;1404.0;0;10
29;89;10.4;370.0;1157.0;3183.3;0.1;1404.0;0;10
29;90;9.9;386.5;1243.0;3178.1;0.1;1404.0;0;10
29;91;10.4;360.9;1138.0;3108.7;0.1;1404.0;0;10
29;92;9.5;388.8;1222.0;3071.4;0.1;1404.0;0;10
29;93;8.7;400.8;1231.0;2921.1;0.1;1404.0;0;10
29;94;9.9;356.1;1182.0;2924.7;0.1;1404.0;0;10
29;95;11.8;312.9;1077.0;3038.7;0.1;1404.0;0;10
29;96;8.9;404.9;1301.0;3022.9;0.1;1404.0;0;10
29;97;8.2;421.6;1217.0;2912.6;0.1;1404.0;0;10
29;98;8.5;402.2;1253.0;2853.3;0.1;1404.0;0;10
29;99;6.9;485.0;1723.0;2846.6;0.2;1404.0;0;10
30;0;10.8;463.8;1089.0;4147.4;0.1;3031.0;1;1
30;1;14.2;340.2;918.0;3944.4;0.1;2809.0;1;2
30;2;8.8;563.1;1425.0;4142.3;0.1;2553.0;1;3
30;3;9.8;498.4;1201.0;4073.3;0.1;2429.0;1;4
30;4;15.2;330.6;816.0;4091.6;0.1;2189.0;1;5
30;5;12.5;385.5;1029.0;3966.6;0.1;2040.0;1;6
30;6;9.6;515.1;1266.0;4112.9;0.1;1896.0;1;7
30;7;15.6;318.5;889.0;4053.3;0.1;1689.0;1;8
30;8;12.2;394.3;1093.0;3962.4;0.1;1533.0;1;9
30;9;11.3;435.7;1216.0;4058.7;0.1;1434.0;1;10
30;10;13.4;355.9;893.0;3919.7;0.1;1434.0;0;10
30;11;12.3;399.6;1066.0;4045.3;0.1;1434.0;0;10
30;12;8.0;573.3;1481.0;3859.6;0.1;1434.0;0;10
30;13;11.3;425.0;1050.0;3981.1;0.1;1434.0;0;10
30;14;10.3;442.2;1057.0;3766.7;0.1;1434.0;0;10
30;15;8.3;545.7;1302.0;3790.6;0.1;1434.0;0;10
30;16;10.3;445.1;1152.0;3821.9;0.1;1434.0;0;10
30;17;9.2;492.6;1094.0;3801.1;0.1;1434.0;0;10
30;18;7.4;582.5;1534.0;3651.6;0.2;1434.0;0;10
30;19;8.1;537.7;1302.0;3650.9;0.1;1434.0;0;10
30;20;10.6;425.3;1050.0;3743.7;0.1;1434.0;0;10
30;21;9.8;441.2;1120.0;3584.7;0.1;1434.0;0;10
30;22;8.9;475.5;1170.0;3548.7;0.1;1434.0;0;10
30;23;11.1;389.5;892.0;3587.0;0.1;1434.0;0;10
30;24;8.0;499.5;1163.0;3382.7;0.1;1406.0;1;11
30;25;5.9;673.2;1593.0;3430.0;0.2;1406.0;0;11
30;26;7.6;534.6;1465.0;3438.4;0.2;1406.0;0;11
30;27;9.5;434.5;948.0;3451.6;0.1;1406.0;0;11
30;28;8.2;491.4;1250.0;3382.3;0.1;1406.0;0;11
30;29;8.5;462.9;1054.0;3288.7;0.1;1406.0;0;11
30;30;8.1;448.2;1027.0;3055.0;0.1;1406.0;0;11
30;31;7.3;503.9;1302.0;3118.6;0.2;1406.0;0;11
30;32;8.3;451.1;1165.0;3153.4;0.1;1406.0;0;11
30;33;11.9;321.3;803.0;3157.4;0.1;1406.0;0;11
30;34;8.2;462.6;1062.0;3191.3;0.1;1406.0;0;11
30;35;7.3;484.0;1220.0;2998.4;0.2;1406.0;0;11
30;36;9.8;396.9;989.0;3243.9;0.1;1406.0;0;11
30;37;8.3;477.2;1303.0;3311.4;0.1;1406.0;0;11
30;38;6.4;559.5;1538.0;3082.9;0.2;1406.0;0;11
30;39;7.0;498.6;1202.0;2986.4;0.2;1406.0;0;11
30;40;7.3;496.6;1186.0;3076.7;0.2;1406.0;0;11
30;41;10.2;363.7;1016.0;3072.7;0.1;1406.0;0;11
30;42;9.1;400.7;873.0;3052.1;0.1;1406.0;0;11
30;43;10.1;354.0;903.0;2978.0;0.1;1406.0;0;11
30;44;11.7;315.5;786.0;3034.6;0.1;1406.0;0;11
30;45;6.0;541.8;1367.0;2807.1;0.2;1406.0;0;11
30;46;5.8;548.0;1268.0;2756.7;0.2;1406.0;0;11
30;47;6.0;554.6;1289.0;2865.4;0.2;1406.0;0;11
30;48;6.5;503.9;1163.0;2814.6;0.2;1406.0;0;11
30;49;6.9;472.6;1232.0;2759.9;0.2;1406.0;0;11
30;50;6.9;467.5;1117.0;2731.6;0.2;1406.0;0;11
30;51;6.6;484.8;1243.0;2723.6;0.2;1406.0;0;11
30;52;7.5;427.4;1088.0;2714.1;0.2;1406.0;0;11
30;53;6.6;473.9;1055.0;2678.1;0.2;1406.0;0;11
30;54;5.4;547.7;1348.0;2580.1;0.2;1406.0;0;11
30;55;5.4;548.3;1218.0;2581.7;0.2;1406.0;0;11
30;56;5.9;510.0;1297.0;2580.1;0.2;1406.0;0;11
30;57;4.6;614.5;1437.0;2507.3;0.2;1406.0;0;11
30;58;5.3;523.3;1138.0;2401.7;0.2;1406.0;0;11
30;59;6.0;453.9;1228.0;2344.0;0.2;1406.0;0;11
30;60;6.8;414.5;1173.0;2388.9;0.2;1406.0;0;11
30;61;6.4;437.2;1141.0;2409.1;0.2;1406.0;0;11
30;62;8.6;371.2;923.0;2686.4;0.1;1406.0;0;11
30;63;7.0;443.7;1154.0;2642.3;0.2;1406.0;0;11
30;64;6.2;473.3;1331.0;2529.3;0.2;1406.0;0;11
30;65;6.6;442.9;1128.0;2495.0;0.2;1406.0;0;11
30;66;7.2;390.8;996.0;2373.3;0.2;1406.0;0;11
30;67;7.6;353.1;879.0;2272.7;0.2;1406.0;0;11
30;68;8.2;340.2;884.0;2345.3;0.1;1406.0;0;11
30;69;7.8;340.5;849.0;2236.4;0.2;1406.0;0;11
30;70;7.9;340.9;932.0;2263.9;0.2;1406.0;0;11
30;71;6.9;379.1;1022.0;2219.9;0.2;1406.0;0;11
30;72;7.8;346.5;917.0;2293.4;0.2;1406.0;0;11
30;73;7.5;347.5;985.0;2196.4;0.2;1406.0;0;11
30;74;7.9;334.9;913.0;2226.0;0.2;1406.0;0;11
30;75;9.8;272.8;759.0;2223.7;0.1;1406.0;0;11
30;76;8.3;334.2;919.0;2344.1;0.1;1406.0;0;11
30;77;8.2;350.6;1012.0;2421.1;0.1;1406.0;0;11
30;78;8.1;341.1;959.0;2321.1;0.1;1406.0;0;11
30;79;9.0;316.3;843.0;2378.1;0.1;1406.0;0;11
30;80;6.5;380.7;1050.0;2121.4;0.2;1406.0;0;11
30;81;6.3;398.1;1040.0;2135.6;0.2;1406.0;0;11
30;82;7.4;522.1;1295.0;3278.3;0.2;1406.0;0;11
30;83;8.4;511.8;1489.0;3597.6;0.1;1406.0;0;11
30;84;7.9;516.8;1389.0;3442.6;0.2;1406.0;0;11
30;85;9.0;434.0;1086.0;3250.4;0.1;1406.0;0;11
30;86;7.2;560.5;1531.0;3419.1;0.2;1406.0;0;11
30;87;7.6;519.3;1323.0;3325.6;0.2;1406.0;0;11
30;88;10.8;374.2;1116.0;3350.1;0.1;1406.0;0;11
30;89;8.8;420.4;1338.0;3093.1;0.1;1406.0;0;11
30;90;8.5;422.6;1280.0;3009.6;0.1;1406.0;0;11
30;91;9.2;390.2;1189.0;2995.4;0.1;1406.0;0;11
30;92;8.6;422.0;1299.0;3048.1;0.1;1406.0;0;11
30;93;8.7;408.7;1365.0;2980.0;0.1;1406.0;0;11
30;94;10.0;346.6;1147.0;2883.1;0.1;1406.0;0;11
30;95;9.6;371.1;1147.0;2970.0;0.1;1406.0;0;11
30;96;7.1;452.6;1369.0;2727.7;0.2;1406.0;0;11
30;97;9.6;353.9;1226.0;2832.7;0.1;1406.0;0;11
30;98;8.1;407.9;1345.0;2773.3;0.1;1406.0;0;11
30;99;8.0;390.3;1186.0;2634.4;0.1;1406.0;0;11
31;0;9.4;514.5;1300.0;4031.6;0.1;3009.0;1;1
31;1;10.5;465.2;1140.0;4064.9;0.1;2595.0;1;2
31;2;10.5;459.2;1230.0;4002.7;0.1;2249.0;1;3
31;3;8.9;531.5;1397.0;3952.3;0.1;2043.0;1;4
31;4;8.6;560.8;1350.0;4027.4;0.1;1890.0;1;5
31;5;11.4;440.6;1061.0;4131.7;0.1;1772.0;1;6
31;6;9.5;504.3;1247.0;3978.7;0.1;1672.0;1;7
31;7;9.6;484.8;1383.0;3890.3;0.1;1549.0;1;8
31;8;9.9;488.8;1171.0;4029.4;0.1;1456.0;1;9
31;9;10.9;440.7;1197.0;3975.0;0.1;1435.0;1;10
31;10;12.9;374.0;966.0;3951.4;0.1;1415.0;1;11
31;11;8.7;534.5;1519.0;3907.7;0.1;1406.0;1;12
31;12;10.4;440.5;1174.0;3816.4;0.1;1404.0;1;13
31;13;8.1;543.8;1365.0;3709.6;0.1;1404.0;0;13
31;14;7.0;595.6;1443.0;3526.7;0.2;1404.0;0;13
31;15;8.1;533.2;1270.0;3647.4;0.1;1404.0;0;13
31;16;7.0;606.4;1375.0;3610.1;0.2;1404.0;0;13
31;17;6.6;625.9;1519.0;3531.9;0.2;1404.0;0;13
31;18;9.0;483.6;1135.0;3653.1;0.1;1404.0;0;13
31;19;13.2;329.1;853.0;3567.4;0.1;1404.0;0;13
31;20;7.4;563.9;1195.0;3536.6;0.2;1404.0;0;13
31;21;8.6;493.4;1321.0;3545.3;0.1;1404.0;0;13
31;22;7.1;593.6;1323.0;3577.4;0.2;1404.0;0;13
31;23;10.2;423.0;995.0;3589.7;0.1;1404.0;0;13
31;24;8.8;467.1;1229.0;3436.4;0.1;1404.0;0;13
31;25;7.6;532.7;1427.0;3414.6;0.2;1404.0;0;13
31;26;9.4;438.1;1153.0;3419.6;0.1;1404.0;0;13
31;27;11.4;362.2;848.0;3412.3;0.1;1404.0;0;13
31;28;8.5;455.1;1103.0;3244.0;0.1;1404.0;0;13
31;29;7.6;504.7;1281.0;3250.0;0.2;1404.0;0;13
31;30;7.3;508.5;1291.0;3150.9;0.2;1404.0;0;13
31;31;6.8;528.0;1324.0;3048.6;0.2;1404.0;0;13
31;32;6.1;572.4;1332.0;2983.3;0.2;1404.0;0;13
31;33;9.7;394.3;912.0;3171.4;0.1;1404.0;0;13
31;34;7.7;454.3;1154.0;2968.7;0.2;1404.0;0;13
31;35;6.0;557.7;1407.0;2882.0;0.2;1404.0;0;13
31;36;6.4;549.8;1275.0;3018.0;0.2;1404.0;0;13
31;37;10.3;341.1;864.0;2919.9;0.1;1404.0;0;13
31;38;9.5;400.8;1038.0;3161.3;0.1;1404.0;0;13
31;39;6.0;545.9;1381.0;2828.4;0.2;1404.0;0;13
31;40;7.4;444.5;1179.0;2790.0;0.2;1404.0;0;13
31;41;6.7;492.9;1242.0;2803.9;0.2;1404.0;0;13
31;42;7.1;486.0;1287.0;2935.1;0.2;1404.0;0;13
31;43;8.1;401.0;943.0;2723.7;0.1;1404.0;0;13
31;44;6.2;520.9;1257.0;2783.9;0.2;1404.0;0;13
31;45;5.8;529.5;1192.0;2664.7;0.2;1404.0;0;13
31;46;7.5;432.8;992.0;2761.1;0.2;1404.0;0;13
31;47;6.7;474.1;1157.0;2708.4;0.2;1404.0;0;13
31;48;7.0;452.3;1072.0;2682.7;0.2;1404.0;0;13
31;49;5.9;515.6;1214.0;2601.7;0.2;1404.0;0;13
31;50;6.5;469.9;1245.0;2612.1;0.2;1404.0;0;13
31;51;11.1;292.6;809.0;2680.6;0.1;1404.0;0;13
31;52;10.0;322.0;833.0;2678.0;0.1;1404.0;0;13
31;53;5.6;520.2;1197.0;2538.3;0.2;1404.0;0;13
31;54;6.4;476.5;1130.0;2613.0;0.2;1404.0;0;13
31;55;6.8;459.0;1253.0;2667.6;0.2;1404.0;0;13
31;56;7.0;442.7;1046.0;2630.1;0.2;1404.0;0;13
31;57;9.6;333.0;823.0;2664.1;0.1;1404.0;0;13
31;58;10.2;309.8;855.0;2635.7;0.1;1404.0;0;13
31;59;8.3;354.3;914.0;2483.6;0.1;1404.0;0;13
31;60;12.2;266.5;643.0;2679.7;0.1;1404.0;0;13
31;61;7.6;389.9;981.0;2496.6;0.2;1404.0;0;13
31;62;9.0;328.4;892.0;2462.0;0.1;1404.0;0;13
31;63;8.8;339.9;853.0;2517.9;0.1;1404.0;0;13
31;64;7.2;407.1;1080.0;2500.9;0.2;1404.0;0;13
31;65;5.5;508.8;1269.0;2413.0;0.2;1404.0;0;13
31;66;8.0;375.0;991.0;2527.4;0.1;1404.0;0;13
31;67;6.5;458.4;1226.0;2538.7;0.2;1404.0;0;13
31;68;6.3;462.2;1266.0;2478.1;0.2;1404.0;0;13
31;69;7.1;428.3;1138.0;2581.4;0.2;1404.0;0;13
31;70;5.6;491.5;1190.0;2365.9;0.2;1404.0;0;13
31;71;9.2;326.0;790.0;2505.7;0.1;1404.0;0;13
31;72;7.0;412.3;1272.0;2463.6;0.2;1404.0;0;13
31;73;7.1;423.2;1057.0;2542.0;0.2;1404.0;0;13
31;74;6.7;439.2;1136.0;2504.0;0.2;1404.0;0;13
31;75;7.3;420.3;1134.0;2597.6;0.2;1404.0;0;13
31;76;6.4;447.6;1088.0;2463.0;0.2;1404.0;0;13
31;77;6.0;482.0;1224.0;2503.1;0.2;1404.0;0;13
31;78;7.2;395.3;968.0;2412.1;0.2;1404.0;0;13
31;79;7.4;408.3;1089.0;2551.0;0.2;1404.0;0;13
31;80;6.1;469.9;1188.0;2471.6;0.2;1404.0;0;13
31;81;6.3;461.6;1172.0;2495.1;0.2;1404.0;0;13
31;82;6.1;464.1;1148.0;2424.0;0.2;1404.0;0;13
31;83;8.6;475.9;1179.0;3441.9;0.1;1404.0;0;13
31;84;8.0;509.5;1347.0;3447.1;0.1;1404.0;0;13
31;85;8.6;456.1;1289.0;3306.7;0.1;1404.0;0;13
31;86;9.6;425.1;1013.0;3402.1;0.1;1404.0;0;13
31;87;8.1;483.7;1201.0;3313.4;0.1;1404.0;0;13
31;88;7.3;534.6;1390.0;3301.6;0.2;1404.0;0;13
31;89;11.5;331.7;1095.0;3154.6;0.1;1404.0;0;13
31;90;11.6;334.3;1024.0;3192.0;0.1;1404.0;0;13
31;91;11.2;343.9;1123.0;3170.4;0.1;1404.0;0;13
31;92;9.1;385.8;1166.0;2939.4;0.1;1404.0;0;13
31;93;10.8;340.5;1179.0;3036.1;0.1;1404.0;0;13
31;94;7.3;500.8;1491.0;3109.6;0.2;1404.0;0;13
31;95;9.5;372.8;1218.0;2950.1;0.1;1404.0;0;13
31;96;9.3;368.2;1153.0;2866.4;0.1;1404.0;0;13
31;97;8.4;404.8;1304.0;2852.0;0.1;1404.0;0;13
31;98;8.5;400.5;1283.0;2871.0;0.1;1404.0;0;13
31;99;8.7;393.0;1267.0;2868.7;0.1;1404.0;0;13
32;0;10.9;460.5;1214.0;4147.1;0.1;2979.0;1;1
32;1;9.4;532.9;1271.0;4162.3;0.1;2755.0;1;2
32;2;10.7;462.0;1288.0;4105.4;0.1;2447.0;1;3
32;3;11.6;431.7;1162.0;4124.0;0.1;2282.0;1;4
32;4;11.5;432.3;1033.0;4096.6;0.1;2067.0;1;5
32;5;11.2;440.0;1088.0;4056.3;0.1;1948.0;1;6
32;6;10.7;457.0;1066.0;4039.4;0.1;1750.0;1;7
32;7;10.1;494.0;1186.0;4153.9;0.1;1545.0;1;8
32;8;10.9;451.6;1133.0;4064.0;0.1;1403.0;1;9
32;9;11.9;409.8;1159.0;4001.0;0.1;1402.0;1;10
32;10;10.5;457.9;1125.0;4002.9;0.1;1402.0;0;10
32;11;8.9;514.2;1329.0;3825.6;0.1;1402.0;0;10
32;12;10.5;449.5;1226.0;3901.4;0.1;1402.0;0;10
32;13;13.5;357.0;862.0;3940.9;0.1;1402.0;0;10
32;14;10.0;457.8;1122.0;3799.9;0.1;1402.0;0;10
32;15;10.5;434.0;994.0;3763.0;0.1;1402.0;0;10
32;16;8.9;491.9;1136.0;3646.9;0.1;1402.0;0;10
32;17;8.8;508.6;1284.0;3730.7;0.1;1402.0;0;10
32;18;9.5;482.1;1189.0;3812.7;0.1;1402.0;0;10
32;19;9.0;484.8;1066.0;3651.6;0.1;1402.0;0;10
32;20;9.8;449.7;1091.0;3680.3;0.1;1402.0;0;10
32;21;7.5;560.6;1440.0;3551.1;0.2;1402.0;0;10
32;22;8.6;468.9;1180.0;3373.9;0.1;1402.0;0;10
32;23;9.7;430.5;1153.0;3492.6;0.1;1402.0;0;10
32;24;7.6;552.4;1266.0;3551.6;0.2;1402.0;0;10
32;25;7.8;521.4;1253.0;3415.3;0.2;1402.0;0;10
32;26;9.7;424.5;1071.0;3432.4;0.1;1402.0;0;10
32;27;7.3;542.4;1237.0;3362.1;0.2;1402.0;0;10
32;28;10.9;380.1;1036.0;3435.0;0.1;1402.0;0;10
32;29;7.6;517.4;1205.0;3307.7;0.2;1402.0;0;10
32;30;7.7;484.9;1100.0;3172.6;0.2;1402.0;0;10
32;31;8.7;456.9;1225.0;3316.0;0.1;1402.0;0;10
32;32;5.8;646.7;1637.0;3244.3;0.2;1402.0;0;10
32;33;8.1;504.8;1210.0;3433.9;0.1;1402.0;0;10
32;34;8.3;439.1;1059.0;3054.9;0.1;1402.0;0;10
32;35;5.3;648.9;1746.0;3005.3;0.2;1402.0;0;10
32;36;7.5;475.7;1078.0;3012.7;0.2;1402.0;0;10
32;37;6.7;505.4;1248.0;2873.4;0.2;1402.0;0;10
32;38;7.1;460.5;1173.0;2789.0;0.2;1402.0;0;10
32;39;7.6;426.3;1138.0;2755.6;0.2;1402.0;0;10
32;40;7.9;401.5;989.0;2680.3;0.1;1402.0;0;10
32;41;5.5;543.7;1315.0;2601.9;0.2;1402.0;0;10
32;42;6.5;459.1;1123.0;2556.6;0.2;1402.0;0;10
32;43;7.0;437.5;1225.0;2597.9;0.2;1402.0;0;10
32;44;5.8;486.1;1199.0;2414.6;0.2;1402.0;0;10
32;45;6.3;489.4;1166.0;2656.1;0.2;1402.0;0;10
32;46;11.2;255.0;667.0;2362.6;0.1;1402.0;0;10
32;47;10.5;261.6;647.0;2276.3;0.1;1402.0;0;10
32;48;8.8;314.3;760.0;2314.1;0.1;1402.0;0;10
32;49;6.0;477.8;1108.0;2465.3;0.2;1402.0;0;10
32;50;11.3;254.2;594.0;2381.6;0.1;1402.0;0;10
32;51;6.5;436.8;1045.0;2431.0;0.2;1402.0;0;10
32;52;11.8;233.2;652.0;2269.9;0.1;1402.0;0;10
32;53;11.2;243.0;626.0;2243.3;0.1;1402.0;0;10
32;54;8.7;297.0;721.0;2176.9;0.1;1402.0;0;10
32;55;17.3;165.3;361.0;2313.9;0.1;1402.0;0;10
32;56;11.0;238.6;579.0;2173.9;0.1;1402.0;0;10
32;57;10.7;247.1;588.0;2189.1;0.1;1402.0;0;10
32;58;10.3;254.0;633.0;2172.9;0.1;1402.0;0;10
32;59;10.8;237.2;653.0;2112.9;0.1;1402.0;0;10
32;60;10.4;245.1;652.0;2114.6;0.1;1402.0;0;10
32;61;14.6;186.5;502.0;2220.0;0.1;1402.0;0;10
32;62;8.6;289.7;843.0;2080.1;0.1;1402.0;0;10
32;63;10.7;241.1;728.0;2129.0;0.1;1402.0;0;10
32;64;14.6;180.7;476.0;2155.7;0.1;1402.0;0;10
32;65;15.4;172.4;441.0;2159.3;0.1;1402.0;0;10
32;66;13.3;195.9;468.0;2133.1;0.1;1402.0;0;10
32;67;16.0;166.6;410.0;2169.4;0.1;1402.0;0;10
32;68;16.6;161.6;365.0;2177.6;0.1;1402.0;0;10
32;69;8.2;319.1;932.0;2202.0;0.1;1402.0;0;10
32;70;10.7;233.0;620.0;2070.9;0.1;1402.0;0;10
32;71;12.8;201.0;552.0;2107.0;0.1;1402.0;0;10
32;72;11.8;214.4;585.0;2084.6;0.1;1402.0;0;10
32;73;10.5;233.4;568.0;2036.9;0.1;1402.0;0;10
32;74;11.9;215.0;592.0;2110.1;0.1;1402.0;0;10
32;75;10.4;239.9;626.0;2070.1;0.1;1402.0;0;10
32;76;13.2;193.5;465.0;2096.3;0.1;1402.0;0;10
32;77;11.8;213.3;548.0;2066.6;0.1;1402.0;0;10
32;78;8.9;273.7;709.0;2045.4;0.1;1402.0;0;10
32;79;7.6;344.5;913.0;2209.4;0.2;1402.0;0;10
32;80;10.3;404.3;1002.0;3453.7;0.1;1402.0;0;10
32;81;6.7;570.5;1553.0;3252.0;0.2;1402.0;0;10
32;82;8.6;471.4;1309.0;3401.4;0.1;1402.0;0;10
32;83;6.6;586.0;1592.0;3308.3;0.2;1402.0;0;10
32;84;7.2;547.7;1431.0;3350.0;0.2;1402.0;0;10
32;85;6.8;557.1;1486.0;3216.0;0.2;1402.0;0;10
32;86;9.9;409.3;1083.0;3377.9;0.1;1402.0;0;10
32;87;11.9;328.5;1037.0;3220.6;0.1;1402.0;0;10
32;88;10.4;356.0;1122.0;3074.9;0.1;1402.0;0;10
32;89;8.7;403.9;1260.0;2957.9;0.1;1402.0;0;10
32;90;10.9;336.5;1078.0;3044.6;0.1;1402.0;0;10
32;91;10.3;354.9;1155.0;3036.3;0.1;1402.0;0;10
32;92;9.8;353.6;1144.0;2894.9;0.1;1402.0;0;10
32;93;10.2;365.9;1115.0;3106.4;0.1;1402.0;0;10
32;94;8.8;367.9;1147.0;2718.3;0.1;1402.0;0;10
32;95;16.0;232.8;793.0;3028.7;0.1;1402.0;0;10
32;96;10.1;339.2;1175.0;2835.3;0.1;1402.0;0;10
32;97;12.8;268.8;975.0;2831.7;0.1;1402.0;0;10
32;98;13.3;259.2;917.0;2821.6;0.1;1402.0;0;10
32;99;8.8;364.5;1103.0;2694.4;0.1;1402.0;0;10
33;0;10.6;470.8;1359.0;4134.3;0.1;2946.0;1;1
33;1;13.1;389.6;974.0;4198.3;0.1;2774.0;1;2
33;2;12.5;411.0;1073.0;4208.7;0.1;2488.0;1;3
33;3;11.1;445.4;1203.0;4084.0;0.1;2301.0;1;4
33;4;11.0;455.8;1278.0;4135.9;0.1;2187.0;1;5
33;5;12.3;414.1;1106.0;4202.7;0.1;2085.0;1;6
33;6;9.4;513.2;1376.0;4039.4;0.1;1839.0;1;7
33;7;9.3;535.7;1395.0;4158.6;0.1;1713.0;1;8
33;8;9.3;529.7;1307.0;4115.0;0.1;1578.0;1;9
33;9;18.9;271.3;669.0;4137.7;0.1;1437.0;1;10
33;10;13.8;368.3;877.0;4161.1;0.1;1407.0;1;11
33;11;10.9;444.2;1149.0;4020.1;0.1;1407.0;0;11
33;12;10.8;424.5;1228.0;3809.6;0.1;1407.0;0;11
33;13;10.1;468.6;1166.0;3945.1;0.1;1407.0;0;11
33;14;7.8;576.0;1308.0;3798.1;0.2;1407.0;0;11
33;15;9.0;519.3;1174.0;3892.6;0.1;1407.0;0;11
33;16;9.4;492.7;1082.0;3871.7;0.1;1407.0;0;11
33;17;11.9;400.5;1103.0;3928.3;0.1;1407.0;0;11
33;18;8.5;532.0;1292.0;3802.3;0.1;1407.0;0;11
33;19;8.7;522.4;1283.0;3816.3;0.1;1407.0;0;11
33;20;11.0;418.9;1032.0;3805.4;0.1;1407.0;0;11
33;21;9.9;451.3;1035.0;3714.1;0.1;1407.0;0;11
33;22;9.1;502.0;1250.0;3822.1;0.1;1407.0;0;11
33;23;9.9;450.9;1071.0;3721.3;0.1;1407.0;0;11
33;24;10.8;414.4;1058.0;3716.0;0.1;1407.0;0;11
33;25;8.8;480.3;1237.0;3556.6;0.1;1407.0;0;11
33;26;8.2;529.8;1320.0;3648.1;0.1;1407.0;0;11
33;27;7.4;524.9;1360.0;3301.1;0.2;1407.0;0;11
33;28;9.3;442.8;1178.0;3442.0;0.1;1407.0;0;11
33;29;8.1;504.0;1171.0;3419.6;0.1;1407.0;0;11
33;30;6.6;550.8;1369.0;3116.3;0.2;1407.0;0;11
33;31;9.8;387.7;931.0;3151.9;0.1;1407.0;0;11
33;32;6.8;516.7;1445.0;3012.4;0.2;1407.0;0;11
33;33;8.4;407.6;944.0;2884.0;0.1;1407.0;0;11
33;34;7.9;418.5;1101.0;2776.6;0.2;1407.0;0;11
33;35;7.3;455.8;1066.0;2833.4;0.2;1407.0;0;11
33;36;6.8;492.8;1104.0;2841.9;0.2;1407.0;0;11
33;37;14.9;221.4;551.0;2693.6;0.1;1407.0;0;11
33;38;8.2;416.5;972.0;2884.3;0.1;1407.0;0;11
33;39;6.4;471.5;1174.0;2578.7;0.2;1407.0;0;11
33;40;7.7;361.5;930.0;2358.0;0.2;1407.0;0;11
33;41;9.4;323.8;744.0;2548.7;0.1;1407.0;0;11
33;42;10.7;281.2;778.0;2502.4;0.1;1407.0;0;11
33;43;10.4;298.3;784.0;2572.9;0.1;1407.0;0;11
33;44;12.9;232.8;550.0;2454.9;0.1;1407.0;0;11
33;45;10.2;284.4;763.0;2409.9;0.1;1407.0;0;11
33;46;13.1;221.2;535.0;2381.3;0.1;1407.0;0;11
33;47;10.3;263.9;704.0;2261.4;0.1;1407.0;0;11
33;48;14.7;196.3;492.0;2350.6;0.1;1407.0;0;11
33;49;15.7;184.1;404.0;2355.1;0.1;1407.0;0;11
33;50;14.0;211.3;488.0;2424.9;0.1;1407.0;0;11
33;51;13.1;226.4;517.0;2429.9;0.1;1407.0;0;11
33;52;11.8;242.8;640.0;2352.4;0.1;1407.0;0;11
33;53;13.7;209.7;465.0;2345.9;0.1;1407.0;0;11
33;54;16.7;172.7;379.0;2337.9;0.1;1407.0;0;11
33;55;15.8;182.7;416.0;2345.9;0.1;1407.0;0;11
33;56;13.4;212.6;507.0;2338.9;0.1;1407.0;0;11
33;57;14.2;199.7;445.0;2312.1;0.1;1407.0;0;11
33;58;10.8;264.4;702.0;2367.4;0.1;1407.0;0;11
33;59;8.2;355.8;958.0;2455.4;0.1;1407.0;0;11
33;60;8.3;351.0;876.0;2442.9;0.1;1407.0;0;11
33;61;12.7;224.8;600.0;2350.0;0.1;1407.0;0;11
33;62;11.6;242.2;627.0;2321.7;0.1;1407.0;0;11
33;63;13.8;201.9;574.0;2279.1;0.1;1407.0;0;11
33;64;10.7;266.1;695.0;2357.0;0.1;1407.0;0;11
33;65;6.5;442.3;1188.0;2441.1;0.2;1407.0;0;11
33;66;11.6;248.7;696.0;2377.0;0.1;1407.0;0;11
33;67;14.9;191.8;464.0;2330.6;0.1;1407.0;0;11
33;68;9.7;276.3;755.0;2238.9;0.1;1407.0;0;11
33;69;12.0;231.7;563.0;2287.4;0.1;1407.0;0;11
33;70;15.6;180.5;456.0;2288.6;0.1;1407.0;0;11
33;71;6.5;443.7;1252.0;2478.6;0.2;1407.0;0;11
33;72;9.6;299.4;848.0;2405.0;0.1;1407.0;0;11
33;73;6.7;413.1;1092.0;2364.3;0.2;1407.0;0;11
33;74;8.1;340.6;987.0;2328.1;0.1;1407.0;0;11
33;75;13.8;205.1;551.0;2311.7;0.1;1407.0;0;11
33;76;12.5;223.3;559.0;2292.4;0.1;1407.0;0;11
33;77;8.1;324.1;934.0;2216.0;0.1;1407.0;0;11
33;78;9.6;266.1;712.0;2118.0;0.1;1407.0;0;11
33;79;10.6;240.9;702.0;2115.4;0.1;1407.0;0;11
33;80;8.9;301.4;911.0;2248.6;0.1;1407.0;0;11
33;81;7.5;539.2;1324.0;3440.0;0.2;1407.0;0;11
33;82;7.4;551.0;1640.0;3462.6;0.2;1407.0;0;11
33;83;9.4;439.6;1232.0;3454.0;0.1;1407.0;0;11
33;84;9.0;449.9;1147.0;3373.6;0.1;1407.0;0;11
33;85;7.6;523.7;1248.0;3358.7;0.2;1407.0;0;11
33;86;7.6;528.1;1356.0;3386.9;0.2;1407.0;0;11
33;87;7.3;535.5;1432.0;3306.3;0.2;1407.0;0;11
33;88;8.7;429.5;1327.0;3134.6;0.1;1407.0;0;11
33;89;9.1;413.7;1408.0;3154.0;0.1;1407.0;0;11
33;90;11.2;349.1;1156.0;3242.1;0.1;1407.0;0;11
33;91;9.7;388.3;1216.0;3141.9;0.1;1407.0;0;11
33;92;9.8;374.7;1181.0;3062.7;0.1;1407.0;0;11
33;93;7.4;471.6;1556.0;2971.9;0.2;1407.0;0;11
33;94;11.9;325.4;1055.0;3195.7;0.1;1407.0;0;11
33;95;7.0;495.3;1612.0;2960.6;0.2;1407.0;0;11
33;96;9.4;386.4;1346.0;3021.4;0.1;1407.0;0;11
33;97;8.8;381.6;1165.0;2819.3;0.1;1407.0;0;11
33;98;10.5;336.2;1093.0;2917.3;0.1;1407.0;0;11
33;99;7.5;427.7;1333.0;2708.6;0.2;1407.0;0;11
34;0;10.2;502.3;1275.0;4245.4;0.1;2974.0;1;1
34;1;8.9;549.3;1327.0;4082.6;0.1;2821.0;1;2
34;2;11.8;429.8;1208.0;4177.9;0.1;2557.0;1;3
34;3;12.2;410.8;1130.0;4110.4;0.1;2265.0;1;4
34;4;14.0;359.0;923.0;4117.0;0.1;1947.0;1;5
34;5;10.9;458.7;1364.0;4124.9;0.1;1832.0;1;6
34;6;9.9;502.8;1337.0;4152.3;0.1;1663.0;1;7
34;7;9.9;494.6;1226.0;4060.4;0.1;1545.0;1;8
34;8;11.9;419.2;1088.0;4117.1;0.1;1407.0;1;9
34;9;8.8;531.2;1299.0;3919.9;0.1;1406.0;1;10
34;10;11.7;406.4;1124.0;3925.4;0.1;1406.0;0;10
34;11;11.0;440.1;1172.0;3994.6;0.1;1406.0;0;10
34;12;7.8;578.6;1398.0;3786.7;0.2;1406.0;0;10
34;13;13.9;355.4;893.0;4025.9;0.1;1406.0;0;10
34;14;9.5;470.6;1058.0;3736.4;0.1;1406.0;0;10
34;15;7.9;562.5;1318.0;3728.0;0.2;1406.0;0;10
34;16;8.5;526.6;1144.0;3743.9;0.1;1406.0;0;10
34;17;6.9;621.2;1733.0;3657.6;0.2;1406.0;0;10
34;18;9.0;490.2;1193.0;3673.0;0.1;1406.0;0;10
34;19;7.4;585.7;1293.0;3659.4;0.2;1406.0;0;10
34;20;8.5;515.8;1303.0;3666.4;0.1;1406.0;0;10
34;21;9.9;453.9;1046.0;3724.7;0.1;1406.0;0;10
34;22;10.3;407.9;1086.0;3485.0;0.1;1406.0;0;10
34;23;8.9;482.3;1257.0;3586.1;0.1;1406.0;0;10
34;24;10.4;404.3;1083.0;3501.6;0.1;1406.0;0;10
34;25;9.6;431.0;1019.0;3460.9;0.1;1406.0;0;10
34;26;11.0;377.3;924.0;3439.0;0.1;1406.0;0;10
34;27;9.3;436.1;1072.0;3400.3;0.1;1406.0;0;10
34;28;9.9;417.4;939.0;3437.7;0.1;1406.0;0;10
34;29;8.9;461.3;993.0;3418.0;0.1;1406.0;0;10
34;30;6.6;588.0;1432.0;3311.3;0.2;1406.0;0;10
34;31;11.3;354.6;992.0;3310.9;0.1;1406.0;0;10
34;32;7.4;538.9;1405.0;3387.9;0.2;1406.0;0;10
34;33;6.4;565.0;1473.0;3080.6;0.2;1406.0;0;10
34;34;7.1;540.8;1279.0;3269.1;0.2;1406.0;0;10
34;35;7.1;512.7;1248.0;3098.9;0.2;1406.0;0;10
34;36;7.5;493.0;1055.0;3131.1;0.2;1406.0;0;10
34;37;7.5;496.5;1448.0;3132.0;0.2;1406.0;0;10
34;38;6.2;591.3;1484.0;3144.3;0.2;1406.0;0;10
34;39;8.3;437.4;1034.0;3047.3;0.1;1406.0;0;10
34;40;8.0;464.1;1249.0;3126.6;0.1;1406.0;0;10
34;41;6.1;568.4;1621.0;2982.3;0.2;1406.0;0;10
34;42;6.3;508.7;1201.0;2742.6;0.2;1406.0;0;10
34;43;6.3;529.5;1269.0;2864.7;0.2;1406.0;0;10
34;44;6.1;539.7;1273.0;2840.7;0.2;1406.0;0;10
34;45;5.7;567.5;1385.0;2806.1;0.2;1406.0;0;10
34;46;6.4;491.6;1178.0;2683.3;0.2;1406.0;0;10
34;47;6.4;473.8;1053.0;2603.4;0.2;1406.0;0;10
34;48;7.4;423.7;1002.0;2659.1;0.2;1406.0;0;10
34;49;6.0;488.5;1200.0;2509.1;0.2;1406.0;0;10
34;50;5.7;496.7;1110.0;2445.4;0.2;1406.0;0;10
34;51;6.9;427.1;1010.0;2512.4;0.2;1406.0;0;10
34;52;7.6;396.7;914.0;2536.7;0.2;1406.0;0;10
34;53;6.2;471.8;1240.0;2495.7;0.2;1406.0;0;10
34;54;6.6;441.7;962.0;2479.3;0.2;1406.0;0;10
34;55;6.6;440.9;1063.0;2475.9;0.2;1406.0;0;10
34;56;6.1;466.4;1100.0;2450.0;0.2;1406.0;0;10
34;57;6.4;447.9;1028.0;2459.6;0.2;1406.0;0;10
34;58;7.9;382.7;869.0;2553.9;0.1;1406.0;0;10
34;59;5.8;452.4;1016.0;2265.0;0.2;1406.0;0;10
34;60;7.0;401.6;1069.0;2383.9;0.2;1406.0;0;10
34;61;6.4;427.6;1174.0;2342.0;0.2;1406.0;0;10
34;62;7.7;377.1;1051.0;2448.9;0.2;1406.0;0;10
34;63;6.4;423.2;1034.0;2311.7;0.2;1406.0;0;10
34;64;6.4;422.9;1077.0;2314.7;0.2;1406.0;0;10
34;65;8.0;362.8;953.0;2458.3;0.1;1406.0;0;10
34;66;6.6;420.7;1005.0;2371.3;0.2;1406.0;0;10
34;67;5.5;480.1;1243.0;2291.0;0.2;1406.0;0;10
34;68;7.8;378.6;1069.0;2499.6;0.2;1406.0;0;10
34;69;4.9;558.8;1567.0;2378.4;0.2;1406.0;0;10
34;70;7.0;412.8;1062.0;2454.1;0.2;1406.0;0;10
34;71;6.2;452.5;1236.0;2410.9;0.2;1406.0;0;10
34;72;5.3;500.5;1233.0;2285.9;0.2;1406.0;0;10
34;73;5.4;496.7;1206.0;2339.3;0.2;1406.0;0;10
34;74;6.3;460.2;1278.0;2477.3;0.2;1406.0;0;10
34;75;5.8;471.2;1177.0;2359.9;0.2;1406.0;0;10
34;76;7.5;388.8;959.0;2461.6;0.2;1406.0;0;10
34;77;9.9;298.9;849.0;2455.6;0.1;1406.0;0;10
34;78;11.0;271.1;755.0;2458.6;0.1;1406.0;0;10
34;79;11.0;270.2;756.0;2467.9;0.1;1406.0;0;10
34;80;8.6;466.0;1192.0;3354.6;0.1;1406.0;0;10
34;81;7.2;556.9;1588.0;3382.7;0.2;1406.0;0;10
34;82;8.9;454.7;1102.0;3383.7;0.1;1406.0;0;10
34;83;7.4;502.6;1308.0;3154.0;0.2;1406.0;0;10
34;84;10.7;375.5;961.0;3335.4;0.1;1406.0;0;10
34;85;9.2;435.8;1082.0;3341.6;0.1;1406.0;0;10
34;86;6.7;569.8;1554.0;3256.0;0.2;1406.0;0;10
34;87;8.6;411.9;1388.0;2969.3;0.1;1406.0;0;10
34;88;12.4;322.2;1098.0;3281.7;0.1;1406.0;0;10
34;89;12.4;303.9;949.0;3100.4;0.1;1406.0;0;10
34;90;10.0;353.9;1086.0;2936.1;0.1;1406.0;0;10
34;91;7.3;435.0;1378.0;2691.0;0.2;1406.0;0;10
34;92;8.2;412.3;1324.0;2849.9;0.1;1406.0;0;10
34;93;10.9;324.6;1084.0;2918.1;0.1;1406.0;0;10
34;94;10.5;326.5;1083.0;2839.1;0.1;1406.0;0;10
34;95;10.3;315.0;1031.0;2683.0;0.1;1406.0;0;10
34;96;11.4;300.9;980.0;2830.0;0.1;1406.0;0;10
34;97;10.3;307.9;941.0;2632.7;0.1;1406.0;0;10
34;98;9.5;323.4;1044.0;2565.4;0.1;1406.0;0;10
34;99;9.3;341.6;1116.0;2647.4;0.1;1406.0;0;10
35;0;16.5;318.3;840.0;4269.0;0.1;3442.0;1;1
35;1;7.4;653.2;1678.0;4104.9;0.2;2501.0;1;2
35;2;11.4;442.1;1261.0;4164.6;0.1;2217.0;1;3
35;3;10.5;477.8;1187.0;4172.1;0.1;2002.0;1;4
35;4;9.4;527.0;1327.0;4114.6;0.1;1860.0;1;5
35;5;9.8;493.7;1334.0;4031.9;0.1;1642.0;1;6
35;6;12.9;387.7;933.0;4092.7;0.1;1508.0;1;7
35;7;10.9;448.1;1255.0;4027.4;0.1;1431.0;1;8
35;8;9.2;502.9;1325.0;3850.9;0.1;1423.0;1;9
35;9;8.3;566.9;1486.0;3972.9;0.1;1423.0;0;9
35;10;8.2;559.5;1427.0;3841.6;0.1;1423.0;0;9
35;11;10.1;473.2;1304.0;3986.3;0.1;1423.0;0;9
35;12;11.9;407.0;1008.0;3978.1;0.1;1423.0;0;9
35;13;10.8;423.7;1182.0;3804.1;0.1;1423.0;0;9
35;14;9.6;474.0;1192.0;3788.6;0.1;1423.0;0;9
35;15;7.5;590.0;1463.0;3742.6;0.2;1423.0;0;9
35;16;8.9;502.6;1264.0;3757.0;0.1;1423.0;0;9
35;17;6.8;644.2;1547.0;3723.6;0.2;1423.0;0;9
35;18;8.6;505.3;1217.0;3631.7;0.1;1423.0;0;9
35;19;9.3;465.1;1130.0;3593.6;0.1;1423.0;0;9
35;20;7.5;538.8;1380.0;3435.3;0.2;1423.0;0;9
35;21;7.1;573.1;1509.0;3465.9;0.2;1423.0;0;9
35;22;9.1;454.4;1263.0;3467.9;0.1;1423.0;0;9
35;23;7.5;547.6;1310.0;3469.6;0.2;1423.0;0;9
35;24;7.0;574.5;1310.0;3428.9;0.2;1423.0;0;9
35;25;6.5;586.7;1308.0;3267.0;0.2;1423.0;0;9
35;26;6.3;612.3;1326.0;3292.6;0.2;1423.0;0;9
35;27;8.9;447.8;1087.0;3329.3;0.1;1423.0;0;9
35;28;8.3;472.2;1183.0;3300.3;0.1;1423.0;0;9
35;29;7.3;526.9;1539.0;3278.0;0.2;1423.0;0;9
35;30;6.9;549.6;1178.0;3218.7;0.2;1423.0;0;9
35;31;9.8;395.8;1011.0;3242.0;0.1;1423.0;0;9
35;32;7.4;488.7;1252.0;3065.4;0.2;1415.0;1;10
35;33;8.3;438.5;1080.0;3072.0;0.1;1414.0;1;11
35;34;9.0;427.5;990.0;3202.0;0.1;1414.0;0;11
35;35;10.3;350.4;799.0;2996.0;0.1;1414.0;0;11
35;36;10.9;328.7;816.0;2973.6;0.1;1414.0;0;11
35;37;9.0;409.3;988.0;3066.1;0.1;1414.0;0;11
35;38;8.0;464.0;1097.0;3114.4;0.1;1414.0;0;11
35;39;11.6;315.4;728.0;3009.7;0.1;1414.0;0;11
35;40;7.8;426.9;1130.0;2795.3;0.2;1414.0;0;11
35;41;7.3;435.4;994.0;2687.9;0.2;1414.0;0;11
35;42;8.2;393.8;1049.0;2730.7;0.1;1414.0;0;11
35;43;10.9;304.3;772.0;2753.1;0.1;1414.0;0;11
35;44;14.0;253.6;573.0;2901.3;0.1;1414.0;0;11
35;45;6.8;456.2;1079.0;2625.6;0.2;1414.0;0;11
35;46;12.8;266.7;582.0;2797.9;0.1;1414.0;0;11
35;47;9.6;337.0;816.0;2695.3;0.1;1414.0;0;11
35;48;8.8;348.1;844.0;2562.0;0.1;1414.0;0;11
35;49;8.2;383.4;939.0;2659.3;0.1;1414.0;0;11
35;50;9.1;347.7;833.0;2639.4;0.1;1414.0;0;11
35;51;9.1;355.5;1000.0;2692.0;0.1;1414.0;0;11
35;52;6.9;444.6;1231.0;2594.7;0.2;1414.0;0;11
35;53;9.3;330.7;890.0;2559.1;0.1;1414.0;0;11
35;54;8.3;373.5;906.0;2592.4;0.1;1414.0;0;11
35;55;8.7;337.2;854.0;2456.7;0.1;1414.0;0;11
35;56;7.9;385.5;835.0;2576.9;0.1;1414.0;0;11
35;57;8.0;383.5;866.0;2586.6;0.1;1414.0;0;11
35;58;7.6;390.3;876.0;2498.6;0.2;1414.0;0;11
35;59;9.9;309.3;871.0;2551.7;0.1;1414.0;0;11
35;60;10.5;293.3;854.0;2562.0;0.1;1414.0;0;11
35;61;8.8;336.1;885.0;2470.7;0.1;1414.0;0;11
35;62;10.0;303.5;846.0;2519.3;0.1;1414.0;0;11
35;63;5.9;456.2;1147.0;2327.3;0.2;1414.0;0;11
35;64;9.2;330.3;968.0;2545.1;0.1;1414.0;0;11
35;65;10.2;299.6;801.0;2525.6;0.1;1414.0;0;11
35;66;7.3;387.2;1042.0;2395.7;0.2;1414.0;0;11
35;67;7.6;368.1;930.0;2368.9;0.2;1414.0;0;11
35;68;8.4;354.5;950.0;2487.6;0.1;1414.0;0;11
35;69;9.0;324.4;858.0;2447.4;0.1;1414.0;0;11
35;70;13.3;230.4;573.0;2503.0;0.1;1414.0;0;11
35;71;8.3;348.1;1047.0;2438.0;0.1;1414.0;0;11
35;72;9.2;322.8;1008.0;2480.3;0.1;1414.0;0;11
35;73;8.9;332.2;902.0;2461.7;0.1;1414.0;0;11
35;74;9.7;302.6;895.0;2445.3;0.1;1414.0;0;11
35;75;10.2;288.3;718.0;2448.1;0.1;1414.0;0;11
35;76;8.7;335.6;945.0;2458.0;0.1;1414.0;0;11
35;77;8.3;358.1;854.0;2484.4;0.1;1414.0;0;11
35;78;10.7;275.7;786.0;2437.6;0.1;1414.0;0;11
35;79;7.8;524.4;1514.0;3455.6;0.2;1414.0;0;11
35;80;10.3;405.9;1076.0;3459.0;0.1;1414.0;0;11
35;81;9.0;447.0;1193.0;3357.1;0.1;1414.0;0;11
35;82;10.6;385.0;987.0;3377.4;0.1;1414.0;0;11
35;83;9.3;450.5;1163.0;3487.1;0.1;1414.0;0;11
35;84;7.8;509.3;1270.0;3354.4;0.2;1414.0;0;11
35;85;8.6;473.0;1403.0;3413.6;0.1;1414.0;0;11
35;86;8.7;437.5;1444.0;3181.7;0.1;1414.0;0;11
35;87;8.6;462.1;1323.0;3328.3;0.1;1414.0;0;11
35;88;10.3;371.5;1156.0;3165.0;0.1;1414.0;0;11
35;89;7.7;475.0;1589.0;3093.9;0.2;1414.0;0;11
35;90;8.8;393.2;1238.0;2895.0;0.1;1414.0;0;11
35;91;9.7;382.8;1270.0;3098.1;0.1;1414.0;0;11
35;92;11.1;337.5;1103.0;3095.7;0.1;1414.0;0;11
35;93;8.2;419.8;1335.0;2901.9;0.1;1414.0;0;11
35;94;10.8;340.3;1164.0;3034.3;0.1;1414.0;0;11
35;95;8.8;403.3;1336.0;2970.1;0.1;1414.0;0;11
35;96;8.6;388.4;1320.0;2811.4;0.1;1414.0;0;11
35;97;11.0;321.9;1013.0;2926.6;0.1;1414.0;0;11
35;98;9.8;372.6;1367.0;3051.3;0.1;1414.0;0;11
35;99;10.2;338.2;1034.0;2855.0;0.1;1414.0;0;11
36;0;11.7;433.9;1110.0;4170.4;0.1;2892.0;1;1
36;1;16.7;307.9;733.0;4168.6;0.1;2685.0;1;2
36;2;10.2;476.4;1214.0;4031.0;0.1;2523.0;1;3
36;3;10.5;467.2;1205.0;4075.3;0.1;2288.0;1;4
36;4;11.8;421.0;1124.0;4078.6;0.1;2067.0;1;5
36;5;10.7;459.6;1180.0;4086.6;0.1;1883.0;1;6
36;6;11.5;423.5;1034.0;4008.4;0.1;1743.0;1;7
36;7;9.9;496.4;1342.0;4077.3;0.1;1593.0;1;8
36;8;8.3;572.6;1455.0;3990.7;0.1;1504.0;1;9
36;9;9.2;531.4;1480.0;4080.9;0.1;1432.0;1;10
36;10;10.0;478.0;1180.0;3963.3;0.1;1426.0;1;11
36;11;9.2;520.8;1314.0;4000.1;0.1;1426.0;0;11
36;12;9.3;499.3;1276.0;3879.9;0.1;1426.0;0;11
36;13;8.1;578.2;1548.0;3931.1;0.1;1426.0;0;11
36;14;10.2;438.5;975.0;3717.0;0.1;1426.0;0;11
36;15;8.9;507.7;1095.0;3797.1;0.1;1426.0;0;11
36;16;10.0;476.5;1242.0;3964.6;0.1;1426.0;0;11
36;17;10.2;441.4;1090.0;3744.6;0.1;1426.0;0;11
36;18;9.1;482.3;1082.0;3649.1;0.1;1426.0;0;11
36;19;6.5;632.2;1575.0;3527.3;0.2;1426.0;0;11
36;20;8.0;534.0;1384.0;3610.9;0.1;1426.0;0;11
36;21;10.6;429.7;1107.0;3773.7;0.1;1412.0;1;12
36;22;8.2;522.2;1282.0;3621.9;0.1;1402.0;1;13
36;23;10.8;418.6;927.0;3729.7;0.1;1402.0;0;13
36;24;7.1;567.6;1351.0;3433.3;0.2;1402.0;0;13
36;25;11.6;380.2;931.0;3624.7;0.1;1402.0;0;13
36;26;11.3;360.8;899.0;3367.0;0.1;1402.0;0;13
36;27;7.0;570.5;1405.0;3409.0;0.2;1402.0;0;13
36;28;6.9;568.5;1427.0;3327.1;0.2;1402.0;0;13
36;29;6.6;565.5;1324.0;3164.9;0.2;1402.0;0;13
36;30;9.4;405.3;1036.0;3182.7;0.1;1402.0;0;13
36;31;7.4;508.2;1360.0;3176.1;0.2;1402.0;0;13
36;32;6.3;534.1;1243.0;2902.4;0.2;1402.0;0;13
36;33;7.7;478.9;1103.0;3101.6;0.2;1402.0;0;13
36;34;9.7;371.2;886.0;2990.9;0.1;1402.0;0;13
36;35;9.4;387.5;894.0;3044.4;0.1;1402.0;0;13
36;36;9.2;400.5;980.0;3071.7;0.1;1402.0;0;13
36;37;8.2;420.3;1060.0;2893.1;0.1;1402.0;0;13
36;38;7.2;479.7;1144.0;2929.6;0.2;1402.0;0;13
36;39;7.8;432.9;1008.0;2841.1;0.2;1402.0;0;13
36;40;8.1;410.7;1028.0;2815.9;0.1;1402.0;0;13
36;41;6.7;474.8;1204.0;2703.7;0.2;1402.0;0;13
36;42;7.4;432.7;975.0;2705.9;0.2;1402.0;0;13
36;43;6.0;540.5;1326.0;2800.1;0.2;1402.0;0;13
36;44;7.5;424.9;1051.0;2709.3;0.2;1402.0;0;13
36;45;7.8;419.7;1073.0;2765.6;0.2;1402.0;0;13
36;46;8.6;392.7;1115.0;2822.0;0.1;1402.0;0;13
36;47;6.9;458.1;1036.0;2693.0;0.2;1402.0;0;13
36;48;7.1;451.7;1036.0;2712.6;0.2;1402.0;0;13
36;49;7.5;423.5;1092.0;2701.9;0.2;1402.0;0;13
36;50;7.7;402.1;1005.0;2625.6;0.2;1402.0;0;13
36;51;7.4;442.5;1069.0;2774.9;0.2;1402.0;0;13
36;52;7.5;445.1;1241.0;2807.3;0.2;1402.0;0;13
36;53;5.8;519.0;1146.0;2606.0;0.2;1402.0;0;13
36;54;8.0;384.9;871.0;2597.7;0.1;1402.0;0;13
36;55;7.2;417.9;1129.0;2559.9;0.2;1402.0;0;13
36;56;6.8;406.8;944.0;2368.9;0.2;1402.0;0;13
36;57;7.6;392.8;956.0;2528.3;0.2;1402.0;0;13
36;58;7.2;401.8;1150.0;2460.3;0.2;1402.0;0;13
36;59;7.0;402.5;1216.0;2404.1;0.2;1402.0;0;13
36;60;8.2;338.8;929.0;2338.9;0.1;1402.0;0;13
36;61;6.9;432.1;1168.0;2525.0;0.2;1402.0;0;13
36;62;7.7;384.8;1098.0;2516.0;0.2;1402.0;0;13
36;63;6.2;482.0;1250.0;2565.7;0.2;1402.0;0;13
36;64;7.3;403.2;1131.0;2496.7;0.2;1402.0;0;13
36;65;6.2;463.6;1328.0;2463.9;0.2;1402.0;0;13
36;66;6.0;465.2;1195.0;2391.3;0.2;1402.0;0;13
36;67;7.0;384.6;1030.0;2289.1;0.2;1402.0;0;13
36;68;8.5;337.7;881.0;2419.4;0.1;1402.0;0;13
36;69;7.0;393.0;1051.0;2325.4;0.2;1402.0;0;13
36;70;7.7;377.7;1025.0;2444.9;0.2;1402.0;0;13
36;71;6.4;425.9;1099.0;2327.9;0.2;1402.0;0;13
36;72;6.9;389.1;1094.0;2285.9;0.2;1402.0;0;13
36;73;7.0;377.1;975.0;2240.9;0.2;1402.0;0;13
36;74;7.6;354.4;938.0;2270.0;0.2;1402.0;0;13
36;75;7.3;377.0;1081.0;2319.0;0.2;1402.0;0;13
36;76;6.5;410.1;1038.0;2269.3;0.2;1402.0;0;13
36;77;9.1;313.5;873.0;2391.4;0.1;1402.0;0;13
36;78;8.4;500.6;1340.0;3528.6;0.1;1402.0;0;13
36;79;8.1;501.5;1390.0;3423.0;0.1;1402.0;0;13
36;80;10.1;430.1;1097.0;3601.1;0.1;1402.0;0;13
36;81;7.0;568.0;1452.0;3399.7;0.2;1402.0;0;13
36;82;7.9;501.6;1415.0;3325.6;0.2;1402.0;0;13
36;83;8.5;481.3;1293.0;3446.1;0.1;1402.0;0;13
36;84;6.5;557.9;1339.0;3112.7;0.2;1402.0;0;13
36;85;7.1;543.7;1493.0;3261.4;0.2;1402.0;0;13
36;86;9.5;399.8;1204.0;3161.9;0.1;1402.0;0;13
36;87;8.7;417.7;1263.0;3061.3;0.1;1402.0;0;13
36;88;8.7;434.2;1348.0;3152.1;0.1;1402.0;0;13
36;89;9.3;393.0;1223.0;3035.6;0.1;1402.0;0;13
36;90;10.1;356.7;1213.0;2987.9;0.1;1402.0;0;13
36;91;9.9;351.5;1055.0;2893.4;0.1;1402.0;0;13
36;92;6.7;494.4;1666.0;2835.9;0.2;1402.0;0;13
36;93;7.3;459.7;1460.0;2842.0;0.2;1402.0;0;13
36;94;9.0;406.4;1366.0;3043.6;0.1;1402.0;0;13
36;95;8.3;405.2;1237.0;2838.0;0.1;1402.0;0;13
36;96;10.1;329.6;1004.0;2757.4;0.1;1402.0;0;13
36;97;10.6;305.5;1031.0;2688.6;0.1;1402.0;0;13
36;98;8.3;368.1;1233.0;2576.6;0.1;1402.0;0;13
36;99;9.8;302.8;1005.0;2473.6;0.1;1402.0;0;13
37;0;12.0;430.6;1107.0;4251.6;0.1;2837.0;1;1
37;1;12.3;410.1;1099.0;4163.0;0.1;2568.0;1;2
37;2;9.6;515.2;1251.0;4115.3;0.1;2330.0;1;3
37;3;9.7;502.9;1341.0;4080.3;0.1;2141.0;1;4
37;4;10.5;464.4;1187.0;4036.0;0.1;1955.0;1;5
37;5;13.3;384.5;914.0;4201.4;0.1;1804.0;1;6
37;6;9.6;508.6;1281.0;4048.0;0.1;1664.0;1;7
37;7;9.9;492.1;1263.0;4045.9;0.1;1533.0;1;8
37;8;9.8;498.2;1266.0;4050.1;0.1;1437.0;1;9
37;9;13.8;357.6;875.0;4037.3;0.1;1407.0;1;10
37;10;16.0;314.1;781.0;4077.1;0.1;1407.0;0;10
37;11;10.4;450.7;1171.0;3890.9;0.1;1407.0;0;10
37;12;10.2;471.1;1175.0;3987.6;0.1;1407.0;0;10
37;13;10.2;462.0;1340.0;3914.3;0.1;1407.0;0;10
37;14;8.9;511.8;1242.0;3806.1;0.1;1407.0;0;10
37;15;7.0;616.3;1460.0;3689.9;0.2;1407.0;0;10
37;16;7.1;613.5;1528.0;3723.4;0.2;1407.0;0;10
37;17;7.9;561.0;1315.0;3743.4;0.1;1407.0;0;10
37;18;9.7;459.6;1092.0;3709.0;0.1;1407.0;0;10
37;19;8.7;496.2;1244.0;3612.6;0.1;1407.0;0;10
37;20;5.8;689.5;1899.0;3425.6;0.2;1407.0;0;10
37;21;9.7;454.5;1250.0;3679.0;0.1;1403.0;1;11
37;22;9.5;452.4;1221.0;3599.0;0.1;1403.0;0;11
37;23;10.3;427.7;1043.0;3651.6;0.1;1403.0;0;11
37;24;8.7;479.9;1148.0;3488.0;0.1;1403.0;0;11
37;25;7.4;538.9;1242.0;3393.7;0.2;1403.0;0;11
37;26;7.2;530.2;1419.0;3253.4;0.2;1403.0;0;11
37;27;9.4;449.9;1075.0;3522.9;0.1;1403.0;0;11
37;28;7.3;538.8;1472.0;3321.3;0.2;1403.0;0;11
37;29;7.9;466.2;1128.0;3093.9;0.2;1403.0;0;11
37;30;8.5;457.1;1199.0;3270.1;0.1;1403.0;0;11
37;31;8.3;465.1;1156.0;3228.4;0.1;1403.0;0;11
37;32;7.9;502.4;1162.0;3350.0;0.1;1403.0;0;11
37;33;6.8;558.2;1279.0;3239.9;0.2;1403.0;0;11
37;34;6.7;554.1;1264.0;3162.1;0.2;1403.0;0;11
37;35;7.9;476.5;1214.0;3173.6;0.2;1403.0;0;11
37;36;9.4;412.4;977.0;3230.0;0.1;1403.0;0;11
37;37;7.6;509.6;1180.0;3265.3;0.2;1403.0;0;11
37;38;7.5;491.6;1243.0;3136.1;0.2;1403.0;0;11
37;39;8.3;456.4;1103.0;3171.1;0.1;1403.0;0;11
37;40;5.9;596.0;1442.0;3046.1;0.2;1403.0;0;11
37;41;7.3;496.6;1192.0;3063.1;0.2;1403.0;0;11
37;42;7.4;494.6;1148.0;3090.3;0.2;1403.0;0;11
37;43;7.0;510.7;1185.0;3032.0;0.2;1403.0;0;11
37;44;8.9;418.9;971.0;3111.4;0.1;1403.0;0;11
37;45;5.8;574.6;1422.0;2860.7;0.2;1403.0;0;11
37;46;6.4;557.0;1453.0;3043.1;0.2;1403.0;0;11
37;47;8.8;426.9;1048.0;3132.3;0.1;1403.0;0;11
37;48;6.6;512.1;1379.0;2903.9;0.2;1403.0;0;11
37;49;7.8;463.4;1167.0;3066.7;0.2;1403.0;0;11
37;50;8.4;429.8;1038.0;3021.4;0.1;1403.0;0;11
37;51;8.1;427.4;1212.0;2905.9;0.1;1403.0;0;11
37;52;5.8;567.3;1480.0;2819.7;0.2;1403.0;0;11
37;53;6.5;517.6;1445.0;2872.1;0.2;1403.0;0;11
37;54;6.5;514.3;1316.0;2861.3;0.2;1403.0;0;11
37;55;8.4;426.7;943.0;3011.1;0.1;1403.0;0;11
37;56;7.7;436.7;1098.0;2856.0;0.2;1403.0;0;11
37;57;6.4;526.6;1256.0;2897.0;0.2;1403.0;0;11
37;58;6.6;475.7;1232.0;2697.3;0.2;1403.0;0;11
37;59;6.1;522.6;1476.0;2737.1;0.2;1403.0;0;11
37;60;8.6;386.9;968.0;2793.4;0.1;1403.0;0;11
37;61;7.4;440.6;1226.0;2760.0;0.2;1403.0;0;11
37;62;5.8;555.4;1344.0;2761.0;0.2;1403.0;0;11
37;63;7.2;469.8;1278.0;2870.1;0.2;1403.0;0;11
37;64;7.7;403.7;1123.0;2639.3;0.2;1403.0;0;11
37;65;6.9;452.8;1285.0;2655.1;0.2;1403.0;0;11
37;66;5.9;506.0;1369.0;2565.6;0.2;1403.0;0;11
37;67;6.8;452.2;1270.0;2607.9;0.2;1403.0;0;11
37;68;7.7;387.0;998.0;2528.7;0.2;1403.0;0;11
37;69;6.0;477.7;1176.0;2480.9;0.2;1403.0;0;11
37;70;5.9;491.0;1441.0;2513.6;0.2;1403.0;0;11
37;71;7.5;415.5;1052.0;2628.6;0.2;1403.0;0;11
37;72;6.1;479.0;1285.0;2500.1;0.2;1403.0;0;11
37;73;7.2;410.3;1118.0;2507.3;0.2;1403.0;0;11
37;74;6.0;479.2;1424.0;2462.9;0.2;1403.0;0;11
37;75;4.9;606.6;1648.0;2582.4;0.2;1403.0;0;11
37;76;5.2;541.6;1417.0;2454.6;0.2;1403.0;0;11
37;77;9.0;470.6;1332.0;3559.0;0.1;1403.0;0;11
37;78;7.2;561.3;1557.0;3436.0;0.2;1403.0;0;11
37;79;8.1;492.8;1339.0;3368.6;0.1;1403.0;0;11
37;80;8.2;507.9;1309.0;3492.4;0.1;1403.0;0;11
37;81;7.2;561.0;1411.0;3410.4;0.2;1403.0;0;11
37;82;8.3;488.4;1402.0;3417.3;0.1;1403.0;0;11
37;83;7.8;497.2;1391.0;3285.0;0.2;1403.0;0;11
37;84;7.0;572.4;1372.0;3388.0;0.2;1403.0;0;11
37;85;8.1;470.0;1446.0;3217.4;0.1;1403.0;0;11
37;86;10.5;359.3;1187.0;3117.3;0.1;1403.0;0;11
37;87;8.1;453.8;1347.0;3096.3;0.1;1403.0;0;11
37;88;10.1;388.6;1293.0;3271.3;0.1;1403.0;0;11
37;89;10.3;371.8;1153.0;3177.6;0.1;1403.0;0;11
37;90;8.1;450.5;1581.0;3055.6;0.1;1403.0;0;11
37;91;9.2;383.2;1108.0;2945.9;0.1;1403.0;0;11
37;92;11.9;303.8;1022.0;2970.0;0.1;1403.0;0;11
37;93;10.8;339.4;1101.0;3036.1;0.1;1403.0;0;11
37;94;8.1;410.8;1219.0;2795.9;0.1;1403.0;0;11
37;95;11.3;316.2;1015.0;2958.1;0.1;1403.0;0;11
37;96;9.6;366.6;1174.0;2933.4;0.1;1403.0;0;11
37;97;9.7;334.5;1055.0;2699.0;0.1;1403.0;0;11
37;98;9.7;339.6;1130.0;2735.9;0.1;1403.0;0;11
37;99;9.5;317.9;1126.0;2508.0;0.1;1403.0;0;11
38;0;11.4;437.3;1165.0;4098.0;0.1;3044.0;1;1
38;1;10.9;457.8;1302.0;4123.1;0.1;2805.0;1;2
38;2;8.5;569.1;1374.0;4044.9;0.1;2542.0;1;3
38;3;10.7;481.3;1284.0;4261.1;0.1;2242.0;1;4
38;4;10.6;466.8;1180.0;4096.7;0.1;2044.0;1;5
38;5;9.7;493.4;1153.0;3978.4;0.1;1898.0;1;6
38;6;12.3;413.8;1021.0;4192.6;0.1;1677.0;1;7
38;7;8.7;539.4;1484.0;3936.0;0.1;1497.0;1;8
38;8;9.8;493.5;1203.0;4028.1;0.1;1419.0;1;9
38;9;14.7;349.1;999.0;4183.0;0.1;1404.0;1;10
38;10;15.0;327.3;808.0;4009.4;0.1;1404.0;0;10
38;11;10.6;448.2;1149.0;3953.3;0.1;1404.0;0;10
38;12;9.2;506.9;1204.0;3906.9;0.1;1404.0;0;10
38;13;8.3;557.4;1346.0;3896.9;0.1;1404.0;0;10
38;14;8.0;555.2;1265.0;3759.4;0.1;1404.0;0;10
38;15;7.8;580.1;1617.0;3808.9;0.2;1404.0;0;10
38;16;9.8;446.9;1328.0;3653.6;0.1;1404.0;0;10
38;17;10.1;456.8;1129.0;3837.3;0.1;1404.0;0;10
38;18;8.1;536.8;1307.0;3651.1;0.1;1404.0;0;10
38;19;7.9;548.8;1219.0;3666.0;0.1;1404.0;0;10
38;20;6.7;626.8;1368.0;3599.9;0.2;1404.0;0;10
38;21;12.9;359.5;981.0;3803.3;0.1;1404.0;0;10
38;22;7.4;548.7;1296.0;3455.7;0.2;1404.0;0;10
38;23;8.5;508.1;1109.0;3625.9;0.1;1404.0;0;10
38;24;7.4;544.0;1349.0;3391.0;0.2;1404.0;0;10
38;25;9.1;452.5;1150.0;3447.9;0.1;1404.0;0;10
38;26;7.9;523.7;1261.0;3473.3;0.2;1404.0;0;10
38;27;7.1;545.9;1313.0;3312.4;0.2;1404.0;0;10
38;28;8.9;476.8;1110.0;3540.4;0.1;1404.0;0;10
38;29;10.0;417.7;1098.0;3469.6;0.1;1404.0;0;10
38;30;8.1;491.0;1279.0;3334.0;0.1;1404.0;0;10
38;31;10.5;362.4;876.0;3157.1;0.1;1404.0;0;10
38;32;7.9;483.2;1303.0;3203.9;0.2;1404.0;0;10
38;33;7.3;518.1;1167.0;3218.1;0.2;1404.0;0;10
38;34;6.5;535.6;1278.0;2975.1;0.2;1404.0;0;10
38;35;5.9;565.0;1357.0;2887.7;0.2;1404.0;0;10
38;36;7.1;499.5;1253.0;3024.6;0.2;1404.0;0;10
38;37;7.3;481.1;1310.0;2987.0;0.2;1404.0;0;10
38;38;9.7;342.9;872.0;2772.1;0.1;1404.0;0;10
38;39;7.9;402.9;1098.0;2674.4;0.2;1404.0;0;10
38;40;7.7;429.8;1038.0;2796.3;0.2;1404.0;0;10
38;41;10.2;318.5;721.0;2705.0;0.1;1404.0;0;10
38;42;7.3;431.1;1126.0;2682.6;0.2;1404.0;0;10
38;43;9.5;368.4;909.0;2913.3;0.1;1404.0;0;10
38;44;9.1;369.1;939.0;2793.3;0.1;1404.0;0;10
38;45;6.9;463.0;1191.0;2712.6;0.2;1404.0;0;10
38;46;8.3;408.6;1028.0;2843.1;0.1;1404.0;0;10
38;47;7.0;468.0;1204.0;2798.4;0.2;1404.0;0;10
38;48;7.7;420.8;1113.0;2743.0;0.2;1404.0;0;10
38;49;8.8;370.2;1010.0;2726.9;0.1;1404.0;0;10
38;50;7.0;453.6;1267.0;2686.3;0.2;1404.0;0;10
38;51;8.0;415.8;1119.0;2815.3;0.1;1404.0;0;10
38;52;5.6;544.7;1408.0;2628.4;0.2;1404.0;0;10
38;53;7.7;429.7;1079.0;2783.4;0.2;1404.0;0;10
38;54;7.3;406.9;1042.0;2505.1;0.2;1404.0;0;10
38;55;6.2;466.1;1189.0;2475.1;0.2;1404.0;0;10
38;56;8.0;351.1;866.0;2379.6;0.1;1404.0;0;10
38;57;9.1;327.8;766.0;2482.7;0.1;1404.0;0;10
38;58;10.0;295.6;723.0;2464.9;0.1;1404.0;0;10
38;59;7.4;388.1;982.0;2429.4;0.2;1404.0;0;10
38;60;8.1;354.7;906.0;2407.3;0.1;1404.0;0;10
38;61;9.8;287.8;752.0;2349.1;0.1;1404.0;0;10
38;62;8.5;333.7;843.0;2375.0;0.1;1404.0;0;10
38;63;9.0;310.2;809.0;2336.6;0.1;1404.0;0;10
38;64;9.5;293.9;736.0;2319.4;0.1;1404.0;0;10
38;65;7.8;342.2;941.0;2243.6;0.2;1404.0;0;10
38;66;9.2;321.8;859.0;2461.6;0.1;1404.0;0;10
38;67;9.8;283.6;709.0;2307.6;0.1;1404.0;0;10
38;68;10.1;284.4;729.0;2387.3;0.1;1404.0;0;10
38;69;12.3;240.4;580.0;2433.4;0.1;1404.0;0;10
38;70;8.4;354.5;888.0;2511.0;0.1;1404.0;0;10
38;71;7.6;374.2;898.0;2402.1;0.2;1404.0;0;10
38;72;7.9;374.4;998.0;2507.1;0.1;1404.0;0;10
38;73;10.2;319.3;819.0;2692.9;0.1;1404.0;0;10
38;74;14.6;212.3;538.0;2530.0;0.1;1404.0;0;10
38;75;11.9;248.0;587.0;2430.7;0.1;1404.0;0;10
38;76;7.9;398.2;1035.0;2662.0;0.1;1404.0;0;10
38;77;7.6;379.5;1003.0;2430.1;0.2;1404.0;0;10
38;78;7.4;389.9;1088.0;2450.7;0.2;1404.0;0;10
38;79;9.9;308.6;877.0;2550.7;0.1;1404.0;0;10
38;80;10.5;409.2;1074.0;3546.6;0.1;1404.0;0;10
38;81;9.4;431.6;1145.0;3374.1;0.1;1404.0;0;10
38;82;8.3;490.9;1342.0;3415.7;0.1;1404.0;0;10
38;83;8.6;472.3;1266.0;3397.0;0.1;1404.0;0;10
38;84;9.3;436.5;1121.0;3392.4;0.1;1404.0;0;10
38;85;7.6;521.2;1486.0;3338.9;0.2;1404.0;0;10
38;86;8.7;450.5;1268.0;3289.9;0.1;1404.0;0;10
38;87;8.5;421.4;1382.0;3014.3;0.1;1404.0;0;10
38;88;11.5;334.0;1097.0;3160.7;0.1;1404.0;0;10
38;89;9.5;391.4;1244.0;3090.0;0.1;1404.0;0;10
38;90;9.5;385.8;1274.0;3043.6;0.1;1404.0;0;10
38;91;8.7;409.7;1315.0;2978.4;0.1;1404.0;0;10
38;92;11.7;304.2;954.0;2931.4;0.1;1404.0;0;10
38;93;8.1;426.4;1474.0;2895.7;0.1;1404.0;0;10
38;94;8.8;357.1;1161.0;2633.1;0.1;1404.0;0;10
38;95;9.9;346.6;1138.0;2854.9;0.1;1404.0;0;10
38;96;9.3;351.6;1113.0;2727.3;0.1;1404.0;0;10
38;97;11.5;286.7;870.0;2727.6;0.1;1404.0;0;10
38;98;9.1;362.1;1170.0;2757.6;0.1;1404.0;0;10
38;99;10.4;319.3;1033.0;2763.1;0.1;1404.0;0;10
39;0;12.5;403.8;1118.0;4132.9;0.1;2925.0;1;1
39;1;12.0;415.7;1016.0;4096.6;0.1;2536.0;1;2
39;2;12.0;423.4;1114.0;4178.4;0.1;2190.0;1;3
39;3;10.7;465.0;1222.0;4102.7;0.1;1843.0;1;4
39;4;12.7;399.2;1032.0;4156.6;0.1;1707.0;1;5
39;5;12.1;413.6;1067.0;4132.0;0.1;1522.0;1;6
39;6;10.0;484.2;1247.0;4025.1;0.1;1457.0;1;7
39;7;9.6;498.5;1173.0;4003.7;0.1;1406.0;1;8
39;8;9.0;537.8;1313.0;4030.9;0.1;1406.0;0;8
39;9;19.2;257.9;691.0;4004.7;0.1;1406.0;0;8
39;10;9.0;518.7;1302.0;3889.1;0.1;1406.0;0;8
39;11;10.0;465.2;1249.0;3884.6;0.1;1406.0;0;8
39;12;10.5;447.8;1089.0;3897.4;0.1;1406.0;0;8
39;13;14.1;355.3;841.0;4087.7;0.1;1406.0;0;8
39;14;7.5;601.2;1330.0;3834.3;0.2;1406.0;0;8
39;15;8.4;553.8;1251.0;3903.4;0.1;1406.0;0;8
39;16;8.5;522.3;1266.0;3729.3;0.1;1406.0;0;8
39;17;8.7;505.7;1167.0;3694.3;0.1;1406.0;0;8
39;18;8.2;538.5;1253.0;3706.1;0.1;1406.0;0;8
39;19;6.7;644.7;1358.0;3702.0;0.2;1406.0;0;8
39;20;11.7;402.0;911.0;3880.0;0.1;1406.0;0;8
39;21;8.4;531.0;1103.0;3746.7;0.1;1406.0;0;8
39;22;8.4;522.5;1298.0;3698.4;0.1;1406.0;0;8
39;23;7.9;523.1;1275.0;3492.9;0.1;1406.0;0;8
39;24;7.8;549.4;1377.0;3595.0;0.2;1406.0;0;8
39;25;9.7;433.5;1063.0;3505.7;0.1;1406.0;0;8
39;26;7.7;535.1;1345.0;3475.7;0.2;1406.0;0;8
39;27;9.3;433.1;1114.0;3363.1;0.1;1406.0;0;8
39;28;10.2;398.2;896.0;3383.4;0.1;1406.0;0;8
39;29;7.4;533.8;1275.0;3362.0;0.2;1406.0;0;8
39;30;10.4;403.7;1097.0;3480.4;0.1;1406.0;0;8
39;31;6.7;575.3;1464.0;3301.3;0.2;1406.0;0;8
39;32;7.3;525.1;1199.0;3235.1;0.2;1406.0;0;8
39;33;8.3;459.3;1065.0;3200.0;0.1;1406.0;0;8
39;34;9.7;385.5;844.0;3106.6;0.1;1398.0;1;9
39;35;7.4;487.9;1209.0;3056.7;0.2;1391.0;1;10
39;36;7.5;484.6;1255.0;3061.0;0.2;1391.0;0;10
39;37;6.9;515.4;1237.0;3017.7;0.2;1391.0;0;10
39;38;8.0;437.2;1155.0;2932.6;0.1;1391.0;0;10
39;39;7.8;406.4;1014.0;2671.6;0.2;1391.0;0;10
39;40;8.6;371.4;929.0;2667.7;0.1;1391.0;0;10
39;41;6.4;492.0;1090.0;2701.9;0.2;1391.0;0;10
39;42;7.0;453.0;1166.0;2680.1;0.2;1391.0;0;10
39;43;6.2;507.0;1139.0;2698.1;0.2;1391.0;0;10
39;44;8.4;383.9;887.0;2702.0;0.1;1391.0;0;10
39;45;6.1;487.5;1247.0;2565.1;0.2;1391.0;0;10
39;46;6.6;405.2;1011.0;2275.7;0.2;1391.0;0;10
39;47;7.1;372.6;951.0;2235.0;0.2;1391.0;0;10
39;48;7.6;342.8;953.0;2207.7;0.2;1391.0;0;10
39;49;6.9;410.3;1088.0;2403.1;0.2;1391.0;0;10
39;50;7.5;347.2;896.0;2197.9;0.2;1391.0;0;10
39;51;10.5;246.1;508.0;2135.1;0.1;1391.0;0;10
39;52;11.1;231.5;563.0;2130.0;0.1;1391.0;0;10
39;53;10.3;249.2;603.0;2135.1;0.1;1391.0;0;10
39;54;9.4;275.5;679.0;2156.9;0.1;1391.0;0;10
39;55;8.7;300.1;738.0;2187.0;0.1;1391.0;0;10
39;56;8.5;305.7;726.0;2181.6;0.1;1391.0;0;10
39;57;10.4;261.6;634.0;2247.4;0.1;1391.0;0;10
39;58;9.6;275.9;652.0;2196.6;0.1;1391.0;0;10
39;59;12.2;218.1;526.0;2191.9;0.1;1391.0;0;10
39;60;8.7;287.8;810.0;2088.4;0.1;1391.0;0;10
39;61;8.5;290.1;746.0;2067.7;0.1;1391.0;0;10
39;62;10.9;232.4;616.0;2088.4;0.1;1391.0;0;10
39;63;13.4;199.8;523.0;2187.3;0.1;1391.0;0;10
39;64;10.9;229.2;641.0;2068.6;0.1;1391.0;0;10
39;65;9.2;265.8;686.0;2051.1;0.1;1391.0;0;10
39;66;11.2;223.3;600.0;2063.0;0.1;1391.0;0;10
39;67;11.0;230.2;608.0;2095.1;0.1;1391.0;0;10
39;68;9.3;261.8;709.0;2035.0;0.1;1391.0;0;10
39;69;9.8;247.1;586.0;2022.6;0.1;1391.0;0;10
39;70;11.6;218.6;623.0;2096.6;0.1;1391.0;0;10
39;71;9.2;268.6;702.0;2066.3;0.1;1391.0;0;10
39;72;10.4;236.8;613.0;2041.0;0.1;1391.0;0;10
39;73;11.2;222.7;552.0;2066.7;0.1;1391.0;0;10
39;74;11.0;224.9;628.0;2039.1;0.1;1391.0;0;10
39;75;13.5;183.8;484.0;2036.9;0.1;1391.0;0;10
39;76;13.2;185.4;452.0;2012.3;0.1;1391.0;0;10
39;77;10.6;231.9;591.0;2038.9;0.1;1391.0;0;10
39;78;9.2;260.5;754.0;1997.6;0.1;1391.0;0;10
39;79;10.1;226.7;556.0;1906.9;0.1;1391.0;0;10
39;80;14.8;168.3;456.0;2037.0;0.1;1391.0;0;10
39;81;9.1;444.5;1050.0;3377.6;0.1;1391.0;0;10
39;82;7.7;504.5;1288.0;3290.3;0.2;1391.0;0;10
39;83;7.6;502.7;1336.0;3243.3;0.2;1391.0;0;10
39;84;7.9;498.0;1385.0;3324.0;0.1;1391.0;0;10
39;85;9.8;402.5;981.0;3274.3;0.1;1391.0;0;10
39;86;7.9;498.6;1310.0;3330.0;0.1;1391.0;0;10
39;87;7.4;522.9;1453.0;3289.1;0.2;1391.0;0;10
39;88;14.1;283.5;922.0;3256.4;0.1;1391.0;0;10
39;89;10.6;361.1;1081.0;3178.1;0.1;1391.0;0;10
39;90;9.4;390.0;1171.0;3051.4;0.1;1391.0;0;10
39;91;9.4;384.5;1231.0;3018.7;0.1;1391.0;0;10
39;92;8.4;386.7;1225.0;2727.6;0.1;1391.0;0;10
39;93;10.4;328.4;1094.0;2836.9;0.1;1391.0;0;10
39;94;9.8;340.8;1050.0;2772.0;0.1;1391.0;0;10
39;95;10.5;305.0;915.0;2643.7;0.1;1391.0;0;10
39;96;12.6;283.6;934.0;2926.9;0.1;1391.0;0;10
39;97;11.6;302.9;941.0;2890.6;0.1;1391.0;0;10
39;98;9.8;318.9;1030.0;2596.4;0.1;1391.0;0;10
39;99;10.6;291.6;968.0;2550.6;0.1;1391.0;0;10
40;0;13.6;383.4;1044.0;4263.7;0.1;2926.0;1;1
40;1;9.8;500.4;1234.0;4081.0;0.1;2727.0;1;2
40;2;8.7;561.2;1487.0;4096.9;0.1;2435.0;1;3
40;3;11.0;446.4;1140.0;4067.1;0.1;2216.0;1;4
40;4;10.2;479.0;1338.0;4065.9;0.1;1878.0;1;5
40;5;9.3;529.3;1277.0;4110.6;0.1;1710.0;1;6
40;6;13.0;381.3;996.0;4054.1;0.1;1584.0;1;7
40;7;9.9;486.6;1276.0;4021.7;0.1;1484.0;1;8
40;8;8.1;589.6;1573.0;4027.6;0.1;1410.0;1;9
40;9;8.9;544.6;1433.0;4040.0;0.1;1410.0;0;9
40;10;11.4;433.0;1184.0;4077.7;0.1;1410.0;0;9
40;11;9.0;527.4;1352.0;3950.6;0.1;1410.0;0;9
40;12;12.7;384.1;915.0;3992.7;0.1;1410.0;0;9
40;13;12.6;383.7;933.0;3980.7;0.1;1410.0;0;9
40;14;6.2;713.4;1668.0;3813.4;0.2;1410.0;0;9
40;15;8.3;532.3;1226.0;3712.9;0.1;1410.0;0;9
40;16;9.5;484.3;1145.0;3843.0;0.1;1410.0;0;9
40;17;8.2;541.7;1300.0;3751.6;0.1;1410.0;0;9
40;18;8.8;506.0;1310.0;3746.9;0.1;1410.0;0;9
40;19;7.6;565.4;1433.0;3631.9;0.2;1410.0;0;9
40;20;9.1;453.7;1119.0;3448.4;0.1;1410.0;0;9
40;21;7.9;520.8;1223.0;3476.6;0.1;1410.0;0;9
40;22;7.6;535.2;1216.0;3456.7;0.2;1410.0;0;9
40;23;7.7;503.3;1305.0;3275.6;0.2;1410.0;0;9
40;24;9.9;407.5;1037.0;3368.3;0.1;1410.0;0;9
40;25;8.8;463.6;1104.0;3409.7;0.1;1410.0;0;9
40;26;6.1;612.5;1412.0;3205.1;0.2;1410.0;0;9
40;27;7.7;501.1;1202.0;3249.9;0.2;1410.0;0;9
40;28;8.0;460.3;1320.0;3088.6;0.1;1410.0;0;9
40;29;8.0;465.9;1252.0;3143.6;0.1;1410.0;0;9
40;30;6.3;572.6;1457.0;3098.1;0.2;1410.0;0;9
40;31;7.3;514.6;1203.0;3197.6;0.2;1410.0;0;9
40;32;6.8;535.6;1165.0;3115.1;0.2;1410.0;0;9
40;33;9.3;402.2;1014.0;3107.3;0.1;1410.0;0;9
40;34;6.2;573.3;1417.0;3053.0;0.2;1410.0;0;9
40;35;9.7;394.2;1028.0;3188.3;0.1;1410.0;0;9
40;36;6.8;505.0;1155.0;2928.0;0.2;1410.0;0;9
40;37;8.0;463.4;1148.0;3112.3;0.1;1410.0;0;9
40;38;6.9;489.5;1185.0;2890.4;0.2;1410.0;0;9
40;39;6.1;577.9;1466.0;3034.3;0.2;1410.0;0;9
40;40;7.5;447.1;1180.0;2832.1;0.2;1410.0;0;9
40;41;5.7;575.8;1463.0;2812.3;0.2;1410.0;0;9
40;42;5.6;569.1;1355.0;2772.4;0.2;1410.0;0;9
40;43;5.6;581.2;1478.0;2804.0;0.2;1410.0;0;9
40;44;9.5;365.5;972.0;2897.0;0.1;1410.0;0;9
40;45;5.9;536.3;1197.0;2727.9;0.2;1410.0;0;9
40;46;7.1;427.1;1049.0;2577.0;0.2;1410.0;0;9
40;47;5.2;563.0;1342.0;2531.0;0.2;1410.0;0;9
40;48;6.5;441.2;1065.0;2449.9;0.2;1410.0;0;9
40;49;8.2;368.6;918.0;2545.9;0.1;1410.0;0;9
40;50;8.4;334.4;942.0;2357.7;0.1;1410.0;0;9
40;51;6.0;476.0;1146.0;2463.4;0.2;1410.0;0;9
40;52;8.0;345.7;894.0;2318.7;0.1;1410.0;0;9
40;53;7.2;417.4;1068.0;2541.1;0.2;1410.0;0;9
40;54;7.4;376.1;850.0;2352.1;0.2;1410.0;0;9
40;55;11.3;235.6;695.0;2195.6;0.1;1410.0;0;9
40;56;9.4;274.8;662.0;2163.7;0.1;1410.0;0;9
40;57;11.0;238.3;602.0;2173.9;0.1;1410.0;0;9
40;58;7.4;338.8;751.0;2133.0;0.2;1410.0;0;9
40;59;6.4;407.4;1036.0;2233.1;0.2;1410.0;0;9
40;60;7.1;352.8;939.0;2124.3;0.2;1410.0;0;9
40;61;7.8;343.5;900.0;2266.0;0.2;1410.0;0;9
40;62;7.6;341.7;885.0;2207.3;0.2;1410.0;0;9
40;63;7.9;331.5;868.0;2195.6;0.2;1410.0;0;9
40;64;7.1;353.5;871.0;2143.7;0.2;1410.0;0;9
40;65;9.2;308.2;789.0;2364.0;0.1;1410.0;0;9
40;66;8.5;314.4;859.0;2243.6;0.1;1410.0;0;9
40;67;8.6;318.0;929.0;2298.4;0.1;1410.0;0;9
40;68;6.8;361.4;911.0;2104.4;0.2;1410.0;0;9
40;69;7.1;352.7;930.0;2122.6;0.2;1410.0;0;9
40;70;8.7;286.2;695.0;2081.3;0.1;1410.0;0;9
40;71;8.8;280.0;711.0;2072.4;0.1;1410.0;0;9
40;72;8.1;298.2;759.0;2044.9;0.1;1410.0;0;9
40;73;8.1;327.7;967.0;2226.7;0.1;1410.0;0;9
40;74;7.7;315.5;803.0;2044.3;0.2;1410.0;0;9
40;75;7.2;323.6;787.0;1977.0;0.2;1410.0;0;9
40;76;7.8;306.6;698.0;2009.1;0.2;1410.0;0;9
40;77;6.6;357.8;875.0;2017.4;0.2;1410.0;0;9
40;78;7.3;348.3;862.0;2142.1;0.2;1410.0;0;9
40;79;8.4;314.3;893.0;2208.3;0.1;1410.0;0;9
40;80;9.0;288.8;763.0;2164.1;0.1;1410.0;0;9
40;81;6.8;360.6;863.0;2091.1;0.2;1410.0;0;9
40;82;7.7;521.0;1426.0;3373.4;0.2;1410.0;0;9
40;83;9.5;426.5;1127.0;3389.7;0.1;1410.0;0;9
40;84;9.2;452.2;1229.0;3461.4;0.1;1410.0;0;9
40;85;8.7;449.3;1289.0;3269.7;0.1;1410.0;0;9
40;86;9.5;423.8;1036.0;3368.7;0.1;1410.0;0;9
40;87;8.8;456.2;1158.0;3349.1;0.1;1410.0;0;9
40;88;10.2;377.7;1236.0;3212.4;0.1;1410.0;0;9
40;89;8.7;420.9;1374.0;3053.4;0.1;1410.0;0;9
40;90;11.6;331.9;1188.0;3163.7;0.1;1410.0;0;9
40;91;7.6;460.1;1445.0;2968.9;0.2;1410.0;0;9
40;92;7.8;429.8;1381.0;2834.6;0.2;1410.0;0;9
40;93;8.1;417.3;1267.0;2856.7;0.1;1410.0;0;9
40;94;10.2;345.8;1110.0;2929.9;0.1;1410.0;0;9
40;95;9.4;350.9;1093.0;2759.9;0.1;1410.0;0;9
40;96;7.8;420.2;1472.0;2775.0;0.2;1410.0;0;9
40;97;12.1;277.6;848.0;2772.1;0.1;1410.0;0;9
40;98;9.8;342.2;1193.0;2789.3;0.1;1410.0;0;9
40;99;7.8;389.7;1176.0;2556.9;0.2;1410.0;0;9
41;0;10.7;469.5;1120.0;4166.1;0.1;3157.0;1;1
41;1;13.2;380.8;1006.0;4126.7;0.1;2678.0;1;2
41;2;13.3;386.0;969.0;4207.6;0.1;2330.0;1;3
41;3;15.0;341.0;941.0;4182.1;0.1;2119.0;1;4
41;4;12.5;402.4;1163.0;4129.1;0.1;1939.0;1;5
41;5;11.3;443.0;1192.0;4134.6;0.1;1779.0;1;6
41;6;13.9;353.2;899.0;4019.9;0.1;1609.0;1;7
41;7;16.5;313.8;850.0;4206.9;0.1;1485.0;1;8
41;8;8.1;579.5;1409.0;3970.3;0.1;1436.0;1;9
41;9;10.2;464.8;1134.0;3949.3;0.1;1434.0;1;10
41;10;12.6;389.8;977.0;4042.9;0.1;1434.0;0;10
41;11;13.9;353.8;973.0;4022.9;0.1;1434.0;0;10
41;12;8.4;556.0;1422.0;3924.4;0.1;1434.0;0;10
41;13;9.0;519.2;1257.0;3889.6;0.1;1434.0;0;10
41;14;7.8;583.9;1416.0;3835.9;0.2;1434.0;0;10
41;15;7.8;561.0;1336.0;3689.7;0.2;1434.0;0;10
41;16;9.2;484.1;1266.0;3718.0;0.1;1434.0;0;10
41;17;8.2;559.7;1380.0;3874.4;0.1;1434.0;0;10
41;18;10.7;400.9;981.0;3552.9;0.1;1434.0;0;10
41;19;7.1;582.5;1387.0;3499.1;0.2;1434.0;0;10
41;20;7.9;513.6;1165.0;3421.7;0.2;1434.0;0;10
41;21;8.8;489.7;1279.0;3626.1;0.1;1434.0;0;10
41;22;9.1;445.3;1108.0;3376.1;0.1;1418.0;1;11
41;23;9.0;447.1;1030.0;3353.3;0.1;1415.0;1;12
41;24;7.8;519.4;1347.0;3432.9;0.2;1415.0;0;12
41;25;5.7;696.2;1682.0;3434.1;0.2;1415.0;0;12
41;26;8.8;471.8;1103.0;3482.9;0.1;1415.0;0;12
41;27;8.5;483.5;1148.0;3442.9;0.1;1415.0;0;12
41;28;7.5;520.1;1274.0;3306.9;0.2;1415.0;0;12
41;29;7.5;520.7;1143.0;3301.7;0.2;1415.0;0;12
41;30;6.4;574.0;1435.0;3125.1;0.2;1415.0;0;12
41;31;8.6;446.1;1172.0;3206.0;0.1;1415.0;0;12
41;32;8.0;453.4;1113.0;3045.1;0.1;1415.0;0;12
41;33;9.3;430.0;988.0;3344.1;0.1;1414.0;1;13
41;34;7.0;535.0;1244.0;3169.6;0.2;1414.0;0;13
41;35;7.2;496.7;1211.0;3053.3;0.2;1414.0;0;13
41;36;7.3;481.1;1069.0;2976.1;0.2;1414.0;0;13
41;37;7.4;499.4;1264.0;3119.3;0.2;1414.0;0;13
41;38;11.4;337.8;914.0;3190.7;0.1;1414.0;0;13
41;39;7.3;465.4;1208.0;2873.3;0.2;1414.0;0;13
41;40;9.2;391.0;880.0;2996.1;0.1;1414.0;0;13
41;41;6.0;561.6;1474.0;2877.9;0.2;1414.0;0;13
41;42;8.5;398.1;1041.0;2827.9;0.1;1414.0;0;13
41;43;11.3;314.2;798.0;2936.0;0.1;1414.0;0;13
41;44;8.4;409.7;1183.0;2898.9;0.1;1414.0;0;13
41;45;8.3;425.1;1097.0;2973.1;0.1;1414.0;0;13
41;46;6.6;494.9;1272.0;2807.0;0.2;1414.0;0;13
41;47;6.7;472.8;1234.0;2698.9;0.2;1414.0;0;13
41;48;6.7;486.7;1111.0;2769.1;0.2;1414.0;0;13
41;49;7.3;491.9;1339.0;3035.9;0.2;1414.0;0;13
41;50;8.3;409.8;886.0;2857.0;0.1;1414.0;0;13
41;51;8.4;423.2;957.0;2998.9;0.1;1414.0;0;13
41;52;8.8;369.3;849.0;2707.7;0.1;1414.0;0;13
41;53;10.3;305.2;694.0;2605.1;0.1;1414.0;0;13
41;54;9.7;312.1;832.0;2508.3;0.1;1414.0;0;13
41;55;10.6;285.0;694.0;2501.4;0.1;1414.0;0;13
41;56;12.5;247.3;654.0;2540.1;0.1;1414.0;0;13
41;57;7.5;417.0;960.0;2650.9;0.2;1414.0;0;13
41;58;7.6;400.3;963.0;2579.7;0.2;1414.0;0;13
41;59;9.0;331.4;846.0;2502.7;0.1;1414.0;0;13
41;60;8.3;357.6;959.0;2493.6;0.1;1414.0;0;13
41;61;10.1;282.5;666.0;2365.7;0.1;1414.0;0;13
41;62;11.6;259.1;697.0;2482.3;0.1;1414.0;0;13
41;63;7.7;351.3;915.0;2286.4;0.2;1414.0;0;13
41;64;11.2;255.7;627.0;2372.4;0.1;1414.0;0;13
41;65;10.2;287.4;749.0;2440.7;0.1;1414.0;0;13
41;66;10.3;285.5;716.0;2429.6;0.1;1414.0;0;13
41;67;13.9;212.6;567.0;2420.7;0.1;1414.0;0;13
41;68;9.2;327.4;831.0;2524.9;0.1;1414.0;0;13
41;69;9.5;307.4;755.0;2423.6;0.1;1414.0;0;13
41;70;8.6;327.0;861.0;2369.6;0.1;1414.0;0;13
41;71;7.3;421.8;1076.0;2611.6;0.2;1414.0;0;13
41;72;8.5;359.1;871.0;2561.3;0.1;1414.0;0;13
41;73;8.9;348.4;821.0;2593.1;0.1;1414.0;0;13
41;74;7.1;398.0;1087.0;2404.3;0.2;1414.0;0;13
41;75;10.1;307.6;868.0;2584.4;0.1;1414.0;0;13
41;76;10.0;296.7;739.0;2459.9;0.1;1414.0;0;13
41;77;8.8;333.1;839.0;2441.7;0.1;1414.0;0;13
41;78;6.1;482.2;1277.0;2515.3;0.2;1414.0;0;13
41;79;9.1;452.1;1223.0;3442.7;0.1;1414.0;0;13
41;80;9.4;425.7;1038.0;3337.0;0.1;1414.0;0;13
41;81;8.7;465.5;1202.0;3386.1;0.1;1414.0;0;13
41;82;6.2;601.7;1537.0;3223.1;0.2;1414.0;0;13
41;83;8.6;457.0;1072.0;3297.7;0.1;1414.0;0;13
41;84;8.9;446.3;1229.0;3339.7;0.1;1414.0;0;13
41;85;8.9;459.1;1116.0;3434.9;0.1;1414.0;0;13
41;86;9.2;423.4;1371.0;3264.1;0.1;1414.0;0;13
41;87;9.0;415.4;1270.0;3116.4;0.1;1414.0;0;13
41;88;9.9;392.5;1266.0;3222.6;0.1;1414.0;0;13
41;89;8.9;418.2;1372.0;3115.9;0.1;1414.0;0;13
41;90;9.1;404.3;1240.0;3088.9;0.1;1414.0;0;13
41;91;8.5;425.8;1380.0;3034.0;0.1;1414.0;0;13
41;92;9.1;371.8;1178.0;2813.7;0.1;1414.0;0;13
41;93;7.7;425.5;1306.0;2764.9;0.2;1414.0;0;13
41;94;8.7;379.8;1184.0;2781.4;0.1;1414.0;0;13
41;95;10.0;352.2;1059.0;2929.1;0.1;1414.0;0;13
41;96;10.2;353.8;1067.0;2992.4;0.1;1414.0;0;13
41;97;9.6;363.9;1216.0;2921.1;0.1;1414.0;0;13
41;98;7.3;442.5;1566.0;2745.1;0.2;1414.0;0;13
41;99;7.4;418.3;1328.0;2626.7;0.2;1414.0;0;13
42;0;12.4;418.4;1092.0;4272.0;0.1;3293.0;1;1
42;1;13.7;369.0;974.0;4122.6;0.1;2738.0;1;2
42;2;11.1;461.0;1078.0;4221.7;0.1;2497.0;1;3
42;3;9.3;519.9;1367.0;4053.0;0.1;2272.0;1;4
42;4;10.9;448.7;1107.0;4038.9;0.1;2009.0;1;5
42;5;9.3;539.1;1529.0;4189.7;0.1;1771.0;1;6
42;6;12.5;398.8;1147.0;4111.0;0.1;1647.0;1;7
42;7;12.9;380.1;982.0;4024.7;0.1;1515.0;1;8
42;8;10.9;447.1;1325.0;4043.4;0.1;1427.0;1;9
42;9;8.5;557.5;1432.0;3993.0;0.1;1425.0;1;10
42;10;10.4;465.1;1183.0;4010.3;0.1;1425.0;0;10
42;11;9.8;480.9;1205.0;3937.7;0.1;1425.0;0;10
42;12;10.6;457.5;1183.0;4002.0;0.1;1425.0;0;10
42;13;10.5;460.4;1191.0;3991.9;0.1;1425.0;0;10
42;14;8.1;547.4;1305.0;3739.6;0.1;1425.0;0;10
42;15;7.0;619.3;1491.0;3675.7;0.2;1425.0;0;10
42;16;11.0;409.9;1142.0;3730.1;0.1;1425.0;0;10
42;17;6.6;629.6;1483.0;3563.3;0.2;1425.0;0;10
42;18;8.6;505.7;1315.0;3632.9;0.1;1425.0;0;10
42;19;9.0;506.6;1170.0;3809.9;0.1;1425.0;0;10
42;20;8.2;533.6;1217.0;3682.4;0.1;1425.0;0;10
42;21;7.4;550.7;1368.0;3462.9;0.2;1425.0;0;10
42;22;6.1;636.8;1532.0;3316.7;0.2;1418.0;1;11
42;23;8.9;481.8;1244.0;3589.6;0.1;1418.0;0;11
42;24;10.1;419.4;910.0;3506.3;0.1;1418.0;0;11
42;25;7.1;551.3;1275.0;3344.1;0.2;1418.0;0;11
42;26;6.3;632.1;1515.0;3400.0;0.2;1418.0;0;11
42;27;8.9;461.2;1237.0;3442.3;0.1;1418.0;0;11
42;28;6.6;575.6;1401.0;3248.4;0.2;1418.0;0;11
42;29;7.7;503.7;1328.0;3266.1;0.2;1418.0;0;11
42;30;7.6;520.3;1352.0;3327.4;0.2;1418.0;0;11
42;31;6.7;589.5;1335.0;3365.0;0.2;1418.0;0;11
42;32;7.6;506.3;1189.0;3241.9;0.2;1418.0;0;11
42;33;8.8;439.7;1142.0;3236.9;0.1;1418.0;0;11
42;34;7.4;483.7;1211.0;3013.9;0.2;1418.0;0;11
42;35;7.2;476.1;1087.0;2890.6;0.2;1418.0;0;11
42;36;9.7;376.2;979.0;3037.6;0.1;1418.0;0;11
42;37;8.8;412.1;1071.0;3031.7;0.1;1418.0;0;11
42;38;9.0;408.0;931.0;3067.1;0.1;1418.0;0;11
42;39;8.8;386.8;925.0;2849.1;0.1;1418.0;0;11
42;40;7.8;440.6;1153.0;2917.1;0.2;1418.0;0;11
42;41;6.3;515.7;1195.0;2791.7;0.2;1418.0;0;11
42;42;10.2;314.3;802.0;2665.9;0.1;1418.0;0;11
42;43;6.8;455.6;1103.0;2622.1;0.2;1418.0;0;11
42;44;10.1;333.4;814.0;2801.9;0.1;1418.0;0;11
42;45;6.3;528.7;1189.0;2834.9;0.2;1418.0;0;11
42;46;8.2;415.3;1135.0;2859.3;0.1;1418.0;0;11
42;47;7.3;439.7;1077.0;2720.4;0.2;1418.0;0;11
42;48;8.0;385.6;988.0;2602.9;0.1;1418.0;0;11
42;49;8.3;367.2;975.0;2570.6;0.1;1418.0;0;11
42;50;6.7;434.6;1093.0;2494.4;0.2;1418.0;0;11
42;51;6.5;460.9;1115.0;2563.0;0.2;1418.0;0;11
42;52;6.6;424.9;990.0;2401.1;0.2;1418.0;0;11
42;53;6.4;438.9;1144.0;2414.3;0.2;1418.0;0;11
42;54;6.8;405.0;926.0;2344.0;0.2;1418.0;0;11
42;55;7.4;376.8;909.0;2351.0;0.2;1418.0;0;11
42;56;7.7;365.3;948.0;2369.4;0.2;1418.0;0;11
42;57;6.2;450.9;1134.0;2389.6;0.2;1418.0;0;11
42;58;5.7;477.0;1191.0;2342.1;0.2;1418.0;0;11
42;59;7.1;369.7;910.0;2231.7;0.2;1418.0;0;11
42;60;8.1;322.7;820.0;2212.4;0.1;1418.0;0;11
42;61;6.5;392.7;974.0;2195.3;0.2;1418.0;0;11
42;62;7.3;347.5;910.0;2146.6;0.2;1418.0;0;11
42;63;7.9;321.0;781.0;2146.6;0.1;1418.0;0;11
42;64;8.2;315.2;826.0;2183.4;0.1;1418.0;0;11
42;65;9.5;277.7;674.0;2196.7;0.1;1418.0;0;11
42;66;6.4;379.0;945.0;2079.6;0.2;1418.0;0;11
42;67;7.3;345.7;876.0;2139.6;0.2;1418.0;0;11
42;68;8.8;298.9;796.0;2197.3;0.1;1418.0;0;11
42;69;10.0;265.1;752.0;2200.9;0.1;1418.0;0;11
42;70;11.2;229.0;658.0;2127.3;0.1;1418.0;0;11
42;71;8.2;329.3;923.0;2264.9;0.1;1418.0;0;11
42;72;6.7;395.3;976.0;2269.7;0.2;1418.0;0;11
42;73;9.9;260.2;639.0;2143.0;0.1;1418.0;0;11
42;74;8.1;313.9;751.0;2148.0;0.1;1418.0;0;11
42;75;9.7;268.9;666.0;2166.6;0.1;1418.0;0;11
42;76;7.8;323.0;838.0;2129.7;0.2;1418.0;0;11
42;77;9.8;275.1;707.0;2233.7;0.1;1418.0;0;11
42;78;8.5;303.8;798.0;2156.4;0.1;1418.0;0;11
42;79;7.0;382.4;1061.0;2280.6;0.2;1418.0;0;11
42;80;10.8;397.0;995.0;3549.0;0.1;1418.0;0;11
42;81;10.3;408.3;1044.0;3504.6;0.1;1418.0;0;11
42;82;11.3;364.1;1041.0;3408.4;0.1;1418.0;0;11
42;83;7.9;504.3;1428.0;3376.3;0.1;1418.0;0;11
42;84;6.9;547.0;1421.0;3212.6;0.2;1418.0;0;11
42;85;7.3;506.8;1420.0;3152.9;0.2;1418.0;0;11
42;86;7.8;472.3;1188.0;3101.0;0.2;1418.0;0;11
42;87;10.6;359.0;1153.0;3140.4;0.1;1418.0;0;11
42;88;11.1;340.2;1094.0;3134.3;0.1;1418.0;0;11
42;89;8.8;402.3;1207.0;2971.9;0.1;1418.0;0;11
42;90;9.7;388.9;1340.0;3132.9;0.1;1418.0;0;11
42;91;9.6;386.9;1211.0;3088.9;0.1;1418.0;0;11
42;92;8.2;431.7;1410.0;2984.1;0.1;1418.0;0;11
42;93;9.0;366.2;1282.0;2754.6;0.1;1418.0;0;11
42;94;6.8;450.6;1394.0;2594.7;0.2;1418.0;0;11
42;95;7.8;411.9;1272.0;2704.3;0.2;1418.0;0;11
42;96;9.9;319.7;995.0;2624.1;0.1;1418.0;0;11
42;97;8.2;355.1;1108.0;2444.9;0.1;1418.0;0;11
42;98;7.8;375.9;1203.0;2488.3;0.2;1418.0;0;11
42;99;10.1;303.2;961.0;2540.0;0.1;1418.0;0;11
43;0;11.4;443.8;1172.0;4190.3;0.1;3088.0;1;1
43;1;15.3;337.0;816.0;4194.6;0.1;2840.0;1;2
43;2;10.7;464.1;1192.0;4122.4;0.1;2728.0;1;3
43;3;9.2;512.9;1300.0;3925.6;0.1;2476.0;1;4
43;4;11.6;424.6;1081.0;4061.9;0.1;2238.0;1;5
43;5;8.2;564.5;1352.0;3892.7;0.1;2041.0;1;6
43;6;8.8;555.8;1603.0;4084.9;0.1;1855.0;1;7
43;7;11.4;442.4;1083.0;4159.4;0.1;1608.0;1;8
43;8;10.9;440.5;1109.0;3973.9;0.1;1458.0;1;9
43;9;11.1;429.3;1104.0;3927.6;0.1;1416.0;1;10
43;10;11.0;439.8;1083.0;4004.6;0.1;1416.0;0;10
43;11;8.8;534.3;1392.0;3943.0;0.1;1416.0;0;10
43;12;10.9;442.0;1097.0;3988.6;0.1;1416.0;0;10
43;13;10.3;468.2;1273.0;3986.1;0.1;1416.0;0;10
43;14;8.4;523.7;1207.0;3705.0;0.1;1416.0;0;10
43;15;9.2;494.0;1082.0;3803.1;0.1;1416.0;0;10
43;16;7.1;616.8;1550.0;3702.0;0.2;1416.0;0;10
43;17;8.0;552.8;1321.0;3722.4;0.1;1416.0;0;10
43;18;9.2;486.0;1087.0;3721.0;0.1;1416.0;0;10
43;19;6.9;592.5;1486.0;3492.6;0.2;1416.0;0;10
43;20;8.1;528.1;1217.0;3589.4;0.1;1416.0;0;10
43;21;5.4;709.4;1730.0;3344.4;0.2;1416.0;0;10
43;22;9.0;465.5;1229.0;3487.0;0.1;1416.0;0;10
43;23;8.6;479.0;1446.0;3471.4;0.1;1416.0;0;10
43;24;6.5;614.6;1376.0;3436.1;0.2;1416.0;0;10
43;25;7.4;544.4;1557.0;3414.1;0.2;1416.0;0;10
43;26;8.5;476.7;1186.0;3399.6;0.1;1416.0;0;10
43;27;7.2;542.8;1256.0;3333.6;0.2;1416.0;0;10
43;28;8.0;519.6;1345.0;3510.4;0.1;1416.0;0;10
43;29;9.1;437.2;1152.0;3315.3;0.1;1416.0;0;10
43;30;6.8;567.9;1508.0;3290.6;0.2;1416.0;0;10
43;31;8.6;457.0;1162.0;3280.9;0.1;1416.0;0;10
43;32;8.3;461.2;1079.0;3222.6;0.1;1416.0;0;10
43;33;7.9;477.2;1170.0;3192.4;0.1;1416.0;0;10
43;34;7.3;523.9;1235.0;3225.3;0.2;1416.0;0;10
43;35;8.9;411.4;1056.0;3062.4;0.1;1416.0;0;10
43;36;7.9;462.4;1179.0;3095.1;0.1;1416.0;0;10
43;37;7.2;496.3;1164.0;3049.4;0.2;1416.0;0;10
43;38;9.5;379.0;875.0;2994.4;0.1;1416.0;0;10
43;39;7.8;415.8;1102.0;2751.1;0.2;1416.0;0;10
43;40;7.4;432.8;1062.0;2727.7;0.2;1416.0;0;10
43;41;7.9;424.8;1004.0;2822.3;0.2;1416.0;0;10
43;42;11.1;317.4;835.0;2901.3;0.1;1416.0;0;10
43;43;9.4;372.2;1012.0;2910.1;0.1;1416.0;0;10
43;44;9.7;336.7;919.0;2714.0;0.1;1416.0;0;10
43;45;9.3;335.0;811.0;2590.0;0.1;1416.0;0;10
43;46;7.9;394.6;953.0;2637.1;0.1;1416.0;0;10
43;47;12.0;276.0;707.0;2717.0;0.1;1416.0;0;10
43;48;8.4;373.0;1060.0;2622.9;0.1;1416.0;0;10
43;49;7.3;406.8;1057.0;2528.4;0.2;1416.0;0;10
43;50;9.2;343.2;765.0;2646.6;0.1;1416.0;0;10
43;51;8.7;368.4;852.0;2687.3;0.1;1416.0;0;10
43;52;9.6;335.8;813.0;2689.1;0.1;1416.0;0;10
43;53;9.4;338.6;866.0;2664.6;0.1;1416.0;0;10
43;54;8.4;355.2;902.0;2515.4;0.1;1416.0;0;10
43;55;9.6;310.9;839.0;2479.9;0.1;1416.0;0;10
43;56;7.5;385.5;1042.0;2446.6;0.2;1416.0;0;10
43;57;5.6;503.4;1250.0;2446.4;0.2;1416.0;0;10
43;58;6.3;453.2;1222.0;2462.3;0.2;1416.0;0;10
43;59;6.7;446.6;1194.0;2556.4;0.2;1416.0;0;10
43;60;7.7;393.9;1072.0;2573.1;0.2;1416.0;0;10
43;61;9.6;328.7;826.0;2631.1;0.1;1416.0;0;10
43;62;11.6;268.7;713.0;2580.7;0.1;1416.0;0;10
43;63;12.3;260.7;644.0;2647.1;0.1;1416.0;0;10
43;64;10.6;289.2;741.0;2549.1;0.1;1416.0;0;10
43;65;10.4;283.9;727.0;2454.4;0.1;1416.0;0;10
43;66;12.0;247.2;697.0;2443.0;0.1;1416.0;0;10
43;67;9.8;302.2;736.0;2465.0;0.1;1416.0;0;10
43;68;8.7;334.4;1054.0;2446.6;0.1;1416.0;0;10
43;69;9.6;297.2;862.0;2381.9;0.1;1416.0;0;10
43;70;8.2;348.5;949.0;2408.1;0.1;1416.0;0;10
43;71;8.8;340.9;829.0;2521.9;0.1;1416.0;0;10
43;72;9.6;303.5;780.0;2437.0;0.1;1416.0;0;10
43;73;10.2;301.9;888.0;2561.4;0.1;1416.0;0;10
43;74;11.2;255.4;687.0;2370.3;0.1;1416.0;0;10
43;75;10.8;278.2;697.0;2478.9;0.1;1416.0;0;10
43;76;8.3;336.9;905.0;2350.1;0.1;1416.0;0;10
43;77;8.0;370.8;893.0;2511.1;0.1;1416.0;0;10
43;78;6.5;598.3;1562.0;3339.4;0.2;1416.0;0;10
43;79;8.7;479.7;1223.0;3484.3;0.1;1416.0;0;10
43;80;8.8;470.0;1321.0;3450.3;0.1;1416.0;0;10
43;81;6.9;586.2;1617.0;3440.1;0.2;1416.0;0;10
43;82;7.4;523.1;1339.0;3287.3;0.2;1416.0;0;10
43;83;8.7;479.6;1262.0;3488.4;0.1;1416.0;0;10
43;84;10.1;414.4;1206.0;3481.4;0.1;1416.0;0;10
43;85;9.4;422.9;998.0;3322.9;0.1;1416.0;0;10
43;86;10.4;366.1;1140.0;3149.9;0.1;1416.0;0;10
43;87;9.9;386.2;1254.0;3193.9;0.1;1416.0;0;10
43;88;8.3;436.1;1322.0;3051.6;0.1;1416.0;0;10
43;89;9.6;392.8;1342.0;3135.6;0.1;1416.0;0;10
43;90;11.4;338.2;1125.0;3190.6;0.1;1416.0;0;10
43;91;8.8;402.0;1435.0;2961.3;0.1;1416.0;0;10
43;92;7.3;460.8;1459.0;2854.7;0.2;1416.0;0;10
43;93;8.5;387.8;1317.0;2759.0;0.1;1416.0;0;10
43;94;6.7;481.3;1466.0;2766.9;0.2;1416.0;0;10
43;95;13.4;253.6;823.0;2774.6;0.1;1416.0;0;10
43;96;12.2;282.1;851.0;2839.9;0.1;1416.0;0;10
43;97;8.6;377.4;1260.0;2731.1;0.1;1416.0;0;10
43;98;7.5;422.1;1386.0;2666.4;0.2;1416.0;0;10
43;99;10.3;314.5;1049.0;2683.1;0.1;1416.0;0;10
44;0;9.7;497.6;1451.0;4029.3;0.1;2698.0;1;1
44;1;11.0;452.7;1176.0;4110.0;0.1;2515.0;1;2
44;2;18.8;285.2;749.0;4330.1;0.1;2316.0;1;3
44;3;8.4;582.3;1332.0;4092.9;0.1;2160.0;1;4
44;4;10.7;454.0;1112.0;4035.9;0.1;1976.0;1;5
44;5;8.1;592.5;1484.0;4043.0;0.1;1799.0;1;6
44;6;10.6;467.3;1284.0;4091.6;0.1;1621.0;1;7
44;7;8.9;536.7;1628.0;4012.0;0.1;1496.0;1;8
44;8;10.7;449.8;1208.0;3984.3;0.1;1414.0;1;9
44;9;9.9;494.3;1322.0;4061.7;0.1;1414.0;0;9
44;10;18.4;272.5;681.0;4055.6;0.1;1414.0;0;9
44;11;10.0;465.2;1230.0;3852.1;0.1;1414.0;0;9
44;12;10.1;463.7;1199.0;3895.6;0.1;1414.0;0;9
44;13;10.0;457.1;1257.0;3782.4;0.1;1414.0;0;9
44;14;9.7;478.2;1358.0;3846.9;0.1;1414.0;0;9
44;15;9.1;487.9;1226.0;3696.3;0.1;1414.0;0;9
44;16;9.7;456.5;1272.0;3673.3;0.1;1414.0;0;9
44;17;9.4;478.2;1131.0;3752.7;0.1;1414.0;0;9
44;18;8.1;532.7;1317.0;3648.4;0.1;1414.0;0;9
44;19;7.5;585.0;1393.0;3689.6;0.2;1414.0;0;9
44;20;7.9;564.9;1537.0;3779.7;0.1;1414.0;0;9
44;21;8.5;507.8;1121.0;3622.6;0.1;1409.0;1;10
44;22;9.8;416.7;1043.0;3383.7;0.1;1409.0;0;10
44;23;9.0;474.4;1243.0;3577.0;0.1;1409.0;0;10
44;24;7.5;532.8;1439.0;3393.3;0.2;1409.0;0;10
44;25;8.7;483.1;1241.0;3532.4;0.1;1409.0;0;10
44;26;9.4;445.1;1019.0;3503.4;0.1;1409.0;0;10
44;27;7.7;514.6;1206.0;3350.1;0.2;1409.0;0;10
44;28;8.1;484.7;1128.0;3321.6;0.1;1409.0;0;10
44;29;7.4;510.6;1147.0;3197.3;0.2;1409.0;0;10
44;30;9.0;436.1;1060.0;3278.4;0.1;1409.0;0;10
44;31;8.9;434.1;1088.0;3228.9;0.1;1409.0;0;10
44;32;7.9;483.0;1283.0;3199.6;0.2;1409.0;0;10
44;33;6.7;577.0;1474.0;3305.4;0.2;1403.0;1;11
44;34;8.0;491.7;1200.0;3312.4;0.1;1403.0;0;11
44;35;7.7;497.5;1142.0;3234.6;0.2;1403.0;0;11
44;36;7.1;513.4;1245.0;3079.0;0.2;1403.0;0;11
44;37;8.5;442.6;1047.0;3153.7;0.1;1403.0;0;11
44;38;6.2;556.0;1271.0;2967.1;0.2;1403.0;0;11
44;39;5.8;600.2;1373.0;3003.1;0.2;1403.0;0;11
44;40;6.7;502.6;1273.0;2861.6;0.2;1403.0;0;11
44;41;7.4;468.2;1150.0;2939.9;0.2;1403.0;0;11
44;42;6.0;531.5;1397.0;2744.1;0.2;1403.0;0;11
44;43;8.5;399.6;1002.0;2844.6;0.1;1403.0;0;11
44;44;6.5;461.4;1318.0;2568.7;0.2;1403.0;0;11
44;45;9.6;340.2;895.0;2722.0;0.1;1403.0;0;11
44;46;7.9;393.2;1010.0;2611.3;0.2;1403.0;0;11
44;47;6.5;457.3;1163.0;2542.1;0.2;1403.0;0;11
44;48;7.8;371.3;964.0;2432.6;0.2;1403.0;0;11
44;49;8.8;331.3;949.0;2449.3;0.1;1403.0;0;11
44;50;10.1;293.2;687.0;2456.3;0.1;1403.0;0;11
44;51;6.6;448.2;1120.0;2524.7;0.2;1403.0;0;11
44;52;8.9;336.7;793.0;2510.3;0.1;1403.0;0;11
44;53;11.1;292.1;709.0;2679.6;0.1;1403.0;0;11
44;54;7.0;405.7;926.0;2423.7;0.2;1403.0;0;11
44;55;7.8;379.3;1057.0;2487.4;0.2;1403.0;0;11
44;56;6.6;448.0;1041.0;2519.1;0.2;1403.0;0;11
44;57;6.8;410.5;891.0;2380.6;0.2;1403.0;0;11
44;58;7.7;380.0;900.0;2459.3;0.2;1403.0;0;11
44;59;7.1;393.7;1077.0;2364.3;0.2;1403.0;0;11
44;60;6.5;406.7;1030.0;2257.0;0.2;1403.0;0;11
44;61;8.7;314.9;838.0;2297.9;0.1;1403.0;0;11
44;62;10.0;276.7;684.0;2301.6;0.1;1403.0;0;11
44;63;7.7;339.8;885.0;2203.6;0.2;1403.0;0;11
44;64;6.6;387.8;1125.0;2175.1;0.2;1403.0;0;11
44;65;6.6;386.5;1081.0;2165.3;0.2;1403.0;0;11
44;66;7.5;339.6;886.0;2144.4;0.2;1403.0;0;11
44;67;6.0;394.4;991.0;2045.1;0.2;1403.0;0;11
44;68;7.0;344.8;937.0;2048.6;0.2;1403.0;0;11
44;69;6.8;335.7;915.0;1950.6;0.2;1403.0;0;11
44;70;7.1;347.9;1061.0;2101.4;0.2;1403.0;0;11
44;71;6.6;348.0;918.0;1953.9;0.2;1403.0;0;11
44;72;6.8;338.1;883.0;1967.3;0.2;1403.0;0;11
44;73;10.1;223.4;541.0;1882.7;0.1;1403.0;0;11
44;74;10.8;201.9;539.0;1802.7;0.1;1403.0;0;11
44;75;11.8;185.1;483.0;1801.7;0.1;1403.0;0;11
44;76;8.7;256.2;667.0;1877.3;0.1;1403.0;0;11
44;77;14.4;156.1;413.0;1831.6;0.1;1403.0;0;11
44;78;14.1;158.2;403.0;1822.4;0.1;1403.0;0;11
44;79;8.4;462.4;1153.0;3266.3;0.1;1403.0;0;11
44;80;10.3;390.6;1019.0;3338.7;0.1;1403.0;0;11
44;81;6.9;530.9;1382.0;3119.4;0.2;1403.0;0;11
44;82;7.2;515.1;1284.0;3133.3;0.2;1403.0;0;11
44;83;7.6;482.9;1221.0;3111.4;0.2;1403.0;0;11
44;84;7.9;478.3;1277.0;3170.1;0.2;1403.0;0;11
44;85;8.9;431.8;1118.0;3208.9;0.1;1403.0;0;11
44;86;7.8;432.9;1335.0;2846.6;0.2;1403.0;0;11
44;87;10.3;351.2;1162.0;3006.0;0.1;1403.0;0;11
44;88;7.4;446.6;1432.0;2809.4;0.2;1403.0;0;11
44;89;10.2;343.8;1116.0;2911.3;0.1;1403.0;0;11
44;90;9.0;388.5;1234.0;2911.0;0.1;1403.0;0;11
44;91;7.1;458.6;1401.0;2766.7;0.2;1403.0;0;11
44;92;9.5;358.2;1184.0;2827.1;0.1;1403.0;0;11
44;93;7.8;410.9;1397.0;2720.1;0.2;1403.0;0;11
44;94;8.3;378.2;1243.0;2633.4;0.1;1403.0;0;11
44;95;9.1;350.9;1141.0;2679.0;0.1;1403.0;0;11
44;96;7.7;407.5;1269.0;2654.1;0.2;1403.0;0;11
44;97;8.2;381.0;1213.0;2624.4;0.1;1403.0;0;11
44;98;10.6;290.4;969.0;2560.1;0.1;1403.0;0;11
44;99;8.7;338.7;1205.0;2464.9;0.1;1403.0;0;11
45;0;12.4;415.3;980.0;4225.6;0.1;3260.0;1;1
45;1;10.4;472.0;1299.0;4076.7;0.1;2896.0;1;2
45;2;11.3;453.7;1136.0;4233.7;0.1;2674.0;1;3
45;3;10.8;457.2;1139.0;4098.0;0.1;2312.0;1;4
45;4;10.2;490.6;1363.0;4156.6;0.1;2138.0;1;5
45;5;11.7;424.1;1030.0;4100.4;0.1;1954.0;1;6
45;6;9.3;522.4;1483.0;4051.0;0.1;1800.0;1;7
45;7;9.0;547.3;1537.0;4138.9;0.1;1643.0;1;8
45;8;14.0;363.3;923.0;4155.3;0.1;1515.0;1;9
45;9;11.5;431.5;1159.0;4078.3;0.1;1429.0;1;10
45;10;12.6;392.2;984.0;4067.3;0.1;1425.0;1;11
45;11;9.8;480.5;1192.0;3907.7;0.1;1425.0;0;11
45;12;8.2;571.4;1377.0;3958.7;0.1;1425.0;0;11
45;13;10.1;470.9;1162.0;3952.7;0.1;1425.0;0;11
45;14;12.5;365.0;872.0;3754.3;0.1;1425.0;0;11
45;15;9.8;465.6;1338.0;3800.7;0.1;1425.0;0;11
45;16;8.9;506.8;1107.0;3765.9;0.1;1425.0;0;11
45;17;7.4;580.5;1289.0;3654.1;0.2;1425.0;0;11
45;18;10.4;434.7;1060.0;3746.6;0.1;1425.0;0;11
45;19;7.2;571.3;1427.0;3475.4;0.2;1425.0;0;11
45;20;10.5;431.2;992.0;3767.7;0.1;1425.0;0;11
45;21;8.2;522.5;1234.0;3583.3;0.1;1425.0;0;11
45;22;8.7;474.6;1121.0;3447.6;0.1;1425.0;0;11
45;23;9.5;438.9;1141.0;3489.3;0.1;1425.0;0;11
45;24;4.9;758.0;1771.0;3263.1;0.2;1425.0;0;11
45;25;7.3;516.6;1187.0;3208.1;0.2;1425.0;0;11
45;26;7.0;544.3;1220.0;3227.1;0.2;1425.0;0;11
45;27;7.1;545.3;1415.0;3296.9;0.2;1425.0;0;11
45;28;6.7;560.5;1309.0;3223.7;0.2;1425.0;0;11
45;29;8.1;471.5;1177.0;3209.3;0.1;1425.0;0;11
45;30;7.4;513.9;1358.0;3226.9;0.2;1425.0;0;11
45;31;8.5;451.1;1048.0;3234.0;0.1;1425.0;0;11
45;32;8.2;455.1;1202.0;3132.9;0.1;1425.0;0;11
45;33;11.7;338.2;904.0;3253.1;0.1;1425.0;0;11
45;34;10.9;358.0;883.0;3234.0;0.1;1425.0;0;11
45;35;7.5;499.6;1266.0;3153.9;0.2;1425.0;0;11
45;36;8.5;427.6;1153.0;3033.6;0.1;1425.0;0;11
45;37;8.8;411.3;1064.0;3024.6;0.1;1425.0;0;11
45;38;9.5;392.5;857.0;3103.9;0.1;1425.0;0;11
45;39;7.0;478.5;1086.0;2856.1;0.2;1425.0;0;11
45;40;9.2;366.7;893.0;2820.3;0.1;1425.0;0;11
45;41;9.2;359.8;880.0;2773.1;0.1;1425.0;0;11
45;42;8.3;393.4;946.0;2733.6;0.1;1425.0;0;11
45;43;9.7;336.7;855.0;2726.4;0.1;1425.0;0;11
45;44;9.3;360.4;896.0;2799.6;0.1;1425.0;0;11
45;45;9.2;355.5;894.0;2738.3;0.1;1425.0;0;11
45;46;9.6;327.1;728.0;2611.9;0.1;1425.0;0;11
45;47;10.0;309.9;811.0;2577.6;0.1;1425.0;0;11
45;48;14.3;223.3;532.0;2613.1;0.1;1425.0;0;11
45;49;10.0;318.9;882.0;2661.1;0.1;1425.0;0;11
45;50;8.2;377.7;871.0;2600.7;0.1;1425.0;0;11
45;51;8.7;365.5;869.0;2667.3;0.1;1425.0;0;11
45;52;12.7;257.1;618.0;2682.1;0.1;1425.0;0;11
45;53;11.5;282.0;757.0;2681.4;0.1;1425.0;0;11
45;54;9.8;311.6;762.0;2531.1;0.1;1425.0;0;11
45;55;9.5;327.5;968.0;2600.3;0.1;1425.0;0;11
45;56;9.1;339.7;901.0;2576.7;0.1;1425.0;0;11
45;57;9.8;328.6;740.0;2678.1;0.1;1425.0;0;11
45;58;9.3;325.5;841.0;2515.4;0.1;1425.0;0;11
45;59;6.3;445.8;1221.0;2393.3;0.2;1425.0;0;11
45;60;10.3;284.0;781.0;2432.7;0.1;1425.0;0;11
45;61;8.5;324.9;949.0;2308.3;0.1;1425.0;0;11
45;62;9.4;307.7;762.0;2415.0;0.1;1425.0;0;11
45;63;7.7;391.2;1057.0;2556.0;0.2;1425.0;0;11
45;64;8.1;353.0;925.0;2414.6;0.1;1425.0;0;11
45;65;9.2;310.0;772.0;2373.7;0.1;1425.0;0;11
45;66;9.9;294.8;821.0;2419.7;0.1;1425.0;0;11
45;67;10.3;284.8;773.0;2423.9;0.1;1425.0;0;11
45;68;7.7;360.5;1025.0;2333.1;0.2;1425.0;0;11
45;69;6.7;377.0;947.0;2149.0;0.2;1425.0;0;11
45;70;8.5;325.5;852.0;2313.9;0.1;1425.0;0;11
45;71;8.3;336.7;920.0;2357.7;0.1;1425.0;0;11
45;72;8.2;341.7;931.0;2345.7;0.1;1425.0;0;11
45;73;13.4;219.8;581.0;2410.4;0.1;1425.0;0;11
45;74;8.4;337.7;1045.0;2387.6;0.1;1425.0;0;11
45;75;11.3;238.1;744.0;2224.7;0.1;1425.0;0;11
45;76;19.6;130.4;361.0;2067.7;0.1;1425.0;0;11
45;77;11.2;208.7;477.0;1931.6;0.1;1425.0;0;11
45;78;7.2;572.6;1423.0;3509.7;0.2;1425.0;0;11
45;79;10.2;414.7;1023.0;3523.9;0.1;1425.0;0;11
45;80;11.0;378.6;966.0;3438.9;0.1;1425.0;0;11
45;81;7.3;532.7;1415.0;3300.9;0.2;1425.0;0;11
45;82;10.6;395.8;991.0;3490.4;0.1;1425.0;0;11
45;83;8.0;491.7;1382.0;3299.3;0.1;1425.0;0;11
45;84;8.9;439.4;1127.0;3282.4;0.1;1425.0;0;11
45;85;9.0;434.5;1214.0;3272.9;0.1;1425.0;0;11
45;86;9.7;370.0;1179.0;2982.6;0.1;1425.0;0;11
45;87;10.9;336.9;1053.0;3032.4;0.1;1425.0;0;11
45;88;9.1;397.8;1238.0;3012.0;0.1;1425.0;0;11
45;89;8.4;449.5;1356.0;3163.7;0.1;1425.0;0;11
45;90;10.3;359.6;1115.0;3083.0;0.1;1425.0;0;11
45;91;7.9;436.3;1538.0;2913.1;0.1;1425.0;0;11
45;92;7.6;440.7;1400.0;2848.0;0.2;1425.0;0;11
45;93;10.2;349.4;1182.0;2953.7;0.1;1425.0;0;11
45;94;8.6;399.7;1342.0;2888.4;0.1;1425.0;0;11
45;95;8.8;375.8;1149.0;2774.1;0.1;1425.0;0;11
45;96;7.6;416.3;1421.0;2660.3;0.2;1425.0;0;11
45;97;7.3;416.0;1353.0;2588.7;0.2;1425.0;0;11
45;98;10.8;301.1;1017.0;2693.9;0.1;1425.0;0;11
45;99;7.4;392.8;1423.0;2457.7;0.2;1425.0;0;11
46;0;10.2;489.2;1280.0;4158.7;0.1;2932.0;1;1
46;1;8.6;581.0;1430.0;4180.3;0.1;2712.0;1;2
46;2;12.1;415.9;1044.0;4136.7;0.1;2422.0;1;3
46;3;10.0;500.6;1438.0;4152.6;0.1;2242.0;1;4
46;4;12.1;415.9;1137.0;4137.1;0.1;2062.0;1;5
46;5;10.4;480.1;1195.0;4148.6;0.1;1883.0;1;6
46;6;11.2;452.4;1160.0;4199.7;0.1;1693.0;1;7
46;7;12.2;420.6;1208.0;4236.3;0.1;1534.0;1;8
46;8;10.4;470.8;1354.0;4050.7;0.1;1446.0;1;9
46;9;11.4;423.0;1133.0;3981.9;0.1;1442.0;1;10
46;10;10.8;449.3;1070.0;4029.6;0.1;1442.0;0;10
46;11;8.1;567.7;1535.0;3874.6;0.1;1442.0;0;10
46;12;16.2;293.7;706.0;3873.3;0.1;1442.0;0;10
46;13;8.6;538.0;1258.0;3864.4;0.1;1442.0;0;10
46;14;6.4;675.3;1573.0;3705.1;0.2;1442.0;0;10
46;15;7.5;578.3;1300.0;3673.9;0.2;1442.0;0;10
46;16;8.9;499.1;1138.0;3700.9;0.1;1442.0;0;10
46;17;10.4;438.3;1029.0;3766.6;0.1;1442.0;0;10
46;18;11.5;410.4;890.0;3893.7;0.1;1442.0;0;10
46;19;9.5;449.1;1117.0;3544.0;0.1;1442.0;0;10
46;20;5.9;694.0;1663.0;3514.7;0.2;1442.0;0;10
46;21;7.5;540.6;1298.0;3426.6;0.2;1407.0;1;11
46;22;10.2;419.8;996.0;3543.6;0.1;1393.0;1;12
46;23;8.3;478.7;1355.0;3348.6;0.1;1393.0;0;12
46;24;7.5;517.1;1309.0;3286.6;0.2;1393.0;0;12
46;25;7.1;533.8;1332.0;3237.0;0.2;1393.0;0;12
46;26;8.0;516.6;1255.0;3497.1;0.1;1393.0;0;12
46;27;9.3;428.3;1031.0;3326.1;0.1;1393.0;0;12
46;28;9.5;415.4;1077.0;3303.3;0.1;1393.0;0;12
46;29;8.3;469.7;1324.0;3261.3;0.1;1393.0;0;12
46;30;7.0;523.4;1406.0;3095.3;0.2;1393.0;0;12
46;31;6.2;593.9;1570.0;3138.6;0.2;1393.0;0;12
46;32;9.1;429.1;1150.0;3279.7;0.1;1393.0;0;12
46;33;7.9;477.2;1100.0;3169.6;0.2;1393.0;0;12
46;34;9.3;414.8;1013.0;3203.7;0.1;1393.0;0;12
46;35;5.7;607.5;1534.0;3010.1;0.2;1393.0;0;12
46;36;9.9;406.3;1031.0;3349.7;0.1;1393.0;0;12
46;37;8.3;441.9;1150.0;3080.9;0.1;1393.0;0;12
46;38;7.8;447.8;1090.0;2965.0;0.2;1393.0;0;12
46;39;5.7;597.7;1504.0;2950.0;0.2;1393.0;0;12
46;40;7.2;502.1;1272.0;3074.6;0.2;1393.0;0;12
46;41;6.6;497.1;1198.0;2795.9;0.2;1393.0;0;12
46;42;6.1;482.0;1186.0;2531.7;0.2;1393.0;0;12
46;43;8.2;387.4;958.0;2658.6;0.1;1393.0;0;12
46;44;6.1;532.7;1455.0;2795.7;0.2;1393.0;0;12
46;45;6.5;501.5;1202.0;2801.1;0.2;1393.0;0;12
46;46;5.5;539.5;1258.0;2590.9;0.2;1393.0;0;12
46;47;7.1;419.1;1033.0;2520.9;0.2;1393.0;0;12
46;48;7.3;386.3;900.0;2392.4;0.2;1393.0;0;12
46;49;8.5;344.9;802.0;2462.3;0.1;1393.0;0;12
46;50;5.9;487.3;1171.0;2472.4;0.2;1393.0;0;12
46;51;7.9;374.0;877.0;2489.6;0.2;1393.0;0;12
46;52;7.8;359.7;856.0;2378.4;0.2;1393.0;0;12
46;53;6.5;418.3;1055.0;2316.7;0.2;1393.0;0;12
46;54;5.1;543.1;1202.0;2425.1;0.2;1393.0;0;12
46;55;7.3;405.8;979.0;2495.7;0.2;1393.0;0;12
46;56;6.7;416.9;916.0;2369.3;0.2;1393.0;0;12
46;57;8.2;320.7;826.0;2214.3;0.1;1393.0;0;12
46;58;7.5;358.2;985.0;2275.6;0.2;1393.0;0;12
46;59;8.4;317.0;892.0;2238.6;0.1;1393.0;0;12
46;60;7.2;364.7;1002.0;2214.9;0.2;1393.0;0;12
46;61;6.2;419.6;1092.0;2245.6;0.2;1393.0;0;12
46;62;6.7;401.4;1141.0;2280.9;0.2;1393.0;0;12
46;63;5.8;497.2;1193.0;2474.9;0.2;1393.0;0;12
46;64;6.5;434.6;1143.0;2414.4;0.2;1393.0;0;12
46;65;5.4;494.4;1347.0;2326.7;0.2;1393.0;0;12
46;66;7.0;395.1;998.0;2340.4;0.2;1393.0;0;12
46;67;6.7;387.0;1072.0;2223.3;0.2;1393.0;0;12
46;68;6.5;424.3;1123.0;2357.4;0.2;1393.0;0;12
46;69;7.0;392.7;926.0;2348.0;0.2;1393.0;0;12
46;70;10.8;261.8;741.0;2339.7;0.1;1393.0;0;12
46;71;7.3;382.5;1034.0;2379.3;0.2;1393.0;0;12
46;72;6.2;411.9;1117.0;2201.6;0.2;1393.0;0;12
46;73;6.4;409.3;1023.0;2233.0;0.2;1393.0;0;12
46;74;5.9;449.5;1182.0;2295.1;0.2;1393.0;0;12
46;75;6.4;426.7;1225.0;2320.7;0.2;1393.0;0;12
46;76;7.3;373.7;897.0;2302.9;0.2;1393.0;0;12
46;77;7.2;361.4;972.0;2199.6;0.2;1393.0;0;12
46;78;7.2;537.7;1377.0;3305.4;0.2;1393.0;0;12
46;79;9.9;421.6;1197.0;3457.4;0.1;1393.0;0;12
46;80;8.0;517.4;1439.0;3488.7;0.1;1393.0;0;12
46;81;9.9;414.2;1064.0;3396.3;0.1;1393.0;0;12
46;82;8.0;505.6;1367.0;3410.3;0.1;1393.0;0;12
46;83;7.7;492.4;1355.0;3185.4;0.2;1393.0;0;12
46;84;8.4;438.0;1238.0;3103.7;0.1;1393.0;0;12
46;85;9.0;426.3;1145.0;3194.0;0.1;1393.0;0;12
46;86;10.8;349.6;1156.0;3114.9;0.1;1393.0;0;12
46;87;8.9;413.5;1289.0;3081.7;0.1;1393.0;0;12
46;88;10.5;352.7;1123.0;3077.1;0.1;1393.0;0;12
46;89;8.8;397.1;1267.0;2929.6;0.1;1393.0;0;12
46;90;11.7;312.2;1034.0;3004.3;0.1;1393.0;0;12
46;91;13.3;256.5;791.0;2803.6;0.1;1393.0;0;12
46;92;8.0;390.2;1271.0;2635.3;0.1;1393.0;0;12
46;93;6.9;439.7;1488.0;2594.7;0.2;1393.0;0;12
46;94;8.8;373.5;1198.0;2766.4;0.1;1393.0;0;12
46;95;7.5;422.9;1456.0;2699.7;0.2;1393.0;0;12
46;96;8.3;376.4;1160.0;2625.3;0.1;1393.0;0;12
46;97;7.9;382.6;1197.0;2558.6;0.1;1393.0;0;12
46;98;7.5;410.8;1247.0;2614.4;0.2;1393.0;0;12
46;99;9.1;325.2;1032.0;2481.0;0.1;1393.0;0;12
47;0;11.0;462.7;1240.0;4201.3;0.1;2869.0;1;1
47;1;9.1;537.5;1334.0;4074.6;0.1;2591.0;1;2
47;2;12.6;399.0;1116.0;4122.7;0.1;2358.0;1;3
47;3;11.4;438.9;1040.0;4128.6;0.1;1973.0;1;4
47;4;12.0;417.1;995.0;4130.3;0.1;1782.0;1;5
47;5;12.2;407.6;1034.0;4106.7;0.1;1592.0;1;6
47;6;11.2;448.3;1172.0;4141.0;0.1;1459.0;1;7
47;7;10.5;465.7;1160.0;4059.9;0.1;1417.0;1;8
47;8;12.2;412.5;961.0;4154.0;0.1;1414.0;1;9
47;9;12.8;388.1;1023.0;4090.9;0.1;1414.0;0;9
47;10;9.3;513.6;1464.0;3991.4;0.1;1414.0;0;9
47;11;8.8;537.9;1251.0;3954.6;0.1;1414.0;0;9
47;12;10.1;465.2;1227.0;3912.4;0.1;1414.0;0;9
47;13;9.8;500.9;1369.0;4083.4;0.1;1414.0;0;9
47;14;8.4;550.9;1276.0;3884.6;0.1;1414.0;0;9
47;15;8.8;522.8;1124.0;3837.3;0.1;1414.0;0;9
47;16;11.5;408.6;1115.0;3872.0;0.1;1414.0;0;9
47;17;6.5;656.6;1565.0;3672.9;0.2;1414.0;0;9
47;18;12.4;376.1;839.0;3830.1;0.1;1414.0;0;9
47;19;7.4;566.1;1430.0;3560.1;0.2;1414.0;0;9
47;20;10.4;418.7;995.0;3617.3;0.1;1414.0;0;9
47;21;9.4;483.1;1053.0;3769.1;0.1;1414.0;0;9
47;22;7.9;539.8;1360.0;3607.9;0.1;1414.0;0;9
47;23;9.2;478.9;1086.0;3682.4;0.1;1414.0;0;9
47;24;7.2;553.5;1320.0;3389.3;0.2;1407.0;1;10
47;25;8.0;508.6;1215.0;3441.7;0.1;1399.0;1;11
47;26;8.6;475.5;1092.0;3428.0;0.1;1399.0;0;11
47;27;9.5;433.1;1046.0;3444.9;0.1;1399.0;0;11
47;28;8.5;486.7;1286.0;3457.7;0.1;1399.0;0;11
47;29;10.5;395.3;1083.0;3450.1;0.1;1399.0;0;11
47;30;8.3;474.0;1078.0;3298.3;0.1;1399.0;0;11
47;31;8.9;428.7;1076.0;3196.0;0.1;1399.0;0;11
47;32;7.0;530.2;1408.0;3159.0;0.2;1399.0;0;11
47;33;6.4;583.2;1322.0;3209.1;0.2;1399.0;0;11
47;34;8.7;450.6;1161.0;3272.7;0.1;1399.0;0;11
47;35;8.7;454.7;1108.0;3300.4;0.1;1399.0;0;11
47;36;9.8;395.7;990.0;3239.3;0.1;1399.0;0;11
47;37;8.9;411.6;998.0;3078.1;0.1;1399.0;0;11
47;38;7.7;482.9;1272.0;3127.0;0.2;1399.0;0;11
47;39;6.8;508.8;1297.0;2950.1;0.2;1399.0;0;11
47;40;14.4;260.5;573.0;3065.7;0.1;1399.0;0;11
47;41;6.7;518.8;1188.0;2970.6;0.2;1399.0;0;11
47;42;8.2;454.8;1147.0;3125.3;0.1;1399.0;0;11
47;43;7.1;487.2;1220.0;2934.9;0.2;1399.0;0;11
47;44;5.6;602.0;1440.0;2902.7;0.2;1399.0;0;11
47;45;10.9;344.6;879.0;3104.6;0.1;1399.0;0;11
47;46;11.1;323.6;741.0;2958.7;0.1;1399.0;0;11
47;47;6.9;479.7;1191.0;2827.4;0.2;1399.0;0;11
47;48;7.5;434.9;1105.0;2776.1;0.2;1399.0;0;11
47;49;9.8;367.0;869.0;2997.6;0.1;1399.0;0;11
47;50;7.1;440.3;1074.0;2660.4;0.2;1399.0;0;11
47;51;8.2;412.9;1028.0;2853.9;0.1;1399.0;0;11
47;52;6.7;476.5;1221.0;2726.7;0.2;1399.0;0;11
47;53;7.7;414.2;1048.0;2685.0;0.2;1399.0;0;11
47;54;6.6;454.4;1038.0;2554.9;0.2;1399.0;0;11
47;55;8.3;380.2;1086.0;2661.9;0.1;1399.0;0;11
47;56;6.5;459.5;1062.0;2565.7;0.2;1399.0;0;11
47;57;7.3;427.6;1070.0;2635.9;0.2;1399.0;0;11
47;58;7.2;431.8;1002.0;2651.1;0.2;1399.0;0;11
47;59;9.2;342.5;862.0;2636.1;0.1;1399.0;0;11
47;60;9.9;313.1;851.0;2580.3;0.1;1399.0;0;11
47;61;6.2;441.7;1115.0;2334.3;0.2;1399.0;0;11
47;62;8.1;375.0;1158.0;2547.3;0.1;1399.0;0;11
47;63;6.3;451.6;1184.0;2449.0;0.2;1399.0;0;11
47;64;5.6;501.1;1278.0;2421.0;0.2;1399.0;0;11
47;65;6.5;441.3;1253.0;2464.4;0.2;1399.0;0;11
47;66;7.5;393.2;972.0;2486.7;0.2;1399.0;0;11
47;67;6.7;419.6;1038.0;2404.9;0.2;1399.0;0;11
47;68;6.8;412.1;1044.0;2388.0;0.2;1399.0;0;11
47;69;6.3;440.9;1273.0;2370.9;0.2;1399.0;0;11
47;70;6.0;476.4;1150.0;2460.7;0.2;1399.0;0;11
47;71;7.5;388.7;1037.0;2456.0;0.2;1399.0;0;11
47;72;8.5;334.7;821.0;2395.0;0.1;1399.0;0;11
47;73;6.5;416.5;1100.0;2299.0;0.2;1399.0;0;11
47;74;7.7;360.3;1032.0;2342.1;0.2;1399.0;0;11
47;75;6.1;434.2;1089.0;2277.6;0.2;1399.0;0;11
47;76;5.9;455.2;1110.0;2295.4;0.2;1399.0;0;11
47;77;5.9;430.5;1153.0;2195.3;0.2;1399.0;0;11
47;78;7.1;382.4;1044.0;2292.7;0.2;1399.0;0;11
47;79;7.3;370.6;972.0;2290.0;0.2;1399.0;0;11
47;80;6.1;430.8;1087.0;2259.1;0.2;1399.0;0;11
47;81;8.2;496.4;1265.0;3427.9;0.1;1399.0;0;11
47;82;8.5;478.1;1358.0;3406.4;0.1;1399.0;0;11
47;83;9.7;410.7;1077.0;3303.1;0.1;1399.0;0;11
47;84;11.2;379.7;1026.0;3504.0;0.1;1399.0;0;11
47;85;7.1;534.5;1321.0;3226.1;0.2;1399.0;0;11
47;86;7.4;523.0;1433.0;3262.3;0.2;1399.0;0;11
47;87;7.7;529.9;1306.0;3448.6;0.2;1399.0;0;11
47;88;11.6;349.0;1131.0;3339.0;0.1;1399.0;0;11
47;89;7.4;488.2;1659.0;3053.6;0.2;1399.0;0;11
47;90;9.8;381.9;1101.0;3128.1;0.1;1399.0;0;11
47;91;8.1;414.2;1361.0;2819.7;0.1;1399.0;0;11
47;92;7.8;430.6;1516.0;2845.9;0.2;1399.0;0;11
47;93;7.9;433.0;1503.0;2891.4;0.1;1399.0;0;11
47;94;10.2;339.8;1055.0;2878.7;0.1;1399.0;0;11
47;95;7.9;412.6;1388.0;2742.7;0.2;1399.0;0;11
47;96;7.9;437.5;1389.0;2923.7;0.1;1399.0;0;11
47;97;9.7;375.5;1158.0;3029.6;0.1;1399.0;0;11
47;98;8.9;387.0;1281.0;2870.0;0.1;1399.0;0;11
47;99;9.3;387.2;1220.0;3015.7;0.1;1399.0;0;11
48;0;22.0;242.3;647.0;4286.1;0.1;3464.0;1;1
48;1;13.0;385.4;961.0;4121.1;0.1;2923.0;1;2
48;2;10.3;480.8;1384.0;4106.9;0.1;2627.0;1;3
48;3;11.5;431.8;1168.0;4091.1;0.1;2315.0;1;4
48;4;11.4;444.1;1174.0;4162.0;0.1;2106.0;1;5
48;5;12.2;397.6;1032.0;3991.9;0.1;1936.0;1;6
48;6;11.1;457.9;1098.0;4205.4;0.1;1791.0;1;7
48;7;16.2;313.2;862.0;4123.1;0.1;1648.0;1;8
48;8;10.6;464.6;1229.0;4078.9;0.1;1510.0;1;9
48;9;9.5;506.6;1246.0;3999.4;0.1;1437.0;1;10
48;10;9.8;479.9;1163.0;3920.7;0.1;1432.0;1;11
48;11;13.1;375.3;990.0;4023.4;0.1;1432.0;0;11
48;12;8.4;550.8;1523.0;3880.3;0.1;1432.0;0;11
48;13;11.5;426.1;1078.0;4040.7;0.1;1432.0;0;11
48;14;7.8;565.6;1374.0;3732.9;0.2;1432.0;0;11
48;15;10.1;451.0;1113.0;3800.3;0.1;1432.0;0;11
48;16;8.6;512.7;1239.0;3700.0;0.1;1432.0;0;11
48;17;8.8;506.6;1218.0;3752.4;0.1;1432.0;0;11
48;18;9.0;481.4;1189.0;3635.1;0.1;1432.0;0;11
48;19;8.8;490.8;1137.0;3607.9;0.1;1432.0;0;11
48;20;9.5;443.6;1044.0;3515.9;0.1;1432.0;0;11
48;21;7.3;570.1;1342.0;3509.6;0.2;1425.0;1;12
48;22;9.0;491.6;1166.0;3684.0;0.1;1403.0;1;13
48;23;8.3;494.4;1234.0;3460.0;0.1;1403.0;0;13
48;24;8.6;479.9;1157.0;3478.0;0.1;1403.0;0;13
48;25;6.9;581.6;1413.0;3405.4;0.2;1403.0;0;13
48;26;9.4;440.9;1059.0;3448.1;0.1;1403.0;0;13
48;27;8.7;465.1;1206.0;3397.9;0.1;1403.0;0;13
48;28;7.4;518.9;1353.0;3250.4;0.2;1403.0;0;13
48;29;8.8;468.9;1144.0;3438.3;0.1;1403.0;0;13
48;30;7.1;539.3;1496.0;3269.3;0.2;1403.0;0;13
48;31;6.6;558.9;1425.0;3169.3;0.2;1403.0;0;13
48;32;9.0;419.4;1121.0;3141.3;0.1;1403.0;0;13
48;33;8.0;473.9;1131.0;3185.7;0.1;1403.0;0;13
48;34;8.8;437.0;1080.0;3205.4;0.1;1400.0;1;14
48;35;8.4;433.6;1021.0;3047.3;0.1;1400.0;0;14
48;36;7.2;440.8;1244.0;2705.7;0.2;1400.0;0;14
48;37;8.2;409.2;919.0;2814.0;0.1;1400.0;0;14
48;38;8.5;389.6;1109.0;2772.0;0.1;1400.0;0;14
48;39;7.4;396.7;1053.0;2488.7;0.2;1400.0;0;14
48;40;6.7;406.6;1011.0;2326.0;0.2;1400.0;0;14
48;41;6.7;454.8;1111.0;2610.9;0.2;1400.0;0;14
48;42;8.9;347.9;913.0;2588.6;0.1;1400.0;0;14
48;43;6.5;401.1;951.0;2236.4;0.2;1400.0;0;14
48;44;8.8;295.0;689.0;2167.3;0.1;1400.0;0;14
48;45;9.2;301.0;800.0;2306.0;0.1;1400.0;0;14
48;46;7.3;386.5;921.0;2402.7;0.2;1400.0;0;14
48;47;8.4;331.6;741.0;2334.3;0.1;1400.0;0;14
48;48;7.0;396.3;1000.0;2348.4;0.2;1400.0;0;14
48;49;7.1;394.8;1008.0;2369.1;0.2;1400.0;0;14
48;50;8.1;351.9;1018.0;2388.9;0.1;1400.0;0;14
48;51;8.3;340.4;908.0;2375.4;0.1;1400.0;0;14
48;52;6.1;439.8;1141.0;2306.3;0.2;1400.0;0;14
48;53;7.7;361.2;798.0;2347.9;0.2;1400.0;0;14
48;54;8.3;358.6;853.0;2498.9;0.1;1400.0;0;14
48;55;8.0;376.1;906.0;2537.4;0.1;1400.0;0;14
48;56;6.5;429.2;1016.0;2393.6;0.2;1400.0;0;14
48;57;6.7;413.1;1008.0;2362.7;0.2;1400.0;0;14
48;58;7.6;366.6;1023.0;2362.1;0.2;1400.0;0;14
48;59;8.2;339.0;870.0;2332.3;0.1;1400.0;0;14
48;60;11.2;242.9;637.0;2254.0;0.1;1400.0;0;14
48;61;7.8;337.1;841.0;2211.3;0.2;1400.0;0;14
48;62;7.4;361.4;1013.0;2274.0;0.2;1400.0;0;14
48;63;7.4;349.7;906.0;2183.6;0.2;1400.0;0;14
48;64;6.7;379.5;916.0;2158.6;0.2;1400.0;0;14
48;65;6.6;402.3;952.0;2274.3;0.2;1400.0;0;14
48;66;9.2;303.1;854.0;2320.7;0.1;1400.0;0;14
48;67;11.0;257.7;707.0;2352.1;0.1;1400.0;0;14
48;68;6.8;382.0;963.0;2215.7;0.2;1400.0;0;14
48;69;8.5;300.4;761.0;2145.6;0.1;1400.0;0;14
48;70;8.7;286.0;748.0;2090.3;0.1;1400.0;0;14
48;71;7.1;366.0;875.0;2209.1;0.2;1400.0;0;14
48;72;6.8;381.4;991.0;2210.6;0.2;1400.0;0;14
48;73;6.9;378.9;1023.0;2212.1;0.2;1400.0;0;14
48;74;6.6;384.2;1081.0;2170.9;0.2;1400.0;0;14
48;75;8.1;319.0;765.0;2183.1;0.1;1400.0;0;14
48;76;6.7;376.0;969.0;2137.9;0.2;1400.0;0;14
48;77;7.6;333.1;801.0;2127.9;0.2;1400.0;0;14
48;78;7.6;333.3;868.0;2128.9;0.2;1400.0;0;14
48;79;9.1;295.4;749.0;2242.4;0.1;1400.0;0;14
48;80;8.0;503.3;1213.0;3384.4;0.1;1400.0;0;14
48;81;8.2;484.4;1371.0;3334.7;0.1;1400.0;0;14
48;82;7.8;519.3;1464.0;3421.6;0.2;1400.0;0;14
48;83;8.3;497.1;1327.0;3448.4;0.1;1400.0;0;14
48;84;7.3;533.3;1331.0;3307.0;0.2;1400.0;0;14
48;85;8.6;485.9;1379.0;3516.6;0.1;1400.0;0;14
48;86;7.5;526.6;1369.0;3353.9;0.2;1400.0;0;14
48;87;10.0;387.3;1203.0;3228.3;0.1;1400.0;0;14
48;88;8.1;449.6;1481.0;3060.7;0.1;1400.0;0;14
48;89;7.6;500.3;1490.0;3206.0;0.2;1400.0;0;14
48;90;10.1;382.4;1377.0;3203.6;0.1;1400.0;0;14
48;91;11.9;303.8;1013.0;2966.0;0.1;1400.0;0;14
48;92;9.5;356.6;1117.0;2816.3;0.1;1400.0;0;14
48;93;8.2;437.8;1327.0;3007.4;0.1;1400.0;0;14
48;94;10.3;329.9;1056.0;2831.6;0.1;1400.0;0;14
48;95;10.0;325.4;1074.0;2692.0;0.1;1400.0;0;14
48;96;8.0;398.7;1295.0;2686.1;0.1;1400.0;0;14
48;97;9.9;324.0;1082.0;2670.4;0.1;1400.0;0;14
48;98;10.3;309.0;933.0;2630.4;0.1;1400.0;0;14
48;99;8.7;364.1;1186.0;2640.0;0.1;1400.0;0;14
49;0;11.8;436.1;1025.0;4224.4;0.1;3133.0;1;1
49;1;17.7;293.1;828.0;4195.4;0.1;2781.0;1;2
49;2;14.5;361.8;918.0;4277.4;0.1;2568.0;1;3
49;3;9.6;499.3;1367.0;4001.4;0.1;2398.0;1;4
49;4;9.7;505.4;1226.0;4064.7;0.1;2117.0;1;5
49;5;9.8;498.2;1381.0;4052.4;0.1;1941.0;1;6
49;6;13.0;381.0;957.0;4068.6;0.1;1777.0;1;7
49;7;9.8;502.1;1294.0;4093.9;0.1;1646.0;1;8
49;8;10.3;466.0;1128.0;4001.1;0.1;1516.0;1;9
49;9;12.4;397.5;1021.0;4045.1;0.1;1453.0;1;10
49;10;15.3;320.7;851.0;3999.9;0.1;1452.0;1;11
49;11;12.7;383.4;1028.0;4007.7;0.1;1452.0;0;11
49;12;11.6;402.8;987.0;3853.4;0.1;1452.0;0;11
49;13;13.2;363.9;861.0;3926.4;0.1;1452.0;0;11
49;14;7.8;561.1;1235.0;3692.1;0.2;1452.0;0;11
49;15;8.3;537.2;1321.0;3730.1;0.1;1452.0;0;11
49;16;10.0;455.0;1156.0;3768.4;0.1;1452.0;0;11
49;17;7.9;547.3;1272.0;3641.0;0.2;1452.0;0;11
49;18;10.3;416.8;930.0;3572.7;0.1;1452.0;0;11
49;19;9.6;446.6;1116.0;3557.0;0.1;1452.0;0;11
49;20;10.5;411.3;1015.0;3567.1;0.1;1452.0;0;11
49;21;10.6;409.2;940.0;3594.4;0.1;1452.0;0;11
49;22;7.0;564.8;1326.0;3351.6;0.2;1409.0;1;12
49;23;8.8;476.7;1207.0;3517.7;0.1;1401.0;1;13
49;24;6.1;623.9;1610.0;3289.9;0.2;1401.0;0;13
49;25;6.8;566.7;1386.0;3294.3;0.2;1401.0;0;13
49;26;7.3;542.2;1367.0;3353.6;0.2;1401.0;0;13
49;27;7.9;485.1;1065.0;3243.6;0.1;1401.0;0;13
49;28;8.1;436.1;1103.0;2968.3;0.1;1401.0;0;13
49;29;9.1;418.7;998.0;3182.9;0.1;1401.0;0;13
49;30;7.4;454.6;1207.0;2864.9;0.2;1401.0;0;13
49;31;6.7;493.1;1247.0;2820.4;0.2;1401.0;0;13
49;32;8.9;378.5;859.0;2832.4;0.1;1401.0;0;13
49;33;5.9;563.4;1491.0;2852.9;0.2;1401.0;0;13
49;34;7.9;453.7;1189.0;3009.3;0.2;1401.0;0;13
49;35;8.0;464.1;1168.0;3113.7;0.1;1401.0;0;13
49;36;6.4;506.2;1184.0;2771.9;0.2;1401.0;0;13
49;37;8.6;419.2;1071.0;3020.3;0.1;1401.0;0;13
49;38;7.0;495.5;1298.0;2963.9;0.2;1401.0;0;13
49;39;8.1;383.8;981.0;2606.7;0.1;1401.0;0;13
49;40;7.6;402.4;1155.0;2581.6;0.2;1401.0;0;13
49;41;5.9;531.9;1265.0;2720.6;0.2;1401.0;0;13
49;42;6.2;536.1;1266.0;2831.3;0.2;1401.0;0;13
49;43;6.1;498.6;1340.0;2624.1;0.2;1401.0;0;13
49;44;5.9;500.0;1157.0;2550.9;0.2;1401.0;0;13
49;45;5.3;539.3;1249.0;2481.9;0.2;1401.0;0;13
49;46;7.5;402.7;1094.0;2552.9;0.2;1401.0;0;13
49;47;6.6;454.1;1078.0;2549.1;0.2;1401.0;0;13
49;48;8.3;353.3;854.0;2468.3;0.1;1401.0;0;13
49;49;7.8;377.6;867.0;2482.0;0.2;1401.0;0;13
49;50;7.4;398.7;1052.0;2493.4;0.2;1401.0;0;13
49;51;7.0;426.0;1087.0;2525.3;0.2;1401.0;0;13
49;52;6.0;509.5;1186.0;2639.1;0.2;1401.0;0;13
49;53;10.0;322.8;786.0;2685.9;0.1;1401.0;0;13
49;54;7.4;409.3;1024.0;2555.9;0.2;1401.0;0;13
49;55;7.8;380.7;1043.0;2512.3;0.2;1401.0;0;13
49;56;8.2;368.4;934.0;2538.9;0.1;1401.0;0;13
49;57;7.8;390.9;1062.0;2575.3;0.2;1401.0;0;13
49;58;9.3;327.9;827.0;2551.1;0.1;1401.0;0;13
49;59;9.6;300.8;850.0;2409.3;0.1;1401.0;0;13
49;60;8.1;352.9;1030.0;2398.6;0.1;1401.0;0;13
49;61;6.8;434.3;1241.0;2519.4;0.2;1401.0;0;13
49;62;8.2;345.1;970.0;2378.4;0.1;1401.0;0;13
49;63;7.1;400.2;993.0;2410.1;0.2;1401.0;0;13
49;64;6.9;396.1;1029.0;2315.7;0.2;1401.0;0;13
49;65;9.6;318.0;795.0;2536.3;0.1;1401.0;0;13
49;66;9.8;308.8;797.0;2519.3;0.1;1401.0;0;13
49;67;7.0;398.3;1077.0;2365.7;0.2;1401.0;0;13
49;68;6.2;440.6;1184.0;2334.3;0.2;1401.0;0;13
49;69;7.7;381.9;1018.0;2487.9;0.2;1401.0;0;13
49;70;6.6;412.5;1165.0;2329.3;0.2;1401.0;0;13
49;71;8.6;330.5;868.0;2388.4;0.1;1401.0;0;13
49;72;6.4;430.0;1103.0;2340.4;0.2;1401.0;0;13
49;73;8.9;312.1;803.0;2312.9;0.1;1401.0;0;13
49;74;7.1;368.7;981.0;2233.4;0.2;1401.0;0;13
49;75;7.4;343.7;881.0;2150.0;0.2;1401.0;0;13
49;76;8.1;318.0;843.0;2167.1;0.1;1401.0;0;13
49;77;10.9;250.2;640.0;2257.4;0.1;1401.0;0;13
49;78;10.4;264.9;715.0;2288.7;0.1;1401.0;0;13
49;79;8.6;303.5;759.0;2186.7;0.1;1401.0;0;13
49;80;6.8;577.6;1580.0;3366.0;0.2;1401.0;0;13
49;81;8.4;453.3;1229.0;3213.9;0.1;1401.0;0;13
49;82;6.9;567.9;1389.0;3317.1;0.2;1401.0;0;13
49;83;10.1;395.0;1015.0;3322.4;0.1;1401.0;0;13
49;84;8.5;465.4;1454.0;3302.9;0.1;1401.0;0;13
49;85;7.6;500.0;1278.0;3196.9;0.2;1401.0;0;13
49;86;8.2;445.2;1310.0;3080.3;0.1;1401.0;0;13
49;87;8.9;408.3;1318.0;3038.0;0.1;1401.0;0;13
49;88;9.3;378.9;1164.0;2945.9;0.1;1401.0;0;13
49;89;8.5;405.7;1292.0;2907.1;0.1;1401.0;0;13
49;90;8.5;401.4;1364.0;2863.4;0.1;1401.0;0;13
49;91;9.2;365.4;1150.0;2819.4;0.1;1401.0;0;13
49;92;7.6;425.3;1277.0;2738.7;0.2;1401.0;0;13
49;93;9.5;342.8;1181.0;2720.1;0.1;1401.0;0;13
49;94;8.1;372.7;1192.0;2548.0;0.1;1401.0;0;13
49;95;10.2;304.9;958.0;2593.9;0.1;1401.0;0;13
49;96;10.0;324.4;1111.0;2705.1;0.1;1401.0;0;13
49;97;14.5;221.9;738.0;2628.9;0.1;1401.0;0;13
49;98;9.9;310.2;1090.0;2562.9;0.1;1401.0;0;13
49;99;8.9;334.1;967.0;2492.3;0.1;1401.0;0;13
50;0;12.7;400.7;1046.0;4181.4;0.1;3056.0;1;1
50;1;11.2;448.8;1049.0;4155.3;0.1;2841.0;1;2
50;2;15.2;349.5;922.0;4336.0;0.1;2435.0;1;3
50;3;9.2;532.4;1458.0;4094.7;0.1;2286.0;1;4
50;4;10.5;469.6;1151.0;4083.1;0.1;1994.0;1;5
50;5;12.8;396.4;1018.0;4160.0;0.1;1822.0;1;6
50;6;12.4;402.4;1070.0;4107.0;0.1;1692.0;1;7
50;7;12.6;388.1;925.0;4008.6;0.1;1542.0;1;8
50;8;10.7;449.1;1112.0;3995.1;0.1;1472.0;1;9
50;9;12.7;388.3;964.0;4050.9;0.1;1413.0;1;10
50;10;10.5;458.4;1213.0;3973.1;0.1;1413.0;0;10
50;11;8.7;536.3;1274.0;3930.3;0.1;1413.0;0;10
50;12;12.2;388.2;962.0;3898.0;0.1;1413.0;0;10
50;13;10.9;440.2;1110.0;3961.9;0.1;1413.0;0;10
50;14;8.8;515.3;1162.0;3790.6;0.1;1413.0;0;10
50;15;8.1;557.9;1363.0;3794.4;0.1;1413.0;0;10
50;16;11.1;409.3;1092.0;3762.6;0.1;1413.0;0;10
50;17;7.1;602.2;1713.0;3654.3;0.2;1413.0;0;10
50;18;11.2;403.1;1019.0;3716.0;0.1;1413.0;0;10
50;19;8.5;511.6;1201.0;3654.1;0.1;1413.0;0;10
50;20;9.6;458.5;989.0;3664.3;0.1;1413.0;0;10
50;21;10.2;422.5;1128.0;3571.1;0.1;1413.0;0;10
50;22;8.5;484.7;1166.0;3449.9;0.1;1413.0;0;10
50;23;11.6;362.3;935.0;3466.1;0.1;1413.0;0;10
50;24;7.5;512.2;1203.0;3265.3;0.2;1413.0;0;10
50;25;8.2;497.5;1367.0;3417.3;0.1;1413.0;0;10
50;26;7.3;523.5;1258.0;3250.7;0.2;1413.0;0;10
50;27;8.2;469.7;1024.0;3237.0;0.1;1413.0;0;10
50;28;8.2;480.4;1145.0;3306.4;0.1;1413.0;0;10
50;29;10.6;400.4;958.0;3501.1;0.1;1413.0;0;10
50;30;8.1;461.3;1050.0;3158.6;0.1;1413.0;0;10
50;31;7.7;486.9;1171.0;3177.7;0.2;1413.0;0;10
50;32;6.2;559.4;1303.0;2973.1;0.2;1400.0;1;11
50;33;9.0;411.1;1088.0;3087.3;0.1;1398.0;1;12
50;34;8.2;442.9;1127.0;3060.9;0.1;1398.0;0;12
50;35;7.5;463.8;1092.0;2926.9;0.2;1398.0;0;12
50;36;7.1;476.1;1147.0;2861.6;0.2;1398.0;0;12
50;37;8.7;380.1;1075.0;2771.4;0.1;1398.0;0;12
50;38;7.7;421.6;1087.0;2750.4;0.2;1398.0;0;12
50;39;9.3;334.8;847.0;2596.3;0.1;1398.0;0;12
50;40;5.8;499.1;1183.0;2477.7;0.2;1398.0;0;12
50;41;6.8;453.7;1088.0;2611.4;0.2;1398.0;0;12
50;42;7.0;432.6;991.0;2561.7;0.2;1398.0;0;12
50;43;7.9;385.0;918.0;2578.1;0.1;1398.0;0;12
50;44;6.7;447.3;1066.0;2550.6;0.2;1398.0;0;12
50;45;6.8;436.7;1141.0;2531.9;0.2;1398.0;0;12
50;46;7.9;394.5;1030.0;2622.0;0.2;1398.0;0;12
50;47;8.0;377.5;974.0;2541.3;0.1;1398.0;0;12
50;48;8.8;342.6;915.0;2521.3;0.1;1398.0;0;12
50;49;7.9;391.4;1035.0;2600.7;0.2;1398.0;0;12
50;50;7.0;422.2;1051.0;2518.1;0.2;1398.0;0;12
50;51;7.4;393.7;942.0;2463.4;0.2;1398.0;0;12
50;52;8.4;345.8;846.0;2451.7;0.1;1398.0;0;12
50;53;8.4;356.1;1047.0;2523.1;0.1;1398.0;0;12
50;54;8.0;372.6;914.0;2517.9;0.1;1398.0;0;12
50;55;7.4;414.1;1146.0;2592.1;0.2;1398.0;0;12
50;56;8.1;364.8;808.0;2491.3;0.1;1398.0;0;12
50;57;7.2;380.6;945.0;2315.7;0.2;1398.0;0;12
50;58;14.0;211.4;533.0;2425.6;0.1;1398.0;0;12
50;59;6.4;387.7;973.0;2112.1;0.2;1398.0;0;12
50;60;9.1;302.6;807.0;2292.0;0.1;1398.0;0;12
50;61;8.2;328.9;914.0;2281.0;0.1;1398.0;0;12
50;62;10.4;268.8;703.0;2323.7;0.1;1398.0;0;12
50;63;9.9;274.4;749.0;2256.1;0.1;1398.0;0;12
50;64;9.5;296.0;894.0;2335.7;0.1;1398.0;0;12
50;65;9.5;293.1;859.0;2316.3;0.1;1398.0;0;12
50;66;8.7;309.0;831.0;2248.9;0.1;1398.0;0;12
50;67;11.7;238.0;695.0;2300.3;0.1;1398.0;0;12
50;68;8.6;295.6;767.0;2120.3;0.1;1398.0;0;12
50;69;12.0;230.9;617.0;2275.4;0.1;1398.0;0;12
50;70;8.6;293.4;745.0;2109.9;0.1;1398.0;0;12
50;71;7.8;327.2;775.0;2161.4;0.2;1398.0;0;12
50;72;11.0;244.3;674.0;2222.9;0.1;1398.0;0;12
50;73;7.4;342.6;859.0;2143.9;0.2;1398.0;0;12
50;74;13.9;201.6;521.0;2287.4;0.1;1398.0;0;12
50;75;12.2;220.8;637.0;2208.1;0.1;1398.0;0;12
50;76;7.4;337.6;911.0;2115.9;0.2;1398.0;0;12
50;77;8.4;306.4;824.0;2154.9;0.1;1398.0;0;12
50;78;11.8;225.4;576.0;2191.4;0.1;1398.0;0;12
50;79;7.8;523.4;1449.0;3427.6;0.2;1398.0;0;12
50;80;8.2;482.8;1324.0;3342.6;0.1;1398.0;0;12
50;81;7.0;559.7;1561.0;3336.0;0.2;1398.0;0;12
50;82;8.3;481.0;1318.0;3373.6;0.1;1398.0;0;12
50;83;8.7;453.0;1165.0;3290.6;0.1;1398.0;0;12
50;84;6.3;597.8;1541.0;3235.3;0.2;1398.0;0;12
50;85;6.3;558.4;1372.0;3023.3;0.2;1398.0;0;12
50;86;9.5;406.2;1342.0;3231.0;0.1;1398.0;0;12
50;87;9.1;389.2;1246.0;2945.0;0.1;1398.0;0;12
50;88;9.0;392.5;1206.0;2950.1;0.1;1398.0;0;12
50;89;10.3;348.3;1115.0;2967.6;0.1;1398.0;0;12
50;90;10.6;343.9;1097.0;3032.1;0.1;1398.0;0;12
50;91;9.5;372.6;1325.0;2961.9;0.1;1398.0;0;12
50;92;7.0;479.6;1605.0;2870.1;0.2;1398.0;0;12
50;93;7.3;451.3;1447.0;2806.6;0.2;1398.0;0;12
50;94;8.9;374.9;1358.0;2778.7;0.1;1398.0;0;12
50;95;9.0;357.9;1175.0;2703.1;0.1;1398.0;0;12
50;96;8.7;388.5;1215.0;2825.4;0.1;1398.0;0;12
50;97;6.3;463.7;1423.0;2519.0;0.2;1398.0;0;12
50;98;9.4;342.5;1168.0;2683.1;0.1;1398.0;0;12
50;99;9.7;343.7;1072.0;2771.9;0.1;1398.0;0;12
