param;value
filename;./inputData/BrasilNE50n.car
base_seed;1
nRuns;51
iterations;100
antsN;50
stagnation;30
favorites;0
gbPeriod;0
rhoNodes;0.1
rhoCars;0.1
rhoPass;0.1
alphaNodes;1.5
alphaCars;1.5
alphaPass;1.5
betaNodes;1.2
betaCars;1.2
betaPass;1.1
maxMinCars;0
maxMinNodes;0
pBestCars;0
useTBAS;0
sampleCars;1
enforceNoRerent;1
returnFactorCars;0
epsilonEtaCars;1e-06
smGammaCars;0.7
restartTargetCars;mid
exploreCars;0
exploreItersCars;20
exploreRhoMultCars;2
policyQ0;0.1
adaptiveQ0;1
q0Start;0.2
q0End;0.9
eliteKAnts;7
lsTopW;0
lsQuality;High
useReinsertion;0
reinsertionMaxPasses;5
dpCacheCapacity;5000
dpMaxSegmentLenOffset;5
intensifierEnabled;0
intensifierMaxStagnationIterations;3
intensifierResetPheromonesCount;2
intensifierPheromoneReductionGamma;0.3
intensifierArchiveAndResetBest;1
ablationDisableAntDepositsDuringIntensification;0
ablationResetPheromonesOnIntensifierActivation;0
ablationIntensifierOnlyNoAnts;0
ablationIntensifierOnlyRandomInitialTour;0
runSeeds;run0=9176377229071207081,run1=76241568449944305,run2=11569656429252920891,run3=8006770736520076435,run4=10222608011239175760,run5=83674907983555125,run6=16633518659454552880,run7=3348662810425028053,run8=1625020296661546126,run9=8722260422266777814,run10=18422523289718600251,run11=12120595211417451604,run12=11180516292616150398,run13=13235578871255005297,run14=17784125318686945540,run15=15956506419893335137,run16=2899130862535483918,run17=11850605890185619915,run18=13353388233111958045,run19=6644193456908987648,run20=9748498986499756733,run21=9610614758425770644,run22=16467222360164019310,run23=11726302834367551336,run24=8896860786397106362,run25=6737285527070588895,run26=11634350522773239934,run27=7808547232002136844,run28=3287009989320200796,run29=8484872300069380217,run30=8138020970177873692,run31=16735953543485209995,run32=957827445528146549,run33=9178821638437730898,run34=2354512119315649564,run35=10160966691791677292,run36=27474500062045820,run37=7844575079918988844,run38=15524044195614787644,run39=4980590106503615414,run40=3943098024137922559,run41=141425323448007506,run42=16001952662412044218,run43=6069959457317431616,run44=2033442876187297925,run45=7223543130371895193,run46=4350234967155519396,run47=10524526614539617298,run48=3004527168784687515,run49=3975454624479931874,run50=1666912681748276242
stagnationEvents;run0=1,run1=2,run2=2,run3=2,run4=1,run5=2,run6=1,run7=2,run8=2,run9=1,run10=2,run11=1,run12=1,run13=2,run14=1,run15=2,run16=1,run17=2,run18=1,run19=2,run20=2,run21=2,run22=2,run23=2,run24=2,run25=1,run26=1,run27=2,run28=2,run29=2,run30=2,run31=2,run32=2,run33=1,run34=1,run35=1,run36=2,run37=2,run38=2,run39=2,run40=2,run41=1,run42=2,run43=1,run44=1,run45=2,run46=2,run47=2,run48=2,run49=2,run50=1
lkCalls;run0=1,run1=2,run2=2,run3=2,run4=1,run5=2,run6=1,run7=2,run8=2,run9=1,run10=2,run11=1,run12=1,run13=2,run14=1,run15=2,run16=1,run17=2,run18=1,run19=2,run20=2,run21=2,run22=2,run23=2,run24=2,run25=1,run26=1,run27=2,run28=2,run29=2,run30=2,run31=2,run32=2,run33=1,run34=1,run35=1,run36=2,run37=2,run38=2,run39=2,run40=2,run41=1,run42=2,run43=1,run44=1,run45=2,run46=2,run47=2,run48=2,run49=2,run50=1
lkSuccess;run0=0,run1=0,run2=0,run3=0,run4=0,run5=0,run6=0,run7=0,run8=0,run9=0,run10=0,run11=0,run12=0,run13=0,run14=0,run15=0,run16=0,run17=0,run18=0,run19=0,run20=0,run21=0,run22=0,run23=0,run24=0,run25=0,run26=0,run27=0,run28=0,run29=0,run30=0,run31=0,run32=0,run33=0,run34=0,run35=0,run36=0,run37=0,run38=0,run39=0,run40=0,run41=0,run42=0,run43=0,run44=0,run45=0,run46=0,run47=0,run48=0,run49=0,run50=0
tOptCalls;run0=0,run1=0,run2=0,run3=0,run4=0,run5=0,run6=0,run7=0,run8=0,run9=0,run10=0,run11=0,run12=0,run13=0,run14=0,run15=0,run16=0,run17=0,run18=0,run19=0,run20=0,run21=0,run22=0,run23=0,run24=0,run25=0,run26=0,run27=0,run28=0,run29=0,run30=0,run31=0,run32=0,run33=0,run34=0,run35=0,run36=0,run37=0,run38=0,run39=0,run40=0,run41=0,run42=0,run43=0,run44=0,run45=0,run46=0,run47=0,run48=0,run49=0,run50=0
tOptSuccess;run0=0,run1=0,run2=0,run3=0,run4=0,run5=0,run6=0,run7=0,run8=0,run9=0,run10=0,run11=0,run12=0,run13=0,run14=0,run15=0,run16=0,run17=0,run18=0,run19=0,run20=0,run21=0,run22=0,run23=0,run24=0,run25=0,run26=0,run27=0,run28=0,run29=0,run30=0,run31=0,run32=0,run33=0,run34=0,run35=0,run36=0,run37=0,run38=0,run39=0,run40=0,run41=0,run42=0,run43=0,run44=0,run45=0,run46=0,run47=0,run48=0,run49=0,run50=0
kickCalls;run0=1,run1=2,run2=2,run3=2,run4=1,run5=2,run6=1,run7=2,run8=2,run9=1,run10=2,run11=1,run12=1,run13=2,run14=1,run15=2,run16=1,run17=2,run18=1,run19=2,run20=2,run21=2,run22=2,run23=2,run24=2,run25=1,run26=1,run27=2,run28=2,run29=2,run30=2,run31=2,run32=2,run33=1,run34=1,run35=1,run36=2,run37=2,run38=2,run39=2,run40=2,run41=1,run42=2,run43=1,run44=1,run45=2,run46=2,run47=2,run48=2,run49=2,run50=1
kickSuccess;run0=0,run1=0,run2=0,run3=0,run4=0,run5=0,run6=0,run7=0,run8=0,run9=0,run10=0,run11=0,run12=0,run13=0,run14=0,run15=0,run16=0,run17=0,run18=0,run19=0,run20=0,run21=0,run22=0,run23=0,run24=0,run25=0,run26=0,run27=0,run28=0,run29=0,run30=0,run31=1,run32=0,run33=0,run34=0,run35=0,run36=0,run37=0,run38=0,run39=0,run40=0,run41=0,run42=0,run43=0,run44=0,run45=1,run46=0,run47=0,run48=0,run49=0,run50=0
cacheEvalHitRate;run0=49.88%,run1=55.81%,run2=50.82%,run3=51.18%,run4=50.36%,run5=49.70%,run6=54.97%,run7=50.91%,run8=47.67%,run9=49.52%,run10=55.33%,run11=46.82%,run12=54.51%,run13=50.18%,run14=47.49%,run15=52.45%,run16=54.06%,run17=52.85%,run18=47.27%,run19=44.43%,run20=54.18%,run21=42.98%,run22=52.12%,run23=54.21%,run24=53.78%,run25=48.49%,run26=50.64%,run27=55.45%,run28=52.36%,run29=64.41%,run30=51.48%,run31=48.94%,run32=64.80%,run33=50.91%,run34=55.15%,run35=50.97%,run36=55.39%,run37=46.16%,run38=52.12%,run39=58.35%,run40=46.61%,run41=49.79%,run42=48.52%,run43=43.58%,run44=54.60%,run45=51.30%,run46=52.57%,run47=48.46%,run48=52.72%,run49=52.42%,run50=50.85%
cacheReasHitRate;run0=70.43%,run1=75.04%,run2=72.09%,run3=72.35%,run4=72.53%,run5=69.40%,run6=74.84%,run7=71.81%,run8=67.69%,run9=69.92%,run10=74.42%,run11=68.87%,run12=74.05%,run13=71.35%,run14=69.75%,run15=73.43%,run16=74.48%,run17=69.60%,run18=65.43%,run19=68.86%,run20=74.24%,run21=64.50%,run22=72.62%,run23=74.17%,run24=74.55%,run25=70.14%,run26=70.60%,run27=75.16%,run28=72.71%,run29=78.33%,run30=73.00%,run31=71.02%,run32=78.15%,run33=70.69%,run34=74.18%,run35=72.15%,run36=74.69%,run37=70.83%,run38=73.43%,run39=76.58%,run40=68.97%,run41=71.87%,run42=69.87%,run43=66.70%,run44=74.82%,run45=70.93%,run46=74.42%,run47=69.52%,run48=72.93%,run49=72.28%,run50=71.76%
lkSuccessRate;run0=0.00% (cache:49.9%),run1=0.00% (cache:55.8%),run2=0.00% (cache:50.8%),run3=0.00% (cache:51.2%),run4=0.00% (cache:50.4%),run5=0.00% (cache:49.7%),run6=0.00% (cache:55.0%),run7=0.00% (cache:50.9%),run8=0.00% (cache:47.7%),run9=0.00% (cache:49.5%),run10=0.00% (cache:55.3%),run11=0.00% (cache:46.8%),run12=0.00% (cache:54.5%),run13=0.00% (cache:50.2%),run14=0.00% (cache:47.5%),run15=0.00% (cache:52.5%),run16=0.00% (cache:54.1%),run17=0.00% (cache:52.8%),run18=0.00% (cache:47.3%),run19=0.00% (cache:44.4%),run20=0.00% (cache:54.2%),run21=0.00% (cache:43.0%),run22=0.00% (cache:52.1%),run23=0.00% (cache:54.2%),run24=0.00% (cache:53.8%),run25=0.00% (cache:48.5%),run26=0.00% (cache:50.6%),run27=0.00% (cache:55.4%),run28=0.00% (cache:52.4%),run29=0.00% (cache:64.4%),run30=0.00% (cache:51.5%),run31=0.00% (cache:48.9%),run32=0.00% (cache:64.8%),run33=0.00% (cache:50.9%),run34=0.00% (cache:55.1%),run35=0.00% (cache:51.0%),run36=0.00% (cache:55.4%),run37=0.00% (cache:46.2%),run38=0.00% (cache:52.1%),run39=0.00% (cache:58.4%),run40=0.00% (cache:46.6%),run41=0.00% (cache:49.8%),run42=0.00% (cache:48.5%),run43=0.00% (cache:43.6%),run44=0.00% (cache:54.6%),run45=0.00% (cache:51.3%),run46=0.00% (cache:52.6%),run47=0.00% (cache:48.5%),run48=0.00% (cache:52.7%),run49=0.00% (cache:52.4%),run50=0.00% (cache:50.8%)
tOptSuccessRate;run0=N/A,run1=N/A,run2=N/A,run3=N/A,run4=N/A,run5=N/A,run6=N/A,run7=N/A,run8=N/A,run9=N/A,run10=N/A,run11=N/A,run12=N/A,run13=N/A,run14=N/A,run15=N/A,run16=N/A,run17=N/A,run18=N/A,run19=N/A,run20=N/A,run21=N/A,run22=N/A,run23=N/A,run24=N/A,run25=N/A,run26=N/A,run27=N/A,run28=N/A,run29=N/A,run30=N/A,run31=N/A,run32=N/A,run33=N/A,run34=N/A,run35=N/A,run36=N/A,run37=N/A,run38=N/A,run39=N/A,run40=N/A,run41=N/A,run42=N/A,run43=N/A,run44=N/A,run45=N/A,run46=N/A,run47=N/A,run48=N/A,run49=N/A,run50=N/A

run;iter;n_ants;ant_cost_min;ant_cost_q1;ant_cost_median;ant_cost_q3;ant_cost_max;ant_cost_mean;ant_cost_std
0;0;7;733.0;960.5;1168.0;1170.5;1181.0;1049.1;191.0
0;1;7;724.0;963.5;1149.0;1170.0;1203.0;1049.0;188.9
0;2;7;671.0;942.0;1181.0;1206.5;1214.0;1051.9;219.9
0;3;7;663.0;1020.0;1191.0;1194.0;1199.0;1068.7;202.1
0;4;7;659.0;879.0;1124.0;1167.0;1195.0;1010.0;223.5
0;5;7;684.0;897.0;1126.0;1171.5;1175.0;1017.4;202.7
0;6;7;685.0;917.5;1150.0;1158.5;1181.0;1024.0;212.2
0;7;7;636.0;862.5;1080.0;1115.5;1131.0;971.9;202.6
0;8;7;659.0;896.0;1100.0;1129.5;1132.0;991.7;197.5
0;9;7;690.0;923.5;1109.0;1134.0;1160.0;1010.6;187.7
0;10;7;646.0;883.5;1095.0;1123.5;1135.0;984.3;192.0
0;11;7;684.0;937.0;1098.0;1103.5;1129.0;998.9;171.6
0;12;7;643.0;887.0;1051.0;1105.5;1135.0;973.4;179.7
0;13;7;655.0;840.0;1000.0;1067.0;1079.0;935.4;171.4
0;14;7;630.0;664.5;1028.0;1046.5;1055.0;876.4;193.9
0;15;7;622.0;640.5;980.0;1029.0;1039.0;854.3;191.4
0;16;7;651.0;659.5;997.0;1007.0;1014.0;856.4;173.1
0;17;7;628.0;633.0;915.0;933.0;948.0;803.3;149.3
0;18;7;640.0;664.5;1006.0;1012.5;1016.0;859.4;176.1
0;19;7;620.0;649.5;917.0;924.0;955.0;805.6;144.8
0;20;7;618.0;630.0;907.0;914.5;919.0;790.4;142.6
0;21;7;629.0;648.5;924.0;940.0;973.0;814.7;150.4
0;22;7;620.0;632.0;849.0;853.5;868.0;758.3;113.0
0;23;7;627.0;637.5;816.0;825.5;854.0;746.1;97.8
0;24;7;614.0;636.5;810.0;812.0;832.0;736.1;93.4
0;25;7;632.0;640.5;848.0;860.0;873.0;764.9;110.5
0;26;7;618.0;633.5;735.0;765.0;780.0;704.3;67.3
0;27;7;621.0;632.5;759.0;762.5;765.0;705.0;66.3
0;28;7;635.0;639.0;717.0;744.0;754.0;696.0;51.6
0;29;7;620.0;628.5;702.0;727.0;736.0;681.3;49.2
0;30;7;619.0;623.5;693.0;694.5;695.0;663.3;35.8
0;31;7;618.0;620.0;678.0;698.0;701.0;661.9;37.5
0;32;7;616.0;625.5;657.0;688.0;697.0;656.7;32.5
0;33;7;622.0;625.0;676.0;677.0;704.0;658.0;30.8
0;34;7;610.0;620.5;672.0;690.0;725.0;661.1;42.0
0;35;7;611.0;617.0;666.0;669.5;682.0;647.4;28.8
0;36;7;610.0;611.0;682.0;694.0;699.0;657.3;40.7
0;37;7;611.0;617.5;687.0;756.0;761.0;686.6;65.9
0;38;7;610.0;614.5;739.0;764.5;765.0;696.0;72.4
0;39;7;610.0;610.0;621.0;762.0;769.0;677.7;75.1
0;40;7;610.0;610.0;614.0;756.0;773.0;675.6;74.8
0;41;7;610.0;610.0;610.0;650.5;764.0;643.6;52.3
0;42;7;610.0;610.0;610.0;610.0;610.0;610.0;0.0
0;43;7;610.0;610.0;610.0;610.0;610.0;610.0;0.0
0;44;7;610.0;610.0;610.0;610.0;610.0;610.0;0.0
0;45;7;610.0;610.0;610.0;610.0;610.0;610.0;0.0
0;46;7;610.0;610.0;610.0;610.0;610.0;610.0;0.0
0;47;7;610.0;610.0;610.0;610.0;610.0;610.0;0.0
0;48;7;610.0;610.0;610.0;610.0;610.0;610.0;0.0
0;49;7;610.0;610.0;610.0;610.0;610.0;610.0;0.0
0;50;7;610.0;610.0;610.0;610.0;610.0;610.0;0.0
0;51;7;610.0;610.0;610.0;610.0;610.0;610.0;0.0
0;52;7;610.0;610.0;610.0;610.0;610.0;610.0;0.0
0;53;7;610.0;610.0;610.0;610.0;610.0;610.0;0.0
0;54;7;610.0;610.0;610.0;610.0;610.0;610.0;0.0
0;55;7;610.0;610.0;610.0;610.0;610.0;610.0;0.0
0;56;7;610.0;610.0;610.0;610.0;610.0;610.0;0.0
0;57;7;610.0;610.0;610.0;610.0;610.0;610.0;0.0
0;58;7;610.0;610.0;610.0;610.0;610.0;610.0;0.0
0;59;7;610.0;610.0;610.0;610.0;610.0;610.0;0.0
0;60;7;610.0;610.0;610.0;610.0;610.0;610.0;0.0
0;61;7;610.0;610.0;610.0;610.0;610.0;610.0;0.0
0;62;7;610.0;610.0;610.0;610.0;610.0;610.0;0.0
0;63;7;610.0;610.0;610.0;610.0;610.0;610.0;0.0
0;64;7;610.0;610.0;610.0;610.0;610.0;610.0;0.0
0;65;7;610.0;610.0;610.0;610.0;610.0;610.0;0.0
0;66;7;610.0;610.0;610.0;610.0;610.0;610.0;0.0
0;67;7;610.0;610.0;610.0;610.0;610.0;610.0;0.0
0;68;7;610.0;610.0;610.0;610.0;610.0;610.0;0.0
0;69;7;610.0;610.0;610.0;610.0;610.0;610.0;0.0
0;70;7;610.0;610.0;610.0;610.0;610.0;610.0;0.0
0;71;7;610.0;610.0;610.0;610.0;610.0;610.0;0.0
0;72;7;610.0;610.0;610.0;610.0;610.0;610.0;0.0
0;73;7;610.0;610.0;610.0;610.0;610.0;610.0;0.0
0;74;7;610.0;610.0;610.0;610.0;610.0;610.0;0.0
0;75;7;610.0;610.0;610.0;610.0;610.0;610.0;0.0
0;76;7;610.0;610.0;610.0;610.0;610.0;610.0;0.0
0;77;7;610.0;610.0;610.0;610.0;610.0;610.0;0.0
0;78;7;610.0;610.0;610.0;610.0;610.0;610.0;0.0
0;79;7;610.0;610.0;610.0;610.0;610.0;610.0;0.0
0;80;7;611.0;614.0;627.0;752.5;881.0;693.1;115.1
0;81;7;608.0;611.5;635.0;745.0;855.0;687.3;106.0
0;82;7;612.0;618.0;628.0;751.0;879.0;693.9;111.3
0;83;7;611.0;619.5;625.0;721.0;816.0;676.1;87.1
0;84;7;610.0;610.5;612.0;682.5;742.0;650.0;56.1
0;85;7;610.0;610.5;612.0;695.0;782.0;659.3;76.4
0;86;7;610.0;610.0;610.0;625.5;654.0;620.7;17.3
0;87;7;610.0;610.0;610.0;665.0;724.0;642.0;50.0
0;88;7;610.0;610.0;610.0;614.5;666.0;619.3;19.3
0;89;7;610.0;610.0;610.0;610.0;610.0;610.0;0.0
0;90;7;610.0;610.0;610.0;610.0;610.0;610.0;0.0
0;91;7;610.0;610.0;610.0;610.0;610.0;610.0;0.0
0;92;7;610.0;610.0;610.0;610.0;610.0;610.0;0.0
0;93;7;610.0;610.0;610.0;610.0;610.0;610.0;0.0
0;94;7;610.0;610.0;610.0;610.0;610.0;610.0;0.0
0;95;7;610.0;610.0;610.0;610.0;610.0;610.0;0.0
0;96;7;610.0;610.0;610.0;610.0;610.0;610.0;0.0
0;97;7;610.0;610.0;610.0;610.0;610.0;610.0;0.0
0;98;7;610.0;610.0;610.0;610.0;610.0;610.0;0.0
0;99;7;610.0;610.0;610.0;610.0;610.0;610.0;0.0
1;0;7;746.0;970.0;1213.0;1218.0;1224.0;1079.9;207.5
1;1;7;684.0;939.0;1165.0;1196.0;1204.0;1046.1;211.3
1;2;7;716.0;976.5;1207.0;1216.5;1221.0;1075.7;216.4
1;3;7;723.0;917.5;1114.0;1153.5;1183.0;1023.1;188.0
1;4;7;698.0;917.5;1113.0;1169.5;1189.0;1024.9;200.1
1;5;7;751.0;944.5;1134.0;1158.5;1189.0;1040.0;179.0
1;6;7;708.0;943.0;1173.0;1186.5;1195.0;1047.9;199.9
1;7;7;709.0;929.5;1160.0;1185.5;1191.0;1041.4;208.9
1;8;7;642.0;851.5;1054.0;1106.0;1110.0;960.1;198.0
1;9;7;637.0;928.5;1139.0;1173.5;1177.0;1022.4;219.2
1;10;7;694.0;922.0;1129.0;1158.5;1160.0;1020.6;195.5
1;11;7;695.0;882.0;1100.0;1137.0;1146.0;997.0;190.1
1;12;7;656.0;888.5;1096.0;1116.0;1129.0;984.3;193.1
1;13;7;659.0;853.5;1071.0;1117.0;1139.0;972.9;194.2
1;14;7;637.0;653.0;1029.0;1047.0;1054.0;874.3;196.5
1;15;7;627.0;644.5;965.0;995.0;1017.0;841.1;176.1
1;16;7;621.0;639.0;957.0;1035.5;1063.0;855.7;195.3
1;17;7;626.0;642.5;991.0;1032.5;1035.0;857.4;191.5
1;18;7;629.0;662.0;1003.0;1005.0;1009.0;853.6;176.6
1;19;7;627.0;635.5;937.0;963.0;983.0;820.6;163.5
1;20;7;626.0;633.5;870.0;895.0;925.0;782.6;132.6
1;21;7;615.0;632.0;772.0;806.5;838.0;728.9;91.5
1;22;7;617.0;625.5;757.0;775.0;814.0;712.7;80.0
1;23;7;623.0;631.0;804.0;807.0;827.0;732.9;90.8
1;24;7;624.0;634.0;741.0;768.5;780.0;707.1;67.3
1;25;7;614.0;626.0;736.0;777.0;833.0;712.7;83.5
1;26;7;612.0;637.5;715.0;752.5;756.0;694.7;58.8
1;27;7;622.0;629.5;737.0;779.5;795.0;710.3;74.1
1;28;7;626.0;631.5;692.0;698.5;704.0;668.9;34.2
1;29;7;617.0;625.5;701.0;702.0;712.0;669.3;40.7
1;30;7;610.0;618.0;673.0;692.0;709.0;658.9;39.0
1;31;7;610.0;618.0;629.0;636.0;644.0;627.3;12.3
1;32;7;610.0;610.5;616.0;616.0;616.0;613.6;2.8
1;33;7;610.0;610.0;610.0;612.5;615.0;611.4;2.3
1;34;7;610.0;610.0;610.0;610.0;610.0;610.0;0.0
1;35;7;610.0;610.0;610.0;610.0;610.0;610.0;0.0
1;36;7;610.0;610.0;610.0;610.0;610.0;610.0;0.0
1;37;7;610.0;610.0;610.0;610.0;610.0;610.0;0.0
1;38;7;610.0;610.0;610.0;610.0;610.0;610.0;0.0
1;39;7;610.0;610.0;610.0;610.0;610.0;610.0;0.0
1;40;7;610.0;610.0;610.0;610.0;610.0;610.0;0.0
1;41;7;610.0;610.0;610.0;610.0;610.0;610.0;0.0
1;42;7;610.0;610.0;610.0;610.0;610.0;610.0;0.0
1;43;7;610.0;610.0;610.0;610.0;610.0;610.0;0.0
1;44;7;610.0;610.0;610.0;610.0;610.0;610.0;0.0
1;45;7;610.0;610.0;610.0;610.0;610.0;610.0;0.0
1;46;7;610.0;610.0;610.0;610.0;610.0;610.0;0.0
1;47;7;610.0;610.0;610.0;610.0;610.0;610.0;0.0
1;48;7;610.0;610.0;610.0;610.0;610.0;610.0;0.0
1;49;7;610.0;610.0;610.0;610.0;610.0;610.0;0.0
1;50;7;610.0;610.0;610.0;610.0;610.0;610.0;0.0
1;51;7;610.0;610.0;610.0;610.0;610.0;610.0;0.0
1;52;7;610.0;610.0;610.0;610.0;610.0;610.0;0.0
1;53;7;610.0;610.0;610.0;610.0;610.0;610.0;0.0
1;54;7;610.0;610.0;610.0;610.0;610.0;610.0;0.0
1;55;7;610.0;610.0;610.0;610.0;610.0;610.0;0.0
1;56;7;610.0;610.0;610.0;610.0;610.0;610.0;0.0
1;57;7;610.0;610.0;610.0;610.0;610.0;610.0;0.0
1;58;7;610.0;610.0;610.0;610.0;610.0;610.0;0.0
1;59;7;610.0;610.0;610.0;610.0;610.0;610.0;0.0
1;60;7;610.0;610.0;610.0;610.0;610.0;610.0;0.0
1;61;7;610.0;610.0;610.0;610.0;610.0;610.0;0.0
1;62;7;610.0;610.0;610.0;610.0;610.0;610.0;0.0
1;63;7;610.0;610.0;610.0;610.0;610.0;610.0;0.0
1;64;7;610.0;610.0;610.0;610.0;610.0;610.0;0.0
1;65;7;610.0;610.0;610.0;610.0;610.0;610.0;0.0
1;66;7;610.0;610.0;610.0;610.0;610.0;610.0;0.0
1;67;7;610.0;610.0;610.0;610.0;610.0;610.0;0.0
1;68;7;610.0;610.0;610.0;610.0;610.0;610.0;0.0
1;69;7;610.0;610.0;610.0;610.0;610.0;610.0;0.0
1;70;7;610.0;610.0;610.0;610.0;610.0;610.0;0.0
1;71;7;610.0;610.0;610.0;610.0;610.0;610.0;0.0
1;72;7;610.0;610.0;610.0;610.0;610.0;610.0;0.0
1;73;7;610.0;610.0;610.0;610.0;610.0;610.0;0.0
1;74;7;610.0;610.0;610.0;610.0;610.0;610.0;0.0
1;75;7;610.0;610.0;610.0;610.0;610.0;610.0;0.0
1;76;7;617.0;628.0;637.0;778.5;912.0;711.3;127.0
1;77;7;610.0;617.5;630.0;753.5;864.0;692.3;107.9
1;78;7;615.0;621.5;634.0;745.5;863.0;692.3;105.4
1;79;7;621.0;629.0;635.0;757.5;912.0;705.9;117.6
1;80;7;614.0;621.0;624.0;715.0;796.0;672.3;78.4
1;81;7;610.0;612.5;619.0;686.0;743.0;652.7;57.1
1;82;7;610.0;610.0;610.0;683.5;762.0;652.7;64.6
1;83;7;610.0;610.0;610.0;631.0;671.0;624.7;23.3
1;84;7;610.0;610.0;610.0;610.0;610.0;610.0;0.0
1;85;7;610.0;610.0;610.0;610.0;610.0;610.0;0.0
1;86;7;610.0;610.0;610.0;610.0;610.0;610.0;0.0
1;87;7;610.0;610.0;610.0;610.0;610.0;610.0;0.0
1;88;7;610.0;610.0;610.0;610.0;610.0;610.0;0.0
1;89;7;610.0;610.0;610.0;610.0;610.0;610.0;0.0
1;90;7;610.0;610.0;610.0;610.0;610.0;610.0;0.0
1;91;7;610.0;610.0;610.0;610.0;610.0;610.0;0.0
1;92;7;610.0;610.0;610.0;610.0;610.0;610.0;0.0
1;93;7;610.0;610.0;610.0;610.0;610.0;610.0;0.0
1;94;7;610.0;610.0;610.0;610.0;610.0;610.0;0.0
1;95;7;610.0;610.0;610.0;610.0;610.0;610.0;0.0
1;96;7;610.0;610.0;610.0;610.0;610.0;610.0;0.0
1;97;7;610.0;610.0;610.0;610.0;610.0;610.0;0.0
1;98;7;610.0;610.0;610.0;610.0;610.0;610.0;0.0
1;99;7;610.0;610.0;610.0;610.0;610.0;610.0;0.0
2;0;7;702.0;984.5;1184.0;1197.0;1199.0;1064.0;197.6
2;1;7;724.0;953.5;1163.0;1179.0;1185.0;1048.1;198.3
2;2;7;702.0;920.0;1143.0;1178.5;1208.0;1035.7;207.5
2;3;7;721.0;946.0;1139.0;1150.5;1179.0;1033.1;184.0
2;4;7;650.0;956.5;1118.0;1160.5;1197.0;1028.4;198.1
2;5;7;723.0;973.0;1170.0;1176.5;1191.0;1054.7;191.7
2;6;7;690.0;908.5;1176.0;1187.5;1200.0;1036.9;219.9
2;7;7;669.0;863.5;1087.0;1102.5;1111.0;971.3;191.3
2;8;7;679.0;908.5;1140.0;1157.5;1184.0;1019.3;211.7
2;9;7;658.0;953.5;1169.0;1178.5;1181.0;1038.9;212.3
2;10;7;647.0;848.0;1074.0;1115.5;1155.0;971.9;204.3
2;11;7;634.0;866.5;1100.0;1146.0;1160.0;988.4;219.8
2;12;7;646.0;898.0;1089.0;1100.5;1106.0;976.9;190.2
2;13;7;637.0;855.0;1054.0;1098.5;1131.0;961.3;196.1
2;14;7;672.0;698.5;1105.0;1124.5;1136.0;937.0;214.7
2;15;7;631.0;637.5;1056.0;1069.0;1105.0;886.4;218.0
2;16;7;641.0;692.0;1035.0;1043.5;1058.0;886.4;184.6
2;17;7;620.0;630.0;1024.0;1027.0;1059.0;859.6;202.1
2;18;7;626.0;637.5;900.0;929.5;940.0;800.0;144.5
2;19;7;610.0;624.5;858.0;923.5;937.0;785.9;146.0
2;20;7;618.0;631.5;846.0;928.0;935.0;788.3;142.5
2;21;7;626.0;645.5;914.0;927.0;951.0;805.1;144.6
2;22;7;611.0;634.5;767.0;829.5;842.0;735.4;97.3
2;23;7;628.0;632.0;833.0;836.5;852.0;750.0;103.5
2;24;7;621.0;629.5;763.0;777.0;811.0;715.4;78.3
2;25;7;624.0;628.5;730.0;748.5;754.0;694.6;59.0
2;26;7;621.0;627.0;721.0;732.0;748.0;686.9;54.1
2;27;7;618.0;626.5;706.0;715.0;726.0;676.1;45.9
2;28;7;622.0;629.5;709.0;715.5;745.0;680.9;48.0
2;29;7;620.0;621.0;697.0;713.5;719.0;672.1;45.0
2;30;7;610.0;618.0;695.0;711.0;717.0;668.6;46.8
2;31;7;611.0;621.5;712.0;715.5;723.0;674.3;49.0
2;32;7;611.0;618.0;722.0;742.0;749.0;686.0;61.5
2;33;7;611.0;621.0;639.0;664.0;676.0;642.3;24.4
2;34;7;611.0;611.0;728.0;748.5;751.0;687.0;66.2
2;35;7;611.0;621.0;639.0;647.0;681.0;638.1;22.2
2;36;7;611.0;611.0;611.0;611.0;611.0;611.0;0.0
2;37;7;611.0;611.0;611.0;611.0;611.0;611.0;0.0
2;38;7;611.0;611.0;611.0;611.0;611.0;611.0;0.0
2;39;7;611.0;611.0;611.0;611.0;611.0;611.0;0.0
2;40;7;611.0;611.0;611.0;611.0;611.0;611.0;0.0
2;41;7;611.0;611.0;611.0;611.0;611.0;611.0;0.0
2;42;7;611.0;611.0;611.0;611.0;611.0;611.0;0.0
2;43;7;611.0;611.0;611.0;611.0;611.0;611.0;0.0
2;44;7;611.0;611.0;611.0;611.0;611.0;611.0;0.0
2;45;7;611.0;611.0;611.0;611.0;611.0;611.0;0.0
2;46;7;611.0;611.0;611.0;611.0;611.0;611.0;0.0
2;47;7;611.0;611.0;611.0;611.0;611.0;611.0;0.0
2;48;7;611.0;611.0;611.0;611.0;611.0;611.0;0.0
2;49;7;611.0;611.0;611.0;611.0;611.0;611.0;0.0
2;50;7;611.0;611.0;611.0;611.0;611.0;611.0;0.0
2;51;7;611.0;611.0;611.0;611.0;611.0;611.0;0.0
2;52;7;611.0;611.0;611.0;611.0;611.0;611.0;0.0
2;53;7;611.0;611.0;611.0;611.0;611.0;611.0;0.0
2;54;7;611.0;611.0;611.0;611.0;611.0;611.0;0.0
2;55;7;611.0;611.0;611.0;611.0;611.0;611.0;0.0
2;56;7;611.0;611.0;611.0;611.0;611.0;611.0;0.0
2;57;7;611.0;611.0;611.0;611.0;611.0;611.0;0.0
2;58;7;611.0;611.0;611.0;611.0;611.0;611.0;0.0
2;59;7;611.0;611.0;611.0;611.0;611.0;611.0;0.0
2;60;7;611.0;611.0;611.0;611.0;611.0;611.0;0.0
2;61;7;611.0;611.0;611.0;611.0;611.0;611.0;0.0
2;62;7;611.0;611.0;611.0;611.0;611.0;611.0;0.0
2;63;7;611.0;611.0;611.0;611.0;611.0;611.0;0.0
2;64;7;611.0;611.0;611.0;611.0;611.0;611.0;0.0
2;65;7;620.0;629.5;661.0;819.5;964.0;734.7;144.2
2;66;7;611.0;622.5;630.0;759.5;890.0;699.3;120.1
2;67;7;623.0;627.0;632.0;756.0;877.0;699.7;109.2
2;68;7;624.0;631.0;638.0;796.0;950.0;723.7;142.0
2;69;7;613.0;615.0;623.0;741.5;857.0;686.6;107.3
2;70;7;612.0;617.5;624.0;726.5;849.0;681.9;99.6
2;71;7;611.0;614.0;618.0;699.5;814.0;667.1;83.0
2;72;7;611.0;611.0;621.0;679.0;734.0;649.4;52.6
2;73;7;611.0;611.0;611.0;643.0;704.0;633.4;35.8
2;74;7;611.0;611.0;611.0;611.0;621.0;612.4;3.5
2;75;7;611.0;611.0;611.0;611.0;611.0;611.0;0.0
2;76;7;611.0;611.0;611.0;611.0;611.0;611.0;0.0
2;77;7;611.0;611.0;611.0;611.0;611.0;611.0;0.0
2;78;7;611.0;611.0;611.0;611.0;611.0;611.0;0.0
2;79;7;610.0;611.0;611.0;611.0;611.0;610.9;0.3
2;80;7;611.0;611.0;611.0;611.0;611.0;611.0;0.0
2;81;7;611.0;611.0;611.0;611.0;611.0;611.0;0.0
2;82;7;611.0;611.0;611.0;611.0;611.0;611.0;0.0
2;83;7;611.0;611.0;611.0;611.0;611.0;611.0;0.0
2;84;7;611.0;611.0;611.0;611.0;611.0;611.0;0.0
2;85;7;611.0;611.0;611.0;611.0;611.0;611.0;0.0
2;86;7;611.0;611.0;611.0;611.0;611.0;611.0;0.0
2;87;7;611.0;611.0;611.0;611.0;611.0;611.0;0.0
2;88;7;611.0;611.0;611.0;611.0;611.0;611.0;0.0
2;89;7;611.0;611.0;611.0;611.0;611.0;611.0;0.0
2;90;7;611.0;611.0;611.0;611.0;611.0;611.0;0.0
2;91;7;611.0;611.0;611.0;611.0;611.0;611.0;0.0
2;92;7;611.0;611.0;611.0;611.0;611.0;611.0;0.0
2;93;7;611.0;611.0;611.0;611.0;611.0;611.0;0.0
2;94;7;611.0;611.0;611.0;611.0;611.0;611.0;0.0
2;95;7;611.0;611.0;611.0;611.0;611.0;611.0;0.0
2;96;7;611.0;611.0;611.0;611.0;611.0;611.0;0.0
2;97;7;611.0;611.0;611.0;611.0;611.0;611.0;0.0
2;98;7;611.0;611.0;611.0;611.0;611.0;611.0;0.0
2;99;7;611.0;611.0;611.0;611.0;611.0;611.0;0.0
3;0;7;683.0;900.5;1170.0;1173.5;1178.0;1025.6;213.3
3;1;7;681.0;927.5;1182.0;1199.0;1221.0;1048.1;226.8
3;2;7;690.0;910.5;1150.0;1159.5;1186.0;1023.7;210.5
3;3;7;697.0;915.0;1177.0;1179.5;1189.0;1036.0;213.0
3;4;7;708.0;933.0;1166.0;1178.5;1206.0;1043.3;211.3
3;5;7;686.0;912.5;1109.0;1124.0;1130.0;999.7;175.1
3;6;7;695.0;906.0;1122.0;1129.5;1148.0;1005.1;193.7
3;7;7;694.0;973.5;1178.0;1199.5;1208.0;1060.9;207.1
3;8;7;687.0;950.0;1195.0;1213.5;1225.0;1062.0;230.9
3;9;7;661.0;904.5;1140.0;1146.0;1157.0;1008.4;213.6
3;10;7;662.0;854.0;1061.0;1090.5;1095.0;958.1;186.6
3;11;7;640.0;895.5;1126.0;1138.0;1144.0;996.7;216.4
3;12;7;635.0;880.5;1070.0;1099.0;1114.0;968.3;186.5
3;13;7;642.0;907.0;1108.0;1128.5;1133.0;993.4;201.8
3;14;7;629.0;658.0;1068.0;1088.0;1093.0;897.4;216.1
3;15;7;645.0;685.5;1085.0;1088.5;1099.0;911.0;207.6
3;16;7;635.0;660.5;1035.0;1048.5;1092.0;882.9;200.9
3;17;7;631.0;641.0;1016.0;1065.5;1072.0;876.0;207.1
3;18;7;626.0;627.5;932.0;969.5;1001.0;821.9;170.3
3;19;7;627.0;632.0;918.0;930.5;982.0;807.4;154.5
3;20;7;621.0;625.5;894.0;910.5;932.0;788.4;142.9
3;21;7;619.0;631.5;876.0;891.0;909.0;778.4;131.3
3;22;7;625.0;629.0;871.0;897.0;905.0;779.0;131.4
3;23;7;627.0;633.5;813.0;823.0;827.0;740.0;94.2
3;24;7;620.0;621.5;776.0;783.0;800.0;715.0;81.7
3;25;7;615.0;622.5;768.0;776.5;792.0;710.4;78.7
3;26;7;625.0;631.0;818.0;830.0;840.0;743.6;99.5
3;27;7;612.0;623.0;713.0;717.5;725.0;675.9;49.4
3;28;7;624.0;626.0;725.0;730.5;742.0;686.3;53.0
3;29;7;611.0;625.0;688.0;697.5;701.0;663.6;38.1
3;30;7;618.0;621.0;689.0;692.5;696.0;661.4;35.9
3;31;7;609.0;625.0;677.0;690.5;720.0;662.4;39.3
3;32;7;610.0;618.0;660.0;677.5;679.0;648.6;29.5
3;33;7;609.0;624.5;666.0;690.0;697.0;657.3;34.6
3;34;7;618.0;635.0;694.0;714.0;726.0;676.6;42.6
3;35;7;609.0;610.0;678.0;691.5;695.0;655.0;39.6
3;36;7;609.0;621.5;660.0;660.0;669.0;643.0;22.8
3;37;7;610.0;619.5;646.0;652.0;656.0;636.4;18.6
3;38;7;610.0;610.0;610.0;639.5;644.0;623.3;15.6
3;39;7;610.0;610.0;610.0;610.0;610.0;610.0;0.0
3;40;7;609.0;610.0;610.0;610.0;610.0;609.9;0.3
3;41;7;609.0;609.0;610.0;610.0;610.0;609.6;0.5
3;42;7;609.0;610.0;610.0;610.0;610.0;609.9;0.3
3;43;7;609.0;610.0;610.0;610.0;610.0;609.9;0.3
3;44;7;609.0;609.0;609.0;610.0;610.0;609.4;0.5
3;45;7;609.0;609.0;609.0;609.0;609.0;609.0;0.0
3;46;7;609.0;609.0;609.0;609.0;609.0;609.0;0.0
3;47;7;609.0;609.0;609.0;609.0;609.0;609.0;0.0
3;48;7;609.0;609.0;609.0;609.0;609.0;609.0;0.0
3;49;7;609.0;609.0;609.0;609.0;609.0;609.0;0.0
3;50;7;609.0;609.0;609.0;609.0;609.0;609.0;0.0
3;51;7;609.0;609.0;609.0;609.0;609.0;609.0;0.0
3;52;7;609.0;609.0;609.0;609.0;609.0;609.0;0.0
3;53;7;609.0;609.0;609.0;609.0;609.0;609.0;0.0
3;54;7;609.0;609.0;609.0;609.0;609.0;609.0;0.0
3;55;7;609.0;609.0;609.0;609.0;609.0;609.0;0.0
3;56;7;609.0;609.0;609.0;609.0;609.0;609.0;0.0
3;57;7;609.0;609.0;609.0;609.0;609.0;609.0;0.0
3;58;7;609.0;609.0;609.0;609.0;609.0;609.0;0.0
3;59;7;609.0;609.0;609.0;609.0;609.0;609.0;0.0
3;60;7;609.0;609.0;609.0;609.0;609.0;609.0;0.0
3;61;7;609.0;609.0;609.0;609.0;609.0;609.0;0.0
3;62;7;609.0;609.0;609.0;609.0;609.0;609.0;0.0
3;63;7;609.0;609.0;609.0;609.0;609.0;609.0;0.0
3;64;7;609.0;609.0;609.0;609.0;609.0;609.0;0.0
3;65;7;609.0;609.0;609.0;609.0;609.0;609.0;0.0
3;66;7;609.0;609.0;609.0;609.0;609.0;609.0;0.0
3;67;7;609.0;609.0;609.0;609.0;609.0;609.0;0.0
3;68;7;609.0;609.0;609.0;609.0;609.0;609.0;0.0
3;69;7;609.0;609.0;609.0;609.0;609.0;609.0;0.0
3;70;7;609.0;609.0;609.0;609.0;609.0;609.0;0.0
3;71;7;609.0;609.0;609.0;609.0;609.0;609.0;0.0
3;72;7;609.0;609.0;609.0;609.0;609.0;609.0;0.0
3;73;7;609.0;609.0;609.0;609.0;609.0;609.0;0.0
3;74;7;609.0;609.0;609.0;609.0;609.0;609.0;0.0
3;75;7;609.0;609.0;609.0;609.0;609.0;609.0;0.0
3;76;7;609.0;609.0;609.0;609.0;609.0;609.0;0.0
3;77;7;623.0;628.5;637.0;812.5;949.0;727.3;140.1
3;78;7;609.0;620.0;622.0;761.0;900.0;699.0;125.3
3;79;7;609.0;620.5;632.0;706.5;827.0;674.6;83.0
3;80;7;619.0;624.5;633.0;739.0;852.0;690.1;100.0
3;81;7;609.0;612.0;623.0;707.5;833.0;672.0;85.9
3;82;7;609.0;609.0;609.0;700.0;784.0;660.0;78.2
3;83;7;609.0;609.0;609.0;631.5;731.0;632.9;43.0
3;84;7;609.0;609.0;609.0;609.0;609.0;609.0;0.0
3;85;7;609.0;609.0;609.0;609.0;609.0;609.0;0.0
3;86;7;609.0;609.0;609.0;609.0;609.0;609.0;0.0
3;87;7;609.0;609.0;609.0;609.0;609.0;609.0;0.0
3;88;7;609.0;609.0;609.0;609.0;609.0;609.0;0.0
3;89;7;609.0;609.0;609.0;609.0;609.0;609.0;0.0
3;90;7;609.0;609.0;609.0;609.0;609.0;609.0;0.0
3;91;7;609.0;609.0;609.0;609.0;609.0;609.0;0.0
3;92;7;609.0;609.0;609.0;609.0;609.0;609.0;0.0
3;93;7;609.0;609.0;609.0;609.0;609.0;609.0;0.0
3;94;7;609.0;609.0;609.0;609.0;609.0;609.0;0.0
3;95;7;609.0;609.0;609.0;609.0;609.0;609.0;0.0
3;96;7;609.0;609.0;609.0;609.0;609.0;609.0;0.0
3;97;7;609.0;609.0;609.0;609.0;609.0;609.0;0.0
3;98;7;609.0;609.0;609.0;609.0;609.0;609.0;0.0
3;99;7;609.0;609.0;609.0;609.0;609.0;609.0;0.0
4;0;7;714.0;948.5;1156.0;1202.5;1209.0;1054.4;203.2
4;1;7;686.0;961.5;1163.0;1198.5;1235.0;1057.7;207.9
4;2;7;751.0;958.5;1173.0;1189.0;1191.0;1058.6;190.8
4;3;7;638.0;944.5;1172.0;1196.5;1222.0;1044.9;231.1
4;4;7;680.0;963.5;1124.0;1144.0;1155.0;1024.9;181.3
4;5;7;693.0;928.5;1145.0;1169.5;1210.0;1034.9;210.9
4;6;7;675.0;942.5;1132.0;1178.5;1184.0;1033.3;202.2
4;7;7;676.0;880.0;1093.0;1113.0;1135.0;984.3;192.2
4;8;7;634.0;914.5;1169.0;1176.5;1192.0;1025.3;233.9
4;9;7;723.0;940.5;1131.0;1149.5;1158.0;1027.4;178.5
4;10;7;637.0;848.0;1070.0;1126.0;1141.0;970.9;206.1
4;11;7;644.0;893.0;1143.0;1162.0;1172.0;1009.9;221.1
4;12;7;687.0;913.5;1112.0;1120.0;1135.0;1000.1;182.3
4;13;7;659.0;854.0;1065.0;1110.5;1113.0;966.6;188.3
4;14;7;646.0;695.5;1036.0;1064.0;1090.0;898.7;191.7
4;15;7;633.0;651.5;983.0;1018.5;1049.0;857.9;185.3
4;16;7;632.0;642.5;1020.0;1037.0;1038.0;864.1;195.1
4;17;7;630.0;639.0;985.0;1008.5;1029.0;848.4;184.5
4;18;7;633.0;638.5;971.0;999.5;1021.0;843.0;179.2
4;19;7;620.0;630.0;941.0;957.0;961.0;813.7;162.1
4;20;7;622.0;629.0;862.0;878.5;903.0;771.7;126.2
4;21;7;617.0;623.5;823.0;916.5;931.0;778.7;140.2
4;22;7;616.0;625.5;818.0;826.5;870.0;744.0;106.7
4;23;7;618.0;636.5;813.0;817.0;857.0;742.1;98.1
4;24;7;623.0;627.0;747.0;762.0;797.0;706.4;71.6
4;25;7;615.0;627.5;770.0;794.0;815.0;720.4;85.7
4;26;7;610.0;628.0;695.0;707.0;721.0;670.9;43.7
4;27;7;614.0;634.0;705.0;767.5;794.0;702.3;69.8
4;28;7;621.0;628.5;706.0;742.0;752.0;688.6;56.2
4;29;7;612.0;620.0;702.0;714.0;742.0;674.9;51.3
4;30;7;615.0;624.0;681.0;712.5;717.0;669.4;43.4
4;31;7;620.0;622.5;692.0;719.5;744.0;677.1;51.3
4;32;7;610.0;621.5;700.0;703.0;741.0;671.4;48.4
4;33;7;610.0;611.0;643.0;649.0;676.0;635.6;23.6
4;34;7;610.0;612.0;658.0;671.0;687.0;645.9;31.0
4;35;7;610.0;610.0;647.0;647.0;649.0;631.4;18.6
4;36;7;610.0;610.0;634.0;646.5;659.0;630.9;19.3
4;37;7;610.0;610.0;647.0;655.5;667.0;636.4;23.7
4;38;7;610.0;610.0;610.0;610.0;612.0;610.3;0.7
4;39;7;610.0;610.0;610.0;610.0;610.0;610.0;0.0
4;40;7;610.0;610.0;610.0;610.0;610.0;610.0;0.0
4;41;7;610.0;610.0;610.0;610.0;610.0;610.0;0.0
4;42;7;610.0;610.0;610.0;610.0;610.0;610.0;0.0
4;43;7;610.0;610.0;610.0;610.0;610.0;610.0;0.0
4;44;7;610.0;610.0;610.0;610.0;610.0;610.0;0.0
4;45;7;610.0;610.0;610.0;610.0;610.0;610.0;0.0
4;46;7;610.0;610.0;610.0;610.0;610.0;610.0;0.0
4;47;7;610.0;610.0;610.0;610.0;610.0;610.0;0.0
4;48;7;610.0;610.0;610.0;610.0;610.0;610.0;0.0
4;49;7;610.0;610.0;610.0;610.0;610.0;610.0;0.0
4;50;7;610.0;610.0;610.0;610.0;610.0;610.0;0.0
4;51;7;610.0;610.0;610.0;610.0;610.0;610.0;0.0
4;52;7;610.0;610.0;610.0;610.0;610.0;610.0;0.0
4;53;7;610.0;610.0;610.0;610.0;610.0;610.0;0.0
4;54;7;610.0;610.0;610.0;610.0;610.0;610.0;0.0
4;55;7;610.0;610.0;610.0;610.0;610.0;610.0;0.0
4;56;7;610.0;610.0;610.0;610.0;610.0;610.0;0.0
4;57;7;610.0;610.0;610.0;610.0;610.0;610.0;0.0
4;58;7;610.0;610.0;610.0;610.0;610.0;610.0;0.0
4;59;7;610.0;610.0;610.0;610.0;610.0;610.0;0.0
4;60;7;610.0;610.0;610.0;610.0;610.0;610.0;0.0
4;61;7;610.0;610.0;610.0;610.0;610.0;610.0;0.0
4;62;7;610.0;610.0;610.0;610.0;610.0;610.0;0.0
4;63;7;610.0;610.0;610.0;610.0;610.0;610.0;0.0
4;64;7;610.0;610.0;610.0;610.0;610.0;610.0;0.0
4;65;7;610.0;610.0;610.0;610.0;610.0;610.0;0.0
4;66;7;610.0;610.0;610.0;610.0;610.0;610.0;0.0
4;67;7;610.0;610.0;610.0;610.0;610.0;610.0;0.0
4;68;7;610.0;610.0;610.0;610.0;610.0;610.0;0.0
4;69;7;610.0;610.0;610.0;610.0;610.0;610.0;0.0
4;70;7;610.0;610.0;610.0;610.0;610.0;610.0;0.0
4;71;7;610.0;610.0;610.0;610.0;610.0;610.0;0.0
4;72;7;627.0;633.0;640.0;775.5;928.0;716.0;126.5
4;73;7;610.0;615.5;624.0;784.0;954.0;712.4;148.2
4;74;7;621.0;625.0;628.0;759.5;910.0;704.0;123.5
4;75;7;608.0;615.5;619.0;743.5;840.0;683.6;99.6
4;76;7;608.0;615.0;631.0;716.0;804.0;672.1;81.7
4;77;7;610.0;610.0;610.0;687.5;747.0;651.7;59.2
4;78;7;610.0;610.0;621.0;682.0;746.0;651.6;58.7
4;79;7;610.0;610.0;610.0;628.5;654.0;621.6;17.8
4;80;7;610.0;610.0;610.0;638.0;667.0;626.1;25.5
4;81;7;610.0;610.0;610.0;610.0;610.0;610.0;0.0
4;82;7;610.0;610.0;610.0;610.0;610.0;610.0;0.0
4;83;7;610.0;610.0;610.0;610.0;610.0;610.0;0.0
4;84;7;610.0;610.0;610.0;610.0;610.0;610.0;0.0
4;85;7;610.0;610.0;610.0;610.0;610.0;610.0;0.0
4;86;7;610.0;610.0;610.0;610.0;610.0;610.0;0.0
4;87;7;610.0;610.0;610.0;610.0;610.0;610.0;0.0
4;88;7;610.0;610.0;610.0;610.0;610.0;610.0;0.0
4;89;7;610.0;610.0;610.0;610.0;610.0;610.0;0.0
4;90;7;610.0;610.0;610.0;610.0;610.0;610.0;0.0
4;91;7;610.0;610.0;610.0;610.0;610.0;610.0;0.0
4;92;7;610.0;610.0;610.0;610.0;610.0;610.0;0.0
4;93;7;610.0;610.0;610.0;610.0;610.0;610.0;0.0
4;94;7;610.0;610.0;610.0;610.0;610.0;610.0;0.0
4;95;7;610.0;610.0;610.0;610.0;610.0;610.0;0.0
4;96;7;610.0;610.0;610.0;610.0;610.0;610.0;0.0
4;97;7;610.0;610.0;610.0;610.0;610.0;610.0;0.0
4;98;7;610.0;610.0;610.0;610.0;610.0;610.0;0.0
4;99;7;610.0;610.0;610.0;610.0;610.0;610.0;0.0
5;0;7;650.0;916.0;1129.0;1146.5;1157.0;1008.7;209.4
5;1;7;692.0;953.5;1148.0;1162.0;1205.0;1039.4;196.4
5;2;7;653.0;913.5;1138.0;1164.0;1192.0;1019.7;219.1
5;3;7;771.0;966.0;1166.0;1211.5;1227.0;1074.1;190.1
5;4;7;739.0;961.5;1176.0;1183.5;1194.0;1057.0;198.7
5;5;7;704.0;932.5;1130.0;1160.0;1191.0;1030.0;193.0
5;6;7;669.0;926.5;1186.0;1193.5;1197.0;1041.7;221.8
5;7;7;685.0;926.5;1116.0;1139.0;1158.0;1012.9;191.6
5;8;7;652.0;889.0;1102.0;1142.0;1143.0;994.1;208.7
5;9;7;673.0;911.5;1125.0;1138.0;1154.0;1007.3;195.1
5;10;7;736.0;904.0;1085.0;1104.5;1117.0;993.6;160.9
5;11;7;647.0;889.0;1034.0;1066.5;1095.0;955.3;166.5
5;12;7;653.0;919.5;1115.0;1122.5;1130.0;997.4;194.7
5;13;7;635.0;828.5;1093.0;1112.5;1137.0;963.9;210.1
5;14;7;629.0;666.0;1073.0;1086.0;1102.0;901.1;215.3
5;15;7;638.0;650.0;986.0;994.5;1063.0;853.7;181.5
5;16;7;629.0;662.0;1030.0;1081.0;1085.0;890.0;208.2
5;17;7;622.0;636.0;913.0;987.5;1007.0;827.0;171.7
5;18;7;642.0;675.0;999.0;1011.0;1023.0;862.3;172.8
5;19;7;623.0;633.0;945.0;955.5;961.0;815.1;160.8
5;20;7;618.0;624.5;901.0;921.0;930.0;791.4;146.8
5;21;7;630.0;632.5;924.0;932.5;961.0;806.4;151.8
5;22;7;614.0;631.5;896.0;914.0;934.0;790.7;143.4
5;23;7;618.0;633.5;850.0;865.0;901.0;766.6;120.8
5;24;7;627.0;632.5;815.0;836.0;849.0;746.9;101.3
5;25;7;621.0;636.5;770.0;830.0;853.0;739.6;96.7
5;26;7;624.0;626.5;786.0;794.0;799.0;721.4;83.0
5;27;7;617.0;623.5;744.0;764.5;770.0;701.0;69.5
5;28;7;620.0;635.5;771.0;774.5;780.0;713.0;71.9
5;29;7;620.0;630.0;722.0;729.5;761.0;688.9;55.1
5;30;7;612.0;625.5;702.0;710.5;721.0;672.4;45.3
5;31;7;618.0;626.5;685.0;690.5;692.0;661.3;33.0
5;32;7;620.0;626.0;663.0;679.0;694.0;655.3;29.5
5;33;7;619.0;630.0;695.0;707.0;717.0;672.1;40.6
5;34;7;612.0;627.0;696.0;716.0;731.0;675.0;47.6
5;35;7;610.0;621.5;652.0;665.0;680.0;645.0;26.5
5;36;7;611.0;619.5;651.0;656.5;662.0;639.4;20.2
5;37;7;610.0;611.5;664.0;666.0;666.0;642.1;27.0
5;38;7;617.0;619.5;669.0;692.5;696.0;658.0;35.1
5;39;7;610.0;610.5;619.0;649.5;652.0;628.7;19.0
5;40;7;610.0;613.5;617.0;636.0;636.0;623.1;11.4
5;41;7;612.0;612.5;618.0;696.0;696.0;649.0;40.7
5;42;7;610.0;611.0;623.0;681.5;687.0;643.6;34.7
5;43;7;610.0;610.5;619.0;685.5;696.0;645.3;38.5
5;44;7;610.0;610.0;621.0;646.0;681.0;632.0;25.0
5;45;7;610.0;610.0;610.0;634.5;647.0;622.3;14.7
5;46;7;610.0;610.0;610.0;610.0;610.0;610.0;0.0
5;47;7;610.0;610.0;610.0;610.0;610.0;610.0;0.0
5;48;7;610.0;610.0;610.0;610.0;610.0;610.0;0.0
5;49;7;610.0;610.0;610.0;610.0;610.0;610.0;0.0
5;50;7;610.0;610.0;610.0;610.0;610.0;610.0;0.0
5;51;7;610.0;610.0;610.0;610.0;610.0;610.0;0.0
5;52;7;610.0;610.0;610.0;610.0;610.0;610.0;0.0
5;53;7;610.0;610.0;610.0;610.0;610.0;610.0;0.0
5;54;7;610.0;610.0;610.0;610.0;610.0;610.0;0.0
5;55;7;610.0;610.0;610.0;610.0;610.0;610.0;0.0
5;56;7;610.0;610.0;610.0;610.0;610.0;610.0;0.0
5;57;7;610.0;610.0;610.0;610.0;610.0;610.0;0.0
5;58;7;610.0;610.0;610.0;610.0;610.0;610.0;0.0
5;59;7;610.0;610.0;610.0;610.0;610.0;610.0;0.0
5;60;7;610.0;610.0;610.0;610.0;610.0;610.0;0.0
5;61;7;610.0;610.0;610.0;610.0;610.0;610.0;0.0
5;62;7;610.0;610.0;610.0;610.0;610.0;610.0;0.0
5;63;7;610.0;610.0;610.0;610.0;610.0;610.0;0.0
5;64;7;610.0;610.0;610.0;610.0;610.0;610.0;0.0
5;65;7;610.0;610.0;610.0;610.0;610.0;610.0;0.0
5;66;7;610.0;610.0;610.0;610.0;610.0;610.0;0.0
5;67;7;610.0;610.0;610.0;610.0;610.0;610.0;0.0
5;68;7;610.0;610.0;610.0;610.0;610.0;610.0;0.0
5;69;7;610.0;610.0;610.0;610.0;610.0;610.0;0.0
5;70;7;610.0;610.0;610.0;610.0;610.0;610.0;0.0
5;71;7;610.0;610.0;610.0;610.0;610.0;610.0;0.0
5;72;7;610.0;610.0;610.0;610.0;610.0;610.0;0.0
5;73;7;610.0;610.0;610.0;610.0;610.0;610.0;0.0
5;74;7;610.0;610.0;610.0;610.0;610.0;610.0;0.0
5;75;7;610.0;610.0;610.0;610.0;610.0;610.0;0.0
5;76;7;610.0;610.0;610.0;610.0;610.0;610.0;0.0
5;77;7;610.0;610.0;610.0;610.0;610.0;610.0;0.0
5;78;7;610.0;610.0;610.0;610.0;610.0;610.0;0.0
5;79;7;610.0;610.0;610.0;610.0;610.0;610.0;0.0
5;80;7;610.0;610.0;610.0;610.0;610.0;610.0;0.0
5;81;7;623.0;623.5;632.0;818.5;982.0;731.6;158.1
5;82;7;610.0;619.0;622.0;735.0;851.0;684.4;103.6
5;83;7;610.0;614.0;617.0;757.5;878.0;692.6;116.4
5;84;7;611.0;628.5;630.0;708.5;811.0;675.1;77.5
5;85;7;610.0;613.5;615.0;699.5;795.0;663.7;77.9
5;86;7;610.0;610.5;620.0;675.0;739.0;648.6;54.0
5;87;7;610.0;610.0;610.0;610.0;639.0;614.1;10.1
5;88;7;610.0;610.0;610.0;610.0;617.0;611.0;2.4
5;89;7;610.0;610.0;610.0;610.0;610.0;610.0;0.0
5;90;7;610.0;610.0;610.0;610.0;610.0;610.0;0.0
5;91;7;610.0;610.0;610.0;610.0;610.0;610.0;0.0
5;92;7;610.0;610.0;610.0;610.0;610.0;610.0;0.0
5;93;7;610.0;610.0;610.0;610.0;610.0;610.0;0.0
5;94;7;610.0;610.0;610.0;610.0;610.0;610.0;0.0
5;95;7;610.0;610.0;610.0;610.0;610.0;610.0;0.0
5;96;7;610.0;610.0;610.0;610.0;610.0;610.0;0.0
5;97;7;610.0;610.0;610.0;610.0;610.0;610.0;0.0
5;98;7;610.0;610.0;610.0;610.0;610.0;610.0;0.0
5;99;7;610.0;610.0;610.0;610.0;610.0;610.0;0.0
6;0;7;718.0;918.0;1127.0;1188.0;1190.0;1035.3;200.9
6;1;7;716.0;996.0;1175.0;1199.0;1204.0;1069.3;191.6
6;2;7;693.0;899.5;1132.0;1146.5;1187.0;1014.9;200.3
6;3;7;686.0;934.0;1169.0;1188.5;1204.0;1043.4;219.9
6;4;7;656.0;925.0;1160.0;1165.0;1179.0;1025.0;218.5
6;5;7;685.0;869.5;1128.0;1187.5;1204.0;1018.7;211.8
6;6;7;670.0;967.5;1181.0;1192.5;1207.0;1054.0;215.4
6;7;7;663.0;902.0;1147.0;1160.5;1174.0;1015.6;216.5
6;8;7;665.0;917.5;1095.0;1106.0;1140.0;992.4;181.6
6;9;7;636.0;880.5;1116.0;1127.0;1132.0;985.6;214.7
6;10;7;678.0;888.0;1070.0;1075.5;1113.0;969.7;168.0
6;11;7;675.0;922.0;1094.0;1100.5;1110.0;989.1;175.9
6;12;7;704.0;915.5;1103.0;1111.0;1119.0;997.0;175.5
6;13;7;673.0;859.5;1069.0;1073.0;1109.0;959.4;179.6
6;14;7;629.0;658.5;1042.0;1071.0;1091.0;888.7;208.8
6;15;7;661.0;675.0;981.0;996.5;1016.0;857.3;162.3
6;16;7;627.0;674.5;1051.0;1071.5;1107.0;896.7;207.7
6;17;7;622.0;632.0;930.0;957.5;988.0;817.0;164.2
6;18;7;618.0;663.5;940.0;951.0;960.0;821.0;150.6
6;19;7;631.0;635.0;898.0;909.0;958.0;796.4;142.1
6;20;7;614.0;634.5;833.0;877.0;899.0;767.0;122.6
6;21;7;630.0;647.5;829.0;857.5;930.0;771.3;116.2
6;22;7;616.0;627.5;815.0;838.0;857.0;745.6;106.6
6;23;7;620.0;645.5;816.0;865.5;886.0;763.4;111.7
6;24;7;625.0;634.0;816.0;834.0;850.0;746.7;101.0
6;25;7;615.0;625.0;762.0;773.5;782.0;708.0;75.0
6;26;7;617.0;626.5;751.0;794.5;803.0;716.1;81.9
6;27;7;619.0;632.0;755.0;763.0;766.0;704.3;66.6
6;28;7;614.0;634.5;751.0;765.0;771.0;705.0;67.5
6;29;7;619.0;629.5;700.0;722.0;730.0;678.9;46.7
6;30;7;617.0;620.0;676.0;692.5;709.0;661.0;37.4
6;31;7;610.0;620.5;645.0;654.5;667.0;638.9;20.6
6;32;7;610.0;611.5;656.0;665.0;681.0;642.9;28.7
6;33;7;610.0;610.0;619.0;619.0;619.0;615.1;4.5
6;34;7;610.0;610.0;610.0;610.0;610.0;610.0;0.0
6;35;7;610.0;610.0;610.0;610.0;610.0;610.0;0.0
6;36;7;610.0;610.0;610.0;610.0;610.0;610.0;0.0
6;37;7;610.0;610.0;610.0;610.0;610.0;610.0;0.0
6;38;7;610.0;610.0;610.0;610.0;610.0;610.0;0.0
6;39;7;610.0;610.0;610.0;610.0;610.0;610.0;0.0
6;40;7;610.0;610.0;610.0;610.0;610.0;610.0;0.0
6;41;7;610.0;610.0;610.0;610.0;610.0;610.0;0.0
6;42;7;610.0;610.0;610.0;610.0;610.0;610.0;0.0
6;43;7;610.0;610.0;610.0;610.0;610.0;610.0;0.0
6;44;7;610.0;610.0;610.0;610.0;610.0;610.0;0.0
6;45;7;610.0;610.0;610.0;610.0;610.0;610.0;0.0
6;46;7;610.0;610.0;610.0;610.0;610.0;610.0;0.0
6;47;7;610.0;610.0;610.0;610.0;610.0;610.0;0.0
6;48;7;610.0;610.0;610.0;610.0;610.0;610.0;0.0
6;49;7;610.0;610.0;610.0;610.0;610.0;610.0;0.0
6;50;7;610.0;610.0;610.0;610.0;610.0;610.0;0.0
6;51;7;610.0;610.0;610.0;610.0;610.0;610.0;0.0
6;52;7;610.0;610.0;610.0;610.0;610.0;610.0;0.0
6;53;7;610.0;610.0;610.0;610.0;610.0;610.0;0.0
6;54;7;610.0;610.0;610.0;610.0;610.0;610.0;0.0
6;55;7;610.0;610.0;610.0;610.0;610.0;610.0;0.0
6;56;7;610.0;610.0;610.0;610.0;610.0;610.0;0.0
6;57;7;610.0;610.0;610.0;610.0;610.0;610.0;0.0
6;58;7;610.0;610.0;610.0;610.0;610.0;610.0;0.0
6;59;7;610.0;610.0;610.0;610.0;610.0;610.0;0.0
6;60;7;610.0;610.0;610.0;610.0;610.0;610.0;0.0
6;61;7;610.0;610.0;610.0;610.0;610.0;610.0;0.0
6;62;7;610.0;610.0;610.0;610.0;610.0;610.0;0.0
6;63;7;610.0;610.0;610.0;610.0;610.0;610.0;0.0
6;64;7;610.0;610.0;610.0;610.0;610.0;610.0;0.0
6;65;7;610.0;610.0;610.0;610.0;610.0;610.0;0.0
6;66;7;610.0;610.0;610.0;610.0;610.0;610.0;0.0
6;67;7;610.0;610.0;610.0;610.0;610.0;610.0;0.0
6;68;7;610.0;610.0;610.0;610.0;610.0;610.0;0.0
6;69;7;610.0;610.0;610.0;610.0;610.0;610.0;0.0
6;70;7;610.0;610.0;610.0;610.0;610.0;610.0;0.0
6;71;7;610.0;610.0;610.0;610.0;610.0;610.0;0.0
6;72;7;610.0;610.0;610.0;610.0;610.0;610.0;0.0
6;73;7;610.0;610.0;610.0;610.0;610.0;610.0;0.0
6;74;7;610.0;610.0;610.0;610.0;610.0;610.0;0.0
6;75;7;610.0;610.0;610.0;610.0;610.0;610.0;0.0
6;76;7;610.0;610.0;610.0;610.0;610.0;610.0;0.0
6;77;7;626.0;631.0;633.0;749.5;896.0;702.3;112.8
6;78;7;616.0;627.5;631.0;756.5;887.0;700.3;116.0
6;79;7;611.0;618.0;630.0;776.0;898.0;703.9;121.3
6;80;7;612.0;617.0;625.0;720.5;811.0;674.7;84.4
6;81;7;611.0;620.0;628.0;720.5;818.0;676.9;85.0
6;82;7;609.0;614.5;620.0;696.5;780.0;661.6;68.9
6;83;7;611.0;618.0;620.0;680.5;752.0;654.3;58.5
6;84;7;610.0;610.0;610.0;610.0;610.0;610.0;0.0
6;85;7;610.0;610.0;610.0;610.0;610.0;610.0;0.0
6;86;7;610.0;610.0;610.0;610.0;610.0;610.0;0.0
6;87;7;610.0;610.0;610.0;610.0;610.0;610.0;0.0
6;88;7;610.0;610.0;610.0;610.0;610.0;610.0;0.0
6;89;7;610.0;610.0;610.0;610.0;610.0;610.0;0.0
6;90;7;610.0;610.0;610.0;610.0;610.0;610.0;0.0
6;91;7;610.0;610.0;610.0;610.0;610.0;610.0;0.0
6;92;7;610.0;610.0;610.0;610.0;610.0;610.0;0.0
6;93;7;610.0;610.0;610.0;610.0;610.0;610.0;0.0
6;94;7;610.0;610.0;610.0;610.0;610.0;610.0;0.0
6;95;7;610.0;610.0;610.0;610.0;610.0;610.0;0.0
6;96;7;610.0;610.0;610.0;610.0;610.0;610.0;0.0
6;97;7;610.0;610.0;610.0;610.0;610.0;610.0;0.0
6;98;7;610.0;610.0;610.0;610.0;610.0;610.0;0.0
6;99;7;610.0;610.0;610.0;610.0;610.0;610.0;0.0
7;0;7;686.0;952.0;1184.0;1191.0;1208.0;1052.0;213.3
7;1;7;711.0;951.0;1201.0;1207.5;1214.0;1063.3;221.7
7;2;7;731.0;936.5;1134.0;1175.5;1205.0;1042.0;184.9
7;3;7;673.0;948.0;1160.0;1170.5;1185.0;1036.4;207.6
7;4;7;652.0;957.5;1190.0;1197.0;1203.0;1050.6;228.4
7;5;7;642.0;912.0;1158.0;1167.5;1183.0;1020.3;223.2
7;6;7;648.0;916.5;1116.0;1133.0;1150.0;1001.9;192.3
7;7;7;659.0;898.0;1126.0;1149.0;1175.0;1007.7;208.8
7;8;7;718.0;945.0;1165.0;1185.0;1190.0;1047.6;205.2
7;9;7;648.0;873.0;1064.0;1090.0;1138.0;968.0;189.2
7;10;7;638.0;891.5;1089.0;1097.5;1113.0;974.0;193.6
7;11;7;628.0;923.0;1138.0;1147.5;1159.0;1009.4;209.8
7;12;7;661.0;888.5;1081.0;1100.5;1132.0;978.9;189.9
7;13;7;687.0;896.0;1091.0;1132.0;1142.0;996.6;187.5
7;14;7;639.0;662.0;1060.0;1064.5;1079.0;890.1;204.6
7;15;7;645.0;648.5;1077.0;1091.0;1122.0;903.3;222.0
7;16;7;615.0;649.5;991.0;1003.0;1040.0;850.1;184.7
7;17;7;623.0;627.5;876.0;950.5;983.0;805.4;158.2
7;18;7;626.0;644.5;940.0;960.0;985.0;822.9;160.6
7;19;7;618.0;647.0;999.0;1004.5;1012.0;847.4;182.4
7;20;7;623.0;634.0;900.0;903.5;947.0;792.1;141.0
7;21;7;621.0;627.0;844.0;860.0;895.0;762.0;119.5
7;22;7;617.0;624.0;826.0;862.5;889.0;757.9;119.9
7;23;7;615.0;634.0;771.0;795.5;807.0;721.7;82.4
7;24;7;626.0;632.0;794.0;810.0;843.0;735.3;92.2
7;25;7;627.0;630.0;800.0;824.5;844.0;740.0;97.1
7;26;7;616.0;629.5;716.0;730.5;768.0;688.6;57.5
7;27;7;626.0;627.5;711.0;716.0;728.0;678.9;45.2
7;28;7;623.0;637.5;711.0;715.0;721.0;680.0;41.3
7;29;7;620.0;626.0;693.0;715.5;729.0;675.0;45.6
7;30;7;611.0;623.0;665.0;683.0;695.0;654.7;32.7
7;31;7;611.0;626.5;677.0;684.5;688.0;656.9;31.3
7;32;7;608.0;617.0;700.0;711.5;746.0;673.0;53.0
7;33;7;615.0;623.5;667.0;709.0;748.0;670.7;49.1
7;34;7;610.0;614.0;642.0;655.0;667.0;636.7;22.1
7;35;7;618.0;619.5;676.0;696.0;707.0;661.7;38.3
7;36;7;613.0;618.5;640.0;647.5;661.0;635.1;17.1
7;37;7;608.0;616.5;636.0;640.5;646.0;629.1;13.9
7;38;7;617.0;619.5;636.0;639.5;646.0;631.0;11.2
7;39;7;610.0;617.0;617.0;636.0;646.0;625.6;12.5
7;40;7;610.0;610.0;611.0;634.0;636.0;620.7;12.1
7;41;7;609.0;610.0;610.0;634.0;634.0;620.1;12.0
7;42;7;610.0;610.0;610.0;634.0;634.0;620.3;11.9
7;43;7;610.0;610.0;610.0;610.0;610.0;610.0;0.0
7;44;7;610.0;610.0;610.0;610.0;610.0;610.0;0.0
7;45;7;610.0;610.0;610.0;610.0;610.0;610.0;0.0
7;46;7;610.0;610.0;610.0;610.0;610.0;610.0;0.0
7;47;7;610.0;610.0;610.0;610.0;610.0;610.0;0.0
7;48;7;610.0;610.0;610.0;610.0;610.0;610.0;0.0
7;49;7;610.0;610.0;610.0;610.0;610.0;610.0;0.0
7;50;7;610.0;610.0;610.0;610.0;610.0;610.0;0.0
7;51;7;610.0;610.0;610.0;610.0;610.0;610.0;0.0
7;52;7;610.0;610.0;610.0;610.0;610.0;610.0;0.0
7;53;7;610.0;610.0;610.0;610.0;610.0;610.0;0.0
7;54;7;610.0;610.0;610.0;610.0;610.0;610.0;0.0
7;55;7;610.0;610.0;610.0;610.0;610.0;610.0;0.0
7;56;7;610.0;610.0;610.0;610.0;610.0;610.0;0.0
7;57;7;610.0;610.0;610.0;610.0;610.0;610.0;0.0
7;58;7;610.0;610.0;610.0;610.0;610.0;610.0;0.0
7;59;7;610.0;610.0;610.0;610.0;610.0;610.0;0.0
7;60;7;610.0;610.0;610.0;610.0;610.0;610.0;0.0
7;61;7;610.0;610.0;610.0;610.0;610.0;610.0;0.0
7;62;7;610.0;610.0;610.0;610.0;610.0;610.0;0.0
7;63;7;610.0;610.0;610.0;610.0;610.0;610.0;0.0
7;64;7;610.0;610.0;610.0;610.0;610.0;610.0;0.0
7;65;7;610.0;610.0;610.0;610.0;610.0;610.0;0.0
7;66;7;610.0;610.0;610.0;610.0;610.0;610.0;0.0
7;67;7;610.0;610.0;610.0;610.0;610.0;610.0;0.0
7;68;7;610.0;610.0;610.0;610.0;610.0;610.0;0.0
7;69;7;610.0;610.0;610.0;610.0;610.0;610.0;0.0
7;70;7;610.0;610.0;610.0;610.0;610.0;610.0;0.0
7;71;7;610.0;610.0;610.0;610.0;610.0;610.0;0.0
7;72;7;610.0;610.0;610.0;610.0;610.0;610.0;0.0
7;73;7;610.0;610.0;610.0;610.0;610.0;610.0;0.0
7;74;7;610.0;610.0;610.0;610.0;610.0;610.0;0.0
7;75;7;610.0;610.0;610.0;610.0;610.0;610.0;0.0
7;76;7;610.0;610.0;610.0;610.0;610.0;610.0;0.0
7;77;7;610.0;610.0;610.0;610.0;610.0;610.0;0.0
7;78;7;624.0;629.0;631.0;785.5;936.0;717.1;137.8
7;79;7;610.0;619.5;628.0;750.0;886.0;694.7;116.5
7;80;7;611.0;618.5;629.0;753.0;862.0;692.1;106.5
7;81;7;610.0;614.5;625.0;725.5;826.0;677.3;93.3
7;82;7;610.0;613.0;622.0;691.0;755.0;656.4;60.9
7;83;7;610.0;611.0;612.0;675.0;741.0;647.9;53.7
7;84;7;610.0;610.0;610.0;610.0;638.0;614.0;9.8
7;85;7;610.0;610.0;610.0;610.0;610.0;610.0;0.0
7;86;7;610.0;610.0;610.0;610.0;610.0;610.0;0.0
7;87;7;610.0;610.0;610.0;610.0;610.0;610.0;0.0
7;88;7;610.0;610.0;610.0;610.0;610.0;610.0;0.0
7;89;7;610.0;610.0;610.0;610.0;610.0;610.0;0.0
7;90;7;610.0;610.0;610.0;610.0;610.0;610.0;0.0
7;91;7;610.0;610.0;610.0;610.0;610.0;610.0;0.0
7;92;7;610.0;610.0;610.0;610.0;610.0;610.0;0.0
7;93;7;610.0;610.0;610.0;610.0;610.0;610.0;0.0
7;94;7;610.0;610.0;610.0;610.0;610.0;610.0;0.0
7;95;7;610.0;610.0;610.0;610.0;610.0;610.0;0.0
7;96;7;610.0;610.0;610.0;610.0;610.0;610.0;0.0
7;97;7;610.0;610.0;610.0;610.0;610.0;610.0;0.0
7;98;7;610.0;610.0;610.0;610.0;610.0;610.0;0.0
7;99;7;610.0;610.0;610.0;610.0;610.0;610.0;0.0
8;0;7;686.0;961.0;1176.0;1197.5;1220.0;1057.0;214.9
8;1;7;673.0;966.0;1194.0;1200.0;1212.0;1058.7;211.3
8;2;7;719.0;975.5;1205.0;1208.0;1216.0;1072.4;214.8
8;3;7;692.0;946.0;1192.0;1223.0;1242.0;1066.3;231.9
8;4;7;652.0;937.5;1160.0;1177.5;1197.0;1034.1;219.4
8;5;7;734.0;926.5;1128.0;1153.0;1170.0;1027.3;185.1
8;6;7;666.0;976.5;1203.0;1213.0;1230.0;1068.3;218.3
8;7;7;661.0;894.5;1126.0;1145.5;1156.0;1003.3;214.3
8;8;7;720.0;926.5;1119.0;1177.5;1197.0;1034.9;196.7
8;9;7;664.0;895.0;1124.0;1153.0;1164.0;1006.9;210.8
8;10;7;666.0;871.5;1086.0;1097.0;1135.0;974.9;194.1
8;11;7;682.0;928.0;1104.0;1125.0;1135.0;1003.9;181.4
8;12;7;648.0;874.5;1067.0;1075.0;1079.0;956.1;184.1
8;13;7;662.0;866.5;1066.0;1092.5;1109.0;965.0;180.3
8;14;7;643.0;661.5;1040.0;1044.5;1064.0;879.9;194.8
8;15;7;625.0;635.5;997.0;1001.5;1003.0;842.7;182.5
8;16;7;630.0;639.0;980.0;990.0;1005.0;839.0;176.0
8;17;7;628.0;636.0;1057.0;1075.5;1085.0;884.7;217.9
8;18;7;628.0;641.5;976.0;989.0;1014.0;839.9;176.2
8;19;7;627.0;642.0;910.0;937.5;963.0;808.4;149.2
8;20;7;629.0;630.5;896.0;933.0;937.0;798.4;146.4
8;21;7;621.0;626.0;862.0;878.5;914.0;772.3;129.1
8;22;7;613.0;622.5;789.0;826.0;852.0;735.9;102.9
8;23;7;615.0;635.0;835.0;917.5;937.0;784.6;138.9
8;24;7;614.0;622.0;825.0;841.0;853.0;745.4;109.6
8;25;7;611.0;626.0;752.0;770.5;801.0;708.1;77.0
8;26;7;626.0;631.0;762.0;811.0;814.0;726.6;85.8
8;27;7;632.0;664.5;763.0;775.5;795.0;724.3;64.4
8;28;7;617.0;628.0;714.0;719.5;730.0;679.4;48.2
8;29;7;611.0;616.0;706.0;731.5;753.0;680.7;58.9
8;30;7;621.0;629.0;709.0;731.0;743.0;684.7;51.7
8;31;7;613.0;616.0;696.0;702.5;720.0;666.6;45.2
8;32;7;613.0;623.0;728.0;741.0;782.0;693.0;65.5
8;33;7;614.0;621.5;705.0;714.0;723.0;673.3;47.4
8;34;7;609.0;619.0;686.0;710.5;714.0;666.9;45.4
8;35;7;615.0;619.0;696.0;721.5;733.0;675.0;50.7
8;36;7;617.0;628.0;680.0;708.5;715.0;669.3;40.5
8;37;7;610.0;623.0;674.0;683.0;696.0;656.0;33.2
8;38;7;609.0;621.0;667.0;677.5;696.0;652.7;32.2
8;39;7;608.0;612.5;622.0;702.5;744.0;657.7;52.5
8;40;7;609.0;609.5;610.0;696.5;698.0;647.0;43.3
8;41;7;609.0;609.0;609.0;617.0;632.0;614.6;7.9
8;42;7;609.0;609.0;609.0;617.0;617.0;612.4;4.0
8;43;7;608.0;608.5;609.0;609.0;609.0;608.7;0.5
8;44;7;608.0;608.0;608.0;609.0;609.0;608.4;0.5
8;45;7;608.0;609.0;609.0;609.0;609.0;608.9;0.3
8;46;7;608.0;608.0;608.0;609.0;609.0;608.4;0.5
8;47;7;608.0;608.0;608.0;608.5;609.0;608.3;0.5
8;48;7;608.0;608.0;608.0;608.0;608.0;608.0;0.0
8;49;7;608.0;608.0;608.0;608.0;608.0;608.0;0.0
8;50;7;608.0;608.0;608.0;608.0;608.0;608.0;0.0
8;51;7;608.0;608.0;608.0;608.0;608.0;608.0;0.0
8;52;7;608.0;608.0;608.0;608.0;608.0;608.0;0.0
8;53;7;608.0;608.0;608.0;608.0;608.0;608.0;0.0
8;54;7;608.0;608.0;608.0;608.0;608.0;608.0;0.0
8;55;7;608.0;608.0;608.0;608.0;608.0;608.0;0.0
8;56;7;608.0;608.0;608.0;608.0;608.0;608.0;0.0
8;57;7;608.0;608.0;608.0;608.0;608.0;608.0;0.0
8;58;7;608.0;608.0;608.0;608.0;608.0;608.0;0.0
8;59;7;608.0;608.0;608.0;608.0;608.0;608.0;0.0
8;60;7;608.0;608.0;608.0;608.0;608.0;608.0;0.0
8;61;7;608.0;608.0;608.0;608.0;608.0;608.0;0.0
8;62;7;608.0;608.0;608.0;608.0;608.0;608.0;0.0
8;63;7;608.0;608.0;608.0;608.0;608.0;608.0;0.0
8;64;7;608.0;608.0;608.0;608.0;608.0;608.0;0.0
8;65;7;608.0;608.0;608.0;608.0;608.0;608.0;0.0
8;66;7;608.0;608.0;608.0;608.0;608.0;608.0;0.0
8;67;7;608.0;608.0;608.0;608.0;608.0;608.0;0.0
8;68;7;608.0;608.0;608.0;608.0;608.0;608.0;0.0
8;69;7;608.0;608.0;608.0;608.0;608.0;608.0;0.0
8;70;7;608.0;608.0;608.0;608.0;608.0;608.0;0.0
8;71;7;608.0;608.0;608.0;608.0;608.0;608.0;0.0
8;72;7;608.0;608.0;608.0;608.0;608.0;608.0;0.0
8;73;7;608.0;608.0;608.0;608.0;608.0;608.0;0.0
8;74;7;608.0;608.0;608.0;608.0;608.0;608.0;0.0
8;75;7;608.0;608.0;608.0;608.0;608.0;608.0;0.0
8;76;7;608.0;608.0;608.0;608.0;608.0;608.0;0.0
8;77;7;608.0;608.0;608.0;608.0;608.0;608.0;0.0
8;78;7;608.0;608.0;608.0;608.0;608.0;608.0;0.0
8;79;7;608.0;608.0;608.0;608.0;608.0;608.0;0.0
8;80;7;608.0;608.0;608.0;608.0;608.0;608.0;0.0
8;81;7;608.0;608.0;608.0;608.0;608.0;608.0;0.0
8;82;7;608.0;608.0;608.0;608.0;608.0;608.0;0.0
8;83;7;608.0;608.0;608.0;608.0;608.0;608.0;0.0
8;84;7;608.0;608.0;608.0;608.0;608.0;608.0;0.0
8;85;7;611.0;622.5;626.0;760.0;928.0;704.3;129.7
8;86;7;609.0;617.0;633.0;741.5;893.0;693.1;113.1
8;87;7;625.0;626.0;638.0;733.5;854.0;690.9;95.4
8;88;7;609.0;619.0;630.0;709.5;802.0;671.1;79.2
8;89;7;608.0;609.0;609.0;613.5;751.0;630.4;49.3
8;90;7;609.0;612.5;630.0;640.0;751.0;642.1;46.4
8;91;7;609.0;614.5;627.0;634.5;751.0;640.7;46.2
8;92;7;608.0;610.0;630.0;641.5;751.0;641.7;46.9
8;93;7;608.0;613.0;616.0;616.0;746.0;632.6;46.4
8;94;7;608.0;608.5;609.0;613.0;751.0;630.1;49.4
8;95;7;608.0;608.0;611.0;616.0;741.0;629.7;45.6
8;96;7;608.0;609.0;609.0;609.0;751.0;629.1;49.7
8;97;7;608.0;608.5;611.0;613.5;751.0;630.6;49.2
8;98;7;608.0;609.0;610.0;614.5;751.0;630.9;49.1
8;99;7;608.0;608.5;609.0;615.0;751.0;630.7;49.3
9;0;7;624.0;908.0;1200.0;1223.5;1229.0;1045.1;245.3
9;1;7;695.0;934.0;1166.0;1175.0;1194.0;1039.0;201.3
9;2;7;762.0;957.0;1136.0;1147.5;1157.0;1037.7;164.3
9;3;7;664.0;913.0;1121.0;1130.5;1185.0;1008.1;205.8
9;4;7;726.0;925.0;1129.0;1155.0;1181.0;1028.0;188.9
9;5;7;683.0;940.5;1149.0;1161.0;1175.0;1030.0;198.4
9;6;7;676.0;910.0;1131.0;1143.5;1162.0;1010.9;203.5
9;7;7;679.0;946.0;1167.0;1186.5;1193.0;1043.4;209.2
9;8;7;668.0;922.5;1140.0;1157.5;1180.0;1021.1;208.9
9;9;7;640.0;874.5;1090.0;1121.0;1127.0;978.3;207.6
9;10;7;653.0;908.0;1067.0;1096.0;1118.0;978.0;175.1
9;11;7;662.0;872.0;1083.0;1093.5;1101.0;968.1;192.8
9;12;7;642.0;842.5;1062.0;1085.5;1110.0;952.9;193.9
9;13;7;631.0;815.0;1003.0;1008.0;1054.0;904.9;170.2
9;14;7;622.0;679.5;1019.0;1035.0;1044.0;873.4;186.8
9;15;7;638.0;660.0;1047.0;1070.5;1086.0;890.3;206.3
9;16;7;623.0;632.0;984.0;1004.5;1014.0;842.0;184.7
9;17;7;636.0;643.0;932.0;954.0;976.0;819.7;155.5
9;18;7;618.0;624.0;912.0;917.0;930.0;791.7;147.1
9;19;7;620.0;628.0;864.0;912.5;939.0;786.3;141.0
9;20;7;618.0;640.0;866.0;921.0;941.0;792.4;140.1
9;21;7;619.0;627.5;895.0;917.0;946.0;792.7;146.2
9;22;7;622.0;633.0;759.0;820.0;839.0;732.3;92.5
9;23;7;615.0;628.5;831.0;851.5;866.0;753.1;112.5
9;24;7;616.0;628.5;799.0;812.0;864.0;737.1;99.6
9;25;7;610.0;631.0;729.0;746.0;751.0;692.0;59.8
9;26;7;620.0;628.0;733.0;749.0;769.0;696.6;62.7
9;27;7;617.0;633.5;763.0;770.0;773.0;708.6;70.1
9;28;7;612.0;613.5;698.0;700.5;711.0;664.1;44.5
9;29;7;612.0;615.0;659.0;678.5;689.0;649.6;32.2
9;30;7;612.0;616.5;650.0;657.5;664.0;639.1;21.5
9;31;7;610.0;614.0;652.0;656.0;662.0;637.7;22.0
9;32;7;610.0;611.0;636.0;644.0;653.0;629.9;17.3
9;33;7;610.0;610.0;610.0;611.0;614.0;610.9;1.4
9;34;7;610.0;610.0;610.0;610.0;610.0;610.0;0.0
9;35;7;610.0;610.0;610.0;610.0;610.0;610.0;0.0
9;36;7;610.0;610.0;610.0;610.0;610.0;610.0;0.0
9;37;7;610.0;610.0;610.0;610.0;610.0;610.0;0.0
9;38;7;610.0;610.0;610.0;610.0;610.0;610.0;0.0
9;39;7;610.0;610.0;610.0;610.0;610.0;610.0;0.0
9;40;7;610.0;610.0;610.0;610.0;610.0;610.0;0.0
9;41;7;610.0;610.0;610.0;610.0;610.0;610.0;0.0
9;42;7;610.0;610.0;610.0;610.0;610.0;610.0;0.0
9;43;7;610.0;610.0;610.0;610.0;610.0;610.0;0.0
9;44;7;610.0;610.0;610.0;610.0;610.0;610.0;0.0
9;45;7;610.0;610.0;610.0;610.0;610.0;610.0;0.0
9;46;7;610.0;610.0;610.0;610.0;610.0;610.0;0.0
9;47;7;610.0;610.0;610.0;610.0;610.0;610.0;0.0
9;48;7;610.0;610.0;610.0;610.0;610.0;610.0;0.0
9;49;7;610.0;610.0;610.0;610.0;610.0;610.0;0.0
9;50;7;610.0;610.0;610.0;610.0;610.0;610.0;0.0
9;51;7;610.0;610.0;610.0;610.0;610.0;610.0;0.0
9;52;7;610.0;610.0;610.0;610.0;610.0;610.0;0.0
9;53;7;610.0;610.0;610.0;610.0;610.0;610.0;0.0
9;54;7;610.0;610.0;610.0;610.0;610.0;610.0;0.0
9;55;7;610.0;610.0;610.0;610.0;610.0;610.0;0.0
9;56;7;610.0;610.0;610.0;610.0;610.0;610.0;0.0
9;57;7;610.0;610.0;610.0;610.0;610.0;610.0;0.0
9;58;7;610.0;610.0;610.0;610.0;610.0;610.0;0.0
9;59;7;610.0;610.0;610.0;610.0;610.0;610.0;0.0
9;60;7;610.0;610.0;610.0;610.0;610.0;610.0;0.0
9;61;7;610.0;610.0;610.0;610.0;610.0;610.0;0.0
9;62;7;610.0;610.0;610.0;610.0;610.0;610.0;0.0
9;63;7;610.0;610.0;610.0;610.0;610.0;610.0;0.0
9;64;7;610.0;610.0;610.0;610.0;610.0;610.0;0.0
9;65;7;610.0;610.0;610.0;610.0;610.0;610.0;0.0
9;66;7;610.0;610.0;610.0;610.0;610.0;610.0;0.0
9;67;7;610.0;610.0;610.0;610.0;610.0;610.0;0.0
9;68;7;610.0;610.0;610.0;610.0;610.0;610.0;0.0
9;69;7;610.0;610.0;610.0;610.0;610.0;610.0;0.0
9;70;7;610.0;610.0;610.0;610.0;610.0;610.0;0.0
9;71;7;621.0;634.5;669.0;806.5;933.0;729.3;130.1
9;72;7;621.0;633.5;654.0;827.0;952.0;735.4;138.9
9;73;7;617.0;623.5;632.0;763.0;888.0;701.4;117.6
9;74;7;610.0;619.0;631.0;784.5;922.0;710.0;129.5
9;75;7;619.0;622.5;628.0;701.5;781.0;668.0;67.6
9;76;7;614.0;615.0;624.0;725.5;831.0;678.6;94.9
9;77;7;610.0;624.0;651.0;724.0;788.0;677.9;70.2
9;78;7;613.0;617.0;618.0;682.5;748.0;654.0;59.2
9;79;7;618.0;618.0;618.0;643.5;682.0;634.4;26.2
9;80;7;618.0;618.0;618.0;655.0;695.0;639.6;34.1
9;81;7;618.0;618.0;618.0;642.5;673.0;632.9;23.5
9;82;7;610.0;618.0;618.0;618.5;694.0;627.9;27.2
9;83;7;618.0;618.0;618.0;618.0;666.0;624.9;16.8
9;84;7;614.0;614.0;614.0;625.0;767.0;639.0;52.6
9;85;7;609.0;612.0;618.0;631.5;763.0;639.6;51.1
9;86;7;609.0;609.5;610.0;689.0;764.0;654.3;69.4
9;87;7;610.0;610.5;618.0;685.5;740.0;651.4;56.4
9;88;7;609.0;611.0;611.0;676.5;740.0;647.9;58.3
9;89;7;610.0;610.0;610.0;610.0;703.0;623.3;32.5
9;90;7;610.0;610.0;610.0;610.5;733.0;627.7;43.0
9;91;7;610.0;610.0;610.0;610.0;705.0;623.6;33.2
9;92;7;610.0;610.0;610.0;610.0;611.0;610.1;0.3
9;93;7;610.0;610.0;610.0;610.0;611.0;610.1;0.3
9;94;7;610.0;610.0;610.0;610.0;611.0;610.1;0.3
9;95;7;610.0;610.0;610.0;610.0;610.0;610.0;0.0
9;96;7;610.0;610.0;610.0;610.0;610.0;610.0;0.0
9;97;7;610.0;610.0;610.0;610.0;610.0;610.0;0.0
9;98;7;610.0;610.0;610.0;610.0;610.0;610.0;0.0
9;99;7;610.0;610.0;610.0;610.0;610.0;610.0;0.0
10;0;7;699.0;956.5;1189.0;1201.0;1220.0;1060.4;214.1
10;1;7;674.0;930.0;1176.0;1189.0;1206.0;1042.0;221.6
10;2;7;711.0;974.5;1195.0;1209.5;1221.0;1070.7;207.9
10;3;7;706.0;929.5;1162.0;1172.0;1188.0;1037.0;208.7
10;4;7;635.0;875.5;1109.0;1165.5;1189.0;1002.1;231.9
10;5;7;703.0;923.0;1144.0;1159.0;1178.0;1027.0;204.7
10;6;7;665.0;921.0;1124.0;1142.0;1154.0;1009.9;200.7
10;7;7;654.0;916.0;1119.0;1143.5;1158.0;1007.1;200.5
10;8;7;683.0;914.0;1115.0;1134.5;1170.0;1009.3;197.2
10;9;7;652.0;874.0;1090.0;1120.0;1133.0;980.4;204.3
10;10;7;682.0;914.0;1110.0;1129.0;1150.0;1004.0;189.6
10;11;7;620.0;828.5;1066.0;1082.5;1096.0;943.4;198.9
10;12;7;671.0;870.5;1039.0;1049.5;1067.0;945.3;163.8
10;13;7;631.0;833.5;1029.0;1038.5;1048.0;921.7;173.3
10;14;7;627.0;677.5;1017.0;1035.5;1045.0;873.6;185.3
10;15;7;637.0;672.5;993.0;1032.0;1098.0;876.7;190.7
10;16;7;637.0;655.0;1017.0;1023.5;1047.0;865.4;187.8
10;17;7;630.0;634.0;938.0;965.5;1018.0;826.4;169.4
10;18;7;620.0;627.5;956.0;965.5;997.0;822.7;171.6
10;19;7;617.0;631.5;924.0;939.0;952.0;804.9;154.6
10;20;7;626.0;632.5;900.0;916.5;930.0;793.4;141.7
10;21;7;618.0;650.5;890.0;900.5;924.0;790.6;131.7
10;22;7;609.0;621.5;815.0;839.5;846.0;741.7;108.2
10;23;7;621.0;628.5;815.0;821.5;830.0;738.0;97.1
10;24;7;611.0;622.5;780.0;795.5;797.0;717.7;86.1
10;25;7;610.0;622.5;721.0;733.0;743.0;683.6;57.1
10;26;7;614.0;619.5;691.0;707.0;721.0;668.4;44.7
10;27;7;610.0;618.0;694.0;720.0;739.0;674.1;53.0
10;28;7;610.0;615.0;662.0;678.5;689.0;649.7;32.8
10;29;7;610.0;613.5;645.0;648.5;651.0;632.9;18.0
10;30;7;608.0;622.0;650.0;650.5;654.0;636.7;17.4
10;31;7;608.0;609.0;650.0;650.0;650.0;632.3;20.5
10;32;7;608.0;608.0;608.0;628.0;649.0;619.6;16.4
10;33;7;608.0;608.0;608.0;608.0;608.0;608.0;0.0
10;34;7;608.0;608.0;608.0;608.0;608.0;608.0;0.0
10;35;7;608.0;608.0;608.0;608.0;608.0;608.0;0.0
10;36;7;608.0;608.0;608.0;608.0;608.0;608.0;0.0
10;37;7;608.0;608.0;608.0;608.0;608.0;608.0;0.0
10;38;7;608.0;608.0;608.0;608.0;608.0;608.0;0.0
10;39;7;608.0;608.0;608.0;608.0;608.0;608.0;0.0
10;40;7;608.0;608.0;608.0;608.0;608.0;608.0;0.0
10;41;7;608.0;608.0;608.0;608.0;608.0;608.0;0.0
10;42;7;608.0;608.0;608.0;608.0;608.0;608.0;0.0
10;43;7;608.0;608.0;608.0;608.0;608.0;608.0;0.0
10;44;7;608.0;608.0;608.0;608.0;608.0;608.0;0.0
10;45;7;608.0;608.0;608.0;608.0;608.0;608.0;0.0
10;46;7;608.0;608.0;608.0;608.0;608.0;608.0;0.0
10;47;7;608.0;608.0;608.0;608.0;608.0;608.0;0.0
10;48;7;608.0;608.0;608.0;608.0;608.0;608.0;0.0
10;49;7;608.0;608.0;608.0;608.0;608.0;608.0;0.0
10;50;7;608.0;608.0;608.0;608.0;608.0;608.0;0.0
10;51;7;608.0;608.0;608.0;608.0;608.0;608.0;0.0
10;52;7;608.0;608.0;608.0;608.0;608.0;608.0;0.0
10;53;7;608.0;608.0;608.0;608.0;608.0;608.0;0.0
10;54;7;608.0;608.0;608.0;608.0;608.0;608.0;0.0
10;55;7;608.0;608.0;608.0;608.0;608.0;608.0;0.0
10;56;7;608.0;608.0;608.0;608.0;608.0;608.0;0.0
10;57;7;608.0;608.0;608.0;608.0;608.0;608.0;0.0
10;58;7;608.0;608.0;608.0;608.0;608.0;608.0;0.0
10;59;7;608.0;608.0;608.0;608.0;608.0;608.0;0.0
10;60;7;608.0;608.0;608.0;608.0;608.0;608.0;0.0
10;61;7;608.0;608.0;608.0;608.0;608.0;608.0;0.0
10;62;7;608.0;608.0;608.0;608.0;608.0;608.0;0.0
10;63;7;608.0;608.0;608.0;608.0;608.0;608.0;0.0
10;64;7;608.0;608.0;608.0;608.0;608.0;608.0;0.0
10;65;7;608.0;608.0;608.0;608.0;608.0;608.0;0.0
10;66;7;608.0;608.0;608.0;608.0;608.0;608.0;0.0
10;67;7;608.0;608.0;608.0;608.0;608.0;608.0;0.0
10;68;7;608.0;608.0;608.0;608.0;608.0;608.0;0.0
10;69;7;608.0;608.0;608.0;608.0;608.0;608.0;0.0
10;70;7;608.0;608.0;608.0;608.0;608.0;608.0;0.0
10;71;7;608.0;608.0;608.0;608.0;608.0;608.0;0.0
10;72;7;608.0;608.0;608.0;608.0;608.0;608.0;0.0
10;73;7;608.0;608.0;608.0;608.0;608.0;608.0;0.0
10;74;7;608.0;608.0;608.0;608.0;608.0;608.0;0.0
10;75;7;608.0;608.0;608.0;608.0;608.0;608.0;0.0
10;76;7;613.0;632.5;639.0;809.0;954.0;727.0;142.0
10;77;7;617.0;623.0;627.0;788.5;904.0;710.1;123.6
10;78;7;609.0;621.5;627.0;739.5;862.0;688.6;105.3
10;79;7;623.0;625.5;628.0;749.5;880.0;697.3;112.1
10;80;7;614.0;623.0;637.0;732.0;827.0;684.0;90.2
10;81;7;609.0;613.0;616.0;754.5;883.0;691.9;118.6
10;82;7;609.0;624.5;637.0;707.0;831.0;677.1;81.6
10;83;7;608.0;608.0;614.0;646.5;688.0;631.3;30.7
10;84;7;608.0;608.0;616.0;628.5;655.0;621.7;17.4
10;85;7;608.0;608.0;608.0;608.0;608.0;608.0;0.0
10;86;7;608.0;608.0;608.0;608.0;608.0;608.0;0.0
10;87;7;608.0;608.0;608.0;608.0;608.0;608.0;0.0
10;88;7;608.0;608.0;608.0;608.0;608.0;608.0;0.0
10;89;7;608.0;608.0;608.0;608.0;608.0;608.0;0.0
10;90;7;608.0;608.0;608.0;608.0;608.0;608.0;0.0
10;91;7;608.0;608.0;608.0;608.0;608.0;608.0;0.0
10;92;7;608.0;608.0;608.0;608.0;608.0;608.0;0.0
10;93;7;608.0;608.0;608.0;608.0;608.0;608.0;0.0
10;94;7;608.0;608.0;608.0;608.0;608.0;608.0;0.0
10;95;7;608.0;608.0;608.0;608.0;608.0;608.0;0.0
10;96;7;608.0;608.0;608.0;608.0;608.0;608.0;0.0
10;97;7;608.0;608.0;608.0;608.0;608.0;608.0;0.0
10;98;7;608.0;608.0;608.0;608.0;608.0;608.0;0.0
10;99;7;608.0;608.0;608.0;608.0;608.0;608.0;0.0
11;0;7;785.0;979.0;1186.0;1204.0;1222.0;1079.9;185.6
11;1;7;733.0;952.0;1122.0;1174.0;1207.0;1044.9;183.8
11;2;7;676.0;944.5;1171.0;1184.0;1206.0;1044.3;210.0
11;3;7;731.0;1001.5;1193.0;1221.0;1224.0;1084.7;196.2
11;4;7;649.0;886.0;1082.0;1093.0;1127.0;973.7;193.0
11;5;7;658.0;905.5;1120.0;1158.0;1181.0;1012.3;208.0
11;6;7;678.0;943.0;1146.0;1156.5;1174.0;1028.1;196.1
11;7;7;678.0;950.0;1148.0;1158.0;1176.0;1031.1;200.8
11;8;7;722.0;915.0;1111.0;1120.5;1168.0;1010.3;182.7
11;9;7;694.0;878.0;1070.0;1087.0;1094.0;969.7;172.0
11;10;7;703.0;931.0;1123.0;1127.0;1160.0;1014.6;185.7
11;11;7;663.0;865.5;1035.0;1063.5;1087.0;949.0;170.9
11;12;7;661.0;861.5;1074.0;1090.0;1115.0;964.7;192.6
11;13;7;627.0;821.5;1019.0;1089.5;1106.0;939.1;198.7
11;14;7;629.0;657.0;999.0;1019.0;1053.0;861.9;186.5
11;15;7;625.0;662.0;998.0;1002.5;1014.0;852.3;175.9
11;16;7;618.0;635.5;1016.0;1045.0;1054.0;864.1;203.4
11;17;7;616.0;628.0;945.0;972.0;977.0;819.7;169.8
11;18;7;622.0;633.0;939.0;965.5;994.0;821.7;167.6
11;19;7;615.0;629.0;858.0;873.5;898.0;768.0;125.0
11;20;7;618.0;625.5;841.0;894.5;919.0;774.0;133.1
11;21;7;620.0;625.5;879.0;889.5;939.0;781.1;137.6
11;22;7;622.0;630.0;792.0;840.0;857.0;744.4;103.3
11;23;7;621.0;635.0;809.0;830.5;836.0;742.4;97.6
11;24;7;610.0;637.0;793.0;803.0;808.0;727.3;86.6
11;25;7;627.0;631.5;746.0;753.5;763.0;700.9;61.6
11;26;7;613.0;630.0;718.0;731.0;745.0;685.4;53.9
11;27;7;618.0;624.0;735.0;743.5;752.0;691.4;60.4
11;28;7;612.0;622.0;723.0;732.5;753.0;685.3;58.4
11;29;7;616.0;621.5;701.0;710.5;733.0;673.4;47.5
11;30;7;624.0;631.5;688.0;699.5;708.0;668.9;35.0
11;31;7;610.0;627.5;668.0;677.0;690.0;653.9;29.8
11;32;7;617.0;627.5;665.0;669.5;677.0;650.4;23.8
11;33;7;615.0;622.5;662.0;674.0;676.0;649.4;26.2
11;34;7;613.0;622.0;668.0;670.0;676.0;648.7;26.0
11;35;7;617.0;625.5;662.0;662.5;667.0;646.0;20.5
11;36;7;621.0;626.5;685.0;690.0;696.0;662.1;32.7
11;37;7;612.0;625.0;674.0;679.5;688.0;654.7;30.1
11;38;7;620.0;624.5;655.0;655.0;655.0;641.3;16.0
11;39;7;612.0;621.0;624.0;654.5;655.0;634.6;17.7
11;40;7;620.0;622.0;622.0;654.5;655.0;635.7;16.4
11;41;7;612.0;612.0;613.0;655.0;655.0;630.6;21.2
11;42;7;612.0;612.0;612.0;649.5;654.0;628.7;19.4
11;43;7;612.0;612.0;612.0;612.0;612.0;612.0;0.0
11;44;7;612.0;612.0;612.0;612.0;612.0;612.0;0.0
11;45;7;612.0;612.0;612.0;612.0;612.0;612.0;0.0
11;46;7;612.0;612.0;612.0;612.0;612.0;612.0;0.0
11;47;7;612.0;612.0;612.0;612.0;612.0;612.0;0.0
11;48;7;612.0;612.0;612.0;612.0;612.0;612.0;0.0
11;49;7;612.0;612.0;612.0;612.0;612.0;612.0;0.0
11;50;7;612.0;612.0;612.0;612.0;612.0;612.0;0.0
11;51;7;612.0;612.0;612.0;612.0;612.0;612.0;0.0
11;52;7;612.0;612.0;612.0;612.0;612.0;612.0;0.0
11;53;7;612.0;612.0;612.0;612.0;612.0;612.0;0.0
11;54;7;612.0;612.0;612.0;612.0;612.0;612.0;0.0
11;55;7;612.0;612.0;612.0;612.0;612.0;612.0;0.0
11;56;7;612.0;612.0;612.0;612.0;612.0;612.0;0.0
11;57;7;612.0;612.0;612.0;612.0;612.0;612.0;0.0
11;58;7;612.0;612.0;612.0;612.0;612.0;612.0;0.0
11;59;7;612.0;612.0;612.0;612.0;612.0;612.0;0.0
11;60;7;612.0;612.0;612.0;612.0;612.0;612.0;0.0
11;61;7;612.0;612.0;612.0;612.0;612.0;612.0;0.0
11;62;7;612.0;612.0;612.0;612.0;612.0;612.0;0.0
11;63;7;612.0;612.0;612.0;612.0;612.0;612.0;0.0
11;64;7;612.0;612.0;612.0;612.0;612.0;612.0;0.0
11;65;7;612.0;612.0;612.0;612.0;612.0;612.0;0.0
11;66;7;612.0;612.0;612.0;612.0;612.0;612.0;0.0
11;67;7;612.0;612.0;612.0;612.0;612.0;612.0;0.0
11;68;7;612.0;612.0;612.0;612.0;612.0;612.0;0.0
11;69;7;612.0;612.0;612.0;612.0;612.0;612.0;0.0
11;70;7;625.0;631.5;658.0;833.5;994.0;743.9;158.7
11;71;7;617.0;625.0;627.0;777.5;901.0;707.1;122.2
11;72;7;620.0;628.5;634.0;766.5;899.0;706.1;121.5
11;73;7;618.0;620.0;639.0;778.5;906.0;708.6;123.4
11;74;7;611.0;613.0;622.0;735.0;845.0;682.0;101.4
11;75;7;611.0;614.0;617.0;691.0;769.0;658.1;66.2
11;76;7;608.0;613.5;625.0;679.0;738.0;650.9;51.7
11;77;7;608.0;610.0;612.0;658.5;713.0;638.6;44.6
11;78;7;610.0;611.0;613.0;656.5;732.0;641.4;46.5
11;79;7;612.0;612.0;612.0;612.0;619.0;613.0;2.4
11;80;7;610.0;612.0;612.0;612.0;612.0;611.7;0.7
11;81;7;612.0;612.0;612.0;612.0;612.0;612.0;0.0
11;82;7;612.0;612.0;612.0;612.0;612.0;612.0;0.0
11;83;7;612.0;612.0;612.0;612.0;612.0;612.0;0.0
11;84;7;612.0;612.0;612.0;612.0;612.0;612.0;0.0
11;85;7;612.0;612.0;612.0;612.0;612.0;612.0;0.0
11;86;7;612.0;612.0;612.0;612.0;612.0;612.0;0.0
11;87;7;612.0;612.0;612.0;612.0;612.0;612.0;0.0
11;88;7;612.0;612.0;612.0;612.0;612.0;612.0;0.0
11;89;7;612.0;612.0;612.0;612.0;612.0;612.0;0.0
11;90;7;612.0;612.0;612.0;612.0;612.0;612.0;0.0
11;91;7;612.0;612.0;612.0;612.0;612.0;612.0;0.0
11;92;7;612.0;612.0;612.0;612.0;612.0;612.0;0.0
11;93;7;612.0;612.0;612.0;612.0;612.0;612.0;0.0
11;94;7;612.0;612.0;612.0;612.0;612.0;612.0;0.0
11;95;7;612.0;612.0;612.0;612.0;612.0;612.0;0.0
11;96;7;612.0;612.0;612.0;612.0;612.0;612.0;0.0
11;97;7;612.0;612.0;612.0;612.0;612.0;612.0;0.0
11;98;7;612.0;612.0;612.0;612.0;612.0;612.0;0.0
11;99;7;612.0;612.0;612.0;612.0;612.0;612.0;0.0
12;0;7;688.0;905.5;1141.0;1167.0;1200.0;1024.9;207.8
12;1;7;713.0;971.5;1174.0;1188.5;1207.0;1059.1;200.6
12;2;7;674.0;957.0;1177.0;1201.5;1209.0;1053.9;215.5
12;3;7;759.0;960.0;1160.0;1175.5;1180.0;1052.9;179.2
12;4;7;690.0;905.0;1133.0;1146.5;1165.0;1013.0;199.7
12;5;7;681.0;959.0;1168.0;1186.0;1192.0;1047.3;209.7
12;6;7;655.0;929.5;1170.0;1178.0;1183.0;1031.9;219.7
12;7;7;705.0;928.5;1147.0;1159.5;1171.0;1028.4;202.0
12;8;7;661.0;858.5;1106.0;1128.0;1152.0;984.6;198.8
12;9;7;653.0;869.0;1072.0;1096.0;1129.0;969.1;189.8
12;10;7;683.0;920.0;1163.0;1166.0;1167.0;1026.4;212.6
12;11;7;695.0;869.0;1016.0;1072.0;1093.0;955.1;157.7
12;12;7;696.0;890.5;1086.0;1118.0;1139.0;991.1;182.1
12;13;7;619.0;834.5;1080.0;1085.5;1097.0;948.0;206.8
12;14;7;623.0;644.5;1044.0;1071.5;1083.0;883.1;213.3
12;15;7;618.0;667.5;1052.0;1063.5;1079.0;887.3;206.2
12;16;7;618.0;658.0;964.0;1043.5;1061.0;863.7;192.4
12;17;7;626.0;657.5;978.0;1003.0;1014.0;848.4;175.1
12;18;7;619.0;625.0;896.0;973.5;982.0;813.4;167.1
12;19;7;628.0;658.5;974.0;990.0;1001.0;842.9;168.9
12;20;7;614.0;648.0;945.0;947.0;948.0;813.9;154.2
12;21;7;615.0;626.5;873.0;893.5;931.0;779.9;137.2
12;22;7;614.0;634.0;799.0;847.5;870.0;749.4;108.3
12;23;7;621.0;629.0;752.0;808.0;835.0;726.0;89.4
12;24;7;625.0;635.5;775.0;836.5;863.0;743.9;100.4
12;25;7;611.0;644.5;787.0;792.0;823.0;727.7;83.1
12;26;7;621.0;625.5;754.0;775.0;778.0;707.7;72.9
12;27;7;620.0;624.5;703.0;720.5;747.0;680.0;51.3
12;28;7;620.0;633.5;716.0;736.5;742.0;688.3;52.3
12;29;7;611.0;620.0;688.0;692.5;697.0;660.1;37.6
12;30;7;623.0;628.0;725.0;728.5;738.0;685.6;51.5
12;31;7;621.0;631.0;690.0;697.0;703.0;667.1;34.6
12;32;7;610.0;610.0;650.0;658.0;669.0;637.9;24.7
12;33;7;610.0;611.0;619.0;619.0;619.0;615.4;4.2
12;34;7;610.0;610.0;618.0;619.0;619.0;615.0;4.3
12;35;7;610.0;610.0;616.0;616.5;618.0;613.9;3.4
12;36;7;610.0;610.0;610.0;610.0;610.0;610.0;0.0
12;37;7;610.0;610.0;610.0;610.0;610.0;610.0;0.0
12;38;7;610.0;610.0;610.0;610.0;610.0;610.0;0.0
12;39;7;610.0;610.0;610.0;610.0;610.0;610.0;0.0
12;40;7;610.0;610.0;610.0;610.0;610.0;610.0;0.0
12;41;7;610.0;610.0;610.0;610.0;610.0;610.0;0.0
12;42;7;610.0;610.0;610.0;610.0;610.0;610.0;0.0
12;43;7;610.0;610.0;610.0;610.0;610.0;610.0;0.0
12;44;7;610.0;610.0;610.0;610.0;610.0;610.0;0.0
12;45;7;610.0;610.0;610.0;610.0;610.0;610.0;0.0
12;46;7;610.0;610.0;610.0;610.0;610.0;610.0;0.0
12;47;7;610.0;610.0;610.0;610.0;610.0;610.0;0.0
12;48;7;610.0;610.0;610.0;610.0;610.0;610.0;0.0
12;49;7;610.0;610.0;610.0;610.0;610.0;610.0;0.0
12;50;7;610.0;610.0;610.0;610.0;610.0;610.0;0.0
12;51;7;610.0;610.0;610.0;610.0;610.0;610.0;0.0
12;52;7;610.0;610.0;610.0;610.0;610.0;610.0;0.0
12;53;7;610.0;610.0;610.0;610.0;610.0;610.0;0.0
12;54;7;610.0;610.0;610.0;610.0;610.0;610.0;0.0
12;55;7;610.0;610.0;610.0;610.0;610.0;610.0;0.0
12;56;7;610.0;610.0;610.0;610.0;610.0;610.0;0.0
12;57;7;610.0;610.0;610.0;610.0;610.0;610.0;0.0
12;58;7;610.0;610.0;610.0;610.0;610.0;610.0;0.0
12;59;7;610.0;610.0;610.0;610.0;610.0;610.0;0.0
12;60;7;610.0;610.0;610.0;610.0;610.0;610.0;0.0
12;61;7;610.0;610.0;610.0;610.0;610.0;610.0;0.0
12;62;7;610.0;610.0;610.0;610.0;610.0;610.0;0.0
12;63;7;610.0;610.0;610.0;610.0;610.0;610.0;0.0
12;64;7;610.0;610.0;610.0;610.0;610.0;610.0;0.0
12;65;7;610.0;610.0;610.0;610.0;610.0;610.0;0.0
12;66;7;610.0;610.0;610.0;610.0;610.0;610.0;0.0
12;67;7;610.0;610.0;610.0;610.0;610.0;610.0;0.0
12;68;7;610.0;610.0;610.0;610.0;610.0;610.0;0.0
12;69;7;610.0;610.0;610.0;610.0;610.0;610.0;0.0
12;70;7;610.0;610.0;610.0;610.0;610.0;610.0;0.0
12;71;7;610.0;610.0;610.0;610.0;610.0;610.0;0.0
12;72;7;610.0;610.0;610.0;610.0;610.0;610.0;0.0
12;73;7;610.0;610.0;610.0;610.0;610.0;610.0;0.0
12;74;7;610.0;610.0;610.0;610.0;610.0;610.0;0.0
12;75;7;610.0;610.0;610.0;610.0;610.0;610.0;0.0
12;76;7;610.0;610.0;610.0;610.0;610.0;610.0;0.0
12;77;7;610.0;610.0;610.0;610.0;610.0;610.0;0.0
12;78;7;616.0;628.0;629.0;786.0;948.0;717.3;143.8
12;79;7;616.0;620.5;627.0;753.5;849.0;691.4;98.9
12;80;7;615.0;622.5;629.0;750.5;881.0;695.9;113.2
12;81;7;611.0;623.5;627.0;735.5;818.0;682.0;86.3
12;82;7;610.0;614.0;623.0;717.0;822.0;673.9;89.5
12;83;7;610.0;617.5;623.0;684.5;751.0;655.4;59.0
12;84;7;608.0;609.0;610.0;694.5;771.0;656.6;71.8
12;85;7;610.0;610.0;613.0;656.0;688.0;634.7;32.5
12;86;7;610.0;610.0;610.0;610.0;610.0;610.0;0.0
12;87;7;610.0;610.0;610.0;610.0;610.0;610.0;0.0
12;88;7;610.0;610.0;610.0;610.0;610.0;610.0;0.0
12;89;7;610.0;610.0;610.0;610.0;610.0;610.0;0.0
12;90;7;610.0;610.0;610.0;610.0;610.0;610.0;0.0
12;91;7;610.0;610.0;610.0;610.0;610.0;610.0;0.0
12;92;7;610.0;610.0;610.0;610.0;610.0;610.0;0.0
12;93;7;610.0;610.0;610.0;610.0;610.0;610.0;0.0
12;94;7;610.0;610.0;610.0;610.0;610.0;610.0;0.0
12;95;7;610.0;610.0;610.0;610.0;610.0;610.0;0.0
12;96;7;610.0;610.0;610.0;610.0;610.0;610.0;0.0
12;97;7;610.0;610.0;610.0;610.0;610.0;610.0;0.0
12;98;7;610.0;610.0;610.0;610.0;610.0;610.0;0.0
12;99;7;610.0;610.0;610.0;610.0;610.0;610.0;0.0
13;0;7;691.0;960.0;1177.0;1223.5;1230.0;1066.4;221.3
13;1;7;731.0;980.0;1207.0;1210.5;1219.0;1076.9;203.4
13;2;7;680.0;943.5;1178.0;1193.0;1208.0;1048.4;220.2
13;3;7;645.0;953.5;1210.0;1212.0;1215.0;1057.3;238.0
13;4;7;703.0;953.5;1176.0;1193.5;1203.0;1053.7;212.5
13;5;7;757.0;948.5;1145.0;1168.0;1172.0;1043.9;179.7
13;6;7;666.0;907.0;1168.0;1191.0;1209.0;1034.1;224.9
13;7;7;664.0;903.0;1132.0;1139.5;1153.0;1004.9;207.4
13;8;7;712.0;894.5;1072.0;1081.0;1119.0;979.1;167.7
13;9;7;660.0;891.5;1113.0;1130.0;1138.0;993.4;198.4
13;10;7;657.0;878.5;1055.0;1073.5;1086.0;957.4;175.4
13;11;7;629.0;872.5;1083.0;1120.0;1134.0;975.9;206.0
13;12;7;764.0;965.5;1144.0;1146.0;1152.0;1040.4;167.1
13;13;7;632.0;794.5;965.0;1061.5;1085.0;913.4;181.8
13;14;7;638.0;671.5;1027.0;1038.0;1052.0;876.6;188.0
13;15;7;626.0;635.0;993.0;1026.5;1050.0;856.0;194.6
13;16;7;625.0;627.5;995.0;1019.0;1040.0;850.4;194.4
13;17;7;617.0;630.0;923.0;958.0;959.0;810.7;160.8
13;18;7;623.0;625.0;966.0;974.0;1010.0;828.1;177.0
13;19;7;622.0;635.0;938.0;975.0;992.0;824.6;168.7
13;20;7;632.0;638.0;915.0;963.5;977.0;818.1;158.8
13;21;7;615.0;620.0;856.0;884.5;931.0;773.0;135.7
13;22;7;624.0;629.5;874.0;893.5;916.0;780.0;132.8
13;23;7;611.0;619.5;858.0;879.0;896.0;766.0;129.8
13;24;7;629.0;639.5;830.0;834.5;844.0;750.1;99.0
13;25;7;615.0;627.5;808.0;834.0;853.0;742.7;104.4
13;26;7;620.0;630.0;772.0;782.0;799.0;716.4;78.3
13;27;7;619.0;648.5;794.0;803.5;812.0;732.7;82.5
13;28;7;620.0;634.0;789.0;807.0;807.0;728.3;86.1
13;29;7;619.0;624.5;762.0;788.0;806.0;716.0;81.8
13;30;7;618.0;624.0;696.0;716.5;743.0;676.9;49.9
13;31;7;622.0;628.0;711.0;730.0;747.0;685.1;52.2
13;32;7;620.0;623.0;692.0;698.5;709.0;666.3;38.7
13;33;7;621.0;624.0;676.0;696.0;701.0;662.6;35.1
13;34;7;611.0;620.5;627.0;630.5;638.0;625.4;8.2
13;35;7;620.0;621.0;627.0;627.5;629.0;624.7;3.6
13;36;7;621.0;621.5;627.0;627.0;627.0;624.6;2.8
13;37;7;620.0;621.0;626.0;626.5;627.0;624.0;2.9
13;38;7;620.0;620.5;626.0;626.5;627.0;623.9;3.1
13;39;7;620.0;620.5;621.0;626.0;626.0;622.9;2.7
13;40;7;620.0;620.5;621.0;626.0;627.0;623.0;2.9
13;41;7;620.0;620.5;621.0;625.0;626.0;622.6;2.5
13;42;7;619.0;620.0;621.0;626.0;627.0;622.7;3.2
13;43;7;620.0;620.0;620.0;622.0;626.0;621.4;2.3
13;44;7;620.0;620.0;620.0;620.0;620.0;620.0;0.0
13;45;7;620.0;620.0;620.0;620.0;620.0;620.0;0.0
13;46;7;620.0;620.0;620.0;620.0;620.0;620.0;0.0
13;47;7;620.0;620.0;620.0;620.0;620.0;620.0;0.0
13;48;7;620.0;620.0;620.0;620.0;620.0;620.0;0.0
13;49;7;620.0;620.0;620.0;620.0;620.0;620.0;0.0
13;50;7;620.0;620.0;620.0;620.0;620.0;620.0;0.0
13;51;7;620.0;620.0;620.0;620.0;620.0;620.0;0.0
13;52;7;620.0;620.0;620.0;620.0;620.0;620.0;0.0
13;53;7;620.0;620.0;620.0;620.0;620.0;620.0;0.0
13;54;7;620.0;620.0;620.0;620.0;620.0;620.0;0.0
13;55;7;620.0;620.0;620.0;620.0;620.0;620.0;0.0
13;56;7;620.0;620.0;620.0;620.0;620.0;620.0;0.0
13;57;7;620.0;620.0;620.0;620.0;620.0;620.0;0.0
13;58;7;620.0;620.0;620.0;620.0;620.0;620.0;0.0
13;59;7;620.0;620.0;620.0;620.0;620.0;620.0;0.0
13;60;7;620.0;620.0;620.0;620.0;620.0;620.0;0.0
13;61;7;620.0;620.0;620.0;620.0;620.0;620.0;0.0
13;62;7;620.0;620.0;620.0;620.0;620.0;620.0;0.0
13;63;7;620.0;620.0;620.0;620.0;620.0;620.0;0.0
13;64;7;620.0;620.0;620.0;620.0;620.0;620.0;0.0
13;65;7;620.0;620.0;620.0;620.0;620.0;620.0;0.0
13;66;7;620.0;620.0;620.0;620.0;620.0;620.0;0.0
13;67;7;620.0;620.0;620.0;620.0;620.0;620.0;0.0
13;68;7;620.0;620.0;620.0;620.0;620.0;620.0;0.0
13;69;7;619.0;622.5;631.0;728.5;868.0;688.6;100.1
13;70;7;618.0;620.5;626.0;745.5;866.0;691.7;108.7
13;71;7;619.0;627.0;629.0;782.5;941.0;715.4;140.5
13;72;7;620.0;624.0;627.0;713.5;806.0;675.4;80.1
13;73;7;618.0;620.0;623.0;706.0;814.0;672.4;78.4
13;74;7;620.0;623.0;625.0;720.5;817.0;678.4;86.4
13;75;7;620.0;624.5;625.0;662.0;728.0;649.4;39.9
13;76;7;620.0;620.5;622.0;642.0;665.0;633.1;17.0
13;77;7;620.0;620.0;620.0;635.5;653.0;629.1;14.5
13;78;7;620.0;620.0;620.0;620.0;620.0;620.0;0.0
13;79;7;620.0;620.0;620.0;620.0;620.0;620.0;0.0
13;80;7;620.0;620.0;620.0;620.0;620.0;620.0;0.0
13;81;7;620.0;620.0;620.0;620.0;620.0;620.0;0.0
13;82;7;620.0;620.0;620.0;620.0;620.0;620.0;0.0
13;83;7;617.0;620.0;620.0;620.0;620.0;619.6;1.0
13;84;7;620.0;620.0;620.0;620.0;620.0;620.0;0.0
13;85;7;620.0;620.0;620.0;620.0;620.0;620.0;0.0
13;86;7;620.0;620.0;620.0;620.0;620.0;620.0;0.0
13;87;7;620.0;620.0;620.0;620.0;620.0;620.0;0.0
13;88;7;620.0;620.0;620.0;620.0;620.0;620.0;0.0
13;89;7;620.0;620.0;620.0;620.0;620.0;620.0;0.0
13;90;7;620.0;620.0;620.0;620.0;620.0;620.0;0.0
13;91;7;620.0;620.0;620.0;620.0;620.0;620.0;0.0
13;92;7;620.0;620.0;620.0;620.0;620.0;620.0;0.0
13;93;7;620.0;620.0;620.0;620.0;620.0;620.0;0.0
13;94;7;620.0;620.0;620.0;620.0;620.0;620.0;0.0
13;95;7;620.0;620.0;620.0;620.0;620.0;620.0;0.0
13;96;7;620.0;620.0;620.0;620.0;620.0;620.0;0.0
13;97;7;620.0;620.0;620.0;620.0;620.0;620.0;0.0
13;98;7;620.0;620.0;620.0;620.0;620.0;620.0;0.0
13;99;7;620.0;620.0;620.0;620.0;620.0;620.0;0.0
14;0;7;685.0;954.5;1172.0;1178.5;1202.0;1046.4;208.5
14;1;7;663.0;930.5;1185.0;1195.0;1209.0;1044.0;234.6
14;2;7;718.0;964.5;1176.0;1182.0;1191.0;1054.0;196.5
14;3;7;684.0;932.5;1169.0;1179.0;1192.0;1038.3;220.1
14;4;7;703.0;969.0;1165.0;1178.0;1190.0;1050.3;191.6
14;5;7;712.0;917.0;1124.0;1166.0;1179.0;1025.9;198.7
14;6;7;655.0;903.5;1090.0;1153.0;1192.0;1007.1;205.3
14;7;7;735.0;944.5;1155.0;1165.0;1174.0;1040.4;184.8
14;8;7;669.0;877.5;1109.0;1128.0;1146.0;990.7;200.9
14;9;7;643.0;897.0;1123.0;1127.5;1130.0;992.1;206.8
14;10;7;723.0;919.5;1128.0;1147.0;1171.0;1022.1;185.1
14;11;7;666.0;895.0;1101.0;1129.0;1164.0;997.0;202.3
14;12;7;630.0;835.0;1025.0;1053.0;1112.0;934.7;189.1
14;13;7;658.0;889.0;1040.0;1061.5;1088.0;955.3;162.9
14;14;7;635.0;654.5;1049.0;1077.5;1089.0;891.0;210.9
14;15;7;634.0;652.5;1009.0;1020.0;1042.0;861.4;186.8
14;16;7;639.0;650.5;1021.0;1050.0;1069.0;875.7;199.0
14;17;7;619.0;635.0;980.0;1001.5;1027.0;842.7;185.3
14;18;7;613.0;638.0;886.0;922.5;954.0;796.3;146.4
14;19;7;614.0;619.5;913.0;947.0;968.0;804.0;162.3
14;20;7;630.0;635.5;862.0;880.5;962.0;783.7;133.3
14;21;7;624.0;634.0;831.0;843.0;882.0;755.9;109.6
14;22;7;611.0;635.0;785.0;800.0;822.0;726.9;87.5
14;23;7;613.0;633.5;740.0;768.0;781.0;705.3;69.5
14;24;7;623.0;628.5;709.0;745.5;752.0;690.3;56.6
14;25;7;618.0;627.0;761.0;795.0;805.0;718.3;82.7
14;26;7;618.0;623.0;736.0;745.0;756.0;692.3;61.7
14;27;7;629.0;632.0;703.0;720.5;740.0;682.4;45.9
14;28;7;622.0;623.0;682.0;687.5;705.0;661.4;34.2
14;29;7;615.0;640.5;666.0;667.5;672.0;652.7;19.7
14;30;7;617.0;625.5;664.0;666.5;670.0;647.9;22.2
14;31;7;616.0;620.5;672.0;674.5;676.0;650.6;27.4
14;32;7;617.0;622.0;653.0;660.5;665.0;642.9;19.9
14;33;7;615.0;636.5;663.0;670.0;672.0;651.9;21.0
14;34;7;622.0;638.0;671.0;676.0;682.0;657.6;22.6
14;35;7;620.0;624.5;662.0;663.5;669.0;646.7;20.7
14;36;7;615.0;618.0;649.0;659.0;662.0;640.0;20.4
14;37;7;616.0;620.0;658.0;658.0;660.0;641.4;19.8
14;38;7;615.0;618.5;651.0;652.0;655.0;637.4;17.5
14;39;7;615.0;616.0;618.0;651.5;652.0;631.4;17.6
14;40;7;615.0;615.0;615.0;616.0;617.0;615.6;0.9
14;41;7;615.0;615.0;615.0;619.0;620.0;616.9;2.2
14;42;7;615.0;615.0;615.0;615.0;615.0;615.0;0.0
14;43;7;615.0;615.0;615.0;615.0;615.0;615.0;0.0
14;44;7;615.0;615.0;615.0;615.0;615.0;615.0;0.0
14;45;7;615.0;615.0;615.0;615.0;615.0;615.0;0.0
14;46;7;615.0;615.0;615.0;615.0;615.0;615.0;0.0
14;47;7;615.0;615.0;615.0;615.0;615.0;615.0;0.0
14;48;7;615.0;615.0;615.0;615.0;615.0;615.0;0.0
14;49;7;615.0;615.0;615.0;615.0;615.0;615.0;0.0
14;50;7;615.0;615.0;615.0;615.0;615.0;615.0;0.0
14;51;7;615.0;615.0;615.0;615.0;615.0;615.0;0.0
14;52;7;611.0;615.0;615.0;615.0;615.0;614.4;1.4
14;53;7;615.0;615.0;615.0;615.0;615.0;615.0;0.0
14;54;7;615.0;615.0;615.0;615.0;615.0;615.0;0.0
14;55;7;615.0;615.0;615.0;615.0;615.0;615.0;0.0
14;56;7;615.0;615.0;615.0;615.0;615.0;615.0;0.0
14;57;7;615.0;615.0;615.0;615.0;615.0;615.0;0.0
14;58;7;615.0;615.0;615.0;615.0;615.0;615.0;0.0
14;59;7;615.0;615.0;615.0;615.0;615.0;615.0;0.0
14;60;7;615.0;615.0;615.0;615.0;615.0;615.0;0.0
14;61;7;615.0;615.0;615.0;615.0;615.0;615.0;0.0
14;62;7;615.0;615.0;615.0;615.0;615.0;615.0;0.0
14;63;7;615.0;615.0;615.0;615.0;615.0;615.0;0.0
14;64;7;615.0;615.0;615.0;615.0;615.0;615.0;0.0
14;65;7;615.0;615.0;615.0;615.0;615.0;615.0;0.0
14;66;7;615.0;615.0;615.0;615.0;615.0;615.0;0.0
14;67;7;615.0;615.0;615.0;615.0;615.0;615.0;0.0
14;68;7;617.0;632.5;655.0;843.5;1007.0;747.3;163.7
14;69;7;617.0;626.0;631.0;796.0;961.0;721.9;148.6
14;70;7;623.0;624.5;632.0;746.5;864.0;694.4;106.0
14;71;7;611.0;627.0;638.0;746.0;900.0;699.3;112.3
14;72;7;609.0;616.5;618.0;734.0;893.0;688.7;114.0
14;73;7;615.0;617.0;622.0;738.5;860.0;686.9;106.7
14;74;7;609.0;626.5;635.0;725.5;818.0;680.9;85.9
14;75;7;615.0;616.5;623.0;685.5;782.0;660.6;66.5
14;76;7;615.0;615.0;615.0;644.5;678.0;632.4;24.5
14;77;7;615.0;615.0;615.0;615.0;643.0;619.0;9.8
14;78;7;615.0;615.0;615.0;615.0;615.0;615.0;0.0
14;79;7;615.0;615.0;615.0;615.0;615.0;615.0;0.0
14;80;7;615.0;615.0;615.0;615.0;615.0;615.0;0.0
14;81;7;615.0;615.0;615.0;615.0;615.0;615.0;0.0
14;82;7;615.0;615.0;615.0;615.0;615.0;615.0;0.0
14;83;7;615.0;615.0;615.0;615.0;615.0;615.0;0.0
14;84;7;615.0;615.0;615.0;615.0;615.0;615.0;0.0
14;85;7;615.0;615.0;615.0;615.0;615.0;615.0;0.0
14;86;7;615.0;615.0;615.0;615.0;615.0;615.0;0.0
14;87;7;615.0;615.0;615.0;615.0;615.0;615.0;0.0
14;88;7;615.0;615.0;615.0;615.0;615.0;615.0;0.0
14;89;7;615.0;615.0;615.0;615.0;615.0;615.0;0.0
14;90;7;615.0;615.0;615.0;615.0;615.0;615.0;0.0
14;91;7;615.0;615.0;615.0;615.0;615.0;615.0;0.0
14;92;7;615.0;615.0;615.0;615.0;615.0;615.0;0.0
14;93;7;615.0;615.0;615.0;615.0;615.0;615.0;0.0
14;94;7;615.0;615.0;615.0;615.0;615.0;615.0;0.0
14;95;7;615.0;615.0;615.0;615.0;615.0;615.0;0.0
14;96;7;615.0;615.0;615.0;615.0;615.0;615.0;0.0
14;97;7;615.0;615.0;615.0;615.0;615.0;615.0;0.0
14;98;7;615.0;615.0;615.0;615.0;615.0;615.0;0.0
14;99;7;615.0;615.0;615.0;615.0;615.0;615.0;0.0
15;0;7;742.0;980.5;1159.0;1178.0;1181.0;1057.0;178.4
15;1;7;746.0;956.0;1183.0;1201.5;1215.0;1065.6;201.6
15;2;7;717.0;949.5;1204.0;1217.5;1234.0;1069.9;221.9
15;3;7;655.0;924.0;1115.0;1159.0;1169.0;1015.0;204.8
15;4;7;731.0;970.0;1173.0;1180.5;1215.0;1060.0;191.2
15;5;7;702.0;930.0;1130.0;1149.0;1175.0;1023.6;193.7
15;6;7;719.0;978.5;1185.0;1196.0;1208.0;1065.9;202.1
15;7;7;683.0;923.0;1132.0;1159.5;1173.0;1021.9;195.6
15;8;7;718.0;938.0;1110.0;1131.0;1139.0;1015.0;166.3
15;9;7;649.0;873.5;1076.0;1097.0;1120.0;969.4;194.8
15;10;7;704.0;943.5;1132.0;1135.5;1160.0;1022.0;183.4
15;11;7;672.0;875.0;1064.0;1078.0;1093.0;962.1;177.0
15;12;7;640.0;867.5;1101.0;1115.0;1123.0;975.6;210.3
15;13;7;692.0;887.5;1082.0;1107.5;1159.0;989.0;183.6
15;14;7;630.0;702.0;1091.0;1096.0;1104.0;917.3;208.5
15;15;7;632.0;651.5;1030.0;1042.5;1070.0;874.3;199.2
15;16;7;626.0;670.5;999.0;1020.0;1027.0;861.9;179.3
15;17;7;629.0;648.0;1058.0;1073.5;1083.0;887.6;213.2
15;18;7;629.0;642.0;1011.0;1023.0;1057.0;861.0;194.0
15;19;7;620.0;627.5;917.0;940.0;959.0;804.4;156.0
15;20;7;618.0;634.0;864.0;906.0;926.0;784.0;135.9
15;21;7;630.0;641.5;877.0;890.0;905.0;782.1;125.6
15;22;7;620.0;631.5;846.0;861.0;892.0;763.3;118.3
15;23;7;620.0;630.0;807.0;822.0;842.0;739.0;97.8
15;24;7;617.0;629.5;807.0;819.5;849.0;738.7;99.1
15;25;7;617.0;629.0;763.0;797.5;820.0;721.9;86.0
15;26;7;619.0;623.5;720.0;748.0;756.0;691.1;60.9
15;27;7;619.0;629.0;724.0;737.0;773.0;692.6;59.8
15;28;7;621.0;634.5;760.0;770.5;774.0;709.3;69.0
15;29;7;613.0;626.5;706.0;723.5;767.0;683.7;56.7
15;30;7;620.0;626.0;687.0;699.0;708.0;666.4;37.5
15;31;7;611.0;625.0;699.0;716.0;733.0;675.0;48.4
15;32;7;608.0;612.0;679.0;706.5;711.0;662.1;45.6
15;33;7;608.0;619.0;673.0;679.5;682.0;651.4;31.8
15;34;7;612.0;620.0;673.0;684.5;699.0;656.1;34.9
15;35;7;608.0;617.0;656.0;659.5;671.0;641.1;24.3
15;36;7;608.0;608.0;608.0;608.0;608.0;608.0;0.0
15;37;7;608.0;608.0;608.0;608.0;608.0;608.0;0.0
15;38;7;608.0;608.0;608.0;608.0;608.0;608.0;0.0
15;39;7;608.0;608.0;608.0;608.0;608.0;608.0;0.0
15;40;7;608.0;608.0;608.0;608.0;608.0;608.0;0.0
15;41;7;608.0;608.0;608.0;608.0;608.0;608.0;0.0
15;42;7;608.0;608.0;608.0;608.0;608.0;608.0;0.0
15;43;7;608.0;608.0;608.0;608.0;608.0;608.0;0.0
15;44;7;608.0;608.0;608.0;608.0;608.0;608.0;0.0
15;45;7;608.0;608.0;608.0;608.0;608.0;608.0;0.0
15;46;7;608.0;608.0;608.0;608.0;608.0;608.0;0.0
15;47;7;608.0;608.0;608.0;608.0;608.0;608.0;0.0
15;48;7;608.0;608.0;608.0;608.0;608.0;608.0;0.0
15;49;7;608.0;608.0;608.0;608.0;608.0;608.0;0.0
15;50;7;608.0;608.0;608.0;608.0;608.0;608.0;0.0
15;51;7;608.0;608.0;608.0;608.0;608.0;608.0;0.0
15;52;7;608.0;608.0;608.0;608.0;608.0;608.0;0.0
15;53;7;608.0;608.0;608.0;608.0;608.0;608.0;0.0
15;54;7;608.0;608.0;608.0;608.0;608.0;608.0;0.0
15;55;7;608.0;608.0;608.0;608.0;608.0;608.0;0.0
15;56;7;608.0;608.0;608.0;608.0;608.0;608.0;0.0
15;57;7;608.0;608.0;608.0;608.0;608.0;608.0;0.0
15;58;7;608.0;608.0;608.0;608.0;608.0;608.0;0.0
15;59;7;608.0;608.0;608.0;608.0;608.0;608.0;0.0
15;60;7;608.0;608.0;608.0;608.0;608.0;608.0;0.0
15;61;7;608.0;608.0;608.0;608.0;608.0;608.0;0.0
15;62;7;608.0;608.0;608.0;608.0;608.0;608.0;0.0
15;63;7;608.0;608.0;608.0;608.0;608.0;608.0;0.0
15;64;7;608.0;608.0;608.0;608.0;608.0;608.0;0.0
15;65;7;608.0;608.0;608.0;608.0;608.0;608.0;0.0
15;66;7;608.0;608.0;608.0;608.0;608.0;608.0;0.0
15;67;7;608.0;608.0;608.0;608.0;608.0;608.0;0.0
15;68;7;608.0;608.0;608.0;608.0;608.0;608.0;0.0
15;69;7;608.0;608.0;608.0;608.0;608.0;608.0;0.0
15;70;7;608.0;608.0;608.0;608.0;608.0;608.0;0.0
15;71;7;608.0;608.0;608.0;608.0;608.0;608.0;0.0
15;72;7;608.0;608.0;608.0;608.0;608.0;608.0;0.0
15;73;7;608.0;608.0;608.0;608.0;608.0;608.0;0.0
15;74;7;608.0;608.0;608.0;608.0;608.0;608.0;0.0
15;75;7;608.0;608.0;608.0;608.0;608.0;608.0;0.0
15;76;7;608.0;608.0;608.0;608.0;608.0;608.0;0.0
15;77;7;608.0;608.0;608.0;608.0;608.0;608.0;0.0
15;78;7;614.0;621.0;639.0;788.0;942.0;716.1;141.2
15;79;7;610.0;616.5;630.0;755.5;898.0;697.4;121.8
15;80;7;608.0;609.5;625.0;733.0;846.0;680.6;103.0
15;81;7;608.0;611.0;618.0;704.5;799.0;665.1;81.6
15;82;7;608.0;614.5;626.0;711.5;789.0;667.9;77.1
15;83;7;608.0;608.0;608.0;660.0;718.0;638.6;48.4
15;84;7;608.0;608.0;608.0;615.5;648.0;615.9;14.1
15;85;7;608.0;608.0;608.0;608.0;608.0;608.0;0.0
15;86;7;608.0;608.0;608.0;608.0;608.0;608.0;0.0
15;87;7;608.0;608.0;608.0;608.0;608.0;608.0;0.0
15;88;7;608.0;608.0;608.0;608.0;608.0;608.0;0.0
15;89;7;608.0;608.0;608.0;608.0;608.0;608.0;0.0
15;90;7;608.0;608.0;608.0;608.0;608.0;608.0;0.0
15;91;7;608.0;608.0;608.0;608.0;608.0;608.0;0.0
15;92;7;608.0;608.0;608.0;608.0;608.0;608.0;0.0
15;93;7;608.0;608.0;608.0;608.0;608.0;608.0;0.0
15;94;7;608.0;608.0;608.0;608.0;608.0;608.0;0.0
15;95;7;608.0;608.0;608.0;608.0;608.0;608.0;0.0
15;96;7;608.0;608.0;608.0;608.0;608.0;608.0;0.0
15;97;7;608.0;608.0;608.0;608.0;608.0;608.0;0.0
15;98;7;608.0;608.0;608.0;608.0;608.0;608.0;0.0
15;99;7;608.0;608.0;608.0;608.0;608.0;608.0;0.0
16;0;7;687.0;1002.5;1136.0;1170.5;1191.0;1051.4;178.7
16;1;7;689.0;941.5;1130.0;1173.5;1196.0;1035.0;199.3
16;2;7;630.0;895.5;1173.0;1175.5;1212.0;1022.4;232.3
16;3;7;711.0;944.5;1205.0;1223.0;1243.0;1070.6;226.8
16;4;7;738.0;992.0;1160.0;1173.5;1182.0;1058.7;176.8
16;5;7;687.0;928.0;1147.0;1175.0;1201.0;1034.4;208.5
16;6;7;726.0;974.5;1197.0;1207.5;1226.0;1073.3;208.5
16;7;7;657.0;906.5;1171.0;1183.0;1193.0;1028.6;228.5
16;8;7;676.0;869.0;1060.0;1099.0;1126.0;971.1;184.1
16;9;7;667.0;898.0;1132.0;1145.5;1163.0;1007.0;206.0
16;10;7;635.0;865.5;1035.0;1074.5;1084.0;947.7;179.6
16;11;7;669.0;885.0;1103.0;1113.5;1128.0;985.3;196.9
16;12;7;660.0;875.5;1099.0;1104.0;1114.0;976.0;193.7
16;13;7;662.0;848.5;1021.0;1023.0;1025.0;921.6;159.2
16;14;7;642.0;673.5;1019.0;1051.0;1088.0;885.4;193.9
16;15;7;638.0;659.5;1038.0;1046.5;1062.0;878.6;196.2
16;16;7;619.0;645.0;988.0;1037.5;1042.0;859.1;194.0
16;17;7;632.0;639.5;983.0;1002.0;1020.0;845.4;180.8
16;18;7;628.0;643.0;953.0;981.0;989.0;831.1;167.8
16;19;7;621.0;637.0;920.0;922.5;928.0;798.3;144.4
16;20;7;612.0;637.0;871.0;883.5;895.0;774.1;126.5
16;21;7;624.0;632.5;880.0;908.0;937.0;788.9;138.8
16;22;7;622.0;630.5;811.0;821.5;835.0;738.9;96.6
16;23;7;621.0;627.5;803.0;807.0;812.0;729.3;90.1
16;24;7;623.0;630.0;728.0;744.5;770.0;695.7;60.1
16;25;7;622.0;625.5;777.0;787.0;791.0;716.4;79.9
16;26;7;619.0;627.0;747.0;771.5;780.0;706.1;71.6
16;27;7;617.0;639.5;754.0;759.5;766.0;705.0;63.7
16;28;7;611.0;621.0;716.0;752.0;763.0;690.9;65.0
16;29;7;616.0;624.0;745.0;750.5;757.0;695.3;64.2
16;30;7;613.0;617.0;658.0;681.5;699.0;652.4;34.6
16;31;7;609.0;623.0;676.0;689.0;691.0;657.1;34.6
16;32;7;609.0;611.0;639.0;662.5;674.0;638.4;26.2
16;33;7;609.0;609.0;611.0;624.0;637.0;617.6;12.3
16;34;7;609.0;609.0;609.0;609.0;609.0;609.0;0.0
16;35;7;609.0;609.0;609.0;609.0;609.0;609.0;0.0
16;36;7;609.0;609.0;609.0;609.0;609.0;609.0;0.0
16;37;7;609.0;609.0;609.0;609.0;609.0;609.0;0.0
16;38;7;609.0;609.0;609.0;609.0;609.0;609.0;0.0
16;39;7;609.0;609.0;609.0;609.0;609.0;609.0;0.0
16;40;7;609.0;609.0;609.0;609.0;609.0;609.0;0.0
16;41;7;609.0;609.0;609.0;609.0;609.0;609.0;0.0
16;42;7;609.0;609.0;609.0;609.0;609.0;609.0;0.0
16;43;7;609.0;609.0;609.0;609.0;609.0;609.0;0.0
16;44;7;609.0;609.0;609.0;609.0;609.0;609.0;0.0
16;45;7;609.0;609.0;609.0;609.0;609.0;609.0;0.0
16;46;7;609.0;609.0;609.0;609.0;609.0;609.0;0.0
16;47;7;609.0;609.0;609.0;609.0;609.0;609.0;0.0
16;48;7;609.0;609.0;609.0;609.0;609.0;609.0;0.0
16;49;7;609.0;609.0;609.0;609.0;609.0;609.0;0.0
16;50;7;609.0;609.0;609.0;609.0;609.0;609.0;0.0
16;51;7;609.0;609.0;609.0;609.0;609.0;609.0;0.0
16;52;7;609.0;609.0;609.0;609.0;609.0;609.0;0.0
16;53;7;609.0;609.0;609.0;609.0;609.0;609.0;0.0
16;54;7;609.0;609.0;609.0;609.0;609.0;609.0;0.0
16;55;7;609.0;609.0;609.0;609.0;609.0;609.0;0.0
16;56;7;609.0;609.0;609.0;609.0;609.0;609.0;0.0
16;57;7;609.0;609.0;609.0;609.0;609.0;609.0;0.0
16;58;7;609.0;609.0;609.0;609.0;609.0;609.0;0.0
16;59;7;609.0;609.0;609.0;609.0;609.0;609.0;0.0
16;60;7;609.0;609.0;609.0;609.0;609.0;609.0;0.0
16;61;7;609.0;609.0;609.0;609.0;609.0;609.0;0.0
16;62;7;609.0;609.0;609.0;609.0;609.0;609.0;0.0
16;63;7;609.0;609.0;609.0;609.0;609.0;609.0;0.0
16;64;7;609.0;609.0;609.0;609.0;609.0;609.0;0.0
16;65;7;609.0;609.0;609.0;609.0;609.0;609.0;0.0
16;66;7;609.0;609.0;609.0;609.0;609.0;609.0;0.0
16;67;7;609.0;609.0;609.0;609.0;609.0;609.0;0.0
16;68;7;609.0;609.0;609.0;609.0;609.0;609.0;0.0
16;69;7;609.0;609.0;609.0;609.0;609.0;609.0;0.0
16;70;7;609.0;609.0;609.0;609.0;609.0;609.0;0.0
16;71;7;609.0;609.0;609.0;609.0;609.0;609.0;0.0
16;72;7;609.0;609.0;609.0;609.0;609.0;609.0;0.0
16;73;7;609.0;609.0;609.0;609.0;609.0;609.0;0.0
16;74;7;609.0;609.0;609.0;609.0;609.0;609.0;0.0
16;75;7;609.0;609.0;609.0;609.0;609.0;609.0;0.0
16;76;7;609.0;609.0;609.0;609.0;609.0;609.0;0.0
16;77;7;610.0;618.0;637.0;775.0;913.0;706.6;129.4
16;78;7;618.0;623.0;626.0;734.5;842.0;685.9;97.6
16;79;7;615.0;621.5;626.0;745.0;862.0;690.9;108.0
16;80;7;608.0;610.0;622.0;717.5;828.0;673.3;90.8
16;81;7;610.0;611.5;613.0;725.5;827.0;674.9;96.3
16;82;7;609.0;622.0;625.0;678.5;726.0;651.6;46.4
16;83;7;608.0;611.5;616.0;689.0;791.0;659.4;73.4
16;84;7;609.0;609.0;609.0;609.5;614.0;609.9;1.7
16;85;7;609.0;609.0;609.0;609.0;609.0;609.0;0.0
16;86;7;609.0;609.0;609.0;609.0;609.0;609.0;0.0
16;87;7;609.0;609.0;609.0;609.0;609.0;609.0;0.0
16;88;7;609.0;609.0;609.0;609.0;609.0;609.0;0.0
16;89;7;609.0;609.0;609.0;609.0;609.0;609.0;0.0
16;90;7;609.0;609.0;609.0;609.0;609.0;609.0;0.0
16;91;7;609.0;609.0;609.0;609.0;609.0;609.0;0.0
16;92;7;609.0;609.0;609.0;609.0;609.0;609.0;0.0
16;93;7;609.0;609.0;609.0;609.0;609.0;609.0;0.0
16;94;7;609.0;609.0;609.0;609.0;609.0;609.0;0.0
16;95;7;609.0;609.0;609.0;609.0;609.0;609.0;0.0
16;96;7;609.0;609.0;609.0;609.0;609.0;609.0;0.0
16;97;7;609.0;609.0;609.0;609.0;609.0;609.0;0.0
16;98;7;609.0;609.0;609.0;609.0;609.0;609.0;0.0
16;99;7;609.0;609.0;609.0;609.0;609.0;609.0;0.0
17;0;7;766.0;982.0;1175.0;1208.0;1223.0;1077.7;190.5
17;1;7;669.0;983.0;1189.0;1191.5;1201.0;1058.3;208.5
17;2;7;747.0;965.5;1166.0;1189.5;1194.0;1059.6;185.8
17;3;7;669.0;875.5;1123.0;1153.5;1186.0;1005.1;214.4
17;4;7;760.0;965.5;1168.0;1183.5;1193.0;1059.9;183.6
17;5;7;660.0;916.0;1138.0;1159.0;1178.0;1018.0;215.9
17;6;7;652.0;871.5;1049.0;1069.5;1122.0;957.9;177.5
17;7;7;675.0;928.0;1144.0;1154.0;1176.0;1022.7;205.5
17;8;7;643.0;883.0;1059.0;1097.5;1116.0;968.4;185.0
17;9;7;641.0;885.0;1072.0;1106.0;1124.0;974.1;194.2
17;10;7;654.0;865.5;1069.0;1119.5;1128.0;974.4;200.5
17;11;7;646.0;862.5;1058.0;1088.5;1111.0;959.6;191.6
17;12;7;680.0;875.5;1060.0;1113.0;1154.0;981.6;187.4
17;13;7;634.0;855.5;1065.0;1081.5;1110.0;954.7;196.6
17;14;7;623.0;662.5;1071.0;1077.0;1090.0;894.7;213.0
17;15;7;633.0;651.5;1039.0;1061.0;1087.0;883.4;206.7
17;16;7;618.0;635.5;1010.0;1018.5;1021.0;851.0;191.8
17;17;7;634.0;649.5;1009.0;1049.0;1064.0;872.0;197.9
17;18;7;631.0;648.0;911.0;918.0;920.0;799.1;136.1
17;19;7;621.0;634.0;931.0;949.0;972.0;812.9;159.2
17;20;7;615.0;629.5;878.0;901.5;913.0;781.1;136.1
17;21;7;627.0;631.0;854.0;864.0;878.0;764.1;116.7
17;22;7;620.0;634.5;794.0;830.5;851.0;742.1;98.8
17;23;7;612.0;623.0;763.0;809.0;820.0;722.7;91.3
17;24;7;614.0;627.0;763.0;816.0;828.0;727.3;92.7
17;25;7;618.0;633.0;758.0;767.5;780.0;708.1;69.9
17;26;7;608.0;627.0;691.0;708.5;722.0;670.3;44.4
17;27;7;619.0;625.0;685.0;707.0;730.0;671.1;43.6
17;28;7;610.0;617.0;669.0;682.5;688.0;652.3;33.2
17;29;7;610.0;620.5;655.0;682.0;695.0;652.1;33.1
17;30;7;608.0;610.0;640.0;640.5;646.0;627.9;16.2
17;31;7;609.0;614.0;641.0;646.5;659.0;632.9;18.6
17;32;7;617.0;617.0;640.0;650.0;656.0;635.3;16.6
17;33;7;608.0;613.0;640.0;643.5;646.0;629.6;16.1
17;34;7;608.0;609.0;636.0;642.0;646.0;627.4;16.5
17;35;7;609.0;609.0;639.0;640.0;640.0;626.6;15.2
17;36;7;609.0;609.0;618.0;642.0;644.0;624.7;15.9
17;37;7;609.0;609.0;609.0;609.0;609.0;609.0;0.0
17;38;7;609.0;609.0;609.0;609.0;609.0;609.0;0.0
17;39;7;609.0;609.0;609.0;609.0;609.0;609.0;0.0
17;40;7;609.0;609.0;609.0;609.0;609.0;609.0;0.0
17;41;7;609.0;609.0;609.0;609.0;609.0;609.0;0.0
17;42;7;609.0;609.0;609.0;609.0;609.0;609.0;0.0
17;43;7;609.0;609.0;609.0;609.0;609.0;609.0;0.0
17;44;7;609.0;609.0;609.0;609.0;609.0;609.0;0.0
17;45;7;609.0;609.0;609.0;609.0;609.0;609.0;0.0
17;46;7;609.0;609.0;609.0;609.0;609.0;609.0;0.0
17;47;7;609.0;609.0;609.0;609.0;609.0;609.0;0.0
17;48;7;609.0;609.0;609.0;609.0;609.0;609.0;0.0
17;49;7;609.0;609.0;609.0;609.0;609.0;609.0;0.0
17;50;7;609.0;609.0;609.0;609.0;609.0;609.0;0.0
17;51;7;609.0;609.0;609.0;609.0;609.0;609.0;0.0
17;52;7;609.0;609.0;609.0;609.0;609.0;609.0;0.0
17;53;7;609.0;609.0;609.0;609.0;609.0;609.0;0.0
17;54;7;609.0;609.0;609.0;609.0;609.0;609.0;0.0
17;55;7;609.0;609.0;609.0;609.0;609.0;609.0;0.0
17;56;7;609.0;609.0;609.0;609.0;609.0;609.0;0.0
17;57;7;609.0;609.0;609.0;609.0;609.0;609.0;0.0
17;58;7;609.0;609.0;609.0;609.0;609.0;609.0;0.0
17;59;7;609.0;609.0;609.0;609.0;609.0;609.0;0.0
17;60;7;609.0;609.0;609.0;609.0;609.0;609.0;0.0
17;61;7;609.0;609.0;609.0;609.0;609.0;609.0;0.0
17;62;7;609.0;609.0;609.0;609.0;609.0;609.0;0.0
17;63;7;609.0;609.0;609.0;609.0;609.0;609.0;0.0
17;64;7;609.0;609.0;609.0;609.0;609.0;609.0;0.0
17;65;7;609.0;609.0;609.0;609.0;609.0;609.0;0.0
17;66;7;609.0;609.0;609.0;609.0;609.0;609.0;0.0
17;67;7;609.0;609.0;609.0;609.0;609.0;609.0;0.0
17;68;7;609.0;609.0;609.0;609.0;609.0;609.0;0.0
17;69;7;609.0;609.0;609.0;609.0;609.0;609.0;0.0
17;70;7;609.0;609.0;609.0;609.0;609.0;609.0;0.0
17;71;7;609.0;609.0;609.0;609.0;609.0;609.0;0.0
17;72;7;611.0;623.5;659.0;834.0;985.0;738.6;153.4
17;73;7;626.0;629.0;634.0;762.0;903.0;706.4;120.0
17;74;7;627.0;633.0;637.0;755.0;869.0;701.3;105.8
17;75;7;610.0;622.5;638.0;748.0;859.0;692.6;105.0
17;76;7;609.0;617.0;628.0;742.5;849.0;686.4;102.9
17;77;7;609.0;613.5;620.0;704.5;801.0;666.6;80.8
17;78;7;608.0;617.0;632.0;692.5;755.0;659.1;58.6
17;79;7;612.0;617.0;619.0;710.5;796.0;668.9;77.3
17;80;7;613.0;616.5;622.0;710.5;800.0;669.9;80.8
17;81;7;613.0;616.5;626.0;726.0;815.0;677.0;87.0
17;82;7;608.0;609.5;610.0;680.0;778.0;653.6;66.3
17;83;7;608.0;614.0;621.0;630.5;755.0;639.0;48.3
17;84;7;609.0;610.0;610.0;641.0;818.0;648.4;70.6
17;85;7;608.0;608.0;612.0;613.0;772.0;633.4;56.6
17;86;7;608.0;609.0;619.0;637.0;810.0;647.0;68.0
17;87;7;608.0;608.0;608.0;608.0;608.0;608.0;0.0
17;88;7;608.0;608.0;608.0;608.0;608.0;608.0;0.0
17;89;7;608.0;608.0;608.0;608.0;608.0;608.0;0.0
17;90;7;608.0;608.0;608.0;608.0;608.0;608.0;0.0
17;91;7;608.0;608.0;608.0;608.0;608.0;608.0;0.0
17;92;7;608.0;608.0;608.0;608.0;608.0;608.0;0.0
17;93;7;608.0;608.0;608.0;608.0;608.0;608.0;0.0
17;94;7;608.0;608.0;608.0;608.0;608.0;608.0;0.0
17;95;7;608.0;608.0;608.0;608.0;608.0;608.0;0.0
17;96;7;608.0;608.0;608.0;608.0;608.0;608.0;0.0
17;97;7;608.0;608.0;608.0;608.0;608.0;608.0;0.0
17;98;7;608.0;608.0;608.0;608.0;608.0;608.0;0.0
17;99;7;608.0;608.0;608.0;608.0;608.0;608.0;0.0
18;0;7;682.0;920.0;1195.0;1202.5;1216.0;1048.3;227.7
18;1;7;708.0;947.0;1178.0;1205.5;1236.0;1061.0;220.6
18;2;7;713.0;969.0;1163.0;1177.0;1181.0;1049.9;192.3
18;3;7;742.0;1008.0;1204.0;1221.0;1238.0;1091.7;193.0
18;4;7;750.0;968.0;1189.0;1202.0;1210.0;1069.9;202.1
18;5;7;631.0;927.0;1156.0;1177.5;1197.0;1027.6;229.1
18;6;7;728.0;943.0;1159.0;1179.0;1191.0;1046.0;194.4
18;7;7;689.0;895.0;1094.0;1111.5;1119.0;987.9;182.9
18;8;7;719.0;938.5;1155.0;1168.0;1183.0;1038.6;194.9
18;9;7;748.0;942.0;1109.0;1124.0;1142.0;1018.7;161.4
18;10;7;642.0;866.0;1096.0;1131.0;1143.0;982.1;212.1
18;11;7;656.0;903.5;1116.0;1126.0;1143.0;996.3;201.6
18;12;7;648.0;871.5;1073.0;1103.5;1145.0;973.7;197.0
18;13;7;626.0;847.5;1072.0;1091.5;1105.0;954.4;202.4
18;14;7;642.0;674.0;1014.0;1040.0;1076.0;880.0;188.9
18;15;7;621.0;635.0;1057.0;1074.5;1078.0;882.1;218.3
18;16;7;630.0;641.0;984.0;1025.0;1063.0;858.4;193.2
18;17;7;623.0;633.0;1004.0;1008.0;1010.0;845.6;187.0
18;18;7;646.0;676.0;1003.0;1015.5;1045.0;868.1;175.8
18;19;7;627.0;642.0;926.0;931.5;943.0;806.1;146.7
18;20;7;616.0;630.5;910.0;941.5;962.0;804.6;155.9
18;21;7;621.0;626.0;864.0;875.5;886.0;767.7;124.4
18;22;7;617.0;632.0;841.0;892.0;911.0;773.9;129.0
18;23;7;631.0;637.5;888.0;897.5;921.0;787.1;131.8
18;24;7;614.0;626.5;770.0;797.0;872.0;729.0;96.8
18;25;7;622.0;627.0;750.0;767.5;782.0;706.1;70.6
18;26;7;622.0;650.0;743.0;753.5;778.0;707.1;60.1
18;27;7;615.0;631.5;735.0;752.0;777.0;699.1;65.2
18;28;7;614.0;626.0;673.0;726.0;730.0;674.4;48.9
18;29;7;615.0;621.5;687.0;699.5;718.0;666.0;41.6
18;30;7;611.0;620.5;678.0;685.5;694.0;656.4;34.3
18;31;7;627.0;629.5;681.0;708.5;722.0;672.3;39.6
18;32;7;620.0;625.5;690.0;702.5;703.0;667.0;37.8
18;33;7;621.0;621.0;696.0;698.5;703.0;665.6;38.6
18;34;7;624.0;627.5;680.0;688.0;691.0;660.9;30.1
18;35;7;621.0;624.0;668.0;675.0;680.0;652.4;25.8
18;36;7;613.0;625.5;659.0;663.0;666.0;645.0;21.1
18;37;7;612.0;622.0;666.0;667.0;669.0;646.4;24.3
18;38;7;621.0;625.5;661.0;661.0;666.0;645.9;19.1
18;39;7;625.0;626.0;627.0;662.0;662.0;641.4;17.8
18;40;7;625.0;625.0;626.0;661.0;661.0;640.6;17.7
18;41;7;625.0;625.0;626.0;661.0;661.0;640.6;17.7
18;42;7;620.0;625.0;630.0;661.0;661.0;640.4;18.0
18;43;7;625.0;625.0;625.0;661.0;661.0;640.4;17.8
18;44;7;612.0;620.0;620.0;650.0;651.0;631.9;16.2
18;45;7;620.0;622.5;625.0;658.5;661.0;638.3;18.4
18;46;7;613.0;613.0;613.0;613.0;614.0;613.1;0.3
18;47;7;613.0;613.0;613.0;613.0;613.0;613.0;0.0
18;48;7;613.0;613.0;613.0;613.0;613.0;613.0;0.0
18;49;7;613.0;613.0;613.0;613.0;613.0;613.0;0.0
18;50;7;613.0;613.0;613.0;613.0;613.0;613.0;0.0
18;51;7;613.0;613.0;613.0;613.0;613.0;613.0;0.0
18;52;7;613.0;613.0;613.0;613.0;613.0;613.0;0.0
18;53;7;613.0;613.0;613.0;613.0;613.0;613.0;0.0
18;54;7;613.0;613.0;613.0;613.0;613.0;613.0;0.0
18;55;7;613.0;613.0;613.0;613.0;613.0;613.0;0.0
18;56;7;613.0;613.0;613.0;613.0;613.0;613.0;0.0
18;57;7;613.0;613.0;613.0;613.0;613.0;613.0;0.0
18;58;7;613.0;613.0;613.0;613.0;613.0;613.0;0.0
18;59;7;613.0;613.0;613.0;613.0;613.0;613.0;0.0
18;60;7;613.0;613.0;613.0;613.0;613.0;613.0;0.0
18;61;7;613.0;613.0;613.0;613.0;613.0;613.0;0.0
18;62;7;613.0;613.0;613.0;613.0;613.0;613.0;0.0
18;63;7;613.0;613.0;613.0;613.0;613.0;613.0;0.0
18;64;7;613.0;613.0;613.0;613.0;613.0;613.0;0.0
18;65;7;613.0;613.0;613.0;613.0;613.0;613.0;0.0
18;66;7;613.0;613.0;613.0;613.0;613.0;613.0;0.0
18;67;7;613.0;613.0;613.0;613.0;613.0;613.0;0.0
18;68;7;613.0;613.0;613.0;613.0;613.0;613.0;0.0
18;69;7;613.0;613.0;613.0;613.0;613.0;613.0;0.0
18;70;7;613.0;613.0;613.0;613.0;613.0;613.0;0.0
18;71;7;613.0;613.0;613.0;613.0;613.0;613.0;0.0
18;72;7;613.0;613.0;613.0;613.0;613.0;613.0;0.0
18;73;7;613.0;613.0;613.0;613.0;613.0;613.0;0.0
18;74;7;613.0;613.0;613.0;613.0;613.0;613.0;0.0
18;75;7;613.0;613.0;613.0;613.0;613.0;613.0;0.0
18;76;7;611.0;616.0;632.0;783.5;959.0;714.4;147.1
18;77;7;616.0;618.5;620.0;756.0;897.0;697.4;122.8
18;78;7;625.0;630.5;646.0;780.5;923.0;716.6;127.1
18;79;7;611.0;630.0;644.0;751.5;871.0;698.4;105.7
18;80;7;618.0;620.0;631.0;730.5;834.0;683.4;94.1
18;81;7;609.0;621.0;632.0;754.0;892.0;697.6;118.0
18;82;7;612.0;620.5;625.0;712.5;862.0;680.7;94.1
18;83;7;614.0;619.5;626.0;688.0;769.0;660.6;62.3
18;84;7;613.0;617.5;631.0;682.5;754.0;656.9;55.5
18;85;7;612.0;618.0;631.0;715.0;834.0;677.6;88.6
18;86;7;612.0;618.0;627.0;703.0;804.0;669.3;77.5
18;87;7;608.0;613.5;622.0;723.0;824.0;675.3;93.3
18;88;7;612.0;613.0;621.0;732.5;833.0;679.6;97.3
18;89;7;611.0;612.5;622.0;633.0;824.0;649.7;71.7
18;90;7;612.0;613.5;619.0;626.5;823.0;647.7;71.8
18;91;7;612.0;612.5;613.0;622.0;823.0;645.3;72.7
18;92;7;612.0;613.0;614.0;617.0;824.0;644.3;73.4
18;93;7;613.0;613.0;614.0;620.5;821.0;645.0;71.9
18;94;7;613.0;613.0;613.0;614.5;824.0;643.6;73.7
18;95;7;612.0;612.5;613.0;618.5;821.0;644.0;72.4
18;96;7;612.0;612.5;613.0;613.5;823.0;642.9;73.5
18;97;7;612.0;612.5;613.0;617.5;824.0;644.1;73.5
18;98;7;612.0;613.0;614.0;614.0;824.0;643.4;73.7
18;99;7;612.0;612.0;613.0;614.0;823.0;642.9;73.5
19;0;7;767.0;981.0;1223.0;1234.0;1247.0;1095.3;202.2
19;1;7;708.0;951.5;1182.0;1188.0;1198.0;1052.4;213.2
19;2;7;725.0;919.5;1113.0;1187.0;1204.0;1036.4;198.8
19;3;7;699.0;935.5;1152.0;1154.5;1168.0;1028.4;200.9
19;4;7;693.0;937.5;1151.0;1177.5;1194.0;1038.3;207.6
19;5;7;720.0;925.0;1143.0;1161.5;1204.0;1034.3;197.0
19;6;7;681.0;933.5;1148.0;1155.5;1188.0;1027.9;205.1
19;7;7;696.0;916.0;1127.0;1136.0;1147.0;1010.6;195.9
19;8;7;669.0;928.0;1091.0;1106.5;1123.0;993.1;175.8
19;9;7;700.0;908.5;1153.0;1160.0;1173.0;1023.3;191.9
19;10;7;698.0;903.5;1106.0;1110.5;1111.0;991.9;183.7
19;11;7;669.0;904.0;1139.0;1143.5;1155.0;1008.3;214.3
19;12;7;647.0;888.5;1112.0;1116.5;1129.0;985.4;199.2
19;13;7;630.0;837.0;1041.0;1067.0;1097.0;939.4;191.0
19;14;7;649.0;682.0;1100.0;1116.5;1130.0;925.1;220.8
19;15;7;634.0;665.5;1065.0;1080.0;1103.0;899.0;212.0
19;16;7;634.0;648.0;1041.0;1054.5;1072.0;878.9;204.2
19;17;7;622.0;631.5;954.0;975.5;1003.0;827.6;173.2
19;18;7;626.0;640.5;969.0;974.5;991.0;830.9;169.2
19;19;7;624.0;630.5;881.0;970.5;1009.0;816.6;167.0
19;20;7;619.0;625.0;824.0;864.5;882.0;757.7;118.0
19;21;7;619.0;639.5;828.0;857.5;891.0;761.7;113.3
19;22;7;622.0;626.0;830.0;851.5;865.0;753.1;111.9
19;23;7;620.0;630.5;805.0;814.5;828.0;734.7;93.6
19;24;7;608.0;622.0;738.0;747.5;756.0;691.6;64.6
19;25;7;618.0;629.0;727.0;728.0;728.0;683.9;51.1
19;26;7;631.0;633.0;719.0;753.5;765.0;698.3;58.6
19;27;7;619.0;625.5;689.0;696.0;748.0;671.3;45.4
19;28;7;619.0;626.0;694.0;706.5;711.0;669.9;40.5
19;29;7;623.0;624.0;693.0;694.0;703.0;665.0;35.9
19;30;7;615.0;620.5;661.0;675.5;678.0;649.4;27.2
19;31;7;622.0;633.5;673.0;686.5;703.0;662.6;29.9
19;32;7;613.0;622.5;670.0;675.0;691.0;652.7;29.8
19;33;7;620.0;623.5;665.0;667.5;681.0;649.7;24.3
19;34;7;622.0;625.5;670.0;676.0;682.0;653.9;26.1
19;35;7;621.0;624.5;670.0;670.0;670.0;650.0;23.2
19;36;7;619.0;626.5;670.0;670.0;670.0;650.3;23.1
19;37;7;620.0;624.0;670.0;670.0;670.0;649.7;23.6
19;38;7;621.0;628.0;670.0;685.0;687.0;657.7;28.3
19;39;7;610.0;626.5;628.0;679.5;687.0;648.1;30.2
19;40;7;625.0;630.5;633.0;687.0;687.0;654.3;28.4
19;41;7;619.0;628.0;632.0;670.0;670.0;645.3;21.8
19;42;7;625.0;628.0;633.0;687.0;700.0;655.4;31.4
19;43;7;619.0;619.0;619.0;644.0;668.0;633.1;17.9
19;44;7;627.0;630.5;639.0;753.0;758.0;684.4;61.0
19;45;7;614.0;622.0;625.0;691.5;723.0;655.6;41.6
19;46;7;612.0;613.5;617.0;732.5;758.0;668.4;63.5
19;47;7;612.0;612.5;624.0;660.0;678.0;637.0;26.1
19;48;7;612.0;612.0;612.0;645.5;657.0;628.0;18.9
19;49;7;612.0;612.0;612.0;621.0;621.0;615.9;4.5
19;50;7;612.0;612.0;612.0;621.0;621.0;615.9;4.5
19;51;7;612.0;612.0;612.0;612.0;616.0;612.6;1.4
19;52;7;612.0;612.0;612.0;612.0;612.0;612.0;0.0
19;53;7;612.0;612.0;612.0;612.0;612.0;612.0;0.0
19;54;7;612.0;612.0;612.0;612.0;612.0;612.0;0.0
19;55;7;612.0;612.0;612.0;612.0;612.0;612.0;0.0
19;56;7;612.0;612.0;612.0;612.0;612.0;612.0;0.0
19;57;7;612.0;612.0;612.0;612.0;612.0;612.0;0.0
19;58;7;612.0;612.0;612.0;612.0;612.0;612.0;0.0
19;59;7;612.0;612.0;612.0;612.0;612.0;612.0;0.0
19;60;7;612.0;612.0;612.0;612.0;612.0;612.0;0.0
19;61;7;612.0;612.0;612.0;612.0;612.0;612.0;0.0
19;62;7;612.0;612.0;612.0;612.0;612.0;612.0;0.0
19;63;7;612.0;612.0;612.0;612.0;612.0;612.0;0.0
19;64;7;612.0;612.0;612.0;612.0;612.0;612.0;0.0
19;65;7;612.0;612.0;612.0;612.0;612.0;612.0;0.0
19;66;7;612.0;612.0;612.0;612.0;612.0;612.0;0.0
19;67;7;612.0;612.0;612.0;612.0;612.0;612.0;0.0
19;68;7;612.0;612.0;612.0;612.0;612.0;612.0;0.0
19;69;7;612.0;612.0;612.0;612.0;612.0;612.0;0.0
19;70;7;628.0;632.0;638.0;784.5;987.0;726.6;147.0
19;71;7;614.0;618.5;620.0;775.5;925.0;706.7;137.8
19;72;7;614.0;619.5;628.0;772.5;912.0;705.4;129.6
19;73;7;610.0;623.5;635.0;752.5;863.0;694.3;106.3
19;74;7;610.0;612.5;627.0;714.0;805.0;670.7;83.3
19;75;7;612.0;613.0;623.0;656.0;746.0;645.6;47.4
19;76;7;614.0;620.0;624.0;671.5;720.0;648.7;44.6
19;77;7;610.0;612.0;612.0;636.5;684.0;629.0;28.2
19;78;7;612.0;612.0;612.0;612.0;612.0;612.0;0.0
19;79;7;612.0;612.0;612.0;612.0;612.0;612.0;0.0
19;80;7;612.0;612.0;612.0;612.0;612.0;612.0;0.0
19;81;7;612.0;612.0;612.0;612.0;612.0;612.0;0.0
19;82;7;612.0;612.0;612.0;612.0;612.0;612.0;0.0
19;83;7;612.0;612.0;612.0;612.0;612.0;612.0;0.0
19;84;7;609.0;612.0;612.0;612.0;612.0;611.6;1.0
19;85;7;612.0;612.0;612.0;612.0;612.0;612.0;0.0
19;86;7;612.0;612.0;612.0;612.0;612.0;612.0;0.0
19;87;7;612.0;612.0;612.0;612.0;612.0;612.0;0.0
19;88;7;612.0;612.0;612.0;612.0;612.0;612.0;0.0
19;89;7;612.0;612.0;612.0;612.0;612.0;612.0;0.0
19;90;7;612.0;612.0;612.0;612.0;612.0;612.0;0.0
19;91;7;612.0;612.0;612.0;612.0;612.0;612.0;0.0
19;92;7;612.0;612.0;612.0;612.0;612.0;612.0;0.0
19;93;7;612.0;612.0;612.0;612.0;612.0;612.0;0.0
19;94;7;612.0;612.0;612.0;612.0;612.0;612.0;0.0
19;95;7;612.0;612.0;612.0;612.0;612.0;612.0;0.0
19;96;7;612.0;612.0;612.0;612.0;612.0;612.0;0.0
19;97;7;612.0;612.0;612.0;612.0;612.0;612.0;0.0
19;98;7;612.0;612.0;612.0;612.0;612.0;612.0;0.0
19;99;7;612.0;612.0;612.0;612.0;612.0;612.0;0.0
20;0;7;659.0;903.0;1158.0;1180.0;1204.0;1026.7;219.8
20;1;7;643.0;956.5;1208.0;1225.0;1236.0;1064.3;240.3
20;2;7;694.0;931.0;1158.0;1160.5;1165.0;1028.6;208.5
20;3;7;723.0;953.0;1175.0;1190.5;1194.0;1054.1;206.4
20;4;7;708.0;972.5;1187.0;1195.0;1207.0;1062.4;206.0
20;5;7;720.0;933.0;1144.0;1159.5;1173.0;1031.7;192.6
20;6;7;680.0;929.0;1150.0;1170.5;1205.0;1033.4;212.5
20;7;7;700.0;956.5;1175.0;1180.0;1191.0;1048.4;207.2
20;8;7;645.0;902.5;1133.0;1136.5;1145.0;1000.1;215.0
20;9;7;667.0;938.5;1116.0;1127.5;1142.0;1008.1;184.5
20;10;7;676.0;886.0;1100.0;1101.5;1112.0;980.4;189.2
20;11;7;627.0;850.0;1086.0;1125.0;1153.0;973.7;206.5
20;12;7;628.0;865.5;1067.0;1081.5;1121.0;958.6;191.5
20;13;7;636.0;865.5;1057.0;1067.0;1076.0;947.7;183.5
20;14;7;621.0;653.0;995.0;1048.0;1059.0;868.1;196.9
20;15;7;619.0;653.5;970.0;989.5;1005.0;840.0;172.1
20;16;7;626.0;638.0;1042.0;1071.0;1093.0;882.7;215.9
20;17;7;623.0;639.0;1005.0;1043.0;1096.0;869.7;206.5
20;18;7;620.0;634.5;959.0;993.5;1004.0;834.1;177.7
20;19;7;619.0;643.0;929.0;934.0;946.0;806.9;149.1
20;20;7;627.0;632.5;852.0;881.0;894.0;771.4;122.5
20;21;7;623.0;629.5;904.0;931.5;936.0;797.9;148.0
20;22;7;624.0;635.5;794.0;831.0;872.0;746.1;101.5
20;23;7;612.0;628.0;805.0;812.5;817.0;730.7;93.8
20;24;7;624.0;626.0;749.0;807.5;828.0;724.0;88.5
20;25;7;617.0;623.5;721.0;747.0;766.0;692.1;63.1
20;26;7;618.0;621.5;715.0;763.5;800.0;700.4;73.9
20;27;7;620.0;632.0;729.0;771.0;793.0;706.9;71.1
20;28;7;610.0;620.5;760.0;788.0;802.0;712.7;84.1
20;29;7;618.0;627.0;687.0;700.0;723.0;668.9;40.6
20;30;7;621.0;628.0;706.0;721.5;734.0;680.0;48.1
20;31;7;610.0;627.0;688.0;693.5;700.0;662.7;36.5
20;32;7;610.0;626.5;681.0;682.0;693.0;657.3;32.1
20;33;7;610.0;610.0;628.0;636.5;642.0;624.7;13.6
20;34;7;610.0;610.0;610.0;610.0;610.0;610.0;0.0
20;35;7;610.0;610.0;610.0;610.0;610.0;610.0;0.0
20;36;7;610.0;610.0;610.0;610.0;610.0;610.0;0.0
20;37;7;610.0;610.0;610.0;610.0;610.0;610.0;0.0
20;38;7;610.0;610.0;610.0;610.0;610.0;610.0;0.0
20;39;7;610.0;610.0;610.0;610.0;610.0;610.0;0.0
20;40;7;610.0;610.0;610.0;610.0;610.0;610.0;0.0
20;41;7;610.0;610.0;610.0;610.0;610.0;610.0;0.0
20;42;7;610.0;610.0;610.0;610.0;610.0;610.0;0.0
20;43;7;610.0;610.0;610.0;610.0;610.0;610.0;0.0
20;44;7;610.0;610.0;610.0;610.0;610.0;610.0;0.0
20;45;7;610.0;610.0;610.0;610.0;610.0;610.0;0.0
20;46;7;610.0;610.0;610.0;610.0;610.0;610.0;0.0
20;47;7;610.0;610.0;610.0;610.0;610.0;610.0;0.0
20;48;7;610.0;610.0;610.0;610.0;610.0;610.0;0.0
20;49;7;610.0;610.0;610.0;610.0;610.0;610.0;0.0
20;50;7;610.0;610.0;610.0;610.0;610.0;610.0;0.0
20;51;7;610.0;610.0;610.0;610.0;610.0;610.0;0.0
20;52;7;610.0;610.0;610.0;610.0;610.0;610.0;0.0
20;53;7;610.0;610.0;610.0;610.0;610.0;610.0;0.0
20;54;7;610.0;610.0;610.0;610.0;610.0;610.0;0.0
20;55;7;610.0;610.0;610.0;610.0;610.0;610.0;0.0
20;56;7;610.0;610.0;610.0;610.0;610.0;610.0;0.0
20;57;7;610.0;610.0;610.0;610.0;610.0;610.0;0.0
20;58;7;610.0;610.0;610.0;610.0;610.0;610.0;0.0
20;59;7;610.0;610.0;610.0;610.0;610.0;610.0;0.0
20;60;7;610.0;610.0;610.0;610.0;610.0;610.0;0.0
20;61;7;610.0;610.0;610.0;610.0;610.0;610.0;0.0
20;62;7;610.0;610.0;610.0;610.0;610.0;610.0;0.0
20;63;7;610.0;610.0;610.0;610.0;610.0;610.0;0.0
20;64;7;610.0;610.0;610.0;610.0;610.0;610.0;0.0
20;65;7;610.0;610.0;610.0;610.0;610.0;610.0;0.0
20;66;7;610.0;610.0;610.0;610.0;610.0;610.0;0.0
20;67;7;610.0;610.0;610.0;610.0;610.0;610.0;0.0
20;68;7;610.0;610.0;610.0;610.0;610.0;610.0;0.0
20;69;7;610.0;610.0;610.0;610.0;610.0;610.0;0.0
20;70;7;610.0;610.0;610.0;610.0;610.0;610.0;0.0
20;71;7;610.0;610.0;610.0;610.0;610.0;610.0;0.0
20;72;7;610.0;610.0;610.0;610.0;610.0;610.0;0.0
20;73;7;610.0;610.0;610.0;610.0;610.0;610.0;0.0
20;74;7;612.0;616.0;632.0;740.0;863.0;688.4;101.1
20;75;7;625.0;635.5;644.0;792.0;961.0;726.4;139.9
20;76;7;622.0;626.0;629.0;752.5;882.0;698.6;113.5
20;77;7;612.0;621.5;625.0;716.0;789.0;671.6;73.2
20;78;7;610.0;611.0;619.0;709.5;815.0;669.3;85.6
20;79;7;610.0;615.0;624.0;677.5;727.0;649.4;48.8
20;80;7;610.0;610.0;623.0;684.5;746.0;652.6;58.2
20;81;7;610.0;610.0;610.0;622.0;637.0;617.3;11.5
20;82;7;610.0;610.0;610.0;610.0;610.0;610.0;0.0
20;83;7;610.0;610.0;610.0;610.0;610.0;610.0;0.0
20;84;7;610.0;610.0;610.0;610.0;610.0;610.0;0.0
20;85;7;610.0;610.0;610.0;610.0;610.0;610.0;0.0
20;86;7;610.0;610.0;610.0;610.0;610.0;610.0;0.0
20;87;7;610.0;610.0;610.0;610.0;610.0;610.0;0.0
20;88;7;610.0;610.0;610.0;610.0;610.0;610.0;0.0
20;89;7;610.0;610.0;610.0;610.0;610.0;610.0;0.0
20;90;7;610.0;610.0;610.0;610.0;610.0;610.0;0.0
20;91;7;610.0;610.0;610.0;610.0;610.0;610.0;0.0
20;92;7;610.0;610.0;610.0;610.0;610.0;610.0;0.0
20;93;7;610.0;610.0;610.0;610.0;610.0;610.0;0.0
20;94;7;610.0;610.0;610.0;610.0;610.0;610.0;0.0
20;95;7;610.0;610.0;610.0;610.0;610.0;610.0;0.0
20;96;7;610.0;610.0;610.0;610.0;610.0;610.0;0.0
20;97;7;610.0;610.0;610.0;610.0;610.0;610.0;0.0
20;98;7;610.0;610.0;610.0;610.0;610.0;610.0;0.0
20;99;7;610.0;610.0;610.0;610.0;610.0;610.0;0.0
21;0;7;719.0;937.0;1153.0;1157.0;1180.0;1034.3;191.2
21;1;7;744.0;924.0;1111.0;1138.0;1141.0;1017.1;169.8
21;2;7;702.0;1012.0;1151.0;1177.5;1191.0;1060.4;176.3
21;3;7;655.0;904.5;1147.0;1178.5;1195.0;1023.3;224.2
21;4;7;694.0;923.0;1159.0;1188.5;1199.0;1039.3;206.2
21;5;7;655.0;891.5;1147.0;1179.0;1215.0;1022.6;227.6
21;6;7;687.0;904.5;1142.0;1157.5;1178.0;1018.7;209.9
21;7;7;740.0;935.5;1129.0;1150.5;1172.0;1030.4;178.5
21;8;7;713.0;906.5;1103.0;1141.5;1142.0;1007.7;186.8
21;9;7;690.0;912.0;1103.0;1145.0;1151.0;1008.3;191.4
21;10;7;680.0;894.5;1101.0;1118.0;1124.0;990.0;187.0
21;11;7;684.0;902.5;1105.0;1116.5;1146.0;996.1;190.2
21;12;7;637.0;816.0;1076.0;1080.0;1090.0;942.1;190.0
21;13;7;628.0;880.5;1104.0;1107.0;1120.0;975.3;206.2
21;14;7;655.0;687.0;1090.0;1112.0;1129.0;924.6;215.6
21;15;7;612.0;622.0;956.0;1010.0;1065.0;842.4;197.9
21;16;7;648.0;667.5;1004.0;1041.5;1080.0;878.6;190.0
21;17;7;621.0;641.0;981.0;995.5;1016.0;841.6;180.2
21;18;7;617.0;631.0;935.0;937.5;988.0;811.0;160.9
21;19;7;626.0;636.5;915.0;931.5;960.0;805.3;149.9
21;20;7;615.0;625.5;785.0;813.5;837.0;730.7;95.8
21;21;7;628.0;631.5;832.0;842.0;910.0;759.6;114.4
21;22;7;621.0;628.5;785.0;808.0;826.0;729.3;90.4
21;23;7;621.0;624.0;776.0;781.0;805.0;716.0;81.0
21;24;7;617.0;635.0;758.0;782.0;799.0;715.4;76.3
21;25;7;627.0;640.5;756.0;767.0;770.0;709.7;64.1
21;26;7;625.0;629.0;717.0;733.0;772.0;691.1;57.3
21;27;7;619.0;625.5;702.0;720.0;731.0;677.6;48.0
21;28;7;622.0;625.5;700.0;721.0;725.0;677.1;46.4
21;29;7;621.0;622.0;688.0;707.5;718.0;669.4;42.2
21;30;7;622.0;622.5;633.0;634.5;637.0;629.4;6.3
21;31;7;622.0;622.5;632.0;633.0;634.0;628.4;5.3
21;32;7;622.0;622.0;622.0;622.0;622.0;622.0;0.0
21;33;7;622.0;622.0;622.0;622.0;622.0;622.0;0.0
21;34;7;622.0;622.0;622.0;622.0;622.0;622.0;0.0
21;35;7;622.0;622.0;622.0;622.0;622.0;622.0;0.0
21;36;7;622.0;622.0;622.0;622.0;622.0;622.0;0.0
21;37;7;622.0;622.0;622.0;622.0;622.0;622.0;0.0
21;38;7;622.0;622.0;622.0;622.0;622.0;622.0;0.0
21;39;7;622.0;622.0;622.0;622.0;622.0;622.0;0.0
21;40;7;622.0;622.0;622.0;622.0;622.0;622.0;0.0
21;41;7;622.0;622.0;622.0;622.0;622.0;622.0;0.0
21;42;7;622.0;622.0;622.0;622.0;622.0;622.0;0.0
21;43;7;622.0;622.0;622.0;622.0;622.0;622.0;0.0
21;44;7;622.0;622.0;622.0;622.0;622.0;622.0;0.0
21;45;7;618.0;622.0;622.0;622.0;622.0;621.4;1.4
21;46;7;622.0;622.0;622.0;622.0;622.0;622.0;0.0
21;47;7;622.0;622.0;622.0;622.0;622.0;622.0;0.0
21;48;7;622.0;622.0;622.0;622.0;622.0;622.0;0.0
21;49;7;622.0;622.0;622.0;622.0;622.0;622.0;0.0
21;50;7;622.0;622.0;622.0;622.0;622.0;622.0;0.0
21;51;7;622.0;622.0;622.0;622.0;622.0;622.0;0.0
21;52;7;622.0;622.0;622.0;622.0;622.0;622.0;0.0
21;53;7;622.0;622.0;622.0;622.0;622.0;622.0;0.0
21;54;7;622.0;622.0;622.0;622.0;622.0;622.0;0.0
21;55;7;622.0;622.0;622.0;622.0;622.0;622.0;0.0
21;56;7;622.0;622.0;622.0;622.0;622.0;622.0;0.0
21;57;7;622.0;622.0;622.0;622.0;622.0;622.0;0.0
21;58;7;622.0;622.0;622.0;622.0;622.0;622.0;0.0
21;59;7;622.0;622.0;622.0;622.0;622.0;622.0;0.0
21;60;7;622.0;622.0;622.0;622.0;622.0;622.0;0.0
21;61;7;614.0;631.5;646.0;1000.0;1004.0;789.6;183.6
21;62;7;623.0;633.0;657.0;968.0;1011.0;784.7;172.5
21;63;7;622.0;627.5;638.0;981.0;999.0;782.3;177.5
21;64;7;627.0;637.5;648.0;837.5;1023.0;749.7;172.5
21;65;7;618.0;625.5;633.0;828.5;985.0;734.9;155.2
21;66;7;617.0;629.0;636.0;742.5;876.0;696.0;104.6
21;67;7;621.0;622.0;626.0;755.0;881.0;697.4;115.8
21;68;7;629.0;630.5;632.0;709.0;784.0;674.9;69.0
21;69;7;622.0;623.5;625.0;689.0;767.0;662.7;58.1
21;70;7;618.0;619.5;628.0;686.5;747.0;657.9;55.6
21;71;7;616.0;621.0;626.0;669.5;735.0;651.1;45.5
21;72;7;617.0;621.0;625.0;677.0;731.0;652.7;46.7
21;73;7;616.0;620.0;624.0;673.0;714.0;648.6;40.6
21;74;7;617.0;619.0;620.0;676.5;725.0;650.4;47.3
21;75;7;615.0;618.5;622.0;657.0;708.0;642.3;36.6
21;76;7;617.0;619.5;623.0;660.5;702.0;643.1;36.0
21;77;7;612.0;617.0;621.0;659.5;707.0;641.9;38.0
21;78;7;616.0;619.5;622.0;661.0;687.0;640.9;29.5
21;79;7;618.0;618.0;626.0;650.5;678.0;637.0;24.7
21;80;7;621.0;621.0;622.0;655.5;687.0;640.4;29.5
21;81;7;617.0;620.5;624.0;643.0;672.0;634.3;21.0
21;82;7;613.0;623.0;623.0;651.5;685.0;638.6;27.7
21;83;7;613.0;619.0;619.0;638.0;657.0;629.0;17.8
21;84;7;619.0;619.0;619.0;638.5;658.0;630.1;17.6
21;85;7;613.0;618.0;619.0;656.0;695.0;639.3;34.7
21;86;7;612.0;618.0;618.0;647.0;752.0;644.6;48.4
21;87;7;618.0;618.0;618.0;627.5;637.0;623.4;8.6
21;88;7;618.0;618.0;618.0;627.5;637.0;623.4;8.6
21;89;7;618.0;618.0;618.0;618.0;619.0;618.1;0.3
21;90;7;618.0;618.0;618.0;618.0;618.0;618.0;0.0
21;91;7;618.0;618.0;618.0;618.0;619.0;618.1;0.3
21;92;7;618.0;618.0;618.0;618.0;618.0;618.0;0.0
21;93;7;618.0;618.0;618.0;618.0;618.0;618.0;0.0
21;94;7;618.0;618.0;618.0;618.0;618.0;618.0;0.0
21;95;7;618.0;618.0;618.0;618.0;618.0;618.0;0.0
21;96;7;618.0;618.0;618.0;618.0;618.0;618.0;0.0
21;97;7;618.0;618.0;618.0;618.0;618.0;618.0;0.0
21;98;7;618.0;618.0;618.0;618.0;618.0;618.0;0.0
21;99;7;618.0;618.0;618.0;618.0;618.0;618.0;0.0
22;0;7;676.0;966.5;1175.0;1187.0;1196.0;1050.6;209.2
22;1;7;697.0;947.5;1183.0;1185.5;1194.0;1048.6;211.1
22;2;7;739.0;1002.0;1179.0;1193.0;1205.0;1073.3;183.2
22;3;7;763.0;973.5;1188.0;1194.0;1207.0;1070.4;191.2
22;4;7;676.0;939.5;1159.0;1171.5;1179.0;1033.7;210.8
22;5;7;682.0;923.5;1128.0;1143.5;1173.0;1016.7;200.5
22;6;7;692.0;917.0;1146.0;1161.0;1184.0;1025.4;204.2
22;7;7;648.0;910.5;1140.0;1145.5;1148.0;1006.9;213.2
22;8;7;673.0;866.5;1077.0;1132.0;1169.0;988.0;198.9
22;9;7;703.0;949.5;1137.0;1161.5;1166.0;1032.6;188.8
22;10;7;652.0;870.5;1080.0;1095.0;1118.0;968.7;194.0
22;11;7;640.0;854.5;1096.0;1112.5;1164.0;976.3;197.0
22;12;7;666.0;889.5;1083.0;1104.5;1107.0;977.7;186.6
22;13;7;635.0;805.5;1026.0;1040.0;1124.0;925.1;186.7
22;14;7;622.0;639.5;993.0;1029.5;1058.0;858.7;195.8
22;15;7;634.0;644.0;1008.0;1114.0;1137.0;899.3;227.3
22;16;7;621.0;652.0;1008.0;1050.5;1071.0;872.1;200.8
22;17;7;633.0;681.0;1046.0;1059.5;1079.0;891.3;197.7
22;18;7;633.0;662.0;968.0;978.5;989.0;838.7;162.2
22;19;7;615.0;633.5;959.0;981.5;1001.0;829.3;175.4
22;20;7;621.0;632.0;868.0;888.5;902.0;776.0;128.3
22;21;7;619.0;629.5;805.0;811.5;868.0;739.1;99.9
22;22;7;620.0;624.5;795.0;835.5;877.0;744.6;108.9
22;23;7;621.0;633.0;812.0;821.0;836.0;739.6;96.2
22;24;7;619.0;624.0;838.0;852.5;865.0;753.6;113.9
22;25;7;620.0;627.0;768.0;779.0;780.0;711.4;75.3
22;26;7;621.0;624.5;769.0;802.5;811.0;722.1;86.5
22;27;7;612.0;631.0;740.0;749.5;754.0;695.3;61.6
22;28;7;610.0;625.5;710.0;745.0;764.0;689.3;62.0
22;29;7;615.0;622.5;693.0;702.0;717.0;667.7;42.0
22;30;7;617.0;629.5;662.0;671.0;692.0;653.1;26.3
22;31;7;616.0;624.5;693.0;699.0;711.0;666.7;39.4
22;32;7;624.0;625.5;662.0;680.0;690.0;655.3;27.8
22;33;7;624.0;625.0;635.0;638.0;639.0;632.0;6.5
22;34;7;613.0;624.0;631.0;631.5;633.0;626.9;6.6
22;35;7;624.0;624.0;631.0;631.0;632.0;628.1;3.6
22;36;7;624.0;624.0;624.0;624.0;624.0;624.0;0.0
22;37;7;624.0;624.0;624.0;624.0;624.0;624.0;0.0
22;38;7;624.0;624.0;624.0;624.0;624.0;624.0;0.0
22;39;7;624.0;624.0;624.0;624.0;624.0;624.0;0.0
22;40;7;624.0;624.0;624.0;624.0;624.0;624.0;0.0
22;41;7;624.0;624.0;624.0;624.0;624.0;624.0;0.0
22;42;7;624.0;624.0;624.0;624.0;624.0;624.0;0.0
22;43;7;624.0;624.0;624.0;624.0;624.0;624.0;0.0
22;44;7;624.0;624.0;624.0;624.0;624.0;624.0;0.0
22;45;7;624.0;624.0;624.0;624.0;624.0;624.0;0.0
22;46;7;624.0;624.0;624.0;624.0;624.0;624.0;0.0
22;47;7;624.0;624.0;624.0;624.0;624.0;624.0;0.0
22;48;7;624.0;624.0;624.0;624.0;624.0;624.0;0.0
22;49;7;624.0;624.0;624.0;624.0;624.0;624.0;0.0
22;50;7;624.0;624.0;624.0;624.0;624.0;624.0;0.0
22;51;7;624.0;624.0;624.0;624.0;624.0;624.0;0.0
22;52;7;624.0;624.0;624.0;624.0;624.0;624.0;0.0
22;53;7;624.0;624.0;624.0;624.0;624.0;624.0;0.0
22;54;7;624.0;624.0;624.0;624.0;624.0;624.0;0.0
22;55;7;624.0;624.0;624.0;624.0;624.0;624.0;0.0
22;56;7;624.0;624.0;624.0;624.0;624.0;624.0;0.0
22;57;7;624.0;624.0;624.0;624.0;624.0;624.0;0.0
22;58;7;624.0;624.0;624.0;624.0;624.0;624.0;0.0
22;59;7;624.0;624.0;624.0;624.0;624.0;624.0;0.0
22;60;7;624.0;624.0;624.0;624.0;624.0;624.0;0.0
22;61;7;624.0;624.0;624.0;624.0;624.0;624.0;0.0
22;62;7;624.0;624.0;624.0;624.0;624.0;624.0;0.0
22;63;7;624.0;624.0;624.0;624.0;624.0;624.0;0.0
22;64;7;624.0;624.0;624.0;624.0;624.0;624.0;0.0
22;65;7;624.0;624.0;624.0;624.0;624.0;624.0;0.0
22;66;7;624.0;624.0;624.0;624.0;624.0;624.0;0.0
22;67;7;624.0;624.0;624.0;624.0;624.0;624.0;0.0
22;68;7;624.0;624.0;624.0;624.0;624.0;624.0;0.0
22;69;7;624.0;624.0;624.0;624.0;624.0;624.0;0.0
22;70;7;624.0;624.0;624.0;624.0;624.0;624.0;0.0
22;71;7;624.0;624.0;624.0;624.0;624.0;624.0;0.0
22;72;7;624.0;624.0;624.0;624.0;624.0;624.0;0.0
22;73;7;624.0;624.0;624.0;624.0;624.0;624.0;0.0
22;74;7;615.0;620.5;631.0;787.0;961.0;717.4;146.2
22;75;7;622.0;634.0;643.0;754.0;862.0;700.4;102.1
22;76;7;611.0;619.0;623.0;716.0;826.0;675.7;89.6
22;77;7;618.0;620.0;628.0;727.0;819.0;679.9;88.2
22;78;7;619.0;623.0;636.0;713.0;788.0;673.6;71.8
22;79;7;615.0;616.0;627.0;704.5;795.0;668.3;74.3
22;80;7;615.0;618.5;619.0;692.5;751.0;658.1;57.4
22;81;7;625.0;625.0;626.0;672.5;747.0;656.1;48.7
22;82;7;625.0;625.0;625.0;633.0;648.0;630.6;8.4
22;83;7;624.0;625.0;625.0;628.0;636.0;627.3;4.2
22;84;7;625.0;625.0;625.0;625.0;631.0;625.9;2.1
22;85;7;625.0;625.0;625.0;625.0;631.0;625.9;2.1
22;86;7;625.0;625.0;625.0;625.0;625.0;625.0;0.0
22;87;7;625.0;625.0;625.0;625.0;625.0;625.0;0.0
22;88;7;611.0;618.0;625.0;625.0;625.0;621.0;6.3
22;89;7;625.0;625.0;625.0;625.0;625.0;625.0;0.0
22;90;7;625.0;625.0;625.0;625.0;625.0;625.0;0.0
22;91;7;625.0;625.0;625.0;625.0;625.0;625.0;0.0
22;92;7;625.0;625.0;625.0;625.0;625.0;625.0;0.0
22;93;7;625.0;625.0;625.0;625.0;625.0;625.0;0.0
22;94;7;625.0;625.0;625.0;625.0;625.0;625.0;0.0
22;95;7;625.0;625.0;625.0;625.0;625.0;625.0;0.0
22;96;7;625.0;625.0;625.0;625.0;625.0;625.0;0.0
22;97;7;625.0;625.0;625.0;625.0;625.0;625.0;0.0
22;98;7;625.0;625.0;625.0;625.0;625.0;625.0;0.0
22;99;7;625.0;625.0;625.0;625.0;625.0;625.0;0.0
23;0;7;690.0;931.5;1161.0;1164.0;1169.0;1030.1;208.6
23;1;7;717.0;993.0;1203.0;1204.5;1212.0;1075.3;195.7
23;2;7;751.0;953.0;1178.0;1184.5;1194.0;1056.9;192.9
23;3;7;696.0;939.5;1152.0;1179.0;1197.0;1040.3;207.4
23;4;7;709.0;940.0;1174.0;1205.5;1212.0;1055.1;212.5
23;5;7;666.0;931.5;1161.0;1175.0;1179.0;1031.3;217.9
23;6;7;679.0;907.5;1177.0;1195.0;1214.0;1039.3;227.1
23;7;7;668.0;912.5;1103.0;1137.5;1176.0;1006.7;198.5
23;8;7;677.0;933.5;1113.0;1134.0;1164.0;1012.7;184.6
23;9;7;683.0;873.0;1078.0;1084.5;1102.0;968.3;178.1
23;10;7;614.0;837.0;1052.0;1071.0;1116.0;942.6;202.5
23;11;7;661.0;906.0;1144.0;1147.5;1158.0;1010.0;205.5
23;12;7;638.0;863.0;1046.0;1059.0;1074.0;943.1;176.4
23;13;7;668.0;861.5;1080.0;1129.0;1139.0;981.1;198.1
23;14;7;639.0;658.5;1099.0;1100.5;1108.0;909.1;222.8
23;15;7;622.0;638.5;962.0;1033.0;1051.0;854.0;193.3
23;16;7;625.0;634.5;1032.0;1038.0;1046.0;864.0;201.6
23;17;7;610.0;636.5;971.0;1013.0;1026.0;843.7;188.1
23;18;7;624.0;647.0;949.0;976.0;992.0;830.1;165.9
23;19;7;613.0;642.5;915.0;943.0;950.0;807.0;151.9
23;20;7;616.0;638.5;875.0;893.0;947.0;785.9;136.0
23;21;7;609.0;620.5;866.0;893.5;922.0;775.0;138.7
23;22;7;628.0;633.5;880.0;883.5;888.0;775.7;124.8
23;23;7;621.0;631.5;791.0;819.0;850.0;737.6;96.3
23;24;7;610.0;624.5;795.0;822.5;862.0;737.3;104.4
23;25;7;616.0;619.5;771.0;800.0;815.0;720.1;89.1
23;26;7;615.0;632.5;738.0;745.5;748.0;693.9;58.5
23;27;7;620.0;626.5;712.0;725.5;749.0;683.6;52.7
23;28;7;614.0;625.5;688.0;705.0;764.0;675.3;52.1
23;29;7;608.0;624.5;669.0;673.5;684.0;651.0;28.5
23;30;7;608.0;627.0;657.0;667.0;682.0;647.9;25.4
23;31;7;608.0;609.0;629.0;631.0;653.0;624.3;15.5
23;32;7;608.0;609.0;612.0;627.5;635.0;618.3;11.2
23;33;7;608.0;608.0;608.0;611.0;611.0;609.3;1.5
23;34;7;608.0;608.0;608.0;608.0;608.0;608.0;0.0
23;35;7;608.0;608.0;608.0;608.0;608.0;608.0;0.0
23;36;7;608.0;608.0;608.0;608.0;608.0;608.0;0.0
23;37;7;608.0;608.0;608.0;608.0;608.0;608.0;0.0
23;38;7;608.0;608.0;608.0;608.0;608.0;608.0;0.0
23;39;7;608.0;608.0;608.0;608.0;608.0;608.0;0.0
23;40;7;608.0;608.0;608.0;608.0;608.0;608.0;0.0
23;41;7;608.0;608.0;608.0;608.0;608.0;608.0;0.0
23;42;7;608.0;608.0;608.0;608.0;608.0;608.0;0.0
23;43;7;608.0;608.0;608.0;608.0;608.0;608.0;0.0
23;44;7;608.0;608.0;608.0;608.0;608.0;608.0;0.0
23;45;7;608.0;608.0;608.0;608.0;608.0;608.0;0.0
23;46;7;608.0;608.0;608.0;608.0;608.0;608.0;0.0
23;47;7;608.0;608.0;608.0;608.0;608.0;608.0;0.0
23;48;7;608.0;608.0;608.0;608.0;608.0;608.0;0.0
23;49;7;608.0;608.0;608.0;608.0;608.0;608.0;0.0
23;50;7;608.0;608.0;608.0;608.0;608.0;608.0;0.0
23;51;7;608.0;608.0;608.0;608.0;608.0;608.0;0.0
23;52;7;608.0;608.0;608.0;608.0;608.0;608.0;0.0
23;53;7;608.0;608.0;608.0;608.0;608.0;608.0;0.0
23;54;7;608.0;608.0;608.0;608.0;608.0;608.0;0.0
23;55;7;608.0;608.0;608.0;608.0;608.0;608.0;0.0
23;56;7;608.0;608.0;608.0;608.0;608.0;608.0;0.0
23;57;7;608.0;608.0;608.0;608.0;608.0;608.0;0.0
23;58;7;608.0;608.0;608.0;608.0;608.0;608.0;0.0
23;59;7;608.0;608.0;608.0;608.0;608.0;608.0;0.0
23;60;7;608.0;608.0;608.0;608.0;608.0;608.0;0.0
23;61;7;608.0;608.0;608.0;608.0;608.0;608.0;0.0
23;62;7;608.0;608.0;608.0;608.0;608.0;608.0;0.0
23;63;7;608.0;608.0;608.0;608.0;608.0;608.0;0.0
23;64;7;608.0;608.0;608.0;608.0;608.0;608.0;0.0
23;65;7;608.0;608.0;608.0;608.0;608.0;608.0;0.0
23;66;7;608.0;608.0;608.0;608.0;608.0;608.0;0.0
23;67;7;608.0;608.0;608.0;608.0;608.0;608.0;0.0
23;68;7;608.0;608.0;608.0;608.0;608.0;608.0;0.0
23;69;7;608.0;608.0;608.0;608.0;608.0;608.0;0.0
23;70;7;608.0;608.0;608.0;608.0;608.0;608.0;0.0
23;71;7;608.0;608.0;608.0;608.0;608.0;608.0;0.0
23;72;7;608.0;608.0;608.0;608.0;608.0;608.0;0.0
23;73;7;608.0;608.0;608.0;608.0;608.0;608.0;0.0
23;74;7;608.0;608.0;608.0;608.0;608.0;608.0;0.0
23;75;7;610.0;621.5;633.0;778.0;924.0;709.4;131.5
23;76;7;608.0;614.5;622.0;764.0;911.0;699.7;132.2
23;77;7;612.0;618.0;625.0;794.5;966.0;718.3;154.6
23;78;7;610.0;621.5;631.0;740.5;858.0;689.0;102.1
23;79;7;610.0;613.0;615.0;740.0;861.0;684.6;110.4
23;80;7;609.0;615.0;637.0;718.5;827.0;677.1;86.1
23;81;7;608.0;609.0;611.0;673.5;737.0;645.9;53.9
23;82;7;608.0;609.0;614.0;673.5;737.0;646.3;51.8
23;83;7;608.0;608.0;608.0;630.0;681.0;624.7;27.5
23;84;7;608.0;608.0;608.0;608.0;608.0;608.0;0.0
23;85;7;608.0;608.0;608.0;608.0;608.0;608.0;0.0
23;86;7;608.0;608.0;608.0;608.0;608.0;608.0;0.0
23;87;7;608.0;608.0;608.0;608.0;608.0;608.0;0.0
23;88;7;608.0;608.0;608.0;608.0;608.0;608.0;0.0
23;89;7;608.0;608.0;608.0;608.0;608.0;608.0;0.0
23;90;7;608.0;608.0;608.0;608.0;608.0;608.0;0.0
23;91;7;608.0;608.0;608.0;608.0;608.0;608.0;0.0
23;92;7;608.0;608.0;608.0;608.0;608.0;608.0;0.0
23;93;7;608.0;608.0;608.0;608.0;608.0;608.0;0.0
23;94;7;608.0;608.0;608.0;608.0;608.0;608.0;0.0
23;95;7;608.0;608.0;608.0;608.0;608.0;608.0;0.0
23;96;7;608.0;608.0;608.0;608.0;608.0;608.0;0.0
23;97;7;608.0;608.0;608.0;608.0;608.0;608.0;0.0
23;98;7;608.0;608.0;608.0;608.0;608.0;608.0;0.0
23;99;7;608.0;608.0;608.0;608.0;608.0;608.0;0.0
24;0;7;652.0;903.5;1125.0;1158.5;1171.0;1010.3;206.3
24;1;7;660.0;949.5;1144.0;1154.5;1165.0;1025.3;202.4
24;2;7;737.0;953.0;1166.0;1185.5;1190.0;1052.9;198.1
24;3;7;718.0;960.0;1160.0;1179.0;1196.0;1050.3;192.3
24;4;7;778.0;960.0;1187.0;1207.5;1222.0;1074.6;188.7
24;5;7;719.0;953.5;1164.0;1184.5;1190.0;1049.9;191.9
24;6;7;655.0;883.5;1108.0;1156.0;1173.0;1002.1;216.7
24;7;7;680.0;905.5;1165.0;1181.5;1202.0;1031.6;221.8
24;8;7;697.0;934.0;1129.0;1158.5;1176.0;1026.7;190.3
24;9;7;658.0;860.5;1120.0;1126.5;1139.0;984.4;207.4
24;10;7;636.0;890.0;1138.0;1157.0;1164.0;1004.6;225.5
24;11;7;645.0;874.0;1082.0;1105.0;1129.0;973.4;200.2
24;12;7;648.0;839.0;1047.0;1091.0;1123.0;954.0;194.6
24;13;7;667.0;885.5;1112.0;1141.5;1148.0;997.3;205.6
24;14;7;629.0;659.0;1002.0;1059.0;1087.0;879.1;201.6
24;15;7;623.0;661.5;999.0;1014.5;1034.0;858.3;182.4
24;16;7;639.0;719.0;1052.0;1055.0;1078.0;902.4;186.8
24;17;7;633.0;636.5;1042.0;1050.0;1076.0;874.9;207.7
24;18;7;625.0;639.0;925.0;952.0;967.0;814.1;156.3
24;19;7;626.0;629.5;956.0;966.0;978.0;821.6;167.5
24;20;7;610.0;635.5;863.0;950.0;955.0;799.9;152.7
24;21;7;618.0;625.0;912.0;953.5;963.0;807.1;160.5
24;22;7;611.0;631.0;899.0;927.0;965.0;798.7;152.8
24;23;7;620.0;642.0;824.0;845.5;873.0;756.0;106.3
24;24;7;619.0;625.5;766.0;785.0;800.0;715.1;80.1
24;25;7;624.0;631.5;800.0;826.5;842.0;740.3;97.2
24;26;7;619.0;628.5;784.0;808.0;836.0;730.3;92.6
24;27;7;614.0;623.5;732.0;751.0;764.0;694.1;64.6
24;28;7;618.0;634.0;750.0;779.0;786.0;711.4;72.6
24;29;7;612.0;619.0;656.0;679.0;694.0;651.1;31.7
24;30;7;618.0;627.0;654.0;683.0;704.0;656.6;31.4
24;31;7;610.0;619.0;654.0;661.5;673.0;642.6;24.0
24;32;7;610.0;610.0;615.0;619.0;619.0;614.6;4.2
24;33;7;610.0;610.0;610.0;610.0;610.0;610.0;0.0
24;34;7;610.0;610.0;610.0;610.0;610.0;610.0;0.0
24;35;7;610.0;610.0;610.0;610.0;610.0;610.0;0.0
24;36;7;610.0;610.0;610.0;610.0;610.0;610.0;0.0
24;37;7;610.0;610.0;610.0;610.0;610.0;610.0;0.0
24;38;7;610.0;610.0;610.0;610.0;610.0;610.0;0.0
24;39;7;610.0;610.0;610.0;610.0;610.0;610.0;0.0
24;40;7;610.0;610.0;610.0;610.0;610.0;610.0;0.0
24;41;7;610.0;610.0;610.0;610.0;610.0;610.0;0.0
24;42;7;610.0;610.0;610.0;610.0;610.0;610.0;0.0
24;43;7;610.0;610.0;610.0;610.0;610.0;610.0;0.0
24;44;7;610.0;610.0;610.0;610.0;610.0;610.0;0.0
24;45;7;610.0;610.0;610.0;610.0;610.0;610.0;0.0
24;46;7;610.0;610.0;610.0;610.0;610.0;610.0;0.0
24;47;7;610.0;610.0;610.0;610.0;610.0;610.0;0.0
24;48;7;610.0;610.0;610.0;610.0;610.0;610.0;0.0
24;49;7;610.0;610.0;610.0;610.0;610.0;610.0;0.0
24;50;7;610.0;610.0;610.0;610.0;610.0;610.0;0.0
24;51;7;610.0;610.0;610.0;610.0;610.0;610.0;0.0
24;52;7;610.0;610.0;610.0;610.0;610.0;610.0;0.0
24;53;7;610.0;610.0;610.0;610.0;610.0;610.0;0.0
24;54;7;610.0;610.0;610.0;610.0;610.0;610.0;0.0
24;55;7;610.0;610.0;610.0;610.0;610.0;610.0;0.0
24;56;7;610.0;610.0;610.0;610.0;610.0;610.0;0.0
24;57;7;610.0;610.0;610.0;610.0;610.0;610.0;0.0
24;58;7;610.0;610.0;610.0;610.0;610.0;610.0;0.0
24;59;7;610.0;610.0;610.0;610.0;610.0;610.0;0.0
24;60;7;610.0;610.0;610.0;610.0;610.0;610.0;0.0
24;61;7;610.0;610.0;610.0;610.0;610.0;610.0;0.0
24;62;7;610.0;610.0;610.0;610.0;610.0;610.0;0.0
24;63;7;610.0;610.0;610.0;610.0;610.0;610.0;0.0
24;64;7;610.0;610.0;610.0;610.0;610.0;610.0;0.0
24;65;7;610.0;610.0;610.0;610.0;610.0;610.0;0.0
24;66;7;626.0;638.5;649.0;830.0;1007.0;745.6;160.5
24;67;7;620.0;624.0;634.0;804.5;991.0;728.9;158.8
24;68;7;611.0;622.0;629.0;759.5;902.0;700.7;122.2
24;69;7;613.0;619.0;628.0;728.0;836.0;681.6;95.0
24;70;7;613.0;618.0;623.0;747.5;869.0;690.9;112.1
24;71;7;610.0;610.0;612.0;734.5;819.0;675.7;91.3
24;72;7;610.0;610.0;622.0;683.0;753.0;653.0;60.1
24;73;7;610.0;610.0;610.0;648.5;691.0;632.6;35.7
24;74;7;610.0;610.0;610.0;632.0;661.0;623.6;21.5
24;75;7;610.0;610.0;610.0;627.0;644.0;619.7;15.4
24;76;7;610.0;610.0;610.0;610.0;610.0;610.0;0.0
24;77;7;610.0;610.0;610.0;610.0;610.0;610.0;0.0
24;78;7;610.0;610.0;610.0;610.0;610.0;610.0;0.0
24;79;7;610.0;610.0;610.0;610.0;610.0;610.0;0.0
24;80;7;610.0;610.0;610.0;610.0;610.0;610.0;0.0
24;81;7;610.0;610.0;610.0;610.0;610.0;610.0;0.0
24;82;7;610.0;610.0;610.0;610.0;610.0;610.0;0.0
24;83;7;610.0;610.0;610.0;610.0;610.0;610.0;0.0
24;84;7;610.0;610.0;610.0;610.0;610.0;610.0;0.0
24;85;7;610.0;610.0;610.0;610.0;610.0;610.0;0.0
24;86;7;610.0;610.0;610.0;610.0;610.0;610.0;0.0
24;87;7;610.0;610.0;610.0;610.0;610.0;610.0;0.0
24;88;7;610.0;610.0;610.0;610.0;610.0;610.0;0.0
24;89;7;610.0;610.0;610.0;610.0;610.0;610.0;0.0
24;90;7;610.0;610.0;610.0;610.0;610.0;610.0;0.0
24;91;7;610.0;610.0;610.0;610.0;610.0;610.0;0.0
24;92;7;610.0;610.0;610.0;610.0;610.0;610.0;0.0
24;93;7;610.0;610.0;610.0;610.0;610.0;610.0;0.0
24;94;7;610.0;610.0;610.0;610.0;610.0;610.0;0.0
24;95;7;610.0;610.0;610.0;610.0;610.0;610.0;0.0
24;96;7;610.0;610.0;610.0;610.0;610.0;610.0;0.0
24;97;7;610.0;610.0;610.0;610.0;610.0;610.0;0.0
24;98;7;610.0;610.0;610.0;610.0;610.0;610.0;0.0
24;99;7;610.0;610.0;610.0;610.0;610.0;610.0;0.0
25;0;7;732.0;998.0;1199.0;1208.5;1213.0;1079.6;197.3
25;1;7;663.0;921.5;1182.0;1198.5;1207.0;1041.7;223.8
25;2;7;721.0;953.0;1203.0;1216.5;1232.0;1070.7;209.1
25;3;7;800.0;994.0;1162.0;1170.0;1183.0;1067.6;161.0
25;4;7;668.0;929.0;1167.0;1188.5;1218.0;1041.1;221.5
25;5;7;700.0;924.0;1141.0;1157.5;1175.0;1025.6;199.7
25;6;7;674.0;947.0;1144.0;1152.5;1177.0;1027.7;189.2
25;7;7;773.0;958.5;1125.0;1142.0;1150.0;1035.6;160.1
25;8;7;697.0;932.0;1161.0;1164.5;1170.0;1031.6;207.9
25;9;7;687.0;935.0;1148.0;1150.5;1153.0;1022.7;198.2
25;10;7;657.0;833.0;1032.0;1121.5;1168.0;966.6;202.0
25;11;7;641.0;827.5;1075.0;1080.5;1113.0;949.3;194.2
25;12;7;638.0;842.5;1071.0;1083.5;1098.0;951.3;189.9
25;13;7;654.0;851.5;1054.0;1059.5;1075.0;943.6;182.1
25;14;7;630.0;675.5;1029.0;1042.0;1043.0;876.7;188.2
25;15;7;647.0;670.0;1020.0;1023.5;1033.0;869.6;180.0
25;16;7;618.0;636.0;990.0;996.0;1015.0;841.0;183.0
25;17;7;620.0;639.0;1004.0;1008.5;1023.0;848.9;187.4
25;18;7;623.0;628.5;888.0;922.5;950.0;794.7;146.9
25;19;7;616.0;650.5;938.0;948.5;956.0;815.4;153.9
25;20;7;616.0;626.0;829.0;836.0;847.0;745.1;106.3
25;21;7;622.0;638.5;804.0;857.5;867.0;755.0;107.5
25;22;7;619.0;633.0;798.0;824.0;840.0;738.7;96.4
25;23;7;616.0;636.0;757.0;774.0;824.0;716.7;79.0
25;24;7;618.0;633.0;734.0;768.5;784.0;705.6;69.0
25;25;7;613.0;624.5;682.0;702.0;714.0;666.0;40.7
25;26;7;619.0;630.0;705.0;721.0;746.0;681.7;50.2
25;27;7;616.0;623.0;692.0;698.0;703.0;664.7;38.4
25;28;7;619.0;621.5;664.0;676.0;687.0;652.1;28.2
25;29;7;612.0;620.0;697.0;698.5;699.0;663.6;40.1
25;30;7;611.0;625.0;669.0;678.5;684.0;653.0;29.1
25;31;7;616.0;620.0;649.0;652.0;659.0;638.3;17.3
25;32;7;618.0;620.0;671.0;684.5;710.0;658.3;35.7
25;33;7;619.0;621.0;655.0;667.0;683.0;647.6;25.1
25;34;7;615.0;619.0;653.0;666.0;674.0;644.6;24.4
25;35;7;618.0;619.0;654.0;664.5;670.0;644.1;22.5
25;36;7;618.0;618.0;644.0;644.0;644.0;632.9;12.9
25;37;7;618.0;618.0;644.0;644.0;644.0;632.9;12.9
25;38;7;618.0;619.0;640.0;640.0;644.0;631.4;11.1
25;39;7;618.0;618.0;618.0;634.0;644.0;626.3;10.6
25;40;7;618.0;618.0;618.0;618.0;618.0;618.0;0.0
25;41;7;618.0;618.0;618.0;618.0;640.0;621.1;7.7
25;42;7;618.0;618.0;618.0;618.0;618.0;618.0;0.0
25;43;7;618.0;618.0;618.0;618.0;618.0;618.0;0.0
25;44;7;618.0;618.0;618.0;618.0;618.0;618.0;0.0
25;45;7;618.0;618.0;618.0;618.0;618.0;618.0;0.0
25;46;7;618.0;618.0;618.0;618.0;618.0;618.0;0.0
25;47;7;618.0;618.0;618.0;618.0;618.0;618.0;0.0
25;48;7;618.0;618.0;618.0;618.0;618.0;618.0;0.0
25;49;7;618.0;618.0;618.0;618.0;618.0;618.0;0.0
25;50;7;618.0;618.0;618.0;618.0;618.0;618.0;0.0
25;51;7;618.0;618.0;618.0;618.0;618.0;618.0;0.0
25;52;7;618.0;618.0;618.0;618.0;618.0;618.0;0.0
25;53;7;618.0;618.0;618.0;618.0;618.0;618.0;0.0
25;54;7;618.0;618.0;618.0;618.0;618.0;618.0;0.0
25;55;7;618.0;618.0;618.0;618.0;618.0;618.0;0.0
25;56;7;618.0;618.0;618.0;618.0;618.0;618.0;0.0
25;57;7;618.0;618.0;618.0;618.0;618.0;618.0;0.0
25;58;7;618.0;618.0;618.0;618.0;618.0;618.0;0.0
25;59;7;618.0;618.0;618.0;618.0;618.0;618.0;0.0
25;60;7;615.0;618.0;618.0;618.0;618.0;617.6;1.0
25;61;7;618.0;618.0;618.0;618.0;618.0;618.0;0.0
25;62;7;618.0;618.0;618.0;618.0;618.0;618.0;0.0
25;63;7;618.0;618.0;618.0;618.0;618.0;618.0;0.0
25;64;7;618.0;618.0;618.0;618.0;618.0;618.0;0.0
25;65;7;618.0;618.0;618.0;618.0;618.0;618.0;0.0
25;66;7;618.0;618.0;618.0;618.0;618.0;618.0;0.0
25;67;7;618.0;618.0;618.0;618.0;618.0;618.0;0.0
25;68;7;618.0;618.0;618.0;618.0;618.0;618.0;0.0
25;69;7;618.0;618.0;618.0;618.0;618.0;618.0;0.0
25;70;7;618.0;618.0;618.0;618.0;618.0;618.0;0.0
25;71;7;618.0;618.0;618.0;618.0;618.0;618.0;0.0
25;72;7;618.0;618.0;618.0;618.0;618.0;618.0;0.0
25;73;7;618.0;618.0;618.0;618.0;618.0;618.0;0.0
25;74;7;618.0;618.0;618.0;618.0;618.0;618.0;0.0
25;75;7;618.0;618.0;618.0;618.0;618.0;618.0;0.0
25;76;7;614.0;621.5;624.0;781.0;929.0;710.3;137.8
25;77;7;618.0;621.0;621.0;751.0;906.0;698.4;121.8
25;78;7;618.0;625.5;630.0;753.0;862.0;695.3;102.0
25;79;7;610.0;619.5;621.0;691.5;773.0;660.9;65.9
25;80;7;619.0;619.0;620.0;716.0;820.0;675.6;87.6
25;81;7;618.0;624.5;630.0;684.0;759.0;660.6;54.5
25;82;7;617.0;618.0;620.0;715.5;793.0;671.0;77.2
25;83;7;619.0;622.0;630.0;706.5;787.0;670.4;72.0
25;84;7;618.0;622.0;632.0;719.5;805.0;676.9;80.9
25;85;7;618.0;618.5;621.0;700.0;785.0;665.9;70.5
25;86;7;618.0;618.0;618.0;618.0;618.0;618.0;0.0
25;87;7;618.0;618.0;618.0;618.0;618.0;618.0;0.0
25;88;7;618.0;618.0;618.0;618.0;618.0;618.0;0.0
25;89;7;618.0;618.0;618.0;618.0;618.0;618.0;0.0
25;90;7;618.0;618.0;618.0;618.0;618.0;618.0;0.0
25;91;7;618.0;618.0;618.0;618.0;618.0;618.0;0.0
25;92;7;618.0;618.0;618.0;618.0;618.0;618.0;0.0
25;93;7;618.0;618.0;618.0;618.0;618.0;618.0;0.0
25;94;7;618.0;618.0;618.0;618.0;618.0;618.0;0.0
25;95;7;618.0;618.0;618.0;618.0;618.0;618.0;0.0
25;96;7;618.0;618.0;618.0;618.0;618.0;618.0;0.0
25;97;7;618.0;618.0;618.0;618.0;618.0;618.0;0.0
25;98;7;618.0;618.0;618.0;618.0;618.0;618.0;0.0
25;99;7;618.0;618.0;618.0;618.0;618.0;618.0;0.0
26;0;7;686.0;933.5;1166.0;1168.0;1176.0;1033.0;200.2
26;1;7;763.0;981.0;1203.0;1224.0;1245.0;1088.7;206.7
26;2;7;720.0;944.5;1182.0;1192.5;1211.0;1055.3;208.8
26;3;7;709.0;922.0;1105.0;1145.5;1152.0;1014.4;183.6
26;4;7;644.0;921.5;1169.0;1193.0;1200.0;1034.6;236.8
26;5;7;632.0;869.5;1105.0;1150.0;1172.0;992.6;223.3
26;6;7;654.0;894.0;1100.0;1120.5;1131.0;987.7;195.7
26;7;7;633.0;891.0;1128.0;1132.5;1144.0;993.1;215.9
26;8;7;699.0;933.0;1127.0;1154.5;1173.0;1024.9;194.2
26;9;7;687.0;921.5;1171.0;1177.5;1196.0;1036.0;214.3
26;10;7;656.0;888.5;1061.0;1083.5;1096.0;965.3;172.0
26;11;7;681.0;908.5;1083.0;1135.0;1143.0;999.1;183.5
26;12;7;693.0;909.0;1094.0;1096.5;1098.0;985.1;172.2
26;13;7;630.0;830.5;1045.0;1077.5;1111.0;943.1;196.7
26;14;7;648.0;675.0;1012.0;1029.0;1049.0;873.9;181.1
26;15;7;669.0;695.5;1042.0;1047.5;1053.0;892.9;178.9
26;16;7;645.0;674.5;1044.0;1056.0;1070.0;888.6;194.4
26;17;7;620.0;655.0;1011.0;1037.5;1045.0;865.9;193.5
26;18;7;630.0;639.0;950.0;950.0;980.0;819.7;159.4
26;19;7;626.0;645.5;939.0;969.0;976.0;824.3;161.0
26;20;7;627.0;632.5;885.0;904.5;936.0;788.9;137.8
26;21;7;631.0;635.5;902.0;905.0;921.0;790.7;135.8
26;22;7;623.0;628.5;881.0;894.0;916.0;780.7;133.8
26;23;7;623.0;647.0;862.0;876.5;890.0;774.6;118.4
26;24;7;609.0;622.0;821.0;833.5;849.0;741.4;107.6
26;25;7;618.0;627.5;805.0;813.0;830.0;733.4;94.8
26;26;7;620.0;623.0;732.0;762.0;775.0;699.6;68.2
26;27;7;617.0;626.0;772.0;820.0;831.0;730.3;94.6
26;28;7;614.0;627.0;692.0;712.0;738.0;674.6;47.1
26;29;7;625.0;628.0;649.0;690.5;692.0;657.6;29.9
26;30;7;628.0;628.0;634.0;636.5;642.0;633.3;5.3
26;31;7;628.0;628.0;634.0;634.0;636.0;631.7;3.3
26;32;7;628.0;629.0;634.0;634.0;634.0;631.7;2.7
26;33;7;628.0;628.5;634.0;634.0;634.0;631.6;2.8
26;34;7;628.0;630.0;634.0;634.0;634.0;632.0;2.4
26;35;7;628.0;628.5;634.0;634.0;634.0;631.6;2.8
26;36;7;628.0;628.0;634.0;634.0;634.0;631.4;3.0
26;37;7;626.0;628.0;634.0;634.0;634.0;631.1;3.4
26;38;7;626.0;628.0;634.0;634.0;634.0;631.1;3.4
26;39;7;628.0;628.0;628.0;634.0;634.0;630.6;3.0
26;40;7;626.0;628.0;628.0;628.0;628.0;627.7;0.7
26;41;7;628.0;628.0;629.0;636.0;636.0;631.6;3.8
26;42;7;628.0;628.0;628.0;631.0;635.0;629.9;2.9
26;43;7;628.0;628.0;628.0;628.0;628.0;628.0;0.0
26;44;7;628.0;628.0;628.0;628.0;628.0;628.0;0.0
26;45;7;628.0;628.0;628.0;628.0;628.0;628.0;0.0
26;46;7;628.0;628.0;628.0;628.0;628.0;628.0;0.0
26;47;7;628.0;628.0;628.0;628.0;628.0;628.0;0.0
26;48;7;628.0;628.0;628.0;628.0;628.0;628.0;0.0
26;49;7;628.0;628.0;628.0;628.0;628.0;628.0;0.0
26;50;7;628.0;628.0;628.0;628.0;628.0;628.0;0.0
26;51;7;628.0;628.0;628.0;628.0;628.0;628.0;0.0
26;52;7;628.0;628.0;628.0;628.0;628.0;628.0;0.0
26;53;7;628.0;628.0;628.0;628.0;628.0;628.0;0.0
26;54;7;619.0;628.0;628.0;628.0;628.0;626.7;3.1
26;55;7;628.0;628.0;628.0;628.0;628.0;628.0;0.0
26;56;7;628.0;628.0;628.0;628.0;628.0;628.0;0.0
26;57;7;628.0;628.0;628.0;628.0;628.0;628.0;0.0
26;58;7;628.0;628.0;628.0;628.0;628.0;628.0;0.0
26;59;7;628.0;628.0;628.0;628.0;628.0;628.0;0.0
26;60;7;628.0;628.0;628.0;628.0;628.0;628.0;0.0
26;61;7;628.0;628.0;628.0;628.0;628.0;628.0;0.0
26;62;7;628.0;628.0;628.0;628.0;628.0;628.0;0.0
26;63;7;628.0;628.0;628.0;628.0;628.0;628.0;0.0
26;64;7;628.0;628.0;628.0;628.0;628.0;628.0;0.0
26;65;7;628.0;628.0;628.0;628.0;628.0;628.0;0.0
26;66;7;628.0;628.0;628.0;628.0;628.0;628.0;0.0
26;67;7;628.0;628.0;628.0;628.0;628.0;628.0;0.0
26;68;7;628.0;628.0;628.0;628.0;628.0;628.0;0.0
26;69;7;628.0;628.0;628.0;628.0;628.0;628.0;0.0
26;70;7;622.0;631.0;639.0;838.5;1010.0;744.3;167.5
26;71;7;619.0;622.5;626.0;800.0;965.0;722.1;149.2
26;72;7;618.0;626.5;663.0;814.5;957.0;731.4;140.8
26;73;7;627.0;630.0;632.0;784.0;940.0;718.1;138.4
26;74;7;617.0;623.0;634.0;757.5;882.0;699.1;111.7
26;75;7;608.0;618.0;624.0;757.0;885.0;695.3;119.8
26;76;7;617.0;621.0;624.0;728.0;837.0;682.3;94.8
26;77;7;621.0;624.5;625.0;721.5;819.0;679.6;86.6
26;78;7;617.0;625.0;630.0;728.0;835.0;684.0;91.6
26;79;7;621.0;625.5;631.0;682.0;741.0;658.3;49.1
26;80;7;612.0;619.5;625.0;658.5;697.0;641.4;33.1
26;81;7;628.0;628.0;628.0;639.0;655.0;635.0;11.1
26;82;7;628.0;628.0;628.0;631.5;634.0;629.9;2.6
26;83;7;628.0;628.0;628.0;631.0;634.0;629.7;2.7
26;84;7;623.0;623.0;628.0;632.0;636.0;628.1;5.4
26;85;7;623.0;623.0;626.0;632.0;636.0;627.9;5.4
26;86;7;627.0;628.0;628.0;629.5;634.0;629.1;2.3
26;87;7;628.0;628.0;628.0;631.5;636.0;630.1;3.4
26;88;7;628.0;628.0;628.0;631.5;636.0;630.1;3.1
26;89;7;628.0;628.0;628.0;628.0;634.0;628.9;2.1
26;90;7;628.0;628.0;628.0;628.0;628.0;628.0;0.0
26;91;7;628.0;628.0;628.0;628.0;636.0;629.1;2.8
26;92;7;628.0;628.0;628.0;628.0;628.0;628.0;0.0
26;93;7;628.0;628.0;628.0;628.0;628.0;628.0;0.0
26;94;7;623.0;628.0;628.0;628.0;628.0;627.3;1.7
26;95;7;628.0;628.0;628.0;628.0;628.0;628.0;0.0
26;96;7;628.0;628.0;628.0;628.0;628.0;628.0;0.0
26;97;7;628.0;628.0;628.0;628.0;628.0;628.0;0.0
26;98;7;628.0;628.0;628.0;628.0;628.0;628.0;0.0
26;99;7;628.0;628.0;628.0;628.0;628.0;628.0;0.0
27;0;7;708.0;984.5;1170.0;1194.0;1205.0;1062.9;194.9
27;1;7;653.0;892.0;1157.0;1187.0;1200.0;1024.0;226.5
27;2;7;713.0;937.0;1173.0;1182.0;1208.0;1047.4;209.3
27;3;7;660.0;937.0;1140.0;1145.0;1172.0;1019.4;204.3
27;4;7;702.0;940.0;1180.0;1191.5;1208.0;1050.4;219.9
27;5;7;708.0;915.0;1115.0;1139.5;1156.0;1012.6;187.7
27;6;7;715.0;952.0;1175.0;1197.0;1204.0;1056.0;209.4
27;7;7;669.0;944.0;1148.0;1178.0;1185.0;1035.1;209.6
27;8;7;641.0;896.0;1093.0;1108.5;1125.0;981.1;194.1
27;9;7;695.0;916.5;1112.0;1144.0;1148.0;1010.9;188.8
27;10;7;722.0;951.0;1143.0;1147.0;1151.0;1030.3;180.9
27;11;7;642.0;875.5;1056.0;1079.5;1097.0;957.9;182.7
27;12;7;624.0;888.5;1130.0;1151.5;1158.0;998.9;223.7
27;13;7;632.0;826.5;1031.0;1092.5;1121.0;946.0;199.5
27;14;7;634.0;659.5;998.0;1028.5;1070.0;868.3;190.2
27;15;7;663.0;704.5;1055.0;1073.0;1095.0;909.7;190.8
27;16;7;632.0;649.5;986.0;1011.5;1024.0;852.0;180.9
27;17;7;635.0;639.5;1025.0;1029.5;1054.0;864.6;196.4
27;18;7;625.0;637.5;927.0;956.5;1000.0;820.0;162.9
27;19;7;614.0;632.0;895.0;924.5;952.0;796.3;148.4
27;20;7;623.0;631.5;852.0;877.0;928.0;774.3;128.0
27;21;7;623.0;631.5;909.0;945.5;949.0;805.0;153.3
27;22;7;616.0;629.0;843.0;860.0;880.0;759.6;117.3
27;23;7;609.0;634.0;809.0;823.5;826.0;737.0;96.9
27;24;7;627.0;642.0;722.0;758.5;801.0;707.3;65.5
27;25;7;613.0;627.0;742.0;753.5;757.0;696.1;64.3
27;26;7;616.0;626.5;772.0;802.0;825.0;724.3;89.6
27;27;7;617.0;626.5;674.0;716.0;766.0;677.4;53.5
27;28;7;618.0;626.0;764.0;776.0;786.0;710.3;75.7
27;29;7;608.0;610.5;698.0;720.5;724.0;670.3;53.1
27;30;7;608.0;616.0;674.0;690.0;707.0;657.3;39.8
27;31;7;608.0;614.0;655.0;661.5;668.0;640.3;24.8
27;32;7;608.0;608.0;608.0;608.0;608.0;608.0;0.0
27;33;7;608.0;608.0;608.0;608.0;608.0;608.0;0.0
27;34;7;608.0;608.0;608.0;608.0;608.0;608.0;0.0
27;35;7;608.0;608.0;608.0;608.0;608.0;608.0;0.0
27;36;7;608.0;608.0;608.0;608.0;608.0;608.0;0.0
27;37;7;608.0;608.0;608.0;608.0;608.0;608.0;0.0
27;38;7;608.0;608.0;608.0;608.0;608.0;608.0;0.0
27;39;7;608.0;608.0;608.0;608.0;608.0;608.0;0.0
27;40;7;608.0;608.0;608.0;608.0;608.0;608.0;0.0
27;41;7;608.0;608.0;608.0;608.0;608.0;608.0;0.0
27;42;7;608.0;608.0;608.0;608.0;608.0;608.0;0.0
27;43;7;608.0;608.0;608.0;608.0;608.0;608.0;0.0
27;44;7;608.0;608.0;608.0;608.0;608.0;608.0;0.0
27;45;7;608.0;608.0;608.0;608.0;608.0;608.0;0.0
27;46;7;608.0;608.0;608.0;608.0;608.0;608.0;0.0
27;47;7;608.0;608.0;608.0;608.0;608.0;608.0;0.0
27;48;7;608.0;608.0;608.0;608.0;608.0;608.0;0.0
27;49;7;608.0;608.0;608.0;608.0;608.0;608.0;0.0
27;50;7;608.0;608.0;608.0;608.0;608.0;608.0;0.0
27;51;7;608.0;608.0;608.0;608.0;608.0;608.0;0.0
27;52;7;608.0;608.0;608.0;608.0;608.0;608.0;0.0
27;53;7;608.0;608.0;608.0;608.0;608.0;608.0;0.0
27;54;7;608.0;608.0;608.0;608.0;608.0;608.0;0.0
27;55;7;608.0;608.0;608.0;608.0;608.0;608.0;0.0
27;56;7;608.0;608.0;608.0;608.0;608.0;608.0;0.0
27;57;7;608.0;608.0;608.0;608.0;608.0;608.0;0.0
27;58;7;608.0;608.0;608.0;608.0;608.0;608.0;0.0
27;59;7;608.0;608.0;608.0;608.0;608.0;608.0;0.0
27;60;7;608.0;608.0;608.0;608.0;608.0;608.0;0.0
27;61;7;608.0;608.0;608.0;608.0;608.0;608.0;0.0
27;62;7;608.0;608.0;608.0;608.0;608.0;608.0;0.0
27;63;7;608.0;608.0;608.0;608.0;608.0;608.0;0.0
27;64;7;608.0;608.0;608.0;608.0;608.0;608.0;0.0
27;65;7;608.0;608.0;608.0;608.0;608.0;608.0;0.0
27;66;7;608.0;608.0;608.0;608.0;608.0;608.0;0.0
27;67;7;608.0;608.0;608.0;608.0;608.0;608.0;0.0
27;68;7;608.0;608.0;608.0;608.0;608.0;608.0;0.0
27;69;7;608.0;608.0;608.0;608.0;608.0;608.0;0.0
27;70;7;608.0;608.0;608.0;608.0;608.0;608.0;0.0
27;71;7;608.0;608.0;608.0;608.0;608.0;608.0;0.0
27;72;7;608.0;608.0;608.0;608.0;608.0;608.0;0.0
27;73;7;608.0;608.0;608.0;608.0;608.0;608.0;0.0
27;74;7;608.0;608.0;608.0;608.0;608.0;608.0;0.0
27;75;7;611.0;615.0;630.0;768.5;912.0;702.9;127.7
27;76;7;612.0;617.5;621.0;742.0;863.0;687.9;108.7
27;77;7;610.0;617.0;625.0;774.0;933.0;707.1;138.6
27;78;7;611.0;625.5;629.0;772.5;920.0;708.0;129.1
27;79;7;612.0;623.0;626.0;730.5;850.0;685.0;98.6
27;80;7;610.0;618.0;623.0;705.5;795.0;667.9;78.0
27;81;7;608.0;608.0;608.0;665.5;781.0;649.1;66.4
27;82;7;608.0;608.0;608.0;608.5;631.0;611.4;8.0
27;83;7;608.0;608.0;608.0;608.0;708.0;622.3;35.0
27;84;7;608.0;608.0;608.0;608.0;608.0;608.0;0.0
27;85;7;608.0;608.0;608.0;608.0;608.0;608.0;0.0
27;86;7;608.0;608.0;608.0;608.0;608.0;608.0;0.0
27;87;7;608.0;608.0;608.0;608.0;608.0;608.0;0.0
27;88;7;608.0;608.0;608.0;608.0;608.0;608.0;0.0
27;89;7;608.0;608.0;608.0;608.0;608.0;608.0;0.0
27;90;7;608.0;608.0;608.0;608.0;608.0;608.0;0.0
27;91;7;608.0;608.0;608.0;608.0;608.0;608.0;0.0
27;92;7;608.0;608.0;608.0;608.0;608.0;608.0;0.0
27;93;7;608.0;608.0;608.0;608.0;608.0;608.0;0.0
27;94;7;608.0;608.0;608.0;608.0;608.0;608.0;0.0
27;95;7;608.0;608.0;608.0;608.0;608.0;608.0;0.0
27;96;7;608.0;608.0;608.0;608.0;608.0;608.0;0.0
27;97;7;608.0;608.0;608.0;608.0;608.0;608.0;0.0
27;98;7;608.0;608.0;608.0;608.0;608.0;608.0;0.0
27;99;7;608.0;608.0;608.0;608.0;608.0;608.0;0.0
28;0;7;722.0;955.5;1175.0;1197.5;1202.0;1057.9;208.0
28;1;7;673.0;948.5;1189.0;1197.0;1201.0;1050.6;224.1
28;2;7;695.0;954.0;1211.0;1218.5;1237.0;1069.7;234.7
28;3;7;713.0;936.0;1132.0;1141.5;1152.0;1021.7;184.0
28;4;7;658.0;899.5;1140.0;1156.5;1180.0;1012.9;215.5
28;5;7;626.0;928.0;1149.0;1152.0;1186.0;1017.3;218.6
28;6;7;668.0;872.0;1072.0;1115.0;1146.0;980.0;197.5
28;7;7;678.0;894.5;1115.0;1136.0;1143.0;999.6;194.7
28;8;7;710.0;921.0;1168.0;1172.0;1182.0;1035.1;201.3
28;9;7;682.0;941.0;1132.0;1156.0;1180.0;1026.9;197.2
28;10;7;689.0;912.0;1118.0;1134.5;1146.0;1006.6;182.1
28;11;7;687.0;912.5;1164.0;1170.0;1180.0;1028.0;214.2
28;12;7;635.0;896.5;1073.0;1093.0;1108.0;970.7;185.6
28;13;7;635.0;879.0;1066.0;1074.0;1084.0;955.9;185.6
28;14;7;628.0;664.5;1007.0;1026.5;1057.0;867.7;187.9
28;15;7;616.0;642.5;994.0;1009.0;1043.0;850.9;188.9
28;16;7;625.0;634.0;979.0;1004.5;1042.0;846.1;187.5
28;17;7;612.0;644.0;986.0;1012.5;1024.0;847.9;186.4
28;18;7;627.0;644.5;963.0;968.0;986.0;828.7;165.0
28;19;7;630.0;651.5;992.0;992.5;1013.0;846.1;175.2
28;20;7;624.0;631.5;886.0;905.5;931.0;787.9;138.2
28;21;7;616.0;632.0;877.0;885.5;897.0;775.0;128.8
28;22;7;627.0;634.5;770.0;784.5;809.0;720.6;77.6
28;23;7;625.0;640.0;788.0;816.5;831.0;736.7;89.3
28;24;7;615.0;622.5;765.0;818.5;829.0;727.3;94.9
28;25;7;611.0;628.5;735.0;760.0;791.0;702.0;71.4
28;26;7;624.0;629.0;775.0;790.0;794.0;718.7;79.3
28;27;7;611.0;630.0;693.0;741.0;746.0;684.6;55.6
28;28;7;610.0;622.0;741.0;746.5;752.0;691.4;63.8
28;29;7;623.0;625.0;685.0;722.5;740.0;677.6;48.9
28;30;7;622.0;630.0;665.0;705.0;713.0;667.1;37.6
28;31;7;608.0;627.0;674.0;694.5;705.0;661.4;36.9
28;32;7;608.0;612.0;679.0;706.0;723.0;663.7;48.1
28;33;7;608.0;613.5;666.0;702.5;743.0;664.1;50.3
28;34;7;608.0;608.5;651.0;704.0;721.0;657.9;47.3
28;35;7;609.0;616.5;718.0;743.0;755.0;685.9;63.5
28;36;7;608.0;608.0;608.0;608.0;608.0;608.0;0.0
28;37;7;608.0;608.0;608.0;608.0;608.0;608.0;0.0
28;38;7;608.0;608.0;608.0;608.0;608.0;608.0;0.0
28;39;7;608.0;608.0;608.0;608.0;608.0;608.0;0.0
28;40;7;608.0;608.0;608.0;608.0;608.0;608.0;0.0
28;41;7;608.0;608.0;608.0;608.0;608.0;608.0;0.0
28;42;7;608.0;608.0;608.0;608.0;608.0;608.0;0.0
28;43;7;608.0;608.0;608.0;608.0;608.0;608.0;0.0
28;44;7;608.0;608.0;608.0;608.0;608.0;608.0;0.0
28;45;7;608.0;608.0;608.0;608.0;608.0;608.0;0.0
28;46;7;608.0;608.0;608.0;608.0;608.0;608.0;0.0
28;47;7;608.0;608.0;608.0;608.0;608.0;608.0;0.0
28;48;7;608.0;608.0;608.0;608.0;608.0;608.0;0.0
28;49;7;608.0;608.0;608.0;608.0;608.0;608.0;0.0
28;50;7;608.0;608.0;608.0;608.0;608.0;608.0;0.0
28;51;7;608.0;608.0;608.0;608.0;608.0;608.0;0.0
28;52;7;608.0;608.0;608.0;608.0;608.0;608.0;0.0
28;53;7;608.0;608.0;608.0;608.0;608.0;608.0;0.0
28;54;7;608.0;608.0;608.0;608.0;608.0;608.0;0.0
28;55;7;608.0;608.0;608.0;608.0;608.0;608.0;0.0
28;56;7;608.0;608.0;608.0;608.0;608.0;608.0;0.0
28;57;7;608.0;608.0;608.0;608.0;608.0;608.0;0.0
28;58;7;608.0;608.0;608.0;608.0;608.0;608.0;0.0
28;59;7;608.0;608.0;608.0;608.0;608.0;608.0;0.0
28;60;7;608.0;608.0;608.0;608.0;608.0;608.0;0.0
28;61;7;608.0;608.0;608.0;608.0;608.0;608.0;0.0
28;62;7;608.0;608.0;608.0;608.0;608.0;608.0;0.0
28;63;7;608.0;608.0;608.0;608.0;608.0;608.0;0.0
28;64;7;608.0;608.0;608.0;608.0;608.0;608.0;0.0
28;65;7;608.0;608.0;608.0;608.0;608.0;608.0;0.0
28;66;7;608.0;608.0;608.0;608.0;608.0;608.0;0.0
28;67;7;608.0;608.0;608.0;608.0;608.0;608.0;0.0
28;68;7;608.0;608.0;608.0;608.0;608.0;608.0;0.0
28;69;7;608.0;608.0;608.0;608.0;608.0;608.0;0.0
28;70;7;608.0;608.0;608.0;608.0;608.0;608.0;0.0
28;71;7;608.0;608.0;608.0;608.0;608.0;608.0;0.0
28;72;7;608.0;608.0;608.0;608.0;608.0;608.0;0.0
28;73;7;608.0;608.0;608.0;608.0;608.0;608.0;0.0
28;74;7;608.0;608.0;608.0;608.0;608.0;608.0;0.0
28;75;7;608.0;608.0;608.0;608.0;608.0;608.0;0.0
28;76;7;608.0;608.0;608.0;608.0;608.0;608.0;0.0
28;77;7;621.0;625.5;631.0;828.5;983.0;734.7;157.6
28;78;7;616.0;629.5;645.0;800.5;959.0;725.7;143.4
28;79;7;608.0;628.0;633.0;751.5;895.0;699.3;116.3
28;80;7;608.0;613.0;617.0;733.5;844.0;680.3;99.6
28;81;7;609.0;614.0;619.0;692.0;775.0;659.3;69.3
28;82;7;608.0;610.0;621.0;712.5;806.0;668.6;85.8
28;83;7;609.0;613.0;619.0;709.0;811.0;669.0;83.3
28;84;7;609.0;609.0;609.0;623.5;655.0;619.7;17.5
28;85;7;608.0;608.0;608.0;608.0;617.0;609.3;3.1
28;86;7;608.0;608.0;608.0;608.0;608.0;608.0;0.0
28;87;7;608.0;608.0;608.0;608.0;608.0;608.0;0.0
28;88;7;608.0;608.0;608.0;608.0;608.0;608.0;0.0
28;89;7;608.0;608.0;608.0;608.0;608.0;608.0;0.0
28;90;7;608.0;608.0;608.0;608.0;608.0;608.0;0.0
28;91;7;608.0;608.0;608.0;608.0;608.0;608.0;0.0
28;92;7;608.0;608.0;608.0;608.0;608.0;608.0;0.0
28;93;7;608.0;608.0;608.0;608.0;608.0;608.0;0.0
28;94;7;608.0;608.0;608.0;608.0;608.0;608.0;0.0
28;95;7;608.0;608.0;608.0;608.0;608.0;608.0;0.0
28;96;7;608.0;608.0;608.0;608.0;608.0;608.0;0.0
28;97;7;608.0;608.0;608.0;608.0;608.0;608.0;0.0
28;98;7;608.0;608.0;608.0;608.0;608.0;608.0;0.0
28;99;7;608.0;608.0;608.0;608.0;608.0;608.0;0.0
29;0;7;681.0;947.5;1149.0;1197.5;1205.0;1046.4;210.5
29;1;7;681.0;930.5;1180.0;1210.0;1219.0;1051.6;231.8
29;2;7;687.0;954.5;1169.0;1185.5;1208.0;1049.1;209.9
29;3;7;666.0;957.0;1163.0;1167.0;1184.0;1037.3;209.0
29;4;7;701.0;987.0;1212.0;1236.5;1251.0;1087.3;225.1
29;5;7;796.0;1007.0;1171.0;1176.0;1191.0;1074.9;160.1
29;6;7;690.0;922.0;1116.0;1134.5;1203.0;1017.4;195.6
29;7;7;699.0;911.5;1120.0;1160.5;1165.0;1018.3;196.8
29;8;7;677.0;948.0;1158.0;1164.0;1175.0;1033.4;203.7
29;9;7;631.0;891.0;1075.0;1124.5;1158.0;985.0;197.6
29;10;7;639.0;899.5;1125.0;1139.0;1156.0;999.6;212.0
29;11;7;642.0;877.0;1093.0;1110.0;1121.0;975.7;198.2
29;12;7;679.0;899.0;1097.0;1121.0;1141.0;993.9;188.8
29;13;7;631.0;856.0;1047.0;1078.5;1133.0;954.3;195.3
29;14;7;647.0;658.0;1061.0;1092.5;1135.0;906.3;219.1
29;15;7;628.0;658.0;997.0;1020.5;1074.0;865.1;189.8
29;16;7;637.0;695.0;1041.0;1057.5;1081.0;894.9;191.1
29;17;7;627.0;630.5;974.0;980.0;996.0;831.1;174.9
29;18;7;620.0;633.5;941.0;962.5;968.0;817.3;163.3
29;19;7;621.0;630.0;941.0;951.5;995.0;817.1;165.4
29;20;7;624.0;640.5;884.0;893.5;915.0;784.4;129.8
29;21;7;615.0;633.5;896.0;901.5;925.0;786.6;138.3
29;22;7;624.0;635.5;859.0;873.0;898.0;771.1;121.5
29;23;7;616.0;629.5;792.0;825.5;847.0;737.9;99.1
29;24;7;620.0;635.5;810.0;822.0;835.0;740.0;95.5
29;25;7;632.0;633.5;776.0;813.0;847.0;735.4;91.5
29;26;7;611.0;624.0;825.0;837.0;845.0;743.3;107.3
29;27;7;616.0;622.0;778.0;780.5;811.0;715.7;83.6
29;28;7;624.0;628.0;770.0;784.5;792.0;715.9;77.5
29;29;7;622.0;625.5;765.0;781.0;787.0;712.4;76.6
29;30;7;623.0;625.0;717.0;729.0;734.0;683.1;51.2
29;31;7;611.0;626.5;674.0;682.0;708.0;658.6;34.1
29;32;7;611.0;617.5;670.0;684.5;690.0;653.6;33.8
29;33;7;611.0;612.0;615.0;615.0;620.0;614.3;2.8
29;34;7;611.0;612.0;614.0;614.5;615.0;613.3;1.5
29;35;7;611.0;612.0;612.0;614.0;615.0;612.9;1.4
29;36;7;611.0;611.5;612.0;612.0;612.0;611.7;0.5
29;37;7;611.0;611.0;611.0;612.0;612.0;611.4;0.5
29;38;7;611.0;611.0;611.0;611.5;612.0;611.3;0.5
29;39;7;611.0;611.0;611.0;611.5;612.0;611.3;0.5
29;40;7;611.0;611.0;611.0;611.0;611.0;611.0;0.0
29;41;7;611.0;611.0;611.0;611.0;612.0;611.1;0.3
29;42;7;611.0;611.0;611.0;611.0;612.0;611.1;0.3
29;43;7;611.0;611.0;611.0;611.0;611.0;611.0;0.0
29;44;7;611.0;611.0;611.0;611.0;611.0;611.0;0.0
29;45;7;611.0;611.0;611.0;611.0;611.0;611.0;0.0
29;46;7;611.0;611.0;611.0;611.0;611.0;611.0;0.0
29;47;7;611.0;611.0;611.0;611.0;611.0;611.0;0.0
29;48;7;611.0;611.0;611.0;611.0;611.0;611.0;0.0
29;49;7;611.0;611.0;611.0;611.0;611.0;611.0;0.0
29;50;7;611.0;611.0;611.0;611.0;611.0;611.0;0.0
29;51;7;611.0;611.0;611.0;611.0;611.0;611.0;0.0
29;52;7;611.0;611.0;611.0;611.0;611.0;611.0;0.0
29;53;7;611.0;611.0;611.0;611.0;611.0;611.0;0.0
29;54;7;611.0;611.0;611.0;611.0;611.0;611.0;0.0
29;55;7;611.0;611.0;611.0;611.0;611.0;611.0;0.0
29;56;7;609.0;611.0;611.0;611.0;611.0;610.7;0.7
29;57;7;611.0;611.0;611.0;611.0;611.0;611.0;0.0
29;58;7;611.0;611.0;611.0;611.0;611.0;611.0;0.0
29;59;7;611.0;611.0;611.0;611.0;611.0;611.0;0.0
29;60;7;611.0;611.0;611.0;611.0;611.0;611.0;0.0
29;61;7;611.0;611.0;611.0;611.0;611.0;611.0;0.0
29;62;7;611.0;611.0;611.0;611.0;611.0;611.0;0.0
29;63;7;611.0;611.0;611.0;611.0;611.0;611.0;0.0
29;64;7;611.0;611.0;611.0;611.0;611.0;611.0;0.0
29;65;7;611.0;611.0;611.0;611.0;611.0;611.0;0.0
29;66;7;611.0;611.0;611.0;611.0;611.0;611.0;0.0
29;67;7;611.0;611.0;611.0;611.0;611.0;611.0;0.0
29;68;7;611.0;611.0;611.0;611.0;611.0;611.0;0.0
29;69;7;611.0;611.0;611.0;611.0;611.0;611.0;0.0
29;70;7;611.0;611.0;611.0;611.0;611.0;611.0;0.0
29;71;7;611.0;611.0;611.0;611.0;611.0;611.0;0.0
29;72;7;611.0;611.0;611.0;611.0;611.0;611.0;0.0
29;73;7;611.0;611.0;611.0;611.0;611.0;611.0;0.0
29;74;7;611.0;611.0;611.0;611.0;611.0;611.0;0.0
29;75;7;611.0;611.0;611.0;611.0;611.0;611.0;0.0
29;76;7;611.0;611.0;611.0;611.0;611.0;611.0;0.0
29;77;7;611.0;611.0;611.0;611.0;611.0;611.0;0.0
29;78;7;611.0;611.0;611.0;611.0;611.0;611.0;0.0
29;79;7;611.0;611.0;611.0;611.0;611.0;611.0;0.0
29;80;7;611.0;611.0;611.0;611.0;611.0;611.0;0.0
29;81;7;611.0;611.0;611.0;611.0;611.0;611.0;0.0
29;82;7;611.0;611.0;611.0;611.0;611.0;611.0;0.0
29;83;7;611.0;611.0;611.0;611.0;611.0;611.0;0.0
29;84;7;611.0;611.0;611.0;611.0;611.0;611.0;0.0
29;85;7;611.0;611.0;611.0;611.0;611.0;611.0;0.0
29;86;7;611.0;611.0;611.0;611.0;611.0;611.0;0.0
29;87;7;611.0;611.0;611.0;611.0;611.0;611.0;0.0
29;88;7;611.0;611.0;611.0;611.0;611.0;611.0;0.0
29;89;7;611.0;611.0;611.0;611.0;611.0;611.0;0.0
29;90;7;611.0;611.0;611.0;611.0;611.0;611.0;0.0
29;91;7;611.0;611.0;611.0;611.0;611.0;611.0;0.0
29;92;7;611.0;611.0;611.0;611.0;611.0;611.0;0.0
29;93;7;611.0;611.0;611.0;611.0;611.0;611.0;0.0
29;94;7;611.0;611.0;611.0;611.0;611.0;611.0;0.0
29;95;7;611.0;611.0;611.0;611.0;611.0;611.0;0.0
29;96;7;611.0;611.0;611.0;611.0;611.0;611.0;0.0
29;97;7;611.0;611.0;611.0;611.0;611.0;611.0;0.0
29;98;7;611.0;611.0;611.0;611.0;611.0;611.0;0.0
29;99;7;611.0;611.0;611.0;611.0;611.0;611.0;0.0
30;0;7;708.0;963.5;1216.0;1250.0;1262.0;1087.6;235.0
30;1;7;664.0;954.0;1174.0;1190.0;1212.0;1048.3;209.3
30;2;7;776.0;1006.0;1236.0;1239.5;1242.0;1106.4;204.7
30;3;7;659.0;909.0;1128.0;1144.5;1170.0;1009.1;203.4
30;4;7;689.0;923.0;1161.0;1174.0;1185.0;1032.7;213.9
30;5;7;740.0;1055.5;1221.0;1227.0;1229.0;1107.9;185.2
30;6;7;720.0;932.5;1145.0;1164.0;1201.0;1037.0;199.5
30;7;7;733.0;908.5;1122.0;1148.0;1173.0;1020.1;182.2
30;8;7;687.0;916.0;1118.0;1126.5;1138.0;1004.0;187.8
30;9;7;666.0;876.5;1071.0;1106.0;1153.0;979.3;191.6
30;10;7;693.0;935.0;1150.0;1165.0;1192.0;1033.6;206.8
30;11;7;665.0;918.0;1115.0;1119.5;1145.0;1000.0;190.2
30;12;7;682.0;871.5;1059.0;1094.0;1116.0;969.7;182.4
30;13;7;638.0;851.0;1064.0;1092.0;1127.0;959.3;194.3
30;14;7;624.0;741.5;1083.0;1088.0;1093.0;922.7;194.3
30;15;7;666.0;690.5;1076.0;1084.5;1102.0;913.4;200.6
30;16;7;637.0;642.0;1016.0;1032.5;1057.0;865.6;195.4
30;17;7;645.0;672.5;987.0;1002.0;1021.0;857.4;168.9
30;18;7;619.0;630.5;979.0;988.0;1046.0;840.1;186.1
30;19;7;622.0;632.5;911.0;928.5;936.0;798.7;147.2
30;20;7;615.0;627.5;811.0;872.5;888.0;759.1;119.8
30;21;7;618.0;628.0;912.0;939.5;972.0;805.3;157.4
30;22;7;618.0;641.0;865.0;898.0;903.0;780.6;128.2
30;23;7;620.0;629.5;806.0;823.5;868.0;742.9;102.6
30;24;7;619.0;624.0;786.0;810.5;835.0;729.9;94.2
30;25;7;622.0;627.5;772.0;792.5;811.0;720.7;83.5
30;26;7;613.0;619.5;740.0;745.5;758.0;691.6;64.6
30;27;7;621.0;622.5;699.0;706.0;713.0;670.0;41.9
30;28;7;615.0;619.0;711.0;728.0;739.0;679.9;54.5
30;29;7;615.0;618.5;681.0;699.0;736.0;666.7;46.0
30;30;7;611.0;618.0;673.0;700.0;705.0;660.7;40.2
30;31;7;611.0;619.0;650.0;665.5;684.0;644.9;26.6
30;32;7;627.0;633.0;666.0;670.0;674.0;653.3;19.7
30;33;7;611.0;616.5;646.0;656.0;666.0;638.3;21.5
30;34;7;610.0;622.0;661.0;662.0;665.0;643.4;22.4
30;35;7;611.0;619.5;639.0;648.0;651.0;633.7;15.5
30;36;7;608.0;611.5;630.0;630.0;649.0;624.3;13.7
30;37;7;608.0;608.5;622.0;637.5;640.0;623.1;13.9
30;38;7;608.0;608.0;608.0;608.0;608.0;608.0;0.0
30;39;7;608.0;608.0;608.0;608.0;608.0;608.0;0.0
30;40;7;608.0;608.0;608.0;608.0;608.0;608.0;0.0
30;41;7;608.0;608.0;608.0;608.0;608.0;608.0;0.0
30;42;7;608.0;608.0;608.0;608.0;608.0;608.0;0.0
30;43;7;608.0;608.0;608.0;608.0;608.0;608.0;0.0
30;44;7;608.0;608.0;608.0;608.0;608.0;608.0;0.0
30;45;7;608.0;608.0;608.0;608.0;608.0;608.0;0.0
30;46;7;608.0;608.0;608.0;608.0;608.0;608.0;0.0
30;47;7;608.0;608.0;608.0;608.0;608.0;608.0;0.0
30;48;7;608.0;608.0;608.0;608.0;608.0;608.0;0.0
30;49;7;608.0;608.0;608.0;608.0;608.0;608.0;0.0
30;50;7;608.0;608.0;608.0;608.0;608.0;608.0;0.0
30;51;7;608.0;608.0;608.0;608.0;608.0;608.0;0.0
30;52;7;608.0;608.0;608.0;608.0;608.0;608.0;0.0
30;53;7;608.0;608.0;608.0;608.0;608.0;608.0;0.0
30;54;7;608.0;608.0;608.0;608.0;608.0;608.0;0.0
30;55;7;608.0;608.0;608.0;608.0;608.0;608.0;0.0
30;56;7;608.0;608.0;608.0;608.0;608.0;608.0;0.0
30;57;7;608.0;608.0;608.0;608.0;608.0;608.0;0.0
30;58;7;608.0;608.0;608.0;608.0;608.0;608.0;0.0
30;59;7;608.0;608.0;608.0;608.0;608.0;608.0;0.0
30;60;7;608.0;608.0;608.0;608.0;608.0;608.0;0.0
30;61;7;608.0;608.0;608.0;608.0;608.0;608.0;0.0
30;62;7;608.0;608.0;608.0;608.0;608.0;608.0;0.0
30;63;7;608.0;608.0;608.0;608.0;608.0;608.0;0.0
30;64;7;608.0;608.0;608.0;608.0;608.0;608.0;0.0
30;65;7;608.0;608.0;608.0;608.0;608.0;608.0;0.0
30;66;7;608.0;608.0;608.0;608.0;608.0;608.0;0.0
30;67;7;608.0;608.0;608.0;608.0;608.0;608.0;0.0
30;68;7;608.0;608.0;608.0;608.0;608.0;608.0;0.0
30;69;7;608.0;608.0;608.0;608.0;608.0;608.0;0.0
30;70;7;608.0;608.0;608.0;608.0;608.0;608.0;0.0
30;71;7;608.0;608.0;608.0;608.0;608.0;608.0;0.0
30;72;7;608.0;608.0;608.0;608.0;608.0;608.0;0.0
30;73;7;608.0;608.0;608.0;608.0;608.0;608.0;0.0
30;74;7;608.0;608.0;608.0;608.0;608.0;608.0;0.0
30;75;7;608.0;608.0;608.0;608.0;608.0;608.0;0.0
30;76;7;608.0;608.0;608.0;608.0;608.0;608.0;0.0
30;77;7;608.0;608.0;608.0;608.0;608.0;608.0;0.0
30;78;7;608.0;608.0;608.0;608.0;608.0;608.0;0.0
30;79;7;608.0;608.0;608.0;608.0;608.0;608.0;0.0
30;80;7;608.0;608.0;608.0;608.0;608.0;608.0;0.0
30;81;7;608.0;608.0;608.0;608.0;608.0;608.0;0.0
30;82;7;608.0;621.0;625.0;736.5;856.0;686.3;104.4
30;83;7;616.0;619.0;632.0;734.5;842.0;685.3;97.1
30;84;7;608.0;613.0;619.0;723.5;812.0;673.1;88.2
30;85;7;608.0;619.0;648.0;709.0;783.0;670.7;65.2
30;86;7;608.0;608.0;613.0;691.5;771.0;655.9;69.9
30;87;7;608.0;608.0;608.0;638.5;668.0;625.3;25.5
30;88;7;608.0;608.0;608.0;608.0;608.0;608.0;0.0
30;89;7;608.0;608.0;608.0;608.0;608.0;608.0;0.0
30;90;7;608.0;608.0;608.0;608.0;608.0;608.0;0.0
30;91;7;608.0;608.0;608.0;608.0;608.0;608.0;0.0
30;92;7;608.0;608.0;608.0;608.0;608.0;608.0;0.0
30;93;7;608.0;608.0;608.0;608.0;608.0;608.0;0.0
30;94;7;608.0;608.0;608.0;608.0;608.0;608.0;0.0
30;95;7;608.0;608.0;608.0;608.0;608.0;608.0;0.0
30;96;7;608.0;608.0;608.0;608.0;608.0;608.0;0.0
30;97;7;608.0;608.0;608.0;608.0;608.0;608.0;0.0
30;98;7;608.0;608.0;608.0;608.0;608.0;608.0;0.0
30;99;7;608.0;608.0;608.0;608.0;608.0;608.0;0.0
31;0;7;762.0;966.0;1172.0;1199.5;1216.0;1068.7;194.0
31;1;7;664.0;961.0;1166.0;1174.0;1183.0;1040.4;207.2
31;2;7;644.0;976.5;1141.0;1150.5;1162.0;1028.7;193.9
31;3;7;695.0;935.0;1171.0;1176.0;1205.0;1041.9;214.7
31;4;7;730.0;945.0;1194.0;1210.5;1219.0;1064.9;207.8
31;5;7;688.0;933.5;1142.0;1149.5;1157.0;1021.9;195.7
31;6;7;697.0;924.5;1113.0;1133.0;1142.0;1009.6;183.1
31;7;7;658.0;882.0;1082.0;1143.0;1177.0;995.3;203.8
31;8;7;638.0;904.0;1109.0;1132.0;1146.0;995.0;202.3
31;9;7;679.0;889.0;1123.0;1144.5;1183.0;1007.4;207.6
31;10;7;704.0;918.0;1109.0;1125.5;1147.0;1006.7;184.2
31;11;7;632.0;935.0;1114.0;1122.5;1134.0;999.3;186.3
31;12;7;634.0;864.5;1071.0;1089.0;1140.0;964.6;198.8
31;13;7;637.0;847.5;1050.0;1072.0;1087.0;944.7;189.5
31;14;7;646.0;683.5;1064.0;1070.0;1084.0;900.1;199.0
31;15;7;650.0;664.0;985.0;999.0;1004.0;852.1;167.2
31;16;7;641.0;674.0;1017.0;1029.0;1038.0;871.7;181.3
31;17;7;617.0;629.0;956.0;995.0;1022.0;834.7;182.8
31;18;7;624.0;634.5;914.0;928.0;954.0;802.4;149.0
31;19;7;616.0;635.5;916.0;925.5;931.0;797.9;146.5
31;20;7;626.0;636.0;913.0;939.0;945.0;804.9;149.5
31;21;7;627.0;652.5;865.0;908.0;930.0;791.9;129.7
31;22;7;614.0;635.5;764.0;770.0;774.0;709.0;70.3
31;23;7;622.0;638.0;805.0;814.0;849.0;740.0;94.0
31;24;7;623.0;631.0;751.0;793.5;812.0;719.3;80.7
31;25;7;616.0;628.0;719.0;732.0;763.0;688.3;57.2
31;26;7;613.0;625.5;761.0;776.5;781.0;708.4;75.7
31;27;7;615.0;629.0;764.0;765.5;766.0;704.9;69.9
31;28;7;623.0;625.5;739.0;763.5;769.0;701.3;66.9
31;29;7;622.0;629.5;704.0;706.0;711.0;672.6;39.6
31;30;7;616.0;626.5;687.0;711.0;726.0;672.0;43.9
31;31;7;620.0;625.0;676.0;704.0;720.0;667.7;41.1
31;32;7;622.0;627.0;700.0;702.0;710.0;670.0;38.8
31;33;7;621.0;626.5;722.0;731.0;743.0;685.9;53.5
31;34;7;627.0;628.5;681.0;700.5;706.0;667.4;34.9
31;35;7;617.0;637.5;701.0;704.0;708.0;672.7;37.1
31;36;7;612.0;629.5;704.0;709.0;710.0;671.9;42.2
31;37;7;614.0;624.0;655.0;663.0;697.0;648.6;27.5
31;38;7;614.0;623.0;683.0;691.0;701.0;660.9;36.0
31;39;7;614.0;614.0;614.0;628.0;637.0;621.3;8.9
31;40;7;614.0;614.0;614.0;620.0;622.0;616.9;3.4
31;41;7;614.0;614.0;614.0;616.0;620.0;615.4;2.1
31;42;7;614.0;614.0;614.0;614.0;614.0;614.0;0.0
31;43;7;614.0;614.0;614.0;614.0;614.0;614.0;0.0
31;44;7;614.0;614.0;614.0;614.0;614.0;614.0;0.0
31;45;7;614.0;614.0;614.0;614.0;614.0;614.0;0.0
31;46;7;614.0;614.0;614.0;614.0;614.0;614.0;0.0
31;47;7;614.0;614.0;614.0;614.0;614.0;614.0;0.0
31;48;7;614.0;614.0;614.0;614.0;614.0;614.0;0.0
31;49;7;614.0;614.0;614.0;614.0;614.0;614.0;0.0
31;50;7;614.0;614.0;614.0;614.0;614.0;614.0;0.0
31;51;7;614.0;614.0;614.0;614.0;614.0;614.0;0.0
31;52;7;614.0;614.0;614.0;614.0;614.0;614.0;0.0
31;53;7;614.0;614.0;614.0;614.0;614.0;614.0;0.0
31;54;7;614.0;614.0;614.0;614.0;614.0;614.0;0.0
31;55;7;614.0;614.0;614.0;614.0;614.0;614.0;0.0
31;56;7;614.0;614.0;614.0;614.0;614.0;614.0;0.0
31;57;7;614.0;614.0;614.0;614.0;614.0;614.0;0.0
31;58;7;614.0;614.0;614.0;614.0;614.0;614.0;0.0
31;59;7;614.0;614.0;614.0;614.0;614.0;614.0;0.0
31;60;7;614.0;614.0;614.0;614.0;614.0;614.0;0.0
31;61;7;614.0;614.0;614.0;614.0;614.0;614.0;0.0
31;62;7;614.0;614.0;614.0;614.0;614.0;614.0;0.0
31;63;7;614.0;614.0;614.0;614.0;614.0;614.0;0.0
31;64;7;614.0;614.0;614.0;614.0;614.0;614.0;0.0
31;65;7;614.0;614.0;614.0;614.0;614.0;614.0;0.0
31;66;7;614.0;614.0;614.0;614.0;614.0;614.0;0.0
31;67;7;614.0;614.0;614.0;614.0;614.0;614.0;0.0
31;68;7;614.0;614.0;614.0;614.0;614.0;614.0;0.0
31;69;7;614.0;614.0;614.0;614.0;614.0;614.0;0.0
31;70;7;614.0;614.0;614.0;614.0;614.0;614.0;0.0
31;71;7;614.0;614.0;614.0;614.0;614.0;614.0;0.0
31;72;7;614.0;614.0;614.0;614.0;614.0;614.0;0.0
31;73;7;614.0;614.0;614.0;614.0;614.0;614.0;0.0
31;74;7;614.0;614.0;614.0;614.0;614.0;614.0;0.0
31;75;7;614.0;614.0;614.0;614.0;614.0;614.0;0.0
31;76;7;614.0;614.0;614.0;614.0;614.0;614.0;0.0
31;77;7;614.0;614.0;614.0;614.0;614.0;614.0;0.0
31;78;7;614.0;614.0;614.0;614.0;614.0;614.0;0.0
31;79;7;614.0;614.0;614.0;614.0;614.0;614.0;0.0
31;80;7;614.0;614.0;614.0;614.0;614.0;614.0;0.0
31;81;7;614.0;614.0;614.0;614.0;614.0;614.0;0.0
31;82;7;620.0;630.0;650.0;783.5;928.0;717.9;127.9
31;83;7;614.0;628.5;631.0;746.0;878.0;696.0;109.7
31;84;7;616.0;622.0;623.0;722.5;849.0;682.4;93.7
31;85;7;617.0;623.0;630.0;695.5;801.0;669.3;71.1
31;86;7;614.0;617.5;622.0;689.0;768.0;659.6;64.4
31;87;7;614.0;614.0;614.0;628.0;642.0;622.0;12.6
31;88;7;614.0;614.0;614.0;614.0;675.0;622.7;21.3
31;89;7;614.0;614.0;614.0;614.0;614.0;614.0;0.0
31;90;7;614.0;614.0;614.0;614.0;614.0;614.0;0.0
31;91;7;614.0;614.0;614.0;614.0;614.0;614.0;0.0
31;92;7;614.0;614.0;614.0;614.0;614.0;614.0;0.0
31;93;7;614.0;614.0;614.0;614.0;614.0;614.0;0.0
31;94;7;614.0;614.0;614.0;614.0;614.0;614.0;0.0
31;95;7;614.0;614.0;614.0;614.0;614.0;614.0;0.0
31;96;7;611.0;614.0;614.0;614.0;614.0;613.6;1.0
31;97;7;614.0;614.0;614.0;614.0;614.0;614.0;0.0
31;98;7;614.0;614.0;614.0;614.0;614.0;614.0;0.0
31;99;7;614.0;614.0;614.0;614.0;614.0;614.0;0.0
32;0;7;692.0;948.5;1213.0;1220.0;1228.0;1067.1;221.4
32;1;7;733.0;966.0;1151.0;1163.5;1171.0;1044.9;177.6
32;2;7;731.0;986.0;1187.0;1205.0;1218.0;1074.0;191.6
32;3;7;699.0;957.0;1164.0;1171.0;1181.0;1042.9;200.4
32;4;7;716.0;940.5;1113.0;1120.5;1127.0;1011.1;170.0
32;5;7;647.0;917.0;1132.0;1151.0;1175.0;1012.9;213.0
32;6;7;644.0;907.0;1129.0;1142.0;1155.0;1003.7;212.9
32;7;7;669.0;933.0;1147.0;1160.0;1177.0;1025.6;206.9
32;8;7;661.0;891.5;1122.0;1136.5;1145.0;997.7;211.6
32;9;7;676.0;881.5;1095.0;1127.5;1154.0;991.9;198.9
32;10;7;675.0;892.5;1107.0;1123.0;1137.0;992.9;197.9
32;11;7;669.0;871.5;1100.0;1112.0;1131.0;981.0;194.8
32;12;7;636.0;865.0;1027.0;1051.5;1069.0;937.9;171.0
32;13;7;657.0;887.0;1073.0;1083.0;1091.0;965.9;180.7
32;14;7;674.0;682.5;1080.0;1092.5;1103.0;915.3;204.2
32;15;7;615.0;653.5;1010.0;1036.5;1076.0;868.7;198.7
32;16;7;622.0;649.0;996.0;1012.5;1021.0;851.7;183.7
32;17;7;637.0;671.0;1059.0;1069.5;1077.0;893.4;203.1
32;18;7;620.0;636.0;971.0;976.0;990.0;829.3;172.2
32;19;7;628.0;633.0;959.0;965.5;976.0;822.9;166.0
32;20;7;624.0;637.0;915.0;930.0;936.0;801.3;146.2
32;21;7;623.0;625.0;869.0;884.5;906.0;773.9;129.9
32;22;7;619.0;626.5;811.0;884.5;887.0;762.7;122.6
32;23;7;624.0;631.0;865.0;876.0;884.0;769.6;122.2
32;24;7;619.0;627.0;782.0;783.5;799.0;717.3;80.8
32;25;7;634.0;643.0;740.0;746.0;776.0;704.0;56.7
32;26;7;610.0;624.5;704.0;731.0;744.0;681.3;55.1
32;27;7;613.0;617.0;705.0;723.0;740.0;676.9;54.5
32;28;7;610.0;618.0;703.0;737.5;758.0;683.1;61.4
32;29;7;627.0;631.5;682.0;694.5;704.0;666.4;32.4
32;30;7;630.0;630.5;651.0;655.0;661.0;644.7;12.8
32;31;7;626.0;632.0;652.0;657.5;661.0;645.4;13.8
32;32;7;626.0;630.5;647.0;649.5;652.0;640.7;10.4
32;33;7;630.0;631.5;642.0;643.5;645.0;638.1;6.4
32;34;7;630.0;631.0;636.0;638.5;644.0;635.6;5.0
32;35;7;630.0;630.0;630.0;630.0;630.0;630.0;0.0
32;36;7;630.0;630.0;630.0;630.0;630.0;630.0;0.0
32;37;7;630.0;630.0;630.0;630.0;630.0;630.0;0.0
32;38;7;630.0;630.0;630.0;630.0;630.0;630.0;0.0
32;39;7;630.0;630.0;630.0;630.0;630.0;630.0;0.0
32;40;7;630.0;630.0;630.0;630.0;630.0;630.0;0.0
32;41;7;630.0;630.0;630.0;630.0;630.0;630.0;0.0
32;42;7;630.0;630.0;630.0;630.0;630.0;630.0;0.0
32;43;7;630.0;630.0;630.0;630.0;630.0;630.0;0.0
32;44;7;630.0;630.0;630.0;630.0;630.0;630.0;0.0
32;45;7;630.0;630.0;630.0;630.0;630.0;630.0;0.0
32;46;7;630.0;630.0;630.0;630.0;630.0;630.0;0.0
32;47;7;630.0;630.0;630.0;630.0;630.0;630.0;0.0
32;48;7;630.0;630.0;630.0;630.0;630.0;630.0;0.0
32;49;7;630.0;630.0;630.0;630.0;630.0;630.0;0.0
32;50;7;630.0;630.0;630.0;630.0;630.0;630.0;0.0
32;51;7;630.0;630.0;630.0;630.0;630.0;630.0;0.0
32;52;7;630.0;630.0;630.0;630.0;630.0;630.0;0.0
32;53;7;630.0;630.0;630.0;630.0;630.0;630.0;0.0
32;54;7;630.0;630.0;630.0;630.0;630.0;630.0;0.0
32;55;7;630.0;630.0;630.0;630.0;630.0;630.0;0.0
32;56;7;609.0;630.0;630.0;630.0;630.0;627.0;7.3
32;57;7;630.0;630.0;630.0;630.0;630.0;630.0;0.0
32;58;7;630.0;630.0;630.0;630.0;630.0;630.0;0.0
32;59;7;630.0;630.0;630.0;630.0;630.0;630.0;0.0
32;60;7;630.0;630.0;630.0;630.0;630.0;630.0;0.0
32;61;7;630.0;630.0;630.0;630.0;630.0;630.0;0.0
32;62;7;630.0;630.0;630.0;630.0;630.0;630.0;0.0
32;63;7;630.0;630.0;630.0;630.0;630.0;630.0;0.0
32;64;7;630.0;630.0;630.0;630.0;630.0;630.0;0.0
32;65;7;630.0;630.0;630.0;630.0;630.0;630.0;0.0
32;66;7;630.0;630.0;630.0;630.0;630.0;630.0;0.0
32;67;7;630.0;630.0;630.0;630.0;630.0;630.0;0.0
32;68;7;630.0;630.0;630.0;630.0;630.0;630.0;0.0
32;69;7;630.0;630.0;630.0;630.0;630.0;630.0;0.0
32;70;7;630.0;630.0;630.0;630.0;630.0;630.0;0.0
32;71;7;630.0;630.0;630.0;630.0;630.0;630.0;0.0
32;72;7;630.0;630.0;630.0;630.0;630.0;630.0;0.0
32;73;7;630.0;630.0;630.0;630.0;630.0;630.0;0.0
32;74;7;630.0;630.0;630.0;630.0;630.0;630.0;0.0
32;75;7;630.0;630.0;630.0;630.0;630.0;630.0;0.0
32;76;7;630.0;630.0;630.0;630.0;630.0;630.0;0.0
32;77;7;630.0;630.0;630.0;630.0;630.0;630.0;0.0
32;78;7;630.0;630.0;630.0;630.0;630.0;630.0;0.0
32;79;7;630.0;630.0;630.0;630.0;630.0;630.0;0.0
32;80;7;630.0;630.0;630.0;630.0;630.0;630.0;0.0
32;81;7;630.0;630.0;630.0;630.0;630.0;630.0;0.0
32;82;7;630.0;630.0;630.0;630.0;630.0;630.0;0.0
32;83;7;630.0;630.0;630.0;630.0;630.0;630.0;0.0
32;84;7;630.0;630.0;630.0;630.0;630.0;630.0;0.0
32;85;7;630.0;630.0;630.0;630.0;630.0;630.0;0.0
32;86;7;630.0;630.0;630.0;630.0;630.0;630.0;0.0
32;87;7;630.0;630.0;630.0;630.0;630.0;630.0;0.0
32;88;7;630.0;630.0;630.0;630.0;630.0;630.0;0.0
32;89;7;630.0;630.0;630.0;630.0;630.0;630.0;0.0
32;90;7;630.0;630.0;630.0;630.0;630.0;630.0;0.0
32;91;7;630.0;630.0;630.0;630.0;630.0;630.0;0.0
32;92;7;630.0;630.0;630.0;630.0;630.0;630.0;0.0
32;93;7;630.0;630.0;630.0;630.0;630.0;630.0;0.0
32;94;7;630.0;630.0;630.0;630.0;630.0;630.0;0.0
32;95;7;630.0;630.0;630.0;630.0;630.0;630.0;0.0
32;96;7;630.0;630.0;630.0;630.0;630.0;630.0;0.0
32;97;7;630.0;630.0;630.0;630.0;630.0;630.0;0.0
32;98;7;630.0;630.0;630.0;630.0;630.0;630.0;0.0
32;99;7;630.0;630.0;630.0;630.0;630.0;630.0;0.0
33;0;7;744.0;939.0;1139.0;1192.5;1211.0;1051.0;192.5
33;1;7;664.0;962.0;1180.0;1195.5;1209.0;1052.6;219.0
33;2;7;704.0;903.5;1158.0;1180.5;1186.0;1030.9;205.4
33;3;7;658.0;940.0;1182.0;1185.0;1185.0;1039.3;228.1
33;4;7;705.0;936.0;1160.0;1167.0;1189.0;1037.1;200.7
33;5;7;755.0;928.0;1122.0;1131.0;1137.0;1018.9;163.8
33;6;7;688.0;949.5;1187.0;1193.0;1205.0;1052.1;220.8
33;7;7;662.0;936.5;1141.0;1144.0;1146.0;1015.7;193.7
33;8;7;630.0;905.0;1121.0;1150.5;1169.0;1004.4;210.8
33;9;7;673.0;890.0;1104.0;1116.5;1159.0;992.7;200.2
33;10;7;650.0;905.0;1126.0;1132.5;1138.0;998.4;207.2
33;11;7;658.0;896.5;1090.0;1099.5;1122.0;980.3;188.6
33;12;7;669.0;867.5;1058.0;1082.0;1091.0;959.6;180.1
33;13;7;638.0;893.0;1044.0;1055.0;1059.0;948.1;164.4
33;14;7;644.0;666.5;1035.0;1062.0;1080.0;888.0;198.9
33;15;7;641.0;680.0;1073.0;1083.5;1093.0;904.9;206.7
33;16;7;630.0;672.5;1053.0;1061.5;1083.0;890.6;202.5
33;17;7;627.0;631.0;955.0;981.5;1007.0;830.6;174.6
33;18;7;620.0;647.5;923.0;1005.0;1018.0;838.0;175.5
33;19;7;620.0;629.5;880.0;922.5;946.0;792.9;145.4
33;20;7;635.0;640.5;960.0;989.5;996.0;835.9;171.1
33;21;7;621.0;637.0;846.0;865.5;885.0;765.3;116.6
33;22;7;620.0;627.5;852.0;896.5;932.0;778.9;135.1
33;23;7;625.0;658.5;829.0;842.0;861.0;759.4;98.7
33;24;7;613.0;627.0;772.0;807.0;826.0;725.6;91.3
33;25;7;619.0;627.5;796.0;815.0;834.0;733.4;95.2
33;26;7;624.0;638.5;713.0;729.0;744.0;688.0;48.1
33;27;7;623.0;627.5;726.0;729.0;746.0;686.9;53.1
33;28;7;615.0;623.5;725.0;755.5;764.0;694.6;65.0
33;29;7;613.0;618.5;670.0;689.0;700.0;656.9;35.9
33;30;7;622.0;627.5;667.0;673.5;684.0;653.6;24.8
33;31;7;620.0;621.5;673.0;683.5;694.0;656.7;31.6
33;32;7;619.0;620.0;627.0;630.5;634.0;625.9;5.8
33;33;7;619.0;620.0;620.0;620.0;620.0;619.9;0.3
33;34;7;620.0;620.0;620.0;620.0;620.0;620.0;0.0
33;35;7;620.0;620.0;620.0;620.0;620.0;620.0;0.0
33;36;7;619.0;619.5;620.0;620.0;620.0;619.7;0.5
33;37;7;620.0;620.0;620.0;620.0;620.0;620.0;0.0
33;38;7;620.0;620.0;620.0;620.0;620.0;620.0;0.0
33;39;7;619.0;620.0;620.0;620.0;620.0;619.9;0.3
33;40;7;620.0;620.0;620.0;620.0;620.0;620.0;0.0
33;41;7;620.0;620.0;620.0;620.0;620.0;620.0;0.0
33;42;7;619.0;620.0;620.0;620.0;620.0;619.9;0.3
33;43;7;619.0;620.0;620.0;620.0;620.0;619.9;0.3
33;44;7;619.0;619.5;620.0;620.0;620.0;619.7;0.5
33;45;7;619.0;619.5;620.0;620.0;620.0;619.7;0.5
33;46;7;619.0;619.5;620.0;620.0;620.0;619.7;0.5
33;47;7;620.0;620.0;620.0;620.0;620.0;620.0;0.0
33;48;7;619.0;620.0;620.0;620.0;620.0;619.9;0.3
33;49;7;619.0;620.0;620.0;620.0;620.0;619.9;0.3
33;50;7;619.0;619.5;620.0;620.0;620.0;619.7;0.5
33;51;7;619.0;620.0;620.0;620.0;620.0;619.9;0.3
33;52;7;620.0;620.0;620.0;620.0;620.0;620.0;0.0
33;53;7;619.0;620.0;620.0;620.0;620.0;619.9;0.3
33;54;7;614.0;620.0;620.0;620.0;620.0;619.1;2.1
33;55;7;620.0;620.0;620.0;620.0;620.0;620.0;0.0
33;56;7;619.0;620.0;620.0;620.0;620.0;619.9;0.3
33;57;7;620.0;620.0;620.0;620.0;620.0;620.0;0.0
33;58;7;619.0;620.0;620.0;620.0;620.0;619.9;0.3
33;59;7;619.0;620.0;620.0;620.0;620.0;619.9;0.3
33;60;7;619.0;619.5;620.0;620.0;620.0;619.7;0.5
33;61;7;619.0;620.0;620.0;620.0;620.0;619.9;0.3
33;62;7;619.0;620.0;620.0;620.0;620.0;619.9;0.3
33;63;7;619.0;619.0;619.0;619.5;620.0;619.3;0.5
33;64;7;619.0;620.0;620.0;620.0;620.0;619.9;0.3
33;65;7;619.0;619.0;620.0;620.0;620.0;619.6;0.5
33;66;7;619.0;619.5;620.0;620.0;620.0;619.7;0.5
33;67;7;619.0;619.0;619.0;619.0;620.0;619.1;0.3
33;68;7;619.0;619.0;619.0;619.0;620.0;619.1;0.3
33;69;7;619.0;619.0;619.0;619.0;620.0;619.1;0.3
33;70;7;623.0;630.5;663.0;819.5;971.0;736.7;146.2
33;71;7;623.0;629.5;639.0;789.0;937.0;719.4;137.1
33;72;7;621.0;631.0;643.0;784.0;937.0;718.7;125.5
33;73;7;623.0;624.0;631.0;772.5;896.0;706.1;119.8
33;74;7;617.0;620.0;622.0;715.5;806.0;673.7;81.9
33;75;7;621.0;628.5;634.0;725.5;827.0;684.3;87.2
33;76;7;614.0;620.5;625.0;723.0;849.0;682.1;96.2
33;77;7;619.0;622.5;626.0;720.5;827.0;679.7;89.2
33;78;7;620.0;624.5;631.0;685.5;758.0;661.3;54.7
33;79;7;608.0;622.5;626.0;685.5;754.0;657.7;57.5
33;80;7;610.0;615.5;618.0;662.5;733.0;645.3;45.2
33;81;7;609.0;618.0;623.0;678.5;748.0;653.3;53.7
33;82;7;616.0;619.0;619.0;635.0;678.0;631.6;22.1
33;83;7;619.0;619.0;619.0;619.5;620.0;619.3;0.5
33;84;7;619.0;619.0;619.0;619.5;620.0;619.3;0.5
33;85;7;619.0;619.0;619.0;619.0;619.0;619.0;0.0
33;86;7;619.0;619.0;619.0;619.0;619.0;619.0;0.0
33;87;7;619.0;619.0;619.0;619.0;619.0;619.0;0.0
33;88;7;619.0;619.0;619.0;619.0;619.0;619.0;0.0
33;89;7;619.0;619.0;619.0;619.0;619.0;619.0;0.0
33;90;7;619.0;619.0;619.0;619.0;619.0;619.0;0.0
33;91;7;619.0;619.0;619.0;619.0;619.0;619.0;0.0
33;92;7;619.0;619.0;619.0;619.0;619.0;619.0;0.0
33;93;7;619.0;619.0;619.0;619.0;619.0;619.0;0.0
33;94;7;619.0;619.0;619.0;619.0;619.0;619.0;0.0
33;95;7;619.0;619.0;619.0;619.0;619.0;619.0;0.0
33;96;7;619.0;619.0;619.0;619.0;619.0;619.0;0.0
33;97;7;619.0;619.0;619.0;619.0;619.0;619.0;0.0
33;98;7;619.0;619.0;619.0;619.0;619.0;619.0;0.0
33;99;7;619.0;619.0;619.0;619.0;619.0;619.0;0.0
34;0;7;752.0;979.5;1204.0;1212.0;1219.0;1079.7;203.3
34;1;7;685.0;942.0;1182.0;1203.0;1224.0;1054.4;228.4
34;2;7;725.0;967.5;1124.0;1145.0;1152.0;1032.3;168.2
34;3;7;691.0;932.0;1174.0;1185.0;1219.0;1045.4;215.3
34;4;7;689.0;974.0;1133.0;1152.5;1165.0;1034.3;181.8
34;5;7;664.0;888.5;1144.0;1160.5;1197.0;1014.7;212.9
34;6;7;696.0;899.0;1086.0;1117.5;1123.0;991.1;178.2
34;7;7;656.0;903.0;1121.0;1135.5;1142.0;999.4;199.5
34;8;7;682.0;922.0;1164.0;1190.5;1199.0;1038.6;222.3
34;9;7;691.0;895.0;1072.0;1092.5;1116.0;979.1;174.0
34;10;7;635.0;871.0;1129.0;1145.5;1161.0;994.0;219.9
34;11;7;638.0;848.0;1033.0;1058.0;1066.0;935.6;178.2
34;12;7;647.0;844.0;1072.0;1090.5;1107.0;956.4;190.6
34;13;7;642.0;852.0;1032.0;1049.0;1097.0;939.0;176.7
34;14;7;621.0;627.0;949.0;1019.5;1070.0;847.6;196.5
34;15;7;631.0;678.0;1045.0;1084.5;1095.0;899.4;206.5
34;16;7;635.0;638.0;1050.0;1055.5;1091.0;880.4;211.2
34;17;7;630.0;639.0;968.0;994.5;999.0;837.7;175.0
34;18;7;628.0;655.0;967.0;978.0;984.0;835.0;164.0
34;19;7;621.0;633.5;905.0;912.5;931.0;792.7;141.7
34;20;7;623.0;627.0;833.0;857.0;871.0;756.4;113.8
34;21;7;623.0;634.0;864.0;876.5;879.0;769.6;120.7
34;22;7;622.0;631.5;769.0;830.5;855.0;738.6;98.8
34;23;7;617.0;629.0;746.0;771.0;776.0;705.6;70.5
34;24;7;618.0;623.5;703.0;708.5;763.0;678.3;52.5
34;25;7;616.0;622.0;714.0;721.0;733.0;678.4;50.9
34;26;7;618.0;623.0;726.0;747.5;767.0;693.1;63.5
34;27;7;610.0;633.5;683.0;689.5;706.0;663.6;35.0
34;28;7;613.0;629.0;687.0;696.0;703.0;664.7;36.2
34;29;7;612.0;619.0;649.0;660.0;668.0;641.0;22.0
34;30;7;615.0;619.5;665.0;665.0;678.0;646.7;25.3
34;31;7;610.0;620.0;660.0;660.5;661.0;641.7;22.0
34;32;7;610.0;610.0;610.0;643.0;657.0;626.1;19.2
34;33;7;610.0;610.0;610.0;610.0;610.0;610.0;0.0
34;34;7;610.0;610.0;610.0;610.0;610.0;610.0;0.0
34;35;7;610.0;610.0;610.0;610.0;610.0;610.0;0.0
34;36;7;610.0;610.0;610.0;610.0;610.0;610.0;0.0
34;37;7;610.0;610.0;610.0;610.0;610.0;610.0;0.0
34;38;7;610.0;610.0;610.0;610.0;610.0;610.0;0.0
34;39;7;610.0;610.0;610.0;610.0;610.0;610.0;0.0
34;40;7;610.0;610.0;610.0;610.0;610.0;610.0;0.0
34;41;7;610.0;610.0;610.0;610.0;610.0;610.0;0.0
34;42;7;610.0;610.0;610.0;610.0;610.0;610.0;0.0
34;43;7;610.0;610.0;610.0;610.0;610.0;610.0;0.0
34;44;7;610.0;610.0;610.0;610.0;610.0;610.0;0.0
34;45;7;610.0;610.0;610.0;610.0;610.0;610.0;0.0
34;46;7;610.0;610.0;610.0;610.0;610.0;610.0;0.0
34;47;7;610.0;610.0;610.0;610.0;610.0;610.0;0.0
34;48;7;610.0;610.0;610.0;610.0;610.0;610.0;0.0
34;49;7;610.0;610.0;610.0;610.0;610.0;610.0;0.0
34;50;7;610.0;610.0;610.0;610.0;610.0;610.0;0.0
34;51;7;610.0;610.0;610.0;610.0;610.0;610.0;0.0
34;52;7;610.0;610.0;610.0;610.0;610.0;610.0;0.0
34;53;7;610.0;610.0;610.0;610.0;610.0;610.0;0.0
34;54;7;610.0;610.0;610.0;610.0;610.0;610.0;0.0
34;55;7;610.0;610.0;610.0;610.0;610.0;610.0;0.0
34;56;7;610.0;610.0;610.0;610.0;610.0;610.0;0.0
34;57;7;610.0;610.0;610.0;610.0;610.0;610.0;0.0
34;58;7;610.0;610.0;610.0;610.0;610.0;610.0;0.0
34;59;7;610.0;610.0;610.0;610.0;610.0;610.0;0.0
34;60;7;610.0;610.0;610.0;610.0;610.0;610.0;0.0
34;61;7;610.0;610.0;610.0;610.0;610.0;610.0;0.0
34;62;7;610.0;610.0;610.0;610.0;610.0;610.0;0.0
34;63;7;610.0;610.0;610.0;610.0;610.0;610.0;0.0
34;64;7;610.0;610.0;610.0;610.0;610.0;610.0;0.0
34;65;7;610.0;610.0;610.0;610.0;610.0;610.0;0.0
34;66;7;610.0;610.0;610.0;610.0;610.0;610.0;0.0
34;67;7;610.0;610.0;610.0;610.0;610.0;610.0;0.0
34;68;7;610.0;610.0;610.0;610.0;610.0;610.0;0.0
34;69;7;610.0;610.0;610.0;610.0;610.0;610.0;0.0
34;70;7;610.0;610.0;610.0;610.0;610.0;610.0;0.0
34;71;7;610.0;610.0;610.0;610.0;610.0;610.0;0.0
34;72;7;610.0;610.0;610.0;610.0;610.0;610.0;0.0
34;73;7;612.0;620.5;631.0;801.0;948.0;719.1;139.0
34;74;7;614.0;623.5;631.0;789.0;931.0;714.4;137.3
34;75;7;613.0;618.5;620.0;778.5;932.0;708.4;138.7
34;76;7;614.0;622.5;630.0;762.5;899.0;701.9;121.7
34;77;7;612.0;618.5;621.0;718.5;823.0;675.7;88.1
34;78;7;608.0;615.5;624.0;695.5;770.0;660.6;65.2
34;79;7;610.0;613.0;632.0;714.0;791.0;669.6;76.8
34;80;7;610.0;610.0;610.0;651.0;726.0;638.3;45.6
34;81;7;610.0;610.0;616.0;672.5;717.0;644.0;46.5
34;82;7;610.0;610.0;610.0;610.0;610.0;610.0;0.0
34;83;7;610.0;610.0;610.0;610.0;610.0;610.0;0.0
34;84;7;610.0;610.0;610.0;610.0;610.0;610.0;0.0
34;85;7;610.0;610.0;610.0;610.0;610.0;610.0;0.0
34;86;7;610.0;610.0;610.0;610.0;610.0;610.0;0.0
34;87;7;610.0;610.0;610.0;610.0;610.0;610.0;0.0
34;88;7;610.0;610.0;610.0;610.0;610.0;610.0;0.0
34;89;7;610.0;610.0;610.0;610.0;610.0;610.0;0.0
34;90;7;610.0;610.0;610.0;610.0;610.0;610.0;0.0
34;91;7;610.0;610.0;610.0;610.0;610.0;610.0;0.0
34;92;7;610.0;610.0;610.0;610.0;610.0;610.0;0.0
34;93;7;610.0;610.0;610.0;610.0;610.0;610.0;0.0
34;94;7;610.0;610.0;610.0;610.0;610.0;610.0;0.0
34;95;7;610.0;610.0;610.0;610.0;610.0;610.0;0.0
34;96;7;610.0;610.0;610.0;610.0;610.0;610.0;0.0
34;97;7;610.0;610.0;610.0;610.0;610.0;610.0;0.0
34;98;7;610.0;610.0;610.0;610.0;610.0;610.0;0.0
34;99;7;610.0;610.0;610.0;610.0;610.0;610.0;0.0
35;0;7;671.0;940.5;1182.0;1193.0;1227.0;1049.6;231.1
35;1;7;733.0;944.0;1199.0;1215.5;1248.0;1071.3;213.7
35;2;7;670.0;894.0;1110.0;1144.0;1193.0;1007.0;204.0
35;3;7;650.0;874.0;1113.0;1152.0;1162.0;996.7;212.3
35;4;7;700.0;923.5;1155.0;1161.0;1179.0;1029.0;202.1
35;5;7;656.0;915.0;1156.0;1165.0;1168.0;1020.0;214.2
35;6;7;669.0;929.5;1140.0;1144.5;1157.0;1016.3;203.5
35;7;7;670.0;896.5;1115.0;1134.5;1152.0;999.9;199.7
35;8;7;618.0;858.5;1121.0;1129.0;1139.0;979.0;220.5
35;9;7;674.0;905.0;1104.0;1143.5;1169.0;1006.3;200.1
35;10;7;647.0;879.5;1103.0;1134.0;1144.0;988.7;213.2
35;11;7;644.0;857.0;1072.0;1105.0;1123.0;966.1;203.4
35;12;7;613.0;829.5;993.0;1023.0;1088.0;914.1;175.7
35;13;7;652.0;869.5;1080.0;1105.0;1125.0;972.3;198.0
35;14;7;630.0;638.0;985.0;1014.5;1041.0;851.6;187.9
35;15;7;643.0;679.5;1035.0;1045.5;1057.0;883.6;187.9
35;16;7;640.0;651.0;1001.0;1012.5;1030.0;856.9;181.8
35;17;7;626.0;634.0;985.0;1060.0;1065.0;866.3;205.0
35;18;7;624.0;627.5;946.0;964.5;968.0;817.4;165.6
35;19;7;634.0;637.0;874.0;909.0;954.0;793.4;138.4
35;20;7;622.0;624.5;898.0;905.5;938.0;788.3;143.1
35;21;7;629.0;632.0;857.0;878.5;904.0;773.0;123.8
35;22;7;613.0;627.0;859.0;869.0;889.0;764.7;123.7
35;23;7;620.0;631.0;813.0;818.5;841.0;739.0;97.2
35;24;7;621.0;623.0;712.0;751.0;780.0;694.4;65.2
35;25;7;616.0;629.5;741.0;751.5;791.0;701.4;67.9
35;26;7;620.0;632.0;795.0;813.5;844.0;735.7;94.7
35;27;7;618.0;626.0;724.0;727.5;732.0;683.0;51.8
35;28;7;624.0;635.0;732.0;746.5;750.0;695.6;56.2
35;29;7;617.0;625.0;708.0;719.5;757.0;681.6;53.4
35;30;7;620.0;629.0;687.0;707.0;708.0;669.6;38.5
35;31;7;612.0;625.5;737.0;741.5;757.0;691.4;61.5
35;32;7;615.0;621.0;692.0;723.5;734.0;675.7;50.7
35;33;7;611.0;620.5;697.0;697.0;723.0;666.6;43.9
35;34;7;612.0;617.0;675.0;682.5;690.0;653.7;33.6
35;35;7;617.0;620.0;657.0;669.5;705.0;651.1;31.0
35;36;7;612.0;616.0;638.0;649.0;662.0;634.6;18.8
35;37;7;612.0;612.0;634.0;638.5;639.0;626.6;12.7
35;38;7;612.0;612.0;612.0;612.0;612.0;612.0;0.0
35;39;7;612.0;612.0;612.0;612.0;612.0;612.0;0.0
35;40;7;612.0;612.0;612.0;612.0;612.0;612.0;0.0
35;41;7;612.0;612.0;612.0;612.0;612.0;612.0;0.0
35;42;7;612.0;612.0;612.0;612.0;612.0;612.0;0.0
35;43;7;612.0;612.0;612.0;612.0;612.0;612.0;0.0
35;44;7;612.0;612.0;612.0;612.0;612.0;612.0;0.0
35;45;7;612.0;612.0;612.0;612.0;612.0;612.0;0.0
35;46;7;612.0;612.0;612.0;612.0;612.0;612.0;0.0
35;47;7;612.0;612.0;612.0;612.0;612.0;612.0;0.0
35;48;7;612.0;612.0;612.0;612.0;612.0;612.0;0.0
35;49;7;612.0;612.0;612.0;612.0;612.0;612.0;0.0
35;50;7;612.0;612.0;612.0;612.0;612.0;612.0;0.0
35;51;7;612.0;612.0;612.0;612.0;612.0;612.0;0.0
35;52;7;612.0;612.0;612.0;612.0;612.0;612.0;0.0
35;53;7;612.0;612.0;612.0;612.0;612.0;612.0;0.0
35;54;7;612.0;612.0;612.0;612.0;612.0;612.0;0.0
35;55;7;612.0;612.0;612.0;612.0;612.0;612.0;0.0
35;56;7;612.0;612.0;612.0;612.0;612.0;612.0;0.0
35;57;7;612.0;612.0;612.0;612.0;612.0;612.0;0.0
35;58;7;612.0;612.0;612.0;612.0;612.0;612.0;0.0
35;59;7;612.0;612.0;612.0;612.0;612.0;612.0;0.0
35;60;7;612.0;612.0;612.0;612.0;612.0;612.0;0.0
35;61;7;612.0;612.0;612.0;612.0;612.0;612.0;0.0
35;62;7;612.0;612.0;612.0;612.0;612.0;612.0;0.0
35;63;7;612.0;612.0;612.0;612.0;612.0;612.0;0.0
35;64;7;612.0;612.0;612.0;612.0;612.0;612.0;0.0
35;65;7;612.0;612.0;612.0;612.0;612.0;612.0;0.0
35;66;7;612.0;612.0;612.0;612.0;612.0;612.0;0.0
35;67;7;612.0;612.0;612.0;612.0;612.0;612.0;0.0
35;68;7;612.0;612.0;612.0;612.0;612.0;612.0;0.0
35;69;7;612.0;612.0;612.0;612.0;612.0;612.0;0.0
35;70;7;612.0;612.0;612.0;612.0;612.0;612.0;0.0
35;71;7;612.0;612.0;612.0;612.0;612.0;612.0;0.0
35;72;7;612.0;612.0;612.0;612.0;612.0;612.0;0.0
35;73;7;612.0;612.0;612.0;612.0;612.0;612.0;0.0
35;74;7;612.0;612.0;612.0;612.0;612.0;612.0;0.0
35;75;7;612.0;612.0;612.0;612.0;612.0;612.0;0.0
35;76;7;612.0;612.0;612.0;612.0;612.0;612.0;0.0
35;77;7;612.0;612.0;612.0;612.0;612.0;612.0;0.0
35;78;7;612.0;612.0;612.0;612.0;612.0;612.0;0.0
35;79;7;620.0;633.5;637.0;785.5;933.0;718.3;135.0
35;80;7;613.0;628.0;639.0;738.0;850.0;690.6;96.8
35;81;7;618.0;624.0;627.0;748.5;879.0;695.6;113.2
35;82;7;612.0;620.0;626.0;716.0;815.0;675.0;85.3
35;83;7;611.0;612.5;615.0;720.0;824.0;673.6;89.6
35;84;7;610.0;612.5;624.0;713.0;819.0;672.0;87.3
35;85;7;612.0;612.0;612.0;657.0;712.0;639.1;42.7
35;86;7;612.0;612.0;612.0;626.0;643.0;620.4;13.4
35;87;7;612.0;612.0;612.0;612.0;612.0;612.0;0.0
35;88;7;612.0;612.0;612.0;612.0;612.0;612.0;0.0
35;89;7;612.0;612.0;612.0;612.0;612.0;612.0;0.0
35;90;7;612.0;612.0;612.0;612.0;612.0;612.0;0.0
35;91;7;612.0;612.0;612.0;612.0;612.0;612.0;0.0
35;92;7;612.0;612.0;612.0;612.0;612.0;612.0;0.0
35;93;7;612.0;612.0;612.0;612.0;612.0;612.0;0.0
35;94;7;612.0;612.0;612.0;612.0;612.0;612.0;0.0
35;95;7;612.0;612.0;612.0;612.0;612.0;612.0;0.0
35;96;7;612.0;612.0;612.0;612.0;612.0;612.0;0.0
35;97;7;612.0;612.0;612.0;612.0;612.0;612.0;0.0
35;98;7;612.0;612.0;612.0;612.0;612.0;612.0;0.0
35;99;7;612.0;612.0;612.0;612.0;612.0;612.0;0.0
36;0;7;716.0;947.0;1166.0;1189.5;1210.0;1052.1;204.1
36;1;7;679.0;968.5;1185.0;1203.0;1209.0;1059.4;210.0
36;2;7;694.0;931.0;1157.0;1183.5;1203.0;1040.4;212.4
36;3;7;683.0;945.0;1142.0;1158.5;1165.0;1028.1;193.5
36;4;7;737.0;944.5;1149.0;1195.5;1215.0;1054.4;200.3
36;5;7;753.0;953.5;1160.0;1164.0;1175.0;1046.1;182.8
36;6;7;680.0;902.5;1107.0;1126.0;1154.0;999.7;197.1
36;7;7;666.0;900.0;1129.0;1146.5;1174.0;1008.9;213.9
36;8;7;671.0;924.0;1126.0;1133.5;1172.0;1012.0;198.3
36;9;7;684.0;914.0;1135.0;1146.5;1173.0;1016.1;203.4
36;10;7;682.0;906.0;1074.0;1095.5;1105.0;980.6;170.3
36;11;7;667.0;875.0;1081.0;1101.5;1118.0;974.1;189.8
36;12;7;643.0;842.0;1045.0;1114.5;1150.0;964.4;200.3
36;13;7;639.0;861.5;1088.0;1098.5;1115.0;966.0;195.8
36;14;7;653.0;671.5;1061.0;1084.0;1103.0;904.0;207.3
36;15;7;634.0;656.0;1035.0;1065.0;1101.0;887.4;207.9
36;16;7;625.0;666.5;952.0;973.5;1028.0;840.7;165.1
36;17;7;623.0;627.5;954.0;1015.5;1040.0;843.3;189.8
36;18;7;629.0;647.0;942.0;979.5;985.0;829.9;164.2
36;19;7;614.0;638.5;952.0;984.0;989.0;828.6;172.2
36;20;7;625.0;636.0;874.0;911.0;918.0;787.3;134.9
36;21;7;628.0;633.0;869.0;898.5;902.0;780.3;129.4
36;22;7;624.0;633.5;790.0;793.5;798.0;723.7;81.0
36;23;7;623.0;631.0;827.0;839.0;857.0;749.6;105.4
36;24;7;627.0;633.5;791.0;818.5;820.0;734.6;89.9
36;25;7;625.0;631.5;757.0;775.0;792.0;712.4;72.6
36;26;7;619.0;627.5;742.0;761.0;779.0;702.4;68.3
36;27;7;610.0;622.0;708.0;741.5;755.0;685.7;60.3
36;28;7;630.0;632.5;714.0;719.5;729.0;682.4;44.2
36;29;7;619.0;623.0;725.0;730.5;732.0;683.3;53.4
36;30;7;611.0;626.0;674.0;694.0;713.0;662.6;38.6
36;31;7;611.0;615.5;645.0;652.5;655.0;635.3;18.9
36;32;7;610.0;611.0;630.0;638.5;646.0;626.4;14.4
36;33;7;610.0;610.0;610.0;610.0;610.0;610.0;0.0
36;34;7;610.0;610.0;610.0;610.0;610.0;610.0;0.0
36;35;7;610.0;610.0;610.0;610.0;610.0;610.0;0.0
36;36;7;610.0;610.0;610.0;610.0;610.0;610.0;0.0
36;37;7;610.0;610.0;610.0;610.0;610.0;610.0;0.0
36;38;7;610.0;610.0;610.0;610.0;610.0;610.0;0.0
36;39;7;610.0;610.0;610.0;610.0;610.0;610.0;0.0
36;40;7;610.0;610.0;610.0;610.0;610.0;610.0;0.0
36;41;7;610.0;610.0;610.0;610.0;610.0;610.0;0.0
36;42;7;610.0;610.0;610.0;610.0;610.0;610.0;0.0
36;43;7;610.0;610.0;610.0;610.0;610.0;610.0;0.0
36;44;7;610.0;610.0;610.0;610.0;610.0;610.0;0.0
36;45;7;610.0;610.0;610.0;610.0;610.0;610.0;0.0
36;46;7;610.0;610.0;610.0;610.0;610.0;610.0;0.0
36;47;7;610.0;610.0;610.0;610.0;610.0;610.0;0.0
36;48;7;610.0;610.0;610.0;610.0;610.0;610.0;0.0
36;49;7;610.0;610.0;610.0;610.0;610.0;610.0;0.0
36;50;7;610.0;610.0;610.0;610.0;610.0;610.0;0.0
36;51;7;610.0;610.0;610.0;610.0;610.0;610.0;0.0
36;52;7;610.0;610.0;610.0;610.0;610.0;610.0;0.0
36;53;7;610.0;610.0;610.0;610.0;610.0;610.0;0.0
36;54;7;610.0;610.0;610.0;610.0;610.0;610.0;0.0
36;55;7;610.0;610.0;610.0;610.0;610.0;610.0;0.0
36;56;7;610.0;610.0;610.0;610.0;610.0;610.0;0.0
36;57;7;610.0;610.0;610.0;610.0;610.0;610.0;0.0
36;58;7;610.0;610.0;610.0;610.0;610.0;610.0;0.0
36;59;7;610.0;610.0;610.0;610.0;610.0;610.0;0.0
36;60;7;610.0;610.0;610.0;610.0;610.0;610.0;0.0
36;61;7;610.0;610.0;610.0;610.0;610.0;610.0;0.0
36;62;7;610.0;610.0;610.0;610.0;610.0;610.0;0.0
36;63;7;610.0;610.0;610.0;610.0;610.0;610.0;0.0
36;64;7;610.0;610.0;610.0;610.0;610.0;610.0;0.0
36;65;7;610.0;610.0;610.0;610.0;610.0;610.0;0.0
36;66;7;610.0;610.0;610.0;610.0;610.0;610.0;0.0
36;67;7;610.0;610.0;610.0;610.0;610.0;610.0;0.0
36;68;7;610.0;610.0;610.0;610.0;610.0;610.0;0.0
36;69;7;610.0;610.0;610.0;610.0;610.0;610.0;0.0
36;70;7;610.0;610.0;610.0;610.0;610.0;610.0;0.0
36;71;7;610.0;610.0;610.0;610.0;610.0;610.0;0.0
36;72;7;610.0;610.0;610.0;610.0;610.0;610.0;0.0
36;73;7;613.0;622.0;629.0;782.0;975.0;717.9;148.8
36;74;7;615.0;623.0;630.0;747.5;865.0;693.0;107.4
36;75;7;619.0;622.0;626.0;760.0;884.0;699.0;113.9
36;76;7;610.0;612.0;617.0;720.5;826.0;674.0;93.4
36;77;7;613.0;616.0;636.0;740.0;838.0;685.6;95.5
36;78;7;610.0;614.5;619.0;704.5;783.0;664.3;71.6
36;79;7;610.0;610.0;612.0;642.5;678.0;629.3;29.3
36;80;7;610.0;610.0;617.0;660.0;726.0;641.9;45.7
36;81;7;610.0;610.0;610.0;610.0;633.0;613.3;8.0
36;82;7;610.0;610.0;610.0;610.0;610.0;610.0;0.0
36;83;7;610.0;610.0;610.0;610.0;610.0;610.0;0.0
36;84;7;610.0;610.0;610.0;610.0;610.0;610.0;0.0
36;85;7;610.0;610.0;610.0;610.0;610.0;610.0;0.0
36;86;7;610.0;610.0;610.0;610.0;610.0;610.0;0.0
36;87;7;610.0;610.0;610.0;610.0;610.0;610.0;0.0
36;88;7;610.0;610.0;610.0;610.0;610.0;610.0;0.0
36;89;7;610.0;610.0;610.0;610.0;610.0;610.0;0.0
36;90;7;610.0;610.0;610.0;610.0;610.0;610.0;0.0
36;91;7;610.0;610.0;610.0;610.0;610.0;610.0;0.0
36;92;7;610.0;610.0;610.0;610.0;610.0;610.0;0.0
36;93;7;610.0;610.0;610.0;610.0;610.0;610.0;0.0
36;94;7;610.0;610.0;610.0;610.0;610.0;610.0;0.0
36;95;7;610.0;610.0;610.0;610.0;610.0;610.0;0.0
36;96;7;610.0;610.0;610.0;610.0;610.0;610.0;0.0
36;97;7;610.0;610.0;610.0;610.0;610.0;610.0;0.0
36;98;7;610.0;610.0;610.0;610.0;610.0;610.0;0.0
36;99;7;610.0;610.0;610.0;610.0;610.0;610.0;0.0
37;0;7;822.0;998.5;1208.0;1223.0;1229.0;1100.3;175.9
37;1;7;702.0;929.0;1194.0;1209.5;1229.0;1057.4;221.5
37;2;7;789.0;979.5;1166.0;1184.0;1227.0;1072.7;177.8
37;3;7;686.0;960.5;1173.0;1195.0;1201.0;1053.0;212.5
37;4;7;738.0;977.0;1131.0;1198.0;1209.0;1061.1;180.6
37;5;7;670.0;975.5;1196.0;1213.5;1231.0;1067.9;224.4
37;6;7;648.0;935.0;1165.0;1174.0;1180.0;1030.1;222.5
37;7;7;731.0;929.5;1138.0;1168.0;1176.0;1034.3;188.8
37;8;7;663.0;940.0;1163.0;1173.5;1190.0;1034.7;207.8
37;9;7;676.0;924.0;1155.0;1159.5;1163.0;1023.0;208.8
37;10;7;634.0;878.0;1078.0;1095.5;1108.0;966.7;191.0
37;11;7;683.0;889.5;1094.0;1107.0;1113.0;983.3;185.8
37;12;7;633.0;850.5;1106.0;1107.5;1124.0;968.4;209.0
37;13;7;635.0;867.0;1048.0;1060.0;1069.0;943.7;170.4
37;14;7;629.0;656.5;1086.0;1099.5;1106.0;904.7;223.3
37;15;7;640.0;681.5;1035.0;1054.0;1066.0;887.4;191.0
37;16;7;624.0;658.5;1046.0;1053.5;1059.0;879.0;201.4
37;17;7;635.0;645.5;998.0;1032.0;1037.0;860.7;189.8
37;18;7;632.0;685.0;1006.0;1026.5;1041.0;871.7;179.6
37;19;7;614.0;627.5;937.0;942.5;954.0;806.4;159.0
37;20;7;625.0;634.5;860.0;863.0;877.0;765.3;116.2
37;21;7;640.0;645.5;840.0;847.0;864.0;761.3;102.1
37;22;7;613.0;633.0;820.0;868.5;937.0;767.6;126.6
37;23;7;617.0;628.0;803.0;813.0;840.0;734.6;96.1
37;24;7;613.0;623.0;759.0;762.5;787.0;704.3;73.9
37;25;7;617.0;640.5;723.0;725.5;728.0;685.7;46.5
37;26;7;618.0;627.5;699.0;747.5;755.0;688.9;58.6
37;27;7;620.0;624.5;734.0;742.0;757.0;692.0;60.1
37;28;7;610.0;618.0;683.0;709.0;713.0;665.7;44.6
37;29;7;614.0;628.0;683.0;689.0;703.0;662.0;34.3
37;30;7;621.0;625.0;680.0;686.5;698.0;660.3;32.1
37;31;7;608.0;623.5;677.0;684.0;686.0;655.1;32.4
37;32;7;618.0;620.5;682.0;684.5;692.0;657.4;32.9
37;33;7;608.0;619.5;636.0;639.0;656.0;631.0;15.0
37;34;7;610.0;610.0;639.0;650.5;654.0;632.0;19.5
37;35;7;608.0;610.5;643.0;670.0;681.0;641.9;29.9
37;36;7;610.0;615.0;667.0;690.5;710.0;656.9;39.5
37;37;7;608.0;610.0;638.0;651.0;676.0;634.9;24.9
37;38;7;613.0;614.0;676.0;697.5;712.0;660.6;42.1
37;39;7;613.0;613.0;618.0;676.0;681.0;641.4;31.5
37;40;7;608.0;613.0;613.0;676.0;676.0;639.3;31.8
37;41;7;608.0;611.5;616.0;697.5;735.0;653.9;51.3
37;42;7;608.0;608.0;613.0;676.0;676.0;637.9;33.1
37;43;7;613.0;613.0;613.0;677.5;685.0;641.7;33.2
37;44;7;613.0;613.0;613.0;676.0;676.0;640.0;31.2
37;45;7;613.0;613.0;613.0;638.5;676.0;629.3;22.2
37;46;7;613.0;613.0;613.0;613.0;613.0;613.0;0.0
37;47;7;613.0;613.0;613.0;613.0;613.0;613.0;0.0
37;48;7;613.0;613.0;613.0;613.0;613.0;613.0;0.0
37;49;7;613.0;613.0;613.0;613.0;613.0;613.0;0.0
37;50;7;613.0;613.0;613.0;613.0;613.0;613.0;0.0
37;51;7;613.0;613.0;613.0;613.0;613.0;613.0;0.0
37;52;7;613.0;613.0;613.0;613.0;613.0;613.0;0.0
37;53;7;613.0;613.0;613.0;613.0;613.0;613.0;0.0
37;54;7;613.0;613.0;613.0;613.0;613.0;613.0;0.0
37;55;7;613.0;613.0;613.0;613.0;613.0;613.0;0.0
37;56;7;613.0;613.0;613.0;613.0;613.0;613.0;0.0
37;57;7;613.0;613.0;613.0;613.0;613.0;613.0;0.0
37;58;7;613.0;613.0;613.0;613.0;613.0;613.0;0.0
37;59;7;613.0;613.0;613.0;613.0;613.0;613.0;0.0
37;60;7;613.0;613.0;613.0;613.0;613.0;613.0;0.0
37;61;7;612.0;613.0;613.0;613.0;613.0;612.9;0.3
37;62;7;613.0;613.0;613.0;613.0;613.0;613.0;0.0
37;63;7;613.0;613.0;613.0;613.0;613.0;613.0;0.0
37;64;7;613.0;613.0;613.0;613.0;613.0;613.0;0.0
37;65;7;613.0;613.0;613.0;613.0;613.0;613.0;0.0
37;66;7;613.0;613.0;613.0;613.0;613.0;613.0;0.0
37;67;7;613.0;613.0;613.0;613.0;613.0;613.0;0.0
37;68;7;613.0;613.0;613.0;613.0;613.0;613.0;0.0
37;69;7;613.0;613.0;613.0;613.0;613.0;613.0;0.0
37;70;7;613.0;613.0;613.0;613.0;613.0;613.0;0.0
37;71;7;613.0;613.0;613.0;613.0;613.0;613.0;0.0
37;72;7;613.0;613.0;613.0;613.0;613.0;613.0;0.0
37;73;7;613.0;613.0;613.0;613.0;613.0;613.0;0.0
37;74;7;613.0;613.0;613.0;613.0;613.0;613.0;0.0
37;75;7;613.0;613.0;613.0;613.0;613.0;613.0;0.0
37;76;7;613.0;613.0;613.0;613.0;613.0;613.0;0.0
37;77;7;614.0;622.0;631.0;770.5;911.0;705.9;127.1
37;78;7;613.0;616.5;624.0;744.5;850.0;687.0;101.1
37;79;7;616.0;626.0;627.0;748.5;871.0;694.7;110.9
37;80;7;613.0;618.0;628.0;699.5;790.0;666.6;71.9
37;81;7;608.0;613.5;621.0;684.5;764.0;655.6;63.8
37;82;7;610.0;612.0;613.0;679.0;745.0;650.0;56.8
37;83;7;613.0;613.0;613.0;623.0;656.0;622.0;15.5
37;84;7;613.0;613.0;630.0;670.0;739.0;649.7;48.2
37;85;7;613.0;613.0;613.0;613.0;613.0;613.0;0.0
37;86;7;613.0;613.0;613.0;613.0;613.0;613.0;0.0
37;87;7;613.0;613.0;613.0;613.0;613.0;613.0;0.0
37;88;7;613.0;613.0;613.0;613.0;613.0;613.0;0.0
37;89;7;613.0;613.0;613.0;613.0;613.0;613.0;0.0
37;90;7;613.0;613.0;613.0;613.0;613.0;613.0;0.0
37;91;7;613.0;613.0;613.0;613.0;613.0;613.0;0.0
37;92;7;613.0;613.0;613.0;613.0;613.0;613.0;0.0
37;93;7;613.0;613.0;613.0;613.0;613.0;613.0;0.0
37;94;7;613.0;613.0;613.0;613.0;613.0;613.0;0.0
37;95;7;613.0;613.0;613.0;613.0;613.0;613.0;0.0
37;96;7;613.0;613.0;613.0;613.0;613.0;613.0;0.0
37;97;7;613.0;613.0;613.0;613.0;613.0;613.0;0.0
37;98;7;613.0;613.0;613.0;613.0;613.0;613.0;0.0
37;99;7;613.0;613.0;613.0;613.0;613.0;613.0;0.0
38;0;7;666.0;967.5;1158.0;1173.0;1198.0;1043.3;202.2
38;1;7;705.0;928.0;1137.0;1146.5;1159.0;1021.4;195.2
38;2;7;708.0;985.5;1215.0;1228.0;1254.0;1086.3;223.1
38;3;7;687.0;928.0;1178.0;1190.0;1199.0;1042.9;218.5
38;4;7;655.0;886.5;1128.0;1149.0;1170.0;1003.4;219.4
38;5;7;678.0;976.0;1157.0;1168.0;1173.0;1042.3;194.7
38;6;7;685.0;947.0;1147.0;1153.0;1174.0;1029.4;196.8
38;7;7;649.0;920.5;1139.0;1173.0;1185.0;1022.9;216.4
38;8;7;668.0;902.0;1121.0;1123.5;1135.0;996.4;201.8
38;9;7;650.0;886.5;1101.0;1122.0;1146.0;987.7;202.5
38;10;7;640.0;868.5;1092.0;1123.5;1140.0;979.4;211.4
38;11;7;653.0;864.0;1037.0;1059.0;1075.0;944.4;170.3
38;12;7;637.0;836.5;1003.0;1019.0;1063.0;916.3;167.0
38;13;7;634.0;771.5;1001.0;1051.5;1064.0;906.4;178.5
38;14;7;680.0;699.5;984.0;1004.0;1034.0;872.1;156.1
38;15;7;632.0;663.0;1030.0;1054.5;1076.0;881.9;199.5
38;16;7;630.0;649.5;978.0;1015.5;1025.0;851.9;181.5
38;17;7;625.0;638.0;944.0;972.5;977.0;823.9;165.1
38;18;7;625.0;633.0;936.0;957.0;980.0;817.3;162.4
38;19;7;618.0;631.0;945.0;970.5;976.0;820.3;168.0
38;20;7;627.0;650.5;925.0;953.5;992.0;821.7;156.6
38;21;7;623.0;637.5;915.0;922.5;926.0;797.7;143.1
38;22;7;622.0;630.0;867.0;896.5;907.0;778.4;131.4
38;23;7;617.0;629.5;785.0;831.5;867.0;741.6;103.1
38;24;7;627.0;633.0;866.0;869.0;875.0;767.4;118.2
38;25;7;611.0;625.5;777.0;802.5;815.0;722.7;89.1
38;26;7;622.0;634.0;762.0;771.0;778.0;710.3;69.8
38;27;7;623.0;633.0;753.0;761.5;795.0;708.6;69.6
38;28;7;619.0;624.0;689.0;725.5;733.0;677.1;49.3
38;29;7;614.0;622.0;707.0;707.0;709.0;669.7;43.8
38;30;7;609.0;627.0;719.0;725.0;731.0;680.4;51.9
38;31;7;615.0;625.5;715.0;717.0;722.0;676.7;47.8
38;32;7;608.0;618.0;675.0;691.5;701.0;657.6;38.0
38;33;7;621.0;626.0;657.0;657.0;676.0;645.7;19.8
38;34;7;608.0;620.0;641.0;644.0;657.0;633.4;16.4
38;35;7;610.0;610.0;661.0;664.5;666.0;640.9;26.8
38;36;7;610.0;610.0;610.0;610.0;610.0;610.0;0.0
38;37;7;610.0;610.0;610.0;610.0;610.0;610.0;0.0
38;38;7;610.0;610.0;610.0;610.0;610.0;610.0;0.0
38;39;7;610.0;610.0;610.0;610.0;610.0;610.0;0.0
38;40;7;610.0;610.0;610.0;610.0;610.0;610.0;0.0
38;41;7;610.0;610.0;610.0;610.0;610.0;610.0;0.0
38;42;7;610.0;610.0;610.0;610.0;610.0;610.0;0.0
38;43;7;610.0;610.0;610.0;610.0;610.0;610.0;0.0
38;44;7;610.0;610.0;610.0;610.0;610.0;610.0;0.0
38;45;7;610.0;610.0;610.0;610.0;610.0;610.0;0.0
38;46;7;610.0;610.0;610.0;610.0;610.0;610.0;0.0
38;47;7;610.0;610.0;610.0;610.0;610.0;610.0;0.0
38;48;7;610.0;610.0;610.0;610.0;610.0;610.0;0.0
38;49;7;610.0;610.0;610.0;610.0;610.0;610.0;0.0
38;50;7;610.0;610.0;610.0;610.0;610.0;610.0;0.0
38;51;7;610.0;610.0;610.0;610.0;610.0;610.0;0.0
38;52;7;610.0;610.0;610.0;610.0;610.0;610.0;0.0
38;53;7;610.0;610.0;610.0;610.0;610.0;610.0;0.0
38;54;7;610.0;610.0;610.0;610.0;610.0;610.0;0.0
38;55;7;610.0;610.0;610.0;610.0;610.0;610.0;0.0
38;56;7;610.0;610.0;610.0;610.0;610.0;610.0;0.0
38;57;7;610.0;610.0;610.0;610.0;610.0;610.0;0.0
38;58;7;610.0;610.0;610.0;610.0;610.0;610.0;0.0
38;59;7;610.0;610.0;610.0;610.0;610.0;610.0;0.0
38;60;7;610.0;610.0;610.0;610.0;610.0;610.0;0.0
38;61;7;610.0;610.0;610.0;610.0;610.0;610.0;0.0
38;62;7;610.0;610.0;610.0;610.0;610.0;610.0;0.0
38;63;7;610.0;610.0;610.0;610.0;610.0;610.0;0.0
38;64;7;610.0;610.0;610.0;610.0;610.0;610.0;0.0
38;65;7;610.0;610.0;610.0;610.0;610.0;610.0;0.0
38;66;7;610.0;610.0;610.0;610.0;610.0;610.0;0.0
38;67;7;610.0;610.0;610.0;610.0;610.0;610.0;0.0
38;68;7;610.0;610.0;610.0;610.0;610.0;610.0;0.0
38;69;7;610.0;610.0;610.0;610.0;610.0;610.0;0.0
38;70;7;610.0;610.0;610.0;610.0;610.0;610.0;0.0
38;71;7;610.0;610.0;610.0;610.0;610.0;610.0;0.0
38;72;7;610.0;610.0;610.0;610.0;610.0;610.0;0.0
38;73;7;610.0;610.0;610.0;610.0;610.0;610.0;0.0
38;74;7;610.0;610.0;610.0;610.0;610.0;610.0;0.0
38;75;7;610.0;610.0;610.0;610.0;610.0;610.0;0.0
38;76;7;610.0;610.0;610.0;610.0;610.0;610.0;0.0
38;77;7;610.0;610.0;610.0;610.0;610.0;610.0;0.0
38;78;7;609.0;614.5;629.0;748.0;862.0;689.3;109.3
38;79;7;608.0;615.0;626.0;758.5;875.0;693.7;114.5
38;80;7;610.0;616.0;623.0;740.5;859.0;686.4;106.2
38;81;7;611.0;614.5;620.0;742.0;853.0;685.3;103.4
38;82;7;611.0;620.0;632.0;713.0;834.0;677.6;85.9
38;83;7;610.0;623.5;627.0;688.0;748.0;658.3;57.0
38;84;7;610.0;610.0;610.0;625.5;672.0;623.3;22.6
38;85;7;610.0;610.0;610.0;610.0;610.0;610.0;0.0
38;86;7;610.0;610.0;610.0;610.0;610.0;610.0;0.0
38;87;7;610.0;610.0;610.0;610.0;610.0;610.0;0.0
38;88;7;610.0;610.0;610.0;610.0;610.0;610.0;0.0
38;89;7;610.0;610.0;610.0;610.0;610.0;610.0;0.0
38;90;7;610.0;610.0;610.0;610.0;610.0;610.0;0.0
38;91;7;610.0;610.0;610.0;610.0;610.0;610.0;0.0
38;92;7;610.0;610.0;610.0;610.0;610.0;610.0;0.0
38;93;7;610.0;610.0;610.0;610.0;610.0;610.0;0.0
38;94;7;610.0;610.0;610.0;610.0;610.0;610.0;0.0
38;95;7;610.0;610.0;610.0;610.0;610.0;610.0;0.0
38;96;7;610.0;610.0;610.0;610.0;610.0;610.0;0.0
38;97;7;610.0;610.0;610.0;610.0;610.0;610.0;0.0
38;98;7;610.0;610.0;610.0;610.0;610.0;610.0;0.0
38;99;7;610.0;610.0;610.0;610.0;610.0;610.0;0.0
39;0;7;751.0;957.0;1178.0;1190.5;1215.0;1062.7;196.5
39;1;7;683.0;951.0;1169.0;1177.5;1185.0;1042.0;205.5
39;2;7;769.0;971.5;1170.0;1178.0;1185.0;1060.4;179.5
39;3;7;661.0;940.5;1152.0;1173.5;1194.0;1033.6;214.8
39;4;7;719.0;1000.5;1209.0;1210.0;1211.0;1080.0;203.9
39;5;7;650.0;909.0;1129.0;1138.5;1163.0;1005.3;207.2
39;6;7;690.0;922.5;1151.0;1203.5;1230.0;1046.1;216.4
39;7;7;676.0;940.0;1137.0;1160.5;1185.0;1028.4;199.5
39;8;7;704.0;902.0;1078.0;1099.0;1121.0;986.4;168.7
39;9;7;714.0;935.0;1141.0;1146.5;1171.0;1027.0;189.6
39;10;7;644.0;874.5;1114.0;1122.0;1136.0;983.9;214.5
39;11;7;655.0;886.0;1110.0;1132.5;1180.0;997.4;203.0
39;12;7;660.0;899.5;1135.0;1139.5;1148.0;1003.0;214.8
39;13;7;651.0;875.5;1065.0;1089.0;1115.0;965.7;188.6
39;14;7;622.0;635.5;1078.0;1130.5;1149.0;911.6;243.9
39;15;7;617.0;630.0;944.0;960.5;986.0;818.3;167.3
39;16;7;629.0;648.5;958.0;1029.5;1060.0;857.6;189.6
39;17;7;621.0;646.5;944.0;974.0;1031.0;833.9;171.8
39;18;7;609.0;640.5;973.0;982.5;1017.0;835.0;178.6
39;19;7;626.0;637.0;854.0;875.5;897.0;771.7;120.6
39;20;7;618.0;639.5;860.0;865.5;879.0;766.7;116.7
39;21;7;619.0;628.0;843.0;861.0;901.0;763.0;121.0
39;22;7;623.0;624.5;810.0;820.5;825.0;735.4;96.6
39;23;7;608.0;624.5;754.0;779.0;827.0;713.7;84.6
39;24;7;614.0;626.5;721.0;744.0;762.0;691.1;60.8
39;25;7;611.0;623.0;735.0;748.5;760.0;692.7;64.4
39;26;7;611.0;616.0;728.0;737.5;765.0;687.3;64.2
39;27;7;610.0;611.0;633.0;633.5;636.0;624.0;11.6
39;28;7;611.0;611.0;633.0;633.0;633.0;623.6;10.9
39;29;7;610.0;610.0;632.0;633.0;633.0;623.0;11.3
39;30;7;610.0;610.0;610.0;610.0;610.0;610.0;0.0
39;31;7;610.0;610.0;610.0;610.0;610.0;610.0;0.0
39;32;7;610.0;610.0;610.0;610.0;610.0;610.0;0.0
39;33;7;610.0;610.0;610.0;610.0;610.0;610.0;0.0
39;34;7;610.0;610.0;610.0;610.0;610.0;610.0;0.0
39;35;7;610.0;610.0;610.0;610.0;610.0;610.0;0.0
39;36;7;610.0;610.0;610.0;610.0;610.0;610.0;0.0
39;37;7;610.0;610.0;610.0;610.0;610.0;610.0;0.0
39;38;7;610.0;610.0;610.0;610.0;610.0;610.0;0.0
39;39;7;610.0;610.0;610.0;610.0;610.0;610.0;0.0
39;40;7;610.0;610.0;610.0;610.0;610.0;610.0;0.0
39;41;7;610.0;610.0;610.0;610.0;610.0;610.0;0.0
39;42;7;610.0;610.0;610.0;610.0;610.0;610.0;0.0
39;43;7;610.0;610.0;610.0;610.0;610.0;610.0;0.0
39;44;7;610.0;610.0;610.0;610.0;610.0;610.0;0.0
39;45;7;610.0;610.0;610.0;610.0;610.0;610.0;0.0
39;46;7;610.0;610.0;610.0;610.0;610.0;610.0;0.0
39;47;7;610.0;610.0;610.0;610.0;610.0;610.0;0.0
39;48;7;610.0;610.0;610.0;610.0;610.0;610.0;0.0
39;49;7;610.0;610.0;610.0;610.0;610.0;610.0;0.0
39;50;7;610.0;610.0;610.0;610.0;610.0;610.0;0.0
39;51;7;610.0;610.0;610.0;610.0;610.0;610.0;0.0
39;52;7;610.0;610.0;610.0;610.0;610.0;610.0;0.0
39;53;7;610.0;610.0;610.0;610.0;610.0;610.0;0.0
39;54;7;610.0;610.0;610.0;610.0;610.0;610.0;0.0
39;55;7;610.0;610.0;610.0;610.0;610.0;610.0;0.0
39;56;7;610.0;610.0;610.0;610.0;610.0;610.0;0.0
39;57;7;610.0;610.0;610.0;610.0;610.0;610.0;0.0
39;58;7;610.0;610.0;610.0;610.0;610.0;610.0;0.0
39;59;7;610.0;610.0;610.0;610.0;610.0;610.0;0.0
39;60;7;610.0;610.0;610.0;610.0;610.0;610.0;0.0
39;61;7;610.0;610.0;610.0;610.0;610.0;610.0;0.0
39;62;7;610.0;610.0;610.0;610.0;610.0;610.0;0.0
39;63;7;610.0;610.0;610.0;610.0;610.0;610.0;0.0
39;64;7;610.0;610.0;610.0;610.0;610.0;610.0;0.0
39;65;7;610.0;610.0;610.0;610.0;610.0;610.0;0.0
39;66;7;610.0;610.0;610.0;610.0;610.0;610.0;0.0
39;67;7;610.0;610.0;610.0;610.0;610.0;610.0;0.0
39;68;7;610.0;610.0;610.0;610.0;610.0;610.0;0.0
39;69;7;620.0;628.0;643.0;785.0;942.0;718.7;136.8
39;70;7;611.0;625.5;634.0;794.5;960.0;720.7;147.0
39;71;7;611.0;629.5;638.0;772.0;900.0;707.4;120.1
39;72;7;610.0;616.5;627.0;710.0;818.0;672.6;83.2
39;73;7;619.0;625.5;634.0;759.5;855.0;696.9;100.7
39;74;7;608.0;617.0;627.0;734.0;840.0;682.4;99.0
39;75;7;610.0;614.5;624.0;706.0;793.0;666.9;77.8
39;76;7;610.0;611.0;618.0;699.5;798.0;663.9;77.4
39;77;7;610.0;610.5;611.0;671.0;725.0;644.1;50.9
39;78;7;610.0;610.0;610.0;610.0;610.0;610.0;0.0
39;79;7;610.0;610.0;610.0;610.0;610.0;610.0;0.0
39;80;7;610.0;610.0;610.0;610.0;610.0;610.0;0.0
39;81;7;610.0;610.0;610.0;610.0;610.0;610.0;0.0
39;82;7;610.0;610.0;610.0;610.0;610.0;610.0;0.0
39;83;7;610.0;610.0;610.0;610.0;610.0;610.0;0.0
39;84;7;610.0;610.0;610.0;610.0;610.0;610.0;0.0
39;85;7;610.0;610.0;610.0;610.0;610.0;610.0;0.0
39;86;7;610.0;610.0;610.0;610.0;610.0;610.0;0.0
39;87;7;610.0;610.0;610.0;610.0;610.0;610.0;0.0
39;88;7;610.0;610.0;610.0;610.0;610.0;610.0;0.0
39;89;7;610.0;610.0;610.0;610.0;610.0;610.0;0.0
39;90;7;610.0;610.0;610.0;610.0;610.0;610.0;0.0
39;91;7;610.0;610.0;610.0;610.0;610.0;610.0;0.0
39;92;7;610.0;610.0;610.0;610.0;610.0;610.0;0.0
39;93;7;610.0;610.0;610.0;610.0;610.0;610.0;0.0
39;94;7;610.0;610.0;610.0;610.0;610.0;610.0;0.0
39;95;7;610.0;610.0;610.0;610.0;610.0;610.0;0.0
39;96;7;610.0;610.0;610.0;610.0;610.0;610.0;0.0
39;97;7;610.0;610.0;610.0;610.0;610.0;610.0;0.0
39;98;7;610.0;610.0;610.0;610.0;610.0;610.0;0.0
39;99;7;610.0;610.0;610.0;610.0;610.0;610.0;0.0
40;0;7;734.0;978.0;1194.0;1201.5;1211.0;1071.1;200.7
40;1;7;736.0;971.5;1211.0;1228.0;1236.0;1083.1;202.1
40;2;7;692.0;963.5;1178.0;1199.0;1222.0;1059.6;209.2
40;3;7;759.0;959.5;1138.0;1177.5;1200.0;1053.0;174.7
40;4;7;668.0;911.0;1187.0;1197.5;1207.0;1039.9;230.3
40;5;7;664.0;927.5;1131.0;1144.5;1191.0;1018.6;203.6
40;6;7;726.0;933.0;1127.0;1145.0;1154.0;1023.3;181.5
40;7;7;663.0;904.0;1146.0;1158.5;1176.0;1015.7;215.0
40;8;7;656.0;884.0;1088.0;1098.5;1161.0;981.4;191.2
40;9;7;682.0;905.5;1138.0;1141.5;1147.0;1008.7;199.0
40;10;7;694.0;918.0;1137.0;1150.0;1154.0;1017.3;197.9
40;11;7;651.0;898.5;1131.0;1135.5;1148.0;999.7;213.2
40;12;7;642.0;874.5;1085.0;1091.0;1095.0;964.7;192.8
40;13;7;640.0;864.0;1059.0;1089.5;1109.0;959.3;186.6
40;14;7;637.0;650.5;985.0;1002.5;1020.0;849.7;176.7
40;15;7;650.0;720.5;1076.0;1089.0;1101.0;920.9;198.2
40;16;7;636.0;652.0;1037.0;1044.5;1057.0;874.7;197.7
40;17;7;623.0;629.0;919.0;979.0;1003.0;823.0;171.6
40;18;7;627.0;654.0;972.0;991.5;1023.0;844.7;173.9
40;19;7;629.0;635.0;968.0;994.0;1017.0;838.9;179.2
40;20;7;624.0;627.0;920.0;926.5;927.0;796.9;148.0
40;21;7;620.0;640.0;859.0;912.5;918.0;786.0;133.8
40;22;7;617.0;626.5;844.0;866.0;887.0;761.9;120.6
40;23;7;629.0;638.0;784.0;829.0;871.0;745.4;98.6
40;24;7;611.0;629.5;826.0;866.5;885.0;759.1;118.9
40;25;7;608.0;624.0;761.0;800.0;815.0;718.9;88.3
40;26;7;612.0;622.0;824.0;832.5;865.0;744.3;109.5
40;27;7;624.0;631.0;756.0;781.0;803.0;715.3;76.2
40;28;7;620.0;649.5;748.0;754.5;762.0;705.4;58.4
40;29;7;617.0;623.0;680.0;692.5;709.0;662.4;37.4
40;30;7;613.0;623.0;708.0;712.0;712.0;671.9;45.4
40;31;7;611.0;620.0;690.0;698.5;710.0;664.0;41.2
40;32;7;613.0;620.5;671.0;699.0;715.0;662.6;40.9
40;33;7;608.0;616.0;655.0;664.5;667.0;641.6;24.9
40;34;7;608.0;615.5;654.0;671.0;674.0;644.1;27.8
40;35;7;610.0;617.5;659.0;666.5;668.0;643.6;25.0
40;36;7;608.0;610.0;642.0;659.5;672.0;637.3;25.9
40;37;7;612.0;616.5;656.0;674.0;688.0;648.1;30.0
40;38;7;610.0;614.0;651.0;657.5;668.0;638.9;23.3
40;39;7;608.0;610.0;611.0;616.0;619.0;612.9;3.8
40;40;7;610.0;610.0;612.0;612.0;612.0;611.1;1.0
40;41;7;608.0;609.0;610.0;610.0;610.0;609.4;0.9
40;42;7;608.0;609.0;610.0;610.0;610.0;609.4;0.9
40;43;7;608.0;608.0;608.0;608.0;610.0;608.3;0.7
40;44;7;608.0;608.0;608.0;608.0;610.0;608.3;0.7
40;45;7;608.0;608.0;608.0;608.0;608.0;608.0;0.0
40;46;7;608.0;608.0;608.0;608.0;608.0;608.0;0.0
40;47;7;608.0;608.0;608.0;608.0;608.0;608.0;0.0
40;48;7;608.0;608.0;608.0;608.0;608.0;608.0;0.0
40;49;7;608.0;608.0;608.0;608.0;608.0;608.0;0.0
40;50;7;608.0;608.0;608.0;608.0;608.0;608.0;0.0
40;51;7;608.0;608.0;608.0;608.0;608.0;608.0;0.0
40;52;7;608.0;608.0;608.0;608.0;608.0;608.0;0.0
40;53;7;608.0;608.0;608.0;608.0;608.0;608.0;0.0
40;54;7;608.0;608.0;608.0;608.0;608.0;608.0;0.0
40;55;7;608.0;608.0;608.0;608.0;608.0;608.0;0.0
40;56;7;608.0;608.0;608.0;608.0;608.0;608.0;0.0
40;57;7;608.0;608.0;608.0;608.0;608.0;608.0;0.0
40;58;7;608.0;608.0;608.0;608.0;608.0;608.0;0.0
40;59;7;608.0;608.0;608.0;608.0;608.0;608.0;0.0
40;60;7;608.0;608.0;608.0;608.0;608.0;608.0;0.0
40;61;7;608.0;608.0;608.0;608.0;608.0;608.0;0.0
40;62;7;608.0;608.0;608.0;608.0;608.0;608.0;0.0
40;63;7;608.0;608.0;608.0;608.0;608.0;608.0;0.0
40;64;7;608.0;608.0;608.0;608.0;608.0;608.0;0.0
40;65;7;608.0;608.0;608.0;608.0;608.0;608.0;0.0
40;66;7;608.0;608.0;608.0;608.0;608.0;608.0;0.0
40;67;7;608.0;608.0;608.0;608.0;608.0;608.0;0.0
40;68;7;608.0;608.0;608.0;608.0;608.0;608.0;0.0
40;69;7;608.0;608.0;608.0;608.0;608.0;608.0;0.0
40;70;7;608.0;608.0;608.0;608.0;608.0;608.0;0.0
40;71;7;618.0;624.5;633.0;788.5;977.0;722.0;149.7
40;72;7;615.0;623.0;637.0;809.5;1007.0;732.0;162.3
40;73;7;610.0;627.5;632.0;780.0;909.0;709.4;124.2
40;74;7;608.0;617.0;631.0;762.0;895.0;698.9;121.6
40;75;7;610.0;614.5;623.0;766.5;915.0;701.4;130.6
40;76;7;616.0;626.5;634.0;734.0;838.0;687.0;94.1
40;77;7;613.0;619.5;627.0;715.5;811.0;674.4;83.7
40;78;7;609.0;616.0;631.0;706.0;784.0;666.9;73.2
40;79;7;608.0;613.5;616.0;670.5;729.0;645.9;50.5
40;80;7;608.0;608.0;608.0;609.0;652.0;614.6;15.3
40;81;7;608.0;608.5;610.0;680.5;732.0;646.9;54.3
40;82;7;608.0;608.0;608.0;608.0;608.0;608.0;0.0
40;83;7;608.0;608.0;608.0;608.0;608.0;608.0;0.0
40;84;7;608.0;608.0;608.0;608.0;608.0;608.0;0.0
40;85;7;608.0;608.0;608.0;608.0;608.0;608.0;0.0
40;86;7;608.0;608.0;608.0;608.0;608.0;608.0;0.0
40;87;7;608.0;608.0;608.0;608.0;608.0;608.0;0.0
40;88;7;608.0;608.0;608.0;608.0;608.0;608.0;0.0
40;89;7;608.0;608.0;608.0;608.0;608.0;608.0;0.0
40;90;7;608.0;608.0;608.0;608.0;608.0;608.0;0.0
40;91;7;608.0;608.0;608.0;608.0;608.0;608.0;0.0
40;92;7;608.0;608.0;608.0;608.0;608.0;608.0;0.0
40;93;7;608.0;608.0;608.0;608.0;608.0;608.0;0.0
40;94;7;608.0;608.0;608.0;608.0;608.0;608.0;0.0
40;95;7;608.0;608.0;608.0;608.0;608.0;608.0;0.0
40;96;7;608.0;608.0;608.0;608.0;608.0;608.0;0.0
40;97;7;608.0;608.0;608.0;608.0;608.0;608.0;0.0
40;98;7;608.0;608.0;608.0;608.0;608.0;608.0;0.0
40;99;7;608.0;608.0;608.0;608.0;608.0;608.0;0.0
41;0;7;688.0;951.5;1152.0;1173.0;1183.0;1038.9;200.8
41;1;7;680.0;943.0;1153.0;1205.5;1210.0;1048.6;210.6
41;2;7;676.0;964.0;1205.0;1209.0;1236.0;1066.1;231.6
41;3;7;662.0;934.5;1161.0;1171.0;1172.0;1029.4;213.9
41;4;7;668.0;972.0;1144.0;1179.0;1201.0;1045.0;200.3
41;5;7;672.0;927.5;1157.0;1167.5;1193.0;1030.3;212.4
41;6;7;693.0;893.0;1091.0;1100.5;1180.0;993.0;189.5
41;7;7;682.0;946.5;1145.0;1151.5;1174.0;1028.1;189.0
41;8;7;686.0;926.0;1107.0;1125.0;1131.0;1003.7;180.1
41;9;7;688.0;919.5;1113.0;1130.0;1142.0;1006.0;185.9
41;10;7;697.0;893.5;1104.0;1118.0;1132.0;993.7;178.0
41;11;7;669.0;897.0;1068.0;1111.0;1133.0;983.7;179.4
41;12;7;678.0;878.0;1069.0;1082.0;1100.0;966.7;179.5
41;13;7;632.0;859.0;1043.0;1095.5;1109.0;956.1;191.6
41;14;7;636.0;664.0;1043.0;1077.5;1095.0;893.9;208.1
41;15;7;645.0;659.5;1042.0;1065.5;1076.0;887.6;202.1
41;16;7;624.0;633.0;980.0;993.5;1018.0;839.3;181.6
41;17;7;618.0;631.0;956.0;968.5;977.0;821.4;168.9
41;18;7;619.0;632.0;883.0;913.0;935.0;789.6;141.1
41;19;7;621.0;637.0;832.0;895.0;944.0;780.1;133.0
41;20;7;615.0;629.0;860.0;896.5;932.0;779.7;137.3
41;21;7;630.0;640.0;844.0;850.5;864.0;759.9;106.9
41;22;7;624.0;638.0;859.0;875.5;881.0;770.1;118.7
41;23;7;618.0;624.0;803.0;813.0;860.0;736.4;100.6
41;24;7;625.0;632.5;764.0;789.0;805.0;719.6;78.8
41;25;7;613.0;628.5;708.0;761.5;774.0;696.4;66.6
41;26;7;633.0;640.5;732.0;744.5;749.0;697.7;52.1
41;27;7;632.0;633.5;704.0;717.0;732.0;681.3;42.9
41;28;7;617.0;620.0;691.0;711.0;717.0;669.6;44.5
41;29;7;617.0;631.0;703.0;715.0;728.0;677.1;45.0
41;30;7;619.0;626.0;671.0;680.5;685.0;655.4;27.9
41;31;7;623.0;625.5;668.0;680.0;682.0;654.9;26.5
41;32;7;627.0;628.5;680.0;688.5;700.0;663.0;31.0
41;33;7;618.0;621.5;683.0;685.0;703.0;659.6;34.6
41;34;7;616.0;622.0;680.0;680.0;680.0;654.3;29.8
41;35;7;615.0;616.5;680.0;680.0;680.0;652.6;31.7
41;36;7;617.0;632.0;671.0;676.5;680.0;655.0;25.0
41;37;7;615.0;617.0;673.0;677.0;680.0;650.9;30.0
41;38;7;611.0;614.5;663.0;673.5;680.0;647.1;29.7
41;39;7;611.0;620.5;636.0;662.5;680.0;641.9;24.8
41;40;7;610.0;611.5;623.0;671.5;673.0;638.9;29.0
41;41;7;611.0;611.5;630.0;654.0;678.0;635.7;27.1
41;42;7;610.0;610.5;612.0;633.0;636.0;620.7;11.6
41;43;7;610.0;610.0;612.0;612.0;612.0;611.1;1.0
41;44;7;610.0;610.0;611.0;612.0;612.0;611.0;0.9
41;45;7;610.0;610.0;610.0;610.0;610.0;610.0;0.0
41;46;7;610.0;610.0;610.0;611.0;612.0;610.6;0.9
41;47;7;610.0;610.0;610.0;610.0;610.0;610.0;0.0
41;48;7;610.0;610.0;610.0;610.0;610.0;610.0;0.0
41;49;7;610.0;610.0;610.0;610.0;610.0;610.0;0.0
41;50;7;610.0;610.0;610.0;610.0;610.0;610.0;0.0
41;51;7;610.0;610.0;610.0;610.0;610.0;610.0;0.0
41;52;7;610.0;610.0;610.0;610.0;610.0;610.0;0.0
41;53;7;610.0;610.0;610.0;610.0;610.0;610.0;0.0
41;54;7;610.0;610.0;610.0;610.0;610.0;610.0;0.0
41;55;7;610.0;610.0;610.0;610.0;610.0;610.0;0.0
41;56;7;610.0;610.0;610.0;610.0;610.0;610.0;0.0
41;57;7;610.0;610.0;610.0;610.0;610.0;610.0;0.0
41;58;7;610.0;610.0;610.0;610.0;610.0;610.0;0.0
41;59;7;610.0;610.0;610.0;610.0;610.0;610.0;0.0
41;60;7;610.0;610.0;610.0;610.0;610.0;610.0;0.0
41;61;7;610.0;610.0;610.0;610.0;610.0;610.0;0.0
41;62;7;610.0;610.0;610.0;610.0;610.0;610.0;0.0
41;63;7;610.0;610.0;610.0;610.0;610.0;610.0;0.0
41;64;7;610.0;610.0;610.0;610.0;610.0;610.0;0.0
41;65;7;610.0;610.0;610.0;610.0;610.0;610.0;0.0
41;66;7;610.0;610.0;610.0;610.0;610.0;610.0;0.0
41;67;7;610.0;610.0;610.0;610.0;610.0;610.0;0.0
41;68;7;610.0;610.0;610.0;610.0;610.0;610.0;0.0
41;69;7;610.0;610.0;610.0;610.0;610.0;610.0;0.0
41;70;7;610.0;610.0;610.0;610.0;610.0;610.0;0.0
41;71;7;610.0;610.0;610.0;610.0;610.0;610.0;0.0
41;72;7;610.0;610.0;610.0;610.0;610.0;610.0;0.0
41;73;7;610.0;610.0;610.0;610.0;610.0;610.0;0.0
41;74;7;610.0;610.0;610.0;610.0;610.0;610.0;0.0
41;75;7;610.0;610.0;610.0;610.0;610.0;610.0;0.0
41;76;7;610.0;610.0;610.0;610.0;610.0;610.0;0.0
41;77;7;610.0;610.0;610.0;610.0;610.0;610.0;0.0
41;78;7;610.0;610.0;610.0;610.0;610.0;610.0;0.0
41;79;7;610.0;610.0;610.0;610.0;610.0;610.0;0.0
41;80;7;610.0;610.0;610.0;610.0;610.0;610.0;0.0
41;81;7;610.0;610.0;610.0;610.0;610.0;610.0;0.0
41;82;7;610.0;610.0;610.0;610.0;610.0;610.0;0.0
41;83;7;610.0;610.0;610.0;610.0;610.0;610.0;0.0
41;84;7;610.0;610.0;610.0;610.0;610.0;610.0;0.0
41;85;7;610.0;610.0;610.0;610.0;610.0;610.0;0.0
41;86;7;610.0;616.5;626.0;716.0;800.0;671.6;80.7
41;87;7;610.0;616.0;621.0;719.5;825.0;675.3;92.0
41;88;7;610.0;611.0;612.0;676.0;772.0;652.6;61.5
41;89;7;608.0;610.0;610.0;611.5;694.0;622.1;29.4
41;90;7;608.0;610.0;610.0;620.5;686.0;623.6;26.5
41;91;7;610.0;610.0;610.0;610.0;610.0;610.0;0.0
41;92;7;610.0;610.0;610.0;610.5;696.0;622.4;30.0
41;93;7;610.0;610.0;610.0;610.0;610.0;610.0;0.0
41;94;7;610.0;610.0;610.0;610.0;610.0;610.0;0.0
41;95;7;610.0;610.0;610.0;610.0;610.0;610.0;0.0
41;96;7;610.0;610.0;610.0;610.0;610.0;610.0;0.0
41;97;7;610.0;610.0;610.0;610.0;610.0;610.0;0.0
41;98;7;610.0;610.0;610.0;610.0;610.0;610.0;0.0
41;99;7;610.0;610.0;610.0;610.0;610.0;610.0;0.0
42;0;7;690.0;928.5;1146.0;1168.5;1178.0;1029.7;207.2
42;1;7;693.0;953.0;1159.0;1206.5;1211.0;1054.6;209.3
42;2;7;752.0;974.0;1189.0;1197.5;1207.0;1070.1;194.3
42;3;7;681.0;928.0;1142.0;1174.0;1213.0;1034.3;210.8
42;4;7;703.0;933.5;1144.0;1211.0;1224.0;1051.4;213.8
42;5;7;665.0;886.0;1096.0;1148.0;1163.0;998.9;208.1
42;6;7;650.0;886.5;1114.0;1159.0;1182.0;1005.3;220.8
42;7;7;679.0;929.5;1149.0;1159.5;1173.0;1025.6;207.3
42;8;7;654.0;928.5;1150.0;1158.0;1164.0;1020.1;207.5
42;9;7;669.0;905.5;1129.0;1143.5;1163.0;1008.4;205.9
42;10;7;666.0;881.0;1102.0;1130.0;1137.0;989.6;200.5
42;11;7;637.0;887.5;1077.0;1091.5;1127.0;971.3;184.7
42;12;7;652.0;914.0;1093.0;1105.5;1117.0;985.9;184.5
42;13;7;633.0;818.5;1021.0;1081.0;1088.0;934.4;192.4
42;14;7;624.0;656.0;1018.0;1051.5;1066.0;874.7;199.5
42;15;7;645.0;690.0;1046.0;1048.5;1051.0;888.4;185.4
42;16;7;628.0;648.5;1014.0;1019.0;1030.0;858.1;187.7
42;17;7;634.0;652.0;1008.0;1026.0;1042.0;862.9;188.1
42;18;7;631.0;639.0;969.0;985.0;1002.0;835.7;173.1
42;19;7;619.0;635.0;941.0;966.5;990.0;821.9;167.6
42;20;7;624.0;630.0;855.0;874.5;890.0;768.3;121.9
42;21;7;617.0;629.5;852.0;876.5;918.0;771.3;127.7
42;22;7;624.0;637.5;825.0;847.5;873.0;756.0;107.5
42;23;7;622.0;635.5;783.0;807.0;827.0;731.0;87.7
42;24;7;618.0;627.5;799.0;817.0;842.0;735.4;97.0
42;25;7;608.0;622.5;744.0;749.0;769.0;694.9;67.4
42;26;7;619.0;622.0;723.0;743.5;751.0;689.1;59.6
42;27;7;621.0;627.0;711.0;713.0;729.0;677.3;45.7
42;28;7;611.0;633.0;730.0;737.0;774.0;693.6;60.6
42;29;7;612.0;615.5;695.0;702.5;711.0;664.9;44.1
42;30;7;616.0;617.5;682.0;691.5;701.0;659.6;37.5
42;31;7;618.0;632.0;713.0;713.0;718.0;677.0;43.3
42;32;7;623.0;627.0;719.0;732.0;744.0;686.3;53.1
42;33;7;622.0;631.5;644.0;657.0;665.0;644.0;15.5
42;34;7;632.0;632.0;634.0;641.0;652.0;637.7;7.4
42;35;7;632.0;632.0;634.0;634.0;634.0;633.1;1.0
42;36;7;632.0;632.0;634.0;634.0;634.0;633.1;1.0
42;37;7;632.0;632.0;634.0;634.0;634.0;633.1;1.0
42;38;7;632.0;632.0;634.0;634.0;634.0;633.1;1.0
42;39;7;632.0;632.0;632.0;632.0;632.0;632.0;0.0
42;40;7;632.0;632.0;632.0;632.0;632.0;632.0;0.0
42;41;7;632.0;632.0;632.0;632.0;632.0;632.0;0.0
42;42;7;632.0;632.0;632.0;632.0;632.0;632.0;0.0
42;43;7;632.0;632.0;632.0;632.0;632.0;632.0;0.0
42;44;7;632.0;632.0;632.0;632.0;632.0;632.0;0.0
42;45;7;632.0;632.0;632.0;632.0;632.0;632.0;0.0
42;46;7;632.0;632.0;632.0;632.0;632.0;632.0;0.0
42;47;7;632.0;632.0;632.0;632.0;632.0;632.0;0.0
42;48;7;632.0;632.0;632.0;632.0;632.0;632.0;0.0
42;49;7;632.0;632.0;632.0;632.0;632.0;632.0;0.0
42;50;7;632.0;632.0;632.0;632.0;632.0;632.0;0.0
42;51;7;632.0;632.0;632.0;632.0;632.0;632.0;0.0
42;52;7;632.0;632.0;632.0;632.0;632.0;632.0;0.0
42;53;7;632.0;632.0;632.0;632.0;632.0;632.0;0.0
42;54;7;632.0;632.0;632.0;632.0;632.0;632.0;0.0
42;55;7;618.0;632.0;632.0;632.0;632.0;630.0;4.9
42;56;7;632.0;632.0;632.0;632.0;632.0;632.0;0.0
42;57;7;632.0;632.0;632.0;632.0;632.0;632.0;0.0
42;58;7;632.0;632.0;632.0;632.0;632.0;632.0;0.0
42;59;7;632.0;632.0;632.0;632.0;632.0;632.0;0.0
42;60;7;632.0;632.0;632.0;632.0;632.0;632.0;0.0
42;61;7;632.0;632.0;632.0;632.0;632.0;632.0;0.0
42;62;7;632.0;632.0;632.0;632.0;632.0;632.0;0.0
42;63;7;632.0;632.0;632.0;632.0;632.0;632.0;0.0
42;64;7;632.0;632.0;632.0;632.0;632.0;632.0;0.0
42;65;7;632.0;632.0;632.0;632.0;632.0;632.0;0.0
42;66;7;632.0;632.0;632.0;632.0;632.0;632.0;0.0
42;67;7;632.0;632.0;632.0;632.0;632.0;632.0;0.0
42;68;7;632.0;632.0;632.0;632.0;632.0;632.0;0.0
42;69;7;632.0;632.0;632.0;632.0;632.0;632.0;0.0
42;70;7;632.0;632.0;632.0;632.0;632.0;632.0;0.0
42;71;7;624.0;626.0;627.0;788.0;922.0;714.4;130.8
42;72;7;619.0;630.5;637.0;779.0;933.0;715.4;133.4
42;73;7;612.0;627.5;641.0;767.5;896.0;705.6;118.7
42;74;7;621.0;624.0;631.0;744.0;882.0;695.7;109.6
42;75;7;611.0;620.5;624.0;724.5;823.0;678.3;90.1
42;76;7;618.0;623.0;632.0;743.5;830.0;687.6;88.0
42;77;7;611.0;613.5;624.0;759.5;860.0;691.6;107.1
42;78;7;620.0;623.0;625.0;720.5;812.0;677.7;83.8
42;79;7;614.0;628.0;638.0;729.5;819.0;683.7;85.3
42;80;7;620.0;622.0;624.0;732.5;833.0;683.7;93.0
42;81;7;619.0;623.0;629.0;678.0;750.0;657.1;51.9
42;82;7;615.0;618.5;620.0;632.0;809.0;649.3;65.5
42;83;7;631.0;632.0;632.0;632.0;672.0;637.6;14.1
42;84;7;622.0;632.0;632.0;632.0;632.0;630.6;3.5
42;85;7;611.0;631.5;632.0;632.0;632.0;628.9;7.3
42;86;7;632.0;632.0;632.0;632.0;632.0;632.0;0.0
42;87;7;632.0;632.0;632.0;632.0;632.0;632.0;0.0
42;88;7;632.0;632.0;632.0;632.0;632.0;632.0;0.0
42;89;7;632.0;632.0;632.0;632.0;632.0;632.0;0.0
42;90;7;632.0;632.0;632.0;632.0;632.0;632.0;0.0
42;91;7;632.0;632.0;632.0;632.0;632.0;632.0;0.0
42;92;7;632.0;632.0;632.0;632.0;632.0;632.0;0.0
42;93;7;632.0;632.0;632.0;632.0;632.0;632.0;0.0
42;94;7;632.0;632.0;632.0;632.0;632.0;632.0;0.0
42;95;7;632.0;632.0;632.0;632.0;632.0;632.0;0.0
42;96;7;632.0;632.0;632.0;632.0;632.0;632.0;0.0
42;97;7;632.0;632.0;632.0;632.0;632.0;632.0;0.0
42;98;7;632.0;632.0;632.0;632.0;632.0;632.0;0.0
42;99;7;632.0;632.0;632.0;632.0;632.0;632.0;0.0
43;0;7;736.0;959.5;1163.0;1207.0;1230.0;1066.0;198.5
43;1;7;665.0;923.5;1163.0;1178.5;1181.0;1030.4;215.7
43;2;7;673.0;996.5;1181.0;1187.5;1201.0;1060.4;202.3
43;3;7;668.0;930.0;1103.0;1121.5;1152.0;1003.7;184.2
43;4;7;677.0;928.0;1142.0;1161.0;1162.0;1022.7;204.4
43;5;7;675.0;927.0;1145.0;1153.5;1162.0;1020.4;206.5
43;6;7;691.0;909.0;1128.0;1144.5;1154.0;1011.4;202.3
43;7;7;632.0;898.0;1166.0;1179.5;1195.0;1021.1;240.3
43;8;7;683.0;892.5;1107.0;1143.5;1153.0;1002.1;200.3
43;9;7;629.0;868.5;1117.0;1137.0;1159.0;988.0;224.9
43;10;7;672.0;906.5;1114.0;1135.5;1147.0;1002.4;189.4
43;11;7;635.0;868.0;1057.0;1072.0;1135.0;958.1;192.1
43;12;7;667.0;882.5;1090.0;1118.5;1129.0;984.0;196.7
43;13;7;628.0;819.0;1081.0;1091.0;1115.0;949.1;201.2
43;14;7;618.0;660.5;995.0;1025.5;1043.0;861.1;187.3
43;15;7;659.0;671.0;1025.0;1033.5;1047.0;877.1;182.2
43;16;7;624.0;642.0;1012.0;1020.5;1027.0;855.4;190.2
43;17;7;626.0;630.5;981.0;996.5;1002.0;837.6;180.7
43;18;7;613.0;656.5;966.0;992.5;1005.0;840.3;173.6
43;19;7;625.0;643.0;886.0;920.0;963.0;800.0;143.8
43;20;7;628.0;629.5;871.0;883.0;895.0;774.1;126.0
43;21;7;626.0;637.5;804.0;879.0;892.0;765.0;116.8
43;22;7;628.0;642.5;818.0;888.5;927.0;776.4;124.8
43;23;7;625.0;634.0;779.0;807.0;822.0;729.7;86.4
43;24;7;610.0;641.0;786.0;792.0;794.0;722.3;80.7
43;25;7;621.0;631.0;731.0;748.0;775.0;697.9;62.4
43;26;7;618.0;631.0;750.0;757.5;785.0;704.3;68.3
43;27;7;615.0;623.5;691.0;706.5;713.0;668.4;42.1
43;28;7;620.0;629.0;714.0;731.0;737.0;684.4;51.1
43;29;7;610.0;625.0;693.0;702.0;713.0;667.1;41.7
43;30;7;625.0;633.5;678.0;685.5;693.0;662.0;27.6
43;31;7;618.0;623.0;666.0;673.0;675.0;650.1;25.2
43;32;7;622.0;634.5;672.0;676.0;695.0;658.6;25.7
43;33;7;622.0;639.0;675.0;678.5;688.0;660.0;24.0
43;34;7;613.0;621.5;688.0;689.0;690.0;658.9;35.0
43;35;7;620.0;628.0;694.0;713.5;731.0;675.4;44.8
43;36;7;617.0;629.5;653.0;660.5;663.0;644.7;17.8
43;37;7;617.0;617.5;650.0;651.0;652.0;636.6;16.7
43;38;7;617.0;626.5;637.0;641.5;648.0;634.0;10.8
43;39;7;617.0;622.5;633.0;647.0;647.0;633.7;12.7
43;40;7;617.0;619.0;628.0;637.0;637.0;627.7;8.7
43;41;7;620.0;633.0;633.0;637.0;638.0;633.0;5.7
43;42;7;628.0;633.0;633.0;637.0;637.0;634.0;3.1
43;43;7;612.0;633.0;633.0;637.0;637.0;631.7;8.3
43;44;7;633.0;633.0;633.0;637.0;637.0;634.7;2.0
43;45;7;633.0;633.0;633.0;637.0;637.0;634.7;2.0
43;46;7;633.0;633.0;633.0;633.0;633.0;633.0;0.0
43;47;7;633.0;633.0;633.0;633.0;633.0;633.0;0.0
43;48;7;633.0;633.0;633.0;633.0;633.0;633.0;0.0
43;49;7;633.0;633.0;633.0;633.0;633.0;633.0;0.0
43;50;7;633.0;633.0;633.0;633.0;633.0;633.0;0.0
43;51;7;633.0;633.0;633.0;633.0;633.0;633.0;0.0
43;52;7;633.0;633.0;633.0;633.0;633.0;633.0;0.0
43;53;7;633.0;633.0;633.0;633.0;633.0;633.0;0.0
43;54;7;612.0;633.0;633.0;633.0;633.0;630.0;7.3
43;55;7;633.0;633.0;633.0;633.0;633.0;633.0;0.0
43;56;7;633.0;633.0;633.0;633.0;633.0;633.0;0.0
43;57;7;633.0;633.0;633.0;633.0;633.0;633.0;0.0
43;58;7;633.0;633.0;633.0;633.0;633.0;633.0;0.0
43;59;7;633.0;633.0;633.0;633.0;633.0;633.0;0.0
43;60;7;633.0;633.0;633.0;633.0;633.0;633.0;0.0
43;61;7;633.0;633.0;633.0;633.0;633.0;633.0;0.0
43;62;7;633.0;633.0;633.0;633.0;633.0;633.0;0.0
43;63;7;633.0;633.0;633.0;633.0;633.0;633.0;0.0
43;64;7;633.0;633.0;633.0;633.0;633.0;633.0;0.0
43;65;7;633.0;633.0;633.0;633.0;633.0;633.0;0.0
43;66;7;633.0;633.0;633.0;633.0;633.0;633.0;0.0
43;67;7;633.0;633.0;633.0;633.0;633.0;633.0;0.0
43;68;7;633.0;633.0;633.0;633.0;633.0;633.0;0.0
43;69;7;633.0;633.0;633.0;633.0;633.0;633.0;0.0
43;70;7;620.0;634.0;644.0;843.0;1061.0;754.1;188.0
43;71;7;623.0;628.5;633.0;778.0;906.0;710.7;122.0
43;72;7;612.0;618.5;638.0;763.0;904.0;702.4;119.8
43;73;7;613.0;625.5;629.0;753.5;885.0;697.9;114.8
43;74;7;622.0;624.5;628.0;751.0;869.0;695.7;108.7
43;75;7;621.0;626.0;636.0;730.5;828.0;685.4;87.0
43;76;7;614.0;622.0;632.0;716.0;818.0;677.1;80.8
43;77;7;611.0;618.5;637.0;695.0;760.0;662.1;60.1
43;78;7;609.0;630.0;633.0;658.5;738.0;651.0;40.5
43;79;7;616.0;620.5;633.0;663.5;704.0;645.9;34.2
43;80;7;611.0;620.0;633.0;642.5;677.0;635.1;21.0
43;81;7;633.0;633.0;633.0;633.0;635.0;633.3;0.7
43;82;7;633.0;633.0;633.0;633.0;633.0;633.0;0.0
43;83;7;633.0;633.0;633.0;633.0;633.0;633.0;0.0
43;84;7;618.0;633.0;633.0;633.0;633.0;630.9;5.2
43;85;7;620.0;633.0;633.0;633.0;633.0;631.1;4.5
43;86;7;633.0;633.0;633.0;633.0;633.0;633.0;0.0
43;87;7;615.0;633.0;633.0;633.0;633.0;630.4;6.3
43;88;7;633.0;633.0;633.0;633.0;633.0;633.0;0.0
43;89;7;633.0;633.0;633.0;633.0;633.0;633.0;0.0
43;90;7;633.0;633.0;633.0;633.0;633.0;633.0;0.0
43;91;7;633.0;633.0;633.0;633.0;633.0;633.0;0.0
43;92;7;633.0;633.0;633.0;633.0;633.0;633.0;0.0
43;93;7;633.0;633.0;633.0;633.0;633.0;633.0;0.0
43;94;7;633.0;633.0;633.0;633.0;633.0;633.0;0.0
43;95;7;633.0;633.0;633.0;633.0;633.0;633.0;0.0
43;96;7;633.0;633.0;633.0;633.0;633.0;633.0;0.0
43;97;7;633.0;633.0;633.0;633.0;633.0;633.0;0.0
43;98;7;633.0;633.0;633.0;633.0;633.0;633.0;0.0
43;99;7;633.0;633.0;633.0;633.0;633.0;633.0;0.0
44;0;7;735.0;966.0;1171.0;1186.5;1213.0;1060.6;195.9
44;1;7;718.0;957.5;1164.0;1165.5;1181.0;1044.1;195.5
44;2;7;709.0;945.0;1162.0;1171.5;1187.0;1041.6;198.7
44;3;7;744.0;993.0;1212.0;1223.5;1235.0;1089.1;206.4
44;4;7;733.0;934.5;1175.0;1181.5;1197.0;1048.1;198.1
44;5;7;662.0;958.5;1154.0;1155.5;1187.0;1033.0;196.8
44;6;7;680.0;945.5;1122.0;1140.0;1180.0;1021.9;188.1
44;7;7;675.0;912.0;1180.0;1197.0;1207.0;1040.0;226.6
44;8;7;766.0;968.0;1163.0;1180.0;1219.0;1063.4;180.5
44;9;7;675.0;948.0;1125.0;1150.0;1159.0;1022.1;188.5
44;10;7;666.0;870.5;1084.0;1122.5;1180.0;988.0;206.3
44;11;7;652.0;911.5;1090.0;1107.5;1122.0;986.0;183.5
44;12;7;662.0;882.0;1056.0;1071.5;1083.0;958.3;173.2
44;13;7;657.0;872.5;1068.0;1084.5;1110.0;964.1;186.4
44;14;7;633.0;670.0;1017.0;1034.5;1087.0;878.0;192.8
44;15;7;650.0;677.0;1070.0;1078.0;1088.0;902.6;203.8
44;16;7;622.0;650.5;985.0;1051.0;1084.0;870.6;201.2
44;17;7;626.0;694.5;1020.0;1074.0;1092.0;896.4;197.8
44;18;7;627.0;634.0;986.0;1005.5;1017.0;844.1;184.2
44;19;7;630.0;638.0;936.0;958.5;990.0;821.3;161.8
44;20;7;616.0;624.5;893.0;911.0;927.0;786.7;143.4
44;21;7;620.0;633.5;894.0;911.0;917.0;788.6;138.4
44;22;7;614.0;628.5;832.0;845.0;870.0;751.9;111.6
44;23;7;611.0;624.5;828.0;839.0;860.0;746.6;110.2
44;24;7;631.0;635.5;822.0;832.5;837.0;746.6;97.6
44;25;7;619.0;621.0;735.0;758.0;794.0;700.9;71.6
44;26;7;614.0;634.5;741.0;765.0;782.0;705.1;68.5
44;27;7;610.0;622.0;708.0;740.5;784.0;689.6;67.4
44;28;7;610.0;611.0;685.0;704.5;719.0;663.6;47.0
44;29;7;611.0;614.5;675.0;687.0;696.0;655.0;36.8
44;30;7;611.0;611.0;612.0;634.0;634.0;621.0;11.3
44;31;7;611.0;616.5;640.0;648.0;655.0;633.6;17.5
44;32;7;611.0;611.0;634.0;634.0;634.0;624.1;11.4
44;33;7;611.0;611.0;611.0;633.0;634.0;620.6;11.1
44;34;7;611.0;611.0;611.0;611.0;611.0;611.0;0.0
44;35;7;611.0;611.0;611.0;611.0;611.0;611.0;0.0
44;36;7;611.0;611.0;611.0;611.0;611.0;611.0;0.0
44;37;7;611.0;611.0;611.0;611.0;611.0;611.0;0.0
44;38;7;611.0;611.0;611.0;611.0;611.0;611.0;0.0
44;39;7;611.0;611.0;611.0;611.0;611.0;611.0;0.0
44;40;7;611.0;611.0;611.0;611.0;611.0;611.0;0.0
44;41;7;611.0;611.0;611.0;611.0;611.0;611.0;0.0
44;42;7;611.0;611.0;611.0;611.0;611.0;611.0;0.0
44;43;7;611.0;611.0;611.0;611.0;611.0;611.0;0.0
44;44;7;611.0;611.0;611.0;611.0;611.0;611.0;0.0
44;45;7;611.0;611.0;611.0;611.0;611.0;611.0;0.0
44;46;7;611.0;611.0;611.0;611.0;611.0;611.0;0.0
44;47;7;611.0;611.0;611.0;611.0;611.0;611.0;0.0
44;48;7;611.0;611.0;611.0;611.0;611.0;611.0;0.0
44;49;7;611.0;611.0;611.0;611.0;611.0;611.0;0.0
44;50;7;611.0;611.0;611.0;611.0;611.0;611.0;0.0
44;51;7;611.0;611.0;611.0;611.0;611.0;611.0;0.0
44;52;7;611.0;611.0;611.0;611.0;611.0;611.0;0.0
44;53;7;611.0;611.0;611.0;611.0;611.0;611.0;0.0
44;54;7;611.0;611.0;611.0;611.0;611.0;611.0;0.0
44;55;7;611.0;611.0;611.0;611.0;611.0;611.0;0.0
44;56;7;611.0;611.0;611.0;611.0;611.0;611.0;0.0
44;57;7;611.0;611.0;611.0;611.0;611.0;611.0;0.0
44;58;7;611.0;611.0;611.0;611.0;611.0;611.0;0.0
44;59;7;611.0;611.0;611.0;611.0;611.0;611.0;0.0
44;60;7;611.0;611.0;611.0;611.0;611.0;611.0;0.0
44;61;7;611.0;611.0;611.0;611.0;611.0;611.0;0.0
44;62;7;611.0;611.0;611.0;611.0;611.0;611.0;0.0
44;63;7;611.0;611.0;611.0;611.0;611.0;611.0;0.0
44;64;7;611.0;611.0;611.0;611.0;611.0;611.0;0.0
44;65;7;611.0;611.0;611.0;611.0;611.0;611.0;0.0
44;66;7;611.0;611.0;611.0;611.0;611.0;611.0;0.0
44;67;7;611.0;611.0;611.0;611.0;611.0;611.0;0.0
44;68;7;611.0;611.0;611.0;611.0;611.0;611.0;0.0
44;69;7;611.0;611.0;611.0;611.0;611.0;611.0;0.0
44;70;7;611.0;611.0;611.0;611.0;611.0;611.0;0.0
44;71;7;611.0;611.0;611.0;611.0;611.0;611.0;0.0
44;72;7;611.0;611.0;611.0;611.0;611.0;611.0;0.0
44;73;7;626.0;640.5;666.0;832.0;956.0;741.9;137.0
44;74;7;609.0;619.5;635.0;772.0;915.0;706.0;128.0
44;75;7;613.0;623.5;628.0;750.0;875.0;694.7;113.2
44;76;7;617.0;619.5;624.0;769.5;908.0;703.9;128.3
44;77;7;624.0;631.5;635.0;715.0;818.0;681.4;77.5
44;78;7;614.0;623.5;626.0;741.0;873.0;691.7;108.8
44;79;7;611.0;616.0;622.0;669.0;721.0;646.3;45.6
44;80;7;611.0;611.0;611.0;637.0;702.0;631.4;33.9
44;81;7;611.0;611.0;611.0;631.0;698.0;629.1;31.1
44;82;7;611.0;611.0;611.0;611.0;611.0;611.0;0.0
44;83;7;611.0;611.0;611.0;611.0;611.0;611.0;0.0
44;84;7;611.0;611.0;611.0;611.0;611.0;611.0;0.0
44;85;7;611.0;611.0;611.0;611.0;611.0;611.0;0.0
44;86;7;611.0;611.0;611.0;611.0;611.0;611.0;0.0
44;87;7;611.0;611.0;611.0;611.0;611.0;611.0;0.0
44;88;7;611.0;611.0;611.0;611.0;611.0;611.0;0.0
44;89;7;611.0;611.0;611.0;611.0;611.0;611.0;0.0
44;90;7;611.0;611.0;611.0;611.0;611.0;611.0;0.0
44;91;7;611.0;611.0;611.0;611.0;611.0;611.0;0.0
44;92;7;611.0;611.0;611.0;611.0;611.0;611.0;0.0
44;93;7;611.0;611.0;611.0;611.0;611.0;611.0;0.0
44;94;7;611.0;611.0;611.0;611.0;611.0;611.0;0.0
44;95;7;611.0;611.0;611.0;611.0;611.0;611.0;0.0
44;96;7;611.0;611.0;611.0;611.0;611.0;611.0;0.0
44;97;7;611.0;611.0;611.0;611.0;611.0;611.0;0.0
44;98;7;611.0;611.0;611.0;611.0;611.0;611.0;0.0
44;99;7;611.0;611.0;611.0;611.0;611.0;611.0;0.0
45;0;7;663.0;930.0;1171.0;1189.0;1208.0;1040.0;224.9
45;1;7;723.0;943.5;1159.0;1169.0;1197.0;1043.4;197.6
45;2;7;711.0;977.5;1172.0;1179.0;1184.0;1054.3;191.5
45;3;7;666.0;904.0;1147.0;1190.0;1226.0;1032.4;223.2
45;4;7;685.0;924.0;1138.0;1154.0;1162.0;1020.1;203.1
45;5;7;736.0;1009.0;1177.0;1185.0;1194.0;1070.7;179.5
45;6;7;722.0;963.0;1187.0;1196.0;1213.0;1062.9;208.6
45;7;7;693.0;913.0;1142.0;1166.0;1177.0;1024.3;202.5
45;8;7;659.0;909.5;1082.0;1094.5;1107.0;979.4;177.0
45;9;7;643.0;871.5;1071.0;1097.5;1122.0;967.7;190.7
45;10;7;679.0;925.0;1119.0;1120.0;1125.0;1001.9;185.7
45;11;7;636.0;896.0;1088.0;1109.0;1147.0;983.0;197.5
45;12;7;634.0;816.5;1005.0;1053.0;1084.0;923.1;177.2
45;13;7;655.0;859.0;1061.0;1078.5;1094.0;955.0;178.9
45;14;7;680.0;688.0;1066.0;1096.0;1103.0;916.7;200.7
45;15;7;628.0;643.5;929.0;980.0;994.0;828.3;165.9
45;16;7;641.0;654.0;953.0;974.0;1000.0;835.7;161.9
45;17;7;626.0;654.5;1044.0;1093.5;1099.0;895.0;217.5
45;18;7;626.0;658.5;977.0;1005.0;1042.0;853.1;179.7
45;19;7;648.0;672.5;1008.0;1026.5;1031.0;869.3;178.0
45;20;7;634.0;646.0;942.0;966.0;996.0;828.0;161.8
45;21;7;637.0;677.5;922.0;934.0;956.0;819.7;137.0
45;22;7;613.0;627.5;812.0;832.5;839.0;740.6;102.6
45;23;7;621.0;638.0;823.0;845.0;883.0;756.1;108.7
45;24;7;619.0;630.0;783.0;794.0;871.0;731.6;95.1
45;25;7;622.0;625.5;808.0;828.5;864.0;743.1;104.1
45;26;7;621.0;626.5;760.0;829.5;836.0;732.7;96.5
45;27;7;616.0;628.0;758.0;771.5;806.0;711.3;77.0
45;28;7;616.0;629.0;715.0;736.5;741.0;686.1;54.0
45;29;7;621.0;622.5;717.0;756.0;766.0;694.4;64.3
45;30;7;620.0;626.0;693.0;694.5;697.0;664.4;35.1
45;31;7;625.0;632.5;718.0;744.5;746.0;691.9;54.4
45;32;7;619.0;621.0;680.0;725.0;752.0;677.6;53.6
45;33;7;611.0;621.5;666.0;668.5;676.0;647.6;26.0
45;34;7;611.0;619.0;667.0;671.0;715.0;653.3;35.4
45;35;7;610.0;618.0;634.0;640.0;641.0;628.7;12.5
45;36;7;610.0;624.0;644.0;644.0;644.0;633.4;12.9
45;37;7;610.0;624.5;644.0;644.0;644.0;633.6;12.8
45;38;7;610.0;617.0;644.0;644.0;644.0;631.4;15.1
45;39;7;610.0;610.0;611.0;628.0;628.0;617.9;8.8
45;40;7;610.0;610.0;610.0;611.0;613.0;610.7;1.0
45;41;7;610.0;610.0;610.0;610.0;610.0;610.0;0.0
45;42;7;610.0;610.0;610.0;610.0;610.0;610.0;0.0
45;43;7;610.0;610.0;610.0;610.0;610.0;610.0;0.0
45;44;7;610.0;610.0;610.0;610.0;610.0;610.0;0.0
45;45;7;610.0;610.0;610.0;610.0;610.0;610.0;0.0
45;46;7;610.0;610.0;610.0;610.0;610.0;610.0;0.0
45;47;7;610.0;610.0;610.0;610.0;610.0;610.0;0.0
45;48;7;610.0;610.0;610.0;610.0;610.0;610.0;0.0
45;49;7;610.0;610.0;610.0;610.0;610.0;610.0;0.0
45;50;7;610.0;610.0;610.0;610.0;610.0;610.0;0.0
45;51;7;610.0;610.0;610.0;610.0;610.0;610.0;0.0
45;52;7;610.0;610.0;610.0;610.0;610.0;610.0;0.0
45;53;7;610.0;610.0;610.0;610.0;610.0;610.0;0.0
45;54;7;610.0;610.0;610.0;610.0;610.0;610.0;0.0
45;55;7;610.0;610.0;610.0;610.0;610.0;610.0;0.0
45;56;7;610.0;610.0;610.0;610.0;610.0;610.0;0.0
45;57;7;610.0;610.0;610.0;610.0;610.0;610.0;0.0
45;58;7;610.0;610.0;610.0;610.0;610.0;610.0;0.0
45;59;7;610.0;610.0;610.0;610.0;610.0;610.0;0.0
45;60;7;610.0;610.0;610.0;610.0;610.0;610.0;0.0
45;61;7;610.0;610.0;610.0;610.0;610.0;610.0;0.0
45;62;7;610.0;610.0;610.0;610.0;610.0;610.0;0.0
45;63;7;610.0;610.0;610.0;610.0;610.0;610.0;0.0
45;64;7;610.0;610.0;610.0;610.0;610.0;610.0;0.0
45;65;7;610.0;610.0;610.0;610.0;610.0;610.0;0.0
45;66;7;610.0;610.0;610.0;610.0;610.0;610.0;0.0
45;67;7;610.0;610.0;610.0;610.0;610.0;610.0;0.0
45;68;7;610.0;610.0;610.0;610.0;610.0;610.0;0.0
45;69;7;610.0;610.0;610.0;610.0;610.0;610.0;0.0
45;70;7;610.0;610.0;610.0;610.0;610.0;610.0;0.0
45;71;7;610.0;610.0;610.0;610.0;610.0;610.0;0.0
45;72;7;610.0;610.0;610.0;610.0;610.0;610.0;0.0
45;73;7;610.0;610.0;610.0;610.0;610.0;610.0;0.0
45;74;7;610.0;610.0;610.0;610.0;610.0;610.0;0.0
45;75;7;610.0;610.0;610.0;610.0;610.0;610.0;0.0
45;76;7;610.0;610.0;610.0;610.0;610.0;610.0;0.0
45;77;7;610.0;610.0;610.0;610.0;610.0;610.0;0.0
45;78;7;610.0;610.0;610.0;610.0;610.0;610.0;0.0
45;79;7;610.0;610.0;610.0;610.0;610.0;610.0;0.0
45;80;7;610.0;610.0;610.0;610.0;610.0;610.0;0.0
45;81;7;616.0;621.5;629.0;770.0;908.0;705.1;128.4
45;82;7;610.0;629.0;641.0;767.0;922.0;709.3;125.7
45;83;7;610.0;628.5;637.0;750.0;856.0;694.3;102.4
45;84;7;613.0;616.0;617.0;716.0;823.0;673.9;88.0
45;85;7;610.0;616.0;627.0;693.0;777.0;661.7;66.9
45;86;7;616.0;627.0;634.0;669.5;702.0;649.3;33.9
45;87;7;613.0;621.5;627.0;684.0;753.0;657.7;56.5
45;88;7;610.0;619.5;627.0;627.0;702.0;633.1;29.0
45;89;7;610.0;622.5;627.0;627.5;702.0;634.1;28.4
45;90;7;610.0;615.0;625.0;627.0;702.0;631.6;29.5
45;91;7;610.0;610.0;617.0;633.0;697.0;630.0;29.1
45;92;7;610.0;618.0;627.0;627.0;702.0;632.7;29.2
45;93;7;610.0;610.0;610.0;610.0;610.0;610.0;0.0
45;94;7;610.0;610.0;610.0;610.0;610.0;610.0;0.0
45;95;7;608.0;610.0;610.0;610.0;610.0;609.7;0.7
45;96;7;610.0;610.0;610.0;610.0;610.0;610.0;0.0
45;97;7;610.0;610.0;610.0;610.0;610.0;610.0;0.0
45;98;7;610.0;610.0;610.0;610.0;610.0;610.0;0.0
45;99;7;610.0;610.0;610.0;610.0;610.0;610.0;0.0
46;0;7;719.0;956.5;1203.0;1213.0;1221.0;1068.9;219.3
46;1;7;695.0;947.5;1180.0;1190.5;1201.0;1050.3;217.7
46;2;7;689.0;963.0;1177.0;1193.0;1203.0;1054.4;206.6
46;3;7;711.0;934.0;1138.0;1159.0;1181.0;1030.9;194.6
46;4;7;679.0;932.5;1160.0;1167.5;1193.0;1033.1;212.3
46;5;7;689.0;893.5;1106.0;1125.5;1156.0;998.4;195.0
46;6;7;689.0;964.5;1199.0;1206.5;1212.0;1063.1;220.7
46;7;7;652.0;888.0;1094.0;1117.0;1127.0;983.3;199.4
46;8;7;715.0;915.5;1154.0;1195.0;1209.0;1042.7;206.6
46;9;7;628.0;876.5;1093.0;1127.5;1139.0;981.1;206.4
46;10;7;649.0;864.0;1067.0;1082.0;1104.0;958.9;188.2
46;11;7;659.0;851.0;1045.0;1064.5;1077.0;944.6;179.4
46;12;7;633.0;853.0;1031.0;1038.5;1077.0;932.0;175.4
46;13;7;648.0;855.5;1061.0;1075.0;1079.0;949.9;185.3
46;14;7;633.0;652.0;1049.0;1097.0;1121.0;900.1;221.7
46;15;7;648.0;714.5;1085.0;1102.5;1111.0;925.4;203.9
46;16;7;620.0;623.5;905.0;966.5;979.0;812.0;165.8
46;17;7;630.0;666.5;907.0;931.5;965.0;814.0;140.9
46;18;7;635.0;650.0;945.0;957.0;972.0;823.7;155.2
46;19;7;622.0;638.0;842.0;879.5;902.0;771.6;121.7
46;20;7;620.0;631.5;845.0;859.5;897.0;763.4;118.6
46;21;7;620.0;631.5;824.0;835.5;851.0;747.0;103.8
46;22;7;627.0;630.5;783.0;791.5;799.0;721.9;80.3
46;23;7;610.0;618.5;765.0;775.0;816.0;711.1;84.1
46;24;7;625.0;633.5;792.0;807.5;814.0;730.4;86.7
46;25;7;619.0;628.0;782.0;807.0;817.0;726.9;88.9
46;26;7;616.0;630.0;734.0;764.5;791.0;704.3;70.5
46;27;7;620.0;625.0;732.0;747.0;758.0;693.4;61.2
46;28;7;612.0;627.5;714.0;718.0;722.0;677.0;47.6
46;29;7;612.0;624.5;684.0;697.0;716.0;665.0;40.1
46;30;7;608.0;628.0;695.0;710.0;715.0;670.6;43.7
46;31;7;613.0;624.0;673.0;689.0;722.0;662.0;39.3
46;32;7;608.0;610.0;637.0;640.5;642.0;626.9;15.3
46;33;7;608.0;612.0;636.0;651.0;675.0;635.0;24.1
46;34;7;608.0;612.0;612.0;613.0;613.0;611.9;1.6
46;35;7;608.0;612.0;612.0;613.0;613.0;611.9;1.6
46;36;7;608.0;608.0;612.0;612.0;612.0;610.3;2.0
46;37;7;608.0;610.0;612.0;612.0;612.0;610.9;1.8
46;38;7;608.0;608.0;608.0;612.0;612.0;609.7;2.0
46;39;7;608.0;608.0;608.0;608.0;608.0;608.0;0.0
46;40;7;608.0;608.0;608.0;608.0;608.0;608.0;0.0
46;41;7;608.0;608.0;608.0;608.0;608.0;608.0;0.0
46;42;7;608.0;608.0;608.0;608.0;608.0;608.0;0.0
46;43;7;608.0;608.0;608.0;608.0;608.0;608.0;0.0
46;44;7;608.0;608.0;608.0;608.0;608.0;608.0;0.0
46;45;7;608.0;608.0;608.0;608.0;608.0;608.0;0.0
46;46;7;608.0;608.0;608.0;608.0;608.0;608.0;0.0
46;47;7;608.0;608.0;608.0;608.0;608.0;608.0;0.0
46;48;7;608.0;608.0;608.0;608.0;608.0;608.0;0.0
46;49;7;608.0;608.0;608.0;608.0;608.0;608.0;0.0
46;50;7;608.0;608.0;608.0;608.0;608.0;608.0;0.0
46;51;7;608.0;608.0;608.0;608.0;608.0;608.0;0.0
46;52;7;608.0;608.0;608.0;608.0;608.0;608.0;0.0
46;53;7;608.0;608.0;608.0;608.0;608.0;608.0;0.0
46;54;7;608.0;608.0;608.0;608.0;608.0;608.0;0.0
46;55;7;608.0;608.0;608.0;608.0;608.0;608.0;0.0
46;56;7;608.0;608.0;608.0;608.0;608.0;608.0;0.0
46;57;7;608.0;608.0;608.0;608.0;608.0;608.0;0.0
46;58;7;608.0;608.0;608.0;608.0;608.0;608.0;0.0
46;59;7;608.0;608.0;608.0;608.0;608.0;608.0;0.0
46;60;7;608.0;608.0;608.0;608.0;608.0;608.0;0.0
46;61;7;608.0;608.0;608.0;608.0;608.0;608.0;0.0
46;62;7;608.0;608.0;608.0;608.0;608.0;608.0;0.0
46;63;7;608.0;608.0;608.0;608.0;608.0;608.0;0.0
46;64;7;608.0;608.0;608.0;608.0;608.0;608.0;0.0
46;65;7;608.0;608.0;608.0;608.0;608.0;608.0;0.0
46;66;7;608.0;608.0;608.0;608.0;608.0;608.0;0.0
46;67;7;608.0;608.0;608.0;608.0;608.0;608.0;0.0
46;68;7;608.0;608.0;608.0;608.0;608.0;608.0;0.0
46;69;7;608.0;608.0;608.0;608.0;608.0;608.0;0.0
46;70;7;608.0;608.0;608.0;608.0;608.0;608.0;0.0
46;71;7;608.0;608.0;608.0;608.0;608.0;608.0;0.0
46;72;7;608.0;608.0;608.0;608.0;608.0;608.0;0.0
46;73;7;608.0;608.0;608.0;608.0;608.0;608.0;0.0
46;74;7;608.0;608.0;608.0;608.0;608.0;608.0;0.0
46;75;7;608.0;608.0;608.0;608.0;608.0;608.0;0.0
46;76;7;613.0;623.5;636.0;817.0;979.0;729.9;155.8
46;77;7;613.0;617.0;630.0;778.5;919.0;707.6;131.6
46;78;7;611.0;619.0;632.0;752.5;881.0;695.3;113.4
46;79;7;610.0;611.0;631.0;723.5;818.0;675.4;87.9
46;80;7;608.0;608.0;619.0;675.0;736.0;647.0;51.2
46;81;7;608.0;612.0;630.0;695.5;786.0;662.7;70.6
46;82;7;608.0;608.0;611.0;665.5;719.0;640.7;46.1
46;83;7;608.0;608.0;608.0;608.0;634.0;611.7;9.1
46;84;7;608.0;608.0;608.0;608.0;608.0;608.0;0.0
46;85;7;608.0;608.0;608.0;608.0;608.0;608.0;0.0
46;86;7;608.0;608.0;608.0;608.0;608.0;608.0;0.0
46;87;7;608.0;608.0;608.0;608.0;608.0;608.0;0.0
46;88;7;608.0;608.0;608.0;608.0;608.0;608.0;0.0
46;89;7;608.0;608.0;608.0;608.0;608.0;608.0;0.0
46;90;7;608.0;608.0;608.0;608.0;608.0;608.0;0.0
46;91;7;608.0;608.0;608.0;608.0;608.0;608.0;0.0
46;92;7;608.0;608.0;608.0;608.0;608.0;608.0;0.0
46;93;7;608.0;608.0;608.0;608.0;608.0;608.0;0.0
46;94;7;608.0;608.0;608.0;608.0;608.0;608.0;0.0
46;95;7;608.0;608.0;608.0;608.0;608.0;608.0;0.0
46;96;7;608.0;608.0;608.0;608.0;608.0;608.0;0.0
46;97;7;608.0;608.0;608.0;608.0;608.0;608.0;0.0
46;98;7;608.0;608.0;608.0;608.0;608.0;608.0;0.0
46;99;7;608.0;608.0;608.0;608.0;608.0;608.0;0.0
47;0;7;680.0;963.0;1198.0;1210.5;1235.0;1065.7;225.7
47;1;7;652.0;883.5;1103.0;1179.0;1186.0;1009.4;220.0
47;2;7;670.0;931.5;1168.0;1173.5;1204.0;1036.0;221.3
47;3;7;701.0;962.5;1194.0;1198.5;1200.0;1059.6;216.2
47;4;7;676.0;909.5;1161.0;1187.5;1194.0;1032.1;224.1
47;5;7;644.0;866.5;1089.0;1129.0;1170.0;984.9;208.1
47;6;7;704.0;928.0;1142.0;1169.0;1181.0;1031.6;202.2
47;7;7;641.0;922.5;1141.0;1176.5;1190.0;1024.3;220.3
47;8;7;633.0;863.0;1065.0;1133.5;1149.0;977.1;209.3
47;9;7;659.0;896.0;1127.0;1130.0;1145.0;997.6;201.5
47;10;7;657.0;885.5;1102.0;1128.0;1145.0;990.1;200.3
47;11;7;669.0;880.0;1080.0;1110.5;1132.0;980.3;193.5
47;12;7;641.0;902.0;1114.0;1119.5;1128.0;989.4;195.9
47;13;7;654.0;864.5;1007.0;1035.5;1046.0;929.6;154.5
47;14;7;633.0;657.0;1028.0;1044.0;1052.0;873.6;194.8
47;15;7;612.0;634.5;1048.0;1067.0;1094.0;879.6;219.2
47;16;7;629.0;670.0;1005.0;1050.0;1066.0;877.1;192.4
47;17;7;620.0;633.5;936.0;979.0;997.0;825.4;171.1
47;18;7;616.0;630.5;937.0;942.0;947.0;806.4;156.7
47;19;7;621.0;636.5;921.0;952.0;961.0;811.4;156.5
47;20;7;620.0;629.5;926.0;949.5;967.0;810.1;159.8
47;21;7;623.0;629.0;869.0;887.5;892.0;773.9;127.4
47;22;7;618.0;639.5;834.0;855.0;908.0;764.1;116.6
47;23;7;616.0;626.0;795.0;804.5;818.0;727.1;90.9
47;24;7;616.0;628.0;753.0;776.0;819.0;713.7;80.0
47;25;7;622.0;631.5;742.0;765.5;798.0;708.0;71.0
47;26;7;617.0;624.0;755.0;781.0;811.0;713.3;81.6
47;27;7;612.0;635.5;713.0;723.0;730.0;681.7;47.6
47;28;7;612.0;632.5;712.0;738.5;744.0;687.1;54.5
47;29;7;620.0;624.0;712.0;717.0;726.0;677.1;47.4
47;30;7;612.0;622.5;692.0;697.5;703.0;663.9;39.4
47;31;7;615.0;619.0;690.0;693.0;696.0;660.7;37.4
47;32;7;615.0;629.5;665.0;673.0;687.0;653.1;26.5
47;33;7;610.0;618.5;674.0;688.5;693.0;655.9;35.4
47;34;7;611.0;625.5;675.0;678.0;679.0;653.1;28.7
47;35;7;610.0;617.0;662.0;671.0;676.0;646.3;27.9
47;36;7;610.0;618.0;665.0;674.5;681.0;648.7;29.4
47;37;7;608.0;611.0;687.0;688.5;695.0;655.6;39.6
47;38;7;609.0;614.0;675.0;678.0;679.0;649.6;32.4
47;39;7;608.0;610.0;620.0;645.0;651.0;627.0;17.8
47;40;7;608.0;608.5;610.0;640.5;650.0;623.7;18.0
47;41;7;609.0;609.5;610.0;661.0;666.0;632.3;26.4
47;42;7;609.0;609.5;611.0;644.5;646.0;624.9;17.5
47;43;7;609.0;609.0;609.0;609.0;610.0;609.1;0.3
47;44;7;609.0;609.0;609.0;609.0;609.0;609.0;0.0
47;45;7;609.0;609.0;609.0;609.0;609.0;609.0;0.0
47;46;7;609.0;609.0;609.0;609.0;609.0;609.0;0.0
47;47;7;609.0;609.0;609.0;609.0;609.0;609.0;0.0
47;48;7;609.0;609.0;609.0;609.0;609.0;609.0;0.0
47;49;7;609.0;609.0;609.0;609.0;609.0;609.0;0.0
47;50;7;609.0;609.0;609.0;609.0;609.0;609.0;0.0
47;51;7;609.0;609.0;609.0;609.0;609.0;609.0;0.0
47;52;7;609.0;609.0;609.0;609.0;609.0;609.0;0.0
47;53;7;609.0;609.0;609.0;609.0;609.0;609.0;0.0
47;54;7;609.0;609.0;609.0;609.0;609.0;609.0;0.0
47;55;7;609.0;609.0;609.0;609.0;609.0;609.0;0.0
47;56;7;609.0;609.0;609.0;609.0;609.0;609.0;0.0
47;57;7;609.0;609.0;609.0;609.0;609.0;609.0;0.0
47;58;7;609.0;609.0;609.0;609.0;609.0;609.0;0.0
47;59;7;609.0;609.0;609.0;609.0;609.0;609.0;0.0
47;60;7;609.0;609.0;609.0;609.0;609.0;609.0;0.0
47;61;7;609.0;609.0;609.0;609.0;609.0;609.0;0.0
47;62;7;609.0;609.0;609.0;609.0;609.0;609.0;0.0
47;63;7;609.0;609.0;609.0;609.0;609.0;609.0;0.0
47;64;7;609.0;609.0;609.0;609.0;609.0;609.0;0.0
47;65;7;609.0;609.0;609.0;609.0;609.0;609.0;0.0
47;66;7;609.0;609.0;609.0;609.0;609.0;609.0;0.0
47;67;7;609.0;609.0;609.0;609.0;609.0;609.0;0.0
47;68;7;609.0;609.0;609.0;609.0;609.0;609.0;0.0
47;69;7;609.0;609.0;609.0;609.0;609.0;609.0;0.0
47;70;7;609.0;609.0;609.0;609.0;609.0;609.0;0.0
47;71;7;609.0;609.0;609.0;609.0;609.0;609.0;0.0
47;72;7;609.0;609.0;609.0;609.0;609.0;609.0;0.0
47;73;7;609.0;609.0;609.0;609.0;609.0;609.0;0.0
47;74;7;609.0;609.0;609.0;609.0;609.0;609.0;0.0
47;75;7;609.0;609.0;609.0;609.0;609.0;609.0;0.0
47;76;7;609.0;609.0;609.0;609.0;609.0;609.0;0.0
47;77;7;609.0;609.0;609.0;609.0;609.0;609.0;0.0
47;78;7;609.0;609.0;609.0;609.0;609.0;609.0;0.0
47;79;7;609.0;609.0;609.0;609.0;609.0;609.0;0.0
47;80;7;609.0;609.0;609.0;609.0;609.0;609.0;0.0
47;81;7;609.0;609.0;609.0;609.0;609.0;609.0;0.0
47;82;7;609.0;609.0;609.0;609.0;609.0;609.0;0.0
47;83;7;609.0;611.0;621.0;751.0;878.0;690.3;117.0
47;84;7;609.0;610.5;617.0;728.0;842.0;677.9;99.3
47;85;7;609.0;609.5;614.0;682.0;779.0;655.0;64.8
47;86;7;609.0;616.0;624.0;717.5;825.0;675.0;88.1
47;87;7;609.0;612.0;617.0;673.0;716.0;644.6;45.4
47;88;7;608.0;609.0;609.0;658.5;726.0;639.7;48.5
47;89;7;609.0;609.0;609.0;609.0;649.0;614.7;14.0
47;90;7;609.0;609.0;609.0;609.0;635.0;612.7;9.1
47;91;7;609.0;609.0;609.0;609.0;609.0;609.0;0.0
47;92;7;609.0;609.0;609.0;609.0;609.0;609.0;0.0
47;93;7;609.0;609.0;609.0;609.0;609.0;609.0;0.0
47;94;7;609.0;609.0;609.0;609.0;609.0;609.0;0.0
47;95;7;609.0;609.0;609.0;609.0;609.0;609.0;0.0
47;96;7;609.0;609.0;609.0;609.0;609.0;609.0;0.0
47;97;7;609.0;609.0;609.0;609.0;609.0;609.0;0.0
47;98;7;609.0;609.0;609.0;609.0;609.0;609.0;0.0
47;99;7;609.0;609.0;609.0;609.0;609.0;609.0;0.0
48;0;7;718.0;940.0;1134.0;1164.0;1194.0;1036.3;192.5
48;1;7;669.0;944.0;1206.0;1213.0;1230.0;1059.9;239.6
48;2;7;662.0;907.0;1161.0;1181.5;1206.0;1029.4;231.0
48;3;7;682.0;926.5;1145.0;1168.0;1174.0;1027.1;210.2
48;4;7;678.0;895.5;1119.0;1166.0;1178.0;1014.0;213.2
48;5;7;663.0;918.5;1143.0;1167.5;1190.0;1024.0;218.8
48;6;7;713.0;942.0;1177.0;1183.5;1193.0;1047.7;199.7
48;7;7;708.0;946.5;1183.0;1197.0;1222.0;1057.1;212.6
48;8;7;723.0;968.0;1155.0;1182.0;1217.0;1056.4;191.9
48;9;7;684.0;885.5;1086.0;1103.5;1108.0;979.4;185.2
48;10;7;657.0;924.0;1098.0;1114.0;1143.0;996.3;187.4
48;11;7;670.0;917.0;1087.0;1106.0;1109.0;987.4;174.6
48;12;7;625.0;829.5;1011.0;1043.5;1078.0;922.9;180.1
48;13;7;639.0;865.5;1071.0;1082.0;1093.0;956.9;194.0
48;14;7;659.0;682.5;1064.0;1071.0;1079.0;901.3;196.8
48;15;7;661.0;670.0;1025.0;1101.5;1108.0;905.3;208.0
48;16;7;623.0;701.5;1020.0;1023.0;1028.0;874.3;174.9
48;17;7;632.0;639.5;975.0;994.0;1023.0;842.4;178.6
48;18;7;628.0;646.5;980.0;1009.5;1024.0;849.1;181.7
48;19;7;625.0;632.0;942.0;977.5;980.0;823.7;168.5
48;20;7;621.0;634.0;935.0;1008.5;1015.0;836.6;180.9
48;21;7;623.0;647.0;884.0;927.5;937.0;799.0;139.9
48;22;7;618.0;631.5;871.0;892.0;930.0;780.9;134.4
48;23;7;624.0;631.0;804.0;829.0;831.0;739.9;96.7
48;24;7;619.0;625.5;802.0;821.5;841.0;736.6;98.9
48;25;7;609.0;630.0;797.0;809.5;833.0;731.1;94.6
48;26;7;626.0;634.0;707.0;733.0;759.0;689.4;52.3
48;27;7;613.0;636.0;733.0;737.5;762.0;693.6;57.7
48;28;7;614.0;634.5;706.0;721.5;736.0;681.1;48.0
48;29;7;617.0;622.0;700.0;715.0;729.0;674.3;47.7
48;30;7;613.0;626.5;669.0;672.0;686.0;652.1;27.9
48;31;7;622.0;626.5;692.0;696.5;711.0;667.3;37.1
48;32;7;612.0;622.5;677.0;686.5;692.0;657.0;33.3
48;33;7;612.0;612.0;618.0;618.0;620.0;615.7;3.3
48;34;7;612.0;612.0;612.0;612.0;612.0;612.0;0.0
48;35;7;612.0;612.0;612.0;612.0;612.0;612.0;0.0
48;36;7;612.0;612.0;612.0;612.0;612.0;612.0;0.0
48;37;7;612.0;612.0;612.0;612.0;612.0;612.0;0.0
48;38;7;612.0;612.0;612.0;612.0;612.0;612.0;0.0
48;39;7;612.0;612.0;612.0;612.0;612.0;612.0;0.0
48;40;7;612.0;612.0;612.0;612.0;612.0;612.0;0.0
48;41;7;612.0;612.0;612.0;612.0;612.0;612.0;0.0
48;42;7;612.0;612.0;612.0;612.0;612.0;612.0;0.0
48;43;7;612.0;612.0;612.0;612.0;612.0;612.0;0.0
48;44;7;612.0;612.0;612.0;612.0;612.0;612.0;0.0
48;45;7;612.0;612.0;612.0;612.0;612.0;612.0;0.0
48;46;7;612.0;612.0;612.0;612.0;612.0;612.0;0.0
48;47;7;612.0;612.0;612.0;612.0;612.0;612.0;0.0
48;48;7;612.0;612.0;612.0;612.0;612.0;612.0;0.0
48;49;7;612.0;612.0;612.0;612.0;612.0;612.0;0.0
48;50;7;612.0;612.0;612.0;612.0;612.0;612.0;0.0
48;51;7;612.0;612.0;612.0;612.0;612.0;612.0;0.0
48;52;7;612.0;612.0;612.0;612.0;612.0;612.0;0.0
48;53;7;612.0;612.0;612.0;612.0;612.0;612.0;0.0
48;54;7;612.0;612.0;612.0;612.0;612.0;612.0;0.0
48;55;7;612.0;612.0;612.0;612.0;612.0;612.0;0.0
48;56;7;612.0;612.0;612.0;612.0;612.0;612.0;0.0
48;57;7;612.0;612.0;612.0;612.0;612.0;612.0;0.0
48;58;7;612.0;612.0;612.0;612.0;612.0;612.0;0.0
48;59;7;612.0;612.0;612.0;612.0;612.0;612.0;0.0
48;60;7;612.0;612.0;612.0;612.0;612.0;612.0;0.0
48;61;7;612.0;612.0;612.0;612.0;612.0;612.0;0.0
48;62;7;612.0;612.0;612.0;612.0;612.0;612.0;0.0
48;63;7;612.0;612.0;612.0;612.0;612.0;612.0;0.0
48;64;7;612.0;612.0;612.0;612.0;612.0;612.0;0.0
48;65;7;612.0;612.0;612.0;612.0;612.0;612.0;0.0
48;66;7;612.0;612.0;612.0;612.0;612.0;612.0;0.0
48;67;7;612.0;612.0;612.0;612.0;612.0;612.0;0.0
48;68;7;612.0;612.0;612.0;612.0;612.0;612.0;0.0
48;69;7;612.0;612.0;612.0;612.0;612.0;612.0;0.0
48;70;7;612.0;612.0;612.0;612.0;612.0;612.0;0.0
48;71;7;612.0;619.5;625.0;786.5;949.0;714.0;141.3
48;72;7;626.0;630.0;634.0;815.0;998.0;735.4;160.3
48;73;7;622.0;624.5;633.0;798.5;951.0;721.7;137.4
48;74;7;619.0;623.0;628.0;797.0;937.0;717.7;138.3
48;75;7;615.0;618.0;624.0;764.5;904.0;701.1;128.0
48;76;7;610.0;618.5;624.0;716.0;804.0;672.4;79.4
48;77;7;614.0;625.5;629.0;693.0;756.0;662.3;56.6
48;78;7;609.0;613.0;615.0;663.5;715.0;641.7;42.6
48;79;7;609.0;612.0;612.0;650.5;727.0;639.0;44.8
48;80;7;612.0;612.0;612.0;612.0;612.0;612.0;0.0
48;81;7;612.0;612.0;612.0;613.0;640.0;616.3;9.7
48;82;7;612.0;612.0;612.0;612.0;612.0;612.0;0.0
48;83;7;612.0;612.0;612.0;612.0;612.0;612.0;0.0
48;84;7;612.0;612.0;612.0;612.0;612.0;612.0;0.0
48;85;7;612.0;612.0;612.0;612.0;612.0;612.0;0.0
48;86;7;612.0;612.0;612.0;612.0;612.0;612.0;0.0
48;87;7;612.0;612.0;612.0;612.0;612.0;612.0;0.0
48;88;7;612.0;612.0;612.0;612.0;612.0;612.0;0.0
48;89;7;612.0;612.0;612.0;612.0;612.0;612.0;0.0
48;90;7;612.0;612.0;612.0;612.0;612.0;612.0;0.0
48;91;7;612.0;612.0;612.0;612.0;612.0;612.0;0.0
48;92;7;612.0;612.0;612.0;612.0;612.0;612.0;0.0
48;93;7;612.0;612.0;612.0;612.0;612.0;612.0;0.0
48;94;7;612.0;612.0;612.0;612.0;612.0;612.0;0.0
48;95;7;612.0;612.0;612.0;612.0;612.0;612.0;0.0
48;96;7;612.0;612.0;612.0;612.0;612.0;612.0;0.0
48;97;7;612.0;612.0;612.0;612.0;612.0;612.0;0.0
48;98;7;612.0;612.0;612.0;612.0;612.0;612.0;0.0
48;99;7;612.0;612.0;612.0;612.0;612.0;612.0;0.0
49;0;7;733.0;932.5;1143.0;1153.0;1217.0;1037.7;189.0
49;1;7;684.0;971.0;1199.0;1221.5;1233.0;1071.6;212.8
49;2;7;689.0;937.0;1125.0;1147.5;1189.0;1024.6;192.0
49;3;7;725.0;992.0;1193.0;1210.0;1222.0;1077.7;201.2
49;4;7;676.0;927.0;1193.0;1216.5;1224.0;1054.3;233.3
49;5;7;703.0;942.5;1131.0;1140.0;1155.0;1022.0;185.7
49;6;7;684.0;926.5;1167.0;1191.0;1217.0;1043.3;225.8
49;7;7;686.0;923.0;1154.0;1157.0;1170.0;1024.3;207.9
49;8;7;647.0;879.5;1058.0;1102.5;1138.0;972.4;190.3
49;9;7;693.0;951.0;1173.0;1180.0;1185.0;1044.7;210.7
49;10;7;693.0;929.0;1125.0;1132.5;1179.0;1017.1;191.7
49;11;7;687.0;895.5;1096.0;1100.0;1106.0;982.9;182.8
49;12;7;642.0;875.5;1078.0;1123.5;1143.0;980.1;203.0
49;13;7;632.0;853.5;1044.0;1080.5;1111.0;950.7;190.5
49;14;7;652.0;674.5;1087.0;1101.5;1116.0;915.3;215.3
49;15;7;629.0;677.5;996.0;1032.5;1049.0;870.6;182.5
49;16;7;631.0;642.0;905.0;971.0;1001.0;823.3;162.9
49;17;7;625.0;636.5;943.0;978.0;1009.0;829.4;172.1
49;18;7;625.0;647.5;1028.0;1043.5;1047.0;868.9;198.4
49;19;7;638.0;643.5;923.0;927.0;935.0;805.3;141.8
49;20;7;631.0;664.5;938.0;944.5;958.0;820.7;145.9
49;21;7;632.0;635.0;853.0;894.5;899.0;777.6;125.1
49;22;7;616.0;622.0;759.0;798.5;852.0;724.0;94.4
49;23;7;618.0;625.0;804.0;825.5;837.0;737.1;99.7
49;24;7;620.0;625.0;768.0;786.0;800.0;715.7;80.8
49;25;7;618.0;621.5;733.0;738.0;750.0;688.6;59.3
49;26;7;613.0;629.5;750.0;751.0;755.0;697.0;63.6
49;27;7;617.0;622.0;708.0;725.5;737.0;679.6;52.0
49;28;7;615.0;628.5;658.0;684.5;707.0;658.0;34.1
49;29;7;616.0;624.0;675.0;679.0;683.0;654.3;29.1
49;30;7;612.0;615.0;665.0;679.0;684.0;649.9;31.6
49;31;7;612.0;618.5;667.0;673.5;682.0;649.3;28.9
49;32;7;611.0;621.0;648.0;656.0;665.0;639.7;20.0
49;33;7;617.0;619.5;652.0;656.0;665.0;640.7;19.5
49;34;7;612.0;614.0;649.0;651.0;656.0;635.3;19.2
49;35;7;610.0;614.5;650.0;653.0;656.0;635.9;20.1
49;36;7;610.0;618.5;657.0;673.5;697.0;649.7;31.6
49;37;7;610.0;610.0;620.0;650.0;657.0;629.6;20.4
49;38;7;610.0;611.0;651.0;657.0;769.0;652.3;51.9
49;39;7;610.0;610.0;610.0;632.5;669.0;624.9;21.6
49;40;7;610.0;610.0;610.0;610.0;610.0;610.0;0.0
49;41;7;610.0;610.0;610.0;610.0;610.0;610.0;0.0
49;42;7;610.0;610.0;610.0;610.0;610.0;610.0;0.0
49;43;7;610.0;610.0;610.0;610.0;610.0;610.0;0.0
49;44;7;610.0;610.0;610.0;610.0;610.0;610.0;0.0
49;45;7;610.0;610.0;610.0;610.0;610.0;610.0;0.0
49;46;7;610.0;610.0;610.0;610.0;610.0;610.0;0.0
49;47;7;610.0;610.0;610.0;610.0;610.0;610.0;0.0
49;48;7;610.0;610.0;610.0;610.0;610.0;610.0;0.0
49;49;7;610.0;610.0;610.0;610.0;610.0;610.0;0.0
49;50;7;610.0;610.0;610.0;610.0;610.0;610.0;0.0
49;51;7;610.0;610.0;610.0;610.0;610.0;610.0;0.0
49;52;7;610.0;610.0;610.0;610.0;610.0;610.0;0.0
49;53;7;610.0;610.0;610.0;610.0;610.0;610.0;0.0
49;54;7;610.0;610.0;610.0;610.0;610.0;610.0;0.0
49;55;7;610.0;610.0;610.0;610.0;610.0;610.0;0.0
49;56;7;610.0;610.0;610.0;610.0;610.0;610.0;0.0
49;57;7;610.0;610.0;610.0;610.0;610.0;610.0;0.0
49;58;7;610.0;610.0;610.0;610.0;610.0;610.0;0.0
49;59;7;610.0;610.0;610.0;610.0;610.0;610.0;0.0
49;60;7;610.0;610.0;610.0;610.0;610.0;610.0;0.0
49;61;7;610.0;610.0;610.0;610.0;610.0;610.0;0.0
49;62;7;610.0;610.0;610.0;610.0;610.0;610.0;0.0
49;63;7;610.0;610.0;610.0;610.0;610.0;610.0;0.0
49;64;7;610.0;610.0;610.0;610.0;610.0;610.0;0.0
49;65;7;610.0;610.0;610.0;610.0;610.0;610.0;0.0
49;66;7;610.0;610.0;610.0;610.0;610.0;610.0;0.0
49;67;7;610.0;610.0;610.0;610.0;610.0;610.0;0.0
49;68;7;610.0;610.0;610.0;610.0;610.0;610.0;0.0
49;69;7;610.0;610.0;610.0;610.0;610.0;610.0;0.0
49;70;7;610.0;610.0;610.0;610.0;610.0;610.0;0.0
49;71;7;610.0;610.0;610.0;610.0;610.0;610.0;0.0
49;72;7;610.0;610.0;610.0;610.0;610.0;610.0;0.0
49;73;7;610.0;610.0;610.0;610.0;610.0;610.0;0.0
49;74;7;610.0;610.0;610.0;610.0;610.0;610.0;0.0
49;75;7;610.0;610.0;610.0;610.0;610.0;610.0;0.0
49;76;7;610.0;610.0;610.0;610.0;610.0;610.0;0.0
49;77;7;610.0;610.0;610.0;610.0;610.0;610.0;0.0
49;78;7;610.0;610.0;610.0;610.0;610.0;610.0;0.0
49;79;7;610.0;610.0;610.0;610.0;610.0;610.0;0.0
49;80;7;610.0;610.0;610.0;610.0;610.0;610.0;0.0
49;81;7;623.0;625.0;633.0;777.5;921.0;711.7;127.7
49;82;7;619.0;622.5;629.0;740.0;884.0;693.9;109.4
49;83;7;610.0;621.0;626.0;735.0;855.0;686.1;102.6
49;84;7;610.0;615.5;625.0;721.0;827.0;676.4;89.7
49;85;7;610.0;610.0;618.0;650.0;688.0;633.7;31.1
49;86;7;610.0;610.0;612.0;660.5;688.0;635.9;33.9
49;87;7;610.0;610.0;610.0;622.5;682.0;623.9;25.0
49;88;7;610.0;610.0;610.0;610.0;610.0;610.0;0.0
49;89;7;610.0;610.0;610.0;610.0;610.0;610.0;0.0
49;90;7;610.0;610.0;610.0;610.0;610.0;610.0;0.0
49;91;7;610.0;610.0;610.0;610.0;610.0;610.0;0.0
49;92;7;610.0;610.0;610.0;610.0;610.0;610.0;0.0
49;93;7;610.0;610.0;610.0;610.0;610.0;610.0;0.0
49;94;7;610.0;610.0;610.0;610.0;610.0;610.0;0.0
49;95;7;610.0;610.0;610.0;610.0;610.0;610.0;0.0
49;96;7;610.0;610.0;610.0;610.0;610.0;610.0;0.0
49;97;7;610.0;610.0;610.0;610.0;610.0;610.0;0.0
49;98;7;610.0;610.0;610.0;610.0;610.0;610.0;0.0
49;99;7;610.0;610.0;610.0;610.0;610.0;610.0;0.0
50;0;7;657.0;1011.5;1202.0;1219.5;1229.0;1078.6;212.9
50;1;7;726.0;931.0;1131.0;1166.0;1174.0;1032.1;189.2
50;2;7;717.0;941.5;1181.0;1181.0;1195.0;1048.3;205.8
50;3;7;717.0;963.0;1148.0;1176.5;1180.0;1046.3;186.3
50;4;7;751.0;959.5;1151.0;1180.5;1198.0;1054.3;182.9
50;5;7;695.0;918.0;1149.0;1179.5;1192.0;1033.0;203.9
50;6;7;684.0;931.5;1138.0;1160.0;1176.0;1025.9;200.9
50;7;7;669.0;917.5;1074.0;1108.0;1118.0;987.4;173.5
50;8;7;685.0;881.5;1093.0;1120.0;1146.0;989.6;189.5
50;9;7;663.0;898.0;1115.0;1121.5;1133.0;992.9;194.3
50;10;7;679.0;885.5;1073.0;1108.5;1133.0;981.9;186.2
50;11;7;662.0;891.5;1060.0;1095.0;1130.0;975.0;180.5
50;12;7;631.0;855.5;1104.0;1112.5;1123.0;970.6;210.2
50;13;7;640.0;830.0;1020.0;1085.0;1104.0;942.0;192.0
50;14;7;634.0;651.0;1007.0;1045.5;1056.0;870.0;195.2
50;15;7;634.0;647.5;1014.0;1063.5;1080.0;878.6;204.9
50;16;7;641.0;668.5;1024.0;1029.0;1044.0;872.0;184.7
50;17;7;635.0;658.0;971.0;977.0;986.0;837.4;162.6
50;18;7;612.0;640.5;902.0;995.0;1016.0;828.7;174.9
50;19;7;639.0;665.5;957.0;965.5;977.0;833.6;153.6
50;20;7;619.0;623.0;928.0;941.5;949.0;803.6;157.7
50;21;7;612.0;628.5;851.0;862.0;875.0;759.9;118.9
50;22;7;618.0;629.0;809.0;837.5;853.0;744.7;104.2
50;23;7;620.0;630.0;826.0;829.5;846.0;744.4;102.2
50;24;7;616.0;631.0;793.0;835.5;859.0;743.0;103.2
50;25;7;618.0;634.5;826.0;857.5;864.0;756.0;110.7
50;26;7;617.0;630.0;728.0;739.5;764.0;692.6;59.0
50;27;7;615.0;629.5;750.0;756.0;766.0;700.3;65.9
50;28;7;617.0;619.5;740.0;759.5;760.0;696.4;67.7
50;29;7;626.0;632.0;717.0;730.5;746.0;687.7;50.6
50;30;7;618.0;624.5;680.0;688.5;698.0;660.3;33.3
50;31;7;611.0;619.0;650.0;667.5;710.0;649.1;33.2
50;32;7;611.0;621.0;673.0;690.0;704.0;658.6;36.8
50;33;7;611.0;621.5;697.0;703.5;708.0;666.6;42.3
50;34;7;619.0;623.5;675.0;697.0;701.0;662.3;35.8
50;35;7;613.0;622.5;672.0;677.5;682.0;652.4;29.0
50;36;7;611.0;616.5;652.0;661.0;667.0;640.7;23.2
50;37;7;611.0;612.0;613.0;613.0;613.0;612.4;0.9
50;38;7;613.0;613.0;613.0;614.0;632.0;616.0;6.6
50;39;7;613.0;613.0;613.0;613.0;613.0;613.0;0.0
50;40;7;613.0;613.0;613.0;613.0;613.0;613.0;0.0
50;41;7;613.0;613.0;613.0;613.0;613.0;613.0;0.0
50;42;7;613.0;613.0;613.0;613.0;613.0;613.0;0.0
50;43;7;613.0;613.0;613.0;613.0;613.0;613.0;0.0
50;44;7;613.0;613.0;613.0;613.0;613.0;613.0;0.0
50;45;7;613.0;613.0;613.0;613.0;613.0;613.0;0.0
50;46;7;613.0;613.0;613.0;613.0;613.0;613.0;0.0
50;47;7;613.0;613.0;613.0;613.0;613.0;613.0;0.0
50;48;7;613.0;613.0;613.0;613.0;613.0;613.0;0.0
50;49;7;613.0;613.0;613.0;613.0;613.0;613.0;0.0
50;50;7;613.0;613.0;613.0;613.0;613.0;613.0;0.0
50;51;7;613.0;613.0;613.0;613.0;613.0;613.0;0.0
50;52;7;613.0;613.0;613.0;613.0;613.0;613.0;0.0
50;53;7;613.0;613.0;613.0;613.0;613.0;613.0;0.0
50;54;7;613.0;613.0;613.0;613.0;613.0;613.0;0.0
50;55;7;613.0;613.0;613.0;613.0;613.0;613.0;0.0
50;56;7;613.0;613.0;613.0;613.0;613.0;613.0;0.0
50;57;7;613.0;613.0;613.0;613.0;613.0;613.0;0.0
50;58;7;613.0;613.0;613.0;613.0;613.0;613.0;0.0
50;59;7;613.0;613.0;613.0;613.0;613.0;613.0;0.0
50;60;7;613.0;613.0;613.0;613.0;613.0;613.0;0.0
50;61;7;613.0;613.0;613.0;613.0;613.0;613.0;0.0
50;62;7;613.0;613.0;613.0;613.0;613.0;613.0;0.0
50;63;7;613.0;613.0;613.0;613.0;613.0;613.0;0.0
50;64;7;613.0;613.0;613.0;613.0;613.0;613.0;0.0
50;65;7;613.0;613.0;613.0;613.0;613.0;613.0;0.0
50;66;7;613.0;613.0;613.0;613.0;613.0;613.0;0.0
50;67;7;613.0;613.0;613.0;613.0;613.0;613.0;0.0
50;68;7;613.0;613.0;613.0;613.0;613.0;613.0;0.0
50;69;7;613.0;613.0;613.0;613.0;613.0;613.0;0.0
50;70;7;613.0;613.0;613.0;613.0;613.0;613.0;0.0
50;71;7;613.0;613.0;613.0;613.0;613.0;613.0;0.0
50;72;7;613.0;613.0;613.0;613.0;613.0;613.0;0.0
50;73;7;613.0;613.0;613.0;613.0;613.0;613.0;0.0
50;74;7;613.0;613.0;613.0;613.0;613.0;613.0;0.0
50;75;7;613.0;613.0;613.0;613.0;613.0;613.0;0.0
50;76;7;613.0;613.0;613.0;613.0;613.0;613.0;0.0
50;77;7;613.0;619.5;631.0;763.0;918.0;703.9;127.9
50;78;7;612.0;618.5;625.0;741.0;876.0;690.3;109.6
50;79;7;612.0;616.5;621.0;716.0;815.0;673.3;86.6
50;80;7;612.0;616.5;625.0;695.0;756.0;659.4;60.6
50;81;7;610.0;614.0;615.0;680.5;742.0;650.9;56.8
50;82;7;612.0;613.0;620.0;715.0;804.0;670.3;81.3
50;83;7;611.0;613.0;614.0;634.0;675.0;627.7;23.7
50;84;7;613.0;613.0;614.0;672.0;739.0;648.0;53.3
50;85;7;613.0;613.0;613.0;613.0;613.0;613.0;0.0
50;86;7;613.0;613.0;613.0;613.0;613.0;613.0;0.0
50;87;7;613.0;613.0;613.0;613.0;613.0;613.0;0.0
50;88;7;613.0;613.0;613.0;613.0;613.0;613.0;0.0
50;89;7;613.0;613.0;613.0;613.0;613.0;613.0;0.0
50;90;7;613.0;613.0;613.0;613.0;613.0;613.0;0.0
50;91;7;613.0;613.0;613.0;613.0;613.0;613.0;0.0
50;92;7;613.0;613.0;613.0;613.0;613.0;613.0;0.0
50;93;7;613.0;613.0;613.0;613.0;613.0;613.0;0.0
50;94;7;613.0;613.0;613.0;613.0;613.0;613.0;0.0
50;95;7;613.0;613.0;613.0;613.0;613.0;613.0;0.0
50;96;7;613.0;613.0;613.0;613.0;613.0;613.0;0.0
50;97;7;613.0;613.0;613.0;613.0;613.0;613.0;0.0
50;98;7;613.0;613.0;613.0;613.0;613.0;613.0;0.0
50;99;7;613.0;613.0;613.0;613.0;613.0;613.0;0.0
