param;value
filename;./inputData/BrasilMG30n.car
base_seed;1
nRuns;51
iterations;150
antsN;50
stagnation;30
favorites;20
gbPeriod;0
rhoNodes;0.1
rhoCars;0.1
rhoPass;0.1
alphaNodes;1.5
alphaCars;1.5
alphaPass;1.5
betaNodes;1.2
betaCars;1.2
betaPass;1.1
maxMinCars;0
maxMinNodes;0
pBestCars;0
useTBAS;0
sampleCars;1
enforceNoRerent;1
returnFactorCars;0
epsilonEtaCars;1e-06
smGammaCars;0.7
restartTargetCars;mid
exploreCars;0
exploreItersCars;20
exploreRhoMultCars;2
policyQ0;0.1
adaptiveQ0;1
q0Start;0.2
q0End;0.9
eliteKAnts;7
lsTopW;0
lsQuality;High
useReinsertion;0
reinsertionMaxPasses;5
dpCacheCapacity;5000
dpMaxSegmentLenOffset;5
intensifierEnabled;1
intensifierMaxStagnationIterations;3
intensifierResetPheromonesCount;2
intensifierPheromoneReductionGamma;0.3
intensifierArchiveAndResetBest;1
ablationDisableAntDepositsDuringIntensification;0
ablationResetPheromonesOnIntensifierActivation;0
ablationIntensifierOnlyNoAnts;1
ablationIntensifierOnlyRandomInitialTour;1
runSeeds;run0=9176377229071207081,run1=76241568449944305,run2=11569656429252920891,run3=8006770736520076435,run4=10222608011239175760,run5=83674907983555125,run6=16633518659454552880,run7=3348662810425028053,run8=1625020296661546126,run9=8722260422266777814,run10=18422523289718600251,run11=12120595211417451604,run12=11180516292616150398,run13=13235578871255005297,run14=17784125318686945540,run15=15956506419893335137,run16=2899130862535483918,run17=11850605890185619915,run18=13353388233111958045,run19=6644193456908987648,run20=9748498986499756733,run21=9610614758425770644,run22=16467222360164019310,run23=11726302834367551336,run24=8896860786397106362,run25=6737285527070588895,run26=11634350522773239934,run27=7808547232002136844,run28=3287009989320200796,run29=8484872300069380217,run30=8138020970177873692,run31=16735953543485209995,run32=957827445528146549,run33=9178821638437730898,run34=2354512119315649564,run35=10160966691791677292,run36=27474500062045820,run37=7844575079918988844,run38=15524044195614787644,run39=4980590106503615414,run40=3943098024137922559,run41=141425323448007506,run42=16001952662412044218,run43=6069959457317431616,run44=2033442876187297925,run45=7223543130371895193,run46=4350234967155519396,run47=10524526614539617298,run48=3004527168784687515,run49=3975454624479931874,run50=1666912681748276242
stagnationEvents;run0=4,run1=3,run2=4,run3=4,run4=4,run5=4,run6=4,run7=4,run8=4,run9=4,run10=4,run11=4,run12=4,run13=4,run14=4,run15=4,run16=4,run17=4,run18=4,run19=4,run20=4,run21=4,run22=4,run23=4,run24=4,run25=4,run26=4,run27=4,run28=4,run29=4,run30=4,run31=4,run32=4,run33=4,run34=4,run35=4,run36=4,run37=4,run38=4,run39=4,run40=4,run41=4,run42=4,run43=4,run44=4,run45=4,run46=4,run47=4,run48=3,run49=4,run50=4
lkCalls;run0=4,run1=3,run2=4,run3=4,run4=4,run5=4,run6=4,run7=4,run8=4,run9=4,run10=4,run11=4,run12=4,run13=4,run14=4,run15=4,run16=4,run17=4,run18=4,run19=4,run20=4,run21=4,run22=4,run23=4,run24=4,run25=4,run26=4,run27=4,run28=4,run29=4,run30=4,run31=4,run32=4,run33=4,run34=4,run35=4,run36=4,run37=4,run38=4,run39=4,run40=4,run41=4,run42=4,run43=4,run44=4,run45=4,run46=4,run47=4,run48=3,run49=4,run50=4
lkSuccess;run0=0,run1=1,run2=1,run3=0,run4=0,run5=1,run6=0,run7=0,run8=0,run9=0,run10=0,run11=0,run12=1,run13=0,run14=1,run15=0,run16=1,run17=1,run18=0,run19=1,run20=1,run21=1,run22=0,run23=0,run24=1,run25=1,run26=0,run27=1,run28=0,run29=1,run30=0,run31=1,run32=1,run33=1,run34=0,run35=0,run36=0,run37=0,run38=1,run39=0,run40=0,run41=0,run42=1,run43=0,run44=1,run45=0,run46=0,run47=0,run48=1,run49=0,run50=0
tOptCalls;run0=0,run1=0,run2=0,run3=0,run4=0,run5=0,run6=0,run7=0,run8=0,run9=0,run10=0,run11=0,run12=0,run13=0,run14=0,run15=0,run16=0,run17=0,run18=0,run19=0,run20=0,run21=0,run22=0,run23=0,run24=0,run25=0,run26=0,run27=0,run28=0,run29=0,run30=0,run31=0,run32=0,run33=0,run34=0,run35=0,run36=0,run37=0,run38=0,run39=0,run40=0,run41=0,run42=0,run43=0,run44=0,run45=0,run46=0,run47=0,run48=0,run49=0,run50=0
tOptSuccess;run0=0,run1=0,run2=0,run3=0,run4=0,run5=0,run6=0,run7=0,run8=0,run9=0,run10=0,run11=0,run12=0,run13=0,run14=0,run15=0,run16=0,run17=0,run18=0,run19=0,run20=0,run21=0,run22=0,run23=0,run24=0,run25=0,run26=0,run27=0,run28=0,run29=0,run30=0,run31=0,run32=0,run33=0,run34=0,run35=0,run36=0,run37=0,run38=0,run39=0,run40=0,run41=0,run42=0,run43=0,run44=0,run45=0,run46=0,run47=0,run48=0,run49=0,run50=0
kickCalls;run0=4,run1=2,run2=3,run3=4,run4=4,run5=3,run6=4,run7=4,run8=4,run9=4,run10=4,run11=4,run12=3,run13=4,run14=3,run15=4,run16=3,run17=3,run18=4,run19=3,run20=3,run21=3,run22=4,run23=4,run24=3,run25=3,run26=4,run27=3,run28=4,run29=3,run30=4,run31=3,run32=3,run33=3,run34=4,run35=4,run36=4,run37=4,run38=3,run39=4,run40=4,run41=4,run42=3,run43=4,run44=3,run45=4,run46=4,run47=4,run48=2,run49=4,run50=4
kickSuccess;run0=1,run1=2,run2=1,run3=1,run4=2,run5=2,run6=1,run7=0,run8=1,run9=1,run10=0,run11=2,run12=1,run13=1,run14=1,run15=1,run16=0,run17=0,run18=1,run19=0,run20=1,run21=1,run22=0,run23=1,run24=0,run25=1,run26=0,run27=0,run28=1,run29=1,run30=1,run31=1,run32=0,run33=0,run34=0,run35=1,run36=0,run37=2,run38=1,run39=0,run40=1,run41=0,run42=1,run43=2,run44=0,run45=2,run46=0,run47=1,run48=2,run49=1,run50=1
cacheEvalHitRate;run0=0.00%,run1=2.94%,run2=0.00%,run3=0.00%,run4=0.00%,run5=0.00%,run6=0.00%,run7=0.00%,run8=0.00%,run9=10.00%,run10=0.00%,run11=0.00%,run12=11.11%,run13=0.00%,run14=16.67%,run15=0.00%,run16=0.00%,run17=0.00%,run18=0.00%,run19=0.00%,run20=0.00%,run21=0.00%,run22=0.00%,run23=0.00%,run24=0.00%,run25=0.00%,run26=0.00%,run27=0.00%,run28=0.00%,run29=0.00%,run30=0.00%,run31=4.35%,run32=0.00%,run33=0.00%,run34=0.00%,run35=0.00%,run36=0.00%,run37=0.00%,run38=0.00%,run39=0.00%,run40=14.29%,run41=0.00%,run42=0.00%,run43=0.00%,run44=0.00%,run45=14.29%,run46=0.00%,run47=0.00%,run48=0.00%,run49=7.69%,run50=0.00%
cacheReasHitRate;run0=79.33%,run1=80.79%,run2=97.56%,run3=95.20%,run4=67.11%,run5=81.53%,run6=67.28%,run7=97.86%,run8=87.03%,run9=95.51%,run10=97.86%,run11=43.19%,run12=95.48%,run13=81.53%,run14=96.96%,run15=95.48%,run16=97.85%,run17=97.85%,run18=96.67%,run19=97.85%,run20=66.93%,run21=54.32%,run22=97.56%,run23=95.48%,run24=97.85%,run25=54.07%,run26=98.17%,run27=97.85%,run28=81.82%,run29=81.48%,run30=70.74%,run31=87.61%,run32=98.16%,run33=98.16%,run34=98.17%,run35=89.50%,run36=97.86%,run37=81.59%,run38=86.21%,run39=98.17%,run40=96.98%,run41=97.86%,run42=93.71%,run43=75.75%,run44=97.85%,run45=96.97%,run46=98.17%,run47=81.53%,run48=79.55%,run49=93.47%,run50=87.03%
lkSuccessRate;run0=0.00% (cache:0.0%),run1=33.33% (cache:2.9%),run2=25.00% (cache:0.0%),run3=0.00% (cache:0.0%),run4=0.00% (cache:0.0%),run5=25.00% (cache:0.0%),run6=0.00% (cache:0.0%),run7=0.00% (cache:0.0%),run8=0.00% (cache:0.0%),run9=0.00% (cache:10.0%),run10=0.00% (cache:0.0%),run11=0.00% (cache:0.0%),run12=25.00% (cache:11.1%),run13=0.00% (cache:0.0%),run14=25.00% (cache:16.7%),run15=0.00% (cache:0.0%),run16=25.00% (cache:0.0%),run17=25.00% (cache:0.0%),run18=0.00% (cache:0.0%),run19=25.00% (cache:0.0%),run20=25.00% (cache:0.0%),run21=25.00% (cache:0.0%),run22=0.00% (cache:0.0%),run23=0.00% (cache:0.0%),run24=25.00% (cache:0.0%),run25=25.00% (cache:0.0%),run26=0.00% (cache:0.0%),run27=25.00% (cache:0.0%),run28=0.00% (cache:0.0%),run29=25.00% (cache:0.0%),run30=0.00% (cache:0.0%),run31=25.00% (cache:4.3%),run32=25.00% (cache:0.0%),run33=25.00% (cache:0.0%),run34=0.00% (cache:0.0%),run35=0.00% (cache:0.0%),run36=0.00% (cache:0.0%),run37=0.00% (cache:0.0%),run38=25.00% (cache:0.0%),run39=0.00% (cache:0.0%),run40=0.00% (cache:14.3%),run41=0.00% (cache:0.0%),run42=25.00% (cache:0.0%),run43=0.00% (cache:0.0%),run44=25.00% (cache:0.0%),run45=0.00% (cache:14.3%),run46=0.00% (cache:0.0%),run47=0.00% (cache:0.0%),run48=33.33% (cache:0.0%),run49=0.00% (cache:7.7%),run50=0.00% (cache:0.0%)
tOptSuccessRate;run0=N/A,run1=N/A,run2=N/A,run3=N/A,run4=N/A,run5=N/A,run6=N/A,run7=N/A,run8=N/A,run9=N/A,run10=N/A,run11=N/A,run12=N/A,run13=N/A,run14=N/A,run15=N/A,run16=N/A,run17=N/A,run18=N/A,run19=N/A,run20=N/A,run21=N/A,run22=N/A,run23=N/A,run24=N/A,run25=N/A,run26=N/A,run27=N/A,run28=N/A,run29=N/A,run30=N/A,run31=N/A,run32=N/A,run33=N/A,run34=N/A,run35=N/A,run36=N/A,run37=N/A,run38=N/A,run39=N/A,run40=N/A,run41=N/A,run42=N/A,run43=N/A,run44=N/A,run45=N/A,run46=N/A,run47=N/A,run48=N/A,run49=N/A,run50=N/A

run;iter;weibull_k;cost_std;cost_range;cost_mean;cost_cv;global_best;improved;cumul_improvements
0;0;nan;0.0;0.0;280.0;0.0;277.0;1;1
0;1;nan;0.0;0.0;277.0;0.0;277.0;0;1
0;2;nan;0.0;0.0;277.0;0.0;277.0;0;1
0;3;nan;0.0;0.0;277.0;0.0;277.0;0;1
0;4;nan;0.0;0.0;277.0;0.0;277.0;0;1
0;5;nan;0.0;0.0;277.0;0.0;277.0;0;1
0;6;nan;0.0;0.0;277.0;0.0;277.0;0;1
0;7;nan;0.0;0.0;277.0;0.0;277.0;0;1
0;8;nan;0.0;0.0;277.0;0.0;277.0;0;1
0;9;nan;0.0;0.0;277.0;0.0;277.0;0;1
0;10;nan;0.0;0.0;277.0;0.0;277.0;0;1
0;11;nan;0.0;0.0;277.0;0.0;277.0;0;1
0;12;nan;0.0;0.0;277.0;0.0;277.0;0;1
0;13;nan;0.0;0.0;277.0;0.0;277.0;0;1
0;14;nan;0.0;0.0;277.0;0.0;277.0;0;1
0;15;nan;0.0;0.0;277.0;0.0;277.0;0;1
0;16;nan;0.0;0.0;277.0;0.0;277.0;0;1
0;17;nan;0.0;0.0;277.0;0.0;277.0;0;1
0;18;nan;0.0;0.0;277.0;0.0;277.0;0;1
0;19;nan;0.0;0.0;277.0;0.0;277.0;0;1
0;20;nan;0.0;0.0;277.0;0.0;277.0;0;1
0;21;nan;0.0;0.0;277.0;0.0;277.0;0;1
0;22;nan;0.0;0.0;277.0;0.0;277.0;0;1
0;23;nan;0.0;0.0;277.0;0.0;277.0;0;1
0;24;nan;0.0;0.0;277.0;0.0;277.0;0;1
0;25;nan;0.0;0.0;277.0;0.0;277.0;0;1
0;26;nan;0.0;0.0;277.0;0.0;277.0;0;1
0;27;nan;0.0;0.0;277.0;0.0;277.0;0;1
0;28;nan;0.0;0.0;277.0;0.0;277.0;0;1
0;29;nan;0.0;0.0;277.0;0.0;277.0;0;1
0;30;nan;0.0;0.0;276.0;0.0;276.0;1;2
0;31;nan;0.0;0.0;279.0;0.0;276.0;0;2
0;32;nan;0.0;0.0;299.0;0.0;276.0;0;2
0;33;nan;0.0;0.0;277.0;0.0;276.0;0;2
0;34;nan;0.0;0.0;308.0;0.0;276.0;0;2
0;35;nan;0.0;0.0;282.0;0.0;276.0;0;2
0;36;nan;0.0;0.0;288.0;0.0;276.0;0;2
0;37;nan;0.0;0.0;284.0;0.0;276.0;0;2
0;38;nan;0.0;0.0;289.0;0.0;276.0;0;2
0;39;nan;0.0;0.0;280.0;0.0;276.0;0;2
0;40;nan;0.0;0.0;298.0;0.0;276.0;0;2
0;41;nan;0.0;0.0;278.0;0.0;276.0;0;2
0;42;nan;0.0;0.0;285.0;0.0;276.0;0;2
0;43;nan;0.0;0.0;289.0;0.0;276.0;0;2
0;44;nan;0.0;0.0;285.0;0.0;276.0;0;2
0;45;nan;0.0;0.0;277.0;0.0;276.0;0;2
0;46;nan;0.0;0.0;280.0;0.0;276.0;0;2
0;47;nan;0.0;0.0;285.0;0.0;276.0;0;2
0;48;nan;0.0;0.0;299.0;0.0;276.0;0;2
0;49;nan;0.0;0.0;282.0;0.0;276.0;0;2
0;50;nan;0.0;0.0;283.0;0.0;276.0;0;2
0;51;nan;0.0;0.0;290.0;0.0;276.0;0;2
0;52;nan;0.0;0.0;301.0;0.0;276.0;0;2
0;53;nan;0.0;0.0;287.0;0.0;276.0;0;2
0;54;nan;0.0;0.0;293.0;0.0;276.0;0;2
0;55;nan;0.0;0.0;288.0;0.0;276.0;0;2
0;56;nan;0.0;0.0;300.0;0.0;276.0;0;2
0;57;nan;0.0;0.0;279.0;0.0;276.0;0;2
0;58;nan;0.0;0.0;293.0;0.0;276.0;0;2
0;59;nan;0.0;0.0;286.0;0.0;276.0;0;2
0;60;nan;0.0;0.0;277.0;0.0;276.0;0;2
0;61;nan;0.0;0.0;291.0;0.0;276.0;0;2
0;62;nan;0.0;0.0;282.0;0.0;276.0;0;2
0;63;nan;0.0;0.0;274.0;0.0;274.0;1;3
0;64;nan;0.0;0.0;274.0;0.0;274.0;0;3
0;65;nan;0.0;0.0;274.0;0.0;274.0;0;3
0;66;nan;0.0;0.0;274.0;0.0;274.0;0;3
0;67;nan;0.0;0.0;274.0;0.0;274.0;0;3
0;68;nan;0.0;0.0;274.0;0.0;274.0;0;3
0;69;nan;0.0;0.0;274.0;0.0;274.0;0;3
0;70;nan;0.0;0.0;274.0;0.0;274.0;0;3
0;71;nan;0.0;0.0;274.0;0.0;274.0;0;3
0;72;nan;0.0;0.0;274.0;0.0;274.0;0;3
0;73;nan;0.0;0.0;274.0;0.0;274.0;0;3
0;74;nan;0.0;0.0;274.0;0.0;274.0;0;3
0;75;nan;0.0;0.0;274.0;0.0;274.0;0;3
0;76;nan;0.0;0.0;274.0;0.0;274.0;0;3
0;77;nan;0.0;0.0;274.0;0.0;274.0;0;3
0;78;nan;0.0;0.0;274.0;0.0;274.0;0;3
0;79;nan;0.0;0.0;274.0;0.0;274.0;0;3
0;80;nan;0.0;0.0;274.0;0.0;274.0;0;3
0;81;nan;0.0;0.0;274.0;0.0;274.0;0;3
0;82;nan;0.0;0.0;274.0;0.0;274.0;0;3
0;83;nan;0.0;0.0;274.0;0.0;274.0;0;3
0;84;nan;0.0;0.0;274.0;0.0;274.0;0;3
0;85;nan;0.0;0.0;274.0;0.0;274.0;0;3
0;86;nan;0.0;0.0;274.0;0.0;274.0;0;3
0;87;nan;0.0;0.0;274.0;0.0;274.0;0;3
0;88;nan;0.0;0.0;274.0;0.0;274.0;0;3
0;89;nan;0.0;0.0;274.0;0.0;274.0;0;3
0;90;nan;0.0;0.0;274.0;0.0;274.0;0;3
0;91;nan;0.0;0.0;274.0;0.0;274.0;0;3
0;92;nan;0.0;0.0;274.0;0.0;274.0;0;3
0;93;nan;0.0;0.0;274.0;0.0;274.0;0;3
0;94;nan;0.0;0.0;274.0;0.0;274.0;0;3
0;95;nan;0.0;0.0;274.0;0.0;274.0;0;3
0;96;nan;0.0;0.0;274.0;0.0;274.0;0;3
0;97;nan;0.0;0.0;274.0;0.0;274.0;0;3
0;98;nan;0.0;0.0;274.0;0.0;274.0;0;3
0;99;nan;0.0;0.0;274.0;0.0;274.0;0;3
0;100;nan;0.0;0.0;274.0;0.0;274.0;0;3
0;101;nan;0.0;0.0;274.0;0.0;274.0;0;3
0;102;nan;0.0;0.0;274.0;0.0;274.0;0;3
0;103;nan;0.0;0.0;274.0;0.0;274.0;0;3
0;104;nan;0.0;0.0;274.0;0.0;274.0;0;3
0;105;nan;0.0;0.0;274.0;0.0;274.0;0;3
0;106;nan;0.0;0.0;274.0;0.0;274.0;0;3
0;107;nan;0.0;0.0;274.0;0.0;274.0;0;3
0;108;nan;0.0;0.0;274.0;0.0;274.0;0;3
0;109;nan;0.0;0.0;274.0;0.0;274.0;0;3
0;110;nan;0.0;0.0;274.0;0.0;274.0;0;3
0;111;nan;0.0;0.0;274.0;0.0;274.0;0;3
0;112;nan;0.0;0.0;274.0;0.0;274.0;0;3
0;113;nan;0.0;0.0;274.0;0.0;274.0;0;3
0;114;nan;0.0;0.0;274.0;0.0;274.0;0;3
0;115;nan;0.0;0.0;274.0;0.0;274.0;0;3
0;116;nan;0.0;0.0;274.0;0.0;274.0;0;3
0;117;nan;0.0;0.0;274.0;0.0;274.0;0;3
0;118;nan;0.0;0.0;274.0;0.0;274.0;0;3
0;119;nan;0.0;0.0;274.0;0.0;274.0;0;3
0;120;nan;0.0;0.0;274.0;0.0;274.0;0;3
0;121;nan;0.0;0.0;274.0;0.0;274.0;0;3
0;122;nan;0.0;0.0;274.0;0.0;274.0;0;3
0;123;nan;0.0;0.0;274.0;0.0;274.0;0;3
0;124;nan;0.0;0.0;274.0;0.0;274.0;0;3
0;125;nan;0.0;0.0;274.0;0.0;274.0;0;3
0;126;nan;0.0;0.0;274.0;0.0;274.0;0;3
0;127;nan;0.0;0.0;274.0;0.0;274.0;0;3
0;128;nan;0.0;0.0;274.0;0.0;274.0;0;3
0;129;nan;0.0;0.0;274.0;0.0;274.0;0;3
0;130;nan;0.0;0.0;274.0;0.0;274.0;0;3
0;131;nan;0.0;0.0;274.0;0.0;274.0;0;3
0;132;nan;0.0;0.0;274.0;0.0;274.0;0;3
0;133;nan;0.0;0.0;274.0;0.0;274.0;0;3
0;134;nan;0.0;0.0;274.0;0.0;274.0;0;3
0;135;nan;0.0;0.0;274.0;0.0;274.0;0;3
0;136;nan;0.0;0.0;274.0;0.0;274.0;0;3
0;137;nan;0.0;0.0;274.0;0.0;274.0;0;3
0;138;nan;0.0;0.0;274.0;0.0;274.0;0;3
0;139;nan;0.0;0.0;274.0;0.0;274.0;0;3
0;140;nan;0.0;0.0;274.0;0.0;274.0;0;3
0;141;nan;0.0;0.0;274.0;0.0;274.0;0;3
0;142;nan;0.0;0.0;274.0;0.0;274.0;0;3
0;143;nan;0.0;0.0;274.0;0.0;274.0;0;3
0;144;nan;0.0;0.0;274.0;0.0;274.0;0;3
0;145;nan;0.0;0.0;274.0;0.0;274.0;0;3
0;146;nan;0.0;0.0;274.0;0.0;274.0;0;3
0;147;nan;0.0;0.0;274.0;0.0;274.0;0;3
0;148;nan;0.0;0.0;274.0;0.0;274.0;0;3
0;149;nan;0.0;0.0;274.0;0.0;274.0;0;3
1;0;nan;0.0;0.0;293.0;0.0;281.0;1;1
1;1;nan;0.0;0.0;279.0;0.0;279.0;1;2
1;2;nan;0.0;0.0;279.0;0.0;279.0;0;2
1;3;nan;0.0;0.0;279.0;0.0;279.0;0;2
1;4;nan;0.0;0.0;279.0;0.0;279.0;0;2
1;5;nan;0.0;0.0;279.0;0.0;279.0;0;2
1;6;nan;0.0;0.0;279.0;0.0;279.0;0;2
1;7;nan;0.0;0.0;279.0;0.0;279.0;0;2
1;8;nan;0.0;0.0;279.0;0.0;279.0;0;2
1;9;nan;0.0;0.0;279.0;0.0;279.0;0;2
1;10;nan;0.0;0.0;279.0;0.0;279.0;0;2
1;11;nan;0.0;0.0;279.0;0.0;279.0;0;2
1;12;nan;0.0;0.0;279.0;0.0;279.0;0;2
1;13;nan;0.0;0.0;279.0;0.0;279.0;0;2
1;14;nan;0.0;0.0;279.0;0.0;279.0;0;2
1;15;nan;0.0;0.0;279.0;0.0;279.0;0;2
1;16;nan;0.0;0.0;279.0;0.0;279.0;0;2
1;17;nan;0.0;0.0;279.0;0.0;279.0;0;2
1;18;nan;0.0;0.0;279.0;0.0;279.0;0;2
1;19;nan;0.0;0.0;279.0;0.0;279.0;0;2
1;20;nan;0.0;0.0;279.0;0.0;279.0;0;2
1;21;nan;0.0;0.0;279.0;0.0;279.0;0;2
1;22;nan;0.0;0.0;279.0;0.0;279.0;0;2
1;23;nan;0.0;0.0;279.0;0.0;279.0;0;2
1;24;nan;0.0;0.0;279.0;0.0;279.0;0;2
1;25;nan;0.0;0.0;279.0;0.0;279.0;0;2
1;26;nan;0.0;0.0;279.0;0.0;279.0;0;2
1;27;nan;0.0;0.0;279.0;0.0;279.0;0;2
1;28;nan;0.0;0.0;279.0;0.0;279.0;0;2
1;29;nan;0.0;0.0;279.0;0.0;279.0;0;2
1;30;nan;0.0;0.0;279.0;0.0;279.0;0;2
1;31;nan;0.0;0.0;277.0;0.0;277.0;1;3
1;32;nan;0.0;0.0;277.0;0.0;277.0;0;3
1;33;nan;0.0;0.0;277.0;0.0;277.0;0;3
1;34;nan;0.0;0.0;277.0;0.0;277.0;0;3
1;35;nan;0.0;0.0;277.0;0.0;277.0;0;3
1;36;nan;0.0;0.0;277.0;0.0;277.0;0;3
1;37;nan;0.0;0.0;277.0;0.0;277.0;0;3
1;38;nan;0.0;0.0;277.0;0.0;277.0;0;3
1;39;nan;0.0;0.0;277.0;0.0;277.0;0;3
1;40;nan;0.0;0.0;277.0;0.0;277.0;0;3
1;41;nan;0.0;0.0;277.0;0.0;277.0;0;3
1;42;nan;0.0;0.0;277.0;0.0;277.0;0;3
1;43;nan;0.0;0.0;277.0;0.0;277.0;0;3
1;44;nan;0.0;0.0;277.0;0.0;277.0;0;3
1;45;nan;0.0;0.0;277.0;0.0;277.0;0;3
1;46;nan;0.0;0.0;277.0;0.0;277.0;0;3
1;47;nan;0.0;0.0;277.0;0.0;277.0;0;3
1;48;nan;0.0;0.0;277.0;0.0;277.0;0;3
1;49;nan;0.0;0.0;277.0;0.0;277.0;0;3
1;50;nan;0.0;0.0;277.0;0.0;277.0;0;3
1;51;nan;0.0;0.0;277.0;0.0;277.0;0;3
1;52;nan;0.0;0.0;277.0;0.0;277.0;0;3
1;53;nan;0.0;0.0;277.0;0.0;277.0;0;3
1;54;nan;0.0;0.0;277.0;0.0;277.0;0;3
1;55;nan;0.0;0.0;277.0;0.0;277.0;0;3
1;56;nan;0.0;0.0;277.0;0.0;277.0;0;3
1;57;nan;0.0;0.0;277.0;0.0;277.0;0;3
1;58;nan;0.0;0.0;277.0;0.0;277.0;0;3
1;59;nan;0.0;0.0;277.0;0.0;277.0;0;3
1;60;nan;0.0;0.0;277.0;0.0;277.0;0;3
1;61;nan;0.0;0.0;276.0;0.0;276.0;1;4
1;62;nan;0.0;0.0;300.0;0.0;276.0;0;4
1;63;nan;0.0;0.0;285.0;0.0;276.0;0;4
1;64;nan;0.0;0.0;283.0;0.0;276.0;0;4
1;65;nan;0.0;0.0;296.0;0.0;276.0;0;4
1;66;nan;0.0;0.0;283.0;0.0;276.0;0;4
1;67;nan;0.0;0.0;277.0;0.0;276.0;0;4
1;68;nan;0.0;0.0;326.0;0.0;276.0;0;4
1;69;nan;0.0;0.0;303.0;0.0;276.0;0;4
1;70;nan;0.0;0.0;345.0;0.0;276.0;0;4
1;71;nan;0.0;0.0;279.0;0.0;276.0;0;4
1;72;nan;0.0;0.0;295.0;0.0;276.0;0;4
1;73;nan;0.0;0.0;313.0;0.0;276.0;0;4
1;74;nan;0.0;0.0;284.0;0.0;276.0;0;4
1;75;nan;0.0;0.0;297.0;0.0;276.0;0;4
1;76;nan;0.0;0.0;283.0;0.0;276.0;0;4
1;77;nan;0.0;0.0;286.0;0.0;276.0;0;4
1;78;nan;0.0;0.0;278.0;0.0;276.0;0;4
1;79;nan;0.0;0.0;288.0;0.0;276.0;0;4
1;80;nan;0.0;0.0;287.0;0.0;276.0;0;4
1;81;nan;0.0;0.0;287.0;0.0;276.0;0;4
1;82;nan;0.0;0.0;288.0;0.0;276.0;0;4
1;83;nan;0.0;0.0;296.0;0.0;276.0;0;4
1;84;nan;0.0;0.0;298.0;0.0;276.0;0;4
1;85;nan;0.0;0.0;285.0;0.0;276.0;0;4
1;86;nan;0.0;0.0;284.0;0.0;276.0;0;4
1;87;nan;0.0;0.0;285.0;0.0;276.0;0;4
1;88;nan;0.0;0.0;300.0;0.0;276.0;0;4
1;89;nan;0.0;0.0;286.0;0.0;276.0;0;4
1;90;nan;0.0;0.0;299.0;0.0;276.0;0;4
1;91;nan;0.0;0.0;275.0;0.0;276.0;1;5
1;92;nan;0.0;0.0;274.0;0.0;274.0;0;5
1;93;nan;0.0;0.0;274.0;0.0;274.0;0;5
1;94;nan;0.0;0.0;274.0;0.0;274.0;0;5
1;95;nan;0.0;0.0;274.0;0.0;274.0;0;5
1;96;nan;0.0;0.0;274.0;0.0;274.0;0;5
1;97;nan;0.0;0.0;274.0;0.0;274.0;0;5
1;98;nan;0.0;0.0;274.0;0.0;274.0;0;5
1;99;nan;0.0;0.0;274.0;0.0;274.0;0;5
1;100;nan;0.0;0.0;274.0;0.0;274.0;0;5
1;101;nan;0.0;0.0;274.0;0.0;274.0;0;5
1;102;nan;0.0;0.0;274.0;0.0;274.0;0;5
1;103;nan;0.0;0.0;274.0;0.0;274.0;0;5
1;104;nan;0.0;0.0;274.0;0.0;274.0;0;5
1;105;nan;0.0;0.0;274.0;0.0;274.0;0;5
1;106;nan;0.0;0.0;274.0;0.0;274.0;0;5
1;107;nan;0.0;0.0;274.0;0.0;274.0;0;5
1;108;nan;0.0;0.0;274.0;0.0;274.0;0;5
1;109;nan;0.0;0.0;274.0;0.0;274.0;0;5
1;110;nan;0.0;0.0;274.0;0.0;274.0;0;5
1;111;nan;0.0;0.0;274.0;0.0;274.0;0;5
1;112;nan;0.0;0.0;274.0;0.0;274.0;0;5
1;113;nan;0.0;0.0;274.0;0.0;274.0;0;5
1;114;nan;0.0;0.0;274.0;0.0;274.0;0;5
1;115;nan;0.0;0.0;274.0;0.0;274.0;0;5
1;116;nan;0.0;0.0;274.0;0.0;274.0;0;5
1;117;nan;0.0;0.0;274.0;0.0;274.0;0;5
1;118;nan;0.0;0.0;274.0;0.0;274.0;0;5
1;119;nan;0.0;0.0;274.0;0.0;274.0;0;5
1;120;nan;0.0;0.0;274.0;0.0;274.0;0;5
1;121;nan;0.0;0.0;274.0;0.0;274.0;0;5
1;122;nan;0.0;0.0;273.0;0.0;273.0;1;6
1;123;nan;0.0;0.0;273.0;0.0;273.0;0;6
1;124;nan;0.0;0.0;273.0;0.0;273.0;0;6
1;125;nan;0.0;0.0;273.0;0.0;273.0;0;6
1;126;nan;0.0;0.0;273.0;0.0;273.0;0;6
1;127;nan;0.0;0.0;273.0;0.0;273.0;0;6
1;128;nan;0.0;0.0;273.0;0.0;273.0;0;6
1;129;nan;0.0;0.0;273.0;0.0;273.0;0;6
1;130;nan;0.0;0.0;273.0;0.0;273.0;0;6
1;131;nan;0.0;0.0;273.0;0.0;273.0;0;6
1;132;nan;0.0;0.0;273.0;0.0;273.0;0;6
1;133;nan;0.0;0.0;273.0;0.0;273.0;0;6
1;134;nan;0.0;0.0;273.0;0.0;273.0;0;6
1;135;nan;0.0;0.0;273.0;0.0;273.0;0;6
1;136;nan;0.0;0.0;273.0;0.0;273.0;0;6
1;137;nan;0.0;0.0;273.0;0.0;273.0;0;6
1;138;nan;0.0;0.0;273.0;0.0;273.0;0;6
1;139;nan;0.0;0.0;273.0;0.0;273.0;0;6
1;140;nan;0.0;0.0;273.0;0.0;273.0;0;6
1;141;nan;0.0;0.0;273.0;0.0;273.0;0;6
1;142;nan;0.0;0.0;273.0;0.0;273.0;0;6
1;143;nan;0.0;0.0;273.0;0.0;273.0;0;6
1;144;nan;0.0;0.0;273.0;0.0;273.0;0;6
1;145;nan;0.0;0.0;273.0;0.0;273.0;0;6
1;146;nan;0.0;0.0;273.0;0.0;273.0;0;6
1;147;nan;0.0;0.0;273.0;0.0;273.0;0;6
1;148;nan;0.0;0.0;273.0;0.0;273.0;0;6
1;149;nan;0.0;0.0;273.0;0.0;273.0;0;6
2;0;nan;0.0;0.0;288.0;0.0;288.0;1;1
2;1;nan;0.0;0.0;288.0;0.0;288.0;0;1
2;2;nan;0.0;0.0;288.0;0.0;288.0;0;1
2;3;nan;0.0;0.0;288.0;0.0;288.0;0;1
2;4;nan;0.0;0.0;288.0;0.0;288.0;0;1
2;5;nan;0.0;0.0;288.0;0.0;288.0;0;1
2;6;nan;0.0;0.0;288.0;0.0;288.0;0;1
2;7;nan;0.0;0.0;288.0;0.0;288.0;0;1
2;8;nan;0.0;0.0;288.0;0.0;288.0;0;1
2;9;nan;0.0;0.0;288.0;0.0;288.0;0;1
2;10;nan;0.0;0.0;288.0;0.0;288.0;0;1
2;11;nan;0.0;0.0;288.0;0.0;288.0;0;1
2;12;nan;0.0;0.0;288.0;0.0;288.0;0;1
2;13;nan;0.0;0.0;288.0;0.0;288.0;0;1
2;14;nan;0.0;0.0;288.0;0.0;288.0;0;1
2;15;nan;0.0;0.0;288.0;0.0;288.0;0;1
2;16;nan;0.0;0.0;288.0;0.0;288.0;0;1
2;17;nan;0.0;0.0;288.0;0.0;288.0;0;1
2;18;nan;0.0;0.0;288.0;0.0;288.0;0;1
2;19;nan;0.0;0.0;288.0;0.0;288.0;0;1
2;20;nan;0.0;0.0;288.0;0.0;288.0;0;1
2;21;nan;0.0;0.0;288.0;0.0;288.0;0;1
2;22;nan;0.0;0.0;288.0;0.0;288.0;0;1
2;23;nan;0.0;0.0;288.0;0.0;288.0;0;1
2;24;nan;0.0;0.0;288.0;0.0;288.0;0;1
2;25;nan;0.0;0.0;288.0;0.0;288.0;0;1
2;26;nan;0.0;0.0;288.0;0.0;288.0;0;1
2;27;nan;0.0;0.0;288.0;0.0;288.0;0;1
2;28;nan;0.0;0.0;288.0;0.0;288.0;0;1
2;29;nan;0.0;0.0;288.0;0.0;288.0;0;1
2;30;nan;0.0;0.0;287.0;0.0;287.0;1;2
2;31;nan;0.0;0.0;284.0;0.0;284.0;1;3
2;32;nan;0.0;0.0;284.0;0.0;284.0;0;3
2;33;nan;0.0;0.0;284.0;0.0;284.0;0;3
2;34;nan;0.0;0.0;284.0;0.0;284.0;0;3
2;35;nan;0.0;0.0;284.0;0.0;284.0;0;3
2;36;nan;0.0;0.0;284.0;0.0;284.0;0;3
2;37;nan;0.0;0.0;284.0;0.0;284.0;0;3
2;38;nan;0.0;0.0;284.0;0.0;284.0;0;3
2;39;nan;0.0;0.0;284.0;0.0;284.0;0;3
2;40;nan;0.0;0.0;284.0;0.0;284.0;0;3
2;41;nan;0.0;0.0;284.0;0.0;284.0;0;3
2;42;nan;0.0;0.0;284.0;0.0;284.0;0;3
2;43;nan;0.0;0.0;284.0;0.0;284.0;0;3
2;44;nan;0.0;0.0;284.0;0.0;284.0;0;3
2;45;nan;0.0;0.0;284.0;0.0;284.0;0;3
2;46;nan;0.0;0.0;284.0;0.0;284.0;0;3
2;47;nan;0.0;0.0;284.0;0.0;284.0;0;3
2;48;nan;0.0;0.0;284.0;0.0;284.0;0;3
2;49;nan;0.0;0.0;284.0;0.0;284.0;0;3
2;50;nan;0.0;0.0;284.0;0.0;284.0;0;3
2;51;nan;0.0;0.0;284.0;0.0;284.0;0;3
2;52;nan;0.0;0.0;284.0;0.0;284.0;0;3
2;53;nan;0.0;0.0;284.0;0.0;284.0;0;3
2;54;nan;0.0;0.0;284.0;0.0;284.0;0;3
2;55;nan;0.0;0.0;284.0;0.0;284.0;0;3
2;56;nan;0.0;0.0;284.0;0.0;284.0;0;3
2;57;nan;0.0;0.0;284.0;0.0;284.0;0;3
2;58;nan;0.0;0.0;284.0;0.0;284.0;0;3
2;59;nan;0.0;0.0;284.0;0.0;284.0;0;3
2;60;nan;0.0;0.0;284.0;0.0;284.0;0;3
2;61;nan;0.0;0.0;278.0;0.0;278.0;1;4
2;62;nan;0.0;0.0;278.0;0.0;278.0;0;4
2;63;nan;0.0;0.0;278.0;0.0;278.0;0;4
2;64;nan;0.0;0.0;278.0;0.0;278.0;0;4
2;65;nan;0.0;0.0;278.0;0.0;278.0;0;4
2;66;nan;0.0;0.0;278.0;0.0;278.0;0;4
2;67;nan;0.0;0.0;278.0;0.0;278.0;0;4
2;68;nan;0.0;0.0;278.0;0.0;278.0;0;4
2;69;nan;0.0;0.0;278.0;0.0;278.0;0;4
2;70;nan;0.0;0.0;278.0;0.0;278.0;0;4
2;71;nan;0.0;0.0;278.0;0.0;278.0;0;4
2;72;nan;0.0;0.0;278.0;0.0;278.0;0;4
2;73;nan;0.0;0.0;278.0;0.0;278.0;0;4
2;74;nan;0.0;0.0;278.0;0.0;278.0;0;4
2;75;nan;0.0;0.0;278.0;0.0;278.0;0;4
2;76;nan;0.0;0.0;278.0;0.0;278.0;0;4
2;77;nan;0.0;0.0;278.0;0.0;278.0;0;4
2;78;nan;0.0;0.0;278.0;0.0;278.0;0;4
2;79;nan;0.0;0.0;278.0;0.0;278.0;0;4
2;80;nan;0.0;0.0;278.0;0.0;278.0;0;4
2;81;nan;0.0;0.0;278.0;0.0;278.0;0;4
2;82;nan;0.0;0.0;278.0;0.0;278.0;0;4
2;83;nan;0.0;0.0;278.0;0.0;278.0;0;4
2;84;nan;0.0;0.0;278.0;0.0;278.0;0;4
2;85;nan;0.0;0.0;278.0;0.0;278.0;0;4
2;86;nan;0.0;0.0;278.0;0.0;278.0;0;4
2;87;nan;0.0;0.0;278.0;0.0;278.0;0;4
2;88;nan;0.0;0.0;278.0;0.0;278.0;0;4
2;89;nan;0.0;0.0;278.0;0.0;278.0;0;4
2;90;nan;0.0;0.0;278.0;0.0;278.0;0;4
2;91;nan;0.0;0.0;278.0;0.0;278.0;0;4
2;92;nan;0.0;0.0;278.0;0.0;278.0;0;4
2;93;nan;0.0;0.0;278.0;0.0;278.0;0;4
2;94;nan;0.0;0.0;278.0;0.0;278.0;0;4
2;95;nan;0.0;0.0;278.0;0.0;278.0;0;4
2;96;nan;0.0;0.0;278.0;0.0;278.0;0;4
2;97;nan;0.0;0.0;278.0;0.0;278.0;0;4
2;98;nan;0.0;0.0;278.0;0.0;278.0;0;4
2;99;nan;0.0;0.0;278.0;0.0;278.0;0;4
2;100;nan;0.0;0.0;278.0;0.0;278.0;0;4
2;101;nan;0.0;0.0;278.0;0.0;278.0;0;4
2;102;nan;0.0;0.0;278.0;0.0;278.0;0;4
2;103;nan;0.0;0.0;278.0;0.0;278.0;0;4
2;104;nan;0.0;0.0;278.0;0.0;278.0;0;4
2;105;nan;0.0;0.0;278.0;0.0;278.0;0;4
2;106;nan;0.0;0.0;278.0;0.0;278.0;0;4
2;107;nan;0.0;0.0;278.0;0.0;278.0;0;4
2;108;nan;0.0;0.0;278.0;0.0;278.0;0;4
2;109;nan;0.0;0.0;278.0;0.0;278.0;0;4
2;110;nan;0.0;0.0;278.0;0.0;278.0;0;4
2;111;nan;0.0;0.0;278.0;0.0;278.0;0;4
2;112;nan;0.0;0.0;278.0;0.0;278.0;0;4
2;113;nan;0.0;0.0;278.0;0.0;278.0;0;4
2;114;nan;0.0;0.0;278.0;0.0;278.0;0;4
2;115;nan;0.0;0.0;278.0;0.0;278.0;0;4
2;116;nan;0.0;0.0;278.0;0.0;278.0;0;4
2;117;nan;0.0;0.0;278.0;0.0;278.0;0;4
2;118;nan;0.0;0.0;278.0;0.0;278.0;0;4
2;119;nan;0.0;0.0;278.0;0.0;278.0;0;4
2;120;nan;0.0;0.0;278.0;0.0;278.0;0;4
2;121;nan;0.0;0.0;278.0;0.0;278.0;0;4
2;122;nan;0.0;0.0;278.0;0.0;278.0;0;4
2;123;nan;0.0;0.0;278.0;0.0;278.0;0;4
2;124;nan;0.0;0.0;278.0;0.0;278.0;0;4
2;125;nan;0.0;0.0;278.0;0.0;278.0;0;4
2;126;nan;0.0;0.0;278.0;0.0;278.0;0;4
2;127;nan;0.0;0.0;278.0;0.0;278.0;0;4
2;128;nan;0.0;0.0;278.0;0.0;278.0;0;4
2;129;nan;0.0;0.0;278.0;0.0;278.0;0;4
2;130;nan;0.0;0.0;278.0;0.0;278.0;0;4
2;131;nan;0.0;0.0;278.0;0.0;278.0;0;4
2;132;nan;0.0;0.0;278.0;0.0;278.0;0;4
2;133;nan;0.0;0.0;278.0;0.0;278.0;0;4
2;134;nan;0.0;0.0;278.0;0.0;278.0;0;4
2;135;nan;0.0;0.0;278.0;0.0;278.0;0;4
2;136;nan;0.0;0.0;278.0;0.0;278.0;0;4
2;137;nan;0.0;0.0;278.0;0.0;278.0;0;4
2;138;nan;0.0;0.0;278.0;0.0;278.0;0;4
2;139;nan;0.0;0.0;278.0;0.0;278.0;0;4
2;140;nan;0.0;0.0;278.0;0.0;278.0;0;4
2;141;nan;0.0;0.0;278.0;0.0;278.0;0;4
2;142;nan;0.0;0.0;278.0;0.0;278.0;0;4
2;143;nan;0.0;0.0;278.0;0.0;278.0;0;4
2;144;nan;0.0;0.0;278.0;0.0;278.0;0;4
2;145;nan;0.0;0.0;278.0;0.0;278.0;0;4
2;146;nan;0.0;0.0;278.0;0.0;278.0;0;4
2;147;nan;0.0;0.0;278.0;0.0;278.0;0;4
2;148;nan;0.0;0.0;278.0;0.0;278.0;0;4
2;149;nan;0.0;0.0;278.0;0.0;278.0;0;4
3;0;nan;0.0;0.0;282.0;0.0;282.0;1;1
3;1;nan;0.0;0.0;282.0;0.0;282.0;0;1
3;2;nan;0.0;0.0;282.0;0.0;282.0;0;1
3;3;nan;0.0;0.0;282.0;0.0;282.0;0;1
3;4;nan;0.0;0.0;282.0;0.0;282.0;0;1
3;5;nan;0.0;0.0;282.0;0.0;282.0;0;1
3;6;nan;0.0;0.0;282.0;0.0;282.0;0;1
3;7;nan;0.0;0.0;282.0;0.0;282.0;0;1
3;8;nan;0.0;0.0;282.0;0.0;282.0;0;1
3;9;nan;0.0;0.0;282.0;0.0;282.0;0;1
3;10;nan;0.0;0.0;282.0;0.0;282.0;0;1
3;11;nan;0.0;0.0;282.0;0.0;282.0;0;1
3;12;nan;0.0;0.0;282.0;0.0;282.0;0;1
3;13;nan;0.0;0.0;282.0;0.0;282.0;0;1
3;14;nan;0.0;0.0;282.0;0.0;282.0;0;1
3;15;nan;0.0;0.0;282.0;0.0;282.0;0;1
3;16;nan;0.0;0.0;282.0;0.0;282.0;0;1
3;17;nan;0.0;0.0;282.0;0.0;282.0;0;1
3;18;nan;0.0;0.0;282.0;0.0;282.0;0;1
3;19;nan;0.0;0.0;282.0;0.0;282.0;0;1
3;20;nan;0.0;0.0;282.0;0.0;282.0;0;1
3;21;nan;0.0;0.0;282.0;0.0;282.0;0;1
3;22;nan;0.0;0.0;282.0;0.0;282.0;0;1
3;23;nan;0.0;0.0;282.0;0.0;282.0;0;1
3;24;nan;0.0;0.0;282.0;0.0;282.0;0;1
3;25;nan;0.0;0.0;282.0;0.0;282.0;0;1
3;26;nan;0.0;0.0;282.0;0.0;282.0;0;1
3;27;nan;0.0;0.0;282.0;0.0;282.0;0;1
3;28;nan;0.0;0.0;282.0;0.0;282.0;0;1
3;29;nan;0.0;0.0;282.0;0.0;282.0;0;1
3;30;nan;0.0;0.0;281.0;0.0;281.0;1;2
3;31;nan;0.0;0.0;296.0;0.0;281.0;0;2
3;32;nan;0.0;0.0;283.0;0.0;281.0;0;2
3;33;nan;0.0;0.0;289.0;0.0;281.0;0;2
3;34;nan;0.0;0.0;294.0;0.0;281.0;0;2
3;35;nan;0.0;0.0;277.0;0.0;277.0;1;3
3;36;nan;0.0;0.0;277.0;0.0;277.0;0;3
3;37;nan;0.0;0.0;277.0;0.0;277.0;0;3
3;38;nan;0.0;0.0;277.0;0.0;277.0;0;3
3;39;nan;0.0;0.0;277.0;0.0;277.0;0;3
3;40;nan;0.0;0.0;277.0;0.0;277.0;0;3
3;41;nan;0.0;0.0;277.0;0.0;277.0;0;3
3;42;nan;0.0;0.0;277.0;0.0;277.0;0;3
3;43;nan;0.0;0.0;277.0;0.0;277.0;0;3
3;44;nan;0.0;0.0;277.0;0.0;277.0;0;3
3;45;nan;0.0;0.0;277.0;0.0;277.0;0;3
3;46;nan;0.0;0.0;277.0;0.0;277.0;0;3
3;47;nan;0.0;0.0;277.0;0.0;277.0;0;3
3;48;nan;0.0;0.0;277.0;0.0;277.0;0;3
3;49;nan;0.0;0.0;277.0;0.0;277.0;0;3
3;50;nan;0.0;0.0;277.0;0.0;277.0;0;3
3;51;nan;0.0;0.0;277.0;0.0;277.0;0;3
3;52;nan;0.0;0.0;277.0;0.0;277.0;0;3
3;53;nan;0.0;0.0;277.0;0.0;277.0;0;3
3;54;nan;0.0;0.0;277.0;0.0;277.0;0;3
3;55;nan;0.0;0.0;277.0;0.0;277.0;0;3
3;56;nan;0.0;0.0;277.0;0.0;277.0;0;3
3;57;nan;0.0;0.0;277.0;0.0;277.0;0;3
3;58;nan;0.0;0.0;277.0;0.0;277.0;0;3
3;59;nan;0.0;0.0;277.0;0.0;277.0;0;3
3;60;nan;0.0;0.0;277.0;0.0;277.0;0;3
3;61;nan;0.0;0.0;277.0;0.0;277.0;0;3
3;62;nan;0.0;0.0;277.0;0.0;277.0;0;3
3;63;nan;0.0;0.0;277.0;0.0;277.0;0;3
3;64;nan;0.0;0.0;277.0;0.0;277.0;0;3
3;65;nan;0.0;0.0;277.0;0.0;277.0;0;3
3;66;nan;0.0;0.0;277.0;0.0;277.0;0;3
3;67;nan;0.0;0.0;277.0;0.0;277.0;0;3
3;68;nan;0.0;0.0;277.0;0.0;277.0;0;3
3;69;nan;0.0;0.0;277.0;0.0;277.0;0;3
3;70;nan;0.0;0.0;277.0;0.0;277.0;0;3
3;71;nan;0.0;0.0;277.0;0.0;277.0;0;3
3;72;nan;0.0;0.0;277.0;0.0;277.0;0;3
3;73;nan;0.0;0.0;277.0;0.0;277.0;0;3
3;74;nan;0.0;0.0;277.0;0.0;277.0;0;3
3;75;nan;0.0;0.0;277.0;0.0;277.0;0;3
3;76;nan;0.0;0.0;277.0;0.0;277.0;0;3
3;77;nan;0.0;0.0;277.0;0.0;277.0;0;3
3;78;nan;0.0;0.0;277.0;0.0;277.0;0;3
3;79;nan;0.0;0.0;277.0;0.0;277.0;0;3
3;80;nan;0.0;0.0;277.0;0.0;277.0;0;3
3;81;nan;0.0;0.0;277.0;0.0;277.0;0;3
3;82;nan;0.0;0.0;277.0;0.0;277.0;0;3
3;83;nan;0.0;0.0;277.0;0.0;277.0;0;3
3;84;nan;0.0;0.0;277.0;0.0;277.0;0;3
3;85;nan;0.0;0.0;277.0;0.0;277.0;0;3
3;86;nan;0.0;0.0;277.0;0.0;277.0;0;3
3;87;nan;0.0;0.0;277.0;0.0;277.0;0;3
3;88;nan;0.0;0.0;277.0;0.0;277.0;0;3
3;89;nan;0.0;0.0;277.0;0.0;277.0;0;3
3;90;nan;0.0;0.0;277.0;0.0;277.0;0;3
3;91;nan;0.0;0.0;277.0;0.0;277.0;0;3
3;92;nan;0.0;0.0;277.0;0.0;277.0;0;3
3;93;nan;0.0;0.0;277.0;0.0;277.0;0;3
3;94;nan;0.0;0.0;277.0;0.0;277.0;0;3
3;95;nan;0.0;0.0;277.0;0.0;277.0;0;3
3;96;nan;0.0;0.0;277.0;0.0;277.0;0;3
3;97;nan;0.0;0.0;277.0;0.0;277.0;0;3
3;98;nan;0.0;0.0;277.0;0.0;277.0;0;3
3;99;nan;0.0;0.0;277.0;0.0;277.0;0;3
3;100;nan;0.0;0.0;277.0;0.0;277.0;0;3
3;101;nan;0.0;0.0;277.0;0.0;277.0;0;3
3;102;nan;0.0;0.0;277.0;0.0;277.0;0;3
3;103;nan;0.0;0.0;277.0;0.0;277.0;0;3
3;104;nan;0.0;0.0;277.0;0.0;277.0;0;3
3;105;nan;0.0;0.0;277.0;0.0;277.0;0;3
3;106;nan;0.0;0.0;277.0;0.0;277.0;0;3
3;107;nan;0.0;0.0;277.0;0.0;277.0;0;3
3;108;nan;0.0;0.0;277.0;0.0;277.0;0;3
3;109;nan;0.0;0.0;277.0;0.0;277.0;0;3
3;110;nan;0.0;0.0;277.0;0.0;277.0;0;3
3;111;nan;0.0;0.0;277.0;0.0;277.0;0;3
3;112;nan;0.0;0.0;277.0;0.0;277.0;0;3
3;113;nan;0.0;0.0;277.0;0.0;277.0;0;3
3;114;nan;0.0;0.0;277.0;0.0;277.0;0;3
3;115;nan;0.0;0.0;277.0;0.0;277.0;0;3
3;116;nan;0.0;0.0;277.0;0.0;277.0;0;3
3;117;nan;0.0;0.0;277.0;0.0;277.0;0;3
3;118;nan;0.0;0.0;277.0;0.0;277.0;0;3
3;119;nan;0.0;0.0;277.0;0.0;277.0;0;3
3;120;nan;0.0;0.0;277.0;0.0;277.0;0;3
3;121;nan;0.0;0.0;277.0;0.0;277.0;0;3
3;122;nan;0.0;0.0;277.0;0.0;277.0;0;3
3;123;nan;0.0;0.0;277.0;0.0;277.0;0;3
3;124;nan;0.0;0.0;277.0;0.0;277.0;0;3
3;125;nan;0.0;0.0;277.0;0.0;277.0;0;3
3;126;nan;0.0;0.0;277.0;0.0;277.0;0;3
3;127;nan;0.0;0.0;277.0;0.0;277.0;0;3
3;128;nan;0.0;0.0;277.0;0.0;277.0;0;3
3;129;nan;0.0;0.0;277.0;0.0;277.0;0;3
3;130;nan;0.0;0.0;277.0;0.0;277.0;0;3
3;131;nan;0.0;0.0;277.0;0.0;277.0;0;3
3;132;nan;0.0;0.0;277.0;0.0;277.0;0;3
3;133;nan;0.0;0.0;277.0;0.0;277.0;0;3
3;134;nan;0.0;0.0;277.0;0.0;277.0;0;3
3;135;nan;0.0;0.0;277.0;0.0;277.0;0;3
3;136;nan;0.0;0.0;277.0;0.0;277.0;0;3
3;137;nan;0.0;0.0;277.0;0.0;277.0;0;3
3;138;nan;0.0;0.0;277.0;0.0;277.0;0;3
3;139;nan;0.0;0.0;277.0;0.0;277.0;0;3
3;140;nan;0.0;0.0;277.0;0.0;277.0;0;3
3;141;nan;0.0;0.0;277.0;0.0;277.0;0;3
3;142;nan;0.0;0.0;277.0;0.0;277.0;0;3
3;143;nan;0.0;0.0;277.0;0.0;277.0;0;3
3;144;nan;0.0;0.0;277.0;0.0;277.0;0;3
3;145;nan;0.0;0.0;277.0;0.0;277.0;0;3
3;146;nan;0.0;0.0;277.0;0.0;277.0;0;3
3;147;nan;0.0;0.0;277.0;0.0;277.0;0;3
3;148;nan;0.0;0.0;277.0;0.0;277.0;0;3
3;149;nan;0.0;0.0;277.0;0.0;277.0;0;3
4;0;nan;0.0;0.0;288.0;0.0;283.0;1;1
4;1;nan;0.0;0.0;283.0;0.0;283.0;0;1
4;2;nan;0.0;0.0;283.0;0.0;283.0;0;1
4;3;nan;0.0;0.0;283.0;0.0;283.0;0;1
4;4;nan;0.0;0.0;283.0;0.0;283.0;0;1
4;5;nan;0.0;0.0;283.0;0.0;283.0;0;1
4;6;nan;0.0;0.0;283.0;0.0;283.0;0;1
4;7;nan;0.0;0.0;283.0;0.0;283.0;0;1
4;8;nan;0.0;0.0;283.0;0.0;283.0;0;1
4;9;nan;0.0;0.0;283.0;0.0;283.0;0;1
4;10;nan;0.0;0.0;283.0;0.0;283.0;0;1
4;11;nan;0.0;0.0;283.0;0.0;283.0;0;1
4;12;nan;0.0;0.0;283.0;0.0;283.0;0;1
4;13;nan;0.0;0.0;283.0;0.0;283.0;0;1
4;14;nan;0.0;0.0;283.0;0.0;283.0;0;1
4;15;nan;0.0;0.0;283.0;0.0;283.0;0;1
4;16;nan;0.0;0.0;283.0;0.0;283.0;0;1
4;17;nan;0.0;0.0;283.0;0.0;283.0;0;1
4;18;nan;0.0;0.0;283.0;0.0;283.0;0;1
4;19;nan;0.0;0.0;283.0;0.0;283.0;0;1
4;20;nan;0.0;0.0;283.0;0.0;283.0;0;1
4;21;nan;0.0;0.0;283.0;0.0;283.0;0;1
4;22;nan;0.0;0.0;283.0;0.0;283.0;0;1
4;23;nan;0.0;0.0;283.0;0.0;283.0;0;1
4;24;nan;0.0;0.0;283.0;0.0;283.0;0;1
4;25;nan;0.0;0.0;283.0;0.0;283.0;0;1
4;26;nan;0.0;0.0;283.0;0.0;283.0;0;1
4;27;nan;0.0;0.0;283.0;0.0;283.0;0;1
4;28;nan;0.0;0.0;283.0;0.0;283.0;0;1
4;29;nan;0.0;0.0;283.0;0.0;283.0;0;1
4;30;nan;0.0;0.0;283.0;0.0;283.0;0;1
4;31;nan;0.0;0.0;283.0;0.0;283.0;0;1
4;32;nan;0.0;0.0;283.0;0.0;283.0;0;1
4;33;nan;0.0;0.0;283.0;0.0;283.0;0;1
4;34;nan;0.0;0.0;283.0;0.0;283.0;0;1
4;35;nan;0.0;0.0;283.0;0.0;283.0;0;1
4;36;nan;0.0;0.0;283.0;0.0;283.0;0;1
4;37;nan;0.0;0.0;283.0;0.0;283.0;0;1
4;38;nan;0.0;0.0;283.0;0.0;283.0;0;1
4;39;nan;0.0;0.0;283.0;0.0;283.0;0;1
4;40;nan;0.0;0.0;283.0;0.0;283.0;0;1
4;41;nan;0.0;0.0;283.0;0.0;283.0;0;1
4;42;nan;0.0;0.0;283.0;0.0;283.0;0;1
4;43;nan;0.0;0.0;283.0;0.0;283.0;0;1
4;44;nan;0.0;0.0;283.0;0.0;283.0;0;1
4;45;nan;0.0;0.0;283.0;0.0;283.0;0;1
4;46;nan;0.0;0.0;283.0;0.0;283.0;0;1
4;47;nan;0.0;0.0;283.0;0.0;283.0;0;1
4;48;nan;0.0;0.0;283.0;0.0;283.0;0;1
4;49;nan;0.0;0.0;283.0;0.0;283.0;0;1
4;50;nan;0.0;0.0;283.0;0.0;283.0;0;1
4;51;nan;0.0;0.0;283.0;0.0;283.0;0;1
4;52;nan;0.0;0.0;283.0;0.0;283.0;0;1
4;53;nan;0.0;0.0;283.0;0.0;283.0;0;1
4;54;nan;0.0;0.0;283.0;0.0;283.0;0;1
4;55;nan;0.0;0.0;283.0;0.0;283.0;0;1
4;56;nan;0.0;0.0;283.0;0.0;283.0;0;1
4;57;nan;0.0;0.0;283.0;0.0;283.0;0;1
4;58;nan;0.0;0.0;283.0;0.0;283.0;0;1
4;59;nan;0.0;0.0;283.0;0.0;283.0;0;1
4;60;nan;0.0;0.0;280.0;0.0;280.0;1;2
4;61;nan;0.0;0.0;290.0;0.0;280.0;0;2
4;62;nan;0.0;0.0;281.0;0.0;280.0;0;2
4;63;nan;0.0;0.0;297.0;0.0;280.0;0;2
4;64;nan;0.0;0.0;302.0;0.0;280.0;0;2
4;65;nan;0.0;0.0;282.0;0.0;280.0;0;2
4;66;nan;0.0;0.0;282.0;0.0;280.0;0;2
4;67;nan;0.0;0.0;287.0;0.0;280.0;0;2
4;68;nan;0.0;0.0;317.0;0.0;280.0;0;2
4;69;nan;0.0;0.0;301.0;0.0;280.0;0;2
4;70;nan;0.0;0.0;330.0;0.0;280.0;0;2
4;71;nan;0.0;0.0;281.0;0.0;280.0;0;2
4;72;nan;0.0;0.0;283.0;0.0;280.0;0;2
4;73;nan;0.0;0.0;280.0;0.0;280.0;0;2
4;74;nan;0.0;0.0;282.0;0.0;280.0;0;2
4;75;nan;0.0;0.0;310.0;0.0;280.0;0;2
4;76;nan;0.0;0.0;287.0;0.0;280.0;0;2
4;77;nan;0.0;0.0;284.0;0.0;280.0;0;2
4;78;nan;0.0;0.0;280.0;0.0;280.0;0;2
4;79;nan;0.0;0.0;290.0;0.0;280.0;0;2
4;80;nan;0.0;0.0;278.0;0.0;278.0;1;3
4;81;nan;0.0;0.0;278.0;0.0;278.0;0;3
4;82;nan;0.0;0.0;278.0;0.0;278.0;0;3
4;83;nan;0.0;0.0;278.0;0.0;278.0;0;3
4;84;nan;0.0;0.0;278.0;0.0;278.0;0;3
4;85;nan;0.0;0.0;278.0;0.0;278.0;0;3
4;86;nan;0.0;0.0;278.0;0.0;278.0;0;3
4;87;nan;0.0;0.0;278.0;0.0;278.0;0;3
4;88;nan;0.0;0.0;278.0;0.0;278.0;0;3
4;89;nan;0.0;0.0;278.0;0.0;278.0;0;3
4;90;nan;0.0;0.0;278.0;0.0;278.0;0;3
4;91;nan;0.0;0.0;278.0;0.0;278.0;0;3
4;92;nan;0.0;0.0;278.0;0.0;278.0;0;3
4;93;nan;0.0;0.0;278.0;0.0;278.0;0;3
4;94;nan;0.0;0.0;278.0;0.0;278.0;0;3
4;95;nan;0.0;0.0;278.0;0.0;278.0;0;3
4;96;nan;0.0;0.0;278.0;0.0;278.0;0;3
4;97;nan;0.0;0.0;278.0;0.0;278.0;0;3
4;98;nan;0.0;0.0;278.0;0.0;278.0;0;3
4;99;nan;0.0;0.0;278.0;0.0;278.0;0;3
4;100;nan;0.0;0.0;278.0;0.0;278.0;0;3
4;101;nan;0.0;0.0;278.0;0.0;278.0;0;3
4;102;nan;0.0;0.0;278.0;0.0;278.0;0;3
4;103;nan;0.0;0.0;278.0;0.0;278.0;0;3
4;104;nan;0.0;0.0;278.0;0.0;278.0;0;3
4;105;nan;0.0;0.0;278.0;0.0;278.0;0;3
4;106;nan;0.0;0.0;278.0;0.0;278.0;0;3
4;107;nan;0.0;0.0;278.0;0.0;278.0;0;3
4;108;nan;0.0;0.0;278.0;0.0;278.0;0;3
4;109;nan;0.0;0.0;278.0;0.0;278.0;0;3
4;110;nan;0.0;0.0;274.0;0.0;274.0;1;4
4;111;nan;0.0;0.0;287.0;0.0;274.0;0;4
4;112;nan;0.0;0.0;288.0;0.0;274.0;0;4
4;113;nan;0.0;0.0;283.0;0.0;274.0;0;4
4;114;nan;0.0;0.0;274.0;0.0;274.0;0;4
4;115;nan;0.0;0.0;319.0;0.0;274.0;0;4
4;116;nan;0.0;0.0;291.0;0.0;274.0;0;4
4;117;nan;0.0;0.0;289.0;0.0;274.0;0;4
4;118;nan;0.0;0.0;281.0;0.0;274.0;0;4
4;119;nan;0.0;0.0;296.0;0.0;274.0;0;4
4;120;nan;0.0;0.0;285.0;0.0;274.0;0;4
4;121;nan;0.0;0.0;286.0;0.0;274.0;0;4
4;122;nan;0.0;0.0;289.0;0.0;274.0;0;4
4;123;nan;0.0;0.0;280.0;0.0;274.0;0;4
4;124;nan;0.0;0.0;285.0;0.0;274.0;0;4
4;125;nan;0.0;0.0;284.0;0.0;274.0;0;4
4;126;nan;0.0;0.0;285.0;0.0;274.0;0;4
4;127;nan;0.0;0.0;284.0;0.0;274.0;0;4
4;128;nan;0.0;0.0;281.0;0.0;274.0;0;4
4;129;nan;0.0;0.0;285.0;0.0;274.0;0;4
4;130;nan;0.0;0.0;312.0;0.0;274.0;0;4
4;131;nan;0.0;0.0;286.0;0.0;274.0;0;4
4;132;nan;0.0;0.0;281.0;0.0;274.0;0;4
4;133;nan;0.0;0.0;304.0;0.0;274.0;0;4
4;134;nan;0.0;0.0;288.0;0.0;274.0;0;4
4;135;nan;0.0;0.0;284.0;0.0;274.0;0;4
4;136;nan;0.0;0.0;278.0;0.0;274.0;0;4
4;137;nan;0.0;0.0;276.0;0.0;274.0;0;4
4;138;nan;0.0;0.0;294.0;0.0;274.0;0;4
4;139;nan;0.0;0.0;292.0;0.0;274.0;0;4
4;140;nan;0.0;0.0;284.0;0.0;274.0;0;4
4;141;nan;0.0;0.0;288.0;0.0;274.0;0;4
4;142;nan;0.0;0.0;297.0;0.0;274.0;0;4
4;143;nan;0.0;0.0;301.0;0.0;274.0;0;4
4;144;nan;0.0;0.0;281.0;0.0;274.0;0;4
4;145;nan;0.0;0.0;284.0;0.0;274.0;0;4
4;146;nan;0.0;0.0;327.0;0.0;274.0;0;4
4;147;nan;0.0;0.0;284.0;0.0;274.0;0;4
4;148;nan;0.0;0.0;291.0;0.0;274.0;0;4
4;149;nan;0.0;0.0;293.0;0.0;274.0;0;4
5;0;nan;0.0;0.0;290.0;0.0;285.0;1;1
5;1;nan;0.0;0.0;285.0;0.0;285.0;0;1
5;2;nan;0.0;0.0;285.0;0.0;285.0;0;1
5;3;nan;0.0;0.0;285.0;0.0;285.0;0;1
5;4;nan;0.0;0.0;285.0;0.0;285.0;0;1
5;5;nan;0.0;0.0;285.0;0.0;285.0;0;1
5;6;nan;0.0;0.0;285.0;0.0;285.0;0;1
5;7;nan;0.0;0.0;285.0;0.0;285.0;0;1
5;8;nan;0.0;0.0;285.0;0.0;285.0;0;1
5;9;nan;0.0;0.0;285.0;0.0;285.0;0;1
5;10;nan;0.0;0.0;285.0;0.0;285.0;0;1
5;11;nan;0.0;0.0;285.0;0.0;285.0;0;1
5;12;nan;0.0;0.0;285.0;0.0;285.0;0;1
5;13;nan;0.0;0.0;285.0;0.0;285.0;0;1
5;14;nan;0.0;0.0;285.0;0.0;285.0;0;1
5;15;nan;0.0;0.0;285.0;0.0;285.0;0;1
5;16;nan;0.0;0.0;285.0;0.0;285.0;0;1
5;17;nan;0.0;0.0;285.0;0.0;285.0;0;1
5;18;nan;0.0;0.0;285.0;0.0;285.0;0;1
5;19;nan;0.0;0.0;285.0;0.0;285.0;0;1
5;20;nan;0.0;0.0;285.0;0.0;285.0;0;1
5;21;nan;0.0;0.0;285.0;0.0;285.0;0;1
5;22;nan;0.0;0.0;285.0;0.0;285.0;0;1
5;23;nan;0.0;0.0;285.0;0.0;285.0;0;1
5;24;nan;0.0;0.0;285.0;0.0;285.0;0;1
5;25;nan;0.0;0.0;285.0;0.0;285.0;0;1
5;26;nan;0.0;0.0;285.0;0.0;285.0;0;1
5;27;nan;0.0;0.0;285.0;0.0;285.0;0;1
5;28;nan;0.0;0.0;285.0;0.0;285.0;0;1
5;29;nan;0.0;0.0;285.0;0.0;285.0;0;1
5;30;nan;0.0;0.0;280.0;0.0;280.0;1;2
5;31;nan;0.0;0.0;280.0;0.0;280.0;0;2
5;32;nan;0.0;0.0;280.0;0.0;280.0;0;2
5;33;nan;0.0;0.0;280.0;0.0;280.0;0;2
5;34;nan;0.0;0.0;280.0;0.0;280.0;0;2
5;35;nan;0.0;0.0;280.0;0.0;280.0;0;2
5;36;nan;0.0;0.0;280.0;0.0;280.0;0;2
5;37;nan;0.0;0.0;280.0;0.0;280.0;0;2
5;38;nan;0.0;0.0;280.0;0.0;280.0;0;2
5;39;nan;0.0;0.0;280.0;0.0;280.0;0;2
5;40;nan;0.0;0.0;280.0;0.0;280.0;0;2
5;41;nan;0.0;0.0;280.0;0.0;280.0;0;2
5;42;nan;0.0;0.0;280.0;0.0;280.0;0;2
5;43;nan;0.0;0.0;280.0;0.0;280.0;0;2
5;44;nan;0.0;0.0;280.0;0.0;280.0;0;2
5;45;nan;0.0;0.0;280.0;0.0;280.0;0;2
5;46;nan;0.0;0.0;280.0;0.0;280.0;0;2
5;47;nan;0.0;0.0;280.0;0.0;280.0;0;2
5;48;nan;0.0;0.0;280.0;0.0;280.0;0;2
5;49;nan;0.0;0.0;280.0;0.0;280.0;0;2
5;50;nan;0.0;0.0;280.0;0.0;280.0;0;2
5;51;nan;0.0;0.0;280.0;0.0;280.0;0;2
5;52;nan;0.0;0.0;280.0;0.0;280.0;0;2
5;53;nan;0.0;0.0;280.0;0.0;280.0;0;2
5;54;nan;0.0;0.0;280.0;0.0;280.0;0;2
5;55;nan;0.0;0.0;280.0;0.0;280.0;0;2
5;56;nan;0.0;0.0;280.0;0.0;280.0;0;2
5;57;nan;0.0;0.0;280.0;0.0;280.0;0;2
5;58;nan;0.0;0.0;280.0;0.0;280.0;0;2
5;59;nan;0.0;0.0;280.0;0.0;280.0;0;2
5;60;nan;0.0;0.0;280.0;0.0;280.0;0;2
5;61;nan;0.0;0.0;280.0;0.0;280.0;0;2
5;62;nan;0.0;0.0;280.0;0.0;280.0;0;2
5;63;nan;0.0;0.0;280.0;0.0;280.0;0;2
5;64;nan;0.0;0.0;280.0;0.0;280.0;0;2
5;65;nan;0.0;0.0;280.0;0.0;280.0;0;2
5;66;nan;0.0;0.0;280.0;0.0;280.0;0;2
5;67;nan;0.0;0.0;280.0;0.0;280.0;0;2
5;68;nan;0.0;0.0;280.0;0.0;280.0;0;2
5;69;nan;0.0;0.0;280.0;0.0;280.0;0;2
5;70;nan;0.0;0.0;280.0;0.0;280.0;0;2
5;71;nan;0.0;0.0;280.0;0.0;280.0;0;2
5;72;nan;0.0;0.0;280.0;0.0;280.0;0;2
5;73;nan;0.0;0.0;280.0;0.0;280.0;0;2
5;74;nan;0.0;0.0;280.0;0.0;280.0;0;2
5;75;nan;0.0;0.0;280.0;0.0;280.0;0;2
5;76;nan;0.0;0.0;280.0;0.0;280.0;0;2
5;77;nan;0.0;0.0;280.0;0.0;280.0;0;2
5;78;nan;0.0;0.0;280.0;0.0;280.0;0;2
5;79;nan;0.0;0.0;280.0;0.0;280.0;0;2
5;80;nan;0.0;0.0;280.0;0.0;280.0;0;2
5;81;nan;0.0;0.0;280.0;0.0;280.0;0;2
5;82;nan;0.0;0.0;280.0;0.0;280.0;0;2
5;83;nan;0.0;0.0;280.0;0.0;280.0;0;2
5;84;nan;0.0;0.0;280.0;0.0;280.0;0;2
5;85;nan;0.0;0.0;280.0;0.0;280.0;0;2
5;86;nan;0.0;0.0;280.0;0.0;280.0;0;2
5;87;nan;0.0;0.0;280.0;0.0;280.0;0;2
5;88;nan;0.0;0.0;280.0;0.0;280.0;0;2
5;89;nan;0.0;0.0;280.0;0.0;280.0;0;2
5;90;nan;0.0;0.0;278.0;0.0;278.0;1;3
5;91;nan;0.0;0.0;277.0;0.0;277.0;1;4
5;92;nan;0.0;0.0;277.0;0.0;277.0;0;4
5;93;nan;0.0;0.0;277.0;0.0;277.0;0;4
5;94;nan;0.0;0.0;277.0;0.0;277.0;0;4
5;95;nan;0.0;0.0;277.0;0.0;277.0;0;4
5;96;nan;0.0;0.0;277.0;0.0;277.0;0;4
5;97;nan;0.0;0.0;277.0;0.0;277.0;0;4
5;98;nan;0.0;0.0;277.0;0.0;277.0;0;4
5;99;nan;0.0;0.0;277.0;0.0;277.0;0;4
5;100;nan;0.0;0.0;277.0;0.0;277.0;0;4
5;101;nan;0.0;0.0;277.0;0.0;277.0;0;4
5;102;nan;0.0;0.0;277.0;0.0;277.0;0;4
5;103;nan;0.0;0.0;277.0;0.0;277.0;0;4
5;104;nan;0.0;0.0;277.0;0.0;277.0;0;4
5;105;nan;0.0;0.0;277.0;0.0;277.0;0;4
5;106;nan;0.0;0.0;277.0;0.0;277.0;0;4
5;107;nan;0.0;0.0;277.0;0.0;277.0;0;4
5;108;nan;0.0;0.0;277.0;0.0;277.0;0;4
5;109;nan;0.0;0.0;277.0;0.0;277.0;0;4
5;110;nan;0.0;0.0;277.0;0.0;277.0;0;4
5;111;nan;0.0;0.0;277.0;0.0;277.0;0;4
5;112;nan;0.0;0.0;277.0;0.0;277.0;0;4
5;113;nan;0.0;0.0;277.0;0.0;277.0;0;4
5;114;nan;0.0;0.0;277.0;0.0;277.0;0;4
5;115;nan;0.0;0.0;277.0;0.0;277.0;0;4
5;116;nan;0.0;0.0;277.0;0.0;277.0;0;4
5;117;nan;0.0;0.0;277.0;0.0;277.0;0;4
5;118;nan;0.0;0.0;277.0;0.0;277.0;0;4
5;119;nan;0.0;0.0;277.0;0.0;277.0;0;4
5;120;nan;0.0;0.0;277.0;0.0;277.0;0;4
5;121;nan;0.0;0.0;274.0;0.0;274.0;1;5
5;122;nan;0.0;0.0;284.0;0.0;274.0;0;5
5;123;nan;0.0;0.0;285.0;0.0;274.0;0;5
5;124;nan;0.0;0.0;295.0;0.0;274.0;0;5
5;125;nan;0.0;0.0;287.0;0.0;274.0;0;5
5;126;nan;0.0;0.0;284.0;0.0;274.0;0;5
5;127;nan;0.0;0.0;286.0;0.0;274.0;0;5
5;128;nan;0.0;0.0;284.0;0.0;274.0;0;5
5;129;nan;0.0;0.0;293.0;0.0;274.0;0;5
5;130;nan;0.0;0.0;284.0;0.0;274.0;0;5
5;131;nan;0.0;0.0;284.0;0.0;274.0;0;5
5;132;nan;0.0;0.0;285.0;0.0;274.0;0;5
5;133;nan;0.0;0.0;293.0;0.0;274.0;0;5
5;134;nan;0.0;0.0;285.0;0.0;274.0;0;5
5;135;nan;0.0;0.0;296.0;0.0;274.0;0;5
5;136;nan;0.0;0.0;276.0;0.0;274.0;0;5
5;137;nan;0.0;0.0;274.0;0.0;274.0;0;5
5;138;nan;0.0;0.0;285.0;0.0;274.0;0;5
5;139;nan;0.0;0.0;287.0;0.0;274.0;0;5
5;140;nan;0.0;0.0;288.0;0.0;274.0;0;5
5;141;nan;0.0;0.0;290.0;0.0;274.0;0;5
5;142;nan;0.0;0.0;309.0;0.0;274.0;0;5
5;143;nan;0.0;0.0;280.0;0.0;274.0;0;5
5;144;nan;0.0;0.0;302.0;0.0;274.0;0;5
5;145;nan;0.0;0.0;317.0;0.0;274.0;0;5
5;146;nan;0.0;0.0;295.0;0.0;274.0;0;5
5;147;nan;0.0;0.0;275.0;0.0;274.0;0;5
5;148;nan;0.0;0.0;293.0;0.0;274.0;0;5
5;149;nan;0.0;0.0;283.0;0.0;274.0;0;5
6;0;nan;0.0;0.0;276.0;0.0;276.0;1;1
6;1;nan;0.0;0.0;276.0;0.0;276.0;0;1
6;2;nan;0.0;0.0;276.0;0.0;276.0;0;1
6;3;nan;0.0;0.0;276.0;0.0;276.0;0;1
6;4;nan;0.0;0.0;276.0;0.0;276.0;0;1
6;5;nan;0.0;0.0;276.0;0.0;276.0;0;1
6;6;nan;0.0;0.0;276.0;0.0;276.0;0;1
6;7;nan;0.0;0.0;276.0;0.0;276.0;0;1
6;8;nan;0.0;0.0;276.0;0.0;276.0;0;1
6;9;nan;0.0;0.0;276.0;0.0;276.0;0;1
6;10;nan;0.0;0.0;276.0;0.0;276.0;0;1
6;11;nan;0.0;0.0;276.0;0.0;276.0;0;1
6;12;nan;0.0;0.0;276.0;0.0;276.0;0;1
6;13;nan;0.0;0.0;276.0;0.0;276.0;0;1
6;14;nan;0.0;0.0;276.0;0.0;276.0;0;1
6;15;nan;0.0;0.0;276.0;0.0;276.0;0;1
6;16;nan;0.0;0.0;276.0;0.0;276.0;0;1
6;17;nan;0.0;0.0;276.0;0.0;276.0;0;1
6;18;nan;0.0;0.0;276.0;0.0;276.0;0;1
6;19;nan;0.0;0.0;276.0;0.0;276.0;0;1
6;20;nan;0.0;0.0;276.0;0.0;276.0;0;1
6;21;nan;0.0;0.0;276.0;0.0;276.0;0;1
6;22;nan;0.0;0.0;276.0;0.0;276.0;0;1
6;23;nan;0.0;0.0;276.0;0.0;276.0;0;1
6;24;nan;0.0;0.0;276.0;0.0;276.0;0;1
6;25;nan;0.0;0.0;276.0;0.0;276.0;0;1
6;26;nan;0.0;0.0;276.0;0.0;276.0;0;1
6;27;nan;0.0;0.0;276.0;0.0;276.0;0;1
6;28;nan;0.0;0.0;276.0;0.0;276.0;0;1
6;29;nan;0.0;0.0;276.0;0.0;276.0;0;1
6;30;nan;0.0;0.0;276.0;0.0;276.0;0;1
6;31;nan;0.0;0.0;276.0;0.0;276.0;0;1
6;32;nan;0.0;0.0;276.0;0.0;276.0;0;1
6;33;nan;0.0;0.0;276.0;0.0;276.0;0;1
6;34;nan;0.0;0.0;276.0;0.0;276.0;0;1
6;35;nan;0.0;0.0;276.0;0.0;276.0;0;1
6;36;nan;0.0;0.0;276.0;0.0;276.0;0;1
6;37;nan;0.0;0.0;276.0;0.0;276.0;0;1
6;38;nan;0.0;0.0;276.0;0.0;276.0;0;1
6;39;nan;0.0;0.0;276.0;0.0;276.0;0;1
6;40;nan;0.0;0.0;276.0;0.0;276.0;0;1
6;41;nan;0.0;0.0;276.0;0.0;276.0;0;1
6;42;nan;0.0;0.0;276.0;0.0;276.0;0;1
6;43;nan;0.0;0.0;276.0;0.0;276.0;0;1
6;44;nan;0.0;0.0;276.0;0.0;276.0;0;1
6;45;nan;0.0;0.0;276.0;0.0;276.0;0;1
6;46;nan;0.0;0.0;276.0;0.0;276.0;0;1
6;47;nan;0.0;0.0;276.0;0.0;276.0;0;1
6;48;nan;0.0;0.0;276.0;0.0;276.0;0;1
6;49;nan;0.0;0.0;276.0;0.0;276.0;0;1
6;50;nan;0.0;0.0;276.0;0.0;276.0;0;1
6;51;nan;0.0;0.0;276.0;0.0;276.0;0;1
6;52;nan;0.0;0.0;276.0;0.0;276.0;0;1
6;53;nan;0.0;0.0;276.0;0.0;276.0;0;1
6;54;nan;0.0;0.0;276.0;0.0;276.0;0;1
6;55;nan;0.0;0.0;276.0;0.0;276.0;0;1
6;56;nan;0.0;0.0;276.0;0.0;276.0;0;1
6;57;nan;0.0;0.0;276.0;0.0;276.0;0;1
6;58;nan;0.0;0.0;276.0;0.0;276.0;0;1
6;59;nan;0.0;0.0;276.0;0.0;276.0;0;1
6;60;nan;0.0;0.0;276.0;0.0;276.0;0;1
6;61;nan;0.0;0.0;276.0;0.0;276.0;0;1
6;62;nan;0.0;0.0;276.0;0.0;276.0;0;1
6;63;nan;0.0;0.0;276.0;0.0;276.0;0;1
6;64;nan;0.0;0.0;276.0;0.0;276.0;0;1
6;65;nan;0.0;0.0;276.0;0.0;276.0;0;1
6;66;nan;0.0;0.0;276.0;0.0;276.0;0;1
6;67;nan;0.0;0.0;276.0;0.0;276.0;0;1
6;68;nan;0.0;0.0;276.0;0.0;276.0;0;1
6;69;nan;0.0;0.0;276.0;0.0;276.0;0;1
6;70;nan;0.0;0.0;276.0;0.0;276.0;0;1
6;71;nan;0.0;0.0;276.0;0.0;276.0;0;1
6;72;nan;0.0;0.0;276.0;0.0;276.0;0;1
6;73;nan;0.0;0.0;276.0;0.0;276.0;0;1
6;74;nan;0.0;0.0;276.0;0.0;276.0;0;1
6;75;nan;0.0;0.0;276.0;0.0;276.0;0;1
6;76;nan;0.0;0.0;276.0;0.0;276.0;0;1
6;77;nan;0.0;0.0;276.0;0.0;276.0;0;1
6;78;nan;0.0;0.0;276.0;0.0;276.0;0;1
6;79;nan;0.0;0.0;276.0;0.0;276.0;0;1
6;80;nan;0.0;0.0;276.0;0.0;276.0;0;1
6;81;nan;0.0;0.0;276.0;0.0;276.0;0;1
6;82;nan;0.0;0.0;276.0;0.0;276.0;0;1
6;83;nan;0.0;0.0;276.0;0.0;276.0;0;1
6;84;nan;0.0;0.0;276.0;0.0;276.0;0;1
6;85;nan;0.0;0.0;276.0;0.0;276.0;0;1
6;86;nan;0.0;0.0;276.0;0.0;276.0;0;1
6;87;nan;0.0;0.0;276.0;0.0;276.0;0;1
6;88;nan;0.0;0.0;276.0;0.0;276.0;0;1
6;89;nan;0.0;0.0;276.0;0.0;276.0;0;1
6;90;nan;0.0;0.0;275.0;0.0;275.0;1;2
6;91;nan;0.0;0.0;279.0;0.0;275.0;0;2
6;92;nan;0.0;0.0;289.0;0.0;275.0;0;2
6;93;nan;0.0;0.0;281.0;0.0;275.0;0;2
6;94;nan;0.0;0.0;285.0;0.0;275.0;0;2
6;95;nan;0.0;0.0;286.0;0.0;275.0;0;2
6;96;nan;0.0;0.0;299.0;0.0;275.0;0;2
6;97;nan;0.0;0.0;284.0;0.0;275.0;0;2
6;98;nan;0.0;0.0;295.0;0.0;275.0;0;2
6;99;nan;0.0;0.0;292.0;0.0;275.0;0;2
6;100;nan;0.0;0.0;282.0;0.0;275.0;0;2
6;101;nan;0.0;0.0;298.0;0.0;275.0;0;2
6;102;nan;0.0;0.0;282.0;0.0;275.0;0;2
6;103;nan;0.0;0.0;290.0;0.0;275.0;0;2
6;104;nan;0.0;0.0;315.0;0.0;275.0;0;2
6;105;nan;0.0;0.0;312.0;0.0;275.0;0;2
6;106;nan;0.0;0.0;287.0;0.0;275.0;0;2
6;107;nan;0.0;0.0;285.0;0.0;275.0;0;2
6;108;nan;0.0;0.0;299.0;0.0;275.0;0;2
6;109;nan;0.0;0.0;287.0;0.0;275.0;0;2
6;110;nan;0.0;0.0;288.0;0.0;275.0;0;2
6;111;nan;0.0;0.0;307.0;0.0;275.0;0;2
6;112;nan;0.0;0.0;291.0;0.0;275.0;0;2
6;113;nan;0.0;0.0;307.0;0.0;275.0;0;2
6;114;nan;0.0;0.0;284.0;0.0;275.0;0;2
6;115;nan;0.0;0.0;289.0;0.0;275.0;0;2
6;116;nan;0.0;0.0;323.0;0.0;275.0;0;2
6;117;nan;0.0;0.0;308.0;0.0;275.0;0;2
6;118;nan;0.0;0.0;290.0;0.0;275.0;0;2
6;119;nan;0.0;0.0;291.0;0.0;275.0;0;2
6;120;nan;0.0;0.0;284.0;0.0;275.0;0;2
6;121;nan;0.0;0.0;286.0;0.0;275.0;0;2
6;122;nan;0.0;0.0;285.0;0.0;275.0;0;2
6;123;nan;0.0;0.0;284.0;0.0;275.0;0;2
6;124;nan;0.0;0.0;294.0;0.0;275.0;0;2
6;125;nan;0.0;0.0;284.0;0.0;275.0;0;2
6;126;nan;0.0;0.0;291.0;0.0;275.0;0;2
6;127;nan;0.0;0.0;289.0;0.0;275.0;0;2
6;128;nan;0.0;0.0;288.0;0.0;275.0;0;2
6;129;nan;0.0;0.0;288.0;0.0;275.0;0;2
6;130;nan;0.0;0.0;276.0;0.0;275.0;0;2
6;131;nan;0.0;0.0;283.0;0.0;275.0;0;2
6;132;nan;0.0;0.0;295.0;0.0;275.0;0;2
6;133;nan;0.0;0.0;280.0;0.0;275.0;0;2
6;134;nan;0.0;0.0;279.0;0.0;275.0;0;2
6;135;nan;0.0;0.0;283.0;0.0;275.0;0;2
6;136;nan;0.0;0.0;288.0;0.0;275.0;0;2
6;137;nan;0.0;0.0;284.0;0.0;275.0;0;2
6;138;nan;0.0;0.0;279.0;0.0;275.0;0;2
6;139;nan;0.0;0.0;288.0;0.0;275.0;0;2
6;140;nan;0.0;0.0;289.0;0.0;275.0;0;2
6;141;nan;0.0;0.0;284.0;0.0;275.0;0;2
6;142;nan;0.0;0.0;289.0;0.0;275.0;0;2
6;143;nan;0.0;0.0;277.0;0.0;275.0;0;2
6;144;nan;0.0;0.0;292.0;0.0;275.0;0;2
6;145;nan;0.0;0.0;287.0;0.0;275.0;0;2
6;146;nan;0.0;0.0;285.0;0.0;275.0;0;2
6;147;nan;0.0;0.0;287.0;0.0;275.0;0;2
6;148;nan;0.0;0.0;289.0;0.0;275.0;0;2
6;149;nan;0.0;0.0;290.0;0.0;275.0;0;2
7;0;nan;0.0;0.0;304.0;0.0;273.0;1;1
7;1;nan;0.0;0.0;273.0;0.0;273.0;0;1
7;2;nan;0.0;0.0;273.0;0.0;273.0;0;1
7;3;nan;0.0;0.0;273.0;0.0;273.0;0;1
7;4;nan;0.0;0.0;273.0;0.0;273.0;0;1
7;5;nan;0.0;0.0;273.0;0.0;273.0;0;1
7;6;nan;0.0;0.0;273.0;0.0;273.0;0;1
7;7;nan;0.0;0.0;273.0;0.0;273.0;0;1
7;8;nan;0.0;0.0;273.0;0.0;273.0;0;1
7;9;nan;0.0;0.0;273.0;0.0;273.0;0;1
7;10;nan;0.0;0.0;273.0;0.0;273.0;0;1
7;11;nan;0.0;0.0;273.0;0.0;273.0;0;1
7;12;nan;0.0;0.0;273.0;0.0;273.0;0;1
7;13;nan;0.0;0.0;273.0;0.0;273.0;0;1
7;14;nan;0.0;0.0;273.0;0.0;273.0;0;1
7;15;nan;0.0;0.0;273.0;0.0;273.0;0;1
7;16;nan;0.0;0.0;273.0;0.0;273.0;0;1
7;17;nan;0.0;0.0;273.0;0.0;273.0;0;1
7;18;nan;0.0;0.0;273.0;0.0;273.0;0;1
7;19;nan;0.0;0.0;273.0;0.0;273.0;0;1
7;20;nan;0.0;0.0;273.0;0.0;273.0;0;1
7;21;nan;0.0;0.0;273.0;0.0;273.0;0;1
7;22;nan;0.0;0.0;273.0;0.0;273.0;0;1
7;23;nan;0.0;0.0;273.0;0.0;273.0;0;1
7;24;nan;0.0;0.0;273.0;0.0;273.0;0;1
7;25;nan;0.0;0.0;273.0;0.0;273.0;0;1
7;26;nan;0.0;0.0;273.0;0.0;273.0;0;1
7;27;nan;0.0;0.0;273.0;0.0;273.0;0;1
7;28;nan;0.0;0.0;273.0;0.0;273.0;0;1
7;29;nan;0.0;0.0;273.0;0.0;273.0;0;1
7;30;nan;0.0;0.0;273.0;0.0;273.0;0;1
7;31;nan;0.0;0.0;273.0;0.0;273.0;0;1
7;32;nan;0.0;0.0;273.0;0.0;273.0;0;1
7;33;nan;0.0;0.0;273.0;0.0;273.0;0;1
7;34;nan;0.0;0.0;273.0;0.0;273.0;0;1
7;35;nan;0.0;0.0;273.0;0.0;273.0;0;1
7;36;nan;0.0;0.0;273.0;0.0;273.0;0;1
7;37;nan;0.0;0.0;273.0;0.0;273.0;0;1
7;38;nan;0.0;0.0;273.0;0.0;273.0;0;1
7;39;nan;0.0;0.0;273.0;0.0;273.0;0;1
7;40;nan;0.0;0.0;273.0;0.0;273.0;0;1
7;41;nan;0.0;0.0;273.0;0.0;273.0;0;1
7;42;nan;0.0;0.0;273.0;0.0;273.0;0;1
7;43;nan;0.0;0.0;273.0;0.0;273.0;0;1
7;44;nan;0.0;0.0;273.0;0.0;273.0;0;1
7;45;nan;0.0;0.0;273.0;0.0;273.0;0;1
7;46;nan;0.0;0.0;273.0;0.0;273.0;0;1
7;47;nan;0.0;0.0;273.0;0.0;273.0;0;1
7;48;nan;0.0;0.0;273.0;0.0;273.0;0;1
7;49;nan;0.0;0.0;273.0;0.0;273.0;0;1
7;50;nan;0.0;0.0;273.0;0.0;273.0;0;1
7;51;nan;0.0;0.0;273.0;0.0;273.0;0;1
7;52;nan;0.0;0.0;273.0;0.0;273.0;0;1
7;53;nan;0.0;0.0;273.0;0.0;273.0;0;1
7;54;nan;0.0;0.0;273.0;0.0;273.0;0;1
7;55;nan;0.0;0.0;273.0;0.0;273.0;0;1
7;56;nan;0.0;0.0;273.0;0.0;273.0;0;1
7;57;nan;0.0;0.0;273.0;0.0;273.0;0;1
7;58;nan;0.0;0.0;273.0;0.0;273.0;0;1
7;59;nan;0.0;0.0;273.0;0.0;273.0;0;1
7;60;nan;0.0;0.0;273.0;0.0;273.0;0;1
7;61;nan;0.0;0.0;273.0;0.0;273.0;0;1
7;62;nan;0.0;0.0;273.0;0.0;273.0;0;1
7;63;nan;0.0;0.0;273.0;0.0;273.0;0;1
7;64;nan;0.0;0.0;273.0;0.0;273.0;0;1
7;65;nan;0.0;0.0;273.0;0.0;273.0;0;1
7;66;nan;0.0;0.0;273.0;0.0;273.0;0;1
7;67;nan;0.0;0.0;273.0;0.0;273.0;0;1
7;68;nan;0.0;0.0;273.0;0.0;273.0;0;1
7;69;nan;0.0;0.0;273.0;0.0;273.0;0;1
7;70;nan;0.0;0.0;273.0;0.0;273.0;0;1
7;71;nan;0.0;0.0;273.0;0.0;273.0;0;1
7;72;nan;0.0;0.0;273.0;0.0;273.0;0;1
7;73;nan;0.0;0.0;273.0;0.0;273.0;0;1
7;74;nan;0.0;0.0;273.0;0.0;273.0;0;1
7;75;nan;0.0;0.0;273.0;0.0;273.0;0;1
7;76;nan;0.0;0.0;273.0;0.0;273.0;0;1
7;77;nan;0.0;0.0;273.0;0.0;273.0;0;1
7;78;nan;0.0;0.0;273.0;0.0;273.0;0;1
7;79;nan;0.0;0.0;273.0;0.0;273.0;0;1
7;80;nan;0.0;0.0;273.0;0.0;273.0;0;1
7;81;nan;0.0;0.0;273.0;0.0;273.0;0;1
7;82;nan;0.0;0.0;273.0;0.0;273.0;0;1
7;83;nan;0.0;0.0;273.0;0.0;273.0;0;1
7;84;nan;0.0;0.0;273.0;0.0;273.0;0;1
7;85;nan;0.0;0.0;273.0;0.0;273.0;0;1
7;86;nan;0.0;0.0;273.0;0.0;273.0;0;1
7;87;nan;0.0;0.0;273.0;0.0;273.0;0;1
7;88;nan;0.0;0.0;273.0;0.0;273.0;0;1
7;89;nan;0.0;0.0;273.0;0.0;273.0;0;1
7;90;nan;0.0;0.0;273.0;0.0;273.0;0;1
7;91;nan;0.0;0.0;273.0;0.0;273.0;0;1
7;92;nan;0.0;0.0;273.0;0.0;273.0;0;1
7;93;nan;0.0;0.0;273.0;0.0;273.0;0;1
7;94;nan;0.0;0.0;273.0;0.0;273.0;0;1
7;95;nan;0.0;0.0;273.0;0.0;273.0;0;1
7;96;nan;0.0;0.0;273.0;0.0;273.0;0;1
7;97;nan;0.0;0.0;273.0;0.0;273.0;0;1
7;98;nan;0.0;0.0;273.0;0.0;273.0;0;1
7;99;nan;0.0;0.0;273.0;0.0;273.0;0;1
7;100;nan;0.0;0.0;273.0;0.0;273.0;0;1
7;101;nan;0.0;0.0;273.0;0.0;273.0;0;1
7;102;nan;0.0;0.0;273.0;0.0;273.0;0;1
7;103;nan;0.0;0.0;273.0;0.0;273.0;0;1
7;104;nan;0.0;0.0;273.0;0.0;273.0;0;1
7;105;nan;0.0;0.0;273.0;0.0;273.0;0;1
7;106;nan;0.0;0.0;273.0;0.0;273.0;0;1
7;107;nan;0.0;0.0;273.0;0.0;273.0;0;1
7;108;nan;0.0;0.0;273.0;0.0;273.0;0;1
7;109;nan;0.0;0.0;273.0;0.0;273.0;0;1
7;110;nan;0.0;0.0;273.0;0.0;273.0;0;1
7;111;nan;0.0;0.0;273.0;0.0;273.0;0;1
7;112;nan;0.0;0.0;273.0;0.0;273.0;0;1
7;113;nan;0.0;0.0;273.0;0.0;273.0;0;1
7;114;nan;0.0;0.0;273.0;0.0;273.0;0;1
7;115;nan;0.0;0.0;273.0;0.0;273.0;0;1
7;116;nan;0.0;0.0;273.0;0.0;273.0;0;1
7;117;nan;0.0;0.0;273.0;0.0;273.0;0;1
7;118;nan;0.0;0.0;273.0;0.0;273.0;0;1
7;119;nan;0.0;0.0;273.0;0.0;273.0;0;1
7;120;nan;0.0;0.0;273.0;0.0;273.0;0;1
7;121;nan;0.0;0.0;273.0;0.0;273.0;0;1
7;122;nan;0.0;0.0;273.0;0.0;273.0;0;1
7;123;nan;0.0;0.0;273.0;0.0;273.0;0;1
7;124;nan;0.0;0.0;273.0;0.0;273.0;0;1
7;125;nan;0.0;0.0;273.0;0.0;273.0;0;1
7;126;nan;0.0;0.0;273.0;0.0;273.0;0;1
7;127;nan;0.0;0.0;273.0;0.0;273.0;0;1
7;128;nan;0.0;0.0;273.0;0.0;273.0;0;1
7;129;nan;0.0;0.0;273.0;0.0;273.0;0;1
7;130;nan;0.0;0.0;273.0;0.0;273.0;0;1
7;131;nan;0.0;0.0;273.0;0.0;273.0;0;1
7;132;nan;0.0;0.0;273.0;0.0;273.0;0;1
7;133;nan;0.0;0.0;273.0;0.0;273.0;0;1
7;134;nan;0.0;0.0;273.0;0.0;273.0;0;1
7;135;nan;0.0;0.0;273.0;0.0;273.0;0;1
7;136;nan;0.0;0.0;273.0;0.0;273.0;0;1
7;137;nan;0.0;0.0;273.0;0.0;273.0;0;1
7;138;nan;0.0;0.0;273.0;0.0;273.0;0;1
7;139;nan;0.0;0.0;273.0;0.0;273.0;0;1
7;140;nan;0.0;0.0;273.0;0.0;273.0;0;1
7;141;nan;0.0;0.0;273.0;0.0;273.0;0;1
7;142;nan;0.0;0.0;273.0;0.0;273.0;0;1
7;143;nan;0.0;0.0;273.0;0.0;273.0;0;1
7;144;nan;0.0;0.0;273.0;0.0;273.0;0;1
7;145;nan;0.0;0.0;273.0;0.0;273.0;0;1
7;146;nan;0.0;0.0;273.0;0.0;273.0;0;1
7;147;nan;0.0;0.0;273.0;0.0;273.0;0;1
7;148;nan;0.0;0.0;273.0;0.0;273.0;0;1
7;149;nan;0.0;0.0;273.0;0.0;273.0;0;1
8;0;nan;0.0;0.0;286.0;0.0;285.0;1;1
8;1;nan;0.0;0.0;285.0;0.0;285.0;0;1
8;2;nan;0.0;0.0;285.0;0.0;285.0;0;1
8;3;nan;0.0;0.0;285.0;0.0;285.0;0;1
8;4;nan;0.0;0.0;285.0;0.0;285.0;0;1
8;5;nan;0.0;0.0;285.0;0.0;285.0;0;1
8;6;nan;0.0;0.0;285.0;0.0;285.0;0;1
8;7;nan;0.0;0.0;285.0;0.0;285.0;0;1
8;8;nan;0.0;0.0;285.0;0.0;285.0;0;1
8;9;nan;0.0;0.0;285.0;0.0;285.0;0;1
8;10;nan;0.0;0.0;285.0;0.0;285.0;0;1
8;11;nan;0.0;0.0;285.0;0.0;285.0;0;1
8;12;nan;0.0;0.0;285.0;0.0;285.0;0;1
8;13;nan;0.0;0.0;285.0;0.0;285.0;0;1
8;14;nan;0.0;0.0;285.0;0.0;285.0;0;1
8;15;nan;0.0;0.0;285.0;0.0;285.0;0;1
8;16;nan;0.0;0.0;285.0;0.0;285.0;0;1
8;17;nan;0.0;0.0;285.0;0.0;285.0;0;1
8;18;nan;0.0;0.0;285.0;0.0;285.0;0;1
8;19;nan;0.0;0.0;285.0;0.0;285.0;0;1
8;20;nan;0.0;0.0;285.0;0.0;285.0;0;1
8;21;nan;0.0;0.0;285.0;0.0;285.0;0;1
8;22;nan;0.0;0.0;285.0;0.0;285.0;0;1
8;23;nan;0.0;0.0;285.0;0.0;285.0;0;1
8;24;nan;0.0;0.0;285.0;0.0;285.0;0;1
8;25;nan;0.0;0.0;285.0;0.0;285.0;0;1
8;26;nan;0.0;0.0;285.0;0.0;285.0;0;1
8;27;nan;0.0;0.0;285.0;0.0;285.0;0;1
8;28;nan;0.0;0.0;285.0;0.0;285.0;0;1
8;29;nan;0.0;0.0;285.0;0.0;285.0;0;1
8;30;nan;0.0;0.0;285.0;0.0;285.0;0;1
8;31;nan;0.0;0.0;285.0;0.0;285.0;0;1
8;32;nan;0.0;0.0;285.0;0.0;285.0;0;1
8;33;nan;0.0;0.0;285.0;0.0;285.0;0;1
8;34;nan;0.0;0.0;285.0;0.0;285.0;0;1
8;35;nan;0.0;0.0;285.0;0.0;285.0;0;1
8;36;nan;0.0;0.0;285.0;0.0;285.0;0;1
8;37;nan;0.0;0.0;285.0;0.0;285.0;0;1
8;38;nan;0.0;0.0;285.0;0.0;285.0;0;1
8;39;nan;0.0;0.0;285.0;0.0;285.0;0;1
8;40;nan;0.0;0.0;285.0;0.0;285.0;0;1
8;41;nan;0.0;0.0;285.0;0.0;285.0;0;1
8;42;nan;0.0;0.0;285.0;0.0;285.0;0;1
8;43;nan;0.0;0.0;285.0;0.0;285.0;0;1
8;44;nan;0.0;0.0;285.0;0.0;285.0;0;1
8;45;nan;0.0;0.0;285.0;0.0;285.0;0;1
8;46;nan;0.0;0.0;285.0;0.0;285.0;0;1
8;47;nan;0.0;0.0;285.0;0.0;285.0;0;1
8;48;nan;0.0;0.0;285.0;0.0;285.0;0;1
8;49;nan;0.0;0.0;285.0;0.0;285.0;0;1
8;50;nan;0.0;0.0;285.0;0.0;285.0;0;1
8;51;nan;0.0;0.0;285.0;0.0;285.0;0;1
8;52;nan;0.0;0.0;285.0;0.0;285.0;0;1
8;53;nan;0.0;0.0;285.0;0.0;285.0;0;1
8;54;nan;0.0;0.0;285.0;0.0;285.0;0;1
8;55;nan;0.0;0.0;285.0;0.0;285.0;0;1
8;56;nan;0.0;0.0;285.0;0.0;285.0;0;1
8;57;nan;0.0;0.0;285.0;0.0;285.0;0;1
8;58;nan;0.0;0.0;285.0;0.0;285.0;0;1
8;59;nan;0.0;0.0;285.0;0.0;285.0;0;1
8;60;nan;0.0;0.0;285.0;0.0;285.0;0;1
8;61;nan;0.0;0.0;285.0;0.0;285.0;0;1
8;62;nan;0.0;0.0;285.0;0.0;285.0;0;1
8;63;nan;0.0;0.0;285.0;0.0;285.0;0;1
8;64;nan;0.0;0.0;285.0;0.0;285.0;0;1
8;65;nan;0.0;0.0;285.0;0.0;285.0;0;1
8;66;nan;0.0;0.0;285.0;0.0;285.0;0;1
8;67;nan;0.0;0.0;285.0;0.0;285.0;0;1
8;68;nan;0.0;0.0;285.0;0.0;285.0;0;1
8;69;nan;0.0;0.0;285.0;0.0;285.0;0;1
8;70;nan;0.0;0.0;285.0;0.0;285.0;0;1
8;71;nan;0.0;0.0;285.0;0.0;285.0;0;1
8;72;nan;0.0;0.0;285.0;0.0;285.0;0;1
8;73;nan;0.0;0.0;285.0;0.0;285.0;0;1
8;74;nan;0.0;0.0;285.0;0.0;285.0;0;1
8;75;nan;0.0;0.0;285.0;0.0;285.0;0;1
8;76;nan;0.0;0.0;285.0;0.0;285.0;0;1
8;77;nan;0.0;0.0;285.0;0.0;285.0;0;1
8;78;nan;0.0;0.0;285.0;0.0;285.0;0;1
8;79;nan;0.0;0.0;285.0;0.0;285.0;0;1
8;80;nan;0.0;0.0;285.0;0.0;285.0;0;1
8;81;nan;0.0;0.0;285.0;0.0;285.0;0;1
8;82;nan;0.0;0.0;285.0;0.0;285.0;0;1
8;83;nan;0.0;0.0;285.0;0.0;285.0;0;1
8;84;nan;0.0;0.0;285.0;0.0;285.0;0;1
8;85;nan;0.0;0.0;285.0;0.0;285.0;0;1
8;86;nan;0.0;0.0;285.0;0.0;285.0;0;1
8;87;nan;0.0;0.0;285.0;0.0;285.0;0;1
8;88;nan;0.0;0.0;285.0;0.0;285.0;0;1
8;89;nan;0.0;0.0;285.0;0.0;285.0;0;1
8;90;nan;0.0;0.0;281.0;0.0;281.0;1;2
8;91;nan;0.0;0.0;306.0;0.0;281.0;0;2
8;92;nan;0.0;0.0;287.0;0.0;281.0;0;2
8;93;nan;0.0;0.0;294.0;0.0;281.0;0;2
8;94;nan;0.0;0.0;299.0;0.0;281.0;0;2
8;95;nan;0.0;0.0;287.0;0.0;281.0;0;2
8;96;nan;0.0;0.0;282.0;0.0;281.0;0;2
8;97;nan;0.0;0.0;283.0;0.0;281.0;0;2
8;98;nan;0.0;0.0;288.0;0.0;281.0;0;2
8;99;nan;0.0;0.0;310.0;0.0;281.0;0;2
8;100;nan;0.0;0.0;307.0;0.0;281.0;0;2
8;101;nan;0.0;0.0;285.0;0.0;281.0;0;2
8;102;nan;0.0;0.0;284.0;0.0;281.0;0;2
8;103;nan;0.0;0.0;301.0;0.0;281.0;0;2
8;104;nan;0.0;0.0;284.0;0.0;281.0;0;2
8;105;nan;0.0;0.0;291.0;0.0;281.0;0;2
8;106;nan;0.0;0.0;285.0;0.0;281.0;0;2
8;107;nan;0.0;0.0;282.0;0.0;281.0;0;2
8;108;nan;0.0;0.0;286.0;0.0;281.0;0;2
8;109;nan;0.0;0.0;280.0;0.0;280.0;1;3
8;110;nan;0.0;0.0;280.0;0.0;280.0;0;3
8;111;nan;0.0;0.0;280.0;0.0;280.0;0;3
8;112;nan;0.0;0.0;280.0;0.0;280.0;0;3
8;113;nan;0.0;0.0;280.0;0.0;280.0;0;3
8;114;nan;0.0;0.0;280.0;0.0;280.0;0;3
8;115;nan;0.0;0.0;280.0;0.0;280.0;0;3
8;116;nan;0.0;0.0;280.0;0.0;280.0;0;3
8;117;nan;0.0;0.0;280.0;0.0;280.0;0;3
8;118;nan;0.0;0.0;280.0;0.0;280.0;0;3
8;119;nan;0.0;0.0;280.0;0.0;280.0;0;3
8;120;nan;0.0;0.0;280.0;0.0;280.0;0;3
8;121;nan;0.0;0.0;280.0;0.0;280.0;0;3
8;122;nan;0.0;0.0;280.0;0.0;280.0;0;3
8;123;nan;0.0;0.0;280.0;0.0;280.0;0;3
8;124;nan;0.0;0.0;280.0;0.0;280.0;0;3
8;125;nan;0.0;0.0;280.0;0.0;280.0;0;3
8;126;nan;0.0;0.0;280.0;0.0;280.0;0;3
8;127;nan;0.0;0.0;280.0;0.0;280.0;0;3
8;128;nan;0.0;0.0;280.0;0.0;280.0;0;3
8;129;nan;0.0;0.0;280.0;0.0;280.0;0;3
8;130;nan;0.0;0.0;280.0;0.0;280.0;0;3
8;131;nan;0.0;0.0;280.0;0.0;280.0;0;3
8;132;nan;0.0;0.0;280.0;0.0;280.0;0;3
8;133;nan;0.0;0.0;280.0;0.0;280.0;0;3
8;134;nan;0.0;0.0;280.0;0.0;280.0;0;3
8;135;nan;0.0;0.0;280.0;0.0;280.0;0;3
8;136;nan;0.0;0.0;280.0;0.0;280.0;0;3
8;137;nan;0.0;0.0;280.0;0.0;280.0;0;3
8;138;nan;0.0;0.0;280.0;0.0;280.0;0;3
8;139;nan;0.0;0.0;280.0;0.0;280.0;0;3
8;140;nan;0.0;0.0;280.0;0.0;280.0;0;3
8;141;nan;0.0;0.0;280.0;0.0;280.0;0;3
8;142;nan;0.0;0.0;280.0;0.0;280.0;0;3
8;143;nan;0.0;0.0;280.0;0.0;280.0;0;3
8;144;nan;0.0;0.0;280.0;0.0;280.0;0;3
8;145;nan;0.0;0.0;280.0;0.0;280.0;0;3
8;146;nan;0.0;0.0;280.0;0.0;280.0;0;3
8;147;nan;0.0;0.0;280.0;0.0;280.0;0;3
8;148;nan;0.0;0.0;280.0;0.0;280.0;0;3
8;149;nan;0.0;0.0;280.0;0.0;280.0;0;3
9;0;nan;0.0;0.0;287.0;0.0;287.0;1;1
9;1;nan;0.0;0.0;287.0;0.0;287.0;0;1
9;2;nan;0.0;0.0;287.0;0.0;287.0;0;1
9;3;nan;0.0;0.0;287.0;0.0;287.0;0;1
9;4;nan;0.0;0.0;287.0;0.0;287.0;0;1
9;5;nan;0.0;0.0;287.0;0.0;287.0;0;1
9;6;nan;0.0;0.0;287.0;0.0;287.0;0;1
9;7;nan;0.0;0.0;287.0;0.0;287.0;0;1
9;8;nan;0.0;0.0;287.0;0.0;287.0;0;1
9;9;nan;0.0;0.0;287.0;0.0;287.0;0;1
9;10;nan;0.0;0.0;287.0;0.0;287.0;0;1
9;11;nan;0.0;0.0;287.0;0.0;287.0;0;1
9;12;nan;0.0;0.0;287.0;0.0;287.0;0;1
9;13;nan;0.0;0.0;287.0;0.0;287.0;0;1
9;14;nan;0.0;0.0;287.0;0.0;287.0;0;1
9;15;nan;0.0;0.0;287.0;0.0;287.0;0;1
9;16;nan;0.0;0.0;287.0;0.0;287.0;0;1
9;17;nan;0.0;0.0;287.0;0.0;287.0;0;1
9;18;nan;0.0;0.0;287.0;0.0;287.0;0;1
9;19;nan;0.0;0.0;287.0;0.0;287.0;0;1
9;20;nan;0.0;0.0;287.0;0.0;287.0;0;1
9;21;nan;0.0;0.0;287.0;0.0;287.0;0;1
9;22;nan;0.0;0.0;287.0;0.0;287.0;0;1
9;23;nan;0.0;0.0;287.0;0.0;287.0;0;1
9;24;nan;0.0;0.0;287.0;0.0;287.0;0;1
9;25;nan;0.0;0.0;287.0;0.0;287.0;0;1
9;26;nan;0.0;0.0;287.0;0.0;287.0;0;1
9;27;nan;0.0;0.0;287.0;0.0;287.0;0;1
9;28;nan;0.0;0.0;287.0;0.0;287.0;0;1
9;29;nan;0.0;0.0;287.0;0.0;287.0;0;1
9;30;nan;0.0;0.0;281.0;0.0;281.0;1;2
9;31;nan;0.0;0.0;287.0;0.0;281.0;0;2
9;32;nan;0.0;0.0;318.0;0.0;281.0;0;2
9;33;nan;0.0;0.0;292.0;0.0;281.0;0;2
9;34;nan;0.0;0.0;280.0;0.0;281.0;1;3
9;35;nan;0.0;0.0;279.0;0.0;279.0;0;3
9;36;nan;0.0;0.0;279.0;0.0;279.0;0;3
9;37;nan;0.0;0.0;279.0;0.0;279.0;0;3
9;38;nan;0.0;0.0;279.0;0.0;279.0;0;3
9;39;nan;0.0;0.0;279.0;0.0;279.0;0;3
9;40;nan;0.0;0.0;279.0;0.0;279.0;0;3
9;41;nan;0.0;0.0;279.0;0.0;279.0;0;3
9;42;nan;0.0;0.0;279.0;0.0;279.0;0;3
9;43;nan;0.0;0.0;279.0;0.0;279.0;0;3
9;44;nan;0.0;0.0;279.0;0.0;279.0;0;3
9;45;nan;0.0;0.0;279.0;0.0;279.0;0;3
9;46;nan;0.0;0.0;279.0;0.0;279.0;0;3
9;47;nan;0.0;0.0;279.0;0.0;279.0;0;3
9;48;nan;0.0;0.0;279.0;0.0;279.0;0;3
9;49;nan;0.0;0.0;279.0;0.0;279.0;0;3
9;50;nan;0.0;0.0;279.0;0.0;279.0;0;3
9;51;nan;0.0;0.0;279.0;0.0;279.0;0;3
9;52;nan;0.0;0.0;279.0;0.0;279.0;0;3
9;53;nan;0.0;0.0;279.0;0.0;279.0;0;3
9;54;nan;0.0;0.0;279.0;0.0;279.0;0;3
9;55;nan;0.0;0.0;279.0;0.0;279.0;0;3
9;56;nan;0.0;0.0;279.0;0.0;279.0;0;3
9;57;nan;0.0;0.0;279.0;0.0;279.0;0;3
9;58;nan;0.0;0.0;279.0;0.0;279.0;0;3
9;59;nan;0.0;0.0;279.0;0.0;279.0;0;3
9;60;nan;0.0;0.0;279.0;0.0;279.0;0;3
9;61;nan;0.0;0.0;279.0;0.0;279.0;0;3
9;62;nan;0.0;0.0;279.0;0.0;279.0;0;3
9;63;nan;0.0;0.0;279.0;0.0;279.0;0;3
9;64;nan;0.0;0.0;279.0;0.0;279.0;0;3
9;65;nan;0.0;0.0;279.0;0.0;279.0;0;3
9;66;nan;0.0;0.0;279.0;0.0;279.0;0;3
9;67;nan;0.0;0.0;279.0;0.0;279.0;0;3
9;68;nan;0.0;0.0;279.0;0.0;279.0;0;3
9;69;nan;0.0;0.0;279.0;0.0;279.0;0;3
9;70;nan;0.0;0.0;279.0;0.0;279.0;0;3
9;71;nan;0.0;0.0;279.0;0.0;279.0;0;3
9;72;nan;0.0;0.0;279.0;0.0;279.0;0;3
9;73;nan;0.0;0.0;279.0;0.0;279.0;0;3
9;74;nan;0.0;0.0;279.0;0.0;279.0;0;3
9;75;nan;0.0;0.0;279.0;0.0;279.0;0;3
9;76;nan;0.0;0.0;279.0;0.0;279.0;0;3
9;77;nan;0.0;0.0;279.0;0.0;279.0;0;3
9;78;nan;0.0;0.0;279.0;0.0;279.0;0;3
9;79;nan;0.0;0.0;279.0;0.0;279.0;0;3
9;80;nan;0.0;0.0;279.0;0.0;279.0;0;3
9;81;nan;0.0;0.0;279.0;0.0;279.0;0;3
9;82;nan;0.0;0.0;279.0;0.0;279.0;0;3
9;83;nan;0.0;0.0;279.0;0.0;279.0;0;3
9;84;nan;0.0;0.0;279.0;0.0;279.0;0;3
9;85;nan;0.0;0.0;279.0;0.0;279.0;0;3
9;86;nan;0.0;0.0;279.0;0.0;279.0;0;3
9;87;nan;0.0;0.0;279.0;0.0;279.0;0;3
9;88;nan;0.0;0.0;279.0;0.0;279.0;0;3
9;89;nan;0.0;0.0;279.0;0.0;279.0;0;3
9;90;nan;0.0;0.0;279.0;0.0;279.0;0;3
9;91;nan;0.0;0.0;279.0;0.0;279.0;0;3
9;92;nan;0.0;0.0;279.0;0.0;279.0;0;3
9;93;nan;0.0;0.0;279.0;0.0;279.0;0;3
9;94;nan;0.0;0.0;279.0;0.0;279.0;0;3
9;95;nan;0.0;0.0;279.0;0.0;279.0;0;3
9;96;nan;0.0;0.0;279.0;0.0;279.0;0;3
9;97;nan;0.0;0.0;279.0;0.0;279.0;0;3
9;98;nan;0.0;0.0;279.0;0.0;279.0;0;3
9;99;nan;0.0;0.0;279.0;0.0;279.0;0;3
9;100;nan;0.0;0.0;279.0;0.0;279.0;0;3
9;101;nan;0.0;0.0;279.0;0.0;279.0;0;3
9;102;nan;0.0;0.0;279.0;0.0;279.0;0;3
9;103;nan;0.0;0.0;279.0;0.0;279.0;0;3
9;104;nan;0.0;0.0;279.0;0.0;279.0;0;3
9;105;nan;0.0;0.0;279.0;0.0;279.0;0;3
9;106;nan;0.0;0.0;279.0;0.0;279.0;0;3
9;107;nan;0.0;0.0;279.0;0.0;279.0;0;3
9;108;nan;0.0;0.0;279.0;0.0;279.0;0;3
9;109;nan;0.0;0.0;279.0;0.0;279.0;0;3
9;110;nan;0.0;0.0;279.0;0.0;279.0;0;3
9;111;nan;0.0;0.0;279.0;0.0;279.0;0;3
9;112;nan;0.0;0.0;279.0;0.0;279.0;0;3
9;113;nan;0.0;0.0;279.0;0.0;279.0;0;3
9;114;nan;0.0;0.0;279.0;0.0;279.0;0;3
9;115;nan;0.0;0.0;279.0;0.0;279.0;0;3
9;116;nan;0.0;0.0;279.0;0.0;279.0;0;3
9;117;nan;0.0;0.0;279.0;0.0;279.0;0;3
9;118;nan;0.0;0.0;279.0;0.0;279.0;0;3
9;119;nan;0.0;0.0;279.0;0.0;279.0;0;3
9;120;nan;0.0;0.0;279.0;0.0;279.0;0;3
9;121;nan;0.0;0.0;279.0;0.0;279.0;0;3
9;122;nan;0.0;0.0;279.0;0.0;279.0;0;3
9;123;nan;0.0;0.0;279.0;0.0;279.0;0;3
9;124;nan;0.0;0.0;279.0;0.0;279.0;0;3
9;125;nan;0.0;0.0;279.0;0.0;279.0;0;3
9;126;nan;0.0;0.0;279.0;0.0;279.0;0;3
9;127;nan;0.0;0.0;279.0;0.0;279.0;0;3
9;128;nan;0.0;0.0;279.0;0.0;279.0;0;3
9;129;nan;0.0;0.0;279.0;0.0;279.0;0;3
9;130;nan;0.0;0.0;279.0;0.0;279.0;0;3
9;131;nan;0.0;0.0;279.0;0.0;279.0;0;3
9;132;nan;0.0;0.0;279.0;0.0;279.0;0;3
9;133;nan;0.0;0.0;279.0;0.0;279.0;0;3
9;134;nan;0.0;0.0;279.0;0.0;279.0;0;3
9;135;nan;0.0;0.0;279.0;0.0;279.0;0;3
9;136;nan;0.0;0.0;279.0;0.0;279.0;0;3
9;137;nan;0.0;0.0;279.0;0.0;279.0;0;3
9;138;nan;0.0;0.0;279.0;0.0;279.0;0;3
9;139;nan;0.0;0.0;279.0;0.0;279.0;0;3
9;140;nan;0.0;0.0;279.0;0.0;279.0;0;3
9;141;nan;0.0;0.0;279.0;0.0;279.0;0;3
9;142;nan;0.0;0.0;279.0;0.0;279.0;0;3
9;143;nan;0.0;0.0;279.0;0.0;279.0;0;3
9;144;nan;0.0;0.0;279.0;0.0;279.0;0;3
9;145;nan;0.0;0.0;279.0;0.0;279.0;0;3
9;146;nan;0.0;0.0;279.0;0.0;279.0;0;3
9;147;nan;0.0;0.0;279.0;0.0;279.0;0;3
9;148;nan;0.0;0.0;279.0;0.0;279.0;0;3
9;149;nan;0.0;0.0;279.0;0.0;279.0;0;3
10;0;nan;0.0;0.0;285.0;0.0;283.0;1;1
10;1;nan;0.0;0.0;283.0;0.0;283.0;0;1
10;2;nan;0.0;0.0;283.0;0.0;283.0;0;1
10;3;nan;0.0;0.0;283.0;0.0;283.0;0;1
10;4;nan;0.0;0.0;283.0;0.0;283.0;0;1
10;5;nan;0.0;0.0;283.0;0.0;283.0;0;1
10;6;nan;0.0;0.0;283.0;0.0;283.0;0;1
10;7;nan;0.0;0.0;283.0;0.0;283.0;0;1
10;8;nan;0.0;0.0;283.0;0.0;283.0;0;1
10;9;nan;0.0;0.0;283.0;0.0;283.0;0;1
10;10;nan;0.0;0.0;283.0;0.0;283.0;0;1
10;11;nan;0.0;0.0;283.0;0.0;283.0;0;1
10;12;nan;0.0;0.0;283.0;0.0;283.0;0;1
10;13;nan;0.0;0.0;283.0;0.0;283.0;0;1
10;14;nan;0.0;0.0;283.0;0.0;283.0;0;1
10;15;nan;0.0;0.0;283.0;0.0;283.0;0;1
10;16;nan;0.0;0.0;283.0;0.0;283.0;0;1
10;17;nan;0.0;0.0;283.0;0.0;283.0;0;1
10;18;nan;0.0;0.0;283.0;0.0;283.0;0;1
10;19;nan;0.0;0.0;283.0;0.0;283.0;0;1
10;20;nan;0.0;0.0;283.0;0.0;283.0;0;1
10;21;nan;0.0;0.0;283.0;0.0;283.0;0;1
10;22;nan;0.0;0.0;283.0;0.0;283.0;0;1
10;23;nan;0.0;0.0;283.0;0.0;283.0;0;1
10;24;nan;0.0;0.0;283.0;0.0;283.0;0;1
10;25;nan;0.0;0.0;283.0;0.0;283.0;0;1
10;26;nan;0.0;0.0;283.0;0.0;283.0;0;1
10;27;nan;0.0;0.0;283.0;0.0;283.0;0;1
10;28;nan;0.0;0.0;283.0;0.0;283.0;0;1
10;29;nan;0.0;0.0;283.0;0.0;283.0;0;1
10;30;nan;0.0;0.0;283.0;0.0;283.0;0;1
10;31;nan;0.0;0.0;283.0;0.0;283.0;0;1
10;32;nan;0.0;0.0;283.0;0.0;283.0;0;1
10;33;nan;0.0;0.0;283.0;0.0;283.0;0;1
10;34;nan;0.0;0.0;283.0;0.0;283.0;0;1
10;35;nan;0.0;0.0;283.0;0.0;283.0;0;1
10;36;nan;0.0;0.0;283.0;0.0;283.0;0;1
10;37;nan;0.0;0.0;283.0;0.0;283.0;0;1
10;38;nan;0.0;0.0;283.0;0.0;283.0;0;1
10;39;nan;0.0;0.0;283.0;0.0;283.0;0;1
10;40;nan;0.0;0.0;283.0;0.0;283.0;0;1
10;41;nan;0.0;0.0;283.0;0.0;283.0;0;1
10;42;nan;0.0;0.0;283.0;0.0;283.0;0;1
10;43;nan;0.0;0.0;283.0;0.0;283.0;0;1
10;44;nan;0.0;0.0;283.0;0.0;283.0;0;1
10;45;nan;0.0;0.0;283.0;0.0;283.0;0;1
10;46;nan;0.0;0.0;283.0;0.0;283.0;0;1
10;47;nan;0.0;0.0;283.0;0.0;283.0;0;1
10;48;nan;0.0;0.0;283.0;0.0;283.0;0;1
10;49;nan;0.0;0.0;283.0;0.0;283.0;0;1
10;50;nan;0.0;0.0;283.0;0.0;283.0;0;1
10;51;nan;0.0;0.0;283.0;0.0;283.0;0;1
10;52;nan;0.0;0.0;283.0;0.0;283.0;0;1
10;53;nan;0.0;0.0;283.0;0.0;283.0;0;1
10;54;nan;0.0;0.0;283.0;0.0;283.0;0;1
10;55;nan;0.0;0.0;283.0;0.0;283.0;0;1
10;56;nan;0.0;0.0;283.0;0.0;283.0;0;1
10;57;nan;0.0;0.0;283.0;0.0;283.0;0;1
10;58;nan;0.0;0.0;283.0;0.0;283.0;0;1
10;59;nan;0.0;0.0;283.0;0.0;283.0;0;1
10;60;nan;0.0;0.0;283.0;0.0;283.0;0;1
10;61;nan;0.0;0.0;283.0;0.0;283.0;0;1
10;62;nan;0.0;0.0;283.0;0.0;283.0;0;1
10;63;nan;0.0;0.0;283.0;0.0;283.0;0;1
10;64;nan;0.0;0.0;283.0;0.0;283.0;0;1
10;65;nan;0.0;0.0;283.0;0.0;283.0;0;1
10;66;nan;0.0;0.0;283.0;0.0;283.0;0;1
10;67;nan;0.0;0.0;283.0;0.0;283.0;0;1
10;68;nan;0.0;0.0;283.0;0.0;283.0;0;1
10;69;nan;0.0;0.0;283.0;0.0;283.0;0;1
10;70;nan;0.0;0.0;283.0;0.0;283.0;0;1
10;71;nan;0.0;0.0;283.0;0.0;283.0;0;1
10;72;nan;0.0;0.0;283.0;0.0;283.0;0;1
10;73;nan;0.0;0.0;283.0;0.0;283.0;0;1
10;74;nan;0.0;0.0;283.0;0.0;283.0;0;1
10;75;nan;0.0;0.0;283.0;0.0;283.0;0;1
10;76;nan;0.0;0.0;283.0;0.0;283.0;0;1
10;77;nan;0.0;0.0;283.0;0.0;283.0;0;1
10;78;nan;0.0;0.0;283.0;0.0;283.0;0;1
10;79;nan;0.0;0.0;283.0;0.0;283.0;0;1
10;80;nan;0.0;0.0;283.0;0.0;283.0;0;1
10;81;nan;0.0;0.0;283.0;0.0;283.0;0;1
10;82;nan;0.0;0.0;283.0;0.0;283.0;0;1
10;83;nan;0.0;0.0;283.0;0.0;283.0;0;1
10;84;nan;0.0;0.0;283.0;0.0;283.0;0;1
10;85;nan;0.0;0.0;283.0;0.0;283.0;0;1
10;86;nan;0.0;0.0;283.0;0.0;283.0;0;1
10;87;nan;0.0;0.0;283.0;0.0;283.0;0;1
10;88;nan;0.0;0.0;283.0;0.0;283.0;0;1
10;89;nan;0.0;0.0;283.0;0.0;283.0;0;1
10;90;nan;0.0;0.0;283.0;0.0;283.0;0;1
10;91;nan;0.0;0.0;283.0;0.0;283.0;0;1
10;92;nan;0.0;0.0;283.0;0.0;283.0;0;1
10;93;nan;0.0;0.0;283.0;0.0;283.0;0;1
10;94;nan;0.0;0.0;283.0;0.0;283.0;0;1
10;95;nan;0.0;0.0;283.0;0.0;283.0;0;1
10;96;nan;0.0;0.0;283.0;0.0;283.0;0;1
10;97;nan;0.0;0.0;283.0;0.0;283.0;0;1
10;98;nan;0.0;0.0;283.0;0.0;283.0;0;1
10;99;nan;0.0;0.0;283.0;0.0;283.0;0;1
10;100;nan;0.0;0.0;283.0;0.0;283.0;0;1
10;101;nan;0.0;0.0;283.0;0.0;283.0;0;1
10;102;nan;0.0;0.0;283.0;0.0;283.0;0;1
10;103;nan;0.0;0.0;283.0;0.0;283.0;0;1
10;104;nan;0.0;0.0;283.0;0.0;283.0;0;1
10;105;nan;0.0;0.0;283.0;0.0;283.0;0;1
10;106;nan;0.0;0.0;283.0;0.0;283.0;0;1
10;107;nan;0.0;0.0;283.0;0.0;283.0;0;1
10;108;nan;0.0;0.0;283.0;0.0;283.0;0;1
10;109;nan;0.0;0.0;283.0;0.0;283.0;0;1
10;110;nan;0.0;0.0;283.0;0.0;283.0;0;1
10;111;nan;0.0;0.0;283.0;0.0;283.0;0;1
10;112;nan;0.0;0.0;283.0;0.0;283.0;0;1
10;113;nan;0.0;0.0;283.0;0.0;283.0;0;1
10;114;nan;0.0;0.0;283.0;0.0;283.0;0;1
10;115;nan;0.0;0.0;283.0;0.0;283.0;0;1
10;116;nan;0.0;0.0;283.0;0.0;283.0;0;1
10;117;nan;0.0;0.0;283.0;0.0;283.0;0;1
10;118;nan;0.0;0.0;283.0;0.0;283.0;0;1
10;119;nan;0.0;0.0;283.0;0.0;283.0;0;1
10;120;nan;0.0;0.0;283.0;0.0;283.0;0;1
10;121;nan;0.0;0.0;283.0;0.0;283.0;0;1
10;122;nan;0.0;0.0;283.0;0.0;283.0;0;1
10;123;nan;0.0;0.0;283.0;0.0;283.0;0;1
10;124;nan;0.0;0.0;283.0;0.0;283.0;0;1
10;125;nan;0.0;0.0;283.0;0.0;283.0;0;1
10;126;nan;0.0;0.0;283.0;0.0;283.0;0;1
10;127;nan;0.0;0.0;283.0;0.0;283.0;0;1
10;128;nan;0.0;0.0;283.0;0.0;283.0;0;1
10;129;nan;0.0;0.0;283.0;0.0;283.0;0;1
10;130;nan;0.0;0.0;283.0;0.0;283.0;0;1
10;131;nan;0.0;0.0;283.0;0.0;283.0;0;1
10;132;nan;0.0;0.0;283.0;0.0;283.0;0;1
10;133;nan;0.0;0.0;283.0;0.0;283.0;0;1
10;134;nan;0.0;0.0;283.0;0.0;283.0;0;1
10;135;nan;0.0;0.0;283.0;0.0;283.0;0;1
10;136;nan;0.0;0.0;283.0;0.0;283.0;0;1
10;137;nan;0.0;0.0;283.0;0.0;283.0;0;1
10;138;nan;0.0;0.0;283.0;0.0;283.0;0;1
10;139;nan;0.0;0.0;283.0;0.0;283.0;0;1
10;140;nan;0.0;0.0;283.0;0.0;283.0;0;1
10;141;nan;0.0;0.0;283.0;0.0;283.0;0;1
10;142;nan;0.0;0.0;283.0;0.0;283.0;0;1
10;143;nan;0.0;0.0;283.0;0.0;283.0;0;1
10;144;nan;0.0;0.0;283.0;0.0;283.0;0;1
10;145;nan;0.0;0.0;283.0;0.0;283.0;0;1
10;146;nan;0.0;0.0;283.0;0.0;283.0;0;1
10;147;nan;0.0;0.0;283.0;0.0;283.0;0;1
10;148;nan;0.0;0.0;283.0;0.0;283.0;0;1
10;149;nan;0.0;0.0;283.0;0.0;283.0;0;1
11;0;nan;0.0;0.0;279.0;0.0;279.0;1;1
11;1;nan;0.0;0.0;279.0;0.0;279.0;0;1
11;2;nan;0.0;0.0;279.0;0.0;279.0;0;1
11;3;nan;0.0;0.0;279.0;0.0;279.0;0;1
11;4;nan;0.0;0.0;279.0;0.0;279.0;0;1
11;5;nan;0.0;0.0;279.0;0.0;279.0;0;1
11;6;nan;0.0;0.0;279.0;0.0;279.0;0;1
11;7;nan;0.0;0.0;279.0;0.0;279.0;0;1
11;8;nan;0.0;0.0;279.0;0.0;279.0;0;1
11;9;nan;0.0;0.0;279.0;0.0;279.0;0;1
11;10;nan;0.0;0.0;279.0;0.0;279.0;0;1
11;11;nan;0.0;0.0;279.0;0.0;279.0;0;1
11;12;nan;0.0;0.0;279.0;0.0;279.0;0;1
11;13;nan;0.0;0.0;279.0;0.0;279.0;0;1
11;14;nan;0.0;0.0;279.0;0.0;279.0;0;1
11;15;nan;0.0;0.0;279.0;0.0;279.0;0;1
11;16;nan;0.0;0.0;279.0;0.0;279.0;0;1
11;17;nan;0.0;0.0;279.0;0.0;279.0;0;1
11;18;nan;0.0;0.0;279.0;0.0;279.0;0;1
11;19;nan;0.0;0.0;279.0;0.0;279.0;0;1
11;20;nan;0.0;0.0;279.0;0.0;279.0;0;1
11;21;nan;0.0;0.0;279.0;0.0;279.0;0;1
11;22;nan;0.0;0.0;279.0;0.0;279.0;0;1
11;23;nan;0.0;0.0;279.0;0.0;279.0;0;1
11;24;nan;0.0;0.0;279.0;0.0;279.0;0;1
11;25;nan;0.0;0.0;279.0;0.0;279.0;0;1
11;26;nan;0.0;0.0;279.0;0.0;279.0;0;1
11;27;nan;0.0;0.0;279.0;0.0;279.0;0;1
11;28;nan;0.0;0.0;279.0;0.0;279.0;0;1
11;29;nan;0.0;0.0;279.0;0.0;279.0;0;1
11;30;nan;0.0;0.0;274.0;0.0;274.0;1;2
11;31;nan;0.0;0.0;277.0;0.0;274.0;0;2
11;32;nan;0.0;0.0;279.0;0.0;274.0;0;2
11;33;nan;0.0;0.0;279.0;0.0;274.0;0;2
11;34;nan;0.0;0.0;284.0;0.0;274.0;0;2
11;35;nan;0.0;0.0;286.0;0.0;274.0;0;2
11;36;nan;0.0;0.0;298.0;0.0;274.0;0;2
11;37;nan;0.0;0.0;287.0;0.0;274.0;0;2
11;38;nan;0.0;0.0;301.0;0.0;274.0;0;2
11;39;nan;0.0;0.0;281.0;0.0;274.0;0;2
11;40;nan;0.0;0.0;287.0;0.0;274.0;0;2
11;41;nan;0.0;0.0;285.0;0.0;274.0;0;2
11;42;nan;0.0;0.0;285.0;0.0;274.0;0;2
11;43;nan;0.0;0.0;291.0;0.0;274.0;0;2
11;44;nan;0.0;0.0;284.0;0.0;274.0;0;2
11;45;nan;0.0;0.0;295.0;0.0;274.0;0;2
11;46;nan;0.0;0.0;279.0;0.0;274.0;0;2
11;47;nan;0.0;0.0;288.0;0.0;274.0;0;2
11;48;nan;0.0;0.0;307.0;0.0;274.0;0;2
11;49;nan;0.0;0.0;283.0;0.0;274.0;0;2
11;50;nan;0.0;0.0;286.0;0.0;274.0;0;2
11;51;nan;0.0;0.0;317.0;0.0;274.0;0;2
11;52;nan;0.0;0.0;310.0;0.0;274.0;0;2
11;53;nan;0.0;0.0;300.0;0.0;274.0;0;2
11;54;nan;0.0;0.0;294.0;0.0;274.0;0;2
11;55;nan;0.0;0.0;278.0;0.0;274.0;0;2
11;56;nan;0.0;0.0;287.0;0.0;274.0;0;2
11;57;nan;0.0;0.0;278.0;0.0;274.0;0;2
11;58;nan;0.0;0.0;288.0;0.0;274.0;0;2
11;59;nan;0.0;0.0;296.0;0.0;274.0;0;2
11;60;nan;0.0;0.0;271.0;0.0;271.0;1;3
11;61;nan;0.0;0.0;282.0;0.0;271.0;0;3
11;62;nan;0.0;0.0;277.0;0.0;271.0;0;3
11;63;nan;0.0;0.0;285.0;0.0;271.0;0;3
11;64;nan;0.0;0.0;288.0;0.0;271.0;0;3
11;65;nan;0.0;0.0;285.0;0.0;271.0;0;3
11;66;nan;0.0;0.0;282.0;0.0;271.0;0;3
11;67;nan;0.0;0.0;286.0;0.0;271.0;0;3
11;68;nan;0.0;0.0;284.0;0.0;271.0;0;3
11;69;nan;0.0;0.0;286.0;0.0;271.0;0;3
11;70;nan;0.0;0.0;273.0;0.0;271.0;0;3
11;71;nan;0.0;0.0;286.0;0.0;271.0;0;3
11;72;nan;0.0;0.0;288.0;0.0;271.0;0;3
11;73;nan;0.0;0.0;296.0;0.0;271.0;0;3
11;74;nan;0.0;0.0;290.0;0.0;271.0;0;3
11;75;nan;0.0;0.0;290.0;0.0;271.0;0;3
11;76;nan;0.0;0.0;290.0;0.0;271.0;0;3
11;77;nan;0.0;0.0;286.0;0.0;271.0;0;3
11;78;nan;0.0;0.0;287.0;0.0;271.0;0;3
11;79;nan;0.0;0.0;325.0;0.0;271.0;0;3
11;80;nan;0.0;0.0;294.0;0.0;271.0;0;3
11;81;nan;0.0;0.0;288.0;0.0;271.0;0;3
11;82;nan;0.0;0.0;293.0;0.0;271.0;0;3
11;83;nan;0.0;0.0;297.0;0.0;271.0;0;3
11;84;nan;0.0;0.0;326.0;0.0;271.0;0;3
11;85;nan;0.0;0.0;276.0;0.0;271.0;0;3
11;86;nan;0.0;0.0;291.0;0.0;271.0;0;3
11;87;nan;0.0;0.0;286.0;0.0;271.0;0;3
11;88;nan;0.0;0.0;284.0;0.0;271.0;0;3
11;89;nan;0.0;0.0;300.0;0.0;271.0;0;3
11;90;nan;0.0;0.0;272.0;0.0;271.0;0;3
11;91;nan;0.0;0.0;299.0;0.0;271.0;0;3
11;92;nan;0.0;0.0;288.0;0.0;271.0;0;3
11;93;nan;0.0;0.0;287.0;0.0;271.0;0;3
11;94;nan;0.0;0.0;285.0;0.0;271.0;0;3
11;95;nan;0.0;0.0;290.0;0.0;271.0;0;3
11;96;nan;0.0;0.0;311.0;0.0;271.0;0;3
11;97;nan;0.0;0.0;287.0;0.0;271.0;0;3
11;98;nan;0.0;0.0;278.0;0.0;271.0;0;3
11;99;nan;0.0;0.0;285.0;0.0;271.0;0;3
11;100;nan;0.0;0.0;287.0;0.0;271.0;0;3
11;101;nan;0.0;0.0;313.0;0.0;271.0;0;3
11;102;nan;0.0;0.0;300.0;0.0;271.0;0;3
11;103;nan;0.0;0.0;289.0;0.0;271.0;0;3
11;104;nan;0.0;0.0;307.0;0.0;271.0;0;3
11;105;nan;0.0;0.0;283.0;0.0;271.0;0;3
11;106;nan;0.0;0.0;285.0;0.0;271.0;0;3
11;107;nan;0.0;0.0;289.0;0.0;271.0;0;3
11;108;nan;0.0;0.0;287.0;0.0;271.0;0;3
11;109;nan;0.0;0.0;288.0;0.0;271.0;0;3
11;110;nan;0.0;0.0;281.0;0.0;271.0;0;3
11;111;nan;0.0;0.0;286.0;0.0;271.0;0;3
11;112;nan;0.0;0.0;282.0;0.0;271.0;0;3
11;113;nan;0.0;0.0;303.0;0.0;271.0;0;3
11;114;nan;0.0;0.0;292.0;0.0;271.0;0;3
11;115;nan;0.0;0.0;294.0;0.0;271.0;0;3
11;116;nan;0.0;0.0;287.0;0.0;271.0;0;3
11;117;nan;0.0;0.0;297.0;0.0;271.0;0;3
11;118;nan;0.0;0.0;279.0;0.0;271.0;0;3
11;119;nan;0.0;0.0;279.0;0.0;271.0;0;3
11;120;nan;0.0;0.0;280.0;0.0;271.0;0;3
11;121;nan;0.0;0.0;281.0;0.0;271.0;0;3
11;122;nan;0.0;0.0;279.0;0.0;271.0;0;3
11;123;nan;0.0;0.0;293.0;0.0;271.0;0;3
11;124;nan;0.0;0.0;296.0;0.0;271.0;0;3
11;125;nan;0.0;0.0;275.0;0.0;271.0;0;3
11;126;nan;0.0;0.0;285.0;0.0;271.0;0;3
11;127;nan;0.0;0.0;299.0;0.0;271.0;0;3
11;128;nan;0.0;0.0;285.0;0.0;271.0;0;3
11;129;nan;0.0;0.0;283.0;0.0;271.0;0;3
11;130;nan;0.0;0.0;287.0;0.0;271.0;0;3
11;131;nan;0.0;0.0;285.0;0.0;271.0;0;3
11;132;nan;0.0;0.0;297.0;0.0;271.0;0;3
11;133;nan;0.0;0.0;280.0;0.0;271.0;0;3
11;134;nan;0.0;0.0;281.0;0.0;271.0;0;3
11;135;nan;0.0;0.0;312.0;0.0;271.0;0;3
11;136;nan;0.0;0.0;280.0;0.0;271.0;0;3
11;137;nan;0.0;0.0;295.0;0.0;271.0;0;3
11;138;nan;0.0;0.0;314.0;0.0;271.0;0;3
11;139;nan;0.0;0.0;281.0;0.0;271.0;0;3
11;140;nan;0.0;0.0;290.0;0.0;271.0;0;3
11;141;nan;0.0;0.0;287.0;0.0;271.0;0;3
11;142;nan;0.0;0.0;287.0;0.0;271.0;0;3
11;143;nan;0.0;0.0;285.0;0.0;271.0;0;3
11;144;nan;0.0;0.0;278.0;0.0;271.0;0;3
11;145;nan;0.0;0.0;291.0;0.0;271.0;0;3
11;146;nan;0.0;0.0;275.0;0.0;271.0;0;3
11;147;nan;0.0;0.0;289.0;0.0;271.0;0;3
11;148;nan;0.0;0.0;281.0;0.0;271.0;0;3
11;149;nan;0.0;0.0;283.0;0.0;271.0;0;3
12;0;nan;0.0;0.0;286.0;0.0;286.0;1;1
12;1;nan;0.0;0.0;286.0;0.0;286.0;0;1
12;2;nan;0.0;0.0;286.0;0.0;286.0;0;1
12;3;nan;0.0;0.0;286.0;0.0;286.0;0;1
12;4;nan;0.0;0.0;286.0;0.0;286.0;0;1
12;5;nan;0.0;0.0;286.0;0.0;286.0;0;1
12;6;nan;0.0;0.0;286.0;0.0;286.0;0;1
12;7;nan;0.0;0.0;286.0;0.0;286.0;0;1
12;8;nan;0.0;0.0;286.0;0.0;286.0;0;1
12;9;nan;0.0;0.0;286.0;0.0;286.0;0;1
12;10;nan;0.0;0.0;286.0;0.0;286.0;0;1
12;11;nan;0.0;0.0;286.0;0.0;286.0;0;1
12;12;nan;0.0;0.0;286.0;0.0;286.0;0;1
12;13;nan;0.0;0.0;286.0;0.0;286.0;0;1
12;14;nan;0.0;0.0;286.0;0.0;286.0;0;1
12;15;nan;0.0;0.0;286.0;0.0;286.0;0;1
12;16;nan;0.0;0.0;286.0;0.0;286.0;0;1
12;17;nan;0.0;0.0;286.0;0.0;286.0;0;1
12;18;nan;0.0;0.0;286.0;0.0;286.0;0;1
12;19;nan;0.0;0.0;286.0;0.0;286.0;0;1
12;20;nan;0.0;0.0;286.0;0.0;286.0;0;1
12;21;nan;0.0;0.0;286.0;0.0;286.0;0;1
12;22;nan;0.0;0.0;286.0;0.0;286.0;0;1
12;23;nan;0.0;0.0;286.0;0.0;286.0;0;1
12;24;nan;0.0;0.0;286.0;0.0;286.0;0;1
12;25;nan;0.0;0.0;286.0;0.0;286.0;0;1
12;26;nan;0.0;0.0;286.0;0.0;286.0;0;1
12;27;nan;0.0;0.0;286.0;0.0;286.0;0;1
12;28;nan;0.0;0.0;286.0;0.0;286.0;0;1
12;29;nan;0.0;0.0;286.0;0.0;286.0;0;1
12;30;nan;0.0;0.0;286.0;0.0;286.0;0;1
12;31;nan;0.0;0.0;286.0;0.0;286.0;0;1
12;32;nan;0.0;0.0;286.0;0.0;286.0;0;1
12;33;nan;0.0;0.0;286.0;0.0;286.0;0;1
12;34;nan;0.0;0.0;286.0;0.0;286.0;0;1
12;35;nan;0.0;0.0;286.0;0.0;286.0;0;1
12;36;nan;0.0;0.0;286.0;0.0;286.0;0;1
12;37;nan;0.0;0.0;286.0;0.0;286.0;0;1
12;38;nan;0.0;0.0;286.0;0.0;286.0;0;1
12;39;nan;0.0;0.0;286.0;0.0;286.0;0;1
12;40;nan;0.0;0.0;286.0;0.0;286.0;0;1
12;41;nan;0.0;0.0;286.0;0.0;286.0;0;1
12;42;nan;0.0;0.0;286.0;0.0;286.0;0;1
12;43;nan;0.0;0.0;286.0;0.0;286.0;0;1
12;44;nan;0.0;0.0;286.0;0.0;286.0;0;1
12;45;nan;0.0;0.0;286.0;0.0;286.0;0;1
12;46;nan;0.0;0.0;286.0;0.0;286.0;0;1
12;47;nan;0.0;0.0;286.0;0.0;286.0;0;1
12;48;nan;0.0;0.0;286.0;0.0;286.0;0;1
12;49;nan;0.0;0.0;286.0;0.0;286.0;0;1
12;50;nan;0.0;0.0;286.0;0.0;286.0;0;1
12;51;nan;0.0;0.0;286.0;0.0;286.0;0;1
12;52;nan;0.0;0.0;286.0;0.0;286.0;0;1
12;53;nan;0.0;0.0;286.0;0.0;286.0;0;1
12;54;nan;0.0;0.0;286.0;0.0;286.0;0;1
12;55;nan;0.0;0.0;286.0;0.0;286.0;0;1
12;56;nan;0.0;0.0;286.0;0.0;286.0;0;1
12;57;nan;0.0;0.0;286.0;0.0;286.0;0;1
12;58;nan;0.0;0.0;286.0;0.0;286.0;0;1
12;59;nan;0.0;0.0;286.0;0.0;286.0;0;1
12;60;nan;0.0;0.0;283.0;0.0;283.0;1;2
12;61;nan;0.0;0.0;287.0;0.0;283.0;0;2
12;62;nan;0.0;0.0;286.0;0.0;283.0;0;2
12;63;nan;0.0;0.0;308.0;0.0;283.0;0;2
12;64;nan;0.0;0.0;280.0;0.0;283.0;1;3
12;65;nan;0.0;0.0;279.0;0.0;279.0;0;3
12;66;nan;0.0;0.0;279.0;0.0;279.0;0;3
12;67;nan;0.0;0.0;279.0;0.0;279.0;0;3
12;68;nan;0.0;0.0;279.0;0.0;279.0;0;3
12;69;nan;0.0;0.0;279.0;0.0;279.0;0;3
12;70;nan;0.0;0.0;279.0;0.0;279.0;0;3
12;71;nan;0.0;0.0;279.0;0.0;279.0;0;3
12;72;nan;0.0;0.0;279.0;0.0;279.0;0;3
12;73;nan;0.0;0.0;279.0;0.0;279.0;0;3
12;74;nan;0.0;0.0;279.0;0.0;279.0;0;3
12;75;nan;0.0;0.0;279.0;0.0;279.0;0;3
12;76;nan;0.0;0.0;279.0;0.0;279.0;0;3
12;77;nan;0.0;0.0;279.0;0.0;279.0;0;3
12;78;nan;0.0;0.0;279.0;0.0;279.0;0;3
12;79;nan;0.0;0.0;279.0;0.0;279.0;0;3
12;80;nan;0.0;0.0;279.0;0.0;279.0;0;3
12;81;nan;0.0;0.0;279.0;0.0;279.0;0;3
12;82;nan;0.0;0.0;279.0;0.0;279.0;0;3
12;83;nan;0.0;0.0;279.0;0.0;279.0;0;3
12;84;nan;0.0;0.0;279.0;0.0;279.0;0;3
12;85;nan;0.0;0.0;279.0;0.0;279.0;0;3
12;86;nan;0.0;0.0;279.0;0.0;279.0;0;3
12;87;nan;0.0;0.0;279.0;0.0;279.0;0;3
12;88;nan;0.0;0.0;279.0;0.0;279.0;0;3
12;89;nan;0.0;0.0;279.0;0.0;279.0;0;3
12;90;nan;0.0;0.0;279.0;0.0;279.0;0;3
12;91;nan;0.0;0.0;279.0;0.0;279.0;0;3
12;92;nan;0.0;0.0;279.0;0.0;279.0;0;3
12;93;nan;0.0;0.0;279.0;0.0;279.0;0;3
12;94;nan;0.0;0.0;279.0;0.0;279.0;0;3
12;95;nan;0.0;0.0;277.0;0.0;277.0;1;4
12;96;nan;0.0;0.0;277.0;0.0;277.0;0;4
12;97;nan;0.0;0.0;277.0;0.0;277.0;0;4
12;98;nan;0.0;0.0;277.0;0.0;277.0;0;4
12;99;nan;0.0;0.0;277.0;0.0;277.0;0;4
12;100;nan;0.0;0.0;277.0;0.0;277.0;0;4
12;101;nan;0.0;0.0;277.0;0.0;277.0;0;4
12;102;nan;0.0;0.0;277.0;0.0;277.0;0;4
12;103;nan;0.0;0.0;277.0;0.0;277.0;0;4
12;104;nan;0.0;0.0;277.0;0.0;277.0;0;4
12;105;nan;0.0;0.0;277.0;0.0;277.0;0;4
12;106;nan;0.0;0.0;277.0;0.0;277.0;0;4
12;107;nan;0.0;0.0;277.0;0.0;277.0;0;4
12;108;nan;0.0;0.0;277.0;0.0;277.0;0;4
12;109;nan;0.0;0.0;277.0;0.0;277.0;0;4
12;110;nan;0.0;0.0;277.0;0.0;277.0;0;4
12;111;nan;0.0;0.0;277.0;0.0;277.0;0;4
12;112;nan;0.0;0.0;277.0;0.0;277.0;0;4
12;113;nan;0.0;0.0;277.0;0.0;277.0;0;4
12;114;nan;0.0;0.0;277.0;0.0;277.0;0;4
12;115;nan;0.0;0.0;277.0;0.0;277.0;0;4
12;116;nan;0.0;0.0;277.0;0.0;277.0;0;4
12;117;nan;0.0;0.0;277.0;0.0;277.0;0;4
12;118;nan;0.0;0.0;277.0;0.0;277.0;0;4
12;119;nan;0.0;0.0;277.0;0.0;277.0;0;4
12;120;nan;0.0;0.0;277.0;0.0;277.0;0;4
12;121;nan;0.0;0.0;277.0;0.0;277.0;0;4
12;122;nan;0.0;0.0;277.0;0.0;277.0;0;4
12;123;nan;0.0;0.0;277.0;0.0;277.0;0;4
12;124;nan;0.0;0.0;277.0;0.0;277.0;0;4
12;125;nan;0.0;0.0;277.0;0.0;277.0;0;4
12;126;nan;0.0;0.0;277.0;0.0;277.0;0;4
12;127;nan;0.0;0.0;277.0;0.0;277.0;0;4
12;128;nan;0.0;0.0;277.0;0.0;277.0;0;4
12;129;nan;0.0;0.0;277.0;0.0;277.0;0;4
12;130;nan;0.0;0.0;277.0;0.0;277.0;0;4
12;131;nan;0.0;0.0;277.0;0.0;277.0;0;4
12;132;nan;0.0;0.0;277.0;0.0;277.0;0;4
12;133;nan;0.0;0.0;277.0;0.0;277.0;0;4
12;134;nan;0.0;0.0;277.0;0.0;277.0;0;4
12;135;nan;0.0;0.0;277.0;0.0;277.0;0;4
12;136;nan;0.0;0.0;277.0;0.0;277.0;0;4
12;137;nan;0.0;0.0;277.0;0.0;277.0;0;4
12;138;nan;0.0;0.0;277.0;0.0;277.0;0;4
12;139;nan;0.0;0.0;277.0;0.0;277.0;0;4
12;140;nan;0.0;0.0;277.0;0.0;277.0;0;4
12;141;nan;0.0;0.0;277.0;0.0;277.0;0;4
12;142;nan;0.0;0.0;277.0;0.0;277.0;0;4
12;143;nan;0.0;0.0;277.0;0.0;277.0;0;4
12;144;nan;0.0;0.0;277.0;0.0;277.0;0;4
12;145;nan;0.0;0.0;277.0;0.0;277.0;0;4
12;146;nan;0.0;0.0;277.0;0.0;277.0;0;4
12;147;nan;0.0;0.0;277.0;0.0;277.0;0;4
12;148;nan;0.0;0.0;277.0;0.0;277.0;0;4
12;149;nan;0.0;0.0;277.0;0.0;277.0;0;4
13;0;nan;0.0;0.0;281.0;0.0;275.0;1;1
13;1;nan;0.0;0.0;275.0;0.0;275.0;0;1
13;2;nan;0.0;0.0;275.0;0.0;275.0;0;1
13;3;nan;0.0;0.0;275.0;0.0;275.0;0;1
13;4;nan;0.0;0.0;275.0;0.0;275.0;0;1
13;5;nan;0.0;0.0;275.0;0.0;275.0;0;1
13;6;nan;0.0;0.0;275.0;0.0;275.0;0;1
13;7;nan;0.0;0.0;275.0;0.0;275.0;0;1
13;8;nan;0.0;0.0;275.0;0.0;275.0;0;1
13;9;nan;0.0;0.0;275.0;0.0;275.0;0;1
13;10;nan;0.0;0.0;275.0;0.0;275.0;0;1
13;11;nan;0.0;0.0;275.0;0.0;275.0;0;1
13;12;nan;0.0;0.0;275.0;0.0;275.0;0;1
13;13;nan;0.0;0.0;275.0;0.0;275.0;0;1
13;14;nan;0.0;0.0;275.0;0.0;275.0;0;1
13;15;nan;0.0;0.0;275.0;0.0;275.0;0;1
13;16;nan;0.0;0.0;275.0;0.0;275.0;0;1
13;17;nan;0.0;0.0;275.0;0.0;275.0;0;1
13;18;nan;0.0;0.0;275.0;0.0;275.0;0;1
13;19;nan;0.0;0.0;275.0;0.0;275.0;0;1
13;20;nan;0.0;0.0;275.0;0.0;275.0;0;1
13;21;nan;0.0;0.0;275.0;0.0;275.0;0;1
13;22;nan;0.0;0.0;275.0;0.0;275.0;0;1
13;23;nan;0.0;0.0;275.0;0.0;275.0;0;1
13;24;nan;0.0;0.0;275.0;0.0;275.0;0;1
13;25;nan;0.0;0.0;275.0;0.0;275.0;0;1
13;26;nan;0.0;0.0;275.0;0.0;275.0;0;1
13;27;nan;0.0;0.0;275.0;0.0;275.0;0;1
13;28;nan;0.0;0.0;275.0;0.0;275.0;0;1
13;29;nan;0.0;0.0;275.0;0.0;275.0;0;1
13;30;nan;0.0;0.0;275.0;0.0;275.0;0;1
13;31;nan;0.0;0.0;275.0;0.0;275.0;0;1
13;32;nan;0.0;0.0;275.0;0.0;275.0;0;1
13;33;nan;0.0;0.0;275.0;0.0;275.0;0;1
13;34;nan;0.0;0.0;275.0;0.0;275.0;0;1
13;35;nan;0.0;0.0;275.0;0.0;275.0;0;1
13;36;nan;0.0;0.0;275.0;0.0;275.0;0;1
13;37;nan;0.0;0.0;275.0;0.0;275.0;0;1
13;38;nan;0.0;0.0;275.0;0.0;275.0;0;1
13;39;nan;0.0;0.0;275.0;0.0;275.0;0;1
13;40;nan;0.0;0.0;275.0;0.0;275.0;0;1
13;41;nan;0.0;0.0;275.0;0.0;275.0;0;1
13;42;nan;0.0;0.0;275.0;0.0;275.0;0;1
13;43;nan;0.0;0.0;275.0;0.0;275.0;0;1
13;44;nan;0.0;0.0;275.0;0.0;275.0;0;1
13;45;nan;0.0;0.0;275.0;0.0;275.0;0;1
13;46;nan;0.0;0.0;275.0;0.0;275.0;0;1
13;47;nan;0.0;0.0;275.0;0.0;275.0;0;1
13;48;nan;0.0;0.0;275.0;0.0;275.0;0;1
13;49;nan;0.0;0.0;275.0;0.0;275.0;0;1
13;50;nan;0.0;0.0;275.0;0.0;275.0;0;1
13;51;nan;0.0;0.0;275.0;0.0;275.0;0;1
13;52;nan;0.0;0.0;275.0;0.0;275.0;0;1
13;53;nan;0.0;0.0;275.0;0.0;275.0;0;1
13;54;nan;0.0;0.0;275.0;0.0;275.0;0;1
13;55;nan;0.0;0.0;275.0;0.0;275.0;0;1
13;56;nan;0.0;0.0;275.0;0.0;275.0;0;1
13;57;nan;0.0;0.0;275.0;0.0;275.0;0;1
13;58;nan;0.0;0.0;275.0;0.0;275.0;0;1
13;59;nan;0.0;0.0;275.0;0.0;275.0;0;1
13;60;nan;0.0;0.0;275.0;0.0;275.0;0;1
13;61;nan;0.0;0.0;275.0;0.0;275.0;0;1
13;62;nan;0.0;0.0;275.0;0.0;275.0;0;1
13;63;nan;0.0;0.0;275.0;0.0;275.0;0;1
13;64;nan;0.0;0.0;275.0;0.0;275.0;0;1
13;65;nan;0.0;0.0;275.0;0.0;275.0;0;1
13;66;nan;0.0;0.0;275.0;0.0;275.0;0;1
13;67;nan;0.0;0.0;275.0;0.0;275.0;0;1
13;68;nan;0.0;0.0;275.0;0.0;275.0;0;1
13;69;nan;0.0;0.0;275.0;0.0;275.0;0;1
13;70;nan;0.0;0.0;275.0;0.0;275.0;0;1
13;71;nan;0.0;0.0;275.0;0.0;275.0;0;1
13;72;nan;0.0;0.0;275.0;0.0;275.0;0;1
13;73;nan;0.0;0.0;275.0;0.0;275.0;0;1
13;74;nan;0.0;0.0;275.0;0.0;275.0;0;1
13;75;nan;0.0;0.0;275.0;0.0;275.0;0;1
13;76;nan;0.0;0.0;275.0;0.0;275.0;0;1
13;77;nan;0.0;0.0;275.0;0.0;275.0;0;1
13;78;nan;0.0;0.0;275.0;0.0;275.0;0;1
13;79;nan;0.0;0.0;275.0;0.0;275.0;0;1
13;80;nan;0.0;0.0;275.0;0.0;275.0;0;1
13;81;nan;0.0;0.0;275.0;0.0;275.0;0;1
13;82;nan;0.0;0.0;275.0;0.0;275.0;0;1
13;83;nan;0.0;0.0;275.0;0.0;275.0;0;1
13;84;nan;0.0;0.0;275.0;0.0;275.0;0;1
13;85;nan;0.0;0.0;275.0;0.0;275.0;0;1
13;86;nan;0.0;0.0;275.0;0.0;275.0;0;1
13;87;nan;0.0;0.0;275.0;0.0;275.0;0;1
13;88;nan;0.0;0.0;275.0;0.0;275.0;0;1
13;89;nan;0.0;0.0;275.0;0.0;275.0;0;1
13;90;nan;0.0;0.0;275.0;0.0;275.0;0;1
13;91;nan;0.0;0.0;275.0;0.0;275.0;0;1
13;92;nan;0.0;0.0;275.0;0.0;275.0;0;1
13;93;nan;0.0;0.0;275.0;0.0;275.0;0;1
13;94;nan;0.0;0.0;275.0;0.0;275.0;0;1
13;95;nan;0.0;0.0;275.0;0.0;275.0;0;1
13;96;nan;0.0;0.0;275.0;0.0;275.0;0;1
13;97;nan;0.0;0.0;275.0;0.0;275.0;0;1
13;98;nan;0.0;0.0;275.0;0.0;275.0;0;1
13;99;nan;0.0;0.0;275.0;0.0;275.0;0;1
13;100;nan;0.0;0.0;275.0;0.0;275.0;0;1
13;101;nan;0.0;0.0;275.0;0.0;275.0;0;1
13;102;nan;0.0;0.0;275.0;0.0;275.0;0;1
13;103;nan;0.0;0.0;275.0;0.0;275.0;0;1
13;104;nan;0.0;0.0;275.0;0.0;275.0;0;1
13;105;nan;0.0;0.0;275.0;0.0;275.0;0;1
13;106;nan;0.0;0.0;275.0;0.0;275.0;0;1
13;107;nan;0.0;0.0;275.0;0.0;275.0;0;1
13;108;nan;0.0;0.0;275.0;0.0;275.0;0;1
13;109;nan;0.0;0.0;275.0;0.0;275.0;0;1
13;110;nan;0.0;0.0;275.0;0.0;275.0;0;1
13;111;nan;0.0;0.0;275.0;0.0;275.0;0;1
13;112;nan;0.0;0.0;275.0;0.0;275.0;0;1
13;113;nan;0.0;0.0;275.0;0.0;275.0;0;1
13;114;nan;0.0;0.0;275.0;0.0;275.0;0;1
13;115;nan;0.0;0.0;275.0;0.0;275.0;0;1
13;116;nan;0.0;0.0;275.0;0.0;275.0;0;1
13;117;nan;0.0;0.0;275.0;0.0;275.0;0;1
13;118;nan;0.0;0.0;275.0;0.0;275.0;0;1
13;119;nan;0.0;0.0;275.0;0.0;275.0;0;1
13;120;nan;0.0;0.0;274.0;0.0;274.0;1;2
13;121;nan;0.0;0.0;278.0;0.0;274.0;0;2
13;122;nan;0.0;0.0;297.0;0.0;274.0;0;2
13;123;nan;0.0;0.0;290.0;0.0;274.0;0;2
13;124;nan;0.0;0.0;285.0;0.0;274.0;0;2
13;125;nan;0.0;0.0;289.0;0.0;274.0;0;2
13;126;nan;0.0;0.0;311.0;0.0;274.0;0;2
13;127;nan;0.0;0.0;289.0;0.0;274.0;0;2
13;128;nan;0.0;0.0;286.0;0.0;274.0;0;2
13;129;nan;0.0;0.0;303.0;0.0;274.0;0;2
13;130;nan;0.0;0.0;277.0;0.0;274.0;0;2
13;131;nan;0.0;0.0;283.0;0.0;274.0;0;2
13;132;nan;0.0;0.0;279.0;0.0;274.0;0;2
13;133;nan;0.0;0.0;287.0;0.0;274.0;0;2
13;134;nan;0.0;0.0;306.0;0.0;274.0;0;2
13;135;nan;0.0;0.0;288.0;0.0;274.0;0;2
13;136;nan;0.0;0.0;297.0;0.0;274.0;0;2
13;137;nan;0.0;0.0;276.0;0.0;274.0;0;2
13;138;nan;0.0;0.0;310.0;0.0;274.0;0;2
13;139;nan;0.0;0.0;289.0;0.0;274.0;0;2
13;140;nan;0.0;0.0;294.0;0.0;274.0;0;2
13;141;nan;0.0;0.0;308.0;0.0;274.0;0;2
13;142;nan;0.0;0.0;304.0;0.0;274.0;0;2
13;143;nan;0.0;0.0;280.0;0.0;274.0;0;2
13;144;nan;0.0;0.0;281.0;0.0;274.0;0;2
13;145;nan;0.0;0.0;284.0;0.0;274.0;0;2
13;146;nan;0.0;0.0;277.0;0.0;274.0;0;2
13;147;nan;0.0;0.0;282.0;0.0;274.0;0;2
13;148;nan;0.0;0.0;289.0;0.0;274.0;0;2
13;149;nan;0.0;0.0;302.0;0.0;274.0;0;2
14;0;nan;0.0;0.0;298.0;0.0;288.0;1;1
14;1;nan;0.0;0.0;288.0;0.0;288.0;0;1
14;2;nan;0.0;0.0;288.0;0.0;288.0;0;1
14;3;nan;0.0;0.0;288.0;0.0;288.0;0;1
14;4;nan;0.0;0.0;288.0;0.0;288.0;0;1
14;5;nan;0.0;0.0;288.0;0.0;288.0;0;1
14;6;nan;0.0;0.0;288.0;0.0;288.0;0;1
14;7;nan;0.0;0.0;288.0;0.0;288.0;0;1
14;8;nan;0.0;0.0;288.0;0.0;288.0;0;1
14;9;nan;0.0;0.0;288.0;0.0;288.0;0;1
14;10;nan;0.0;0.0;288.0;0.0;288.0;0;1
14;11;nan;0.0;0.0;288.0;0.0;288.0;0;1
14;12;nan;0.0;0.0;288.0;0.0;288.0;0;1
14;13;nan;0.0;0.0;288.0;0.0;288.0;0;1
14;14;nan;0.0;0.0;288.0;0.0;288.0;0;1
14;15;nan;0.0;0.0;288.0;0.0;288.0;0;1
14;16;nan;0.0;0.0;288.0;0.0;288.0;0;1
14;17;nan;0.0;0.0;288.0;0.0;288.0;0;1
14;18;nan;0.0;0.0;288.0;0.0;288.0;0;1
14;19;nan;0.0;0.0;288.0;0.0;288.0;0;1
14;20;nan;0.0;0.0;288.0;0.0;288.0;0;1
14;21;nan;0.0;0.0;288.0;0.0;288.0;0;1
14;22;nan;0.0;0.0;288.0;0.0;288.0;0;1
14;23;nan;0.0;0.0;288.0;0.0;288.0;0;1
14;24;nan;0.0;0.0;288.0;0.0;288.0;0;1
14;25;nan;0.0;0.0;288.0;0.0;288.0;0;1
14;26;nan;0.0;0.0;288.0;0.0;288.0;0;1
14;27;nan;0.0;0.0;288.0;0.0;288.0;0;1
14;28;nan;0.0;0.0;288.0;0.0;288.0;0;1
14;29;nan;0.0;0.0;288.0;0.0;288.0;0;1
14;30;nan;0.0;0.0;288.0;0.0;288.0;0;1
14;31;nan;0.0;0.0;288.0;0.0;288.0;0;1
14;32;nan;0.0;0.0;288.0;0.0;288.0;0;1
14;33;nan;0.0;0.0;288.0;0.0;288.0;0;1
14;34;nan;0.0;0.0;288.0;0.0;288.0;0;1
14;35;nan;0.0;0.0;288.0;0.0;288.0;0;1
14;36;nan;0.0;0.0;288.0;0.0;288.0;0;1
14;37;nan;0.0;0.0;288.0;0.0;288.0;0;1
14;38;nan;0.0;0.0;288.0;0.0;288.0;0;1
14;39;nan;0.0;0.0;288.0;0.0;288.0;0;1
14;40;nan;0.0;0.0;288.0;0.0;288.0;0;1
14;41;nan;0.0;0.0;288.0;0.0;288.0;0;1
14;42;nan;0.0;0.0;288.0;0.0;288.0;0;1
14;43;nan;0.0;0.0;288.0;0.0;288.0;0;1
14;44;nan;0.0;0.0;288.0;0.0;288.0;0;1
14;45;nan;0.0;0.0;288.0;0.0;288.0;0;1
14;46;nan;0.0;0.0;288.0;0.0;288.0;0;1
14;47;nan;0.0;0.0;288.0;0.0;288.0;0;1
14;48;nan;0.0;0.0;288.0;0.0;288.0;0;1
14;49;nan;0.0;0.0;288.0;0.0;288.0;0;1
14;50;nan;0.0;0.0;288.0;0.0;288.0;0;1
14;51;nan;0.0;0.0;288.0;0.0;288.0;0;1
14;52;nan;0.0;0.0;288.0;0.0;288.0;0;1
14;53;nan;0.0;0.0;288.0;0.0;288.0;0;1
14;54;nan;0.0;0.0;288.0;0.0;288.0;0;1
14;55;nan;0.0;0.0;288.0;0.0;288.0;0;1
14;56;nan;0.0;0.0;288.0;0.0;288.0;0;1
14;57;nan;0.0;0.0;288.0;0.0;288.0;0;1
14;58;nan;0.0;0.0;288.0;0.0;288.0;0;1
14;59;nan;0.0;0.0;288.0;0.0;288.0;0;1
14;60;nan;0.0;0.0;285.0;0.0;285.0;1;2
14;61;nan;0.0;0.0;284.0;0.0;285.0;1;3
14;62;nan;0.0;0.0;283.0;0.0;283.0;0;3
14;63;nan;0.0;0.0;283.0;0.0;283.0;0;3
14;64;nan;0.0;0.0;283.0;0.0;283.0;0;3
14;65;nan;0.0;0.0;283.0;0.0;283.0;0;3
14;66;nan;0.0;0.0;283.0;0.0;283.0;0;3
14;67;nan;0.0;0.0;283.0;0.0;283.0;0;3
14;68;nan;0.0;0.0;283.0;0.0;283.0;0;3
14;69;nan;0.0;0.0;283.0;0.0;283.0;0;3
14;70;nan;0.0;0.0;283.0;0.0;283.0;0;3
14;71;nan;0.0;0.0;283.0;0.0;283.0;0;3
14;72;nan;0.0;0.0;283.0;0.0;283.0;0;3
14;73;nan;0.0;0.0;283.0;0.0;283.0;0;3
14;74;nan;0.0;0.0;283.0;0.0;283.0;0;3
14;75;nan;0.0;0.0;283.0;0.0;283.0;0;3
14;76;nan;0.0;0.0;283.0;0.0;283.0;0;3
14;77;nan;0.0;0.0;283.0;0.0;283.0;0;3
14;78;nan;0.0;0.0;283.0;0.0;283.0;0;3
14;79;nan;0.0;0.0;283.0;0.0;283.0;0;3
14;80;nan;0.0;0.0;283.0;0.0;283.0;0;3
14;81;nan;0.0;0.0;283.0;0.0;283.0;0;3
14;82;nan;0.0;0.0;283.0;0.0;283.0;0;3
14;83;nan;0.0;0.0;283.0;0.0;283.0;0;3
14;84;nan;0.0;0.0;283.0;0.0;283.0;0;3
14;85;nan;0.0;0.0;283.0;0.0;283.0;0;3
14;86;nan;0.0;0.0;283.0;0.0;283.0;0;3
14;87;nan;0.0;0.0;283.0;0.0;283.0;0;3
14;88;nan;0.0;0.0;283.0;0.0;283.0;0;3
14;89;nan;0.0;0.0;283.0;0.0;283.0;0;3
14;90;nan;0.0;0.0;283.0;0.0;283.0;0;3
14;91;nan;0.0;0.0;283.0;0.0;283.0;0;3
14;92;nan;0.0;0.0;275.0;0.0;275.0;1;4
14;93;nan;0.0;0.0;275.0;0.0;275.0;0;4
14;94;nan;0.0;0.0;275.0;0.0;275.0;0;4
14;95;nan;0.0;0.0;275.0;0.0;275.0;0;4
14;96;nan;0.0;0.0;275.0;0.0;275.0;0;4
14;97;nan;0.0;0.0;275.0;0.0;275.0;0;4
14;98;nan;0.0;0.0;275.0;0.0;275.0;0;4
14;99;nan;0.0;0.0;275.0;0.0;275.0;0;4
14;100;nan;0.0;0.0;275.0;0.0;275.0;0;4
14;101;nan;0.0;0.0;275.0;0.0;275.0;0;4
14;102;nan;0.0;0.0;275.0;0.0;275.0;0;4
14;103;nan;0.0;0.0;275.0;0.0;275.0;0;4
14;104;nan;0.0;0.0;275.0;0.0;275.0;0;4
14;105;nan;0.0;0.0;275.0;0.0;275.0;0;4
14;106;nan;0.0;0.0;275.0;0.0;275.0;0;4
14;107;nan;0.0;0.0;275.0;0.0;275.0;0;4
14;108;nan;0.0;0.0;275.0;0.0;275.0;0;4
14;109;nan;0.0;0.0;275.0;0.0;275.0;0;4
14;110;nan;0.0;0.0;275.0;0.0;275.0;0;4
14;111;nan;0.0;0.0;275.0;0.0;275.0;0;4
14;112;nan;0.0;0.0;275.0;0.0;275.0;0;4
14;113;nan;0.0;0.0;275.0;0.0;275.0;0;4
14;114;nan;0.0;0.0;275.0;0.0;275.0;0;4
14;115;nan;0.0;0.0;275.0;0.0;275.0;0;4
14;116;nan;0.0;0.0;275.0;0.0;275.0;0;4
14;117;nan;0.0;0.0;275.0;0.0;275.0;0;4
14;118;nan;0.0;0.0;275.0;0.0;275.0;0;4
14;119;nan;0.0;0.0;275.0;0.0;275.0;0;4
14;120;nan;0.0;0.0;275.0;0.0;275.0;0;4
14;121;nan;0.0;0.0;275.0;0.0;275.0;0;4
14;122;nan;0.0;0.0;275.0;0.0;275.0;0;4
14;123;nan;0.0;0.0;275.0;0.0;275.0;0;4
14;124;nan;0.0;0.0;275.0;0.0;275.0;0;4
14;125;nan;0.0;0.0;275.0;0.0;275.0;0;4
14;126;nan;0.0;0.0;275.0;0.0;275.0;0;4
14;127;nan;0.0;0.0;275.0;0.0;275.0;0;4
14;128;nan;0.0;0.0;275.0;0.0;275.0;0;4
14;129;nan;0.0;0.0;275.0;0.0;275.0;0;4
14;130;nan;0.0;0.0;275.0;0.0;275.0;0;4
14;131;nan;0.0;0.0;275.0;0.0;275.0;0;4
14;132;nan;0.0;0.0;275.0;0.0;275.0;0;4
14;133;nan;0.0;0.0;275.0;0.0;275.0;0;4
14;134;nan;0.0;0.0;275.0;0.0;275.0;0;4
14;135;nan;0.0;0.0;275.0;0.0;275.0;0;4
14;136;nan;0.0;0.0;275.0;0.0;275.0;0;4
14;137;nan;0.0;0.0;275.0;0.0;275.0;0;4
14;138;nan;0.0;0.0;275.0;0.0;275.0;0;4
14;139;nan;0.0;0.0;275.0;0.0;275.0;0;4
14;140;nan;0.0;0.0;275.0;0.0;275.0;0;4
14;141;nan;0.0;0.0;275.0;0.0;275.0;0;4
14;142;nan;0.0;0.0;275.0;0.0;275.0;0;4
14;143;nan;0.0;0.0;275.0;0.0;275.0;0;4
14;144;nan;0.0;0.0;275.0;0.0;275.0;0;4
14;145;nan;0.0;0.0;275.0;0.0;275.0;0;4
14;146;nan;0.0;0.0;275.0;0.0;275.0;0;4
14;147;nan;0.0;0.0;275.0;0.0;275.0;0;4
14;148;nan;0.0;0.0;275.0;0.0;275.0;0;4
14;149;nan;0.0;0.0;275.0;0.0;275.0;0;4
15;0;nan;0.0;0.0;298.0;0.0;285.0;1;1
15;1;nan;0.0;0.0;285.0;0.0;285.0;0;1
15;2;nan;0.0;0.0;285.0;0.0;285.0;0;1
15;3;nan;0.0;0.0;285.0;0.0;285.0;0;1
15;4;nan;0.0;0.0;285.0;0.0;285.0;0;1
15;5;nan;0.0;0.0;285.0;0.0;285.0;0;1
15;6;nan;0.0;0.0;285.0;0.0;285.0;0;1
15;7;nan;0.0;0.0;285.0;0.0;285.0;0;1
15;8;nan;0.0;0.0;285.0;0.0;285.0;0;1
15;9;nan;0.0;0.0;285.0;0.0;285.0;0;1
15;10;nan;0.0;0.0;285.0;0.0;285.0;0;1
15;11;nan;0.0;0.0;285.0;0.0;285.0;0;1
15;12;nan;0.0;0.0;285.0;0.0;285.0;0;1
15;13;nan;0.0;0.0;285.0;0.0;285.0;0;1
15;14;nan;0.0;0.0;285.0;0.0;285.0;0;1
15;15;nan;0.0;0.0;285.0;0.0;285.0;0;1
15;16;nan;0.0;0.0;285.0;0.0;285.0;0;1
15;17;nan;0.0;0.0;285.0;0.0;285.0;0;1
15;18;nan;0.0;0.0;285.0;0.0;285.0;0;1
15;19;nan;0.0;0.0;285.0;0.0;285.0;0;1
15;20;nan;0.0;0.0;285.0;0.0;285.0;0;1
15;21;nan;0.0;0.0;285.0;0.0;285.0;0;1
15;22;nan;0.0;0.0;285.0;0.0;285.0;0;1
15;23;nan;0.0;0.0;285.0;0.0;285.0;0;1
15;24;nan;0.0;0.0;285.0;0.0;285.0;0;1
15;25;nan;0.0;0.0;285.0;0.0;285.0;0;1
15;26;nan;0.0;0.0;285.0;0.0;285.0;0;1
15;27;nan;0.0;0.0;285.0;0.0;285.0;0;1
15;28;nan;0.0;0.0;285.0;0.0;285.0;0;1
15;29;nan;0.0;0.0;285.0;0.0;285.0;0;1
15;30;nan;0.0;0.0;284.0;0.0;284.0;1;2
15;31;nan;0.0;0.0;293.0;0.0;284.0;0;2
15;32;nan;0.0;0.0;298.0;0.0;284.0;0;2
15;33;nan;0.0;0.0;295.0;0.0;284.0;0;2
15;34;nan;0.0;0.0;278.0;0.0;278.0;1;3
15;35;nan;0.0;0.0;278.0;0.0;278.0;0;3
15;36;nan;0.0;0.0;278.0;0.0;278.0;0;3
15;37;nan;0.0;0.0;278.0;0.0;278.0;0;3
15;38;nan;0.0;0.0;278.0;0.0;278.0;0;3
15;39;nan;0.0;0.0;278.0;0.0;278.0;0;3
15;40;nan;0.0;0.0;278.0;0.0;278.0;0;3
15;41;nan;0.0;0.0;278.0;0.0;278.0;0;3
15;42;nan;0.0;0.0;278.0;0.0;278.0;0;3
15;43;nan;0.0;0.0;278.0;0.0;278.0;0;3
15;44;nan;0.0;0.0;278.0;0.0;278.0;0;3
15;45;nan;0.0;0.0;278.0;0.0;278.0;0;3
15;46;nan;0.0;0.0;278.0;0.0;278.0;0;3
15;47;nan;0.0;0.0;278.0;0.0;278.0;0;3
15;48;nan;0.0;0.0;278.0;0.0;278.0;0;3
15;49;nan;0.0;0.0;278.0;0.0;278.0;0;3
15;50;nan;0.0;0.0;278.0;0.0;278.0;0;3
15;51;nan;0.0;0.0;278.0;0.0;278.0;0;3
15;52;nan;0.0;0.0;278.0;0.0;278.0;0;3
15;53;nan;0.0;0.0;278.0;0.0;278.0;0;3
15;54;nan;0.0;0.0;278.0;0.0;278.0;0;3
15;55;nan;0.0;0.0;278.0;0.0;278.0;0;3
15;56;nan;0.0;0.0;278.0;0.0;278.0;0;3
15;57;nan;0.0;0.0;278.0;0.0;278.0;0;3
15;58;nan;0.0;0.0;278.0;0.0;278.0;0;3
15;59;nan;0.0;0.0;278.0;0.0;278.0;0;3
15;60;nan;0.0;0.0;278.0;0.0;278.0;0;3
15;61;nan;0.0;0.0;278.0;0.0;278.0;0;3
15;62;nan;0.0;0.0;278.0;0.0;278.0;0;3
15;63;nan;0.0;0.0;278.0;0.0;278.0;0;3
15;64;nan;0.0;0.0;278.0;0.0;278.0;0;3
15;65;nan;0.0;0.0;278.0;0.0;278.0;0;3
15;66;nan;0.0;0.0;278.0;0.0;278.0;0;3
15;67;nan;0.0;0.0;278.0;0.0;278.0;0;3
15;68;nan;0.0;0.0;278.0;0.0;278.0;0;3
15;69;nan;0.0;0.0;278.0;0.0;278.0;0;3
15;70;nan;0.0;0.0;278.0;0.0;278.0;0;3
15;71;nan;0.0;0.0;278.0;0.0;278.0;0;3
15;72;nan;0.0;0.0;278.0;0.0;278.0;0;3
15;73;nan;0.0;0.0;278.0;0.0;278.0;0;3
15;74;nan;0.0;0.0;278.0;0.0;278.0;0;3
15;75;nan;0.0;0.0;278.0;0.0;278.0;0;3
15;76;nan;0.0;0.0;278.0;0.0;278.0;0;3
15;77;nan;0.0;0.0;278.0;0.0;278.0;0;3
15;78;nan;0.0;0.0;278.0;0.0;278.0;0;3
15;79;nan;0.0;0.0;278.0;0.0;278.0;0;3
15;80;nan;0.0;0.0;278.0;0.0;278.0;0;3
15;81;nan;0.0;0.0;278.0;0.0;278.0;0;3
15;82;nan;0.0;0.0;278.0;0.0;278.0;0;3
15;83;nan;0.0;0.0;278.0;0.0;278.0;0;3
15;84;nan;0.0;0.0;278.0;0.0;278.0;0;3
15;85;nan;0.0;0.0;278.0;0.0;278.0;0;3
15;86;nan;0.0;0.0;278.0;0.0;278.0;0;3
15;87;nan;0.0;0.0;278.0;0.0;278.0;0;3
15;88;nan;0.0;0.0;278.0;0.0;278.0;0;3
15;89;nan;0.0;0.0;278.0;0.0;278.0;0;3
15;90;nan;0.0;0.0;278.0;0.0;278.0;0;3
15;91;nan;0.0;0.0;278.0;0.0;278.0;0;3
15;92;nan;0.0;0.0;278.0;0.0;278.0;0;3
15;93;nan;0.0;0.0;278.0;0.0;278.0;0;3
15;94;nan;0.0;0.0;278.0;0.0;278.0;0;3
15;95;nan;0.0;0.0;278.0;0.0;278.0;0;3
15;96;nan;0.0;0.0;278.0;0.0;278.0;0;3
15;97;nan;0.0;0.0;278.0;0.0;278.0;0;3
15;98;nan;0.0;0.0;278.0;0.0;278.0;0;3
15;99;nan;0.0;0.0;278.0;0.0;278.0;0;3
15;100;nan;0.0;0.0;278.0;0.0;278.0;0;3
15;101;nan;0.0;0.0;278.0;0.0;278.0;0;3
15;102;nan;0.0;0.0;278.0;0.0;278.0;0;3
15;103;nan;0.0;0.0;278.0;0.0;278.0;0;3
15;104;nan;0.0;0.0;278.0;0.0;278.0;0;3
15;105;nan;0.0;0.0;278.0;0.0;278.0;0;3
15;106;nan;0.0;0.0;278.0;0.0;278.0;0;3
15;107;nan;0.0;0.0;278.0;0.0;278.0;0;3
15;108;nan;0.0;0.0;278.0;0.0;278.0;0;3
15;109;nan;0.0;0.0;278.0;0.0;278.0;0;3
15;110;nan;0.0;0.0;278.0;0.0;278.0;0;3
15;111;nan;0.0;0.0;278.0;0.0;278.0;0;3
15;112;nan;0.0;0.0;278.0;0.0;278.0;0;3
15;113;nan;0.0;0.0;278.0;0.0;278.0;0;3
15;114;nan;0.0;0.0;278.0;0.0;278.0;0;3
15;115;nan;0.0;0.0;278.0;0.0;278.0;0;3
15;116;nan;0.0;0.0;278.0;0.0;278.0;0;3
15;117;nan;0.0;0.0;278.0;0.0;278.0;0;3
15;118;nan;0.0;0.0;278.0;0.0;278.0;0;3
15;119;nan;0.0;0.0;278.0;0.0;278.0;0;3
15;120;nan;0.0;0.0;278.0;0.0;278.0;0;3
15;121;nan;0.0;0.0;278.0;0.0;278.0;0;3
15;122;nan;0.0;0.0;278.0;0.0;278.0;0;3
15;123;nan;0.0;0.0;278.0;0.0;278.0;0;3
15;124;nan;0.0;0.0;278.0;0.0;278.0;0;3
15;125;nan;0.0;0.0;278.0;0.0;278.0;0;3
15;126;nan;0.0;0.0;278.0;0.0;278.0;0;3
15;127;nan;0.0;0.0;278.0;0.0;278.0;0;3
15;128;nan;0.0;0.0;278.0;0.0;278.0;0;3
15;129;nan;0.0;0.0;278.0;0.0;278.0;0;3
15;130;nan;0.0;0.0;278.0;0.0;278.0;0;3
15;131;nan;0.0;0.0;278.0;0.0;278.0;0;3
15;132;nan;0.0;0.0;278.0;0.0;278.0;0;3
15;133;nan;0.0;0.0;278.0;0.0;278.0;0;3
15;134;nan;0.0;0.0;278.0;0.0;278.0;0;3
15;135;nan;0.0;0.0;278.0;0.0;278.0;0;3
15;136;nan;0.0;0.0;278.0;0.0;278.0;0;3
15;137;nan;0.0;0.0;278.0;0.0;278.0;0;3
15;138;nan;0.0;0.0;278.0;0.0;278.0;0;3
15;139;nan;0.0;0.0;278.0;0.0;278.0;0;3
15;140;nan;0.0;0.0;278.0;0.0;278.0;0;3
15;141;nan;0.0;0.0;278.0;0.0;278.0;0;3
15;142;nan;0.0;0.0;278.0;0.0;278.0;0;3
15;143;nan;0.0;0.0;278.0;0.0;278.0;0;3
15;144;nan;0.0;0.0;278.0;0.0;278.0;0;3
15;145;nan;0.0;0.0;278.0;0.0;278.0;0;3
15;146;nan;0.0;0.0;278.0;0.0;278.0;0;3
15;147;nan;0.0;0.0;278.0;0.0;278.0;0;3
15;148;nan;0.0;0.0;278.0;0.0;278.0;0;3
15;149;nan;0.0;0.0;278.0;0.0;278.0;0;3
16;0;nan;0.0;0.0;295.0;0.0;283.0;1;1
16;1;nan;0.0;0.0;283.0;0.0;283.0;0;1
16;2;nan;0.0;0.0;283.0;0.0;283.0;0;1
16;3;nan;0.0;0.0;283.0;0.0;283.0;0;1
16;4;nan;0.0;0.0;283.0;0.0;283.0;0;1
16;5;nan;0.0;0.0;283.0;0.0;283.0;0;1
16;6;nan;0.0;0.0;283.0;0.0;283.0;0;1
16;7;nan;0.0;0.0;283.0;0.0;283.0;0;1
16;8;nan;0.0;0.0;283.0;0.0;283.0;0;1
16;9;nan;0.0;0.0;283.0;0.0;283.0;0;1
16;10;nan;0.0;0.0;283.0;0.0;283.0;0;1
16;11;nan;0.0;0.0;283.0;0.0;283.0;0;1
16;12;nan;0.0;0.0;283.0;0.0;283.0;0;1
16;13;nan;0.0;0.0;283.0;0.0;283.0;0;1
16;14;nan;0.0;0.0;283.0;0.0;283.0;0;1
16;15;nan;0.0;0.0;283.0;0.0;283.0;0;1
16;16;nan;0.0;0.0;283.0;0.0;283.0;0;1
16;17;nan;0.0;0.0;283.0;0.0;283.0;0;1
16;18;nan;0.0;0.0;283.0;0.0;283.0;0;1
16;19;nan;0.0;0.0;283.0;0.0;283.0;0;1
16;20;nan;0.0;0.0;283.0;0.0;283.0;0;1
16;21;nan;0.0;0.0;283.0;0.0;283.0;0;1
16;22;nan;0.0;0.0;283.0;0.0;283.0;0;1
16;23;nan;0.0;0.0;283.0;0.0;283.0;0;1
16;24;nan;0.0;0.0;283.0;0.0;283.0;0;1
16;25;nan;0.0;0.0;283.0;0.0;283.0;0;1
16;26;nan;0.0;0.0;283.0;0.0;283.0;0;1
16;27;nan;0.0;0.0;283.0;0.0;283.0;0;1
16;28;nan;0.0;0.0;283.0;0.0;283.0;0;1
16;29;nan;0.0;0.0;283.0;0.0;283.0;0;1
16;30;nan;0.0;0.0;283.0;0.0;283.0;0;1
16;31;nan;0.0;0.0;283.0;0.0;283.0;0;1
16;32;nan;0.0;0.0;283.0;0.0;283.0;0;1
16;33;nan;0.0;0.0;283.0;0.0;283.0;0;1
16;34;nan;0.0;0.0;283.0;0.0;283.0;0;1
16;35;nan;0.0;0.0;283.0;0.0;283.0;0;1
16;36;nan;0.0;0.0;283.0;0.0;283.0;0;1
16;37;nan;0.0;0.0;283.0;0.0;283.0;0;1
16;38;nan;0.0;0.0;283.0;0.0;283.0;0;1
16;39;nan;0.0;0.0;283.0;0.0;283.0;0;1
16;40;nan;0.0;0.0;283.0;0.0;283.0;0;1
16;41;nan;0.0;0.0;283.0;0.0;283.0;0;1
16;42;nan;0.0;0.0;283.0;0.0;283.0;0;1
16;43;nan;0.0;0.0;283.0;0.0;283.0;0;1
16;44;nan;0.0;0.0;283.0;0.0;283.0;0;1
16;45;nan;0.0;0.0;283.0;0.0;283.0;0;1
16;46;nan;0.0;0.0;283.0;0.0;283.0;0;1
16;47;nan;0.0;0.0;283.0;0.0;283.0;0;1
16;48;nan;0.0;0.0;283.0;0.0;283.0;0;1
16;49;nan;0.0;0.0;283.0;0.0;283.0;0;1
16;50;nan;0.0;0.0;283.0;0.0;283.0;0;1
16;51;nan;0.0;0.0;283.0;0.0;283.0;0;1
16;52;nan;0.0;0.0;283.0;0.0;283.0;0;1
16;53;nan;0.0;0.0;283.0;0.0;283.0;0;1
16;54;nan;0.0;0.0;283.0;0.0;283.0;0;1
16;55;nan;0.0;0.0;283.0;0.0;283.0;0;1
16;56;nan;0.0;0.0;283.0;0.0;283.0;0;1
16;57;nan;0.0;0.0;283.0;0.0;283.0;0;1
16;58;nan;0.0;0.0;283.0;0.0;283.0;0;1
16;59;nan;0.0;0.0;283.0;0.0;283.0;0;1
16;60;nan;0.0;0.0;275.0;0.0;275.0;1;2
16;61;nan;0.0;0.0;275.0;0.0;275.0;0;2
16;62;nan;0.0;0.0;275.0;0.0;275.0;0;2
16;63;nan;0.0;0.0;275.0;0.0;275.0;0;2
16;64;nan;0.0;0.0;275.0;0.0;275.0;0;2
16;65;nan;0.0;0.0;275.0;0.0;275.0;0;2
16;66;nan;0.0;0.0;275.0;0.0;275.0;0;2
16;67;nan;0.0;0.0;275.0;0.0;275.0;0;2
16;68;nan;0.0;0.0;275.0;0.0;275.0;0;2
16;69;nan;0.0;0.0;275.0;0.0;275.0;0;2
16;70;nan;0.0;0.0;275.0;0.0;275.0;0;2
16;71;nan;0.0;0.0;275.0;0.0;275.0;0;2
16;72;nan;0.0;0.0;275.0;0.0;275.0;0;2
16;73;nan;0.0;0.0;275.0;0.0;275.0;0;2
16;74;nan;0.0;0.0;275.0;0.0;275.0;0;2
16;75;nan;0.0;0.0;275.0;0.0;275.0;0;2
16;76;nan;0.0;0.0;275.0;0.0;275.0;0;2
16;77;nan;0.0;0.0;275.0;0.0;275.0;0;2
16;78;nan;0.0;0.0;275.0;0.0;275.0;0;2
16;79;nan;0.0;0.0;275.0;0.0;275.0;0;2
16;80;nan;0.0;0.0;275.0;0.0;275.0;0;2
16;81;nan;0.0;0.0;275.0;0.0;275.0;0;2
16;82;nan;0.0;0.0;275.0;0.0;275.0;0;2
16;83;nan;0.0;0.0;275.0;0.0;275.0;0;2
16;84;nan;0.0;0.0;275.0;0.0;275.0;0;2
16;85;nan;0.0;0.0;275.0;0.0;275.0;0;2
16;86;nan;0.0;0.0;275.0;0.0;275.0;0;2
16;87;nan;0.0;0.0;275.0;0.0;275.0;0;2
16;88;nan;0.0;0.0;275.0;0.0;275.0;0;2
16;89;nan;0.0;0.0;275.0;0.0;275.0;0;2
16;90;nan;0.0;0.0;275.0;0.0;275.0;0;2
16;91;nan;0.0;0.0;275.0;0.0;275.0;0;2
16;92;nan;0.0;0.0;275.0;0.0;275.0;0;2
16;93;nan;0.0;0.0;275.0;0.0;275.0;0;2
16;94;nan;0.0;0.0;275.0;0.0;275.0;0;2
16;95;nan;0.0;0.0;275.0;0.0;275.0;0;2
16;96;nan;0.0;0.0;275.0;0.0;275.0;0;2
16;97;nan;0.0;0.0;275.0;0.0;275.0;0;2
16;98;nan;0.0;0.0;275.0;0.0;275.0;0;2
16;99;nan;0.0;0.0;275.0;0.0;275.0;0;2
16;100;nan;0.0;0.0;275.0;0.0;275.0;0;2
16;101;nan;0.0;0.0;275.0;0.0;275.0;0;2
16;102;nan;0.0;0.0;275.0;0.0;275.0;0;2
16;103;nan;0.0;0.0;275.0;0.0;275.0;0;2
16;104;nan;0.0;0.0;275.0;0.0;275.0;0;2
16;105;nan;0.0;0.0;275.0;0.0;275.0;0;2
16;106;nan;0.0;0.0;275.0;0.0;275.0;0;2
16;107;nan;0.0;0.0;275.0;0.0;275.0;0;2
16;108;nan;0.0;0.0;275.0;0.0;275.0;0;2
16;109;nan;0.0;0.0;275.0;0.0;275.0;0;2
16;110;nan;0.0;0.0;275.0;0.0;275.0;0;2
16;111;nan;0.0;0.0;275.0;0.0;275.0;0;2
16;112;nan;0.0;0.0;275.0;0.0;275.0;0;2
16;113;nan;0.0;0.0;275.0;0.0;275.0;0;2
16;114;nan;0.0;0.0;275.0;0.0;275.0;0;2
16;115;nan;0.0;0.0;275.0;0.0;275.0;0;2
16;116;nan;0.0;0.0;275.0;0.0;275.0;0;2
16;117;nan;0.0;0.0;275.0;0.0;275.0;0;2
16;118;nan;0.0;0.0;275.0;0.0;275.0;0;2
16;119;nan;0.0;0.0;275.0;0.0;275.0;0;2
16;120;nan;0.0;0.0;275.0;0.0;275.0;0;2
16;121;nan;0.0;0.0;275.0;0.0;275.0;0;2
16;122;nan;0.0;0.0;275.0;0.0;275.0;0;2
16;123;nan;0.0;0.0;275.0;0.0;275.0;0;2
16;124;nan;0.0;0.0;275.0;0.0;275.0;0;2
16;125;nan;0.0;0.0;275.0;0.0;275.0;0;2
16;126;nan;0.0;0.0;275.0;0.0;275.0;0;2
16;127;nan;0.0;0.0;275.0;0.0;275.0;0;2
16;128;nan;0.0;0.0;275.0;0.0;275.0;0;2
16;129;nan;0.0;0.0;275.0;0.0;275.0;0;2
16;130;nan;0.0;0.0;275.0;0.0;275.0;0;2
16;131;nan;0.0;0.0;275.0;0.0;275.0;0;2
16;132;nan;0.0;0.0;275.0;0.0;275.0;0;2
16;133;nan;0.0;0.0;275.0;0.0;275.0;0;2
16;134;nan;0.0;0.0;275.0;0.0;275.0;0;2
16;135;nan;0.0;0.0;275.0;0.0;275.0;0;2
16;136;nan;0.0;0.0;275.0;0.0;275.0;0;2
16;137;nan;0.0;0.0;275.0;0.0;275.0;0;2
16;138;nan;0.0;0.0;275.0;0.0;275.0;0;2
16;139;nan;0.0;0.0;275.0;0.0;275.0;0;2
16;140;nan;0.0;0.0;275.0;0.0;275.0;0;2
16;141;nan;0.0;0.0;275.0;0.0;275.0;0;2
16;142;nan;0.0;0.0;275.0;0.0;275.0;0;2
16;143;nan;0.0;0.0;275.0;0.0;275.0;0;2
16;144;nan;0.0;0.0;275.0;0.0;275.0;0;2
16;145;nan;0.0;0.0;275.0;0.0;275.0;0;2
16;146;nan;0.0;0.0;275.0;0.0;275.0;0;2
16;147;nan;0.0;0.0;275.0;0.0;275.0;0;2
16;148;nan;0.0;0.0;275.0;0.0;275.0;0;2
16;149;nan;0.0;0.0;275.0;0.0;275.0;0;2
17;0;nan;0.0;0.0;296.0;0.0;283.0;1;1
17;1;nan;0.0;0.0;283.0;0.0;283.0;0;1
17;2;nan;0.0;0.0;283.0;0.0;283.0;0;1
17;3;nan;0.0;0.0;283.0;0.0;283.0;0;1
17;4;nan;0.0;0.0;283.0;0.0;283.0;0;1
17;5;nan;0.0;0.0;283.0;0.0;283.0;0;1
17;6;nan;0.0;0.0;283.0;0.0;283.0;0;1
17;7;nan;0.0;0.0;283.0;0.0;283.0;0;1
17;8;nan;0.0;0.0;283.0;0.0;283.0;0;1
17;9;nan;0.0;0.0;283.0;0.0;283.0;0;1
17;10;nan;0.0;0.0;283.0;0.0;283.0;0;1
17;11;nan;0.0;0.0;283.0;0.0;283.0;0;1
17;12;nan;0.0;0.0;283.0;0.0;283.0;0;1
17;13;nan;0.0;0.0;283.0;0.0;283.0;0;1
17;14;nan;0.0;0.0;283.0;0.0;283.0;0;1
17;15;nan;0.0;0.0;283.0;0.0;283.0;0;1
17;16;nan;0.0;0.0;283.0;0.0;283.0;0;1
17;17;nan;0.0;0.0;283.0;0.0;283.0;0;1
17;18;nan;0.0;0.0;283.0;0.0;283.0;0;1
17;19;nan;0.0;0.0;283.0;0.0;283.0;0;1
17;20;nan;0.0;0.0;283.0;0.0;283.0;0;1
17;21;nan;0.0;0.0;283.0;0.0;283.0;0;1
17;22;nan;0.0;0.0;283.0;0.0;283.0;0;1
17;23;nan;0.0;0.0;283.0;0.0;283.0;0;1
17;24;nan;0.0;0.0;283.0;0.0;283.0;0;1
17;25;nan;0.0;0.0;283.0;0.0;283.0;0;1
17;26;nan;0.0;0.0;283.0;0.0;283.0;0;1
17;27;nan;0.0;0.0;283.0;0.0;283.0;0;1
17;28;nan;0.0;0.0;283.0;0.0;283.0;0;1
17;29;nan;0.0;0.0;283.0;0.0;283.0;0;1
17;30;nan;0.0;0.0;275.0;0.0;275.0;1;2
17;31;nan;0.0;0.0;275.0;0.0;275.0;0;2
17;32;nan;0.0;0.0;275.0;0.0;275.0;0;2
17;33;nan;0.0;0.0;275.0;0.0;275.0;0;2
17;34;nan;0.0;0.0;275.0;0.0;275.0;0;2
17;35;nan;0.0;0.0;275.0;0.0;275.0;0;2
17;36;nan;0.0;0.0;275.0;0.0;275.0;0;2
17;37;nan;0.0;0.0;275.0;0.0;275.0;0;2
17;38;nan;0.0;0.0;275.0;0.0;275.0;0;2
17;39;nan;0.0;0.0;275.0;0.0;275.0;0;2
17;40;nan;0.0;0.0;275.0;0.0;275.0;0;2
17;41;nan;0.0;0.0;275.0;0.0;275.0;0;2
17;42;nan;0.0;0.0;275.0;0.0;275.0;0;2
17;43;nan;0.0;0.0;275.0;0.0;275.0;0;2
17;44;nan;0.0;0.0;275.0;0.0;275.0;0;2
17;45;nan;0.0;0.0;275.0;0.0;275.0;0;2
17;46;nan;0.0;0.0;275.0;0.0;275.0;0;2
17;47;nan;0.0;0.0;275.0;0.0;275.0;0;2
17;48;nan;0.0;0.0;275.0;0.0;275.0;0;2
17;49;nan;0.0;0.0;275.0;0.0;275.0;0;2
17;50;nan;0.0;0.0;275.0;0.0;275.0;0;2
17;51;nan;0.0;0.0;275.0;0.0;275.0;0;2
17;52;nan;0.0;0.0;275.0;0.0;275.0;0;2
17;53;nan;0.0;0.0;275.0;0.0;275.0;0;2
17;54;nan;0.0;0.0;275.0;0.0;275.0;0;2
17;55;nan;0.0;0.0;275.0;0.0;275.0;0;2
17;56;nan;0.0;0.0;275.0;0.0;275.0;0;2
17;57;nan;0.0;0.0;275.0;0.0;275.0;0;2
17;58;nan;0.0;0.0;275.0;0.0;275.0;0;2
17;59;nan;0.0;0.0;275.0;0.0;275.0;0;2
17;60;nan;0.0;0.0;275.0;0.0;275.0;0;2
17;61;nan;0.0;0.0;275.0;0.0;275.0;0;2
17;62;nan;0.0;0.0;275.0;0.0;275.0;0;2
17;63;nan;0.0;0.0;275.0;0.0;275.0;0;2
17;64;nan;0.0;0.0;275.0;0.0;275.0;0;2
17;65;nan;0.0;0.0;275.0;0.0;275.0;0;2
17;66;nan;0.0;0.0;275.0;0.0;275.0;0;2
17;67;nan;0.0;0.0;275.0;0.0;275.0;0;2
17;68;nan;0.0;0.0;275.0;0.0;275.0;0;2
17;69;nan;0.0;0.0;275.0;0.0;275.0;0;2
17;70;nan;0.0;0.0;275.0;0.0;275.0;0;2
17;71;nan;0.0;0.0;275.0;0.0;275.0;0;2
17;72;nan;0.0;0.0;275.0;0.0;275.0;0;2
17;73;nan;0.0;0.0;275.0;0.0;275.0;0;2
17;74;nan;0.0;0.0;275.0;0.0;275.0;0;2
17;75;nan;0.0;0.0;275.0;0.0;275.0;0;2
17;76;nan;0.0;0.0;275.0;0.0;275.0;0;2
17;77;nan;0.0;0.0;275.0;0.0;275.0;0;2
17;78;nan;0.0;0.0;275.0;0.0;275.0;0;2
17;79;nan;0.0;0.0;275.0;0.0;275.0;0;2
17;80;nan;0.0;0.0;275.0;0.0;275.0;0;2
17;81;nan;0.0;0.0;275.0;0.0;275.0;0;2
17;82;nan;0.0;0.0;275.0;0.0;275.0;0;2
17;83;nan;0.0;0.0;275.0;0.0;275.0;0;2
17;84;nan;0.0;0.0;275.0;0.0;275.0;0;2
17;85;nan;0.0;0.0;275.0;0.0;275.0;0;2
17;86;nan;0.0;0.0;275.0;0.0;275.0;0;2
17;87;nan;0.0;0.0;275.0;0.0;275.0;0;2
17;88;nan;0.0;0.0;275.0;0.0;275.0;0;2
17;89;nan;0.0;0.0;275.0;0.0;275.0;0;2
17;90;nan;0.0;0.0;275.0;0.0;275.0;0;2
17;91;nan;0.0;0.0;275.0;0.0;275.0;0;2
17;92;nan;0.0;0.0;275.0;0.0;275.0;0;2
17;93;nan;0.0;0.0;275.0;0.0;275.0;0;2
17;94;nan;0.0;0.0;275.0;0.0;275.0;0;2
17;95;nan;0.0;0.0;275.0;0.0;275.0;0;2
17;96;nan;0.0;0.0;275.0;0.0;275.0;0;2
17;97;nan;0.0;0.0;275.0;0.0;275.0;0;2
17;98;nan;0.0;0.0;275.0;0.0;275.0;0;2
17;99;nan;0.0;0.0;275.0;0.0;275.0;0;2
17;100;nan;0.0;0.0;275.0;0.0;275.0;0;2
17;101;nan;0.0;0.0;275.0;0.0;275.0;0;2
17;102;nan;0.0;0.0;275.0;0.0;275.0;0;2
17;103;nan;0.0;0.0;275.0;0.0;275.0;0;2
17;104;nan;0.0;0.0;275.0;0.0;275.0;0;2
17;105;nan;0.0;0.0;275.0;0.0;275.0;0;2
17;106;nan;0.0;0.0;275.0;0.0;275.0;0;2
17;107;nan;0.0;0.0;275.0;0.0;275.0;0;2
17;108;nan;0.0;0.0;275.0;0.0;275.0;0;2
17;109;nan;0.0;0.0;275.0;0.0;275.0;0;2
17;110;nan;0.0;0.0;275.0;0.0;275.0;0;2
17;111;nan;0.0;0.0;275.0;0.0;275.0;0;2
17;112;nan;0.0;0.0;275.0;0.0;275.0;0;2
17;113;nan;0.0;0.0;275.0;0.0;275.0;0;2
17;114;nan;0.0;0.0;275.0;0.0;275.0;0;2
17;115;nan;0.0;0.0;275.0;0.0;275.0;0;2
17;116;nan;0.0;0.0;275.0;0.0;275.0;0;2
17;117;nan;0.0;0.0;275.0;0.0;275.0;0;2
17;118;nan;0.0;0.0;275.0;0.0;275.0;0;2
17;119;nan;0.0;0.0;275.0;0.0;275.0;0;2
17;120;nan;0.0;0.0;275.0;0.0;275.0;0;2
17;121;nan;0.0;0.0;275.0;0.0;275.0;0;2
17;122;nan;0.0;0.0;275.0;0.0;275.0;0;2
17;123;nan;0.0;0.0;275.0;0.0;275.0;0;2
17;124;nan;0.0;0.0;275.0;0.0;275.0;0;2
17;125;nan;0.0;0.0;275.0;0.0;275.0;0;2
17;126;nan;0.0;0.0;275.0;0.0;275.0;0;2
17;127;nan;0.0;0.0;275.0;0.0;275.0;0;2
17;128;nan;0.0;0.0;275.0;0.0;275.0;0;2
17;129;nan;0.0;0.0;275.0;0.0;275.0;0;2
17;130;nan;0.0;0.0;275.0;0.0;275.0;0;2
17;131;nan;0.0;0.0;275.0;0.0;275.0;0;2
17;132;nan;0.0;0.0;275.0;0.0;275.0;0;2
17;133;nan;0.0;0.0;275.0;0.0;275.0;0;2
17;134;nan;0.0;0.0;275.0;0.0;275.0;0;2
17;135;nan;0.0;0.0;275.0;0.0;275.0;0;2
17;136;nan;0.0;0.0;275.0;0.0;275.0;0;2
17;137;nan;0.0;0.0;275.0;0.0;275.0;0;2
17;138;nan;0.0;0.0;275.0;0.0;275.0;0;2
17;139;nan;0.0;0.0;275.0;0.0;275.0;0;2
17;140;nan;0.0;0.0;275.0;0.0;275.0;0;2
17;141;nan;0.0;0.0;275.0;0.0;275.0;0;2
17;142;nan;0.0;0.0;275.0;0.0;275.0;0;2
17;143;nan;0.0;0.0;275.0;0.0;275.0;0;2
17;144;nan;0.0;0.0;275.0;0.0;275.0;0;2
17;145;nan;0.0;0.0;275.0;0.0;275.0;0;2
17;146;nan;0.0;0.0;275.0;0.0;275.0;0;2
17;147;nan;0.0;0.0;275.0;0.0;275.0;0;2
17;148;nan;0.0;0.0;275.0;0.0;275.0;0;2
17;149;nan;0.0;0.0;275.0;0.0;275.0;0;2
18;0;nan;0.0;0.0;288.0;0.0;283.0;1;1
18;1;nan;0.0;0.0;283.0;0.0;283.0;0;1
18;2;nan;0.0;0.0;283.0;0.0;283.0;0;1
18;3;nan;0.0;0.0;283.0;0.0;283.0;0;1
18;4;nan;0.0;0.0;283.0;0.0;283.0;0;1
18;5;nan;0.0;0.0;283.0;0.0;283.0;0;1
18;6;nan;0.0;0.0;283.0;0.0;283.0;0;1
18;7;nan;0.0;0.0;283.0;0.0;283.0;0;1
18;8;nan;0.0;0.0;283.0;0.0;283.0;0;1
18;9;nan;0.0;0.0;283.0;0.0;283.0;0;1
18;10;nan;0.0;0.0;283.0;0.0;283.0;0;1
18;11;nan;0.0;0.0;283.0;0.0;283.0;0;1
18;12;nan;0.0;0.0;283.0;0.0;283.0;0;1
18;13;nan;0.0;0.0;283.0;0.0;283.0;0;1
18;14;nan;0.0;0.0;283.0;0.0;283.0;0;1
18;15;nan;0.0;0.0;283.0;0.0;283.0;0;1
18;16;nan;0.0;0.0;283.0;0.0;283.0;0;1
18;17;nan;0.0;0.0;283.0;0.0;283.0;0;1
18;18;nan;0.0;0.0;283.0;0.0;283.0;0;1
18;19;nan;0.0;0.0;283.0;0.0;283.0;0;1
18;20;nan;0.0;0.0;283.0;0.0;283.0;0;1
18;21;nan;0.0;0.0;283.0;0.0;283.0;0;1
18;22;nan;0.0;0.0;283.0;0.0;283.0;0;1
18;23;nan;0.0;0.0;283.0;0.0;283.0;0;1
18;24;nan;0.0;0.0;283.0;0.0;283.0;0;1
18;25;nan;0.0;0.0;283.0;0.0;283.0;0;1
18;26;nan;0.0;0.0;283.0;0.0;283.0;0;1
18;27;nan;0.0;0.0;283.0;0.0;283.0;0;1
18;28;nan;0.0;0.0;283.0;0.0;283.0;0;1
18;29;nan;0.0;0.0;283.0;0.0;283.0;0;1
18;30;nan;0.0;0.0;282.0;0.0;282.0;1;2
18;31;nan;0.0;0.0;287.0;0.0;282.0;0;2
18;32;nan;0.0;0.0;273.0;0.0;273.0;1;3
18;33;nan;0.0;0.0;273.0;0.0;273.0;0;3
18;34;nan;0.0;0.0;273.0;0.0;273.0;0;3
18;35;nan;0.0;0.0;273.0;0.0;273.0;0;3
18;36;nan;0.0;0.0;273.0;0.0;273.0;0;3
18;37;nan;0.0;0.0;273.0;0.0;273.0;0;3
18;38;nan;0.0;0.0;273.0;0.0;273.0;0;3
18;39;nan;0.0;0.0;273.0;0.0;273.0;0;3
18;40;nan;0.0;0.0;273.0;0.0;273.0;0;3
18;41;nan;0.0;0.0;273.0;0.0;273.0;0;3
18;42;nan;0.0;0.0;273.0;0.0;273.0;0;3
18;43;nan;0.0;0.0;273.0;0.0;273.0;0;3
18;44;nan;0.0;0.0;273.0;0.0;273.0;0;3
18;45;nan;0.0;0.0;273.0;0.0;273.0;0;3
18;46;nan;0.0;0.0;273.0;0.0;273.0;0;3
18;47;nan;0.0;0.0;273.0;0.0;273.0;0;3
18;48;nan;0.0;0.0;273.0;0.0;273.0;0;3
18;49;nan;0.0;0.0;273.0;0.0;273.0;0;3
18;50;nan;0.0;0.0;273.0;0.0;273.0;0;3
18;51;nan;0.0;0.0;273.0;0.0;273.0;0;3
18;52;nan;0.0;0.0;273.0;0.0;273.0;0;3
18;53;nan;0.0;0.0;273.0;0.0;273.0;0;3
18;54;nan;0.0;0.0;273.0;0.0;273.0;0;3
18;55;nan;0.0;0.0;273.0;0.0;273.0;0;3
18;56;nan;0.0;0.0;273.0;0.0;273.0;0;3
18;57;nan;0.0;0.0;273.0;0.0;273.0;0;3
18;58;nan;0.0;0.0;273.0;0.0;273.0;0;3
18;59;nan;0.0;0.0;273.0;0.0;273.0;0;3
18;60;nan;0.0;0.0;273.0;0.0;273.0;0;3
18;61;nan;0.0;0.0;273.0;0.0;273.0;0;3
18;62;nan;0.0;0.0;273.0;0.0;273.0;0;3
18;63;nan;0.0;0.0;273.0;0.0;273.0;0;3
18;64;nan;0.0;0.0;273.0;0.0;273.0;0;3
18;65;nan;0.0;0.0;273.0;0.0;273.0;0;3
18;66;nan;0.0;0.0;273.0;0.0;273.0;0;3
18;67;nan;0.0;0.0;273.0;0.0;273.0;0;3
18;68;nan;0.0;0.0;273.0;0.0;273.0;0;3
18;69;nan;0.0;0.0;273.0;0.0;273.0;0;3
18;70;nan;0.0;0.0;273.0;0.0;273.0;0;3
18;71;nan;0.0;0.0;273.0;0.0;273.0;0;3
18;72;nan;0.0;0.0;273.0;0.0;273.0;0;3
18;73;nan;0.0;0.0;273.0;0.0;273.0;0;3
18;74;nan;0.0;0.0;273.0;0.0;273.0;0;3
18;75;nan;0.0;0.0;273.0;0.0;273.0;0;3
18;76;nan;0.0;0.0;273.0;0.0;273.0;0;3
18;77;nan;0.0;0.0;273.0;0.0;273.0;0;3
18;78;nan;0.0;0.0;273.0;0.0;273.0;0;3
18;79;nan;0.0;0.0;273.0;0.0;273.0;0;3
18;80;nan;0.0;0.0;273.0;0.0;273.0;0;3
18;81;nan;0.0;0.0;273.0;0.0;273.0;0;3
18;82;nan;0.0;0.0;273.0;0.0;273.0;0;3
18;83;nan;0.0;0.0;273.0;0.0;273.0;0;3
18;84;nan;0.0;0.0;273.0;0.0;273.0;0;3
18;85;nan;0.0;0.0;273.0;0.0;273.0;0;3
18;86;nan;0.0;0.0;273.0;0.0;273.0;0;3
18;87;nan;0.0;0.0;273.0;0.0;273.0;0;3
18;88;nan;0.0;0.0;273.0;0.0;273.0;0;3
18;89;nan;0.0;0.0;273.0;0.0;273.0;0;3
18;90;nan;0.0;0.0;273.0;0.0;273.0;0;3
18;91;nan;0.0;0.0;273.0;0.0;273.0;0;3
18;92;nan;0.0;0.0;273.0;0.0;273.0;0;3
18;93;nan;0.0;0.0;273.0;0.0;273.0;0;3
18;94;nan;0.0;0.0;273.0;0.0;273.0;0;3
18;95;nan;0.0;0.0;273.0;0.0;273.0;0;3
18;96;nan;0.0;0.0;273.0;0.0;273.0;0;3
18;97;nan;0.0;0.0;273.0;0.0;273.0;0;3
18;98;nan;0.0;0.0;273.0;0.0;273.0;0;3
18;99;nan;0.0;0.0;273.0;0.0;273.0;0;3
18;100;nan;0.0;0.0;273.0;0.0;273.0;0;3
18;101;nan;0.0;0.0;273.0;0.0;273.0;0;3
18;102;nan;0.0;0.0;273.0;0.0;273.0;0;3
18;103;nan;0.0;0.0;273.0;0.0;273.0;0;3
18;104;nan;0.0;0.0;273.0;0.0;273.0;0;3
18;105;nan;0.0;0.0;273.0;0.0;273.0;0;3
18;106;nan;0.0;0.0;273.0;0.0;273.0;0;3
18;107;nan;0.0;0.0;273.0;0.0;273.0;0;3
18;108;nan;0.0;0.0;273.0;0.0;273.0;0;3
18;109;nan;0.0;0.0;273.0;0.0;273.0;0;3
18;110;nan;0.0;0.0;273.0;0.0;273.0;0;3
18;111;nan;0.0;0.0;273.0;0.0;273.0;0;3
18;112;nan;0.0;0.0;273.0;0.0;273.0;0;3
18;113;nan;0.0;0.0;273.0;0.0;273.0;0;3
18;114;nan;0.0;0.0;273.0;0.0;273.0;0;3
18;115;nan;0.0;0.0;273.0;0.0;273.0;0;3
18;116;nan;0.0;0.0;273.0;0.0;273.0;0;3
18;117;nan;0.0;0.0;273.0;0.0;273.0;0;3
18;118;nan;0.0;0.0;273.0;0.0;273.0;0;3
18;119;nan;0.0;0.0;273.0;0.0;273.0;0;3
18;120;nan;0.0;0.0;273.0;0.0;273.0;0;3
18;121;nan;0.0;0.0;273.0;0.0;273.0;0;3
18;122;nan;0.0;0.0;273.0;0.0;273.0;0;3
18;123;nan;0.0;0.0;273.0;0.0;273.0;0;3
18;124;nan;0.0;0.0;273.0;0.0;273.0;0;3
18;125;nan;0.0;0.0;273.0;0.0;273.0;0;3
18;126;nan;0.0;0.0;273.0;0.0;273.0;0;3
18;127;nan;0.0;0.0;273.0;0.0;273.0;0;3
18;128;nan;0.0;0.0;273.0;0.0;273.0;0;3
18;129;nan;0.0;0.0;273.0;0.0;273.0;0;3
18;130;nan;0.0;0.0;273.0;0.0;273.0;0;3
18;131;nan;0.0;0.0;273.0;0.0;273.0;0;3
18;132;nan;0.0;0.0;273.0;0.0;273.0;0;3
18;133;nan;0.0;0.0;273.0;0.0;273.0;0;3
18;134;nan;0.0;0.0;273.0;0.0;273.0;0;3
18;135;nan;0.0;0.0;273.0;0.0;273.0;0;3
18;136;nan;0.0;0.0;273.0;0.0;273.0;0;3
18;137;nan;0.0;0.0;273.0;0.0;273.0;0;3
18;138;nan;0.0;0.0;273.0;0.0;273.0;0;3
18;139;nan;0.0;0.0;273.0;0.0;273.0;0;3
18;140;nan;0.0;0.0;273.0;0.0;273.0;0;3
18;141;nan;0.0;0.0;273.0;0.0;273.0;0;3
18;142;nan;0.0;0.0;273.0;0.0;273.0;0;3
18;143;nan;0.0;0.0;273.0;0.0;273.0;0;3
18;144;nan;0.0;0.0;273.0;0.0;273.0;0;3
18;145;nan;0.0;0.0;273.0;0.0;273.0;0;3
18;146;nan;0.0;0.0;273.0;0.0;273.0;0;3
18;147;nan;0.0;0.0;273.0;0.0;273.0;0;3
18;148;nan;0.0;0.0;273.0;0.0;273.0;0;3
18;149;nan;0.0;0.0;273.0;0.0;273.0;0;3
19;0;nan;0.0;0.0;285.0;0.0;279.0;1;1
19;1;nan;0.0;0.0;279.0;0.0;279.0;0;1
19;2;nan;0.0;0.0;279.0;0.0;279.0;0;1
19;3;nan;0.0;0.0;279.0;0.0;279.0;0;1
19;4;nan;0.0;0.0;279.0;0.0;279.0;0;1
19;5;nan;0.0;0.0;279.0;0.0;279.0;0;1
19;6;nan;0.0;0.0;279.0;0.0;279.0;0;1
19;7;nan;0.0;0.0;279.0;0.0;279.0;0;1
19;8;nan;0.0;0.0;279.0;0.0;279.0;0;1
19;9;nan;0.0;0.0;279.0;0.0;279.0;0;1
19;10;nan;0.0;0.0;279.0;0.0;279.0;0;1
19;11;nan;0.0;0.0;279.0;0.0;279.0;0;1
19;12;nan;0.0;0.0;279.0;0.0;279.0;0;1
19;13;nan;0.0;0.0;279.0;0.0;279.0;0;1
19;14;nan;0.0;0.0;279.0;0.0;279.0;0;1
19;15;nan;0.0;0.0;279.0;0.0;279.0;0;1
19;16;nan;0.0;0.0;279.0;0.0;279.0;0;1
19;17;nan;0.0;0.0;279.0;0.0;279.0;0;1
19;18;nan;0.0;0.0;279.0;0.0;279.0;0;1
19;19;nan;0.0;0.0;279.0;0.0;279.0;0;1
19;20;nan;0.0;0.0;279.0;0.0;279.0;0;1
19;21;nan;0.0;0.0;279.0;0.0;279.0;0;1
19;22;nan;0.0;0.0;279.0;0.0;279.0;0;1
19;23;nan;0.0;0.0;279.0;0.0;279.0;0;1
19;24;nan;0.0;0.0;279.0;0.0;279.0;0;1
19;25;nan;0.0;0.0;279.0;0.0;279.0;0;1
19;26;nan;0.0;0.0;279.0;0.0;279.0;0;1
19;27;nan;0.0;0.0;279.0;0.0;279.0;0;1
19;28;nan;0.0;0.0;279.0;0.0;279.0;0;1
19;29;nan;0.0;0.0;279.0;0.0;279.0;0;1
19;30;nan;0.0;0.0;274.0;0.0;274.0;1;2
19;31;nan;0.0;0.0;274.0;0.0;274.0;0;2
19;32;nan;0.0;0.0;274.0;0.0;274.0;0;2
19;33;nan;0.0;0.0;274.0;0.0;274.0;0;2
19;34;nan;0.0;0.0;274.0;0.0;274.0;0;2
19;35;nan;0.0;0.0;274.0;0.0;274.0;0;2
19;36;nan;0.0;0.0;274.0;0.0;274.0;0;2
19;37;nan;0.0;0.0;274.0;0.0;274.0;0;2
19;38;nan;0.0;0.0;274.0;0.0;274.0;0;2
19;39;nan;0.0;0.0;274.0;0.0;274.0;0;2
19;40;nan;0.0;0.0;274.0;0.0;274.0;0;2
19;41;nan;0.0;0.0;274.0;0.0;274.0;0;2
19;42;nan;0.0;0.0;274.0;0.0;274.0;0;2
19;43;nan;0.0;0.0;274.0;0.0;274.0;0;2
19;44;nan;0.0;0.0;274.0;0.0;274.0;0;2
19;45;nan;0.0;0.0;274.0;0.0;274.0;0;2
19;46;nan;0.0;0.0;274.0;0.0;274.0;0;2
19;47;nan;0.0;0.0;274.0;0.0;274.0;0;2
19;48;nan;0.0;0.0;274.0;0.0;274.0;0;2
19;49;nan;0.0;0.0;274.0;0.0;274.0;0;2
19;50;nan;0.0;0.0;274.0;0.0;274.0;0;2
19;51;nan;0.0;0.0;274.0;0.0;274.0;0;2
19;52;nan;0.0;0.0;274.0;0.0;274.0;0;2
19;53;nan;0.0;0.0;274.0;0.0;274.0;0;2
19;54;nan;0.0;0.0;274.0;0.0;274.0;0;2
19;55;nan;0.0;0.0;274.0;0.0;274.0;0;2
19;56;nan;0.0;0.0;274.0;0.0;274.0;0;2
19;57;nan;0.0;0.0;274.0;0.0;274.0;0;2
19;58;nan;0.0;0.0;274.0;0.0;274.0;0;2
19;59;nan;0.0;0.0;274.0;0.0;274.0;0;2
19;60;nan;0.0;0.0;274.0;0.0;274.0;0;2
19;61;nan;0.0;0.0;274.0;0.0;274.0;0;2
19;62;nan;0.0;0.0;274.0;0.0;274.0;0;2
19;63;nan;0.0;0.0;274.0;0.0;274.0;0;2
19;64;nan;0.0;0.0;274.0;0.0;274.0;0;2
19;65;nan;0.0;0.0;274.0;0.0;274.0;0;2
19;66;nan;0.0;0.0;274.0;0.0;274.0;0;2
19;67;nan;0.0;0.0;274.0;0.0;274.0;0;2
19;68;nan;0.0;0.0;274.0;0.0;274.0;0;2
19;69;nan;0.0;0.0;274.0;0.0;274.0;0;2
19;70;nan;0.0;0.0;274.0;0.0;274.0;0;2
19;71;nan;0.0;0.0;274.0;0.0;274.0;0;2
19;72;nan;0.0;0.0;274.0;0.0;274.0;0;2
19;73;nan;0.0;0.0;274.0;0.0;274.0;0;2
19;74;nan;0.0;0.0;274.0;0.0;274.0;0;2
19;75;nan;0.0;0.0;274.0;0.0;274.0;0;2
19;76;nan;0.0;0.0;274.0;0.0;274.0;0;2
19;77;nan;0.0;0.0;274.0;0.0;274.0;0;2
19;78;nan;0.0;0.0;274.0;0.0;274.0;0;2
19;79;nan;0.0;0.0;274.0;0.0;274.0;0;2
19;80;nan;0.0;0.0;274.0;0.0;274.0;0;2
19;81;nan;0.0;0.0;274.0;0.0;274.0;0;2
19;82;nan;0.0;0.0;274.0;0.0;274.0;0;2
19;83;nan;0.0;0.0;274.0;0.0;274.0;0;2
19;84;nan;0.0;0.0;274.0;0.0;274.0;0;2
19;85;nan;0.0;0.0;274.0;0.0;274.0;0;2
19;86;nan;0.0;0.0;274.0;0.0;274.0;0;2
19;87;nan;0.0;0.0;274.0;0.0;274.0;0;2
19;88;nan;0.0;0.0;274.0;0.0;274.0;0;2
19;89;nan;0.0;0.0;274.0;0.0;274.0;0;2
19;90;nan;0.0;0.0;274.0;0.0;274.0;0;2
19;91;nan;0.0;0.0;274.0;0.0;274.0;0;2
19;92;nan;0.0;0.0;274.0;0.0;274.0;0;2
19;93;nan;0.0;0.0;274.0;0.0;274.0;0;2
19;94;nan;0.0;0.0;274.0;0.0;274.0;0;2
19;95;nan;0.0;0.0;274.0;0.0;274.0;0;2
19;96;nan;0.0;0.0;274.0;0.0;274.0;0;2
19;97;nan;0.0;0.0;274.0;0.0;274.0;0;2
19;98;nan;0.0;0.0;274.0;0.0;274.0;0;2
19;99;nan;0.0;0.0;274.0;0.0;274.0;0;2
19;100;nan;0.0;0.0;274.0;0.0;274.0;0;2
19;101;nan;0.0;0.0;274.0;0.0;274.0;0;2
19;102;nan;0.0;0.0;274.0;0.0;274.0;0;2
19;103;nan;0.0;0.0;274.0;0.0;274.0;0;2
19;104;nan;0.0;0.0;274.0;0.0;274.0;0;2
19;105;nan;0.0;0.0;274.0;0.0;274.0;0;2
19;106;nan;0.0;0.0;274.0;0.0;274.0;0;2
19;107;nan;0.0;0.0;274.0;0.0;274.0;0;2
19;108;nan;0.0;0.0;274.0;0.0;274.0;0;2
19;109;nan;0.0;0.0;274.0;0.0;274.0;0;2
19;110;nan;0.0;0.0;274.0;0.0;274.0;0;2
19;111;nan;0.0;0.0;274.0;0.0;274.0;0;2
19;112;nan;0.0;0.0;274.0;0.0;274.0;0;2
19;113;nan;0.0;0.0;274.0;0.0;274.0;0;2
19;114;nan;0.0;0.0;274.0;0.0;274.0;0;2
19;115;nan;0.0;0.0;274.0;0.0;274.0;0;2
19;116;nan;0.0;0.0;274.0;0.0;274.0;0;2
19;117;nan;0.0;0.0;274.0;0.0;274.0;0;2
19;118;nan;0.0;0.0;274.0;0.0;274.0;0;2
19;119;nan;0.0;0.0;274.0;0.0;274.0;0;2
19;120;nan;0.0;0.0;274.0;0.0;274.0;0;2
19;121;nan;0.0;0.0;274.0;0.0;274.0;0;2
19;122;nan;0.0;0.0;274.0;0.0;274.0;0;2
19;123;nan;0.0;0.0;274.0;0.0;274.0;0;2
19;124;nan;0.0;0.0;274.0;0.0;274.0;0;2
19;125;nan;0.0;0.0;274.0;0.0;274.0;0;2
19;126;nan;0.0;0.0;274.0;0.0;274.0;0;2
19;127;nan;0.0;0.0;274.0;0.0;274.0;0;2
19;128;nan;0.0;0.0;274.0;0.0;274.0;0;2
19;129;nan;0.0;0.0;274.0;0.0;274.0;0;2
19;130;nan;0.0;0.0;274.0;0.0;274.0;0;2
19;131;nan;0.0;0.0;274.0;0.0;274.0;0;2
19;132;nan;0.0;0.0;274.0;0.0;274.0;0;2
19;133;nan;0.0;0.0;274.0;0.0;274.0;0;2
19;134;nan;0.0;0.0;274.0;0.0;274.0;0;2
19;135;nan;0.0;0.0;274.0;0.0;274.0;0;2
19;136;nan;0.0;0.0;274.0;0.0;274.0;0;2
19;137;nan;0.0;0.0;274.0;0.0;274.0;0;2
19;138;nan;0.0;0.0;274.0;0.0;274.0;0;2
19;139;nan;0.0;0.0;274.0;0.0;274.0;0;2
19;140;nan;0.0;0.0;274.0;0.0;274.0;0;2
19;141;nan;0.0;0.0;274.0;0.0;274.0;0;2
19;142;nan;0.0;0.0;274.0;0.0;274.0;0;2
19;143;nan;0.0;0.0;274.0;0.0;274.0;0;2
19;144;nan;0.0;0.0;274.0;0.0;274.0;0;2
19;145;nan;0.0;0.0;274.0;0.0;274.0;0;2
19;146;nan;0.0;0.0;274.0;0.0;274.0;0;2
19;147;nan;0.0;0.0;274.0;0.0;274.0;0;2
19;148;nan;0.0;0.0;274.0;0.0;274.0;0;2
19;149;nan;0.0;0.0;274.0;0.0;274.0;0;2
20;0;nan;0.0;0.0;283.0;0.0;283.0;1;1
20;1;nan;0.0;0.0;283.0;0.0;283.0;0;1
20;2;nan;0.0;0.0;283.0;0.0;283.0;0;1
20;3;nan;0.0;0.0;283.0;0.0;283.0;0;1
20;4;nan;0.0;0.0;283.0;0.0;283.0;0;1
20;5;nan;0.0;0.0;283.0;0.0;283.0;0;1
20;6;nan;0.0;0.0;283.0;0.0;283.0;0;1
20;7;nan;0.0;0.0;283.0;0.0;283.0;0;1
20;8;nan;0.0;0.0;283.0;0.0;283.0;0;1
20;9;nan;0.0;0.0;283.0;0.0;283.0;0;1
20;10;nan;0.0;0.0;283.0;0.0;283.0;0;1
20;11;nan;0.0;0.0;283.0;0.0;283.0;0;1
20;12;nan;0.0;0.0;283.0;0.0;283.0;0;1
20;13;nan;0.0;0.0;283.0;0.0;283.0;0;1
20;14;nan;0.0;0.0;283.0;0.0;283.0;0;1
20;15;nan;0.0;0.0;283.0;0.0;283.0;0;1
20;16;nan;0.0;0.0;283.0;0.0;283.0;0;1
20;17;nan;0.0;0.0;283.0;0.0;283.0;0;1
20;18;nan;0.0;0.0;283.0;0.0;283.0;0;1
20;19;nan;0.0;0.0;283.0;0.0;283.0;0;1
20;20;nan;0.0;0.0;283.0;0.0;283.0;0;1
20;21;nan;0.0;0.0;283.0;0.0;283.0;0;1
20;22;nan;0.0;0.0;283.0;0.0;283.0;0;1
20;23;nan;0.0;0.0;283.0;0.0;283.0;0;1
20;24;nan;0.0;0.0;283.0;0.0;283.0;0;1
20;25;nan;0.0;0.0;283.0;0.0;283.0;0;1
20;26;nan;0.0;0.0;283.0;0.0;283.0;0;1
20;27;nan;0.0;0.0;283.0;0.0;283.0;0;1
20;28;nan;0.0;0.0;283.0;0.0;283.0;0;1
20;29;nan;0.0;0.0;283.0;0.0;283.0;0;1
20;30;nan;0.0;0.0;281.0;0.0;281.0;1;2
20;31;nan;0.0;0.0;281.0;0.0;281.0;0;2
20;32;nan;0.0;0.0;281.0;0.0;281.0;0;2
20;33;nan;0.0;0.0;281.0;0.0;281.0;0;2
20;34;nan;0.0;0.0;281.0;0.0;281.0;0;2
20;35;nan;0.0;0.0;281.0;0.0;281.0;0;2
20;36;nan;0.0;0.0;281.0;0.0;281.0;0;2
20;37;nan;0.0;0.0;281.0;0.0;281.0;0;2
20;38;nan;0.0;0.0;281.0;0.0;281.0;0;2
20;39;nan;0.0;0.0;281.0;0.0;281.0;0;2
20;40;nan;0.0;0.0;281.0;0.0;281.0;0;2
20;41;nan;0.0;0.0;281.0;0.0;281.0;0;2
20;42;nan;0.0;0.0;281.0;0.0;281.0;0;2
20;43;nan;0.0;0.0;281.0;0.0;281.0;0;2
20;44;nan;0.0;0.0;281.0;0.0;281.0;0;2
20;45;nan;0.0;0.0;281.0;0.0;281.0;0;2
20;46;nan;0.0;0.0;281.0;0.0;281.0;0;2
20;47;nan;0.0;0.0;281.0;0.0;281.0;0;2
20;48;nan;0.0;0.0;281.0;0.0;281.0;0;2
20;49;nan;0.0;0.0;281.0;0.0;281.0;0;2
20;50;nan;0.0;0.0;281.0;0.0;281.0;0;2
20;51;nan;0.0;0.0;281.0;0.0;281.0;0;2
20;52;nan;0.0;0.0;281.0;0.0;281.0;0;2
20;53;nan;0.0;0.0;281.0;0.0;281.0;0;2
20;54;nan;0.0;0.0;281.0;0.0;281.0;0;2
20;55;nan;0.0;0.0;281.0;0.0;281.0;0;2
20;56;nan;0.0;0.0;281.0;0.0;281.0;0;2
20;57;nan;0.0;0.0;281.0;0.0;281.0;0;2
20;58;nan;0.0;0.0;281.0;0.0;281.0;0;2
20;59;nan;0.0;0.0;281.0;0.0;281.0;0;2
20;60;nan;0.0;0.0;281.0;0.0;281.0;0;2
20;61;nan;0.0;0.0;281.0;0.0;281.0;0;2
20;62;nan;0.0;0.0;281.0;0.0;281.0;0;2
20;63;nan;0.0;0.0;281.0;0.0;281.0;0;2
20;64;nan;0.0;0.0;281.0;0.0;281.0;0;2
20;65;nan;0.0;0.0;281.0;0.0;281.0;0;2
20;66;nan;0.0;0.0;281.0;0.0;281.0;0;2
20;67;nan;0.0;0.0;281.0;0.0;281.0;0;2
20;68;nan;0.0;0.0;281.0;0.0;281.0;0;2
20;69;nan;0.0;0.0;281.0;0.0;281.0;0;2
20;70;nan;0.0;0.0;281.0;0.0;281.0;0;2
20;71;nan;0.0;0.0;281.0;0.0;281.0;0;2
20;72;nan;0.0;0.0;281.0;0.0;281.0;0;2
20;73;nan;0.0;0.0;281.0;0.0;281.0;0;2
20;74;nan;0.0;0.0;281.0;0.0;281.0;0;2
20;75;nan;0.0;0.0;281.0;0.0;281.0;0;2
20;76;nan;0.0;0.0;281.0;0.0;281.0;0;2
20;77;nan;0.0;0.0;281.0;0.0;281.0;0;2
20;78;nan;0.0;0.0;281.0;0.0;281.0;0;2
20;79;nan;0.0;0.0;281.0;0.0;281.0;0;2
20;80;nan;0.0;0.0;281.0;0.0;281.0;0;2
20;81;nan;0.0;0.0;281.0;0.0;281.0;0;2
20;82;nan;0.0;0.0;281.0;0.0;281.0;0;2
20;83;nan;0.0;0.0;281.0;0.0;281.0;0;2
20;84;nan;0.0;0.0;281.0;0.0;281.0;0;2
20;85;nan;0.0;0.0;281.0;0.0;281.0;0;2
20;86;nan;0.0;0.0;281.0;0.0;281.0;0;2
20;87;nan;0.0;0.0;281.0;0.0;281.0;0;2
20;88;nan;0.0;0.0;281.0;0.0;281.0;0;2
20;89;nan;0.0;0.0;281.0;0.0;281.0;0;2
20;90;nan;0.0;0.0;274.0;0.0;274.0;1;3
20;91;nan;0.0;0.0;280.0;0.0;274.0;0;3
20;92;nan;0.0;0.0;296.0;0.0;274.0;0;3
20;93;nan;0.0;0.0;299.0;0.0;274.0;0;3
20;94;nan;0.0;0.0;306.0;0.0;274.0;0;3
20;95;nan;0.0;0.0;287.0;0.0;274.0;0;3
20;96;nan;0.0;0.0;286.0;0.0;274.0;0;3
20;97;nan;0.0;0.0;288.0;0.0;274.0;0;3
20;98;nan;0.0;0.0;288.0;0.0;274.0;0;3
20;99;nan;0.0;0.0;284.0;0.0;274.0;0;3
20;100;nan;0.0;0.0;299.0;0.0;274.0;0;3
20;101;nan;0.0;0.0;283.0;0.0;274.0;0;3
20;102;nan;0.0;0.0;283.0;0.0;274.0;0;3
20;103;nan;0.0;0.0;287.0;0.0;274.0;0;3
20;104;nan;0.0;0.0;297.0;0.0;274.0;0;3
20;105;nan;0.0;0.0;309.0;0.0;274.0;0;3
20;106;nan;0.0;0.0;289.0;0.0;274.0;0;3
20;107;nan;0.0;0.0;289.0;0.0;274.0;0;3
20;108;nan;0.0;0.0;278.0;0.0;274.0;0;3
20;109;nan;0.0;0.0;277.0;0.0;274.0;0;3
20;110;nan;0.0;0.0;293.0;0.0;274.0;0;3
20;111;nan;0.0;0.0;288.0;0.0;274.0;0;3
20;112;nan;0.0;0.0;275.0;0.0;274.0;0;3
20;113;nan;0.0;0.0;289.0;0.0;274.0;0;3
20;114;nan;0.0;0.0;282.0;0.0;274.0;0;3
20;115;nan;0.0;0.0;299.0;0.0;274.0;0;3
20;116;nan;0.0;0.0;283.0;0.0;274.0;0;3
20;117;nan;0.0;0.0;277.0;0.0;274.0;0;3
20;118;nan;0.0;0.0;284.0;0.0;274.0;0;3
20;119;nan;0.0;0.0;293.0;0.0;274.0;0;3
20;120;nan;0.0;0.0;279.0;0.0;274.0;0;3
20;121;nan;0.0;0.0;289.0;0.0;274.0;0;3
20;122;nan;0.0;0.0;275.0;0.0;274.0;0;3
20;123;nan;0.0;0.0;291.0;0.0;274.0;0;3
20;124;nan;0.0;0.0;283.0;0.0;274.0;0;3
20;125;nan;0.0;0.0;279.0;0.0;274.0;0;3
20;126;nan;0.0;0.0;287.0;0.0;274.0;0;3
20;127;nan;0.0;0.0;290.0;0.0;274.0;0;3
20;128;nan;0.0;0.0;278.0;0.0;274.0;0;3
20;129;nan;0.0;0.0;276.0;0.0;274.0;0;3
20;130;nan;0.0;0.0;280.0;0.0;274.0;0;3
20;131;nan;0.0;0.0;286.0;0.0;274.0;0;3
20;132;nan;0.0;0.0;287.0;0.0;274.0;0;3
20;133;nan;0.0;0.0;292.0;0.0;274.0;0;3
20;134;nan;0.0;0.0;287.0;0.0;274.0;0;3
20;135;nan;0.0;0.0;289.0;0.0;274.0;0;3
20;136;nan;0.0;0.0;287.0;0.0;274.0;0;3
20;137;nan;0.0;0.0;289.0;0.0;274.0;0;3
20;138;nan;0.0;0.0;284.0;0.0;274.0;0;3
20;139;nan;0.0;0.0;284.0;0.0;274.0;0;3
20;140;nan;0.0;0.0;284.0;0.0;274.0;0;3
20;141;nan;0.0;0.0;288.0;0.0;274.0;0;3
20;142;nan;0.0;0.0;284.0;0.0;274.0;0;3
20;143;nan;0.0;0.0;281.0;0.0;274.0;0;3
20;144;nan;0.0;0.0;289.0;0.0;274.0;0;3
20;145;nan;0.0;0.0;283.0;0.0;274.0;0;3
20;146;nan;0.0;0.0;289.0;0.0;274.0;0;3
20;147;nan;0.0;0.0;283.0;0.0;274.0;0;3
20;148;nan;0.0;0.0;292.0;0.0;274.0;0;3
20;149;nan;0.0;0.0;290.0;0.0;274.0;0;3
21;0;nan;0.0;0.0;283.0;0.0;282.0;1;1
21;1;nan;0.0;0.0;282.0;0.0;282.0;0;1
21;2;nan;0.0;0.0;282.0;0.0;282.0;0;1
21;3;nan;0.0;0.0;282.0;0.0;282.0;0;1
21;4;nan;0.0;0.0;282.0;0.0;282.0;0;1
21;5;nan;0.0;0.0;282.0;0.0;282.0;0;1
21;6;nan;0.0;0.0;282.0;0.0;282.0;0;1
21;7;nan;0.0;0.0;282.0;0.0;282.0;0;1
21;8;nan;0.0;0.0;282.0;0.0;282.0;0;1
21;9;nan;0.0;0.0;282.0;0.0;282.0;0;1
21;10;nan;0.0;0.0;282.0;0.0;282.0;0;1
21;11;nan;0.0;0.0;282.0;0.0;282.0;0;1
21;12;nan;0.0;0.0;282.0;0.0;282.0;0;1
21;13;nan;0.0;0.0;282.0;0.0;282.0;0;1
21;14;nan;0.0;0.0;282.0;0.0;282.0;0;1
21;15;nan;0.0;0.0;282.0;0.0;282.0;0;1
21;16;nan;0.0;0.0;282.0;0.0;282.0;0;1
21;17;nan;0.0;0.0;282.0;0.0;282.0;0;1
21;18;nan;0.0;0.0;282.0;0.0;282.0;0;1
21;19;nan;0.0;0.0;282.0;0.0;282.0;0;1
21;20;nan;0.0;0.0;282.0;0.0;282.0;0;1
21;21;nan;0.0;0.0;282.0;0.0;282.0;0;1
21;22;nan;0.0;0.0;282.0;0.0;282.0;0;1
21;23;nan;0.0;0.0;282.0;0.0;282.0;0;1
21;24;nan;0.0;0.0;282.0;0.0;282.0;0;1
21;25;nan;0.0;0.0;282.0;0.0;282.0;0;1
21;26;nan;0.0;0.0;282.0;0.0;282.0;0;1
21;27;nan;0.0;0.0;282.0;0.0;282.0;0;1
21;28;nan;0.0;0.0;282.0;0.0;282.0;0;1
21;29;nan;0.0;0.0;282.0;0.0;282.0;0;1
21;30;nan;0.0;0.0;277.0;0.0;277.0;1;2
21;31;nan;0.0;0.0;277.0;0.0;277.0;0;2
21;32;nan;0.0;0.0;277.0;0.0;277.0;0;2
21;33;nan;0.0;0.0;277.0;0.0;277.0;0;2
21;34;nan;0.0;0.0;277.0;0.0;277.0;0;2
21;35;nan;0.0;0.0;277.0;0.0;277.0;0;2
21;36;nan;0.0;0.0;277.0;0.0;277.0;0;2
21;37;nan;0.0;0.0;277.0;0.0;277.0;0;2
21;38;nan;0.0;0.0;277.0;0.0;277.0;0;2
21;39;nan;0.0;0.0;277.0;0.0;277.0;0;2
21;40;nan;0.0;0.0;277.0;0.0;277.0;0;2
21;41;nan;0.0;0.0;277.0;0.0;277.0;0;2
21;42;nan;0.0;0.0;277.0;0.0;277.0;0;2
21;43;nan;0.0;0.0;277.0;0.0;277.0;0;2
21;44;nan;0.0;0.0;277.0;0.0;277.0;0;2
21;45;nan;0.0;0.0;277.0;0.0;277.0;0;2
21;46;nan;0.0;0.0;277.0;0.0;277.0;0;2
21;47;nan;0.0;0.0;277.0;0.0;277.0;0;2
21;48;nan;0.0;0.0;277.0;0.0;277.0;0;2
21;49;nan;0.0;0.0;277.0;0.0;277.0;0;2
21;50;nan;0.0;0.0;277.0;0.0;277.0;0;2
21;51;nan;0.0;0.0;277.0;0.0;277.0;0;2
21;52;nan;0.0;0.0;277.0;0.0;277.0;0;2
21;53;nan;0.0;0.0;277.0;0.0;277.0;0;2
21;54;nan;0.0;0.0;277.0;0.0;277.0;0;2
21;55;nan;0.0;0.0;277.0;0.0;277.0;0;2
21;56;nan;0.0;0.0;277.0;0.0;277.0;0;2
21;57;nan;0.0;0.0;277.0;0.0;277.0;0;2
21;58;nan;0.0;0.0;277.0;0.0;277.0;0;2
21;59;nan;0.0;0.0;277.0;0.0;277.0;0;2
21;60;nan;0.0;0.0;273.0;0.0;273.0;1;3
21;61;nan;0.0;0.0;291.0;0.0;273.0;0;3
21;62;nan;0.0;0.0;280.0;0.0;273.0;0;3
21;63;nan;0.0;0.0;281.0;0.0;273.0;0;3
21;64;nan;0.0;0.0;286.0;0.0;273.0;0;3
21;65;nan;0.0;0.0;281.0;0.0;273.0;0;3
21;66;nan;0.0;0.0;287.0;0.0;273.0;0;3
21;67;nan;0.0;0.0;276.0;0.0;273.0;0;3
21;68;nan;0.0;0.0;290.0;0.0;273.0;0;3
21;69;nan;0.0;0.0;312.0;0.0;273.0;0;3
21;70;nan;0.0;0.0;281.0;0.0;273.0;0;3
21;71;nan;0.0;0.0;285.0;0.0;273.0;0;3
21;72;nan;0.0;0.0;309.0;0.0;273.0;0;3
21;73;nan;0.0;0.0;277.0;0.0;273.0;0;3
21;74;nan;0.0;0.0;292.0;0.0;273.0;0;3
21;75;nan;0.0;0.0;284.0;0.0;273.0;0;3
21;76;nan;0.0;0.0;280.0;0.0;273.0;0;3
21;77;nan;0.0;0.0;317.0;0.0;273.0;0;3
21;78;nan;0.0;0.0;312.0;0.0;273.0;0;3
21;79;nan;0.0;0.0;298.0;0.0;273.0;0;3
21;80;nan;0.0;0.0;282.0;0.0;273.0;0;3
21;81;nan;0.0;0.0;280.0;0.0;273.0;0;3
21;82;nan;0.0;0.0;288.0;0.0;273.0;0;3
21;83;nan;0.0;0.0;278.0;0.0;273.0;0;3
21;84;nan;0.0;0.0;285.0;0.0;273.0;0;3
21;85;nan;0.0;0.0;287.0;0.0;273.0;0;3
21;86;nan;0.0;0.0;281.0;0.0;273.0;0;3
21;87;nan;0.0;0.0;282.0;0.0;273.0;0;3
21;88;nan;0.0;0.0;280.0;0.0;273.0;0;3
21;89;nan;0.0;0.0;279.0;0.0;273.0;0;3
21;90;nan;0.0;0.0;282.0;0.0;273.0;0;3
21;91;nan;0.0;0.0;285.0;0.0;273.0;0;3
21;92;nan;0.0;0.0;284.0;0.0;273.0;0;3
21;93;nan;0.0;0.0;303.0;0.0;273.0;0;3
21;94;nan;0.0;0.0;282.0;0.0;273.0;0;3
21;95;nan;0.0;0.0;282.0;0.0;273.0;0;3
21;96;nan;0.0;0.0;281.0;0.0;273.0;0;3
21;97;nan;0.0;0.0;294.0;0.0;273.0;0;3
21;98;nan;0.0;0.0;282.0;0.0;273.0;0;3
21;99;nan;0.0;0.0;288.0;0.0;273.0;0;3
21;100;nan;0.0;0.0;297.0;0.0;273.0;0;3
21;101;nan;0.0;0.0;284.0;0.0;273.0;0;3
21;102;nan;0.0;0.0;287.0;0.0;273.0;0;3
21;103;nan;0.0;0.0;285.0;0.0;273.0;0;3
21;104;nan;0.0;0.0;299.0;0.0;273.0;0;3
21;105;nan;0.0;0.0;291.0;0.0;273.0;0;3
21;106;nan;0.0;0.0;293.0;0.0;273.0;0;3
21;107;nan;0.0;0.0;304.0;0.0;273.0;0;3
21;108;nan;0.0;0.0;285.0;0.0;273.0;0;3
21;109;nan;0.0;0.0;306.0;0.0;273.0;0;3
21;110;nan;0.0;0.0;295.0;0.0;273.0;0;3
21;111;nan;0.0;0.0;288.0;0.0;273.0;0;3
21;112;nan;0.0;0.0;282.0;0.0;273.0;0;3
21;113;nan;0.0;0.0;287.0;0.0;273.0;0;3
21;114;nan;0.0;0.0;295.0;0.0;273.0;0;3
21;115;nan;0.0;0.0;312.0;0.0;273.0;0;3
21;116;nan;0.0;0.0;304.0;0.0;273.0;0;3
21;117;nan;0.0;0.0;291.0;0.0;273.0;0;3
21;118;nan;0.0;0.0;303.0;0.0;273.0;0;3
21;119;nan;0.0;0.0;284.0;0.0;273.0;0;3
21;120;nan;0.0;0.0;279.0;0.0;273.0;0;3
21;121;nan;0.0;0.0;287.0;0.0;273.0;0;3
21;122;nan;0.0;0.0;283.0;0.0;273.0;0;3
21;123;nan;0.0;0.0;287.0;0.0;273.0;0;3
21;124;nan;0.0;0.0;302.0;0.0;273.0;0;3
21;125;nan;0.0;0.0;290.0;0.0;273.0;0;3
21;126;nan;0.0;0.0;330.0;0.0;273.0;0;3
21;127;nan;0.0;0.0;279.0;0.0;273.0;0;3
21;128;nan;0.0;0.0;306.0;0.0;273.0;0;3
21;129;nan;0.0;0.0;284.0;0.0;273.0;0;3
21;130;nan;0.0;0.0;281.0;0.0;273.0;0;3
21;131;nan;0.0;0.0;283.0;0.0;273.0;0;3
21;132;nan;0.0;0.0;287.0;0.0;273.0;0;3
21;133;nan;0.0;0.0;286.0;0.0;273.0;0;3
21;134;nan;0.0;0.0;287.0;0.0;273.0;0;3
21;135;nan;0.0;0.0;296.0;0.0;273.0;0;3
21;136;nan;0.0;0.0;276.0;0.0;273.0;0;3
21;137;nan;0.0;0.0;294.0;0.0;273.0;0;3
21;138;nan;0.0;0.0;282.0;0.0;273.0;0;3
21;139;nan;0.0;0.0;285.0;0.0;273.0;0;3
21;140;nan;0.0;0.0;289.0;0.0;273.0;0;3
21;141;nan;0.0;0.0;285.0;0.0;273.0;0;3
21;142;nan;0.0;0.0;275.0;0.0;273.0;0;3
21;143;nan;0.0;0.0;289.0;0.0;273.0;0;3
21;144;nan;0.0;0.0;292.0;0.0;273.0;0;3
21;145;nan;0.0;0.0;284.0;0.0;273.0;0;3
21;146;nan;0.0;0.0;290.0;0.0;273.0;0;3
21;147;nan;0.0;0.0;290.0;0.0;273.0;0;3
21;148;nan;0.0;0.0;290.0;0.0;273.0;0;3
21;149;nan;0.0;0.0;286.0;0.0;273.0;0;3
22;0;nan;0.0;0.0;295.0;0.0;279.0;1;1
22;1;nan;0.0;0.0;273.0;0.0;273.0;1;2
22;2;nan;0.0;0.0;273.0;0.0;273.0;0;2
22;3;nan;0.0;0.0;273.0;0.0;273.0;0;2
22;4;nan;0.0;0.0;273.0;0.0;273.0;0;2
22;5;nan;0.0;0.0;273.0;0.0;273.0;0;2
22;6;nan;0.0;0.0;273.0;0.0;273.0;0;2
22;7;nan;0.0;0.0;273.0;0.0;273.0;0;2
22;8;nan;0.0;0.0;273.0;0.0;273.0;0;2
22;9;nan;0.0;0.0;273.0;0.0;273.0;0;2
22;10;nan;0.0;0.0;273.0;0.0;273.0;0;2
22;11;nan;0.0;0.0;273.0;0.0;273.0;0;2
22;12;nan;0.0;0.0;273.0;0.0;273.0;0;2
22;13;nan;0.0;0.0;273.0;0.0;273.0;0;2
22;14;nan;0.0;0.0;273.0;0.0;273.0;0;2
22;15;nan;0.0;0.0;273.0;0.0;273.0;0;2
22;16;nan;0.0;0.0;273.0;0.0;273.0;0;2
22;17;nan;0.0;0.0;273.0;0.0;273.0;0;2
22;18;nan;0.0;0.0;273.0;0.0;273.0;0;2
22;19;nan;0.0;0.0;273.0;0.0;273.0;0;2
22;20;nan;0.0;0.0;273.0;0.0;273.0;0;2
22;21;nan;0.0;0.0;273.0;0.0;273.0;0;2
22;22;nan;0.0;0.0;273.0;0.0;273.0;0;2
22;23;nan;0.0;0.0;273.0;0.0;273.0;0;2
22;24;nan;0.0;0.0;273.0;0.0;273.0;0;2
22;25;nan;0.0;0.0;273.0;0.0;273.0;0;2
22;26;nan;0.0;0.0;273.0;0.0;273.0;0;2
22;27;nan;0.0;0.0;273.0;0.0;273.0;0;2
22;28;nan;0.0;0.0;273.0;0.0;273.0;0;2
22;29;nan;0.0;0.0;273.0;0.0;273.0;0;2
22;30;nan;0.0;0.0;273.0;0.0;273.0;0;2
22;31;nan;0.0;0.0;273.0;0.0;273.0;0;2
22;32;nan;0.0;0.0;273.0;0.0;273.0;0;2
22;33;nan;0.0;0.0;273.0;0.0;273.0;0;2
22;34;nan;0.0;0.0;273.0;0.0;273.0;0;2
22;35;nan;0.0;0.0;273.0;0.0;273.0;0;2
22;36;nan;0.0;0.0;273.0;0.0;273.0;0;2
22;37;nan;0.0;0.0;273.0;0.0;273.0;0;2
22;38;nan;0.0;0.0;273.0;0.0;273.0;0;2
22;39;nan;0.0;0.0;273.0;0.0;273.0;0;2
22;40;nan;0.0;0.0;273.0;0.0;273.0;0;2
22;41;nan;0.0;0.0;273.0;0.0;273.0;0;2
22;42;nan;0.0;0.0;273.0;0.0;273.0;0;2
22;43;nan;0.0;0.0;273.0;0.0;273.0;0;2
22;44;nan;0.0;0.0;273.0;0.0;273.0;0;2
22;45;nan;0.0;0.0;273.0;0.0;273.0;0;2
22;46;nan;0.0;0.0;273.0;0.0;273.0;0;2
22;47;nan;0.0;0.0;273.0;0.0;273.0;0;2
22;48;nan;0.0;0.0;273.0;0.0;273.0;0;2
22;49;nan;0.0;0.0;273.0;0.0;273.0;0;2
22;50;nan;0.0;0.0;273.0;0.0;273.0;0;2
22;51;nan;0.0;0.0;273.0;0.0;273.0;0;2
22;52;nan;0.0;0.0;273.0;0.0;273.0;0;2
22;53;nan;0.0;0.0;273.0;0.0;273.0;0;2
22;54;nan;0.0;0.0;273.0;0.0;273.0;0;2
22;55;nan;0.0;0.0;273.0;0.0;273.0;0;2
22;56;nan;0.0;0.0;273.0;0.0;273.0;0;2
22;57;nan;0.0;0.0;273.0;0.0;273.0;0;2
22;58;nan;0.0;0.0;273.0;0.0;273.0;0;2
22;59;nan;0.0;0.0;273.0;0.0;273.0;0;2
22;60;nan;0.0;0.0;273.0;0.0;273.0;0;2
22;61;nan;0.0;0.0;273.0;0.0;273.0;0;2
22;62;nan;0.0;0.0;273.0;0.0;273.0;0;2
22;63;nan;0.0;0.0;273.0;0.0;273.0;0;2
22;64;nan;0.0;0.0;273.0;0.0;273.0;0;2
22;65;nan;0.0;0.0;273.0;0.0;273.0;0;2
22;66;nan;0.0;0.0;273.0;0.0;273.0;0;2
22;67;nan;0.0;0.0;273.0;0.0;273.0;0;2
22;68;nan;0.0;0.0;273.0;0.0;273.0;0;2
22;69;nan;0.0;0.0;273.0;0.0;273.0;0;2
22;70;nan;0.0;0.0;273.0;0.0;273.0;0;2
22;71;nan;0.0;0.0;273.0;0.0;273.0;0;2
22;72;nan;0.0;0.0;273.0;0.0;273.0;0;2
22;73;nan;0.0;0.0;273.0;0.0;273.0;0;2
22;74;nan;0.0;0.0;273.0;0.0;273.0;0;2
22;75;nan;0.0;0.0;273.0;0.0;273.0;0;2
22;76;nan;0.0;0.0;273.0;0.0;273.0;0;2
22;77;nan;0.0;0.0;273.0;0.0;273.0;0;2
22;78;nan;0.0;0.0;273.0;0.0;273.0;0;2
22;79;nan;0.0;0.0;273.0;0.0;273.0;0;2
22;80;nan;0.0;0.0;273.0;0.0;273.0;0;2
22;81;nan;0.0;0.0;273.0;0.0;273.0;0;2
22;82;nan;0.0;0.0;273.0;0.0;273.0;0;2
22;83;nan;0.0;0.0;273.0;0.0;273.0;0;2
22;84;nan;0.0;0.0;273.0;0.0;273.0;0;2
22;85;nan;0.0;0.0;273.0;0.0;273.0;0;2
22;86;nan;0.0;0.0;273.0;0.0;273.0;0;2
22;87;nan;0.0;0.0;273.0;0.0;273.0;0;2
22;88;nan;0.0;0.0;273.0;0.0;273.0;0;2
22;89;nan;0.0;0.0;273.0;0.0;273.0;0;2
22;90;nan;0.0;0.0;273.0;0.0;273.0;0;2
22;91;nan;0.0;0.0;273.0;0.0;273.0;0;2
22;92;nan;0.0;0.0;273.0;0.0;273.0;0;2
22;93;nan;0.0;0.0;273.0;0.0;273.0;0;2
22;94;nan;0.0;0.0;273.0;0.0;273.0;0;2
22;95;nan;0.0;0.0;273.0;0.0;273.0;0;2
22;96;nan;0.0;0.0;273.0;0.0;273.0;0;2
22;97;nan;0.0;0.0;273.0;0.0;273.0;0;2
22;98;nan;0.0;0.0;273.0;0.0;273.0;0;2
22;99;nan;0.0;0.0;273.0;0.0;273.0;0;2
22;100;nan;0.0;0.0;273.0;0.0;273.0;0;2
22;101;nan;0.0;0.0;273.0;0.0;273.0;0;2
22;102;nan;0.0;0.0;273.0;0.0;273.0;0;2
22;103;nan;0.0;0.0;273.0;0.0;273.0;0;2
22;104;nan;0.0;0.0;273.0;0.0;273.0;0;2
22;105;nan;0.0;0.0;273.0;0.0;273.0;0;2
22;106;nan;0.0;0.0;273.0;0.0;273.0;0;2
22;107;nan;0.0;0.0;273.0;0.0;273.0;0;2
22;108;nan;0.0;0.0;273.0;0.0;273.0;0;2
22;109;nan;0.0;0.0;273.0;0.0;273.0;0;2
22;110;nan;0.0;0.0;273.0;0.0;273.0;0;2
22;111;nan;0.0;0.0;273.0;0.0;273.0;0;2
22;112;nan;0.0;0.0;273.0;0.0;273.0;0;2
22;113;nan;0.0;0.0;273.0;0.0;273.0;0;2
22;114;nan;0.0;0.0;273.0;0.0;273.0;0;2
22;115;nan;0.0;0.0;273.0;0.0;273.0;0;2
22;116;nan;0.0;0.0;273.0;0.0;273.0;0;2
22;117;nan;0.0;0.0;273.0;0.0;273.0;0;2
22;118;nan;0.0;0.0;273.0;0.0;273.0;0;2
22;119;nan;0.0;0.0;273.0;0.0;273.0;0;2
22;120;nan;0.0;0.0;273.0;0.0;273.0;0;2
22;121;nan;0.0;0.0;273.0;0.0;273.0;0;2
22;122;nan;0.0;0.0;273.0;0.0;273.0;0;2
22;123;nan;0.0;0.0;273.0;0.0;273.0;0;2
22;124;nan;0.0;0.0;273.0;0.0;273.0;0;2
22;125;nan;0.0;0.0;273.0;0.0;273.0;0;2
22;126;nan;0.0;0.0;273.0;0.0;273.0;0;2
22;127;nan;0.0;0.0;273.0;0.0;273.0;0;2
22;128;nan;0.0;0.0;273.0;0.0;273.0;0;2
22;129;nan;0.0;0.0;273.0;0.0;273.0;0;2
22;130;nan;0.0;0.0;273.0;0.0;273.0;0;2
22;131;nan;0.0;0.0;273.0;0.0;273.0;0;2
22;132;nan;0.0;0.0;273.0;0.0;273.0;0;2
22;133;nan;0.0;0.0;273.0;0.0;273.0;0;2
22;134;nan;0.0;0.0;273.0;0.0;273.0;0;2
22;135;nan;0.0;0.0;273.0;0.0;273.0;0;2
22;136;nan;0.0;0.0;273.0;0.0;273.0;0;2
22;137;nan;0.0;0.0;273.0;0.0;273.0;0;2
22;138;nan;0.0;0.0;273.0;0.0;273.0;0;2
22;139;nan;0.0;0.0;273.0;0.0;273.0;0;2
22;140;nan;0.0;0.0;273.0;0.0;273.0;0;2
22;141;nan;0.0;0.0;273.0;0.0;273.0;0;2
22;142;nan;0.0;0.0;273.0;0.0;273.0;0;2
22;143;nan;0.0;0.0;273.0;0.0;273.0;0;2
22;144;nan;0.0;0.0;273.0;0.0;273.0;0;2
22;145;nan;0.0;0.0;273.0;0.0;273.0;0;2
22;146;nan;0.0;0.0;273.0;0.0;273.0;0;2
22;147;nan;0.0;0.0;273.0;0.0;273.0;0;2
22;148;nan;0.0;0.0;273.0;0.0;273.0;0;2
22;149;nan;0.0;0.0;273.0;0.0;273.0;0;2
23;0;nan;0.0;0.0;297.0;0.0;277.0;1;1
23;1;nan;0.0;0.0;277.0;0.0;277.0;0;1
23;2;nan;0.0;0.0;277.0;0.0;277.0;0;1
23;3;nan;0.0;0.0;277.0;0.0;277.0;0;1
23;4;nan;0.0;0.0;277.0;0.0;277.0;0;1
23;5;nan;0.0;0.0;277.0;0.0;277.0;0;1
23;6;nan;0.0;0.0;277.0;0.0;277.0;0;1
23;7;nan;0.0;0.0;277.0;0.0;277.0;0;1
23;8;nan;0.0;0.0;277.0;0.0;277.0;0;1
23;9;nan;0.0;0.0;277.0;0.0;277.0;0;1
23;10;nan;0.0;0.0;277.0;0.0;277.0;0;1
23;11;nan;0.0;0.0;277.0;0.0;277.0;0;1
23;12;nan;0.0;0.0;277.0;0.0;277.0;0;1
23;13;nan;0.0;0.0;277.0;0.0;277.0;0;1
23;14;nan;0.0;0.0;277.0;0.0;277.0;0;1
23;15;nan;0.0;0.0;277.0;0.0;277.0;0;1
23;16;nan;0.0;0.0;277.0;0.0;277.0;0;1
23;17;nan;0.0;0.0;277.0;0.0;277.0;0;1
23;18;nan;0.0;0.0;277.0;0.0;277.0;0;1
23;19;nan;0.0;0.0;277.0;0.0;277.0;0;1
23;20;nan;0.0;0.0;277.0;0.0;277.0;0;1
23;21;nan;0.0;0.0;277.0;0.0;277.0;0;1
23;22;nan;0.0;0.0;277.0;0.0;277.0;0;1
23;23;nan;0.0;0.0;277.0;0.0;277.0;0;1
23;24;nan;0.0;0.0;277.0;0.0;277.0;0;1
23;25;nan;0.0;0.0;277.0;0.0;277.0;0;1
23;26;nan;0.0;0.0;277.0;0.0;277.0;0;1
23;27;nan;0.0;0.0;277.0;0.0;277.0;0;1
23;28;nan;0.0;0.0;277.0;0.0;277.0;0;1
23;29;nan;0.0;0.0;277.0;0.0;277.0;0;1
23;30;nan;0.0;0.0;277.0;0.0;277.0;0;1
23;31;nan;0.0;0.0;277.0;0.0;277.0;0;1
23;32;nan;0.0;0.0;277.0;0.0;277.0;0;1
23;33;nan;0.0;0.0;277.0;0.0;277.0;0;1
23;34;nan;0.0;0.0;277.0;0.0;277.0;0;1
23;35;nan;0.0;0.0;277.0;0.0;277.0;0;1
23;36;nan;0.0;0.0;277.0;0.0;277.0;0;1
23;37;nan;0.0;0.0;277.0;0.0;277.0;0;1
23;38;nan;0.0;0.0;277.0;0.0;277.0;0;1
23;39;nan;0.0;0.0;277.0;0.0;277.0;0;1
23;40;nan;0.0;0.0;277.0;0.0;277.0;0;1
23;41;nan;0.0;0.0;277.0;0.0;277.0;0;1
23;42;nan;0.0;0.0;277.0;0.0;277.0;0;1
23;43;nan;0.0;0.0;277.0;0.0;277.0;0;1
23;44;nan;0.0;0.0;277.0;0.0;277.0;0;1
23;45;nan;0.0;0.0;277.0;0.0;277.0;0;1
23;46;nan;0.0;0.0;277.0;0.0;277.0;0;1
23;47;nan;0.0;0.0;277.0;0.0;277.0;0;1
23;48;nan;0.0;0.0;277.0;0.0;277.0;0;1
23;49;nan;0.0;0.0;277.0;0.0;277.0;0;1
23;50;nan;0.0;0.0;277.0;0.0;277.0;0;1
23;51;nan;0.0;0.0;277.0;0.0;277.0;0;1
23;52;nan;0.0;0.0;277.0;0.0;277.0;0;1
23;53;nan;0.0;0.0;277.0;0.0;277.0;0;1
23;54;nan;0.0;0.0;277.0;0.0;277.0;0;1
23;55;nan;0.0;0.0;277.0;0.0;277.0;0;1
23;56;nan;0.0;0.0;277.0;0.0;277.0;0;1
23;57;nan;0.0;0.0;277.0;0.0;277.0;0;1
23;58;nan;0.0;0.0;277.0;0.0;277.0;0;1
23;59;nan;0.0;0.0;277.0;0.0;277.0;0;1
23;60;nan;0.0;0.0;275.0;0.0;275.0;1;2
23;61;nan;0.0;0.0;294.0;0.0;275.0;0;2
23;62;nan;0.0;0.0;291.0;0.0;275.0;0;2
23;63;nan;0.0;0.0;289.0;0.0;275.0;0;2
23;64;nan;0.0;0.0;274.0;0.0;274.0;1;3
23;65;nan;0.0;0.0;274.0;0.0;274.0;0;3
23;66;nan;0.0;0.0;274.0;0.0;274.0;0;3
23;67;nan;0.0;0.0;274.0;0.0;274.0;0;3
23;68;nan;0.0;0.0;274.0;0.0;274.0;0;3
23;69;nan;0.0;0.0;274.0;0.0;274.0;0;3
23;70;nan;0.0;0.0;274.0;0.0;274.0;0;3
23;71;nan;0.0;0.0;274.0;0.0;274.0;0;3
23;72;nan;0.0;0.0;274.0;0.0;274.0;0;3
23;73;nan;0.0;0.0;274.0;0.0;274.0;0;3
23;74;nan;0.0;0.0;274.0;0.0;274.0;0;3
23;75;nan;0.0;0.0;274.0;0.0;274.0;0;3
23;76;nan;0.0;0.0;274.0;0.0;274.0;0;3
23;77;nan;0.0;0.0;274.0;0.0;274.0;0;3
23;78;nan;0.0;0.0;274.0;0.0;274.0;0;3
23;79;nan;0.0;0.0;274.0;0.0;274.0;0;3
23;80;nan;0.0;0.0;274.0;0.0;274.0;0;3
23;81;nan;0.0;0.0;274.0;0.0;274.0;0;3
23;82;nan;0.0;0.0;274.0;0.0;274.0;0;3
23;83;nan;0.0;0.0;274.0;0.0;274.0;0;3
23;84;nan;0.0;0.0;274.0;0.0;274.0;0;3
23;85;nan;0.0;0.0;274.0;0.0;274.0;0;3
23;86;nan;0.0;0.0;274.0;0.0;274.0;0;3
23;87;nan;0.0;0.0;274.0;0.0;274.0;0;3
23;88;nan;0.0;0.0;274.0;0.0;274.0;0;3
23;89;nan;0.0;0.0;274.0;0.0;274.0;0;3
23;90;nan;0.0;0.0;274.0;0.0;274.0;0;3
23;91;nan;0.0;0.0;274.0;0.0;274.0;0;3
23;92;nan;0.0;0.0;274.0;0.0;274.0;0;3
23;93;nan;0.0;0.0;274.0;0.0;274.0;0;3
23;94;nan;0.0;0.0;274.0;0.0;274.0;0;3
23;95;nan;0.0;0.0;274.0;0.0;274.0;0;3
23;96;nan;0.0;0.0;274.0;0.0;274.0;0;3
23;97;nan;0.0;0.0;274.0;0.0;274.0;0;3
23;98;nan;0.0;0.0;274.0;0.0;274.0;0;3
23;99;nan;0.0;0.0;274.0;0.0;274.0;0;3
23;100;nan;0.0;0.0;274.0;0.0;274.0;0;3
23;101;nan;0.0;0.0;274.0;0.0;274.0;0;3
23;102;nan;0.0;0.0;274.0;0.0;274.0;0;3
23;103;nan;0.0;0.0;274.0;0.0;274.0;0;3
23;104;nan;0.0;0.0;274.0;0.0;274.0;0;3
23;105;nan;0.0;0.0;274.0;0.0;274.0;0;3
23;106;nan;0.0;0.0;274.0;0.0;274.0;0;3
23;107;nan;0.0;0.0;274.0;0.0;274.0;0;3
23;108;nan;0.0;0.0;274.0;0.0;274.0;0;3
23;109;nan;0.0;0.0;274.0;0.0;274.0;0;3
23;110;nan;0.0;0.0;274.0;0.0;274.0;0;3
23;111;nan;0.0;0.0;274.0;0.0;274.0;0;3
23;112;nan;0.0;0.0;274.0;0.0;274.0;0;3
23;113;nan;0.0;0.0;274.0;0.0;274.0;0;3
23;114;nan;0.0;0.0;274.0;0.0;274.0;0;3
23;115;nan;0.0;0.0;274.0;0.0;274.0;0;3
23;116;nan;0.0;0.0;274.0;0.0;274.0;0;3
23;117;nan;0.0;0.0;274.0;0.0;274.0;0;3
23;118;nan;0.0;0.0;274.0;0.0;274.0;0;3
23;119;nan;0.0;0.0;274.0;0.0;274.0;0;3
23;120;nan;0.0;0.0;274.0;0.0;274.0;0;3
23;121;nan;0.0;0.0;274.0;0.0;274.0;0;3
23;122;nan;0.0;0.0;274.0;0.0;274.0;0;3
23;123;nan;0.0;0.0;274.0;0.0;274.0;0;3
23;124;nan;0.0;0.0;274.0;0.0;274.0;0;3
23;125;nan;0.0;0.0;274.0;0.0;274.0;0;3
23;126;nan;0.0;0.0;274.0;0.0;274.0;0;3
23;127;nan;0.0;0.0;274.0;0.0;274.0;0;3
23;128;nan;0.0;0.0;274.0;0.0;274.0;0;3
23;129;nan;0.0;0.0;274.0;0.0;274.0;0;3
23;130;nan;0.0;0.0;274.0;0.0;274.0;0;3
23;131;nan;0.0;0.0;274.0;0.0;274.0;0;3
23;132;nan;0.0;0.0;274.0;0.0;274.0;0;3
23;133;nan;0.0;0.0;274.0;0.0;274.0;0;3
23;134;nan;0.0;0.0;274.0;0.0;274.0;0;3
23;135;nan;0.0;0.0;274.0;0.0;274.0;0;3
23;136;nan;0.0;0.0;274.0;0.0;274.0;0;3
23;137;nan;0.0;0.0;274.0;0.0;274.0;0;3
23;138;nan;0.0;0.0;274.0;0.0;274.0;0;3
23;139;nan;0.0;0.0;274.0;0.0;274.0;0;3
23;140;nan;0.0;0.0;274.0;0.0;274.0;0;3
23;141;nan;0.0;0.0;274.0;0.0;274.0;0;3
23;142;nan;0.0;0.0;274.0;0.0;274.0;0;3
23;143;nan;0.0;0.0;274.0;0.0;274.0;0;3
23;144;nan;0.0;0.0;274.0;0.0;274.0;0;3
23;145;nan;0.0;0.0;274.0;0.0;274.0;0;3
23;146;nan;0.0;0.0;274.0;0.0;274.0;0;3
23;147;nan;0.0;0.0;274.0;0.0;274.0;0;3
23;148;nan;0.0;0.0;274.0;0.0;274.0;0;3
23;149;nan;0.0;0.0;274.0;0.0;274.0;0;3
24;0;nan;0.0;0.0;300.0;0.0;283.0;1;1
24;1;nan;0.0;0.0;283.0;0.0;283.0;0;1
24;2;nan;0.0;0.0;283.0;0.0;283.0;0;1
24;3;nan;0.0;0.0;283.0;0.0;283.0;0;1
24;4;nan;0.0;0.0;283.0;0.0;283.0;0;1
24;5;nan;0.0;0.0;283.0;0.0;283.0;0;1
24;6;nan;0.0;0.0;283.0;0.0;283.0;0;1
24;7;nan;0.0;0.0;283.0;0.0;283.0;0;1
24;8;nan;0.0;0.0;283.0;0.0;283.0;0;1
24;9;nan;0.0;0.0;283.0;0.0;283.0;0;1
24;10;nan;0.0;0.0;283.0;0.0;283.0;0;1
24;11;nan;0.0;0.0;283.0;0.0;283.0;0;1
24;12;nan;0.0;0.0;283.0;0.0;283.0;0;1
24;13;nan;0.0;0.0;283.0;0.0;283.0;0;1
24;14;nan;0.0;0.0;283.0;0.0;283.0;0;1
24;15;nan;0.0;0.0;283.0;0.0;283.0;0;1
24;16;nan;0.0;0.0;283.0;0.0;283.0;0;1
24;17;nan;0.0;0.0;283.0;0.0;283.0;0;1
24;18;nan;0.0;0.0;283.0;0.0;283.0;0;1
24;19;nan;0.0;0.0;283.0;0.0;283.0;0;1
24;20;nan;0.0;0.0;283.0;0.0;283.0;0;1
24;21;nan;0.0;0.0;283.0;0.0;283.0;0;1
24;22;nan;0.0;0.0;283.0;0.0;283.0;0;1
24;23;nan;0.0;0.0;283.0;0.0;283.0;0;1
24;24;nan;0.0;0.0;283.0;0.0;283.0;0;1
24;25;nan;0.0;0.0;283.0;0.0;283.0;0;1
24;26;nan;0.0;0.0;283.0;0.0;283.0;0;1
24;27;nan;0.0;0.0;283.0;0.0;283.0;0;1
24;28;nan;0.0;0.0;283.0;0.0;283.0;0;1
24;29;nan;0.0;0.0;283.0;0.0;283.0;0;1
24;30;nan;0.0;0.0;273.0;0.0;273.0;1;2
24;31;nan;0.0;0.0;273.0;0.0;273.0;0;2
24;32;nan;0.0;0.0;273.0;0.0;273.0;0;2
24;33;nan;0.0;0.0;273.0;0.0;273.0;0;2
24;34;nan;0.0;0.0;273.0;0.0;273.0;0;2
24;35;nan;0.0;0.0;273.0;0.0;273.0;0;2
24;36;nan;0.0;0.0;273.0;0.0;273.0;0;2
24;37;nan;0.0;0.0;273.0;0.0;273.0;0;2
24;38;nan;0.0;0.0;273.0;0.0;273.0;0;2
24;39;nan;0.0;0.0;273.0;0.0;273.0;0;2
24;40;nan;0.0;0.0;273.0;0.0;273.0;0;2
24;41;nan;0.0;0.0;273.0;0.0;273.0;0;2
24;42;nan;0.0;0.0;273.0;0.0;273.0;0;2
24;43;nan;0.0;0.0;273.0;0.0;273.0;0;2
24;44;nan;0.0;0.0;273.0;0.0;273.0;0;2
24;45;nan;0.0;0.0;273.0;0.0;273.0;0;2
24;46;nan;0.0;0.0;273.0;0.0;273.0;0;2
24;47;nan;0.0;0.0;273.0;0.0;273.0;0;2
24;48;nan;0.0;0.0;273.0;0.0;273.0;0;2
24;49;nan;0.0;0.0;273.0;0.0;273.0;0;2
24;50;nan;0.0;0.0;273.0;0.0;273.0;0;2
24;51;nan;0.0;0.0;273.0;0.0;273.0;0;2
24;52;nan;0.0;0.0;273.0;0.0;273.0;0;2
24;53;nan;0.0;0.0;273.0;0.0;273.0;0;2
24;54;nan;0.0;0.0;273.0;0.0;273.0;0;2
24;55;nan;0.0;0.0;273.0;0.0;273.0;0;2
24;56;nan;0.0;0.0;273.0;0.0;273.0;0;2
24;57;nan;0.0;0.0;273.0;0.0;273.0;0;2
24;58;nan;0.0;0.0;273.0;0.0;273.0;0;2
24;59;nan;0.0;0.0;273.0;0.0;273.0;0;2
24;60;nan;0.0;0.0;273.0;0.0;273.0;0;2
24;61;nan;0.0;0.0;273.0;0.0;273.0;0;2
24;62;nan;0.0;0.0;273.0;0.0;273.0;0;2
24;63;nan;0.0;0.0;273.0;0.0;273.0;0;2
24;64;nan;0.0;0.0;273.0;0.0;273.0;0;2
24;65;nan;0.0;0.0;273.0;0.0;273.0;0;2
24;66;nan;0.0;0.0;273.0;0.0;273.0;0;2
24;67;nan;0.0;0.0;273.0;0.0;273.0;0;2
24;68;nan;0.0;0.0;273.0;0.0;273.0;0;2
24;69;nan;0.0;0.0;273.0;0.0;273.0;0;2
24;70;nan;0.0;0.0;273.0;0.0;273.0;0;2
24;71;nan;0.0;0.0;273.0;0.0;273.0;0;2
24;72;nan;0.0;0.0;273.0;0.0;273.0;0;2
24;73;nan;0.0;0.0;273.0;0.0;273.0;0;2
24;74;nan;0.0;0.0;273.0;0.0;273.0;0;2
24;75;nan;0.0;0.0;273.0;0.0;273.0;0;2
24;76;nan;0.0;0.0;273.0;0.0;273.0;0;2
24;77;nan;0.0;0.0;273.0;0.0;273.0;0;2
24;78;nan;0.0;0.0;273.0;0.0;273.0;0;2
24;79;nan;0.0;0.0;273.0;0.0;273.0;0;2
24;80;nan;0.0;0.0;273.0;0.0;273.0;0;2
24;81;nan;0.0;0.0;273.0;0.0;273.0;0;2
24;82;nan;0.0;0.0;273.0;0.0;273.0;0;2
24;83;nan;0.0;0.0;273.0;0.0;273.0;0;2
24;84;nan;0.0;0.0;273.0;0.0;273.0;0;2
24;85;nan;0.0;0.0;273.0;0.0;273.0;0;2
24;86;nan;0.0;0.0;273.0;0.0;273.0;0;2
24;87;nan;0.0;0.0;273.0;0.0;273.0;0;2
24;88;nan;0.0;0.0;273.0;0.0;273.0;0;2
24;89;nan;0.0;0.0;273.0;0.0;273.0;0;2
24;90;nan;0.0;0.0;273.0;0.0;273.0;0;2
24;91;nan;0.0;0.0;273.0;0.0;273.0;0;2
24;92;nan;0.0;0.0;273.0;0.0;273.0;0;2
24;93;nan;0.0;0.0;273.0;0.0;273.0;0;2
24;94;nan;0.0;0.0;273.0;0.0;273.0;0;2
24;95;nan;0.0;0.0;273.0;0.0;273.0;0;2
24;96;nan;0.0;0.0;273.0;0.0;273.0;0;2
24;97;nan;0.0;0.0;273.0;0.0;273.0;0;2
24;98;nan;0.0;0.0;273.0;0.0;273.0;0;2
24;99;nan;0.0;0.0;273.0;0.0;273.0;0;2
24;100;nan;0.0;0.0;273.0;0.0;273.0;0;2
24;101;nan;0.0;0.0;273.0;0.0;273.0;0;2
24;102;nan;0.0;0.0;273.0;0.0;273.0;0;2
24;103;nan;0.0;0.0;273.0;0.0;273.0;0;2
24;104;nan;0.0;0.0;273.0;0.0;273.0;0;2
24;105;nan;0.0;0.0;273.0;0.0;273.0;0;2
24;106;nan;0.0;0.0;273.0;0.0;273.0;0;2
24;107;nan;0.0;0.0;273.0;0.0;273.0;0;2
24;108;nan;0.0;0.0;273.0;0.0;273.0;0;2
24;109;nan;0.0;0.0;273.0;0.0;273.0;0;2
24;110;nan;0.0;0.0;273.0;0.0;273.0;0;2
24;111;nan;0.0;0.0;273.0;0.0;273.0;0;2
24;112;nan;0.0;0.0;273.0;0.0;273.0;0;2
24;113;nan;0.0;0.0;273.0;0.0;273.0;0;2
24;114;nan;0.0;0.0;273.0;0.0;273.0;0;2
24;115;nan;0.0;0.0;273.0;0.0;273.0;0;2
24;116;nan;0.0;0.0;273.0;0.0;273.0;0;2
24;117;nan;0.0;0.0;273.0;0.0;273.0;0;2
24;118;nan;0.0;0.0;273.0;0.0;273.0;0;2
24;119;nan;0.0;0.0;273.0;0.0;273.0;0;2
24;120;nan;0.0;0.0;273.0;0.0;273.0;0;2
24;121;nan;0.0;0.0;273.0;0.0;273.0;0;2
24;122;nan;0.0;0.0;273.0;0.0;273.0;0;2
24;123;nan;0.0;0.0;273.0;0.0;273.0;0;2
24;124;nan;0.0;0.0;273.0;0.0;273.0;0;2
24;125;nan;0.0;0.0;273.0;0.0;273.0;0;2
24;126;nan;0.0;0.0;273.0;0.0;273.0;0;2
24;127;nan;0.0;0.0;273.0;0.0;273.0;0;2
24;128;nan;0.0;0.0;273.0;0.0;273.0;0;2
24;129;nan;0.0;0.0;273.0;0.0;273.0;0;2
24;130;nan;0.0;0.0;273.0;0.0;273.0;0;2
24;131;nan;0.0;0.0;273.0;0.0;273.0;0;2
24;132;nan;0.0;0.0;273.0;0.0;273.0;0;2
24;133;nan;0.0;0.0;273.0;0.0;273.0;0;2
24;134;nan;0.0;0.0;273.0;0.0;273.0;0;2
24;135;nan;0.0;0.0;273.0;0.0;273.0;0;2
24;136;nan;0.0;0.0;273.0;0.0;273.0;0;2
24;137;nan;0.0;0.0;273.0;0.0;273.0;0;2
24;138;nan;0.0;0.0;273.0;0.0;273.0;0;2
24;139;nan;0.0;0.0;273.0;0.0;273.0;0;2
24;140;nan;0.0;0.0;273.0;0.0;273.0;0;2
24;141;nan;0.0;0.0;273.0;0.0;273.0;0;2
24;142;nan;0.0;0.0;273.0;0.0;273.0;0;2
24;143;nan;0.0;0.0;273.0;0.0;273.0;0;2
24;144;nan;0.0;0.0;273.0;0.0;273.0;0;2
24;145;nan;0.0;0.0;273.0;0.0;273.0;0;2
24;146;nan;0.0;0.0;273.0;0.0;273.0;0;2
24;147;nan;0.0;0.0;273.0;0.0;273.0;0;2
24;148;nan;0.0;0.0;273.0;0.0;273.0;0;2
24;149;nan;0.0;0.0;273.0;0.0;273.0;0;2
25;0;nan;0.0;0.0;333.0;0.0;288.0;1;1
25;1;nan;0.0;0.0;288.0;0.0;288.0;0;1
25;2;nan;0.0;0.0;288.0;0.0;288.0;0;1
25;3;nan;0.0;0.0;288.0;0.0;288.0;0;1
25;4;nan;0.0;0.0;288.0;0.0;288.0;0;1
25;5;nan;0.0;0.0;288.0;0.0;288.0;0;1
25;6;nan;0.0;0.0;288.0;0.0;288.0;0;1
25;7;nan;0.0;0.0;288.0;0.0;288.0;0;1
25;8;nan;0.0;0.0;288.0;0.0;288.0;0;1
25;9;nan;0.0;0.0;288.0;0.0;288.0;0;1
25;10;nan;0.0;0.0;288.0;0.0;288.0;0;1
25;11;nan;0.0;0.0;288.0;0.0;288.0;0;1
25;12;nan;0.0;0.0;288.0;0.0;288.0;0;1
25;13;nan;0.0;0.0;288.0;0.0;288.0;0;1
25;14;nan;0.0;0.0;288.0;0.0;288.0;0;1
25;15;nan;0.0;0.0;288.0;0.0;288.0;0;1
25;16;nan;0.0;0.0;288.0;0.0;288.0;0;1
25;17;nan;0.0;0.0;288.0;0.0;288.0;0;1
25;18;nan;0.0;0.0;288.0;0.0;288.0;0;1
25;19;nan;0.0;0.0;288.0;0.0;288.0;0;1
25;20;nan;0.0;0.0;288.0;0.0;288.0;0;1
25;21;nan;0.0;0.0;288.0;0.0;288.0;0;1
25;22;nan;0.0;0.0;288.0;0.0;288.0;0;1
25;23;nan;0.0;0.0;288.0;0.0;288.0;0;1
25;24;nan;0.0;0.0;288.0;0.0;288.0;0;1
25;25;nan;0.0;0.0;288.0;0.0;288.0;0;1
25;26;nan;0.0;0.0;288.0;0.0;288.0;0;1
25;27;nan;0.0;0.0;288.0;0.0;288.0;0;1
25;28;nan;0.0;0.0;288.0;0.0;288.0;0;1
25;29;nan;0.0;0.0;288.0;0.0;288.0;0;1
25;30;nan;0.0;0.0;274.0;0.0;274.0;1;2
25;31;nan;0.0;0.0;274.0;0.0;274.0;0;2
25;32;nan;0.0;0.0;274.0;0.0;274.0;0;2
25;33;nan;0.0;0.0;274.0;0.0;274.0;0;2
25;34;nan;0.0;0.0;274.0;0.0;274.0;0;2
25;35;nan;0.0;0.0;274.0;0.0;274.0;0;2
25;36;nan;0.0;0.0;274.0;0.0;274.0;0;2
25;37;nan;0.0;0.0;274.0;0.0;274.0;0;2
25;38;nan;0.0;0.0;274.0;0.0;274.0;0;2
25;39;nan;0.0;0.0;274.0;0.0;274.0;0;2
25;40;nan;0.0;0.0;274.0;0.0;274.0;0;2
25;41;nan;0.0;0.0;274.0;0.0;274.0;0;2
25;42;nan;0.0;0.0;274.0;0.0;274.0;0;2
25;43;nan;0.0;0.0;274.0;0.0;274.0;0;2
25;44;nan;0.0;0.0;274.0;0.0;274.0;0;2
25;45;nan;0.0;0.0;274.0;0.0;274.0;0;2
25;46;nan;0.0;0.0;274.0;0.0;274.0;0;2
25;47;nan;0.0;0.0;274.0;0.0;274.0;0;2
25;48;nan;0.0;0.0;274.0;0.0;274.0;0;2
25;49;nan;0.0;0.0;274.0;0.0;274.0;0;2
25;50;nan;0.0;0.0;274.0;0.0;274.0;0;2
25;51;nan;0.0;0.0;274.0;0.0;274.0;0;2
25;52;nan;0.0;0.0;274.0;0.0;274.0;0;2
25;53;nan;0.0;0.0;274.0;0.0;274.0;0;2
25;54;nan;0.0;0.0;274.0;0.0;274.0;0;2
25;55;nan;0.0;0.0;274.0;0.0;274.0;0;2
25;56;nan;0.0;0.0;274.0;0.0;274.0;0;2
25;57;nan;0.0;0.0;274.0;0.0;274.0;0;2
25;58;nan;0.0;0.0;274.0;0.0;274.0;0;2
25;59;nan;0.0;0.0;274.0;0.0;274.0;0;2
25;60;nan;0.0;0.0;273.0;0.0;273.0;1;3
25;61;nan;0.0;0.0;286.0;0.0;273.0;0;3
25;62;nan;0.0;0.0;331.0;0.0;273.0;0;3
25;63;nan;0.0;0.0;289.0;0.0;273.0;0;3
25;64;nan;0.0;0.0;286.0;0.0;273.0;0;3
25;65;nan;0.0;0.0;290.0;0.0;273.0;0;3
25;66;nan;0.0;0.0;284.0;0.0;273.0;0;3
25;67;nan;0.0;0.0;279.0;0.0;273.0;0;3
25;68;nan;0.0;0.0;309.0;0.0;273.0;0;3
25;69;nan;0.0;0.0;289.0;0.0;273.0;0;3
25;70;nan;0.0;0.0;294.0;0.0;273.0;0;3
25;71;nan;0.0;0.0;281.0;0.0;273.0;0;3
25;72;nan;0.0;0.0;283.0;0.0;273.0;0;3
25;73;nan;0.0;0.0;297.0;0.0;273.0;0;3
25;74;nan;0.0;0.0;293.0;0.0;273.0;0;3
25;75;nan;0.0;0.0;283.0;0.0;273.0;0;3
25;76;nan;0.0;0.0;285.0;0.0;273.0;0;3
25;77;nan;0.0;0.0;312.0;0.0;273.0;0;3
25;78;nan;0.0;0.0;321.0;0.0;273.0;0;3
25;79;nan;0.0;0.0;295.0;0.0;273.0;0;3
25;80;nan;0.0;0.0;286.0;0.0;273.0;0;3
25;81;nan;0.0;0.0;273.0;0.0;273.0;0;3
25;82;nan;0.0;0.0;284.0;0.0;273.0;0;3
25;83;nan;0.0;0.0;296.0;0.0;273.0;0;3
25;84;nan;0.0;0.0;280.0;0.0;273.0;0;3
25;85;nan;0.0;0.0;308.0;0.0;273.0;0;3
25;86;nan;0.0;0.0;283.0;0.0;273.0;0;3
25;87;nan;0.0;0.0;278.0;0.0;273.0;0;3
25;88;nan;0.0;0.0;290.0;0.0;273.0;0;3
25;89;nan;0.0;0.0;286.0;0.0;273.0;0;3
25;90;nan;0.0;0.0;283.0;0.0;273.0;0;3
25;91;nan;0.0;0.0;280.0;0.0;273.0;0;3
25;92;nan;0.0;0.0;283.0;0.0;273.0;0;3
25;93;nan;0.0;0.0;303.0;0.0;273.0;0;3
25;94;nan;0.0;0.0;282.0;0.0;273.0;0;3
25;95;nan;0.0;0.0;286.0;0.0;273.0;0;3
25;96;nan;0.0;0.0;284.0;0.0;273.0;0;3
25;97;nan;0.0;0.0;281.0;0.0;273.0;0;3
25;98;nan;0.0;0.0;287.0;0.0;273.0;0;3
25;99;nan;0.0;0.0;281.0;0.0;273.0;0;3
25;100;nan;0.0;0.0;287.0;0.0;273.0;0;3
25;101;nan;0.0;0.0;288.0;0.0;273.0;0;3
25;102;nan;0.0;0.0;279.0;0.0;273.0;0;3
25;103;nan;0.0;0.0;290.0;0.0;273.0;0;3
25;104;nan;0.0;0.0;310.0;0.0;273.0;0;3
25;105;nan;0.0;0.0;280.0;0.0;273.0;0;3
25;106;nan;0.0;0.0;284.0;0.0;273.0;0;3
25;107;nan;0.0;0.0;277.0;0.0;273.0;0;3
25;108;nan;0.0;0.0;288.0;0.0;273.0;0;3
25;109;nan;0.0;0.0;288.0;0.0;273.0;0;3
25;110;nan;0.0;0.0;279.0;0.0;273.0;0;3
25;111;nan;0.0;0.0;279.0;0.0;273.0;0;3
25;112;nan;0.0;0.0;289.0;0.0;273.0;0;3
25;113;nan;0.0;0.0;296.0;0.0;273.0;0;3
25;114;nan;0.0;0.0;281.0;0.0;273.0;0;3
25;115;nan;0.0;0.0;285.0;0.0;273.0;0;3
25;116;nan;0.0;0.0;280.0;0.0;273.0;0;3
25;117;nan;0.0;0.0;279.0;0.0;273.0;0;3
25;118;nan;0.0;0.0;289.0;0.0;273.0;0;3
25;119;nan;0.0;0.0;280.0;0.0;273.0;0;3
25;120;nan;0.0;0.0;275.0;0.0;273.0;0;3
25;121;nan;0.0;0.0;287.0;0.0;273.0;0;3
25;122;nan;0.0;0.0;283.0;0.0;273.0;0;3
25;123;nan;0.0;0.0;291.0;0.0;273.0;0;3
25;124;nan;0.0;0.0;279.0;0.0;273.0;0;3
25;125;nan;0.0;0.0;303.0;0.0;273.0;0;3
25;126;nan;0.0;0.0;282.0;0.0;273.0;0;3
25;127;nan;0.0;0.0;276.0;0.0;273.0;0;3
25;128;nan;0.0;0.0;285.0;0.0;273.0;0;3
25;129;nan;0.0;0.0;280.0;0.0;273.0;0;3
25;130;nan;0.0;0.0;280.0;0.0;273.0;0;3
25;131;nan;0.0;0.0;285.0;0.0;273.0;0;3
25;132;nan;0.0;0.0;287.0;0.0;273.0;0;3
25;133;nan;0.0;0.0;286.0;0.0;273.0;0;3
25;134;nan;0.0;0.0;289.0;0.0;273.0;0;3
25;135;nan;0.0;0.0;302.0;0.0;273.0;0;3
25;136;nan;0.0;0.0;287.0;0.0;273.0;0;3
25;137;nan;0.0;0.0;307.0;0.0;273.0;0;3
25;138;nan;0.0;0.0;288.0;0.0;273.0;0;3
25;139;nan;0.0;0.0;284.0;0.0;273.0;0;3
25;140;nan;0.0;0.0;287.0;0.0;273.0;0;3
25;141;nan;0.0;0.0;289.0;0.0;273.0;0;3
25;142;nan;0.0;0.0;288.0;0.0;273.0;0;3
25;143;nan;0.0;0.0;318.0;0.0;273.0;0;3
25;144;nan;0.0;0.0;299.0;0.0;273.0;0;3
25;145;nan;0.0;0.0;294.0;0.0;273.0;0;3
25;146;nan;0.0;0.0;285.0;0.0;273.0;0;3
25;147;nan;0.0;0.0;288.0;0.0;273.0;0;3
25;148;nan;0.0;0.0;280.0;0.0;273.0;0;3
25;149;nan;0.0;0.0;302.0;0.0;273.0;0;3
26;0;nan;0.0;0.0;282.0;0.0;276.0;1;1
26;1;nan;0.0;0.0;276.0;0.0;276.0;0;1
26;2;nan;0.0;0.0;276.0;0.0;276.0;0;1
26;3;nan;0.0;0.0;276.0;0.0;276.0;0;1
26;4;nan;0.0;0.0;276.0;0.0;276.0;0;1
26;5;nan;0.0;0.0;276.0;0.0;276.0;0;1
26;6;nan;0.0;0.0;276.0;0.0;276.0;0;1
26;7;nan;0.0;0.0;276.0;0.0;276.0;0;1
26;8;nan;0.0;0.0;276.0;0.0;276.0;0;1
26;9;nan;0.0;0.0;276.0;0.0;276.0;0;1
26;10;nan;0.0;0.0;276.0;0.0;276.0;0;1
26;11;nan;0.0;0.0;276.0;0.0;276.0;0;1
26;12;nan;0.0;0.0;276.0;0.0;276.0;0;1
26;13;nan;0.0;0.0;276.0;0.0;276.0;0;1
26;14;nan;0.0;0.0;276.0;0.0;276.0;0;1
26;15;nan;0.0;0.0;276.0;0.0;276.0;0;1
26;16;nan;0.0;0.0;276.0;0.0;276.0;0;1
26;17;nan;0.0;0.0;276.0;0.0;276.0;0;1
26;18;nan;0.0;0.0;276.0;0.0;276.0;0;1
26;19;nan;0.0;0.0;276.0;0.0;276.0;0;1
26;20;nan;0.0;0.0;276.0;0.0;276.0;0;1
26;21;nan;0.0;0.0;276.0;0.0;276.0;0;1
26;22;nan;0.0;0.0;276.0;0.0;276.0;0;1
26;23;nan;0.0;0.0;276.0;0.0;276.0;0;1
26;24;nan;0.0;0.0;276.0;0.0;276.0;0;1
26;25;nan;0.0;0.0;276.0;0.0;276.0;0;1
26;26;nan;0.0;0.0;276.0;0.0;276.0;0;1
26;27;nan;0.0;0.0;276.0;0.0;276.0;0;1
26;28;nan;0.0;0.0;276.0;0.0;276.0;0;1
26;29;nan;0.0;0.0;276.0;0.0;276.0;0;1
26;30;nan;0.0;0.0;276.0;0.0;276.0;0;1
26;31;nan;0.0;0.0;276.0;0.0;276.0;0;1
26;32;nan;0.0;0.0;276.0;0.0;276.0;0;1
26;33;nan;0.0;0.0;276.0;0.0;276.0;0;1
26;34;nan;0.0;0.0;276.0;0.0;276.0;0;1
26;35;nan;0.0;0.0;276.0;0.0;276.0;0;1
26;36;nan;0.0;0.0;276.0;0.0;276.0;0;1
26;37;nan;0.0;0.0;276.0;0.0;276.0;0;1
26;38;nan;0.0;0.0;276.0;0.0;276.0;0;1
26;39;nan;0.0;0.0;276.0;0.0;276.0;0;1
26;40;nan;0.0;0.0;276.0;0.0;276.0;0;1
26;41;nan;0.0;0.0;276.0;0.0;276.0;0;1
26;42;nan;0.0;0.0;276.0;0.0;276.0;0;1
26;43;nan;0.0;0.0;276.0;0.0;276.0;0;1
26;44;nan;0.0;0.0;276.0;0.0;276.0;0;1
26;45;nan;0.0;0.0;276.0;0.0;276.0;0;1
26;46;nan;0.0;0.0;276.0;0.0;276.0;0;1
26;47;nan;0.0;0.0;276.0;0.0;276.0;0;1
26;48;nan;0.0;0.0;276.0;0.0;276.0;0;1
26;49;nan;0.0;0.0;276.0;0.0;276.0;0;1
26;50;nan;0.0;0.0;276.0;0.0;276.0;0;1
26;51;nan;0.0;0.0;276.0;0.0;276.0;0;1
26;52;nan;0.0;0.0;276.0;0.0;276.0;0;1
26;53;nan;0.0;0.0;276.0;0.0;276.0;0;1
26;54;nan;0.0;0.0;276.0;0.0;276.0;0;1
26;55;nan;0.0;0.0;276.0;0.0;276.0;0;1
26;56;nan;0.0;0.0;276.0;0.0;276.0;0;1
26;57;nan;0.0;0.0;276.0;0.0;276.0;0;1
26;58;nan;0.0;0.0;276.0;0.0;276.0;0;1
26;59;nan;0.0;0.0;276.0;0.0;276.0;0;1
26;60;nan;0.0;0.0;276.0;0.0;276.0;0;1
26;61;nan;0.0;0.0;276.0;0.0;276.0;0;1
26;62;nan;0.0;0.0;276.0;0.0;276.0;0;1
26;63;nan;0.0;0.0;276.0;0.0;276.0;0;1
26;64;nan;0.0;0.0;276.0;0.0;276.0;0;1
26;65;nan;0.0;0.0;276.0;0.0;276.0;0;1
26;66;nan;0.0;0.0;276.0;0.0;276.0;0;1
26;67;nan;0.0;0.0;276.0;0.0;276.0;0;1
26;68;nan;0.0;0.0;276.0;0.0;276.0;0;1
26;69;nan;0.0;0.0;276.0;0.0;276.0;0;1
26;70;nan;0.0;0.0;276.0;0.0;276.0;0;1
26;71;nan;0.0;0.0;276.0;0.0;276.0;0;1
26;72;nan;0.0;0.0;276.0;0.0;276.0;0;1
26;73;nan;0.0;0.0;276.0;0.0;276.0;0;1
26;74;nan;0.0;0.0;276.0;0.0;276.0;0;1
26;75;nan;0.0;0.0;276.0;0.0;276.0;0;1
26;76;nan;0.0;0.0;276.0;0.0;276.0;0;1
26;77;nan;0.0;0.0;276.0;0.0;276.0;0;1
26;78;nan;0.0;0.0;276.0;0.0;276.0;0;1
26;79;nan;0.0;0.0;276.0;0.0;276.0;0;1
26;80;nan;0.0;0.0;276.0;0.0;276.0;0;1
26;81;nan;0.0;0.0;276.0;0.0;276.0;0;1
26;82;nan;0.0;0.0;276.0;0.0;276.0;0;1
26;83;nan;0.0;0.0;276.0;0.0;276.0;0;1
26;84;nan;0.0;0.0;276.0;0.0;276.0;0;1
26;85;nan;0.0;0.0;276.0;0.0;276.0;0;1
26;86;nan;0.0;0.0;276.0;0.0;276.0;0;1
26;87;nan;0.0;0.0;276.0;0.0;276.0;0;1
26;88;nan;0.0;0.0;276.0;0.0;276.0;0;1
26;89;nan;0.0;0.0;276.0;0.0;276.0;0;1
26;90;nan;0.0;0.0;276.0;0.0;276.0;0;1
26;91;nan;0.0;0.0;276.0;0.0;276.0;0;1
26;92;nan;0.0;0.0;276.0;0.0;276.0;0;1
26;93;nan;0.0;0.0;276.0;0.0;276.0;0;1
26;94;nan;0.0;0.0;276.0;0.0;276.0;0;1
26;95;nan;0.0;0.0;276.0;0.0;276.0;0;1
26;96;nan;0.0;0.0;276.0;0.0;276.0;0;1
26;97;nan;0.0;0.0;276.0;0.0;276.0;0;1
26;98;nan;0.0;0.0;276.0;0.0;276.0;0;1
26;99;nan;0.0;0.0;276.0;0.0;276.0;0;1
26;100;nan;0.0;0.0;276.0;0.0;276.0;0;1
26;101;nan;0.0;0.0;276.0;0.0;276.0;0;1
26;102;nan;0.0;0.0;276.0;0.0;276.0;0;1
26;103;nan;0.0;0.0;276.0;0.0;276.0;0;1
26;104;nan;0.0;0.0;276.0;0.0;276.0;0;1
26;105;nan;0.0;0.0;276.0;0.0;276.0;0;1
26;106;nan;0.0;0.0;276.0;0.0;276.0;0;1
26;107;nan;0.0;0.0;276.0;0.0;276.0;0;1
26;108;nan;0.0;0.0;276.0;0.0;276.0;0;1
26;109;nan;0.0;0.0;276.0;0.0;276.0;0;1
26;110;nan;0.0;0.0;276.0;0.0;276.0;0;1
26;111;nan;0.0;0.0;276.0;0.0;276.0;0;1
26;112;nan;0.0;0.0;276.0;0.0;276.0;0;1
26;113;nan;0.0;0.0;276.0;0.0;276.0;0;1
26;114;nan;0.0;0.0;276.0;0.0;276.0;0;1
26;115;nan;0.0;0.0;276.0;0.0;276.0;0;1
26;116;nan;0.0;0.0;276.0;0.0;276.0;0;1
26;117;nan;0.0;0.0;276.0;0.0;276.0;0;1
26;118;nan;0.0;0.0;276.0;0.0;276.0;0;1
26;119;nan;0.0;0.0;276.0;0.0;276.0;0;1
26;120;nan;0.0;0.0;276.0;0.0;276.0;0;1
26;121;nan;0.0;0.0;276.0;0.0;276.0;0;1
26;122;nan;0.0;0.0;276.0;0.0;276.0;0;1
26;123;nan;0.0;0.0;276.0;0.0;276.0;0;1
26;124;nan;0.0;0.0;276.0;0.0;276.0;0;1
26;125;nan;0.0;0.0;276.0;0.0;276.0;0;1
26;126;nan;0.0;0.0;276.0;0.0;276.0;0;1
26;127;nan;0.0;0.0;276.0;0.0;276.0;0;1
26;128;nan;0.0;0.0;276.0;0.0;276.0;0;1
26;129;nan;0.0;0.0;276.0;0.0;276.0;0;1
26;130;nan;0.0;0.0;276.0;0.0;276.0;0;1
26;131;nan;0.0;0.0;276.0;0.0;276.0;0;1
26;132;nan;0.0;0.0;276.0;0.0;276.0;0;1
26;133;nan;0.0;0.0;276.0;0.0;276.0;0;1
26;134;nan;0.0;0.0;276.0;0.0;276.0;0;1
26;135;nan;0.0;0.0;276.0;0.0;276.0;0;1
26;136;nan;0.0;0.0;276.0;0.0;276.0;0;1
26;137;nan;0.0;0.0;276.0;0.0;276.0;0;1
26;138;nan;0.0;0.0;276.0;0.0;276.0;0;1
26;139;nan;0.0;0.0;276.0;0.0;276.0;0;1
26;140;nan;0.0;0.0;276.0;0.0;276.0;0;1
26;141;nan;0.0;0.0;276.0;0.0;276.0;0;1
26;142;nan;0.0;0.0;276.0;0.0;276.0;0;1
26;143;nan;0.0;0.0;276.0;0.0;276.0;0;1
26;144;nan;0.0;0.0;276.0;0.0;276.0;0;1
26;145;nan;0.0;0.0;276.0;0.0;276.0;0;1
26;146;nan;0.0;0.0;276.0;0.0;276.0;0;1
26;147;nan;0.0;0.0;276.0;0.0;276.0;0;1
26;148;nan;0.0;0.0;276.0;0.0;276.0;0;1
26;149;nan;0.0;0.0;276.0;0.0;276.0;0;1
27;0;nan;0.0;0.0;285.0;0.0;283.0;1;1
27;1;nan;0.0;0.0;283.0;0.0;283.0;0;1
27;2;nan;0.0;0.0;283.0;0.0;283.0;0;1
27;3;nan;0.0;0.0;283.0;0.0;283.0;0;1
27;4;nan;0.0;0.0;283.0;0.0;283.0;0;1
27;5;nan;0.0;0.0;283.0;0.0;283.0;0;1
27;6;nan;0.0;0.0;283.0;0.0;283.0;0;1
27;7;nan;0.0;0.0;283.0;0.0;283.0;0;1
27;8;nan;0.0;0.0;283.0;0.0;283.0;0;1
27;9;nan;0.0;0.0;283.0;0.0;283.0;0;1
27;10;nan;0.0;0.0;283.0;0.0;283.0;0;1
27;11;nan;0.0;0.0;283.0;0.0;283.0;0;1
27;12;nan;0.0;0.0;283.0;0.0;283.0;0;1
27;13;nan;0.0;0.0;283.0;0.0;283.0;0;1
27;14;nan;0.0;0.0;283.0;0.0;283.0;0;1
27;15;nan;0.0;0.0;283.0;0.0;283.0;0;1
27;16;nan;0.0;0.0;283.0;0.0;283.0;0;1
27;17;nan;0.0;0.0;283.0;0.0;283.0;0;1
27;18;nan;0.0;0.0;283.0;0.0;283.0;0;1
27;19;nan;0.0;0.0;283.0;0.0;283.0;0;1
27;20;nan;0.0;0.0;283.0;0.0;283.0;0;1
27;21;nan;0.0;0.0;283.0;0.0;283.0;0;1
27;22;nan;0.0;0.0;283.0;0.0;283.0;0;1
27;23;nan;0.0;0.0;283.0;0.0;283.0;0;1
27;24;nan;0.0;0.0;283.0;0.0;283.0;0;1
27;25;nan;0.0;0.0;283.0;0.0;283.0;0;1
27;26;nan;0.0;0.0;283.0;0.0;283.0;0;1
27;27;nan;0.0;0.0;283.0;0.0;283.0;0;1
27;28;nan;0.0;0.0;283.0;0.0;283.0;0;1
27;29;nan;0.0;0.0;283.0;0.0;283.0;0;1
27;30;nan;0.0;0.0;281.0;0.0;281.0;1;2
27;31;nan;0.0;0.0;281.0;0.0;281.0;0;2
27;32;nan;0.0;0.0;281.0;0.0;281.0;0;2
27;33;nan;0.0;0.0;281.0;0.0;281.0;0;2
27;34;nan;0.0;0.0;281.0;0.0;281.0;0;2
27;35;nan;0.0;0.0;281.0;0.0;281.0;0;2
27;36;nan;0.0;0.0;281.0;0.0;281.0;0;2
27;37;nan;0.0;0.0;281.0;0.0;281.0;0;2
27;38;nan;0.0;0.0;281.0;0.0;281.0;0;2
27;39;nan;0.0;0.0;281.0;0.0;281.0;0;2
27;40;nan;0.0;0.0;281.0;0.0;281.0;0;2
27;41;nan;0.0;0.0;281.0;0.0;281.0;0;2
27;42;nan;0.0;0.0;281.0;0.0;281.0;0;2
27;43;nan;0.0;0.0;281.0;0.0;281.0;0;2
27;44;nan;0.0;0.0;281.0;0.0;281.0;0;2
27;45;nan;0.0;0.0;281.0;0.0;281.0;0;2
27;46;nan;0.0;0.0;281.0;0.0;281.0;0;2
27;47;nan;0.0;0.0;281.0;0.0;281.0;0;2
27;48;nan;0.0;0.0;281.0;0.0;281.0;0;2
27;49;nan;0.0;0.0;281.0;0.0;281.0;0;2
27;50;nan;0.0;0.0;281.0;0.0;281.0;0;2
27;51;nan;0.0;0.0;281.0;0.0;281.0;0;2
27;52;nan;0.0;0.0;281.0;0.0;281.0;0;2
27;53;nan;0.0;0.0;281.0;0.0;281.0;0;2
27;54;nan;0.0;0.0;281.0;0.0;281.0;0;2
27;55;nan;0.0;0.0;281.0;0.0;281.0;0;2
27;56;nan;0.0;0.0;281.0;0.0;281.0;0;2
27;57;nan;0.0;0.0;281.0;0.0;281.0;0;2
27;58;nan;0.0;0.0;281.0;0.0;281.0;0;2
27;59;nan;0.0;0.0;281.0;0.0;281.0;0;2
27;60;nan;0.0;0.0;281.0;0.0;281.0;0;2
27;61;nan;0.0;0.0;281.0;0.0;281.0;0;2
27;62;nan;0.0;0.0;281.0;0.0;281.0;0;2
27;63;nan;0.0;0.0;281.0;0.0;281.0;0;2
27;64;nan;0.0;0.0;281.0;0.0;281.0;0;2
27;65;nan;0.0;0.0;281.0;0.0;281.0;0;2
27;66;nan;0.0;0.0;281.0;0.0;281.0;0;2
27;67;nan;0.0;0.0;281.0;0.0;281.0;0;2
27;68;nan;0.0;0.0;281.0;0.0;281.0;0;2
27;69;nan;0.0;0.0;281.0;0.0;281.0;0;2
27;70;nan;0.0;0.0;281.0;0.0;281.0;0;2
27;71;nan;0.0;0.0;281.0;0.0;281.0;0;2
27;72;nan;0.0;0.0;281.0;0.0;281.0;0;2
27;73;nan;0.0;0.0;281.0;0.0;281.0;0;2
27;74;nan;0.0;0.0;281.0;0.0;281.0;0;2
27;75;nan;0.0;0.0;281.0;0.0;281.0;0;2
27;76;nan;0.0;0.0;281.0;0.0;281.0;0;2
27;77;nan;0.0;0.0;281.0;0.0;281.0;0;2
27;78;nan;0.0;0.0;281.0;0.0;281.0;0;2
27;79;nan;0.0;0.0;281.0;0.0;281.0;0;2
27;80;nan;0.0;0.0;281.0;0.0;281.0;0;2
27;81;nan;0.0;0.0;281.0;0.0;281.0;0;2
27;82;nan;0.0;0.0;281.0;0.0;281.0;0;2
27;83;nan;0.0;0.0;281.0;0.0;281.0;0;2
27;84;nan;0.0;0.0;281.0;0.0;281.0;0;2
27;85;nan;0.0;0.0;281.0;0.0;281.0;0;2
27;86;nan;0.0;0.0;281.0;0.0;281.0;0;2
27;87;nan;0.0;0.0;281.0;0.0;281.0;0;2
27;88;nan;0.0;0.0;281.0;0.0;281.0;0;2
27;89;nan;0.0;0.0;281.0;0.0;281.0;0;2
27;90;nan;0.0;0.0;281.0;0.0;281.0;0;2
27;91;nan;0.0;0.0;281.0;0.0;281.0;0;2
27;92;nan;0.0;0.0;281.0;0.0;281.0;0;2
27;93;nan;0.0;0.0;281.0;0.0;281.0;0;2
27;94;nan;0.0;0.0;281.0;0.0;281.0;0;2
27;95;nan;0.0;0.0;281.0;0.0;281.0;0;2
27;96;nan;0.0;0.0;281.0;0.0;281.0;0;2
27;97;nan;0.0;0.0;281.0;0.0;281.0;0;2
27;98;nan;0.0;0.0;281.0;0.0;281.0;0;2
27;99;nan;0.0;0.0;281.0;0.0;281.0;0;2
27;100;nan;0.0;0.0;281.0;0.0;281.0;0;2
27;101;nan;0.0;0.0;281.0;0.0;281.0;0;2
27;102;nan;0.0;0.0;281.0;0.0;281.0;0;2
27;103;nan;0.0;0.0;281.0;0.0;281.0;0;2
27;104;nan;0.0;0.0;281.0;0.0;281.0;0;2
27;105;nan;0.0;0.0;281.0;0.0;281.0;0;2
27;106;nan;0.0;0.0;281.0;0.0;281.0;0;2
27;107;nan;0.0;0.0;281.0;0.0;281.0;0;2
27;108;nan;0.0;0.0;281.0;0.0;281.0;0;2
27;109;nan;0.0;0.0;281.0;0.0;281.0;0;2
27;110;nan;0.0;0.0;281.0;0.0;281.0;0;2
27;111;nan;0.0;0.0;281.0;0.0;281.0;0;2
27;112;nan;0.0;0.0;281.0;0.0;281.0;0;2
27;113;nan;0.0;0.0;281.0;0.0;281.0;0;2
27;114;nan;0.0;0.0;281.0;0.0;281.0;0;2
27;115;nan;0.0;0.0;281.0;0.0;281.0;0;2
27;116;nan;0.0;0.0;281.0;0.0;281.0;0;2
27;117;nan;0.0;0.0;281.0;0.0;281.0;0;2
27;118;nan;0.0;0.0;281.0;0.0;281.0;0;2
27;119;nan;0.0;0.0;281.0;0.0;281.0;0;2
27;120;nan;0.0;0.0;281.0;0.0;281.0;0;2
27;121;nan;0.0;0.0;281.0;0.0;281.0;0;2
27;122;nan;0.0;0.0;281.0;0.0;281.0;0;2
27;123;nan;0.0;0.0;281.0;0.0;281.0;0;2
27;124;nan;0.0;0.0;281.0;0.0;281.0;0;2
27;125;nan;0.0;0.0;281.0;0.0;281.0;0;2
27;126;nan;0.0;0.0;281.0;0.0;281.0;0;2
27;127;nan;0.0;0.0;281.0;0.0;281.0;0;2
27;128;nan;0.0;0.0;281.0;0.0;281.0;0;2
27;129;nan;0.0;0.0;281.0;0.0;281.0;0;2
27;130;nan;0.0;0.0;281.0;0.0;281.0;0;2
27;131;nan;0.0;0.0;281.0;0.0;281.0;0;2
27;132;nan;0.0;0.0;281.0;0.0;281.0;0;2
27;133;nan;0.0;0.0;281.0;0.0;281.0;0;2
27;134;nan;0.0;0.0;281.0;0.0;281.0;0;2
27;135;nan;0.0;0.0;281.0;0.0;281.0;0;2
27;136;nan;0.0;0.0;281.0;0.0;281.0;0;2
27;137;nan;0.0;0.0;281.0;0.0;281.0;0;2
27;138;nan;0.0;0.0;281.0;0.0;281.0;0;2
27;139;nan;0.0;0.0;281.0;0.0;281.0;0;2
27;140;nan;0.0;0.0;281.0;0.0;281.0;0;2
27;141;nan;0.0;0.0;281.0;0.0;281.0;0;2
27;142;nan;0.0;0.0;281.0;0.0;281.0;0;2
27;143;nan;0.0;0.0;281.0;0.0;281.0;0;2
27;144;nan;0.0;0.0;281.0;0.0;281.0;0;2
27;145;nan;0.0;0.0;281.0;0.0;281.0;0;2
27;146;nan;0.0;0.0;281.0;0.0;281.0;0;2
27;147;nan;0.0;0.0;281.0;0.0;281.0;0;2
27;148;nan;0.0;0.0;281.0;0.0;281.0;0;2
27;149;nan;0.0;0.0;281.0;0.0;281.0;0;2
28;0;nan;0.0;0.0;277.0;0.0;277.0;1;1
28;1;nan;0.0;0.0;277.0;0.0;277.0;0;1
28;2;nan;0.0;0.0;277.0;0.0;277.0;0;1
28;3;nan;0.0;0.0;277.0;0.0;277.0;0;1
28;4;nan;0.0;0.0;277.0;0.0;277.0;0;1
28;5;nan;0.0;0.0;277.0;0.0;277.0;0;1
28;6;nan;0.0;0.0;277.0;0.0;277.0;0;1
28;7;nan;0.0;0.0;277.0;0.0;277.0;0;1
28;8;nan;0.0;0.0;277.0;0.0;277.0;0;1
28;9;nan;0.0;0.0;277.0;0.0;277.0;0;1
28;10;nan;0.0;0.0;277.0;0.0;277.0;0;1
28;11;nan;0.0;0.0;277.0;0.0;277.0;0;1
28;12;nan;0.0;0.0;277.0;0.0;277.0;0;1
28;13;nan;0.0;0.0;277.0;0.0;277.0;0;1
28;14;nan;0.0;0.0;277.0;0.0;277.0;0;1
28;15;nan;0.0;0.0;277.0;0.0;277.0;0;1
28;16;nan;0.0;0.0;277.0;0.0;277.0;0;1
28;17;nan;0.0;0.0;277.0;0.0;277.0;0;1
28;18;nan;0.0;0.0;277.0;0.0;277.0;0;1
28;19;nan;0.0;0.0;277.0;0.0;277.0;0;1
28;20;nan;0.0;0.0;277.0;0.0;277.0;0;1
28;21;nan;0.0;0.0;277.0;0.0;277.0;0;1
28;22;nan;0.0;0.0;277.0;0.0;277.0;0;1
28;23;nan;0.0;0.0;277.0;0.0;277.0;0;1
28;24;nan;0.0;0.0;277.0;0.0;277.0;0;1
28;25;nan;0.0;0.0;277.0;0.0;277.0;0;1
28;26;nan;0.0;0.0;277.0;0.0;277.0;0;1
28;27;nan;0.0;0.0;277.0;0.0;277.0;0;1
28;28;nan;0.0;0.0;277.0;0.0;277.0;0;1
28;29;nan;0.0;0.0;277.0;0.0;277.0;0;1
28;30;nan;0.0;0.0;277.0;0.0;277.0;0;1
28;31;nan;0.0;0.0;277.0;0.0;277.0;0;1
28;32;nan;0.0;0.0;277.0;0.0;277.0;0;1
28;33;nan;0.0;0.0;277.0;0.0;277.0;0;1
28;34;nan;0.0;0.0;277.0;0.0;277.0;0;1
28;35;nan;0.0;0.0;277.0;0.0;277.0;0;1
28;36;nan;0.0;0.0;277.0;0.0;277.0;0;1
28;37;nan;0.0;0.0;277.0;0.0;277.0;0;1
28;38;nan;0.0;0.0;277.0;0.0;277.0;0;1
28;39;nan;0.0;0.0;277.0;0.0;277.0;0;1
28;40;nan;0.0;0.0;277.0;0.0;277.0;0;1
28;41;nan;0.0;0.0;277.0;0.0;277.0;0;1
28;42;nan;0.0;0.0;277.0;0.0;277.0;0;1
28;43;nan;0.0;0.0;277.0;0.0;277.0;0;1
28;44;nan;0.0;0.0;277.0;0.0;277.0;0;1
28;45;nan;0.0;0.0;277.0;0.0;277.0;0;1
28;46;nan;0.0;0.0;277.0;0.0;277.0;0;1
28;47;nan;0.0;0.0;277.0;0.0;277.0;0;1
28;48;nan;0.0;0.0;277.0;0.0;277.0;0;1
28;49;nan;0.0;0.0;277.0;0.0;277.0;0;1
28;50;nan;0.0;0.0;277.0;0.0;277.0;0;1
28;51;nan;0.0;0.0;277.0;0.0;277.0;0;1
28;52;nan;0.0;0.0;277.0;0.0;277.0;0;1
28;53;nan;0.0;0.0;277.0;0.0;277.0;0;1
28;54;nan;0.0;0.0;277.0;0.0;277.0;0;1
28;55;nan;0.0;0.0;277.0;0.0;277.0;0;1
28;56;nan;0.0;0.0;277.0;0.0;277.0;0;1
28;57;nan;0.0;0.0;277.0;0.0;277.0;0;1
28;58;nan;0.0;0.0;277.0;0.0;277.0;0;1
28;59;nan;0.0;0.0;277.0;0.0;277.0;0;1
28;60;nan;0.0;0.0;277.0;0.0;277.0;0;1
28;61;nan;0.0;0.0;277.0;0.0;277.0;0;1
28;62;nan;0.0;0.0;277.0;0.0;277.0;0;1
28;63;nan;0.0;0.0;277.0;0.0;277.0;0;1
28;64;nan;0.0;0.0;277.0;0.0;277.0;0;1
28;65;nan;0.0;0.0;277.0;0.0;277.0;0;1
28;66;nan;0.0;0.0;277.0;0.0;277.0;0;1
28;67;nan;0.0;0.0;277.0;0.0;277.0;0;1
28;68;nan;0.0;0.0;277.0;0.0;277.0;0;1
28;69;nan;0.0;0.0;277.0;0.0;277.0;0;1
28;70;nan;0.0;0.0;277.0;0.0;277.0;0;1
28;71;nan;0.0;0.0;277.0;0.0;277.0;0;1
28;72;nan;0.0;0.0;277.0;0.0;277.0;0;1
28;73;nan;0.0;0.0;277.0;0.0;277.0;0;1
28;74;nan;0.0;0.0;277.0;0.0;277.0;0;1
28;75;nan;0.0;0.0;277.0;0.0;277.0;0;1
28;76;nan;0.0;0.0;277.0;0.0;277.0;0;1
28;77;nan;0.0;0.0;277.0;0.0;277.0;0;1
28;78;nan;0.0;0.0;277.0;0.0;277.0;0;1
28;79;nan;0.0;0.0;277.0;0.0;277.0;0;1
28;80;nan;0.0;0.0;277.0;0.0;277.0;0;1
28;81;nan;0.0;0.0;277.0;0.0;277.0;0;1
28;82;nan;0.0;0.0;277.0;0.0;277.0;0;1
28;83;nan;0.0;0.0;277.0;0.0;277.0;0;1
28;84;nan;0.0;0.0;277.0;0.0;277.0;0;1
28;85;nan;0.0;0.0;277.0;0.0;277.0;0;1
28;86;nan;0.0;0.0;277.0;0.0;277.0;0;1
28;87;nan;0.0;0.0;277.0;0.0;277.0;0;1
28;88;nan;0.0;0.0;277.0;0.0;277.0;0;1
28;89;nan;0.0;0.0;277.0;0.0;277.0;0;1
28;90;nan;0.0;0.0;277.0;0.0;277.0;0;1
28;91;nan;0.0;0.0;277.0;0.0;277.0;0;1
28;92;nan;0.0;0.0;277.0;0.0;277.0;0;1
28;93;nan;0.0;0.0;277.0;0.0;277.0;0;1
28;94;nan;0.0;0.0;277.0;0.0;277.0;0;1
28;95;nan;0.0;0.0;277.0;0.0;277.0;0;1
28;96;nan;0.0;0.0;277.0;0.0;277.0;0;1
28;97;nan;0.0;0.0;277.0;0.0;277.0;0;1
28;98;nan;0.0;0.0;277.0;0.0;277.0;0;1
28;99;nan;0.0;0.0;277.0;0.0;277.0;0;1
28;100;nan;0.0;0.0;277.0;0.0;277.0;0;1
28;101;nan;0.0;0.0;277.0;0.0;277.0;0;1
28;102;nan;0.0;0.0;277.0;0.0;277.0;0;1
28;103;nan;0.0;0.0;277.0;0.0;277.0;0;1
28;104;nan;0.0;0.0;277.0;0.0;277.0;0;1
28;105;nan;0.0;0.0;277.0;0.0;277.0;0;1
28;106;nan;0.0;0.0;277.0;0.0;277.0;0;1
28;107;nan;0.0;0.0;277.0;0.0;277.0;0;1
28;108;nan;0.0;0.0;277.0;0.0;277.0;0;1
28;109;nan;0.0;0.0;277.0;0.0;277.0;0;1
28;110;nan;0.0;0.0;277.0;0.0;277.0;0;1
28;111;nan;0.0;0.0;277.0;0.0;277.0;0;1
28;112;nan;0.0;0.0;277.0;0.0;277.0;0;1
28;113;nan;0.0;0.0;277.0;0.0;277.0;0;1
28;114;nan;0.0;0.0;277.0;0.0;277.0;0;1
28;115;nan;0.0;0.0;277.0;0.0;277.0;0;1
28;116;nan;0.0;0.0;277.0;0.0;277.0;0;1
28;117;nan;0.0;0.0;277.0;0.0;277.0;0;1
28;118;nan;0.0;0.0;277.0;0.0;277.0;0;1
28;119;nan;0.0;0.0;277.0;0.0;277.0;0;1
28;120;nan;0.0;0.0;274.0;0.0;274.0;1;2
28;121;nan;0.0;0.0;286.0;0.0;274.0;0;2
28;122;nan;0.0;0.0;292.0;0.0;274.0;0;2
28;123;nan;0.0;0.0;275.0;0.0;274.0;0;2
28;124;nan;0.0;0.0;285.0;0.0;274.0;0;2
28;125;nan;0.0;0.0;285.0;0.0;274.0;0;2
28;126;nan;0.0;0.0;286.0;0.0;274.0;0;2
28;127;nan;0.0;0.0;287.0;0.0;274.0;0;2
28;128;nan;0.0;0.0;290.0;0.0;274.0;0;2
28;129;nan;0.0;0.0;281.0;0.0;274.0;0;2
28;130;nan;0.0;0.0;284.0;0.0;274.0;0;2
28;131;nan;0.0;0.0;289.0;0.0;274.0;0;2
28;132;nan;0.0;0.0;319.0;0.0;274.0;0;2
28;133;nan;0.0;0.0;310.0;0.0;274.0;0;2
28;134;nan;0.0;0.0;303.0;0.0;274.0;0;2
28;135;nan;0.0;0.0;289.0;0.0;274.0;0;2
28;136;nan;0.0;0.0;291.0;0.0;274.0;0;2
28;137;nan;0.0;0.0;326.0;0.0;274.0;0;2
28;138;nan;0.0;0.0;282.0;0.0;274.0;0;2
28;139;nan;0.0;0.0;285.0;0.0;274.0;0;2
28;140;nan;0.0;0.0;290.0;0.0;274.0;0;2
28;141;nan;0.0;0.0;285.0;0.0;274.0;0;2
28;142;nan;0.0;0.0;317.0;0.0;274.0;0;2
28;143;nan;0.0;0.0;288.0;0.0;274.0;0;2
28;144;nan;0.0;0.0;292.0;0.0;274.0;0;2
28;145;nan;0.0;0.0;295.0;0.0;274.0;0;2
28;146;nan;0.0;0.0;284.0;0.0;274.0;0;2
28;147;nan;0.0;0.0;280.0;0.0;274.0;0;2
28;148;nan;0.0;0.0;299.0;0.0;274.0;0;2
28;149;nan;0.0;0.0;280.0;0.0;274.0;0;2
29;0;nan;0.0;0.0;289.0;0.0;285.0;1;1
29;1;nan;0.0;0.0;285.0;0.0;285.0;0;1
29;2;nan;0.0;0.0;285.0;0.0;285.0;0;1
29;3;nan;0.0;0.0;285.0;0.0;285.0;0;1
29;4;nan;0.0;0.0;285.0;0.0;285.0;0;1
29;5;nan;0.0;0.0;285.0;0.0;285.0;0;1
29;6;nan;0.0;0.0;285.0;0.0;285.0;0;1
29;7;nan;0.0;0.0;285.0;0.0;285.0;0;1
29;8;nan;0.0;0.0;285.0;0.0;285.0;0;1
29;9;nan;0.0;0.0;285.0;0.0;285.0;0;1
29;10;nan;0.0;0.0;285.0;0.0;285.0;0;1
29;11;nan;0.0;0.0;285.0;0.0;285.0;0;1
29;12;nan;0.0;0.0;285.0;0.0;285.0;0;1
29;13;nan;0.0;0.0;285.0;0.0;285.0;0;1
29;14;nan;0.0;0.0;285.0;0.0;285.0;0;1
29;15;nan;0.0;0.0;285.0;0.0;285.0;0;1
29;16;nan;0.0;0.0;285.0;0.0;285.0;0;1
29;17;nan;0.0;0.0;285.0;0.0;285.0;0;1
29;18;nan;0.0;0.0;285.0;0.0;285.0;0;1
29;19;nan;0.0;0.0;285.0;0.0;285.0;0;1
29;20;nan;0.0;0.0;285.0;0.0;285.0;0;1
29;21;nan;0.0;0.0;285.0;0.0;285.0;0;1
29;22;nan;0.0;0.0;285.0;0.0;285.0;0;1
29;23;nan;0.0;0.0;285.0;0.0;285.0;0;1
29;24;nan;0.0;0.0;285.0;0.0;285.0;0;1
29;25;nan;0.0;0.0;285.0;0.0;285.0;0;1
29;26;nan;0.0;0.0;285.0;0.0;285.0;0;1
29;27;nan;0.0;0.0;285.0;0.0;285.0;0;1
29;28;nan;0.0;0.0;285.0;0.0;285.0;0;1
29;29;nan;0.0;0.0;285.0;0.0;285.0;0;1
29;30;nan;0.0;0.0;283.0;0.0;283.0;1;2
29;31;nan;0.0;0.0;283.0;0.0;283.0;0;2
29;32;nan;0.0;0.0;283.0;0.0;283.0;0;2
29;33;nan;0.0;0.0;283.0;0.0;283.0;0;2
29;34;nan;0.0;0.0;283.0;0.0;283.0;0;2
29;35;nan;0.0;0.0;283.0;0.0;283.0;0;2
29;36;nan;0.0;0.0;283.0;0.0;283.0;0;2
29;37;nan;0.0;0.0;283.0;0.0;283.0;0;2
29;38;nan;0.0;0.0;283.0;0.0;283.0;0;2
29;39;nan;0.0;0.0;283.0;0.0;283.0;0;2
29;40;nan;0.0;0.0;283.0;0.0;283.0;0;2
29;41;nan;0.0;0.0;283.0;0.0;283.0;0;2
29;42;nan;0.0;0.0;283.0;0.0;283.0;0;2
29;43;nan;0.0;0.0;283.0;0.0;283.0;0;2
29;44;nan;0.0;0.0;283.0;0.0;283.0;0;2
29;45;nan;0.0;0.0;283.0;0.0;283.0;0;2
29;46;nan;0.0;0.0;283.0;0.0;283.0;0;2
29;47;nan;0.0;0.0;283.0;0.0;283.0;0;2
29;48;nan;0.0;0.0;283.0;0.0;283.0;0;2
29;49;nan;0.0;0.0;283.0;0.0;283.0;0;2
29;50;nan;0.0;0.0;283.0;0.0;283.0;0;2
29;51;nan;0.0;0.0;283.0;0.0;283.0;0;2
29;52;nan;0.0;0.0;283.0;0.0;283.0;0;2
29;53;nan;0.0;0.0;283.0;0.0;283.0;0;2
29;54;nan;0.0;0.0;283.0;0.0;283.0;0;2
29;55;nan;0.0;0.0;283.0;0.0;283.0;0;2
29;56;nan;0.0;0.0;283.0;0.0;283.0;0;2
29;57;nan;0.0;0.0;283.0;0.0;283.0;0;2
29;58;nan;0.0;0.0;283.0;0.0;283.0;0;2
29;59;nan;0.0;0.0;283.0;0.0;283.0;0;2
29;60;nan;0.0;0.0;283.0;0.0;283.0;0;2
29;61;nan;0.0;0.0;283.0;0.0;283.0;0;2
29;62;nan;0.0;0.0;283.0;0.0;283.0;0;2
29;63;nan;0.0;0.0;283.0;0.0;283.0;0;2
29;64;nan;0.0;0.0;283.0;0.0;283.0;0;2
29;65;nan;0.0;0.0;283.0;0.0;283.0;0;2
29;66;nan;0.0;0.0;283.0;0.0;283.0;0;2
29;67;nan;0.0;0.0;283.0;0.0;283.0;0;2
29;68;nan;0.0;0.0;283.0;0.0;283.0;0;2
29;69;nan;0.0;0.0;283.0;0.0;283.0;0;2
29;70;nan;0.0;0.0;283.0;0.0;283.0;0;2
29;71;nan;0.0;0.0;283.0;0.0;283.0;0;2
29;72;nan;0.0;0.0;283.0;0.0;283.0;0;2
29;73;nan;0.0;0.0;283.0;0.0;283.0;0;2
29;74;nan;0.0;0.0;283.0;0.0;283.0;0;2
29;75;nan;0.0;0.0;283.0;0.0;283.0;0;2
29;76;nan;0.0;0.0;283.0;0.0;283.0;0;2
29;77;nan;0.0;0.0;283.0;0.0;283.0;0;2
29;78;nan;0.0;0.0;283.0;0.0;283.0;0;2
29;79;nan;0.0;0.0;283.0;0.0;283.0;0;2
29;80;nan;0.0;0.0;283.0;0.0;283.0;0;2
29;81;nan;0.0;0.0;283.0;0.0;283.0;0;2
29;82;nan;0.0;0.0;283.0;0.0;283.0;0;2
29;83;nan;0.0;0.0;283.0;0.0;283.0;0;2
29;84;nan;0.0;0.0;283.0;0.0;283.0;0;2
29;85;nan;0.0;0.0;283.0;0.0;283.0;0;2
29;86;nan;0.0;0.0;283.0;0.0;283.0;0;2
29;87;nan;0.0;0.0;283.0;0.0;283.0;0;2
29;88;nan;0.0;0.0;283.0;0.0;283.0;0;2
29;89;nan;0.0;0.0;283.0;0.0;283.0;0;2
29;90;nan;0.0;0.0;283.0;0.0;283.0;0;2
29;91;nan;0.0;0.0;283.0;0.0;283.0;0;2
29;92;nan;0.0;0.0;283.0;0.0;283.0;0;2
29;93;nan;0.0;0.0;283.0;0.0;283.0;0;2
29;94;nan;0.0;0.0;283.0;0.0;283.0;0;2
29;95;nan;0.0;0.0;283.0;0.0;283.0;0;2
29;96;nan;0.0;0.0;283.0;0.0;283.0;0;2
29;97;nan;0.0;0.0;283.0;0.0;283.0;0;2
29;98;nan;0.0;0.0;283.0;0.0;283.0;0;2
29;99;nan;0.0;0.0;283.0;0.0;283.0;0;2
29;100;nan;0.0;0.0;283.0;0.0;283.0;0;2
29;101;nan;0.0;0.0;283.0;0.0;283.0;0;2
29;102;nan;0.0;0.0;283.0;0.0;283.0;0;2
29;103;nan;0.0;0.0;283.0;0.0;283.0;0;2
29;104;nan;0.0;0.0;283.0;0.0;283.0;0;2
29;105;nan;0.0;0.0;283.0;0.0;283.0;0;2
29;106;nan;0.0;0.0;283.0;0.0;283.0;0;2
29;107;nan;0.0;0.0;283.0;0.0;283.0;0;2
29;108;nan;0.0;0.0;283.0;0.0;283.0;0;2
29;109;nan;0.0;0.0;283.0;0.0;283.0;0;2
29;110;nan;0.0;0.0;283.0;0.0;283.0;0;2
29;111;nan;0.0;0.0;283.0;0.0;283.0;0;2
29;112;nan;0.0;0.0;283.0;0.0;283.0;0;2
29;113;nan;0.0;0.0;283.0;0.0;283.0;0;2
29;114;nan;0.0;0.0;283.0;0.0;283.0;0;2
29;115;nan;0.0;0.0;283.0;0.0;283.0;0;2
29;116;nan;0.0;0.0;283.0;0.0;283.0;0;2
29;117;nan;0.0;0.0;283.0;0.0;283.0;0;2
29;118;nan;0.0;0.0;283.0;0.0;283.0;0;2
29;119;nan;0.0;0.0;283.0;0.0;283.0;0;2
29;120;nan;0.0;0.0;274.0;0.0;274.0;1;3
29;121;nan;0.0;0.0;311.0;0.0;274.0;0;3
29;122;nan;0.0;0.0;291.0;0.0;274.0;0;3
29;123;nan;0.0;0.0;296.0;0.0;274.0;0;3
29;124;nan;0.0;0.0;291.0;0.0;274.0;0;3
29;125;nan;0.0;0.0;284.0;0.0;274.0;0;3
29;126;nan;0.0;0.0;288.0;0.0;274.0;0;3
29;127;nan;0.0;0.0;286.0;0.0;274.0;0;3
29;128;nan;0.0;0.0;285.0;0.0;274.0;0;3
29;129;nan;0.0;0.0;283.0;0.0;274.0;0;3
29;130;nan;0.0;0.0;280.0;0.0;274.0;0;3
29;131;nan;0.0;0.0;284.0;0.0;274.0;0;3
29;132;nan;0.0;0.0;289.0;0.0;274.0;0;3
29;133;nan;0.0;0.0;276.0;0.0;274.0;0;3
29;134;nan;0.0;0.0;278.0;0.0;274.0;0;3
29;135;nan;0.0;0.0;292.0;0.0;274.0;0;3
29;136;nan;0.0;0.0;286.0;0.0;274.0;0;3
29;137;nan;0.0;0.0;283.0;0.0;274.0;0;3
29;138;nan;0.0;0.0;291.0;0.0;274.0;0;3
29;139;nan;0.0;0.0;289.0;0.0;274.0;0;3
29;140;nan;0.0;0.0;277.0;0.0;274.0;0;3
29;141;nan;0.0;0.0;286.0;0.0;274.0;0;3
29;142;nan;0.0;0.0;287.0;0.0;274.0;0;3
29;143;nan;0.0;0.0;279.0;0.0;274.0;0;3
29;144;nan;0.0;0.0;310.0;0.0;274.0;0;3
29;145;nan;0.0;0.0;280.0;0.0;274.0;0;3
29;146;nan;0.0;0.0;297.0;0.0;274.0;0;3
29;147;nan;0.0;0.0;288.0;0.0;274.0;0;3
29;148;nan;0.0;0.0;293.0;0.0;274.0;0;3
29;149;nan;0.0;0.0;313.0;0.0;274.0;0;3
30;0;nan;0.0;0.0;291.0;0.0;278.0;1;1
30;1;nan;0.0;0.0;278.0;0.0;278.0;0;1
30;2;nan;0.0;0.0;278.0;0.0;278.0;0;1
30;3;nan;0.0;0.0;278.0;0.0;278.0;0;1
30;4;nan;0.0;0.0;278.0;0.0;278.0;0;1
30;5;nan;0.0;0.0;278.0;0.0;278.0;0;1
30;6;nan;0.0;0.0;278.0;0.0;278.0;0;1
30;7;nan;0.0;0.0;278.0;0.0;278.0;0;1
30;8;nan;0.0;0.0;278.0;0.0;278.0;0;1
30;9;nan;0.0;0.0;278.0;0.0;278.0;0;1
30;10;nan;0.0;0.0;278.0;0.0;278.0;0;1
30;11;nan;0.0;0.0;278.0;0.0;278.0;0;1
30;12;nan;0.0;0.0;278.0;0.0;278.0;0;1
30;13;nan;0.0;0.0;278.0;0.0;278.0;0;1
30;14;nan;0.0;0.0;278.0;0.0;278.0;0;1
30;15;nan;0.0;0.0;278.0;0.0;278.0;0;1
30;16;nan;0.0;0.0;278.0;0.0;278.0;0;1
30;17;nan;0.0;0.0;278.0;0.0;278.0;0;1
30;18;nan;0.0;0.0;278.0;0.0;278.0;0;1
30;19;nan;0.0;0.0;278.0;0.0;278.0;0;1
30;20;nan;0.0;0.0;278.0;0.0;278.0;0;1
30;21;nan;0.0;0.0;278.0;0.0;278.0;0;1
30;22;nan;0.0;0.0;278.0;0.0;278.0;0;1
30;23;nan;0.0;0.0;278.0;0.0;278.0;0;1
30;24;nan;0.0;0.0;278.0;0.0;278.0;0;1
30;25;nan;0.0;0.0;278.0;0.0;278.0;0;1
30;26;nan;0.0;0.0;278.0;0.0;278.0;0;1
30;27;nan;0.0;0.0;278.0;0.0;278.0;0;1
30;28;nan;0.0;0.0;278.0;0.0;278.0;0;1
30;29;nan;0.0;0.0;278.0;0.0;278.0;0;1
30;30;nan;0.0;0.0;278.0;0.0;278.0;0;1
30;31;nan;0.0;0.0;278.0;0.0;278.0;0;1
30;32;nan;0.0;0.0;278.0;0.0;278.0;0;1
30;33;nan;0.0;0.0;278.0;0.0;278.0;0;1
30;34;nan;0.0;0.0;278.0;0.0;278.0;0;1
30;35;nan;0.0;0.0;278.0;0.0;278.0;0;1
30;36;nan;0.0;0.0;278.0;0.0;278.0;0;1
30;37;nan;0.0;0.0;278.0;0.0;278.0;0;1
30;38;nan;0.0;0.0;278.0;0.0;278.0;0;1
30;39;nan;0.0;0.0;278.0;0.0;278.0;0;1
30;40;nan;0.0;0.0;278.0;0.0;278.0;0;1
30;41;nan;0.0;0.0;278.0;0.0;278.0;0;1
30;42;nan;0.0;0.0;278.0;0.0;278.0;0;1
30;43;nan;0.0;0.0;278.0;0.0;278.0;0;1
30;44;nan;0.0;0.0;278.0;0.0;278.0;0;1
30;45;nan;0.0;0.0;278.0;0.0;278.0;0;1
30;46;nan;0.0;0.0;278.0;0.0;278.0;0;1
30;47;nan;0.0;0.0;278.0;0.0;278.0;0;1
30;48;nan;0.0;0.0;278.0;0.0;278.0;0;1
30;49;nan;0.0;0.0;278.0;0.0;278.0;0;1
30;50;nan;0.0;0.0;278.0;0.0;278.0;0;1
30;51;nan;0.0;0.0;278.0;0.0;278.0;0;1
30;52;nan;0.0;0.0;278.0;0.0;278.0;0;1
30;53;nan;0.0;0.0;278.0;0.0;278.0;0;1
30;54;nan;0.0;0.0;278.0;0.0;278.0;0;1
30;55;nan;0.0;0.0;278.0;0.0;278.0;0;1
30;56;nan;0.0;0.0;278.0;0.0;278.0;0;1
30;57;nan;0.0;0.0;278.0;0.0;278.0;0;1
30;58;nan;0.0;0.0;278.0;0.0;278.0;0;1
30;59;nan;0.0;0.0;278.0;0.0;278.0;0;1
30;60;nan;0.0;0.0;276.0;0.0;276.0;1;2
30;61;nan;0.0;0.0;294.0;0.0;276.0;0;2
30;62;nan;0.0;0.0;281.0;0.0;276.0;0;2
30;63;nan;0.0;0.0;290.0;0.0;276.0;0;2
30;64;nan;0.0;0.0;290.0;0.0;276.0;0;2
30;65;nan;0.0;0.0;281.0;0.0;276.0;0;2
30;66;nan;0.0;0.0;282.0;0.0;276.0;0;2
30;67;nan;0.0;0.0;304.0;0.0;276.0;0;2
30;68;nan;0.0;0.0;300.0;0.0;276.0;0;2
30;69;nan;0.0;0.0;284.0;0.0;276.0;0;2
30;70;nan;0.0;0.0;278.0;0.0;276.0;0;2
30;71;nan;0.0;0.0;289.0;0.0;276.0;0;2
30;72;nan;0.0;0.0;309.0;0.0;276.0;0;2
30;73;nan;0.0;0.0;302.0;0.0;276.0;0;2
30;74;nan;0.0;0.0;276.0;0.0;276.0;0;2
30;75;nan;0.0;0.0;302.0;0.0;276.0;0;2
30;76;nan;0.0;0.0;284.0;0.0;276.0;0;2
30;77;nan;0.0;0.0;288.0;0.0;276.0;0;2
30;78;nan;0.0;0.0;285.0;0.0;276.0;0;2
30;79;nan;0.0;0.0;284.0;0.0;276.0;0;2
30;80;nan;0.0;0.0;283.0;0.0;276.0;0;2
30;81;nan;0.0;0.0;290.0;0.0;276.0;0;2
30;82;nan;0.0;0.0;277.0;0.0;276.0;0;2
30;83;nan;0.0;0.0;298.0;0.0;276.0;0;2
30;84;nan;0.0;0.0;332.0;0.0;276.0;0;2
30;85;nan;0.0;0.0;281.0;0.0;276.0;0;2
30;86;nan;0.0;0.0;297.0;0.0;276.0;0;2
30;87;nan;0.0;0.0;283.0;0.0;276.0;0;2
30;88;nan;0.0;0.0;287.0;0.0;276.0;0;2
30;89;nan;0.0;0.0;278.0;0.0;276.0;0;2
30;90;nan;0.0;0.0;278.0;0.0;276.0;0;2
30;91;nan;0.0;0.0;297.0;0.0;276.0;0;2
30;92;nan;0.0;0.0;276.0;0.0;276.0;0;2
30;93;nan;0.0;0.0;280.0;0.0;276.0;0;2
30;94;nan;0.0;0.0;283.0;0.0;276.0;0;2
30;95;nan;0.0;0.0;297.0;0.0;276.0;0;2
30;96;nan;0.0;0.0;316.0;0.0;276.0;0;2
30;97;nan;0.0;0.0;290.0;0.0;276.0;0;2
30;98;nan;0.0;0.0;322.0;0.0;276.0;0;2
30;99;nan;0.0;0.0;277.0;0.0;276.0;0;2
30;100;nan;0.0;0.0;278.0;0.0;276.0;0;2
30;101;nan;0.0;0.0;316.0;0.0;276.0;0;2
30;102;nan;0.0;0.0;286.0;0.0;276.0;0;2
30;103;nan;0.0;0.0;288.0;0.0;276.0;0;2
30;104;nan;0.0;0.0;288.0;0.0;276.0;0;2
30;105;nan;0.0;0.0;293.0;0.0;276.0;0;2
30;106;nan;0.0;0.0;285.0;0.0;276.0;0;2
30;107;nan;0.0;0.0;301.0;0.0;276.0;0;2
30;108;nan;0.0;0.0;291.0;0.0;276.0;0;2
30;109;nan;0.0;0.0;286.0;0.0;276.0;0;2
30;110;nan;0.0;0.0;286.0;0.0;276.0;0;2
30;111;nan;0.0;0.0;273.0;0.0;273.0;1;3
30;112;nan;0.0;0.0;273.0;0.0;273.0;0;3
30;113;nan;0.0;0.0;273.0;0.0;273.0;0;3
30;114;nan;0.0;0.0;273.0;0.0;273.0;0;3
30;115;nan;0.0;0.0;273.0;0.0;273.0;0;3
30;116;nan;0.0;0.0;273.0;0.0;273.0;0;3
30;117;nan;0.0;0.0;273.0;0.0;273.0;0;3
30;118;nan;0.0;0.0;273.0;0.0;273.0;0;3
30;119;nan;0.0;0.0;273.0;0.0;273.0;0;3
30;120;nan;0.0;0.0;273.0;0.0;273.0;0;3
30;121;nan;0.0;0.0;273.0;0.0;273.0;0;3
30;122;nan;0.0;0.0;273.0;0.0;273.0;0;3
30;123;nan;0.0;0.0;273.0;0.0;273.0;0;3
30;124;nan;0.0;0.0;273.0;0.0;273.0;0;3
30;125;nan;0.0;0.0;273.0;0.0;273.0;0;3
30;126;nan;0.0;0.0;273.0;0.0;273.0;0;3
30;127;nan;0.0;0.0;273.0;0.0;273.0;0;3
30;128;nan;0.0;0.0;273.0;0.0;273.0;0;3
30;129;nan;0.0;0.0;273.0;0.0;273.0;0;3
30;130;nan;0.0;0.0;273.0;0.0;273.0;0;3
30;131;nan;0.0;0.0;273.0;0.0;273.0;0;3
30;132;nan;0.0;0.0;273.0;0.0;273.0;0;3
30;133;nan;0.0;0.0;273.0;0.0;273.0;0;3
30;134;nan;0.0;0.0;273.0;0.0;273.0;0;3
30;135;nan;0.0;0.0;273.0;0.0;273.0;0;3
30;136;nan;0.0;0.0;273.0;0.0;273.0;0;3
30;137;nan;0.0;0.0;273.0;0.0;273.0;0;3
30;138;nan;0.0;0.0;273.0;0.0;273.0;0;3
30;139;nan;0.0;0.0;273.0;0.0;273.0;0;3
30;140;nan;0.0;0.0;273.0;0.0;273.0;0;3
30;141;nan;0.0;0.0;273.0;0.0;273.0;0;3
30;142;nan;0.0;0.0;273.0;0.0;273.0;0;3
30;143;nan;0.0;0.0;273.0;0.0;273.0;0;3
30;144;nan;0.0;0.0;273.0;0.0;273.0;0;3
30;145;nan;0.0;0.0;273.0;0.0;273.0;0;3
30;146;nan;0.0;0.0;273.0;0.0;273.0;0;3
30;147;nan;0.0;0.0;273.0;0.0;273.0;0;3
30;148;nan;0.0;0.0;273.0;0.0;273.0;0;3
30;149;nan;0.0;0.0;273.0;0.0;273.0;0;3
31;0;nan;0.0;0.0;289.0;0.0;289.0;1;1
31;1;nan;0.0;0.0;289.0;0.0;289.0;0;1
31;2;nan;0.0;0.0;289.0;0.0;289.0;0;1
31;3;nan;0.0;0.0;289.0;0.0;289.0;0;1
31;4;nan;0.0;0.0;289.0;0.0;289.0;0;1
31;5;nan;0.0;0.0;289.0;0.0;289.0;0;1
31;6;nan;0.0;0.0;289.0;0.0;289.0;0;1
31;7;nan;0.0;0.0;289.0;0.0;289.0;0;1
31;8;nan;0.0;0.0;289.0;0.0;289.0;0;1
31;9;nan;0.0;0.0;289.0;0.0;289.0;0;1
31;10;nan;0.0;0.0;289.0;0.0;289.0;0;1
31;11;nan;0.0;0.0;289.0;0.0;289.0;0;1
31;12;nan;0.0;0.0;289.0;0.0;289.0;0;1
31;13;nan;0.0;0.0;289.0;0.0;289.0;0;1
31;14;nan;0.0;0.0;289.0;0.0;289.0;0;1
31;15;nan;0.0;0.0;289.0;0.0;289.0;0;1
31;16;nan;0.0;0.0;289.0;0.0;289.0;0;1
31;17;nan;0.0;0.0;289.0;0.0;289.0;0;1
31;18;nan;0.0;0.0;289.0;0.0;289.0;0;1
31;19;nan;0.0;0.0;289.0;0.0;289.0;0;1
31;20;nan;0.0;0.0;289.0;0.0;289.0;0;1
31;21;nan;0.0;0.0;289.0;0.0;289.0;0;1
31;22;nan;0.0;0.0;289.0;0.0;289.0;0;1
31;23;nan;0.0;0.0;289.0;0.0;289.0;0;1
31;24;nan;0.0;0.0;289.0;0.0;289.0;0;1
31;25;nan;0.0;0.0;289.0;0.0;289.0;0;1
31;26;nan;0.0;0.0;289.0;0.0;289.0;0;1
31;27;nan;0.0;0.0;289.0;0.0;289.0;0;1
31;28;nan;0.0;0.0;289.0;0.0;289.0;0;1
31;29;nan;0.0;0.0;289.0;0.0;289.0;0;1
31;30;nan;0.0;0.0;280.0;0.0;280.0;1;2
31;31;nan;0.0;0.0;280.0;0.0;280.0;0;2
31;32;nan;0.0;0.0;280.0;0.0;280.0;0;2
31;33;nan;0.0;0.0;280.0;0.0;280.0;0;2
31;34;nan;0.0;0.0;280.0;0.0;280.0;0;2
31;35;nan;0.0;0.0;280.0;0.0;280.0;0;2
31;36;nan;0.0;0.0;280.0;0.0;280.0;0;2
31;37;nan;0.0;0.0;280.0;0.0;280.0;0;2
31;38;nan;0.0;0.0;280.0;0.0;280.0;0;2
31;39;nan;0.0;0.0;280.0;0.0;280.0;0;2
31;40;nan;0.0;0.0;280.0;0.0;280.0;0;2
31;41;nan;0.0;0.0;280.0;0.0;280.0;0;2
31;42;nan;0.0;0.0;280.0;0.0;280.0;0;2
31;43;nan;0.0;0.0;280.0;0.0;280.0;0;2
31;44;nan;0.0;0.0;280.0;0.0;280.0;0;2
31;45;nan;0.0;0.0;280.0;0.0;280.0;0;2
31;46;nan;0.0;0.0;280.0;0.0;280.0;0;2
31;47;nan;0.0;0.0;280.0;0.0;280.0;0;2
31;48;nan;0.0;0.0;280.0;0.0;280.0;0;2
31;49;nan;0.0;0.0;280.0;0.0;280.0;0;2
31;50;nan;0.0;0.0;280.0;0.0;280.0;0;2
31;51;nan;0.0;0.0;280.0;0.0;280.0;0;2
31;52;nan;0.0;0.0;280.0;0.0;280.0;0;2
31;53;nan;0.0;0.0;280.0;0.0;280.0;0;2
31;54;nan;0.0;0.0;280.0;0.0;280.0;0;2
31;55;nan;0.0;0.0;280.0;0.0;280.0;0;2
31;56;nan;0.0;0.0;280.0;0.0;280.0;0;2
31;57;nan;0.0;0.0;280.0;0.0;280.0;0;2
31;58;nan;0.0;0.0;280.0;0.0;280.0;0;2
31;59;nan;0.0;0.0;280.0;0.0;280.0;0;2
31;60;nan;0.0;0.0;280.0;0.0;280.0;0;2
31;61;nan;0.0;0.0;280.0;0.0;280.0;0;2
31;62;nan;0.0;0.0;280.0;0.0;280.0;0;2
31;63;nan;0.0;0.0;280.0;0.0;280.0;0;2
31;64;nan;0.0;0.0;280.0;0.0;280.0;0;2
31;65;nan;0.0;0.0;280.0;0.0;280.0;0;2
31;66;nan;0.0;0.0;280.0;0.0;280.0;0;2
31;67;nan;0.0;0.0;280.0;0.0;280.0;0;2
31;68;nan;0.0;0.0;280.0;0.0;280.0;0;2
31;69;nan;0.0;0.0;280.0;0.0;280.0;0;2
31;70;nan;0.0;0.0;280.0;0.0;280.0;0;2
31;71;nan;0.0;0.0;280.0;0.0;280.0;0;2
31;72;nan;0.0;0.0;280.0;0.0;280.0;0;2
31;73;nan;0.0;0.0;280.0;0.0;280.0;0;2
31;74;nan;0.0;0.0;280.0;0.0;280.0;0;2
31;75;nan;0.0;0.0;280.0;0.0;280.0;0;2
31;76;nan;0.0;0.0;280.0;0.0;280.0;0;2
31;77;nan;0.0;0.0;280.0;0.0;280.0;0;2
31;78;nan;0.0;0.0;280.0;0.0;280.0;0;2
31;79;nan;0.0;0.0;280.0;0.0;280.0;0;2
31;80;nan;0.0;0.0;280.0;0.0;280.0;0;2
31;81;nan;0.0;0.0;280.0;0.0;280.0;0;2
31;82;nan;0.0;0.0;280.0;0.0;280.0;0;2
31;83;nan;0.0;0.0;280.0;0.0;280.0;0;2
31;84;nan;0.0;0.0;280.0;0.0;280.0;0;2
31;85;nan;0.0;0.0;280.0;0.0;280.0;0;2
31;86;nan;0.0;0.0;280.0;0.0;280.0;0;2
31;87;nan;0.0;0.0;280.0;0.0;280.0;0;2
31;88;nan;0.0;0.0;280.0;0.0;280.0;0;2
31;89;nan;0.0;0.0;280.0;0.0;280.0;0;2
31;90;nan;0.0;0.0;280.0;0.0;280.0;0;2
31;91;nan;0.0;0.0;280.0;0.0;280.0;0;2
31;92;nan;0.0;0.0;280.0;0.0;280.0;0;2
31;93;nan;0.0;0.0;280.0;0.0;280.0;0;2
31;94;nan;0.0;0.0;280.0;0.0;280.0;0;2
31;95;nan;0.0;0.0;280.0;0.0;280.0;0;2
31;96;nan;0.0;0.0;280.0;0.0;280.0;0;2
31;97;nan;0.0;0.0;280.0;0.0;280.0;0;2
31;98;nan;0.0;0.0;280.0;0.0;280.0;0;2
31;99;nan;0.0;0.0;280.0;0.0;280.0;0;2
31;100;nan;0.0;0.0;280.0;0.0;280.0;0;2
31;101;nan;0.0;0.0;280.0;0.0;280.0;0;2
31;102;nan;0.0;0.0;280.0;0.0;280.0;0;2
31;103;nan;0.0;0.0;280.0;0.0;280.0;0;2
31;104;nan;0.0;0.0;280.0;0.0;280.0;0;2
31;105;nan;0.0;0.0;280.0;0.0;280.0;0;2
31;106;nan;0.0;0.0;280.0;0.0;280.0;0;2
31;107;nan;0.0;0.0;280.0;0.0;280.0;0;2
31;108;nan;0.0;0.0;280.0;0.0;280.0;0;2
31;109;nan;0.0;0.0;280.0;0.0;280.0;0;2
31;110;nan;0.0;0.0;280.0;0.0;280.0;0;2
31;111;nan;0.0;0.0;280.0;0.0;280.0;0;2
31;112;nan;0.0;0.0;280.0;0.0;280.0;0;2
31;113;nan;0.0;0.0;280.0;0.0;280.0;0;2
31;114;nan;0.0;0.0;280.0;0.0;280.0;0;2
31;115;nan;0.0;0.0;280.0;0.0;280.0;0;2
31;116;nan;0.0;0.0;280.0;0.0;280.0;0;2
31;117;nan;0.0;0.0;280.0;0.0;280.0;0;2
31;118;nan;0.0;0.0;280.0;0.0;280.0;0;2
31;119;nan;0.0;0.0;280.0;0.0;280.0;0;2
31;120;nan;0.0;0.0;275.0;0.0;275.0;1;3
31;121;nan;0.0;0.0;291.0;0.0;275.0;0;3
31;122;nan;0.0;0.0;306.0;0.0;275.0;0;3
31;123;nan;0.0;0.0;280.0;0.0;275.0;0;3
31;124;nan;0.0;0.0;290.0;0.0;275.0;0;3
31;125;nan;0.0;0.0;284.0;0.0;275.0;0;3
31;126;nan;0.0;0.0;282.0;0.0;275.0;0;3
31;127;nan;0.0;0.0;302.0;0.0;275.0;0;3
31;128;nan;0.0;0.0;284.0;0.0;275.0;0;3
31;129;nan;0.0;0.0;302.0;0.0;275.0;0;3
31;130;nan;0.0;0.0;282.0;0.0;275.0;0;3
31;131;nan;0.0;0.0;287.0;0.0;275.0;0;3
31;132;nan;0.0;0.0;282.0;0.0;275.0;0;3
31;133;nan;0.0;0.0;289.0;0.0;275.0;0;3
31;134;nan;0.0;0.0;322.0;0.0;275.0;0;3
31;135;nan;0.0;0.0;281.0;0.0;275.0;0;3
31;136;nan;0.0;0.0;278.0;0.0;275.0;0;3
31;137;nan;0.0;0.0;278.0;0.0;275.0;0;3
31;138;nan;0.0;0.0;273.0;0.0;275.0;1;4
31;139;nan;0.0;0.0;272.0;0.0;272.0;0;4
31;140;nan;0.0;0.0;272.0;0.0;272.0;0;4
31;141;nan;0.0;0.0;272.0;0.0;272.0;0;4
31;142;nan;0.0;0.0;272.0;0.0;272.0;0;4
31;143;nan;0.0;0.0;272.0;0.0;272.0;0;4
31;144;nan;0.0;0.0;272.0;0.0;272.0;0;4
31;145;nan;0.0;0.0;272.0;0.0;272.0;0;4
31;146;nan;0.0;0.0;272.0;0.0;272.0;0;4
31;147;nan;0.0;0.0;272.0;0.0;272.0;0;4
31;148;nan;0.0;0.0;272.0;0.0;272.0;0;4
31;149;nan;0.0;0.0;272.0;0.0;272.0;0;4
32;0;nan;0.0;0.0;285.0;0.0;285.0;1;1
32;1;nan;0.0;0.0;285.0;0.0;285.0;0;1
32;2;nan;0.0;0.0;285.0;0.0;285.0;0;1
32;3;nan;0.0;0.0;285.0;0.0;285.0;0;1
32;4;nan;0.0;0.0;285.0;0.0;285.0;0;1
32;5;nan;0.0;0.0;285.0;0.0;285.0;0;1
32;6;nan;0.0;0.0;285.0;0.0;285.0;0;1
32;7;nan;0.0;0.0;285.0;0.0;285.0;0;1
32;8;nan;0.0;0.0;285.0;0.0;285.0;0;1
32;9;nan;0.0;0.0;285.0;0.0;285.0;0;1
32;10;nan;0.0;0.0;285.0;0.0;285.0;0;1
32;11;nan;0.0;0.0;285.0;0.0;285.0;0;1
32;12;nan;0.0;0.0;285.0;0.0;285.0;0;1
32;13;nan;0.0;0.0;285.0;0.0;285.0;0;1
32;14;nan;0.0;0.0;285.0;0.0;285.0;0;1
32;15;nan;0.0;0.0;285.0;0.0;285.0;0;1
32;16;nan;0.0;0.0;285.0;0.0;285.0;0;1
32;17;nan;0.0;0.0;285.0;0.0;285.0;0;1
32;18;nan;0.0;0.0;285.0;0.0;285.0;0;1
32;19;nan;0.0;0.0;285.0;0.0;285.0;0;1
32;20;nan;0.0;0.0;285.0;0.0;285.0;0;1
32;21;nan;0.0;0.0;285.0;0.0;285.0;0;1
32;22;nan;0.0;0.0;285.0;0.0;285.0;0;1
32;23;nan;0.0;0.0;285.0;0.0;285.0;0;1
32;24;nan;0.0;0.0;285.0;0.0;285.0;0;1
32;25;nan;0.0;0.0;285.0;0.0;285.0;0;1
32;26;nan;0.0;0.0;285.0;0.0;285.0;0;1
32;27;nan;0.0;0.0;285.0;0.0;285.0;0;1
32;28;nan;0.0;0.0;285.0;0.0;285.0;0;1
32;29;nan;0.0;0.0;285.0;0.0;285.0;0;1
32;30;nan;0.0;0.0;276.0;0.0;276.0;1;2
32;31;nan;0.0;0.0;276.0;0.0;276.0;0;2
32;32;nan;0.0;0.0;276.0;0.0;276.0;0;2
32;33;nan;0.0;0.0;276.0;0.0;276.0;0;2
32;34;nan;0.0;0.0;276.0;0.0;276.0;0;2
32;35;nan;0.0;0.0;276.0;0.0;276.0;0;2
32;36;nan;0.0;0.0;276.0;0.0;276.0;0;2
32;37;nan;0.0;0.0;276.0;0.0;276.0;0;2
32;38;nan;0.0;0.0;276.0;0.0;276.0;0;2
32;39;nan;0.0;0.0;276.0;0.0;276.0;0;2
32;40;nan;0.0;0.0;276.0;0.0;276.0;0;2
32;41;nan;0.0;0.0;276.0;0.0;276.0;0;2
32;42;nan;0.0;0.0;276.0;0.0;276.0;0;2
32;43;nan;0.0;0.0;276.0;0.0;276.0;0;2
32;44;nan;0.0;0.0;276.0;0.0;276.0;0;2
32;45;nan;0.0;0.0;276.0;0.0;276.0;0;2
32;46;nan;0.0;0.0;276.0;0.0;276.0;0;2
32;47;nan;0.0;0.0;276.0;0.0;276.0;0;2
32;48;nan;0.0;0.0;276.0;0.0;276.0;0;2
32;49;nan;0.0;0.0;276.0;0.0;276.0;0;2
32;50;nan;0.0;0.0;276.0;0.0;276.0;0;2
32;51;nan;0.0;0.0;276.0;0.0;276.0;0;2
32;52;nan;0.0;0.0;276.0;0.0;276.0;0;2
32;53;nan;0.0;0.0;276.0;0.0;276.0;0;2
32;54;nan;0.0;0.0;276.0;0.0;276.0;0;2
32;55;nan;0.0;0.0;276.0;0.0;276.0;0;2
32;56;nan;0.0;0.0;276.0;0.0;276.0;0;2
32;57;nan;0.0;0.0;276.0;0.0;276.0;0;2
32;58;nan;0.0;0.0;276.0;0.0;276.0;0;2
32;59;nan;0.0;0.0;276.0;0.0;276.0;0;2
32;60;nan;0.0;0.0;276.0;0.0;276.0;0;2
32;61;nan;0.0;0.0;276.0;0.0;276.0;0;2
32;62;nan;0.0;0.0;276.0;0.0;276.0;0;2
32;63;nan;0.0;0.0;276.0;0.0;276.0;0;2
32;64;nan;0.0;0.0;276.0;0.0;276.0;0;2
32;65;nan;0.0;0.0;276.0;0.0;276.0;0;2
32;66;nan;0.0;0.0;276.0;0.0;276.0;0;2
32;67;nan;0.0;0.0;276.0;0.0;276.0;0;2
32;68;nan;0.0;0.0;276.0;0.0;276.0;0;2
32;69;nan;0.0;0.0;276.0;0.0;276.0;0;2
32;70;nan;0.0;0.0;276.0;0.0;276.0;0;2
32;71;nan;0.0;0.0;276.0;0.0;276.0;0;2
32;72;nan;0.0;0.0;276.0;0.0;276.0;0;2
32;73;nan;0.0;0.0;276.0;0.0;276.0;0;2
32;74;nan;0.0;0.0;276.0;0.0;276.0;0;2
32;75;nan;0.0;0.0;276.0;0.0;276.0;0;2
32;76;nan;0.0;0.0;276.0;0.0;276.0;0;2
32;77;nan;0.0;0.0;276.0;0.0;276.0;0;2
32;78;nan;0.0;0.0;276.0;0.0;276.0;0;2
32;79;nan;0.0;0.0;276.0;0.0;276.0;0;2
32;80;nan;0.0;0.0;276.0;0.0;276.0;0;2
32;81;nan;0.0;0.0;276.0;0.0;276.0;0;2
32;82;nan;0.0;0.0;276.0;0.0;276.0;0;2
32;83;nan;0.0;0.0;276.0;0.0;276.0;0;2
32;84;nan;0.0;0.0;276.0;0.0;276.0;0;2
32;85;nan;0.0;0.0;276.0;0.0;276.0;0;2
32;86;nan;0.0;0.0;276.0;0.0;276.0;0;2
32;87;nan;0.0;0.0;276.0;0.0;276.0;0;2
32;88;nan;0.0;0.0;276.0;0.0;276.0;0;2
32;89;nan;0.0;0.0;276.0;0.0;276.0;0;2
32;90;nan;0.0;0.0;276.0;0.0;276.0;0;2
32;91;nan;0.0;0.0;276.0;0.0;276.0;0;2
32;92;nan;0.0;0.0;276.0;0.0;276.0;0;2
32;93;nan;0.0;0.0;276.0;0.0;276.0;0;2
32;94;nan;0.0;0.0;276.0;0.0;276.0;0;2
32;95;nan;0.0;0.0;276.0;0.0;276.0;0;2
32;96;nan;0.0;0.0;276.0;0.0;276.0;0;2
32;97;nan;0.0;0.0;276.0;0.0;276.0;0;2
32;98;nan;0.0;0.0;276.0;0.0;276.0;0;2
32;99;nan;0.0;0.0;276.0;0.0;276.0;0;2
32;100;nan;0.0;0.0;276.0;0.0;276.0;0;2
32;101;nan;0.0;0.0;276.0;0.0;276.0;0;2
32;102;nan;0.0;0.0;276.0;0.0;276.0;0;2
32;103;nan;0.0;0.0;276.0;0.0;276.0;0;2
32;104;nan;0.0;0.0;276.0;0.0;276.0;0;2
32;105;nan;0.0;0.0;276.0;0.0;276.0;0;2
32;106;nan;0.0;0.0;276.0;0.0;276.0;0;2
32;107;nan;0.0;0.0;276.0;0.0;276.0;0;2
32;108;nan;0.0;0.0;276.0;0.0;276.0;0;2
32;109;nan;0.0;0.0;276.0;0.0;276.0;0;2
32;110;nan;0.0;0.0;276.0;0.0;276.0;0;2
32;111;nan;0.0;0.0;276.0;0.0;276.0;0;2
32;112;nan;0.0;0.0;276.0;0.0;276.0;0;2
32;113;nan;0.0;0.0;276.0;0.0;276.0;0;2
32;114;nan;0.0;0.0;276.0;0.0;276.0;0;2
32;115;nan;0.0;0.0;276.0;0.0;276.0;0;2
32;116;nan;0.0;0.0;276.0;0.0;276.0;0;2
32;117;nan;0.0;0.0;276.0;0.0;276.0;0;2
32;118;nan;0.0;0.0;276.0;0.0;276.0;0;2
32;119;nan;0.0;0.0;276.0;0.0;276.0;0;2
32;120;nan;0.0;0.0;276.0;0.0;276.0;0;2
32;121;nan;0.0;0.0;276.0;0.0;276.0;0;2
32;122;nan;0.0;0.0;276.0;0.0;276.0;0;2
32;123;nan;0.0;0.0;276.0;0.0;276.0;0;2
32;124;nan;0.0;0.0;276.0;0.0;276.0;0;2
32;125;nan;0.0;0.0;276.0;0.0;276.0;0;2
32;126;nan;0.0;0.0;276.0;0.0;276.0;0;2
32;127;nan;0.0;0.0;276.0;0.0;276.0;0;2
32;128;nan;0.0;0.0;276.0;0.0;276.0;0;2
32;129;nan;0.0;0.0;276.0;0.0;276.0;0;2
32;130;nan;0.0;0.0;276.0;0.0;276.0;0;2
32;131;nan;0.0;0.0;276.0;0.0;276.0;0;2
32;132;nan;0.0;0.0;276.0;0.0;276.0;0;2
32;133;nan;0.0;0.0;276.0;0.0;276.0;0;2
32;134;nan;0.0;0.0;276.0;0.0;276.0;0;2
32;135;nan;0.0;0.0;276.0;0.0;276.0;0;2
32;136;nan;0.0;0.0;276.0;0.0;276.0;0;2
32;137;nan;0.0;0.0;276.0;0.0;276.0;0;2
32;138;nan;0.0;0.0;276.0;0.0;276.0;0;2
32;139;nan;0.0;0.0;276.0;0.0;276.0;0;2
32;140;nan;0.0;0.0;276.0;0.0;276.0;0;2
32;141;nan;0.0;0.0;276.0;0.0;276.0;0;2
32;142;nan;0.0;0.0;276.0;0.0;276.0;0;2
32;143;nan;0.0;0.0;276.0;0.0;276.0;0;2
32;144;nan;0.0;0.0;276.0;0.0;276.0;0;2
32;145;nan;0.0;0.0;276.0;0.0;276.0;0;2
32;146;nan;0.0;0.0;276.0;0.0;276.0;0;2
32;147;nan;0.0;0.0;276.0;0.0;276.0;0;2
32;148;nan;0.0;0.0;276.0;0.0;276.0;0;2
32;149;nan;0.0;0.0;276.0;0.0;276.0;0;2
33;0;nan;0.0;0.0;292.0;0.0;292.0;1;1
33;1;nan;0.0;0.0;292.0;0.0;292.0;0;1
33;2;nan;0.0;0.0;292.0;0.0;292.0;0;1
33;3;nan;0.0;0.0;292.0;0.0;292.0;0;1
33;4;nan;0.0;0.0;292.0;0.0;292.0;0;1
33;5;nan;0.0;0.0;292.0;0.0;292.0;0;1
33;6;nan;0.0;0.0;292.0;0.0;292.0;0;1
33;7;nan;0.0;0.0;292.0;0.0;292.0;0;1
33;8;nan;0.0;0.0;292.0;0.0;292.0;0;1
33;9;nan;0.0;0.0;292.0;0.0;292.0;0;1
33;10;nan;0.0;0.0;292.0;0.0;292.0;0;1
33;11;nan;0.0;0.0;292.0;0.0;292.0;0;1
33;12;nan;0.0;0.0;292.0;0.0;292.0;0;1
33;13;nan;0.0;0.0;292.0;0.0;292.0;0;1
33;14;nan;0.0;0.0;292.0;0.0;292.0;0;1
33;15;nan;0.0;0.0;292.0;0.0;292.0;0;1
33;16;nan;0.0;0.0;292.0;0.0;292.0;0;1
33;17;nan;0.0;0.0;292.0;0.0;292.0;0;1
33;18;nan;0.0;0.0;292.0;0.0;292.0;0;1
33;19;nan;0.0;0.0;292.0;0.0;292.0;0;1
33;20;nan;0.0;0.0;292.0;0.0;292.0;0;1
33;21;nan;0.0;0.0;292.0;0.0;292.0;0;1
33;22;nan;0.0;0.0;292.0;0.0;292.0;0;1
33;23;nan;0.0;0.0;292.0;0.0;292.0;0;1
33;24;nan;0.0;0.0;292.0;0.0;292.0;0;1
33;25;nan;0.0;0.0;292.0;0.0;292.0;0;1
33;26;nan;0.0;0.0;292.0;0.0;292.0;0;1
33;27;nan;0.0;0.0;292.0;0.0;292.0;0;1
33;28;nan;0.0;0.0;292.0;0.0;292.0;0;1
33;29;nan;0.0;0.0;292.0;0.0;292.0;0;1
33;30;nan;0.0;0.0;278.0;0.0;278.0;1;2
33;31;nan;0.0;0.0;278.0;0.0;278.0;0;2
33;32;nan;0.0;0.0;278.0;0.0;278.0;0;2
33;33;nan;0.0;0.0;278.0;0.0;278.0;0;2
33;34;nan;0.0;0.0;278.0;0.0;278.0;0;2
33;35;nan;0.0;0.0;278.0;0.0;278.0;0;2
33;36;nan;0.0;0.0;278.0;0.0;278.0;0;2
33;37;nan;0.0;0.0;278.0;0.0;278.0;0;2
33;38;nan;0.0;0.0;278.0;0.0;278.0;0;2
33;39;nan;0.0;0.0;278.0;0.0;278.0;0;2
33;40;nan;0.0;0.0;278.0;0.0;278.0;0;2
33;41;nan;0.0;0.0;278.0;0.0;278.0;0;2
33;42;nan;0.0;0.0;278.0;0.0;278.0;0;2
33;43;nan;0.0;0.0;278.0;0.0;278.0;0;2
33;44;nan;0.0;0.0;278.0;0.0;278.0;0;2
33;45;nan;0.0;0.0;278.0;0.0;278.0;0;2
33;46;nan;0.0;0.0;278.0;0.0;278.0;0;2
33;47;nan;0.0;0.0;278.0;0.0;278.0;0;2
33;48;nan;0.0;0.0;278.0;0.0;278.0;0;2
33;49;nan;0.0;0.0;278.0;0.0;278.0;0;2
33;50;nan;0.0;0.0;278.0;0.0;278.0;0;2
33;51;nan;0.0;0.0;278.0;0.0;278.0;0;2
33;52;nan;0.0;0.0;278.0;0.0;278.0;0;2
33;53;nan;0.0;0.0;278.0;0.0;278.0;0;2
33;54;nan;0.0;0.0;278.0;0.0;278.0;0;2
33;55;nan;0.0;0.0;278.0;0.0;278.0;0;2
33;56;nan;0.0;0.0;278.0;0.0;278.0;0;2
33;57;nan;0.0;0.0;278.0;0.0;278.0;0;2
33;58;nan;0.0;0.0;278.0;0.0;278.0;0;2
33;59;nan;0.0;0.0;278.0;0.0;278.0;0;2
33;60;nan;0.0;0.0;278.0;0.0;278.0;0;2
33;61;nan;0.0;0.0;278.0;0.0;278.0;0;2
33;62;nan;0.0;0.0;278.0;0.0;278.0;0;2
33;63;nan;0.0;0.0;278.0;0.0;278.0;0;2
33;64;nan;0.0;0.0;278.0;0.0;278.0;0;2
33;65;nan;0.0;0.0;278.0;0.0;278.0;0;2
33;66;nan;0.0;0.0;278.0;0.0;278.0;0;2
33;67;nan;0.0;0.0;278.0;0.0;278.0;0;2
33;68;nan;0.0;0.0;278.0;0.0;278.0;0;2
33;69;nan;0.0;0.0;278.0;0.0;278.0;0;2
33;70;nan;0.0;0.0;278.0;0.0;278.0;0;2
33;71;nan;0.0;0.0;278.0;0.0;278.0;0;2
33;72;nan;0.0;0.0;278.0;0.0;278.0;0;2
33;73;nan;0.0;0.0;278.0;0.0;278.0;0;2
33;74;nan;0.0;0.0;278.0;0.0;278.0;0;2
33;75;nan;0.0;0.0;278.0;0.0;278.0;0;2
33;76;nan;0.0;0.0;278.0;0.0;278.0;0;2
33;77;nan;0.0;0.0;278.0;0.0;278.0;0;2
33;78;nan;0.0;0.0;278.0;0.0;278.0;0;2
33;79;nan;0.0;0.0;278.0;0.0;278.0;0;2
33;80;nan;0.0;0.0;278.0;0.0;278.0;0;2
33;81;nan;0.0;0.0;278.0;0.0;278.0;0;2
33;82;nan;0.0;0.0;278.0;0.0;278.0;0;2
33;83;nan;0.0;0.0;278.0;0.0;278.0;0;2
33;84;nan;0.0;0.0;278.0;0.0;278.0;0;2
33;85;nan;0.0;0.0;278.0;0.0;278.0;0;2
33;86;nan;0.0;0.0;278.0;0.0;278.0;0;2
33;87;nan;0.0;0.0;278.0;0.0;278.0;0;2
33;88;nan;0.0;0.0;278.0;0.0;278.0;0;2
33;89;nan;0.0;0.0;278.0;0.0;278.0;0;2
33;90;nan;0.0;0.0;278.0;0.0;278.0;0;2
33;91;nan;0.0;0.0;278.0;0.0;278.0;0;2
33;92;nan;0.0;0.0;278.0;0.0;278.0;0;2
33;93;nan;0.0;0.0;278.0;0.0;278.0;0;2
33;94;nan;0.0;0.0;278.0;0.0;278.0;0;2
33;95;nan;0.0;0.0;278.0;0.0;278.0;0;2
33;96;nan;0.0;0.0;278.0;0.0;278.0;0;2
33;97;nan;0.0;0.0;278.0;0.0;278.0;0;2
33;98;nan;0.0;0.0;278.0;0.0;278.0;0;2
33;99;nan;0.0;0.0;278.0;0.0;278.0;0;2
33;100;nan;0.0;0.0;278.0;0.0;278.0;0;2
33;101;nan;0.0;0.0;278.0;0.0;278.0;0;2
33;102;nan;0.0;0.0;278.0;0.0;278.0;0;2
33;103;nan;0.0;0.0;278.0;0.0;278.0;0;2
33;104;nan;0.0;0.0;278.0;0.0;278.0;0;2
33;105;nan;0.0;0.0;278.0;0.0;278.0;0;2
33;106;nan;0.0;0.0;278.0;0.0;278.0;0;2
33;107;nan;0.0;0.0;278.0;0.0;278.0;0;2
33;108;nan;0.0;0.0;278.0;0.0;278.0;0;2
33;109;nan;0.0;0.0;278.0;0.0;278.0;0;2
33;110;nan;0.0;0.0;278.0;0.0;278.0;0;2
33;111;nan;0.0;0.0;278.0;0.0;278.0;0;2
33;112;nan;0.0;0.0;278.0;0.0;278.0;0;2
33;113;nan;0.0;0.0;278.0;0.0;278.0;0;2
33;114;nan;0.0;0.0;278.0;0.0;278.0;0;2
33;115;nan;0.0;0.0;278.0;0.0;278.0;0;2
33;116;nan;0.0;0.0;278.0;0.0;278.0;0;2
33;117;nan;0.0;0.0;278.0;0.0;278.0;0;2
33;118;nan;0.0;0.0;278.0;0.0;278.0;0;2
33;119;nan;0.0;0.0;278.0;0.0;278.0;0;2
33;120;nan;0.0;0.0;278.0;0.0;278.0;0;2
33;121;nan;0.0;0.0;278.0;0.0;278.0;0;2
33;122;nan;0.0;0.0;278.0;0.0;278.0;0;2
33;123;nan;0.0;0.0;278.0;0.0;278.0;0;2
33;124;nan;0.0;0.0;278.0;0.0;278.0;0;2
33;125;nan;0.0;0.0;278.0;0.0;278.0;0;2
33;126;nan;0.0;0.0;278.0;0.0;278.0;0;2
33;127;nan;0.0;0.0;278.0;0.0;278.0;0;2
33;128;nan;0.0;0.0;278.0;0.0;278.0;0;2
33;129;nan;0.0;0.0;278.0;0.0;278.0;0;2
33;130;nan;0.0;0.0;278.0;0.0;278.0;0;2
33;131;nan;0.0;0.0;278.0;0.0;278.0;0;2
33;132;nan;0.0;0.0;278.0;0.0;278.0;0;2
33;133;nan;0.0;0.0;278.0;0.0;278.0;0;2
33;134;nan;0.0;0.0;278.0;0.0;278.0;0;2
33;135;nan;0.0;0.0;278.0;0.0;278.0;0;2
33;136;nan;0.0;0.0;278.0;0.0;278.0;0;2
33;137;nan;0.0;0.0;278.0;0.0;278.0;0;2
33;138;nan;0.0;0.0;278.0;0.0;278.0;0;2
33;139;nan;0.0;0.0;278.0;0.0;278.0;0;2
33;140;nan;0.0;0.0;278.0;0.0;278.0;0;2
33;141;nan;0.0;0.0;278.0;0.0;278.0;0;2
33;142;nan;0.0;0.0;278.0;0.0;278.0;0;2
33;143;nan;0.0;0.0;278.0;0.0;278.0;0;2
33;144;nan;0.0;0.0;278.0;0.0;278.0;0;2
33;145;nan;0.0;0.0;278.0;0.0;278.0;0;2
33;146;nan;0.0;0.0;278.0;0.0;278.0;0;2
33;147;nan;0.0;0.0;278.0;0.0;278.0;0;2
33;148;nan;0.0;0.0;278.0;0.0;278.0;0;2
33;149;nan;0.0;0.0;278.0;0.0;278.0;0;2
34;0;nan;0.0;0.0;275.0;0.0;275.0;1;1
34;1;nan;0.0;0.0;275.0;0.0;275.0;0;1
34;2;nan;0.0;0.0;275.0;0.0;275.0;0;1
34;3;nan;0.0;0.0;275.0;0.0;275.0;0;1
34;4;nan;0.0;0.0;275.0;0.0;275.0;0;1
34;5;nan;0.0;0.0;275.0;0.0;275.0;0;1
34;6;nan;0.0;0.0;275.0;0.0;275.0;0;1
34;7;nan;0.0;0.0;275.0;0.0;275.0;0;1
34;8;nan;0.0;0.0;275.0;0.0;275.0;0;1
34;9;nan;0.0;0.0;275.0;0.0;275.0;0;1
34;10;nan;0.0;0.0;275.0;0.0;275.0;0;1
34;11;nan;0.0;0.0;275.0;0.0;275.0;0;1
34;12;nan;0.0;0.0;275.0;0.0;275.0;0;1
34;13;nan;0.0;0.0;275.0;0.0;275.0;0;1
34;14;nan;0.0;0.0;275.0;0.0;275.0;0;1
34;15;nan;0.0;0.0;275.0;0.0;275.0;0;1
34;16;nan;0.0;0.0;275.0;0.0;275.0;0;1
34;17;nan;0.0;0.0;275.0;0.0;275.0;0;1
34;18;nan;0.0;0.0;275.0;0.0;275.0;0;1
34;19;nan;0.0;0.0;275.0;0.0;275.0;0;1
34;20;nan;0.0;0.0;275.0;0.0;275.0;0;1
34;21;nan;0.0;0.0;275.0;0.0;275.0;0;1
34;22;nan;0.0;0.0;275.0;0.0;275.0;0;1
34;23;nan;0.0;0.0;275.0;0.0;275.0;0;1
34;24;nan;0.0;0.0;275.0;0.0;275.0;0;1
34;25;nan;0.0;0.0;275.0;0.0;275.0;0;1
34;26;nan;0.0;0.0;275.0;0.0;275.0;0;1
34;27;nan;0.0;0.0;275.0;0.0;275.0;0;1
34;28;nan;0.0;0.0;275.0;0.0;275.0;0;1
34;29;nan;0.0;0.0;275.0;0.0;275.0;0;1
34;30;nan;0.0;0.0;275.0;0.0;275.0;0;1
34;31;nan;0.0;0.0;275.0;0.0;275.0;0;1
34;32;nan;0.0;0.0;275.0;0.0;275.0;0;1
34;33;nan;0.0;0.0;275.0;0.0;275.0;0;1
34;34;nan;0.0;0.0;275.0;0.0;275.0;0;1
34;35;nan;0.0;0.0;275.0;0.0;275.0;0;1
34;36;nan;0.0;0.0;275.0;0.0;275.0;0;1
34;37;nan;0.0;0.0;275.0;0.0;275.0;0;1
34;38;nan;0.0;0.0;275.0;0.0;275.0;0;1
34;39;nan;0.0;0.0;275.0;0.0;275.0;0;1
34;40;nan;0.0;0.0;275.0;0.0;275.0;0;1
34;41;nan;0.0;0.0;275.0;0.0;275.0;0;1
34;42;nan;0.0;0.0;275.0;0.0;275.0;0;1
34;43;nan;0.0;0.0;275.0;0.0;275.0;0;1
34;44;nan;0.0;0.0;275.0;0.0;275.0;0;1
34;45;nan;0.0;0.0;275.0;0.0;275.0;0;1
34;46;nan;0.0;0.0;275.0;0.0;275.0;0;1
34;47;nan;0.0;0.0;275.0;0.0;275.0;0;1
34;48;nan;0.0;0.0;275.0;0.0;275.0;0;1
34;49;nan;0.0;0.0;275.0;0.0;275.0;0;1
34;50;nan;0.0;0.0;275.0;0.0;275.0;0;1
34;51;nan;0.0;0.0;275.0;0.0;275.0;0;1
34;52;nan;0.0;0.0;275.0;0.0;275.0;0;1
34;53;nan;0.0;0.0;275.0;0.0;275.0;0;1
34;54;nan;0.0;0.0;275.0;0.0;275.0;0;1
34;55;nan;0.0;0.0;275.0;0.0;275.0;0;1
34;56;nan;0.0;0.0;275.0;0.0;275.0;0;1
34;57;nan;0.0;0.0;275.0;0.0;275.0;0;1
34;58;nan;0.0;0.0;275.0;0.0;275.0;0;1
34;59;nan;0.0;0.0;275.0;0.0;275.0;0;1
34;60;nan;0.0;0.0;275.0;0.0;275.0;0;1
34;61;nan;0.0;0.0;275.0;0.0;275.0;0;1
34;62;nan;0.0;0.0;275.0;0.0;275.0;0;1
34;63;nan;0.0;0.0;275.0;0.0;275.0;0;1
34;64;nan;0.0;0.0;275.0;0.0;275.0;0;1
34;65;nan;0.0;0.0;275.0;0.0;275.0;0;1
34;66;nan;0.0;0.0;275.0;0.0;275.0;0;1
34;67;nan;0.0;0.0;275.0;0.0;275.0;0;1
34;68;nan;0.0;0.0;275.0;0.0;275.0;0;1
34;69;nan;0.0;0.0;275.0;0.0;275.0;0;1
34;70;nan;0.0;0.0;275.0;0.0;275.0;0;1
34;71;nan;0.0;0.0;275.0;0.0;275.0;0;1
34;72;nan;0.0;0.0;275.0;0.0;275.0;0;1
34;73;nan;0.0;0.0;275.0;0.0;275.0;0;1
34;74;nan;0.0;0.0;275.0;0.0;275.0;0;1
34;75;nan;0.0;0.0;275.0;0.0;275.0;0;1
34;76;nan;0.0;0.0;275.0;0.0;275.0;0;1
34;77;nan;0.0;0.0;275.0;0.0;275.0;0;1
34;78;nan;0.0;0.0;275.0;0.0;275.0;0;1
34;79;nan;0.0;0.0;275.0;0.0;275.0;0;1
34;80;nan;0.0;0.0;275.0;0.0;275.0;0;1
34;81;nan;0.0;0.0;275.0;0.0;275.0;0;1
34;82;nan;0.0;0.0;275.0;0.0;275.0;0;1
34;83;nan;0.0;0.0;275.0;0.0;275.0;0;1
34;84;nan;0.0;0.0;275.0;0.0;275.0;0;1
34;85;nan;0.0;0.0;275.0;0.0;275.0;0;1
34;86;nan;0.0;0.0;275.0;0.0;275.0;0;1
34;87;nan;0.0;0.0;275.0;0.0;275.0;0;1
34;88;nan;0.0;0.0;275.0;0.0;275.0;0;1
34;89;nan;0.0;0.0;275.0;0.0;275.0;0;1
34;90;nan;0.0;0.0;275.0;0.0;275.0;0;1
34;91;nan;0.0;0.0;275.0;0.0;275.0;0;1
34;92;nan;0.0;0.0;275.0;0.0;275.0;0;1
34;93;nan;0.0;0.0;275.0;0.0;275.0;0;1
34;94;nan;0.0;0.0;275.0;0.0;275.0;0;1
34;95;nan;0.0;0.0;275.0;0.0;275.0;0;1
34;96;nan;0.0;0.0;275.0;0.0;275.0;0;1
34;97;nan;0.0;0.0;275.0;0.0;275.0;0;1
34;98;nan;0.0;0.0;275.0;0.0;275.0;0;1
34;99;nan;0.0;0.0;275.0;0.0;275.0;0;1
34;100;nan;0.0;0.0;275.0;0.0;275.0;0;1
34;101;nan;0.0;0.0;275.0;0.0;275.0;0;1
34;102;nan;0.0;0.0;275.0;0.0;275.0;0;1
34;103;nan;0.0;0.0;275.0;0.0;275.0;0;1
34;104;nan;0.0;0.0;275.0;0.0;275.0;0;1
34;105;nan;0.0;0.0;275.0;0.0;275.0;0;1
34;106;nan;0.0;0.0;275.0;0.0;275.0;0;1
34;107;nan;0.0;0.0;275.0;0.0;275.0;0;1
34;108;nan;0.0;0.0;275.0;0.0;275.0;0;1
34;109;nan;0.0;0.0;275.0;0.0;275.0;0;1
34;110;nan;0.0;0.0;275.0;0.0;275.0;0;1
34;111;nan;0.0;0.0;275.0;0.0;275.0;0;1
34;112;nan;0.0;0.0;275.0;0.0;275.0;0;1
34;113;nan;0.0;0.0;275.0;0.0;275.0;0;1
34;114;nan;0.0;0.0;275.0;0.0;275.0;0;1
34;115;nan;0.0;0.0;275.0;0.0;275.0;0;1
34;116;nan;0.0;0.0;275.0;0.0;275.0;0;1
34;117;nan;0.0;0.0;275.0;0.0;275.0;0;1
34;118;nan;0.0;0.0;275.0;0.0;275.0;0;1
34;119;nan;0.0;0.0;275.0;0.0;275.0;0;1
34;120;nan;0.0;0.0;275.0;0.0;275.0;0;1
34;121;nan;0.0;0.0;275.0;0.0;275.0;0;1
34;122;nan;0.0;0.0;275.0;0.0;275.0;0;1
34;123;nan;0.0;0.0;275.0;0.0;275.0;0;1
34;124;nan;0.0;0.0;275.0;0.0;275.0;0;1
34;125;nan;0.0;0.0;275.0;0.0;275.0;0;1
34;126;nan;0.0;0.0;275.0;0.0;275.0;0;1
34;127;nan;0.0;0.0;275.0;0.0;275.0;0;1
34;128;nan;0.0;0.0;275.0;0.0;275.0;0;1
34;129;nan;0.0;0.0;275.0;0.0;275.0;0;1
34;130;nan;0.0;0.0;275.0;0.0;275.0;0;1
34;131;nan;0.0;0.0;275.0;0.0;275.0;0;1
34;132;nan;0.0;0.0;275.0;0.0;275.0;0;1
34;133;nan;0.0;0.0;275.0;0.0;275.0;0;1
34;134;nan;0.0;0.0;275.0;0.0;275.0;0;1
34;135;nan;0.0;0.0;275.0;0.0;275.0;0;1
34;136;nan;0.0;0.0;275.0;0.0;275.0;0;1
34;137;nan;0.0;0.0;275.0;0.0;275.0;0;1
34;138;nan;0.0;0.0;275.0;0.0;275.0;0;1
34;139;nan;0.0;0.0;275.0;0.0;275.0;0;1
34;140;nan;0.0;0.0;275.0;0.0;275.0;0;1
34;141;nan;0.0;0.0;275.0;0.0;275.0;0;1
34;142;nan;0.0;0.0;275.0;0.0;275.0;0;1
34;143;nan;0.0;0.0;275.0;0.0;275.0;0;1
34;144;nan;0.0;0.0;275.0;0.0;275.0;0;1
34;145;nan;0.0;0.0;275.0;0.0;275.0;0;1
34;146;nan;0.0;0.0;275.0;0.0;275.0;0;1
34;147;nan;0.0;0.0;275.0;0.0;275.0;0;1
34;148;nan;0.0;0.0;275.0;0.0;275.0;0;1
34;149;nan;0.0;0.0;275.0;0.0;275.0;0;1
35;0;nan;0.0;0.0;284.0;0.0;284.0;1;1
35;1;nan;0.0;0.0;284.0;0.0;284.0;0;1
35;2;nan;0.0;0.0;284.0;0.0;284.0;0;1
35;3;nan;0.0;0.0;284.0;0.0;284.0;0;1
35;4;nan;0.0;0.0;284.0;0.0;284.0;0;1
35;5;nan;0.0;0.0;284.0;0.0;284.0;0;1
35;6;nan;0.0;0.0;284.0;0.0;284.0;0;1
35;7;nan;0.0;0.0;284.0;0.0;284.0;0;1
35;8;nan;0.0;0.0;284.0;0.0;284.0;0;1
35;9;nan;0.0;0.0;284.0;0.0;284.0;0;1
35;10;nan;0.0;0.0;284.0;0.0;284.0;0;1
35;11;nan;0.0;0.0;284.0;0.0;284.0;0;1
35;12;nan;0.0;0.0;284.0;0.0;284.0;0;1
35;13;nan;0.0;0.0;284.0;0.0;284.0;0;1
35;14;nan;0.0;0.0;284.0;0.0;284.0;0;1
35;15;nan;0.0;0.0;284.0;0.0;284.0;0;1
35;16;nan;0.0;0.0;284.0;0.0;284.0;0;1
35;17;nan;0.0;0.0;284.0;0.0;284.0;0;1
35;18;nan;0.0;0.0;284.0;0.0;284.0;0;1
35;19;nan;0.0;0.0;284.0;0.0;284.0;0;1
35;20;nan;0.0;0.0;284.0;0.0;284.0;0;1
35;21;nan;0.0;0.0;284.0;0.0;284.0;0;1
35;22;nan;0.0;0.0;284.0;0.0;284.0;0;1
35;23;nan;0.0;0.0;284.0;0.0;284.0;0;1
35;24;nan;0.0;0.0;284.0;0.0;284.0;0;1
35;25;nan;0.0;0.0;284.0;0.0;284.0;0;1
35;26;nan;0.0;0.0;284.0;0.0;284.0;0;1
35;27;nan;0.0;0.0;284.0;0.0;284.0;0;1
35;28;nan;0.0;0.0;284.0;0.0;284.0;0;1
35;29;nan;0.0;0.0;284.0;0.0;284.0;0;1
35;30;nan;0.0;0.0;284.0;0.0;284.0;0;1
35;31;nan;0.0;0.0;284.0;0.0;284.0;0;1
35;32;nan;0.0;0.0;284.0;0.0;284.0;0;1
35;33;nan;0.0;0.0;284.0;0.0;284.0;0;1
35;34;nan;0.0;0.0;284.0;0.0;284.0;0;1
35;35;nan;0.0;0.0;284.0;0.0;284.0;0;1
35;36;nan;0.0;0.0;284.0;0.0;284.0;0;1
35;37;nan;0.0;0.0;284.0;0.0;284.0;0;1
35;38;nan;0.0;0.0;284.0;0.0;284.0;0;1
35;39;nan;0.0;0.0;284.0;0.0;284.0;0;1
35;40;nan;0.0;0.0;284.0;0.0;284.0;0;1
35;41;nan;0.0;0.0;284.0;0.0;284.0;0;1
35;42;nan;0.0;0.0;284.0;0.0;284.0;0;1
35;43;nan;0.0;0.0;284.0;0.0;284.0;0;1
35;44;nan;0.0;0.0;284.0;0.0;284.0;0;1
35;45;nan;0.0;0.0;284.0;0.0;284.0;0;1
35;46;nan;0.0;0.0;284.0;0.0;284.0;0;1
35;47;nan;0.0;0.0;284.0;0.0;284.0;0;1
35;48;nan;0.0;0.0;284.0;0.0;284.0;0;1
35;49;nan;0.0;0.0;284.0;0.0;284.0;0;1
35;50;nan;0.0;0.0;284.0;0.0;284.0;0;1
35;51;nan;0.0;0.0;284.0;0.0;284.0;0;1
35;52;nan;0.0;0.0;284.0;0.0;284.0;0;1
35;53;nan;0.0;0.0;284.0;0.0;284.0;0;1
35;54;nan;0.0;0.0;284.0;0.0;284.0;0;1
35;55;nan;0.0;0.0;284.0;0.0;284.0;0;1
35;56;nan;0.0;0.0;284.0;0.0;284.0;0;1
35;57;nan;0.0;0.0;284.0;0.0;284.0;0;1
35;58;nan;0.0;0.0;284.0;0.0;284.0;0;1
35;59;nan;0.0;0.0;284.0;0.0;284.0;0;1
35;60;nan;0.0;0.0;283.0;0.0;283.0;1;2
35;61;nan;0.0;0.0;321.0;0.0;283.0;0;2
35;62;nan;0.0;0.0;288.0;0.0;283.0;0;2
35;63;nan;0.0;0.0;288.0;0.0;283.0;0;2
35;64;nan;0.0;0.0;289.0;0.0;283.0;0;2
35;65;nan;0.0;0.0;286.0;0.0;283.0;0;2
35;66;nan;0.0;0.0;287.0;0.0;283.0;0;2
35;67;nan;0.0;0.0;293.0;0.0;283.0;0;2
35;68;nan;0.0;0.0;304.0;0.0;283.0;0;2
35;69;nan;0.0;0.0;289.0;0.0;283.0;0;2
35;70;nan;0.0;0.0;283.0;0.0;283.0;0;2
35;71;nan;0.0;0.0;299.0;0.0;283.0;0;2
35;72;nan;0.0;0.0;284.0;0.0;283.0;0;2
35;73;nan;0.0;0.0;311.0;0.0;283.0;0;2
35;74;nan;0.0;0.0;284.0;0.0;283.0;0;2
35;75;nan;0.0;0.0;277.0;0.0;277.0;1;3
35;76;nan;0.0;0.0;277.0;0.0;277.0;0;3
35;77;nan;0.0;0.0;277.0;0.0;277.0;0;3
35;78;nan;0.0;0.0;277.0;0.0;277.0;0;3
35;79;nan;0.0;0.0;277.0;0.0;277.0;0;3
35;80;nan;0.0;0.0;277.0;0.0;277.0;0;3
35;81;nan;0.0;0.0;277.0;0.0;277.0;0;3
35;82;nan;0.0;0.0;277.0;0.0;277.0;0;3
35;83;nan;0.0;0.0;277.0;0.0;277.0;0;3
35;84;nan;0.0;0.0;277.0;0.0;277.0;0;3
35;85;nan;0.0;0.0;277.0;0.0;277.0;0;3
35;86;nan;0.0;0.0;277.0;0.0;277.0;0;3
35;87;nan;0.0;0.0;277.0;0.0;277.0;0;3
35;88;nan;0.0;0.0;277.0;0.0;277.0;0;3
35;89;nan;0.0;0.0;277.0;0.0;277.0;0;3
35;90;nan;0.0;0.0;277.0;0.0;277.0;0;3
35;91;nan;0.0;0.0;277.0;0.0;277.0;0;3
35;92;nan;0.0;0.0;277.0;0.0;277.0;0;3
35;93;nan;0.0;0.0;277.0;0.0;277.0;0;3
35;94;nan;0.0;0.0;277.0;0.0;277.0;0;3
35;95;nan;0.0;0.0;277.0;0.0;277.0;0;3
35;96;nan;0.0;0.0;277.0;0.0;277.0;0;3
35;97;nan;0.0;0.0;277.0;0.0;277.0;0;3
35;98;nan;0.0;0.0;277.0;0.0;277.0;0;3
35;99;nan;0.0;0.0;277.0;0.0;277.0;0;3
35;100;nan;0.0;0.0;277.0;0.0;277.0;0;3
35;101;nan;0.0;0.0;277.0;0.0;277.0;0;3
35;102;nan;0.0;0.0;277.0;0.0;277.0;0;3
35;103;nan;0.0;0.0;277.0;0.0;277.0;0;3
35;104;nan;0.0;0.0;277.0;0.0;277.0;0;3
35;105;nan;0.0;0.0;277.0;0.0;277.0;0;3
35;106;nan;0.0;0.0;277.0;0.0;277.0;0;3
35;107;nan;0.0;0.0;277.0;0.0;277.0;0;3
35;108;nan;0.0;0.0;277.0;0.0;277.0;0;3
35;109;nan;0.0;0.0;277.0;0.0;277.0;0;3
35;110;nan;0.0;0.0;277.0;0.0;277.0;0;3
35;111;nan;0.0;0.0;277.0;0.0;277.0;0;3
35;112;nan;0.0;0.0;277.0;0.0;277.0;0;3
35;113;nan;0.0;0.0;277.0;0.0;277.0;0;3
35;114;nan;0.0;0.0;277.0;0.0;277.0;0;3
35;115;nan;0.0;0.0;277.0;0.0;277.0;0;3
35;116;nan;0.0;0.0;277.0;0.0;277.0;0;3
35;117;nan;0.0;0.0;277.0;0.0;277.0;0;3
35;118;nan;0.0;0.0;277.0;0.0;277.0;0;3
35;119;nan;0.0;0.0;277.0;0.0;277.0;0;3
35;120;nan;0.0;0.0;277.0;0.0;277.0;0;3
35;121;nan;0.0;0.0;277.0;0.0;277.0;0;3
35;122;nan;0.0;0.0;277.0;0.0;277.0;0;3
35;123;nan;0.0;0.0;277.0;0.0;277.0;0;3
35;124;nan;0.0;0.0;277.0;0.0;277.0;0;3
35;125;nan;0.0;0.0;277.0;0.0;277.0;0;3
35;126;nan;0.0;0.0;277.0;0.0;277.0;0;3
35;127;nan;0.0;0.0;277.0;0.0;277.0;0;3
35;128;nan;0.0;0.0;277.0;0.0;277.0;0;3
35;129;nan;0.0;0.0;277.0;0.0;277.0;0;3
35;130;nan;0.0;0.0;277.0;0.0;277.0;0;3
35;131;nan;0.0;0.0;277.0;0.0;277.0;0;3
35;132;nan;0.0;0.0;277.0;0.0;277.0;0;3
35;133;nan;0.0;0.0;277.0;0.0;277.0;0;3
35;134;nan;0.0;0.0;277.0;0.0;277.0;0;3
35;135;nan;0.0;0.0;277.0;0.0;277.0;0;3
35;136;nan;0.0;0.0;277.0;0.0;277.0;0;3
35;137;nan;0.0;0.0;277.0;0.0;277.0;0;3
35;138;nan;0.0;0.0;277.0;0.0;277.0;0;3
35;139;nan;0.0;0.0;277.0;0.0;277.0;0;3
35;140;nan;0.0;0.0;277.0;0.0;277.0;0;3
35;141;nan;0.0;0.0;277.0;0.0;277.0;0;3
35;142;nan;0.0;0.0;277.0;0.0;277.0;0;3
35;143;nan;0.0;0.0;277.0;0.0;277.0;0;3
35;144;nan;0.0;0.0;277.0;0.0;277.0;0;3
35;145;nan;0.0;0.0;277.0;0.0;277.0;0;3
35;146;nan;0.0;0.0;277.0;0.0;277.0;0;3
35;147;nan;0.0;0.0;277.0;0.0;277.0;0;3
35;148;nan;0.0;0.0;277.0;0.0;277.0;0;3
35;149;nan;0.0;0.0;277.0;0.0;277.0;0;3
36;0;nan;0.0;0.0;297.0;0.0;273.0;1;1
36;1;nan;0.0;0.0;273.0;0.0;273.0;0;1
36;2;nan;0.0;0.0;273.0;0.0;273.0;0;1
36;3;nan;0.0;0.0;273.0;0.0;273.0;0;1
36;4;nan;0.0;0.0;273.0;0.0;273.0;0;1
36;5;nan;0.0;0.0;273.0;0.0;273.0;0;1
36;6;nan;0.0;0.0;273.0;0.0;273.0;0;1
36;7;nan;0.0;0.0;273.0;0.0;273.0;0;1
36;8;nan;0.0;0.0;273.0;0.0;273.0;0;1
36;9;nan;0.0;0.0;273.0;0.0;273.0;0;1
36;10;nan;0.0;0.0;273.0;0.0;273.0;0;1
36;11;nan;0.0;0.0;273.0;0.0;273.0;0;1
36;12;nan;0.0;0.0;273.0;0.0;273.0;0;1
36;13;nan;0.0;0.0;273.0;0.0;273.0;0;1
36;14;nan;0.0;0.0;273.0;0.0;273.0;0;1
36;15;nan;0.0;0.0;273.0;0.0;273.0;0;1
36;16;nan;0.0;0.0;273.0;0.0;273.0;0;1
36;17;nan;0.0;0.0;273.0;0.0;273.0;0;1
36;18;nan;0.0;0.0;273.0;0.0;273.0;0;1
36;19;nan;0.0;0.0;273.0;0.0;273.0;0;1
36;20;nan;0.0;0.0;273.0;0.0;273.0;0;1
36;21;nan;0.0;0.0;273.0;0.0;273.0;0;1
36;22;nan;0.0;0.0;273.0;0.0;273.0;0;1
36;23;nan;0.0;0.0;273.0;0.0;273.0;0;1
36;24;nan;0.0;0.0;273.0;0.0;273.0;0;1
36;25;nan;0.0;0.0;273.0;0.0;273.0;0;1
36;26;nan;0.0;0.0;273.0;0.0;273.0;0;1
36;27;nan;0.0;0.0;273.0;0.0;273.0;0;1
36;28;nan;0.0;0.0;273.0;0.0;273.0;0;1
36;29;nan;0.0;0.0;273.0;0.0;273.0;0;1
36;30;nan;0.0;0.0;273.0;0.0;273.0;0;1
36;31;nan;0.0;0.0;273.0;0.0;273.0;0;1
36;32;nan;0.0;0.0;273.0;0.0;273.0;0;1
36;33;nan;0.0;0.0;273.0;0.0;273.0;0;1
36;34;nan;0.0;0.0;273.0;0.0;273.0;0;1
36;35;nan;0.0;0.0;273.0;0.0;273.0;0;1
36;36;nan;0.0;0.0;273.0;0.0;273.0;0;1
36;37;nan;0.0;0.0;273.0;0.0;273.0;0;1
36;38;nan;0.0;0.0;273.0;0.0;273.0;0;1
36;39;nan;0.0;0.0;273.0;0.0;273.0;0;1
36;40;nan;0.0;0.0;273.0;0.0;273.0;0;1
36;41;nan;0.0;0.0;273.0;0.0;273.0;0;1
36;42;nan;0.0;0.0;273.0;0.0;273.0;0;1
36;43;nan;0.0;0.0;273.0;0.0;273.0;0;1
36;44;nan;0.0;0.0;273.0;0.0;273.0;0;1
36;45;nan;0.0;0.0;273.0;0.0;273.0;0;1
36;46;nan;0.0;0.0;273.0;0.0;273.0;0;1
36;47;nan;0.0;0.0;273.0;0.0;273.0;0;1
36;48;nan;0.0;0.0;273.0;0.0;273.0;0;1
36;49;nan;0.0;0.0;273.0;0.0;273.0;0;1
36;50;nan;0.0;0.0;273.0;0.0;273.0;0;1
36;51;nan;0.0;0.0;273.0;0.0;273.0;0;1
36;52;nan;0.0;0.0;273.0;0.0;273.0;0;1
36;53;nan;0.0;0.0;273.0;0.0;273.0;0;1
36;54;nan;0.0;0.0;273.0;0.0;273.0;0;1
36;55;nan;0.0;0.0;273.0;0.0;273.0;0;1
36;56;nan;0.0;0.0;273.0;0.0;273.0;0;1
36;57;nan;0.0;0.0;273.0;0.0;273.0;0;1
36;58;nan;0.0;0.0;273.0;0.0;273.0;0;1
36;59;nan;0.0;0.0;273.0;0.0;273.0;0;1
36;60;nan;0.0;0.0;273.0;0.0;273.0;0;1
36;61;nan;0.0;0.0;273.0;0.0;273.0;0;1
36;62;nan;0.0;0.0;273.0;0.0;273.0;0;1
36;63;nan;0.0;0.0;273.0;0.0;273.0;0;1
36;64;nan;0.0;0.0;273.0;0.0;273.0;0;1
36;65;nan;0.0;0.0;273.0;0.0;273.0;0;1
36;66;nan;0.0;0.0;273.0;0.0;273.0;0;1
36;67;nan;0.0;0.0;273.0;0.0;273.0;0;1
36;68;nan;0.0;0.0;273.0;0.0;273.0;0;1
36;69;nan;0.0;0.0;273.0;0.0;273.0;0;1
36;70;nan;0.0;0.0;273.0;0.0;273.0;0;1
36;71;nan;0.0;0.0;273.0;0.0;273.0;0;1
36;72;nan;0.0;0.0;273.0;0.0;273.0;0;1
36;73;nan;0.0;0.0;273.0;0.0;273.0;0;1
36;74;nan;0.0;0.0;273.0;0.0;273.0;0;1
36;75;nan;0.0;0.0;273.0;0.0;273.0;0;1
36;76;nan;0.0;0.0;273.0;0.0;273.0;0;1
36;77;nan;0.0;0.0;273.0;0.0;273.0;0;1
36;78;nan;0.0;0.0;273.0;0.0;273.0;0;1
36;79;nan;0.0;0.0;273.0;0.0;273.0;0;1
36;80;nan;0.0;0.0;273.0;0.0;273.0;0;1
36;81;nan;0.0;0.0;273.0;0.0;273.0;0;1
36;82;nan;0.0;0.0;273.0;0.0;273.0;0;1
36;83;nan;0.0;0.0;273.0;0.0;273.0;0;1
36;84;nan;0.0;0.0;273.0;0.0;273.0;0;1
36;85;nan;0.0;0.0;273.0;0.0;273.0;0;1
36;86;nan;0.0;0.0;273.0;0.0;273.0;0;1
36;87;nan;0.0;0.0;273.0;0.0;273.0;0;1
36;88;nan;0.0;0.0;273.0;0.0;273.0;0;1
36;89;nan;0.0;0.0;273.0;0.0;273.0;0;1
36;90;nan;0.0;0.0;273.0;0.0;273.0;0;1
36;91;nan;0.0;0.0;273.0;0.0;273.0;0;1
36;92;nan;0.0;0.0;273.0;0.0;273.0;0;1
36;93;nan;0.0;0.0;273.0;0.0;273.0;0;1
36;94;nan;0.0;0.0;273.0;0.0;273.0;0;1
36;95;nan;0.0;0.0;273.0;0.0;273.0;0;1
36;96;nan;0.0;0.0;273.0;0.0;273.0;0;1
36;97;nan;0.0;0.0;273.0;0.0;273.0;0;1
36;98;nan;0.0;0.0;273.0;0.0;273.0;0;1
36;99;nan;0.0;0.0;273.0;0.0;273.0;0;1
36;100;nan;0.0;0.0;273.0;0.0;273.0;0;1
36;101;nan;0.0;0.0;273.0;0.0;273.0;0;1
36;102;nan;0.0;0.0;273.0;0.0;273.0;0;1
36;103;nan;0.0;0.0;273.0;0.0;273.0;0;1
36;104;nan;0.0;0.0;273.0;0.0;273.0;0;1
36;105;nan;0.0;0.0;273.0;0.0;273.0;0;1
36;106;nan;0.0;0.0;273.0;0.0;273.0;0;1
36;107;nan;0.0;0.0;273.0;0.0;273.0;0;1
36;108;nan;0.0;0.0;273.0;0.0;273.0;0;1
36;109;nan;0.0;0.0;273.0;0.0;273.0;0;1
36;110;nan;0.0;0.0;273.0;0.0;273.0;0;1
36;111;nan;0.0;0.0;273.0;0.0;273.0;0;1
36;112;nan;0.0;0.0;273.0;0.0;273.0;0;1
36;113;nan;0.0;0.0;273.0;0.0;273.0;0;1
36;114;nan;0.0;0.0;273.0;0.0;273.0;0;1
36;115;nan;0.0;0.0;273.0;0.0;273.0;0;1
36;116;nan;0.0;0.0;273.0;0.0;273.0;0;1
36;117;nan;0.0;0.0;273.0;0.0;273.0;0;1
36;118;nan;0.0;0.0;273.0;0.0;273.0;0;1
36;119;nan;0.0;0.0;273.0;0.0;273.0;0;1
36;120;nan;0.0;0.0;273.0;0.0;273.0;0;1
36;121;nan;0.0;0.0;273.0;0.0;273.0;0;1
36;122;nan;0.0;0.0;273.0;0.0;273.0;0;1
36;123;nan;0.0;0.0;273.0;0.0;273.0;0;1
36;124;nan;0.0;0.0;273.0;0.0;273.0;0;1
36;125;nan;0.0;0.0;273.0;0.0;273.0;0;1
36;126;nan;0.0;0.0;273.0;0.0;273.0;0;1
36;127;nan;0.0;0.0;273.0;0.0;273.0;0;1
36;128;nan;0.0;0.0;273.0;0.0;273.0;0;1
36;129;nan;0.0;0.0;273.0;0.0;273.0;0;1
36;130;nan;0.0;0.0;273.0;0.0;273.0;0;1
36;131;nan;0.0;0.0;273.0;0.0;273.0;0;1
36;132;nan;0.0;0.0;273.0;0.0;273.0;0;1
36;133;nan;0.0;0.0;273.0;0.0;273.0;0;1
36;134;nan;0.0;0.0;273.0;0.0;273.0;0;1
36;135;nan;0.0;0.0;273.0;0.0;273.0;0;1
36;136;nan;0.0;0.0;273.0;0.0;273.0;0;1
36;137;nan;0.0;0.0;273.0;0.0;273.0;0;1
36;138;nan;0.0;0.0;273.0;0.0;273.0;0;1
36;139;nan;0.0;0.0;273.0;0.0;273.0;0;1
36;140;nan;0.0;0.0;273.0;0.0;273.0;0;1
36;141;nan;0.0;0.0;273.0;0.0;273.0;0;1
36;142;nan;0.0;0.0;273.0;0.0;273.0;0;1
36;143;nan;0.0;0.0;273.0;0.0;273.0;0;1
36;144;nan;0.0;0.0;273.0;0.0;273.0;0;1
36;145;nan;0.0;0.0;273.0;0.0;273.0;0;1
36;146;nan;0.0;0.0;273.0;0.0;273.0;0;1
36;147;nan;0.0;0.0;273.0;0.0;273.0;0;1
36;148;nan;0.0;0.0;273.0;0.0;273.0;0;1
36;149;nan;0.0;0.0;273.0;0.0;273.0;0;1
37;0;nan;0.0;0.0;287.0;0.0;284.0;1;1
37;1;nan;0.0;0.0;284.0;0.0;284.0;0;1
37;2;nan;0.0;0.0;284.0;0.0;284.0;0;1
37;3;nan;0.0;0.0;284.0;0.0;284.0;0;1
37;4;nan;0.0;0.0;284.0;0.0;284.0;0;1
37;5;nan;0.0;0.0;284.0;0.0;284.0;0;1
37;6;nan;0.0;0.0;284.0;0.0;284.0;0;1
37;7;nan;0.0;0.0;284.0;0.0;284.0;0;1
37;8;nan;0.0;0.0;284.0;0.0;284.0;0;1
37;9;nan;0.0;0.0;284.0;0.0;284.0;0;1
37;10;nan;0.0;0.0;284.0;0.0;284.0;0;1
37;11;nan;0.0;0.0;284.0;0.0;284.0;0;1
37;12;nan;0.0;0.0;284.0;0.0;284.0;0;1
37;13;nan;0.0;0.0;284.0;0.0;284.0;0;1
37;14;nan;0.0;0.0;284.0;0.0;284.0;0;1
37;15;nan;0.0;0.0;284.0;0.0;284.0;0;1
37;16;nan;0.0;0.0;284.0;0.0;284.0;0;1
37;17;nan;0.0;0.0;284.0;0.0;284.0;0;1
37;18;nan;0.0;0.0;284.0;0.0;284.0;0;1
37;19;nan;0.0;0.0;284.0;0.0;284.0;0;1
37;20;nan;0.0;0.0;284.0;0.0;284.0;0;1
37;21;nan;0.0;0.0;284.0;0.0;284.0;0;1
37;22;nan;0.0;0.0;284.0;0.0;284.0;0;1
37;23;nan;0.0;0.0;284.0;0.0;284.0;0;1
37;24;nan;0.0;0.0;284.0;0.0;284.0;0;1
37;25;nan;0.0;0.0;284.0;0.0;284.0;0;1
37;26;nan;0.0;0.0;284.0;0.0;284.0;0;1
37;27;nan;0.0;0.0;284.0;0.0;284.0;0;1
37;28;nan;0.0;0.0;284.0;0.0;284.0;0;1
37;29;nan;0.0;0.0;284.0;0.0;284.0;0;1
37;30;nan;0.0;0.0;284.0;0.0;284.0;0;1
37;31;nan;0.0;0.0;284.0;0.0;284.0;0;1
37;32;nan;0.0;0.0;284.0;0.0;284.0;0;1
37;33;nan;0.0;0.0;284.0;0.0;284.0;0;1
37;34;nan;0.0;0.0;284.0;0.0;284.0;0;1
37;35;nan;0.0;0.0;284.0;0.0;284.0;0;1
37;36;nan;0.0;0.0;284.0;0.0;284.0;0;1
37;37;nan;0.0;0.0;284.0;0.0;284.0;0;1
37;38;nan;0.0;0.0;284.0;0.0;284.0;0;1
37;39;nan;0.0;0.0;284.0;0.0;284.0;0;1
37;40;nan;0.0;0.0;284.0;0.0;284.0;0;1
37;41;nan;0.0;0.0;284.0;0.0;284.0;0;1
37;42;nan;0.0;0.0;284.0;0.0;284.0;0;1
37;43;nan;0.0;0.0;284.0;0.0;284.0;0;1
37;44;nan;0.0;0.0;284.0;0.0;284.0;0;1
37;45;nan;0.0;0.0;284.0;0.0;284.0;0;1
37;46;nan;0.0;0.0;284.0;0.0;284.0;0;1
37;47;nan;0.0;0.0;284.0;0.0;284.0;0;1
37;48;nan;0.0;0.0;284.0;0.0;284.0;0;1
37;49;nan;0.0;0.0;284.0;0.0;284.0;0;1
37;50;nan;0.0;0.0;284.0;0.0;284.0;0;1
37;51;nan;0.0;0.0;284.0;0.0;284.0;0;1
37;52;nan;0.0;0.0;284.0;0.0;284.0;0;1
37;53;nan;0.0;0.0;284.0;0.0;284.0;0;1
37;54;nan;0.0;0.0;284.0;0.0;284.0;0;1
37;55;nan;0.0;0.0;284.0;0.0;284.0;0;1
37;56;nan;0.0;0.0;284.0;0.0;284.0;0;1
37;57;nan;0.0;0.0;284.0;0.0;284.0;0;1
37;58;nan;0.0;0.0;284.0;0.0;284.0;0;1
37;59;nan;0.0;0.0;284.0;0.0;284.0;0;1
37;60;nan;0.0;0.0;278.0;0.0;278.0;1;2
37;61;nan;0.0;0.0;277.0;0.0;277.0;1;3
37;62;nan;0.0;0.0;277.0;0.0;277.0;0;3
37;63;nan;0.0;0.0;277.0;0.0;277.0;0;3
37;64;nan;0.0;0.0;277.0;0.0;277.0;0;3
37;65;nan;0.0;0.0;277.0;0.0;277.0;0;3
37;66;nan;0.0;0.0;277.0;0.0;277.0;0;3
37;67;nan;0.0;0.0;277.0;0.0;277.0;0;3
37;68;nan;0.0;0.0;277.0;0.0;277.0;0;3
37;69;nan;0.0;0.0;277.0;0.0;277.0;0;3
37;70;nan;0.0;0.0;277.0;0.0;277.0;0;3
37;71;nan;0.0;0.0;277.0;0.0;277.0;0;3
37;72;nan;0.0;0.0;277.0;0.0;277.0;0;3
37;73;nan;0.0;0.0;277.0;0.0;277.0;0;3
37;74;nan;0.0;0.0;277.0;0.0;277.0;0;3
37;75;nan;0.0;0.0;277.0;0.0;277.0;0;3
37;76;nan;0.0;0.0;277.0;0.0;277.0;0;3
37;77;nan;0.0;0.0;277.0;0.0;277.0;0;3
37;78;nan;0.0;0.0;277.0;0.0;277.0;0;3
37;79;nan;0.0;0.0;277.0;0.0;277.0;0;3
37;80;nan;0.0;0.0;277.0;0.0;277.0;0;3
37;81;nan;0.0;0.0;277.0;0.0;277.0;0;3
37;82;nan;0.0;0.0;277.0;0.0;277.0;0;3
37;83;nan;0.0;0.0;277.0;0.0;277.0;0;3
37;84;nan;0.0;0.0;277.0;0.0;277.0;0;3
37;85;nan;0.0;0.0;277.0;0.0;277.0;0;3
37;86;nan;0.0;0.0;277.0;0.0;277.0;0;3
37;87;nan;0.0;0.0;277.0;0.0;277.0;0;3
37;88;nan;0.0;0.0;277.0;0.0;277.0;0;3
37;89;nan;0.0;0.0;277.0;0.0;277.0;0;3
37;90;nan;0.0;0.0;277.0;0.0;277.0;0;3
37;91;nan;0.0;0.0;277.0;0.0;277.0;0;3
37;92;nan;0.0;0.0;277.0;0.0;277.0;0;3
37;93;nan;0.0;0.0;277.0;0.0;277.0;0;3
37;94;nan;0.0;0.0;277.0;0.0;277.0;0;3
37;95;nan;0.0;0.0;277.0;0.0;277.0;0;3
37;96;nan;0.0;0.0;277.0;0.0;277.0;0;3
37;97;nan;0.0;0.0;277.0;0.0;277.0;0;3
37;98;nan;0.0;0.0;277.0;0.0;277.0;0;3
37;99;nan;0.0;0.0;277.0;0.0;277.0;0;3
37;100;nan;0.0;0.0;277.0;0.0;277.0;0;3
37;101;nan;0.0;0.0;277.0;0.0;277.0;0;3
37;102;nan;0.0;0.0;277.0;0.0;277.0;0;3
37;103;nan;0.0;0.0;277.0;0.0;277.0;0;3
37;104;nan;0.0;0.0;277.0;0.0;277.0;0;3
37;105;nan;0.0;0.0;277.0;0.0;277.0;0;3
37;106;nan;0.0;0.0;277.0;0.0;277.0;0;3
37;107;nan;0.0;0.0;277.0;0.0;277.0;0;3
37;108;nan;0.0;0.0;277.0;0.0;277.0;0;3
37;109;nan;0.0;0.0;277.0;0.0;277.0;0;3
37;110;nan;0.0;0.0;277.0;0.0;277.0;0;3
37;111;nan;0.0;0.0;277.0;0.0;277.0;0;3
37;112;nan;0.0;0.0;277.0;0.0;277.0;0;3
37;113;nan;0.0;0.0;277.0;0.0;277.0;0;3
37;114;nan;0.0;0.0;277.0;0.0;277.0;0;3
37;115;nan;0.0;0.0;277.0;0.0;277.0;0;3
37;116;nan;0.0;0.0;277.0;0.0;277.0;0;3
37;117;nan;0.0;0.0;277.0;0.0;277.0;0;3
37;118;nan;0.0;0.0;277.0;0.0;277.0;0;3
37;119;nan;0.0;0.0;277.0;0.0;277.0;0;3
37;120;nan;0.0;0.0;277.0;0.0;277.0;0;3
37;121;nan;0.0;0.0;275.0;0.0;275.0;1;4
37;122;nan;0.0;0.0;288.0;0.0;275.0;0;4
37;123;nan;0.0;0.0;288.0;0.0;275.0;0;4
37;124;nan;0.0;0.0;284.0;0.0;275.0;0;4
37;125;nan;0.0;0.0;279.0;0.0;275.0;0;4
37;126;nan;0.0;0.0;279.0;0.0;275.0;0;4
37;127;nan;0.0;0.0;323.0;0.0;275.0;0;4
37;128;nan;0.0;0.0;279.0;0.0;275.0;0;4
37;129;nan;0.0;0.0;277.0;0.0;275.0;0;4
37;130;nan;0.0;0.0;282.0;0.0;275.0;0;4
37;131;nan;0.0;0.0;297.0;0.0;275.0;0;4
37;132;nan;0.0;0.0;292.0;0.0;275.0;0;4
37;133;nan;0.0;0.0;294.0;0.0;275.0;0;4
37;134;nan;0.0;0.0;289.0;0.0;275.0;0;4
37;135;nan;0.0;0.0;288.0;0.0;275.0;0;4
37;136;nan;0.0;0.0;301.0;0.0;275.0;0;4
37;137;nan;0.0;0.0;284.0;0.0;275.0;0;4
37;138;nan;0.0;0.0;288.0;0.0;275.0;0;4
37;139;nan;0.0;0.0;283.0;0.0;275.0;0;4
37;140;nan;0.0;0.0;278.0;0.0;275.0;0;4
37;141;nan;0.0;0.0;285.0;0.0;275.0;0;4
37;142;nan;0.0;0.0;300.0;0.0;275.0;0;4
37;143;nan;0.0;0.0;293.0;0.0;275.0;0;4
37;144;nan;0.0;0.0;293.0;0.0;275.0;0;4
37;145;nan;0.0;0.0;302.0;0.0;275.0;0;4
37;146;nan;0.0;0.0;287.0;0.0;275.0;0;4
37;147;nan;0.0;0.0;283.0;0.0;275.0;0;4
37;148;nan;0.0;0.0;310.0;0.0;275.0;0;4
37;149;nan;0.0;0.0;288.0;0.0;275.0;0;4
38;0;nan;0.0;0.0;288.0;0.0;288.0;1;1
38;1;nan;0.0;0.0;288.0;0.0;288.0;0;1
38;2;nan;0.0;0.0;288.0;0.0;288.0;0;1
38;3;nan;0.0;0.0;288.0;0.0;288.0;0;1
38;4;nan;0.0;0.0;288.0;0.0;288.0;0;1
38;5;nan;0.0;0.0;288.0;0.0;288.0;0;1
38;6;nan;0.0;0.0;288.0;0.0;288.0;0;1
38;7;nan;0.0;0.0;288.0;0.0;288.0;0;1
38;8;nan;0.0;0.0;288.0;0.0;288.0;0;1
38;9;nan;0.0;0.0;288.0;0.0;288.0;0;1
38;10;nan;0.0;0.0;288.0;0.0;288.0;0;1
38;11;nan;0.0;0.0;288.0;0.0;288.0;0;1
38;12;nan;0.0;0.0;288.0;0.0;288.0;0;1
38;13;nan;0.0;0.0;288.0;0.0;288.0;0;1
38;14;nan;0.0;0.0;288.0;0.0;288.0;0;1
38;15;nan;0.0;0.0;288.0;0.0;288.0;0;1
38;16;nan;0.0;0.0;288.0;0.0;288.0;0;1
38;17;nan;0.0;0.0;288.0;0.0;288.0;0;1
38;18;nan;0.0;0.0;288.0;0.0;288.0;0;1
38;19;nan;0.0;0.0;288.0;0.0;288.0;0;1
38;20;nan;0.0;0.0;288.0;0.0;288.0;0;1
38;21;nan;0.0;0.0;288.0;0.0;288.0;0;1
38;22;nan;0.0;0.0;288.0;0.0;288.0;0;1
38;23;nan;0.0;0.0;288.0;0.0;288.0;0;1
38;24;nan;0.0;0.0;288.0;0.0;288.0;0;1
38;25;nan;0.0;0.0;288.0;0.0;288.0;0;1
38;26;nan;0.0;0.0;288.0;0.0;288.0;0;1
38;27;nan;0.0;0.0;288.0;0.0;288.0;0;1
38;28;nan;0.0;0.0;288.0;0.0;288.0;0;1
38;29;nan;0.0;0.0;288.0;0.0;288.0;0;1
38;30;nan;0.0;0.0;286.0;0.0;286.0;1;2
38;31;nan;0.0;0.0;286.0;0.0;286.0;0;2
38;32;nan;0.0;0.0;286.0;0.0;286.0;0;2
38;33;nan;0.0;0.0;286.0;0.0;286.0;0;2
38;34;nan;0.0;0.0;286.0;0.0;286.0;0;2
38;35;nan;0.0;0.0;286.0;0.0;286.0;0;2
38;36;nan;0.0;0.0;286.0;0.0;286.0;0;2
38;37;nan;0.0;0.0;286.0;0.0;286.0;0;2
38;38;nan;0.0;0.0;286.0;0.0;286.0;0;2
38;39;nan;0.0;0.0;286.0;0.0;286.0;0;2
38;40;nan;0.0;0.0;286.0;0.0;286.0;0;2
38;41;nan;0.0;0.0;286.0;0.0;286.0;0;2
38;42;nan;0.0;0.0;286.0;0.0;286.0;0;2
38;43;nan;0.0;0.0;286.0;0.0;286.0;0;2
38;44;nan;0.0;0.0;286.0;0.0;286.0;0;2
38;45;nan;0.0;0.0;286.0;0.0;286.0;0;2
38;46;nan;0.0;0.0;286.0;0.0;286.0;0;2
38;47;nan;0.0;0.0;286.0;0.0;286.0;0;2
38;48;nan;0.0;0.0;286.0;0.0;286.0;0;2
38;49;nan;0.0;0.0;286.0;0.0;286.0;0;2
38;50;nan;0.0;0.0;286.0;0.0;286.0;0;2
38;51;nan;0.0;0.0;286.0;0.0;286.0;0;2
38;52;nan;0.0;0.0;286.0;0.0;286.0;0;2
38;53;nan;0.0;0.0;286.0;0.0;286.0;0;2
38;54;nan;0.0;0.0;286.0;0.0;286.0;0;2
38;55;nan;0.0;0.0;286.0;0.0;286.0;0;2
38;56;nan;0.0;0.0;286.0;0.0;286.0;0;2
38;57;nan;0.0;0.0;286.0;0.0;286.0;0;2
38;58;nan;0.0;0.0;286.0;0.0;286.0;0;2
38;59;nan;0.0;0.0;286.0;0.0;286.0;0;2
38;60;nan;0.0;0.0;281.0;0.0;281.0;1;3
38;61;nan;0.0;0.0;313.0;0.0;281.0;0;3
38;62;nan;0.0;0.0;283.0;0.0;281.0;0;3
38;63;nan;0.0;0.0;286.0;0.0;281.0;0;3
38;64;nan;0.0;0.0;282.0;0.0;281.0;0;3
38;65;nan;0.0;0.0;297.0;0.0;281.0;0;3
38;66;nan;0.0;0.0;287.0;0.0;281.0;0;3
38;67;nan;0.0;0.0;286.0;0.0;281.0;0;3
38;68;nan;0.0;0.0;288.0;0.0;281.0;0;3
38;69;nan;0.0;0.0;282.0;0.0;281.0;0;3
38;70;nan;0.0;0.0;281.0;0.0;281.0;0;3
38;71;nan;0.0;0.0;286.0;0.0;281.0;0;3
38;72;nan;0.0;0.0;282.0;0.0;281.0;0;3
38;73;nan;0.0;0.0;288.0;0.0;281.0;0;3
38;74;nan;0.0;0.0;281.0;0.0;281.0;0;3
38;75;nan;0.0;0.0;298.0;0.0;281.0;0;3
38;76;nan;0.0;0.0;284.0;0.0;281.0;0;3
38;77;nan;0.0;0.0;315.0;0.0;281.0;0;3
38;78;nan;0.0;0.0;285.0;0.0;281.0;0;3
38;79;nan;0.0;0.0;283.0;0.0;281.0;0;3
38;80;nan;0.0;0.0;290.0;0.0;281.0;0;3
38;81;nan;0.0;0.0;276.0;0.0;276.0;1;4
38;82;nan;0.0;0.0;276.0;0.0;276.0;0;4
38;83;nan;0.0;0.0;276.0;0.0;276.0;0;4
38;84;nan;0.0;0.0;276.0;0.0;276.0;0;4
38;85;nan;0.0;0.0;276.0;0.0;276.0;0;4
38;86;nan;0.0;0.0;276.0;0.0;276.0;0;4
38;87;nan;0.0;0.0;276.0;0.0;276.0;0;4
38;88;nan;0.0;0.0;276.0;0.0;276.0;0;4
38;89;nan;0.0;0.0;276.0;0.0;276.0;0;4
38;90;nan;0.0;0.0;276.0;0.0;276.0;0;4
38;91;nan;0.0;0.0;276.0;0.0;276.0;0;4
38;92;nan;0.0;0.0;276.0;0.0;276.0;0;4
38;93;nan;0.0;0.0;276.0;0.0;276.0;0;4
38;94;nan;0.0;0.0;276.0;0.0;276.0;0;4
38;95;nan;0.0;0.0;276.0;0.0;276.0;0;4
38;96;nan;0.0;0.0;276.0;0.0;276.0;0;4
38;97;nan;0.0;0.0;276.0;0.0;276.0;0;4
38;98;nan;0.0;0.0;276.0;0.0;276.0;0;4
38;99;nan;0.0;0.0;276.0;0.0;276.0;0;4
38;100;nan;0.0;0.0;276.0;0.0;276.0;0;4
38;101;nan;0.0;0.0;276.0;0.0;276.0;0;4
38;102;nan;0.0;0.0;276.0;0.0;276.0;0;4
38;103;nan;0.0;0.0;276.0;0.0;276.0;0;4
38;104;nan;0.0;0.0;276.0;0.0;276.0;0;4
38;105;nan;0.0;0.0;276.0;0.0;276.0;0;4
38;106;nan;0.0;0.0;276.0;0.0;276.0;0;4
38;107;nan;0.0;0.0;276.0;0.0;276.0;0;4
38;108;nan;0.0;0.0;276.0;0.0;276.0;0;4
38;109;nan;0.0;0.0;276.0;0.0;276.0;0;4
38;110;nan;0.0;0.0;276.0;0.0;276.0;0;4
38;111;nan;0.0;0.0;276.0;0.0;276.0;0;4
38;112;nan;0.0;0.0;276.0;0.0;276.0;0;4
38;113;nan;0.0;0.0;276.0;0.0;276.0;0;4
38;114;nan;0.0;0.0;276.0;0.0;276.0;0;4
38;115;nan;0.0;0.0;276.0;0.0;276.0;0;4
38;116;nan;0.0;0.0;276.0;0.0;276.0;0;4
38;117;nan;0.0;0.0;276.0;0.0;276.0;0;4
38;118;nan;0.0;0.0;276.0;0.0;276.0;0;4
38;119;nan;0.0;0.0;276.0;0.0;276.0;0;4
38;120;nan;0.0;0.0;276.0;0.0;276.0;0;4
38;121;nan;0.0;0.0;276.0;0.0;276.0;0;4
38;122;nan;0.0;0.0;276.0;0.0;276.0;0;4
38;123;nan;0.0;0.0;276.0;0.0;276.0;0;4
38;124;nan;0.0;0.0;276.0;0.0;276.0;0;4
38;125;nan;0.0;0.0;276.0;0.0;276.0;0;4
38;126;nan;0.0;0.0;276.0;0.0;276.0;0;4
38;127;nan;0.0;0.0;276.0;0.0;276.0;0;4
38;128;nan;0.0;0.0;276.0;0.0;276.0;0;4
38;129;nan;0.0;0.0;276.0;0.0;276.0;0;4
38;130;nan;0.0;0.0;276.0;0.0;276.0;0;4
38;131;nan;0.0;0.0;276.0;0.0;276.0;0;4
38;132;nan;0.0;0.0;276.0;0.0;276.0;0;4
38;133;nan;0.0;0.0;276.0;0.0;276.0;0;4
38;134;nan;0.0;0.0;276.0;0.0;276.0;0;4
38;135;nan;0.0;0.0;276.0;0.0;276.0;0;4
38;136;nan;0.0;0.0;276.0;0.0;276.0;0;4
38;137;nan;0.0;0.0;276.0;0.0;276.0;0;4
38;138;nan;0.0;0.0;276.0;0.0;276.0;0;4
38;139;nan;0.0;0.0;276.0;0.0;276.0;0;4
38;140;nan;0.0;0.0;276.0;0.0;276.0;0;4
38;141;nan;0.0;0.0;276.0;0.0;276.0;0;4
38;142;nan;0.0;0.0;276.0;0.0;276.0;0;4
38;143;nan;0.0;0.0;276.0;0.0;276.0;0;4
38;144;nan;0.0;0.0;276.0;0.0;276.0;0;4
38;145;nan;0.0;0.0;276.0;0.0;276.0;0;4
38;146;nan;0.0;0.0;276.0;0.0;276.0;0;4
38;147;nan;0.0;0.0;276.0;0.0;276.0;0;4
38;148;nan;0.0;0.0;276.0;0.0;276.0;0;4
38;149;nan;0.0;0.0;276.0;0.0;276.0;0;4
39;0;nan;0.0;0.0;276.0;0.0;276.0;1;1
39;1;nan;0.0;0.0;276.0;0.0;276.0;0;1
39;2;nan;0.0;0.0;276.0;0.0;276.0;0;1
39;3;nan;0.0;0.0;276.0;0.0;276.0;0;1
39;4;nan;0.0;0.0;276.0;0.0;276.0;0;1
39;5;nan;0.0;0.0;276.0;0.0;276.0;0;1
39;6;nan;0.0;0.0;276.0;0.0;276.0;0;1
39;7;nan;0.0;0.0;276.0;0.0;276.0;0;1
39;8;nan;0.0;0.0;276.0;0.0;276.0;0;1
39;9;nan;0.0;0.0;276.0;0.0;276.0;0;1
39;10;nan;0.0;0.0;276.0;0.0;276.0;0;1
39;11;nan;0.0;0.0;276.0;0.0;276.0;0;1
39;12;nan;0.0;0.0;276.0;0.0;276.0;0;1
39;13;nan;0.0;0.0;276.0;0.0;276.0;0;1
39;14;nan;0.0;0.0;276.0;0.0;276.0;0;1
39;15;nan;0.0;0.0;276.0;0.0;276.0;0;1
39;16;nan;0.0;0.0;276.0;0.0;276.0;0;1
39;17;nan;0.0;0.0;276.0;0.0;276.0;0;1
39;18;nan;0.0;0.0;276.0;0.0;276.0;0;1
39;19;nan;0.0;0.0;276.0;0.0;276.0;0;1
39;20;nan;0.0;0.0;276.0;0.0;276.0;0;1
39;21;nan;0.0;0.0;276.0;0.0;276.0;0;1
39;22;nan;0.0;0.0;276.0;0.0;276.0;0;1
39;23;nan;0.0;0.0;276.0;0.0;276.0;0;1
39;24;nan;0.0;0.0;276.0;0.0;276.0;0;1
39;25;nan;0.0;0.0;276.0;0.0;276.0;0;1
39;26;nan;0.0;0.0;276.0;0.0;276.0;0;1
39;27;nan;0.0;0.0;276.0;0.0;276.0;0;1
39;28;nan;0.0;0.0;276.0;0.0;276.0;0;1
39;29;nan;0.0;0.0;276.0;0.0;276.0;0;1
39;30;nan;0.0;0.0;276.0;0.0;276.0;0;1
39;31;nan;0.0;0.0;276.0;0.0;276.0;0;1
39;32;nan;0.0;0.0;276.0;0.0;276.0;0;1
39;33;nan;0.0;0.0;276.0;0.0;276.0;0;1
39;34;nan;0.0;0.0;276.0;0.0;276.0;0;1
39;35;nan;0.0;0.0;276.0;0.0;276.0;0;1
39;36;nan;0.0;0.0;276.0;0.0;276.0;0;1
39;37;nan;0.0;0.0;276.0;0.0;276.0;0;1
39;38;nan;0.0;0.0;276.0;0.0;276.0;0;1
39;39;nan;0.0;0.0;276.0;0.0;276.0;0;1
39;40;nan;0.0;0.0;276.0;0.0;276.0;0;1
39;41;nan;0.0;0.0;276.0;0.0;276.0;0;1
39;42;nan;0.0;0.0;276.0;0.0;276.0;0;1
39;43;nan;0.0;0.0;276.0;0.0;276.0;0;1
39;44;nan;0.0;0.0;276.0;0.0;276.0;0;1
39;45;nan;0.0;0.0;276.0;0.0;276.0;0;1
39;46;nan;0.0;0.0;276.0;0.0;276.0;0;1
39;47;nan;0.0;0.0;276.0;0.0;276.0;0;1
39;48;nan;0.0;0.0;276.0;0.0;276.0;0;1
39;49;nan;0.0;0.0;276.0;0.0;276.0;0;1
39;50;nan;0.0;0.0;276.0;0.0;276.0;0;1
39;51;nan;0.0;0.0;276.0;0.0;276.0;0;1
39;52;nan;0.0;0.0;276.0;0.0;276.0;0;1
39;53;nan;0.0;0.0;276.0;0.0;276.0;0;1
39;54;nan;0.0;0.0;276.0;0.0;276.0;0;1
39;55;nan;0.0;0.0;276.0;0.0;276.0;0;1
39;56;nan;0.0;0.0;276.0;0.0;276.0;0;1
39;57;nan;0.0;0.0;276.0;0.0;276.0;0;1
39;58;nan;0.0;0.0;276.0;0.0;276.0;0;1
39;59;nan;0.0;0.0;276.0;0.0;276.0;0;1
39;60;nan;0.0;0.0;276.0;0.0;276.0;0;1
39;61;nan;0.0;0.0;276.0;0.0;276.0;0;1
39;62;nan;0.0;0.0;276.0;0.0;276.0;0;1
39;63;nan;0.0;0.0;276.0;0.0;276.0;0;1
39;64;nan;0.0;0.0;276.0;0.0;276.0;0;1
39;65;nan;0.0;0.0;276.0;0.0;276.0;0;1
39;66;nan;0.0;0.0;276.0;0.0;276.0;0;1
39;67;nan;0.0;0.0;276.0;0.0;276.0;0;1
39;68;nan;0.0;0.0;276.0;0.0;276.0;0;1
39;69;nan;0.0;0.0;276.0;0.0;276.0;0;1
39;70;nan;0.0;0.0;276.0;0.0;276.0;0;1
39;71;nan;0.0;0.0;276.0;0.0;276.0;0;1
39;72;nan;0.0;0.0;276.0;0.0;276.0;0;1
39;73;nan;0.0;0.0;276.0;0.0;276.0;0;1
39;74;nan;0.0;0.0;276.0;0.0;276.0;0;1
39;75;nan;0.0;0.0;276.0;0.0;276.0;0;1
39;76;nan;0.0;0.0;276.0;0.0;276.0;0;1
39;77;nan;0.0;0.0;276.0;0.0;276.0;0;1
39;78;nan;0.0;0.0;276.0;0.0;276.0;0;1
39;79;nan;0.0;0.0;276.0;0.0;276.0;0;1
39;80;nan;0.0;0.0;276.0;0.0;276.0;0;1
39;81;nan;0.0;0.0;276.0;0.0;276.0;0;1
39;82;nan;0.0;0.0;276.0;0.0;276.0;0;1
39;83;nan;0.0;0.0;276.0;0.0;276.0;0;1
39;84;nan;0.0;0.0;276.0;0.0;276.0;0;1
39;85;nan;0.0;0.0;276.0;0.0;276.0;0;1
39;86;nan;0.0;0.0;276.0;0.0;276.0;0;1
39;87;nan;0.0;0.0;276.0;0.0;276.0;0;1
39;88;nan;0.0;0.0;276.0;0.0;276.0;0;1
39;89;nan;0.0;0.0;276.0;0.0;276.0;0;1
39;90;nan;0.0;0.0;276.0;0.0;276.0;0;1
39;91;nan;0.0;0.0;276.0;0.0;276.0;0;1
39;92;nan;0.0;0.0;276.0;0.0;276.0;0;1
39;93;nan;0.0;0.0;276.0;0.0;276.0;0;1
39;94;nan;0.0;0.0;276.0;0.0;276.0;0;1
39;95;nan;0.0;0.0;276.0;0.0;276.0;0;1
39;96;nan;0.0;0.0;276.0;0.0;276.0;0;1
39;97;nan;0.0;0.0;276.0;0.0;276.0;0;1
39;98;nan;0.0;0.0;276.0;0.0;276.0;0;1
39;99;nan;0.0;0.0;276.0;0.0;276.0;0;1
39;100;nan;0.0;0.0;276.0;0.0;276.0;0;1
39;101;nan;0.0;0.0;276.0;0.0;276.0;0;1
39;102;nan;0.0;0.0;276.0;0.0;276.0;0;1
39;103;nan;0.0;0.0;276.0;0.0;276.0;0;1
39;104;nan;0.0;0.0;276.0;0.0;276.0;0;1
39;105;nan;0.0;0.0;276.0;0.0;276.0;0;1
39;106;nan;0.0;0.0;276.0;0.0;276.0;0;1
39;107;nan;0.0;0.0;276.0;0.0;276.0;0;1
39;108;nan;0.0;0.0;276.0;0.0;276.0;0;1
39;109;nan;0.0;0.0;276.0;0.0;276.0;0;1
39;110;nan;0.0;0.0;276.0;0.0;276.0;0;1
39;111;nan;0.0;0.0;276.0;0.0;276.0;0;1
39;112;nan;0.0;0.0;276.0;0.0;276.0;0;1
39;113;nan;0.0;0.0;276.0;0.0;276.0;0;1
39;114;nan;0.0;0.0;276.0;0.0;276.0;0;1
39;115;nan;0.0;0.0;276.0;0.0;276.0;0;1
39;116;nan;0.0;0.0;276.0;0.0;276.0;0;1
39;117;nan;0.0;0.0;276.0;0.0;276.0;0;1
39;118;nan;0.0;0.0;276.0;0.0;276.0;0;1
39;119;nan;0.0;0.0;276.0;0.0;276.0;0;1
39;120;nan;0.0;0.0;276.0;0.0;276.0;0;1
39;121;nan;0.0;0.0;276.0;0.0;276.0;0;1
39;122;nan;0.0;0.0;276.0;0.0;276.0;0;1
39;123;nan;0.0;0.0;276.0;0.0;276.0;0;1
39;124;nan;0.0;0.0;276.0;0.0;276.0;0;1
39;125;nan;0.0;0.0;276.0;0.0;276.0;0;1
39;126;nan;0.0;0.0;276.0;0.0;276.0;0;1
39;127;nan;0.0;0.0;276.0;0.0;276.0;0;1
39;128;nan;0.0;0.0;276.0;0.0;276.0;0;1
39;129;nan;0.0;0.0;276.0;0.0;276.0;0;1
39;130;nan;0.0;0.0;276.0;0.0;276.0;0;1
39;131;nan;0.0;0.0;276.0;0.0;276.0;0;1
39;132;nan;0.0;0.0;276.0;0.0;276.0;0;1
39;133;nan;0.0;0.0;276.0;0.0;276.0;0;1
39;134;nan;0.0;0.0;276.0;0.0;276.0;0;1
39;135;nan;0.0;0.0;276.0;0.0;276.0;0;1
39;136;nan;0.0;0.0;276.0;0.0;276.0;0;1
39;137;nan;0.0;0.0;276.0;0.0;276.0;0;1
39;138;nan;0.0;0.0;276.0;0.0;276.0;0;1
39;139;nan;0.0;0.0;276.0;0.0;276.0;0;1
39;140;nan;0.0;0.0;276.0;0.0;276.0;0;1
39;141;nan;0.0;0.0;276.0;0.0;276.0;0;1
39;142;nan;0.0;0.0;276.0;0.0;276.0;0;1
39;143;nan;0.0;0.0;276.0;0.0;276.0;0;1
39;144;nan;0.0;0.0;276.0;0.0;276.0;0;1
39;145;nan;0.0;0.0;276.0;0.0;276.0;0;1
39;146;nan;0.0;0.0;276.0;0.0;276.0;0;1
39;147;nan;0.0;0.0;276.0;0.0;276.0;0;1
39;148;nan;0.0;0.0;276.0;0.0;276.0;0;1
39;149;nan;0.0;0.0;276.0;0.0;276.0;0;1
40;0;nan;0.0;0.0;285.0;0.0;283.0;1;1
40;1;nan;0.0;0.0;283.0;0.0;283.0;0;1
40;2;nan;0.0;0.0;283.0;0.0;283.0;0;1
40;3;nan;0.0;0.0;283.0;0.0;283.0;0;1
40;4;nan;0.0;0.0;283.0;0.0;283.0;0;1
40;5;nan;0.0;0.0;283.0;0.0;283.0;0;1
40;6;nan;0.0;0.0;283.0;0.0;283.0;0;1
40;7;nan;0.0;0.0;283.0;0.0;283.0;0;1
40;8;nan;0.0;0.0;283.0;0.0;283.0;0;1
40;9;nan;0.0;0.0;283.0;0.0;283.0;0;1
40;10;nan;0.0;0.0;283.0;0.0;283.0;0;1
40;11;nan;0.0;0.0;283.0;0.0;283.0;0;1
40;12;nan;0.0;0.0;283.0;0.0;283.0;0;1
40;13;nan;0.0;0.0;283.0;0.0;283.0;0;1
40;14;nan;0.0;0.0;283.0;0.0;283.0;0;1
40;15;nan;0.0;0.0;283.0;0.0;283.0;0;1
40;16;nan;0.0;0.0;283.0;0.0;283.0;0;1
40;17;nan;0.0;0.0;283.0;0.0;283.0;0;1
40;18;nan;0.0;0.0;283.0;0.0;283.0;0;1
40;19;nan;0.0;0.0;283.0;0.0;283.0;0;1
40;20;nan;0.0;0.0;283.0;0.0;283.0;0;1
40;21;nan;0.0;0.0;283.0;0.0;283.0;0;1
40;22;nan;0.0;0.0;283.0;0.0;283.0;0;1
40;23;nan;0.0;0.0;283.0;0.0;283.0;0;1
40;24;nan;0.0;0.0;283.0;0.0;283.0;0;1
40;25;nan;0.0;0.0;283.0;0.0;283.0;0;1
40;26;nan;0.0;0.0;283.0;0.0;283.0;0;1
40;27;nan;0.0;0.0;283.0;0.0;283.0;0;1
40;28;nan;0.0;0.0;283.0;0.0;283.0;0;1
40;29;nan;0.0;0.0;283.0;0.0;283.0;0;1
40;30;nan;0.0;0.0;283.0;0.0;283.0;0;1
40;31;nan;0.0;0.0;283.0;0.0;283.0;0;1
40;32;nan;0.0;0.0;283.0;0.0;283.0;0;1
40;33;nan;0.0;0.0;283.0;0.0;283.0;0;1
40;34;nan;0.0;0.0;283.0;0.0;283.0;0;1
40;35;nan;0.0;0.0;283.0;0.0;283.0;0;1
40;36;nan;0.0;0.0;283.0;0.0;283.0;0;1
40;37;nan;0.0;0.0;283.0;0.0;283.0;0;1
40;38;nan;0.0;0.0;283.0;0.0;283.0;0;1
40;39;nan;0.0;0.0;283.0;0.0;283.0;0;1
40;40;nan;0.0;0.0;283.0;0.0;283.0;0;1
40;41;nan;0.0;0.0;283.0;0.0;283.0;0;1
40;42;nan;0.0;0.0;283.0;0.0;283.0;0;1
40;43;nan;0.0;0.0;283.0;0.0;283.0;0;1
40;44;nan;0.0;0.0;283.0;0.0;283.0;0;1
40;45;nan;0.0;0.0;283.0;0.0;283.0;0;1
40;46;nan;0.0;0.0;283.0;0.0;283.0;0;1
40;47;nan;0.0;0.0;283.0;0.0;283.0;0;1
40;48;nan;0.0;0.0;283.0;0.0;283.0;0;1
40;49;nan;0.0;0.0;283.0;0.0;283.0;0;1
40;50;nan;0.0;0.0;283.0;0.0;283.0;0;1
40;51;nan;0.0;0.0;283.0;0.0;283.0;0;1
40;52;nan;0.0;0.0;283.0;0.0;283.0;0;1
40;53;nan;0.0;0.0;283.0;0.0;283.0;0;1
40;54;nan;0.0;0.0;283.0;0.0;283.0;0;1
40;55;nan;0.0;0.0;283.0;0.0;283.0;0;1
40;56;nan;0.0;0.0;283.0;0.0;283.0;0;1
40;57;nan;0.0;0.0;283.0;0.0;283.0;0;1
40;58;nan;0.0;0.0;283.0;0.0;283.0;0;1
40;59;nan;0.0;0.0;283.0;0.0;283.0;0;1
40;60;nan;0.0;0.0;283.0;0.0;283.0;0;1
40;61;nan;0.0;0.0;283.0;0.0;283.0;0;1
40;62;nan;0.0;0.0;283.0;0.0;283.0;0;1
40;63;nan;0.0;0.0;283.0;0.0;283.0;0;1
40;64;nan;0.0;0.0;283.0;0.0;283.0;0;1
40;65;nan;0.0;0.0;283.0;0.0;283.0;0;1
40;66;nan;0.0;0.0;283.0;0.0;283.0;0;1
40;67;nan;0.0;0.0;283.0;0.0;283.0;0;1
40;68;nan;0.0;0.0;283.0;0.0;283.0;0;1
40;69;nan;0.0;0.0;283.0;0.0;283.0;0;1
40;70;nan;0.0;0.0;283.0;0.0;283.0;0;1
40;71;nan;0.0;0.0;283.0;0.0;283.0;0;1
40;72;nan;0.0;0.0;283.0;0.0;283.0;0;1
40;73;nan;0.0;0.0;283.0;0.0;283.0;0;1
40;74;nan;0.0;0.0;283.0;0.0;283.0;0;1
40;75;nan;0.0;0.0;283.0;0.0;283.0;0;1
40;76;nan;0.0;0.0;283.0;0.0;283.0;0;1
40;77;nan;0.0;0.0;283.0;0.0;283.0;0;1
40;78;nan;0.0;0.0;283.0;0.0;283.0;0;1
40;79;nan;0.0;0.0;283.0;0.0;283.0;0;1
40;80;nan;0.0;0.0;283.0;0.0;283.0;0;1
40;81;nan;0.0;0.0;283.0;0.0;283.0;0;1
40;82;nan;0.0;0.0;283.0;0.0;283.0;0;1
40;83;nan;0.0;0.0;283.0;0.0;283.0;0;1
40;84;nan;0.0;0.0;283.0;0.0;283.0;0;1
40;85;nan;0.0;0.0;283.0;0.0;283.0;0;1
40;86;nan;0.0;0.0;283.0;0.0;283.0;0;1
40;87;nan;0.0;0.0;283.0;0.0;283.0;0;1
40;88;nan;0.0;0.0;283.0;0.0;283.0;0;1
40;89;nan;0.0;0.0;283.0;0.0;283.0;0;1
40;90;nan;0.0;0.0;276.0;0.0;276.0;1;2
40;91;nan;0.0;0.0;275.0;0.0;276.0;1;3
40;92;nan;0.0;0.0;274.0;0.0;274.0;0;3
40;93;nan;0.0;0.0;274.0;0.0;274.0;0;3
40;94;nan;0.0;0.0;274.0;0.0;274.0;0;3
40;95;nan;0.0;0.0;274.0;0.0;274.0;0;3
40;96;nan;0.0;0.0;274.0;0.0;274.0;0;3
40;97;nan;0.0;0.0;274.0;0.0;274.0;0;3
40;98;nan;0.0;0.0;274.0;0.0;274.0;0;3
40;99;nan;0.0;0.0;274.0;0.0;274.0;0;3
40;100;nan;0.0;0.0;274.0;0.0;274.0;0;3
40;101;nan;0.0;0.0;274.0;0.0;274.0;0;3
40;102;nan;0.0;0.0;274.0;0.0;274.0;0;3
40;103;nan;0.0;0.0;274.0;0.0;274.0;0;3
40;104;nan;0.0;0.0;274.0;0.0;274.0;0;3
40;105;nan;0.0;0.0;274.0;0.0;274.0;0;3
40;106;nan;0.0;0.0;274.0;0.0;274.0;0;3
40;107;nan;0.0;0.0;274.0;0.0;274.0;0;3
40;108;nan;0.0;0.0;274.0;0.0;274.0;0;3
40;109;nan;0.0;0.0;274.0;0.0;274.0;0;3
40;110;nan;0.0;0.0;274.0;0.0;274.0;0;3
40;111;nan;0.0;0.0;274.0;0.0;274.0;0;3
40;112;nan;0.0;0.0;274.0;0.0;274.0;0;3
40;113;nan;0.0;0.0;274.0;0.0;274.0;0;3
40;114;nan;0.0;0.0;274.0;0.0;274.0;0;3
40;115;nan;0.0;0.0;274.0;0.0;274.0;0;3
40;116;nan;0.0;0.0;274.0;0.0;274.0;0;3
40;117;nan;0.0;0.0;274.0;0.0;274.0;0;3
40;118;nan;0.0;0.0;274.0;0.0;274.0;0;3
40;119;nan;0.0;0.0;274.0;0.0;274.0;0;3
40;120;nan;0.0;0.0;274.0;0.0;274.0;0;3
40;121;nan;0.0;0.0;274.0;0.0;274.0;0;3
40;122;nan;0.0;0.0;274.0;0.0;274.0;0;3
40;123;nan;0.0;0.0;274.0;0.0;274.0;0;3
40;124;nan;0.0;0.0;274.0;0.0;274.0;0;3
40;125;nan;0.0;0.0;274.0;0.0;274.0;0;3
40;126;nan;0.0;0.0;274.0;0.0;274.0;0;3
40;127;nan;0.0;0.0;274.0;0.0;274.0;0;3
40;128;nan;0.0;0.0;274.0;0.0;274.0;0;3
40;129;nan;0.0;0.0;274.0;0.0;274.0;0;3
40;130;nan;0.0;0.0;274.0;0.0;274.0;0;3
40;131;nan;0.0;0.0;274.0;0.0;274.0;0;3
40;132;nan;0.0;0.0;274.0;0.0;274.0;0;3
40;133;nan;0.0;0.0;274.0;0.0;274.0;0;3
40;134;nan;0.0;0.0;274.0;0.0;274.0;0;3
40;135;nan;0.0;0.0;274.0;0.0;274.0;0;3
40;136;nan;0.0;0.0;274.0;0.0;274.0;0;3
40;137;nan;0.0;0.0;274.0;0.0;274.0;0;3
40;138;nan;0.0;0.0;274.0;0.0;274.0;0;3
40;139;nan;0.0;0.0;274.0;0.0;274.0;0;3
40;140;nan;0.0;0.0;274.0;0.0;274.0;0;3
40;141;nan;0.0;0.0;274.0;0.0;274.0;0;3
40;142;nan;0.0;0.0;274.0;0.0;274.0;0;3
40;143;nan;0.0;0.0;274.0;0.0;274.0;0;3
40;144;nan;0.0;0.0;274.0;0.0;274.0;0;3
40;145;nan;0.0;0.0;274.0;0.0;274.0;0;3
40;146;nan;0.0;0.0;274.0;0.0;274.0;0;3
40;147;nan;0.0;0.0;274.0;0.0;274.0;0;3
40;148;nan;0.0;0.0;274.0;0.0;274.0;0;3
40;149;nan;0.0;0.0;274.0;0.0;274.0;0;3
41;0;nan;0.0;0.0;280.0;0.0;274.0;1;1
41;1;nan;0.0;0.0;274.0;0.0;274.0;0;1
41;2;nan;0.0;0.0;274.0;0.0;274.0;0;1
41;3;nan;0.0;0.0;274.0;0.0;274.0;0;1
41;4;nan;0.0;0.0;274.0;0.0;274.0;0;1
41;5;nan;0.0;0.0;274.0;0.0;274.0;0;1
41;6;nan;0.0;0.0;274.0;0.0;274.0;0;1
41;7;nan;0.0;0.0;274.0;0.0;274.0;0;1
41;8;nan;0.0;0.0;274.0;0.0;274.0;0;1
41;9;nan;0.0;0.0;274.0;0.0;274.0;0;1
41;10;nan;0.0;0.0;274.0;0.0;274.0;0;1
41;11;nan;0.0;0.0;274.0;0.0;274.0;0;1
41;12;nan;0.0;0.0;274.0;0.0;274.0;0;1
41;13;nan;0.0;0.0;274.0;0.0;274.0;0;1
41;14;nan;0.0;0.0;274.0;0.0;274.0;0;1
41;15;nan;0.0;0.0;274.0;0.0;274.0;0;1
41;16;nan;0.0;0.0;274.0;0.0;274.0;0;1
41;17;nan;0.0;0.0;274.0;0.0;274.0;0;1
41;18;nan;0.0;0.0;274.0;0.0;274.0;0;1
41;19;nan;0.0;0.0;274.0;0.0;274.0;0;1
41;20;nan;0.0;0.0;274.0;0.0;274.0;0;1
41;21;nan;0.0;0.0;274.0;0.0;274.0;0;1
41;22;nan;0.0;0.0;274.0;0.0;274.0;0;1
41;23;nan;0.0;0.0;274.0;0.0;274.0;0;1
41;24;nan;0.0;0.0;274.0;0.0;274.0;0;1
41;25;nan;0.0;0.0;274.0;0.0;274.0;0;1
41;26;nan;0.0;0.0;274.0;0.0;274.0;0;1
41;27;nan;0.0;0.0;274.0;0.0;274.0;0;1
41;28;nan;0.0;0.0;274.0;0.0;274.0;0;1
41;29;nan;0.0;0.0;274.0;0.0;274.0;0;1
41;30;nan;0.0;0.0;274.0;0.0;274.0;0;1
41;31;nan;0.0;0.0;274.0;0.0;274.0;0;1
41;32;nan;0.0;0.0;274.0;0.0;274.0;0;1
41;33;nan;0.0;0.0;274.0;0.0;274.0;0;1
41;34;nan;0.0;0.0;274.0;0.0;274.0;0;1
41;35;nan;0.0;0.0;274.0;0.0;274.0;0;1
41;36;nan;0.0;0.0;274.0;0.0;274.0;0;1
41;37;nan;0.0;0.0;274.0;0.0;274.0;0;1
41;38;nan;0.0;0.0;274.0;0.0;274.0;0;1
41;39;nan;0.0;0.0;274.0;0.0;274.0;0;1
41;40;nan;0.0;0.0;274.0;0.0;274.0;0;1
41;41;nan;0.0;0.0;274.0;0.0;274.0;0;1
41;42;nan;0.0;0.0;274.0;0.0;274.0;0;1
41;43;nan;0.0;0.0;274.0;0.0;274.0;0;1
41;44;nan;0.0;0.0;274.0;0.0;274.0;0;1
41;45;nan;0.0;0.0;274.0;0.0;274.0;0;1
41;46;nan;0.0;0.0;274.0;0.0;274.0;0;1
41;47;nan;0.0;0.0;274.0;0.0;274.0;0;1
41;48;nan;0.0;0.0;274.0;0.0;274.0;0;1
41;49;nan;0.0;0.0;274.0;0.0;274.0;0;1
41;50;nan;0.0;0.0;274.0;0.0;274.0;0;1
41;51;nan;0.0;0.0;274.0;0.0;274.0;0;1
41;52;nan;0.0;0.0;274.0;0.0;274.0;0;1
41;53;nan;0.0;0.0;274.0;0.0;274.0;0;1
41;54;nan;0.0;0.0;274.0;0.0;274.0;0;1
41;55;nan;0.0;0.0;274.0;0.0;274.0;0;1
41;56;nan;0.0;0.0;274.0;0.0;274.0;0;1
41;57;nan;0.0;0.0;274.0;0.0;274.0;0;1
41;58;nan;0.0;0.0;274.0;0.0;274.0;0;1
41;59;nan;0.0;0.0;274.0;0.0;274.0;0;1
41;60;nan;0.0;0.0;274.0;0.0;274.0;0;1
41;61;nan;0.0;0.0;274.0;0.0;274.0;0;1
41;62;nan;0.0;0.0;274.0;0.0;274.0;0;1
41;63;nan;0.0;0.0;274.0;0.0;274.0;0;1
41;64;nan;0.0;0.0;274.0;0.0;274.0;0;1
41;65;nan;0.0;0.0;274.0;0.0;274.0;0;1
41;66;nan;0.0;0.0;274.0;0.0;274.0;0;1
41;67;nan;0.0;0.0;274.0;0.0;274.0;0;1
41;68;nan;0.0;0.0;274.0;0.0;274.0;0;1
41;69;nan;0.0;0.0;274.0;0.0;274.0;0;1
41;70;nan;0.0;0.0;274.0;0.0;274.0;0;1
41;71;nan;0.0;0.0;274.0;0.0;274.0;0;1
41;72;nan;0.0;0.0;274.0;0.0;274.0;0;1
41;73;nan;0.0;0.0;274.0;0.0;274.0;0;1
41;74;nan;0.0;0.0;274.0;0.0;274.0;0;1
41;75;nan;0.0;0.0;274.0;0.0;274.0;0;1
41;76;nan;0.0;0.0;274.0;0.0;274.0;0;1
41;77;nan;0.0;0.0;274.0;0.0;274.0;0;1
41;78;nan;0.0;0.0;274.0;0.0;274.0;0;1
41;79;nan;0.0;0.0;274.0;0.0;274.0;0;1
41;80;nan;0.0;0.0;274.0;0.0;274.0;0;1
41;81;nan;0.0;0.0;274.0;0.0;274.0;0;1
41;82;nan;0.0;0.0;274.0;0.0;274.0;0;1
41;83;nan;0.0;0.0;274.0;0.0;274.0;0;1
41;84;nan;0.0;0.0;274.0;0.0;274.0;0;1
41;85;nan;0.0;0.0;274.0;0.0;274.0;0;1
41;86;nan;0.0;0.0;274.0;0.0;274.0;0;1
41;87;nan;0.0;0.0;274.0;0.0;274.0;0;1
41;88;nan;0.0;0.0;274.0;0.0;274.0;0;1
41;89;nan;0.0;0.0;274.0;0.0;274.0;0;1
41;90;nan;0.0;0.0;274.0;0.0;274.0;0;1
41;91;nan;0.0;0.0;274.0;0.0;274.0;0;1
41;92;nan;0.0;0.0;274.0;0.0;274.0;0;1
41;93;nan;0.0;0.0;274.0;0.0;274.0;0;1
41;94;nan;0.0;0.0;274.0;0.0;274.0;0;1
41;95;nan;0.0;0.0;274.0;0.0;274.0;0;1
41;96;nan;0.0;0.0;274.0;0.0;274.0;0;1
41;97;nan;0.0;0.0;274.0;0.0;274.0;0;1
41;98;nan;0.0;0.0;274.0;0.0;274.0;0;1
41;99;nan;0.0;0.0;274.0;0.0;274.0;0;1
41;100;nan;0.0;0.0;274.0;0.0;274.0;0;1
41;101;nan;0.0;0.0;274.0;0.0;274.0;0;1
41;102;nan;0.0;0.0;274.0;0.0;274.0;0;1
41;103;nan;0.0;0.0;274.0;0.0;274.0;0;1
41;104;nan;0.0;0.0;274.0;0.0;274.0;0;1
41;105;nan;0.0;0.0;274.0;0.0;274.0;0;1
41;106;nan;0.0;0.0;274.0;0.0;274.0;0;1
41;107;nan;0.0;0.0;274.0;0.0;274.0;0;1
41;108;nan;0.0;0.0;274.0;0.0;274.0;0;1
41;109;nan;0.0;0.0;274.0;0.0;274.0;0;1
41;110;nan;0.0;0.0;274.0;0.0;274.0;0;1
41;111;nan;0.0;0.0;274.0;0.0;274.0;0;1
41;112;nan;0.0;0.0;274.0;0.0;274.0;0;1
41;113;nan;0.0;0.0;274.0;0.0;274.0;0;1
41;114;nan;0.0;0.0;274.0;0.0;274.0;0;1
41;115;nan;0.0;0.0;274.0;0.0;274.0;0;1
41;116;nan;0.0;0.0;274.0;0.0;274.0;0;1
41;117;nan;0.0;0.0;274.0;0.0;274.0;0;1
41;118;nan;0.0;0.0;274.0;0.0;274.0;0;1
41;119;nan;0.0;0.0;274.0;0.0;274.0;0;1
41;120;nan;0.0;0.0;274.0;0.0;274.0;0;1
41;121;nan;0.0;0.0;274.0;0.0;274.0;0;1
41;122;nan;0.0;0.0;274.0;0.0;274.0;0;1
41;123;nan;0.0;0.0;274.0;0.0;274.0;0;1
41;124;nan;0.0;0.0;274.0;0.0;274.0;0;1
41;125;nan;0.0;0.0;274.0;0.0;274.0;0;1
41;126;nan;0.0;0.0;274.0;0.0;274.0;0;1
41;127;nan;0.0;0.0;274.0;0.0;274.0;0;1
41;128;nan;0.0;0.0;274.0;0.0;274.0;0;1
41;129;nan;0.0;0.0;274.0;0.0;274.0;0;1
41;130;nan;0.0;0.0;274.0;0.0;274.0;0;1
41;131;nan;0.0;0.0;274.0;0.0;274.0;0;1
41;132;nan;0.0;0.0;274.0;0.0;274.0;0;1
41;133;nan;0.0;0.0;274.0;0.0;274.0;0;1
41;134;nan;0.0;0.0;274.0;0.0;274.0;0;1
41;135;nan;0.0;0.0;274.0;0.0;274.0;0;1
41;136;nan;0.0;0.0;274.0;0.0;274.0;0;1
41;137;nan;0.0;0.0;274.0;0.0;274.0;0;1
41;138;nan;0.0;0.0;274.0;0.0;274.0;0;1
41;139;nan;0.0;0.0;274.0;0.0;274.0;0;1
41;140;nan;0.0;0.0;274.0;0.0;274.0;0;1
41;141;nan;0.0;0.0;274.0;0.0;274.0;0;1
41;142;nan;0.0;0.0;274.0;0.0;274.0;0;1
41;143;nan;0.0;0.0;274.0;0.0;274.0;0;1
41;144;nan;0.0;0.0;274.0;0.0;274.0;0;1
41;145;nan;0.0;0.0;274.0;0.0;274.0;0;1
41;146;nan;0.0;0.0;274.0;0.0;274.0;0;1
41;147;nan;0.0;0.0;274.0;0.0;274.0;0;1
41;148;nan;0.0;0.0;274.0;0.0;274.0;0;1
41;149;nan;0.0;0.0;274.0;0.0;274.0;0;1
42;0;nan;0.0;0.0;294.0;0.0;287.0;1;1
42;1;nan;0.0;0.0;287.0;0.0;287.0;0;1
42;2;nan;0.0;0.0;287.0;0.0;287.0;0;1
42;3;nan;0.0;0.0;287.0;0.0;287.0;0;1
42;4;nan;0.0;0.0;287.0;0.0;287.0;0;1
42;5;nan;0.0;0.0;287.0;0.0;287.0;0;1
42;6;nan;0.0;0.0;287.0;0.0;287.0;0;1
42;7;nan;0.0;0.0;287.0;0.0;287.0;0;1
42;8;nan;0.0;0.0;287.0;0.0;287.0;0;1
42;9;nan;0.0;0.0;287.0;0.0;287.0;0;1
42;10;nan;0.0;0.0;287.0;0.0;287.0;0;1
42;11;nan;0.0;0.0;287.0;0.0;287.0;0;1
42;12;nan;0.0;0.0;287.0;0.0;287.0;0;1
42;13;nan;0.0;0.0;287.0;0.0;287.0;0;1
42;14;nan;0.0;0.0;287.0;0.0;287.0;0;1
42;15;nan;0.0;0.0;287.0;0.0;287.0;0;1
42;16;nan;0.0;0.0;287.0;0.0;287.0;0;1
42;17;nan;0.0;0.0;287.0;0.0;287.0;0;1
42;18;nan;0.0;0.0;287.0;0.0;287.0;0;1
42;19;nan;0.0;0.0;287.0;0.0;287.0;0;1
42;20;nan;0.0;0.0;287.0;0.0;287.0;0;1
42;21;nan;0.0;0.0;287.0;0.0;287.0;0;1
42;22;nan;0.0;0.0;287.0;0.0;287.0;0;1
42;23;nan;0.0;0.0;287.0;0.0;287.0;0;1
42;24;nan;0.0;0.0;287.0;0.0;287.0;0;1
42;25;nan;0.0;0.0;287.0;0.0;287.0;0;1
42;26;nan;0.0;0.0;287.0;0.0;287.0;0;1
42;27;nan;0.0;0.0;287.0;0.0;287.0;0;1
42;28;nan;0.0;0.0;287.0;0.0;287.0;0;1
42;29;nan;0.0;0.0;287.0;0.0;287.0;0;1
42;30;nan;0.0;0.0;287.0;0.0;287.0;0;1
42;31;nan;0.0;0.0;287.0;0.0;287.0;0;1
42;32;nan;0.0;0.0;287.0;0.0;287.0;0;1
42;33;nan;0.0;0.0;287.0;0.0;287.0;0;1
42;34;nan;0.0;0.0;287.0;0.0;287.0;0;1
42;35;nan;0.0;0.0;287.0;0.0;287.0;0;1
42;36;nan;0.0;0.0;287.0;0.0;287.0;0;1
42;37;nan;0.0;0.0;287.0;0.0;287.0;0;1
42;38;nan;0.0;0.0;287.0;0.0;287.0;0;1
42;39;nan;0.0;0.0;287.0;0.0;287.0;0;1
42;40;nan;0.0;0.0;287.0;0.0;287.0;0;1
42;41;nan;0.0;0.0;287.0;0.0;287.0;0;1
42;42;nan;0.0;0.0;287.0;0.0;287.0;0;1
42;43;nan;0.0;0.0;287.0;0.0;287.0;0;1
42;44;nan;0.0;0.0;287.0;0.0;287.0;0;1
42;45;nan;0.0;0.0;287.0;0.0;287.0;0;1
42;46;nan;0.0;0.0;287.0;0.0;287.0;0;1
42;47;nan;0.0;0.0;287.0;0.0;287.0;0;1
42;48;nan;0.0;0.0;287.0;0.0;287.0;0;1
42;49;nan;0.0;0.0;287.0;0.0;287.0;0;1
42;50;nan;0.0;0.0;287.0;0.0;287.0;0;1
42;51;nan;0.0;0.0;287.0;0.0;287.0;0;1
42;52;nan;0.0;0.0;287.0;0.0;287.0;0;1
42;53;nan;0.0;0.0;287.0;0.0;287.0;0;1
42;54;nan;0.0;0.0;287.0;0.0;287.0;0;1
42;55;nan;0.0;0.0;287.0;0.0;287.0;0;1
42;56;nan;0.0;0.0;287.0;0.0;287.0;0;1
42;57;nan;0.0;0.0;287.0;0.0;287.0;0;1
42;58;nan;0.0;0.0;287.0;0.0;287.0;0;1
42;59;nan;0.0;0.0;287.0;0.0;287.0;0;1
42;60;nan;0.0;0.0;284.0;0.0;284.0;1;2
42;61;nan;0.0;0.0;286.0;0.0;284.0;0;2
42;62;nan;0.0;0.0;284.0;0.0;284.0;0;2
42;63;nan;0.0;0.0;287.0;0.0;284.0;0;2
42;64;nan;0.0;0.0;286.0;0.0;284.0;0;2
42;65;nan;0.0;0.0;285.0;0.0;284.0;0;2
42;66;nan;0.0;0.0;306.0;0.0;284.0;0;2
42;67;nan;0.0;0.0;282.0;0.0;282.0;1;3
42;68;nan;0.0;0.0;282.0;0.0;282.0;0;3
42;69;nan;0.0;0.0;282.0;0.0;282.0;0;3
42;70;nan;0.0;0.0;282.0;0.0;282.0;0;3
42;71;nan;0.0;0.0;282.0;0.0;282.0;0;3
42;72;nan;0.0;0.0;282.0;0.0;282.0;0;3
42;73;nan;0.0;0.0;282.0;0.0;282.0;0;3
42;74;nan;0.0;0.0;282.0;0.0;282.0;0;3
42;75;nan;0.0;0.0;282.0;0.0;282.0;0;3
42;76;nan;0.0;0.0;282.0;0.0;282.0;0;3
42;77;nan;0.0;0.0;282.0;0.0;282.0;0;3
42;78;nan;0.0;0.0;282.0;0.0;282.0;0;3
42;79;nan;0.0;0.0;282.0;0.0;282.0;0;3
42;80;nan;0.0;0.0;282.0;0.0;282.0;0;3
42;81;nan;0.0;0.0;282.0;0.0;282.0;0;3
42;82;nan;0.0;0.0;282.0;0.0;282.0;0;3
42;83;nan;0.0;0.0;282.0;0.0;282.0;0;3
42;84;nan;0.0;0.0;282.0;0.0;282.0;0;3
42;85;nan;0.0;0.0;282.0;0.0;282.0;0;3
42;86;nan;0.0;0.0;282.0;0.0;282.0;0;3
42;87;nan;0.0;0.0;282.0;0.0;282.0;0;3
42;88;nan;0.0;0.0;282.0;0.0;282.0;0;3
42;89;nan;0.0;0.0;282.0;0.0;282.0;0;3
42;90;nan;0.0;0.0;282.0;0.0;282.0;0;3
42;91;nan;0.0;0.0;282.0;0.0;282.0;0;3
42;92;nan;0.0;0.0;282.0;0.0;282.0;0;3
42;93;nan;0.0;0.0;282.0;0.0;282.0;0;3
42;94;nan;0.0;0.0;282.0;0.0;282.0;0;3
42;95;nan;0.0;0.0;282.0;0.0;282.0;0;3
42;96;nan;0.0;0.0;282.0;0.0;282.0;0;3
42;97;nan;0.0;0.0;281.0;0.0;281.0;1;4
42;98;nan;0.0;0.0;281.0;0.0;281.0;0;4
42;99;nan;0.0;0.0;281.0;0.0;281.0;0;4
42;100;nan;0.0;0.0;281.0;0.0;281.0;0;4
42;101;nan;0.0;0.0;281.0;0.0;281.0;0;4
42;102;nan;0.0;0.0;281.0;0.0;281.0;0;4
42;103;nan;0.0;0.0;281.0;0.0;281.0;0;4
42;104;nan;0.0;0.0;281.0;0.0;281.0;0;4
42;105;nan;0.0;0.0;281.0;0.0;281.0;0;4
42;106;nan;0.0;0.0;281.0;0.0;281.0;0;4
42;107;nan;0.0;0.0;281.0;0.0;281.0;0;4
42;108;nan;0.0;0.0;281.0;0.0;281.0;0;4
42;109;nan;0.0;0.0;281.0;0.0;281.0;0;4
42;110;nan;0.0;0.0;281.0;0.0;281.0;0;4
42;111;nan;0.0;0.0;281.0;0.0;281.0;0;4
42;112;nan;0.0;0.0;281.0;0.0;281.0;0;4
42;113;nan;0.0;0.0;281.0;0.0;281.0;0;4
42;114;nan;0.0;0.0;281.0;0.0;281.0;0;4
42;115;nan;0.0;0.0;281.0;0.0;281.0;0;4
42;116;nan;0.0;0.0;281.0;0.0;281.0;0;4
42;117;nan;0.0;0.0;281.0;0.0;281.0;0;4
42;118;nan;0.0;0.0;281.0;0.0;281.0;0;4
42;119;nan;0.0;0.0;281.0;0.0;281.0;0;4
42;120;nan;0.0;0.0;281.0;0.0;281.0;0;4
42;121;nan;0.0;0.0;281.0;0.0;281.0;0;4
42;122;nan;0.0;0.0;281.0;0.0;281.0;0;4
42;123;nan;0.0;0.0;281.0;0.0;281.0;0;4
42;124;nan;0.0;0.0;281.0;0.0;281.0;0;4
42;125;nan;0.0;0.0;281.0;0.0;281.0;0;4
42;126;nan;0.0;0.0;281.0;0.0;281.0;0;4
42;127;nan;0.0;0.0;281.0;0.0;281.0;0;4
42;128;nan;0.0;0.0;281.0;0.0;281.0;0;4
42;129;nan;0.0;0.0;281.0;0.0;281.0;0;4
42;130;nan;0.0;0.0;281.0;0.0;281.0;0;4
42;131;nan;0.0;0.0;281.0;0.0;281.0;0;4
42;132;nan;0.0;0.0;281.0;0.0;281.0;0;4
42;133;nan;0.0;0.0;281.0;0.0;281.0;0;4
42;134;nan;0.0;0.0;281.0;0.0;281.0;0;4
42;135;nan;0.0;0.0;281.0;0.0;281.0;0;4
42;136;nan;0.0;0.0;281.0;0.0;281.0;0;4
42;137;nan;0.0;0.0;281.0;0.0;281.0;0;4
42;138;nan;0.0;0.0;281.0;0.0;281.0;0;4
42;139;nan;0.0;0.0;281.0;0.0;281.0;0;4
42;140;nan;0.0;0.0;281.0;0.0;281.0;0;4
42;141;nan;0.0;0.0;281.0;0.0;281.0;0;4
42;142;nan;0.0;0.0;281.0;0.0;281.0;0;4
42;143;nan;0.0;0.0;281.0;0.0;281.0;0;4
42;144;nan;0.0;0.0;281.0;0.0;281.0;0;4
42;145;nan;0.0;0.0;281.0;0.0;281.0;0;4
42;146;nan;0.0;0.0;281.0;0.0;281.0;0;4
42;147;nan;0.0;0.0;281.0;0.0;281.0;0;4
42;148;nan;0.0;0.0;281.0;0.0;281.0;0;4
42;149;nan;0.0;0.0;281.0;0.0;281.0;0;4
43;0;nan;0.0;0.0;298.0;0.0;285.0;1;1
43;1;nan;0.0;0.0;285.0;0.0;285.0;0;1
43;2;nan;0.0;0.0;285.0;0.0;285.0;0;1
43;3;nan;0.0;0.0;285.0;0.0;285.0;0;1
43;4;nan;0.0;0.0;285.0;0.0;285.0;0;1
43;5;nan;0.0;0.0;285.0;0.0;285.0;0;1
43;6;nan;0.0;0.0;285.0;0.0;285.0;0;1
43;7;nan;0.0;0.0;285.0;0.0;285.0;0;1
43;8;nan;0.0;0.0;285.0;0.0;285.0;0;1
43;9;nan;0.0;0.0;285.0;0.0;285.0;0;1
43;10;nan;0.0;0.0;285.0;0.0;285.0;0;1
43;11;nan;0.0;0.0;285.0;0.0;285.0;0;1
43;12;nan;0.0;0.0;285.0;0.0;285.0;0;1
43;13;nan;0.0;0.0;285.0;0.0;285.0;0;1
43;14;nan;0.0;0.0;285.0;0.0;285.0;0;1
43;15;nan;0.0;0.0;285.0;0.0;285.0;0;1
43;16;nan;0.0;0.0;285.0;0.0;285.0;0;1
43;17;nan;0.0;0.0;285.0;0.0;285.0;0;1
43;18;nan;0.0;0.0;285.0;0.0;285.0;0;1
43;19;nan;0.0;0.0;285.0;0.0;285.0;0;1
43;20;nan;0.0;0.0;285.0;0.0;285.0;0;1
43;21;nan;0.0;0.0;285.0;0.0;285.0;0;1
43;22;nan;0.0;0.0;285.0;0.0;285.0;0;1
43;23;nan;0.0;0.0;285.0;0.0;285.0;0;1
43;24;nan;0.0;0.0;285.0;0.0;285.0;0;1
43;25;nan;0.0;0.0;285.0;0.0;285.0;0;1
43;26;nan;0.0;0.0;285.0;0.0;285.0;0;1
43;27;nan;0.0;0.0;285.0;0.0;285.0;0;1
43;28;nan;0.0;0.0;285.0;0.0;285.0;0;1
43;29;nan;0.0;0.0;285.0;0.0;285.0;0;1
43;30;nan;0.0;0.0;281.0;0.0;281.0;1;2
43;31;nan;0.0;0.0;334.0;0.0;281.0;0;2
43;32;nan;0.0;0.0;287.0;0.0;281.0;0;2
43;33;nan;0.0;0.0;277.0;0.0;277.0;1;3
43;34;nan;0.0;0.0;277.0;0.0;277.0;0;3
43;35;nan;0.0;0.0;277.0;0.0;277.0;0;3
43;36;nan;0.0;0.0;277.0;0.0;277.0;0;3
43;37;nan;0.0;0.0;277.0;0.0;277.0;0;3
43;38;nan;0.0;0.0;277.0;0.0;277.0;0;3
43;39;nan;0.0;0.0;277.0;0.0;277.0;0;3
43;40;nan;0.0;0.0;277.0;0.0;277.0;0;3
43;41;nan;0.0;0.0;277.0;0.0;277.0;0;3
43;42;nan;0.0;0.0;277.0;0.0;277.0;0;3
43;43;nan;0.0;0.0;277.0;0.0;277.0;0;3
43;44;nan;0.0;0.0;277.0;0.0;277.0;0;3
43;45;nan;0.0;0.0;277.0;0.0;277.0;0;3
43;46;nan;0.0;0.0;277.0;0.0;277.0;0;3
43;47;nan;0.0;0.0;277.0;0.0;277.0;0;3
43;48;nan;0.0;0.0;277.0;0.0;277.0;0;3
43;49;nan;0.0;0.0;277.0;0.0;277.0;0;3
43;50;nan;0.0;0.0;277.0;0.0;277.0;0;3
43;51;nan;0.0;0.0;277.0;0.0;277.0;0;3
43;52;nan;0.0;0.0;277.0;0.0;277.0;0;3
43;53;nan;0.0;0.0;277.0;0.0;277.0;0;3
43;54;nan;0.0;0.0;277.0;0.0;277.0;0;3
43;55;nan;0.0;0.0;277.0;0.0;277.0;0;3
43;56;nan;0.0;0.0;277.0;0.0;277.0;0;3
43;57;nan;0.0;0.0;277.0;0.0;277.0;0;3
43;58;nan;0.0;0.0;277.0;0.0;277.0;0;3
43;59;nan;0.0;0.0;277.0;0.0;277.0;0;3
43;60;nan;0.0;0.0;277.0;0.0;277.0;0;3
43;61;nan;0.0;0.0;277.0;0.0;277.0;0;3
43;62;nan;0.0;0.0;277.0;0.0;277.0;0;3
43;63;nan;0.0;0.0;276.0;0.0;276.0;1;4
43;64;nan;0.0;0.0;288.0;0.0;276.0;0;4
43;65;nan;0.0;0.0;285.0;0.0;276.0;0;4
43;66;nan;0.0;0.0;287.0;0.0;276.0;0;4
43;67;nan;0.0;0.0;332.0;0.0;276.0;0;4
43;68;nan;0.0;0.0;289.0;0.0;276.0;0;4
43;69;nan;0.0;0.0;286.0;0.0;276.0;0;4
43;70;nan;0.0;0.0;287.0;0.0;276.0;0;4
43;71;nan;0.0;0.0;292.0;0.0;276.0;0;4
43;72;nan;0.0;0.0;287.0;0.0;276.0;0;4
43;73;nan;0.0;0.0;287.0;0.0;276.0;0;4
43;74;nan;0.0;0.0;286.0;0.0;276.0;0;4
43;75;nan;0.0;0.0;302.0;0.0;276.0;0;4
43;76;nan;0.0;0.0;279.0;0.0;276.0;0;4
43;77;nan;0.0;0.0;277.0;0.0;276.0;0;4
43;78;nan;0.0;0.0;329.0;0.0;276.0;0;4
43;79;nan;0.0;0.0;283.0;0.0;276.0;0;4
43;80;nan;0.0;0.0;299.0;0.0;276.0;0;4
43;81;nan;0.0;0.0;285.0;0.0;276.0;0;4
43;82;nan;0.0;0.0;287.0;0.0;276.0;0;4
43;83;nan;0.0;0.0;297.0;0.0;276.0;0;4
43;84;nan;0.0;0.0;287.0;0.0;276.0;0;4
43;85;nan;0.0;0.0;278.0;0.0;276.0;0;4
43;86;nan;0.0;0.0;303.0;0.0;276.0;0;4
43;87;nan;0.0;0.0;284.0;0.0;276.0;0;4
43;88;nan;0.0;0.0;294.0;0.0;276.0;0;4
43;89;nan;0.0;0.0;283.0;0.0;276.0;0;4
43;90;nan;0.0;0.0;284.0;0.0;276.0;0;4
43;91;nan;0.0;0.0;282.0;0.0;276.0;0;4
43;92;nan;0.0;0.0;285.0;0.0;276.0;0;4
43;93;nan;0.0;0.0;284.0;0.0;276.0;0;4
43;94;nan;0.0;0.0;316.0;0.0;276.0;0;4
43;95;nan;0.0;0.0;293.0;0.0;276.0;0;4
43;96;nan;0.0;0.0;278.0;0.0;276.0;0;4
43;97;nan;0.0;0.0;288.0;0.0;276.0;0;4
43;98;nan;0.0;0.0;294.0;0.0;276.0;0;4
43;99;nan;0.0;0.0;284.0;0.0;276.0;0;4
43;100;nan;0.0;0.0;310.0;0.0;276.0;0;4
43;101;nan;0.0;0.0;273.0;0.0;273.0;1;5
43;102;nan;0.0;0.0;273.0;0.0;273.0;0;5
43;103;nan;0.0;0.0;273.0;0.0;273.0;0;5
43;104;nan;0.0;0.0;273.0;0.0;273.0;0;5
43;105;nan;0.0;0.0;273.0;0.0;273.0;0;5
43;106;nan;0.0;0.0;273.0;0.0;273.0;0;5
43;107;nan;0.0;0.0;273.0;0.0;273.0;0;5
43;108;nan;0.0;0.0;273.0;0.0;273.0;0;5
43;109;nan;0.0;0.0;273.0;0.0;273.0;0;5
43;110;nan;0.0;0.0;273.0;0.0;273.0;0;5
43;111;nan;0.0;0.0;273.0;0.0;273.0;0;5
43;112;nan;0.0;0.0;273.0;0.0;273.0;0;5
43;113;nan;0.0;0.0;273.0;0.0;273.0;0;5
43;114;nan;0.0;0.0;273.0;0.0;273.0;0;5
43;115;nan;0.0;0.0;273.0;0.0;273.0;0;5
43;116;nan;0.0;0.0;273.0;0.0;273.0;0;5
43;117;nan;0.0;0.0;273.0;0.0;273.0;0;5
43;118;nan;0.0;0.0;273.0;0.0;273.0;0;5
43;119;nan;0.0;0.0;273.0;0.0;273.0;0;5
43;120;nan;0.0;0.0;273.0;0.0;273.0;0;5
43;121;nan;0.0;0.0;273.0;0.0;273.0;0;5
43;122;nan;0.0;0.0;273.0;0.0;273.0;0;5
43;123;nan;0.0;0.0;273.0;0.0;273.0;0;5
43;124;nan;0.0;0.0;273.0;0.0;273.0;0;5
43;125;nan;0.0;0.0;273.0;0.0;273.0;0;5
43;126;nan;0.0;0.0;273.0;0.0;273.0;0;5
43;127;nan;0.0;0.0;273.0;0.0;273.0;0;5
43;128;nan;0.0;0.0;273.0;0.0;273.0;0;5
43;129;nan;0.0;0.0;273.0;0.0;273.0;0;5
43;130;nan;0.0;0.0;273.0;0.0;273.0;0;5
43;131;nan;0.0;0.0;273.0;0.0;273.0;0;5
43;132;nan;0.0;0.0;273.0;0.0;273.0;0;5
43;133;nan;0.0;0.0;273.0;0.0;273.0;0;5
43;134;nan;0.0;0.0;273.0;0.0;273.0;0;5
43;135;nan;0.0;0.0;273.0;0.0;273.0;0;5
43;136;nan;0.0;0.0;273.0;0.0;273.0;0;5
43;137;nan;0.0;0.0;273.0;0.0;273.0;0;5
43;138;nan;0.0;0.0;273.0;0.0;273.0;0;5
43;139;nan;0.0;0.0;273.0;0.0;273.0;0;5
43;140;nan;0.0;0.0;273.0;0.0;273.0;0;5
43;141;nan;0.0;0.0;273.0;0.0;273.0;0;5
43;142;nan;0.0;0.0;273.0;0.0;273.0;0;5
43;143;nan;0.0;0.0;273.0;0.0;273.0;0;5
43;144;nan;0.0;0.0;273.0;0.0;273.0;0;5
43;145;nan;0.0;0.0;273.0;0.0;273.0;0;5
43;146;nan;0.0;0.0;273.0;0.0;273.0;0;5
43;147;nan;0.0;0.0;273.0;0.0;273.0;0;5
43;148;nan;0.0;0.0;273.0;0.0;273.0;0;5
43;149;nan;0.0;0.0;273.0;0.0;273.0;0;5
44;0;nan;0.0;0.0;281.0;0.0;279.0;1;1
44;1;nan;0.0;0.0;279.0;0.0;279.0;0;1
44;2;nan;0.0;0.0;279.0;0.0;279.0;0;1
44;3;nan;0.0;0.0;279.0;0.0;279.0;0;1
44;4;nan;0.0;0.0;279.0;0.0;279.0;0;1
44;5;nan;0.0;0.0;279.0;0.0;279.0;0;1
44;6;nan;0.0;0.0;279.0;0.0;279.0;0;1
44;7;nan;0.0;0.0;279.0;0.0;279.0;0;1
44;8;nan;0.0;0.0;279.0;0.0;279.0;0;1
44;9;nan;0.0;0.0;279.0;0.0;279.0;0;1
44;10;nan;0.0;0.0;279.0;0.0;279.0;0;1
44;11;nan;0.0;0.0;279.0;0.0;279.0;0;1
44;12;nan;0.0;0.0;279.0;0.0;279.0;0;1
44;13;nan;0.0;0.0;279.0;0.0;279.0;0;1
44;14;nan;0.0;0.0;279.0;0.0;279.0;0;1
44;15;nan;0.0;0.0;279.0;0.0;279.0;0;1
44;16;nan;0.0;0.0;279.0;0.0;279.0;0;1
44;17;nan;0.0;0.0;279.0;0.0;279.0;0;1
44;18;nan;0.0;0.0;279.0;0.0;279.0;0;1
44;19;nan;0.0;0.0;279.0;0.0;279.0;0;1
44;20;nan;0.0;0.0;279.0;0.0;279.0;0;1
44;21;nan;0.0;0.0;279.0;0.0;279.0;0;1
44;22;nan;0.0;0.0;279.0;0.0;279.0;0;1
44;23;nan;0.0;0.0;279.0;0.0;279.0;0;1
44;24;nan;0.0;0.0;279.0;0.0;279.0;0;1
44;25;nan;0.0;0.0;279.0;0.0;279.0;0;1
44;26;nan;0.0;0.0;279.0;0.0;279.0;0;1
44;27;nan;0.0;0.0;279.0;0.0;279.0;0;1
44;28;nan;0.0;0.0;279.0;0.0;279.0;0;1
44;29;nan;0.0;0.0;279.0;0.0;279.0;0;1
44;30;nan;0.0;0.0;276.0;0.0;276.0;1;2
44;31;nan;0.0;0.0;276.0;0.0;276.0;0;2
44;32;nan;0.0;0.0;276.0;0.0;276.0;0;2
44;33;nan;0.0;0.0;276.0;0.0;276.0;0;2
44;34;nan;0.0;0.0;276.0;0.0;276.0;0;2
44;35;nan;0.0;0.0;276.0;0.0;276.0;0;2
44;36;nan;0.0;0.0;276.0;0.0;276.0;0;2
44;37;nan;0.0;0.0;276.0;0.0;276.0;0;2
44;38;nan;0.0;0.0;276.0;0.0;276.0;0;2
44;39;nan;0.0;0.0;276.0;0.0;276.0;0;2
44;40;nan;0.0;0.0;276.0;0.0;276.0;0;2
44;41;nan;0.0;0.0;276.0;0.0;276.0;0;2
44;42;nan;0.0;0.0;276.0;0.0;276.0;0;2
44;43;nan;0.0;0.0;276.0;0.0;276.0;0;2
44;44;nan;0.0;0.0;276.0;0.0;276.0;0;2
44;45;nan;0.0;0.0;276.0;0.0;276.0;0;2
44;46;nan;0.0;0.0;276.0;0.0;276.0;0;2
44;47;nan;0.0;0.0;276.0;0.0;276.0;0;2
44;48;nan;0.0;0.0;276.0;0.0;276.0;0;2
44;49;nan;0.0;0.0;276.0;0.0;276.0;0;2
44;50;nan;0.0;0.0;276.0;0.0;276.0;0;2
44;51;nan;0.0;0.0;276.0;0.0;276.0;0;2
44;52;nan;0.0;0.0;276.0;0.0;276.0;0;2
44;53;nan;0.0;0.0;276.0;0.0;276.0;0;2
44;54;nan;0.0;0.0;276.0;0.0;276.0;0;2
44;55;nan;0.0;0.0;276.0;0.0;276.0;0;2
44;56;nan;0.0;0.0;276.0;0.0;276.0;0;2
44;57;nan;0.0;0.0;276.0;0.0;276.0;0;2
44;58;nan;0.0;0.0;276.0;0.0;276.0;0;2
44;59;nan;0.0;0.0;276.0;0.0;276.0;0;2
44;60;nan;0.0;0.0;276.0;0.0;276.0;0;2
44;61;nan;0.0;0.0;276.0;0.0;276.0;0;2
44;62;nan;0.0;0.0;276.0;0.0;276.0;0;2
44;63;nan;0.0;0.0;276.0;0.0;276.0;0;2
44;64;nan;0.0;0.0;276.0;0.0;276.0;0;2
44;65;nan;0.0;0.0;276.0;0.0;276.0;0;2
44;66;nan;0.0;0.0;276.0;0.0;276.0;0;2
44;67;nan;0.0;0.0;276.0;0.0;276.0;0;2
44;68;nan;0.0;0.0;276.0;0.0;276.0;0;2
44;69;nan;0.0;0.0;276.0;0.0;276.0;0;2
44;70;nan;0.0;0.0;276.0;0.0;276.0;0;2
44;71;nan;0.0;0.0;276.0;0.0;276.0;0;2
44;72;nan;0.0;0.0;276.0;0.0;276.0;0;2
44;73;nan;0.0;0.0;276.0;0.0;276.0;0;2
44;74;nan;0.0;0.0;276.0;0.0;276.0;0;2
44;75;nan;0.0;0.0;276.0;0.0;276.0;0;2
44;76;nan;0.0;0.0;276.0;0.0;276.0;0;2
44;77;nan;0.0;0.0;276.0;0.0;276.0;0;2
44;78;nan;0.0;0.0;276.0;0.0;276.0;0;2
44;79;nan;0.0;0.0;276.0;0.0;276.0;0;2
44;80;nan;0.0;0.0;276.0;0.0;276.0;0;2
44;81;nan;0.0;0.0;276.0;0.0;276.0;0;2
44;82;nan;0.0;0.0;276.0;0.0;276.0;0;2
44;83;nan;0.0;0.0;276.0;0.0;276.0;0;2
44;84;nan;0.0;0.0;276.0;0.0;276.0;0;2
44;85;nan;0.0;0.0;276.0;0.0;276.0;0;2
44;86;nan;0.0;0.0;276.0;0.0;276.0;0;2
44;87;nan;0.0;0.0;276.0;0.0;276.0;0;2
44;88;nan;0.0;0.0;276.0;0.0;276.0;0;2
44;89;nan;0.0;0.0;276.0;0.0;276.0;0;2
44;90;nan;0.0;0.0;276.0;0.0;276.0;0;2
44;91;nan;0.0;0.0;276.0;0.0;276.0;0;2
44;92;nan;0.0;0.0;276.0;0.0;276.0;0;2
44;93;nan;0.0;0.0;276.0;0.0;276.0;0;2
44;94;nan;0.0;0.0;276.0;0.0;276.0;0;2
44;95;nan;0.0;0.0;276.0;0.0;276.0;0;2
44;96;nan;0.0;0.0;276.0;0.0;276.0;0;2
44;97;nan;0.0;0.0;276.0;0.0;276.0;0;2
44;98;nan;0.0;0.0;276.0;0.0;276.0;0;2
44;99;nan;0.0;0.0;276.0;0.0;276.0;0;2
44;100;nan;0.0;0.0;276.0;0.0;276.0;0;2
44;101;nan;0.0;0.0;276.0;0.0;276.0;0;2
44;102;nan;0.0;0.0;276.0;0.0;276.0;0;2
44;103;nan;0.0;0.0;276.0;0.0;276.0;0;2
44;104;nan;0.0;0.0;276.0;0.0;276.0;0;2
44;105;nan;0.0;0.0;276.0;0.0;276.0;0;2
44;106;nan;0.0;0.0;276.0;0.0;276.0;0;2
44;107;nan;0.0;0.0;276.0;0.0;276.0;0;2
44;108;nan;0.0;0.0;276.0;0.0;276.0;0;2
44;109;nan;0.0;0.0;276.0;0.0;276.0;0;2
44;110;nan;0.0;0.0;276.0;0.0;276.0;0;2
44;111;nan;0.0;0.0;276.0;0.0;276.0;0;2
44;112;nan;0.0;0.0;276.0;0.0;276.0;0;2
44;113;nan;0.0;0.0;276.0;0.0;276.0;0;2
44;114;nan;0.0;0.0;276.0;0.0;276.0;0;2
44;115;nan;0.0;0.0;276.0;0.0;276.0;0;2
44;116;nan;0.0;0.0;276.0;0.0;276.0;0;2
44;117;nan;0.0;0.0;276.0;0.0;276.0;0;2
44;118;nan;0.0;0.0;276.0;0.0;276.0;0;2
44;119;nan;0.0;0.0;276.0;0.0;276.0;0;2
44;120;nan;0.0;0.0;276.0;0.0;276.0;0;2
44;121;nan;0.0;0.0;276.0;0.0;276.0;0;2
44;122;nan;0.0;0.0;276.0;0.0;276.0;0;2
44;123;nan;0.0;0.0;276.0;0.0;276.0;0;2
44;124;nan;0.0;0.0;276.0;0.0;276.0;0;2
44;125;nan;0.0;0.0;276.0;0.0;276.0;0;2
44;126;nan;0.0;0.0;276.0;0.0;276.0;0;2
44;127;nan;0.0;0.0;276.0;0.0;276.0;0;2
44;128;nan;0.0;0.0;276.0;0.0;276.0;0;2
44;129;nan;0.0;0.0;276.0;0.0;276.0;0;2
44;130;nan;0.0;0.0;276.0;0.0;276.0;0;2
44;131;nan;0.0;0.0;276.0;0.0;276.0;0;2
44;132;nan;0.0;0.0;276.0;0.0;276.0;0;2
44;133;nan;0.0;0.0;276.0;0.0;276.0;0;2
44;134;nan;0.0;0.0;276.0;0.0;276.0;0;2
44;135;nan;0.0;0.0;276.0;0.0;276.0;0;2
44;136;nan;0.0;0.0;276.0;0.0;276.0;0;2
44;137;nan;0.0;0.0;276.0;0.0;276.0;0;2
44;138;nan;0.0;0.0;276.0;0.0;276.0;0;2
44;139;nan;0.0;0.0;276.0;0.0;276.0;0;2
44;140;nan;0.0;0.0;276.0;0.0;276.0;0;2
44;141;nan;0.0;0.0;276.0;0.0;276.0;0;2
44;142;nan;0.0;0.0;276.0;0.0;276.0;0;2
44;143;nan;0.0;0.0;276.0;0.0;276.0;0;2
44;144;nan;0.0;0.0;276.0;0.0;276.0;0;2
44;145;nan;0.0;0.0;276.0;0.0;276.0;0;2
44;146;nan;0.0;0.0;276.0;0.0;276.0;0;2
44;147;nan;0.0;0.0;276.0;0.0;276.0;0;2
44;148;nan;0.0;0.0;276.0;0.0;276.0;0;2
44;149;nan;0.0;0.0;276.0;0.0;276.0;0;2
45;0;nan;0.0;0.0;305.0;0.0;288.0;1;1
45;1;nan;0.0;0.0;288.0;0.0;288.0;0;1
45;2;nan;0.0;0.0;288.0;0.0;288.0;0;1
45;3;nan;0.0;0.0;288.0;0.0;288.0;0;1
45;4;nan;0.0;0.0;288.0;0.0;288.0;0;1
45;5;nan;0.0;0.0;288.0;0.0;288.0;0;1
45;6;nan;0.0;0.0;288.0;0.0;288.0;0;1
45;7;nan;0.0;0.0;288.0;0.0;288.0;0;1
45;8;nan;0.0;0.0;288.0;0.0;288.0;0;1
45;9;nan;0.0;0.0;288.0;0.0;288.0;0;1
45;10;nan;0.0;0.0;288.0;0.0;288.0;0;1
45;11;nan;0.0;0.0;288.0;0.0;288.0;0;1
45;12;nan;0.0;0.0;288.0;0.0;288.0;0;1
45;13;nan;0.0;0.0;288.0;0.0;288.0;0;1
45;14;nan;0.0;0.0;288.0;0.0;288.0;0;1
45;15;nan;0.0;0.0;288.0;0.0;288.0;0;1
45;16;nan;0.0;0.0;288.0;0.0;288.0;0;1
45;17;nan;0.0;0.0;288.0;0.0;288.0;0;1
45;18;nan;0.0;0.0;288.0;0.0;288.0;0;1
45;19;nan;0.0;0.0;288.0;0.0;288.0;0;1
45;20;nan;0.0;0.0;288.0;0.0;288.0;0;1
45;21;nan;0.0;0.0;288.0;0.0;288.0;0;1
45;22;nan;0.0;0.0;288.0;0.0;288.0;0;1
45;23;nan;0.0;0.0;288.0;0.0;288.0;0;1
45;24;nan;0.0;0.0;288.0;0.0;288.0;0;1
45;25;nan;0.0;0.0;288.0;0.0;288.0;0;1
45;26;nan;0.0;0.0;288.0;0.0;288.0;0;1
45;27;nan;0.0;0.0;288.0;0.0;288.0;0;1
45;28;nan;0.0;0.0;288.0;0.0;288.0;0;1
45;29;nan;0.0;0.0;288.0;0.0;288.0;0;1
45;30;nan;0.0;0.0;288.0;0.0;288.0;0;1
45;31;nan;0.0;0.0;288.0;0.0;288.0;0;1
45;32;nan;0.0;0.0;288.0;0.0;288.0;0;1
45;33;nan;0.0;0.0;288.0;0.0;288.0;0;1
45;34;nan;0.0;0.0;288.0;0.0;288.0;0;1
45;35;nan;0.0;0.0;288.0;0.0;288.0;0;1
45;36;nan;0.0;0.0;288.0;0.0;288.0;0;1
45;37;nan;0.0;0.0;288.0;0.0;288.0;0;1
45;38;nan;0.0;0.0;288.0;0.0;288.0;0;1
45;39;nan;0.0;0.0;288.0;0.0;288.0;0;1
45;40;nan;0.0;0.0;288.0;0.0;288.0;0;1
45;41;nan;0.0;0.0;288.0;0.0;288.0;0;1
45;42;nan;0.0;0.0;288.0;0.0;288.0;0;1
45;43;nan;0.0;0.0;288.0;0.0;288.0;0;1
45;44;nan;0.0;0.0;288.0;0.0;288.0;0;1
45;45;nan;0.0;0.0;288.0;0.0;288.0;0;1
45;46;nan;0.0;0.0;288.0;0.0;288.0;0;1
45;47;nan;0.0;0.0;288.0;0.0;288.0;0;1
45;48;nan;0.0;0.0;288.0;0.0;288.0;0;1
45;49;nan;0.0;0.0;288.0;0.0;288.0;0;1
45;50;nan;0.0;0.0;288.0;0.0;288.0;0;1
45;51;nan;0.0;0.0;288.0;0.0;288.0;0;1
45;52;nan;0.0;0.0;288.0;0.0;288.0;0;1
45;53;nan;0.0;0.0;288.0;0.0;288.0;0;1
45;54;nan;0.0;0.0;288.0;0.0;288.0;0;1
45;55;nan;0.0;0.0;288.0;0.0;288.0;0;1
45;56;nan;0.0;0.0;288.0;0.0;288.0;0;1
45;57;nan;0.0;0.0;288.0;0.0;288.0;0;1
45;58;nan;0.0;0.0;288.0;0.0;288.0;0;1
45;59;nan;0.0;0.0;288.0;0.0;288.0;0;1
45;60;nan;0.0;0.0;284.0;0.0;284.0;1;2
45;61;nan;0.0;0.0;279.0;0.0;284.0;1;3
45;62;nan;0.0;0.0;278.0;0.0;278.0;0;3
45;63;nan;0.0;0.0;278.0;0.0;278.0;0;3
45;64;nan;0.0;0.0;278.0;0.0;278.0;0;3
45;65;nan;0.0;0.0;278.0;0.0;278.0;0;3
45;66;nan;0.0;0.0;278.0;0.0;278.0;0;3
45;67;nan;0.0;0.0;278.0;0.0;278.0;0;3
45;68;nan;0.0;0.0;278.0;0.0;278.0;0;3
45;69;nan;0.0;0.0;278.0;0.0;278.0;0;3
45;70;nan;0.0;0.0;278.0;0.0;278.0;0;3
45;71;nan;0.0;0.0;278.0;0.0;278.0;0;3
45;72;nan;0.0;0.0;278.0;0.0;278.0;0;3
45;73;nan;0.0;0.0;278.0;0.0;278.0;0;3
45;74;nan;0.0;0.0;278.0;0.0;278.0;0;3
45;75;nan;0.0;0.0;278.0;0.0;278.0;0;3
45;76;nan;0.0;0.0;278.0;0.0;278.0;0;3
45;77;nan;0.0;0.0;278.0;0.0;278.0;0;3
45;78;nan;0.0;0.0;278.0;0.0;278.0;0;3
45;79;nan;0.0;0.0;278.0;0.0;278.0;0;3
45;80;nan;0.0;0.0;278.0;0.0;278.0;0;3
45;81;nan;0.0;0.0;278.0;0.0;278.0;0;3
45;82;nan;0.0;0.0;278.0;0.0;278.0;0;3
45;83;nan;0.0;0.0;278.0;0.0;278.0;0;3
45;84;nan;0.0;0.0;278.0;0.0;278.0;0;3
45;85;nan;0.0;0.0;278.0;0.0;278.0;0;3
45;86;nan;0.0;0.0;278.0;0.0;278.0;0;3
45;87;nan;0.0;0.0;278.0;0.0;278.0;0;3
45;88;nan;0.0;0.0;278.0;0.0;278.0;0;3
45;89;nan;0.0;0.0;278.0;0.0;278.0;0;3
45;90;nan;0.0;0.0;278.0;0.0;278.0;0;3
45;91;nan;0.0;0.0;278.0;0.0;278.0;0;3
45;92;nan;0.0;0.0;274.0;0.0;274.0;1;4
45;93;nan;0.0;0.0;274.0;0.0;274.0;0;4
45;94;nan;0.0;0.0;274.0;0.0;274.0;0;4
45;95;nan;0.0;0.0;274.0;0.0;274.0;0;4
45;96;nan;0.0;0.0;274.0;0.0;274.0;0;4
45;97;nan;0.0;0.0;274.0;0.0;274.0;0;4
45;98;nan;0.0;0.0;274.0;0.0;274.0;0;4
45;99;nan;0.0;0.0;274.0;0.0;274.0;0;4
45;100;nan;0.0;0.0;274.0;0.0;274.0;0;4
45;101;nan;0.0;0.0;274.0;0.0;274.0;0;4
45;102;nan;0.0;0.0;274.0;0.0;274.0;0;4
45;103;nan;0.0;0.0;274.0;0.0;274.0;0;4
45;104;nan;0.0;0.0;274.0;0.0;274.0;0;4
45;105;nan;0.0;0.0;274.0;0.0;274.0;0;4
45;106;nan;0.0;0.0;274.0;0.0;274.0;0;4
45;107;nan;0.0;0.0;274.0;0.0;274.0;0;4
45;108;nan;0.0;0.0;274.0;0.0;274.0;0;4
45;109;nan;0.0;0.0;274.0;0.0;274.0;0;4
45;110;nan;0.0;0.0;274.0;0.0;274.0;0;4
45;111;nan;0.0;0.0;274.0;0.0;274.0;0;4
45;112;nan;0.0;0.0;274.0;0.0;274.0;0;4
45;113;nan;0.0;0.0;274.0;0.0;274.0;0;4
45;114;nan;0.0;0.0;274.0;0.0;274.0;0;4
45;115;nan;0.0;0.0;274.0;0.0;274.0;0;4
45;116;nan;0.0;0.0;274.0;0.0;274.0;0;4
45;117;nan;0.0;0.0;274.0;0.0;274.0;0;4
45;118;nan;0.0;0.0;274.0;0.0;274.0;0;4
45;119;nan;0.0;0.0;274.0;0.0;274.0;0;4
45;120;nan;0.0;0.0;274.0;0.0;274.0;0;4
45;121;nan;0.0;0.0;274.0;0.0;274.0;0;4
45;122;nan;0.0;0.0;274.0;0.0;274.0;0;4
45;123;nan;0.0;0.0;274.0;0.0;274.0;0;4
45;124;nan;0.0;0.0;274.0;0.0;274.0;0;4
45;125;nan;0.0;0.0;274.0;0.0;274.0;0;4
45;126;nan;0.0;0.0;274.0;0.0;274.0;0;4
45;127;nan;0.0;0.0;274.0;0.0;274.0;0;4
45;128;nan;0.0;0.0;274.0;0.0;274.0;0;4
45;129;nan;0.0;0.0;274.0;0.0;274.0;0;4
45;130;nan;0.0;0.0;274.0;0.0;274.0;0;4
45;131;nan;0.0;0.0;274.0;0.0;274.0;0;4
45;132;nan;0.0;0.0;274.0;0.0;274.0;0;4
45;133;nan;0.0;0.0;274.0;0.0;274.0;0;4
45;134;nan;0.0;0.0;274.0;0.0;274.0;0;4
45;135;nan;0.0;0.0;274.0;0.0;274.0;0;4
45;136;nan;0.0;0.0;274.0;0.0;274.0;0;4
45;137;nan;0.0;0.0;274.0;0.0;274.0;0;4
45;138;nan;0.0;0.0;274.0;0.0;274.0;0;4
45;139;nan;0.0;0.0;274.0;0.0;274.0;0;4
45;140;nan;0.0;0.0;274.0;0.0;274.0;0;4
45;141;nan;0.0;0.0;274.0;0.0;274.0;0;4
45;142;nan;0.0;0.0;274.0;0.0;274.0;0;4
45;143;nan;0.0;0.0;274.0;0.0;274.0;0;4
45;144;nan;0.0;0.0;274.0;0.0;274.0;0;4
45;145;nan;0.0;0.0;274.0;0.0;274.0;0;4
45;146;nan;0.0;0.0;274.0;0.0;274.0;0;4
45;147;nan;0.0;0.0;274.0;0.0;274.0;0;4
45;148;nan;0.0;0.0;274.0;0.0;274.0;0;4
45;149;nan;0.0;0.0;274.0;0.0;274.0;0;4
46;0;nan;0.0;0.0;286.0;0.0;286.0;1;1
46;1;nan;0.0;0.0;286.0;0.0;286.0;0;1
46;2;nan;0.0;0.0;286.0;0.0;286.0;0;1
46;3;nan;0.0;0.0;286.0;0.0;286.0;0;1
46;4;nan;0.0;0.0;286.0;0.0;286.0;0;1
46;5;nan;0.0;0.0;286.0;0.0;286.0;0;1
46;6;nan;0.0;0.0;286.0;0.0;286.0;0;1
46;7;nan;0.0;0.0;286.0;0.0;286.0;0;1
46;8;nan;0.0;0.0;286.0;0.0;286.0;0;1
46;9;nan;0.0;0.0;286.0;0.0;286.0;0;1
46;10;nan;0.0;0.0;286.0;0.0;286.0;0;1
46;11;nan;0.0;0.0;286.0;0.0;286.0;0;1
46;12;nan;0.0;0.0;286.0;0.0;286.0;0;1
46;13;nan;0.0;0.0;286.0;0.0;286.0;0;1
46;14;nan;0.0;0.0;286.0;0.0;286.0;0;1
46;15;nan;0.0;0.0;286.0;0.0;286.0;0;1
46;16;nan;0.0;0.0;286.0;0.0;286.0;0;1
46;17;nan;0.0;0.0;286.0;0.0;286.0;0;1
46;18;nan;0.0;0.0;286.0;0.0;286.0;0;1
46;19;nan;0.0;0.0;286.0;0.0;286.0;0;1
46;20;nan;0.0;0.0;286.0;0.0;286.0;0;1
46;21;nan;0.0;0.0;286.0;0.0;286.0;0;1
46;22;nan;0.0;0.0;286.0;0.0;286.0;0;1
46;23;nan;0.0;0.0;286.0;0.0;286.0;0;1
46;24;nan;0.0;0.0;286.0;0.0;286.0;0;1
46;25;nan;0.0;0.0;286.0;0.0;286.0;0;1
46;26;nan;0.0;0.0;286.0;0.0;286.0;0;1
46;27;nan;0.0;0.0;286.0;0.0;286.0;0;1
46;28;nan;0.0;0.0;286.0;0.0;286.0;0;1
46;29;nan;0.0;0.0;286.0;0.0;286.0;0;1
46;30;nan;0.0;0.0;286.0;0.0;286.0;0;1
46;31;nan;0.0;0.0;286.0;0.0;286.0;0;1
46;32;nan;0.0;0.0;286.0;0.0;286.0;0;1
46;33;nan;0.0;0.0;286.0;0.0;286.0;0;1
46;34;nan;0.0;0.0;286.0;0.0;286.0;0;1
46;35;nan;0.0;0.0;286.0;0.0;286.0;0;1
46;36;nan;0.0;0.0;286.0;0.0;286.0;0;1
46;37;nan;0.0;0.0;286.0;0.0;286.0;0;1
46;38;nan;0.0;0.0;286.0;0.0;286.0;0;1
46;39;nan;0.0;0.0;286.0;0.0;286.0;0;1
46;40;nan;0.0;0.0;286.0;0.0;286.0;0;1
46;41;nan;0.0;0.0;286.0;0.0;286.0;0;1
46;42;nan;0.0;0.0;286.0;0.0;286.0;0;1
46;43;nan;0.0;0.0;286.0;0.0;286.0;0;1
46;44;nan;0.0;0.0;286.0;0.0;286.0;0;1
46;45;nan;0.0;0.0;286.0;0.0;286.0;0;1
46;46;nan;0.0;0.0;286.0;0.0;286.0;0;1
46;47;nan;0.0;0.0;286.0;0.0;286.0;0;1
46;48;nan;0.0;0.0;286.0;0.0;286.0;0;1
46;49;nan;0.0;0.0;286.0;0.0;286.0;0;1
46;50;nan;0.0;0.0;286.0;0.0;286.0;0;1
46;51;nan;0.0;0.0;286.0;0.0;286.0;0;1
46;52;nan;0.0;0.0;286.0;0.0;286.0;0;1
46;53;nan;0.0;0.0;286.0;0.0;286.0;0;1
46;54;nan;0.0;0.0;286.0;0.0;286.0;0;1
46;55;nan;0.0;0.0;286.0;0.0;286.0;0;1
46;56;nan;0.0;0.0;286.0;0.0;286.0;0;1
46;57;nan;0.0;0.0;286.0;0.0;286.0;0;1
46;58;nan;0.0;0.0;286.0;0.0;286.0;0;1
46;59;nan;0.0;0.0;286.0;0.0;286.0;0;1
46;60;nan;0.0;0.0;286.0;0.0;286.0;0;1
46;61;nan;0.0;0.0;286.0;0.0;286.0;0;1
46;62;nan;0.0;0.0;286.0;0.0;286.0;0;1
46;63;nan;0.0;0.0;286.0;0.0;286.0;0;1
46;64;nan;0.0;0.0;286.0;0.0;286.0;0;1
46;65;nan;0.0;0.0;286.0;0.0;286.0;0;1
46;66;nan;0.0;0.0;286.0;0.0;286.0;0;1
46;67;nan;0.0;0.0;286.0;0.0;286.0;0;1
46;68;nan;0.0;0.0;286.0;0.0;286.0;0;1
46;69;nan;0.0;0.0;286.0;0.0;286.0;0;1
46;70;nan;0.0;0.0;286.0;0.0;286.0;0;1
46;71;nan;0.0;0.0;286.0;0.0;286.0;0;1
46;72;nan;0.0;0.0;286.0;0.0;286.0;0;1
46;73;nan;0.0;0.0;286.0;0.0;286.0;0;1
46;74;nan;0.0;0.0;286.0;0.0;286.0;0;1
46;75;nan;0.0;0.0;286.0;0.0;286.0;0;1
46;76;nan;0.0;0.0;286.0;0.0;286.0;0;1
46;77;nan;0.0;0.0;286.0;0.0;286.0;0;1
46;78;nan;0.0;0.0;286.0;0.0;286.0;0;1
46;79;nan;0.0;0.0;286.0;0.0;286.0;0;1
46;80;nan;0.0;0.0;286.0;0.0;286.0;0;1
46;81;nan;0.0;0.0;286.0;0.0;286.0;0;1
46;82;nan;0.0;0.0;286.0;0.0;286.0;0;1
46;83;nan;0.0;0.0;286.0;0.0;286.0;0;1
46;84;nan;0.0;0.0;286.0;0.0;286.0;0;1
46;85;nan;0.0;0.0;286.0;0.0;286.0;0;1
46;86;nan;0.0;0.0;286.0;0.0;286.0;0;1
46;87;nan;0.0;0.0;286.0;0.0;286.0;0;1
46;88;nan;0.0;0.0;286.0;0.0;286.0;0;1
46;89;nan;0.0;0.0;286.0;0.0;286.0;0;1
46;90;nan;0.0;0.0;286.0;0.0;286.0;0;1
46;91;nan;0.0;0.0;286.0;0.0;286.0;0;1
46;92;nan;0.0;0.0;286.0;0.0;286.0;0;1
46;93;nan;0.0;0.0;286.0;0.0;286.0;0;1
46;94;nan;0.0;0.0;286.0;0.0;286.0;0;1
46;95;nan;0.0;0.0;286.0;0.0;286.0;0;1
46;96;nan;0.0;0.0;286.0;0.0;286.0;0;1
46;97;nan;0.0;0.0;286.0;0.0;286.0;0;1
46;98;nan;0.0;0.0;286.0;0.0;286.0;0;1
46;99;nan;0.0;0.0;286.0;0.0;286.0;0;1
46;100;nan;0.0;0.0;286.0;0.0;286.0;0;1
46;101;nan;0.0;0.0;286.0;0.0;286.0;0;1
46;102;nan;0.0;0.0;286.0;0.0;286.0;0;1
46;103;nan;0.0;0.0;286.0;0.0;286.0;0;1
46;104;nan;0.0;0.0;286.0;0.0;286.0;0;1
46;105;nan;0.0;0.0;286.0;0.0;286.0;0;1
46;106;nan;0.0;0.0;286.0;0.0;286.0;0;1
46;107;nan;0.0;0.0;286.0;0.0;286.0;0;1
46;108;nan;0.0;0.0;286.0;0.0;286.0;0;1
46;109;nan;0.0;0.0;286.0;0.0;286.0;0;1
46;110;nan;0.0;0.0;286.0;0.0;286.0;0;1
46;111;nan;0.0;0.0;286.0;0.0;286.0;0;1
46;112;nan;0.0;0.0;286.0;0.0;286.0;0;1
46;113;nan;0.0;0.0;286.0;0.0;286.0;0;1
46;114;nan;0.0;0.0;286.0;0.0;286.0;0;1
46;115;nan;0.0;0.0;286.0;0.0;286.0;0;1
46;116;nan;0.0;0.0;286.0;0.0;286.0;0;1
46;117;nan;0.0;0.0;286.0;0.0;286.0;0;1
46;118;nan;0.0;0.0;286.0;0.0;286.0;0;1
46;119;nan;0.0;0.0;286.0;0.0;286.0;0;1
46;120;nan;0.0;0.0;286.0;0.0;286.0;0;1
46;121;nan;0.0;0.0;286.0;0.0;286.0;0;1
46;122;nan;0.0;0.0;286.0;0.0;286.0;0;1
46;123;nan;0.0;0.0;286.0;0.0;286.0;0;1
46;124;nan;0.0;0.0;286.0;0.0;286.0;0;1
46;125;nan;0.0;0.0;286.0;0.0;286.0;0;1
46;126;nan;0.0;0.0;286.0;0.0;286.0;0;1
46;127;nan;0.0;0.0;286.0;0.0;286.0;0;1
46;128;nan;0.0;0.0;286.0;0.0;286.0;0;1
46;129;nan;0.0;0.0;286.0;0.0;286.0;0;1
46;130;nan;0.0;0.0;286.0;0.0;286.0;0;1
46;131;nan;0.0;0.0;286.0;0.0;286.0;0;1
46;132;nan;0.0;0.0;286.0;0.0;286.0;0;1
46;133;nan;0.0;0.0;286.0;0.0;286.0;0;1
46;134;nan;0.0;0.0;286.0;0.0;286.0;0;1
46;135;nan;0.0;0.0;286.0;0.0;286.0;0;1
46;136;nan;0.0;0.0;286.0;0.0;286.0;0;1
46;137;nan;0.0;0.0;286.0;0.0;286.0;0;1
46;138;nan;0.0;0.0;286.0;0.0;286.0;0;1
46;139;nan;0.0;0.0;286.0;0.0;286.0;0;1
46;140;nan;0.0;0.0;286.0;0.0;286.0;0;1
46;141;nan;0.0;0.0;286.0;0.0;286.0;0;1
46;142;nan;0.0;0.0;286.0;0.0;286.0;0;1
46;143;nan;0.0;0.0;286.0;0.0;286.0;0;1
46;144;nan;0.0;0.0;286.0;0.0;286.0;0;1
46;145;nan;0.0;0.0;286.0;0.0;286.0;0;1
46;146;nan;0.0;0.0;286.0;0.0;286.0;0;1
46;147;nan;0.0;0.0;286.0;0.0;286.0;0;1
46;148;nan;0.0;0.0;286.0;0.0;286.0;0;1
46;149;nan;0.0;0.0;286.0;0.0;286.0;0;1
47;0;nan;0.0;0.0;280.0;0.0;274.0;1;1
47;1;nan;0.0;0.0;274.0;0.0;274.0;0;1
47;2;nan;0.0;0.0;274.0;0.0;274.0;0;1
47;3;nan;0.0;0.0;274.0;0.0;274.0;0;1
47;4;nan;0.0;0.0;274.0;0.0;274.0;0;1
47;5;nan;0.0;0.0;274.0;0.0;274.0;0;1
47;6;nan;0.0;0.0;274.0;0.0;274.0;0;1
47;7;nan;0.0;0.0;274.0;0.0;274.0;0;1
47;8;nan;0.0;0.0;274.0;0.0;274.0;0;1
47;9;nan;0.0;0.0;274.0;0.0;274.0;0;1
47;10;nan;0.0;0.0;274.0;0.0;274.0;0;1
47;11;nan;0.0;0.0;274.0;0.0;274.0;0;1
47;12;nan;0.0;0.0;274.0;0.0;274.0;0;1
47;13;nan;0.0;0.0;274.0;0.0;274.0;0;1
47;14;nan;0.0;0.0;274.0;0.0;274.0;0;1
47;15;nan;0.0;0.0;274.0;0.0;274.0;0;1
47;16;nan;0.0;0.0;274.0;0.0;274.0;0;1
47;17;nan;0.0;0.0;274.0;0.0;274.0;0;1
47;18;nan;0.0;0.0;274.0;0.0;274.0;0;1
47;19;nan;0.0;0.0;274.0;0.0;274.0;0;1
47;20;nan;0.0;0.0;274.0;0.0;274.0;0;1
47;21;nan;0.0;0.0;274.0;0.0;274.0;0;1
47;22;nan;0.0;0.0;274.0;0.0;274.0;0;1
47;23;nan;0.0;0.0;274.0;0.0;274.0;0;1
47;24;nan;0.0;0.0;274.0;0.0;274.0;0;1
47;25;nan;0.0;0.0;274.0;0.0;274.0;0;1
47;26;nan;0.0;0.0;274.0;0.0;274.0;0;1
47;27;nan;0.0;0.0;274.0;0.0;274.0;0;1
47;28;nan;0.0;0.0;274.0;0.0;274.0;0;1
47;29;nan;0.0;0.0;274.0;0.0;274.0;0;1
47;30;nan;0.0;0.0;274.0;0.0;274.0;0;1
47;31;nan;0.0;0.0;274.0;0.0;274.0;0;1
47;32;nan;0.0;0.0;274.0;0.0;274.0;0;1
47;33;nan;0.0;0.0;274.0;0.0;274.0;0;1
47;34;nan;0.0;0.0;274.0;0.0;274.0;0;1
47;35;nan;0.0;0.0;274.0;0.0;274.0;0;1
47;36;nan;0.0;0.0;274.0;0.0;274.0;0;1
47;37;nan;0.0;0.0;274.0;0.0;274.0;0;1
47;38;nan;0.0;0.0;274.0;0.0;274.0;0;1
47;39;nan;0.0;0.0;274.0;0.0;274.0;0;1
47;40;nan;0.0;0.0;274.0;0.0;274.0;0;1
47;41;nan;0.0;0.0;274.0;0.0;274.0;0;1
47;42;nan;0.0;0.0;274.0;0.0;274.0;0;1
47;43;nan;0.0;0.0;274.0;0.0;274.0;0;1
47;44;nan;0.0;0.0;274.0;0.0;274.0;0;1
47;45;nan;0.0;0.0;274.0;0.0;274.0;0;1
47;46;nan;0.0;0.0;274.0;0.0;274.0;0;1
47;47;nan;0.0;0.0;274.0;0.0;274.0;0;1
47;48;nan;0.0;0.0;274.0;0.0;274.0;0;1
47;49;nan;0.0;0.0;274.0;0.0;274.0;0;1
47;50;nan;0.0;0.0;274.0;0.0;274.0;0;1
47;51;nan;0.0;0.0;274.0;0.0;274.0;0;1
47;52;nan;0.0;0.0;274.0;0.0;274.0;0;1
47;53;nan;0.0;0.0;274.0;0.0;274.0;0;1
47;54;nan;0.0;0.0;274.0;0.0;274.0;0;1
47;55;nan;0.0;0.0;274.0;0.0;274.0;0;1
47;56;nan;0.0;0.0;274.0;0.0;274.0;0;1
47;57;nan;0.0;0.0;274.0;0.0;274.0;0;1
47;58;nan;0.0;0.0;274.0;0.0;274.0;0;1
47;59;nan;0.0;0.0;274.0;0.0;274.0;0;1
47;60;nan;0.0;0.0;274.0;0.0;274.0;0;1
47;61;nan;0.0;0.0;274.0;0.0;274.0;0;1
47;62;nan;0.0;0.0;274.0;0.0;274.0;0;1
47;63;nan;0.0;0.0;274.0;0.0;274.0;0;1
47;64;nan;0.0;0.0;274.0;0.0;274.0;0;1
47;65;nan;0.0;0.0;274.0;0.0;274.0;0;1
47;66;nan;0.0;0.0;274.0;0.0;274.0;0;1
47;67;nan;0.0;0.0;274.0;0.0;274.0;0;1
47;68;nan;0.0;0.0;274.0;0.0;274.0;0;1
47;69;nan;0.0;0.0;274.0;0.0;274.0;0;1
47;70;nan;0.0;0.0;274.0;0.0;274.0;0;1
47;71;nan;0.0;0.0;274.0;0.0;274.0;0;1
47;72;nan;0.0;0.0;274.0;0.0;274.0;0;1
47;73;nan;0.0;0.0;274.0;0.0;274.0;0;1
47;74;nan;0.0;0.0;274.0;0.0;274.0;0;1
47;75;nan;0.0;0.0;274.0;0.0;274.0;0;1
47;76;nan;0.0;0.0;274.0;0.0;274.0;0;1
47;77;nan;0.0;0.0;274.0;0.0;274.0;0;1
47;78;nan;0.0;0.0;274.0;0.0;274.0;0;1
47;79;nan;0.0;0.0;274.0;0.0;274.0;0;1
47;80;nan;0.0;0.0;274.0;0.0;274.0;0;1
47;81;nan;0.0;0.0;274.0;0.0;274.0;0;1
47;82;nan;0.0;0.0;274.0;0.0;274.0;0;1
47;83;nan;0.0;0.0;274.0;0.0;274.0;0;1
47;84;nan;0.0;0.0;274.0;0.0;274.0;0;1
47;85;nan;0.0;0.0;274.0;0.0;274.0;0;1
47;86;nan;0.0;0.0;274.0;0.0;274.0;0;1
47;87;nan;0.0;0.0;274.0;0.0;274.0;0;1
47;88;nan;0.0;0.0;274.0;0.0;274.0;0;1
47;89;nan;0.0;0.0;274.0;0.0;274.0;0;1
47;90;nan;0.0;0.0;274.0;0.0;274.0;0;1
47;91;nan;0.0;0.0;274.0;0.0;274.0;0;1
47;92;nan;0.0;0.0;274.0;0.0;274.0;0;1
47;93;nan;0.0;0.0;274.0;0.0;274.0;0;1
47;94;nan;0.0;0.0;274.0;0.0;274.0;0;1
47;95;nan;0.0;0.0;274.0;0.0;274.0;0;1
47;96;nan;0.0;0.0;274.0;0.0;274.0;0;1
47;97;nan;0.0;0.0;274.0;0.0;274.0;0;1
47;98;nan;0.0;0.0;274.0;0.0;274.0;0;1
47;99;nan;0.0;0.0;274.0;0.0;274.0;0;1
47;100;nan;0.0;0.0;274.0;0.0;274.0;0;1
47;101;nan;0.0;0.0;274.0;0.0;274.0;0;1
47;102;nan;0.0;0.0;274.0;0.0;274.0;0;1
47;103;nan;0.0;0.0;274.0;0.0;274.0;0;1
47;104;nan;0.0;0.0;274.0;0.0;274.0;0;1
47;105;nan;0.0;0.0;274.0;0.0;274.0;0;1
47;106;nan;0.0;0.0;274.0;0.0;274.0;0;1
47;107;nan;0.0;0.0;274.0;0.0;274.0;0;1
47;108;nan;0.0;0.0;274.0;0.0;274.0;0;1
47;109;nan;0.0;0.0;274.0;0.0;274.0;0;1
47;110;nan;0.0;0.0;274.0;0.0;274.0;0;1
47;111;nan;0.0;0.0;274.0;0.0;274.0;0;1
47;112;nan;0.0;0.0;274.0;0.0;274.0;0;1
47;113;nan;0.0;0.0;274.0;0.0;274.0;0;1
47;114;nan;0.0;0.0;274.0;0.0;274.0;0;1
47;115;nan;0.0;0.0;274.0;0.0;274.0;0;1
47;116;nan;0.0;0.0;274.0;0.0;274.0;0;1
47;117;nan;0.0;0.0;274.0;0.0;274.0;0;1
47;118;nan;0.0;0.0;274.0;0.0;274.0;0;1
47;119;nan;0.0;0.0;274.0;0.0;274.0;0;1
47;120;nan;0.0;0.0;271.0;0.0;271.0;1;2
47;121;nan;0.0;0.0;300.0;0.0;271.0;0;2
47;122;nan;0.0;0.0;285.0;0.0;271.0;0;2
47;123;nan;0.0;0.0;280.0;0.0;271.0;0;2
47;124;nan;0.0;0.0;284.0;0.0;271.0;0;2
47;125;nan;0.0;0.0;285.0;0.0;271.0;0;2
47;126;nan;0.0;0.0;280.0;0.0;271.0;0;2
47;127;nan;0.0;0.0;287.0;0.0;271.0;0;2
47;128;nan;0.0;0.0;283.0;0.0;271.0;0;2
47;129;nan;0.0;0.0;282.0;0.0;271.0;0;2
47;130;nan;0.0;0.0;296.0;0.0;271.0;0;2
47;131;nan;0.0;0.0;288.0;0.0;271.0;0;2
47;132;nan;0.0;0.0;290.0;0.0;271.0;0;2
47;133;nan;0.0;0.0;289.0;0.0;271.0;0;2
47;134;nan;0.0;0.0;286.0;0.0;271.0;0;2
47;135;nan;0.0;0.0;320.0;0.0;271.0;0;2
47;136;nan;0.0;0.0;288.0;0.0;271.0;0;2
47;137;nan;0.0;0.0;328.0;0.0;271.0;0;2
47;138;nan;0.0;0.0;291.0;0.0;271.0;0;2
47;139;nan;0.0;0.0;286.0;0.0;271.0;0;2
47;140;nan;0.0;0.0;288.0;0.0;271.0;0;2
47;141;nan;0.0;0.0;287.0;0.0;271.0;0;2
47;142;nan;0.0;0.0;293.0;0.0;271.0;0;2
47;143;nan;0.0;0.0;294.0;0.0;271.0;0;2
47;144;nan;0.0;0.0;286.0;0.0;271.0;0;2
47;145;nan;0.0;0.0;288.0;0.0;271.0;0;2
47;146;nan;0.0;0.0;290.0;0.0;271.0;0;2
47;147;nan;0.0;0.0;286.0;0.0;271.0;0;2
47;148;nan;0.0;0.0;285.0;0.0;271.0;0;2
47;149;nan;0.0;0.0;288.0;0.0;271.0;0;2
48;0;nan;0.0;0.0;288.0;0.0;288.0;1;1
48;1;nan;0.0;0.0;288.0;0.0;288.0;0;1
48;2;nan;0.0;0.0;288.0;0.0;288.0;0;1
48;3;nan;0.0;0.0;288.0;0.0;288.0;0;1
48;4;nan;0.0;0.0;288.0;0.0;288.0;0;1
48;5;nan;0.0;0.0;288.0;0.0;288.0;0;1
48;6;nan;0.0;0.0;288.0;0.0;288.0;0;1
48;7;nan;0.0;0.0;288.0;0.0;288.0;0;1
48;8;nan;0.0;0.0;288.0;0.0;288.0;0;1
48;9;nan;0.0;0.0;288.0;0.0;288.0;0;1
48;10;nan;0.0;0.0;288.0;0.0;288.0;0;1
48;11;nan;0.0;0.0;288.0;0.0;288.0;0;1
48;12;nan;0.0;0.0;288.0;0.0;288.0;0;1
48;13;nan;0.0;0.0;288.0;0.0;288.0;0;1
48;14;nan;0.0;0.0;288.0;0.0;288.0;0;1
48;15;nan;0.0;0.0;288.0;0.0;288.0;0;1
48;16;nan;0.0;0.0;288.0;0.0;288.0;0;1
48;17;nan;0.0;0.0;288.0;0.0;288.0;0;1
48;18;nan;0.0;0.0;288.0;0.0;288.0;0;1
48;19;nan;0.0;0.0;288.0;0.0;288.0;0;1
48;20;nan;0.0;0.0;288.0;0.0;288.0;0;1
48;21;nan;0.0;0.0;288.0;0.0;288.0;0;1
48;22;nan;0.0;0.0;288.0;0.0;288.0;0;1
48;23;nan;0.0;0.0;288.0;0.0;288.0;0;1
48;24;nan;0.0;0.0;288.0;0.0;288.0;0;1
48;25;nan;0.0;0.0;288.0;0.0;288.0;0;1
48;26;nan;0.0;0.0;288.0;0.0;288.0;0;1
48;27;nan;0.0;0.0;288.0;0.0;288.0;0;1
48;28;nan;0.0;0.0;288.0;0.0;288.0;0;1
48;29;nan;0.0;0.0;288.0;0.0;288.0;0;1
48;30;nan;0.0;0.0;281.0;0.0;281.0;1;2
48;31;nan;0.0;0.0;281.0;0.0;281.0;0;2
48;32;nan;0.0;0.0;281.0;0.0;281.0;0;2
48;33;nan;0.0;0.0;281.0;0.0;281.0;0;2
48;34;nan;0.0;0.0;281.0;0.0;281.0;0;2
48;35;nan;0.0;0.0;281.0;0.0;281.0;0;2
48;36;nan;0.0;0.0;281.0;0.0;281.0;0;2
48;37;nan;0.0;0.0;281.0;0.0;281.0;0;2
48;38;nan;0.0;0.0;281.0;0.0;281.0;0;2
48;39;nan;0.0;0.0;281.0;0.0;281.0;0;2
48;40;nan;0.0;0.0;281.0;0.0;281.0;0;2
48;41;nan;0.0;0.0;281.0;0.0;281.0;0;2
48;42;nan;0.0;0.0;281.0;0.0;281.0;0;2
48;43;nan;0.0;0.0;281.0;0.0;281.0;0;2
48;44;nan;0.0;0.0;281.0;0.0;281.0;0;2
48;45;nan;0.0;0.0;281.0;0.0;281.0;0;2
48;46;nan;0.0;0.0;281.0;0.0;281.0;0;2
48;47;nan;0.0;0.0;281.0;0.0;281.0;0;2
48;48;nan;0.0;0.0;281.0;0.0;281.0;0;2
48;49;nan;0.0;0.0;281.0;0.0;281.0;0;2
48;50;nan;0.0;0.0;281.0;0.0;281.0;0;2
48;51;nan;0.0;0.0;281.0;0.0;281.0;0;2
48;52;nan;0.0;0.0;281.0;0.0;281.0;0;2
48;53;nan;0.0;0.0;281.0;0.0;281.0;0;2
48;54;nan;0.0;0.0;281.0;0.0;281.0;0;2
48;55;nan;0.0;0.0;281.0;0.0;281.0;0;2
48;56;nan;0.0;0.0;281.0;0.0;281.0;0;2
48;57;nan;0.0;0.0;281.0;0.0;281.0;0;2
48;58;nan;0.0;0.0;281.0;0.0;281.0;0;2
48;59;nan;0.0;0.0;281.0;0.0;281.0;0;2
48;60;nan;0.0;0.0;280.0;0.0;280.0;1;3
48;61;nan;0.0;0.0;288.0;0.0;280.0;0;3
48;62;nan;0.0;0.0;281.0;0.0;280.0;0;3
48;63;nan;0.0;0.0;285.0;0.0;280.0;0;3
48;64;nan;0.0;0.0;285.0;0.0;280.0;0;3
48;65;nan;0.0;0.0;279.0;0.0;279.0;1;4
48;66;nan;0.0;0.0;279.0;0.0;279.0;0;4
48;67;nan;0.0;0.0;279.0;0.0;279.0;0;4
48;68;nan;0.0;0.0;279.0;0.0;279.0;0;4
48;69;nan;0.0;0.0;279.0;0.0;279.0;0;4
48;70;nan;0.0;0.0;279.0;0.0;279.0;0;4
48;71;nan;0.0;0.0;279.0;0.0;279.0;0;4
48;72;nan;0.0;0.0;279.0;0.0;279.0;0;4
48;73;nan;0.0;0.0;279.0;0.0;279.0;0;4
48;74;nan;0.0;0.0;279.0;0.0;279.0;0;4
48;75;nan;0.0;0.0;279.0;0.0;279.0;0;4
48;76;nan;0.0;0.0;279.0;0.0;279.0;0;4
48;77;nan;0.0;0.0;279.0;0.0;279.0;0;4
48;78;nan;0.0;0.0;279.0;0.0;279.0;0;4
48;79;nan;0.0;0.0;279.0;0.0;279.0;0;4
48;80;nan;0.0;0.0;279.0;0.0;279.0;0;4
48;81;nan;0.0;0.0;279.0;0.0;279.0;0;4
48;82;nan;0.0;0.0;279.0;0.0;279.0;0;4
48;83;nan;0.0;0.0;279.0;0.0;279.0;0;4
48;84;nan;0.0;0.0;279.0;0.0;279.0;0;4
48;85;nan;0.0;0.0;279.0;0.0;279.0;0;4
48;86;nan;0.0;0.0;279.0;0.0;279.0;0;4
48;87;nan;0.0;0.0;279.0;0.0;279.0;0;4
48;88;nan;0.0;0.0;279.0;0.0;279.0;0;4
48;89;nan;0.0;0.0;279.0;0.0;279.0;0;4
48;90;nan;0.0;0.0;279.0;0.0;279.0;0;4
48;91;nan;0.0;0.0;279.0;0.0;279.0;0;4
48;92;nan;0.0;0.0;279.0;0.0;279.0;0;4
48;93;nan;0.0;0.0;279.0;0.0;279.0;0;4
48;94;nan;0.0;0.0;279.0;0.0;279.0;0;4
48;95;nan;0.0;0.0;277.0;0.0;277.0;1;5
48;96;nan;0.0;0.0;282.0;0.0;277.0;0;5
48;97;nan;0.0;0.0;284.0;0.0;277.0;0;5
48;98;nan;0.0;0.0;288.0;0.0;277.0;0;5
48;99;nan;0.0;0.0;286.0;0.0;277.0;0;5
48;100;nan;0.0;0.0;284.0;0.0;277.0;0;5
48;101;nan;0.0;0.0;284.0;0.0;277.0;0;5
48;102;nan;0.0;0.0;282.0;0.0;277.0;0;5
48;103;nan;0.0;0.0;313.0;0.0;277.0;0;5
48;104;nan;0.0;0.0;283.0;0.0;277.0;0;5
48;105;nan;0.0;0.0;300.0;0.0;277.0;0;5
48;106;nan;0.0;0.0;285.0;0.0;277.0;0;5
48;107;nan;0.0;0.0;284.0;0.0;277.0;0;5
48;108;nan;0.0;0.0;287.0;0.0;277.0;0;5
48;109;nan;0.0;0.0;291.0;0.0;277.0;0;5
48;110;nan;0.0;0.0;292.0;0.0;277.0;0;5
48;111;nan;0.0;0.0;277.0;0.0;277.0;0;5
48;112;nan;0.0;0.0;285.0;0.0;277.0;0;5
48;113;nan;0.0;0.0;295.0;0.0;277.0;0;5
48;114;nan;0.0;0.0;278.0;0.0;277.0;0;5
48;115;nan;0.0;0.0;288.0;0.0;277.0;0;5
48;116;nan;0.0;0.0;283.0;0.0;277.0;0;5
48;117;nan;0.0;0.0;277.0;0.0;277.0;0;5
48;118;nan;0.0;0.0;285.0;0.0;277.0;0;5
48;119;nan;0.0;0.0;279.0;0.0;277.0;0;5
48;120;nan;0.0;0.0;283.0;0.0;277.0;0;5
48;121;nan;0.0;0.0;286.0;0.0;277.0;0;5
48;122;nan;0.0;0.0;288.0;0.0;277.0;0;5
48;123;nan;0.0;0.0;283.0;0.0;277.0;0;5
48;124;nan;0.0;0.0;274.0;0.0;274.0;1;6
48;125;nan;0.0;0.0;274.0;0.0;274.0;0;6
48;126;nan;0.0;0.0;274.0;0.0;274.0;0;6
48;127;nan;0.0;0.0;274.0;0.0;274.0;0;6
48;128;nan;0.0;0.0;274.0;0.0;274.0;0;6
48;129;nan;0.0;0.0;274.0;0.0;274.0;0;6
48;130;nan;0.0;0.0;274.0;0.0;274.0;0;6
48;131;nan;0.0;0.0;274.0;0.0;274.0;0;6
48;132;nan;0.0;0.0;274.0;0.0;274.0;0;6
48;133;nan;0.0;0.0;274.0;0.0;274.0;0;6
48;134;nan;0.0;0.0;274.0;0.0;274.0;0;6
48;135;nan;0.0;0.0;274.0;0.0;274.0;0;6
48;136;nan;0.0;0.0;274.0;0.0;274.0;0;6
48;137;nan;0.0;0.0;274.0;0.0;274.0;0;6
48;138;nan;0.0;0.0;274.0;0.0;274.0;0;6
48;139;nan;0.0;0.0;274.0;0.0;274.0;0;6
48;140;nan;0.0;0.0;274.0;0.0;274.0;0;6
48;141;nan;0.0;0.0;274.0;0.0;274.0;0;6
48;142;nan;0.0;0.0;274.0;0.0;274.0;0;6
48;143;nan;0.0;0.0;274.0;0.0;274.0;0;6
48;144;nan;0.0;0.0;274.0;0.0;274.0;0;6
48;145;nan;0.0;0.0;274.0;0.0;274.0;0;6
48;146;nan;0.0;0.0;274.0;0.0;274.0;0;6
48;147;nan;0.0;0.0;274.0;0.0;274.0;0;6
48;148;nan;0.0;0.0;274.0;0.0;274.0;0;6
48;149;nan;0.0;0.0;274.0;0.0;274.0;0;6
49;0;nan;0.0;0.0;286.0;0.0;285.0;1;1
49;1;nan;0.0;0.0;285.0;0.0;285.0;0;1
49;2;nan;0.0;0.0;285.0;0.0;285.0;0;1
49;3;nan;0.0;0.0;285.0;0.0;285.0;0;1
49;4;nan;0.0;0.0;285.0;0.0;285.0;0;1
49;5;nan;0.0;0.0;285.0;0.0;285.0;0;1
49;6;nan;0.0;0.0;285.0;0.0;285.0;0;1
49;7;nan;0.0;0.0;285.0;0.0;285.0;0;1
49;8;nan;0.0;0.0;285.0;0.0;285.0;0;1
49;9;nan;0.0;0.0;285.0;0.0;285.0;0;1
49;10;nan;0.0;0.0;285.0;0.0;285.0;0;1
49;11;nan;0.0;0.0;285.0;0.0;285.0;0;1
49;12;nan;0.0;0.0;285.0;0.0;285.0;0;1
49;13;nan;0.0;0.0;285.0;0.0;285.0;0;1
49;14;nan;0.0;0.0;285.0;0.0;285.0;0;1
49;15;nan;0.0;0.0;285.0;0.0;285.0;0;1
49;16;nan;0.0;0.0;285.0;0.0;285.0;0;1
49;17;nan;0.0;0.0;285.0;0.0;285.0;0;1
49;18;nan;0.0;0.0;285.0;0.0;285.0;0;1
49;19;nan;0.0;0.0;285.0;0.0;285.0;0;1
49;20;nan;0.0;0.0;285.0;0.0;285.0;0;1
49;21;nan;0.0;0.0;285.0;0.0;285.0;0;1
49;22;nan;0.0;0.0;285.0;0.0;285.0;0;1
49;23;nan;0.0;0.0;285.0;0.0;285.0;0;1
49;24;nan;0.0;0.0;285.0;0.0;285.0;0;1
49;25;nan;0.0;0.0;285.0;0.0;285.0;0;1
49;26;nan;0.0;0.0;285.0;0.0;285.0;0;1
49;27;nan;0.0;0.0;285.0;0.0;285.0;0;1
49;28;nan;0.0;0.0;285.0;0.0;285.0;0;1
49;29;nan;0.0;0.0;285.0;0.0;285.0;0;1
49;30;nan;0.0;0.0;285.0;0.0;285.0;0;1
49;31;nan;0.0;0.0;285.0;0.0;285.0;0;1
49;32;nan;0.0;0.0;285.0;0.0;285.0;0;1
49;33;nan;0.0;0.0;285.0;0.0;285.0;0;1
49;34;nan;0.0;0.0;285.0;0.0;285.0;0;1
49;35;nan;0.0;0.0;285.0;0.0;285.0;0;1
49;36;nan;0.0;0.0;285.0;0.0;285.0;0;1
49;37;nan;0.0;0.0;285.0;0.0;285.0;0;1
49;38;nan;0.0;0.0;285.0;0.0;285.0;0;1
49;39;nan;0.0;0.0;285.0;0.0;285.0;0;1
49;40;nan;0.0;0.0;285.0;0.0;285.0;0;1
49;41;nan;0.0;0.0;285.0;0.0;285.0;0;1
49;42;nan;0.0;0.0;285.0;0.0;285.0;0;1
49;43;nan;0.0;0.0;285.0;0.0;285.0;0;1
49;44;nan;0.0;0.0;285.0;0.0;285.0;0;1
49;45;nan;0.0;0.0;285.0;0.0;285.0;0;1
49;46;nan;0.0;0.0;285.0;0.0;285.0;0;1
49;47;nan;0.0;0.0;285.0;0.0;285.0;0;1
49;48;nan;0.0;0.0;285.0;0.0;285.0;0;1
49;49;nan;0.0;0.0;285.0;0.0;285.0;0;1
49;50;nan;0.0;0.0;285.0;0.0;285.0;0;1
49;51;nan;0.0;0.0;285.0;0.0;285.0;0;1
49;52;nan;0.0;0.0;285.0;0.0;285.0;0;1
49;53;nan;0.0;0.0;285.0;0.0;285.0;0;1
49;54;nan;0.0;0.0;285.0;0.0;285.0;0;1
49;55;nan;0.0;0.0;285.0;0.0;285.0;0;1
49;56;nan;0.0;0.0;285.0;0.0;285.0;0;1
49;57;nan;0.0;0.0;285.0;0.0;285.0;0;1
49;58;nan;0.0;0.0;285.0;0.0;285.0;0;1
49;59;nan;0.0;0.0;285.0;0.0;285.0;0;1
49;60;nan;0.0;0.0;281.0;0.0;281.0;1;2
49;61;nan;0.0;0.0;289.0;0.0;281.0;0;2
49;62;nan;0.0;0.0;288.0;0.0;281.0;0;2
49;63;nan;0.0;0.0;295.0;0.0;281.0;0;2
49;64;nan;0.0;0.0;304.0;0.0;281.0;0;2
49;65;nan;0.0;0.0;283.0;0.0;281.0;0;2
49;66;nan;0.0;0.0;282.0;0.0;281.0;0;2
49;67;nan;0.0;0.0;276.0;0.0;281.0;1;3
49;68;nan;0.0;0.0;275.0;0.0;275.0;0;3
49;69;nan;0.0;0.0;275.0;0.0;275.0;0;3
49;70;nan;0.0;0.0;275.0;0.0;275.0;0;3
49;71;nan;0.0;0.0;275.0;0.0;275.0;0;3
49;72;nan;0.0;0.0;275.0;0.0;275.0;0;3
49;73;nan;0.0;0.0;275.0;0.0;275.0;0;3
49;74;nan;0.0;0.0;275.0;0.0;275.0;0;3
49;75;nan;0.0;0.0;275.0;0.0;275.0;0;3
49;76;nan;0.0;0.0;275.0;0.0;275.0;0;3
49;77;nan;0.0;0.0;275.0;0.0;275.0;0;3
49;78;nan;0.0;0.0;275.0;0.0;275.0;0;3
49;79;nan;0.0;0.0;275.0;0.0;275.0;0;3
49;80;nan;0.0;0.0;275.0;0.0;275.0;0;3
49;81;nan;0.0;0.0;275.0;0.0;275.0;0;3
49;82;nan;0.0;0.0;275.0;0.0;275.0;0;3
49;83;nan;0.0;0.0;275.0;0.0;275.0;0;3
49;84;nan;0.0;0.0;275.0;0.0;275.0;0;3
49;85;nan;0.0;0.0;275.0;0.0;275.0;0;3
49;86;nan;0.0;0.0;275.0;0.0;275.0;0;3
49;87;nan;0.0;0.0;275.0;0.0;275.0;0;3
49;88;nan;0.0;0.0;275.0;0.0;275.0;0;3
49;89;nan;0.0;0.0;275.0;0.0;275.0;0;3
49;90;nan;0.0;0.0;275.0;0.0;275.0;0;3
49;91;nan;0.0;0.0;275.0;0.0;275.0;0;3
49;92;nan;0.0;0.0;275.0;0.0;275.0;0;3
49;93;nan;0.0;0.0;275.0;0.0;275.0;0;3
49;94;nan;0.0;0.0;275.0;0.0;275.0;0;3
49;95;nan;0.0;0.0;275.0;0.0;275.0;0;3
49;96;nan;0.0;0.0;275.0;0.0;275.0;0;3
49;97;nan;0.0;0.0;275.0;0.0;275.0;0;3
49;98;nan;0.0;0.0;275.0;0.0;275.0;0;3
49;99;nan;0.0;0.0;275.0;0.0;275.0;0;3
49;100;nan;0.0;0.0;275.0;0.0;275.0;0;3
49;101;nan;0.0;0.0;275.0;0.0;275.0;0;3
49;102;nan;0.0;0.0;275.0;0.0;275.0;0;3
49;103;nan;0.0;0.0;275.0;0.0;275.0;0;3
49;104;nan;0.0;0.0;275.0;0.0;275.0;0;3
49;105;nan;0.0;0.0;275.0;0.0;275.0;0;3
49;106;nan;0.0;0.0;275.0;0.0;275.0;0;3
49;107;nan;0.0;0.0;275.0;0.0;275.0;0;3
49;108;nan;0.0;0.0;275.0;0.0;275.0;0;3
49;109;nan;0.0;0.0;275.0;0.0;275.0;0;3
49;110;nan;0.0;0.0;275.0;0.0;275.0;0;3
49;111;nan;0.0;0.0;275.0;0.0;275.0;0;3
49;112;nan;0.0;0.0;275.0;0.0;275.0;0;3
49;113;nan;0.0;0.0;275.0;0.0;275.0;0;3
49;114;nan;0.0;0.0;275.0;0.0;275.0;0;3
49;115;nan;0.0;0.0;275.0;0.0;275.0;0;3
49;116;nan;0.0;0.0;275.0;0.0;275.0;0;3
49;117;nan;0.0;0.0;275.0;0.0;275.0;0;3
49;118;nan;0.0;0.0;275.0;0.0;275.0;0;3
49;119;nan;0.0;0.0;275.0;0.0;275.0;0;3
49;120;nan;0.0;0.0;275.0;0.0;275.0;0;3
49;121;nan;0.0;0.0;275.0;0.0;275.0;0;3
49;122;nan;0.0;0.0;275.0;0.0;275.0;0;3
49;123;nan;0.0;0.0;275.0;0.0;275.0;0;3
49;124;nan;0.0;0.0;275.0;0.0;275.0;0;3
49;125;nan;0.0;0.0;275.0;0.0;275.0;0;3
49;126;nan;0.0;0.0;275.0;0.0;275.0;0;3
49;127;nan;0.0;0.0;275.0;0.0;275.0;0;3
49;128;nan;0.0;0.0;275.0;0.0;275.0;0;3
49;129;nan;0.0;0.0;275.0;0.0;275.0;0;3
49;130;nan;0.0;0.0;275.0;0.0;275.0;0;3
49;131;nan;0.0;0.0;275.0;0.0;275.0;0;3
49;132;nan;0.0;0.0;275.0;0.0;275.0;0;3
49;133;nan;0.0;0.0;275.0;0.0;275.0;0;3
49;134;nan;0.0;0.0;275.0;0.0;275.0;0;3
49;135;nan;0.0;0.0;275.0;0.0;275.0;0;3
49;136;nan;0.0;0.0;275.0;0.0;275.0;0;3
49;137;nan;0.0;0.0;275.0;0.0;275.0;0;3
49;138;nan;0.0;0.0;275.0;0.0;275.0;0;3
49;139;nan;0.0;0.0;275.0;0.0;275.0;0;3
49;140;nan;0.0;0.0;275.0;0.0;275.0;0;3
49;141;nan;0.0;0.0;275.0;0.0;275.0;0;3
49;142;nan;0.0;0.0;275.0;0.0;275.0;0;3
49;143;nan;0.0;0.0;275.0;0.0;275.0;0;3
49;144;nan;0.0;0.0;275.0;0.0;275.0;0;3
49;145;nan;0.0;0.0;275.0;0.0;275.0;0;3
49;146;nan;0.0;0.0;275.0;0.0;275.0;0;3
49;147;nan;0.0;0.0;275.0;0.0;275.0;0;3
49;148;nan;0.0;0.0;275.0;0.0;275.0;0;3
49;149;nan;0.0;0.0;275.0;0.0;275.0;0;3
50;0;nan;0.0;0.0;295.0;0.0;283.0;1;1
50;1;nan;0.0;0.0;283.0;0.0;283.0;0;1
50;2;nan;0.0;0.0;283.0;0.0;283.0;0;1
50;3;nan;0.0;0.0;283.0;0.0;283.0;0;1
50;4;nan;0.0;0.0;283.0;0.0;283.0;0;1
50;5;nan;0.0;0.0;283.0;0.0;283.0;0;1
50;6;nan;0.0;0.0;283.0;0.0;283.0;0;1
50;7;nan;0.0;0.0;283.0;0.0;283.0;0;1
50;8;nan;0.0;0.0;283.0;0.0;283.0;0;1
50;9;nan;0.0;0.0;283.0;0.0;283.0;0;1
50;10;nan;0.0;0.0;283.0;0.0;283.0;0;1
50;11;nan;0.0;0.0;283.0;0.0;283.0;0;1
50;12;nan;0.0;0.0;283.0;0.0;283.0;0;1
50;13;nan;0.0;0.0;283.0;0.0;283.0;0;1
50;14;nan;0.0;0.0;283.0;0.0;283.0;0;1
50;15;nan;0.0;0.0;283.0;0.0;283.0;0;1
50;16;nan;0.0;0.0;283.0;0.0;283.0;0;1
50;17;nan;0.0;0.0;283.0;0.0;283.0;0;1
50;18;nan;0.0;0.0;283.0;0.0;283.0;0;1
50;19;nan;0.0;0.0;283.0;0.0;283.0;0;1
50;20;nan;0.0;0.0;283.0;0.0;283.0;0;1
50;21;nan;0.0;0.0;283.0;0.0;283.0;0;1
50;22;nan;0.0;0.0;283.0;0.0;283.0;0;1
50;23;nan;0.0;0.0;283.0;0.0;283.0;0;1
50;24;nan;0.0;0.0;283.0;0.0;283.0;0;1
50;25;nan;0.0;0.0;283.0;0.0;283.0;0;1
50;26;nan;0.0;0.0;283.0;0.0;283.0;0;1
50;27;nan;0.0;0.0;283.0;0.0;283.0;0;1
50;28;nan;0.0;0.0;283.0;0.0;283.0;0;1
50;29;nan;0.0;0.0;283.0;0.0;283.0;0;1
50;30;nan;0.0;0.0;273.0;0.0;273.0;1;2
50;31;nan;0.0;0.0;278.0;0.0;273.0;0;2
50;32;nan;0.0;0.0;279.0;0.0;273.0;0;2
50;33;nan;0.0;0.0;281.0;0.0;273.0;0;2
50;34;nan;0.0;0.0;290.0;0.0;273.0;0;2
50;35;nan;0.0;0.0;291.0;0.0;273.0;0;2
50;36;nan;0.0;0.0;288.0;0.0;273.0;0;2
50;37;nan;0.0;0.0;291.0;0.0;273.0;0;2
50;38;nan;0.0;0.0;275.0;0.0;273.0;0;2
50;39;nan;0.0;0.0;280.0;0.0;273.0;0;2
50;40;nan;0.0;0.0;284.0;0.0;273.0;0;2
50;41;nan;0.0;0.0;284.0;0.0;273.0;0;2
50;42;nan;0.0;0.0;324.0;0.0;273.0;0;2
50;43;nan;0.0;0.0;282.0;0.0;273.0;0;2
50;44;nan;0.0;0.0;292.0;0.0;273.0;0;2
50;45;nan;0.0;0.0;288.0;0.0;273.0;0;2
50;46;nan;0.0;0.0;287.0;0.0;273.0;0;2
50;47;nan;0.0;0.0;287.0;0.0;273.0;0;2
50;48;nan;0.0;0.0;286.0;0.0;273.0;0;2
50;49;nan;0.0;0.0;272.0;0.0;272.0;1;3
50;50;nan;0.0;0.0;272.0;0.0;272.0;0;3
50;51;nan;0.0;0.0;272.0;0.0;272.0;0;3
50;52;nan;0.0;0.0;272.0;0.0;272.0;0;3
50;53;nan;0.0;0.0;272.0;0.0;272.0;0;3
50;54;nan;0.0;0.0;272.0;0.0;272.0;0;3
50;55;nan;0.0;0.0;272.0;0.0;272.0;0;3
50;56;nan;0.0;0.0;272.0;0.0;272.0;0;3
50;57;nan;0.0;0.0;272.0;0.0;272.0;0;3
50;58;nan;0.0;0.0;272.0;0.0;272.0;0;3
50;59;nan;0.0;0.0;272.0;0.0;272.0;0;3
50;60;nan;0.0;0.0;272.0;0.0;272.0;0;3
50;61;nan;0.0;0.0;272.0;0.0;272.0;0;3
50;62;nan;0.0;0.0;272.0;0.0;272.0;0;3
50;63;nan;0.0;0.0;272.0;0.0;272.0;0;3
50;64;nan;0.0;0.0;272.0;0.0;272.0;0;3
50;65;nan;0.0;0.0;272.0;0.0;272.0;0;3
50;66;nan;0.0;0.0;272.0;0.0;272.0;0;3
50;67;nan;0.0;0.0;272.0;0.0;272.0;0;3
50;68;nan;0.0;0.0;272.0;0.0;272.0;0;3
50;69;nan;0.0;0.0;272.0;0.0;272.0;0;3
50;70;nan;0.0;0.0;272.0;0.0;272.0;0;3
50;71;nan;0.0;0.0;272.0;0.0;272.0;0;3
50;72;nan;0.0;0.0;272.0;0.0;272.0;0;3
50;73;nan;0.0;0.0;272.0;0.0;272.0;0;3
50;74;nan;0.0;0.0;272.0;0.0;272.0;0;3
50;75;nan;0.0;0.0;272.0;0.0;272.0;0;3
50;76;nan;0.0;0.0;272.0;0.0;272.0;0;3
50;77;nan;0.0;0.0;272.0;0.0;272.0;0;3
50;78;nan;0.0;0.0;272.0;0.0;272.0;0;3
50;79;nan;0.0;0.0;272.0;0.0;272.0;0;3
50;80;nan;0.0;0.0;272.0;0.0;272.0;0;3
50;81;nan;0.0;0.0;272.0;0.0;272.0;0;3
50;82;nan;0.0;0.0;272.0;0.0;272.0;0;3
50;83;nan;0.0;0.0;272.0;0.0;272.0;0;3
50;84;nan;0.0;0.0;272.0;0.0;272.0;0;3
50;85;nan;0.0;0.0;272.0;0.0;272.0;0;3
50;86;nan;0.0;0.0;272.0;0.0;272.0;0;3
50;87;nan;0.0;0.0;272.0;0.0;272.0;0;3
50;88;nan;0.0;0.0;272.0;0.0;272.0;0;3
50;89;nan;0.0;0.0;272.0;0.0;272.0;0;3
50;90;nan;0.0;0.0;272.0;0.0;272.0;0;3
50;91;nan;0.0;0.0;272.0;0.0;272.0;0;3
50;92;nan;0.0;0.0;272.0;0.0;272.0;0;3
50;93;nan;0.0;0.0;272.0;0.0;272.0;0;3
50;94;nan;0.0;0.0;272.0;0.0;272.0;0;3
50;95;nan;0.0;0.0;272.0;0.0;272.0;0;3
50;96;nan;0.0;0.0;272.0;0.0;272.0;0;3
50;97;nan;0.0;0.0;272.0;0.0;272.0;0;3
50;98;nan;0.0;0.0;272.0;0.0;272.0;0;3
50;99;nan;0.0;0.0;272.0;0.0;272.0;0;3
50;100;nan;0.0;0.0;272.0;0.0;272.0;0;3
50;101;nan;0.0;0.0;272.0;0.0;272.0;0;3
50;102;nan;0.0;0.0;272.0;0.0;272.0;0;3
50;103;nan;0.0;0.0;272.0;0.0;272.0;0;3
50;104;nan;0.0;0.0;272.0;0.0;272.0;0;3
50;105;nan;0.0;0.0;272.0;0.0;272.0;0;3
50;106;nan;0.0;0.0;272.0;0.0;272.0;0;3
50;107;nan;0.0;0.0;272.0;0.0;272.0;0;3
50;108;nan;0.0;0.0;272.0;0.0;272.0;0;3
50;109;nan;0.0;0.0;272.0;0.0;272.0;0;3
50;110;nan;0.0;0.0;272.0;0.0;272.0;0;3
50;111;nan;0.0;0.0;272.0;0.0;272.0;0;3
50;112;nan;0.0;0.0;272.0;0.0;272.0;0;3
50;113;nan;0.0;0.0;272.0;0.0;272.0;0;3
50;114;nan;0.0;0.0;272.0;0.0;272.0;0;3
50;115;nan;0.0;0.0;272.0;0.0;272.0;0;3
50;116;nan;0.0;0.0;272.0;0.0;272.0;0;3
50;117;nan;0.0;0.0;272.0;0.0;272.0;0;3
50;118;nan;0.0;0.0;272.0;0.0;272.0;0;3
50;119;nan;0.0;0.0;272.0;0.0;272.0;0;3
50;120;nan;0.0;0.0;272.0;0.0;272.0;0;3
50;121;nan;0.0;0.0;272.0;0.0;272.0;0;3
50;122;nan;0.0;0.0;272.0;0.0;272.0;0;3
50;123;nan;0.0;0.0;272.0;0.0;272.0;0;3
50;124;nan;0.0;0.0;272.0;0.0;272.0;0;3
50;125;nan;0.0;0.0;272.0;0.0;272.0;0;3
50;126;nan;0.0;0.0;272.0;0.0;272.0;0;3
50;127;nan;0.0;0.0;272.0;0.0;272.0;0;3
50;128;nan;0.0;0.0;272.0;0.0;272.0;0;3
50;129;nan;0.0;0.0;272.0;0.0;272.0;0;3
50;130;nan;0.0;0.0;272.0;0.0;272.0;0;3
50;131;nan;0.0;0.0;272.0;0.0;272.0;0;3
50;132;nan;0.0;0.0;272.0;0.0;272.0;0;3
50;133;nan;0.0;0.0;272.0;0.0;272.0;0;3
50;134;nan;0.0;0.0;272.0;0.0;272.0;0;3
50;135;nan;0.0;0.0;272.0;0.0;272.0;0;3
50;136;nan;0.0;0.0;272.0;0.0;272.0;0;3
50;137;nan;0.0;0.0;272.0;0.0;272.0;0;3
50;138;nan;0.0;0.0;272.0;0.0;272.0;0;3
50;139;nan;0.0;0.0;272.0;0.0;272.0;0;3
50;140;nan;0.0;0.0;272.0;0.0;272.0;0;3
50;141;nan;0.0;0.0;272.0;0.0;272.0;0;3
50;142;nan;0.0;0.0;272.0;0.0;272.0;0;3
50;143;nan;0.0;0.0;272.0;0.0;272.0;0;3
50;144;nan;0.0;0.0;272.0;0.0;272.0;0;3
50;145;nan;0.0;0.0;272.0;0.0;272.0;0;3
50;146;nan;0.0;0.0;272.0;0.0;272.0;0;3
50;147;nan;0.0;0.0;272.0;0.0;272.0;0;3
50;148;nan;0.0;0.0;272.0;0.0;272.0;0;3
50;149;nan;0.0;0.0;272.0;0.0;272.0;0;3
