param;value
filename;./inputData/Londrina100n.car
base_seed;1
nRuns;51
iterations;100
antsN;50
stagnation;30
favorites;60
gbPeriod;0
rhoNodes;0.1
rhoCars;0.1
rhoPass;0.1
alphaNodes;1.5
alphaCars;1.5
alphaPass;1.5
betaNodes;1.2
betaCars;1.2
betaPass;1.1
maxMinCars;0
maxMinNodes;0
pBestCars;0
useTBAS;0
sampleCars;1
enforceNoRerent;1
returnFactorCars;0
epsilonEtaCars;1e-06
smGammaCars;0.7
restartTargetCars;mid
exploreCars;0
exploreItersCars;20
exploreRhoMultCars;2
policyQ0;0.1
adaptiveQ0;1
q0Start;0.2
q0End;0.9
eliteKAnts;7
lsTopW;0
lsQuality;High
useReinsertion;0
reinsertionMaxPasses;5
dpCacheCapacity;5000
dpMaxSegmentLenOffset;5
intensifierEnabled;1
intensifierMaxStagnationIterations;3
intensifierResetPheromonesCount;2
intensifierPheromoneReductionGamma;0.3
intensifierArchiveAndResetBest;0
ablationDisableAntDepositsDuringIntensification;0
ablationResetPheromonesOnIntensifierActivation;0
ablationIntensifierOnlyNoAnts;0
ablationIntensifierOnlyRandomInitialTour;0
runSeeds;run0=9176377229071207081,run1=76241568449944305,run2=11569656429252920891,run3=8006770736520076435,run4=10222608011239175760,run5=83674907983555125,run6=16633518659454552880,run7=3348662810425028053,run8=1625020296661546126,run9=8722260422266777814,run10=18422523289718600251,run11=12120595211417451604,run12=11180516292616150398,run13=13235578871255005297,run14=17784125318686945540,run15=15956506419893335137,run16=2899130862535483918,run17=11850605890185619915,run18=13353388233111958045,run19=6644193456908987648,run20=9748498986499756733,run21=9610614758425770644,run22=16467222360164019310,run23=11726302834367551336,run24=8896860786397106362,run25=6737285527070588895,run26=11634350522773239934,run27=7808547232002136844,run28=3287009989320200796,run29=8484872300069380217,run30=8138020970177873692,run31=16735953543485209995,run32=957827445528146549,run33=9178821638437730898,run34=2354512119315649564,run35=10160966691791677292,run36=27474500062045820,run37=7844575079918988844,run38=15524044195614787644,run39=4980590106503615414,run40=3943098024137922559,run41=141425323448007506,run42=16001952662412044218,run43=6069959457317431616,run44=2033442876187297925,run45=7223543130371895193,run46=4350234967155519396,run47=10524526614539617298,run48=3004527168784687515,run49=3975454624479931874,run50=1666912681748276242
stagnationEvents;run0=2,run1=3,run2=1,run3=1,run4=1,run5=3,run6=2,run7=2,run8=2,run9=3,run10=2,run11=2,run12=2,run13=2,run14=3,run15=3,run16=2,run17=3,run18=2,run19=1,run20=1,run21=2,run22=2,run23=2,run24=3,run25=2,run26=2,run27=2,run28=1,run29=2,run30=3,run31=1,run32=2,run33=3,run34=2,run35=2,run36=1,run37=2,run38=2,run39=2,run40=2,run41=2,run42=2,run43=2,run44=3,run45=3,run46=3,run47=1,run48=3,run49=2,run50=3
lkCalls;run0=2,run1=3,run2=1,run3=1,run4=1,run5=3,run6=2,run7=2,run8=2,run9=3,run10=2,run11=2,run12=2,run13=2,run14=3,run15=3,run16=2,run17=3,run18=2,run19=1,run20=1,run21=2,run22=2,run23=2,run24=3,run25=2,run26=2,run27=2,run28=1,run29=2,run30=3,run31=1,run32=2,run33=3,run34=2,run35=2,run36=1,run37=2,run38=2,run39=2,run40=2,run41=2,run42=2,run43=2,run44=3,run45=3,run46=3,run47=1,run48=3,run49=2,run50=3
lkSuccess;run0=0,run1=1,run2=0,run3=0,run4=1,run5=0,run6=0,run7=1,run8=0,run9=0,run10=0,run11=1,run12=0,run13=0,run14=0,run15=0,run16=0,run17=1,run18=0,run19=0,run20=0,run21=0,run22=0,run23=0,run24=2,run25=0,run26=0,run27=1,run28=1,run29=0,run30=1,run31=0,run32=0,run33=1,run34=0,run35=0,run36=0,run37=0,run38=0,run39=0,run40=0,run41=0,run42=0,run43=1,run44=0,run45=0,run46=1,run47=1,run48=0,run49=1,run50=1
tOptCalls;run0=0,run1=0,run2=0,run3=0,run4=0,run5=0,run6=0,run7=0,run8=0,run9=0,run10=0,run11=0,run12=0,run13=0,run14=0,run15=0,run16=0,run17=0,run18=0,run19=0,run20=0,run21=0,run22=0,run23=0,run24=0,run25=0,run26=0,run27=0,run28=0,run29=0,run30=0,run31=0,run32=0,run33=0,run34=0,run35=0,run36=0,run37=0,run38=0,run39=0,run40=0,run41=0,run42=0,run43=0,run44=0,run45=0,run46=0,run47=0,run48=0,run49=0,run50=0
tOptSuccess;run0=0,run1=0,run2=0,run3=0,run4=0,run5=0,run6=0,run7=0,run8=0,run9=0,run10=0,run11=0,run12=0,run13=0,run14=0,run15=0,run16=0,run17=0,run18=0,run19=0,run20=0,run21=0,run22=0,run23=0,run24=0,run25=0,run26=0,run27=0,run28=0,run29=0,run30=0,run31=0,run32=0,run33=0,run34=0,run35=0,run36=0,run37=0,run38=0,run39=0,run40=0,run41=0,run42=0,run43=0,run44=0,run45=0,run46=0,run47=0,run48=0,run49=0,run50=0
kickCalls;run0=2,run1=2,run2=1,run3=1,run4=0,run5=3,run6=2,run7=1,run8=2,run9=3,run10=2,run11=1,run12=2,run13=2,run14=3,run15=3,run16=2,run17=2,run18=2,run19=1,run20=1,run21=2,run22=2,run23=2,run24=2,run25=2,run26=2,run27=1,run28=0,run29=2,run30=2,run31=1,run32=2,run33=2,run34=2,run35=2,run36=1,run37=2,run38=2,run39=2,run40=2,run41=2,run42=2,run43=1,run44=3,run45=3,run46=2,run47=0,run48=3,run49=1,run50=2
kickSuccess;run0=0,run1=0,run2=0,run3=0,run4=0,run5=1,run6=0,run7=0,run8=1,run9=0,run10=0,run11=0,run12=0,run13=0,run14=0,run15=1,run16=0,run17=0,run18=0,run19=0,run20=0,run21=0,run22=0,run23=0,run24=1,run25=0,run26=0,run27=0,run28=0,run29=0,run30=0,run31=0,run32=1,run33=0,run34=0,run35=0,run36=0,run37=0,run38=0,run39=1,run40=0,run41=0,run42=0,run43=0,run44=1,run45=1,run46=0,run47=0,run48=0,run49=0,run50=0
cacheEvalHitRate;run0=8.75%,run1=5.78%,run2=17.47%,run3=17.50%,run4=30.79%,run5=2.33%,run6=6.14%,run7=18.29%,run8=32.05%,run9=1.27%,run10=15.53%,run11=15.75%,run12=6.93%,run13=22.40%,run14=0.30%,run15=9.62%,run16=3.06%,run17=3.00%,run18=21.13%,run19=18.44%,run20=14.23%,run21=12.50%,run22=9.11%,run23=14.01%,run24=2.45%,run25=7.05%,run26=23.76%,run27=15.48%,run28=16.33%,run29=2.72%,run30=0.42%,run31=18.41%,run32=13.95%,run33=5.57%,run34=2.54%,run35=2.54%,run36=11.24%,run37=6.72%,run38=1.94%,run39=23.58%,run40=5.27%,run41=4.54%,run42=11.50%,run43=12.42%,run44=0.27%,run45=3.93%,run46=4.81%,run47=12.21%,run48=0.64%,run49=16.35%,run50=1.39%
cacheReasHitRate;run0=39.88%,run1=39.47%,run2=45.56%,run3=44.59%,run4=54.80%,run5=37.43%,run6=39.56%,run7=43.19%,run8=52.20%,run9=37.55%,run10=44.26%,run11=42.60%,run12=40.09%,run13=48.38%,run14=37.12%,run15=41.78%,run16=39.00%,run17=37.89%,run18=50.53%,run19=46.81%,run20=41.52%,run21=43.21%,run22=41.53%,run23=45.41%,run24=37.15%,run25=41.08%,run26=50.40%,run27=45.08%,run28=42.76%,run29=37.74%,run30=36.86%,run31=46.94%,run32=43.32%,run33=39.30%,run34=37.43%,run35=38.54%,run36=41.20%,run37=39.46%,run38=37.37%,run39=49.20%,run40=39.75%,run41=38.54%,run42=41.06%,run43=41.98%,run44=37.12%,run45=37.99%,run46=38.96%,run47=41.45%,run48=37.26%,run49=43.70%,run50=37.76%
lkSuccessRate;run0=0.00% (cache:8.7%),run1=33.33% (cache:5.8%),run2=0.00% (cache:17.5%),run3=0.00% (cache:17.5%),run4=100.00% (cache:30.8%),run5=0.00% (cache:2.3%),run6=0.00% (cache:6.1%),run7=50.00% (cache:18.3%),run8=0.00% (cache:32.1%),run9=0.00% (cache:1.3%),run10=0.00% (cache:15.5%),run11=50.00% (cache:15.7%),run12=0.00% (cache:6.9%),run13=0.00% (cache:22.4%),run14=0.00% (cache:0.3%),run15=0.00% (cache:9.6%),run16=0.00% (cache:3.1%),run17=33.33% (cache:3.0%),run18=0.00% (cache:21.1%),run19=0.00% (cache:18.4%),run20=0.00% (cache:14.2%),run21=0.00% (cache:12.5%),run22=0.00% (cache:9.1%),run23=0.00% (cache:14.0%),run24=66.67% (cache:2.5%),run25=0.00% (cache:7.1%),run26=0.00% (cache:23.8%),run27=50.00% (cache:15.5%),run28=100.00% (cache:16.3%),run29=0.00% (cache:2.7%),run30=33.33% (cache:0.4%),run31=0.00% (cache:18.4%),run32=0.00% (cache:14.0%),run33=33.33% (cache:5.6%),run34=0.00% (cache:2.5%),run35=0.00% (cache:2.5%),run36=0.00% (cache:11.2%),run37=0.00% (cache:6.7%),run38=0.00% (cache:1.9%),run39=0.00% (cache:23.6%),run40=0.00% (cache:5.3%),run41=0.00% (cache:4.5%),run42=0.00% (cache:11.5%),run43=50.00% (cache:12.4%),run44=0.00% (cache:0.3%),run45=0.00% (cache:3.9%),run46=33.33% (cache:4.8%),run47=100.00% (cache:12.2%),run48=0.00% (cache:0.6%),run49=50.00% (cache:16.4%),run50=33.33% (cache:1.4%)
tOptSuccessRate;run0=N/A,run1=N/A,run2=N/A,run3=N/A,run4=N/A,run5=N/A,run6=N/A,run7=N/A,run8=N/A,run9=N/A,run10=N/A,run11=N/A,run12=N/A,run13=N/A,run14=N/A,run15=N/A,run16=N/A,run17=N/A,run18=N/A,run19=N/A,run20=N/A,run21=N/A,run22=N/A,run23=N/A,run24=N/A,run25=N/A,run26=N/A,run27=N/A,run28=N/A,run29=N/A,run30=N/A,run31=N/A,run32=N/A,run33=N/A,run34=N/A,run35=N/A,run36=N/A,run37=N/A,run38=N/A,run39=N/A,run40=N/A,run41=N/A,run42=N/A,run43=N/A,run44=N/A,run45=N/A,run46=N/A,run47=N/A,run48=N/A,run49=N/A,run50=N/A

run;iter;n_ants;ant_cost_min;ant_cost_q1;ant_cost_median;ant_cost_q3;ant_cost_max;ant_cost_mean;ant_cost_std
0;0;7;1759.0;2080.5;2241.0;2265.0;2270.0;2137.3;193.0
0;1;7;1730.0;2129.0;2317.0;2467.5;2486.0;2246.6;265.9
0;2;7;1685.0;2086.0;2351.0;2371.5;2395.0;2192.3;279.5
0;3;7;1783.0;2071.5;2269.0;2304.5;2331.0;2162.1;205.8
0;4;7;1660.0;2090.5;2291.0;2300.5;2311.0;2149.1;238.0
0;5;7;1735.0;2002.0;2244.0;2275.5;2347.0;2125.9;222.5
0;6;7;1780.0;2014.0;2243.0;2271.5;2325.0;2131.3;221.8
0;7;7;1913.0;2117.0;2258.0;2295.5;2339.0;2190.7;157.5
0;8;7;1686.0;2083.0;2279.0;2314.5;2324.0;2154.9;238.9
0;9;7;1680.0;1977.0;2231.0;2254.0;2295.0;2095.4;246.0
0;10;7;1801.0;2041.5;2262.0;2298.5;2331.0;2153.4;212.9
0;11;7;1650.0;2038.5;2305.0;2330.5;2386.0;2154.1;273.5
0;12;7;1820.0;2019.5;2226.0;2302.0;2326.0;2145.0;200.7
0;13;7;1738.0;1988.5;2221.0;2256.5;2271.0;2102.9;225.8
0;14;7;1742.0;1841.0;2218.0;2230.5;2253.0;2050.9;213.9
0;15;7;1665.0;1828.0;2140.0;2162.5;2252.0;2005.4;210.5
0;16;7;1752.0;1834.5;2138.0;2157.5;2208.0;2011.7;180.5
0;17;7;1721.0;1809.5;2193.0;2208.0;2249.0;2028.3;218.3
0;18;7;1712.0;1762.0;2085.0;2166.5;2271.0;1989.3;219.1
0;19;7;1637.0;1777.0;2144.0;2221.0;2271.0;2006.9;247.1
0;20;7;1715.0;1777.0;2116.0;2160.5;2177.0;1983.3;198.6
0;21;7;1571.0;1692.5;2145.0;2171.5;2205.0;1949.9;264.4
0;22;7;1516.0;1704.5;2085.0;2127.0;2161.0;1917.9;247.7
0;23;7;1553.0;1640.0;2083.0;2090.0;2101.0;1885.3;239.6
0;24;7;1703.0;1799.0;2194.0;2201.5;2211.0;2015.6;219.5
0;25;7;1489.0;1555.5;2001.0;2009.0;2018.0;1805.3;237.4
0;26;7;1657.0;1735.5;2059.0;2075.0;2096.0;1919.0;183.7
0;27;7;1688.0;1735.5;2008.0;2081.0;2116.0;1920.7;179.5
0;28;7;1482.0;1701.5;2060.0;2100.0;2106.0;1893.0;241.0
0;29;7;1595.0;1628.5;2091.0;2099.5;2106.0;1892.6;238.8
0;30;7;1560.0;1683.0;2059.0;2105.0;2117.0;1901.7;233.0
0;31;7;1402.0;1597.0;1814.0;2161.0;2186.0;1845.4;302.2
0;32;7;1379.0;1519.0;1775.0;2083.0;2126.0;1783.4;296.9
0;33;7;1467.0;1605.5;1685.0;2078.5;2108.0;1804.0;254.0
0;34;7;1173.0;1269.0;1734.0;2044.5;2058.0;1656.0;381.1
0;35;7;1295.0;1561.5;2042.0;2079.0;2096.0;1816.3;309.2
0;36;7;1396.0;1448.5;1898.0;1920.0;1941.0;1710.3;243.3
0;37;7;1293.0;1391.0;2014.0;2026.5;2037.0;1739.9;332.7
0;38;7;1312.0;1338.5;1771.0;1885.5;1919.0;1635.7;268.7
0;39;7;1202.0;1266.5;1323.0;1864.5;1892.0;1525.6;304.7
0;40;7;1248.0;1274.5;1331.0;1902.0;1989.0;1560.1;323.2
0;41;7;1273.0;1335.5;1531.0;1873.5;1941.0;1594.7;273.0
0;42;7;1187.0;1289.5;1352.0;1906.5;1925.0;1550.9;317.5
0;43;7;1348.0;1485.5;1569.0;1934.5;1955.0;1673.1;240.3
0;44;7;1214.0;1329.0;1537.0;1938.0;1946.0;1604.4;305.3
0;45;7;1264.0;1325.5;1470.0;1972.0;1975.0;1614.9;315.8
0;46;7;1183.0;1304.0;1425.0;1978.5;1989.0;1594.6;342.8
0;47;7;1210.0;1412.5;1501.0;1881.5;1914.0;1601.9;265.8
0;48;7;1227.0;1275.0;1291.0;1932.0;1941.0;1553.3;331.1
0;49;7;1226.0;1355.5;1505.0;1963.5;1983.0;1621.7;310.9
0;50;7;1756.0;1783.5;1891.0;2254.5;2320.0;2006.1;239.7
0;51;7;1575.0;1725.5;1895.0;2270.0;2312.0;1967.6;287.9
0;52;7;1631.0;1714.5;1797.0;2235.0;2276.0;1943.3;269.0
0;53;7;1685.0;1723.5;1739.0;2224.5;2330.0;1950.0;271.9
0;54;7;1591.0;1634.5;1706.0;2161.0;2201.0;1869.9;266.2
0;55;7;1631.0;1740.0;1820.0;2119.0;2151.0;1902.9;203.3
0;56;7;1568.0;1642.5;1813.0;2208.0;2229.0;1901.6;281.3
0;57;7;1622.0;1647.0;1675.0;2157.0;2166.0;1867.3;253.9
0;58;7;1615.0;1703.0;1765.0;2132.0;2146.0;1885.1;221.8
0;59;7;1629.0;1663.5;1710.0;2005.0;2225.0;1843.0;242.0
0;60;7;1597.0;1610.5;1643.0;1967.5;2156.0;1793.1;236.0
0;61;7;1485.0;1524.5;1581.0;1891.0;2090.0;1712.4;246.3
0;62;7;1513.0;1568.5;1723.0;1942.0;2146.0;1771.9;246.9
0;63;7;1377.0;1470.5;1588.0;1870.5;2151.0;1685.4;301.3
0;64;7;1220.0;1354.5;1525.0;1862.0;2080.0;1608.3;327.5
0;65;7;1356.0;1450.5;1584.0;1783.5;2035.0;1634.7;250.7
0;66;7;1261.0;1290.0;1335.0;1655.0;1965.0;1493.0;297.5
0;67;7;1284.0;1318.5;1366.0;1875.5;1997.0;1576.4;302.3
0;68;7;1305.0;1354.0;1405.0;1740.0;1945.0;1549.0;260.2
0;69;7;1241.0;1267.0;1302.0;1742.0;1944.0;1500.7;294.2
0;70;7;1319.0;1330.5;1381.0;1677.0;1928.0;1520.4;253.4
0;71;7;1179.0;1381.0;1434.0;1641.0;1888.0;1506.4;230.3
0;72;7;1259.0;1291.5;1310.0;1557.5;1839.0;1443.7;238.9
0;73;7;1184.0;1298.0;1311.0;1566.0;1702.0;1417.9;189.6
0;74;7;1178.0;1188.0;1209.0;1475.5;1712.0;1346.6;231.3
0;75;7;1178.0;1202.5;1222.0;1462.5;1690.0;1345.7;218.1
0;76;7;1179.0;1188.5;1195.0;1347.0;1498.0;1277.6;138.9
0;77;7;1183.0;1185.5;1194.0;1475.5;1751.0;1350.0;247.9
0;78;7;1177.0;1188.0;1191.0;1341.5;1487.0;1273.4;135.2
0;79;7;1177.0;1184.0;1192.0;1356.0;1496.0;1277.9;136.5
0;80;7;1173.0;1180.5;1193.0;1359.0;1513.0;1279.7;147.0
0;81;7;1179.0;1185.0;1196.0;1540.5;1831.0;1379.6;286.1
0;82;7;1170.0;1189.0;1204.0;1368.5;1524.0;1287.6;150.1
0;83;7;1176.0;1185.5;1192.0;1359.0;1525.0;1283.1;153.1
0;84;7;1173.0;1194.5;1213.0;1371.5;1523.0;1291.6;147.1
0;85;7;1169.0;1188.0;1199.0;1368.0;1523.0;1286.1;150.3
0;86;7;1176.0;1179.5;1190.0;1356.5;1602.0;1291.4;172.8
0;87;7;1197.0;1197.0;1197.0;1354.0;1506.0;1286.0;139.2
0;88;7;1192.0;1199.5;1202.0;1363.5;1500.0;1288.6;133.5
0;89;7;1171.0;1176.0;1178.0;1182.5;1650.0;1245.1;165.3
0;90;7;1180.0;1187.5;1195.0;1218.0;1621.0;1258.1;149.0
0;91;7;1174.0;1187.0;1201.0;1300.5;1765.0;1302.1;201.2
0;92;7;1167.0;1183.5;1185.0;1563.5;1930.0;1396.6;274.8
0;93;7;1183.0;1188.5;1199.0;1288.0;2066.0;1343.0;298.4
0;94;7;1179.0;1183.5;1224.0;1312.5;1887.0;1326.0;236.0
0;95;7;1179.0;1179.0;1180.0;1320.5;1790.0;1306.9;215.7
0;96;7;1173.0;1174.0;1176.0;1192.5;1463.0;1220.7;99.2
0;97;7;1172.0;1174.0;1174.0;1195.0;1463.0;1221.0;99.2
0;98;7;1168.0;1175.0;1175.0;1184.5;1456.0;1216.9;97.9
0;99;7;1173.0;1180.5;1186.0;1186.0;1458.0;1221.4;96.7
1;0;7;1685.0;1997.0;2252.0;2303.0;2366.0;2129.0;263.3
1;1;7;1821.0;2111.0;2327.0;2338.0;2355.0;2200.1;217.5
1;2;7;1720.0;1992.5;2279.0;2363.5;2384.0;2156.4;276.6
1;3;7;1667.0;1981.0;2259.0;2281.0;2331.0;2111.6;266.2
1;4;7;1831.0;2091.5;2287.0;2316.5;2326.0;2180.0;194.8
1;5;7;1661.0;2072.0;2282.0;2379.0;2400.0;2177.9;263.8
1;6;7;1780.0;2041.0;2259.0;2292.5;2305.0;2144.4;211.5
1;7;7;1770.0;2026.0;2296.0;2321.0;2355.0;2159.3;245.6
1;8;7;1717.0;2029.5;2293.0;2324.5;2428.0;2163.7;270.1
1;9;7;1775.0;1989.5;2230.0;2243.0;2286.0;2108.0;192.0
1;10;7;1686.0;2040.0;2301.0;2337.5;2355.0;2156.7;263.2
1;11;7;1691.0;1997.0;2183.0;2264.0;2292.0;2098.3;223.4
1;12;7;1723.0;2128.5;2343.0;2382.0;2391.0;2211.1;245.3
1;13;7;1698.0;2032.0;2304.0;2342.5;2368.0;2159.9;269.7
1;14;7;1770.0;1838.0;2372.0;2386.5;2407.0;2142.6;285.7
1;15;7;1830.0;1861.0;2396.0;2403.5;2422.0;2168.1;275.6
1;16;7;1731.0;1780.0;2199.0;2271.5;2312.0;2049.3;251.3
1;17;7;1722.0;1882.0;2257.0;2295.0;2352.0;2097.9;240.1
1;18;7;1614.0;1758.5;2169.0;2194.5;2211.0;1985.7;242.9
1;19;7;1696.0;1760.0;2271.0;2305.0;2334.0;2061.6;283.3
1;20;7;1782.0;1808.5;2258.0;2305.0;2319.0;2083.7;246.8
1;21;7;1676.0;1777.0;2284.0;2295.0;2323.0;2061.0;279.8
1;22;7;1689.0;1745.0;2198.0;2223.5;2249.0;2010.4;247.0
1;23;7;1678.0;1713.5;2178.0;2212.0;2274.0;1997.3;258.1
1;24;7;1504.0;1666.0;2134.0;2142.0;2145.0;1914.1;269.7
1;25;7;1523.0;1618.5;2093.0;2166.0;2207.0;1913.1;287.0
1;26;7;1433.0;1725.0;2149.0;2217.5;2227.0;1956.3;302.3
1;27;7;1634.0;1710.0;2096.0;2110.0;2117.0;1926.7;213.5
1;28;7;1592.0;1742.0;2122.0;2124.5;2146.0;1941.9;224.5
1;29;7;1663.0;1721.5;2084.0;2137.5;2181.0;1949.4;216.8
1;30;7;1620.0;1661.5;2109.0;2115.5;2153.0;1919.4;237.1
1;31;7;1410.0;1488.0;1577.0;2057.0;2112.0;1741.3;293.8
1;32;7;1456.0;1516.0;1579.0;2084.0;2106.0;1763.0;287.6
1;33;7;1174.0;1359.5;1453.0;2096.5;2152.0;1670.1;393.4
1;34;7;1402.0;1500.0;2064.0;2096.0;2119.0;1825.3;312.2
1;35;7;1392.0;1498.5;1967.0;2046.0;2063.0;1787.3;287.9
1;36;7;1269.0;1563.5;2004.0;2024.0;2053.0;1785.9;298.6
1;37;7;1343.0;1410.5;1989.0;2020.5;2073.0;1752.4;317.5
1;38;7;1249.0;1309.5;1880.0;1896.5;1980.0;1645.9;310.7
1;39;7;1285.0;1327.5;1469.0;1984.0;2007.0;1626.3;321.0
1;40;7;1264.0;1307.0;1382.0;1954.0;1987.0;1593.6;323.8
1;41;7;1232.0;1468.5;1654.0;1993.0;2007.0;1688.0;297.7
1;42;7;1201.0;1225.5;1256.0;1954.0;1980.0;1542.3;364.5
1;43;7;1267.0;1312.5;1353.0;1814.0;1823.0;1528.0;251.6
1;44;7;1260.0;1302.5;1467.0;1867.0;1923.0;1569.9;280.5
1;45;7;1236.0;1279.5;1327.0;1868.0;1888.0;1535.1;295.2
1;46;7;1190.0;1279.5;1331.0;1846.5;1881.0;1522.0;294.0
1;47;7;1274.0;1336.5;1460.0;1954.5;1969.0;1612.1;305.3
1;48;7;1327.0;1407.5;1502.0;1895.5;1924.0;1622.7;249.3
1;49;7;1180.0;1270.5;1491.0;1876.5;1959.0;1560.6;311.2
1;50;7;1195.0;1330.0;1423.0;1787.5;1832.0;1526.4;247.8
1;51;7;1223.0;1435.0;1535.0;1863.5;1924.0;1611.3;257.3
1;52;7;1189.0;1224.0;1317.0;1833.5;1842.0;1494.7;298.1
1;53;7;1193.0;1220.0;1309.0;1647.5;1676.0;1416.1;212.1
1;54;7;1197.0;1217.0;1277.0;1745.0;1769.0;1452.4;261.8
1;55;7;1193.0;1204.0;1340.0;1649.0;1653.0;1413.1;210.5
1;56;7;1203.0;1227.5;1269.0;1651.5;1663.0;1413.3;210.4
1;57;7;1178.0;1195.0;1365.0;1724.5;1767.0;1449.9;257.2
1;58;7;1184.0;1206.5;1276.0;1677.5;1720.0;1421.1;236.4
1;59;7;1190.0;1209.0;1277.0;1580.5;1779.0;1403.6;240.9
1;60;7;1182.0;1200.0;1253.0;1526.5;1837.0;1389.3;268.4
1;61;7;1183.0;1188.5;1216.0;1457.0;1641.0;1333.0;196.1
1;62;7;1196.0;1201.0;1213.0;1458.0;1657.0;1340.6;199.7
1;63;7;1196.0;1201.0;1211.0;1416.0;1611.0;1321.7;183.1
1;64;7;1184.0;1190.5;1206.0;1417.5;1626.0;1318.9;194.4
1;65;7;1193.0;1202.0;1248.0;1439.0;1657.0;1340.0;192.9
1;66;7;1185.0;1190.5;1196.0;1446.0;1761.0;1345.0;233.7
1;67;7;1187.0;1226.0;1235.0;1582.0;1861.0;1414.1;270.6
1;68;7;1188.0;1212.5;1226.0;1520.5;1844.0;1389.1;278.9
1;69;7;1188.0;1230.5;1254.0;1486.5;1771.0;1378.1;233.5
1;70;7;1175.0;1184.5;1197.0;1451.0;1617.0;1322.9;188.4
1;71;7;1179.0;1234.5;1255.0;1697.0;1881.0;1454.0;286.9
1;72;7;1181.0;1187.5;1191.0;1512.0;1842.0;1373.3;286.0
1;73;7;1179.0;1180.0;1181.0;1396.0;1643.0;1307.9;199.6
1;74;7;1171.0;1180.0;1188.0;1336.0;1588.0;1282.7;161.4
1;75;7;1171.0;1177.5;1178.0;1319.0;1454.0;1256.6;124.9
1;76;7;1176.0;1180.0;1182.0;1316.5;1451.0;1257.4;122.4
1;77;7;1178.0;1184.5;1187.0;1320.0;1451.0;1260.7;120.4
1;78;7;1182.0;1185.0;1187.0;1319.0;1451.0;1261.1;120.1
1;79;7;1179.0;1187.0;1190.0;1321.0;1454.0;1262.7;120.1
1;80;7;1627.0;1703.5;1734.0;2015.0;2343.0;1877.3;270.8
1;81;7;1609.0;1679.0;1718.0;2031.0;2292.0;1862.7;275.2
1;82;7;1623.0;1648.5;1694.0;2073.5;2376.0;1876.7;316.3
1;83;7;1498.0;1638.0;1698.0;2046.5;2279.0;1834.9;294.3
1;84;7;1495.0;1697.0;1783.0;1990.0;2153.0;1829.3;225.6
1;85;7;1544.0;1622.5;1729.0;1982.5;2201.0;1812.0;252.0
1;86;7;1350.0;1423.0;1547.0;1856.0;2033.0;1641.1;266.9
1;87;7;1450.0;1627.5;1682.0;1776.5;2104.0;1720.6;192.8
1;88;7;1351.0;1452.5;1566.0;1613.5;2093.0;1591.7;223.6
1;89;7;1351.0;1497.0;1517.0;1543.0;2101.0;1578.4;222.0
1;90;7;1300.0;1348.0;1370.0;1568.5;2041.0;1506.3;247.9
1;91;7;1406.0;1496.0;1650.0;1695.5;1958.0;1628.1;172.7
1;92;7;1297.0;1555.0;1595.0;1641.5;1940.0;1603.6;175.3
1;93;7;1327.0;1513.0;1605.0;1633.0;1886.0;1587.1;161.6
1;94;7;1367.0;1380.5;1396.0;1634.5;1970.0;1537.6;216.2
1;95;7;1316.0;1509.5;1645.0;1679.5;1970.0;1615.6;188.9
1;96;7;1354.0;1453.5;1639.0;1662.5;1980.0;1600.7;192.6
1;97;7;1479.0;1558.0;1575.0;1627.0;1987.0;1630.1;153.0
1;98;7;1224.0;1458.5;1463.0;1553.0;1994.0;1529.1;215.9
1;99;7;1305.0;1371.0;1393.0;1515.0;2037.0;1501.0;232.1
2;0;7;1727.0;2023.0;2272.0;2359.0;2459.0;2174.6;274.9
2;1;7;1849.0;2080.5;2309.0;2350.5;2394.0;2202.0;200.6
2;2;7;1779.0;2053.5;2290.0;2320.5;2383.0;2171.4;238.1
2;3;7;1813.0;2030.0;2282.0;2313.0;2369.0;2164.3;223.4
2;4;7;1720.0;2052.5;2315.0;2408.5;2452.0;2201.3;276.2
2;5;7;1752.0;1978.5;2210.0;2262.5;2327.0;2110.1;222.4
2;6;7;1775.0;2038.0;2283.0;2291.5;2313.0;2147.1;222.3
2;7;7;1816.0;2040.5;2251.0;2303.0;2310.0;2152.0;204.9
2;8;7;1772.0;2054.0;2264.0;2315.5;2328.0;2157.6;212.8
2;9;7;1795.0;2060.0;2277.0;2305.5;2313.0;2159.4;211.1
2;10;7;1673.0;1989.0;2161.0;2247.5;2263.0;2081.4;215.7
2;11;7;1622.0;1983.0;2184.0;2221.5;2276.0;2070.1;235.6
2;12;7;1818.0;2060.5;2253.0;2324.0;2395.0;2176.4;214.3
2;13;7;1754.0;1973.0;2242.0;2252.0;2276.0;2103.1;207.2
2;14;7;1729.0;1910.5;2267.0;2272.5;2288.0;2092.9;218.9
2;15;7;1729.0;1811.5;2224.0;2242.5;2254.0;2045.0;227.8
2;16;7;1639.0;1670.0;2100.0;2136.0;2203.0;1936.3;241.7
2;17;7;1592.0;1730.5;2090.0;2168.0;2222.0;1957.3;243.5
2;18;7;1619.0;1677.5;2116.0;2155.5;2177.0;1939.7;246.5
2;19;7;1532.0;1788.0;2063.0;2099.0;2247.0;1945.1;231.4
2;20;7;1623.0;1663.5;2098.0;2123.5;2157.0;1921.7;236.6
2;21;7;1625.0;1663.5;2042.0;2076.0;2214.0;1908.6;229.7
2;22;7;1595.0;1647.0;2126.0;2140.5;2153.0;1921.3;253.4
2;23;7;1407.0;1557.0;2022.0;2077.0;2111.0;1829.7;284.9
2;24;7;1464.0;1599.5;2048.0;2097.5;2150.0;1865.1;276.5
2;25;7;1336.0;1455.5;2100.0;2119.5;2215.0;1828.7;363.1
2;26;7;1587.0;1637.5;2130.0;2134.5;2141.0;1914.6;255.0
2;27;7;1540.0;1594.5;2123.0;2167.5;2188.0;1910.7;290.8
2;28;7;1315.0;1506.5;2002.0;2027.5;2051.0;1776.6;296.6
2;29;7;1493.0;1697.0;2061.0;2093.0;2102.0;1890.9;236.6
2;30;7;1469.0;1491.0;1846.0;1897.5;1961.0;1721.9;209.2
2;31;7;1334.0;1431.5;1545.0;1922.5;1951.0;1648.3;256.9
2;32;7;1400.0;1456.0;1555.0;1970.5;1982.0;1684.3;254.9
2;33;7;1309.0;1364.5;1384.0;1906.0;1941.0;1596.4;279.7
2;34;7;1190.0;1373.0;1618.0;1921.0;1945.0;1620.1;304.6
2;35;7;1286.0;1450.5;1933.0;1953.0;1983.0;1715.6;282.2
2;36;7;1296.0;1443.5;1865.0;1880.0;1883.0;1670.1;243.7
2;37;7;1223.0;1376.5;1908.0;1927.5;1945.0;1669.1;302.7
2;38;7;1254.0;1272.0;1809.0;1839.0;1862.0;1592.4;283.2
2;39;7;1194.0;1251.5;1316.0;1780.5;1807.0;1483.0;267.9
2;40;7;1227.0;1314.0;1384.0;1774.5;1850.0;1519.7;247.3
2;41;7;1179.0;1224.0;1259.0;1708.0;1728.0;1432.9;245.5
2;42;7;1184.0;1231.5;1511.0;1814.0;1881.0;1523.9;288.8
2;43;7;1215.0;1254.0;1314.0;1851.5;1862.0;1514.6;296.1
2;44;7;1198.0;1210.5;1271.0;1819.5;1848.0;1482.4;301.2
2;45;7;1207.0;1242.0;1318.0;1818.0;1840.0;1497.9;285.5
2;46;7;1195.0;1221.0;1253.0;1770.5;1818.0;1464.1;279.9
2;47;7;1173.0;1214.5;1232.0;1775.0;1836.0;1460.0;292.1
2;48;7;1221.0;1237.5;1242.0;1683.5;1687.0;1427.4;222.9
2;49;7;1189.0;1199.5;1247.0;1743.0;1840.0;1451.6;283.1
2;50;7;1192.0;1213.5;1268.0;1686.0;1692.0;1421.6;231.7
2;51;7;1204.0;1215.0;1247.0;1814.5;1829.0;1477.0;296.8
2;52;7;1209.0;1223.0;1309.0;1687.0;1833.0;1453.0;250.7
2;53;7;1186.0;1206.5;1222.0;1679.5;1681.0;1408.7;235.1
2;54;7;1184.0;1211.5;1298.0;1823.5;1830.0;1483.1;298.5
2;55;7;1194.0;1204.5;1256.0;1831.5;1833.0;1479.3;306.0
2;56;7;1170.0;1193.5;1232.0;1715.0;1823.0;1434.6;276.9
2;57;7;1184.0;1195.5;1219.0;1674.0;1679.0;1403.0;236.4
2;58;7;1202.0;1219.5;1240.0;1755.0;1832.0;1460.4;280.8
2;59;7;1174.0;1192.0;1210.0;1754.0;1827.0;1443.3;293.4
2;60;7;1176.0;1179.5;1183.0;1678.5;1694.0;1395.6;249.6
2;61;7;1177.0;1193.5;1215.0;1786.5;1823.0;1453.6;299.7
2;62;7;1197.0;1220.5;1254.0;1768.5;1816.0;1463.6;279.2
2;63;7;1176.0;1179.5;1200.0;1516.0;1830.0;1371.0;290.1
2;64;7;1186.0;1193.5;1211.0;1555.0;1832.0;1389.4;280.5
2;65;7;1206.0;1225.5;1313.0;1626.0;1836.0;1436.9;258.6
2;66;7;1181.0;1193.0;1199.0;1511.5;1827.0;1373.7;285.8
2;67;7;1190.0;1224.0;1235.0;1545.5;1844.0;1401.1;278.1
2;68;7;1205.0;1227.5;1263.0;1755.5;1905.0;1477.0;297.6
2;69;7;1186.0;1216.0;1225.0;1544.0;1840.0;1395.9;275.6
2;70;7;1169.0;1192.0;1217.0;1503.5;1814.0;1370.1;261.0
2;71;7;1174.0;1179.0;1181.0;1402.0;1735.0;1321.7;227.4
2;72;7;1166.0;1175.0;1178.0;1238.0;1301.0;1210.1;56.1
2;73;7;1166.0;1175.0;1177.0;1252.0;1333.0;1218.6;69.1
2;74;7;1175.0;1179.0;1191.0;1258.0;1321.0;1223.0;62.3
2;75;7;1167.0;1176.5;1181.0;1243.0;1325.0;1216.0;62.5
2;76;7;1170.0;1170.0;1170.0;1194.0;1211.0;1182.7;18.0
2;77;7;1173.0;1177.0;1181.0;1201.5;1219.0;1190.0;18.6
2;78;7;1169.0;1175.0;1179.0;1200.5;1243.0;1191.7;26.1
2;79;7;1176.0;1176.0;1176.0;1199.0;1216.0;1188.3;17.6
2;80;7;1167.0;1171.5;1174.0;1195.5;1210.0;1183.6;17.2
2;81;7;1167.0;1171.5;1176.0;1192.5;1210.0;1183.0;16.5
2;82;7;1169.0;1169.0;1169.0;1182.0;1195.0;1176.4;11.7
2;83;7;1169.0;1169.0;1170.0;1184.0;1194.0;1177.0;10.9
2;84;7;1169.0;1169.0;1174.0;1185.0;1196.0;1178.1;11.2
2;85;7;1167.0;1169.0;1169.0;1185.5;1196.0;1177.3;12.1
2;86;7;1169.0;1169.0;1169.0;1183.0;1196.0;1176.9;12.1
2;87;7;1167.0;1167.0;1167.0;1182.5;1196.0;1175.6;12.9
2;88;7;1167.0;1167.0;1169.0;1182.5;1196.0;1175.9;12.8
2;89;7;1167.0;1167.0;1167.0;1170.0;1205.0;1173.3;13.0
2;90;7;1166.0;1166.5;1167.0;1167.0;1199.0;1171.3;11.3
2;91;7;1164.0;1169.0;1171.0;1173.0;1205.0;1174.9;12.7
2;92;7;1166.0;1166.5;1168.0;1170.5;1206.0;1173.4;13.4
2;93;7;1166.0;1166.5;1167.0;1170.0;1210.0;1173.7;14.9
2;94;7;1166.0;1166.5;1167.0;1170.5;1206.0;1173.3;13.5
2;95;7;1167.0;1167.0;1167.0;1171.0;1210.0;1174.3;14.7
2;96;7;1167.0;1167.0;1167.0;1169.0;1213.0;1174.1;15.9
2;97;7;1164.0;1170.0;1170.0;1179.5;1485.0;1216.9;109.6
2;98;7;1164.0;1166.0;1170.0;1170.0;1204.0;1172.9;13.0
2;99;7;1170.0;1170.0;1170.0;1170.0;1189.0;1172.7;6.6
3;0;7;1849.0;2022.0;2193.0;2388.0;2398.0;2180.0;218.1
3;1;7;1686.0;2099.5;2369.0;2381.0;2393.0;2201.3;281.7
3;2;7;1829.0;2178.5;2336.0;2374.0;2386.0;2236.6;202.5
3;3;7;1709.0;2063.5;2259.0;2333.0;2362.0;2160.4;239.9
3;4;7;1876.0;2109.0;2350.0;2364.5;2381.0;2222.0;213.9
3;5;7;1798.0;2013.0;2263.0;2303.5;2338.0;2147.4;208.2
3;6;7;1816.0;2064.0;2290.0;2347.0;2370.0;2185.4;225.1
3;7;7;1788.0;2004.5;2224.0;2258.0;2300.0;2119.6;207.3
3;8;7;1643.0;1938.0;2205.0;2221.5;2256.0;2060.4;238.4
3;9;7;1750.0;2016.0;2208.0;2274.0;2331.0;2124.1;217.6
3;10;7;1829.0;2036.5;2323.0;2376.5;2454.0;2204.6;244.7
3;11;7;1858.0;2076.5;2290.0;2318.5;2384.0;2188.9;208.8
3;12;7;1685.0;1978.5;2203.0;2229.5;2261.0;2080.7;222.9
3;13;7;1775.0;2095.0;2259.0;2329.5;2375.0;2179.7;212.5
3;14;7;1736.0;1852.5;2204.0;2210.0;2248.0;2044.7;204.1
3;15;7;1670.0;1785.5;2183.0;2204.5;2208.0;2005.9;232.1
3;16;7;1700.0;1884.5;2211.0;2221.0;2292.0;2059.1;214.4
3;17;7;1723.0;1781.5;2235.0;2238.5;2266.0;2037.7;239.7
3;18;7;1706.0;1801.0;2148.0;2165.5;2223.0;2001.4;204.9
3;19;7;1516.0;1647.0;2150.0;2197.0;2202.0;1936.6;292.0
3;20;7;1598.0;1762.0;2192.0;2216.5;2234.0;1997.3;265.1
3;21;7;1705.0;1756.5;2099.0;2152.0;2173.0;1970.6;202.2
3;22;7;1566.0;1716.0;2089.0;2142.5;2229.0;1943.0;247.4
3;23;7;1673.0;1716.5;2152.0;2175.0;2177.0;1969.3;233.1
3;24;7;1770.0;1782.0;2156.0;2167.0;2190.0;2002.0;194.3
3;25;7;1616.0;1673.0;2086.0;2171.0;2248.0;1948.3;261.4
3;26;7;1647.0;1697.0;2100.0;2114.0;2129.0;1928.3;215.5
3;27;7;1374.0;1758.0;2094.0;2133.0;2219.0;1924.1;283.2
3;28;7;1502.0;1714.5;2163.0;2199.5;2251.0;1963.4;287.1
3;29;7;1514.0;1610.0;2098.0;2124.5;2134.0;1887.9;270.4
3;30;7;1525.0;1637.5;2025.0;2078.5;2130.0;1873.1;246.8
3;31;7;1499.0;1587.5;1709.0;2044.5;2076.0;1792.6;235.0
3;32;7;1283.0;1593.0;1668.0;2106.0;2123.0;1781.7;307.7
3;33;7;1399.0;1507.5;1665.0;2070.5;2078.0;1756.9;286.4
3;34;7;1239.0;1402.0;1574.0;2003.5;2027.0;1664.4;323.3
3;35;7;1434.0;1556.0;2021.0;2046.5;2070.0;1818.6;270.1
3;36;7;1281.0;1416.5;1950.0;2021.0;2045.0;1735.9;319.8
3;37;7;1236.0;1408.0;1935.0;1951.5;1992.0;1697.4;307.6
3;38;7;1271.0;1474.0;1983.0;2011.0;2045.0;1752.7;316.7
3;39;7;1213.0;1255.0;1427.0;1940.0;1996.0;1575.1;338.8
3;40;7;1208.0;1267.5;1313.0;1996.5;2029.0;1582.6;369.3
3;41;7;1249.0;1382.0;1469.0;1924.0;1961.0;1613.0;287.8
3;42;7;1245.0;1342.5;1409.0;1918.5;1939.0;1587.9;296.9
3;43;7;1212.0;1275.5;1477.0;1837.5;1877.0;1541.7;278.5
3;44;7;1264.0;1282.5;1539.0;1877.0;1911.0;1576.1;284.5
3;45;7;1190.0;1232.0;1241.0;1975.0;2014.0;1551.3;378.8
3;46;7;1216.0;1245.0;1340.0;1871.0;1891.0;1525.6;307.3
3;47;7;1236.0;1325.5;1425.0;1790.5;1818.0;1530.1;241.8
3;48;7;1200.0;1203.0;1319.0;1896.0;1980.0;1528.1;345.9
3;49;7;1186.0;1236.0;1242.0;1941.0;1957.0;1534.1;357.4
3;50;7;1205.0;1313.5;1382.0;1899.5;1951.0;1566.3;307.8
3;51;7;1183.0;1228.0;1322.0;1847.0;1855.0;1501.4;304.6
3;52;7;1187.0;1208.0;1277.0;1834.0;1835.0;1483.3;305.2
3;53;7;1185.0;1194.5;1209.0;1837.0;1839.0;1470.9;317.7
3;54;7;1188.0;1200.5;1218.0;1827.5;1828.0;1470.0;309.9
3;55;7;1200.0;1265.0;1326.0;1824.5;1837.0;1506.0;281.5
3;56;7;1185.0;1195.5;1273.0;1834.0;1834.0;1478.7;308.9
3;57;7;1180.0;1191.5;1280.0;1801.5;1841.0;1469.6;300.7
3;58;7;1179.0;1181.5;1245.0;1854.5;1902.0;1485.4;334.5
3;59;7;1183.0;1196.0;1245.0;1880.0;1914.0;1499.1;340.3
3;60;7;1184.0;1187.5;1189.0;1349.5;1352.0;1257.0;80.8
3;61;7;1186.0;1192.5;1197.0;1348.0;1354.0;1259.7;78.3
3;62;7;1179.0;1182.5;1196.0;1348.0;1348.0;1254.9;80.8
3;63;7;1180.0;1183.5;1227.0;1469.5;1504.0;1316.7;143.4
3;64;7;1176.0;1183.0;1191.0;1357.0;1510.0;1279.6;144.5
3;65;7;1184.0;1184.5;1186.0;1267.5;1386.0;1237.1;82.8
3;66;7;1174.0;1183.5;1193.0;1269.0;1350.0;1231.7;73.5
3;67;7;1178.0;1181.0;1181.0;1297.0;1387.0;1243.1;89.0
3;68;7;1181.0;1182.5;1186.0;1306.0;1410.0;1250.6;100.5
3;69;7;1171.0;1187.0;1210.0;1337.0;1464.0;1270.4;123.1
3;70;7;1176.0;1185.5;1193.0;1342.0;1474.0;1271.1;128.7
3;71;7;1172.0;1182.0;1206.0;1351.0;1487.0;1275.9;129.8
3;72;7;1174.0;1183.0;1190.0;1352.5;1487.0;1274.6;135.0
3;73;7;1170.0;1172.5;1177.0;1334.0;1515.0;1267.9;147.7
3;74;7;1170.0;1179.5;1187.0;1485.0;1706.0;1341.7;228.5
3;75;7;1169.0;1176.0;1179.0;1353.0;1610.0;1288.0;176.6
3;76;7;1175.0;1178.0;1181.0;1292.0;1553.0;1264.1;138.3
3;77;7;1167.0;1174.0;1190.0;1227.5;1259.0;1202.7;36.3
3;78;7;1177.0;1181.0;1191.0;1306.0;1474.0;1259.4;117.8
3;79;7;1179.0;1188.0;1207.0;1374.0;1542.0;1293.1;153.6
3;80;7;1176.0;1179.5;1182.0;1303.0;1420.0;1249.0;108.2
3;81;7;1186.0;1186.5;1189.0;1499.5;1833.0;1368.6;282.0
3;82;7;1197.0;1197.0;1204.0;1489.5;1784.0;1365.4;257.9
3;83;7;1192.0;1196.0;1200.0;1637.5;1998.0;1436.7;355.8
3;84;7;1172.0;1192.0;1192.0;1406.0;1736.0;1328.0;223.6
3;85;7;1179.0;1179.0;1179.0;1237.5;1276.0;1209.6;42.6
3;86;7;1179.0;1179.0;1179.0;1227.5;1276.0;1206.7;43.8
3;87;7;1179.0;1179.0;1179.0;1246.0;1276.0;1212.0;42.4
3;88;7;1174.0;1178.0;1179.0;1236.0;1287.0;1209.7;49.0
3;89;7;1178.0;1178.0;1178.0;1179.0;1287.0;1193.9;38.0
3;90;7;1172.0;1183.0;1185.0;1186.5;1284.0;1197.1;35.8
3;91;7;1172.0;1174.5;1179.0;1195.0;1281.0;1195.9;36.9
3;92;7;1174.0;1179.0;1180.0;1216.0;1282.0;1203.7;36.1
3;93;7;1172.0;1179.0;1184.0;1185.0;1282.0;1195.1;35.7
3;94;7;1178.0;1178.0;1181.0;1218.0;1274.0;1203.6;33.5
3;95;7;1178.0;1178.0;1178.0;1179.0;1276.0;1192.3;34.2
3;96;7;1178.0;1178.0;1178.0;1179.0;1275.0;1192.1;33.8
3;97;7;1172.0;1174.5;1184.0;1218.0;1275.0;1202.3;35.0
3;98;7;1172.0;1172.0;1172.0;1176.0;1226.0;1180.9;18.6
3;99;7;1174.0;1176.0;1176.0;1179.0;1220.0;1182.9;15.3
4;0;7;1828.0;2115.0;2329.0;2368.5;2405.0;2218.4;226.0
4;1;7;1852.0;2189.0;2306.0;2397.0;2463.0;2256.1;201.7
4;2;7;1749.0;2134.5;2339.0;2373.0;2440.0;2220.4;246.5
4;3;7;1783.0;2042.0;2316.0;2328.5;2338.0;2168.3;235.8
4;4;7;1836.0;2032.0;2282.0;2322.5;2379.0;2172.3;214.3
4;5;7;1696.0;2088.0;2319.0;2346.5;2403.0;2183.9;260.7
4;6;7;1696.0;2001.5;2240.0;2297.0;2333.0;2123.7;244.6
4;7;7;1846.0;2038.5;2199.0;2260.0;2316.0;2136.9;176.2
4;8;7;1728.0;1966.5;2183.0;2294.5;2358.0;2113.0;237.1
4;9;7;1782.0;2010.5;2246.0;2263.5;2303.0;2125.6;208.7
4;10;7;1766.0;2026.0;2283.0;2291.0;2303.0;2140.9;222.6
4;11;7;1803.0;2056.5;2328.0;2361.0;2379.0;2192.1;238.9
4;12;7;1748.0;2057.5;2277.0;2282.5;2286.0;2141.6;217.1
4;13;7;1786.0;2011.5;2275.0;2310.5;2333.0;2148.3;220.0
4;14;7;1759.0;1830.5;2275.0;2321.0;2367.0;2100.6;257.7
4;15;7;1681.0;1798.5;2226.0;2250.5;2281.0;2040.9;247.0
4;16;7;1682.0;1869.0;2218.0;2253.5;2262.0;2058.1;225.9
4;17;7;1815.0;1871.5;2196.0;2227.0;2246.0;2064.9;185.6
4;18;7;1734.0;1789.0;2114.0;2215.5;2238.0;2013.6;214.7
4;19;7;1534.0;1808.0;2203.0;2215.0;2230.0;2001.9;262.3
4;20;7;1757.0;1826.0;2176.0;2193.5;2219.0;2027.3;198.4
4;21;7;1669.0;1832.0;2188.0;2241.0;2282.0;2040.7;243.6
4;22;7;1652.0;1726.0;2132.0;2202.0;2245.0;1983.6;248.8
4;23;7;1648.0;1712.5;2121.0;2159.0;2179.0;1955.9;232.8
4;24;7;1740.0;1774.5;2101.0;2128.0;2156.0;1971.7;182.3
4;25;7;1497.0;1630.5;2064.0;2142.0;2168.0;1896.3;275.8
4;26;7;1492.0;1546.0;2115.0;2181.5;2204.0;1895.1;319.5
4;27;7;1473.0;1558.5;2025.0;2076.5;2144.0;1844.6;276.3
4;28;7;1294.0;1583.5;2123.0;2151.0;2264.0;1878.6;362.7
4;29;7;1625.0;1655.5;2154.0;2183.0;2186.0;1948.9;263.2
4;30;7;1390.0;1614.5;2127.0;2134.5;2152.0;1881.0;304.5
4;31;7;1385.0;1530.5;1948.0;1985.0;2014.0;1768.3;252.7
4;32;7;1307.0;1450.0;1601.0;1980.0;2019.0;1683.9;283.2
4;33;7;1463.0;1488.0;1631.0;1953.5;1987.0;1709.1;227.2
4;34;7;1285.0;1359.0;1422.0;1849.5;1876.0;1571.4;252.9
4;35;7;1169.0;1390.0;1465.0;1772.0;1808.0;1538.0;229.5
4;36;7;1268.0;1380.5;1653.0;1684.5;1710.0;1537.3;172.5
4;37;7;1273.0;1369.5;1676.0;1692.5;1697.0;1538.6;177.9
4;38;7;1362.0;1455.0;1706.0;1734.0;1758.0;1600.6;157.3
4;39;7;1256.0;1278.0;1450.0;1677.5;1679.0;1470.9;189.0
4;40;7;1274.0;1284.0;1306.0;1560.0;1599.0;1409.6;143.7
4;41;7;1241.0;1286.0;1327.0;1608.0;1634.0;1427.1;166.9
4;42;7;1230.0;1247.0;1274.0;1545.5;1617.0;1386.6;161.1
4;43;7;1196.0;1250.5;1351.0;1526.0;1564.0;1380.6;144.6
4;44;7;1248.0;1256.5;1290.0;1598.5;1633.0;1411.6;172.7
4;45;7;1255.0;1273.5;1318.0;1611.5;1639.0;1426.0;169.9
4;46;7;1254.0;1294.5;1344.0;1580.0;1582.0;1418.4;143.4
4;47;7;1219.0;1257.0;1279.0;1534.5;1560.0;1377.3;145.1
4;48;7;1207.0;1245.0;1322.0;1539.5;1558.0;1379.4;147.6
4;49;7;1208.0;1256.0;1364.0;1610.5;1680.0;1426.4;186.6
4;50;7;1184.0;1222.0;1301.0;1584.5;1598.0;1385.1;180.2
4;51;7;1178.0;1218.0;1252.0;1562.0;1621.0;1373.0;183.1
4;52;7;1178.0;1185.5;1201.0;1506.0;1525.0;1326.7;161.3
4;53;7;1175.0;1180.5;1185.0;1398.0;1402.0;1274.1;108.5
4;54;7;1176.0;1182.5;1201.0;1384.0;1408.0;1274.0;102.7
4;55;7;1172.0;1178.0;1200.0;1385.0;1402.0;1271.4;103.7
4;56;7;1171.0;1190.0;1195.0;1365.5;1375.0;1264.6;90.5
4;57;7;1178.0;1187.5;1195.0;1365.5;1367.0;1263.7;88.8
4;58;7;1173.0;1177.0;1183.0;1343.5;1362.0;1251.3;85.6
4;59;7;1186.0;1196.0;1212.0;1365.5;1367.0;1269.7;83.7
4;60;7;1171.0;1171.0;1179.0;1546.0;1798.0;1368.9;274.5
4;61;7;1166.0;1175.0;1182.0;1503.0;1798.0;1357.4;278.9
4;62;7;1173.0;1184.0;1188.0;1356.0;1358.0;1257.0;86.4
4;63;7;1172.0;1174.0;1176.0;1796.5;1806.0;1442.1;309.6
4;64;7;1168.0;1176.0;1188.0;1265.5;1367.0;1229.4;79.7
4;65;7;1173.0;1173.5;1176.0;1262.0;1348.0;1224.0;78.4
4;66;7;1176.0;1176.5;1178.0;1222.0;1269.0;1202.9;39.1
4;67;7;1177.0;1183.0;1186.0;1232.5;1271.0;1209.3;39.3
4;68;7;1177.0;1177.0;1177.0;1213.5;1252.0;1198.1;33.4
4;69;7;1170.0;1173.0;1177.0;1196.5;1215.0;1185.9;18.7
4;70;7;1171.0;1176.0;1178.0;1200.0;1219.0;1188.6;19.4
4;71;7;1167.0;1174.0;1176.0;1336.5;1750.0;1302.0;213.2
4;72;7;1173.0;1175.0;1181.0;1204.0;1227.0;1191.3;22.8
4;73;7;1173.0;1176.0;1176.0;1195.5;1215.0;1186.7;17.9
4;74;7;1173.0;1173.0;1174.0;1206.5;1224.0;1190.0;21.5
4;75;7;1173.0;1179.0;1179.0;1191.0;1208.0;1185.7;12.7
4;76;7;1165.0;1165.0;1179.0;1196.5;1204.0;1181.6;16.4
4;77;7;1165.0;1165.0;1165.0;1191.5;1204.0;1178.1;17.0
4;78;7;1165.0;1165.0;1172.0;1192.0;1204.0;1179.3;16.4
4;79;7;1173.0;1180.0;1187.0;1191.0;1195.0;1185.3;8.4
4;80;7;1172.0;1180.5;1189.0;1191.5;1194.0;1185.6;8.8
4;81;7;1172.0;1172.5;1173.0;1192.5;1205.0;1182.9;14.2
4;82;7;1172.0;1172.0;1189.0;1191.5;1194.0;1183.1;9.8
4;83;7;1172.0;1172.0;1172.0;1183.0;1194.0;1178.3;9.9
4;84;7;1172.0;1172.0;1189.0;1191.5;1194.0;1183.1;9.8
4;85;7;1172.0;1172.0;1189.0;1191.5;1194.0;1183.1;9.8
4;86;7;1172.0;1189.0;1189.0;1191.5;1194.0;1188.0;6.9
4;87;7;1172.0;1189.0;1189.0;1191.5;1194.0;1188.0;6.9
4;88;7;1189.0;1189.0;1189.0;1189.0;1189.0;1189.0;0.0
4;89;7;1189.0;1189.0;1189.0;1189.0;1189.0;1189.0;0.0
4;90;7;1189.0;1189.0;1189.0;1189.0;1189.0;1189.0;0.0
4;91;7;1189.0;1189.0;1189.0;1189.0;1189.0;1189.0;0.0
4;92;7;1189.0;1189.0;1189.0;1189.0;1189.0;1189.0;0.0
4;93;7;1189.0;1189.0;1189.0;1189.0;1189.0;1189.0;0.0
4;94;7;1189.0;1189.0;1189.0;1189.0;1189.0;1189.0;0.0
4;95;7;1189.0;1189.0;1189.0;1189.0;1189.0;1189.0;0.0
4;96;7;1189.0;1189.0;1189.0;1189.0;1189.0;1189.0;0.0
4;97;7;1189.0;1189.0;1189.0;1189.0;1189.0;1189.0;0.0
4;98;7;1189.0;1189.0;1189.0;1189.0;1189.0;1189.0;0.0
4;99;7;1189.0;1189.0;1189.0;1189.0;1189.0;1189.0;0.0
5;0;7;1795.0;2138.0;2428.0;2454.5;2541.0;2278.4;283.8
5;1;7;1813.0;2156.0;2357.0;2376.0;2387.0;2231.6;220.8
5;2;7;1876.0;2140.5;2361.0;2376.0;2392.0;2237.4;204.0
5;3;7;1741.0;2002.0;2209.0;2305.0;2406.0;2138.6;237.1
5;4;7;1677.0;1991.0;2258.0;2300.5;2331.0;2121.3;260.5
5;5;7;1943.0;2137.5;2283.0;2301.5;2393.0;2213.9;149.7
5;6;7;1722.0;1975.5;2296.0;2347.5;2355.0;2145.6;266.8
5;7;7;1867.0;2077.5;2260.0;2340.5;2367.0;2190.0;195.1
5;8;7;1704.0;1992.5;2240.0;2306.0;2349.0;2127.1;242.4
5;9;7;1816.0;2133.5;2351.0;2361.0;2379.0;2219.3;216.9
5;10;7;1876.0;2070.0;2280.0;2305.5;2340.0;2178.1;183.4
5;11;7;1746.0;2001.0;2237.0;2299.0;2349.0;2133.1;228.1
5;12;7;1626.0;1960.0;2157.0;2192.5;2228.0;2045.1;220.8
5;13;7;1831.0;2005.5;2242.0;2252.5;2279.0;2124.0;186.7
5;14;7;1595.0;1798.5;2136.0;2255.0;2259.0;2013.9;257.8
5;15;7;1662.0;1900.0;2296.0;2309.0;2321.0;2099.6;263.0
5;16;7;1679.0;1735.0;2165.0;2196.0;2224.0;1990.0;238.8
5;17;7;1656.0;1779.5;2122.0;2160.0;2249.0;1986.6;221.7
5;18;7;1621.0;1774.0;2156.0;2174.0;2190.0;1980.4;228.6
5;19;7;1747.0;1778.0;2184.0;2198.5;2209.0;2013.3;213.1
5;20;7;1731.0;1812.5;2159.0;2209.5;2264.0;2028.3;214.8
5;21;7;1612.0;1753.5;2145.0;2197.5;2221.0;1982.9;244.5
5;22;7;1670.0;1705.0;2076.0;2125.5;2174.0;1940.1;215.9
5;23;7;1586.0;1690.5;2062.0;2145.5;2176.0;1928.0;240.4
5;24;7;1655.0;1683.0;2074.0;2089.5;2110.0;1912.0;206.9
5;25;7;1626.0;1742.5;2124.0;2136.0;2185.0;1956.0;226.8
5;26;7;1538.0;1670.5;2082.0;2126.5;2150.0;1909.1;250.0
5;27;7;1581.0;1668.0;2060.0;2095.0;2131.0;1899.7;228.2
5;28;7;1501.0;1645.0;2101.0;2110.5;2174.0;1898.1;265.7
5;29;7;1608.0;1625.5;2025.0;2052.0;2127.0;1873.6;222.4
5;30;7;1548.0;1687.0;2041.0;2042.0;2102.0;1878.4;211.8
5;31;7;1564.0;1595.5;1671.0;2070.5;2094.0;1808.7;235.8
5;32;7;1407.0;1507.5;1577.0;2119.0;2143.0;1768.6;314.5
5;33;7;1402.0;1574.0;1608.0;1992.5;2036.0;1739.9;240.5
5;34;7;1247.0;1445.5;1611.0;1969.5;2027.0;1673.6;291.3
5;35;7;1457.0;1506.5;1922.0;1952.5;1973.0;1752.9;230.1
5;36;7;1473.0;1499.5;1899.0;1925.0;1953.0;1739.1;216.1
5;37;7;1526.0;1640.0;1907.0;1927.0;1939.0;1786.6;165.7
5;38;7;1447.0;1463.0;1888.0;1910.5;1920.0;1714.6;222.8
5;39;7;1444.0;1494.5;1552.0;1907.5;1920.0;1674.3;209.2
5;40;7;1461.0;1514.0;1571.0;1929.5;1939.0;1694.0;209.3
5;41;7;1410.0;1466.5;1509.0;1886.0;1896.0;1645.7;213.2
5;42;7;1405.0;1466.0;1478.0;1900.5;1921.0;1648.1;225.7
5;43;7;1378.0;1503.0;1603.0;1843.0;1849.0;1646.0;186.0
5;44;7;1483.0;1555.0;1576.0;1842.5;1873.0;1675.3;156.3
5;45;7;1422.0;1434.5;1488.0;1866.0;1875.0;1626.6;210.9
5;46;7;1441.0;1480.0;1519.0;1850.0;1853.0;1639.0;185.8
5;47;7;1437.0;1503.0;1544.0;1856.5;1865.0;1652.1;181.8
5;48;7;1433.0;1488.0;1529.0;1864.5;1879.0;1649.4;192.5
5;49;7;1417.0;1433.0;1471.0;1850.5;1879.0;1619.1;209.3
5;50;7;1652.0;1713.0;1778.0;2142.5;2153.0;1899.1;217.1
5;51;7;1717.0;1805.0;1824.0;2248.0;2325.0;1996.0;244.5
5;52;7;1656.0;1682.0;1701.0;2271.5;2295.0;1937.0;296.9
5;53;7;1679.0;1786.0;1898.0;2312.0;2335.0;2015.4;270.0
5;54;7;1719.0;1799.5;1853.0;2275.0;2289.0;2001.4;243.8
5;55;7;1545.0;1619.0;1769.0;2195.0;2220.0;1880.3;287.6
5;56;7;1507.0;1667.5;1739.0;2156.5;2181.0;1867.9;265.1
5;57;7;1587.0;1647.5;1720.0;2111.5;2155.0;1854.3;240.3
5;58;7;1600.0;1630.0;1733.0;2092.5;2097.0;1839.3;223.9
5;59;7;1611.0;1661.0;1691.0;1923.0;2151.0;1803.0;218.9
5;60;7;1404.0;1577.5;1688.0;1893.0;2081.0;1730.6;233.7
5;61;7;1389.0;1601.5;1645.0;1942.0;2210.0;1761.6;290.9
5;62;7;1555.0;1625.5;1690.0;1926.0;2115.0;1780.4;220.4
5;63;7;1504.0;1585.0;1613.0;1894.0;2076.0;1735.9;221.2
5;64;7;1179.0;1562.0;1637.0;1874.0;2155.0;1691.9;315.0
5;65;7;1383.0;1472.5;1581.0;1853.0;2082.0;1671.0;267.9
5;66;7;1523.0;1597.5;1619.0;1958.5;2102.0;1765.1;225.7
5;67;7;1463.0;1553.0;1649.0;1884.5;2106.0;1727.6;246.7
5;68;7;1470.0;1507.5;1586.0;1888.5;2068.0;1702.3;238.8
5;69;7;1325.0;1467.0;1565.0;1876.0;2090.0;1666.6;281.6
5;70;7;1421.0;1524.0;1598.0;1894.5;2163.0;1717.0;287.3
5;71;7;1213.0;1461.5;1553.0;1825.0;2108.0;1635.3;301.8
5;72;7;1268.0;1425.0;1499.0;1803.0;1995.0;1602.6;264.9
5;73;7;1388.0;1462.5;1504.0;1798.0;1962.0;1625.0;223.8
5;74;7;1312.0;1339.5;1427.0;1705.0;1976.0;1543.4;273.8
5;75;7;1282.0;1363.0;1439.0;1700.0;1991.0;1548.3;270.0
5;76;7;1293.0;1358.0;1464.0;1682.0;1884.0;1531.6;229.7
5;77;7;1272.0;1311.0;1348.0;1724.0;1975.0;1523.6;279.5
5;78;7;1299.0;1358.0;1424.0;1753.0;1959.0;1557.7;259.9
5;79;7;1225.0;1405.0;1450.0;1664.0;1833.0;1520.9;212.4
5;80;7;1383.0;1436.0;1452.0;1595.0;1738.0;1519.3;139.7
5;81;7;1367.0;1380.5;1401.0;1599.5;1772.0;1500.0;170.8
5;82;7;1209.0;1296.5;1368.0;1743.5;2027.0;1526.3;325.4
5;83;7;1231.0;1263.0;1332.0;1716.5;2049.0;1510.1;340.2
5;84;7;1212.0;1278.5;1348.0;1917.0;2114.0;1580.7;370.1
5;85;7;1253.0;1390.0;1645.0;1897.0;2120.0;1656.0;321.7
5;86;7;1276.0;1289.5;1308.0;1730.5;2149.0;1539.0;382.6
5;87;7;1212.0;1236.0;1261.0;1646.0;2027.0;1466.3;354.8
5;88;7;1238.0;1300.5;1349.0;1403.5;2000.0;1427.9;241.1
5;89;7;1224.0;1246.0;1250.0;1330.5;2101.0;1389.7;293.1
5;90;7;1186.0;1226.5;1236.0;1371.5;2064.0;1383.1;292.1
5;91;7;1214.0;1243.5;1295.0;1433.0;2118.0;1425.7;294.9
5;92;7;1273.0;1278.0;1295.0;1335.5;2117.0;1416.0;287.3
5;93;7;1250.0;1292.0;1412.0;1552.5;2152.0;1500.4;290.6
5;94;7;1268.0;1268.0;1314.0;1412.5;2139.0;1440.3;291.7
5;95;7;1174.0;1263.0;1320.0;1409.5;2138.0;1425.3;301.8
5;96;7;1208.0;1291.0;1307.0;1548.5;2128.0;1474.6;293.9
5;97;7;1192.0;1202.5;1209.0;1363.0;2001.0;1361.9;276.8
5;98;7;1183.0;1183.0;1202.0;1320.0;2002.0;1341.9;281.6
5;99;7;1202.0;1245.0;1257.0;1298.5;2207.0;1393.3;334.4
6;0;7;1754.0;2039.5;2330.0;2348.5;2392.0;2178.9;267.8
6;1;7;1829.0;2126.5;2345.0;2357.0;2362.0;2214.7;213.5
6;2;7;1746.0;1988.5;2264.0;2339.5;2356.0;2146.0;252.8
6;3;7;1935.0;2127.5;2274.0;2282.5;2340.0;2195.6;148.8
6;4;7;1861.0;2053.5;2257.0;2298.0;2327.0;2164.0;192.4
6;5;7;1777.0;2002.0;2280.0;2295.0;2360.0;2144.4;234.9
6;6;7;1742.0;1961.5;2181.0;2278.0;2290.0;2098.9;226.9
6;7;7;1773.0;2136.0;2374.0;2461.0;2506.0;2263.9;268.1
6;8;7;1714.0;2038.0;2307.0;2322.5;2332.0;2153.4;251.8
6;9;7;1702.0;2065.5;2311.0;2349.5;2386.0;2175.6;249.4
6;10;7;1824.0;2093.5;2264.0;2314.0;2344.0;2178.1;192.5
6;11;7;1712.0;1951.0;2222.0;2267.0;2289.0;2094.1;233.1
6;12;7;1843.0;2042.5;2230.0;2260.0;2289.0;2138.1;175.1
6;13;7;1667.0;1978.5;2189.0;2208.5;2308.0;2076.9;222.4
6;14;7;1718.0;1763.0;2140.0;2207.0;2237.0;2005.0;225.5
6;15;7;1735.0;1825.0;2300.0;2369.0;2386.0;2115.6;282.0
6;16;7;1627.0;1853.0;2256.0;2330.5;2386.0;2090.9;282.6
6;17;7;1773.0;1881.0;2219.0;2276.0;2339.0;2092.1;221.3
6;18;7;1678.0;1753.5;2179.0;2255.5;2288.0;2023.3;259.5
6;19;7;1664.0;1817.0;2101.0;2133.0;2229.0;1984.9;200.5
6;20;7;1674.0;1701.0;2101.0;2136.5;2176.0;1946.6;221.7
6;21;7;1734.0;1783.5;2253.0;2289.5;2348.0;2068.7;263.3
6;22;7;1682.0;1721.5;2122.0;2169.5;2182.0;1966.9;225.0
6;23;7;1674.0;1747.0;2149.0;2181.0;2213.0;1984.6;229.5
6;24;7;1599.0;1676.0;2147.0;2172.5;2220.0;1951.9;264.5
6;25;7;1652.0;1682.0;2140.0;2164.5;2199.0;1954.9;246.0
6;26;7;1467.0;1637.5;2156.0;2171.5;2198.0;1919.9;302.8
6;27;7;1563.0;1657.0;2164.0;2184.0;2196.0;1943.6;277.5
6;28;7;1602.0;1700.0;2165.0;2202.5;2209.0;1968.7;264.7
6;29;7;1449.0;1652.0;1991.0;2070.5;2085.0;1852.9;243.2
6;30;7;1457.0;1648.0;2106.0;2127.0;2144.0;1893.9;274.8
6;31;7;1521.0;1543.5;1571.0;2130.0;2138.0;1796.7;291.3
6;32;7;1438.0;1490.5;1589.0;2072.0;2144.0;1756.6;297.7
6;33;7;1241.0;1366.0;1572.0;1968.0;1985.0;1638.0;307.0
6;34;7;1522.0;1535.0;1962.0;1989.0;2020.0;1793.1;228.3
6;35;7;1263.0;1498.5;1937.0;1967.5;1980.0;1730.3;278.8
6;36;7;1279.0;1310.5;1855.0;1917.5;1944.0;1647.7;302.4
6;37;7;1355.0;1399.0;1825.0;1880.0;1915.0;1664.7;244.5
6;38;7;1394.0;1456.5;1843.0;1864.5;1899.0;1682.6;215.8
6;39;7;1250.0;1332.5;1497.0;1911.0;1925.0;1594.1;287.3
6;40;7;1204.0;1299.0;1460.0;1880.5;1912.0;1562.1;296.5
6;41;7;1299.0;1304.0;1314.0;1907.5;1930.0;1566.6;302.0
6;42;7;1285.0;1325.0;1444.0;1829.5;1842.0;1554.3;246.6
6;43;7;1259.0;1296.5;1325.0;1832.5;1844.0;1526.6;268.9
6;44;7;1265.0;1316.5;1427.0;1825.5;1925.0;1557.3;266.6
6;45;7;1277.0;1298.0;1394.0;1836.0;1849.0;1541.1;261.5
6;46;7;1203.0;1274.0;1313.0;1802.5;1833.0;1500.3;272.9
6;47;7;1210.0;1254.0;1312.0;1718.0;1732.0;1456.9;231.9
6;48;7;1193.0;1229.0;1291.0;1593.5;1701.0;1404.3;199.7
6;49;7;1669.0;1721.5;1821.0;2218.0;2231.0;1942.9;246.6
6;50;7;1703.0;1746.5;1797.0;2234.5;2254.0;1959.4;245.2
6;51;7;1572.0;1784.5;1814.0;2274.0;2296.0;1971.3;278.5
6;52;7;1672.0;1717.5;1748.0;2171.5;2184.0;1911.7;229.8
6;53;7;1578.0;1676.5;1752.0;2236.5;2276.0;1918.9;292.0
6;54;7;1636.0;1775.5;1873.0;2183.5;2235.0;1951.7;226.7
6;55;7;1599.0;1663.5;1813.0;2159.0;2183.0;1891.4;246.5
6;56;7;1604.0;1723.0;1759.0;2090.0;2117.0;1872.3;201.9
6;57;7;1621.0;1681.0;1717.0;2180.5;2181.0;1891.7;251.6
6;58;7;1336.0;1760.5;1880.0;2228.5;2233.0;1918.1;312.1
6;59;7;1649.0;1680.5;1715.0;1910.5;2070.0;1802.3;169.5
6;60;7;1485.0;1507.5;1532.0;1838.5;2117.0;1689.4;269.1
6;61;7;1504.0;1535.0;1662.0;1898.0;2124.0;1736.6;245.6
6;62;7;1294.0;1547.5;1648.0;1920.0;2086.0;1709.0;272.8
6;63;7;1185.0;1353.0;1514.0;1798.5;2030.0;1576.0;312.4
6;64;7;1337.0;1460.0;1598.0;1811.0;2022.0;1642.7;247.6
6;65;7;1356.0;1485.0;1648.0;1782.5;1970.0;1644.1;211.6
6;66;7;1275.0;1384.5;1493.0;1736.5;1936.0;1563.7;241.0
6;67;7;1396.0;1435.5;1481.0;1740.5;1987.0;1602.3;236.9
6;68;7;1285.0;1369.5;1452.0;1796.5;1968.0;1576.7;266.0
6;69;7;1257.0;1381.5;1420.0;1723.5;1946.0;1547.6;259.7
6;70;7;1229.0;1326.5;1543.0;1752.0;1958.0;1555.3;274.8
6;71;7;1263.0;1312.5;1359.0;1618.5;1842.0;1475.1;230.7
6;72;7;1210.0;1365.0;1457.0;1700.5;1886.0;1526.3;244.7
6;73;7;1203.0;1254.5;1472.0;1711.0;1970.0;1510.9;293.1
6;74;7;1264.0;1311.5;1358.0;1766.5;1963.0;1534.4;286.2
6;75;7;1184.0;1233.0;1534.0;1753.0;1982.0;1524.6;314.8
6;76;7;1176.0;1215.5;1264.0;1610.0;1943.0;1433.4;319.4
6;77;7;1199.0;1290.5;1424.0;1720.5;2014.0;1522.7;315.3
6;78;7;1234.0;1282.5;1396.0;1736.5;1952.0;1517.1;288.0
6;79;7;1212.0;1230.0;1260.0;1608.0;1925.0;1439.0;304.6
6;80;7;1197.0;1227.0;1239.0;1529.5;1823.0;1396.0;269.2
6;81;7;1247.0;1275.0;1306.0;1711.5;1948.0;1496.3;292.8
6;82;7;1194.0;1238.5;1256.0;1655.5;1968.0;1458.0;324.4
6;83;7;1182.0;1207.5;1272.0;1598.5;1912.0;1425.4;305.7
6;84;7;1175.0;1196.5;1202.0;1584.5;1959.0;1414.0;341.1
6;85;7;1181.0;1185.5;1225.0;1602.5;1927.0;1415.6;323.6
6;86;7;1183.0;1202.0;1210.0;1608.0;1922.0;1419.3;318.8
6;87;7;1172.0;1185.5;1197.0;1600.5;1975.0;1416.6;347.3
6;88;7;1190.0;1197.0;1267.0;1674.5;1967.0;1452.4;330.8
6;89;7;1167.0;1171.5;1180.0;1188.5;1538.0;1229.3;126.3
6;90;7;1180.0;1181.0;1183.0;1186.0;1438.0;1219.3;89.3
6;91;7;1175.0;1178.0;1180.0;1186.0;1436.0;1217.0;89.5
6;92;7;1178.0;1180.0;1183.0;1185.0;1424.0;1216.4;84.8
6;93;7;1176.0;1176.5;1180.0;1184.5;1405.0;1211.9;78.9
6;94;7;1172.0;1172.0;1172.0;1172.0;1368.0;1200.0;68.6
6;95;7;1175.0;1181.0;1197.0;1197.0;1358.0;1212.3;60.1
6;96;7;1186.0;1197.0;1197.0;1197.0;1358.0;1218.4;57.1
6;97;7;1175.0;1178.0;1186.0;1197.0;1374.0;1212.1;66.6
6;98;7;1177.0;1178.0;1187.0;1187.5;1374.0;1209.9;67.2
6;99;7;1184.0;1184.0;1184.0;1184.0;1371.0;1210.7;65.4
7;0;7;1889.0;2106.5;2314.0;2390.5;2421.0;2231.1;208.4
7;1;7;1924.0;2126.5;2264.0;2364.0;2397.0;2223.7;171.6
7;2;7;1695.0;2093.0;2309.0;2320.5;2385.0;2173.7;242.9
7;3;7;1727.0;2044.5;2286.0;2304.5;2320.0;2147.3;239.3
7;4;7;1805.0;2096.5;2334.0;2357.0;2370.0;2202.3;232.4
7;5;7;1716.0;2095.0;2324.0;2427.0;2477.0;2223.0;276.1
7;6;7;1823.0;2056.0;2290.0;2326.5;2337.0;2173.6;218.3
7;7;7;1874.0;2108.5;2337.0;2348.0;2373.0;2213.9;203.6
7;8;7;1798.0;2068.0;2294.0;2301.0;2309.0;2162.7;205.8
7;9;7;1747.0;2149.5;2355.0;2381.5;2398.0;2223.1;239.3
7;10;7;1853.0;2115.0;2385.0;2389.5;2391.0;2234.0;230.4
7;11;7;1744.0;2026.5;2226.0;2278.5;2332.0;2130.3;217.7
7;12;7;1843.0;2096.0;2324.0;2383.5;2425.0;2221.6;225.4
7;13;7;1888.0;2034.0;2175.0;2194.0;2298.0;2116.7;145.9
7;14;7;1698.0;1781.5;2263.0;2283.0;2305.0;2056.4;264.7
7;15;7;1673.0;1737.5;2212.0;2262.0;2297.0;2025.9;270.5
7;16;7;1670.0;1785.0;2294.0;2299.0;2416.0;2078.3;294.6
7;17;7;1683.0;1695.5;2117.0;2186.5;2253.0;1973.9;247.4
7;18;7;1756.0;1799.5;2265.0;2275.5;2288.0;2065.6;244.0
7;19;7;1650.0;1789.5;2271.0;2296.0;2318.0;2058.6;277.7
7;20;7;1705.0;1815.0;2200.0;2211.0;2233.0;2027.1;219.1
7;21;7;1697.0;1739.0;2172.0;2263.5;2289.0;2023.3;261.0
7;22;7;1656.0;1774.0;2166.0;2219.0;2265.0;2010.4;243.2
7;23;7;1637.0;1752.0;2241.0;2251.5;2269.0;2022.0;270.0
7;24;7;1560.0;1719.5;2098.0;2167.0;2183.0;1944.9;254.3
7;25;7;1613.0;1756.5;2101.0;2125.5;2146.0;1946.3;211.1
7;26;7;1546.0;1788.0;2153.0;2195.5;2224.0;1984.3;253.2
7;27;7;1618.0;1667.0;2070.0;2093.5;2122.0;1904.4;220.8
7;28;7;1543.0;1730.0;2081.0;2105.0;2121.0;1916.4;226.7
7;29;7;1535.0;1613.0;2025.0;2045.0;2093.0;1852.7;232.1
7;30;7;1393.0;1492.0;1923.0;1959.5;2014.0;1747.6;256.6
7;31;7;1450.0;1544.0;1580.0;1940.5;1986.0;1712.1;214.6
7;32;7;1472.0;1520.5;1572.0;1960.0;1985.0;1712.9;223.6
7;33;7;1202.0;1274.5;1592.0;1869.5;1970.0;1578.9;305.3
7;34;7;1480.0;1544.0;1905.0;1942.0;1960.0;1759.6;207.6
7;35;7;1454.0;1542.0;1945.0;1957.5;1966.0;1766.3;222.9
7;36;7;1377.0;1444.5;1809.0;1866.5;1916.0;1674.9;224.6
7;37;7;1415.0;1497.0;1905.0;1906.5;1923.0;1721.4;220.4
7;38;7;1377.0;1450.5;1857.0;1880.0;1956.0;1693.0;234.4
7;39;7;1257.0;1465.0;1505.0;1844.0;1910.0;1612.9;232.2
7;40;7;1381.0;1410.0;1450.0;1798.0;1830.0;1582.4;197.3
7;41;7;1352.0;1376.5;1402.0;1703.5;1715.0;1518.4;164.3
7;42;7;1228.0;1334.5;1486.0;1794.0;1851.0;1546.0;243.3
7;43;7;1272.0;1279.0;1398.0;1658.0;1698.0;1463.1;185.1
7;44;7;1293.0;1374.0;1427.0;1690.5;1717.0;1509.4;168.7
7;45;7;1268.0;1283.0;1430.0;1702.5;1771.0;1491.4;209.8
7;46;7;1315.0;1370.5;1373.0;1690.0;1717.0;1503.7;170.6
7;47;7;1300.0;1326.5;1362.0;1691.5;1719.0;1488.1;185.5
7;48;7;1212.0;1298.5;1382.0;1702.0;1713.0;1472.6;209.7
7;49;7;1306.0;1332.5;1370.0;1653.5;1676.0;1474.9;162.4
7;50;7;1326.0;1373.5;1422.0;1818.0;1843.0;1567.7;226.7
7;51;7;1227.0;1349.0;1370.0;1873.5;1940.0;1568.9;287.8
7;52;7;1207.0;1313.0;1489.0;1806.0;1827.0;1537.3;254.2
7;53;7;1294.0;1331.5;1427.0;1814.0;1858.0;1552.9;242.3
7;54;7;1215.0;1289.5;1386.0;1781.0;1878.0;1517.1;262.3
7;55;7;1283.0;1340.5;1449.0;1758.5;1779.0;1529.9;209.4
7;56;7;1186.0;1246.0;1284.0;1711.0;1722.0;1443.7;236.2
7;57;7;1198.0;1257.0;1315.0;1592.0;1620.0;1404.4;174.3
7;58;7;1175.0;1266.5;1331.0;1591.0;1602.0;1403.3;171.2
7;59;7;1189.0;1266.5;1360.0;1641.5;1709.0;1439.1;201.2
7;60;7;1166.0;1303.5;1381.0;1610.0;1712.0;1440.9;191.6
7;61;7;1176.0;1214.5;1308.0;1659.0;1719.0;1421.4;228.8
7;62;7;1185.0;1189.0;1197.0;1609.0;1667.0;1377.9;219.7
7;63;7;1179.0;1198.0;1237.0;1626.5;1648.0;1387.6;214.2
7;64;7;1191.0;1196.5;1203.0;1511.5;1768.0;1368.3;249.4
7;65;7;1180.0;1195.0;1241.0;1436.5;1605.0;1327.0;176.5
7;66;7;1182.0;1185.0;1211.0;1460.0;1740.0;1346.1;236.8
7;67;7;1181.0;1189.0;1194.0;1428.5;1665.0;1325.0;205.2
7;68;7;1176.0;1176.5;1180.0;1285.5;1389.0;1238.4;93.4
7;69;7;1175.0;1178.5;1187.0;1264.0;1341.0;1226.9;72.3
7;70;7;1178.0;1181.0;1186.0;1270.0;1340.0;1229.4;70.2
7;71;7;1175.0;1179.0;1185.0;1264.5;1348.0;1227.9;74.5
7;72;7;1176.0;1181.0;1193.0;1279.5;1343.0;1233.3;70.5
7;73;7;1176.0;1177.0;1179.0;1260.5;1338.0;1224.0;71.5
7;74;7;1179.0;1182.5;1185.0;1255.0;1329.0;1224.0;64.9
7;75;7;1176.0;1178.5;1182.0;1261.0;1333.0;1224.3;67.7
7;76;7;1174.0;1184.0;1186.0;1253.5;1324.0;1222.7;62.9
7;77;7;1175.0;1179.0;1180.0;1214.5;1249.0;1198.7;31.8
7;78;7;1176.0;1178.0;1180.0;1214.5;1249.0;1198.6;31.9
7;79;7;1173.0;1180.0;1182.0;1226.5;1266.0;1204.9;38.9
7;80;7;1173.0;1179.0;1188.0;1225.0;1266.0;1205.0;37.4
7;81;7;1180.0;1186.0;1190.0;1221.0;1252.0;1205.1;29.8
7;82;7;1179.0;1192.0;1199.0;1225.5;1252.0;1209.3;27.8
7;83;7;1178.0;1183.5;1189.0;1220.5;1252.0;1203.9;30.7
7;84;7;1174.0;1184.5;1189.0;1227.5;1257.0;1206.3;32.3
7;85;7;1168.0;1178.0;1180.0;1191.0;1250.0;1190.9;25.7
7;86;7;1172.0;1176.5;1180.0;1188.0;1254.0;1190.7;26.7
7;87;7;1173.0;1176.5;1177.0;1186.0;1250.0;1189.3;25.2
7;88;7;1176.0;1178.0;1178.0;1182.5;1247.0;1188.9;23.9
7;89;7;1177.0;1181.0;1181.0;1181.0;1247.0;1189.9;23.4
7;90;7;1176.0;1176.5;1181.0;1189.0;1252.0;1191.4;25.3
7;91;7;1172.0;1177.0;1177.0;1179.0;1247.0;1186.9;24.7
7;92;7;1173.0;1175.0;1176.0;1184.5;1252.0;1188.6;26.4
7;93;7;1173.0;1175.0;1176.0;1176.5;1247.0;1185.6;25.1
7;94;7;1173.0;1174.5;1176.0;1176.5;1260.0;1187.3;29.7
7;95;7;1172.0;1185.0;1185.0;1193.0;1255.0;1195.4;25.4
7;96;7;1173.0;1179.0;1182.0;1183.0;1255.0;1190.6;26.5
7;97;7;1175.0;1180.5;1183.0;1186.5;1255.0;1192.4;25.9
7;98;7;1178.0;1178.0;1180.0;1183.0;1261.0;1191.6;28.4
7;99;7;1175.0;1175.5;1177.0;1178.0;1246.0;1186.4;24.3
8;0;7;1791.0;2064.5;2399.0;2465.0;2504.0;2250.4;286.0
8;1;7;1788.0;2094.0;2357.0;2393.5;2413.0;2219.0;247.8
8;2;7;1824.0;2066.5;2295.0;2312.0;2376.0;2178.9;218.4
8;3;7;1818.0;2075.5;2239.0;2256.0;2354.0;2153.4;184.4
8;4;7;1767.0;2043.5;2404.0;2432.5;2458.0;2225.9;274.0
8;5;7;1911.0;2147.0;2342.0;2404.5;2480.0;2262.3;213.3
8;6;7;1862.0;2151.5;2328.0;2352.5;2387.0;2226.4;192.4
8;7;7;1690.0;2118.5;2306.0;2328.0;2338.0;2175.3;228.9
8;8;7;1725.0;2016.0;2281.0;2295.5;2304.0;2133.3;239.0
8;9;7;1774.0;2026.0;2211.0;2295.0;2312.0;2134.1;210.5
8;10;7;1739.0;2019.0;2260.0;2340.5;2396.0;2159.1;244.2
8;11;7;1787.0;2015.5;2267.0;2310.5;2328.0;2147.7;221.6
8;12;7;1910.0;2146.5;2373.0;2425.5;2483.0;2272.9;227.6
8;13;7;1594.0;1978.0;2257.0;2307.5;2407.0;2118.4;284.4
8;14;7;1729.0;1840.0;2379.0;2417.0;2435.0;2151.0;307.9
8;15;7;1847.0;1887.5;2310.0;2347.0;2369.0;2142.1;233.2
8;16;7;1700.0;1816.0;2248.0;2291.5;2360.0;2074.7;263.0
8;17;7;1789.0;1862.5;2175.0;2281.0;2385.0;2090.9;229.4
8;18;7;1671.0;1750.0;2202.0;2211.5;2323.0;2017.0;260.0
8;19;7;1661.0;1796.5;2178.0;2269.5;2300.0;2038.7;255.3
8;20;7;1669.0;1762.0;2149.0;2230.0;2287.0;2012.7;248.5
8;21;7;1672.0;1763.0;2194.0;2247.5;2286.0;2024.7;256.2
8;22;7;1638.0;1688.0;2106.0;2202.5;2228.0;1964.7;258.2
8;23;7;1717.0;1801.0;2214.0;2230.5;2256.0;2035.7;229.5
8;24;7;1629.0;1663.0;2085.0;2174.5;2190.0;1939.9;251.8
8;25;7;1547.0;1771.5;2101.0;2164.5;2214.0;1962.0;242.7
8;26;7;1688.0;1786.5;2216.0;2230.0;2283.0;2031.4;245.0
8;27;7;1520.0;1752.0;2113.0;2132.5;2146.0;1935.4;240.5
8;28;7;1459.0;1690.0;2066.0;2090.0;2100.0;1883.6;250.0
8;29;7;1553.0;1678.0;2142.0;2185.0;2192.0;1944.7;278.4
8;30;7;1502.0;1684.0;2095.0;2158.5;2215.0;1928.1;272.3
8;31;7;1384.0;1511.0;1563.0;2066.0;2087.0;1741.1;292.7
8;32;7;1390.0;1393.5;1428.0;1934.5;2051.0;1646.4;285.7
8;33;7;1182.0;1338.0;1557.0;1986.0;1996.0;1626.1;331.6
8;34;7;1336.0;1627.0;1922.0;1941.0;1967.0;1765.9;223.6
8;35;7;1209.0;1314.0;1905.0;1977.5;1993.0;1670.0;341.4
8;36;7;1382.0;1467.5;1943.0;1972.5;1987.0;1741.7;265.2
8;37;7;1201.0;1562.5;1973.0;2029.0;2043.0;1771.4;308.1
8;38;7;1303.0;1401.0;1899.0;2000.5;2016.0;1717.3;306.3
8;39;7;1281.0;1327.0;1590.0;1962.5;1995.0;1635.0;307.5
8;40;7;1373.0;1390.0;1484.0;1932.5;1963.0;1637.9;266.4
8;41;7;1364.0;1410.0;1473.0;1919.5;1927.0;1631.9;253.1
8;42;7;1256.0;1327.0;1520.0;1886.0;1912.0;1587.7;276.8
8;43;7;1238.0;1411.0;1581.0;1911.0;1949.0;1630.3;272.3
8;44;7;1303.0;1400.0;1510.0;1861.5;1871.0;1601.0;236.0
8;45;7;1361.0;1427.5;1494.0;1940.5;1986.0;1653.9;265.0
8;46;7;1240.0;1273.0;1353.0;1923.5;1951.0;1562.4;322.5
8;47;7;1203.0;1236.5;1382.0;1932.0;1938.0;1551.4;335.5
8;48;7;1224.0;1269.5;1295.0;1905.5;1925.0;1542.0;321.1
8;49;7;1200.0;1233.0;1357.0;1842.5;1884.0;1513.1;301.7
8;50;7;1176.0;1203.0;1255.0;1832.5;1849.0;1478.7;312.2
8;51;7;1180.0;1190.5;1194.0;1884.5;1896.0;1488.6;346.3
8;52;7;1189.0;1225.0;1332.0;1865.0;1879.0;1511.4;313.4
8;53;7;1172.0;1205.5;1305.0;1660.0;1810.0;1431.1;250.4
8;54;7;1177.0;1194.5;1255.0;1790.5;1808.0;1458.6;293.4
8;55;7;1171.0;1191.0;1208.0;1537.5;1553.0;1341.3;174.8
8;56;7;1179.0;1190.0;1248.0;1665.5;1781.0;1417.0;252.1
8;57;7;1197.0;1202.5;1227.0;1598.5;1769.0;1399.3;228.9
8;58;7;1170.0;1187.5;1234.0;1541.5;1561.0;1346.1;175.8
8;59;7;1173.0;1181.0;1195.0;1480.5;1540.0;1318.7;158.5
8;60;7;1174.0;1185.0;1204.0;1536.0;1575.0;1342.1;180.2
8;61;7;1180.0;1191.5;1213.0;1529.5;1564.0;1342.7;172.5
8;62;7;1170.0;1174.0;1181.0;1481.5;1494.0;1308.0;154.1
8;63;7;1171.0;1171.0;1177.0;1281.0;1281.0;1219.0;53.7
8;64;7;1175.0;1188.0;1198.0;1249.0;1278.0;1217.9;40.4
8;65;7;1172.0;1174.5;1176.0;1208.0;1237.0;1192.9;27.4
8;66;7;1170.0;1180.0;1181.0;1214.0;1234.0;1196.1;24.8
8;67;7;1172.0;1177.0;1181.0;1219.5;1241.0;1198.1;28.2
8;68;7;1176.0;1177.0;1193.0;1215.0;1239.0;1198.9;25.2
8;69;7;1170.0;1176.0;1178.0;1214.5;1240.0;1195.6;27.4
8;70;7;1175.0;1177.0;1191.0;1213.5;1235.0;1197.4;23.9
8;71;7;1175.0;1177.0;1181.0;1214.0;1234.0;1196.0;24.5
8;72;7;1174.0;1178.0;1195.0;1213.0;1232.0;1197.6;22.8
8;73;7;1178.0;1178.5;1181.0;1215.0;1236.0;1197.4;24.7
8;74;7;1177.0;1178.0;1179.0;1217.0;1239.0;1197.9;26.7
8;75;7;1173.0;1187.5;1195.0;1217.0;1240.0;1202.4;24.5
8;76;7;1178.0;1178.5;1181.0;1219.0;1243.0;1199.6;28.0
8;77;7;1176.0;1178.5;1179.0;1209.0;1233.0;1194.7;24.3
8;78;7;1176.0;1179.0;1195.0;1216.0;1237.0;1199.7;24.4
8;79;7;1178.0;1179.0;1179.0;1194.5;1210.0;1187.7;14.1
8;80;7;1179.0;1195.0;1196.0;1203.5;1211.0;1197.6;10.2
8;81;7;1179.0;1179.0;1194.0;1202.5;1210.0;1192.3;12.9
8;82;7;1195.0;1195.0;1195.0;1195.0;1210.0;1197.1;5.2
8;83;7;1195.0;1195.0;1195.0;1195.0;1210.0;1197.1;5.2
8;84;7;1180.0;1195.0;1195.0;1196.5;1210.0;1195.4;8.1
8;85;7;1175.0;1177.0;1195.0;1195.5;1220.0;1190.7;14.9
8;86;7;1180.0;1195.0;1198.0;1204.0;1210.0;1198.0;9.5
8;87;7;1180.0;1198.0;1198.0;1204.0;1210.0;1198.9;9.3
8;88;7;1198.0;1198.0;1198.0;1203.0;1208.0;1200.9;4.5
8;89;7;1180.0;1195.0;1198.0;1198.0;1212.0;1196.6;8.6
8;90;7;1198.0;1198.0;1198.0;1198.0;1208.0;1199.4;3.5
8;91;7;1198.0;1198.0;1198.0;1198.0;1208.0;1199.4;3.5
8;92;7;1180.0;1180.0;1180.0;1180.0;1215.0;1185.0;12.2
8;93;7;1180.0;1180.0;1180.0;1180.0;1215.0;1185.0;12.2
8;94;7;1180.0;1180.0;1198.0;1198.0;1215.0;1192.7;12.3
8;95;7;1179.0;1179.5;1180.0;1180.0;1215.0;1184.7;12.4
8;96;7;1179.0;1179.0;1179.0;1180.0;1215.0;1184.4;12.5
8;97;7;1180.0;1180.0;1198.0;1198.0;1215.0;1192.7;12.3
8;98;7;1179.0;1180.0;1180.0;1180.0;1215.0;1184.9;12.3
8;99;7;1180.0;1180.0;1180.0;1180.0;1215.0;1185.0;12.2
9;0;7;1861.0;2159.0;2322.0;2383.0;2424.0;2241.6;201.1
9;1;7;1743.0;2058.5;2346.0;2363.5;2411.0;2192.0;268.3
9;2;7;1846.0;2135.5;2335.0;2371.0;2388.0;2226.0;210.4
9;3;7;1775.0;2103.5;2252.0;2289.5;2331.0;2163.4;191.0
9;4;7;1765.0;2082.0;2286.0;2317.5;2347.0;2171.0;217.2
9;5;7;1779.0;2054.0;2288.0;2307.0;2367.0;2165.1;229.7
9;6;7;1743.0;2115.5;2345.0;2361.0;2373.0;2202.0;237.2
9;7;7;1834.0;2091.0;2302.0;2314.0;2344.0;2184.3;195.1
9;8;7;1747.0;2061.5;2290.0;2391.0;2418.0;2194.3;258.5
9;9;7;1618.0;1893.5;2160.0;2195.5;2219.0;2025.0;249.8
9;10;7;1811.0;2179.5;2439.0;2461.5;2478.0;2287.1;248.9
9;11;7;1810.0;2053.0;2267.0;2281.0;2306.0;2150.1;202.5
9;12;7;1775.0;2041.5;2273.0;2319.5;2358.0;2161.1;225.0
9;13;7;1728.0;1968.0;2130.0;2192.0;2239.0;2059.6;188.1
9;14;7;1685.0;1813.0;2210.0;2223.0;2250.0;2031.0;231.2
9;15;7;1750.0;1760.0;2241.0;2308.5;2338.0;2066.6;269.8
9;16;7;1621.0;1775.5;2248.0;2264.0;2293.0;2034.4;273.9
9;17;7;1728.0;1805.5;2133.0;2185.0;2214.0;2008.0;202.0
9;18;7;1620.0;1723.5;2113.0;2171.5;2209.0;1961.7;243.2
9;19;7;1624.0;1669.5;2186.0;2196.0;2202.0;1963.3;268.0
9;20;7;1683.0;1755.5;2165.0;2186.0;2194.0;1989.3;225.3
9;21;7;1560.0;1659.5;2017.0;2105.5;2136.0;1891.9;235.2
9;22;7;1546.0;1614.5;2085.0;2133.5;2150.0;1896.7;265.8
9;23;7;1500.0;1642.5;1998.0;2030.5;2097.0;1848.7;230.1
9;24;7;1625.0;1678.5;2073.0;2105.5;2109.0;1910.7;217.9
9;25;7;1573.0;1820.5;2110.0;2137.5;2143.0;1963.1;210.0
9;26;7;1606.0;1663.0;2058.0;2077.0;2110.0;1893.4;217.9
9;27;7;1557.0;1633.5;1986.0;2011.5;2013.0;1835.1;198.6
9;28;7;1553.0;1658.0;2091.0;2106.0;2113.0;1897.9;240.5
9;29;7;1599.0;1676.0;2026.0;2061.5;2113.0;1887.6;208.9
9;30;7;1498.0;1620.0;2101.0;2128.0;2170.0;1895.0;279.0
9;31;7;1467.0;1507.5;1694.0;2116.5;2143.0;1793.1;296.3
9;32;7;1311.0;1448.0;1545.0;1949.5;1955.0;1658.0;265.6
9;33;7;1180.0;1363.5;1526.0;2039.5;2072.0;1654.9;357.3
9;34;7;1428.0;1573.0;1952.0;1992.5;2024.0;1790.7;236.1
9;35;7;1365.0;1543.5;2063.0;2080.0;2086.0;1823.0;301.6
9;36;7;1522.0;1649.5;2155.0;2214.5;2288.0;1956.1;309.4
9;37;7;1518.0;1573.0;2093.0;2133.5;2142.0;1880.9;283.8
9;38;7;1419.0;1527.0;1964.0;2049.0;2089.0;1803.4;274.9
9;39;7;1281.0;1552.5;1567.0;2003.5;2044.0;1714.9;277.3
9;40;7;1354.0;1368.0;1564.0;1894.5;1917.0;1622.9;250.8
9;41;7;1311.0;1361.5;1404.0;1934.0;1966.0;1610.3;291.4
9;42;7;1241.0;1309.0;1384.0;1900.0;1930.0;1567.6;299.9
9;43;7;1264.0;1289.5;1327.0;1937.0;1950.0;1570.6;321.9
9;44;7;1242.0;1303.5;1346.0;1901.5;1925.0;1560.4;303.8
9;45;7;1183.0;1308.0;1412.0;1821.5;1853.0;1529.6;272.9
9;46;7;1205.0;1235.0;1268.0;1833.5;1867.0;1496.7;302.0
9;47;7;1184.0;1198.0;1250.0;1826.0;1871.0;1479.0;314.5
9;48;7;1179.0;1277.0;1293.0;1829.0;1837.0;1503.0;286.8
9;49;7;1645.0;1753.0;1839.0;2200.0;2231.0;1945.9;236.7
9;50;7;1638.0;1730.5;1739.0;2129.0;2193.0;1898.4;221.3
9;51;7;1712.0;1764.0;1864.0;2231.5;2266.0;1976.1;235.6
9;52;7;1474.0;1719.0;1895.0;2207.5;2238.0;1922.9;286.2
9;53;7;1651.0;1755.5;1857.0;2179.0;2200.0;1939.6;220.8
9;54;7;1650.0;1717.0;1780.0;2194.5;2225.0;1925.4;245.4
9;55;7;1509.0;1644.0;1830.0;2146.5;2224.0;1877.7;273.3
9;56;7;1498.0;1619.0;1695.0;2056.5;2082.0;1803.7;233.5
9;57;7;1527.0;1753.0;1807.0;2163.0;2168.0;1904.9;239.5
9;58;7;1533.0;1619.5;1694.0;2154.0;2178.0;1850.3;275.6
9;59;7;1451.0;1590.5;1703.0;1989.5;2209.0;1789.0;280.0
9;60;7;1516.0;1551.5;1679.0;1978.5;2139.0;1770.6;251.2
9;61;7;1609.0;1646.5;1659.0;1882.5;2059.0;1769.3;176.8
9;62;7;1341.0;1428.5;1555.0;1807.0;2042.0;1629.9;268.6
9;63;7;1213.0;1328.5;1540.0;1803.0;2034.0;1578.6;308.9
9;64;7;1468.0;1493.0;1647.0;1872.5;2047.0;1699.0;232.9
9;65;7;1373.0;1413.5;1521.0;1844.5;2019.0;1632.7;260.3
9;66;7;1253.0;1274.0;1319.0;1736.0;2063.0;1522.1;336.8
9;67;7;1472.0;1481.5;1517.0;1757.0;1984.0;1635.7;220.9
9;68;7;1305.0;1379.5;1448.0;1783.5;1993.0;1581.7;271.0
9;69;7;1296.0;1394.5;1445.0;1801.0;1971.0;1586.1;258.1
9;70;7;1321.0;1405.0;1467.0;1732.5;1994.0;1579.6;262.2
9;71;7;1320.0;1436.5;1503.0;1739.5;1937.0;1587.4;228.6
9;72;7;1228.0;1383.0;1486.0;1804.5;2011.0;1585.7;280.2
9;73;7;1269.0;1345.0;1362.0;1700.0;1962.0;1526.1;276.0
9;74;7;1242.0;1318.5;1360.0;1731.5;1984.0;1526.6;294.8
9;75;7;1237.0;1341.0;1474.0;1699.0;1940.0;1533.0;262.7
9;76;7;1260.0;1340.5;1417.0;1747.5;1961.0;1544.9;272.2
9;77;7;1251.0;1259.0;1430.0;1717.5;1930.0;1509.1;279.0
9;78;7;1239.0;1255.0;1297.0;1661.5;1977.0;1478.0;317.0
9;79;7;1273.0;1289.0;1306.0;1666.0;1945.0;1490.6;286.7
9;80;7;1237.0;1299.0;1318.0;1674.0;1973.0;1496.3;301.4
9;81;7;1195.0;1261.5;1268.0;1639.0;1939.0;1457.6;300.4
9;82;7;1247.0;1292.0;1396.0;1794.5;2033.0;1549.9;308.9
9;83;7;1254.0;1291.0;1401.0;1758.0;1914.0;1523.9;267.0
9;84;7;1244.0;1263.5;1300.0;1670.0;1888.0;1471.3;269.1
9;85;7;1205.0;1291.5;1337.0;1625.0;1888.0;1466.1;268.5
9;86;7;1265.0;1313.5;1366.0;1479.5;1939.0;1450.9;214.0
9;87;7;1285.0;1345.0;1345.0;1466.5;2014.0;1466.7;232.3
9;88;7;1254.0;1301.0;1345.0;1422.0;1922.0;1423.9;213.2
9;89;7;1207.0;1246.0;1306.0;1374.5;1913.0;1381.0;226.5
9;90;7;1189.0;1212.0;1265.0;1308.0;1872.0;1338.0;222.5
9;91;7;1209.0;1246.0;1255.0;1278.5;1886.0;1342.7;223.1
9;92;7;1253.0;1301.0;1324.0;1348.5;1887.0;1394.7;203.6
9;93;7;1175.0;1214.5;1264.0;1276.0;1872.0;1327.4;225.9
9;94;7;1636.0;1651.5;1657.0;1775.0;2297.0;1777.6;219.8
9;95;7;1539.0;1678.5;1799.0;1886.5;2313.0;1825.9;230.5
9;96;7;1559.0;1616.5;1689.0;1757.0;2314.0;1758.4;239.3
9;97;7;1502.0;1785.5;1813.0;1910.5;2349.0;1865.1;237.4
9;98;7;1483.0;1557.5;1634.0;1778.5;2223.0;1716.0;233.6
9;99;7;1518.0;1620.0;1652.0;1719.5;2217.0;1723.7;211.2
10;0;7;1847.0;2099.0;2340.0;2467.5;2497.0;2259.6;252.8
10;1;7;1813.0;2097.5;2334.0;2375.0;2405.0;2213.9;236.0
10;2;7;1772.0;2036.5;2297.0;2335.0;2360.0;2167.4;244.3
10;3;7;1729.0;2080.5;2314.0;2348.5;2366.0;2181.0;241.5
10;4;7;1814.0;2114.0;2332.0;2404.0;2419.0;2228.7;226.1
10;5;7;1717.0;2035.5;2268.0;2279.5;2335.0;2135.7;238.6
10;6;7;1885.0;2096.5;2292.0;2309.5;2331.0;2188.6;182.0
10;7;7;1717.0;2051.5;2295.0;2347.5;2404.0;2173.4;248.9
10;8;7;1969.0;2213.0;2399.0;2427.5;2441.0;2298.6;189.6
10;9;7;1735.0;2038.0;2219.0;2289.0;2350.0;2136.9;222.4
10;10;7;1648.0;2056.5;2312.0;2331.0;2386.0;2160.1;279.2
10;11;7;1771.0;2044.0;2266.0;2320.0;2359.0;2160.6;217.6
10;12;7;1829.0;2057.5;2268.0;2295.5;2310.0;2159.0;201.0
10;13;7;1685.0;2072.0;2285.0;2340.0;2377.0;2167.3;252.4
10;14;7;1723.0;1896.5;2244.0;2259.0;2326.0;2086.3;223.9
10;15;7;1697.0;1845.0;2262.0;2323.0;2387.0;2097.4;268.8
10;16;7;1654.0;1803.0;2267.0;2274.0;2347.0;2060.3;273.9
10;17;7;1636.0;1699.5;2046.0;2084.5;2102.0;1907.4;200.1
10;18;7;1772.0;1860.0;2249.0;2279.5;2288.0;2084.0;221.4
10;19;7;1556.0;1716.0;2122.0;2170.0;2193.0;1949.0;257.4
10;20;7;1634.0;1774.5;2159.0;2215.0;2229.0;2000.1;247.4
10;21;7;1756.0;1803.5;2159.0;2197.0;2218.0;2019.1;202.2
10;22;7;1577.0;1694.0;2160.0;2176.0;2193.0;1952.9;260.8
10;23;7;1690.0;1730.5;2158.0;2214.5;2222.0;1994.3;241.6
10;24;7;1549.0;1678.0;2125.0;2129.5;2152.0;1920.1;251.0
10;25;7;1382.0;1609.5;2010.0;2020.0;2093.0;1820.6;259.7
10;26;7;1598.0;1631.0;2116.0;2148.5;2173.0;1920.9;261.4
10;27;7;1585.0;1665.5;2072.0;2128.0;2186.0;1918.6;246.2
10;28;7;1615.0;1676.0;2121.0;2164.5;2201.0;1945.4;253.3
10;29;7;1495.0;1683.5;2085.0;2113.5;2130.0;1900.6;250.3
10;30;7;1525.0;1667.5;2115.0;2134.5;2189.0;1919.0;264.0
10;31;7;1523.0;1578.0;1677.0;2041.5;2055.0;1784.9;231.2
10;32;7;1554.0;1577.5;1601.0;1978.5;2019.0;1755.1;205.9
10;33;7;1402.0;1551.5;1604.0;1943.0;2021.0;1716.6;229.2
10;34;7;1240.0;1371.5;1609.0;1972.0;2062.0;1656.9;320.7
10;35;7;1314.0;1374.5;1924.0;1972.0;2077.0;1715.4;316.4
10;36;7;1340.0;1459.0;1730.0;1753.0;1799.0;1613.3;175.2
10;37;7;1210.0;1292.5;1654.0;1703.5;1738.0;1513.4;217.9
10;38;7;1251.0;1289.5;1503.0;1520.5;1531.0;1415.0;120.6
10;39;7;1239.0;1272.0;1307.0;1485.0;1515.0;1367.9;112.1
10;40;7;1256.0;1269.5;1289.0;1545.5;1621.0;1399.4;150.7
10;41;7;1210.0;1242.5;1262.0;1521.0;1544.0;1363.3;144.3
10;42;7;1226.0;1254.5;1284.0;1494.0;1525.0;1361.7;125.5
10;43;7;1220.0;1288.5;1290.0;1602.0;1619.0;1415.7;167.9
10;44;7;1184.0;1210.5;1286.0;1648.0;1711.0;1414.0;225.3
10;45;7;1184.0;1189.5;1198.0;1500.5;1529.0;1327.3;158.5
10;46;7;1184.0;1184.5;1191.0;1407.5;1416.0;1282.1;111.1
10;47;7;1179.0;1181.0;1185.0;1380.0;1402.0;1269.7;102.3
10;48;7;1182.0;1195.0;1206.0;1371.0;1391.0;1273.0;91.2
10;49;7;1182.0;1189.0;1205.0;1371.5;1386.0;1270.6;92.0
10;50;7;1701.0;1766.5;1872.0;2239.0;2289.0;1981.9;243.7
10;51;7;1625.0;1794.0;1841.0;2238.0;2264.0;1970.6;247.4
10;52;7;1697.0;1722.0;1752.0;2137.5;2260.0;1918.3;229.0
10;53;7;1680.0;1756.5;1808.0;2231.5;2271.0;1962.1;248.6
10;54;7;1598.0;1708.5;1807.0;2236.0;2257.0;1935.9;272.8
10;55;7;1493.0;1748.5;1839.0;2127.5;2163.0;1892.4;236.5
10;56;7;1714.0;1732.0;1750.0;2273.0;2278.0;1964.6;268.8
10;57;7;1522.0;1705.0;1746.0;2209.0;2236.0;1904.6;280.1
10;58;7;1523.0;1614.0;1791.0;2162.5;2229.0;1870.9;283.4
10;59;7;1430.0;1548.0;1605.0;1925.5;2224.0;1743.7;309.4
10;60;7;1532.0;1657.5;1690.0;1959.5;2209.0;1809.3;250.3
10;61;7;1435.0;1539.0;1584.0;1877.0;2166.0;1716.7;278.4
10;62;7;1414.0;1530.5;1713.0;1932.5;2147.0;1742.9;272.7
10;63;7;1381.0;1509.0;1637.0;1851.0;2030.0;1681.1;238.2
10;64;7;1186.0;1356.5;1507.0;1789.5;1981.0;1566.6;297.0
10;65;7;1306.0;1447.5;1476.0;1755.0;1940.0;1589.6;232.7
10;66;7;1343.0;1508.0;1538.0;1774.0;1982.0;1632.4;228.9
10;67;7;1279.0;1334.0;1394.0;1682.0;1943.0;1521.1;270.7
10;68;7;1301.0;1396.0;1445.0;1681.0;1934.0;1547.7;240.1
10;69;7;1219.0;1287.5;1312.0;1600.5;1891.0;1456.9;269.7
10;70;7;1228.0;1310.0;1343.0;1647.5;1958.0;1492.0;294.9
10;71;7;1207.0;1232.0;1267.0;1603.0;1887.0;1433.0;284.6
10;72;7;1259.0;1354.5;1459.0;1804.5;2007.0;1577.6;288.1
10;73;7;1230.0;1238.5;1269.0;1627.0;1902.0;1447.4;289.8
10;74;7;1189.0;1201.5;1220.0;1546.0;1830.0;1390.6;277.9
10;75;7;1200.0;1220.0;1357.0;1682.0;1991.0;1478.9;319.4
10;76;7;1209.0;1253.0;1308.0;1603.0;1939.0;1452.6;295.3
10;77;7;1191.0;1196.0;1196.0;1238.5;1354.0;1230.0;58.3
10;78;7;1192.0;1197.5;1200.0;1421.5;1594.0;1317.7;173.2
10;79;7;1183.0;1212.5;1252.0;1506.0;1728.0;1371.4;222.9
10;80;7;1187.0;1190.5;1225.0;1602.0;1827.0;1403.4;274.9
10;81;7;1187.0;1189.5;1197.0;1517.5;1823.0;1374.4;253.0
10;82;7;1175.0;1176.0;1177.0;1516.0;1822.0;1365.4;289.0
10;83;7;1190.0;1195.5;1207.0;1444.0;1809.0;1355.0;249.1
10;84;7;1188.0;1198.5;1199.0;1221.0;1243.0;1209.9;21.3
10;85;7;1192.0;1193.0;1193.0;1210.0;1227.0;1202.6;15.5
10;86;7;1193.0;1193.0;1193.0;1210.0;1227.0;1202.7;15.4
10;87;7;1180.0;1191.5;1193.0;1212.0;1237.0;1202.4;20.5
10;88;7;1180.0;1189.0;1193.0;1214.5;1237.0;1202.4;22.0
10;89;7;1179.0;1179.5;1180.0;1193.0;1237.0;1191.6;19.5
10;90;7;1179.0;1180.0;1182.0;1190.0;1237.0;1191.1;19.3
10;91;7;1185.0;1192.0;1193.0;1196.5;1238.0;1199.0;16.4
10;92;7;1185.0;1186.0;1189.0;1195.5;1238.0;1196.4;17.5
10;93;7;1192.0;1193.5;1196.0;1196.0;1230.0;1199.6;12.5
10;94;7;1187.0;1194.0;1195.0;1196.0;1230.0;1198.9;13.0
10;95;7;1187.0;1187.0;1187.0;1187.0;1230.0;1193.1;15.0
10;96;7;1187.0;1187.0;1187.0;1187.0;1230.0;1193.1;15.0
10;97;7;1177.0;1182.5;1185.0;1189.5;1239.0;1192.1;19.7
10;98;7;1194.0;1194.0;1194.0;1194.0;1238.0;1200.3;15.4
10;99;7;1183.0;1194.0;1194.0;1194.0;1238.0;1198.7;16.5
11;0;7;1735.0;2066.0;2398.0;2403.5;2409.0;2211.6;277.5
11;1;7;1778.0;2071.5;2323.0;2364.0;2367.0;2191.3;244.5
11;2;7;1776.0;2023.5;2226.0;2300.0;2356.0;2143.6;220.5
11;3;7;1692.0;2030.0;2309.0;2434.0;2506.0;2205.0;310.7
11;4;7;1834.0;2018.0;2232.0;2284.0;2333.0;2143.3;199.0
11;5;7;1825.0;2099.0;2333.0;2343.0;2360.0;2200.3;221.9
11;6;7;1747.0;2036.0;2298.0;2319.0;2358.0;2159.0;240.2
11;7;7;1865.0;2064.0;2274.0;2302.0;2345.0;2173.7;189.8
11;8;7;1860.0;2070.5;2304.0;2326.5;2351.0;2187.0;206.3
11;9;7;1812.0;2069.5;2267.0;2294.5;2306.0;2159.0;200.2
11;10;7;1712.0;2061.0;2278.0;2311.0;2369.0;2157.6;234.7
11;11;7;1643.0;2070.0;2365.0;2382.5;2396.0;2187.0;304.0
11;12;7;1753.0;1982.5;2208.0;2224.5;2298.0;2096.1;206.2
11;13;7;1760.0;2078.5;2266.0;2312.0;2352.0;2165.6;218.3
11;14;7;1722.0;1760.0;2248.0;2265.0;2271.0;2041.6;255.6
11;15;7;1712.0;1797.5;2187.0;2214.0;2296.0;2031.1;231.0
11;16;7;1785.0;1858.0;2226.0;2264.0;2269.0;2074.9;212.2
11;17;7;1665.0;1855.5;2301.0;2343.0;2363.0;2103.7;281.2
11;18;7;1754.0;1831.5;2246.0;2258.0;2269.0;2064.0;225.2
11;19;7;1675.0;1749.0;2180.0;2199.5;2218.0;1995.7;239.0
11;20;7;1688.0;1766.5;2161.0;2220.0;2257.0;2011.3;238.3
11;21;7;1674.0;1733.0;2109.0;2161.0;2202.0;1967.6;223.6
11;22;7;1667.0;1768.0;2122.0;2157.5;2177.0;1973.9;212.8
11;23;7;1459.0;1621.5;2073.0;2090.0;2153.0;1872.6;270.2
11;24;7;1669.0;1698.0;2213.0;2226.0;2234.0;1994.9;266.0
11;25;7;1664.0;1763.0;2110.0;2148.0;2159.0;1965.0;206.5
11;26;7;1588.0;1637.5;2020.0;2105.0;2150.0;1891.9;238.3
11;27;7;1630.0;1641.0;2150.0;2196.5;2233.0;1955.4;276.4
11;28;7;1642.0;1695.5;2085.0;2096.5;2131.0;1920.3;212.8
11;29;7;1536.0;1638.0;2183.0;2201.0;2235.0;1947.4;299.5
11;30;7;1575.0;1634.5;2133.0;2177.5;2199.0;1933.0;278.0
11;31;7;1430.0;1466.0;1500.0;2077.5;2084.0;1728.7;304.5
11;32;7;1353.0;1406.0;1457.0;1991.5;2000.0;1657.9;292.9
11;33;7;1185.0;1451.5;1678.0;1967.5;2014.0;1673.6;301.0
11;34;7;1224.0;1391.5;1930.0;1949.0;1994.0;1689.9;313.3
11;35;7;1309.0;1584.5;1987.0;2040.0;2050.0;1799.3;283.2
11;36;7;1302.0;1459.5;1819.0;1920.0;2001.0;1697.3;263.0
11;37;7;1251.0;1405.5;1827.0;1852.0;1939.0;1647.4;262.3
11;38;7;1340.0;1554.5;1939.0;1971.5;1994.0;1760.7;250.9
11;39;7;1221.0;1322.5;1486.0;1952.5;2002.0;1608.4;321.2
11;40;7;1296.0;1307.0;1457.0;1885.5;1930.0;1581.1;281.7
11;41;7;1209.0;1364.0;1443.0;1800.0;1858.0;1548.3;244.1
11;42;7;1330.0;1378.5;1422.0;1836.5;1908.0;1584.3;242.0
11;43;7;1183.0;1228.5;1637.0;1955.5;1979.0;1595.3;348.1
11;44;7;1233.0;1341.5;1429.0;1830.0;1881.0;1555.1;260.6
11;45;7;1214.0;1324.5;1513.0;1900.5;1922.0;1585.6;293.4
11;46;7;1219.0;1274.5;1457.0;1792.5;1819.0;1518.4;254.7
11;47;7;1197.0;1237.0;1259.0;1787.5;1791.0;1470.9;275.9
11;48;7;1190.0;1242.0;1361.0;1790.5;1800.0;1488.0;269.1
11;49;7;1187.0;1282.5;1342.0;1792.5;1800.0;1497.0;262.8
11;50;7;1243.0;1321.5;1425.0;1827.0;1864.0;1547.0;259.5
11;51;7;1204.0;1294.0;1468.0;1799.0;1813.0;1524.4;253.0
11;52;7;1215.0;1232.0;1533.0;1824.5;1834.0;1527.9;278.5
11;53;7;1210.0;1221.0;1241.0;1800.0;1809.0;1471.7;287.1
11;54;7;1187.0;1208.5;1248.0;1754.0;1758.0;1445.4;269.0
11;55;7;1185.0;1213.5;1415.0;1783.5;1797.0;1484.4;272.2
11;56;7;1190.0;1232.5;1443.0;1799.0;1803.0;1499.9;270.8
11;57;7;1193.0;1208.0;1221.0;1779.5;1781.0;1452.9;283.4
11;58;7;1209.0;1231.0;1264.0;1766.5;1769.0;1462.4;264.6
11;59;7;1179.0;1195.0;1209.0;1490.0;1775.0;1361.9;259.6
11;60;7;1214.0;1224.0;1241.0;1510.5;1777.0;1385.9;247.3
11;61;7;1183.0;1197.0;1204.0;1520.0;1773.0;1370.6;254.9
11;62;7;1190.0;1216.5;1235.0;1508.0;1782.0;1379.4;254.1
11;63;7;1183.0;1194.5;1218.0;1494.0;1764.0;1363.1;253.3
11;64;7;1202.0;1218.0;1232.0;1495.5;1758.0;1374.1;242.4
11;65;7;1174.0;1218.0;1232.0;1493.0;1753.0;1368.7;243.2
11;66;7;1214.0;1225.5;1236.0;1503.5;1762.0;1381.4;240.6
11;67;7;1188.0;1223.0;1255.0;1558.5;1758.0;1394.9;234.7
11;68;7;1175.0;1188.5;1219.0;1488.5;1754.0;1357.4;251.0
11;69;7;1203.0;1218.5;1238.0;1503.0;1759.0;1377.6;241.0
11;70;7;1184.0;1211.5;1223.0;1492.5;1762.0;1368.1;249.1
11;71;7;1192.0;1207.5;1222.0;1493.5;1759.0;1367.9;247.4
11;72;7;1194.0;1202.5;1218.0;1488.0;1760.0;1364.7;248.6
11;73;7;1182.0;1186.5;1211.0;1484.5;1756.0;1355.9;251.8
11;74;7;1169.0;1194.5;1217.0;1496.0;1757.0;1360.6;251.2
11;75;7;1178.0;1179.0;1184.0;1373.5;1629.0;1299.4;186.1
11;76;7;1176.0;1178.0;1183.0;1424.0;1646.0;1315.6;206.2
11;77;7;1179.0;1203.0;1230.0;1452.5;1645.0;1337.9;195.5
11;78;7;1174.0;1181.0;1184.0;1237.5;1296.0;1213.0;50.4
11;79;7;1172.0;1176.0;1181.0;1238.5;1296.0;1211.1;53.7
11;80;7;1177.0;1177.5;1181.0;1233.0;1287.0;1209.4;48.5
11;81;7;1181.0;1181.0;1181.0;1242.0;1285.0;1213.3;45.8
11;82;7;1174.0;1181.0;1184.0;1347.0;1925.0;1334.1;261.4
11;83;7;1174.0;1181.0;1183.0;1484.5;1904.0;1370.3;299.1
11;84;7;1181.0;1181.0;1184.0;1553.0;1899.0;1390.3;317.9
11;85;7;1174.0;1178.5;1181.0;1621.0;1884.0;1405.4;308.3
11;86;7;1174.0;1195.0;1207.0;1576.5;1882.0;1400.9;305.6
11;87;7;1174.0;1175.5;1183.0;1595.5;1817.0;1388.0;274.6
11;88;7;1182.0;1206.5;1209.0;1607.0;1884.0;1414.6;288.6
11;89;7;1173.0;1208.5;1229.0;1386.0;1886.0;1353.9;233.1
11;90;7;1176.0;1192.0;1192.0;1260.0;1851.0;1303.3;225.9
11;91;7;1171.0;1182.0;1200.0;1344.5;1868.0;1327.4;232.4
11;92;7;1184.0;1197.0;1226.0;1269.0;1888.0;1318.6;235.8
11;93;7;1176.0;1180.0;1181.0;1270.5;1878.0;1305.1;241.3
11;94;7;1175.0;1177.0;1187.0;1203.5;1775.0;1271.1;206.0
11;95;7;1174.0;1176.5;1179.0;1179.0;1296.0;1194.3;41.6
11;96;7;1176.0;1176.0;1177.0;1178.5;1297.0;1194.1;42.0
11;97;7;1170.0;1176.0;1178.0;1178.5;1297.0;1193.4;42.4
11;98;7;1175.0;1176.0;1176.0;1179.0;1297.0;1194.0;42.1
11;99;7;1176.0;1176.0;1176.0;1176.5;1297.0;1193.4;42.3
12;0;7;1734.0;2128.0;2339.0;2381.5;2438.0;2218.6;253.8
12;1;7;1846.0;2125.5;2345.0;2370.5;2382.0;2223.6;212.9
12;2;7;1623.0;1982.5;2320.0;2391.0;2434.0;2160.6;320.6
12;3;7;1863.0;2120.5;2379.0;2390.0;2405.0;2238.3;234.8
12;4;7;1756.0;2048.0;2250.0;2330.0;2351.0;2159.0;225.8
12;5;7;1741.0;1997.0;2240.0;2273.0;2300.0;2117.3;229.8
12;6;7;1687.0;2034.0;2260.0;2302.5;2351.0;2138.7;250.9
12;7;7;1671.0;1964.5;2292.0;2325.0;2376.0;2131.1;266.9
12;8;7;1656.0;2072.5;2279.0;2282.0;2343.0;2141.0;244.7
12;9;7;1758.0;2053.0;2183.0;2225.5;2230.0;2104.0;171.9
12;10;7;1771.0;1934.5;2131.0;2202.0;2227.0;2057.4;180.6
12;11;7;1810.0;2012.0;2200.0;2225.0;2245.0;2104.1;178.9
12;12;7;1762.0;2017.5;2270.0;2335.5;2358.0;2156.6;247.7
12;13;7;1704.0;1921.0;2148.0;2177.5;2208.0;2036.7;202.2
12;14;7;1553.0;1793.0;2225.0;2279.5;2297.0;2031.4;290.8
12;15;7;1801.0;1850.0;2160.0;2191.0;2232.0;2039.3;180.2
12;16;7;1760.0;1798.5;2214.0;2246.0;2250.0;2044.7;225.2
12;17;7;1704.0;1779.5;2264.0;2287.5;2309.0;2058.7;265.2
12;18;7;1723.0;1772.5;2213.0;2230.0;2248.0;2027.0;236.1
12;19;7;1574.0;1756.5;2143.0;2148.5;2233.0;1965.7;242.7
12;20;7;1708.0;1757.0;2204.0;2258.5;2300.0;2034.7;257.4
12;21;7;1680.0;1723.0;2136.0;2147.0;2227.0;1969.0;227.7
12;22;7;1546.0;1749.0;2101.0;2134.5;2175.0;1941.3;234.6
12;23;7;1516.0;1720.5;2189.0;2198.5;2225.0;1966.9;282.0
12;24;7;1722.0;1734.5;2157.0;2160.5;2173.0;1977.4;214.1
12;25;7;1651.0;1699.0;2131.0;2166.5;2188.0;1957.3;238.8
12;26;7;1452.0;1601.0;2121.0;2153.5;2175.0;1893.9;300.6
12;27;7;1533.0;1586.0;2112.0;2151.0;2161.0;1897.1;286.2
12;28;7;1546.0;1665.5;2150.0;2162.0;2184.0;1933.6;274.2
12;29;7;1601.0;1640.5;1972.0;2047.5;2063.0;1858.9;202.7
12;30;7;1431.0;1599.0;2058.0;2063.0;2077.0;1841.4;264.0
12;31;7;1395.0;1510.0;1816.0;2044.0;2059.0;1768.3;270.4
12;32;7;1483.0;1543.5;1558.0;2012.0;2018.0;1738.6;239.6
12;33;7;1355.0;1515.5;1663.0;1996.0;2020.0;1723.0;259.0
12;34;7;1289.0;1427.0;1562.0;1981.5;2015.0;1669.0;290.0
12;35;7;1386.0;1530.5;1902.0;1970.5;2011.0;1757.3;244.1
12;36;7;1305.0;1565.0;1929.0;1994.5;2032.0;1769.3;266.3
12;37;7;1310.0;1428.5;1988.0;1996.5;2030.0;1739.7;311.3
12;38;7;1248.0;1444.0;1956.0;1966.5;1974.0;1714.1;296.8
12;39;7;1306.0;1446.0;1558.0;2066.5;2087.0;1710.9;322.2
12;40;7;1260.0;1419.5;1527.0;2025.5;2055.0;1676.0;323.8
12;41;7;1290.0;1329.0;1341.0;2028.0;2062.0;1629.6;355.6
12;42;7;1297.0;1406.0;1559.0;1940.5;2013.0;1651.7;282.9
12;43;7;1243.0;1285.5;1548.0;1850.0;1867.0;1561.3;271.6
12;44;7;1264.0;1314.5;1440.0;1958.0;2009.0;1608.3;321.8
12;45;7;1284.0;1423.5;1515.0;1778.5;1840.0;1577.6;204.4
12;46;7;1213.0;1279.5;1395.0;1798.0;1847.0;1515.7;264.4
12;47;7;1213.0;1312.0;1482.0;1919.0;1928.0;1583.6;304.8
12;48;7;1210.0;1363.5;1396.0;1878.5;1930.0;1574.3;285.0
12;49;7;1226.0;1262.5;1568.0;1921.5;1942.0;1586.3;314.4
12;50;7;1676.0;1699.5;1771.0;2180.0;2221.0;1918.1;240.5
12;51;7;1636.0;1730.5;1872.0;2227.0;2244.0;1952.4;255.4
12;52;7;1662.0;1704.5;1831.0;2302.0;2310.0;1973.7;290.6
12;53;7;1650.0;1720.5;1746.0;2198.0;2233.0;1923.7;249.5
12;54;7;1610.0;1664.5;1745.0;2175.5;2221.0;1893.7;260.5
12;55;7;1682.0;1775.5;1886.0;2192.0;2217.0;1960.0;216.4
12;56;7;1679.0;1695.5;1731.0;2147.0;2160.0;1893.6;223.7
12;57;7;1578.0;1652.5;1706.0;2152.5;2176.0;1867.1;257.7
12;58;7;1570.0;1656.0;1731.0;2126.0;2150.0;1859.3;242.3
12;59;7;1487.0;1687.5;1743.0;1981.5;2269.0;1833.9;272.1
12;60;7;1439.0;1538.0;1670.0;1972.0;2118.0;1749.6;258.0
12;61;7;1500.0;1539.5;1710.0;1998.5;2226.0;1787.4;291.7
12;62;7;1407.0;1515.0;1532.0;2036.0;2211.0;1750.3;317.9
12;63;7;1363.0;1585.0;1735.0;1893.0;2023.0;1725.3;224.8
12;64;7;1196.0;1337.0;1570.0;1798.0;1979.0;1573.6;287.5
12;65;7;1370.0;1554.0;1573.0;1842.5;2088.0;1689.1;257.0
12;66;7;1299.0;1322.5;1371.0;1849.0;2049.0;1580.3;312.8
12;67;7;1297.0;1333.0;1353.0;1629.5;1900.0;1496.4;249.9
12;68;7;1263.0;1281.5;1390.0;1667.5;1908.0;1494.1;267.5
12;69;7;1233.0;1268.0;1296.0;1633.5;1914.0;1463.7;286.8
12;70;7;1226.0;1273.0;1299.0;1602.0;1885.0;1451.4;274.3
12;71;7;1334.0;1390.5;1455.0;1730.5;1965.0;1570.9;248.0
12;72;7;1252.0;1396.0;1408.0;1709.5;1971.0;1548.9;267.1
12;73;7;1235.0;1310.0;1573.0;1803.5;2012.0;1578.1;303.6
12;74;7;1199.0;1294.0;1444.0;1744.0;1915.0;1519.1;267.2
12;75;7;1217.0;1253.0;1261.0;1478.5;1645.0;1369.4;171.3
12;76;7;1184.0;1203.5;1312.0;1646.5;1861.0;1436.7;277.7
12;77;7;1215.0;1301.5;1472.0;1715.0;1817.0;1505.3;233.5
12;78;7;1185.0;1243.0;1276.0;1571.0;1824.0;1416.1;259.9
12;79;7;1195.0;1283.0;1314.0;1609.5;1801.0;1442.1;234.5
12;80;7;1190.0;1201.0;1210.0;1487.0;1941.0;1388.1;288.5
12;81;7;1173.0;1177.0;1181.0;1262.5;1342.0;1225.0;74.1
12;82;7;1176.0;1178.0;1186.0;1268.5;1341.0;1228.0;71.8
12;83;7;1176.0;1176.0;1179.0;1226.5;1277.0;1205.3;43.8
12;84;7;1175.0;1178.0;1181.0;1223.0;1265.0;1203.3;39.1
12;85;7;1177.0;1180.0;1183.0;1229.0;1273.0;1207.3;41.6
12;86;7;1177.0;1178.0;1183.0;1225.0;1269.0;1205.0;39.9
12;87;7;1177.0;1177.0;1177.0;1219.0;1255.0;1200.1;34.8
12;88;7;1170.0;1176.0;1177.0;1217.5;1259.0;1199.0;37.7
12;89;7;1170.0;1178.0;1180.0;1215.5;1314.0;1207.3;47.2
12;90;7;1175.0;1175.5;1181.0;1189.0;1317.0;1200.3;48.0
12;91;7;1175.0;1181.0;1195.0;1210.0;1739.0;1270.1;191.9
12;92;7;1179.0;1179.0;1179.0;1203.0;1306.0;1204.0;44.8
12;93;7;1175.0;1177.5;1179.0;1179.0;1306.0;1196.1;44.9
12;94;7;1176.0;1177.0;1177.0;1179.5;1306.0;1196.0;44.9
12;95;7;1179.0;1179.0;1179.0;1201.5;1375.0;1213.4;66.7
12;96;7;1183.0;1194.0;1212.0;1223.0;1384.0;1230.4;64.6
12;97;7;1177.0;1179.0;1180.0;1186.5;1701.0;1255.6;181.9
12;98;7;1199.0;1207.0;1212.0;1216.0;1381.0;1234.0;60.3
12;99;7;1176.0;1180.0;1184.0;1393.0;1834.0;1334.3;230.6
13;0;7;1898.0;2127.5;2321.0;2338.5;2425.0;2225.1;196.8
13;1;7;1789.0;2101.0;2324.0;2398.5;2410.0;2217.4;241.4
13;2;7;1897.0;2273.5;2468.0;2471.5;2473.0;2332.6;209.9
13;3;7;1688.0;2082.5;2355.0;2362.0;2370.0;2186.0;277.8
13;4;7;1734.0;2115.0;2347.0;2365.5;2390.0;2204.6;253.8
13;5;7;1834.0;2076.5;2284.0;2293.5;2308.0;2166.6;199.1
13;6;7;1813.0;2034.5;2257.0;2301.5;2331.0;2153.3;210.5
13;7;7;1863.0;2072.0;2253.0;2281.5;2443.0;2180.9;198.6
13;8;7;1697.0;2080.5;2301.0;2332.0;2344.0;2166.7;240.1
13;9;7;1702.0;1945.5;2226.0;2313.5;2337.0;2111.9;254.8
13;10;7;1788.0;2124.5;2278.0;2302.0;2343.0;2180.3;195.4
13;11;7;1579.0;1973.5;2144.0;2174.0;2235.0;2036.1;223.2
13;12;7;1691.0;1918.0;2136.0;2252.0;2286.0;2064.7;236.9
13;13;7;1719.0;1952.0;2179.0;2260.5;2339.0;2094.6;225.4
13;14;7;1865.0;1881.5;2243.0;2261.0;2271.0;2094.9;189.8
13;15;7;1715.0;1769.5;2288.0;2356.0;2382.0;2090.9;296.2
13;16;7;1747.0;1882.0;2286.0;2312.0;2336.0;2108.1;241.5
13;17;7;1614.0;1811.5;2172.0;2202.0;2210.0;2003.3;231.6
13;18;7;1752.0;1782.5;2251.0;2253.5;2288.0;2051.9;242.6
13;19;7;1655.0;1792.5;2148.0;2164.5;2192.0;1987.0;213.1
13;20;7;1548.0;1667.0;2179.0;2189.0;2193.0;1947.4;279.7
13;21;7;1538.0;1655.0;2223.0;2251.5;2331.0;1986.4;324.4
13;22;7;1514.0;1686.0;2262.0;2266.5;2273.0;1993.4;320.4
13;23;7;1551.0;1643.5;2080.0;2134.0;2256.0;1920.3;275.0
13;24;7;1445.0;1759.0;2111.0;2171.0;2212.0;1946.9;278.2
13;25;7;1591.0;1777.0;2234.0;2256.5;2260.0;2021.7;276.4
13;26;7;1524.0;1585.5;2037.0;2128.5;2132.0;1874.4;270.5
13;27;7;1492.0;1644.5;1988.0;2038.5;2063.0;1844.1;225.4
13;28;7;1453.0;1639.5;2005.0;2048.0;2097.0;1847.1;243.3
13;29;7;1583.0;1621.0;2061.0;2086.5;2148.0;1886.7;243.0
13;30;7;1541.0;1669.5;2045.0;2062.0;2108.0;1879.6;223.4
13;31;7;1551.0;1572.0;1644.0;2066.5;2105.0;1796.7;246.5
13;32;7;1302.0;1474.0;1541.0;2046.0;2084.0;1709.6;310.6
13;33;7;1437.0;1598.0;1686.0;2012.0;2054.0;1771.0;232.3
13;34;7;1280.0;1402.5;1500.0;2069.5;2096.0;1688.6;345.5
13;35;7;1291.0;1510.0;1923.0;1977.0;2035.0;1746.1;290.0
13;36;7;1447.0;1574.5;1961.0;1983.0;1992.0;1787.9;225.4
13;37;7;1292.0;1407.5;1867.0;1883.0;1913.0;1664.7;262.3
13;38;7;1385.0;1434.5;1830.0;1895.0;1952.0;1689.4;238.2
13;39;7;1220.0;1349.5;1422.0;1845.5;1876.0;1558.3;263.7
13;40;7;1226.0;1317.0;1423.0;1850.0;1957.0;1562.9;289.1
13;41;7;1361.0;1420.5;1576.0;1910.5;1954.0;1650.4;245.7
13;42;7;1214.0;1329.0;1466.0;1840.0;1886.0;1557.7;269.0
13;43;7;1224.0;1236.5;1374.0;1755.5;1810.0;1484.6;255.3
13;44;7;1245.0;1288.5;1388.0;1778.5;1851.0;1516.9;252.0
13;45;7;1194.0;1244.5;1276.0;1726.5;1749.0;1451.6;245.7
13;46;7;1270.0;1334.5;1529.0;1894.0;1921.0;1596.7;275.6
13;47;7;1194.0;1314.5;1511.0;1783.0;1809.0;1529.9;242.8
13;48;7;1209.0;1217.0;1226.0;1728.5;1758.0;1440.6;258.1
13;49;7;1176.0;1203.5;1245.0;1711.5;1727.0;1425.4;253.2
13;50;7;1196.0;1205.0;1225.0;1716.0;1751.0;1430.6;258.0
13;51;7;1182.0;1238.5;1328.0;1767.0;1807.0;1475.4;267.4
13;52;7;1198.0;1205.5;1209.0;1568.5;1609.0;1366.3;187.5
13;53;7;1184.0;1190.0;1197.0;1563.0;1569.0;1350.9;185.5
13;54;7;1168.0;1214.5;1266.0;1721.5;1891.0;1456.7;287.7
13;55;7;1196.0;1221.5;1308.0;1560.5;1603.0;1381.6;171.2
13;56;7;1170.0;1176.5;1184.0;1325.0;1349.0;1243.7;77.8
13;57;7;1174.0;1183.0;1186.0;1508.5;1583.0;1332.3;175.7
13;58;7;1167.0;1180.5;1194.0;1405.0;1567.0;1299.9;148.9
13;59;7;1165.0;1180.5;1194.0;1362.5;1388.0;1261.9;96.3
13;60;7;1187.0;1192.5;1222.0;1635.5;1674.0;1391.3;223.9
13;61;7;1173.0;1185.5;1194.0;1408.5;1592.0;1306.7;158.6
13;62;7;1184.0;1199.5;1242.0;1598.5;1599.0;1374.4;195.0
13;63;7;1169.0;1179.5;1186.0;1598.0;1598.0;1358.3;207.7
13;64;7;1184.0;1184.0;1186.0;1415.5;1598.0;1309.6;183.2
13;65;7;1174.0;1206.0;1236.0;1666.0;1887.0;1434.4;297.5
13;66;7;1174.0;1188.0;1204.0;1457.5;1678.0;1335.3;217.5
13;67;7;1174.0;1183.5;1206.0;1469.0;1680.0;1337.9;217.9
13;68;7;1167.0;1189.5;1201.0;1452.5;1658.0;1330.0;208.7
13;69;7;1172.0;1185.5;1193.0;1423.5;1600.0;1311.9;183.6
13;70;7;1188.0;1193.0;1193.0;1396.5;1600.0;1308.6;184.3
13;71;7;1188.0;1194.0;1213.0;1460.5;1675.0;1340.7;212.2
13;72;7;1176.0;1183.0;1192.0;1405.0;1603.0;1306.7;185.8
13;73;7;1172.0;1179.0;1180.0;1227.5;1275.0;1205.7;43.9
13;74;7;1168.0;1180.0;1189.0;1232.0;1275.0;1208.0;42.9
13;75;7;1175.0;1180.0;1192.0;1404.0;1587.0;1303.1;180.1
13;76;7;1169.0;1172.5;1180.0;1227.5;1275.0;1203.4;45.4
13;77;7;1170.0;1178.0;1180.0;1422.5;1599.0;1307.1;186.1
13;78;7;1170.0;1175.0;1178.0;1389.5;1599.0;1296.6;191.3
13;79;7;1176.0;1176.0;1178.0;1389.5;1599.0;1297.7;190.6
13;80;7;1172.0;1182.0;1192.0;1390.5;1574.0;1297.6;175.1
13;81;7;1176.0;1177.0;1179.0;1181.0;1583.0;1236.3;141.6
13;82;7;1170.0;1176.5;1181.0;1314.0;1682.0;1287.7;172.7
13;83;7;1177.0;1179.0;1182.0;1217.5;1574.0;1246.6;134.7
13;84;7;1165.0;1173.5;1181.0;1196.5;1574.0;1237.1;138.2
13;85;7;1170.0;1170.0;1170.0;1404.5;1554.0;1291.9;168.3
13;86;7;1170.0;1171.5;1174.0;1430.0;1569.0;1302.3;173.4
13;87;7;1176.0;1176.0;1176.0;1463.5;1569.0;1314.3;172.4
13;88;7;1170.0;1173.5;1176.0;1372.5;1569.0;1286.7;178.5
13;89;7;1170.0;1176.0;1176.0;1176.0;1569.0;1231.3;137.9
13;90;7;1183.0;1193.5;1199.0;1229.0;1988.0;1316.4;274.8
13;91;7;1197.0;1205.5;1223.0;1398.0;1987.0;1373.4;268.5
13;92;7;1175.0;1176.0;1176.0;1236.5;1735.0;1273.0;191.4
13;93;7;1173.0;1179.5;1184.0;1184.0;1769.0;1264.7;205.9
13;94;7;1173.0;1182.0;1184.0;1188.0;1769.0;1266.6;205.2
13;95;7;1192.0;1192.0;1192.0;1192.0;1428.0;1225.7;82.6
13;96;7;1166.0;1175.5;1179.0;1192.0;1503.0;1226.1;113.4
13;97;7;1178.0;1190.0;1192.0;1297.5;1760.0;1300.7;193.6
13;98;7;1178.0;1191.5;1192.0;1288.5;1781.0;1301.6;202.6
13;99;7;1176.0;1197.5;1236.0;1295.0;1831.0;1318.3;216.2
14;0;7;1910.0;2098.0;2282.0;2328.5;2340.0;2197.9;180.3
14;1;7;1894.0;2159.0;2328.0;2367.0;2397.0;2238.7;191.0
14;2;7;1876.0;2094.0;2323.0;2346.0;2381.0;2208.6;198.6
14;3;7;1720.0;1980.5;2285.0;2335.0;2389.0;2146.4;270.8
14;4;7;1788.0;2030.5;2282.0;2335.0;2412.0;2173.3;241.7
14;5;7;1825.0;2044.5;2237.0;2311.0;2356.0;2161.3;205.2
14;6;7;1718.0;2064.0;2240.0;2268.0;2281.0;2129.0;210.4
14;7;7;1768.0;1974.0;2186.0;2216.5;2224.0;2079.9;183.1
14;8;7;1756.0;2000.0;2172.0;2211.0;2231.0;2083.0;185.1
14;9;7;1732.0;2002.5;2201.0;2268.0;2281.0;2107.9;214.1
14;10;7;1761.0;2013.5;2199.0;2232.5;2249.0;2100.1;194.6
14;11;7;1724.0;2020.5;2124.0;2148.0;2175.0;2051.4;155.8
14;12;7;1677.0;1927.5;2129.0;2150.5;2164.0;2018.0;195.7
14;13;7;1656.0;2005.5;2131.0;2148.5;2152.0;2035.3;177.6
14;14;7;1680.0;1791.5;2246.0;2259.0;2275.0;2043.1;253.4
14;15;7;1590.0;1797.5;2190.0;2235.5;2261.0;2015.3;259.4
14;16;7;1589.0;1777.5;2133.0;2199.5;2229.0;1986.4;245.6
14;17;7;1683.0;1772.5;2166.0;2202.5;2245.0;2006.3;231.7
14;18;7;1574.0;1720.5;2111.0;2115.5;2122.0;1925.6;227.5
14;19;7;1669.0;1764.0;2209.0;2216.5;2264.0;2014.7;247.9
14;20;7;1656.0;1731.0;2130.0;2159.0;2182.0;1964.0;225.5
14;21;7;1648.0;1723.0;2087.0;2094.0;2153.0;1931.7;206.9
14;22;7;1645.0;1655.5;2110.0;2131.5;2165.0;1927.7;239.3
14;23;7;1521.0;1642.5;2128.0;2141.5;2148.0;1909.3;274.9
14;24;7;1611.0;1736.0;2143.0;2174.5;2218.0;1970.4;244.1
14;25;7;1566.0;1594.5;2138.0;2147.0;2153.0;1905.7;278.0
14;26;7;1486.0;1674.5;2090.0;2124.0;2142.0;1902.1;260.0
14;27;7;1415.0;1637.5;2016.0;2038.5;2060.0;1834.7;247.5
14;28;7;1454.0;1502.5;1911.0;1933.5;1945.0;1740.3;220.9
14;29;7;1546.0;1577.5;1960.0;2007.0;2015.0;1812.9;213.8
14;30;7;1470.0;1582.0;1925.0;1951.5;1969.0;1775.9;203.6
14;31;7;1257.0;1455.5;1883.0;1900.5;1946.0;1685.4;264.3
14;32;7;1275.0;1357.0;1525.0;1861.0;1876.0;1587.4;251.7
14;33;7;1195.0;1315.5;1387.0;1851.5;1910.0;1546.6;287.8
14;34;7;1349.0;1376.5;1426.0;1843.0;1905.0;1588.4;241.5
14;35;7;1176.0;1288.0;1447.0;1847.5;1890.0;1540.6;290.8
14;36;7;1279.0;1434.5;1755.0;1801.0;1819.0;1617.7;210.0
14;37;7;1228.0;1271.5;1763.0;1785.5;1826.0;1561.6;264.9
14;38;7;1240.0;1264.5;1794.0;1800.5;1840.0;1572.0;274.0
14;39;7;1218.0;1297.0;1332.0;1849.5;1898.0;1534.4;289.9
14;40;7;1196.0;1216.0;1248.0;1787.0;1796.0;1463.7;283.0
14;41;7;1206.0;1230.0;1333.0;1807.5;1824.0;1491.1;281.3
14;42;7;1188.0;1293.5;1402.0;1785.0;1801.0;1506.9;252.1
14;43;7;1206.0;1235.0;1266.0;1794.0;1854.0;1483.4;287.7
14;44;7;1237.0;1265.0;1268.0;1794.5;1798.0;1488.9;265.9
14;45;7;1215.0;1247.0;1373.0;1773.0;1775.0;1486.1;253.5
14;46;7;1208.0;1264.5;1465.0;1771.0;1778.0;1503.1;245.4
14;47;7;1219.0;1236.0;1259.0;1761.5;1773.0;1463.7;261.6
14;48;7;1215.0;1257.0;1342.0;1659.0;1693.0;1440.3;203.2
14;49;7;1276.0;1299.0;1304.0;1746.5;1758.0;1489.9;225.8
14;50;7;1190.0;1256.0;1307.0;1805.5;1867.0;1498.1;287.1
14;51;7;1675.0;1711.5;1759.0;2152.5;2179.0;1905.9;223.2
14;52;7;1679.0;1715.0;1802.0;2169.0;2179.0;1918.3;222.7
14;53;7;1675.0;1799.5;1873.0;2158.5;2167.0;1947.3;193.4
14;54;7;1721.0;1812.0;1890.0;2201.0;2205.0;1977.4;202.7
14;55;7;1586.0;1679.5;1744.0;2204.0;2237.0;1904.9;272.3
14;56;7;1637.0;1663.5;1841.0;2182.0;2219.0;1912.6;252.0
14;57;7;1631.0;1725.0;1804.0;2207.5;2240.0;1934.3;251.0
14;58;7;1648.0;1689.5;1941.0;2228.0;2262.0;1955.1;261.8
14;59;7;1528.0;1580.5;1684.0;2174.5;2222.0;1849.1;299.1
14;60;7;1555.0;1686.0;1762.0;2018.0;2188.0;1844.7;231.8
14;61;7;1405.0;1609.5;1686.0;1952.5;2157.0;1767.4;259.9
14;62;7;1523.0;1624.5;1635.0;1966.0;2178.0;1788.1;254.0
14;63;7;1420.0;1490.5;1656.0;1890.0;2066.0;1700.4;249.6
14;64;7;1418.0;1548.0;1627.0;1823.0;2023.0;1687.1;219.1
14;65;7;1172.0;1514.0;1629.0;1836.0;2035.0;1648.0;283.5
14;66;7;1324.0;1486.0;1534.0;1778.0;2018.0;1629.1;250.0
14;67;7;1361.0;1379.5;1397.0;1704.0;1927.0;1550.3;235.6
14;68;7;1477.0;1482.5;1540.0;1719.5;1910.0;1618.7;182.2
14;69;7;1225.0;1328.0;1339.0;1653.0;1833.0;1479.9;231.8
14;70;7;1314.0;1347.5;1420.0;1682.5;1871.0;1523.6;224.8
14;71;7;1254.0;1318.0;1387.0;1660.0;1861.0;1494.0;238.1
14;72;7;1289.0;1351.0;1475.0;1700.0;1884.0;1535.7;230.5
14;73;7;1311.0;1374.0;1498.0;1693.5;1889.0;1547.6;223.6
14;74;7;1306.0;1313.5;1322.0;1636.0;1873.0;1485.7;244.2
14;75;7;1348.0;1375.5;1423.0;1747.0;1879.0;1556.4;218.7
14;76;7;1309.0;1351.0;1403.0;1665.5;1882.0;1518.1;231.2
14;77;7;1312.0;1393.5;1463.0;1658.5;1864.0;1534.7;208.7
14;78;7;1360.0;1392.5;1460.0;1667.5;1854.0;1542.0;200.8
14;79;7;1293.0;1378.0;1395.0;1636.5;1869.0;1512.3;224.2
14;80;7;1339.0;1386.5;1439.0;1661.5;1864.0;1534.0;211.5
14;81;7;1210.0;1338.5;1419.0;1660.0;1880.0;1500.9;249.7
14;82;7;1321.0;1334.0;1425.0;1640.0;1856.0;1507.1;223.4
14;83;7;1328.0;1341.0;1368.0;1646.5;1893.0;1509.1;243.8
14;84;7;1335.0;1348.5;1390.0;1631.5;1873.0;1508.3;231.2
14;85;7;1237.0;1255.5;1388.0;1660.0;1869.0;1475.0;259.5
14;86;7;1268.0;1325.0;1347.0;1656.0;1957.0;1504.9;286.9
14;87;7;1250.0;1269.5;1280.0;1569.0;1857.0;1437.7;262.3
14;88;7;1196.0;1210.5;1217.0;1320.5;1763.0;1319.7;188.4
14;89;7;1202.0;1257.5;1289.0;1317.5;1824.0;1352.1;197.2
14;90;7;1213.0;1269.5;1314.0;1424.5;1928.0;1406.1;231.6
14;91;7;1240.0;1247.0;1266.0;1274.0;1810.0;1336.9;193.6
14;92;7;1209.0;1220.5;1225.0;1260.0;1800.0;1313.6;199.7
14;93;7;1186.0;1215.5;1223.0;1239.5;1767.0;1298.0;192.2
14;94;7;1205.0;1210.5;1211.0;1219.5;1769.0;1292.1;194.8
14;95;7;1183.0;1212.0;1250.0;1329.5;1771.0;1326.7;192.5
14;96;7;1552.0;1604.5;1613.0;1699.0;2232.0;1714.9;219.8
14;97;7;1610.0;1725.0;1752.0;1806.5;2268.0;1813.3;196.3
14;98;7;1638.0;1708.5;1734.0;1846.5;2308.0;1827.1;213.4
14;99;7;1420.0;1510.0;1665.0;1743.0;2160.0;1678.7;233.3
15;0;7;1789.0;2071.0;2252.0;2266.0;2285.0;2142.9;193.4
15;1;7;1864.0;2125.5;2357.0;2364.0;2368.0;2224.0;206.0
15;2;7;1787.0;2113.5;2338.0;2344.0;2357.0;2199.6;227.1
15;3;7;1870.0;2107.0;2324.0;2335.0;2345.0;2203.3;193.9
15;4;7;1933.0;2184.5;2355.0;2437.5;2465.0;2285.3;200.1
15;5;7;1796.0;2053.5;2339.0;2381.0;2389.0;2199.0;251.4
15;6;7;1649.0;1953.0;2248.0;2293.0;2349.0;2105.4;273.1
15;7;7;1786.0;2071.5;2300.0;2307.0;2318.0;2165.9;219.6
15;8;7;1799.0;2018.0;2287.0;2306.5;2342.0;2153.9;215.5
15;9;7;1818.0;2061.0;2350.0;2417.0;2445.0;2224.1;255.3
15;10;7;1801.0;2117.0;2257.0;2302.5;2351.0;2178.3;189.6
15;11;7;1813.0;1990.5;2147.0;2188.0;2219.0;2076.6;160.7
15;12;7;1725.0;1982.0;2289.0;2308.0;2359.0;2136.1;261.8
15;13;7;1700.0;2028.0;2263.0;2311.5;2329.0;2138.7;236.4
15;14;7;1843.0;1900.5;2222.0;2237.0;2271.0;2087.3;181.8
15;15;7;1808.0;1883.5;2222.0;2272.5;2298.0;2091.4;204.5
15;16;7;1605.0;1737.0;2145.0;2205.5;2238.0;1981.9;254.8
15;17;7;1740.0;1767.5;2116.0;2146.5;2176.0;1980.0;193.1
15;18;7;1664.0;1807.0;2156.0;2161.0;2243.0;1999.9;215.0
15;19;7;1504.0;1785.5;2107.0;2126.5;2133.0;1938.3;232.2
15;20;7;1543.0;1730.5;2136.0;2205.0;2246.0;1970.9;271.6
15;21;7;1664.0;1749.5;2168.0;2181.5;2211.0;1986.4;232.8
15;22;7;1578.0;1688.5;2111.0;2144.5;2153.0;1929.7;243.9
15;23;7;1650.0;1724.5;2163.0;2168.0;2214.0;1973.1;238.5
15;24;7;1643.0;1677.0;2104.0;2135.0;2146.0;1931.0;230.8
15;25;7;1557.0;1742.0;2083.0;2143.0;2155.0;1937.9;241.3
15;26;7;1507.0;1591.0;2022.0;2086.5;2136.0;1860.0;261.8
15;27;7;1443.0;1538.5;1984.0;2019.0;2055.0;1799.6;257.1
15;28;7;1540.0;1612.5;2036.0;2092.0;2108.0;1870.4;246.2
15;29;7;1521.0;1625.0;2034.0;2060.0;2069.0;1856.3;233.2
15;30;7;1381.0;1507.0;2023.0;2038.0;2076.0;1795.7;296.0
15;31;7;1455.0;1544.5;1628.0;1953.0;2020.0;1728.3;220.4
15;32;7;1344.0;1497.5;1668.0;1959.0;1974.0;1699.9;250.5
15;33;7;1167.0;1312.0;1445.0;1938.0;1950.0;1580.3;323.7
15;34;7;1280.0;1423.0;1878.0;1944.5;1965.0;1694.0;281.6
15;35;7;1284.0;1368.5;1801.0;1876.0;1892.0;1638.0;262.2
15;36;7;1258.0;1458.0;1871.0;1895.0;1906.0;1677.3;258.0
15;37;7;1290.0;1348.5;1766.0;1818.5;1885.0;1610.7;247.0
15;38;7;1290.0;1328.0;1830.0;1863.5;1909.0;1630.3;274.1
15;39;7;1255.0;1343.0;1424.0;1853.0;1859.0;1561.4;258.4
15;40;7;1201.0;1268.5;1471.0;1756.5;1822.0;1506.3;248.9
15;41;7;1247.0;1272.0;1301.0;1845.5;1886.0;1524.1;290.8
15;42;7;1233.0;1233.5;1269.0;1756.5;1786.0;1466.9;259.8
15;43;7;1230.0;1284.5;1329.0;1811.0;1830.0;1511.4;266.9
15;44;7;1245.0;1303.0;1328.0;1830.0;1846.0;1526.4;268.6
15;45;7;1193.0;1212.5;1313.0;1708.0;1736.0;1440.4;242.7
15;46;7;1251.0;1276.0;1350.0;1773.0;1826.0;1503.6;250.8
15;47;7;1225.0;1252.0;1315.0;1783.0;1790.0;1485.7;260.7
15;48;7;1245.0;1259.0;1450.0;1738.0;1751.0;1491.4;226.7
15;49;7;1202.0;1231.0;1304.0;1742.0;1756.0;1458.3;251.5
15;50;7;1233.0;1273.0;1325.0;1730.0;1743.0;1472.4;228.3
15;51;7;1212.0;1230.0;1294.0;1742.5;1758.0;1458.4;251.7
15;52;7;1233.0;1271.0;1301.0;1723.5;1729.0;1464.6;226.6
15;53;7;1202.0;1217.0;1260.0;1712.0;1729.0;1435.6;245.0
15;54;7;1193.0;1208.5;1264.0;1646.5;1647.0;1402.0;212.9
15;55;7;1204.0;1215.5;1232.0;1646.5;1650.0;1401.4;213.4
15;56;7;1182.0;1226.5;1241.0;1633.5;1639.0;1397.4;206.7
15;57;7;1178.0;1185.5;1194.0;1553.0;1649.0;1356.9;200.3
15;58;7;1175.0;1192.0;1216.0;1775.0;1811.0;1448.0;294.5
15;59;7;1176.0;1186.0;1195.0;1252.5;1298.0;1220.9;49.7
15;60;7;1178.0;1207.0;1228.0;1711.0;1940.0;1454.6;321.4
15;61;7;1176.0;1185.0;1199.0;1428.0;1657.0;1322.6;208.9
15;62;7;1192.0;1235.5;1288.0;1613.5;1827.0;1429.3;250.8
15;63;7;1176.0;1182.0;1190.0;1450.5;1859.0;1355.7;265.9
15;64;7;1182.0;1210.5;1247.0;1679.5;1953.0;1451.7;311.5
15;65;7;1177.0;1191.5;1199.0;1371.0;1651.0;1307.4;181.0
15;66;7;1185.0;1209.0;1236.0;1663.5;2036.0;1457.4;366.4
15;67;7;1171.0;1177.5;1180.0;1232.0;1348.0;1216.9;60.3
15;68;7;1173.0;1174.0;1176.0;1210.5;1237.0;1193.6;27.7
15;69;7;1177.0;1177.0;1178.0;1210.5;1238.0;1195.4;26.7
15;70;7;1174.0;1175.5;1178.0;1210.5;1238.0;1194.6;27.6
15;71;7;1174.0;1174.0;1175.0;1206.0;1237.0;1192.3;27.4
15;72;7;1175.0;1181.0;1181.0;1195.5;1210.0;1188.4;13.8
15;73;7;1181.0;1181.0;1181.0;1193.0;1205.0;1187.9;9.7
15;74;7;1181.0;1181.0;1181.0;1193.0;1205.0;1187.9;10.8
15;75;7;1181.0;1181.0;1181.0;1193.0;1205.0;1187.9;10.8
15;76;7;1171.0;1181.0;1181.0;1193.0;1205.0;1186.4;12.2
15;77;7;1181.0;1181.0;1181.0;1193.0;1205.0;1187.9;10.8
15;78;7;1181.0;1181.0;1181.0;1193.5;1204.0;1187.9;10.2
15;79;7;1606.0;1648.0;1691.0;2037.5;2220.0;1841.1;247.1
15;80;7;1639.0;1673.5;1705.0;1912.0;2119.0;1804.9;197.0
15;81;7;1603.0;1658.5;1693.0;1970.0;2150.0;1814.7;212.9
15;82;7;1581.0;1654.0;1726.0;1952.0;2183.0;1814.6;235.7
15;83;7;1450.0;1564.0;1679.0;1936.0;2162.0;1755.9;272.1
15;84;7;1460.0;1584.0;1663.0;1918.5;2139.0;1752.4;251.5
15;85;7;1530.0;1558.0;1749.0;1974.5;2169.0;1787.6;255.4
15;86;7;1414.0;1560.0;1620.0;1683.0;2098.0;1659.7;201.9
15;87;7;1307.0;1446.5;1532.0;1582.0;2141.0;1576.7;249.1
15;88;7;1371.0;1490.0;1604.0;1658.5;2075.0;1621.0;210.9
15;89;7;1230.0;1260.0;1303.0;1497.0;2096.0;1449.0;285.5
15;90;7;1311.0;1399.0;1560.0;1616.5;2014.0;1559.4;220.0
15;91;7;1195.0;1297.5;1454.0;1567.0;2032.0;1487.1;264.4
15;92;7;1219.0;1245.0;1299.0;1507.5;1942.0;1423.6;244.5
15;93;7;1187.0;1238.0;1275.0;1436.0;1829.0;1377.0;208.9
15;94;7;1274.0;1288.5;1295.0;1393.0;1841.0;1396.1;189.0
15;95;7;1195.0;1244.0;1367.0;1461.0;1843.0;1402.1;205.9
15;96;7;1181.0;1188.5;1199.0;1356.0;1817.0;1326.6;222.5
15;97;7;1174.0;1180.0;1188.0;1195.0;1671.0;1254.7;170.2
15;98;7;1173.0;1177.0;1182.0;1187.5;1360.0;1206.3;63.1
15;99;7;1180.0;1180.5;1182.0;1185.5;1369.0;1209.0;65.4
16;0;7;1785.0;2132.5;2365.0;2386.0;2399.0;2226.6;238.4
16;1;7;1893.0;2097.5;2296.0;2353.0;2373.0;2209.0;197.8
16;2;7;1802.0;2094.0;2363.0;2438.5;2456.0;2240.9;265.7
16;3;7;1740.0;2069.0;2312.0;2341.5;2378.0;2178.7;239.3
16;4;7;1778.0;2093.5;2360.0;2386.5;2396.0;2213.4;245.0
16;5;7;1824.0;2121.5;2374.0;2402.0;2416.0;2237.3;230.0
16;6;7;1797.0;2077.5;2277.0;2295.0;2326.0;2163.6;203.4
16;7;7;1858.0;2073.0;2272.0;2319.0;2335.0;2178.4;195.0
16;8;7;1718.0;2083.5;2253.0;2282.0;2319.0;2145.9;213.0
16;9;7;1868.0;2094.0;2274.0;2374.5;2389.0;2209.7;203.5
16;10;7;1791.0;2048.5;2241.0;2315.0;2369.0;2161.1;214.9
16;11;7;1776.0;2081.5;2274.0;2291.5;2306.0;2157.4;196.7
16;12;7;1705.0;2021.5;2307.0;2351.5;2378.0;2162.3;266.7
16;13;7;1807.0;2053.5;2259.0;2323.5;2372.0;2170.3;210.2
16;14;7;1771.0;1870.5;2227.0;2274.0;2285.0;2081.7;215.2
16;15;7;1816.0;1838.5;2227.0;2277.0;2317.0;2084.4;221.6
16;16;7;1730.0;1793.0;2211.0;2246.5;2272.0;2041.7;236.2
16;17;7;1685.0;1737.5;2234.0;2247.5;2276.0;2023.6;264.0
16;18;7;1596.0;1766.5;2194.0;2248.5;2263.0;2011.9;272.9
16;19;7;1741.0;1750.5;2206.0;2263.0;2270.0;2034.9;249.8
16;20;7;1606.0;1759.5;2176.0;2239.0;2259.0;2005.4;262.9
16;21;7;1722.0;1758.0;2228.0;2294.5;2340.0;2056.4;270.9
16;22;7;1612.0;1758.5;2179.0;2217.5;2248.0;1998.7;257.3
16;23;7;1597.0;1678.5;2204.0;2216.0;2242.0;1976.0;282.8
16;24;7;1664.0;1696.5;2126.0;2172.5;2254.0;1968.9;248.3
16;25;7;1605.0;1707.0;2219.0;2268.5;2278.0;2007.6;292.8
16;26;7;1675.0;1752.0;2131.0;2154.5;2169.0;1969.7;214.5
16;27;7;1441.0;1638.5;2161.0;2207.5;2227.0;1931.6;317.7
16;28;7;1548.0;1654.5;2170.0;2189.0;2237.0;1948.9;288.7
16;29;7;1461.0;1615.5;2127.0;2142.0;2165.0;1895.4;294.0
16;30;7;1464.0;1618.5;2113.0;2116.5;2134.0;1883.0;277.9
16;31;7;1396.0;1625.0;1724.0;2092.0;2111.0;1809.3;266.5
16;32;7;1381.0;1481.5;1601.0;2050.5;2060.0;1729.4;287.4
16;33;7;1373.0;1432.0;1562.0;1906.0;1953.0;1652.0;240.8
16;34;7;1201.0;1489.5;1552.0;2055.5;2128.0;1710.1;339.7
16;35;7;1353.0;1412.0;1934.0;1981.0;2005.0;1725.4;290.4
16;36;7;1304.0;1384.0;1913.0;1956.0;2010.0;1701.0;302.4
16;37;7;1363.0;1482.5;1887.0;1897.5;1909.0;1702.7;231.4
16;38;7;1286.0;1483.0;1876.0;1915.5;1939.0;1699.7;253.0
16;39;7;1395.0;1406.0;1526.0;1833.0;1906.0;1615.0;215.6
16;40;7;1352.0;1405.5;1489.0;1831.0;1926.0;1605.7;228.4
16;41;7;1357.0;1363.0;1514.0;1743.5;1758.0;1548.9;180.0
16;42;7;1359.0;1402.5;1495.0;1840.0;1862.0;1600.1;217.5
16;43;7;1235.0;1365.0;1519.0;1917.5;2006.0;1617.9;296.6
16;44;7;1344.0;1375.0;1485.0;1970.5;2023.0;1649.0;297.0
16;45;7;1226.0;1389.5;1398.0;1615.5;1664.0;1471.1;150.1
16;46;7;1303.0;1354.0;1386.0;1631.5;1657.0;1473.9;147.0
16;47;7;1269.0;1337.0;1347.0;1585.0;1600.0;1437.1;134.6
16;48;7;1263.0;1307.5;1328.0;1560.0;1560.0;1412.3;129.2
16;49;7;1217.0;1265.0;1302.0;1519.5;1524.0;1373.1;130.5
16;50;7;1667.0;1788.5;1800.0;2221.0;2249.0;1962.1;236.2
16;51;7;1696.0;1865.5;1933.0;2231.0;2250.0;2010.3;207.7
16;52;7;1683.0;1757.5;1822.0;2392.5;2461.0;2038.0;331.8
16;53;7;1527.0;1652.0;1691.0;2301.5;2352.0;1925.3;344.1
16;54;7;1577.0;1691.0;1816.0;2140.5;2207.0;1894.7;243.5
16;55;7;1633.0;1701.0;1744.0;2158.0;2184.0;1897.0;236.2
16;56;7;1587.0;1669.0;1783.0;2165.5;2242.0;1897.3;262.4
16;57;7;1496.0;1629.5;1816.0;2238.5;2248.0;1899.4;309.7
16;58;7;1394.0;1599.5;1750.0;2134.0;2175.0;1826.6;295.4
16;59;7;1562.0;1608.0;1678.0;1918.5;2130.0;1774.7;228.3
16;60;7;1612.0;1687.0;1696.0;1927.0;2166.0;1814.6;218.2
16;61;7;1630.0;1639.0;1674.0;1968.5;2176.0;1813.6;231.6
16;62;7;1581.0;1655.0;1698.0;2007.0;2189.0;1827.4;238.5
16;63;7;1602.0;1627.5;1644.0;1859.5;2111.0;1761.6;203.8
16;64;7;1490.0;1553.0;1620.0;1901.0;2031.0;1721.3;213.0
16;65;7;1516.0;1566.0;1605.0;1882.0;2164.0;1740.1;266.2
16;66;7;1478.0;1565.0;1605.0;1901.5;2159.0;1739.3;264.1
16;67;7;1261.0;1466.5;1523.0;1824.0;2083.0;1635.4;290.1
16;68;7;1378.0;1431.0;1492.0;1756.5;2040.0;1612.1;265.6
16;69;7;1386.0;1457.0;1484.0;1702.0;1953.0;1591.6;217.9
16;70;7;1380.0;1437.5;1458.0;1681.0;1918.0;1570.4;194.9
16;71;7;1334.0;1374.5;1401.0;1603.5;1810.0;1500.1;194.9
16;72;7;1309.0;1349.0;1376.0;1520.5;1656.0;1440.0;137.3
16;73;7;1268.0;1355.5;1380.0;1557.5;1718.0;1456.0;169.5
16;74;7;1259.0;1365.0;1384.0;1538.5;1695.0;1449.3;157.8
16;75;7;1277.0;1303.5;1426.0;1616.5;1755.0;1471.1;190.6
16;76;7;1297.0;1344.5;1476.0;1648.0;1800.0;1508.3;192.8
16;77;7;1221.0;1320.0;1348.0;1694.5;1863.0;1494.4;246.9
16;78;7;1215.0;1253.5;1282.0;1518.0;1722.0;1394.6;209.0
16;79;7;1223.0;1314.5;1359.0;1594.0;1826.0;1460.7;231.0
16;80;7;1174.0;1202.5;1232.0;1484.0;1801.0;1368.6;252.4
16;81;7;1210.0;1269.0;1300.0;1546.5;1835.0;1425.1;246.0
16;82;7;1223.0;1249.5;1298.0;1597.5;1857.0;1438.9;252.3
16;83;7;1185.0;1191.0;1193.0;1405.5;1610.0;1311.6;188.2
16;84;7;1181.0;1191.5;1210.0;1438.0;1676.0;1332.3;213.6
16;85;7;1189.0;1205.5;1230.0;1433.0;1612.0;1329.7;179.6
16;86;7;1179.0;1189.5;1197.0;1448.0;1613.0;1323.4;185.7
16;87;7;1173.0;1187.0;1192.0;1382.0;1568.0;1295.9;172.3
16;88;7;1182.0;1196.0;1196.0;1403.5;1568.0;1306.4;166.2
16;89;7;1179.0;1187.5;1196.0;1215.0;1568.0;1249.7;131.0
16;90;7;1194.0;1195.5;1196.0;1196.0;1568.0;1248.7;130.3
16;91;7;1209.0;1224.0;1240.0;1267.0;1505.0;1276.6;96.0
16;92;7;1192.0;1206.5;1235.0;1242.5;1507.0;1261.7;102.0
16;93;7;1188.0;1218.0;1239.0;1254.5;1502.0;1267.7;98.7
16;94;7;1208.0;1221.0;1242.0;1274.5;1510.0;1278.7;98.1
16;95;7;1232.0;1247.5;1257.0;1306.5;1554.0;1307.3;104.4
16;96;7;1175.0;1228.5;1259.0;1277.5;1530.0;1282.3;106.5
16;97;7;1176.0;1182.0;1287.0;1300.0;1563.0;1284.3;125.9
16;98;7;1185.0;1190.0;1194.0;1220.5;1439.0;1234.1;84.8
16;99;7;1191.0;1240.0;1266.0;1298.5;1544.0;1296.9;107.3
17;0;7;1862.0;2083.5;2374.0;2414.0;2428.0;2237.0;226.3
17;1;7;1876.0;2095.5;2401.0;2411.5;2435.0;2246.6;233.4
17;2;7;1921.0;2121.0;2306.0;2358.5;2405.0;2227.3;190.0
17;3;7;1745.0;2097.0;2317.0;2323.0;2412.0;2187.7;240.1
17;4;7;1775.0;2023.5;2269.0;2315.5;2350.0;2153.1;231.0
17;5;7;1732.0;1978.5;2243.0;2265.0;2321.0;2111.9;241.2
17;6;7;1810.0;2113.0;2336.0;2407.5;2461.0;2235.4;244.7
17;7;7;1629.0;1975.5;2207.0;2266.0;2280.0;2085.6;248.8
17;8;7;1732.0;2021.5;2282.0;2305.0;2344.0;2144.4;245.8
17;9;7;1768.0;2088.5;2357.0;2396.0;2467.0;2223.0;253.1
17;10;7;1701.0;2048.5;2280.0;2301.5;2335.0;2145.1;239.1
17;11;7;1785.0;1999.5;2240.0;2294.0;2339.0;2135.9;222.8
17;12;7;1694.0;1923.0;2124.0;2193.5;2198.0;2035.6;207.2
17;13;7;1812.0;2105.5;2280.0;2301.5;2314.0;2174.3;186.7
17;14;7;1649.0;1732.5;2116.0;2145.0;2199.0;1959.9;224.4
17;15;7;1673.0;1777.5;2073.0;2218.0;2253.0;1998.6;230.0
17;16;7;1695.0;1838.5;2240.0;2241.5;2247.0;2048.9;231.1
17;17;7;1630.0;1750.5;2107.0;2133.5;2142.0;1949.6;211.5
17;18;7;1703.0;1758.0;2209.0;2267.0;2293.0;2036.4;258.8
17;19;7;1679.0;1815.5;2203.0;2222.5;2254.0;2030.3;233.1
17;20;7;1677.0;1762.0;2244.0;2248.0;2259.0;2028.6;259.6
17;21;7;1592.0;1778.0;2192.0;2201.5;2227.0;1995.7;249.2
17;22;7;1572.0;1726.5;2154.0;2167.5;2169.0;1954.7;247.4
17;23;7;1608.0;1616.0;2046.0;2112.0;2119.0;1889.9;240.6
17;24;7;1685.0;1761.0;2067.0;2139.5;2155.0;1958.3;196.8
17;25;7;1491.0;1585.5;2109.0;2126.5;2150.0;1882.0;286.4
17;26;7;1724.0;1808.0;2278.0;2283.0;2294.0;2068.3;251.8
17;27;7;1583.0;1697.5;2207.0;2225.5;2256.0;1984.6;287.3
17;28;7;1579.0;1737.5;2046.0;2082.0;2154.0;1916.9;210.3
17;29;7;1590.0;1639.5;2108.0;2117.0;2137.0;1906.9;247.6
17;30;7;1573.0;1628.0;2090.0;2092.5;2126.0;1890.0;244.1
17;31;7;1577.0;1669.0;1713.0;2128.5;2138.0;1860.4;237.9
17;32;7;1439.0;1575.5;1749.0;2083.0;2191.0;1813.7;281.6
17;33;7;1320.0;1607.0;1672.0;2112.5;2124.0;1793.6;299.8
17;34;7;1174.0;1264.0;1592.0;1957.5;1973.0;1597.4;338.8
17;35;7;1320.0;1533.5;2030.0;2044.5;2054.0;1794.3;295.1
17;36;7;1450.0;1555.5;1917.0;1933.5;1957.0;1757.4;210.0
17;37;7;1283.0;1414.0;1902.0;1905.5;1950.0;1682.0;280.2
17;38;7;1260.0;1319.5;1896.0;1918.0;1973.0;1657.7;312.7
17;39;7;1189.0;1241.0;1312.0;1875.5;1904.0;1519.7;318.4
17;40;7;1221.0;1274.5;1319.0;1832.5;1848.0;1514.6;281.1
17;41;7;1318.0;1393.0;1539.0;1994.5;2003.0;1662.1;297.7
17;42;7;1426.0;1504.0;1683.0;1972.5;1981.0;1720.4;232.1
17;43;7;1233.0;1290.0;1445.0;1912.5;1942.0;1575.0;307.7
17;44;7;1227.0;1274.5;1560.0;1856.5;1865.0;1559.1;279.2
17;45;7;1223.0;1288.0;1408.0;1894.5;1906.0;1557.4;300.6
17;46;7;1229.0;1262.5;1439.0;1801.5;1816.0;1516.0;259.1
17;47;7;1192.0;1295.5;1469.0;1759.0;1764.0;1504.9;234.6
17;48;7;1183.0;1194.5;1204.0;1767.5;1777.0;1441.1;285.5
17;49;7;1195.0;1223.0;1266.0;1731.0;1750.0;1445.6;253.5
17;50;7;1176.0;1192.5;1202.0;1770.0;1774.0;1439.6;287.4
17;51;7;1182.0;1195.5;1205.0;1748.0;1753.0;1432.4;274.8
17;52;7;1203.0;1240.0;1297.0;1758.5;1767.0;1466.3;257.2
17;53;7;1202.0;1242.0;1359.0;1742.0;1755.0;1469.1;244.6
17;54;7;1194.0;1229.5;1303.0;1757.5;1763.0;1462.0;259.8
17;55;7;1191.0;1201.5;1226.0;1602.5;1740.0;1395.0;223.7
17;56;7;1199.0;1225.0;1308.0;1751.0;1755.0;1459.1;255.8
17;57;7;1176.0;1202.5;1218.0;1605.0;1610.0;1374.1;201.7
17;58;7;1190.0;1197.0;1212.0;1602.5;1606.0;1372.4;200.4
17;59;7;1199.0;1221.0;1242.0;1606.0;1610.0;1386.4;191.8
17;60;7;1188.0;1211.0;1215.0;1413.0;1615.0;1323.7;182.5
17;61;7;1198.0;1201.5;1232.0;1484.0;1732.0;1361.9;233.3
17;62;7;1174.0;1194.5;1205.0;1487.5;1760.0;1357.6;252.1
17;63;7;1185.0;1195.0;1204.0;1475.0;1742.0;1353.0;244.0
17;64;7;1190.0;1232.5;1319.0;1539.5;1749.0;1400.3;220.8
17;65;7;1176.0;1189.5;1200.0;1478.5;1825.0;1362.4;265.0
17;66;7;1180.0;1216.5;1257.0;1417.5;1584.0;1327.0;157.8
17;67;7;1175.0;1182.5;1186.0;1310.5;1442.0;1255.6;115.8
17;68;7;1174.0;1183.0;1184.0;1420.0;1705.0;1324.1;224.9
17;69;7;1177.0;1181.5;1185.0;1318.5;1471.0;1261.9;125.5
17;70;7;1179.0;1186.0;1188.0;1382.5;1756.0;1322.9;222.1
17;71;7;1172.0;1178.5;1180.0;1320.5;1450.0;1257.1;121.2
17;72;7;1177.0;1180.5;1188.0;1318.0;1447.0;1258.4;119.3
17;73;7;1175.0;1178.5;1184.0;1331.5;1453.0;1261.7;121.2
17;74;7;1174.0;1184.0;1186.0;1324.0;1463.0;1262.7;124.9
17;75;7;1177.0;1184.0;1199.0;1336.5;1471.0;1269.7;127.3
17;76;7;1173.0;1176.5;1183.0;1313.0;1461.0;1256.6;121.7
17;77;7;1178.0;1182.5;1187.0;1333.0;1470.0;1266.6;127.9
17;78;7;1177.0;1180.0;1183.0;1327.5;1473.0;1264.0;131.0
17;79;7;1172.0;1185.5;1191.0;1587.5;1937.0;1406.6;334.6
17;80;7;1182.0;1191.0;1191.0;1259.0;1320.0;1227.6;58.6
17;81;7;1597.0;1724.0;1772.0;1967.5;2149.0;1843.0;200.3
17;82;7;1665.0;1704.0;1739.0;1962.0;2184.0;1845.7;206.0
17;83;7;1546.0;1707.5;1742.0;2063.0;2236.0;1866.4;249.7
17;84;7;1611.0;1671.0;1759.0;2031.0;2243.0;1859.6;246.5
17;85;7;1526.0;1617.0;1658.0;1968.5;2185.0;1791.4;256.2
17;86;7;1364.0;1531.5;1621.0;1971.5;2206.0;1742.4;301.9
17;87;7;1612.0;1655.5;1684.0;1954.5;2229.0;1820.7;256.8
17;88;7;1492.0;1574.0;1681.0;1721.0;2172.0;1705.0;207.1
17;89;7;1440.0;1506.0;1533.0;1651.0;2088.0;1625.0;206.3
17;90;7;1382.0;1460.5;1599.0;1739.0;2146.0;1646.6;241.7
17;91;7;1448.0;1520.0;1704.0;1757.5;2108.0;1687.9;209.1
17;92;7;1518.0;1559.5;1611.0;1641.0;2066.0;1656.6;173.4
17;93;7;1446.0;1531.0;1640.0;1685.0;2090.0;1658.3;199.2
17;94;7;1449.0;1605.5;1716.0;1739.0;2079.0;1704.7;183.0
17;95;7;1204.0;1393.0;1603.0;1684.0;2142.0;1586.1;283.4
17;96;7;1295.0;1394.5;1464.0;1563.0;2152.0;1546.6;262.9
17;97;7;1268.0;1385.0;1406.0;1450.5;1833.0;1454.0;164.9
17;98;7;1191.0;1514.5;1590.0;1611.0;2040.0;1581.7;232.0
17;99;7;1204.0;1351.5;1479.0;1617.5;2067.0;1526.9;269.9
18;0;7;1867.0;2134.0;2423.0;2447.5;2449.0;2271.7;243.6
18;1;7;1734.0;2058.5;2330.0;2381.5;2395.0;2191.3;259.5
18;2;7;1695.0;2081.5;2320.0;2373.5;2395.0;2188.6;261.9
18;3;7;1755.0;2103.5;2352.0;2388.0;2435.0;2217.9;249.4
18;4;7;1817.0;2073.0;2311.0;2339.5;2394.0;2192.4;232.6
18;5;7;1736.0;2114.0;2331.0;2364.5;2376.0;2200.0;235.1
18;6;7;1774.0;2048.5;2257.0;2305.0;2308.0;2149.4;216.1
18;7;7;1703.0;2052.0;2313.0;2391.0;2403.0;2186.4;281.0
18;8;7;1655.0;2028.5;2254.0;2258.0;2282.0;2109.1;236.5
18;9;7;1789.0;1995.5;2204.0;2216.5;2224.0;2091.6;185.3
18;10;7;1735.0;2073.5;2224.0;2282.5;2290.0;2137.3;194.5
18;11;7;1690.0;2042.0;2242.0;2282.5;2376.0;2136.7;239.3
18;12;7;1701.0;1973.5;2207.0;2226.5;2249.0;2079.6;226.7
18;13;7;1733.0;2018.0;2266.0;2314.5;2342.0;2143.7;238.0
18;14;7;1647.0;1775.5;2169.0;2199.0;2231.0;1999.4;235.8
18;15;7;1796.0;1829.0;2273.0;2306.0;2343.0;2097.4;243.3
18;16;7;1728.0;1802.0;2153.0;2226.0;2325.0;2037.4;233.2
18;17;7;1599.0;1704.0;2142.0;2169.0;2217.0;1957.7;255.6
18;18;7;1718.0;1771.0;2096.0;2133.0;2177.0;1971.3;192.1
18;19;7;1579.0;1750.5;2188.0;2333.5;2382.0;2045.3;315.0
18;20;7;1571.0;1783.5;2133.0;2178.5;2185.0;1973.3;243.7
18;21;7;1632.0;1727.5;2139.0;2174.5;2239.0;1973.4;244.7
18;22;7;1621.0;1698.5;2093.0;2152.0;2168.0;1940.4;234.8
18;23;7;1592.0;1674.5;2136.0;2169.0;2227.0;1948.9;265.9
18;24;7;1525.0;1625.5;1998.0;2030.5;2062.0;1842.4;220.7
18;25;7;1418.0;1716.0;2121.0;2135.5;2164.0;1915.1;278.3
18;26;7;1610.0;1643.5;2105.0;2141.5;2170.0;1922.1;251.8
18;27;7;1360.0;1486.0;1981.0;2003.5;2028.0;1764.0;280.5
18;28;7;1410.0;1646.5;2084.0;2137.5;2144.0;1886.6;288.1
18;29;7;1368.0;1408.5;2012.0;2029.5;2072.0;1761.1;317.8
18;30;7;1554.0;1719.5;2114.0;2142.0;2170.0;1937.3;249.7
18;31;7;1373.0;1431.0;1629.0;2007.0;2035.0;1701.9;283.4
18;32;7;1334.0;1381.5;1534.0;1996.0;2024.0;1663.9;301.5
18;33;7;1275.0;1502.0;1515.0;2042.0;2087.0;1709.3;311.6
18;34;7;1252.0;1351.0;1412.0;1876.5;1895.0;1573.4;272.3
18;35;7;1351.0;1434.5;1947.0;1985.5;2006.0;1734.9;286.1
18;36;7;1224.0;1342.0;1789.0;1830.0;1860.0;1602.4;266.6
18;37;7;1216.0;1306.0;1765.0;1774.5;1810.0;1564.6;252.1
18;38;7;1231.0;1262.0;1763.0;1792.0;1806.0;1558.3;266.4
18;39;7;1219.0;1238.5;1350.0;1778.0;1800.0;1486.0;262.3
18;40;7;1209.0;1220.5;1312.0;1706.0;1718.0;1441.7;234.5
18;41;7;1225.0;1249.5;1278.0;1740.5;1748.0;1461.6;244.2
18;42;7;1196.0;1230.5;1244.0;1706.0;1712.0;1432.1;239.4
18;43;7;1204.0;1221.0;1263.0;1675.0;1679.0;1419.7;222.9
18;44;7;1217.0;1254.5;1329.0;1733.5;1742.0;1466.3;236.1
18;45;7;1243.0;1252.0;1261.0;1685.0;1690.0;1438.3;215.2
18;46;7;1221.0;1229.5;1247.0;1697.0;1707.0;1432.6;232.1
18;47;7;1208.0;1245.0;1276.0;1649.0;1684.0;1422.3;208.7
18;48;7;1183.0;1224.5;1260.0;1815.5;1837.0;1480.0;297.8
18;49;7;1190.0;1214.5;1268.0;1827.0;1850.0;1484.4;304.3
18;50;7;1203.0;1227.0;1261.0;1790.0;1808.0;1472.3;281.2
18;51;7;1187.0;1211.5;1250.0;1815.5;1822.0;1473.3;298.8
18;52;7;1181.0;1209.5;1233.0;1765.0;1805.0;1452.6;282.8
18;53;7;1189.0;1192.0;1264.0;1673.0;1700.0;1411.9;235.3
18;54;7;1175.0;1182.0;1222.0;1671.5;1674.0;1396.9;239.0
18;55;7;1180.0;1201.0;1246.0;1664.5;1670.0;1403.9;228.2
18;56;7;1179.0;1184.5;1199.0;1395.5;1611.0;1307.0;154.2
18;57;7;1182.0;1182.0;1182.0;1225.5;1228.0;1201.0;22.0
18;58;7;1175.0;1175.0;1175.0;1222.0;1226.0;1195.7;24.0
18;59;7;1173.0;1173.0;1179.0;1211.5;1215.0;1190.9;19.0
18;60;7;1173.0;1176.5;1184.0;1236.0;1236.0;1202.6;29.2
18;61;7;1173.0;1177.0;1185.0;1215.0;1219.0;1194.4;19.5
18;62;7;1175.0;1188.0;1252.0;1430.5;1479.0;1306.1;124.7
18;63;7;1176.0;1182.0;1191.0;1385.0;1417.0;1274.0;107.0
18;64;7;1179.0;1179.5;1180.0;1209.5;1357.0;1213.4;61.6
18;65;7;1180.0;1180.0;1180.0;1191.5;1203.0;1186.6;10.4
18;66;7;1180.0;1180.0;1180.0;1191.5;1203.0;1186.6;10.4
18;67;7;1180.0;1180.0;1180.0;1191.5;1203.0;1186.6;10.4
18;68;7;1180.0;1180.0;1180.0;1208.0;1236.0;1196.0;25.3
18;69;7;1178.0;1179.5;1181.0;1207.5;1231.0;1194.9;22.9
18;70;7;1176.0;1178.0;1178.0;1206.5;1231.0;1193.4;23.8
18;71;7;1178.0;1178.5;1180.0;1208.5;1231.0;1194.7;23.1
18;72;7;1182.0;1182.0;1182.0;1204.5;1229.0;1195.1;20.8
18;73;7;1182.0;1182.0;1182.0;1208.5;1231.0;1196.6;21.8
18;74;7;1180.0;1182.0;1182.0;1205.5;1227.0;1194.9;20.4
18;75;7;1179.0;1182.0;1186.0;1208.5;1231.0;1196.7;21.8
18;76;7;1180.0;1182.0;1182.0;1204.5;1235.0;1195.7;22.4
18;77;7;1182.0;1182.0;1182.0;1204.5;1227.0;1194.9;20.3
18;78;7;1182.0;1198.5;1265.0;1300.5;1691.0;1305.1;164.4
18;79;7;1186.0;1186.0;1186.0;1338.0;1688.0;1301.1;189.6
18;80;7;1182.0;1182.0;1182.0;1417.0;1649.0;1315.9;210.7
18;81;7;1182.0;1182.0;1182.0;1204.5;1227.0;1194.9;20.3
18;82;7;1185.0;1209.0;1259.0;1507.5;1747.0;1374.9;235.8
18;83;7;1182.0;1185.0;1185.0;1427.5;1686.0;1325.4;222.7
18;84;7;1185.0;1185.0;1259.0;1480.0;1687.0;1351.6;212.1
18;85;7;1185.0;1185.0;1185.0;1474.5;1676.0;1337.9;215.4
18;86;7;1178.0;1184.0;1185.0;1212.5;1240.0;1199.4;25.8
18;87;7;1183.0;1185.0;1186.0;1212.5;1240.0;1200.6;24.6
18;88;7;1179.0;1183.5;1185.0;1211.5;1238.0;1198.9;24.2
18;89;7;1172.0;1177.5;1184.0;1185.0;1240.0;1188.7;21.6
18;90;7;1184.0;1185.5;1187.0;1187.0;1236.0;1193.1;17.5
18;91;7;1172.0;1182.5;1185.0;1185.0;1236.0;1189.7;19.4
18;92;7;1172.0;1172.5;1181.0;1182.5;1235.0;1185.4;20.7
18;93;7;1172.0;1175.0;1194.0;1201.0;1542.0;1237.1;125.0
18;94;7;1468.0;1525.5;1688.0;1795.0;2282.0;1725.6;258.6
18;95;7;1552.0;1636.5;1745.0;1843.0;2291.0;1792.4;233.2
18;96;7;1473.0;1615.0;1629.0;1707.0;2299.0;1720.7;247.2
18;97;7;1449.0;1661.5;1698.0;1779.0;2196.0;1746.3;213.0
18;98;7;1560.0;1609.0;1711.0;1826.0;2258.0;1771.3;224.2
18;99;7;1509.0;1624.0;1666.0;1713.5;2241.0;1727.3;221.3
19;0;7;1724.0;2232.5;2400.0;2429.5;2473.0;2274.4;252.1
19;1;7;1728.0;2050.5;2284.0;2352.0;2420.0;2176.7;255.5
19;2;7;1762.0;2135.0;2325.0;2370.0;2400.0;2213.9;227.8
19;3;7;1753.0;2053.5;2291.0;2304.5;2338.0;2156.9;235.2
19;4;7;1822.0;2058.0;2300.0;2328.5;2338.0;2176.1;205.1
19;5;7;1777.0;2038.0;2304.0;2316.0;2359.0;2164.0;241.9
19;6;7;1781.0;2008.5;2190.0;2245.5;2296.0;2110.7;194.1
19;7;7;1728.0;2026.5;2224.0;2250.5;2289.0;2113.6;206.6
19;8;7;1754.0;2039.5;2271.0;2320.0;2326.0;2152.9;233.6
19;9;7;1861.0;2077.0;2289.0;2352.0;2372.0;2197.1;204.8
19;10;7;1717.0;1915.5;2195.0;2251.5;2273.0;2074.1;230.4
19;11;7;1778.0;1983.0;2224.0;2265.5;2313.0;2116.0;216.7
19;12;7;1641.0;1955.0;2169.0;2220.5;2249.0;2058.6;233.7
19;13;7;1729.0;2034.0;2164.0;2247.0;2294.0;2107.0;193.4
19;14;7;1736.0;1771.0;2179.0;2226.5;2323.0;2033.3;241.0
19;15;7;1716.0;1812.5;2213.0;2234.0;2273.0;2042.1;231.8
19;16;7;1724.0;1804.5;2276.0;2296.5;2308.0;2072.9;257.0
19;17;7;1707.0;1738.5;2139.0;2200.0;2239.0;1994.6;232.7
19;18;7;1703.0;1731.5;2188.0;2233.0;2246.0;2009.4;249.8
19;19;7;1755.0;1771.5;2125.0;2171.5;2213.0;1997.0;201.6
19;20;7;1631.0;1750.0;2107.0;2158.0;2186.0;1962.9;223.3
19;21;7;1490.0;1639.0;2191.0;2261.0;2282.0;1966.1;331.3
19;22;7;1475.0;1761.0;2186.0;2196.5;2202.0;1968.3;276.8
19;23;7;1543.0;1701.0;2135.0;2158.5;2173.0;1938.6;257.6
19;24;7;1663.0;1699.0;2076.0;2119.5;2152.0;1932.6;214.1
19;25;7;1550.0;1720.0;2186.0;2212.0;2228.0;1975.4;275.6
19;26;7;1639.0;1670.5;2180.0;2205.0;2235.0;1972.1;270.9
19;27;7;1429.0;1713.5;2122.0;2154.0;2186.0;1924.6;279.8
19;28;7;1586.0;1673.0;2070.0;2131.5;2158.0;1917.6;240.6
19;29;7;1461.0;1779.5;2078.0;2114.0;2136.0;1923.1;238.9
19;30;7;1370.0;1636.0;2115.0;2121.5;2130.0;1875.7;297.8
19;31;7;1321.0;1554.0;2035.0;2118.0;2137.0;1833.9;319.7
19;32;7;1457.0;1561.0;1706.0;2029.5;2079.0;1774.7;245.5
19;33;7;1313.0;1411.0;1730.0;1988.5;1998.0;1691.4;286.6
19;34;7;1376.0;1387.5;1464.0;1872.5;1931.0;1613.0;244.9
19;35;7;1192.0;1343.0;1518.0;1857.0;1872.0;1568.9;279.7
19;36;7;1310.0;1330.0;1818.0;1836.0;1858.0;1616.9;254.7
19;37;7;1262.0;1292.5;1740.0;1763.5;1788.0;1557.4;239.2
19;38;7;1271.0;1302.0;1735.0;1761.0;1790.0;1560.3;234.0
19;39;7;1216.0;1245.5;1264.0;1698.0;1760.0;1446.7;236.7
19;40;7;1185.0;1245.0;1260.0;1682.0;1688.0;1426.7;224.0
19;41;7;1220.0;1288.0;1344.0;1670.0;1677.0;1451.0;195.2
19;42;7;1219.0;1224.0;1274.0;1766.0;1797.0;1467.1;268.7
19;43;7;1208.0;1356.0;1460.0;1813.0;1822.0;1546.9;243.2
19;44;7;1228.0;1243.5;1316.0;1831.0;1842.0;1505.0;286.7
19;45;7;1194.0;1208.0;1293.0;1727.5;1791.0;1449.9;261.4
19;46;7;1194.0;1225.0;1286.0;1787.5;1858.0;1480.4;288.4
19;47;7;1209.0;1238.5;1266.0;1892.0;1924.0;1522.9;329.6
19;48;7;1186.0;1205.0;1349.0;1840.5;1896.0;1503.1;313.6
19;49;7;1193.0;1215.0;1238.0;1638.5;1683.0;1403.0;217.8
19;50;7;1173.0;1205.5;1225.0;1438.0;1438.0;1303.3;117.8
19;51;7;1181.0;1190.5;1265.0;1756.5;1768.0;1444.0;275.2
19;52;7;1190.0;1211.5;1240.0;1662.5;1743.0;1417.3;237.3
19;53;7;1173.0;1189.5;1207.0;1731.5;1779.0;1428.7;277.3
19;54;7;1178.0;1193.0;1224.0;1662.0;1692.0;1400.6;235.7
19;55;7;1177.0;1185.5;1259.0;1663.0;1693.0;1403.7;234.8
19;56;7;1184.0;1205.5;1259.0;1687.0;1779.0;1429.6;252.4
19;57;7;1177.0;1195.0;1201.0;1666.5;1698.0;1399.9;240.6
19;58;7;1184.0;1203.0;1226.0;1622.5;1626.0;1383.9;208.0
19;59;7;1180.0;1220.0;1285.0;1770.0;1855.0;1471.4;289.0
19;60;7;1195.0;1201.0;1210.0;1625.0;1713.0;1395.7;225.7
19;61;7;1188.0;1227.0;1259.0;1775.5;1825.0;1468.1;282.5
19;62;7;1174.0;1227.0;1470.0;1759.0;1771.0;1483.9;256.9
19;63;7;1180.0;1189.5;1252.0;1648.0;1698.0;1400.7;231.4
19;64;7;1176.0;1184.0;1251.0;1504.5;1792.0;1370.9;249.9
19;65;7;1177.0;1188.0;1194.0;1395.0;1593.0;1304.3;182.1
19;66;7;1188.0;1247.0;1267.0;1518.5;1763.0;1392.7;234.1
19;67;7;1202.0;1213.5;1247.0;1462.0;1657.0;1351.0;194.3
19;68;7;1188.0;1247.0;1247.0;1498.5;1789.0;1387.9;241.2
19;69;7;1177.0;1279.0;1279.0;1439.0;1610.0;1357.4;160.0
19;70;7;1175.0;1205.0;1247.0;1536.5;1803.0;1386.9;262.5
19;71;7;1175.0;1180.5;1211.0;1427.5;1656.0;1322.6;203.5
19;72;7;1188.0;1223.0;1237.0;1450.5;1627.0;1342.7;181.5
19;73;7;1175.0;1180.0;1193.0;1400.5;1626.0;1307.9;191.8
19;74;7;1176.0;1191.5;1193.0;1378.0;1619.0;1303.9;182.0
19;75;7;1177.0;1178.5;1192.0;1298.0;1399.0;1245.9;95.7
19;76;7;1176.0;1177.0;1193.0;1300.5;1395.0;1245.6;94.8
19;77;7;1173.0;1179.5;1186.0;1252.5;1319.0;1220.3;59.4
19;78;7;1177.0;1177.0;1179.0;1233.0;1286.0;1208.9;47.3
19;79;7;1175.0;1179.0;1179.0;1179.0;1233.0;1186.1;19.2
19;80;7;1171.0;1175.5;1179.0;1179.0;1233.0;1184.6;20.0
19;81;7;1175.0;1179.0;1179.0;1206.0;1233.0;1193.9;24.8
19;82;7;1177.0;1177.0;1179.0;1246.5;1347.0;1221.4;68.7
19;83;7;1177.0;1178.5;1181.0;1232.5;1344.0;1217.7;62.3
19;84;7;1177.0;1177.5;1178.0;1215.0;1251.0;1198.7;33.1
19;85;7;1173.0;1183.0;1183.0;1240.5;1295.0;1214.0;51.4
19;86;7;1183.0;1183.0;1183.0;1235.0;1295.0;1213.9;47.7
19;87;7;1176.0;1183.0;1187.0;1328.0;1460.0;1263.6;122.6
19;88;7;1182.0;1182.0;1182.0;1319.5;1454.0;1260.1;122.6
19;89;7;1172.0;1180.0;1182.0;1197.0;1291.0;1199.9;38.2
19;90;7;1179.0;1182.0;1182.0;1184.5;1291.0;1197.9;38.1
19;91;7;1177.0;1187.5;1189.0;1189.0;1287.0;1200.9;35.4
19;92;7;1172.0;1176.0;1181.0;1185.0;1300.0;1196.4;42.5
19;93;7;1172.0;1180.0;1185.0;1185.0;1300.0;1198.1;41.9
19;94;7;1170.0;1172.0;1185.0;1185.0;1346.0;1202.1;59.1
19;95;7;1172.0;1172.0;1172.0;1177.0;1229.0;1181.6;19.5
19;96;7;1172.0;1172.0;1179.0;1186.0;1230.0;1185.3;19.2
19;97;7;1170.0;1171.0;1172.0;1179.0;1230.0;1181.7;20.4
19;98;7;1170.0;1170.0;1170.0;1170.5;1229.0;1178.6;20.6
19;99;7;1170.0;1170.0;1170.0;1170.0;1229.0;1178.4;20.6
20;0;7;1706.0;2094.0;2325.0;2372.0;2410.0;2196.1;264.3
20;1;7;1814.0;2131.0;2345.0;2364.0;2367.0;2216.6;223.1
20;2;7;1743.0;2035.0;2243.0;2402.0;2436.0;2185.1;263.5
20;3;7;1783.0;2083.5;2275.0;2328.0;2350.0;2175.9;216.6
20;4;7;1865.0;2109.5;2321.0;2334.0;2366.0;2205.6;190.2
20;5;7;1733.0;2032.5;2231.0;2259.0;2306.0;2121.9;206.5
20;6;7;1811.0;2070.0;2268.0;2329.0;2333.0;2172.9;211.3
20;7;7;1780.0;2061.0;2267.0;2277.0;2295.0;2145.4;206.6
20;8;7;1760.0;2110.0;2314.0;2374.5;2388.0;2204.4;238.7
20;9;7;1646.0;1987.5;2200.0;2271.0;2333.0;2099.4;243.5
20;10;7;1832.0;2128.0;2363.0;2391.5;2470.0;2243.4;237.5
20;11;7;1730.0;1985.5;2219.0;2251.5;2272.0;2099.3;226.2
20;12;7;1709.0;1985.0;2173.0;2200.5;2220.0;2067.6;196.7
20;13;7;1748.0;2013.5;2275.0;2287.0;2296.0;2131.4;231.6
20;14;7;1703.0;1722.5;2122.0;2125.5;2161.0;1954.6;207.1
20;15;7;1796.0;1821.5;2269.0;2287.5;2337.0;2088.6;239.9
20;16;7;1844.0;1875.0;2272.0;2282.5;2301.0;2104.6;208.4
20;17;7;1651.0;1766.0;2116.0;2167.5;2191.0;1975.0;218.5
20;18;7;1682.0;1781.0;2095.0;2144.5;2191.0;1974.1;200.7
20;19;7;1702.0;1774.0;2163.0;2206.5;2269.0;2013.6;234.0
20;20;7;1637.0;1727.5;2121.0;2154.5;2269.0;1970.1;243.1
20;21;7;1623.0;1750.5;2167.0;2191.0;2200.0;1981.9;240.7
20;22;7;1642.0;1728.0;2122.0;2155.5;2165.0;1956.6;224.7
20;23;7;1668.0;1711.5;2142.0;2170.0;2177.0;1964.3;232.3
20;24;7;1641.0;1707.0;2198.0;2205.0;2209.0;1981.7;258.1
20;25;7;1587.0;1623.0;2037.0;2141.5;2178.0;1904.4;258.1
20;26;7;1477.0;1573.5;2034.0;2062.0;2088.0;1838.6;259.9
20;27;7;1554.0;1671.0;2147.0;2157.0;2188.0;1935.0;265.2
20;28;7;1480.0;1609.0;2072.0;2077.5;2114.0;1862.7;262.1
20;29;7;1599.0;1621.0;1998.0;2038.5;2055.0;1853.0;208.2
20;30;7;1472.0;1780.5;2138.0;2146.0;2183.0;1949.4;263.8
20;31;7;1323.0;1529.0;1572.0;2103.5;2141.0;1757.3;319.7
20;32;7;1553.0;1601.5;1667.0;1993.5;2084.0;1784.9;214.7
20;33;7;1205.0;1302.0;1645.0;2013.0;2023.0;1643.3;349.3
20;34;7;1275.0;1552.5;2013.0;2037.0;2076.0;1791.9;302.8
20;35;7;1467.0;1546.0;1943.0;1951.5;1964.0;1767.0;215.7
20;36;7;1401.0;1510.0;2028.0;2044.0;2063.0;1800.0;289.5
20;37;7;1312.0;1576.0;1993.0;2020.5;2047.0;1792.1;277.9
20;38;7;1249.0;1321.0;1919.0;1919.0;1926.0;1653.4;309.5
20;39;7;1268.0;1287.5;1338.0;1982.5;2100.0;1606.6;361.9
20;40;7;1306.0;1326.5;1575.0;1975.5;2054.0;1648.4;318.2
20;41;7;1232.0;1292.0;1381.0;1970.0;2041.0;1596.9;347.0
20;42;7;1246.0;1310.0;1401.0;1946.5;1969.0;1589.9;319.5
20;43;7;1183.0;1249.5;1387.0;1936.5;1943.0;1555.0;337.0
20;44;7;1240.0;1250.0;1546.0;1950.0;1990.0;1596.6;332.8
20;45;7;1226.0;1309.5;1449.0;1914.5;1933.0;1579.4;302.7
20;46;7;1236.0;1262.5;1287.0;2018.0;2028.0;1587.4;376.1
20;47;7;1192.0;1310.5;1440.0;1875.5;1880.0;1554.9;286.8
20;48;7;1258.0;1307.5;1489.0;1873.0;1877.0;1569.3;273.0
20;49;7;1215.0;1305.5;1390.0;1877.5;1882.0;1550.4;289.1
20;50;7;1194.0;1250.5;1304.0;1883.5;1914.0;1525.7;320.8
20;51;7;1193.0;1208.0;1349.0;1957.0;2016.0;1555.4;368.7
20;52;7;1179.0;1228.5;1342.0;1877.5;1880.0;1516.1;317.0
20;53;7;1177.0;1191.0;1194.0;1523.5;1579.0;1339.9;176.9
20;54;7;1177.0;1256.0;1324.0;1688.0;1690.0;1439.9;219.4
20;55;7;1186.0;1236.5;1284.0;1594.0;1610.0;1391.6;182.7
20;56;7;1192.0;1236.0;1299.0;1627.0;1678.0;1413.6;203.4
20;57;7;1175.0;1216.5;1230.0;1650.0;1672.0;1401.4;222.3
20;58;7;1195.0;1203.5;1260.0;1592.0;1657.0;1386.1;201.2
20;59;7;1184.0;1193.5;1195.0;1303.5;1306.0;1239.9;55.9
20;60;7;1174.0;1180.0;1183.0;1341.0;1363.0;1251.7;84.5
20;61;7;1179.0;1186.0;1199.0;1363.0;1363.0;1262.7;87.1
20;62;7;1188.0;1191.0;1193.0;1296.0;1300.0;1236.4;52.8
20;63;7;1175.0;1181.5;1191.0;1287.0;1290.0;1227.6;52.6
20;64;7;1175.0;1178.0;1178.0;1232.0;1279.0;1207.4;45.4
20;65;7;1178.0;1178.0;1178.0;1230.0;1279.0;1207.3;45.4
20;66;7;1172.0;1175.5;1179.0;1231.0;1282.0;1206.6;47.8
20;67;7;1193.0;1195.5;1201.0;1606.5;2012.0;1430.0;365.6
20;68;7;1178.0;1180.0;1180.0;1222.5;1265.0;1204.0;38.6
20;69;7;1180.0;1188.5;1191.0;1542.5;1919.0;1393.1;312.3
20;70;7;1167.0;1180.5;1191.0;1559.5;1907.0;1392.1;320.2
20;71;7;1191.0;1239.0;1298.0;1627.5;1925.0;1449.6;303.6
20;72;7;1177.0;1185.0;1203.0;1570.0;1914.0;1400.6;323.3
20;73;7;1177.0;1187.0;1189.0;1501.5;1813.0;1365.1;283.3
20;74;7;1187.0;1207.5;1217.0;1484.0;1691.0;1354.0;214.7
20;75;7;1187.0;1194.0;1209.0;1470.0;1678.0;1343.1;212.0
20;76;7;1179.0;1198.0;1209.0;1455.5;1682.0;1339.6;216.7
20;77;7;1195.0;1216.0;1237.0;1470.0;1692.0;1356.6;212.4
20;78;7;1187.0;1203.5;1226.0;1570.0;1868.0;1404.0;283.6
20;79;7;1184.0;1193.5;1226.0;1658.5;2101.0;1459.3;374.9
20;80;7;1187.0;1205.0;1216.0;1541.0;1841.0;1390.9;282.4
20;81;7;1181.0;1193.0;1198.0;1520.0;1828.0;1376.1;285.9
20;82;7;1185.0;1193.0;1203.0;1582.0;1899.0;1405.3;311.2
20;83;7;1185.0;1205.0;1206.0;1536.5;1851.0;1389.3;292.2
20;84;7;1185.0;1185.0;1195.0;1530.5;1828.0;1377.0;285.7
20;85;7;1183.0;1186.0;1201.0;1509.5;1821.0;1370.9;283.8
20;86;7;1183.0;1194.0;1243.0;1549.5;1814.0;1389.6;269.3
20;87;7;1175.0;1182.5;1186.0;1499.0;1810.0;1362.0;268.0
20;88;7;1181.0;1182.5;1184.0;1479.5;1770.0;1351.3;262.3
20;89;7;1178.0;1206.5;1220.0;1254.5;1825.0;1306.4;213.9
20;90;7;1173.0;1185.5;1201.0;1227.5;1824.0;1289.1;219.5
20;91;7;1186.0;1217.5;1219.0;1358.0;1830.0;1340.9;222.9
20;92;7;1174.0;1180.5;1189.0;1204.5;1757.0;1270.0;199.2
20;93;7;1181.0;1185.5;1190.0;1208.5;1828.0;1283.9;222.4
20;94;7;1178.0;1186.0;1193.0;1286.0;1655.0;1281.4;161.9
20;95;7;1180.0;1190.5;1213.0;1303.0;1997.0;1339.6;273.3
20;96;7;1169.0;1180.0;1196.0;1199.0;1541.0;1237.7;124.3
20;97;7;1186.0;1188.5;1209.0;1239.0;2400.0;1378.6;417.6
20;98;7;1181.0;1195.0;1205.0;1221.0;2035.0;1321.9;291.5
20;99;7;1184.0;1190.5;1218.0;1221.0;2199.0;1346.3;348.4
21;0;7;1914.0;2131.5;2331.0;2349.5;2367.0;2224.9;188.4
21;1;7;1697.0;1990.5;2311.0;2366.5;2382.0;2157.7;281.0
21;2;7;1765.0;2004.5;2274.0;2376.5;2425.0;2175.1;264.8
21;3;7;1797.0;2093.5;2372.0;2380.5;2399.0;2216.6;237.2
21;4;7;1647.0;2054.5;2376.0;2393.0;2407.0;2189.3;291.1
21;5;7;1806.0;2143.5;2369.0;2393.5;2421.0;2238.6;235.9
21;6;7;1773.0;2036.5;2328.0;2338.0;2349.0;2171.3;226.6
21;7;7;1762.0;2055.5;2272.0;2304.0;2360.0;2159.0;220.3
21;8;7;1776.0;1997.0;2203.0;2268.5;2322.0;2118.9;210.4
21;9;7;1736.0;1989.5;2233.0;2282.5;2298.0;2115.9;237.4
21;10;7;1752.0;2061.5;2290.0;2309.5;2319.0;2157.6;227.0
21;11;7;1683.0;1951.0;2233.0;2279.5;2365.0;2106.0;271.3
21;12;7;1794.0;2000.0;2176.0;2245.0;2288.0;2106.9;191.3
21;13;7;1726.0;1940.0;2271.0;2294.5;2315.0;2111.6;242.9
21;14;7;1591.0;1766.5;2234.0;2243.0;2249.0;2013.3;270.3
21;15;7;1582.0;1795.0;2205.0;2223.5;2241.0;2009.3;256.5
21;16;7;1534.0;1788.0;2140.0;2163.5;2189.0;1966.6;244.2
21;17;7;1685.0;1786.5;2198.0;2252.5;2299.0;2037.1;251.0
21;18;7;1769.0;1791.5;2241.0;2264.0;2293.0;2059.1;238.8
21;19;7;1603.0;1764.0;2128.0;2165.0;2266.0;1979.3;242.0
21;20;7;1782.0;1878.0;2169.0;2196.0;2244.0;2049.0;180.5
21;21;7;1609.0;1742.0;2169.0;2200.0;2214.0;1982.3;251.7
21;22;7;1688.0;1745.5;2049.0;2174.0;2218.0;1970.6;218.4
21;23;7;1611.0;1713.5;2144.0;2168.0;2196.0;1959.1;246.7
21;24;7;1469.0;1564.0;2090.0;2193.5;2204.0;1896.9;321.6
21;25;7;1573.0;1604.0;2181.0;2218.0;2226.0;1946.3;305.9
21;26;7;1541.0;1685.5;2101.0;2151.5;2194.0;1930.0;260.4
21;27;7;1418.0;1479.0;2091.0;2145.0;2187.0;1849.1;341.5
21;28;7;1496.0;1545.0;2001.0;2039.0;2079.0;1820.6;254.3
21;29;7;1547.0;1566.5;2080.0;2128.0;2167.0;1883.3;281.0
21;30;7;1453.0;1526.0;1986.0;2035.5;2039.0;1800.1;261.8
21;31;7;1384.0;1528.5;1671.0;2007.5;2034.0;1737.3;254.3
21;32;7;1250.0;1325.0;1453.0;1871.0;1920.0;1573.6;280.1
21;33;7;1391.0;1454.5;1499.0;1926.5;1967.0;1659.9;245.4
21;34;7;1297.0;1405.5;1535.0;2009.5;2022.0;1669.1;309.0
21;35;7;1288.0;1419.0;1913.0;1944.5;1973.0;1700.1;285.3
21;36;7;1329.0;1608.0;1961.0;2026.0;2051.0;1801.3;269.6
21;37;7;1303.0;1315.5;1909.0;1931.5;1955.0;1665.9;307.4
21;38;7;1296.0;1430.5;1816.0;1957.0;1981.0;1695.4;276.1
21;39;7;1293.0;1346.0;1455.0;1892.0;1908.0;1590.3;270.6
21;40;7;1249.0;1539.5;1628.0;1950.5;1956.0;1687.6;257.4
21;41;7;1255.0;1320.0;1471.0;1801.5;1860.0;1547.0;245.7
21;42;7;1282.0;1348.5;1504.0;1847.5;1916.0;1584.9;256.7
21;43;7;1253.0;1338.0;1476.0;1836.5;1900.0;1568.3;261.4
21;44;7;1209.0;1272.5;1287.0;1787.0;1841.0;1493.7;271.6
21;45;7;1181.0;1201.5;1305.0;1659.5;1684.0;1413.1;223.6
21;46;7;1182.0;1227.0;1302.0;1651.5;1702.0;1420.4;218.2
21;47;7;1178.0;1199.5;1219.0;1669.0;1685.0;1402.7;235.6
21;48;7;1318.0;1354.0;1368.0;1629.0;1643.0;1470.7;142.0
21;49;7;1176.0;1188.0;1202.0;1533.0;1656.0;1353.7;196.5
21;50;7;1187.0;1207.5;1273.0;1536.5;1577.0;1360.7;166.2
21;51;7;1191.0;1201.0;1254.0;1520.5;1550.0;1348.3;159.1
21;52;7;1192.0;1196.0;1284.0;1546.0;1573.0;1361.9;170.2
21;53;7;1183.0;1184.5;1199.0;1362.0;1423.0;1271.1;98.4
21;54;7;1175.0;1199.5;1246.0;1531.5;1567.0;1350.0;169.0
21;55;7;1176.0;1188.0;1194.0;1361.5;1392.0;1265.9;93.1
21;56;7;1172.0;1187.0;1197.0;1535.0;1620.0;1347.6;189.2
21;57;7;1181.0;1189.0;1200.0;1482.0;1503.0;1318.0;148.4
21;58;7;1180.0;1190.5;1202.0;1417.5;1422.0;1288.6;113.2
21;59;7;1179.0;1185.5;1190.0;1389.0;1450.0;1281.1;113.9
21;60;7;1178.0;1184.5;1192.0;1478.0;1543.0;1319.7;157.5
21;61;7;1176.0;1185.0;1207.0;1479.0;1486.0;1313.9;145.3
21;62;7;1176.0;1181.0;1184.0;1298.5;1300.0;1231.3;58.7
21;63;7;1175.0;1178.5;1183.0;1325.0;1358.0;1246.1;78.5
21;64;7;1177.0;1180.5;1187.0;1362.5;1540.0;1284.3;161.1
21;65;7;1172.0;1175.5;1182.0;1276.5;1532.0;1255.7;130.9
21;66;7;1172.0;1175.0;1182.0;1349.5;1517.0;1274.3;153.5
21;67;7;1172.0;1182.0;1196.0;1411.0;1596.0;1307.1;183.1
21;68;7;1177.0;1193.0;1217.0;1728.0;1905.0;1448.7;312.1
21;69;7;1172.0;1183.0;1193.0;1395.0;1606.0;1303.9;188.4
21;70;7;1184.0;1186.5;1189.0;1237.5;1291.0;1216.0;45.6
21;71;7;1191.0;1225.0;1271.0;1529.0;1821.0;1398.7;254.8
21;72;7;1183.0;1187.5;1191.0;1262.0;1351.0;1232.0;66.8
21;73;7;1191.0;1191.0;1191.0;1237.5;1284.0;1217.6;42.0
21;74;7;1172.0;1182.5;1191.0;1331.5;1496.0;1269.6;135.0
21;75;7;1179.0;1184.0;1188.0;1268.5;1362.0;1233.4;76.5
21;76;7;1181.0;1184.0;1205.0;1470.5;1788.0;1354.7;248.9
21;77;7;1187.0;1245.0;1262.0;1482.5;1690.0;1370.6;201.6
21;78;7;1183.0;1185.0;1185.0;1302.5;1455.0;1256.9;114.6
21;79;7;1186.0;1201.5;1208.0;1531.0;1844.0;1386.1;288.8
21;80;7;1186.0;1208.0;1264.0;1572.5;1845.0;1408.0;272.6
21;81;7;1193.0;1203.5;1210.0;1757.0;2259.0;1511.9;472.9
21;82;7;1194.0;1228.5;1254.0;1618.5;1907.0;1435.6;300.7
21;83;7;1175.0;1179.0;1197.0;1212.0;1725.0;1268.4;187.0
21;84;7;1185.0;1222.5;1239.0;1384.5;1974.0;1373.1;264.7
21;85;7;1178.0;1191.0;1220.0;1245.5;2031.0;1328.9;288.0
21;86;7;1176.0;1181.5;1185.0;1195.0;1309.0;1203.3;43.7
21;87;7;1172.0;1176.5;1178.0;1242.5;1307.0;1213.6;58.8
21;88;7;1175.0;1177.0;1184.0;1245.0;1305.0;1215.4;56.8
21;89;7;1181.0;1181.5;1183.0;1185.0;1304.0;1200.1;42.4
21;90;7;1175.0;1178.0;1182.0;1184.0;1310.0;1198.7;45.6
21;91;7;1174.0;1176.0;1178.0;1180.5;1300.0;1195.0;42.9
21;92;7;1174.0;1174.0;1174.0;1174.0;1281.0;1189.3;37.4
21;93;7;1174.0;1174.0;1174.0;1174.5;1281.0;1189.4;37.4
21;94;7;1181.0;1186.0;1245.0;1322.5;1709.0;1307.4;175.6
21;95;7;1177.0;1196.0;1206.0;1210.5;1631.0;1261.0;151.6
21;96;7;1172.0;1200.5;1220.0;1222.0;1677.0;1273.4;165.9
21;97;7;1190.0;1193.5;1198.0;1207.5;1446.0;1233.7;87.0
21;98;7;1190.0;1190.0;1190.0;1190.0;1446.0;1226.6;89.6
21;99;7;1178.0;1178.5;1181.0;1196.0;1438.0;1220.9;89.3
22;0;7;1847.0;2074.0;2281.0;2298.0;2353.0;2175.0;200.4
22;1;7;1850.0;2053.0;2332.0;2364.0;2381.0;2199.6;223.6
22;2;7;1797.0;2064.0;2321.0;2342.0;2394.0;2189.1;239.8
22;3;7;1884.0;2077.5;2316.0;2327.5;2388.0;2199.7;200.9
22;4;7;1729.0;2055.0;2260.0;2293.5;2372.0;2151.1;219.9
22;5;7;1790.0;2037.0;2260.0;2298.5;2338.0;2151.3;210.6
22;6;7;1729.0;2016.0;2375.0;2384.0;2396.0;2185.7;259.1
22;7;7;1842.0;2111.0;2242.0;2314.5;2332.0;2181.0;177.1
22;8;7;1795.0;2060.5;2256.0;2294.0;2327.0;2155.3;196.5
22;9;7;1822.0;2075.0;2272.0;2325.0;2336.0;2175.7;204.7
22;10;7;1745.0;2002.0;2209.0;2313.5;2319.0;2129.1;228.8
22;11;7;1742.0;2035.0;2233.0;2262.5;2270.0;2120.0;204.2
22;12;7;1696.0;2021.0;2225.0;2273.0;2315.0;2117.7;232.3
22;13;7;1699.0;1923.0;2164.0;2214.0;2265.0;2057.4;228.8
22;14;7;1798.0;1862.0;2323.0;2356.5;2389.0;2135.3;257.5
22;15;7;1729.0;1780.5;2186.0;2200.0;2239.0;2016.4;220.5
22;16;7;1770.0;1796.5;2212.0;2237.5;2249.0;2042.7;221.4
22;17;7;1753.0;1830.5;2173.0;2181.0;2186.0;2019.3;187.4
22;18;7;1663.0;1757.0;2234.0;2249.5;2309.0;2031.3;268.3
22;19;7;1792.0;1841.0;2142.0;2232.0;2268.0;2049.7;200.0
22;20;7;1631.0;1721.5;2154.0;2198.5;2220.0;1977.9;251.0
22;21;7;1636.0;1758.0;2095.0;2135.5;2167.0;1955.0;211.2
22;22;7;1518.0;1668.0;2127.0;2146.5;2174.0;1921.1;267.2
22;23;7;1548.0;1577.0;2072.0;2126.5;2186.0;1887.6;279.4
22;24;7;1550.0;1597.0;1978.0;2101.0;2136.0;1865.7;251.9
22;25;7;1585.0;1643.5;2135.0;2139.5;2162.0;1921.1;258.2
22;26;7;1495.0;1758.5;2108.0;2118.5;2122.0;1925.6;236.7
22;27;7;1476.0;1670.5;2133.0;2180.5;2210.0;1931.6;290.0
22;28;7;1342.0;1476.0;2010.0;2109.0;2122.0;1806.3;329.5
22;29;7;1395.0;1521.0;2026.0;2093.5;2114.0;1823.4;307.2
22;30;7;1311.0;1450.5;1937.0;1974.0;2003.0;1728.6;290.3
22;31;7;1367.0;1504.0;1630.0;2038.5;2107.0;1741.3;287.0
22;32;7;1261.0;1352.0;1455.0;1944.0;1976.0;1612.0;301.6
22;33;7;1243.0;1329.0;1555.0;1966.0;2023.0;1630.1;322.0
22;34;7;1197.0;1251.5;1402.0;1955.0;1961.0;1567.6;343.4
22;35;7;1231.0;1334.0;1928.0;1993.0;2030.0;1691.9;343.4
22;36;7;1340.0;1424.5;1913.0;1953.5;1971.0;1711.4;276.7
22;37;7;1235.0;1286.0;1905.0;1962.5;2017.0;1664.9;345.3
22;38;7;1287.0;1367.5;1897.0;1951.0;1968.0;1684.1;299.6
22;39;7;1209.0;1249.5;1293.0;1857.0;1870.0;1512.1;303.4
22;40;7;1240.0;1284.5;1400.0;1910.5;1939.0;1567.0;310.0
22;41;7;1178.0;1288.0;1389.0;1790.0;1836.0;1508.4;265.5
22;42;7;1212.0;1282.0;1353.0;1939.5;1965.0;1567.6;331.8
22;43;7;1206.0;1216.5;1231.0;1722.5;1831.0;1449.4;272.4
22;44;7;1169.0;1231.0;1267.0;1518.5;1660.0;1370.7;176.7
22;45;7;1182.0;1202.5;1212.0;1375.5;1441.0;1284.4;100.3
22;46;7;1178.0;1195.0;1206.0;1409.0;1534.0;1303.7;133.9
22;47;7;1174.0;1182.5;1187.0;1284.0;1287.0;1225.9;51.4
22;48;7;1175.0;1178.5;1182.0;1345.0;1356.0;1251.4;84.3
22;49;7;1177.0;1182.5;1218.0;1461.5;1484.0;1309.6;139.2
22;50;7;1176.0;1178.0;1186.0;1415.0;1422.0;1281.4;117.8
22;51;7;1168.0;1180.0;1195.0;1355.5;1431.0;1266.4;102.4
22;52;7;1166.0;1180.5;1190.0;1471.0;1488.0;1306.7;147.4
22;53;7;1169.0;1180.5;1184.0;1278.0;1304.0;1224.9;54.3
22;54;7;1175.0;1178.0;1179.0;1232.5;1234.0;1201.3;27.5
22;55;7;1173.0;1173.0;1174.0;1220.0;1227.0;1194.3;24.4
22;56;7;1173.0;1173.0;1176.0;1219.0;1219.0;1193.1;22.4
22;57;7;1172.0;1174.0;1182.0;1261.5;1262.0;1212.4;42.7
22;58;7;1173.0;1173.5;1184.0;1229.5;1241.0;1200.6;29.3
22;59;7;1173.0;1173.0;1175.0;1262.5;1276.0;1213.6;46.5
22;60;7;1175.0;1177.5;1183.0;1329.5;1340.0;1244.6;76.7
22;61;7;1179.0;1184.5;1188.0;1260.0;1262.0;1216.9;38.0
22;62;7;1170.0;1177.0;1184.0;1260.0;1260.0;1212.6;41.3
22;63;7;1173.0;1183.0;1188.0;1382.5;1404.0;1270.9;103.2
22;64;7;1176.0;1180.0;1185.0;1283.5;1380.0;1238.3;87.0
22;65;7;1173.0;1181.0;1183.0;1281.5;1372.0;1236.1;84.9
22;66;7;1179.0;1182.0;1205.0;1322.0;1395.0;1255.3;90.9
22;67;7;1179.0;1181.5;1207.0;1313.5;1406.0;1254.6;96.0
22;68;7;1176.0;1186.0;1218.0;1356.5;1464.0;1277.6;119.2
22;69;7;1177.0;1191.0;1250.0;1371.5;1469.0;1288.7;117.8
22;70;7;1188.0;1201.5;1205.0;1338.5;1452.0;1275.0;111.6
22;71;7;1175.0;1190.5;1212.0;1330.5;1461.0;1270.0;115.2
22;72;7;1179.0;1184.5;1191.0;1270.0;1354.0;1233.3;73.1
22;73;7;1177.0;1180.0;1180.0;1277.0;1374.0;1235.0;84.6
22;74;7;1175.0;1179.5;1190.0;1283.0;1371.0;1237.3;84.8
22;75;7;1167.0;1185.0;1219.0;1307.5;1380.0;1250.1;84.5
22;76;7;1183.0;1190.5;1202.0;1298.0;1382.0;1249.1;82.1
22;77;7;1181.0;1192.0;1222.0;1304.0;1380.0;1253.6;81.0
22;78;7;1180.0;1185.5;1189.0;1293.5;1377.0;1243.4;82.8
22;79;7;1172.0;1183.5;1192.0;1274.5;1352.0;1233.1;73.0
22;80;7;1172.0;1183.5;1186.0;1189.5;1365.0;1209.9;63.6
22;81;7;1182.0;1191.5;1198.0;1203.5;1347.0;1216.7;53.7
22;82;7;1180.0;1185.5;1188.0;1190.0;1339.0;1208.3;53.5
22;83;7;1177.0;1183.5;1189.0;1267.5;1337.0;1229.3;68.4
22;84;7;1191.0;1199.0;1213.0;1446.0;1669.0;1337.6;209.3
22;85;7;1177.0;1182.0;1247.0;1490.5;1667.0;1348.0;206.8
22;86;7;1179.0;1215.0;1247.0;1457.0;1667.0;1348.1;203.5
22;87;7;1179.0;1192.0;1268.0;1483.5;1649.0;1349.6;192.2
22;88;7;1188.0;1197.5;1247.0;1479.5;1667.0;1350.9;202.8
22;89;7;1247.0;1247.0;1247.0;1258.0;1667.0;1310.1;145.9
22;90;7;1272.0;1275.5;1287.0;1316.0;1675.0;1345.3;136.1
22;91;7;1178.0;1186.0;1193.0;1206.5;1642.0;1256.9;157.6
22;92;7;1180.0;1203.5;1210.0;1226.0;1642.0;1270.1;152.8
22;93;7;1194.0;1202.0;1207.0;1245.0;1642.0;1276.7;151.6
22;94;7;1174.0;1180.5;1192.0;1200.5;1552.0;1240.0;127.8
22;95;7;1177.0;1179.5;1203.0;1207.5;1648.0;1257.4;160.0
22;96;7;1173.0;1182.0;1187.0;1234.0;1581.0;1253.3;135.8
22;97;7;1181.0;1200.0;1225.0;1265.5;1656.0;1284.7;154.6
22;98;7;1620.0;1701.0;1741.0;1813.0;2299.0;1812.6;210.3
22;99;7;1599.0;1722.0;1770.0;1808.0;2170.0;1799.9;166.4
23;0;7;1708.0;2067.5;2277.0;2297.0;2340.0;2150.6;231.1
23;1;7;1922.0;2139.5;2352.0;2375.5;2400.0;2243.4;179.1
23;2;7;1903.0;2219.5;2362.0;2395.0;2421.0;2273.6;185.7
23;3;7;1764.0;2072.0;2314.0;2325.0;2347.0;2174.1;234.9
23;4;7;1669.0;2071.5;2306.0;2343.0;2376.0;2168.6;266.1
23;5;7;1825.0;2101.5;2353.0;2375.0;2403.0;2219.1;231.9
23;6;7;1851.0;2103.0;2346.0;2359.5;2371.0;2213.3;218.5
23;7;7;1870.0;2131.0;2328.0;2345.5;2372.0;2217.6;199.3
23;8;7;1736.0;2109.0;2289.0;2298.0;2308.0;2163.9;207.7
23;9;7;1748.0;2150.5;2339.0;2369.0;2391.0;2216.7;233.1
23;10;7;1793.0;2073.0;2288.0;2312.5;2323.0;2167.9;214.5
23;11;7;1652.0;2040.0;2180.0;2244.0;2277.0;2096.7;215.5
23;12;7;1824.0;2023.5;2324.0;2358.5;2382.0;2184.9;226.7
23;13;7;1827.0;2036.5;2146.0;2266.0;2334.0;2130.3;173.6
23;14;7;1655.0;1832.5;2201.0;2211.0;2234.0;2025.3;226.1
23;15;7;1717.0;1829.0;2251.0;2283.5;2307.0;2071.4;248.3
23;16;7;1773.0;1830.5;2156.0;2186.5;2272.0;2033.6;197.3
23;17;7;1663.0;1956.5;2252.0;2311.5;2353.0;2114.9;242.0
23;18;7;1765.0;1810.5;2155.0;2269.0;2305.0;2054.9;229.2
23;19;7;1576.0;1817.5;2184.0;2197.0;2228.0;2002.4;243.0
23;20;7;1656.0;1778.5;2303.0;2330.5;2366.0;2077.6;298.1
23;21;7;1624.0;1789.5;2228.0;2231.0;2265.0;2022.6;255.6
23;22;7;1636.0;1697.5;2137.0;2155.0;2176.0;1950.6;237.9
23;23;7;1705.0;1742.0;2179.0;2206.5;2220.0;2000.1;235.2
23;24;7;1631.0;1677.0;2099.0;2195.0;2273.0;1963.9;266.9
23;25;7;1567.0;1716.0;2166.0;2217.5;2220.0;1974.3;272.1
23;26;7;1551.0;1636.5;2226.0;2243.0;2272.0;1972.6;317.5
23;27;7;1580.0;1657.0;2171.0;2195.5;2229.0;1955.0;282.7
23;28;7;1608.0;1689.5;2088.0;2141.0;2163.0;1931.4;238.5
23;29;7;1618.0;1697.0;2127.0;2159.5;2207.0;1952.1;248.7
23;30;7;1558.0;1601.5;2069.0;2100.0;2117.0;1878.1;253.2
23;31;7;1576.0;1604.5;1640.0;2079.5;2097.0;1811.6;237.9
23;32;7;1489.0;1566.0;1626.0;2027.0;2064.0;1766.4;240.3
23;33;7;1232.0;1471.0;1651.0;2075.5;2094.0;1724.3;342.7
23;34;7;1551.0;1576.0;2042.0;2052.0;2091.0;1848.6;243.9
23;35;7;1437.0;1515.5;1977.0;2010.0;2016.0;1783.0;255.8
23;36;7;1456.0;1535.0;2002.0;2062.5;2092.0;1820.7;273.3
23;37;7;1556.0;1691.5;2031.0;2048.0;2057.0;1874.7;203.3
23;38;7;1251.0;1362.5;1876.0;1907.0;1966.0;1661.7;295.2
23;39;7;1295.0;1362.0;1493.0;1897.5;1948.0;1607.9;272.3
23;40;7;1225.0;1249.5;1318.0;1636.5;1691.0;1429.4;197.7
23;41;7;1225.0;1249.5;1265.0;1466.5;1481.0;1343.3;111.7
23;42;7;1197.0;1242.5;1282.0;1459.5;1462.0;1335.0;111.2
23;43;7;1223.0;1231.0;1244.0;1424.5;1433.0;1315.9;96.7
23;44;7;1188.0;1207.5;1218.0;1400.0;1405.0;1289.4;97.6
23;45;7;1211.0;1219.0;1242.0;1405.5;1418.0;1302.9;93.1
23;46;7;1209.0;1234.0;1249.0;1406.5;1407.0;1306.6;87.4
23;47;7;1179.0;1189.5;1214.0;1386.0;1390.0;1276.3;96.7
23;48;7;1219.0;1223.5;1239.0;1449.0;1457.0;1322.9;111.8
23;49;7;1186.0;1196.5;1244.0;1408.5;1437.0;1296.7;106.9
23;50;7;1181.0;1184.0;1196.0;1316.0;1319.0;1242.3;64.9
23;51;7;1193.0;1252.5;1343.0;1587.0;1632.0;1406.7;176.8
23;52;7;1179.0;1188.0;1195.0;1333.0;1372.0;1255.4;80.4
23;53;7;1170.0;1180.5;1185.0;1305.0;1311.0;1233.9;63.6
23;54;7;1189.0;1190.0;1200.0;1307.0;1311.0;1242.0;57.6
23;55;7;1178.0;1180.5;1184.0;1332.0;1337.0;1246.3;75.8
23;56;7;1181.0;1182.0;1192.0;1337.0;1340.0;1250.1;76.2
23;57;7;1184.0;1185.0;1185.0;1325.5;1326.0;1245.1;69.7
23;58;7;1184.0;1192.0;1192.0;1337.0;1337.0;1253.0;72.8
23;59;7;1178.0;1184.5;1200.0;1317.0;1336.0;1245.3;68.2
23;60;7;1188.0;1193.0;1193.0;1318.5;1358.0;1251.7;70.4
23;61;7;1189.0;1191.0;1193.0;1310.5;1333.0;1245.4;63.4
23;62;7;1185.0;1189.0;1191.0;1301.0;1301.0;1236.7;55.7
23;63;7;1193.0;1193.0;1193.0;1301.0;1301.0;1239.3;53.4
23;64;7;1186.0;1192.0;1193.0;1247.0;1301.0;1222.6;49.7
23;65;7;1179.0;1184.0;1187.0;1246.5;1301.0;1218.3;52.4
23;66;7;1183.0;1187.0;1189.0;1246.0;1301.0;1219.9;50.8
23;67;7;1172.0;1185.5;1186.0;1242.0;1301.0;1216.3;52.2
23;68;7;1181.0;1181.0;1189.0;1239.5;1288.0;1214.1;46.3
23;69;7;1181.0;1185.5;1192.0;1237.0;1284.0;1214.6;43.1
23;70;7;1173.0;1186.0;1191.0;1240.0;1288.0;1214.9;46.1
23;71;7;1172.0;1177.0;1191.0;1243.5;1288.0;1213.1;48.1
23;72;7;1181.0;1184.0;1188.0;1236.0;1281.0;1212.9;43.2
23;73;7;1181.0;1184.5;1189.0;1236.0;1281.0;1213.1;43.1
23;74;7;1174.0;1181.0;1181.0;1234.5;1281.0;1209.6;45.3
23;75;7;1178.0;1180.5;1184.0;1233.0;1278.0;1209.6;43.4
23;76;7;1176.0;1181.0;1183.0;1236.0;1284.0;1211.0;46.0
23;77;7;1172.0;1180.0;1184.0;1234.5;1285.0;1210.0;46.1
23;78;7;1172.0;1191.5;1192.0;1250.5;1283.0;1218.7;42.5
23;79;7;1174.0;1187.0;1192.0;1242.5;1297.0;1217.4;49.5
23;80;7;1181.0;1181.0;1223.0;1353.5;1448.0;1274.4;112.3
23;81;7;1171.0;1185.0;1192.0;1192.0;1283.0;1200.0;34.6
23;82;7;1182.0;1182.0;1192.0;1192.0;1283.0;1200.7;33.9
23;83;7;1176.0;1177.0;1182.0;1203.5;1772.0;1270.1;205.2
23;84;7;1184.0;1184.0;1184.0;1384.5;1571.0;1296.6;155.2
23;85;7;1186.0;1294.5;1393.0;1654.0;1999.0;1496.4;299.5
23;86;7;1229.0;1284.0;1341.0;1751.0;2138.0;1539.7;377.7
23;87;7;1196.0;1239.0;1309.0;1761.0;2100.0;1515.0;375.8
23;88;7;1184.0;1198.5;1249.0;1644.5;2107.0;1460.9;384.6
23;89;7;1184.0;1184.5;1313.0;1329.0;1954.0;1354.0;253.4
23;90;7;1288.0;1325.0;1446.0;1512.0;2086.0;1499.1;254.9
23;91;7;1171.0;1171.0;1178.0;1199.0;1843.0;1276.0;231.8
23;92;7;1268.0;1391.0;1447.0;1540.5;2021.0;1514.1;227.0
23;93;7;1247.0;1272.0;1304.0;1316.0;1721.0;1349.7;153.6
23;94;7;1265.0;1322.0;1372.0;1476.0;1927.0;1451.4;211.8
23;95;7;1196.0;1362.0;1395.0;1450.0;1962.0;1453.9;222.5
23;96;7;1325.0;1395.0;1473.0;1504.5;1995.0;1513.1;207.0
23;97;7;1182.0;1378.0;1401.0;1483.0;1974.0;1468.4;226.7
23;98;7;1178.0;1181.5;1182.0;1206.0;1946.0;1297.3;265.1
23;99;7;1528.0;1596.5;1679.0;1698.5;2201.0;1714.0;210.1
24;0;7;1873.0;2175.5;2359.0;2367.0;2401.0;2245.4;196.9
24;1;7;1842.0;2115.0;2355.0;2390.5;2440.0;2235.4;223.6
24;2;7;1963.0;2107.5;2340.0;2352.5;2384.0;2229.6;171.0
24;3;7;1867.0;2056.0;2233.0;2239.5;2245.0;2133.7;160.2
24;4;7;1701.0;2161.0;2296.0;2335.0;2374.0;2194.7;226.6
24;5;7;1820.0;2104.0;2342.0;2354.5;2372.0;2207.3;228.3
24;6;7;1777.0;2001.5;2217.0;2306.0;2396.0;2143.6;228.4
24;7;7;1702.0;2023.0;2222.0;2286.5;2340.0;2126.1;230.5
24;8;7;1817.0;2044.5;2342.0;2351.5;2367.0;2188.3;234.7
24;9;7;1760.0;2007.5;2223.0;2295.0;2351.0;2134.1;229.3
24;10;7;1786.0;2062.5;2290.0;2331.0;2386.0;2178.4;235.2
24;11;7;1791.0;1994.5;2171.0;2330.0;2347.0;2136.9;220.7
24;12;7;1783.0;2001.0;2225.0;2244.5;2312.0;2115.9;205.4
24;13;7;1654.0;1993.0;2340.0;2385.0;2425.0;2167.9;322.3
24;14;7;1723.0;1803.5;2320.0;2392.0;2437.0;2124.4;304.2
24;15;7;1588.0;1826.0;2250.0;2280.0;2305.0;2050.7;274.4
24;16;7;1706.0;1781.0;2200.0;2220.0;2237.0;2020.7;231.1
24;17;7;1689.0;1772.0;2159.0;2177.5;2219.0;1995.1;221.0
24;18;7;1702.0;1756.5;2116.0;2147.5;2157.0;1969.0;201.5
24;19;7;1715.0;1792.0;2245.0;2287.5;2318.0;2062.4;258.7
24;20;7;1530.0;1745.5;2098.0;2117.5;2134.0;1926.9;230.8
24;21;7;1622.0;1710.0;2185.0;2197.5;2201.0;1974.7;256.4
24;22;7;1633.0;1651.5;2183.0;2278.0;2280.0;1993.6;303.4
24;23;7;1743.0;1748.5;2173.0;2207.5;2245.0;2010.4;229.4
24;24;7;1523.0;1709.0;2083.0;2174.0;2241.0;1944.7;271.5
24;25;7;1589.0;1687.5;2120.0;2173.5;2217.0;1949.7;259.9
24;26;7;1511.0;1657.0;2072.0;2095.0;2120.0;1886.7;246.1
24;27;7;1566.0;1687.0;2025.0;2034.5;2088.0;1874.6;202.0
24;28;7;1481.0;1646.0;2059.0;2082.0;2094.0;1870.0;248.5
24;29;7;1601.0;1680.5;1974.0;2082.0;2125.0;1889.3;211.7
24;30;7;1376.0;1456.5;1999.0;2027.0;2047.0;1769.9;296.2
24;31;7;1354.0;1518.5;1653.0;2032.5;2041.0;1735.7;274.0
24;32;7;1297.0;1401.0;1644.0;2096.5;2110.0;1720.9;343.8
24;33;7;1181.0;1187.0;1438.0;1954.0;2030.0;1561.6;372.5
24;34;7;1343.0;1399.5;1855.0;1884.5;1897.0;1666.1;248.3
24;35;7;1305.0;1435.0;1818.0;1847.5;1851.0;1648.4;226.6
24;36;7;1222.0;1345.0;1827.0;1830.0;1881.0;1611.4;273.6
24;37;7;1272.0;1280.5;1842.0;1883.5;1906.0;1621.1;298.1
24;38;7;1274.0;1376.0;1761.0;1850.5;1877.0;1623.6;251.0
24;39;7;1257.0;1277.0;1514.0;2029.0;2034.0;1631.0;355.3
24;40;7;1241.0;1278.0;1371.0;1928.0;1942.0;1566.6;319.7
24;41;7;1237.0;1282.5;1410.0;1900.0;1902.0;1559.1;300.3
24;42;7;1244.0;1322.5;1528.0;1917.0;1950.0;1600.1;297.5
24;43;7;1208.0;1246.5;1306.0;1904.0;1912.0;1532.4;325.2
24;44;7;1273.0;1282.0;1347.0;1900.0;1914.0;1556.9;302.1
24;45;7;1231.0;1247.5;1279.0;1810.5;1814.0;1491.4;277.7
24;46;7;1210.0;1227.0;1431.0;1810.5;1812.0;1504.0;274.6
24;47;7;1220.0;1236.5;1260.0;1810.0;1814.0;1483.9;283.8
24;48;7;1305.0;1313.5;1459.0;1720.5;1791.0;1517.6;203.2
24;49;7;1718.0;1780.5;1842.0;2224.0;2262.0;1975.9;230.4
24;50;7;1696.0;1748.5;1803.0;2250.0;2321.0;1973.9;262.1
24;51;7;1778.0;1796.0;1926.0;2274.5;2293.0;2019.7;230.7
24;52;7;1685.0;1761.5;1810.0;2231.5;2259.0;1962.9;243.2
24;53;7;1614.0;1635.0;1764.0;2192.5;2231.0;1894.9;273.0
24;54;7;1580.0;1618.5;1672.0;2246.0;2265.0;1892.3;313.5
24;55;7;1593.0;1644.0;1665.0;2312.0;2325.0;1927.9;337.1
24;56;7;1603.0;1713.0;1803.0;2185.0;2198.0;1914.3;244.8
24;57;7;1603.0;1638.5;1784.0;2158.0;2192.0;1881.7;255.1
24;58;7;1653.0;1752.5;1778.0;2209.5;2223.0;1939.7;240.4
24;59;7;1459.0;1704.0;1725.0;2024.5;2301.0;1848.9;286.9
24;60;7;1549.0;1558.5;1563.0;1890.5;2206.0;1745.1;290.0
24;61;7;1273.0;1457.5;1604.0;1861.0;2099.0;1659.0;296.5
24;62;7;1516.0;1578.0;1754.0;1975.0;2179.0;1793.6;258.9
24;63;7;1177.0;1491.0;1719.0;1926.0;2103.0;1690.4;313.4
24;64;7;1440.0;1543.0;1596.0;1869.0;2066.0;1703.7;237.5
24;65;7;1251.0;1372.0;1475.0;1828.5;2037.0;1594.9;297.7
24;66;7;1324.0;1501.5;1542.0;1902.5;2186.0;1694.3;322.1
24;67;7;1282.0;1542.5;1611.0;1873.0;2091.0;1687.9;276.5
24;68;7;1533.0;1582.0;1610.0;1879.5;2082.0;1735.4;216.8
24;69;7;1332.0;1391.5;1454.0;1736.5;2058.0;1585.7;275.4
24;70;7;1306.0;1436.5;1493.0;1722.0;1930.0;1578.0;224.0
24;71;7;1206.0;1364.5;1499.0;1773.5;1975.0;1565.1;279.5
24;72;7;1265.0;1362.5;1445.0;1792.5;1927.0;1563.9;256.4
24;73;7;1265.0;1430.0;1450.0;1722.0;1859.0;1554.0;206.6
24;74;7;1230.0;1379.5;1407.0;1789.0;1944.0;1559.7;266.5
24;75;7;1312.0;1363.0;1496.0;1732.5;1909.0;1558.3;234.9
24;76;7;1253.0;1300.5;1327.0;1623.5;1909.0;1476.7;271.6
24;77;7;1242.0;1244.0;1263.0;1566.0;1854.0;1425.6;263.9
24;78;7;1220.0;1266.5;1310.0;1618.0;1868.0;1452.4;266.3
24;79;7;1248.0;1309.5;1324.0;1630.0;1886.0;1476.7;259.4
24;80;7;1215.0;1235.5;1276.0;1547.5;1801.0;1408.3;241.3
24;81;7;1211.0;1377.5;1433.0;1657.0;1860.0;1510.4;230.3
24;82;7;1242.0;1278.5;1385.0;1731.5;1915.0;1508.9;272.8
24;83;7;1283.0;1309.0;1342.0;1591.5;1844.0;1467.1;237.9
24;84;7;1270.0;1289.0;1315.0;1583.5;1892.0;1460.3;257.3
24;85;7;1262.0;1304.5;1351.0;1643.0;1885.0;1484.7;256.9
24;86;7;1190.0;1232.5;1405.0;1452.5;2019.0;1426.3;263.6
24;87;7;1183.0;1192.0;1200.0;1248.0;1888.0;1307.3;239.3
24;88;7;1186.0;1249.0;1293.0;1378.5;1939.0;1381.9;241.4
24;89;7;1248.0;1305.0;1346.0;1520.0;2152.0;1485.1;291.0
24;90;7;1179.0;1196.5;1218.0;1339.5;1791.0;1322.9;204.1
24;91;7;1299.0;1351.5;1387.0;1407.0;1720.0;1417.6;128.6
24;92;7;1196.0;1231.5;1245.0;1390.0;1985.0;1381.3;257.3
24;93;7;1169.0;1192.0;1344.0;1428.0;2070.0;1403.3;292.3
24;94;7;1194.0;1238.0;1302.0;1397.0;1827.0;1370.4;203.1
24;95;7;1202.0;1204.5;1228.0;1253.0;1837.0;1311.7;215.5
24;96;7;1170.0;1183.0;1199.0;1213.0;1703.0;1266.3;179.1
24;97;7;1177.0;1181.5;1215.0;1226.0;1933.0;1305.7;256.9
24;98;7;1314.0;1340.0;1357.0;1382.0;1820.0;1419.3;165.2
24;99;7;1202.0;1216.5;1231.0;1298.0;2015.0;1353.9;273.7
25;0;7;1694.0;2079.5;2290.0;2320.0;2385.0;2166.9;237.4
25;1;7;1766.0;2023.5;2237.0;2318.0;2347.0;2147.6;222.1
25;2;7;1909.0;2126.5;2325.0;2414.5;2480.0;2256.6;217.7
25;3;7;1783.0;2036.0;2267.0;2293.5;2318.0;2146.7;216.8
25;4;7;1777.0;2071.0;2241.0;2302.5;2312.0;2153.9;202.3
25;5;7;1774.0;2050.0;2304.0;2339.5;2352.0;2172.7;245.6
25;6;7;1706.0;2007.5;2244.0;2258.5;2311.0;2113.3;235.8
25;7;7;1759.0;2026.5;2254.0;2288.0;2341.0;2140.4;229.6
25;8;7;1665.0;2012.0;2307.0;2322.0;2379.0;2145.6;287.6
25;9;7;1723.0;2072.0;2306.0;2346.0;2361.0;2175.1;236.7
25;10;7;1821.0;2054.0;2231.0;2310.0;2341.0;2160.1;200.0
25;11;7;1824.0;2036.0;2252.0;2262.5;2311.0;2140.6;183.9
25;12;7;1744.0;2022.5;2307.0;2351.5;2399.0;2171.1;259.1
25;13;7;1730.0;1997.5;2259.0;2271.0;2289.0;2116.4;233.3
25;14;7;1729.0;1994.0;2466.0;2482.0;2497.0;2234.9;305.8
25;15;7;1741.0;1759.5;2180.0;2212.5;2286.0;2021.6;234.4
25;16;7;1623.0;1691.0;2214.0;2234.5;2254.0;1991.7;281.3
25;17;7;1757.0;1862.5;2233.0;2259.0;2267.0;2071.4;215.3
25;18;7;1592.0;1789.5;2271.0;2311.0;2337.0;2057.3;296.2
25;19;7;1625.0;1698.0;2105.0;2225.5;2259.0;1976.6;268.0
25;20;7;1699.0;1769.0;2173.0;2208.0;2220.0;2006.6;227.5
25;21;7;1572.0;1621.5;2100.0;2142.5;2185.0;1912.1;268.6
25;22;7;1561.0;1703.0;2076.0;2145.5;2191.0;1932.1;246.8
25;23;7;1640.0;1659.5;2040.0;2139.5;2204.0;1926.0;241.0
25;24;7;1552.0;1612.0;2177.0;2178.5;2193.0;1929.0;293.3
25;25;7;1518.0;1630.0;2102.0;2137.5;2172.0;1903.9;272.4
25;26;7;1540.0;1654.0;2104.0;2113.5;2118.0;1899.6;249.2
25;27;7;1468.0;1611.0;2093.0;2100.0;2138.0;1874.4;279.5
25;28;7;1571.0;1601.0;2079.0;2089.5;2113.0;1877.7;249.0
25;29;7;1446.0;1712.0;2122.0;2143.0;2175.0;1921.9;271.7
25;30;7;1547.0;1627.5;2101.0;2125.0;2202.0;1907.9;269.3
25;31;7;1297.0;1576.5;1748.0;2059.5;2092.0;1772.7;287.2
25;32;7;1406.0;1470.0;1621.0;2028.5;2094.0;1731.1;283.9
25;33;7;1330.0;1415.0;1638.0;1957.0;1970.0;1668.9;271.1
25;34;7;1188.0;1283.0;1470.0;1911.0;1923.0;1567.0;313.6
25;35;7;1310.0;1397.0;1844.0;1885.5;1893.0;1658.9;253.9
25;36;7;1362.0;1408.5;1853.0;1916.0;2007.0;1695.9;266.2
25;37;7;1338.0;1383.5;1647.0;1731.5;1825.0;1577.1;193.6
25;38;7;1416.0;1432.5;1716.0;1728.0;1748.0;1600.1;150.4
25;39;7;1279.0;1329.0;1409.0;1646.5;1695.0;1476.3;166.8
25;40;7;1268.0;1316.5;1376.0;1615.0;1686.0;1456.1;164.2
25;41;7;1222.0;1427.5;1584.0;1884.5;1919.0;1621.3;259.0
25;42;7;1246.0;1332.0;1381.0;1638.0;1664.0;1461.6;164.9
25;43;7;1306.0;1335.0;1385.0;1607.5;1769.0;1477.9;168.3
25;44;7;1363.0;1383.0;1392.0;1783.0;1854.0;1563.0;212.4
25;45;7;1314.0;1356.5;1369.0;1801.5;1859.0;1551.1;235.8
25;46;7;1258.0;1356.0;1466.0;1702.0;1730.0;1510.0;186.3
25;47;7;1288.0;1343.0;1377.0;1705.0;1738.0;1499.9;189.1
25;48;7;1271.0;1303.5;1317.0;1710.5;1734.0;1478.6;208.2
25;49;7;1243.0;1340.5;1382.0;1684.5;1710.0;1483.6;186.2
25;50;7;1665.0;1779.0;1848.0;2237.5;2271.0;1973.9;244.0
25;51;7;1802.0;1854.5;1973.0;2279.5;2326.0;2052.7;216.7
25;52;7;1558.0;1787.0;1943.0;2311.0;2341.0;2005.4;296.8
25;53;7;1669.0;1715.0;1818.0;2141.0;2189.0;1912.6;217.7
25;54;7;1602.0;1701.5;1793.0;2152.5;2166.0;1895.6;236.6
25;55;7;1678.0;1721.0;1788.0;2153.5;2188.0;1914.7;219.5
25;56;7;1533.0;1701.0;1777.0;2211.5;2218.0;1907.6;273.9
25;57;7;1593.0;1681.0;1750.0;2121.0;2153.0;1871.4;232.0
25;58;7;1494.0;1620.5;1743.0;2047.5;2056.0;1804.1;225.1
25;59;7;1521.0;1697.5;1709.0;1961.5;2179.0;1818.1;227.9
25;60;7;1488.0;1524.5;1652.0;1891.5;2104.0;1725.1;244.3
25;61;7;1375.0;1629.5;1735.0;1915.5;2105.0;1757.9;243.2
25;62;7;1478.0;1661.0;1708.0;1938.0;2172.0;1793.7;247.5
25;63;7;1497.0;1527.5;1773.0;1932.5;2100.0;1755.7;237.0
25;64;7;1213.0;1492.0;1715.0;1919.0;2108.0;1694.0;323.1
25;65;7;1474.0;1608.5;1662.0;1869.0;2071.0;1737.4;212.8
25;66;7;1425.0;1551.5;1640.0;1857.0;2048.0;1704.3;232.7
25;67;7;1388.0;1558.5;1630.0;1816.5;2014.0;1683.1;217.4
25;68;7;1311.0;1386.5;1562.0;1870.0;2117.0;1643.3;315.8
25;69;7;1254.0;1343.5;1388.0;1689.5;1953.0;1523.0;274.7
25;70;7;1239.0;1383.5;1452.0;1744.0;2012.0;1565.4;289.1
25;71;7;1279.0;1397.5;1463.0;1812.0;2129.0;1612.9;332.9
25;72;7;1310.0;1434.0;1582.0;1831.0;2047.0;1638.4;269.6
25;73;7;1286.0;1394.5;1427.0;1698.0;1972.0;1552.9;255.9
25;74;7;1229.0;1449.0;1570.0;1806.0;2003.0;1616.0;269.9
25;75;7;1231.0;1353.5;1441.0;1746.5;1938.0;1544.3;255.8
25;76;7;1249.0;1387.0;1496.0;1755.5;1956.0;1569.4;255.7
25;77;7;1263.0;1312.0;1396.0;1667.0;1906.0;1503.3;255.9
25;78;7;1212.0;1266.5;1403.0;1675.5;1930.0;1489.9;281.9
25;79;7;1196.0;1231.5;1243.0;1566.5;1775.0;1401.4;236.3
25;80;7;1198.0;1224.5;1244.0;1504.0;1764.0;1380.4;238.9
25;81;7;1215.0;1238.5;1270.0;1530.0;1758.0;1397.1;227.8
25;82;7;1177.0;1193.5;1221.0;1580.5;1767.0;1387.6;249.2
25;83;7;1174.0;1196.5;1217.0;1500.0;1766.0;1364.3;247.0
25;84;7;1184.0;1187.5;1212.0;1475.5;1688.0;1344.3;218.0
25;85;7;1177.0;1183.0;1187.0;1422.0;1671.0;1320.7;199.1
25;86;7;1182.0;1190.0;1204.0;1405.0;1578.0;1307.7;171.3
25;87;7;1189.0;1212.0;1245.0;1434.0;1592.0;1331.1;167.1
25;88;7;1192.0;1245.0;1245.0;1422.5;1592.0;1337.7;161.9
25;89;7;1178.0;1179.5;1185.0;1204.0;1479.0;1229.9;102.3
25;90;7;1178.0;1204.0;1204.0;1204.0;1479.0;1239.6;98.2
25;91;7;1177.0;1198.5;1204.0;1205.5;1479.0;1238.3;98.7
25;92;7;1181.0;1195.5;1204.0;1205.5;1479.0;1238.0;98.8
25;93;7;1187.0;1204.0;1204.0;1224.5;1479.0;1246.7;95.8
25;94;7;1201.0;1204.0;1204.0;1204.0;1479.0;1242.9;96.4
25;95;7;1193.0;1204.0;1209.0;1238.0;1479.0;1252.1;94.0
25;96;7;1177.0;1220.0;1273.0;1316.5;1581.0;1300.6;125.2
25;97;7;1176.0;1198.0;1204.0;1298.0;1581.0;1279.0;132.2
25;98;7;1192.0;1224.0;1273.0;1298.0;1565.0;1296.3;116.7
25;99;7;1175.0;1198.0;1204.0;1218.5;1506.0;1245.4;107.6
26;0;7;2038.0;2198.0;2393.0;2412.5;2440.0;2298.9;159.9
26;1;7;1832.0;2098.0;2277.0;2332.5;2370.0;2191.4;193.1
26;2;7;1924.0;2134.5;2338.0;2397.5;2465.0;2255.9;208.7
26;3;7;1806.0;2046.5;2237.0;2271.0;2296.0;2139.1;193.3
26;4;7;1918.0;2139.5;2327.0;2378.5;2406.0;2241.0;194.8
26;5;7;1771.0;2072.5;2279.0;2324.0;2364.0;2172.4;217.5
26;6;7;1598.0;2018.0;2263.0;2294.0;2310.0;2113.6;269.0
26;7;7;1844.0;2070.5;2291.0;2326.0;2351.0;2182.7;208.4
26;8;7;1810.0;2041.5;2299.0;2363.5;2441.0;2194.3;234.3
26;9;7;1665.0;1928.0;2196.0;2253.5;2298.0;2074.6;249.5
26;10;7;1640.0;1926.0;2140.0;2181.0;2203.0;2028.1;222.9
26;11;7;1719.0;1952.0;2161.0;2205.5;2244.0;2062.7;207.3
26;12;7;1638.0;1969.0;2227.0;2288.5;2315.0;2099.3;267.3
26;13;7;1725.0;1957.5;2240.0;2269.0;2286.0;2100.6;235.8
26;14;7;1682.0;1791.5;2196.0;2232.5;2272.0;2028.3;245.2
26;15;7;1699.0;1728.5;2138.0;2154.5;2198.0;1971.6;220.2
26;16;7;1811.0;1869.5;2265.0;2269.0;2278.0;2090.1;209.2
26;17;7;1707.0;1795.0;2174.0;2212.0;2271.0;2023.7;227.3
26;18;7;1644.0;1741.5;2101.0;2213.5;2257.0;1987.4;246.9
26;19;7;1695.0;1715.0;2213.0;2215.5;2263.0;2004.6;257.2
26;20;7;1669.0;1712.0;2109.0;2130.5;2283.0;1963.7;236.9
26;21;7;1610.0;1736.0;2124.0;2155.5;2164.0;1954.4;235.6
26;22;7;1477.0;1641.5;2175.0;2216.5;2234.0;1943.1;313.4
26;23;7;1428.0;1673.5;2145.0;2165.0;2178.0;1918.3;293.5
26;24;7;1622.0;1716.5;2088.0;2116.5;2149.0;1932.1;217.8
26;25;7;1575.0;1641.0;2122.0;2146.0;2170.0;1920.1;263.7
26;26;7;1626.0;1645.0;2008.0;2045.0;2081.0;1870.7;202.4
26;27;7;1573.0;1689.5;2127.0;2140.0;2159.0;1931.1;246.1
26;28;7;1298.0;1610.0;2003.0;2034.0;2070.0;1808.4;283.6
26;29;7;1406.0;1570.0;2063.0;2097.5;2118.0;1846.0;291.9
26;30;7;1315.0;1415.0;1964.0;2005.0;2019.0;1734.0;307.2
26;31;7;1318.0;1342.0;1623.0;1934.0;1946.0;1634.1;280.0
26;32;7;1234.0;1427.5;1596.0;2063.0;2089.0;1700.0;336.3
26;33;7;1193.0;1433.5;1512.0;1812.5;1817.0;1573.4;229.2
26;34;7;1180.0;1242.5;1503.0;1944.0;1992.0;1578.3;345.1
26;35;7;1294.0;1340.0;1738.0;1870.5;1945.0;1628.3;269.7
26;36;7;1323.0;1401.5;1748.0;1849.0;1898.0;1638.6;236.6
26;37;7;1211.0;1338.0;1831.0;1859.5;1869.0;1615.1;281.1
26;38;7;1255.0;1329.5;1813.0;1842.0;1856.0;1609.6;265.6
26;39;7;1208.0;1346.0;1469.0;1816.0;1860.0;1551.6;252.4
26;40;7;1174.0;1262.0;1293.0;1577.5;1672.0;1402.6;184.3
26;41;7;1196.0;1254.0;1311.0;1620.0;1689.0;1420.6;196.8
26;42;7;1195.0;1218.0;1286.0;1619.5;1631.0;1398.1;197.1
26;43;7;1183.0;1215.5;1285.0;1552.5;1593.0;1371.0;172.4
26;44;7;1205.0;1239.5;1306.0;1617.0;1669.0;1413.3;194.2
26;45;7;1182.0;1188.5;1286.0;1504.5;1511.0;1337.9;149.8
26;46;7;1177.0;1178.0;1184.0;1438.5;1528.0;1303.1;145.9
26;47;7;1166.0;1175.0;1211.0;1499.0;1517.0;1320.3;160.8
26;48;7;1180.0;1197.0;1216.0;1522.5;1601.0;1348.0;175.8
26;49;7;1174.0;1183.0;1231.0;1394.0;1411.0;1281.4;103.9
26;50;7;1182.0;1186.5;1221.0;1384.0;1394.0;1276.9;96.5
26;51;7;1173.0;1176.5;1185.0;1389.0;1394.0;1269.0;105.4
26;52;7;1167.0;1173.5;1216.0;1384.5;1389.0;1269.7;101.8
26;53;7;1178.0;1182.0;1202.0;1379.0;1380.0;1268.9;95.9
26;54;7;1177.0;1181.5;1211.0;1380.0;1384.0;1270.7;96.4
26;55;7;1178.0;1179.0;1214.0;1372.5;1383.0;1268.3;94.1
26;56;7;1176.0;1178.0;1190.0;1374.5;1383.0;1264.9;97.6
26;57;7;1184.0;1211.0;1211.0;1365.0;1365.0;1273.1;80.0
26;58;7;1175.0;1176.0;1185.0;1547.0;1547.0;1336.1;182.6
26;59;7;1175.0;1194.5;1196.0;1548.0;1549.0;1343.6;177.5
26;60;7;1196.0;1196.0;1197.0;1539.5;1549.0;1344.7;171.5
26;61;7;1166.0;1178.5;1196.0;1549.0;1549.0;1338.0;182.9
26;62;7;1164.0;1166.0;1179.0;1549.0;1549.0;1331.7;188.2
26;63;7;1166.0;1169.5;1203.0;1549.0;1549.0;1336.4;184.5
26;64;7;1166.0;1166.0;1166.0;1357.5;1549.0;1275.4;173.0
26;65;7;1166.0;1166.0;1175.0;1376.0;1552.0;1282.4;170.9
26;66;7;1196.0;1241.5;1349.0;1651.0;1826.0;1450.9;249.9
26;67;7;1166.0;1166.0;1205.0;1377.5;1552.0;1287.1;167.4
26;68;7;1166.0;1189.0;1220.0;1386.5;1552.0;1298.4;161.4
26;69;7;1196.0;1196.0;1220.0;1479.0;1683.0;1349.9;203.1
26;70;7;1190.0;1196.0;1196.0;1374.0;1552.0;1296.9;161.4
26;71;7;1179.0;1194.5;1196.0;1415.5;1552.0;1306.7;158.0
26;72;7;1165.0;1192.5;1196.0;1412.5;1718.0;1327.0;211.0
26;73;7;1196.0;1196.0;1196.0;1378.0;1605.0;1306.4;175.0
26;74;7;1186.0;1186.0;1186.0;1368.5;1534.0;1287.9;155.8
26;75;7;1186.0;1186.0;1186.0;1388.5;1534.0;1293.6;153.3
26;76;7;1186.0;1186.0;1186.0;1360.0;1534.0;1285.4;157.2
26;77;7;1177.0;1177.0;1210.0;1568.5;1934.0;1401.7;330.8
26;78;7;1181.0;1181.0;1186.0;1480.5;1778.0;1352.6;268.1
26;79;7;1181.0;1183.5;1186.0;1474.0;1762.0;1349.1;261.1
26;80;7;1181.0;1186.0;1186.0;1487.0;1762.0;1353.6;258.5
26;81;7;1176.0;1177.0;1186.0;1479.0;1768.0;1348.9;263.3
26;82;7;1186.0;1189.5;1238.0;1421.5;1557.0;1314.7;156.8
26;83;7;1178.0;1189.5;1202.0;1401.0;1560.0;1303.0;163.1
26;84;7;1180.0;1192.0;1204.0;1511.5;1775.0;1366.6;259.1
26;85;7;1186.0;1200.5;1204.0;1389.0;1565.0;1304.9;164.7
26;86;7;1178.0;1181.5;1186.0;1375.5;1565.0;1291.9;172.8
26;87;7;1179.0;1185.0;1186.0;1380.0;1564.0;1294.1;170.1
26;88;7;1173.0;1188.5;1195.0;1384.5;1570.0;1297.7;170.9
26;89;7;1186.0;1198.5;1204.0;1204.0;1565.0;1251.4;128.2
26;90;7;1174.0;1181.5;1204.0;1209.0;1565.0;1246.3;130.8
26;91;7;1185.0;1186.0;1186.0;1186.0;1534.0;1235.6;121.8
26;92;7;1169.0;1185.5;1192.0;1264.0;1565.0;1260.7;129.7
26;93;7;1620.0;1694.5;1771.0;1816.0;2157.0;1795.6;162.6
26;94;7;1615.0;1631.5;1688.0;1744.0;2207.0;1751.6;193.9
26;95;7;1520.0;1656.5;1697.0;1739.5;2198.0;1743.9;197.8
26;96;7;1478.0;1520.5;1558.0;1756.0;2230.0;1688.4;245.6
26;97;7;1398.0;1577.0;1584.0;1650.5;2159.0;1656.6;221.2
26;98;7;1436.0;1469.0;1491.0;1675.5;2218.0;1633.4;256.4
26;99;7;1390.0;1466.5;1562.0;1721.5;2205.0;1647.6;258.8
27;0;7;1775.0;2045.0;2296.0;2372.5;2456.0;2194.6;261.2
27;1;7;1906.0;2185.5;2439.0;2446.0;2457.0;2295.0;234.4
27;2;7;1899.0;2119.0;2272.0;2411.5;2421.0;2236.1;200.5
27;3;7;1902.0;2087.5;2241.0;2259.0;2285.0;2160.1;153.4
27;4;7;1848.0;2090.0;2316.0;2395.0;2463.0;2228.1;236.9
27;5;7;1910.0;2099.5;2233.0;2253.0;2269.0;2159.6;141.2
27;6;7;1873.0;2131.0;2335.0;2371.0;2393.0;2229.3;197.4
27;7;7;1797.0;2030.0;2253.0;2279.0;2313.0;2140.1;206.9
27;8;7;1819.0;2044.5;2237.0;2323.5;2364.0;2165.1;211.4
27;9;7;1727.0;2031.0;2297.0;2314.5;2322.0;2148.1;246.1
27;10;7;1823.0;2064.0;2313.0;2381.5;2403.0;2204.3;225.5
27;11;7;1574.0;1918.0;2208.0;2276.5;2345.0;2073.7;293.6
27;12;7;1617.0;2013.0;2190.0;2228.5;2269.0;2079.9;232.6
27;13;7;1740.0;2087.5;2311.0;2327.0;2339.0;2174.1;227.0
27;14;7;1651.0;1767.0;2177.0;2223.0;2246.0;2007.7;247.9
27;15;7;1723.0;1768.5;2281.0;2312.0;2327.0;2070.3;275.4
27;16;7;1564.0;1756.0;2169.0;2204.5;2218.0;1981.7;259.2
27;17;7;1658.0;1758.0;2134.0;2149.0;2180.0;1969.4;216.0
27;18;7;1707.0;1788.0;2090.0;2137.0;2160.0;1972.4;190.9
27;19;7;1700.0;1795.5;2304.0;2333.0;2397.0;2094.0;289.1
27;20;7;1659.0;1769.5;2126.0;2195.0;2307.0;2003.0;245.6
27;21;7;1678.0;1785.5;2196.0;2227.5;2252.0;2021.7;240.4
27;22;7;1644.0;1743.5;2153.0;2259.5;2335.0;2019.7;275.9
27;23;7;1551.0;1780.0;2166.0;2276.0;2307.0;2019.4;286.2
27;24;7;1572.0;1638.0;2053.0;2126.5;2148.0;1900.3;250.6
27;25;7;1613.0;1705.5;2049.0;2090.5;2152.0;1915.1;212.3
27;26;7;1658.0;1690.0;2091.0;2127.0;2163.0;1935.1;223.2
27;27;7;1491.0;1613.0;2099.0;2111.0;2219.0;1893.9;285.9
27;28;7;1502.0;1538.0;2130.0;2145.5;2155.0;1879.1;306.3
27;29;7;1558.0;1625.5;2001.0;2014.5;2078.0;1845.3;213.0
27;30;7;1497.0;1555.0;2048.0;2079.0;2143.0;1850.9;276.3
27;31;7;1496.0;1593.5;1660.0;2053.0;2109.0;1794.0;245.1
27;32;7;1394.0;1417.0;1534.0;1967.0;2065.0;1680.1;281.4
27;33;7;1186.0;1394.5;1658.0;2018.5;2021.0;1670.1;334.5
27;34;7;1405.0;1482.0;1827.0;1934.5;1976.0;1720.1;236.9
27;35;7;1469.0;1508.5;1813.0;1836.0;1951.0;1703.1;185.5
27;36;7;1503.0;1583.0;1983.0;1986.0;2011.0;1805.0;218.5
27;37;7;1388.0;1465.0;1986.0;2027.0;2054.0;1773.1;292.3
27;38;7;1286.0;1546.5;1922.0;1934.0;1981.0;1735.7;253.9
27;39;7;1336.0;1412.5;1610.0;1888.0;1948.0;1642.1;244.2
27;40;7;1265.0;1317.5;1437.0;1919.5;2017.0;1599.0;311.5
27;41;7;1270.0;1313.0;1578.0;2001.5;2024.0;1643.0;330.3
27;42;7;1373.0;1552.0;1611.0;1945.5;1973.0;1707.4;225.6
27;43;7;1305.0;1388.0;1453.0;1827.0;1911.0;1585.6;239.5
27;44;7;1249.0;1320.0;1545.0;1865.5;1890.0;1579.3;270.1
27;45;7;1235.0;1346.5;1542.0;1782.0;1877.0;1558.7;242.2
27;46;7;1248.0;1357.5;1419.0;1872.5;1930.0;1579.6;276.4
27;47;7;1284.0;1337.5;1384.0;1866.0;1891.0;1566.6;268.8
27;48;7;1220.0;1380.0;1473.0;1993.0;2078.0;1645.3;335.4
27;49;7;1254.0;1392.5;1506.0;1958.0;2008.0;1638.4;300.2
27;50;7;1258.0;1324.0;1444.0;1915.0;1930.0;1587.1;292.8
27;51;7;1223.0;1257.5;1310.0;1878.0;1906.0;1530.0;311.0
27;52;7;1236.0;1324.0;1385.0;1909.0;1966.0;1579.0;306.3
27;53;7;1192.0;1221.0;1302.0;1897.5;1922.0;1521.9;334.0
27;54;7;1208.0;1262.5;1378.0;1986.0;2025.0;1586.9;361.3
27;55;7;1195.0;1238.0;1278.0;1792.0;1834.0;1481.0;283.4
27;56;7;1167.0;1209.0;1221.0;1743.5;1823.0;1445.1;283.6
27;57;7;1188.0;1236.5;1252.0;1675.0;1710.0;1424.7;227.9
27;58;7;1180.0;1203.5;1232.0;1820.5;1828.0;1469.7;306.3
27;59;7;1173.0;1233.5;1489.0;1946.5;1994.0;1573.7;350.2
27;60;7;1177.0;1251.5;1415.0;1819.5;1853.0;1512.4;284.2
27;61;7;1197.0;1220.5;1235.0;1928.0;1990.0;1531.3;362.6
27;62;7;1192.0;1204.0;1297.0;1928.0;1968.0;1531.6;356.5
27;63;7;1181.0;1190.5;1222.0;1842.5;1914.0;1483.3;332.7
27;64;7;1178.0;1179.5;1186.0;1267.5;1599.0;1265.3;146.1
27;65;7;1170.0;1182.0;1248.0;1557.5;1792.0;1384.1;250.7
27;66;7;1182.0;1222.0;1245.0;1478.5;1730.0;1365.4;225.0
27;67;7;1170.0;1222.0;1265.0;1582.5;1872.0;1416.6;289.0
27;68;7;1174.0;1243.5;1255.0;1423.0;1571.0;1333.3;151.5
27;69;7;1185.0;1188.5;1201.0;1530.5;1764.0;1369.7;243.3
27;70;7;1240.0;1284.5;1420.0;1638.5;1897.0;1486.1;255.3
27;71;7;1174.0;1273.5;1283.0;1441.5;1595.0;1354.6;154.3
27;72;7;1195.0;1224.0;1254.0;1409.5;1560.0;1325.1;148.8
27;73;7;1180.0;1192.5;1197.0;1573.0;2059.0;1423.9;363.0
27;74;7;1176.0;1179.5;1182.0;1569.5;1931.0;1398.1;337.2
27;75;7;1174.0;1174.5;1175.0;1337.0;1493.0;1266.4;143.3
27;76;7;1178.0;1190.5;1209.0;1342.0;1482.0;1276.3;128.5
27;77;7;1170.0;1182.0;1182.0;1407.5;1633.0;1309.1;204.9
27;78;7;1182.0;1182.0;1182.0;1435.5;1633.0;1318.9;199.6
27;79;7;1176.0;1182.0;1182.0;1407.5;1721.0;1322.6;225.4
27;80;7;1174.0;1464.0;1558.0;1794.5;1968.0;1602.4;265.2
27;81;7;1175.0;1183.5;1192.0;1463.0;1783.0;1349.0;258.8
27;82;7;1176.0;1185.0;1211.0;1408.5;1633.0;1315.3;190.3
27;83;7;1182.0;1187.0;1191.0;1192.5;1543.0;1239.3;124.1
27;84;7;1180.0;1182.0;1185.0;1210.0;1661.0;1258.6;164.7
27;85;7;1175.0;1178.5;1182.0;1185.5;1475.0;1222.9;103.0
27;86;7;1184.0;1189.0;1191.0;1224.0;1495.0;1242.3;104.4
27;87;7;1202.0;1213.0;1224.0;1359.5;1739.0;1330.0;193.1
27;88;7;1180.0;1189.0;1189.0;1253.5;1318.0;1224.6;59.2
27;89;7;1177.0;1183.0;1189.0;1189.0;1318.0;1204.0;46.8
27;90;7;1169.0;1180.0;1180.0;1189.0;1318.0;1200.7;48.3
27;91;7;1183.0;1189.0;1189.0;1189.0;1318.0;1206.6;45.5
27;92;7;1172.0;1175.0;1184.0;1184.5;1284.0;1194.1;37.0
27;93;7;1187.0;1189.0;1208.0;1210.0;1948.0;1305.9;262.3
27;94;7;1180.0;1184.5;1189.0;1354.0;1837.0;1326.1;224.6
27;95;7;1188.0;1191.0;1191.0;1191.0;1259.0;1200.3;24.0
27;96;7;1186.0;1191.0;1191.0;1191.0;1259.0;1200.0;24.1
27;97;7;1186.0;1191.0;1191.0;1191.0;1259.0;1200.0;24.1
27;98;7;1177.0;1247.0;1307.0;1307.0;1557.0;1307.0;115.8
27;99;7;1191.0;1286.5;1307.0;1307.0;1557.0;1320.3;104.5
28;0;7;1817.0;2109.0;2331.0;2350.0;2370.0;2205.1;224.3
28;1;7;1788.0;2090.0;2297.0;2371.0;2412.0;2202.7;236.4
28;2;7;1721.0;2151.0;2396.0;2423.5;2443.0;2244.1;270.2
28;3;7;1742.0;2150.5;2359.0;2419.5;2490.0;2247.3;264.2
28;4;7;1790.0;2104.5;2258.0;2305.5;2344.0;2173.1;196.3
28;5;7;1776.0;2132.5;2316.0;2329.0;2359.0;2196.3;215.4
28;6;7;1784.0;2117.0;2274.0;2300.0;2341.0;2176.1;199.1
28;7;7;1781.0;2067.5;2239.0;2322.0;2340.0;2162.7;210.5
28;8;7;1685.0;2029.5;2235.0;2246.5;2275.0;2106.7;214.3
28;9;7;1691.0;2028.0;2266.0;2280.0;2297.0;2124.3;243.3
28;10;7;1589.0;1940.0;2314.0;2368.5;2417.0;2133.9;312.1
28;11;7;1767.0;2000.5;2247.0;2315.0;2343.0;2141.1;236.1
28;12;7;1621.0;1915.5;2164.0;2204.0;2246.0;2038.6;242.2
28;13;7;1632.0;1965.0;2146.0;2181.0;2205.0;2039.3;206.9
28;14;7;1551.0;1728.5;2167.0;2177.0;2183.0;1958.9;256.8
28;15;7;1659.0;1702.5;2072.0;2141.0;2198.0;1945.1;226.5
28;16;7;1527.0;1739.5;2160.0;2191.0;2227.0;1967.9;268.6
28;17;7;1642.0;1739.5;2091.0;2101.0;2154.0;1938.3;208.1
28;18;7;1665.0;1733.5;2153.0;2189.5;2227.0;1984.4;239.5
28;19;7;1660.0;1738.0;2087.0;2118.5;2123.0;1940.4;199.8
28;20;7;1510.0;1698.0;2115.0;2147.5;2173.0;1927.0;260.3
28;21;7;1668.0;1724.5;2170.0;2219.5;2300.0;2003.7;262.3
28;22;7;1556.0;1657.5;2064.0;2089.5;2106.0;1888.6;232.0
28;23;7;1472.0;1698.0;2039.0;2078.5;2141.0;1886.4;240.6
28;24;7;1470.0;1628.0;2209.0;2238.0;2251.0;1951.7;330.4
28;25;7;1643.0;1707.5;2102.0;2116.0;2123.0;1930.7;215.7
28;26;7;1613.0;1659.5;2075.0;2116.5;2157.0;1913.9;236.3
28;27;7;1647.0;1669.0;2102.0;2139.0;2173.0;1934.0;236.9
28;28;7;1491.0;1621.5;2087.0;2116.0;2148.0;1885.9;270.4
28;29;7;1561.0;1615.5;2099.0;2114.5;2130.0;1892.9;257.5
28;30;7;1359.0;1455.5;1901.0;1930.5;1981.0;1716.1;260.3
28;31;7;1301.0;1521.5;1591.0;2010.5;2042.0;1714.0;280.3
28;32;7;1467.0;1484.0;1621.0;1961.5;1978.0;1708.1;229.2
28;33;7;1387.0;1395.0;1453.0;1955.0;2022.0;1651.7;284.0
28;34;7;1193.0;1399.5;1490.0;1964.5;1977.0;1626.9;307.7
28;35;7;1287.0;1326.0;1933.0;1968.0;1977.0;1683.6;321.8
28;36;7;1270.0;1280.0;1873.0;1899.5;1939.0;1634.4;310.4
28;37;7;1300.0;1451.5;1927.0;1936.0;1939.0;1705.9;269.8
28;38;7;1244.0;1321.0;1925.0;1935.0;1952.0;1661.9;318.5
28;39;7;1238.0;1288.5;1429.0;1817.5;1900.0;1539.9;271.5
28;40;7;1239.0;1312.5;1514.0;1803.0;1832.0;1545.1;245.4
28;41;7;1214.0;1264.0;1338.0;1855.5;1871.0;1523.1;294.5
28;42;7;1272.0;1372.5;1425.0;1823.0;1857.0;1563.6;239.3
28;43;7;1254.0;1295.5;1336.0;1833.0;1879.0;1532.3;275.1
28;44;7;1229.0;1243.5;1328.0;1760.0;1788.0;1478.9;253.7
28;45;7;1243.0;1314.0;1501.0;1878.0;1910.0;1576.9;280.4
28;46;7;1222.0;1344.5;1416.0;1817.5;1872.0;1547.7;255.8
28;47;7;1311.0;1384.0;1487.0;1892.0;1929.0;1611.3;260.8
28;48;7;1258.0;1278.0;1421.0;1808.0;1820.0;1524.4;254.1
28;49;7;1198.0;1255.5;1455.0;1832.5;1865.0;1527.7;283.5
28;50;7;1223.0;1251.5;1266.0;1879.0;1916.0;1523.7;318.8
28;51;7;1229.0;1242.0;1269.0;1754.5;1767.0;1465.4;254.2
28;52;7;1191.0;1202.5;1288.0;1819.0;1843.0;1480.7;301.5
28;53;7;1184.0;1226.0;1298.0;1722.0;1740.0;1445.4;246.8
28;54;7;1181.0;1298.5;1366.0;1757.0;1766.0;1489.1;240.3
28;55;7;1221.0;1263.0;1300.0;1704.5;1708.0;1452.0;221.4
28;56;7;1200.0;1255.0;1315.0;1586.5;1596.0;1399.1;170.2
28;57;7;1270.0;1296.5;1378.0;1623.0;1654.0;1448.7;163.1
28;58;7;1200.0;1243.0;1248.0;1722.5;1758.0;1448.1;248.7
28;59;7;1202.0;1287.0;1359.0;1649.5;1690.0;1446.3;192.8
28;60;7;1175.0;1226.0;1323.0;1635.0;1673.0;1413.3;208.6
28;61;7;1178.0;1191.5;1213.0;1556.5;1573.0;1351.4;182.8
28;62;7;1171.0;1216.0;1363.0;1627.5;1637.0;1408.3;200.3
28;63;7;1187.0;1197.0;1277.0;1622.5;1641.0;1392.0;207.0
28;64;7;1176.0;1177.5;1178.0;1348.5;1514.0;1274.3;148.9
28;65;7;1174.0;1183.5;1191.0;1554.0;1880.0;1388.6;302.5
28;66;7;1171.0;1183.5;1219.0;1465.0;1762.0;1349.9;241.6
28;67;7;1177.0;1188.5;1200.0;1443.5;1724.0;1337.9;231.4
28;68;7;1182.0;1191.5;1208.0;1369.0;1641.0;1307.4;176.3
28;69;7;1181.0;1189.5;1211.0;1342.0;1467.0;1274.6;122.3
28;70;7;1171.0;1183.5;1198.0;1330.5;1451.0;1264.0;117.1
28;71;7;1167.0;1180.5;1190.0;1389.5;1588.0;1297.9;181.8
28;72;7;1170.0;1176.0;1186.0;1445.0;1708.0;1329.4;233.4
28;73;7;1174.0;1192.0;1195.0;1327.5;1515.0;1274.7;135.6
28;74;7;1170.0;1178.5;1187.0;1387.5;1580.0;1295.6;180.0
28;75;7;1182.0;1183.0;1188.0;1340.5;1543.0;1280.0;151.1
28;76;7;1176.0;1179.0;1198.0;1416.0;1622.0;1312.3;195.9
28;77;7;1174.0;1180.5;1188.0;1384.0;1580.0;1295.9;178.9
28;78;7;1170.0;1175.5;1180.0;1364.5;1522.0;1278.9;153.9
28;79;7;1165.0;1172.0;1178.0;1352.5;1531.0;1274.7;159.1
28;80;7;1178.0;1184.0;1189.0;1353.5;1494.0;1276.6;137.6
28;81;7;1167.0;1174.5;1181.0;1333.5;1486.0;1264.3;140.0
28;82;7;1176.0;1187.5;1192.0;1493.5;1779.0;1358.4;257.3
28;83;7;1171.0;1173.0;1178.0;1457.5;1729.0;1334.1;226.2
28;84;7;1179.0;1193.0;1212.0;1457.0;1643.0;1333.4;191.9
28;85;7;1171.0;1176.0;1185.0;1415.5;1643.0;1311.7;202.4
28;86;7;1181.0;1236.0;1243.0;1516.0;1720.0;1378.3;219.0
28;87;7;1164.0;1174.5;1185.0;1405.0;1673.0;1311.6;213.0
28;88;7;1171.0;1191.0;1236.0;1505.5;1799.0;1371.3;264.1
28;89;7;1173.0;1179.0;1236.0;1309.5;1720.0;1300.9;184.0
28;90;7;1175.0;1175.0;1175.0;1227.0;1591.0;1249.3;143.9
28;91;7;1171.0;1181.5;1184.0;1213.0;1720.0;1266.3;186.3
28;92;7;1176.0;1178.0;1178.0;1178.0;1483.0;1221.3;106.8
28;93;7;1168.0;1171.0;1178.0;1179.0;1500.0;1220.9;114.0
28;94;7;1173.0;1187.0;1188.0;1188.0;1473.0;1226.3;100.8
28;95;7;1168.0;1174.5;1178.0;1188.0;1483.0;1222.0;106.8
28;96;7;1171.0;1172.0;1173.0;1183.0;1500.0;1222.0;113.6
28;97;7;1165.0;1165.0;1173.0;1243.5;1627.0;1254.6;156.8
28;98;7;1170.0;1173.0;1173.0;1180.5;1474.0;1217.7;104.8
28;99;7;1173.0;1173.0;1173.0;1180.5;1474.0;1218.1;104.6
29;0;7;1813.0;2075.0;2359.0;2385.0;2409.0;2214.4;244.5
29;1;7;1912.0;2153.0;2393.0;2407.5;2426.0;2264.6;216.6
29;2;7;1742.0;2048.0;2278.0;2348.5;2403.0;2173.7;247.3
29;3;7;1702.0;2010.5;2318.0;2393.5;2481.0;2187.0;310.7
29;4;7;1847.0;2083.5;2273.0;2299.5;2327.0;2173.3;190.8
29;5;7;1744.0;2052.5;2329.0;2360.0;2392.0;2184.3;265.0
29;6;7;1810.0;2093.0;2321.0;2387.0;2397.0;2212.6;234.7
29;7;7;1855.0;2074.5;2267.0;2284.0;2345.0;2169.1;189.6
29;8;7;1809.0;2057.5;2278.0;2289.5;2302.0;2154.7;207.7
29;9;7;1728.0;2098.0;2381.0;2418.5;2482.0;2232.0;293.3
29;10;7;1858.0;2128.0;2396.0;2402.5;2426.0;2248.7;243.6
29;11;7;1748.0;2031.0;2260.0;2278.5;2287.0;2130.6;216.0
29;12;7;1821.0;2025.5;2241.0;2289.5;2339.0;2147.3;205.7
29;13;7;1725.0;2008.0;2255.0;2302.0;2309.0;2129.9;240.1
29;14;7;1641.0;1855.0;2175.0;2228.0;2249.0;2033.0;226.8
29;15;7;1645.0;1846.5;2199.0;2201.0;2228.0;2023.9;221.0
29;16;7;1670.0;1857.0;2243.0;2272.5;2385.0;2079.6;257.7
29;17;7;1693.0;1741.5;2169.0;2189.5;2219.0;1991.9;231.7
29;18;7;1725.0;1829.0;2240.0;2257.5;2277.0;2059.3;232.2
29;19;7;1678.0;1770.0;2197.0;2242.5;2252.0;2021.7;247.0
29;20;7;1632.0;1796.5;2122.0;2168.0;2291.0;1996.3;239.1
29;21;7;1599.0;1815.5;2142.0;2220.0;2283.0;2013.6;246.5
29;22;7;1694.0;1776.5;2193.0;2239.5;2263.0;2026.0;242.5
29;23;7;1609.0;1711.0;2144.0;2160.0;2264.0;1965.6;255.0
29;24;7;1727.0;1786.0;2211.0;2235.5;2271.0;2036.0;235.1
29;25;7;1589.0;1805.0;2127.0;2142.5;2184.0;1970.7;218.3
29;26;7;1592.0;1644.0;2081.0;2133.5;2212.0;1920.0;257.0
29;27;7;1520.0;1659.0;2072.0;2120.0;2139.0;1898.4;253.7
29;28;7;1558.0;1659.0;2022.0;2067.0;2151.0;1883.3;228.5
29;29;7;1447.0;1654.0;2054.0;2094.0;2134.0;1875.9;262.8
29;30;7;1610.0;1744.0;2155.0;2180.0;2208.0;1974.4;244.2
29;31;7;1429.0;1540.5;1606.0;2080.5;2134.0;1773.0;287.9
29;32;7;1373.0;1452.0;1801.0;2155.5;2177.0;1795.1;343.1
29;33;7;1299.0;1553.5;1723.0;2158.5;2162.0;1801.1;338.5
29;34;7;1364.0;1502.0;1889.0;2051.0;2078.0;1776.7;287.8
29;35;7;1315.0;1532.0;1916.0;1922.5;1958.0;1728.3;242.6
29;36;7;1353.0;1487.0;1852.0;1869.0;1909.0;1689.4;220.0
29;37;7;1377.0;1436.5;1842.0;1947.0;2007.0;1713.3;261.9
29;38;7;1201.0;1430.0;1846.0;1900.0;1919.0;1660.9;284.7
29;39;7;1293.0;1342.0;1391.0;1711.5;1746.0;1505.3;192.1
29;40;7;1380.0;1395.0;1448.0;1835.0;1894.0;1597.4;224.9
29;41;7;1236.0;1316.5;1572.0;1897.0;1930.0;1595.0;288.2
29;42;7;1251.0;1426.0;1578.0;1913.0;1924.0;1633.0;262.6
29;43;7;1296.0;1311.0;1471.0;1802.0;1976.0;1567.0;265.5
29;44;7;1310.0;1406.5;1455.0;1789.0;1888.0;1577.7;217.6
29;45;7;1313.0;1366.0;1405.0;1771.5;1779.0;1538.9;205.9
29;46;7;1226.0;1337.0;1426.0;1689.5;1695.0;1485.7;191.1
29;47;7;1239.0;1256.0;1308.0;1705.5;1717.0;1455.3;220.9
29;48;7;1307.0;1315.5;1367.0;1739.0;1775.0;1508.3;211.3
29;49;7;1700.0;1775.0;1854.0;2274.5;2280.0;1990.4;251.1
29;50;7;1774.0;1826.0;1857.0;2255.5;2302.0;2013.7;225.0
29;51;7;1571.0;1785.0;1891.0;2386.5;2413.0;2031.1;327.6
29;52;7;1670.0;1789.5;1870.0;2215.0;2257.0;1972.3;229.5
29;53;7;1754.0;1807.5;1885.0;2381.0;2431.0;2063.9;292.3
29;54;7;1651.0;1751.5;1797.0;2216.5;2281.0;1952.1;252.2
29;55;7;1697.0;1739.5;1841.0;2198.0;2293.0;1958.0;240.5
29;56;7;1635.0;1702.5;1737.0;2172.0;2202.0;1903.3;243.6
29;57;7;1537.0;1716.5;1777.0;2195.5;2212.0;1907.1;263.5
29;58;7;1601.0;1618.5;1720.0;2203.0;2248.0;1887.4;289.2
29;59;7;1526.0;1597.5;1719.0;1953.0;2170.0;1788.0;250.0
29;60;7;1467.0;1613.0;1717.0;2024.0;2237.0;1813.6;285.2
29;61;7;1459.0;1522.5;1680.0;1976.0;2168.0;1757.7;278.5
29;62;7;1367.0;1496.0;1564.0;1932.0;2181.0;1709.7;306.7
29;63;7;1222.0;1469.0;1646.0;1913.5;2156.0;1684.1;332.4
29;64;7;1504.0;1665.0;1781.0;2024.0;2246.0;1844.1;269.0
29;65;7;1484.0;1525.0;1625.0;1921.0;2104.0;1729.3;248.4
29;66;7;1300.0;1402.5;1598.0;1835.5;2016.0;1627.1;275.3
29;67;7;1380.0;1442.5;1582.0;1775.0;1955.0;1621.7;222.6
29;68;7;1332.0;1395.5;1445.0;1803.0;1937.0;1587.3;237.3
29;69;7;1260.0;1330.5;1441.0;1718.5;1907.0;1529.4;249.7
29;70;7;1247.0;1292.0;1339.0;1634.5;1913.0;1478.9;263.6
29;71;7;1255.0;1393.5;1501.0;1740.5;1918.0;1563.1;238.9
29;72;7;1195.0;1329.0;1428.0;1689.5;1915.0;1510.7;263.1
29;73;7;1248.0;1307.5;1341.0;1690.5;1871.0;1493.7;249.5
29;74;7;1270.0;1304.0;1377.0;1627.0;1853.0;1480.3;237.2
29;75;7;1347.0;1349.5;1356.0;1576.0;1777.0;1475.9;181.8
29;76;7;1290.0;1327.5;1342.0;1619.5;1792.0;1474.0;204.2
29;77;7;1210.0;1265.5;1315.0;1568.0;1733.0;1417.9;206.5
29;78;7;1219.0;1236.0;1247.0;1461.5;1631.0;1356.0;173.3
29;79;7;1209.0;1251.0;1264.0;1475.0;1641.0;1366.6;175.2
29;80;7;1239.0;1256.0;1270.0;1454.0;1633.0;1366.0;168.9
29;81;7;1221.0;1250.5;1342.0;1534.5;1638.0;1395.9;166.2
29;82;7;1231.0;1247.0;1270.0;1472.5;1623.0;1366.1;164.6
29;83;7;1181.0;1210.5;1284.0;1688.5;2053.0;1473.7;369.1
29;84;7;1219.0;1250.5;1329.0;1679.0;1936.0;1477.6;295.6
29;85;7;1217.0;1275.0;1341.0;1657.0;1943.0;1480.7;293.7
29;86;7;1231.0;1265.5;1331.0;1776.0;2072.0;1531.0;345.2
29;87;7;1195.0;1273.0;1335.0;1755.0;1944.0;1504.3;298.3
29;88;7;1207.0;1235.0;1258.0;1593.0;1850.0;1424.4;270.4
29;89;7;1195.0;1226.0;1243.0;1324.5;1937.0;1353.7;242.7
29;90;7;1177.0;1187.5;1201.0;1225.0;1968.0;1310.1;269.3
29;91;7;1173.0;1183.5;1196.0;1229.0;1968.0;1308.9;269.9
29;92;7;1177.0;1222.0;1247.0;1332.5;2205.0;1391.1;337.1
29;93;7;1178.0;1194.5;1219.0;1233.5;1632.0;1269.3;149.5
29;94;7;1175.0;1180.0;1185.0;1194.5;1756.0;1266.4;200.0
29;95;7;1176.0;1178.0;1196.0;1215.5;1549.0;1244.0;125.9
29;96;7;1175.0;1185.0;1188.0;1197.0;1636.0;1251.9;157.0
29;97;7;1173.0;1180.0;1188.0;1189.0;1376.0;1210.7;67.8
29;98;7;1175.0;1187.5;1188.0;1196.0;1765.0;1270.7;201.9
29;99;7;1170.0;1174.0;1174.0;1178.0;1608.0;1236.6;151.7
30;0;7;1676.0;2054.5;2338.0;2367.5;2419.0;2182.4;267.3
30;1;7;1875.0;2053.0;2340.0;2349.0;2390.0;2201.3;207.8
30;2;7;1870.0;2086.5;2312.0;2421.5;2450.0;2235.4;228.4
30;3;7;1750.0;2112.0;2271.0;2283.0;2322.0;2161.9;203.9
30;4;7;1868.0;2088.0;2287.0;2300.0;2311.0;2177.4;172.5
30;5;7;1836.0;2103.0;2330.0;2349.5;2418.0;2212.7;221.6
30;6;7;1807.0;2044.5;2226.0;2242.0;2248.0;2122.0;177.1
30;7;7;1719.0;1969.0;2266.0;2270.5;2295.0;2108.4;243.5
30;8;7;1794.0;1978.0;2216.0;2264.5;2306.0;2114.4;204.4
30;9;7;1787.0;2080.0;2305.0;2334.0;2362.0;2183.1;230.6
30;10;7;1743.0;2006.5;2234.0;2255.0;2289.0;2112.7;217.7
30;11;7;1668.0;2028.0;2337.0;2345.0;2351.0;2157.4;266.7
30;12;7;1742.0;2025.5;2269.0;2329.0;2384.0;2157.7;252.0
30;13;7;1778.0;1978.0;2204.0;2237.0;2275.0;2098.1;203.9
30;14;7;1726.0;1875.5;2140.0;2169.0;2212.0;2023.9;181.5
30;15;7;1633.0;1789.5;2176.0;2274.0;2316.0;2036.0;266.3
30;16;7;1655.0;1761.0;2192.0;2200.0;2248.0;2002.4;243.2
30;17;7;1696.0;1748.5;2166.0;2231.5;2283.0;2015.0;249.9
30;18;7;1601.0;1687.0;2137.0;2203.0;2258.0;1968.0;274.8
30;19;7;1694.0;1759.0;2093.0;2127.5;2136.0;1956.6;191.5
30;20;7;1575.0;1713.5;2067.0;2100.5;2181.0;1921.6;229.1
30;21;7;1706.0;1794.0;2222.0;2302.5;2355.0;2068.0;268.2
30;22;7;1660.0;1777.0;2157.0;2200.5;2245.0;2002.4;237.2
30;23;7;1570.0;1674.0;2093.0;2138.5;2194.0;1926.0;252.9
30;24;7;1526.0;1595.0;1981.0;2070.0;2090.0;1846.7;242.7
30;25;7;1653.0;1732.5;2277.0;2288.5;2332.0;2043.4;293.9
30;26;7;1524.0;1681.5;2108.0;2164.5;2173.0;1928.1;265.4
30;27;7;1560.0;1706.0;2123.0;2125.5;2136.0;1926.0;240.8
30;28;7;1436.0;1512.5;2050.0;2067.5;2089.0;1819.3;291.4
30;29;7;1462.0;1527.5;2074.0;2084.5;2137.0;1842.4;293.0
30;30;7;1451.0;1690.5;1975.0;1980.5;1991.0;1822.7;198.2
30;31;7;1510.0;1544.5;1606.0;1877.0;1901.0;1694.3;167.9
30;32;7;1285.0;1411.5;1495.0;1767.0;1805.0;1563.1;198.8
30;33;7;1190.0;1197.0;1530.0;1784.5;1797.0;1497.1;275.3
30;34;7;1322.0;1398.0;1784.0;1787.0;1792.0;1609.7;206.8
30;35;7;1289.0;1385.5;1727.0;1760.5;1793.0;1585.9;204.8
30;36;7;1305.0;1394.0;1718.0;1738.5;1833.0;1588.7;201.0
30;37;7;1233.0;1289.5;1548.0;1572.5;1596.0;1443.0;151.3
30;38;7;1293.0;1317.5;1564.0;1628.0;1665.0;1487.6;157.7
30;39;7;1238.0;1266.0;1277.0;1548.5;1559.0;1386.1;144.1
30;40;7;1246.0;1290.5;1369.0;1643.5;1686.0;1452.7;181.5
30;41;7;1196.0;1271.0;1324.0;1617.5;1669.0;1423.7;187.9
30;42;7;1179.0;1215.0;1354.0;1689.5;1718.0;1437.1;233.2
30;43;7;1248.0;1259.5;1290.0;1489.5;1502.0;1362.6;114.5
30;44;7;1210.0;1243.0;1288.0;1513.0;1550.0;1365.7;140.9
30;45;7;1178.0;1250.5;1275.0;1431.0;1434.0;1321.4;100.2
30;46;7;1239.0;1245.0;1256.0;1448.5;1462.0;1334.9;102.5
30;47;7;1190.0;1224.0;1259.0;1426.0;1440.0;1312.7;104.6
30;48;7;1181.0;1214.5;1268.0;1422.0;1433.0;1307.9;104.9
30;49;7;1177.0;1205.0;1216.0;1440.0;1446.0;1304.1;119.9
30;50;7;1191.0;1232.5;1262.0;1435.5;1442.0;1318.7;104.8
30;51;7;1203.0;1223.0;1224.0;1426.0;1432.0;1308.1;104.1
30;52;7;1220.0;1241.0;1260.0;1481.0;1519.0;1349.0;127.4
30;53;7;1215.0;1234.0;1268.0;1459.0;1495.0;1337.7;117.7
30;54;7;1222.0;1233.0;1272.0;1516.0;1523.0;1359.3;138.6
30;55;7;1226.0;1254.5;1259.0;1488.0;1509.0;1354.1;122.8
30;56;7;1197.0;1246.0;1273.0;1494.5;1508.0;1351.3;129.7
30;57;7;1265.0;1304.5;1326.0;1551.5;1566.0;1409.9;128.3
30;58;7;1235.0;1255.5;1282.0;1521.5;1537.0;1372.6;134.4
30;59;7;1256.0;1278.0;1305.0;1536.5;1544.0;1390.6;129.3
30;60;7;1260.0;1283.0;1287.0;1444.5;1544.0;1363.7;116.0
30;61;7;1186.0;1248.5;1281.0;1395.0;1512.0;1323.7;120.4
30;62;7;1257.0;1262.5;1287.0;1410.5;1504.0;1342.0;103.4
30;63;7;1244.0;1266.0;1287.0;1405.5;1514.0;1341.1;109.8
30;64;7;1185.0;1267.0;1293.0;1406.0;1514.0;1334.0;118.5
30;65;7;1178.0;1188.5;1271.0;1404.0;1498.0;1304.6;129.5
30;66;7;1236.0;1278.0;1305.0;1409.5;1507.0;1346.1;103.6
30;67;7;1200.0;1287.5;1303.0;1406.5;1516.0;1343.9;111.3
30;68;7;1191.0;1240.0;1297.0;1416.5;1509.0;1330.0;120.2
30;69;7;1263.0;1299.5;1302.0;1418.0;1511.0;1358.7;97.5
30;70;7;1187.0;1210.5;1331.0;1629.5;1866.0;1437.7;264.2
30;71;7;1250.0;1279.5;1300.0;1403.5;1509.0;1346.4;103.5
30;72;7;1201.0;1296.5;1299.0;1410.0;1510.0;1346.1;108.8
30;73;7;1257.0;1262.5;1274.0;1400.5;1500.0;1336.7;103.9
30;74;7;1232.0;1246.0;1333.0;1596.5;1821.0;1438.7;246.2
30;75;7;1218.0;1316.0;1347.0;1579.5;1765.0;1445.9;201.6
30;76;7;1242.0;1268.5;1293.0;1457.0;1621.0;1372.4;156.7
30;77;7;1272.0;1281.5;1296.0;1452.5;1608.0;1377.7;145.9
30;78;7;1210.0;1267.0;1274.0;1453.0;1614.0;1362.6;159.0
30;79;7;1247.0;1262.0;1289.0;1469.5;1619.0;1374.0;154.7
30;80;7;1223.0;1252.0;1285.0;1538.0;1762.0;1407.1;224.9
30;81;7;1627.0;1660.5;1787.0;1982.0;2171.0;1838.6;218.3
30;82;7;1675.0;1693.5;1719.0;1952.5;2222.0;1844.0;226.9
30;83;7;1613.0;1650.0;1675.0;1873.0;2075.0;1772.7;189.2
30;84;7;1607.0;1649.5;1668.0;1874.0;2083.0;1772.1;193.2
30;85;7;1629.0;1670.5;1701.0;1899.0;2102.0;1795.9;191.8
30;86;7;1552.0;1695.5;1705.0;1925.5;2097.0;1799.4;194.6
30;87;7;1566.0;1631.5;1688.0;1890.0;2072.0;1767.0;196.7
30;88;7;1556.0;1650.5;1675.0;1724.5;2153.0;1733.4;180.4
30;89;7;1520.0;1616.5;1652.0;1664.5;2102.0;1690.9;174.4
30;90;7;1580.0;1624.5;1682.0;1698.5;2221.0;1732.7;204.4
30;91;7;1516.0;1592.0;1638.0;1687.5;2215.0;1704.0;216.9
30;92;7;1286.0;1386.0;1419.0;1503.5;1845.0;1475.6;166.5
30;93;7;1346.0;1433.0;1538.0;1628.0;2228.0;1604.9;274.6
30;94;7;1325.0;1388.0;1431.0;1545.0;2081.0;1529.0;243.3
30;95;7;1186.0;1379.5;1529.0;1552.5;1992.0;1510.1;237.0
30;96;7;1381.0;1390.0;1426.0;1479.5;2026.0;1510.3;215.6
30;97;7;1361.0;1406.0;1443.0;1459.5;1774.0;1472.7;127.3
30;98;7;1325.0;1357.0;1429.0;1463.0;1776.0;1452.9;143.1
30;99;7;1408.0;1439.0;1466.0;1526.0;1878.0;1526.0;150.8
31;0;7;1729.0;1996.5;2285.0;2291.5;2363.0;2136.1;232.7
31;1;7;1817.0;2060.5;2279.0;2316.0;2359.0;2172.6;204.8
31;2;7;1819.0;2019.0;2319.0;2329.5;2362.0;2171.0;226.2
31;3;7;1754.0;2138.0;2430.0;2474.5;2488.0;2271.0;279.3
31;4;7;1679.0;2024.0;2255.0;2269.5;2330.0;2121.6;239.1
31;5;7;1820.0;2055.5;2293.0;2302.5;2306.0;2162.1;210.4
31;6;7;1782.0;2064.0;2288.0;2313.0;2324.0;2164.0;223.0
31;7;7;1752.0;2076.5;2300.0;2335.0;2399.0;2182.0;239.1
31;8;7;1762.0;1975.0;2234.0;2313.0;2395.0;2138.1;236.7
31;9;7;1707.0;2103.0;2220.0;2294.0;2380.0;2157.3;218.7
31;10;7;1729.0;1992.5;2178.0;2212.0;2235.0;2078.7;188.5
31;11;7;1686.0;1911.5;2166.0;2171.5;2242.0;2037.1;214.3
31;12;7;1718.0;2017.5;2272.0;2340.0;2376.0;2154.4;250.3
31;13;7;1828.0;2037.5;2312.0;2327.5;2351.0;2174.4;215.9
31;14;7;1688.0;1873.5;2309.0;2393.0;2443.0;2139.0;292.9
31;15;7;1617.0;1807.0;2285.0;2314.5;2329.0;2067.7;287.1
31;16;7;1712.0;1759.5;2200.0;2236.0;2301.0;2029.1;249.3
31;17;7;1682.0;1777.0;2218.0;2246.0;2266.0;2030.3;250.2
31;18;7;1634.0;1787.5;2182.0;2291.0;2384.0;2051.0;288.3
31;19;7;1661.0;1742.5;2173.0;2198.5;2210.0;1989.4;241.1
31;20;7;1627.0;1753.0;2032.0;2168.5;2243.0;1963.6;232.1
31;21;7;1567.0;1739.0;2094.0;2138.0;2227.0;1948.9;241.3
31;22;7;1617.0;1742.0;2106.0;2226.0;2303.0;1994.6;265.9
31;23;7;1569.0;1743.5;2144.0;2181.5;2237.0;1971.4;258.8
31;24;7;1605.0;1651.0;2178.0;2211.0;2219.0;1960.9;283.1
31;25;7;1497.0;1592.5;2182.0;2186.0;2191.0;1918.1;311.7
31;26;7;1641.0;1682.0;2071.0;2118.5;2198.0;1930.1;230.1
31;27;7;1380.0;1581.0;2122.0;2136.0;2145.0;1868.7;315.9
31;28;7;1468.0;1755.0;2158.0;2187.0;2197.0;1958.1;276.7
31;29;7;1561.0;1626.0;2095.0;2122.0;2168.0;1902.9;261.3
31;30;7;1530.0;1647.5;2143.0;2162.0;2239.0;1933.0;291.4
31;31;7;1385.0;1573.5;1600.0;2052.0;2076.0;1758.9;269.0
31;32;7;1365.0;1533.5;1585.0;2168.0;2177.0;1790.0;335.9
31;33;7;1235.0;1407.5;1695.0;2107.0;2119.0;1725.4;361.5
31;34;7;1455.0;1627.0;2092.0;2110.0;2119.0;1877.1;273.0
31;35;7;1357.0;1599.0;2025.0;2065.5;2122.0;1833.3;286.8
31;36;7;1319.0;1667.0;1991.0;2019.5;2053.0;1819.4;259.4
31;37;7;1369.0;1443.5;2012.0;2018.0;2038.0;1763.1;301.6
31;38;7;1329.0;1504.5;1856.0;1933.0;2004.0;1723.4;253.6
31;39;7;1319.0;1358.0;1508.0;1942.0;1951.0;1625.4;282.1
31;40;7;1296.0;1389.5;1491.0;1907.5;1929.0;1615.7;264.3
31;41;7;1300.0;1397.0;1563.0;1937.5;1946.0;1639.7;270.9
31;42;7;1285.0;1356.5;1572.0;2006.0;2022.0;1657.7;317.6
31;43;7;1252.0;1310.0;1487.0;1895.0;1944.0;1584.7;291.5
31;44;7;1288.0;1346.5;1546.0;1872.5;1886.0;1594.0;257.8
31;45;7;1251.0;1300.5;1354.0;1786.0;1795.0;1510.4;242.9
31;46;7;1265.0;1324.5;1369.0;1792.0;1828.0;1527.9;241.0
31;47;7;1196.0;1264.0;1329.0;1838.5;1852.0;1511.7;289.6
31;48;7;1242.0;1311.5;1435.0;1864.0;1891.0;1559.9;276.6
31;49;7;1201.0;1256.0;1298.0;1902.5;1905.0;1531.6;323.1
31;50;7;1189.0;1205.5;1275.0;1843.5;1845.0;1486.7;310.4
31;51;7;1181.0;1215.5;1277.0;1715.0;1731.0;1435.7;248.1
31;52;7;1181.0;1274.0;1299.0;1683.0;1696.0;1441.4;215.7
31;53;7;1218.0;1228.5;1243.0;1694.0;1699.0;1429.3;230.8
31;54;7;1196.0;1232.0;1236.0;1766.0;1783.0;1458.7;271.4
31;55;7;1190.0;1205.0;1246.0;1681.5;1704.0;1416.1;237.0
31;56;7;1176.0;1248.0;1268.0;1683.0;1697.0;1429.0;225.7
31;57;7;1190.0;1196.0;1263.0;1754.0;1828.0;1454.4;284.6
31;58;7;1211.0;1387.5;1592.0;1870.5;1925.0;1606.3;267.2
31;59;7;1245.0;1278.0;1465.0;1806.5;1908.0;1541.0;273.9
31;60;7;1191.0;1220.5;1403.0;1768.5;1775.0;1478.1;261.4
31;61;7;1194.0;1276.5;1400.0;1815.5;1828.0;1515.1;269.6
31;62;7;1199.0;1228.5;1304.0;1814.5;1866.0;1493.6;294.9
31;63;7;1183.0;1245.5;1332.0;1869.5;1943.0;1526.9;323.1
31;64;7;1183.0;1210.5;1240.0;1614.0;1939.0;1430.1;319.3
31;65;7;1173.0;1190.5;1224.0;1477.5;1727.0;1351.4;234.1
31;66;7;1179.0;1185.5;1216.0;1581.0;1897.0;1403.6;312.1
31;67;7;1188.0;1216.5;1262.0;1565.0;1879.0;1413.1;291.2
31;68;7;1167.0;1196.5;1246.0;1561.0;1816.0;1392.0;270.8
31;69;7;1191.0;1223.5;1253.0;1581.0;1894.0;1421.0;299.7
31;70;7;1171.0;1201.5;1290.0;1614.5;1815.0;1415.4;262.6
31;71;7;1191.0;1229.0;1264.0;1544.5;1820.0;1403.1;260.9
31;72;7;1236.0;1265.5;1304.0;1574.0;1798.0;1431.0;232.9
31;73;7;1175.0;1208.5;1237.0;1446.0;1675.0;1342.3;204.7
31;74;7;1179.0;1231.0;1296.0;1525.0;1750.0;1391.0;231.2
31;75;7;1178.0;1200.0;1210.0;1508.0;1809.0;1373.3;274.8
31;76;7;1166.0;1176.5;1185.0;1263.5;1377.0;1229.7;82.8
31;77;7;1174.0;1174.5;1189.0;1289.5;1391.0;1240.3;93.7
31;78;7;1168.0;1176.0;1178.0;1220.5;1263.0;1200.3;39.8
31;79;7;1174.0;1178.0;1178.0;1220.5;1263.0;1201.7;38.8
31;80;7;1185.0;1185.0;1185.0;1225.5;1266.0;1208.1;36.6
31;81;7;1178.0;1183.5;1185.0;1235.0;1266.0;1209.4;36.6
31;82;7;1176.0;1181.5;1185.0;1225.5;1266.0;1205.9;38.2
31;83;7;1173.0;1181.5;1212.0;1246.0;1280.0;1217.1;42.2
31;84;7;1174.0;1178.0;1185.0;1225.5;1266.0;1204.6;39.0
31;85;7;1182.0;1185.0;1185.0;1225.5;1266.0;1207.7;36.9
31;86;7;1182.0;1183.5;1185.0;1312.0;1432.0;1255.7;110.3
31;87;7;1182.0;1182.0;1182.0;1204.5;1227.0;1194.9;20.3
31;88;7;1182.0;1182.0;1182.0;1204.5;1227.0;1194.9;20.3
31;89;7;1171.0;1176.0;1176.0;1184.5;1231.0;1185.6;19.1
31;90;7;1176.0;1176.0;1176.0;1176.0;1220.0;1182.3;15.4
31;91;7;1170.0;1176.0;1176.0;1176.0;1220.0;1181.4;15.9
31;92;7;1176.0;1176.0;1176.0;1176.0;1220.0;1182.3;15.4
31;93;7;1176.0;1176.0;1176.0;1176.0;1220.0;1182.3;15.4
31;94;7;1177.0;1182.5;1186.0;1191.0;2477.0;1369.6;452.1
31;95;7;1178.0;1180.0;1181.0;1189.0;2528.0;1375.0;470.7
31;96;7;1172.0;1177.5;1181.0;1181.0;2537.0;1372.4;475.4
31;97;7;1178.0;1179.5;1181.0;1195.5;2377.0;1355.1;417.3
31;98;7;1176.0;1180.0;1181.0;1182.0;1225.0;1186.6;15.8
31;99;7;1170.0;1174.5;1181.0;1181.0;1253.0;1187.9;27.0
32;0;7;1878.0;2091.5;2323.0;2360.0;2420.0;2217.7;216.9
32;1;7;1754.0;2073.0;2378.0;2396.5;2418.0;2212.7;262.9
32;2;7;1799.0;2066.5;2297.0;2374.5;2394.0;2196.0;223.7
32;3;7;1868.0;2091.5;2311.0;2331.0;2368.0;2198.9;204.6
32;4;7;1771.0;2113.0;2309.0;2360.5;2428.0;2207.9;235.4
32;5;7;1773.0;1984.5;2284.0;2315.0;2351.0;2143.9;235.3
32;6;7;1690.0;2082.5;2275.0;2353.5;2367.0;2172.0;246.5
32;7;7;1826.0;2078.0;2302.0;2321.5;2333.0;2180.0;211.9
32;8;7;1683.0;2017.5;2286.0;2315.0;2333.0;2138.1;260.2
32;9;7;1755.0;2022.0;2243.0;2275.5;2295.0;2126.9;219.8
32;10;7;1751.0;2100.5;2312.0;2355.0;2382.0;2193.7;238.6
32;11;7;1732.0;1944.5;2141.0;2193.5;2262.0;2058.7;205.2
32;12;7;1845.0;2066.0;2304.0;2315.5;2388.0;2185.7;195.2
32;13;7;1731.0;2121.0;2343.0;2392.5;2410.0;2215.9;256.9
32;14;7;1577.0;1790.0;2196.0;2238.5;2282.0;2016.0;267.1
32;15;7;1765.0;1787.5;2280.0;2359.5;2389.0;2104.0;282.5
32;16;7;1593.0;1831.5;2298.0;2329.0;2342.0;2079.1;293.0
32;17;7;1659.0;1777.5;2175.0;2198.5;2249.0;2005.0;235.0
32;18;7;1662.0;1789.0;2138.0;2212.0;2228.0;2004.3;228.1
32;19;7;1594.0;1699.0;2119.0;2226.5;2262.0;1975.1;274.5
32;20;7;1732.0;1750.5;2174.0;2194.5;2228.0;2003.4;225.2
32;21;7;1600.0;1731.0;2200.0;2207.0;2233.0;1987.0;262.9
32;22;7;1681.0;1786.0;2188.0;2203.0;2227.0;2010.6;227.5
32;23;7;1632.0;1657.0;2104.0;2120.0;2130.0;1917.1;232.8
32;24;7;1542.0;1629.0;2096.0;2130.0;2168.0;1903.4;266.6
32;25;7;1549.0;1627.5;2102.0;2127.0;2149.0;1901.3;262.2
32;26;7;1573.0;1641.0;1994.0;2057.5;2147.0;1873.0;228.2
32;27;7;1492.0;1750.5;2004.0;2021.0;2062.0;1871.6;198.0
32;28;7;1424.0;1521.0;1927.0;2028.0;2087.0;1790.9;269.7
32;29;7;1593.0;1650.5;2063.0;2087.0;2099.0;1890.0;225.0
32;30;7;1536.0;1665.5;2027.0;2056.5;2068.0;1867.9;221.6
32;31;7;1356.0;1418.5;1606.0;2016.5;2047.0;1697.0;294.4
32;32;7;1413.0;1470.5;1564.0;2010.0;2031.0;1709.9;270.0
32;33;7;1332.0;1374.0;1437.0;2001.5;2011.0;1647.3;310.9
32;34;7;1182.0;1422.5;1566.0;1893.0;1915.0;1613.4;269.5
32;35;7;1286.0;1473.5;1946.0;1956.0;1970.0;1723.0;279.1
32;36;7;1421.0;1490.0;1908.0;1920.5;1942.0;1727.4;227.5
32;37;7;1319.0;1400.0;1808.0;1837.5;1871.0;1639.0;233.7
32;38;7;1288.0;1428.5;1794.0;1829.0;1902.0;1642.7;236.2
32;39;7;1258.0;1367.5;1538.0;1940.5;1950.0;1623.1;288.5
32;40;7;1271.0;1380.0;1480.0;1933.5;2014.0;1627.4;295.4
32;41;7;1206.0;1299.5;1396.0;1863.0;1921.0;1549.7;293.4
32;42;7;1209.0;1357.5;1404.0;1739.5;1809.0;1516.6;222.0
32;43;7;1273.0;1334.0;1459.0;1898.0;1924.0;1588.6;280.3
32;44;7;1265.0;1342.5;1375.0;1891.5;1916.0;1574.9;283.2
32;45;7;1245.0;1285.5;1340.0;1837.5;1910.0;1534.4;285.5
32;46;7;1182.0;1256.5;1312.0;1764.0;1808.0;1477.6;263.7
32;47;7;1244.0;1292.0;1386.0;1839.5;1867.0;1537.1;273.0
32;48;7;1214.0;1217.0;1254.0;1697.5;1755.0;1436.0;244.7
32;49;7;1187.0;1193.0;1234.0;1648.5;1773.0;1411.0;245.1
32;50;7;1190.0;1196.0;1264.0;1799.0;1805.0;1464.1;292.6
32;51;7;1178.0;1219.5;1285.0;1768.5;1804.0;1463.3;276.9
32;52;7;1169.0;1209.0;1249.0;1785.0;1794.0;1457.1;287.4
32;53;7;1185.0;1235.5;1290.0;1756.0;1798.0;1465.1;266.0
32;54;7;1196.0;1210.0;1228.0;1747.0;1799.0;1448.1;275.0
32;55;7;1185.0;1207.0;1226.0;1675.0;1781.0;1422.3;252.0
32;56;7;1196.0;1233.5;1261.0;1827.5;1857.0;1490.9;300.9
32;57;7;1184.0;1184.0;1191.0;1595.0;1620.0;1364.7;207.1
32;58;7;1188.0;1203.5;1249.0;1607.5;1631.0;1384.3;201.1
32;59;7;1184.0;1188.0;1205.0;1588.5;1590.0;1361.7;196.9
32;60;7;1186.0;1190.0;1197.0;1589.0;1596.0;1362.4;198.3
32;61;7;1183.0;1185.5;1214.0;1592.0;1629.0;1368.7;204.7
32;62;7;1177.0;1198.0;1202.0;1351.5;1359.0;1262.4;79.7
32;63;7;1193.0;1207.0;1219.0;1429.0;1498.0;1311.7;124.9
32;64;7;1180.0;1182.0;1183.0;1364.5;1528.0;1283.4;140.6
32;65;7;1176.0;1186.0;1204.0;1333.5;1471.0;1270.0;124.7
32;66;7;1178.0;1180.0;1193.0;1284.5;1410.0;1244.3;93.3
32;67;7;1210.0;1257.0;1296.0;1512.5;1715.0;1394.3;204.7
32;68;7;1190.0;1229.5;1313.0;1533.5;1798.0;1403.9;234.7
32;69;7;1176.0;1184.5;1209.0;1516.5;1741.0;1361.1;237.2
32;70;7;1216.0;1283.0;1339.0;1568.0;1787.0;1434.9;224.9
32;71;7;1175.0;1256.0;1318.0;1580.5;1872.0;1434.0;263.9
32;72;7;1200.0;1286.0;1305.0;1501.0;1688.0;1395.3;184.2
32;73;7;1178.0;1287.5;1332.0;1514.5;1722.0;1405.1;193.9
32;74;7;1177.0;1220.0;1247.0;1452.5;1646.0;1345.0;177.0
32;75;7;1177.0;1191.5;1223.0;1448.0;1613.0;1327.4;182.7
32;76;7;1180.0;1186.5;1194.0;1259.5;1467.0;1247.6;101.2
32;77;7;1179.0;1188.5;1202.0;1253.0;1304.0;1224.0;51.2
32;78;7;1177.0;1179.5;1186.0;1235.0;1300.0;1213.1;49.9
32;79;7;1177.0;1180.0;1187.0;1221.5;1255.0;1203.1;32.4
32;80;7;1185.0;1190.0;1192.0;1217.0;1251.0;1206.0;22.1
32;81;7;1178.0;1181.0;1192.0;1209.5;1249.0;1200.0;25.1
32;82;7;1176.0;1178.0;1178.0;1182.5;1245.0;1188.6;23.3
32;83;7;1177.0;1184.5;1199.0;1307.0;1408.0;1252.4;98.9
32;84;7;1175.0;1175.0;1175.0;1294.0;1408.0;1242.3;104.8
32;85;7;1171.0;1176.0;1176.0;1322.0;1495.0;1262.6;136.3
32;86;7;1180.0;1182.5;1187.0;1352.0;1506.0;1277.4;144.7
32;87;7;1180.0;1192.5;1206.0;1330.5;1456.0;1269.7;117.2
32;88;7;1174.0;1180.0;1195.0;1320.5;1441.0;1258.7;115.0
32;89;7;1179.0;1179.5;1180.0;1180.0;1243.0;1188.7;22.2
32;90;7;1178.0;1179.0;1180.0;1180.0;1243.0;1188.4;22.3
32;91;7;1178.0;1180.0;1180.0;1181.0;1247.0;1189.6;23.5
32;92;7;1180.0;1180.0;1180.0;1182.0;1243.0;1189.6;21.8
32;93;7;1180.0;1180.0;1180.0;1189.5;1247.0;1192.3;22.7
32;94;7;1188.0;1188.0;1188.0;1188.0;1233.0;1194.4;15.7
32;95;7;1178.0;1178.0;1178.0;1183.0;1237.0;1187.9;20.4
32;96;7;1188.0;1188.0;1188.0;1188.0;1233.0;1194.4;15.7
32;97;7;1178.0;1178.0;1178.0;1185.5;1237.0;1188.6;20.1
32;98;7;1578.0;1641.5;1699.0;1790.5;2379.0;1788.6;252.2
32;99;7;1539.0;1578.0;1679.0;1850.5;2454.0;1789.9;303.0
33;0;7;1823.0;2172.0;2379.0;2381.0;2387.0;2242.1;220.1
33;1;7;1906.0;2114.5;2397.0;2431.0;2443.0;2262.4;227.5
33;2;7;1798.0;2035.5;2356.0;2367.0;2387.0;2192.3;250.1
33;3;7;1743.0;2094.5;2318.0;2326.5;2347.0;2178.6;236.6
33;4;7;1668.0;1978.0;2245.0;2272.0;2375.0;2112.6;259.0
33;5;7;1779.0;2052.5;2325.0;2334.0;2342.0;2174.1;239.8
33;6;7;1788.0;2088.5;2274.0;2327.5;2357.0;2178.7;213.7
33;7;7;1798.0;2053.5;2311.0;2344.0;2377.0;2183.0;232.7
33;8;7;1711.0;2059.5;2257.0;2277.5;2318.0;2137.1;217.4
33;9;7;1849.0;2096.0;2270.0;2332.5;2405.0;2197.3;198.6
33;10;7;1795.0;2090.5;2281.0;2300.0;2303.0;2165.7;190.8
33;11;7;1711.0;2017.0;2218.0;2265.5;2294.0;2112.6;216.8
33;12;7;1808.0;2030.5;2252.0;2267.5;2287.0;2134.7;194.1
33;13;7;1775.0;2017.5;2232.0;2271.0;2314.0;2128.3;209.9
33;14;7;1710.0;1788.5;2301.0;2302.0;2306.0;2071.1;268.8
33;15;7;1625.0;1797.0;2150.0;2230.0;2300.0;2018.4;251.2
33;16;7;1688.0;1828.0;2181.0;2189.5;2213.0;2016.7;211.5
33;17;7;1663.0;1735.5;2109.0;2156.0;2183.0;1962.6;219.7
33;18;7;1659.0;1751.5;2296.0;2311.0;2324.0;2057.7;294.6
33;19;7;1832.0;1862.0;2269.0;2286.0;2300.0;2099.6;214.9
33;20;7;1779.0;1841.0;2190.0;2208.0;2243.0;2044.3;196.7
33;21;7;1659.0;1770.5;2164.0;2186.5;2259.0;1999.4;234.7
33;22;7;1656.0;1774.5;2176.0;2201.5;2221.0;2000.7;233.4
33;23;7;1729.0;1776.5;2215.0;2230.5;2272.0;2032.9;236.7
33;24;7;1611.0;1800.0;2199.0;2210.5;2225.0;2008.0;242.2
33;25;7;1501.0;1684.5;2089.0;2130.5;2180.0;1914.3;260.1
33;26;7;1711.0;1750.5;2103.0;2171.0;2201.0;1979.7;212.6
33;27;7;1446.0;1678.0;2078.0;2149.0;2160.0;1905.4;278.2
33;28;7;1540.0;1693.0;2162.0;2228.0;2235.0;1968.4;287.5
33;29;7;1553.0;1687.5;2103.0;2139.5;2150.0;1922.9;246.6
33;30;7;1528.0;1579.5;2111.0;2140.0;2162.0;1891.4;286.0
33;31;7;1258.0;1407.0;1572.0;1965.5;2015.0;1655.7;295.4
33;32;7;1375.0;1417.5;1540.0;2020.5;2029.0;1688.6;294.2
33;33;7;1167.0;1241.0;1370.0;2002.0;2006.0;1575.6;375.7
33;34;7;1498.0;1636.5;1994.0;2010.0;2033.0;1831.1;214.7
33;35;7;1258.0;1473.5;1997.0;2067.0;2069.0;1772.1;344.2
33;36;7;1213.0;1269.5;1922.0;1935.0;1953.0;1642.4;340.0
33;37;7;1221.0;1350.5;2018.0;2031.0;2050.0;1721.7;362.7
33;38;7;1202.0;1250.5;1861.0;1890.5;1914.0;1608.4;325.6
33;39;7;1431.0;1476.5;1503.0;1913.5;1986.0;1671.4;233.1
33;40;7;1181.0;1216.0;1244.0;1872.0;1882.0;1497.6;327.8
33;41;7;1280.0;1319.0;1344.0;1724.5;1813.0;1503.4;219.5
33;42;7;1263.0;1376.0;1426.0;1855.0;1912.0;1580.4;258.9
33;43;7;1253.0;1310.0;1355.0;1738.0;1816.0;1502.9;231.1
33;44;7;1290.0;1338.5;1365.0;1812.0;1844.0;1542.9;243.9
33;45;7;1241.0;1285.5;1440.0;1960.0;1981.0;1593.3;329.4
33;46;7;1210.0;1265.5;1445.0;1901.5;1911.0;1557.1;308.5
33;47;7;1224.0;1287.0;1385.0;1866.0;1965.0;1554.3;303.5
33;48;7;1188.0;1265.5;1455.0;1781.5;1842.0;1511.3;265.5
33;49;7;1187.0;1199.5;1224.0;1792.5;1839.0;1462.0;300.9
33;50;7;1205.0;1242.0;1449.0;1758.5;1788.0;1491.9;250.8
33;51;7;1229.0;1259.5;1339.0;1684.5;1696.0;1450.3;208.6
33;52;7;1244.0;1288.5;1393.0;1772.0;1809.0;1509.6;242.0
33;53;7;1178.0;1228.5;1377.0;1706.5;1738.0;1451.9;237.1
33;54;7;1190.0;1205.5;1230.0;1555.5;1617.0;1365.6;183.7
33;55;7;1177.0;1188.0;1232.0;1739.5;1856.0;1445.7;292.5
33;56;7;1173.0;1177.0;1192.0;1707.0;1753.0;1412.3;269.4
33;57;7;1180.0;1185.5;1187.0;1631.0;1781.0;1397.3;250.8
33;58;7;1167.0;1203.5;1227.0;1689.5;1859.0;1434.1;276.6
33;59;7;1176.0;1198.5;1231.0;1633.5;2080.0;1450.1;360.2
33;60;7;1176.0;1182.0;1195.0;1515.0;1856.0;1374.4;297.8
33;61;7;1171.0;1193.0;1223.0;1380.5;1594.0;1305.0;165.9
33;62;7;1195.0;1218.5;1222.0;1494.0;1768.0;1372.9;245.8
33;63;7;1172.0;1182.0;1185.0;1364.5;1670.0;1302.9;191.8
33;64;7;1178.0;1180.0;1206.0;1458.0;1709.0;1338.4;230.2
33;65;7;1172.0;1176.5;1198.0;1454.0;1754.0;1340.7;243.6
33;66;7;1172.0;1181.0;1192.0;1366.0;1559.0;1288.1;165.5
33;67;7;1175.0;1182.5;1205.0;1701.0;1998.0;1449.3;348.4
33;68;7;1208.0;1247.5;1293.0;1580.0;1791.0;1421.0;236.1
33;69;7;1170.0;1208.0;1223.0;1454.0;1645.0;1337.4;196.3
33;70;7;1175.0;1181.5;1183.0;1405.0;1558.0;1298.4;163.9
33;71;7;1168.0;1174.0;1183.0;1334.0;1501.0;1266.9;142.9
33;72;7;1172.0;1182.0;1183.0;1362.0;1558.0;1285.9;165.6
33;73;7;1167.0;1173.0;1179.0;1342.0;1605.0;1283.0;173.1
33;74;7;1167.0;1178.0;1183.0;1450.5;1701.0;1329.7;216.6
33;75;7;1167.0;1172.0;1178.0;1353.5;1654.0;1292.9;191.6
33;76;7;1167.0;1167.0;1168.0;1252.5;1392.0;1223.7;87.9
33;77;7;1178.0;1178.0;1188.0;1550.0;1879.0;1385.9;309.5
33;78;7;1178.0;1182.5;1219.0;1662.0;1919.0;1429.3;318.3
33;79;7;1175.0;1186.5;1198.0;1570.0;1919.0;1400.7;326.0
33;80;7;1502.0;1721.0;1849.0;2046.5;2233.0;1874.1;248.4
33;81;7;1655.0;1680.0;1723.0;2123.0;2396.0;1911.4;309.6
33;82;7;1717.0;1743.5;1766.0;1990.5;2189.0;1877.1;197.0
33;83;7;1551.0;1649.0;1756.0;2028.0;2282.0;1849.0;278.4
33;84;7;1645.0;1655.0;1661.0;1974.0;2139.0;1814.7;211.7
33;85;7;1383.0;1453.5;1681.0;1912.5;2100.0;1699.4;278.7
33;86;7;1369.0;1427.0;1498.0;1854.0;2097.0;1646.6;277.7
33;87;7;1380.0;1541.0;1674.0;1723.0;2125.0;1672.4;223.6
33;88;7;1334.0;1362.0;1385.0;1515.0;2124.0;1513.9;258.4
33;89;7;1432.0;1438.5;1443.0;1598.0;2029.0;1568.1;204.7
33;90;7;1336.0;1418.5;1601.0;1653.5;1985.0;1580.9;202.6
33;91;7;1284.0;1426.0;1606.0;1665.0;2017.0;1584.1;220.8
33;92;7;1235.0;1530.0;1597.0;1710.5;2092.0;1629.3;240.3
33;93;7;1330.0;1390.0;1427.0;1533.0;1941.0;1506.3;191.3
33;94;7;1195.0;1348.5;1563.0;1607.0;1908.0;1511.0;231.2
33;95;7;1249.0;1290.5;1300.0;1331.5;2002.0;1399.3;247.4
33;96;7;1193.0;1240.5;1296.0;1387.0;2056.0;1400.0;277.3
33;97;7;1191.0;1270.5;1358.0;1576.5;1961.0;1457.7;249.4
33;98;7;1192.0;1235.5;1508.0;1635.0;1962.0;1486.1;263.0
33;99;7;1183.0;1222.5;1266.0;1483.0;2083.0;1420.4;303.3
34;0;7;1970.0;2217.0;2446.0;2494.0;2509.0;2335.3;222.6
34;1;7;1811.0;2080.0;2320.0;2420.5;2441.0;2224.7;245.8
34;2;7;1751.0;2002.5;2241.0;2301.5;2377.0;2139.6;241.3
34;3;7;1860.0;2201.0;2344.0;2353.0;2365.0;2239.6;184.9
34;4;7;1722.0;2110.0;2317.0;2317.0;2344.0;2176.7;230.5
34;5;7;1860.0;2048.5;2236.0;2318.5;2338.0;2166.9;196.2
34;6;7;1806.0;2038.0;2256.0;2269.5;2286.0;2137.6;202.3
34;7;7;1853.0;2107.0;2340.0;2355.0;2370.0;2212.4;221.0
34;8;7;1885.0;2101.5;2278.0;2289.0;2302.0;2178.0;169.5
34;9;7;1721.0;1984.0;2220.0;2268.0;2275.0;2102.9;223.0
34;10;7;1802.0;2080.0;2329.0;2351.0;2380.0;2196.1;226.4
34;11;7;1780.0;2011.5;2255.0;2300.5;2353.0;2144.6;220.8
34;12;7;1641.0;1978.0;2216.0;2333.5;2376.0;2122.3;271.0
34;13;7;1760.0;2033.5;2242.0;2299.5;2309.0;2139.6;213.1
34;14;7;1624.0;1790.0;2225.0;2245.0;2277.0;2028.0;260.0
34;15;7;1649.0;1750.5;2197.0;2224.0;2259.0;2007.7;254.7
34;16;7;1680.0;1764.5;2173.0;2216.0;2225.0;2005.6;236.1
34;17;7;1570.0;1676.5;2123.0;2132.0;2161.0;1924.4;248.6
34;18;7;1678.0;1731.0;2158.0;2164.0;2171.0;1971.0;225.4
34;19;7;1722.0;1738.5;2081.0;2151.5;2177.0;1965.7;203.6
34;20;7;1709.0;1760.5;2128.0;2175.0;2214.0;1988.9;214.8
34;21;7;1540.0;1646.0;2027.0;2104.5;2141.0;1887.0;248.0
34;22;7;1380.0;1637.0;2116.0;2131.0;2203.0;1890.7;314.2
34;23;7;1582.0;1643.5;2115.0;2128.0;2152.0;1913.1;253.9
34;24;7;1622.0;1726.5;2037.0;2080.5;2150.0;1917.6;201.3
34;25;7;1690.0;1717.5;2093.0;2116.5;2158.0;1944.1;205.6
34;26;7;1592.0;1645.0;2075.0;2137.5;2146.0;1911.1;247.4
34;27;7;1542.0;1602.0;1985.0;2044.0;2096.0;1845.0;232.3
34;28;7;1471.0;1634.0;2029.0;2069.0;2113.0;1859.9;251.8
34;29;7;1459.0;1585.5;1995.0;2021.0;2034.0;1814.4;238.5
34;30;7;1357.0;1548.5;1998.0;2084.0;2111.0;1818.7;302.2
34;31;7;1282.0;1346.0;1407.0;2037.5;2047.0;1643.3;346.5
34;32;7;1247.0;1402.5;1599.0;1928.0;1938.0;1635.0;278.3
34;33;7;1195.0;1324.0;1447.0;1938.0;1986.0;1593.1;323.5
34;34;7;1285.0;1356.0;1925.0;1933.5;1963.0;1678.9;301.4
34;35;7;1263.0;1340.5;1832.0;1846.0;1854.0;1617.4;263.5
34;36;7;1223.0;1377.5;1753.0;1791.0;1799.0;1587.4;238.0
34;37;7;1287.0;1318.0;1808.0;1820.0;1836.0;1601.0;254.7
34;38;7;1270.0;1357.0;1834.0;1839.5;1857.0;1622.0;257.7
34;39;7;1214.0;1251.0;1312.0;1888.0;1915.0;1531.3;318.4
34;40;7;1200.0;1231.0;1261.0;1827.5;1867.0;1492.1;302.9
34;41;7;1237.0;1276.0;1500.0;1844.0;1875.0;1550.3;275.1
34;42;7;1185.0;1203.0;1266.0;1862.5;1897.0;1497.0;327.8
34;43;7;1178.0;1249.0;1332.0;1646.0;1788.0;1441.1;229.5
34;44;7;1178.0;1261.5;1337.0;1764.0;1785.0;1478.7;257.1
34;45;7;1180.0;1183.5;1198.0;1583.5;1656.0;1366.9;209.9
34;46;7;1192.0;1223.5;1256.0;1712.5;1761.0;1440.1;252.0
34;47;7;1183.0;1226.5;1352.0;1616.0;1671.0;1413.0;199.1
34;48;7;1190.0;1214.5;1230.0;1671.5;1687.0;1411.3;230.2
34;49;7;1613.0;1776.5;1843.0;2187.5;2232.0;1945.1;232.7
34;50;7;1620.0;1743.5;1840.0;2198.5;2232.0;1939.4;242.7
34;51;7;1637.0;1790.0;1829.0;2254.5;2276.0;1975.9;253.8
34;52;7;1700.0;1743.0;1783.0;2208.5;2235.0;1945.9;237.3
34;53;7;1581.0;1772.0;1813.0;2209.5;2224.0;1940.1;247.2
34;54;7;1604.0;1652.5;1712.0;2216.0;2246.0;1899.9;285.2
34;55;7;1654.0;1737.0;1818.0;2339.5;2357.0;1997.4;305.7
34;56;7;1630.0;1671.5;1787.0;2203.5;2227.0;1913.4;262.3
34;57;7;1517.0;1678.5;1702.0;2253.0;2318.0;1914.3;318.0
34;58;7;1565.0;1689.0;1704.0;2179.5;2223.0;1889.9;267.4
34;59;7;1642.0;1685.5;1734.0;1948.0;2154.0;1828.1;208.2
34;60;7;1466.0;1520.5;1669.0;1952.0;2220.0;1757.1;299.3
34;61;7;1309.0;1465.5;1576.0;1862.5;2114.0;1665.0;294.4
34;62;7;1376.0;1418.5;1479.0;1826.5;2127.0;1638.9;308.1
34;63;7;1198.0;1343.0;1446.0;1837.0;2060.0;1580.6;317.5
34;64;7;1440.0;1460.0;1478.0;1728.0;1981.0;1610.7;230.2
34;65;7;1351.0;1471.5;1555.0;1812.0;2026.0;1642.7;250.9
34;66;7;1322.0;1380.0;1450.0;1747.0;2000.0;1575.1;273.8
34;67;7;1366.0;1397.5;1427.0;1692.5;1947.0;1560.0;235.5
34;68;7;1209.0;1244.0;1357.0;1591.5;1924.0;1451.6;270.3
34;69;7;1325.0;1419.5;1588.0;1839.0;2043.0;1639.0;269.3
34;70;7;1322.0;1451.5;1470.0;1733.0;1959.0;1588.6;225.0
34;71;7;1340.0;1413.5;1478.0;1736.0;1997.0;1587.7;255.5
34;72;7;1330.0;1365.5;1502.0;1714.5;1911.0;1557.6;226.7
34;73;7;1211.0;1274.5;1334.0;1621.5;1815.0;1450.3;236.6
34;74;7;1295.0;1322.0;1360.0;1744.0;1964.0;1535.9;277.5
34;75;7;1180.0;1196.5;1222.0;1572.5;1893.0;1404.7;306.1
34;76;7;1193.0;1214.5;1286.0;1560.0;1818.0;1406.6;252.2
34;77;7;1182.0;1183.5;1190.0;1328.0;1446.0;1263.0;115.2
34;78;7;1180.0;1190.5;1258.0;1548.5;1829.0;1392.1;265.2
34;79;7;1211.0;1371.0;1445.0;1703.5;1900.0;1529.3;248.3
34;80;7;1171.0;1204.5;1249.0;1580.5;1883.0;1410.4;300.7
34;81;7;1187.0;1222.5;1270.0;1676.5;2050.0;1472.1;361.4
34;82;7;1220.0;1288.0;1379.0;1824.5;2164.0;1569.7;374.4
34;83;7;1244.0;1341.5;1362.0;1703.0;1964.0;1522.7;281.4
34;84;7;1204.0;1279.5;1314.0;1674.5;2068.0;1499.1;343.5
34;85;7;1224.0;1241.5;1278.0;1791.5;2171.0;1534.1;405.1
34;86;7;1180.0;1242.0;1294.0;1665.0;2039.0;1475.3;352.5
34;87;7;1208.0;1234.0;1362.0;1828.5;2181.0;1553.7;405.3
34;88;7;1180.0;1213.0;1251.0;1803.0;2255.0;1531.1;459.7
34;89;7;1193.0;1248.0;1260.0;1317.5;2142.0;1389.4;310.0
34;90;7;1197.0;1239.0;1318.0;1354.0;2032.0;1390.4;268.1
34;91;7;1214.0;1261.5;1274.0;1337.0;2055.0;1391.4;274.5
34;92;7;1176.0;1206.0;1227.0;1227.0;1959.0;1318.3;262.4
34;93;7;1214.0;1231.5;1252.0;1326.0;1997.0;1368.3;260.2
34;94;7;1172.0;1209.5;1234.0;1275.0;1994.0;1338.4;270.5
34;95;7;1183.0;1248.5;1285.0;1361.5;1996.0;1383.4;257.7
34;96;7;1184.0;1201.5;1305.0;1419.0;2108.0;1405.4;301.8
34;97;7;1175.0;1188.5;1198.0;1232.5;1948.0;1309.0;261.9
34;98;7;1262.0;1269.5;1280.0;1374.0;1888.0;1388.1;209.1
34;99;7;1184.0;1229.5;1252.0;1311.5;1926.0;1349.1;241.2
35;0;7;1782.0;2030.5;2302.0;2393.5;2421.0;2193.3;242.8
35;1;7;1864.0;2081.5;2312.0;2354.0;2406.0;2207.6;209.4
35;2;7;1846.0;2116.0;2321.0;2337.0;2471.0;2220.6;221.3
35;3;7;1897.0;2102.0;2279.0;2288.0;2344.0;2185.7;172.6
35;4;7;1769.0;2048.0;2287.0;2303.0;2340.0;2156.9;229.2
35;5;7;1778.0;2108.5;2305.0;2361.5;2374.0;2199.6;224.0
35;6;7;1694.0;2019.5;2306.0;2356.0;2425.0;2168.0;279.4
35;7;7;1813.0;2046.0;2274.0;2300.5;2373.0;2164.7;219.9
35;8;7;1863.0;2105.5;2284.0;2357.5;2370.0;2206.1;195.1
35;9;7;1794.0;2105.5;2335.0;2419.0;2504.0;2240.3;254.2
35;10;7;1750.0;2017.0;2290.0;2339.0;2361.0;2159.0;252.0
35;11;7;1745.0;1956.5;2241.0;2253.0;2309.0;2102.0;228.5
35;12;7;1814.0;2048.0;2280.0;2330.5;2433.0;2183.4;233.0
35;13;7;1665.0;2082.0;2359.0;2366.0;2389.0;2187.0;265.8
35;14;7;1774.0;1826.5;2285.0;2321.5;2350.0;2100.7;254.5
35;15;7;1748.0;1775.0;2332.0;2377.5;2395.0;2111.4;299.8
35;16;7;1694.0;1736.0;2195.0;2202.5;2248.0;2002.0;243.7
35;17;7;1760.0;1793.5;2244.0;2261.5;2271.0;2055.0;237.1
35;18;7;1730.0;1770.0;2215.0;2231.5;2315.0;2037.6;245.8
35;19;7;1693.0;1872.0;2204.0;2252.0;2278.0;2060.4;222.9
35;20;7;1743.0;1813.5;2244.0;2299.5;2348.0;2080.1;255.6
35;21;7;1619.0;1741.0;2218.0;2257.0;2286.0;2017.0;278.1
35;22;7;1711.0;1793.0;2217.0;2235.0;2309.0;2041.9;244.0
35;23;7;1603.0;1732.5;2136.0;2153.0;2176.0;1955.1;233.9
35;24;7;1603.0;1691.5;2079.0;2102.5;2134.0;1914.9;221.5
35;25;7;1522.0;1708.0;2188.0;2239.5;2280.0;1983.6;299.0
35;26;7;1458.0;1634.0;2082.0;2118.0;2161.0;1886.4;278.5
35;27;7;1474.0;1711.5;2095.0;2119.0;2131.0;1908.7;251.3
35;28;7;1455.0;1682.0;2099.0;2157.0;2182.0;1916.3;280.2
35;29;7;1451.0;1651.0;2147.0;2217.0;2227.0;1937.3;314.1
35;30;7;1400.0;1570.0;2100.0;2100.0;2129.0;1852.7;309.4
35;31;7;1438.0;1493.0;1607.0;2038.5;2096.0;1743.4;277.1
35;32;7;1480.0;1495.0;1543.0;2060.5;2104.0;1748.3;283.9
35;33;7;1346.0;1506.0;1596.0;1902.0;1971.0;1675.6;227.5
35;34;7;1280.0;1388.0;1511.0;1823.5;1882.0;1585.1;239.5
35;35;7;1349.0;1417.5;1899.0;1920.5;1951.0;1696.4;262.7
35;36;7;1346.0;1457.5;1783.0;1821.0;1844.0;1647.1;200.4
35;37;7;1256.0;1385.5;1755.0;1865.0;1879.0;1627.3;253.9
35;38;7;1286.0;1337.5;1779.0;1857.0;1862.0;1616.6;258.5
35;39;7;1238.0;1288.0;1509.0;1730.0;1840.0;1517.6;232.3
35;40;7;1314.0;1317.0;1419.0;1844.0;1852.0;1558.1;252.2
35;41;7;1212.0;1267.5;1330.0;1821.5;1845.0;1509.3;279.7
35;42;7;1299.0;1339.5;1376.0;1755.5;1767.0;1518.9;210.0
35;43;7;1266.0;1293.0;1334.0;1974.0;1977.0;1587.3;336.5
35;44;7;1231.0;1260.5;1447.0;1900.0;1945.0;1563.4;312.1
35;45;7;1243.0;1290.0;1406.0;1925.0;1965.0;1577.7;317.0
35;46;7;1227.0;1362.5;1392.0;1810.0;1817.0;1540.1;241.0
35;47;7;1183.0;1197.0;1236.0;1732.5;1797.0;1439.3;273.9
35;48;7;1285.0;1341.5;1404.0;1868.0;1902.0;1572.9;267.7
35;49;7;1229.0;1281.5;1440.0;1890.0;1944.0;1565.1;304.8
35;50;7;1795.0;1811.5;1835.0;2320.0;2333.0;2032.3;253.2
35;51;7;1576.0;1776.5;1844.0;2286.5;2300.0;1978.0;281.7
35;52;7;1759.0;1783.5;1897.0;2334.0;2354.0;2035.0;268.2
35;53;7;1595.0;1684.0;1743.0;2224.5;2322.0;1925.3;292.3
35;54;7;1683.0;1785.5;1903.0;2344.0;2373.0;2031.1;286.4
35;55;7;1682.0;1730.5;1746.0;2194.5;2235.0;1930.4;241.5
35;56;7;1649.0;1694.5;1755.0;2200.5;2214.0;1915.4;252.5
35;57;7;1716.0;1732.0;1744.0;2223.0;2239.0;1944.1;246.4
35;58;7;1632.0;1644.0;1716.0;2084.5;2159.0;1852.0;225.8
35;59;7;1447.0;1602.5;1646.0;2025.5;2240.0;1798.4;288.2
35;60;7;1374.0;1555.5;1681.0;2068.5;2311.0;1802.0;346.7
35;61;7;1415.0;1642.0;1802.0;2006.0;2246.0;1822.7;282.8
35;62;7;1412.0;1477.5;1576.0;1877.5;2119.0;1688.1;279.4
35;63;7;1293.0;1523.5;1585.0;1911.5;2161.0;1701.3;306.6
35;64;7;1384.0;1486.0;1608.0;1870.0;2137.0;1691.6;288.5
35;65;7;1391.0;1610.5;1657.0;1908.5;2151.0;1748.1;265.7
35;66;7;1437.0;1539.5;1656.0;1896.5;2095.0;1722.9;244.2
35;67;7;1461.0;1567.5;1611.0;1861.5;2083.0;1716.1;236.9
35;68;7;1338.0;1513.0;1557.0;1807.5;2042.0;1654.0;253.6
35;69;7;1307.0;1427.0;1476.0;1778.5;2038.0;1604.6;279.9
35;70;7;1364.0;1537.0;1578.0;1889.0;2165.0;1708.4;294.6
35;71;7;1325.0;1518.0;1557.0;1796.5;2064.0;1653.6;258.5
35;72;7;1299.0;1417.5;1432.0;1877.0;2062.0;1626.0;296.2
35;73;7;1382.0;1422.0;1553.0;1840.0;2059.0;1645.4;271.4
35;74;7;1391.0;1441.5;1507.0;1780.5;2049.0;1627.3;268.1
35;75;7;1234.0;1293.5;1334.0;1796.5;1931.0;1525.6;283.4
35;76;7;1218.0;1274.5;1430.0;1743.0;1895.0;1511.1;266.6
35;77;7;1225.0;1291.0;1377.0;1729.0;2021.0;1523.3;318.3
35;78;7;1315.0;1375.5;1418.0;1773.0;2012.0;1577.4;280.4
35;79;7;1327.0;1403.0;1430.0;1773.0;2046.0;1593.6;289.0
35;80;7;1207.0;1451.0;1567.0;1840.0;2047.0;1629.0;291.0
35;81;7;1191.0;1313.0;1408.0;1623.0;1902.0;1481.9;250.3
35;82;7;1180.0;1210.0;1215.0;1372.5;1523.0;1297.6;137.4
35;83;7;1194.0;1279.5;1405.0;1817.0;2110.0;1557.4;363.3
35;84;7;1199.0;1336.0;1537.0;1934.5;2247.0;1646.3;399.3
35;85;7;1202.0;1312.0;1408.0;1763.5;2171.0;1561.7;375.6
35;86;7;1182.0;1201.5;1213.0;1843.5;2255.0;1534.3;457.4
35;87;7;1181.0;1200.0;1264.0;1401.5;2233.0;1411.6;347.9
35;88;7;1182.0;1185.0;1186.0;1224.5;2056.0;1320.4;301.2
35;89;7;1180.0;1181.5;1190.0;1405.5;2209.0;1393.3;350.8
35;90;7;1170.0;1172.0;1172.0;1172.0;1823.0;1264.7;227.9
35;91;7;1180.0;1190.0;1205.0;1319.5;2095.0;1357.0;309.6
35;92;7;1178.0;1197.5;1224.0;1321.0;2148.0;1369.6;326.1
35;93;7;1180.0;1231.0;1279.0;1360.5;2053.0;1385.0;282.9
35;94;7;1177.0;1180.0;1183.0;1195.5;1870.0;1283.0;239.7
35;95;7;1175.0;1176.0;1180.0;1289.5;1749.0;1290.7;198.9
35;96;7;1173.0;1176.0;1217.0;1308.5;1785.0;1306.3;204.7
35;97;7;1176.0;1179.0;1179.0;1179.5;1214.0;1183.7;12.4
35;98;7;1174.0;1175.5;1176.0;1176.0;1205.0;1179.7;10.3
35;99;7;1171.0;1171.5;1178.0;1180.0;1219.0;1181.6;15.7
36;0;7;1863.0;2153.5;2351.0;2371.0;2401.0;2237.7;209.4
36;1;7;1852.0;2101.0;2341.0;2414.0;2444.0;2238.1;238.0
36;2;7;1796.0;2081.5;2371.0;2402.0;2420.0;2222.0;236.1
36;3;7;1788.0;2059.0;2243.0;2284.0;2331.0;2149.7;199.1
36;4;7;1778.0;1993.5;2291.0;2328.0;2340.0;2150.3;233.1
36;5;7;1776.0;2053.5;2253.0;2301.5;2332.0;2153.0;211.3
36;6;7;1765.0;2067.5;2263.0;2303.5;2340.0;2158.6;214.7
36;7;7;1908.0;2032.0;2263.0;2297.0;2313.0;2163.1;164.4
36;8;7;1764.0;2084.0;2250.0;2264.5;2302.0;2144.7;196.5
36;9;7;1756.0;2005.5;2252.0;2315.0;2332.0;2140.1;237.5
36;10;7;1863.0;2039.5;2220.0;2239.5;2266.0;2129.6;168.6
36;11;7;1779.0;2029.5;2187.0;2274.5;2308.0;2126.0;195.9
36;12;7;1809.0;2022.5;2215.0;2243.0;2336.0;2127.3;197.5
36;13;7;1822.0;2008.0;2204.0;2249.0;2368.0;2129.7;201.3
36;14;7;1726.0;1765.5;2200.0;2208.5;2226.0;2014.3;227.3
36;15;7;1649.0;1809.5;2195.0;2206.5;2218.0;2013.4;233.0
36;16;7;1673.0;1849.5;2156.0;2186.5;2237.0;2019.7;210.8
36;17;7;1622.0;1741.0;2116.0;2136.5;2170.0;1951.9;220.7
36;18;7;1742.0;1767.0;2212.0;2217.0;2257.0;2025.6;231.8
36;19;7;1550.0;1712.5;2154.0;2174.0;2189.0;1952.3;262.2
36;20;7;1544.0;1669.0;2105.0;2108.5;2150.0;1907.7;247.1
36;21;7;1677.0;1778.5;2173.0;2248.0;2278.0;2025.9;248.5
36;22;7;1583.0;1708.0;2165.0;2213.5;2230.0;1974.4;270.4
36;23;7;1666.0;1679.5;2017.0;2065.5;2106.0;1897.0;193.9
36;24;7;1611.0;1691.0;2143.0;2166.0;2192.0;1951.4;252.1
36;25;7;1514.0;1663.5;2036.0;2079.5;2100.0;1876.6;233.6
36;26;7;1681.0;1710.5;2087.0;2094.5;2146.0;1932.0;201.6
36;27;7;1597.0;1692.0;2041.0;2070.0;2082.0;1892.0;204.8
36;28;7;1554.0;1661.0;2078.0;2111.0;2153.0;1904.1;247.4
36;29;7;1288.0;1539.5;2070.0;2121.0;2170.0;1835.6;345.8
36;30;7;1410.0;1582.5;2054.0;2097.5;2161.0;1855.0;293.6
36;31;7;1348.0;1554.5;1743.0;1998.0;2045.0;1748.7;254.4
36;32;7;1449.0;1468.5;1594.0;2084.5;2098.0;1749.6;297.3
36;33;7;1386.0;1460.0;1492.0;2033.0;2050.0;1702.0;293.2
36;34;7;1313.0;1406.5;1515.0;2062.0;2083.0;1692.6;331.7
36;35;7;1329.0;1473.0;1918.0;1945.0;1961.0;1720.6;260.9
36;36;7;1339.0;1504.5;1878.0;1896.0;1921.0;1705.6;230.1
36;37;7;1327.0;1366.0;1887.0;1896.5;1917.0;1665.1;270.7
36;38;7;1335.0;1485.0;1976.0;1984.5;1986.0;1748.0;277.5
36;39;7;1259.0;1326.5;1529.0;1857.5;1869.0;1575.0;259.6
36;40;7;1300.0;1327.0;1530.0;1883.0;1911.0;1594.4;267.5
36;41;7;1285.0;1325.0;1409.0;1872.5;1901.0;1570.0;273.1
36;42;7;1393.0;1442.5;1564.0;1932.5;1950.0;1665.3;241.8
36;43;7;1307.0;1480.5;1617.0;1969.5;1977.0;1685.9;263.3
36;44;7;1264.0;1472.5;1678.0;2000.5;2010.0;1699.7;288.0
36;45;7;1234.0;1384.5;1464.0;1965.5;1983.0;1625.9;306.4
36;46;7;1279.0;1381.5;1438.0;1905.0;1927.0;1602.4;272.3
36;47;7;1216.0;1376.5;1405.0;1954.5;1998.0;1611.6;314.9
36;48;7;1191.0;1227.0;1309.0;1928.5;1950.0;1537.3;346.9
36;49;7;1307.0;1349.0;1524.0;2032.0;2039.0;1661.7;329.5
36;50;7;1213.0;1250.0;1382.0;2016.0;2027.0;1593.4;372.9
36;51;7;1202.0;1352.0;1495.0;2007.0;2010.0;1632.1;335.9
36;52;7;1193.0;1209.0;1327.0;2000.0;2009.0;1563.9;382.5
36;53;7;1282.0;1367.5;1495.0;1925.0;1955.0;1616.7;282.8
36;54;7;1187.0;1276.5;1294.0;1976.0;1992.0;1568.3;359.2
36;55;7;1305.0;1342.5;1379.0;1987.0;1991.0;1619.1;320.5
36;56;7;1200.0;1221.5;1264.0;1980.0;1990.0;1551.0;375.0
36;57;7;1196.0;1225.5;1405.0;1941.0;1954.0;1555.4;343.6
36;58;7;1206.0;1244.5;1331.0;1881.0;1900.0;1526.9;314.3
36;59;7;1185.0;1215.5;1284.0;1868.0;1943.0;1511.3;333.9
36;60;7;1220.0;1249.0;1259.0;1858.5;1930.0;1517.7;317.3
36;61;7;1205.0;1225.5;1245.0;1919.5;1932.0;1524.6;345.8
36;62;7;1231.0;1284.0;1325.0;1884.5;1897.0;1541.4;302.1
36;63;7;1197.0;1302.5;1366.0;1911.0;1913.0;1557.6;310.5
36;64;7;1189.0;1278.0;1306.0;1624.5;1945.0;1463.6;305.2
36;65;7;1202.0;1233.0;1367.0;1626.0;1867.0;1450.6;268.9
36;66;7;1225.0;1286.5;1474.0;1785.0;1997.0;1548.4;301.1
36;67;7;1251.0;1341.0;1436.0;1714.0;1953.0;1535.7;266.6
36;68;7;1285.0;1316.0;1365.0;1655.0;1948.0;1505.7;274.7
36;69;7;1249.0;1294.5;1317.0;1595.0;1861.0;1458.0;251.7
36;70;7;1188.0;1283.0;1305.0;1448.5;1595.0;1364.4;149.2
36;71;7;1199.0;1225.5;1263.0;1416.5;1562.0;1329.7;142.1
36;72;7;1183.0;1238.5;1243.0;1402.0;1558.0;1323.6;147.8
36;73;7;1177.0;1193.5;1210.0;1369.5;1512.0;1289.3;139.1
36;74;7;1223.0;1255.0;1290.0;1439.5;1540.0;1348.9;124.8
36;75;7;1181.0;1208.5;1245.0;1378.5;1506.0;1300.9;130.7
36;76;7;1184.0;1249.5;1274.0;1414.0;1552.0;1333.9;135.5
36;77;7;1189.0;1224.5;1277.0;1434.5;1575.0;1337.0;154.7
36;78;7;1175.0;1185.5;1206.0;1402.0;1551.0;1301.0;158.1
36;79;7;1188.0;1190.0;1193.0;1362.5;1533.0;1288.4;154.4
36;80;7;1174.0;1183.5;1195.0;1325.5;1447.0;1262.0;117.1
36;81;7;1178.0;1185.5;1197.0;1323.0;1446.0;1262.6;115.9
36;82;7;1181.0;1186.0;1195.0;1377.5;1557.0;1294.3;166.2
36;83;7;1175.0;1176.5;1179.0;1312.0;1445.0;1253.7;121.0
36;84;7;1168.0;1175.0;1198.0;1338.0;1465.0;1265.3;127.1
36;85;7;1178.0;1179.0;1181.0;1295.5;1408.0;1245.1;103.0
36;86;7;1171.0;1178.5;1184.0;1316.0;1467.0;1258.7;125.6
36;87;7;1170.0;1171.5;1173.0;1298.5;1414.0;1242.4;108.6
36;88;7;1168.0;1182.5;1184.0;1300.0;1415.0;1247.4;105.8
36;89;7;1167.0;1172.0;1173.0;1180.0;1415.0;1208.4;84.5
36;90;7;1173.0;1173.0;1173.0;1179.5;1415.0;1209.4;84.0
36;91;7;1172.0;1184.0;1188.0;1195.0;1410.0;1218.3;78.6
36;92;7;1177.0;1182.0;1183.0;1192.0;1407.0;1216.4;78.0
36;93;7;1166.0;1170.0;1172.0;1172.5;1415.0;1205.4;85.6
36;94;7;1171.0;1173.5;1184.0;1197.5;1419.0;1216.6;83.4
36;95;7;1173.0;1177.0;1177.0;1178.0;1399.0;1208.4;77.8
36;96;7;1173.0;1174.5;1175.0;1186.5;1398.0;1209.7;77.1
36;97;7;1177.0;1190.0;1197.0;1228.5;1396.0;1229.6;72.4
36;98;7;1172.0;1181.5;1186.0;1186.0;1387.0;1211.4;71.9
36;99;7;1172.0;1186.0;1186.0;1186.0;1387.0;1212.7;71.3
37;0;7;1765.0;2044.5;2260.0;2292.5;2420.0;2159.9;225.1
37;1;7;1929.0;2167.0;2396.0;2434.5;2453.0;2283.0;218.0
37;2;7;1877.0;2111.5;2270.0;2374.0;2406.0;2217.7;195.5
37;3;7;1719.0;2067.0;2259.0;2333.0;2387.0;2166.4;234.3
37;4;7;1706.0;2006.5;2295.0;2331.0;2365.0;2148.7;261.9
37;5;7;1654.0;2059.5;2249.0;2280.5;2313.0;2128.0;238.1
37;6;7;1737.0;2022.5;2256.0;2394.5;2445.0;2181.7;270.8
37;7;7;1839.0;2100.5;2318.0;2338.0;2362.0;2199.4;202.4
37;8;7;1826.0;2092.5;2360.0;2410.0;2442.0;2233.3;251.6
37;9;7;1725.0;1968.5;2225.0;2300.5;2309.0;2113.9;244.9
37;10;7;1712.0;2007.5;2255.0;2290.5;2334.0;2128.1;241.3
37;11;7;1770.0;2019.0;2296.0;2373.5;2414.0;2180.7;258.7
37;12;7;1813.0;2165.0;2336.0;2358.5;2382.0;2225.4;204.3
37;13;7;1690.0;1963.0;2227.0;2259.0;2322.0;2097.6;237.6
37;14;7;1692.0;1845.5;2238.0;2351.5;2379.0;2100.4;273.1
37;15;7;1639.0;1779.5;2159.0;2277.5;2309.0;2031.6;266.9
37;16;7;1747.0;1810.0;2147.0;2234.5;2257.0;2034.3;218.4
37;17;7;1718.0;1731.0;2124.0;2190.5;2254.0;1991.3;233.1
37;18;7;1712.0;1813.5;2123.0;2194.0;2256.0;2015.1;210.3
37;19;7;1709.0;1769.0;2260.0;2274.0;2322.0;2053.9;265.3
37;20;7;1697.0;1793.5;2203.0;2291.0;2306.0;2053.6;256.9
37;21;7;1536.0;1690.0;2201.0;2250.0;2318.0;1990.7;311.4
37;22;7;1614.0;1666.0;2187.0;2212.0;2268.0;1975.0;284.1
37;23;7;1562.0;1754.0;2182.0;2198.5;2230.0;1982.7;260.7
37;24;7;1607.0;1774.0;2149.0;2165.5;2194.0;1975.6;229.2
37;25;7;1612.0;1718.5;2127.0;2190.5;2206.0;1966.1;249.6
37;26;7;1561.0;1727.0;2135.0;2150.5;2166.0;1945.3;244.8
37;27;7;1699.0;1763.0;2053.0;2085.0;2200.0;1949.7;186.2
37;28;7;1464.0;1618.5;2062.0;2095.5;2195.0;1878.4;277.1
37;29;7;1703.0;1711.5;2090.0;2102.0;2161.0;1940.1;201.6
37;30;7;1541.0;1602.5;2068.0;2079.0;2103.0;1867.9;249.0
37;31;7;1414.0;1508.0;1689.0;2018.5;2029.0;1740.7;255.0
37;32;7;1443.0;1525.5;1564.0;1981.5;2045.0;1723.7;245.0
37;33;7;1194.0;1488.0;1651.0;2033.0;2062.0;1707.0;318.3
37;34;7;1390.0;1609.5;1991.0;2013.5;2027.0;1807.7;245.3
37;35;7;1352.0;1514.0;1993.0;2000.0;2036.0;1772.7;277.4
37;36;7;1364.0;1505.5;2001.0;2016.0;2039.0;1778.1;286.2
37;37;7;1320.0;1457.5;1895.0;1980.5;2018.0;1729.9;282.7
37;38;7;1346.0;1516.0;1924.0;1932.5;1945.0;1730.3;240.5
37;39;7;1263.0;1308.5;1566.0;1967.5;1976.0;1622.4;315.0
37;40;7;1294.0;1463.0;1528.0;1970.5;2025.0;1673.4;282.4
37;41;7;1369.0;1483.0;1610.0;1877.0;1900.0;1657.0;214.6
37;42;7;1282.0;1291.5;1301.0;1948.0;1992.0;1579.1;333.1
37;43;7;1276.0;1332.0;1386.0;1883.5;1892.0;1569.3;276.2
37;44;7;1231.0;1296.5;1364.0;1810.0;1843.0;1521.6;262.2
37;45;7;1269.0;1300.0;1326.0;1904.5;1923.0;1561.0;303.5
37;46;7;1262.0;1357.0;1453.0;1903.0;1924.0;1594.1;281.4
37;47;7;1214.0;1324.0;1400.0;1901.5;1913.0;1568.3;296.5
37;48;7;1201.0;1266.0;1321.0;1822.5;1878.0;1511.0;288.1
37;49;7;1705.0;1815.5;1894.0;2302.5;2316.0;2021.6;253.0
37;50;7;1776.0;1837.0;1967.0;2238.5;2247.0;2020.1;198.9
37;51;7;1571.0;1695.5;1775.0;2184.5;2201.0;1901.0;257.9
37;52;7;1728.0;1777.5;1817.0;2241.0;2287.0;1981.3;239.8
37;53;7;1692.0;1784.5;1864.0;2246.0;2255.0;1981.7;236.1
37;54;7;1649.0;1763.5;1809.0;2238.5;2250.0;1958.9;250.1
37;55;7;1476.0;1744.0;1794.0;2224.5;2273.0;1925.7;289.6
37;56;7;1503.0;1623.0;1672.0;2265.0;2296.0;1892.4;335.3
37;57;7;1500.0;1660.5;1835.0;2145.0;2159.0;1872.1;260.2
37;58;7;1460.0;1575.0;1685.0;2155.0;2177.0;1826.0;299.9
37;59;7;1518.0;1566.0;1641.0;1897.5;2073.0;1737.0;213.5
37;60;7;1626.0;1658.5;1702.0;1920.5;2111.0;1799.6;198.0
37;61;7;1361.0;1530.0;1745.0;1885.5;2042.0;1711.3;238.9
37;62;7;1368.0;1483.0;1518.0;1858.5;2134.0;1671.9;289.4
37;63;7;1228.0;1310.0;1583.0;1787.0;2031.0;1576.6;301.9
37;64;7;1354.0;1426.0;1484.0;1725.5;1990.0;1590.1;243.9
37;65;7;1325.0;1371.0;1393.0;1816.5;1964.0;1579.6;260.5
37;66;7;1322.0;1453.5;1474.0;1767.0;1902.0;1591.3;211.3
37;67;7;1278.0;1374.5;1402.0;1672.0;1924.0;1528.1;253.9
37;68;7;1264.0;1288.0;1315.0;1620.0;1925.0;1474.3;277.8
37;69;7;1249.0;1279.5;1314.0;1608.5;1906.0;1463.6;279.0
37;70;7;1230.0;1261.5;1382.0;1715.5;1859.0;1489.3;254.8
37;71;7;1202.0;1255.5;1330.0;1582.0;1773.0;1425.7;225.2
37;72;7;1192.0;1238.5;1305.0;1614.5;1882.0;1440.7;278.4
37;73;7;1192.0;1240.0;1315.0;1620.0;1924.0;1450.1;301.2
37;74;7;1196.0;1249.5;1544.0;1857.5;1983.0;1562.4;316.8
37;75;7;1207.0;1220.0;1281.0;1786.5;1998.0;1499.9;332.7
37;76;7;1219.0;1233.5;1264.0;1545.0;1827.0;1409.6;263.3
37;77;7;1178.0;1225.0;1263.0;1691.0;1997.0;1467.1;331.0
37;78;7;1190.0;1201.5;1209.0;1582.0;1953.0;1417.0;330.2
37;79;7;1181.0;1184.0;1193.0;1427.5;1674.0;1324.4;203.9
37;80;7;1176.0;1207.5;1228.0;1510.0;1786.0;1375.0;255.6
37;81;7;1171.0;1227.0;1282.0;1494.5;1703.0;1371.3;213.6
37;82;7;1172.0;1187.0;1190.0;1401.0;1681.0;1317.0;209.0
37;83;7;1172.0;1174.5;1180.0;1286.0;1397.0;1238.6;97.5
37;84;7;1202.0;1228.5;1231.0;1637.0;1945.0;1444.1;318.4
37;85;7;1321.0;1418.5;1489.0;1768.5;1961.0;1592.1;243.8
37;86;7;1195.0;1474.5;1476.0;1772.0;1953.0;1588.1;255.7
37;87;7;1182.0;1228.0;1278.0;1614.5;1903.0;1435.4;295.9
37;88;7;1177.0;1204.5;1215.0;1526.5;1723.0;1368.1;223.4
37;89;7;1168.0;1196.0;1232.0;1252.5;1699.0;1285.1;171.6
37;90;7;1193.0;1216.5;1229.0;1291.0;1700.0;1305.3;165.0
37;91;7;1177.0;1223.5;1235.0;1282.0;1717.0;1305.7;171.3
37;92;7;1240.0;1274.0;1274.0;1329.5;1909.0;1375.7;219.8
37;93;7;1202.0;1203.5;1249.0;1291.0;1639.0;1297.0;144.4
37;94;7;1174.0;1280.0;1340.0;1385.0;1676.0;1360.0;147.0
37;95;7;1210.0;1210.0;1210.0;1291.0;1639.0;1294.4;145.1
37;96;7;1196.0;1238.5;1251.0;1289.0;1645.0;1306.7;141.4
37;97;7;1216.0;1259.5;1279.0;1284.0;1630.0;1316.0;130.2
37;98;7;1251.0;1288.5;1289.0;1312.5;1639.0;1340.1;123.7
37;99;7;1270.0;1326.0;1400.0;1599.5;2280.0;1543.0;334.4
38;0;7;1787.0;2162.0;2411.0;2456.0;2473.0;2272.4;262.0
38;1;7;1811.0;2091.5;2297.0;2378.0;2447.0;2213.4;231.0
38;2;7;1706.0;2070.5;2273.0;2358.0;2387.0;2174.7;250.9
38;3;7;1765.0;2034.0;2294.0;2302.0;2344.0;2153.6;233.9
38;4;7;1726.0;2076.5;2337.0;2385.5;2416.0;2200.4;270.5
38;5;7;1806.0;1987.0;2203.0;2251.0;2306.0;2113.0;198.1
38;6;7;1818.0;2035.5;2246.0;2254.5;2263.0;2129.6;187.0
38;7;7;1708.0;1956.5;2205.0;2241.5;2281.0;2084.3;230.4
38;8;7;1815.0;2022.0;2206.0;2247.0;2274.0;2119.0;183.3
38;9;7;1701.0;1989.0;2319.0;2371.0;2407.0;2163.9;289.6
38;10;7;1680.0;2008.5;2191.0;2238.5;2252.0;2088.1;215.5
38;11;7;1652.0;1898.5;2140.0;2237.5;2256.0;2045.7;242.7
38;12;7;1760.0;2036.5;2301.0;2339.5;2372.0;2169.3;240.9
38;13;7;1799.0;2035.5;2325.0;2354.5;2369.0;2181.9;242.3
38;14;7;1822.0;1908.0;2224.0;2270.5;2302.0;2100.7;194.8
38;15;7;1631.0;1676.0;2210.0;2233.5;2269.0;1989.9;286.1
38;16;7;1627.0;1846.0;2217.0;2231.0;2237.0;2033.6;240.1
38;17;7;1589.0;1667.5;2187.0;2190.0;2194.0;1955.0;273.8
38;18;7;1676.0;1854.0;2199.0;2256.0;2270.0;2052.1;233.0
38;19;7;1549.0;1736.5;2221.0;2224.0;2227.0;1988.3;284.4
38;20;7;1668.0;1697.0;2102.0;2136.0;2177.0;1944.7;224.7
38;21;7;1713.0;1740.5;2105.0;2125.0;2158.0;1958.1;197.2
38;22;7;1589.0;1733.5;2072.0;2104.5;2132.0;1924.1;214.3
38;23;7;1674.0;1753.0;2165.0;2194.5;2253.0;1998.1;237.7
38;24;7;1649.0;1719.0;2131.0;2135.5;2149.0;1948.3;220.1
38;25;7;1683.0;1744.0;2089.0;2127.5;2246.0;1965.9;215.4
38;26;7;1672.0;1727.5;2163.0;2173.0;2185.0;1974.4;230.8
38;27;7;1635.0;1659.0;2184.0;2231.5;2273.0;1981.9;287.6
38;28;7;1583.0;1737.0;2104.0;2131.0;2157.0;1940.0;226.4
38;29;7;1568.0;1779.5;2105.0;2131.0;2138.0;1947.4;219.8
38;30;7;1640.0;1676.5;2008.0;2045.0;2060.0;1878.7;187.6
38;31;7;1331.0;1620.0;1639.0;2133.0;2166.0;1806.0;308.6
38;32;7;1434.0;1476.5;1511.0;2057.5;2122.0;1733.6;300.7
38;33;7;1399.0;1452.5;1544.0;1876.0;1921.0;1645.9;217.8
38;34;7;1188.0;1429.5;1569.0;2002.0;2093.0;1673.3;329.5
38;35;7;1430.0;1495.0;1734.0;1751.0;1887.0;1649.0;162.5
38;36;7;1305.0;1466.5;1835.0;1870.0;1916.0;1675.6;235.1
38;37;7;1307.0;1371.5;1813.0;1850.5;1882.0;1635.1;249.6
38;38;7;1296.0;1565.0;1817.0;1836.0;1865.0;1682.9;200.1
38;39;7;1407.0;1474.0;1579.0;1845.5;1922.0;1649.6;201.3
38;40;7;1358.0;1425.5;1506.0;1877.0;1993.0;1637.4;249.6
38;41;7;1352.0;1374.5;1383.0;1706.0;1771.0;1523.9;179.0
38;42;7;1263.0;1273.5;1281.0;1791.5;1849.0;1503.3;268.5
38;43;7;1210.0;1428.5;1456.0;1857.0;1881.0;1588.3;251.8
38;44;7;1233.0;1265.0;1298.0;1789.0;1794.0;1490.4;260.9
38;45;7;1200.0;1275.5;1392.0;1821.5;1835.0;1517.3;272.9
38;46;7;1229.0;1258.0;1387.0;1903.5;1920.0;1551.3;313.3
38;47;7;1247.0;1247.5;1564.0;1840.0;1887.0;1553.3;282.0
38;48;7;1229.0;1364.5;1412.0;1794.0;1863.0;1545.9;241.9
38;49;7;1184.0;1403.0;1473.0;1827.5;1897.0;1573.6;256.1
38;50;7;1695.0;1744.0;1781.0;2292.5;2331.0;1982.9;280.5
38;51;7;1630.0;1727.0;1802.0;2201.5;2206.0;1927.9;244.8
38;52;7;1779.0;1816.5;1876.0;2291.0;2306.0;2025.1;236.3
38;53;7;1762.0;1781.5;1840.0;2247.0;2252.0;1987.3;227.5
38;54;7;1614.0;1790.0;1885.0;2273.5;2351.0;1996.7;274.2
38;55;7;1584.0;1700.5;1746.0;2294.0;2321.0;1948.6;311.0
38;56;7;1647.0;1774.5;1943.0;2232.5;2254.0;1979.7;238.9
38;57;7;1464.0;1717.5;1840.0;2265.5;2284.0;1936.3;308.4
38;58;7;1486.0;1677.5;1773.0;2238.0;2299.0;1912.7;315.0
38;59;7;1493.0;1580.0;1801.0;2032.0;2272.0;1827.1;296.8
38;60;7;1562.0;1618.5;1668.0;1973.5;2258.0;1810.3;273.3
38;61;7;1518.0;1644.0;1744.0;2017.0;2215.0;1828.4;257.3
38;62;7;1304.0;1414.5;1629.0;1891.5;2126.0;1667.3;309.3
38;63;7;1470.0;1529.0;1590.0;1901.0;2129.0;1721.3;263.8
38;64;7;1277.0;1395.5;1489.0;1751.5;1991.0;1578.7;272.0
38;65;7;1397.0;1483.5;1555.0;1812.5;2066.0;1658.6;252.7
38;66;7;1253.0;1394.0;1460.0;1784.0;1975.0;1577.7;262.4
38;67;7;1391.0;1471.5;1552.0;1776.5;2009.0;1635.4;239.3
38;68;7;1234.0;1399.0;1445.0;1746.5;1998.0;1566.9;282.4
38;69;7;1233.0;1361.0;1449.0;1762.0;1940.0;1552.6;264.6
38;70;7;1222.0;1291.5;1343.0;1609.5;1887.0;1464.9;260.2
38;71;7;1237.0;1249.0;1372.0;1655.5;1913.0;1475.9;281.9
38;72;7;1243.0;1260.5;1424.0;1711.5;1926.0;1505.3;278.6
38;73;7;1228.0;1274.5;1354.0;1656.0;1939.0;1483.1;286.8
38;74;7;1234.0;1265.0;1306.0;1643.5;1872.0;1461.3;263.5
38;75;7;1214.0;1244.0;1254.0;1627.0;1934.0;1449.1;304.2
38;76;7;1174.0;1288.5;1391.0;1740.0;1925.0;1506.7;284.6
38;77;7;1212.0;1295.5;1329.0;1678.0;1913.0;1485.9;277.3
38;78;7;1198.0;1211.0;1238.0;1595.0;1914.0;1423.1;301.2
38;79;7;1185.0;1268.0;1314.0;1611.0;1882.0;1448.4;276.5
38;80;7;1192.0;1219.0;1257.0;1582.0;1889.0;1420.0;296.2
38;81;7;1175.0;1234.5;1267.0;1588.5;1920.0;1429.7;307.5
38;82;7;1174.0;1222.5;1262.0;1571.5;1879.0;1414.7;294.3
38;83;7;1172.0;1184.5;1212.0;1557.5;1870.0;1391.1;302.2
38;84;7;1200.0;1245.5;1267.0;1690.5;2008.0;1478.1;338.7
38;85;7;1229.0;1241.0;1263.0;1637.5;1923.0;1453.1;299.6
38;86;7;1184.0;1197.0;1214.0;1619.0;1988.0;1431.1;352.7
38;87;7;1198.0;1201.5;1208.0;1578.0;1853.0;1402.6;286.9
38;88;7;1199.0;1223.5;1275.0;1582.5;1908.0;1427.7;297.5
38;89;7;1180.0;1204.5;1225.0;1248.0;1736.0;1292.3;182.7
38;90;7;1197.0;1236.0;1259.0;1299.5;1853.0;1340.0;212.7
38;91;7;1196.0;1220.5;1263.0;1384.0;2021.0;1384.1;274.3
38;92;7;1185.0;1243.5;1280.0;1324.5;1816.0;1345.3;197.6
38;93;7;1225.0;1249.5;1252.0;1268.5;1817.0;1332.9;198.1
38;94;7;1251.0;1268.0;1303.0;1350.0;1863.0;1379.0;201.5
38;95;7;1230.0;1259.5;1275.0;1301.0;1818.0;1349.1;192.8
38;96;7;1238.0;1266.5;1286.0;1287.5;1824.0;1350.9;194.0
38;97;7;1210.0;1238.5;1261.0;1275.5;1842.0;1334.4;208.4
38;98;7;1256.0;1261.0;1265.0;1282.5;1840.0;1349.7;200.6
38;99;7;1214.0;1260.0;1271.0;1291.0;1802.0;1341.3;189.7
39;0;7;1816.0;2164.0;2400.0;2425.0;2437.0;2261.6;242.3
39;1;7;1836.0;2102.5;2319.0;2356.0;2416.0;2212.6;211.3
39;2;7;1861.0;2130.5;2329.0;2366.0;2423.0;2229.4;207.3
39;3;7;1720.0;2081.0;2272.0;2332.5;2348.0;2166.7;234.4
39;4;7;1928.0;2135.5;2266.0;2273.0;2338.0;2192.7;138.9
39;5;7;1786.0;2053.0;2308.0;2383.0;2411.0;2196.7;249.7
39;6;7;1791.0;2080.0;2301.0;2316.0;2358.0;2177.4;219.7
39;7;7;1801.0;2075.5;2300.0;2418.5;2443.0;2218.9;252.6
39;8;7;1716.0;1988.0;2281.0;2301.0;2349.0;2132.0;245.9
39;9;7;1777.0;1995.5;2199.0;2267.5;2279.0;2111.6;191.6
39;10;7;1766.0;2075.0;2274.0;2301.5;2316.0;2158.4;215.1
39;11;7;1763.0;2028.0;2255.0;2295.0;2299.0;2137.6;218.6
39;12;7;1686.0;1999.0;2271.0;2287.5;2325.0;2122.1;241.8
39;13;7;1786.0;2030.5;2277.0;2319.0;2368.0;2161.4;227.2
39;14;7;1687.0;1804.0;2225.0;2230.5;2240.0;2031.6;234.7
39;15;7;1612.0;1707.0;2118.0;2161.5;2235.0;1957.4;249.2
39;16;7;1758.0;1780.0;2182.0;2200.0;2232.0;2018.9;213.8
39;17;7;1583.0;1726.5;2136.0;2224.5;2291.0;1987.4;276.8
39;18;7;1741.0;1786.5;2170.0;2184.0;2203.0;2007.9;205.7
39;19;7;1634.0;1690.0;2094.0;2159.0;2191.0;1945.3;240.1
39;20;7;1629.0;1701.0;2103.0;2151.0;2207.0;1949.0;239.2
39;21;7;1458.0;1713.5;2091.0;2106.5;2125.0;1902.0;250.3
39;22;7;1638.0;1693.5;2142.0;2180.5;2197.0;1960.7;250.0
39;23;7;1552.0;1702.5;2200.0;2246.0;2265.0;1987.7;294.8
39;24;7;1425.0;1569.5;2122.0;2133.5;2141.0;1870.6;307.4
39;25;7;1519.0;1673.5;2058.0;2094.5;2146.0;1894.1;241.7
39;26;7;1280.0;1529.5;1954.0;2012.5;2057.0;1767.9;300.7
39;27;7;1536.0;1653.5;2002.0;2052.0;2071.0;1860.0;221.1
39;28;7;1353.0;1447.0;2010.0;2030.0;2078.0;1770.7;312.1
39;29;7;1492.0;1649.0;2048.0;2072.5;2095.0;1868.3;241.2
39;30;7;1291.0;1411.0;1980.0;1996.5;2045.0;1733.0;316.7
39;31;7;1320.0;1335.0;1574.0;1962.5;1977.0;1638.0;296.3
39;32;7;1269.0;1320.5;1607.0;1964.0;2001.0;1635.1;312.6
39;33;7;1507.0;1562.5;1720.0;1984.5;2014.0;1762.1;210.4
39;34;7;1185.0;1317.0;1687.0;1938.5;1973.0;1622.3;319.8
39;35;7;1281.0;1315.0;1906.0;2003.0;2013.0;1690.9;337.2
39;36;7;1194.0;1407.0;1884.0;1900.0;1927.0;1659.9;298.3
39;37;7;1206.0;1238.0;1881.0;1904.0;1912.0;1611.9;333.4
39;38;7;1225.0;1303.0;1855.0;1861.5;1871.0;1611.4;291.4
39;39;7;1212.0;1265.0;1315.0;1866.0;1875.0;1523.4;300.7
39;40;7;1183.0;1213.5;1314.0;1860.0;1861.0;1500.7;313.7
39;41;7;1187.0;1208.0;1229.0;1868.5;1869.0;1491.1;327.2
39;42;7;1189.0;1203.0;1250.0;1827.5;1853.0;1479.0;309.8
39;43;7;1187.0;1198.0;1339.0;1832.5;1839.0;1489.4;302.7
39;44;7;1188.0;1194.5;1214.0;1827.0;1833.0;1468.3;312.5
39;45;7;1206.0;1238.0;1272.0;1820.0;1836.0;1490.0;291.3
39;46;7;1185.0;1224.5;1259.0;1838.5;1849.0;1488.4;307.3
39;47;7;1182.0;1200.5;1352.0;1829.5;1857.0;1493.0;304.0
39;48;7;1170.0;1184.5;1195.0;1506.5;1511.0;1322.6;160.8
39;49;7;1178.0;1187.5;1195.0;1513.0;1555.0;1332.7;168.9
39;50;7;1178.0;1186.0;1210.0;1478.0;1551.0;1323.9;156.6
39;51;7;1170.0;1181.0;1202.0;1348.0;1348.0;1254.0;81.9
39;52;7;1182.0;1189.5;1198.0;1344.5;1347.0;1256.4;77.1
39;53;7;1188.0;1191.5;1192.0;1345.0;1347.0;1257.1;76.7
39;54;7;1192.0;1192.0;1192.0;1345.0;1350.0;1258.3;76.6
39;55;7;1187.0;1195.0;1204.0;1391.5;1398.0;1280.3;98.4
39;56;7;1183.0;1201.0;1206.0;1415.5;1422.0;1292.0;109.1
39;57;7;1188.0;1194.5;1207.0;1416.5;1422.0;1291.3;110.2
39;58;7;1183.0;1187.5;1204.0;1438.5;1442.0;1297.3;123.5
39;59;7;1187.0;1192.5;1193.0;1441.5;1442.0;1298.6;123.9
39;60;7;1180.0;1188.5;1192.0;1442.0;1442.0;1296.4;126.1
39;61;7;1186.0;1202.5;1230.0;1442.0;1442.0;1306.7;117.8
39;62;7;1180.0;1193.5;1213.0;1438.0;1442.0;1299.7;121.3
39;63;7;1182.0;1188.0;1192.0;1442.0;1442.0;1296.6;126.0
39;64;7;1179.0;1186.5;1197.0;1322.5;1442.0;1262.3;113.9
39;65;7;1184.0;1192.0;1196.0;1322.5;1442.0;1264.4;112.4
39;66;7;1180.0;1182.0;1203.0;1316.5;1431.0;1258.7;109.0
39;67;7;1188.0;1195.5;1203.0;1281.0;1394.0;1248.3;81.9
39;68;7;1168.0;1182.0;1183.0;1271.5;1410.0;1238.3;93.6
39;69;7;1195.0;1199.0;1203.0;1311.5;1442.0;1265.9;101.8
39;70;7;1208.0;1219.5;1246.0;1586.0;1946.0;1430.1;298.6
39;71;7;1178.0;1184.5;1189.0;1600.5;1989.0;1418.0;360.7
39;72;7;1177.0;1182.5;1188.0;1285.5;1707.0;1286.9;182.5
39;73;7;1174.0;1177.0;1180.0;1254.0;1328.0;1220.6;65.3
39;74;7;1180.0;1180.0;1181.0;1249.5;1324.0;1220.6;62.3
39;75;7;1178.0;1186.0;1197.0;1249.0;1302.0;1221.0;51.3
39;76;7;1177.0;1179.0;1180.0;1242.0;1302.0;1214.4;55.4
39;77;7;1178.0;1178.0;1178.0;1228.5;1279.0;1206.9;45.6
39;78;7;1173.0;1177.0;1183.0;1256.5;1320.0;1220.4;62.7
39;79;7;1178.0;1182.0;1182.0;1257.0;1324.0;1223.1;63.9
39;80;7;1167.0;1177.5;1182.0;1259.5;1324.0;1221.0;65.6
39;81;7;1175.0;1182.0;1182.0;1253.0;1324.0;1221.6;64.8
39;82;7;1174.0;1178.0;1182.0;1253.0;1324.0;1220.3;65.6
39;83;7;1172.0;1178.5;1190.0;1570.0;1754.0;1373.3;249.5
39;84;7;1171.0;1177.0;1186.0;1467.5;1778.0;1346.3;262.2
39;85;7;1175.0;1179.0;1184.0;1539.5;1845.0;1377.3;285.7
39;86;7;1242.0;1267.0;1288.0;1574.5;1851.0;1437.7;260.4
39;87;7;1170.0;1199.5;1272.0;1610.5;1851.0;1416.1;271.8
39;88;7;1170.0;1171.0;1180.0;1252.0;1318.0;1216.3;64.6
39;89;7;1171.0;1172.0;1180.0;1281.0;1914.0;1310.1;256.5
39;90;7;1176.0;1176.0;1176.0;1176.0;1294.0;1192.9;41.3
39;91;7;1176.0;1176.0;1176.0;1195.0;1878.0;1281.7;243.8
39;92;7;1170.0;1176.0;1176.0;1179.0;1294.0;1192.9;41.4
39;93;7;1176.0;1176.0;1176.0;1179.0;1294.0;1193.7;41.0
39;94;7;1175.0;1175.0;1175.0;1176.0;1297.0;1192.7;42.6
39;95;7;1178.0;1178.0;1183.0;1183.0;1298.0;1197.3;41.2
39;96;7;1167.0;1175.0;1175.0;1176.5;1297.0;1191.7;43.1
39;97;7;1175.0;1186.0;1197.0;1257.0;1898.0;1308.0;244.0
39;98;7;1170.0;1176.5;1203.0;1321.0;1976.0;1334.9;273.9
39;99;7;1170.0;1172.0;1172.0;1353.5;1976.0;1338.4;273.8
40;0;7;1870.0;2163.0;2421.0;2466.0;2511.0;2294.3;256.0
40;1;7;1800.0;2118.0;2332.0;2358.0;2377.0;2208.7;225.0
40;2;7;1798.0;2094.0;2349.0;2371.5;2410.0;2212.6;244.3
40;3;7;1792.0;2027.5;2254.0;2290.5;2318.0;2142.9;214.5
40;4;7;1835.0;2131.5;2280.0;2316.5;2350.0;2194.4;185.9
40;5;7;1705.0;2054.5;2284.0;2309.5;2321.0;2148.3;244.1
40;6;7;1793.0;2072.0;2270.0;2332.5;2359.0;2175.9;219.0
40;7;7;1736.0;2053.5;2249.0;2275.5;2279.0;2131.7;211.5
40;8;7;1741.0;2077.5;2279.0;2296.5;2318.0;2155.1;217.6
40;9;7;1755.0;2049.0;2252.0;2296.0;2320.0;2145.3;213.7
40;10;7;1742.0;2018.5;2253.0;2292.5;2312.0;2132.7;231.4
40;11;7;1687.0;1934.5;2247.0;2262.0;2278.0;2086.4;248.6
40;12;7;1749.0;2089.5;2339.0;2358.0;2369.0;2193.1;253.5
40;13;7;1775.0;2001.5;2175.0;2203.5;2272.0;2090.3;183.3
40;14;7;1755.0;1815.0;2207.0;2209.5;2250.0;2037.3;211.1
40;15;7;1657.0;1829.0;2209.0;2224.0;2227.0;2028.4;230.9
40;16;7;1682.0;1723.0;2142.0;2162.5;2234.0;1975.6;232.6
40;17;7;1688.0;1725.0;2207.0;2246.0;2265.0;2014.6;262.3
40;18;7;1653.0;1690.5;2178.0;2211.5;2259.0;1984.9;267.2
40;19;7;1691.0;1779.0;2178.0;2195.0;2224.0;2005.9;223.9
40;20;7;1656.0;1719.5;2128.0;2163.0;2181.0;1961.4;229.5
40;21;7;1678.0;1741.5;2167.0;2197.0;2230.0;1993.1;239.1
40;22;7;1652.0;1739.0;2213.0;2224.0;2266.0;2008.1;262.8
40;23;7;1585.0;1720.5;2090.0;2123.0;2167.0;1932.7;228.5
40;24;7;1555.0;1631.5;2153.0;2173.0;2190.0;1929.6;283.1
40;25;7;1401.0;1625.0;2041.0;2096.5;2119.0;1857.7;278.6
40;26;7;1555.0;1747.5;2182.0;2207.5;2247.0;1984.9;268.5
40;27;7;1592.0;1703.5;2066.0;2084.0;2090.0;1903.3;208.3
40;28;7;1645.0;1720.0;2101.0;2155.0;2202.0;1956.9;232.5
40;29;7;1503.0;1657.5;2115.0;2153.5;2185.0;1917.9;278.1
40;30;7;1567.0;1644.0;2147.0;2153.5;2195.0;1929.1;270.6
40;31;7;1318.0;1425.0;1660.0;2018.5;2044.0;1701.3;297.9
40;32;7;1341.0;1397.0;1601.0;1978.0;1992.0;1669.1;282.4
40;33;7;1284.0;1350.5;1573.0;1957.0;1974.0;1635.1;296.8
40;34;7;1381.0;1446.5;1942.0;1950.5;1959.0;1725.1;261.8
40;35;7;1312.0;1473.5;1830.0;1888.0;1922.0;1683.9;239.4
40;36;7;1281.0;1394.5;1842.0;1872.0;1884.0;1648.6;256.5
40;37;7;1361.0;1419.5;1860.0;1929.5;1942.0;1694.4;257.8
40;38;7;1232.0;1288.5;1749.0;1773.0;1811.0;1559.3;253.3
40;39;7;1215.0;1321.5;1481.0;1855.0;1921.0;1567.1;279.7
40;40;7;1257.0;1332.5;1564.0;1905.0;1937.0;1604.7;283.6
40;41;7;1197.0;1300.5;1416.0;1924.5;1949.0;1573.1;317.1
40;42;7;1198.0;1249.0;1355.0;1973.5;2000.0;1571.1;359.5
40;43;7;1265.0;1408.5;1541.0;1931.5;1966.0;1636.0;276.4
40;44;7;1224.0;1305.0;1479.0;1946.0;1964.0;1595.6;317.6
40;45;7;1192.0;1315.5;1391.0;1901.5;1924.0;1563.0;306.4
40;46;7;1190.0;1199.5;1491.0;1860.5;1959.0;1537.1;327.6
40;47;7;1194.0;1259.0;1408.0;1948.5;1990.0;1572.4;343.8
40;48;7;1199.0;1318.0;1551.0;1905.0;1962.0;1594.0;302.8
40;49;7;1730.0;1818.0;1964.0;2279.5;2336.0;2032.1;240.3
40;50;7;1606.0;1727.0;1860.0;2300.5;2312.0;1976.1;292.8
40;51;7;1680.0;1777.5;1939.0;2294.0;2302.0;2009.1;258.9
40;52;7;1666.0;1762.5;1884.0;2333.5;2366.0;2015.4;291.5
40;53;7;1613.0;1705.5;1839.0;2264.5;2305.0;1956.7;286.9
40;54;7;1545.0;1701.0;1838.0;2203.5;2237.0;1918.4;269.2
40;55;7;1615.0;1662.5;1819.0;2231.0;2256.0;1925.3;278.3
40;56;7;1532.0;1659.0;1814.0;2215.0;2249.0;1906.1;291.6
40;57;7;1582.0;1674.5;1779.0;2196.0;2218.0;1902.9;268.0
40;58;7;1499.0;1686.5;1761.0;2274.5;2285.0;1923.9;316.5
40;59;7;1410.0;1519.0;1647.0;1991.5;2186.0;1752.0;291.9
40;60;7;1537.0;1569.0;1586.0;1871.0;2210.0;1744.7;277.1
40;61;7;1407.0;1459.5;1538.0;1894.5;2101.0;1679.1;278.2
40;62;7;1318.0;1408.0;1572.0;1936.5;2131.0;1672.9;316.6
40;63;7;1190.0;1297.5;1479.0;1802.0;1995.0;1551.9;306.5
40;64;7;1300.0;1349.0;1437.0;1791.5;1928.0;1563.7;248.7
40;65;7;1291.0;1327.0;1479.0;1733.0;1930.0;1545.7;253.8
40;66;7;1219.0;1385.5;1600.0;1747.0;1893.0;1568.1;241.0
40;67;7;1297.0;1439.0;1487.0;1681.5;1945.0;1567.1;224.9
40;68;7;1286.0;1307.5;1328.0;1649.5;1932.0;1494.3;276.1
40;69;7;1201.0;1266.5;1309.0;1605.5;1804.0;1436.9;235.4
40;70;7;1233.0;1273.0;1288.0;1543.0;1783.0;1419.4;230.8
40;71;7;1196.0;1215.5;1261.0;1515.5;1781.0;1385.7;247.1
40;72;7;1231.0;1250.5;1255.0;1530.5;1771.0;1402.7;233.5
40;73;7;1190.0;1206.5;1237.0;1499.5;1765.0;1372.0;247.5
40;74;7;1199.0;1212.5;1258.0;1518.0;1746.0;1380.6;231.8
40;75;7;1192.0;1227.5;1237.0;1544.5;1742.0;1387.9;227.4
40;76;7;1178.0;1200.5;1210.0;1483.0;1745.0;1357.1;245.6
40;77;7;1192.0;1225.0;1255.0;1455.5;1706.0;1359.1;203.4
40;78;7;1177.0;1184.0;1186.0;1327.0;1507.0;1270.3;136.6
40;79;7;1198.0;1212.0;1251.0;1648.0;1849.0;1431.1;272.9
40;80;7;1203.0;1215.0;1236.0;1532.0;1808.0;1391.6;258.6
40;81;7;1188.0;1204.5;1213.0;1558.0;1865.0;1398.7;290.5
40;82;7;1181.0;1203.5;1244.0;1551.5;1865.0;1400.0;286.8
40;83;7;1186.0;1188.0;1191.0;1332.5;1483.0;1271.6;130.9
40;84;7;1180.0;1194.0;1204.0;1346.0;1483.0;1278.1;129.9
40;85;7;1181.0;1185.0;1195.0;1342.5;1483.0;1273.4;132.7
40;86;7;1188.0;1189.0;1199.0;1211.5;1526.0;1244.9;115.2
40;87;7;1173.0;1188.0;1188.0;1209.5;1483.0;1234.1;102.4
40;88;7;1211.0;1233.5;1238.0;1435.0;1630.0;1345.1;180.4
40;89;7;1181.0;1185.0;1210.0;1236.0;1600.0;1261.9;140.3
40;90;7;1186.0;1192.0;1214.0;1339.0;2006.0;1352.6;274.2
40;91;7;1184.0;1189.5;1211.0;1394.0;1822.0;1340.6;219.3
40;92;7;1184.0;1195.5;1208.0;1364.5;2019.0;1361.6;278.6
40;93;7;1184.0;1220.5;1317.0;1426.5;2096.0;1413.0;294.1
40;94;7;1192.0;1207.5;1271.0;1293.5;1956.0;1345.9;252.6
40;95;7;1358.0;1374.0;1387.0;1423.0;1650.0;1427.0;94.1
40;96;7;1179.0;1190.5;1231.0;1308.5;1621.0;1289.9;149.6
40;97;7;1183.0;1195.0;1202.0;1215.5;1604.0;1258.6;141.4
40;98;7;1194.0;1198.0;1209.0;1243.0;1587.0;1267.4;131.9
40;99;7;1194.0;1194.0;1194.0;1202.5;1587.0;1252.6;136.7
41;0;7;1778.0;2195.0;2381.0;2388.5;2427.0;2250.4;234.5
41;1;7;1900.0;2173.5;2431.0;2442.5;2449.0;2287.4;232.4
41;2;7;1765.0;2061.5;2223.0;2273.0;2320.0;2139.6;189.8
41;3;7;1778.0;1995.0;2195.0;2263.5;2317.0;2115.3;208.4
41;4;7;1930.0;2107.0;2271.0;2296.5;2328.0;2190.9;161.2
41;5;7;1890.0;2183.0;2369.0;2393.5;2448.0;2265.7;203.8
41;6;7;1669.0;2075.0;2346.0;2352.5;2365.0;2176.4;278.4
41;7;7;1772.0;2041.0;2296.0;2354.0;2379.0;2176.7;243.6
41;8;7;1875.0;2115.0;2334.0;2367.5;2392.0;2223.7;211.7
41;9;7;1809.0;1983.0;2158.0;2193.0;2231.0;2078.6;168.9
41;10;7;1861.0;2100.0;2265.0;2285.0;2293.0;2169.9;165.3
41;11;7;1778.0;2034.0;2293.0;2311.5;2328.0;2155.7;226.8
41;12;7;1732.0;1945.0;2204.0;2225.0;2240.0;2073.7;209.8
41;13;7;1745.0;2014.5;2245.0;2288.5;2332.0;2132.6;234.1
41;14;7;1666.0;1836.5;2221.0;2224.5;2283.0;2041.7;236.6
41;15;7;1620.0;1766.5;2186.0;2218.5;2257.0;2004.7;255.0
41;16;7;1698.0;1812.0;2297.0;2323.5;2349.0;2087.9;274.9
41;17;7;1628.0;1761.0;2242.0;2278.5;2373.0;2046.0;292.4
41;18;7;1741.0;1809.5;2190.0;2245.0;2332.0;2053.1;236.5
41;19;7;1580.0;1716.0;2077.0;2120.5;2144.0;1924.9;224.9
41;20;7;1629.0;1728.0;2144.0;2206.5;2250.0;1984.6;255.1
41;21;7;1656.0;1789.0;2194.0;2207.0;2219.0;2008.7;241.7
41;22;7;1514.0;1622.0;2221.0;2293.5;2356.0;1988.9;355.6
41;23;7;1677.0;1742.0;2125.0;2211.5;2259.0;1995.4;243.5
41;24;7;1590.0;1665.0;2226.0;2251.0;2263.0;1987.3;301.9
41;25;7;1526.0;1689.5;2093.0;2118.0;2153.0;1912.4;246.1
41;26;7;1580.0;1647.5;2188.0;2210.0;2223.0;1958.0;289.5
41;27;7;1654.0;1714.0;2169.0;2176.5;2289.0;1984.7;255.7
41;28;7;1344.0;1659.5;2090.0;2164.0;2186.0;1895.3;314.0
41;29;7;1507.0;1545.5;2122.0;2160.5;2187.0;1889.7;310.1
41;30;7;1497.0;1542.5;2071.0;2137.5;2197.0;1875.0;303.7
41;31;7;1513.0;1576.0;1658.0;2119.0;2190.0;1821.6;282.9
41;32;7;1361.0;1551.5;1680.0;2151.0;2207.0;1807.6;325.8
41;33;7;1445.0;1544.0;1629.0;2114.0;2137.0;1789.6;291.9
41;34;7;1289.0;1405.5;1605.0;2204.5;2239.0;1764.7;402.9
41;35;7;1395.0;1657.0;2079.0;2086.0;2095.0;1865.0;268.6
41;36;7;1385.0;1515.0;2068.0;2096.0;2104.0;1825.6;314.6
41;37;7;1247.0;1511.5;1975.0;1990.5;2042.0;1752.6;309.4
41;38;7;1463.0;1546.5;1972.0;2008.0;2048.0;1798.9;246.0
41;39;7;1304.0;1443.0;1495.0;2055.0;2074.0;1695.6;322.5
41;40;7;1291.0;1396.0;1495.0;2072.5;2089.0;1687.4;346.5
41;41;7;1304.0;1494.5;1609.0;1983.0;2040.0;1701.1;275.4
41;42;7;1270.0;1563.0;1592.0;2052.0;2096.0;1741.1;299.5
41;43;7;1445.0;1554.0;1638.0;2059.0;2082.0;1770.1;264.6
41;44;7;1194.0;1318.5;1389.0;2060.5;2080.0;1631.6;380.9
41;45;7;1203.0;1294.5;1532.0;2086.5;2099.0;1656.6;388.2
41;46;7;1208.0;1404.0;1459.0;2048.0;2063.0;1662.0;346.5
41;47;7;1284.0;1355.5;1424.0;2079.0;2087.0;1666.3;361.7
41;48;7;1213.0;1416.5;1733.0;2036.5;2044.0;1699.4;326.2
41;49;7;1206.0;1249.0;1273.0;1887.5;1889.0;1520.1;319.2
41;50;7;1662.0;1774.5;1887.0;2303.0;2408.0;2016.0;293.4
41;51;7;1738.0;1912.0;1944.0;2256.0;2319.0;2048.1;208.6
41;52;7;1726.0;1754.5;1887.0;2201.0;2215.0;1962.7;216.0
41;53;7;1607.0;1680.0;1794.0;2304.5;2322.0;1956.0;311.2
41;54;7;1573.0;1707.5;1784.0;2167.5;2228.0;1905.0;252.3
41;55;7;1722.0;1766.0;1820.0;2254.0;2284.0;1980.9;246.9
41;56;7;1601.0;1727.5;1809.0;2197.0;2236.0;1927.9;251.6
41;57;7;1692.0;1760.5;1787.0;2185.0;2241.0;1944.4;227.2
41;58;7;1613.0;1695.5;1754.0;2192.0;2207.0;1907.0;254.7
41;59;7;1627.0;1684.5;1731.0;1946.0;2122.0;1820.1;195.5
41;60;7;1601.0;1678.0;1769.0;2004.5;2226.0;1851.6;240.4
41;61;7;1452.0;1606.5;1641.0;2002.5;2199.0;1787.1;276.7
41;62;7;1301.0;1613.0;1656.0;1908.5;2110.0;1730.0;268.1
41;63;7;1359.0;1503.0;1592.0;1809.0;2054.0;1661.3;251.0
41;64;7;1177.0;1422.5;1547.0;1797.0;1981.0;1592.0;275.8
41;65;7;1427.0;1479.0;1560.0;1874.0;2009.0;1671.7;233.4
41;66;7;1239.0;1313.0;1340.0;1722.0;1942.0;1513.0;277.1
41;67;7;1230.0;1338.0;1410.0;1686.0;1958.0;1520.9;281.2
41;68;7;1233.0;1321.0;1424.0;1677.5;1929.0;1511.9;267.8
41;69;7;1194.0;1304.5;1359.0;1684.0;1986.0;1502.3;311.0
41;70;7;1246.0;1295.0;1360.0;1621.0;1901.0;1477.0;260.3
41;71;7;1240.0;1298.5;1367.0;1649.5;1904.0;1486.7;269.0
41;72;7;1236.0;1249.5;1317.0;1644.0;1920.0;1465.7;290.0
41;73;7;1205.0;1260.0;1341.0;1656.5;1967.0;1478.0;312.5
41;74;7;1202.0;1267.0;1291.0;1641.0;1966.0;1467.9;314.9
41;75;7;1197.0;1262.5;1305.0;1617.0;1874.0;1447.9;272.3
41;76;7;1201.0;1240.5;1290.0;1644.0;1988.0;1464.0;331.3
41;77;7;1197.0;1221.5;1285.0;1662.0;2012.0;1465.9;346.0
41;78;7;1179.0;1201.0;1233.0;1746.5;2024.0;1475.9;357.3
41;79;7;1194.0;1219.0;1275.0;1769.0;2001.0;1492.3;338.4
41;80;7;1206.0;1305.5;1386.0;1788.0;2012.0;1541.6;316.4
41;81;7;1198.0;1230.5;1251.0;1627.0;2006.0;1452.9;338.9
41;82;7;1187.0;1225.5;1263.0;1624.0;1904.0;1436.1;298.5
41;83;7;1187.0;1224.0;1256.0;1751.5;2005.0;1485.6;341.2
41;84;7;1179.0;1180.5;1182.0;1626.0;2025.0;1428.4;377.0
41;85;7;1200.0;1210.5;1232.0;1653.5;2023.0;1454.7;359.2
41;86;7;1175.0;1200.0;1227.0;1467.0;1661.0;1342.4;202.4
41;87;7;1174.0;1178.0;1184.0;1192.5;1394.0;1213.3;74.1
41;88;7;1174.0;1175.5;1181.0;1188.5;1368.0;1207.3;65.9
41;89;7;1172.0;1178.5;1188.0;1198.0;1363.0;1210.9;62.8
41;90;7;1169.0;1174.5;1180.0;1191.5;1373.0;1207.7;68.1
41;91;7;1175.0;1181.5;1185.0;1196.0;1363.0;1211.1;62.4
41;92;7;1170.0;1175.5;1179.0;1194.0;1366.0;1207.7;65.4
41;93;7;1176.0;1183.5;1194.0;1202.0;1367.0;1215.4;62.6
41;94;7;1175.0;1180.0;1186.0;1187.0;1362.0;1208.1;62.9
41;95;7;1187.0;1187.0;1187.0;1187.0;1350.0;1210.3;57.0
41;96;7;1173.0;1176.0;1201.0;1218.0;1420.0;1226.0;81.3
41;97;7;1175.0;1195.5;1233.0;1250.0;1452.0;1250.1;86.9
41;98;7;1179.0;1190.0;1202.0;1224.0;1438.0;1235.3;85.1
41;99;7;1206.0;1216.5;1230.0;1250.5;1441.0;1258.7;76.6
42;0;7;1860.0;2151.0;2294.0;2305.5;2328.0;2199.3;167.4
42;1;7;1754.0;1951.0;2251.0;2300.0;2345.0;2121.7;238.7
42;2;7;1759.0;2017.0;2248.0;2300.0;2319.0;2137.1;225.0
42;3;7;1792.0;2080.5;2319.0;2372.5;2402.0;2202.7;239.1
42;4;7;1768.0;1998.0;2205.0;2288.0;2342.0;2126.7;218.0
42;5;7;1852.0;2078.5;2263.0;2277.0;2295.0;2160.1;175.9
42;6;7;1908.0;2118.5;2271.0;2319.5;2348.0;2200.4;169.1
42;7;7;1751.0;2033.5;2279.0;2309.5;2326.0;2148.9;234.7
42;8;7;1712.0;2098.0;2385.0;2418.5;2451.0;2225.9;281.0
42;9;7;1774.0;2048.5;2246.0;2268.5;2313.0;2138.1;202.4
42;10;7;1826.0;2041.5;2225.0;2265.0;2285.0;2135.6;186.7
42;11;7;1917.0;2098.5;2271.0;2321.5;2357.0;2197.9;171.8
42;12;7;1841.0;2023.0;2203.0;2250.5;2278.0;2124.1;176.9
42;13;7;1703.0;1982.5;2189.0;2231.0;2257.0;2082.3;208.9
42;14;7;1697.0;1821.5;2246.0;2289.5;2312.0;2068.1;254.3
42;15;7;1743.0;1810.0;2266.0;2278.5;2352.0;2076.9;252.8
42;16;7;1673.0;1755.5;2169.0;2191.5;2222.0;1994.0;234.5
42;17;7;1724.0;1761.0;2176.0;2250.0;2285.0;2029.6;246.4
42;18;7;1680.0;1733.0;2172.0;2233.0;2271.0;2007.9;255.7
42;19;7;1720.0;1741.0;2169.0;2258.5;2317.0;2029.3;259.9
42;20;7;1717.0;1740.0;2160.0;2186.0;2207.0;1990.9;224.5
42;21;7;1662.0;1718.5;2081.0;2173.0;2227.0;1964.7;233.9
42;22;7;1619.0;1674.0;2161.0;2174.0;2259.0;1962.1;267.6
42;23;7;1588.0;1676.5;2121.0;2143.0;2173.0;1931.6;248.7
42;24;7;1589.0;1692.5;2124.0;2149.5;2168.0;1937.9;245.1
42;25;7;1561.0;1685.5;2138.0;2205.5;2216.0;1956.7;274.7
42;26;7;1621.0;1707.0;2177.0;2220.5;2269.0;1988.9;272.2
42;27;7;1640.0;1753.5;2162.0;2182.0;2205.0;1982.6;235.3
42;28;7;1665.0;1742.0;2143.0;2152.5;2168.0;1966.4;221.8
42;29;7;1527.0;1713.0;2118.0;2185.5;2201.0;1949.0;268.2
42;30;7;1614.0;1765.0;2121.0;2123.0;2147.0;1951.1;210.8
42;31;7;1604.0;1663.0;1688.0;2144.0;2167.0;1867.6;247.5
42;32;7;1389.0;1459.5;1664.0;2086.0;2107.0;1750.1;308.2
42;33;7;1269.0;1542.5;1586.0;2010.5;2088.0;1721.3;292.9
42;34;7;1297.0;1384.5;1925.0;1935.5;1948.0;1687.1;288.8
42;35;7;1261.0;1446.5;2000.0;2094.0;2102.0;1777.7;347.0
42;36;7;1426.0;1573.5;1905.0;1943.5;2014.0;1768.4;219.7
42;37;7;1318.0;1521.0;1881.0;1908.5;1929.0;1712.4;233.9
42;38;7;1272.0;1417.0;1910.0;1919.5;1984.0;1691.3;290.6
42;39;7;1297.0;1501.0;1669.0;2130.0;2141.0;1767.0;333.0
42;40;7;1282.0;1346.5;1547.0;2009.5;2095.0;1662.3;336.4
42;41;7;1279.0;1372.5;1476.0;1885.5;1932.0;1600.4;266.6
42;42;7;1241.0;1387.0;1663.0;1900.5;1943.0;1631.7;271.5
42;43;7;1218.0;1248.5;1252.0;1902.5;1972.0;1534.9;339.4
42;44;7;1222.0;1275.5;1478.0;1945.0;1986.0;1589.6;329.3
42;45;7;1246.0;1443.5;1560.0;1827.5;1848.0;1599.4;221.7
42;46;7;1180.0;1324.0;1503.0;1841.0;1855.0;1552.6;270.3
42;47;7;1193.0;1247.5;1417.0;1758.5;1951.0;1510.4;284.8
42;48;7;1183.0;1192.5;1248.0;1604.5;1767.0;1398.9;235.3
42;49;7;1171.0;1181.5;1198.0;1315.0;1334.0;1242.3;69.4
42;50;7;1181.0;1187.5;1191.0;1299.5;1312.0;1236.9;58.1
42;51;7;1178.0;1178.5;1180.0;1269.5;1337.0;1227.3;59.8
42;52;7;1175.0;1178.5;1192.0;1260.5;1262.0;1215.3;39.9
42;53;7;1176.0;1179.0;1199.0;1256.0;1258.0;1214.7;37.0
42;54;7;1173.0;1175.0;1185.0;1253.5;1254.0;1209.9;38.1
42;55;7;1174.0;1176.5;1181.0;1247.0;1249.0;1207.3;35.0
42;56;7;1173.0;1177.5;1185.0;1247.0;1249.0;1208.0;34.5
42;57;7;1173.0;1180.5;1183.0;1249.0;1250.0;1209.3;34.8
42;58;7;1179.0;1182.5;1183.0;1246.0;1248.0;1209.6;32.2
42;59;7;1176.0;1181.0;1184.0;1247.0;1247.0;1209.0;33.0
42;60;7;1174.0;1176.0;1184.0;1246.0;1247.0;1207.0;34.2
42;61;7;1176.0;1183.0;1184.0;1244.0;1245.0;1208.4;31.2
42;62;7;1169.0;1179.5;1183.0;1243.0;1244.0;1205.9;32.8
42;63;7;1176.0;1178.0;1180.0;1241.5;1244.0;1205.6;31.9
42;64;7;1176.0;1176.0;1176.0;1210.5;1244.0;1195.6;30.3
42;65;7;1176.0;1179.0;1183.0;1218.5;1248.0;1200.3;30.2
42;66;7;1171.0;1171.0;1171.0;1214.0;1249.0;1194.4;34.6
42;67;7;1176.0;1178.0;1182.0;1274.5;1362.0;1232.1;81.3
42;68;7;1177.0;1177.0;1200.0;1290.0;1377.0;1241.1;86.0
42;69;7;1176.0;1179.0;1189.0;1301.5;1370.0;1242.3;82.5
42;70;7;1173.0;1175.0;1180.0;1277.5;1375.0;1233.3;89.7
42;71;7;1170.0;1174.0;1176.0;1266.0;1360.0;1226.6;82.5
42;72;7;1175.0;1179.5;1189.0;1295.5;1374.0;1241.1;84.2
42;73;7;1173.0;1178.5;1181.0;1274.0;1362.0;1231.6;82.6
42;74;7;1179.0;1181.5;1186.0;1279.0;1367.0;1236.1;82.5
42;75;7;1180.0;1181.0;1182.0;1270.5;1358.0;1231.9;79.5
42;76;7;1180.0;1182.5;1186.0;1271.0;1355.0;1232.6;77.5
42;77;7;1175.0;1179.0;1183.0;1270.5;1356.0;1230.4;79.5
42;78;7;1175.0;1184.0;1186.0;1272.0;1357.0;1232.9;78.6
42;79;7;1183.0;1183.5;1187.0;1272.5;1359.0;1234.4;78.5
42;80;7;1176.0;1181.5;1185.0;1274.5;1365.0;1234.0;82.6
42;81;7;1179.0;1185.0;1187.0;1275.0;1363.0;1235.6;80.0
42;82;7;1181.0;1182.0;1185.0;1273.0;1357.0;1233.3;78.3
42;83;7;1179.0;1181.5;1182.0;1276.5;1362.0;1234.1;80.6
42;84;7;1173.0;1179.0;1183.0;1271.5;1357.0;1230.6;79.7
42;85;7;1180.0;1193.0;1205.0;1305.0;1394.0;1253.6;86.7
42;86;7;1180.0;1185.0;1198.0;1235.0;1633.0;1264.4;152.7
42;87;7;1174.0;1190.5;1193.0;1224.0;1375.0;1224.4;63.8
42;88;7;1184.0;1187.5;1190.0;1194.0;1359.0;1213.7;59.4
42;89;7;1222.0;1232.0;1243.0;1436.0;2188.0;1427.0;332.5
42;90;7;1192.0;1213.0;1243.0;1327.0;2041.0;1365.1;283.0
42;91;7;1203.0;1217.5;1223.0;1293.5;2134.0;1368.9;314.4
42;92;7;1192.0;1193.0;1196.0;1202.0;1373.0;1221.6;61.9
42;93;7;1175.0;1228.5;1264.0;1288.0;1689.0;1308.7;160.7
42;94;7;1346.0;1367.5;1385.0;1436.5;1782.0;1445.9;143.1
42;95;7;1332.0;1333.0;1345.0;1351.5;1771.0;1402.4;150.7
42;96;7;1331.0;1356.0;1381.0;1401.0;1759.0;1426.4;138.1
42;97;7;1215.0;1302.5;1371.0;1481.5;2128.0;1468.9;284.5
42;98;7;1192.0;1196.0;1238.0;1271.0;2181.0;1363.6;335.3
42;99;7;1189.0;1191.5;1196.0;1199.5;1367.0;1219.1;60.5
43;0;7;1783.0;2122.0;2313.0;2333.0;2353.0;2194.1;215.8
43;1;7;1809.0;2121.0;2263.0;2301.5;2347.0;2180.6;186.2
43;2;7;1874.0;2047.5;2215.0;2291.5;2367.0;2162.0;190.0
43;3;7;1889.0;2097.5;2285.0;2290.0;2333.0;2183.1;179.3
43;4;7;1959.0;2172.5;2373.0;2400.5;2445.0;2274.7;193.4
43;5;7;1881.0;2048.0;2252.0;2383.5;2417.0;2201.9;209.7
43;6;7;1813.0;2065.0;2346.0;2401.5;2428.0;2217.1;254.1
43;7;7;1893.0;2098.5;2319.0;2401.0;2414.0;2232.1;217.8
43;8;7;1816.0;2102.0;2266.0;2300.0;2343.0;2175.6;188.3
43;9;7;1737.0;2015.0;2306.0;2327.0;2363.0;2155.7;260.8
43;10;7;1818.0;2109.0;2335.0;2394.0;2420.0;2225.6;238.1
43;11;7;1753.0;2012.0;2259.0;2318.0;2337.0;2144.1;238.3
43;12;7;1756.0;2031.0;2261.0;2296.0;2401.0;2153.1;232.8
43;13;7;1813.0;2126.0;2291.0;2308.0;2345.0;2188.1;194.3
43;14;7;1717.0;1818.5;2247.0;2298.5;2406.0;2086.3;266.9
43;15;7;1735.0;1816.5;2252.0;2305.5;2348.0;2082.7;257.9
43;16;7;1711.0;1794.5;2176.0;2213.0;2241.0;2020.4;222.4
43;17;7;1689.0;1801.0;2183.0;2213.5;2235.0;2019.4;224.7
43;18;7;1720.0;1840.0;2198.0;2231.0;2299.0;2051.3;223.6
43;19;7;1620.0;1629.5;2116.0;2177.0;2228.0;1939.6;273.8
43;20;7;1703.0;1732.0;2163.0;2180.5;2199.0;1984.3;227.5
43;21;7;1581.0;1667.0;2108.0;2132.0;2158.0;1920.7;247.3
43;22;7;1588.0;1682.5;2133.0;2173.0;2245.0;1953.9;270.2
43;23;7;1572.0;1690.0;2091.0;2113.0;2124.0;1913.3;232.5
43;24;7;1512.0;1604.0;2074.0;2121.5;2132.0;1881.3;268.8
43;25;7;1372.0;1535.0;2006.0;2020.5;2174.0;1809.0;297.1
43;26;7;1521.0;1579.5;2003.0;2021.5;2080.0;1829.4;236.3
43;27;7;1535.0;1568.5;2060.0;2108.0;2209.0;1879.6;282.3
43;28;7;1422.0;1646.0;2015.0;2053.5;2167.0;1857.6;262.1
43;29;7;1541.0;1577.0;2074.0;2087.5;2098.0;1863.1;258.8
43;30;7;1552.0;1623.5;2082.0;2092.0;2117.0;1883.1;246.8
43;31;7;1327.0;1596.5;1694.0;2062.5;2074.0;1773.3;276.7
43;32;7;1379.0;1591.5;1694.0;2001.0;2027.0;1755.0;239.1
43;33;7;1308.0;1419.0;1497.0;1941.5;2021.0;1649.6;282.0
43;34;7;1185.0;1206.0;1490.0;2002.0;2009.0;1585.7;374.9
43;35;7;1403.0;1557.5;1965.0;1970.0;1977.0;1771.4;234.8
43;36;7;1294.0;1415.5;1931.0;1955.5;1964.0;1704.4;291.9
43;37;7;1294.0;1370.5;1800.0;1883.0;1917.0;1645.4;263.6
43;38;7;1193.0;1338.5;1914.0;1977.0;2021.0;1679.9;346.7
43;39;7;1242.0;1293.0;1552.0;1949.5;1956.0;1605.0;314.9
43;40;7;1218.0;1280.0;1558.0;1875.5;1908.0;1570.7;291.1
43;41;7;1249.0;1276.0;1601.0;1836.0;1860.0;1562.0;268.0
43;42;7;1259.0;1338.5;1589.0;1917.5;1934.0;1613.4;287.2
43;43;7;1290.0;1448.0;1475.0;1832.0;1873.0;1599.7;221.0
43;44;7;1208.0;1486.0;1618.0;1833.5;1879.0;1620.6;228.0
43;45;7;1182.0;1257.5;1452.0;1879.5;1933.0;1548.7;312.6
43;46;7;1179.0;1281.0;1379.0;1785.0;1795.0;1497.9;259.4
43;47;7;1209.0;1253.0;1290.0;1748.5;1786.0;1469.7;253.5
43;48;7;1244.0;1336.5;1372.0;1790.0;1796.0;1523.6;235.3
43;49;7;1198.0;1242.0;1261.0;1809.0;1844.0;1486.4;290.5
43;50;7;1195.0;1227.5;1327.0;1650.0;1698.0;1425.0;213.1
43;51;7;1188.0;1249.0;1269.0;1678.0;1683.0;1427.7;219.6
43;52;7;1193.0;1336.5;1388.0;1635.5;1656.0;1454.4;173.0
43;53;7;1219.0;1223.0;1231.0;1706.0;1708.0;1430.9;238.9
43;54;7;1194.0;1198.0;1307.0;1703.0;1703.0;1429.4;239.7
43;55;7;1192.0;1217.0;1258.0;1700.0;1703.0;1426.7;238.3
43;56;7;1189.0;1211.0;1282.0;1656.0;1697.0;1414.6;222.9
43;57;7;1186.0;1218.0;1251.0;1620.5;1670.0;1397.7;209.2
43;58;7;1190.0;1190.0;1191.0;1589.0;1609.0;1364.0;200.7
43;59;7;1188.0;1212.5;1254.0;1643.0;1663.0;1402.3;215.1
43;60;7;1167.0;1200.5;1263.0;1665.5;1700.0;1408.9;234.1
43;61;7;1188.0;1193.0;1219.0;1699.5;1713.0;1415.0;250.5
43;62;7;1183.0;1196.0;1211.0;1662.0;1666.0;1396.6;231.2
43;63;7;1187.0;1204.0;1223.0;1652.0;1652.0;1396.3;221.7
43;64;7;1174.0;1224.0;1292.0;1541.0;1745.0;1391.6;228.6
43;65;7;1209.0;1246.0;1290.0;1476.5;1661.0;1372.1;174.1
43;66;7;1204.0;1223.5;1236.0;1451.0;1654.0;1349.0;192.7
43;67;7;1182.0;1243.0;1248.0;1437.5;1626.0;1345.3;177.1
43;68;7;1181.0;1191.5;1220.0;1492.0;1737.0;1357.9;230.8
43;69;7;1180.0;1198.0;1205.0;1443.0;1667.0;1333.4;211.2
43;70;7;1188.0;1195.5;1202.0;1340.5;1479.0;1277.3;127.7
43;71;7;1178.0;1184.5;1202.0;1340.5;1479.0;1272.7;130.7
43;72;7;1179.0;1195.5;1208.0;1342.5;1477.0;1277.1;126.9
43;73;7;1183.0;1187.0;1208.0;1342.5;1477.0;1275.3;127.9
43;74;7;1192.0;1206.0;1208.0;1370.5;1477.0;1290.0;120.2
43;75;7;1178.0;1183.5;1188.0;1334.5;1477.0;1268.4;132.0
43;76;7;1182.0;1196.5;1214.0;1350.0;1477.0;1280.9;124.8
43;77;7;1180.0;1201.0;1201.0;1337.0;1477.0;1276.3;125.6
43;78;7;1180.0;1184.5;1186.0;1311.5;1455.0;1259.0;117.5
43;79;7;1184.0;1194.0;1208.0;1340.0;1466.0;1275.1;121.1
43;80;7;1183.0;1247.5;1332.0;1501.0;1657.0;1381.3;182.2
43;81;7;1183.0;1190.0;1194.0;1484.0;1677.0;1343.1;213.7
43;82;7;1174.0;1218.0;1282.0;1493.0;1673.0;1364.4;199.1
43;83;7;1211.0;1266.5;1295.0;1478.5;1665.0;1380.1;180.4
43;84;7;1182.0;1223.5;1265.0;1480.5;1639.0;1356.3;183.7
43;85;7;1182.0;1188.5;1248.0;1297.0;1638.0;1291.3;148.9
43;86;7;1180.0;1243.5;1290.0;1331.5;1639.0;1322.7;140.2
43;87;7;1182.0;1191.5;1248.0;1299.5;1636.0;1292.6;147.8
43;88;7;1181.0;1204.0;1252.0;1341.0;1636.0;1308.4;147.4
43;89;7;1182.0;1213.0;1270.0;1293.0;1639.0;1300.4;144.1
43;90;7;1183.0;1233.5;1303.0;1364.5;1657.0;1334.1;148.9
43;91;7;1181.0;1265.5;1300.0;1458.0;1818.0;1392.3;199.7
43;92;7;1184.0;1213.0;1225.0;1447.0;2111.0;1405.7;309.8
43;93;7;1172.0;1230.5;1262.0;1367.5;2161.0;1398.7;319.0
43;94;7;1209.0;1215.5;1224.0;1315.5;2164.0;1379.9;324.7
43;95;7;1182.0;1190.0;1199.0;1216.5;1551.0;1249.3;123.8
43;96;7;1181.0;1183.5;1194.0;1217.5;2156.0;1333.3;336.3
43;97;7;1177.0;1180.0;1186.0;1193.5;1961.0;1295.9;271.6
43;98;7;1179.0;1186.5;1193.0;1226.0;1554.0;1250.1;126.5
43;99;7;1174.0;1179.0;1191.0;1193.5;1384.0;1213.4;70.0
44;0;7;1825.0;2068.0;2329.0;2338.0;2365.0;2190.1;215.8
44;1;7;1824.0;2056.0;2310.0;2316.5;2331.0;2172.9;214.3
44;2;7;1876.0;2061.5;2241.0;2269.5;2304.0;2154.7;174.8
44;3;7;1843.0;2102.5;2311.0;2314.0;2317.0;2186.3;195.5
44;4;7;1728.0;2055.0;2303.0;2345.5;2442.0;2182.0;265.7
44;5;7;1826.0;2154.0;2376.0;2415.5;2467.0;2258.3;243.5
44;6;7;1758.0;2054.0;2249.0;2269.0;2319.0;2138.9;206.5
44;7;7;1797.0;2142.0;2391.0;2420.0;2481.0;2256.1;243.0
44;8;7;1827.0;2122.5;2332.0;2375.0;2394.0;2221.1;220.1
44;9;7;1746.0;2030.5;2286.0;2331.0;2347.0;2157.4;246.3
44;10;7;1723.0;2077.5;2316.0;2353.5;2368.0;2181.3;248.3
44;11;7;1767.0;2027.5;2264.0;2311.5;2349.0;2151.1;236.3
44;12;7;1814.0;2064.0;2311.0;2329.0;2341.0;2178.9;215.5
44;13;7;1717.0;2043.5;2226.0;2332.0;2346.0;2148.6;233.7
44;14;7;1776.0;1796.5;2216.0;2247.5;2284.0;2052.0;228.4
44;15;7;1637.0;1764.0;2192.0;2247.0;2272.0;2017.6;260.4
44;16;7;1711.0;1775.0;2088.0;2221.0;2269.0;2008.6;227.9
44;17;7;1618.0;1812.5;2154.0;2210.5;2238.0;2008.0;235.0
44;18;7;1733.0;1835.5;2159.0;2200.0;2212.0;2025.0;198.4
44;19;7;1715.0;1831.5;2195.0;2294.0;2298.0;2065.6;241.3
44;20;7;1719.0;1874.0;2164.0;2205.0;2231.0;2038.9;194.7
44;21;7;1630.0;1738.5;2139.0;2165.0;2196.0;1967.4;233.9
44;22;7;1653.0;1726.5;2102.0;2137.0;2174.0;1950.9;218.6
44;23;7;1564.0;1684.0;2150.0;2185.0;2197.0;1949.9;267.8
44;24;7;1520.0;1629.0;2151.0;2169.5;2195.0;1923.3;289.5
44;25;7;1639.0;1719.0;2129.0;2181.5;2199.0;1966.9;240.2
44;26;7;1421.0;1666.5;2026.0;2042.5;2061.0;1846.6;240.0
44;27;7;1642.0;1704.5;2108.0;2174.0;2201.0;1958.3;240.5
44;28;7;1663.0;1722.0;2008.0;2026.5;2090.0;1894.0;169.2
44;29;7;1620.0;1681.0;2075.0;2086.0;2114.0;1906.1;214.2
44;30;7;1527.0;1652.5;2040.0;2053.5;2061.0;1862.9;222.2
44;31;7;1469.0;1604.0;1657.0;1989.5;2019.0;1761.7;213.8
44;32;7;1342.0;1567.5;1584.0;2050.5;2065.0;1746.7;277.9
44;33;7;1182.0;1481.5;1610.0;2015.0;2033.0;1688.3;314.7
44;34;7;1319.0;1355.0;1973.0;1998.5;2010.0;1715.6;323.4
44;35;7;1297.0;1368.5;1822.0;1907.0;1960.0;1661.4;280.0
44;36;7;1405.0;1473.0;1892.0;1922.0;1943.0;1718.6;234.9
44;37;7;1318.0;1485.5;1861.0;1891.5;1903.0;1690.9;233.1
44;38;7;1279.0;1404.0;1812.0;1865.0;1893.0;1646.0;250.7
44;39;7;1335.0;1418.5;1543.0;1885.0;1930.0;1630.7;244.3
44;40;7;1314.0;1404.5;1428.0;1796.5;1859.0;1571.9;217.1
44;41;7;1186.0;1280.5;1403.0;1748.5;1766.0;1487.6;238.9
44;42;7;1187.0;1188.0;1277.0;1579.5;1701.0;1385.7;211.3
44;43;7;1190.0;1246.0;1307.0;1593.5;1632.0;1401.1;181.2
44;44;7;1211.0;1236.0;1271.0;1694.0;1700.0;1434.6;227.2
44;45;7;1172.0;1211.0;1236.0;1714.0;1743.0;1428.7;256.5
44;46;7;1202.0;1286.5;1344.0;1754.0;1785.0;1487.4;243.7
44;47;7;1208.0;1252.0;1345.0;1805.5;1882.0;1507.1;284.5
44;48;7;1184.0;1233.5;1348.0;1722.5;1786.0;1461.4;250.1
44;49;7;1183.0;1241.5;1358.0;1575.0;1591.0;1395.0;167.6
44;50;7;1182.0;1263.0;1335.0;1589.0;1603.0;1403.4;171.0
44;51;7;1185.0;1242.0;1380.0;1588.0;1600.0;1403.6;174.1
44;52;7;1196.0;1285.5;1327.0;1591.0;1598.0;1410.6;162.5
44;53;7;1184.0;1253.0;1319.0;1604.0;1612.0;1404.1;181.9
44;54;7;1180.0;1226.5;1268.0;1530.5;1576.0;1362.6;163.0
44;55;7;1261.0;1304.5;1335.0;1587.0;1601.0;1425.7;145.3
44;56;7;1185.0;1270.0;1408.0;1600.0;1602.0;1419.3;173.4
44;57;7;1299.0;1338.0;1344.0;1593.5;1595.0;1443.0;131.5
44;58;7;1279.0;1336.0;1363.0;1596.5;1609.0;1445.1;136.9
44;59;7;1298.0;1314.0;1343.0;1508.0;1647.0;1418.9;145.1
44;60;7;1295.0;1297.5;1327.0;1489.0;1599.0;1399.1;129.0
44;61;7;1301.0;1321.0;1340.0;1504.5;1637.0;1418.4;139.3
44;62;7;1185.0;1309.5;1332.0;1484.0;1639.0;1391.9;161.7
44;63;7;1338.0;1341.5;1362.0;1489.0;1614.0;1425.0;119.6
44;64;7;1180.0;1250.5;1344.0;1489.5;1639.0;1377.6;175.4
44;65;7;1188.0;1297.0;1303.0;1463.5;1625.0;1376.7;160.1
44;66;7;1289.0;1316.0;1325.0;1479.5;1636.0;1405.9;143.3
44;67;7;1295.0;1341.0;1401.0;1528.5;1649.0;1440.6;136.7
44;68;7;1291.0;1328.0;1364.0;1512.0;1648.0;1426.1;141.9
44;69;7;1198.0;1247.0;1311.0;1461.5;1616.0;1363.1;163.4
44;70;7;1187.0;1259.0;1322.0;1501.5;1639.0;1381.3;172.5
44;71;7;1191.0;1219.5;1247.0;1410.0;1501.0;1314.0;123.5
44;72;7;1179.0;1195.5;1216.0;1357.0;1464.0;1280.6;117.1
44;73;7;1187.0;1191.5;1199.0;1343.0;1459.0;1273.4;115.5
44;74;7;1172.0;1186.0;1214.0;1320.0;1428.0;1260.9;105.2
44;75;7;1178.0;1187.0;1195.0;1317.5;1443.0;1260.7;110.1
44;76;7;1184.0;1193.0;1224.0;1324.5;1449.0;1270.3;104.8
44;77;7;1198.0;1216.0;1222.0;1343.5;1443.0;1283.1;101.0
44;78;7;1175.0;1181.5;1193.0;1301.5;1413.0;1249.6;102.6
44;79;7;1171.0;1190.5;1207.0;1331.0;1450.0;1267.3;115.6
44;80;7;1694.0;1751.0;1811.0;2069.0;2325.0;1924.3;254.5
44;81;7;1640.0;1714.5;1731.0;2022.5;2265.0;1872.9;249.0
44;82;7;1712.0;1755.0;1811.0;2048.0;2253.0;1911.7;219.1
44;83;7;1586.0;1750.0;1824.0;2044.0;2270.0;1895.4;241.1
44;84;7;1629.0;1679.0;1721.0;1962.0;2184.0;1830.9;222.7
44;85;7;1536.0;1639.5;1688.0;1927.5;2136.0;1784.9;226.7
44;86;7;1485.0;1583.5;1668.0;1933.5;2102.0;1755.6;230.9
44;87;7;1492.0;1619.0;1673.0;1791.5;2140.0;1732.3;200.7
44;88;7;1657.0;1669.5;1701.0;1758.5;2153.0;1766.7;163.3
44;89;7;1397.0;1530.0;1673.0;1752.0;2092.0;1675.1;209.1
44;90;7;1375.0;1474.5;1587.0;1649.5;2071.0;1611.6;213.3
44;91;7;1334.0;1469.0;1482.0;1548.0;2033.0;1554.7;206.2
44;92;7;1318.0;1351.0;1374.0;1440.0;1973.0;1463.9;213.8
44;93;7;1358.0;1438.0;1485.0;1501.5;1863.0;1512.1;150.9
44;94;7;1184.0;1309.0;1436.0;1467.5;1834.0;1429.6;202.7
44;95;7;1284.0;1369.5;1434.0;1462.5;1811.0;1456.1;156.4
44;96;7;1195.0;1288.0;1400.0;1477.0;1886.0;1430.1;215.7
44;97;7;1332.0;1403.5;1472.0;1503.0;1860.0;1496.7;159.1
44;98;7;1216.0;1282.0;1324.0;1339.5;1971.0;1393.4;239.6
44;99;7;1227.0;1418.0;1523.0;1620.5;1959.0;1540.9;218.7
45;0;7;1780.0;2117.0;2357.0;2361.0;2400.0;2213.3;236.6
45;1;7;1798.0;2084.5;2343.0;2369.5;2378.0;2203.9;236.8
45;2;7;1823.0;2152.0;2411.0;2418.0;2430.0;2257.7;236.4
45;3;7;1722.0;2005.0;2249.0;2279.0;2306.0;2120.7;234.9
45;4;7;1780.0;2002.0;2156.0;2247.5;2359.0;2113.4;199.0
45;5;7;1811.0;2084.0;2363.0;2376.0;2399.0;2213.3;247.9
45;6;7;1804.0;2044.0;2261.0;2364.0;2397.0;2182.6;237.0
45;7;7;1666.0;2001.0;2227.0;2277.5;2363.0;2116.1;251.6
45;8;7;1727.0;2117.5;2304.0;2309.5;2345.0;2175.7;223.8
45;9;7;1671.0;2006.0;2250.0;2308.5;2327.0;2125.3;252.3
45;10;7;1677.0;1936.5;2247.0;2305.5;2358.0;2109.4;263.6
45;11;7;1783.0;2020.0;2193.0;2211.5;2226.0;2095.0;176.9
45;12;7;1599.0;2041.0;2259.0;2265.0;2273.0;2106.1;245.9
45;13;7;1749.0;1994.0;2257.0;2288.5;2309.0;2125.7;235.5
45;14;7;1599.0;1718.0;2152.0;2199.0;2290.0;1982.1;268.6
45;15;7;1640.0;1738.0;2213.0;2234.0;2254.0;2007.3;266.5
45;16;7;1691.0;1766.5;2211.0;2250.5;2269.0;2029.3;251.2
45;17;7;1672.0;1751.0;2239.0;2255.0;2269.0;2027.4;265.0
45;18;7;1650.0;1746.5;2120.0;2135.0;2176.0;1958.4;215.6
45;19;7;1601.0;1725.0;2195.0;2236.5;2260.0;1997.0;275.0
45;20;7;1649.0;1815.0;2231.0;2281.5;2287.0;2051.4;262.6
45;21;7;1621.0;1717.0;2066.0;2140.5;2166.0;1938.3;224.6
45;22;7;1637.0;1651.5;2115.0;2127.0;2149.0;1922.6;239.2
45;23;7;1513.0;1677.5;2132.0;2147.0;2161.0;1922.1;266.3
45;24;7;1445.0;1667.0;2119.0;2146.0;2199.0;1912.7;286.9
45;25;7;1547.0;1560.0;2012.0;2077.5;2130.0;1852.0;259.2
45;26;7;1574.0;1597.5;2032.0;2044.0;2058.0;1849.6;225.3
45;27;7;1496.0;1604.5;2137.0;2164.0;2176.0;1906.6;295.8
45;28;7;1330.0;1575.0;2036.0;2064.5;2076.0;1817.3;292.2
45;29;7;1451.0;1528.0;1960.0;2015.0;2053.0;1792.9;254.6
45;30;7;1250.0;1482.5;1938.0;1985.5;2028.0;1736.0;299.0
45;31;7;1378.0;1388.5;1595.0;1910.5;1961.0;1647.4;252.8
45;32;7;1453.0;1544.0;1606.0;1944.5;1984.0;1717.1;213.0
45;33;7;1391.0;1559.0;1644.0;1976.0;2006.0;1730.1;232.4
45;34;7;1165.0;1348.5;1419.0;1918.5;1941.0;1579.9;308.8
45;35;7;1305.0;1405.0;1906.0;1989.0;2034.0;1719.0;308.1
45;36;7;1363.0;1433.5;1885.0;1931.0;2002.0;1711.3;264.4
45;37;7;1271.0;1496.0;1860.0;1914.5;1959.0;1701.6;255.1
45;38;7;1208.0;1254.5;1869.0;1876.5;1888.0;1603.9;316.4
45;39;7;1195.0;1285.5;1405.0;1841.5;1868.0;1531.7;282.5
45;40;7;1211.0;1241.0;1358.0;1817.5;1822.0;1501.1;278.9
45;41;7;1194.0;1212.5;1240.0;1827.0;1830.0;1477.6;303.9
45;42;7;1179.0;1215.0;1259.0;1820.5;1834.0;1477.6;301.7
45;43;7;1205.0;1280.0;1315.0;1823.5;1833.0;1508.6;277.2
45;44;7;1190.0;1302.5;1459.0;1850.0;1886.0;1548.6;281.9
45;45;7;1177.0;1230.5;1347.0;1861.5;1881.0;1512.7;312.3
45;46;7;1200.0;1239.0;1313.0;1809.5;1840.0;1492.9;285.0
45;47;7;1179.0;1213.5;1302.0;1798.5;1817.0;1474.6;288.1
45;48;7;1255.0;1291.5;1383.0;1813.0;1835.0;1526.0;257.8
45;49;7;1171.0;1226.0;1309.0;1945.0;1981.0;1543.3;360.8
45;50;7;1189.0;1223.5;1377.0;1846.5;1873.0;1511.3;303.6
45;51;7;1227.0;1338.0;1401.0;1968.0;1979.0;1602.7;324.8
45;52;7;1277.0;1353.0;1483.0;1924.5;1956.0;1610.1;288.4
45;53;7;1198.0;1309.0;1327.0;1956.0;1990.0;1577.9;339.8
45;54;7;1252.0;1585.0;1648.0;2045.5;2049.0;1744.3;287.4
45;55;7;1241.0;1286.5;1531.0;1927.5;1944.0;1592.0;308.3
45;56;7;1222.0;1236.5;1246.0;1928.0;1953.0;1535.7;347.1
45;57;7;1175.0;1197.0;1259.0;1895.5;1919.0;1505.4;345.6
45;58;7;1186.0;1212.5;1331.0;1894.5;1921.0;1521.7;333.5
45;59;7;1189.0;1197.0;1237.0;1748.5;1924.0;1463.0;303.2
45;60;7;1171.0;1182.5;1195.0;1556.5;1918.0;1394.6;328.4
45;61;7;1189.0;1220.0;1272.0;1635.0;1965.0;1448.0;326.6
45;62;7;1189.0;1209.5;1230.0;1622.0;2034.0;1445.1;362.5
45;63;7;1193.0;1207.0;1222.0;1621.0;1950.0;1431.6;328.4
45;64;7;1181.0;1190.0;1266.0;1632.0;1991.0;1440.3;342.6
45;65;7;1170.0;1185.5;1295.0;1740.0;2022.0;1476.9;354.9
45;66;7;1182.0;1193.5;1294.0;1736.0;2122.0;1493.9;394.1
45;67;7;1169.0;1174.5;1193.0;1523.5;1942.0;1385.7;324.7
45;68;7;1176.0;1184.0;1223.0;1678.0;2019.0;1448.9;361.0
45;69;7;1193.0;1224.0;1256.0;1684.0;2069.0;1476.3;372.4
45;70;7;1179.0;1187.0;1200.0;1600.5;2022.0;1425.1;364.0
45;71;7;1178.0;1205.0;1272.0;1652.0;2030.0;1456.3;353.4
45;72;7;1180.0;1195.0;1213.0;1607.5;1942.0;1420.0;328.4
45;73;7;1182.0;1189.5;1200.0;1577.5;1933.0;1407.0;332.6
45;74;7;1171.0;1181.0;1185.0;1558.5;1931.0;1395.1;337.7
45;75;7;1183.0;1190.5;1202.0;1709.5;1930.0;1445.0;322.1
45;76;7;1176.0;1179.5;1193.0;1570.5;1932.0;1400.1;336.5
45;77;7;1170.0;1179.5;1188.0;1583.0;1955.0;1405.4;340.9
45;78;7;1168.0;1184.0;1193.0;1629.0;1984.0;1424.4;353.6
45;79;7;1178.0;1262.0;1459.0;1798.5;2054.0;1544.6;339.8
45;80;7;1191.0;1246.0;1323.0;1758.0;2127.0;1521.3;384.4
45;81;7;1613.0;1712.0;1734.0;1997.0;2240.0;1857.9;241.8
45;82;7;1565.0;1697.0;1784.0;2028.5;2237.0;1862.4;249.0
45;83;7;1562.0;1724.0;1768.0;2035.5;2294.0;1877.6;270.3
45;84;7;1704.0;1780.5;1859.0;2111.5;2356.0;1957.6;254.4
45;85;7;1608.0;1680.5;1715.0;1966.0;2235.0;1835.9;232.8
45;86;7;1566.0;1616.0;1807.0;2028.5;2258.0;1845.7;272.6
45;87;7;1679.0;1706.5;1724.0;1989.5;2191.0;1855.1;214.0
45;88;7;1486.0;1534.0;1610.0;1645.0;2097.0;1650.1;191.8
45;89;7;1342.0;1390.0;1435.0;1537.5;2115.0;1535.3;247.5
45;90;7;1469.0;1526.5;1556.0;1663.0;2037.0;1634.4;179.6
45;91;7;1562.0;1615.0;1669.0;1799.0;2155.0;1744.9;188.8
45;92;7;1305.0;1413.0;1581.0;1611.0;2080.0;1573.4;235.1
45;93;7;1345.0;1350.5;1428.0;1499.5;2033.0;1500.9;227.6
45;94;7;1286.0;1330.5;1555.0;1574.5;1928.0;1511.3;206.9
45;95;7;1214.0;1259.0;1597.0;1630.0;1957.0;1506.6;254.5
45;96;7;1317.0;1373.5;1408.0;1436.0;1989.0;1476.1;213.0
45;97;7;1231.0;1288.0;1323.0;1392.0;1874.0;1398.3;201.9
45;98;7;1233.0;1249.5;1307.0;1368.5;1860.0;1376.6;204.3
45;99;7;1273.0;1323.0;1414.0;1443.0;1829.0;1435.4;173.7
46;0;7;1790.0;2061.0;2275.0;2365.5;2402.0;2188.6;231.0
46;1;7;1770.0;2129.5;2369.0;2432.5;2466.0;2247.0;265.2
46;2;7;1854.0;2098.0;2292.0;2379.5;2406.0;2215.3;214.5
46;3;7;1801.0;2037.0;2209.0;2245.0;2277.0;2121.6;179.3
46;4;7;1708.0;2019.5;2287.0;2317.5;2364.0;2147.6;242.4
46;5;7;1806.0;2116.0;2368.0;2389.5;2408.0;2227.6;241.9
46;6;7;1859.0;2085.5;2321.0;2322.0;2342.0;2191.0;203.3
46;7;7;1745.0;1990.0;2218.0;2233.0;2295.0;2100.6;220.1
46;8;7;1810.0;2055.5;2283.0;2337.0;2380.0;2179.7;213.1
46;9;7;1833.0;1998.0;2206.0;2279.5;2329.0;2131.9;192.5
46;10;7;1698.0;2026.0;2247.0;2312.5;2378.0;2142.9;247.9
46;11;7;1751.0;2010.0;2253.0;2294.5;2356.0;2138.4;235.0
46;12;7;1799.0;1998.0;2299.0;2326.0;2350.0;2156.6;229.2
46;13;7;1813.0;2077.5;2319.0;2366.0;2382.0;2200.1;224.2
46;14;7;1674.0;1823.0;2159.0;2315.0;2412.0;2074.4;281.8
46;15;7;1821.0;1871.5;2271.0;2343.0;2378.0;2128.4;240.6
46;16;7;1619.0;1783.0;2261.0;2298.0;2319.0;2051.6;285.0
46;17;7;1728.0;1772.0;2357.0;2370.5;2375.0;2106.4;303.2
46;18;7;1731.0;1754.0;2185.0;2229.5;2290.0;2024.7;243.2
46;19;7;1719.0;1780.5;2218.0;2238.0;2266.0;2034.3;240.2
46;20;7;1599.0;1851.5;2220.0;2247.5;2264.0;2040.1;249.7
46;21;7;1636.0;1764.0;2233.0;2286.0;2298.0;2038.1;277.9
46;22;7;1686.0;1782.5;2118.0;2164.0;2186.0;1983.3;206.0
46;23;7;1606.0;1648.5;2224.0;2252.0;2304.0;1990.7;310.5
46;24;7;1563.0;1660.0;2124.0;2140.0;2174.0;1923.0;258.2
46;25;7;1659.0;1765.0;2124.0;2308.0;2321.0;2035.7;279.1
46;26;7;1548.0;1652.5;2110.0;2145.5;2221.0;1925.0;270.2
46;27;7;1598.0;1667.0;2131.0;2150.0;2182.0;1935.0;255.8
46;28;7;1512.0;1729.0;2096.0;2112.0;2130.0;1917.1;235.6
46;29;7;1599.0;1656.5;2093.0;2133.0;2149.0;1917.1;244.1
46;30;7;1736.0;1779.5;2126.0;2146.0;2168.0;1983.0;189.7
46;31;7;1358.0;1481.0;1602.0;2010.0;2058.0;1714.3;280.9
46;32;7;1337.0;1449.0;1527.0;1929.5;1978.0;1657.0;256.5
46;33;7;1179.0;1310.5;1502.0;1857.0;1872.0;1555.4;287.5
46;34;7;1275.0;1497.5;1857.0;1868.5;1877.0;1677.3;237.4
46;35;7;1259.0;1385.5;1766.0;1820.0;1879.0;1616.4;248.2
46;36;7;1234.0;1338.5;1739.0;1788.0;1851.0;1582.4;248.8
46;37;7;1363.0;1432.0;1820.0;1858.5;1872.0;1662.3;221.8
46;38;7;1306.0;1381.5;1831.0;1915.0;1922.0;1664.6;269.6
46;39;7;1239.0;1330.0;1492.0;1890.0;1898.0;1581.3;278.7
46;40;7;1254.0;1262.0;1546.0;1934.0;1944.0;1590.9;314.4
46;41;7;1246.0;1279.0;1443.0;1882.5;1930.0;1563.1;296.8
46;42;7;1219.0;1288.0;1398.0;1782.0;1839.0;1513.7;256.4
46;43;7;1182.0;1256.0;1337.0;1850.0;1864.0;1513.6;298.4
46;44;7;1217.0;1247.0;1374.0;1883.5;1892.0;1534.9;308.1
46;45;7;1222.0;1255.0;1313.0;1852.5;1887.0;1519.6;299.5
46;46;7;1210.0;1225.0;1394.0;1835.0;1868.0;1513.1;294.1
46;47;7;1181.0;1186.5;1194.0;1759.0;1773.0;1434.1;285.4
46;48;7;1193.0;1207.5;1248.0;1578.5;1645.0;1379.7;193.5
46;49;7;1680.0;1744.5;1921.0;2298.0;2324.0;2001.4;273.5
46;50;7;1587.0;1837.0;1917.0;2345.5;2371.0;2034.3;293.3
46;51;7;1715.0;1803.5;1830.0;2188.5;2264.0;1970.4;214.7
46;52;7;1644.0;1723.5;1800.0;2272.0;2291.0;1960.9;278.5
46;53;7;1558.0;1695.5;1839.0;2206.0;2223.0;1917.6;266.3
46;54;7;1649.0;1717.0;1860.0;2205.0;2254.0;1943.9;248.9
46;55;7;1641.0;1765.5;1819.0;2189.0;2207.0;1939.4;227.0
46;56;7;1637.0;1670.5;1744.0;2262.5;2268.0;1930.7;290.8
46;57;7;1564.0;1714.0;1835.0;2185.0;2253.0;1921.4;260.0
46;58;7;1390.0;1592.0;1784.0;2170.0;2178.0;1839.4;309.4
46;59;7;1433.0;1538.0;1607.0;1942.5;2193.0;1742.0;287.0
46;60;7;1387.0;1529.5;1686.0;1929.0;2144.0;1733.4;277.6
46;61;7;1456.0;1523.0;1656.0;1953.0;2191.0;1750.7;289.6
46;62;7;1357.0;1491.0;1574.0;1913.5;2166.0;1700.9;301.1
46;63;7;1168.0;1514.0;1586.0;1868.5;2036.0;1650.7;287.1
46;64;7;1334.0;1542.0;1714.0;1926.5;2101.0;1726.6;269.5
46;65;7;1320.0;1365.0;1503.0;1772.5;2016.0;1587.7;279.9
46;66;7;1408.0;1470.5;1533.0;1898.0;2040.0;1674.0;253.7
46;67;7;1240.0;1403.0;1550.0;1816.0;2046.0;1610.6;296.2
46;68;7;1282.0;1370.5;1391.0;1722.5;2062.0;1560.1;316.8
46;69;7;1269.0;1362.0;1417.0;1756.0;2004.0;1560.9;288.6
46;70;7;1199.0;1210.5;1369.0;1634.0;1961.0;1459.7;298.8
46;71;7;1202.0;1248.0;1393.0;1743.5;2011.0;1512.7;323.4
46;72;7;1222.0;1288.5;1319.0;1699.5;1963.0;1497.1;296.0
46;73;7;1182.0;1204.0;1259.0;1570.5;1887.0;1411.0;294.9
46;74;7;1185.0;1293.5;1320.0;1668.0;1904.0;1476.0;279.1
46;75;7;1232.0;1276.5;1386.0;1711.5;1922.0;1502.3;273.7
46;76;7;1182.0;1311.0;1405.0;1663.0;1834.0;1481.3;238.5
46;77;7;1183.0;1261.0;1266.0;1659.5;1874.0;1452.0;272.1
46;78;7;1247.0;1287.5;1312.0;1570.5;1715.0;1427.1;183.6
46;79;7;1183.0;1211.5;1258.0;1509.5;1759.0;1377.4;241.5
46;80;7;1173.0;1178.0;1184.0;1473.5;1749.0;1344.1;250.5
46;81;7;1230.0;1248.5;1271.0;1588.5;1964.0;1448.4;305.6
46;82;7;1183.0;1239.0;1307.0;1653.0;1973.0;1463.9;314.0
46;83;7;1208.0;1215.5;1223.0;1569.0;1863.0;1409.0;271.4
46;84;7;1177.0;1219.0;1282.0;1550.0;1876.0;1410.4;271.0
46;85;7;1187.0;1193.5;1244.0;1587.5;1905.0;1414.0;311.8
46;86;7;1174.0;1207.5;1215.0;1556.5;1898.0;1402.1;313.9
46;87;7;1207.0;1240.5;1248.0;1273.5;1680.0;1309.0;153.0
46;88;7;1204.0;1214.5;1233.0;1307.0;1680.0;1308.6;156.9
46;89;7;1173.0;1179.5;1183.0;1202.5;1542.0;1237.4;124.9
46;90;7;1179.0;1186.0;1192.0;1211.5;1519.0;1240.7;114.3
46;91;7;1184.0;1240.0;1240.0;1351.5;1895.0;1357.4;232.0
46;92;7;1179.0;1215.0;1259.0;1332.5;1642.0;1310.7;146.7
46;93;7;1176.0;1181.5;1209.0;1213.5;1578.0;1250.4;134.6
46;94;7;1169.0;1174.5;1181.0;1217.0;1622.0;1250.7;153.6
46;95;7;1172.0;1172.5;1173.0;1177.0;1556.0;1228.6;133.7
46;96;7;1174.0;1185.5;1187.0;1217.5;1332.0;1214.1;50.6
46;97;7;1176.0;1176.0;1179.0;1198.5;1329.0;1204.7;52.1
46;98;7;1164.0;1165.0;1176.0;1181.0;1237.0;1181.3;23.8
46;99;7;1174.0;1176.0;1181.0;1181.0;1237.0;1186.6;20.8
47;0;7;1768.0;2067.5;2308.0;2357.5;2390.0;2188.0;246.5
47;1;7;1968.0;2195.0;2346.0;2362.5;2402.0;2261.6;161.1
47;2;7;1837.0;2092.5;2277.0;2292.0;2364.0;2178.1;192.0
47;3;7;1732.0;2088.0;2300.0;2344.0;2379.0;2182.1;230.1
47;4;7;1777.0;2167.5;2416.0;2424.5;2434.0;2258.7;250.6
47;5;7;1732.0;1995.0;2248.0;2281.5;2318.0;2121.6;240.7
47;6;7;1771.0;2055.5;2243.0;2306.0;2320.0;2151.0;212.7
47;7;7;1804.0;2050.0;2226.0;2276.0;2348.0;2147.1;197.9
47;8;7;1786.0;2092.5;2293.0;2343.0;2395.0;2192.1;221.4
47;9;7;1657.0;1999.0;2291.0;2298.5;2303.0;2120.9;271.8
47;10;7;1747.0;2018.0;2231.0;2252.0;2278.0;2113.7;200.9
47;11;7;1808.0;2043.0;2284.0;2286.0;2307.0;2151.0;210.2
47;12;7;1711.0;1934.0;2263.0;2301.0;2316.0;2108.6;252.3
47;13;7;1801.0;2086.0;2296.0;2305.0;2311.0;2170.0;203.6
47;14;7;1797.0;1840.5;2251.0;2366.0;2390.0;2121.6;260.4
47;15;7;1723.0;1845.5;2139.0;2198.0;2232.0;2025.9;197.4
47;16;7;1699.0;1808.0;2210.0;2231.5;2253.0;2034.4;230.7
47;17;7;1676.0;1784.5;2200.0;2216.5;2240.0;2016.9;238.2
47;18;7;1646.0;1744.5;2203.0;2276.0;2322.0;2030.3;279.9
47;19;7;1614.0;1703.5;2143.0;2178.0;2208.0;1961.1;252.1
47;20;7;1583.0;1690.5;2091.0;2110.0;2184.0;1922.7;240.8
47;21;7;1554.0;1727.0;2143.0;2155.5;2171.0;1947.6;252.0
47;22;7;1566.0;1626.0;2027.0;2042.0;2059.0;1855.4;217.1
47;23;7;1639.0;1711.5;2158.0;2194.5;2228.0;1976.7;252.6
47;24;7;1651.0;1662.0;1970.0;1981.0;2024.0;1847.3;164.5
47;25;7;1628.0;1730.0;2046.0;2076.0;2084.0;1910.0;189.5
47;26;7;1371.0;1604.5;2038.0;2092.5;2114.0;1845.3;286.8
47;27;7;1386.0;1564.0;1993.0;1998.0;2027.0;1790.0;253.4
47;28;7;1582.0;1660.5;2011.0;2095.0;2107.0;1887.3;222.4
47;29;7;1499.0;1620.0;2002.0;2060.5;2078.0;1848.6;243.4
47;30;7;1522.0;1581.5;2082.0;2161.5;2184.0;1896.3;292.0
47;31;7;1302.0;1417.0;1550.0;2047.0;2049.0;1689.9;318.9
47;32;7;1265.0;1451.0;1633.0;1957.5;2045.0;1680.0;287.3
47;33;7;1187.0;1303.0;1738.0;1985.0;1996.0;1642.4;339.5
47;34;7;1287.0;1408.5;1917.0;1964.5;1980.0;1704.3;301.1
47;35;7;1219.0;1289.5;1786.0;1819.0;1832.0;1579.1;272.5
47;36;7;1232.0;1329.5;1706.0;1821.5;1869.0;1587.0;260.2
47;37;7;1199.0;1250.5;1833.0;1847.0;1859.0;1583.7;304.3
47;38;7;1261.0;1339.0;1801.0;1864.0;1917.0;1626.4;275.2
47;39;7;1220.0;1302.0;1450.0;1770.0;1813.0;1518.1;241.0
47;40;7;1221.0;1226.0;1387.0;1779.0;1825.0;1491.9;267.9
47;41;7;1221.0;1226.0;1369.0;1892.0;1990.0;1545.1;333.6
47;42;7;1180.0;1223.0;1319.0;1816.0;1896.0;1496.1;304.2
47;43;7;1224.0;1318.5;1370.0;1869.5;1939.0;1558.4;293.3
47;44;7;1232.0;1250.0;1302.0;1905.5;1913.0;1536.9;322.1
47;45;7;1194.0;1200.0;1302.0;1737.5;1759.0;1447.1;260.1
47;46;7;1176.0;1181.0;1199.0;1338.5;1542.0;1279.4;126.8
47;47;7;1182.0;1185.5;1191.0;1376.0;1378.0;1267.7;94.4
47;48;7;1185.0;1188.0;1192.0;1331.0;1372.0;1255.3;78.8
47;49;7;1174.0;1181.5;1202.0;1441.0;1477.0;1299.7;133.6
47;50;7;1172.0;1184.0;1198.0;1314.0;1334.0;1242.9;68.6
47;51;7;1180.0;1186.0;1196.0;1291.0;1300.0;1232.9;53.3
47;52;7;1179.0;1185.5;1201.0;1286.0;1289.0;1230.3;49.5
47;53;7;1180.0;1193.5;1202.0;1771.0;2074.0;1483.6;361.6
47;54;7;1178.0;1200.5;1201.0;1455.5;1484.0;1310.7;134.2
47;55;7;1177.0;1190.0;1233.0;1448.5;1516.0;1314.7;137.9
47;56;7;1186.0;1194.5;1209.0;2043.0;2099.0;1567.0;428.8
47;57;7;1171.0;1191.0;1229.0;1801.0;1928.0;1473.1;328.7
47;58;7;1177.0;1189.0;1200.0;1456.0;1621.0;1326.9;171.0
47;59;7;1176.0;1196.0;1215.0;1943.0;1947.0;1516.6;370.6
47;60;7;1182.0;1190.5;1246.0;1934.0;1948.0;1517.9;365.0
47;61;7;1172.0;1199.5;1217.0;1974.0;2017.0;1536.1;392.3
47;62;7;1180.0;1211.5;1291.0;1874.0;1912.0;1507.7;330.2
47;63;7;1180.0;1212.0;1260.0;1928.0;1937.0;1522.4;354.6
47;64;7;1188.0;1214.5;1231.0;1649.0;2053.0;1457.0;375.5
47;65;7;1176.0;1185.0;1207.0;1576.0;1935.0;1405.7;333.5
47;66;7;1179.0;1186.5;1193.0;1506.0;1858.0;1373.6;290.4
47;67;7;1179.0;1181.0;1200.0;1614.5;2049.0;1431.3;376.1
47;68;7;1175.0;1180.5;1183.0;1341.0;1502.0;1271.9;143.7
47;69;7;1176.0;1180.5;1189.0;1399.5;1615.0;1305.7;193.5
47;70;7;1174.0;1186.5;1190.0;1459.5;1748.0;1343.4;249.4
47;71;7;1185.0;1193.0;1206.0;1482.5;1704.0;1349.4;223.5
47;72;7;1171.0;1179.0;1196.0;1344.0;1645.0;1294.0;178.1
47;73;7;1182.0;1192.5;1201.0;1424.5;1610.0;1318.1;173.2
47;74;7;1172.0;1174.5;1180.0;1324.5;1641.0;1284.4;176.3
47;75;7;1170.0;1178.5;1190.0;1440.0;1641.0;1319.7;204.3
47;76;7;1177.0;1191.0;1204.0;1420.0;1600.0;1314.7;178.9
47;77;7;1180.0;1182.5;1196.0;1244.0;1273.0;1214.6;38.6
47;78;7;1178.0;1184.5;1187.0;1241.0;1273.0;1212.7;39.2
47;79;7;1176.0;1201.0;1201.0;1245.0;1300.0;1224.1;45.4
47;80;7;1170.0;1192.0;1201.0;1549.0;1904.0;1393.9;320.6
47;81;7;1181.0;1197.0;1201.0;1506.0;1875.0;1380.4;293.1
47;82;7;1173.0;1197.0;1201.0;1268.0;1788.0;1298.9;205.8
47;83;7;1177.0;1184.0;1194.0;1241.0;1273.0;1213.4;38.9
47;84;7;1177.0;1181.0;1181.0;1244.0;1273.0;1211.6;40.6
47;85;7;1181.0;1182.0;1183.0;1214.0;1245.0;1200.1;28.4
47;86;7;1181.0;1181.0;1181.0;1213.0;1245.0;1199.3;28.9
47;87;7;1185.0;1187.5;1194.0;1300.0;1674.0;1289.7;173.1
47;88;7;1178.0;1184.5;1512.0;1715.5;1933.0;1489.0;307.0
47;89;7;1184.0;1192.0;1206.0;1396.5;1894.0;1351.6;246.7
47;90;7;1178.0;1247.0;1406.0;1460.5;2001.0;1428.6;258.8
47;91;7;1176.0;1183.0;1187.0;1377.0;2025.0;1358.3;290.3
47;92;7;1173.0;1183.5;1190.0;1218.0;1605.0;1253.0;145.2
47;93;7;1189.0;1228.5;1280.0;1339.0;2027.0;1375.9;272.0
47;94;7;1173.0;1275.0;1360.0;1474.5;2133.0;1452.1;301.9
47;95;7;1297.0;1311.5;1338.0;1417.0;2051.0;1449.0;250.2
47;96;7;1169.0;1327.5;1356.0;1406.5;2081.0;1439.1;272.7
47;97;7;1191.0;1262.0;1454.0;1622.5;2072.0;1498.0;289.4
47;98;7;1188.0;1302.0;1393.0;1481.5;2143.0;1470.1;295.6
47;99;7;1346.0;1411.0;1459.0;1540.5;2174.0;1554.6;263.0
48;0;7;1815.0;2131.5;2368.0;2423.0;2463.0;2250.7;245.6
48;1;7;1710.0;2016.0;2373.0;2413.5;2425.0;2195.3;277.0
48;2;7;1597.0;1983.5;2288.0;2316.5;2324.0;2115.6;276.3
48;3;7;1842.0;2120.0;2331.0;2339.0;2360.0;2207.3;203.0
48;4;7;1877.0;2093.0;2288.0;2307.5;2336.0;2186.0;189.0
48;5;7;1802.0;2045.0;2249.0;2293.5;2351.0;2154.1;208.3
48;6;7;1828.0;2089.5;2317.0;2347.5;2355.0;2196.3;222.2
48;7;7;1827.0;2070.5;2287.0;2335.5;2363.0;2184.1;209.9
48;8;7;1804.0;2034.0;2236.0;2238.0;2248.0;2118.9;181.9
48;9;7;1843.0;2080.0;2260.0;2278.5;2292.0;2158.9;178.3
48;10;7;1573.0;2040.5;2269.0;2327.5;2424.0;2143.1;292.9
48;11;7;1706.0;2005.5;2261.0;2265.0;2285.0;2113.3;242.3
48;12;7;1713.0;1972.5;2229.0;2252.5;2273.0;2095.0;236.6
48;13;7;1689.0;1960.0;2130.0;2161.5;2235.0;2042.4;191.4
48;14;7;1646.0;1766.5;2189.0;2205.0;2286.0;2009.1;249.8
48;15;7;1593.0;1868.0;2239.0;2250.0;2252.0;2045.7;258.0
48;16;7;1693.0;1796.5;2128.0;2157.5;2189.0;1988.3;202.4
48;17;7;1591.0;1764.5;2143.0;2192.5;2202.0;1978.6;242.2
48;18;7;1673.0;1769.5;2194.0;2242.0;2272.0;2023.1;253.5
48;19;7;1717.0;1850.0;2149.0;2179.5;2243.0;2024.0;195.6
48;20;7;1648.0;1709.0;2140.0;2172.5;2180.0;1961.6;237.5
48;21;7;1584.0;1730.5;2058.0;2103.5;2128.0;1919.7;214.1
48;22;7;1595.0;1812.0;2110.0;2182.5;2209.0;1986.1;225.5
48;23;7;1647.0;1706.0;2207.0;2263.5;2288.0;2011.6;283.9
48;24;7;1667.0;1729.0;2138.0;2194.5;2220.0;1981.7;238.6
48;25;7;1565.0;1614.5;2039.0;2091.5;2113.0;1875.6;242.6
48;26;7;1495.0;1638.0;2057.0;2121.5;2177.0;1892.6;268.0
48;27;7;1493.0;1593.0;2046.0;2094.5;2143.0;1865.3;269.4
48;28;7;1395.0;1593.0;2003.0;2033.0;2050.0;1814.3;256.6
48;29;7;1417.0;1498.0;1981.0;2027.5;2048.0;1785.3;275.8
48;30;7;1239.0;1561.0;2006.0;2034.0;2058.0;1784.7;312.3
48;31;7;1375.0;1474.5;1747.0;2028.5;2062.0;1741.4;279.5
48;32;7;1356.0;1401.0;1451.0;2001.5;2052.0;1666.3;306.6
48;33;7;1356.0;1401.0;1431.0;1996.0;2065.0;1663.7;309.2
48;34;7;1187.0;1443.5;1617.0;2047.0;2090.0;1696.4;337.2
48;35;7;1285.0;1558.0;1984.0;2024.5;2051.0;1783.6;289.7
48;36;7;1484.0;1567.5;1932.0;1958.5;2033.0;1785.9;218.1
48;37;7;1341.0;1435.0;2018.0;2066.0;2126.0;1783.9;334.9
48;38;7;1360.0;1446.5;2080.0;2092.5;2104.0;1803.1;335.9
48;39;7;1271.0;1354.0;1611.0;2019.0;2040.0;1666.9;326.2
48;40;7;1343.0;1436.5;1565.0;2064.5;2068.0;1711.1;314.0
48;41;7;1289.0;1352.5;1428.0;1988.5;2030.0;1632.7;322.9
48;42;7;1309.0;1364.5;1541.0;2048.0;2061.0;1676.6;333.4
48;43;7;1317.0;1344.0;1384.0;1910.5;1940.0;1592.9;284.9
48;44;7;1266.0;1385.5;1467.0;1888.0;1890.0;1595.7;259.5
48;45;7;1195.0;1262.5;1320.0;1843.5;1931.0;1522.6;307.7
48;46;7;1218.0;1247.0;1307.0;1851.0;1881.0;1514.6;301.3
48;47;7;1190.0;1304.0;1388.0;1852.5;1860.0;1535.9;283.0
48;48;7;1221.0;1265.5;1424.0;1866.5;1874.0;1540.4;290.9
48;49;7;1189.0;1201.5;1275.0;1805.5;1816.0;1470.6;294.3
48;50;7;1735.0;1801.5;1860.0;2239.5;2241.0;1988.3;221.3
48;51;7;1686.0;1719.5;1758.0;2197.5;2266.0;1934.9;249.5
48;52;7;1685.0;1728.5;1826.0;2245.5;2262.0;1960.1;255.7
48;53;7;1667.0;1722.0;1752.0;2215.0;2273.0;1938.0;258.6
48;54;7;1644.0;1709.5;1814.0;2204.5;2211.0;1928.1;245.9
48;55;7;1634.0;1707.5;1889.0;2201.0;2257.0;1942.4;251.0
48;56;7;1651.0;1712.5;1754.0;2199.5;2260.0;1927.0;257.0
48;57;7;1640.0;1655.0;1699.0;2159.0;2174.0;1877.3;248.9
48;58;7;1720.0;1784.0;1824.0;2223.0;2257.0;1973.6;228.3
48;59;7;1625.0;1747.5;1778.0;2027.5;2194.0;1878.1;207.1
48;60;7;1562.0;1654.5;1851.0;2037.0;2156.0;1850.3;223.4
48;61;7;1579.0;1592.5;1604.0;1912.0;2138.0;1761.4;238.8
48;62;7;1528.0;1679.5;1714.0;1970.0;2161.0;1814.6;225.9
48;63;7;1507.0;1531.0;1668.0;1948.5;2219.0;1764.7;288.3
48;64;7;1348.0;1541.5;1598.0;1914.0;2150.0;1715.3;288.6
48;65;7;1536.0;1545.0;1712.0;1939.0;2229.0;1777.9;275.1
48;66;7;1399.0;1506.5;1574.0;1878.5;2127.0;1695.7;279.2
48;67;7;1546.0;1624.5;1644.0;1931.0;2184.0;1783.6;255.3
48;68;7;1527.0;1625.0;1672.0;1922.5;2177.0;1781.6;250.6
48;69;7;1403.0;1469.0;1614.0;1968.5;2131.0;1717.6;287.5
48;70;7;1319.0;1418.5;1587.0;1853.5;2130.0;1654.3;309.0
48;71;7;1269.0;1385.5;1425.0;1776.0;2113.0;1590.0;317.4
48;72;7;1336.0;1404.0;1533.0;1815.0;2172.0;1639.9;311.8
48;73;7;1291.0;1342.5;1411.0;1709.5;2012.0;1545.4;294.7
48;74;7;1229.0;1297.5;1330.0;1643.5;1942.0;1483.3;287.9
48;75;7;1316.0;1347.0;1375.0;1667.5;1944.0;1523.4;265.8
48;76;7;1216.0;1262.0;1325.0;1652.0;1916.0;1469.3;286.5
48;77;7;1288.0;1370.5;1448.0;1718.5;1972.0;1555.1;269.1
48;78;7;1245.0;1347.5;1376.0;1737.0;1914.0;1529.1;258.4
48;79;7;1280.0;1324.5;1380.0;1645.0;1929.0;1504.0;264.7
48;80;7;1283.0;1358.5;1421.0;1675.0;1912.0;1526.1;248.1
48;81;7;1273.0;1321.0;1386.0;1677.5;1942.0;1514.0;272.0
48;82;7;1265.0;1325.0;1333.0;1634.0;1899.0;1487.9;259.0
48;83;7;1271.0;1299.0;1323.0;1664.5;1957.0;1496.9;290.1
48;84;7;1272.0;1351.0;1421.0;1764.5;1953.0;1553.9;266.7
48;85;7;1213.0;1354.0;1394.0;1692.0;1953.0;1521.7;279.8
48;86;7;1261.0;1310.0;1321.0;1644.5;1919.0;1487.1;273.9
48;87;7;1244.0;1286.5;1307.0;1350.5;1910.0;1390.7;215.0
48;88;7;1233.0;1302.5;1356.0;1368.0;1867.0;1399.6;196.4
48;89;7;1247.0;1253.0;1297.0;1397.5;1899.0;1392.0;215.9
48;90;7;1292.0;1313.0;1359.0;1399.0;1906.0;1425.9;200.3
48;91;7;1272.0;1321.5;1339.0;1369.5;1913.0;1415.1;205.6
48;92;7;1239.0;1281.5;1332.0;1345.0;1910.0;1390.6;215.6
48;93;7;1250.0;1303.0;1320.0;1414.0;1911.0;1416.4;209.5
48;94;7;1172.0;1199.5;1335.0;1360.5;1916.0;1363.3;238.3
48;95;7;1659.0;1669.0;1716.0;1790.5;2325.0;1802.7;219.9
48;96;7;1511.0;1588.0;1651.0;1714.0;2264.0;1718.6;234.4
48;97;7;1591.0;1681.5;1710.0;1761.0;2382.0;1795.4;245.4
48;98;7;1481.0;1615.0;1638.0;1643.5;2199.0;1690.7;214.2
48;99;7;1504.0;1627.0;1647.0;1727.5;2292.0;1736.0;239.3
49;0;7;1791.0;2002.5;2294.0;2335.0;2400.0;2165.7;240.1
49;1;7;1831.0;2033.0;2218.0;2264.0;2419.0;2151.7;206.8
49;2;7;1817.0;2059.0;2304.0;2328.0;2431.0;2189.4;233.9
49;3;7;1778.0;2086.5;2281.0;2301.0;2315.0;2164.1;206.2
49;4;7;1694.0;1996.5;2223.0;2295.0;2307.0;2115.3;240.5
49;5;7;1845.0;2004.5;2156.0;2215.5;2235.0;2096.6;157.5
49;6;7;1781.0;2027.5;2280.0;2301.0;2371.0;2155.6;237.5
49;7;7;1742.0;2094.0;2256.0;2275.5;2295.0;2147.4;196.3
49;8;7;1757.0;2048.5;2349.0;2355.5;2377.0;2184.4;251.4
49;9;7;1813.0;2062.5;2272.0;2317.0;2321.0;2166.4;202.8
49;10;7;1761.0;2008.0;2238.0;2276.5;2302.0;2124.3;224.5
49;11;7;1695.0;2140.5;2308.0;2349.0;2407.0;2198.4;242.1
49;12;7;1727.0;1977.5;2240.0;2268.0;2278.0;2105.1;239.4
49;13;7;1626.0;1947.5;2205.0;2216.0;2271.0;2061.3;242.2
49;14;7;1737.0;1783.5;2174.0;2199.5;2228.0;2015.0;215.3
49;15;7;1623.0;1745.5;2265.0;2306.0;2315.0;2043.7;298.1
49;16;7;1748.0;1816.5;2301.0;2321.5;2328.0;2093.3;263.0
49;17;7;1628.0;1661.5;2147.0;2164.0;2193.0;1945.6;256.4
49;18;7;1691.0;1734.0;2066.0;2086.0;2130.0;1932.4;185.9
49;19;7;1619.0;1700.5;2147.0;2174.0;2196.0;1958.7;248.9
49;20;7;1644.0;1740.5;2137.0;2165.5;2191.0;1969.1;228.8
49;21;7;1586.0;1799.0;2179.0;2261.0;2307.0;2027.4;272.8
49;22;7;1549.0;1607.5;2081.0;2142.5;2156.0;1898.0;271.3
49;23;7;1604.0;1826.0;2161.0;2173.5;2224.0;1998.3;224.8
49;24;7;1702.0;1748.5;2161.0;2209.0;2245.0;2003.3;236.3
49;25;7;1625.0;1704.5;2161.0;2164.5;2240.0;1966.3;252.4
49;26;7;1534.0;1658.5;2109.0;2148.5;2158.0;1916.4;264.0
49;27;7;1491.0;1643.0;2024.0;2115.0;2172.0;1886.1;263.7
49;28;7;1337.0;1567.0;2048.0;2084.0;2117.0;1829.1;302.7
49;29;7;1371.0;1461.0;1981.0;2022.5;2093.0;1773.1;299.7
49;30;7;1365.0;1542.0;1969.0;2049.0;2103.0;1802.7;290.1
49;31;7;1316.0;1431.0;1620.0;2051.5;2070.0;1710.1;314.7
49;32;7;1366.0;1402.5;1688.0;1974.0;2013.0;1688.6;277.3
49;33;7;1294.0;1431.5;1458.0;1893.5;1924.0;1618.0;252.6
49;34;7;1178.0;1427.5;1589.0;1963.5;1978.0;1646.7;306.2
49;35;7;1351.0;1454.5;1890.0;1943.5;1979.0;1716.6;260.7
49;36;7;1208.0;1282.0;1784.0;1843.5;1856.0;1585.6;287.8
49;37;7;1247.0;1354.0;1821.0;1833.5;1863.0;1615.1;259.6
49;38;7;1203.0;1267.5;1784.0;1787.5;1797.0;1556.3;269.7
49;39;7;1226.0;1272.0;1337.0;1810.5;1812.0;1505.7;266.4
49;40;7;1264.0;1339.5;1392.0;1759.0;1781.0;1519.1;218.1
49;41;7;1240.0;1311.5;1345.0;1823.5;1898.0;1536.1;273.3
49;42;7;1225.0;1260.0;1374.0;1886.5;1903.0;1542.1;306.4
49;43;7;1255.0;1329.0;1396.0;2017.5;2044.0;1626.9;348.2
49;44;7;1204.0;1319.5;1328.0;1874.0;1887.0;1543.7;292.5
49;45;7;1188.0;1247.5;1396.0;1961.0;1974.0;1567.9;350.1
49;46;7;1192.0;1223.0;1256.0;1807.0;1814.0;1474.6;290.6
49;47;7;1189.0;1237.0;1330.0;1916.0;1948.0;1539.0;338.3
49;48;7;1230.0;1397.5;1564.0;1964.0;1992.0;1644.1;299.9
49;49;7;1231.0;1363.5;1448.0;1831.5;1864.0;1561.9;251.2
49;50;7;1202.0;1227.0;1473.0;1740.5;1770.0;1482.9;246.5
49;51;7;1190.0;1201.5;1228.0;1825.0;1880.0;1478.7;316.6
49;52;7;1182.0;1199.0;1227.0;1532.5;1617.0;1355.6;180.5
49;53;7;1172.0;1220.0;1270.0;1592.0;1626.0;1384.6;193.2
49;54;7;1186.0;1203.5;1227.0;1560.5;1580.0;1360.1;179.9
49;55;7;1175.0;1182.0;1209.0;1570.5;1745.0;1376.3;228.6
49;56;7;1172.0;1214.0;1252.0;1541.5;1580.0;1359.3;171.6
49;57;7;1171.0;1192.0;1266.0;1700.0;1711.0;1418.9;248.2
49;58;7;1171.0;1188.5;1197.0;1351.0;1396.0;1263.3;92.4
49;59;7;1178.0;1189.5;1218.0;1500.5;1628.0;1343.4;181.0
49;60;7;1169.0;1178.0;1209.0;1638.5;1738.0;1392.7;244.1
49;61;7;1180.0;1184.5;1202.0;1625.0;1660.0;1380.1;223.3
49;62;7;1180.0;1186.0;1197.0;1283.5;1391.0;1243.9;73.5
49;63;7;1169.0;1177.5;1186.0;1436.0;1570.0;1307.4;160.0
49;64;7;1177.0;1181.5;1184.0;1238.5;1301.0;1214.6;50.0
49;65;7;1189.0;1192.5;1196.0;1396.5;1556.0;1302.7;157.9
49;66;7;1175.0;1176.5;1183.0;1228.5;1498.0;1238.0;110.9
49;67;7;1173.0;1190.5;1207.0;1251.5;1539.0;1257.6;119.8
49;68;7;1176.0;1182.5;1188.0;1236.0;1254.0;1207.9;31.8
49;69;7;1172.0;1181.5;1187.0;1378.0;1538.0;1288.0;158.7
49;70;7;1170.0;1173.0;1178.0;1217.5;1262.0;1198.7;37.2
49;71;7;1174.0;1177.0;1180.0;1219.0;1256.0;1200.3;35.0
49;72;7;1175.0;1177.0;1180.0;1208.5;1237.0;1194.7;26.8
49;73;7;1179.0;1179.5;1180.0;1207.0;1234.0;1195.1;24.6
49;74;7;1176.0;1179.0;1180.0;1208.0;1236.0;1195.1;25.9
49;75;7;1174.0;1174.0;1179.0;1326.0;1466.0;1259.9;128.3
49;76;7;1179.0;1198.5;1231.0;1351.0;1464.0;1281.9;116.9
49;77;7;1170.0;1180.0;1180.0;1231.0;1277.0;1207.0;44.5
49;78;7;1176.0;1176.0;1180.0;1227.0;1274.0;1205.1;43.3
49;79;7;1191.0;1196.0;1199.0;1334.0;1468.0;1274.0;122.7
49;80;7;1177.0;1179.0;1199.0;1332.0;1458.0;1265.1;122.1
49;81;7;1176.0;1178.0;1195.0;1388.5;1633.0;1305.3;181.4
49;82;7;1177.0;1178.0;1189.0;1366.5;1515.0;1281.4;148.3
49;83;7;1177.0;1182.0;1182.0;1215.0;1563.0;1245.1;131.0
49;84;7;1170.0;1177.0;1177.0;1185.5;1316.0;1198.3;48.4
49;85;7;1177.0;1178.0;1178.0;1178.0;1248.0;1187.9;24.6
49;86;7;1181.0;1181.0;1182.0;1214.0;1563.0;1245.1;131.4
49;87;7;1171.0;1175.5;1181.0;1182.0;1314.0;1197.3;47.8
49;88;7;1178.0;1178.0;1179.0;1211.5;1267.0;1200.4;35.1
49;89;7;1178.0;1203.0;1205.0;1240.0;1691.0;1280.0;169.0
49;90;7;1178.0;1200.0;1200.0;1206.0;1546.0;1248.0;122.0
49;91;7;1179.0;1182.5;1200.0;1200.0;1524.0;1238.3;117.0
49;92;7;1196.0;1199.5;1218.0;1227.5;1546.0;1259.1;117.8
49;93;7;1170.0;1183.0;1206.0;1220.5;1550.0;1247.6;124.8
49;94;7;1179.0;1189.0;1218.0;1218.0;1531.0;1248.9;116.2
49;95;7;1188.0;1203.0;1219.0;1219.0;1530.0;1254.4;113.3
49;96;7;1175.0;1184.5;1188.0;1214.5;1530.0;1241.6;118.6
49;97;7;1181.0;1188.5;1190.0;1253.0;1550.0;1257.7;126.9
49;98;7;1178.0;1183.0;1186.0;1216.5;1536.0;1242.7;120.9
49;99;7;1168.0;1177.5;1181.0;1217.0;1557.0;1242.1;129.8
50;0;7;1864.0;2146.5;2422.0;2470.0;2479.0;2285.4;250.3
50;1;7;1859.0;2092.5;2307.0;2373.5;2448.0;2220.9;220.3
50;2;7;1740.0;2007.5;2237.0;2373.5;2395.0;2162.0;247.1
50;3;7;1828.0;2034.5;2277.0;2311.5;2331.0;2161.1;199.7
50;4;7;1755.0;2106.0;2304.0;2346.0;2379.0;2191.7;228.8
50;5;7;1739.0;2109.5;2296.0;2316.0;2334.0;2174.3;222.5
50;6;7;1870.0;2080.0;2284.0;2346.0;2367.0;2196.1;203.2
50;7;7;1685.0;2052.0;2279.0;2334.0;2387.0;2160.4;258.5
50;8;7;1781.0;2025.0;2262.0;2291.5;2336.0;2144.6;215.3
50;9;7;1605.0;1976.5;2251.0;2362.5;2396.0;2132.9;293.2
50;10;7;1696.0;2040.5;2220.0;2272.0;2467.0;2144.0;244.4
50;11;7;1693.0;2003.0;2193.0;2228.0;2249.0;2085.3;213.1
50;12;7;1749.0;2038.0;2207.0;2221.0;2253.0;2103.9;189.5
50;13;7;1682.0;2023.5;2258.0;2292.5;2314.0;2126.6;237.3
50;14;7;1901.0;1906.5;2208.0;2226.0;2241.0;2087.9;158.9
50;15;7;1618.0;1808.5;2250.0;2324.5;2411.0;2077.9;300.4
50;16;7;1684.0;1922.5;2258.0;2280.5;2312.0;2094.3;230.4
50;17;7;1712.0;1764.0;2198.0;2274.5;2326.0;2044.7;260.9
50;18;7;1733.0;1837.5;2210.0;2286.5;2340.0;2075.9;242.3
50;19;7;1697.0;1770.5;2270.0;2280.0;2318.0;2055.1;269.3
50;20;7;1642.0;1776.0;2137.0;2193.0;2239.0;1993.7;235.7
50;21;7;1612.0;1763.0;2141.0;2166.5;2184.0;1970.9;230.6
50;22;7;1597.0;1752.5;2092.0;2150.0;2165.0;1951.3;223.3
50;23;7;1608.0;1697.5;2147.0;2171.0;2189.0;1954.4;252.2
50;24;7;1516.0;1771.0;2166.0;2191.5;2227.0;1976.3;264.0
50;25;7;1561.0;1693.5;2050.0;2111.0;2149.0;1909.9;230.9
50;26;7;1657.0;1665.0;2130.0;2195.5;2222.0;1961.4;260.6
50;27;7;1478.0;1605.5;2045.0;2125.0;2131.0;1873.6;274.0
50;28;7;1459.0;1664.0;2084.0;2097.0;2143.0;1886.9;263.9
50;29;7;1510.0;1576.0;2082.0;2096.0;2108.0;1863.4;269.2
50;30;7;1371.0;1504.5;1965.0;1976.0;1995.0;1756.0;260.0
50;31;7;1528.0;1602.5;1737.0;1994.0;2021.0;1782.7;200.7
50;32;7;1406.0;1453.5;1587.0;1994.5;2037.0;1703.7;269.6
50;33;7;1391.0;1466.5;1653.0;2038.0;2046.0;1728.4;281.9
50;34;7;1270.0;1485.0;1747.0;2018.0;2047.0;1724.3;293.2
50;35;7;1392.0;1495.0;1867.0;1930.5;1950.0;1722.9;230.6
50;36;7;1598.0;1660.5;2009.0;2034.0;2042.0;1862.6;196.5
50;37;7;1342.0;1503.0;1947.0;1955.5;1959.0;1737.9;255.4
50;38;7;1612.0;1626.0;1946.0;1982.5;2012.0;1826.7;178.8
50;39;7;1278.0;1450.5;1661.0;2003.0;2029.0;1696.4;291.8
50;40;7;1354.0;1430.0;1556.0;1943.5;1954.0;1658.7;257.2
50;41;7;1214.0;1428.5;1624.0;2005.0;2030.0;1676.4;312.7
50;42;7;1234.0;1458.0;1535.0;1911.0;1916.0;1631.9;257.7
50;43;7;1222.0;1317.0;1456.0;1882.5;1927.0;1572.0;292.2
50;44;7;1211.0;1347.0;1462.0;1908.0;1931.0;1587.7;297.0
50;45;7;1227.0;1270.5;1597.0;1802.0;1815.0;1540.6;256.4
50;46;7;1219.0;1299.0;1500.0;1890.5;1959.0;1579.6;302.4
50;47;7;1212.0;1229.0;1283.0;1779.0;1807.0;1474.0;273.4
50;48;7;1195.0;1337.5;1477.0;1873.5;1886.0;1568.6;285.4
50;49;7;1207.0;1225.5;1259.0;1804.0;1819.0;1477.7;287.3
50;50;7;1526.0;1674.5;1791.0;2264.0;2313.0;1929.6;316.7
50;51;7;1659.0;1696.5;1865.0;2303.5;2318.0;1977.4;293.0
50;52;7;1722.0;1795.5;1875.0;2267.5;2272.0;1999.3;238.9
50;53;7;1619.0;1655.5;1703.0;2127.0;2142.0;1861.3;235.6
50;54;7;1584.0;1793.0;1833.0;2182.5;2221.0;1941.3;233.0
50;55;7;1361.0;1629.0;1794.0;2146.5;2173.0;1839.9;297.5
50;56;7;1666.0;1705.0;1746.0;2195.5;2200.0;1916.1;244.2
50;57;7;1734.0;1807.5;1846.0;2192.5;2233.0;1973.3;204.8
50;58;7;1610.0;1648.5;1804.0;2176.5;2179.0;1891.9;253.6
50;59;7;1523.0;1571.5;1723.0;1893.5;2096.0;1753.1;219.0
50;60;7;1434.0;1541.5;1771.0;2002.5;2227.0;1788.6;299.2
50;61;7;1421.0;1551.5;1693.0;1980.0;2210.0;1769.6;295.7
50;62;7;1415.0;1421.0;1477.0;1798.5;2038.0;1624.1;249.8
50;63;7;1355.0;1437.5;1622.0;1851.0;2046.0;1657.1;260.9
50;64;7;1188.0;1315.0;1401.0;1700.0;1976.0;1513.6;297.9
50;65;7;1256.0;1314.0;1380.0;1736.0;1931.0;1523.9;267.9
50;66;7;1225.0;1293.0;1313.0;1671.5;1955.0;1488.9;296.3
50;67;7;1215.0;1311.5;1382.0;1700.5;1918.0;1505.6;269.7
50;68;7;1203.0;1260.0;1368.0;1642.0;1822.0;1456.7;239.8
50;69;7;1294.0;1341.0;1403.0;1668.0;1911.0;1518.0;248.4
50;70;7;1266.0;1315.5;1331.0;1630.5;1823.0;1473.1;226.2
50;71;7;1194.0;1319.5;1349.0;1633.5;1914.0;1480.4;278.1
50;72;7;1213.0;1282.5;1429.0;1730.5;1934.0;1514.6;279.7
50;73;7;1224.0;1284.5;1373.0;1636.5;1857.0;1470.9;245.4
50;74;7;1206.0;1235.0;1364.0;1781.5;2035.0;1519.7;329.5
50;75;7;1287.0;1421.0;1452.0;1734.0;1924.0;1567.6;231.5
50;76;7;1252.0;1280.5;1405.0;1708.5;1976.0;1515.9;295.3
50;77;7;1199.0;1283.5;1364.0;1636.0;1939.0;1477.3;284.4
50;78;7;1222.0;1245.0;1343.0;1606.5;1851.0;1445.6;260.7
50;79;7;1193.0;1255.5;1288.0;1629.5;1839.0;1441.4;255.0
50;80;7;1193.0;1222.5;1258.0;1618.5;1833.0;1423.7;264.7
50;81;7;1197.0;1292.5;1305.0;1564.0;1818.0;1433.3;229.2
50;82;7;1208.0;1270.5;1302.0;1615.0;1899.0;1454.3;273.6
50;83;7;1232.0;1245.0;1426.0;1685.0;1861.0;1482.7;256.5
50;84;7;1199.0;1272.5;1307.0;1527.5;1800.0;1415.1;219.9
50;85;7;1179.0;1218.0;1268.0;1575.0;1871.0;1414.9;285.0
50;86;7;1182.0;1185.5;1219.0;1663.0;1951.0;1435.6;324.6
50;87;7;1189.0;1213.0;1274.0;1612.5;1924.0;1434.0;304.8
50;88;7;1183.0;1216.5;1218.0;1340.5;1944.0;1351.3;249.3
50;89;7;1179.0;1179.0;1198.0;1204.0;1779.0;1274.6;206.2
50;90;7;1179.0;1184.5;1202.0;1252.5;1799.0;1293.4;209.4
50;91;7;1179.0;1188.5;1322.0;1439.5;1946.0;1386.1;252.0
50;92;7;1183.0;1230.0;1251.0;1266.5;1792.0;1317.0;196.0
50;93;7;1209.0;1273.0;1288.0;1312.0;1823.0;1355.7;193.6
50;94;7;1202.0;1219.5;1233.0;1302.5;1797.0;1325.1;198.4
50;95;7;1177.0;1186.5;1213.0;1230.5;1752.0;1282.3;192.9
50;96;7;1187.0;1201.0;1252.0;1438.5;1907.0;1375.0;254.2
50;97;7;1249.0;1270.5;1321.0;1375.5;2227.0;1441.3;324.5
50;98;7;1187.0;1210.0;1232.0;1415.0;1927.0;1370.9;244.7
50;99;7;1219.0;1281.0;1462.0;1505.0;1842.0;1442.1;197.2
